xq2_bin,z_bin,pt2_bin,rec_A,phi_bin_count_x_A,recerr_A,gen_A,phi_bin_count_y_A,generr_A,eff_A,efferr_A,rec_B,phi_bin_count_x_B,recerr_B,gen_B,phi_bin_count_y_B,generr_B,eff_B,efferr_B,acceptance_scale,eff_A_divAcc,efferr_A_divAcc,eff_ratio_AdivAcc_over_B,eff_ratio_A_over_B,eff_ratio_err_noacc,eff_ratio_err,z_plot,pt2_plot
0,1,1,0.0,8,0.0,0.0,8,0.0,,,0.0,8,0.0,0.0,8,0.0,,,,,,,,,,1,1
0,1,2,0.0,8,0.0,0.0,8,0.0,,,0.0,8,0.0,0.0,8,0.0,,,,,,,,,,1,2
0,1,3,0.0,8,0.0,0.0,8,0.0,,,0.0,8,0.0,0.0,8,0.0,,,,,,,,,,1,3
0,1,4,0.0,8,0.0,0.0,8,0.0,,,0.0,8,0.0,0.0,8,0.0,,,,,,,,,,1,4
0,1,5,0.0,8,0.0,0.0,8,0.0,,,0.0,8,0.0,0.0,8,0.0,,,,,,,,,,1,5
0,1,6,0.0,8,0.0,0.0,8,0.0,,,0.0,8,0.0,0.0,8,0.0,,,,,,,,,,1,6
0,1,7,0.0,8,0.0,0.0,8,0.0,,,0.0,8,0.0,0.0,8,0.0,,,,,,,,,,1,7
0,1,8,0.0,8,0.0,0.0,8,0.0,,,0.0,8,0.0,0.0,8,0.0,,,,,,,,,,1,8
0,1,9,0.0,8,0.0,0.0,8,0.0,,,0.0,8,0.0,0.0,8,0.0,,,,,,,,,,1,9
0,1,10,0.0,8,0.0,0.0,8,0.0,,,0.0,8,0.0,0.0,8,0.0,,,,,,,,,,1,10
0,1,11,0.0,8,0.0,0.0,8,0.0,,,0.0,8,0.0,0.0,8,0.0,,,,,,,,,,1,11
0,2,1,0.0,8,0.0,0.0,8,0.0,,,0.0,8,0.0,0.0,8,0.0,,,,,,,,,,2,1
0,2,2,0.0,8,0.0,0.0,8,0.0,,,0.0,8,0.0,0.0,8,0.0,,,,,,,,,,2,2
0,2,3,0.0,8,0.0,0.0,8,0.0,,,0.0,8,0.0,0.0,8,0.0,,,,,,,,,,2,3
0,2,4,0.0,8,0.0,0.0,8,0.0,,,0.0,8,0.0,0.0,8,0.0,,,,,,,,,,2,4
0,2,5,0.0,8,0.0,0.0,8,0.0,,,0.0,8,0.0,0.0,8,0.0,,,,,,,,,,2,5
0,2,6,0.0,8,0.0,0.0,8,0.0,,,0.0,8,0.0,0.0,8,0.0,,,,,,,,,,2,6
0,2,7,0.0,8,0.0,0.0,8,0.0,,,0.0,8,0.0,0.0,8,0.0,,,,,,,,,,2,7
0,2,8,0.0,8,0.0,0.0,8,0.0,,,0.0,8,0.0,0.0,8,0.0,,,,,,,,,,2,8
0,2,9,0.0,8,0.0,0.0,8,0.0,,,0.0,8,0.0,0.0,8,0.0,,,,,,,,,,2,9
0,2,10,0.0,8,0.0,0.0,8,0.0,,,0.0,8,0.0,0.0,8,0.0,,,,,,,,,,2,10
0,2,11,0.0,8,0.0,0.0,8,0.0,,,0.0,8,0.0,0.0,8,0.0,,,,,,,,,,2,11
0,3,1,0.0,8,0.0,0.0,8,0.0,,,0.0,8,0.0,0.0,8,0.0,,,,,,,,,,3,1
0,3,2,0.0,8,0.0,0.0,8,0.0,,,0.0,8,0.0,0.0,8,0.0,,,,,,,,,,3,2
0,3,3,0.0,8,0.0,0.0,8,0.0,,,0.0,8,0.0,0.0,8,0.0,,,,,,,,,,3,3
0,3,4,0.0,8,0.0,0.0,8,0.0,,,0.0,8,0.0,0.0,8,0.0,,,,,,,,,,3,4
0,3,5,0.0,8,0.0,0.0,8,0.0,,,0.0,8,0.0,0.0,8,0.0,,,,,,,,,,3,5
0,3,6,0.0,8,0.0,0.0,8,0.0,,,0.0,8,0.0,0.0,8,0.0,,,,,,,,,,3,6
0,3,7,0.0,8,0.0,0.0,8,0.0,,,0.0,8,0.0,0.0,8,0.0,,,,,,,,,,3,7
0,3,8,0.0,8,0.0,0.0,8,0.0,,,0.0,8,0.0,0.0,8,0.0,,,,,,,,,,3,8
0,3,9,0.0,8,0.0,0.0,8,0.0,,,0.0,8,0.0,0.0,8,0.0,,,,,,,,,,3,9
0,3,10,0.0,8,0.0,0.0,8,0.0,,,0.0,8,0.0,0.0,8,0.0,,,,,,,,,,3,10
0,3,11,0.0,8,0.0,0.0,8,0.0,,,0.0,8,0.0,0.0,8,0.0,,,,,,,,,,3,11
0,4,1,0.0,8,0.0,0.0,8,0.0,,,0.0,8,0.0,0.0,8,0.0,,,,,,,,,,4,1
0,4,2,0.0,8,0.0,0.0,8,0.0,,,0.0,8,0.0,0.0,8,0.0,,,,,,,,,,4,2
0,4,3,0.0,8,0.0,0.0,8,0.0,,,0.0,8,0.0,0.0,8,0.0,,,,,,,,,,4,3
0,4,4,0.0,8,0.0,0.0,8,0.0,,,0.0,8,0.0,0.0,8,0.0,,,,,,,,,,4,4
0,4,5,0.0,8,0.0,0.0,8,0.0,,,0.0,8,0.0,0.0,8,0.0,,,,,,,,,,4,5
0,4,6,0.0,8,0.0,0.0,8,0.0,,,0.0,8,0.0,0.0,8,0.0,,,,,,,,,,4,6
0,4,7,0.0,8,0.0,0.0,8,0.0,,,0.0,8,0.0,0.0,8,0.0,,,,,,,,,,4,7
0,4,8,0.0,8,0.0,0.0,8,0.0,,,0.0,8,0.0,0.0,8,0.0,,,,,,,,,,4,8
0,4,9,0.0,8,0.0,0.0,8,0.0,,,0.0,8,0.0,0.0,8,0.0,,,,,,,,,,4,9
0,4,10,0.0,8,0.0,0.0,8,0.0,,,0.0,8,0.0,0.0,8,0.0,,,,,,,,,,4,10
0,4,11,0.0,8,0.0,0.0,8,0.0,,,0.0,8,0.0,0.0,8,0.0,,,,,,,,,,4,11
0,5,1,0.0,8,0.0,0.0,8,0.0,,,0.0,8,0.0,0.0,8,0.0,,,,,,,,,,5,1
0,5,2,0.0,8,0.0,0.0,8,0.0,,,0.0,8,0.0,0.0,8,0.0,,,,,,,,,,5,2
0,5,3,0.0,8,0.0,0.0,8,0.0,,,0.0,8,0.0,0.0,8,0.0,,,,,,,,,,5,3
0,5,4,0.0,8,0.0,0.0,8,0.0,,,0.0,8,0.0,0.0,8,0.0,,,,,,,,,,5,4
0,5,5,0.0,8,0.0,0.0,8,0.0,,,0.0,8,0.0,0.0,8,0.0,,,,,,,,,,5,5
0,5,6,0.0,8,0.0,0.0,8,0.0,,,0.0,8,0.0,0.0,8,0.0,,,,,,,,,,5,6
0,5,7,0.0,8,0.0,0.0,8,0.0,,,0.0,8,0.0,0.0,8,0.0,,,,,,,,,,5,7
0,5,8,0.0,8,0.0,0.0,8,0.0,,,0.0,8,0.0,0.0,8,0.0,,,,,,,,,,5,8
0,5,9,0.0,8,0.0,0.0,8,0.0,,,0.0,8,0.0,0.0,8,0.0,,,,,,,,,,5,9
0,5,10,0.0,8,0.0,0.0,8,0.0,,,0.0,8,0.0,0.0,8,0.0,,,,,,,,,,5,10
0,5,11,0.0,8,0.0,0.0,8,0.0,,,0.0,8,0.0,0.0,8,0.0,,,,,,,,,,5,11
0,6,1,0.0,8,0.0,0.0,8,0.0,,,0.0,8,0.0,0.0,8,0.0,,,,,,,,,,6,1
0,6,2,0.0,8,0.0,0.0,8,0.0,,,0.0,8,0.0,0.0,8,0.0,,,,,,,,,,6,2
0,6,3,0.0,8,0.0,0.0,8,0.0,,,0.0,8,0.0,0.0,8,0.0,,,,,,,,,,6,3
0,6,4,0.0,8,0.0,0.0,8,0.0,,,0.0,8,0.0,0.0,8,0.0,,,,,,,,,,6,4
0,6,5,0.0,8,0.0,0.0,8,0.0,,,0.0,8,0.0,0.0,8,0.0,,,,,,,,,,6,5
0,6,6,0.0,8,0.0,0.0,8,0.0,,,0.0,8,0.0,0.0,8,0.0,,,,,,,,,,6,6
0,6,7,0.0,8,0.0,0.0,8,0.0,,,0.0,8,0.0,0.0,8,0.0,,,,,,,,,,6,7
0,6,8,0.0,8,0.0,0.0,8,0.0,,,0.0,8,0.0,0.0,8,0.0,,,,,,,,,,6,8
0,6,9,0.0,8,0.0,0.0,8,0.0,,,0.0,8,0.0,0.0,8,0.0,,,,,,,,,,6,9
0,6,10,0.0,8,0.0,0.0,8,0.0,,,0.0,8,0.0,0.0,8,0.0,,,,,,,,,,6,10
0,6,11,0.0,8,0.0,0.0,8,0.0,,,0.0,8,0.0,0.0,8,0.0,,,,,,,,,,6,11
0,7,1,0.0,8,0.0,0.0,8,0.0,,,0.0,8,0.0,0.0,8,0.0,,,,,,,,,,7,1
0,7,2,0.0,8,0.0,0.0,8,0.0,,,0.0,8,0.0,0.0,8,0.0,,,,,,,,,,7,2
0,7,3,0.0,8,0.0,0.0,8,0.0,,,0.0,8,0.0,0.0,8,0.0,,,,,,,,,,7,3
0,7,4,0.0,8,0.0,0.0,8,0.0,,,0.0,8,0.0,0.0,8,0.0,,,,,,,,,,7,4
0,7,5,0.0,8,0.0,0.0,8,0.0,,,0.0,8,0.0,0.0,8,0.0,,,,,,,,,,7,5
0,7,6,0.0,8,0.0,0.0,8,0.0,,,0.0,8,0.0,0.0,8,0.0,,,,,,,,,,7,6
0,7,7,0.0,8,0.0,0.0,8,0.0,,,0.0,8,0.0,0.0,8,0.0,,,,,,,,,,7,7
0,7,8,0.0,8,0.0,0.0,8,0.0,,,0.0,8,0.0,0.0,8,0.0,,,,,,,,,,7,8
0,7,9,0.0,8,0.0,0.0,8,0.0,,,0.0,8,0.0,0.0,8,0.0,,,,,,,,,,7,9
0,7,10,0.0,8,0.0,0.0,8,0.0,,,0.0,8,0.0,0.0,8,0.0,,,,,,,,,,7,10
0,7,11,0.0,8,0.0,0.0,8,0.0,,,0.0,8,0.0,0.0,8,0.0,,,,,,,,,,7,11
0,8,1,0.0,8,0.0,0.0,8,0.0,,,0.0,8,0.0,0.0,8,0.0,,,,,,,,,,8,1
0,8,2,0.0,8,0.0,0.0,8,0.0,,,0.0,8,0.0,0.0,8,0.0,,,,,,,,,,8,2
0,8,3,0.0,8,0.0,0.0,8,0.0,,,0.0,8,0.0,0.0,8,0.0,,,,,,,,,,8,3
0,8,4,0.0,8,0.0,0.0,8,0.0,,,0.0,8,0.0,0.0,8,0.0,,,,,,,,,,8,4
0,8,5,0.0,8,0.0,0.0,8,0.0,,,0.0,8,0.0,0.0,8,0.0,,,,,,,,,,8,5
0,8,6,0.0,8,0.0,0.0,8,0.0,,,0.0,8,0.0,0.0,8,0.0,,,,,,,,,,8,6
0,8,7,0.0,8,0.0,0.0,8,0.0,,,0.0,8,0.0,0.0,8,0.0,,,,,,,,,,8,7
0,8,8,0.0,8,0.0,0.0,8,0.0,,,0.0,8,0.0,0.0,8,0.0,,,,,,,,,,8,8
0,8,9,0.0,8,0.0,0.0,8,0.0,,,0.0,8,0.0,0.0,8,0.0,,,,,,,,,,8,9
0,8,10,0.0,8,0.0,0.0,8,0.0,,,0.0,8,0.0,0.0,8,0.0,,,,,,,,,,8,10
0,8,11,0.0,8,0.0,0.0,8,0.0,,,0.0,8,0.0,0.0,8,0.0,,,,,,,,,,8,11
1,1,1,79611.16,8,826.1918404123827,126289700.0,8,862.3148892074403,0.000630385217480127,6.54203802241426e-06,79611.16,8,826.1918404123827,46553720.0,8,862.3148892074403,0.0017100923406335735,1.774709209970288e-05,0.5907838759088155,0.0010670318591725137,1.1073487766318101e-05,0.6239615451275503,0.3686264200485075,0.0054101436771688835,0.009157568271216512,1,1
1,1,2,88885.512,8,560.471476748175,54540530.0,8,535.9253443490147,0.0016297148560895907,1.027625065761945e-05,88885.512,8,560.471476748175,20161880.0,8,535.9253443490147,0.004408592452687944,2.779881919127035e-05,0.5907838759088155,0.0027585635332084265,1.7394263920644877e-05,0.6257243242174755,0.3696678415116245,0.0032964872455817,0.0055798531070446735,1,2
1,1,3,88154.54,8,430.80553326415156,28536440.0,8,403.8171755693658,0.0030891919244306577,1.509674435166203e-05,88154.54,8,430.80553326415156,10567330.0,8,403.8171755693658,0.008342177257642185,4.0768926873086976e-05,0.5907838759088155,0.005228971287813987,2.555375149404405e-05,0.6268113378942864,0.3703100316647767,0.0025593201339765555,0.004332075126524905,1,3
1,1,4,63674.340000000004,8,309.91556574855997,16339270.0,8,298.4199785855163,0.0038970125348317276,1.896766181702035e-05,63674.340000000004,8,309.91556574855997,6057685.0,8,298.4199785855163,0.010511332299384996,5.1163347015331656e-05,0.5907838759088155,0.006596342069825229,3.210592331729092e-05,0.6275457650797674,0.3707439194039881,0.002551999725222028,0.004319684116795218,1,4
1,1,5,56988.47,8,284.12677825729486,16047220.0,8,276.04609668986444,0.0035512986049920175,1.77057751719047e-05,56988.47,8,284.12677825729486,5961931.0,8,276.04609668986444,0.009558726862152547,4.7658892797150754e-05,0.5907838759088155,0.006011163726377905,2.9969970227551533e-05,0.6288665648747536,0.3715242266261695,0.002619617978884539,0.0044341392609179185,1,5
1,1,6,7777.473,8,95.85958714849548,6503135.0,8,119.30755998196426,0.0011959574881960776,1.4740535655940872e-05,7777.473,8,95.85958714849548,2424722.0,8,119.30755998196426,0.003207573074356565,3.953457386973085e-05,0.5907838759088155,0.0020243570228728916,2.495080901330489e-05,0.631117974850495,0.3728543233378978,0.006499099621356262,0.011000807378770381,1,6
1,1,7,0.0,8,0.0,2788611.0,8,48.01350800108236,0.0,,0.0,8,0.0,1043219.0,8,48.01350800108236,0.0,,0.5907838759088155,0.0,,,,,,1,7
1,1,8,0.0,8,0.0,1568320.0,8,0.0,0.0,,0.0,8,0.0,589666.0,8,0.0,0.0,,0.5907838759088155,0.0,,,,,,1,8
1,1,9,0.0,8,0.0,485007.0,8,16.62965249686535,0.0,,0.0,8,0.0,184165.0,8,16.62965249686535,0.0,,0.5907838759088155,0.0,,,,,,1,9
1,1,10,0.0,8,0.0,169505.0,8,5.45415,0.0,,0.0,8,0.0,66083.0,8,5.45415,0.0,,0.5907838759088155,0.0,,,,,,1,10
1,1,11,0.0,8,0.0,27781.0,8,3.60712,0.0,,0.0,8,0.0,11333.0,8,3.60712,0.0,,0.5907838759088155,0.0,,,,,,1,11
1,2,1,97075.31202,8,751.2995265801533,10260800.0,8,748.0672022441299,0.00946079370224544,7.322361417124274e-05,97075.31202,8,751.2995265801533,3748777.0,8,748.0672022441299,0.0258951951583143,0.00020047850763333112,0.5907838759088155,0.016013967354291274,0.00012394314935999443,0.618414623113956,0.36534938796195227,0.003999534997296002,0.006769878394435582,2,1
1,2,2,145206.179,8,613.8621466451649,7940947.0,8,604.1936074351995,0.01828575093121765,7.73159119860602e-05,145206.179,8,613.8621466451649,2904586.0,8,604.1936074351995,0.04999203982942836,0.00021159807539675846,0.5907838759088155,0.030951675692042692,0.00013087004425624087,0.6191320817804008,0.3657732509737189,0.0021883184828921654,0.0037040931076966657,2,2
1,2,3,158653.86000000002,8,533.9273083516614,6027227.0,8,524.3897696687646,0.026322861242823608,8.861549537316026e-05,158653.86000000002,8,533.9273083516614,2207485.0,8,524.3897696687646,0.07187086661970524,0.00024247313570891177,0.5907838759088155,0.04455582204631192,0.00014999646907566856,0.6199427409449909,0.3662521753370165,0.0017455784601288302,0.0029546819595297332,2,3
1,2,4,142496.43,8,458.2882559396215,4519632.0,8,451.48892464136924,0.0315283257574953,0.00010144836379729896,142496.43,8,458.2882559396215,1657823.0,8,451.48892464136924,0.08595394683268358,0.0002774291314884315,0.5907838759088155,0.053366936782075505,0.000171718233916318,0.6208782580508913,0.3668048637588193,0.001671730664390325,0.0028296822790206755,2,4
1,2,5,216818.0,8,553.3695769451732,5924849.0,8,532.8042412692395,0.03659468789837513,9.345604756254298e-05,216818.0,8,553.3695769451732,2175061.0,8,532.8042412692395,0.09968364105650371,0.0002555848071612902,0.5907838759088155,0.06194259760742579,0.0001581899089896073,0.6213918046223337,0.3671082587927557,0.001328498630967539,0.0022487049581776095,2,5
1,2,6,130214.23,8,407.0262230715854,3400520.0,8,389.11873821193706,0.038292446449366566,0.00011977546523357962,130214.23,8,407.0262230715854,1251151.0,8,389.11873821193706,0.10407555123242518,0.0003269277302283862,0.5907838759088155,0.06481633641483608,0.00020273990221775508,0.6227815817192836,0.3679293166927411,0.0016310236347746314,0.0027607788588772716,2,6
1,2,7,65594.38,8,278.2026701940152,2002136.0,8,267.9167399274446,0.03276219997043158,0.0001390220771108617,65594.38,8,278.2026701940152,737548.0,8,267.9167399274446,0.08893574384311259,0.00037858035517328504,0.5907838759088155,0.055455474169860824,0.0002353179949215795,0.6235454022590428,0.3683805695517188,0.002214160094331167,0.003747834334383411,2,7
1,2,8,35693.71,8,199.66610772524714,1597652.0,8,195.4224393375029,0.022341354688004647,0.00012500459214275324,35693.71,8,199.66610772524714,589162.0,8,195.4224393375029,0.060583863181943164,0.0003394937503635757,0.5907838759088155,0.03781645979020071,0.00021159106949297828,0.62420020454344,0.36876741618324893,0.0029202056046717354,0.004942933826993028,2,8
1,2,9,7482.046,8,89.81925656884496,745217.0,8,91.55809030626403,0.010040090336103443,0.00012053396590060076,7482.046,8,89.81925656884496,274593.0,8,91.55809030626403,0.02724776669470817,0.000327225734474429,0.5907838759088155,0.016994523285962328,0.0002040237907901274,0.6237033470072562,0.36847388076224774,0.006256996337285427,0.010591007291219916,2,9
1,2,10,515.9727,8,23.70480466079398,423424.0,8,39.58222927942412,0.0012185721640719468,5.5983727264084366e-05,515.9727,8,23.70480466079398,155556.0,8,39.58222927942412,0.0033169578801203426,0.00015238993192014206,0.5907838759088155,0.0020626361242466057,9.476177253139043e-05,0.6218457390154654,0.36737643591293834,0.023869302676352892,0.04040276596857731,2,10
1,2,11,0.0,8,0.0,223987.0,8,8.867839465642124,0.0,,0.0,8,0.0,84301.0,8,8.867839465642124,0.0,,0.5907838759088155,0.0,,,,,,2,11
1,3,1,46670.8191,8,324.027312494907,4893173.0,8,336.9106458049999,0.009537945848225681,6.622354169858502e-05,46670.8191,8,324.027312494907,1785346.0,8,336.9106458049999,0.026141050026157395,0.000181559754838728,0.5907838759088155,0.016144560197336556,0.00011209436208243145,0.6175941739594202,0.3648646798304495,0.0035832234234464237,0.006065201793014872,3,1
1,3,2,64265.3197,8,347.3566791013721,3908512.0,8,358.82254865569695,0.01644240050945219,8.888466527805416e-05,64265.3197,8,347.3566791013721,1429975.0,8,358.82254865569695,0.04494156869875347,0.00024317264557212922,0.5907838759088155,0.02783149842090476,0.00015045208392209584,0.619281863689745,0.3658617397106623,0.0027983120507152977,0.004736608707220714,3,2
1,3,3,74415.755,8,339.8987135307958,3088836.0,8,344.009734760021,0.024091843982652367,0.00011007374316400019,74415.755,8,339.8987135307958,1130350.0,8,344.009734760021,0.06583425930021675,0.0003013689471701578,0.5907838759088155,0.0407794541541801,0.00018631812351796396,0.6194260342205421,0.36594691333563845,0.002366811145464334,0.004006221635320392,3,3
1,3,4,75645.75899999999,8,316.43135462166197,2422557.0,8,313.548718876174,0.03122558478500196,0.00013068125401162215,75645.75899999999,8,316.43135462166197,886767.0,8,313.548718876174,0.08530511284249413,0.0003581096170434204,0.5907838759088155,0.05285449731844318,0.00022119976414487001,0.6195935455361603,0.36604587631993796,0.0021698182865263808,0.003672778447428855,3,4
1,3,5,132262.57,8,421.70443432833383,3345389.0,8,414.50945262144506,0.03953578193746676,0.00012615057390709722,132262.57,8,421.70443432833383,1224635.0,8,414.50945262144506,0.10800162497397184,0.00034628605446557675,0.5907838759088155,0.06692088858492967,0.00021353083428865942,0.619628534302678,0.3660665471190346,0.001655882050274692,0.002802855862860869,3,5
1,3,6,98003.7,8,360.9593356778711,2014883.0,8,338.07566627082167,0.0486398962123359,0.00017933235056379152,98003.7,8,360.9593356778711,738605.0,8,338.07566627082167,0.13268756642589746,0.0004924635767504185,0.5907838759088155,0.08233111666683879,0.00030354983925030235,0.620488557327024,0.3665746348547285,0.0019177284881788923,0.0032460745229866157,3,6
1,3,7,68234.45,8,282.9420272476855,1216148.0,8,274.05003264210717,0.056107028091975646,0.0002329975608679801,68234.45,8,282.9420272476855,446000.0,8,274.05003264210717,0.1529920403587444,0.0006413265656983863,0.5907838759088155,0.09497047969642874,0.00039438713609025794,0.6207543835204536,0.366731680683601,0.0021639401396586553,0.0036628287058948915,3,7
1,3,8,62341.14,8,265.3655154465817,1008007.0,8,257.13120440580525,0.061845939561927646,0.0002637298971644366,62341.14,8,265.3655154465817,370745.0,8,257.13120440580525,0.16815099327030708,0.0007252014328781684,0.5907838759088155,0.10468454215475788,0.0004464067282789924,0.6225627343543239,0.36780002519823773,0.0022307162497639454,0.003775858381937704,3,8
1,3,9,32754.32,8,189.34764742008284,502458.0,8,179.69657650645433,0.06518817493203412,0.0003775632005112623,32754.32,8,189.34764742008284,185808.0,8,179.69657650645433,0.1762804615517093,0.0010332120834236336,0.5907838759088155,0.11034183157377772,0.0006390885328927584,0.6259447621278809,0.369798072674731,0.00304717966445988,0.005157858548140533,3,9
1,3,10,17950.004,8,138.87597411507147,316860.0,8,131.01286686677,0.05664963706368743,0.0004389135644932355,17950.004,8,138.87597411507147,117130.0,8,131.01286686677,0.15324856142747376,0.001197983353876338,0.5907838759088155,0.09588893565610956,0.0007429342309284344,0.6257085532348691,0.3696585242693934,0.0040685764386179405,0.006886742520450752,3,10
1,3,11,6451.9310000000005,8,82.39256050645592,218425.0,8,78.97912614963526,0.029538427377818477,0.00037736331382466566,6451.9310000000005,8,82.39256050645592,80421.0,8,78.97912614963526,0.08022694321135028,0.0010275405743371481,0.5907838759088155,0.04999870271066366,0.0006387501914201019,0.6232158513000653,0.3681858761588646,0.006660523242524122,0.01127404371400302,3,11
1,4,1,19210.8562,8,181.6907313050118,2550884.0,8,185.0606375111682,0.0075310583311510824,7.122867076328776e-05,19210.8562,8,181.6907313050118,925370.0,8,185.0606375111682,0.02076018911354377,0.00019638776451167704,0.5907838759088155,0.012747569184358482,0.00012056637573886924,0.6140391647994226,0.3627644377400148,0.004852669152128376,0.00821394988931174,4,1
1,4,2,30408.855,8,213.5273961440077,2074935.0,8,214.27476975472405,0.014655328962112066,0.0001029191209657881,30408.855,8,213.5273961440077,757139.0,8,214.27476975472405,0.040162843282409176,0.000282247710192419,0.5907838759088155,0.024806582507972918,0.00017420773511711945,0.6176500586261504,0.36489769559046425,0.0036252620858038508,0.006136359223120355,4,2
1,4,3,35541.242,8,218.51433559478428,1677717.0,8,218.6745768271886,0.021184289126235233,0.00013027431551631326,35541.242,8,218.51433559478428,611915.0,8,218.6745768271886,0.05808199177990407,0.0003577018803684843,0.5907838759088155,0.03585793382334104,0.0002205109530382993,0.6173674959223353,0.36473076210111716,0.003174314386616373,0.005373055217076222,4,3
1,4,4,35633.85,8,209.4554706079075,1351051.0,8,208.9480655263908,0.02637491108773836,0.00015508515807269405,35633.85,8,209.4554706079075,493616.0,8,208.9480655263908,0.07218941444361608,0.0004254276523944955,0.5907838759088155,0.04464392506847833,0.00026250743189990287,0.6184275826665376,0.3653570442566565,0.0030415764882503068,0.005148374240192972,4,4
1,4,5,69299.3465,8,291.6684975801845,1956102.0,8,290.0661689728397,0.035427266318423065,0.00014919951575780965,69299.3465,8,291.6684975801845,714451.0,8,290.0661689728397,0.09699664007748607,0.00041013642761818583,0.5907838759088155,0.05996654235683826,0.00025254500307458937,0.6182331914686302,0.3652422010713143,0.0021797084523405845,0.0036895191985182258,4,5
1,4,6,55892.511,8,253.32778327625257,1245033.0,8,250.10939226152624,0.04489239321367385,0.00020367049342750681,55892.511,8,253.32778327625257,454391.0,8,250.10939226152624,0.1230053214082145,0.0005616066862279605,0.5907838759088155,0.07598784436121402,0.0003447461952379728,0.6177606260548287,0.36496301704452816,0.002349092304899201,0.003976229549741083,4,6
1,4,7,41371.977999999996,8,218.0435846683869,787927.0,8,212.34636317905236,0.05250737441412719,0.00027709225870426693,41371.977999999996,8,218.0435846683869,289747.0,8,212.34636317905236,0.14278656206966767,0.0007597717674215291,0.5907838759088155,0.08887746696430056,0.0004690247483108945,0.6224497997293046,0.36773330524274456,0.0027558485164621348,0.00466473211074482,4,7
1,4,8,40996.368,8,213.93711401353434,675083.0,8,206.8961120497918,0.06072789271837686,0.00031745095676828205,40996.368,8,213.93711401353434,245225.0,8,206.8961120497918,0.16717858293404017,0.0008837400693013052,0.5907838759088155,0.10279206186011396,0.0005373385593503892,0.6148638184154861,0.363251629799595,0.002700550533581116,0.004571131074670582,4,8
1,4,9,23711.683,8,160.2454246606748,345222.0,8,156.378889040209,0.06868531843277659,0.00046522235842808246,23711.683,8,160.2454246606748,125373.0,8,156.378889040209,0.18912910275737202,0.0012997368416258156,0.5907838759088155,0.1162613287763084,0.0007874662417155866,0.6147194010932127,0.36316631037419395,0.0035042111407392676,0.005931460359084214,4,9
1,4,10,16570.27,8,133.36512911402292,218927.0,8,130.304379645774,0.07568856285428477,0.0006108397187685299,16570.27,8,133.36512911402292,79843.0,8,130.304379645774,0.20753566374008994,0.0017043357851672437,0.5907838759088155,0.12811548510502496,0.0010339478507751451,0.6173179240435133,0.36470147583441054,0.0041991866715492725,0.007107822069601297,4,10
1,4,11,12277.982,8,113.89513512902998,154709.0,8,105.5776678397946,0.0793617824431675,0.0007381788949493026,12277.982,8,113.89513512902998,57105.0,8,105.5776678397946,0.21500712722178444,0.0020337137049024467,0.5907838759088155,0.1343330203809025,0.0012494905921623981,0.6247840344489377,0.36911233347769035,0.004896634668153984,0.008288368839825538,4,11
1,5,1,11620.7148,8,127.2751365249478,1340462.0,8,128.99873438435006,0.008669186295471263,9.495237426500482e-05,11620.7148,8,127.2751365249478,483580.0,8,128.99873438435006,0.02403059431738285,0.00026327160293027844,0.5907838759088155,0.014674040116845212,0.00016072269088071765,0.6106399168925485,0.3607562168864168,0.005588719701696463,0.009459837902818888,5,1
1,5,2,16725.2556,8,148.35942851127493,1111843.0,8,150.7226418366932,0.015042821333587567,0.00013345117286173036,16725.2556,8,148.35942851127493,402881.0,8,150.7226418366932,0.041514133453799014,0.00036857364380070407,0.5907838759088155,0.025462477814660853,0.00022588831263622346,0.613344798416616,0.3623542172770796,0.004547880882057584,0.007698045033916134,5,2
1,5,3,18236.9069,8,146.220710006456,918839.0,8,149.10739935563225,0.019847771916516387,0.00015916896865329105,18236.9069,8,146.220710006456,333601.0,8,149.10739935563225,0.05466682324093753,0.00043899068998116557,0.5907838759088155,0.0335956560865581,0.00026941996074019114,0.6145529243301598,0.36306795858686886,0.004120426534387142,0.00697450743395561,5,3
1,5,4,18331.498,8,145.11150091784594,756491.0,8,143.57451725877402,0.02423227507002727,0.00019187697163548467,18331.498,8,145.11150091784594,275530.0,8,143.57451725877402,0.06653176786556818,0.0005278029977553304,0.5907838759088155,0.04101715713339373,0.00032478369749058605,0.616504843464728,0.3642211209386496,0.00408240637132004,0.006910151982465646,5,4
1,5,5,35699.299999999996,8,202.0753636758326,1131167.0,8,201.6355078583383,0.031559707806186,0.0001787318196900758,35699.299999999996,8,202.0753636758326,411875.0,8,201.6355078583383,0.08667508345978754,0.000492454525074639,0.5907838759088155,0.05342005612058559,0.0003025333408348845,0.6163254073515781,0.36411511297624494,0.0029209573764900623,0.004944206325869492,5,5
1,5,6,30672.82,8,184.26269771114826,757825.0,8,184.438512184576,0.040474806188763895,0.0002433462268483395,30672.82,8,184.26269771114826,275341.0,8,184.438512184576,0.11139939202661427,0.0006733638496190509,0.5907838759088155,0.06851034335779836,0.0004119039749925381,0.6149974619379489,0.36333058423778575,0.0030975867657402492,0.005243180953398846,5,6
1,5,7,23771.7095,8,160.80849539956682,504063.0,8,161.6785903625771,0.04716019525337111,0.0003193830138593858,23771.7095,8,160.80849539956682,183892.0,8,161.6785903625771,0.12926994920931853,0.0008818273757310327,0.5907838759088155,0.07982647661265901,0.0005406088874177076,0.6175176605306862,0.36481947693046307,0.003506790608126351,0.005935826536788566,5,7
1,5,8,25290.942799999997,8,165.84463137303058,453791.0,8,161.8183121704713,0.05573257909478151,0.0003660047524791848,25290.942799999997,8,165.84463137303058,164611.0,8,161.8183121704713,0.15364066070918708,0.0010187521304499125,0.5907838759088155,0.09433666247076715,0.0006195239365938209,0.6140084404435668,0.3627462862859775,0.003385306750684576,0.005730194896529439,5,8
1,5,9,15304.077,8,127.18799635028455,243347.0,8,124.26241545680658,0.06288993494885903,0.0005236467085283799,15304.077,8,127.18799635028455,88780.0,8,124.26241545680658,0.17238203424194637,0.0014527954488728967,0.5907838759088155,0.1064516780389683,0.0008863591744491043,0.6175334831561293,0.3648288246824493,0.0043222003119825205,0.0073160431220868835,5,9
1,5,10,11132.360999999999,8,108.43890026438851,159293.0,8,105.08245771478701,0.069886065301049,0.0006823105069325615,11132.360999999999,8,108.43890026438851,57744.0,8,105.08245771478701,0.19278818578553614,0.0019104156431941762,0.5907838759088155,0.11829379262178029,0.0011549240504963826,0.6135946149385635,0.36250180485018174,0.005042763749255262,0.00853571662140892,5,10
1,5,11,8878.362000000001,8,96.62488977075213,107512.0,8,89.84858835947284,0.08258019569908476,0.0009013816756000986,8878.362000000001,8,96.62488977075213,39289.0,8,89.84858835947284,0.225975769299295,0.0025130450632584525,0.5907838759088155,0.13978072027109723,0.001525738450822619,0.618565082019762,0.36543827665748935,0.005694458864617732,0.009638819028122296,5,11
1,6,1,7048.1089,8,92.66994328115724,683428.0,8,97.40850227830678,0.010312876996552672,0.00013560373287835946,7048.1089,8,92.66994328115724,244937.0,8,97.40850227830678,0.028775190763339144,0.0003785149788726347,0.5907838759088155,0.017456260092894634,0.0002295318785905545,0.6066427234649188,0.3583947394604845,0.006665841372188724,0.011283045533249391,6,1
1,6,2,9106.2051,8,104.8838443165505,574855.0,8,104.60363939442261,0.015840873089735672,0.00018247546373188666,9106.2051,8,104.8838443165505,207475.0,8,104.60363939442261,0.043890613808892635,0.0005060093049754291,0.5907838759088155,0.026813313185582995,0.00030887008121401543,0.6109122397406612,0.36091710083412337,0.005882049002109706,0.009956346545614883,6,2
1,6,3,9469.107,8,103.40462909048124,481860.0,8,102.5357956068655,0.019651158012700783,0.00021463549350662407,9469.107,8,103.40462909048124,174619.0,8,102.5357956068655,0.0542272433125834,0.0005930283219222008,0.5907838759088155,0.03326285434325875,0.0003633062821432722,0.613397479040579,0.36238534014028967,0.005601075665196424,0.009480752426731635,6,3
1,6,4,9257.235999999999,8,101.16529718149401,403430.0,8,102.11434482373178,0.022946325260887884,0.0002508302036763657,9257.235999999999,8,101.16529718149401,146990.0,8,102.11434482373178,0.06297867882168855,0.0006896353468517577,0.5907838759088155,0.03884047313510217,0.00042457185089980363,0.6167241654127289,0.36435069280916144,0.005637431212534916,0.009542290239155113,6,4
1,6,5,17714.871,8,139.24389079665218,616805.0,8,141.44045690558272,0.028720375159085935,0.00022584630912371434,17714.871,8,139.24389079665218,224486.0,8,141.44045690558272,0.0789130324385485,0.0006222682725720994,0.5907838759088155,0.04861401322929602,0.0003822824527434675,0.6160454328903522,0.3639497085788864,0.004053060797890291,0.006860479717147628,6,5
1,6,6,15334.465,8,128.88722369598935,425007.0,8,130.3055997190451,0.0360804998505907,0.0003034607539368824,15334.465,8,128.88722369598935,154637.0,8,130.3055997190451,0.09916426857737799,0.000837660703721981,0.5907838759088155,0.06107224878994419,0.0005136578134771573,0.6158695028571651,0.36384577195199136,0.004337163852352718,0.007341371403680856,6,6
1,6,7,12544.468,8,115.45616458184465,291401.0,8,115.39271933917668,0.043048815892876145,0.00039657715430340735,12544.468,8,115.45616458184465,106565.0,8,115.39271933917668,0.11771658612114673,0.001090906852346268,0.5907838759088155,0.07286728302571431,0.0006712728130796465,0.6190060842464777,0.36569881366227297,0.0047785995511391705,0.00808857476651364,6,7
1,6,8,13740.054,8,120.36361496773019,272447.0,8,119.43429179887994,0.05043202531134496,0.0004423400954405698,13740.054,8,120.36361496773019,99961.0,8,119.43429179887994,0.13745414711737577,0.001215254139855333,0.5907838759088155,0.0853645933274064,0.0007487342046363546,0.6210405078175727,0.36690071830484466,0.00456930374142656,0.007734306787566776,6,8
1,6,9,8588.5457,8,95.0442641650305,148692.0,8,91.41637408504069,0.05776064415032416,0.0006401879467232024,8588.5457,8,95.0442641650305,54244.0,8,91.41637408504069,0.15833171779367305,0.001772363114420808,0.5907838759088155,0.09776949999095647,0.0010836246093182342,0.6174978794732898,0.3648077906007048,0.005746718370374507,0.009727276936145566,6,9
1,6,10,6591.3488,8,83.76461965399234,98612.0,8,79.87655521767635,0.06684124447328925,0.0008511600941213122,6591.3488,8,83.76461965399234,36662.0,8,79.87655521767635,0.17978694015601984,0.0023181147331562814,0.5907838759088155,0.11313992679719961,0.0014407300686938255,0.6293000297964709,0.3717803107126922,0.0067373636381875684,0.011404108867770532,6,10
1,6,11,5123.84,8,73.33384118304456,66222.0,8,66.94661370129187,0.07737368246202168,0.0011101530283639158,5123.84,8,73.33384118304456,24495.0,8,66.94661370129187,0.20917901612573994,0.0030479262747592465,0.5907838759088155,0.13096783039820795,0.0018791186991285833,0.6261040558651526,0.3698921808462445,0.007564041883347723,0.012803399333998062,6,11
1,7,1,3351.9758,8,64.13930422062045,287897.0,8,65.35875439231764,0.011642968839550256,0.0002228012735854682,3351.9758,8,64.13930422062045,103363.0,8,65.35875439231764,0.03242916517515939,0.0006208635136915073,0.5907838759088155,0.019707661827499313,0.0003771282234856668,0.6077141277320115,0.3590277078260628,0.009718520173699162,0.016450212285751626,7,1
1,7,2,4185.398999999999,8,68.51347864843822,242187.0,8,71.26819468416468,0.01728168316218459,0.0002829406533300522,4185.398999999999,8,68.51347864843822,88177.0,8,71.26819468416468,0.04746588112546355,0.0007779459468788223,0.5907838759088155,0.02925212394397157,0.000478924129225427,0.6162768550877901,0.36408642908166006,0.008434477898746054,0.01427675710643104,7,2
1,7,3,4068.406,8,68.07267376304533,203001.0,8,68.01849985327522,0.020041310141329354,0.0003353989462076747,4068.406,8,68.07267376304533,73777.0,8,68.01849985327522,0.05514463857299701,0.0009240811218979684,0.5907838759088155,0.03392325173143796,0.0005677185175233892,0.6151686294313543,0.3634317072329693,0.008607146480717127,0.014569027408672197,7,3
1,7,4,3921.8339,8,65.63010081079337,170259.0,8,67.37029594153495,0.023034517411708047,0.00038557988195106805,3921.8339,8,65.63010081079337,62335.0,8,67.37029594153495,0.06291543915938076,0.001055054649008573,0.5907838759088155,0.038989753023089116,0.0006526580999827089,0.6197167745156826,0.3661186780140845,0.008674884904580791,0.014683685960853331,7,4
1,7,5,7127.7519999999995,8,89.14904938360252,263196.0,8,91.47626227705196,0.027081536193559172,0.0003388480949703175,7127.7519999999995,8,89.14904938360252,96411.0,8,91.47626227705196,0.07393090000103722,0.0009273340375282246,0.5907838759088155,0.045840005622866845,0.0005735567756466952,0.620038517348277,0.3663087584917704,0.006489839406663078,0.010985132924759703,7,5
1,7,6,6306.7296,8,82.63445888012095,182705.0,8,83.97756311450101,0.0345186480939219,0.0004525617121712398,6306.7296,8,82.63445888012095,67058.0,8,83.97756311450101,0.09404887709147305,0.0012378990751143967,0.5907838759088155,0.05842855484303988,0.0007660359915460698,0.6212573360786815,0.36702881694534906,0.0068185914140853785,0.011541600392522888,7,6
1,7,7,5360.807000000001,8,75.25293633626532,127689.0,8,74.04495822140763,0.04198331101347807,0.0005898481249661839,5360.807000000001,8,75.25293633626532,46954.0,8,74.04495822140763,0.1141714656898241,0.0016127761953400532,0.5907838759088155,0.07106373874692203,0.0009984160858466354,0.6224299418208818,0.36772157351063917,0.0073261754887141515,0.012400770886720864,7,7
1,7,8,5957.700000000001,8,79.9324035932237,121587.0,8,78.64555055252649,0.048999481852500686,0.000658172680487628,5957.700000000001,8,79.9324035932237,44764.0,8,78.64555055252649,0.13309132338486285,0.0018008849303987181,0.5907838759088155,0.08293977518787853,0.0011140667633745874,0.6231794310741048,0.3681643596766102,0.007019479080976136,0.011881636190862386,7,8
1,7,9,3635.7439999999997,8,64.39601371863013,66432.0,8,58.76446431866796,0.05472880539499036,0.0009705604864704717,3635.7439999999997,8,64.39601371863013,24595.0,8,58.76446431866796,0.14782451717828826,0.0026419713651270873,0.5907838759088155,0.0926376084838129,0.0016428350976529914,0.6266728297315153,0.37022820327552985,0.009321486855782877,0.015778167339864233,7,9
1,7,10,2417.112,8,50.59564035201057,40127.0,8,50.40532004669745,0.060236548957061334,0.001263156001733682,2417.112,8,50.59564035201057,15179.0,8,50.40532004669745,0.159240529679162,0.003374949458742207,0.5907838759088155,0.10196038079813562,0.0021381016870010918,0.6402916456229172,0.3782739801131408,0.011278179953347362,0.019090195946864487,7,10
1,7,11,1024.0763,8,32.91049886618251,15878.0,8,30.934802178790477,0.06449655498173573,0.002076516073254781,1024.0763,8,32.91049886618251,6315.0,8,30.934802178790477,0.1621656848772763,0.005271677273979071,0.5907838759088155,0.10917114974155193,0.0035148489285704216,0.6732074657111979,0.39772011588361256,0.018196882185872704,0.030801250555256014,7,11
1,8,1,920.7911,8,32.57682455263097,79053.0,8,33.65249758788937,0.01164776921811949,0.00041211823297398787,920.7911,8,32.57682455263097,28889.0,8,33.65249758788937,0.03187341548686351,0.0011282660610989574,0.5907838759088155,0.019715787266877376,0.0006975786743333466,0.6185652515025618,0.3654383767851948,0.01828985115216939,0.030958615998166364,8,1
1,8,2,1107.739,8,35.6146582840549,64496.0,8,35.329090842816775,0.017175313197717687,0.0005522796299838863,1107.739,8,35.6146582840549,23842.0,8,35.329090842816775,0.04646166428990857,0.0014953638400728437,0.5907838759088155,0.02907207508210432,0.0009348251577352253,0.6257217757138921,0.36966633589679976,0.01681815023784119,0.028467517350519205,8,2
1,8,3,1123.855,8,35.098981020251856,52132.0,8,35.24315700175,0.02155787232410036,0.0006734290489964393,1123.855,8,35.098981020251856,19421.0,8,35.24315700175,0.057868029452654346,0.0018103178528732133,0.5907838759088155,0.036490285539593346,0.0011398907053116318,0.630577641657013,0.3725351031995703,0.016469616010176102,0.027877565183783225,8,3
1,8,4,893.166,8,31.600551394872845,42084.0,8,31.526880758489252,0.02122341032221272,0.0007510606031731366,893.166,8,31.600551394872845,15628.0,8,31.526880758489252,0.05715165088303046,0.002025331327008491,0.5907838759088155,0.035924152956213116,0.0012712950264896176,0.6285759448968037,0.37135253302917975,0.018597953460919695,0.031480130415391015,8,4
1,8,5,1490.8401000000001,8,40.46870161340736,58995.0,8,41.201617000366625,0.025270617848970254,0.0006861953287331504,1490.8401000000001,8,40.46870161340736,22129.0,8,41.201617000366625,0.06737042342627322,0.0018330600440389986,0.5907838759088155,0.04277472503814685,0.0011614997577203024,0.6349184532728571,0.3750995847105687,0.014418884996946128,0.024406361759222433,8,5
1,8,6,1081.7877999999998,8,34.45614660591198,34697.0,8,31.557355810526964,0.031178136438308784,0.0009934631648361645,1081.7877999999998,8,34.45614660591198,13188.0,8,31.557355810526964,0.08202819229602668,0.0026200520638798045,0.5907838759088155,0.05277418309757826,0.001681601691156345,0.6433664039203087,0.3800904977375566,0.017148527620452707,0.029026736036207413,8,6
1,8,7,562.0975,8,24.829543365752823,18411.0,8,24.11096225343153,0.030530525229482373,0.0013492180127207092,562.0975,8,24.829543365752823,7157.0,8,24.11096225343153,0.07853814447394158,0.0034793415846164797,0.5907838759088155,0.05167799338212575,0.0022837759589243666,0.6579986543898062,0.3887349953831949,0.0243249209394605,0.04117397568110834,8,7
1,8,8,359.34749999999997,8,19.937259832481995,10870.0,8,17.061716781801298,0.03305864765409383,0.001834888382400733,359.34749999999997,8,19.937259832481995,4375.0,8,17.061716781801298,0.08213657142857142,0.004568331671785657,0.5907838759088155,0.0559572611951181,0.0031058538616648684,0.6812709639795511,0.4024839006439742,0.03162545523737175,0.053531344586413496,8,8
1,8,9,19.8174,8,4.54907,2201.0,8,4.12018,0.009003816447069513,0.00206688835102077,19.8174,8,4.54907,928.0,8,4.12018,0.021354956896551723,0.004902931915698259,0.5907838759088155,0.015240457321586085,0.0034985524069038464,0.7136730547111068,0.4216265333939118,0.1368884191506036,0.23170642384243342,8,9
1,8,10,0.0,8,0.0,96.0,8,0.0,0.0,,0.0,8,0.0,38.0,8,0.0,0.0,,0.5907838759088155,0.0,,,,,,8,10
1,8,11,0.0,8,0.0,0.0,8,0.0,,,0.0,8,0.0,0.0,8,0.0,,,0.5907838759088155,,,,,,,8,11
2,1,1,43651.441,8,627.1271662701752,114880500.0,8,654.1844129007126,0.00037997258890760396,5.458952698961076e-06,43651.441,8,627.1271662701752,38458050.0,8,654.1844129007126,0.0011350404141655648,1.630679677855521e-05,0.5982545044870187,0.0006351353580420035,9.12479999401246e-06,0.55957069908293,0.33476569130531286,0.006801632126338703,0.011369128147511155,1,1
2,1,2,45655.380000000005,8,385.35329897077565,48187300.0,8,352.98963790692216,0.0009474566950213024,7.996991823562193e-06,45655.380000000005,8,385.35329897077565,16165440.0,8,352.98963790692216,0.0028242584179583113,2.383817505338502e-05,0.5982545044870187,0.0015837017321477785,1.3367207039116773e-05,0.5607495837058192,0.33547096434122686,0.004004403781454625,0.006693478697478852,1,2
2,1,3,36327.363,8,274.33756761293193,24569360.0,8,245.4559624736584,0.0014785636662900457,1.1165850786039534e-05,36327.363,8,274.33756761293193,8273420.0,8,245.4559624736584,0.004390852029753113,3.315916327792777e-05,0.5982545044870187,0.002471462655442703,1.8664047996786656e-05,0.562866304465666,0.33673730207054636,0.003596329716789718,0.006011370896193151,1,3
2,1,4,22163.009000000002,8,190.57401121165498,13708650.0,8,167.75625213532282,0.0016167171092704242,1.3901748472696708e-05,22163.009000000002,8,190.57401121165498,4632083.0,8,167.75625213532282,0.004784674411058697,4.114254894021497e-05,0.5982545044870187,0.002702390198727714,2.3237181447746806e-05,0.5648012730984887,0.3378949057711737,0.004108977283592118,0.006868276381998019,1,4
2,1,5,15865.277,8,141.7834847306272,13011130.0,8,139.35876225063856,0.0012193619616436082,1.089710014127656e-05,15865.277,8,141.7834847306272,4418237.0,8,139.35876225063856,0.0035908614680470966,3.2090711256222734e-05,0.5982545044870187,0.002038199382533971,1.8214823389621488e-05,0.5676073556918512,0.33957365732261535,0.004291691396762046,0.0071736883961149855,1,5
2,1,6,553.5314999999999,8,25.24578431207278,5018964.0,8,49.27448993434635,0.00011028799967483328,5.030078896157292e-06,553.5314999999999,8,25.24578431207278,1718165.0,8,49.27448993434635,0.00032216434393669987,1.4693460350425826e-05,0.5982545044870187,0.00018434963522656833,8.407924818669607e-06,0.5722223414729908,0.3423345933543257,0.022080675746352838,0.03690849894274712,1,6
2,1,7,0.0,8,0.0,2027895.0,8,8.792060964898958,0.0,,0.0,8,0.0,701074.0,8,8.792060964898958,0.0,,0.5982545044870187,0.0,,,,,,1,7
2,1,8,0.0,8,0.0,1032459.0,8,6.50802,0.0,,0.0,8,0.0,364188.0,8,6.50802,0.0,,0.5982545044870187,0.0,,,,,,1,8
2,1,9,0.0,8,0.0,251464.0,8,0.0,0.0,,0.0,8,0.0,93889.0,8,0.0,0.0,,0.5982545044870187,0.0,,,,,,1,9
2,1,10,0.0,8,0.0,52875.0,8,0.0,0.0,,0.0,8,0.0,21609.0,8,0.0,0.0,,0.5982545044870187,0.0,,,,,,1,10
2,1,11,0.0,8,0.0,3089.0,8,0.0,0.0,,0.0,8,0.0,1378.0,8,0.0,0.0,,0.5982545044870187,0.0,,,,,,1,11
2,2,1,110899.11,8,698.7763401122279,10380020.0,8,705.5634630108124,0.010683901379766127,6.73232805512156e-05,110899.11,8,698.7763401122279,3423475.0,8,705.5634630108124,0.03239372567347505,0.00020422232630808995,0.5982545044870187,0.017858455389194575,0.0001125328435411328,0.5512936538762384,0.329813911726567,0.0029398342974996214,0.004914019494128877,2,1
2,2,2,133546.19,8,574.2675388644652,7973374.0,8,573.6077237296583,0.016749018671393064,7.203323182629605e-05,133546.19,8,574.2675388644652,2633354.0,8,573.6077237296583,0.05071334503450733,0.00021835417264778783,0.5982545044870187,0.027996477328248007,0.00012040566562563856,0.5520534547503841,0.3302684660220378,0.0020098962243907904,0.0033596006537622365,2,2
2,2,3,134474.98,8,476.1194930831545,5989700.0,8,461.78142337353717,0.022451037614571682,7.950854888122918e-05,134474.98,8,476.1194930831545,1978704.0,8,461.78142337353717,0.067961140221074,0.0002411440398537313,0.5982545044870187,0.037527569698489145,0.0001329008779455908,0.552191584432132,0.3303511027263469,0.0016561047623310187,0.002768227819280806,2,3
2,2,4,109709.56,8,393.1814312525198,4437293.0,8,384.7164320201569,0.02472443446939384,8.863432523766223e-05,109709.56,8,393.1814312525198,1467712.0,8,384.7164320201569,0.0747486972921118,0.00026860287665706037,0.5982545044870187,0.04132761940604883,0.00014815488153100147,0.5528874870493579,0.3307674296017865,0.0016789186458848616,0.002806361896638744,2,4
2,2,5,143100.83,8,442.43599193781694,5732431.0,8,432.3701840218518,0.02496337592201284,7.720417872423039e-05,143100.83,8,442.43599193781694,1899246.0,8,432.3701840218518,0.07534612683138465,0.00023358413807078569,0.5982545044870187,0.041727017071802944,0.0001290490554524619,0.5538044067637725,0.3313159809511881,0.0014508347995686385,0.0024251130391616128,2,5
2,2,6,69515.19,8,294.1728501649668,3242919.0,8,282.02796371560396,0.02143599331343151,9.073151832823885e-05,69515.19,8,294.1728501649668,1078353.0,8,282.02796371560396,0.0644642246091957,0.000273318778252191,0.5982545044870187,0.03583089329483961,0.00015166040146415244,0.5558260184165529,0.33252541922878737,0.001992153487411285,0.0033299431470549205,2,6
2,2,7,28247.31,8,178.2310957731843,1896704.0,8,174.6216004438168,0.014892840422121745,9.397885375360851e-05,28247.31,8,178.2310957731843,630526.0,8,174.6216004438168,0.04479959589295287,0.00028294265024775614,0.5982545044870187,0.024893820791022394,0.00015708841813768195,0.555670654943079,0.33243247233094886,0.0029679527385674414,0.004961020295388085,2,7
2,2,8,11553.131000000001,8,111.72545158297638,1508626.0,8,114.04367400408495,0.007658048449383744,7.406001554002877e-05,11553.131000000001,8,111.72545158297638,500933.0,8,114.04367400408495,0.023063226020246224,0.00022309651641017484,0.5982545044870187,0.012800653220238167,0.0001237934942145275,0.555024401573354,0.33204584834147094,0.004541844597725451,0.007591826828984625,2,8
2,2,9,953.8489999999999,8,32.23464550078999,693447.0,8,43.15858876148756,0.001375518244364746,4.6484735194419636e-05,953.8489999999999,8,32.23464550078999,231818.0,8,43.15858876148756,0.00411464597227135,0.0001390536310903796,0.5982545044870187,0.0022992192019418265,7.770060207783742e-05,0.5587890713894447,0.3342980790168535,0.015977021217425193,0.026706060878095527,2,9
2,2,10,0.0,8,0.0,354652.0,8,11.361161324054862,0.0,,0.0,8,0.0,122738.0,8,11.361161324054862,0.0,,0.5982545044870187,0.0,,,,,,2,10
2,2,11,0.0,8,0.0,109264.0,8,3.91555,0.0,,0.0,8,0.0,41639.0,8,3.91555,0.0,,0.5982545044870187,0.0,,,,,,2,11
2,3,1,80553.85,8,528.965209325377,4992846.0,8,541.1142836930106,0.016133854318759282,0.00010595905587911978,80553.85,8,528.965209325377,1641736.0,8,541.1142836930106,0.04906626278524684,0.00032260431416327525,0.5982545044870187,0.026968212019721393,0.00017711367834994537,0.5496284104162534,0.3288176723255634,0.003055722097370351,0.005107729360083166,3,1
2,3,2,82007.185,8,383.7620089430557,3971625.0,8,426.0127519458543,0.020648269914707456,9.665132273021299e-05,82007.185,8,383.7620089430557,1310877.0,8,426.0127519458543,0.06255902346291833,0.0002934572073767211,0.5982545044870187,0.03451419046549861,0.00016155552863423564,0.5517060298416709,0.33006061750542914,0.002187251286780377,0.0036560548568804595,3,2
2,3,3,83689.849,8,348.3077143833309,3119149.0,8,343.8720898231492,0.02683098787521853,0.00011170671672518258,83689.849,8,348.3077143833309,1029020.0,8,343.8720898231492,0.08132966220287263,0.0003395742560272527,0.5982545044870187,0.04484878538144083,0.00018672106250326858,0.5514443828571163,0.3299040860183339,0.0019452158014989008,0.0032514854245299036,3,3
2,3,4,79829.961,8,323.2710183997013,2425358.0,8,316.4662741060412,0.03291471238472836,0.0001333571343871193,79829.961,8,323.2710183997013,800674.0,8,316.4662741060412,0.0997034510924546,0.00040566724857041123,0.5982545044870187,0.055017909832457544,0.00022291037240324357,0.5518155011649463,0.3301261092176908,0.0018955697931115764,0.0031685006613313476,3,4
2,3,5,130598.31,8,444.22398495215225,3322543.0,8,401.15074223774036,0.039306732824827245,0.00013378419528867403,130598.31,8,444.22398495215225,1097019.0,8,401.15074223774036,0.11904835741222348,0.00040727064437641247,0.5982545044870187,0.06570235999899629,0.00022362421726082794,0.5518964009851193,0.3301745078995215,0.0015933462436197423,0.0026633251094130552,3,5
2,3,6,85747.22,8,318.7683340179824,1972588.0,8,311.5179706754652,0.04346940161858432,0.00016174478934277082,85747.22,8,318.7683340179824,650321.0,8,311.5179706754652,0.13185368456500712,0.0004942232824589233,0.5982545044870187,0.07266038331939972,0.0002703611725940301,0.5510682811717436,0.3296790814909145,0.0017412094270464432,0.0029104827694351695,3,6
2,3,7,52777.81,8,244.2503845384895,1186765.0,8,241.59990135142854,0.04447199740470944,0.00020601095490220002,52777.81,8,244.2503845384895,391745.0,8,241.59990135142854,0.1347249103370815,0.0006290052529419676,0.5982545044870187,0.0743362516640682,0.00034435337027482457,0.551763229814583,0.3300948376468804,0.0021710279743588513,0.0036289371130108386,3,7
2,3,8,43948.090000000004,8,220.4349041455096,978252.0,8,211.1100339335627,0.04492512154332422,0.00022554396617722932,43948.090000000004,8,220.4349041455096,323631.0,8,211.1100339335627,0.13579691067913768,0.0006868664149209735,0.5982545044870187,0.07509366198896548,0.00037700337312232193,0.5529850540296719,0.33082579948724866,0.0023576676528702443,0.0039409108250540595,3,8
2,3,9,18548.1,8,141.29095937992636,494782.0,8,135.26664840229463,0.037487418701569575,0.0002857458903840495,18548.1,8,141.29095937992636,163612.0,8,135.26664840229463,0.11336637899420579,0.0008686446033598942,0.5982545044870187,0.0626613229326433,0.00047763266008179263,0.5527328603822298,0.33067492350166333,0.003573924403662039,0.0059739197563193425,3,9
2,3,10,7908.313999999999,8,91.65362497730246,315130.0,8,86.71029267849347,0.025095401897629547,0.0002909258174683489,7908.313999999999,8,91.65362497730246,104646.0,8,86.71029267849347,0.07557206199950309,0.0008780801833648673,0.5982545044870187,0.04194770237316965,0.0004862910605542488,0.5550689138725032,0.33207247802494205,0.005450407143039711,0.009110515845949603,3,10
2,3,11,1637.3426,8,41.727717417128154,180818.0,8,43.076969972740656,0.009055196938357907,0.00023078200491860276,1637.3426,8,41.727717417128154,63241.0,8,43.076969972740656,0.025890523552758494,0.0006600562807936045,0.5982545044870187,0.015136028012229354,0.0003857589089387465,0.5846165289545369,0.34974947184461724,0.012607940900119644,0.021074544036957132,3,11
2,4,1,47447.381,8,296.93089005095106,2735943.0,8,301.4980642497726,0.01734224031714111,0.00010854645806282647,47447.381,8,296.93089005095106,892085.0,8,301.4980642497726,0.053187062891989,0.0003333354809969739,0.5982545044870187,0.028988064756840314,0.00018143859720020175,0.5450209727825839,0.3260612520070776,0.002888067699463722,0.004827490102962341,4,1
2,4,2,48256.702,8,265.8133369926348,2227048.0,8,264.2057261335757,0.021668460670807275,0.0001193844856277647,48256.702,8,265.8133369926348,728515.0,8,264.2057261335757,0.06623981935855816,0.00036566005915653174,0.5982545044870187,0.036219469319979776,0.0001995546790410421,0.5467929965799376,0.3271213732259026,0.0025513111815244145,0.004264591678606868,4,2
2,4,3,46889.452900000004,8,243.52434184128086,1802708.0,8,249.68407832247573,0.02601056460613699,0.00013513609783346984,46889.452900000004,8,243.52434184128086,589921.0,8,249.68407832247573,0.07948429179500306,0.0004141769402044804,0.5982545044870187,0.043477423757034804,0.00022588396212635975,0.5469939125729003,0.32724157212371613,0.0024079502861577423,0.004024959725497547,4,3
2,4,4,44462.2074,8,231.24439416501667,1449879.0,8,229.4973436355323,0.030666150347718673,0.00015956605015038066,44462.2074,8,231.24439416501667,474322.0,8,229.4973436355323,0.09373844645620485,0.0004896313168717124,0.5982545044870187,0.05125937225330844,0.00026671934595327905,0.5468340279914615,0.32714592045267227,0.002411984139461332,0.0040317024299374405,4,4
2,4,5,80880.515,8,314.8083631147527,2086132.0,8,305.57458793502445,0.03877056437464168,0.00015101211770401186,80880.515,8,314.8083631147527,681740.0,8,305.57458793502445,0.11863835919852143,0.0004648236886760785,0.5982545044870187,0.06480613866482463,0.00025242119628250724,0.5462494517172343,0.32679619506339963,0.001805436176592363,0.003017839670326358,4,5
2,4,6,60060.94,8,260.35477478984325,1315081.0,8,260.0068675043796,0.04567090544232637,0.0001981820412724026,60060.94,8,260.35477478984325,429983.0,8,260.0068675043796,0.13968212696781035,0.0006113629848686794,0.5982545044870187,0.07634026171100458,0.0003312671108800701,0.5465284884199761,0.32696313002773214,0.002015177441321787,0.0033684283631925647,4,6
2,4,7,41679.885,8,214.1323619881404,825716.0,8,210.77883183363076,0.05047726458007354,0.0002596492269119018,41679.885,8,214.1323619881404,270263.0,8,210.77883183363076,0.15421972301054898,0.0008013883013591708,0.5982545044870187,0.08437423237348785,0.00043401131953789716,0.5471040326516243,0.3273074519568472,0.0023932013889397855,0.004000306510005918,4,7
2,4,8,38161.363,8,204.58313695461317,697437.0,8,200.1439314150444,0.05471657368335778,0.00029375561091602077,38161.363,8,204.58313695461317,228712.0,8,200.1439314150444,0.16685334831578577,0.0009063397366124548,0.5982545044870187,0.09146036222539643,0.0004910211435313896,0.5481481980948865,0.32793212863670845,0.0025045260785499734,0.004186389002950363,4,8
2,4,9,20103.043,8,146.4311276716805,351166.0,8,142.52087711907333,0.05724655291229789,0.000417632253054432,20103.043,8,146.4311276716805,115351.0,8,142.52087711907333,0.1742771454083623,0.001287572298835889,0.5982545044870187,0.09568929691784722,0.0006980845943024472,0.5490639446361725,0.3284799781300012,0.0034105872717341223,0.005700896936260557,4,9
2,4,10,12775.967,8,115.99516502626305,220842.0,8,111.19982458740661,0.05785116508635133,0.0005260476485300083,12775.967,8,115.99516502626305,73303.0,8,111.19982458740661,0.17428982442737678,0.0016043429617174857,0.5982545044870187,0.09669992394951808,0.0008793041165332719,0.5548225449605125,0.33192508671357807,0.004294774804860382,0.007178842403439977,4,10
2,4,11,7384.885,8,87.65535950961583,135925.0,8,81.22421950434489,0.05433058672061799,0.0006456970622516913,7384.885,8,87.65535950961583,46891.0,8,81.22421950434489,0.157490456590817,0.0018891439532150351,0.5982545044870187,0.09081517366460028,0.0010793016306753142,0.5766392175784418,0.3449770093801729,0.00582521683394754,0.009737021268134787,4,11
2,5,1,34032.963,8,216.94859577948412,1573751.0,8,220.10361279742776,0.021625379745588726,0.0001378876356311171,34032.963,8,216.94859577948412,508113.0,8,220.10361279742776,0.06697912275419052,0.0004279538479572533,0.5982545044870187,0.03614745828638883,0.00023048323848284387,0.5396824682080101,0.3228674675981143,0.0029144008078753605,0.00487150666817687,5,1
2,5,2,29854.731,8,194.78746348037544,1300973.0,8,194.70678523376273,0.022948001995429575,0.0001497638328038831,29854.731,8,194.78746348037544,422443.0,8,194.70678523376273,0.07067161960311805,0.0004622467092548135,0.5982545044870187,0.038358260277716834,0.00025033465135761927,0.5427675280845616,0.3247131185658734,0.003000273153687364,0.005015044819863057,5,2
2,5,3,27207.1227,8,180.44341142052707,1071979.0,8,180.1111238517699,0.025380275826298836,0.00016838138186853362,27207.1227,8,180.44341142052707,348408.0,8,180.1111238517699,0.07808983347110285,0.0005194792624780172,0.5982545044870187,0.042423877523599246,0.00028145443219506467,0.5432701753589756,0.3250138295619597,0.00305353821813059,0.0051040789417020555,5,3
2,5,4,25124.214,8,167.38102508871785,878192.0,8,168.13580462962076,0.02860902171734655,0.00019067598961518156,25124.214,8,167.38102508871785,285828.0,8,168.13580462962076,0.08789976489357236,0.0005878788185001971,0.5982545044870187,0.04782082124375768,0.0003187205247684332,0.5440381018272161,0.3254732450306994,0.0030731103104364344,0.005136794269642004,5,4
2,5,5,47222.442500000005,8,229.03220212343962,1303741.0,8,230.69149670482352,0.0362207236713427,0.00017578995718278484,47222.442500000005,8,229.03220212343962,425778.0,8,230.69149670482352,0.11090860143079258,0.0005412606704353061,0.5982545044870187,0.060544004933821005,0.0002938380837324715,0.5458909782718765,0.32658173670997537,0.0022477567445777957,0.0037571915091640885,5,5
2,5,6,37640.9703,8,202.66344961284065,861163.0,8,203.12824059915943,0.043709460694432996,0.00023556265349482968,37640.9703,8,202.66344961284065,281837.0,8,203.12824059915943,0.13355581524072424,0.0007254943718474128,0.5982545044870187,0.07306164912525356,0.00039374990364145446,0.5470495537282707,0.3272748596955513,0.0025042955020336145,0.004186003587521595,5,6
2,5,7,27956.370000000003,8,175.15282937957355,565586.0,8,171.97043557272977,0.0494290346649316,0.0003100482909153011,27956.370000000003,8,175.15282937957355,184954.0,8,171.97043557272977,0.15115309752695266,0.000957379439759449,0.5982545044870187,0.08262208523998525,0.0005182548373474533,0.546611922559196,0.32701304487734845,0.0029150597075510726,0.004872608038364258,5,7
2,5,8,27003.1848,8,170.72271006080268,500435.0,8,169.18743834618928,0.05395942490033671,0.00034163602781203515,27003.1848,8,170.72271006080268,164203.0,8,169.18743834618928,0.16445000883053293,0.0010534217764249859,0.5982545044870187,0.09019476576545786,0.0005710546686229726,0.54846312509721,0.32812053513443307,0.002955259271898601,0.004939802792513241,5,8
2,5,9,15214.984,8,126.98915665355055,259168.0,8,123.19491675020524,0.058707031732312634,0.0004907818226757785,15214.984,8,126.98915665355055,85492.0,8,123.19491675020524,0.1779696813736958,0.0015073685822093283,0.5982545044870187,0.09813053022083262,0.0008203562513860317,0.5513890313416973,0.3298709717249043,0.003925667640582116,0.006561868922237756,5,9
2,5,10,10200.41,8,103.62855465686086,159375.0,8,98.62001413455587,0.0640025725490196,0.0006514233989723896,10200.41,8,103.62855465686086,53175.0,8,98.62001413455587,0.19182717442407146,0.0019810286428170627,0.5982545044870187,0.10698218244741753,0.0010888733709259093,0.5577008719886188,0.33364705882352935,0.004837806863939831,0.008086536461748957,5,10
2,5,11,6608.122,8,83.29534965116599,87416.0,8,76.09182711415201,0.07559396449162625,0.0009551308994207807,6608.122,8,83.29534965116599,30437.0,8,76.09182711415201,0.2171081906889641,0.002789952663136274,0.5982545044870187,0.1263575350033433,0.0015965293905137756,0.5820026163101649,0.34818568683078616,0.0062748762402398866,0.01048864019105107,5,11
2,6,1,21947.549,8,167.66428460343008,835599.0,8,172.72379026966726,0.026265647756878598,0.00020072504991772207,21947.549,8,167.66428460343008,269782.0,8,172.72379026966726,0.08135290345538249,0.0006236593644745682,0.5982545044870187,0.043903802745957475,0.00033551782462521774,0.5396709998191552,0.3228606065828226,0.003494821888080793,0.005841697574976848,6,1
2,6,2,17940.93,8,143.35656677466855,701231.0,8,144.52480569902178,0.025584907113347814,0.00020450357497381604,17940.93,8,143.35656677466855,227050.0,8,144.52480569902178,0.07901752917859503,0.0006333878619728007,0.5982545044870187,0.04276592473847888,0.0003418337403897533,0.5412207289071207,0.3237877389904325,0.00366528662547817,0.00612663439721364,6,2
2,6,3,15429.110999999999,8,132.9461363540137,583787.0,8,134.6864131047746,0.02642935008830275,0.00022781217038535958,15429.110999999999,8,132.9461363540137,190068.0,8,134.6864131047746,0.08117679462087253,0.0007018275426608514,0.5982545044870187,0.0441774360077154,0.00038079474316821094,0.5442126190623977,0.3255776507527574,0.003974797806255331,0.006643991439167808,6,3
2,6,4,13405.734649999999,8,120.48216615200815,485418.0,8,122.8571287744769,0.02761688822828984,0.0002483013224192627,13405.734649999999,8,120.48216615200815,158245.0,8,122.8571287744769,0.08471505987550948,0.0007642002685750457,0.5982545044870187,0.04616244093635419,0.00041504296341599966,0.5449142219127372,0.32599738781833393,0.004151984680777073,0.006940164511318218,6,4
2,6,5,23954.406,8,162.4768579344763,735210.0,8,165.67024469185768,0.0325817195087118,0.00022111573111518426,23954.406,8,162.4768579344763,240711.0,8,165.67024469185768,0.09951521118685892,0.0006784533248520648,0.5982545044870187,0.054461302446271474,0.00036960144797368956,0.5472661093389022,0.3274044150650835,0.0031494873670880877,0.005264460766222993,6,5
2,6,6,19921.239999999998,8,150.41053782152366,496577.0,8,146.15816661551963,0.040117121815952006,0.0003031247552679303,19921.239999999998,8,150.41053782152366,163379.0,8,146.15816661551963,0.12193268412709099,0.0009270631454762556,0.5982545044870187,0.06705694903267126,0.0005066819438791333,0.54995056914172,0.3290104052342336,0.003526705782894848,0.005894992442921711,6,6
2,6,7,15398.259,8,127.90518536677862,331098.0,8,128.7862822140231,0.04650665059891633,0.00038672943324341157,15398.259,8,127.90518536677862,109352.0,8,128.7862822140231,0.1408136933938108,0.0011813629672308085,0.5982545044870187,0.07773723432102543,0.0006464296220803518,0.5520573493063582,0.33027079595769226,0.0039012968794002543,0.0065211324781339905,6,7
2,6,8,15978.95,8,129.57644035541338,293532.0,8,127.72276637451915,0.05443682460515378,0.000442073926463859,15978.95,8,129.57644035541338,98145.0,8,127.72276637451915,0.16280961842172298,0.0013371479872724555,0.5982545044870187,0.09099275341325072,0.0007389395702802459,0.5588905268333333,0.3343587751931646,0.003861822387926829,0.006455149704619777,6,8
2,6,9,9117.863000000001,8,97.62173697758097,151314.0,8,92.64996017376154,0.06025789418031379,0.0006462141421748667,9117.863000000001,8,97.62173697758097,50852.0,8,92.64996017376154,0.17930195469204754,0.0019473198953681263,0.5982545044870187,0.10072284241634374,0.00108016594497516,0.5617498291601783,0.3360693656898899,0.005129424768265877,0.008573984365841374,6,9
2,6,10,5750.321800000001,8,77.64410606016467,88155.0,8,74.41292436689073,0.06522967273552266,0.0008824874385410565,5750.321800000001,8,77.64410606016467,30349.0,8,74.41292436689073,0.18947318857293488,0.00260021262130287,0.5982545044870187,0.1090333165003993,0.0014751037090773886,0.5754551201761644,0.344268617775509,0.00663432526778716,0.011089469812644122,6,10
2,6,11,2943.9184999999998,8,55.829706388348484,37411.0,8,49.70795505649473,0.07869125390927802,0.001495992265926986,2943.9184999999998,8,55.829706388348484,13921.0,8,49.70795505649473,0.21147320594784855,0.004080935616192175,0.5982545044870187,0.13153474536184712,0.002500595072342572,0.6219924872860013,0.3721098072759349,0.010080082437460846,0.016849154267721142,6,11
2,7,1,11405.730000000001,8,115.07873040501447,355778.0,8,117.47451697644898,0.03205855898903249,0.00032362972968877964,11405.730000000001,8,115.07873040501447,116031.0,8,117.47451697644898,0.09829898906326759,0.0009967737507917498,0.5982545044870187,0.05358682425052784,0.0005409566117120677,0.5451411531408331,0.3261331504477511,0.004666465875961851,0.007800134960894567,7,1
2,7,2,8594.0253,8,97.05071418028875,293572.0,8,98.4561292387838,0.029273995135775888,0.000330731481483451,8594.0253,8,97.05071418028875,95838.0,8,98.4561292387838,0.08967241908220121,0.001016835378955094,0.5982545044870187,0.04893234387073653,0.0005528273987122607,0.5456788650463535,0.32645483901734496,0.005225552675162221,0.00873466498951469,7,2
2,7,3,6997.5547,8,86.91885877058039,244908.0,8,90.52067541883733,0.02857217689908047,0.0003550612088467222,6997.5547,8,86.91885877058039,80885.0,8,90.52067541883733,0.08651239043085862,0.0010789507221855,0.5982545044870187,0.04775923404635301,0.0005934952535813737,0.552050796521714,0.330266875724762,0.005814642528011458,0.009719346004753113,7,3
2,7,4,5869.4387,8,78.88960751851666,201948.0,8,80.98033761370719,0.029064109077584326,0.0003908169880816447,5869.4387,8,78.88960751851666,67051.0,8,80.98033761370719,0.0875369300979851,0.0011813016125991256,0.5982545044870187,0.04858151315133972,0.0006532620902148593,0.5549830579728995,0.33202111434626735,0.006325211340489569,0.010572776791564998,7,4
2,7,5,9950.778,8,104.96827068162074,301085.0,8,104.21542101149379,0.033049730142650745,0.00034882097652962367,9950.778,8,104.96827068162074,101081.0,8,104.21542101149379,0.09844360463390746,0.0010434051948701446,0.5982545044870187,0.05524359598594193,0.000583064521726794,0.5611699834781759,0.3357224703987246,0.005021661320932364,0.008393854594104987,7,5
2,7,6,7814.725,8,90.72239036864053,197373.0,8,89.63419021751689,0.03959368809310291,0.0004600010086151578,7814.725,8,90.72239036864053,66471.0,8,89.63419021751689,0.11756593100750704,0.0013740181462955161,0.5982545044870187,0.06618201416979391,0.0007689052153641398,0.5629353129995452,0.33677858673678773,0.005549900510626342,0.009276821936151036,7,6
2,7,7,5834.2970000000005,8,78.51510426064529,125586.0,8,74.46888216120878,0.046456587517716946,0.0006257965531222484,5834.2970000000005,8,78.51510426064529,43189.0,8,74.46888216120878,0.13508756859385493,0.001832803322963569,0.5982545044870187,0.07765355240835466,0.001046037344355386,0.5748386266527791,0.34389979774815665,0.006574998716693238,0.010990303737589168,7,7
2,7,8,5295.5650000000005,8,74.57369612571178,100437.0,8,70.21208128349423,0.052725240698149094,0.0007434065603763711,5295.5650000000005,8,74.57369612571178,35550.0,8,70.21208128349423,0.14896104078762307,0.0021182432001335652,0.5982545044870187,0.08813179057190561,0.0012426259306042586,0.591643225006443,0.35395322440933125,0.007088008046549165,0.011847813920978119,7,8
2,7,9,2377.2400000000002,8,52.35468873262451,40209.0,8,45.24467374973545,0.059122087094929,0.0013037623438424423,2377.2400000000002,8,52.35468873262451,14890.0,8,45.24467374973545,0.15965345869711217,0.0035494061027932945,0.5982545044870187,0.09882430746697682,0.002179277103747628,0.618992587279065,0.3703151035837748,0.011595957347400742,0.019382983764315905,7,9
2,7,10,941.4597,8,31.772240446649334,15219.0,8,28.19868604852538,0.06186081214271634,0.002090813502802602,941.4597,8,31.772240446649334,6054.0,8,28.19868604852538,0.1555103567888999,0.005297891223619407,0.5982545044870187,0.10340216693522386,0.0034948562645514855,0.6649214179065182,0.39779223339246994,0.019089731692538935,0.031909047987708314,7,10
2,7,11,72.6823,8,9.672789195061577,2575.0,8,10.114018741662486,0.028226135922330097,0.0037580586628244168,72.6823,8,9.672789195061577,1106.0,8,10.114018741662486,0.06571636528028933,0.008766363405016995,0.5982545044870187,0.04718081637602207,0.006281705586231757,0.7179462250352617,0.4295145631067961,0.08095101947556411,0.13531200996969783,7,11
2,8,1,2261.9024,8,50.509219348096245,69589.0,8,51.768724163379765,0.032503734785670146,0.0007262245489478812,2261.9024,8,50.509219348096245,23889.0,8,51.768724163379765,0.09468384612164595,0.0021242623226131424,0.5982545044870187,0.054330948688035216,0.001213905693147421,0.5738143401804044,0.34328701375217346,0.010869490418139185,0.018168672925345332,8,1
2,8,2,1612.7646,8,41.892160738764716,52438.0,8,41.55502621588031,0.030755646668446546,0.0007992610643353795,1612.7646,8,41.892160738764716,18364.0,8,41.55502621588031,0.0878220758004792,0.002289850888419102,0.5982545044870187,0.051408967985654176,0.001335988376753998,0.5853763705431985,0.3502040504977307,0.012892021028411369,0.02154939232670852,8,2
2,8,3,1046.9815999999998,8,33.73995020172526,37728.0,8,33.29756456657003,0.027750784563189138,0.0008946300108511225,1046.9815999999998,8,33.73995020172526,13450.0,8,33.29756456657003,0.07784249814126393,0.0025159378102532267,0.5982545044870187,0.0463862525982724,0.0014954003758287369,0.5958988175597011,0.3564991518235793,0.016274208704756044,0.027202818503992015,8,3
2,8,4,740.287,8,28.42764430567542,26991.0,8,26.287743446328747,0.027427179430180432,0.0010535654859785402,740.287,8,28.42764430567542,10104.0,8,26.287743446328747,0.07326672604908947,0.002819953970347245,0.5982545044870187,0.04584533710063451,0.0017610656970847784,0.6257320283414555,0.3743470045570746,0.020356241358517307,0.03402605614473733,8,4
2,8,5,896.0310000000001,8,30.97286557433942,29951.0,8,29.9800861487438,0.029916563720743885,0.0010345513981006107,896.0310000000001,8,30.97286557433942,11371.0,8,29.9800861487438,0.07879966581655089,0.002731758897304186,0.5982545044870187,0.050006416159617956,0.0017292830899580116,0.6346018811302463,0.37965343394210543,0.01859011926211411,0.031073931115745555,8,5
2,8,6,245.34730000000002,8,16.235586267073945,12013.0,8,14.232596099447212,0.02042348289353201,0.0013517179883440358,245.34730000000002,8,16.235586267073945,4812.0,8,14.232596099447212,0.050986554447215296,0.0033773473793968552,0.5982545044870187,0.03413845234820989,0.002259436373994517,0.6695579397025604,0.4005660534421044,0.03750830107778725,0.06269622843867971,8,6
2,8,7,30.8976,8,5.82967,3870.0,8,6.79786,0.007983875968992249,0.0015064399566279186,30.8976,8,5.82967,1681.0,8,6.79786,0.01838048780487805,0.0034687738598746017,0.5982545044870187,0.013345283502442042,0.002518058694634712,0.7260570907644953,0.4343669250645995,0.1159178319524853,0.193760065462241,8,7
2,8,8,0.0,8,0.0,1099.0,8,0.0,0.0,,0.0,8,0.0,502.0,8,0.0,0.0,,0.5982545044870187,0.0,,,,,,8,8
2,8,9,0.0,8,0.0,39.0,8,0.0,0.0,,0.0,8,0.0,19.0,8,0.0,0.0,,0.5982545044870187,0.0,,,,,,8,9
2,8,10,0.0,8,0.0,0.0,8,0.0,,,0.0,8,0.0,0.0,8,0.0,,,0.5982545044870187,,,,,,,8,10
2,8,11,0.0,8,0.0,0.0,8,0.0,,,0.0,8,0.0,0.0,8,0.0,,,0.5982545044870187,,,,,,,8,11
3,1,1,10269.376,8,256.4837315982439,93667700.0,8,262.3288717204799,0.00010963625668186579,2.7382302886777924e-06,10269.376,8,256.4837315982439,27230080.0,8,262.3288717204799,0.000377133522927586,9.419133204120959e-06,0.5741155744828406,0.00019096548074074701,4.769475712524211e-06,0.5063603979257357,0.2907093907504935,0.010268094209595888,0.01788506472559174,1,1
3,1,2,8957.533,8,153.79700003579393,38881860.0,8,143.00798020491723,0.0002303782020716087,3.955495019131826e-06,8957.533,8,153.79700003579393,11303880.0,8,143.00798020491723,0.0007924299444084685,1.3605685993353942e-05,0.5741155744828406,0.00040127495631716984,6.8897190651810985e-06,0.5063854024556237,0.2907237462405348,0.007059192344425199,0.01229576875837948,1,2
3,1,3,5877.282,8,94.52269326040175,19268570.0,8,90.75462255141609,0.00030501910624400254,4.905537739119102e-06,5877.282,8,94.52269326040175,5619435.0,8,90.75462255141609,0.001045884862090228,1.6820684093464793e-05,0.5741155744828406,0.0005312851972684449,8.544512563586133e-06,0.5079767539675999,0.29163736592803724,0.006633119813703061,0.011553631548278636,1,3
3,1,4,2972.1405999999997,8,61.376365863796465,10466300.0,8,59.451980199821776,0.0002839724257856167,5.864189654964177e-06,2972.1405999999997,8,61.376365863796465,3060987.0,8,59.451980199821776,0.0009709745908754267,2.0051177287097622e-05,0.5741155744828406,0.0004946258878996919,1.0214301641697493e-05,0.5094117730246053,0.2924612327183436,0.008541127952761239,0.0148770183781463,1,4
3,1,5,1157.8082,8,37.043591113195276,9601220.0,8,39.95856076427803,0.00012058969589281361,3.858217125177199e-06,1157.8082,8,37.043591113195276,2817713.0,8,39.95856076427803,0.00041090352353131775,1.3146688378830467e-05,0.5741155744828406,0.0002100442859461529,6.720279498866853e-06,0.5111766483310383,0.293474475118787,0.013278891314974414,0.02312929992699806,1,5
3,1,6,0.0,8,0.0,3456843.0,8,4.95307,0.0,,0.0,8,0.0,1026026.0,8,4.95307,0.0,,0.5741155744828406,0.0,,,,,,1,6
3,1,7,0.0,8,0.0,1228940.0,8,0.0,0.0,,0.0,8,0.0,374433.0,8,0.0,0.0,,0.5741155744828406,0.0,,,,,,1,7
3,1,8,0.0,8,0.0,460380.0,8,0.0,0.0,,0.0,8,0.0,149762.0,8,0.0,0.0,,0.5741155744828406,0.0,,,,,,1,8
3,1,9,0.0,8,0.0,55395.0,8,0.0,0.0,,0.0,8,0.0,20184.0,8,0.0,0.0,,0.5741155744828406,0.0,,,,,,1,9
3,1,10,0.0,8,0.0,3268.0,8,0.0,0.0,,0.0,8,0.0,1300.0,8,0.0,0.0,,0.5741155744828406,0.0,,,,,,1,10
3,1,11,0.0,8,0.0,3.0,8,0.0,0.0,,0.0,8,0.0,0.0,8,0.0,,,0.5741155744828406,0.0,,,,,,1,11
3,2,1,101664.38,8,652.1389105318053,9650710.0,8,685.9129191486336,0.010534393842525577,6.757833770048271e-05,101664.38,8,652.1389105318053,2752251.0,8,685.9129191486336,0.03693862950726515,0.00023712623271519425,0.5741155744828406,0.01834890797382546,0.00011770859510536153,0.4967403560604913,0.2851863748884797,0.002588166497790199,0.004508093165947644,2,1
3,2,2,85849.137,8,458.7395437217071,7342621.0,8,448.81718921744744,0.011691892717872814,6.248035353438085e-05,85849.137,8,458.7395437217071,2098665.0,8,448.81718921744744,0.040906546304436395,0.0002187613495446112,0.5741155744828406,0.020365050588297996,0.0001088288775141882,0.49784331428853396,0.28581960038520304,0.002160853293231642,0.0037637949382894266,2,2
3,2,3,78076.1,8,378.3244990291403,5471145.0,8,344.75240679464446,0.014270522897857763,6.915490023066064e-05,78076.1,8,378.3244990291403,1562364.0,8,344.75240679464446,0.0499730536545901,0.00024239970457631474,0.5741155744828406,0.02485653330466179,0.0001204546668028557,0.4973987276516707,0.2855643562727729,0.0019579821566871225,0.003410432051857955,2,3
3,2,4,55864.66,8,271.58412390045925,4027623.0,8,267.7928328204659,0.013870379625898453,6.74366799209147e-05,55864.66,8,271.58412390045925,1150473.0,8,267.7928328204659,0.048557993103706044,0.00023633344710381003,0.5741155744828406,0.024159559925530323,0.00011746185422971884,0.4975403302589624,0.2856456525350064,0.0019650738808409496,0.003422784484833171,2,4
3,2,5,59945.69,8,284.6955303293854,5166360.0,8,272.41153159502994,0.011603080311863672,5.5109027660550774e-05,59945.69,8,284.6955303293854,1476278.0,8,272.41153159502994,0.040605963104510125,0.00019299233690938143,0.5741155744828406,0.0202103562898736,9.598943158821743e-05,0.4977189246283097,0.28574818634396365,0.0019199874158659478,0.0033442524488130447,2,5
3,2,6,22299.058,8,159.65876158557663,2909091.0,8,159.52538845506692,0.0076653009479593455,5.488430723055511e-05,22299.058,8,159.65876158557663,831533.0,8,159.52538845506692,0.026816804624711227,0.00019207423398713347,0.5741155744828406,0.013351494522447325,9.55980113934281e-05,0.49787790563772655,0.28583945981751685,0.002894861038622679,0.0050422966512106045,2,6
3,2,7,6395.5621,8,83.49441386404243,1693457.0,8,84.91669136512621,0.0037766309389609537,4.93044876594858e-05,6395.5621,8,83.49441386404243,484580.0,8,84.91669136512621,0.013198155309752775,0.0001723181629125197,0.5741155744828406,0.006578171899208478,8.587902828432925e-05,0.49841600926968477,0.28614839349330984,0.005283310964038803,0.009202521580777483,2,7
3,2,8,1172.6085,8,35.606713025087,1291652.0,8,45.8499513257866,0.0009078362438179943,2.7566819355717667e-05,1172.6085,8,35.606713025087,374573.0,8,45.8499513257866,0.003130520619478713,9.50602481340063e-05,0.5741155744828406,0.001581277854438572,4.80161496760468e-05,0.5051165753707391,0.2899952928497769,0.012453364663410817,0.021691389707775694,2,8
3,2,9,0.0,8,0.0,480583.0,8,5.812375519114367,0.0,,0.0,8,0.0,147370.0,8,5.812375519114367,0.0,,0.5741155744828406,0.0,,,,,,2,9
3,2,10,0.0,8,0.0,150902.0,8,0.0,0.0,,0.0,8,0.0,50641.0,8,0.0,0.0,,0.5741155744828406,0.0,,,,,,2,10
3,2,11,0.0,8,0.0,16812.0,8,0.0,0.0,,0.0,8,0.0,6349.0,8,0.0,0.0,,0.5741155744828406,0.0,,,,,,2,11
3,3,1,92449.18,8,504.82995163603357,4668074.0,8,517.7958194485158,0.019804566080143544,0.00010816754278055018,92449.18,8,504.82995163603357,1329536.0,8,517.7958194485158,0.06953492045345143,0.000380668347738992,0.5741155744828406,0.034495782661850556,0.0001884072608167559,0.4960929334052086,0.2848146794588089,0.0022024987753241853,0.00383633343740619,3,1
3,3,2,79561.064,8,391.3902825508702,3719910.0,8,380.42918487418916,0.021387900244898398,0.00010523772047907287,79561.064,8,391.3902825508702,1058460.0,8,380.42918487418916,0.07516681216106419,0.00037075894783495186,0.5741155744828406,0.0372536492572327,0.00018330406830344273,0.4956129997558922,0.28453914207601794,0.00198240352281395,0.0034529694210084544,3,2
3,3,3,71511.95,8,325.1997101878014,2931159.0,8,315.4839034602875,0.024397158257194507,0.00011097684692994955,71511.95,8,325.1997101878014,834071.0,8,315.4839034602875,0.0857384443290799,0.0003912409148893574,0.5741155744828406,0.042495203651584094,0.00019330053365982408,0.49563768020422316,0.28455331150579,0.0018334143805507292,0.0031934587076866126,3,3
3,3,4,65469.25,8,284.63738857750224,2283250.0,8,283.31922769579194,0.02867371071936932,0.00012471402410779654,65469.25,8,284.63738857750224,650089.0,8,283.31922769579194,0.10070813380937071,0.0004400380416532676,0.5741155744828406,0.049944143642503346,0.00021722808028703643,0.495929591318235,0.28472090222270885,0.0017553558564218045,0.00305749562359986,3,4
3,3,5,97414.19,8,353.64297567689647,3127649.0,8,341.3180046524648,0.031146138841027238,0.0001131209809817689,97414.19,8,353.64297567689647,887783.0,8,341.3180046524648,0.10972747844912552,0.0004005715245149704,0.5741155744828406,0.05425064259767464,0.00019703520686347432,0.49441255157273684,0.28384994607770886,0.0014617007719641521,0.0025460043881945582,3,5
3,3,6,53674.23,8,248.62751209946578,1845791.0,8,244.2100155394123,0.029079256535544926,0.00013475464408701187,53674.23,8,248.62751209946578,524585.0,8,244.2100155394123,0.10231750812547062,0.00047633833808655027,0.5741155744828406,0.05065052722483504,0.00023471692822198378,0.49503284582266177,0.2842060666673529,0.001866868246655191,0.0032517289717089695,3,6
3,3,7,28490.719999999998,8,176.77622685960915,1097910.0,8,173.61751717856697,0.025949959468444587,0.00016106386685389666,28490.719999999998,8,176.77622685960915,312400.0,8,173.61751717856697,0.09119948783610754,0.0005681303696415468,0.5741155744828406,0.04519988765645338,0.00028054258412860844,0.4956155865445323,0.2845406271916642,0.0025021841399235317,0.004358328272451905,3,7
3,3,8,19485.568,8,144.47417764102346,901826.0,8,140.17403381981984,0.021606793328203002,0.00016023703090382684,19485.568,8,144.47417764102346,258475.0,8,140.17403381981984,0.07538666408743593,0.0005604415190004716,0.5741155744828406,0.03763491932380733,0.0002791023933607223,0.49922515844655385,0.28661293863783033,0.003009647371079266,0.00524223258320476,3,8
3,3,9,6053.8659,8,79.83610358741525,435812.0,8,76.3048649666743,0.013891003230750874,0.0001832054636977527,6053.8659,8,79.83610358741525,127026.0,8,76.3048649666743,0.047658478579188514,0.0006291537522389207,0.5741155744828406,0.024195482317761186,0.0003191090293322611,0.5076847402410966,0.2914697162996888,0.005439002353396416,0.009473706332206426,3,9
3,3,10,1555.208,8,40.56494901143104,230692.0,8,41.451650330957875,0.006741490818927402,0.00017584446591459727,1555.208,8,40.56494901143104,70663.0,8,41.451650330957875,0.022008802343517826,0.0005742072441083866,0.5741155744828406,0.011742393201926443,0.00030628757297343273,0.5335316760380143,0.3063088446933574,0.011300484088522567,0.01968329129322431,3,10
3,3,11,0.0,8,0.0,64959.0,8,9.519456223703116,0.0,,0.0,8,0.0,22198.0,8,9.519456223703116,0.0,,0.5741155744828406,0.0,,,,,,3,11
3,4,1,70380.11,8,357.1565058173657,2744679.0,8,363.7203350243838,0.02564238295261486,0.0001301712373396558,70380.11,8,357.1565058173657,773796.0,8,363.7203350243838,0.09095434714059003,0.0004635399462251085,0.5741155744828406,0.044664147938702665,0.00022673350650156664,0.49106116796885324,0.28192586455465285,0.002027971159231404,0.0035323395660502447,4,1
3,4,2,56503.81,8,278.96507742769523,2239284.0,8,280.53408199778505,0.0252329807206232,0.00012461790186955757,56503.81,8,278.96507742769523,632193.0,8,280.53408199778505,0.08937746858949719,0.0004430444700609777,0.5741155744828406,0.043951047214409567,0.0002170606536529035,0.4917463865112676,0.28231925919177736,0.001975479673858209,0.0034409093946592686,4,2
3,4,3,47717.226,8,250.4217657119285,1811261.0,8,242.01608774129045,0.026344754289967045,0.000138303048907901,47717.226,8,250.4217657119285,511093.0,8,242.01608774129045,0.09336309830109198,0.0004919634611072315,0.5741155744828406,0.04588754505344716,0.00024089757368537414,0.49149552541049785,0.28217523592679356,0.002098857737299459,0.0036558104858766386,4,3
3,4,4,43041.61,8,226.75771009884096,1453507.0,8,224.93219019175535,0.029612248169427462,0.00015607459401509075,43041.61,8,226.75771009884096,411817.0,8,224.93219019175535,0.10451635070917423,0.0005535786641420969,0.5741155744828406,0.05157889715167887,0.000271852220967323,0.49350074702858315,0.283326464888026,0.0021170578838900144,0.003687511675322597,4,4
3,4,5,76213.461,8,299.0354935844573,2069618.0,8,297.5269921533339,0.03682489280630532,0.00014458520496488702,76213.461,8,299.0354935844573,586301.0,8,297.5269921533339,0.12999033090511528,0.0005142856136833937,0.5741155744828406,0.06414195058107758,0.0002518398932046538,0.49343632048984587,0.2832894766087269,0.0015790271427055553,0.0027503645831728784,4,5
3,4,6,52960.051,8,242.9060257734254,1286282.0,8,239.7744997277859,0.041172970623860085,0.00018899942423266137,52960.051,8,242.9060257734254,365148.0,8,239.7744997277859,0.14503722052428056,0.0006720091846326108,0.5741155744828406,0.07171547412025604,0.0003292010052207881,0.4944625514817434,0.28387865180419225,0.0018515232564508906,0.0032250009209708864,4,6
3,4,7,32397.664,8,188.07925049321628,793903.0,8,183.69092565771996,0.040808088645590206,0.00023709265841240188,32397.664,8,188.07925049321628,225677.0,8,183.69092565771996,0.14355766870350103,0.0008415519281310205,0.5741155744828406,0.07107991919980547,0.00041297026060645257,0.4951314676655236,0.2842626870033241,0.0023461551040663215,0.004086555405119818,4,7
3,4,8,25900.576,8,166.4827014933984,657282.0,8,163.9482700067311,0.039405576297540476,0.0002534802504139494,25900.576,8,166.4827014933984,186483.0,8,163.9482700067311,0.13888974330099796,0.0009010618852729352,0.5741155744828406,0.0686370097746203,0.0004415143251291914,0.49418343027585626,0.283718403972724,0.00259206460728425,0.004514882930356252,4,8
3,4,9,11436.447,8,109.70942080277335,312881.0,8,106.97042963281955,0.03655206612098529,0.00035086526111691185,11436.447,8,109.70942080277335,90164.0,8,106.97042963281955,0.12684050175236236,0.001226046441779336,0.5741155744828406,0.06366673845054831,0.0006111404684204377,0.5019432876010563,0.28817345891888607,0.003925662273562207,0.006837756103548345,4,9
3,4,10,5904.799,8,78.71153681087671,170671.0,8,72.7495637433655,0.03459755318712611,0.00046142442983143633,5904.799,8,78.71153681087671,50779.0,8,72.7495637433655,0.11628427105693298,0.001559007398348881,0.5741155744828406,0.06026234912420091,0.0008037134861688508,0.5182330213404044,0.2975256487628244,0.00562643855166224,0.009800184495483331,4,10
3,4,11,2001.7624,8,45.74736137043534,59675.0,8,41.16083475900118,0.03354440552995392,0.0007669575624476612,2001.7624,8,45.74736137043534,19844.0,8,41.16083475900118,0.1008749445676275,0.0023148256444179894,0.5741155744828406,0.058427966459837805,0.0013358940194899457,0.5792118817043528,0.3325345622119816,0.010771999820012479,0.018762772338506623,4,11
3,5,1,55678.159999999996,8,278.2893452037825,1631018.0,8,280.3105395748794,0.034137060412576685,0.00017072393513354437,55678.159999999996,8,278.2893452037825,460569.0,8,280.3105395748794,0.12088994265788622,0.0006086925350743471,0.5741155744828406,0.05946025840411509,0.00029736858347264195,0.49185446776482705,0.2823813103227555,0.002003982703954316,0.00349055624515933,5,1
3,5,2,36703.564,8,213.43799796819215,1340487.0,8,213.7700988893676,0.027380768332702966,0.00015928408106986525,36703.564,8,213.43799796819215,378658.0,8,213.7700988893676,0.09693064453939966,0.0005663195959421287,0.5741155744828406,0.04769208422427379,0.00027744253622338544,0.49202277000116573,0.2824779352578578,0.0023289768156620925,0.004056634098038568,5,2
3,5,3,29463.108,8,182.8458569387067,1097256.0,8,188.45133724696677,0.02685162623854415,0.00016670299722665644,29463.108,8,182.8458569387067,311487.0,8,188.45133724696677,0.09458856388870161,0.0005897924594401162,0.5741155744828406,0.04677041946254796,0.00029036487535949776,0.4944616721063737,0.2838781469410967,0.002497846293724931,0.004350772570444503,5,3
3,5,4,25624.7332,8,169.15094728124257,894610.0,8,171.70545135253454,0.028643468326980472,0.00018915777114190063,25624.7332,8,169.15094728124257,253131.0,8,171.70545135253454,0.10123111432420367,0.0006717536962866307,0.5741155744828406,0.04989146715412191,0.0003294768153821514,0.49284715956340314,0.28295123014497936,0.00264896629500444,0.00461399483438611,5,4
3,5,5,46569.6067,8,231.06412225300147,1321157.0,8,227.63377589334144,0.035249108697906456,0.00017500069882613644,46569.6067,8,231.06412225300147,374142.0,8,227.63377589334144,0.12447040615595148,0.0006222097863152773,0.5741155744828406,0.061397234746085085,0.00030481789138672277,0.49326773039656713,0.283192686410472,0.0019951857156006577,0.0034752335666871736,5,5
3,5,6,36317.8781,8,197.36336475356816,862592.0,8,197.38790650095564,0.042103193746290256,0.00022900544139689867,36317.8781,8,197.36336475356816,245118.0,8,197.38790650095564,0.1481648761004904,0.0008139691062229962,0.5741155744828406,0.07333574565402885,0.00039888386864123175,0.49496039536583614,0.28416447173171094,0.002196808946789106,0.00382642283963116,5,6
3,5,7,24931.6131,8,163.24041674159284,549947.0,8,161.7447445923372,0.04533457424079047,0.00029712867180473485,24931.6131,8,163.24041674159284,157256.0,8,161.7447445923372,0.15854156979701886,0.0010507852094363244,0.5741155744828406,0.07896419511285259,0.0005175415630770622,0.4980661867669825,0.2859475549462039,0.0026653722172226726,0.00464257082665563,5,7
3,5,8,21955.6892,8,152.3230164178497,458927.0,8,149.24476286724433,0.04784135428946216,0.0003322756525264807,21955.6892,8,152.3230164178497,132232.0,8,149.24476286724433,0.1660391523988142,0.0011670816669819535,0.5741155744828406,0.0833305285831295,0.0005787609103372476,0.5018727654244797,0.288132971038967,0.002847189618074491,0.004959262114843723,5,8
3,5,9,10341.094,8,104.04554836786627,212803.0,8,100.14983656546825,0.048594681465956774,0.0004894635306889162,10341.094,8,104.04554836786627,62668.0,8,100.14983656546825,0.16501394651177634,0.001681078699085038,0.5741155744828406,0.08464268106596923,0.0008525522602828214,0.5129425897339449,0.2944883295818198,0.004218874500925612,0.007348475966230223,5,9
3,5,10,5655.072,8,76.98910125056663,105516.0,8,70.03272047121973,0.053594450130785856,0.0007305104325153413,5655.072,8,76.98910125056663,32559.0,8,70.03272047121973,0.17368690684603336,0.0023939333410619573,0.5741155744828406,0.09335132595743179,0.0012724100598967031,0.5374689874590494,0.3085693165017628,0.005981457200489521,0.010418559374351717,5,10
3,5,11,1786.001,8,43.51121642197561,30419.0,8,39.73930465003634,0.05871333705907492,0.0014324510836170978,1786.001,8,43.51121642197561,10541.0,8,39.73930465003634,0.16943373493975902,0.004176937676911674,0.5741155744828406,0.1022674521797523,0.002495057001209974,0.6035837681091831,0.3465268417765213,0.012018885182325974,0.020934609191106693,5,11
3,6,1,38108.81,8,213.60082499510622,883291.0,8,216.3201410115341,0.04314411671804649,0.0002420545682436814,38108.81,8,213.60082499510622,250549.0,8,216.3201410115341,0.15210122570834447,0.0008625860977843975,0.5741155744828406,0.07514883524438509,0.00042161296261945607,0.4940712009019815,0.2836539713412681,0.002262805284436947,0.003941375891910382,6,1
3,6,2,22460.6337,8,159.70583721751626,733149.0,8,161.91899633177016,0.030635837599178338,0.0002179404957636837,22460.6337,8,159.70583721751626,207381.0,8,161.91899633177016,0.1083061307448609,0.0007747372473071738,0.5741155744828406,0.05336179501274616,0.0003796108404827774,0.4926941314010349,0.2828633742936293,0.0028536440359992455,0.004970504481732252,6,2
3,6,3,16795.722999999998,8,134.67566806926223,603736.0,8,138.78560551141823,0.02781964799183749,0.0002231621122676178,16795.722999999998,8,134.67566806926223,171950.0,8,138.78560551141823,0.09767794707763884,0.0007871836505386164,0.5741155744828406,0.04845652901316471,0.00038870590206273493,0.49608463796489577,0.2848099169173281,0.0032385202706939832,0.005640885589301808,6,3
3,6,4,13831.304,8,121.10428676479623,493720.0,8,122.25212814861098,0.028014469739933566,0.00024538747499010927,13831.304,8,121.10428676479623,141345.0,8,122.25212814861098,0.09785492235310765,0.0008609693864773216,0.5741155744828406,0.048795871397790964,0.000427418251475154,0.49865525641839437,0.2862857490075346,0.0035543025422407116,0.006190918170862032,6,4
3,6,5,23402.2713,8,158.56683108687957,722597.0,8,161.07283241370968,0.03238633885831245,0.0002195589180728657,23402.2713,8,158.56683108687957,207692.0,8,161.07283241370968,0.11267776948558443,0.0007684558099207427,0.5741155744828406,0.05641083485234806,0.0003824298239437989,0.5006385475137138,0.2874243873140907,0.0027639324173280512,0.004814243926090636,6,5
3,6,6,18586.0632,8,140.39801316779239,463070.0,8,140.6688237879794,0.04013661692616667,0.00030343466633829053,18586.0632,8,140.39801316779239,135132.0,8,140.6688237879794,0.13754005860935975,0.0010487881841011344,0.5741155744828406,0.0699103433351751,0.0005285254046828854,0.5082907775525524,0.29181765175891333,0.0031334739564880818,0.00545791491427609,6,6
3,6,7,13631.6085,8,119.89114372392692,287483.0,8,116.88494284381242,0.04741709422818045,0.0004174827084903178,13631.6085,8,119.89114372392692,84686.0,8,116.88494284381242,0.16096649387147818,0.0014330403193876231,0.5741155744828406,0.08259154834963926,0.0007271753755615903,0.5130977656479461,0.29457741849083247,0.0036884258767601466,0.006424535478039688,6,7
3,6,8,12354.597000000002,8,113.58342944633253,228679.0,8,108.48580242409602,0.05402593591890817,0.0004973545782336415,12354.597000000002,8,113.58342944633253,68838.0,8,108.48580242409602,0.17947350300706008,0.0016740773493544938,0.5741155744828406,0.09410289203105902,0.0008662969623871556,0.524327493776935,0.30102458030689305,0.003945074737130375,0.006871568918303726,6,8
3,6,9,5422.36,8,77.01539223317636,92276.0,8,68.53768430447589,0.05876240842689323,0.000835760389523976,5422.36,8,77.01539223317636,29078.0,8,68.53768430447589,0.1864763738909141,0.0026848016138155415,0.5741155744828406,0.1023529251576671,0.0014557354419043992,0.5488787829901821,0.3151198578178508,0.0063773795914061,0.011108180782503245,6,9
3,6,10,2102.6853,8,46.9306831813154,33537.0,8,42.5936542641624,0.06269747741300653,0.0014016340887734859,2102.6853,8,46.9306831813154,11520.0,8,42.5936542641624,0.182524765625,0.004129363424224514,0.5741155744828406,0.10920706596312772,0.0024413796647758047,0.5983136895926515,0.34350120762143305,0.010925256388588683,0.019029716095805414,6,10
3,6,11,278.9419,8,17.78463776546489,5123.0,8,16.928090318863493,0.054448936170212764,0.003476187086506993,278.9419,8,17.78463776546489,1942.0,8,16.928090318863493,0.14363640576725026,0.009243091209198749,0.5741155744828406,0.09483967791547895,0.006054855922761403,0.6602760449823426,0.3790747608822955,0.03436211615473511,0.05985226264883734,6,11
3,7,1,18299.959,8,142.55060415655907,338390.0,8,144.92036076628432,0.054079491119713934,0.00042189745829540685,18299.959,8,142.55060415655907,99086.0,8,144.92036076628432,0.1846876349837515,0.0014637941884397653,0.5741155744828406,0.09419617499216665,0.000734865029006484,0.5100296779503072,0.29281598155973876,0.0032564557462202016,0.005672125772155885,7,1
3,7,2,10632.089,8,108.06593766738389,272600.0,8,108.73953158967028,0.03900252751283932,0.00039673194536936465,10632.089,8,108.06593766738389,79946.0,8,108.73953158967028,0.1329908813449078,0.0013637862173321905,0.5741155744828406,0.06793497554559905,0.0006910314978421168,0.5108243126038977,0.29327219369038887,0.004236014562724081,0.007378330689843859,7,2
3,7,3,7106.4292000000005,8,87.49240476897467,215894.0,8,87.14791118356251,0.032916288549010166,0.0004054740652603772,7106.4292000000005,8,87.49240476897467,63500.0,8,87.14791118356251,0.11191227086614174,0.0013863671417221706,0.5741155744828406,0.057333906293451344,0.0007062586059011297,0.5123111688264143,0.2941258210047524,0.005138400902539643,0.008950115849353641,7,3
3,7,4,5261.6747,8,74.29226303970017,169245.0,8,84.04924358904665,0.03108909982569647,0.00043923425485105545,5261.6747,8,74.29226303970017,50533.0,8,84.04924358904665,0.10412353709457185,0.0014803384614950465,0.5741155744828406,0.05415129149509892,0.000765062427102269,0.5200677292197167,0.298578983130964,0.0059845098564255145,0.01042387651966474,7,4
3,7,5,7937.917,8,91.03914872866507,229353.0,8,91.32162759820315,0.03461004216208203,0.0003971781356719698,7937.917,8,91.03914872866507,69272.0,8,91.32162759820315,0.11459055606883012,0.0013228809249682652,0.5741155744828406,0.06028410254025685,0.0006918086763797431,0.5260826424827411,0.30203223851442973,0.004916428447194554,0.008563482103099606,7,5
3,7,6,5092.702,8,72.9568891820368,125876.0,8,70.8084582840214,0.040458085735167945,0.0005800399806987627,5092.702,8,72.9568891820368,39078.0,8,70.8084582840214,0.13032145964481295,0.0018818302089854003,0.5741155744828406,0.07047028078207479,0.0010103191874236452,0.5407419543499538,0.3104483777685976,0.006317111127113921,0.011003204594831508,7,6
3,7,7,2878.343,8,55.07563119901578,60932.0,8,51.849142024723996,0.047238610254053695,0.0009047801743746117,2878.343,8,55.07563119901578,19968.0,8,51.849142024723996,0.14414778645833332,0.0027834753835454364,0.5741155744828406,0.08228066325601063,0.0015759547634457253,0.5708076778535499,0.327709577890107,0.008913002014535628,0.015524752176535882,7,7
3,7,8,1590.7805,8,41.071468907796564,32253.0,8,39.2108670141531,0.049321939044429976,0.0012748264145441336,1590.7805,8,41.071468907796564,11344.0,8,39.2108670141531,0.14023100317348378,0.0036528477192961286,0.5741155744828406,0.0859094252735764,0.0022205048446778137,0.6126279020288787,0.3517192199175271,0.012906749505910057,0.022481099763817364,7,8
3,7,9,175.8199,8,13.989104616207573,6537.0,8,12.163967741378633,0.02689611442557748,0.0021405736243699396,175.8199,8,13.989104616207573,2535.0,8,12.163967741378633,0.06935696252465483,0.005528410711476749,0.5741155744828406,0.04684790941232577,0.0037284716170575133,0.6754608002862351,0.3877925653969711,0.04368075788995905,0.07608356197148351,7,9
3,7,10,0.0,8,0.0,765.0,8,0.0,0.0,,0.0,8,0.0,301.0,8,0.0,0.0,,0.5741155744828406,0.0,,,,,,7,10
3,7,11,0.0,8,0.0,2.0,8,0.0,0.0,,0.0,8,0.0,1.0,8,0.0,0.0,,0.5741155744828406,0.0,,,,,,7,11
3,8,1,1391.3519999999999,8,38.63683918391488,28637.0,8,39.0092418833499,0.04858581555330516,0.0013508152837048617,1391.3519999999999,8,38.63683918391488,9607.0,8,39.0092418833499,0.14482689705423127,0.0040645054553049,0.5741155744828406,0.08462723833449552,0.0023528629839412855,0.584333711871258,0.33547508468065795,0.013252789215792208,0.02308383504093271,8,1
3,8,2,566.2519,8,24.655123563742283,17166.0,8,24.37459081714809,0.032986828614703485,0.0014370401118809543,566.2519,8,24.655123563742283,6219.0,8,24.37459081714809,0.09105192153079272,0.0039805130384304365,0.5741155744828406,0.05745677365470846,0.0025030502145416108,0.6310330708976551,0.36228591401607835,0.022359233442823697,0.03894552671378884,8,2
3,8,3,241.04219999999998,8,16.79514754800326,9276.0,8,14.649310595355674,0.025985575679172056,0.0018110673830032192,241.04219999999998,8,16.79514754800326,3428.0,8,14.649310595355674,0.0703156942823804,0.004908607384440668,0.5741155744828406,0.045261924313026496,0.0031545344935723376,0.643695902813096,0.3695558430357913,0.03645436209723193,0.06349655664727397,8,3
3,8,4,104.3877,8,10.59899709872118,4818.0,8,9.695414410132246,0.021666189290161893,0.002200306874639121,104.3877,8,10.59899709872118,1776.0,8,9.695414410132246,0.05877685810810811,0.005976523513157112,0.5741155744828406,0.03773837577856802,0.003832515563823787,0.6420618078828905,0.36861768368617687,0.05297400720605895,0.09227063253557888,8,4
3,8,5,31.391,8,6.13633,3095.0,8,7.0140724526768325,0.01014248788368336,0.001982792361771145,31.391,8,6.13633,1244.0,8,7.0140724526768325,0.025233922829581992,0.004934792606225534,0.5741155744828406,0.017666282425484875,0.0034536467044239843,0.7001005172598256,0.40193861066235864,0.11114327128616772,0.1935904131956093,8,5
3,8,6,0.0,8,0.0,334.0,8,0.0,0.0,,0.0,8,0.0,135.0,8,0.0,0.0,,0.5741155744828406,0.0,,,,,,8,6
3,8,7,0.0,8,0.0,0.0,8,0.0,,,0.0,8,0.0,0.0,8,0.0,,,0.5741155744828406,,,,,,,8,7
3,8,8,0.0,8,0.0,0.0,8,0.0,,,0.0,8,0.0,0.0,8,0.0,,,0.5741155744828406,,,,,,,8,8
3,8,9,0.0,8,0.0,0.0,8,0.0,,,0.0,8,0.0,0.0,8,0.0,,,0.5741155744828406,,,,,,,8,9
3,8,10,0.0,8,0.0,0.0,8,0.0,,,0.0,8,0.0,0.0,8,0.0,,,0.5741155744828406,,,,,,,8,10
3,8,11,0.0,8,0.0,0.0,8,0.0,,,0.0,8,0.0,0.0,8,0.0,,,0.5741155744828406,,,,,,,8,11
4,1,1,1015.3339,8,68.34121234306134,99411800.0,8,67.37498692170115,1.0213414302929834e-05,6.874557381168607e-07,1015.3339,8,68.34121234306134,25605740.0,8,67.37498692170115,3.965258961467233e-05,2.6689801737922923e-06,0.551788429923602,1.8509656507919048e-05,1.245868345249723e-06,0.46679565414991375,0.25757244109854166,0.024518177455000786,0.04443401877490519,1,1
4,1,2,461.2056,8,27.715996384784727,40403800.0,8,27.41588416671073,1.1414906518693786e-05,6.859749921183536e-07,461.2056,8,27.715996384784727,10482180.0,8,27.41588416671073,4.3999015471972434e-05,2.644106131647688e-06,0.551788429923602,2.0687107412299745e-05,1.2431848058382275e-06,0.47017205249689104,0.2594354986412169,0.022048564662747988,0.03995836713321576,1,2
4,1,3,212.6449,8,16.891617716799654,19565370.0,8,16.589089015464353,1.086843233733888e-05,8.633426159465363e-07,212.6449,8,16.891617716799654,5093545.0,8,16.589089015464353,4.174791819842566e-05,3.316279277202264e-06,0.551788429923602,1.969673836554288e-05,1.5646261667104375e-06,0.47180169013279466,0.26033471383367657,0.02924578972109405,0.05300181760814245,1,3
4,1,4,86.8534,8,10.240657354218039,10411180.0,8,9.286930782799018,8.342320467036397e-06,9.836211989909983e-07,86.8534,8,10.240657354218039,2717582.0,8,9.286930782799018,3.1959808388486525e-05,3.7682974638922723e-06,0.551788429923602,1.5118694076625411e-05,1.7826056974902242e-06,0.4730533391455469,0.2610253592772385,0.04352499311679561,0.07887985821453683,1,4
4,1,5,0.0,8,0.0,9122080.0,8,0.0,0.0,,0.0,8,0.0,2405493.0,8,0.0,0.0,,0.551788429923602,0.0,,,,,,1,5
4,1,6,0.0,8,0.0,2791938.0,8,0.0,0.0,,0.0,8,0.0,762315.0,8,0.0,0.0,,0.551788429923602,0.0,,,,,,1,6
4,1,7,0.0,8,0.0,686740.0,8,0.0,0.0,,0.0,8,0.0,203205.0,8,0.0,0.0,,0.551788429923602,0.0,,,,,,1,7
4,1,8,0.0,8,0.0,130435.0,8,0.0,0.0,,0.0,8,0.0,42962.0,8,0.0,0.0,,0.551788429923602,0.0,,,,,,1,8
4,1,9,0.0,8,0.0,3629.0,8,0.0,0.0,,0.0,8,0.0,1323.0,8,0.0,0.0,,0.551788429923602,0.0,,,,,,1,9
4,1,10,0.0,8,0.0,0.0,8,0.0,,,0.0,8,0.0,0.0,8,0.0,,,0.551788429923602,,,,,,,1,10
4,1,11,0.0,8,0.0,0.0,8,0.0,,,0.0,8,0.0,0.0,8,0.0,,,0.551788429923602,,,,,,,1,11
4,2,1,81648.74,8,605.6488068534437,11918730.0,8,614.3309362843451,0.006850456382517266,5.081610441803528e-05,81648.74,8,605.6488068534437,3013011.0,8,614.3309362843451,0.02709871952010796,0.00020108707244857583,0.551788429923602,0.012415005482202205,9.209345767737652e-05,0.45813993067052283,0.25279631302999567,0.002652432675716328,0.004806974071717255,2,1
4,2,2,52701.393,8,352.27589459928987,8954440.0,8,343.0084305253735,0.005885504062788962,3.934156452300862e-05,52701.393,8,352.27589459928987,2266452.0,8,343.0084305253735,0.02325281673734983,0.0001554703892805087,0.551788429923602,0.010666233185795217,7.129827736412609e-05,0.45870714530092105,0.2531092955003328,0.0023930024275384053,0.004336811534576267,2,2
4,2,3,40772.549999999996,8,245.08171754737236,6600239.0,8,241.81859726968892,0.006177435392869864,3.713293867949613e-05,40772.549999999996,8,245.08171754737236,1669420.0,8,241.81859726968892,0.024423182901846148,0.00014684912626991277,0.551788429923602,0.011195297070156332,6.729560945059573e-05,0.45838812718018335,0.25293326499237373,0.0021504584844227953,0.0038972518592326013,2,3
4,2,4,27182.75,8,186.7392265362851,4819755.0,8,185.78139315935275,0.005639861362247666,3.8745157384249685e-05,27182.75,8,186.7392265362851,1223035.0,8,185.78139315935275,0.022225651759761576,0.0001527224255273674,0.551788429923602,0.01022105766702744,7.021741537714764e-05,0.4598766226298997,0.2537545995595212,0.002465628155881101,0.004468430329759687,2,4
4,2,5,25551.368000000002,8,177.56717446107544,6173783.0,8,174.69531792810017,0.004138689033935919,2.8761724604357037e-05,25551.368000000002,8,177.56717446107544,1564230.0,8,174.69531792810017,0.016334789640909585,0.00011353196307788486,0.551788429923602,0.007500499846488159,5.212455181117018e-05,0.4591733356457538,0.25336653393875364,0.0024902480803395393,0.004513048743490919,2,5
4,2,6,7239.212,8,90.04092364153091,3486800.0,8,89.80133149607526,0.0020761764368475394,2.5823424535683653e-05,7239.212,8,90.04092364153091,882607.0,8,89.80133149607526,0.008202078614830837,0.00010202041928627035,0.551788429923602,0.0037626313352293324,4.679950346051845e-05,0.45874119377810113,0.25312808305609724,0.0044525797316872185,0.00806936044727089,2,6
4,2,7,1213.7496999999998,8,36.37120869152,1884612.0,8,41.725004000030964,0.0006440316096894214,1.9299048620379376e-05,1213.7496999999998,8,36.37120869152,489069.0,8,41.725004000030964,0.0024817555396068856,7.436855760618019e-05,0.551788429923602,0.0011671712829835722,3.497544996195631e-05,0.47030066594248604,0.25950646605242883,0.010997468303118074,0.019930588803104714,2,7
4,2,8,0.0,8,0.0,1068063.0,8,14.680157714074463,0.0,,0.0,8,0.0,297596.0,8,14.680157714074463,0.0,,0.551788429923602,0.0,,,,,,2,8
4,2,9,0.0,8,0.0,211521.0,8,0.0,0.0,,0.0,8,0.0,65879.0,8,0.0,0.0,,0.551788429923602,0.0,,,,,,2,9
4,2,10,0.0,8,0.0,25746.0,8,0.0,0.0,,0.0,8,0.0,8963.0,8,0.0,0.0,,0.551788429923602,0.0,,,,,,2,10
4,2,11,0.0,8,0.0,375.0,8,0.0,0.0,,0.0,8,0.0,140.0,8,0.0,0.0,,0.551788429923602,0.0,,,,,,2,11
4,3,1,118300.6,8,604.48216867332,5944246.0,8,615.2145758798307,0.01990169989600027,0.00010171284221782507,118300.6,8,604.48216867332,1492510.0,8,615.2145758798307,0.07926285251020095,0.0004063261652186133,0.551788429923602,0.036067628128331294,0.00018433304633065203,0.45503823021874557,0.25108483060761616,0.0018175310123722357,0.0032938911253066368,3,1
4,3,2,88056.45,8,407.074286591342,4738904.0,8,396.58739823340323,0.01858160663309491,8.591458772054557e-05,88056.45,8,407.074286591342,1189028.0,8,396.58739823340323,0.07405750747669525,0.00034324880411351453,0.551788429923602,0.0336752378727253,0.00015570204640289557,0.45471740840484504,0.25090780484263875,0.0016426370192167733,0.0029769326976359493,3,2
4,3,3,67325.805,8,305.06268060444563,3718594.0,8,299.7993738846864,0.01810517765585595,8.205008821981553e-05,67325.805,8,305.06268060444563,934755.0,8,299.7993738846864,0.07202508143845178,0.00032717228665321785,0.551788429923602,0.03281181096595792,0.0001486984571807274,0.45556090060095084,0.2513732340771808,0.0016129434148931371,0.0029231193106322604,3,3
4,3,4,57198.8,8,265.1413631575994,2891749.0,8,266.5474981754472,0.019780001652978874,9.170705260363851e-05,57198.8,8,265.1413631575994,727488.0,8,266.5474981754472,0.07862507697721474,0.0003655982342260176,0.551788429923602,0.03584707576365369,0.00016619966572393668,0.4559242056327912,0.2515737015902833,0.0016519270710502229,0.0029937689546678985,3,4
4,3,5,75168.85,8,299.93236068830583,3925766.0,8,297.4610451484026,0.01914756253938722,7.641475204166203e-05,75168.85,8,299.93236068830583,985446.0,8,297.4610451484026,0.07627901478112449,0.0003052317352693667,0.551788429923602,0.034700913431690295,0.0001384856004542213,0.45492083938500416,0.25102005570377856,0.0014186274410291392,0.002570962644551202,3,5
4,3,6,34955.44,8,197.850381986212,2290622.0,8,197.5267113597551,0.015260239358567237,8.638410987727155e-05,34955.44,8,197.850381986212,575556.0,8,197.5267113597551,0.060733343063055556,0.00034438654943116454,0.551788429923602,0.027655961109369576,0.0001565529561560975,0.45536701446940203,0.2512662499530695,0.002013238523009188,0.0036485696579174947,3,6
4,3,7,16432.597,8,133.1915100992552,1326469.0,8,130.56501892616566,0.012388225431578123,0.00010041797505616398,16432.597,8,133.1915100992552,337331.0,8,130.56501892616566,0.04871356916500411,0.000395289151890776,0.551788429923602,0.022451042391906147,0.00018198637305618637,0.4608786171232759,0.2543074885278133,0.0029168085369425194,0.005286099488070757,3,7
4,3,8,8849.523,8,96.66620927997539,979905.0,8,94.0476307039901,0.009031000964379199,9.865235969882216e-05,8849.523,8,96.66620927997539,256664.0,8,94.0476307039901,0.03447901926253779,0.00037683735041546095,0.551788429923602,0.016366782039321827,0.00017878656809183386,0.4746881549819688,0.261927431740832,0.004047448444516021,0.007335145546774897,3,8
4,3,9,1685.1480999999999,8,42.28537812644106,344476.0,8,39.47667137688536,0.004891917288867729,0.0001227540354169827,1685.1480999999999,8,42.28537812644106,96906.0,8,39.47667137688536,0.01738951251728479,0.0004364120908330327,0.551788429923602,0.008865566988320217,0.00022246576542748212,0.5098226289844549,0.2813142279868554,0.00998365849675386,0.018093272630120477,3,9
4,3,10,43.0791,8,6.829368114349966,95326.0,8,13.238215684079181,0.0004519134339005098,7.164226690196764e-05,43.0791,8,6.829368114349966,30296.0,8,13.238215684079181,0.0014219401901241087,0.00022542230184691443,0.551788429923602,0.0008189976617724289,0.00012983647901404328,0.5759719483707298,0.31781465707152295,0.07125309432387826,0.129131185903524,3,10
4,3,11,0.0,8,0.0,7299.0,8,0.0,0.0,,0.0,8,0.0,2606.0,8,0.0,0.0,,0.551788429923602,0.0,,,,,,3,11
4,4,1,108058.82,8,443.387690150516,3654523.0,8,451.13203411862696,0.02956851550804305,0.00012138062916656103,108058.82,8,443.387690150516,913504.0,8,451.13203411862696,0.11829047272918346,0.0004888731031493615,0.551788429923602,0.05358668994226096,0.00021997675664088646,0.45300934814034755,0.2499653169510768,0.0014560718356886927,0.0026388227021909346,4,1
4,4,2,77017.75,8,323.6119237608373,2971508.0,8,322.98486814765795,0.025918742268235522,0.00010894138027558154,77017.75,8,323.6119237608373,743647.0,8,322.98486814765795,0.10356762012083691,0.00043748738617094317,0.551788429923602,0.04697224672112844,0.00019743324500418584,0.453541818053981,0.2502591276887022,0.0014913097633086126,0.0027026840042932614,4,2
4,4,3,58326.412000000004,8,272.75934880098976,2389726.0,8,265.85206192984475,0.024407154627769042,0.00011417062787821502,58326.412000000004,8,272.75934880098976,597054.0,8,265.85206192984475,0.09769034626683684,0.00045890824098147106,0.551788429923602,0.04423281334686256,0.0002069101519472283,0.45278592038196486,0.24984203209907746,0.0016562968131107044,0.003001688189330152,4,3
4,4,4,49250.042,8,240.8013487422153,1907418.0,8,238.41477280403578,0.025820266978711537,0.00012628591223542372,49250.042,8,240.8013487422153,477140.0,8,238.41477280403578,0.10321926897765855,0.0005073051019894023,0.551788429923602,0.046793781055333994,0.0002288665462828002,0.4533434650216554,0.25014967878042466,0.0017344781561375753,0.0031433753628681968,4,4
4,4,5,78557.98,8,300.3484964922082,2694208.0,8,300.8348183821979,0.029158097667292205,0.00011152686070893213,78557.98,8,300.3484964922082,674905.0,8,300.8348183821979,0.11639857461420496,0.0004480376588945054,0.551788429923602,0.05284289427984073,0.00020211888227589987,0.45398231425930136,0.25050218839822314,0.001359328550926328,0.0024634959292541424,4,5
4,4,6,47637.759999999995,8,228.631061742122,1630962.0,8,226.86177204736367,0.029208381311152557,0.0001402405843604889,47637.759999999995,8,228.631061742122,410261.0,8,226.86177204736367,0.11611574095514805,0.0005609687410709444,0.551788429923602,0.05293402276520479,0.0002541564424971831,0.4558729275615748,0.2515454069438773,0.0017133355325836344,0.003105058822673855,4,6
4,4,7,25410.237,8,164.74779985602237,952112.0,8,163.08550359011068,0.026688285621859615,0.00017309442987569601,25410.237,8,164.74779985602237,243499.0,8,163.08550359011068,0.10435458461841733,0.0006801855373106459,0.551788429923602,0.048366881533842145,0.0003136970992662203,0.46348592839212904,0.2557461727191759,0.0023516135186129445,0.004261802877850371,4,7
4,4,8,17145.384,8,135.70557453546263,705818.0,8,130.2833927795097,0.024291508575865164,0.00019231936891222828,17145.384,8,135.70557453546263,184491.0,8,130.2833927795097,0.0929334439078329,0.0007384892985670889,0.551788429923602,0.044023229300455706,0.0003485382412582589,0.4737070687288412,0.2613860796975991,0.002932035944523685,0.005313695948517154,4,8
4,4,9,5827.2906,8,78.1879210770679,256968.0,8,72.57835515438539,0.022677106098813862,0.00030433844692135086,5827.2906,8,78.1879210770679,70938.0,8,72.57835515438539,0.0821462488370126,0.0011054005244388783,0.551788429923602,0.04109746574779327,0.0005515491634420246,0.5002963169911174,0.2760577192490894,0.005246458363830557,0.009508097813063887,4,9
4,4,10,1945.903,8,45.41237086807955,80703.0,8,40.12169835986508,0.024111904142349108,0.0005628374902397076,1945.903,8,45.41237086807955,24826.0,8,40.12169835986508,0.07838165632804318,0.001833607083754176,0.551788429923602,0.04369773419440406,0.0010200240884312044,0.5574994997747961,0.30762177366392823,0.01016609711530807,0.018423904098017457,4,10
4,4,11,62.941,8,8.291892240502165,8887.0,8,9.709885019061762,0.007082367503094408,0.0009330682349532722,62.941,8,8.291892240502165,3101.0,8,9.709885019061762,0.02029700096742986,0.0026746965576059808,0.551788429923602,0.012835295412183614,0.0016909891261809539,0.6323739863234042,0.3489366490379206,0.06502051227831805,0.11783594717149196,4,11
4,5,1,91093.01,8,352.0086615595275,2233260.0,8,356.7332239242933,0.040789254274020935,0.00015775560214297186,91093.01,8,352.0086615595275,557256.0,8,356.7332239242933,0.16346707796775628,0.0006402912860913874,0.551788429923602,0.07392190930800854,0.0002858987133253482,0.45221282613609554,0.24952580532495097,0.0013735392919630445,0.002489249896293074,5,1
4,5,2,52185.729999999996,8,250.5302619067605,1829493.0,8,252.53660565820948,0.028524695093121426,0.0001369963167557559,52185.729999999996,8,250.5302619067605,455728.0,8,252.53660565820948,0.11451069497595055,0.0005533864879255836,0.551788429923602,0.051694985879045745,0.00024827689260306483,0.45144242544246793,0.24910070713580212,0.0016971855605016411,0.0030757904089011535,5,2
4,5,3,39023.471,8,211.46803777951882,1485352.0,8,213.94832422082675,0.026272204164400088,0.00014241925634450424,39023.471,8,211.46803777951882,370840.0,8,213.94832422082675,0.10522994013590767,0.000573463261187034,0.551788429923602,0.047612821762206235,0.00025810482536616966,0.45246459040756676,0.24966472593701694,0.001919086076181565,0.0034779382315922648,5,3
4,5,4,31954.509,8,187.13339137126223,1190865.0,8,188.6964272452979,0.02683302389439609,0.00015719823658298703,31954.509,8,187.13339137126223,299801.0,8,188.6964272452979,0.10658573186880631,0.0006277867164548442,0.551788429923602,0.04862918908631568,0.00028488860595491636,0.45624482971296876,0.25175061824808015,0.0020913861789018788,0.003790195780639044,5,4
4,5,5,53044.588,8,239.92161581005993,1690993.0,8,241.00856598679226,0.031368898629385224,0.00014195250992602375,53044.588,8,239.92161581005993,430060.0,8,241.00856598679226,0.12334229642375483,0.0005621452304452309,0.551788429923602,0.05684950413644667,0.00025725894605234444,0.46090842950689437,0.25432393865616243,0.0016334201062940031,0.002960228989433792,5,5
4,5,6,37620.155,8,200.96468034868715,1021568.0,8,200.13069134872842,0.03682589411571231,0.00019685402738583668,37620.155,8,200.96468034868715,263029.0,8,200.13069134872842,0.1430266434499618,0.0007717512097941225,0.551788429923602,0.06673915602183078,0.000356756352091493,0.4666204450584036,0.2574757627490289,0.001955629464107567,0.003544165404806212,5,6
4,5,7,23077.47,8,155.61432784596025,595773.0,8,153.0262903429669,0.038735340473636776,0.0002613867697837678,23077.47,8,155.61432784596025,156420.0,8,153.0262903429669,0.14753528960490986,0.0010052649087905106,0.551788429923602,0.0701996242998424,0.0004737083193642864,0.47581581659433847,0.2625496623714066,0.0025177759073589123,0.004562937116509513,5,7
4,5,8,16375.395,8,131.6056328708616,419251.0,8,124.5840766636732,0.039058690378794565,0.0003141210479952954,16375.395,8,131.6056328708616,113978.0,8,124.5840766636732,0.1436715418765025,0.00116528852887999,0.551788429923602,0.07078562771641016,0.0005692780619535409,0.4926906664456641,0.2718610092760661,0.0031052085401388685,0.005627534706678791,5,8
4,5,9,5279.5601,8,74.43994677655338,132323.0,8,67.68615766113557,0.03989903569296343,0.0005629325100585187,5279.5601,8,74.43994677655338,38605.0,8,67.68615766113557,0.13675845356819064,0.0019430973790592297,0.551788429923602,0.07230857613032528,0.001020196291786074,0.5287320399120388,0.29174822215336715,0.0058417869790199336,0.010587005203840101,5,9
4,5,10,1262.8745999999999,8,36.7081491459417,34213.0,8,34.3742017744398,0.03691212696928068,0.0010735706076603394,1262.8745999999999,8,36.7081491459417,11077.0,8,34.3742017744398,0.1140087207727724,0.0033327390344509247,0.551788429923602,0.06689543485787,0.0019456200047706345,0.5867571744024515,0.32376582000993775,0.01335091943398446,0.024195721965088988,5,10
4,5,11,0.0,8,0.0,2607.0,8,8.62287135356895,0.0,,0.0,8,0.0,942.0,8,8.62287135356895,0.0,,0.551788429923602,0.0,,,,,,5,11
4,6,1,59932.42,8,264.71531078996924,1131769.0,8,270.53821559546816,0.052954640036968675,0.00023423745659943137,59932.42,8,264.71531078996924,291278.0,8,270.53821559546816,0.20575676844801186,0.0009286822398245765,0.551788429923602,0.09596910186083554,0.0004245059227353911,0.4664201454207999,0.2573652397264813,0.00162645380159988,0.0029476040333521873,6,1
4,6,2,31618.852000000003,8,187.34260259190913,905260.0,8,188.96386112431657,0.03492792346950048,0.00020707733490194245,31618.852000000003,8,187.34260259190913,232885.0,8,188.96386112431657,0.13577023852974646,0.0008119507603006821,0.551788429923602,0.06329948504780435,0.0003752839379589989,0.4662250411671465,0.2572575834566865,0.002166375825573318,0.003926098678570089,6,2
4,6,3,20926.844,8,150.7570793459133,718884.0,8,154.4072856953,0.02911018189304533,0.0002098030712609338,20926.844,8,150.7570793459133,186040.0,8,154.4072856953,0.11248572350032252,0.0008157078803978181,0.551788429923602,0.05275605705809342,0.00038022375947604077,0.46900224683128044,0.2587900134096739,0.0026458712225480795,0.004795082823527877,6,3
4,6,4,16282.447699999999,8,131.79280601432689,566499.0,8,133.01893299042058,0.02874223555557909,0.00023274224679437338,16282.447699999999,8,131.79280601432689,146814.0,8,133.01893299042058,0.11090527946926042,0.0009032919999414848,0.551788429923602,0.052089232026047746,0.000421796170729056,0.4696731505959128,0.2591602103445902,0.0029764753593227284,0.005394233002918958,6,4
4,6,5,25029.9421,8,164.88386477493788,777819.0,8,165.14518664963416,0.03217964860719525,0.00021209238195835778,25029.9421,8,164.88386477493788,203662.0,8,165.14518664963416,0.12289942208168436,0.0008157061385825335,0.551788429923602,0.05831881725329161,0.0003843726516478845,0.47452474767969505,0.2618372654820723,0.0024491512477007415,0.004438569413352577,6,5
4,6,6,17800.9502,8,136.57617434985357,439323.0,8,132.83281248456646,0.04051904908233805,0.0003111200336202541,17800.9502,8,136.57617434985357,118073.0,8,132.83281248456646,0.15076224200282876,0.0011690783302998177,0.551788429923602,0.07343221946126728,0.0005638393571668951,0.48707301301535083,0.2687612531098986,0.0029329326424862947,0.005315321024205554,6,6
4,6,7,10678.1734,8,105.839930229626,220232.0,8,100.11812781024874,0.04848602110501653,0.00048108900265509313,10678.1734,8,105.839930229626,62276.0,8,100.11812781024874,0.17146530605690796,0.0017217400312058491,0.551788429923602,0.08787067375031708,0.0008718722187083597,0.5124691155956267,0.2827745286788477,0.003991819044420309,0.007234329007175809,6,7
4,6,8,6192.59887,8,80.44675540681924,117907.0,8,76.71936721584974,0.05252104514575046,0.0006831452172239616,6192.59887,8,80.44675540681924,35947.0,8,76.71936721584974,0.17227025537597018,0.0022679272992319702,0.551788429923602,0.09518330268908008,0.001238056436447112,0.5525231415101107,0.30487587675032013,0.005642260225072185,0.01022540509929392,6,8
4,6,9,1193.5412000000001,8,35.730656032460416,23438.0,8,33.522227930435946,0.05092333816878574,0.0015262143114201294,1193.5412000000001,8,35.730656032460416,7840.0,8,33.522227930435946,0.1522373979591837,0.004603732865733503,0.551788429923602,0.09228779620449154,0.0027659411264412373,0.6062097581911823,0.33449953067667887,0.014241736017668281,0.025810138896243486,6,9
4,6,10,66.5945,8,8.758119599428863,3113.0,8,9.75662495585948,0.021392386765178285,0.0028142005308219383,66.5945,8,8.758119599428863,1171.0,8,9.75662495585948,0.05686976942783945,0.007494174251997265,0.551788429923602,0.038769183268558514,0.005100144146211219,0.6817186645666237,0.376164471570832,0.07004258279437658,0.1269373893977341,6,10
4,6,11,0.0,8,0.0,21.0,8,0.0,0.0,,0.0,8,0.0,10.0,8,0.0,0.0,,0.551788429923602,0.0,,,,,,6,11
4,7,1,23522.6,8,161.66825516625087,335702.0,8,164.34824810027638,0.0700698834084992,0.00048280284882593055,23522.6,8,161.66825516625087,90592.0,8,164.34824810027638,0.259654274108089,0.0018456980417802414,0.551788429923602,0.12698686599536121,0.0008749782029550296,0.48906133523725115,0.2698583863069032,0.002671517539988801,0.004841561357781073,7,1
4,7,2,11211.7983,8,109.94585217200738,246553.0,8,110.34797010384423,0.04547419135033847,0.0004463961269575356,11211.7983,8,109.94585217200738,66268.0,8,110.34797010384423,0.16918872306392227,0.0016828591379695198,0.551788429923602,0.08241236837212156,0.0008089987081087247,0.4871031997858676,0.2687779098206065,0.0037561532468011485,0.006807234517985829,7,2
4,7,3,6163.7656,8,80.89549068427733,173378.0,8,80.82626493276551,0.03555102492819158,0.00046687877384092173,6163.7656,8,80.89549068427733,48289.0,8,80.82626493276551,0.12764326451158647,0.0016888052532751598,0.551788429923602,0.0644287248522297,0.0008461191799646171,0.5047561663262017,0.2785186125113913,0.0051920881985117176,0.009409563370566849,7,3
4,7,4,3661.8665,8,62.084719114163676,116781.0,8,63.99727992485696,0.0313566975792295,0.0005319113750587405,3661.8665,8,62.084719114163676,33339.0,8,63.99727992485696,0.10983732265514863,0.0018741228992303323,0.551788429923602,0.056827392309713703,0.0009639770357859559,0.5173777996039848,0.28548308372081077,0.006868748789121343,0.012448156606096937,7,4
4,7,5,4147.492200000001,8,65.89801364889537,121048.0,8,66.03988109725819,0.03426320302689843,0.00054471655856659,4147.492200000001,8,65.89801364889537,36282.0,8,66.03988109725819,0.11431266743839923,0.0018281521797804733,0.551788429923602,0.062094819624330194,0.000987183726635966,0.5432015630095574,0.2997323375850902,0.0067590042294866605,0.012249267768123516,7,5
4,7,6,1593.1729,8,41.19652402065495,41551.0,8,40.50007493711586,0.038342588626025846,0.0009921730167353983,1593.1729,8,41.19652402065495,13361.0,8,40.50007493711586,0.11924054337250206,0.0031044541599685904,0.551788429923602,0.06948784451920201,0.0017981040611394657,0.5827535044194249,0.3215566412360713,0.01180348312743665,0.021391320454238055,7,6
4,7,7,351.11990000000003,8,19.455678276066347,11099.0,8,20.299686324002646,0.03163527344805839,0.0017538763777651784,351.11990000000003,8,19.455678276066347,3881.0,8,20.299686324002646,0.09047150219015718,0.005035343320884058,0.551788429923602,0.057332252241023715,0.0031785305429619316,0.633705098877657,0.3496711415442833,0.02746937441364704,0.049782440015007784,7,7
4,7,8,13.8427,8,3.94578,2349.0,8,5.467991846830059,0.005893018305661984,0.0016798261265680663,13.8427,8,3.94578,837.0,8,5.467991846830059,0.01653847072879331,0.004715431492602271,0.551788429923602,0.010679851164109954,0.0030443301009422164,0.6457580836368649,0.3563218390804598,0.14365930492765158,0.26035215154392044,7,8
4,7,9,0.0,8,0.0,32.0,8,0.0,0.0,,0.0,8,0.0,14.0,8,0.0,0.0,,0.551788429923602,0.0,,,,,,7,9
4,7,10,0.0,8,0.0,0.0,8,0.0,,,0.0,8,0.0,0.0,8,0.0,,,0.551788429923602,,,,,,,7,10
4,7,11,0.0,8,0.0,0.0,8,0.0,,,0.0,8,0.0,0.0,8,0.0,,,0.551788429923602,,,,,,,7,11
4,8,1,78.4462,8,9.249068732677902,3430.0,8,16.783815372941874,0.02287061224489796,0.002698842778689778,78.4462,8,9.249068732677902,1214.0,8,16.783815372941874,0.0646179571663921,0.007670871010723039,0.551788429923602,0.04144815477204645,0.004891082582256114,0.6414340005413186,0.353935860058309,0.05924327467880548,0.107365924086172,8,1
4,8,2,0.0,8,0.0,1090.0,8,0.0,0.0,,0.0,8,0.0,376.0,8,0.0,0.0,,0.551788429923602,0.0,,,,,,8,2
4,8,3,0.0,8,0.0,241.0,8,0.0,0.0,,0.0,8,0.0,96.0,8,0.0,0.0,,0.551788429923602,0.0,,,,,,8,3
4,8,4,0.0,8,0.0,15.0,8,0.0,0.0,,0.0,8,0.0,4.0,8,0.0,0.0,,0.551788429923602,0.0,,,,,,8,4
4,8,5,0.0,8,0.0,0.0,8,0.0,,,0.0,8,0.0,0.0,8,0.0,,,0.551788429923602,,,,,,,8,5
4,8,6,0.0,8,0.0,0.0,8,0.0,,,0.0,8,0.0,0.0,8,0.0,,,0.551788429923602,,,,,,,8,6
4,8,7,0.0,8,0.0,0.0,8,0.0,,,0.0,8,0.0,0.0,8,0.0,,,0.551788429923602,,,,,,,8,7
4,8,8,0.0,8,0.0,0.0,8,0.0,,,0.0,8,0.0,0.0,8,0.0,,,0.551788429923602,,,,,,,8,8
4,8,9,0.0,8,0.0,0.0,8,0.0,,,0.0,8,0.0,0.0,8,0.0,,,0.551788429923602,,,,,,,8,9
4,8,10,0.0,8,0.0,0.0,8,0.0,,,0.0,8,0.0,0.0,8,0.0,,,0.551788429923602,,,,,,,8,10
4,8,11,0.0,8,0.0,0.0,8,0.0,,,0.0,8,0.0,0.0,8,0.0,,,0.551788429923602,,,,,,,8,11
5,1,1,0.0,8,0.0,110018600.0,8,0.0,0.0,,0.0,8,0.0,24943870.0,8,0.0,0.0,,0.5296039807089828,0.0,,,,,,1,1
5,1,2,0.0,8,0.0,39054820.0,8,0.0,0.0,,0.0,8,0.0,9031070.0,8,0.0,0.0,,0.5296039807089828,0.0,,,,,,1,2
5,1,3,0.0,8,0.0,17891070.0,8,0.0,0.0,,0.0,8,0.0,4184056.0,8,0.0,0.0,,0.5296039807089828,0.0,,,,,,1,3
5,1,4,0.0,8,0.0,8854850.0,8,0.0,0.0,,0.0,8,0.0,2109800.0,8,0.0,0.0,,0.5296039807089828,0.0,,,,,,1,4
5,1,5,0.0,8,0.0,6271525.0,8,0.0,0.0,,0.0,8,0.0,1560022.0,8,0.0,0.0,,0.5296039807089828,0.0,,,,,,1,5
5,1,6,0.0,8,0.0,1060928.0,8,0.0,0.0,,0.0,8,0.0,293281.0,8,0.0,0.0,,0.5296039807089828,0.0,,,,,,1,6
5,1,7,0.0,8,0.0,99506.0,8,0.0,0.0,,0.0,8,0.0,30977.0,8,0.0,0.0,,0.5296039807089828,0.0,,,,,,1,7
5,1,8,0.0,8,0.0,3413.0,8,0.0,0.0,,0.0,8,0.0,1210.0,8,0.0,0.0,,0.5296039807089828,0.0,,,,,,1,8
5,1,9,0.0,8,0.0,0.0,8,0.0,,,0.0,8,0.0,0.0,8,0.0,,,0.5296039807089828,,,,,,,1,9
5,1,10,0.0,8,0.0,0.0,8,0.0,,,0.0,8,0.0,0.0,8,0.0,,,0.5296039807089828,,,,,,,1,10
5,1,11,0.0,8,0.0,0.0,8,0.0,,,0.0,8,0.0,0.0,8,0.0,,,0.5296039807089828,,,,,,,1,11
5,2,1,33573.43,8,389.9486964383007,15228630.0,8,396.0034436771731,0.0022046257608202445,2.5606352885471778e-05,33573.43,8,389.9486964383007,3396194.0,8,396.0034436771731,0.009885604297045457,0.00011482510897195483,0.5296039807089828,0.00416278170316791,4.8350000789632394e-05,0.4210953198290624,0.2230137576393937,0.0036632781837162816,0.00691701406551408,2,1
5,2,2,15492.457,8,179.28115921897648,11096430.0,8,178.18027415452025,0.0013961658839825061,1.6156667668255897e-05,15492.457,8,179.28115921897648,2485127.0,8,178.18027415452025,0.006234070532411422,7.214303345129659e-05,0.5296039807089828,0.002636245071484269,3.0507073694247737e-05,0.4228770043229739,0.22395734483973675,0.0036652114699699655,0.00692066450305629,2,2
5,2,3,10902.238,8,120.18462318454054,7973886.0,8,119.77949537166201,0.0013672427722192166,1.507229157303844e-05,10902.238,8,120.18462318454054,1793828.0,8,119.77949537166201,0.00607763843579206,6.700019617051878e-05,0.5296039807089828,0.0025816323555364587,2.8459551140195557e-05,0.4247755740672011,0.2249628349339331,0.0035072215958846967,0.006622347496689065,2,3
5,2,4,7208.732,8,93.4702621210618,5746442.0,8,92.50717150464607,0.0012544687651941844,1.626577526753611e-05,7208.732,8,93.4702621210618,1293898.0,8,92.50717150464607,0.005571329424730543,7.224037985622097e-05,0.5296039807089828,0.002368692099924971,3.071309102654602e-05,0.42515743000415607,0.2251650673582018,0.00412889711074304,0.007796197274075753,2,4
5,2,5,6298.539,8,84.7875043557127,7072736.0,8,84.0661785173443,0.000890537834297788,1.198794036802384e-05,6298.539,8,84.7875043557127,1618557.0,8,84.0661785173443,0.0038914533130436552,5.238501669228837e-05,0.5296039807089828,0.0016815165042861303,2.263566892374098e-05,0.43210501810465035,0.22884453767254995,0.004356615968670906,0.008226176779937883,2,5
5,2,6,935.3340000000001,8,31.969327822774126,3179903.0,8,35.52000607879452,0.0002941391608486171,1.0053554944911605e-05,935.3340000000001,8,31.969327822774126,770208.0,8,35.52000607879452,0.001214391437118285,4.150743295736687e-05,0.5296039807089828,0.0005553945430222256,1.898315592615613e-05,0.4573439222695447,0.2422111617870105,0.011707822873208295,0.022106750137215712,2,6
5,2,7,0.0,8,0.0,1045169.0,8,5.28969,0.0,,0.0,8,0.0,277105.0,8,5.28969,0.0,,0.5296039807089828,0.0,,,,,,2,7
5,2,8,0.0,8,0.0,261204.0,8,0.0,0.0,,0.0,8,0.0,77216.0,8,0.0,0.0,,0.5296039807089828,0.0,,,,,,2,8
5,2,9,0.0,8,0.0,12046.0,8,0.0,0.0,,0.0,8,0.0,3888.0,8,0.0,0.0,,0.5296039807089828,0.0,,,,,,2,9
5,2,10,0.0,8,0.0,28.0,8,0.0,0.0,,0.0,8,0.0,12.0,8,0.0,0.0,,0.5296039807089828,0.0,,,,,,2,10
5,2,11,0.0,8,0.0,0.0,8,0.0,,,0.0,8,0.0,0.0,8,0.0,,,0.5296039807089828,,,,,,,2,11
5,3,1,118423.13,8,613.5014036194212,8065500.0,8,624.6632406168943,0.014682676833426323,7.607339378606023e-05,118423.13,8,613.5014036194212,1789970.0,8,624.6632406168943,0.06615928199913965,0.0003435207248115438,0.5296039807089828,0.027723879291410475,0.00014364203547756664,0.4190474632383556,0.2219292046370343,0.0016278890919957404,0.0030737856045124114,3,1
5,3,2,70036.22,8,356.19201769267653,6317190.0,8,350.59643729486186,0.011086609710963261,5.6387923268741686e-05,70036.22,8,356.19201769267653,1406405.0,8,350.59643729486186,0.049798045370999106,0.00025356824269897157,0.5296039807089828,0.020933773375573148,0.00010647186449251186,0.4203733945703088,0.2226314231485835,0.0016022731466861046,0.003025417491275529,3,2
5,3,3,40618.283,8,238.7388068880508,4865972.0,8,235.87252516603118,0.008347414041839946,4.906459096093276e-05,40618.283,8,238.7388068880508,1087480.0,8,235.87252516603118,0.03735083219921286,0.00021968340319534262,0.5296039807089828,0.01576161499138513,9.264392404160144e-05,0.4219883216341641,0.2234866949501559,0.0018583320293335042,0.003508908726187722,3,3
5,3,4,32896.159999999996,8,194.54999227789756,3678600.0,8,198.04326958223044,0.008942575979992387,5.28891570227829e-05,32896.159999999996,8,194.54999227789756,827685.0,8,198.04326958223044,0.0397447821332995,0.00023524547996503975,0.5296039807089828,0.01688540174494332,9.986548241570991e-05,0.4248457492687114,0.22499999999999998,0.0018826525113872865,0.003554830741390902,3,4
5,3,5,40735.993,8,215.27997877889155,4707375.0,8,216.04851695538204,0.008653653681722828,4.573421428703156e-05,40735.993,8,215.27997877889155,1074279.0,8,216.04851695538204,0.03791937941633412,0.00020053989954072637,0.5296039807089828,0.01633985769921546,8.635549571550991e-05,0.4309104724476824,0.22821190153748105,0.0017062551699801012,0.0032217566939280384,3,5
5,3,6,15695.089,8,131.24233820695972,2393162.0,8,128.73721185268423,0.006558306123864577,5.4841692252867285e-05,15695.089,8,131.24233820695972,561147.0,8,128.73721185268423,0.027969656792248734,0.00023397028480375768,0.5296039807089828,0.012383415462785888,0.00010355226593925994,0.44274463411427056,0.2344793206644598,0.0027734217902086952,0.005236784259997262,3,6
5,3,7,5137.515,8,73.89733301067096,1067239.0,8,72.12671345319986,0.004813837387876568,6.924236153258864e-05,5137.515,8,73.89733301067096,264239.0,8,72.12671345319986,0.01944268257145993,0.00027971131348243297,0.5296039807089828,0.009089503786267364,0.0001307436576286561,0.46750255541433977,0.2475912143390562,0.005036947010313047,0.009510780118325521,3,7
5,3,8,1633.351,8,41.642067271690536,464011.0,8,40.161667086414624,0.0035200695673162923,8.97442242634695e-05,1633.351,8,41.642067271690536,125962.0,8,40.161667086414624,0.012967013861323257,0.00033061815126623394,0.5296039807089828,0.006646607079131017,0.00016945534311001322,0.5125780808298407,0.2714633920316544,0.009788074349204312,0.018481874581269157,3,8
5,3,9,31.9036,8,5.9269713879940396,59125.0,8,11.076079855273708,0.0005395957716701903,0.00010024481017033852,31.9036,8,5.9269713879940396,18310.0,8,11.076079855273708,0.0017424139814309122,0.0003237030479701557,0.5296039807089828,0.0010188665329664468,0.0001892825843871876,0.5847442363437242,0.30968287526427063,0.0813629317406544,0.15362975865803263,3,9
5,3,10,0.0,8,0.0,2566.0,8,0.0,0.0,,0.0,8,0.0,871.0,8,0.0,0.0,,0.5296039807089828,0.0,,,,,,3,10
5,3,11,0.0,8,0.0,0.0,8,0.0,,,0.0,8,0.0,0.0,8,0.0,,,0.5296039807089828,,,,,,,3,11
5,4,1,140476.41,8,515.8971899148124,5099966.0,8,526.2763505649859,0.02754457774816538,0.00010119691194479966,140476.41,8,515.8971899148124,1140010.0,8,526.2763505649859,0.12322384014175315,0.0004560987356061126,0.5296039807089828,0.05200976342982043,0.0001910803461283032,0.42207549586175774,0.22353286276810472,0.0011657623627997432,0.00220119637552409,4,1
5,4,2,85953.04000000001,8,345.0517712479969,4076950.0,8,343.02041700955647,0.0210826819068176,8.465336756774853e-05,85953.04000000001,8,345.0517712479969,911012.0,8,343.02041700955647,0.09434896576554426,0.0003804189153531666,0.5296039807089828,0.03980839018353701,0.0001598427705441767,0.4219271494979633,0.22345429794331548,0.0012715318995621244,0.002400910767060172,4,2
5,4,3,52372.090000000004,8,251.26060295710906,3182031.0,8,252.04854783265466,0.016458698862456086,7.897309807521913e-05,52372.090000000004,8,251.26060295710906,716491.0,8,252.04854783265466,0.07309525171984017,0.0003516236019094304,0.5296039807089828,0.03107737000092553,0.00014911726677261291,0.4251626373767618,0.22516782520346282,0.0015298832805565009,0.002888730704985337,4,3
5,4,4,36348.473,8,203.42970594566566,2421344.0,8,208.8063130674693,0.015011693092761706,8.402517514406015e-05,36348.473,8,203.42970594566566,552757.0,8,208.8063130674693,0.06575850328444506,0.00036886474425224897,0.5296039807089828,0.028345128887939053,0.0001586566155178353,0.43104887538770964,0.22828520028546131,0.0018090090830662382,0.0034157769747963584,4,4
5,4,5,53429.03,8,244.36404244548746,3116812.0,8,246.526269017685,0.01714220491964225,7.841364244208913e-05,53429.03,8,244.36404244548746,722638.0,8,246.526269017685,0.07393609248337342,0.00033909493459910136,0.5296039807089828,0.032367968414236455,0.00014806090078310304,0.43778305462268363,0.23185164841511133,0.001501830121473585,0.0028357606365856224,4,5
5,4,6,28049.758,8,173.7392043499106,1582892.0,8,171.6043248660709,0.017720576008975978,0.00010977742936853517,28049.758,8,173.7392043499106,376234.0,8,171.6043248660709,0.0745540222308457,0.00046303529612287865,0.5296039807089828,0.03346005063114023,0.0002072821077016372,0.448802755772667,0.23768772601036586,0.0020850265065816896,0.003936953993039208,4,6
5,4,7,11518.7231,8,110.42266077415451,714243.0,8,105.67707871847519,0.01612717674516936,0.00015461938295386232,11518.7231,8,110.42266077415451,179006.0,8,105.67707871847519,0.06434825145525848,0.0006180343020349292,0.5296039807089828,0.030451388835068514,0.0002919528337888865,0.4732279144560975,0.25062338727855926,0.0034011645561942685,0.0064220902411668375,4,7
5,4,8,5189.548,8,73.94122805593642,324553.0,8,70.17163461492115,0.015989832169168054,0.0002278510468103208,5189.548,8,73.94122805593642,88455.0,8,70.17163461492115,0.058668792041150865,0.0008372138253912013,0.5296039807089828,0.030192054349293986,0.00043022910535018215,0.5146186464537565,0.27254408370897815,0.005496296634676871,0.010378125608721743,4,8
5,4,9,647.7769,8,26.442195706652274,48484.0,8,25.46537650479568,0.013360632373566536,0.0005454249756639312,647.7769,8,26.442195706652274,14929.0,8,25.46537650479568,0.04339050840645723,0.0017727424712583398,0.5296039807089828,0.02522759053978523,0.0010298732553591624,0.581408042133725,0.30791601353023673,0.017783891487354687,0.033579603128260714,4,9
5,4,10,0.0,8,0.0,2973.0,8,6.104426856798269,0.0,,0.0,8,0.0,1013.0,8,6.104426856798269,0.0,,0.5296039807089828,0.0,,,,,,4,10
5,4,11,0.0,8,0.0,0.0,8,0.0,,,0.0,8,0.0,0.0,8,0.0,,,0.5296039807089828,,,,,,,4,11
5,5,1,123784.38,8,416.26668866730137,2970616.0,8,423.9187971003409,0.04166959984057179,0.00014025418380466843,123784.38,8,416.26668866730137,681597.0,8,423.9187971003409,0.18160933806926968,0.000621079864975907,0.5296039807089828,0.07868067718220044,0.0002648284169180708,0.4332413631296313,0.22944635052123868,0.0011009726843088112,0.002078860288842495,5,1
5,5,2,62189.04,8,273.42640626131924,2297290.0,8,279.14344953290595,0.027070609283111842,0.00011906672886843543,62189.04,8,273.42640626131924,528613.0,8,279.14344953290595,0.11764568786617052,0.0005209699328225257,0.5296039807089828,0.051114814595751935,0.00022482219395148872,0.4344809871305976,0.23010286032673283,0.001436172226772838,0.002711785181165423,5,2
5,5,3,41000.83,8,215.4556833530738,1747535.0,8,217.06693672379035,0.023462093749195296,0.00012332563647575093,41000.83,8,215.4556833530738,404010.0,8,217.06693672379035,0.10148469097299573,0.0005360731577276263,0.5296039807089828,0.044301203547953895,0.00023286387747813836,0.43653090060393535,0.2311885026623215,0.0017228161037791104,0.003253027104276614,5,3
5,5,4,27858.881999999998,8,174.31943872488804,1311283.0,8,175.12961588280837,0.02124551450754719,0.0001329683540405632,27858.881999999998,8,174.31943872488804,305512.0,8,175.12961588280837,0.09118752127576003,0.0005729706528841375,0.5296039807089828,0.040115851242480724,0.00025107128889506825,0.4399269843202168,0.23298708211728514,0.0020662722300329854,0.0039015421056066433,5,4
5,5,5,38094.17,8,203.87195167150875,1643788.0,8,204.48966779771538,0.023174624708295715,0.00012405919896798462,38094.17,8,203.87195167150875,391286.0,8,204.48966779771538,0.09735633270804475,0.0005235088511576576,0.5296039807089828,0.04375840354763149,0.0002342489926187981,0.44946643254173896,0.23803921186917046,0.001806149597573078,0.0034103776847658487,5,5
5,5,6,20953.292999999998,8,149.72973368880344,772670.0,8,145.65400374390674,0.027118036160327173,0.00019384966789859676,20953.292999999998,8,149.72973368880344,193284.0,8,145.65400374390674,0.10840676413981498,0.0007789573863196483,0.5296039807089828,0.051204366183245364,0.0003660275884616454,0.47233552804145856,0.25015077588103585,0.0025354312551777486,0.004787409739223557,5,6
5,5,7,8825.493999999999,8,96.42347593895379,303865.0,8,93.07799008342413,0.029044128149013537,0.00031744809336462816,8825.493999999999,8,96.42347593895379,80987.0,8,93.07799008342413,0.10897420573672316,0.0011971736338514099,0.5296039807089828,0.05484121949032946,0.0005994065470196413,0.5032495453357413,0.2665229624997943,0.00413025028006635,0.007798752332898193,5,7
5,5,8,3238.2104,8,58.54897769243627,112955.0,8,58.387632530186565,0.028668145721747598,0.0005185507502221331,3238.2104,8,58.54897769243627,32857.0,8,58.387632530186565,0.0985546580637307,0.0017905188183830174,0.5296039807089828,0.054131288219113165,0.0009791292533865535,0.5492514436416489,0.2908857509627728,0.007457379504346342,0.01408104881380068,5,8
5,5,9,179.5872,8,14.002543567441595,11430.0,8,15.391833261522164,0.015711916010498688,0.0012252521221246169,179.5872,8,14.002543567441595,3573.0,8,15.391833261522164,0.05026230058774139,0.003924964585320535,0.5296039807089828,0.02966729213301057,0.0023135251371871625,0.5902493874354451,0.3125984251968504,0.03449823178675518,0.06513967614173191,5,9
5,5,10,0.0,8,0.0,235.0,8,0.0,0.0,,0.0,8,0.0,78.0,8,0.0,0.0,,0.5296039807089828,0.0,,,,,,5,10
5,5,11,0.0,8,0.0,0.0,8,0.0,,,0.0,8,0.0,0.0,8,0.0,,,0.5296039807089828,,,,,,,5,11
5,6,1,72157.96,8,290.96713538990963,1219979.0,8,296.6838035472951,0.05914688695461152,0.0002389350993407629,72157.96,8,290.96713538990963,285778.0,8,296.6838035472951,0.25249655326862114,0.0010513604948235453,0.5296039807089828,0.11168134891174979,0.00045115805024897957,0.4423084096238589,0.23424829443785505,0.0013589799970455227,0.0025660305559377615,6,1
5,6,2,33210.266,8,193.78660019598877,898001.0,8,195.91643242571564,0.0369824376587554,0.00021594853781481735,33210.266,8,193.78660019598877,213181.0,8,195.91643242571564,0.15578436164573767,0.0009202289656529049,0.5296039807089828,0.06983036194185487,0.0004077547482285277,0.4482501401562565,0.23739505858011298,0.0019718076642198444,0.0037231737978634105,6,2
5,6,3,18781.205,8,143.9838918631178,632025.0,8,144.31781212958433,0.029715921047426923,0.0002279146305726131,18781.205,8,143.9838918631178,153144.0,8,144.31781212958433,0.12263755027947554,0.0009472626949290426,0.5296039807089828,0.056109701078239836,0.00043034916442188166,0.4575246402946968,0.2423068707725169,0.0026375525376917683,0.004980235484938892,6,3
5,6,4,11744.877,8,112.04462159041817,423316.0,8,109.90790955076892,0.027744939950297177,0.0002647811794026754,11744.877,8,112.04462159041817,106027.0,8,109.90790955076892,0.11077251077555718,0.0010629758124192233,0.5296039807089828,0.05238808800710849,0.0004999607046914788,0.4729340126022342,0.2504677356868155,0.0033897480786452714,0.006400533610241001,6,4
5,6,5,12910.371,8,117.4882913550112,429627.0,8,117.21233158499152,0.030050185393376113,0.00027358866495619537,12910.371,8,117.4882913550112,112927.0,8,117.21233158499152,0.11432492672257298,0.0010471367922106885,0.5296039807089828,0.05674086012938916,0.0005165910282432945,0.49631223702491045,0.2628489364029728,0.003394547294334607,0.0064095955052873915,6,5
5,6,6,5186.5154,8,74.2747170668465,139228.0,8,71.49380371874824,0.037251956503002275,0.0005338182743087198,5186.5154,8,74.2747170668465,39904.0,8,71.49380371874824,0.12997482457898957,0.0018758454959112343,0.5296039807089828,0.07033926832108199,0.0010079574432089713,0.5411760973628761,0.2866090154279312,0.005829099130423419,0.011006524389450364,6,6
5,6,7,1414.5341,8,38.98920185512907,35054.0,8,40.04455903131535,0.040353001084041766,0.00111321599737874,1414.5341,8,38.98920185512907,10797.0,8,40.04455903131535,0.13101177178845977,0.0036436588718845825,0.5296039807089828,0.0761946710257371,0.002101978153352385,0.5815864481915871,0.3080104980886632,0.012065717692800557,0.02278252832738933,6,7
5,6,8,221.3803,8,15.747201393380983,6834.0,8,17.254970257801084,0.032393956687152475,0.00230569483910441,221.3803,8,15.747201393380983,2286.0,8,17.254970257801084,0.0968417760279965,0.006927214236003293,0.5296039807089828,0.06116637689125101,0.004353620673352507,0.6316114738908558,0.334503950834065,0.033754818896290735,0.06373596144633022,6,8
5,6,9,0.0,8,0.0,72.0,8,0.0,0.0,,0.0,8,0.0,30.0,8,0.0,0.0,,0.5296039807089828,0.0,,,,,,6,9
5,6,10,0.0,8,0.0,0.0,8,0.0,,,0.0,8,0.0,0.0,8,0.0,,,0.5296039807089828,,,,,,,6,10
5,6,11,0.0,8,0.0,0.0,8,0.0,,,0.0,8,0.0,0.0,8,0.0,,,0.5296039807089828,,,,,,,6,11
5,7,1,10590.53,8,107.40682238196044,140751.0,8,117.08329554163566,0.07524301781159637,0.000765660709257963,10590.53,8,107.40682238196044,38722.0,8,117.08329554163566,0.27350162698207736,0.00289444838270654,0.5296039807089828,0.14207411679736293,0.0014457231009347212,0.5194635160494788,0.2751099459328886,0.0040390230705962945,0.0076264968121826406,7,1
5,7,2,3499.3442999999997,8,60.98112192779336,73118.0,8,65.94751469685875,0.04785886238682677,0.0008351260104381487,3499.3442999999997,8,60.98112192779336,21063.0,8,65.94751469685875,0.16613703176185726,0.002941535023532874,0.5296039807089828,0.09036726333279808,0.0015768877139483778,0.543932092529085,0.2880686014387702,0.007161145647419191,0.013521699058667456,7,2
5,7,3,1160.4374,8,35.496820033379045,35465.0,8,38.9348594198772,0.03272063724799098,0.0010015416324640279,1160.4374,8,35.496820033379045,10554.0,8,38.9348594198772,0.10995237824521509,0.003387723620909928,0.5296039807089828,0.06178321621409971,0.0018911142456355036,0.5619088663667754,0.2975891724235161,0.01292445141846326,0.024403992207840373,7,3
5,7,4,366.7835,8,19.88219251512267,15925.0,8,22.377303989580604,0.02303193092621664,0.0012489087270163392,366.7835,8,19.88219251512267,4896.0,8,22.377303989580604,0.07491493055555555,0.004075314763229757,0.5296039807089828,0.04348896867312762,0.002358193617322174,0.5805113660337307,0.3074411302982732,0.023614276591170998,0.04458855569695393,7,4
5,7,5,207.383,8,15.453139549916708,8229.0,8,18.50226984915094,0.025201482561672137,0.0018787425944483459,207.383,8,15.453139549916708,2719.0,8,18.50226984915094,0.076271791099669,0.005707040144253946,0.5296039807089828,0.04758552329598206,0.003547448023206446,0.6238941371364828,0.3304168185684773,0.034899782009934086,0.06589788461033395,7,5
5,7,6,0.0,8,0.0,435.0,8,0.0,0.0,,0.0,8,0.0,153.0,8,0.0,0.0,,0.5296039807089828,0.0,,,,,,7,6
5,7,7,0.0,8,0.0,0.0,8,0.0,,,0.0,8,0.0,0.0,8,0.0,,,0.5296039807089828,,,,,,,7,7
5,7,8,0.0,8,0.0,0.0,8,0.0,,,0.0,8,0.0,0.0,8,0.0,,,0.5296039807089828,,,,,,,7,8
5,7,9,0.0,8,0.0,0.0,8,0.0,,,0.0,8,0.0,0.0,8,0.0,,,0.5296039807089828,,,,,,,7,9
5,7,10,0.0,8,0.0,0.0,8,0.0,,,0.0,8,0.0,0.0,8,0.0,,,0.5296039807089828,,,,,,,7,10
5,7,11,0.0,8,0.0,0.0,8,0.0,,,0.0,8,0.0,0.0,8,0.0,,,0.5296039807089828,,,,,,,7,11
5,8,1,0.0,8,0.0,45.650999999999996,8,7.212612791305243,0.0,,0.0,8,0.0,45.650999999999996,8,7.212612791305243,0.0,,0.5296039807089828,0.0,,,,,,8,1
5,8,2,0.0,8,0.0,0.0,8,0.0,,,0.0,8,0.0,0.0,8,0.0,,,0.5296039807089828,,,,,,,8,2
5,8,3,0.0,8,0.0,0.0,8,0.0,,,0.0,8,0.0,0.0,8,0.0,,,0.5296039807089828,,,,,,,8,3
5,8,4,0.0,8,0.0,0.0,8,0.0,,,0.0,8,0.0,0.0,8,0.0,,,0.5296039807089828,,,,,,,8,4
5,8,5,0.0,8,0.0,0.0,8,0.0,,,0.0,8,0.0,0.0,8,0.0,,,0.5296039807089828,,,,,,,8,5
5,8,6,0.0,8,0.0,0.0,8,0.0,,,0.0,8,0.0,0.0,8,0.0,,,0.5296039807089828,,,,,,,8,6
5,8,7,0.0,8,0.0,0.0,8,0.0,,,0.0,8,0.0,0.0,8,0.0,,,0.5296039807089828,,,,,,,8,7
5,8,8,0.0,8,0.0,0.0,8,0.0,,,0.0,8,0.0,0.0,8,0.0,,,0.5296039807089828,,,,,,,8,8
5,8,9,0.0,8,0.0,0.0,8,0.0,,,0.0,8,0.0,0.0,8,0.0,,,0.5296039807089828,,,,,,,8,9
5,8,10,0.0,8,0.0,0.0,8,0.0,,,0.0,8,0.0,0.0,8,0.0,,,0.5296039807089828,,,,,,,8,10
5,8,11,0.0,8,0.0,0.0,8,0.0,,,0.0,8,0.0,0.0,8,0.0,,,0.5296039807089828,,,,,,,8,11
6,1,1,0.0,8,0.0,55163940.0,8,0.0,0.0,,0.0,8,0.0,11605100.0,8,0.0,0.0,,0.5262952552393004,0.0,,,,,,1,1
6,1,2,0.0,8,0.0,17140170.0,8,0.0,0.0,,0.0,8,0.0,3642310.0,8,0.0,0.0,,0.5262952552393004,0.0,,,,,,1,2
6,1,3,0.0,8,0.0,6373788.0,8,0.0,0.0,,0.0,8,0.0,1411803.0,8,0.0,0.0,,0.5262952552393004,0.0,,,,,,1,3
6,1,4,0.0,8,0.0,2315377.0,8,0.0,0.0,,0.0,8,0.0,544286.0,8,0.0,0.0,,0.5262952552393004,0.0,,,,,,1,4
6,1,5,0.0,8,0.0,845999.0,8,0.0,0.0,,0.0,8,0.0,219844.0,8,0.0,0.0,,0.5262952552393004,0.0,,,,,,1,5
6,1,6,0.0,8,0.0,21822.0,8,0.0,0.0,,0.0,8,0.0,6560.0,8,0.0,0.0,,0.5262952552393004,0.0,,,,,,1,6
6,1,7,0.0,8,0.0,0.0,8,0.0,,,0.0,8,0.0,0.0,8,0.0,,,0.5262952552393004,,,,,,,1,7
6,1,8,0.0,8,0.0,0.0,8,0.0,,,0.0,8,0.0,0.0,8,0.0,,,0.5262952552393004,,,,,,,1,8
6,1,9,0.0,8,0.0,0.0,8,0.0,,,0.0,8,0.0,0.0,8,0.0,,,0.5262952552393004,,,,,,,1,9
6,1,10,0.0,8,0.0,0.0,8,0.0,,,0.0,8,0.0,0.0,8,0.0,,,0.5262952552393004,,,,,,,1,10
6,1,11,0.0,8,0.0,0.0,8,0.0,,,0.0,8,0.0,0.0,8,0.0,,,0.5262952552393004,,,,,,,1,11
6,2,1,2183.755,8,90.08258606878468,9493730.0,8,93.12486536017113,0.00023002076107072776,9.488640251574769e-06,2183.755,8,90.08258606878468,1924834.0,8,93.12486536017113,0.001134516015407043,4.680021655089749e-05,0.5262952552393004,0.0004370564978134563,1.8029119884921617e-05,0.385236075893251,0.20274791888962507,0.011827923074587113,0.02247393066313906,2,1
6,2,2,697.2072000000001,8,32.07790128010871,6713762.0,8,29.62672421098222,0.00010384747031545058,4.77793246582963e-06,697.2072000000001,8,32.07790128010871,1365442.0,8,29.62672421098222,0.0005106091653838098,2.3492689434742096e-05,0.5262952552393004,0.0001973178919658554,9.078425880273533e-06,0.38643625172207274,0.20337956573378682,0.013233247092908093,0.025144150476695992,2,2
6,2,3,375.33029999999997,8,21.133210029557745,4338405.0,8,23.22516015241445,8.651343062715444e-05,4.871193474347504e-06,375.33029999999997,8,21.133210029557745,901749.0,8,23.22516015241445,0.000416224803132579,2.3435803356036264e-05,0.5262952552393004,0.00016438193156010454,9.25562871003393e-06,0.39493545392522994,0.20785265552662785,0.01655093153821422,0.03144799686763033,2,3
6,2,4,324.8213,8,19.30874141562831,2777280.0,8,15.979877892318202,0.00011695662662749165,6.952392810980222e-06,324.8213,8,19.30874141562831,589232.0,8,15.979877892318202,0.0005512621514106498,3.27693394538788e-05,0.5262952552393004,0.000222226260759871,1.3210061732019697e-05,0.40312265260948194,0.21216153934785112,0.017835740523199167,0.0338892291838912,2,4
6,2,5,156.8399,8,13.391992652768295,2460634.0,8,15.034628217315518,6.37396297051898e-05,5.442496806536558e-06,156.8399,8,13.391992652768295,562471.0,8,15.034628217315518,0.0002788408646845793,2.3809215602134756e-05,0.5262952552393004,0.00012111002155284132,1.0341147392753743e-05,0.43433383299050954,0.2285878354928039,0.027603030798211088,0.05244780477008159,2,5
6,2,6,0.0,8,0.0,442465.0,8,0.0,0.0,,0.0,8,0.0,117770.0,8,0.0,0.0,,0.5262952552393004,0.0,,,,,,2,6
6,2,7,0.0,8,0.0,30345.0,8,0.0,0.0,,0.0,8,0.0,8946.0,8,0.0,0.0,,0.5262952552393004,0.0,,,,,,2,7
6,2,8,0.0,8,0.0,132.0,8,0.0,0.0,,0.0,8,0.0,39.0,8,0.0,0.0,,0.5262952552393004,0.0,,,,,,2,8
6,2,9,0.0,8,0.0,0.0,8,0.0,,,0.0,8,0.0,0.0,8,0.0,,,0.5262952552393004,,,,,,,2,9
6,2,10,0.0,8,0.0,0.0,8,0.0,,,0.0,8,0.0,0.0,8,0.0,,,0.5262952552393004,,,,,,,2,10
6,2,11,0.0,8,0.0,0.0,8,0.0,,,0.0,8,0.0,0.0,8,0.0,,,0.5262952552393004,,,,,,,2,11
6,3,1,36258.3,8,313.8193143172198,4983261.0,8,317.7375681837135,0.00727601865525406,6.29763983460312e-05,36258.3,8,313.8193143172198,1018597.0,8,317.7375681837135,0.035596315323921046,0.00030828979845739726,0.5262952552393004,0.013824974827002264,0.00011965982539097099,0.38838218790897594,0.20440370271595243,0.002502781064665586,0.00475546955772497,3,1
6,3,2,15973.557,8,156.99096965593276,3642846.0,8,155.01950954541175,0.004384911412670204,4.309609608771762e-05,15973.557,8,156.99096965593276,753644.0,8,155.01950954541175,0.021195096093115585,0.00020835480478946427,0.5262952552393004,0.008331656744038922,8.188577734397836e-05,0.39309360558856543,0.20688329948617096,0.002875828975319079,0.005464288242559724,3,2
6,3,3,7415.967,8,96.21716573179653,2578318.0,8,99.50599272516203,0.0028762809707724183,3.7317969081485206e-05,7415.967,8,96.21716573179653,541123.0,8,99.50599272516203,0.013704771373606369,0.0001778280156342979,0.5262952552393004,0.005465147067428161,7.090690769103962e-05,0.39877696011429514,0.20987442200690531,0.003851075667135123,0.007317329253489246,3,3
6,3,4,6027.923000000001,8,81.41491411639517,1788932.0,8,81.58214400051031,0.0033695651930872724,4.551060532595706e-05,6027.923000000001,8,81.41491411639517,379833.0,8,81.58214400051031,0.015869929679622363,0.00021437107357601273,0.5262952552393004,0.00640242365771504,8.647352388777266e-05,0.40343112962472755,0.21232388933732527,0.0040558214242031685,0.0077063613700241946,3,4
6,3,5,6745.338,8,86.26727785885272,1846641.0,8,84.48646730661426,0.0036527608777233906,4.67160806345931e-05,6745.338,8,86.26727785885272,411320.0,8,84.48646730661426,0.016399246328892347,0.00020975980579385404,0.5262952552393004,0.006940516452238434,8.876401633784792e-05,0.42322167208444006,0.2227395579324839,0.004028878056415487,0.007655166973875914,3,5
6,3,6,1547.6979999999999,8,40.730811579810194,522972.0,8,38.78652675092216,0.0029594280382123704,7.788365977918716e-05,1547.6979999999999,8,40.730811579810194,131579.0,8,38.78652675092216,0.011762500094999961,0.0003095734623326438,0.5262952552393004,0.005623132659379101,0.00014798472721129578,0.47805590766961176,0.2515985559456338,0.009364281661181289,0.017792829344287848,3,6
6,3,7,86.8985,8,9.874549957096779,84789.0,8,12.893394500022096,0.0010248794065267901,0.00011646037574132975,86.8985,8,9.874549957096779,24249.0,8,12.893394500022096,0.0035835910759206566,0.00040721918661038676,0.5262952552393004,0.0019473468482264565,0.00022128334728835158,0.5434065458281022,0.2859922867353077,0.045959672053154196,0.08732678395942758,3,7
6,3,8,0.0,8,0.0,3714.0,8,0.0,0.0,,0.0,8,0.0,1217.0,8,0.0,0.0,,0.5262952552393004,0.0,,,,,,3,8
6,3,9,0.0,8,0.0,0.0,8,0.0,,,0.0,8,0.0,0.0,8,0.0,,,0.5262952552393004,,,,,,,3,9
6,3,10,0.0,8,0.0,0.0,8,0.0,,,0.0,8,0.0,0.0,8,0.0,,,0.5262952552393004,,,,,,,3,10
6,3,11,0.0,8,0.0,0.0,8,0.0,,,0.0,8,0.0,0.0,8,0.0,,,0.5262952552393004,,,,,,,3,11
6,4,1,56576.89,8,333.7899616274432,2779532.0,8,339.4072631028983,0.02035482592033479,0.00012011426695620643,56576.89,8,333.7899616274432,583250.0,8,339.4072631028983,0.09700281183026147,0.0005750702759039994,0.5262952552393004,0.03867567818197351,0.00022822601146497482,0.3987067740845432,0.20983748343246275,0.0017552229593829967,0.003335053740100539,4,1
6,4,2,25424.62,8,183.14303683539268,2087279.0,8,187.06095871463933,0.012180748237298415,8.774927086075612e-05,25424.62,8,183.14303683539268,440800.0,8,187.06095871463933,0.057678357531760434,0.00041619912561293923,0.5262952552393004,0.023144324627741453,0.0001667301196186113,0.40126532061869297,0.21118403433369473,0.0021533037238112523,0.004091436702829802,4,2
6,4,3,12256.041,8,121.03139564757568,1514009.0,8,121.38617805170405,0.00809509124450383,7.994363606098949e-05,12256.041,8,121.03139564757568,322416.0,8,121.38617805170405,0.03801312900104213,0.0003756616364616259,0.5262952552393004,0.015381273465638761,0.00015189883485580737,0.40463055449124125,0.21295514095358747,0.002975197953757017,0.005653096667961084,4,3
6,4,4,7930.6889,8,93.61497758430805,1030355.0,8,94.94661420361656,0.007697045096107653,9.085978141565251e-05,7930.6889,8,93.61497758430805,224464.0,8,94.94661420361656,0.03533167412146269,0.0004173277830916169,0.5262952552393004,0.014624956275936582,0.00017264032025966034,0.41393329468790896,0.21785112897981762,0.003637937409191645,0.00691235076314248,4,4
6,4,5,10787.862000000001,8,108.05698223233888,1015909.0,8,105.57176155639347,0.01061892551399781,0.00010637054834541684,10787.862000000001,8,108.05698223233888,235511.0,8,105.57176155639347,0.045806191642853204,0.0004592784903122874,0.5262952552393004,0.020176745673242874,0.00020211192726229572,0.4404807505186016,0.23182292902218601,0.003285623952556759,0.006242929078018809,4,5
6,4,6,3407.6422000000002,8,60.0928628486778,272816.0,8,58.70916212866609,0.012490624450178876,0.00022028523621601625,3407.6422000000002,8,60.0928628486778,71668.0,8,58.70916212866609,0.04754761120723336,0.0008393936473678274,0.5262952552393004,0.0237331124037961,0.00041855827888065433,0.49914415890120706,0.2626972025101167,0.0065552560934032415,0.012455472528291447,4,6
6,4,7,347.55719999999997,8,19.62279639486177,41830.0,8,23.88773453424372,0.008308802295003585,0.0004691322051890499,347.55719999999997,8,19.62279639486177,12131.0,8,23.88773453424372,0.028650333855411752,0.0016185580461012424,0.5262952552393004,0.015787340304304412,0.0008913859673231158,0.551035125244181,0.29000717188620606,0.023163355726925815,0.04401209301496307,4,7
6,4,8,0.0,8,0.0,1582.0,8,5.48954,0.0,,0.0,8,0.0,486.0,8,5.48954,0.0,,0.5262952552393004,0.0,,,,,,4,8
6,4,9,0.0,8,0.0,0.0,8,0.0,,,0.0,8,0.0,0.0,8,0.0,,,0.5262952552393004,,,,,,,4,9
6,4,10,0.0,8,0.0,0.0,8,0.0,,,0.0,8,0.0,0.0,8,0.0,,,0.5262952552393004,,,,,,,4,10
6,4,11,0.0,8,0.0,0.0,8,0.0,,,0.0,8,0.0,0.0,8,0.0,,,0.5262952552393004,,,,,,,4,11
6,5,1,50916.11,8,287.16196305619934,1379995.0,8,291.668813223783,0.036895865564730304,0.0002082351987839476,50916.11,8,287.16196305619934,295638.0,8,291.668813223783,0.17222451105744188,0.0009860788585596603,0.5262952552393004,0.07010487971804757,0.00039566231447263464,0.40705518214341485,0.21423121098264847,0.0017223313977934162,0.003272557334780249,5,1
6,5,2,20230.36,8,158.46491725394614,964957.0,8,160.39212736827204,0.02096503782033811,0.0001642566360229739,20230.36,8,158.46491725394614,211378.0,8,160.39212736827204,0.09570702722137593,0.0007531848046016265,0.5262952552393004,0.03983512602789008,0.0003120997850309106,0.416219447875537,0.21905432055521643,0.0024325482592859535,0.004622022021041975,5,2
6,5,3,9537.839,8,102.79695648699916,621063.0,8,103.20323357458331,0.015357280984376786,0.00016553743162732177,9537.839,8,102.79695648699916,142404.0,8,103.20323357458331,0.06697732507513834,0.0007234985825702218,0.5262952552393004,0.029179972328258984,0.0003145333916264432,0.4356694193971393,0.22929074828157528,0.0034990319591988086,0.00664842011088973,5,3
6,5,4,4612.382,8,70.86420402234121,365025.0,8,69.72142532586379,0.012635797548113142,0.00019415020897531216,4612.382,8,70.86420402234121,88419.0,8,69.72142532586379,0.05216505502211063,0.0008025138893206295,0.5262952552393004,0.024008952051767576,0.00036889978969511,0.46024972161135774,0.2422272447092665,0.005266743876818309,0.010007203797464564,5,4
6,5,5,3909.9861,8,64.62753650968061,278015.0,8,66.34263941252262,0.014063939355790155,0.0002324848349188688,3909.9861,8,64.62753650968061,72814.0,8,66.34263941252262,0.05369827368363227,0.0008889176540733136,0.5262952552393004,0.026722527356617422,0.0004417384207903615,0.49764220567043477,0.2619067316511699,0.006127118802474691,0.011641979937076878,5,5
6,5,6,760.6975,8,28.834543740952448,45699.0,8,32.60276180895876,0.01664582375981969,0.0006310783695790248,760.6975,8,28.834543740952448,13055.0,8,32.60276180895876,0.0582686710072769,0.0022134857167338605,0.5262952552393004,0.03162829912318139,0.0011990956849726503,0.542801106948732,0.2856736471257577,0.015331880068805764,0.029131708705666618,5,6
6,5,7,0.0,8,0.0,2626.0,8,8.186994751293053,0.0,,0.0,8,0.0,799.0,8,8.186994751293053,0.0,,0.5262952552393004,0.0,,,,,,5,7
6,5,8,0.0,8,0.0,1.0,8,0.0,0.0,,0.0,8,0.0,1.0,8,0.0,0.0,,0.5262952552393004,0.0,,,,,,5,8
6,5,9,0.0,8,0.0,0.0,8,0.0,,,0.0,8,0.0,0.0,8,0.0,,,0.5262952552393004,,,,,,,5,9
6,5,10,0.0,8,0.0,0.0,8,0.0,,,0.0,8,0.0,0.0,8,0.0,,,0.5262952552393004,,,,,,,5,10
6,5,11,0.0,8,0.0,0.0,8,0.0,,,0.0,8,0.0,0.0,8,0.0,,,0.5262952552393004,,,,,,,5,11
6,6,1,17530.58,8,147.53109546437997,290608.0,8,157.53940571590334,0.060323803887023075,0.0005087157399892436,17530.58,8,147.53109546437997,72177.0,8,157.53940571590334,0.24288318993585217,0.0021116474438115404,0.5262952552393004,0.11461969927810679,0.0009665976178294375,0.47191285369884584,0.2483654957881407,0.0030082388738301895,0.005715876865472363,6,1
6,6,2,5372.277,8,77.40238365980728,143551.0,8,84.71668711588055,0.03742416980724621,0.0005396499385088765,5372.277,8,77.40238365980728,37602.0,8,84.71668711588055,0.14287210786660284,0.002083479895904055,0.5262952552393004,0.07110869694280232,0.0010253748882146085,0.4977087410874854,0.261941748925469,0.005371979531693234,0.010207159343001596,6,2
6,6,3,1595.8813,8,41.71956969770182,61821.0,8,48.08724955896417,0.025814550071982013,0.0006751432940699582,1595.8813,8,41.71956969770182,16968.0,8,48.08724955896417,0.09405241041961339,0.002473126032618298,0.5262952552393004,0.049049558807526074,0.0012828223081034205,0.5215130435115083,0.27446984034551364,0.010179270405268892,0.01934136837437475,6,3
6,6,4,378.9221,8,20.64518781421472,22562.0,8,19.52522270174146,0.01679470348373371,0.000915157873014814,378.9221,8,20.64518781421472,6477.0,8,19.52522270174146,0.0585027173073954,0.0031923366156583256,0.5262952552393004,0.03191118163529206,0.0017388678007342136,0.5454649476812956,0.28707561386401914,0.022138065785877487,0.04206396612071214,6,4
6,6,5,32.2808,8,6.070795238393401,7193.0,8,11.825003527217232,0.0044878075907131935,0.0008440187939006792,32.2808,8,6.070795238393401,2239.0,8,11.825003527217232,0.014417507815989281,0.002712455861589834,0.5262952552393004,0.0085271671101664,0.001603698276772253,0.5914452913082257,0.311274850549145,0.08280455570306038,0.15733479425994462,6,5
6,6,6,0.0,8,0.0,46.0,8,0.0,0.0,,0.0,8,0.0,18.0,8,0.0,0.0,,0.5262952552393004,0.0,,,,,,6,6
6,6,7,0.0,8,0.0,0.0,8,0.0,,,0.0,8,0.0,0.0,8,0.0,,,0.5262952552393004,,,,,,,6,7
6,6,8,0.0,8,0.0,0.0,8,0.0,,,0.0,8,0.0,0.0,8,0.0,,,0.5262952552393004,,,,,,,6,8
6,6,9,0.0,8,0.0,0.0,8,0.0,,,0.0,8,0.0,0.0,8,0.0,,,0.5262952552393004,,,,,,,6,9
6,6,10,0.0,8,0.0,0.0,8,0.0,,,0.0,8,0.0,0.0,8,0.0,,,0.5262952552393004,,,,,,,6,10
6,6,11,0.0,8,0.0,0.0,8,0.0,,,0.0,8,0.0,0.0,8,0.0,,,0.5262952552393004,,,,,,,6,11
6,7,1,0.0,8,0.0,736.7266,8,29.165233854001585,0.0,,0.0,8,0.0,710.2964,8,29.165233854001585,0.0,,0.5262952552393004,0.0,,,,,,7,1
6,7,2,0.0,8,0.0,162.92430000000002,8,13.823259381954749,0.0,,0.0,8,0.0,162.92430000000002,8,13.823259381954749,0.0,,0.5262952552393004,0.0,,,,,,7,2
6,7,3,0.0,8,0.0,51.48274000000001,8,7.855315973568472,0.0,,0.0,8,0.0,51.48274000000001,8,7.855315973568472,0.0,,0.5262952552393004,0.0,,,,,,7,3
6,7,4,0.0,8,0.0,0.0,8,0.0,,,0.0,8,0.0,0.0,8,0.0,,,0.5262952552393004,,,,,,,7,4
6,7,5,0.0,8,0.0,0.0,8,0.0,,,0.0,8,0.0,0.0,8,0.0,,,0.5262952552393004,,,,,,,7,5
6,7,6,0.0,8,0.0,0.0,8,0.0,,,0.0,8,0.0,0.0,8,0.0,,,0.5262952552393004,,,,,,,7,6
6,7,7,0.0,8,0.0,0.0,8,0.0,,,0.0,8,0.0,0.0,8,0.0,,,0.5262952552393004,,,,,,,7,7
6,7,8,0.0,8,0.0,0.0,8,0.0,,,0.0,8,0.0,0.0,8,0.0,,,0.5262952552393004,,,,,,,7,8
6,7,9,0.0,8,0.0,0.0,8,0.0,,,0.0,8,0.0,0.0,8,0.0,,,0.5262952552393004,,,,,,,7,9
6,7,10,0.0,8,0.0,0.0,8,0.0,,,0.0,8,0.0,0.0,8,0.0,,,0.5262952552393004,,,,,,,7,10
6,7,11,0.0,8,0.0,0.0,8,0.0,,,0.0,8,0.0,0.0,8,0.0,,,0.5262952552393004,,,,,,,7,11
6,8,1,0.0,8,0.0,26.1246,8,6.244380167110264,0.0,,0.0,8,0.0,26.1246,8,6.244380167110264,0.0,,0.5262952552393004,0.0,,,,,,8,1
6,8,2,0.0,8,0.0,0.0,8,0.0,,,0.0,8,0.0,0.0,8,0.0,,,0.5262952552393004,,,,,,,8,2
6,8,3,0.0,8,0.0,12.326,8,4.0985,0.0,,0.0,8,0.0,12.326,8,4.0985,0.0,,0.5262952552393004,0.0,,,,,,8,3
6,8,4,0.0,8,0.0,0.0,8,0.0,,,0.0,8,0.0,0.0,8,0.0,,,0.5262952552393004,,,,,,,8,4
6,8,5,0.0,8,0.0,0.0,8,0.0,,,0.0,8,0.0,0.0,8,0.0,,,0.5262952552393004,,,,,,,8,5
6,8,6,0.0,8,0.0,0.0,8,0.0,,,0.0,8,0.0,0.0,8,0.0,,,0.5262952552393004,,,,,,,8,6
6,8,7,0.0,8,0.0,0.0,8,0.0,,,0.0,8,0.0,0.0,8,0.0,,,0.5262952552393004,,,,,,,8,7
6,8,8,0.0,8,0.0,0.0,8,0.0,,,0.0,8,0.0,0.0,8,0.0,,,0.5262952552393004,,,,,,,8,8
6,8,9,0.0,8,0.0,0.0,8,0.0,,,0.0,8,0.0,0.0,8,0.0,,,0.5262952552393004,,,,,,,8,9
6,8,10,0.0,8,0.0,0.0,8,0.0,,,0.0,8,0.0,0.0,8,0.0,,,0.5262952552393004,,,,,,,8,10
6,8,11,0.0,8,0.0,0.0,8,0.0,,,0.0,8,0.0,0.0,8,0.0,,,0.5262952552393004,,,,,,,8,11
7,1,1,0.0,8,0.0,18973470.0,8,0.0,0.0,,0.0,8,0.0,4251396.0,8,0.0,0.0,,0.5970445958462837,0.0,,,,,,1,1
7,1,2,0.0,8,0.0,5491968.0,8,0.0,0.0,,0.0,8,0.0,1239660.0,8,0.0,0.0,,0.5970445958462837,0.0,,,,,,1,2
7,1,3,0.0,8,0.0,1595054.0,8,0.0,0.0,,0.0,8,0.0,368539.0,8,0.0,0.0,,0.5970445958462837,0.0,,,,,,1,3
7,1,4,0.0,8,0.0,321205.0,8,0.0,0.0,,0.0,8,0.0,81150.0,8,0.0,0.0,,0.5970445958462837,0.0,,,,,,1,4
7,1,5,0.0,8,0.0,28631.0,8,0.0,0.0,,0.0,8,0.0,7708.0,8,0.0,0.0,,0.5970445958462837,0.0,,,,,,1,5
7,1,6,0.0,8,0.0,0.0,8,0.0,,,0.0,8,0.0,0.0,8,0.0,,,0.5970445958462837,,,,,,,1,6
7,1,7,0.0,8,0.0,0.0,8,0.0,,,0.0,8,0.0,0.0,8,0.0,,,0.5970445958462837,,,,,,,1,7
7,1,8,0.0,8,0.0,0.0,8,0.0,,,0.0,8,0.0,0.0,8,0.0,,,0.5970445958462837,,,,,,,1,8
7,1,9,0.0,8,0.0,0.0,8,0.0,,,0.0,8,0.0,0.0,8,0.0,,,0.5970445958462837,,,,,,,1,9
7,1,10,0.0,8,0.0,0.0,8,0.0,,,0.0,8,0.0,0.0,8,0.0,,,0.5970445958462837,,,,,,,1,10
7,1,11,0.0,8,0.0,0.0,8,0.0,,,0.0,8,0.0,0.0,8,0.0,,,0.5970445958462837,,,,,,,1,11
7,2,1,0.0,8,0.0,3868046.0,8,0.0,0.0,,0.0,8,0.0,854955.0,8,0.0,0.0,,0.5970445958462837,0.0,,,,,,2,1
7,2,2,0.0,8,0.0,2640473.0,8,0.0,0.0,,0.0,8,0.0,585819.0,8,0.0,0.0,,0.5970445958462837,0.0,,,,,,2,2
7,2,3,0.0,8,0.0,1591369.0,8,0.0,0.0,,0.0,8,0.0,352927.0,8,0.0,0.0,,0.5970445958462837,0.0,,,,,,2,3
7,2,4,0.0,8,0.0,899031.0,8,0.0,0.0,,0.0,8,0.0,204023.0,8,0.0,0.0,,0.5970445958462837,0.0,,,,,,2,4
7,2,5,0.0,8,0.0,346600.0,8,0.0,0.0,,0.0,8,0.0,88081.0,8,0.0,0.0,,0.5970445958462837,0.0,,,,,,2,5
7,2,6,0.0,8,0.0,4062.0,8,0.0,0.0,,0.0,8,0.0,1186.0,8,0.0,0.0,,0.5970445958462837,0.0,,,,,,2,6
7,2,7,0.0,8,0.0,0.0,8,0.0,,,0.0,8,0.0,0.0,8,0.0,,,0.5970445958462837,,,,,,,2,7
7,2,8,0.0,8,0.0,0.0,8,0.0,,,0.0,8,0.0,0.0,8,0.0,,,0.5970445958462837,,,,,,,2,8
7,2,9,0.0,8,0.0,0.0,8,0.0,,,0.0,8,0.0,0.0,8,0.0,,,0.5970445958462837,,,,,,,2,9
7,2,10,0.0,8,0.0,0.0,8,0.0,,,0.0,8,0.0,0.0,8,0.0,,,0.5970445958462837,,,,,,,2,10
7,2,11,0.0,8,0.0,0.0,8,0.0,,,0.0,8,0.0,0.0,8,0.0,,,0.5970445958462837,,,,,,,2,11
7,3,1,6551.758,8,123.42664765629017,1954968.0,8,127.72566993811385,0.0033513377201059044,6.313524820368754e-05,6551.758,8,123.42664765629017,433902.0,8,127.72566993811385,0.015099626182870786,0.00028449215384224885,0.5970445958462837,0.005613211715542848,0.00010574628535779004,0.3717450781603156,0.22194838994807076,0.005913517627652212,0.009904649784611263,3,1
7,3,2,3022.713,8,65.37731550407985,1379073.0,8,63.668805040616235,0.002191844086571197,4.740681925132297e-05,3022.713,8,65.37731550407985,305545.0,8,63.668805040616235,0.009892857025969988,0.0002139794452627011,0.5970445958462837,0.003671156395720084,7.940247609833224e-05,0.3710916256125848,0.2215582496358061,0.00677709643553793,0.01135107240344702,3,2
7,3,3,1026.3188,8,35.19351262137526,939967.0,8,36.53166011572565,0.0010918668421338196,3.744124551753588e-05,1026.3188,8,35.19351262137526,209262.0,8,36.53166011572565,0.004904468083072894,0.00016818136444682593,0.5970445958462837,0.0018287860734860985,6.271096962943715e-05,0.37288163415680187,0.22262696456364958,0.01079632742760792,0.018082949754037406,3,3
7,3,4,812.8147,8,30.010642345801262,607291.0,8,29.28056814048525,0.0013384270473298632,4.9417277605282686e-05,812.8147,8,30.010642345801262,137080.0,8,29.28056814048525,0.005929491537788153,0.00021893160603568828,0.5970445958462837,0.002241753893497191,8.276982649049177e-05,0.3780684868526553,0.2257237469351596,0.01178636291518922,0.019741176785098583,3,4
7,3,5,515.7049999999999,8,23.602088734864125,323145.0,8,26.888133722889734,0.001595893484349131,7.303881459525327e-05,515.7049999999999,8,23.602088734864125,80784.0,8,26.888133722889734,0.006383751733016438,0.0002921706387675477,0.5970445958462837,0.002672988743976527,0.00012233393468996073,0.418717527837426,0.24999303718145105,0.016180729908170523,0.027101375710863053,3,5
7,3,6,0.0,8,0.0,12249.0,8,0.0,0.0,,0.0,8,0.0,3533.0,8,0.0,0.0,,0.5970445958462837,0.0,,,,,,3,6
7,3,7,0.0,8,0.0,0.0,8,0.0,,,0.0,8,0.0,0.0,8,0.0,,,0.5970445958462837,,,,,,,3,7
7,3,8,0.0,8,0.0,0.0,8,0.0,,,0.0,8,0.0,0.0,8,0.0,,,0.5970445958462837,,,,,,,3,8
7,3,9,0.0,8,0.0,0.0,8,0.0,,,0.0,8,0.0,0.0,8,0.0,,,0.5970445958462837,,,,,,,3,9
7,3,10,0.0,8,0.0,0.0,8,0.0,,,0.0,8,0.0,0.0,8,0.0,,,0.5970445958462837,,,,,,,3,10
7,3,11,0.0,8,0.0,0.0,8,0.0,,,0.0,8,0.0,0.0,8,0.0,,,0.5970445958462837,,,,,,,3,11
7,4,1,15189.43,8,170.34749525061997,1027465.0,8,175.42109959309343,0.014783403814241848,0.00016581317523295326,15189.43,8,170.34749525061997,228157.0,8,175.42109959309343,0.06657446407517631,0.0007483765629469795,0.5970445958462837,0.024760970817074464,0.00027772326621250225,0.3719289544578867,0.2220581722978398,0.003526231701878015,0.005906144576821337,4,1
7,4,2,5801.268599999999,8,87.84486172116671,748796.0,8,88.94359213732038,0.007747462059092196,0.00011731842104494135,5801.268599999999,8,87.84486172116671,165978.0,8,88.94359213732038,0.03495203340201713,0.0005295873716002267,0.5970445958462837,0.01297635404958405,0.00019649858965501194,0.3712617775432535,0.2216598379264847,0.004748298469466007,0.007953004687590394,4,2
7,4,3,2992.024,8,58.334465979127636,477591.0,8,55.996026367948645,0.006264824923417736,0.00012214535195696362,2992.024,8,58.334465979127636,108780.0,8,55.996026367948645,0.027505276705276704,0.0005364478300981815,0.5970445958462837,0.01049306026216958,0.00020458329713851295,0.3814926268368191,0.2277681112081258,0.006281273018321094,0.010520609451991897,4,3
7,4,4,1152.7604000000001,8,35.557599948077204,221408.0,8,37.14612129824189,0.005206498410174881,0.0001606000050050212,1152.7604000000001,8,35.557599948077204,53967.0,8,37.14612129824189,0.021360468434413624,0.0006590407426093838,0.5970445958462837,0.008720451447676041,0.0002689916400254456,0.40825188241783195,0.243744580141639,0.010634097167023095,0.017811227571618404,4,4
7,4,5,665.27181,8,26.71175103897721,91493.0,8,29.52306316912593,0.007271286437213776,0.00029196346859388994,665.27181,8,26.71175103897721,24378.0,8,29.52306316912593,0.027289843711543194,0.0010962301555789754,0.5970445958462837,0.012178799519836633,0.0004890145068310097,0.4462758984099709,0.26644661340211817,0.015133319481941162,0.025347050433461124,4,5
7,4,6,0.0,8,0.0,1598.0,8,6.935336338239119,0.0,,0.0,8,0.0,472.0,8,6.935336338239119,0.0,,0.5970445958462837,0.0,,,,,,4,6
7,4,7,0.0,8,0.0,0.0,8,0.0,,,0.0,8,0.0,0.0,8,0.0,,,0.5970445958462837,,,,,,,4,7
7,4,8,0.0,8,0.0,0.0,8,0.0,,,0.0,8,0.0,0.0,8,0.0,,,0.5970445958462837,,,,,,,4,8
7,4,9,0.0,8,0.0,0.0,8,0.0,,,0.0,8,0.0,0.0,8,0.0,,,0.5970445958462837,,,,,,,4,9
7,4,10,0.0,8,0.0,0.0,8,0.0,,,0.0,8,0.0,0.0,8,0.0,,,0.5970445958462837,,,,,,,4,10
7,4,11,0.0,8,0.0,0.0,8,0.0,,,0.0,8,0.0,0.0,8,0.0,,,0.5970445958462837,,,,,,,4,11
7,5,1,13006.150000000001,8,136.0664328982354,383226.0,8,141.24909100705747,0.03393858976165501,0.0003552756140827985,13006.150000000001,8,136.0664328982354,89225.0,8,141.24909100705747,0.14576800224152425,0.0015423415726926314,0.5970445958462837,0.05684431279969731,0.0005950570804166001,0.3899642714833361,0.23282606086225885,0.0034654050377334487,0.005804264977595844,5,1
7,5,2,2307.677,8,53.60593516850536,178718.0,8,58.91973672446271,0.012912392708065221,0.000299977247024447,2307.677,8,53.60593516850536,43900.0,8,58.91973672446271,0.0525666742596811,0.0012231283647567285,0.5970445958462837,0.021627182957350933,0.0005024369186346002,0.4114238395701417,0.24563838001768148,0.008076683254105824,0.013527772146831835,5,2
7,5,3,575.3472,8,25.728827122059023,62194.0,8,24.19369842311423,0.009250847348618838,0.0004137022954373817,575.3472,8,25.728827122059023,16336.0,8,24.19369842311423,0.03521958863858962,0.001575840666505107,0.5970445958462837,0.01549439926762285,0.0006929169082436421,0.43993697446669916,0.26266199311830724,0.016616114716181636,0.02783060902281352,5,3
7,5,4,63.8941,8,8.68944282270158,15988.0,8,10.809002041058184,0.003996378533900426,0.000543504515382037,63.8941,8,8.68944282270158,4449.0,8,10.809002041058184,0.01436145201168802,0.00195343432129037,0.5970445958462837,0.006693601385396915,0.0009103248219032012,0.46608110238082817,0.2782712034025519,0.05352439500344319,0.08964890625561191,5,4
7,5,5,0.0,8,0.0,2119.0,8,9.163001842464071,0.0,,0.0,8,0.0,638.0,8,9.163001842464071,0.0,,0.5970445958462837,0.0,,,,,,5,5
7,5,6,0.0,8,0.0,0.0,8,0.0,,,0.0,8,0.0,0.0,8,0.0,,,0.5970445958462837,,,,,,,5,6
7,5,7,0.0,8,0.0,0.0,8,0.0,,,0.0,8,0.0,0.0,8,0.0,,,0.5970445958462837,,,,,,,5,7
7,5,8,0.0,8,0.0,0.0,8,0.0,,,0.0,8,0.0,0.0,8,0.0,,,0.5970445958462837,,,,,,,5,8
7,5,9,0.0,8,0.0,0.0,8,0.0,,,0.0,8,0.0,0.0,8,0.0,,,0.5970445958462837,,,,,,,5,9
7,5,10,0.0,8,0.0,0.0,8,0.0,,,0.0,8,0.0,0.0,8,0.0,,,0.5970445958462837,,,,,,,5,10
7,5,11,0.0,8,0.0,0.0,8,0.0,,,0.0,8,0.0,0.0,8,0.0,,,0.5970445958462837,,,,,,,5,11
7,6,1,303.8686,8,19.278596614395976,8125.0,8,35.205079552053284,0.03739921230769231,0.002378277502588177,303.8686,8,19.278596614395976,2315.0,8,35.205079552053284,0.1312607343412527,0.008563581069448168,0.5970445958462837,0.06264056750179711,0.003983416848815249,0.4772224368251945,0.28492307692307695,0.025958173544786037,0.043477779926960905,6,1
7,6,2,0.0,8,0.0,731.0,8,8.433262398313005,0.0,,0.0,8,0.0,251.97899999999998,8,8.433262398313005,0.0,,0.5970445958462837,0.0,,,,,,6,2
7,6,3,0.0,8,0.0,11.69661,8,3.26991,0.0,,0.0,8,0.0,9.69661,8,3.26991,0.0,,0.5970445958462837,0.0,,,,,,6,3
7,6,4,0.0,8,0.0,0.0,8,0.0,,,0.0,8,0.0,0.0,8,0.0,,,0.5970445958462837,,,,,,,6,4
7,6,5,0.0,8,0.0,0.0,8,0.0,,,0.0,8,0.0,0.0,8,0.0,,,0.5970445958462837,,,,,,,6,5
7,6,6,0.0,8,0.0,0.0,8,0.0,,,0.0,8,0.0,0.0,8,0.0,,,0.5970445958462837,,,,,,,6,6
7,6,7,0.0,8,0.0,0.0,8,0.0,,,0.0,8,0.0,0.0,8,0.0,,,0.5970445958462837,,,,,,,6,7
7,6,8,0.0,8,0.0,0.0,8,0.0,,,0.0,8,0.0,0.0,8,0.0,,,0.5970445958462837,,,,,,,6,8
7,6,9,0.0,8,0.0,0.0,8,0.0,,,0.0,8,0.0,0.0,8,0.0,,,0.5970445958462837,,,,,,,6,9
7,6,10,0.0,8,0.0,0.0,8,0.0,,,0.0,8,0.0,0.0,8,0.0,,,0.5970445958462837,,,,,,,6,10
7,6,11,0.0,8,0.0,0.0,8,0.0,,,0.0,8,0.0,0.0,8,0.0,,,0.5970445958462837,,,,,,,6,11
7,7,1,0.0,8,0.0,72.6072,8,13.154005114716961,0.0,,0.0,8,0.0,72.6072,8,13.154005114716961,0.0,,0.5970445958462837,0.0,,,,,,7,1
7,7,2,0.0,8,0.0,25.7194,8,5.423951281510556,0.0,,0.0,8,0.0,25.7194,8,5.423951281510556,0.0,,0.5970445958462837,0.0,,,,,,7,2
7,7,3,0.0,8,0.0,0.0,8,0.0,,,0.0,8,0.0,0.0,8,0.0,,,0.5970445958462837,,,,,,,7,3
7,7,4,0.0,8,0.0,0.0,8,0.0,,,0.0,8,0.0,0.0,8,0.0,,,0.5970445958462837,,,,,,,7,4
7,7,5,0.0,8,0.0,0.0,8,0.0,,,0.0,8,0.0,0.0,8,0.0,,,0.5970445958462837,,,,,,,7,5
7,7,6,0.0,8,0.0,0.0,8,0.0,,,0.0,8,0.0,0.0,8,0.0,,,0.5970445958462837,,,,,,,7,6
7,7,7,0.0,8,0.0,0.0,8,0.0,,,0.0,8,0.0,0.0,8,0.0,,,0.5970445958462837,,,,,,,7,7
7,7,8,0.0,8,0.0,0.0,8,0.0,,,0.0,8,0.0,0.0,8,0.0,,,0.5970445958462837,,,,,,,7,8
7,7,9,0.0,8,0.0,0.0,8,0.0,,,0.0,8,0.0,0.0,8,0.0,,,0.5970445958462837,,,,,,,7,9
7,7,10,0.0,8,0.0,0.0,8,0.0,,,0.0,8,0.0,0.0,8,0.0,,,0.5970445958462837,,,,,,,7,10
7,7,11,0.0,8,0.0,0.0,8,0.0,,,0.0,8,0.0,0.0,8,0.0,,,0.5970445958462837,,,,,,,7,11
7,8,1,0.0,8,0.0,0.0,8,0.0,,,0.0,8,0.0,0.0,8,0.0,,,0.5970445958462837,,,,,,,8,1
7,8,2,0.0,8,0.0,0.0,8,0.0,,,0.0,8,0.0,0.0,8,0.0,,,0.5970445958462837,,,,,,,8,2
7,8,3,0.0,8,0.0,0.0,8,0.0,,,0.0,8,0.0,0.0,8,0.0,,,0.5970445958462837,,,,,,,8,3
7,8,4,0.0,8,0.0,0.0,8,0.0,,,0.0,8,0.0,0.0,8,0.0,,,0.5970445958462837,,,,,,,8,4
7,8,5,0.0,8,0.0,0.0,8,0.0,,,0.0,8,0.0,0.0,8,0.0,,,0.5970445958462837,,,,,,,8,5
7,8,6,0.0,8,0.0,0.0,8,0.0,,,0.0,8,0.0,0.0,8,0.0,,,0.5970445958462837,,,,,,,8,6
7,8,7,0.0,8,0.0,0.0,8,0.0,,,0.0,8,0.0,0.0,8,0.0,,,0.5970445958462837,,,,,,,8,7
7,8,8,0.0,8,0.0,0.0,8,0.0,,,0.0,8,0.0,0.0,8,0.0,,,0.5970445958462837,,,,,,,8,8
7,8,9,0.0,8,0.0,0.0,8,0.0,,,0.0,8,0.0,0.0,8,0.0,,,0.5970445958462837,,,,,,,8,9
7,8,10,0.0,8,0.0,0.0,8,0.0,,,0.0,8,0.0,0.0,8,0.0,,,0.5970445958462837,,,,,,,8,10
7,8,11,0.0,8,0.0,0.0,8,0.0,,,0.0,8,0.0,0.0,8,0.0,,,0.5970445958462837,,,,,,,8,11
8,1,1,78584.57,8,770.4535652609053,87606300.0,8,800.6334647828868,0.0008970196207350386,8.794503363240237e-06,78584.57,8,770.4535652609053,42182610.0,8,800.6334647828868,0.0018629613008773048,1.8264754339092977e-05,0.6969261787330786,0.0012871085175272135,1.2618988397347195e-05,0.6908938564215419,0.4815020152660254,0.006676099431751005,0.00957934948560447,1,1
8,1,2,89897.86,8,543.4152807367217,37202700.0,8,511.58238753911377,0.0024164337534641304,1.4606915273469642e-05,89897.86,8,543.4152807367217,17939710.0,8,511.58238753911377,0.005011109990072303,3.0291533567961232e-05,0.6969261787330786,0.00346727361835782,2.0959056667986154e-05,0.6919172848384819,0.4822152693218503,0.004122317397291647,0.0059149986369940715,1,2
8,1,3,78326.63,8,391.1941901375454,19284090.0,8,383.52535343433294,0.004061722902143685,2.0286012548648053e-05,78326.63,8,391.1941901375454,9308510.0,8,383.52535343433294,0.008414518542709843,4.2026865881726854e-05,0.6969261787330786,0.005828053280373784,2.9107835474806516e-05,0.6926187458964106,0.4827041358964826,0.003409479495945581,0.004892167348546975,1,3
8,1,4,51703.39,8,277.51017777045587,10959080.0,8,265.5069470033694,0.004717858615869215,2.5322655259472776e-05,51703.39,8,277.51017777045587,5297452.0,8,265.5069470033694,0.009760048793268914,5.238787938680372e-05,0.6969261787330786,0.0067695241760693655,3.6334774086842424e-05,0.6935953210334374,0.4833847366749764,0.003669268616920587,0.005264931536351298,1,4
8,1,5,40076.41,8,238.19404585795172,10659970.0,8,240.9274194820714,0.00375952371348137,2.2344881648492346e-05,40076.41,8,238.19404585795172,5159468.0,8,240.9274194820714,0.007767546964144366,4.6167821430744334e-05,0.6969261787330786,0.005394436065403221,3.206204951163184e-05,0.6944838686273003,0.4840039887541897,0.004068312458382823,0.005837508451438125,1,5
8,1,6,3282.617,8,61.00926994400113,4280829.0,8,88.47367998789244,0.0007668180625761973,1.4251750692522919e-05,3282.617,8,61.00926994400113,2075362.0,8,88.47367998789244,0.0015817081550110294,2.939700661205621e-05,0.6969261787330786,0.0011002859212006831,2.044944088401264e-05,0.6956314397917552,0.4848037611406576,0.01274257791008745,0.018283970812018862,1,6
8,1,7,0.0,8,0.0,1820759.0,8,31.28468455100035,0.0,,0.0,8,0.0,884825.0,8,31.28468455100035,0.0,,0.6969261787330786,0.0,,,,,,1,7
8,1,8,0.0,8,0.0,1015341.0,8,15.559120236748607,0.0,,0.0,8,0.0,494984.0,8,15.559120236748607,0.0,,0.6969261787330786,0.0,,,,,,1,8
8,1,9,0.0,8,0.0,307042.0,8,13.117931247281334,0.0,,0.0,8,0.0,150808.0,8,13.117931247281334,0.0,,0.6969261787330786,0.0,,,,,,1,9
8,1,10,0.0,8,0.0,97006.0,8,0.0,0.0,,0.0,8,0.0,48946.0,8,0.0,0.0,,0.6969261787330786,0.0,,,,,,1,10
8,1,11,0.0,8,0.0,11023.0,8,0.0,0.0,,0.0,8,0.0,5708.0,8,0.0,0.0,,0.6969261787330786,0.0,,,,,,1,11
8,2,1,108649.03,8,763.3502384364598,7390118.0,8,780.3761064334363,0.014701934394011029,0.00010330504229849653,108649.03,8,763.3502384364598,3537726.0,8,780.3761064334363,0.030711544647606965,0.0002158805908698817,0.6969261787330786,0.02109539696261265,0.0001482295334152775,0.6868881785226781,0.4787103534747348,0.0047579220506963945,0.006827010084978698,2,1
8,2,2,144448.048,8,611.1320767683611,5696451.0,8,609.4410799726254,0.025357551219171378,0.00010731724723693432,144448.048,8,611.1320767683611,2727556.0,8,609.4410799726254,0.05295878361434193,0.00022437073621381435,0.6969261787330786,0.0363848453293405,0.0001539865347460805,0.6870408050589555,0.47881672290343585,0.0028673429822283643,0.004114270735877395,2,2
8,2,3,150811.93,8,529.246570037426,4299364.0,8,509.7088827848402,0.035077730101475475,0.0001231690297739823,150811.93,8,529.246570037426,2063127.0,8,509.7088827848402,0.07309871374859618,0.00025716132441635457,0.6969261787330786,0.05033205979612107,0.0001767318168444865,0.6885491852732862,0.479867952562286,0.0023851742709839604,0.003422420255929972,2,3
8,2,4,133088.0,8,436.2075705161936,3204291.0,8,443.8829344009972,0.04153430509276467,0.00013625385598241524,133088.0,8,436.2075705161936,1537948.0,8,443.8829344009972,0.08653608574542182,0.0002847271533482292,0.6969261787330786,0.05959641976467099,0.00019550687022563433,0.6886886464913157,0.4799651467360486,0.0022300387170312956,0.0031998205621795077,2,4
8,2,5,193157.7,8,535.1249712841759,4176608.0,8,512.1872788754227,0.046247505152506536,0.00012824976091861735,193157.7,8,535.1249712841759,2003730.0,8,512.1872788754227,0.09639906574239045,0.0002681987875878221,0.6969261787330786,0.0663592595080565,0.00018402201672458162,0.6883807327074098,0.47975055355925195,0.0018845503979369096,0.002704088977347325,2,5
8,2,6,106898.35,8,362.63255917919173,2378066.0,8,354.1793163501364,0.04495180116952179,0.00015263743235021052,106898.35,8,362.63255917919173,1141561.0,8,354.1793163501364,0.09364225827616747,0.00031898959283546945,0.6969261787330786,0.06450008988217136,0.0002190152085084328,0.6887925501748288,0.4800375599331558,0.0023088760844927774,0.0033129421091485107,2,6
8,2,7,50010.05,8,246.91616968655578,1395104.0,8,234.49241225975734,0.035846825756359384,0.0001770901727994344,50010.05,8,246.91616968655578,670873.0,8,234.49241225975734,0.07454473499455187,0.00036897317645712244,0.6969261787330786,0.05143561377120926,0.00025410176601682746,0.6899966010338416,0.48087669449732784,0.0033628687410190024,0.004825286872036091,2,7
8,2,8,24411.23,8,164.62006634022475,1116245.0,8,164.56587944622663,0.021869061003632714,0.00014751188223293915,24411.23,8,164.62006634022475,537751.0,8,164.56587944622663,0.045395043430881576,0.00030644198638920395,0.6969261787330786,0.031379307695669906,0.00021166069913042528,0.6912496458660292,0.48174997424400556,0.004597324045416164,0.006596572471669098,2,8
8,2,9,4012.002,8,65.39224309633369,523824.0,8,71.58743409167562,0.007659064876752497,0.00012484067489235587,4012.002,8,65.39224309633369,251835.0,8,71.58743409167562,0.015931073917445946,0.0002597025330139927,0.6969261787330786,0.010989779277162014,0.0001791304139547463,0.6898329223824156,0.48076262256024926,0.011082849636565072,0.01590247285115944,2,9
8,2,10,30.6903,8,6.228198332760446,303110.0,8,25.88237143987969,0.00010125136089208538,2.0547652284971803e-05,30.6903,8,6.228198332760446,145528.0,8,25.88237143987969,0.00021088931339673466,4.2797267361331896e-05,0.6969261787330786,0.0001452827630555466,2.9483255059129462e-05,0.6889052874018039,0.4801161294579525,0.13779158536672145,0.19771331537180692,2,10
8,2,11,0.0,8,0.0,143378.0,8,4.33073,0.0,,0.0,8,0.0,70960.0,8,4.33073,0.0,,0.6969261787330786,0.0,,,,,,2,11
8,3,1,60048.21,8,380.47539376470854,3542671.0,8,395.6946516136906,0.016949982089784797,0.00010741457640202818,60048.21,8,380.47539376470854,1693473.0,8,395.6946516136906,0.035458616700709135,0.00022482437711502114,0.6969261787330786,0.024321058107757792,0.0001541261896594184,0.685899800125914,0.4780215266955356,0.004285191900653852,0.006148702734117084,3,1
8,3,2,73266.1825,8,369.92976768533254,2822581.0,8,374.98343761157895,0.025957158536814354,0.00013110617493862232,73266.1825,8,369.92976768533254,1351076.0,8,374.98343761157895,0.05422802455228277,0.0002742171655467345,0.6969261787330786,0.037245205200931185,0.0001881206057963791,0.6868257788926467,0.47866686553902266,0.003421109189479261,0.004908854472504382,3,2
8,3,3,76674.776,8,345.51336582492723,2222936.0,8,351.13792684062196,0.03449257018645611,0.00015552655675053978,76674.776,8,345.51336582492723,1064464.0,8,351.13792684062196,0.07203134723203415,0.000325457601354595,0.6969261787330786,0.049492430100931385,0.00022316073279564111,0.6870957160012808,0.4788549917766413,0.0030566479235198886,0.00438589913364494,3,3
8,3,4,74148.303,8,314.4641574819935,1731892.0,8,307.7460089381339,0.0428134681608322,0.00018173192033758639,74148.303,8,314.4641574819935,828838.0,8,307.7460089381339,0.0894605495887013,0.00038085491112387873,0.6969261787330786,0.061431855291562636,0.00026076208052329365,0.6866921293687354,0.4785737216870336,0.0028770948982564976,0.0041282634890924645,3,4
8,3,5,126732.93999999999,8,405.7892842818055,2384694.0,8,400.0990228321734,0.05314431956469048,0.0001703975365884769,126732.93999999999,8,405.7892842818055,1142547.0,8,400.0990228321734,0.11092142380138409,0.0003572797249375344,0.6969261787330786,0.07625530678342426,0.00024449868836644577,0.6874714024584379,0.47911681750362944,0.0021775011000956554,0.00312443579613277,3,5
8,3,6,90575.92,8,336.5377578023898,1427029.0,8,324.2483767388512,0.06347167436681385,0.00023627162577684031,90575.92,8,336.5377578023898,685075.0,8,324.2483767388512,0.13221314454621758,0.0004952118571826288,0.6969261787330786,0.09107374109865857,0.00033901958770777055,0.6888402920242325,0.4800708324778263,0.0025351197283675054,0.003637572824393,3,6
8,3,7,60998.61,8,266.96193909239196,859593.0,8,259.50176850983115,0.07096219955257896,0.00031130582133031637,60998.61,8,266.96193909239196,412131.0,8,259.50176850983115,0.1480078179025601,0.0006544295921973364,0.6969261787330786,0.10182168745846086,0.00044668406903042437,0.6879480347821522,0.47944899504765637,0.002986299484794723,0.004284958114535786,3,7
8,3,8,54421.72,8,247.96154545509674,710736.0,8,238.85824201538452,0.07657093491816934,0.0003498277127795279,54421.72,8,247.96154545509674,340265.0,8,238.85824201538452,0.15993922384024217,0.0007373288171662437,0.6969261787330786,0.10986950591720542,0.0005019580602001051,0.6869453488592037,0.47875019697890636,0.0031072846029268097,0.00445855629727592,3,8
8,3,9,26796.47,8,171.31507441702263,357194.0,8,162.39199918804496,0.07501937322575407,0.0004808246789584749,26796.47,8,171.31507441702263,170853.0,8,162.39199918804496,0.15683932971618877,0.0010137252579631697,0.6969261787330786,0.10764321317665174,0.0006899219653831225,0.6863279342715842,0.4783199045896627,0.004353919883054613,0.006247318605493447,3,9
8,3,10,13715.053,8,120.9749376646254,231107.0,8,115.66821506775317,0.05934503498379538,0.0005243005554263595,13715.053,8,120.9749376646254,110864.0,8,115.66821506775317,0.12371060939529513,0.0010988082958988954,0.6969261787330786,0.08515254096449205,0.0007523042919401735,0.6883204389722335,0.47970853327679386,0.006009675095496612,0.008623115731455838,3,10
8,3,11,4152.224999999999,8,65.78852754964196,158403.0,8,67.04194578403882,0.026213045207477127,0.00041547189921499266,4152.224999999999,8,65.78852754964196,76697.0,8,67.04194578403882,0.05413803668983141,0.0008590762460377868,0.6969261787330786,0.037612369871266774,0.0005961490784723665,0.6947494251916859,0.4841890620758445,0.010859424563221129,0.015581886424416073,3,11
8,4,1,30720.542,8,248.29041690437833,1881404.0,8,253.33895548418923,0.016328519552419363,0.00013198912828193236,30720.542,8,248.29041690437833,896952.0,8,253.33895548418923,0.03424992864724088,0.0002769847021480151,0.6969261787330786,0.023429338788941025,0.0001893875310034579,0.6840697109256155,0.4767460896224309,0.005451247403281476,0.007821843359638373,4,1
8,4,2,38508.114799999996,8,245.30556902550418,1533335.0,8,245.4044954093474,0.025113960615260198,0.00016003220280046907,38508.114799999996,8,245.30556902550418,732712.0,8,245.4044954093474,0.05255559455829848,0.0003352536691486872,0.6969261787330786,0.036035323943368176,0.00022962575906014445,0.6856610461022409,0.47785513276616004,0.00430858590500725,0.006182270140633402,4,2
8,4,3,40015.835,8,227.26828183651145,1240872.0,8,223.60708886066203,0.03224815694124777,0.00018324424227027036,40015.835,8,227.26828183651145,593232.0,8,223.60708886066203,0.06745393876257517,0.00038394464007376655,0.6969261787330786,0.046271983927868424,0.0002629320692234357,0.6859789773097885,0.47807670734773616,0.003845087801148194,0.0055172095961986455,4,3
8,4,4,38510.0986,8,217.24950120238344,997737.0,8,219.80276056797922,0.03859744461716865,0.00021790821559629456,38510.0986,8,217.24950120238344,477088.0,8,219.80276056797922,0.08071906776108391,0.00045688171329958587,0.6969261787330786,0.05538240031007846,0.0003126704409244942,0.6861129823005624,0.47817009893388734,0.0038226934336089914,0.005485076540758093,4,4
8,4,5,70262.5489,8,294.24968101481863,1437249.0,8,291.75812031878394,0.048886830952743744,0.00020497155725768157,70262.5489,8,294.24968101481863,687060.0,8,291.75812031878394,0.1022655210607516,0.00043046972882753267,0.6969261787330786,0.07014635472814877,0.0002941079895008296,0.685923799151014,0.4780382522443919,0.0028401212580116166,0.0040752110405360125,4,5
8,4,6,54381.412,8,251.23092455097958,911354.0,8,251.1358859775918,0.05967100819220632,0.00027615773834336363,54381.412,8,251.23092455097958,435370.0,8,251.1358859775918,0.1249084962216046,0.0005815323450351482,0.6969261787330786,0.08562027085950548,0.0003962510618346732,0.6854639472050285,0.47771776938489324,0.003136014902541445,0.004499780605518813,4,6
8,4,7,39391.848,8,210.64861258925964,574455.0,8,205.4906930593938,0.06857255659712248,0.0003675124864444289,39391.848,8,210.64861258925964,274235.0,8,205.4906930593938,0.14364267143143652,0.0007756362869226306,0.6969261787330786,0.09839285521140631,0.0005273334503125123,0.6849834678713224,0.4773829107588932,0.003631919034830198,0.005211339659291542,4,7
8,4,8,37608.16,8,204.6860586078837,491633.0,8,200.3766105069152,0.07649641094068137,0.00041750489670682123,37608.16,8,204.6860586078837,234567.0,8,200.3766105069152,0.1603301402158019,0.0008832952333353782,0.6969261787330786,0.10976257353360139,0.0005990661700580555,0.6846034899355958,0.47711809418814444,0.0037000367310139337,0.005309079847940453,4,8
8,4,9,21371.366,8,151.87139308691417,250748.0,8,147.60285949130522,0.08523045448019527,0.0006077477980903562,21371.366,8,151.87139308691417,119886.0,8,147.60285949130522,0.17826406753082097,0.0012856704808889969,0.6969261787330786,0.12229480981060746,0.0008720404206872569,0.6860317477579339,0.4781134844545121,0.004849056535440215,0.006957776423688332,4,9
8,4,10,14689.899000000001,8,125.53578762006474,160988.0,8,121.94171562074236,0.09124840981936543,0.0007828406377875987,14689.899000000001,8,125.53578762006474,76863.0,8,121.94171562074236,0.19111795011904298,0.0016611468391314727,0.6969261787330786,0.13092980663352782,0.00112327626895965,0.6850733097125343,0.4774455238899794,0.00583088607511177,0.008366576336265003,4,10
8,4,11,10676.792,8,106.47719754924056,112767.0,8,98.89964888436157,0.09468011031596123,0.0009478672130814314,10676.792,8,106.47719754924056,53957.0,8,98.89964888436157,0.1978759382471227,0.002006424963611549,0.6969261787330786,0.13585385827818577,0.001360068314271866,0.6865607788478102,0.47848218007041066,0.006818012314392183,0.009782976335867373,4,11
8,5,1,20645.406,8,171.75270979175264,1038866.0,8,179.3653704360181,0.019873021159610576,0.00016536270770988414,20645.406,8,171.75270979175264,493543.0,8,179.3653704360181,0.041831017763396504,0.0003483313858222895,0.6969261787330786,0.02851524561143212,0.00023727435237185678,0.6816770696978806,0.4750785953145064,0.0055926088918616,0.008024679029891282,5,1
8,5,2,23148.663,8,175.61760486483126,859800.0,8,175.09648280585193,0.02692331123517097,0.00020432759454356236,23148.663,8,175.61760486483126,408185.0,8,175.09648280585193,0.056711204478361525,0.0004309274337231764,0.6969261787330786,0.03863151084970586,0.00029318398530387167,0.6811971497527606,0.4747441265410561,0.005098491214119609,0.00731568331008602,5,2
8,5,3,22633.993300000002,8,168.78463328917832,709329.0,8,174.87743460083695,0.03190902007390083,0.00023807972140841788,22633.993300000002,8,168.78463328917832,338330.0,8,174.87743460083695,0.06689916146957113,0.0005000727265369018,0.6969261787330786,0.04578536586458453,0.00034161397386623635,0.6843937182293363,0.4769718987944946,0.005037544310034238,0.007228232291678066,5,3
8,5,4,21932.614,8,160.2911761144075,584219.0,8,158.33196286015658,0.037541767727513144,0.00027455688667725404,21932.614,8,160.2911761144075,278608.0,8,158.33196286015658,0.07872212571067594,0.0005770654628032194,0.6969261787330786,0.053867638887893705,0.00039395404428107844,0.6842757153925332,0.47688965952836176,0.004938060858510649,0.0070854862526292285,5,4
8,5,5,39582.04,8,220.59863172132324,870940.0,8,216.83870639694382,0.045447493512756336,0.00025354059131969586,39582.04,8,220.59863172132324,415301.0,8,216.83870639694382,0.09530928170170551,0.0005335036436472744,0.6969261787330786,0.06521134504571773,0.00036379834630491246,0.6842077065464948,0.47684226238317223,0.0037684334530764417,0.005407220403066168,5,5
8,5,6,32567.71215,8,190.16867237884478,580077.0,8,189.6376771881379,0.05614377427479455,0.00032834690104751154,32567.71215,8,190.16867237884478,277110.0,8,189.6376771881379,0.11752629695788676,0.0006909539169329666,0.6969261787330786,0.08055914096505407,0.00047113584059132866,0.6854563025492146,0.4777124416241292,0.0039614777720633305,0.005684214329937762,5,6
8,5,7,24752.94,8,164.03461521249105,384629.0,8,162.5419666740267,0.06435536582004997,0.00042734117013717114,24752.94,8,164.03461521249105,183751.0,8,162.5419666740267,0.13470914444003024,0.0009006183980169077,0.6969261787330786,0.09234172539915157,0.0006131799653645124,0.6854896583524827,0.4777356881566393,0.004501679374023167,0.006459334591515325,5,7
8,5,8,25122.457599999998,8,164.8985285298353,344332.0,8,161.92514209393178,0.07295998513062973,0.0004801214883258599,25122.457599999998,8,164.8985285298353,163837.0,8,161.92514209393178,0.15333812020483772,0.0010178248182208846,0.6969261787330786,0.10468825444792665,0.000688912976692393,0.6827281716254129,0.4758111357643205,0.0044473609345912265,0.006381394572773764,5,8
8,5,9,14723.3557,8,125.33838498371877,183444.0,8,122.26526513082119,0.0802607645930093,0.0006853423725500494,14723.3557,8,125.33838498371877,88035.0,8,122.26526513082119,0.16724434259101495,0.0014425561122474492,0.6969261787330786,0.11516393994398799,0.0009833787185264198,0.6885969244748317,0.47990122326159473,0.00582466118750804,0.008357644418088181,5,9
8,5,10,10437.583,8,105.34553591187431,117989.0,8,101.09363167267264,0.08846233970963395,0.0008960534250380543,10437.583,8,105.34553591187431,56590.0,8,101.09363167267264,0.18444218059727868,0.0018904922228547452,0.6969261787330786,0.12693215208309008,0.0012857221501809033,0.6881948135293455,0.47962098161693034,0.006911517933424037,0.009917144949251699,5,10
8,5,11,7801.757,8,90.30745812539516,77619.0,8,83.51721364024304,0.10051349540705239,0.0011684868763927648,7801.757,8,90.30745812539516,37459.0,8,83.51721364024304,0.20827456685976667,0.002455148783205039,0.6969261787330786,0.1442240203830094,0.0016766293361470828,0.6924706293117242,0.4826009095711101,0.007989961153723963,0.011464573146396474,5,11
8,6,1,13412.604,8,129.80573844869107,545642.0,8,134.5118705507436,0.024581326217556564,0.0002379725970918601,13412.604,8,129.80573844869107,259376.0,8,134.5118705507436,0.05171104496946517,0.0005011719268145699,0.6969261787330786,0.03527106165281698,0.0003414602641623585,0.6820798472288496,0.4753593015200443,0.006511779088005796,0.009343570792308827,6,1
8,6,2,13538.368199999999,8,125.15696765714205,457578.0,8,125.85565072240539,0.029587017295411928,0.0002736415417940556,13538.368199999999,8,125.15696765714205,217495.0,8,125.85565072240539,0.062246801995448166,0.000576573775508584,0.6969261787330786,0.04245358862713019,0.00039264064135386686,0.6820203972926132,0.47531786930315706,0.006221695185211788,0.008927337464237635,6,2
8,6,3,12449.465600000001,8,118.4462533780195,384913.0,8,121.44912340070636,0.03234358309540078,0.00030789131666629667,12449.465600000001,8,118.4462533780195,183512.0,8,121.44912340070636,0.06784006277518637,0.0006470010890851835,0.6969261787330786,0.0464089082637091,0.0004417846912079026,0.6840929439806464,0.4767622813466939,0.006424381233424089,0.009218166040344158,6,3
8,6,4,11460.5516,8,112.82625529364209,318453.0,8,115.06044021528902,0.035988204224799265,0.000354533370668483,11460.5516,8,112.82625529364209,152062.0,8,115.06044021528902,0.07536762373242493,0.0007441637180595874,0.6969261787330786,0.05163847380539091,0.0005087100778922937,0.6851545962059411,0.47750217457521205,0.00666010718236123,0.009556402651523925,6,4
8,6,5,20971.838,8,153.99963269420482,486126.0,8,156.2514697038079,0.04314074540345507,0.00031709287280643037,20971.838,8,153.99963269420482,232777.0,8,156.2514697038079,0.09009411582759465,0.0006643341459617073,0.6969261787330786,0.0619014563090159,0.00045498774831914635,0.6870754625914902,0.4788408766451496,0.004985420798239087,0.007153441713585699,6,5
8,6,6,17062.244,8,135.57876388155336,332821.0,8,138.00879370710405,0.05126552711517602,0.00040791669712476924,17062.244,8,135.57876388155336,159968.0,8,138.00879370710405,0.10666035707141427,0.0008525174837721989,0.6969261787330786,0.073559479726203,0.0005853083290203115,0.6896609175698837,0.4806427479035277,0.005420792062072524,0.007778143837166258,6,6
8,6,7,13322.529999999999,8,120.94685040289392,226590.0,8,118.96965531689162,0.05879575444635685,0.0005346615270369488,13322.529999999999,8,120.94685040289392,108564.0,8,118.96965531689162,0.12271590950959801,0.0011221474271426732,0.6969261787330786,0.0843643935907816,0.0007671709620793612,0.6874772303601203,0.47912087912087914,0.006178804616087957,0.008865794978917598,6,7
8,6,8,14015.39,8,122.92851367388285,207822.0,8,120.27242199864439,0.06743939525170578,0.0005927948789352839,14015.39,8,122.92851367388285,99948.0,8,120.27242199864439,0.14022681794533157,0.001241446173903669,0.6969261787330786,0.09676691349764167,0.0008505848926681275,0.6900742305609969,0.48093079654704507,0.0059999403825008665,0.008609147662393712,6,8
8,6,9,8397.473,8,93.68870653563322,111792.0,8,91.41922888014315,0.07511694038929441,0.0008403109407607122,8397.473,8,93.68870653563322,53553.0,8,91.41922888014315,0.15680677086251005,0.0017698179531518052,0.6969261787330786,0.10778320958734433,0.0012057388090777254,0.6873632368965105,0.47904143409188493,0.007612540516673336,0.010923022766215996,6,9
8,6,10,6409.1267,8,82.10484832573592,72537.0,8,77.76533887762851,0.08835665522423039,0.0011358597126212113,6409.1267,8,82.10484832573592,34906.0,8,77.76533887762851,0.18361103248725147,0.0023874740551969626,0.6969261787330786,0.12678050835290952,0.0016298135258544268,0.6904841535691064,0.48121648262266153,0.008798978986794107,0.0126254103451667,6,10
8,6,11,4212.6858,8,66.47222393155204,43654.0,8,61.28858373723853,0.09650171347413754,0.0015287219575352159,4212.6858,8,66.47222393155204,21284.0,8,61.28858373723853,0.19792735388084948,0.003174687026592246,0.6969261787330786,0.13846762601107213,0.0021935206398965156,0.6995881230970653,0.4875612773170843,0.010991457581972562,0.01577133693263411,6,11
8,7,1,6800.2390000000005,8,89.41188362684235,231427.0,8,91.27590727147006,0.02938394828606861,0.00038652404702656907,6800.2390000000005,8,89.41188362684235,110683.0,8,91.27590727147006,0.061438874985318435,0.0008094068073223379,0.6969261787330786,0.042162210550742714,0.000554612610089091,0.6862464613946444,0.4782631240088667,0.008903835450496287,0.01277586597002613,7,1
8,7,2,6335.87,8,86.05603577448824,194303.0,8,85.78406801539549,0.03260819441799663,0.00044312999024836107,6335.87,8,86.05603577448824,92475.0,8,85.78406801539549,0.06851440929981076,0.0009327549150433132,0.6969261787330786,0.0467885916945667,0.0006358349044283483,0.6829014826622162,0.47593192076293206,0.009154933480521814,0.013136159553030845,7,2
8,7,3,5516.1817,8,78.0346614383006,162640.0,8,81.2890080328952,0.033916513157894734,0.00048009930325981374,5516.1817,8,78.0346614383006,77572.0,8,81.2890080328952,0.07111047414015366,0.0010087205029329612,0.6969261787330786,0.04866586188446896,0.0006888811439578464,0.6843698129273056,0.476955238563699,0.009558102454844805,0.013714655506584923,7,3
8,7,4,5025.6967,8,73.92024284301561,135671.0,8,75.36205963897815,0.03704326422006177,0.0005452376604170137,5025.6967,8,73.92024284301561,64997.0,8,75.36205963897815,0.07732197947597583,0.0011408151826676307,0.6969261787330786,0.05315235006296021,0.0007823463618602834,0.6874157959118831,0.47907806384562646,0.009984271072823361,0.014326153009452842,7,4
8,7,5,8936.408,8,98.52273124325167,206995.0,8,100.20229580706422,0.04317209594434648,0.00047642531183313396,8936.408,8,98.52273124325167,99565.0,8,100.20229580706422,0.08975451212775573,0.0009936460464443303,0.6969261787330786,0.061946440328626694,0.0006836094357930612,0.6901763360983202,0.48100195656899924,0.007518764786852798,0.010788466578369802,7,5
8,7,6,7125.3382,8,87.92826478737312,142621.0,8,88.39167549837485,0.0499599511993325,0.0006172940099731173,7125.3382,8,87.92826478737312,69245.0,8,88.39167549837485,0.10290040002888295,0.0012765895970631442,0.6969261787330786,0.07168614513828883,0.000885738014742505,0.6966556506890873,0.485517560527552,0.008501075620258258,0.012197957085945762,7,6
8,7,7,5612.849,8,77.19297430440156,96913.0,8,76.3326268473056,0.05791636828908402,0.0007978234633060192,5612.849,8,77.19297430440156,46937.0,8,76.3326268473056,0.11958261073353645,0.0016560665599924132,0.6969261787330786,0.08310258683978333,0.0011447747087881802,0.6949387233647137,0.48432098892821396,0.009460388355951909,0.0135744482624396,7,7
8,7,8,5937.26,8,79.08823611688403,88216.0,8,76.5516311071162,0.06730366373446994,0.0008984297487425387,5937.26,8,79.08823611688403,42982.0,8,76.5516311071162,0.1381336373365595,0.0018564054174352582,0.6969261787330786,0.09657215611676301,0.0012891318710050001,0.6991212131876837,0.4872358755781264,0.009229296313877441,0.013242860715399018,7,8
8,7,9,3110.5570000000002,8,57.04026405426258,43930.0,8,55.63391759125003,0.07080712497154565,0.0013015280712702247,3110.5570000000002,8,57.04026405426258,21433.0,8,55.63391759125003,0.14512933327112398,0.002687858899113376,0.6969261787330786,0.10159917525305738,0.0018675264482620438,0.7000595466338596,0.4878898247211473,0.012730833958401737,0.018267119742215367,7,9
8,7,10,1681.916,8,42.12642457733625,22410.0,8,40.06277298453016,0.0750520303435966,0.0018845869629035004,1681.916,8,42.12642457733625,11053.0,8,40.06277298453016,0.15216828010494887,0.0038510130973236924,0.6969261787330786,0.10769007196720815,0.002704141443401416,0.7077038124695595,0.4932173136992414,0.017583780541585547,0.025230477887271473,7,10
8,7,11,426.176,8,21.511915147294534,5942.0,8,20.651791203973083,0.071722652305621,0.003628887385972088,426.176,8,21.511915147294534,2939.0,8,20.651791203973083,0.14500714528751277,0.007390049994147514,0.6969261787330786,0.10291283997396034,0.005206989630621904,0.7097087510405781,0.4946146078761359,0.03552018153351748,0.05096692105624236,7,11
8,8,1,1615.4838,8,42.51485689664261,56305.0,8,42.57251851067775,0.028691657934464078,0.0007553929514420892,1615.4838,8,42.51485689664261,27388.0,8,42.57251851067775,0.05898509566233387,0.0015550223751555434,0.6969261787330786,0.04116886237021802,0.001083892346841233,0.6979536424912037,0.48642216499422786,0.018123178373162355,0.026004444841070458,8,1
8,8,2,1455.5788,8,40.312598001823204,45130.0,8,40.71060950362448,0.032253020163970754,0.000893728698182172,1455.5788,8,40.312598001823204,21686.0,8,40.71060950362448,0.06712066771188785,0.0018631883091839677,0.6969261787330786,0.04627896203096081,0.0012823864642405238,0.689488999567331,0.4805229337469533,0.018847222329758592,0.02704335538667868,8,2
8,8,3,1175.1289,8,36.10665651534769,35767.0,8,36.33696701456108,0.03285511505018592,0.0010100480428178332,1175.1289,8,36.10665651534769,17346.0,8,36.33696701456108,0.0677463910988124,0.0020863874494380674,0.6969261787330786,0.047142891245543765,0.0014492898582945607,0.6958731008531933,0.4849721810607543,0.021103577526794395,0.030280936734444326,8,3
8,8,4,926.2897,8,31.9224082931755,27688.0,8,31.647675935659162,0.03345455431956082,0.001153566931620852,926.2897,8,31.9224082931755,13383.0,8,31.647675935659162,0.0692139057012628,0.0023909043383042684,0.6969261787330786,0.04800300998934616,0.0016552211221536938,0.6935457478231913,0.4833501878069921,0.023591493588771616,0.03385077833014953,8,4
8,8,5,1365.0715,8,39.26977065601988,36155.0,8,37.96433148504527,0.03775609182685659,0.0010868737910985817,1365.0715,8,39.26977065601988,17853.0,8,37.96433148504527,0.07646174312440486,0.002205618808732659,0.6969261787330786,0.0541751665800419,0.0015595249888221696,0.7085264390572128,0.4937906237034988,0.020123219737984085,0.02887424859626523,8,5
8,8,6,728.9651,8,28.064505043681066,18667.0,8,27.97638256916001,0.03905100444634917,0.0015045675115003285,728.9651,8,28.064505043681066,9424.0,8,27.97638256916001,0.07735198429541595,0.002986822426108346,0.6969261787330786,0.05603320070045128,0.00215886209675096,0.7243925441712544,0.5048481277120052,0.027538164141676213,0.039513746192942595,8,6
8,8,7,261.87247,8,17.06050130507307,8327.0,8,13.600418569003676,0.03144859733397382,0.002049461024463987,261.87247,8,17.06050130507307,4193.0,8,13.600418569003676,0.06245467922728357,0.00407384532856564,0.6969261787330786,0.045124718074363766,0.002940714650997386,0.7225194113982553,0.5035426924462592,0.0464291098205355,0.06661983899777964,8,7
8,8,8,29.886,8,6.256981210112429,3410.0,8,6.256981210112429,0.008764222873900293,0.0018349623196114685,29.886,8,6.256981210112429,1758.0,8,6.256981210112429,0.017,0.003559661705678648,0.6969261787330786,0.012575539764961209,0.002632936422258082,0.7397376332330122,0.5155425219941349,0.1526568378443895,0.2190430529125765,8,8
8,8,9,0.0,8,0.0,194.0,8,0.0,0.0,,0.0,8,0.0,96.0,8,0.0,0.0,,0.6969261787330786,0.0,,,,,,8,9
8,8,10,0.0,8,0.0,0.0,8,0.0,,,0.0,8,0.0,0.0,8,0.0,,,0.6969261787330786,,,,,,,8,10
8,8,11,0.0,8,0.0,0.0,8,0.0,,,0.0,8,0.0,0.0,8,0.0,,,0.6969261787330786,,,,,,,8,11
9,1,1,48870.070999999996,8,626.0568998564747,81380900.0,8,649.0324628324072,0.0006005103285906152,7.692923292514485e-06,48870.070999999996,8,626.0568998564747,37429330.0,8,649.0324628324072,0.0013056624577570584,1.6726387391365377e-05,0.7195334545926522,0.0008345829158570267,1.0691543587601026e-05,0.6392026598441997,0.45992769802250894,0.008332506092263606,0.011580429011436124,1,1
9,1,2,47400.408,8,389.0578562537968,33842930.0,8,354.34398293302513,0.0014006000071506812,1.1495995553509774e-05,47400.408,8,389.0578562537968,15583900.0,8,354.34398293302513,0.0030416268071535367,2.4965467508550938e-05,0.7195334545926522,0.0019465391055980847,1.597701327177063e-05,0.6399664485531431,0.46047726955083385,0.005345105903220823,0.007428571762861028,1,2
9,1,3,36518.38,8,267.6024791203176,17071100.0,8,237.29041291238465,0.0021391931392821784,1.5675788939069874e-05,36518.38,8,267.6024791203176,7876052.0,8,237.29041291238465,0.004636635207588776,3.3977015498202084e-05,0.7195334545926522,0.0029730280442529736,2.1786045998298125e-05,0.6412037848884514,0.4613675744386712,0.0047812661701576165,0.006644953253583496,1,3
9,1,4,20880.71,8,168.0760063609616,9433850.0,8,162.95748432661816,0.002213381599241031,1.7816309711672985e-05,20880.71,8,168.0760063609616,4363938.0,8,162.95748432661816,0.0047848319568243175,3.8515170235436844e-05,0.7195334545926522,0.0030761343827912595,2.4760919173326405e-05,0.6428928770223485,0.4625829327368996,0.0052658428984930575,0.007318412875568374,1,4
9,1,5,11848.15,8,122.02875663719597,8893470.0,8,127.68139432756051,0.0013322302768210832,1.3721176907621325e-05,11848.15,8,122.02875663719597,4122194.0,8,127.68139432756051,0.0028742339637581344,2.9602999875421217e-05,0.7195334545926522,0.0018515195760776624,1.9069546829326045e-05,0.6441784487358688,0.46350794459305533,0.006751262829788829,0.009382833816408032,1,5
9,1,6,55.3948,8,7.943895933167806,3401004.0,8,37.85677174655679,1.6287778550098734e-05,2.3357502540714624e-06,55.3948,8,7.943895933167806,1582956.0,8,37.85677174655679,3.499452922254314e-05,5.018393463641824e-06,0.7195334545926522,2.2636582699715744e-05,3.246201047585474e-06,0.646860615148195,0.4654378530575089,0.09439331744139719,0.13118683619073118,1,6
9,1,7,0.0,8,0.0,1354785.0,8,7.160426356000039,0.0,,0.0,8,0.0,636569.0,8,7.160426356000039,0.0,,0.7195334545926522,0.0,,,,,,1,7
9,1,8,0.0,8,0.0,659735.0,8,25.67833720177574,0.0,,0.0,8,0.0,314862.0,8,25.67833720177574,0.0,,0.7195334545926522,0.0,,,,,,1,8
9,1,9,0.0,8,0.0,141582.0,8,4.5483,0.0,,0.0,8,0.0,70816.0,8,4.5483,0.0,,0.7195334545926522,0.0,,,,,,1,9
9,1,10,0.0,8,0.0,24593.0,8,0.0,0.0,,0.0,8,0.0,13057.0,8,0.0,0.0,,0.7195334545926522,0.0,,,,,,1,10
9,1,11,0.0,8,0.0,941.0,8,0.0,0.0,,0.0,8,0.0,517.0,8,0.0,0.0,,0.7195334545926522,0.0,,,,,,1,11
9,2,1,150327.75,8,826.1584111766944,7703103.0,8,835.4603696178533,0.019515220035354584,0.00010727096297580653,150327.75,8,826.1584111766944,3510131.0,8,835.4603696178533,0.04282682042351126,0.00023558461179279134,0.7195334545926522,0.027122046807959318,0.00014908405202164726,0.6332958305041421,0.4556775367017681,0.0035435827955764905,0.0049248339642284054,2,1
9,2,2,142886.069,8,606.7853313664397,5882816.0,8,595.8548073471591,0.024288719721983484,0.00010317472118460264,142886.069,8,606.7853313664397,2682871.0,8,595.8548073471591,0.05325864307303631,0.0002264792484825389,0.7195334545926522,0.03375620628471542,0.0001433911384190089,0.6338164913143545,0.4560521695732112,0.0027411522011104314,0.0038096243942712486,2,2
9,2,3,134630.78,8,486.0534711433095,4398067.0,8,472.40691566428194,0.030611352669252197,0.00011056415122765123,134630.78,8,486.0534711433095,2007203.0,8,472.40691566428194,0.06707382362421738,0.00024266862693922468,0.7195334545926522,0.04254333481489354,0.00015366089029209164,0.6342762722644759,0.45638299734860793,0.0023331408183877465,0.003242574481416715,2,3
9,2,4,108507.29,8,387.93478173540973,3246618.0,8,379.62800904976706,0.03342163753173302,0.0001195527806532993,108507.29,8,387.93478173540973,1483023.0,8,379.62800904976706,0.07316628939672547,0.0002622534409511043,0.7195334545926522,0.04644903905219242,0.00016615319258641203,0.6348420759775639,0.45679011204890757,0.00231314680797964,0.0032147870168026814,2,4
9,2,5,136454.65,8,431.2907594233848,4169179.0,8,419.4900636224653,0.0327293814921355,0.00010349981086922487,136454.65,8,431.2907594233848,1905617.0,8,419.4900636224653,0.07160654528165943,0.00022687430623980913,0.7195334545926522,0.045486948915619926,0.00014384294463114155,0.6352345129443145,0.45707248357530345,0.0020460566196742395,0.0028435878924247785,2,5
9,2,6,60705.09,8,271.12936661951613,2348639.0,8,263.0458573693568,0.02584692240910587,0.00011547734634046478,60705.09,8,271.12936661951613,1073177.0,8,263.0458573693568,0.05656577619535268,0.00025302195732596045,0.7195334545926522,0.0359217799313286,0.00016048919699757351,0.6350444093133447,0.45693569765298114,0.0028887931643623507,0.0040148142465422625,2,6
9,2,7,22699.66,8,159.01245865359104,1373191.0,8,157.64284075107884,0.01653059188415887,0.00011581332129243168,22699.66,8,159.01245865359104,627826.0,8,157.64284075107884,0.03615597315179683,0.00025343738233523673,0.7195334545926522,0.022974042108323225,0.00016095613143936,0.635414845891971,0.45720223916410757,0.004531100973230488,0.006297276303567663,2,7
9,2,8,8091.5740000000005,8,93.71489410755369,1094017.0,8,99.60837665377345,0.007396204994986368,8.566392467300685e-05,8091.5740000000005,8,93.71489410755369,500355.0,8,99.60837665377345,0.01617166611705689,0.0001873244738609316,0.7195334545926522,0.010279167629771383,0.00011905481826623833,0.6356282373978487,0.4573557814915125,0.007491754964860546,0.010411961969303895,2,8
9,2,9,368.7751,8,20.300851495634365,488653.0,8,33.905541286176216,0.0007546768361188819,4.154454719678266e-05,368.7751,8,20.300851495634365,225390.0,8,33.905541286176216,0.001636164426105861,9.007022180361348e-05,0.7195334545926522,0.0010488419006814984,5.773817316152753e-05,0.6410369788920209,0.4612475519438129,0.03590895114086294,0.04990588125077797,2,9
9,2,10,0.0,8,0.0,223179.0,8,0.0,0.0,,0.0,8,0.0,106316.0,8,0.0,0.0,,0.7195334545926522,0.0,,,,,,2,10
9,2,11,0.0,8,0.0,54023.0,8,0.0,0.0,,0.0,8,0.0,27603.0,8,0.0,0.0,,0.7195334545926522,0.0,,,,,,2,11
9,3,1,95089.02,8,516.9503428443684,3724912.0,8,530.3762198570087,0.025527856765475265,0.00013882948542677919,95089.02,8,516.9503428443684,1694000.0,8,530.3762198570087,0.05613283353010626,0.000305671141783238,0.7195334545926522,0.03547834586777802,0.00019294375340111797,0.6320426680179895,0.4547758443689408,0.0034999753882531334,0.004864228849837936,3,1
9,3,2,98328.556,8,424.8076167773008,2963101.0,8,424.89072212681936,0.03318434167448224,0.00014344483805357072,98328.556,8,424.8076167773008,1349314.0,8,424.89072212681936,0.07287299768623166,0.0003156674638339021,0.7195334545926522,0.046119247774613646,0.000199358121763468,0.6328715606456689,0.4553722603448212,0.0027866953929973994,0.003872919841614627,3,2
9,3,3,91907.789,8,377.4528675297222,2327910.0,8,367.8557794966663,0.039480817127809924,0.0001622623596000857,91907.789,8,377.4528675297222,1059949.0,8,367.8557794966663,0.08670963319933318,0.00035737397005990477,0.7195334545926522,0.05487002289582367,0.00022551051457634714,0.6328019260522675,0.455322155925272,0.0026501975904229384,0.0036832166364290718,3,3
9,3,4,84246.68000000001,8,331.0202184724673,1809897.0,8,326.0696748890642,0.04654777592316027,0.0001830866616523504,84246.68000000001,8,331.0202184724673,822907.0,8,326.0696748890642,0.10237691500983709,0.00040429742197007436,0.7195334545926522,0.06469160763277124,0.0002544519097531064,0.6318964351148422,0.45467062490296406,0.0025342064484703735,0.003522013371713283,3,4
9,3,5,135273.69,8,412.6142957860282,2481247.0,8,404.2304902610638,0.05451842964444894,0.00016653013959756554,135273.69,8,412.6142957860282,1127629.0,8,404.2304902610638,0.1199629399385791,0.0003684315366131458,0.7195334545926522,0.07576913803863829,0.00023144183016735875,0.6316045445154312,0.45446059985160686,0.0019685390955927248,0.002735854855709481,3,5
9,3,6,84955.97,8,323.49037781864547,1472978.0,8,311.5660495475879,0.05767633325141312,0.00021995516053067234,84955.97,8,323.49037781864547,670764.0,8,311.5660495475879,0.12665553011193206,0.00048584656458583095,0.7195334545926522,0.0801579591376544,0.0003056913603206887,0.6328816362523978,0.4553795100809381,0.002463190148347197,0.0034233156674301924,3,6
9,3,7,51171.670000000006,8,242.2617511482983,879591.0,8,234.49966318131462,0.058176663926756876,0.00027586181233982347,51171.670000000006,8,242.2617511482983,401068.0,8,234.49966318131462,0.1275885136685051,0.0006086306932426541,0.7195334545926522,0.0808533134288972,0.0003833898348701472,0.6337037018784211,0.4559710138007324,0.0030668931444596467,0.004262335718908164,3,7
9,3,8,40290.4,8,211.08035959148353,725622.0,8,203.5456695543042,0.055525328614623046,0.00029131243906704586,40290.4,8,211.08035959148353,330797.0,8,203.5456695543042,0.1217979606828357,0.0006424824116974949,0.7195334545926522,0.0771685155988438,0.0004048629528031687,0.6335780596507042,0.45588061001458063,0.0033916721532678495,0.004713710157073891,3,8
9,3,9,15927.699,8,130.50700015661994,366955.0,8,125.26377471922997,0.043405046940360535,0.00035595702124627417,15927.699,8,130.50700015661994,167141.0,8,125.26377471922997,0.09529498447418647,0.0007840791961870029,0.7195334545926522,0.060323876066239804,0.0004947053107458239,0.6330225709054011,0.4554809172786854,0.005291270648018668,0.007353752093450891,3,9
9,3,10,6248.942,8,81.27767650056195,226226.0,8,77.55328103994053,0.027622563277430533,0.0003594012299619028,6248.942,8,81.27767650056195,104599.0,8,77.55328103994053,0.05974189045784377,0.0007783021352944047,0.7195334545926522,0.03838954686696038,0.0004994920356627056,0.6425900916886712,0.4623650685597588,0.008513195593518909,0.011831549372973163,3,10
9,3,11,1001.737,8,32.712741553960285,106041.0,8,34.93908249450034,0.00944669514621703,0.0003085071490693635,1001.737,8,32.712741553960285,51337.0,8,34.93908249450034,0.019512963359760018,0.0006373540546320884,0.7195334545926522,0.013128917197554164,0.0004287599792618648,0.6728305155653012,0.4841240652200564,0.02236109672530526,0.031077216191378473,3,11
9,4,1,71086.53,8,365.79934341894324,2118098.0,8,377.9389077111802,0.03356149243330573,0.0001728055979112093,71086.53,8,365.79934341894324,955841.0,8,377.9389077111802,0.07437066415857868,0.00038382704807981476,0.7195334545926522,0.04664340791812915,0.00024016339588968708,0.627174820150491,0.4512732649764081,0.003289882807892963,0.004572244399331587,4,1
9,4,2,63365.522,8,315.120068068538,1728645.0,8,304.13477150621895,0.036656179840279524,0.00018240715275270845,63365.522,8,315.120068068538,781918.0,8,304.13477150621895,0.08103857693517734,0.0004042398935315864,0.7195334545926522,0.05094437180969105,0.0002535075354570889,0.6286434650801112,0.4523300041361876,0.003187073252675646,0.004429360764719323,4,2
9,4,3,56771.771,8,274.707575446146,1396422.0,8,270.504714319529,0.040655167993629435,0.00019688003912377025,56771.771,8,274.707575446146,631402.0,8,270.504714319529,0.0899138282742215,0.0004367775073538425,0.7195334545926522,0.05650212333302202,0.00027362180016387075,0.6284030434195328,0.4521570127081928,0.0031014527289976493,0.004310366264697821,4,3
9,4,4,51756.854999999996,8,247.5796772422163,1122985.0,8,248.69859311282804,0.04608864321429048,0.00022070185010971986,51756.854999999996,8,247.5796772422163,507990.0,8,248.69859311282804,0.10188557845626882,0.0004899170501619768,0.7195334545926522,0.0640535098404598,0.00030672910161580366,0.6286808281503035,0.45235688811515734,0.003069792429075619,0.004266365114063409,4,4
9,4,5,89552.68100000001,8,326.60963614091366,1609064.0,8,325.99756181029943,0.05565513926108596,0.0002032940825358189,89552.68100000001,8,326.60963614091366,728159.0,8,325.99756181029943,0.12298506370174647,0.0004519084768049996,0.7195334545926522,0.07734892506505327,0.00028253596999309685,0.6289294222966268,0.4525357599200529,0.0023446634822839106,0.003258588558069603,4,5
9,4,6,65580.215,8,271.2091669291803,1007441.0,8,269.86330889680056,0.06509583687779234,0.00026977014300399803,65580.215,8,271.2091669291803,457010.0,8,269.86330889680056,0.14349842454213255,0.0005994615313760708,0.7195334545926522,0.09046950695940177,0.000374923697129166,0.6304564475050319,0.45363450564350666,0.002669349570108715,0.003709833855633451,4,6
9,4,7,43930.560000000005,8,222.33333729722133,626465.0,8,215.3353184670132,0.07012452411547333,0.0003557190471921121,43930.560000000005,8,222.33333729722133,284261.0,8,215.3353184670132,0.1545430431891818,0.0007908580134292622,0.7195334545926522,0.09745832340092202,0.0004943745769173367,0.630622520365538,0.4537540006225407,0.0032695422636347337,0.004543975325630568,4,7
9,4,8,38366.585999999996,8,203.7178489069625,527254.0,8,198.22123786675837,0.07276679930356146,0.00038734242379390583,38366.585999999996,8,203.7178489069625,239220.0,8,198.22123786675837,0.16038201655379983,0.000861899106137858,0.7195334545926522,0.10113052956621282,0.0005383244119110363,0.6305602818772938,0.4537092179480857,0.003431892999644931,0.004769608664808811,4,8
9,4,9,19146.173,8,142.69775572530915,262855.0,8,139.36609654227243,0.07283929542903882,0.0005442482586932751,19146.173,8,142.69775572530915,119031.0,8,139.36609654227243,0.16085030790298324,0.0012135311621215205,0.7195334545926522,0.10123128391615253,0.0007563904850002967,0.6293508867711346,0.4528390177093835,0.004808384128165092,0.006682641505372745,4,9
9,4,10,11727.853000000001,8,110.82213197714616,159257.0,8,107.02765014752029,0.07364105188468953,0.000697627405512672,11727.853000000001,8,110.82213197714616,73230.0,8,107.02765014752029,0.1601509354089854,0.0015313374692688152,0.7195334545926522,0.10234555657510014,0.0009695552042227393,0.6390568766503624,0.45982280213742566,0.006189240754472769,0.008601741468680799,4,10
9,4,11,6228.713000000001,8,80.79207782276676,83578.0,8,73.88468902918926,0.07452574840268972,0.0009689092740513192,6228.713000000001,8,80.79207782276676,39757.0,8,73.88468902918926,0.15666959277611492,0.0020528989622229554,0.7195334545926522,0.10357509845720907,0.001346579881542611,0.6611053020685429,0.4756873818468975,0.008780578324302582,0.012203155069799377,4,11
9,5,1,54559.060000000005,8,278.8402657348289,1248883.0,8,280.84263490196787,0.04368628606522789,0.0002234877507325747,54559.060000000005,8,278.8402657348289,561957.0,8,280.84263490196787,0.09708760634710485,0.0004985616530261042,0.7195334545926522,0.060714739233299314,0.00031060091689426355,0.6253603473983456,0.4499676911287927,0.0032615927139689966,0.004532927125418337,5,1
9,5,2,40890.005999999994,8,230.24680857408208,1027705.0,8,230.5184234445915,0.039787688101157424,0.00022421746870014515,40890.005999999994,8,230.24680857408208,463414.0,8,230.5184234445915,0.08823644948145717,0.000498784006175543,0.7195334545926522,0.0552965089353383,0.0003116150712228952,0.6266855620358889,0.4509212273950209,0.00359922780614998,0.005002168812550353,5,2
9,5,3,34954.597,8,204.954993916888,845585.0,8,211.52939982407293,0.04133776852711436,0.00024260297711268101,34954.597,8,204.954993916888,381792.0,8,211.52939982407293,0.0915540320383874,0.0005392148942392344,0.7195334545926522,0.057450794349120045,0.0003371670567423794,0.6275069821614375,0.4515122666556289,0.003754072530173501,0.005217370375500866,5,3
9,5,4,30479.813,8,184.71002311172097,688502.0,8,187.65711348425486,0.04426975230282555,0.0002685493272514522,30479.813,8,184.71002311172097,311392.0,8,187.65711348425486,0.09788245362758195,0.0005961010190500156,0.7195334545926522,0.06152563445140697,0.0003732270202828657,0.6285665323173906,0.4522746484396559,0.0038876297703599877,0.005402986818119364,5,4
9,5,5,53989.8421,8,252.0052704380853,1017445.0,8,245.91865056941575,0.053064138208944955,0.0002480162672881846,53989.8421,8,252.0052704380853,460684.0,8,245.91865056941575,0.11719495814918686,0.0005505898441236307,0.7195334545926522,0.07374797915266641,0.000344690390287125,0.6292760398342965,0.4527851628343547,0.0030006077989214873,0.004170213045368703,5,5
9,5,6,41893.9367,8,213.11317194734093,669305.0,8,213.51513751332035,0.06259319249071799,0.00031903514238436527,41893.9367,8,213.11317194734093,303476.0,8,213.51513751332035,0.13804695165350803,0.0007089253468379479,0.7195334545926522,0.08699135820745642,0.0004433916732405165,0.6301577627429328,0.4534195919647993,0.0032806806578237003,0.004559455348300635,5,6
9,5,7,30596.4692,8,181.1460029952516,435563.0,8,181.07978712644353,0.07024579498258575,0.00041691341332150195,30596.4692,8,181.1460029952516,197586.0,8,181.07978712644353,0.15485140242729747,0.0009277145872136312,0.7195334545926522,0.09762686437193367,0.0005794218610134371,0.6304551514654144,0.4536335730996434,0.003825534551156474,0.005316687537929998,5,7
9,5,8,28980.8031,8,176.69560800788486,378442.0,8,172.93228133859913,0.07657924622531326,0.00046821225884440513,28980.8031,8,176.69560800788486,172273.0,8,172.93228133859913,0.1682260313572063,0.0010394807620177035,0.7195334545926522,0.10642902805494554,0.000650716455024976,0.6326549297769334,0.45521638718746865,0.003957058731094069,0.005499478454874999,5,8
9,5,9,15158.0859,8,126.11199550089634,188810.0,8,121.70257736536273,0.08028221969175361,0.0006699322973011056,15158.0859,8,126.11199550089634,87198.0,8,121.70257736536273,0.1738352473680589,0.00146648128985021,0.7195334545926522,0.11157538149105743,0.0009310648351720809,0.6418455588285871,0.4618293522588846,0.0054800498332553725,0.007616115412392856,5,9
9,5,10,9463.657000000001,8,99.66999910986254,109089.0,8,93.09758539704454,0.0867517073215448,0.0009166522993293554,9463.657000000001,8,99.66999910986254,50550.0,8,93.09758539704454,0.18721378832838775,0.002001630653811309,0.7195334545926522,0.12056660710884853,0.00127395368968396,0.6440049538304582,0.46338310920441106,0.006965569675591997,0.009680675208542456,5,10
9,5,11,4793.839,8,70.84727148895715,49035.0,8,64.48083904223022,0.09776361782400327,0.0014505388661391475,4793.839,8,70.84727148895715,23778.0,8,64.48083904223022,0.20160816721339053,0.003029274092926464,0.7195334545926522,0.13587084408653377,0.0020159436046796987,0.6739352178263809,0.48491893545426734,0.010239828761903637,0.014231205924539936,5,11
9,6,1,35569.32,8,212.9674622595668,668111.0,8,216.80199104337117,0.05323863848971204,0.0003192284090609662,35569.32,8,212.9674622595668,301247.0,8,216.80199104337117,0.11807360737202362,0.0007120416628531478,0.7195334545926522,0.0739904978009006,0.0004436602732275878,0.6266472198801637,0.45089363893125545,0.003834477770617452,0.005329116729934755,6,1
9,6,2,25748.8753,8,172.9861352654611,556927.0,8,175.02405558791054,0.0462338426759701,0.00031094793127998905,25748.8753,8,172.9861352654611,251609.0,8,175.02405558791054,0.10233686116156417,0.0006911953033803697,0.7195334545926522,0.06425530651961743,0.0004321521526139814,0.6278803726271657,0.4517809335873463,0.004306188442114258,0.005984695241935777,6,2
9,6,3,19941.783199999998,8,150.6670112881901,463259.0,8,154.10813237741738,0.043046725913581815,0.0003255478779675402,19941.783199999998,8,150.6670112881901,209999.0,8,154.10813237741738,0.09496132457773608,0.0007208418111446745,0.7195334545926522,0.059825885285558766,0.0004524430044074071,0.6300026410918987,0.45330797674734863,0.0048572878542275984,0.0067506073876404315,6,3
9,6,4,17071.077,8,136.16129134240023,382040.0,8,137.53424811311544,0.04468400429274422,0.0003567686887490719,17071.077,8,136.16129134240023,173440.0,8,137.53424811311544,0.09842641259225093,0.0007889330806770373,0.7195334545926522,0.06210135749426838,0.0004958333576734783,0.6309419987857771,0.4539838760339231,0.005136161330673882,0.0071381828014954575,6,4
9,6,5,28828.2226,8,177.62911262591388,571185.0,8,177.770103963057,0.050470902772306696,0.000311379966133532,28828.2226,8,177.62911262591388,260309.0,8,177.770103963057,0.11074616167708377,0.0006865563517902814,0.7195334545926522,0.0701439279162908,0.0004327525900929969,0.6333757021829622,0.4557350070467537,0.003985919024267336,0.0055395881856860636,6,5
9,6,6,22102.8354,8,152.94796899899129,378369.0,8,153.96149452320861,0.05841608429866083,0.000404927923948886,22102.8354,8,152.94796899899129,173098.0,8,153.96149452320861,0.12768972142947926,0.0008908609905686474,0.7195334545926522,0.08118605733451517,0.0005627645543988318,0.6358073024644569,0.45748462479748603,0.004499307603163126,0.00625309021344992,6,6
9,6,7,16382.189999999999,8,131.2201876774683,244616.0,8,130.59734568796756,0.0669710485005069,0.000537623650931189,16382.189999999999,8,131.2201876774683,112280.0,8,130.59734568796756,0.14590479159244743,0.0011809446374866784,0.7195334545926522,0.09307565627844375,0.0007471836750600466,0.6379204909077276,0.4590051345782778,0.005232575439493784,0.007272178112213128,6,7
9,6,8,16411.009000000002,8,131.33707006685088,209451.0,8,126.83080857253296,0.07835249772023052,0.0006288463185359054,16411.009000000002,8,131.33707006685088,96711.0,8,126.83080857253296,0.1696912347095987,0.0013761494449973995,0.7195334545926522,0.10889347426463727,0.0008739639755762471,0.6417153746980051,0.46173568042167384,0.00526828303366096,0.007321804149667343,6,8
9,6,9,8468.845000000001,8,94.28187370136425,100336.0,8,88.2939446318942,0.08440484970499124,0.0009425924006024435,8468.845000000001,8,94.28187370136425,46986.0,8,88.2939446318942,0.18024188056016688,0.0020349798120020304,0.7195334545926522,0.11730496916613163,0.0013100049686168814,0.6508197140507188,0.4682865571679158,0.007436526485030214,0.010335206011012007,6,9
9,6,10,4753.2029,8,70.50869525811409,50989.0,8,63.5458441862377,0.09322016317244897,0.0013876933918665602,4753.2029,8,70.50869525811409,24572.0,8,63.5458441862377,0.19343980546964026,0.0029127534529225798,0.7195334545926522,0.12955639877123362,0.001928601627914816,0.6697504603909823,0.4819078624801428,0.010203848993228293,0.014181201621827262,6,10
9,6,11,1559.8066,8,40.74836447552711,16077.0,8,36.275970344160335,0.09702099894258878,0.002544011760823533,1559.8066,8,40.74836447552711,8203.0,8,36.275970344160335,0.19015074972571008,0.005038166636770252,0.7195334545926522,0.13483876020402005,0.003535640691319584,0.7091150594910783,0.5102320084592897,0.019019907175066856,0.026433666223114743,6,11
9,7,1,17281.828,8,143.59247885439544,271302.0,8,146.69918546266712,0.06369959675933093,0.0005303913095044618,17281.828,8,143.59247885439544,124410.0,8,146.69918546266712,0.13891028052407364,0.001165752362461567,0.7195334545926522,0.08852902718108227,0.000737132243287744,0.6373108372331008,0.4585664683636685,0.0054211298637279,0.007534229060686208,7,1
9,7,2,12076.4563,8,116.04219568398084,222971.0,8,117.77309063202215,0.05416155598710146,0.0005212219626800202,12076.4563,8,116.04219568398084,102475.0,8,117.77309063202215,0.11784782922664064,0.0011404661609171808,0.7195334545926522,0.07527315879671477,0.0007243887818601825,0.6387318229846405,0.45958891515040073,0.006272405628195799,0.008717323132316039,7,2
9,7,3,8954.6297,8,99.62251845485538,181230.0,8,101.09684299368057,0.0494103056889036,0.0005503927273858246,8954.6297,8,99.62251845485538,83005.0,8,101.09684299368057,0.1078806059875911,0.00120736992268858,0.7195334545926522,0.06866992128514184,0.0007649300027299178,0.636536295439799,0.45800915963140765,0.007232153276326103,0.01005117028286117,7,3
9,7,4,7246.048,8,88.5314288315737,147482.0,8,86.66434961684072,0.04913174489090194,0.0006009802177773001,7246.048,8,88.5314288315737,68350.0,8,86.66434961684072,0.10601386978785662,0.0013022222254323978,0.7195334545926522,0.06828278042848861,0.0008352359628886633,0.6440928961948909,0.4634463866776962,0.008033903603405583,0.011165434424385173,7,4
9,7,5,11431.5824,8,110.49180363325598,211578.0,8,110.92119951537668,0.05403010899053776,0.0005229949095091541,11431.5824,8,110.49180363325598,97775.0,8,110.92119951537668,0.1169172324213756,0.0011378192075847458,0.7195334545926522,0.07509047514840808,0.0007268528046485845,0.6422532726209104,0.46212271597236004,0.006343130181958041,0.008815615370586297,7,5
9,7,6,7657.139999999999,8,90.81277360344193,130585.0,8,87.67332806920244,0.05863720948041505,0.0006965437926283018,7657.139999999999,8,90.81277360344193,61140.0,8,87.67332806920244,0.12523945044160942,0.0014961427846659366,0.7195334545926522,0.08149337477798194,0.0009680492104743546,0.6507005140203543,0.46820078875828003,0.007887767917961608,0.010962336591322348,7,6
9,7,7,4902.781,8,72.1245395568665,76171.0,8,68.41519810765735,0.06436545404419004,0.0009486398367639412,4902.781,8,72.1245395568665,36357.0,8,68.41519810765735,0.13485108782352778,0.001999950820428265,0.7195334545926522,0.08945442860697715,0.0013184096315590947,0.6633571152502771,0.477307636764648,0.009979857032863701,0.013869899959708719,7,7
9,7,8,3832.491,8,63.363939941736575,53346.0,8,60.06584894904924,0.07184214374086155,0.0011905430678990992,3832.491,8,63.363939941736575,25909.0,8,60.06584894904924,0.1479212242849975,0.002469560558166468,0.7195334545926522,0.09984545302557667,0.0016546041887282345,0.6749907155528,0.4856784013796724,0.0114247650292466,0.01587801784103906,7,8
9,7,9,1279.6527,8,37.162278809733934,17459.0,8,31.899000018760773,0.07329473051148405,0.0021327540851434476,1279.6527,8,37.162278809733934,8810.0,8,31.899000018760773,0.1452500227014756,0.004250851635158449,0.7195334545926522,0.10186424278629022,0.0029640791147798108,0.7013027667172638,0.5046108024514577,0.02082519129702173,0.028942631039735944,7,9
9,7,10,214.1451,8,15.629493041052227,5097.0,8,16.987221154865207,0.04201394938198941,0.00306960558115312,214.1451,8,15.629493041052227,2760.0,8,16.987221154865207,0.0775888043478261,0.005682959460464837,0.7195334545926522,0.05839054336365036,0.004266105434793034,0.7525640310409857,0.5414949970570924,0.05601991029435651,0.07785587999667219,7,10
9,7,11,0.0,8,0.0,495.0,8,0.0,0.0,,0.0,8,0.0,270.0,8,0.0,0.0,,0.7195334545926522,0.0,,,,,,7,11
9,8,1,2302.903,8,50.50283086719001,39219.0,8,49.302691398949,0.05871906473902955,0.0012898273556832562,2302.903,8,50.50283086719001,18829.0,8,49.302691398949,0.12230617664241329,0.0027012347153220154,0.7195334545926522,0.08160713635236326,0.0017925884438736253,0.6672364274043014,0.4800989316402764,0.014954852731070018,0.020784096466419863,8,1
9,8,2,1175.0052,8,35.54933106173589,26915.0,8,34.55320282950482,0.043656147129853246,0.0013219885118519647,1175.0052,8,35.54933106173589,13092.0,8,34.55320282950482,0.08974986251145738,0.0027256598586064165,0.7195334545926522,0.06067285245905377,0.0018372856792327732,0.6760216758138023,0.48642021177781913,0.020861118464712492,0.028992562238155488,8,2
9,8,3,731.9888,8,28.09594361052143,18131.0,8,25.457159600287305,0.04037222436710606,0.001550644494262424,731.9888,8,28.09594361052143,8991.0,8,25.457159600287305,0.08141350239128016,0.0031333870704569806,0.7195334545926522,0.05610889126755322,0.0021550693499585603,0.6891840987001044,0.4958910153880095,0.026963438682476765,0.03747350246242757,8,3
9,8,4,348.27979999999997,8,19.544390845692785,11553.0,8,18.957107265028597,0.030146265039383707,0.0016924387001113989,348.27979999999997,8,19.544390845692785,5774.0,8,18.957107265028597,0.06031863526151714,0.0033906844795164406,0.7195334545926522,0.041896960936236585,0.0023521334405076904,0.6945939800293617,0.4997836059897862,0.0397058808731299,0.055182814113359756,8,4
9,8,5,410.1797,8,23.412856300710086,11084.0,8,18.037350276307215,0.037006468783832555,0.002113169391384151,410.1797,8,23.412856300710086,5672.0,8,18.037350276307215,0.07231659026798308,0.004134196779890205,0.7195334545926522,0.05143119968588944,0.002936860514123662,0.711195031393228,0.5117286178274991,0.041348501903219884,0.05746571148193299,8,5
9,8,6,44.9231,8,7.274124327649342,3537.0,8,7.274124327649342,0.012700904721515407,0.002056746115162356,44.9231,8,7.274124327649342,1889.0,8,7.274124327649342,0.02378141874007411,0.0038518692423412677,0.7195334545926522,0.01765158331478241,0.002858444040418853,0.7422426520347878,0.5340684195646027,0.12232121948179053,0.17000073964738716,8,6
9,8,7,0.0,8,0.0,849.0,8,0.0,0.0,,0.0,8,0.0,468.0,8,0.0,0.0,,0.7195334545926522,0.0,,,,,,8,7
9,8,8,0.0,8,0.0,101.0,8,0.0,0.0,,0.0,8,0.0,62.0,8,0.0,0.0,,0.7195334545926522,0.0,,,,,,8,8
9,8,9,0.0,8,0.0,0.0,8,0.0,,,0.0,8,0.0,0.0,8,0.0,,,0.7195334545926522,,,,,,,8,9
9,8,10,0.0,8,0.0,0.0,8,0.0,,,0.0,8,0.0,0.0,8,0.0,,,0.7195334545926522,,,,,,,8,10
9,8,11,0.0,8,0.0,0.0,8,0.0,,,0.0,8,0.0,0.0,8,0.0,,,0.7195334545926522,,,,,,,8,11
10,1,1,14504.255,8,257.1042916384516,89035200.0,8,274.2203362862426,0.00016290472756842238,2.8876702194110443e-06,14504.255,8,257.1042916384516,37567310.0,8,274.2203362862426,0.00038608713266933403,6.843830804951262e-06,0.7157939660708504,0.00022758605868479452,4.0342198401896255e-06,0.5894681263043065,0.4219377279997125,0.010577359835897304,0.01477710114540186,1,1
10,1,2,10487.011,8,173.63381118218305,36434250.0,8,164.3149564408852,0.00028783386511318333,4.7656756382657844e-06,10487.011,8,173.63381118218305,15396770.0,8,164.3149564408852,0.0006811175980416673,1.1277290448008201e-05,0.7157939660708504,0.00040211831722075886,6.657887414762128e-06,0.5903801610425566,0.422590556962199,0.0098950367981846,0.013823861707721036,1,2
10,1,3,6533.565,8,101.45137374067441,17805420.0,8,95.76248314851699,0.0003669424815589859,5.6977807783366256e-06,6533.565,8,101.45137374067441,7538312.0,8,95.76248314851699,0.0008667145907465756,1.3458106760752983e-05,0.7157939660708504,0.000512637014214039,7.960084952396273e-06,0.5914715405592293,0.42337175983492664,0.009297039700047605,0.0129884298286015,1,3
10,1,4,3194.6648,8,62.93171553520291,9579810.0,8,57.06089250047268,0.0003334789312105355,6.569203190045928e-06,3194.6648,8,62.93171553520291,4059425.0,8,57.06089250047268,0.0007869747070089975,1.5502622060156473e-05,0.7157939660708504,0.00046588675934371767,9.177505681007232e-06,0.5919971190870702,0.4237479657738515,0.011805026429479637,0.016492212828057226,1,4
10,1,5,699.7952,8,28.218965417233143,8646800.0,8,35.84994272828061,8.093111902669196e-05,3.263515470045316e-06,699.7952,8,28.218965417233143,3674639.0,8,35.84994272828061,0.00019043916967081666,7.67938462611318e-06,0.7157939660708504,0.00011306482432499475,4.559294468434074e-06,0.5937057198917259,0.42497097192024796,0.024235076754802416,0.033857615324468356,1,5
10,1,6,0.0,8,0.0,2910027.0,8,0.0,0.0,,0.0,8,0.0,1251809.0,8,0.0,0.0,,0.7157939660708504,0.0,,,,,,1,6
10,1,7,0.0,8,0.0,884463.0,8,0.0,0.0,,0.0,8,0.0,391109.0,8,0.0,0.0,,0.7157939660708504,0.0,,,,,,1,7
10,1,8,0.0,8,0.0,254396.0,8,0.0,0.0,,0.0,8,0.0,117927.0,8,0.0,0.0,,0.7157939660708504,0.0,,,,,,1,8
10,1,9,0.0,8,0.0,20301.0,8,0.0,0.0,,0.0,8,0.0,9851.0,8,0.0,0.0,,0.7157939660708504,0.0,,,,,,1,9
10,1,10,0.0,8,0.0,648.0,8,0.0,0.0,,0.0,8,0.0,350.0,8,0.0,0.0,,0.7157939660708504,0.0,,,,,,1,10
10,1,11,0.0,8,0.0,0.0,8,0.0,,,0.0,8,0.0,0.0,8,0.0,,,0.7157939660708504,,,,,,,1,11
10,2,1,160239.53,8,914.3669893587585,10118830.0,8,937.1244193985129,0.015835776468228046,9.037481686181622e-05,160239.53,8,914.3669893587585,4223600.0,8,937.1244193985129,0.03793908750828677,0.0002166535539785897,0.7157939660708504,0.02212337239325177,0.00012625814290933933,0.5831287425776784,0.41740003537958437,0.003369853520222125,0.0047078540473315085,2,1
10,2,2,120416.12,8,555.8449198656492,7595383.0,8,541.0116937575009,0.015853857534241525,7.319065961299044e-05,120416.12,8,555.8449198656492,3174300.0,8,541.0116937575009,0.03793470056390385,0.0001752271908660918,0.7157939660708504,0.022148632547528746,0.00010225101507176706,0.5838620634481538,0.41792494203386454,0.0027293303035785506,0.003813011051993692,2,2
10,2,3,94722.4,8,407.87019883988825,5604273.0,8,382.50494934880254,0.016901817595252763,7.278757356117042e-05,94722.4,8,407.87019883988825,2344685.0,8,382.50494934880254,0.040398774248992936,0.00017408002269085417,0.7157939660708504,0.02361268520888844,0.00010168788368071517,0.5844901398085626,0.4183745153028769,0.0025487811526503546,0.003560774850675497,2,3
10,2,4,66769.12,8,295.4982126608044,4090818.0,8,298.41765847794596,0.016321703874384048,7.224431680415849e-05,66769.12,8,295.4982126608044,1710344.0,8,298.41765847794596,0.039038415663749514,0.0001729054295715462,0.7157939660708504,0.022802237302973434,0.00010092892679820051,0.584097405473021,0.4180933984352274,0.0026179760753553536,0.003657443621278336,2,4
10,2,5,69752.85,8,298.4210446062241,5221174.0,8,292.77851210870995,0.013359610309865178,5.7160837184215e-05,69752.85,8,298.4210446062241,2182915.0,8,292.77851210870995,0.03195399271158062,0.00013677475039326013,0.7157939660708504,0.018664044324373113,7.985655075857e-05,0.5840911491980461,0.41808892023135025,0.0025303259472449933,0.0035349920049403405,2,5
10,2,6,21535.999,8,156.32186979319306,2931341.0,8,168.60640961425517,0.007346807826179213,5.332944124107046e-05,21535.999,8,156.32186979319306,1225473.0,8,168.60640961425517,0.017573621777060774,0.00012758334848244997,0.7157939660708504,0.010263858281046217,7.450389884369579e-05,0.584049116980761,0.41805883382383696,0.004291933083913417,0.005996045352928548,2,6
10,2,7,4951.841,8,73.33205345488425,1645435.0,8,79.9344308593068,0.0030094418801107307,4.456721050443493e-05,4951.841,8,73.33205345488425,691746.0,8,79.9344308593068,0.007158467125216482,0.00010601331396571323,0.7157939660708504,0.004204340945524052,6.226262390709172e-05,0.5873241955269728,0.4204031152856235,0.008804726240523487,0.012300643282667712,2,7
10,2,8,499.71209999999996,8,23.311274813855633,1076030.0,8,37.06482754364304,0.00046440350176110327,2.1664155431450792e-05,499.71209999999996,8,23.311274813855633,463753.0,8,37.06482754364304,0.0010775393366727545,5.026664846819614e-05,0.7157939660708504,0.0006487949378929744,3.026590954708668e-05,0.602107891389223,0.4309851955800489,0.02843307867530524,0.039722434140344355,2,8
10,2,9,0.0,8,0.0,293073.0,8,0.0,0.0,,0.0,8,0.0,132038.0,8,0.0,0.0,,0.7157939660708504,0.0,,,,,,2,9
10,2,10,0.0,8,0.0,62478.0,8,3.62397,0.0,,0.0,8,0.0,29615.0,8,3.62397,0.0,,0.7157939660708504,0.0,,,,,,2,10
10,2,11,0.0,8,0.0,3944.0,8,0.0,0.0,,0.0,8,0.0,2014.0,8,0.0,0.0,,0.7157939660708504,0.0,,,,,,2,11
10,3,1,175274.54,8,758.1651994136898,5042197.0,8,768.5672171749196,0.03476154144711125,0.0001504573857561453,175274.54,8,758.1651994136898,2095313.0,8,768.5672171749196,0.08365076721234489,0.0003631372570171872,0.7157939660708504,0.04856361340669711,0.0002101964991155748,0.5805519187100804,0.4155555604035304,0.002547432768545224,0.003558891090586638,3,1
10,3,2,139978.95,8,515.6653645133537,4013590.0,8,529.0470167199887,0.03487624545606303,0.00012856205101908428,139978.95,8,515.6653645133537,1670870.0,8,529.0470167199887,0.0837760867093191,0.0003097587351891244,0.7157939660708504,0.048723860648765126,0.00017960762050676327,0.5815962831711639,0.41630311018315275,0.002173546503865609,0.0030365532637787952,3,2
10,3,3,111492.42,8,404.21628168624034,3152595.0,8,396.3090547369565,0.03536528478919747,0.0001282940539982837,111492.42,8,404.21628168624034,1310734.0,8,396.3090547369565,0.08506105739227028,0.00030945983217817917,0.7157939660708504,0.04940707307624462,0.00017923321525398965,0.5808424511865328,0.41576352179712267,0.002136061292508675,0.002984184547173515,3,3
10,3,4,93550.75,8,342.8256602940334,2445936.0,8,339.0561807702081,0.03824742348123581,0.00014026157781409944,93550.75,8,342.8256602940334,1017000.0,8,339.0561807702081,0.0919869714847591,0.0003384871619451978,0.7157939660708504,0.05343356509581141,0.00019595244506464047,0.5808818817854502,0.41579174598190627,0.0021600725082074612,0.00301772941739726,3,4
10,3,5,130916.06,8,418.57443279612767,3323015.0,8,401.8302661168021,0.03939677070371334,0.000126052302732256,130916.06,8,418.57443279612767,1380557.0,8,401.8302661168021,0.09482843518956478,0.0003044461735740847,0.7157939660708504,0.05503926069672092,0.0001761013765234494,0.5804088255457959,0.41545313517994953,0.0018830825109090407,0.0026307605263085586,3,5
10,3,6,68875.08,8,279.72153755279555,1937305.0,8,278.2244610773287,0.035552006524527634,0.00014447718459314736,68875.08,8,279.72153755279555,808376.0,8,278.2244610773287,0.08520178728710402,0.0003472693391828582,0.7157939660708504,0.04966793268694394,0.00020184185874912332,0.5829447276684251,0.41726831861787383,0.00240163940646986,0.0033552104660129842,3,6
10,3,7,34537.06,8,194.08971000483254,1130763.0,8,191.36461502845816,0.03054314653026319,0.0001717227193354611,34537.06,8,194.08971000483254,473113.0,8,191.36461502845816,0.07299960051826941,0.0004113008669330693,0.7157939660708504,0.04267030455414594,0.00023990523457201608,0.5845279186626091,0.4184015571786484,0.0033303152354576004,0.004652617084408282,3,7
10,3,8,20543.041,8,148.02841629997937,867359.0,8,145.65524911567724,0.02368458850372222,0.00017071202265005496,20543.041,8,148.02841629997937,366804.0,8,145.65524911567724,0.05600549884952182,0.00040417502537263504,0.7157939660708504,0.03308855568276456,0.00023849324071161226,0.5908090520123467,0.42289755453047695,0.004313391460002563,0.0060260237784340535,3,8
10,3,9,5090.6186,8,73.31813469958234,346159.0,8,71.46222955087605,0.014706012554924182,0.00021182654838214268,5090.6186,8,73.31813469958234,150456.0,8,71.46222955087605,0.033834600148880734,0.00048757106878744163,0.7157939660708504,0.020545035655509504,0.00029593229116599696,0.6072196971474819,0.43464419529753673,0.008855846315627363,0.0123720605864269,3,9
10,3,10,939.5893000000001,8,31.816846739838944,130303.0,8,32.33759968055762,0.0072108032815821595,0.0002441824148040449,939.5893000000001,8,31.816846739838944,59103.0,8,32.33759968055762,0.015897489129147423,0.0005383990608634825,0.7157939660708504,0.010073853124473562,0.0003411350561452977,0.6336757360005706,0.45358126827471357,0.021723177799399935,0.03034836674950364,3,10
10,3,11,0.0,8,0.0,21897.0,8,7.520037902723629,0.0,,0.0,8,0.0,10630.0,8,7.520037902723629,0.0,,0.7157939660708504,0.0,,,,,,3,11
10,4,1,156030.52,8,551.6998370282521,3090916.0,8,559.0522502593117,0.05048034951451285,0.00017872409509103152,156030.52,8,551.6998370282521,1280782.0,8,559.0522502593117,0.12182441664545565,0.00043402212742774674,0.7157939660708504,0.07052357508908677,0.0002496865069596593,0.5788952414550098,0.4143697208206241,0.0020812603071048027,0.0029076248274755587,4,1
10,4,2,108755.84000000001,8,398.17928796813374,2510146.0,8,409.8291027128381,0.04332649973348164,0.00015878558789774757,108755.84000000001,8,398.17928796813374,1042168.0,8,409.8291027128381,0.10435538224163475,0.0003842657995765141,0.7157939660708504,0.060529288855716776,0.00022183141437941476,0.5800303497098146,0.41518222446025055,0.0021569663454138496,0.0030133899524941643,4,2
10,4,3,87831.31999999999,8,336.452424010617,2020765.0,8,329.418452160622,0.04346439096084898,0.00016664824556879095,87831.31999999999,8,336.452424010617,837938.0,8,329.418452160622,0.10481839945198809,0.00040363319655847905,0.7157939660708504,0.060721929802558305,0.0002328159407148395,0.5793060199356688,0.4146637535784715,0.0022533121695888533,0.0031479898915015674,4,3
10,4,4,73680.292,8,295.7797514497062,1608720.0,8,296.02748416761915,0.04580056939678751,0.0001840533689528645,73680.292,8,295.7797514497062,667542.0,8,296.02748416761915,0.11037551494887213,0.0004457831931136509,0.7157939660708504,0.06398568801605978,0.00025713176930391535,0.5797090781021413,0.4149522601820081,0.002364165002854321,0.0033028568483634193,4,4
10,4,5,116359.05,8,376.8313506469704,2268527.0,8,370.7553960664363,0.051292777207412564,0.0001663241834419769,116359.05,8,376.8313506469704,942185.0,8,370.7553960664363,0.12349915356325987,0.0004028964141863792,0.7157939660708504,0.07165857724251272,0.00023236320970260017,0.580235371457887,0.41532897779043404,0.0019104053110807614,0.0026689318458038894,4,5
10,4,6,75035.31999999999,8,288.2025879287346,1379776.0,8,287.80811703629905,0.05438224755322602,0.00020918415635793892,75035.31999999999,8,288.2025879287346,573797.0,8,287.80811703629905,0.1307698018637253,0.0005065374977577665,0.7157939660708504,0.07597472196048545,0.00029224073724202576,0.5809806306784682,0.41586242984368477,0.0022701672985101667,0.0031715373502959393,4,6
10,4,7,43773.83,8,217.94836580887684,819857.0,8,214.7947291465971,0.053392030561427176,0.0002662048209114931,43773.83,8,217.94836580887684,343483.0,8,214.7947291465971,0.127441037838845,0.0006395095671502732,0.7157939660708504,0.0745913392571716,0.00037190145981915655,0.5853007831864626,0.418954768941413,0.0029636386910495503,0.004140351597705707,4,7
10,4,8,31318.088,8,182.95206094559305,627070.0,8,180.1997058158531,0.049943527835807806,0.0002921097919895754,31318.088,8,182.95206094559305,265519.0,8,180.1997058158531,0.11795045928916574,0.0006936699907265502,0.7157939660708504,0.06977360833307768,0.00040809200110058196,0.5915501198856856,0.42342800644266193,0.0035120277647081306,0.0049064785834762184,4,8
10,4,9,12077.667,8,112.88960242839019,250483.0,8,106.96409819098182,0.04821751176726564,0.0004511577884385287,12077.667,8,112.88960242839019,108321.0,8,106.96409819098182,0.11149885063838036,0.001047976322578602,0.7157939660708504,0.06736227748878927,0.0006302900133610129,0.6041522141538712,0.4324485094796852,0.005735271477323282,0.008012461335494964,4,9
10,4,10,5028.921,8,72.69533244817029,100670.0,8,65.57699980450462,0.04995451475116718,0.0007228479701929443,5028.921,8,72.69533244817029,44992.0,8,65.57699980450462,0.11177367087482219,0.001623931465666097,0.7157939660708504,0.06978895760378986,0.0010098547968500138,0.6243774321588494,0.44692559849011626,0.009164361349930445,0.012803071532211465,4,10
10,4,11,967.7283,8,32.31503473220476,21058.0,8,30.158387163606744,0.04595537562921455,0.0015359835430633585,967.7283,8,32.31503473220476,9999.0,8,30.158387163606744,0.09678250825082509,0.0032449830143912437,0.7157939660708504,0.06420196007165813,0.0021458458940282884,0.6633632588367102,0.47483141798841294,0.022479591572816853,0.031405114653609394,4,11
10,5,1,127684.88,8,427.0672341366989,1871173.0,8,435.30683713758737,0.06823788073042952,0.0002287864481433817,127684.88,8,427.0672341366989,774909.0,8,435.30683713758737,0.16477403153144435,0.0005588382032134099,0.7157939660708504,0.09533173505918494,0.000319626120068098,0.5785604331771932,0.4141300670755724,0.001975000233494445,0.002759174185744611,5,1
10,5,2,76652.06999999999,8,311.76664577447985,1530658.0,8,320.33483326789485,0.05007785540597572,0.00020395090108530205,76652.06999999999,8,311.76664577447985,634196.0,8,320.33483326789485,0.12086495342133977,0.0004953697760203571,0.7157939660708504,0.06996127067243109,0.0002849296176731317,0.5788383538157953,0.4143290009917303,0.002393972696801136,0.0033444996888450673,5,2
10,5,3,57328.587,8,260.518558197895,1242763.0,8,268.1110680494559,0.046129943521009235,0.00020986461063197693,57328.587,8,260.518558197895,515901.0,8,268.1110680494559,0.1111232329458559,0.0005082692911895636,0.7157939660708504,0.06444584015457211,0.00029319136592331123,0.5799492909459621,0.4151242030861878,0.0026780509190131737,0.003741371184942477,5,3
10,5,4,46732.139,8,228.98133599592785,1000687.0,8,235.06693143758014,0.046700056061485765,0.00022908694280481808,46732.139,8,228.98133599592785,416697.0,8,235.06693143758014,0.11214896915504552,0.0005531450725251508,0.7157939660708504,0.0652423159108655,0.0003200459261515243,0.5817469068366402,0.4164109256940482,0.0028967010076025226,0.004046836303333413,5,4
10,5,5,76708.477,8,305.5202392861396,1432058.0,8,295.2837780156912,0.05356520266637245,0.00021362919004902378,76708.477,8,305.5202392861396,598301.0,8,295.2837780156912,0.12821051109725706,0.0005145519013693341,0.7157939660708504,0.07483326935599019,0.00029845067180669476,0.5836749944723617,0.41779103918975347,0.0023638510120272045,0.003302418187460981,5,5
10,5,6,53490.405000000006,8,241.4589325046808,884377.0,8,243.9301273303894,0.06048371339372237,0.00027353635529916314,53490.405000000006,8,241.4589325046808,372233.0,8,243.9301273303894,0.14370140476529486,0.0006554766306919363,0.7157939660708504,0.08449877515136191,0.0003821439803420864,0.5880163474349632,0.4208985534449675,0.0027035648988285995,0.003777015491858723,5,6
10,5,7,35412.872,8,195.09254725929435,526485.0,8,190.07227552394377,0.06726283179957644,0.00037135152007484003,35412.872,8,195.09254725929435,223023.0,8,190.07227552394377,0.15878573958739683,0.000885169794920986,0.7157939660708504,0.09396954289625663,0.0005187966617171554,0.5918008955995391,0.4236075101854754,0.0033235437625596755,0.004643156997820663,5,7
10,5,8,27146.167,8,169.64769356663828,388706.0,8,162.01707292375085,0.06983727290034114,0.00043741182824461294,27146.167,8,169.64769356663828,166839.0,8,162.01707292375085,0.16270876114098023,0.001029037841026991,0.7157939660708504,0.09756616597886847,0.0006110862189096984,0.599636831444691,0.4292164257819535,0.0038204401260596445,0.0053373460900081,5,8
10,5,9,10221.972600000001,8,103.34321785553418,142371.0,8,97.00691310935319,0.07179813726109953,0.0007275193370760288,10221.972600000001,8,103.34321785553418,62644.0,8,97.00691310935319,0.16317560500606604,0.0016689303395949608,0.7157939660708504,0.10030559164282314,0.001016380930213119,0.6147094820889084,0.44000533816577814,0.0063348970845889295,0.008850168323383005,5,9
10,5,10,3889.9048,8,64.09418318337788,49415.0,8,58.19314993849362,0.07871910958211069,0.001300367848171016,3889.9048,8,64.09418318337788,22693.0,8,58.19314993849362,0.17141430397038734,0.002858404212531344,0.7157939660708504,0.10997453640775584,0.0018166789744107784,0.6415715250155231,0.4592330264089851,0.010779262792232496,0.015059169681748263,5,10
10,5,11,639.3442,8,26.279987935529956,8379.0,8,26.03694577571263,0.0763031626685762,0.0031453605170967953,639.3442,8,26.279987935529956,4132.0,8,26.03694577571263,0.15472996127783156,0.006434412439406587,0.7157939660708504,0.10659933763820467,0.00439422608486401,0.6889379197012527,0.4931376059195608,0.028875043446682597,0.04033988104871018,5,11
10,6,1,79511.76,8,315.06746627041645,960876.0,8,323.493483626193,0.08274924131729797,0.00032907741673822286,79511.76,8,315.06746627041645,403690.0,8,323.493483626193,0.1969624216601848,0.0007962683114146593,0.7157939660708504,0.115604832171926,0.00045973762330604815,0.5869385195282409,0.42012705073287293,0.002382484383447673,0.0033284499400374253,6,1
10,6,2,47397.965,8,231.71286196409125,772716.0,8,237.22977741150035,0.06133943777532754,0.0003004588101038115,47397.965,8,231.71286196409125,324823.0,8,237.22977741150035,0.14591936223728,0.0007212676717188705,0.7157939660708504,0.08569426494614522,0.00041975599732014445,0.5872713780560354,0.42036530885862333,0.0029252645133026234,0.004086740950555981,6,2
10,6,3,32365.499,8,189.83901771129663,619347.0,8,194.40444171173147,0.05225745664385231,0.00030695337331361066,32365.499,8,189.83901771129663,261103.0,8,194.40444171173147,0.12395682546734431,0.0007328999074437848,0.7157939660708504,0.07300628270269574,0.00042882922721260814,0.5889654113635623,0.4215778876784742,0.0035135543729788296,0.004908611331645469,6,3
10,6,4,24287.9499,8,162.51900614472757,492253.0,8,165.165388256075,0.04934037964217587,0.0003305682178511172,24287.9499,8,162.51900614472757,208300.0,8,165.165388256075,0.11660081565050408,0.0007856749145587882,0.7157939660708504,0.06893098011571124,0.00046182034708350283,0.5911706511755712,0.42315638502964936,0.0040208641337840766,0.005617348461115813,6,4
10,6,5,37169.8118,8,203.28488687952776,682263.0,8,201.46726619629803,0.054480181103181625,0.0002983907736852183,37169.8118,8,203.28488687952776,289566.0,8,201.46726619629803,0.12836386799555197,0.0007076910284936089,0.7157939660708504,0.07611154003188271,0.00041686684692684756,0.5929358566424635,0.42441990845172617,0.0032982935499532785,0.004607881186898421,6,5
10,6,6,25093.545000000002,8,163.40432439280792,398241.0,8,159.52238427625133,0.06301095316654991,0.00041109075015079497,25093.545000000002,8,163.40432439280792,170226.0,8,159.52238427625133,0.14741311550526948,0.000969815053119201,0.7157939660708504,0.08802945561616117,0.0005743143552988606,0.5971616250998674,0.42744468801554836,0.003960406256170779,0.005532885779842926,6,6
10,6,7,15467.3127,8,127.5171573124656,213535.0,8,122.90689961495245,0.07243455499098508,0.0005986257715345023,15467.3127,8,127.5171573124656,92922.0,8,122.90689961495245,0.1664547975721573,0.0013898524976225434,0.7157939660708504,0.10119469906765796,0.0008363101673243908,0.6079410178837926,0.4351605123281897,0.005112307237771693,0.007142149110077395,6,7
10,6,8,11021.3208,8,107.66027166789104,134640.0,8,99.85834104381267,0.08185770053475935,0.0008019172638519468,11021.3208,8,107.66027166789104,60581.0,8,99.85834104381267,0.1819270200227794,0.0018022529415208123,0.7157939660708504,0.11435930507223212,0.0011203185579418138,0.6285998916373884,0.449948009506833,0.006268810541971643,0.008757842115354108,6,8
10,6,9,3013.545,8,56.170339012863366,37677.0,8,53.13859048714033,0.07998367704435067,0.0014951007086194124,3013.545,8,56.170339012863366,17464.0,8,53.13859048714033,0.1725575469537334,0.0032589239456793434,0.7157939660708504,0.11174120045101603,0.0020887305279008524,0.6475590458003925,0.4635188576585184,0.012316819797488835,0.017207213781220528,6,9
10,6,10,631.2822,8,25.98623176811328,9115.0,8,25.781674722209186,0.06925750959956116,0.0028576527730613324,631.2822,8,25.98623176811328,4453.0,8,25.781674722209186,0.1417655962272625,0.005893107353773226,0.7157939660708504,0.09675620762735787,0.003992283965101876,0.6825083814570165,0.4885353812397148,0.02861376949356592,0.03997486825801726,6,10
10,6,11,0.0,8,0.0,628.0,8,0.0,0.0,,0.0,8,0.0,298.0,8,0.0,0.0,,0.7157939660708504,0.0,,,,,,6,11
10,7,1,29761.88,8,184.36763889088562,295520.0,8,188.35903651970085,0.10071020573903627,0.0006271689542916459,29761.88,8,184.36763889088562,126270.0,8,188.35903651970085,0.23570032470103747,0.0015018428602049108,0.7157939660708504,0.1406971985135005,0.0008761864223783743,0.5969325612595611,0.4272807255008121,0.0038069135437342086,0.0053184487774201135,7,1
10,7,2,17181.067,8,137.11810833088384,222854.0,8,138.54119043775393,0.07709561865616053,0.0006171461060532697,17181.067,8,137.11810833088384,96129.0,8,138.54119043775393,0.17872928044606726,0.0014494681978930596,0.7157939660708504,0.10770643831961205,0.0008621840016910448,0.6026233533240972,0.43135416012277095,0.004915334008860288,0.006866967649701814,7,2
10,7,3,10388.189400000001,8,105.6774974172463,161529.0,8,106.72425633149196,0.06431160596549228,0.0006556107808635013,10388.189400000001,8,105.6774974172463,70706.0,8,106.72425633149196,0.14692090345939526,0.0015109670401988811,0.7157939660708504,0.08984653268106288,0.0009159210777680793,0.611529949554754,0.4377294479629045,0.006338597937510837,0.008855338600162818,7,3
10,7,4,6313.8852,8,82.10485835150317,115354.0,8,81.91857971190723,0.05473486138322035,0.0007128248603809524,6313.8852,8,82.10485835150317,50433.0,8,81.91857971190723,0.125193528047112,0.0016406498699861165,0.7157939660708504,0.07646734113123636,0.0009958520107312499,0.6107930843075264,0.43720200426513167,0.008077515657343439,0.0112846936971021,7,4
10,7,5,7485.107,8,89.48436477837902,131974.0,8,89.32864203182538,0.05671652749784049,0.0006791313031247632,7485.107,8,89.48436477837902,59113.0,8,89.32864203182538,0.12662370375382742,0.0015258304223717968,0.7157939660708504,0.07923582788657735,0.0009487804246977148,0.6257582548732098,0.44791398305726887,0.007609071220535868,0.010630253370678331,7,5
10,7,6,3281.2369,8,58.83024338238029,55337.0,8,57.71544921403974,0.059295532826138024,0.0010649239979882309,3281.2369,8,58.83024338238029,25467.0,8,57.71544921403974,0.1288426944673499,0.0023284389301651866,0.7157939660708504,0.08283882742351709,0.0014877521304542862,0.6429454752245136,0.46021649167826234,0.011725523555380611,0.01638114333338764,7,6
10,7,7,1170.0168,8,35.240424307655545,20518.0,8,35.42078373860325,0.05702392046008383,0.0017203558317508002,1170.0168,8,35.240424307655545,9823.0,8,35.42078373860325,0.11910992568461774,0.0036131601521509284,0.7157939660708504,0.07966527124152861,0.0024034232101650833,0.6688382247208207,0.47875036553270295,0.020482247360584644,0.028614724811129907,7,7
10,7,8,460.74379999999996,8,22.45397866636334,7682.0,8,19.56916614194381,0.059977063264774796,0.0029269244008258343,460.74379999999996,8,22.45397866636334,3733.0,8,19.56916614194381,0.12342453790517009,0.006049694508663064,0.7157939660708504,0.08379095956061491,0.004089059896512347,0.6788841261451061,0.485941161155949,0.033610881043967734,0.04695608322666536,7,8
10,7,9,0.0,8,0.0,829.0,8,0.0,0.0,,0.0,8,0.0,391.0,8,0.0,0.0,,0.7157939660708504,0.0,,,,,,7,9
10,7,10,0.0,8,0.0,22.0,8,0.0,0.0,,0.0,8,0.0,14.0,8,0.0,0.0,,0.7157939660708504,0.0,,,,,,7,10
10,7,11,0.0,8,0.0,0.0,8,0.0,,,0.0,8,0.0,0.0,8,0.0,,,0.7157939660708504,,,,,,,7,11
10,8,1,458.8064,8,22.756191407175326,7665.0,8,26.621303438406244,0.059857325505544685,0.0029761140408232,458.8064,8,22.756191407175326,3668.0,8,26.621303438406244,0.12508353326063248,0.006270046409577446,0.7157939660708504,0.08362367991744137,0.004157780285798916,0.668542674943451,0.4785388127853882,0.03378631372907747,0.0472011714691281,8,1
10,8,2,115.4662,8,11.513960882502598,3589.0,8,14.176406451516549,0.03217224853719699,0.003210640990884207,115.4662,8,11.513960882502598,1734.0,8,14.176406451516549,0.06658950403690889,0.006662395687913045,0.7157939660708504,0.04494624160328913,0.004485426174389423,0.6749748665852289,0.4831429367511841,0.06827454805835875,0.09538296115170221,8,2
10,8,3,0.0,8,0.0,1593.0,8,0.0,0.0,,0.0,8,0.0,797.0,8,0.0,0.0,,0.7157939660708504,0.0,,,,,,8,3
10,8,4,0.0,8,0.0,577.0,8,0.0,0.0,,0.0,8,0.0,301.0,8,0.0,0.0,,0.7157939660708504,0.0,,,,,,8,4
10,8,5,0.0,8,0.0,186.0,8,4.02223,0.0,,0.0,8,0.0,100.0,8,4.02223,0.0,,0.7157939660708504,0.0,,,,,,8,5
10,8,6,0.0,8,0.0,0.0,8,0.0,,,0.0,8,0.0,0.0,8,0.0,,,0.7157939660708504,,,,,,,8,6
10,8,7,0.0,8,0.0,0.0,8,0.0,,,0.0,8,0.0,0.0,8,0.0,,,0.7157939660708504,,,,,,,8,7
10,8,8,0.0,8,0.0,0.0,8,0.0,,,0.0,8,0.0,0.0,8,0.0,,,0.7157939660708504,,,,,,,8,8
10,8,9,0.0,8,0.0,0.0,8,0.0,,,0.0,8,0.0,0.0,8,0.0,,,0.7157939660708504,,,,,,,8,9
10,8,10,0.0,8,0.0,0.0,8,0.0,,,0.0,8,0.0,0.0,8,0.0,,,0.7157939660708504,,,,,,,8,10
10,8,11,0.0,8,0.0,0.0,8,0.0,,,0.0,8,0.0,0.0,8,0.0,,,0.7157939660708504,,,,,,,8,11
11,1,1,40.7223,8,10.3036,52739020.0,8,11.071535857328016,7.721474536311065e-07,1.9536957645408555e-07,40.7223,8,10.3036,20774830.0,8,11.071535857328016,1.960174884704231e-06,4.959655506217309e-07,0.7167112965851323,1.0773479604829828e-06,2.7259173587042686e-07,0.5496182860467284,0.3939176344194488,0.14095390510954522,0.19666762025537915,1,1
11,1,2,39.638,8,8.124679494115444,19386520.0,8,8.124679494115444,2.044616568626035e-06,4.190891141954527e-07,39.638,8,8.124679494115444,7707560.0,8,8.124679494115444,5.14274296924059e-06,1.054118228625257e-06,0.7167112965851323,2.852775696947832e-06,5.847390939591148e-07,0.5547187005087852,0.3975731590816712,0.11524618529184522,0.1607986170176907,1,2
11,1,3,15.4417,8,4.2788,9110030.0,8,4.2788,1.6950218605207668e-06,4.696801218004932e-07,15.4417,8,4.2788,3636028.0,8,4.2788,4.246859485130478e-06,1.1767786166769306e-06,0.7167112965851323,2.364999503421988e-06,6.553268017936197e-07,0.5568819763645481,0.39912360332512625,0.15640451504352404,0.21822526837338055,1,3
11,1,4,0.0,8,0.0,4685619.0,8,0.0,0.0,,0.0,8,0.0,1880463.0,8,0.0,0.0,,0.7167112965851323,0.0,,,,,,1,4
11,1,5,0.0,8,0.0,3654736.0,8,0.0,0.0,,0.0,8,0.0,1489455.0,8,0.0,0.0,,0.7167112965851323,0.0,,,,,,1,5
11,1,6,0.0,8,0.0,787031.0,8,0.0,0.0,,0.0,8,0.0,335093.0,8,0.0,0.0,,0.7167112965851323,0.0,,,,,,1,6
11,1,7,0.0,8,0.0,107273.0,8,0.0,0.0,,0.0,8,0.0,47786.0,8,0.0,0.0,,0.7167112965851323,0.0,,,,,,1,7
11,1,8,0.0,8,0.0,7491.0,8,0.0,0.0,,0.0,8,0.0,3489.0,8,0.0,0.0,,0.7167112965851323,0.0,,,,,,1,8
11,1,9,0.0,8,0.0,0.0,8,0.0,,,0.0,8,0.0,0.0,8,0.0,,,0.7167112965851323,,,,,,,1,9
11,1,10,0.0,8,0.0,0.0,8,0.0,,,0.0,8,0.0,0.0,8,0.0,,,0.7167112965851323,,,,,,,1,10
11,1,11,0.0,8,0.0,0.0,8,0.0,,,0.0,8,0.0,0.0,8,0.0,,,0.7167112965851323,,,,,,,1,11
11,2,1,60683.79,8,575.0890181921056,6991451.0,8,574.3208854159841,0.008679713266959892,8.225912229348869e-05,60683.79,8,575.0890181921056,2735722.0,8,574.3208854159841,0.02218200167999526,0.00021026628689958937,0.7167112965851323,0.012110473643035288,0.00011477302323184157,0.5459594592834723,0.3912953119459752,0.0052449753254420976,0.007318114491054473,2,1
11,2,2,32083.478,8,273.247382684702,5100070.0,8,271.3382840958865,0.006290791695015951,5.357822816157676e-05,32083.478,8,273.247382684702,1999233.0,8,271.3382840958865,0.016047893367106283,0.00013669345989511473,0.7167112965851323,0.008777302276368849,7.475566300804446e-05,0.5469442047988602,0.3920010901811152,0.00472181153010196,0.006588163954718823,2,2
11,2,3,20351.824,8,167.62432108283093,3685443.0,8,168.29652305603346,0.0055222191741942555,4.548351377207819e-05,20351.824,8,167.62432108283093,1446792.0,8,168.29652305603346,0.014066862410076915,0.0001158708632587761,0.7167112965851323,0.007704942283602357,6.34614160384949e-05,0.5477370901191766,0.39256936004708254,0.004572882942653924,0.006380369563647234,2,3
11,2,4,14087.4223,8,130.29347271182428,2665912.0,8,138.00511938366634,0.005284278813404194,4.887464910204098e-05,14087.4223,8,130.29347271182428,1047151.0,8,138.00511938366634,0.013453095398848878,0.0001244392639407727,0.7167112965851323,0.007372953152241151,6.819293812572906e-05,0.5480488269541315,0.3927927853582564,0.0051380114868086494,0.007168871917171389,2,4
11,2,5,12477.93,8,120.81409150438536,3338012.0,8,120.2892469250049,0.0037381321577034474,3.6193677041682894e-05,12477.93,8,120.81409150438536,1315579.0,8,120.2892469250049,0.009484743979646985,9.183749399444406e-05,0.7167112965851323,0.005215673557141184,5.049966034319893e-05,0.5499013540411143,0.3941205124487269,0.005396724778068642,0.007529844727970754,2,5
11,2,6,2061.5908,8,47.16351931429312,1644635.0,8,52.53742101045692,0.0012535248246571427,2.867722339247391e-05,2061.5908,8,47.16351931429312,660150.0,8,52.53742101045692,0.003122912671362569,7.144407284973348e-05,0.7167112965851323,0.0017489954890200989,4.0012238580737336e-05,0.5600526409395202,0.40139605444369114,0.012986537072685995,0.018119621016945184,2,6
11,2,7,10.126,8,3.53173,638813.0,8,15.260524542390408,1.5851274160043705e-05,5.528581929741858e-06,10.126,8,3.53173,266193.0,8,15.260524542390408,3.80400686719786e-05,1.3267554172008304e-05,0.7167112965851323,2.211667966665133e-05,7.713819994303888e-06,0.5814048301900965,0.41669940968640273,0.2055357906104733,0.28677626764050784,2,7
11,2,8,0.0,8,0.0,203944.0,8,0.0,0.0,,0.0,8,0.0,89486.0,8,0.0,0.0,,0.7167112965851323,0.0,,,,,,2,8
11,2,9,0.0,8,0.0,14477.0,8,0.0,0.0,,0.0,8,0.0,6717.0,8,0.0,0.0,,0.7167112965851323,0.0,,,,,,2,9
11,2,10,0.0,8,0.0,177.0,8,0.0,0.0,,0.0,8,0.0,92.0,8,0.0,0.0,,0.7167112965851323,0.0,,,,,,2,10
11,2,11,0.0,8,0.0,0.0,8,0.0,,,0.0,8,0.0,0.0,8,0.0,,,0.7167112965851323,,,,,,,2,11
11,3,1,118804.2,8,603.9980954142156,3698370.0,8,615.4583447066096,0.03212339490099692,0.00016340214298389875,118804.2,8,603.9980954142156,1443310.0,8,615.4583447066096,0.08231370945950627,0.00041995064580698573,0.7167112965851323,0.044820550553693196,0.0002279887923665363,0.5445089384015963,0.3902557072440021,0.002811553902146632,0.0039228541750948535,3,1
11,3,2,79532.29,8,379.3720400344891,2913417.0,8,372.14850640169175,0.027298629066831146,0.00013026217692665577,79532.29,8,379.3720400344891,1135802.0,8,372.14850640169175,0.07002302337907487,0.0003347995323284368,0.7167112965851323,0.038088738376106455,0.0001817498587608532,0.5439459271832668,0.3898521907437212,0.002633456496713463,0.0036743616422134293,3,2
11,3,3,49093.55,8,260.9944729318803,2255411.0,8,259.3511338438681,0.02176700831910459,0.0001157463183259864,49093.55,8,260.9944729318803,881145.0,8,259.3511338438681,0.05571563136600673,0.0002966528497186373,0.7167112965851323,0.030370678434700888,0.0001614964336092864,0.5451015754481905,0.390680456910071,0.0029398611745062517,0.004101876429900877,3,3
11,3,4,35935.726,8,203.4100260540517,1721636.0,8,212.8448002619749,0.020873010322739534,0.00011817744126320877,35935.726,8,203.4100260540517,673854.0,8,212.8448002619749,0.05332865279422546,0.000302330293560347,0.7167112965851323,0.02912331704856866,0.00016488848693508966,0.5461101213440402,0.3914032931467511,0.003135991921060876,0.004375530197448724,3,4
11,3,5,47539.66,8,234.2118831188119,2243419.0,8,235.1269593686781,0.02119071827420558,0.00010442314826455059,47539.66,8,234.2118831188119,883064.0,8,235.1269593686781,0.053834897583867086,0.00026561346284544946,0.7167112965851323,0.029566602863902964,0.00014569764528909866,0.5492088624826009,0.39362419592595055,0.002744830924074374,0.0038297581427172854,3,5
11,3,6,20717.367,8,150.4417338837199,1179844.0,8,150.21952810447115,0.017559412091768062,0.00012752945026291683,20717.367,8,150.4417338837199,470578.0,8,150.21952810447115,0.044025362426632776,0.0003200043964760295,0.7167112965851323,0.024499979525134108,0.00017793698923199356,0.5564969411884512,0.398847644264835,0.004098253905866952,0.0057181377290878984,3,6
11,3,7,7438.162,8,89.13972593002515,575581.0,8,87.53600149384252,0.012922876189450313,0.00015488159516512549,7438.162,8,89.13972593002515,233701.0,8,87.53600149384252,0.0318276858036551,0.00038161263615637235,0.7167112965851323,0.018030797408974994,0.0002161003962168306,0.56651298872959,0.40602625868470293,0.006883325297790601,0.00960404186537471,3,7
11,3,8,2500.6241,8,51.548262311255456,286805.0,8,52.55450011787764,0.008718899949443002,0.0001797398889150311,2500.6241,8,51.548262311255456,121153.0,8,52.55450011787764,0.02064021609039809,0.00042557488601327383,0.7167112965851323,0.012165149329981789,0.0002507842275842812,0.589390599240919,0.4224229005770472,0.012316426487311643,0.017184641216058567,3,8
11,3,9,133.9976,8,12.446793848718633,46828.0,8,15.113571190985935,0.0028614845818740924,0.00026579971344671045,133.9976,8,12.446793848718633,20991.0,8,15.113571190985935,0.006383573912629222,0.0005929764070065913,0.7167112965851323,0.003992520552568408,0.0003708602260256662,0.6254365669158511,0.4482574528060135,0.058885833606582755,0.08216116292174026,3,9
11,3,10,0.0,8,0.0,3562.0,8,0.0,0.0,,0.0,8,0.0,1632.0,8,0.0,0.0,,0.7167112965851323,0.0,,,,,,3,10
11,3,11,0.0,8,0.0,0.0,8,0.0,,,0.0,8,0.0,0.0,8,0.0,,,0.7167112965851323,,,,,,,3,11
11,4,1,129708.78,8,507.09863394314124,2361039.0,8,526.608226871742,0.0549371611396508,0.0002151269898679558,129708.78,8,507.09863394314124,921453.0,8,526.608226871742,0.1407654866824461,0.0005561738602302398,0.7167112965851323,0.07665173048256156,0.00030015850300247444,0.5445349729474581,0.39027436649712266,0.0021710271455326014,0.003029151564760808,4,1
11,4,2,77466.94,8,330.8668728999626,1898466.0,8,330.5709007825855,0.04080501836746089,0.00017442594232387203,77466.94,8,330.8668728999626,740055.0,8,330.5709007825855,0.10467727398639291,0.00044952256160348274,0.7167112965851323,0.056933689425410064,0.0002433698801106498,0.5438973261073929,0.38981735780361615,0.002361983027311996,0.0032955850404004835,4,2
11,4,3,53274.78999999999,8,269.5275602323814,1496925.0,8,258.6972285712006,0.03558948511114451,0.00018015916997882246,53274.78999999999,8,269.5275602323814,586311.0,8,258.6972285712006,0.09086438767138941,0.0004614456343576698,0.7167112965851323,0.0496566543330842,0.00025136923449820746,0.5464919272076892,0.39167693772233075,0.0028085028345408987,0.0039185971365630606,4,3
11,4,4,38426.6,8,208.96027674495934,1150754.0,8,211.80358512893494,0.0333925408905813,0.00018168951515993306,38426.6,8,208.96027674495934,453157.0,8,211.80358512893494,0.08479754257354515,0.0004628213135729585,0.7167112965851323,0.04659134165972347,0.0002535044668970857,0.5494421211477287,0.393791375046274,0.003034851799344172,0.004234413234176903,4,4
11,4,5,52210.09,8,241.61212768532542,1508469.0,8,243.2770635813208,0.03461131120361108,0.00016026766429815976,52210.09,8,241.61212768532542,599250.0,8,243.2770635813208,0.08712572382144347,0.00040473934660827966,0.7167112965851323,0.04829184550114019,0.00022361537352875093,0.5542776964482968,0.3972570864896793,0.0026056508580953926,0.0036355654927030835,4,5
11,4,6,28651.43,8,175.74480770293044,800868.0,8,175.14696968668912,0.03577547111384148,0.00021958234675074125,28651.43,8,175.74480770293044,321317.0,8,175.14696968668912,0.08916873368044641,0.0005491068842885666,0.7167112965851323,0.049916153525552814,0.0003063748929268605,0.5597943524064961,0.4012109361342943,0.003488326411281866,0.00486712910470711,4,6
11,4,7,12914.446,8,117.54843952018248,387117.0,8,113.89360173104546,0.03336057574325075,0.0003038095217420057,12914.446,8,117.54843952018248,157763.0,8,113.89360173104546,0.08185978968452678,0.0007474350574197773,0.7167112965851323,0.04654674190598322,0.0004238938652000424,0.5686154592549794,0.40753312306098677,0.005255499434660577,0.007332798380186154,4,7
11,4,8,6329.7469,8,81.94857409785786,196824.0,8,76.94466711680089,0.03215942618786327,0.00041654435021810205,6329.7469,8,81.94857409785786,83603.0,8,76.94466711680089,0.07571195890099637,0.0009826846156476118,0.7167112965851323,0.04487082363720399,0.000581188481614262,0.5926517328111753,0.42476019184652286,0.0077886212402469256,0.010867166845781364,4,8
11,4,9,1069.228,8,34.04625197609863,35094.0,8,32.15238247161476,0.03046754430956859,0.0009705460195676864,1069.228,8,34.04625197609863,15740.0,8,32.15238247161476,0.06793062261753495,0.002167486538714639,0.7167112965851323,0.04251020523150021,0.0013541659301199575,0.6257885412127379,0.4485097167606998,0.020221896983829004,0.02821484338279439,4,9
11,4,10,23.88404,8,5.391343401899011,3335.0,8,8.190052377201258,0.007161631184407795,0.0016166903900819063,23.88404,8,5.391343401899011,1503.0,8,8.190052377201258,0.015890911510312706,0.0035880998380834863,0.7167112965851323,0.009992351478943269,0.0022557065833688486,0.6288092078581234,0.4506746626686657,0.14389425444269943,0.2007701777944662,4,10
11,4,11,0.0,8,0.0,0.0,8,0.0,,,0.0,8,0.0,0.0,8,0.0,,,0.7167112965851323,,,,,,,4,11
11,5,1,107015.19,8,386.52319480072606,1401283.0,8,397.1291247321959,0.07636943429699783,0.00027668303425574983,107015.19,8,386.52319480072606,554298.0,8,397.1291247321959,0.19306436249093448,0.0007109067310767492,0.7167112965851323,0.10655536568332367,0.0003860453094210228,0.5519162848520378,0.3955646361227533,0.002043373607382283,0.0028510414404212857,5,1
11,5,2,57607.82,8,267.9216664235836,1088891.0,8,271.14965265884075,0.05290503824533401,0.00024640246792490033,57607.82,8,267.9216664235836,431660.0,8,271.14965265884075,0.13345647037019875,0.0006263132731293482,0.7167112965851323,0.07381638673397113,0.0003437959874483884,0.55311208612973,0.39642168040694614,0.0026210703678731474,0.003657079747956521,5,2
11,5,3,37616.740000000005,8,208.2229139242845,837697.0,8,213.94135193049988,0.044904947731697745,0.00024883033054872615,37616.740000000005,8,208.2229139242845,333061.0,8,213.94135193049988,0.1129424940176124,0.0006293748534974406,0.7167112965851323,0.06265416485780735,0.0003471834917829701,0.5547439464904766,0.3975912531619428,0.0031245380791708674,0.004359549087698422,5,3
11,5,4,27168.047,8,173.6582246439828,633825.0,8,175.14706105407535,0.042863640594801404,0.0002742404077657882,27168.047,8,173.6582246439828,252905.0,8,175.14706105407535,0.1074239220260572,0.0006906724057415601,0.7167112965851323,0.05980600668502227,0.0003826372056258128,0.5567289441407238,0.3990139234015699,0.0036191984957825397,0.0050497299442979334,5,4
11,5,5,36842.532,8,203.33238809132203,820501.0,8,200.19753235487195,0.044902482751392137,0.00024805698219029966,36842.532,8,203.33238809132203,329138.0,8,200.19753235487195,0.11193642788131422,0.0006215129765109753,0.7167112965851323,0.06265072556458377,0.00034610446824572265,0.5596991680939837,0.401142716462259,0.0031419308192209925,0.004383816516066017,5,5
11,5,6,20140.264,8,146.45104771687363,411724.0,8,143.16811402599393,0.048916905499800836,0.0003561084688386714,20140.264,8,146.45104771687363,167696.0,8,143.16811402599393,0.12009984734281079,0.0008793112168648099,0.7167112965851323,0.06825189686959314,0.0004968645960171107,0.5682929527360362,0.40730197899563786,0.0042052981449399295,0.00586749248264488,5,6
11,5,7,9175.006,8,97.99416500593287,174748.0,8,92.40751891783482,0.05250421177924783,0.000561461073656582,9175.006,8,97.99416500593287,73567.0,8,92.40751891783482,0.124716326613835,0.0013412199447541842,0.7167112965851323,0.073257128817993,0.0007833852714917974,0.5873900459305739,0.4209890814201021,0.006384698436062467,0.008908326778834411,5,7
11,5,8,3899.7312,8,64.30780089905501,73081.0,8,62.03891263870201,0.05336176571201817,0.0008811176011010053,3899.7312,8,64.30780089905501,31762.0,8,62.03891263870201,0.1227797745733896,0.0020388308595623403,0.7167112965851323,0.07445364118895224,0.0012293898607419877,0.6063998850596423,0.4346136478701714,0.01017772801922715,0.014200596624778076,5,8
11,5,9,323.2018,8,18.872550691631485,9422.0,8,22.80628409973225,0.034302886860539165,0.0020047504208395494,323.2018,8,18.872550691631485,4275.0,8,22.80628409973225,0.07560276023391813,0.004433017612339276,0.7167112965851323,0.0478615127513406,0.00279715197791838,0.6330656791267285,0.4537253237104649,0.03756253736827288,0.05240957906934724,5,9
11,5,10,0.0,8,0.0,409.0,8,0.0,0.0,,0.0,8,0.0,187.0,8,0.0,0.0,,0.7167112965851323,0.0,,,,,,5,10
11,5,11,0.0,8,0.0,0.0,8,0.0,,,0.0,8,0.0,0.0,8,0.0,,,0.7167112965851323,,,,,,,5,11
11,6,1,58402.799999999996,8,269.68226501180976,586777.0,8,277.13062977381264,0.09953150856287822,0.00046199699010544636,58402.799999999996,8,269.68226501180976,234770.0,8,277.13062977381264,0.24876602632363587,0.0011856485313245888,0.7167112965851323,0.1388725265488482,0.0006446068204961933,0.5582455474373335,0.4001008901166883,0.0026618414534267964,0.0037139660922180222,6,1
11,6,2,31814.03,8,191.34384479300607,440769.0,8,190.97624970584693,0.07217846536394347,0.00043523867151091454,31814.03,8,191.34384479300607,177138.0,8,190.97624970584693,0.17960025516828687,0.0010974139391748757,0.7167112965851323,0.10070786620477103,0.0006072719567623224,0.5607334249631603,0.4018839800439686,0.0034500577118671545,0.004813734244605072,6,2
11,6,3,17734.874,8,140.5660351048574,320133.0,8,140.90143652848258,0.05539845626661419,0.00043976283813060334,17734.874,8,140.5660351048574,129421.0,8,140.90143652848258,0.13703242904938148,0.001096312890897254,0.7167112965851323,0.07729535802012276,0.0006135843542942782,0.5640661743817468,0.4042725992009571,0.004556296052772531,0.006357226507356055,6,3
11,6,4,11069.641,8,109.29013915317339,221377.0,8,109.64233173874952,0.05000357309024876,0.0004943041371700903,11069.641,8,109.29013915317339,90714.0,8,109.64233173874952,0.12202792292259187,0.0012137713687833352,0.7167112965851323,0.06976808280893232,0.0006896837534517302,0.5717386737229768,0.4097715661518586,0.005746407284717471,0.00801774342346354,6,4
11,6,5,12428.604,8,115.75965014010711,238063.0,8,115.89023921055474,0.05220720565564577,0.00048692008101400655,12428.604,8,115.75965014010711,99660.0,8,115.89023921055474,0.12471005418422636,0.0011705636683849196,0.7167112965851323,0.07284272747533638,0.0006793810608734688,0.5840966708885426,0.41862868232358663,0.00553934976858599,0.007728843950107901,6,5
11,6,6,4731.8122,8,70.5451701696693,84364.0,8,71.56294032690734,0.05608804940495946,0.0008375523412150605,4731.8122,8,70.5451701696693,36445.0,8,71.56294032690734,0.12983433118397586,0.001952377775591295,0.7167112965851323,0.07825752108582429,0.001168604911357881,0.602749060068966,0.43199706035749846,0.009155014762512239,0.012773643733721711,6,6
11,6,7,1387.7289999999998,8,38.501280307023556,23538.0,8,37.727236890607294,0.058956963208428914,0.0016384347467478001,1387.7289999999998,8,38.501280307023556,10591.0,8,37.727236890607294,0.1310290812954395,0.003665124571093947,0.7167112965851323,0.08226040734858976,0.0022860456568137596,0.6278026720122692,0.44995326705752403,0.01774167224552845,0.024754280182356612,6,7
11,6,8,241.2944,8,16.31408164961485,5344.0,8,17.8322613725405,0.04515239520958084,0.003056500529512438,241.2944,8,16.31408164961485,2453.0,8,17.8322613725405,0.09836706074194863,0.006688998117160468,0.7167112965851323,0.06299941890788595,0.004264618883608431,0.640452387544196,0.4590194610778443,0.04404289478515329,0.061451375184124496,6,8
11,6,9,0.0,8,0.0,111.0,8,0.0,0.0,,0.0,8,0.0,54.0,8,0.0,0.0,,0.7167112965851323,0.0,,,,,,6,9
11,6,10,0.0,8,0.0,0.0,8,0.0,,,0.0,8,0.0,0.0,8,0.0,,,0.7167112965851323,,,,,,,6,10
11,6,11,0.0,8,0.0,0.0,8,0.0,,,0.0,8,0.0,0.0,8,0.0,,,0.7167112965851323,,,,,,,6,11
11,7,1,8553.502,8,97.68598012478556,77616.0,8,107.25565544585515,0.11020281900639044,0.00126776021014731,8553.502,8,97.68598012478556,33286.0,8,107.25565544585515,0.256969957339422,0.0030493205710262197,0.7167112965851323,0.153761799948552,0.0017688575807130774,0.5983648888008094,0.4288548752834467,0.007087816223913307,0.009889360273354367,7,1
11,7,2,3467.689,8,61.262542243282724,42252.0,8,65.9338499664626,0.08207159424405945,0.001455577646651044,3467.689,8,61.262542243282724,18405.0,8,65.9338499664626,0.1884101602825319,0.003396324983480826,0.7167112965851323,0.11451137248024502,0.0020309121030829846,0.6077770556987405,0.4356006816245385,0.011015544605596646,0.01536957022734495,7,2
11,7,3,1161.17508,8,35.384369190525355,21454.0,8,39.27424020916254,0.05412394332059289,0.0016522867775602597,1161.17508,8,35.384369190525355,9644.0,8,39.27424020916254,0.12040388635420987,0.0037016743673345953,0.7167112965851323,0.07551707860399819,0.002305372868312252,0.6271980157005768,0.4495199030483826,0.019475838789091857,0.02717389677250396,7,3
11,7,4,468.0108,8,22.65207874907952,10061.0,8,22.119020482216204,0.04651732432163801,0.002253795328090267,468.0108,8,22.65207874907952,4603.0,8,22.119020482216204,0.10167516836845536,0.004945349975031172,0.7167112965851323,0.06490385255998625,0.003144634860408618,0.6383451692431386,0.4575091939171056,0.031409237444280654,0.04382411382928413,7,4
11,7,5,155.404,8,13.011459773438183,5989.0,8,19.24321189581147,0.025948238437134747,0.002174158847432678,155.404,8,13.011459773438183,2672.0,8,19.24321189581147,0.05816017964071856,0.004887539265587152,0.7167112965851323,0.03620458971522931,0.0030335211092552207,0.6224979004343049,0.44615127734179333,0.05294464480121858,0.07387164825429775,7,5
11,7,6,0.0,8,0.0,509.0,8,3.49655,0.0,,0.0,8,0.0,225.0,8,3.49655,0.0,,0.7167112965851323,0.0,,,,,,7,6
11,7,7,0.0,8,0.0,3.0,8,0.0,0.0,,0.0,8,0.0,1.0,8,0.0,0.0,,0.7167112965851323,0.0,,,,,,7,7
11,7,8,0.0,8,0.0,0.0,8,0.0,,,0.0,8,0.0,0.0,8,0.0,,,0.7167112965851323,,,,,,,7,8
11,7,9,0.0,8,0.0,0.0,8,0.0,,,0.0,8,0.0,0.0,8,0.0,,,0.7167112965851323,,,,,,,7,9
11,7,10,0.0,8,0.0,0.0,8,0.0,,,0.0,8,0.0,0.0,8,0.0,,,0.7167112965851323,,,,,,,7,10
11,7,11,0.0,8,0.0,0.0,8,0.0,,,0.0,8,0.0,0.0,8,0.0,,,0.7167112965851323,,,,,,,7,11
11,8,1,0.0,8,0.0,19.5868,8,5.226305812340108,0.0,,0.0,8,0.0,19.5868,8,5.226305812340108,0.0,,0.7167112965851323,0.0,,,,,,8,1
11,8,2,0.0,8,0.0,19.70018,8,4.804854307062806,0.0,,0.0,8,0.0,19.70018,8,4.804854307062806,0.0,,0.7167112965851323,0.0,,,,,,8,2
11,8,3,0.0,8,0.0,0.0,8,0.0,,,0.0,8,0.0,0.0,8,0.0,,,0.7167112965851323,,,,,,,8,3
11,8,4,0.0,8,0.0,0.0,8,0.0,,,0.0,8,0.0,0.0,8,0.0,,,0.7167112965851323,,,,,,,8,4
11,8,5,0.0,8,0.0,0.0,8,0.0,,,0.0,8,0.0,0.0,8,0.0,,,0.7167112965851323,,,,,,,8,5
11,8,6,0.0,8,0.0,0.0,8,0.0,,,0.0,8,0.0,0.0,8,0.0,,,0.7167112965851323,,,,,,,8,6
11,8,7,0.0,8,0.0,0.0,8,0.0,,,0.0,8,0.0,0.0,8,0.0,,,0.7167112965851323,,,,,,,8,7
11,8,8,0.0,8,0.0,0.0,8,0.0,,,0.0,8,0.0,0.0,8,0.0,,,0.7167112965851323,,,,,,,8,8
11,8,9,0.0,8,0.0,0.0,8,0.0,,,0.0,8,0.0,0.0,8,0.0,,,0.7167112965851323,,,,,,,8,9
11,8,10,0.0,8,0.0,0.0,8,0.0,,,0.0,8,0.0,0.0,8,0.0,,,0.7167112965851323,,,,,,,8,10
11,8,11,0.0,8,0.0,0.0,8,0.0,,,0.0,8,0.0,0.0,8,0.0,,,0.7167112965851323,,,,,,,8,11
12,1,1,0.0,8,0.0,54614320.0,8,0.0,0.0,,0.0,8,0.0,20976430.0,8,0.0,0.0,,0.7514859863263591,0.0,,,,,,1,1
12,1,2,0.0,8,0.0,17347670.0,8,0.0,0.0,,0.0,8,0.0,6679266.0,8,0.0,0.0,,0.7514859863263591,0.0,,,,,,1,2
12,1,3,0.0,8,0.0,6736030.0,8,0.0,0.0,,0.0,8,0.0,2629327.0,8,0.0,0.0,,0.7514859863263591,0.0,,,,,,1,3
12,1,4,0.0,8,0.0,2641674.0,8,0.0,0.0,,0.0,8,0.0,1051370.0,8,0.0,0.0,,0.7514859863263591,0.0,,,,,,1,4
12,1,5,0.0,8,0.0,1239089.0,8,0.0,0.0,,0.0,8,0.0,509841.0,8,0.0,0.0,,0.7514859863263591,0.0,,,,,,1,5
12,1,6,0.0,8,0.0,91764.0,8,0.0,0.0,,0.0,8,0.0,40152.0,8,0.0,0.0,,0.7514859863263591,0.0,,,,,,1,6
12,1,7,0.0,8,0.0,1659.0,8,0.0,0.0,,0.0,8,0.0,760.0,8,0.0,0.0,,0.7514859863263591,0.0,,,,,,1,7
12,1,8,0.0,8,0.0,0.0,8,0.0,,,0.0,8,0.0,0.0,8,0.0,,,0.7514859863263591,,,,,,,1,8
12,1,9,0.0,8,0.0,0.0,8,0.0,,,0.0,8,0.0,0.0,8,0.0,,,0.7514859863263591,,,,,,,1,9
12,1,10,0.0,8,0.0,0.0,8,0.0,,,0.0,8,0.0,0.0,8,0.0,,,0.7514859863263591,,,,,,,1,10
12,1,11,0.0,8,0.0,0.0,8,0.0,,,0.0,8,0.0,0.0,8,0.0,,,0.7514859863263591,,,,,,,1,11
12,2,1,22714.07,8,309.10678186342017,9032500.0,8,319.57148733108215,0.00251470467755328,3.4221735567485485e-05,22714.07,8,309.10678186342017,3427707.0,8,319.57148733108215,0.006626607816829152,9.018099733149069e-05,0.7514859863263591,0.0033463094765697754,4.553875413536121e-05,0.5049807637734917,0.37948596734016055,0.007303484678977374,0.009718723717897221,2,1
12,2,2,9556.901,8,130.41119765234885,6331967.0,8,129.9400982710495,0.0015093099821903682,2.0595708272085057e-05,9556.901,8,130.41119765234885,2405276.0,8,129.9400982710495,0.003973307429168212,5.421923290152567e-05,0.7514859863263591,0.0020084339690333193,2.7406643166783752e-05,0.5054816434009922,0.3798623713610636,0.0073306252143536315,0.009754839541572037,2,2
12,2,3,5183.1810000000005,8,80.52036519371978,4119055.0,8,81.67585578322642,0.0012583422653982528,1.9548277647529323e-05,5183.1810000000005,8,80.52036519371978,1576692.0,8,81.67585578322642,0.0032873769892915045,5.10694624282586e-05,0.7514859863263591,0.001674472030476126,2.6012830582631516e-05,0.5093641635658611,0.38278003085659207,0.008409593742706062,0.011190619513500684,2,3
12,2,4,3692.934,8,64.77901411715062,2663603.0,8,64.34058422317906,0.0013864430998163015,2.4320094074498257e-05,3692.934,8,64.77901411715062,1026068.0,8,64.34058422317906,0.0035991123395330525,6.313365977384354e-05,0.7514859863263591,0.0018449354013824418,3.236267144965283e-05,0.5126084510109521,0.38521806740719244,0.009556217535498217,0.012716428129570067,2,4
12,2,5,2654.61,8,54.28982761890113,2406296.0,8,53.02145661345414,0.001103193455834195,2.2561588071294273e-05,2654.61,8,54.28982761890113,949599.0,8,53.02145661345414,0.002795506313717685,5.717153235813921e-05,0.7514859863263591,0.0014680160054975325,3.0022633131971822e-05,0.5251342121081632,0.39463100133981854,0.011413658370585963,0.015188118711809459,2,5
12,2,6,24.4972,8,5.17687098838671,588560.0,8,14.466941120990299,4.1622264509990485e-05,8.795825444145054e-06,24.4972,8,5.17687098838671,244093.0,8,14.466941120990299,0.000100360108647114,2.1208601606711253e-05,0.7514859863263591,5.5386614344548216e-05,1.1704576804077834e-05,0.5518787802362641,0.41472916949843686,0.12394542020327166,0.1649337744928274,2,6
12,2,7,0.0,8,0.0,91385.0,8,0.0,0.0,,0.0,8,0.0,39529.0,8,0.0,0.0,,0.7514859863263591,0.0,,,,,,2,7
12,2,8,0.0,8,0.0,6724.0,8,0.0,0.0,,0.0,8,0.0,2969.0,8,0.0,0.0,,0.7514859863263591,0.0,,,,,,2,8
12,2,9,0.0,8,0.0,0.0,8,0.0,,,0.0,8,0.0,0.0,8,0.0,,,0.7514859863263591,,,,,,,2,9
12,2,10,0.0,8,0.0,0.0,8,0.0,,,0.0,8,0.0,0.0,8,0.0,,,0.7514859863263591,,,,,,,2,10
12,2,11,0.0,8,0.0,0.0,8,0.0,,,0.0,8,0.0,0.0,8,0.0,,,0.7514859863263591,,,,,,,2,11
12,3,1,100818.05,8,580.6738388837575,4741793.0,8,593.64940155954,0.021261588179829868,0.000122487633303304,100818.05,8,580.6738388837575,1804710.0,8,593.64940155954,0.055863850701774805,0.0003222789748834138,0.7514859863263591,0.028292727431641393,0.00016299390212462254,0.506458596681423,0.38059653806060284,0.0031029792048445012,0.004129124509710982,3,1
12,3,2,51370.18,8,301.7425846296309,3484451.0,8,297.1541285828114,0.014742689737924282,8.660600612770374e-05,51370.18,8,301.7425846296309,1330091.0,8,297.1541285828114,0.03862155296141392,0.00022702262990697642,0.7514859863263591,0.019618050111611468,0.00011524633553192042,0.507956014384287,0.3817218264799821,0.0031722498392735567,0.004221302721533248,3,2
12,3,3,26658.898,8,184.05496003224144,2494436.0,8,184.78785527642233,0.010687344954931696,7.3790449994712e-05,26658.898,8,184.05496003224144,959912.0,8,184.78785527642233,0.027772231204527084,0.0001918160133846214,0.7514859863263591,0.014221615771142726,9.819271594861905e-05,0.5120804182569421,0.3848212581922326,0.0037581687321088316,0.005000983119433334,3,3
12,3,4,17817.1923,8,141.8665453676095,1731224.0,8,144.42899727952835,0.010291673578924507,8.195030346465567e-05,17817.1923,8,141.8665453676095,668450.0,8,144.42899727952835,0.026654487695414765,0.00021231022229894404,0.7514859863263591,0.013695097135790084,0.00010905100687940957,0.5138008012866809,0.3861141019301951,0.004348737927445748,0.005786851660008409,3,4
12,3,5,20755.079999999998,8,151.23306669128283,1744235.0,8,153.62127743238727,0.011899245227850604,8.671085823205589e-05,20755.079999999998,8,151.23306669128283,683751.0,8,153.62127743238727,0.03035473439892592,0.00022128661066696893,0.7514859863263591,0.015834287590670973,0.00011538586189203888,0.5216414475111091,0.3920062376915955,0.004040632734543602,0.005376857064622382,3,5
12,3,6,6136.44,8,80.87526341372867,562924.0,8,78.83965732637351,0.010901009727778526,0.00014367806261421555,6136.44,8,80.87526341372867,227653.0,8,78.83965732637351,0.02695523450163187,0.00035537936918139635,0.7514859863263591,0.01450593880142481,0.00019119193867684223,0.5381492340772113,0.4044116079612878,0.007539196044223781,0.010032384078217023,3,6
12,3,7,980.0514000000001,8,32.456057473143595,138976.0,8,33.224816424630546,0.007051947098779646,0.00023354322447348072,980.0514000000001,8,32.456057473143595,58712.0,8,33.224816424630546,0.016692522823272927,0.0005528817900001317,0.7514859863263591,0.009384003463927657,0.00031077522232338264,0.5621680774846305,0.4224614321897306,0.01978729065964805,0.026330884433891137,3,7
12,3,8,38.81,8,6.444724925433203,24871.0,8,11.446377125051402,0.00156045193196896,0.00025912708282505443,38.81,8,6.444724925433203,10895.0,8,11.446377125051402,0.0035621844882973842,0.0005915423504134937,0.7514859863263591,0.0020764883981366474,0.00034481958085711984,0.5829255629399323,0.43806039162076316,0.10287619844197284,0.1368970284394568,3,8
12,3,9,0.0,8,0.0,70.0,8,0.0,0.0,,0.0,8,0.0,38.0,8,0.0,0.0,,0.7514859863263591,0.0,,,,,,3,9
12,3,10,0.0,8,0.0,0.0,8,0.0,,,0.0,8,0.0,0.0,8,0.0,,,0.7514859863263591,,,,,,,3,10
12,3,11,0.0,8,0.0,0.0,8,0.0,,,0.0,8,0.0,0.0,8,0.0,,,0.7514859863263591,,,,,,,3,11
12,4,1,126851.8,8,535.9916406213813,2688580.0,8,547.5983629486121,0.04718170930379606,0.00019959011304093252,126851.8,8,535.9916406213813,1033285.0,8,547.5983629486121,0.12276554871114939,0.0005227900140904334,0.7514859863263591,0.06278454976179124,0.0002655939254657685,0.5114183125553793,0.38432369503604136,0.002306880062155992,0.003069757925138672,4,1
12,4,2,58027.82,8,292.81975328003404,2023648.0,8,300.85240615931593,0.028674858473410395,0.0001447617403290374,58027.82,8,292.81975328003404,779004.0,8,300.85240615931593,0.07448975871754189,0.00037698917015599763,0.7514859863263591,0.038157542515978915,0.00019263398514815356,0.5122521964484904,0.3849503470959376,0.002751774198094594,0.0036617771297993832,4,2
12,4,3,33961.43,8,201.1262580031757,1442483.0,8,201.8133073305871,0.023543729804787993,0.00013946949428814584,33961.43,8,201.1262580031757,558174.0,8,201.8133073305871,0.060843804978375916,0.00036099986510022727,0.7514859863263591,0.03132956599747331,0.00018559161025735526,0.5149179281047255,0.3869536070789049,0.003244303583509797,0.0043171844086801695,4,3
12,4,4,20328.11,8,150.31937430155168,954315.0,8,152.05252175662855,0.021301257970376658,0.00015755202885512167,20328.11,8,150.31937430155168,372956.0,8,152.05252175662855,0.05450538401312756,0.0004036606642555034,0.7514859863263591,0.02834551589512388,0.00020965398120770704,0.5200498337613197,0.39081016226298443,0.004090523696548376,0.005443246808293672,4,4
12,4,5,22385.561,8,156.23151039038189,953870.0,8,155.96410750371382,0.023468146602786545,0.00016383194766456813,22385.561,8,156.23151039038189,379652.0,8,155.96410750371382,0.058963369085372926,0.00041222469755072344,0.7514859863263591,0.03122898767215957,0.00021801064909468366,0.5296337057494661,0.3980123077568222,0.003932307660190348,0.00523270923442424,4,5
12,4,6,8392.87,8,94.77065170009121,308874.0,8,94.77442174695923,0.027172471622732897,0.0003069395114540034,8392.87,8,94.77065170009121,127532.0,8,94.77442174695923,0.06580991437443152,0.0007447203015893555,0.7514859863263591,0.03615832113592109,0.0004084434268088988,0.549435772400417,0.4128932833453123,0.00660185414374865,0.008785066207317888,4,6
12,4,7,2127.869,8,47.435171675350766,77580.0,8,48.85517929994731,0.027428061356019596,0.000611679490405981,2127.869,8,47.435171675350766,32963.0,8,48.85517929994731,0.06455325668173408,0.0014422199461831286,0.7514859863263591,0.03649843357705409,0.0008139599427478049,0.5654003446642786,0.4248904356792988,0.013412612598469518,0.017848120713517365,4,7
12,4,8,204.4738,8,14.948539249976902,13991.0,8,20.52992859691431,0.014614666571367308,0.0010686548522799459,204.4738,8,14.948539249976902,6253.0,8,20.52992859691431,0.03270011194626579,0.0023930283408652975,0.7514859863263591,0.01944769009307963,0.0014220555961450027,0.5947285478727687,0.44693016939461083,0.04623579367145351,0.06152582285330069,4,8
12,4,9,0.0,8,0.0,30.0,8,0.0,0.0,,0.0,8,0.0,16.0,8,0.0,0.0,,0.7514859863263591,0.0,,,,,,4,9
12,4,10,0.0,8,0.0,0.0,8,0.0,,,0.0,8,0.0,0.0,8,0.0,,,0.7514859863263591,,,,,,,4,10
12,4,11,0.0,8,0.0,0.0,8,0.0,,,0.0,8,0.0,0.0,8,0.0,,,0.7514859863263591,,,,,,,4,11
12,5,1,96242.15,8,407.19730534963026,1271940.0,8,416.7553327805177,0.07566563674387156,0.00032109730480885085,96242.15,8,407.19730534963026,495010.0,8,416.7553327805177,0.1944246580877154,0.0008387321630565136,0.7514859863263591,0.10068802096199184,0.0004272831571730775,0.517876806122843,0.38917716244476935,0.0023550308566590264,0.0031338320334775636,5,1
12,5,2,43795.91,8,239.1267235714988,862369.0,8,244.55965020998457,0.050785580186671835,0.00027766426301615037,43795.91,8,239.1267235714988,336499.0,8,244.55965020998457,0.1301516794997905,0.0007168991211276674,0.7514859863263591,0.06758020922643848,0.0003694869472862864,0.5192419297712348,0.39020303373613846,0.0030283464660351357,0.004029810962728945,5,2
12,5,3,21148.54,8,156.8571220908697,557043.0,8,159.01694970901687,0.03796572257437936,0.0002817973842551275,21148.54,8,156.8571220908697,219357.0,8,159.01694970901687,0.09641151182775111,0.0007184843111335032,0.7514859863263591,0.050520865678380614,0.0003749868785081338,0.5240127939144988,0.3937882712824683,0.00414186906500221,0.0055115719259779495,5,3
12,5,4,11419.487,8,112.11753933519947,343456.0,8,115.03091766707766,0.03324876257803037,0.00032662918905411383,11419.487,8,112.11753933519947,137190.0,8,115.03091766707766,0.08323847948101173,0.0008202176241571634,0.7514859863263591,0.044244022088245474,0.0004346444178564677,0.5315332808108102,0.3994398117953973,0.0055578854264836525,0.007395860372132005,5,4
12,5,5,10620.997,8,107.45915321507051,306950.0,8,108.84242823214667,0.034601716892001956,0.00035030177250625397,10620.997,8,107.45915321507051,125389.0,8,108.84242823214667,0.08470437598194419,0.0008601545382780181,0.7514859863263591,0.04604439406934589,0.00046614544899061254,0.5435893191534855,0.40849975566053104,0.005857542833141902,0.0077946135253652744,5,5
12,5,6,2748.7873,8,54.161253316179824,79786.0,8,59.22748550845629,0.03445200035093876,0.0006793131292680333,2748.7873,8,54.161253316179824,34216.0,8,59.22748550845629,0.08033631342062193,0.001589018418396517,0.7514859863263591,0.04584516674669802,0.0009039598098014536,0.5706655532805393,0.4288471661695034,0.011977189159382343,0.01593800733122498,5,6
12,5,7,325.6653,8,19.05276901660491,13993.0,8,26.308860872392405,0.023273443864789536,0.0013622958027600864,325.6653,8,19.05276901660491,6159.0,8,26.308860872392405,0.052876327325864586,0.0031017189274696647,0.7514859863263591,0.030969897361043042,0.0018128026703727004,0.585704396036864,0.44014864575144713,0.03647462437563871,0.048536666071372796,5,7
12,5,8,0.0,8,0.0,952.0,8,0.0,0.0,,0.0,8,0.0,411.0,8,0.0,0.0,,0.7514859863263591,0.0,,,,,,5,8
12,5,9,0.0,8,0.0,0.0,8,0.0,,,0.0,8,0.0,0.0,8,0.0,,,0.7514859863263591,,,,,,,5,9
12,5,10,0.0,8,0.0,0.0,8,0.0,,,0.0,8,0.0,0.0,8,0.0,,,0.7514859863263591,,,,,,,5,10
12,5,11,0.0,8,0.0,0.0,8,0.0,,,0.0,8,0.0,0.0,8,0.0,,,0.7514859863263591,,,,,,,5,11
12,6,1,28484.05,8,193.06626754070737,276230.0,8,209.37808492755397,0.10311714875285088,0.0007032897968420668,28484.05,8,193.06626754070737,112008.0,8,209.37808492755397,0.2543037104492536,0.0017880331101789884,0.7514859863263591,0.13721766024798318,0.0009358654847046457,0.5395818252339855,0.4054881801397387,0.003971978765113307,0.005285499446942896,6,1
12,6,2,11390.066,8,115.7240196686496,154811.0,8,126.30246118674806,0.07357400959880113,0.000749924196450455,11390.066,8,115.7240196686496,63687.0,8,126.30246118674806,0.17884444235087224,0.0018513663276569384,0.7514859863263591,0.09790469940559748,0.0009979217312041453,0.547429364416702,0.4113854958626971,0.005976472497768138,0.007952872849943799,6,2
12,6,3,4391.8092,8,69.21241158681657,79880.0,8,76.3603617426607,0.054980085127691536,0.0008680473870600737,4391.8092,8,69.21241158681657,33506.0,8,76.3603617426607,0.13107530591535843,0.0020871597795589203,0.7514859863263591,0.07316182354439077,0.0011551078833865224,0.5581663383004793,0.41945418127190787,0.009405758296245932,0.01251621250081589,6,3
12,6,4,1611.3569,8,41.979377613187644,37759.0,8,46.02088371391514,0.04267477687438756,0.0011129874208032483,1611.3569,8,41.979377613187644,16024.0,8,46.02088371391514,0.10055896779830255,0.002635652311460973,0.7514859863263591,0.056787189183664356,0.0014810488033770127,0.5647153150733011,0.4243756455414603,0.015691384381543546,0.020880475041525275,6,4
12,6,5,789.0488,8,29.322591910564455,21996.0,8,38.65765773451749,0.03587237679578105,0.001334577419778631,789.0488,8,29.322591910564455,9639.0,8,38.65765773451749,0.08186002697375247,0.0030597423119709116,0.7514859863263591,0.04773525714184405,0.0017759179067366453,0.5831326827824017,0.438216039279869,0.02311021214041032,0.03075268542715566,6,5
12,6,6,0.0,8,0.0,1967.0,8,10.666629188051866,0.0,,0.0,8,0.0,872.0,8,10.666629188051866,0.0,,0.7514859863263591,0.0,,,,,,6,6
12,6,7,0.0,8,0.0,14.0,8,0.0,0.0,,0.0,8,0.0,8.0,8,0.0,0.0,,0.7514859863263591,0.0,,,,,,6,7
12,6,8,0.0,8,0.0,0.0,8,0.0,,,0.0,8,0.0,0.0,8,0.0,,,0.7514859863263591,,,,,,,6,8
12,6,9,0.0,8,0.0,0.0,8,0.0,,,0.0,8,0.0,0.0,8,0.0,,,0.7514859863263591,,,,,,,6,9
12,6,10,0.0,8,0.0,0.0,8,0.0,,,0.0,8,0.0,0.0,8,0.0,,,0.7514859863263591,,,,,,,6,10
12,6,11,0.0,8,0.0,0.0,8,0.0,,,0.0,8,0.0,0.0,8,0.0,,,0.7514859863263591,,,,,,,6,11
12,7,1,155.9715,8,14.011275296538855,3599.0,8,51.085481629324,0.043337454848569046,0.003941402269046565,155.9715,8,14.011275296538855,2190.6639999999998,8,51.085481629324,0.07119827595651365,0.006607891872801125,0.7514859863263591,0.05766901264576375,0.005244811401359749,0.8099776556525992,0.6086868574604055,0.07909407739372287,0.10525023597628805,7,1
12,7,2,0.0,8,0.0,783.3926,8,27.67235952908606,0.0,,0.0,8,0.0,658.4268,8,27.67235952908606,0.0,,0.7514859863263591,0.0,,,,,,7,2
12,7,3,0.0,8,0.0,165.4063,8,14.018176899853989,0.0,,0.0,8,0.0,160.4063,8,14.018176899853989,0.0,,0.7514859863263591,0.0,,,,,,7,3
12,7,4,0.0,8,0.0,0.0,8,0.0,,,0.0,8,0.0,0.0,8,0.0,,,0.7514859863263591,,,,,,,7,4
12,7,5,0.0,8,0.0,0.0,8,0.0,,,0.0,8,0.0,0.0,8,0.0,,,0.7514859863263591,,,,,,,7,5
12,7,6,0.0,8,0.0,0.0,8,0.0,,,0.0,8,0.0,0.0,8,0.0,,,0.7514859863263591,,,,,,,7,6
12,7,7,0.0,8,0.0,0.0,8,0.0,,,0.0,8,0.0,0.0,8,0.0,,,0.7514859863263591,,,,,,,7,7
12,7,8,0.0,8,0.0,0.0,8,0.0,,,0.0,8,0.0,0.0,8,0.0,,,0.7514859863263591,,,,,,,7,8
12,7,9,0.0,8,0.0,0.0,8,0.0,,,0.0,8,0.0,0.0,8,0.0,,,0.7514859863263591,,,,,,,7,9
12,7,10,0.0,8,0.0,0.0,8,0.0,,,0.0,8,0.0,0.0,8,0.0,,,0.7514859863263591,,,,,,,7,10
12,7,11,0.0,8,0.0,0.0,8,0.0,,,0.0,8,0.0,0.0,8,0.0,,,0.7514859863263591,,,,,,,7,11
12,8,1,0.0,8,0.0,296.28436,8,19.479422863932598,0.0,,0.0,8,0.0,296.28436,8,19.479422863932598,0.0,,0.7514859863263591,0.0,,,,,,8,1
12,8,2,0.0,8,0.0,157.6562,8,13.807551858352733,0.0,,0.0,8,0.0,157.6562,8,13.807551858352733,0.0,,0.7514859863263591,0.0,,,,,,8,2
12,8,3,0.0,8,0.0,31.642500000000002,8,6.128347745240963,0.0,,0.0,8,0.0,31.642500000000002,8,6.128347745240963,0.0,,0.7514859863263591,0.0,,,,,,8,3
12,8,4,0.0,8,0.0,9.94771,8,3.39757,0.0,,0.0,8,0.0,9.94771,8,3.39757,0.0,,0.7514859863263591,0.0,,,,,,8,4
12,8,5,0.0,8,0.0,37.594409999999996,8,6.611113399526588,0.0,,0.0,8,0.0,37.594409999999996,8,6.611113399526588,0.0,,0.7514859863263591,0.0,,,,,,8,5
12,8,6,0.0,8,0.0,0.0,8,0.0,,,0.0,8,0.0,0.0,8,0.0,,,0.7514859863263591,,,,,,,8,6
12,8,7,0.0,8,0.0,0.0,8,0.0,,,0.0,8,0.0,0.0,8,0.0,,,0.7514859863263591,,,,,,,8,7
12,8,8,0.0,8,0.0,0.0,8,0.0,,,0.0,8,0.0,0.0,8,0.0,,,0.7514859863263591,,,,,,,8,8
12,8,9,0.0,8,0.0,0.0,8,0.0,,,0.0,8,0.0,0.0,8,0.0,,,0.7514859863263591,,,,,,,8,9
12,8,10,0.0,8,0.0,0.0,8,0.0,,,0.0,8,0.0,0.0,8,0.0,,,0.7514859863263591,,,,,,,8,10
12,8,11,0.0,8,0.0,0.0,8,0.0,,,0.0,8,0.0,0.0,8,0.0,,,0.7514859863263591,,,,,,,8,11
13,1,1,80792.1847,8,854.6304839997752,65203380.0,8,873.3523583344869,0.0012390797026166434,1.310716053559463e-05,80792.1847,8,854.6304839997752,36476210.0,8,873.3523583344869,0.002214928160025397,2.3429864923452835e-05,0.7706491612897781,0.0016078389036885319,1.7007947577154503e-05,0.7259101819672995,0.5594220729048095,0.008368822447408693,0.010859445345275429,1,1
13,1,2,80829.85,8,534.4712240386941,27155200.0,8,497.8650218724549,0.002976588277751591,1.9682170580078443e-05,80829.85,8,534.4712240386941,15199020.0,8,497.8650218724549,0.005318096166726539,3.516527921849369e-05,0.7706491612897781,0.0038624427654860437,2.5539728801025176e-05,0.7262829863160415,0.5597093742634928,0.005233998967017749,0.006791675421093036,1,2
13,1,3,68580.01,8,357.183005719813,13838730.0,8,336.3684909237041,0.00495565778073566,2.5810670152958356e-05,68580.01,8,357.183005719813,7752165.0,8,336.3684909237041,0.008846562218425433,4.607685734989463e-05,0.7706491612897781,0.006430497857730416,3.349211476433836e-05,0.7268922886606857,0.5601789326043647,0.004126149060399586,0.005354121262513227,1,3
13,1,4,41546.77,8,246.35873745105937,7739507.0,8,236.66776841236745,0.005368141665870965,3.183174500790894e-05,41546.77,8,246.35873745105937,4340535.0,8,236.66776841236745,0.009571808544338428,5.6760088893812286e-05,0.7706491612897781,0.00696573997029557,4.130510562631966e-05,0.7277349873881143,0.5608283576718776,0.0047031381327025746,0.006102826511653218,1,4
13,1,5,25454.06,8,183.9757620254092,7400921.0,8,186.67507352169437,0.003439309783201307,2.4858646957183147e-05,25454.06,8,183.9757620254092,4150016.0,8,186.67507352169437,0.006133484786564679,4.4332196510458474e-05,0.7706491612897781,0.004462873582377213,3.225676248784736e-05,0.7276244643425352,0.5607431831794989,0.005731761023413336,0.00743757511371389,1,5
13,1,6,679.4978,8,27.354211985356113,2910752.0,8,69.56434661584912,0.00023344407218478248,9.39764597113602e-06,679.4978,8,27.354211985356113,1636214.0,8,69.56434661584912,0.0004152866312108318,1.6718000970810626e-05,0.7706491612897781,0.000302918739046033,1.2194454290208893e-05,0.7294208777268533,0.5621275876474533,0.03200266977749853,0.04152689886009613,1,6
13,1,7,0.0,8,0.0,1212717.0,8,21.535708498860675,0.0,,0.0,8,0.0,682285.0,8,21.535708498860675,0.0,,0.7706491612897781,0.0,,,,,,1,7
13,1,8,0.0,8,0.0,646780.0,8,0.0,0.0,,0.0,8,0.0,366089.0,8,0.0,0.0,,0.7706491612897781,0.0,,,,,,1,8
13,1,9,0.0,8,0.0,171236.0,8,6.339267925281279,0.0,,0.0,8,0.0,98024.0,8,6.339267925281279,0.0,,0.7706491612897781,0.0,,,,,,1,9
13,1,10,0.0,8,0.0,39171.0,8,0.0,0.0,,0.0,8,0.0,22611.0,8,0.0,0.0,,0.7706491612897781,0.0,,,,,,1,10
13,1,11,0.0,8,0.0,1912.0,8,0.0,0.0,,0.0,8,0.0,1093.0,8,0.0,0.0,,0.7706491612897781,0.0,,,,,,1,11
13,2,1,125791.81,8,766.012766792434,5906196.0,8,785.7516488274142,0.021298278959926153,0.00012972741715998513,125791.81,8,766.012766792434,3289422.0,8,785.7516488274142,0.03824131108747981,0.00023305063503266746,0.7706491612897781,0.02763680287964086,0.00016833524731652211,0.7226949624300182,0.5569442666650413,0.004798761376767994,0.006226907934002892,2,1
13,2,2,145081.233,8,630.8183874465138,4516684.0,8,599.3710820384647,0.03212118292977769,0.00013972908250513847,145081.233,8,630.8183874465138,2517527.0,8,599.3710820384647,0.057628471511924205,0.00025094600053583363,0.7706491612897781,0.04168068239511071,0.0001813134815734884,0.7232654502468688,0.5573839126226232,0.0034307476164332014,0.004451763252024325,2,2
13,2,3,143583.92,8,499.30641454647866,3385785.0,8,488.9646769843605,0.042407867008684846,0.00014759850549187132,143583.92,8,499.30641454647866,1886635.0,8,488.9646769843605,0.0761058286313993,0.0002653884984565708,0.7706491612897781,0.05502875904998061,0.0001915249025183479,0.7230557769300362,0.5572223280568613,0.002745324956731583,0.0035623537851347774,2,3
13,2,4,121547.18,8,420.6557759577895,2504802.0,8,409.8456407363875,0.04852566390477171,0.00016812732225909312,121547.18,8,420.6557759577895,1395790.0,8,409.8456407363875,0.0870812801352639,0.00030245745226686427,0.7706491612897781,0.06296725714144413,0.00021816324561712484,0.723086030012842,0.5572456425697521,0.002733792129493849,0.0035473887039836707,2,4
13,2,5,170742.76,8,485.78377610517214,3222521.0,8,463.6628080879466,0.052984219497716235,0.00015093914660365012,170742.76,8,485.78377610517214,1797106.0,8,463.6628080879466,0.09500984360410572,0.0002714236686109993,0.7706491612897781,0.0687527115568912,0.00019585974290951605,0.7236377721383823,0.5576708421760479,0.002249888671182281,0.002919472029810309,2,5
13,2,6,85953.65,8,325.15379863081716,1815020.0,8,323.16658273220327,0.047356861081420586,0.0001793444496655495,85953.65,8,325.15379863081716,1013253.0,8,323.16658273220327,0.0848294058838217,0.0003220394154078892,0.7706491612897781,0.06145061003137009,0.0002327186723533106,0.7244022210355912,0.5582599640775308,0.002993546048550024,0.003884447293162493,2,6
13,2,7,35350.45,8,201.69583901203814,1064197.0,8,195.83844775791601,0.03321795682566291,0.00018962722244275773,35350.45,8,201.69583901203814,594574.0,8,195.83844775791601,0.0594550888535321,0.00033979225943278916,0.7706491612897781,0.043103864240984176,0.0002460616736744289,0.7249819161345592,0.5587067056193543,0.00451310182057768,0.005856234000208912,2,7
13,2,8,14445.133,8,125.97250280803347,852669.0,8,134.15545740103158,0.016941079129181427,0.00014776308625172785,14445.133,8,125.97250280803347,476177.0,8,134.15545740103158,0.030335637798549697,0.00026468776058416525,0.7706491612897781,0.02198286844408992,0.00019173846371859767,0.7246548956732629,0.5584546875751317,0.006889786406488369,0.0089402373382947,2,8
13,2,9,1267.5837,8,36.76748171131388,399726.0,8,51.258752681664035,0.003171131475060416,9.198261064003702e-05,1267.5837,8,36.76748171131388,223815.0,8,51.258752681664035,0.005663533275249648,0.00016428133851247186,0.7706491612897781,0.004114883444177282,0.000119357309733644,0.7265576530043251,0.5599210459164528,0.02296877954342244,0.029804456680367113,2,9
13,2,10,0.0,8,0.0,213537.0,8,17.199232001130166,0.0,,0.0,8,0.0,120366.0,8,17.199232001130166,0.0,,0.7706491612897781,0.0,,,,,,2,10
13,2,11,0.0,8,0.0,69735.0,8,8.553135227418073,0.0,,0.0,8,0.0,39861.0,8,8.553135227418073,0.0,,0.7706491612897781,0.0,,,,,,2,11
13,3,1,80120.77,8,476.39994584769846,2855994.0,8,483.85472111676245,0.028053549832387604,0.00016687474946167042,80120.77,8,476.39994584769846,1587704.0,8,483.85472111676245,0.05046329164630183,0.00030044974036410016,0.7706491612897781,0.03640249187507901,0.00021653789797472118,0.7213657826807012,0.5559199354060268,0.004678717952977515,0.006071138707459426,3,1
13,3,2,85940.33,8,396.1410353685793,2269481.0,8,401.26499095625076,0.037867834099514386,0.0001746797400522204,85940.33,8,396.1410353685793,1263576.0,8,401.26499095625076,0.06801358208766232,0.0003142510006678508,0.7706491612897781,0.04913757907182798,0.00022666571097005014,0.7224671538178188,0.5567687061491151,0.00363510240852099,0.0047169355280127605,3,2
13,3,3,83207.519,8,355.9837036384531,1784733.0,8,348.6309361914688,0.04662183026816896,0.0001996682841461549,83207.519,8,355.9837036384531,993854.0,8,348.6309361914688,0.08372207487216432,0.0003593870997768161,0.7706491612897781,0.060496828660841565,0.0002590910289345997,0.7225911296777402,0.5568642480415837,0.0033766499977678516,0.004381565785547089,3,3
13,3,4,76289.571,8,315.5710135570439,1389672.0,8,306.14850947576076,0.054897537692347544,0.00022740491860763774,76289.571,8,315.5710135570439,773966.0,8,306.14850947576076,0.09856966714300111,0.00040959239636201517,0.7706491612897781,0.07123544726950669,0.0002950822891016284,0.7226913647396315,0.5569414941079621,0.003267784682612119,0.0042403013546956575,3,4
13,3,5,124594.27,8,404.7276268445731,1903823.0,8,398.18163486951534,0.06544425085735386,0.00021302697985840714,124594.27,8,404.7276268445731,1058429.0,8,398.18163486951534,0.11771622848580302,0.0003849410674201299,0.7706491612897781,0.08492093957232717,0.00027642537040055914,0.7214038426534276,0.5559492662920871,0.0025651511346907567,0.003328558913108598,3,5
13,3,6,84554.56,8,321.6910931737775,1129906.0,8,313.02063573870015,0.07483326931620861,0.000285459855323057,84554.56,8,321.6910931737775,629136.0,8,313.02063573870015,0.1343979044276595,0.000515675862882113,0.7706491612897781,0.09710419873936635,0.0003704148004849627,0.7225127441747671,0.5568038403194603,0.003012577516941764,0.003909142666034746,3,6
13,3,7,54939.79,8,254.67212211641854,679318.0,8,245.15935762218012,0.08087492161255848,0.000376028268417333,54939.79,8,254.67212211641854,377105.0,8,245.15935762218012,0.14568830962198856,0.0006819440377472394,0.7706491612897781,0.10494389104012537,0.00048793703711816474,0.7203315853716674,0.5551229321172118,0.0036624726725002993,0.004752451383156884,3,7
13,3,8,47074.21,8,229.01985545958675,561464.0,8,219.93844000415206,0.08384190259749512,0.00040921773759988126,47074.21,8,229.01985545958675,312887.0,8,219.93844000415206,0.15045115329176348,0.0007395577825196702,0.7706491612897781,0.1087938673120401,0.0005310039355846492,0.723117536367839,0.5572699229158058,0.0038602997768708565,0.00500915328372013,3,8
13,3,9,21687.79,8,152.7784590261664,287054.0,8,144.39250168963068,0.07555299699708069,0.0005335841256482208,21687.79,8,152.7784590261664,159387.0,8,144.39250168963068,0.13607000570937405,0.0009664315370651316,0.7706491612897781,0.0980381226531581,0.0006923826722333685,0.7204976742821149,0.5552509283967476,0.005561445876900657,0.007216572931310116,3,9
13,3,10,9837.876,8,102.26577415342828,183694.0,8,98.52786157199395,0.05355578298692391,0.0005574587025198096,9837.876,8,102.26577415342828,102613.0,8,98.52786157199395,0.09587358326917642,0.0010008587401844848,0.7706491612897781,0.06949437652964104,0.0007233624981656147,0.7248542733041213,0.5586083377791328,0.008234996386573941,0.010685791667886382,3,10
13,3,11,2153.271,8,47.801777666003176,105088.0,8,49.261356584446595,0.02049017014311815,0.00045497519557045386,2153.271,8,47.801777666003176,59417.0,8,49.261356584446595,0.036239981823383886,0.0008050743413186177,0.7706491612897781,0.026588194956087774,0.0005903791484168953,0.733670206725427,0.5654023294762485,0.017758967017164624,0.02304416576207358,3,11
13,4,1,53113.68,8,331.0741071584729,1595065.0,8,340.6158050496336,0.03329875585007507,0.0002076832801274138,53113.68,8,331.0741071584729,883668.0,8,340.6158050496336,0.060105922133652005,0.0003753745872210549,0.7706491612897781,0.04320870964726079,0.00026949134646410275,0.7188760793184665,0.5540012475980602,0.004889748200357699,0.006344973103161616,4,1
13,4,2,52481.615,8,289.1346904444882,1301090.0,8,286.37255849312794,0.040336652345341215,0.00022240224999662704,52481.615,8,289.1346904444882,720290.0,8,286.37255849312794,0.072861784836663,0.0004024581820252786,0.7706491612897781,0.052341135722295165,0.0002885907896459771,0.718361975892167,0.5536050542237663,0.004320614670834685,0.005606461263908462,4,2
13,4,3,49613.2812,8,257.8209957530418,1053031.0,8,259.7016412246561,0.04711473945211489,0.0002451126108186559,49613.2812,8,257.8209957530418,584382.0,8,259.7016412246561,0.08489871556618786,0.00044279605313524454,0.7706491612897781,0.06113643123060364,0.0003180599202994384,0.7201102021730952,0.5549523233409083,0.004088152633979772,0.005304816821104089,4,3
13,4,4,44789.6186,8,237.97192513434226,845326.0,8,229.5197646223839,0.052985024239169266,0.00028188232460244004,44789.6186,8,237.97192513434226,469231.0,8,229.5197646223839,0.09545323859676791,0.0005092977101143744,0.7706491612897781,0.06875375579529883,0.00036577257040113376,0.720287303039992,0.5550888059754461,0.0041824067959011935,0.005427121712429313,4,4
13,4,5,78291.637,8,313.5396376172238,1213216.0,8,304.9604129988186,0.06453231493814787,0.0002589453544445792,78291.637,8,313.5396376172238,673294.0,8,304.9604129988186,0.11628150109758888,0.00046864905227205275,0.7706491612897781,0.08373760483972362,0.00033600938981261157,0.7201283441417488,0.5549663044338354,0.003156223151877615,0.004095538294747871,4,5
13,4,6,57861.998,8,256.3789032980288,765406.0,8,253.1193330060942,0.07559647820895055,0.00033588968831740256,57861.998,8,256.3789032980288,425669.0,8,253.1193330060942,0.1359319048368568,0.0006076960569353799,0.7706491612897781,0.0980945441923668,0.0004358529213932433,0.7216447405051686,0.5561349140194878,0.003505333341921406,0.004548546236078153,4,6
13,4,7,40284.743,8,213.19716487772533,476454.0,8,207.53508739615575,0.0845511696826976,0.00044897947873069204,40284.743,8,213.19716487772533,264452.0,8,207.53508739615575,0.15233291107649025,0.0008150001783621496,0.7706491612897781,0.10971421748022227,0.0005825990623012792,0.7202266188238992,0.5550420397352106,0.004183910636394892,0.005429073106876017,4,7
13,4,8,37220.592,8,202.5413802672185,404935.0,8,197.38959410680695,0.09191744847938557,0.0005021852918099057,37220.592,8,202.5413802672185,224964.0,8,197.38959410680695,0.16545132554542058,0.0009119568080515862,0.7706491612897781,0.11927275483639038,0.0006516393153136448,0.7208933167697529,0.5555558299480163,0.00431157763166941,0.00559473473565253,4,8
13,4,9,20073.018,8,147.52667921088036,205943.0,8,143.18705180050324,0.09746880447502464,0.0007195454668739683,20073.018,8,147.52667921088036,114749.0,8,143.18705180050324,0.17492978588048697,0.0013040455331995821,0.7706491612897781,0.1264762350638238,0.0009336874715723024,0.7230114324282835,0.5571881540037777,0.005845719874294085,0.007585448953854098,4,9
13,4,10,13040.697999999999,8,117.77254719182226,128552.0,8,113.50704245367334,0.1014429802725745,0.0009205153411039003,13040.697999999999,8,117.77254719182226,71780.0,8,113.50704245367334,0.1816759264419058,0.0016657047674457483,0.7706491612897781,0.13163315470660727,0.001194467453339341,0.724549241523749,0.5583732652934221,0.007202878108007932,0.00934650742492603,4,10
13,4,11,8252.544,8,92.99981984224486,77505.0,8,83.48287880272218,0.10647756918908458,0.0012053889188603307,8252.544,8,92.99981984224486,43812.0,8,83.48287880272218,0.1883626403725007,0.0021528325965464554,0.7706491612897781,0.13816607418462767,0.0015641214957568513,0.7335110291053167,0.5652796593768143,0.009093488710409364,0.011799777599433533,4,11
13,5,1,39584.479999999996,8,240.6039839469829,931750.0,8,246.99125949389384,0.042484013952240406,0.0002584735053879211,39584.479999999996,8,240.6039839469829,516499.0,8,246.99125949389384,0.0766399934946631,0.0004672757672815471,0.7706491612897781,0.05512756788204126,0.00033539711501837387,0.7193054874917247,0.5543321706466326,0.004774629988365953,0.0061955948675464865,5,1
13,5,2,33788.3954,8,215.0646645680838,767772.0,8,212.702145369393,0.044008371495704454,0.0002803804769587755,33788.3954,8,215.0646645680838,424176.0,8,212.702145369393,0.0796565468107578,0.0005085884972471453,0.7706491612897781,0.05710558540289711,0.00036382376189123927,0.716897577026084,0.5524765164658257,0.004983197342571287,0.006466233395013733,5,2
13,5,3,31118.0546,8,193.67147837884673,633112.0,8,191.82577559978247,0.04915094738371725,0.00030626625655973935,31118.0546,8,193.67147837884673,350702.0,8,191.82577559978247,0.08873075887790774,0.0005543680375726081,0.7706491612897781,0.06377862956660715,0.00039741333922580847,0.7187882801088813,0.5539335852108316,0.004887863705422922,0.006342527768722239,5,3
13,5,4,26964.227499999997,8,175.46018546773055,516385.0,8,175.41947510219725,0.05221729426687452,0.0003402483044278299,26964.227499999997,8,175.46018546773055,286663.0,8,175.41947510219725,0.0940624618454422,0.0006147787860876075,0.7706491612897781,0.06775754375633436,0.0004415086936036908,0.7203462723277378,0.5551342506075894,0.005123374402265404,0.006648128175070993,5,4
13,5,5,47069.2014,8,230.87284203844962,766540.0,8,232.67689169537422,0.061404755655282174,0.0003017644304454386,47069.2014,8,230.87284203844962,426330.0,8,232.67689169537422,0.1104055576665963,0.0005448774918344209,0.7706491612897781,0.07967926099149139,0.0003915717366647074,0.7216961054814609,0.556174498395387,0.003873602109808041,0.005026414488436063,5,5
13,5,6,36230.45,8,199.88533823952673,504561.0,8,201.96188657610622,0.07180588670150884,0.0003971982043391759,36230.45,8,199.88533823952673,279598.0,8,201.96188657610622,0.1295805048677029,0.0007210039249843376,0.7706491612897781,0.09317584486996998,0.0005154073011309256,0.719057584820334,0.5541411246608439,0.004347721521014016,0.0056416353113751,5,6
13,5,7,26847.498099999997,8,174.963671807214,330128.0,8,168.48489199762096,0.08132451079581253,0.0005316100815573829,26847.498099999997,8,174.963671807214,183628.0,8,168.48489199762096,0.1462059059620537,0.0009622130688787895,0.7706491612897781,0.10552728125948486,0.0006898211381527576,0.7217716723897147,0.5562327339698541,0.005159594134376033,0.006695127164922629,5,7
13,5,8,25721.9109,8,169.8147511172154,291136.0,8,163.94296307371812,0.08835015559738403,0.0005854011736914579,25721.9109,8,169.8147511172154,161780.0,8,163.94296307371812,0.15899314439362097,0.0010619581973929377,0.7706491612897781,0.11464380944698487,0.0007596208535563907,0.7210613381112836,0.5556853154539458,0.005228035730190109,0.006783937481279204,5,8
13,5,9,14381.6062,8,124.19334731187656,149825.0,8,119.0223720560135,0.0959893622559653,0.0008324227803597201,14381.6062,8,124.19334731187656,83503.0,8,119.0223720560135,0.17222861693591848,0.001507415805030159,0.7706491612897781,0.1245564999971129,0.0010801579008618606,0.7232044372942792,0.5573368930418822,0.0068669886966139845,0.008910654862870696,5,9
13,5,10,9463.716699999999,8,100.26606137573421,90611.0,8,94.78029019606345,0.10444335345598216,0.0011119350204962521,9463.716699999999,8,100.26606137573421,50918.0,8,94.78029019606345,0.18586190934443614,0.001999328490677454,0.7706491612897781,0.13552646093999907,0.0014428550322889981,0.7291782453867066,0.5619406032380174,0.008504782733776512,0.011035868409358534,5,10
13,5,11,5896.155,8,78.35939552414887,48063.0,8,70.61210376337756,0.12267555083952313,0.0016402792298271915,5896.155,8,78.35939552414887,27491.0,8,70.61210376337756,0.21447582845294824,0.002903113100562397,0.7706491612897781,0.1591846938939247,0.0021284383507042016,0.7422034223723569,0.5719784449576597,0.010882625225238564,0.014121374254174398,5,11
13,6,1,25771.73,8,184.17392379745294,497622.0,8,187.69920426738628,0.05178977215637572,0.0003706232545215697,25771.73,8,184.17392379745294,276771.0,8,187.69920426738628,0.09311571660325685,0.0006684275702531551,0.7706491612897781,0.06720278793231804,0.00048092345147211367,0.7217126214971054,0.5561872264489913,0.005637636380205533,0.007315438286820738,6,1
13,6,2,20775.6943,8,156.72336587495306,415009.0,8,156.49533108266363,0.050060828319385846,0.0003781100019616169,20775.6943,8,156.72336587495306,230134.0,8,156.49533108266363,0.09027650977256728,0.0006837705692764771,0.7706491612897781,0.06495929773751101,0.0004906383098228542,0.7195592508080156,0.5545277331334983,0.005931533785805895,0.007696801714386776,6,2
13,6,3,18041.6847,8,142.38983431383576,345632.0,8,142.29421394604068,0.05219911553328396,0.00041252959921369935,18041.6847,8,142.38983431383576,192235.0,8,142.29421394604068,0.0938522365854293,0.00074395777690842,0.7706491612897781,0.06773395489839007,0.0005353014314883303,0.7217084788036461,0.5561840338857514,0.006225615887583928,0.008078404805066651,6,3
13,6,4,15233.041,8,129.37290409243352,286480.0,8,130.4150073320168,0.053173139486177044,0.0004522431668582815,15233.041,8,129.37290409243352,158940.0,8,130.4150073320168,0.0958414558953064,0.0008177632780639174,0.7706491612897781,0.06899785551856713,0.0005868340479361526,0.7199166047095298,0.5548031276179838,0.00668393125279681,0.00867311818209263,6,4
13,6,5,25333.9423,8,167.07230955834544,430006.0,8,168.17867319288615,0.05891532280944917,0.00038921749896261837,25333.9423,8,167.07230955834544,239702.0,8,168.17867319288615,0.10568932382708529,0.0007009335202902002,0.7706491612897781,0.07644895468496582,0.0005050514793414088,0.7233365861062878,0.5574387334130222,0.005218175373899889,0.006771142610687612,6,5
13,6,6,19393.876,8,144.8920266836654,288718.0,8,146.3081979449887,0.06717238274025174,0.0005029992973401455,19393.876,8,144.8920266836654,160981.0,8,146.3081979449887,0.12047307446220362,0.0009066921426874798,0.7706491612897781,0.08716337616955337,0.0006526955748557659,0.7235091870831221,0.5575717482110571,0.005919591918368464,0.007681305859674569,6,6
13,6,7,14599.7593,8,124.96195352217771,190461.0,8,123.87004817755138,0.07665484954925156,0.0006579939327725212,14599.7593,8,124.96195352217771,106989.0,8,123.87004817755138,0.13646037723504284,0.00117862595817887,0.7706491612897781,0.09946789460065077,0.0008538177497932856,0.7289141113051792,0.5617370485296204,0.0068403459466581905,0.008876083035255644,6,7
13,6,8,14721.2255,8,125.81152868708853,167086.0,8,120.00856821719898,0.08810567911135583,0.0007556291526732494,14721.2255,8,125.81152868708853,93787.0,8,120.00856821719898,0.1569644566944246,0.0013564129344094528,0.7706491612897781,0.11432657496687587,0.0009805099267332091,0.7283596387011657,0.5613097446823792,0.006833945267220989,0.008867777466705504,6,8
13,6,9,7931.457,8,91.50548163405293,83932.0,8,85.92077210465465,0.09449860601439261,0.0010945169568642565,7931.457,8,91.50548163405293,47115.0,8,85.92077210465465,0.1683425023877746,0.0019662864956756345,0.7706491612897781,0.12262208377186491,0.0014202532252580993,0.7284083462737572,0.5613472811323452,0.009233776751633622,0.011981816389937724,6,9
13,6,10,4722.0706,8,70.54648042648478,47841.0,8,65.06621194071774,0.0987034259317322,0.001480700760409695,4722.0706,8,70.54648042648478,26972.0,8,65.06621194071774,0.17507306095209849,0.002649423792098579,0.7706491612897781,0.12807828891494494,0.0019213681591913451,0.731570512438737,0.5637842018352459,0.012013506532613566,0.015588814127180071,6,10
13,6,11,2096.948,8,47.05022086140936,19158.0,8,43.00729965688848,0.10945547551936527,0.0024681658775050643,2096.948,8,47.05022086140936,10905.0,8,43.00729965688848,0.19229234296194406,0.004380696493893041,0.7706491612897781,0.14203022726473585,0.00320271013255147,0.7386161356037176,0.569213905418102,0.01824571478522169,0.02367577323341947,6,11
13,7,1,12466.444,8,124.62922622647547,204206.0,8,127.73501063075855,0.06104837272166341,0.0006115047925773055,12466.444,8,124.62922622647547,114687.0,8,127.73501063075855,0.10869971313226433,0.0010934132146620409,0.7706491612897781,0.07921681588479419,0.000793493100743632,0.7287674787918185,0.561624046306181,0.007972664095193323,0.01034538736388173,7,1
13,7,2,9765.3335,8,105.45618700734254,168439.0,8,105.06919211561303,0.057975489643134905,0.0006271229914742487,9765.3335,8,105.45618700734254,94381.0,8,105.06919211561303,0.1034671544060775,0.0011232668534363775,0.7706491612897781,0.0752294202800476,0.0008137593901025982,0.727085041739862,0.5603274776031679,0.008587222360783985,0.011142842673587278,7,2
13,7,3,7832.524299999999,8,94.45059681420547,138460.0,8,93.54564362117618,0.05656885959843998,0.0006832205785339021,7832.524299999999,8,94.45059681420547,77483.0,8,93.54564362117618,0.10108700360078984,0.0012250789082190725,0.7706491612897781,0.07340416682445342,0.0008865520302266296,0.7261484088927913,0.5596056622851365,0.009574685003434459,0.01242418143608957,7,3
13,7,4,6394.814,8,84.54229238481767,113378.0,8,85.70793120581082,0.05640260015170492,0.0007468855384393288,6394.814,8,84.54229238481767,63258.0,8,85.70793120581082,0.1010909924436435,0.0013434682124842466,0.7706491612897781,0.07318842734780646,0.0009691641488187985,0.7239856448002304,0.5579389299511368,0.010467380077451691,0.013582549106954474,7,4
13,7,5,10851.435,8,108.1210545821673,167378.0,8,107.88337465851724,0.06483190741913512,0.0006473195187611806,10851.435,8,108.1210545821673,93932.0,8,107.88337465851724,0.11552436869224544,0.0011586786284048189,0.7706491612897781,0.08412635823885253,0.0008399665519363054,0.7282130964330429,0.5611968120063568,0.007942222532875033,0.010305886169502508,7,5
13,7,6,7392.6359999999995,8,89.50511372580898,107817.0,8,87.93099192628273,0.06856651548457107,0.0008320389794547915,7392.6359999999995,8,89.50511372580898,60770.0,8,87.93099192628273,0.12164943228566726,0.0014833311194105093,0.7706491612897781,0.08897241303658386,0.0010796598779946375,0.7313837094418286,0.563640242262352,0.00969615005934456,0.01258179538289101,7,6
13,7,7,4880.236,8,72.04411792290887,66820.0,8,69.20781790339875,0.07303555821610296,0.001080832345079763,4880.236,8,72.04411792290887,37809.0,8,69.20781790339875,0.12907604009627338,0.0019200674720935907,0.7706491612897781,0.09477147563992515,0.0014024959727080666,0.7342298041467523,0.5658335827596527,0.01187282433198845,0.01540626387254842,7,7
13,7,8,4232.927,8,66.82162809225768,51635.0,8,62.0918756152526,0.08197786385203834,0.0012978642381024992,4232.927,8,66.82162809225768,29360.0,8,62.0918756152526,0.14417326294277927,0.002296273955540333,0.7706491612897781,0.10637507697385681,0.001684118147783825,0.7378280466335556,0.5686065653142249,0.012769285536253956,0.016569518501626544,7,8
13,7,9,1582.313,8,41.11302399362032,19987.0,8,37.405139181534935,0.0791671086206034,0.002062317084842357,1582.313,8,41.11302399362032,11372.0,8,37.405139181534935,0.13914113612381288,0.0036441387133410064,0.7706491612897781,0.10272782038470957,0.002676077764609268,0.738299422058036,0.5689698303897534,0.02101756326407201,0.027272544135254075,7,9
13,7,10,454.3797,8,22.247092065924033,6905.0,8,21.421812015025715,0.06580444605358436,0.003228342856379562,454.3797,8,22.247092065924033,4018.0,8,21.421812015025715,0.11308603782976606,0.005569586368035045,0.7706491612897781,0.08538833149893053,0.004189121351895751,0.7550740404175249,0.5818971759594497,0.040451261966171596,0.05248985400629169,7,10
13,7,11,0.0,8,0.0,743.0,8,0.0,0.0,,0.0,8,0.0,431.0,8,0.0,0.0,,0.7706491612897781,0.0,,,,,,7,11
13,8,1,1935.6437,8,47.0844176310178,35045.0,8,46.864069825956214,0.05523309173919247,0.001345570363796453,1935.6437,8,47.0844176310178,20300.0,8,46.864069825956214,0.0953519064039409,0.002329851675438613,0.7706491612897781,0.07167086466006523,0.0017460219661362792,0.7516458491815017,0.5792552432586674,0.01998659941858833,0.02593475789312253,8,1
13,8,2,1185.6387,8,36.2351271072643,25564.0,8,35.728545301615625,0.04637923251447348,0.0014189092764023401,1185.6387,8,36.2351271072643,14514.0,8,35.728545301615625,0.08168931376601901,0.0025046493949123466,0.7706491612897781,0.060182032037577264,0.0018411870766557603,0.7367185408112914,0.5677515255828509,0.024591227624055762,0.0319097572011877,8,2
13,8,3,837.9128,8,30.19777895811048,18351.0,8,29.629971817956562,0.04566033458667102,0.001647216514456664,837.9128,8,30.19777895811048,10453.0,8,29.629971817956562,0.08016003061322108,0.002897832259896818,0.7706491612897781,0.05924918481745016,0.0021374402220847685,0.739136254866624,0.5696147348918315,0.029091101561680377,0.03774882660352574,8,3
13,8,4,443.978,8,22.209181986286662,12636.0,8,22.022674935166254,0.03513596074707186,0.0017586781916466862,443.978,8,22.209181986286662,7130.0,8,22.022674935166254,0.062269004207573635,0.0031208245217602504,0.7706491612897781,0.04559268018700937,0.0022820737113413807,0.7321890042600687,0.5642608420386198,0.03996787697282549,0.05186261009605749,8,4
13,8,5,607.8996,8,26.05485678596219,13601.0,8,23.592740372135662,0.04469521358723623,0.001917225672411636,607.8996,8,26.05485678596219,7788.0,8,23.592740372135662,0.07805593220338983,0.003353859279008489,0.7706491612897781,0.057996836734932895,0.0024878060844222786,0.7430163870673009,0.5726049555179766,0.03476529943393682,0.04511170735040147,8,5
13,8,6,148.3714,8,13.305805393624244,4871.0,8,12.633801518869925,0.030460151919523712,0.0027327795478997875,148.3714,8,13.305805393624244,2895.0,8,12.633801518869925,0.05125091537132988,0.004601571819357988,0.7706491612897781,0.03952531638202891,0.003546074770685714,0.7712119109610996,0.5943338123588586,0.07543693864891247,0.09788752448994983,8,6
13,8,7,0.0,8,0.0,1131.0,8,0.0,0.0,,0.0,8,0.0,656.0,8,0.0,0.0,,0.7706491612897781,0.0,,,,,,8,7
13,8,8,0.0,8,0.0,193.0,8,0.0,0.0,,0.0,8,0.0,119.0,8,0.0,0.0,,0.7706491612897781,0.0,,,,,,8,8
13,8,9,0.0,8,0.0,0.0,8,0.0,,,0.0,8,0.0,0.0,8,0.0,,,0.7706491612897781,,,,,,,8,9
13,8,10,0.0,8,0.0,0.0,8,0.0,,,0.0,8,0.0,0.0,8,0.0,,,0.7706491612897781,,,,,,,8,10
13,8,11,0.0,8,0.0,0.0,8,0.0,,,0.0,8,0.0,0.0,8,0.0,,,0.7706491612897781,,,,,,,8,11
14,1,1,31685.447,8,515.2592000567967,41538850.0,8,518.9482398257845,0.0007627906646428584,1.2404275807168557e-05,31685.447,8,515.2592000567967,22590590.0,8,518.9482398257845,0.0014025949300128947,2.2808599251613327e-05,0.8102323696623069,0.0009414467913208386,1.530952881126988e-05,0.6712178770760161,0.5438424511030036,0.012507033118204431,0.015436353306172131,1,1
14,1,2,26697.875,8,283.0819428584416,17139530.0,8,278.787016638903,0.0015576783610752453,1.651633830950275e-05,26697.875,8,283.0819428584416,9324890.0,8,278.787016638903,0.002863076669000921,3.0357791690589663e-05,0.8102323696623069,0.0019225081833307437,2.0384693241010007e-05,0.6714833047071731,0.5440575091615698,0.00815823850418481,0.010069010829060119,1,2
14,1,3,19348.369,8,175.88873612542673,8472950.0,8,167.17857326667195,0.002283545754430275,2.0758903383444006e-05,19348.369,8,175.88873612542673,4614313.0,8,167.17857326667195,0.004193120189289283,3.811837927508437e-05,0.8102323696623069,0.0028183837624038933,2.5620925750098103e-05,0.6721447597908226,0.5445934414814203,0.007001374485497062,0.008641193252270496,1,3
14,1,4,9873.614,8,113.65589729578488,4615142.0,8,106.50415088009481,0.0021393954942231464,2.462678844855858e-05,9873.614,8,113.65589729578488,2515623.0,8,106.50415088009481,0.003924918002419281,4.518032551794572e-05,0.8102323696623069,0.0026404715169733536,3.0394723008687822e-05,0.6727456510800461,0.5450803030545973,0.008873464614069218,0.010951752788854324,1,4
14,1,5,3230.695,8,61.65504558687797,4280683.0,8,73.9156094692454,0.0007547148434023262,1.4403091942097821e-05,3230.695,8,61.65504558687797,2335395.0,8,73.9156094692454,0.0013833612729324163,2.6400300752925183e-05,0.8102323696623069,0.0009314795010188008,1.7776495338122347e-05,0.6733450756824158,0.5455659762706091,0.014724322706188073,0.01817296279131005,1,5
14,1,6,0.0,8,0.0,1572995.0,8,20.26626502303767,0.0,,0.0,8,0.0,863753.0,8,20.26626502303767,0.0,,0.8102323696623069,0.0,,,,,,1,6
14,1,7,0.0,8,0.0,565878.0,8,5.53099,0.0,,0.0,8,0.0,313226.0,8,5.53099,0.0,,0.8102323696623069,0.0,,,,,,1,7
14,1,8,0.0,8,0.0,217799.0,8,0.0,0.0,,0.0,8,0.0,123160.0,8,0.0,0.0,,0.8102323696623069,0.0,,,,,,1,8
14,1,9,0.0,8,0.0,29448.0,8,0.0,0.0,,0.0,8,0.0,17197.0,8,0.0,0.0,,0.8102323696623069,0.0,,,,,,1,9
14,1,10,0.0,8,0.0,2429.0,8,0.0,0.0,,0.0,8,0.0,1438.0,8,0.0,0.0,,0.8102323696623069,0.0,,,,,,1,10
14,1,11,0.0,8,0.0,6.0,8,0.0,0.0,,0.0,8,0.0,2.0,8,0.0,0.0,,0.8102323696623069,0.0,,,,,,1,11
14,2,1,113107.78,8,712.5030998423796,4405440.0,8,729.6408687025419,0.02567457053097988,0.00016178845365372575,113107.78,8,712.5030998423796,2376893.0,8,729.6408687025419,0.04758639955605911,0.000300118092027349,0.8102323696623069,0.03168791015061601,0.00019968154780233827,0.6659026622362152,0.5395358919880874,0.0048101901939547635,0.005936803285160751,2,1
14,2,2,99662.88,8,510.73047280682204,3317026.0,8,502.7877614057049,0.030045854328546114,0.00015403974561343053,99662.88,8,510.73047280682204,1790634.0,8,502.7877614057049,0.055657873133203105,0.0002856510905024697,0.8102323696623069,0.0370830090891935,0.00019011798513756252,0.6662670885832208,0.5398311620107892,0.003916082465064501,0.00483328315640693,2,2
14,2,3,82197.07,8,369.3573428977012,2451323.0,8,359.3466249829682,0.033531717362420214,0.00015075689153677858,82197.07,8,369.3573428977012,1324368.0,8,359.3466249829682,0.06206512842351975,0.0002794012598962537,0.8102323696623069,0.04138530947164669,0.0001860662412186912,0.6668045410176516,0.5402666233703188,0.003437354753219077,0.004242430791368798,2,3
14,2,4,63086.89,8,290.8967495908127,1792948.0,8,288.6964774475262,0.035186123635487475,0.0001623438360038737,63086.89,8,290.8967495908127,969376.0,8,288.6964774475262,0.06507989675832701,0.0003007118655558868,0.8102323696623069,0.04342720058216452,0.00020036700838246718,0.6672905573810392,0.5406604095601211,0.003530399448796023,0.004357267841900024,2,4
14,2,5,75571.35,8,313.6866033237314,2283587.0,8,302.18388021087424,0.03309326511317502,0.00013743551947467428,75571.35,8,313.6866033237314,1233996.0,8,302.18388021087424,0.06124116285628155,0.00025464589599436276,0.8102323696623069,0.04084416563975075,0.00016962481952178165,0.6669397466472394,0.5403761713479714,0.003175686794510742,0.003919476576620016,2,5
14,2,6,28555.02,8,181.7514685214125,1280619.0,8,177.0063248800449,0.022297826285569713,0.00014195816070164267,28555.02,8,181.7514685214125,692546.0,8,177.0063248800449,0.04123194704756074,0.0002626510630879379,0.8102323696623069,0.02752028568651623,0.00017520672589371955,0.6674505488370897,0.5407900398166824,0.004870407450217234,0.006011124255930617,2,6
14,2,7,8286.915,8,94.45628630975283,740131.0,8,99.24285204743967,0.01119655169152488,0.00012762986822001098,8286.915,8,94.45628630975283,400980.0,8,99.24285204743967,0.020666654197216822,0.0002356191119722037,0.8102323696623069,0.013818938999180495,0.00015752254908453638,0.668658742112281,0.5417689571170509,0.008734404571944946,0.01078012296100354,2,7
14,2,8,1707.5781,8,43.241619189827986,551500.0,8,53.458546734040574,0.0030962431550317316,7.840786215666913e-05,1707.5781,8,43.241619189827986,301529.0,8,53.458546734040574,0.00566306424920986,0.00014341134329199612,0.8102323696623069,0.0038214261376920806,9.677206822698084e-05,0.6747983016836275,0.5467434270172258,0.019580638636697227,0.024166695098664287,2,8
14,2,9,0.0,8,0.0,194913.0,8,13.77806217696088,0.0,,0.0,8,0.0,109146.0,8,13.77806217696088,0.0,,0.8102323696623069,0.0,,,,,,2,9
14,2,10,0.0,8,0.0,59421.0,8,3.64326,0.0,,0.0,8,0.0,34429.0,8,3.64326,0.0,,0.8102323696623069,0.0,,,,,,2,10
14,2,11,0.0,8,0.0,6889.0,8,0.0,0.0,,0.0,8,0.0,4102.0,8,0.0,0.0,,0.8102323696623069,0.0,,,,,,2,11
14,3,1,91207.34,8,542.2579057339782,2180057.0,8,551.7798903303744,0.041837135451045546,0.0002489609518682415,91207.34,8,542.2579057339782,1171770.0,8,551.7798903303744,0.07783723768316307,0.0004642174785421006,0.8102323696623069,0.051635971380016146,0.0003072710511084676,0.6633839138819477,0.5374951205404263,0.004528368321210673,0.005588974830884664,3,1
14,3,2,80932.98,8,383.2254127210903,1736351.0,8,380.0229766919363,0.04661095596454864,0.00022094297753999582,80932.98,8,383.2254127210903,934291.0,8,380.0229766919363,0.08662502368105868,0.0004116883553695932,0.8102323696623069,0.05752788670239799,0.000272690879570859,0.6641024066464638,0.5380772666356054,0.003611761673883161,0.004457686225728665,3,2
14,3,3,68246.802,8,322.82888994667127,1362151.0,8,312.70468035427615,0.05010222948850751,0.00023727827433685627,68246.802,8,322.82888994667127,732605.0,8,312.70468035427615,0.0931563420943073,0.00044244922640835797,0.8102323696623069,0.06183686478656659,0.00029285212887230163,0.6637966175611073,0.5378295064203601,0.0036073351235583802,0.0044522229160776,3,3
14,3,4,58005.350999999995,8,278.49320804138114,1058893.0,8,271.6886077920456,0.05477923737337011,0.0002633793983693912,58005.350999999995,8,278.49320804138114,570055.0,8,271.6886077920456,0.10175395532010069,0.0004909385795247438,0.8102323696623069,0.06760929262330176,0.0003250664972557982,0.6644389636807178,0.5383499560389954,0.0036669233589191204,0.004525767540548202,3,4
14,3,5,88485.55,8,338.6518061307218,1440049.0,8,332.885471335488,0.06144620773320908,0.00023559543500834183,88485.55,8,338.6518061307218,775603.0,8,332.885471335488,0.1140861368509405,0.00043936733775035364,0.8102323696623069,0.07583775967728736,0.0002907751452913867,0.6647412364954854,0.5385948672579891,0.0029269323004544935,0.003612460338599402,3,5
14,3,6,52530.43,8,244.63286446565186,842350.0,8,241.19095226608314,0.062361761737994896,0.0002909655418686779,52530.43,8,244.63286446565186,453679.0,8,241.19095226608314,0.11578766043832754,0.0005427223961992429,0.8102323696623069,0.07696774909645535,0.0003591136972100338,0.6647318790714404,0.5385872855701311,0.003561990067032982,0.004396257419976405,3,6
14,3,7,29506.29,8,181.74100185874403,498448.0,8,177.5859162477419,0.05919632539402305,0.0003652232188771898,29506.29,8,181.74100185874403,269298.0,8,177.5859162477419,0.10956743087583272,0.0006787262614215866,0.8102323696623069,0.07306092376770286,0.0004507635495103824,0.6668124202939388,0.5402730074150163,0.004723549088674402,0.005829869634365642,3,7
14,3,8,20992.76,8,150.32532773644633,399649.0,8,146.50000157245734,0.052527993314133145,0.00037663591409700816,20992.76,8,150.32532773644633,216522.0,8,146.50000157245734,0.09695439724369809,0.0006973650539664377,0.8102323696623069,0.06483077605999134,0.0004648492558424746,0.6686728802721246,0.5417804123118036,0.005502387341166374,0.006791122580624233,3,8
14,3,9,6595.239,8,83.73718723482418,183289.0,8,81.00971873250765,0.03598273218796545,0.0004571354943961872,6595.239,8,83.73718723482418,100448.0,8,81.00971873250765,0.06565824107996177,0.0008353172412008719,0.8102323696623069,0.04441038587851351,0.00056420295153934,0.6763870787282955,0.5480307056069923,0.00985318437297215,0.012160936469470867,3,9
14,3,10,1653.3348,8,42.044405852289074,86391.0,8,43.732532083931524,0.01913781296662847,0.0004867721780202486,1653.3348,8,42.044405852289074,48193.0,8,43.732532083931524,0.03430653414396282,0.0008729725453613199,0.8102323696623069,0.023620153530282715,0.0006007809564842839,0.6885030540002635,0.5578474609623687,0.02007054060510895,0.024771338885749606,3,10
14,3,11,29.327900000000003,8,5.683120683181028,22156.0,8,8.131052572311903,0.0013237001263766025,0.0002565052750988011,29.327900000000003,8,5.683120683181028,12823.0,8,8.131052572311903,0.002287132496295719,0.00044319980582641197,0.8102323696623069,0.0016337290090351504,0.0003165823592134547,0.7143132335713683,0.5787597039176747,0.15860641447403478,0.19575423102404513,3,11
14,4,1,75910.56,8,389.33253393213874,1316474.0,8,393.0228601241154,0.057662027506809856,0.0002962394639256221,75910.56,8,389.33253393213874,704144.0,8,393.0228601241154,0.10780544888545525,0.0005561806311465886,0.8102323696623069,0.07116727208867568,0.00036562284477611084,0.6601454084597511,0.5348711786180357,0.0038943069710602493,0.004806407540448353,4,1
14,4,2,57006.200000000004,8,290.48031405270825,1071830.0,8,292.72276719390993,0.05318585969789986,0.0002714023946589545,57006.200000000004,8,290.48031405270825,574315.0,8,292.72276719390993,0.09925946562426544,0.0005083096322595337,0.8102323696623069,0.06564272385225359,0.0003349685902725302,0.6613245743306345,0.5358265769758264,0.0038737140703663936,0.004780991497514351,4,2
14,4,3,47962.063,8,250.89896351031425,862503.0,8,248.87715177526843,0.05560799556639223,0.0002913385436506564,47962.063,8,250.89896351031425,462692.0,8,248.87715177526843,0.10365872545883655,0.0005451181569226881,0.8102323696623069,0.06863215745079258,0.0003595740611697383,0.66209725372368,0.5364526268314429,0.003982177700259302,0.0049148588100954484,4,3
14,4,4,40314.356999999996,8,217.7064752496122,688193.0,8,218.16030823151587,0.058580016071073084,0.0003168896725567031,40314.356999999996,8,217.7064752496122,369296.0,8,218.16030823151587,0.10916543098219314,0.0005930343932588481,0.8102323696623069,0.07230026627483221,0.0003911096179590777,0.6623000122321295,0.5366169083382133,0.004113940107403809,0.005077481795893243,4,4
14,4,5,66736.689,8,282.58099308815866,974555.0,8,277.89169057870373,0.06847914073602823,0.0002906157449951032,66736.689,8,282.58099308815866,524478.0,8,277.89169057870373,0.1272440197682267,0.0005429870182842896,0.8102323696623069,0.08451790288824099,0.0003586819730693154,0.66421905754148,0.5381717809666976,0.003238886005348378,0.003997477916981147,4,5
14,4,6,45425.51,8,226.08591024351784,600331.0,8,224.21534657513968,0.07566744012886224,0.0003776609658079646,45425.51,8,226.08591024351784,323062.0,8,224.21534657513968,0.14060926385647338,0.000706593364629558,0.8102323696623069,0.09338980144720622,0.00046611438884547183,0.6641795774034752,0.5381397928809273,0.0038114435881711093,0.004704136406892339,4,6
14,4,7,28569.374,8,176.3363430525313,365049.0,8,174.79782072560286,0.07826175116217275,0.00048449985133118946,28569.374,8,176.3363430525313,196952.0,8,174.79782072560286,0.14505754701653195,0.0009045350736753024,0.8102323696623069,0.09659173601616423,0.000597976419447574,0.6658856295505662,0.5395220915548323,0.00474072205647687,0.005851064748811177,4,7
14,4,8,22986.617,8,157.3572187013993,291808.0,8,153.0866161127419,0.07877308709836604,0.0005408303348570329,22986.617,8,157.3572187013993,158209.0,8,153.0866161127419,0.14529272670960564,0.0010045030238283066,0.8102323696623069,0.09722283390281916,0.000667500281533362,0.6691514166234691,0.542168137953723,0.005282621926800297,0.006519885065813918,4,8
14,4,9,10076.689,8,103.40202365258621,130368.0,8,100.30725224284633,0.07729419029209622,0.0007953814254107892,10076.689,8,103.40202365258621,71421.0,8,100.30725224284633,0.14108860139174753,0.001461279001903376,0.8102323696623069,0.09539755900435244,0.0009816707591456667,0.6761535521886063,0.5478414948453608,0.007998515289623667,0.009871878227917913,4,9
14,4,10,5238.705,8,74.36925968106715,63245.0,8,68.84410015418896,0.08283192347221124,0.0011793433017746782,5238.705,8,74.36925968106715,35490.0,8,68.84410015418896,0.14761073541842773,0.002114971728078204,0.8102323696623069,0.10223230590840796,0.0014555618189707866,0.6925804252557451,0.5611510791366906,0.01133479566321899,0.01398956162161624,4,10
14,4,11,1643.2069999999999,8,41.72228693887716,18389.0,8,38.13283043408789,0.08935814889336015,0.002276426173714982,1643.2069999999999,8,41.72228693887716,10649.0,8,38.13283043408789,0.15430622593670765,0.003956725179153336,0.8102323696623069,0.11028706361189115,0.0028095966773874553,0.7147285402283639,0.5790961988145087,0.020931784472596124,0.025834297982096403,4,11
14,5,1,58960.9,8,293.5443525040467,788217.0,8,297.2806701500789,0.07480287788768829,0.00037348274194090776,58960.9,8,293.5443525040467,422077.0,8,297.2806701500789,0.13969228363545041,0.0007024009293403457,0.8102323696623069,0.09232274676814632,0.000460957567144065,0.6609008340723919,0.5354832489022693,0.003794449045575246,0.004683161507305264,5,1
14,5,2,39644.776000000005,8,223.59919153462965,647212.0,8,227.6729968856869,0.06125469861498242,0.0003461519280234384,39644.776000000005,8,223.59919153462965,347510.0,8,227.6729968856869,0.1140824033840753,0.0006477588795979763,0.8102323696623069,0.07560139647409111,0.0004272254984921295,0.6626911270405815,0.5369338022162753,0.004301295046769835,0.005308717854067658,5,2
14,5,3,31058.676,8,191.8530381130828,527434.0,8,200.6323069808549,0.05888637440893078,0.0003644370077627273,31058.676,8,191.8530381130828,282888.0,8,200.6323069808549,0.10979142275388139,0.0006826498794428336,0.8102323696623069,0.0726783779738074,0.00044979319687587816,0.661967721620021,0.536347675728148,0.004705246547491188,0.005807280384826228,5,3
14,5,4,25362.6132,8,170.92734084183255,426543.0,8,169.7821134613196,0.059460859045864074,0.0004014254380521208,25362.6132,8,170.92734084183255,229013.0,8,169.7821134613196,0.11074748245732775,0.0007508676101151006,0.8102323696623069,0.07338741486056216,0.0004954448292647565,0.6626553780925825,0.536904837261425,0.005137075002548931,0.006340249038297481,5,4
14,5,5,41870.968,8,222.22093332584578,622171.0,8,218.59279249410307,0.06729816722412327,0.0003579519573706379,41870.968,8,222.22093332584578,335475.0,8,218.59279249410307,0.12481099336761309,0.0006673804817679139,0.8102323696623069,0.08306032904137385,0.00044178925796290646,0.6654888868381283,0.5392006377667875,0.004066675515645336,0.005019147182851097,5,5
14,5,6,30281.337,8,181.40625125976229,393781.0,8,180.07126738713757,0.07689892859228861,0.0004620181935950935,30281.337,8,181.40625125976229,212896.0,8,180.07126738713757,0.1422353496542913,0.0008605395406906959,0.8102323696623069,0.09490972154610283,0.000570229246441556,0.6672723888736851,0.5406456888473543,0.004609820820018959,0.005689504631788859,5,6
14,5,7,20254.4162,8,147.94013915414573,243118.0,8,145.58975125932628,0.08331105142358855,0.0006105534305564391,20254.4162,8,147.94013915414573,131956.0,8,145.58975125932628,0.15349371154021038,0.001133850995004829,0.8102323696623069,0.10282365225461355,0.0007535534908472108,0.6698883701673803,0.5427652415699372,0.005647771062242031,0.0069705571805233355,5,7
14,5,8,17417.2553,8,135.8373554542505,193310.0,8,129.84223130343378,0.09010012570482645,0.0007052930327675302,17417.2553,8,135.8373554542505,105549.0,8,129.84223130343378,0.16501582487754504,0.001302871352746713,0.8102323696623069,0.11120282165766701,0.00087048241859491,0.6738918630391262,0.546009001086338,0.006070617714960116,0.007492440369285988,5,8
14,5,9,7634.9854,8,89.92433138916519,81181.0,8,83.96739896693775,0.09404892031386654,0.0011119648645564904,7634.9854,8,89.92433138916519,45289.0,8,83.96739896693775,0.16858366049151008,0.002010017162604253,0.8102323696623069,0.11607647859473297,0.001372402419592223,0.6885393178455668,0.5578768431036819,0.009367458060622795,0.011561446334866892,5,9
14,5,10,3405.6614,8,59.94995257347999,34563.0,8,54.43107380862608,0.09853488991117669,0.0017414399248589646,3405.6614,8,59.94995257347999,19652.0,8,54.43107380862608,0.1732984632607368,0.0030881090355162778,0.8102323696623069,0.12161312433400383,0.002149309247648019,0.7017553534276318,0.5685849029308799,0.014270062828341035,0.017612308965499104,5,10
14,5,11,790.692,8,29.32187364016836,8368.0,8,26.567043296204414,0.09448996175908222,0.0035168660127727455,790.692,8,29.32187364016836,4916.0,8,26.567043296204414,0.16084052074857608,0.006027581932075731,0.8102323696623069,0.11662081804811657,0.0043405646879283825,0.7250711294973783,0.5874760994263862,0.0310291018217872,0.03829654674833552,5,11
14,6,1,36235.42,8,212.72765368141492,413838.0,8,217.70060131584387,0.08755943146835235,0.0005160956035702005,36235.42,8,212.72765368141492,222970.0,8,217.70060131584387,0.16251253531865273,0.0009671685081733949,0.8102323696623069,0.10806706168113951,0.0006369723339803143,0.6649767752945509,0.5387857084173034,0.004512969678937224,0.0055699696135543975,6,1
14,6,2,24271.586,8,165.80372061968333,337852.0,8,169.9607986331554,0.07184088299018505,0.0004920873715545161,24271.586,8,165.80372061968333,182583.0,8,169.9607986331554,0.13293453388322024,0.0009164929421519727,0.8102323696623069,0.08866701168718709,0.0006073410418786538,0.6669975746488788,0.5404230254667725,0.005252116556053175,0.006482234915203623,6,2
14,6,3,17519.141,8,140.31546444608304,273063.0,8,141.12081270517825,0.06415787199291006,0.0005149261198805434,17519.141,8,140.31546444608304,148013.0,8,141.12081270517825,0.11836217764655807,0.000954687521588215,0.8102323696623069,0.07918453322180911,0.0006355289410310244,0.6690019970590814,0.5420470733859952,0.006167743528884633,0.007612314392543042,6,3
14,6,4,13992.7775,8,122.75623883464824,218527.0,8,123.73441857381478,0.06403225917163555,0.0005629128576086981,13992.7775,8,122.75623883464824,118827.0,8,123.73441857381478,0.11775755930891127,0.001040318727027261,0.8102323696623069,0.07902950013997004,0.0006947548366196626,0.6711203985865007,0.5437634708754525,0.006777002310742899,0.008364270010055824,6,4
14,6,5,21223.3052,8,152.4388333339904,313407.0,8,152.57575785217716,0.06771803182443276,0.0004875085179866216,21223.3052,8,152.4388333339904,170556.0,8,152.57575785217716,0.12443599287037688,0.0009006813606184434,0.8102323696623069,0.08357853173979786,0.0006016897574578612,0.6716588168092199,0.5441997147479156,0.005555562001004986,0.006856751481455207,6,5
14,6,6,14610.0404,8,124.62720561751395,192006.0,8,123.35966315638025,0.07609158255471184,0.0006509181764732213,14610.0404,8,124.62720561751395,105664.0,8,123.35966315638025,0.13826885599636585,0.0011904623051942308,0.8102323696623069,0.09391328389709448,0.0008033722186938971,0.679207788481036,0.5503161359540848,0.006679166862715326,0.008243520146571167,6,6
14,6,7,9385.072100000001,8,99.7969582616805,112371.0,8,95.27418205070039,0.0835186311414867,0.0008909209892826181,9385.072100000001,8,99.7969582616805,61924.0,8,95.27418205070039,0.15155791131063887,0.001628385962833991,0.8102323696623069,0.10307985001425707,0.0010995870106423186,0.6801350660143415,0.5510674462272295,0.008343392003661958,0.010297529839667308,6,7
14,6,8,7309.914,8,87.92840677137792,78758.0,8,82.69248103608273,0.09281487594910993,0.00112068288636118,7309.914,8,87.92840677137792,44179.0,8,82.69248103608273,0.16546128250978973,0.0020142282145556197,0.8102323696623069,0.11455340396705432,0.0013831623227152283,0.6923275477468672,0.5609461895934381,0.009617942205556363,0.01187059733192958,6,8
14,6,9,2536.676,8,51.767784149121155,27148.0,8,47.13030107913591,0.09343878002062767,0.0019137600674187807,2536.676,8,51.767784149121155,15598.0,8,47.13030107913591,0.16262828567765097,0.0033550535952370395,0.8102323696623069,0.11532343500367874,0.0023619891516015435,0.7091228596743853,0.5745542949756888,0.01670258203544774,0.020614557824206816,6,9
14,6,10,728.8789,8,28.05938527945507,8612.0,8,25.871993277117248,0.08463526474686485,0.003268078755309134,728.8789,8,28.05938527945507,5025.0,8,25.871993277117248,0.14505052736318408,0.005633676570231756,0.8102323696623069,0.10445801465836226,0.0040335080128571284,0.7201491546239991,0.5834881560613099,0.03195638238006154,0.03944100924205299,6,10
14,6,11,10.4162,8,3.55173,1129.0,8,5.982681162530726,0.009226040744021257,0.0031462877507693813,10.4162,8,3.55173,659.0,8,5.982681162530726,0.01580606980273141,0.005391484998779473,0.8102323696623069,0.011386907126243965,0.0038831918701059897,0.7204135669624981,0.5837023914968998,0.2815401028149758,0.347480689931356,6,11
14,7,1,14531.7,8,131.34442622848525,137031.0,8,133.9660605072419,0.10604680692689976,0.0009640921674987334,14531.7,8,131.34442622848525,75705.0,8,133.9660605072419,0.19195165444818704,0.0017678889903373603,0.8102323696623069,0.13088443624030785,0.0011898958911016515,0.681861464630601,0.5524662302690633,0.007149589450040925,0.008824122212027606,7,1
14,7,2,9448.429,8,103.72257374101359,107150.0,8,101.73426450729372,0.08817945870275315,0.000971626619776882,9448.429,8,103.72257374101359,59179.0,8,101.73426450729372,0.15965847682454926,0.0017740526243539844,0.8102323696623069,0.10883230787175914,0.0011991950163406108,0.6816569344536361,0.5523005132991133,0.008642737620498246,0.010666986341338612,7,2
14,7,3,6145.5074,8,82.5913852950058,81180.0,8,81.2108401959252,0.07570223454052723,0.0010202005690659295,6145.5074,8,82.5913852950058,44990.0,8,81.2108401959252,0.13659718604134252,0.0018522569246237127,0.8102323696623069,0.09343274519145515,0.0012591456565616286,0.6840019761693831,0.5542005420054201,0.01059508035780411,0.013076594757896413,7,3
14,7,4,4040.7113,8,65.69622275457014,60572.0,8,64.88251601639767,0.066709227035594,0.0010869485533210347,4040.7113,8,65.69622275457014,33584.0,8,64.88251601639767,0.12031655848022868,0.0019699381366891987,0.8102323696623069,0.08233345091285038,0.001341526942170996,0.6843068980100526,0.5544475995509476,0.012807170392405537,0.015806786882315474,7,4
14,7,5,5384.157999999999,8,76.08454435369906,75649.0,8,72.7765092097031,0.07117289058678898,0.0010080854194025597,5384.157999999999,8,76.08454435369906,42427.0,8,72.7765092097031,0.12690404695123386,0.0018064684049250838,0.8102323696623069,0.08784256622140733,0.001244192971237023,0.6921967291962178,0.5608401961691497,0.011262262873014281,0.013900040648472521,7,5
14,7,6,2687.0564,8,53.56458846053426,36557.0,8,50.06009592346383,0.07350319774598572,0.0014686878720338906,2687.0564,8,53.56458846053426,20733.0,8,50.06009592346383,0.12960287464428688,0.0026024250451730227,0.8102323696623069,0.09071866355650637,0.00181267489059468,0.6999741618810259,0.5671417238832509,0.016065811573699632,0.019828646910756757,7,6
14,7,7,976.7058999999999,8,32.779314059174574,15735.0,8,31.723057640145598,0.062072189386717505,0.0020869657003833105,976.7058999999999,8,32.779314059174574,9077.0,8,31.723057640145598,0.10760228048914838,0.003630777329225017,0.8102323696623069,0.07661035489434752,0.002575761940063105,0.7119770561189326,0.576866857324436,0.02747832020867547,0.03391412295725489,7,7
14,7,8,423.8797,8,21.702677013617468,7347.0,8,20.10700548406699,0.057694256158976456,0.0029581677994105987,423.8797,8,21.702677013617468,4266.0,8,20.10700548406699,0.09936233005157057,0.0051088706457933205,0.8102323696623069,0.07120704913705507,0.003651011623546366,0.7166402911455229,0.5806451612903226,0.04216220729281692,0.05203717954441823,7,8
14,7,9,0.0,8,0.0,1333.0,8,0.0,0.0,,0.0,8,0.0,781.0,8,0.0,0.0,,0.8102323696623069,0.0,,,,,,7,9
14,7,10,0.0,8,0.0,106.0,8,0.0,0.0,,0.0,8,0.0,69.0,8,0.0,0.0,,0.8102323696623069,0.0,,,,,,7,10
14,7,11,0.0,8,0.0,0.0,8,0.0,,,0.0,8,0.0,0.0,8,0.0,,,0.8102323696623069,,,,,,,7,11
14,8,1,300.0149,8,19.03271643522017,6001.0,8,18.67817291737337,0.04999415097483753,0.003175405782079613,300.0149,8,19.03271643522017,3485.0,8,18.67817291737337,0.08608748923959827,0.005480780160151,0.8102323696623069,0.06170347278975582,0.003919129747189779,0.7167530768381805,0.5807365439093485,0.052225901150145346,0.06445792973182785,8,1
14,8,2,119.17699999999999,8,11.707994031383002,3353.0,8,11.514689341454245,0.035543393975544284,0.0034939293772843225,119.17699999999999,8,11.707994031383002,2043.0,8,11.514689341454245,0.05833431228585413,0.005740208691726564,0.8102323696623069,0.04386814857860869,0.004312255975085939,0.7520127838936839,0.6093050999105278,0.08474797700069625,0.10459712568138689,8,2
14,8,3,0.0,8,0.0,1691.0,8,0.0,0.0,,0.0,8,0.0,1010.0,8,0.0,0.0,,0.8102323696623069,0.0,,,,,,8,3
14,8,4,0.0,8,0.0,752.0,8,0.0,0.0,,0.0,8,0.0,439.0,8,0.0,0.0,,0.8102323696623069,0.0,,,,,,8,4
14,8,5,0.0,8,0.0,392.0,8,0.0,0.0,,0.0,8,0.0,227.0,8,0.0,0.0,,0.8102323696623069,0.0,,,,,,8,5
14,8,6,0.0,8,0.0,29.0,8,0.0,0.0,,0.0,8,0.0,22.0,8,0.0,0.0,,0.8102323696623069,0.0,,,,,,8,6
14,8,7,0.0,8,0.0,0.0,8,0.0,,,0.0,8,0.0,0.0,8,0.0,,,0.8102323696623069,,,,,,,8,7
14,8,8,0.0,8,0.0,0.0,8,0.0,,,0.0,8,0.0,0.0,8,0.0,,,0.8102323696623069,,,,,,,8,8
14,8,9,0.0,8,0.0,0.0,8,0.0,,,0.0,8,0.0,0.0,8,0.0,,,0.8102323696623069,,,,,,,8,9
14,8,10,0.0,8,0.0,0.0,8,0.0,,,0.0,8,0.0,0.0,8,0.0,,,0.8102323696623069,,,,,,,8,10
14,8,11,0.0,8,0.0,0.0,8,0.0,,,0.0,8,0.0,0.0,8,0.0,,,0.8102323696623069,,,,,,,8,11
15,1,1,11150.652,8,250.87519385563013,67971890.0,8,252.14822839915016,0.00016404799101510934,3.6908668754939882e-06,11150.652,8,250.87519385563013,34841630.0,8,252.14822839915016,0.00032003818420665164,7.200444033021016e-06,0.8462588077114023,0.00019385085215095835,4.361392569107152e-06,0.6057116360396141,0.5125888069318066,0.016309535390962283,0.0192725147937536,1,1
15,1,2,6493.057,8,129.38996598106053,24498490.0,8,125.62880307449403,0.00026503906975491144,5.281548791996561e-06,6493.057,8,129.38996598106053,12637110.0,8,125.62880307449403,0.0005138086951842628,1.0238890227431876e-05,0.8462588077114023,0.0003131891418320069,6.241056215745427e-06,0.6095442618379406,0.5158322002703024,0.014537002473981257,0.017177962984272748,1,2
15,1,3,3948.161,8,75.49579588963879,11067620.0,8,70.94534879800085,0.0003567308057197482,6.821322030544409e-06,3948.161,8,75.49579588963879,5742781.0,8,70.94534879800085,0.0006874998367515669,1.3146211155436895e-05,0.8462588077114023,0.00042153866224976805,8.060562523410296e-06,0.6131472906837855,0.5188812951655369,0.014031722407528835,0.016580887879295243,1,3
15,1,4,1154.4502,8,37.333617092374,5451809.0,8,37.09340340896208,0.00021175543750707334,6.847932111830017e-06,1154.4502,8,37.333617092374,2850091.0,8,37.09340340896208,0.0004050573122051191,1.3099097578210089e-05,0.8462588077114023,0.0002502253868172298,8.092006900760496e-06,0.6177530420448671,0.5227789528209811,0.023908811074183797,0.028252363055271578,1,4
15,1,5,23.4422,8,5.36467,4175767.0,8,17.50968931343729,5.613866865656058e-06,1.2847148801407143e-06,23.4422,8,5.36467,2210277.0,8,17.50968931343729,1.0606000967299574e-05,2.4271482729152528e-06,0.8462588077114023,6.63374704582164e-06,1.5181110889883203e-06,0.62547109568204,0.5293104236898275,0.17130501998548484,0.20242627719143888,1,5
15,1,6,0.0,8,0.0,1031113.0,8,0.0,0.0,,0.0,8,0.0,558670.0,8,0.0,0.0,,0.8462588077114023,0.0,,,,,,1,6
15,1,7,0.0,8,0.0,215040.0,8,0.0,0.0,,0.0,8,0.0,119443.0,8,0.0,0.0,,0.8462588077114023,0.0,,,,,,1,7
15,1,8,0.0,8,0.0,38493.0,8,0.0,0.0,,0.0,8,0.0,22111.0,8,0.0,0.0,,0.8462588077114023,0.0,,,,,,1,8
15,1,9,0.0,8,0.0,1066.0,8,0.0,0.0,,0.0,8,0.0,597.0,8,0.0,0.0,,0.8462588077114023,0.0,,,,,,1,9
15,1,10,0.0,8,0.0,0.0,8,0.0,,,0.0,8,0.0,0.0,8,0.0,,,0.8462588077114023,,,,,,,1,10
15,1,11,0.0,8,0.0,0.0,8,0.0,,,0.0,8,0.0,0.0,8,0.0,,,0.8462588077114023,,,,,,,1,11
15,2,1,153133.8,8,1033.514208385642,9418500.0,8,1008.7742084713507,0.016258831024048414,0.00010974617433638043,153133.8,8,1033.514208385642,4773007.0,8,1008.7742084713507,0.032083296756112024,0.00021663928858144343,0.8462588077114023,0.019212598883334903,0.0001296839375098202,0.5988349336224249,0.50676933694325,0.0048384303524932875,0.005717435739993299,2,1
15,2,2,96930.25,8,510.2537372370731,6759032.0,8,569.0795040455156,0.014340847920234732,7.550178752164126e-05,96930.25,8,510.2537372370731,3436802.0,8,569.0795040455156,0.028203617781879783,0.0001485410285148639,0.8462588077114023,0.016946172718742752,8.921831812400996e-05,0.6008510273327524,0.5084754740027863,0.003786579044636614,0.004474492921234023,2,2
15,2,3,64072.950000000004,8,320.2500754509357,4686716.0,8,316.06203249052237,0.01367118255085224,6.833766416805971e-05,64072.950000000004,8,320.2500754509357,2388738.0,8,316.06203249052237,0.026822929094777244,0.00013411360618739593,0.8462588077114023,0.016154848169703768,8.075267701244978e-05,0.6022775556174929,0.5096826861281972,0.0036035058325657354,0.004258160505662508,2,3
15,2,4,44249.6,8,234.7065936228465,3237241.0,8,246.0064896285665,0.013668923629720492,7.250948591867585e-05,44249.6,8,234.7065936228465,1656602.0,8,246.0064896285665,0.026711062765830296,0.0001417350463628573,0.8462588077114023,0.016152178866753932,8.568240029875542e-05,0.6046999705087119,0.5117326760658226,0.003839559939326218,0.00453709893987374,2,4
15,2,5,41059.472,8,224.3033798585077,3659649.0,8,221.0974693901538,0.01121951094216959,6.12947023436749e-05,41059.472,8,224.3033798585077,1890096.0,8,221.0974693901538,0.02172348494468006,0.0001187002127710889,0.8462588077114023,0.013257777455234186,7.243020903905097e-05,0.6102969891339156,0.516469202374326,0.003990661922039446,0.004715651861670636,2,5
15,2,6,8975.312,8,99.22120074589603,1630766.0,8,106.08700132047281,0.005503739960239544,6.084436311641419e-05,8975.312,8,99.22120074589603,855051.0,8,106.08700132047281,0.010496814809876838,0.00011604857425911316,0.8462588077114023,0.006503613209206884,7.189805596347047e-05,0.6195796845998841,0.5243247651717046,0.00819761896065726,0.009686893519993798,2,6
15,2,7,968.7932,8,32.39999134537076,670990.0,8,44.285317386054714,0.0014438265845988763,4.82869408446749e-05,968.7932,8,32.39999134537076,359030.0,8,44.285317386054714,0.0026983628109071662,9.024374484302657e-05,0.8462588077114023,0.0017061288715015197,5.705930668569429e-05,0.632282977146403,0.5350750383761309,0.02530727598648623,0.029904889326855564,2,7
15,2,8,0.0,8,0.0,290869.0,8,20.19573714556119,0.0,,0.0,8,0.0,159553.0,8,20.19573714556119,0.0,,0.8462588077114023,0.0,,,,,,2,8
15,2,9,0.0,8,0.0,44756.0,8,0.0,0.0,,0.0,8,0.0,25484.0,8,0.0,0.0,,0.8462588077114023,0.0,,,,,,2,9
15,2,10,0.0,8,0.0,4600.0,8,0.0,0.0,,0.0,8,0.0,2645.0,8,0.0,0.0,,0.8462588077114023,0.0,,,,,,2,10
15,2,11,0.0,8,0.0,23.0,8,0.0,0.0,,0.0,8,0.0,12.0,8,0.0,0.0,,0.8462588077114023,0.0,,,,,,2,11
15,3,1,222859.5,8,936.363155868491,4938606.0,8,973.3022591148138,0.045125993043381066,0.00018980916452190943,222859.5,8,936.363155868491,2499555.0,8,973.3022591148138,0.08915967042133499,0.00037621727877472095,0.8462588077114023,0.05332410443729205,0.00022429209928724267,0.5980742659242955,0.5061256152039665,0.0030154682211348985,0.003563293160032027,3,1
15,3,2,148085.63,8,546.7960192091746,3778272.0,8,537.1212035974748,0.03919400985424025,0.00014482840949340563,148085.63,8,546.7960192091746,1918586.0,8,537.1212035974748,0.07718477566291009,0.0002858174744928852,0.8462588077114023,0.04631444836625735,0.00017113961848748774,0.6000464206636675,0.5077945685223298,0.0026564346538431793,0.003139033389829246,3,2
15,3,3,102916.41,8,400.2773016660825,2843132.0,8,377.5895587034287,0.03619825249056322,0.00014086950324280012,102916.41,8,400.2773016660825,1446268.0,8,377.5895587034287,0.07115998556284174,0.0002773884990756235,0.8462588077114023,0.04277444696671072,0.00016646149140091493,0.6011025245211213,0.5086883057135582,0.002801934904285278,0.0033109669036860594,3,3
15,3,4,73565.42,8,302.27864646044713,2082277.0,8,308.5198058153965,0.03532931497586536,0.0001452617010819268,73565.42,8,302.27864646044713,1065874.0,8,308.5198058153965,0.0690188708984364,0.0002842997611535161,0.8462588077114023,0.04174764818272194,0.00017165162685250901,0.6048729519808432,0.5118790631601847,0.0029791680571238004,0.003520398287115706,3,4
15,3,5,93985.71,8,333.6612533692517,2503116.0,8,341.0405742546039,0.03754748481492668,0.00013339648724114533,93985.71,8,333.6612533692517,1290758.0,8,341.0405742546039,0.0728143540462271,0.0002592151734781232,0.8462588077114023,0.0443687964872933,0.0001576308406194305,0.6093413457891175,0.5156604807767599,0.0025934792258399653,0.003064640748441597,3,5
15,3,6,44664.62,8,222.1716853207672,1201832.0,8,223.54465394160067,0.037163779962590446,0.00018499004770931082,44664.62,8,222.1716853207672,626178.0,8,223.54465394160067,0.07132895119279183,0.00035571856896829716,0.8462588077114023,0.04391538336019816,0.00021859748580885382,0.615674037341461,0.5210195767794501,0.0036711658993373243,0.004338112485074771,3,6
15,3,7,18298.396,8,140.00837559160524,553943.0,8,141.12893620197102,0.03303299436945679,0.0002528887788006519,18298.396,8,140.00837559160524,293360.0,8,141.12893620197102,0.06237522497954732,0.0004782003098825192,0.8462588077114023,0.039034151335795554,0.00029883148806989315,0.6257957602332458,0.5295851739258371,0.005737737910925855,0.006780121942178453,3,7
15,3,8,8230.2619,8,93.25283471342841,307075.0,8,92.24139967395335,0.02680212293413661,0.0003037876759516644,8230.2619,8,93.25283471342841,165253.0,8,92.24139967395335,0.04980400900437511,0.0005649877759585655,0.8462588077114023,0.03167130751243759,0.0003589772693453188,0.635918837570995,0.5381519172840511,0.008629940923107432,0.01019775610542358,3,8
15,3,9,1080.5147,8,34.2136911824214,74587.0,8,34.902340068683074,0.014486635740812742,0.00045875859120119073,1080.5147,8,34.2136911824214,41720.0,8,34.902340068683074,0.025899201821668265,0.0008203650625103865,0.8462588077114023,0.01711844604606241,0.0005421019988457717,0.6609642321772426,0.5593468030621959,0.02505329704722558,0.029604769627129775,3,9
15,3,10,13.8275,8,4.09738,15695.0,8,8.163929579516227,0.0008810130614845493,0.0002610631610619129,13.8275,8,4.09738,9093.0,8,8.163929579516227,0.0015206752446937206,0.00045061022848743356,0.8462588077114023,0.0010410681146907474,0.00030849092344211403,0.6846091026492833,0.5793564829563556,0.24278663523015828,0.2868940719054297,3,10
15,3,11,0.0,8,0.0,753.0,8,0.0,0.0,,0.0,8,0.0,447.0,8,0.0,0.0,,0.8462588077114023,0.0,,,,,,3,11
15,4,1,220420.2,8,722.1039094707908,2987551.0,8,741.4546942969611,0.07377956058323357,0.00024239688279149063,220420.2,8,722.1039094707908,1515515.0,8,741.4546942969611,0.145442440358558,0.00048175824186579415,0.8462588077114023,0.0871832114607597,0.00028643351251731337,0.5994344652484357,0.5072766958622631,0.0023666369178211013,0.0027965876351956276,4,1
15,4,2,130407.97,8,455.3939045128843,2330368.0,8,460.93660302041536,0.0559602474802263,0.00019573038534421202,130407.97,8,455.3939045128843,1188105.0,8,460.93660302041536,0.10976131739198135,0.00038565249517199347,0.8462588077114023,0.06612663522116073,0.00023128903777502722,0.6024584689067484,0.5098357855926617,0.0025276112109733706,0.002986806385872626,4,2
15,4,3,91151.03,8,343.89221149815245,1759782.0,8,349.4759726355161,0.05179677369128676,0.00019568804515068136,91151.03,8,343.89221149815245,900580.0,8,349.4759726355161,0.10121369561837927,0.0003838709980419724,0.8462588077114023,0.06120677648409291,0.00023123900557075965,0.6047282051123766,0.5117565698478561,0.002739579200467308,0.003237282939336427,4,3
15,4,4,66915.63,8,282.11381644295625,1291389.0,8,286.60493482602493,0.05181678797016236,0.0002187601377026788,66915.63,8,282.11381644295625,664523.0,8,286.60493482602493,0.10069723696546246,0.00042675149552273326,0.8462588077114023,0.06123042678905072,0.00025850264211049967,0.6080646166096074,0.5145800374635373,0.0030782020043544156,0.0036374238900733166,4,4
15,4,5,87708.6,8,319.24467323913177,1595783.0,8,321.2323219205689,0.05496273616149565,0.000200360905687876,87708.6,8,319.24467323913177,828258.0,8,321.2323219205689,0.10589526451902669,0.0003876230480906568,0.8462588077114023,0.0649479044243395,0.0002367607921620647,0.6133220849802024,0.5190292163784174,0.002681312860852935,0.003168431260531515,4,5
15,4,6,46657.288,8,227.75284283872287,790642.0,8,228.67111752175873,0.05901190172037408,0.00028856582450788857,46657.288,8,227.75284283872287,414102.0,8,228.67111752175873,0.11267100376235807,0.0005535001619325251,0.8462588077114023,0.06973268837220631,0.0003409900397826022,0.6189053620156272,0.5237541137455385,0.003630364109884009,0.00428989816921594,4,6
15,4,7,23106.716,8,157.95148355203887,371941.0,8,156.62427968661183,0.062124681065007625,0.00042547313671498574,23106.716,8,157.95148355203887,197619.0,8,156.62427968661183,0.11692557901821181,0.0008046270587093617,0.8462588077114023,0.0734109713233187,0.00050276952255968,0.6278435560441786,0.5313181391672336,0.005158443318916982,0.006095585974304156,4,7
15,4,8,13305.88,8,119.15268130012853,209438.0,8,114.64036683633736,0.06353135534143756,0.0005699780835839485,13305.88,8,119.15268130012853,112994.0,8,114.64036683633736,0.11775740304794945,0.0010612509489873185,0.8462588077114023,0.07507319836735278,0.0006735269144499431,0.6375242356252018,0.5395104995273063,0.006860678435382486,0.008107068869317067,4,8
15,4,9,3467.723,8,60.654237640168226,52288.0,8,56.455889602060125,0.06631967181762546,0.0011622110040385887,3467.723,8,60.654237640168226,29217.0,8,56.455889602060125,0.11868853749529383,0.0020886209133752563,0.8462588077114023,0.07836807276130864,0.0013733517376104344,0.6602834141790318,0.5587706548347614,0.013877051477261365,0.016398117633528757,4,9
15,4,10,613.3418,8,25.971462553302615,12270.0,8,24.979055380516293,0.04998710676446618,0.0021191084315561473,613.3418,8,25.971462553302615,6977.0,8,24.979055380516293,0.08790910133295113,0.0037357214126870135,0.8462588077114023,0.05906834446976081,0.0025040902525871518,0.671925245214856,0.5686226568867155,0.03413168251814636,0.040332439919238294,4,10
15,4,11,0.0,8,0.0,882.0,8,0.0,0.0,,0.0,8,0.0,504.0,8,0.0,0.0,,0.8462588077114023,0.0,,,,,,4,11
15,5,1,154955.9,8,512.5322233352748,1588701.0,8,531.9237324363334,0.09753622613695087,0.00032425952933287026,154955.9,8,512.5322233352748,814367.0,8,531.9237324363334,0.19027772490781183,0.0006415170087732726,0.8462588077114023,0.11525578847530699,0.00038316827710164494,0.6057240201455403,0.5125992870905224,0.0024271011798601802,0.0028680365365105756,5,1
15,5,2,92010.55,8,356.0406607129304,1193983.0,8,358.4894288900302,0.07706185933970584,0.00029909205038554284,92010.55,8,356.0406607129304,615982.0,8,358.4894288900302,0.1493721407443724,0.000584505657614828,0.8462588077114023,0.09106181068662635,0.0003534285819658394,0.6096304855298601,0.5159051678290226,0.0028433766726727776,0.003359937464476528,5,2
15,5,3,58014.89,8,270.2226255039167,882568.0,8,279.2975293733727,0.06573418705414201,0.00030688353995927064,58014.89,8,270.2226255039167,458091.0,8,279.2975293733727,0.12664490243204954,0.0005949207249074238,0.8462588077114023,0.07767622204359874,0.00036263556392304806,0.6133387175632702,0.5190432918483335,0.0034375544401529486,0.004062060458134989,5,3
15,5,4,40678.0,8,217.20867539115466,643325.0,8,220.5695395142992,0.06323087086620292,0.0003383297270932403,40678.0,8,217.20867539115466,335048.0,8,220.5695395142992,0.1214094696879253,0.0006531996282824867,0.8462588077114023,0.07471812439648652,0.0003997946302127234,0.6154225414915684,0.5208067462013757,0.00395181901990904,0.004669752307330454,5,4
15,5,5,53519.626000000004,8,254.46887593438612,791385.0,8,249.8724624559297,0.06762779936440545,0.0003222569747436504,53519.626000000004,8,254.46887593438612,416292.0,8,249.8724624559297,0.12856270598522193,0.0006161265498776804,0.8462588077114023,0.0799138499335636,0.0003808019152145108,0.6215943365624986,0.5260296821395402,0.0035550423384003403,0.00420089257093169,5,5
15,5,6,28794.358,8,179.08840063602668,387405.0,8,176.73295859592798,0.0743262425626928,0.00046351881034344166,28794.358,8,179.08840063602668,205975.0,8,176.73295859592798,0.13979540235465468,0.0008777015630121831,0.8462588077114023,0.08782921003055617,0.0005477270146197574,0.6282696608843931,0.5316787341412734,0.004704991136922422,0.0055597544085200885,5,6
15,5,7,14637.674,8,124.85143770633961,177684.0,8,121.54169331237738,0.08238037189617524,0.000704915940839834,14637.674,8,124.85143770633961,96060.0,8,121.54169331237738,0.1523805330002082,0.0013139459096572108,0.8462588077114023,0.09734654593310801,0.0008329791482421178,0.6388384658883888,0.5406226784628893,0.0065674450710047115,0.007760563330224614,5,7
15,5,8,8240.5497,8,93.12877929251785,92546.0,8,88.7080520064808,0.08904274306831197,0.0010099102239775957,8240.5497,8,93.12877929251785,51090.0,8,88.7080520064808,0.1612947680563711,0.001844226029033618,0.8462588077114023,0.10521928074121507,0.0011933822310325698,0.6523415607903776,0.5520497914550602,0.008890770321075374,0.010505970797656233,5,8
15,5,9,1791.786,8,43.96144088289191,20277.0,8,40.63773462005479,0.08836543867436011,0.0021752655971065227,1791.786,8,43.96144088289191,11542.0,8,40.63773462005479,0.15524051290937446,0.003847841711977954,0.8462588077114023,0.10441892937378465,0.0025704495802994923,0.6726267996469569,0.56921635350397,0.01988467411286602,0.02349715469035005,5,9
15,5,10,231.7615,8,16.489940552533838,3931.0,8,17.074718192330437,0.05895738997710506,0.004202655810370278,231.7615,8,16.489940552533838,2269.0,8,17.074718192330437,0.10214257382106655,0.007308027293979748,0.8462588077114023,0.06966827339327518,0.004966159019054488,0.6820689041507817,0.5772068176036632,0.05829581883542717,0.06888651356324514,5,10
15,5,11,0.0,8,0.0,117.0,8,0.0,0.0,,0.0,8,0.0,66.0,8,0.0,0.0,,0.8462588077114023,0.0,,,,,,5,11
15,6,1,66707.18,8,299.9992158633919,562642.0,8,313.8324854676456,0.11856061225432868,0.0005372827290265703,66707.18,8,299.9992158633919,293969.0,8,313.8324854676456,0.22691909691157908,0.0010488722663999682,0.8462588077114023,0.14009970847448022,0.0006348917424913805,0.6173993744081894,0.52247965846844,0.0033820797984061447,0.0039965076494182,6,1
15,6,2,39533.04,8,218.95891418649754,405438.0,8,223.57581508687383,0.097506992437808,0.0005427253608350004,39533.04,8,218.95891418649754,213261.0,8,223.57581508687383,0.18537397836453923,0.001044948775975415,0.8462588077114023,0.1152212438432435,0.0006413231459330168,0.6215610457291914,0.5260015094786379,0.004166915619609596,0.004923925850625392,6,2
15,6,3,23455.435,8,164.65881961146204,288185.0,8,171.3453751667958,0.08139020073910856,0.0005734106143254088,23455.435,8,164.65881961146204,152950.0,8,171.3453751667958,0.15335361229159858,0.001090174890454252,0.8462588077114023,0.09617648879687038,0.000677583038546002,0.6271550266060435,0.5307354650658431,0.005311898737760933,0.006276919884741026,6,3
15,6,4,14920.831,8,128.5866319482706,200693.0,8,128.8182668570339,0.07434654422426293,0.0006424877579944286,14920.831,8,128.5866319482706,107030.0,8,128.8182668570339,0.13940793235541438,0.0012130673166107536,0.8462588077114023,0.08785319992748265,0.0007592095374841106,0.6301879559012811,0.5333021081951039,0.006540247738935763,0.007728425015301194,6,4
15,6,5,17051.466,8,140.24070420994042,228013.0,8,138.18774566903537,0.07478286764351155,0.0006167233365410003,17051.466,8,140.24070420994042,122586.0,8,138.18774566903537,0.1390979883510352,0.0011547146557806271,0.8462588077114023,0.088368790920773,0.0007287644523415348,0.6352988419772164,0.5376272405520737,0.006291034086363194,0.007433936319524384,6,5
15,6,6,7785.2171,8,90.94466084159312,97363.0,8,88.48542537034052,0.07996073559771165,0.0009369007927285372,7785.2171,8,90.94466084159312,53338.0,8,88.48542537034052,0.14596004912070193,0.0017221710011500705,0.8462588077114023,0.09448733043494713,0.0011071090595349482,0.6473506346713453,0.5478261762681922,0.009109459203608377,0.010764389239556318,6,6
15,6,7,3013.432,8,56.618847124168816,36398.0,8,54.546466719944384,0.08279114237045991,0.0015604884896751052,3013.432,8,56.618847124168816,20394.0,8,54.546466719944384,0.14776071393547122,0.0028042383742820053,0.8462588077114023,0.09783194173701763,0.001843984931625403,0.6620971104656543,0.5603055112918292,0.014986883190224185,0.01770957425040488,6,7
15,6,8,1223.318,8,36.12805726315767,14900.0,8,34.8812137519611,0.08210187919463087,0.0024323076819378663,1223.318,8,36.12805726315767,8447.0,8,34.8812137519611,0.1448227773173908,0.004318635791132432,0.8462588077114023,0.09701745901666277,0.002874188912155288,0.669904698789481,0.5669127516778523,0.023829967025278904,0.028159195281788528,6,8
15,6,9,12.8229,8,3.816,1978.0,8,3.816,0.0064827603640040445,0.0019292619742733448,12.8229,8,3.816,1125.0,8,3.816,0.011398133333333334,0.0033922203328281128,0.8462588077114023,0.0076604938169398005,0.0022797540855034465,0.6720831905463877,0.5687563195146612,0.2393767748449287,0.2828647367255087,6,9
15,6,10,0.0,8,0.0,100.0,8,0.0,0.0,,0.0,8,0.0,52.0,8,0.0,0.0,,0.8462588077114023,0.0,,,,,,6,10
15,6,11,0.0,8,0.0,0.0,8,0.0,,,0.0,8,0.0,0.0,8,0.0,,,0.8462588077114023,,,,,,,6,11
15,7,1,9877.62,8,107.29903432300777,76882.0,8,119.43380434943869,0.12847766707421765,0.001409831647244312,9877.62,8,107.29903432300777,41692.0,8,119.43380434943869,0.23691883334932362,0.002661598177639287,0.8462588077114023,0.15181841051872644,0.0016659580194586332,0.6408034700005408,0.5422855804999871,0.008516168327725077,0.010063314260510863,7,1
15,7,2,4755.642,8,72.73920554315946,47699.0,8,78.33675145511205,0.0997010838801652,0.0015337284033616382,4755.642,8,72.73920554315946,26089.0,8,78.33675145511205,0.18228533098240637,0.0028413351905733604,0.8462588077114023,0.1178139393902368,0.0018123632975938044,0.6463160735715362,0.5469506698253632,0.011978203006071865,0.014154302320900349,7,2
15,7,3,2416.3336,8,51.22326005679451,28068.0,8,53.44790965796137,0.08608855636311814,0.001832318092221681,2416.3336,8,51.22326005679451,15660.0,8,53.44790965796137,0.1542997190293742,0.0033130843067324385,0.8462588077114023,0.10172840220822461,0.0021651982532116254,0.6592909102372277,0.5579307396323215,0.01686805663525823,0.019932503486581973,7,3
15,7,4,1077.025,8,34.304483881466574,16313.0,8,35.95470324053586,0.06602249739471587,0.0021079211781160905,1077.025,8,34.304483881466574,9204.0,8,35.95470324053586,0.11701705780095611,0.003755055011537174,0.8462588077114023,0.07801691018527204,0.002490870592906077,0.666713995817408,0.5642125911849445,0.025540261759579037,0.030180201998309928,7,4
15,7,5,790.1158,8,29.140335787586597,13829.0,8,31.168098549475232,0.05713470243690795,0.0021111213570837056,790.1158,8,29.140335787586597,7966.0,8,31.168098549475232,0.09918601556615617,0.0036786165288446963,0.8462588077114023,0.06751445528989101,0.0024946521535095874,0.6806852246712087,0.5760358666570251,0.03015710770200125,0.035635797733742064,7,5
15,7,6,79.6446,8,9.54914041795386,3485.0,8,10.998796623926637,0.022853543758967,0.00274101811536424,79.6446,8,9.54914041795386,1963.0,8,10.998796623926637,0.04057289862455425,0.004869873633022483,0.8462588077114023,0.02700538363762672,0.0032389832642060997,0.6656015358311957,0.5632711621233859,0.09557682063850724,0.11294041464334348,7,6
15,7,7,0.0,8,0.0,598.0,8,0.0,0.0,,0.0,8,0.0,334.0,8,0.0,0.0,,0.8462588077114023,0.0,,,,,,7,7
15,7,8,0.0,8,0.0,41.0,8,0.0,0.0,,0.0,8,0.0,18.0,8,0.0,0.0,,0.8462588077114023,0.0,,,,,,7,8
15,7,9,0.0,8,0.0,0.0,8,0.0,,,0.0,8,0.0,0.0,8,0.0,,,0.8462588077114023,,,,,,,7,9
15,7,10,0.0,8,0.0,0.0,8,0.0,,,0.0,8,0.0,0.0,8,0.0,,,0.8462588077114023,,,,,,,7,10
15,7,11,0.0,8,0.0,0.0,8,0.0,,,0.0,8,0.0,0.0,8,0.0,,,0.8462588077114023,,,,,,,7,11
15,8,1,0.0,8,0.0,298.06506,8,19.081175024785555,0.0,,0.0,8,0.0,295.06506,8,19.081175024785555,0.0,,0.8462588077114023,0.0,,,,,,8,1
15,8,2,0.0,8,0.0,119.56811,8,12.183234967745635,0.0,,0.0,8,0.0,118.56811,8,12.183234967745635,0.0,,0.8462588077114023,0.0,,,,,,8,2
15,8,3,0.0,8,0.0,13.9864,8,4.67258,0.0,,0.0,8,0.0,13.9864,8,4.67258,0.0,,0.8462588077114023,0.0,,,,,,8,3
15,8,4,0.0,8,0.0,30.2678,8,6.656732102420826,0.0,,0.0,8,0.0,30.2678,8,6.656732102420826,0.0,,0.8462588077114023,0.0,,,,,,8,4
15,8,5,0.0,8,0.0,24.47021,8,5.369260006788645,0.0,,0.0,8,0.0,24.47021,8,5.369260006788645,0.0,,0.8462588077114023,0.0,,,,,,8,5
15,8,6,0.0,8,0.0,0.0,8,0.0,,,0.0,8,0.0,0.0,8,0.0,,,0.8462588077114023,,,,,,,8,6
15,8,7,0.0,8,0.0,0.0,8,0.0,,,0.0,8,0.0,0.0,8,0.0,,,0.8462588077114023,,,,,,,8,7
15,8,8,0.0,8,0.0,0.0,8,0.0,,,0.0,8,0.0,0.0,8,0.0,,,0.8462588077114023,,,,,,,8,8
15,8,9,0.0,8,0.0,0.0,8,0.0,,,0.0,8,0.0,0.0,8,0.0,,,0.8462588077114023,,,,,,,8,9
15,8,10,0.0,8,0.0,0.0,8,0.0,,,0.0,8,0.0,0.0,8,0.0,,,0.8462588077114023,,,,,,,8,10
15,8,11,0.0,8,0.0,0.0,8,0.0,,,0.0,8,0.0,0.0,8,0.0,,,0.8462588077114023,,,,,,,8,11
16,1,1,71636.26,8,894.7548433973409,58250860.0,8,909.0428725406739,0.001229788882086891,1.536038337946455e-05,71636.26,8,894.7548433973409,34993870.0,8,909.0428725406739,0.0020471088222022886,2.5568957607539048e-05,0.8885582699796968,0.0013840272761346212,1.7286861085447473e-05,0.6760887653474517,0.6007442636898408,0.010611491326713959,0.011942369662438038,1,1
16,1,2,63944.82,8,478.86338793386574,22643690.0,8,448.0714377988961,0.0028239575793521285,2.114783675597282e-05,63944.82,8,478.86338793386574,13623070.0,8,448.0714377988961,0.004693862690274659,3.515125493348551e-05,0.8885582699796968,0.0031781343720054004,2.3800168734523216e-05,0.677082944626877,0.6016276499104166,0.006371649865447598,0.007170773241008931,1,2
16,1,3,42434.83,8,273.8412924290272,10866840.0,8,270.55443966093037,0.0039049834174424212,2.5199904525141427e-05,42434.83,8,273.8412924290272,6548097.0,8,270.55443966093037,0.006480482802866238,4.1820838233237754e-05,0.8885582699796968,0.004394740952139975,2.8360441151166412e-05,0.6781502375403627,0.6025760018551851,0.005499324734425877,0.006189042317451543,1,3
16,1,4,18387.27,8,158.40199718194845,5738471.0,8,162.25617724185418,0.003204210668660694,2.760366836144282e-05,18387.27,8,158.40199718194845,3465436.0,8,162.25617724185418,0.005305903788152487,4.570978563886215e-05,0.8885582699796968,0.0036060782696152377,3.106568167113402e-05,0.6796350656917721,0.6038953581886185,0.007357401655696631,0.008280156636058033,1,4
16,1,5,5468.675,8,80.20256509538831,5015200.0,8,109.50947455033285,0.001090420122826607,1.599191537514384e-05,5468.675,8,80.20256509538831,3033812.0,8,109.50947455033285,0.0018025754397437944,2.6436314451891486e-05,0.8885582699796968,0.0012271790828659135,1.7997598936881482e-05,0.6807920799366579,0.6049234327643962,0.012546495880504278,0.01412005976917075,1,5
16,1,6,0.0,8,0.0,1666891.0,8,43.36218613278625,0.0,,0.0,8,0.0,1009997.0,8,43.36218613278625,0.0,,0.8885582699796968,0.0,,,,,,1,6
16,1,7,0.0,8,0.0,556236.0,8,18.78348032547749,0.0,,0.0,8,0.0,337668.0,8,18.78348032547749,0.0,,0.8885582699796968,0.0,,,,,,1,7
16,1,8,0.0,8,0.0,214805.0,8,18.06045622880275,0.0,,0.0,8,0.0,130507.0,8,18.06045622880275,0.0,,0.8885582699796968,0.0,,,,,,1,8
16,1,9,0.0,8,0.0,32690.0,8,0.0,0.0,,0.0,8,0.0,20076.0,8,0.0,0.0,,0.8885582699796968,0.0,,,,,,1,9
16,1,10,0.0,8,0.0,3062.0,8,0.0,0.0,,0.0,8,0.0,1909.0,8,0.0,0.0,,0.8885582699796968,0.0,,,,,,1,10
16,1,11,0.0,8,0.0,7.0,8,0.0,0.0,,0.0,8,0.0,5.0,8,0.0,0.0,,0.8885582699796968,0.0,,,,,,1,11
16,2,1,179173.19,8,1062.5487652898573,6864853.0,8,1171.8594541078721,0.026100076724148356,0.0001548451044673235,179173.19,8,1062.5487652898573,4099067.0,8,1171.8594541078721,0.04371072490398425,0.00025951825406898306,0.8885582699796968,0.029373511682857595,0.00017426555995124737,0.6719978162654582,0.5971092170509696,0.005011718068606208,0.005640280708569314,2,1
16,2,2,167105.78,8,696.9637372169444,5031712.0,8,695.991132572104,0.03321052158788102,0.00013859038714161015,167105.78,8,696.9637372169444,3008827.0,8,695.991132572104,0.05553851384609351,0.00023199566403875704,0.8885582699796968,0.037375738553015625,0.0001559721988123265,0.6729697279367257,0.5979728172041643,0.003530758864747805,0.003973581681737633,2,2
16,2,3,135645.47,8,494.04901185474506,3598750.0,8,480.3853556833826,0.037692384855852724,0.00013737567444450935,135645.47,8,494.04901185474506,2157346.0,8,480.3853556833826,0.06287608478194967,0.00022943536498710532,0.8885582699796968,0.04241971081616739,0.00015460513855512068,0.6746557290148758,0.599470927405349,0.003091710520826598,0.0034794685112741605,2,3
16,2,4,102302.99,8,579.033973460487,2560061.0,8,375.1036636256436,0.039961153269394756,0.00022625553067517814,102302.99,8,579.033973460487,1536500.0,8,375.1036636256436,0.06658183534005858,0.0003772029549173559,0.8885582699796968,0.04497302497708772,0.0002546321815004299,0.6754548706474295,0.6001810113118398,0.004807148567508036,0.00541005438801203,2,4
16,2,5,118924.33,8,404.3461750833066,3082335.0,8,396.9105820753712,0.038582545375502666,0.00013127582228096143,118924.33,8,404.3461750833066,1854257.0,8,396.9105820753712,0.06413583985391454,0.0002184954395417504,0.8885582699796968,0.04342151401774052,0.00014774025150197638,0.6770241742626886,0.6015754290172872,0.002896496386998855,0.0032597708950084267,2,5
16,2,6,42413.16,8,225.84614879984116,1555851.0,8,227.29995144814703,0.02726042532350463,0.00014521386255263424,42413.16,8,225.84614879984116,938593.0,8,227.29995144814703,0.04518802079282501,0.00024087073992507907,0.8885582699796968,0.03067938957354763,0.00016342638120508667,0.6789274908543667,0.6032666367152124,0.004546136176910202,0.005116306190042077,2,6
16,2,7,12138.35,8,115.96950931710455,791867.0,8,122.70615879962993,0.015328773645069184,0.0001464700031222303,12138.35,8,115.96950931710455,478726.0,8,122.70615879962993,0.0253555269611427,0.00024233327033058586,0.8885582699796968,0.017251286902567955,0.00016484006516036037,0.6803757984996929,0.6045535424509418,0.008170349127711134,0.00919506283802617,2,7
16,2,8,2423.674,8,51.117771684415196,512350.0,8,63.5779467302932,0.004730504537913536,9.977292170946734e-05,2423.674,8,51.117771684415196,311048.0,8,63.5779467302932,0.007791961369306345,0.00016434817823745052,0.8885582699796968,0.005323797771891342,0.00011228630139444554,0.6832423211006341,0.6071006148140919,0.018108702575731602,0.020379870614614142,2,8
16,2,9,0.0,8,0.0,170388.0,8,15.400871130527,0.0,,0.0,8,0.0,103495.0,8,15.400871130527,0.0,,0.8885582699796968,0.0,,,,,,2,9
16,2,10,0.0,8,0.0,55968.0,8,5.44521,0.0,,0.0,8,0.0,33987.0,8,5.44521,0.0,,0.8885582699796968,0.0,,,,,,2,10
16,2,11,0.0,8,0.0,7527.0,8,0.0,0.0,,0.0,8,0.0,4557.0,8,0.0,0.0,,0.8885582699796968,0.0,,,,,,2,11
16,3,1,168151.07,8,836.5065068718832,3525368.0,8,848.9916380347925,0.04769745172702538,0.00023755990730566824,168151.07,8,836.5065068718832,2104264.0,8,848.9916380347925,0.07990968338573487,0.0003988345081532927,0.8885582699796968,0.05367959911972374,0.00026735433716811437,0.671753370121679,0.59689201240835,0.004208689545520278,0.004736537476170747,3,1
16,3,2,138473.87,8,568.8638728419128,2745635.0,8,592.3370479454413,0.0504341873555662,0.00020747395566959894,138473.87,8,568.8638728419128,1639857.0,8,592.3370479454413,0.08444264957249321,0.00034823684532544726,0.8885582699796968,0.05675957228637195,0.00023349504774103296,0.6721671166611654,0.597259650317686,0.0034790009858142873,0.003915332402335056,3,2
16,3,3,115952.32,8,432.06091585786834,2109690.0,8,448.0162121869699,0.05496178111476094,0.00020513062056993318,115952.32,8,432.06091585786834,1260337.0,8,448.0162121869699,0.0920010441651717,0.0003443702187809399,0.8885582699796968,0.06185501049471611,0.00023085781484496267,0.6723294399101201,0.5974038839829549,0.003157804366915096,0.003553851754693871,3,3
16,3,4,91591.44,8,351.8571578056641,1587130.0,8,362.06734647715746,0.05770884552620138,0.0002220845205740982,91591.44,8,351.8571578056641,950231.0,8,362.06734647715746,0.09638860445512723,0.0003721028565189159,0.8885582699796968,0.06494660786570589,0.0002499380491716911,0.6737996491684983,0.5987102505780875,0.003263543198502599,0.003672852202002656,3,4
16,3,5,132171.38,8,450.2619809232843,2028297.0,8,410.3173287893286,0.06516372109212804,0.00022238122164863324,132171.38,8,450.2619809232843,1218863.0,8,410.3173287893286,0.10843825762206254,0.0003712107547690642,0.8885582699796968,0.07333646345288869,0.00025027196207820404,0.6762969551621407,0.6009292524714083,0.002904721593814605,0.003269027695708664,3,5
16,3,6,75867.63,8,305.034275083047,1080395.0,8,297.63414960661015,0.07022212246446902,0.0002829978595986019,75867.63,8,305.034275083047,649992.0,8,297.63414960661015,0.11672086733375181,0.0004723229883586276,0.8885582699796968,0.07902928241956891,0.00031849105360875015,0.6770792937443866,0.601624405888587,0.0034359129995798596,0.003866840381394874,3,6
16,3,7,41894.64,8,217.7055217305248,572721.0,8,211.94752530966244,0.07315017259712844,0.00038108762500817846,41894.64,8,217.7055217305248,345698.0,8,211.94752530966244,0.12118855185740154,0.0006341243561439176,0.8885582699796968,0.08232456448669359,0.00042888309960458323,0.6793097468774287,0.6036062934657538,0.004456890942339465,0.0050158679435185535,3,7
16,3,8,28091.42,8,175.79190708977475,401119.0,8,168.9418716042592,0.0700326337072041,0.0004392452293651999,28091.42,8,175.79190708977475,242937.0,8,168.9418716042592,0.11563253024446667,0.0007280653686807428,0.8885582699796968,0.0788160282485518,0.0004943347490032775,0.6816077455186825,0.605648199162842,0.005382518480158538,0.00605758638685736,3,8
16,3,9,8549.966,8,95.21602289347103,157531.0,8,92.43784510599541,0.05427481575055069,0.0006052656836099493,8549.966,8,95.21602289347103,95829.0,8,92.43784510599541,0.08922107086581306,0.000997323789848138,0.8885582699796968,0.06108188689953991,0.000681177255402484,0.6846127972551014,0.6083183627349538,0.00960516312252614,0.010809829188518628,3,9
16,3,10,2339.143,8,49.91727233182919,71815.0,8,49.862563625730274,0.032571788623546614,0.0006954492304523561,2339.143,8,49.91727233182919,43764.0,8,49.862563625730274,0.053449022027236996,0.0011422257398283984,0.8885582699796968,0.03665689659755332,0.0007826714960046986,0.6858291360106344,0.6093991505952796,0.01840920061586205,0.020718056696813692,3,10
16,3,11,71.141,8,9.403181674247287,20562.0,8,15.336129245454995,0.0034598288104270014,0.0004573159895886709,71.141,8,9.403181674247287,12578.0,8,15.336129245454995,0.005655986643345524,0.0007476213819852162,0.8885582699796968,0.0038937556796427735,0.00051467191858911,0.6884308477326267,0.611710923061959,0.11434805727093468,0.12868942998363794,3,11
16,4,1,140040.84,8,574.4676449418191,2131808.0,8,596.9469924649926,0.06569111289572044,0.00027010148171717014,140040.84,8,574.4676449418191,1271572.0,8,596.9469924649926,0.11013205701289427,0.00045472633484045346,0.8885582699796968,0.07392999999563502,0.0003039772301295917,0.671285019101925,0.596475855236494,0.003475666645367538,0.003911579873593384,4,1
16,4,2,103046.29999999999,8,434.8310564223535,1685965.0,8,431.62174200195244,0.061120070701349075,0.00025838648363515405,103046.29999999999,8,434.8310564223535,1008208.0,8,431.62174200195244,0.10220738181010267,0.0004335049158307814,0.8885582699796968,0.06878566411040847,0.00029079295344475056,0.6730009407560166,0.5980005516128746,0.0035811012996739065,0.004030237994133725,4,2
16,4,3,81537.03,8,352.18359246919783,1311439.0,8,359.61329599542063,0.06217371147266476,0.00026908807578107516,81537.03,8,352.18359246919783,785745.0,8,359.61329599542063,0.10377034534104576,0.00045072527312542356,0.8885582699796968,0.06997145102716269,0.0003028367242445717,0.6742913960361071,0.5991471963240379,0.003673779344827277,0.004134539589520923,4,3
16,4,4,65213.247,8,296.3533072805161,999645.0,8,293.8196986464829,0.06523640592410306,0.0002970779951489478,65213.247,8,296.3533072805161,599870.0,8,293.8196986464829,0.10871229933152184,0.0004968905383122336,0.8885582699796968,0.07341826431438614,0.0003343370999807767,0.675344600066775,0.6000830294754638,0.0038717657276411415,0.004357357146346306,4,4
16,4,5,95626.879,8,354.29263329651667,1322701.0,8,351.96489743320996,0.0722966709785507,0.0002685453788554044,95626.879,8,354.29263329651667,794389.0,8,351.96489743320996,0.12037789924080017,0.00044917165097290216,0.8885582699796968,0.08136401789406862,0.0003022259630328358,0.6759049493903412,0.600580932500996,0.0031620682832331866,0.0035586504454068494,4,5
16,4,6,59679.267,8,263.7704737002608,736741.0,8,262.4993344568706,0.08100440589026538,0.0003591847856707986,59679.267,8,263.7704737002608,444044.0,8,262.4993344568706,0.13439944464962933,0.0005993085828229598,0.8885582699796968,0.09116386468623638,0.0004042332369254814,0.6783053674358156,0.6027138438067109,0.0037901880650701315,0.004265548127931706,4,6
16,4,7,35668.212999999996,8,206.1152369373259,401204.0,8,197.13497317789657,0.08890293466665336,0.0005155955658297769,35668.212999999996,8,206.1152369373259,241918.0,8,197.13497317789657,0.14743926867781643,0.0008604340605538349,0.8885582699796968,0.10005301584631558,0.0005802608374142509,0.6786049384506304,0.6029800301093708,0.00496101922322798,0.005583223285222854,4,7
16,4,8,27060.366,8,173.40480692117507,284190.0,8,167.5660208391606,0.09521927583658821,0.0006127496323602944,27060.366,8,173.40480692117507,171792.0,8,167.5660208391606,0.15751819642358203,0.0010210145392612416,0.8885582699796968,0.10716154365291533,0.0006895998304920347,0.6803121549509578,0.6044969914493824,0.005521340344623378,0.006213819094553629,4,8
16,4,9,11237.278,8,109.28655768812558,112223.0,8,103.83949733376987,0.10013346640171801,0.0009782315630901958,11237.278,8,109.28655768812558,67924.0,8,103.83949733376987,0.16543899063659384,0.0016287105752639725,0.8885582699796968,0.1126920650955238,0.0011009199915640287,0.6811699265203156,0.6052591714710889,0.008394542747457328,0.009447374506625366,4,9
16,4,10,5383.816,8,75.32458697284706,50678.0,8,71.53930100259576,0.1062357630530013,0.001493883474192571,5383.816,8,75.32458697284706,30944.0,8,71.53930100259576,0.17398578076525337,0.002467232194548599,0.8885582699796968,0.11955970322062136,0.0016812442409958163,0.6871808873963945,0.6106002604680532,0.012194128785768612,0.013723499288400347,4,10
16,4,11,1832.883,8,44.16828707149509,16634.0,8,38.37426145154067,0.11018895034267163,0.0026674418540550077,1832.883,8,44.16828707149509,10089.0,8,38.37426145154067,0.18167142432352068,0.004432063872262903,0.8885582699796968,0.12400869370692978,0.003001988664306684,0.6825987860704772,0.6065287964410243,0.02084544080969509,0.023459846713453476,4,11
16,5,1,95410.68,8,411.98306521870535,1173922.0,8,429.8022622485833,0.08127514434519499,0.00035220514959858663,95410.68,8,411.98306521870535,705920.0,8,429.8022622485833,0.13515792157751585,0.0005893846993203474,0.8885582699796968,0.09146855877786395,0.0003963782247017231,0.6767532210489404,0.6013346712984338,0.0036968612570872326,0.00416051640279225,5,1
16,5,2,66549.73000000001,8,315.9105479286344,916785.0,8,315.98111537631485,0.07259033470224754,0.000345492288755849,66549.73000000001,8,315.9105479286344,551150.0,8,315.98111537631485,0.12074703801143066,0.0005773495412640656,0.8885582699796968,0.08169451250946795,0.000388823446281968,0.676575706161291,0.6011769389769684,0.004055837710876375,0.004564515179144132,5,2
16,5,3,49721.233,8,253.65612343657307,710444.0,8,286.5342959173474,0.06998613965351246,0.00035815289607175665,49721.233,8,253.65612343657307,426989.0,8,286.5342959173474,0.1164461684024647,0.0005991750964597213,0.8885582699796968,0.07876370297595858,0.0004030719291824725,0.6763958321387883,0.6010171104267191,0.004361617363004009,0.0049086452856982234,5,3
16,5,4,38258.039000000004,8,222.36746456842556,545005.0,8,217.10563997360822,0.07019759268263595,0.0004089670940264086,38258.039000000004,8,222.36746456842556,327569.0,8,217.10563997360822,0.11679383274974128,0.0006832407949975019,0.8885582699796968,0.07900167614695651,0.0004602591724634484,0.6764199297769129,0.6010385225823617,0.0049622559202825,0.005584615087084707,5,4
16,5,5,55808.583,8,290.98199114326644,733189.0,8,263.6872539873135,0.07611759450837369,0.00039781475536019456,55808.583,8,290.98199114326644,442581.0,8,263.6872539873135,0.12609800917798097,0.0006617446055199259,0.8885582699796968,0.0856641562855669,0.00044770812314794443,0.6793458266629433,0.6036383524575518,0.004470773477377206,0.005031491606599264,5,5
16,5,6,34817.905,8,198.9084571661547,418144.0,8,199.85694417785461,0.08326773790847172,0.00047735565427106696,34817.905,8,198.9084571661547,252942.0,8,199.85694417785461,0.137651734389702,0.0007938654651783237,0.8885582699796968,0.0937110606267548,0.0005372249298652911,0.6807837259896198,0.6049160097956685,0.004919027277857684,0.0055359647690523235,5,6
16,5,7,21240.7091,8,158.68512947731682,233723.0,8,148.80373657742737,0.09087984109394454,0.0006814062713522414,21240.7091,8,158.68512947731682,141721.0,8,148.80373657742737,0.14987693496376683,0.001130705327451767,0.8885582699796968,0.10227786310066204,0.0007668672887010678,0.6824122946295106,0.6063630879288731,0.006449536092875408,0.007258427849670206,5,7
16,5,8,16667.6321,8,134.50259810221846,166806.0,8,126.15006301378133,0.09992225759265254,0.0008098747554198992,16667.6321,8,134.50259810221846,100764.0,8,126.15006301378133,0.16541256897304593,0.0013507960954167516,0.8885582699796968,0.11245436677432052,0.000911448109574631,0.679841728306904,0.6040789899643897,0.006950296387087636,0.007821992796540455,5,8
16,5,9,6521.1024,8,83.10288801062752,64891.0,8,77.97524621098032,0.10049317162626557,0.0012863341228330936,6521.1024,8,83.10288801062752,39237.0,8,77.97524621098032,0.16619778270509977,0.00214357049435035,0.8885582699796968,0.11309688404403889,0.0014476643415433923,0.6804957455101386,0.6046601223590328,0.010987464061212059,0.012365496369149902,5,9
16,5,10,2971.9187,8,56.05934637150169,27682.0,8,50.4313084945255,0.10735924788671339,0.002034542198748351,2971.9187,8,56.05934637150169,16714.0,8,50.4313084945255,0.17781014119899485,0.003396673960158556,0.8885582699796968,0.12082409394396443,0.002289711623296061,0.6795118272176899,0.6037858536232931,0.016246774449562077,0.018284422078400454,5,10
16,5,11,829.9617,8,29.778424715973475,7763.0,8,28.244637982590607,0.10691249516939327,0.003855615212322627,829.9617,8,29.778424715973475,4694.0,8,28.244637982590607,0.17681331487004687,0.006432527865172502,0.8885582699796968,0.12032131012841306,0.004339181056083948,0.6804991480242654,0.6046631456910988,0.03097439129827535,0.03485915594368741,5,11
16,6,1,44648.99,8,249.75479775035353,489266.0,8,259.43652827570367,0.09125708714686898,0.0005127567415470672,44648.99,8,249.75479775035353,295226.0,8,259.43652827570367,0.1512366458238773,0.0008563541548402122,0.8885582699796968,0.10270242282360859,0.0005770659717778368,0.6790842408870317,0.6034059182530566,0.004813396125706683,0.005417085506183705,6,1
16,6,2,30536.16,8,198.4233272909967,378116.0,8,207.3330814433143,0.0807587089676184,0.000526633475602808,30536.16,8,198.4233272909967,228419.0,8,207.3330814433143,0.13368485108506736,0.0008771155496678568,0.8885582699796968,0.09088735280069331,0.0005926831063255327,0.6798627672694132,0.6040976843085191,0.005588214681859995,0.006289080717224863,6,2
16,6,3,22347.393,8,166.2690225862292,289003.0,8,164.58824248074345,0.07732581668702401,0.0005770023038791613,22347.393,8,166.2690225862292,174702.0,8,164.58824248074345,0.12791721331181097,0.0009593288753880749,0.8885582699796968,0.08702391199261572,0.0006493691222887899,0.6803143200163864,0.604498915236174,0.006395272473940947,0.0071973585638757005,6,3
16,6,4,16302.7111,8,139.9190560905483,219945.0,8,137.49692635444617,0.07412176271340562,0.0006378400652237435,16302.7111,8,139.9190560905483,132769.0,8,137.49692635444617,0.12279004210320181,0.0010614976329626426,0.8885582699796968,0.08341801007051487,0.0007178370701994793,0.6793548454067979,0.6036463661369887,0.007363102340750405,0.008286572293023223,6,4
16,6,5,22859.7431,8,163.87639643856372,290381.0,8,161.45547184879953,0.07872327425003701,0.0005660444894250944,22859.7431,8,163.87639643856372,175259.0,8,161.45547184879953,0.1304340610182644,0.0009427418321987648,0.8885582699796968,0.08859663672010594,0.0006370369941388631,0.6792446392334587,0.6035484415302653,0.006153251216394748,0.00692498334018696,6,5
16,6,6,13035.8587,8,119.60425698526328,161771.0,8,118.19880508954775,0.08058217294817983,0.0007416836717318881,13035.8587,8,119.60425698526328,97906.0,8,118.19880508954775,0.13314667844667336,0.0012321534793587234,0.8885582699796968,0.0906886758816854,0.0008347045959617655,0.6811185749406973,0.6052135426003424,0.00789921499901782,0.008889923447787294,6,6
16,6,7,7710.394,8,92.20232781698084,88089.0,8,86.75806084941041,0.08752958939254618,0.0010502391974204072,7710.394,8,92.20232781698084,53678.0,8,86.75806084941041,0.14364160363649914,0.0017333116500532057,0.8885582699796968,0.09850742753713405,0.001181958722239347,0.6857861861972658,0.6093609871834168,0.010369504580645101,0.011670033278607645,6,7
16,6,8,5703.5779999999995,8,78.04197923938116,60248.0,8,72.7743154779899,0.09466833753817554,0.0013003831301616438,5703.5779999999995,8,78.04197923938116,36765.0,8,72.7743154779899,0.15513608051135588,0.0021448219116538283,0.8885582699796968,0.10654150744704528,0.0014634753556357729,0.6867616295053071,0.6102277254016731,0.011892796411175898,0.013384374230682299,6,8
16,6,9,2159.083,8,48.14096103569184,21866.0,8,45.02540726956281,0.09874156224275131,0.0022110041374053782,2159.083,8,48.14096103569184,13320.0,8,45.02540726956281,0.16209331831831833,0.0036554836330551523,0.8885582699796968,0.11112559027221425,0.0024883051704148776,0.6855655213004288,0.6091649135644379,0.019359316573013378,0.02178733486263735,6,9
16,6,10,679.8841,8,27.07651182888963,7764.0,8,24.059496248986594,0.08756879185986605,0.003497985190976191,679.8841,8,27.07651182888963,4707.0,8,24.059496248986594,0.14444106649670704,0.005799578221708701,0.8885582699796968,0.09855154672283559,0.003936697579840339,0.6822958948802995,0.606259659969088,0.03433710816563693,0.038643620036783316,6,10
16,6,11,0.0,8,0.0,1172.0,8,0.0,0.0,,0.0,8,0.0,699.0,8,0.0,0.0,,0.8885582699796968,0.0,,,,,,6,11
16,7,1,10596.146,8,119.25287246821352,113470.0,8,125.47332024932632,0.09338279721512295,0.0010560246083245427,10596.146,8,119.25287246821352,69011.0,8,125.47332024932632,0.15354285548680646,0.0017504316850414734,0.8885582699796968,0.10509473646253578,0.0011884697312520341,0.6844651685637454,0.6081871860403631,0.009766089620849232,0.010990938862200206,7,1
16,7,2,6649.919,8,89.82126483778771,84046.0,8,93.36641460755575,0.07912237346215167,0.0010723239771129496,6649.919,8,89.82126483778771,51403.0,8,93.36641460755575,0.12936830535182772,0.0017631220098661437,0.8885582699796968,0.08904579039477016,0.0012068133439773756,0.6883122581887644,0.6116055493420269,0.01175521027464712,0.013229532234183944,7,2
16,7,3,4478.5422,8,71.57297639910472,61499.0,8,71.61882261132753,0.07282300850420331,0.0011668929671016977,4478.5422,8,71.57297639910472,37286.0,8,71.61882261132753,0.120113238212734,0.0019333820445141152,0.8885582699796968,0.08195636793281694,0.0013132430438449025,0.6823258547710039,0.6062862810777411,0.013770178369856986,0.01549721479737241,7,3
16,7,4,3227.772,8,59.34005507724104,44641.0,8,59.23822291282884,0.07230510069218879,0.001332730853894645,3227.772,8,59.34005507724104,27174.0,8,59.23822291282884,0.1187816294987856,0.0021990056659776484,0.8885582699796968,0.08137350485054957,0.0014998800854389633,0.685068096758022,0.6087229228735915,0.015902376567964015,0.017896830298284636,7,4
16,7,5,4217.7723,8,68.03471534395143,54971.0,8,66.54594625499362,0.07672722526423022,0.0012411278711195793,4217.7723,8,68.03471534395143,33022.0,8,66.54594625499362,0.12772613106413905,0.0020763005162998285,0.8885582699796968,0.0863502460744453,0.0013967883852433658,0.6760577914247132,0.6007167415546378,0.013776094816265558,0.015503873276178429,7,5
16,7,6,2013.1649,8,47.18410711574396,26969.0,8,45.559508678632604,0.074647369201676,0.001754107007941429,2013.1649,8,47.18410711574396,16336.0,8,45.559508678632604,0.12323487389813907,0.002908727585490976,0.8885582699796968,0.0840095373861994,0.001974104644798939,0.6817026279074077,0.6057325076940191,0.020174534354613072,0.022704796113229644,7,6
16,7,7,843.6906,8,30.317823352980007,12542.0,8,27.979548974695785,0.0672692234093446,0.0024219574620883396,843.6906,8,30.317823352980007,7545.0,8,27.979548974695785,0.11182115308151094,0.004039606649604668,0.8885582699796968,0.07570603491303016,0.002725715964743292,0.677027850516306,0.6015786955828416,0.03068253834426359,0.03453069920216338,7,7
16,7,8,388.4217,8,20.81185214418217,6600.0,8,19.113009726359163,0.058851772727272725,0.0031579132400275023,388.4217,8,20.81185214418217,4019.0,8,19.113009726359163,0.0966463548146305,0.005198722976506374,0.8885582699796968,0.06623287939081077,0.0035539742825190963,0.68531171732081,0.6089393939393939,0.04626639372807736,0.052069059836823674,7,8
16,7,9,11.9929,8,3.77715,1267.0,8,3.77715,0.009465588003157064,0.002981309556067102,11.9929,8,3.77715,780.0,8,3.77715,0.015375512820512822,0.004843072365156971,0.8885582699796968,0.010652748753746165,0.003355221212600074,0.6928385984976118,0.6156274664561957,0.2742258541042122,0.3086188755077122,7,9
16,7,10,0.0,8,0.0,103.0,8,0.0,0.0,,0.0,8,0.0,58.0,8,0.0,0.0,,0.8885582699796968,0.0,,,,,,7,10
16,7,11,0.0,8,0.0,0.0,8,0.0,,,0.0,8,0.0,0.0,8,0.0,,,0.8885582699796968,,,,,,,7,11
16,8,1,125.8281,8,12.086215769884303,4636.0,8,12.086215769884303,0.027141522864538397,0.002607995401178469,125.8281,8,12.086215769884303,2840.0,8,12.086215769884303,0.04430566901408451,0.004259884693078457,0.8885582699796968,0.030545574535205858,0.002935086520817662,0.6894281299644883,0.6125970664365833,0.08327133525844072,0.09371510915130352,8,1
16,8,2,39.3967,8,7.0439620665787235,2806.0,8,7.0439620665787235,0.01404016393442623,0.0025105688906330594,39.3967,8,7.0439620665787235,1659.0,8,7.0439620665787235,0.023747257383966245,0.004247105452243842,0.8885582699796968,0.01580106157218822,0.0028254409141793536,0.6653846933438652,0.5912330719885959,0.14952489133056962,0.16827809315644113,8,2
16,8,3,0.0,8,0.0,1419.0,8,0.0,0.0,,0.0,8,0.0,858.0,8,0.0,0.0,,0.8885582699796968,0.0,,,,,,8,3
16,8,4,0.0,8,0.0,677.0,8,0.0,0.0,,0.0,8,0.0,399.0,8,0.0,0.0,,0.8885582699796968,0.0,,,,,,8,4
16,8,5,0.0,8,0.0,385.0,8,0.0,0.0,,0.0,8,0.0,237.0,8,0.0,0.0,,0.8885582699796968,0.0,,,,,,8,5
16,8,6,0.0,8,0.0,18.0,8,0.0,0.0,,0.0,8,0.0,13.0,8,0.0,0.0,,0.8885582699796968,0.0,,,,,,8,6
16,8,7,0.0,8,0.0,0.0,8,0.0,,,0.0,8,0.0,0.0,8,0.0,,,0.8885582699796968,,,,,,,8,7
16,8,8,0.0,8,0.0,0.0,8,0.0,,,0.0,8,0.0,0.0,8,0.0,,,0.8885582699796968,,,,,,,8,8
16,8,9,0.0,8,0.0,0.0,8,0.0,,,0.0,8,0.0,0.0,8,0.0,,,0.8885582699796968,,,,,,,8,9
16,8,10,0.0,8,0.0,0.0,8,0.0,,,0.0,8,0.0,0.0,8,0.0,,,0.8885582699796968,,,,,,,8,10
16,8,11,0.0,8,0.0,0.0,8,0.0,,,0.0,8,0.0,0.0,8,0.0,,,0.8885582699796968,,,,,,,8,11
17,1,1,0.0,8,0.0,0.0,8,0.0,,,0.0,8,0.0,0.0,8,0.0,,,,,,,,,,1,1
17,1,2,0.0,8,0.0,0.0,8,0.0,,,0.0,8,0.0,0.0,8,0.0,,,,,,,,,,1,2
17,1,3,0.0,8,0.0,0.0,8,0.0,,,0.0,8,0.0,0.0,8,0.0,,,,,,,,,,1,3
17,1,4,0.0,8,0.0,0.0,8,0.0,,,0.0,8,0.0,0.0,8,0.0,,,,,,,,,,1,4
17,1,5,0.0,8,0.0,0.0,8,0.0,,,0.0,8,0.0,0.0,8,0.0,,,,,,,,,,1,5
17,1,6,0.0,8,0.0,0.0,8,0.0,,,0.0,8,0.0,0.0,8,0.0,,,,,,,,,,1,6
17,1,7,0.0,8,0.0,0.0,8,0.0,,,0.0,8,0.0,0.0,8,0.0,,,,,,,,,,1,7
17,1,8,0.0,8,0.0,0.0,8,0.0,,,0.0,8,0.0,0.0,8,0.0,,,,,,,,,,1,8
17,1,9,0.0,8,0.0,0.0,8,0.0,,,0.0,8,0.0,0.0,8,0.0,,,,,,,,,,1,9
17,1,10,0.0,8,0.0,0.0,8,0.0,,,0.0,8,0.0,0.0,8,0.0,,,,,,,,,,1,10
17,1,11,0.0,8,0.0,0.0,8,0.0,,,0.0,8,0.0,0.0,8,0.0,,,,,,,,,,1,11
17,2,1,0.0,8,0.0,0.0,8,0.0,,,0.0,8,0.0,0.0,8,0.0,,,,,,,,,,2,1
17,2,2,0.0,8,0.0,0.0,8,0.0,,,0.0,8,0.0,0.0,8,0.0,,,,,,,,,,2,2
17,2,3,0.0,8,0.0,0.0,8,0.0,,,0.0,8,0.0,0.0,8,0.0,,,,,,,,,,2,3
17,2,4,0.0,8,0.0,0.0,8,0.0,,,0.0,8,0.0,0.0,8,0.0,,,,,,,,,,2,4
17,2,5,0.0,8,0.0,0.0,8,0.0,,,0.0,8,0.0,0.0,8,0.0,,,,,,,,,,2,5
17,2,6,0.0,8,0.0,0.0,8,0.0,,,0.0,8,0.0,0.0,8,0.0,,,,,,,,,,2,6
17,2,7,0.0,8,0.0,0.0,8,0.0,,,0.0,8,0.0,0.0,8,0.0,,,,,,,,,,2,7
17,2,8,0.0,8,0.0,0.0,8,0.0,,,0.0,8,0.0,0.0,8,0.0,,,,,,,,,,2,8
17,2,9,0.0,8,0.0,0.0,8,0.0,,,0.0,8,0.0,0.0,8,0.0,,,,,,,,,,2,9
17,2,10,0.0,8,0.0,0.0,8,0.0,,,0.0,8,0.0,0.0,8,0.0,,,,,,,,,,2,10
17,2,11,0.0,8,0.0,0.0,8,0.0,,,0.0,8,0.0,0.0,8,0.0,,,,,,,,,,2,11
17,3,1,0.0,8,0.0,0.0,8,0.0,,,0.0,8,0.0,0.0,8,0.0,,,,,,,,,,3,1
17,3,2,0.0,8,0.0,0.0,8,0.0,,,0.0,8,0.0,0.0,8,0.0,,,,,,,,,,3,2
17,3,3,0.0,8,0.0,0.0,8,0.0,,,0.0,8,0.0,0.0,8,0.0,,,,,,,,,,3,3
17,3,4,0.0,8,0.0,0.0,8,0.0,,,0.0,8,0.0,0.0,8,0.0,,,,,,,,,,3,4
17,3,5,0.0,8,0.0,0.0,8,0.0,,,0.0,8,0.0,0.0,8,0.0,,,,,,,,,,3,5
17,3,6,0.0,8,0.0,0.0,8,0.0,,,0.0,8,0.0,0.0,8,0.0,,,,,,,,,,3,6
17,3,7,0.0,8,0.0,0.0,8,0.0,,,0.0,8,0.0,0.0,8,0.0,,,,,,,,,,3,7
17,3,8,0.0,8,0.0,0.0,8,0.0,,,0.0,8,0.0,0.0,8,0.0,,,,,,,,,,3,8
17,3,9,0.0,8,0.0,0.0,8,0.0,,,0.0,8,0.0,0.0,8,0.0,,,,,,,,,,3,9
17,3,10,0.0,8,0.0,0.0,8,0.0,,,0.0,8,0.0,0.0,8,0.0,,,,,,,,,,3,10
17,3,11,0.0,8,0.0,0.0,8,0.0,,,0.0,8,0.0,0.0,8,0.0,,,,,,,,,,3,11
17,4,1,0.0,8,0.0,0.0,8,0.0,,,0.0,8,0.0,0.0,8,0.0,,,,,,,,,,4,1
17,4,2,0.0,8,0.0,0.0,8,0.0,,,0.0,8,0.0,0.0,8,0.0,,,,,,,,,,4,2
17,4,3,0.0,8,0.0,0.0,8,0.0,,,0.0,8,0.0,0.0,8,0.0,,,,,,,,,,4,3
17,4,4,0.0,8,0.0,0.0,8,0.0,,,0.0,8,0.0,0.0,8,0.0,,,,,,,,,,4,4
17,4,5,0.0,8,0.0,0.0,8,0.0,,,0.0,8,0.0,0.0,8,0.0,,,,,,,,,,4,5
17,4,6,0.0,8,0.0,0.0,8,0.0,,,0.0,8,0.0,0.0,8,0.0,,,,,,,,,,4,6
17,4,7,0.0,8,0.0,0.0,8,0.0,,,0.0,8,0.0,0.0,8,0.0,,,,,,,,,,4,7
17,4,8,0.0,8,0.0,0.0,8,0.0,,,0.0,8,0.0,0.0,8,0.0,,,,,,,,,,4,8
17,4,9,0.0,8,0.0,0.0,8,0.0,,,0.0,8,0.0,0.0,8,0.0,,,,,,,,,,4,9
17,4,10,0.0,8,0.0,0.0,8,0.0,,,0.0,8,0.0,0.0,8,0.0,,,,,,,,,,4,10
17,4,11,0.0,8,0.0,0.0,8,0.0,,,0.0,8,0.0,0.0,8,0.0,,,,,,,,,,4,11
17,5,1,0.0,8,0.0,0.0,8,0.0,,,0.0,8,0.0,0.0,8,0.0,,,,,,,,,,5,1
17,5,2,0.0,8,0.0,0.0,8,0.0,,,0.0,8,0.0,0.0,8,0.0,,,,,,,,,,5,2
17,5,3,0.0,8,0.0,0.0,8,0.0,,,0.0,8,0.0,0.0,8,0.0,,,,,,,,,,5,3
17,5,4,0.0,8,0.0,0.0,8,0.0,,,0.0,8,0.0,0.0,8,0.0,,,,,,,,,,5,4
17,5,5,0.0,8,0.0,0.0,8,0.0,,,0.0,8,0.0,0.0,8,0.0,,,,,,,,,,5,5
17,5,6,0.0,8,0.0,0.0,8,0.0,,,0.0,8,0.0,0.0,8,0.0,,,,,,,,,,5,6
17,5,7,0.0,8,0.0,0.0,8,0.0,,,0.0,8,0.0,0.0,8,0.0,,,,,,,,,,5,7
17,5,8,0.0,8,0.0,0.0,8,0.0,,,0.0,8,0.0,0.0,8,0.0,,,,,,,,,,5,8
17,5,9,0.0,8,0.0,0.0,8,0.0,,,0.0,8,0.0,0.0,8,0.0,,,,,,,,,,5,9
17,5,10,0.0,8,0.0,0.0,8,0.0,,,0.0,8,0.0,0.0,8,0.0,,,,,,,,,,5,10
17,5,11,0.0,8,0.0,0.0,8,0.0,,,0.0,8,0.0,0.0,8,0.0,,,,,,,,,,5,11
17,6,1,0.0,8,0.0,0.0,8,0.0,,,0.0,8,0.0,0.0,8,0.0,,,,,,,,,,6,1
17,6,2,0.0,8,0.0,0.0,8,0.0,,,0.0,8,0.0,0.0,8,0.0,,,,,,,,,,6,2
17,6,3,0.0,8,0.0,0.0,8,0.0,,,0.0,8,0.0,0.0,8,0.0,,,,,,,,,,6,3
17,6,4,0.0,8,0.0,0.0,8,0.0,,,0.0,8,0.0,0.0,8,0.0,,,,,,,,,,6,4
17,6,5,0.0,8,0.0,0.0,8,0.0,,,0.0,8,0.0,0.0,8,0.0,,,,,,,,,,6,5
17,6,6,0.0,8,0.0,0.0,8,0.0,,,0.0,8,0.0,0.0,8,0.0,,,,,,,,,,6,6
17,6,7,0.0,8,0.0,0.0,8,0.0,,,0.0,8,0.0,0.0,8,0.0,,,,,,,,,,6,7
17,6,8,0.0,8,0.0,0.0,8,0.0,,,0.0,8,0.0,0.0,8,0.0,,,,,,,,,,6,8
17,6,9,0.0,8,0.0,0.0,8,0.0,,,0.0,8,0.0,0.0,8,0.0,,,,,,,,,,6,9
17,6,10,0.0,8,0.0,0.0,8,0.0,,,0.0,8,0.0,0.0,8,0.0,,,,,,,,,,6,10
17,6,11,0.0,8,0.0,0.0,8,0.0,,,0.0,8,0.0,0.0,8,0.0,,,,,,,,,,6,11
17,7,1,0.0,8,0.0,0.0,8,0.0,,,0.0,8,0.0,0.0,8,0.0,,,,,,,,,,7,1
17,7,2,0.0,8,0.0,0.0,8,0.0,,,0.0,8,0.0,0.0,8,0.0,,,,,,,,,,7,2
17,7,3,0.0,8,0.0,0.0,8,0.0,,,0.0,8,0.0,0.0,8,0.0,,,,,,,,,,7,3
17,7,4,0.0,8,0.0,0.0,8,0.0,,,0.0,8,0.0,0.0,8,0.0,,,,,,,,,,7,4
17,7,5,0.0,8,0.0,0.0,8,0.0,,,0.0,8,0.0,0.0,8,0.0,,,,,,,,,,7,5
17,7,6,0.0,8,0.0,0.0,8,0.0,,,0.0,8,0.0,0.0,8,0.0,,,,,,,,,,7,6
17,7,7,0.0,8,0.0,0.0,8,0.0,,,0.0,8,0.0,0.0,8,0.0,,,,,,,,,,7,7
17,7,8,0.0,8,0.0,0.0,8,0.0,,,0.0,8,0.0,0.0,8,0.0,,,,,,,,,,7,8
17,7,9,0.0,8,0.0,0.0,8,0.0,,,0.0,8,0.0,0.0,8,0.0,,,,,,,,,,7,9
17,7,10,0.0,8,0.0,0.0,8,0.0,,,0.0,8,0.0,0.0,8,0.0,,,,,,,,,,7,10
17,7,11,0.0,8,0.0,0.0,8,0.0,,,0.0,8,0.0,0.0,8,0.0,,,,,,,,,,7,11
17,8,1,0.0,8,0.0,0.0,8,0.0,,,0.0,8,0.0,0.0,8,0.0,,,,,,,,,,8,1
17,8,2,0.0,8,0.0,0.0,8,0.0,,,0.0,8,0.0,0.0,8,0.0,,,,,,,,,,8,2
17,8,3,0.0,8,0.0,0.0,8,0.0,,,0.0,8,0.0,0.0,8,0.0,,,,,,,,,,8,3
17,8,4,0.0,8,0.0,0.0,8,0.0,,,0.0,8,0.0,0.0,8,0.0,,,,,,,,,,8,4
17,8,5,0.0,8,0.0,0.0,8,0.0,,,0.0,8,0.0,0.0,8,0.0,,,,,,,,,,8,5
17,8,6,0.0,8,0.0,0.0,8,0.0,,,0.0,8,0.0,0.0,8,0.0,,,,,,,,,,8,6
17,8,7,0.0,8,0.0,0.0,8,0.0,,,0.0,8,0.0,0.0,8,0.0,,,,,,,,,,8,7
17,8,8,0.0,8,0.0,0.0,8,0.0,,,0.0,8,0.0,0.0,8,0.0,,,,,,,,,,8,8
17,8,9,0.0,8,0.0,0.0,8,0.0,,,0.0,8,0.0,0.0,8,0.0,,,,,,,,,,8,9
17,8,10,0.0,8,0.0,0.0,8,0.0,,,0.0,8,0.0,0.0,8,0.0,,,,,,,,,,8,10
17,8,11,0.0,8,0.0,0.0,8,0.0,,,0.0,8,0.0,0.0,8,0.0,,,,,,,,,,8,11
18,1,1,61206.57,8,745.1613824862974,575181700.0,8,779.9157876710152,0.00010641258231963916,1.2955234617304234e-06,61206.57,8,745.1613824862974,68374500.0,8,779.9157876710152,0.0008951666191343264,1.0898239980442586e-05,0.3054968172686765,0.0003483263206177761,4.240710176011569e-06,0.38911897871552237,0.11887460953642996,0.0020467108660874155,0.0066996143671355715,1,1
18,1,2,101345.203,8,607.7627483834543,244372800.0,8,569.4012440938376,0.0004147155616337006,2.4870312664018716e-06,101345.203,8,607.7627483834543,29378490.0,8,569.4012440938376,0.0034496396172846184,2.0687445899099484e-05,0.3054968172686765,0.0013575118894576536,8.140940022345937e-06,0.3935228139936015,0.12021996719765866,0.0010195854607674528,0.0033374667202203737,1,2
18,1,3,88626.63,8,431.7306530642919,124745300.0,8,418.0591261871938,0.0007104606746707091,3.460897967552656e-06,88626.63,8,431.7306530642919,15233060.0,8,418.0591261871938,0.005818045094025758,2.8342139040110138e-05,0.3054968172686765,0.0023255910847865802,1.1328752942486096e-05,0.3997203609120539,0.12211329805611915,0.0008412597397375986,0.002753743057813046,1,3
18,1,4,63459.45,8,314.2380575171792,69644130.0,8,302.71125598228093,0.0009111959615261186,4.51205548227426e-06,63459.45,8,314.2380575171792,8628550.0,8,302.71125598228093,0.007354590284578521,3.641932235854079e-05,0.3054968172686765,0.002982669245698705,1.4769566251507049e-05,0.4055520607249758,0.12389486378823313,0.0008676334987562235,0.002840073773970491,1,4
18,1,5,59591.02,8,295.6833659563216,66097390.0,8,286.8976457725821,0.0009015638892851896,4.4734516610944335e-06,59591.02,8,295.6833659563216,8364560.0,8,286.8976457725821,0.007124226498464952,3.5350386658348594e-05,0.3054968172686765,0.0029511400391850485,1.4643202181580011e-05,0.414240063790915,0.12654902107329807,0.0008880248788388658,0.002906822031006205,1,5
18,1,6,9231.577000000001,8,104.9545933577945,25233640.0,8,127.85872945446471,0.00036584404786626113,4.159312876837417e-06,9231.577000000001,8,104.9545933577945,3314613.0,8,127.85872945446471,0.002785114582003993,3.166438961811423e-05,0.3054968172686765,0.0011975380010080785,1.3614913942554792e-05,0.4299780011730812,0.13135691085392356,0.0021120040644085096,0.0069133422838610365,1,6
18,1,7,0.0,8,0.0,9917790.0,8,51.44714547619625,0.0,,0.0,8,0.0,1379782.0,8,51.44714547619625,0.0,,0.3054968172686765,0.0,,,,,,1,7
18,1,8,0.0,8,0.0,4864200.0,8,15.829497100192413,0.0,,0.0,8,0.0,736537.0,8,15.829497100192413,0.0,,0.3054968172686765,0.0,,,,,,1,8
18,1,9,0.0,8,0.0,1238459.0,8,7.887837173401845,0.0,,0.0,8,0.0,208858.0,8,7.887837173401845,0.0,,0.3054968172686765,0.0,,,,,,1,9
18,1,10,0.0,8,0.0,362984.0,8,11.664913748849582,0.0,,0.0,8,0.0,66840.0,8,11.664913748849582,0.0,,0.3054968172686765,0.0,,,,,,1,10
18,1,11,0.0,8,0.0,58761.0,8,0.0,0.0,,0.0,8,0.0,12382.0,8,0.0,0.0,,0.3054968172686765,0.0,,,,,,1,11
18,2,1,115190.0365,8,858.6533944743533,52651530.0,8,898.1311066928091,0.002187781371215613,1.630827523330539e-05,115190.0365,8,858.6533944743533,5808142.0,8,898.1311066928091,0.019832510379394996,0.00014786796288318013,0.3054968172686765,0.0071613884255020445,5.3382799137192595e-05,0.3610933910284184,0.1103128816959355,0.0011630315294393464,0.00380701684501181,2,1
18,2,2,185145.1,8,706.5524169710412,40453320.0,8,684.8815381839403,0.004576759089241625,1.7466041599142908e-05,185145.1,8,706.5524169710412,4488464.0,8,684.8815381839403,0.04124909991480382,0.00015754097157847667,0.3054968172686765,0.014981364225528034,5.717258122457616e-05,0.36319251223591903,0.11095415654388811,0.00059905456507483,0.0019609191690791892,2,2
18,2,3,223350.22,8,629.9265653260704,30427920.0,8,641.5743393032876,0.0073403052196798204,2.070283373666097e-05,223350.22,8,629.9265653260704,3393858.0,8,641.5743393032876,0.06581012523211048,0.00018602427960599091,0.3054968172686765,0.02402743598217003,6.7767755886155e-05,0.3651024199912389,0.1115376272844151,0.00044538257941599004,0.0014578959722002197,2,3
18,2,4,189990.64,8,547.3206549912583,22622840.0,8,532.730467471516,0.008398178124408785,2.4194086174062104e-05,189990.64,8,547.3206549912583,2536634.0,8,532.730467471516,0.07489872011492396,0.00021633911513532677,0.3054968172686765,0.02749023115688569,7.919586983056533e-05,0.3670320549497363,0.1121271246227264,0.00045742386977213803,0.0014973114085501116,2,4
18,2,5,271746.44,8,630.5805672439407,29353970.0,8,612.7153845504779,0.009257570270733397,2.148282084240946e-05,271746.44,8,630.5805672439407,3320118.0,8,612.7153845504779,0.08184842827875395,0.0001905268484860917,0.3054968172686765,0.030303328046104014,7.032093176773059e-05,0.3702371405703595,0.11310626807890041,0.0003717686693734044,0.0012169313994732833,2,5
18,2,6,154173.31,8,440.58065617564284,16690210.0,8,427.0886112365911,0.009237349919503708,2.6398608481509293e-05,154173.31,8,440.58065617564284,1902425.0,8,427.0886112365911,0.08104041420818166,0.00023230249793685195,0.3054968172686765,0.030237139627479977,8.641205730890611e-05,0.3731118593471762,0.11398448551576043,0.00046137565595608777,0.0015102470136385082,2,6
18,2,7,75602.3,8,303.07451534785963,9748060.0,8,288.83209781025033,0.007755625221839012,3.109160116067427e-05,75602.3,8,303.07451534785963,1116899.0,8,288.83209781025033,0.06768946878813573,0.00027191756845920044,0.3054968172686765,0.02538692642096543,0.00010177389551436805,0.3750498692850597,0.11457654138361889,0.0006502530232740829,0.002128509976266634,2,7
18,2,8,39771.97,8,212.1595970689047,7486487.0,8,212.19611340957684,0.00531250104354686,2.833940564290158e-05,39771.97,8,212.1595970689047,885292.0,8,212.19611340957684,0.0449252562996164,0.00023989108833616377,0.3054968172686765,0.017389709951952312,9.2764978359751e-05,0.38708092917659764,0.11825199188885255,0.0008925472174240702,0.002921625257519781,2,8
18,2,9,8374.194,8,94.95236627293708,3112853.0,8,99.64184869692052,0.002690198991086312,3.0503446401767082e-05,8374.194,8,94.95236627293708,399743.0,8,99.64184869692052,0.0209489446969678,0.0002375909213079597,0.3054968172686765,0.008805980419495997,9.984865529692276e-05,0.4203543685315373,0.12841692171136895,0.0020594599813404074,0.006741346766729704,2,9
18,2,10,837.7339,8,29.95887071097474,1441430.0,8,45.050716179212955,0.0005811825062611434,2.0784139467203306e-05,837.7339,8,29.95887071097474,207106.0,8,45.050716179212955,0.004044952343244522,0.00014465744554185335,0.3054968172686765,0.0019024175487563544,6.803389852969956e-05,0.4703189029985936,0.14368092796736573,0.007266705681970145,0.023786518455212798,2,10
18,2,11,0.0,8,0.0,542201.0,8,10.613487517682394,0.0,,0.0,8,0.0,91524.0,8,10.613487517682394,0.0,,0.3054968172686765,0.0,,,,,,2,11
18,3,1,90005.731,8,466.1868874627213,25222490.0,8,490.6285301535674,0.0035684712730582905,1.8483114674982383e-05,90005.731,8,466.1868874627213,2772729.0,8,490.6285301535674,0.03246106308982955,0.00016823095704857072,0.3054968172686765,0.01168087872391781,6.0501824013200646e-05,0.35984276582665503,0.10993081967720078,0.0008054759264828204,0.0026366098792264185,3,1
18,3,2,116236.181,8,465.09618259139734,20137780.0,8,472.13221602874125,0.005772045429039347,2.3096099292102844e-05,116236.181,8,465.09618259139734,2219491.0,8,472.13221602874125,0.052370647594425924,0.00020984674798849866,0.3054968172686765,0.01889396256447079,7.560176730676191e-05,0.36077389591954884,0.11021527695704293,0.0006241207236132949,0.0020429696426735497,3,2
18,3,3,128314.5,8,449.3592432903656,15876230.0,8,435.4778180516202,0.008082176939991421,2.830476925294389e-05,128314.5,8,449.3592432903656,1751362.0,8,435.4778180516202,0.07326554989773673,0.00025722295070966034,0.3054968172686765,0.026455846618144492,9.265160110670019e-05,0.3610953122589168,0.11031346862573799,0.0005470345939421554,0.0017906392571712217,3,3
18,3,4,127721.94,8,422.31499395654896,12397810.0,8,412.84425117108026,0.010301975913487946,3.4065404280432475e-05,127721.94,8,422.31499395654896,1367609.0,8,412.84425117108026,0.0933906840332288,0.0003100822994706805,0.3054968172686765,0.03372204007096947,0.00011150821335880838,0.3610856952174269,0.11031053065017128,0.0005169124765683721,0.0016920388277360055,3,4
18,3,5,213868.36000000002,8,536.8929775788654,17040230.0,8,526.1023707918546,0.01255079068768438,3.150976129335991e-05,213868.36000000002,8,536.8929775788654,1884446.0,8,526.1023707918546,0.11349137093872683,0.0002866640140347342,0.3054968172686765,0.04108321258432714,0.00010314268271295244,0.3619941520180215,0.11058806131137902,0.00039383963859023564,0.0012891775505597621,3,5
18,3,6,146562.0,8,421.4129041568851,10147730.0,8,415.26434274420916,0.014442835984008246,4.1532005799346803e-05,146562.0,8,421.4129041568851,1133616.0,8,415.26434274420916,0.1292871660244739,0.0003747469233242297,0.3054968172686765,0.04727655139957202,0.00013594906215608945,0.3656708771126024,0.11171128912574535,0.0004561161660882201,0.0014930308281643336,3,6
18,3,7,96671.84,8,344.6992027656142,6090999.0,8,327.1827893450235,0.015871261840627458,5.6597992326792095e-05,96671.84,8,344.6992027656142,685523.0,8,327.1827893450235,0.14101910512119942,0.0005073110858812294,0.3054968172686765,0.051952298497005604,0.00018526540745272523,0.36840609967248766,0.11254689091231178,0.000570098405046201,0.0018661353337269446,3,7
18,3,8,83475.68,8,307.9243674389216,4999998.0,8,297.18441368796584,0.01669514267805707,6.159289205019645e-05,83475.68,8,307.9243674389216,567952.0,8,297.18441368796584,0.14697664591373918,0.0005475936175820072,0.3054968172686765,0.05464915421156131,0.00020161549505122046,0.3718220256817874,0.11359044543617816,0.0005955833488691442,0.0019495566408645891,3,8
18,3,9,40431.8,8,211.34718679788477,2434530.0,8,201.40019720720235,0.01660764089988622,8.68231865758299e-05,40431.8,8,211.34718679788477,284580.0,8,201.40019720720235,0.14207533909621198,0.000749439158635317,0.3054968172686765,0.05436272969508626,0.00028420324425007407,0.38263311592923505,0.11689319909797784,0.0008681318308925983,0.002841704992720428,3,9
18,3,10,21075.060999999998,8,149.91870441209127,1403785.0,8,142.26842717247564,0.015013026211278792,0.00010680689599336039,21075.060999999998,8,149.91870441209127,175736.0,8,142.26842717247564,0.11992455160012745,0.0008585971039869033,0.3054968172686765,0.04914298730017611,0.0003496170498543247,0.40978253947562715,0.12518726158207988,0.0012635303408543815,0.004135985285054998,3,10
18,3,11,6859.15,8,85.43660403749672,717834.0,8,85.30178969705149,0.009555342878715692,0.00011902541816923496,6859.15,8,85.43660403749672,105112.0,8,85.30178969705149,0.0652556320876779,0.0008145382603636205,0.3054968172686765,0.031278043955240344,0.0003896126291376555,0.47931562310537357,0.14642939732584415,0.002582184103622446,0.008452409182880235,3,11
18,4,1,57229.903999999995,8,327.17395875084554,13913390.0,8,337.1584536202822,0.004113296903199004,2.351525386751602e-05,57229.903999999995,8,327.17395875084554,1476927.0,8,337.1584536202822,0.03874931123880868,0.0002216999911011512,0.3054968172686765,0.013464287255017346,7.697380967093666e-05,0.34747165367761246,0.10615148428959441,0.0008585622458892418,0.002810380329213573,4,1
18,4,2,63973.255000000005,8,309.97729500106936,11341470.0,8,315.3756939096924,0.005640649316182118,2.733176558922828e-05,63973.255000000005,8,309.97729500106936,1209132.0,8,315.3756939096924,0.05290841281183527,0.0002567346437005994,0.3054968172686765,0.018463856241164416,8.946661321577928e-05,0.3489777005186247,0.10661157680618122,0.0007310864784449389,0.002393106694142634,4,2
18,4,3,65275.0416,8,294.1918180943979,9174970.0,8,303.42945584978,0.007114469213523314,3.206547141366038e-05,65275.0416,8,294.1918180943979,978835.0,8,303.42945584978,0.06668646053727134,0.00030126310401508227,0.3054968172686765,0.023288194217965692,0.00010496172006093153,0.3492192272665277,0.10668536245895083,0.0006808040454010861,0.0022285143638741635,4,3
18,4,4,66983.0499,8,287.17300814878126,7378732.0,8,282.7353493447185,0.009077853742350312,3.892057302579906e-05,66983.0499,8,287.17300814878126,788624.0,8,282.7353493447185,0.08493661098318082,0.0003654154041514518,0.3054968172686765,0.029715051775372755,0.00012740091164867824,0.34984974596239704,0.10687798391376731,0.0006491551732462515,0.002124916321715183,4,4
18,4,5,126883.005,8,409.55989688646275,10589510.0,8,394.3773861133394,0.011981952422727775,3.86785749624632e-05,126883.005,8,409.55989688646275,1136295.0,8,394.3773861133394,0.11166378889284913,0.00036251207189601773,0.3054968172686765,0.039221202138384176,0.0001266087657091576,0.3512436979549408,0.10730383181091477,0.0004912586683310255,0.0016080647671657285,4,5
18,4,6,97263.488,8,335.90857350407117,6670380.0,8,331.48675034132214,0.01458140135944279,5.0363449716111016e-05,97263.488,8,335.90857350407117,718777.0,8,331.48675034132214,0.1353180304878982,0.00047148185106961956,0.3054968172686765,0.04773012527531122,0.0001648575267211955,0.3527255392590113,0.10775652961300555,0.0005286638749086402,0.0017305053441643353,4,6
18,4,7,69339.249,8,281.06287197849525,4168515.0,8,273.28255513096695,0.016634040899457,6.743399758730335e-05,69339.249,8,281.06287197849525,451155.0,8,273.28255513096695,0.15369274196229676,0.0006299029439497347,0.3054968172686765,0.05444914630592631,0.00022073551597101223,0.35427272368713114,0.10822918953152383,0.0006239115748433539,0.0020422850241828866,4,7
18,4,8,65247.340000000004,8,269.5560160642682,3495750.0,8,262.23785374871034,0.01866476149610241,7.712234874324771e-05,65247.340000000004,8,269.5560160642682,384777.0,8,262.23785374871034,0.16957182991706884,0.0007100198528955966,0.3054968172686765,0.061096418820256446,0.0002524489434383227,0.360298163027057,0.11006994207251664,0.0006475005192598453,0.002119500049293101,4,8
18,4,9,36011.78,8,197.25852390124996,1712695.0,8,191.80478868445906,0.021026382397332857,0.00011519841340194288,36011.78,8,197.25852390124996,195051.0,8,191.80478868445906,0.1846275076774792,0.0010274850735008867,0.3054968172686765,0.06882684600553694,0.00037708547811360295,0.37278760284068124,0.11388542618504754,0.0008893859628257904,0.0029112773441551066,4,9
18,4,10,23550.136,8,158.65515637214568,1004333.0,8,152.40321185818232,0.023448533504325755,0.0001580107379183355,23550.136,8,158.65515637214568,122456.0,8,152.40321185818232,0.19231508460181615,0.0013175320853993496,0.3054968172686765,0.07675541013477526,0.0005172254798954883,0.3991127908333115,0.12192768733079566,0.0011716728477779992,0.0038353029607753443,4,10
18,4,11,15143.764000000001,8,126.14902891936981,550129.0,8,116.6979834858769,0.027527659876138144,0.00022938242654803643,15143.764000000001,8,126.14902891936981,77120.0,8,116.6979834858769,0.19636623443983403,0.001662519351742589,0.3054968172686765,0.09010784505793487,0.0007508504625313348,0.4588764729077881,0.14018530199280532,0.0016652917469866767,0.005451093605083604,4,11
18,5,1,39062.165,8,237.50780249547594,7821122.0,8,241.51575523665116,0.004994445170398825,3.0367876316237253e-05,39062.165,8,237.50780249547594,801394.0,8,241.51575523665116,0.04874277196984255,0.00029673215495347926,0.3054968172686765,0.016348599684448892,9.940488607293573e-05,0.33540562064389506,0.10246534960073504,0.0008816231054196993,0.0028858667442166336,5,1
18,5,2,38025.747,8,221.87625394464817,6469228.0,8,221.8805571900116,0.0058779420048265425,3.429776891383923e-05,38025.747,8,221.87625394464817,665167.0,8,221.8805571900116,0.05716721815724473,0.0003341093712219298,0.3054968172686765,0.01924059981173894,0.0001122688256476179,0.33656701221346036,0.10282015102883992,0.0008491503708765338,0.002779571906733575,5,2
18,5,3,35667.9262,8,207.47600079722883,5326756.0,8,221.17205529054002,0.00669599399709692,3.895077722936343e-05,35667.9262,8,207.47600079722883,550567.0,8,221.17205529054002,0.06478398850639432,0.00037773817932744067,0.3054968172686765,0.02191837563796276,0.000127499780775481,0.33833013593782313,0.10335877971508363,0.0008512852506670654,0.0027865601294247925,5,3
18,5,4,34996.721999999994,8,202.27648045136144,4369325.0,8,201.5891365106265,0.008009640390678193,4.6296149813643647e-05,34996.721999999994,8,202.27648045136144,454079.0,8,201.5891365106265,0.07707187956280734,0.0004467775336588842,0.3054968172686765,0.026218408631190168,0.00015154380404862742,0.3401812539140724,0.10392429036521661,0.000850739506365679,0.0027847737137551773,5,4
18,5,5,69057.4348,8,289.20733489614764,6477621.0,8,282.8195187593008,0.010660925484834634,4.464957913644499e-05,69057.4348,8,289.20733489614764,673786.0,8,282.8195187593008,0.10249164393442428,0.0004313778254897487,0.3054968172686765,0.03489700999227965,0.0001461539911794788,0.3404863914038425,0.10401750889717075,0.0006176180922239416,0.002021684211789227,5,5
18,5,6,57763.278699999995,8,252.24017286356587,4266002.0,8,252.1647140467048,0.013540377782288896,5.913341837624374e-05,57763.278699999995,8,252.24017286356587,447532.0,8,252.1647140467048,0.12907072276395876,0.00056829749409745,0.3054968172686765,0.044322483956945734,0.00019356476085391567,0.34339688356748077,0.10490665498984765,0.0006505795025859559,0.002129578659452246,5,6
18,5,7,43791.8418,8,221.87205683883136,2771682.0,8,216.80390388282888,0.015799735251013646,8.005914736395666e-05,43791.8418,8,221.87205683883136,294589.0,8,216.80390388282888,0.1486540291728476,0.0007610623192893819,0.3054968172686765,0.051718166468222776,0.0002620621323643667,0.3479096177614361,0.10628528092328053,0.0007656001875840019,0.002506082369135376,5,7
18,5,8,43378.058,8,217.5148986776768,2399535.0,8,213.3632091622171,0.018077693386426952,9.06630219663642e-05,43378.058,8,217.5148986776768,261042.0,8,213.3632091622171,0.16617271550172003,0.0008442532907470027,0.3054968172686765,0.059174735593163615,0.000296772394478429,0.3561038008827093,0.10878857778694621,0.0007766344049260331,0.0025422012964639276,5,8
18,5,9,24911.723,8,163.09711404466972,1195641.0,8,159.25780773657536,0.020835453953151492,0.00013643799853775906,24911.723,8,163.09711404466972,135964.0,8,159.25780773657536,0.18322293401194434,0.0012186080177961072,0.3054968172686765,0.06820186913707599,0.00044661021269418134,0.37223434667097893,0.11371640818606925,0.0010613842967553092,0.0034742892127149374,5,9
18,5,10,17623.5,8,136.44801337714668,686344.0,8,129.9036442413376,0.025677357127038336,0.0001988635112912793,17623.5,8,136.44801337714668,86021.0,8,129.9036442413376,0.20487439113704792,0.0016161086837582362,0.3054968172686765,0.08405114448199233,0.0006509511721570049,0.41025695800978595,0.12533219493431866,0.0013855050600467564,0.0045352520279392655,5,10
18,5,11,11960.615,8,111.76100747174749,355806.0,8,102.88758386758822,0.03361555173324789,0.000314256957358682,11960.615,8,111.76100747174749,51851.0,8,102.88758386758822,0.2306727931958882,0.0022034909201318724,0.3054968172686765,0.11003568558844884,0.0010286750617185684,0.4770206493099779,0.1457282901356357,0.0019477767604712895,0.006375767767028063,5,11
18,6,1,25595.694,8,178.35843648605467,4126187.0,8,182.1458710360188,0.00620323170035677,4.322683760142558e-05,25595.694,8,178.35843648605467,411163.0,8,182.1458710360188,0.062251939012021994,0.00043466582087740483,0.3054968172686765,0.0203053889589337,0.0001414968508932409,0.3261808271548354,0.0996472045498665,0.0009829910989812205,0.0032176803273099414,6,1
18,6,2,22059.2233,8,161.47045726869698,3441783.0,8,162.36358156870955,0.006409242912757719,4.691574410619301e-05,22059.2233,8,161.47045726869698,347748.0,8,162.36358156870955,0.06343450803455376,0.0004652754325298502,0.3054968172686765,0.020979737105152742,0.00015357195706864544,0.33073066624438474,0.10103716591080843,0.0010469954714335988,0.0034271894574691877,6,2
18,6,3,19810.1605,8,149.15928409592513,2857999.0,8,158.46680691832248,0.006931479157270525,5.219152574436581e-05,19810.1605,8,149.15928409592513,292754.0,8,158.46680691832248,0.06766828292696257,0.0005108187628561268,0.3054968172686765,0.022689202523424226,0.00017084147131544327,0.33530040281816675,0.1024332058898551,0.001092155173002404,0.0035750132612408928,6,3
18,6,4,17697.372000000003,8,139.01238967022363,2358691.0,8,141.01743426284602,0.007503048088961209,5.8937951687359454e-05,17697.372000000003,8,139.01238967022363,244477.0,8,141.01743426284602,0.07238869914143253,0.000570142341709948,0.3054968172686765,0.024560151415137243,0.00019292492869254693,0.3392815688972638,0.10364943945603727,0.0011529690237539673,0.003774078676374429,6,4
18,6,5,33388.850999999995,8,198.57551077441548,3523535.0,8,195.7768249563518,0.00947595270090974,5.63593596955466e-05,33388.850999999995,8,198.57551077441548,370181.0,8,195.7768249563518,0.09019601492242983,0.0005385449138747154,0.3054968172686765,0.03101817159874332,0.00018448427777229513,0.34389736204442617,0.10505954957166595,0.000885403127464562,0.0028982401040396864,6,5
18,6,6,29560.503,8,178.943228625366,2345687.0,8,182.9311631063718,0.012602066260332261,7.629239432681573e-05,29560.503,8,178.943228625366,252853.0,8,182.9311631063718,0.11690785950730266,0.0007127329252585048,0.3054968172686765,0.041251055814598134,0.0002497322067343129,0.35285100581301276,0.10779485924592667,0.0009261464782084776,0.0030316076170245525,6,6
18,6,7,23646.763,8,159.89321386819393,1527975.0,8,158.65575121617874,0.015475883440501317,0.00010465620509333998,23646.763,8,159.89321386819393,169533.0,8,158.65575121617874,0.13948177051075603,0.0009521293331891358,0.3054968172686765,0.05065808403133274,0.00034257707176470377,0.3631878477440626,0.1109527315564718,0.0010661211036351603,0.003489794470420078,6,7
18,6,8,25062.0976,8,163.58731065777198,1310219.0,8,159.24374142996137,0.019128174450225497,0.00012487657962764447,25062.0976,8,163.58731065777198,152947.0,8,159.24374142996137,0.16386132189582012,0.0010830899791099808,0.3054968172686765,0.06261333463714211,0.00040876556667305235,0.3821117388333439,0.1167339200545863,0.001084492393065642,0.003549930250539596,6,8
18,6,9,14454.710200000001,8,123.15634745550065,633283.0,8,118.535136845327,0.022825040621649407,0.00019451976860312452,14454.710200000001,8,123.15634745550065,80155.0,8,118.535136845327,0.18033447944607325,0.0015594494716795087,0.3054968172686765,0.07471449563932896,0.0006367325536882744,0.4143106513453595,0.12657058534651963,0.0015367148485984864,0.005030215575853236,6,9
18,6,10,9898.062899999999,8,101.78037234653841,351695.0,8,96.2850798176436,0.02814388290990773,0.00028950209631637753,9898.062899999999,8,101.78037234653841,48998.0,8,96.2850798176436,0.2020095289603657,0.0021148256811631015,0.3054968172686765,0.09212496274603058,0.0009476435758143038,0.45604265907726316,0.13931958088684798,0.002044776853969478,0.006693283655950988,6,10
18,6,11,6558.805,8,82.68383632318955,173702.0,8,75.76269897898305,0.03775894923489655,0.00047629451324861276,6558.805,8,82.68383632318955,27545.0,8,75.76269897898305,0.23811236159012525,0.0030723889212760864,0.3054968172686765,0.12359850283379069,0.0015590817524940828,0.5190763806145731,0.15857618219709618,0.002861433354302557,0.009366491539537057,6,11
18,7,1,13330.349999999999,8,124.02098796159463,1665311.0,8,127.37551591122212,0.00800472104009401,7.447568598177267e-05,13330.349999999999,8,124.02098796159463,174149.0,8,127.37551591122212,0.07654565917691172,0.000714351805866289,0.3054968172686765,0.026202305842859458,0.00024378547262007393,0.3423094937663401,0.10457446086646877,0.0013780709732063732,0.004510917611277095,7,1
18,7,2,10414.416,8,108.68739204358756,1368658.0,8,111.59158429968721,0.007609217204005675,7.941407488427369e-05,10414.416,8,108.68739204358756,146652.0,8,111.59158429968721,0.07101448326650846,0.0007430918714372192,0.3054968172686765,0.024907680780561346,0.0002599505801542642,0.350740857848475,0.1071502157587944,0.0015835629527755247,0.0051835661233184714,7,2
18,7,3,9170.43,8,99.3125969798897,1117629.0,8,103.71723822340238,0.008205254158580352,8.886333766080275e-05,9170.43,8,99.3125969798897,122144.0,8,103.71723822340238,0.07507884136756615,0.0008155735217635258,0.3054968172686765,0.02685872223462166,0.0002908813861148994,0.3577402334051542,0.10928850271422808,0.0016764034221107918,0.005487466079348508,7,3
18,7,4,7638.9245,8,90.16306579889795,905322.0,8,92.11527419391422,0.008437798374501006,9.959596240494987e-05,7638.9245,8,90.16306579889795,101562.0,8,92.11527419391422,0.07521439613241172,0.000890380979958093,0.3054968172686765,0.02761992236102474,0.00032601309334544655,0.36721590255675324,0.11218328948153254,0.0018753737404595063,0.0061387668690838235,7,4
18,7,5,13200.073199999999,8,122.72425622004151,1310435.0,8,122.8743096618752,0.010073046889010137,9.365630304631017e-05,13200.073199999999,8,122.72425622004151,152275.0,8,122.8743096618752,0.08668575406337219,0.0008089681041977207,0.3054968172686765,0.0329726737550629,0.0003065704706309326,0.38037015552703174,0.11620187189749967,0.0015307685138279956,0.005010751102135786,7,5
18,7,6,10892.501,8,107.43221126775713,822511.0,8,109.62075169442144,0.01324298520019793,0.0001306268476645994,10892.501,8,107.43221126775713,102149.0,8,109.62075169442144,0.10663345700887919,0.0010579278142107261,0.3054968172686765,0.043349012008040234,0.0004275882440690585,0.40652355483917807,0.12419165214811716,0.001737463124295231,0.005687336253873891,7,6
18,7,7,8777.313,8,96.367260088528,503588.0,8,95.13893075592136,0.017429551538162148,0.00019138963979908736,8777.313,8,96.367260088528,67006.0,8,95.13893075592136,0.13099294093066294,0.0014501651497750123,0.3054968172686765,0.057053136245387825,0.0006264865261452631,0.43554359372378043,0.1330571816643764,0.0020747291689469107,0.006791328261604247,7,7
18,7,8,8890.115,8,97.46501116611027,404012.0,8,93.74364631925728,0.02200458154708276,0.00024129688620252217,8890.115,8,97.46501116611027,58857.0,8,93.74364631925728,0.1510460098204122,0.0016733470273359342,0.3054968172686765,0.0720288405745658,0.0007898507367764419,0.47686688751464057,0.14568131639654266,0.002270847003241509,0.0074332918540501785,7,8
18,7,9,4812.526,8,71.06292956492858,182751.0,8,67.67275518663327,0.026333787503214755,0.0003889733632083171,4812.526,8,71.06292956492858,28715.0,8,67.67275518663327,0.16759623889952985,0.002506087768588886,0.3054968172686765,0.08619987513668555,0.0012732484962886704,0.5143306061203463,0.15712636319363507,0.003302551917366634,0.010810429865991452,7,9
18,7,10,2969.1717,8,55.96459702585555,93564.0,8,50.787263857156155,0.03173412530460434,0.0005983903983707517,2969.1717,8,55.96459702585555,16269.0,8,50.787263857156155,0.1825048681541582,0.003486813532005036,0.3054968172686765,0.10387710611300739,0.001958745114665083,0.5691744399128273,0.1738809798640503,0.004667581723605778,0.015278659088290144,7,10
18,7,11,1281.9868000000001,8,36.90320475950158,35958.0,8,34.78213669114794,0.0356523388397575,0.0010268656190099313,1281.9868000000001,8,36.90320475950158,6671.0,8,34.78213669114794,0.19217310748013794,0.005621895610498868,0.3054968172686765,0.11670281595242347,0.0033612972737022974,0.6072796422074056,0.18552199788642304,0.007616310250733167,0.02493089885134489,7,11
18,8,1,2363.007,8,51.36946070264803,286080.0,8,52.50945223796284,0.008259951761744967,0.0001795696717633518,2363.007,8,51.36946070264803,39357.0,8,52.50945223796284,0.0600403231953655,0.001307673710252728,0.3054968172686765,0.027037766990811413,0.0005877955566568961,0.45032680625041094,0.13757340604026846,0.00423356060529286,0.01385795322891876,8,1
18,8,2,1853.02,8,44.77274496230938,215485.0,8,43.737260017746884,0.008599299255168573,0.00020778395096743426,1853.02,8,44.77274496230938,30940.0,8,43.737260017746884,0.059890756302521005,0.0014495574017094125,0.3054968172686765,0.028148572322459625,0.0006801509515717596,0.4699986118103965,0.14358308002877232,0.004910558011148085,0.016074007104399313,8,2
18,8,3,1520.407,8,40.58698148556998,161334.0,8,40.69087008519232,0.00942397138854798,0.0002515823879246679,1520.407,8,40.58698148556998,24198.0,8,40.69087008519232,0.06283192825853376,0.001680611129158399,0.3054968172686765,0.030848018230775355,0.0008235188509456966,0.4909608711011605,0.14998698352486145,0.005668074331809682,0.018553628095001586,8,3
18,8,4,1219.9722,8,36.086190701452544,119302.0,8,37.22391564330652,0.010225915743239845,0.00030249449503809845,1219.9722,8,36.086190701452544,18693.0,8,37.22391564330652,0.0652635852993099,0.001934835082628672,0.3054968172686765,0.033473068016438345,0.0009901723289380865,0.5128904252336914,0.15668639251647082,0.006562071419910518,0.02147999929616074,8,4
18,8,5,1816.2180999999998,8,44.42746372899651,153130.0,8,43.92560584106381,0.011860628877424409,0.0002901490128003999,1816.2180999999998,8,44.42746372899651,25309.0,8,43.92560584106381,0.07176174878501718,0.0017598146366005938,0.3054968172686765,0.038824066919798034,0.0009497611641080417,0.5410133891261014,0.165277868477764,0.005724980274650516,0.018739901534278652,8,5
18,8,6,1183.7786,8,36.11231747298974,80892.0,8,33.755466684560886,0.014634062700885133,0.00044646807945463357,1183.7786,8,36.11231747298974,14199.0,8,33.755466684560886,0.08337056130713431,0.0025510110898800975,0.3054968172686765,0.04790250462090692,0.0014614492008339862,0.5745733730211522,0.17553033674529003,0.007584565045752171,0.02482698547750088,8,6
18,8,7,673.2808,8,26.94407635403374,40714.0,8,25.535462537524165,0.01653683745149089,0.0006618702453324145,673.2808,8,26.94407635403374,7536.0,8,25.535462537524165,0.08934193205944799,0.0035881751309911523,0.3054968172686765,0.054130964765329026,0.0021665372858870632,0.6058853163071329,0.18509603576165448,0.010495007489126821,0.034353901238508594,8,7
18,8,8,353.5819,8,19.644733635089075,24083.0,8,19.87621402920335,0.014681804592451107,0.000815799566932056,353.5819,8,19.644733635089075,4782.0,8,19.87621402920335,0.07394017147636972,0.004119537906316256,0.3054968172686765,0.04805878085315318,0.002670402835046826,0.6499684798338901,0.19856330191421334,0.01562430846048182,0.05114393203887504,8,8
18,8,9,56.788000000000004,8,8.198513830890327,6240.0,8,6.916566882406328,0.009100641025641027,0.001313903118977322,56.788000000000004,8,8.198513830890327,1350.0,8,6.916566882406328,0.042065185185185185,0.006076796092799884,0.3054968172686765,0.029789642677806524,0.004300873346977551,0.7081780942283371,0.21634615384615388,0.0441861156412396,0.1446369099236116,8,9
18,8,10,0.0,8,0.0,814.0,8,0.0,0.0,,0.0,8,0.0,176.0,8,0.0,0.0,,0.3054968172686765,0.0,,,,,,8,10
18,8,11,0.0,8,0.0,0.0,8,0.0,,,0.0,8,0.0,0.0,8,0.0,,,0.3054968172686765,,,,,,,8,11
19,1,1,0.0,8,0.0,351197700.0,8,0.0,0.0,,0.0,8,0.0,15654940.0,8,0.0,0.0,,0.1685078771926729,0.0,,,,,,1,1
19,1,2,0.0,8,0.0,127833700.0,8,0.0,0.0,,0.0,8,0.0,6088881.0,8,0.0,0.0,,0.1685078771926729,0.0,,,,,,1,2
19,1,3,0.0,8,0.0,58254430.0,8,0.0,0.0,,0.0,8,0.0,2894205.0,8,0.0,0.0,,0.1685078771926729,0.0,,,,,,1,3
19,1,4,0.0,8,0.0,28583150.0,8,0.0,0.0,,0.0,8,0.0,1501094.0,8,0.0,0.0,,0.1685078771926729,0.0,,,,,,1,4
19,1,5,0.0,8,0.0,20703270.0,8,0.0,0.0,,0.0,8,0.0,1222598.0,8,0.0,0.0,,0.1685078771926729,0.0,,,,,,1,5
19,1,6,0.0,8,0.0,4284420.0,8,0.0,0.0,,0.0,8,0.0,321210.0,8,0.0,0.0,,0.1685078771926729,0.0,,,,,,1,6
19,1,7,0.0,8,0.0,679664.0,8,0.0,0.0,,0.0,8,0.0,68866.0,8,0.0,0.0,,0.1685078771926729,0.0,,,,,,1,7
19,1,8,0.0,8,0.0,78461.0,8,0.0,0.0,,0.0,8,0.0,10618.0,8,0.0,0.0,,0.1685078771926729,0.0,,,,,,1,8
19,1,9,0.0,8,0.0,573.0,8,0.0,0.0,,0.0,8,0.0,96.0,8,0.0,0.0,,0.1685078771926729,0.0,,,,,,1,9
19,1,10,0.0,8,0.0,0.0,8,0.0,,,0.0,8,0.0,0.0,8,0.0,,,0.1685078771926729,,,,,,,1,10
19,1,11,0.0,8,0.0,0.0,8,0.0,,,0.0,8,0.0,0.0,8,0.0,,,0.1685078771926729,,,,,,,1,11
19,2,1,27826.753,8,322.44007463542744,48665370.0,8,332.0626752586475,0.0005717978307778201,6.6256586673406504e-06,27826.753,8,322.44007463542744,1984895.0,8,332.0626752586475,0.01401925693802443,0.00016246384742873984,0.1685078771926729,0.003393300303249462,3.93195782756484e-05,0.24204566035492323,0.04078660041010682,0.000668408022722632,0.003966627755676788,2,1
19,2,2,15928.826000000001,8,186.61885172556924,35791550.0,8,178.12756975942833,0.0004450443191200158,5.214048247792822e-06,15928.826000000001,8,186.61885172556924,1476315.0,8,178.12756975942833,0.01078958487856589,0.0001264152623718111,0.1685078771926729,0.0026410891083219184,3.094245998856806e-05,0.2447813459041032,0.04124758497466581,0.0006834343502959046,0.004055800605181571,2,2
19,2,3,12049.616,8,128.00944457179713,25714490.0,8,126.92847560082804,0.00046859245507105136,4.978106055750139e-06,12049.616,8,128.00944457179713,1083870.0,8,126.92847560082804,0.011117215164180206,0.00011811123271417639,0.1685078771926729,0.002780834124064479,2.954227504781953e-05,0.2501376543492977,0.04215016514035472,0.0006332807703629861,0.003758167160570714,2,3
19,2,4,7371.076,8,95.62310771246665,18432180.0,8,95.06519589539592,0.00039990256171543463,5.187835365628285e-06,7371.076,8,95.62310771246665,791355.0,8,95.06519589539592,0.009314499813610832,0.00012083983482427575,0.1685078771926729,0.0023731980271651256,3.078690119451498e-05,0.25478534270807385,0.042933337239545184,0.0007876820301823538,0.004674452276683266,2,4
19,2,5,7122.195,8,92.32592436038753,22444510.0,8,89.95775891659873,0.0003173245929628225,4.11351946526604e-06,7122.195,8,92.32592436038753,1006981.0,8,89.95775891659873,0.007072819646050919,9.16880424543006e-05,0.1685078771926729,0.0018831439707711214,2.4411437220603147e-05,0.266250811558947,0.04486535905662453,0.0008225098670155857,0.004881136008111496,2,5
19,2,6,2034.8600999999999,8,47.88504497312809,10172010.0,8,46.23899366906356,0.0002000450353469963,4.707530356981639e-06,2034.8600999999999,8,47.88504497312809,527586.0,8,46.23899366906356,0.0038569258850689745,9.076316860645914e-05,0.1685078771926729,0.0011871553940369425,2.7936559616136052e-05,0.3077983423619021,0.051866445274827686,0.0017261094711982948,0.010243494250566407,2,6
19,2,7,168.6535,8,13.654199289207698,3897945.0,8,19.67339422926303,4.3267285710804026e-05,3.502922518337331e-06,168.6535,8,13.654199289207698,245617.0,8,19.67339422926303,0.000686652389696153,5.559145324494605e-05,0.1685078771926729,0.0002567671400983347,2.0787885864422046e-05,0.37394050315903715,0.06301192038368934,0.007214540887252942,0.04281426487263734,2,7
19,2,8,0.0,8,0.0,1482255.0,8,0.0,0.0,,0.0,8,0.0,121406.0,8,0.0,0.0,,0.1685078771926729,0.0,,,,,,2,8
19,2,9,0.0,8,0.0,186492.0,8,0.0,0.0,,0.0,8,0.0,21634.0,8,0.0,0.0,,0.1685078771926729,0.0,,,,,,2,9
19,2,10,0.0,8,0.0,13757.0,8,0.0,0.0,,0.0,8,0.0,2094.0,8,0.0,0.0,,0.1685078771926729,0.0,,,,,,2,10
19,2,11,0.0,8,0.0,19.0,8,0.0,0.0,,0.0,8,0.0,4.0,8,0.0,0.0,,0.1685078771926729,0.0,,,,,,2,11
19,3,1,66275.05,8,431.4556403142738,25260400.0,8,438.36975880492713,0.00262367381355798,1.7080377717109142e-05,66275.05,8,431.4556403142738,1008962.0,8,438.36975880492713,0.0656863687631447,0.00042857455952678036,0.1685078771926729,0.015570036589791324,0.00010136248822112533,0.23703603781074528,0.039942439549650835,0.00036814550348297326,0.0021847376491606592,3,1
19,3,2,43079.193,8,273.17133947500787,19726860.0,8,263.04375316623657,0.002183783582384627,1.384771542135679e-05,43079.193,8,273.17133947500787,798503.0,8,263.04375316623657,0.05394994508473982,0.00034256565848157506,0.1685078771926729,0.01295953411060823,8.217844561369217e-05,0.24021403710888928,0.04047795746510088,0.0003632406624648128,0.0021556301611317633,3,2
19,3,3,31190.863,8,203.06419668314254,15133960.0,8,200.4712809255979,0.0020609848975416878,1.3417811135546107e-05,31190.863,8,203.06419668314254,623555.0,8,200.4712809255979,0.050021029420019084,0.000326052462738186,0.1685078771926729,0.012230792600782369,7.962720413481978e-05,0.24451301267877232,0.04120236871248503,0.00037958426830884197,0.0022526203203831418,3,3
19,3,4,26605.52,8,176.2941024981834,11432420.0,8,176.54121104657122,0.0023271993156304613,1.5420582976182636e-05,26605.52,8,176.2941024981834,482592.0,8,176.54121104657122,0.05513046217094357,0.0003658630084836374,0.1685078771926729,0.013810626271017158,9.151253480305048e-05,0.2505080807810827,0.04221258491203087,0.0003958714989751677,0.0023492759244870547,3,4
19,3,5,32141.71,8,195.06816904631057,14695950.0,8,193.5124325650422,0.002187113456428472,1.3273631727417446e-05,32141.71,8,195.06816904631057,642051.0,8,193.5124325650422,0.05006099203957318,0.0003041947883894165,0.1685078771926729,0.01297929505056736,7.877157999112585e-05,0.2592696333366154,0.04368897553407572,0.0003752082746190786,0.002226651245449275,3,5
19,3,6,13309.635,8,121.26453193704249,7503681.0,8,120.88688765883585,0.0017737474447541146,1.6160697864238884e-05,13309.635,8,121.26453193704249,358178.0,8,120.88688765883585,0.037159275555729274,0.00033879161901661056,0.1685078771926729,0.010526198978377737,9.590470269683978e-05,0.2832724486943016,0.047733638996647114,0.0006152568629837573,0.003651205351547269,3,6
19,3,7,5707.113,8,77.94578181960843,3539623.0,8,75.43945666812296,0.0016123505243355013,2.202095441392923e-05,5707.113,8,77.94578181960843,192681.0,8,75.43945666812296,0.029619490245535368,0.0004046989751436903,0.1685078771926729,0.009568398529476043,0.0001306820475149084,0.32304399738676515,0.05443545823947917,0.0010516288669266004,0.006240829119959547,3,7
19,3,8,2878.8664,8,56.35462185641919,1922591.0,8,53.08944637362119,0.0014973888882242764,2.93118390369101e-05,2878.8664,8,56.35462185641919,124506.0,8,53.08944637362119,0.023122310571378084,0.00045273312048177124,0.1685078771926729,0.008886165520393762,0.00017394936975791803,0.384311312356192,0.06475948342627215,0.001792991079122776,0.010640399184856262,3,8
19,3,9,420.8603,8,21.22097360984175,454260.0,8,21.591839903706678,0.0009264744859771936,4.6715500018756606e-05,420.8603,8,21.22097360984175,38964.0,8,21.591839903706678,0.010801260137562878,0.0005446631535051766,0.1685078771926729,0.005498107871348099,0.00027723036333394567,0.5090246694668216,0.08577466649055607,0.006116663520282499,0.036298976772988906,3,9
19,3,10,0.0,8,0.0,83494.0,8,0.0,0.0,,0.0,8,0.0,10350.0,8,0.0,0.0,,0.1685078771926729,0.0,,,,,,3,10
19,3,11,0.0,8,0.0,3140.0,8,0.0,0.0,,0.0,8,0.0,492.0,8,0.0,0.0,,0.1685078771926729,0.0,,,,,,3,11
19,4,1,68726.4,8,349.0131952702648,15550680.0,8,354.7631569819645,0.0044195109152783026,2.2443823483126356e-05,68726.4,8,349.0131952702648,629506.0,8,354.7631569819645,0.10917513097571746,0.0005578274064470145,0.1685078771926729,0.026227325326904496,0.0001331915389181715,0.2402316818171524,0.04048093073743399,0.0002916210840046175,0.0017306080217910304,4,1
19,4,2,48216.9,8,259.4001064339797,12402680.0,8,253.82814286597537,0.003887619449989841,2.0914994448947346e-05,48216.9,8,259.4001064339797,507053.0,8,253.82814286597537,0.09509242623552173,0.0005137937536275241,0.1685078771926729,0.023070846982095168,0.00012411879371688374,0.24261497887280808,0.04088253506500208,0.0003117190011049634,0.0018498779184580318,4,2
19,4,3,30475.619,8,192.53584276354883,9699170.0,8,193.08128913491333,0.0031420852505936073,1.985085307073832e-05,30475.619,8,192.53584276354883,405085.0,8,193.08128913491333,0.0752326524062851,0.00047664818149322174,0.1685078771926729,0.018646518506674488,0.00011780370984105828,0.24785140374921458,0.04176491390500424,0.00037368343678952277,0.002217602185815034,4,3
19,4,4,26483.945,8,173.79294284984647,7440250.0,8,174.2020957177324,0.0035595504183327173,2.3358630294618976e-05,26483.945,8,173.79294284984647,319016.0,8,174.2020957177324,0.0830176072673471,0.0005466610194894418,0.1685078771926729,0.02112394077733652,0.00013862040566750824,0.25445133234579614,0.04287705386243742,0.0003986036598525782,0.002365489771120981,4,4
19,4,5,41661.75,8,215.71608601576284,9687900.0,8,214.43725489855998,0.004300390177437835,2.2266751007352775e-05,41661.75,8,215.71608601576284,432955.0,8,214.43725489855998,0.0962265131480177,0.0005005156389932201,0.1685078771926729,0.025520410375360333,0.0001321407128160118,0.26521183757437294,0.04469028375602555,0.00032799430275283237,0.0019464627305096351,4,5
19,4,6,22796.587,8,156.9361408427963,5034199.0,8,153.62847776867412,0.004528344429769264,3.117431050739909e-05,22796.587,8,156.9361408427963,249387.0,8,153.62847776867412,0.0914104865129297,0.0006318020202938551,0.1685078771926729,0.026873191361799234,0.00018500209620321903,0.29398368159869837,0.049538566115483317,0.00048326055127226265,0.0028678810707448393,4,6
19,4,7,10339.543,8,104.77212580553093,2425296.0,8,103.14043731025188,0.004263208697000283,4.320010773552145e-05,10339.543,8,104.77212580553093,134986.0,8,103.14043731025188,0.07659715081564014,0.0007783737598403834,0.1685078771926729,0.02529975908559874,0.0002563684763895411,0.3302963467465275,0.05565753623475237,0.0007987332184977274,0.004740034898098272,4,7
19,4,8,6477.628699999999,8,82.95480730699217,1384946.0,8,80.03890545481553,0.0046771705900446655,5.989811298945445e-05,6477.628699999999,8,82.95480730699217,89738.0,8,80.03890545481553,0.07218378724731997,0.0009266504225428788,0.1685078771926729,0.027756391380426453,0.0003554617979132607,0.38452389987970587,0.06479530609857713,0.0011749307523555071,0.006972556843809054,4,8
19,4,9,1949.065,8,45.23897937177628,363879.0,8,41.57494122761931,0.005356354722311538,0.00012432574418320014,1949.065,8,45.23897937177628,29358.0,8,41.57494122761931,0.06638957013420532,0.0015438075730696498,0.1685078771926729,0.031786969318870775,0.0007378037528835839,0.47879462473719875,0.08068066582572779,0.0026508024609626793,0.015731029938331823,4,9
19,4,10,498.9827,8,23.202663473351503,80645.0,8,21.30083572227625,0.00618739785479571,0.00028771824402059503,498.9827,8,23.202663473351503,9248.0,8,21.30083572227625,0.053955741782006926,0.0025120145278189512,0.1685078771926729,0.036718745484645814,0.001707446849452719,0.6805345320429034,0.1146754293508587,0.007545837533014991,0.044780325161814453,4,10
19,4,11,0.0,8,0.0,5246.0,8,3.49883,0.0,,0.0,8,0.0,839.0,8,3.49883,0.0,,0.1685078771926729,0.0,,,,,,4,11
19,5,1,59784.3,8,282.7864588169313,9070980.0,8,286.8805158731767,0.006590721178968535,3.117554879990732e-05,59784.3,8,282.7864588169313,379093.0,8,286.8805158731767,0.15770351866164767,0.0007554416895560539,0.1685078771926729,0.03911224382366805,0.00018500944477664396,0.24801123117349858,0.04179184608498751,0.00028134823586408255,0.0016696444139664007,5,1
19,5,2,33822.04,8,200.16097565319768,7106425.0,8,202.68641112987817,0.00475936071934904,2.8166525387959918e-05,33822.04,8,200.16097565319768,302704.0,8,202.68641112987817,0.11173304614408795,0.0006654621705738256,0.1685078771926729,0.02824414382662455,0.00016715257385715058,0.2527823665543107,0.04259581997980701,0.0003576428525420495,0.0021224102902508146,5,2
19,5,3,23730.172,8,163.13713556354972,5469776.0,8,161.8609070789485,0.004338417514720895,2.9825471262845404e-05,23730.172,8,163.13713556354972,240251.0,8,161.8609070789485,0.09877241718036553,0.0006822807965421276,0.1685078771926729,0.025746081352388782,0.00017699748973006634,0.26066063874264195,0.04392337090220879,0.00042806019840641615,0.0025402978515774045,5,3
19,5,4,17799.091,8,139.80463136259115,4118814.0,8,140.90509510241282,0.0043214116976391746,3.3943255846372845e-05,17799.091,8,139.80463136259115,188486.0,8,140.90509510241282,0.09443189945141814,0.0007450760350317681,0.1685078771926729,0.025645161339834854,0.00020143423804195175,0.2715730752935705,0.04576220242040548,0.0005094821530421329,0.0030234916107784566,5,4
19,5,5,29224.561,8,176.83458663836097,5238566.0,8,178.2795761214391,0.0055787329967781265,3.375683030766021e-05,29224.561,8,176.83458663836097,259829.0,8,178.2795761214391,0.1124761323793726,0.0006849422769857379,0.1685078771926729,0.03310665999548122,0.0002003279067426768,0.2943438691847549,0.049599260561000856,0.00042579881689351883,0.002526877817151883,5,5
19,5,6,19693.13,8,144.20968864573558,2635109.0,8,140.86588628915803,0.007473364479420016,5.4727728964835956e-05,19693.13,8,144.20968864573558,147157.0,8,140.86588628915803,0.1338239431355627,0.0009883090495846462,0.1685078771926729,0.04435023812492117,0.00032477846066661885,0.33140734823509643,0.055844748737149015,0.0005808047894381064,0.0034467515650559812,5,6
19,5,7,10131.172,8,103.24524229619493,1235783.0,8,100.13131285462106,0.00819818042488042,8.354905810953388e-05,10131.172,8,103.24524229619493,78074.0,8,100.13131285462106,0.12976371135076978,0.0013328334720578432,0.1685078771926729,0.04865161535152788,0.0004958169285700715,0.3749246599460741,0.06317775855469772,0.0009141326475990443,0.005424865963706963,5,7
19,5,8,6218.718,8,81.02541955972829,680179.0,8,76.77077115126563,0.00914276683049609,0.0001191281407662995,6218.718,8,81.02541955972829,50217.0,8,76.77077115126563,0.12383690782006093,0.0016245746349174196,0.1685078771926729,0.05425720733543036,0.00070695888376831,0.4381343840906287,0.07382909498823105,0.0013650881798580423,0.008101034815702962,5,8
19,5,9,1798.5507,8,43.65936649316959,159158.0,8,39.17169321251635,0.011300410284120183,0.00027432872020350285,1798.5507,8,43.65936649316959,15247.0,8,39.17169321251635,0.11796095625368926,0.0028794651575977334,0.1685078771926729,0.06706161440274526,0.00162798751473104,0.5685068732277923,0.09579788637705927,0.0032979915267135522,0.019571735052733526,5,9
19,5,10,347.9416,8,19.6368201048515,30331.0,8,17.540735725544696,0.01147148461969602,0.0006474514858904871,347.9416,8,19.6368201048515,3989.0,8,17.540735725544696,0.08722526949110053,0.0049376621770790925,0.1685078771926729,0.06807684489775785,0.0038422624311514365,0.7804715914887902,0.13151561109096305,0.010512998300269928,0.06238876469999857,5,10
19,5,11,0.0,8,0.0,985.0,8,0.0,0.0,,0.0,8,0.0,143.0,8,0.0,0.0,,0.1685078771926729,0.0,,,,,,5,11
19,6,1,38613.45,8,211.40225043501783,3850142.0,8,215.3889751615667,0.010029097628087482,5.491051671315563e-05,38613.45,8,211.40225043501783,182666.0,8,215.3889751615667,0.2113882714900419,0.0011838533428545504,0.1685078771926729,0.05951708486968922,0.00032586320371462885,0.28155339201254104,0.04744396440442976,0.0003715838735215666,0.002205142452163796,6,1
19,6,2,18227.984,8,142.0179491757292,2856596.0,8,144.49084020923263,0.006381015726410035,4.9716845507213935e-05,18227.984,8,142.0179491757292,142927.0,8,144.49084020923263,0.12753352410671182,0.0010019693768144953,0.1685078771926729,0.03786775925682064,0.0002950416700720014,0.2969239619312593,0.05003402651267453,0.0005536176141110066,0.0032854108860323294,6,2
19,6,3,12235.202000000001,8,115.3474877874243,2072730.0,8,115.30696378740531,0.005902940566306273,5.565099939831561e-05,12235.202000000001,8,115.3474877874243,109987.0,8,115.30696378740531,0.11124225590297036,0.001055201963506631,0.1685078771926729,0.035030650582327474,0.0003302575542785096,0.31490417286109795,0.053063833687938135,0.0007096641688256091,0.004211459907088942,6,3
19,6,4,8441.860999999999,8,94.83847229621533,1463683.0,8,95.92992713348843,0.005767547344609453,6.479550980659716e-05,8441.860999999999,8,94.83847229621533,82286.0,8,95.92992713348843,0.10259170454269255,0.0011587359798330141,0.1685078771926729,0.03422716754074829,0.0003845251087728652,0.33362509857222405,0.05621845713860173,0.0008955915962066057,0.005314835194218137,6,4
19,6,5,12465.5547,8,114.90269431314523,1706880.0,8,114.08716943071425,0.00730312306664792,6.731915256709734e-05,12465.5547,8,114.90269431314523,104527.0,8,114.08716943071425,0.11925679202502704,0.0011069428618476602,0.1685078771926729,0.043339950560871913,0.0003995015170129063,0.36341704170422984,0.061238634233220846,0.000801090843815171,0.004754026085671942,6,5
19,6,6,8171.9825,8,92.6633033557001,763853.0,8,89.6923221222179,0.010698370628903728,0.00012131689150285654,8171.9825,8,92.6633033557001,53327.0,8,89.6923221222179,0.15324286946574905,0.0017566548026728965,0.1685078771926729,0.06348884578654533,0.0007199478951606641,0.41430212060036875,0.0698131708587909,0.0011256930485550566,0.006680358611769421,6,6
19,6,7,4360.129,8,67.45983397555912,311318.0,8,63.52480535834879,0.014005386774937524,0.00021670992530222182,4360.129,8,67.45983397555912,25858.0,8,63.52480535834879,0.1686181839276046,0.002641539739730966,0.1685078771926729,0.08311413690722412,0.00128605219478514,0.4929132491600596,0.08305976525610469,0.0018289023127429518,0.010853512270241079,6,7
19,6,8,2278.73806,8,49.0701267818782,132472.0,8,45.333738718971766,0.017201658161724743,0.00037046562857835977,2278.73806,8,49.0701267818782,13865.0,8,45.333738718971766,0.16435182545979085,0.003579700682114201,0.1685078771926729,0.1020822198243959,0.0021985062938913364,0.6211200851515374,0.1046636270306178,0.003205896254242326,0.019025201122062,6,8
19,6,9,282.5979,8,17.55367470518353,19637.0,8,19.73230723420604,0.014391093344197178,0.000894025129693436,282.5979,8,17.55367470518353,2692.0,8,19.73230723420604,0.10497693164933135,0.006565926092056783,0.1685078771926729,0.08540308965937728,0.005305539091630728,0.8135414925696322,0.13708814992106738,0.012085063466089566,0.07171809215940353,6,9
19,6,10,0.0,8,0.0,1347.0,8,0.0,0.0,,0.0,8,0.0,217.0,8,0.0,0.0,,0.1685078771926729,0.0,,,,,,6,10
19,6,11,0.0,8,0.0,0.0,8,0.0,,,0.0,8,0.0,0.0,8,0.0,,,0.1685078771926729,,,,,,,6,11
19,7,1,11262.931,8,110.04194154857501,660542.0,8,112.08248684437724,0.017051044445319147,0.00016661852805067472,11262.931,8,110.04194154857501,43994.0,8,112.08248684437724,0.25601061508387507,0.0025849332911319057,0.1685078771926729,0.1011884116599658,0.0009887877696077205,0.3952508439027581,0.0666028806646663,0.0009358499306089016,0.005553745891290561,7,1
19,7,2,4486.3521,8,69.21775185972815,426066.0,8,70.10966040400496,0.010529711593978398,0.00016246705563978183,4486.3521,8,69.21775185972815,30594.0,8,70.10966040400496,0.14664156697391645,0.0022872821499639946,0.1685078771926729,0.06248794874994872,0.0009641511028829592,0.426127120975621,0.07180577656982721,0.0015754075147922163,0.009349162431088524,7,2
19,7,3,2230.592,8,48.43315683072909,266628.0,8,49.00381053612056,0.008365933060293743,0.0001816571847835323,2230.592,8,48.43315683072909,20592.0,8,49.00381053612056,0.10832323232323232,0.00236612176576082,0.1685078771926729,0.049647133413995154,0.0010780337857785984,0.4583239656830959,0.07723119852378596,0.002378693211122032,0.014116213738792875,7,3
19,7,4,1428.894,8,38.80698573826625,160312.0,8,37.86572667743219,0.008913206746843655,0.00024208077595096712,1428.894,8,38.80698573826625,13854.0,8,37.86572667743219,0.10313945430922478,0.0028152886288136825,0.1685078771926729,0.052894896638287364,0.0014366140027636247,0.5128483274664413,0.08641898298318279,0.003327660975095591,0.019747806633933936,7,4
19,7,5,1495.0322,8,39.86261495975897,143867.0,8,37.194944402969604,0.01039176600610286,0.0002770926538713066,1495.0322,8,39.86261495975897,14322.0,8,37.194944402969604,0.10438711073872364,0.0027964849462609066,0.1685078771926729,0.06166931884270818,0.0016443899151045455,0.5907752250856313,0.09955027907720326,0.0037627943445707863,0.022330079799583395,7,5
19,7,6,505.4869,8,22.97929216520387,39857.0,8,21.494491233890603,0.012682512482123591,0.0005765840144682582,505.4869,8,22.97929216520387,5050.0,8,21.494491233890603,0.10009641584158416,0.004570256333021101,0.1685078771926729,0.0752636178997278,0.003421703626406667,0.7519112174689896,0.12670296309305767,0.008163820301229863,0.048447707236233845,7,6
19,7,7,46.1272,8,7.129448974570195,8296.0,8,7.129448974570195,0.005560173577627773,0.0008593972009481718,46.1272,8,7.129448974570195,1242.0,8,7.129448974570195,0.03713945249597424,0.005744254624367903,0.1685078771926729,0.03299652022362277,0.005100041702890435,0.888449290608133,0.14971070395371264,0.03273556076833073,0.19426724325119052,7,7
19,7,8,0.0,8,0.0,1009.0,8,0.0,0.0,,0.0,8,0.0,173.0,8,0.0,0.0,,0.1685078771926729,0.0,,,,,,7,8
19,7,9,0.0,8,0.0,0.0,8,0.0,,,0.0,8,0.0,0.0,8,0.0,,,0.1685078771926729,,,,,,,7,9
19,7,10,0.0,8,0.0,0.0,8,0.0,,,0.0,8,0.0,0.0,8,0.0,,,0.1685078771926729,,,,,,,7,10
19,7,11,0.0,8,0.0,0.0,8,0.0,,,0.0,8,0.0,0.0,8,0.0,,,0.1685078771926729,,,,,,,7,11
19,8,1,0.0,8,0.0,2219.0,8,2.34811,0.0,,0.0,8,0.0,339.0,8,2.34811,0.0,,0.1685078771926729,0.0,,,,,,8,1
19,8,2,0.0,8,0.0,424.0,8,0.0,0.0,,0.0,8,0.0,88.0,8,0.0,0.0,,0.1685078771926729,0.0,,,,,,8,2
19,8,3,0.0,8,0.0,27.0,8,0.0,0.0,,0.0,8,0.0,3.0,8,0.0,0.0,,0.1685078771926729,0.0,,,,,,8,3
19,8,4,0.0,8,0.0,0.0,8,0.0,,,0.0,8,0.0,0.0,8,0.0,,,0.1685078771926729,,,,,,,8,4
19,8,5,0.0,8,0.0,0.0,8,0.0,,,0.0,8,0.0,0.0,8,0.0,,,0.1685078771926729,,,,,,,8,5
19,8,6,0.0,8,0.0,0.0,8,0.0,,,0.0,8,0.0,0.0,8,0.0,,,0.1685078771926729,,,,,,,8,6
19,8,7,0.0,8,0.0,0.0,8,0.0,,,0.0,8,0.0,0.0,8,0.0,,,0.1685078771926729,,,,,,,8,7
19,8,8,0.0,8,0.0,0.0,8,0.0,,,0.0,8,0.0,0.0,8,0.0,,,0.1685078771926729,,,,,,,8,8
19,8,9,0.0,8,0.0,0.0,8,0.0,,,0.0,8,0.0,0.0,8,0.0,,,0.1685078771926729,,,,,,,8,9
19,8,10,0.0,8,0.0,0.0,8,0.0,,,0.0,8,0.0,0.0,8,0.0,,,0.1685078771926729,,,,,,,8,10
19,8,11,0.0,8,0.0,0.0,8,0.0,,,0.0,8,0.0,0.0,8,0.0,,,0.1685078771926729,,,,,,,8,11
20,1,1,0.0,8,0.0,80844100.0,8,0.0,0.0,,0.0,8,0.0,3012621.0,8,0.0,0.0,,0.15893123418466,0.0,,,,,,1,1
20,1,2,0.0,8,0.0,23639520.0,8,0.0,0.0,,0.0,8,0.0,906119.0,8,0.0,0.0,,0.15893123418466,0.0,,,,,,1,2
20,1,3,0.0,8,0.0,7261584.0,8,0.0,0.0,,0.0,8,0.0,305858.0,8,0.0,0.0,,0.15893123418466,0.0,,,,,,1,3
20,1,4,0.0,8,0.0,1787528.0,8,0.0,0.0,,0.0,8,0.0,93756.0,8,0.0,0.0,,0.15893123418466,0.0,,,,,,1,4
20,1,5,0.0,8,0.0,327647.0,8,0.0,0.0,,0.0,8,0.0,24716.0,8,0.0,0.0,,0.15893123418466,0.0,,,,,,1,5
20,1,6,0.0,8,0.0,210.0,8,0.0,0.0,,0.0,8,0.0,25.0,8,0.0,0.0,,0.15893123418466,0.0,,,,,,1,6
20,1,7,0.0,8,0.0,0.0,8,0.0,,,0.0,8,0.0,0.0,8,0.0,,,0.15893123418466,,,,,,,1,7
20,1,8,0.0,8,0.0,0.0,8,0.0,,,0.0,8,0.0,0.0,8,0.0,,,0.15893123418466,,,,,,,1,8
20,1,9,0.0,8,0.0,0.0,8,0.0,,,0.0,8,0.0,0.0,8,0.0,,,0.15893123418466,,,,,,,1,9
20,1,10,0.0,8,0.0,0.0,8,0.0,,,0.0,8,0.0,0.0,8,0.0,,,0.15893123418466,,,,,,,1,10
20,1,11,0.0,8,0.0,0.0,8,0.0,,,0.0,8,0.0,0.0,8,0.0,,,0.15893123418466,,,,,,,1,11
20,2,1,0.0,8,0.0,16018500.0,8,0.0,0.0,,0.0,8,0.0,557954.0,8,0.0,0.0,,0.15893123418466,0.0,,,,,,2,1
20,2,2,0.0,8,0.0,11199490.0,8,0.0,0.0,,0.0,8,0.0,394505.0,8,0.0,0.0,,0.15893123418466,0.0,,,,,,2,2
20,2,3,0.0,8,0.0,6913112.0,8,0.0,0.0,,0.0,8,0.0,249827.0,8,0.0,0.0,,0.15893123418466,0.0,,,,,,2,3
20,2,4,0.0,8,0.0,4044913.0,8,0.0,0.0,,0.0,8,0.0,151086.0,8,0.0,0.0,,0.15893123418466,0.0,,,,,,2,4
20,2,5,0.0,8,0.0,2277449.0,8,0.0,0.0,,0.0,8,0.0,112424.0,8,0.0,0.0,,0.15893123418466,0.0,,,,,,2,5
20,2,6,0.0,8,0.0,160837.0,8,0.0,0.0,,0.0,8,0.0,13340.0,8,0.0,0.0,,0.15893123418466,0.0,,,,,,2,6
20,2,7,0.0,8,0.0,1008.0,8,0.0,0.0,,0.0,8,0.0,120.0,8,0.0,0.0,,0.15893123418466,0.0,,,,,,2,7
20,2,8,0.0,8,0.0,0.0,8,0.0,,,0.0,8,0.0,0.0,8,0.0,,,0.15893123418466,,,,,,,2,8
20,2,9,0.0,8,0.0,0.0,8,0.0,,,0.0,8,0.0,0.0,8,0.0,,,0.15893123418466,,,,,,,2,9
20,2,10,0.0,8,0.0,0.0,8,0.0,,,0.0,8,0.0,0.0,8,0.0,,,0.15893123418466,,,,,,,2,10
20,2,11,0.0,8,0.0,0.0,8,0.0,,,0.0,8,0.0,0.0,8,0.0,,,0.15893123418466,,,,,,,2,11
20,3,1,3395.8,8,87.44739711615206,8198750.0,8,88.30704132966974,0.0004141850891904254,1.0665943560313133e-05,3395.8,8,87.44739711615206,290368.0,8,88.30704132966974,0.011694814855631475,0.0003011815871136544,0.15893123418466,0.002606064763262264,6.711043058987714e-05,0.22283933481916987,0.035416130507699345,0.0012898406257663153,0.008115715154314269,3,1
20,3,2,1583.994,8,46.65390654318243,5851208.0,8,45.07271725678407,0.0002707123041942792,7.97338056325936e-06,1583.994,8,46.65390654318243,210269.0,8,45.07271725678407,0.00753317892794468,0.00022188312158744785,0.15893123418466,0.001703329780222699,5.016874501833416e-05,0.22611035746198957,0.03593599817336864,0.0014968729881864823,0.009418368867929931,3,2
20,3,3,613.1624,8,26.941187250830282,4031034.0,8,28.659255253301684,0.00015211045106540904,6.683443405222285e-06,613.1624,8,26.941187250830282,146440.0,8,28.659255253301684,0.0041871237366839665,0.00018397606185215025,0.15893123418466,0.0009570834319997416,4.205242248013305e-05,0.22857777610310442,0.03632814806325126,0.0022573641762123307,0.014203401790673385,3,3
20,3,4,507.5828,8,23.659394011827523,2666642.0,8,24.43098235361198,0.00019034531069412393,8.872354995100499e-06,507.5828,8,23.659394011827523,97650.0,8,24.43098235361198,0.005197980542754737,0.00024229119122854133,0.15893123418466,0.0011976582933532396,5.582511858425408e-05,0.23040838331390237,0.03661908872657072,0.0024139172727486824,0.01518843847864408,3,4
20,3,5,479.5413,8,23.10964053847658,2032409.0,8,20.97054048400279,0.00023594724290238825,1.1370566194192005e-05,479.5413,8,23.10964053847658,87923.0,8,20.97054048400279,0.005454105296680049,0.00026284275529348325,0.15893123418466,0.0014845869920587444,7.154393692671323e-05,0.2721962469192559,0.0432604854633098,0.00294833090623379,0.018550984778789074,3,5
20,3,6,25.5295,8,5.563566314199913,297664.0,8,5.563566314199913,8.576616587830574e-05,1.8690759832100124e-05,25.5295,8,5.563566314199913,21439.0,8,5.563566314199913,0.0011907971453892438,0.0002595069853426478,0.15893123418466,0.0005396432382740779,0.0001176028105991022,0.45317814235915144,0.07202416147065148,0.022197513211833185,0.13966740600555713,3,6
20,3,7,0.0,8,0.0,12577.0,8,0.0,0.0,,0.0,8,0.0,1332.0,8,0.0,0.0,,0.15893123418466,0.0,,,,,,3,7
20,3,8,0.0,8,0.0,0.0,8,0.0,,,0.0,8,0.0,0.0,8,0.0,,,0.15893123418466,,,,,,,3,8
20,3,9,0.0,8,0.0,0.0,8,0.0,,,0.0,8,0.0,0.0,8,0.0,,,0.15893123418466,,,,,,,3,9
20,3,10,0.0,8,0.0,0.0,8,0.0,,,0.0,8,0.0,0.0,8,0.0,,,0.15893123418466,,,,,,,3,10
20,3,11,0.0,8,0.0,0.0,8,0.0,,,0.0,8,0.0,0.0,8,0.0,,,0.15893123418466,,,,,,,3,11
20,4,1,9552.968,8,128.52431725440132,4362541.0,8,132.73174780661935,0.0021897715116029857,2.94609600007629e-05,9552.968,8,128.52431725440132,158499.0,8,132.73174780661935,0.06027147174430123,0.0008124534086094628,0.15893123418466,0.013778106756905446,0.00018536922683512683,0.2286008016422494,0.03633180754060535,0.0006919421527728317,0.004353720376756616,4,1
20,4,2,4422.066,8,74.79004922775489,3217913.0,8,72.95562948326881,0.0013742030937442995,2.3241808098624512e-05,4422.066,8,74.79004922775489,117443.0,8,72.95562948326881,0.037652869902846484,0.0006372493870440361,0.15893123418466,0.008646526284113745,0.0001462381401482114,0.22963790825039035,0.03649663617381825,0.0008732388541650215,0.005494444554242985,4,2
20,4,3,1783.868,8,45.7903573479177,2206286.0,8,44.477289731277466,0.0008085388748330905,2.0754503935213693e-05,1783.868,8,45.7903573479177,81875.0,8,44.477289731277466,0.02178770076335878,0.0005593967664057178,0.15893123418466,0.005087350381320644,0.00013058794919505452,0.233496431614126,0.0371098760541471,0.0013473006142430573,0.008477255091832028,4,3
20,4,4,1111.0774999999999,8,34.91280276857331,1287309.0,8,35.47021762068849,0.0008631008561270059,2.7120773793357675e-05,1111.0774999999999,8,34.91280276857331,51640.0,8,35.47021762068849,0.021515830751355536,0.0006762421182382593,0.15893123418466,0.005430655972407419,0.00017064470638821332,0.2524028021583725,0.040114688858696707,0.0017828333317429423,0.011217639760297167,4,4
20,4,5,1426.1799,8,39.25577017703894,896210.0,8,38.36115234987213,0.0015913456667522121,4.380203037524221e-05,1426.1799,8,39.25577017703894,46876.0,8,38.36115234987213,0.030424522143527605,0.0008378086069313084,0.15893123418466,0.01001279374011058,0.00027560366343313766,0.32910274458462324,0.0523047053703931,0.002036484753283564,0.012813621965065724,4,5
20,4,6,184.6138,8,14.758603931513983,128646.0,8,16.220272460917542,0.001435052780498422,0.00011472274526567723,184.6138,8,14.758603931513983,10325.0,8,16.220272460917542,0.01788027118644068,0.0014296807061836927,0.15893123418466,0.009029394302891111,0.000721838887454825,0.5049920221421731,0.08025900533246272,0.009074695904973997,0.05709825354046036,4,6
20,4,7,0.0,8,0.0,4048.0,8,0.0,0.0,,0.0,8,0.0,453.0,8,0.0,0.0,,0.15893123418466,0.0,,,,,,4,7
20,4,8,0.0,8,0.0,0.0,8,0.0,,,0.0,8,0.0,0.0,8,0.0,,,0.15893123418466,,,,,,,4,8
20,4,9,0.0,8,0.0,0.0,8,0.0,,,0.0,8,0.0,0.0,8,0.0,,,0.15893123418466,,,,,,,4,9
20,4,10,0.0,8,0.0,0.0,8,0.0,,,0.0,8,0.0,0.0,8,0.0,,,0.15893123418466,,,,,,,4,10
20,4,11,0.0,8,0.0,0.0,8,0.0,,,0.0,8,0.0,0.0,8,0.0,,,0.15893123418466,,,,,,,4,11
20,5,1,10055.06,8,117.13872208048883,1943706.0,8,119.68104642486212,0.005173138324417376,6.0266500303643635e-05,10055.06,8,117.13872208048883,73644.0,8,119.68104642486212,0.1365360382380099,0.0016060099159365176,0.15893123418466,0.03254953849038118,0.00037919859247818356,0.23839521719270018,0.03788844609215591,0.0006272537240051392,0.0039466988803241905,5,1
20,5,2,2932.873,8,58.764144479946275,1164118.0,8,60.54028930026681,0.002519394941062676,5.047971290034551e-05,2932.873,8,58.764144479946275,47978.0,8,60.54028930026681,0.061129538538496814,0.001227240863098556,0.15893123418466,0.01585210707000127,0.0003176198382861221,0.2593199204345094,0.041214035003324406,0.001168988433151867,0.007355309603860721,5,2
20,5,3,1306.522,8,38.28973355933546,597619.0,8,36.890664805487035,0.002186212285753967,6.407061773115922e-05,1306.522,8,38.28973355933546,29671.0,8,36.890664805487035,0.04403363553638232,0.0012916374925068964,0.15893123418466,0.013755712003178917,0.00040313421121940365,0.31239101281595083,0.049648689215035,0.0020586580378587284,0.012953136923776747,5,3
20,5,4,519.3697,8,24.980070934128673,270102.0,8,23.999738333213134,0.0019228650657899607,9.248400071568611e-05,519.3697,8,24.980070934128673,16684.0,8,23.999738333213134,0.03112980700071925,0.0014979166103464042,0.15893123418466,0.012098723549556096,0.0005819120526568758,0.3886539852070575,0.06176925753974424,0.00420244370420433,0.026441899389779915,5,4
20,5,5,405.2202,8,21.002610694082772,137670.0,8,21.660907163717773,0.002943416866419699,0.00015255834580311248,405.2202,8,21.002610694082772,10689.0,8,21.660907163717773,0.03791001964636542,0.0019663820405059545,0.15893123418466,0.018520065495746318,0.0009599015988629212,0.48852692951642684,0.07764218784048811,0.00569327115081642,0.035822229532311366,5,5
20,5,6,0.0,8,0.0,6783.0,8,4.9861,0.0,,0.0,8,0.0,643.0,8,4.9861,0.0,,0.15893123418466,0.0,,,,,,5,6
20,5,7,0.0,8,0.0,0.0,8,0.0,,,0.0,8,0.0,0.0,8,0.0,,,0.15893123418466,,,,,,,5,7
20,5,8,0.0,8,0.0,0.0,8,0.0,,,0.0,8,0.0,0.0,8,0.0,,,0.15893123418466,,,,,,,5,8
20,5,9,0.0,8,0.0,0.0,8,0.0,,,0.0,8,0.0,0.0,8,0.0,,,0.15893123418466,,,,,,,5,9
20,5,10,0.0,8,0.0,0.0,8,0.0,,,0.0,8,0.0,0.0,8,0.0,,,0.15893123418466,,,,,,,5,10
20,5,11,0.0,8,0.0,0.0,8,0.0,,,0.0,8,0.0,0.0,8,0.0,,,0.15893123418466,,,,,,,5,11
20,6,1,2318.56,8,52.11341633197731,196796.0,8,55.36666796439894,0.011781540275208845,0.00026483007086951655,2318.56,8,52.11341633197731,12950.0,8,55.36666796439894,0.17903938223938223,0.00409635736596236,0.15893123418466,0.07412979793210464,0.0016663185951341331,0.4140418549534,0.06580418301184983,0.0021106184586031354,0.013280073419368514,6,1
20,6,2,428.3953,8,22.007605400165644,73365.0,8,23.227174289116615,0.0058392326041027745,0.00029997987220403916,428.3953,8,22.007605400165644,5718.0,8,23.227174289116615,0.07492047918852746,0.003860842708772181,0.15893123418466,0.036740623289430015,0.0018874821789623601,0.49039493189808764,0.07793907176446535,0.005671268643186607,0.03568378910716341,6,2
20,6,3,13.9762,8,3.92503,20516.0,8,3.92503,0.0006812341587054007,0.00019131560298127386,13.9762,8,3.92503,1915.0,8,3.92503,0.007298276762402089,0.002049678606612422,0.15893123418466,0.004286345363139156,0.0012037634009623743,0.5873092378766391,0.09334178202378632,0.03707240773010528,0.2332606798172307,6,3
20,6,4,0.0,8,0.0,3175.0,8,0.0,0.0,,0.0,8,0.0,339.0,8,0.0,0.0,,0.15893123418466,0.0,,,,,,6,4
20,6,5,0.0,8,0.0,88.0,8,0.0,0.0,,0.0,8,0.0,7.0,8,0.0,0.0,,0.15893123418466,0.0,,,,,,6,5
20,6,6,0.0,8,0.0,0.0,8,0.0,,,0.0,8,0.0,0.0,8,0.0,,,0.15893123418466,,,,,,,6,6
20,6,7,0.0,8,0.0,0.0,8,0.0,,,0.0,8,0.0,0.0,8,0.0,,,0.15893123418466,,,,,,,6,7
20,6,8,0.0,8,0.0,0.0,8,0.0,,,0.0,8,0.0,0.0,8,0.0,,,0.15893123418466,,,,,,,6,8
20,6,9,0.0,8,0.0,0.0,8,0.0,,,0.0,8,0.0,0.0,8,0.0,,,0.15893123418466,,,,,,,6,9
20,6,10,0.0,8,0.0,0.0,8,0.0,,,0.0,8,0.0,0.0,8,0.0,,,0.15893123418466,,,,,,,6,10
20,6,11,0.0,8,0.0,0.0,8,0.0,,,0.0,8,0.0,0.0,8,0.0,,,0.15893123418466,,,,,,,6,11
20,7,1,0.0,8,0.0,11.3052,8,3.99029,0.0,,0.0,8,0.0,11.3052,8,3.99029,0.0,,0.15893123418466,0.0,,,,,,7,1
20,7,2,0.0,8,0.0,0.0,8,0.0,,,0.0,8,0.0,0.0,8,0.0,,,0.15893123418466,,,,,,,7,2
20,7,3,0.0,8,0.0,0.0,8,0.0,,,0.0,8,0.0,0.0,8,0.0,,,0.15893123418466,,,,,,,7,3
20,7,4,0.0,8,0.0,0.0,8,0.0,,,0.0,8,0.0,0.0,8,0.0,,,0.15893123418466,,,,,,,7,4
20,7,5,0.0,8,0.0,0.0,8,0.0,,,0.0,8,0.0,0.0,8,0.0,,,0.15893123418466,,,,,,,7,5
20,7,6,0.0,8,0.0,0.0,8,0.0,,,0.0,8,0.0,0.0,8,0.0,,,0.15893123418466,,,,,,,7,6
20,7,7,0.0,8,0.0,0.0,8,0.0,,,0.0,8,0.0,0.0,8,0.0,,,0.15893123418466,,,,,,,7,7
20,7,8,0.0,8,0.0,0.0,8,0.0,,,0.0,8,0.0,0.0,8,0.0,,,0.15893123418466,,,,,,,7,8
20,7,9,0.0,8,0.0,0.0,8,0.0,,,0.0,8,0.0,0.0,8,0.0,,,0.15893123418466,,,,,,,7,9
20,7,10,0.0,8,0.0,0.0,8,0.0,,,0.0,8,0.0,0.0,8,0.0,,,0.15893123418466,,,,,,,7,10
20,7,11,0.0,8,0.0,0.0,8,0.0,,,0.0,8,0.0,0.0,8,0.0,,,0.15893123418466,,,,,,,7,11
20,8,1,0.0,8,0.0,0.0,8,0.0,,,0.0,8,0.0,0.0,8,0.0,,,0.15893123418466,,,,,,,8,1
20,8,2,0.0,8,0.0,0.0,8,0.0,,,0.0,8,0.0,0.0,8,0.0,,,0.15893123418466,,,,,,,8,2
20,8,3,0.0,8,0.0,0.0,8,0.0,,,0.0,8,0.0,0.0,8,0.0,,,0.15893123418466,,,,,,,8,3
20,8,4,0.0,8,0.0,0.0,8,0.0,,,0.0,8,0.0,0.0,8,0.0,,,0.15893123418466,,,,,,,8,4
20,8,5,0.0,8,0.0,0.0,8,0.0,,,0.0,8,0.0,0.0,8,0.0,,,0.15893123418466,,,,,,,8,5
20,8,6,0.0,8,0.0,0.0,8,0.0,,,0.0,8,0.0,0.0,8,0.0,,,0.15893123418466,,,,,,,8,6
20,8,7,0.0,8,0.0,0.0,8,0.0,,,0.0,8,0.0,0.0,8,0.0,,,0.15893123418466,,,,,,,8,7
20,8,8,0.0,8,0.0,0.0,8,0.0,,,0.0,8,0.0,0.0,8,0.0,,,0.15893123418466,,,,,,,8,8
20,8,9,0.0,8,0.0,0.0,8,0.0,,,0.0,8,0.0,0.0,8,0.0,,,0.15893123418466,,,,,,,8,9
20,8,10,0.0,8,0.0,0.0,8,0.0,,,0.0,8,0.0,0.0,8,0.0,,,0.15893123418466,,,,,,,8,10
20,8,11,0.0,8,0.0,0.0,8,0.0,,,0.0,8,0.0,0.0,8,0.0,,,0.15893123418466,,,,,,,8,11
