xq2_center,xq2_bin,iy,z_bin,pt2_bin,z_label,pt2_label,rootfile,source,npoints,p0,p1,p2,chi2,ndf,status
1.000000,1,2,1,1,0.00–0.20,0.00–0.05,measData_times_truth_over_meas.root,file1,8,3522116.471,-43074.90301,-432885.6062,47.64103788,5,0
1.000000,1,2,1,1,0.00–0.20,0.00–0.05,measData_times_truth_over_meas.root,file2,8,3522049.736,-43074.55352,-432876.0742,47.641181,5,0
1.000000,1,2,1,2,0.00–0.20,0.05–0.10,measData_times_truth_over_meas.root,file1,8,1530819.645,74771.95868,227624.1888,19.89850967,5,0
1.000000,1,2,1,2,0.00–0.20,0.05–0.10,measData_times_truth_over_meas.root,file2,8,1530750.566,74766.73405,227607.3736,19.89900447,5,0
1.000000,1,2,1,3,0.00–0.20,0.10–0.15,measData_times_truth_over_meas.root,file1,8,681884.7991,-75541.50183,-11991.58452,34.87618635,5,0
1.000000,1,2,1,3,0.00–0.20,0.10–0.15,measData_times_truth_over_meas.root,file2,8,681830.2764,-75540.33575,-11988.30152,34.87608734,5,0
1.000000,1,2,1,4,0.00–0.20,0.15–0.20,measData_times_truth_over_meas.root,file1,8,378536.3971,-62404.46318,-24478.63022,6.303259274,5,0
1.000000,1,2,1,4,0.00–0.20,0.15–0.20,measData_times_truth_over_meas.root,file2,8,378485.7695,-62397.15947,-24472.89647,6.30330989,5,0
1.000000,1,2,1,5,0.00–0.20,0.20–0.30,measData_times_truth_over_meas.root,file1,8,362358.894,-66680.04127,805.0843475,18.67250407,5,0
1.000000,1,2,1,5,0.00–0.20,0.20–0.30,measData_times_truth_over_meas.root,file2,8,362265.4845,-66661.04127,804.4689081,18.67273155,5,0
1.000000,1,2,1,6,0.00–0.20,0.30–0.40,measData_times_truth_over_meas.root,file1,8,164987.5186,-35851.18763,16479.01592,18.0568543,5,0
1.000000,1,2,1,6,0.00–0.20,0.30–0.40,measData_times_truth_over_meas.root,file2,8,164888.2625,-35829.83977,16467.58241,18.05818337,5,0
1.000000,1,2,2,1,0.20–0.30,0.00–0.05,measData_times_truth_over_meas.root,file1,6,249571.3374,24050.61323,-30900.80187,451.239267,3,0
1.000000,1,2,2,1,0.20–0.30,0.00–0.05,measData_times_truth_over_meas.root,file2,6,249571.3374,24050.61323,-30900.80187,451.239267,3,0
1.000000,1,2,2,2,0.20–0.30,0.05–0.10,measData_times_truth_over_meas.root,file1,8,191175.0622,-10601.07403,13748.20271,11.32891591,5,0
1.000000,1,2,2,2,0.20–0.30,0.05–0.10,measData_times_truth_over_meas.root,file2,8,191175.0622,-10601.07403,13748.20271,11.32891591,5,0
1.000000,1,2,2,3,0.20–0.30,0.10–0.15,measData_times_truth_over_meas.root,file1,8,148321.5207,909.4461836,4213.272682,13.79205022,5,0
1.000000,1,2,2,3,0.20–0.30,0.10–0.15,measData_times_truth_over_meas.root,file2,8,148321.5207,909.4461836,4213.272682,13.79205022,5,0
1.000000,1,2,2,4,0.20–0.30,0.15–0.20,measData_times_truth_over_meas.root,file1,8,102990.7082,-7106.399147,856.5657001,26.73450128,5,0
1.000000,1,2,2,4,0.20–0.30,0.15–0.20,measData_times_truth_over_meas.root,file2,8,102990.7082,-7106.399147,856.5657001,26.73450128,5,0
1.000000,1,2,2,5,0.20–0.30,0.20–0.30,measData_times_truth_over_meas.root,file1,8,132973.1111,-20261.59021,1199.709577,17.71014835,5,0
1.000000,1,2,2,5,0.20–0.30,0.20–0.30,measData_times_truth_over_meas.root,file2,8,132973.1111,-20261.59021,1199.709577,17.71014835,5,0
1.000000,1,2,2,6,0.20–0.30,0.30–0.40,measData_times_truth_over_meas.root,file1,8,74919.49884,-13338.06545,6076.939724,13.96562892,5,0
1.000000,1,2,2,6,0.20–0.30,0.30–0.40,measData_times_truth_over_meas.root,file2,8,74919.49884,-13338.06545,6076.939724,13.96562892,5,0
1.000000,1,2,2,7,0.20–0.30,0.40–0.50,measData_times_truth_over_meas.root,file1,8,42015.92399,-10782.75119,3497.126115,8.7880816,5,0
1.000000,1,2,2,7,0.20–0.30,0.40–0.50,measData_times_truth_over_meas.root,file2,8,42015.92399,-10782.75119,3497.126115,8.7880816,5,0
1.000000,1,2,2,8,0.20–0.30,0.50–0.65,measData_times_truth_over_meas.root,file1,8,31141.15275,-9992.173361,3433.533335,16.2100029,5,0
1.000000,1,2,2,8,0.20–0.30,0.50–0.65,measData_times_truth_over_meas.root,file2,8,31141.15275,-9992.173361,3433.533335,16.2100029,5,0
1.000000,1,2,2,9,0.20–0.30,0.65–0.80,measData_times_truth_over_meas.root,file1,8,14342.99506,-5997.003097,1019.154127,10.70805233,5,0
1.000000,1,2,2,9,0.20–0.30,0.65–0.80,measData_times_truth_over_meas.root,file2,8,14342.99506,-5997.003097,1019.154127,10.70805233,5,0
1.000000,1,2,3,1,0.30–0.40,0.00–0.05,measData_times_truth_over_meas.root,file1,8,109270.9688,22731.75116,10101.16043,5.756306238,5,0
1.000000,1,2,3,1,0.30–0.40,0.00–0.05,measData_times_truth_over_meas.root,file2,8,109270.9688,22731.75116,10101.16043,5.756306238,5,0
1.000000,1,2,3,2,0.30–0.40,0.05–0.10,measData_times_truth_over_meas.root,file1,6,84540.64804,-2476.494236,10703.16234,13.35765453,3,0
1.000000,1,2,3,2,0.30–0.40,0.05–0.10,measData_times_truth_over_meas.root,file2,6,84540.64804,-2476.494236,10703.16234,13.35765453,3,0
1.000000,1,2,3,3,0.30–0.40,0.10–0.15,measData_times_truth_over_meas.root,file1,8,68260.03157,247.2948249,3078.493071,8.203112683,5,0
1.000000,1,2,3,3,0.30–0.40,0.10–0.15,measData_times_truth_over_meas.root,file2,8,68260.03157,247.2948249,3078.493071,8.203112683,5,0
1.000000,1,2,3,4,0.30–0.40,0.15–0.20,measData_times_truth_over_meas.root,file1,8,54591.927,-2708.653388,403.0369824,6.240273999,5,0
1.000000,1,2,3,4,0.30–0.40,0.15–0.20,measData_times_truth_over_meas.root,file2,8,54591.927,-2708.653388,403.0369824,6.240273999,5,0
1.000000,1,2,3,5,0.30–0.40,0.20–0.30,measData_times_truth_over_meas.root,file1,8,73122.91973,-12214.59946,-1928.477218,11.5002844,5,0
1.000000,1,2,3,5,0.30–0.40,0.20–0.30,measData_times_truth_over_meas.root,file2,8,73122.91973,-12214.59946,-1928.477218,11.5002844,5,0
1.000000,1,2,3,6,0.30–0.40,0.30–0.40,measData_times_truth_over_meas.root,file1,8,46737.35175,-6750.702303,-730.9582133,11.01329294,5,0
1.000000,1,2,3,6,0.30–0.40,0.30–0.40,measData_times_truth_over_meas.root,file2,8,46737.35175,-6750.702303,-730.9582133,11.01329294,5,0
1.000000,1,2,3,7,0.30–0.40,0.40–0.50,measData_times_truth_over_meas.root,file1,8,27837.46194,-5565.386087,1047.600739,3.120672917,5,0
1.000000,1,2,3,7,0.30–0.40,0.40–0.50,measData_times_truth_over_meas.root,file2,8,27837.46194,-5565.386087,1047.600739,3.120672917,5,0
1.000000,1,2,3,8,0.30–0.40,0.50–0.65,measData_times_truth_over_meas.root,file1,8,22836.70877,-4844.430122,2001.718172,1.856136881,5,0
1.000000,1,2,3,8,0.30–0.40,0.50–0.65,measData_times_truth_over_meas.root,file2,8,22836.70877,-4844.430122,2001.718172,1.856136881,5,0
1.000000,1,2,3,9,0.30–0.40,0.65–0.80,measData_times_truth_over_meas.root,file1,8,10723.06866,-3088.496074,1101.137996,2.043900217,5,0
1.000000,1,2,3,9,0.30–0.40,0.65–0.80,measData_times_truth_over_meas.root,file2,8,10723.06866,-3088.496074,1101.137996,2.043900217,5,0
1.000000,1,2,3,10,0.30–0.40,0.80–1.00,measData_times_truth_over_meas.root,file1,8,6718.486737,-2400.836791,1896.22875,22.41780739,5,0
1.000000,1,2,3,10,0.30–0.40,0.80–1.00,measData_times_truth_over_meas.root,file2,8,6718.486737,-2400.836791,1896.22875,22.41780739,5,0
1.000000,1,2,3,11,0.30–0.40,1.00–1.50,measData_times_truth_over_meas.root,file1,7,4578.964471,-2245.049756,1694.967307,26.14533428,4,0
1.000000,1,2,3,11,0.30–0.40,1.00–1.50,measData_times_truth_over_meas.root,file2,7,4574.09781,-2242.563631,1693.326896,26.12717916,4,0
1.000000,1,2,4,1,0.40–0.50,0.00–0.05,measData_times_truth_over_meas.root,file1,6,56184.50649,15334.39205,13614.28008,3.47048823,3,0
1.000000,1,2,4,1,0.40–0.50,0.00–0.05,measData_times_truth_over_meas.root,file2,6,56184.50649,15334.39205,13614.28008,3.47048823,3,0
1.000000,1,2,4,2,0.40–0.50,0.05–0.10,measData_times_truth_over_meas.root,file1,6,30401.36816,-16451.06058,734.8548634,33.38468743,3,0
1.000000,1,2,4,2,0.40–0.50,0.05–0.10,measData_times_truth_over_meas.root,file2,6,30401.36816,-16451.06058,734.8548634,33.38468743,3,0
1.000000,1,2,4,3,0.40–0.50,0.10–0.15,measData_times_truth_over_meas.root,file1,6,36738.95981,3544.939148,3718.795617,5.372448757,3,0
1.000000,1,2,4,3,0.40–0.50,0.10–0.15,measData_times_truth_over_meas.root,file2,6,36738.95981,3544.939148,3718.795617,5.372448757,3,0
1.000000,1,2,4,4,0.40–0.50,0.15–0.20,measData_times_truth_over_meas.root,file1,6,28049.60664,-1866.32337,468.4344366,8.43069892,3,0
1.000000,1,2,4,4,0.40–0.50,0.15–0.20,measData_times_truth_over_meas.root,file2,6,28049.60664,-1866.32337,468.4344366,8.43069892,3,0
1.000000,1,2,4,5,0.40–0.50,0.20–0.30,measData_times_truth_over_meas.root,file1,6,44597.09835,-2120.328042,130.0488166,1.145889487,3,0
1.000000,1,2,4,5,0.40–0.50,0.20–0.30,measData_times_truth_over_meas.root,file2,6,44597.09835,-2120.328042,130.0488166,1.145889487,3,0
1.000000,1,2,4,6,0.40–0.50,0.30–0.40,measData_times_truth_over_meas.root,file1,7,29257.11957,-2370.038843,-178.5057432,16.21912365,4,0
1.000000,1,2,4,6,0.40–0.50,0.30–0.40,measData_times_truth_over_meas.root,file2,7,29257.11957,-2370.038843,-178.5057432,16.21912365,4,0
1.000000,1,2,4,7,0.40–0.50,0.40–0.50,measData_times_truth_over_meas.root,file1,8,19013.94212,-2649.290312,192.1163208,9.480661037,5,0
1.000000,1,2,4,7,0.40–0.50,0.40–0.50,measData_times_truth_over_meas.root,file2,8,19013.94212,-2649.290312,192.1163208,9.480661037,5,0
1.000000,1,2,4,8,0.40–0.50,0.50–0.65,measData_times_truth_over_meas.root,file1,8,17346.77482,-3671.381872,425.9791546,1.840291902,5,0
1.000000,1,2,4,8,0.40–0.50,0.50–0.65,measData_times_truth_over_meas.root,file2,8,17346.77482,-3671.381872,425.9791546,1.840291902,5,0
1.000000,1,2,4,9,0.40–0.50,0.65–0.80,measData_times_truth_over_meas.root,file1,8,9326.652448,-2117.932426,1007.00162,6.223498867,5,0
1.000000,1,2,4,9,0.40–0.50,0.65–0.80,measData_times_truth_over_meas.root,file2,8,9326.652448,-2117.932426,1007.00162,6.223498867,5,0
1.000000,1,2,4,10,0.40–0.50,0.80–1.00,measData_times_truth_over_meas.root,file1,8,5630.249585,-1894.935456,769.7126758,17.29468107,5,0
1.000000,1,2,4,10,0.40–0.50,0.80–1.00,measData_times_truth_over_meas.root,file2,8,5630.249585,-1894.935456,769.7126758,17.29468107,5,0
1.000000,1,2,4,11,0.40–0.50,1.00–1.50,measData_times_truth_over_meas.root,file1,8,3851.527075,-1780.717306,1165.262002,25.29857514,5,0
1.000000,1,2,4,11,0.40–0.50,1.00–1.50,measData_times_truth_over_meas.root,file2,8,3851.482119,-1780.694868,1165.324427,25.30080832,5,0
1.000000,1,2,5,4,0.50–0.60,0.15–0.20,measData_times_truth_over_meas.root,file1,6,14478.66584,-3628.431818,-1469.888015,2.190770517,3,0
1.000000,1,2,5,4,0.50–0.60,0.15–0.20,measData_times_truth_over_meas.root,file2,6,14478.66584,-3628.431818,-1469.888015,2.190770517,3,0
1.000000,1,2,5,5,0.50–0.60,0.20–0.30,measData_times_truth_over_meas.root,file1,6,25762.96197,-1772.61844,1406.733483,7.889074487,3,0
1.000000,1,2,5,5,0.50–0.60,0.20–0.30,measData_times_truth_over_meas.root,file2,6,25762.96197,-1772.61844,1406.733483,7.889074487,3,0
1.000000,1,2,5,6,0.50–0.60,0.30–0.40,measData_times_truth_over_meas.root,file1,6,18370.84599,535.0284409,1075.311277,4.73416964,3,0
1.000000,1,2,5,6,0.50–0.60,0.30–0.40,measData_times_truth_over_meas.root,file2,6,18370.84599,535.0284409,1075.311277,4.73416964,3,0
1.000000,1,2,5,7,0.50–0.60,0.40–0.50,measData_times_truth_over_meas.root,file1,6,12417.69585,-2659.743149,-425.0448131,6.842523813,3,0
1.000000,1,2,5,7,0.50–0.60,0.40–0.50,measData_times_truth_over_meas.root,file2,6,12417.69585,-2659.743149,-425.0448131,6.842523813,3,0
1.000000,1,2,5,8,0.50–0.60,0.50–0.65,measData_times_truth_over_meas.root,file1,6,13326.13203,440.0046491,1146.52758,18.4100517,3,0
1.000000,1,2,5,8,0.50–0.60,0.50–0.65,measData_times_truth_over_meas.root,file2,6,13326.13203,440.0046491,1146.52758,18.4100517,3,0
1.000000,1,2,5,9,0.50–0.60,0.65–0.80,measData_times_truth_over_meas.root,file1,8,7255.07157,-828.0697203,535.9903413,17.26018533,5,0
1.000000,1,2,5,9,0.50–0.60,0.65–0.80,measData_times_truth_over_meas.root,file2,8,7255.07157,-828.0697203,535.9903413,17.26018533,5,0
1.000000,1,2,5,10,0.50–0.60,0.80–1.00,measData_times_truth_over_meas.root,file1,8,4773.518405,-1474.731533,342.4638092,10.82435023,5,0
1.000000,1,2,5,10,0.50–0.60,0.80–1.00,measData_times_truth_over_meas.root,file2,8,4773.518405,-1474.731533,342.4638092,10.82435023,5,0
1.000000,1,2,5,11,0.50–0.60,1.00–1.50,measData_times_truth_over_meas.root,file1,8,3639.423704,-1373.455654,910.7862736,19.52188049,5,0
1.000000,1,2,5,11,0.50–0.60,1.00–1.50,measData_times_truth_over_meas.root,file2,8,3634.467105,-1376.259827,903.305661,20.02125751,5,0
1.000000,1,2,6,5,0.60–0.70,0.20–0.30,measData_times_truth_over_meas.root,file1,6,15555.45354,-144.1762126,203.6165594,5.573054062,3,0
1.000000,1,2,6,5,0.60–0.70,0.20–0.30,measData_times_truth_over_meas.root,file2,6,15555.45354,-144.1762126,203.6165594,5.573054062,3,0
1.000000,1,2,6,6,0.60–0.70,0.30–0.40,measData_times_truth_over_meas.root,file1,6,10965.08203,-1704.856129,-552.0448266,10.72941377,3,0
1.000000,1,2,6,6,0.60–0.70,0.30–0.40,measData_times_truth_over_meas.root,file2,6,10965.08203,-1704.856129,-552.0448266,10.72941377,3,0
1.000000,1,2,6,7,0.60–0.70,0.40–0.50,measData_times_truth_over_meas.root,file1,6,8275.749777,-1500.216714,-332.7251144,9.156109907,3,0
1.000000,1,2,6,7,0.60–0.70,0.40–0.50,measData_times_truth_over_meas.root,file2,6,8275.749777,-1500.216714,-332.7251144,9.156109907,3,0
1.000000,1,2,6,8,0.60–0.70,0.50–0.65,measData_times_truth_over_meas.root,file1,6,8690.119817,-683.9817269,537.5502458,3.106391924,3,0
1.000000,1,2,6,8,0.60–0.70,0.50–0.65,measData_times_truth_over_meas.root,file2,6,8690.119817,-683.9817269,537.5502458,3.106391924,3,0
1.000000,1,2,6,9,0.60–0.70,0.65–0.80,measData_times_truth_over_meas.root,file1,6,5170.662526,-716.9414751,144.6952653,2.4169097,3,0
1.000000,1,2,6,9,0.60–0.70,0.65–0.80,measData_times_truth_over_meas.root,file2,6,5170.662526,-716.9414751,144.6952653,2.4169097,3,0
1.000000,1,2,6,10,0.60–0.70,0.80–1.00,measData_times_truth_over_meas.root,file1,6,4056.545385,36.66027404,491.1653012,5.0423051,3,0
1.000000,1,2,6,10,0.60–0.70,0.80–1.00,measData_times_truth_over_meas.root,file2,6,4053.685057,38.34122505,489.2364151,5.088920905,3,0
1.000000,1,2,6,11,0.60–0.70,1.00–1.50,measData_times_truth_over_meas.root,file1,7,3087.907282,-463.770274,519.5328995,15.00222691,4,0
1.000000,1,2,6,11,0.60–0.70,1.00–1.50,measData_times_truth_over_meas.root,file2,8,2825.045343,-540.166559,375.1845668,20.97278631,5,0
1.000000,1,2,7,6,0.70–0.80,0.30–0.40,measData_times_truth_over_meas.root,file1,6,6339.440954,-952.1980595,-740.5522206,6.544132571,3,0
1.000000,1,2,7,6,0.70–0.80,0.30–0.40,measData_times_truth_over_meas.root,file2,6,6233.726337,-1112.410333,-801.8050215,8.075923111,3,0
1.000000,1,2,7,7,0.70–0.80,0.40–0.50,measData_times_truth_over_meas.root,file1,6,5534.862678,351.5056998,307.0743959,4.143976157,3,0
1.000000,1,2,7,7,0.70–0.80,0.40–0.50,measData_times_truth_over_meas.root,file2,6,5591.758391,486.1613644,357.2753482,4.701871425,3,0
1.000000,1,2,7,8,0.70–0.80,0.50–0.65,measData_times_truth_over_meas.root,file1,6,4973.352988,-400.4971089,-253.7356334,3.417302778,3,0
1.000000,1,2,7,8,0.70–0.80,0.50–0.65,measData_times_truth_over_meas.root,file2,6,4833.344326,-304.4910103,-196.0579386,2.504964371,3,0
1.000000,1,2,7,9,0.70–0.80,0.65–0.80,measData_times_truth_over_meas.root,file1,6,3580.415557,192.9328551,270.0607928,1.595560683,3,0
1.000000,1,2,7,9,0.70–0.80,0.65–0.80,measData_times_truth_over_meas.root,file2,6,3370.199414,329.9824181,343.5068413,5.41983945,3,0
1.000000,1,2,7,10,0.70–0.80,0.80–1.00,measData_times_truth_over_meas.root,file1,6,2636.626186,-26.37541359,299.7394022,0.7169225752,3,0
1.000000,1,2,7,10,0.70–0.80,0.80–1.00,measData_times_truth_over_meas.root,file2,6,1993.272439,-154.6272152,56.70876933,2.045989729,3,0
1.000000,1,2,7,11,0.70–0.80,1.00–1.50,measData_times_truth_over_meas.root,file1,7,2188.708258,-312.7522615,17.78997868,2.382373322,4,0
1.000000,1,2,7,11,0.70–0.80,1.00–1.50,measData_times_truth_over_meas.root,file2,6,929.682892,156.6636489,98.41994905,3.086963023,3,0
1.000000,1,2,8,8,0.80–1.00,0.50–0.65,measData_times_truth_over_meas.root,file1,6,3348.102906,-825.919388,-1496.019007,14.47829585,3,0
1.000000,1,2,8,9,0.80–1.00,0.65–0.80,measData_times_truth_over_meas.root,file1,6,2097.170354,-585.0753084,-761.8977711,12.46667661,3,0
1.000000,1,2,8,10,0.80–1.00,0.80–1.00,measData_times_truth_over_meas.root,file1,6,1776.543906,-273.7201496,-368.6293581,27.27580466,3,0
1.000000,1,2,8,11,0.80–1.00,1.00–1.50,measData_times_truth_over_meas.root,file1,6,1753.166716,814.4612859,37.91053528,1.035619868,3,0
2.000000,2,3,1,1,0.00–0.20,0.00–0.05,measData_times_truth_over_meas.root,file1,7,3424033.432,716784.7345,34663.0727,15.13006521,4,0
2.000000,2,3,1,1,0.00–0.20,0.00–0.05,measData_times_truth_over_meas.root,file2,7,3423797.517,716730.9337,34663.25392,15.1302147,4,0
2.000000,2,3,1,2,0.00–0.20,0.05–0.10,measData_times_truth_over_meas.root,file1,8,1285626.61,-77061.40422,-2969.057685,12.37867861,5,0
2.000000,2,3,1,2,0.00–0.20,0.05–0.10,measData_times_truth_over_meas.root,file2,8,1285423.96,-77046.50328,-2970.026815,12.37869575,5,0
2.000000,2,3,1,3,0.00–0.20,0.10–0.15,measData_times_truth_over_meas.root,file1,8,647436.6178,-68264.95846,-10116.0068,2.395030519,5,0
2.000000,2,3,1,3,0.00–0.20,0.10–0.15,measData_times_truth_over_meas.root,file2,8,647249.0713,-68247.34663,-10112.95385,2.395268114,5,0
2.000000,2,3,1,4,0.00–0.20,0.15–0.20,measData_times_truth_over_meas.root,file1,8,368221.0265,-53842.85102,50691.15555,7.184522267,5,0
2.000000,2,3,1,4,0.00–0.20,0.15–0.20,measData_times_truth_over_meas.root,file2,8,368038.0951,-53817.66936,50669.79021,7.183752498,5,0
2.000000,2,3,1,5,0.00–0.20,0.20–0.30,measData_times_truth_over_meas.root,file1,8,348134.1465,-64473.72864,16724.4442,5.482035598,5,0
2.000000,2,3,1,5,0.00–0.20,0.20–0.30,measData_times_truth_over_meas.root,file2,8,347771.209,-64408.79755,16709.90192,5.480257739,5,0
2.000000,2,3,2,1,0.20–0.30,0.00–0.05,measData_times_truth_over_meas.root,file1,6,263083.1584,55684.97443,-5883.805881,419.7080434,3,0
2.000000,2,3,2,1,0.20–0.30,0.00–0.05,measData_times_truth_over_meas.root,file2,6,263083.1584,55684.97443,-5883.805881,419.7080434,3,0
2.000000,2,3,2,2,0.20–0.30,0.05–0.10,measData_times_truth_over_meas.root,file1,8,196124.5866,3186.734575,11711.48034,59.99501066,5,0
2.000000,2,3,2,2,0.20–0.30,0.05–0.10,measData_times_truth_over_meas.root,file2,8,196124.5866,3186.734575,11711.48034,59.99501066,5,0
2.000000,2,3,2,3,0.20–0.30,0.10–0.15,measData_times_truth_over_meas.root,file1,8,145501.4927,-10141.03356,-3475.821495,19.57905075,5,0
2.000000,2,3,2,3,0.20–0.30,0.10–0.15,measData_times_truth_over_meas.root,file2,8,145501.4927,-10141.03356,-3475.821495,19.57905075,5,0
2.000000,2,3,2,4,0.20–0.30,0.15–0.20,measData_times_truth_over_meas.root,file1,8,112115.1507,-5287.152348,-1052.580339,17.3791248,5,0
2.000000,2,3,2,4,0.20–0.30,0.15–0.20,measData_times_truth_over_meas.root,file2,8,112115.1507,-5287.152348,-1052.580339,17.3791248,5,0
2.000000,2,3,2,5,0.20–0.30,0.20–0.30,measData_times_truth_over_meas.root,file1,8,136195.2887,-15644.19154,6230.481561,11.56131607,5,0
2.000000,2,3,2,5,0.20–0.30,0.20–0.30,measData_times_truth_over_meas.root,file2,8,136195.2887,-15644.19154,6230.481561,11.56131607,5,0
2.000000,2,3,2,6,0.20–0.30,0.30–0.40,measData_times_truth_over_meas.root,file1,8,75976.83067,-13410.69746,6416.504198,3.269595112,5,0
2.000000,2,3,2,6,0.20–0.30,0.30–0.40,measData_times_truth_over_meas.root,file2,8,75976.83067,-13410.69746,6416.504198,3.269595112,5,0
2.000000,2,3,2,7,0.20–0.30,0.40–0.50,measData_times_truth_over_meas.root,file1,8,44229.85736,-14036.31994,4946.593897,1.140717416,5,0
2.000000,2,3,2,7,0.20–0.30,0.40–0.50,measData_times_truth_over_meas.root,file2,8,44229.85736,-14036.31994,4946.593897,1.140717416,5,0
2.000000,2,3,2,8,0.20–0.30,0.50–0.65,measData_times_truth_over_meas.root,file1,8,33636.59091,-10132.66053,4831.868074,15.50230842,5,0
2.000000,2,3,2,8,0.20–0.30,0.50–0.65,measData_times_truth_over_meas.root,file2,8,33636.59091,-10132.66053,4831.868074,15.50230842,5,0
2.000000,2,3,3,1,0.30–0.40,0.00–0.05,measData_times_truth_over_meas.root,file1,8,103638.5999,-708.621057,4407.294858,25.70340443,5,0
2.000000,2,3,3,1,0.30–0.40,0.00–0.05,measData_times_truth_over_meas.root,file2,8,103638.5999,-708.621057,4407.294858,25.70340443,5,0
2.000000,2,3,3,2,0.30–0.40,0.05–0.10,measData_times_truth_over_meas.root,file1,6,83980.52239,-8997.643624,2493.358957,5.688503569,3,0
2.000000,2,3,3,2,0.30–0.40,0.05–0.10,measData_times_truth_over_meas.root,file2,6,83980.52239,-8997.643624,2493.358957,5.688503569,3,0
2.000000,2,3,3,3,0.30–0.40,0.10–0.15,measData_times_truth_over_meas.root,file1,8,71145.82421,292.0164688,4802.218515,8.466224437,5,0
2.000000,2,3,3,3,0.30–0.40,0.10–0.15,measData_times_truth_over_meas.root,file2,8,71145.82421,292.0164688,4802.218515,8.466224437,5,0
2.000000,2,3,3,4,0.30–0.40,0.15–0.20,measData_times_truth_over_meas.root,file1,8,55702.63513,-2534.41898,4404.553802,11.93144106,5,0
2.000000,2,3,3,4,0.30–0.40,0.15–0.20,measData_times_truth_over_meas.root,file2,8,55702.63513,-2534.41898,4404.553802,11.93144106,5,0
2.000000,2,3,3,5,0.30–0.40,0.20–0.30,measData_times_truth_over_meas.root,file1,8,76865.69635,-5835.000247,-236.9765319,20.69546242,5,0
2.000000,2,3,3,5,0.30–0.40,0.20–0.30,measData_times_truth_over_meas.root,file2,8,76865.69635,-5835.000247,-236.9765319,20.69546242,5,0
2.000000,2,3,3,6,0.30–0.40,0.30–0.40,measData_times_truth_over_meas.root,file1,8,46227.1064,-6117.581559,-59.45994363,12.11389351,5,0
2.000000,2,3,3,6,0.30–0.40,0.30–0.40,measData_times_truth_over_meas.root,file2,8,46227.1064,-6117.581559,-59.45994363,12.11389351,5,0
2.000000,2,3,3,7,0.30–0.40,0.40–0.50,measData_times_truth_over_meas.root,file1,8,27292.30498,-5456.57313,1266.89932,15.10164542,5,0
2.000000,2,3,3,7,0.30–0.40,0.40–0.50,measData_times_truth_over_meas.root,file2,8,27292.30498,-5456.57313,1266.89932,15.10164542,5,0
2.000000,2,3,3,8,0.30–0.40,0.50–0.65,measData_times_truth_over_meas.root,file1,8,21738.02337,-6412.496317,2964.53547,5.466925643,5,0
2.000000,2,3,3,8,0.30–0.40,0.50–0.65,measData_times_truth_over_meas.root,file2,8,21738.02337,-6412.496317,2964.53547,5.466925643,5,0
2.000000,2,3,3,9,0.30–0.40,0.65–0.80,measData_times_truth_over_meas.root,file1,8,10659.80799,-3932.312504,2113.911446,21.72215294,5,0
2.000000,2,3,3,9,0.30–0.40,0.65–0.80,measData_times_truth_over_meas.root,file2,8,10659.80799,-3932.312504,2113.911446,21.72215294,5,0
2.000000,2,3,3,10,0.30–0.40,0.80–1.00,measData_times_truth_over_meas.root,file1,8,6691.00702,-3638.962328,1985.427611,19.70807326,5,0
2.000000,2,3,3,10,0.30–0.40,0.80–1.00,measData_times_truth_over_meas.root,file2,8,6690.992436,-3638.939241,1985.409966,19.70698592,5,0
2.000000,2,3,3,11,0.30–0.40,1.00–1.50,measData_times_truth_over_meas.root,file1,7,3742.916391,-2414.312733,755.0492446,16.66746346,4,0
2.000000,2,3,3,11,0.30–0.40,1.00–1.50,measData_times_truth_over_meas.root,file2,7,3508.744954,-2260.39173,707.7314165,16.74145768,4,0
2.000000,2,3,4,1,0.40–0.50,0.00–0.05,measData_times_truth_over_meas.root,file1,8,48178.5027,-5465.037088,2026.563408,15.97488462,5,0
2.000000,2,3,4,1,0.40–0.50,0.00–0.05,measData_times_truth_over_meas.root,file2,8,48178.5027,-5465.037088,2026.563408,15.97488462,5,0
2.000000,2,3,4,2,0.40–0.50,0.05–0.10,measData_times_truth_over_meas.root,file1,7,43487.97669,388.5305073,3976.824399,20.41003912,4,0
2.000000,2,3,4,2,0.40–0.50,0.05–0.10,measData_times_truth_over_meas.root,file2,7,43487.97669,388.5305073,3976.824399,20.41003912,4,0
2.000000,2,3,4,3,0.40–0.50,0.10–0.15,measData_times_truth_over_meas.root,file1,6,33760.12152,-2669.609782,1180.208634,12.33453196,3,0
2.000000,2,3,4,3,0.40–0.50,0.10–0.15,measData_times_truth_over_meas.root,file2,6,33760.12152,-2669.609782,1180.208634,12.33453196,3,0
2.000000,2,3,4,4,0.40–0.50,0.15–0.20,measData_times_truth_over_meas.root,file1,6,31091.28204,1069.496757,3684.981919,0.8240281156,3,0
2.000000,2,3,4,4,0.40–0.50,0.15–0.20,measData_times_truth_over_meas.root,file2,6,31091.28204,1069.496757,3684.981919,0.8240281156,3,0
2.000000,2,3,4,5,0.40–0.50,0.20–0.30,measData_times_truth_over_meas.root,file1,8,45188.03316,-2218.498272,1074.889039,8.007489661,5,0
2.000000,2,3,4,5,0.40–0.50,0.20–0.30,measData_times_truth_over_meas.root,file2,8,45188.03316,-2218.498272,1074.889039,8.007489661,5,0
2.000000,2,3,4,6,0.40–0.50,0.30–0.40,measData_times_truth_over_meas.root,file1,8,29948.36714,-2932.66255,394.7862876,5.963846468,5,0
2.000000,2,3,4,6,0.40–0.50,0.30–0.40,measData_times_truth_over_meas.root,file2,8,29948.36714,-2932.66255,394.7862876,5.963846468,5,0
2.000000,2,3,4,7,0.40–0.50,0.40–0.50,measData_times_truth_over_meas.root,file1,8,19815.07141,-2737.710263,668.7803777,12.40872032,5,0
2.000000,2,3,4,7,0.40–0.50,0.40–0.50,measData_times_truth_over_meas.root,file2,8,19815.07141,-2737.710263,668.7803777,12.40872032,5,0
2.000000,2,3,4,8,0.40–0.50,0.50–0.65,measData_times_truth_over_meas.root,file1,8,16639.97391,-3300.463543,801.9449878,2.191813016,5,0
2.000000,2,3,4,8,0.40–0.50,0.50–0.65,measData_times_truth_over_meas.root,file2,8,16639.97391,-3300.463543,801.9449878,2.191813016,5,0
2.000000,2,3,4,9,0.40–0.50,0.65–0.80,measData_times_truth_over_meas.root,file1,8,8667.727769,-2857.528025,998.561699,15.88779698,5,0
2.000000,2,3,4,9,0.40–0.50,0.65–0.80,measData_times_truth_over_meas.root,file2,8,8667.727769,-2857.528025,998.561699,15.88779698,5,0
2.000000,2,3,4,10,0.40–0.50,0.80–1.00,measData_times_truth_over_meas.root,file1,8,5225.115957,-2104.192784,1126.971207,24.88862762,5,0
2.000000,2,3,4,10,0.40–0.50,0.80–1.00,measData_times_truth_over_meas.root,file2,8,5225.115957,-2104.192784,1126.971207,24.88862762,5,0
2.000000,2,3,4,11,0.40–0.50,1.00–1.50,measData_times_truth_over_meas.root,file1,8,3335.559728,-1859.322755,1254.725602,40.8008256,5,0
2.000000,2,3,4,11,0.40–0.50,1.00–1.50,measData_times_truth_over_meas.root,file2,8,3228.564125,-1780.791295,1245.869455,37.2285828,5,0
2.000000,2,3,5,1,0.50–0.60,0.00–0.05,measData_times_truth_over_meas.root,file1,8,25083.62006,-3502.035023,386.8257083,2.877447794,5,0
2.000000,2,3,5,1,0.50–0.60,0.00–0.05,measData_times_truth_over_meas.root,file2,8,25083.62006,-3502.035023,386.8257083,2.877447794,5,0
2.000000,2,3,5,4,0.50–0.60,0.15–0.20,measData_times_truth_over_meas.root,file1,6,16315.13475,-1563.274455,-5.071906641,2.682940696,3,0
2.000000,2,3,5,4,0.50–0.60,0.15–0.20,measData_times_truth_over_meas.root,file2,6,16315.13475,-1563.274455,-5.071906641,2.682940696,3,0
2.000000,2,3,5,5,0.50–0.60,0.20–0.30,measData_times_truth_over_meas.root,file1,6,24454.85407,-3823.687174,-1675.381667,8.907468866,3,0
2.000000,2,3,5,5,0.50–0.60,0.20–0.30,measData_times_truth_over_meas.root,file2,6,24454.85407,-3823.687174,-1675.381667,8.907468866,3,0
2.000000,2,3,5,6,0.50–0.60,0.30–0.40,measData_times_truth_over_meas.root,file1,6,18722.53627,-1144.448675,498.6752807,5.279395768,3,0
2.000000,2,3,5,6,0.50–0.60,0.30–0.40,measData_times_truth_over_meas.root,file2,6,18722.53627,-1144.448675,498.6752807,5.279395768,3,0
2.000000,2,3,5,7,0.50–0.60,0.40–0.50,measData_times_truth_over_meas.root,file1,6,13232.542,-1222.742266,234.6864752,4.452400166,3,0
2.000000,2,3,5,7,0.50–0.60,0.40–0.50,measData_times_truth_over_meas.root,file2,6,13232.542,-1222.742266,234.6864752,4.452400166,3,0
2.000000,2,3,5,8,0.50–0.60,0.50–0.65,measData_times_truth_over_meas.root,file1,6,12478.62362,-947.7503652,1030.436377,7.786281554,3,0
2.000000,2,3,5,8,0.50–0.60,0.50–0.65,measData_times_truth_over_meas.root,file2,6,12478.62362,-947.7503652,1030.436377,7.786281554,3,0
2.000000,2,3,5,9,0.50–0.60,0.65–0.80,measData_times_truth_over_meas.root,file1,7,6795.373989,-1452.364503,829.9892996,4.969923551,4,0
2.000000,2,3,5,9,0.50–0.60,0.65–0.80,measData_times_truth_over_meas.root,file2,7,6795.373989,-1452.364503,829.9892996,4.969923551,4,0
2.000000,2,3,5,10,0.50–0.60,0.80–1.00,measData_times_truth_over_meas.root,file1,8,4459.544401,-1506.239891,-15.57970207,9.005884501,5,0
2.000000,2,3,5,10,0.50–0.60,0.80–1.00,measData_times_truth_over_meas.root,file2,8,4458.326438,-1502.399987,-11.66410398,9.076287116,5,0
2.000000,2,3,5,11,0.50–0.60,1.00–1.50,measData_times_truth_over_meas.root,file1,8,2662.282502,-1229.301971,571.0084977,9.142666969,5,0
2.000000,2,3,5,11,0.50–0.60,1.00–1.50,measData_times_truth_over_meas.root,file2,8,2450.884122,-1111.596606,537.5557713,9.67274509,5,0
2.000000,2,3,6,1,0.60–0.70,0.00–0.05,measData_times_truth_over_meas.root,file1,8,15369.87034,-448.3256241,916.2765718,6.426603811,5,0
2.000000,2,3,6,1,0.60–0.70,0.00–0.05,measData_times_truth_over_meas.root,file2,8,15369.87034,-448.3256241,916.2765718,6.426603811,5,0
2.000000,2,3,6,5,0.60–0.70,0.20–0.30,measData_times_truth_over_meas.root,file1,6,15520.04759,-2981.006293,-1969.465994,1.469045303,3,0
2.000000,2,3,6,5,0.60–0.70,0.20–0.30,measData_times_truth_over_meas.root,file2,6,15520.04759,-2981.006293,-1969.465994,1.469045303,3,0
2.000000,2,3,6,6,0.60–0.70,0.30–0.40,measData_times_truth_over_meas.root,file1,6,11205.74745,-1121.749797,-400.4533087,1.272954226,3,0
2.000000,2,3,6,6,0.60–0.70,0.30–0.40,measData_times_truth_over_meas.root,file2,6,11205.74745,-1121.749797,-400.4533087,1.272954226,3,0
2.000000,2,3,6,7,0.60–0.70,0.40–0.50,measData_times_truth_over_meas.root,file1,6,7541.388398,-3022.906013,-1363.149882,20.8830354,3,0
2.000000,2,3,6,7,0.60–0.70,0.40–0.50,measData_times_truth_over_meas.root,file2,6,7541.388398,-3022.906013,-1363.149882,20.8830354,3,0
2.000000,2,3,6,8,0.60–0.70,0.50–0.65,measData_times_truth_over_meas.root,file1,6,8553.937407,-869.8310497,-30.49556431,8.804506873,3,0
2.000000,2,3,6,8,0.60–0.70,0.50–0.65,measData_times_truth_over_meas.root,file2,6,8560.191076,-852.5747668,-14.40764654,8.750422545,3,0
2.000000,2,3,6,9,0.60–0.70,0.65–0.80,measData_times_truth_over_meas.root,file1,6,4931.714106,-517.3751239,469.7581317,6.221751775,3,0
2.000000,2,3,6,9,0.60–0.70,0.65–0.80,measData_times_truth_over_meas.root,file2,6,4895.740864,-510.0161023,501.2689031,5.81324457,3,0
2.000000,2,3,6,10,0.60–0.70,0.80–1.00,measData_times_truth_over_meas.root,file1,7,3323.461676,-968.1645264,332.3153593,13.58800858,4,0
2.000000,2,3,6,10,0.60–0.70,0.80–1.00,measData_times_truth_over_meas.root,file2,7,3164.9909,-778.2829235,413.8123601,10.13443445,4,0
2.000000,2,3,6,11,0.60–0.70,1.00–1.50,measData_times_truth_over_meas.root,file1,7,2681.919871,-398.9457944,543.6260434,19.23079529,4,0
2.000000,2,3,6,11,0.60–0.70,1.00–1.50,measData_times_truth_over_meas.root,file2,8,1564.801739,-157.622893,372.4684117,17.25501238,5,0
2.000000,2,3,7,1,0.70–0.80,0.00–0.05,measData_times_truth_over_meas.root,file1,8,8799.28402,-526.6545966,-310.9094209,6.55936522,5,0
2.000000,2,3,7,1,0.70–0.80,0.00–0.05,measData_times_truth_over_meas.root,file2,8,8799.28402,-526.6545966,-310.9094209,6.55936522,5,0
2.000000,2,3,7,7,0.70–0.80,0.40–0.50,measData_times_truth_over_meas.root,file1,6,5581.34427,54.29128501,-354.0442813,6.898126035,3,0
2.000000,2,3,7,7,0.70–0.80,0.40–0.50,measData_times_truth_over_meas.root,file2,6,5114.781781,364.6892586,-46.75136523,4.253013498,3,0
2.000000,2,3,7,8,0.70–0.80,0.50–0.65,measData_times_truth_over_meas.root,file1,6,4965.349568,-1096.662265,-728.2355193,3.195070339,3,0
2.000000,2,3,7,8,0.70–0.80,0.50–0.65,measData_times_truth_over_meas.root,file2,6,3669.496621,-732.6368213,-442.3029967,1.38970532,3,0
2.000000,2,3,7,9,0.70–0.80,0.65–0.80,measData_times_truth_over_meas.root,file1,6,2831.036503,-975.8994287,-847.7467414,13.10179814,3,0
2.000000,2,3,7,9,0.70–0.80,0.65–0.80,measData_times_truth_over_meas.root,file2,6,1393.190108,-942.1597916,-676.5461781,7.082286785,3,0
2.000000,2,3,7,10,0.70–0.80,0.80–1.00,measData_times_truth_over_meas.root,file1,6,2602.818848,128.2529878,320.5264517,8.54375991,3,0
2.000000,2,3,7,11,0.70–0.80,1.00–1.50,measData_times_truth_over_meas.root,file1,6,1944.954663,48.2909935,-26.57031922,4.066642403,3,0
2.000000,2,3,8,1,0.80–1.00,0.00–0.05,measData_times_truth_over_meas.root,file1,8,6872.876443,352.5690695,-724.7870755,20.00090964,5,0
2.000000,2,3,8,1,0.80–1.00,0.00–0.05,measData_times_truth_over_meas.root,file2,8,3137.237403,-225.5818792,-135.8847587,8.25255565,5,0
2.000000,2,3,8,7,0.80–1.00,0.40–0.50,measData_times_truth_over_meas.root,file1,6,4597.435859,1291.638059,150.8201239,9.140546757,3,0
2.000000,2,3,8,8,0.80–1.00,0.50–0.65,measData_times_truth_over_meas.root,file1,6,3478.062279,-1223.910326,-1998.85112,12.20520798,3,0
2.000000,2,3,8,9,0.80–1.00,0.65–0.80,measData_times_truth_over_meas.root,file1,6,2322.516276,-161.4507122,-679.1961128,3.398113127,3,0
2.000000,2,3,8,10,0.80–1.00,0.80–1.00,measData_times_truth_over_meas.root,file1,6,1614.495952,-34.09424427,-675.8948728,8.032711525,3,0
2.000000,2,3,8,11,0.80–1.00,1.00–1.50,measData_times_truth_over_meas.root,file1,6,1001.22909,306.9828195,-181.6400758,3.287709633,3,0
3.000000,3,4,1,1,0.00–0.20,0.00–0.05,measData_times_truth_over_meas.root,file1,6,2235171.211,-113308.9465,-16710.58655,4.620606073,3,0
3.000000,3,4,1,1,0.00–0.20,0.00–0.05,measData_times_truth_over_meas.root,file2,6,2234646.2,-113315.7944,-16727.28768,4.620593166,3,0
3.000000,3,4,1,2,0.00–0.20,0.05–0.10,measData_times_truth_over_meas.root,file1,8,1282575.086,283697.3899,330789.072,1.941221821,5,0
3.000000,3,4,1,2,0.00–0.20,0.05–0.10,measData_times_truth_over_meas.root,file2,8,1281889.754,283550.7028,330619.378,1.941535334,5,0
3.000000,3,4,1,3,0.00–0.20,0.10–0.15,measData_times_truth_over_meas.root,file1,7,615088.8662,-174394.3997,-44210.35682,11.71965969,4,0
3.000000,3,4,1,3,0.00–0.20,0.10–0.15,measData_times_truth_over_meas.root,file2,7,614446.4063,-174216.4604,-44178.52423,11.72136659,4,0
3.000000,3,4,2,1,0.20–0.30,0.00–0.05,measData_times_truth_over_meas.root,file1,8,256552.4387,40694.73581,60146.04133,46.21194051,5,0
3.000000,3,4,2,1,0.20–0.30,0.00–0.05,measData_times_truth_over_meas.root,file2,8,256552.4387,40694.73581,60146.04133,46.21194051,5,0
3.000000,3,4,2,2,0.20–0.30,0.05–0.10,measData_times_truth_over_meas.root,file1,8,177188.8483,4147.851373,18706.62842,18.02414039,5,0
3.000000,3,4,2,2,0.20–0.30,0.05–0.10,measData_times_truth_over_meas.root,file2,8,177188.8483,4147.851373,18706.62842,18.02414039,5,0
3.000000,3,4,2,3,0.20–0.30,0.10–0.15,measData_times_truth_over_meas.root,file1,8,137434.8331,-4814.346698,7431.639916,26.67115109,5,0
3.000000,3,4,2,3,0.20–0.30,0.10–0.15,measData_times_truth_over_meas.root,file2,8,137434.8331,-4814.346698,7431.639916,26.67115109,5,0
3.000000,3,4,2,4,0.20–0.30,0.15–0.20,measData_times_truth_over_meas.root,file1,8,97926.77473,-9428.853238,-2462.609317,9.953326131,5,0
3.000000,3,4,2,4,0.20–0.30,0.15–0.20,measData_times_truth_over_meas.root,file2,8,97926.77473,-9428.853238,-2462.609317,9.953326131,5,0
3.000000,3,4,2,5,0.20–0.30,0.20–0.30,measData_times_truth_over_meas.root,file1,8,131980.9964,-28336.06825,9139.63152,18.70964341,5,0
3.000000,3,4,2,5,0.20–0.30,0.20–0.30,measData_times_truth_over_meas.root,file2,8,131980.9964,-28336.06825,9139.63152,18.70964341,5,0
3.000000,3,4,2,6,0.20–0.30,0.30–0.40,measData_times_truth_over_meas.root,file1,8,76205.23373,-18702.192,11335.18959,21.6382596,5,0
3.000000,3,4,2,6,0.20–0.30,0.30–0.40,measData_times_truth_over_meas.root,file2,8,76205.23373,-18702.192,11335.18959,21.6382596,5,0
3.000000,3,4,2,7,0.20–0.30,0.40–0.50,measData_times_truth_over_meas.root,file1,6,44280.93058,-12004.05754,6632.867674,11.49568654,3,0
3.000000,3,4,2,7,0.20–0.30,0.40–0.50,measData_times_truth_over_meas.root,file2,6,44280.93058,-12004.05754,6632.867674,11.49568654,3,0
3.000000,3,4,3,1,0.30–0.40,0.00–0.05,measData_times_truth_over_meas.root,file1,8,97563.2856,-435.9883347,8557.05325,10.04146788,5,0
3.000000,3,4,3,1,0.30–0.40,0.00–0.05,measData_times_truth_over_meas.root,file2,8,97563.2856,-435.9883347,8557.05325,10.04146788,5,0
3.000000,3,4,3,2,0.30–0.40,0.05–0.10,measData_times_truth_over_meas.root,file1,8,77548.5641,2820.034727,7485.030772,17.19328691,5,0
3.000000,3,4,3,2,0.30–0.40,0.05–0.10,measData_times_truth_over_meas.root,file2,8,77548.5641,2820.034727,7485.030772,17.19328691,5,0
3.000000,3,4,3,3,0.30–0.40,0.10–0.15,measData_times_truth_over_meas.root,file1,8,63824.09159,1922.762802,6005.347394,3.125643593,5,0
3.000000,3,4,3,3,0.30–0.40,0.10–0.15,measData_times_truth_over_meas.root,file2,8,63824.09159,1922.762802,6005.347394,3.125643593,5,0
3.000000,3,4,3,4,0.30–0.40,0.15–0.20,measData_times_truth_over_meas.root,file1,8,53660.71871,1776.5855,5202.729391,2.065756632,5,0
3.000000,3,4,3,4,0.30–0.40,0.15–0.20,measData_times_truth_over_meas.root,file2,8,53660.71871,1776.5855,5202.729391,2.065756632,5,0
3.000000,3,4,3,5,0.30–0.40,0.20–0.30,measData_times_truth_over_meas.root,file1,8,69805.28646,-4235.386422,1468.651179,17.87168889,5,0
3.000000,3,4,3,5,0.30–0.40,0.20–0.30,measData_times_truth_over_meas.root,file2,8,69805.28646,-4235.386422,1468.651179,17.87168889,5,0
3.000000,3,4,3,6,0.30–0.40,0.30–0.40,measData_times_truth_over_meas.root,file1,8,42124.0185,-7943.358773,2061.5331,6.412728231,5,0
3.000000,3,4,3,6,0.30–0.40,0.30–0.40,measData_times_truth_over_meas.root,file2,8,42124.0185,-7943.358773,2061.5331,6.412728231,5,0
3.000000,3,4,3,7,0.30–0.40,0.40–0.50,measData_times_truth_over_meas.root,file1,8,24653.74412,-5765.113146,3480.495511,11.22541832,5,0
3.000000,3,4,3,7,0.30–0.40,0.40–0.50,measData_times_truth_over_meas.root,file2,8,24653.74412,-5765.113146,3480.495511,11.22541832,5,0
3.000000,3,4,3,8,0.30–0.40,0.50–0.65,measData_times_truth_over_meas.root,file1,8,18655.97631,-4844.607868,2503.23424,17.05804587,5,0
3.000000,3,4,3,8,0.30–0.40,0.50–0.65,measData_times_truth_over_meas.root,file2,8,18655.97631,-4844.607868,2503.23424,17.05804587,5,0
3.000000,3,4,3,9,0.30–0.40,0.65–0.80,measData_times_truth_over_meas.root,file1,7,8938.424815,-2537.953558,1284.179731,7.52619953,4,0
3.000000,3,4,3,9,0.30–0.40,0.65–0.80,measData_times_truth_over_meas.root,file2,7,8937.502985,-2537.637192,1283.936445,7.527928466,4,0
3.000000,3,4,4,1,0.40–0.50,0.00–0.05,measData_times_truth_over_meas.root,file1,8,44880.50302,-5401.943857,258.7493035,15.86574909,5,0
3.000000,3,4,4,1,0.40–0.50,0.00–0.05,measData_times_truth_over_meas.root,file2,8,44880.50302,-5401.943857,258.7493035,15.86574909,5,0
3.000000,3,4,4,2,0.40–0.50,0.05–0.10,measData_times_truth_over_meas.root,file1,8,37872.3083,-4319.28758,513.4177838,9.742356715,5,0
3.000000,3,4,4,2,0.40–0.50,0.05–0.10,measData_times_truth_over_meas.root,file2,8,37872.3083,-4319.28758,513.4177838,9.742356715,5,0
3.000000,3,4,4,3,0.40–0.50,0.10–0.15,measData_times_truth_over_meas.root,file1,6,32199.29996,1888.447417,4122.152588,3.449709871,3,0
3.000000,3,4,4,3,0.40–0.50,0.10–0.15,measData_times_truth_over_meas.root,file2,6,32199.29996,1888.447417,4122.152588,3.449709871,3,0
3.000000,3,4,4,4,0.40–0.50,0.15–0.20,measData_times_truth_over_meas.root,file1,7,27394.79416,-2069.497639,763.7395246,3.533971233,4,0
3.000000,3,4,4,4,0.40–0.50,0.15–0.20,measData_times_truth_over_meas.root,file2,7,27394.79416,-2069.497639,763.7395246,3.533971233,4,0
3.000000,3,4,4,5,0.40–0.50,0.20–0.30,measData_times_truth_over_meas.root,file1,8,40890.74509,-1234.861117,1955.789263,21.42806217,5,0
3.000000,3,4,4,5,0.40–0.50,0.20–0.30,measData_times_truth_over_meas.root,file2,8,40890.74509,-1234.861117,1955.789263,21.42806217,5,0
3.000000,3,4,4,6,0.40–0.50,0.30–0.40,measData_times_truth_over_meas.root,file1,8,26050.45107,-3390.298159,907.5180391,2.917431773,5,0
3.000000,3,4,4,6,0.40–0.50,0.30–0.40,measData_times_truth_over_meas.root,file2,8,26050.45107,-3390.298159,907.5180391,2.917431773,5,0
3.000000,3,4,4,7,0.40–0.50,0.40–0.50,measData_times_truth_over_meas.root,file1,8,17031.2615,-2809.044923,1422.472889,12.47799331,5,0
3.000000,3,4,4,7,0.40–0.50,0.40–0.50,measData_times_truth_over_meas.root,file2,8,17031.2615,-2809.044923,1422.472889,12.47799331,5,0
3.000000,3,4,4,8,0.40–0.50,0.50–0.65,measData_times_truth_over_meas.root,file1,8,14325.64941,-4396.071628,766.7710179,5.496163472,5,0
3.000000,3,4,4,8,0.40–0.50,0.50–0.65,measData_times_truth_over_meas.root,file2,8,14325.64941,-4396.071628,766.7710179,5.496163472,5,0
3.000000,3,4,4,9,0.40–0.50,0.65–0.80,measData_times_truth_over_meas.root,file1,8,6809.035208,-2007.622474,937.275662,28.84886911,5,0
3.000000,3,4,4,9,0.40–0.50,0.65–0.80,measData_times_truth_over_meas.root,file2,8,6809.035208,-2007.622474,937.275662,28.84886911,5,0
3.000000,3,4,4,10,0.40–0.50,0.80–1.00,measData_times_truth_over_meas.root,file1,8,3657.434152,-1485.505984,827.2506791,6.833238785,5,0
3.000000,3,4,4,10,0.40–0.50,0.80–1.00,measData_times_truth_over_meas.root,file2,8,3571.838606,-1441.136748,775.8765619,7.148657512,5,0
3.000000,3,4,4,11,0.40–0.50,1.00–1.50,measData_times_truth_over_meas.root,file1,6,1540.127306,-509.6328809,399.8168314,5.240177353,3,0
3.000000,3,4,5,1,0.50–0.60,0.00–0.05,measData_times_truth_over_meas.root,file1,8,24416.92856,-1079.609929,410.5560164,12.24161365,5,0
3.000000,3,4,5,1,0.50–0.60,0.00–0.05,measData_times_truth_over_meas.root,file2,8,24416.92856,-1079.609929,410.5560164,12.24161365,5,0
3.000000,3,4,5,2,0.50–0.60,0.05–0.10,measData_times_truth_over_meas.root,file1,8,19858.99656,-1766.222661,766.8123917,10.15759878,5,0
3.000000,3,4,5,2,0.50–0.60,0.05–0.10,measData_times_truth_over_meas.root,file2,8,19858.99656,-1766.222661,766.8123917,10.15759878,5,0
3.000000,3,4,5,3,0.50–0.60,0.10–0.15,measData_times_truth_over_meas.root,file1,7,15584.22152,-3706.830828,-40.04682068,12.21031023,4,0
3.000000,3,4,5,3,0.50–0.60,0.10–0.15,measData_times_truth_over_meas.root,file2,7,15584.22152,-3706.830828,-40.04682068,12.21031023,4,0
3.000000,3,4,5,4,0.50–0.60,0.15–0.20,measData_times_truth_over_meas.root,file1,6,18223.90823,4095.051189,2766.959288,11.92590155,3,0
3.000000,3,4,5,4,0.50–0.60,0.15–0.20,measData_times_truth_over_meas.root,file2,6,18223.90823,4095.051189,2766.959288,11.92590155,3,0
3.000000,3,4,5,5,0.50–0.60,0.20–0.30,measData_times_truth_over_meas.root,file1,8,22752.41696,-1667.75914,406.9588182,1.824165323,5,0
3.000000,3,4,5,5,0.50–0.60,0.20–0.30,measData_times_truth_over_meas.root,file2,8,22752.41696,-1667.75914,406.9588182,1.824165323,5,0
3.000000,3,4,5,6,0.50–0.60,0.30–0.40,measData_times_truth_over_meas.root,file1,7,17317.81032,-218.3890738,1461.213027,0.6920928969,4,0
3.000000,3,4,5,6,0.50–0.60,0.30–0.40,measData_times_truth_over_meas.root,file2,7,17317.81032,-218.3890738,1461.213027,0.6920928969,4,0
3.000000,3,4,5,7,0.50–0.60,0.40–0.50,measData_times_truth_over_meas.root,file1,7,11060.08962,-1867.38278,-38.56107364,5.498524756,4,0
3.000000,3,4,5,7,0.50–0.60,0.40–0.50,measData_times_truth_over_meas.root,file2,7,11060.08962,-1867.38278,-38.56107364,5.498524756,4,0
3.000000,3,4,5,8,0.50–0.60,0.50–0.65,measData_times_truth_over_meas.root,file1,7,11218.45347,-999.8063634,1664.698307,8.207543628,4,0
3.000000,3,4,5,8,0.50–0.60,0.50–0.65,measData_times_truth_over_meas.root,file2,7,11218.50825,-999.5608357,1664.930641,8.207652004,4,0
3.000000,3,4,5,9,0.50–0.60,0.65–0.80,measData_times_truth_over_meas.root,file1,8,5557.134515,-916.0708908,771.71923,12.80016505,5,0
3.000000,3,4,5,9,0.50–0.60,0.65–0.80,measData_times_truth_over_meas.root,file2,7,5636.932019,-712.4292131,960.4631423,11.81370717,4,0
3.000000,3,4,5,10,0.50–0.60,0.80–1.00,measData_times_truth_over_meas.root,file1,7,3318.921631,-776.6301865,797.5623049,9.90508113,4,0
3.000000,3,4,5,10,0.50–0.60,0.80–1.00,measData_times_truth_over_meas.root,file2,7,2957.609405,-662.0680579,692.9822819,12.96660817,4,0
3.000000,3,4,5,11,0.50–0.60,1.00–1.50,measData_times_truth_over_meas.root,file1,7,1943.40531,-559.9391242,605.8394787,8.513227005,4,0
3.000000,3,4,5,11,0.50–0.60,1.00–1.50,measData_times_truth_over_meas.root,file2,8,848.3574914,-340.9407704,272.0534944,6.384023504,5,0
3.000000,3,4,6,1,0.60–0.70,0.00–0.05,measData_times_truth_over_meas.root,file1,8,14891.72492,93.29908066,705.697282,11.48953337,5,0
3.000000,3,4,6,1,0.60–0.70,0.00–0.05,measData_times_truth_over_meas.root,file2,8,14891.72492,93.29908066,705.697282,11.48953337,5,0
3.000000,3,4,6,2,0.60–0.70,0.05–0.10,measData_times_truth_over_meas.root,file1,6,12597.88121,-1227.918624,-1262.329939,6.527284605,3,0
3.000000,3,4,6,2,0.60–0.70,0.05–0.10,measData_times_truth_over_meas.root,file2,6,12597.88121,-1227.918624,-1262.329939,6.527284605,3,0
3.000000,3,4,6,5,0.60–0.70,0.20–0.30,measData_times_truth_over_meas.root,file1,6,14645.17263,-1672.555987,-946.0833658,22.10870098,3,0
3.000000,3,4,6,5,0.60–0.70,0.20–0.30,measData_times_truth_over_meas.root,file2,6,14645.17263,-1672.555987,-946.0833658,22.10870098,3,0
3.000000,3,4,6,6,0.60–0.70,0.30–0.40,measData_times_truth_over_meas.root,file1,6,9601.855129,-2511.385571,-2009.150421,0.3070413274,3,0
3.000000,3,4,6,6,0.60–0.70,0.30–0.40,measData_times_truth_over_meas.root,file2,6,9601.935905,-2507.19442,-2005.272369,0.3081197066,3,0
3.000000,3,4,6,7,0.60–0.70,0.40–0.50,measData_times_truth_over_meas.root,file1,6,6666.072633,-929.0737249,-544.6835356,2.869786539,3,0
3.000000,3,4,6,7,0.60–0.70,0.40–0.50,measData_times_truth_over_meas.root,file2,6,6569.559501,-1038.303714,-623.1601452,3.413036176,3,0
3.000000,3,4,6,8,0.60–0.70,0.50–0.65,measData_times_truth_over_meas.root,file1,6,7390.055306,52.50728912,904.6795415,4.79668445,3,0
3.000000,3,4,6,8,0.60–0.70,0.50–0.65,measData_times_truth_over_meas.root,file2,6,7054.126542,233.7558906,1028.069609,3.802888862,3,0
3.000000,3,4,6,9,0.60–0.70,0.65–0.80,measData_times_truth_over_meas.root,file1,6,4006.866922,98.12130126,487.6987547,3.099222128,3,0
3.000000,3,4,6,9,0.60–0.70,0.65–0.80,measData_times_truth_over_meas.root,file2,6,2925.851083,97.26487757,313.4207136,0.6771608345,3,0
3.000000,3,4,6,10,0.60–0.70,0.80–1.00,measData_times_truth_over_meas.root,file1,6,2733.301772,-554.9718243,655.5866476,7.965460581,3,0
3.000000,3,4,6,10,0.60–0.70,0.80–1.00,measData_times_truth_over_meas.root,file2,6,1231.474358,-232.4751385,296.9738294,3.672322363,3,0
3.000000,3,4,6,11,0.60–0.70,1.00–1.50,measData_times_truth_over_meas.root,file1,7,1564.030173,-431.3086448,101.5794137,3.906917372,4,0
3.000000,3,4,7,1,0.70–0.80,0.00–0.05,measData_times_truth_over_meas.root,file1,8,8621.356525,791.0652201,405.6551349,16.7677415,5,0
3.000000,3,4,7,1,0.70–0.80,0.00–0.05,measData_times_truth_over_meas.root,file2,8,8511.540392,679.0810692,372.4936877,19.01462525,5,0
3.000000,3,4,7,2,0.70–0.80,0.05–0.10,measData_times_truth_over_meas.root,file1,6,7584.178173,670.6143403,406.2641663,0.7249854692,3,0
3.000000,3,4,7,2,0.70–0.80,0.05–0.10,measData_times_truth_over_meas.root,file2,6,7182.40181,396.8781894,255.639911,1.202647674,3,0
3.000000,3,4,7,6,0.70–0.80,0.30–0.40,measData_times_truth_over_meas.root,file1,6,6940.667474,839.5278562,442.2836177,0.6268887889,3,0
3.000000,3,4,7,6,0.70–0.80,0.30–0.40,measData_times_truth_over_meas.root,file2,6,4289.844232,-53.33506785,-206.8058874,2.892915351,3,0
3.000000,3,4,7,7,0.70–0.80,0.40–0.50,measData_times_truth_over_meas.root,file1,6,4512.155649,-475.3981014,-370.2088854,3.695858522,3,0
3.000000,3,4,7,7,0.70–0.80,0.40–0.50,measData_times_truth_over_meas.root,file2,6,2422.423463,96.8566914,16.22396557,2.46302218,3,0
3.000000,3,4,7,8,0.70–0.80,0.50–0.65,measData_times_truth_over_meas.root,file1,6,4328.95711,-240.9730386,94.82598321,5.684394946,3,0
3.000000,3,4,7,8,0.70–0.80,0.50–0.65,measData_times_truth_over_meas.root,file2,6,1331.553918,-183.5529728,-138.1746003,9.854880694,3,0
3.000000,3,4,7,9,0.70–0.80,0.65–0.80,measData_times_truth_over_meas.root,file1,6,2546.117287,-1088.390292,-904.7149417,2.630701177,3,0
3.000000,3,4,7,10,0.70–0.80,0.80–1.00,measData_times_truth_over_meas.root,file1,6,2003.210969,80.60845955,-56.96883619,8.269939038,3,0
3.000000,3,4,7,11,0.70–0.80,1.00–1.50,measData_times_truth_over_meas.root,file1,6,1234.35617,-282.6500977,-115.6641186,4.40902177,3,0
3.000000,3,4,8,1,0.80–1.00,0.00–0.05,measData_times_truth_over_meas.root,file1,8,6508.116548,403.7630325,-183.1659351,7.102816695,5,0
3.000000,3,4,8,1,0.80–1.00,0.00–0.05,measData_times_truth_over_meas.root,file2,8,1378.500391,149.7543043,-82.97592907,9.097320669,5,0
3.000000,3,4,8,2,0.80–1.00,0.05–0.10,measData_times_truth_over_meas.root,file1,7,6554.163455,984.4870669,-345.7032985,19.48701132,4,0
3.000000,3,4,8,3,0.80–1.00,0.10–0.15,measData_times_truth_over_meas.root,file1,6,6079.79605,1144.564576,-784.5097151,7.950801567,3,0
3.000000,3,4,8,7,0.80–1.00,0.40–0.50,measData_times_truth_over_meas.root,file1,6,3934.436014,607.3243008,-454.690327,8.444064485,3,0
3.000000,3,4,8,8,0.80–1.00,0.50–0.65,measData_times_truth_over_meas.root,file1,6,3239.932919,-682.7443585,-1004.563799,5.719960185,3,0
3.000000,3,4,8,9,0.80–1.00,0.65–0.80,measData_times_truth_over_meas.root,file1,6,1866.799373,299.2110124,-98.19146224,9.863108506,3,0
3.000000,3,4,8,10,0.80–1.00,0.80–1.00,measData_times_truth_over_meas.root,file1,6,1336.466222,266.6129742,-304.0492981,17.39621622,3,0
3.000000,3,4,8,11,0.80–1.00,1.00–1.50,measData_times_truth_over_meas.root,file1,6,583.5226801,53.87436402,-229.9803514,21.72939055,3,0
4.000000,4,5,2,1,0.20–0.30,0.00–0.05,measData_times_truth_over_meas.root,file1,8,279216.1777,-19902.9926,9774.107137,22.11293336,5,0
4.000000,4,5,2,1,0.20–0.30,0.00–0.05,measData_times_truth_over_meas.root,file2,8,279216.1777,-19902.9926,9774.107137,22.11293336,5,0
4.000000,4,5,2,2,0.20–0.30,0.05–0.10,measData_times_truth_over_meas.root,file1,8,207037.5539,-14107.49737,20085.85303,19.06714607,5,0
4.000000,4,5,2,2,0.20–0.30,0.05–0.10,measData_times_truth_over_meas.root,file2,8,207037.5539,-14107.49737,20085.85303,19.06714607,5,0
4.000000,4,5,2,3,0.20–0.30,0.10–0.15,measData_times_truth_over_meas.root,file1,8,174730.7229,-5059.191696,17952.95646,8.521070458,5,0
4.000000,4,5,2,3,0.20–0.30,0.10–0.15,measData_times_truth_over_meas.root,file2,8,174730.7229,-5059.191696,17952.95646,8.521070458,5,0
4.000000,4,5,2,4,0.20–0.30,0.15–0.20,measData_times_truth_over_meas.root,file1,8,122112.322,-16238.65661,5613.941462,5.716156975,5,0
4.000000,4,5,2,4,0.20–0.30,0.15–0.20,measData_times_truth_over_meas.root,file2,8,122112.322,-16238.65661,5613.941462,5.716156975,5,0
4.000000,4,5,2,5,0.20–0.30,0.20–0.30,measData_times_truth_over_meas.root,file1,8,156595.1499,-32202.19808,8922.151264,23.49206464,5,0
4.000000,4,5,2,5,0.20–0.30,0.20–0.30,measData_times_truth_over_meas.root,file2,8,156595.1499,-32202.19808,8922.151264,23.49206464,5,0
4.000000,4,5,2,6,0.20–0.30,0.30–0.40,measData_times_truth_over_meas.root,file1,6,93697.70648,-18757.91074,7708.477603,12.05308403,3,0
4.000000,4,5,2,6,0.20–0.30,0.30–0.40,measData_times_truth_over_meas.root,file2,6,93697.40163,-18758.18643,7708.374217,12.05242747,3,0
4.000000,4,5,3,1,0.30–0.40,0.00–0.05,measData_times_truth_over_meas.root,file1,8,114175.769,-8499.541564,5987.419953,10.69726248,5,0
4.000000,4,5,3,1,0.30–0.40,0.00–0.05,measData_times_truth_over_meas.root,file2,8,114175.769,-8499.541564,5987.419953,10.69726248,5,0
4.000000,4,5,3,2,0.30–0.40,0.05–0.10,measData_times_truth_over_meas.root,file1,8,93499.4142,-3537.184945,5385.989265,18.22330492,5,0
4.000000,4,5,3,2,0.30–0.40,0.05–0.10,measData_times_truth_over_meas.root,file2,8,93499.4142,-3537.184945,5385.989265,18.22330492,5,0
4.000000,4,5,3,3,0.30–0.40,0.10–0.15,measData_times_truth_over_meas.root,file1,8,78425.60829,5749.65241,9248.510678,7.086207186,5,0
4.000000,4,5,3,3,0.30–0.40,0.10–0.15,measData_times_truth_over_meas.root,file2,8,78425.60829,5749.65241,9248.510678,7.086207186,5,0
4.000000,4,5,3,4,0.30–0.40,0.15–0.20,measData_times_truth_over_meas.root,file1,8,61277.75337,-682.4835451,5172.472146,8.26823839,5,0
4.000000,4,5,3,4,0.30–0.40,0.15–0.20,measData_times_truth_over_meas.root,file2,8,61277.75337,-682.4835451,5172.472146,8.26823839,5,0
4.000000,4,5,3,5,0.30–0.40,0.20–0.30,measData_times_truth_over_meas.root,file1,8,82631.64701,-10929.48629,2875.904452,7.862640892,5,0
4.000000,4,5,3,5,0.30–0.40,0.20–0.30,measData_times_truth_over_meas.root,file2,8,82631.64701,-10929.48629,2875.904452,7.862640892,5,0
4.000000,4,5,3,6,0.30–0.40,0.30–0.40,measData_times_truth_over_meas.root,file1,8,48924.18945,-10180.9725,3369.197834,7.618843499,5,0
4.000000,4,5,3,6,0.30–0.40,0.30–0.40,measData_times_truth_over_meas.root,file2,8,48924.18945,-10180.9725,3369.197834,7.618843499,5,0
4.000000,4,5,3,7,0.30–0.40,0.40–0.50,measData_times_truth_over_meas.root,file1,8,26366.81017,-5050.429145,611.4668466,10.64360184,5,0
4.000000,4,5,3,7,0.30–0.40,0.40–0.50,measData_times_truth_over_meas.root,file2,8,26366.81017,-5050.429145,611.4668466,10.64360184,5,0
4.000000,4,5,3,8,0.30–0.40,0.50–0.65,measData_times_truth_over_meas.root,file1,6,18773.58103,-3373.395526,1176.051998,1.30428337,3,0
4.000000,4,5,3,8,0.30–0.40,0.50–0.65,measData_times_truth_over_meas.root,file2,6,18650.0518,-3347.794615,1166.020477,1.300402636,3,0
4.000000,4,5,4,1,0.40–0.50,0.00–0.05,measData_times_truth_over_meas.root,file1,8,55498.51594,-4566.431324,1304.23504,11.83975366,5,0
4.000000,4,5,4,1,0.40–0.50,0.00–0.05,measData_times_truth_over_meas.root,file2,8,55498.51594,-4566.431324,1304.23504,11.83975366,5,0
4.000000,4,5,4,2,0.40–0.50,0.05–0.10,measData_times_truth_over_meas.root,file1,8,45610.15818,-5416.514975,2340.740239,10.81031214,5,0
4.000000,4,5,4,2,0.40–0.50,0.05–0.10,measData_times_truth_over_meas.root,file2,8,45610.15818,-5416.514975,2340.740239,10.81031214,5,0
4.000000,4,5,4,3,0.40–0.50,0.10–0.15,measData_times_truth_over_meas.root,file1,8,37851.85081,-3287.420239,2377.171559,9.6116334,5,0
4.000000,4,5,4,3,0.40–0.50,0.10–0.15,measData_times_truth_over_meas.root,file2,8,37851.85081,-3287.420239,2377.171559,9.6116334,5,0
4.000000,4,5,4,4,0.40–0.50,0.15–0.20,measData_times_truth_over_meas.root,file1,8,32138.95411,-2342.893304,1332.380052,2.176264764,5,0
4.000000,4,5,4,4,0.40–0.50,0.15–0.20,measData_times_truth_over_meas.root,file2,8,32138.95411,-2342.893304,1332.380052,2.176264764,5,0
4.000000,4,5,4,5,0.40–0.50,0.20–0.30,measData_times_truth_over_meas.root,file1,8,47841.52671,-4538.843108,1492.828477,11.39766813,5,0
4.000000,4,5,4,5,0.40–0.50,0.20–0.30,measData_times_truth_over_meas.root,file2,8,47841.52671,-4538.843108,1492.828477,11.39766813,5,0
4.000000,4,5,4,6,0.40–0.50,0.30–0.40,measData_times_truth_over_meas.root,file1,8,30411.09462,-4766.28836,1892.228284,31.49845918,5,0
4.000000,4,5,4,6,0.40–0.50,0.30–0.40,measData_times_truth_over_meas.root,file2,8,30411.09462,-4766.28836,1892.228284,31.49845918,5,0
4.000000,4,5,4,7,0.40–0.50,0.40–0.50,measData_times_truth_over_meas.root,file1,8,17349.68496,-3820.049883,36.7296101,21.77865481,5,0
4.000000,4,5,4,7,0.40–0.50,0.40–0.50,measData_times_truth_over_meas.root,file2,8,17349.68496,-3820.049883,36.7296101,21.77865481,5,0
4.000000,4,5,4,8,0.40–0.50,0.50–0.65,measData_times_truth_over_meas.root,file1,8,14068.88389,-4529.246711,1646.871848,35.42583653,5,0
4.000000,4,5,4,8,0.40–0.50,0.50–0.65,measData_times_truth_over_meas.root,file2,8,14064.59501,-4366.964341,1682.046173,34.9432168,5,0
4.000000,4,5,4,9,0.40–0.50,0.65–0.80,measData_times_truth_over_meas.root,file1,6,6399.118014,-1837.323721,625.696864,4.45472669,3,0
4.000000,4,5,4,9,0.40–0.50,0.65–0.80,measData_times_truth_over_meas.root,file2,6,5552.565319,-1644.763942,414.0483751,6.552757185,3,0
4.000000,4,5,4,10,0.40–0.50,0.80–1.00,measData_times_truth_over_meas.root,file1,6,2882.149376,-981.8878528,76.36652742,0.8257795905,3,0
4.000000,4,5,4,10,0.40–0.50,0.80–1.00,measData_times_truth_over_meas.root,file2,6,1677.206641,-677.0137103,90.04861942,2.102925057,3,0
4.000000,4,5,5,1,0.50–0.60,0.00–0.05,measData_times_truth_over_meas.root,file1,8,30235.82837,-1753.091555,-451.348062,3.4999532,5,0
4.000000,4,5,5,1,0.50–0.60,0.00–0.05,measData_times_truth_over_meas.root,file2,8,30235.82837,-1753.091555,-451.348062,3.4999532,5,0
4.000000,4,5,5,2,0.50–0.60,0.05–0.10,measData_times_truth_over_meas.root,file1,8,23133.42577,-3965.209299,298.0575754,14.47441929,5,0
4.000000,4,5,5,2,0.50–0.60,0.05–0.10,measData_times_truth_over_meas.root,file2,8,23133.42577,-3965.209299,298.0575754,14.47441929,5,0
4.000000,4,5,5,3,0.50–0.60,0.10–0.15,measData_times_truth_over_meas.root,file1,8,19449.07761,-3959.518587,270.2644876,22.60348391,5,0
4.000000,4,5,5,3,0.50–0.60,0.10–0.15,measData_times_truth_over_meas.root,file2,8,19449.07761,-3959.518587,270.2644876,22.60348391,5,0
4.000000,4,5,5,4,0.50–0.60,0.15–0.20,measData_times_truth_over_meas.root,file1,6,19331.3736,1046.376117,3163.734591,2.322083565,3,0
4.000000,4,5,5,4,0.50–0.60,0.15–0.20,measData_times_truth_over_meas.root,file2,6,19331.3736,1046.376117,3163.734591,2.322083565,3,0
4.000000,4,5,5,5,0.50–0.60,0.20–0.30,measData_times_truth_over_meas.root,file1,8,28724.79048,-667.3542784,3482.546067,6.314862451,5,0
4.000000,4,5,5,5,0.50–0.60,0.20–0.30,measData_times_truth_over_meas.root,file2,8,28724.79048,-667.3542784,3482.546067,6.314862451,5,0
4.000000,4,5,5,6,0.50–0.60,0.30–0.40,measData_times_truth_over_meas.root,file1,8,18483.34131,-2724.781366,-85.59168763,1.759095082,5,0
4.000000,4,5,5,6,0.50–0.60,0.30–0.40,measData_times_truth_over_meas.root,file2,8,18484.34349,-2721.28445,-85.0171365,1.738202847,5,0
4.000000,4,5,5,7,0.50–0.60,0.40–0.50,measData_times_truth_over_meas.root,file1,8,12725.84307,-2386.575143,949.429954,13.86056841,5,0
4.000000,4,5,5,7,0.50–0.60,0.40–0.50,measData_times_truth_over_meas.root,file2,8,12640.23334,-2320.727888,1004.87293,12.70779229,5,0
4.000000,4,5,5,8,0.50–0.60,0.50–0.65,measData_times_truth_over_meas.root,file1,7,10701.28305,-1982.029907,983.8717785,12.94506757,4,0
4.000000,4,5,5,8,0.50–0.60,0.50–0.65,measData_times_truth_over_meas.root,file2,7,9907.070056,-1616.330501,1095.152633,9.121445674,4,0
4.000000,4,5,5,9,0.50–0.60,0.65–0.80,measData_times_truth_over_meas.root,file1,7,5374.882101,-1064.197059,1069.10507,3.103087868,4,0
4.000000,4,5,5,9,0.50–0.60,0.65–0.80,measData_times_truth_over_meas.root,file2,7,3542.783107,-711.4963682,643.159458,3.76631994,4,0
4.000000,4,5,5,10,0.50–0.60,0.80–1.00,measData_times_truth_over_meas.root,file1,8,2827.079523,-1247.231234,447.7145508,15.73479016,5,0
4.000000,4,5,5,10,0.50–0.60,0.80–1.00,measData_times_truth_over_meas.root,file2,6,1197.003679,-416.6095855,422.5527456,5.272218116,3,0
4.000000,4,5,6,1,0.60–0.70,0.00–0.05,measData_times_truth_over_meas.root,file1,8,18183.72061,-735.5835732,562.6246025,4.470586194,5,0
4.000000,4,5,6,1,0.60–0.70,0.00–0.05,measData_times_truth_over_meas.root,file2,8,18183.72061,-735.5835732,562.6246025,4.470586194,5,0
4.000000,4,5,6,2,0.60–0.70,0.05–0.10,measData_times_truth_over_meas.root,file1,8,15523.41601,-443.2830387,-428.5655599,2.782793902,5,0
4.000000,4,5,6,2,0.60–0.70,0.05–0.10,measData_times_truth_over_meas.root,file2,8,15523.29543,-443.2742627,-428.6517001,2.782679784,5,0
4.000000,4,5,6,3,0.60–0.70,0.10–0.15,measData_times_truth_over_meas.root,file1,6,11738.02761,-2155.351679,-331.8940583,6.05220423,3,0
4.000000,4,5,6,3,0.60–0.70,0.10–0.15,measData_times_truth_over_meas.root,file2,6,11727.95367,-2153.216845,-336.5610028,6.119577549,3,0
4.000000,4,5,6,5,0.60–0.70,0.20–0.30,measData_times_truth_over_meas.root,file1,7,17026.66895,74.94664515,174.0471535,10.43765476,4,0
4.000000,4,5,6,5,0.60–0.70,0.20–0.30,measData_times_truth_over_meas.root,file2,7,16657.99974,236.738183,232.0663307,10.42376458,4,0
4.000000,4,5,6,6,0.60–0.70,0.30–0.40,measData_times_truth_over_meas.root,file1,8,10832.4191,-2483.114324,-1008.812737,19.30181737,5,0
4.000000,4,5,6,6,0.60–0.70,0.30–0.40,measData_times_truth_over_meas.root,file2,8,9622.587783,-2093.021196,-784.8350371,14.92666403,5,0
4.000000,4,5,6,7,0.60–0.70,0.40–0.50,measData_times_truth_over_meas.root,file1,7,7949.956873,-230.1156879,241.4983618,6.562370886,4,0
4.000000,4,5,6,7,0.60–0.70,0.40–0.50,measData_times_truth_over_meas.root,file2,7,5493.479267,-836.0045172,-234.4842908,1.761258655,4,0
4.000000,4,5,6,8,0.60–0.70,0.50–0.65,measData_times_truth_over_meas.root,file1,6,7321.070852,-379.0024809,1155.332823,1.683703625,3,0
4.000000,4,5,6,8,0.60–0.70,0.50–0.65,measData_times_truth_over_meas.root,file2,6,3336.415962,-461.5178963,415.996238,4.538741121,3,0
4.000000,4,5,6,9,0.60–0.70,0.65–0.80,measData_times_truth_over_meas.root,file1,6,3917.975654,-1041.103378,-46.95482595,3.401880183,3,0
4.000000,4,5,6,9,0.60–0.70,0.65–0.80,measData_times_truth_over_meas.root,file2,6,763.9566872,-264.719752,-110.7078655,4.041945416,3,0
4.000000,4,5,6,10,0.60–0.70,0.80–1.00,measData_times_truth_over_meas.root,file1,7,2784.204604,-627.6875045,652.4621269,8.169956056,4,0
4.000000,4,5,7,1,0.70–0.80,0.00–0.05,measData_times_truth_over_meas.root,file1,8,10165.29166,69.32309632,-553.3436205,3.520465124,5,0
4.000000,4,5,7,1,0.70–0.80,0.00–0.05,measData_times_truth_over_meas.root,file2,8,8137.70067,109.939606,-377.3693964,3.989095077,5,0
4.000000,4,5,7,2,0.70–0.80,0.05–0.10,measData_times_truth_over_meas.root,file1,8,8566.281681,-549.5159208,-377.5298102,7.822031791,5,0
4.000000,4,5,7,2,0.70–0.80,0.05–0.10,measData_times_truth_over_meas.root,file2,7,6562.070989,-181.1833225,-307.6095672,5.814185217,4,0
4.000000,4,5,7,3,0.70–0.80,0.10–0.15,measData_times_truth_over_meas.root,file1,6,7771.591816,-363.0506412,-542.3924405,1.30383775,3,0
4.000000,4,5,7,3,0.70–0.80,0.10–0.15,measData_times_truth_over_meas.root,file2,6,5038.02989,214.0262149,-101.1124399,4.061686517,3,0
4.000000,4,5,7,6,0.70–0.80,0.30–0.40,measData_times_truth_over_meas.root,file1,6,6186.161404,-1931.020298,-1504.16356,2.800050673,3,0
4.000000,4,5,7,6,0.70–0.80,0.30–0.40,measData_times_truth_over_meas.root,file2,6,1370.58495,-216.335648,-280.0379009,4.873464661,3,0
4.000000,4,5,7,7,0.70–0.80,0.40–0.50,measData_times_truth_over_meas.root,file1,6,5336.111194,9.430118117,-210.6130029,3.355136193,3,0
4.000000,4,5,7,8,0.70–0.80,0.50–0.65,measData_times_truth_over_meas.root,file1,7,4692.433786,-318.4748512,-174.8986264,20.51205443,4,0
4.000000,4,5,7,9,0.70–0.80,0.65–0.80,measData_times_truth_over_meas.root,file1,6,2468.950293,-581.0666889,-339.1019255,3.978955061,3,0
4.000000,4,5,7,10,0.70–0.80,0.80–1.00,measData_times_truth_over_meas.root,file1,6,2074.999507,597.8167283,361.4337747,4.488007412,3,0
4.000000,4,5,8,1,0.80–1.00,0.00–0.05,measData_times_truth_over_meas.root,file1,8,7695.189096,441.8757775,-796.2931853,9.218179752,5,0
4.000000,4,5,8,2,0.80–1.00,0.05–0.10,measData_times_truth_over_meas.root,file1,8,8539.413247,1131.522992,-1627.468894,12.8972846,5,0
4.000000,4,5,8,3,0.80–1.00,0.10–0.15,measData_times_truth_over_meas.root,file1,7,8260.821216,2500.811971,-1229.7801,24.58302986,4,0
4.000000,4,5,8,4,0.80–1.00,0.15–0.20,measData_times_truth_over_meas.root,file1,6,7236.127972,1823.135888,-658.2325467,2.874716773,3,0
4.000000,4,5,8,5,0.80–1.00,0.20–0.30,measData_times_truth_over_meas.root,file1,6,7179.1057,-4196.665693,-4601.340648,8.378175147,3,0
4.000000,4,5,8,7,0.80–1.00,0.40–0.50,measData_times_truth_over_meas.root,file1,7,4270.910812,254.9095822,-770.235766,5.828237663,4,0
4.000000,4,5,8,8,0.80–1.00,0.50–0.65,measData_times_truth_over_meas.root,file1,7,3162.332926,-261.3002997,-1211.407859,85.61292758,4,0
4.000000,4,5,8,9,0.80–1.00,0.65–0.80,measData_times_truth_over_meas.root,file1,6,2131.543895,834.0914433,16.85242688,14.27791971,3,0
4.000000,4,5,8,10,0.80–1.00,0.80–1.00,measData_times_truth_over_meas.root,file1,6,1877.626875,899.5547875,-311.1167831,12.90582061,3,0
5.000000,5,6,2,1,0.20–0.30,0.00–0.05,measData_times_truth_over_meas.root,file1,8,367658.7657,-6486.680659,50388.81415,10.57952752,5,0
5.000000,5,6,2,1,0.20–0.30,0.00–0.05,measData_times_truth_over_meas.root,file2,8,367658.7657,-6486.680659,50388.81415,10.57952752,5,0
5.000000,5,6,2,2,0.20–0.30,0.05–0.10,measData_times_truth_over_meas.root,file1,8,284917.149,31776.54625,47999.61914,35.74539335,5,0
5.000000,5,6,2,2,0.20–0.30,0.05–0.10,measData_times_truth_over_meas.root,file2,8,284917.149,31776.54625,47999.61914,35.74539335,5,0
5.000000,5,6,2,3,0.20–0.30,0.10–0.15,measData_times_truth_over_meas.root,file1,8,218201.9051,-15868.6374,10647.69046,7.926296415,5,0
5.000000,5,6,2,3,0.20–0.30,0.10–0.15,measData_times_truth_over_meas.root,file2,8,218201.9051,-15868.6374,10647.69046,7.926296415,5,0
5.000000,5,6,2,4,0.20–0.30,0.15–0.20,measData_times_truth_over_meas.root,file1,6,194017.7057,-82946.47455,35847.6485,5.97732632,3,0
5.000000,5,6,2,4,0.20–0.30,0.15–0.20,measData_times_truth_over_meas.root,file2,6,194017.7057,-82946.47455,35847.6485,5.97732632,3,0
5.000000,5,6,2,5,0.20–0.30,0.20–0.30,measData_times_truth_over_meas.root,file1,6,310774.5112,-225396.8555,100462.6284,10.7785478,3,0
5.000000,5,6,2,5,0.20–0.30,0.20–0.30,measData_times_truth_over_meas.root,file2,6,310104.0196,-224892.4814,100235.9386,10.78133779,3,0
5.000000,5,6,3,1,0.30–0.40,0.00–0.05,measData_times_truth_over_meas.root,file1,8,139870.8107,-16934.70222,5554.758134,7.661401773,5,0
5.000000,5,6,3,1,0.30–0.40,0.00–0.05,measData_times_truth_over_meas.root,file2,8,139870.8107,-16934.70222,5554.758134,7.661401773,5,0
5.000000,5,6,3,2,0.30–0.40,0.05–0.10,measData_times_truth_over_meas.root,file1,8,109424.3259,-9876.155784,13746.46214,15.2762216,5,0
5.000000,5,6,3,2,0.30–0.40,0.05–0.10,measData_times_truth_over_meas.root,file2,8,109424.3259,-9876.155784,13746.46214,15.2762216,5,0
5.000000,5,6,3,3,0.30–0.40,0.10–0.15,measData_times_truth_over_meas.root,file1,8,96086.18627,-9351.56887,4654.106831,8.592174935,5,0
5.000000,5,6,3,3,0.30–0.40,0.10–0.15,measData_times_truth_over_meas.root,file2,8,96086.18627,-9351.56887,4654.106831,8.592174935,5,0
5.000000,5,6,3,4,0.30–0.40,0.15–0.20,measData_times_truth_over_meas.root,file1,8,78836.20064,407.1893926,3394.478737,9.182876964,5,0
5.000000,5,6,3,4,0.30–0.40,0.15–0.20,measData_times_truth_over_meas.root,file2,8,78836.20064,407.1893926,3394.478737,9.182876964,5,0
5.000000,5,6,3,5,0.30–0.40,0.20–0.30,measData_times_truth_over_meas.root,file1,8,100750.6327,-11544.21264,965.7280736,12.90520218,5,0
5.000000,5,6,3,5,0.30–0.40,0.20–0.30,measData_times_truth_over_meas.root,file2,8,100750.6327,-11544.21264,965.7280736,12.90520218,5,0
5.000000,5,6,3,6,0.30–0.40,0.30–0.40,measData_times_truth_over_meas.root,file1,6,58297.10033,-9577.126495,5158.48965,2.553176834,3,0
5.000000,5,6,3,6,0.30–0.40,0.30–0.40,measData_times_truth_over_meas.root,file2,6,57666.87892,-9479.88886,5173.108442,2.530185067,3,0
5.000000,5,6,3,7,0.30–0.40,0.40–0.50,measData_times_truth_over_meas.root,file1,6,31920.05212,-11933.23667,5537.681413,9.580918953,3,0
5.000000,5,6,3,7,0.30–0.40,0.40–0.50,measData_times_truth_over_meas.root,file2,6,28014.70279,-10639.65938,4760.500668,8.195262834,3,0
5.000000,5,6,4,1,0.40–0.50,0.00–0.05,measData_times_truth_over_meas.root,file1,8,73479.20634,-7109.737672,676.5759861,18.3194852,5,0
5.000000,5,6,4,1,0.40–0.50,0.00–0.05,measData_times_truth_over_meas.root,file2,8,73479.20634,-7109.737672,676.5759861,18.3194852,5,0
5.000000,5,6,4,2,0.40–0.50,0.05–0.10,measData_times_truth_over_meas.root,file1,8,58207.798,-5699.962386,3556.796499,12.66867954,5,0
5.000000,5,6,4,2,0.40–0.50,0.05–0.10,measData_times_truth_over_meas.root,file2,8,58207.798,-5699.962386,3556.796499,12.66867954,5,0
5.000000,5,6,4,3,0.40–0.50,0.10–0.15,measData_times_truth_over_meas.root,file1,8,47396.29323,-5345.16285,3373.406327,4.445471245,5,0
5.000000,5,6,4,3,0.40–0.50,0.10–0.15,measData_times_truth_over_meas.root,file2,8,47396.29323,-5345.16285,3373.406327,4.445471245,5,0
5.000000,5,6,4,4,0.40–0.50,0.15–0.20,measData_times_truth_over_meas.root,file1,8,42411.83179,591.2183138,5225.294419,9.477809831,5,0
5.000000,5,6,4,4,0.40–0.50,0.15–0.20,measData_times_truth_over_meas.root,file2,8,42411.83179,591.2183138,5225.294419,9.477809831,5,0
5.000000,5,6,4,5,0.40–0.50,0.20–0.30,measData_times_truth_over_meas.root,file1,8,54678.16868,-545.447126,3504.37166,9.260912301,5,0
5.000000,5,6,4,5,0.40–0.50,0.20–0.30,measData_times_truth_over_meas.root,file2,8,54635.31002,-491.7721546,3520.575136,9.486339039,5,0
5.000000,5,6,4,6,0.40–0.50,0.30–0.40,measData_times_truth_over_meas.root,file1,8,33241.3375,-5383.861383,868.910086,8.522711969,5,0
5.000000,5,6,4,6,0.40–0.50,0.30–0.40,measData_times_truth_over_meas.root,file2,8,31909.30702,-5301.560913,803.6852096,10.30283801,5,0
5.000000,5,6,4,7,0.40–0.50,0.40–0.50,measData_times_truth_over_meas.root,file1,6,18223.3406,-2253.121651,460.6443816,0.938222616,3,0
5.000000,5,6,4,7,0.40–0.50,0.40–0.50,measData_times_truth_over_meas.root,file2,6,14739.18255,-2206.430774,-139.3228533,1.507402325,3,0
5.000000,5,6,4,8,0.40–0.50,0.50–0.65,measData_times_truth_over_meas.root,file1,6,13219.61738,-3317.623282,454.8724667,14.55330941,3,0
5.000000,5,6,4,8,0.40–0.50,0.50–0.65,measData_times_truth_over_meas.root,file2,6,6931.257227,-1866.358191,-303.3753298,6.663175415,3,0
5.000000,5,6,5,1,0.50–0.60,0.00–0.05,measData_times_truth_over_meas.root,file1,8,39746.15477,-2520.442636,2113.71854,13.99848454,5,0
5.000000,5,6,5,1,0.50–0.60,0.00–0.05,measData_times_truth_over_meas.root,file2,8,39746.15477,-2520.442636,2113.71854,13.99848454,5,0
5.000000,5,6,5,2,0.50–0.60,0.05–0.10,measData_times_truth_over_meas.root,file1,8,31520.49165,-4993.506548,180.2505994,33.88608553,5,0
5.000000,5,6,5,2,0.50–0.60,0.05–0.10,measData_times_truth_over_meas.root,file2,8,31518.35384,-4993.820541,179.9808995,33.88159821,5,0
5.000000,5,6,5,3,0.50–0.60,0.10–0.15,measData_times_truth_over_meas.root,file1,8,25162.01285,-4751.399826,690.3487791,13.0710219,5,0
5.000000,5,6,5,3,0.50–0.60,0.10–0.15,measData_times_truth_over_meas.root,file2,8,25132.26042,-4721.522196,653.7077257,12.60009499,5,0
5.000000,5,6,5,4,0.50–0.60,0.15–0.20,measData_times_truth_over_meas.root,file1,8,20377.44193,-3761.037189,429.0587287,11.61696114,5,0
5.000000,5,6,5,4,0.50–0.60,0.15–0.20,measData_times_truth_over_meas.root,file2,8,20041.0568,-3767.724697,400.1799295,12.77162838,5,0
5.000000,5,6,5,5,0.50–0.60,0.20–0.30,measData_times_truth_over_meas.root,file1,8,31397.04194,-1722.04189,1946.129474,7.00981588,5,0
5.000000,5,6,5,5,0.50–0.60,0.20–0.30,measData_times_truth_over_meas.root,file2,8,28902.78487,-2273.971814,1334.244561,5.31943078,5,0
5.000000,5,6,5,6,0.50–0.60,0.30–0.40,measData_times_truth_over_meas.root,file1,8,20951.58047,-2110.650761,1754.332011,8.662586143,5,0
5.000000,5,6,5,6,0.50–0.60,0.30–0.40,measData_times_truth_over_meas.root,file2,8,16118.95029,-1642.436085,1248.610814,13.32100936,5,0
5.000000,5,6,5,7,0.50–0.60,0.40–0.50,measData_times_truth_over_meas.root,file1,8,12476.12518,-2784.029895,240.7069168,10.30001482,5,0
5.000000,5,6,5,7,0.50–0.60,0.40–0.50,measData_times_truth_over_meas.root,file2,8,6804.83096,-1368.822118,262.6538444,8.282297598,5,0
5.000000,5,6,5,8,0.50–0.60,0.50–0.65,measData_times_truth_over_meas.root,file1,7,12060.87662,-3042.805461,2462.645478,5.646928397,4,0
5.000000,5,6,5,9,0.50–0.60,0.65–0.80,measData_times_truth_over_meas.root,file1,6,3936.198701,83.23056508,236.9715701,8.874511836,3,0
5.000000,5,6,6,1,0.60–0.70,0.00–0.05,measData_times_truth_over_meas.root,file1,8,22290.40971,-1373.540545,332.2189344,4.61602512,5,0
5.000000,5,6,6,1,0.60–0.70,0.00–0.05,measData_times_truth_over_meas.root,file2,8,20661.89011,-1346.937866,373.5783911,4.972031094,5,0
5.000000,5,6,6,2,0.60–0.70,0.05–0.10,measData_times_truth_over_meas.root,file1,8,18421.75028,-1367.509693,-248.8304301,67.03224272,5,0
5.000000,5,6,6,2,0.60–0.70,0.05–0.10,measData_times_truth_over_meas.root,file2,8,15759.42668,-1287.18517,-11.70955276,51.07024277,5,0
5.000000,5,6,6,3,0.60–0.70,0.10–0.15,measData_times_truth_over_meas.root,file1,8,14779.13086,-2480.514747,-723.8346872,11.07069034,5,0
5.000000,5,6,6,3,0.60–0.70,0.10–0.15,measData_times_truth_over_meas.root,file2,8,11325.61418,-2059.953292,-777.3401454,7.98957828,5,0
5.000000,5,6,6,4,0.60–0.70,0.15–0.20,measData_times_truth_over_meas.root,file1,8,11962.13964,-3664.994737,-1659.139742,5.224361133,5,0
5.000000,5,6,6,4,0.60–0.70,0.15–0.20,measData_times_truth_over_meas.root,file2,7,7840.54581,-2647.498468,-1335.106181,6.963818423,4,0
5.000000,5,6,6,5,0.60–0.70,0.20–0.30,measData_times_truth_over_meas.root,file1,8,18383.0263,-2879.281766,845.6477334,10.96557139,5,0
5.000000,5,6,6,5,0.60–0.70,0.20–0.30,measData_times_truth_over_meas.root,file2,8,8771.518624,-1840.89025,-51.77863401,5.732470487,5,0
5.000000,5,6,6,6,0.60–0.70,0.30–0.40,measData_times_truth_over_meas.root,file1,8,13353.40921,-933.1299128,870.3167856,13.51922865,5,0
5.000000,5,6,6,6,0.60–0.70,0.30–0.40,measData_times_truth_over_meas.root,file2,6,3525.89889,-72.14902171,304.9732946,9.317237769,3,0
5.000000,5,6,6,7,0.60–0.70,0.40–0.50,measData_times_truth_over_meas.root,file1,8,9496.397113,-1467.220459,1011.480015,10.83425604,5,0
5.000000,5,6,6,7,0.60–0.70,0.40–0.50,measData_times_truth_over_meas.root,file2,6,1114.063478,-101.0775943,132.6827903,2.861327773,3,0
5.000000,5,6,6,8,0.60–0.70,0.50–0.65,measData_times_truth_over_meas.root,file1,7,8410.131105,-2591.235427,1375.272561,10.19753982,4,0
5.000000,5,6,6,9,0.60–0.70,0.65–0.80,measData_times_truth_over_meas.root,file1,6,4647.409384,-1814.02299,883.4126681,5.035846141,3,0
5.000000,5,6,7,1,0.70–0.80,0.00–0.05,measData_times_truth_over_meas.root,file1,8,12120.52012,-32.23887161,-321.2653781,1.942316719,5,0
5.000000,5,6,7,1,0.70–0.80,0.00–0.05,measData_times_truth_over_meas.root,file2,8,3148.652289,54.47672449,110.7430916,8.085476554,5,0
5.000000,5,6,7,2,0.70–0.80,0.05–0.10,measData_times_truth_over_meas.root,file1,8,10737.64197,-412.2018237,-643.2161281,5.891897771,5,0
5.000000,5,6,7,2,0.70–0.80,0.05–0.10,measData_times_truth_over_meas.root,file2,7,2061.903292,83.27623093,-141.9793324,1.22313977,4,0
5.000000,5,6,7,3,0.70–0.80,0.10–0.15,measData_times_truth_over_meas.root,file1,7,9431.965188,494.6694406,-642.0507032,5.899704874,4,0
5.000000,5,6,7,4,0.70–0.80,0.15–0.20,measData_times_truth_over_meas.root,file1,8,8250.868453,-790.3177599,-1001.840921,15.09015944,5,0
5.000000,5,6,7,5,0.70–0.80,0.20–0.30,measData_times_truth_over_meas.root,file1,8,10941.21077,-2413.701289,-628.8183108,7.58570455,5,0
5.000000,5,6,7,6,0.70–0.80,0.30–0.40,measData_times_truth_over_meas.root,file1,7,8857.111785,-683.683199,147.2755245,6.631166296,4,0
5.000000,5,6,7,7,0.70–0.80,0.40–0.50,measData_times_truth_over_meas.root,file1,8,5876.910624,-533.3704226,-211.3327522,11.85115023,5,0
5.000000,5,6,7,8,0.70–0.80,0.50–0.65,measData_times_truth_over_meas.root,file1,8,6661.818083,-1196.687712,-487.6236191,10.14155879,5,0
5.000000,5,6,7,9,0.70–0.80,0.65–0.80,measData_times_truth_over_meas.root,file1,7,2895.296529,-484.051501,-766.03031,21.92144689,4,0
5.000000,5,6,8,1,0.80–1.00,0.00–0.05,measData_times_truth_over_meas.root,file1,8,12399.46593,255.6897979,-1165.158704,13.78165492,5,0
5.000000,5,6,8,2,0.80–1.00,0.05–0.10,measData_times_truth_over_meas.root,file1,8,12078.97657,594.0321302,-2486.442331,11.11747624,5,0
5.000000,5,6,8,3,0.80–1.00,0.10–0.15,measData_times_truth_over_meas.root,file1,8,11467.28248,848.3658636,-2746.587706,10.0788878,5,0
5.000000,5,6,8,4,0.80–1.00,0.15–0.20,measData_times_truth_over_meas.root,file1,7,11414.92662,1665.514932,-2432.05434,15.60690789,4,0
5.000000,5,6,8,5,0.80–1.00,0.20–0.30,measData_times_truth_over_meas.root,file1,8,12344.05914,-1790.642633,-2826.09702,37.44673588,5,0
5.000000,5,6,8,7,0.80–1.00,0.40–0.50,measData_times_truth_over_meas.root,file1,6,7049.008906,-2859.968896,-1944.718703,8.194491134,3,0
5.000000,5,6,8,8,0.80–1.00,0.50–0.65,measData_times_truth_over_meas.root,file1,6,2026.967178,-6187.301404,-6053.091165,4.392953181,3,0
6.000000,6,7,2,1,0.20–0.30,0.00–0.05,measData_times_truth_over_meas.root,file1,6,263538.6598,2871.30428,72044.72202,10.55952384,3,0
6.000000,6,7,2,1,0.20–0.30,0.00–0.05,measData_times_truth_over_meas.root,file2,6,263538.6598,2871.30428,72044.72202,10.55952384,3,0
6.000000,6,7,3,1,0.30–0.40,0.00–0.05,measData_times_truth_over_meas.root,file1,8,91923.95297,2736.080782,11606.09012,22.67342357,5,0
6.000000,6,7,3,1,0.30–0.40,0.00–0.05,measData_times_truth_over_meas.root,file2,8,91923.95297,2736.080782,11606.09012,22.67342357,5,0
6.000000,6,7,3,2,0.30–0.40,0.05–0.10,measData_times_truth_over_meas.root,file1,8,75551.01518,-9550.278487,6658.224561,1.830846404,5,0
6.000000,6,7,3,2,0.30–0.40,0.05–0.10,measData_times_truth_over_meas.root,file2,8,75551.01518,-9550.278487,6658.224561,1.830846404,5,0
6.000000,6,7,3,3,0.30–0.40,0.10–0.15,measData_times_truth_over_meas.root,file1,6,53259.58845,3118.758084,-18103.55854,8.310513753,3,0
6.000000,6,7,3,3,0.30–0.40,0.10–0.15,measData_times_truth_over_meas.root,file2,6,53259.48764,3118.91238,-18103.61763,8.310359682,3,0
6.000000,6,7,3,4,0.30–0.40,0.15–0.20,measData_times_truth_over_meas.root,file1,6,39840.02356,11178.43705,-8104.405103,4.002177011,3,0
6.000000,6,7,3,4,0.30–0.40,0.15–0.20,measData_times_truth_over_meas.root,file2,6,39681.5318,11094.73738,-8038.217976,3.902631897,3,0
6.000000,6,7,4,1,0.40–0.50,0.00–0.05,measData_times_truth_over_meas.root,file1,8,50395.80625,-1228.197563,2686.173093,5.074000038,5,0
6.000000,6,7,4,1,0.40–0.50,0.00–0.05,measData_times_truth_over_meas.root,file2,8,50395.63266,-1228.525699,2685.938465,5.07376972,5,0
6.000000,6,7,4,2,0.40–0.50,0.05–0.10,measData_times_truth_over_meas.root,file1,8,37491.81479,-2862.939669,3322.572796,10.60805723,5,0
6.000000,6,7,4,2,0.40–0.50,0.05–0.10,measData_times_truth_over_meas.root,file2,8,37467.78542,-2850.503468,3307.156297,10.5686064,5,0
6.000000,6,7,4,3,0.40–0.50,0.10–0.15,measData_times_truth_over_meas.root,file1,8,33099.86971,-3876.551162,2796.837726,9.022749429,5,0
6.000000,6,7,4,3,0.40–0.50,0.10–0.15,measData_times_truth_over_meas.root,file2,8,32457.98365,-3893.66567,2713.494906,9.155868165,5,0
6.000000,6,7,4,4,0.40–0.50,0.15–0.20,measData_times_truth_over_meas.root,file1,7,18728.71333,7272.603592,-10153.73594,11.16436657,4,0
6.000000,6,7,4,4,0.40–0.50,0.15–0.20,measData_times_truth_over_meas.root,file2,7,17442.35059,6298.241016,-8912.852512,10.9761684,4,0
6.000000,6,7,4,5,0.40–0.50,0.20–0.30,measData_times_truth_over_meas.root,file1,6,34700.52976,4288.319742,201.891989,4.340189556,3,0
6.000000,6,7,4,5,0.40–0.50,0.20–0.30,measData_times_truth_over_meas.root,file2,6,25519.82917,1690.382743,890.2286728,5.962256856,3,0
6.000000,6,7,4,6,0.40–0.50,0.30–0.40,measData_times_truth_over_meas.root,file1,6,30760.60723,-14224.56091,6245.85188,4.912443479,3,0
6.000000,6,7,4,6,0.40–0.50,0.30–0.40,measData_times_truth_over_meas.root,file2,6,13159.77941,-7439.726329,4153.834172,8.725582536,3,0
6.000000,6,7,5,1,0.50–0.60,0.00–0.05,measData_times_truth_over_meas.root,file1,8,28177.69403,-1163.37688,1062.485048,10.12109736,5,0
6.000000,6,7,5,1,0.50–0.60,0.00–0.05,measData_times_truth_over_meas.root,file2,8,26676.85822,-1495.013463,818.96428,9.333359538,5,0
6.000000,6,7,5,2,0.50–0.60,0.05–0.10,measData_times_truth_over_meas.root,file1,8,21735.59094,-2571.555336,923.3721117,7.76037485,5,0
6.000000,6,7,5,2,0.50–0.60,0.05–0.10,measData_times_truth_over_meas.root,file2,8,18508.14218,-2366.672186,803.7108776,8.202066189,5,0
6.000000,6,7,5,3,0.50–0.60,0.10–0.15,measData_times_truth_over_meas.root,file1,8,17429.5766,-2757.92031,481.3952178,5.792311372,5,0
6.000000,6,7,5,3,0.50–0.60,0.10–0.15,measData_times_truth_over_meas.root,file2,8,11995.75888,-2002.035734,728.594119,5.44682173,5,0
6.000000,6,7,5,4,0.50–0.60,0.15–0.20,measData_times_truth_over_meas.root,file1,8,14865.14735,-808.4365959,-1177.207908,1.374800422,5,0
6.000000,6,7,5,4,0.50–0.60,0.15–0.20,measData_times_truth_over_meas.root,file2,8,7958.001849,-1055.262123,-1101.951282,1.023398709,5,0
6.000000,6,7,5,5,0.50–0.60,0.20–0.30,measData_times_truth_over_meas.root,file1,7,19624.5771,2755.922495,-161.2606193,11.61916217,4,0
6.000000,6,7,5,5,0.50–0.60,0.20–0.30,measData_times_truth_over_meas.root,file2,7,6378.430714,1148.485301,190.4987344,2.583395827,4,0
6.000000,6,7,5,6,0.50–0.60,0.30–0.40,measData_times_truth_over_meas.root,file1,6,13765.85221,-790.5602934,958.0058105,3.153235625,3,0
6.000000,6,7,6,1,0.60–0.70,0.00–0.05,measData_times_truth_over_meas.root,file1,8,15242.44814,-1052.500337,-187.3390146,3.006516691,5,0
6.000000,6,7,6,1,0.60–0.70,0.00–0.05,measData_times_truth_over_meas.root,file2,8,6066.153252,-456.5345095,-131.4282909,3.778975767,5,0
6.000000,6,7,6,2,0.60–0.70,0.05–0.10,measData_times_truth_over_meas.root,file1,8,12244.82436,-1389.196882,154.5232633,19.09184209,5,0
6.000000,6,7,6,2,0.60–0.70,0.05–0.10,measData_times_truth_over_meas.root,file2,8,3149.2414,-342.7223084,-212.8053779,1.106044195,5,0
6.000000,6,7,6,3,0.60–0.70,0.10–0.15,measData_times_truth_over_meas.root,file1,8,10287.27741,-1488.782653,1141.556331,12.60719557,5,0
6.000000,6,7,6,4,0.60–0.70,0.15–0.20,measData_times_truth_over_meas.root,file1,8,8558.319883,-2079.953778,1136.61456,10.45449634,5,0
6.000000,6,7,6,5,0.60–0.70,0.20–0.30,measData_times_truth_over_meas.root,file1,8,13790.6253,-3487.318499,1377.804334,12.76453446,5,0
6.000000,6,7,6,6,0.60–0.70,0.30–0.40,measData_times_truth_over_meas.root,file1,8,10934.72578,-2552.937318,1328.483916,8.131657698,5,0
6.000000,6,7,6,7,0.60–0.70,0.40–0.50,measData_times_truth_over_meas.root,file1,6,7742.941156,-3756.762724,1311.231707,0.7776089119,3,0
6.000000,6,7,7,1,0.70–0.80,0.00–0.05,measData_times_truth_over_meas.root,file1,8,8953.68569,-280.8860968,445.543443,14.89544986,5,0
6.000000,6,7,7,2,0.70–0.80,0.05–0.10,measData_times_truth_over_meas.root,file1,8,8113.623867,-367.0685601,-526.0345175,1.956639278,5,0
6.000000,6,7,7,3,0.70–0.80,0.10–0.15,measData_times_truth_over_meas.root,file1,7,7877.230192,-244.5283632,-610.7160047,5.001501923,4,0
6.000000,6,7,7,4,0.70–0.80,0.15–0.20,measData_times_truth_over_meas.root,file1,7,7068.040153,-2195.57844,-262.0259247,10.55938007,4,0
6.000000,6,7,7,5,0.70–0.80,0.20–0.30,measData_times_truth_over_meas.root,file1,7,11239.04502,-4908.000814,-241.6219036,7.377991041,4,0
6.000000,6,7,7,6,0.70–0.80,0.30–0.40,measData_times_truth_over_meas.root,file1,7,6178.480738,-3422.432635,393.5804531,6.091629245,4,0
6.000000,6,7,8,1,0.80–1.00,0.00–0.05,measData_times_truth_over_meas.root,file1,8,11514.02401,-348.9278818,-1046.769439,11.11302117,5,0
6.000000,6,7,8,2,0.80–1.00,0.05–0.10,measData_times_truth_over_meas.root,file1,8,10742.33972,-443.1846083,-1493.940458,2.216824966,5,0
6.000000,6,7,8,3,0.80–1.00,0.10–0.15,measData_times_truth_over_meas.root,file1,8,9249.48133,-1222.039159,-2127.771087,6.439158106,5,0
6.000000,6,7,8,4,0.80–1.00,0.15–0.20,measData_times_truth_over_meas.root,file1,8,7661.487983,-2063.353626,-1066.093384,15.081996,5,0
6.000000,6,7,8,5,0.80–1.00,0.20–0.30,measData_times_truth_over_meas.root,file1,8,13109.8959,-4025.787702,-2264.905266,3.664071842,5,0
6.000000,6,7,8,6,0.80–1.00,0.30–0.40,measData_times_truth_over_meas.root,file1,7,10227.76709,-4117.151289,-601.1515191,18.07873032,4,0
7.000000,7,8,3,1,0.30–0.40,0.00–0.05,measData_times_truth_over_meas.root,file1,8,48265.12467,-10845.33384,8456.953007,3.790849098,5,0
7.000000,7,8,3,1,0.30–0.40,0.00–0.05,measData_times_truth_over_meas.root,file2,8,48265.12467,-10845.33384,8456.953007,3.790849098,5,0
7.000000,7,8,3,2,0.30–0.40,0.05–0.10,measData_times_truth_over_meas.root,file1,6,53995.32565,-21427.23273,3931.832624,7.646100133,3,0
7.000000,7,8,3,2,0.30–0.40,0.05–0.10,measData_times_truth_over_meas.root,file2,6,53995.32565,-21427.23273,3931.832624,7.646100133,3,0
7.000000,7,8,4,1,0.40–0.50,0.00–0.05,measData_times_truth_over_meas.root,file1,8,25786.1604,-2526.143707,1456.827559,7.080479929,5,0
7.000000,7,8,4,1,0.40–0.50,0.00–0.05,measData_times_truth_over_meas.root,file2,8,25806.57683,-2494.956811,1468.568549,7.070615566,5,0
7.000000,7,8,4,2,0.40–0.50,0.05–0.10,measData_times_truth_over_meas.root,file1,7,22235.10762,-7419.926879,5727.639922,9.691883907,4,0
7.000000,7,8,4,2,0.40–0.50,0.05–0.10,measData_times_truth_over_meas.root,file2,7,21593.03115,-6976.722115,5250.887691,10.53959563,4,0
7.000000,7,8,4,3,0.40–0.50,0.10–0.15,measData_times_truth_over_meas.root,file1,6,13226.87041,3966.417281,-3376.327167,4.540890352,3,0
7.000000,7,8,4,3,0.40–0.50,0.10–0.15,measData_times_truth_over_meas.root,file2,6,11963.12668,2195.576766,-2136.83179,4.673430685,3,0
7.000000,7,8,5,1,0.50–0.60,0.00–0.05,measData_times_truth_over_meas.root,file1,8,13376.14956,-1322.042914,78.25369531,11.85806118,5,0
7.000000,7,8,5,1,0.50–0.60,0.00–0.05,measData_times_truth_over_meas.root,file2,8,9409.911179,-845.2852423,18.84778357,9.825122365,5,0
7.000000,7,8,5,2,0.50–0.60,0.05–0.10,measData_times_truth_over_meas.root,file1,8,11223.75406,-2227.582842,2071.783086,14.45159262,5,0
7.000000,7,8,5,2,0.50–0.60,0.05–0.10,measData_times_truth_over_meas.root,file2,8,5239.410206,-1358.539965,607.0504294,8.974027065,5,0
7.000000,7,8,5,3,0.50–0.60,0.10–0.15,measData_times_truth_over_meas.root,file1,6,8011.112302,-533.3084726,-591.935641,0.9738384962,3,0
7.000000,7,8,6,1,0.60–0.70,0.00–0.05,measData_times_truth_over_meas.root,file1,8,6815.142994,-140.1456093,11.08110584,7.767503323,5,0
7.000000,7,8,6,2,0.60–0.70,0.05–0.10,measData_times_truth_over_meas.root,file1,8,6063.489265,-772.5206827,-79.41946095,4.380529008,5,0
7.000000,7,8,6,3,0.60–0.70,0.10–0.15,measData_times_truth_over_meas.root,file1,8,5711.595957,-2254.745706,594.511508,8.696356419,5,0
7.000000,7,8,6,5,0.60–0.70,0.20–0.30,measData_times_truth_over_meas.root,file1,6,6833.941436,-352.8134683,913.1582329,6.3071275,3,0
7.000000,7,8,7,1,0.70–0.80,0.00–0.05,measData_times_truth_over_meas.root,file1,8,5343.608288,103.1162563,-81.87632001,11.58238022,5,0
7.000000,7,8,7,2,0.70–0.80,0.05–0.10,measData_times_truth_over_meas.root,file1,8,4952.126313,-788.084873,207.2320048,4.784004493,5,0
7.000000,7,8,7,3,0.70–0.80,0.10–0.15,measData_times_truth_over_meas.root,file1,8,4318.070325,-510.2104723,-272.7428045,7.922364197,5,0
7.000000,7,8,7,4,0.70–0.80,0.15–0.20,measData_times_truth_over_meas.root,file1,6,3816.804895,-2616.309393,933.3901807,2.071497311,3,0
7.000000,7,8,8,1,0.80–1.00,0.00–0.05,measData_times_truth_over_meas.root,file1,8,5805.175252,-9.616309553,-324.5252732,6.388744269,5,0
7.000000,7,8,8,2,0.80–1.00,0.05–0.10,measData_times_truth_over_meas.root,file1,8,5282.551276,-352.784392,-1112.416386,5.709993873,5,0
7.000000,7,8,8,3,0.80–1.00,0.10–0.15,measData_times_truth_over_meas.root,file1,8,4595.296975,-731.0440846,-1281.93454,0.9098925401,5,0
7.000000,7,8,8,4,0.80–1.00,0.15–0.20,measData_times_truth_over_meas.root,file1,8,3389.282025,-588.8091276,-822.059277,3.048564861,5,0
7.000000,7,8,8,5,0.80–1.00,0.20–0.30,measData_times_truth_over_meas.root,file1,6,5429.051733,-839.7873164,-1197.566606,5.825499499,3,0
8.000000,8,9,1,1,0.00–0.20,0.00–0.05,measData_times_truth_over_meas.root,file1,6,2565508.07,273769.2098,-492224.4833,0.2915765562,3,0
8.000000,8,9,1,1,0.00–0.20,0.00–0.05,measData_times_truth_over_meas.root,file2,6,2565423.718,273769.5072,-492203.6967,0.2915475182,3,0
8.000000,8,9,1,2,0.00–0.20,0.05–0.10,measData_times_truth_over_meas.root,file1,8,1061479.649,-70188.19442,17042.92542,12.28104869,5,0
8.000000,8,9,1,2,0.00–0.20,0.05–0.10,measData_times_truth_over_meas.root,file2,8,1061401.884,-70180.19771,17042.92298,12.28225752,5,0
8.000000,8,9,1,3,0.00–0.20,0.10–0.15,measData_times_truth_over_meas.root,file1,8,520285.313,-41722.28103,30097.79778,34.16084801,5,0
8.000000,8,9,1,3,0.00–0.20,0.10–0.15,measData_times_truth_over_meas.root,file2,8,520211.3528,-41716.10237,30094.72771,34.16249992,5,0
8.000000,8,9,1,4,0.00–0.20,0.15–0.20,measData_times_truth_over_meas.root,file1,8,292818.4259,-63610.34037,3101.457045,29.2238171,5,0
8.000000,8,9,1,4,0.00–0.20,0.15–0.20,measData_times_truth_over_meas.root,file2,8,292750.5684,-63593.68147,3102.329112,29.21891491,5,0
8.000000,8,9,1,5,0.00–0.20,0.20–0.30,measData_times_truth_over_meas.root,file1,8,281441.8636,-57363.05129,2767.691643,17.48715962,5,0
8.000000,8,9,1,5,0.00–0.20,0.20–0.30,measData_times_truth_over_meas.root,file2,8,281309.3785,-57340.51464,2770.913613,17.48901586,5,0
8.000000,8,9,1,6,0.00–0.20,0.30–0.40,measData_times_truth_over_meas.root,file1,8,123220.8331,-6300.60027,2130.083323,3.312178584,5,0
8.000000,8,9,1,6,0.00–0.20,0.30–0.40,measData_times_truth_over_meas.root,file2,8,123080.162,-6289.9693,2125.832466,3.312365694,5,0
8.000000,8,9,2,1,0.20–0.30,0.00–0.05,measData_times_truth_over_meas.root,file1,6,179753.3249,2437.137844,-19954.11091,418.9784257,3,0
8.000000,8,9,2,1,0.20–0.30,0.00–0.05,measData_times_truth_over_meas.root,file2,6,179753.3249,2437.137844,-19954.11091,418.9784257,3,0
8.000000,8,9,2,2,0.20–0.30,0.05–0.10,measData_times_truth_over_meas.root,file1,8,138458.2276,-19728.52981,4192.174258,39.27804745,5,0
8.000000,8,9,2,2,0.20–0.30,0.05–0.10,measData_times_truth_over_meas.root,file2,8,138458.2276,-19728.52981,4192.174258,39.27804745,5,0
8.000000,8,9,2,3,0.20–0.30,0.10–0.15,measData_times_truth_over_meas.root,file1,8,113633.3742,-65.82025092,4897.24094,5.957413109,5,0
8.000000,8,9,2,3,0.20–0.30,0.10–0.15,measData_times_truth_over_meas.root,file2,8,113633.3742,-65.82025092,4897.24094,5.957413109,5,0
8.000000,8,9,2,4,0.20–0.30,0.15–0.20,measData_times_truth_over_meas.root,file1,8,79164.09336,-9017.020163,-834.8289536,12.80353456,5,0
8.000000,8,9,2,4,0.20–0.30,0.15–0.20,measData_times_truth_over_meas.root,file2,8,79164.09336,-9017.020163,-834.8289536,12.80353456,5,0
8.000000,8,9,2,5,0.20–0.30,0.20–0.30,measData_times_truth_over_meas.root,file1,8,102794.3608,-17075.95918,2985.650545,23.08532197,5,0
8.000000,8,9,2,5,0.20–0.30,0.20–0.30,measData_times_truth_over_meas.root,file2,8,102794.3608,-17075.95918,2985.650545,23.08532197,5,0
8.000000,8,9,2,6,0.20–0.30,0.30–0.40,measData_times_truth_over_meas.root,file1,8,56638.92046,-10724.35595,3982.0351,23.95237926,5,0
8.000000,8,9,2,6,0.20–0.30,0.30–0.40,measData_times_truth_over_meas.root,file2,8,56638.92046,-10724.35595,3982.0351,23.95237926,5,0
8.000000,8,9,2,7,0.20–0.30,0.40–0.50,measData_times_truth_over_meas.root,file1,8,31938.16341,-8912.885855,3491.631159,4.888468253,5,0
8.000000,8,9,2,7,0.20–0.30,0.40–0.50,measData_times_truth_over_meas.root,file2,8,31938.16341,-8912.885855,3491.631159,4.888468253,5,0
8.000000,8,9,2,8,0.20–0.30,0.50–0.65,measData_times_truth_over_meas.root,file1,8,23120.2975,-6447.897657,4211.233739,10.55575708,5,0
8.000000,8,9,2,8,0.20–0.30,0.50–0.65,measData_times_truth_over_meas.root,file2,8,23120.2975,-6447.897657,4211.233739,10.55575708,5,0
8.000000,8,9,2,9,0.20–0.30,0.65–0.80,measData_times_truth_over_meas.root,file1,8,12076.03934,-4082.730605,2508.364375,13.12333758,5,0
8.000000,8,9,2,9,0.20–0.30,0.65–0.80,measData_times_truth_over_meas.root,file2,8,12076.03934,-4082.730605,2508.364375,13.12333758,5,0
8.000000,8,9,3,1,0.30–0.40,0.00–0.05,measData_times_truth_over_meas.root,file1,8,76009.57744,1124.472345,3118.806943,9.761987917,5,0
8.000000,8,9,3,1,0.30–0.40,0.00–0.05,measData_times_truth_over_meas.root,file2,8,76009.57744,1124.472345,3118.806943,9.761987917,5,0
8.000000,8,9,3,2,0.30–0.40,0.05–0.10,measData_times_truth_over_meas.root,file1,6,65427.61079,-179.4455923,2917.485626,20.2886862,3,0
8.000000,8,9,3,2,0.30–0.40,0.05–0.10,measData_times_truth_over_meas.root,file2,6,65427.61079,-179.4455923,2917.485626,20.2886862,3,0
8.000000,8,9,3,3,0.30–0.40,0.10–0.15,measData_times_truth_over_meas.root,file1,8,47474.47039,-6558.870489,3497.834543,15.52661769,5,0
8.000000,8,9,3,3,0.30–0.40,0.10–0.15,measData_times_truth_over_meas.root,file2,8,47474.47039,-6558.870489,3497.834543,15.52661769,5,0
8.000000,8,9,3,4,0.30–0.40,0.15–0.20,measData_times_truth_over_meas.root,file1,8,40426.31806,-4420.236891,238.4890432,14.17290021,5,0
8.000000,8,9,3,4,0.30–0.40,0.15–0.20,measData_times_truth_over_meas.root,file2,8,40426.31806,-4420.236891,238.4890432,14.17290021,5,0
8.000000,8,9,3,5,0.30–0.40,0.20–0.30,measData_times_truth_over_meas.root,file1,8,58317.9341,-6328.264309,1381.768745,15.39880372,5,0
8.000000,8,9,3,5,0.30–0.40,0.20–0.30,measData_times_truth_over_meas.root,file2,8,58317.9341,-6328.264309,1381.768745,15.39880372,5,0
8.000000,8,9,3,6,0.30–0.40,0.30–0.40,measData_times_truth_over_meas.root,file1,8,34836.3781,-6376.639724,627.2546682,8.241787659,5,0
8.000000,8,9,3,6,0.30–0.40,0.30–0.40,measData_times_truth_over_meas.root,file2,8,34836.3781,-6376.639724,627.2546682,8.241787659,5,0
8.000000,8,9,3,7,0.30–0.40,0.40–0.50,measData_times_truth_over_meas.root,file1,8,21489.52564,-4038.963243,1224.828605,4.925297109,5,0
8.000000,8,9,3,7,0.30–0.40,0.40–0.50,measData_times_truth_over_meas.root,file2,8,21489.52564,-4038.963243,1224.828605,4.925297109,5,0
8.000000,8,9,3,8,0.30–0.40,0.50–0.65,measData_times_truth_over_meas.root,file1,8,16597.11338,-4960.040531,1323.393731,3.651557009,5,0
8.000000,8,9,3,8,0.30–0.40,0.50–0.65,measData_times_truth_over_meas.root,file2,8,16597.11338,-4960.040531,1323.393731,3.651557009,5,0
8.000000,8,9,3,9,0.30–0.40,0.65–0.80,measData_times_truth_over_meas.root,file1,8,7967.435801,-2797.929399,1381.59918,9.004692543,5,0
8.000000,8,9,3,9,0.30–0.40,0.65–0.80,measData_times_truth_over_meas.root,file2,8,7967.435801,-2797.929399,1381.59918,9.004692543,5,0
8.000000,8,9,3,10,0.30–0.40,0.80–1.00,measData_times_truth_over_meas.root,file1,8,5135.146658,-2541.767423,1451.186512,32.79106932,5,0
8.000000,8,9,3,10,0.30–0.40,0.80–1.00,measData_times_truth_over_meas.root,file2,8,5135.146658,-2541.767423,1451.186512,32.79106932,5,0
8.000000,8,9,3,11,0.30–0.40,1.00–1.50,measData_times_truth_over_meas.root,file1,7,3379.634261,-1403.067777,1377.145681,8.277770717,4,0
8.000000,8,9,3,11,0.30–0.40,1.00–1.50,measData_times_truth_over_meas.root,file2,7,3351.622577,-1392.275775,1365.450012,8.256718414,4,0
8.000000,8,9,4,1,0.40–0.50,0.00–0.05,measData_times_truth_over_meas.root,file1,8,33743.01275,-3599.3623,3461.229317,20.58993866,5,0
8.000000,8,9,4,1,0.40–0.50,0.00–0.05,measData_times_truth_over_meas.root,file2,8,33743.01275,-3599.3623,3461.229317,20.58993866,5,0
8.000000,8,9,4,2,0.40–0.50,0.05–0.10,measData_times_truth_over_meas.root,file1,6,29618.77815,-5051.801416,-1225.805024,15.62344529,3,0
8.000000,8,9,4,2,0.40–0.50,0.05–0.10,measData_times_truth_over_meas.root,file2,6,29618.77815,-5051.801416,-1225.805024,15.62344529,3,0
8.000000,8,9,4,3,0.40–0.50,0.10–0.15,measData_times_truth_over_meas.root,file1,6,25369.1139,-2448.937321,-944.8303231,10.89314172,3,0
8.000000,8,9,4,3,0.40–0.50,0.10–0.15,measData_times_truth_over_meas.root,file2,6,25369.1139,-2448.937321,-944.8303231,10.89314172,3,0
8.000000,8,9,4,4,0.40–0.50,0.15–0.20,measData_times_truth_over_meas.root,file1,6,23517.34806,-626.6827729,247.8636674,3.042804995,3,0
8.000000,8,9,4,4,0.40–0.50,0.15–0.20,measData_times_truth_over_meas.root,file2,6,23517.34806,-626.6827729,247.8636674,3.042804995,3,0
8.000000,8,9,4,5,0.40–0.50,0.20–0.30,measData_times_truth_over_meas.root,file1,8,33031.34963,-3921.97652,-1308.947559,16.07614135,5,0
8.000000,8,9,4,5,0.40–0.50,0.20–0.30,measData_times_truth_over_meas.root,file2,8,33031.34963,-3921.97652,-1308.947559,16.07614135,5,0
8.000000,8,9,4,6,0.40–0.50,0.30–0.40,measData_times_truth_over_meas.root,file1,6,23006.78053,-1769.118006,809.1091978,14.15109122,3,0
8.000000,8,9,4,6,0.40–0.50,0.30–0.40,measData_times_truth_over_meas.root,file2,6,23006.78053,-1769.118006,809.1091978,14.15109122,3,0
8.000000,8,9,4,7,0.40–0.50,0.40–0.50,measData_times_truth_over_meas.root,file1,8,14444.71585,-2337.719721,190.9169986,8.77565344,5,0
8.000000,8,9,4,7,0.40–0.50,0.40–0.50,measData_times_truth_over_meas.root,file2,8,14444.71585,-2337.719721,190.9169986,8.77565344,5,0
8.000000,8,9,4,8,0.40–0.50,0.50–0.65,measData_times_truth_over_meas.root,file1,8,12566.67733,-2839.534069,764.8950585,2.87721931,5,0
8.000000,8,9,4,8,0.40–0.50,0.50–0.65,measData_times_truth_over_meas.root,file2,8,12566.67733,-2839.534069,764.8950585,2.87721931,5,0
8.000000,8,9,4,9,0.40–0.50,0.65–0.80,measData_times_truth_over_meas.root,file1,8,7165.984714,-1390.847978,1392.790025,19.90278464,5,0
8.000000,8,9,4,9,0.40–0.50,0.65–0.80,measData_times_truth_over_meas.root,file2,8,7165.984714,-1390.847978,1392.790025,19.90278464,5,0
8.000000,8,9,4,10,0.40–0.50,0.80–1.00,measData_times_truth_over_meas.root,file1,8,4433.389686,-1316.851478,1099.830512,13.06653412,5,0
8.000000,8,9,4,10,0.40–0.50,0.80–1.00,measData_times_truth_over_meas.root,file2,8,4433.389686,-1316.851478,1099.830512,13.06653412,5,0
8.000000,8,9,4,11,0.40–0.50,1.00–1.50,measData_times_truth_over_meas.root,file1,8,2790.4885,-1284.4042,1003.528917,37.00824407,5,0
8.000000,8,9,4,11,0.40–0.50,1.00–1.50,measData_times_truth_over_meas.root,file2,8,2784.973718,-1281.423548,1001.87199,36.96185777,5,0
8.000000,8,9,5,1,0.50–0.60,0.00–0.05,measData_times_truth_over_meas.root,file1,7,21224.55391,2134.721871,3134.341676,1.558668897,4,0
8.000000,8,9,5,1,0.50–0.60,0.00–0.05,measData_times_truth_over_meas.root,file2,7,21224.55391,2134.721871,3134.341676,1.558668897,4,0
8.000000,8,9,5,2,0.50–0.60,0.05–0.10,measData_times_truth_over_meas.root,file1,6,14748.19798,-4579.418051,-2890.950096,10.46200483,3,0
8.000000,8,9,5,2,0.50–0.60,0.05–0.10,measData_times_truth_over_meas.root,file2,6,14748.19798,-4579.418051,-2890.950096,10.46200483,3,0
8.000000,8,9,5,5,0.50–0.60,0.20–0.30,measData_times_truth_over_meas.root,file1,6,18671.28503,-2263.52148,-112.2528735,0.4158143466,3,0
8.000000,8,9,5,5,0.50–0.60,0.20–0.30,measData_times_truth_over_meas.root,file2,6,18671.28503,-2263.52148,-112.2528735,0.4158143466,3,0
8.000000,8,9,5,6,0.50–0.60,0.30–0.40,measData_times_truth_over_meas.root,file1,6,13276.26675,-2140.686982,-897.6710954,4.37483554,3,0
8.000000,8,9,5,6,0.50–0.60,0.30–0.40,measData_times_truth_over_meas.root,file2,6,13276.26675,-2140.686982,-897.6710954,4.37483554,3,0
8.000000,8,9,5,7,0.50–0.60,0.40–0.50,measData_times_truth_over_meas.root,file1,6,8925.693548,-2870.602138,-1103.592963,6.329514511,3,0
8.000000,8,9,5,7,0.50–0.60,0.40–0.50,measData_times_truth_over_meas.root,file2,6,8925.693548,-2870.602138,-1103.592963,6.329514511,3,0
8.000000,8,9,5,8,0.50–0.60,0.50–0.65,measData_times_truth_over_meas.root,file1,7,10022.18237,-428.2256698,1215.515812,0.628296992,4,0
8.000000,8,9,5,8,0.50–0.60,0.50–0.65,measData_times_truth_over_meas.root,file2,7,10022.18237,-428.2256698,1215.515812,0.628296992,4,0
8.000000,8,9,5,9,0.50–0.60,0.65–0.80,measData_times_truth_over_meas.root,file1,7,5783.62167,-331.2015724,1344.409319,8.914828052,4,0
8.000000,8,9,5,9,0.50–0.60,0.65–0.80,measData_times_truth_over_meas.root,file2,7,5783.62167,-331.2015724,1344.409319,8.914828052,4,0
8.000000,8,9,5,10,0.50–0.60,0.80–1.00,measData_times_truth_over_meas.root,file1,8,3648.60431,-749.8633215,739.1053341,12.86275112,5,0
8.000000,8,9,5,10,0.50–0.60,0.80–1.00,measData_times_truth_over_meas.root,file2,8,3648.60431,-749.8633215,739.1053341,12.86275112,5,0
8.000000,8,9,5,11,0.50–0.60,1.00–1.50,measData_times_truth_over_meas.root,file1,8,2716.064963,-1117.610509,816.2539608,20.92379401,5,0
8.000000,8,9,5,11,0.50–0.60,1.00–1.50,measData_times_truth_over_meas.root,file2,8,2662.140937,-1136.034315,777.9016148,22.20332708,5,0
8.000000,8,9,6,1,0.60–0.70,0.00–0.05,measData_times_truth_over_meas.root,file1,7,11101.1111,-524.8105176,-966.4826687,2.738001437,4,0
8.000000,8,9,6,1,0.60–0.70,0.00–0.05,measData_times_truth_over_meas.root,file2,7,11101.1111,-524.8105176,-966.4826687,2.738001437,4,0
8.000000,8,9,6,5,0.60–0.70,0.20–0.30,measData_times_truth_over_meas.root,file1,6,10588.41882,-3149.604663,-1034.469987,5.978998596,3,0
8.000000,8,9,6,5,0.60–0.70,0.20–0.30,measData_times_truth_over_meas.root,file2,6,10588.41882,-3149.604663,-1034.469987,5.978998596,3,0
8.000000,8,9,6,6,0.60–0.70,0.30–0.40,measData_times_truth_over_meas.root,file1,6,8529.523382,-1387.931464,-68.08720648,9.934287146,3,0
8.000000,8,9,6,6,0.60–0.70,0.30–0.40,measData_times_truth_over_meas.root,file2,6,8529.523382,-1387.931464,-68.08720648,9.934287146,3,0
8.000000,8,9,6,7,0.60–0.70,0.40–0.50,measData_times_truth_over_meas.root,file1,6,6813.611625,31.00550232,621.9962611,1.448380684,3,0
8.000000,8,9,6,7,0.60–0.70,0.40–0.50,measData_times_truth_over_meas.root,file2,6,6813.611625,31.00550232,621.9962611,1.448380684,3,0
8.000000,8,9,6,8,0.60–0.70,0.50–0.65,measData_times_truth_over_meas.root,file1,6,6893.842821,-348.5787882,115.107161,7.69525084,3,0
8.000000,8,9,6,8,0.60–0.70,0.50–0.65,measData_times_truth_over_meas.root,file2,6,6893.842821,-348.5787882,115.107161,7.69525084,3,0
8.000000,8,9,6,9,0.60–0.70,0.65–0.80,measData_times_truth_over_meas.root,file1,6,4395.683949,-244.6702109,180.2821576,2.178615418,3,0
8.000000,8,9,6,9,0.60–0.70,0.65–0.80,measData_times_truth_over_meas.root,file2,6,4395.683949,-244.6702109,180.2821576,2.178615418,3,0
8.000000,8,9,6,10,0.60–0.70,0.80–1.00,measData_times_truth_over_meas.root,file1,7,2855.859811,-592.4638992,345.8052252,8.666750576,4,0
8.000000,8,9,6,10,0.60–0.70,0.80–1.00,measData_times_truth_over_meas.root,file2,7,2821.429093,-615.1008643,330.9057789,9.67678479,4,0
8.000000,8,9,6,11,0.60–0.70,1.00–1.50,measData_times_truth_over_meas.root,file1,7,2468.265457,-256.8283253,708.0114417,3.711229508,4,0
8.000000,8,9,6,11,0.60–0.70,1.00–1.50,measData_times_truth_over_meas.root,file2,7,2094.366255,-406.3702452,576.0290365,10.92267613,4,0
8.000000,8,9,7,1,0.70–0.80,0.00–0.05,measData_times_truth_over_meas.root,file1,8,6416.373997,-430.822431,-253.2873051,7.28301296,5,0
8.000000,8,9,7,1,0.70–0.80,0.00–0.05,measData_times_truth_over_meas.root,file2,8,6416.373997,-430.822431,-253.2873051,7.28301296,5,0
8.000000,8,9,7,7,0.70–0.80,0.40–0.50,measData_times_truth_over_meas.root,file1,6,3669.576423,-1030.389102,-710.8328873,12.63024144,3,0
8.000000,8,9,7,7,0.70–0.80,0.40–0.50,measData_times_truth_over_meas.root,file2,6,3571.85318,-1051.418365,-737.0895861,13.08696548,3,0
8.000000,8,9,7,8,0.70–0.80,0.50–0.65,measData_times_truth_over_meas.root,file1,6,3727.563002,-1022.612584,-744.4302417,22.96352757,3,0
8.000000,8,9,7,8,0.70–0.80,0.50–0.65,measData_times_truth_over_meas.root,file2,6,3584.770672,-575.1548005,-516.9274056,17.33599586,3,0
8.000000,8,9,7,9,0.70–0.80,0.65–0.80,measData_times_truth_over_meas.root,file1,6,2535.699625,-312.7462793,-106.4361468,6.230822882,3,0
8.000000,8,9,7,9,0.70–0.80,0.65–0.80,measData_times_truth_over_meas.root,file2,6,2009.069977,-306.9049586,-153.9349726,3.333104799,3,0
8.000000,8,9,7,10,0.70–0.80,0.80–1.00,measData_times_truth_over_meas.root,file1,6,1978.340802,14.76444125,98.40259496,2.646850102,3,0
8.000000,8,9,7,10,0.70–0.80,0.80–1.00,measData_times_truth_over_meas.root,file2,6,1272.300357,78.90289806,197.4213496,2.524891533,3,0
8.000000,8,9,7,11,0.70–0.80,1.00–1.50,measData_times_truth_over_meas.root,file1,6,1933.984369,-88.30972017,363.7049485,7.322079176,3,0
8.000000,8,9,8,1,0.80–1.00,0.00–0.05,measData_times_truth_over_meas.root,file1,8,5103.984099,361.1723083,-566.0021943,3.896910821,5,0
8.000000,8,9,8,1,0.80–1.00,0.00–0.05,measData_times_truth_over_meas.root,file2,6,2234.159474,-782.8651987,-885.590378,0.9910177044,3,0
8.000000,8,9,8,4,0.80–1.00,0.15–0.20,measData_times_truth_over_meas.root,file1,6,5699.202073,3667.814413,1078.17299,5.471893966,3,0
8.000000,8,9,8,5,0.80–1.00,0.20–0.30,measData_times_truth_over_meas.root,file1,6,5149.141979,-377.0487122,-645.9104342,2.31903157,3,0
8.000000,8,9,8,8,0.80–1.00,0.50–0.65,measData_times_truth_over_meas.root,file1,6,3355.409953,359.6941382,-406.8482664,37.12839725,3,0
8.000000,8,9,8,9,0.80–1.00,0.65–0.80,measData_times_truth_over_meas.root,file1,6,1868.965718,-121.5134572,-554.0494522,4.059432716,3,0
8.000000,8,9,8,10,0.80–1.00,0.80–1.00,measData_times_truth_over_meas.root,file1,6,1384.06538,-115.380748,-414.6724373,8.833927555,3,0
8.000000,8,9,8,11,0.80–1.00,1.00–1.50,measData_times_truth_over_meas.root,file1,6,992.6465884,135.6985375,-98.44631703,12.4704675,3,0
9.000000,9,10,1,1,0.00–0.20,0.00–0.05,measData_times_truth_over_meas.root,file1,6,2604616.591,911559.4518,-124746.4038,11.60840812,3,0
9.000000,9,10,1,1,0.00–0.20,0.00–0.05,measData_times_truth_over_meas.root,file2,6,2604281.767,911434.5378,-124731.3717,11.60838581,3,0
9.000000,9,10,1,2,0.00–0.20,0.05–0.10,measData_times_truth_over_meas.root,file1,8,870032.7716,-77956.05096,15201.40905,55.1760275,5,0
9.000000,9,10,1,2,0.00–0.20,0.05–0.10,measData_times_truth_over_meas.root,file2,8,869771.9624,-77939.27403,15195.13407,55.17670959,5,0
9.000000,9,10,1,3,0.00–0.20,0.10–0.15,measData_times_truth_over_meas.root,file1,8,478440.8614,57.22872404,-518.4016938,3.799260327,5,0
9.000000,9,10,1,3,0.00–0.20,0.10–0.15,measData_times_truth_over_meas.root,file2,8,478168.6366,57.20019556,-521.3246258,3.79936126,5,0
9.000000,9,10,1,4,0.00–0.20,0.15–0.20,measData_times_truth_over_meas.root,file1,8,273418.3309,-49199.09053,-968.1923246,16.71226149,5,0
9.000000,9,10,1,4,0.00–0.20,0.15–0.20,measData_times_truth_over_meas.root,file2,8,273145.0476,-49162.9558,-965.242042,16.71786388,5,0
9.000000,9,10,1,5,0.00–0.20,0.20–0.30,measData_times_truth_over_meas.root,file1,8,273925.4452,-55370.51058,45216.86518,5.745658219,5,0
9.000000,9,10,1,5,0.00–0.20,0.20–0.30,measData_times_truth_over_meas.root,file2,8,273372.6762,-55247.5545,45119.62531,5.747928013,5,0
9.000000,9,10,2,1,0.20–0.30,0.00–0.05,measData_times_truth_over_meas.root,file1,8,207171.9519,61823.92974,43986.25432,27.75571159,5,0
9.000000,9,10,2,1,0.20–0.30,0.00–0.05,measData_times_truth_over_meas.root,file2,8,207171.9519,61823.92974,43986.25432,27.75571159,5,0
9.000000,9,10,2,2,0.20–0.30,0.05–0.10,measData_times_truth_over_meas.root,file1,8,137104.8376,-12811.56239,3450.598406,14.86111787,5,0
9.000000,9,10,2,2,0.20–0.30,0.05–0.10,measData_times_truth_over_meas.root,file2,8,137104.8376,-12811.56239,3450.598406,14.86111787,5,0
9.000000,9,10,2,3,0.20–0.30,0.10–0.15,measData_times_truth_over_meas.root,file1,8,108896.3051,-1030.607083,5169.434965,28.2007588,5,0
9.000000,9,10,2,3,0.20–0.30,0.10–0.15,measData_times_truth_over_meas.root,file2,8,108896.3051,-1030.607083,5169.434965,28.2007588,5,0
9.000000,9,10,2,4,0.20–0.30,0.15–0.20,measData_times_truth_over_meas.root,file1,8,81172.2637,-8517.73717,-1587.583013,18.34315547,5,0
9.000000,9,10,2,4,0.20–0.30,0.15–0.20,measData_times_truth_over_meas.root,file2,8,81172.2637,-8517.73717,-1587.583013,18.34315547,5,0
9.000000,9,10,2,5,0.20–0.30,0.20–0.30,measData_times_truth_over_meas.root,file1,8,105829.2837,-12102.05927,2526.877484,8.627569341,5,0
9.000000,9,10,2,5,0.20–0.30,0.20–0.30,measData_times_truth_over_meas.root,file2,8,105829.2837,-12102.05927,2526.877484,8.627569341,5,0
9.000000,9,10,2,6,0.20–0.30,0.30–0.40,measData_times_truth_over_meas.root,file1,8,56577.17528,-10702.45301,2524.05239,12.14153146,5,0
9.000000,9,10,2,6,0.20–0.30,0.30–0.40,measData_times_truth_over_meas.root,file2,8,56577.17528,-10702.45301,2524.05239,12.14153146,5,0
9.000000,9,10,2,7,0.20–0.30,0.40–0.50,measData_times_truth_over_meas.root,file1,8,30883.44095,-8722.875831,3807.029298,11.71697345,5,0
9.000000,9,10,2,7,0.20–0.30,0.40–0.50,measData_times_truth_over_meas.root,file2,8,30883.44095,-8722.875831,3807.029298,11.71697345,5,0
9.000000,9,10,2,8,0.20–0.30,0.50–0.65,measData_times_truth_over_meas.root,file1,8,25465.74206,-6806.063118,2914.231948,26.71038201,5,0
9.000000,9,10,2,8,0.20–0.30,0.50–0.65,measData_times_truth_over_meas.root,file2,8,25465.50848,-6805.949574,2914.048135,26.71109955,5,0
9.000000,9,10,3,1,0.30–0.40,0.00–0.05,measData_times_truth_over_meas.root,file1,8,77027.97841,-5732.020591,9578.448265,14.73764325,5,0
9.000000,9,10,3,1,0.30–0.40,0.00–0.05,measData_times_truth_over_meas.root,file2,8,77027.97841,-5732.020591,9578.448265,14.73764325,5,0
9.000000,9,10,3,2,0.30–0.40,0.05–0.10,measData_times_truth_over_meas.root,file1,8,68486.25209,-1073.637494,3084.454476,14.6335858,5,0
9.000000,9,10,3,2,0.30–0.40,0.05–0.10,measData_times_truth_over_meas.root,file2,8,68486.25209,-1073.637494,3084.454476,14.6335858,5,0
9.000000,9,10,3,3,0.30–0.40,0.10–0.15,measData_times_truth_over_meas.root,file1,8,51270.69249,-4056.814445,816.4703911,15.8634837,5,0
9.000000,9,10,3,3,0.30–0.40,0.10–0.15,measData_times_truth_over_meas.root,file2,8,51270.69249,-4056.814445,816.4703911,15.8634837,5,0
9.000000,9,10,3,4,0.30–0.40,0.15–0.20,measData_times_truth_over_meas.root,file1,8,44811.23116,480.9254063,3263.92541,6.824266409,5,0
9.000000,9,10,3,4,0.30–0.40,0.15–0.20,measData_times_truth_over_meas.root,file2,8,44811.23116,480.9254063,3263.92541,6.824266409,5,0
9.000000,9,10,3,5,0.30–0.40,0.20–0.30,measData_times_truth_over_meas.root,file1,8,59096.63206,-5313.794945,360.3249933,4.787666619,5,0
9.000000,9,10,3,5,0.30–0.40,0.20–0.30,measData_times_truth_over_meas.root,file2,8,59096.63206,-5313.794945,360.3249933,4.787666619,5,0
9.000000,9,10,3,6,0.30–0.40,0.30–0.40,measData_times_truth_over_meas.root,file1,8,35839.25953,-4754.777414,2348.777277,10.04780552,5,0
9.000000,9,10,3,6,0.30–0.40,0.30–0.40,measData_times_truth_over_meas.root,file2,8,35839.25953,-4754.777414,2348.777277,10.04780552,5,0
9.000000,9,10,3,7,0.30–0.40,0.40–0.50,measData_times_truth_over_meas.root,file1,8,20044.95132,-4527.942167,716.9941181,11.60642292,5,0
9.000000,9,10,3,7,0.30–0.40,0.40–0.50,measData_times_truth_over_meas.root,file2,8,20044.95132,-4527.942167,716.9941181,11.60642292,5,0
9.000000,9,10,3,8,0.30–0.40,0.50–0.65,measData_times_truth_over_meas.root,file1,8,16026.59077,-4896.306834,1628.968122,11.4865177,5,0
9.000000,9,10,3,8,0.30–0.40,0.50–0.65,measData_times_truth_over_meas.root,file2,8,16026.59077,-4896.306834,1628.968122,11.4865177,5,0
9.000000,9,10,3,9,0.30–0.40,0.65–0.80,measData_times_truth_over_meas.root,file1,8,7369.102763,-2694.387215,1343.822949,10.44252051,5,0
9.000000,9,10,3,9,0.30–0.40,0.65–0.80,measData_times_truth_over_meas.root,file2,8,7369.102763,-2694.387215,1343.822949,10.44252051,5,0
9.000000,9,10,3,10,0.30–0.40,0.80–1.00,measData_times_truth_over_meas.root,file1,8,4299.351629,-1862.005164,907.5941584,17.85111821,5,0
9.000000,9,10,3,10,0.30–0.40,0.80–1.00,measData_times_truth_over_meas.root,file2,8,4286.818851,-1856.434206,903.9032995,17.90032516,5,0
9.000000,9,10,4,1,0.40–0.50,0.00–0.05,measData_times_truth_over_meas.root,file1,8,37136.50589,-5626.997863,-1124.470624,4.614598735,5,0
9.000000,9,10,4,1,0.40–0.50,0.00–0.05,measData_times_truth_over_meas.root,file2,8,37136.50589,-5626.997863,-1124.470624,4.614598735,5,0
9.000000,9,10,4,2,0.40–0.50,0.05–0.10,measData_times_truth_over_meas.root,file1,8,29563.6593,-4611.258061,366.1568274,8.733124417,5,0
9.000000,9,10,4,2,0.40–0.50,0.05–0.10,measData_times_truth_over_meas.root,file2,8,29563.6593,-4611.258061,366.1568274,8.733124417,5,0
9.000000,9,10,4,3,0.40–0.50,0.10–0.15,measData_times_truth_over_meas.root,file1,8,25674.72241,-4462.040531,-710.5613861,6.396286333,5,0
9.000000,9,10,4,3,0.40–0.50,0.10–0.15,measData_times_truth_over_meas.root,file2,8,25674.72241,-4462.040531,-710.5613861,6.396286333,5,0
9.000000,9,10,4,4,0.40–0.50,0.15–0.20,measData_times_truth_over_meas.root,file1,6,23075.20322,-11.74761206,1165.852182,2.914658055,3,0
9.000000,9,10,4,4,0.40–0.50,0.15–0.20,measData_times_truth_over_meas.root,file2,6,23075.20322,-11.74761206,1165.852182,2.914658055,3,0
9.000000,9,10,4,5,0.40–0.50,0.20–0.30,measData_times_truth_over_meas.root,file1,8,33090.93283,-1557.782214,311.6286389,5.741965581,5,0
9.000000,9,10,4,5,0.40–0.50,0.20–0.30,measData_times_truth_over_meas.root,file2,8,33090.93283,-1557.782214,311.6286389,5.741965581,5,0
9.000000,9,10,4,6,0.40–0.50,0.30–0.40,measData_times_truth_over_meas.root,file1,8,22376.59142,-2399.610091,330.2344845,18.96548937,5,0
9.000000,9,10,4,6,0.40–0.50,0.30–0.40,measData_times_truth_over_meas.root,file2,8,22376.59142,-2399.610091,330.2344845,18.96548937,5,0
9.000000,9,10,4,7,0.40–0.50,0.40–0.50,measData_times_truth_over_meas.root,file1,8,14481.83125,-2148.047158,596.7722634,11.20963774,5,0
9.000000,9,10,4,7,0.40–0.50,0.40–0.50,measData_times_truth_over_meas.root,file2,8,14481.83125,-2148.047158,596.7722634,11.20963774,5,0
9.000000,9,10,4,8,0.40–0.50,0.50–0.65,measData_times_truth_over_meas.root,file1,8,12139.25803,-3332.63494,643.5606493,4.726355898,5,0
9.000000,9,10,4,8,0.40–0.50,0.50–0.65,measData_times_truth_over_meas.root,file2,8,12139.25803,-3332.63494,643.5606493,4.726355898,5,0
9.000000,9,10,4,9,0.40–0.50,0.65–0.80,measData_times_truth_over_meas.root,file1,8,6229.655803,-1880.98094,1186.89522,10.65560568,5,0
9.000000,9,10,4,9,0.40–0.50,0.65–0.80,measData_times_truth_over_meas.root,file2,8,6229.655803,-1880.98094,1186.89522,10.65560568,5,0
9.000000,9,10,4,10,0.40–0.50,0.80–1.00,measData_times_truth_over_meas.root,file1,8,3555.550543,-1185.383728,822.6192271,9.888541513,5,0
9.000000,9,10,4,10,0.40–0.50,0.80–1.00,measData_times_truth_over_meas.root,file2,8,3553.917601,-1184.526451,822.4976089,9.873690154,5,0
9.000000,9,10,4,11,0.40–0.50,1.00–1.50,measData_times_truth_over_meas.root,file1,8,1794.175975,-897.5685449,508.1971515,19.10760429,5,0
9.000000,9,10,4,11,0.40–0.50,1.00–1.50,measData_times_truth_over_meas.root,file2,8,1563.397202,-792.1495138,447.3089617,17.03832744,5,0
9.000000,9,10,5,1,0.50–0.60,0.00–0.05,measData_times_truth_over_meas.root,file1,8,20497.56311,-728.579778,739.1989661,6.522825459,5,0
9.000000,9,10,5,1,0.50–0.60,0.00–0.05,measData_times_truth_over_meas.root,file2,8,20497.56311,-728.579778,739.1989661,6.522825459,5,0
9.000000,9,10,5,2,0.50–0.60,0.05–0.10,measData_times_truth_over_meas.root,file1,7,17324.37151,-1828.835309,1025.660524,7.703831516,4,0
9.000000,9,10,5,2,0.50–0.60,0.05–0.10,measData_times_truth_over_meas.root,file2,7,17324.37151,-1828.835309,1025.660524,7.703831516,4,0
9.000000,9,10,5,3,0.50–0.60,0.10–0.15,measData_times_truth_over_meas.root,file1,7,13930.27754,-3527.366207,-827.9973147,3.071204999,4,0
9.000000,9,10,5,3,0.50–0.60,0.10–0.15,measData_times_truth_over_meas.root,file2,7,13930.27754,-3527.366207,-827.9973147,3.071204999,4,0
9.000000,9,10,5,4,0.50–0.60,0.15–0.20,measData_times_truth_over_meas.root,file1,6,12689.63713,-2278.538113,-586.8845688,7.131256258,3,0
9.000000,9,10,5,4,0.50–0.60,0.15–0.20,measData_times_truth_over_meas.root,file2,6,12689.63713,-2278.538113,-586.8845688,7.131256258,3,0
9.000000,9,10,5,5,0.50–0.60,0.20–0.30,measData_times_truth_over_meas.root,file1,7,19372.16759,-860.2148156,-151.4066053,8.589502609,4,0
9.000000,9,10,5,5,0.50–0.60,0.20–0.30,measData_times_truth_over_meas.root,file2,7,19372.16759,-860.2148156,-151.4066053,8.589502609,4,0
9.000000,9,10,5,6,0.50–0.60,0.30–0.40,measData_times_truth_over_meas.root,file1,6,13840.11856,-1339.649179,416.1779509,6.646057026,3,0
9.000000,9,10,5,6,0.50–0.60,0.30–0.40,measData_times_truth_over_meas.root,file2,6,13840.11856,-1339.649179,416.1779509,6.646057026,3,0
9.000000,9,10,5,7,0.50–0.60,0.40–0.50,measData_times_truth_over_meas.root,file1,7,9799.172384,-1252.450949,-99.90650486,4.438866274,4,0
9.000000,9,10,5,7,0.50–0.60,0.40–0.50,measData_times_truth_over_meas.root,file2,7,9799.172384,-1252.450949,-99.90650486,4.438866274,4,0
9.000000,9,10,5,8,0.50–0.60,0.50–0.65,measData_times_truth_over_meas.root,file1,6,9935.903073,-171.1105331,1613.784846,0.8262717501,3,0
9.000000,9,10,5,8,0.50–0.60,0.50–0.65,measData_times_truth_over_meas.root,file2,6,9935.903073,-171.1105331,1613.784846,0.8262717501,3,0
9.000000,9,10,5,9,0.50–0.60,0.65–0.80,measData_times_truth_over_meas.root,file1,6,5481.942665,-429.5598657,932.6673389,13.23440019,3,0
9.000000,9,10,5,9,0.50–0.60,0.65–0.80,measData_times_truth_over_meas.root,file2,6,5477.483966,-435.6915101,930.6327656,12.92257038,3,0
9.000000,9,10,5,10,0.50–0.60,0.80–1.00,measData_times_truth_over_meas.root,file1,7,3265.245887,-901.0260496,435.9656001,1.429684242,4,0
9.000000,9,10,5,10,0.50–0.60,0.80–1.00,measData_times_truth_over_meas.root,file2,8,3058.963891,-1094.606028,308.2072382,8.789089801,5,0
9.000000,9,10,5,11,0.50–0.60,1.00–1.50,measData_times_truth_over_meas.root,file1,8,2108.287743,-951.0177661,624.7673275,19.83480168,5,0
9.000000,9,10,5,11,0.50–0.60,1.00–1.50,measData_times_truth_over_meas.root,file2,7,1674.650178,-611.3085201,557.1528103,11.81143749,4,0
9.000000,9,10,6,1,0.60–0.70,0.00–0.05,measData_times_truth_over_meas.root,file1,8,12093.29895,-362.0396435,-310.5807216,11.92336527,5,0
9.000000,9,10,6,1,0.60–0.70,0.00–0.05,measData_times_truth_over_meas.root,file2,8,12093.29895,-362.0396435,-310.5807216,11.92336527,5,0
9.000000,9,10,6,2,0.60–0.70,0.05–0.10,measData_times_truth_over_meas.root,file1,7,10865.02524,50.58581898,904.53108,14.99393875,4,0
9.000000,9,10,6,2,0.60–0.70,0.05–0.10,measData_times_truth_over_meas.root,file2,7,10865.02524,50.58581898,904.53108,14.99393875,4,0
9.000000,9,10,6,3,0.60–0.70,0.10–0.15,measData_times_truth_over_meas.root,file1,6,8762.261154,-1084.574238,-883.7806784,3.111219114,3,0
9.000000,9,10,6,3,0.60–0.70,0.10–0.15,measData_times_truth_over_meas.root,file2,6,8762.261154,-1084.574238,-883.7806784,3.111219114,3,0
9.000000,9,10,6,4,0.60–0.70,0.15–0.20,measData_times_truth_over_meas.root,file1,6,8985.636867,984.3250722,269.7625787,0.4977445376,3,0
9.000000,9,10,6,4,0.60–0.70,0.15–0.20,measData_times_truth_over_meas.root,file2,6,8985.636867,984.3250722,269.7625787,0.4977445376,3,0
9.000000,9,10,6,5,0.60–0.70,0.20–0.30,measData_times_truth_over_meas.root,file1,6,11719.81095,-2506.07373,-1397.201185,1.430474409,3,0
9.000000,9,10,6,5,0.60–0.70,0.20–0.30,measData_times_truth_over_meas.root,file2,6,11719.81095,-2506.07373,-1397.201185,1.430474409,3,0
9.000000,9,10,6,6,0.60–0.70,0.30–0.40,measData_times_truth_over_meas.root,file1,6,9111.135559,-488.2821225,345.8819841,7.113028862,3,0
9.000000,9,10,6,6,0.60–0.70,0.30–0.40,measData_times_truth_over_meas.root,file2,6,9111.135559,-488.2821225,345.8819841,7.113028862,3,0
9.000000,9,10,6,7,0.60–0.70,0.40–0.50,measData_times_truth_over_meas.root,file1,6,6594.310854,-552.8249837,-77.45282477,3.11219173,3,0
9.000000,9,10,6,7,0.60–0.70,0.40–0.50,measData_times_truth_over_meas.root,file2,6,6601.135196,-532.771319,-62.30764236,3.040475717,3,0
9.000000,9,10,6,8,0.60–0.70,0.50–0.65,measData_times_truth_over_meas.root,file1,6,5710.064622,-1303.870503,-290.3561745,7.81795604,3,0
9.000000,9,10,6,8,0.60–0.70,0.50–0.65,measData_times_truth_over_meas.root,file2,6,5606.04687,-1350.585604,-361.6137637,7.400655113,3,0
9.000000,9,10,6,9,0.60–0.70,0.65–0.80,measData_times_truth_over_meas.root,file1,6,3986.648212,13.65591261,673.5166524,1.545277264,3,0
9.000000,9,10,6,9,0.60–0.70,0.65–0.80,measData_times_truth_over_meas.root,file2,6,3702.480418,28.69513449,686.9234269,1.601992347,3,0
9.000000,9,10,6,10,0.60–0.70,0.80–1.00,measData_times_truth_over_meas.root,file1,6,2436.933402,-796.6196915,245.3692909,13.81823285,3,0
9.000000,9,10,6,10,0.60–0.70,0.80–1.00,measData_times_truth_over_meas.root,file2,6,1812.475181,-530.8354593,213.3883992,13.80366608,3,0
9.000000,9,10,6,11,0.60–0.70,1.00–1.50,measData_times_truth_over_meas.root,file1,8,1938.195355,-510.6623236,522.8935074,8.32633448,5,0
9.000000,9,10,6,11,0.60–0.70,1.00–1.50,measData_times_truth_over_meas.root,file2,6,781.2474759,8.102368713,302.3552611,3.078218186,3,0
9.000000,9,10,7,1,0.70–0.80,0.00–0.05,measData_times_truth_over_meas.root,file1,8,7446.621055,80.4023951,-36.00717594,2.557071659,5,0
9.000000,9,10,7,1,0.70–0.80,0.00–0.05,measData_times_truth_over_meas.root,file2,8,7445.860452,85.8777516,-46.68849866,3.521362977,5,0
9.000000,9,10,7,2,0.70–0.80,0.05–0.10,measData_times_truth_over_meas.root,file1,7,6663.003005,381.8499142,73.07990955,14.55432742,4,0
9.000000,9,10,7,2,0.70–0.80,0.05–0.10,measData_times_truth_over_meas.root,file2,7,6568.296903,286.4638642,36.55240539,14.05570427,4,0
9.000000,9,10,7,3,0.70–0.80,0.10–0.15,measData_times_truth_over_meas.root,file1,6,5621.786231,170.7080676,-119.9359359,5.427003798,3,0
9.000000,9,10,7,3,0.70–0.80,0.10–0.15,measData_times_truth_over_meas.root,file2,6,5351.554741,-118.6579974,-224.4546924,5.64917517,3,0
9.000000,9,10,7,4,0.70–0.80,0.15–0.20,measData_times_truth_over_meas.root,file1,6,4024.695465,-1230.585746,-630.7163941,3.505291253,3,0
9.000000,9,10,7,4,0.70–0.80,0.15–0.20,measData_times_truth_over_meas.root,file2,6,3924.68307,-1035.458258,-483.8912877,3.002328391,3,0
9.000000,9,10,7,5,0.70–0.80,0.20–0.30,measData_times_truth_over_meas.root,file1,6,7653.84158,545.1336754,134.7750341,13.28905939,3,0
9.000000,9,10,7,5,0.70–0.80,0.20–0.30,measData_times_truth_over_meas.root,file2,6,7138.589736,734.1627341,279.2481516,10.18966845,3,0
9.000000,9,10,7,6,0.70–0.80,0.30–0.40,measData_times_truth_over_meas.root,file1,6,6262.607613,788.6521912,-5.644755512,3.531782523,3,0
9.000000,9,10,7,6,0.70–0.80,0.30–0.40,measData_times_truth_over_meas.root,file2,6,5136.349591,413.5426048,-104.3361797,4.310585058,3,0
9.000000,9,10,7,7,0.70–0.80,0.40–0.50,measData_times_truth_over_meas.root,file1,6,4051.221179,-314.2853977,-15.96897752,8.095188265,3,0
9.000000,9,10,7,7,0.70–0.80,0.40–0.50,measData_times_truth_over_meas.root,file2,6,2937.36477,-197.3384877,-34.1985473,6.058956995,3,0
9.000000,9,10,7,8,0.70–0.80,0.50–0.65,measData_times_truth_over_meas.root,file1,6,4544.231726,478.9918989,407.759579,11.26241065,3,0
9.000000,9,10,7,8,0.70–0.80,0.50–0.65,measData_times_truth_over_meas.root,file2,6,2582.900665,243.592742,385.178592,17.8395342,3,0
9.000000,9,10,7,9,0.70–0.80,0.65–0.80,measData_times_truth_over_meas.root,file1,6,2313.274336,-300.0415063,-151.9216014,3.799703034,3,0
9.000000,9,10,7,9,0.70–0.80,0.65–0.80,measData_times_truth_over_meas.root,file2,6,684.8406139,-223.8601524,-178.1300692,1.553727803,3,0
9.000000,9,10,7,10,0.70–0.80,0.80–1.00,measData_times_truth_over_meas.root,file1,6,1955.180727,-304.4237038,-36.46984931,0.9383774698,3,0
9.000000,9,10,7,11,0.70–0.80,1.00–1.50,measData_times_truth_over_meas.root,file1,6,1365.410848,-325.2356954,-128.1251257,8.647222772,3,0
9.000000,9,10,8,1,0.80–1.00,0.00–0.05,measData_times_truth_over_meas.root,file1,8,5628.828955,816.3556749,-43.63833347,8.75001385,5,0
9.000000,9,10,8,1,0.80–1.00,0.00–0.05,measData_times_truth_over_meas.root,file2,8,1904.187491,521.8839197,10.95935815,10.13058544,5,0
9.000000,9,10,8,2,0.80–1.00,0.05–0.10,measData_times_truth_over_meas.root,file1,8,5387.723984,849.4381545,-404.6056715,31.60573317,5,0
9.000000,9,10,8,3,0.80–1.00,0.10–0.15,measData_times_truth_over_meas.root,file1,6,4838.122465,983.0101944,109.9171443,2.646683564,3,0
9.000000,9,10,8,5,0.80–1.00,0.20–0.30,measData_times_truth_over_meas.root,file1,6,7104.813898,2062.785961,138.1357578,2.170567633,3,0
9.000000,9,10,8,6,0.80–1.00,0.30–0.40,measData_times_truth_over_meas.root,file1,6,4285.512759,-14.7316675,-809.7188471,9.861695592,3,0
9.000000,9,10,8,7,0.80–1.00,0.40–0.50,measData_times_truth_over_meas.root,file1,6,3583.79978,356.6473457,-363.6831242,0.8622112675,3,0
9.000000,9,10,8,8,0.80–1.00,0.50–0.65,measData_times_truth_over_meas.root,file1,6,3421.22039,350.6536776,-468.5851247,2.676554604,3,0
9.000000,9,10,8,9,0.80–1.00,0.65–0.80,measData_times_truth_over_meas.root,file1,6,1880.344019,16.54239443,-370.3299869,0.5960867626,3,0
9.000000,9,10,8,10,0.80–1.00,0.80–1.00,measData_times_truth_over_meas.root,file1,6,1289.660445,300.4252975,1.142614321,2.351144314,3,0
9.000000,9,10,8,11,0.80–1.00,1.00–1.50,measData_times_truth_over_meas.root,file1,6,622.9005963,168.0165653,12.99185462,68.54029604,3,0
10.000000,10,11,1,1,0.00–0.20,0.00–0.05,measData_times_truth_over_meas.root,file1,6,2639614.955,788909.4669,536798.5223,7.811336245,3,0
10.000000,10,11,1,1,0.00–0.20,0.00–0.05,measData_times_truth_over_meas.root,file2,6,2637933.478,788439.0623,536484.5343,7.811435988,3,0
10.000000,10,11,1,2,0.00–0.20,0.05–0.10,measData_times_truth_over_meas.root,file1,7,1249620.114,93806.486,258070.6356,6.596082146,4,0
10.000000,10,11,1,2,0.00–0.20,0.05–0.10,measData_times_truth_over_meas.root,file2,7,1247733.039,93669.90837,257675.3341,6.596166198,4,0
10.000000,10,11,1,3,0.00–0.20,0.10–0.15,measData_times_truth_over_meas.root,file1,8,627826.1472,-162321.1977,117322.6136,14.95637238,5,0
10.000000,10,11,1,3,0.00–0.20,0.10–0.15,measData_times_truth_over_meas.root,file2,8,625942.9768,-161842.2776,116978.0911,14.96150055,5,0
10.000000,10,11,2,1,0.20–0.30,0.00–0.05,measData_times_truth_over_meas.root,file1,8,239351.6238,12756.60695,43118.77954,62.66915039,5,0
10.000000,10,11,2,1,0.20–0.30,0.00–0.05,measData_times_truth_over_meas.root,file2,8,239351.6238,12756.60695,43118.77954,62.66915039,5,0
10.000000,10,11,2,2,0.20–0.30,0.05–0.10,measData_times_truth_over_meas.root,file1,8,188047.1485,2273.282918,14397.93022,12.50717965,5,0
10.000000,10,11,2,2,0.20–0.30,0.05–0.10,measData_times_truth_over_meas.root,file2,8,188047.1485,2273.282918,14397.93022,12.50717965,5,0
10.000000,10,11,2,3,0.20–0.30,0.10–0.15,measData_times_truth_over_meas.root,file1,8,143951.7362,-12273.00426,2803.985349,12.71402583,5,0
10.000000,10,11,2,3,0.20–0.30,0.10–0.15,measData_times_truth_over_meas.root,file2,8,143951.7362,-12273.00426,2803.985349,12.71402583,5,0
10.000000,10,11,2,4,0.20–0.30,0.15–0.20,measData_times_truth_over_meas.root,file1,8,108892.9239,-4129.327319,-2591.106903,6.732933748,5,0
10.000000,10,11,2,4,0.20–0.30,0.15–0.20,measData_times_truth_over_meas.root,file2,8,108892.9239,-4129.327319,-2591.106903,6.732933748,5,0
10.000000,10,11,2,5,0.20–0.30,0.20–0.30,measData_times_truth_over_meas.root,file1,8,135799.5103,-16131.05847,-451.2468406,2.213288296,5,0
10.000000,10,11,2,5,0.20–0.30,0.20–0.30,measData_times_truth_over_meas.root,file2,8,135799.5103,-16131.05847,-451.2468406,2.213288296,5,0
10.000000,10,11,2,6,0.20–0.30,0.30–0.40,measData_times_truth_over_meas.root,file1,8,81684.32694,-22877.03508,10118.41988,9.53828044,5,0
10.000000,10,11,2,6,0.20–0.30,0.30–0.40,measData_times_truth_over_meas.root,file2,8,81684.32694,-22877.03508,10118.41988,9.53828044,5,0
10.000000,10,11,2,7,0.20–0.30,0.40–0.50,measData_times_truth_over_meas.root,file1,6,47199.81703,-13356.35533,5398.468287,2.041346126,3,0
10.000000,10,11,2,7,0.20–0.30,0.40–0.50,measData_times_truth_over_meas.root,file2,6,47076.49837,-13314.94466,5382.499111,2.038593047,3,0
10.000000,10,11,3,1,0.30–0.40,0.00–0.05,measData_times_truth_over_meas.root,file1,8,105780.65,-7488.623593,-2084.969056,17.57745805,5,0
10.000000,10,11,3,1,0.30–0.40,0.00–0.05,measData_times_truth_over_meas.root,file2,8,105780.65,-7488.623593,-2084.969056,17.57745805,5,0
10.000000,10,11,3,2,0.30–0.40,0.05–0.10,measData_times_truth_over_meas.root,file1,8,80044.11061,-6472.240754,6280.51941,13.2217902,5,0
10.000000,10,11,3,2,0.30–0.40,0.05–0.10,measData_times_truth_over_meas.root,file2,8,80044.11061,-6472.240754,6280.51941,13.2217902,5,0
10.000000,10,11,3,3,0.30–0.40,0.10–0.15,measData_times_truth_over_meas.root,file1,8,68563.1282,-1343.363751,7565.055524,10.81824806,5,0
10.000000,10,11,3,3,0.30–0.40,0.10–0.15,measData_times_truth_over_meas.root,file2,8,68563.1282,-1343.363751,7565.055524,10.81824806,5,0
10.000000,10,11,3,4,0.30–0.40,0.15–0.20,measData_times_truth_over_meas.root,file1,8,54511.34457,303.062115,3170.227952,9.294099127,5,0
10.000000,10,11,3,4,0.30–0.40,0.15–0.20,measData_times_truth_over_meas.root,file2,8,54511.34457,303.062115,3170.227952,9.294099127,5,0
10.000000,10,11,3,5,0.30–0.40,0.20–0.30,measData_times_truth_over_meas.root,file1,8,74050.96893,-5988.23724,2776.242728,14.64413981,5,0
10.000000,10,11,3,5,0.30–0.40,0.20–0.30,measData_times_truth_over_meas.root,file2,8,74050.96893,-5988.23724,2776.242728,14.64413981,5,0
10.000000,10,11,3,6,0.30–0.40,0.30–0.40,measData_times_truth_over_meas.root,file1,8,43080.5526,-9033.69805,811.7350078,10.28308456,5,0
10.000000,10,11,3,6,0.30–0.40,0.30–0.40,measData_times_truth_over_meas.root,file2,8,43080.5526,-9033.69805,811.7350078,10.28308456,5,0
10.000000,10,11,3,7,0.30–0.40,0.40–0.50,measData_times_truth_over_meas.root,file1,8,24581.72285,-5916.938906,2178.364704,8.582619787,5,0
10.000000,10,11,3,7,0.30–0.40,0.40–0.50,measData_times_truth_over_meas.root,file2,8,24581.72285,-5916.938906,2178.364704,8.582619787,5,0
10.000000,10,11,3,8,0.30–0.40,0.50–0.65,measData_times_truth_over_meas.root,file1,8,19491.70097,-5750.772046,3384.077396,14.69965966,5,0
10.000000,10,11,3,8,0.30–0.40,0.50–0.65,measData_times_truth_over_meas.root,file2,8,19429.61849,-5732.464074,3372.925479,14.70064073,5,0
10.000000,10,11,3,9,0.30–0.40,0.65–0.80,measData_times_truth_over_meas.root,file1,6,9642.447362,-5335.56735,2812.740059,0.6276090982,3,0
10.000000,10,11,3,9,0.30–0.40,0.65–0.80,measData_times_truth_over_meas.root,file2,6,8944.459683,-4941.931131,2611.033357,0.6656735538,3,0
10.000000,10,11,4,1,0.40–0.50,0.00–0.05,measData_times_truth_over_meas.root,file1,8,50345.48689,-4318.099664,567.1495866,9.974130972,5,0
10.000000,10,11,4,1,0.40–0.50,0.00–0.05,measData_times_truth_over_meas.root,file2,8,50345.48689,-4318.099664,567.1495866,9.974130972,5,0
10.000000,10,11,4,2,0.40–0.50,0.05–0.10,measData_times_truth_over_meas.root,file1,8,39655.20748,-4327.27732,518.3078335,21.28749847,5,0
10.000000,10,11,4,2,0.40–0.50,0.05–0.10,measData_times_truth_over_meas.root,file2,8,39655.20748,-4327.27732,518.3078335,21.28749847,5,0
10.000000,10,11,4,3,0.40–0.50,0.10–0.15,measData_times_truth_over_meas.root,file1,8,33821.85964,-3432.800708,1077.484605,5.34324959,5,0
10.000000,10,11,4,3,0.40–0.50,0.10–0.15,measData_times_truth_over_meas.root,file2,8,33821.85964,-3432.800708,1077.484605,5.34324959,5,0
10.000000,10,11,4,4,0.40–0.50,0.15–0.20,measData_times_truth_over_meas.root,file1,8,29247.66995,-2382.459613,1570.860503,10.49937638,5,0
10.000000,10,11,4,4,0.40–0.50,0.15–0.20,measData_times_truth_over_meas.root,file2,8,29247.66995,-2382.459613,1570.860503,10.49937638,5,0
10.000000,10,11,4,5,0.40–0.50,0.20–0.30,measData_times_truth_over_meas.root,file1,8,41715.62501,-5487.770279,1180.294769,5.436944974,5,0
10.000000,10,11,4,5,0.40–0.50,0.20–0.30,measData_times_truth_over_meas.root,file2,8,41715.62501,-5487.770279,1180.294769,5.436944974,5,0
10.000000,10,11,4,6,0.40–0.50,0.30–0.40,measData_times_truth_over_meas.root,file1,8,26650.7973,-4542.899822,551.5080216,30.17585421,5,0
10.000000,10,11,4,6,0.40–0.50,0.30–0.40,measData_times_truth_over_meas.root,file2,8,26650.7973,-4542.899822,551.5080216,30.17585421,5,0
10.000000,10,11,4,7,0.40–0.50,0.40–0.50,measData_times_truth_over_meas.root,file1,8,16348.99367,-3560.643417,348.359967,12.63341115,5,0
10.000000,10,11,4,7,0.40–0.50,0.40–0.50,measData_times_truth_over_meas.root,file2,8,16348.99367,-3560.643417,348.359967,12.63341115,5,0
10.000000,10,11,4,8,0.40–0.50,0.50–0.65,measData_times_truth_over_meas.root,file1,8,13836.1013,-3076.339152,1322.858287,10.96859007,5,0
10.000000,10,11,4,8,0.40–0.50,0.50–0.65,measData_times_truth_over_meas.root,file2,8,13801.23811,-3031.397663,1339.262883,10.68229085,5,0
10.000000,10,11,4,9,0.40–0.50,0.65–0.80,measData_times_truth_over_meas.root,file1,8,6398.54416,-2659.854522,1369.043384,6.636981815,5,0
10.000000,10,11,4,9,0.40–0.50,0.65–0.80,measData_times_truth_over_meas.root,file2,8,5949.822268,-2390.886286,1302.561681,8.16235055,5,0
10.000000,10,11,4,10,0.40–0.50,0.80–1.00,measData_times_truth_over_meas.root,file1,8,3061.707512,-1181.297395,643.0462349,23.19831456,5,0
10.000000,10,11,4,10,0.40–0.50,0.80–1.00,measData_times_truth_over_meas.root,file2,8,2191.097269,-920.0973828,415.1939583,24.14859893,5,0
10.000000,10,11,5,1,0.50–0.60,0.00–0.05,measData_times_truth_over_meas.root,file1,8,26611.11909,-752.5473038,-69.92422386,9.019164387,5,0
10.000000,10,11,5,1,0.50–0.60,0.00–0.05,measData_times_truth_over_meas.root,file2,8,26611.11909,-752.5473038,-69.92422386,9.019164387,5,0
10.000000,10,11,5,2,0.50–0.60,0.05–0.10,measData_times_truth_over_meas.root,file1,8,21999.50873,-3143.023688,-457.4892113,1.086936616,5,0
10.000000,10,11,5,2,0.50–0.60,0.05–0.10,measData_times_truth_over_meas.root,file2,8,21999.50873,-3143.023688,-457.4892113,1.086936616,5,0
10.000000,10,11,5,3,0.50–0.60,0.10–0.15,measData_times_truth_over_meas.root,file1,8,17708.6332,-4367.849113,-1347.382045,11.11115291,5,0
10.000000,10,11,5,3,0.50–0.60,0.10–0.15,measData_times_truth_over_meas.root,file2,8,17708.6332,-4367.849113,-1347.382045,11.11115291,5,0
10.000000,10,11,5,4,0.50–0.60,0.15–0.20,measData_times_truth_over_meas.root,file1,8,16880.45749,-1886.987143,-154.2286598,3.837906722,5,0
10.000000,10,11,5,4,0.50–0.60,0.15–0.20,measData_times_truth_over_meas.root,file2,8,16880.45749,-1886.987143,-154.2286598,3.837906722,5,0
10.000000,10,11,5,5,0.50–0.60,0.20–0.30,measData_times_truth_over_meas.root,file1,8,25754.73068,-1077.207454,846.5780408,9.587732721,5,0
10.000000,10,11,5,5,0.50–0.60,0.20–0.30,measData_times_truth_over_meas.root,file2,8,25754.73068,-1077.207454,846.5780408,9.587732721,5,0
10.000000,10,11,5,6,0.50–0.60,0.30–0.40,measData_times_truth_over_meas.root,file1,8,17081.29853,-1766.00005,401.5701396,3.697199599,5,0
10.000000,10,11,5,6,0.50–0.60,0.30–0.40,measData_times_truth_over_meas.root,file2,8,17080.80884,-1764.444642,401.7053083,3.705911993,5,0
10.000000,10,11,5,7,0.50–0.60,0.40–0.50,measData_times_truth_over_meas.root,file1,8,11268.67012,-1571.586824,153.2976807,7.746360594,5,0
10.000000,10,11,5,7,0.50–0.60,0.40–0.50,measData_times_truth_over_meas.root,file2,8,11176.78806,-1594.008686,132.1743525,8.685856701,5,0
10.000000,10,11,5,8,0.50–0.60,0.50–0.65,measData_times_truth_over_meas.root,file1,8,9936.452887,-1747.650777,911.8380963,6.668940535,5,0
10.000000,10,11,5,8,0.50–0.60,0.50–0.65,measData_times_truth_over_meas.root,file2,7,9314.413791,-1692.601347,773.7772463,4.940033032,4,0
10.000000,10,11,5,9,0.50–0.60,0.65–0.80,measData_times_truth_over_meas.root,file1,6,5383.396057,-289.7523657,1378.521989,8.737426586,3,0
10.000000,10,11,5,9,0.50–0.60,0.65–0.80,measData_times_truth_over_meas.root,file2,6,4277.964613,-147.318225,1108.388429,10.66344615,3,0
10.000000,10,11,5,10,0.50–0.60,0.80–1.00,measData_times_truth_over_meas.root,file1,8,2895.551005,-686.726225,572.7125258,27.02232983,5,0
10.000000,10,11,5,10,0.50–0.60,0.80–1.00,measData_times_truth_over_meas.root,file2,7,1458.784303,-282.220201,349.9403377,16.40729067,4,0
10.000000,10,11,5,11,0.50–0.60,1.00–1.50,measData_times_truth_over_meas.root,file1,7,1399.428401,-423.3960326,392.9425997,7.43743512,4,0
10.000000,10,11,6,1,0.60–0.70,0.00–0.05,measData_times_truth_over_meas.root,file1,8,16162.54407,-933.5806318,364.1503925,1.364700858,5,0
10.000000,10,11,6,1,0.60–0.70,0.00–0.05,measData_times_truth_over_meas.root,file2,8,16162.54407,-933.5806318,364.1503925,1.364700858,5,0
10.000000,10,11,6,2,0.60–0.70,0.05–0.10,measData_times_truth_over_meas.root,file1,8,14220.72145,-106.0374635,541.2976523,3.718949906,5,0
10.000000,10,11,6,2,0.60–0.70,0.05–0.10,measData_times_truth_over_meas.root,file2,8,14221.84366,-99.68226947,547.3108751,3.717710502,5,0
10.000000,10,11,6,3,0.60–0.70,0.10–0.15,measData_times_truth_over_meas.root,file1,7,12087.42948,-188.0518508,486.3974924,11.11506113,4,0
10.000000,10,11,6,3,0.60–0.70,0.10–0.15,measData_times_truth_over_meas.root,file2,7,12078.98536,-186.0030016,475.6857321,10.59350568,4,0
10.000000,10,11,6,4,0.60–0.70,0.15–0.20,measData_times_truth_over_meas.root,file1,6,10570.97135,-542.0797898,53.76084213,4.083831347,3,0
10.000000,10,11,6,4,0.60–0.70,0.15–0.20,measData_times_truth_over_meas.root,file2,6,10514.57231,-586.5028605,112.4280316,3.451825861,3,0
10.000000,10,11,6,5,0.60–0.70,0.20–0.30,measData_times_truth_over_meas.root,file1,6,15804.63312,-1427.795936,-794.8736246,8.483109214,3,0
10.000000,10,11,6,5,0.60–0.70,0.20–0.30,measData_times_truth_over_meas.root,file2,6,15335.80251,-1523.312686,-923.884564,7.827395071,3,0
10.000000,10,11,6,6,0.60–0.70,0.30–0.40,measData_times_truth_over_meas.root,file1,8,10865.80536,-857.1944789,389.5224174,3.754117092,5,0
10.000000,10,11,6,6,0.60–0.70,0.30–0.40,measData_times_truth_over_meas.root,file2,8,9750.824325,-1138.711852,137.1356027,6.305504327,5,0
10.000000,10,11,6,7,0.60–0.70,0.40–0.50,measData_times_truth_over_meas.root,file1,8,7433.111153,-48.64637337,680.697654,17.89629277,5,0
10.000000,10,11,6,7,0.60–0.70,0.40–0.50,measData_times_truth_over_meas.root,file2,8,5830.796981,-67.58711543,351.625736,8.510661219,5,0
10.000000,10,11,6,8,0.60–0.70,0.50–0.65,measData_times_truth_over_meas.root,file1,8,6453.413084,-1366.08219,-264.2174468,18.30425268,5,0
10.000000,10,11,6,8,0.60–0.70,0.50–0.65,measData_times_truth_over_meas.root,file2,7,3963.7426,-661.625747,26.08693315,5.118810426,4,0
10.000000,10,11,6,9,0.60–0.70,0.65–0.80,measData_times_truth_over_meas.root,file1,7,4225.434982,-167.0442168,879.3468067,6.647013389,4,0
10.000000,10,11,6,9,0.60–0.70,0.65–0.80,measData_times_truth_over_meas.root,file2,6,1411.367808,-148.0282949,332.5286229,4.759346921,3,0
10.000000,10,11,6,10,0.60–0.70,0.80–1.00,measData_times_truth_over_meas.root,file1,6,2799.696086,-319.253447,680.3261045,3.184904138,3,0
10.000000,10,11,6,10,0.60–0.70,0.80–1.00,measData_times_truth_over_meas.root,file2,6,520.0034845,-84.18877048,190.7837619,3.428872279,3,0
10.000000,10,11,6,11,0.60–0.70,1.00–1.50,measData_times_truth_over_meas.root,file1,6,1297.422108,-299.2799343,-15.57353177,2.921391855,3,0
10.000000,10,11,7,1,0.70–0.80,0.00–0.05,measData_times_truth_over_meas.root,file1,8,9562.371788,-90.06356012,-262.1699156,4.989370486,5,0
10.000000,10,11,7,1,0.70–0.80,0.00–0.05,measData_times_truth_over_meas.root,file2,8,7991.833329,-300.5362501,-268.0534368,4.072273319,5,0
10.000000,10,11,7,2,0.70–0.80,0.05–0.10,measData_times_truth_over_meas.root,file1,8,7797.787786,-384.561507,-400.0291574,9.325569221,5,0
10.000000,10,11,7,2,0.70–0.80,0.05–0.10,measData_times_truth_over_meas.root,file2,8,6002.262091,-362.8488449,-333.240901,6.703841763,5,0
10.000000,10,11,7,3,0.70–0.80,0.10–0.15,measData_times_truth_over_meas.root,file1,8,6880.607401,236.6667838,-80.40616643,10.69102057,5,0
10.000000,10,11,7,3,0.70–0.80,0.10–0.15,measData_times_truth_over_meas.root,file2,7,4633.780388,72.01562589,199.5548128,6.041293934,4,0
10.000000,10,11,7,4,0.70–0.80,0.15–0.20,measData_times_truth_over_meas.root,file1,7,5742.796207,-418.6930027,-543.7917516,11.8534638,4,0
10.000000,10,11,7,4,0.70–0.80,0.15–0.20,measData_times_truth_over_meas.root,file2,6,3454.870274,-300.4064876,-371.2372313,1.652906989,3,0
10.000000,10,11,7,5,0.70–0.80,0.20–0.30,measData_times_truth_over_meas.root,file1,6,8289.673634,-1404.964038,-1381.861703,3.014458918,3,0
10.000000,10,11,7,5,0.70–0.80,0.20–0.30,measData_times_truth_over_meas.root,file2,6,3724.941795,-1221.262525,-552.0480146,0.8740595597,3,0
10.000000,10,11,7,6,0.70–0.80,0.30–0.40,measData_times_truth_over_meas.root,file1,6,6501.619985,-81.12476136,-165.3173058,7.112725804,3,0
10.000000,10,11,7,6,0.70–0.80,0.30–0.40,measData_times_truth_over_meas.root,file2,6,1972.614619,-130.6675688,-14.43784886,3.210553159,3,0
10.000000,10,11,7,7,0.70–0.80,0.40–0.50,measData_times_truth_over_meas.root,file1,6,4660.514781,-6.635133872,-109.4282525,4.392576242,3,0
10.000000,10,11,7,8,0.70–0.80,0.50–0.65,measData_times_truth_over_meas.root,file1,6,4244.994124,-1162.226875,-651.8861224,1.48470869,3,0
10.000000,10,11,7,9,0.70–0.80,0.65–0.80,measData_times_truth_over_meas.root,file1,7,2873.062011,-34.49321999,156.9509862,6.331437302,4,0
10.000000,10,11,7,10,0.70–0.80,0.80–1.00,measData_times_truth_over_meas.root,file1,6,1802.670452,-88.39697908,-181.6553303,7.094050632,3,0
10.000000,10,11,7,11,0.70–0.80,1.00–1.50,measData_times_truth_over_meas.root,file1,6,1121.868667,62.58690799,11.57365073,6.860129912,3,0
10.000000,10,11,8,1,0.80–1.00,0.00–0.05,measData_times_truth_over_meas.root,file1,8,7614.204308,180.6797092,-310.8053329,5.064565825,5,0
10.000000,10,11,8,1,0.80–1.00,0.00–0.05,measData_times_truth_over_meas.root,file2,6,396.7634121,-104.9695652,-39.30375314,0.558273339,3,0
10.000000,10,11,8,2,0.80–1.00,0.05–0.10,measData_times_truth_over_meas.root,file1,8,7569.604664,981.2545193,-993.6001762,10.6654981,5,0
10.000000,10,11,8,3,0.80–1.00,0.10–0.15,measData_times_truth_over_meas.root,file1,8,7019.592526,1464.095425,-409.7714082,16.88991451,5,0
10.000000,10,11,8,4,0.80–1.00,0.15–0.20,measData_times_truth_over_meas.root,file1,8,6447.299302,1167.805187,-1256.761919,13.30088806,5,0
10.000000,10,11,8,5,0.80–1.00,0.20–0.30,measData_times_truth_over_meas.root,file1,8,9921.568783,2121.33628,-899.1012544,16.51597813,5,0
10.000000,10,11,8,6,0.80–1.00,0.30–0.40,measData_times_truth_over_meas.root,file1,6,5649.758449,-322.115987,-1686.244131,26.09646981,3,0
10.000000,10,11,8,7,0.80–1.00,0.40–0.50,measData_times_truth_over_meas.root,file1,6,3945.173427,-95.46910679,-1024.905142,7.89441363,3,0
10.000000,10,11,8,8,0.80–1.00,0.50–0.65,measData_times_truth_over_meas.root,file1,7,3417.679907,97.36231359,-794.1192286,11.18072697,4,0
10.000000,10,11,8,9,0.80–1.00,0.65–0.80,measData_times_truth_over_meas.root,file1,6,2001.597154,700.0126586,-240.1632389,3.841299191,3,0
10.000000,10,11,8,10,0.80–1.00,0.80–1.00,measData_times_truth_over_meas.root,file1,6,960.8454507,-136.9813421,-584.5648237,15.45787672,3,0
10.000000,10,11,8,11,0.80–1.00,1.00–1.50,measData_times_truth_over_meas.root,file1,6,272.4539893,25.43495684,-52.69075848,43.19939433,3,0
11.000000,11,12,2,1,0.20–0.30,0.00–0.05,measData_times_truth_over_meas.root,file1,8,158669.4774,-11787.71037,37903.77359,37.22972171,5,0
11.000000,11,12,2,1,0.20–0.30,0.00–0.05,measData_times_truth_over_meas.root,file2,8,158669.4774,-11787.71037,37903.77359,37.22972171,5,0
11.000000,11,12,2,2,0.20–0.30,0.05–0.10,measData_times_truth_over_meas.root,file1,8,120195.4879,-4241.642661,9708.306564,10.40565055,5,0
11.000000,11,12,2,2,0.20–0.30,0.05–0.10,measData_times_truth_over_meas.root,file2,8,120195.4879,-4241.642661,9708.306564,10.40565055,5,0
11.000000,11,12,2,3,0.20–0.30,0.10–0.15,measData_times_truth_over_meas.root,file1,8,102449.1533,-6440.144938,6092.518769,7.943103069,5,0
11.000000,11,12,2,3,0.20–0.30,0.10–0.15,measData_times_truth_over_meas.root,file2,8,102449.1533,-6440.144938,6092.518769,7.943103069,5,0
11.000000,11,12,2,4,0.20–0.30,0.15–0.20,measData_times_truth_over_meas.root,file1,8,95012.54768,-20901.38364,14978.1591,2.920063936,5,0
11.000000,11,12,2,4,0.20–0.30,0.15–0.20,measData_times_truth_over_meas.root,file2,8,95012.54768,-20901.38364,14978.1591,2.920063936,5,0
11.000000,11,12,2,5,0.20–0.30,0.20–0.30,measData_times_truth_over_meas.root,file1,6,110573.872,-45304.44022,5529.925586,1.931846976,3,0
11.000000,11,12,2,5,0.20–0.30,0.20–0.30,measData_times_truth_over_meas.root,file2,6,110571.0925,-45303.43713,5530.175535,1.930426314,3,0
11.000000,11,12,3,1,0.30–0.40,0.00–0.05,measData_times_truth_over_meas.root,file1,8,66742.62686,-5342.527733,4179.441817,18.61156598,5,0
11.000000,11,12,3,1,0.30–0.40,0.00–0.05,measData_times_truth_over_meas.root,file2,8,66742.62686,-5342.527733,4179.441817,18.61156598,5,0
11.000000,11,12,3,2,0.30–0.40,0.05–0.10,measData_times_truth_over_meas.root,file1,8,55988.23295,-2711.872059,1012.866783,10.31946077,5,0
11.000000,11,12,3,2,0.30–0.40,0.05–0.10,measData_times_truth_over_meas.root,file2,8,55988.23295,-2711.872059,1012.866783,10.31946077,5,0
11.000000,11,12,3,3,0.30–0.40,0.10–0.15,measData_times_truth_over_meas.root,file1,8,45415.76496,-5776.630448,105.9985568,15.57933307,5,0
11.000000,11,12,3,3,0.30–0.40,0.10–0.15,measData_times_truth_over_meas.root,file2,8,45415.76496,-5776.630448,105.9985568,15.57933307,5,0
11.000000,11,12,3,4,0.30–0.40,0.15–0.20,measData_times_truth_over_meas.root,file1,8,39411.4304,-2019.25917,3345.199168,25.31202666,5,0
11.000000,11,12,3,4,0.30–0.40,0.15–0.20,measData_times_truth_over_meas.root,file2,8,39411.4304,-2019.25917,3345.199168,25.31202666,5,0
11.000000,11,12,3,5,0.30–0.40,0.20–0.30,measData_times_truth_over_meas.root,file1,8,50902.81088,-4522.582738,-145.3341081,18.8341603,5,0
11.000000,11,12,3,5,0.30–0.40,0.20–0.30,measData_times_truth_over_meas.root,file2,8,50902.81088,-4522.582738,-145.3341081,18.8341603,5,0
11.000000,11,12,3,6,0.30–0.40,0.30–0.40,measData_times_truth_over_meas.root,file1,7,27814.72096,-1637.536326,-380.3304624,8.333030725,4,0
11.000000,11,12,3,6,0.30–0.40,0.30–0.40,measData_times_truth_over_meas.root,file2,7,27780.23034,-1634.208192,-406.8248416,8.329734783,4,0
11.000000,11,12,3,7,0.30–0.40,0.40–0.50,measData_times_truth_over_meas.root,file1,6,16189.14613,-4590.4906,1912.351806,2.304561601,3,0
11.000000,11,12,3,7,0.30–0.40,0.40–0.50,measData_times_truth_over_meas.root,file2,6,15456.29881,-4475.793207,1898.458531,2.765044263,3,0
11.000000,11,12,3,8,0.30–0.40,0.50–0.65,measData_times_truth_over_meas.root,file1,6,11130.51518,-3658.442501,866.1766703,1.35064373,3,0
11.000000,11,12,3,8,0.30–0.40,0.50–0.65,measData_times_truth_over_meas.root,file2,6,8220.666005,-2659.485168,785.3640952,1.237171623,3,0
11.000000,11,12,4,1,0.40–0.50,0.00–0.05,measData_times_truth_over_meas.root,file1,8,35817.77278,-2663.839441,461.1793312,5.125315922,5,0
11.000000,11,12,4,1,0.40–0.50,0.00–0.05,measData_times_truth_over_meas.root,file2,8,35817.77278,-2663.839441,461.1793312,5.125315922,5,0
11.000000,11,12,4,2,0.40–0.50,0.05–0.10,measData_times_truth_over_meas.root,file1,8,28692.65743,-3380.520086,1436.565619,6.364812043,5,0
11.000000,11,12,4,2,0.40–0.50,0.05–0.10,measData_times_truth_over_meas.root,file2,8,28692.65743,-3380.520086,1436.565619,6.364812043,5,0
11.000000,11,12,4,3,0.40–0.50,0.10–0.15,measData_times_truth_over_meas.root,file1,8,25463.18333,-2209.336859,463.3792259,2.745410575,5,0
11.000000,11,12,4,3,0.40–0.50,0.10–0.15,measData_times_truth_over_meas.root,file2,8,25463.18333,-2209.336859,463.3792259,2.745410575,5,0
11.000000,11,12,4,4,0.40–0.50,0.15–0.20,measData_times_truth_over_meas.root,file1,8,20440.48771,-1329.437242,1143.463228,21.06832371,5,0
11.000000,11,12,4,4,0.40–0.50,0.15–0.20,measData_times_truth_over_meas.root,file2,8,20440.48771,-1329.437242,1143.463228,21.06832371,5,0
11.000000,11,12,4,5,0.40–0.50,0.20–0.30,measData_times_truth_over_meas.root,file1,8,28995.23917,-437.5218499,1699.812745,18.04614565,5,0
11.000000,11,12,4,5,0.40–0.50,0.20–0.30,measData_times_truth_over_meas.root,file2,8,28995.067,-437.5960934,1699.833624,18.0453562,5,0
11.000000,11,12,4,6,0.40–0.50,0.30–0.40,measData_times_truth_over_meas.root,file1,8,17221.16351,-2229.428886,1117.387456,3.457819839,5,0
11.000000,11,12,4,6,0.40–0.50,0.30–0.40,measData_times_truth_over_meas.root,file2,8,17078.15787,-2147.225789,1169.667915,3.458015268,5,0
11.000000,11,12,4,7,0.40–0.50,0.40–0.50,measData_times_truth_over_meas.root,file1,8,10632.35556,-1590.299988,879.7976606,9.516417363,5,0
11.000000,11,12,4,7,0.40–0.50,0.40–0.50,measData_times_truth_over_meas.root,file2,8,9594.062553,-1467.456773,676.193603,11.32085588,5,0
11.000000,11,12,4,8,0.40–0.50,0.50–0.65,measData_times_truth_over_meas.root,file1,6,7657.366875,-1657.168019,677.4105736,4.1292458,3,0
11.000000,11,12,4,8,0.40–0.50,0.50–0.65,measData_times_truth_over_meas.root,file2,6,5016.244775,-1155.752832,432.2436904,2.671862348,3,0
11.000000,11,12,4,9,0.40–0.50,0.65–0.80,measData_times_truth_over_meas.root,file1,6,2404.280514,-67.3757283,-26.28590809,0.6171309898,3,0
11.000000,11,12,5,1,0.50–0.60,0.00–0.05,measData_times_truth_over_meas.root,file1,8,20743.33621,-1203.474788,257.4561145,9.667888745,5,0
11.000000,11,12,5,1,0.50–0.60,0.00–0.05,measData_times_truth_over_meas.root,file2,8,20743.33621,-1203.474788,257.4561145,9.667888745,5,0
11.000000,11,12,5,2,0.50–0.60,0.05–0.10,measData_times_truth_over_meas.root,file1,8,16587.0408,-1636.076012,7.140831287,8.591981142,5,0
11.000000,11,12,5,2,0.50–0.60,0.05–0.10,measData_times_truth_over_meas.root,file2,8,16587.0408,-1636.076012,7.140831287,8.591981142,5,0
11.000000,11,12,5,3,0.50–0.60,0.10–0.15,measData_times_truth_over_meas.root,file1,8,13801.70208,-2023.162495,178.145315,3.874739776,5,0
11.000000,11,12,5,3,0.50–0.60,0.10–0.15,measData_times_truth_over_meas.root,file2,8,13799.29768,-2024.807411,176.5303963,3.884674685,5,0
11.000000,11,12,5,4,0.50–0.60,0.15–0.20,measData_times_truth_over_meas.root,file1,8,10917.74,-878.1189445,558.9802035,4.540672068,5,0
11.000000,11,12,5,4,0.50–0.60,0.15–0.20,measData_times_truth_over_meas.root,file2,8,10903.58025,-855.8739136,554.9752596,4.727340388,5,0
11.000000,11,12,5,5,0.50–0.60,0.20–0.30,measData_times_truth_over_meas.root,file1,8,16422.17051,-1467.77198,312.658492,9.929775666,5,0
11.000000,11,12,5,5,0.50–0.60,0.20–0.30,measData_times_truth_over_meas.root,file2,8,15934.49328,-1608.124833,156.4357583,10.37391588,5,0
11.000000,11,12,5,6,0.50–0.60,0.30–0.40,measData_times_truth_over_meas.root,file1,8,10948.28905,-1352.076539,333.7657845,2.096016157,5,0
11.000000,11,12,5,6,0.50–0.60,0.30–0.40,measData_times_truth_over_meas.root,file2,8,9338.928734,-1416.14902,120.6360947,0.9040080897,5,0
11.000000,11,12,5,7,0.50–0.60,0.40–0.50,measData_times_truth_over_meas.root,file1,8,7421.856205,-903.698467,1182.167209,2.697153801,5,0
11.000000,11,12,5,7,0.50–0.60,0.40–0.50,measData_times_truth_over_meas.root,file2,8,4849.890187,-459.0119175,843.9354908,1.316776343,5,0
11.000000,11,12,5,8,0.50–0.60,0.50–0.65,measData_times_truth_over_meas.root,file1,8,5557.601859,-1671.689102,582.159531,25.08145302,5,0
11.000000,11,12,5,8,0.50–0.60,0.50–0.65,measData_times_truth_over_meas.root,file2,6,2318.879905,-262.8054884,595.8062786,4.784474945,3,0
11.000000,11,12,5,9,0.50–0.60,0.65–0.80,measData_times_truth_over_meas.root,file1,6,2778.502071,-991.9956593,644.9735613,1.897444484,3,0
11.000000,11,12,5,10,0.50–0.60,0.80–1.00,measData_times_truth_over_meas.root,file1,6,1269.385214,-145.5756206,-83.60364543,10.59921841,3,0
11.000000,11,12,6,1,0.60–0.70,0.00–0.05,measData_times_truth_over_meas.root,file1,8,11138.82511,-278.416889,-381.4199049,6.209843976,5,0
11.000000,11,12,6,1,0.60–0.70,0.00–0.05,measData_times_truth_over_meas.root,file2,8,10765.54023,-325.5361074,-443.9840978,5.490898873,5,0
11.000000,11,12,6,2,0.60–0.70,0.05–0.10,measData_times_truth_over_meas.root,file1,8,9594.788995,-494.0641439,-68.09969087,23.35035183,5,0
11.000000,11,12,6,2,0.60–0.70,0.05–0.10,measData_times_truth_over_meas.root,file2,8,8788.75436,-384.9885338,-84.79666957,12.2982671,5,0
11.000000,11,12,6,3,0.60–0.70,0.10–0.15,measData_times_truth_over_meas.root,file1,8,8346.956082,-589.5594681,92.71712375,14.01314651,5,0
11.000000,11,12,6,3,0.60–0.70,0.10–0.15,measData_times_truth_over_meas.root,file2,8,6876.283569,-681.0292841,20.71041302,6.020072834,5,0
11.000000,11,12,6,4,0.60–0.70,0.15–0.20,measData_times_truth_over_meas.root,file1,8,6587.058936,-1389.125533,-160.0592554,8.664373192,5,0
11.000000,11,12,6,4,0.60–0.70,0.15–0.20,measData_times_truth_over_meas.root,file2,7,4799.052455,-1142.2242,-227.0863698,9.942265028,4,0
11.000000,11,12,6,5,0.60–0.70,0.20–0.30,measData_times_truth_over_meas.root,file1,7,9927.561376,-338.5693868,624.6619768,16.50647642,4,0
11.000000,11,12,6,5,0.60–0.70,0.20–0.30,measData_times_truth_over_meas.root,file2,7,5881.149826,-192.2053434,590.023792,11.18589249,4,0
11.000000,11,12,6,6,0.60–0.70,0.30–0.40,measData_times_truth_over_meas.root,file1,8,6680.456191,-552.2399323,184.5903259,26.38406914,5,0
11.000000,11,12,6,6,0.60–0.70,0.30–0.40,measData_times_truth_over_meas.root,file2,7,2439.438498,-187.9045689,67.48254963,5.332780141,4,0
11.000000,11,12,6,7,0.60–0.70,0.40–0.50,measData_times_truth_over_meas.root,file1,8,5020.973568,-192.0501696,493.8807706,7.245398055,5,0
11.000000,11,12,6,7,0.60–0.70,0.40–0.50,measData_times_truth_over_meas.root,file2,6,838.1115231,12.81500585,110.1145125,1.140698294,3,0
11.000000,11,12,6,8,0.60–0.70,0.50–0.65,measData_times_truth_over_meas.root,file1,8,4488.137448,-14.52213667,718.3124596,12.11533445,5,0
11.000000,11,12,6,9,0.60–0.70,0.65–0.80,measData_times_truth_over_meas.root,file1,6,1896.694303,-561.3319394,-367.4567169,26.55135473,3,0
11.000000,11,12,7,1,0.70–0.80,0.00–0.05,measData_times_truth_over_meas.root,file1,8,6221.888508,191.2586151,297.6823362,10.60588029,5,0
11.000000,11,12,7,1,0.70–0.80,0.00–0.05,measData_times_truth_over_meas.root,file2,8,2070.675176,-53.15694021,102.5180075,6.943720889,5,0
11.000000,11,12,7,2,0.70–0.80,0.05–0.10,measData_times_truth_over_meas.root,file1,8,5461.659397,95.61775295,-137.5214841,13.29797282,5,0
11.000000,11,12,7,2,0.70–0.80,0.05–0.10,measData_times_truth_over_meas.root,file2,8,1256.964465,-51.71744818,-120.3146583,30.24046824,5,0
11.000000,11,12,7,3,0.70–0.80,0.10–0.15,measData_times_truth_over_meas.root,file1,7,4914.733509,178.438949,-339.4503027,0.4621562381,4,0
11.000000,11,12,7,4,0.70–0.80,0.15–0.20,measData_times_truth_over_meas.root,file1,7,4496.760477,339.5165171,-187.3958851,8.118095798,4,0
11.000000,11,12,7,5,0.70–0.80,0.20–0.30,measData_times_truth_over_meas.root,file1,8,6298.128281,-658.617169,-506.7528403,20.29765476,5,0
11.000000,11,12,7,6,0.70–0.80,0.30–0.40,measData_times_truth_over_meas.root,file1,7,4536.561545,-312.2897608,-414.4770555,7.835227246,4,0
11.000000,11,12,7,7,0.70–0.80,0.40–0.50,measData_times_truth_over_meas.root,file1,8,3467.538063,281.8446246,-332.4164947,9.888547242,5,0
11.000000,11,12,7,8,0.70–0.80,0.50–0.65,measData_times_truth_over_meas.root,file1,8,3181.11443,258.5800968,86.77172852,20.62679199,5,0
11.000000,11,12,7,9,0.70–0.80,0.65–0.80,measData_times_truth_over_meas.root,file1,6,1218.740094,-55.45055492,-216.1275077,4.562632326,3,0
11.000000,11,12,8,1,0.80–1.00,0.00–0.05,measData_times_truth_over_meas.root,file1,8,5938.738597,173.1399076,-459.925368,13.85567787,5,0
11.000000,11,12,8,2,0.80–1.00,0.05–0.10,measData_times_truth_over_meas.root,file1,8,5664.530526,358.9096921,-890.6215577,10.28248182,5,0
11.000000,11,12,8,3,0.80–1.00,0.10–0.15,measData_times_truth_over_meas.root,file1,8,5224.705614,410.5434774,-1005.612172,18.59896519,5,0
11.000000,11,12,8,4,0.80–1.00,0.15–0.20,measData_times_truth_over_meas.root,file1,8,4680.415362,261.717861,-940.1703416,49.42048436,5,0
11.000000,11,12,8,5,0.80–1.00,0.20–0.30,measData_times_truth_over_meas.root,file1,8,6386.705823,1161.433514,-971.597599,18.21929183,5,0
11.000000,11,12,8,6,0.80–1.00,0.30–0.40,measData_times_truth_over_meas.root,file1,7,4206.656724,428.8768961,-578.3374534,69.72392206,4,0
11.000000,11,12,8,7,0.80–1.00,0.40–0.50,measData_times_truth_over_meas.root,file1,6,2466.785093,909.3370145,-30.06816462,43.23264726,3,0
11.000000,11,12,8,8,0.80–1.00,0.50–0.65,measData_times_truth_over_meas.root,file1,7,1563.33693,461.7128282,-124.4796256,140.7855441,4,0
12.000000,12,13,2,1,0.20–0.30,0.00–0.05,measData_times_truth_over_meas.root,file1,8,211829.9558,-15649.43923,31068.66904,17.18907139,5,0
12.000000,12,13,2,1,0.20–0.30,0.00–0.05,measData_times_truth_over_meas.root,file2,8,211829.9558,-15649.43923,31068.66904,17.18907139,5,0
12.000000,12,13,2,2,0.20–0.30,0.05–0.10,measData_times_truth_over_meas.root,file1,8,172997.0157,-31395.66648,21990.85334,15.67436093,5,0
12.000000,12,13,2,2,0.20–0.30,0.05–0.10,measData_times_truth_over_meas.root,file2,8,172997.0157,-31395.66648,21990.85334,15.67436093,5,0
12.000000,12,13,2,3,0.20–0.30,0.10–0.15,measData_times_truth_over_meas.root,file1,6,141334.4357,-18962.18935,3110.232503,11.11814011,3,0
12.000000,12,13,2,3,0.20–0.30,0.10–0.15,measData_times_truth_over_meas.root,file2,6,141334.4357,-18962.18935,3110.232503,11.11814011,3,0
12.000000,12,13,3,1,0.30–0.40,0.00–0.05,measData_times_truth_over_meas.root,file1,8,99927.21244,-6196.050953,5734.690812,1.298299505,5,0
12.000000,12,13,3,1,0.30–0.40,0.00–0.05,measData_times_truth_over_meas.root,file2,8,99927.21244,-6196.050953,5734.690812,1.298299505,5,0
12.000000,12,13,3,2,0.30–0.40,0.05–0.10,measData_times_truth_over_meas.root,file1,8,74222.41458,1024.746847,1366.842333,5.911100707,5,0
12.000000,12,13,3,2,0.30–0.40,0.05–0.10,measData_times_truth_over_meas.root,file2,8,74222.41458,1024.746847,1366.842333,5.911100707,5,0
12.000000,12,13,3,3,0.30–0.40,0.10–0.15,measData_times_truth_over_meas.root,file1,8,58086.84876,3811.880578,-742.620892,6.917297723,5,0
12.000000,12,13,3,3,0.30–0.40,0.10–0.15,measData_times_truth_over_meas.root,file2,8,58060.27177,3773.799907,-784.5395538,7.006043786,5,0
12.000000,12,13,3,4,0.30–0.40,0.15–0.20,measData_times_truth_over_meas.root,file1,8,49535.64323,4575.431388,-1389.257482,26.39348689,5,0
12.000000,12,13,3,4,0.30–0.40,0.15–0.20,measData_times_truth_over_meas.root,file2,8,49105.56539,4279.668076,-915.444248,26.53712345,5,0
12.000000,12,13,3,5,0.30–0.40,0.20–0.30,measData_times_truth_over_meas.root,file1,6,59716.69772,5333.42307,-6828.594057,13.06691928,3,0
12.000000,12,13,3,5,0.30–0.40,0.20–0.30,measData_times_truth_over_meas.root,file2,6,49872.93995,3126.871849,-6333.741658,10.32280154,3,0
12.000000,12,13,3,6,0.30–0.40,0.30–0.40,measData_times_truth_over_meas.root,file1,6,42520.10064,-14300.52274,7023.832731,3.79429173,3,0
12.000000,12,13,3,6,0.30–0.40,0.30–0.40,measData_times_truth_over_meas.root,file2,6,23909.53714,-10873.43651,5133.207386,2.096089112,3,0
12.000000,12,13,4,1,0.40–0.50,0.00–0.05,measData_times_truth_over_meas.root,file1,8,52906.10784,-928.5677586,827.4420159,8.014911019,5,0
12.000000,12,13,4,1,0.40–0.50,0.00–0.05,measData_times_truth_over_meas.root,file2,8,52917.24242,-1378.223892,328.3648446,10.13218136,5,0
12.000000,12,13,4,2,0.40–0.50,0.05–0.10,measData_times_truth_over_meas.root,file1,8,39909.6363,-4849.289384,-829.2762755,20.73812707,5,0
12.000000,12,13,4,2,0.40–0.50,0.05–0.10,measData_times_truth_over_meas.root,file2,8,39675.07701,-4727.316377,-722.4482241,21.18529547,5,0
12.000000,12,13,4,3,0.40–0.50,0.10–0.15,measData_times_truth_over_meas.root,file1,8,32571.97207,91.01348064,981.8632053,6.060433787,5,0
12.000000,12,13,4,3,0.40–0.50,0.10–0.15,measData_times_truth_over_meas.root,file2,8,30682.81302,-597.941861,823.202424,5.063693977,5,0
12.000000,12,13,4,4,0.40–0.50,0.15–0.20,measData_times_truth_over_meas.root,file1,8,24445.12615,3135.55843,-1437.079078,11.968711,5,0
12.000000,12,13,4,4,0.40–0.50,0.15–0.20,measData_times_truth_over_meas.root,file2,8,20895.85794,2198.186643,-1460.4138,13.58293423,5,0
12.000000,12,13,4,5,0.40–0.50,0.20–0.30,measData_times_truth_over_meas.root,file1,8,35980.41368,3160.506187,-538.429659,13.83721573,5,0
12.000000,12,13,4,5,0.40–0.50,0.20–0.30,measData_times_truth_over_meas.root,file2,8,23422.05638,392.5863925,-652.4855296,14.93045819,5,0
12.000000,12,13,4,6,0.40–0.50,0.30–0.40,measData_times_truth_over_meas.root,file1,6,19531.95957,4801.606659,-2439.823513,2.460395966,3,0
12.000000,12,13,4,6,0.40–0.50,0.30–0.40,measData_times_truth_over_meas.root,file2,6,7460.700788,1149.441677,-919.6233838,0.4019982651,3,0
12.000000,12,13,4,7,0.40–0.50,0.40–0.50,measData_times_truth_over_meas.root,file1,6,13105.24255,-144.5376031,1940.108646,4.826470175,3,0
12.000000,12,13,5,1,0.50–0.60,0.00–0.05,measData_times_truth_over_meas.root,file1,8,30683.94757,-1701.89374,-47.21713764,25.00527243,5,0
12.000000,12,13,5,1,0.50–0.60,0.00–0.05,measData_times_truth_over_meas.root,file2,8,27169.47862,-1699.788658,291.521854,17.20208025,5,0
12.000000,12,13,5,2,0.50–0.60,0.05–0.10,measData_times_truth_over_meas.root,file1,8,23670.52572,-1779.398314,401.0326839,10.4635485,5,0
12.000000,12,13,5,2,0.50–0.60,0.05–0.10,measData_times_truth_over_meas.root,file2,8,18028.18588,-1847.040646,331.5188799,8.03742178,5,0
12.000000,12,13,5,3,0.50–0.60,0.10–0.15,measData_times_truth_over_meas.root,file1,8,18477.21032,-2472.584934,42.37406976,6.10992134,5,0
12.000000,12,13,5,3,0.50–0.60,0.10–0.15,measData_times_truth_over_meas.root,file2,8,12101.06773,-1560.772794,-81.81235459,4.413751658,5,0
12.000000,12,13,5,4,0.50–0.60,0.15–0.20,measData_times_truth_over_meas.root,file1,8,14675.73759,-1365.774764,-125.9999678,8.54394308,5,0
12.000000,12,13,5,4,0.50–0.60,0.15–0.20,measData_times_truth_over_meas.root,file2,8,7130.829785,-1365.218376,-19.61025194,8.600415767,5,0
12.000000,12,13,5,5,0.50–0.60,0.20–0.30,measData_times_truth_over_meas.root,file1,8,21553.46402,-2063.169163,361.7144696,18.60487598,5,0
12.000000,12,13,5,5,0.50–0.60,0.20–0.30,measData_times_truth_over_meas.root,file2,8,7225.780447,-1426.793968,158.4759976,7.191225018,5,0
12.000000,12,13,5,6,0.50–0.60,0.30–0.40,measData_times_truth_over_meas.root,file1,8,15066.8115,-930.9105148,790.0477712,5.650027747,5,0
12.000000,12,13,5,6,0.50–0.60,0.30–0.40,measData_times_truth_over_meas.root,file2,6,2579.910935,-180.3824475,555.7279477,0.6233866294,3,0
12.000000,12,13,5,7,0.50–0.60,0.40–0.50,measData_times_truth_over_meas.root,file1,6,9170.792504,-579.0919778,-85.80169976,2.910942308,3,0
12.000000,12,13,5,8,0.50–0.60,0.50–0.65,measData_times_truth_over_meas.root,file1,6,6903.791951,-2596.735569,308.1858073,4.796676598,3,0
12.000000,12,13,6,1,0.60–0.70,0.00–0.05,measData_times_truth_over_meas.root,file1,8,16450.38938,-582.1547874,-448.4664452,7.47244144,5,0
12.000000,12,13,6,1,0.60–0.70,0.00–0.05,measData_times_truth_over_meas.root,file2,8,5879.213478,-420.7664219,-202.2048549,9.520357903,5,0
12.000000,12,13,6,2,0.60–0.70,0.05–0.10,measData_times_truth_over_meas.root,file1,8,13404.89956,-758.9893815,-43.30384105,8.698470155,5,0
12.000000,12,13,6,2,0.60–0.70,0.05–0.10,measData_times_truth_over_meas.root,file2,8,3571.197723,-334.1718677,-6.786063675,7.642459716,5,0
12.000000,12,13,6,3,0.60–0.70,0.10–0.15,measData_times_truth_over_meas.root,file1,8,11232.48616,-1191.1395,-80.04372675,14.32283257,5,0
12.000000,12,13,6,3,0.60–0.70,0.10–0.15,measData_times_truth_over_meas.root,file2,8,2182.947154,-46.67144835,-88.74905688,11.54979204,5,0
12.000000,12,13,6,4,0.60–0.70,0.15–0.20,measData_times_truth_over_meas.root,file1,8,8965.253743,-1670.163211,-171.4852159,19.72621667,5,0
12.000000,12,13,6,5,0.60–0.70,0.20–0.30,measData_times_truth_over_meas.root,file1,8,13682.48594,-2758.901263,185.1634496,4.631968866,5,0
12.000000,12,13,6,6,0.60–0.70,0.30–0.40,measData_times_truth_over_meas.root,file1,8,10249.57675,-2430.287444,166.0654811,13.50107313,5,0
12.000000,12,13,6,7,0.60–0.70,0.40–0.50,measData_times_truth_over_meas.root,file1,8,6682.625424,-2862.195616,693.8070933,9.325910067,5,0
12.000000,12,13,6,8,0.60–0.70,0.50–0.65,measData_times_truth_over_meas.root,file1,6,8179.437213,-4782.529696,921.1797186,3.437313882,3,0
12.000000,12,13,7,1,0.70–0.80,0.00–0.05,measData_times_truth_over_meas.root,file1,8,10544.21978,-516.307955,190.3245984,6.649555158,5,0
12.000000,12,13,7,2,0.70–0.80,0.05–0.10,measData_times_truth_over_meas.root,file1,8,9245.715082,-248.9933061,-488.6265371,6.934853184,5,0
12.000000,12,13,7,3,0.70–0.80,0.10–0.15,measData_times_truth_over_meas.root,file1,8,7899.365641,-672.9100893,-290.9771867,6.027572525,5,0
12.000000,12,13,7,4,0.70–0.80,0.15–0.20,measData_times_truth_over_meas.root,file1,8,7101.693611,-1315.241352,-423.5935077,11.3360737,5,0
12.000000,12,13,7,5,0.70–0.80,0.20–0.30,measData_times_truth_over_meas.root,file1,8,9798.698345,-3052.472897,107.0337231,7.801097192,5,0
12.000000,12,13,7,6,0.70–0.80,0.30–0.40,measData_times_truth_over_meas.root,file1,8,6091.697972,-2907.190184,239.7101502,9.471259635,5,0
12.000000,12,13,7,7,0.70–0.80,0.40–0.50,measData_times_truth_over_meas.root,file1,8,9654.433199,-6057.644174,946.5022952,39.03780909,5,0
12.000000,12,13,7,8,0.70–0.80,0.50–0.65,measData_times_truth_over_meas.root,file1,7,11252.12297,-8817.130469,2781.015015,7.681856993,4,0
12.000000,12,13,8,1,0.80–1.00,0.00–0.05,measData_times_truth_over_meas.root,file1,8,12424.86971,-577.5068155,-649.0127042,14.13207409,5,0
12.000000,12,13,8,2,0.80–1.00,0.05–0.10,measData_times_truth_over_meas.root,file1,8,10923.79568,-537.0863872,-1520.226148,10.25043281,5,0
12.000000,12,13,8,3,0.80–1.00,0.10–0.15,measData_times_truth_over_meas.root,file1,8,9240.525997,-1141.648961,-1566.300501,5.347639912,5,0
12.000000,12,13,8,4,0.80–1.00,0.15–0.20,measData_times_truth_over_meas.root,file1,8,7818.653556,-1230.712729,-1019.750595,8.050579624,5,0
12.000000,12,13,8,5,0.80–1.00,0.20–0.30,measData_times_truth_over_meas.root,file1,8,12548.32389,-2993.693671,-1639.025735,55.71341739,5,0
12.000000,12,13,8,6,0.80–1.00,0.30–0.40,measData_times_truth_over_meas.root,file1,8,9741.450778,-4078.090297,362.2274657,10.42477861,5,0
12.000000,12,13,8,7,0.80–1.00,0.40–0.50,measData_times_truth_over_meas.root,file1,7,3979.837171,-1632.171181,765.4579843,31.43457051,4,0
12.000000,12,13,8,8,0.80–1.00,0.50–0.65,measData_times_truth_over_meas.root,file1,6,294.5657831,-40.93209819,-16.95032353,36.02939776,3,0
13.000000,13,14,1,1,0.00–0.20,0.00–0.05,measData_times_truth_over_meas.root,file1,6,1776890.203,404079.1224,61591.4252,10.8400419,3,0
13.000000,13,14,1,1,0.00–0.20,0.00–0.05,measData_times_truth_over_meas.root,file2,6,1776723.274,404045.977,61590.91625,10.84024966,3,0
13.000000,13,14,1,2,0.00–0.20,0.05–0.10,measData_times_truth_over_meas.root,file1,8,729412.4317,-169867.1472,-37375.01181,16.96127851,5,0
13.000000,13,14,1,2,0.00–0.20,0.05–0.10,measData_times_truth_over_meas.root,file2,8,729250.0133,-169820.344,-37360.56747,16.96322734,5,0
13.000000,13,14,1,3,0.00–0.20,0.10–0.15,measData_times_truth_over_meas.root,file1,8,392156.8937,-3048.109864,17977.57242,27.62355324,5,0
13.000000,13,14,1,3,0.00–0.20,0.10–0.15,measData_times_truth_over_meas.root,file2,8,391992.8898,-3043.879546,17961.65782,27.61501523,5,0
13.000000,13,14,1,4,0.00–0.20,0.15–0.20,measData_times_truth_over_meas.root,file1,8,205573.2889,-31382.12643,6195.79806,17.35936693,5,0
13.000000,13,14,1,4,0.00–0.20,0.15–0.20,measData_times_truth_over_meas.root,file2,8,205426.1729,-31364.41307,6198.072367,17.3637265,5,0
13.000000,13,14,1,5,0.00–0.20,0.20–0.30,measData_times_truth_over_meas.root,file1,8,217401.7476,-29802.32384,15667.57789,7.929192816,5,0
13.000000,13,14,1,5,0.00–0.20,0.20–0.30,measData_times_truth_over_meas.root,file2,8,217093.3991,-29760.12026,15639.25305,7.931498719,5,0
13.000000,13,14,2,1,0.20–0.30,0.00–0.05,measData_times_truth_over_meas.root,file1,8,144456.4247,30371.85429,18406.50564,36.5447452,5,0
13.000000,13,14,2,1,0.20–0.30,0.00–0.05,measData_times_truth_over_meas.root,file2,8,144456.4247,30371.85429,18406.50564,36.5447452,5,0
13.000000,13,14,2,2,0.20–0.30,0.05–0.10,measData_times_truth_over_meas.root,file1,8,107645.5044,-4119.077543,13694.86236,15.70754583,5,0
13.000000,13,14,2,2,0.20–0.30,0.05–0.10,measData_times_truth_over_meas.root,file2,8,107645.5044,-4119.077543,13694.86236,15.70754583,5,0
13.000000,13,14,2,3,0.20–0.30,0.10–0.15,measData_times_truth_over_meas.root,file1,8,83334.94113,-3423.721381,875.327937,10.68216812,5,0
13.000000,13,14,2,3,0.20–0.30,0.10–0.15,measData_times_truth_over_meas.root,file2,8,83334.94113,-3423.721381,875.327937,10.68216812,5,0
13.000000,13,14,2,4,0.20–0.30,0.15–0.20,measData_times_truth_over_meas.root,file1,8,63926.16433,-2147.798003,1889.633171,7.465856699,5,0
13.000000,13,14,2,4,0.20–0.30,0.15–0.20,measData_times_truth_over_meas.root,file2,8,63926.16433,-2147.798003,1889.633171,7.465856699,5,0
13.000000,13,14,2,5,0.20–0.30,0.20–0.30,measData_times_truth_over_meas.root,file1,8,78262.93552,-8331.928257,505.6681948,30.61539365,5,0
13.000000,13,14,2,5,0.20–0.30,0.20–0.30,measData_times_truth_over_meas.root,file2,8,78262.93552,-8331.928257,505.6681948,30.61539365,5,0
13.000000,13,14,2,6,0.20–0.30,0.30–0.40,measData_times_truth_over_meas.root,file1,8,42760.07899,-6974.776639,1636.762567,11.05246883,5,0
13.000000,13,14,2,6,0.20–0.30,0.30–0.40,measData_times_truth_over_meas.root,file2,8,42760.07899,-6974.776639,1636.762567,11.05246883,5,0
13.000000,13,14,2,7,0.20–0.30,0.40–0.50,measData_times_truth_over_meas.root,file1,8,23111.92477,-4746.282149,1941.137986,8.268399419,5,0
13.000000,13,14,2,7,0.20–0.30,0.40–0.50,measData_times_truth_over_meas.root,file2,8,23111.92477,-4746.282149,1941.137986,8.268399419,5,0
13.000000,13,14,2,8,0.20–0.30,0.50–0.65,measData_times_truth_over_meas.root,file1,8,19197.79338,-3770.281429,4442.999556,14.13723941,5,0
13.000000,13,14,2,8,0.20–0.30,0.50–0.65,measData_times_truth_over_meas.root,file2,8,19197.79338,-3770.281429,4442.999556,14.13723941,5,0
13.000000,13,14,2,9,0.20–0.30,0.65–0.80,measData_times_truth_over_meas.root,file1,7,10214.58496,-4441.937322,2498.580311,1.773025246,4,0
13.000000,13,14,2,9,0.20–0.30,0.65–0.80,measData_times_truth_over_meas.root,file2,7,10202.71366,-4437.222603,2496.558074,1.77002122,4,0
13.000000,13,14,3,1,0.30–0.40,0.00–0.05,measData_times_truth_over_meas.root,file1,8,60087.16741,-1.372118479,3729.92693,31.36906833,5,0
13.000000,13,14,3,1,0.30–0.40,0.00–0.05,measData_times_truth_over_meas.root,file2,8,60087.16741,-1.372118479,3729.92693,31.36906833,5,0
13.000000,13,14,3,2,0.30–0.40,0.05–0.10,measData_times_truth_over_meas.root,file1,8,47339.2141,-5749.29242,-50.29724839,31.49341439,5,0
13.000000,13,14,3,2,0.30–0.40,0.05–0.10,measData_times_truth_over_meas.root,file2,8,47339.2141,-5749.29242,-50.29724839,31.49341439,5,0
13.000000,13,14,3,3,0.30–0.40,0.10–0.15,measData_times_truth_over_meas.root,file1,8,40519.03721,-1663.250613,34.01121977,34.62519477,5,0
13.000000,13,14,3,3,0.30–0.40,0.10–0.15,measData_times_truth_over_meas.root,file2,8,40519.03721,-1663.250613,34.01121977,34.62519477,5,0
13.000000,13,14,3,4,0.30–0.40,0.15–0.20,measData_times_truth_over_meas.root,file1,8,32794.02747,-1895.881517,-216.0803183,16.41069237,5,0
13.000000,13,14,3,4,0.30–0.40,0.15–0.20,measData_times_truth_over_meas.root,file2,8,32794.02747,-1895.881517,-216.0803183,16.41069237,5,0
13.000000,13,14,3,5,0.30–0.40,0.20–0.30,measData_times_truth_over_meas.root,file1,8,45681.12002,-4796.037037,844.0765626,11.32265575,5,0
13.000000,13,14,3,5,0.30–0.40,0.20–0.30,measData_times_truth_over_meas.root,file2,8,45681.12002,-4796.037037,844.0765626,11.32265575,5,0
13.000000,13,14,3,6,0.30–0.40,0.30–0.40,measData_times_truth_over_meas.root,file1,8,27431.35782,-2964.630301,-115.4764553,30.9224771,5,0
13.000000,13,14,3,6,0.30–0.40,0.30–0.40,measData_times_truth_over_meas.root,file2,8,27431.35782,-2964.630301,-115.4764553,30.9224771,5,0
13.000000,13,14,3,7,0.30–0.40,0.40–0.50,measData_times_truth_over_meas.root,file1,8,15543.39071,-3840.442765,-152.6705865,6.013992002,5,0
13.000000,13,14,3,7,0.30–0.40,0.40–0.50,measData_times_truth_over_meas.root,file2,8,15543.39071,-3840.442765,-152.6705865,6.013992002,5,0
13.000000,13,14,3,8,0.30–0.40,0.50–0.65,measData_times_truth_over_meas.root,file1,8,12236.22126,-3307.854698,946.4673795,26.57614555,5,0
13.000000,13,14,3,8,0.30–0.40,0.50–0.65,measData_times_truth_over_meas.root,file2,8,12236.22126,-3307.854698,946.4673795,26.57614555,5,0
13.000000,13,14,3,9,0.30–0.40,0.65–0.80,measData_times_truth_over_meas.root,file1,8,5946.811698,-2180.809846,1062.992003,14.70321408,5,0
13.000000,13,14,3,9,0.30–0.40,0.65–0.80,measData_times_truth_over_meas.root,file2,8,5946.811698,-2180.809846,1062.992003,14.70321408,5,0
13.000000,13,14,3,10,0.30–0.40,0.80–1.00,measData_times_truth_over_meas.root,file1,8,3144.912192,-1399.119512,744.0117684,21.68219229,5,0
13.000000,13,14,3,10,0.30–0.40,0.80–1.00,measData_times_truth_over_meas.root,file2,8,3143.693861,-1398.53687,744.1084132,21.67510452,5,0
13.000000,13,14,3,11,0.30–0.40,1.00–1.50,measData_times_truth_over_meas.root,file1,6,1646.627446,-855.942217,486.7072105,13.6283379,3,0
13.000000,13,14,3,11,0.30–0.40,1.00–1.50,measData_times_truth_over_meas.root,file2,6,1519.258307,-790.6296605,451.4735874,13.55010567,3,0
13.000000,13,14,4,1,0.40–0.50,0.00–0.05,measData_times_truth_over_meas.root,file1,8,26494.21585,-4763.897799,1640.003941,36.34662945,5,0
13.000000,13,14,4,1,0.40–0.50,0.00–0.05,measData_times_truth_over_meas.root,file2,8,26494.21585,-4763.897799,1640.003941,36.34662945,5,0
13.000000,13,14,4,2,0.40–0.50,0.05–0.10,measData_times_truth_over_meas.root,file1,8,23625.28204,-2833.620357,6.705949286,21.93464827,5,0
13.000000,13,14,4,2,0.40–0.50,0.05–0.10,measData_times_truth_over_meas.root,file2,8,23625.28204,-2833.620357,6.705949286,21.93464827,5,0
13.000000,13,14,4,3,0.40–0.50,0.10–0.15,measData_times_truth_over_meas.root,file1,8,19443.48978,-3095.747292,-872.2472315,16.79808613,5,0
13.000000,13,14,4,3,0.40–0.50,0.10–0.15,measData_times_truth_over_meas.root,file2,8,19443.48978,-3095.747292,-872.2472315,16.79808613,5,0
13.000000,13,14,4,4,0.40–0.50,0.15–0.20,measData_times_truth_over_meas.root,file1,6,16652.39129,-3214.119133,-1442.499629,6.949955484,3,0
13.000000,13,14,4,4,0.40–0.50,0.15–0.20,measData_times_truth_over_meas.root,file2,6,16652.39129,-3214.119133,-1442.499629,6.949955484,3,0
13.000000,13,14,4,5,0.40–0.50,0.20–0.30,measData_times_truth_over_meas.root,file1,7,24852.30733,-2419.009895,-418.5959103,21.78608799,4,0
13.000000,13,14,4,5,0.40–0.50,0.20–0.30,measData_times_truth_over_meas.root,file2,7,24852.30733,-2419.009895,-418.5959103,21.78608799,4,0
13.000000,13,14,4,6,0.40–0.50,0.30–0.40,measData_times_truth_over_meas.root,file1,8,17197.39998,-1750.820313,690.4944914,4.235531066,5,0
13.000000,13,14,4,6,0.40–0.50,0.30–0.40,measData_times_truth_over_meas.root,file2,8,17197.39998,-1750.820313,690.4944914,4.235531066,5,0
13.000000,13,14,4,7,0.40–0.50,0.40–0.50,measData_times_truth_over_meas.root,file1,8,11012.6461,-1516.614833,373.7453567,6.711923906,5,0
13.000000,13,14,4,7,0.40–0.50,0.40–0.50,measData_times_truth_over_meas.root,file2,8,11012.6461,-1516.614833,373.7453567,6.711923906,5,0
13.000000,13,14,4,8,0.40–0.50,0.50–0.65,measData_times_truth_over_meas.root,file1,8,9392.449399,-1772.743878,521.8095221,7.121228027,5,0
13.000000,13,14,4,8,0.40–0.50,0.50–0.65,measData_times_truth_over_meas.root,file2,8,9392.449399,-1772.743878,521.8095221,7.121228027,5,0
13.000000,13,14,4,9,0.40–0.50,0.65–0.80,measData_times_truth_over_meas.root,file1,8,4998.278258,-1398.217105,352.4658982,0.5069818829,5,0
13.000000,13,14,4,9,0.40–0.50,0.65–0.80,measData_times_truth_over_meas.root,file2,8,4998.278258,-1398.217105,352.4658982,0.5069818829,5,0
13.000000,13,14,4,10,0.40–0.50,0.80–1.00,measData_times_truth_over_meas.root,file1,8,2860.51163,-1153.588015,374.8279122,2.314025943,5,0
13.000000,13,14,4,10,0.40–0.50,0.80–1.00,measData_times_truth_over_meas.root,file2,8,2860.412645,-1153.628988,374.9530717,2.312434284,5,0
13.000000,13,14,4,11,0.40–0.50,1.00–1.50,measData_times_truth_over_meas.root,file1,8,1594.582539,-924.6797483,360.2302477,53.01607126,5,0
13.000000,13,14,4,11,0.40–0.50,1.00–1.50,measData_times_truth_over_meas.root,file2,8,1498.263776,-879.8185352,311.9180968,52.45601285,5,0
13.000000,13,14,5,1,0.50–0.60,0.00–0.05,measData_times_truth_over_meas.root,file1,8,16058.50683,-646.5545821,-767.1124083,4.4069959,5,0
13.000000,13,14,5,1,0.50–0.60,0.00–0.05,measData_times_truth_over_meas.root,file2,8,16058.50683,-646.5545821,-767.1124083,4.4069959,5,0
13.000000,13,14,5,2,0.50–0.60,0.05–0.10,measData_times_truth_over_meas.root,file1,6,12031.01062,-3288.38441,-1661.266011,3.484671339,3,0
13.000000,13,14,5,2,0.50–0.60,0.05–0.10,measData_times_truth_over_meas.root,file2,6,12031.01062,-3288.38441,-1661.266011,3.484671339,3,0
13.000000,13,14,5,3,0.50–0.60,0.10–0.15,measData_times_truth_over_meas.root,file1,6,11861.07124,-44.34847462,-416.233458,4.031317701,3,0
13.000000,13,14,5,3,0.50–0.60,0.10–0.15,measData_times_truth_over_meas.root,file2,6,11861.07124,-44.34847462,-416.233458,4.031317701,3,0
13.000000,13,14,5,4,0.50–0.60,0.15–0.20,measData_times_truth_over_meas.root,file1,6,9909.538605,-1145.142196,-464.7738029,2.06765666,3,0
13.000000,13,14,5,4,0.50–0.60,0.15–0.20,measData_times_truth_over_meas.root,file2,6,9909.538605,-1145.142196,-464.7738029,2.06765666,3,0
13.000000,13,14,5,5,0.50–0.60,0.20–0.30,measData_times_truth_over_meas.root,file1,6,14636.18676,-2332.883266,-677.8473344,10.43347868,3,0
13.000000,13,14,5,5,0.50–0.60,0.20–0.30,measData_times_truth_over_meas.root,file2,6,14636.18676,-2332.883266,-677.8473344,10.43347868,3,0
13.000000,13,14,5,6,0.50–0.60,0.30–0.40,measData_times_truth_over_meas.root,file1,6,10499.97716,-1783.053552,-409.05683,6.551394624,3,0
13.000000,13,14,5,6,0.50–0.60,0.30–0.40,measData_times_truth_over_meas.root,file2,6,10499.97716,-1783.053552,-409.05683,6.551394624,3,0
13.000000,13,14,5,7,0.50–0.60,0.40–0.50,measData_times_truth_over_meas.root,file1,6,8007.648674,-443.0652787,566.8982891,0.6116751027,3,0
13.000000,13,14,5,7,0.50–0.60,0.40–0.50,measData_times_truth_over_meas.root,file2,6,8007.648674,-443.0652787,566.8982891,0.6116751027,3,0
13.000000,13,14,5,8,0.50–0.60,0.50–0.65,measData_times_truth_over_meas.root,file1,6,6876.265083,-1473.986461,-201.8915021,7.552311798,3,0
13.000000,13,14,5,8,0.50–0.60,0.50–0.65,measData_times_truth_over_meas.root,file2,6,6876.265083,-1473.986461,-201.8915021,7.552311798,3,0
13.000000,13,14,5,9,0.50–0.60,0.65–0.80,measData_times_truth_over_meas.root,file1,7,3999.742478,-762.8659646,547.9590246,5.652426646,4,0
13.000000,13,14,5,9,0.50–0.60,0.65–0.80,measData_times_truth_over_meas.root,file2,7,3999.638539,-763.0194809,547.9141829,5.654386211,4,0
13.000000,13,14,5,10,0.50–0.60,0.80–1.00,measData_times_truth_over_meas.root,file1,7,2711.615209,-591.1417461,361.1673203,6.980728325,4,0
13.000000,13,14,5,10,0.50–0.60,0.80–1.00,measData_times_truth_over_meas.root,file2,7,2676.586812,-594.5152679,363.1931857,4.976419631,4,0
13.000000,13,14,5,11,0.50–0.60,1.00–1.50,measData_times_truth_over_meas.root,file1,8,1601.406932,-733.8290715,292.0135357,10.95423093,5,0
13.000000,13,14,5,11,0.50–0.60,1.00–1.50,measData_times_truth_over_meas.root,file2,8,1399.532834,-575.942617,272.6022404,6.96258038,5,0
13.000000,13,14,6,1,0.60–0.70,0.00–0.05,measData_times_truth_over_meas.root,file1,8,9008.145705,-836.5453276,-164.4073264,5.255003303,5,0
13.000000,13,14,6,1,0.60–0.70,0.00–0.05,measData_times_truth_over_meas.root,file2,8,9008.145705,-836.5453276,-164.4073264,5.255003303,5,0
13.000000,13,14,6,2,0.60–0.70,0.05–0.10,measData_times_truth_over_meas.root,file1,7,7981.024421,-359.0199247,-684.0831349,3.368665713,4,0
13.000000,13,14,6,2,0.60–0.70,0.05–0.10,measData_times_truth_over_meas.root,file2,7,7981.024421,-359.0199247,-684.0831349,3.368665713,4,0
13.000000,13,14,6,3,0.60–0.70,0.10–0.15,measData_times_truth_over_meas.root,file1,6,6593.670511,-812.0620242,-302.2760348,6.604377176,3,0
13.000000,13,14,6,3,0.60–0.70,0.10–0.15,measData_times_truth_over_meas.root,file2,6,6593.670511,-812.0620242,-302.2760348,6.604377176,3,0
13.000000,13,14,6,4,0.60–0.70,0.15–0.20,measData_times_truth_over_meas.root,file1,6,5842.185282,-1521.224122,-397.637867,1.280598033,3,0
13.000000,13,14,6,4,0.60–0.70,0.15–0.20,measData_times_truth_over_meas.root,file2,6,5842.185282,-1521.224122,-397.637867,1.280598033,3,0
13.000000,13,14,6,5,0.60–0.70,0.20–0.30,measData_times_truth_over_meas.root,file1,6,9564.922797,-846.0664153,-290.2928469,5.296136689,3,0
13.000000,13,14,6,5,0.60–0.70,0.20–0.30,measData_times_truth_over_meas.root,file2,6,9564.922797,-846.0664153,-290.2928469,5.296136689,3,0
13.000000,13,14,6,6,0.60–0.70,0.30–0.40,measData_times_truth_over_meas.root,file1,6,7245.350218,-540.1541026,-62.74335689,12.17124638,3,0
13.000000,13,14,6,6,0.60–0.70,0.30–0.40,measData_times_truth_over_meas.root,file2,6,7245.350218,-540.1541026,-62.74335689,12.17124638,3,0
13.000000,13,14,6,7,0.60–0.70,0.40–0.50,measData_times_truth_over_meas.root,file1,6,5025.482946,-1086.078706,-284.8005941,0.1423508737,3,0
13.000000,13,14,6,7,0.60–0.70,0.40–0.50,measData_times_truth_over_meas.root,file2,6,5023.518557,-1085.880796,-287.207755,0.1349953177,3,0
13.000000,13,14,6,8,0.60–0.70,0.50–0.65,measData_times_truth_over_meas.root,file1,6,5037.012567,-558.2429894,200.2193519,2.371643089,3,0
13.000000,13,14,6,8,0.60–0.70,0.50–0.65,measData_times_truth_over_meas.root,file2,6,4982.671773,-596.8190943,190.446767,1.492045067,3,0
13.000000,13,14,6,9,0.60–0.70,0.65–0.80,measData_times_truth_over_meas.root,file1,6,2767.255054,-876.8644777,-48.85873028,4.916463942,3,0
13.000000,13,14,6,9,0.60–0.70,0.65–0.80,measData_times_truth_over_meas.root,file2,6,2678.221435,-770.5698315,74.60983695,3.355094893,3,0
13.000000,13,14,6,10,0.60–0.70,0.80–1.00,measData_times_truth_over_meas.root,file1,6,2206.220643,-388.758852,249.0427531,2.551619738,3,0
13.000000,13,14,6,10,0.60–0.70,0.80–1.00,measData_times_truth_over_meas.root,file2,6,1926.943376,-279.9497751,240.8385114,1.827827471,3,0
13.000000,13,14,6,11,0.60–0.70,1.00–1.50,measData_times_truth_over_meas.root,file1,6,1766.516569,-400.7033201,448.7983107,3.381950482,3,0
13.000000,13,14,6,11,0.60–0.70,1.00–1.50,measData_times_truth_over_meas.root,file2,6,730.8811732,-347.5558272,25.05811479,0.6567726135,3,0
13.000000,13,14,7,1,0.70–0.80,0.00–0.05,measData_times_truth_over_meas.root,file1,8,5326.457319,296.1974946,401.55029,9.228713283,5,0
13.000000,13,14,7,1,0.70–0.80,0.00–0.05,measData_times_truth_over_meas.root,file2,8,5318.284628,299.7585505,404.9610872,9.442910727,5,0
13.000000,13,14,7,2,0.70–0.80,0.05–0.10,measData_times_truth_over_meas.root,file1,7,4913.767847,171.961812,-175.9243786,6.495594578,4,0
13.000000,13,14,7,2,0.70–0.80,0.05–0.10,measData_times_truth_over_meas.root,file2,7,4898.736801,203.6207859,-177.6052947,7.006844245,4,0
13.000000,13,14,7,3,0.70–0.80,0.10–0.15,measData_times_truth_over_meas.root,file1,7,4139.115824,-399.0316064,53.33510251,4.9682927,4,0
13.000000,13,14,7,3,0.70–0.80,0.10–0.15,measData_times_truth_over_meas.root,file2,7,4227.72427,-109.6202892,279.301067,4.736747435,4,0
13.000000,13,14,7,4,0.70–0.80,0.15–0.20,measData_times_truth_over_meas.root,file1,6,3855.530199,-357.2735465,9.466188471,3.904529865,3,0
13.000000,13,14,7,4,0.70–0.80,0.15–0.20,measData_times_truth_over_meas.root,file2,6,3765.13083,-341.9601498,-18.95296838,3.872437791,3,0
13.000000,13,14,7,5,0.70–0.80,0.20–0.30,measData_times_truth_over_meas.root,file1,6,5555.750235,-301.5436219,-25.11337573,0.248432569,3,0
13.000000,13,14,7,5,0.70–0.80,0.20–0.30,measData_times_truth_over_meas.root,file2,6,5361.97721,-224.2176326,67.52952892,0.459580669,3,0
13.000000,13,14,7,6,0.70–0.80,0.30–0.40,measData_times_truth_over_meas.root,file1,6,4044.630887,-274.7492781,117.4899319,8.761740279,3,0
13.000000,13,14,7,6,0.70–0.80,0.30–0.40,measData_times_truth_over_meas.root,file2,6,3706.26001,-130.5403441,285.6508811,13.04662422,3,0
13.000000,13,14,7,7,0.70–0.80,0.40–0.50,measData_times_truth_over_meas.root,file1,6,2926.603162,-478.6983227,80.66445781,4.897572344,3,0
13.000000,13,14,7,7,0.70–0.80,0.40–0.50,measData_times_truth_over_meas.root,file2,6,2437.245356,-320.3322191,12.70723766,3.925426529,3,0
13.000000,13,14,7,8,0.70–0.80,0.50–0.65,measData_times_truth_over_meas.root,file1,6,2877.541761,-837.5482733,-251.0377563,5.432843233,3,0
13.000000,13,14,7,8,0.70–0.80,0.50–0.65,measData_times_truth_over_meas.root,file2,6,2143.374574,-259.219882,26.11019966,3.082514761,3,0
13.000000,13,14,7,9,0.70–0.80,0.65–0.80,measData_times_truth_over_meas.root,file1,6,2194.779993,-161.4243314,82.92866783,2.729744933,3,0
13.000000,13,14,7,9,0.70–0.80,0.65–0.80,measData_times_truth_over_meas.root,file2,6,857.0656901,-224.0745541,-138.567062,7.111363642,3,0
13.000000,13,14,7,10,0.70–0.80,0.80–1.00,measData_times_truth_over_meas.root,file1,6,1750.500218,-208.7687549,194.6012858,0.5918431387,3,0
13.000000,13,14,7,11,0.70–0.80,1.00–1.50,measData_times_truth_over_meas.root,file1,6,1324.674489,-360.8477068,88.96099607,0.824169347,3,0
13.000000,13,14,8,1,0.80–1.00,0.00–0.05,measData_times_truth_over_meas.root,file1,8,4108.314827,-53.61714066,106.6194669,4.423172757,5,0
13.000000,13,14,8,1,0.80–1.00,0.00–0.05,measData_times_truth_over_meas.root,file2,7,1518.498245,122.8221485,21.97565944,3.793784504,4,0
13.000000,13,14,8,2,0.80–1.00,0.05–0.10,measData_times_truth_over_meas.root,file1,8,4226.229446,479.4870019,79.59662254,9.868407907,5,0
13.000000,13,14,8,3,0.80–1.00,0.10–0.15,measData_times_truth_over_meas.root,file1,6,2955.627115,-917.0052621,-1106.046319,4.667788254,3,0
13.000000,13,14,8,4,0.80–1.00,0.15–0.20,measData_times_truth_over_meas.root,file1,6,3391.568112,306.3761796,-266.7206346,5.847009773,3,0
13.000000,13,14,8,5,0.80–1.00,0.20–0.30,measData_times_truth_over_meas.root,file1,6,4681.073018,123.4564943,-757.432079,16.36803199,3,0
13.000000,13,14,8,6,0.80–1.00,0.30–0.40,measData_times_truth_over_meas.root,file1,6,3824.308163,513.427159,-198.8821715,12.31573993,3,0
13.000000,13,14,8,7,0.80–1.00,0.40–0.50,measData_times_truth_over_meas.root,file1,6,2205.163965,-1060.456412,-957.9211836,11.3444548,3,0
13.000000,13,14,8,8,0.80–1.00,0.50–0.65,measData_times_truth_over_meas.root,file1,6,2555.806228,-282.7044494,-486.0375351,3.062862009,3,0
13.000000,13,14,8,9,0.80–1.00,0.65–0.80,measData_times_truth_over_meas.root,file1,6,1538.422582,-207.2967846,-337.4043736,1.799256823,3,0
13.000000,13,14,8,10,0.80–1.00,0.80–1.00,measData_times_truth_over_meas.root,file1,6,1119.062147,204.4483703,-71.47656072,1.483447959,3,0
13.000000,13,14,8,11,0.80–1.00,1.00–1.50,measData_times_truth_over_meas.root,file1,6,380.8100954,-11.55395879,-94.44582698,1.408596986,3,0
14.000000,14,15,1,1,0.00–0.20,0.00–0.05,measData_times_truth_over_meas.root,file1,6,1427162.398,683722.6693,151518.1629,2.631871619,3,0
14.000000,14,15,1,1,0.00–0.20,0.00–0.05,measData_times_truth_over_meas.root,file2,6,1426552.037,683430.9807,151447.0406,2.632148679,3,0
14.000000,14,15,1,2,0.00–0.20,0.05–0.10,measData_times_truth_over_meas.root,file1,7,478331.7123,-63811.37948,33144.36719,4.321104219,4,0
14.000000,14,15,1,2,0.00–0.20,0.05–0.10,measData_times_truth_over_meas.root,file2,7,477858.2978,-63745.43674,33120.95844,4.320341511,4,0
14.000000,14,15,1,3,0.00–0.20,0.10–0.15,measData_times_truth_over_meas.root,file1,8,249652.3071,-32919.38342,20200.44307,35.592209,5,0
14.000000,14,15,1,3,0.00–0.20,0.10–0.15,measData_times_truth_over_meas.root,file2,8,249175.1323,-32856.20713,20159.69591,35.59518104,5,0
14.000000,14,15,1,4,0.00–0.20,0.15–0.20,measData_times_truth_over_meas.root,file1,8,137027.9152,-16102.39269,-10834.92627,13.43271509,5,0
14.000000,14,15,1,4,0.00–0.20,0.15–0.20,measData_times_truth_over_meas.root,file2,8,136575.0864,-16058.64628,-10799.38593,13.43177109,5,0
14.000000,14,15,1,5,0.00–0.20,0.20–0.30,measData_times_truth_over_meas.root,file1,7,142629.0907,-19090.18142,-1328.721268,6.654416058,4,0
14.000000,14,15,1,5,0.00–0.20,0.20–0.30,measData_times_truth_over_meas.root,file2,7,141632.6241,-18948.78068,-1332.697549,6.660118161,4,0
14.000000,14,15,2,1,0.20–0.30,0.00–0.05,measData_times_truth_over_meas.root,file1,8,103870.1953,17.17195194,14398.25627,19.78552201,5,0
14.000000,14,15,2,1,0.20–0.30,0.00–0.05,measData_times_truth_over_meas.root,file2,8,103870.1953,17.17195194,14398.25627,19.78552201,5,0
14.000000,14,15,2,2,0.20–0.30,0.05–0.10,measData_times_truth_over_meas.root,file1,8,80917.70381,2974.124551,5130.362779,5.403664983,5,0
14.000000,14,15,2,2,0.20–0.30,0.05–0.10,measData_times_truth_over_meas.root,file2,8,80917.70381,2974.124551,5130.362779,5.403664983,5,0
14.000000,14,15,2,3,0.20–0.30,0.10–0.15,measData_times_truth_over_meas.root,file1,8,61506.65302,-171.2855505,3685.400926,12.96349216,5,0
14.000000,14,15,2,3,0.20–0.30,0.10–0.15,measData_times_truth_over_meas.root,file2,8,61506.65302,-171.2855505,3685.400926,12.96349216,5,0
14.000000,14,15,2,4,0.20–0.30,0.15–0.20,measData_times_truth_over_meas.root,file1,8,48131.56269,-2878.86153,1991.442895,13.14360307,5,0
14.000000,14,15,2,4,0.20–0.30,0.15–0.20,measData_times_truth_over_meas.root,file2,8,48131.56269,-2878.86153,1991.442895,13.14360307,5,0
14.000000,14,15,2,5,0.20–0.30,0.20–0.30,measData_times_truth_over_meas.root,file1,8,56497.13338,-8220.909244,-2074.916786,4.722839425,5,0
14.000000,14,15,2,5,0.20–0.30,0.20–0.30,measData_times_truth_over_meas.root,file2,8,56497.13338,-8220.909244,-2074.916786,4.722839425,5,0
14.000000,14,15,2,6,0.20–0.30,0.30–0.40,measData_times_truth_over_meas.root,file1,8,31899.75905,-5007.990676,3033.531061,2.308173908,5,0
14.000000,14,15,2,6,0.20–0.30,0.30–0.40,measData_times_truth_over_meas.root,file2,8,31899.75905,-5007.990676,3033.531061,2.308173908,5,0
14.000000,14,15,2,7,0.20–0.30,0.40–0.50,measData_times_truth_over_meas.root,file1,8,17987.991,-3460.406744,1261.725851,8.171270531,5,0
14.000000,14,15,2,7,0.20–0.30,0.40–0.50,measData_times_truth_over_meas.root,file2,8,17987.96442,-3460.43692,1261.68662,8.171395716,5,0
14.000000,14,15,2,8,0.20–0.30,0.50–0.65,measData_times_truth_over_meas.root,file1,6,16944.04801,-11098.66968,4524.479587,8.302944353,3,0
14.000000,14,15,2,8,0.20–0.30,0.50–0.65,measData_times_truth_over_meas.root,file2,6,16799.4373,-11010.75726,4489.935666,8.313763903,3,0
14.000000,14,15,3,1,0.30–0.40,0.00–0.05,measData_times_truth_over_meas.root,file1,8,43977.57415,-4477.010535,591.2912028,41.07834812,5,0
14.000000,14,15,3,1,0.30–0.40,0.00–0.05,measData_times_truth_over_meas.root,file2,8,43977.57415,-4477.010535,591.2912028,41.07834812,5,0
14.000000,14,15,3,2,0.30–0.40,0.05–0.10,measData_times_truth_over_meas.root,file1,8,36442.87305,-934.4420255,1321.276306,26.17901377,5,0
14.000000,14,15,3,2,0.30–0.40,0.05–0.10,measData_times_truth_over_meas.root,file2,8,36442.87305,-934.4420255,1321.276306,26.17901377,5,0
14.000000,14,15,3,3,0.30–0.40,0.10–0.15,measData_times_truth_over_meas.root,file1,8,28858.32538,-555.1401206,1411.542386,12.08476216,5,0
14.000000,14,15,3,3,0.30–0.40,0.10–0.15,measData_times_truth_over_meas.root,file2,8,28858.32538,-555.1401206,1411.542386,12.08476216,5,0
14.000000,14,15,3,4,0.30–0.40,0.15–0.20,measData_times_truth_over_meas.root,file1,8,22372.03837,-3033.604908,-515.5188337,16.13913247,5,0
14.000000,14,15,3,4,0.30–0.40,0.15–0.20,measData_times_truth_over_meas.root,file2,8,22372.03837,-3033.604908,-515.5188337,16.13913247,5,0
14.000000,14,15,3,5,0.30–0.40,0.20–0.30,measData_times_truth_over_meas.root,file1,8,32234.17092,-3008.029245,954.4364905,13.66887268,5,0
14.000000,14,15,3,5,0.30–0.40,0.20–0.30,measData_times_truth_over_meas.root,file2,8,32234.17092,-3008.029245,954.4364905,13.66887268,5,0
14.000000,14,15,3,6,0.30–0.40,0.30–0.40,measData_times_truth_over_meas.root,file1,8,18912.57994,-2558.046611,193.5673682,12.0156846,5,0
14.000000,14,15,3,6,0.30–0.40,0.30–0.40,measData_times_truth_over_meas.root,file2,8,18912.57994,-2558.046611,193.5673682,12.0156846,5,0
14.000000,14,15,3,7,0.30–0.40,0.40–0.50,measData_times_truth_over_meas.root,file1,8,10970.91681,-1487.184864,1129.328159,21.00014323,5,0
14.000000,14,15,3,7,0.30–0.40,0.40–0.50,measData_times_truth_over_meas.root,file2,8,10970.91681,-1487.184864,1129.328159,21.00014323,5,0
14.000000,14,15,3,8,0.30–0.40,0.50–0.65,measData_times_truth_over_meas.root,file1,8,7782.975932,-2186.792519,656.5865472,18.72350939,5,0
14.000000,14,15,3,8,0.30–0.40,0.50–0.65,measData_times_truth_over_meas.root,file2,8,7782.975932,-2186.792519,656.5865472,18.72350939,5,0
14.000000,14,15,3,9,0.30–0.40,0.65–0.80,measData_times_truth_over_meas.root,file1,8,3638.830037,-1309.346569,349.3790683,27.87721662,5,0
14.000000,14,15,3,9,0.30–0.40,0.65–0.80,measData_times_truth_over_meas.root,file2,8,3597.765546,-1293.517849,346.8614432,27.86741582,5,0
14.000000,14,15,3,10,0.30–0.40,0.80–1.00,measData_times_truth_over_meas.root,file1,6,1908.778738,-105.608852,626.8321762,8.901976496,3,0
14.000000,14,15,3,10,0.30–0.40,0.80–1.00,measData_times_truth_over_meas.root,file2,6,1651.624243,-94.0788157,540.1517587,8.860657641,3,0
14.000000,14,15,4,1,0.40–0.50,0.00–0.05,measData_times_truth_over_meas.root,file1,8,21731.76665,-2468.917643,-953.6907559,6.209780242,5,0
14.000000,14,15,4,1,0.40–0.50,0.00–0.05,measData_times_truth_over_meas.root,file2,8,21731.76665,-2468.917643,-953.6907559,6.209780242,5,0
14.000000,14,15,4,2,0.40–0.50,0.05–0.10,measData_times_truth_over_meas.root,file1,8,18427.77386,-722.3144539,309.8265903,17.37226612,5,0
14.000000,14,15,4,2,0.40–0.50,0.05–0.10,measData_times_truth_over_meas.root,file2,8,18427.77386,-722.3144539,309.8265903,17.37226612,5,0
14.000000,14,15,4,3,0.40–0.50,0.10–0.15,measData_times_truth_over_meas.root,file1,8,15421.51625,-606.2316017,-42.91650663,5.573654054,5,0
14.000000,14,15,4,3,0.40–0.50,0.10–0.15,measData_times_truth_over_meas.root,file2,8,15421.51625,-606.2316017,-42.91650663,5.573654054,5,0
14.000000,14,15,4,4,0.40–0.50,0.15–0.20,measData_times_truth_over_meas.root,file1,8,12985.67451,-698.2226478,214.7605776,18.95866479,5,0
14.000000,14,15,4,4,0.40–0.50,0.15–0.20,measData_times_truth_over_meas.root,file2,8,12985.67451,-698.2226478,214.7605776,18.95866479,5,0
14.000000,14,15,4,5,0.40–0.50,0.20–0.30,measData_times_truth_over_meas.root,file1,8,18187.2064,-2141.182657,-765.0070703,6.899411135,5,0
14.000000,14,15,4,5,0.40–0.50,0.20–0.30,measData_times_truth_over_meas.root,file2,8,18187.2064,-2141.182657,-765.0070703,6.899411135,5,0
14.000000,14,15,4,6,0.40–0.50,0.30–0.40,measData_times_truth_over_meas.root,file1,8,11763.72789,-1930.170761,231.2371736,11.5848135,5,0
14.000000,14,15,4,6,0.40–0.50,0.30–0.40,measData_times_truth_over_meas.root,file2,8,11763.72789,-1930.170761,231.2371736,11.5848135,5,0
14.000000,14,15,4,7,0.40–0.50,0.40–0.50,measData_times_truth_over_meas.root,file1,8,7372.33787,-2054.81586,-376.0604441,4.522487364,5,0
14.000000,14,15,4,7,0.40–0.50,0.40–0.50,measData_times_truth_over_meas.root,file2,8,7372.33787,-2054.81586,-376.0604441,4.522487364,5,0
14.000000,14,15,4,8,0.40–0.50,0.50–0.65,measData_times_truth_over_meas.root,file1,8,6319.185618,-747.6475961,469.452229,8.175095689,5,0
14.000000,14,15,4,8,0.40–0.50,0.50–0.65,measData_times_truth_over_meas.root,file2,8,6319.185618,-747.6475961,469.452229,8.175095689,5,0
14.000000,14,15,4,9,0.40–0.50,0.65–0.80,measData_times_truth_over_meas.root,file1,8,2859.442285,-978.3300595,165.4384906,7.405707524,5,0
14.000000,14,15,4,9,0.40–0.50,0.65–0.80,measData_times_truth_over_meas.root,file2,8,2830.165344,-953.1647949,179.9406054,7.524855154,5,0
14.000000,14,15,4,10,0.40–0.50,0.80–1.00,measData_times_truth_over_meas.root,file1,8,1499.625179,-629.5832052,312.9894626,19.7099158,5,0
14.000000,14,15,4,10,0.40–0.50,0.80–1.00,measData_times_truth_over_meas.root,file2,7,1307.332015,-553.796007,266.8290084,20.7532869,4,0
14.000000,14,15,4,11,0.40–0.50,1.00–1.50,measData_times_truth_over_meas.root,file1,8,695.3431163,-293.8229854,256.472953,2.941466479,5,0
14.000000,14,15,4,11,0.40–0.50,1.00–1.50,measData_times_truth_over_meas.root,file2,7,365.922078,-163.8279178,143.7860755,4.494690116,4,0
14.000000,14,15,5,1,0.50–0.60,0.00–0.05,measData_times_truth_over_meas.root,file1,8,11890.35693,-349.1713489,366.5751479,6.903328283,5,0
14.000000,14,15,5,1,0.50–0.60,0.00–0.05,measData_times_truth_over_meas.root,file2,8,11890.35693,-349.1713489,366.5751479,6.903328283,5,0
14.000000,14,15,5,2,0.50–0.60,0.05–0.10,measData_times_truth_over_meas.root,file1,8,9812.674461,-1266.090774,-208.7458295,9.926213996,5,0
14.000000,14,15,5,2,0.50–0.60,0.05–0.10,measData_times_truth_over_meas.root,file2,8,9812.674461,-1266.090774,-208.7458295,9.926213996,5,0
14.000000,14,15,5,3,0.50–0.60,0.10–0.15,measData_times_truth_over_meas.root,file1,7,9233.089603,366.6437657,527.4555999,1.782497343,4,0
14.000000,14,15,5,3,0.50–0.60,0.10–0.15,measData_times_truth_over_meas.root,file2,7,9233.089603,366.6437657,527.4555999,1.782497343,4,0
14.000000,14,15,5,4,0.50–0.60,0.15–0.20,measData_times_truth_over_meas.root,file1,6,7174.591295,-703.162934,-50.73690029,10.11698942,3,0
14.000000,14,15,5,4,0.50–0.60,0.15–0.20,measData_times_truth_over_meas.root,file2,6,7174.591295,-703.162934,-50.73690029,10.11698942,3,0
14.000000,14,15,5,5,0.50–0.60,0.20–0.30,measData_times_truth_over_meas.root,file1,7,11869.46257,-40.31093818,540.2478301,10.75279931,4,0
14.000000,14,15,5,5,0.50–0.60,0.20–0.30,measData_times_truth_over_meas.root,file2,7,11869.46257,-40.31093818,540.2478301,10.75279931,4,0
14.000000,14,15,5,6,0.50–0.60,0.30–0.40,measData_times_truth_over_meas.root,file1,8,7587.62465,-1043.089662,-188.9150677,9.043838762,5,0
14.000000,14,15,5,6,0.50–0.60,0.30–0.40,measData_times_truth_over_meas.root,file2,8,7587.62465,-1043.089662,-188.9150677,9.043838762,5,0
14.000000,14,15,5,7,0.50–0.60,0.40–0.50,measData_times_truth_over_meas.root,file1,6,5538.868348,-485.1778521,382.6483955,12.63666726,3,0
14.000000,14,15,5,7,0.50–0.60,0.40–0.50,measData_times_truth_over_meas.root,file2,6,5539.255607,-485.1056474,381.8272775,12.58770187,3,0
14.000000,14,15,5,8,0.50–0.60,0.50–0.65,measData_times_truth_over_meas.root,file1,7,4558.494155,-979.4174842,51.91052798,13.42491524,4,0
14.000000,14,15,5,8,0.50–0.60,0.50–0.65,measData_times_truth_over_meas.root,file2,7,4449.019288,-1081.926557,-28.55315958,13.04618859,4,0
14.000000,14,15,5,9,0.50–0.60,0.65–0.80,measData_times_truth_over_meas.root,file1,6,2787.108855,-170.3549418,671.6614871,5.140322324,3,0
14.000000,14,15,5,9,0.50–0.60,0.65–0.80,measData_times_truth_over_meas.root,file2,6,2455.262369,-186.4781712,561.9174945,4.048385986,3,0
14.000000,14,15,5,10,0.50–0.60,0.80–1.00,measData_times_truth_over_meas.root,file1,7,1537.077374,-649.3389879,267.6140604,10.27545285,4,0
14.000000,14,15,5,10,0.50–0.60,0.80–1.00,measData_times_truth_over_meas.root,file2,6,1164.004154,-337.4142755,309.497525,4.057929802,3,0
14.000000,14,15,5,11,0.50–0.60,1.00–1.50,measData_times_truth_over_meas.root,file1,7,819.6607269,-118.2249864,351.0232034,9.961863666,4,0
14.000000,14,15,5,11,0.50–0.60,1.00–1.50,measData_times_truth_over_meas.root,file2,6,371.1745635,50.94061904,192.8720983,5.104812857,3,0
14.000000,14,15,6,1,0.60–0.70,0.00–0.05,measData_times_truth_over_meas.root,file1,8,7217.75514,-596.0330502,-34.61043606,10.48988383,5,0
14.000000,14,15,6,1,0.60–0.70,0.00–0.05,measData_times_truth_over_meas.root,file2,8,7217.75514,-596.0330502,-34.61043606,10.48988383,5,0
14.000000,14,15,6,2,0.60–0.70,0.05–0.10,measData_times_truth_over_meas.root,file1,8,6519.818426,109.7465534,-277.5328534,2.568271204,5,0
14.000000,14,15,6,2,0.60–0.70,0.05–0.10,measData_times_truth_over_meas.root,file2,8,6519.818426,109.7465534,-277.5328534,2.568271204,5,0
14.000000,14,15,6,3,0.60–0.70,0.10–0.15,measData_times_truth_over_meas.root,file1,8,5578.811554,45.19877132,92.29601491,1.8530743,5,0
14.000000,14,15,6,3,0.60–0.70,0.10–0.15,measData_times_truth_over_meas.root,file2,8,5578.811554,45.19877132,92.29601491,1.8530743,5,0
14.000000,14,15,6,4,0.60–0.70,0.15–0.20,measData_times_truth_over_meas.root,file1,6,4907.608022,-105.2759745,-10.11462691,4.070068727,3,0
14.000000,14,15,6,4,0.60–0.70,0.15–0.20,measData_times_truth_over_meas.root,file2,6,4907.342013,-105.5093266,-10.36495468,4.069249509,3,0
14.000000,14,15,6,5,0.60–0.70,0.20–0.30,measData_times_truth_over_meas.root,file1,6,7113.195936,-484.1760764,-213.0650998,4.193090181,3,0
14.000000,14,15,6,5,0.60–0.70,0.20–0.30,measData_times_truth_over_meas.root,file2,6,7064.764067,-617.8892617,-357.3584004,5.433442666,3,0
14.000000,14,15,6,6,0.60–0.70,0.30–0.40,measData_times_truth_over_meas.root,file1,6,4986.948759,-353.8958138,-209.7345809,7.32554823,3,0
14.000000,14,15,6,6,0.60–0.70,0.30–0.40,measData_times_truth_over_meas.root,file2,7,4888.745288,-330.2216535,-188.0619504,7.145468023,4,0
14.000000,14,15,6,7,0.60–0.70,0.40–0.50,measData_times_truth_over_meas.root,file1,6,3670.310423,-274.5555401,-13.1173229,20.59110611,3,0
14.000000,14,15,6,7,0.60–0.70,0.40–0.50,measData_times_truth_over_meas.root,file2,6,3310.94202,-350.5052643,-8.987841374,14.80713225,3,0
14.000000,14,15,6,8,0.60–0.70,0.50–0.65,measData_times_truth_over_meas.root,file1,6,3490.029377,-218.2257144,366.8378358,7.872200769,3,0
14.000000,14,15,6,8,0.60–0.70,0.50–0.65,measData_times_truth_over_meas.root,file2,6,2677.306725,-276.9470779,313.8532848,5.565177268,3,0
14.000000,14,15,6,9,0.60–0.70,0.65–0.80,measData_times_truth_over_meas.root,file1,6,1907.084045,-389.4253746,101.0831778,5.635077573,3,0
14.000000,14,15,6,9,0.60–0.70,0.65–0.80,measData_times_truth_over_meas.root,file2,6,977.1561446,-281.9811296,-22.12026583,1.797000763,3,0
14.000000,14,15,6,10,0.60–0.70,0.80–1.00,measData_times_truth_over_meas.root,file1,6,1397.374869,-344.2570828,129.1745684,3.371316972,3,0
14.000000,14,15,6,11,0.60–0.70,1.00–1.50,measData_times_truth_over_meas.root,file1,6,795.5204653,-192.1469917,137.9515559,12.52132508,3,0
14.000000,14,15,7,1,0.70–0.80,0.00–0.05,measData_times_truth_over_meas.root,file1,8,4382.238583,192.9712238,5.469042334,29.90712534,5,0
14.000000,14,15,7,1,0.70–0.80,0.00–0.05,measData_times_truth_over_meas.root,file2,8,3906.840912,231.3993459,84.24152091,34.9255112,5,0
14.000000,14,15,7,2,0.70–0.80,0.05–0.10,measData_times_truth_over_meas.root,file1,8,3776.405355,249.6192283,17.76438183,9.886468306,5,0
14.000000,14,15,7,2,0.70–0.80,0.05–0.10,measData_times_truth_over_meas.root,file2,8,3249.752377,34.44108212,48.02707908,8.968108416,5,0
14.000000,14,15,7,3,0.70–0.80,0.10–0.15,measData_times_truth_over_meas.root,file1,8,3245.468684,17.75455682,66.77202068,16.57115247,5,0
14.000000,14,15,7,3,0.70–0.80,0.10–0.15,measData_times_truth_over_meas.root,file2,6,2614.496539,-2.413325555,19.41773197,13.02344748,3,0
14.000000,14,15,7,4,0.70–0.80,0.15–0.20,measData_times_truth_over_meas.root,file1,7,2720.19481,-45.94948216,-111.421243,7.050551354,4,0
14.000000,14,15,7,4,0.70–0.80,0.15–0.20,measData_times_truth_over_meas.root,file2,6,1724.139594,-570.7265758,-331.1115539,22.1166826,3,0
14.000000,14,15,7,5,0.70–0.80,0.20–0.30,measData_times_truth_over_meas.root,file1,6,4208.16217,-136.5791744,-23.93788627,1.011401338,3,0
14.000000,14,15,7,5,0.70–0.80,0.20–0.30,measData_times_truth_over_meas.root,file2,6,2420.534557,-458.2105502,-151.8907243,7.496564872,3,0
14.000000,14,15,7,6,0.70–0.80,0.30–0.40,measData_times_truth_over_meas.root,file1,6,2915.021957,-336.7115451,-252.2252174,1.281624281,3,0
14.000000,14,15,7,7,0.70–0.80,0.40–0.50,measData_times_truth_over_meas.root,file1,6,2551.276425,100.5663998,46.21340375,12.28870055,3,0
14.000000,14,15,7,8,0.70–0.80,0.50–0.65,measData_times_truth_over_meas.root,file1,6,2554.547924,-205.0241153,261.0014439,7.981310678,3,0
14.000000,14,15,7,9,0.70–0.80,0.65–0.80,measData_times_truth_over_meas.root,file1,6,1533.472728,-102.6819194,-35.11134033,8.658570837,3,0
14.000000,14,15,7,10,0.70–0.80,0.80–1.00,measData_times_truth_over_meas.root,file1,6,1112.173543,209.7162855,264.7332631,4.302492206,3,0
14.000000,14,15,7,11,0.70–0.80,1.00–1.50,measData_times_truth_over_meas.root,file1,6,507.8322979,-16.24231791,-100.5855076,6.650934187,3,0
14.000000,14,15,8,1,0.80–1.00,0.00–0.05,measData_times_truth_over_meas.root,file1,8,3620.667951,53.30944501,-258.4789496,23.77616289,5,0
14.000000,14,15,8,2,0.80–1.00,0.05–0.10,measData_times_truth_over_meas.root,file1,8,3445.491766,441.8149371,-16.3462187,3.43617319,5,0
14.000000,14,15,8,3,0.80–1.00,0.10–0.15,measData_times_truth_over_meas.root,file1,8,3155.98724,495.9265794,-42.49826945,8.28656582,5,0
14.000000,14,15,8,4,0.80–1.00,0.15–0.20,measData_times_truth_over_meas.root,file1,7,2816.708857,550.2279929,-130.5621205,0.9425185179,4,0
14.000000,14,15,8,5,0.80–1.00,0.20–0.30,measData_times_truth_over_meas.root,file1,7,4745.74082,1020.538114,-140.9803065,2.858841132,4,0
14.000000,14,15,8,6,0.80–1.00,0.30–0.40,measData_times_truth_over_meas.root,file1,6,2768.961471,-526.5102856,-940.0445139,8.282472965,3,0
14.000000,14,15,8,7,0.80–1.00,0.40–0.50,measData_times_truth_over_meas.root,file1,6,1765.903348,-598.3648492,-555.5432809,1.850258184,3,0
14.000000,14,15,8,8,0.80–1.00,0.50–0.65,measData_times_truth_over_meas.root,file1,6,2141.452042,680.5252846,62.61444504,29.42074057,3,0
14.000000,14,15,8,9,0.80–1.00,0.65–0.80,measData_times_truth_over_meas.root,file1,6,944.1249625,278.3291455,29.0798113,44.28156269,3,0
15.000000,15,16,1,1,0.00–0.20,0.00–0.05,measData_times_truth_over_meas.root,file1,8,1952609.296,836169.5166,442366.864,8.122277798,5,0
15.000000,15,16,1,1,0.00–0.20,0.00–0.05,measData_times_truth_over_meas.root,file2,8,1932050.666,827333.2146,437682.7725,8.121259071,5,0
15.000000,15,16,1,2,0.00–0.20,0.05–0.10,measData_times_truth_over_meas.root,file1,7,861843.4645,51115.02138,234353.2769,8.940324115,4,0
15.000000,15,16,1,2,0.00–0.20,0.05–0.10,measData_times_truth_over_meas.root,file2,7,838211.7194,49710.362,227898.0942,8.945975886,4,0
15.000000,15,16,1,3,0.00–0.20,0.10–0.15,measData_times_truth_over_meas.root,file1,7,381983.2684,-26375.4954,21359.30505,12.89898876,4,0
15.000000,15,16,1,3,0.00–0.20,0.10–0.15,measData_times_truth_over_meas.root,file2,7,360343.0122,-24874.45808,20132.04392,12.89501524,4,0
15.000000,15,16,2,1,0.20–0.30,0.00–0.05,measData_times_truth_over_meas.root,file1,8,222697.661,-12720.08767,20746.727,8.649346457,5,0
15.000000,15,16,2,1,0.20–0.30,0.00–0.05,measData_times_truth_over_meas.root,file2,8,222697.661,-12720.08767,20746.727,8.649346457,5,0
15.000000,15,16,2,2,0.20–0.30,0.05–0.10,measData_times_truth_over_meas.root,file1,8,166348.7514,-3918.909756,9106.633607,14.28582038,5,0
15.000000,15,16,2,2,0.20–0.30,0.05–0.10,measData_times_truth_over_meas.root,file2,8,166348.7514,-3918.909756,9106.633607,14.28582038,5,0
15.000000,15,16,2,3,0.20–0.30,0.10–0.15,measData_times_truth_over_meas.root,file1,8,123865.8145,6293.90234,-186.2234564,9.788751669,5,0
15.000000,15,16,2,3,0.20–0.30,0.10–0.15,measData_times_truth_over_meas.root,file2,8,123865.6318,6293.624188,-186.4627396,9.789211499,5,0
15.000000,15,16,2,4,0.20–0.30,0.15–0.20,measData_times_truth_over_meas.root,file1,8,86808.10493,1858.163262,-3326.609545,5.418166963,5,0
15.000000,15,16,2,4,0.20–0.30,0.15–0.20,measData_times_truth_over_meas.root,file2,8,86268.45885,1845.535475,-3218.605525,5.288263647,5,0
15.000000,15,16,2,5,0.20–0.30,0.20–0.30,measData_times_truth_over_meas.root,file1,8,102178.2854,-6961.094814,-5941.902586,32.01402098,5,0
15.000000,15,16,2,5,0.20–0.30,0.20–0.30,measData_times_truth_over_meas.root,file2,8,95750.88065,-6583.727465,-5580.301855,31.79713145,5,0
15.000000,15,16,2,6,0.20–0.30,0.30–0.40,measData_times_truth_over_meas.root,file1,7,59807.84385,-18939.43074,3719.496069,3.839577242,4,0
15.000000,15,16,2,6,0.20–0.30,0.30–0.40,measData_times_truth_over_meas.root,file2,7,48463.8766,-15317.78523,3004.630663,3.875666233,4,0
15.000000,15,16,3,1,0.30–0.40,0.00–0.05,measData_times_truth_over_meas.root,file1,8,99963.53557,-4113.915993,5560.77026,37.49255041,5,0
15.000000,15,16,3,1,0.30–0.40,0.00–0.05,measData_times_truth_over_meas.root,file2,8,99963.53557,-4113.915993,5560.77026,37.49255041,5,0
15.000000,15,16,3,2,0.30–0.40,0.05–0.10,measData_times_truth_over_meas.root,file1,8,74857.23201,-2327.639158,4254.212446,25.82759918,5,0
15.000000,15,16,3,2,0.30–0.40,0.05–0.10,measData_times_truth_over_meas.root,file2,8,74856.00187,-2328.736333,4255.505596,25.8304152,5,0
15.000000,15,16,3,3,0.30–0.40,0.10–0.15,measData_times_truth_over_meas.root,file1,8,60464.67774,1153.621997,-882.4126152,5.060650945,5,0
15.000000,15,16,3,3,0.30–0.40,0.10–0.15,measData_times_truth_over_meas.root,file2,8,60447.11017,1159.274194,-864.9916188,5.042298199,5,0
15.000000,15,16,3,4,0.30–0.40,0.15–0.20,measData_times_truth_over_meas.root,file1,8,49266.8481,2266.947248,1823.406726,5.987826997,5,0
15.000000,15,16,3,4,0.30–0.40,0.15–0.20,measData_times_truth_over_meas.root,file2,8,48329.18916,1797.25565,1653.086544,5.771713648,5,0
15.000000,15,16,3,5,0.30–0.40,0.20–0.30,measData_times_truth_over_meas.root,file1,8,64746.61642,5795.009838,-1010.03905,15.95761976,5,0
15.000000,15,16,3,5,0.30–0.40,0.20–0.30,measData_times_truth_over_meas.root,file2,8,60007.39795,4388.815829,-736.3792052,5.070590472,5,0
15.000000,15,16,3,6,0.30–0.40,0.30–0.40,measData_times_truth_over_meas.root,file1,8,33573.79396,472.9441955,-40.00233763,9.847809851,5,0
15.000000,15,16,3,6,0.30–0.40,0.30–0.40,measData_times_truth_over_meas.root,file2,8,28545.66576,-19.57903458,185.2778588,8.324261095,5,0
15.000000,15,16,3,7,0.30–0.40,0.40–0.50,measData_times_truth_over_meas.root,file1,8,17787.97843,-1425.507527,1209.550427,3.807077152,5,0
15.000000,15,16,3,7,0.30–0.40,0.40–0.50,measData_times_truth_over_meas.root,file2,8,12978.31454,-1491.420358,730.4069495,4.290825277,5,0
15.000000,15,16,3,8,0.30–0.40,0.50–0.65,measData_times_truth_over_meas.root,file1,7,12435.87195,-2463.959661,748.271013,2.964969765,4,0
15.000000,15,16,3,8,0.30–0.40,0.50–0.65,measData_times_truth_over_meas.root,file2,7,6861.232629,-1533.921972,527.2307509,3.069248969,4,0
15.000000,15,16,4,1,0.40–0.50,0.00–0.05,measData_times_truth_over_meas.root,file1,8,54803.17932,-770.4481187,-184.4784397,31.26140495,5,0
15.000000,15,16,4,1,0.40–0.50,0.00–0.05,measData_times_truth_over_meas.root,file2,8,54722.20419,-844.5057277,-241.7448491,32.348994,5,0
15.000000,15,16,4,2,0.40–0.50,0.05–0.10,measData_times_truth_over_meas.root,file1,8,42744.64255,-1855.315043,-821.7502262,6.557211831,5,0
15.000000,15,16,4,2,0.40–0.50,0.05–0.10,measData_times_truth_over_meas.root,file2,8,41829.88985,-2481.734723,-745.7698478,12.01897664,5,0
15.000000,15,16,4,3,0.40–0.50,0.10–0.15,measData_times_truth_over_meas.root,file1,8,33457.4369,-1592.006522,-312.3263652,8.693601992,5,0
15.000000,15,16,4,3,0.40–0.50,0.10–0.15,measData_times_truth_over_meas.root,file2,8,32080.31196,-1953.133244,-261.3024772,6.994379836,5,0
15.000000,15,16,4,4,0.40–0.50,0.15–0.20,measData_times_truth_over_meas.root,file1,8,27803.16684,725.4622904,640.6589356,16.0424748,5,0
15.000000,15,16,4,4,0.40–0.50,0.15–0.20,measData_times_truth_over_meas.root,file2,8,25177.8226,-477.3766901,201.1517811,18.840512,5,0
15.000000,15,16,4,5,0.40–0.50,0.20–0.30,measData_times_truth_over_meas.root,file1,8,40141.54781,4651.535183,1391.249909,15.8469098,5,0
15.000000,15,16,4,5,0.40–0.50,0.20–0.30,measData_times_truth_over_meas.root,file2,8,33400.37308,1769.020596,1108.180419,16.00788028,5,0
15.000000,15,16,4,6,0.40–0.50,0.30–0.40,measData_times_truth_over_meas.root,file1,8,23145.32466,2858.198421,1459.097405,16.38562378,5,0
15.000000,15,16,4,6,0.40–0.50,0.30–0.40,measData_times_truth_over_meas.root,file2,8,17041.6011,946.4975412,1385.765124,11.21243069,5,0
15.000000,15,16,4,7,0.40–0.50,0.40–0.50,measData_times_truth_over_meas.root,file1,8,13704.67441,848.8032424,1662.86968,3.831811795,5,0
15.000000,15,16,4,7,0.40–0.50,0.40–0.50,measData_times_truth_over_meas.root,file2,8,8320.321574,-696.4215036,780.4937679,7.169682958,5,0
15.000000,15,16,4,8,0.40–0.50,0.50–0.65,measData_times_truth_over_meas.root,file1,8,9244.277039,91.90986386,1018.276933,10.82260367,5,0
15.000000,15,16,4,8,0.40–0.50,0.50–0.65,measData_times_truth_over_meas.root,file2,8,4698.38753,-234.7547119,565.5487113,8.122980441,5,0
15.000000,15,16,4,9,0.40–0.50,0.65–0.80,measData_times_truth_over_meas.root,file1,8,3840.031016,-734.4621295,554.4694813,31.14758517,5,0
15.000000,15,16,4,9,0.40–0.50,0.65–0.80,measData_times_truth_over_meas.root,file2,7,1163.990011,-437.7107184,183.3061402,26.6774802,4,0
15.000000,15,16,5,1,0.50–0.60,0.00–0.05,measData_times_truth_over_meas.root,file1,8,31499.44412,-354.1792991,-638.207367,10.46473043,5,0
15.000000,15,16,5,1,0.50–0.60,0.00–0.05,measData_times_truth_over_meas.root,file2,8,28830.95011,-510.112937,-636.6617121,14.25773598,5,0
15.000000,15,16,5,2,0.50–0.60,0.05–0.10,measData_times_truth_over_meas.root,file1,8,25261.49158,173.5787607,42.24389461,2.223268814,5,0
15.000000,15,16,5,2,0.50–0.60,0.05–0.10,measData_times_truth_over_meas.root,file2,8,21407.29271,-622.4684634,-283.9213087,4.68167976,5,0
15.000000,15,16,5,3,0.50–0.60,0.10–0.15,measData_times_truth_over_meas.root,file1,8,19204.59984,-1185.136979,-618.4224811,4.496120656,5,0
15.000000,15,16,5,3,0.50–0.60,0.10–0.15,measData_times_truth_over_meas.root,file2,8,15540.18509,-1502.050009,-399.6440269,2.475485625,5,0
15.000000,15,16,5,4,0.50–0.60,0.15–0.20,measData_times_truth_over_meas.root,file1,8,15856.13934,-1277.869847,279.7257437,11.759255,5,0
15.000000,15,16,5,4,0.50–0.60,0.15–0.20,measData_times_truth_over_meas.root,file2,8,11862.88417,-1926.001574,-180.9505998,10.51565796,5,0
15.000000,15,16,5,5,0.50–0.60,0.20–0.30,measData_times_truth_over_meas.root,file1,8,22676.83335,-542.737787,248.7352031,15.41982937,5,0
15.000000,15,16,5,5,0.50–0.60,0.20–0.30,measData_times_truth_over_meas.root,file2,8,15511.40703,-1112.428027,488.3927333,18.98561017,5,0
15.000000,15,16,5,6,0.50–0.60,0.30–0.40,measData_times_truth_over_meas.root,file1,8,14787.16231,-1068.579048,-145.356456,2.248070754,5,0
15.000000,15,16,5,6,0.50–0.60,0.30–0.40,measData_times_truth_over_meas.root,file2,8,8309.111961,-911.2689939,-108.3428109,4.569057751,5,0
15.000000,15,16,5,7,0.50–0.60,0.40–0.50,measData_times_truth_over_meas.root,file1,8,9253.439416,-465.6805105,456.1426154,1.102327988,5,0
15.000000,15,16,5,7,0.50–0.60,0.40–0.50,measData_times_truth_over_meas.root,file2,8,4343.448674,-226.7743789,233.8663444,1.25448529,5,0
15.000000,15,16,5,8,0.50–0.60,0.50–0.65,measData_times_truth_over_meas.root,file1,8,7590.288728,-927.1989782,1196.588297,14.27217528,5,0
15.000000,15,16,5,8,0.50–0.60,0.50–0.65,measData_times_truth_over_meas.root,file2,7,2406.098625,-419.599094,331.9790461,10.23484749,4,0
15.000000,15,16,5,9,0.50–0.60,0.65–0.80,measData_times_truth_over_meas.root,file1,7,3732.282228,-1138.179284,335.3774794,15.4272016,4,0
15.000000,15,16,5,9,0.50–0.60,0.65–0.80,measData_times_truth_over_meas.root,file2,6,628.4004733,-106.7433855,59.79052227,15.78816035,3,0
15.000000,15,16,5,10,0.50–0.60,0.80–1.00,measData_times_truth_over_meas.root,file1,6,1712.824934,-97.79890021,512.4030462,3.441192288,3,0
15.000000,15,16,5,11,0.50–0.60,1.00–1.50,measData_times_truth_over_meas.root,file1,6,546.1865912,182.5422883,297.8419544,2.227767926,3,0
15.000000,15,16,6,1,0.60–0.70,0.00–0.05,measData_times_truth_over_meas.root,file1,8,16977.49041,-124.4044809,203.7549064,8.125892442,5,0
15.000000,15,16,6,1,0.60–0.70,0.00–0.05,measData_times_truth_over_meas.root,file2,8,11029.95373,-136.6658135,25.26158415,11.59400271,5,0
15.000000,15,16,6,2,0.60–0.70,0.05–0.10,measData_times_truth_over_meas.root,file1,8,13883.24828,-378.0387012,-275.1813949,7.731825267,5,0
15.000000,15,16,6,2,0.60–0.70,0.05–0.10,measData_times_truth_over_meas.root,file2,8,8303.539275,-4.659607623,-324.1951146,4.276823312,5,0
15.000000,15,16,6,3,0.60–0.70,0.10–0.15,measData_times_truth_over_meas.root,file1,8,11581.09121,-397.0091204,237.2594779,1.982978034,5,0
15.000000,15,16,6,3,0.60–0.70,0.10–0.15,measData_times_truth_over_meas.root,file2,8,6333.337192,-56.41750752,178.7785561,3.258380522,5,0
15.000000,15,16,6,4,0.60–0.70,0.15–0.20,measData_times_truth_over_meas.root,file1,8,9578.736086,-1160.986003,-33.70692258,2.772950189,5,0
15.000000,15,16,6,4,0.60–0.70,0.15–0.20,measData_times_truth_over_meas.root,file2,8,4312.045345,-805.9030493,-288.8426317,7.199306142,5,0
15.000000,15,16,6,5,0.60–0.70,0.20–0.30,measData_times_truth_over_meas.root,file1,8,14111.76093,-1651.954271,-517.3023997,10.04972022,5,0
15.000000,15,16,6,5,0.60–0.70,0.20–0.30,measData_times_truth_over_meas.root,file2,7,5161.8238,-646.384197,-410.619284,17.63262573,4,0
15.000000,15,16,6,6,0.60–0.70,0.30–0.40,measData_times_truth_over_meas.root,file1,8,9847.221926,-1154.161967,544.9710821,6.757452776,5,0
15.000000,15,16,6,6,0.60–0.70,0.30–0.40,measData_times_truth_over_meas.root,file2,7,2603.173397,-186.6408487,93.96691231,0.3247942084,4,0
15.000000,15,16,6,7,0.60–0.70,0.40–0.50,measData_times_truth_over_meas.root,file1,8,6017.370549,-1043.365167,19.50890258,5.071777514,5,0
15.000000,15,16,6,7,0.60–0.70,0.40–0.50,measData_times_truth_over_meas.root,file2,6,1078.053692,-79.78422549,124.844052,1.327012344,3,0
15.000000,15,16,6,8,0.60–0.70,0.50–0.65,measData_times_truth_over_meas.root,file1,8,7246.252549,-2731.002439,166.9538675,26.61994149,5,0
15.000000,15,16,6,8,0.60–0.70,0.50–0.65,measData_times_truth_over_meas.root,file2,6,496.107424,-217.1146924,-36.78072934,2.276529757,3,0
15.000000,15,16,6,9,0.60–0.70,0.65–0.80,measData_times_truth_over_meas.root,file1,8,3440.864893,-1111.798259,130.4710992,4.177015255,5,0
15.000000,15,16,6,10,0.60–0.70,0.80–1.00,measData_times_truth_over_meas.root,file1,6,903.6942576,-250.322452,-86.27014856,4.155409667,3,0
15.000000,15,16,6,11,0.60–0.70,1.00–1.50,measData_times_truth_over_meas.root,file1,6,599.8199279,11.27879451,247.5841432,4.774667691,3,0
15.000000,15,16,7,1,0.70–0.80,0.00–0.05,measData_times_truth_over_meas.root,file1,8,9781.561131,-34.8691217,-22.53423277,8.116687649,5,0
15.000000,15,16,7,1,0.70–0.80,0.00–0.05,measData_times_truth_over_meas.root,file2,8,1922.228532,9.363153333,-70.38813556,6.989128231,5,0
15.000000,15,16,7,2,0.70–0.80,0.05–0.10,measData_times_truth_over_meas.root,file1,8,8791.90759,-520.2201225,-557.4719601,7.511434621,5,0
15.000000,15,16,7,2,0.70–0.80,0.05–0.10,measData_times_truth_over_meas.root,file2,8,1572.565723,23.11846161,-44.99519901,7.934894408,5,0
15.000000,15,16,7,3,0.70–0.80,0.10–0.15,measData_times_truth_over_meas.root,file1,8,7664.342723,-654.7895364,-391.9778997,3.84925715,5,0
15.000000,15,16,7,3,0.70–0.80,0.10–0.15,measData_times_truth_over_meas.root,file2,7,976.1693446,48.41910023,-40.3903999,5.134874427,4,0
15.000000,15,16,7,4,0.70–0.80,0.15–0.20,measData_times_truth_over_meas.root,file1,8,6297.430512,-310.4861443,-302.928372,1.833854521,5,0
15.000000,15,16,7,4,0.70–0.80,0.15–0.20,measData_times_truth_over_meas.root,file2,6,568.8562085,-133.389709,-66.92170228,1.667420723,3,0
15.000000,15,16,7,5,0.70–0.80,0.20–0.30,measData_times_truth_over_meas.root,file1,8,8448.604582,-1278.204921,-844.9726995,6.731713062,5,0
15.000000,15,16,7,5,0.70–0.80,0.20–0.30,measData_times_truth_over_meas.root,file2,6,643.5347761,9.595923625,-121.9958416,0.3110959763,3,0
15.000000,15,16,7,6,0.70–0.80,0.30–0.40,measData_times_truth_over_meas.root,file1,8,6473.86466,-2137.082167,-766.6723222,5.94202191,5,0
15.000000,15,16,7,7,0.70–0.80,0.40–0.50,measData_times_truth_over_meas.root,file1,8,7269.041405,-1875.181309,400.2190787,24.85300797,5,0
15.000000,15,16,7,8,0.70–0.80,0.50–0.65,measData_times_truth_over_meas.root,file1,8,6085.829061,-2317.141853,29.60745138,32.04697255,5,0
15.000000,15,16,7,9,0.70–0.80,0.65–0.80,measData_times_truth_over_meas.root,file1,8,1311.019801,-278.3109832,175.2224563,8.678375092,5,0
15.000000,15,16,7,10,0.70–0.80,0.80–1.00,measData_times_truth_over_meas.root,file1,6,451.016245,-261.6262267,-115.1520941,5.638911552,3,0
15.000000,15,16,8,1,0.80–1.00,0.00–0.05,measData_times_truth_over_meas.root,file1,8,10710.78674,-413.877426,-309.6131375,4.639113757,5,0
15.000000,15,16,8,2,0.80–1.00,0.05–0.10,measData_times_truth_over_meas.root,file1,8,9202.294135,-581.6798751,-1068.036394,3.223251122,5,0
15.000000,15,16,8,3,0.80–1.00,0.10–0.15,measData_times_truth_over_meas.root,file1,8,8012.452883,-823.1774624,-1013.743692,20.41222589,5,0
15.000000,15,16,8,4,0.80–1.00,0.15–0.20,measData_times_truth_over_meas.root,file1,8,6835.943867,-447.4119478,-1254.079251,16.32372613,5,0
15.000000,15,16,8,5,0.80–1.00,0.20–0.30,measData_times_truth_over_meas.root,file1,8,11143.78511,-1619.106909,-1827.859261,31.10607444,5,0
15.000000,15,16,8,6,0.80–1.00,0.30–0.40,measData_times_truth_over_meas.root,file1,8,7328.515582,-1643.510649,-1505.145594,48.42298236,5,0
15.000000,15,16,8,7,0.80–1.00,0.40–0.50,measData_times_truth_over_meas.root,file1,8,2802.220017,-367.0036923,-2.568902762,25.07008178,5,0
15.000000,15,16,8,8,0.80–1.00,0.50–0.65,measData_times_truth_over_meas.root,file1,7,553.5950975,88.08582486,9.193624109,23.94949328,4,0
15.000000,15,16,8,9,0.80–1.00,0.65–0.80,measData_times_truth_over_meas.root,file1,6,525.1908401,-87.4241923,235.1813502,11.97348395,3,0
16.000000,16,17,1,1,0.00–0.20,0.00–0.05,measData_times_truth_over_meas.root,file1,8,1936222.61,553843.1239,721573.3162,7.276293374,5,0
16.000000,16,17,1,1,0.00–0.20,0.00–0.05,measData_times_truth_over_meas.root,file2,8,1926320.997,551019.4577,717896.9903,7.275614451,5,0
16.000000,16,17,1,2,0.00–0.20,0.05–0.10,measData_times_truth_over_meas.root,file1,8,593378.7151,-95660.81749,-23827.64802,28.70207353,5,0
16.000000,16,17,1,2,0.00–0.20,0.05–0.10,measData_times_truth_over_meas.root,file2,8,585922.0913,-94457.40469,-23569.73745,28.68043283,5,0
16.000000,16,17,1,3,0.00–0.20,0.10–0.15,measData_times_truth_over_meas.root,file1,8,299594.9217,-11233.25451,-1094.715527,1.784650526,5,0
16.000000,16,17,1,3,0.00–0.20,0.10–0.15,measData_times_truth_over_meas.root,file2,8,292173.0789,-10965.98521,-1091.215784,1.786457647,5,0
16.000000,16,17,1,4,0.00–0.20,0.15–0.20,measData_times_truth_over_meas.root,file1,8,174903.9425,-20765.88471,3887.85888,6.22784204,5,0
16.000000,16,17,1,4,0.00–0.20,0.15–0.20,measData_times_truth_over_meas.root,file2,8,167109.5386,-19820.11889,3706.808269,6.209652008,5,0
16.000000,16,17,1,5,0.00–0.20,0.20–0.30,measData_times_truth_over_meas.root,file1,8,158854.8711,-22481.16604,-18089.85162,14.55685981,5,0
16.000000,16,17,1,5,0.00–0.20,0.20–0.30,measData_times_truth_over_meas.root,file2,8,146291.4189,-20799.40104,-16666.83964,14.58094107,5,0
16.000000,16,17,2,1,0.20–0.30,0.00–0.05,measData_times_truth_over_meas.root,file1,8,160806.0889,689.175942,14397.22202,25.55946714,5,0
16.000000,16,17,2,1,0.20–0.30,0.00–0.05,measData_times_truth_over_meas.root,file2,8,160806.0889,689.175942,14397.22202,25.55946714,5,0
16.000000,16,17,2,2,0.20–0.30,0.05–0.10,measData_times_truth_over_meas.root,file1,8,121898.2109,-8054.445949,4715.626635,14.05148678,5,0
16.000000,16,17,2,2,0.20–0.30,0.05–0.10,measData_times_truth_over_meas.root,file2,8,121898.2109,-8054.445949,4715.626635,14.05148678,5,0
16.000000,16,17,2,3,0.20–0.30,0.10–0.15,measData_times_truth_over_meas.root,file1,8,93518.7812,1503.328383,3968.676666,14.64453341,5,0
16.000000,16,17,2,3,0.20–0.30,0.10–0.15,measData_times_truth_over_meas.root,file2,8,93518.7812,1503.328383,3968.676666,14.64453341,5,0
16.000000,16,17,2,4,0.20–0.30,0.15–0.20,measData_times_truth_over_meas.root,file1,8,67679.62576,-2586.13816,-122.3630025,6.128255911,5,0
16.000000,16,17,2,4,0.20–0.30,0.15–0.20,measData_times_truth_over_meas.root,file2,8,67526.22702,-2575.702367,-92.32008501,6.113997417,5,0
16.000000,16,17,2,5,0.20–0.30,0.20–0.30,measData_times_truth_over_meas.root,file1,8,80933.66232,-6756.139535,-2693.201807,17.45691085,5,0
16.000000,16,17,2,5,0.20–0.30,0.20–0.30,measData_times_truth_over_meas.root,file2,8,78819.74514,-6607.058241,-2608.025132,17.73387187,5,0
16.000000,16,17,2,6,0.20–0.30,0.30–0.40,measData_times_truth_over_meas.root,file1,8,40509.89203,-7399.968875,-1288.89959,2.417466253,5,0
16.000000,16,17,2,6,0.20–0.30,0.30–0.40,measData_times_truth_over_meas.root,file2,8,37490.54503,-6816.828646,-1207.499691,2.41395531,5,0
16.000000,16,17,2,7,0.20–0.30,0.40–0.50,measData_times_truth_over_meas.root,file1,8,20690.56815,-2064.712329,-1266.652578,10.55803013,5,0
16.000000,16,17,2,7,0.20–0.30,0.40–0.50,measData_times_truth_over_meas.root,file2,8,17662.44402,-1771.552164,-1094.037756,10.47177499,5,0
16.000000,16,17,2,8,0.20–0.30,0.50–0.65,measData_times_truth_over_meas.root,file1,8,17483.35635,-3597.952575,3999.760377,9.129010269,5,0
16.000000,16,17,2,8,0.20–0.30,0.50–0.65,measData_times_truth_over_meas.root,file2,8,14033.14626,-2931.029571,3223.375854,9.188601154,5,0
16.000000,16,17,3,1,0.30–0.40,0.00–0.05,measData_times_truth_over_meas.root,file1,8,72247.35932,-5876.186542,-683.4939824,20.57683198,5,0
16.000000,16,17,3,1,0.30–0.40,0.00–0.05,measData_times_truth_over_meas.root,file2,8,72247.35932,-5876.186542,-683.4939824,20.57683198,5,0
16.000000,16,17,3,2,0.30–0.40,0.05–0.10,measData_times_truth_over_meas.root,file1,8,58050.76307,-2725.798171,1960.362798,15.52497865,5,0
16.000000,16,17,3,2,0.30–0.40,0.05–0.10,measData_times_truth_over_meas.root,file2,8,58048.4167,-2725.800464,1959.662226,15.54844398,5,0
16.000000,16,17,3,3,0.30–0.40,0.10–0.15,measData_times_truth_over_meas.root,file1,8,45379.86635,-2092.318596,1605.202549,19.74544145,5,0
16.000000,16,17,3,3,0.30–0.40,0.10–0.15,measData_times_truth_over_meas.root,file2,8,45299.23932,-2114.569193,1612.62113,19.6220432,5,0
16.000000,16,17,3,4,0.30–0.40,0.15–0.20,measData_times_truth_over_meas.root,file1,8,36432.78898,-1323.817697,-231.7935351,12.76140424,5,0
16.000000,16,17,3,4,0.30–0.40,0.15–0.20,measData_times_truth_over_meas.root,file2,8,35899.11814,-1650.590235,-245.0297496,11.65035585,5,0
16.000000,16,17,3,5,0.30–0.40,0.20–0.30,measData_times_truth_over_meas.root,file1,8,51198.0144,1052.435478,731.6578368,7.514424065,5,0
16.000000,16,17,3,5,0.30–0.40,0.20–0.30,measData_times_truth_over_meas.root,file2,8,48634.53,-40.11617129,430.83295,8.232369254,5,0
16.000000,16,17,3,6,0.30–0.40,0.30–0.40,measData_times_truth_over_meas.root,file1,8,27548.7254,-1695.825649,-31.76947135,6.9844015,5,0
16.000000,16,17,3,6,0.30–0.40,0.30–0.40,measData_times_truth_over_meas.root,file2,8,24962.6775,-2338.706088,-30.40221522,8.222548042,5,0
16.000000,16,17,3,7,0.30–0.40,0.40–0.50,measData_times_truth_over_meas.root,file1,8,15588.29299,-716.5919663,1160.369679,20.7894247,5,0
16.000000,16,17,3,7,0.30–0.40,0.40–0.50,measData_times_truth_over_meas.root,file2,8,13548.72659,-812.7962144,1075.889383,18.37771177,5,0
16.000000,16,17,3,8,0.30–0.40,0.50–0.65,measData_times_truth_over_meas.root,file1,8,10019.9257,-2049.095997,167.3408805,5.615801137,5,0
16.000000,16,17,3,8,0.30–0.40,0.50–0.65,measData_times_truth_over_meas.root,file2,8,8010.375008,-1759.797753,200.288644,6.024902678,5,0
16.000000,16,17,3,9,0.30–0.40,0.65–0.80,measData_times_truth_over_meas.root,file1,8,4066.076458,-712.2173606,559.8612012,4.511705243,5,0
16.000000,16,17,3,9,0.30–0.40,0.65–0.80,measData_times_truth_over_meas.root,file2,8,3036.708631,-569.1406704,429.522783,4.852845495,5,0
16.000000,16,17,4,1,0.40–0.50,0.00–0.05,measData_times_truth_over_meas.root,file1,8,38158.35323,-2695.026738,-411.5258102,9.653474689,5,0
16.000000,16,17,4,1,0.40–0.50,0.00–0.05,measData_times_truth_over_meas.root,file2,8,38141.27068,-2728.071829,-322.6838449,9.424704562,5,0
16.000000,16,17,4,2,0.40–0.50,0.05–0.10,measData_times_truth_over_meas.root,file1,8,31122.64781,-407.6666787,61.96096283,23.43367971,5,0
16.000000,16,17,4,2,0.40–0.50,0.05–0.10,measData_times_truth_over_meas.root,file2,8,30827.96292,-369.1095672,165.8926757,26.19318217,5,0
16.000000,16,17,4,3,0.40–0.50,0.10–0.15,measData_times_truth_over_meas.root,file1,8,25190.10617,-297.8130629,1793.522208,7.992427113,5,0
16.000000,16,17,4,3,0.40–0.50,0.10–0.15,measData_times_truth_over_meas.root,file2,8,24417.95239,-276.8973347,1906.236977,9.897640639,5,0
16.000000,16,17,4,4,0.40–0.50,0.15–0.20,measData_times_truth_over_meas.root,file1,8,20701.44621,-219.3944302,205.4354344,4.231746374,5,0
16.000000,16,17,4,4,0.40–0.50,0.15–0.20,measData_times_truth_over_meas.root,file2,8,19492.29297,-490.6443299,26.81835999,4.696426399,5,0
16.000000,16,17,4,5,0.40–0.50,0.20–0.30,measData_times_truth_over_meas.root,file1,8,29423.80567,-994.8365845,-1015.126358,7.200115505,5,0
16.000000,16,17,4,5,0.40–0.50,0.20–0.30,measData_times_truth_over_meas.root,file2,8,26681.92511,-1166.995453,-687.4792079,6.323721456,5,0
16.000000,16,17,4,6,0.40–0.50,0.30–0.40,measData_times_truth_over_meas.root,file1,8,18705.55633,180.5591355,410.0304107,4.838634761,5,0
16.000000,16,17,4,6,0.40–0.50,0.30–0.40,measData_times_truth_over_meas.root,file2,8,15519.19666,-891.7494045,244.4929507,2.391944702,5,0
16.000000,16,17,4,7,0.40–0.50,0.40–0.50,measData_times_truth_over_meas.root,file1,8,10823.04486,-270.5254966,264.6079285,6.368653019,5,0
16.000000,16,17,4,7,0.40–0.50,0.40–0.50,measData_times_truth_over_meas.root,file2,7,8623.928872,-516.9714557,252.3710068,5.221228825,4,0
16.000000,16,17,4,8,0.40–0.50,0.50–0.65,measData_times_truth_over_meas.root,file1,8,8493.247771,-491.6984957,860.2162746,1.552964878,5,0
16.000000,16,17,4,8,0.40–0.50,0.50–0.65,measData_times_truth_over_meas.root,file2,8,6402.163417,-657.1569007,662.2080159,2.824310742,5,0
16.000000,16,17,4,9,0.40–0.50,0.65–0.80,measData_times_truth_over_meas.root,file1,8,3663.63111,-344.6616852,180.9025766,2.694591545,5,0
16.000000,16,17,4,9,0.40–0.50,0.65–0.80,measData_times_truth_over_meas.root,file2,8,2474.414072,-374.1919476,73.59937015,2.523565857,5,0
16.000000,16,17,4,10,0.40–0.50,0.80–1.00,measData_times_truth_over_meas.root,file1,7,1541.413211,-439.630665,294.0975883,10.52126525,4,0
16.000000,16,17,4,10,0.40–0.50,0.80–1.00,measData_times_truth_over_meas.root,file2,6,1121.134312,-190.5498976,350.0672603,0.9643420573,3,0
16.000000,16,17,4,11,0.40–0.50,1.00–1.50,measData_times_truth_over_meas.root,file1,7,689.3307974,-145.1979708,167.8855545,2.373435353,4,0
16.000000,16,17,4,11,0.40–0.50,1.00–1.50,measData_times_truth_over_meas.root,file2,6,355.9195484,-78.37084579,98.01868701,5.076983231,3,0
16.000000,16,17,5,1,0.50–0.60,0.00–0.05,measData_times_truth_over_meas.root,file1,8,20969.79412,-620.3866749,-550.4920874,14.45871865,5,0
16.000000,16,17,5,1,0.50–0.60,0.00–0.05,measData_times_truth_over_meas.root,file2,8,19634.6312,-334.2248891,-375.2035652,15.48731093,5,0
16.000000,16,17,5,2,0.50–0.60,0.05–0.10,measData_times_truth_over_meas.root,file1,8,17736.05869,171.2473441,487.4740817,13.43774605,5,0
16.000000,16,17,5,2,0.50–0.60,0.05–0.10,measData_times_truth_over_meas.root,file2,8,16177.95751,16.14581398,30.70303624,13.86226545,5,0
16.000000,16,17,5,3,0.50–0.60,0.10–0.15,measData_times_truth_over_meas.root,file1,8,14330.68699,150.995063,133.4740763,5.289765497,5,0
16.000000,16,17,5,3,0.50–0.60,0.10–0.15,measData_times_truth_over_meas.root,file2,8,12410.73423,-389.3714153,162.8603661,7.990981793,5,0
16.000000,16,17,5,4,0.50–0.60,0.15–0.20,measData_times_truth_over_meas.root,file1,8,12293.61489,507.2538418,280.4574417,5.434271142,5,0
16.000000,16,17,5,4,0.50–0.60,0.15–0.20,measData_times_truth_over_meas.root,file2,8,10384.9136,82.35678157,119.8078772,11.38681214,5,0
16.000000,16,17,5,5,0.50–0.60,0.20–0.30,measData_times_truth_over_meas.root,file1,8,17456.73422,-28.70016434,227.0721805,10.28250591,5,0
16.000000,16,17,5,5,0.50–0.60,0.20–0.30,measData_times_truth_over_meas.root,file2,8,13817.20166,-489.0579527,-161.2539728,11.02757584,5,0
16.000000,16,17,5,6,0.50–0.60,0.30–0.40,measData_times_truth_over_meas.root,file1,8,11428.83491,-669.3374421,-487.1050325,10.95224161,5,0
16.000000,16,17,5,6,0.50–0.60,0.30–0.40,measData_times_truth_over_meas.root,file2,8,8549.824627,-484.7393674,-324.9760756,7.78449822,5,0
16.000000,16,17,5,7,0.50–0.60,0.40–0.50,measData_times_truth_over_meas.root,file1,8,8005.693074,46.61029704,650.1959869,2.480721035,5,0
16.000000,16,17,5,7,0.50–0.60,0.40–0.50,measData_times_truth_over_meas.root,file2,6,5728.897766,213.3499506,711.7639821,5.625785841,3,0
16.000000,16,17,5,8,0.50–0.60,0.50–0.65,measData_times_truth_over_meas.root,file1,8,6281.874712,-556.6825977,175.3523852,12.08906901,5,0
16.000000,16,17,5,8,0.50–0.60,0.50–0.65,measData_times_truth_over_meas.root,file2,6,4114.684,-165.671916,383.0822706,2.585537231,3,0
16.000000,16,17,5,9,0.50–0.60,0.65–0.80,measData_times_truth_over_meas.root,file1,8,3441.68713,-199.2060646,420.6318338,9.525089495,5,0
16.000000,16,17,5,9,0.50–0.60,0.65–0.80,measData_times_truth_over_meas.root,file2,6,2062.067864,50.69975049,413.6894978,5.629888403,3,0
16.000000,16,17,5,10,0.50–0.60,0.80–1.00,measData_times_truth_over_meas.root,file1,6,1637.74645,-75.79869022,149.7137895,4.843466488,3,0
16.000000,16,17,5,10,0.50–0.60,0.80–1.00,measData_times_truth_over_meas.root,file2,6,828.2507527,-112.3046048,101.0568225,2.271109648,3,0
16.000000,16,17,5,11,0.50–0.60,1.00–1.50,measData_times_truth_over_meas.root,file1,6,875.6108089,39.72106728,259.5722827,7.446200921,3,0
16.000000,16,17,6,1,0.60–0.70,0.00–0.05,measData_times_truth_over_meas.root,file1,8,12261.42132,-73.51436909,-52.40987159,21.75578926,5,0
16.000000,16,17,6,1,0.60–0.70,0.00–0.05,measData_times_truth_over_meas.root,file2,8,9409.614017,-162.8184239,202.1444477,14.71086256,5,0
16.000000,16,17,6,2,0.60–0.70,0.05–0.10,measData_times_truth_over_meas.root,file1,8,10093.10722,-157.5001601,945.9494483,1.849952548,5,0
16.000000,16,17,6,2,0.60–0.70,0.05–0.10,measData_times_truth_over_meas.root,file2,8,7698.14436,-259.2336141,896.483236,2.843309158,5,0
16.000000,16,17,6,3,0.60–0.70,0.10–0.15,measData_times_truth_over_meas.root,file1,8,8157.395419,84.29798457,151.726472,13.31380592,5,0
16.000000,16,17,6,3,0.60–0.70,0.10–0.15,measData_times_truth_over_meas.root,file2,8,6022.020787,131.7707959,487.2193435,9.573783782,5,0
16.000000,16,17,6,4,0.60–0.70,0.15–0.20,measData_times_truth_over_meas.root,file1,8,7505.279022,-141.6122946,353.5496689,8.923176148,5,0
16.000000,16,17,6,4,0.60–0.70,0.15–0.20,measData_times_truth_over_meas.root,file2,7,5368.714171,291.2891916,550.8227884,8.998553809,4,0
16.000000,16,17,6,5,0.60–0.70,0.20–0.30,measData_times_truth_over_meas.root,file1,8,10369.8235,-644.4859352,-244.4689087,11.36371221,5,0
16.000000,16,17,6,5,0.60–0.70,0.20–0.30,measData_times_truth_over_meas.root,file2,8,6990.309055,-77.29710531,268.978657,14.46699698,5,0
16.000000,16,17,6,6,0.60–0.70,0.30–0.40,measData_times_truth_over_meas.root,file1,8,7278.12245,-967.9197103,32.11543744,3.107652943,5,0
16.000000,16,17,6,6,0.60–0.70,0.30–0.40,measData_times_truth_over_meas.root,file2,6,4261.136816,-468.0225811,-162.3960618,2.952270256,3,0
16.000000,16,17,6,7,0.60–0.70,0.40–0.50,measData_times_truth_over_meas.root,file1,8,5194.206712,-544.0929244,137.940564,12.10928452,5,0
16.000000,16,17,6,7,0.60–0.70,0.40–0.50,measData_times_truth_over_meas.root,file2,6,2565.935179,-237.2584343,-125.0376324,4.919779689,3,0
16.000000,16,17,6,8,0.60–0.70,0.50–0.65,measData_times_truth_over_meas.root,file1,8,5239.410968,-744.7119835,67.78003808,2.396416448,5,0
16.000000,16,17,6,8,0.60–0.70,0.50–0.65,measData_times_truth_over_meas.root,file2,6,1923.241068,-367.3822568,-196.7907471,10.58025829,3,0
16.000000,16,17,6,9,0.60–0.70,0.65–0.80,measData_times_truth_over_meas.root,file1,7,2767.569649,-227.643409,139.1613504,5.886882279,4,0
16.000000,16,17,6,9,0.60–0.70,0.65–0.80,measData_times_truth_over_meas.root,file2,6,965.552579,73.39063576,300.2395593,1.905694233,3,0
16.000000,16,17,6,10,0.60–0.70,0.80–1.00,measData_times_truth_over_meas.root,file1,6,1528.457464,-8.336198041,154.6360207,6.166436504,3,0
16.000000,16,17,6,11,0.60–0.70,1.00–1.50,measData_times_truth_over_meas.root,file1,6,894.15247,21.07869587,48.87650549,3.893964412,3,0
16.000000,16,17,7,1,0.70–0.80,0.00–0.05,measData_times_truth_over_meas.root,file1,8,7157.080546,-457.534776,-392.9379257,6.896353948,5,0
16.000000,16,17,7,1,0.70–0.80,0.00–0.05,measData_times_truth_over_meas.root,file2,8,3425.424356,-316.6562835,-137.6982061,8.29504136,5,0
16.000000,16,17,7,2,0.70–0.80,0.05–0.10,measData_times_truth_over_meas.root,file1,8,5952.40145,-270.9905006,-49.26065189,6.840145632,5,0
16.000000,16,17,7,2,0.70–0.80,0.05–0.10,measData_times_truth_over_meas.root,file2,8,2694.287425,140.8732496,119.533812,8.53054263,5,0
16.000000,16,17,7,3,0.70–0.80,0.10–0.15,measData_times_truth_over_meas.root,file1,8,5021.551922,-54.18179251,-33.34905382,16.24170588,5,0
16.000000,16,17,7,3,0.70–0.80,0.10–0.15,measData_times_truth_over_meas.root,file2,6,2538.200557,1077.679441,596.3434603,7.734854812,3,0
16.000000,16,17,7,4,0.70–0.80,0.15–0.20,measData_times_truth_over_meas.root,file1,8,4279.063066,-100.0619867,-228.6341159,2.239897797,5,0
16.000000,16,17,7,4,0.70–0.80,0.15–0.20,measData_times_truth_over_meas.root,file2,6,1418.52123,-184.7175594,-145.4080107,0.4101710886,3,0
16.000000,16,17,7,5,0.70–0.80,0.20–0.30,measData_times_truth_over_meas.root,file1,8,6037.667161,-896.6642789,-435.0054339,4.64215338,5,0
16.000000,16,17,7,5,0.70–0.80,0.20–0.30,measData_times_truth_over_meas.root,file2,6,1942.718005,-107.3479184,35.62640131,0.3847301979,3,0
16.000000,16,17,7,6,0.70–0.80,0.30–0.40,measData_times_truth_over_meas.root,file1,8,4822.092319,-1052.16683,-727.8681649,12.88136704,5,0
16.000000,16,17,7,6,0.70–0.80,0.30–0.40,measData_times_truth_over_meas.root,file2,6,1275.316199,222.7345251,-74.79556864,4.273523186,3,0
16.000000,16,17,7,7,0.70–0.80,0.40–0.50,measData_times_truth_over_meas.root,file1,8,4192.700316,-1124.195223,-292.7079135,24.69660077,5,0
16.000000,16,17,7,8,0.70–0.80,0.50–0.65,measData_times_truth_over_meas.root,file1,7,3483.407012,-219.4177823,-143.1815783,8.142219543,4,0
16.000000,16,17,7,9,0.70–0.80,0.65–0.80,measData_times_truth_over_meas.root,file1,6,1532.612235,33.37469782,-45.47919481,15.91380038,3,0
16.000000,16,17,7,10,0.70–0.80,0.80–1.00,measData_times_truth_over_meas.root,file1,6,1240.864462,-72.05042336,-59.97860304,3.433541109,3,0
16.000000,16,17,7,11,0.70–0.80,1.00–1.50,measData_times_truth_over_meas.root,file1,6,526.4219126,39.73583294,-20.85668776,1.508790898,3,0
16.000000,16,17,8,1,0.80–1.00,0.00–0.05,measData_times_truth_over_meas.root,file1,8,6482.249068,-343.6413286,-360.6286078,7.591652634,5,0
16.000000,16,17,8,2,0.80–1.00,0.05–0.10,measData_times_truth_over_meas.root,file1,8,5646.14747,-20.67073009,-192.0443065,6.594798078,5,0
16.000000,16,17,8,3,0.80–1.00,0.10–0.15,measData_times_truth_over_meas.root,file1,8,4967.101346,-248.5084213,-502.7627775,2.091190248,5,0
16.000000,16,17,8,4,0.80–1.00,0.15–0.20,measData_times_truth_over_meas.root,file1,8,4252.056192,-490.9482793,-576.2959451,18.54167475,5,0
16.000000,16,17,8,5,0.80–1.00,0.20–0.30,measData_times_truth_over_meas.root,file1,8,6632.675626,-1004.77603,-1584.350974,15.29266291,5,0
16.000000,16,17,8,6,0.80–1.00,0.30–0.40,measData_times_truth_over_meas.root,file1,8,3724.826059,-507.0904102,-930.3597994,17.81617629,5,0
16.000000,16,17,8,7,0.80–1.00,0.40–0.50,measData_times_truth_over_meas.root,file1,8,1789.003311,128.5409801,-473.4756274,13.42419088,5,0
16.000000,16,17,8,8,0.80–1.00,0.50–0.65,measData_times_truth_over_meas.root,file1,7,1724.911125,768.9151781,83.80729119,15.9652678,4,0
16.000000,16,17,8,9,0.80–1.00,0.65–0.80,measData_times_truth_over_meas.root,file1,6,847.4004682,82.89103266,-186.6369502,18.94369078,3,0
18.000000,18,19,1,1,0.00–0.20,0.00–0.05,measData_times_truth_over_meas.root,file1,6,36856794.53,-8339135.53,34698360.69,137.208732,3,0
18.000000,18,19,1,1,0.00–0.20,0.00–0.05,measData_times_truth_over_meas.root,file2,6,36852878.56,-8338237.692,34694689.35,137.2085174,3,0
18.000000,18,19,1,2,0.00–0.20,0.05–0.10,measData_times_truth_over_meas.root,file1,7,5227853.696,-528405.8681,13529.7236,28.07642358,4,0
18.000000,18,19,1,2,0.00–0.20,0.05–0.10,measData_times_truth_over_meas.root,file2,7,5226568.18,-528290.1092,13522.91492,28.07623955,4,0
18.000000,18,19,1,3,0.00–0.20,0.10–0.15,measData_times_truth_over_meas.root,file1,8,2867134.639,-305514.4879,45083.8834,7.353545174,5,0
18.000000,18,19,1,3,0.00–0.20,0.10–0.15,measData_times_truth_over_meas.root,file2,8,2865812.244,-305377.7795,45076.07446,7.35289153,5,0
18.000000,18,19,1,4,0.00–0.20,0.15–0.20,measData_times_truth_over_meas.root,file1,8,1390306.945,-336668.7883,-95685.89273,26.97461828,5,0
18.000000,18,19,1,4,0.00–0.20,0.15–0.20,measData_times_truth_over_meas.root,file2,8,1389189.442,-336412.754,-95610.41647,26.97889782,5,0
18.000000,18,19,1,5,0.00–0.20,0.20–0.30,measData_times_truth_over_meas.root,file1,8,1353085.955,-258992.3059,26387.9494,29.08807892,5,0
18.000000,18,19,1,5,0.00–0.20,0.20–0.30,measData_times_truth_over_meas.root,file2,8,1350908.072,-258560.7682,26351.34523,29.08116926,5,0
18.000000,18,19,1,6,0.00–0.20,0.30–0.40,measData_times_truth_over_meas.root,file1,8,504672.7745,-82414.98909,22769.99936,6.673662235,5,0
18.000000,18,19,1,6,0.00–0.20,0.30–0.40,measData_times_truth_over_meas.root,file2,8,502695.3127,-82111.2229,22696.83103,6.673793079,5,0
18.000000,18,19,2,1,0.20–0.30,0.00–0.05,measData_times_truth_over_meas.root,file1,6,8.047733121e-05,-4171785.497,-4016967.815,75.11267184,3,0
18.000000,18,19,2,1,0.20–0.30,0.00–0.05,measData_times_truth_over_meas.root,file2,6,8.047733121e-05,-4171785.497,-4016967.815,75.11267184,3,0
18.000000,18,19,2,2,0.20–0.30,0.05–0.10,measData_times_truth_over_meas.root,file1,8,860348.5264,-28987.27302,80312.75537,24.03404823,5,0
18.000000,18,19,2,2,0.20–0.30,0.05–0.10,measData_times_truth_over_meas.root,file2,8,860348.5264,-28987.27302,80312.75537,24.03404823,5,0
18.000000,18,19,2,3,0.20–0.30,0.10–0.15,measData_times_truth_over_meas.root,file1,8,619149.1742,-57223.76782,22087.06081,54.59100433,5,0
18.000000,18,19,2,3,0.20–0.30,0.10–0.15,measData_times_truth_over_meas.root,file2,8,619149.1742,-57223.76782,22087.06081,54.59100433,5,0
18.000000,18,19,2,4,0.20–0.30,0.15–0.20,measData_times_truth_over_meas.root,file1,8,464830.1675,-42984.92184,-3729.001978,25.60783914,5,0
18.000000,18,19,2,4,0.20–0.30,0.15–0.20,measData_times_truth_over_meas.root,file2,8,464830.1675,-42984.92184,-3729.001978,25.60783914,5,0
18.000000,18,19,2,5,0.20–0.30,0.20–0.30,measData_times_truth_over_meas.root,file1,8,572386.7295,-91298.27044,-3927.855461,43.91866609,5,0
18.000000,18,19,2,5,0.20–0.30,0.20–0.30,measData_times_truth_over_meas.root,file2,8,572386.7295,-91298.27044,-3927.855461,43.91866609,5,0
18.000000,18,19,2,6,0.20–0.30,0.30–0.40,measData_times_truth_over_meas.root,file1,8,323208.0009,-71909.54701,14740.78042,29.36982144,5,0
18.000000,18,19,2,6,0.20–0.30,0.30–0.40,measData_times_truth_over_meas.root,file2,8,323208.0009,-71909.54701,14740.78042,29.36982144,5,0
18.000000,18,19,2,7,0.20–0.30,0.40–0.50,measData_times_truth_over_meas.root,file1,8,178069.3322,-39662.46321,16435.22672,11.22870948,5,0
18.000000,18,19,2,7,0.20–0.30,0.40–0.50,measData_times_truth_over_meas.root,file2,8,178068.4561,-39661.98582,16435.10281,11.22884674,5,0
18.000000,18,19,2,8,0.20–0.30,0.50–0.65,measData_times_truth_over_meas.root,file1,8,130178.4854,-39129.55327,15255.49656,11.30995607,5,0
18.000000,18,19,2,8,0.20–0.30,0.50–0.65,measData_times_truth_over_meas.root,file2,8,129821.6433,-39018.68043,15208.04806,11.31243051,5,0
18.000000,18,19,2,9,0.20–0.30,0.65–0.80,measData_times_truth_over_meas.root,file1,7,54756.8978,-16639.1215,9091.712289,1.82960069,4,0
18.000000,18,19,2,9,0.20–0.30,0.65–0.80,measData_times_truth_over_meas.root,file2,7,53625.43939,-16302.57533,8907.033732,1.840800455,4,0
18.000000,18,19,3,1,0.30–0.40,0.00–0.05,measData_times_truth_over_meas.root,file1,8,456364.1444,-37390.59447,9448.622086,749.7553268,5,0
18.000000,18,19,3,1,0.30–0.40,0.00–0.05,measData_times_truth_over_meas.root,file2,8,456364.1444,-37390.59447,9448.622086,749.7553268,5,0
18.000000,18,19,3,2,0.30–0.40,0.05–0.10,measData_times_truth_over_meas.root,file1,7,405484.2003,53690.94814,70632.29506,25.64478418,4,0
18.000000,18,19,3,2,0.30–0.40,0.05–0.10,measData_times_truth_over_meas.root,file2,7,405484.2003,53690.94814,70632.29506,25.64478418,4,0
18.000000,18,19,3,3,0.30–0.40,0.10–0.15,measData_times_truth_over_meas.root,file1,8,286103.544,-12162.69166,14051.72665,17.90140555,5,0
18.000000,18,19,3,3,0.30–0.40,0.10–0.15,measData_times_truth_over_meas.root,file2,8,286103.544,-12162.69166,14051.72665,17.90140555,5,0
18.000000,18,19,3,4,0.30–0.40,0.15–0.20,measData_times_truth_over_meas.root,file1,8,244908.7286,-13954.52007,2045.602995,37.41737327,5,0
18.000000,18,19,3,4,0.30–0.40,0.15–0.20,measData_times_truth_over_meas.root,file2,8,244908.7286,-13954.52007,2045.602995,37.41737327,5,0
18.000000,18,19,3,5,0.30–0.40,0.20–0.30,measData_times_truth_over_meas.root,file1,8,337995.7102,-33042.92289,13548.27631,32.05622943,5,0
18.000000,18,19,3,5,0.30–0.40,0.20–0.30,measData_times_truth_over_meas.root,file2,8,337995.7102,-33042.92289,13548.27631,32.05622943,5,0
18.000000,18,19,3,6,0.30–0.40,0.30–0.40,measData_times_truth_over_meas.root,file1,8,200639.2812,-32537.57691,-128.4790079,31.36503708,5,0
18.000000,18,19,3,6,0.30–0.40,0.30–0.40,measData_times_truth_over_meas.root,file2,8,200639.2812,-32537.57691,-128.4790079,31.36503708,5,0
18.000000,18,19,3,7,0.30–0.40,0.40–0.50,measData_times_truth_over_meas.root,file1,8,122285.0708,-22125.54644,7627.471832,6.729068015,5,0
18.000000,18,19,3,7,0.30–0.40,0.40–0.50,measData_times_truth_over_meas.root,file2,8,122285.0708,-22125.54644,7627.471832,6.729068015,5,0
18.000000,18,19,3,8,0.30–0.40,0.50–0.65,measData_times_truth_over_meas.root,file1,8,94951.86127,-22801.60455,9024.248309,21.7154099,5,0
18.000000,18,19,3,8,0.30–0.40,0.50–0.65,measData_times_truth_over_meas.root,file2,8,94951.86127,-22801.60455,9024.248309,21.7154099,5,0
18.000000,18,19,3,9,0.30–0.40,0.65–0.80,measData_times_truth_over_meas.root,file1,8,45279.99825,-16335.17187,6291.661612,23.88326263,5,0
18.000000,18,19,3,9,0.30–0.40,0.65–0.80,measData_times_truth_over_meas.root,file2,8,45233.55894,-16316.62632,6285.950615,23.89406388,5,0
18.000000,18,19,3,10,0.30–0.40,0.80–1.00,measData_times_truth_over_meas.root,file1,8,26799.91653,-10854.47337,5017.8799,24.24929927,5,0
18.000000,18,19,3,10,0.30–0.40,0.80–1.00,measData_times_truth_over_meas.root,file2,8,26096.5141,-10567.04329,4881.999093,24.27640019,5,0
18.000000,18,19,3,11,0.30–0.40,1.00–1.50,measData_times_truth_over_meas.root,file1,7,15634.74545,-7037.821447,4577.501062,16.47788185,4,0
18.000000,18,19,3,11,0.30–0.40,1.00–1.50,measData_times_truth_over_meas.root,file2,7,13913.94223,-6257.427755,4070.931346,16.50914679,4,0
18.000000,18,19,4,1,0.40–0.50,0.00–0.05,measData_times_truth_over_meas.root,file1,8,206421.8799,-7126.605914,14721.64643,8.479958441,5,0
18.000000,18,19,4,1,0.40–0.50,0.00–0.05,measData_times_truth_over_meas.root,file2,8,206421.8799,-7126.605914,14721.64643,8.479958441,5,0
18.000000,18,19,4,2,0.40–0.50,0.05–0.10,measData_times_truth_over_meas.root,file1,7,159121.8779,-30776.68534,7581.684205,5.817873923,4,0
18.000000,18,19,4,2,0.40–0.50,0.05–0.10,measData_times_truth_over_meas.root,file2,7,159121.8779,-30776.68534,7581.684205,5.817873923,4,0
18.000000,18,19,4,3,0.40–0.50,0.10–0.15,measData_times_truth_over_meas.root,file1,6,157528.5194,2453.391747,18060.88291,15.98836053,3,0
18.000000,18,19,4,3,0.40–0.50,0.10–0.15,measData_times_truth_over_meas.root,file2,6,157528.5194,2453.391747,18060.88291,15.98836053,3,0
18.000000,18,19,4,4,0.40–0.50,0.15–0.20,measData_times_truth_over_meas.root,file1,8,126081.2987,-15318.5577,4095.373671,30.72496394,5,0
18.000000,18,19,4,4,0.40–0.50,0.15–0.20,measData_times_truth_over_meas.root,file2,8,126081.2987,-15318.5577,4095.373671,30.72496394,5,0
18.000000,18,19,4,5,0.40–0.50,0.20–0.30,measData_times_truth_over_meas.root,file1,8,188149.3015,-29172.41287,-10539.15927,11.84594113,5,0
18.000000,18,19,4,5,0.40–0.50,0.20–0.30,measData_times_truth_over_meas.root,file2,8,188149.3015,-29172.41287,-10539.15927,11.84594113,5,0
18.000000,18,19,4,6,0.40–0.50,0.30–0.40,measData_times_truth_over_meas.root,file1,8,126960.0966,-21855.51478,713.3652737,7.391746292,5,0
18.000000,18,19,4,6,0.40–0.50,0.30–0.40,measData_times_truth_over_meas.root,file2,8,126960.0966,-21855.51478,713.3652737,7.391746292,5,0
18.000000,18,19,4,7,0.40–0.50,0.40–0.50,measData_times_truth_over_meas.root,file1,8,81824.12336,-17093.81943,-862.5716714,33.50396421,5,0
18.000000,18,19,4,7,0.40–0.50,0.40–0.50,measData_times_truth_over_meas.root,file2,8,81824.12336,-17093.81943,-862.5716714,33.50396421,5,0
18.000000,18,19,4,8,0.40–0.50,0.50–0.65,measData_times_truth_over_meas.root,file1,8,73554.31317,-17024.74306,5897.516595,18.15818033,5,0
18.000000,18,19,4,8,0.40–0.50,0.50–0.65,measData_times_truth_over_meas.root,file2,8,73554.31317,-17024.74306,5897.516595,18.15818033,5,0
18.000000,18,19,4,9,0.40–0.50,0.65–0.80,measData_times_truth_over_meas.root,file1,8,37771.03949,-11935.31865,5096.746022,15.60120166,5,0
18.000000,18,19,4,9,0.40–0.50,0.65–0.80,measData_times_truth_over_meas.root,file2,8,37762.99336,-11931.4698,5095.117028,15.59218586,5,0
18.000000,18,19,4,10,0.40–0.50,0.80–1.00,measData_times_truth_over_meas.root,file1,8,22257.34526,-7495.218721,4301.231294,6.681736791,5,0
18.000000,18,19,4,10,0.40–0.50,0.80–1.00,measData_times_truth_over_meas.root,file2,8,21836.54899,-7343.507941,4214.640299,6.59430161,5,0
18.000000,18,19,4,11,0.40–0.50,1.00–1.50,measData_times_truth_over_meas.root,file1,8,13613.44707,-5714.928218,4464.012792,46.79780016,5,0
18.000000,18,19,4,11,0.40–0.50,1.00–1.50,measData_times_truth_over_meas.root,file2,8,11943.4012,-4972.871123,3900.746684,48.15499823,5,0
18.000000,18,19,5,1,0.50–0.60,0.00–0.05,measData_times_truth_over_meas.root,file1,8,100231.4453,-18717.19492,-1657.240735,7.677496649,5,0
18.000000,18,19,5,1,0.50–0.60,0.00–0.05,measData_times_truth_over_meas.root,file2,8,100231.4453,-18717.19492,-1657.240735,7.677496649,5,0
18.000000,18,19,5,2,0.50–0.60,0.05–0.10,measData_times_truth_over_meas.root,file1,7,65659.37622,-49544.454,-12655.54435,34.53235947,4,0
18.000000,18,19,5,2,0.50–0.60,0.05–0.10,measData_times_truth_over_meas.root,file2,7,65659.37622,-49544.454,-12655.54435,34.53235947,4,0
18.000000,18,19,5,3,0.50–0.60,0.10–0.15,measData_times_truth_over_meas.root,file1,6,84413.68074,-8357.282057,-5242.316802,4.952143705,3,0
18.000000,18,19,5,3,0.50–0.60,0.10–0.15,measData_times_truth_over_meas.root,file2,6,84413.68074,-8357.282057,-5242.316802,4.952143705,3,0
18.000000,18,19,5,4,0.50–0.60,0.15–0.20,measData_times_truth_over_meas.root,file1,6,77398.3818,-5153.582432,-2966.784773,17.28235303,3,0
18.000000,18,19,5,4,0.50–0.60,0.15–0.20,measData_times_truth_over_meas.root,file2,6,77398.3818,-5153.582432,-2966.784773,17.28235303,3,0
18.000000,18,19,5,5,0.50–0.60,0.20–0.30,measData_times_truth_over_meas.root,file1,6,107883.1213,-24372.1655,-12267.81297,4.426836684,3,0
18.000000,18,19,5,5,0.50–0.60,0.20–0.30,measData_times_truth_over_meas.root,file2,6,107883.1213,-24372.1655,-12267.81297,4.426836684,3,0
18.000000,18,19,5,6,0.50–0.60,0.30–0.40,measData_times_truth_over_meas.root,file1,6,78217.3239,-16305.06577,-2015.881845,8.295231156,3,0
18.000000,18,19,5,6,0.50–0.60,0.30–0.40,measData_times_truth_over_meas.root,file2,6,78217.3239,-16305.06577,-2015.881845,8.295231156,3,0
18.000000,18,19,5,7,0.50–0.60,0.40–0.50,measData_times_truth_over_meas.root,file1,6,54534.16283,-11447.34943,350.1687148,5.079608515,3,0
18.000000,18,19,5,7,0.50–0.60,0.40–0.50,measData_times_truth_over_meas.root,file2,6,54534.16283,-11447.34943,350.1687148,5.079608515,3,0
18.000000,18,19,5,8,0.50–0.60,0.50–0.65,measData_times_truth_over_meas.root,file1,8,51521.44386,-10253.01783,943.6148563,12.78378458,5,0
18.000000,18,19,5,8,0.50–0.60,0.50–0.65,measData_times_truth_over_meas.root,file2,8,51512.75445,-10253.12462,943.3379529,12.78068786,5,0
18.000000,18,19,5,9,0.50–0.60,0.65–0.80,measData_times_truth_over_meas.root,file1,8,27382.50345,-6227.221838,186.8241861,5.548875297,5,0
18.000000,18,19,5,9,0.50–0.60,0.65–0.80,measData_times_truth_over_meas.root,file2,8,27134.21571,-6156.720828,184.0718406,5.550671474,5,0
18.000000,18,19,5,10,0.50–0.60,0.80–1.00,measData_times_truth_over_meas.root,file1,8,18115.37721,-5897.567383,1947.212002,18.95162036,5,0
18.000000,18,19,5,10,0.50–0.60,0.80–1.00,measData_times_truth_over_meas.root,file2,8,17070.78593,-5506.925728,1825.177981,19.52287627,5,0
18.000000,18,19,5,11,0.50–0.60,1.00–1.50,measData_times_truth_over_meas.root,file1,8,12243.55895,-5467.782083,2789.314066,37.36241258,5,0
18.000000,18,19,5,11,0.50–0.60,1.00–1.50,measData_times_truth_over_meas.root,file2,8,9916.841101,-4286.600341,2104.273401,29.12332118,5,0
18.000000,18,19,6,1,0.60–0.70,0.00–0.05,measData_times_truth_over_meas.root,file1,7,62480.25282,1049.477755,1526.565836,8.194474832,4,0
18.000000,18,19,6,1,0.60–0.70,0.00–0.05,measData_times_truth_over_meas.root,file2,7,62480.25282,1049.477755,1526.565836,8.194474832,4,0
18.000000,18,19,6,5,0.60–0.70,0.20–0.30,measData_times_truth_over_meas.root,file1,6,64721.7714,-10749.8215,-4489.907218,4.512863582,3,0
18.000000,18,19,6,5,0.60–0.70,0.20–0.30,measData_times_truth_over_meas.root,file2,6,64721.62284,-10749.59903,-4489.956941,4.512141497,3,0
18.000000,18,19,6,6,0.60–0.70,0.30–0.40,measData_times_truth_over_meas.root,file1,6,43571.26911,-17711.89979,-13032.38283,1.040015984,3,0
18.000000,18,19,6,6,0.60–0.70,0.30–0.40,measData_times_truth_over_meas.root,file2,6,43522.63034,-17691.02305,-13018.49142,1.040446427,3,0
18.000000,18,19,6,7,0.60–0.70,0.40–0.50,measData_times_truth_over_meas.root,file1,6,36038.18724,-1796.229123,901.54528,12.78668554,3,0
18.000000,18,19,6,7,0.60–0.70,0.40–0.50,measData_times_truth_over_meas.root,file2,6,35732.4368,-1743.256354,922.0155353,12.77588176,3,0
18.000000,18,19,6,8,0.60–0.70,0.50–0.65,measData_times_truth_over_meas.root,file1,6,32576.55395,-4908.699135,-2505.231723,2.60103682,3,0
18.000000,18,19,6,8,0.60–0.70,0.50–0.65,measData_times_truth_over_meas.root,file2,6,31383.93825,-4658.871147,-2315.680058,2.678235867,3,0
18.000000,18,19,6,9,0.60–0.70,0.65–0.80,measData_times_truth_over_meas.root,file1,7,21511.34798,1139.888938,3895.981432,7.752935579,4,0
18.000000,18,19,6,9,0.60–0.70,0.65–0.80,measData_times_truth_over_meas.root,file2,7,19301.80215,1082.003426,3665.138973,8.218862701,4,0
18.000000,18,19,6,10,0.60–0.70,0.80–1.00,measData_times_truth_over_meas.root,file1,8,13772.96018,-2460.683402,12.60582028,7.312352136,5,0
18.000000,18,19,6,10,0.60–0.70,0.80–1.00,measData_times_truth_over_meas.root,file2,8,10825.70666,-1933.995354,-141.6610132,5.214333878,5,0
18.000000,18,19,6,11,0.60–0.70,1.00–1.50,measData_times_truth_over_meas.root,file1,8,10135.91916,-1771.75888,506.013202,14.69863466,5,0
18.000000,18,19,6,11,0.60–0.70,1.00–1.50,measData_times_truth_over_meas.root,file2,8,6019.417515,-1129.904055,369.6131522,6.497469244,5,0
18.000000,18,19,7,1,0.70–0.80,0.00–0.05,measData_times_truth_over_meas.root,file1,8,33629.93225,-1415.855031,919.8299656,28.95433114,5,0
18.000000,18,19,7,1,0.70–0.80,0.00–0.05,measData_times_truth_over_meas.root,file2,8,33302.18048,-1382.021926,901.4748666,29.06709576,5,0
18.000000,18,19,7,6,0.70–0.80,0.30–0.40,measData_times_truth_over_meas.root,file1,6,24777.95476,-9776.444455,-7134.541114,6.495405284,3,0
18.000000,18,19,7,6,0.70–0.80,0.30–0.40,measData_times_truth_over_meas.root,file2,6,21217.2257,-7642.126516,-5886.210124,6.656802156,3,0
18.000000,18,19,7,7,0.70–0.80,0.40–0.50,measData_times_truth_over_meas.root,file1,6,18546.81631,-6130.397976,-3543.551519,3.020659793,3,0
18.000000,18,19,7,7,0.70–0.80,0.40–0.50,measData_times_truth_over_meas.root,file2,6,13839.99482,-4345.958019,-2596.408573,1.804065372,3,0
18.000000,18,19,7,8,0.70–0.80,0.50–0.65,measData_times_truth_over_meas.root,file1,6,21030.71362,-484.8983111,-629.2666698,20.17957657,3,0
18.000000,18,19,7,8,0.70–0.80,0.50–0.65,measData_times_truth_over_meas.root,file2,6,13625.23653,405.7206404,62.65204888,9.754313921,3,0
18.000000,18,19,7,9,0.70–0.80,0.65–0.80,measData_times_truth_over_meas.root,file1,6,11742.16619,-3069.4645,-2680.550909,9.593650826,3,0
18.000000,18,19,7,9,0.70–0.80,0.65–0.80,measData_times_truth_over_meas.root,file2,6,6115.036887,-1243.499853,-1182.391109,5.335362737,3,0
18.000000,18,19,7,10,0.70–0.80,0.80–1.00,measData_times_truth_over_meas.root,file1,6,8748.543253,-2163.812276,-1352.393026,2.846556312,3,0
18.000000,18,19,7,10,0.70–0.80,0.80–1.00,measData_times_truth_over_meas.root,file2,6,3663.684932,-642.0567237,-262.239476,3.73076644,3,0
18.000000,18,19,7,11,0.70–0.80,1.00–1.50,measData_times_truth_over_meas.root,file1,6,7795.542282,448.0265735,-429.1452021,11.68994952,3,0
18.000000,18,19,8,1,0.80–1.00,0.00–0.05,measData_times_truth_over_meas.root,file1,8,22542.01591,-344.495803,-787.986082,9.197444098,5,0
18.000000,18,19,8,1,0.80–1.00,0.00–0.05,measData_times_truth_over_meas.root,file2,6,9646.714406,1781.716445,215.7360911,4.116972431,3,0
18.000000,18,19,8,8,0.80–1.00,0.50–0.65,measData_times_truth_over_meas.root,file1,6,12784.87163,-2602.784452,-4729.662354,14.25106677,3,0
18.000000,18,19,8,9,0.80–1.00,0.65–0.80,measData_times_truth_over_meas.root,file1,6,8978.084975,1286.010218,-2190.8455,9.866721192,3,0
18.000000,18,19,8,10,0.80–1.00,0.80–1.00,measData_times_truth_over_meas.root,file1,6,5721.217758,-965.5789534,-2905.328582,7.244131768,3,0
18.000000,18,19,8,11,0.80–1.00,1.00–1.50,measData_times_truth_over_meas.root,file1,6,4019.445643,225.2684808,-1234.175757,17.23413263,3,0
19.000000,19,20,2,1,0.20–0.30,0.00–0.05,measData_times_truth_over_meas.root,file1,8,1046817.529,107201.2181,169750.6528,2.830261822,5,0
19.000000,19,20,2,1,0.20–0.30,0.00–0.05,measData_times_truth_over_meas.root,file2,8,1046817.529,107201.2181,169750.6528,2.830261822,5,0
19.000000,19,20,2,2,0.20–0.30,0.05–0.10,measData_times_truth_over_meas.root,file1,6,785773.4556,-95214.78417,100018.5096,13.99415815,3,0
19.000000,19,20,2,2,0.20–0.30,0.05–0.10,measData_times_truth_over_meas.root,file2,6,785773.4556,-95214.78417,100018.5096,13.99415815,3,0
19.000000,19,20,2,3,0.20–0.30,0.10–0.15,measData_times_truth_over_meas.root,file1,8,581280.3282,2643.950697,43279.08698,5.762852844,5,0
19.000000,19,20,2,3,0.20–0.30,0.10–0.15,measData_times_truth_over_meas.root,file2,8,581280.3282,2643.950697,43279.08698,5.762852844,5,0
19.000000,19,20,2,4,0.20–0.30,0.15–0.20,measData_times_truth_over_meas.root,file1,7,437517.8776,-40919.3184,9176.715504,0.7400216297,4,0
19.000000,19,20,2,4,0.20–0.30,0.15–0.20,measData_times_truth_over_meas.root,file2,7,437507.6605,-40917.97053,9176.791807,0.740079095,4,0
19.000000,19,20,2,5,0.20–0.30,0.20–0.30,measData_times_truth_over_meas.root,file1,6,644984.538,-257554.2833,108997.5624,11.00605751,3,0
19.000000,19,20,2,5,0.20–0.30,0.20–0.30,measData_times_truth_over_meas.root,file2,6,633449.642,-252926.1474,107089.9151,11.00480061,3,0
19.000000,19,20,3,1,0.30–0.40,0.00–0.05,measData_times_truth_over_meas.root,file1,8,377180.3666,-26891.11515,15215.06467,8.265178784,5,0
19.000000,19,20,3,1,0.30–0.40,0.00–0.05,measData_times_truth_over_meas.root,file2,8,377180.3666,-26891.11515,15215.06467,8.265178784,5,0
19.000000,19,20,3,2,0.30–0.40,0.05–0.10,measData_times_truth_over_meas.root,file1,8,285475.0119,-44002.51055,3326.195682,7.325809446,5,0
19.000000,19,20,3,2,0.30–0.40,0.05–0.10,measData_times_truth_over_meas.root,file2,8,285475.0119,-44002.51055,3326.195682,7.325809446,5,0
19.000000,19,20,3,3,0.30–0.40,0.10–0.15,measData_times_truth_over_meas.root,file1,8,272256.7474,-20228.02828,32917.0185,15.44926657,5,0
19.000000,19,20,3,3,0.30–0.40,0.10–0.15,measData_times_truth_over_meas.root,file2,8,272256.7474,-20228.02828,32917.0185,15.44926657,5,0
19.000000,19,20,3,4,0.30–0.40,0.15–0.20,measData_times_truth_over_meas.root,file1,8,200868.6309,-30502.21957,13476.02718,8.558913307,5,0
19.000000,19,20,3,4,0.30–0.40,0.15–0.20,measData_times_truth_over_meas.root,file2,8,200868.6309,-30502.21957,13476.02718,8.558913307,5,0
19.000000,19,20,3,5,0.30–0.40,0.20–0.30,measData_times_truth_over_meas.root,file1,8,270571.4185,-72798.84722,15883.92945,13.4461864,5,0
19.000000,19,20,3,5,0.30–0.40,0.20–0.30,measData_times_truth_over_meas.root,file2,8,269944.0948,-72634.4736,15855.42988,13.4600934,5,0
19.000000,19,20,3,6,0.30–0.40,0.30–0.40,measData_times_truth_over_meas.root,file1,7,170824.6337,-68872.24091,24311.35725,2.259285258,4,0
19.000000,19,20,3,6,0.30–0.40,0.30–0.40,measData_times_truth_over_meas.root,file2,7,163272.9743,-65835.22532,23214.67858,2.250638169,4,0
19.000000,19,20,3,7,0.30–0.40,0.40–0.50,measData_times_truth_over_meas.root,file1,6,110640.0023,-62897.9144,34301.66732,2.341043738,3,0
19.000000,19,20,3,7,0.30–0.40,0.40–0.50,measData_times_truth_over_meas.root,file2,6,93595.96479,-53029.76831,29172.67003,2.414358548,3,0
19.000000,19,20,4,1,0.40–0.50,0.00–0.05,measData_times_truth_over_meas.root,file1,8,190227.5284,-7138.302114,7801.23467,11.8648055,5,0
19.000000,19,20,4,1,0.40–0.50,0.00–0.05,measData_times_truth_over_meas.root,file2,8,190227.5284,-7138.302114,7801.23467,11.8648055,5,0
19.000000,19,20,4,2,0.40–0.50,0.05–0.10,measData_times_truth_over_meas.root,file1,8,143412.9852,-13438.35018,9778.331824,25.45179458,5,0
19.000000,19,20,4,2,0.40–0.50,0.05–0.10,measData_times_truth_over_meas.root,file2,8,143412.9852,-13438.35018,9778.331824,25.45179458,5,0
19.000000,19,20,4,3,0.40–0.50,0.10–0.15,measData_times_truth_over_meas.root,file1,7,131188.9965,5165.32694,22833.96381,11.41500629,4,0
19.000000,19,20,4,3,0.40–0.50,0.10–0.15,measData_times_truth_over_meas.root,file2,7,131188.9965,5165.32694,22833.96381,11.41500629,4,0
19.000000,19,20,4,4,0.40–0.50,0.15–0.20,measData_times_truth_over_meas.root,file1,7,100082.3118,-10503.06512,12009.70307,4.644812098,4,0
19.000000,19,20,4,4,0.40–0.50,0.15–0.20,measData_times_truth_over_meas.root,file2,7,100039.2011,-10502.30705,12005.77202,4.646319395,4,0
19.000000,19,20,4,5,0.40–0.50,0.20–0.30,measData_times_truth_over_meas.root,file1,8,139370.641,-30336.96787,8317.283064,23.46417819,5,0
19.000000,19,20,4,5,0.40–0.50,0.20–0.30,measData_times_truth_over_meas.root,file2,8,137492.1256,-29951.61624,8202.330011,23.44335816,5,0
19.000000,19,20,4,6,0.40–0.50,0.30–0.40,measData_times_truth_over_meas.root,file1,8,87175.6669,-16727.43738,1292.893811,2.09798057,5,0
19.000000,19,20,4,6,0.40–0.50,0.30–0.40,measData_times_truth_over_meas.root,file2,8,80862.11392,-15322.51352,1274.847133,2.081421381,5,0
19.000000,19,20,4,7,0.40–0.50,0.40–0.50,measData_times_truth_over_meas.root,file1,8,53102.10352,-15101.6121,8659.183334,9.878101021,5,0
19.000000,19,20,4,7,0.40–0.50,0.40–0.50,measData_times_truth_over_meas.root,file2,8,43253.85751,-12887.67437,6826.319591,9.642240457,5,0
19.000000,19,20,4,8,0.40–0.50,0.50–0.65,measData_times_truth_over_meas.root,file1,7,38406.52575,-10930.00886,2816.408615,13.47970455,4,0
19.000000,19,20,4,8,0.40–0.50,0.50–0.65,measData_times_truth_over_meas.root,file2,7,25180.13486,-7893.20862,2086.060307,11.20080322,4,0
19.000000,19,20,4,9,0.40–0.50,0.65–0.80,measData_times_truth_over_meas.root,file1,6,17304.3679,-8053.04451,3526.263719,3.996972952,3,0
19.000000,19,20,4,9,0.40–0.50,0.65–0.80,measData_times_truth_over_meas.root,file2,6,7073.947243,-2892.774139,436.0309566,1.15135427,3,0
19.000000,19,20,5,1,0.50–0.60,0.00–0.05,measData_times_truth_over_meas.root,file1,8,99159.29036,-6040.770931,-2834.955351,3.139454968,5,0
19.000000,19,20,5,1,0.50–0.60,0.00–0.05,measData_times_truth_over_meas.root,file2,8,99112.82851,-6038.963424,-2831.127112,3.139532061,5,0
19.000000,19,20,5,2,0.50–0.60,0.05–0.10,measData_times_truth_over_meas.root,file1,8,72416.51489,-15355.65303,5446.936021,3.365790838,5,0
19.000000,19,20,5,2,0.50–0.60,0.05–0.10,measData_times_truth_over_meas.root,file2,8,72095.8106,-15287.58386,5420.87807,3.356229186,5,0
19.000000,19,20,5,3,0.50–0.60,0.10–0.15,measData_times_truth_over_meas.root,file1,8,62292.3943,-9310.327155,6184.941894,10.95278749,5,0
19.000000,19,20,5,3,0.50–0.60,0.10–0.15,measData_times_truth_over_meas.root,file2,8,61261.719,-9149.446173,6093.660922,10.93483659,5,0
19.000000,19,20,5,4,0.50–0.60,0.15–0.20,measData_times_truth_over_meas.root,file1,8,53131.02702,-7576.441124,-17.13975754,5.355344896,5,0
19.000000,19,20,5,4,0.50–0.60,0.15–0.20,measData_times_truth_over_meas.root,file2,8,50863.56161,-7287.924821,-3.087806217,5.278390346,5,0
19.000000,19,20,5,5,0.50–0.60,0.20–0.30,measData_times_truth_over_meas.root,file1,7,83963.00945,-2741.945644,5327.816249,1.625863505,4,0
19.000000,19,20,5,5,0.50–0.60,0.20–0.30,measData_times_truth_over_meas.root,file2,7,75456.7533,-1964.372332,4956.846356,1.487643498,4,0
19.000000,19,20,5,6,0.50–0.60,0.30–0.40,measData_times_truth_over_meas.root,file1,8,49081.95347,-9772.669393,-2305.99211,14.00927843,5,0
19.000000,19,20,5,6,0.50–0.60,0.30–0.40,measData_times_truth_over_meas.root,file2,8,37863.36928,-7769.157957,-1884.684156,15.78752875,5,0
19.000000,19,20,5,7,0.50–0.60,0.40–0.50,measData_times_truth_over_meas.root,file1,6,37862.10032,-2179.677401,6718.956374,0.884530098,3,0
19.000000,19,20,5,7,0.50–0.60,0.40–0.50,measData_times_truth_over_meas.root,file2,6,23815.16306,-829.4896514,5155.579093,0.8164040618,3,0
19.000000,19,20,5,8,0.50–0.60,0.50–0.65,measData_times_truth_over_meas.root,file1,7,29531.07619,-5210.230463,5866.526596,1.707255803,4,0
19.000000,19,20,5,8,0.50–0.60,0.50–0.65,measData_times_truth_over_meas.root,file2,7,13470.70945,-3006.406716,2434.819329,4.446787386,4,0
19.000000,19,20,6,1,0.60–0.70,0.00–0.05,measData_times_truth_over_meas.root,file1,8,56969.89346,-3981.485526,-1257.988405,2.733245986,5,0
19.000000,19,20,6,1,0.60–0.70,0.00–0.05,measData_times_truth_over_meas.root,file2,8,50807.07096,-3581.808954,-827.3893202,1.27004448,5,0
19.000000,19,20,6,2,0.60–0.70,0.05–0.10,measData_times_truth_over_meas.root,file1,7,47361.89559,-4530.804419,-5435.553251,11.74072749,4,0
19.000000,19,20,6,2,0.60–0.70,0.05–0.10,measData_times_truth_over_meas.root,file2,7,39064.96791,-4466.332533,-4884.554341,11.78817316,4,0
19.000000,19,20,6,3,0.60–0.70,0.10–0.15,measData_times_truth_over_meas.root,file1,8,37010.82252,-13299.10326,-5582.844695,8.543582597,5,0
19.000000,19,20,6,3,0.60–0.70,0.10–0.15,measData_times_truth_over_meas.root,file2,8,27449.07854,-10109.83051,-3864.372827,9.030096798,5,0
19.000000,19,20,6,4,0.60–0.70,0.15–0.20,measData_times_truth_over_meas.root,file1,6,29738.39493,-10194.50351,-1434.189318,0.8044170949,3,0
19.000000,19,20,6,5,0.60–0.70,0.20–0.30,measData_times_truth_over_meas.root,file1,6,47640.48837,-9815.336621,878.7313851,13.89329056,3,0
19.000000,19,20,6,5,0.60–0.70,0.20–0.30,measData_times_truth_over_meas.root,file2,6,25370.41111,-8662.418567,-1016.612128,18.76478179,3,0
19.000000,19,20,6,6,0.60–0.70,0.30–0.40,measData_times_truth_over_meas.root,file1,6,34879.20841,-2717.377542,843.8942492,6.266349403,3,0
19.000000,19,20,6,6,0.60–0.70,0.30–0.40,measData_times_truth_over_meas.root,file2,6,13712.8014,-924.8177844,805.4886679,9.18995755,3,0
19.000000,19,20,6,7,0.60–0.70,0.40–0.50,measData_times_truth_over_meas.root,file1,7,24793.67337,-2033.479037,1783.242853,5.266907469,4,0
19.000000,19,20,6,7,0.60–0.70,0.40–0.50,measData_times_truth_over_meas.root,file2,6,6385.655126,-1415.562444,222.1240497,2.902968745,3,0
19.000000,19,20,6,8,0.60–0.70,0.50–0.65,measData_times_truth_over_meas.root,file1,6,19714.93453,-4687.622096,166.9929579,2.777313758,3,0
19.000000,19,20,6,8,0.60–0.70,0.50–0.65,measData_times_truth_over_meas.root,file2,6,2965.690798,-1345.340375,-550.502794,5.296455887,3,0
19.000000,19,20,6,9,0.60–0.70,0.65–0.80,measData_times_truth_over_meas.root,file1,6,13620.83565,-252.2293396,3862.074352,2.310991063,3,0
19.000000,19,20,7,1,0.70–0.80,0.00–0.05,measData_times_truth_over_meas.root,file1,8,33777.74652,-139.4294877,-2322.963771,2.162064483,5,0
19.000000,19,20,7,1,0.70–0.80,0.00–0.05,measData_times_truth_over_meas.root,file2,8,12874.47678,-282.4803516,-730.8007945,3.650939529,5,0
19.000000,19,20,7,2,0.70–0.80,0.05–0.10,measData_times_truth_over_meas.root,file1,7,29506.09544,-1385.763168,-2331.86904,8.81582148,4,0
19.000000,19,20,7,6,0.70–0.80,0.30–0.40,measData_times_truth_over_meas.root,file1,7,26134.45812,2993.451419,4626.032588,8.541933538,4,0
19.000000,19,20,7,7,0.70–0.80,0.40–0.50,measData_times_truth_over_meas.root,file1,7,14915.84553,2609.441313,-268.9240568,7.646557188,4,0
19.000000,19,20,7,8,0.70–0.80,0.50–0.65,measData_times_truth_over_meas.root,file1,6,19826.31672,2854.285292,-1572.117122,6.782211878,3,0
19.000000,19,20,7,9,0.70–0.80,0.65–0.80,measData_times_truth_over_meas.root,file1,6,10794.73317,2991.297115,-558.9882911,0.642219729,3,0
19.000000,19,20,7,10,0.70–0.80,0.80–1.00,measData_times_truth_over_meas.root,file1,6,4036.237185,806.2530563,1222.971805,13.51271758,3,0
19.000000,19,20,8,1,0.80–1.00,0.00–0.05,measData_times_truth_over_meas.root,file1,8,40187.52417,2513.358194,-2570.08685,13.29520782,5,0
19.000000,19,20,8,2,0.80–1.00,0.05–0.10,measData_times_truth_over_meas.root,file1,7,46226.95252,5602.663744,-7798.235155,19.96192168,4,0
19.000000,19,20,8,3,0.80–1.00,0.10–0.15,measData_times_truth_over_meas.root,file1,7,45533.90327,10208.13762,-6846.30272,17.78993341,4,0
19.000000,19,20,8,8,0.80–1.00,0.50–0.65,measData_times_truth_over_meas.root,file1,6,13632.22999,-894.8435769,-6180.103138,11.12129175,3,0
20.000000,20,21,3,1,0.30–0.40,0.00–0.05,measData_times_truth_over_meas.root,file1,8,142268.543,3584.689579,423.3599855,28.01516679,5,0
20.000000,20,21,3,1,0.30–0.40,0.00–0.05,measData_times_truth_over_meas.root,file2,8,142268.543,3584.689579,423.3599855,28.01516679,5,0
20.000000,20,21,4,1,0.40–0.50,0.00–0.05,measData_times_truth_over_meas.root,file1,8,66817.97093,6372.659467,8320.880858,20.59539169,5,0
20.000000,20,21,4,1,0.40–0.50,0.00–0.05,measData_times_truth_over_meas.root,file2,8,66817.97093,6372.659467,8320.880858,20.59539169,5,0
20.000000,20,21,4,2,0.40–0.50,0.05–0.10,measData_times_truth_over_meas.root,file1,7,59950.21122,-11771.84826,15394.84588,4.816898039,4,0
20.000000,20,21,4,2,0.40–0.50,0.05–0.10,measData_times_truth_over_meas.root,file2,7,59383.09044,-11180.85151,15329.48642,4.88166726,4,0
20.000000,20,21,5,1,0.50–0.60,0.00–0.05,measData_times_truth_over_meas.root,file1,8,36080.0686,-3035.412388,2880.040062,4.390662085,5,0
20.000000,20,21,5,1,0.50–0.60,0.00–0.05,measData_times_truth_over_meas.root,file2,8,30718.2876,-2735.379115,2777.817367,1.612900692,5,0
20.000000,20,21,5,2,0.50–0.60,0.05–0.10,measData_times_truth_over_meas.root,file1,8,31162.47629,-3985.78284,4362.315595,10.47834201,5,0
20.000000,20,21,5,2,0.50–0.60,0.05–0.10,measData_times_truth_over_meas.root,file2,6,20192.4369,-4135.399595,134.093581,5.483932628,3,0
20.000000,20,21,5,3,0.50–0.60,0.10–0.15,measData_times_truth_over_meas.root,file1,6,23605.90757,-2493.644276,5024.484161,6.137242915,3,0
20.000000,20,21,6,1,0.60–0.70,0.00–0.05,measData_times_truth_over_meas.root,file1,8,18581.24429,-1275.008246,-808.550087,3.01093442,5,0
20.000000,20,21,6,1,0.60–0.70,0.00–0.05,measData_times_truth_over_meas.root,file2,6,3551.310494,334.8428036,330.0012685,1.571285876,3,0
20.000000,20,21,6,2,0.60–0.70,0.05–0.10,measData_times_truth_over_meas.root,file1,7,15863.68247,-4342.349738,-310.0715453,2.895316929,4,0
20.000000,20,21,7,1,0.70–0.80,0.00–0.05,measData_times_truth_over_meas.root,file1,8,13394.651,76.01288254,-235.4403588,5.18181689,5,0
20.000000,20,21,7,2,0.70–0.80,0.05–0.10,measData_times_truth_over_meas.root,file1,6,12618.29335,-439.9670477,-2555.692789,2.34425191,3,0
20.000000,20,21,8,1,0.80–1.00,0.00–0.05,measData_times_truth_over_meas.root,file1,8,15659.44502,-466.9171265,-1659.753373,6.435605198,5,0
20.000000,20,21,8,2,0.80–1.00,0.05–0.10,measData_times_truth_over_meas.root,file1,8,14185.36734,-524.7548764,-2229.626613,3.354105047,5,0
20.000000,20,21,8,3,0.80–1.00,0.10–0.15,measData_times_truth_over_meas.root,file1,7,13579.97308,-2637.426537,-3836.819488,2.022203739,4,0
