xq2_bin,ybin,z_bin,pt2_bin,phi_bin,phi_center_deg,content,error
0,1,1,1,1,22.5,0,0
0,1,1,1,2,67.5,0,0
0,1,1,1,3,112.5,0,0
0,1,1,1,4,157.5,0,0
0,1,1,1,5,202.5,0,0
0,1,1,1,6,247.5,0,0
0,1,1,1,7,292.5,0,0
0,1,1,1,8,337.5,0,0
0,1,1,2,1,22.5,0,0
0,1,1,2,2,67.5,0,0
0,1,1,2,3,112.5,0,0
0,1,1,2,4,157.5,0,0
0,1,1,2,5,202.5,0,0
0,1,1,2,6,247.5,0,0
0,1,1,2,7,292.5,0,0
0,1,1,2,8,337.5,0,0
0,1,1,3,1,22.5,0,0
0,1,1,3,2,67.5,0,0
0,1,1,3,3,112.5,0,0
0,1,1,3,4,157.5,0,0
0,1,1,3,5,202.5,0,0
0,1,1,3,6,247.5,0,0
0,1,1,3,7,292.5,0,0
0,1,1,3,8,337.5,0,0
0,1,1,4,1,22.5,0,0
0,1,1,4,2,67.5,0,0
0,1,1,4,3,112.5,0,0
0,1,1,4,4,157.5,0,0
0,1,1,4,5,202.5,0,0
0,1,1,4,6,247.5,0,0
0,1,1,4,7,292.5,0,0
0,1,1,4,8,337.5,0,0
0,1,1,5,1,22.5,0,0
0,1,1,5,2,67.5,0,0
0,1,1,5,3,112.5,0,0
0,1,1,5,4,157.5,0,0
0,1,1,5,5,202.5,0,0
0,1,1,5,6,247.5,0,0
0,1,1,5,7,292.5,0,0
0,1,1,5,8,337.5,0,0
0,1,1,6,1,22.5,0,0
0,1,1,6,2,67.5,0,0
0,1,1,6,3,112.5,0,0
0,1,1,6,4,157.5,0,0
0,1,1,6,5,202.5,0,0
0,1,1,6,6,247.5,0,0
0,1,1,6,7,292.5,0,0
0,1,1,6,8,337.5,0,0
0,1,1,7,1,22.5,0,0
0,1,1,7,2,67.5,0,0
0,1,1,7,3,112.5,0,0
0,1,1,7,4,157.5,0,0
0,1,1,7,5,202.5,0,0
0,1,1,7,6,247.5,0,0
0,1,1,7,7,292.5,0,0
0,1,1,7,8,337.5,0,0
0,1,1,8,1,22.5,0,0
0,1,1,8,2,67.5,0,0
0,1,1,8,3,112.5,0,0
0,1,1,8,4,157.5,0,0
0,1,1,8,5,202.5,0,0
0,1,1,8,6,247.5,0,0
0,1,1,8,7,292.5,0,0
0,1,1,8,8,337.5,0,0
0,1,1,9,1,22.5,0,0
0,1,1,9,2,67.5,0,0
0,1,1,9,3,112.5,0,0
0,1,1,9,4,157.5,0,0
0,1,1,9,5,202.5,0,0
0,1,1,9,6,247.5,0,0
0,1,1,9,7,292.5,0,0
0,1,1,9,8,337.5,0,0
0,1,1,10,1,22.5,0,0
0,1,1,10,2,67.5,0,0
0,1,1,10,3,112.5,0,0
0,1,1,10,4,157.5,0,0
0,1,1,10,5,202.5,0,0
0,1,1,10,6,247.5,0,0
0,1,1,10,7,292.5,0,0
0,1,1,10,8,337.5,0,0
0,1,1,11,1,22.5,0,0
0,1,1,11,2,67.5,0,0
0,1,1,11,3,112.5,0,0
0,1,1,11,4,157.5,0,0
0,1,1,11,5,202.5,0,0
0,1,1,11,6,247.5,0,0
0,1,1,11,7,292.5,0,0
0,1,1,11,8,337.5,0,0
0,1,2,1,1,22.5,0,0
0,1,2,1,2,67.5,0,0
0,1,2,1,3,112.5,0,0
0,1,2,1,4,157.5,0,0
0,1,2,1,5,202.5,0,0
0,1,2,1,6,247.5,0,0
0,1,2,1,7,292.5,0,0
0,1,2,1,8,337.5,0,0
0,1,2,2,1,22.5,0,0
0,1,2,2,2,67.5,0,0
0,1,2,2,3,112.5,0,0
0,1,2,2,4,157.5,0,0
0,1,2,2,5,202.5,0,0
0,1,2,2,6,247.5,0,0
0,1,2,2,7,292.5,0,0
0,1,2,2,8,337.5,0,0
0,1,2,3,1,22.5,0,0
0,1,2,3,2,67.5,0,0
0,1,2,3,3,112.5,0,0
0,1,2,3,4,157.5,0,0
0,1,2,3,5,202.5,0,0
0,1,2,3,6,247.5,0,0
0,1,2,3,7,292.5,0,0
0,1,2,3,8,337.5,0,0
0,1,2,4,1,22.5,0,0
0,1,2,4,2,67.5,0,0
0,1,2,4,3,112.5,0,0
0,1,2,4,4,157.5,0,0
0,1,2,4,5,202.5,0,0
0,1,2,4,6,247.5,0,0
0,1,2,4,7,292.5,0,0
0,1,2,4,8,337.5,0,0
0,1,2,5,1,22.5,0,0
0,1,2,5,2,67.5,0,0
0,1,2,5,3,112.5,0,0
0,1,2,5,4,157.5,0,0
0,1,2,5,5,202.5,0,0
0,1,2,5,6,247.5,0,0
0,1,2,5,7,292.5,0,0
0,1,2,5,8,337.5,0,0
0,1,2,6,1,22.5,0,0
0,1,2,6,2,67.5,0,0
0,1,2,6,3,112.5,0,0
0,1,2,6,4,157.5,0,0
0,1,2,6,5,202.5,0,0
0,1,2,6,6,247.5,0,0
0,1,2,6,7,292.5,0,0
0,1,2,6,8,337.5,0,0
0,1,2,7,1,22.5,0,0
0,1,2,7,2,67.5,0,0
0,1,2,7,3,112.5,0,0
0,1,2,7,4,157.5,0,0
0,1,2,7,5,202.5,0,0
0,1,2,7,6,247.5,0,0
0,1,2,7,7,292.5,0,0
0,1,2,7,8,337.5,0,0
0,1,2,8,1,22.5,0,0
0,1,2,8,2,67.5,0,0
0,1,2,8,3,112.5,0,0
0,1,2,8,4,157.5,0,0
0,1,2,8,5,202.5,0,0
0,1,2,8,6,247.5,0,0
0,1,2,8,7,292.5,0,0
0,1,2,8,8,337.5,0,0
0,1,2,9,1,22.5,0,0
0,1,2,9,2,67.5,0,0
0,1,2,9,3,112.5,0,0
0,1,2,9,4,157.5,0,0
0,1,2,9,5,202.5,0,0
0,1,2,9,6,247.5,0,0
0,1,2,9,7,292.5,0,0
0,1,2,9,8,337.5,0,0
0,1,2,10,1,22.5,0,0
0,1,2,10,2,67.5,0,0
0,1,2,10,3,112.5,0,0
0,1,2,10,4,157.5,0,0
0,1,2,10,5,202.5,0,0
0,1,2,10,6,247.5,0,0
0,1,2,10,7,292.5,0,0
0,1,2,10,8,337.5,0,0
0,1,2,11,1,22.5,0,0
0,1,2,11,2,67.5,0,0
0,1,2,11,3,112.5,0,0
0,1,2,11,4,157.5,0,0
0,1,2,11,5,202.5,0,0
0,1,2,11,6,247.5,0,0
0,1,2,11,7,292.5,0,0
0,1,2,11,8,337.5,0,0
0,1,3,1,1,22.5,0,0
0,1,3,1,2,67.5,0,0
0,1,3,1,3,112.5,0,0
0,1,3,1,4,157.5,0,0
0,1,3,1,5,202.5,0,0
0,1,3,1,6,247.5,0,0
0,1,3,1,7,292.5,0,0
0,1,3,1,8,337.5,0,0
0,1,3,2,1,22.5,0,0
0,1,3,2,2,67.5,0,0
0,1,3,2,3,112.5,0,0
0,1,3,2,4,157.5,0,0
0,1,3,2,5,202.5,0,0
0,1,3,2,6,247.5,0,0
0,1,3,2,7,292.5,0,0
0,1,3,2,8,337.5,0,0
0,1,3,3,1,22.5,0,0
0,1,3,3,2,67.5,0,0
0,1,3,3,3,112.5,0,0
0,1,3,3,4,157.5,0,0
0,1,3,3,5,202.5,0,0
0,1,3,3,6,247.5,0,0
0,1,3,3,7,292.5,0,0
0,1,3,3,8,337.5,0,0
0,1,3,4,1,22.5,0,0
0,1,3,4,2,67.5,0,0
0,1,3,4,3,112.5,0,0
0,1,3,4,4,157.5,0,0
0,1,3,4,5,202.5,0,0
0,1,3,4,6,247.5,0,0
0,1,3,4,7,292.5,0,0
0,1,3,4,8,337.5,0,0
0,1,3,5,1,22.5,0,0
0,1,3,5,2,67.5,0,0
0,1,3,5,3,112.5,0,0
0,1,3,5,4,157.5,0,0
0,1,3,5,5,202.5,0,0
0,1,3,5,6,247.5,0,0
0,1,3,5,7,292.5,0,0
0,1,3,5,8,337.5,0,0
0,1,3,6,1,22.5,0,0
0,1,3,6,2,67.5,0,0
0,1,3,6,3,112.5,0,0
0,1,3,6,4,157.5,0,0
0,1,3,6,5,202.5,0,0
0,1,3,6,6,247.5,0,0
0,1,3,6,7,292.5,0,0
0,1,3,6,8,337.5,0,0
0,1,3,7,1,22.5,0,0
0,1,3,7,2,67.5,0,0
0,1,3,7,3,112.5,0,0
0,1,3,7,4,157.5,0,0
0,1,3,7,5,202.5,0,0
0,1,3,7,6,247.5,0,0
0,1,3,7,7,292.5,0,0
0,1,3,7,8,337.5,0,0
0,1,3,8,1,22.5,0,0
0,1,3,8,2,67.5,0,0
0,1,3,8,3,112.5,0,0
0,1,3,8,4,157.5,0,0
0,1,3,8,5,202.5,0,0
0,1,3,8,6,247.5,0,0
0,1,3,8,7,292.5,0,0
0,1,3,8,8,337.5,0,0
0,1,3,9,1,22.5,0,0
0,1,3,9,2,67.5,0,0
0,1,3,9,3,112.5,0,0
0,1,3,9,4,157.5,0,0
0,1,3,9,5,202.5,0,0
0,1,3,9,6,247.5,0,0
0,1,3,9,7,292.5,0,0
0,1,3,9,8,337.5,0,0
0,1,3,10,1,22.5,0,0
0,1,3,10,2,67.5,0,0
0,1,3,10,3,112.5,0,0
0,1,3,10,4,157.5,0,0
0,1,3,10,5,202.5,0,0
0,1,3,10,6,247.5,0,0
0,1,3,10,7,292.5,0,0
0,1,3,10,8,337.5,0,0
0,1,3,11,1,22.5,0,0
0,1,3,11,2,67.5,0,0
0,1,3,11,3,112.5,0,0
0,1,3,11,4,157.5,0,0
0,1,3,11,5,202.5,0,0
0,1,3,11,6,247.5,0,0
0,1,3,11,7,292.5,0,0
0,1,3,11,8,337.5,0,0
0,1,4,1,1,22.5,0,0
0,1,4,1,2,67.5,0,0
0,1,4,1,3,112.5,0,0
0,1,4,1,4,157.5,0,0
0,1,4,1,5,202.5,0,0
0,1,4,1,6,247.5,0,0
0,1,4,1,7,292.5,0,0
0,1,4,1,8,337.5,0,0
0,1,4,2,1,22.5,0,0
0,1,4,2,2,67.5,0,0
0,1,4,2,3,112.5,0,0
0,1,4,2,4,157.5,0,0
0,1,4,2,5,202.5,0,0
0,1,4,2,6,247.5,0,0
0,1,4,2,7,292.5,0,0
0,1,4,2,8,337.5,0,0
0,1,4,3,1,22.5,0,0
0,1,4,3,2,67.5,0,0
0,1,4,3,3,112.5,0,0
0,1,4,3,4,157.5,0,0
0,1,4,3,5,202.5,0,0
0,1,4,3,6,247.5,0,0
0,1,4,3,7,292.5,0,0
0,1,4,3,8,337.5,0,0
0,1,4,4,1,22.5,0,0
0,1,4,4,2,67.5,0,0
0,1,4,4,3,112.5,0,0
0,1,4,4,4,157.5,0,0
0,1,4,4,5,202.5,0,0
0,1,4,4,6,247.5,0,0
0,1,4,4,7,292.5,0,0
0,1,4,4,8,337.5,0,0
0,1,4,5,1,22.5,0,0
0,1,4,5,2,67.5,0,0
0,1,4,5,3,112.5,0,0
0,1,4,5,4,157.5,0,0
0,1,4,5,5,202.5,0,0
0,1,4,5,6,247.5,0,0
0,1,4,5,7,292.5,0,0
0,1,4,5,8,337.5,0,0
0,1,4,6,1,22.5,0,0
0,1,4,6,2,67.5,0,0
0,1,4,6,3,112.5,0,0
0,1,4,6,4,157.5,0,0
0,1,4,6,5,202.5,0,0
0,1,4,6,6,247.5,0,0
0,1,4,6,7,292.5,0,0
0,1,4,6,8,337.5,0,0
0,1,4,7,1,22.5,0,0
0,1,4,7,2,67.5,0,0
0,1,4,7,3,112.5,0,0
0,1,4,7,4,157.5,0,0
0,1,4,7,5,202.5,0,0
0,1,4,7,6,247.5,0,0
0,1,4,7,7,292.5,0,0
0,1,4,7,8,337.5,0,0
0,1,4,8,1,22.5,0,0
0,1,4,8,2,67.5,0,0
0,1,4,8,3,112.5,0,0
0,1,4,8,4,157.5,0,0
0,1,4,8,5,202.5,0,0
0,1,4,8,6,247.5,0,0
0,1,4,8,7,292.5,0,0
0,1,4,8,8,337.5,0,0
0,1,4,9,1,22.5,0,0
0,1,4,9,2,67.5,0,0
0,1,4,9,3,112.5,0,0
0,1,4,9,4,157.5,0,0
0,1,4,9,5,202.5,0,0
0,1,4,9,6,247.5,0,0
0,1,4,9,7,292.5,0,0
0,1,4,9,8,337.5,0,0
0,1,4,10,1,22.5,0,0
0,1,4,10,2,67.5,0,0
0,1,4,10,3,112.5,0,0
0,1,4,10,4,157.5,0,0
0,1,4,10,5,202.5,0,0
0,1,4,10,6,247.5,0,0
0,1,4,10,7,292.5,0,0
0,1,4,10,8,337.5,0,0
0,1,4,11,1,22.5,0,0
0,1,4,11,2,67.5,0,0
0,1,4,11,3,112.5,0,0
0,1,4,11,4,157.5,0,0
0,1,4,11,5,202.5,0,0
0,1,4,11,6,247.5,0,0
0,1,4,11,7,292.5,0,0
0,1,4,11,8,337.5,0,0
0,1,5,1,1,22.5,0,0
0,1,5,1,2,67.5,0,0
0,1,5,1,3,112.5,0,0
0,1,5,1,4,157.5,0,0
0,1,5,1,5,202.5,0,0
0,1,5,1,6,247.5,0,0
0,1,5,1,7,292.5,0,0
0,1,5,1,8,337.5,0,0
0,1,5,2,1,22.5,0,0
0,1,5,2,2,67.5,0,0
0,1,5,2,3,112.5,0,0
0,1,5,2,4,157.5,0,0
0,1,5,2,5,202.5,0,0
0,1,5,2,6,247.5,0,0
0,1,5,2,7,292.5,0,0
0,1,5,2,8,337.5,0,0
0,1,5,3,1,22.5,0,0
0,1,5,3,2,67.5,0,0
0,1,5,3,3,112.5,0,0
0,1,5,3,4,157.5,0,0
0,1,5,3,5,202.5,0,0
0,1,5,3,6,247.5,0,0
0,1,5,3,7,292.5,0,0
0,1,5,3,8,337.5,0,0
0,1,5,4,1,22.5,0,0
0,1,5,4,2,67.5,0,0
0,1,5,4,3,112.5,0,0
0,1,5,4,4,157.5,0,0
0,1,5,4,5,202.5,0,0
0,1,5,4,6,247.5,0,0
0,1,5,4,7,292.5,0,0
0,1,5,4,8,337.5,0,0
0,1,5,5,1,22.5,0,0
0,1,5,5,2,67.5,0,0
0,1,5,5,3,112.5,0,0
0,1,5,5,4,157.5,0,0
0,1,5,5,5,202.5,0,0
0,1,5,5,6,247.5,0,0
0,1,5,5,7,292.5,0,0
0,1,5,5,8,337.5,0,0
0,1,5,6,1,22.5,0,0
0,1,5,6,2,67.5,0,0
0,1,5,6,3,112.5,0,0
0,1,5,6,4,157.5,0,0
0,1,5,6,5,202.5,0,0
0,1,5,6,6,247.5,0,0
0,1,5,6,7,292.5,0,0
0,1,5,6,8,337.5,0,0
0,1,5,7,1,22.5,0,0
0,1,5,7,2,67.5,0,0
0,1,5,7,3,112.5,0,0
0,1,5,7,4,157.5,0,0
0,1,5,7,5,202.5,0,0
0,1,5,7,6,247.5,0,0
0,1,5,7,7,292.5,0,0
0,1,5,7,8,337.5,0,0
0,1,5,8,1,22.5,0,0
0,1,5,8,2,67.5,0,0
0,1,5,8,3,112.5,0,0
0,1,5,8,4,157.5,0,0
0,1,5,8,5,202.5,0,0
0,1,5,8,6,247.5,0,0
0,1,5,8,7,292.5,0,0
0,1,5,8,8,337.5,0,0
0,1,5,9,1,22.5,0,0
0,1,5,9,2,67.5,0,0
0,1,5,9,3,112.5,0,0
0,1,5,9,4,157.5,0,0
0,1,5,9,5,202.5,0,0
0,1,5,9,6,247.5,0,0
0,1,5,9,7,292.5,0,0
0,1,5,9,8,337.5,0,0
0,1,5,10,1,22.5,0,0
0,1,5,10,2,67.5,0,0
0,1,5,10,3,112.5,0,0
0,1,5,10,4,157.5,0,0
0,1,5,10,5,202.5,0,0
0,1,5,10,6,247.5,0,0
0,1,5,10,7,292.5,0,0
0,1,5,10,8,337.5,0,0
0,1,5,11,1,22.5,0,0
0,1,5,11,2,67.5,0,0
0,1,5,11,3,112.5,0,0
0,1,5,11,4,157.5,0,0
0,1,5,11,5,202.5,0,0
0,1,5,11,6,247.5,0,0
0,1,5,11,7,292.5,0,0
0,1,5,11,8,337.5,0,0
0,1,6,1,1,22.5,0,0
0,1,6,1,2,67.5,0,0
0,1,6,1,3,112.5,0,0
0,1,6,1,4,157.5,0,0
0,1,6,1,5,202.5,0,0
0,1,6,1,6,247.5,0,0
0,1,6,1,7,292.5,0,0
0,1,6,1,8,337.5,0,0
0,1,6,2,1,22.5,0,0
0,1,6,2,2,67.5,0,0
0,1,6,2,3,112.5,0,0
0,1,6,2,4,157.5,0,0
0,1,6,2,5,202.5,0,0
0,1,6,2,6,247.5,0,0
0,1,6,2,7,292.5,0,0
0,1,6,2,8,337.5,0,0
0,1,6,3,1,22.5,0,0
0,1,6,3,2,67.5,0,0
0,1,6,3,3,112.5,0,0
0,1,6,3,4,157.5,0,0
0,1,6,3,5,202.5,0,0
0,1,6,3,6,247.5,0,0
0,1,6,3,7,292.5,0,0
0,1,6,3,8,337.5,0,0
0,1,6,4,1,22.5,0,0
0,1,6,4,2,67.5,0,0
0,1,6,4,3,112.5,0,0
0,1,6,4,4,157.5,0,0
0,1,6,4,5,202.5,0,0
0,1,6,4,6,247.5,0,0
0,1,6,4,7,292.5,0,0
0,1,6,4,8,337.5,0,0
0,1,6,5,1,22.5,0,0
0,1,6,5,2,67.5,0,0
0,1,6,5,3,112.5,0,0
0,1,6,5,4,157.5,0,0
0,1,6,5,5,202.5,0,0
0,1,6,5,6,247.5,0,0
0,1,6,5,7,292.5,0,0
0,1,6,5,8,337.5,0,0
0,1,6,6,1,22.5,0,0
0,1,6,6,2,67.5,0,0
0,1,6,6,3,112.5,0,0
0,1,6,6,4,157.5,0,0
0,1,6,6,5,202.5,0,0
0,1,6,6,6,247.5,0,0
0,1,6,6,7,292.5,0,0
0,1,6,6,8,337.5,0,0
0,1,6,7,1,22.5,0,0
0,1,6,7,2,67.5,0,0
0,1,6,7,3,112.5,0,0
0,1,6,7,4,157.5,0,0
0,1,6,7,5,202.5,0,0
0,1,6,7,6,247.5,0,0
0,1,6,7,7,292.5,0,0
0,1,6,7,8,337.5,0,0
0,1,6,8,1,22.5,0,0
0,1,6,8,2,67.5,0,0
0,1,6,8,3,112.5,0,0
0,1,6,8,4,157.5,0,0
0,1,6,8,5,202.5,0,0
0,1,6,8,6,247.5,0,0
0,1,6,8,7,292.5,0,0
0,1,6,8,8,337.5,0,0
0,1,6,9,1,22.5,0,0
0,1,6,9,2,67.5,0,0
0,1,6,9,3,112.5,0,0
0,1,6,9,4,157.5,0,0
0,1,6,9,5,202.5,0,0
0,1,6,9,6,247.5,0,0
0,1,6,9,7,292.5,0,0
0,1,6,9,8,337.5,0,0
0,1,6,10,1,22.5,0,0
0,1,6,10,2,67.5,0,0
0,1,6,10,3,112.5,0,0
0,1,6,10,4,157.5,0,0
0,1,6,10,5,202.5,0,0
0,1,6,10,6,247.5,0,0
0,1,6,10,7,292.5,0,0
0,1,6,10,8,337.5,0,0
0,1,6,11,1,22.5,0,0
0,1,6,11,2,67.5,0,0
0,1,6,11,3,112.5,0,0
0,1,6,11,4,157.5,0,0
0,1,6,11,5,202.5,0,0
0,1,6,11,6,247.5,0,0
0,1,6,11,7,292.5,0,0
0,1,6,11,8,337.5,0,0
0,1,7,1,1,22.5,0,0
0,1,7,1,2,67.5,0,0
0,1,7,1,3,112.5,0,0
0,1,7,1,4,157.5,0,0
0,1,7,1,5,202.5,0,0
0,1,7,1,6,247.5,0,0
0,1,7,1,7,292.5,0,0
0,1,7,1,8,337.5,0,0
0,1,7,2,1,22.5,0,0
0,1,7,2,2,67.5,0,0
0,1,7,2,3,112.5,0,0
0,1,7,2,4,157.5,0,0
0,1,7,2,5,202.5,0,0
0,1,7,2,6,247.5,0,0
0,1,7,2,7,292.5,0,0
0,1,7,2,8,337.5,0,0
0,1,7,3,1,22.5,0,0
0,1,7,3,2,67.5,0,0
0,1,7,3,3,112.5,0,0
0,1,7,3,4,157.5,0,0
0,1,7,3,5,202.5,0,0
0,1,7,3,6,247.5,0,0
0,1,7,3,7,292.5,0,0
0,1,7,3,8,337.5,0,0
0,1,7,4,1,22.5,0,0
0,1,7,4,2,67.5,0,0
0,1,7,4,3,112.5,0,0
0,1,7,4,4,157.5,0,0
0,1,7,4,5,202.5,0,0
0,1,7,4,6,247.5,0,0
0,1,7,4,7,292.5,0,0
0,1,7,4,8,337.5,0,0
0,1,7,5,1,22.5,0,0
0,1,7,5,2,67.5,0,0
0,1,7,5,3,112.5,0,0
0,1,7,5,4,157.5,0,0
0,1,7,5,5,202.5,0,0
0,1,7,5,6,247.5,0,0
0,1,7,5,7,292.5,0,0
0,1,7,5,8,337.5,0,0
0,1,7,6,1,22.5,0,0
0,1,7,6,2,67.5,0,0
0,1,7,6,3,112.5,0,0
0,1,7,6,4,157.5,0,0
0,1,7,6,5,202.5,0,0
0,1,7,6,6,247.5,0,0
0,1,7,6,7,292.5,0,0
0,1,7,6,8,337.5,0,0
0,1,7,7,1,22.5,0,0
0,1,7,7,2,67.5,0,0
0,1,7,7,3,112.5,0,0
0,1,7,7,4,157.5,0,0
0,1,7,7,5,202.5,0,0
0,1,7,7,6,247.5,0,0
0,1,7,7,7,292.5,0,0
0,1,7,7,8,337.5,0,0
0,1,7,8,1,22.5,0,0
0,1,7,8,2,67.5,0,0
0,1,7,8,3,112.5,0,0
0,1,7,8,4,157.5,0,0
0,1,7,8,5,202.5,0,0
0,1,7,8,6,247.5,0,0
0,1,7,8,7,292.5,0,0
0,1,7,8,8,337.5,0,0
0,1,7,9,1,22.5,0,0
0,1,7,9,2,67.5,0,0
0,1,7,9,3,112.5,0,0
0,1,7,9,4,157.5,0,0
0,1,7,9,5,202.5,0,0
0,1,7,9,6,247.5,0,0
0,1,7,9,7,292.5,0,0
0,1,7,9,8,337.5,0,0
0,1,7,10,1,22.5,0,0
0,1,7,10,2,67.5,0,0
0,1,7,10,3,112.5,0,0
0,1,7,10,4,157.5,0,0
0,1,7,10,5,202.5,0,0
0,1,7,10,6,247.5,0,0
0,1,7,10,7,292.5,0,0
0,1,7,10,8,337.5,0,0
0,1,7,11,1,22.5,0,0
0,1,7,11,2,67.5,0,0
0,1,7,11,3,112.5,0,0
0,1,7,11,4,157.5,0,0
0,1,7,11,5,202.5,0,0
0,1,7,11,6,247.5,0,0
0,1,7,11,7,292.5,0,0
0,1,7,11,8,337.5,0,0
0,1,8,1,1,22.5,0,0
0,1,8,1,2,67.5,0,0
0,1,8,1,3,112.5,0,0
0,1,8,1,4,157.5,0,0
0,1,8,1,5,202.5,0,0
0,1,8,1,6,247.5,0,0
0,1,8,1,7,292.5,0,0
0,1,8,1,8,337.5,0,0
0,1,8,2,1,22.5,0,0
0,1,8,2,2,67.5,0,0
0,1,8,2,3,112.5,0,0
0,1,8,2,4,157.5,0,0
0,1,8,2,5,202.5,0,0
0,1,8,2,6,247.5,0,0
0,1,8,2,7,292.5,0,0
0,1,8,2,8,337.5,0,0
0,1,8,3,1,22.5,0,0
0,1,8,3,2,67.5,0,0
0,1,8,3,3,112.5,0,0
0,1,8,3,4,157.5,0,0
0,1,8,3,5,202.5,0,0
0,1,8,3,6,247.5,0,0
0,1,8,3,7,292.5,0,0
0,1,8,3,8,337.5,0,0
0,1,8,4,1,22.5,0,0
0,1,8,4,2,67.5,0,0
0,1,8,4,3,112.5,0,0
0,1,8,4,4,157.5,0,0
0,1,8,4,5,202.5,0,0
0,1,8,4,6,247.5,0,0
0,1,8,4,7,292.5,0,0
0,1,8,4,8,337.5,0,0
0,1,8,5,1,22.5,0,0
0,1,8,5,2,67.5,0,0
0,1,8,5,3,112.5,0,0
0,1,8,5,4,157.5,0,0
0,1,8,5,5,202.5,0,0
0,1,8,5,6,247.5,0,0
0,1,8,5,7,292.5,0,0
0,1,8,5,8,337.5,0,0
0,1,8,6,1,22.5,0,0
0,1,8,6,2,67.5,0,0
0,1,8,6,3,112.5,0,0
0,1,8,6,4,157.5,0,0
0,1,8,6,5,202.5,0,0
0,1,8,6,6,247.5,0,0
0,1,8,6,7,292.5,0,0
0,1,8,6,8,337.5,0,0
0,1,8,7,1,22.5,0,0
0,1,8,7,2,67.5,0,0
0,1,8,7,3,112.5,0,0
0,1,8,7,4,157.5,0,0
0,1,8,7,5,202.5,0,0
0,1,8,7,6,247.5,0,0
0,1,8,7,7,292.5,0,0
0,1,8,7,8,337.5,0,0
0,1,8,8,1,22.5,0,0
0,1,8,8,2,67.5,0,0
0,1,8,8,3,112.5,0,0
0,1,8,8,4,157.5,0,0
0,1,8,8,5,202.5,0,0
0,1,8,8,6,247.5,0,0
0,1,8,8,7,292.5,0,0
0,1,8,8,8,337.5,0,0
0,1,8,9,1,22.5,0,0
0,1,8,9,2,67.5,0,0
0,1,8,9,3,112.5,0,0
0,1,8,9,4,157.5,0,0
0,1,8,9,5,202.5,0,0
0,1,8,9,6,247.5,0,0
0,1,8,9,7,292.5,0,0
0,1,8,9,8,337.5,0,0
0,1,8,10,1,22.5,0,0
0,1,8,10,2,67.5,0,0
0,1,8,10,3,112.5,0,0
0,1,8,10,4,157.5,0,0
0,1,8,10,5,202.5,0,0
0,1,8,10,6,247.5,0,0
0,1,8,10,7,292.5,0,0
0,1,8,10,8,337.5,0,0
0,1,8,11,1,22.5,0,0
0,1,8,11,2,67.5,0,0
0,1,8,11,3,112.5,0,0
0,1,8,11,4,157.5,0,0
0,1,8,11,5,202.5,0,0
0,1,8,11,6,247.5,0,0
0,1,8,11,7,292.5,0,0
0,1,8,11,8,337.5,0,0
1,2,1,1,1,22.5,1800.16,184.647
1,2,1,1,2,67.5,4068.94,187.439
1,2,1,1,3,112.5,22978.2,381.354
1,2,1,1,4,157.5,9153.94,305.407
1,2,1,1,5,202.5,21128.8,362.762
1,2,1,1,6,247.5,15319.7,457.665
1,2,1,1,7,292.5,3690.77,149.912
1,2,1,1,8,337.5,1470.65,105.516
1,2,1,2,1,22.5,1868.08,81.0308
1,2,1,2,2,67.5,12871.3,209.275
1,2,1,2,3,112.5,17597.7,251.474
1,2,1,2,4,157.5,18597.7,260.48
1,2,1,2,5,202.5,17809.1,254.217
1,2,1,2,6,247.5,13642.7,209.215
1,2,1,2,7,292.5,5625.3,144.422
1,2,1,2,8,337.5,873.632,58.5008
1,2,1,3,1,22.5,2240.76,70.7274
1,2,1,3,2,67.5,13639.5,168.245
1,2,1,3,3,112.5,13543.6,164.189
1,2,1,3,4,157.5,16852,191.502
1,2,1,3,5,202.5,12929.9,162.383
1,2,1,3,6,247.5,15746.1,183.433
1,2,1,3,7,292.5,11613.9,158.464
1,2,1,3,8,337.5,1588.78,59.3875
1,2,1,4,1,22.5,2477.13,58.5762
1,2,1,4,2,67.5,10559.1,125.127
1,2,1,4,3,112.5,10396.2,123.761
1,2,1,4,4,157.5,9759.23,120.542
1,2,1,4,5,202.5,7380.59,103.727
1,2,1,4,6,247.5,12081.5,140.132
1,2,1,4,7,292.5,9100.26,118.263
1,2,1,4,8,337.5,1920.33,52.2509
1,2,1,5,1,22.5,3795.83,70.9459
1,2,1,5,2,67.5,10313.9,118.821
1,2,1,5,3,112.5,9642.55,118.183
1,2,1,5,4,157.5,5751.76,88.6019
1,2,1,5,5,202.5,4839.65,82.6087
1,2,1,5,6,247.5,9708.38,122.841
1,2,1,5,7,292.5,10433.5,119.55
1,2,1,5,8,337.5,2502.9,59.6024
1,2,1,6,1,22.5,836.981,30.5718
1,2,1,6,2,67.5,1514.24,42.3277
1,2,1,6,3,112.5,1210.28,38.2241
1,2,1,6,4,157.5,410.61,21.8358
1,2,1,6,5,202.5,455.603,22.9327
1,2,1,6,6,247.5,1168.56,37.8549
1,2,1,6,7,292.5,1766.12,45.9436
1,2,1,6,8,337.5,415.079,21.3352
1,2,1,7,1,22.5,0,0
1,2,1,7,2,67.5,0,0
1,2,1,7,3,112.5,0,0
1,2,1,7,4,157.5,0,0
1,2,1,7,5,202.5,0,0
1,2,1,7,6,247.5,0,0
1,2,1,7,7,292.5,0,0
1,2,1,7,8,337.5,0,0
1,2,1,8,1,22.5,0,0
1,2,1,8,2,67.5,0,0
1,2,1,8,3,112.5,0,0
1,2,1,8,4,157.5,0,0
1,2,1,8,5,202.5,0,0
1,2,1,8,6,247.5,0,0
1,2,1,8,7,292.5,0,0
1,2,1,8,8,337.5,0,0
1,2,1,9,1,22.5,0,0
1,2,1,9,2,67.5,0,0
1,2,1,9,3,112.5,0,0
1,2,1,9,4,157.5,0,0
1,2,1,9,5,202.5,0,0
1,2,1,9,6,247.5,0,0
1,2,1,9,7,292.5,0,0
1,2,1,9,8,337.5,0,0
1,2,1,10,1,22.5,0,0
1,2,1,10,2,67.5,0,0
1,2,1,10,3,112.5,0,0
1,2,1,10,4,157.5,0,0
1,2,1,10,5,202.5,0,0
1,2,1,10,6,247.5,0,0
1,2,1,10,7,292.5,0,0
1,2,1,10,8,337.5,0,0
1,2,1,11,1,22.5,0,0
1,2,1,11,2,67.5,0,0
1,2,1,11,3,112.5,0,0
1,2,1,11,4,157.5,0,0
1,2,1,11,5,202.5,0,0
1,2,1,11,6,247.5,0,0
1,2,1,11,7,292.5,0,0
1,2,1,11,8,337.5,0,0
1,2,2,1,1,22.5,0,0
1,2,2,1,2,67.5,12525.2,210.757
1,2,2,1,3,112.5,25333.6,383.35
1,2,2,1,4,157.5,18419.6,314.077
1,2,2,1,5,202.5,25970.8,448.223
1,2,2,1,6,247.5,7344.12,205.141
1,2,2,1,7,292.5,7475.38,177.285
1,2,2,1,8,337.5,6.61202,3.77125
1,2,2,2,1,22.5,951.365,45.2959
1,2,2,2,2,67.5,11441.1,177.52
1,2,2,2,3,112.5,25127.1,241.126
1,2,2,2,4,157.5,40866.2,337.987
1,2,2,2,5,202.5,27513.8,260.947
1,2,2,2,6,247.5,22428.2,251.746
1,2,2,2,7,292.5,16341.2,194.759
1,2,2,2,8,337.5,537.214,38.526
1,2,2,3,1,22.5,4154.33,77.0169
1,2,2,3,2,67.5,17457.8,171.217
1,2,2,3,3,112.5,20394,189.312
1,2,2,3,4,157.5,42953.8,284.439
1,2,2,3,5,202.5,24144.8,208.586
1,2,2,3,6,247.5,29646.8,236.526
1,2,2,3,7,292.5,18215,175.186
1,2,2,3,8,337.5,1687.33,54.2598
1,2,2,4,1,22.5,3714.27,69.7057
1,2,2,4,2,67.5,18509.8,163.73
1,2,2,4,3,112.5,18913.3,161.732
1,2,2,4,4,157.5,35491.8,233.868
1,2,2,4,5,202.5,20025.4,173.501
1,2,2,4,6,247.5,29832.1,210.611
1,2,2,4,7,292.5,13790.5,141.65
1,2,2,4,8,337.5,2219.26,54.6437
1,2,2,5,1,22.5,6983.53,95.9762
1,2,2,5,2,67.5,29517.3,204.032
1,2,2,5,3,112.5,31986.3,211.795
1,2,2,5,4,157.5,46799.2,263.49
1,2,2,5,5,202.5,26511.9,193.584
1,2,2,5,6,247.5,47206.3,254.281
1,2,2,5,7,292.5,22813.6,180.321
1,2,2,5,8,337.5,4999.87,80.2748
1,2,2,6,1,22.5,7532.72,96.6994
1,2,2,6,2,67.5,18099.7,152.394
1,2,2,6,3,112.5,20713.3,159.752
1,2,2,6,4,157.5,21898.6,165.138
1,2,2,6,5,202.5,13476.2,133.39
1,2,2,6,6,247.5,26600.3,188.38
1,2,2,6,7,292.5,17894.6,149.406
1,2,2,6,8,337.5,3998.81,68.5734
1,2,2,7,1,22.5,5111.33,75.7532
1,2,2,7,2,67.5,9250.52,104.587
1,2,2,7,3,112.5,10636.7,112.631
1,2,2,7,4,157.5,8755.49,103.487
1,2,2,7,5,202.5,5745.82,81.1828
1,2,2,7,6,247.5,12683.9,123.625
1,2,2,7,7,292.5,10966.3,112.682
1,2,2,7,8,337.5,2444.32,52.473
1,2,2,8,1,22.5,3429.72,60.886
1,2,2,8,2,67.5,5448.56,77.3829
1,2,2,8,3,112.5,6064.34,82.2826
1,2,2,8,4,157.5,3844.94,66.1714
1,2,2,8,5,202.5,2613.94,54.5037
1,2,2,8,6,247.5,6438.96,85.23
1,2,2,8,7,292.5,6418.7,84.9637
1,2,2,8,8,337.5,1434.55,39.6058
1,2,2,9,1,22.5,791.438,29.0689
1,2,2,9,2,67.5,1235.93,36.8813
1,2,2,9,3,112.5,1307.07,37.5057
1,2,2,9,4,157.5,552.361,24.2445
1,2,2,9,5,202.5,428.085,21.4105
1,2,2,9,6,247.5,1272.83,37.0706
1,2,2,9,7,292.5,1528.8,40.5757
1,2,2,9,8,337.5,365.532,19.7172
1,2,2,10,1,22.5,75.2273,9.08161
1,2,2,10,2,67.5,89.3187,9.81523
1,2,2,10,3,112.5,99.2583,10.306
1,2,2,10,4,157.5,25.6562,5.71959
1,2,2,10,5,202.5,0,0
1,2,2,10,6,247.5,89.8913,9.81377
1,2,2,10,7,292.5,124.001,11.5675
1,2,2,10,8,337.5,12.6199,3.74952
1,2,2,11,1,22.5,0,0
1,2,2,11,2,67.5,0,0
1,2,2,11,3,112.5,0,0
1,2,2,11,4,157.5,0,0
1,2,2,11,5,202.5,0,0
1,2,2,11,6,247.5,0,0
1,2,2,11,7,292.5,0,0
1,2,2,11,8,337.5,0,0
1,2,3,1,1,22.5,22.4763,5.62661
1,2,3,1,2,67.5,4669.06,87.624
1,2,3,1,3,112.5,6621.82,129.21
1,2,3,1,4,157.5,14539.6,188.47
1,2,3,1,5,202.5,8785.54,155.628
1,2,3,1,6,247.5,7568.45,116.238
1,2,3,1,7,292.5,4385.89,84.7923
1,2,3,1,8,337.5,77.9828,12.1173
1,2,3,2,1,22.5,0,0
1,2,3,2,2,67.5,3606.56,76.0859
1,2,3,2,3,112.5,8013.63,123.148
1,2,3,2,4,157.5,28709.5,231.478
1,2,3,2,5,202.5,12630.3,158.272
1,2,3,2,6,247.5,8129.21,125.246
1,2,3,2,7,292.5,3156.59,73.1987
1,2,3,2,8,337.5,19.5297,5.04656
1,2,3,3,1,22.5,255.483,17.2968
1,2,3,3,2,67.5,4191.39,83.4478
1,2,3,3,3,112.5,6720.53,103.344
1,2,3,3,4,157.5,31109.3,214.901
1,2,3,3,5,202.5,12203.5,138.155
1,2,3,3,6,247.5,13590,149.803
1,2,3,3,7,292.5,6081.26,97.7465
1,2,3,3,8,337.5,264.292,17.9966
1,2,3,4,1,22.5,853.628,30.9104
1,2,3,4,2,67.5,6883.34,95.814
1,2,3,4,3,112.5,6551.41,96.3083
1,2,3,4,4,157.5,27467.6,193.301
1,2,3,4,5,202.5,10788,118.876
1,2,3,4,6,247.5,16879.3,144.553
1,2,3,4,7,292.5,5829.4,88.7532
1,2,3,4,8,337.5,393.081,21.1721
1,2,3,5,1,22.5,1859.53,47.8707
1,2,3,5,2,67.5,15929.1,137.872
1,2,3,5,3,112.5,13269,131.486
1,2,3,5,4,157.5,41069.6,239.224
1,2,3,5,5,202.5,17093.4,149.096
1,2,3,5,6,247.5,32531.4,212.788
1,2,3,5,7,292.5,9081.18,113.116
1,2,3,5,8,337.5,1429.36,41.4013
1,2,3,6,1,22.5,2081.54,49.9953
1,2,3,6,2,67.5,12591,119.666
1,2,3,6,3,112.5,12236.9,120.687
1,2,3,6,4,157.5,26387.4,207.609
1,2,3,6,5,202.5,12075.9,124.509
1,2,3,6,6,247.5,23683.1,171.669
1,2,3,6,7,292.5,6996.81,92.7554
1,2,3,6,8,337.5,1951.05,47.2124
1,2,3,7,1,22.5,2623.42,53.8796
1,2,3,7,2,67.5,8156.03,95.9701
1,2,3,7,3,112.5,9151.6,102.581
1,2,3,7,4,157.5,16544.8,142.023
1,2,3,7,5,202.5,8028.81,99.2949
1,2,3,7,6,247.5,15745.9,135.512
1,2,3,7,7,292.5,6181.31,83.8377
1,2,3,7,8,337.5,1802.58,44.6966
1,2,3,8,1,22.5,3690.92,63.2995
1,2,3,8,2,67.5,7360.21,90.2256
1,2,3,8,3,112.5,9178,100.56
1,2,3,8,4,157.5,12930.1,122.044
1,2,3,8,5,202.5,6746.73,86.9133
1,2,3,8,6,247.5,13413.2,125.474
1,2,3,8,7,292.5,7086.76,88.4927
1,2,3,8,8,337.5,1935.22,46.2138
1,2,3,9,1,22.5,2493.91,50.3944
1,2,3,9,2,67.5,4048.12,66.5691
1,2,3,9,3,112.5,5056.39,74.6591
1,2,3,9,4,157.5,5647.55,79.2654
1,2,3,9,5,202.5,3148.65,59.025
1,2,3,9,6,247.5,6621.27,85.3891
1,2,3,9,7,292.5,4630.98,71.0874
1,2,3,9,8,337.5,1107.45,34.5809
1,2,3,10,1,22.5,1812.8,43.7999
1,2,3,10,2,67.5,2507.1,51.6523
1,2,3,10,3,112.5,2982.07,56.2543
1,2,3,10,4,157.5,2282.13,49.8265
1,2,3,10,5,202.5,1462.92,39.7509
1,2,3,10,6,247.5,3375.88,60.4898
1,2,3,10,7,292.5,2936.64,56.4094
1,2,3,10,8,337.5,590.464,25.1346
1,2,3,11,1,22.5,713.739,27.3274
1,2,3,11,2,67.5,895.559,30.6626
1,2,3,11,3,112.5,1074.36,33.6047
1,2,3,11,4,157.5,633.941,25.7189
1,2,3,11,5,202.5,491.124,22.8962
1,2,3,11,6,247.5,1189.7,35.3615
1,2,3,11,7,292.5,1251.71,36.3409
1,2,3,11,8,337.5,201.798,14.6793
1,2,4,1,1,22.5,98.4802,11.7956
1,2,4,1,2,67.5,574.756,38.9395
1,2,4,1,3,112.5,3267.84,73.1044
1,2,4,1,4,157.5,9729.66,127.181
1,2,4,1,5,202.5,4112.4,85.9701
1,2,4,1,6,247.5,804.123,38.4994
1,2,4,1,7,292.5,507.851,28.6034
1,2,4,1,8,337.5,115.746,12.0675
1,2,4,2,1,22.5,0,0
1,2,4,2,2,67.5,402.816,25.0814
1,2,4,2,3,112.5,3659.99,76.7917
1,2,4,2,4,157.5,17410.6,162.087
1,2,4,2,5,202.5,6580.62,94.5147
1,2,4,2,6,247.5,1503.36,50.5963
1,2,4,2,7,292.5,851.469,36.0929
1,2,4,2,8,337.5,0,0
1,2,4,3,1,22.5,0,0
1,2,4,3,2,67.5,587.992,30.372
1,2,4,3,3,112.5,2885.45,62.7005
1,2,4,3,4,157.5,19125.5,161.161
1,2,4,3,5,202.5,6543.01,93.9633
1,2,4,3,6,247.5,4380.45,74.8045
1,2,4,3,7,292.5,2018.84,49.9702
1,2,4,3,8,337.5,0,0
1,2,4,4,1,22.5,0,0
1,2,4,4,2,67.5,1558.76,44.0628
1,2,4,4,3,112.5,2316.26,56.0076
1,2,4,4,4,157.5,17088.7,144.87
1,2,4,4,5,202.5,5817.61,82.5971
1,2,4,4,6,247.5,6305.82,88.7979
1,2,4,4,7,292.5,2546.7,55.6646
1,2,4,4,8,337.5,0,0
1,2,4,5,1,22.5,91.9189,10.4864
1,2,4,5,2,67.5,6229.71,85.0434
1,2,4,5,3,112.5,4583.18,74.8052
1,2,4,5,4,157.5,27844.8,188.282
1,2,4,5,5,202.5,9880.37,113.864
1,2,4,5,6,247.5,15718.2,134.014
1,2,4,5,7,292.5,4870.72,75.2713
1,2,4,5,8,337.5,80.4476,9.57639
1,2,4,6,1,22.5,152.586,13.5522
1,2,4,6,2,67.5,7093.46,88.7022
1,2,4,6,3,112.5,4703.89,73.4247
1,2,4,6,4,157.5,19002.7,149.107
1,2,4,6,5,202.5,7150.09,89.9942
1,2,4,6,6,247.5,14312.9,128.309
1,2,4,6,7,292.5,3239.13,60.5365
1,2,4,6,8,337.5,237.755,16.502
1,2,4,7,1,22.5,292.371,18.4287
1,2,4,7,2,67.5,5525.24,77.989
1,2,4,7,3,112.5,4439.68,69.9928
1,2,4,7,4,157.5,12663.9,125.069
1,2,4,7,5,202.5,4885,74.5821
1,2,4,7,6,247.5,10704.4,108.773
1,2,4,7,7,292.5,2394.6,51.7613
1,2,4,7,8,337.5,466.787,22.5071
1,2,4,8,1,22.5,896.384,31.2808
1,2,4,8,2,67.5,5209.5,76.722
1,2,4,8,3,112.5,4854.29,73.1626
1,2,4,8,4,157.5,11061.2,111.577
1,2,4,8,5,202.5,4986.41,76.0524
1,2,4,8,6,247.5,10279.7,106.225
1,2,4,8,7,292.5,2837.87,55.7092
1,2,4,8,8,337.5,871.014,30.5108
1,2,4,9,1,22.5,1010.91,32.8781
1,2,4,9,2,67.5,2741.89,54.2275
1,2,4,9,3,112.5,3037.14,57.5578
1,2,4,9,4,157.5,5832.53,79.5678
1,2,4,9,5,202.5,2710.85,54.2233
1,2,4,9,6,247.5,5552.4,77.6218
1,2,4,9,7,292.5,2139.15,48.0326
1,2,4,9,8,337.5,686.813,27.2145
1,2,4,10,1,22.5,1037.37,33.2478
1,2,4,10,2,67.5,1923.26,45.2819
1,2,4,10,3,112.5,2357.41,50.0355
1,2,4,10,4,157.5,3507.49,61.3299
1,2,4,10,5,202.5,1855.16,44.6679
1,2,4,10,6,247.5,3572.3,62.4152
1,2,4,10,7,292.5,1822.67,44.1262
1,2,4,10,8,337.5,494.61,22.967
1,2,4,11,1,22.5,1062.52,33.3333
1,2,4,11,2,67.5,1460.1,39.135
1,2,4,11,3,112.5,1811.83,43.7367
1,2,4,11,4,157.5,2168.31,48.1933
1,2,4,11,5,202.5,1171.25,35.3203
1,2,4,11,6,247.5,2550.06,51.9681
1,2,4,11,7,292.5,1668.58,41.7755
1,2,4,11,8,337.5,385.332,20.0138
1,2,5,1,1,22.5,52.8486,8.32821
1,2,5,1,2,67.5,284.001,19.9912
1,2,5,1,3,112.5,2614.9,59.4291
1,2,5,1,4,157.5,5717.5,88.8027
1,2,5,1,5,202.5,2716.95,61.3613
1,2,5,1,6,247.5,189.206,20.2105
1,2,5,1,7,292.5,45.3092,11.7704
1,2,5,1,8,337.5,0,0
1,2,5,2,1,22.5,0,0
1,2,5,2,2,67.5,12.4966,4.82111
1,2,5,2,3,112.5,2799.79,58.8087
1,2,5,2,4,157.5,9922.64,114.167
1,2,5,2,5,202.5,3670.73,70.9451
1,2,5,2,6,247.5,195.947,16.1681
1,2,5,2,7,292.5,123.652,14.1455
1,2,5,2,8,337.5,0,0
1,2,5,3,1,22.5,0,0
1,2,5,3,2,67.5,18.4459,4.73189
1,2,5,3,3,112.5,2097.42,49.2548
1,2,5,3,4,157.5,10755.8,111.652
1,2,5,3,5,202.5,3771.56,65.7077
1,2,5,3,6,247.5,942.211,37.263
1,2,5,3,7,292.5,651.47,27.5657
1,2,5,3,8,337.5,0,0
1,2,5,4,1,22.5,0,0
1,2,5,4,2,67.5,162.188,14.0029
1,2,5,4,3,112.5,1571.28,42.0821
1,2,5,4,4,157.5,10007.9,107.988
1,2,5,4,5,202.5,3329.78,61.2304
1,2,5,4,6,247.5,2094.48,48.7058
1,2,5,4,7,292.5,1165.87,36.1599
1,2,5,4,8,337.5,0,0
1,2,5,5,1,22.5,0,0
1,2,5,5,2,67.5,1682.11,43.4219
1,2,5,5,3,112.5,2215.56,50.4511
1,2,5,5,4,157.5,16773.1,137.633
1,2,5,5,5,202.5,5544.93,79.1187
1,2,5,5,6,247.5,6457.72,88.7136
1,2,5,5,7,292.5,3025.88,57.7145
1,2,5,5,8,337.5,0,0
1,2,5,6,1,22.5,0,0
1,2,5,6,2,67.5,3070.98,57.945
1,2,5,6,3,112.5,1843.36,45.8761
1,2,5,6,4,157.5,11826.1,115.006
1,2,5,6,5,202.5,4359,69.485
1,2,5,6,6,247.5,6990.27,87.3047
1,2,5,6,7,292.5,2583.11,53.0457
1,2,5,6,8,337.5,0,0
1,2,5,7,1,22.5,0,0
1,2,5,7,2,67.5,3113.12,58.4484
1,2,5,7,3,112.5,1729.07,42.974
1,2,5,7,4,157.5,8181.59,94.483
1,2,5,7,5,202.5,3123.53,58.8418
1,2,5,7,6,247.5,5989.59,80.2314
1,2,5,7,7,292.5,1624.46,41.8997
1,2,5,7,8,337.5,10.3495,3.78615
1,2,5,8,1,22.5,31.8178,6.10792
1,2,5,8,2,67.5,3438.46,60.2845
1,2,5,8,3,112.5,2258.69,49.513
1,2,5,8,4,157.5,8100.94,94.3797
1,2,5,8,5,202.5,3151.66,58.7327
1,2,5,8,6,247.5,6727.45,85.5335
1,2,5,8,7,292.5,1418.21,39.0701
1,2,5,8,8,337.5,163.715,13.4858
1,2,5,9,1,22.5,200.315,14.8268
1,2,5,9,2,67.5,2060.48,46.4197
1,2,5,9,3,112.5,1666.85,41.6336
1,2,5,9,4,157.5,4286.86,68.1107
1,2,5,9,5,202.5,1831.81,44.1214
1,2,5,9,6,247.5,3990.02,64.2832
1,2,5,9,7,292.5,996.66,32.5751
1,2,5,9,8,337.5,271.082,17.0169
1,2,5,10,1,22.5,391.886,20.2498
1,2,5,10,2,67.5,1435.74,38.9034
1,2,5,10,3,112.5,1323.1,37.5044
1,2,5,10,4,157.5,2913.3,55.5153
1,2,5,10,5,202.5,1246.22,36.0226
1,2,5,10,6,247.5,2726.56,53.8413
1,2,5,10,7,292.5,801.112,28.9624
1,2,5,10,8,337.5,294.443,17.6523
1,2,5,11,1,22.5,530.717,23.2056
1,2,5,11,2,67.5,1067.49,33.5555
1,2,5,11,3,112.5,1169.75,34.9834
1,2,5,11,4,157.5,2052.74,46.8747
1,2,5,11,5,202.5,894.86,30.6092
1,2,5,11,6,247.5,1966.73,45.3835
1,2,5,11,7,292.5,890.649,30.5659
1,2,5,11,8,337.5,305.426,17.8875
1,2,6,1,1,22.5,34.3329,7.21723
1,2,6,1,2,67.5,227.152,17.0765
1,2,6,1,3,112.5,1664.23,44.5356
1,2,6,1,4,157.5,3228.27,62.591
1,2,6,1,5,202.5,1713.61,46.0316
1,2,6,1,6,247.5,180.514,14.9687
1,2,6,1,7,292.5,0,0
1,2,6,1,8,337.5,0,0
1,2,6,2,1,22.5,0,0
1,2,6,2,2,67.5,0,0
1,2,6,2,3,112.5,1805.99,47.8581
1,2,6,2,4,157.5,5180.99,79.2154
1,2,6,2,5,202.5,2101.75,49.0982
1,2,6,2,6,247.5,17.4751,4.95078
1,2,6,2,7,292.5,0,0
1,2,6,2,8,337.5,0,0
1,2,6,3,1,22.5,0,0
1,2,6,3,2,67.5,0,0
1,2,6,3,3,112.5,1483.34,40.4623
1,2,6,3,4,157.5,5720.65,81.0601
1,2,6,3,5,202.5,2002.4,46.6988
1,2,6,3,6,247.5,160.986,13.7438
1,2,6,3,7,292.5,101.731,10.7196
1,2,6,3,8,337.5,0,0
1,2,6,4,1,22.5,0,0
1,2,6,4,2,67.5,0,0
1,2,6,4,3,112.5,1075.56,34.432
1,2,6,4,4,157.5,5364.47,77.2883
1,2,6,4,5,202.5,1854.94,44.9283
1,2,6,4,6,247.5,592.232,25.4902
1,2,6,4,7,292.5,370.034,20.176
1,2,6,4,8,337.5,0,0
1,2,6,5,1,22.5,0,0
1,2,6,5,2,67.5,205.161,15.1425
1,2,6,5,3,112.5,1480.37,40.235
1,2,6,5,4,157.5,9050.84,99.7694
1,2,6,5,5,202.5,3307.64,59.8276
1,2,6,5,6,247.5,2257.93,49.9119
1,2,6,5,7,292.5,1412.93,38.9389
1,2,6,5,8,337.5,0,0
1,2,6,6,1,22.5,0,0
1,2,6,6,2,67.5,747.236,28.6627
1,2,6,6,3,112.5,912.969,31.1984
1,2,6,6,4,157.5,7030.46,87.7564
1,2,6,6,5,202.5,2320.45,49.8268
1,2,6,6,6,247.5,2843.39,55.0626
1,2,6,6,7,292.5,1479.96,40.0155
1,2,6,6,8,337.5,0,0
1,2,6,7,1,22.5,0,0
1,2,6,7,2,67.5,1152.43,35.0248
1,2,6,7,3,112.5,739.958,28.1142
1,2,6,7,4,157.5,5002.56,72.9867
1,2,6,7,5,202.5,1762.1,43.3206
1,2,6,7,6,247.5,2785.22,54.3831
1,2,6,7,7,292.5,1102.2,33.9371
1,2,6,7,8,337.5,0,0
1,2,6,8,1,22.5,0,0
1,2,6,8,2,67.5,1724.12,42.3054
1,2,6,8,3,112.5,944.114,31.4262
1,2,6,8,4,157.5,4908.76,71.9281
1,2,6,8,5,202.5,1732.51,42.7938
1,2,6,8,6,247.5,3401.17,60.0907
1,2,6,8,7,292.5,1029.38,33.0786
1,2,6,8,8,337.5,0,0
1,2,6,9,1,22.5,0,0
1,2,6,9,2,67.5,1269.15,36.3807
1,2,6,9,3,112.5,713.244,27.2544
1,2,6,9,4,157.5,2778.27,54.1267
1,2,6,9,5,202.5,1045.76,33.0836
1,2,6,9,6,247.5,2199.96,48.2786
1,2,6,9,7,292.5,561.967,24.2648
1,2,6,9,8,337.5,20.1947,4.81939
1,2,6,10,1,22.5,19.468,4.68996
1,2,6,10,2,67.5,957.564,31.9538
1,2,6,10,3,112.5,629.715,25.7432
1,2,6,10,4,157.5,1981.57,45.7222
1,2,6,10,5,202.5,797.182,29.4668
1,2,6,10,6,247.5,1749.66,43.1262
1,2,6,10,7,292.5,367.362,19.8554
1,2,6,10,8,337.5,88.8278,9.89142
1,2,6,11,1,22.5,155.498,12.929
1,2,6,11,2,67.5,662.744,26.3581
1,2,6,11,3,112.5,623.58,25.6161
1,2,6,11,4,157.5,1267.45,36.2959
1,2,6,11,5,202.5,599.065,24.9721
1,2,6,11,6,247.5,1297.87,37.028
1,2,6,11,7,292.5,386.754,20.1891
1,2,6,11,8,337.5,130.879,11.8359
1,2,7,1,1,22.5,16.3686,5.54127
1,2,7,1,2,67.5,159.872,13.1367
1,2,7,1,3,112.5,839.158,31.4192
1,2,7,1,4,157.5,1430,43.0725
1,2,7,1,5,202.5,790.711,30.3825
1,2,7,1,6,247.5,100.134,11.2048
1,2,7,1,7,292.5,0,0
1,2,7,1,8,337.5,15.7322,4.41832
1,2,7,2,1,22.5,0,0
1,2,7,2,2,67.5,0,0
1,2,7,2,3,112.5,1009.31,33.6915
1,2,7,2,4,157.5,2239.45,50.4815
1,2,7,2,5,202.5,936.639,31.7899
1,2,7,2,6,247.5,0,0
1,2,7,2,7,292.5,0,0
1,2,7,2,8,337.5,0,0
1,2,7,3,1,22.5,0,0
1,2,7,3,2,67.5,0,0
1,2,7,3,3,112.5,780.89,29.3875
1,2,7,3,4,157.5,2338.34,50.8066
1,2,7,3,5,202.5,949.176,34.4812
1,2,7,3,6,247.5,0,0
1,2,7,3,7,292.5,0,0
1,2,7,3,8,337.5,0,0
1,2,7,4,1,22.5,0,0
1,2,7,4,2,67.5,0,0
1,2,7,4,3,112.5,599.401,25.1505
1,2,7,4,4,157.5,2337.88,51.228
1,2,7,4,5,202.5,830.554,29.6643
1,2,7,4,6,247.5,90.2815,10.0859
1,2,7,4,7,292.5,63.7174,8.29207
1,2,7,4,8,337.5,0,0
1,2,7,5,1,22.5,0,0
1,2,7,5,2,67.5,0,0
1,2,7,5,3,112.5,822.611,29.9253
1,2,7,5,4,157.5,3926.68,66.7785
1,2,7,5,5,202.5,1444.46,39.6915
1,2,7,5,6,247.5,542.068,24.4929
1,2,7,5,7,292.5,391.933,20.429
1,2,7,5,8,337.5,0,0
1,2,7,6,1,22.5,0,0
1,2,7,6,2,67.5,80.7716,9.25552
1,2,7,6,3,112.5,497.222,23.1176
1,2,7,6,4,157.5,3248.58,59.4361
1,2,7,6,5,202.5,1105.65,34.3956
1,2,7,6,6,247.5,842.545,30.3931
1,2,7,6,7,292.5,531.961,23.852
1,2,7,6,8,337.5,0,0
1,2,7,7,1,22.5,0,0
1,2,7,7,2,67.5,267.031,16.8196
1,2,7,7,3,112.5,322.296,18.4759
1,2,7,7,4,157.5,2447.3,51.1281
1,2,7,7,5,202.5,819.669,29.286
1,2,7,7,6,247.5,984.443,31.9156
1,2,7,7,7,292.5,520.068,23.4177
1,2,7,7,8,337.5,0,0
1,2,7,8,1,22.5,0,0
1,2,7,8,2,67.5,611.58,25.2492
1,2,7,8,3,112.5,322.777,18.4199
1,2,7,8,4,157.5,2360.8,50.6139
1,2,7,8,5,202.5,805.474,28.9557
1,2,7,8,6,247.5,1308.83,37.886
1,2,7,8,7,292.5,548.239,24.0172
1,2,7,8,8,337.5,0,0
1,2,7,9,1,22.5,0,0
1,2,7,9,2,67.5,482.486,22.5421
1,2,7,9,3,112.5,270.346,16.8615
1,2,7,9,4,157.5,1297.36,36.9688
1,2,7,9,5,202.5,424.488,21.2695
1,2,7,9,6,247.5,900.028,30.7963
1,2,7,9,7,292.5,261.036,24.2259
1,2,7,9,8,337.5,0,0
1,2,7,10,1,22.5,0,0
1,2,7,10,2,67.5,328.08,18.6138
1,2,7,10,3,112.5,222.911,15.3084
1,2,7,10,4,157.5,751.445,28.3057
1,2,7,10,5,202.5,315.694,18.1733
1,2,7,10,6,247.5,662.935,26.526
1,2,7,10,7,292.5,136.047,11.9995
1,2,7,10,8,337.5,0,0
1,2,7,11,1,22.5,0,0
1,2,7,11,2,67.5,142.254,12.5025
1,2,7,11,3,112.5,82.3228,9.33699
1,2,7,11,4,157.5,304.672,17.7824
1,2,7,11,5,202.5,156.276,12.8567
1,2,7,11,6,247.5,300.391,17.8122
1,2,7,11,7,292.5,38.1605,6.38953
1,2,7,11,8,337.5,0,0
1,2,8,1,1,22.5,12.4301,4.15646
1,2,8,1,2,67.5,58.9437,7.95333
1,2,8,1,3,112.5,205.557,15.4042
1,2,8,1,4,157.5,399.541,21.5798
1,2,8,1,5,202.5,217.483,15.666
1,2,8,1,6,247.5,26.8363,5.68482
1,2,8,1,7,292.5,0,0
1,2,8,1,8,337.5,0,0
1,2,8,2,1,22.5,0,0
1,2,8,2,2,67.5,0,0
1,2,8,2,3,112.5,285.279,17.8812
1,2,8,2,4,157.5,577.452,25.9567
1,2,8,2,5,202.5,245.008,16.5806
1,2,8,2,6,247.5,0,0
1,2,8,2,7,292.5,0,0
1,2,8,2,8,337.5,0,0
1,2,8,3,1,22.5,0,0
1,2,8,3,2,67.5,0,0
1,2,8,3,3,112.5,190.56,14.3197
1,2,8,3,4,157.5,663.508,27.0749
1,2,8,3,5,202.5,269.787,17.1416
1,2,8,3,6,247.5,0,0
1,2,8,3,7,292.5,0,0
1,2,8,3,8,337.5,0,0
1,2,8,4,1,22.5,0,0
1,2,8,4,2,67.5,0,0
1,2,8,4,3,112.5,172.616,15.2514
1,2,8,4,4,157.5,528.984,23.6237
1,2,8,4,5,202.5,191.566,14.4191
1,2,8,4,6,247.5,0,0
1,2,8,4,7,292.5,0,0
1,2,8,4,8,337.5,0,0
1,2,8,5,1,22.5,0,0
1,2,8,5,2,67.5,0,0
1,2,8,5,3,112.5,190.818,14.12
1,2,8,5,4,157.5,851.657,30.6149
1,2,8,5,5,202.5,331.793,19.3886
1,2,8,5,6,247.5,68.8523,8.58355
1,2,8,5,7,292.5,47.7198,7.17455
1,2,8,5,8,337.5,0,0
1,2,8,6,1,22.5,0,0
1,2,8,6,2,67.5,0,0
1,2,8,6,3,112.5,123.67,11.6808
1,2,8,6,4,157.5,578.054,25.3087
1,2,8,6,5,202.5,187.999,14.2006
1,2,8,6,6,247.5,140.963,12.3713
1,2,8,6,7,292.5,51.1018,7.45309
1,2,8,6,8,337.5,0,0
1,2,8,7,1,22.5,0,0
1,2,8,7,2,67.5,0,0
1,2,8,7,3,112.5,33.9573,6.25958
1,2,8,7,4,157.5,329.821,18.8907
1,2,8,7,5,202.5,76.0697,8.98471
1,2,8,7,6,247.5,75.7025,9.50423
1,2,8,7,7,292.5,46.547,7.02922
1,2,8,7,8,337.5,0,0
1,2,8,8,1,22.5,0,0
1,2,8,8,2,67.5,0,0
1,2,8,8,3,112.5,17.9054,4.67665
1,2,8,8,4,157.5,208.051,15.0314
1,2,8,8,5,202.5,42.2065,6.89907
1,2,8,8,6,247.5,72.81,9.00522
1,2,8,8,7,292.5,18.3746,4.58139
1,2,8,8,8,337.5,0,0
1,2,8,9,1,22.5,0,0
1,2,8,9,2,67.5,0,0
1,2,8,9,3,112.5,0,0
1,2,8,9,4,157.5,19.8174,4.54907
1,2,8,9,5,202.5,0,0
1,2,8,9,6,247.5,0,0
1,2,8,9,7,292.5,0,0
1,2,8,9,8,337.5,0,0
1,2,8,10,1,22.5,0,0
1,2,8,10,2,67.5,0,0
1,2,8,10,3,112.5,0,0
1,2,8,10,4,157.5,0,0
1,2,8,10,5,202.5,0,0
1,2,8,10,6,247.5,0,0
1,2,8,10,7,292.5,0,0
1,2,8,10,8,337.5,0,0
1,2,8,11,1,22.5,0,0
1,2,8,11,2,67.5,0,0
1,2,8,11,3,112.5,0,0
1,2,8,11,4,157.5,0,0
1,2,8,11,5,202.5,0,0
1,2,8,11,6,247.5,0,0
1,2,8,11,7,292.5,0,0
1,2,8,11,8,337.5,0,0
2,3,1,1,1,22.5,833.299,69.5445
2,3,1,1,2,67.5,3595.59,146.022
2,3,1,1,3,112.5,10888.6,244.65
2,3,1,1,4,157.5,4628.52,157.295
2,3,1,1,5,202.5,10127.9,323.091
2,3,1,1,6,247.5,10070.8,387.046
2,3,1,1,7,292.5,2856.9,158.303
2,3,1,1,8,337.5,649.832,57.2891
2,3,1,2,1,22.5,881.403,55.7121
2,3,1,2,2,67.5,5326.46,103.846
2,3,1,2,3,112.5,7792.27,162.467
2,3,1,2,4,157.5,9643.5,192.83
2,3,1,2,5,202.5,7799.38,168.921
2,3,1,2,6,247.5,6528.34,135.574
2,3,1,2,7,292.5,7257.65,150.103
2,3,1,2,8,337.5,426.377,39.8105
2,3,1,3,1,22.5,1000.95,41.7852
2,3,1,3,2,67.5,6082.09,101.998
2,3,1,3,3,112.5,5810.61,100.1
2,3,1,3,4,157.5,5728.17,100.938
2,3,1,3,5,202.5,4644.52,90.2975
2,3,1,3,6,247.5,7036.95,152.848
2,3,1,3,7,292.5,5506.1,101.98
2,3,1,3,8,337.5,517.973,31.4157
2,3,1,4,1,22.5,936.817,35.8037
2,3,1,4,2,67.5,4571.11,81.0753
2,3,1,4,3,112.5,3817.54,71.4369
2,3,1,4,4,157.5,2094.28,52.0028
2,3,1,4,5,202.5,1914.96,50.2455
2,3,1,4,6,247.5,4112.02,106.865
2,3,1,4,7,292.5,3863.26,74.4931
2,3,1,4,8,337.5,853.022,34.0861
2,3,1,5,1,22.5,1294.24,40.4808
2,3,1,5,2,67.5,3559.03,67.5913
2,3,1,5,3,112.5,2351.69,54.4099
2,3,1,5,4,157.5,772.953,30.2753
2,3,1,5,5,202.5,782.634,30.0592
2,3,1,5,6,247.5,2352.76,54.542
2,3,1,5,7,292.5,3672.63,68.9775
2,3,1,5,8,337.5,1079.34,37.1748
2,3,1,6,1,22.5,60.4867,8.02192
2,3,1,6,2,67.5,145.434,12.5984
2,3,1,6,3,112.5,93.8373,10.8711
2,3,1,6,4,157.5,0,0
2,3,1,6,5,202.5,0,0
2,3,1,6,6,247.5,74.1276,9.55107
2,3,1,6,7,292.5,163.456,13.6087
2,3,1,6,8,337.5,16.1899,4.43602
2,3,1,7,1,22.5,0,0
2,3,1,7,2,67.5,0,0
2,3,1,7,3,112.5,0,0
2,3,1,7,4,157.5,0,0
2,3,1,7,5,202.5,0,0
2,3,1,7,6,247.5,0,0
2,3,1,7,7,292.5,0,0
2,3,1,7,8,337.5,0,0
2,3,1,8,1,22.5,0,0
2,3,1,8,2,67.5,0,0
2,3,1,8,3,112.5,0,0
2,3,1,8,4,157.5,0,0
2,3,1,8,5,202.5,0,0
2,3,1,8,6,247.5,0,0
2,3,1,8,7,292.5,0,0
2,3,1,8,8,337.5,0,0
2,3,1,9,1,22.5,0,0
2,3,1,9,2,67.5,0,0
2,3,1,9,3,112.5,0,0
2,3,1,9,4,157.5,0,0
2,3,1,9,5,202.5,0,0
2,3,1,9,6,247.5,0,0
2,3,1,9,7,292.5,0,0
2,3,1,9,8,337.5,0,0
2,3,1,10,1,22.5,0,0
2,3,1,10,2,67.5,0,0
2,3,1,10,3,112.5,0,0
2,3,1,10,4,157.5,0,0
2,3,1,10,5,202.5,0,0
2,3,1,10,6,247.5,0,0
2,3,1,10,7,292.5,0,0
2,3,1,10,8,337.5,0,0
2,3,1,11,1,22.5,0,0
2,3,1,11,2,67.5,0,0
2,3,1,11,3,112.5,0,0
2,3,1,11,4,157.5,0,0
2,3,1,11,5,202.5,0,0
2,3,1,11,6,247.5,0,0
2,3,1,11,7,292.5,0,0
2,3,1,11,8,337.5,0,0
2,3,2,1,1,22.5,0,0
2,3,2,1,2,67.5,19232.1,259.061
2,3,2,1,3,112.5,21580,306.069
2,3,2,1,4,157.5,23622.3,316.566
2,3,2,1,5,202.5,22197.7,308.453
2,3,2,1,6,247.5,9597.37,265.389
2,3,2,1,7,292.5,14123,240.582
2,3,2,1,8,337.5,546.64,61.8808
2,3,2,2,1,22.5,1025.82,46.1739
2,3,2,2,2,67.5,10438.7,168.884
2,3,2,2,3,112.5,22087.8,224.154
2,3,2,2,4,157.5,38405.2,319.81
2,3,2,2,5,202.5,25509.3,249.944
2,3,2,2,6,247.5,21084.9,232.731
2,3,2,2,7,292.5,13974.6,166.079
2,3,2,2,8,337.5,1019.87,48.8668
2,3,2,3,1,22.5,3781.49,73.889
2,3,2,3,2,67.5,15591.3,156.594
2,3,2,3,3,112.5,17359,171.575
2,3,2,3,4,157.5,33161.1,241.824
2,3,2,3,5,202.5,20493.2,202.186
2,3,2,3,6,247.5,24842.2,190.843
2,3,2,3,7,292.5,17417,169.914
2,3,2,3,8,337.5,1829.69,51.1926
2,3,2,4,1,22.5,3073.27,63.2147
2,3,2,4,2,67.5,16630.8,152.489
2,3,2,4,3,112.5,15107.5,147.879
2,3,2,4,4,157.5,23044.4,180.06
2,3,2,4,5,202.5,14269,142.875
2,3,2,4,6,247.5,22813,178.76
2,3,2,4,7,292.5,13208.9,136.077
2,3,2,4,8,337.5,1562.69,46.5563
2,3,2,5,1,22.5,5210.54,81.14
2,3,2,5,2,67.5,24133.7,178.891
2,3,2,5,3,112.5,22028.9,174.068
2,3,2,5,4,157.5,23322.2,177.55
2,3,2,5,5,202.5,15235.9,148.016
2,3,2,5,6,247.5,30601.3,207.246
2,3,2,5,7,292.5,18432.3,159.016
2,3,2,5,8,337.5,4135.99,72.073
2,3,2,6,1,22.5,4881.26,76.6605
2,3,2,6,2,67.5,12495.9,123.995
2,3,2,6,3,112.5,11306.1,119.288
2,3,2,6,4,157.5,7410.44,105.774
2,3,2,6,5,202.5,4918.33,78.4467
2,3,2,6,6,247.5,13680.4,127.958
2,3,2,6,7,292.5,11239.3,115.229
2,3,2,6,8,337.5,3583.46,63.7452
2,3,2,7,1,22.5,2849.71,55.8503
2,3,2,7,2,67.5,5268.31,77.2207
2,3,2,7,3,112.5,4560.23,71.5178
2,3,2,7,4,157.5,1988.79,47.0763
2,3,2,7,5,202.5,1391.12,39.3836
2,3,2,7,6,247.5,4755.29,74.6076
2,3,2,7,7,292.5,5601.37,78.7612
2,3,2,7,8,337.5,1832.49,45.0818
2,3,2,8,1,22.5,1476.38,39.7946
2,3,2,8,2,67.5,2248.85,49.1645
2,3,2,8,3,112.5,1742.88,43.6387
2,3,2,8,4,157.5,522.556,23.6701
2,3,2,8,5,202.5,366.731,20.0686
2,3,2,8,6,247.5,1905.81,45.4629
2,3,2,8,7,292.5,2545.42,52.3365
2,3,2,8,8,337.5,744.504,28.4337
2,3,2,9,1,22.5,119.39,11.4789
2,3,2,9,2,67.5,170.044,13.5817
2,3,2,9,3,112.5,175.029,13.8272
2,3,2,9,4,157.5,20.9351,4.9358
2,3,2,9,5,202.5,0,0
2,3,2,9,6,247.5,151.375,12.8001
2,3,2,9,7,292.5,253.164,16.559
2,3,2,9,8,337.5,63.9119,8.32154
2,3,2,10,1,22.5,0,0
2,3,2,10,2,67.5,0,0
2,3,2,10,3,112.5,0,0
2,3,2,10,4,157.5,0,0
2,3,2,10,5,202.5,0,0
2,3,2,10,6,247.5,0,0
2,3,2,10,7,292.5,0,0
2,3,2,10,8,337.5,0,0
2,3,2,11,1,22.5,0,0
2,3,2,11,2,67.5,0,0
2,3,2,11,3,112.5,0,0
2,3,2,11,4,157.5,0,0
2,3,2,11,5,202.5,0,0
2,3,2,11,6,247.5,0,0
2,3,2,11,7,292.5,0,0
2,3,2,11,8,337.5,0,0
2,3,3,1,1,22.5,1160.28,52.483
2,3,3,1,2,67.5,7870.12,124.139
2,3,3,1,3,112.5,10235.6,159.539
2,3,3,1,4,157.5,25655.2,387.386
2,3,3,1,5,202.5,14332.8,206.46
2,3,3,1,6,247.5,10272.7,143.924
2,3,3,1,7,292.5,8531.45,130.863
2,3,3,1,8,337.5,2495.7,75.1908
2,3,3,2,1,22.5,239.734,18.6557
2,3,3,2,2,67.5,6386.45,101.636
2,3,3,2,3,112.5,10242.6,129.573
2,3,3,2,4,157.5,33447.1,254.673
2,3,3,2,5,202.5,17174,170.148
2,3,3,2,6,247.5,9479.83,129.314
2,3,3,2,7,292.5,4915.65,95.2756
2,3,3,2,8,337.5,121.821,14.0704
2,3,3,3,1,22.5,419.08,21.6649
2,3,3,3,2,67.5,5832.74,97.6323
2,3,3,3,3,112.5,8292.88,111.493
2,3,3,3,4,157.5,31261.1,207.46
2,3,3,3,5,202.5,15225.5,149.532
2,3,3,3,6,247.5,12682,137.465
2,3,3,3,7,292.5,9117.08,116.532
2,3,3,3,8,337.5,859.469,31.7858
2,3,3,4,1,22.5,1269.4,37.3606
2,3,3,4,2,67.5,8567.51,106.208
2,3,3,4,3,112.5,7103.05,97.9241
2,3,3,4,4,157.5,25108.9,180.241
2,3,3,4,5,202.5,12575.7,127.58
2,3,3,4,6,247.5,15041.2,145.001
2,3,3,4,7,292.5,9184.8,106.668
2,3,3,4,8,337.5,979.401,32.7451
2,3,3,5,1,22.5,2378.63,53.1606
2,3,3,5,2,67.5,17785.6,149.589
2,3,3,5,3,112.5,13620,137.166
2,3,3,5,4,157.5,35905.8,278.445
2,3,3,5,5,202.5,17978.7,153.94
2,3,3,5,6,247.5,28398,185.891
2,3,3,5,7,292.5,13005.4,125.039
2,3,3,5,8,337.5,1526.18,43.5679
2,3,3,6,1,22.5,1908.97,46.6918
2,3,3,6,2,67.5,13038.6,122.05
2,3,3,6,3,112.5,10996.2,111.824
2,3,3,6,4,157.5,19641.7,152.35
2,3,3,6,5,202.5,10628.8,114.724
2,3,3,6,6,247.5,19972.8,156.652
2,3,3,6,7,292.5,7678.36,94.843
2,3,3,6,8,337.5,1881.79,46.0994
2,3,3,7,1,22.5,2261.68,49.7624
2,3,3,7,2,67.5,7799.92,92.6957
2,3,3,7,3,112.5,7773.54,93.2331
2,3,3,7,4,157.5,9761.57,105.82
2,3,3,7,5,202.5,5628.85,80.1153
2,3,3,7,6,247.5,12196,118.263
2,3,3,7,7,292.5,5346.56,78.094
2,3,3,7,8,337.5,2009.69,46.8605
2,3,3,8,1,22.5,3223.91,58.7859
2,3,3,8,2,67.5,6598.55,84.5927
2,3,3,8,3,112.5,6913.31,87.412
2,3,3,8,4,157.5,5977.26,81.803
2,3,3,8,5,202.5,3603.99,64.1168
2,3,3,8,6,247.5,9603.77,104.017
2,3,3,8,7,292.5,5700.53,78.9171
2,3,3,8,8,337.5,2326.77,49.8883
2,3,3,9,1,22.5,1883.9,44.6135
2,3,3,9,2,67.5,2964.04,56.7834
2,3,3,9,3,112.5,3000.75,57.4501
2,3,3,9,4,157.5,1649.38,41.8036
2,3,3,9,5,202.5,1019.92,33.6147
2,3,3,9,6,247.5,3782.72,63.7401
2,3,3,9,7,292.5,3137.82,57.7391
2,3,3,9,8,337.5,1109.57,34.2609
2,3,3,10,1,22.5,1022.79,32.7575
2,3,3,10,2,67.5,1442.3,39.1974
2,3,3,10,3,112.5,1267.76,37.0375
2,3,3,10,4,157.5,472.11,22.5222
2,3,3,10,5,202.5,276.477,17.1776
2,3,3,10,6,247.5,1361.09,37.9413
2,3,3,10,7,292.5,1570.09,40.6773
2,3,3,10,8,337.5,495.697,22.8608
2,3,3,11,1,22.5,241.677,16.13
2,3,3,11,2,67.5,339.933,18.9237
2,3,3,11,3,112.5,267.464,16.8286
2,3,3,11,4,157.5,18.9874,4.69579
2,3,3,11,5,202.5,29.6651,5.76536
2,3,3,11,6,247.5,280.874,17.1512
2,3,3,11,7,292.5,361.082,19.6003
2,3,3,11,8,337.5,97.6601,10.3001
2,3,4,1,1,22.5,721.431,32.1775
2,3,4,1,2,67.5,2507.48,75.0277
2,3,4,1,3,112.5,8902.11,121.733
2,3,4,1,4,157.5,18948.4,187.512
2,3,4,1,5,202.5,10433.4,144.883
2,3,4,1,6,247.5,2665.72,72.3571
2,3,4,1,7,292.5,2181.34,58.7055
2,3,4,1,8,337.5,1087.5,43.0205
2,3,4,2,1,22.5,221.374,15.888
2,3,4,2,2,67.5,1514.04,45.4807
2,3,4,2,3,112.5,6269.58,91.936
2,3,4,2,4,157.5,24462.6,189.991
2,3,4,2,5,202.5,11621.5,132.173
2,3,4,2,6,247.5,2131.48,56.6871
2,3,4,2,7,292.5,1905.25,54.4701
2,3,4,2,8,337.5,130.878,11.6995
2,3,4,3,1,22.5,48.8589,7.37597
2,3,4,3,2,67.5,1361.68,44.8236
2,3,4,3,3,112.5,4179.55,74.3148
2,3,4,3,4,157.5,22879.7,168.329
2,3,4,3,5,202.5,10414.7,114.873
2,3,4,3,6,247.5,3979.37,73.1273
2,3,4,3,7,292.5,3991.7,69.2907
2,3,4,3,8,337.5,33.894,6.21241
2,3,4,4,1,22.5,57.9194,8.19266
2,3,4,4,2,67.5,2582.56,55.9501
2,3,4,4,3,112.5,3062.68,61.2893
2,3,4,4,4,157.5,18836.1,153.729
2,3,4,4,5,202.5,8383.25,98.4434
2,3,4,4,6,247.5,5998.29,82.8967
2,3,4,4,7,292.5,5425.92,78.7334
2,3,4,4,8,337.5,115.488,11.2044
2,3,4,5,1,22.5,393.328,20.8015
2,3,4,5,2,67.5,9020.74,101.843
2,3,4,5,3,112.5,5260.51,80.2495
2,3,4,5,4,157.5,28297.8,191.564
2,3,4,5,5,202.5,13022.4,125.956
2,3,4,5,6,247.5,14419.4,131.969
2,3,4,5,7,292.5,10134.1,107.326
2,3,4,5,8,337.5,332.237,19.0593
2,3,4,6,1,22.5,303.825,18.4291
2,3,4,6,2,67.5,9039.89,99.5798
2,3,4,6,3,112.5,4943.22,74.2438
2,3,4,6,4,157.5,18040.8,144.752
2,3,4,6,5,202.5,8624.03,99.0569
2,3,4,6,6,247.5,12784.9,119.571
2,3,4,6,7,292.5,5985.74,81.1051
2,3,4,6,8,337.5,338.535,19.3914
2,3,4,7,1,22.5,309.979,18.7568
2,3,4,7,2,67.5,6499.31,83.7297
2,3,4,7,3,112.5,4283.31,68.45
2,3,4,7,4,157.5,11208.3,111.218
2,3,4,7,5,202.5,5682.94,79.271
2,3,4,7,6,247.5,9682.02,103.441
2,3,4,7,7,292.5,3496.37,62.3902
2,3,4,7,8,337.5,517.656,23.6405
2,3,4,8,1,22.5,769.773,28.9038
2,3,4,8,2,67.5,5640.9,77.8077
2,3,4,8,3,112.5,4653.35,71.0673
2,3,4,8,4,157.5,9118.78,100.488
2,3,4,8,5,202.5,4784.1,72.8206
2,3,4,8,6,247.5,9086.22,100.193
2,3,4,8,7,292.5,3040.04,57.8055
2,3,4,8,8,337.5,1068.2,33.6666
2,3,4,9,1,22.5,892.417,30.5723
2,3,4,9,2,67.5,2767.23,54.5683
2,3,4,9,3,112.5,2848.96,54.9579
2,3,4,9,4,157.5,3945.05,65.0888
2,3,4,9,5,202.5,2142.54,48.1256
2,3,4,9,6,247.5,4714.11,70.8338
2,3,4,9,7,292.5,1844.06,44.1241
2,3,4,9,8,337.5,948.676,31.5016
2,3,4,10,1,22.5,929.17,31.1818
2,3,4,10,2,67.5,1773.82,43.138
2,3,4,10,3,112.5,1877.88,44.3795
2,3,4,10,4,157.5,1958.29,45.4749
2,3,4,10,5,202.5,1097.48,34.2176
2,3,4,10,6,247.5,2937.87,55.7155
2,3,4,10,7,292.5,1457.76,39.0714
2,3,4,10,8,337.5,743.697,27.974
2,3,4,11,1,22.5,793.297,28.714
2,3,4,11,2,67.5,1154.91,34.7306
2,3,4,11,3,112.5,1207.07,35.543
2,3,4,11,4,157.5,686.351,26.0006
2,3,4,11,5,202.5,441.676,21.816
2,3,4,11,6,247.5,1530.22,39.9708
2,3,4,11,7,292.5,1165.73,34.8694
2,3,4,11,8,337.5,405.631,20.5898
2,3,5,1,1,22.5,713.729,31.579
2,3,5,1,2,67.5,2198.96,55.1793
2,3,5,1,3,112.5,7691.49,98.6388
2,3,5,1,4,157.5,13067.7,139.138
2,3,5,1,5,202.5,7973.9,101.125
2,3,5,1,6,247.5,1461.92,48.6374
2,3,5,1,7,292.5,510.915,28.5944
2,3,5,1,8,337.5,414.349,22.9392
2,3,5,2,1,22.5,46.0629,7.51195
2,3,5,2,2,67.5,237.733,18.831
2,3,5,2,3,112.5,5281.13,84.1517
2,3,5,2,4,157.5,15750.1,142.695
2,3,5,2,5,202.5,7769.81,95.1574
2,3,5,2,6,247.5,407.985,23.3178
2,3,5,2,7,292.5,304.581,20.4855
2,3,5,2,8,337.5,57.3291,8.33319
2,3,5,3,1,22.5,0,0
2,3,5,3,2,67.5,127.742,13.1679
2,3,5,3,3,112.5,3433.14,62.238
2,3,5,3,4,157.5,14557.6,133.759
2,3,5,3,5,202.5,6962.64,90.6299
2,3,5,3,6,247.5,804.595,29.714
2,3,5,3,7,292.5,1305.53,38.7582
2,3,5,3,8,337.5,15.8757,4.74276
2,3,5,4,1,22.5,0,0
2,3,5,4,2,67.5,345.644,20.0057
2,3,5,4,3,112.5,2231.12,49.8413
2,3,5,4,4,157.5,12334.6,117.21
2,3,5,4,5,202.5,5890.96,80.8118
2,3,5,4,6,247.5,1769.92,44.9773
2,3,5,4,7,292.5,2551.97,53.2948
2,3,5,4,8,337.5,0,0
2,3,5,5,1,22.5,0,0
2,3,5,5,2,67.5,2845.54,55.9269
2,3,5,5,3,112.5,2937.47,56.8825
2,3,5,5,4,157.5,19754.5,148.156
2,3,5,5,5,202.5,9214.7,102.879
2,3,5,5,6,247.5,5892.27,80.0735
2,3,5,5,7,292.5,6546.8,84.2995
2,3,5,5,8,337.5,31.1625,6.31289
2,3,5,6,1,22.5,0,0
2,3,5,6,2,67.5,4653.97,71.1646
2,3,5,6,3,112.5,2231.95,49.3586
2,3,5,6,4,157.5,13098.1,120.06
2,3,5,6,5,202.5,6121.63,81.078
2,3,5,6,6,247.5,6430.47,84.1737
2,3,5,6,7,292.5,5092.8,74.0434
2,3,5,6,8,337.5,12.0503,4.01492
2,3,5,7,1,22.5,0,0
2,3,5,7,2,67.5,4395.93,68.266
2,3,5,7,3,112.5,1949.2,45.6819
2,3,5,7,4,157.5,8811.42,100.832
2,3,5,7,5,202.5,4063.17,66.0977
2,3,5,7,6,247.5,5595.03,77.9394
2,3,5,7,7,292.5,3141.62,57.6271
2,3,5,7,8,337.5,0,0
2,3,5,8,1,22.5,55.0578,8.03743
2,3,5,8,2,67.5,4467.89,68.7433
2,3,5,8,3,112.5,2478.1,51.3772
2,3,5,8,4,157.5,7712.78,92.23
2,3,5,8,5,202.5,3700.33,63.4066
2,3,5,8,6,247.5,6001.28,80.2181
2,3,5,8,7,292.5,2445.17,51.0022
2,3,5,8,8,337.5,142.577,12.3874
2,3,5,9,1,22.5,148.653,12.7299
2,3,5,9,2,67.5,2477.14,51.0311
2,3,5,9,3,112.5,1630.05,41.6637
2,3,5,9,4,157.5,4039.34,65.4377
2,3,5,9,5,202.5,1845.76,44.2019
2,3,5,9,6,247.5,3653.11,62.3724
2,3,5,9,7,292.5,1113.69,34.2901
2,3,5,9,8,337.5,307.241,17.948
2,3,5,10,1,22.5,300.632,17.8947
2,3,5,10,2,67.5,1413.3,38.4307
2,3,5,10,3,112.5,1256.36,36.3722
2,3,5,10,4,157.5,2370.38,49.9594
2,3,5,10,5,202.5,1230.42,36.0488
2,3,5,10,6,247.5,2414.27,50.3683
2,3,5,10,7,292.5,816.178,29.3454
2,3,5,10,8,337.5,398.87,20.621
2,3,5,11,1,22.5,386.654,20.0704
2,3,5,11,2,67.5,859.528,30.0554
2,3,5,11,3,112.5,951.332,31.6291
2,3,5,11,4,157.5,1214.38,35.7714
2,3,5,11,5,202.5,682.678,26.8052
2,3,5,11,6,247.5,1504.73,39.7621
2,3,5,11,7,292.5,655.71,26.1269
2,3,5,11,8,337.5,353.11,19.2306
2,3,6,1,1,22.5,662.784,28.1313
2,3,6,1,2,67.5,1942.12,47.8477
2,3,6,1,3,112.5,5181.01,81.7903
2,3,6,1,4,157.5,7627.97,98.6728
2,3,6,1,5,202.5,4708.45,78.4468
2,3,6,1,6,247.5,1113.24,40.0309
2,3,6,1,7,292.5,335.698,20.1591
2,3,6,1,8,337.5,376.277,21.0191
2,3,6,2,1,22.5,0,0
2,3,6,2,2,67.5,326.102,19.49
2,3,6,2,3,112.5,3796.93,67.2851
2,3,6,2,4,157.5,8894.81,100.884
2,3,6,2,5,202.5,4635.64,71.687
2,3,6,2,6,247.5,287.448,18.0929
2,3,6,2,7,292.5,0,0
2,3,6,2,8,337.5,0,0
2,3,6,3,1,22.5,0,0
2,3,6,3,2,67.5,0,0
2,3,6,3,3,112.5,2655.99,53.8686
2,3,6,3,4,157.5,8263.72,97.305
2,3,6,3,5,202.5,4143.16,69.9367
2,3,6,3,6,247.5,157.413,13.3344
2,3,6,3,7,292.5,208.828,15.3505
2,3,6,3,8,337.5,0,0
2,3,6,4,1,22.5,0,0
2,3,6,4,2,67.5,7.91365,3.43201
2,3,6,4,3,112.5,1680.13,42.4243
2,3,6,4,4,157.5,7228.53,88.9172
2,3,6,4,5,202.5,3341.14,59.6781
2,3,6,4,6,247.5,420.492,21.3443
2,3,6,4,7,292.5,727.529,27.9469
2,3,6,4,8,337.5,0,0
2,3,6,5,1,22.5,0,0
2,3,6,5,2,67.5,362.416,20.1071
2,3,6,5,3,112.5,2124.25,47.6249
2,3,6,5,4,157.5,11547.3,114.765
2,3,6,5,5,202.5,5380.58,75.6388
2,3,6,5,6,247.5,1777.02,43.2856
2,3,6,5,7,292.5,2762.84,54.4098
2,3,6,5,8,337.5,0,0
2,3,6,6,1,22.5,0,0
2,3,6,6,2,67.5,1336.11,37.5849
2,3,6,6,3,112.5,1231.01,36.5222
2,3,6,6,4,157.5,8043.7,100.774
2,3,6,6,5,202.5,3808.96,63.5167
2,3,6,6,6,247.5,2506.14,50.6839
2,3,6,6,7,292.5,2995.32,55.8409
2,3,6,6,8,337.5,0,0
2,3,6,7,1,22.5,0,0
2,3,6,7,2,67.5,1830.6,43.747
2,3,6,7,3,112.5,841.429,29.8403
2,3,6,7,4,157.5,5592.42,77.3129
2,3,6,7,5,202.5,2434.26,51.324
2,3,6,7,6,247.5,2500.66,51.4286
2,3,6,7,7,292.5,2198.89,47.9495
2,3,6,7,8,337.5,0,0
2,3,6,8,1,22.5,0,0
2,3,6,8,2,67.5,2538.7,51.4872
2,3,6,8,3,112.5,1060.09,33.3301
2,3,6,8,4,157.5,5046.26,73.0943
2,3,6,8,5,202.5,2278.8,48.979
2,3,6,8,6,247.5,3131.97,57.214
2,3,6,8,7,292.5,1923.13,44.8672
2,3,6,8,8,337.5,0,0
2,3,6,9,1,22.5,0,0
2,3,6,9,2,67.5,1532.69,40.0017
2,3,6,9,3,112.5,718.688,27.3814
2,3,6,9,4,157.5,2653.98,52.7305
2,3,6,9,5,202.5,1240.17,36.0941
2,3,6,9,6,247.5,2077.3,46.4806
2,3,6,9,7,292.5,895.035,30.6005
2,3,6,9,8,337.5,0,0
2,3,6,10,1,22.5,13.5021,4.01736
2,3,6,10,2,67.5,983.09,31.8438
2,3,6,10,3,112.5,599.309,24.9612
2,3,6,10,4,157.5,1507.43,40.0591
2,3,6,10,5,202.5,683.368,26.8122
2,3,6,10,6,247.5,1431.83,38.6261
2,3,6,10,7,292.5,458.402,21.8665
2,3,6,10,8,337.5,73.3907,9.03515
2,3,6,11,1,22.5,54.0897,7.76084
2,3,6,11,2,67.5,438.949,21.4142
2,3,6,11,3,112.5,377.73,20.1458
2,3,6,11,4,157.5,698.824,27.3571
2,3,6,11,5,202.5,332.774,18.7806
2,3,6,11,6,247.5,726.156,27.504
2,3,6,11,7,292.5,240.217,15.9153
2,3,6,11,8,337.5,75.1788,9.02306
2,3,7,1,1,22.5,523.902,24.0982
2,3,7,1,2,67.5,1217.4,37.3115
2,3,7,1,3,112.5,2552.25,53.5274
2,3,7,1,4,157.5,3512.26,65.3284
2,3,7,1,5,202.5,2397.26,51.7137
2,3,7,1,6,247.5,628.435,28.6364
2,3,7,1,7,292.5,271.947,17.2779
2,3,7,1,8,337.5,302.276,18.5576
2,3,7,2,1,22.5,21.3943,4.86021
2,3,7,2,2,67.5,320.961,18.8624
2,3,7,2,3,112.5,2084.74,47.8365
2,3,7,2,4,157.5,3862.29,65.0378
2,3,7,2,5,202.5,2138.23,48.4091
2,3,7,2,6,247.5,166.41,13.332
2,3,7,2,7,292.5,0,0
2,3,7,2,8,337.5,0,0
2,3,7,3,1,22.5,0,0
2,3,7,3,2,67.5,32.7724,6.4022
2,3,7,3,3,112.5,1408.25,38.7977
2,3,7,3,4,157.5,3607.79,62.5758
2,3,7,3,5,202.5,1890.69,45.0585
2,3,7,3,6,247.5,58.0523,7.91449
2,3,7,3,7,292.5,0,0
2,3,7,3,8,337.5,0,0
2,3,7,4,1,22.5,0,0
2,3,7,4,2,67.5,0,0
2,3,7,4,3,112.5,1006.65,32.6001
2,3,7,4,4,157.5,3092.42,57.3085
2,3,7,4,5,202.5,1562.28,40.5478
2,3,7,4,6,247.5,89.3057,9.99734
2,3,7,4,7,292.5,118.783,11.5095
2,3,7,4,8,337.5,0,0
2,3,7,5,1,22.5,0,0
2,3,7,5,2,67.5,0,0
2,3,7,5,3,112.5,1239.52,36.2618
2,3,7,5,4,157.5,5134,76.8569
2,3,7,5,5,202.5,2438.42,50.868
2,3,7,5,6,247.5,413.007,20.9202
2,3,7,5,7,292.5,725.831,27.771
2,3,7,5,8,337.5,0,0
2,3,7,6,1,22.5,0,0
2,3,7,6,2,67.5,199.944,14.8443
2,3,7,6,3,112.5,670.664,26.7659
2,3,7,6,4,157.5,3538.15,61.2
2,3,7,6,5,202.5,1719.88,42.3153
2,3,7,6,6,247.5,705.162,27.1016
2,3,7,6,7,292.5,980.925,31.9885
2,3,7,6,8,337.5,0,0
2,3,7,7,1,22.5,0,0
2,3,7,7,2,67.5,425.328,21.0484
2,3,7,7,3,112.5,359.218,19.5151
2,3,7,7,4,157.5,2347.72,50.1673
2,3,7,7,5,202.5,1020.8,32.7778
2,3,7,7,6,247.5,781.697,28.4594
2,3,7,7,7,292.5,899.534,30.654
2,3,7,7,8,337.5,0,0
2,3,7,8,1,22.5,0,0
2,3,7,8,2,67.5,621.2,25.5577
2,3,7,8,3,112.5,366.447,19.6987
2,3,7,8,4,157.5,1838.89,44.0563
2,3,7,8,5,202.5,821.577,29.415
2,3,7,8,6,247.5,877.982,30.2693
2,3,7,8,7,292.5,769.469,28.2413
2,3,7,8,8,337.5,0,0
2,3,7,9,1,22.5,0,0
2,3,7,9,2,67.5,335.119,18.6766
2,3,7,9,3,112.5,172.672,13.6162
2,3,7,9,4,157.5,791.332,32.5368
2,3,7,9,5,202.5,364.821,19.8802
2,3,7,9,6,247.5,448.489,21.68
2,3,7,9,7,292.5,264.807,16.8199
2,3,7,9,8,337.5,0,0
2,3,7,10,1,22.5,0,0
2,3,7,10,2,67.5,153.273,12.8082
2,3,7,10,3,112.5,96.3415,10.222
2,3,7,10,4,157.5,277.472,17.1483
2,3,7,10,5,202.5,92.0238,9.88679
2,3,7,10,6,247.5,249.372,16.4113
2,3,7,10,7,292.5,72.9774,8.93266
2,3,7,10,8,337.5,0,0
2,3,7,11,1,22.5,0,0
2,3,7,11,2,67.5,11.7697,3.64756
2,3,7,11,3,112.5,12.489,4.37909
2,3,7,11,4,157.5,48.4236,7.81548
2,3,7,11,5,202.5,0,0
2,3,7,11,6,247.5,0,0
2,3,7,11,7,292.5,0,0
2,3,7,11,8,337.5,0,0
2,3,8,1,1,22.5,113.924,10.9329
2,3,8,1,2,67.5,233.496,16.2639
2,3,8,1,3,112.5,511.039,23.6466
2,3,8,1,4,157.5,711.752,29.2831
2,3,8,1,5,202.5,403.24,20.932
2,3,8,1,6,247.5,166.571,13.3765
2,3,8,1,7,292.5,50.7626,7.46946
2,3,8,1,8,337.5,71.1178,8.80935
2,3,8,2,1,22.5,0,0
2,3,8,2,2,67.5,64.3636,8.27185
2,3,8,2,3,112.5,406.419,21.3257
2,3,8,2,4,157.5,728.097,28.0949
2,3,8,2,5,202.5,413.885,21.0338
2,3,8,2,6,247.5,0,0
2,3,8,2,7,292.5,0,0
2,3,8,2,8,337.5,0,0
2,3,8,3,1,22.5,0,0
2,3,8,3,2,67.5,0,0
2,3,8,3,3,112.5,206.813,14.9087
2,3,8,3,4,157.5,543.15,24.0954
2,3,8,3,5,202.5,281.2,17.8392
2,3,8,3,6,247.5,15.8186,4.15807
2,3,8,3,7,292.5,0,0
2,3,8,3,8,337.5,0,0
2,3,8,4,1,22.5,0,0
2,3,8,4,2,67.5,0,0
2,3,8,4,3,112.5,170.251,13.5402
2,3,8,4,4,157.5,410.125,20.9088
2,3,8,4,5,202.5,159.911,13.6973
2,3,8,4,6,247.5,0,0
2,3,8,4,7,292.5,0,0
2,3,8,4,8,337.5,0,0
2,3,8,5,1,22.5,0,0
2,3,8,5,2,67.5,0,0
2,3,8,5,3,112.5,159.067,13.0089
2,3,8,5,4,157.5,512.142,23.2862
2,3,8,5,5,202.5,176.108,13.903
2,3,8,5,6,247.5,22.1863,4.9506
2,3,8,5,7,292.5,26.5277,5.48069
2,3,8,5,8,337.5,0,0
2,3,8,6,1,22.5,0,0
2,3,8,6,2,67.5,0,0
2,3,8,6,3,112.5,0,0
2,3,8,6,4,157.5,166.423,13.294
2,3,8,6,5,202.5,60.935,8.22366
2,3,8,6,6,247.5,17.9893,4.3858
2,3,8,6,7,292.5,0,0
2,3,8,6,8,337.5,0,0
2,3,8,7,1,22.5,0,0
2,3,8,7,2,67.5,0,0
2,3,8,7,3,112.5,0,0
2,3,8,7,4,157.5,30.8976,5.82967
2,3,8,7,5,202.5,0,0
2,3,8,7,6,247.5,0,0
2,3,8,7,7,292.5,0,0
2,3,8,7,8,337.5,0,0
2,3,8,8,1,22.5,0,0
2,3,8,8,2,67.5,0,0
2,3,8,8,3,112.5,0,0
2,3,8,8,4,157.5,0,0
2,3,8,8,5,202.5,0,0
2,3,8,8,6,247.5,0,0
2,3,8,8,7,292.5,0,0
2,3,8,8,8,337.5,0,0
2,3,8,9,1,22.5,0,0
2,3,8,9,2,67.5,0,0
2,3,8,9,3,112.5,0,0
2,3,8,9,4,157.5,0,0
2,3,8,9,5,202.5,0,0
2,3,8,9,6,247.5,0,0
2,3,8,9,7,292.5,0,0
2,3,8,9,8,337.5,0,0
2,3,8,10,1,22.5,0,0
2,3,8,10,2,67.5,0,0
2,3,8,10,3,112.5,0,0
2,3,8,10,4,157.5,0,0
2,3,8,10,5,202.5,0,0
2,3,8,10,6,247.5,0,0
2,3,8,10,7,292.5,0,0
2,3,8,10,8,337.5,0,0
2,3,8,11,1,22.5,0,0
2,3,8,11,2,67.5,0,0
2,3,8,11,3,112.5,0,0
2,3,8,11,4,157.5,0,0
2,3,8,11,5,202.5,0,0
2,3,8,11,6,247.5,0,0
2,3,8,11,7,292.5,0,0
2,3,8,11,8,337.5,0,0
3,4,1,1,1,22.5,184.508,38.9374
3,4,1,1,2,67.5,1338.94,102.434
3,4,1,1,3,112.5,2192.37,96.9474
3,4,1,1,4,157.5,1379.03,120.622
3,4,1,1,5,202.5,1650.94,91.1486
3,4,1,1,6,247.5,2486.2,120.313
3,4,1,1,7,292.5,908.036,74.7852
3,4,1,1,8,337.5,129.352,38.0852
3,4,1,2,1,22.5,188.676,24.2255
3,4,1,2,2,67.5,972.272,42.9566
3,4,1,2,3,112.5,1608.58,70.349
3,4,1,2,4,157.5,1643.02,69.7289
3,4,1,2,5,202.5,1522.53,60.4186
3,4,1,2,6,247.5,1489.93,60.6931
3,4,1,2,7,292.5,1421.89,61.6741
3,4,1,2,8,337.5,110.635,16.5081
3,4,1,3,1,22.5,186.065,15.6877
3,4,1,3,2,67.5,1357.24,45.6003
3,4,1,3,3,112.5,986.011,40.0776
3,4,1,3,4,157.5,438.832,25.1445
3,4,1,3,5,202.5,510.422,25.845
3,4,1,3,6,247.5,1134.95,39.8994
3,4,1,3,7,292.5,1179.54,44.6094
3,4,1,3,8,337.5,84.222,10.9847
3,4,1,4,1,22.5,123.649,12.5325
3,4,1,4,2,67.5,924.639,34.1567
3,4,1,4,3,112.5,378.865,21.5839
3,4,1,4,4,157.5,71.1369,9.27315
3,4,1,4,5,202.5,56.5457,8.43471
3,4,1,4,6,247.5,392.359,22.5273
3,4,1,4,7,292.5,842.284,33.0753
3,4,1,4,8,337.5,182.662,14.7939
3,4,1,5,1,22.5,170.937,14.6197
3,4,1,5,2,67.5,341.627,20.3573
3,4,1,5,3,112.5,90.894,10.081
3,4,1,5,4,157.5,0,0
3,4,1,5,5,202.5,0,0
3,4,1,5,6,247.5,88.4842,9.81854
3,4,1,5,7,292.5,339.776,20.1073
3,4,1,5,8,337.5,126.09,11.9054
3,4,1,6,1,22.5,0,0
3,4,1,6,2,67.5,0,0
3,4,1,6,3,112.5,0,0
3,4,1,6,4,157.5,0,0
3,4,1,6,5,202.5,0,0
3,4,1,6,6,247.5,0,0
3,4,1,6,7,292.5,0,0
3,4,1,6,8,337.5,0,0
3,4,1,7,1,22.5,0,0
3,4,1,7,2,67.5,0,0
3,4,1,7,3,112.5,0,0
3,4,1,7,4,157.5,0,0
3,4,1,7,5,202.5,0,0
3,4,1,7,6,247.5,0,0
3,4,1,7,7,292.5,0,0
3,4,1,7,8,337.5,0,0
3,4,1,8,1,22.5,0,0
3,4,1,8,2,67.5,0,0
3,4,1,8,3,112.5,0,0
3,4,1,8,4,157.5,0,0
3,4,1,8,5,202.5,0,0
3,4,1,8,6,247.5,0,0
3,4,1,8,7,292.5,0,0
3,4,1,8,8,337.5,0,0
3,4,1,9,1,22.5,0,0
3,4,1,9,2,67.5,0,0
3,4,1,9,3,112.5,0,0
3,4,1,9,4,157.5,0,0
3,4,1,9,5,202.5,0,0
3,4,1,9,6,247.5,0,0
3,4,1,9,7,292.5,0,0
3,4,1,9,8,337.5,0,0
3,4,1,10,1,22.5,0,0
3,4,1,10,2,67.5,0,0
3,4,1,10,3,112.5,0,0
3,4,1,10,4,157.5,0,0
3,4,1,10,5,202.5,0,0
3,4,1,10,6,247.5,0,0
3,4,1,10,7,292.5,0,0
3,4,1,10,8,337.5,0,0
3,4,1,11,1,22.5,0,0
3,4,1,11,2,67.5,0,0
3,4,1,11,3,112.5,0,0
3,4,1,11,4,157.5,0,0
3,4,1,11,5,202.5,0,0
3,4,1,11,6,247.5,0,0
3,4,1,11,7,292.5,0,0
3,4,1,11,8,337.5,0,0
3,4,2,1,1,22.5,1212.73,86.1519
3,4,2,1,2,67.5,16554.3,247.434
3,4,2,1,3,112.5,13865,257.024
3,4,2,1,4,157.5,19940.5,270.638
3,4,2,1,5,202.5,14804,229.735
3,4,2,1,6,247.5,19082.5,300.051
3,4,2,1,7,292.5,14179.3,242.935
3,4,2,1,8,337.5,2026.05,124.527
3,4,2,2,1,22.5,736.597,41.803
3,4,2,2,2,67.5,7434.47,138.4
3,4,2,2,3,112.5,14619.6,183.565
3,4,2,2,4,157.5,23225.5,251.626
3,4,2,2,5,202.5,15990.6,194.162
3,4,2,2,6,247.5,14044.3,193.344
3,4,2,2,7,292.5,8720.58,122.93
3,4,2,2,8,337.5,1077.49,48.328
3,4,2,3,1,22.5,2738.23,62.2481
3,4,2,3,2,67.5,10477.8,120.759
3,4,2,3,3,112.5,10532.6,130.785
3,4,2,3,4,157.5,14996.1,161.566
3,4,2,3,5,202.5,10934.6,191.471
3,4,2,3,6,247.5,14179.9,150.577
3,4,2,3,7,292.5,12296.2,140.311
3,4,2,3,8,337.5,1920.67,49.4148
3,4,2,4,1,22.5,2231.51,53.8291
3,4,2,4,2,67.5,10882.7,119.752
3,4,2,4,3,112.5,7876.19,100.373
3,4,2,4,4,157.5,7649.21,102.93
3,4,2,4,5,202.5,5247.18,82.2179
3,4,2,4,6,247.5,11381,121.188
3,4,2,4,7,292.5,9527.72,113.682
3,4,2,4,8,337.5,1069.15,38.4784
3,4,2,5,1,22.5,3168.98,62.477
3,4,2,5,2,67.5,14152.2,134.611
3,4,2,5,3,112.5,9054.86,105.447
3,4,2,5,4,157.5,4685.43,75.4571
3,4,2,5,5,202.5,3395.34,67.7736
3,4,2,5,6,247.5,11736,141.126
3,4,2,5,7,292.5,11227.4,120.685
3,4,2,5,8,337.5,2525.48,56.0404
3,4,2,6,1,22.5,2296.04,51.0214
3,4,2,6,2,67.5,5740.85,80.8915
3,4,2,6,3,112.5,2940.36,58.3974
3,4,2,6,4,157.5,605.258,25.973
3,4,2,6,5,202.5,465.03,22.7779
3,4,2,6,6,247.5,3327.72,61.8171
3,4,2,6,7,292.5,5021.72,76.082
3,4,2,6,8,337.5,1902.08,46.1605
3,4,2,7,1,22.5,943.593,31.8811
3,4,2,7,2,67.5,1635.68,42.0918
3,4,2,7,3,112.5,653.486,27.0246
3,4,2,7,4,157.5,22.7513,5.1658
3,4,2,7,5,202.5,18.7748,5.3298
3,4,2,7,6,247.5,674.639,27.0749
3,4,2,7,7,292.5,1706.77,43.3154
3,4,2,7,8,337.5,739.868,28.0802
3,4,2,8,1,22.5,186.368,14.0864
3,4,2,8,2,67.5,344.707,19.2736
3,4,2,8,3,112.5,92.1377,9.94685
3,4,2,8,4,157.5,0,0
3,4,2,8,5,202.5,0,0
3,4,2,8,6,247.5,79.8008,9.42172
3,4,2,8,7,292.5,343.911,19.2096
3,4,2,8,8,337.5,125.684,11.8837
3,4,2,9,1,22.5,0,0
3,4,2,9,2,67.5,0,0
3,4,2,9,3,112.5,0,0
3,4,2,9,4,157.5,0,0
3,4,2,9,5,202.5,0,0
3,4,2,9,6,247.5,0,0
3,4,2,9,7,292.5,0,0
3,4,2,9,8,337.5,0,0
3,4,2,10,1,22.5,0,0
3,4,2,10,2,67.5,0,0
3,4,2,10,3,112.5,0,0
3,4,2,10,4,157.5,0,0
3,4,2,10,5,202.5,0,0
3,4,2,10,6,247.5,0,0
3,4,2,10,7,292.5,0,0
3,4,2,10,8,337.5,0,0
3,4,2,11,1,22.5,0,0
3,4,2,11,2,67.5,0,0
3,4,2,11,3,112.5,0,0
3,4,2,11,4,157.5,0,0
3,4,2,11,5,202.5,0,0
3,4,2,11,6,247.5,0,0
3,4,2,11,7,292.5,0,0
3,4,2,11,8,337.5,0,0
3,4,3,1,1,22.5,2757.77,86.085
3,4,3,1,2,67.5,8830.14,140.431
3,4,3,1,3,112.5,12087.4,161.596
3,4,3,1,4,157.5,27042.4,295.808
3,4,3,1,5,202.5,16221.6,231.382
3,4,3,1,6,247.5,10610,164.681
3,4,3,1,7,292.5,10319.7,155.121
3,4,3,1,8,337.5,4580.17,96.8822
3,4,3,2,1,22.5,1047.19,37.934
3,4,3,2,2,67.5,7294.9,114.06
3,4,3,2,3,112.5,10205.3,127.247
3,4,3,2,4,157.5,29259.7,237.151
3,4,3,2,5,202.5,16660.3,192.303
3,4,3,2,6,247.5,8861.86,131.607
3,4,3,2,7,292.5,5759.19,105.461
3,4,3,2,8,337.5,472.624,29.7055
3,4,3,3,1,22.5,451.08,24.2633
3,4,3,3,2,67.5,5674.18,92.3095
3,4,3,3,3,112.5,7556.59,104.411
3,4,3,3,4,157.5,24145.2,184.341
3,4,3,3,5,202.5,14001.6,153.724
3,4,3,3,6,247.5,9688.93,119.345
3,4,3,3,7,292.5,8986.9,112.034
3,4,3,3,8,337.5,1007.47,36.5503
3,4,3,4,1,22.5,1340.28,38.4399
3,4,3,4,2,67.5,8148.61,98.7423
3,4,3,4,3,112.5,6248.5,90.1936
3,4,3,4,4,157.5,17417.5,148.177
3,4,3,4,5,202.5,10167.2,114.309
3,4,3,4,6,247.5,11049.6,116.645
3,4,3,4,7,292.5,9714.63,106.851
3,4,3,4,8,337.5,1382.93,40.1214
3,4,3,5,1,22.5,2664.03,55.3069
3,4,3,5,2,67.5,16750.3,142.011
3,4,3,5,3,112.5,10703.4,112.714
3,4,3,5,4,157.5,20061,164.583
3,4,3,5,5,202.5,12175.3,127.836
3,4,3,5,6,247.5,19692,157.534
3,4,3,5,7,292.5,13661.6,137.096
3,4,3,5,8,337.5,1706.56,45.728
3,4,3,6,1,22.5,1670.11,43.9238
3,4,3,6,2,67.5,10677.4,109.5
3,4,3,6,3,112.5,7647.34,94.2445
3,4,3,6,4,157.5,7753.41,94.1763
3,4,3,6,5,202.5,4732.26,73.2027
3,4,3,6,6,247.5,12458,120.835
3,4,3,6,7,292.5,7103.88,91.2213
3,4,3,6,8,337.5,1631.83,43.1721
3,4,3,7,1,22.5,1716.83,43.1178
3,4,3,7,2,67.5,6124.13,81.3183
3,4,3,7,3,112.5,4408.38,69.4111
3,4,3,7,4,157.5,2432.43,52.2062
3,4,3,7,5,202.5,1581.29,41.6951
3,4,3,7,6,247.5,6232.65,83.4776
3,4,3,7,7,292.5,4261.54,68.2191
3,4,3,7,8,337.5,1733.47,43.2874
3,4,3,8,1,22.5,2168.21,47.9938
3,4,3,8,2,67.5,4247.68,67.4992
3,4,3,8,3,112.5,2743.03,54.2236
3,4,3,8,4,157.5,825.681,29.7829
3,4,3,8,5,202.5,494.367,23.4594
3,4,3,8,6,247.5,3506.02,61.2736
3,4,3,8,7,292.5,3555.16,61.7462
3,4,3,8,8,337.5,1945.42,45.4822
3,4,3,9,1,22.5,953.773,31.6244
3,4,3,9,2,67.5,1367.9,37.9514
3,4,3,9,3,112.5,760.985,28.4097
3,4,3,9,4,157.5,61.5158,8.13872
3,4,3,9,5,202.5,49.2881,7.49961
3,4,3,9,6,247.5,776.773,28.6073
3,4,3,9,7,292.5,1357.36,37.6752
3,4,3,9,8,337.5,726.271,27.6767
3,4,3,10,1,22.5,311.084,18.1313
3,4,3,10,2,67.5,334.622,18.8919
3,4,3,10,3,112.5,140.678,12.2354
3,4,3,10,4,157.5,0,0
3,4,3,10,5,202.5,0,0
3,4,3,10,6,247.5,133.688,12.0002
3,4,3,10,7,292.5,453.862,21.7998
3,4,3,10,8,337.5,181.274,13.8176
3,4,3,11,1,22.5,0,0
3,4,3,11,2,67.5,0,0
3,4,3,11,3,112.5,0,0
3,4,3,11,4,157.5,0,0
3,4,3,11,5,202.5,0,0
3,4,3,11,6,247.5,0,0
3,4,3,11,7,292.5,0,0
3,4,3,11,8,337.5,0,0
3,4,4,1,1,22.5,2280.14,58.6671
3,4,4,1,2,67.5,4960.02,89.4021
3,4,4,1,3,112.5,13311.9,163.186
3,4,4,1,4,157.5,23902.8,208.345
3,4,4,1,5,202.5,14601.2,167.939
3,4,4,1,6,247.5,4929.26,86.5499
3,4,4,1,7,292.5,3690.89,76.8978
3,4,4,1,8,337.5,2703.9,66.942
3,4,4,2,1,22.5,1097.93,35.417
3,4,4,2,2,67.5,2912.21,61.0555
3,4,4,2,3,112.5,7608.07,99.4385
3,4,4,2,4,157.5,24606.9,185.373
3,4,4,2,5,202.5,13568.6,138.554
3,4,4,2,6,247.5,2844.07,63.9491
3,4,4,2,7,292.5,2843.3,64.5067
3,4,4,2,8,337.5,1022.73,33.7698
3,4,4,3,1,22.5,295.415,18.1393
3,4,4,3,2,67.5,2118.85,53.1478
3,4,4,3,3,112.5,4796.55,77.0501
3,4,4,3,4,157.5,20759.6,170.507
3,4,4,3,5,202.5,11258.2,119.222
3,4,4,3,6,247.5,3355.25,65.2559
3,4,4,3,7,292.5,4952.53,76.5777
3,4,4,3,8,337.5,180.831,14.5472
3,4,4,4,1,22.5,151.5,13.1379
3,4,4,4,2,67.5,3098.3,59.7404
3,4,4,4,3,112.5,3240.06,62.4614
3,4,4,4,4,157.5,15976.8,142.108
3,4,4,4,5,202.5,8922.31,101.626
3,4,4,4,6,247.5,4677.36,73.4492
3,4,4,4,7,292.5,6736.77,87.1641
3,4,4,4,8,337.5,238.51,16.1623
3,4,4,5,1,22.5,692.141,27.4427
3,4,4,5,2,67.5,10086.5,105.462
3,4,4,5,3,112.5,5366.46,78.285
3,4,4,5,4,157.5,23216.1,167.875
3,4,4,5,5,202.5,12718.3,121.562
3,4,4,5,6,247.5,11027.1,114.859
3,4,4,5,7,292.5,12307.6,119.865
3,4,4,5,8,337.5,799.26,29.9801
3,4,4,6,1,22.5,638.071,26.2193
3,4,4,6,2,67.5,9370.54,101.686
3,4,4,6,3,112.5,4378.26,70.3951
3,4,4,6,4,157.5,13242,122.184
3,4,4,6,5,202.5,7312.6,91.1908
3,4,4,6,6,247.5,9992.19,105.053
3,4,4,6,7,292.5,7483.59,90.2699
3,4,4,6,8,337.5,542.8,24.3083
3,4,4,7,1,22.5,440.047,21.9001
3,4,4,7,2,67.5,6245.39,81.5328
3,4,4,7,3,112.5,3538.88,62.0035
3,4,4,7,4,157.5,6861.34,87.222
3,4,4,7,5,202.5,3766.3,65.0865
3,4,4,7,6,247.5,7072.83,88.0593
3,4,4,7,7,292.5,3984.84,65.4602
3,4,4,7,8,337.5,488.037,22.7761
3,4,4,8,1,22.5,721.496,27.6299
3,4,4,8,2,67.5,4991.04,72.8939
3,4,4,8,3,112.5,3545.58,61.3448
3,4,4,8,4,157.5,4104.4,66.6087
3,4,4,8,5,202.5,2297.99,49.8629
3,4,4,8,6,247.5,6201.03,81.6779
3,4,4,8,7,292.5,3013.15,56.5769
3,4,4,8,8,337.5,1025.89,32.8804
3,4,4,9,1,22.5,713.172,27.2976
3,4,4,9,2,67.5,2112.31,47.0466
3,4,4,9,3,112.5,1692.05,42.2867
3,4,4,9,4,157.5,1173.65,35.4779
3,4,4,9,5,202.5,702.884,27.422
3,4,4,9,6,247.5,2745.06,53.5091
3,4,4,9,7,292.5,1411.15,38.6048
3,4,4,9,8,337.5,886.171,30.4179
3,4,4,10,1,22.5,651.71,26.1057
3,4,4,10,2,67.5,1154,34.7205
3,4,4,10,3,112.5,915.595,30.9063
3,4,4,10,4,157.5,290.194,17.6527
3,4,4,10,5,202.5,167.604,13.3316
3,4,4,10,6,247.5,1194.32,35.4748
3,4,4,10,7,292.5,948.518,31.4685
3,4,4,10,8,337.5,582.858,24.8034
3,4,4,11,1,22.5,282.736,16.7644
3,4,4,11,2,67.5,437.202,21.4534
3,4,4,11,3,112.5,307.442,17.9343
3,4,4,11,4,157.5,29.2087,6.07824
3,4,4,11,5,202.5,12.2917,4.00636
3,4,4,11,6,247.5,334.092,18.719
3,4,4,11,7,292.5,378.494,19.8962
3,4,4,11,8,337.5,220.296,15.1866
3,4,5,1,1,22.5,2550.75,64.2546
3,4,5,1,2,67.5,5303.02,89.3775
3,4,5,1,3,112.5,11926.5,128.374
3,4,5,1,4,157.5,17058.3,152.829
3,4,5,1,5,202.5,11680.4,127.543
3,4,5,1,6,247.5,3784.94,69.2162
3,4,5,1,7,292.5,1535.6,45.0407
3,4,5,1,8,337.5,1838.65,49.0369
3,4,5,2,1,22.5,301.066,19.6416
3,4,5,2,2,67.5,813.536,31.2247
3,4,5,2,3,112.5,6750.49,92.0017
3,4,5,2,4,157.5,17093.7,145.41
3,4,5,2,5,202.5,9905.86,111.105
3,4,5,2,6,247.5,962.003,34.2546
3,4,5,2,7,292.5,523.024,25.7981
3,4,5,2,8,337.5,353.885,20.0844
3,4,5,3,1,22.5,152.6,12.9409
3,4,5,3,2,67.5,399.871,22.6171
3,4,5,3,3,112.5,3997.39,66.6184
3,4,5,3,4,157.5,14414.8,127.929
3,4,5,3,5,202.5,8087.08,95.5195
3,4,5,3,6,247.5,786.904,31.091
3,4,5,3,7,292.5,1471.93,41.0221
3,4,5,3,8,337.5,152.533,13.2789
3,4,5,4,1,22.5,47.3541,7.44471
3,4,5,4,2,67.5,569.943,26.3635
3,4,5,4,3,112.5,2589.06,53.5448
3,4,5,4,4,157.5,11770.3,114.715
3,4,5,4,5,202.5,6402.67,84.5234
3,4,5,4,6,247.5,1257.89,37.8672
3,4,5,4,7,292.5,2934.89,56.5558
3,4,5,4,8,337.5,52.6261,7.63674
3,4,5,5,1,22.5,98.0627,10.4726
3,4,5,5,2,67.5,3449.03,61.436
3,4,5,5,3,112.5,3008.69,57.5922
3,4,5,5,4,157.5,17574.5,140.604
3,4,5,5,5,202.5,9554.51,112.389
3,4,5,5,6,247.5,4435.46,69.5965
3,4,5,5,7,292.5,8339.46,93.9439
3,4,5,5,8,337.5,109.894,10.9457
3,4,5,6,1,22.5,116.155,11.3555
3,4,5,6,2,67.5,5175.01,73.9904
3,4,5,6,3,112.5,2133.14,48.1317
3,4,5,6,4,157.5,11146.6,108.969
3,4,5,6,5,202.5,5938.97,81.5978
3,4,5,6,6,247.5,4943.96,72.5837
3,4,5,6,7,292.5,6777.92,84.4291
3,4,5,6,8,337.5,86.1231,10.1489
3,4,5,7,1,22.5,118.482,11.2406
3,4,5,7,2,67.5,4710.41,70.7441
3,4,5,7,3,112.5,1630.64,41.4921
3,4,5,7,4,157.5,6528.43,83.9673
3,4,5,7,5,202.5,3774.73,63.2339
3,4,5,7,6,247.5,4372.3,68.2197
3,4,5,7,7,292.5,3716.89,63.2799
3,4,5,7,8,337.5,79.7311,9.35167
3,4,5,8,1,22.5,85.3622,9.69385
3,4,5,8,2,67.5,4268.09,66.9641
3,4,5,8,3,112.5,1962.51,45.3339
3,4,5,8,4,157.5,5355.72,75.9612
3,4,5,8,5,202.5,2892.66,55.0861
3,4,5,8,6,247.5,4474.94,68.5799
3,4,5,8,7,292.5,2773.75,53.8862
3,4,5,8,8,337.5,142.657,12.5487
3,4,5,9,1,22.5,145.257,12.5508
3,4,5,9,2,67.5,1960.34,45.1909
3,4,5,9,3,112.5,1202.71,35.4218
3,4,5,9,4,157.5,2128.79,47.1399
3,4,5,9,5,202.5,1139.1,34.6801
3,4,5,9,6,247.5,2460.33,50.6881
3,4,5,9,7,292.5,1073.15,33.6227
3,4,5,9,8,337.5,231.417,15.6966
3,4,5,10,1,22.5,188.918,14.2664
3,4,5,10,2,67.5,961.025,31.6609
3,4,5,10,3,112.5,818.757,29.2293
3,4,5,10,4,157.5,890.276,30.5173
3,4,5,10,5,202.5,527.034,23.6527
3,4,5,10,6,247.5,1392.67,38.1392
3,4,5,10,7,292.5,595.97,25.0675
3,4,5,10,8,337.5,280.422,17.1258
3,4,5,11,1,22.5,108.057,10.7908
3,4,5,11,2,67.5,283.585,17.252
3,4,5,11,3,112.5,299.126,17.903
3,4,5,11,4,157.5,188.906,14.0995
3,4,5,11,5,202.5,122.32,11.4339
3,4,5,11,6,247.5,448.272,21.6406
3,4,5,11,7,292.5,206.43,14.8175
3,4,5,11,8,337.5,129.305,11.8841
3,4,6,1,1,22.5,2675.54,58.8178
3,4,6,1,2,67.5,4312.96,73.4145
3,4,6,1,3,112.5,7989.82,94.276
3,4,6,1,4,157.5,10198.5,111.24
3,4,6,1,5,202.5,7283.63,95.0106
3,4,6,1,6,247.5,2940.82,57.6492
3,4,6,1,7,292.5,1211.56,37.3285
3,4,6,1,8,337.5,1495.98,42.0705
3,4,6,2,1,22.5,267.372,17.2737
3,4,6,2,2,67.5,793.892,30.3918
3,4,6,2,3,112.5,4885.91,73.7022
3,4,6,2,4,157.5,9707.51,105.857
3,4,6,2,5,202.5,6050.15,82.2558
3,4,6,2,6,247.5,665.348,27.6238
3,4,6,2,7,292.5,29.4511,6.39323
3,4,6,2,8,337.5,61.0006,8.73093
3,4,6,3,1,22.5,0,0
3,4,6,3,2,67.5,105.124,10.5557
3,4,6,3,3,112.5,3036.21,56.8873
3,4,6,3,4,157.5,8355.85,95.0054
3,4,6,3,5,202.5,4761.76,71.7648
3,4,6,3,6,247.5,332.301,19.339
3,4,6,3,7,292.5,178.632,14.0775
3,4,6,3,8,337.5,25.846,6.44689
3,4,6,4,1,22.5,0,0
3,4,6,4,2,67.5,0,0
3,4,6,4,3,112.5,1871.01,44.499
3,4,6,4,4,157.5,7070.23,86.4016
3,4,6,4,5,202.5,3868.05,64.0604
3,4,6,4,6,247.5,274.477,17.4922
3,4,6,4,7,292.5,747.537,28.4805
3,4,6,4,8,337.5,0,0
3,4,6,5,1,22.5,23.7421,5.41093
3,4,6,5,2,67.5,450.067,22.2531
3,4,6,5,3,112.5,2100.07,47.1042
3,4,6,5,4,157.5,10573.7,107.303
3,4,6,5,5,202.5,5673.09,77.8862
3,4,6,5,6,247.5,1333.93,37.478
3,4,6,5,7,292.5,3180.1,57.8136
3,4,6,5,8,337.5,67.5722,8.54101
3,4,6,6,1,22.5,36.5947,6.4653
3,4,6,6,2,67.5,1545.9,40.3276
3,4,6,6,3,112.5,1180.74,37.3627
3,4,6,6,4,157.5,6682.29,84.2168
3,4,6,6,5,202.5,3751.63,62.6632
3,4,6,6,6,247.5,1795.66,43.4276
3,4,6,6,7,292.5,3553.28,60.8177
3,4,6,6,8,337.5,39.9685,6.60456
3,4,6,7,1,22.5,36.7503,6.39307
3,4,6,7,2,67.5,1939.88,44.9091
3,4,6,7,3,112.5,712.321,26.8044
3,4,6,7,4,157.5,4309.87,67.9315
3,4,6,7,5,202.5,2385.06,50.34
3,4,6,7,6,247.5,1736.05,42.4763
3,4,6,7,7,292.5,2497.26,51.2419
3,4,6,7,8,337.5,14.4172,4.35192
3,4,6,8,1,22.5,0,0
3,4,6,8,2,67.5,2201.88,47.7994
3,4,6,8,3,112.5,781.007,28.5334
3,4,6,8,4,157.5,3416.82,60.1779
3,4,6,8,5,202.5,1827.22,43.6698
3,4,6,8,6,247.5,2085.29,46.5669
3,4,6,8,7,292.5,2042.38,45.8841
3,4,6,8,8,337.5,0,0
3,4,6,9,1,22.5,0,0
3,4,6,9,2,67.5,1022.67,32.7739
3,4,6,9,3,112.5,413.374,20.903
3,4,6,9,4,157.5,1341.25,40.6906
3,4,6,9,5,202.5,836.281,29.4897
3,4,6,9,6,247.5,1089.34,33.7311
3,4,6,9,7,292.5,719.445,27.5164
3,4,6,9,8,337.5,0,0
3,4,6,10,1,22.5,8.5349,3.00749
3,4,6,10,2,67.5,384.766,19.6549
3,4,6,10,3,112.5,193.899,14.2703
3,4,6,10,4,157.5,518.354,23.4909
3,4,6,10,5,202.5,254.351,16.5272
3,4,6,10,6,247.5,528.716,23.4704
3,4,6,10,7,292.5,196.153,14.3657
3,4,6,10,8,337.5,17.9114,4.61343
3,4,6,11,1,22.5,0,0
3,4,6,11,2,67.5,39.6509,6.96101
3,4,6,11,3,112.5,40.1943,6.66076
3,4,6,11,4,157.5,63.8939,8.42585
3,4,6,11,5,202.5,39.2957,6.71373
3,4,6,11,6,247.5,82.2655,9.61914
3,4,6,11,7,292.5,13.6416,3.85681
3,4,6,11,8,337.5,0,0
3,4,7,1,1,22.5,1490.92,40.6048
3,4,7,1,2,67.5,2309.11,50.3489
3,4,7,1,3,112.5,3898.89,64.5633
3,4,7,1,4,157.5,4314.39,71.3814
3,4,7,1,5,202.5,3269.75,59.7487
3,4,7,1,6,247.5,1383.76,38.7959
3,4,7,1,7,292.5,720.543,28.0126
3,4,7,1,8,337.5,912.596,31.8348
3,4,7,2,1,22.5,250.593,16.3983
3,4,7,2,2,67.5,692.418,27.5947
3,4,7,2,3,112.5,2552.89,52.3079
3,4,7,2,4,157.5,4034.34,67.2565
3,4,7,2,5,202.5,2647.6,53.738
3,4,7,2,6,247.5,395.479,20.8367
3,4,7,2,7,292.5,0,0
3,4,7,2,8,337.5,58.769,8.14747
3,4,7,3,1,22.5,22.3632,5.50859
3,4,7,3,2,67.5,128.607,11.8243
3,4,7,3,3,112.5,1553.55,40.473
3,4,7,3,4,157.5,3207.13,58.5223
3,4,7,3,5,202.5,2041.93,47.45
3,4,7,3,6,247.5,152.849,13.0513
3,4,7,3,7,292.5,0,0
3,4,7,3,8,337.5,0,0
3,4,7,4,1,22.5,0,0
3,4,7,4,2,67.5,0,0
3,4,7,4,3,112.5,925.765,31.1095
3,4,7,4,4,157.5,2682.66,52.9709
3,4,7,4,5,202.5,1529.2,40.0705
3,4,7,4,6,247.5,79.9139,9.48242
3,4,7,4,7,292.5,44.1358,7.07544
3,4,7,4,8,337.5,0,0
3,4,7,5,1,22.5,0,0
3,4,7,5,2,67.5,0,0
3,4,7,5,3,112.5,1092.92,33.8021
3,4,7,5,4,157.5,3765.21,62.6873
3,4,7,5,5,202.5,2258.46,48.5883
3,4,7,5,6,247.5,215.451,14.9916
3,4,7,5,7,292.5,605.876,25.1053
3,4,7,5,8,337.5,0,0
3,4,7,6,1,22.5,0,0
3,4,7,6,2,67.5,151.541,12.6193
3,4,7,6,3,112.5,468.629,22.1456
3,4,7,6,4,157.5,2181.52,47.6005
3,4,7,6,5,202.5,1177.65,35.1697
3,4,7,6,6,247.5,345.996,19.1203
3,4,7,6,7,292.5,767.366,28.3678
3,4,7,6,8,337.5,0,0
3,4,7,7,1,22.5,0,0
3,4,7,7,2,67.5,229.512,15.6453
3,4,7,7,3,112.5,210.839,15.156
3,4,7,7,4,157.5,980.45,32.0264
3,4,7,7,5,202.5,610.661,25.3328
3,4,7,7,6,247.5,303.701,17.9802
3,4,7,7,7,292.5,543.18,23.8352
3,4,7,7,8,337.5,0,0
3,4,7,8,1,22.5,0,0
3,4,7,8,2,67.5,200.285,14.8245
3,4,7,8,3,112.5,88.9865,9.87121
3,4,7,8,4,157.5,549.656,24.0116
3,4,7,8,5,202.5,248.88,16.1896
3,4,7,8,6,247.5,234.825,15.8421
3,4,7,8,7,292.5,268.148,16.734
3,4,7,8,8,337.5,0,0
3,4,7,9,1,22.5,0,0
3,4,7,9,2,67.5,17.8019,4.38435
3,4,7,9,3,112.5,0,0
3,4,7,9,4,157.5,88.2495,9.81622
3,4,7,9,5,202.5,23.3646,5.23481
3,4,7,9,6,247.5,28.2511,5.51531
3,4,7,9,7,292.5,18.1528,4.72149
3,4,7,9,8,337.5,0,0
3,4,7,10,1,22.5,0,0
3,4,7,10,2,67.5,0,0
3,4,7,10,3,112.5,0,0
3,4,7,10,4,157.5,0,0
3,4,7,10,5,202.5,0,0
3,4,7,10,6,247.5,0,0
3,4,7,10,7,292.5,0,0
3,4,7,10,8,337.5,0,0
3,4,7,11,1,22.5,0,0
3,4,7,11,2,67.5,0,0
3,4,7,11,3,112.5,0,0
3,4,7,11,4,157.5,0,0
3,4,7,11,5,202.5,0,0
3,4,7,11,6,247.5,0,0
3,4,7,11,7,292.5,0,0
3,4,7,11,8,337.5,0,0
3,4,8,1,1,22.5,91.9629,10.2367
3,4,8,1,2,67.5,146.257,12.4473
3,4,8,1,3,112.5,317.248,18.4605
3,4,8,1,4,157.5,350.123,19.3098
3,4,8,1,5,202.5,231.557,15.6765
3,4,8,1,6,247.5,120.696,11.4007
3,4,8,1,7,292.5,55.7706,7.85976
3,4,8,1,8,337.5,77.7375,9.05081
3,4,8,2,1,22.5,12.916,4.25719
3,4,8,2,2,67.5,45.6093,7.02473
3,4,8,2,3,112.5,134.899,11.9686
3,4,8,2,4,157.5,250.809,16.3325
3,4,8,2,5,202.5,100.911,10.2353
3,4,8,2,6,247.5,21.1076,5.06412
3,4,8,2,7,292.5,0,0
3,4,8,2,8,337.5,0,0
3,4,8,3,1,22.5,0,0
3,4,8,3,2,67.5,0,0
3,4,8,3,3,112.5,45.814,7.07416
3,4,8,3,4,157.5,139.878,13.1665
3,4,8,3,5,202.5,55.3502,7.66006
3,4,8,3,6,247.5,0,0
3,4,8,3,7,292.5,0,0
3,4,8,3,8,337.5,0,0
3,4,8,4,1,22.5,0,0
3,4,8,4,2,67.5,0,0
3,4,8,4,3,112.5,16.3703,4.24973
3,4,8,4,4,157.5,61.1282,8.06373
3,4,8,4,5,202.5,26.8892,5.40877
3,4,8,4,6,247.5,0,0
3,4,8,4,7,292.5,0,0
3,4,8,4,8,337.5,0,0
3,4,8,5,1,22.5,0,0
3,4,8,5,2,67.5,0,0
3,4,8,5,3,112.5,0,0
3,4,8,5,4,157.5,31.391,6.13633
3,4,8,5,5,202.5,0,0
3,4,8,5,6,247.5,0,0
3,4,8,5,7,292.5,0,0
3,4,8,5,8,337.5,0,0
3,4,8,6,1,22.5,0,0
3,4,8,6,2,67.5,0,0
3,4,8,6,3,112.5,0,0
3,4,8,6,4,157.5,0,0
3,4,8,6,5,202.5,0,0
3,4,8,6,6,247.5,0,0
3,4,8,6,7,292.5,0,0
3,4,8,6,8,337.5,0,0
3,4,8,7,1,22.5,0,0
3,4,8,7,2,67.5,0,0
3,4,8,7,3,112.5,0,0
3,4,8,7,4,157.5,0,0
3,4,8,7,5,202.5,0,0
3,4,8,7,6,247.5,0,0
3,4,8,7,7,292.5,0,0
3,4,8,7,8,337.5,0,0
3,4,8,8,1,22.5,0,0
3,4,8,8,2,67.5,0,0
3,4,8,8,3,112.5,0,0
3,4,8,8,4,157.5,0,0
3,4,8,8,5,202.5,0,0
3,4,8,8,6,247.5,0,0
3,4,8,8,7,292.5,0,0
3,4,8,8,8,337.5,0,0
3,4,8,9,1,22.5,0,0
3,4,8,9,2,67.5,0,0
3,4,8,9,3,112.5,0,0
3,4,8,9,4,157.5,0,0
3,4,8,9,5,202.5,0,0
3,4,8,9,6,247.5,0,0
3,4,8,9,7,292.5,0,0
3,4,8,9,8,337.5,0,0
3,4,8,10,1,22.5,0,0
3,4,8,10,2,67.5,0,0
3,4,8,10,3,112.5,0,0
3,4,8,10,4,157.5,0,0
3,4,8,10,5,202.5,0,0
3,4,8,10,6,247.5,0,0
3,4,8,10,7,292.5,0,0
3,4,8,10,8,337.5,0,0
3,4,8,11,1,22.5,0,0
3,4,8,11,2,67.5,0,0
3,4,8,11,3,112.5,0,0
3,4,8,11,4,157.5,0,0
3,4,8,11,5,202.5,0,0
3,4,8,11,6,247.5,0,0
3,4,8,11,7,292.5,0,0
3,4,8,11,8,337.5,0,0
4,5,1,1,1,22.5,15.2408,6.76937
4,5,1,1,2,67.5,164.793,21
4,5,1,1,3,112.5,190.101,22.3931
4,5,1,1,4,157.5,149.421,43.1749
4,5,1,1,5,202.5,154.802,25.603
4,5,1,1,6,247.5,223.367,30.0418
4,5,1,1,7,292.5,100.102,14.6884
4,5,1,1,8,337.5,17.5071,6.66345
4,5,1,2,1,22.5,0,0
4,5,1,2,2,67.5,57.8622,9.61167
4,5,1,2,3,112.5,87.3002,12.7611
4,5,1,2,4,157.5,62.1621,11.7802
4,5,1,2,5,202.5,52.9843,8.82055
4,5,1,2,6,247.5,93.4288,11.5765
4,5,1,2,7,292.5,107.468,12.7419
4,5,1,2,8,337.5,0,0
4,5,1,3,1,22.5,0,0
4,5,1,3,2,67.5,100.659,12.2048
4,5,1,3,3,112.5,0,0
4,5,1,3,4,157.5,0,0
4,5,1,3,5,202.5,0,0
4,5,1,3,6,247.5,56.2924,8.14811
4,5,1,3,7,292.5,55.6935,8.36528
4,5,1,3,8,337.5,0,0
4,5,1,4,1,22.5,0,0
4,5,1,4,2,67.5,58.1207,8.55519
4,5,1,4,3,112.5,0,0
4,5,1,4,4,157.5,0,0
4,5,1,4,5,202.5,0,0
4,5,1,4,6,247.5,0,0
4,5,1,4,7,292.5,28.7327,5.62848
4,5,1,4,8,337.5,0,0
4,5,1,5,1,22.5,0,0
4,5,1,5,2,67.5,0,0
4,5,1,5,3,112.5,0,0
4,5,1,5,4,157.5,0,0
4,5,1,5,5,202.5,0,0
4,5,1,5,6,247.5,0,0
4,5,1,5,7,292.5,0,0
4,5,1,5,8,337.5,0,0
4,5,1,6,1,22.5,0,0
4,5,1,6,2,67.5,0,0
4,5,1,6,3,112.5,0,0
4,5,1,6,4,157.5,0,0
4,5,1,6,5,202.5,0,0
4,5,1,6,6,247.5,0,0
4,5,1,6,7,292.5,0,0
4,5,1,6,8,337.5,0,0
4,5,1,7,1,22.5,0,0
4,5,1,7,2,67.5,0,0
4,5,1,7,3,112.5,0,0
4,5,1,7,4,157.5,0,0
4,5,1,7,5,202.5,0,0
4,5,1,7,6,247.5,0,0
4,5,1,7,7,292.5,0,0
4,5,1,7,8,337.5,0,0
4,5,1,8,1,22.5,0,0
4,5,1,8,2,67.5,0,0
4,5,1,8,3,112.5,0,0
4,5,1,8,4,157.5,0,0
4,5,1,8,5,202.5,0,0
4,5,1,8,6,247.5,0,0
4,5,1,8,7,292.5,0,0
4,5,1,8,8,337.5,0,0
4,5,1,9,1,22.5,0,0
4,5,1,9,2,67.5,0,0
4,5,1,9,3,112.5,0,0
4,5,1,9,4,157.5,0,0
4,5,1,9,5,202.5,0,0
4,5,1,9,6,247.5,0,0
4,5,1,9,7,292.5,0,0
4,5,1,9,8,337.5,0,0
4,5,1,10,1,22.5,0,0
4,5,1,10,2,67.5,0,0
4,5,1,10,3,112.5,0,0
4,5,1,10,4,157.5,0,0
4,5,1,10,5,202.5,0,0
4,5,1,10,6,247.5,0,0
4,5,1,10,7,292.5,0,0
4,5,1,10,8,337.5,0,0
4,5,1,11,1,22.5,0,0
4,5,1,11,2,67.5,0,0
4,5,1,11,3,112.5,0,0
4,5,1,11,4,157.5,0,0
4,5,1,11,5,202.5,0,0
4,5,1,11,6,247.5,0,0
4,5,1,11,7,292.5,0,0
4,5,1,11,8,337.5,0,0
4,5,2,1,1,22.5,2359.97,112.573
4,5,2,1,2,67.5,12755.8,205.244
4,5,2,1,3,112.5,8869.62,188.1
4,5,2,1,4,157.5,15795.5,311.131
4,5,2,1,5,202.5,11484.1,233.847
4,5,2,1,6,247.5,14138.4,253.256
4,5,2,1,7,292.5,12827.8,201.646
4,5,2,1,8,337.5,3417.55,142.634
4,5,2,2,1,22.5,660.632,41.6208
4,5,2,2,2,67.5,5598.72,114.771
4,5,2,2,3,112.5,9261.46,144.783
4,5,2,2,4,157.5,11922.2,176.194
4,5,2,2,5,202.5,8704.57,134.183
4,5,2,2,6,247.5,9496.33,153.354
4,5,2,2,7,292.5,6086.55,116.194
4,5,2,2,8,337.5,970.931,46.5147
4,5,2,3,1,22.5,2052.97,53.9311
4,5,2,3,2,67.5,7144.59,98.2667
4,5,2,3,3,112.5,6043.75,95.9244
4,5,2,3,4,157.5,4361.86,85.8291
4,5,2,3,5,202.5,3342.31,70.9001
4,5,2,3,6,247.5,7591.56,102.615
4,5,2,3,7,292.5,8359.24,112.453
4,5,2,3,8,337.5,1876.27,52.2463
4,5,2,4,1,22.5,1859.61,47.2436
4,5,2,4,2,67.5,7202.99,95.6553
4,5,2,4,3,112.5,3557.22,65.912
4,5,2,4,4,157.5,1208.76,39.0278
4,5,2,4,5,202.5,1018.66,35.753
4,5,2,4,6,247.5,4653.64,77.9172
4,5,2,4,7,292.5,6656.16,95.007
4,5,2,4,8,337.5,1025.71,35.3042
4,5,2,5,1,22.5,2034.51,49.8021
4,5,2,5,2,67.5,8370.25,101.294
4,5,2,5,3,112.5,2636.34,56.5152
4,5,2,5,4,157.5,311.561,19.2069
4,5,2,5,5,202.5,252.057,16.9433
4,5,2,5,6,247.5,3333.4,63.2533
4,5,2,5,7,292.5,6886.92,93.9486
4,5,2,5,8,337.5,1726.33,45.9577
4,5,2,6,1,22.5,1013.9,33.4878
4,5,2,6,2,67.5,2222.51,50
4,5,2,6,3,112.5,446.8,22.0071
4,5,2,6,4,157.5,0,0
4,5,2,6,5,202.5,0,0
4,5,2,6,6,247.5,400.232,21.2015
4,5,2,6,7,292.5,2098.43,48.7934
4,5,2,6,8,337.5,1057.34,34.2246
4,5,2,7,1,22.5,259.851,16.9514
4,5,2,7,2,67.5,331.664,18.9055
4,5,2,7,3,112.5,39.5674,6.6533
4,5,2,7,4,157.5,0,0
4,5,2,7,5,202.5,0,0
4,5,2,7,6,247.5,13.8013,4.05389
4,5,2,7,7,292.5,356.849,19.6493
4,5,2,7,8,337.5,212.017,15.2086
4,5,2,8,1,22.5,0,0
4,5,2,8,2,67.5,0,0
4,5,2,8,3,112.5,0,0
4,5,2,8,4,157.5,0,0
4,5,2,8,5,202.5,0,0
4,5,2,8,6,247.5,0,0
4,5,2,8,7,292.5,0,0
4,5,2,8,8,337.5,0,0
4,5,2,9,1,22.5,0,0
4,5,2,9,2,67.5,0,0
4,5,2,9,3,112.5,0,0
4,5,2,9,4,157.5,0,0
4,5,2,9,5,202.5,0,0
4,5,2,9,6,247.5,0,0
4,5,2,9,7,292.5,0,0
4,5,2,9,8,337.5,0,0
4,5,2,10,1,22.5,0,0
4,5,2,10,2,67.5,0,0
4,5,2,10,3,112.5,0,0
4,5,2,10,4,157.5,0,0
4,5,2,10,5,202.5,0,0
4,5,2,10,6,247.5,0,0
4,5,2,10,7,292.5,0,0
4,5,2,10,8,337.5,0,0
4,5,2,11,1,22.5,0,0
4,5,2,11,2,67.5,0,0
4,5,2,11,3,112.5,0,0
4,5,2,11,4,157.5,0,0
4,5,2,11,5,202.5,0,0
4,5,2,11,6,247.5,0,0
4,5,2,11,7,292.5,0,0
4,5,2,11,8,337.5,0,0
4,5,3,1,1,22.5,4709.74,120.354
4,5,3,1,2,67.5,11534.9,169.082
4,5,3,1,3,112.5,15604.2,227.588
4,5,3,1,4,157.5,31575.4,345.943
4,5,3,1,5,202.5,20534.7,258.716
4,5,3,1,6,247.5,12373.5,189.953
4,5,3,1,7,292.5,14073.1,174.095
4,5,3,1,8,337.5,7895.06,132.389
4,5,3,2,1,22.5,2723.27,63.1898
4,5,3,2,2,67.5,9968.62,126.637
4,5,3,2,3,112.5,11672.8,145.984
4,5,3,2,4,157.5,27225.4,235.758
4,5,3,2,5,202.5,17539.3,186.752
4,5,3,2,6,247.5,10163.1,132.125
4,5,3,2,7,292.5,7334.93,119.117
4,5,3,2,8,337.5,1429.03,47.5841
4,5,3,3,1,22.5,593.945,30.8216
4,5,3,3,2,67.5,7052.49,102.435
4,5,3,3,3,112.5,8396.76,107.89
4,5,3,3,4,157.5,18037.5,159.054
4,5,3,3,5,202.5,11788.5,129.758
4,5,3,3,6,247.5,9344.88,111.541
4,5,3,3,7,292.5,10963.5,118.379
4,5,3,3,8,337.5,1148.23,37.2799
4,5,3,4,1,22.5,1610.94,42.1987
4,5,3,4,2,67.5,9482.72,104.292
4,5,3,4,3,112.5,6285.02,88.6781
4,5,3,4,4,157.5,10227.2,112.763
4,5,3,4,5,202.5,6780.05,94.3054
4,5,3,4,6,247.5,9546.18,109.038
4,5,3,4,7,292.5,11077.6,117.168
4,5,3,4,8,337.5,2189.09,50.5169
4,5,3,5,1,22.5,3340.63,63.489
4,5,3,5,2,67.5,17523.6,143.049
4,5,3,5,3,112.5,9133.34,105.581
4,5,3,5,4,157.5,7410.17,93.7691
4,5,3,5,5,202.5,5168.35,79.0922
4,5,3,5,6,247.5,14219.6,132.314
4,5,3,5,7,292.5,15593.4,136.067
4,5,3,5,8,337.5,2779.76,56.9979
4,5,3,6,1,22.5,1892.03,45.953
4,5,3,6,2,67.5,10439.3,108.457
4,5,3,6,3,112.5,4458.65,70.5063
4,5,3,6,4,157.5,1390.52,39.8413
4,5,3,6,5,202.5,889.72,31.1129
4,5,3,6,6,247.5,6467.18,85.0879
4,5,3,6,7,292.5,7643.79,92.4305
4,5,3,6,8,337.5,1774.25,44.2758
4,5,3,7,1,22.5,1625.92,41.7943
4,5,3,7,2,67.5,4887.61,72.375
4,5,3,7,3,112.5,1739.26,43.0242
4,5,3,7,4,157.5,164.497,13.4377
4,5,3,7,5,202.5,132.8,12.0908
4,5,3,7,6,247.5,2338.48,50.4383
4,5,3,7,7,292.5,3687.59,63.4919
4,5,3,7,8,337.5,1856.44,44.7436
4,5,3,8,1,22.5,1393.48,38.3905
4,5,3,8,2,67.5,2452.36,50.7573
4,5,3,8,3,112.5,645.636,26.0879
4,5,3,8,4,157.5,0,0
4,5,3,8,5,202.5,0,0
4,5,3,8,6,247.5,798.337,29.1989
4,5,3,8,7,292.5,2142.1,47.6712
4,5,3,8,8,337.5,1417.61,38.5814
4,5,3,9,1,22.5,343.259,18.9581
4,5,3,9,2,67.5,440.02,21.5931
4,5,3,9,3,112.5,81.1378,9.31495
4,5,3,9,4,157.5,0,0
4,5,3,9,5,202.5,0,0
4,5,3,9,6,247.5,75.0513,9.00006
4,5,3,9,7,292.5,438.201,21.6536
4,5,3,9,8,337.5,307.479,18.0481
4,5,3,10,1,22.5,0,0
4,5,3,10,2,67.5,19.0736,4.57998
4,5,3,10,3,112.5,0,0
4,5,3,10,4,157.5,0,0
4,5,3,10,5,202.5,0,0
4,5,3,10,6,247.5,0,0
4,5,3,10,7,292.5,24.0055,5.06597
4,5,3,10,8,337.5,0,0
4,5,3,11,1,22.5,0,0
4,5,3,11,2,67.5,0,0
4,5,3,11,3,112.5,0,0
4,5,3,11,4,157.5,0,0
4,5,3,11,5,202.5,0,0
4,5,3,11,6,247.5,0,0
4,5,3,11,7,292.5,0,0
4,5,3,11,8,337.5,0,0
4,5,4,1,1,22.5,5641.2,97.1276
4,5,4,1,2,67.5,9743.29,122.863
4,5,4,1,3,112.5,19431.4,197.761
4,5,4,1,4,157.5,30694.5,236.61
4,5,4,1,5,202.5,21355,200.863
4,5,4,1,6,247.5,8437.43,124.983
4,5,4,1,7,292.5,7047.47,107.421
4,5,4,1,8,337.5,5708.53,97.2825
4,5,4,2,1,22.5,3033.03,58.8497
4,5,4,2,2,67.5,5409.7,83.037
4,5,4,2,3,112.5,10239.4,112.834
4,5,4,2,4,157.5,27196.7,199.988
4,5,4,2,5,202.5,18017.6,156.409
4,5,4,2,6,247.5,5060.41,83.6711
4,5,4,2,7,292.5,4759.07,80.0085
4,5,4,2,8,337.5,3301.84,61.4292
4,5,4,3,1,22.5,1181.11,36.0479
4,5,4,3,2,67.5,3571.59,66.463
4,5,4,3,3,112.5,6644.38,89.704
4,5,4,3,4,157.5,21638.2,167.929
4,5,4,3,5,202.5,13821.3,132.974
4,5,4,3,6,247.5,4580,76.9254
4,5,4,3,7,292.5,6286.79,90.1531
4,5,4,3,8,337.5,603.042,26.5846
4,5,4,4,1,22.5,334.616,19.4968
4,5,4,4,2,67.5,4407.17,71.6437
4,5,4,4,3,112.5,4539.14,72.9118
4,5,4,4,4,157.5,15835.2,138.869
4,5,4,4,5,202.5,9506.34,106.624
4,5,4,4,6,247.5,5060.16,76.4947
4,5,4,4,7,292.5,9157.17,100.977
4,5,4,4,8,337.5,410.246,21.3341
4,5,4,5,1,22.5,1144.14,35.1325
4,5,4,5,2,67.5,12739.4,121.905
4,5,4,5,3,112.5,6402.06,85.1082
4,5,4,5,4,157.5,17864.8,145.519
4,5,4,5,5,202.5,11361.5,115.105
4,5,4,5,6,247.5,10862.3,110.679
4,5,4,5,7,292.5,16579,135.705
4,5,4,5,8,337.5,1604.78,42.1908
4,5,4,6,1,22.5,1297.49,37.243
4,5,4,6,2,67.5,11028.8,108.486
4,5,4,6,3,112.5,4723.13,72.2771
4,5,4,6,4,157.5,6903.94,90.1042
4,5,4,6,5,202.5,4218.26,67.6968
4,5,4,6,6,247.5,8965.33,98.962
4,5,4,6,7,292.5,9407.13,101.17
4,5,4,6,8,337.5,1093.68,34.0802
4,5,4,7,1,22.5,688.175,26.9988
4,5,4,7,2,67.5,6832.73,85.0111
4,5,4,7,3,112.5,3236.78,58.8943
4,5,4,7,4,157.5,2298.66,49.5392
4,5,4,7,5,202.5,1379.82,38.5918
4,5,4,7,6,247.5,5479.14,76.4441
4,5,4,7,7,292.5,4874.01,72.5529
4,5,4,7,8,337.5,620.922,25.8146
4,5,4,8,1,22.5,787.382,28.8133
4,5,4,8,2,67.5,4898,73.4107
4,5,4,8,3,112.5,2373.23,50.4021
4,5,4,8,4,157.5,672.591,26.5232
4,5,4,8,5,202.5,453.391,22.1564
4,5,4,8,6,247.5,3641.16,62.1734
4,5,4,8,7,292.5,3261.47,58.9751
4,5,4,8,8,337.5,1058.16,33.4412
4,5,4,9,1,22.5,540.684,23.7541
4,5,4,9,2,67.5,1712.69,42.2619
4,5,4,9,3,112.5,730.043,27.6296
4,5,4,9,4,157.5,76.5644,9.15203
4,5,4,9,5,202.5,29.1072,5.92823
4,5,4,9,6,247.5,997.059,32.418
4,5,4,9,7,292.5,1071.21,33.6354
4,5,4,9,8,337.5,669.933,26.4284
4,5,4,10,1,22.5,321.67,18.3707
4,5,4,10,2,67.5,487.268,22.6462
4,5,4,10,3,112.5,167.25,13.3401
4,5,4,10,4,157.5,0,0
4,5,4,10,5,202.5,0,0
4,5,4,10,6,247.5,262.522,16.7816
4,5,4,10,7,292.5,415.471,21.151
4,5,4,10,8,337.5,291.722,17.4644
4,5,4,11,1,22.5,0,0
4,5,4,11,2,67.5,24.8113,5.19146
4,5,4,11,3,112.5,15.5702,4.22346
4,5,4,11,4,157.5,0,0
4,5,4,11,5,202.5,0,0
4,5,4,11,6,247.5,0,0
4,5,4,11,7,292.5,22.5595,4.89557
4,5,4,11,8,337.5,0,0
4,5,5,1,1,22.5,7055.32,101.747
4,5,5,1,2,67.5,10044.3,120.185
4,5,5,1,3,112.5,17833.2,154.72
4,5,5,1,4,157.5,22908,176.479
4,5,5,1,5,202.5,17011.3,154.673
4,5,5,1,6,247.5,7207.07,95.1731
4,5,5,1,7,292.5,4269.17,71.9564
4,5,5,1,8,337.5,4764.65,76.6206
4,5,5,2,1,22.5,1249.04,39.4526
4,5,5,2,2,67.5,2141.6,50.3396
4,5,5,2,3,112.5,9602.41,104.795
4,5,5,2,4,157.5,20199.6,156.306
4,5,5,2,5,202.5,13772.8,130.192
4,5,5,2,6,247.5,2373.47,54.7061
4,5,5,2,7,292.5,1521.13,42.4137
4,5,5,2,8,337.5,1325.68,38.9825
4,5,5,3,1,22.5,806.926,29.8257
4,5,5,3,2,67.5,1195.29,37.0357
4,5,5,3,3,112.5,5642.76,79.9429
4,5,5,3,4,157.5,16440.8,138.655
4,5,5,3,5,202.5,10611.4,109.266
4,5,5,3,6,247.5,1558.34,42.5254
4,5,5,3,7,292.5,1967.79,46.9406
4,5,5,3,8,337.5,800.165,29.8421
4,5,5,4,1,22.5,409.868,21.0302
4,5,5,4,2,67.5,1136.84,35.525
4,5,5,4,3,112.5,3523.25,62.3995
4,5,5,4,4,157.5,12807,119.225
4,5,5,4,5,202.5,8103.5,93.4978
4,5,5,4,6,247.5,1629.11,42.4384
4,5,5,4,7,292.5,4013.53,65.6009
4,5,5,4,8,337.5,331.411,18.9731
4,5,5,5,1,22.5,384.079,20.364
4,5,5,5,2,67.5,4523.29,69.4379
4,5,5,5,3,112.5,4106.87,66.524
4,5,5,5,4,157.5,17440.2,138.465
4,5,5,5,5,202.5,11124,110.199
4,5,5,5,6,247.5,4452,69.1807
4,5,5,5,7,292.5,10600.7,106.516
4,5,5,5,8,337.5,413.449,21.2749
4,5,5,6,1,22.5,364.892,19.6673
4,5,5,6,2,67.5,6288.56,82.7283
4,5,5,6,3,112.5,2434.59,51.4279
4,5,5,6,4,157.5,9190.77,98.9938
4,5,5,6,5,202.5,5832.31,79.2281
4,5,5,6,6,247.5,4615.12,70.4339
4,5,5,6,7,292.5,8524.82,95.2748
4,5,5,6,8,337.5,369.093,19.9026
4,5,5,7,1,22.5,269.012,16.9258
4,5,5,7,2,67.5,5003.13,72.5482
4,5,5,7,3,112.5,1777.98,43.3734
4,5,5,7,4,157.5,4370.6,67.8556
4,5,5,7,5,202.5,2629.63,52.4593
4,5,5,7,6,247.5,3928.39,64.4729
4,5,5,7,7,292.5,4894.33,71.0885
4,5,5,7,8,337.5,204.398,14.77
4,5,5,8,1,22.5,189.366,14.2667
4,5,5,8,2,67.5,3979.34,64.236
4,5,5,8,3,112.5,1653.32,41.6991
4,5,5,8,4,157.5,2365.31,49.932
4,5,5,8,5,202.5,1511.24,40.2205
4,5,5,8,6,247.5,3498.57,61.3829
4,5,5,8,7,292.5,2993.21,56.3203
4,5,5,8,8,337.5,185.039,14.1667
4,5,5,9,1,22.5,90.1701,9.91069
4,5,5,9,2,67.5,1324.95,37.2713
4,5,5,9,3,112.5,714.507,27.3649
4,5,5,9,4,157.5,569.232,24.5275
4,5,5,9,5,202.5,335.76,18.7841
4,5,5,9,6,247.5,1266.9,36.3119
4,5,5,9,7,292.5,814.534,29.2756
4,5,5,9,8,337.5,163.507,13.2303
4,5,5,10,1,22.5,22.614,4.94419
4,5,5,10,2,67.5,332.029,18.6512
4,5,5,10,3,112.5,198.813,14.5771
4,5,5,10,4,157.5,81.2065,9.33986
4,5,5,10,5,202.5,59.1822,8.21899
4,5,5,10,6,247.5,336.044,18.9036
4,5,5,10,7,292.5,159.733,13.0659
4,5,5,10,8,337.5,73.2529,8.93507
4,5,5,11,1,22.5,0,0
4,5,5,11,2,67.5,0,0
4,5,5,11,3,112.5,0,0
4,5,5,11,4,157.5,0,0
4,5,5,11,5,202.5,0,0
4,5,5,11,6,247.5,0,0
4,5,5,11,7,292.5,0,0
4,5,5,11,8,337.5,0,0
4,5,6,1,1,22.5,6019.64,85.9951
4,5,6,1,2,67.5,7737.28,93.5246
4,5,6,1,3,112.5,11280.8,113.56
4,5,6,1,4,157.5,12787.6,124.178
4,5,6,1,5,202.5,10143.8,107.825
4,5,6,1,6,247.5,5164.85,79.9713
4,5,6,1,7,292.5,2921.8,56.7286
4,5,6,1,8,337.5,3876.65,66.1541
4,5,6,2,1,22.5,1167.3,35.746
4,5,6,2,2,67.5,1895.15,45.6482
4,5,6,2,3,112.5,6765.35,86.6934
4,5,6,2,4,157.5,11462.9,113.157
4,5,6,2,5,202.5,8122.52,94.4415
4,5,6,2,6,247.5,1507.54,40.7409
4,5,6,2,7,292.5,259.98,17.7244
4,5,6,2,8,337.5,438.112,22.8537
4,5,6,3,1,22.5,200.543,14.966
4,5,6,3,2,67.5,342.733,19.8956
4,5,6,3,3,112.5,4016.95,65.5461
4,5,6,3,4,157.5,9217.19,100.477
4,5,6,3,5,202.5,6003.97,79.9173
4,5,6,3,6,247.5,691.296,27.999
4,5,6,3,7,292.5,288.015,18.6084
4,5,6,3,8,337.5,166.147,14.1057
4,5,6,4,1,22.5,90.8057,9.9985
4,5,6,4,2,67.5,137.722,12.5906
4,5,6,4,3,112.5,2428.18,50.4904
4,5,6,4,4,157.5,7392.73,88.5705
4,5,6,4,5,202.5,4801.49,71.9509
4,5,6,4,6,247.5,494.067,23.1311
4,5,6,4,7,292.5,826.575,29.6753
4,5,6,4,8,337.5,110.878,11.146
4,5,6,5,1,22.5,98.7721,10.6715
4,5,6,5,2,67.5,670.897,26.9684
4,5,6,5,3,112.5,2547.26,52.9119
4,5,6,5,4,157.5,10293.3,105.286
4,5,6,5,5,202.5,6556.62,84.6063
4,5,6,5,6,247.5,1169.67,35.6708
4,5,6,5,7,292.5,3466.38,61.4566
4,5,6,5,8,337.5,227.043,15.9109
4,5,6,6,1,22.5,84.6602,9.92254
4,5,6,6,2,67.5,1612.3,41.0315
4,5,6,6,3,112.5,1097.16,33.9087
4,5,6,6,4,157.5,5960.38,79.3382
4,5,6,6,5,202.5,3621.95,61.8068
4,5,6,6,6,247.5,1407.43,37.2417
4,5,6,6,7,292.5,3859.07,63.6292
4,5,6,6,8,337.5,158,13.0752
4,5,6,7,1,22.5,98.8603,10.4679
4,5,6,7,2,67.5,1633.09,41.1327
4,5,6,7,3,112.5,587.889,24.8209
4,5,6,7,4,157.5,2960.7,55.935
4,5,6,7,5,202.5,1753.61,43.2978
4,5,6,7,6,247.5,1305.95,36.8973
4,5,6,7,7,292.5,2298.6,48.7428
4,5,6,7,8,337.5,39.4741,6.62139
4,5,6,8,1,22.5,15.7122,4.13015
4,5,6,8,2,67.5,1199.36,35.3247
4,5,6,8,3,112.5,411.783,20.7272
4,5,6,8,4,157.5,1497.6,39.6942
4,5,6,8,5,202.5,939.815,31.3867
4,5,6,8,6,247.5,926.229,31.0828
4,5,6,8,7,292.5,1192.34,35.1957
4,5,6,8,8,337.5,9.75967,3.39689
4,5,6,9,1,22.5,0,0
4,5,6,9,2,67.5,251.664,16.2073
4,5,6,9,3,112.5,98.6852,10.4472
4,5,6,9,4,157.5,293.035,17.7116
4,5,6,9,5,202.5,155.225,13.0069
4,5,6,9,6,247.5,197.143,14.4136
4,5,6,9,7,292.5,197.789,14.6365
4,5,6,9,8,337.5,0,0
4,5,6,10,1,22.5,0,0
4,5,6,10,2,67.5,34.6642,6.13423
4,5,6,10,3,112.5,0,0
4,5,6,10,4,157.5,18.9516,4.68467
4,5,6,10,5,202.5,0,0
4,5,6,10,6,247.5,12.9787,4.13881
4,5,6,10,7,292.5,0,0
4,5,6,10,8,337.5,0,0
4,5,6,11,1,22.5,0,0
4,5,6,11,2,67.5,0,0
4,5,6,11,3,112.5,0,0
4,5,6,11,4,157.5,0,0
4,5,6,11,5,202.5,0,0
4,5,6,11,6,247.5,0,0
4,5,6,11,7,292.5,0,0
4,5,6,11,8,337.5,0,0
4,5,7,1,1,22.5,2657.3,55.2741
4,5,7,1,2,67.5,3269.78,59.2733
4,5,7,1,3,112.5,4126.66,66.9965
4,5,7,1,4,157.5,4703.35,71.7513
4,5,7,1,5,202.5,3625.72,65.5226
4,5,7,1,6,247.5,2169.1,49.1415
4,5,7,1,7,292.5,1236.99,36.6399
4,5,7,1,8,337.5,1733.7,43.3672
4,5,7,2,1,22.5,666.687,26.7785
4,5,7,2,2,67.5,878.505,30.7762
4,5,7,2,3,112.5,2454.83,50.8818
4,5,7,2,4,157.5,3697.31,63.2484
4,5,7,2,5,202.5,2569.8,52.82
4,5,7,2,6,247.5,665.13,27.0649
4,5,7,2,7,292.5,55.3303,7.92867
4,5,7,2,8,337.5,224.206,15.7856
4,5,7,3,1,22.5,90.8856,10.245
4,5,7,3,2,67.5,212.18,15.0436
4,5,7,3,3,112.5,1328.05,37.9378
4,5,7,3,4,157.5,2652.7,52.7323
4,5,7,3,5,202.5,1651.39,41.7186
4,5,7,3,6,247.5,228.56,15.887
4,5,7,3,7,292.5,0,0
4,5,7,3,8,337.5,0,0
4,5,7,4,1,22.5,0,0
4,5,7,4,2,67.5,23.2234,5.14297
4,5,7,4,3,112.5,711.502,27.3892
4,5,7,4,4,157.5,1734.39,42.5593
4,5,7,4,5,202.5,1088.51,33.9543
4,5,7,4,6,247.5,68.4423,8.56194
4,5,7,4,7,292.5,35.7988,6.35599
4,5,7,4,8,337.5,0,0
4,5,7,5,1,22.5,0,0
4,5,7,5,2,67.5,0,0
4,5,7,5,3,112.5,569.258,24.4446
4,5,7,5,4,157.5,1961.7,45.3685
4,5,7,5,5,202.5,1196.7,35.2564
4,5,7,5,6,247.5,98.8972,10.2109
4,5,7,5,7,292.5,320.937,18.4237
4,5,7,5,8,337.5,0,0
4,5,7,6,1,22.5,0,0
4,5,7,6,2,67.5,31.4076,6.01712
4,5,7,6,3,112.5,139.42,12.2457
4,5,7,6,4,157.5,646.68,26.0673
4,5,7,6,5,202.5,407.062,20.7883
4,5,7,6,6,247.5,90.9163,10.1071
4,5,7,6,7,292.5,277.687,17.2389
4,5,7,6,8,337.5,0,0
4,5,7,7,1,22.5,0,0
4,5,7,7,2,67.5,0,0
4,5,7,7,3,112.5,19.2628,4.40432
4,5,7,7,4,157.5,133.88,12.0151
4,5,7,7,5,202.5,87.9144,9.75845
4,5,7,7,6,247.5,31.7342,5.95362
4,5,7,7,7,292.5,78.3285,9.17005
4,5,7,7,8,337.5,0,0
4,5,7,8,1,22.5,0,0
4,5,7,8,2,67.5,0,0
4,5,7,8,3,112.5,0,0
4,5,7,8,4,157.5,13.8427,3.94578
4,5,7,8,5,202.5,0,0
4,5,7,8,6,247.5,0,0
4,5,7,8,7,292.5,0,0
4,5,7,8,8,337.5,0,0
4,5,7,9,1,22.5,0,0
4,5,7,9,2,67.5,0,0
4,5,7,9,3,112.5,0,0
4,5,7,9,4,157.5,0,0
4,5,7,9,5,202.5,0,0
4,5,7,9,6,247.5,0,0
4,5,7,9,7,292.5,0,0
4,5,7,9,8,337.5,0,0
4,5,7,10,1,22.5,0,0
4,5,7,10,2,67.5,0,0
4,5,7,10,3,112.5,0,0
4,5,7,10,4,157.5,0,0
4,5,7,10,5,202.5,0,0
4,5,7,10,6,247.5,0,0
4,5,7,10,7,292.5,0,0
4,5,7,10,8,337.5,0,0
4,5,7,11,1,22.5,0,0
4,5,7,11,2,67.5,0,0
4,5,7,11,3,112.5,0,0
4,5,7,11,4,157.5,0,0
4,5,7,11,5,202.5,0,0
4,5,7,11,6,247.5,0,0
4,5,7,11,7,292.5,0,0
4,5,7,11,8,337.5,0,0
4,5,8,1,1,22.5,0,0
4,5,8,1,2,67.5,0,0
4,5,8,1,3,112.5,43.8242,6.91703
4,5,8,1,4,157.5,34.622,6.14003
4,5,8,1,5,202.5,0,0
4,5,8,1,6,247.5,0,0
4,5,8,1,7,292.5,0,0
4,5,8,1,8,337.5,0,0
4,5,8,2,1,22.5,0,0
4,5,8,2,2,67.5,0,0
4,5,8,2,3,112.5,0,0
4,5,8,2,4,157.5,0,0
4,5,8,2,5,202.5,0,0
4,5,8,2,6,247.5,0,0
4,5,8,2,7,292.5,0,0
4,5,8,2,8,337.5,0,0
4,5,8,3,1,22.5,0,0
4,5,8,3,2,67.5,0,0
4,5,8,3,3,112.5,0,0
4,5,8,3,4,157.5,0,0
4,5,8,3,5,202.5,0,0
4,5,8,3,6,247.5,0,0
4,5,8,3,7,292.5,0,0
4,5,8,3,8,337.5,0,0
4,5,8,4,1,22.5,0,0
4,5,8,4,2,67.5,0,0
4,5,8,4,3,112.5,0,0
4,5,8,4,4,157.5,0,0
4,5,8,4,5,202.5,0,0
4,5,8,4,6,247.5,0,0
4,5,8,4,7,292.5,0,0
4,5,8,4,8,337.5,0,0
4,5,8,5,1,22.5,0,0
4,5,8,5,2,67.5,0,0
4,5,8,5,3,112.5,0,0
4,5,8,5,4,157.5,0,0
4,5,8,5,5,202.5,0,0
4,5,8,5,6,247.5,0,0
4,5,8,5,7,292.5,0,0
4,5,8,5,8,337.5,0,0
4,5,8,6,1,22.5,0,0
4,5,8,6,2,67.5,0,0
4,5,8,6,3,112.5,0,0
4,5,8,6,4,157.5,0,0
4,5,8,6,5,202.5,0,0
4,5,8,6,6,247.5,0,0
4,5,8,6,7,292.5,0,0
4,5,8,6,8,337.5,0,0
4,5,8,7,1,22.5,0,0
4,5,8,7,2,67.5,0,0
4,5,8,7,3,112.5,0,0
4,5,8,7,4,157.5,0,0
4,5,8,7,5,202.5,0,0
4,5,8,7,6,247.5,0,0
4,5,8,7,7,292.5,0,0
4,5,8,7,8,337.5,0,0
4,5,8,8,1,22.5,0,0
4,5,8,8,2,67.5,0,0
4,5,8,8,3,112.5,0,0
4,5,8,8,4,157.5,0,0
4,5,8,8,5,202.5,0,0
4,5,8,8,6,247.5,0,0
4,5,8,8,7,292.5,0,0
4,5,8,8,8,337.5,0,0
4,5,8,9,1,22.5,0,0
4,5,8,9,2,67.5,0,0
4,5,8,9,3,112.5,0,0
4,5,8,9,4,157.5,0,0
4,5,8,9,5,202.5,0,0
4,5,8,9,6,247.5,0,0
4,5,8,9,7,292.5,0,0
4,5,8,9,8,337.5,0,0
4,5,8,10,1,22.5,0,0
4,5,8,10,2,67.5,0,0
4,5,8,10,3,112.5,0,0
4,5,8,10,4,157.5,0,0
4,5,8,10,5,202.5,0,0
4,5,8,10,6,247.5,0,0
4,5,8,10,7,292.5,0,0
4,5,8,10,8,337.5,0,0
4,5,8,11,1,22.5,0,0
4,5,8,11,2,67.5,0,0
4,5,8,11,3,112.5,0,0
4,5,8,11,4,157.5,0,0
4,5,8,11,5,202.5,0,0
4,5,8,11,6,247.5,0,0
4,5,8,11,7,292.5,0,0
4,5,8,11,8,337.5,0,0
5,6,1,1,1,22.5,0,0
5,6,1,1,2,67.5,0,0
5,6,1,1,3,112.5,0,0
5,6,1,1,4,157.5,0,0
5,6,1,1,5,202.5,0,0
5,6,1,1,6,247.5,0,0
5,6,1,1,7,292.5,0,0
5,6,1,1,8,337.5,0,0
5,6,1,2,1,22.5,0,0
5,6,1,2,2,67.5,0,0
5,6,1,2,3,112.5,0,0
5,6,1,2,4,157.5,0,0
5,6,1,2,5,202.5,0,0
5,6,1,2,6,247.5,0,0
5,6,1,2,7,292.5,0,0
5,6,1,2,8,337.5,0,0
5,6,1,3,1,22.5,0,0
5,6,1,3,2,67.5,0,0
5,6,1,3,3,112.5,0,0
5,6,1,3,4,157.5,0,0
5,6,1,3,5,202.5,0,0
5,6,1,3,6,247.5,0,0
5,6,1,3,7,292.5,0,0
5,6,1,3,8,337.5,0,0
5,6,1,4,1,22.5,0,0
5,6,1,4,2,67.5,0,0
5,6,1,4,3,112.5,0,0
5,6,1,4,4,157.5,0,0
5,6,1,4,5,202.5,0,0
5,6,1,4,6,247.5,0,0
5,6,1,4,7,292.5,0,0
5,6,1,4,8,337.5,0,0
5,6,1,5,1,22.5,0,0
5,6,1,5,2,67.5,0,0
5,6,1,5,3,112.5,0,0
5,6,1,5,4,157.5,0,0
5,6,1,5,5,202.5,0,0
5,6,1,5,6,247.5,0,0
5,6,1,5,7,292.5,0,0
5,6,1,5,8,337.5,0,0
5,6,1,6,1,22.5,0,0
5,6,1,6,2,67.5,0,0
5,6,1,6,3,112.5,0,0
5,6,1,6,4,157.5,0,0
5,6,1,6,5,202.5,0,0
5,6,1,6,6,247.5,0,0
5,6,1,6,7,292.5,0,0
5,6,1,6,8,337.5,0,0
5,6,1,7,1,22.5,0,0
5,6,1,7,2,67.5,0,0
5,6,1,7,3,112.5,0,0
5,6,1,7,4,157.5,0,0
5,6,1,7,5,202.5,0,0
5,6,1,7,6,247.5,0,0
5,6,1,7,7,292.5,0,0
5,6,1,7,8,337.5,0,0
5,6,1,8,1,22.5,0,0
5,6,1,8,2,67.5,0,0
5,6,1,8,3,112.5,0,0
5,6,1,8,4,157.5,0,0
5,6,1,8,5,202.5,0,0
5,6,1,8,6,247.5,0,0
5,6,1,8,7,292.5,0,0
5,6,1,8,8,337.5,0,0
5,6,1,9,1,22.5,0,0
5,6,1,9,2,67.5,0,0
5,6,1,9,3,112.5,0,0
5,6,1,9,4,157.5,0,0
5,6,1,9,5,202.5,0,0
5,6,1,9,6,247.5,0,0
5,6,1,9,7,292.5,0,0
5,6,1,9,8,337.5,0,0
5,6,1,10,1,22.5,0,0
5,6,1,10,2,67.5,0,0
5,6,1,10,3,112.5,0,0
5,6,1,10,4,157.5,0,0
5,6,1,10,5,202.5,0,0
5,6,1,10,6,247.5,0,0
5,6,1,10,7,292.5,0,0
5,6,1,10,8,337.5,0,0
5,6,1,11,1,22.5,0,0
5,6,1,11,2,67.5,0,0
5,6,1,11,3,112.5,0,0
5,6,1,11,4,157.5,0,0
5,6,1,11,5,202.5,0,0
5,6,1,11,6,247.5,0,0
5,6,1,11,7,292.5,0,0
5,6,1,11,8,337.5,0,0
5,6,2,1,1,22.5,1659.14,98.3888
5,6,2,1,2,67.5,5249.44,146.567
5,6,2,1,3,112.5,3684.2,112.216
5,6,2,1,4,157.5,6251.46,198.703
5,6,2,1,5,202.5,4470.31,133.715
5,6,2,1,6,247.5,4658.39,136.682
5,6,2,1,7,292.5,5577.9,154.449
5,6,2,1,8,337.5,2022.59,91.6857
5,6,2,2,1,22.5,428.961,32.632
5,6,2,2,2,67.5,2697.76,80.1306
5,6,2,2,3,112.5,3162.68,79.6129
5,6,2,2,4,157.5,1672.2,61.9418
5,6,2,2,5,202.5,1412.1,48.437
5,6,2,2,6,247.5,3120.51,77.8916
5,6,2,2,7,292.5,2563.17,71.4378
5,6,2,2,8,337.5,435.076,31.0543
5,6,2,3,1,22.5,758.77,31.8907
5,6,2,3,2,67.5,2573.92,58.8378
5,6,2,3,3,112.5,1406.52,44.0957
5,6,2,3,4,157.5,190.071,15.6362
5,6,2,3,5,202.5,152.155,14.3418
5,6,2,3,6,247.5,1458.43,43.4311
5,6,2,3,7,292.5,3401.79,67.0709
5,6,2,3,8,337.5,960.582,34.4393
5,6,2,4,1,22.5,843.925,30.3241
5,6,2,4,2,67.5,2353.52,53.705
5,6,2,4,3,112.5,489.726,24.0813
5,6,2,4,4,157.5,0,0
5,6,2,4,5,202.5,0,0
5,6,2,4,6,247.5,567.198,26.4128
5,6,2,4,7,292.5,2315.11,54.098
5,6,2,4,8,337.5,639.253,26.9958
5,6,2,5,1,22.5,839.895,30.9777
5,6,2,5,2,67.5,2395.82,51.886
5,6,2,5,3,112.5,142.496,12.7166
5,6,2,5,4,157.5,0,0
5,6,2,5,5,202.5,0,0
5,6,2,5,6,247.5,200.282,15.0077
5,6,2,5,7,292.5,2111.57,49.6673
5,6,2,5,8,337.5,608.476,26.1412
5,6,2,6,1,22.5,162.419,13.8014
5,6,2,6,2,67.5,341.437,19.1562
5,6,2,6,3,112.5,0,0
5,6,2,6,4,157.5,0,0
5,6,2,6,5,202.5,0,0
5,6,2,6,6,247.5,0,0
5,6,2,6,7,292.5,283.968,17.3902
5,6,2,6,8,337.5,147.51,12.735
5,6,2,7,1,22.5,0,0
5,6,2,7,2,67.5,0,0
5,6,2,7,3,112.5,0,0
5,6,2,7,4,157.5,0,0
5,6,2,7,5,202.5,0,0
5,6,2,7,6,247.5,0,0
5,6,2,7,7,292.5,0,0
5,6,2,7,8,337.5,0,0
5,6,2,8,1,22.5,0,0
5,6,2,8,2,67.5,0,0
5,6,2,8,3,112.5,0,0
5,6,2,8,4,157.5,0,0
5,6,2,8,5,202.5,0,0
5,6,2,8,6,247.5,0,0
5,6,2,8,7,292.5,0,0
5,6,2,8,8,337.5,0,0
5,6,2,9,1,22.5,0,0
5,6,2,9,2,67.5,0,0
5,6,2,9,3,112.5,0,0
5,6,2,9,4,157.5,0,0
5,6,2,9,5,202.5,0,0
5,6,2,9,6,247.5,0,0
5,6,2,9,7,292.5,0,0
5,6,2,9,8,337.5,0,0
5,6,2,10,1,22.5,0,0
5,6,2,10,2,67.5,0,0
5,6,2,10,3,112.5,0,0
5,6,2,10,4,157.5,0,0
5,6,2,10,5,202.5,0,0
5,6,2,10,6,247.5,0,0
5,6,2,10,7,292.5,0,0
5,6,2,10,8,337.5,0,0
5,6,2,11,1,22.5,0,0
5,6,2,11,2,67.5,0,0
5,6,2,11,3,112.5,0,0
5,6,2,11,4,157.5,0,0
5,6,2,11,5,202.5,0,0
5,6,2,11,6,247.5,0,0
5,6,2,11,7,292.5,0,0
5,6,2,11,8,337.5,0,0
5,6,3,1,1,22.5,6723.7,161.57
5,6,3,1,2,67.5,12469.7,176.571
5,6,3,1,3,112.5,16660.3,237.159
5,6,3,1,4,157.5,27044.8,299.424
5,6,3,1,5,202.5,18881.5,264.399
5,6,3,1,6,247.5,12342.7,203.692
5,6,3,1,7,292.5,14599.7,191.052
5,6,3,1,8,337.5,9700.73,159.074
5,6,3,2,1,22.5,4593.44,84.4247
5,6,3,2,2,67.5,10987.4,131.057
5,6,3,2,3,112.5,10279,133.031
5,6,3,2,4,157.5,14090.2,175.545
5,6,3,2,5,202.5,9147.35,135.43
5,6,3,2,6,247.5,9494.99,125.658
5,6,3,2,7,292.5,8082.24,120.814
5,6,3,2,8,337.5,3361.6,72.9983
5,6,3,3,1,22.5,857.283,34.7424
5,6,3,3,2,67.5,6921.92,99.5605
5,6,3,3,3,112.5,6435.61,93.5979
5,6,3,3,4,157.5,4732.77,83.1281
5,6,3,3,5,202.5,3608.07,68.1788
5,6,3,3,6,247.5,6572.65,94.4369
5,6,3,3,7,292.5,10295.7,122.803
5,6,3,3,8,337.5,1194.28,39.4815
5,6,3,4,1,22.5,1494.9,41.2681
5,6,3,4,2,67.5,8458.59,98.2813
5,6,3,4,3,112.5,3591.59,66.0261
5,6,3,4,4,157.5,1311.99,38.8354
5,6,3,4,5,202.5,1030.8,35.0245
5,6,3,4,6,247.5,4723.01,74.7971
5,6,3,4,7,292.5,9970.06,106.109
5,6,3,4,8,337.5,2315.22,50.392
5,6,3,5,1,22.5,3705.46,64.6858
5,6,3,5,2,67.5,13162.4,122.383
5,6,3,5,3,112.5,3182.89,60.0687
5,6,3,5,4,157.5,327.378,19.4861
5,6,3,5,5,202.5,319.125,19.25
5,6,3,5,6,247.5,4652.66,72.3787
5,6,3,5,7,292.5,12171.2,118.089
5,6,3,5,8,337.5,3214.88,60.3441
5,6,3,6,1,22.5,1703.35,43.3046
5,6,3,6,2,67.5,5979.88,80.7889
5,6,3,6,3,112.5,777.319,29.1545
5,6,3,6,4,157.5,0,0
5,6,3,6,5,202.5,0,0
5,6,3,6,6,247.5,1078.82,34.255
5,6,3,6,7,292.5,4726.38,72.34
5,6,3,6,8,337.5,1429.34,39.5721
5,6,3,7,1,22.5,747.507,28.1775
5,6,3,7,2,67.5,1838.83,44.1427
5,6,3,7,3,112.5,108.619,11.0459
5,6,3,7,4,157.5,0,0
5,6,3,7,5,202.5,0,0
5,6,3,7,6,247.5,119.05,11.2038
5,6,3,7,7,292.5,1493.36,39.9173
5,6,3,7,8,337.5,830.149,29.6199
5,6,3,8,1,22.5,308.345,18.0482
5,6,3,8,2,67.5,520.701,23.5695
5,6,3,8,3,112.5,0,0
5,6,3,8,4,157.5,0,0
5,6,3,8,5,202.5,0,0
5,6,3,8,6,247.5,0,0
5,6,3,8,7,292.5,416.04,21.0826
5,6,3,8,8,337.5,388.265,20.2071
5,6,3,9,1,22.5,17.2985,4.4607
5,6,3,9,2,67.5,0,0
5,6,3,9,3,112.5,0,0
5,6,3,9,4,157.5,0,0
5,6,3,9,5,202.5,0,0
5,6,3,9,6,247.5,0,0
5,6,3,9,7,292.5,14.6051,3.90271
5,6,3,9,8,337.5,0,0
5,6,3,10,1,22.5,0,0
5,6,3,10,2,67.5,0,0
5,6,3,10,3,112.5,0,0
5,6,3,10,4,157.5,0,0
5,6,3,10,5,202.5,0,0
5,6,3,10,6,247.5,0,0
5,6,3,10,7,292.5,0,0
5,6,3,10,8,337.5,0,0
5,6,3,11,1,22.5,0,0
5,6,3,11,2,67.5,0,0
5,6,3,11,3,112.5,0,0
5,6,3,11,4,157.5,0,0
5,6,3,11,5,202.5,0,0
5,6,3,11,6,247.5,0,0
5,6,3,11,7,292.5,0,0
5,6,3,11,8,337.5,0,0
5,6,4,1,1,22.5,11038,141.028
5,6,4,1,2,67.5,14647.5,176.856
5,6,4,1,3,112.5,24214.2,220.052
5,6,4,1,4,157.5,33199.2,257.447
5,6,4,1,5,202.5,25272.3,223.723
5,6,4,1,6,247.5,12645.7,135.044
5,6,4,1,7,292.5,10336.7,128.042
5,6,4,1,8,337.5,9122.81,124.89
5,6,4,2,1,22.5,5263.72,81.0532
5,6,4,2,2,67.5,8133.73,101.586
5,6,4,2,3,112.5,11736.3,126.585
5,6,4,2,4,157.5,23204.9,188.222
5,6,4,2,5,202.5,16523.2,151.641
5,6,4,2,6,247.5,7395.2,101.168
5,6,4,2,7,292.5,7214.94,98.0745
5,6,4,2,8,337.5,6481.05,88.7217
5,6,4,3,1,22.5,2959.56,57.4472
5,6,4,3,2,67.5,5297.45,80.3226
5,6,4,3,3,112.5,7398.87,94.7725
5,6,4,3,4,157.5,13092.2,124.504
5,6,4,3,5,202.5,8992.1,106.765
5,6,4,3,6,247.5,5536.37,82.4406
5,6,4,3,7,292.5,7104.43,92.005
5,6,4,3,8,337.5,1991.11,47.2946
5,6,4,4,1,22.5,814.733,30.17
5,6,4,4,2,67.5,5154.14,77.4008
5,6,4,4,3,112.5,4647.46,73.4652
5,6,4,4,4,157.5,6313.01,84.2914
5,6,4,4,5,202.5,4344.16,70.172
5,6,4,4,6,247.5,4630.46,72.2997
5,6,4,4,7,292.5,9756.63,105.125
5,6,4,4,8,337.5,687.88,27.8879
5,6,4,5,1,22.5,1519.79,40.9659
5,6,4,5,2,67.5,13000.5,121.777
5,6,4,5,3,112.5,5085.08,75.5949
5,6,4,5,4,157.5,4112.97,68.0117
5,6,4,5,5,202.5,2822.65,55.7297
5,6,4,5,6,247.5,7897.79,94.2025
5,6,4,5,7,292.5,16814.4,136.175
5,6,4,5,8,337.5,2175.85,48.3965
5,6,4,6,1,22.5,1568.1,40.7015
5,6,4,6,2,67.5,9268.24,99.6307
5,6,4,6,3,112.5,2428.4,51.1063
5,6,4,6,4,157.5,547.333,24.1847
5,6,4,6,5,202.5,390.355,20.7522
5,6,4,6,6,247.5,3988.87,65.7171
5,6,4,6,7,292.5,8363.35,95.1274
5,6,4,6,8,337.5,1495.11,40.0881
5,6,4,7,1,22.5,631.427,25.9109
5,6,4,7,2,67.5,4375.91,68.2259
5,6,4,7,3,112.5,1035.93,32.9483
5,6,4,7,4,157.5,36.256,6.39912
5,6,4,7,5,202.5,32.7201,6.16514
5,6,4,7,6,247.5,1486.72,39.5337
5,6,4,7,7,292.5,3306.79,59.1079
5,6,4,7,8,337.5,612.97,25.4128
5,6,4,8,1,22.5,425.754,21.4012
5,6,4,8,2,67.5,2021.65,46.1148
5,6,4,8,3,112.5,387.314,20.2361
5,6,4,8,4,157.5,0,0
5,6,4,8,5,202.5,0,0
5,6,4,8,6,247.5,548.669,24.0972
5,6,4,8,7,292.5,1366.33,37.8033
5,6,4,8,8,337.5,439.831,21.528
5,6,4,9,1,22.5,91.1094,9.92083
5,6,4,9,2,67.5,217.959,15.26
5,6,4,9,3,112.5,0,0
5,6,4,9,4,157.5,0,0
5,6,4,9,5,202.5,0,0
5,6,4,9,6,247.5,17.8415,4.6094
5,6,4,9,7,292.5,200.096,14.7765
5,6,4,9,8,337.5,120.771,11.3273
5,6,4,10,1,22.5,0,0
5,6,4,10,2,67.5,0,0
5,6,4,10,3,112.5,0,0
5,6,4,10,4,157.5,0,0
5,6,4,10,5,202.5,0,0
5,6,4,10,6,247.5,0,0
5,6,4,10,7,292.5,0,0
5,6,4,10,8,337.5,0,0
5,6,4,11,1,22.5,0,0
5,6,4,11,2,67.5,0,0
5,6,4,11,3,112.5,0,0
5,6,4,11,4,157.5,0,0
5,6,4,11,5,202.5,0,0
5,6,4,11,6,247.5,0,0
5,6,4,11,7,292.5,0,0
5,6,4,11,8,337.5,0,0
5,6,5,1,1,22.5,13221.7,137.891
5,6,5,1,2,67.5,15208.5,139.3
5,6,5,1,3,112.5,21304.8,176.579
5,6,5,1,4,157.5,25423.1,189.072
5,6,5,1,5,202.5,21350.9,175.825
5,6,5,1,6,247.5,11013.8,127.842
5,6,5,1,7,292.5,7357.18,96.0648
5,6,5,1,8,337.5,8904.4,106.98
5,6,5,2,1,22.5,2859.09,58.2666
5,6,5,2,2,67.5,3736.37,65.9615
5,6,5,2,3,112.5,11396.7,120.005
5,6,5,2,4,157.5,19572.1,152.283
5,6,5,2,5,202.5,14418.9,131.972
5,6,5,2,6,247.5,4306.28,70.8004
5,6,5,2,7,292.5,3061.66,59.7426
5,6,5,2,8,337.5,2837.94,58.5345
5,6,5,3,1,22.5,1819.56,44.5484
5,6,5,3,2,67.5,2511.15,53.0564
5,6,5,3,3,112.5,6366.58,84.8846
5,6,5,3,4,157.5,13547.2,123.864
5,6,5,3,5,202.5,9657.48,104.841
5,6,5,3,6,247.5,2684.86,55.5728
5,6,5,3,7,292.5,2478.81,53.2601
5,6,5,3,8,337.5,1935.19,46.4469
5,6,5,4,1,22.5,1088.05,34.0242
5,6,5,4,2,67.5,1691.24,43.6048
5,6,5,4,3,112.5,3735.76,63.5135
5,6,5,4,4,157.5,8440.83,95.7517
5,6,5,4,5,202.5,5998.91,81.0262
5,6,5,4,6,247.5,2045.26,47.5494
5,6,5,4,7,292.5,3925.43,65.5755
5,6,5,4,8,337.5,933.402,31.6157
5,6,5,5,1,22.5,838.12,30.3595
5,6,5,5,2,67.5,4494.16,69.7467
5,6,5,5,3,112.5,3961.4,65.4331
5,6,5,5,4,157.5,7938.56,94.7142
5,6,5,5,5,202.5,5533.6,77.4374
5,6,5,5,6,247.5,4011.82,67.0818
5,6,5,5,7,292.5,10381.3,104.928
5,6,5,5,8,337.5,935.21,31.9186
5,6,5,6,1,22.5,525.173,23.4794
5,6,5,6,2,67.5,5006.78,72.5497
5,6,5,6,3,112.5,1703.28,42.5433
5,6,5,6,4,157.5,2236.22,50.1106
5,6,5,6,5,202.5,1561.3,40.9078
5,6,5,6,6,247.5,2915.06,55.6171
5,6,5,6,7,292.5,6528.38,83.7234
5,6,5,6,8,337.5,477.1,22.5151
5,6,5,7,1,22.5,231.133,15.7983
5,6,5,7,2,67.5,2624.05,52.5243
5,6,5,7,3,112.5,814.844,29.5632
5,6,5,7,4,157.5,564.059,24.5096
5,6,5,7,5,202.5,348.742,19.2295
5,6,5,7,6,247.5,1510.93,39.992
5,6,5,7,7,292.5,2544.2,51.4166
5,6,5,7,8,337.5,187.536,14.1984
5,6,5,8,1,22.5,73.0992,8.96815
5,6,5,8,2,67.5,1092.18,33.7749
5,6,5,8,3,112.5,349.127,19.2863
5,6,5,8,4,157.5,89.4063,9.82367
5,6,5,8,5,202.5,55.2974,7.98604
5,6,5,8,6,247.5,658.525,26.2383
5,6,5,8,7,292.5,858.352,30.1573
5,6,5,8,8,337.5,62.2235,8.75542
5,6,5,9,1,22.5,0,0
5,6,5,9,2,67.5,72.0314,8.87027
5,6,5,9,3,112.5,42.6091,6.90876
5,6,5,9,4,157.5,0,0
5,6,5,9,5,202.5,0,0
5,6,5,9,6,247.5,37.7128,6.2953
5,6,5,9,7,292.5,27.2339,5.47976
5,6,5,9,8,337.5,0,0
5,6,5,10,1,22.5,0,0
5,6,5,10,2,67.5,0,0
5,6,5,10,3,112.5,0,0
5,6,5,10,4,157.5,0,0
5,6,5,10,5,202.5,0,0
5,6,5,10,6,247.5,0,0
5,6,5,10,7,292.5,0,0
5,6,5,10,8,337.5,0,0
5,6,5,11,1,22.5,0,0
5,6,5,11,2,67.5,0,0
5,6,5,11,3,112.5,0,0
5,6,5,11,4,157.5,0,0
5,6,5,11,5,202.5,0,0
5,6,5,11,6,247.5,0,0
5,6,5,11,7,292.5,0,0
5,6,5,11,8,337.5,0,0
5,6,6,1,1,22.5,9004.67,102.545
5,6,6,1,2,67.5,9641.75,106.804
5,6,6,1,3,112.5,11899.5,118.601
5,6,6,1,4,157.5,12937.1,124.371
5,6,6,1,5,202.5,11011.1,114.453
5,6,6,1,6,247.5,6877.55,88.63
5,6,6,1,7,292.5,4606.98,72.4201
5,6,6,1,8,337.5,6179.31,83.699
5,6,6,2,1,22.5,2606.51,53.5648
5,6,6,2,2,67.5,2634.28,54.0445
5,6,6,2,3,112.5,6588.16,85.4609
5,6,6,2,4,157.5,9458.86,104.681
5,6,6,2,5,202.5,7748.51,93.8289
5,6,6,2,6,247.5,2281.95,50.1288
5,6,6,2,7,292.5,774.586,30.0444
5,6,6,2,8,337.5,1117.41,35.8071
5,6,6,3,1,22.5,575.118,25.3924
5,6,6,3,2,67.5,678.873,27.6697
5,6,6,3,3,112.5,3655.66,62.5264
5,6,6,3,4,157.5,6862.31,87.3103
5,6,6,3,5,202.5,5136.85,75.4233
5,6,6,3,6,247.5,917.334,32.2821
5,6,6,3,7,292.5,488.517,23.3117
5,6,6,3,8,337.5,466.543,22.6736
5,6,6,4,1,22.5,242.028,16.1867
5,6,6,4,2,67.5,256.704,16.7272
5,6,6,4,3,112.5,1838.66,44.0861
5,6,6,4,4,157.5,4577.61,70.0981
5,6,6,4,5,202.5,3347.94,59.5628
5,6,6,4,6,247.5,541.808,24.5095
5,6,6,4,7,292.5,656.34,26.5771
5,6,6,4,8,337.5,283.787,17.3227
5,6,6,5,1,22.5,178.163,13.8019
5,6,6,5,2,67.5,383.513,20.5441
5,6,6,5,3,112.5,1617.47,41.2738
5,6,6,5,4,157.5,4477.85,70.042
5,6,6,5,5,202.5,3367.17,59.4894
5,6,6,5,6,247.5,752.965,28.4751
5,6,6,5,7,292.5,1900.84,44.5135
5,6,6,5,8,337.5,232.4,15.8198
5,6,6,6,1,22.5,68.6797,8.75374
5,6,6,6,2,67.5,562.028,24.6347
5,6,6,6,3,112.5,365.479,19.7775
5,6,6,6,4,157.5,1482.04,39.2842
5,6,6,6,5,202.5,986.145,32.8915
5,6,6,6,6,247.5,405.859,20.9829
5,6,6,6,7,292.5,1242.13,35.9541
5,6,6,6,8,337.5,74.1547,9.16565
5,6,6,7,1,22.5,0,0
5,6,6,7,2,67.5,217.723,15.1755
5,6,6,7,3,112.5,98.7151,10.3086
5,6,6,7,4,157.5,369.093,19.9376
5,6,6,7,5,202.5,172.077,13.7578
5,6,6,7,6,247.5,174.697,13.8468
5,6,6,7,7,292.5,382.229,20.1265
5,6,6,7,8,337.5,0,0
5,6,6,8,1,22.5,0,0
5,6,6,8,2,67.5,25.5517,5.16297
5,6,6,8,3,112.5,17.0201,4.65859
5,6,6,8,4,157.5,40.2853,6.71528
5,6,6,8,5,202.5,16.0394,4.33753
5,6,6,8,6,247.5,47.8778,7.36925
5,6,6,8,7,292.5,74.606,9.02223
5,6,6,8,8,337.5,0,0
5,6,6,9,1,22.5,0,0
5,6,6,9,2,67.5,0,0
5,6,6,9,3,112.5,0,0
5,6,6,9,4,157.5,0,0
5,6,6,9,5,202.5,0,0
5,6,6,9,6,247.5,0,0
5,6,6,9,7,292.5,0,0
5,6,6,9,8,337.5,0,0
5,6,6,10,1,22.5,0,0
5,6,6,10,2,67.5,0,0
5,6,6,10,3,112.5,0,0
5,6,6,10,4,157.5,0,0
5,6,6,10,5,202.5,0,0
5,6,6,10,6,247.5,0,0
5,6,6,10,7,292.5,0,0
5,6,6,10,8,337.5,0,0
5,6,6,11,1,22.5,0,0
5,6,6,11,2,67.5,0,0
5,6,6,11,3,112.5,0,0
5,6,6,11,4,157.5,0,0
5,6,6,11,5,202.5,0,0
5,6,6,11,6,247.5,0,0
5,6,6,11,7,292.5,0,0
5,6,6,11,8,337.5,0,0
5,6,7,1,1,22.5,1375.04,38.1874
5,6,7,1,2,67.5,1497.16,40.5613
5,6,7,1,3,112.5,1726.92,43.2405
5,6,7,1,4,157.5,1776.99,43.6996
5,6,7,1,5,202.5,1492.53,40.5896
5,6,7,1,6,247.5,1046.96,34.1518
5,6,7,1,7,292.5,748.781,28.8487
5,6,7,1,8,337.5,926.149,31.7368
5,6,7,2,1,22.5,309.105,18.0661
5,6,7,2,2,67.5,334.007,18.8003
5,6,7,2,3,112.5,711.997,27.4618
5,6,7,2,4,157.5,1008.7,32.6634
5,6,7,2,5,202.5,767.823,28.6644
5,6,7,2,6,247.5,233.526,15.8684
5,6,7,2,7,292.5,39.6103,6.63382
5,6,7,2,8,337.5,94.576,10.0176
5,6,7,3,1,22.5,20.5117,5.49276
5,6,7,3,2,67.5,57.9025,8.10761
5,6,7,3,3,112.5,219.717,15.5121
5,6,7,3,4,157.5,458.142,22.0006
5,6,7,3,5,202.5,354.962,19.6528
5,6,7,3,6,247.5,49.2022,7.29632
5,6,7,3,7,292.5,0,0
5,6,7,3,8,337.5,0,0
5,6,7,4,1,22.5,0,0
5,6,7,4,2,67.5,0,0
5,6,7,4,3,112.5,84.9435,9.75822
5,6,7,4,4,157.5,163.834,13.129
5,6,7,4,5,202.5,118.006,11.3008
5,6,7,4,6,247.5,0,0
5,6,7,4,7,292.5,0,0
5,6,7,4,8,337.5,0,0
5,6,7,5,1,22.5,0,0
5,6,7,5,2,67.5,0,0
5,6,7,5,3,112.5,28.1403,5.65052
5,6,7,5,4,157.5,100.742,10.918
5,6,7,5,5,202.5,63.1817,8.38628
5,6,7,5,6,247.5,0,0
5,6,7,5,7,292.5,15.319,4.16398
5,6,7,5,8,337.5,0,0
5,6,7,6,1,22.5,0,0
5,6,7,6,2,67.5,0,0
5,6,7,6,3,112.5,0,0
5,6,7,6,4,157.5,0,0
5,6,7,6,5,202.5,0,0
5,6,7,6,6,247.5,0,0
5,6,7,6,7,292.5,0,0
5,6,7,6,8,337.5,0,0
5,6,7,7,1,22.5,0,0
5,6,7,7,2,67.5,0,0
5,6,7,7,3,112.5,0,0
5,6,7,7,4,157.5,0,0
5,6,7,7,5,202.5,0,0
5,6,7,7,6,247.5,0,0
5,6,7,7,7,292.5,0,0
5,6,7,7,8,337.5,0,0
5,6,7,8,1,22.5,0,0
5,6,7,8,2,67.5,0,0
5,6,7,8,3,112.5,0,0
5,6,7,8,4,157.5,0,0
5,6,7,8,5,202.5,0,0
5,6,7,8,6,247.5,0,0
5,6,7,8,7,292.5,0,0
5,6,7,8,8,337.5,0,0
5,6,7,9,1,22.5,0,0
5,6,7,9,2,67.5,0,0
5,6,7,9,3,112.5,0,0
5,6,7,9,4,157.5,0,0
5,6,7,9,5,202.5,0,0
5,6,7,9,6,247.5,0,0
5,6,7,9,7,292.5,0,0
5,6,7,9,8,337.5,0,0
5,6,7,10,1,22.5,0,0
5,6,7,10,2,67.5,0,0
5,6,7,10,3,112.5,0,0
5,6,7,10,4,157.5,0,0
5,6,7,10,5,202.5,0,0
5,6,7,10,6,247.5,0,0
5,6,7,10,7,292.5,0,0
5,6,7,10,8,337.5,0,0
5,6,7,11,1,22.5,0,0
5,6,7,11,2,67.5,0,0
5,6,7,11,3,112.5,0,0
5,6,7,11,4,157.5,0,0
5,6,7,11,5,202.5,0,0
5,6,7,11,6,247.5,0,0
5,6,7,11,7,292.5,0,0
5,6,7,11,8,337.5,0,0
5,6,8,1,1,22.5,0,0
5,6,8,1,2,67.5,0,0
5,6,8,1,3,112.5,0,0
5,6,8,1,4,157.5,0,0
5,6,8,1,5,202.5,0,0
5,6,8,1,6,247.5,0,0
5,6,8,1,7,292.5,0,0
5,6,8,1,8,337.5,0,0
5,6,8,2,1,22.5,0,0
5,6,8,2,2,67.5,0,0
5,6,8,2,3,112.5,0,0
5,6,8,2,4,157.5,0,0
5,6,8,2,5,202.5,0,0
5,6,8,2,6,247.5,0,0
5,6,8,2,7,292.5,0,0
5,6,8,2,8,337.5,0,0
5,6,8,3,1,22.5,0,0
5,6,8,3,2,67.5,0,0
5,6,8,3,3,112.5,0,0
5,6,8,3,4,157.5,0,0
5,6,8,3,5,202.5,0,0
5,6,8,3,6,247.5,0,0
5,6,8,3,7,292.5,0,0
5,6,8,3,8,337.5,0,0
5,6,8,4,1,22.5,0,0
5,6,8,4,2,67.5,0,0
5,6,8,4,3,112.5,0,0
5,6,8,4,4,157.5,0,0
5,6,8,4,5,202.5,0,0
5,6,8,4,6,247.5,0,0
5,6,8,4,7,292.5,0,0
5,6,8,4,8,337.5,0,0
5,6,8,5,1,22.5,0,0
5,6,8,5,2,67.5,0,0
5,6,8,5,3,112.5,0,0
5,6,8,5,4,157.5,0,0
5,6,8,5,5,202.5,0,0
5,6,8,5,6,247.5,0,0
5,6,8,5,7,292.5,0,0
5,6,8,5,8,337.5,0,0
5,6,8,6,1,22.5,0,0
5,6,8,6,2,67.5,0,0
5,6,8,6,3,112.5,0,0
5,6,8,6,4,157.5,0,0
5,6,8,6,5,202.5,0,0
5,6,8,6,6,247.5,0,0
5,6,8,6,7,292.5,0,0
5,6,8,6,8,337.5,0,0
5,6,8,7,1,22.5,0,0
5,6,8,7,2,67.5,0,0
5,6,8,7,3,112.5,0,0
5,6,8,7,4,157.5,0,0
5,6,8,7,5,202.5,0,0
5,6,8,7,6,247.5,0,0
5,6,8,7,7,292.5,0,0
5,6,8,7,8,337.5,0,0
5,6,8,8,1,22.5,0,0
5,6,8,8,2,67.5,0,0
5,6,8,8,3,112.5,0,0
5,6,8,8,4,157.5,0,0
5,6,8,8,5,202.5,0,0
5,6,8,8,6,247.5,0,0
5,6,8,8,7,292.5,0,0
5,6,8,8,8,337.5,0,0
5,6,8,9,1,22.5,0,0
5,6,8,9,2,67.5,0,0
5,6,8,9,3,112.5,0,0
5,6,8,9,4,157.5,0,0
5,6,8,9,5,202.5,0,0
5,6,8,9,6,247.5,0,0
5,6,8,9,7,292.5,0,0
5,6,8,9,8,337.5,0,0
5,6,8,10,1,22.5,0,0
5,6,8,10,2,67.5,0,0
5,6,8,10,3,112.5,0,0
5,6,8,10,4,157.5,0,0
5,6,8,10,5,202.5,0,0
5,6,8,10,6,247.5,0,0
5,6,8,10,7,292.5,0,0
5,6,8,10,8,337.5,0,0
5,6,8,11,1,22.5,0,0
5,6,8,11,2,67.5,0,0
5,6,8,11,3,112.5,0,0
5,6,8,11,4,157.5,0,0
5,6,8,11,5,202.5,0,0
5,6,8,11,6,247.5,0,0
5,6,8,11,7,292.5,0,0
5,6,8,11,8,337.5,0,0
6,7,1,1,1,22.5,0,0
6,7,1,1,2,67.5,0,0
6,7,1,1,3,112.5,0,0
6,7,1,1,4,157.5,0,0
6,7,1,1,5,202.5,0,0
6,7,1,1,6,247.5,0,0
6,7,1,1,7,292.5,0,0
6,7,1,1,8,337.5,0,0
6,7,1,2,1,22.5,0,0
6,7,1,2,2,67.5,0,0
6,7,1,2,3,112.5,0,0
6,7,1,2,4,157.5,0,0
6,7,1,2,5,202.5,0,0
6,7,1,2,6,247.5,0,0
6,7,1,2,7,292.5,0,0
6,7,1,2,8,337.5,0,0
6,7,1,3,1,22.5,0,0
6,7,1,3,2,67.5,0,0
6,7,1,3,3,112.5,0,0
6,7,1,3,4,157.5,0,0
6,7,1,3,5,202.5,0,0
6,7,1,3,6,247.5,0,0
6,7,1,3,7,292.5,0,0
6,7,1,3,8,337.5,0,0
6,7,1,4,1,22.5,0,0
6,7,1,4,2,67.5,0,0
6,7,1,4,3,112.5,0,0
6,7,1,4,4,157.5,0,0
6,7,1,4,5,202.5,0,0
6,7,1,4,6,247.5,0,0
6,7,1,4,7,292.5,0,0
6,7,1,4,8,337.5,0,0
6,7,1,5,1,22.5,0,0
6,7,1,5,2,67.5,0,0
6,7,1,5,3,112.5,0,0
6,7,1,5,4,157.5,0,0
6,7,1,5,5,202.5,0,0
6,7,1,5,6,247.5,0,0
6,7,1,5,7,292.5,0,0
6,7,1,5,8,337.5,0,0
6,7,1,6,1,22.5,0,0
6,7,1,6,2,67.5,0,0
6,7,1,6,3,112.5,0,0
6,7,1,6,4,157.5,0,0
6,7,1,6,5,202.5,0,0
6,7,1,6,6,247.5,0,0
6,7,1,6,7,292.5,0,0
6,7,1,6,8,337.5,0,0
6,7,1,7,1,22.5,0,0
6,7,1,7,2,67.5,0,0
6,7,1,7,3,112.5,0,0
6,7,1,7,4,157.5,0,0
6,7,1,7,5,202.5,0,0
6,7,1,7,6,247.5,0,0
6,7,1,7,7,292.5,0,0
6,7,1,7,8,337.5,0,0
6,7,1,8,1,22.5,0,0
6,7,1,8,2,67.5,0,0
6,7,1,8,3,112.5,0,0
6,7,1,8,4,157.5,0,0
6,7,1,8,5,202.5,0,0
6,7,1,8,6,247.5,0,0
6,7,1,8,7,292.5,0,0
6,7,1,8,8,337.5,0,0
6,7,1,9,1,22.5,0,0
6,7,1,9,2,67.5,0,0
6,7,1,9,3,112.5,0,0
6,7,1,9,4,157.5,0,0
6,7,1,9,5,202.5,0,0
6,7,1,9,6,247.5,0,0
6,7,1,9,7,292.5,0,0
6,7,1,9,8,337.5,0,0
6,7,1,10,1,22.5,0,0
6,7,1,10,2,67.5,0,0
6,7,1,10,3,112.5,0,0
6,7,1,10,4,157.5,0,0
6,7,1,10,5,202.5,0,0
6,7,1,10,6,247.5,0,0
6,7,1,10,7,292.5,0,0
6,7,1,10,8,337.5,0,0
6,7,1,11,1,22.5,0,0
6,7,1,11,2,67.5,0,0
6,7,1,11,3,112.5,0,0
6,7,1,11,4,157.5,0,0
6,7,1,11,5,202.5,0,0
6,7,1,11,6,247.5,0,0
6,7,1,11,7,292.5,0,0
6,7,1,11,8,337.5,0,0
6,7,2,1,1,22.5,124.821,15.1189
6,7,2,1,2,67.5,492.533,59.6966
6,7,2,1,3,112.5,225.931,25.4321
6,7,2,1,4,157.5,272.261,24.9259
6,7,2,1,5,202.5,201.852,25.0826
6,7,2,1,6,247.5,277.909,29.0302
6,7,2,1,7,292.5,366.967,34.8418
6,7,2,1,8,337.5,221.481,19.2009
6,7,2,2,1,22.5,14.2105,4.52742
6,7,2,2,2,67.5,243.031,18.8037
6,7,2,2,3,112.5,117.841,12.2077
6,7,2,2,4,157.5,0,0
6,7,2,2,5,202.5,0,0
6,7,2,2,6,247.5,87.4167,10.3523
6,7,2,2,7,292.5,234.708,19.9679
6,7,2,2,8,337.5,0,0
6,7,2,3,1,22.5,10.3258,3.45035
6,7,2,3,2,67.5,95.9387,10.6464
6,7,2,3,3,112.5,15.4922,4.54042
6,7,2,3,4,157.5,0,0
6,7,2,3,5,202.5,0,0
6,7,2,3,6,247.5,15.1943,4.49863
6,7,2,3,7,292.5,197.928,15.2176
6,7,2,3,8,337.5,40.4513,6.99524
6,7,2,4,1,22.5,61.7706,8.44234
6,7,2,4,2,67.5,119.572,11.5226
6,7,2,4,3,112.5,0,0
6,7,2,4,4,157.5,0,0
6,7,2,4,5,202.5,0,0
6,7,2,4,6,247.5,0,0
6,7,2,4,7,292.5,122.108,11.8681
6,7,2,4,8,337.5,21.3707,5.2851
6,7,2,5,1,22.5,41.255,7.22223
6,7,2,5,2,67.5,48.1497,7.22108
6,7,2,5,3,112.5,0,0
6,7,2,5,4,157.5,0,0
6,7,2,5,5,202.5,0,0
6,7,2,5,6,247.5,0,0
6,7,2,5,7,292.5,46.8926,7.20294
6,7,2,5,8,337.5,20.5426,4.81233
6,7,2,6,1,22.5,0,0
6,7,2,6,2,67.5,0,0
6,7,2,6,3,112.5,0,0
6,7,2,6,4,157.5,0,0
6,7,2,6,5,202.5,0,0
6,7,2,6,6,247.5,0,0
6,7,2,6,7,292.5,0,0
6,7,2,6,8,337.5,0,0
6,7,2,7,1,22.5,0,0
6,7,2,7,2,67.5,0,0
6,7,2,7,3,112.5,0,0
6,7,2,7,4,157.5,0,0
6,7,2,7,5,202.5,0,0
6,7,2,7,6,247.5,0,0
6,7,2,7,7,292.5,0,0
6,7,2,7,8,337.5,0,0
6,7,2,8,1,22.5,0,0
6,7,2,8,2,67.5,0,0
6,7,2,8,3,112.5,0,0
6,7,2,8,4,157.5,0,0
6,7,2,8,5,202.5,0,0
6,7,2,8,6,247.5,0,0
6,7,2,8,7,292.5,0,0
6,7,2,8,8,337.5,0,0
6,7,2,9,1,22.5,0,0
6,7,2,9,2,67.5,0,0
6,7,2,9,3,112.5,0,0
6,7,2,9,4,157.5,0,0
6,7,2,9,5,202.5,0,0
6,7,2,9,6,247.5,0,0
6,7,2,9,7,292.5,0,0
6,7,2,9,8,337.5,0,0
6,7,2,10,1,22.5,0,0
6,7,2,10,2,67.5,0,0
6,7,2,10,3,112.5,0,0
6,7,2,10,4,157.5,0,0
6,7,2,10,5,202.5,0,0
6,7,2,10,6,247.5,0,0
6,7,2,10,7,292.5,0,0
6,7,2,10,8,337.5,0,0
6,7,2,11,1,22.5,0,0
6,7,2,11,2,67.5,0,0
6,7,2,11,3,112.5,0,0
6,7,2,11,4,157.5,0,0
6,7,2,11,5,202.5,0,0
6,7,2,11,6,247.5,0,0
6,7,2,11,7,292.5,0,0
6,7,2,11,8,337.5,0,0
6,7,3,1,1,22.5,2790.12,81.4838
6,7,3,1,2,67.5,4458.05,105.303
6,7,3,1,3,112.5,5387.57,103.314
6,7,3,1,4,157.5,5997.12,137.221
6,7,3,1,5,202.5,4502.16,125.131
6,7,3,1,6,247.5,4251.42,117.79
6,7,3,1,7,292.5,5022.15,118.069
6,7,3,1,8,337.5,3849.71,88.1947
6,7,3,2,1,22.5,2050.23,54.6552
6,7,3,2,2,67.5,3801.41,77.154
6,7,3,2,3,112.5,2083.41,55.0508
6,7,3,2,4,157.5,577.268,28.4517
6,7,3,2,5,202.5,488.389,27.2761
6,7,3,2,6,247.5,2352.7,60.3486
6,7,3,2,7,292.5,2819.36,70.2416
6,7,3,2,8,337.5,1800.79,50.4611
6,7,3,3,1,22.5,468.276,25.3004
6,7,3,3,2,67.5,1895.12,49.3743
6,7,3,3,3,112.5,951.985,33.5002
6,7,3,3,4,157.5,0,0
6,7,3,3,5,202.5,0,0
6,7,3,3,6,247.5,803.137,32.7286
6,7,3,3,7,292.5,2891.89,58.4984
6,7,3,3,8,337.5,405.559,23.7555
6,7,3,4,1,22.5,414.247,21.4191
6,7,3,4,2,67.5,2018.76,47.0928
6,7,3,4,3,112.5,252.571,16.5718
6,7,3,4,4,157.5,0,0
6,7,3,4,5,202.5,0,0
6,7,3,4,6,247.5,288.086,18.1484
6,7,3,4,7,292.5,2370.44,51.1022
6,7,3,4,8,337.5,683.819,27.1377
6,7,3,5,1,22.5,1002.45,33.3785
6,7,3,5,2,67.5,2415.02,51.5289
6,7,3,5,3,112.5,47.4043,7.31999
6,7,3,5,4,157.5,0,0
6,7,3,5,5,202.5,0,0
6,7,3,5,6,247.5,90.1557,9.89642
6,7,3,5,7,292.5,2231.76,50.0183
6,7,3,5,8,337.5,958.548,31.9271
6,7,3,6,1,22.5,247.27,16.3179
6,7,3,6,2,67.5,564.023,24.5513
6,7,3,6,3,112.5,0,0
6,7,3,6,4,157.5,0,0
6,7,3,6,5,202.5,0,0
6,7,3,6,6,247.5,0,0
6,7,3,6,7,292.5,496.253,22.9799
6,7,3,6,8,337.5,240.152,16.1828
6,7,3,7,1,22.5,14.8824,4.04008
6,7,3,7,2,67.5,53.5254,7.74278
6,7,3,7,3,112.5,0,0
6,7,3,7,4,157.5,0,0
6,7,3,7,5,202.5,0,0
6,7,3,7,6,247.5,0,0
6,7,3,7,7,292.5,18.4907,4.60802
6,7,3,7,8,337.5,0,0
6,7,3,8,1,22.5,0,0
6,7,3,8,2,67.5,0,0
6,7,3,8,3,112.5,0,0
6,7,3,8,4,157.5,0,0
6,7,3,8,5,202.5,0,0
6,7,3,8,6,247.5,0,0
6,7,3,8,7,292.5,0,0
6,7,3,8,8,337.5,0,0
6,7,3,9,1,22.5,0,0
6,7,3,9,2,67.5,0,0
6,7,3,9,3,112.5,0,0
6,7,3,9,4,157.5,0,0
6,7,3,9,5,202.5,0,0
6,7,3,9,6,247.5,0,0
6,7,3,9,7,292.5,0,0
6,7,3,9,8,337.5,0,0
6,7,3,10,1,22.5,0,0
6,7,3,10,2,67.5,0,0
6,7,3,10,3,112.5,0,0
6,7,3,10,4,157.5,0,0
6,7,3,10,5,202.5,0,0
6,7,3,10,6,247.5,0,0
6,7,3,10,7,292.5,0,0
6,7,3,10,8,337.5,0,0
6,7,3,11,1,22.5,0,0
6,7,3,11,2,67.5,0,0
6,7,3,11,3,112.5,0,0
6,7,3,11,4,157.5,0,0
6,7,3,11,5,202.5,0,0
6,7,3,11,6,247.5,0,0
6,7,3,11,7,292.5,0,0
6,7,3,11,8,337.5,0,0
6,7,4,1,1,22.5,6051.72,99.1707
6,7,4,1,2,67.5,6838.27,102.342
6,7,4,1,3,112.5,9801.24,140.123
6,7,4,1,4,157.5,10368.3,147.969
6,7,4,1,5,202.5,8320.65,136.636
6,7,4,1,6,247.5,5491.83,109.032
6,7,4,1,7,292.5,4946.42,103.161
6,7,4,1,8,337.5,4758.46,91.5324
6,7,4,2,1,22.5,2367.06,58.2566
6,7,4,2,2,67.5,3979.47,71.9326
6,7,4,2,3,112.5,3676.42,66.823
6,7,4,2,4,157.5,3273.52,63.3468
6,7,4,2,5,202.5,2493.88,56.7816
6,7,4,2,6,247.5,2985.04,63.6208
6,7,4,2,7,292.5,3378.41,69.6567
6,7,4,2,8,337.5,3270.82,66.1158
6,7,4,3,1,22.5,1674.77,44.2253
6,7,4,3,2,67.5,2276.67,52.6884
6,7,4,3,3,112.5,1731.5,46.2955
6,7,4,3,4,157.5,623.561,26.4664
6,7,4,3,5,202.5,518.81,24.181
6,7,4,3,6,247.5,1661.6,45.112
6,7,4,3,7,292.5,2509.74,54.8155
6,7,4,3,8,337.5,1259.39,38.0573
6,7,4,4,1,22.5,545.215,24.4119
6,7,4,4,2,67.5,1866.8,45.6607
6,7,4,4,3,112.5,821.593,29.8659
6,7,4,4,4,157.5,70.3302,8.73897
6,7,4,4,5,202.5,66.3947,8.58836
6,7,4,4,6,247.5,903.584,31.8567
6,7,4,4,7,292.5,3274.34,59.9804
6,7,4,4,8,337.5,382.432,20.696
6,7,4,5,1,22.5,472.805,22.8207
6,7,4,5,2,67.5,3540.52,62.0008
6,7,4,5,3,112.5,620.475,25.9117
6,7,4,5,4,157.5,0,0
6,7,4,5,5,202.5,0,0
6,7,4,5,6,247.5,810.652,29.818
6,7,4,5,7,292.5,4683.08,71.0667
6,7,4,5,8,337.5,660.33,26.4655
6,7,4,6,1,22.5,298.782,17.804
6,7,4,6,2,67.5,1392.15,38.3644
6,7,4,6,3,112.5,98.8372,10.8151
6,7,4,6,4,157.5,0,0
6,7,4,6,5,202.5,0,0
6,7,4,6,6,247.5,124.714,11.5819
6,7,4,6,7,292.5,1214.13,35.6206
6,7,4,6,8,337.5,279.029,17.3899
6,7,4,7,1,22.5,16.826,4.78639
6,7,4,7,2,67.5,164.547,13.3573
6,7,4,7,3,112.5,0,0
6,7,4,7,4,157.5,0,0
6,7,4,7,5,202.5,0,0
6,7,4,7,6,247.5,0,0
6,7,4,7,7,292.5,127.125,11.7318
6,7,4,7,8,337.5,39.0592,6.78911
6,7,4,8,1,22.5,0,0
6,7,4,8,2,67.5,0,0
6,7,4,8,3,112.5,0,0
6,7,4,8,4,157.5,0,0
6,7,4,8,5,202.5,0,0
6,7,4,8,6,247.5,0,0
6,7,4,8,7,292.5,0,0
6,7,4,8,8,337.5,0,0
6,7,4,9,1,22.5,0,0
6,7,4,9,2,67.5,0,0
6,7,4,9,3,112.5,0,0
6,7,4,9,4,157.5,0,0
6,7,4,9,5,202.5,0,0
6,7,4,9,6,247.5,0,0
6,7,4,9,7,292.5,0,0
6,7,4,9,8,337.5,0,0
6,7,4,10,1,22.5,0,0
6,7,4,10,2,67.5,0,0
6,7,4,10,3,112.5,0,0
6,7,4,10,4,157.5,0,0
6,7,4,10,5,202.5,0,0
6,7,4,10,6,247.5,0,0
6,7,4,10,7,292.5,0,0
6,7,4,10,8,337.5,0,0
6,7,4,11,1,22.5,0,0
6,7,4,11,2,67.5,0,0
6,7,4,11,3,112.5,0,0
6,7,4,11,4,157.5,0,0
6,7,4,11,5,202.5,0,0
6,7,4,11,6,247.5,0,0
6,7,4,11,7,292.5,0,0
6,7,4,11,8,337.5,0,0
6,7,5,1,1,22.5,6485.18,102.323
6,7,5,1,2,67.5,6742.79,104.109
6,7,5,1,3,112.5,8358.02,116.897
6,7,5,1,4,157.5,8523.45,120.511
6,7,5,1,5,202.5,7738.42,113.899
6,7,5,1,6,247.5,5016.57,83.5352
6,7,5,1,7,292.5,3563.21,73.544
6,7,5,1,8,337.5,4488.47,87.2105
6,7,5,2,1,22.5,1559.05,43.1861
6,7,5,2,2,67.5,1852.48,47.9146
6,7,5,2,3,112.5,3852.65,68.3995
6,7,5,2,4,157.5,4402.98,73.4494
6,7,5,2,5,202.5,3387,67.7359
6,7,5,2,6,247.5,1795.94,48.1321
6,7,5,2,7,292.5,1780.07,45.3569
6,7,5,2,8,337.5,1600.19,43.7593
6,7,5,3,1,22.5,799.161,29.3772
6,7,5,3,2,67.5,1102.28,34.9729
6,7,5,3,3,112.5,1826.11,44.8448
6,7,5,3,4,157.5,1671.35,43.4115
6,7,5,3,5,202.5,1227.41,36.6079
6,7,5,3,6,247.5,924.459,32.3548
6,7,5,3,7,292.5,971.699,32.9968
6,7,5,3,8,337.5,1015.37,33.3124
6,7,5,4,1,22.5,465.591,22.4313
6,7,5,4,2,67.5,563.707,24.7644
6,7,5,4,3,112.5,775.237,28.9908
6,7,5,4,4,157.5,486.459,22.759
6,7,5,4,5,202.5,388.043,20.8193
6,7,5,4,6,247.5,532.956,24.1139
6,7,5,4,7,292.5,982.796,32.8663
6,7,5,4,8,337.5,417.593,21.2542
6,7,5,5,1,22.5,235.43,15.9745
6,7,5,5,2,67.5,739.288,28.1267
6,7,5,5,3,112.5,468.988,22.5635
6,7,5,5,4,157.5,119.703,11.2843
6,7,5,5,5,202.5,87.6471,9.83101
6,7,5,5,6,247.5,537.278,24.0003
6,7,5,5,7,292.5,1540.87,40.2896
6,7,5,5,8,337.5,180.782,14.0734
6,7,5,6,1,22.5,0,0
6,7,5,6,2,67.5,250.158,16.2756
6,7,5,6,3,112.5,50.628,7.9417
6,7,5,6,4,157.5,0,0
6,7,5,6,5,202.5,0,0
6,7,5,6,6,247.5,96.1965,10.266
6,7,5,6,7,292.5,331.727,18.9531
6,7,5,6,8,337.5,31.988,6.23333
6,7,5,7,1,22.5,0,0
6,7,5,7,2,67.5,0,0
6,7,5,7,3,112.5,0,0
6,7,5,7,4,157.5,0,0
6,7,5,7,5,202.5,0,0
6,7,5,7,6,247.5,0,0
6,7,5,7,7,292.5,0,0
6,7,5,7,8,337.5,0,0
6,7,5,8,1,22.5,0,0
6,7,5,8,2,67.5,0,0
6,7,5,8,3,112.5,0,0
6,7,5,8,4,157.5,0,0
6,7,5,8,5,202.5,0,0
6,7,5,8,6,247.5,0,0
6,7,5,8,7,292.5,0,0
6,7,5,8,8,337.5,0,0
6,7,5,9,1,22.5,0,0
6,7,5,9,2,67.5,0,0
6,7,5,9,3,112.5,0,0
6,7,5,9,4,157.5,0,0
6,7,5,9,5,202.5,0,0
6,7,5,9,6,247.5,0,0
6,7,5,9,7,292.5,0,0
6,7,5,9,8,337.5,0,0
6,7,5,10,1,22.5,0,0
6,7,5,10,2,67.5,0,0
6,7,5,10,3,112.5,0,0
6,7,5,10,4,157.5,0,0
6,7,5,10,5,202.5,0,0
6,7,5,10,6,247.5,0,0
6,7,5,10,7,292.5,0,0
6,7,5,10,8,337.5,0,0
6,7,5,11,1,22.5,0,0
6,7,5,11,2,67.5,0,0
6,7,5,11,3,112.5,0,0
6,7,5,11,4,157.5,0,0
6,7,5,11,5,202.5,0,0
6,7,5,11,6,247.5,0,0
6,7,5,11,7,292.5,0,0
6,7,5,11,8,337.5,0,0
6,7,6,1,1,22.5,2384.37,56.2158
6,7,6,1,2,67.5,2417.02,53.2485
6,7,6,1,3,112.5,2690.79,59.991
6,7,6,1,4,157.5,2773.83,59.0529
6,7,6,1,5,202.5,2451.9,55.3801
6,7,6,1,6,247.5,1738.74,45.2051
6,7,6,1,7,292.5,1386.16,40.1436
6,7,6,1,8,337.5,1687.77,44.2908
6,7,6,2,1,22.5,590.173,25.4062
6,7,6,2,2,67.5,496.128,23.6037
6,7,6,2,3,112.5,1032.89,33.1595
6,7,6,2,4,157.5,1307.55,39.2655
6,7,6,2,5,202.5,1083.8,34.4801
6,7,6,2,6,247.5,461.71,22.5337
6,7,6,2,7,292.5,121.333,11.483
6,7,6,2,8,337.5,278.693,17.8517
6,7,6,3,1,22.5,57.4996,7.94642
6,7,6,3,2,67.5,101.263,10.4669
6,7,6,3,3,112.5,344.883,19.3015
6,7,6,3,4,157.5,481.64,22.7128
6,7,6,3,5,202.5,398.183,20.9079
6,7,6,3,6,247.5,96.2833,10.2425
6,7,6,3,7,292.5,70.8942,9.38587
6,7,6,3,8,337.5,45.2352,7.01841
6,7,6,4,1,22.5,0,0
6,7,6,4,2,67.5,0,0
6,7,6,4,3,112.5,82.8243,9.84379
6,7,6,4,4,157.5,161.968,13.2868
6,7,6,4,5,202.5,106.627,10.7813
6,7,6,4,6,247.5,17.2827,4.72126
6,7,6,4,7,292.5,0,0
6,7,6,4,8,337.5,10.2201,3.77595
6,7,6,5,1,22.5,0,0
6,7,6,5,2,67.5,0,0
6,7,6,5,3,112.5,0,0
6,7,6,5,4,157.5,17.6916,4.38944
6,7,6,5,5,202.5,14.5892,4.19373
6,7,6,5,6,247.5,0,0
6,7,6,5,7,292.5,0,0
6,7,6,5,8,337.5,0,0
6,7,6,6,1,22.5,0,0
6,7,6,6,2,67.5,0,0
6,7,6,6,3,112.5,0,0
6,7,6,6,4,157.5,0,0
6,7,6,6,5,202.5,0,0
6,7,6,6,6,247.5,0,0
6,7,6,6,7,292.5,0,0
6,7,6,6,8,337.5,0,0
6,7,6,7,1,22.5,0,0
6,7,6,7,2,67.5,0,0
6,7,6,7,3,112.5,0,0
6,7,6,7,4,157.5,0,0
6,7,6,7,5,202.5,0,0
6,7,6,7,6,247.5,0,0
6,7,6,7,7,292.5,0,0
6,7,6,7,8,337.5,0,0
6,7,6,8,1,22.5,0,0
6,7,6,8,2,67.5,0,0
6,7,6,8,3,112.5,0,0
6,7,6,8,4,157.5,0,0
6,7,6,8,5,202.5,0,0
6,7,6,8,6,247.5,0,0
6,7,6,8,7,292.5,0,0
6,7,6,8,8,337.5,0,0
6,7,6,9,1,22.5,0,0
6,7,6,9,2,67.5,0,0
6,7,6,9,3,112.5,0,0
6,7,6,9,4,157.5,0,0
6,7,6,9,5,202.5,0,0
6,7,6,9,6,247.5,0,0
6,7,6,9,7,292.5,0,0
6,7,6,9,8,337.5,0,0
6,7,6,10,1,22.5,0,0
6,7,6,10,2,67.5,0,0
6,7,6,10,3,112.5,0,0
6,7,6,10,4,157.5,0,0
6,7,6,10,5,202.5,0,0
6,7,6,10,6,247.5,0,0
6,7,6,10,7,292.5,0,0
6,7,6,10,8,337.5,0,0
6,7,6,11,1,22.5,0,0
6,7,6,11,2,67.5,0,0
6,7,6,11,3,112.5,0,0
6,7,6,11,4,157.5,0,0
6,7,6,11,5,202.5,0,0
6,7,6,11,6,247.5,0,0
6,7,6,11,7,292.5,0,0
6,7,6,11,8,337.5,0,0
6,7,7,1,1,22.5,0,0
6,7,7,1,2,67.5,0,0
6,7,7,1,3,112.5,0,0
6,7,7,1,4,157.5,0,0
6,7,7,1,5,202.5,0,0
6,7,7,1,6,247.5,0,0
6,7,7,1,7,292.5,0,0
6,7,7,1,8,337.5,0,0
6,7,7,2,1,22.5,0,0
6,7,7,2,2,67.5,0,0
6,7,7,2,3,112.5,0,0
6,7,7,2,4,157.5,0,0
6,7,7,2,5,202.5,0,0
6,7,7,2,6,247.5,0,0
6,7,7,2,7,292.5,0,0
6,7,7,2,8,337.5,0,0
6,7,7,3,1,22.5,0,0
6,7,7,3,2,67.5,0,0
6,7,7,3,3,112.5,0,0
6,7,7,3,4,157.5,0,0
6,7,7,3,5,202.5,0,0
6,7,7,3,6,247.5,0,0
6,7,7,3,7,292.5,0,0
6,7,7,3,8,337.5,0,0
6,7,7,4,1,22.5,0,0
6,7,7,4,2,67.5,0,0
6,7,7,4,3,112.5,0,0
6,7,7,4,4,157.5,0,0
6,7,7,4,5,202.5,0,0
6,7,7,4,6,247.5,0,0
6,7,7,4,7,292.5,0,0
6,7,7,4,8,337.5,0,0
6,7,7,5,1,22.5,0,0
6,7,7,5,2,67.5,0,0
6,7,7,5,3,112.5,0,0
6,7,7,5,4,157.5,0,0
6,7,7,5,5,202.5,0,0
6,7,7,5,6,247.5,0,0
6,7,7,5,7,292.5,0,0
6,7,7,5,8,337.5,0,0
6,7,7,6,1,22.5,0,0
6,7,7,6,2,67.5,0,0
6,7,7,6,3,112.5,0,0
6,7,7,6,4,157.5,0,0
6,7,7,6,5,202.5,0,0
6,7,7,6,6,247.5,0,0
6,7,7,6,7,292.5,0,0
6,7,7,6,8,337.5,0,0
6,7,7,7,1,22.5,0,0
6,7,7,7,2,67.5,0,0
6,7,7,7,3,112.5,0,0
6,7,7,7,4,157.5,0,0
6,7,7,7,5,202.5,0,0
6,7,7,7,6,247.5,0,0
6,7,7,7,7,292.5,0,0
6,7,7,7,8,337.5,0,0
6,7,7,8,1,22.5,0,0
6,7,7,8,2,67.5,0,0
6,7,7,8,3,112.5,0,0
6,7,7,8,4,157.5,0,0
6,7,7,8,5,202.5,0,0
6,7,7,8,6,247.5,0,0
6,7,7,8,7,292.5,0,0
6,7,7,8,8,337.5,0,0
6,7,7,9,1,22.5,0,0
6,7,7,9,2,67.5,0,0
6,7,7,9,3,112.5,0,0
6,7,7,9,4,157.5,0,0
6,7,7,9,5,202.5,0,0
6,7,7,9,6,247.5,0,0
6,7,7,9,7,292.5,0,0
6,7,7,9,8,337.5,0,0
6,7,7,10,1,22.5,0,0
6,7,7,10,2,67.5,0,0
6,7,7,10,3,112.5,0,0
6,7,7,10,4,157.5,0,0
6,7,7,10,5,202.5,0,0
6,7,7,10,6,247.5,0,0
6,7,7,10,7,292.5,0,0
6,7,7,10,8,337.5,0,0
6,7,7,11,1,22.5,0,0
6,7,7,11,2,67.5,0,0
6,7,7,11,3,112.5,0,0
6,7,7,11,4,157.5,0,0
6,7,7,11,5,202.5,0,0
6,7,7,11,6,247.5,0,0
6,7,7,11,7,292.5,0,0
6,7,7,11,8,337.5,0,0
6,7,8,1,1,22.5,0,0
6,7,8,1,2,67.5,0,0
6,7,8,1,3,112.5,0,0
6,7,8,1,4,157.5,0,0
6,7,8,1,5,202.5,0,0
6,7,8,1,6,247.5,0,0
6,7,8,1,7,292.5,0,0
6,7,8,1,8,337.5,0,0
6,7,8,2,1,22.5,0,0
6,7,8,2,2,67.5,0,0
6,7,8,2,3,112.5,0,0
6,7,8,2,4,157.5,0,0
6,7,8,2,5,202.5,0,0
6,7,8,2,6,247.5,0,0
6,7,8,2,7,292.5,0,0
6,7,8,2,8,337.5,0,0
6,7,8,3,1,22.5,0,0
6,7,8,3,2,67.5,0,0
6,7,8,3,3,112.5,0,0
6,7,8,3,4,157.5,0,0
6,7,8,3,5,202.5,0,0
6,7,8,3,6,247.5,0,0
6,7,8,3,7,292.5,0,0
6,7,8,3,8,337.5,0,0
6,7,8,4,1,22.5,0,0
6,7,8,4,2,67.5,0,0
6,7,8,4,3,112.5,0,0
6,7,8,4,4,157.5,0,0
6,7,8,4,5,202.5,0,0
6,7,8,4,6,247.5,0,0
6,7,8,4,7,292.5,0,0
6,7,8,4,8,337.5,0,0
6,7,8,5,1,22.5,0,0
6,7,8,5,2,67.5,0,0
6,7,8,5,3,112.5,0,0
6,7,8,5,4,157.5,0,0
6,7,8,5,5,202.5,0,0
6,7,8,5,6,247.5,0,0
6,7,8,5,7,292.5,0,0
6,7,8,5,8,337.5,0,0
6,7,8,6,1,22.5,0,0
6,7,8,6,2,67.5,0,0
6,7,8,6,3,112.5,0,0
6,7,8,6,4,157.5,0,0
6,7,8,6,5,202.5,0,0
6,7,8,6,6,247.5,0,0
6,7,8,6,7,292.5,0,0
6,7,8,6,8,337.5,0,0
6,7,8,7,1,22.5,0,0
6,7,8,7,2,67.5,0,0
6,7,8,7,3,112.5,0,0
6,7,8,7,4,157.5,0,0
6,7,8,7,5,202.5,0,0
6,7,8,7,6,247.5,0,0
6,7,8,7,7,292.5,0,0
6,7,8,7,8,337.5,0,0
6,7,8,8,1,22.5,0,0
6,7,8,8,2,67.5,0,0
6,7,8,8,3,112.5,0,0
6,7,8,8,4,157.5,0,0
6,7,8,8,5,202.5,0,0
6,7,8,8,6,247.5,0,0
6,7,8,8,7,292.5,0,0
6,7,8,8,8,337.5,0,0
6,7,8,9,1,22.5,0,0
6,7,8,9,2,67.5,0,0
6,7,8,9,3,112.5,0,0
6,7,8,9,4,157.5,0,0
6,7,8,9,5,202.5,0,0
6,7,8,9,6,247.5,0,0
6,7,8,9,7,292.5,0,0
6,7,8,9,8,337.5,0,0
6,7,8,10,1,22.5,0,0
6,7,8,10,2,67.5,0,0
6,7,8,10,3,112.5,0,0
6,7,8,10,4,157.5,0,0
6,7,8,10,5,202.5,0,0
6,7,8,10,6,247.5,0,0
6,7,8,10,7,292.5,0,0
6,7,8,10,8,337.5,0,0
6,7,8,11,1,22.5,0,0
6,7,8,11,2,67.5,0,0
6,7,8,11,3,112.5,0,0
6,7,8,11,4,157.5,0,0
6,7,8,11,5,202.5,0,0
6,7,8,11,6,247.5,0,0
6,7,8,11,7,292.5,0,0
6,7,8,11,8,337.5,0,0
7,8,1,1,1,22.5,0,0
7,8,1,1,2,67.5,0,0
7,8,1,1,3,112.5,0,0
7,8,1,1,4,157.5,0,0
7,8,1,1,5,202.5,0,0
7,8,1,1,6,247.5,0,0
7,8,1,1,7,292.5,0,0
7,8,1,1,8,337.5,0,0
7,8,1,2,1,22.5,0,0
7,8,1,2,2,67.5,0,0
7,8,1,2,3,112.5,0,0
7,8,1,2,4,157.5,0,0
7,8,1,2,5,202.5,0,0
7,8,1,2,6,247.5,0,0
7,8,1,2,7,292.5,0,0
7,8,1,2,8,337.5,0,0
7,8,1,3,1,22.5,0,0
7,8,1,3,2,67.5,0,0
7,8,1,3,3,112.5,0,0
7,8,1,3,4,157.5,0,0
7,8,1,3,5,202.5,0,0
7,8,1,3,6,247.5,0,0
7,8,1,3,7,292.5,0,0
7,8,1,3,8,337.5,0,0
7,8,1,4,1,22.5,0,0
7,8,1,4,2,67.5,0,0
7,8,1,4,3,112.5,0,0
7,8,1,4,4,157.5,0,0
7,8,1,4,5,202.5,0,0
7,8,1,4,6,247.5,0,0
7,8,1,4,7,292.5,0,0
7,8,1,4,8,337.5,0,0
7,8,1,5,1,22.5,0,0
7,8,1,5,2,67.5,0,0
7,8,1,5,3,112.5,0,0
7,8,1,5,4,157.5,0,0
7,8,1,5,5,202.5,0,0
7,8,1,5,6,247.5,0,0
7,8,1,5,7,292.5,0,0
7,8,1,5,8,337.5,0,0
7,8,1,6,1,22.5,0,0
7,8,1,6,2,67.5,0,0
7,8,1,6,3,112.5,0,0
7,8,1,6,4,157.5,0,0
7,8,1,6,5,202.5,0,0
7,8,1,6,6,247.5,0,0
7,8,1,6,7,292.5,0,0
7,8,1,6,8,337.5,0,0
7,8,1,7,1,22.5,0,0
7,8,1,7,2,67.5,0,0
7,8,1,7,3,112.5,0,0
7,8,1,7,4,157.5,0,0
7,8,1,7,5,202.5,0,0
7,8,1,7,6,247.5,0,0
7,8,1,7,7,292.5,0,0
7,8,1,7,8,337.5,0,0
7,8,1,8,1,22.5,0,0
7,8,1,8,2,67.5,0,0
7,8,1,8,3,112.5,0,0
7,8,1,8,4,157.5,0,0
7,8,1,8,5,202.5,0,0
7,8,1,8,6,247.5,0,0
7,8,1,8,7,292.5,0,0
7,8,1,8,8,337.5,0,0
7,8,1,9,1,22.5,0,0
7,8,1,9,2,67.5,0,0
7,8,1,9,3,112.5,0,0
7,8,1,9,4,157.5,0,0
7,8,1,9,5,202.5,0,0
7,8,1,9,6,247.5,0,0
7,8,1,9,7,292.5,0,0
7,8,1,9,8,337.5,0,0
7,8,1,10,1,22.5,0,0
7,8,1,10,2,67.5,0,0
7,8,1,10,3,112.5,0,0
7,8,1,10,4,157.5,0,0
7,8,1,10,5,202.5,0,0
7,8,1,10,6,247.5,0,0
7,8,1,10,7,292.5,0,0
7,8,1,10,8,337.5,0,0
7,8,1,11,1,22.5,0,0
7,8,1,11,2,67.5,0,0
7,8,1,11,3,112.5,0,0
7,8,1,11,4,157.5,0,0
7,8,1,11,5,202.5,0,0
7,8,1,11,6,247.5,0,0
7,8,1,11,7,292.5,0,0
7,8,1,11,8,337.5,0,0
7,8,2,1,1,22.5,0,0
7,8,2,1,2,67.5,0,0
7,8,2,1,3,112.5,0,0
7,8,2,1,4,157.5,0,0
7,8,2,1,5,202.5,0,0
7,8,2,1,6,247.5,0,0
7,8,2,1,7,292.5,0,0
7,8,2,1,8,337.5,0,0
7,8,2,2,1,22.5,0,0
7,8,2,2,2,67.5,0,0
7,8,2,2,3,112.5,0,0
7,8,2,2,4,157.5,0,0
7,8,2,2,5,202.5,0,0
7,8,2,2,6,247.5,0,0
7,8,2,2,7,292.5,0,0
7,8,2,2,8,337.5,0,0
7,8,2,3,1,22.5,0,0
7,8,2,3,2,67.5,0,0
7,8,2,3,3,112.5,0,0
7,8,2,3,4,157.5,0,0
7,8,2,3,5,202.5,0,0
7,8,2,3,6,247.5,0,0
7,8,2,3,7,292.5,0,0
7,8,2,3,8,337.5,0,0
7,8,2,4,1,22.5,0,0
7,8,2,4,2,67.5,0,0
7,8,2,4,3,112.5,0,0
7,8,2,4,4,157.5,0,0
7,8,2,4,5,202.5,0,0
7,8,2,4,6,247.5,0,0
7,8,2,4,7,292.5,0,0
7,8,2,4,8,337.5,0,0
7,8,2,5,1,22.5,0,0
7,8,2,5,2,67.5,0,0
7,8,2,5,3,112.5,0,0
7,8,2,5,4,157.5,0,0
7,8,2,5,5,202.5,0,0
7,8,2,5,6,247.5,0,0
7,8,2,5,7,292.5,0,0
7,8,2,5,8,337.5,0,0
7,8,2,6,1,22.5,0,0
7,8,2,6,2,67.5,0,0
7,8,2,6,3,112.5,0,0
7,8,2,6,4,157.5,0,0
7,8,2,6,5,202.5,0,0
7,8,2,6,6,247.5,0,0
7,8,2,6,7,292.5,0,0
7,8,2,6,8,337.5,0,0
7,8,2,7,1,22.5,0,0
7,8,2,7,2,67.5,0,0
7,8,2,7,3,112.5,0,0
7,8,2,7,4,157.5,0,0
7,8,2,7,5,202.5,0,0
7,8,2,7,6,247.5,0,0
7,8,2,7,7,292.5,0,0
7,8,2,7,8,337.5,0,0
7,8,2,8,1,22.5,0,0
7,8,2,8,2,67.5,0,0
7,8,2,8,3,112.5,0,0
7,8,2,8,4,157.5,0,0
7,8,2,8,5,202.5,0,0
7,8,2,8,6,247.5,0,0
7,8,2,8,7,292.5,0,0
7,8,2,8,8,337.5,0,0
7,8,2,9,1,22.5,0,0
7,8,2,9,2,67.5,0,0
7,8,2,9,3,112.5,0,0
7,8,2,9,4,157.5,0,0
7,8,2,9,5,202.5,0,0
7,8,2,9,6,247.5,0,0
7,8,2,9,7,292.5,0,0
7,8,2,9,8,337.5,0,0
7,8,2,10,1,22.5,0,0
7,8,2,10,2,67.5,0,0
7,8,2,10,3,112.5,0,0
7,8,2,10,4,157.5,0,0
7,8,2,10,5,202.5,0,0
7,8,2,10,6,247.5,0,0
7,8,2,10,7,292.5,0,0
7,8,2,10,8,337.5,0,0
7,8,2,11,1,22.5,0,0
7,8,2,11,2,67.5,0,0
7,8,2,11,3,112.5,0,0
7,8,2,11,4,157.5,0,0
7,8,2,11,5,202.5,0,0
7,8,2,11,6,247.5,0,0
7,8,2,11,7,292.5,0,0
7,8,2,11,8,337.5,0,0
7,8,3,1,1,22.5,720.922,42.1895
7,8,3,1,2,67.5,1241.31,48.7027
7,8,3,1,3,112.5,816.272,53.5737
7,8,3,1,4,157.5,662.581,37.6187
7,8,3,1,5,202.5,383.953,27.2501
7,8,3,1,6,247.5,763.567,36.5523
7,8,3,1,7,292.5,1134.38,51.2437
7,8,3,1,8,337.5,828.773,45.7424
7,8,3,2,1,22.5,607.822,27.1723
7,8,3,2,2,67.5,796.062,34.9862
7,8,3,2,3,112.5,232.962,16.869
7,8,3,2,4,157.5,0,0
7,8,3,2,5,202.5,0,0
7,8,3,2,6,247.5,223.019,16.8569
7,8,3,2,7,292.5,659.238,33.6733
7,8,3,2,8,337.5,503.61,24.6823
7,8,3,3,1,22.5,117.887,12.4544
7,8,3,3,2,67.5,337.703,20.4246
7,8,3,3,3,112.5,0,0
7,8,3,3,4,157.5,0,0
7,8,3,3,5,202.5,0,0
7,8,3,3,6,247.5,19.3345,4.66847
7,8,3,3,7,292.5,462.732,23.2081
7,8,3,3,8,337.5,88.6623,10.2906
7,8,3,4,1,22.5,40.2737,6.98776
7,8,3,4,2,67.5,305.586,18.2245
7,8,3,4,3,112.5,0,0
7,8,3,4,4,157.5,0,0
7,8,3,4,5,202.5,0,0
7,8,3,4,6,247.5,0,0
7,8,3,4,7,292.5,352.279,19.7213
7,8,3,4,8,337.5,114.676,11.4345
7,8,3,5,1,22.5,68.159,8.56128
7,8,3,5,2,67.5,183.346,14.1212
7,8,3,5,3,112.5,0,0
7,8,3,5,4,157.5,0,0
7,8,3,5,5,202.5,0,0
7,8,3,5,6,247.5,0,0
7,8,3,5,7,292.5,158.855,12.9954
7,8,3,5,8,337.5,105.345,10.7459
7,8,3,6,1,22.5,0,0
7,8,3,6,2,67.5,0,0
7,8,3,6,3,112.5,0,0
7,8,3,6,4,157.5,0,0
7,8,3,6,5,202.5,0,0
7,8,3,6,6,247.5,0,0
7,8,3,6,7,292.5,0,0
7,8,3,6,8,337.5,0,0
7,8,3,7,1,22.5,0,0
7,8,3,7,2,67.5,0,0
7,8,3,7,3,112.5,0,0
7,8,3,7,4,157.5,0,0
7,8,3,7,5,202.5,0,0
7,8,3,7,6,247.5,0,0
7,8,3,7,7,292.5,0,0
7,8,3,7,8,337.5,0,0
7,8,3,8,1,22.5,0,0
7,8,3,8,2,67.5,0,0
7,8,3,8,3,112.5,0,0
7,8,3,8,4,157.5,0,0
7,8,3,8,5,202.5,0,0
7,8,3,8,6,247.5,0,0
7,8,3,8,7,292.5,0,0
7,8,3,8,8,337.5,0,0
7,8,3,9,1,22.5,0,0
7,8,3,9,2,67.5,0,0
7,8,3,9,3,112.5,0,0
7,8,3,9,4,157.5,0,0
7,8,3,9,5,202.5,0,0
7,8,3,9,6,247.5,0,0
7,8,3,9,7,292.5,0,0
7,8,3,9,8,337.5,0,0
7,8,3,10,1,22.5,0,0
7,8,3,10,2,67.5,0,0
7,8,3,10,3,112.5,0,0
7,8,3,10,4,157.5,0,0
7,8,3,10,5,202.5,0,0
7,8,3,10,6,247.5,0,0
7,8,3,10,7,292.5,0,0
7,8,3,10,8,337.5,0,0
7,8,3,11,1,22.5,0,0
7,8,3,11,2,67.5,0,0
7,8,3,11,3,112.5,0,0
7,8,3,11,4,157.5,0,0
7,8,3,11,5,202.5,0,0
7,8,3,11,6,247.5,0,0
7,8,3,11,7,292.5,0,0
7,8,3,11,8,337.5,0,0
7,8,4,1,1,22.5,2193.33,60.8976
7,8,4,1,2,67.5,2330.87,63.8215
7,8,4,1,3,112.5,2504.21,76.0829
7,8,4,1,4,157.5,1789.76,62.2674
7,8,4,1,5,202.5,1565.08,52.5793
7,8,4,1,6,247.5,1603.99,51.8823
7,8,4,1,7,292.5,1618.86,56.3146
7,8,4,1,8,337.5,1583.33,54.2498
7,8,4,2,1,22.5,806.085,35.6748
7,8,4,2,2,67.5,1270.54,39.3076
7,8,4,2,3,112.5,552.376,26.2897
7,8,4,2,4,157.5,105.137,11.0554
7,8,4,2,5,202.5,59.0076,8.44553
7,8,4,2,6,247.5,660.653,29.5325
7,8,4,2,7,292.5,1257.72,40.9653
7,8,4,2,8,337.5,1089.75,38.2612
7,8,4,3,1,22.5,589.674,25.9656
7,8,4,3,2,67.5,703.318,27.9462
7,8,4,3,3,112.5,216.271,15.4423
7,8,4,3,4,157.5,0,0
7,8,4,3,5,202.5,0,0
7,8,4,3,6,247.5,276.144,17.5655
7,8,4,3,7,292.5,701.466,28.5103
7,8,4,3,8,337.5,505.151,24.2458
7,8,4,4,1,22.5,78.6981,9.32621
7,8,4,4,2,67.5,308.828,18.4798
7,8,4,4,3,112.5,62.6418,8.49551
7,8,4,4,4,157.5,0,0
7,8,4,4,5,202.5,0,0
7,8,4,4,6,247.5,31.7162,6.00778
7,8,4,4,7,292.5,599.878,25.4611
7,8,4,4,8,337.5,70.9983,8.90657
7,8,4,5,1,22.5,22.089,5.07145
7,8,4,5,2,67.5,253.088,16.3337
7,8,4,5,3,112.5,10.2907,3.54533
7,8,4,5,4,157.5,0,0
7,8,4,5,5,202.5,0,0
7,8,4,5,6,247.5,9.88301,3.55513
7,8,4,5,7,292.5,332.962,18.8607
7,8,4,5,8,337.5,36.9591,6.3304
7,8,4,6,1,22.5,0,0
7,8,4,6,2,67.5,0,0
7,8,4,6,3,112.5,0,0
7,8,4,6,4,157.5,0,0
7,8,4,6,5,202.5,0,0
7,8,4,6,6,247.5,0,0
7,8,4,6,7,292.5,0,0
7,8,4,6,8,337.5,0,0
7,8,4,7,1,22.5,0,0
7,8,4,7,2,67.5,0,0
7,8,4,7,3,112.5,0,0
7,8,4,7,4,157.5,0,0
7,8,4,7,5,202.5,0,0
7,8,4,7,6,247.5,0,0
7,8,4,7,7,292.5,0,0
7,8,4,7,8,337.5,0,0
7,8,4,8,1,22.5,0,0
7,8,4,8,2,67.5,0,0
7,8,4,8,3,112.5,0,0
7,8,4,8,4,157.5,0,0
7,8,4,8,5,202.5,0,0
7,8,4,8,6,247.5,0,0
7,8,4,8,7,292.5,0,0
7,8,4,8,8,337.5,0,0
7,8,4,9,1,22.5,0,0
7,8,4,9,2,67.5,0,0
7,8,4,9,3,112.5,0,0
7,8,4,9,4,157.5,0,0
7,8,4,9,5,202.5,0,0
7,8,4,9,6,247.5,0,0
7,8,4,9,7,292.5,0,0
7,8,4,9,8,337.5,0,0
7,8,4,10,1,22.5,0,0
7,8,4,10,2,67.5,0,0
7,8,4,10,3,112.5,0,0
7,8,4,10,4,157.5,0,0
7,8,4,10,5,202.5,0,0
7,8,4,10,6,247.5,0,0
7,8,4,10,7,292.5,0,0
7,8,4,10,8,337.5,0,0
7,8,4,11,1,22.5,0,0
7,8,4,11,2,67.5,0,0
7,8,4,11,3,112.5,0,0
7,8,4,11,4,157.5,0,0
7,8,4,11,5,202.5,0,0
7,8,4,11,6,247.5,0,0
7,8,4,11,7,292.5,0,0
7,8,4,11,8,337.5,0,0
7,8,5,1,1,22.5,1894.13,50.6119
7,8,5,1,2,67.5,1869.17,49.3152
7,8,5,1,3,112.5,2008.65,52.8067
7,8,5,1,4,157.5,1863.51,50.143
7,8,5,1,5,202.5,1547.13,53.4805
7,8,5,1,6,247.5,1407.77,43.5577
7,8,5,1,7,292.5,1037.15,39.0706
7,8,5,1,8,337.5,1378.64,43.9739
7,8,5,2,1,22.5,273.956,17.4966
7,8,5,2,2,67.5,254.823,19.3971
7,8,5,2,3,112.5,458.95,24.0834
7,8,5,2,4,157.5,233.732,16.8467
7,8,5,2,5,202.5,186.938,15.0759
7,8,5,2,6,247.5,291.446,18.1894
7,8,5,2,7,292.5,294.993,19.0029
7,8,5,2,8,337.5,312.839,20.2027
7,8,5,3,1,22.5,83.4539,9.98522
7,8,5,3,2,67.5,102.928,10.8906
7,8,5,3,3,112.5,99.3968,10.5909
7,8,5,3,4,157.5,0,0
7,8,5,3,5,202.5,0,0
7,8,5,3,6,247.5,84.0685,9.90222
7,8,5,3,7,292.5,93.621,10.3102
7,8,5,3,8,337.5,111.879,11.2757
7,8,5,4,1,22.5,24.3846,5.67639
7,8,5,4,2,67.5,0,0
7,8,5,4,3,112.5,0,0
7,8,5,4,4,157.5,0,0
7,8,5,4,5,202.5,0,0
7,8,5,4,6,247.5,10.196,3.45307
7,8,5,4,7,292.5,18.6148,4.41256
7,8,5,4,8,337.5,10.6987,3.44828
7,8,5,5,1,22.5,0,0
7,8,5,5,2,67.5,0,0
7,8,5,5,3,112.5,0,0
7,8,5,5,4,157.5,0,0
7,8,5,5,5,202.5,0,0
7,8,5,5,6,247.5,0,0
7,8,5,5,7,292.5,0,0
7,8,5,5,8,337.5,0,0
7,8,5,6,1,22.5,0,0
7,8,5,6,2,67.5,0,0
7,8,5,6,3,112.5,0,0
7,8,5,6,4,157.5,0,0
7,8,5,6,5,202.5,0,0
7,8,5,6,6,247.5,0,0
7,8,5,6,7,292.5,0,0
7,8,5,6,8,337.5,0,0
7,8,5,7,1,22.5,0,0
7,8,5,7,2,67.5,0,0
7,8,5,7,3,112.5,0,0
7,8,5,7,4,157.5,0,0
7,8,5,7,5,202.5,0,0
7,8,5,7,6,247.5,0,0
7,8,5,7,7,292.5,0,0
7,8,5,7,8,337.5,0,0
7,8,5,8,1,22.5,0,0
7,8,5,8,2,67.5,0,0
7,8,5,8,3,112.5,0,0
7,8,5,8,4,157.5,0,0
7,8,5,8,5,202.5,0,0
7,8,5,8,6,247.5,0,0
7,8,5,8,7,292.5,0,0
7,8,5,8,8,337.5,0,0
7,8,5,9,1,22.5,0,0
7,8,5,9,2,67.5,0,0
7,8,5,9,3,112.5,0,0
7,8,5,9,4,157.5,0,0
7,8,5,9,5,202.5,0,0
7,8,5,9,6,247.5,0,0
7,8,5,9,7,292.5,0,0
7,8,5,9,8,337.5,0,0
7,8,5,10,1,22.5,0,0
7,8,5,10,2,67.5,0,0
7,8,5,10,3,112.5,0,0
7,8,5,10,4,157.5,0,0
7,8,5,10,5,202.5,0,0
7,8,5,10,6,247.5,0,0
7,8,5,10,7,292.5,0,0
7,8,5,10,8,337.5,0,0
7,8,5,11,1,22.5,0,0
7,8,5,11,2,67.5,0,0
7,8,5,11,3,112.5,0,0
7,8,5,11,4,157.5,0,0
7,8,5,11,5,202.5,0,0
7,8,5,11,6,247.5,0,0
7,8,5,11,7,292.5,0,0
7,8,5,11,8,337.5,0,0
7,8,6,1,1,22.5,37.1248,6.60496
7,8,6,1,2,67.5,42.3329,6.9794
7,8,6,1,3,112.5,52.539,7.71556
7,8,6,1,4,157.5,40.3774,6.78929
7,8,6,1,5,202.5,39.1851,6.85043
7,8,6,1,6,247.5,32.3006,7.0504
7,8,6,1,7,292.5,25.0509,5.47492
7,8,6,1,8,337.5,34.9579,6.8623
7,8,6,2,1,22.5,0,0
7,8,6,2,2,67.5,0,0
7,8,6,2,3,112.5,0,0
7,8,6,2,4,157.5,0,0
7,8,6,2,5,202.5,0,0
7,8,6,2,6,247.5,0,0
7,8,6,2,7,292.5,0,0
7,8,6,2,8,337.5,0,0
7,8,6,3,1,22.5,0,0
7,8,6,3,2,67.5,0,0
7,8,6,3,3,112.5,0,0
7,8,6,3,4,157.5,0,0
7,8,6,3,5,202.5,0,0
7,8,6,3,6,247.5,0,0
7,8,6,3,7,292.5,0,0
7,8,6,3,8,337.5,0,0
7,8,6,4,1,22.5,0,0
7,8,6,4,2,67.5,0,0
7,8,6,4,3,112.5,0,0
7,8,6,4,4,157.5,0,0
7,8,6,4,5,202.5,0,0
7,8,6,4,6,247.5,0,0
7,8,6,4,7,292.5,0,0
7,8,6,4,8,337.5,0,0
7,8,6,5,1,22.5,0,0
7,8,6,5,2,67.5,0,0
7,8,6,5,3,112.5,0,0
7,8,6,5,4,157.5,0,0
7,8,6,5,5,202.5,0,0
7,8,6,5,6,247.5,0,0
7,8,6,5,7,292.5,0,0
7,8,6,5,8,337.5,0,0
7,8,6,6,1,22.5,0,0
7,8,6,6,2,67.5,0,0
7,8,6,6,3,112.5,0,0
7,8,6,6,4,157.5,0,0
7,8,6,6,5,202.5,0,0
7,8,6,6,6,247.5,0,0
7,8,6,6,7,292.5,0,0
7,8,6,6,8,337.5,0,0
7,8,6,7,1,22.5,0,0
7,8,6,7,2,67.5,0,0
7,8,6,7,3,112.5,0,0
7,8,6,7,4,157.5,0,0
7,8,6,7,5,202.5,0,0
7,8,6,7,6,247.5,0,0
7,8,6,7,7,292.5,0,0
7,8,6,7,8,337.5,0,0
7,8,6,8,1,22.5,0,0
7,8,6,8,2,67.5,0,0
7,8,6,8,3,112.5,0,0
7,8,6,8,4,157.5,0,0
7,8,6,8,5,202.5,0,0
7,8,6,8,6,247.5,0,0
7,8,6,8,7,292.5,0,0
7,8,6,8,8,337.5,0,0
7,8,6,9,1,22.5,0,0
7,8,6,9,2,67.5,0,0
7,8,6,9,3,112.5,0,0
7,8,6,9,4,157.5,0,0
7,8,6,9,5,202.5,0,0
7,8,6,9,6,247.5,0,0
7,8,6,9,7,292.5,0,0
7,8,6,9,8,337.5,0,0
7,8,6,10,1,22.5,0,0
7,8,6,10,2,67.5,0,0
7,8,6,10,3,112.5,0,0
7,8,6,10,4,157.5,0,0
7,8,6,10,5,202.5,0,0
7,8,6,10,6,247.5,0,0
7,8,6,10,7,292.5,0,0
7,8,6,10,8,337.5,0,0
7,8,6,11,1,22.5,0,0
7,8,6,11,2,67.5,0,0
7,8,6,11,3,112.5,0,0
7,8,6,11,4,157.5,0,0
7,8,6,11,5,202.5,0,0
7,8,6,11,6,247.5,0,0
7,8,6,11,7,292.5,0,0
7,8,6,11,8,337.5,0,0
7,8,7,1,1,22.5,0,0
7,8,7,1,2,67.5,0,0
7,8,7,1,3,112.5,0,0
7,8,7,1,4,157.5,0,0
7,8,7,1,5,202.5,0,0
7,8,7,1,6,247.5,0,0
7,8,7,1,7,292.5,0,0
7,8,7,1,8,337.5,0,0
7,8,7,2,1,22.5,0,0
7,8,7,2,2,67.5,0,0
7,8,7,2,3,112.5,0,0
7,8,7,2,4,157.5,0,0
7,8,7,2,5,202.5,0,0
7,8,7,2,6,247.5,0,0
7,8,7,2,7,292.5,0,0
7,8,7,2,8,337.5,0,0
7,8,7,3,1,22.5,0,0
7,8,7,3,2,67.5,0,0
7,8,7,3,3,112.5,0,0
7,8,7,3,4,157.5,0,0
7,8,7,3,5,202.5,0,0
7,8,7,3,6,247.5,0,0
7,8,7,3,7,292.5,0,0
7,8,7,3,8,337.5,0,0
7,8,7,4,1,22.5,0,0
7,8,7,4,2,67.5,0,0
7,8,7,4,3,112.5,0,0
7,8,7,4,4,157.5,0,0
7,8,7,4,5,202.5,0,0
7,8,7,4,6,247.5,0,0
7,8,7,4,7,292.5,0,0
7,8,7,4,8,337.5,0,0
7,8,7,5,1,22.5,0,0
7,8,7,5,2,67.5,0,0
7,8,7,5,3,112.5,0,0
7,8,7,5,4,157.5,0,0
7,8,7,5,5,202.5,0,0
7,8,7,5,6,247.5,0,0
7,8,7,5,7,292.5,0,0
7,8,7,5,8,337.5,0,0
7,8,7,6,1,22.5,0,0
7,8,7,6,2,67.5,0,0
7,8,7,6,3,112.5,0,0
7,8,7,6,4,157.5,0,0
7,8,7,6,5,202.5,0,0
7,8,7,6,6,247.5,0,0
7,8,7,6,7,292.5,0,0
7,8,7,6,8,337.5,0,0
7,8,7,7,1,22.5,0,0
7,8,7,7,2,67.5,0,0
7,8,7,7,3,112.5,0,0
7,8,7,7,4,157.5,0,0
7,8,7,7,5,202.5,0,0
7,8,7,7,6,247.5,0,0
7,8,7,7,7,292.5,0,0
7,8,7,7,8,337.5,0,0
7,8,7,8,1,22.5,0,0
7,8,7,8,2,67.5,0,0
7,8,7,8,3,112.5,0,0
7,8,7,8,4,157.5,0,0
7,8,7,8,5,202.5,0,0
7,8,7,8,6,247.5,0,0
7,8,7,8,7,292.5,0,0
7,8,7,8,8,337.5,0,0
7,8,7,9,1,22.5,0,0
7,8,7,9,2,67.5,0,0
7,8,7,9,3,112.5,0,0
7,8,7,9,4,157.5,0,0
7,8,7,9,5,202.5,0,0
7,8,7,9,6,247.5,0,0
7,8,7,9,7,292.5,0,0
7,8,7,9,8,337.5,0,0
7,8,7,10,1,22.5,0,0
7,8,7,10,2,67.5,0,0
7,8,7,10,3,112.5,0,0
7,8,7,10,4,157.5,0,0
7,8,7,10,5,202.5,0,0
7,8,7,10,6,247.5,0,0
7,8,7,10,7,292.5,0,0
7,8,7,10,8,337.5,0,0
7,8,7,11,1,22.5,0,0
7,8,7,11,2,67.5,0,0
7,8,7,11,3,112.5,0,0
7,8,7,11,4,157.5,0,0
7,8,7,11,5,202.5,0,0
7,8,7,11,6,247.5,0,0
7,8,7,11,7,292.5,0,0
7,8,7,11,8,337.5,0,0
7,8,8,1,1,22.5,0,0
7,8,8,1,2,67.5,0,0
7,8,8,1,3,112.5,0,0
7,8,8,1,4,157.5,0,0
7,8,8,1,5,202.5,0,0
7,8,8,1,6,247.5,0,0
7,8,8,1,7,292.5,0,0
7,8,8,1,8,337.5,0,0
7,8,8,2,1,22.5,0,0
7,8,8,2,2,67.5,0,0
7,8,8,2,3,112.5,0,0
7,8,8,2,4,157.5,0,0
7,8,8,2,5,202.5,0,0
7,8,8,2,6,247.5,0,0
7,8,8,2,7,292.5,0,0
7,8,8,2,8,337.5,0,0
7,8,8,3,1,22.5,0,0
7,8,8,3,2,67.5,0,0
7,8,8,3,3,112.5,0,0
7,8,8,3,4,157.5,0,0
7,8,8,3,5,202.5,0,0
7,8,8,3,6,247.5,0,0
7,8,8,3,7,292.5,0,0
7,8,8,3,8,337.5,0,0
7,8,8,4,1,22.5,0,0
7,8,8,4,2,67.5,0,0
7,8,8,4,3,112.5,0,0
7,8,8,4,4,157.5,0,0
7,8,8,4,5,202.5,0,0
7,8,8,4,6,247.5,0,0
7,8,8,4,7,292.5,0,0
7,8,8,4,8,337.5,0,0
7,8,8,5,1,22.5,0,0
7,8,8,5,2,67.5,0,0
7,8,8,5,3,112.5,0,0
7,8,8,5,4,157.5,0,0
7,8,8,5,5,202.5,0,0
7,8,8,5,6,247.5,0,0
7,8,8,5,7,292.5,0,0
7,8,8,5,8,337.5,0,0
7,8,8,6,1,22.5,0,0
7,8,8,6,2,67.5,0,0
7,8,8,6,3,112.5,0,0
7,8,8,6,4,157.5,0,0
7,8,8,6,5,202.5,0,0
7,8,8,6,6,247.5,0,0
7,8,8,6,7,292.5,0,0
7,8,8,6,8,337.5,0,0
7,8,8,7,1,22.5,0,0
7,8,8,7,2,67.5,0,0
7,8,8,7,3,112.5,0,0
7,8,8,7,4,157.5,0,0
7,8,8,7,5,202.5,0,0
7,8,8,7,6,247.5,0,0
7,8,8,7,7,292.5,0,0
7,8,8,7,8,337.5,0,0
7,8,8,8,1,22.5,0,0
7,8,8,8,2,67.5,0,0
7,8,8,8,3,112.5,0,0
7,8,8,8,4,157.5,0,0
7,8,8,8,5,202.5,0,0
7,8,8,8,6,247.5,0,0
7,8,8,8,7,292.5,0,0
7,8,8,8,8,337.5,0,0
7,8,8,9,1,22.5,0,0
7,8,8,9,2,67.5,0,0
7,8,8,9,3,112.5,0,0
7,8,8,9,4,157.5,0,0
7,8,8,9,5,202.5,0,0
7,8,8,9,6,247.5,0,0
7,8,8,9,7,292.5,0,0
7,8,8,9,8,337.5,0,0
7,8,8,10,1,22.5,0,0
7,8,8,10,2,67.5,0,0
7,8,8,10,3,112.5,0,0
7,8,8,10,4,157.5,0,0
7,8,8,10,5,202.5,0,0
7,8,8,10,6,247.5,0,0
7,8,8,10,7,292.5,0,0
7,8,8,10,8,337.5,0,0
7,8,8,11,1,22.5,0,0
7,8,8,11,2,67.5,0,0
7,8,8,11,3,112.5,0,0
7,8,8,11,4,157.5,0,0
7,8,8,11,5,202.5,0,0
7,8,8,11,6,247.5,0,0
7,8,8,11,7,292.5,0,0
7,8,8,11,8,337.5,0,0
8,9,1,1,1,22.5,1452,113.538
8,9,1,1,2,67.5,7189.78,218.847
8,9,1,1,3,112.5,18596.3,336.417
8,9,1,1,4,157.5,9471.65,236.222
8,9,1,1,5,202.5,17832.2,317.887
8,9,1,1,6,247.5,17139.2,437.713
8,9,1,1,7,292.5,5464.5,250.515
8,9,1,1,8,337.5,1438.94,91.8368
8,9,1,2,1,22.5,2260,84.7921
8,9,1,2,2,67.5,10302.2,150.104
8,9,1,2,3,112.5,15278,239.102
8,9,1,2,4,157.5,17889,249.078
8,9,1,2,5,202.5,15815.1,243.611
8,9,1,2,6,247.5,12984.8,190.802
8,9,1,2,7,292.5,14052.1,214.193
8,9,1,2,8,337.5,1316.66,68.8424
8,9,1,3,1,22.5,3447.91,70.6664
8,9,1,3,2,67.5,11345.2,144.814
8,9,1,3,3,112.5,11886.2,150.26
8,9,1,3,4,157.5,13644,170.585
8,9,1,3,5,202.5,11004.7,147.383
8,9,1,3,6,247.5,13966.8,169.819
8,9,1,3,7,292.5,10219.4,139.597
8,9,1,3,8,337.5,2812.42,73.0971
8,9,1,4,1,22.5,2471.97,60.0305
8,9,1,4,2,67.5,8993.36,114.183
8,9,1,4,3,112.5,8439.48,114.446
8,9,1,4,4,157.5,6688.5,101.182
8,9,1,4,5,202.5,5684.61,91.0437
8,9,1,4,6,247.5,9551.57,119.326
8,9,1,4,7,292.5,7484.88,106.899
8,9,1,4,8,337.5,2389.02,55.4955
8,9,1,5,1,22.5,2744.12,59.2485
8,9,1,5,2,67.5,7814.49,103.423
8,9,1,5,3,112.5,6719.39,102.195
8,9,1,5,4,157.5,3316.21,69.8124
8,9,1,5,5,202.5,3029.73,64.6938
8,9,1,5,6,247.5,7008.03,101.277
8,9,1,5,7,292.5,7174.18,98.6648
8,9,1,5,8,337.5,2270.26,55.0913
8,9,1,6,1,22.5,274.255,18.0608
8,9,1,6,2,67.5,610.77,25.9946
8,9,1,6,3,112.5,585.511,25.5372
8,9,1,6,4,157.5,185.949,14.9164
8,9,1,6,5,202.5,150.748,13.1339
8,9,1,6,6,247.5,528.018,24.7664
8,9,1,6,7,292.5,733.609,28.8197
8,9,1,6,8,337.5,213.757,15.1368
8,9,1,7,1,22.5,0,0
8,9,1,7,2,67.5,0,0
8,9,1,7,3,112.5,0,0
8,9,1,7,4,157.5,0,0
8,9,1,7,5,202.5,0,0
8,9,1,7,6,247.5,0,0
8,9,1,7,7,292.5,0,0
8,9,1,7,8,337.5,0,0
8,9,1,8,1,22.5,0,0
8,9,1,8,2,67.5,0,0
8,9,1,8,3,112.5,0,0
8,9,1,8,4,157.5,0,0
8,9,1,8,5,202.5,0,0
8,9,1,8,6,247.5,0,0
8,9,1,8,7,292.5,0,0
8,9,1,8,8,337.5,0,0
8,9,1,9,1,22.5,0,0
8,9,1,9,2,67.5,0,0
8,9,1,9,3,112.5,0,0
8,9,1,9,4,157.5,0,0
8,9,1,9,5,202.5,0,0
8,9,1,9,6,247.5,0,0
8,9,1,9,7,292.5,0,0
8,9,1,9,8,337.5,0,0
8,9,1,10,1,22.5,0,0
8,9,1,10,2,67.5,0,0
8,9,1,10,3,112.5,0,0
8,9,1,10,4,157.5,0,0
8,9,1,10,5,202.5,0,0
8,9,1,10,6,247.5,0,0
8,9,1,10,7,292.5,0,0
8,9,1,10,8,337.5,0,0
8,9,1,11,1,22.5,0,0
8,9,1,11,2,67.5,0,0
8,9,1,11,3,112.5,0,0
8,9,1,11,4,157.5,0,0
8,9,1,11,5,202.5,0,0
8,9,1,11,6,247.5,0,0
8,9,1,11,7,292.5,0,0
8,9,1,11,8,337.5,0,0
8,9,2,1,1,22.5,0,0
8,9,2,1,2,67.5,18270.3,209.573
8,9,2,1,3,112.5,20405.9,279.461
8,9,2,1,4,157.5,22106.5,322.035
8,9,2,1,5,202.5,25882,357.18
8,9,2,1,6,247.5,7191.67,365.802
8,9,2,1,7,292.5,13636.8,287.159
8,9,2,1,8,337.5,1155.86,114.581
8,9,2,2,1,22.5,857.998,42.854
8,9,2,2,2,67.5,12800,176.391
8,9,2,2,3,112.5,23791.9,239.298
8,9,2,2,4,157.5,40794,348.041
8,9,2,2,5,202.5,27949.8,258.675
8,9,2,2,6,247.5,23235.1,252.434
8,9,2,2,7,292.5,14386.7,172.981
8,9,2,2,8,337.5,632.55,39.7239
8,9,2,3,1,22.5,4057.81,75.6493
8,9,2,3,2,67.5,15003.4,161.799
8,9,2,3,3,112.5,19868.2,187.504
8,9,2,3,4,157.5,39189.5,281.406
8,9,2,3,5,202.5,24584.9,221.89
8,9,2,3,6,247.5,28282.9,225.166
8,9,2,3,7,292.5,17373.8,173.616
8,9,2,3,8,337.5,2451.42,61.4467
8,9,2,4,1,22.5,4907.71,80.855
8,9,2,4,2,67.5,16440.2,150.931
8,9,2,4,3,112.5,17980.8,156.729
8,9,2,4,4,157.5,30285.4,210.005
8,9,2,4,5,202.5,19480.3,170.54
8,9,2,4,6,247.5,26245.2,194.243
8,9,2,4,7,292.5,14138.8,144.377
8,9,2,4,8,337.5,3609.59,68.0758
8,9,2,5,1,22.5,8102.59,106.798
8,9,2,5,2,67.5,27142.1,195.513
8,9,2,5,3,112.5,28815.2,208.215
8,9,2,5,4,157.5,37360.4,236.234
8,9,2,5,5,202.5,24499.9,196.005
8,9,2,5,6,247.5,39339.6,243.741
8,9,2,5,7,292.5,20772.2,173.065
8,9,2,5,8,337.5,7125.71,98.9367
8,9,2,6,1,22.5,5930.83,84.4141
8,9,2,6,2,67.5,16092,140.685
8,9,2,6,3,112.5,17169.2,145.473
8,9,2,6,4,157.5,16053.4,141.82
8,9,2,6,5,202.5,11188.4,118.27
8,9,2,6,6,247.5,21295,163.316
8,9,2,6,7,292.5,14466.7,131.207
8,9,2,6,8,337.5,4702.82,73.7148
8,9,2,7,1,22.5,3798.52,65.0309
8,9,2,7,2,67.5,8020.47,98.2118
8,9,2,7,3,112.5,8054.06,97.1566
8,9,2,7,4,157.5,5858.61,83.9195
8,9,2,7,5,202.5,4286.7,72.5907
8,9,2,7,6,247.5,9681.3,115.949
8,9,2,7,7,292.5,7752.73,94.5603
8,9,2,7,8,337.5,2557.66,54.3682
8,9,2,8,1,22.5,2255.98,49.4998
8,9,2,8,2,67.5,4021.06,66.3521
8,9,2,8,3,112.5,4060.85,67.0839
8,9,2,8,4,157.5,2234.38,49.8703
8,9,2,8,5,202.5,1677.24,43.4977
8,9,2,8,6,247.5,4609.89,71.8216
8,9,2,8,7,292.5,4254.26,68.9425
8,9,2,8,8,337.5,1297.57,38.1599
8,9,2,9,1,22.5,398.883,20.7254
8,9,2,9,2,67.5,712.946,27.3701
8,9,2,9,3,112.5,702.065,27.3697
8,9,2,9,4,157.5,222.749,15.4106
8,9,2,9,5,202.5,216.786,15.3263
8,9,2,9,6,247.5,765.676,28.6244
8,9,2,9,7,292.5,794.418,29.0405
8,9,2,9,8,337.5,198.479,14.6045
8,9,2,10,1,22.5,0,0
8,9,2,10,2,67.5,13.0527,4.07001
8,9,2,10,3,112.5,0,0
8,9,2,10,4,157.5,0,0
8,9,2,10,5,202.5,0,0
8,9,2,10,6,247.5,0,0
8,9,2,10,7,292.5,17.6376,4.71439
8,9,2,10,8,337.5,0,0
8,9,2,11,1,22.5,0,0
8,9,2,11,2,67.5,0,0
8,9,2,11,3,112.5,0,0
8,9,2,11,4,157.5,0,0
8,9,2,11,5,202.5,0,0
8,9,2,11,6,247.5,0,0
8,9,2,11,7,292.5,0,0
8,9,2,11,8,337.5,0,0
8,9,3,1,1,22.5,900.86,41.7321
8,9,3,1,2,67.5,5467.12,102.666
8,9,3,1,3,112.5,9451.96,173.05
8,9,3,1,4,157.5,17773.8,202.607
8,9,3,1,5,202.5,12295.5,173.922
8,9,3,1,6,247.5,7024.35,131.196
8,9,3,1,7,292.5,5583.41,106.191
8,9,3,1,8,337.5,1551.21,52.402
8,9,3,2,1,22.5,79.6065,9.8484
8,9,3,2,2,67.5,4750.56,86.3958
8,9,3,2,3,112.5,10463.5,141.615
8,9,3,2,4,157.5,28934.7,234.569
8,9,3,2,5,202.5,15719.5,166.191
8,9,3,2,6,247.5,9049.87,137.168
8,9,3,2,7,292.5,4219.38,87.8194
8,9,3,2,8,337.5,49.066,7.91379
8,9,3,3,1,22.5,186.043,14.6397
8,9,3,3,2,67.5,4867.24,88.4977
8,9,3,3,3,112.5,8601.74,114.604
8,9,3,3,4,157.5,28107.8,213.265
8,9,3,3,5,202.5,14410.6,145.444
8,9,3,3,6,247.5,13618.5,145.125
8,9,3,3,7,292.5,6591.81,100.831
8,9,3,3,8,337.5,291.043,18.3077
8,9,3,4,1,22.5,706.308,28.0666
8,9,3,4,2,67.5,6508,94.501
8,9,3,4,3,112.5,7728.5,104.85
8,9,3,4,4,157.5,24348.3,181.956
8,9,3,4,5,202.5,12154.3,128.035
8,9,3,4,6,247.5,15259,138.67
8,9,3,4,7,292.5,6867.12,93.7827
8,9,3,4,8,337.5,576.775,25.5049
8,9,3,5,1,22.5,1984.83,48.0025
8,9,3,5,2,67.5,14787.5,134.743
8,9,3,5,3,112.5,14432.4,136.304
8,9,3,5,4,157.5,36392,218.426
8,9,3,5,5,202.5,19052.7,162.875
8,9,3,5,6,247.5,27625.1,185.876
8,9,3,5,7,292.5,10898.8,121.114
8,9,3,5,8,337.5,1559.61,46.5787
8,9,3,6,1,22.5,2075.97,49.821
8,9,3,6,2,67.5,12011.1,119.195
8,9,3,6,3,112.5,11540.2,117.355
8,9,3,6,4,157.5,22896.1,166.785
8,9,3,6,5,202.5,12438.2,122.717
8,9,3,6,6,247.5,20125.8,168.927
8,9,3,6,7,292.5,7352.4,93.9171
8,9,3,6,8,337.5,2136.15,50.6205
8,9,3,7,1,22.5,2107.15,48.7887
8,9,3,7,2,67.5,7990.04,94.6411
8,9,3,7,3,112.5,8410.59,98.5071
8,9,3,7,4,157.5,13677.8,129.281
8,9,3,7,5,202.5,7875.54,95.4024
8,9,3,7,6,247.5,13397.5,125.719
8,9,3,7,7,292.5,5563.53,79.5449
8,9,3,7,8,337.5,1976.46,47.7483
8,9,3,8,1,22.5,2984.38,57.0883
8,9,3,8,2,67.5,7308.06,89.3889
8,9,3,8,3,112.5,7977.99,95.1613
8,9,3,8,4,157.5,10279.3,109.072
8,9,3,8,5,202.5,6319.32,84.4262
8,9,3,8,6,247.5,11413.2,114.641
8,9,3,8,7,292.5,6010.32,81.6375
8,9,3,8,8,337.5,2129.15,48.457
8,9,3,9,1,22.5,1979.29,45.9076
8,9,3,9,2,67.5,3815.57,64.264
8,9,3,9,3,112.5,4150.41,67.0171
8,9,3,9,4,157.5,3992.23,65.7823
8,9,3,9,5,202.5,2575.29,53.3122
8,9,3,9,6,247.5,5231.39,76.7436
8,9,3,9,7,292.5,3753.69,64.6485
8,9,3,9,8,337.5,1298.6,37.171
8,9,3,10,1,22.5,1362.74,37.7873
8,9,3,10,2,67.5,2168.73,48.0161
8,9,3,10,3,112.5,2249.07,49.1998
8,9,3,10,4,157.5,1398.38,38.5193
8,9,3,10,5,202.5,993.867,32.5733
8,9,3,10,6,247.5,2677.1,53.3072
8,9,3,10,7,292.5,2224.33,49.1166
8,9,3,10,8,337.5,640.836,26.1158
8,9,3,11,1,22.5,433.339,21.1906
8,9,3,11,2,67.5,644.421,25.9896
8,9,3,11,3,112.5,736.623,27.652
8,9,3,11,4,157.5,331.881,18.6163
8,9,3,11,5,202.5,243.161,16.0883
8,9,3,11,6,247.5,796.973,28.7276
8,9,3,11,7,292.5,761.156,28.0902
8,9,3,11,8,337.5,204.671,14.8075
8,9,4,1,1,22.5,321.773,20.9128
8,9,4,1,2,67.5,1429.45,63.8874
8,9,4,1,3,112.5,6335.35,113.271
8,9,4,1,4,157.5,12176.6,158.171
8,9,4,1,5,202.5,7606.64,114.894
8,9,4,1,6,247.5,1605.71,62.2565
8,9,4,1,7,292.5,860.068,40.6201
8,9,4,1,8,337.5,384.951,23.5437
8,9,4,2,1,22.5,35.9018,7.3975
8,9,4,2,2,67.5,756.085,35.3674
8,9,4,2,3,112.5,6788.32,106.735
8,9,4,2,4,157.5,17825.1,162.238
8,9,4,2,5,202.5,9340.91,122.418
8,9,4,2,6,247.5,2422.08,62.6459
8,9,4,2,7,292.5,1301.83,46.8459
8,9,4,2,8,337.5,37.888,7.10658
8,9,4,3,1,22.5,0,0
8,9,4,3,2,67.5,751.205,33.1526
8,9,4,3,3,112.5,5153.06,83.048
8,9,4,3,4,157.5,17980.3,150.597
8,9,4,3,5,202.5,8592.08,105.043
8,9,4,3,6,247.5,4899.82,78.378
8,9,4,3,7,292.5,2639.37,61.6296
8,9,4,3,8,337.5,0,0
8,9,4,4,1,22.5,0,0
8,9,4,4,2,67.5,1605.99,44.4941
8,9,4,4,3,112.5,3989.81,69.8342
8,9,4,4,4,157.5,15955.5,142.034
8,9,4,4,5,202.5,7310.96,92.9182
8,9,4,4,6,247.5,6419.61,87.9834
8,9,4,4,7,292.5,3205.28,61.3363
8,9,4,4,8,337.5,22.9486,5.48962
8,9,4,5,1,22.5,68.4818,9.26775
8,9,4,5,2,67.5,5967.64,83.5906
8,9,4,5,3,112.5,6746.9,88.9285
8,9,4,5,4,157.5,24825.9,176.96
8,9,4,5,5,202.5,11801.9,122.36
8,9,4,5,6,247.5,14153.7,131.816
8,9,4,5,7,292.5,6599.59,88.4556
8,9,4,5,8,337.5,98.4371,10.7077
8,9,4,6,1,22.5,150.595,13.26
8,9,4,6,2,67.5,6409.98,85.0425
8,9,4,6,3,112.5,5749.27,80.4426
8,9,4,6,4,157.5,16729.1,140.905
8,9,4,6,5,202.5,8421.73,98.6412
8,9,4,6,6,247.5,12084.9,118.025
8,9,4,6,7,292.5,4681.3,74.455
8,9,4,6,8,337.5,154.537,13.4223
8,9,4,7,1,22.5,202.006,15.4616
8,9,4,7,2,67.5,5329.93,76.0401
8,9,4,7,3,112.5,4315.7,69.1548
8,9,4,7,4,157.5,11275,111.667
8,9,4,7,5,202.5,5790.8,80.9916
8,9,4,7,6,247.5,9076.57,103.803
8,9,4,7,7,292.5,3053.28,58.126
8,9,4,7,8,337.5,348.562,19.6581
8,9,4,8,1,22.5,557.839,24.6493
8,9,4,8,2,67.5,5138.27,75.9198
8,9,4,8,3,112.5,4645.96,71.278
8,9,4,8,4,157.5,9579.34,104.689
8,9,4,8,5,202.5,5391.26,77.9717
8,9,4,8,6,247.5,8550.79,96.5448
8,9,4,8,7,292.5,2961.56,56.8756
8,9,4,8,8,337.5,783.141,29.1431
8,9,4,9,1,22.5,705.852,27.4898
8,9,4,9,2,67.5,2853.76,55.3787
8,9,4,9,3,112.5,2937.8,55.7453
8,9,4,9,4,157.5,4950.12,73.3574
8,9,4,9,5,202.5,2648.8,53.6773
8,9,4,9,6,247.5,4789.1,72.3073
8,9,4,9,7,292.5,1833.43,44.0858
8,9,4,9,8,337.5,652.504,26.4656
8,9,4,10,1,22.5,763.028,28.4585
8,9,4,10,2,67.5,1966.14,45.5696
8,9,4,10,3,112.5,2062.97,46.6445
8,9,4,10,4,157.5,2878.57,56.1518
8,9,4,10,5,202.5,1782.18,44.1806
8,9,4,10,6,247.5,3191.06,58.5714
8,9,4,10,7,292.5,1459.19,39.1854
8,9,4,10,8,337.5,586.761,25.0199
8,9,4,11,1,22.5,856.011,29.8252
8,9,4,11,2,67.5,1465.34,39.3259
8,9,4,11,3,112.5,1698.31,42.0455
8,9,4,11,4,157.5,1523.5,40.4281
8,9,4,11,5,202.5,1034.64,34.4359
8,9,4,11,6,247.5,2235.14,48.4213
8,9,4,11,7,292.5,1389.6,38.3333
8,9,4,11,8,337.5,474.251,22.3422
8,9,5,1,1,22.5,206.504,17.3777
8,9,5,1,2,67.5,1277.59,42.629
8,9,5,1,3,112.5,4684.17,85.7721
8,9,5,1,4,157.5,7612.51,100.641
8,9,5,1,5,202.5,5174.76,83.6383
8,9,5,1,6,247.5,1255.77,46.7082
8,9,5,1,7,292.5,290.621,22.5107
8,9,5,1,8,337.5,143.481,14.5107
8,9,5,2,1,22.5,0,0
8,9,5,2,2,67.5,319.569,20.253
8,9,5,2,3,112.5,5104.13,83.5034
8,9,5,2,4,157.5,10714,120.168
8,9,5,2,5,202.5,6018.3,87.8647
8,9,5,2,6,247.5,676.318,29.919
8,9,5,2,7,292.5,316.346,20.0709
8,9,5,2,8,337.5,0,0
8,9,5,3,1,22.5,0,0
8,9,5,3,2,67.5,59.5933,9.02768
8,9,5,3,3,112.5,3992.77,68.0738
8,9,5,3,4,157.5,10607.9,116.57
8,9,5,3,5,202.5,5410.75,84.5057
8,9,5,3,6,247.5,1520.48,42.6231
8,9,5,3,7,292.5,1042.5,35.0172
8,9,5,3,8,337.5,0,0
8,9,5,4,1,22.5,0,0
8,9,5,4,2,67.5,210.364,15.9278
8,9,5,4,3,112.5,3078.46,58.9721
8,9,5,4,4,157.5,9718.22,109.586
8,9,5,4,5,202.5,4736.66,72.6488
8,9,5,4,6,247.5,2571.36,53.5432
8,9,5,4,7,292.5,1617.55,42.5211
8,9,5,4,8,337.5,0,0
8,9,5,5,1,22.5,0,0
8,9,5,5,2,67.5,1667.86,44.8947
8,9,5,5,3,112.5,4262.92,69.9569
8,9,5,5,4,157.5,16066,147.69
8,9,5,5,5,202.5,7347.15,92.8612
8,9,5,5,6,247.5,6368.07,83.8193
8,9,5,5,7,292.5,3870.04,65.5213
8,9,5,5,8,337.5,0,0
8,9,5,6,1,22.5,8.91215,3.92182
8,9,5,6,2,67.5,2760.36,54.3635
8,9,5,6,3,112.5,3119.45,58.3609
8,9,5,6,4,157.5,11464.9,115.271
8,9,5,6,5,202.5,5494,77.5004
8,9,5,6,6,247.5,6328.28,82.8348
8,9,5,6,7,292.5,3391.81,60.2664
8,9,5,6,8,337.5,0,0
8,9,5,7,1,22.5,0,0
8,9,5,7,2,67.5,2928.26,56.2988
8,9,5,7,3,112.5,2467.38,51.154
8,9,5,7,4,157.5,7966.03,93.3391
8,9,5,7,5,202.5,3771.65,63.7209
8,9,5,7,6,247.5,5203.83,75.8754
8,9,5,7,7,292.5,2415.79,50.9063
8,9,5,7,8,337.5,0,0
8,9,5,8,1,22.5,0,0
8,9,5,8,2,67.5,3506.37,61.0785
8,9,5,8,3,112.5,2575.87,52.282
8,9,5,8,4,157.5,7411.38,89.9805
8,9,5,8,5,202.5,3666.1,63.2578
8,9,5,8,6,247.5,5858.24,79.9195
8,9,5,8,7,292.5,2031.34,46.4209
8,9,5,8,8,337.5,73.1576,9.35243
8,9,5,9,1,22.5,65.4877,8.46763
8,9,5,9,2,67.5,2126.66,47.3148
8,9,5,9,3,112.5,1807.58,43.7124
8,9,5,9,4,157.5,3985.24,65.8886
8,9,5,9,5,202.5,2071.11,46.9981
8,9,5,9,6,247.5,3366.9,59.6271
8,9,5,9,7,292.5,1130.69,34.6238
8,9,5,9,8,337.5,169.688,13.5727
8,9,5,10,1,22.5,200.179,14.5491
8,9,5,10,2,67.5,1386.05,38.1269
8,9,5,10,3,112.5,1255.83,36.2156
8,9,5,10,4,157.5,2668.46,54.2608
8,9,5,10,5,202.5,1399.87,38.3911
8,9,5,10,6,247.5,2416.71,50.3833
8,9,5,10,7,292.5,858.626,29.904
8,9,5,10,8,337.5,251.858,16.4298
8,9,5,11,1,22.5,373.512,19.6749
8,9,5,11,2,67.5,985.359,32.0117
8,9,5,11,3,112.5,1095.28,33.7369
8,9,5,11,4,157.5,1660.19,41.9438
8,9,5,11,5,202.5,941.685,31.3607
8,9,5,11,6,247.5,1691.44,41.9091
8,9,5,11,7,292.5,749.495,28.0369
8,9,5,11,8,337.5,304.796,17.8939
8,9,6,1,1,22.5,266.996,18.3825
8,9,6,1,2,67.5,1041.29,35.5946
8,9,6,1,3,112.5,3135.16,61.0454
8,9,6,1,4,157.5,4330.37,76.6972
8,9,6,1,5,202.5,3217.91,62.1747
8,9,6,1,6,247.5,989.326,34.5849
8,9,6,1,7,292.5,257.112,18.7553
8,9,6,1,8,337.5,174.44,14.9019
8,9,6,2,1,22.5,0,0
8,9,6,2,2,67.5,510.094,24.7518
8,9,6,2,3,112.5,3407.36,62.3568
8,9,6,2,4,157.5,5753.73,82.3404
8,9,6,2,5,202.5,3452.23,62.4593
8,9,6,2,6,247.5,386.697,21.1322
8,9,6,2,7,292.5,28.2572,5.96397
8,9,6,2,8,337.5,0,0
8,9,6,3,1,22.5,0,0
8,9,6,3,2,67.5,99.1406,10.7064
8,9,6,3,3,112.5,2753.5,55.357
8,9,6,3,4,157.5,5669.74,79.6258
8,9,6,3,5,202.5,3140.36,60.3291
8,9,6,3,6,247.5,502.023,23.2498
8,9,6,3,7,292.5,284.702,18.1678
8,9,6,3,8,337.5,0,0
8,9,6,4,1,22.5,0,0
8,9,6,4,2,67.5,22.8506,5.24269
8,9,6,4,3,112.5,2118.3,47.9864
8,9,6,4,4,157.5,5156.19,76.8253
8,9,6,4,5,202.5,2692.88,54.1563
8,9,6,4,6,247.5,881.978,30.6129
8,9,6,4,7,292.5,588.353,25.048
8,9,6,4,8,337.5,0,0
8,9,6,5,1,22.5,0,0
8,9,6,5,2,67.5,255.238,16.6337
8,9,6,5,3,112.5,2953.15,57.9472
8,9,6,5,4,157.5,9038.56,103.212
8,9,6,5,5,202.5,4229.87,68.3612
8,9,6,5,6,247.5,2657.66,52.6283
8,9,6,5,7,292.5,1837.36,44.5603
8,9,6,5,8,337.5,0,0
8,9,6,6,1,22.5,0,0
8,9,6,6,2,67.5,868.494,30.2999
8,9,6,6,3,112.5,1798.14,44.0154
8,9,6,6,4,157.5,6532.93,84.1742
8,9,6,6,5,202.5,3087.75,57.6572
8,9,6,6,6,247.5,3006.95,56.885
8,9,6,6,7,292.5,1767.98,43.366
8,9,6,6,8,337.5,0,0
8,9,6,7,1,22.5,0,0
8,9,6,7,2,67.5,1098.28,33.4862
8,9,6,7,3,112.5,1254.55,36.3826
8,9,6,7,4,157.5,4643.69,72.8432
8,9,6,7,5,202.5,2356.39,51.9163
8,9,6,7,6,247.5,2528.24,51.7131
8,9,6,7,7,292.5,1441.38,38.8258
8,9,6,7,8,337.5,0,0
8,9,6,8,1,22.5,0,0
8,9,6,8,2,67.5,1660.4,41.8035
8,9,6,8,3,112.5,1403.31,38.1175
8,9,6,8,4,157.5,4386.96,69.7344
8,9,6,8,5,202.5,2211.32,48.4961
8,9,6,8,6,247.5,2914.13,56.1038
8,9,6,8,7,292.5,1439.27,39.3516
8,9,6,8,8,337.5,0,0
8,9,6,9,1,22.5,0,0
8,9,6,9,2,67.5,1120.56,34.3008
8,9,6,9,3,112.5,891.292,30.5173
8,9,6,9,4,157.5,2588.43,52.159
8,9,6,9,5,202.5,1286.22,36.6927
8,9,6,9,6,247.5,1854.76,44.1691
8,9,6,9,7,292.5,656.211,25.5323
8,9,6,9,8,337.5,0,0
8,9,6,10,1,22.5,0,0
8,9,6,10,2,67.5,928.475,31.1877
8,9,6,10,3,112.5,737.996,27.7341
8,9,6,10,4,157.5,1804.84,43.599
8,9,6,10,5,202.5,868.883,30.5127
8,9,6,10,6,247.5,1515.99,39.7498
8,9,6,10,7,292.5,521.326,23.5335
8,9,6,10,8,337.5,31.6167,5.79511
8,9,6,11,1,22.5,86.5808,9.57242
8,9,6,11,2,67.5,573.437,24.3526
8,9,6,11,3,112.5,554.056,24.183
8,9,6,11,4,157.5,1099.35,34.0878
8,9,6,11,5,202.5,526.217,23.4257
8,9,6,11,6,247.5,887.77,30.398
8,9,6,11,7,292.5,375.515,19.8435
8,9,6,11,8,337.5,109.76,10.9779
8,9,7,1,1,22.5,190.055,16.2724
8,9,7,1,2,67.5,663.416,27.9334
8,9,7,1,3,112.5,1554.49,42.3176
8,9,7,1,4,157.5,2056.58,49.1494
8,9,7,1,5,202.5,1416.88,40.8313
8,9,7,1,6,247.5,614.372,26.6627
8,9,7,1,7,292.5,168.634,14.0658
8,9,7,1,8,337.5,135.812,12.9242
8,9,7,2,1,22.5,0,0
8,9,7,2,2,67.5,327.145,19.1695
8,9,7,2,3,112.5,1673.22,43.4805
8,9,7,2,4,157.5,2482.54,53.046
8,9,7,2,5,202.5,1611.8,45.3736
8,9,7,2,6,247.5,241.165,16.5824
8,9,7,2,7,292.5,0,0
8,9,7,2,8,337.5,0,0
8,9,7,3,1,22.5,0,0
8,9,7,3,2,67.5,92.6508,9.93059
8,9,7,3,3,112.5,1423.25,39.6894
8,9,7,3,4,157.5,2413,51.8824
8,9,7,3,5,202.5,1409.18,39.1647
8,9,7,3,6,247.5,128.429,11.6714
8,9,7,3,7,292.5,49.6719,7.32561
8,9,7,3,8,337.5,0,0
8,9,7,4,1,22.5,0,0
8,9,7,4,2,67.5,49.9597,7.68548
8,9,7,4,3,112.5,1077.83,33.8469
8,9,7,4,4,157.5,2257.01,49.708
8,9,7,4,5,202.5,1258.96,37.0534
8,9,7,4,6,247.5,227.8,15.8446
8,9,7,4,7,292.5,154.137,12.8309
8,9,7,4,8,337.5,0,0
8,9,7,5,1,22.5,0,0
8,9,7,5,2,67.5,0,0
8,9,7,5,3,112.5,1630.4,41.8013
8,9,7,5,4,157.5,3895.88,65.0107
8,9,7,5,5,202.5,2113.92,48.3828
8,9,7,5,6,247.5,736.355,28.1044
8,9,7,5,7,292.5,559.853,24.5405
8,9,7,5,8,337.5,0,0
8,9,7,6,1,22.5,0,0
8,9,7,6,2,67.5,86.5912,9.20472
8,9,7,6,3,112.5,886.906,30.8213
8,9,7,6,4,157.5,3003.26,57.2395
8,9,7,6,5,202.5,1485.19,40.2023
8,9,7,6,6,247.5,986.221,32.7085
8,9,7,6,7,292.5,677.17,27.0974
8,9,7,6,8,337.5,0,0
8,9,7,7,1,22.5,0,0
8,9,7,7,2,67.5,293.654,17.6327
8,9,7,7,3,112.5,611.509,25.6875
8,9,7,7,4,157.5,2145.28,47.7956
8,9,7,7,5,202.5,1028.97,32.8888
8,9,7,7,6,247.5,918.243,31.0339
8,9,7,7,7,292.5,615.193,25.6671
8,9,7,7,8,337.5,0,0
8,9,7,8,1,22.5,0,0
8,9,7,8,2,67.5,454.851,21.7954
8,9,7,8,3,112.5,605.079,25.3923
8,9,7,8,4,157.5,2053,46.6267
8,9,7,8,5,202.5,960.27,32.0868
8,9,7,8,6,247.5,1171.2,35.1329
8,9,7,8,7,292.5,692.86,26.4047
8,9,7,8,8,337.5,0,0
8,9,7,9,1,22.5,0,0
8,9,7,9,2,67.5,343.374,19.0107
8,9,7,9,3,112.5,336.379,18.8046
8,9,7,9,4,157.5,982.099,32.0126
8,9,7,9,5,202.5,469.142,22.254
8,9,7,9,6,247.5,643.844,25.8041
8,9,7,9,7,292.5,335.719,18.7796
8,9,7,9,8,337.5,0,0
8,9,7,10,1,22.5,0,0
8,9,7,10,2,67.5,225.798,15.5015
8,9,7,10,3,112.5,173.735,13.5765
8,9,7,10,4,157.5,504.431,22.9476
8,9,7,10,5,202.5,258.346,16.5521
8,9,7,10,6,247.5,388.407,20.2592
8,9,7,10,7,292.5,131.199,11.7906
8,9,7,10,8,337.5,0,0
8,9,7,11,1,22.5,0,0
8,9,7,11,2,67.5,60.5945,8.10785
8,9,7,11,3,112.5,58.3625,8.05387
8,9,7,11,4,157.5,114.923,11.1256
8,9,7,11,5,202.5,67.1227,8.59969
8,9,7,11,6,247.5,99.9545,10.3064
8,9,7,11,7,292.5,25.2188,5.31083
8,9,7,11,8,337.5,0,0
8,9,8,1,1,22.5,44.4193,7.05542
8,9,8,1,2,67.5,170.369,13.83
8,9,8,1,3,112.5,302.349,18.465
8,9,8,1,4,157.5,482.131,23.4888
8,9,8,1,5,202.5,398.793,20.8109
8,9,8,1,6,247.5,131.774,11.9082
8,9,8,1,7,292.5,47.4321,7.44066
8,9,8,1,8,337.5,38.2164,6.5972
8,9,8,2,1,22.5,0,0
8,9,8,2,2,67.5,73.7463,8.93821
8,9,8,2,3,112.5,386.549,21.2909
8,9,8,2,4,157.5,514.201,23.5639
8,9,8,2,5,202.5,439.557,22.1241
8,9,8,2,6,247.5,41.5255,6.86865
8,9,8,2,7,292.5,0,0
8,9,8,2,8,337.5,0,0
8,9,8,3,1,22.5,0,0
8,9,8,3,2,67.5,27.8232,5.49593
8,9,8,3,3,112.5,323.392,19.5926
8,9,8,3,4,157.5,555.186,24.4214
8,9,8,3,5,202.5,243.829,16.3482
8,9,8,3,6,247.5,24.8987,5.09382
8,9,8,3,7,292.5,0,0
8,9,8,3,8,337.5,0,0
8,9,8,4,1,22.5,0,0
8,9,8,4,2,67.5,0,0
8,9,8,4,3,112.5,222.33,15.3811
8,9,8,4,4,157.5,433.32,21.8924
8,9,8,4,5,202.5,221.293,15.6419
8,9,8,4,6,247.5,36.6424,6.54569
8,9,8,4,7,292.5,12.7043,3.95849
8,9,8,4,8,337.5,0,0
8,9,8,5,1,22.5,0,0
8,9,8,5,2,67.5,0,0
8,9,8,5,3,112.5,300.933,19.3777
8,9,8,5,4,157.5,623.098,25.9622
8,9,8,5,5,202.5,273.709,17.5822
8,9,8,5,6,247.5,115.92,11.255
8,9,8,5,7,292.5,51.4115,7.53492
8,9,8,5,8,337.5,0,0
8,9,8,6,1,22.5,0,0
8,9,8,6,2,67.5,0,0
8,9,8,6,3,112.5,117.532,11.4935
8,9,8,6,4,157.5,311.477,18.3508
8,9,8,6,5,202.5,174.866,13.6159
8,9,8,6,6,247.5,86.721,9.63868
8,9,8,6,7,292.5,38.3691,6.36138
8,9,8,6,8,337.5,0,0
8,9,8,7,1,22.5,0,0
8,9,8,7,2,67.5,9.56127,3.31938
8,9,8,7,3,112.5,42.6542,7.11532
8,9,8,7,4,157.5,121.153,11.5877
8,9,8,7,5,202.5,0,0
8,9,8,7,6,247.5,65.8311,8.4028
8,9,8,7,7,292.5,22.6729,4.95306
8,9,8,7,8,337.5,0,0
8,9,8,8,1,22.5,0,0
8,9,8,8,2,67.5,0,0
8,9,8,8,3,112.5,0,0
8,9,8,8,4,157.5,17.7735,5.01779
8,9,8,8,5,202.5,12.1125,3.73786
8,9,8,8,6,247.5,0,0
8,9,8,8,7,292.5,0,0
8,9,8,8,8,337.5,0,0
8,9,8,9,1,22.5,0,0
8,9,8,9,2,67.5,0,0
8,9,8,9,3,112.5,0,0
8,9,8,9,4,157.5,0,0
8,9,8,9,5,202.5,0,0
8,9,8,9,6,247.5,0,0
8,9,8,9,7,292.5,0,0
8,9,8,9,8,337.5,0,0
8,9,8,10,1,22.5,0,0
8,9,8,10,2,67.5,0,0
8,9,8,10,3,112.5,0,0
8,9,8,10,4,157.5,0,0
8,9,8,10,5,202.5,0,0
8,9,8,10,6,247.5,0,0
8,9,8,10,7,292.5,0,0
8,9,8,10,8,337.5,0,0
8,9,8,11,1,22.5,0,0
8,9,8,11,2,67.5,0,0
8,9,8,11,3,112.5,0,0
8,9,8,11,4,157.5,0,0
8,9,8,11,5,202.5,0,0
8,9,8,11,6,247.5,0,0
8,9,8,11,7,292.5,0,0
8,9,8,11,8,337.5,0,0
9,10,1,1,1,22.5,723.623,62.9423
9,10,1,1,2,67.5,6413.76,195.837
9,10,1,1,3,112.5,10502.8,258.292
9,10,1,1,4,157.5,6483.55,187.082
9,10,1,1,5,202.5,9579.87,261.889
9,10,1,1,6,247.5,10899.9,382.336
9,10,1,1,7,292.5,3635.84,169.351
9,10,1,1,8,337.5,630.728,66.8769
9,10,1,2,1,22.5,1226.35,56.5122
9,10,1,2,2,67.5,5228.8,107.754
9,10,1,2,3,112.5,8213.46,168.449
9,10,1,2,4,157.5,9589.53,182.71
9,10,1,2,5,202.5,7961.25,176.575
9,10,1,2,6,247.5,7408.26,151.033
9,10,1,2,7,292.5,6961.08,135.29
9,10,1,2,8,337.5,811.678,50.1036
9,10,1,3,1,22.5,1982.06,53.7329
9,10,1,3,2,67.5,5885.77,103.774
9,10,1,3,3,112.5,5770.22,97.8814
9,10,1,3,4,157.5,5090.93,133.321
9,10,1,3,5,202.5,4221.58,85.7234
9,10,1,3,6,247.5,6670.63,105.711
9,10,1,3,7,292.5,5675.44,101.003
9,10,1,3,8,337.5,1221.75,43.2971
9,10,1,4,1,22.5,1242.98,39.6657
9,10,1,4,2,67.5,4260.13,78.3126
9,10,1,4,3,112.5,3298.64,66.3918
9,10,1,4,4,157.5,1696.68,47.9131
9,10,1,4,5,202.5,1554.13,44.5654
9,10,1,4,6,247.5,3858.2,70.0807
9,10,1,4,7,292.5,3822.69,74.5455
9,10,1,4,8,337.5,1147.26,37.2205
9,10,1,5,1,22.5,904.297,33.9714
9,10,1,5,2,67.5,2837.23,59.9057
9,10,1,5,3,112.5,1833.45,46.6953
9,10,1,5,4,157.5,534.752,25.9004
9,10,1,5,5,202.5,521.828,25.1063
9,10,1,5,6,247.5,1842.23,48.3879
9,10,1,5,7,292.5,2606.2,57.9381
9,10,1,5,8,337.5,768.163,31.1199
9,10,1,6,1,22.5,0,0
9,10,1,6,2,67.5,22.6631,4.93045
9,10,1,6,3,112.5,0,0
9,10,1,6,4,157.5,0,0
9,10,1,6,5,202.5,0,0
9,10,1,6,6,247.5,17.3239,4.58157
9,10,1,6,7,292.5,0,0
9,10,1,6,8,337.5,15.4078,4.21964
9,10,1,7,1,22.5,0,0
9,10,1,7,2,67.5,0,0
9,10,1,7,3,112.5,0,0
9,10,1,7,4,157.5,0,0
9,10,1,7,5,202.5,0,0
9,10,1,7,6,247.5,0,0
9,10,1,7,7,292.5,0,0
9,10,1,7,8,337.5,0,0
9,10,1,8,1,22.5,0,0
9,10,1,8,2,67.5,0,0
9,10,1,8,3,112.5,0,0
9,10,1,8,4,157.5,0,0
9,10,1,8,5,202.5,0,0
9,10,1,8,6,247.5,0,0
9,10,1,8,7,292.5,0,0
9,10,1,8,8,337.5,0,0
9,10,1,9,1,22.5,0,0
9,10,1,9,2,67.5,0,0
9,10,1,9,3,112.5,0,0
9,10,1,9,4,157.5,0,0
9,10,1,9,5,202.5,0,0
9,10,1,9,6,247.5,0,0
9,10,1,9,7,292.5,0,0
9,10,1,9,8,337.5,0,0
9,10,1,10,1,22.5,0,0
9,10,1,10,2,67.5,0,0
9,10,1,10,3,112.5,0,0
9,10,1,10,4,157.5,0,0
9,10,1,10,5,202.5,0,0
9,10,1,10,6,247.5,0,0
9,10,1,10,7,292.5,0,0
9,10,1,10,8,337.5,0,0
9,10,1,11,1,22.5,0,0
9,10,1,11,2,67.5,0,0
9,10,1,11,3,112.5,0,0
9,10,1,11,4,157.5,0,0
9,10,1,11,5,202.5,0,0
9,10,1,11,6,247.5,0,0
9,10,1,11,7,292.5,0,0
9,10,1,11,8,337.5,0,0
9,10,2,1,1,22.5,2384.1,118.308
9,10,2,1,2,67.5,22662.4,291.292
9,10,2,1,3,112.5,20452.5,294.268
9,10,2,1,4,157.5,28758.4,340.923
9,10,2,1,5,202.5,26129,411.676
9,10,2,1,6,247.5,25295.5,343.766
9,10,2,1,7,292.5,21212.9,269.928
9,10,2,1,8,337.5,3432.95,142.669
9,10,2,2,1,22.5,777.919,43.1198
9,10,2,2,2,67.5,13627.2,184.991
9,10,2,2,3,112.5,22891.1,235.494
9,10,2,2,4,157.5,39020.5,338.44
9,10,2,2,5,202.5,28319.7,261.459
9,10,2,2,6,247.5,23438.9,248.706
9,10,2,2,7,292.5,13605.6,170.123
9,10,2,2,8,337.5,1205.15,54.3238
9,10,2,3,1,22.5,3789.9,73.4745
9,10,2,3,2,67.5,14832.2,152.674
9,10,2,3,3,112.5,18392.6,183.15
9,10,2,3,4,157.5,30988.2,237.761
9,10,2,3,5,202.5,21739.5,198.653
9,10,2,3,6,247.5,24238,207.253
9,10,2,3,7,292.5,17785.4,176.556
9,10,2,3,8,337.5,2864.98,62.2661
9,10,2,4,1,22.5,4313.58,72.3913
9,10,2,4,2,67.5,15636.2,143.119
9,10,2,4,3,112.5,15422.8,146.577
9,10,2,4,4,157.5,20561.3,170.432
9,10,2,4,5,202.5,13752.1,143.618
9,10,2,4,6,247.5,21322,174.934
9,10,2,4,7,292.5,14717.2,139.976
9,10,2,4,8,337.5,2782.11,58.4521
9,10,2,5,1,22.5,6516.56,90.6508
9,10,2,5,2,67.5,24029,177.637
9,10,2,5,3,112.5,20614.7,170.171
9,10,2,5,4,157.5,19321.7,162.039
9,10,2,5,5,202.5,13365.4,135.622
9,10,2,5,6,247.5,27768.7,197.892
9,10,2,5,7,292.5,19556.6,164.476
9,10,2,5,8,337.5,5281.99,80.1094
9,10,2,6,1,22.5,4153.69,68.8126
9,10,2,6,2,67.5,11952.4,120.686
9,10,2,6,3,112.5,9533.81,107.345
9,10,2,6,4,157.5,5675.13,81.0963
9,10,2,6,5,202.5,4129.8,70.2714
9,10,2,6,6,247.5,11673.8,123.603
9,10,2,6,7,292.5,10047.9,109.125
9,10,2,6,8,337.5,3538.56,63.1447
9,10,2,7,1,22.5,2119.66,48.03
9,10,2,7,2,67.5,4663.16,71.539
9,10,2,7,3,112.5,3523.2,62.5647
9,10,2,7,4,157.5,1446.44,39.6072
9,10,2,7,5,202.5,1100.29,35.1634
9,10,2,7,6,247.5,4097.42,68.562
9,10,2,7,7,292.5,4110.37,68.2164
9,10,2,7,8,337.5,1639.12,42.2669
9,10,2,8,1,22.5,904.486,31.4525
9,10,2,8,2,67.5,1748.52,43.3253
9,10,2,8,3,112.5,1237.18,36.5021
9,10,2,8,4,157.5,328.216,19.3347
9,10,2,8,5,202.5,314.455,18.8883
9,10,2,8,6,247.5,1365.23,38.5769
9,10,2,8,7,292.5,1596.13,41.5076
9,10,2,8,8,337.5,597.357,25.3393
9,10,2,9,1,22.5,14.155,4.14046
9,10,2,9,2,67.5,86.4789,10.0124
9,10,2,9,3,112.5,78.7353,9.45479
9,10,2,9,4,157.5,0,0
9,10,2,9,5,202.5,0,0
9,10,2,9,6,247.5,90.0823,9.89939
9,10,2,9,7,292.5,99.3236,10.3606
9,10,2,9,8,337.5,0,0
9,10,2,10,1,22.5,0,0
9,10,2,10,2,67.5,0,0
9,10,2,10,3,112.5,0,0
9,10,2,10,4,157.5,0,0
9,10,2,10,5,202.5,0,0
9,10,2,10,6,247.5,0,0
9,10,2,10,7,292.5,0,0
9,10,2,10,8,337.5,0,0
9,10,2,11,1,22.5,0,0
9,10,2,11,2,67.5,0,0
9,10,2,11,3,112.5,0,0
9,10,2,11,4,157.5,0,0
9,10,2,11,5,202.5,0,0
9,10,2,11,6,247.5,0,0
9,10,2,11,7,292.5,0,0
9,10,2,11,8,337.5,0,0
9,10,3,1,1,22.5,3074.96,71.5701
9,10,3,1,2,67.5,8345.08,143.079
9,10,3,1,3,112.5,16371.7,198.801
9,10,3,1,4,157.5,28302.7,291.969
9,10,3,1,5,202.5,20683.4,259.445
9,10,3,1,6,247.5,10697.1,178.992
9,10,3,1,7,292.5,2606.33,90.0773
9,10,3,1,8,337.5,5007.75,97.0169
9,10,3,2,1,22.5,1144.98,40.1774
9,10,3,2,2,67.5,7828.07,112.286
9,10,3,2,3,112.5,14827.2,161.238
9,10,3,2,4,157.5,34683.2,258.281
9,10,3,2,5,202.5,21489.3,197.58
9,10,3,2,6,247.5,10623.7,140.692
9,10,3,2,7,292.5,7053.19,117.596
9,10,3,2,8,337.5,678.916,29.5205
9,10,3,3,1,22.5,437.692,23.7225
9,10,3,3,2,67.5,6977.37,119.634
9,10,3,3,3,112.5,11185.3,128.889
9,10,3,3,4,157.5,30752.1,216.815
9,10,3,3,5,202.5,18464.8,177.42
9,10,3,3,6,247.5,13775.5,136.193
9,10,3,3,7,292.5,9525.63,113.814
9,10,3,3,8,337.5,789.397,31.5354
9,10,3,4,1,22.5,1059.17,34.4666
9,10,3,4,2,67.5,8464.38,105.22
9,10,3,4,3,112.5,9056.33,107.468
9,10,3,4,4,157.5,24794.2,181.363
9,10,3,4,5,202.5,14393.9,139.263
9,10,3,4,6,247.5,14930.5,140.62
9,10,3,4,7,292.5,10281.7,110.884
9,10,3,4,8,337.5,1266.5,37.548
9,10,3,5,1,22.5,2772.93,56.8424
9,10,3,5,2,67.5,18352.4,146.38
9,10,3,5,3,112.5,15557.4,138.171
9,10,3,5,4,157.5,34012.1,209.014
9,10,3,5,5,202.5,19923.8,161.108
9,10,3,5,6,247.5,26406.5,180.119
9,10,3,5,7,292.5,16108.4,148.233
9,10,3,5,8,337.5,2140.16,49.4232
9,10,3,6,1,22.5,2119.24,49.8858
9,10,3,6,2,67.5,13501,125.497
9,10,3,6,3,112.5,11582.4,115.253
9,10,3,6,4,157.5,17270.3,153.506
9,10,3,6,5,202.5,10624.6,113.276
9,10,3,6,6,247.5,18503.7,153.732
9,10,3,6,7,292.5,9347.84,104.072
9,10,3,6,8,337.5,2006.89,47.5881
9,10,3,7,1,22.5,1955.61,46.6883
9,10,3,7,2,67.5,8778.01,99.0033
9,10,3,7,3,112.5,7566.84,92.0908
9,10,3,7,4,157.5,8162.58,100.016
9,10,3,7,5,202.5,5335.71,78.46
9,10,3,7,6,247.5,11308.1,114.673
9,10,3,7,7,292.5,6050.72,81.8061
9,10,3,7,8,337.5,2014.1,47.1941
9,10,3,8,1,22.5,2712.69,54.058
9,10,3,8,2,67.5,7132.54,87.7637
9,10,3,8,3,112.5,6259.05,83.5304
9,10,3,8,4,157.5,4771.07,72.5268
9,10,3,8,5,202.5,3201.16,59.5331
9,10,3,8,6,247.5,8368.41,97.6461
9,10,3,8,7,292.5,5532.42,77.6706
9,10,3,8,8,337.5,2313.06,50.804
9,10,3,9,1,22.5,1543.11,40.3398
9,10,3,9,2,67.5,2970.01,56.2143
9,10,3,9,3,112.5,2457.26,51.1016
9,10,3,9,4,157.5,1200.1,35.7825
9,10,3,9,5,202.5,944.169,31.9359
9,10,3,9,6,247.5,2988.63,57.0208
9,10,3,9,7,292.5,2654.38,53.3415
9,10,3,9,8,337.5,1170.04,35.1622
9,10,3,10,1,22.5,734.109,27.8738
9,10,3,10,2,67.5,1232.44,36.0596
9,10,3,10,3,112.5,988.23,32.2404
9,10,3,10,4,157.5,304.27,18.2037
9,10,3,10,5,202.5,255.156,16.6706
9,10,3,10,6,247.5,1135.6,34.5988
9,10,3,10,7,292.5,1159.48,34.8918
9,10,3,10,8,337.5,439.657,21.5772
9,10,3,11,1,22.5,113.638,10.9724
9,10,3,11,2,67.5,174.778,13.6127
9,10,3,11,3,112.5,214.845,15.2228
9,10,3,11,4,157.5,22.5947,5.08261
9,10,3,11,5,202.5,0,0
9,10,3,11,6,247.5,180.344,13.7835
9,10,3,11,7,292.5,230.3,15.7044
9,10,3,11,8,337.5,65.2373,8.38121
9,10,4,1,1,22.5,2293.92,61.6349
9,10,4,1,2,67.5,5509.28,99.9242
9,10,4,1,3,112.5,14501,167.227
9,10,4,1,4,157.5,22351.3,204.956
9,10,4,1,5,202.5,15726.2,175.465
9,10,4,1,6,247.5,5610.1,96.5202
9,10,4,1,7,292.5,2877.5,75.832
9,10,4,1,8,337.5,2217.23,64.7998
9,10,4,2,1,22.5,756.394,30.0868
9,10,4,2,2,67.5,2166.12,56.6463
9,10,4,2,3,112.5,11803,131.949
9,10,4,2,4,157.5,25765.8,207.886
9,10,4,2,5,202.5,15361.5,152.03
9,10,4,2,6,247.5,3879.06,76.7413
9,10,4,2,7,292.5,2831.49,68.1227
9,10,4,2,8,337.5,802.158,30.2731
9,10,4,3,1,22.5,354.44,20.2086
9,10,4,3,2,67.5,1717.04,48.0846
9,10,4,3,3,112.5,7816.81,110.087
9,10,4,3,4,157.5,23189.1,175.342
9,10,4,3,5,202.5,13178.9,129.812
9,10,4,3,6,247.5,5472.2,82.2548
9,10,4,3,7,292.5,4845.07,77.6915
9,10,4,3,8,337.5,198.211,15.0597
9,10,4,4,1,22.5,124.839,11.8633
9,10,4,4,2,67.5,2949.8,59.6153
9,10,4,4,3,112.5,5766.32,81.9593
9,10,4,4,4,157.5,19091.6,153.375
9,10,4,4,5,202.5,10680.6,110.586
9,10,4,4,6,247.5,6872.77,89.5253
9,10,4,4,7,292.5,6126.89,83.3924
9,10,4,4,8,337.5,144.036,12.7052
9,10,4,5,1,22.5,337.382,19.3017
9,10,4,5,2,67.5,9051.29,101.059
9,10,4,5,3,112.5,8544.37,99.9336
9,10,4,5,4,157.5,28404.4,189.121
9,10,4,5,5,202.5,16074.7,138.5
9,10,4,5,6,247.5,14710.1,130.215
9,10,4,5,7,292.5,11956.1,116.923
9,10,4,5,8,337.5,474.339,22.9285
9,10,4,6,1,22.5,417.945,21.3956
9,10,4,6,2,67.5,9270.63,100.624
9,10,4,6,3,112.5,6772.05,86.4685
9,10,4,6,4,157.5,18158.4,144.799
9,10,4,6,5,202.5,10268.2,106.476
9,10,4,6,6,247.5,12244.5,117.954
9,10,4,6,7,292.5,8103.25,94.2975
9,10,4,6,8,337.5,345.24,19.6366
9,10,4,7,1,22.5,301.3,18.3232
9,10,4,7,2,67.5,6865.17,86.8321
9,10,4,7,3,112.5,4973.82,73.9129
9,10,4,7,4,157.5,10986.8,112.829
9,10,4,7,5,202.5,6368.95,84.1832
9,10,4,7,6,247.5,9218.61,103.189
9,10,4,7,7,292.5,4792.63,71.9159
9,10,4,7,8,337.5,423.28,21.3631
9,10,4,8,1,22.5,560.338,24.5852
9,10,4,8,2,67.5,6346.98,82.768
9,10,4,8,3,112.5,5039.53,73.8729
9,10,4,8,4,157.5,8281.63,95.0909
9,10,4,8,5,202.5,5045.65,74.2914
9,10,4,8,6,247.5,8350.74,94.5445
9,10,4,8,7,292.5,3918.31,64.8016
9,10,4,8,8,337.5,823.408,29.8225
9,10,4,9,1,22.5,707.276,27.4517
9,10,4,9,2,67.5,3091.08,57.2569
9,10,4,9,3,112.5,2773.31,54.5608
9,10,4,9,4,157.5,3360.32,59.84
9,10,4,9,5,202.5,2114.66,47.5893
9,10,4,9,6,247.5,4272.47,67.3271
9,10,4,9,7,292.5,2001.31,45.9018
9,10,4,9,8,337.5,825.747,29.4676
9,10,4,10,1,22.5,730.137,27.6732
9,10,4,10,2,67.5,1859.42,44.0043
9,10,4,10,3,112.5,1838.61,43.8936
9,10,4,10,4,157.5,1514.46,39.9642
9,10,4,10,5,202.5,1019.26,33.0225
9,10,4,10,6,247.5,2619.4,52.5283
9,10,4,10,7,292.5,1435.36,38.217
9,10,4,10,8,337.5,711.206,27.3007
9,10,4,11,1,22.5,608.753,25.1395
9,10,4,11,2,67.5,1078.63,33.5309
9,10,4,11,3,112.5,987.369,32.3018
9,10,4,11,4,157.5,530.475,23.6533
9,10,4,11,5,202.5,421.06,21.0868
9,10,4,11,6,247.5,1167.99,34.9113
9,10,4,11,7,292.5,966.022,31.8376
9,10,4,11,8,337.5,468.414,22.1602
9,10,5,1,1,22.5,2476.44,57.9605
9,10,5,1,2,67.5,5577.38,85.4229
9,10,5,1,3,112.5,11553.9,130.31
9,10,5,1,4,157.5,15127.1,148.55
9,10,5,1,5,202.5,11500.5,129.692
9,10,5,1,6,247.5,4869.77,79.587
9,10,5,1,7,292.5,1939.09,52.6246
9,10,5,1,8,337.5,1514.88,46.0885
9,10,5,2,1,22.5,249.423,17.6923
9,10,5,2,2,67.5,1642.05,44.9839
9,10,5,2,3,112.5,9193,108.407
9,10,5,2,4,157.5,16467.1,147.567
9,10,5,2,5,202.5,10652.9,116.946
9,10,5,2,6,247.5,1946.58,50.2306
9,10,5,2,7,292.5,592.734,27.6712
9,10,5,2,8,337.5,146.219,13.5555
9,10,5,3,1,22.5,45.5461,7.61254
9,10,5,3,2,67.5,451.824,24.7345
9,10,5,3,3,112.5,6474.84,89.3573
9,10,5,3,4,157.5,15276.3,135.981
9,10,5,3,5,202.5,8782.93,100.705
9,10,5,3,6,247.5,1919.35,47.1358
9,10,5,3,7,292.5,1921.67,48.967
9,10,5,3,8,337.5,82.1369,10.0098
9,10,5,4,1,22.5,21.114,5.68255
9,10,5,4,2,67.5,445.089,23.3925
9,10,5,4,3,112.5,4452.46,70.1857
9,10,5,4,4,157.5,12796.1,120.655
9,10,5,4,5,202.5,7070.33,88.1615
9,10,5,4,6,247.5,2641.77,54.035
9,10,5,4,7,292.5,3052.95,57.9862
9,10,5,4,8,337.5,0,0
9,10,5,5,1,22.5,72.6991,9.14145
9,10,5,5,2,67.5,2726.23,54.79
9,10,5,5,3,112.5,5911.01,80.9479
9,10,5,5,4,157.5,19966.2,160.959
9,10,5,5,5,202.5,11336.1,111.446
9,10,5,5,6,247.5,6724.61,87.3325
9,10,5,5,7,292.5,7148.31,88.3016
9,10,5,5,8,337.5,104.683,10.7905
9,10,5,6,1,22.5,77.9761,9.263
9,10,5,6,2,67.5,4277.63,67.9207
9,10,5,6,3,112.5,3998.98,65.7727
9,10,5,6,4,157.5,13207.7,120.667
9,10,5,6,5,202.5,7339.96,88.9948
9,10,5,6,6,247.5,6625.27,84.3155
9,10,5,6,7,292.5,6311.55,82.0745
9,10,5,6,8,337.5,54.8706,8.13787
9,10,5,7,1,22.5,79.5616,9.40919
9,10,5,7,2,67.5,4292.26,66.7113
9,10,5,7,3,112.5,2879.07,55.7042
9,10,5,7,4,157.5,8824.78,97.539
9,10,5,7,5,202.5,4909.94,73.7745
9,10,5,7,6,247.5,5416.22,76.1407
9,10,5,7,7,292.5,4180.41,66.3311
9,10,5,7,8,337.5,14.2276,4.26986
9,10,5,8,1,22.5,78.7138,9.46269
9,10,5,8,2,67.5,4686.24,70.2657
9,10,5,8,3,112.5,3042.33,57.0709
9,10,5,8,4,157.5,7549.35,91.2658
9,10,5,8,5,202.5,4352.97,68.5981
9,10,5,8,6,247.5,5598.05,77.4586
9,10,5,8,7,292.5,3587.92,61.6397
9,10,5,8,8,337.5,85.2293,10.1492
9,10,5,9,1,22.5,37.7009,6.48841
9,10,5,9,2,67.5,2630.58,52.4115
9,10,5,9,3,112.5,1756.34,42.088
9,10,5,9,4,157.5,3657.9,61.9918
9,10,5,9,5,202.5,2108.06,47.397
9,10,5,9,6,247.5,3266.64,58.803
9,10,5,9,7,292.5,1504.22,39.7968
9,10,5,9,8,337.5,196.645,14.5854
9,10,5,10,1,22.5,141.238,12.4339
9,10,5,10,2,67.5,1547.76,40.1768
9,10,5,10,3,112.5,1230.13,36.0904
9,10,5,10,4,157.5,2081.32,46.7394
9,10,5,10,5,202.5,1236.05,36.2167
9,10,5,10,6,247.5,2038.58,46.2435
9,10,5,10,7,292.5,886.623,30.4149
9,10,5,10,8,337.5,301.956,17.4088
9,10,5,11,1,22.5,250.615,16.3188
9,10,5,11,2,67.5,707.55,27.1376
9,10,5,11,3,112.5,720.195,27.4365
9,10,5,11,4,157.5,810.661,29.1969
9,10,5,11,5,202.5,557.44,24.2704
9,10,5,11,6,247.5,1014.16,32.447
9,10,5,11,7,292.5,506.086,22.9839
9,10,5,11,8,337.5,227.132,15.532
9,10,6,1,1,22.5,1979.94,51.8578
9,10,6,1,2,67.5,4272.13,70.2834
9,10,6,1,3,112.5,7141.75,95.7413
9,10,6,1,4,157.5,8882.4,107.777
9,10,6,1,5,202.5,6954.84,93.8989
9,10,6,1,6,247.5,3285.29,65.2071
9,10,6,1,7,292.5,1571.42,46.0489
9,10,6,1,8,337.5,1481.55,41.8856
9,10,6,2,1,22.5,326.189,19.0966
9,10,6,2,2,67.5,1883.6,47.5477
9,10,6,2,3,112.5,6101.97,84.6294
9,10,6,2,4,157.5,9558.54,106.591
9,10,6,2,5,202.5,6172.09,82.9268
9,10,6,2,6,247.5,1529.49,41.03
9,10,6,2,7,292.5,105.841,11.5148
9,10,6,2,8,337.5,71.1553,9.05852
9,10,6,3,1,22.5,16.7282,4.46416
9,10,6,3,2,67.5,570.751,25.0679
9,10,6,3,3,112.5,4336.04,70.4711
9,10,6,3,4,157.5,8336.31,98.9167
9,10,6,3,5,202.5,5314.52,76.0995
9,10,6,3,6,247.5,936.77,31.9434
9,10,6,3,7,292.5,430.664,22.1363
9,10,6,3,8,337.5,0,0
9,10,6,4,1,22.5,0,0
9,10,6,4,2,67.5,133.687,12.265
9,10,6,4,3,112.5,3214.51,58.3809
9,10,6,4,4,157.5,7299.26,89.206
9,10,6,4,5,202.5,4295.03,68.4999
9,10,6,4,6,247.5,1060.81,34.445
9,10,6,4,7,292.5,1067.78,33.8339
9,10,6,4,8,337.5,0,0
9,10,6,5,1,22.5,0,0
9,10,6,5,2,67.5,466.016,22.7762
9,10,6,5,3,112.5,4228.98,66.5981
9,10,6,5,4,157.5,11592.7,111.872
9,10,6,5,5,202.5,6693.35,88.5539
9,10,6,5,6,247.5,2667.18,53.3098
9,10,6,5,7,292.5,3148.03,57.9658
9,10,6,5,8,337.5,31.9666,6.23964
9,10,6,6,1,22.5,0,0
9,10,6,6,2,67.5,1277.7,36.6107
9,10,6,6,3,112.5,2498.44,51.258
9,10,6,6,4,157.5,7744.2,90.6646
9,10,6,6,5,202.5,4438.31,68.7472
9,10,6,6,6,247.5,2938.1,55.5373
9,10,6,6,7,292.5,3194.7,58.1422
9,10,6,6,8,337.5,11.3854,3.76842
9,10,6,7,1,22.5,0,0
9,10,6,7,2,67.5,1654.34,41.6229
9,10,6,7,3,112.5,1544.65,40.3644
9,10,6,7,4,157.5,5419.29,75.2016
9,10,6,7,5,202.5,2775.97,54.5449
9,10,6,7,6,247.5,2472.41,51.1064
9,10,6,7,7,292.5,2515.53,51.1341
9,10,6,7,8,337.5,0,0
9,10,6,8,1,22.5,44.199,7.50193
9,10,6,8,2,67.5,2221.88,48.1579
9,10,6,8,3,112.5,1526.49,40.0201
9,10,6,8,4,157.5,4877.72,72.1144
9,10,6,8,5,202.5,2658.66,52.8058
9,10,6,8,6,247.5,2780.99,53.6238
9,10,6,8,7,292.5,2301.07,49.0704
9,10,6,8,8,337.5,0,0
9,10,6,9,1,22.5,0,0
9,10,6,9,2,67.5,1384.39,37.9193
9,10,6,9,3,112.5,858.855,29.8736
9,10,6,9,4,157.5,2198.56,48.1349
9,10,6,9,5,202.5,1367.67,38.2118
9,10,6,9,6,247.5,1649.97,41.5135
9,10,6,9,7,292.5,1009.4,32.5313
9,10,6,9,8,337.5,0,0
9,10,6,10,1,22.5,0,0
9,10,6,10,2,67.5,798.377,28.7517
9,10,6,10,3,112.5,555.046,24.3287
9,10,6,10,4,157.5,1248.87,36.2228
9,10,6,10,5,202.5,665.704,26.3972
9,10,6,10,6,247.5,1006.01,32.3182
9,10,6,10,7,292.5,453.647,21.7059
9,10,6,10,8,337.5,25.5489,5.33054
9,10,6,11,1,22.5,12.8116,4.09852
9,10,6,11,2,67.5,231.141,15.6699
9,10,6,11,3,112.5,206.874,14.8419
9,10,6,11,4,157.5,344.474,19.1293
9,10,6,11,5,202.5,244.094,16.0501
9,10,6,11,6,247.5,367.595,19.8066
9,10,6,11,7,292.5,152.817,12.7266
9,10,6,11,8,337.5,0,0
9,10,7,1,1,22.5,1245.93,39.382
9,10,7,1,2,67.5,2121.79,50.7317
9,10,7,1,3,112.5,3344.24,63.7889
9,10,7,1,4,157.5,3857.97,68.4266
9,10,7,1,5,202.5,3146.94,59.3527
9,10,7,1,6,247.5,1640.98,45.3084
9,10,7,1,7,292.5,984.403,33.1998
9,10,7,1,8,337.5,939.575,32.636
9,10,7,2,1,22.5,336.441,19.1788
9,10,7,2,2,67.5,1231.1,36.6699
9,10,7,2,3,112.5,2921.64,56.2468
9,10,7,2,4,157.5,4114.36,69.1727
9,10,7,2,5,202.5,2605.16,53.2083
9,10,7,2,6,247.5,725.387,28.4541
9,10,7,2,7,292.5,76.503,9.53357
9,10,7,2,8,337.5,65.8653,8.54812
9,10,7,3,1,22.5,58.9324,8.10886
9,10,7,3,2,67.5,513.447,23.8096
9,10,7,3,3,112.5,2197.29,48.6366
9,10,7,3,4,157.5,3538.76,63.5611
9,10,7,3,5,202.5,2206.75,49.1759
9,10,7,3,6,247.5,379.807,20.0853
9,10,7,3,7,292.5,59.6433,8.04828
9,10,7,3,8,337.5,0,0
9,10,7,4,1,22.5,0,0
9,10,7,4,2,67.5,156.834,13.0008
9,10,7,4,3,112.5,1655.22,42.6111
9,10,7,4,4,157.5,3061.06,57.7571
9,10,7,4,5,202.5,1825.49,43.8993
9,10,7,4,6,247.5,343.225,19.1186
9,10,7,4,7,292.5,204.219,14.9845
9,10,7,4,8,337.5,0,0
9,10,7,5,1,22.5,0,0
9,10,7,5,2,67.5,93.8744,10.2381
9,10,7,5,3,112.5,2107.14,47.0778
9,10,7,5,4,157.5,4723.12,71.3718
9,10,7,5,5,202.5,2719.99,53.9822
9,10,7,5,6,247.5,909.253,30.9028
9,10,7,5,7,292.5,878.205,30.4024
9,10,7,5,8,337.5,0,0
9,10,7,6,1,22.5,0,0
9,10,7,6,2,67.5,117.128,11.2672
9,10,7,6,3,112.5,1030.96,32.8821
9,10,7,6,4,157.5,2930.39,57.3877
9,10,7,6,5,202.5,1706.26,42.1835
9,10,7,6,6,247.5,861.892,30.1876
9,10,7,6,7,292.5,1010.51,32.476
9,10,7,6,8,337.5,0,0
9,10,7,7,1,22.5,0,0
9,10,7,7,2,67.5,268.267,16.8402
9,10,7,7,3,112.5,571.099,24.5276
9,10,7,7,4,157.5,1751.33,43.384
9,10,7,7,5,202.5,882.388,30.6108
9,10,7,7,6,247.5,720.491,27.4697
9,10,7,7,7,292.5,709.206,27.2576
9,10,7,7,8,337.5,0,0
9,10,7,8,1,22.5,0,0
9,10,7,8,2,67.5,418.407,20.9142
9,10,7,8,3,112.5,395.948,20.2636
9,10,7,8,4,157.5,1213.15,35.7355
9,10,7,8,5,202.5,620.053,25.5003
9,10,7,8,6,247.5,644.399,25.9162
9,10,7,8,7,292.5,540.534,23.8334
9,10,7,8,8,337.5,0,0
9,10,7,9,1,22.5,0,0
9,10,7,9,2,67.5,154.413,13.4788
9,10,7,9,3,112.5,90.3367,9.99482
9,10,7,9,4,157.5,408.853,20.7646
9,10,7,9,5,202.5,218.961,15.4788
9,10,7,9,6,247.5,249.08,16.1585
9,10,7,9,7,292.5,158.009,12.9461
9,10,7,9,8,337.5,0,0
9,10,7,10,1,22.5,0,0
9,10,7,10,2,67.5,23.3011,5.09457
9,10,7,10,3,112.5,0,0
9,10,7,10,4,157.5,78.1338,9.46351
9,10,7,10,5,202.5,41.9987,6.95794
9,10,7,10,6,247.5,51.088,7.62986
9,10,7,10,7,292.5,19.6235,4.70539
9,10,7,10,8,337.5,0,0
9,10,7,11,1,22.5,0,0
9,10,7,11,2,67.5,0,0
9,10,7,11,3,112.5,0,0
9,10,7,11,4,157.5,0,0
9,10,7,11,5,202.5,0,0
9,10,7,11,6,247.5,0,0
9,10,7,11,7,292.5,0,0
9,10,7,11,8,337.5,0,0
9,10,8,1,1,22.5,127.737,11.6167
9,10,8,1,2,67.5,305.32,18.7926
9,10,8,1,3,112.5,401.791,21.1184
9,10,8,1,4,157.5,561.096,24.2055
9,10,8,1,5,202.5,414.993,22.112
9,10,8,1,6,247.5,230.24,16.0076
9,10,8,1,7,292.5,133.785,12.0947
9,10,8,1,8,337.5,127.941,11.7927
9,10,8,2,1,22.5,0,0
9,10,8,2,2,67.5,108.166,10.6893
9,10,8,2,3,112.5,300.487,18.0298
9,10,8,2,4,157.5,436.888,21.7777
9,10,8,2,5,202.5,252.613,16.2198
9,10,8,2,6,247.5,76.8512,9.33113
9,10,8,2,7,292.5,0,0
9,10,8,2,8,337.5,0,0
9,10,8,3,1,22.5,0,0
9,10,8,3,2,67.5,61.9232,8.3622
9,10,8,3,3,112.5,204.049,14.9492
9,10,8,3,4,157.5,265.624,16.8301
9,10,8,3,5,202.5,164.597,13.1409
9,10,8,3,6,247.5,35.7956,6.32784
9,10,8,3,7,292.5,0,0
9,10,8,3,8,337.5,0,0
9,10,8,4,1,22.5,0,0
9,10,8,4,2,67.5,0,0
9,10,8,4,3,112.5,93.7068,10.1091
9,10,8,4,4,157.5,163.694,13.3529
9,10,8,4,5,202.5,79.0847,9.34756
9,10,8,4,6,247.5,11.7943,3.75666
9,10,8,4,7,292.5,0,0
9,10,8,4,8,337.5,0,0
9,10,8,5,1,22.5,0,0
9,10,8,5,2,67.5,0,0
9,10,8,5,3,112.5,59.5244,7.90466
9,10,8,5,4,157.5,195.15,15.0194
9,10,8,5,5,202.5,109.618,14.4856
9,10,8,5,6,247.5,28.5268,5.5371
9,10,8,5,7,292.5,17.3605,4.42761
9,10,8,5,8,337.5,0,0
9,10,8,6,1,22.5,0,0
9,10,8,6,2,67.5,0,0
9,10,8,6,3,112.5,0,0
9,10,8,6,4,157.5,21.1681,4.88646
9,10,8,6,5,202.5,23.755,5.38845
9,10,8,6,6,247.5,0,0
9,10,8,6,7,292.5,0,0
9,10,8,6,8,337.5,0,0
9,10,8,7,1,22.5,0,0
9,10,8,7,2,67.5,0,0
9,10,8,7,3,112.5,0,0
9,10,8,7,4,157.5,0,0
9,10,8,7,5,202.5,0,0
9,10,8,7,6,247.5,0,0
9,10,8,7,7,292.5,0,0
9,10,8,7,8,337.5,0,0
9,10,8,8,1,22.5,0,0
9,10,8,8,2,67.5,0,0
9,10,8,8,3,112.5,0,0
9,10,8,8,4,157.5,0,0
9,10,8,8,5,202.5,0,0
9,10,8,8,6,247.5,0,0
9,10,8,8,7,292.5,0,0
9,10,8,8,8,337.5,0,0
9,10,8,9,1,22.5,0,0
9,10,8,9,2,67.5,0,0
9,10,8,9,3,112.5,0,0
9,10,8,9,4,157.5,0,0
9,10,8,9,5,202.5,0,0
9,10,8,9,6,247.5,0,0
9,10,8,9,7,292.5,0,0
9,10,8,9,8,337.5,0,0
9,10,8,10,1,22.5,0,0
9,10,8,10,2,67.5,0,0
9,10,8,10,3,112.5,0,0
9,10,8,10,4,157.5,0,0
9,10,8,10,5,202.5,0,0
9,10,8,10,6,247.5,0,0
9,10,8,10,7,292.5,0,0
9,10,8,10,8,337.5,0,0
9,10,8,11,1,22.5,0,0
9,10,8,11,2,67.5,0,0
9,10,8,11,3,112.5,0,0
9,10,8,11,4,157.5,0,0
9,10,8,11,5,202.5,0,0
9,10,8,11,6,247.5,0,0
9,10,8,11,7,292.5,0,0
9,10,8,11,8,337.5,0,0
10,11,1,1,1,22.5,145.775,31.0482
10,11,1,1,2,67.5,2792.14,92.7174
10,11,1,1,3,112.5,2594.99,136.87
10,11,1,1,4,157.5,1762.43,87.5601
10,11,1,1,5,202.5,2080.86,99.0169
10,11,1,1,6,247.5,3005.75,112.95
10,11,1,1,7,292.5,1903.18,78.5605
10,11,1,1,8,337.5,219.13,37.5252
10,11,1,2,1,22.5,236.705,27.3215
10,11,1,2,2,67.5,1225.54,52.139
10,11,1,2,3,112.5,1926.07,86.5629
10,11,1,2,4,157.5,1729.82,81.9637
10,11,1,2,5,202.5,1492.62,61.1349
10,11,1,2,6,247.5,2050.75,72.2892
10,11,1,2,7,292.5,1611.92,55.8599
10,11,1,2,8,337.5,213.586,19.7242
10,11,1,3,1,22.5,435.553,23.808
10,11,1,3,2,67.5,1426.41,47.1362
10,11,1,3,3,112.5,1108.19,40.0696
10,11,1,3,4,157.5,381.446,22.8041
10,11,1,3,5,202.5,382.485,22.4752
10,11,1,3,6,247.5,1165.86,45.1186
10,11,1,3,7,292.5,1466.22,50.7365
10,11,1,3,8,337.5,167.401,16.2211
10,11,1,4,1,22.5,256.946,17.0939
10,11,1,4,2,67.5,992.7,35.7946
10,11,1,4,3,112.5,412.567,22.0812
10,11,1,4,4,157.5,11.5111,3.89506
10,11,1,4,5,202.5,25.2657,5.37401
10,11,1,4,6,247.5,393.215,21.9191
10,11,1,4,7,292.5,912.425,33.8787
10,11,1,4,8,337.5,190.035,15.0699
10,11,1,5,1,22.5,32.603,6.27948
10,11,1,5,2,67.5,270.851,17.3765
10,11,1,5,3,112.5,53.6354,7.52359
10,11,1,5,4,157.5,0,0
10,11,1,5,5,202.5,0,0
10,11,1,5,6,247.5,73.9616,8.89834
10,11,1,5,7,292.5,224.266,16.0969
10,11,1,5,8,337.5,44.4782,7.74857
10,11,1,6,1,22.5,0,0
10,11,1,6,2,67.5,0,0
10,11,1,6,3,112.5,0,0
10,11,1,6,4,157.5,0,0
10,11,1,6,5,202.5,0,0
10,11,1,6,6,247.5,0,0
10,11,1,6,7,292.5,0,0
10,11,1,6,8,337.5,0,0
10,11,1,7,1,22.5,0,0
10,11,1,7,2,67.5,0,0
10,11,1,7,3,112.5,0,0
10,11,1,7,4,157.5,0,0
10,11,1,7,5,202.5,0,0
10,11,1,7,6,247.5,0,0
10,11,1,7,7,292.5,0,0
10,11,1,7,8,337.5,0,0
10,11,1,8,1,22.5,0,0
10,11,1,8,2,67.5,0,0
10,11,1,8,3,112.5,0,0
10,11,1,8,4,157.5,0,0
10,11,1,8,5,202.5,0,0
10,11,1,8,6,247.5,0,0
10,11,1,8,7,292.5,0,0
10,11,1,8,8,337.5,0,0
10,11,1,9,1,22.5,0,0
10,11,1,9,2,67.5,0,0
10,11,1,9,3,112.5,0,0
10,11,1,9,4,157.5,0,0
10,11,1,9,5,202.5,0,0
10,11,1,9,6,247.5,0,0
10,11,1,9,7,292.5,0,0
10,11,1,9,8,337.5,0,0
10,11,1,10,1,22.5,0,0
10,11,1,10,2,67.5,0,0
10,11,1,10,3,112.5,0,0
10,11,1,10,4,157.5,0,0
10,11,1,10,5,202.5,0,0
10,11,1,10,6,247.5,0,0
10,11,1,10,7,292.5,0,0
10,11,1,10,8,337.5,0,0
10,11,1,11,1,22.5,0,0
10,11,1,11,2,67.5,0,0
10,11,1,11,3,112.5,0,0
10,11,1,11,4,157.5,0,0
10,11,1,11,5,202.5,0,0
10,11,1,11,6,247.5,0,0
10,11,1,11,7,292.5,0,0
10,11,1,11,8,337.5,0,0
10,11,2,1,1,22.5,5560.74,157.508
10,11,2,1,2,67.5,22623.6,290.982
10,11,2,1,3,112.5,20938.2,298.367
10,11,2,1,4,157.5,31382.7,444.585
10,11,2,1,5,202.5,26750.6,405.346
10,11,2,1,6,247.5,21799.4,377.501
10,11,2,1,7,292.5,23055.5,297.957
10,11,2,1,8,337.5,8128.79,210.519
10,11,2,2,1,22.5,1712.81,67.7233
10,11,2,2,2,67.5,14622.7,193.954
10,11,2,2,3,112.5,20442.1,226.434
10,11,2,2,4,157.5,28393.3,282.526
10,11,2,2,5,202.5,21340.5,232.491
10,11,2,2,6,247.5,19768.4,221.988
10,11,2,2,7,292.5,12417.4,167.655
10,11,2,2,8,337.5,1718.91,65.0134
10,11,2,3,1,22.5,3562.19,70.3675
10,11,2,3,2,67.5,13546.6,145.946
10,11,2,3,3,112.5,14036.8,158.999
10,11,2,3,4,157.5,14992,175.345
10,11,2,3,5,202.5,11324.5,134.536
10,11,2,3,6,247.5,17359.8,173.907
10,11,2,3,7,292.5,16152.1,174.628
10,11,2,3,8,337.5,3748.41,72.3962
10,11,2,4,1,22.5,3861.93,69.409
10,11,2,4,2,67.5,13861.6,133.676
10,11,2,4,3,112.5,9469.07,110.982
10,11,2,4,4,157.5,6308.9,90.0864
10,11,2,4,5,202.5,4955.3,81.1411
10,11,2,4,6,247.5,12167.3,127.99
10,11,2,4,7,292.5,13379.1,133.668
10,11,2,4,8,337.5,2765.92,58.0284
10,11,2,5,1,22.5,4775.72,77.8131
10,11,2,5,2,67.5,18300.6,152.191
10,11,2,5,3,112.5,9355.55,107.763
10,11,2,5,4,157.5,3466.76,65.2721
10,11,2,5,5,202.5,2736.49,57.7237
10,11,2,5,6,247.5,11757.5,127.452
10,11,2,5,7,292.5,15799.9,141.591
10,11,2,5,8,337.5,3560.33,65.8846
10,11,2,6,1,22.5,1960.98,46.7925
10,11,2,6,2,67.5,6357.37,84.9983
10,11,2,6,3,112.5,2574.8,53.9166
10,11,2,6,4,157.5,369.2,19.9973
10,11,2,6,5,202.5,309.549,18.7249
10,11,2,6,6,247.5,2860.08,57.3202
10,11,2,6,7,292.5,5232.79,77.2484
10,11,2,6,8,337.5,1871.23,45.9548
10,11,2,7,1,22.5,623.783,25.8242
10,11,2,7,2,67.5,1505.69,40.7439
10,11,2,7,3,112.5,537.851,23.9087
10,11,2,7,4,157.5,0,0
10,11,2,7,5,202.5,0,0
10,11,2,7,6,247.5,510.484,23.6216
10,11,2,7,7,292.5,1243.22,36.8409
10,11,2,7,8,337.5,530.813,23.744
10,11,2,8,1,22.5,76.4233,9.0916
10,11,2,8,2,67.5,138.242,12.116
10,11,2,8,3,112.5,42.9272,6.89405
10,11,2,8,4,157.5,0,0
10,11,2,8,5,202.5,0,0
10,11,2,8,6,247.5,60.3514,8.16105
10,11,2,8,7,292.5,153.971,13.0293
10,11,2,8,8,337.5,27.7972,5.48339
10,11,2,9,1,22.5,0,0
10,11,2,9,2,67.5,0,0
10,11,2,9,3,112.5,0,0
10,11,2,9,4,157.5,0,0
10,11,2,9,5,202.5,0,0
10,11,2,9,6,247.5,0,0
10,11,2,9,7,292.5,0,0
10,11,2,9,8,337.5,0,0
10,11,2,10,1,22.5,0,0
10,11,2,10,2,67.5,0,0
10,11,2,10,3,112.5,0,0
10,11,2,10,4,157.5,0,0
10,11,2,10,5,202.5,0,0
10,11,2,10,6,247.5,0,0
10,11,2,10,7,292.5,0,0
10,11,2,10,8,337.5,0,0
10,11,2,11,1,22.5,0,0
10,11,2,11,2,67.5,0,0
10,11,2,11,3,112.5,0,0
10,11,2,11,4,157.5,0,0
10,11,2,11,5,202.5,0,0
10,11,2,11,6,247.5,0,0
10,11,2,11,7,292.5,0,0
10,11,2,11,8,337.5,0,0
10,11,3,1,1,22.5,7808.04,170.162
10,11,3,1,2,67.5,16408.4,240.792
10,11,3,1,3,112.5,28153.4,305.098
10,11,3,1,4,157.5,43545.4,390.934
10,11,3,1,5,202.5,33055.7,343.684
10,11,3,1,6,247.5,18435.3,237.567
10,11,3,1,7,292.5,16522.9,204.383
10,11,3,1,8,337.5,11345.4,160.11
10,11,3,2,1,22.5,4861.48,86.8112
10,11,3,2,2,67.5,13632.1,149.862
10,11,3,2,3,112.5,20183.3,193.494
10,11,3,2,4,157.5,40959.6,288.114
10,11,3,2,5,202.5,28918.4,239.43
10,11,3,2,6,247.5,14497.4,165.469
10,11,3,2,7,292.5,13099,157.912
10,11,3,2,8,337.5,3827.67,76.3115
10,11,3,3,1,22.5,1293.91,41.7453
10,11,3,3,2,67.5,10965.3,136.837
10,11,3,3,3,112.5,14632.9,140.03
10,11,3,3,4,157.5,31421.3,221.743
10,11,3,3,5,202.5,21281.6,173.815
10,11,3,3,6,247.5,15422.3,150.351
10,11,3,3,7,292.5,15113,139.782
10,11,3,3,8,337.5,1362.11,42.3004
10,11,3,4,1,22.5,1493.04,41.777
10,11,3,4,2,67.5,12671.1,128.2
10,11,3,4,3,112.5,11347.2,118.102
10,11,3,4,4,157.5,20877.9,163.175
10,11,3,4,5,202.5,13587.5,132.487
10,11,3,4,6,247.5,15382.4,140.773
10,11,3,4,7,292.5,15763.4,136.774
10,11,3,4,8,337.5,2428.21,51.9398
10,11,3,5,1,22.5,4331.4,70.8354
10,11,3,5,2,67.5,24138.4,172.828
10,11,3,5,3,112.5,16506.3,145.115
10,11,3,5,4,157.5,20377.9,164.414
10,11,3,5,5,202.5,13519,131.757
10,11,3,5,6,247.5,24367.3,205.747
10,11,3,5,7,292.5,23600.4,167.181
10,11,3,5,8,337.5,4075.36,67.7188
10,11,3,6,1,22.5,2895.84,57.6387
10,11,3,6,2,67.5,16908.4,138.436
10,11,3,6,3,112.5,9327.46,103.929
10,11,3,6,4,157.5,6456.22,86.4074
10,11,3,6,5,202.5,4438.25,70.5459
10,11,3,6,6,247.5,13424.2,124.04
10,11,3,6,7,292.5,12921.7,119.403
10,11,3,6,8,337.5,2503.01,53.5742
10,11,3,7,1,22.5,2163.26,48.6143
10,11,3,7,2,67.5,9110.64,99.6378
10,11,3,7,3,112.5,4771.88,72.0105
10,11,3,7,4,157.5,1801.32,44.7131
10,11,3,7,5,202.5,1195.58,36.2515
10,11,3,7,6,247.5,6428.62,83.975
10,11,3,7,7,292.5,6743.26,85.5046
10,11,3,7,8,337.5,2322.5,50.1796
10,11,3,8,1,22.5,1978.55,45.6535
10,11,3,8,2,67.5,5523.28,76.6602
10,11,3,8,3,112.5,2536.71,52.1558
10,11,3,8,4,157.5,474.311,22.6945
10,11,3,8,5,202.5,410.75,21.7071
10,11,3,8,6,247.5,3161.08,57.8523
10,11,3,8,7,292.5,4398.68,68.8074
10,11,3,8,8,337.5,2059.68,46.5142
10,11,3,9,1,22.5,697.826,27.0366
10,11,3,9,2,67.5,1357.91,37.7583
10,11,3,9,3,112.5,593.062,25.3058
10,11,3,9,4,157.5,19.5096,4.78469
10,11,3,9,5,202.5,0,0
10,11,3,9,6,247.5,664.394,26.5253
10,11,3,9,7,292.5,1132.64,34.5875
10,11,3,9,8,337.5,625.277,25.607
10,11,3,10,1,22.5,138.727,12.2552
10,11,3,10,2,67.5,254.867,16.5959
10,11,3,10,3,112.5,94.2057,10.0272
10,11,3,10,4,157.5,0,0
10,11,3,10,5,202.5,0,0
10,11,3,10,6,247.5,80.3436,9.29208
10,11,3,10,7,292.5,265.035,16.9269
10,11,3,10,8,337.5,106.411,10.6438
10,11,3,11,1,22.5,0,0
10,11,3,11,2,67.5,0,0
10,11,3,11,3,112.5,0,0
10,11,3,11,4,157.5,0,0
10,11,3,11,5,202.5,0,0
10,11,3,11,6,247.5,0,0
10,11,3,11,7,292.5,0,0
10,11,3,11,8,337.5,0,0
10,11,4,1,1,22.5,9159.82,121.88
10,11,4,1,2,67.5,16423.2,189.334
10,11,4,1,3,112.5,29307.7,240.42
10,11,4,1,4,157.5,39404.1,279.513
10,11,4,1,5,202.5,29978.4,238.287
10,11,4,1,6,247.5,14782.1,178.617
10,11,4,1,7,292.5,9070.85,123.075
10,11,4,1,8,337.5,7904.35,117.937
10,11,4,2,1,22.5,3149.68,64.2298
10,11,4,2,2,67.5,6359.78,97.426
10,11,4,2,3,112.5,19290.7,162
10,11,4,2,4,157.5,36887.5,236.772
10,11,4,2,5,202.5,25337.7,195.908
10,11,4,2,6,247.5,7462.26,101.254
10,11,4,2,7,292.5,6220.63,95.0959
10,11,4,2,8,337.5,4047.59,70.3486
10,11,4,3,1,22.5,2041.89,48.2902
10,11,4,3,2,67.5,4497.81,75.4727
10,11,4,3,3,112.5,12259.8,122.931
10,11,4,3,4,157.5,31057.8,203.466
10,11,4,3,5,202.5,19805.3,160.12
10,11,4,3,6,247.5,7488.7,100.364
10,11,4,3,7,292.5,9054.48,105.239
10,11,4,3,8,337.5,1625.54,43.3027
10,11,4,4,1,22.5,758.928,29.0184
10,11,4,4,2,67.5,5599.85,81.3202
10,11,4,4,3,112.5,8761.04,99.6804
10,11,4,4,4,157.5,23340.6,169.013
10,11,4,4,5,202.5,15239.7,136.22
10,11,4,4,6,247.5,8321.58,98.4145
10,11,4,4,7,292.5,11023.9,112.037
10,11,4,4,8,337.5,634.694,27.1192
10,11,4,5,1,22.5,1206.18,36.5609
10,11,4,5,2,67.5,14684.1,128.241
10,11,4,5,3,112.5,12160.8,117.448
10,11,4,5,4,157.5,30124.7,191.316
10,11,4,5,5,202.5,18960.5,151.283
10,11,4,5,6,247.5,16802.2,157.384
10,11,4,5,7,292.5,20934.6,156.734
10,11,4,5,8,337.5,1485.97,40.0219
10,11,4,6,1,22.5,1378.57,38.5487
10,11,4,6,2,67.5,13587.3,120.816
10,11,4,6,3,112.5,8137.58,95.0277
10,11,4,6,4,157.5,14570.1,127.722
10,11,4,6,5,202.5,9084.52,101.274
10,11,4,6,6,247.5,13182.9,121.121
10,11,4,6,7,292.5,13835.3,123.982
10,11,4,6,8,337.5,1259.05,36.5622
10,11,4,7,1,22.5,795.857,29.1094
10,11,4,7,2,67.5,9344.45,99.993
10,11,4,7,3,112.5,5357.23,76.0182
10,11,4,7,4,157.5,6660.86,86.1753
10,11,4,7,5,202.5,4268.47,68.2391
10,11,4,7,6,247.5,8870.14,98.6187
10,11,4,7,7,292.5,7711.85,90.8309
10,11,4,7,8,337.5,764.973,28.6026
10,11,4,8,1,22.5,769.598,28.7028
10,11,4,8,2,67.5,7607.05,90.1951
10,11,4,8,3,112.5,4402.54,68.4146
10,11,4,8,4,157.5,3277.53,59.7187
10,11,4,8,5,202.5,2272.06,49.4109
10,11,4,8,6,247.5,6816.64,85.4098
10,11,4,8,7,292.5,5147.42,73.8213
10,11,4,8,8,337.5,1025.25,32.859
10,11,4,9,1,22.5,628.09,25.6819
10,11,4,9,2,67.5,2982.12,55.8661
10,11,4,9,3,112.5,1807.04,43.5934
10,11,4,9,4,157.5,777.423,28.726
10,11,4,9,5,202.5,534.784,23.9435
10,11,4,9,6,247.5,2547.75,52.332
10,11,4,9,7,292.5,1969.37,45.3941
10,11,4,9,8,337.5,831.09,29.417
10,11,4,10,1,22.5,502.657,22.9791
10,11,4,10,2,67.5,1190.66,35.3223
10,11,4,10,3,112.5,749.211,28.0233
10,11,4,10,4,157.5,120.054,11.3729
10,11,4,10,5,202.5,101.293,10.4948
10,11,4,10,6,247.5,1029.96,32.8943
10,11,4,10,7,292.5,864.398,30.1241
10,11,4,10,8,337.5,470.688,22.2401
10,11,4,11,1,22.5,115.514,11.0909
10,11,4,11,2,67.5,190.44,14.2152
10,11,4,11,3,112.5,172.73,13.6297
10,11,4,11,4,157.5,11.7616,4.06744
10,11,4,11,5,202.5,0,0
10,11,4,11,6,247.5,189.304,14.1815
10,11,4,11,7,292.5,191.963,14.5796
10,11,4,11,8,337.5,96.0157,10.1582
10,11,5,1,1,22.5,10445.3,125.128
10,11,5,1,2,67.5,15621.1,149.938
10,11,5,1,3,112.5,23458.9,182.527
10,11,5,1,4,157.5,28658.4,201.084
10,11,5,1,5,202.5,22129.3,180.331
10,11,5,1,6,247.5,12482.8,135.978
10,11,5,1,7,292.5,7230.86,98.7939
10,11,5,1,8,337.5,7658.22,98.6286
10,11,5,2,1,22.5,2352.37,53.4179
10,11,5,2,2,67.5,5422.8,79.249
10,11,5,2,3,112.5,15859.8,143.565
10,11,5,2,4,157.5,26817.7,185.539
10,11,5,2,5,202.5,17900.7,151.258
10,11,5,2,6,247.5,5255.97,78.4422
10,11,5,2,7,292.5,1569.47,45.4489
10,11,5,2,8,337.5,1473.26,43.9451
10,11,5,3,1,22.5,775.271,31.2348
10,11,5,3,2,67.5,1787.29,46.2422
10,11,5,3,3,112.5,10797.2,110.857
10,11,5,3,4,157.5,22381.7,164.334
10,11,5,3,5,202.5,14400,131.277
10,11,5,3,6,247.5,3376.25,62.0991
10,11,5,3,7,292.5,2931.35,58.0631
10,11,5,3,8,337.5,879.526,31.6189
10,11,5,4,1,22.5,461.669,22.7249
10,11,5,4,2,67.5,1229.37,37.6399
10,11,5,4,3,112.5,7085.81,88.6787
10,11,5,4,4,157.5,17555.1,142.098
10,11,5,4,5,202.5,11452,112.269
10,11,5,4,6,247.5,3402.07,61.8502
10,11,5,4,7,292.5,5038.19,73.8682
10,11,5,4,8,337.5,507.93,23.6057
10,11,5,5,1,22.5,547.364,25.307
10,11,5,5,2,67.5,4936.3,73.3173
10,11,5,5,3,112.5,8717.52,99.2782
10,11,5,5,4,157.5,25783.6,180.332
10,11,5,5,5,202.5,15925.7,148.577
10,11,5,5,6,247.5,8018.21,94.1667
10,11,5,5,7,292.5,12143.3,115.303
10,11,5,5,8,337.5,636.483,26.7148
10,11,5,6,1,22.5,415.649,21.0274
10,11,5,6,2,67.5,6502.19,83.5428
10,11,5,6,3,112.5,5200.61,75.376
10,11,5,6,4,157.5,14589.2,127.308
10,11,5,6,5,202.5,8996.87,98.9415
10,11,5,6,6,247.5,7128.99,88.3833
10,11,5,6,7,292.5,10163.7,104.216
10,11,5,6,8,337.5,493.196,23.0216
10,11,5,7,1,22.5,343.254,19.2504
10,11,5,7,2,67.5,5832.34,78.4536
10,11,5,7,3,112.5,3510.73,61.3976
10,11,5,7,4,157.5,8164.56,93.9179
10,11,5,7,5,202.5,5121.47,75.7416
10,11,5,7,6,247.5,5583.96,77.3183
10,11,5,7,7,292.5,6621.38,83.5237
10,11,5,7,8,337.5,235.178,15.9437
10,11,5,8,1,22.5,234.852,15.9059
10,11,5,8,2,67.5,5490.03,75.7857
10,11,5,8,3,112.5,2923.95,55.6745
10,11,5,8,4,157.5,5354.17,75.8672
10,11,5,8,5,202.5,3302.01,59.5017
10,11,5,8,6,247.5,5021.58,73.0894
10,11,5,8,7,292.5,4672.08,69.8528
10,11,5,8,8,337.5,147.495,12.902
10,11,5,9,1,22.5,69.9876,8.81308
10,11,5,9,2,67.5,2115.28,46.5826
10,11,5,9,3,112.5,1312.43,37.0758
10,11,5,9,4,157.5,1767.89,43.2301
10,11,5,9,5,202.5,1099.59,34.0273
10,11,5,9,6,247.5,2204.38,47.9667
10,11,5,9,7,292.5,1496.9,39.5665
10,11,5,9,8,337.5,155.515,12.8291
10,11,5,10,1,22.5,56.5948,7.97038
10,11,5,10,2,67.5,750.305,28.0231
10,11,5,10,3,112.5,523.486,23.4383
10,11,5,10,4,157.5,638.918,25.8965
10,11,5,10,5,202.5,388.054,20.5046
10,11,5,10,6,247.5,907.581,30.8938
10,11,5,10,7,292.5,503.395,23.0352
10,11,5,10,8,337.5,121.571,11.5661
10,11,5,11,1,22.5,13.5778,4.10793
10,11,5,11,2,67.5,116.345,11.1503
10,11,5,11,3,112.5,113.516,11.1153
10,11,5,11,4,157.5,90.3037,9.91767
10,11,5,11,5,202.5,57.4958,7.98083
10,11,5,11,6,247.5,131.322,11.8241
10,11,5,11,7,292.5,82.0292,9.2931
10,11,5,11,8,337.5,34.7547,6.13667
10,11,6,1,1,22.5,7856.99,95.0034
10,11,6,1,2,67.5,10284,114.807
10,11,6,1,3,112.5,13997.8,132.884
10,11,6,1,4,157.5,15880.3,140.709
10,11,6,1,5,202.5,12410,124.572
10,11,6,1,6,247.5,7912.49,100.276
10,11,6,1,7,292.5,5349.9,79.8557
10,11,6,1,8,337.5,5820.28,87.4851
10,11,6,2,1,22.5,2502.98,53.2049
10,11,6,2,2,67.5,4865.52,73.2096
10,11,6,2,3,112.5,9936.09,106.079
10,11,6,2,4,157.5,14662,129.566
10,11,6,2,5,202.5,10134.9,106.857
10,11,6,2,6,247.5,3507.36,62.6494
10,11,6,2,7,292.5,723.725,29.2445
10,11,6,2,8,337.5,1065.39,35.5209
10,11,6,3,1,22.5,578.313,25.336
10,11,6,3,2,67.5,1681.05,42.8149
10,11,6,3,3,112.5,7034.48,88.026
10,11,6,3,4,157.5,12246.7,116.646
10,11,6,3,5,202.5,8081.37,95.8335
10,11,6,3,6,247.5,2014.69,46.9977
10,11,6,3,7,292.5,520.139,24.068
10,11,6,3,8,337.5,208.757,15.3898
10,11,6,4,1,22.5,135.978,12.5372
10,11,6,4,2,67.5,507.289,23.5792
10,11,6,4,3,112.5,4612.5,69.7437
10,11,6,4,4,157.5,9746.06,104.243
10,11,6,4,5,202.5,6419.61,83.0247
10,11,6,4,6,247.5,1513.27,40.1759
10,11,6,4,7,292.5,1256.41,36.7522
10,11,6,4,8,337.5,96.8329,10.5144
10,11,6,5,1,22.5,76.2718,9.40718
10,11,6,5,2,67.5,805.356,29.7544
10,11,6,5,3,112.5,5636.06,77.8965
10,11,6,5,4,157.5,14225.7,128.562
10,11,6,5,5,202.5,9010.38,99.471
10,11,6,5,6,247.5,2909.05,55.5228
10,11,6,5,7,292.5,4247.39,66.9401
10,11,6,5,8,337.5,259.604,17.2231
10,11,6,6,1,22.5,125.049,11.9283
10,11,6,6,2,67.5,1581.43,40.8366
10,11,6,6,3,112.5,2804.72,54.3944
10,11,6,6,4,157.5,8217.37,94.1421
10,11,6,6,5,202.5,5073.53,73.782
10,11,6,6,6,247.5,2708.94,53.3506
10,11,6,6,7,292.5,4391.35,67.6115
10,11,6,6,8,337.5,191.156,14.4288
10,11,6,7,1,22.5,121.725,11.5417
10,11,6,7,2,67.5,1630.71,41.0914
10,11,6,7,3,112.5,1440.1,38.8217
10,11,6,7,4,157.5,4522.29,69.1037
10,11,6,7,5,202.5,2747.51,53.804
10,11,6,7,6,247.5,2062.28,46.336
10,11,6,7,7,292.5,2849.14,54.9119
10,11,6,7,8,337.5,93.5577,9.96261
10,11,6,8,1,22.5,49.6321,7.23221
10,11,6,8,2,67.5,1578.27,40.4958
10,11,6,8,3,112.5,1041.26,33.0553
10,11,6,8,4,157.5,2911.71,55.5702
10,11,6,8,5,202.5,1744.39,43.0705
10,11,6,8,6,247.5,1685.05,41.8783
10,11,6,8,7,292.5,1966.24,45.3411
10,11,6,8,8,337.5,44.7687,7.29
10,11,6,9,1,22.5,0,0
10,11,6,9,2,67.5,526.131,23.4868
10,11,6,9,3,112.5,302.309,17.9103
10,11,6,9,4,157.5,745.899,27.8738
10,11,6,9,5,202.5,420.377,21.0398
10,11,6,9,6,247.5,530.84,23.4624
10,11,6,9,7,292.5,487.989,22.6405
10,11,6,9,8,337.5,0,0
10,11,6,10,1,22.5,0,0
10,11,6,10,2,67.5,147.093,12.4294
10,11,6,10,3,112.5,68.8719,8.65206
10,11,6,10,4,157.5,122.548,11.3517
10,11,6,10,5,202.5,88.439,9.76629
10,11,6,10,6,247.5,125.913,11.6887
10,11,6,10,7,292.5,78.4173,9.22328
10,11,6,10,8,337.5,0,0
10,11,6,11,1,22.5,0,0
10,11,6,11,2,67.5,0,0
10,11,6,11,3,112.5,0,0
10,11,6,11,4,157.5,0,0
10,11,6,11,5,202.5,0,0
10,11,6,11,6,247.5,0,0
10,11,6,11,7,292.5,0,0
10,11,6,11,8,337.5,0,0
10,11,7,1,1,22.5,3147.19,58.856
10,11,7,1,2,67.5,4002.42,69.8959
10,11,7,1,3,112.5,5002.1,74.3145
10,11,7,1,4,157.5,5505.33,79.1914
10,11,7,1,5,202.5,4666.09,71.7805
10,11,7,1,6,247.5,2908.57,57.5749
10,11,7,1,7,292.5,2066.19,50.7786
10,11,7,1,8,337.5,2463.99,52.9364
10,11,7,2,1,22.5,1277.48,37.2829
10,11,7,2,2,67.5,2042.58,47.1184
10,11,7,2,3,112.5,3535.86,61.7187
10,11,7,2,4,157.5,4623.88,71.2345
10,11,7,2,5,202.5,3282.73,60.5933
10,11,7,2,6,247.5,1381.84,38.6202
10,11,7,2,7,292.5,431.922,21.7302
10,11,7,2,8,337.5,604.775,25.9306
10,11,7,3,1,22.5,340.659,19.2066
10,11,7,3,2,67.5,865.283,30.3679
10,11,7,3,3,112.5,2357.51,50.2921
10,11,7,3,4,157.5,3606.81,62.4235
10,11,7,3,5,202.5,2322.01,49.7087
10,11,7,3,6,247.5,730.293,28.1243
10,11,7,3,7,292.5,60.9784,8.24561
10,11,7,3,8,337.5,104.646,10.9873
10,11,7,4,1,22.5,34.8322,6.18402
10,11,7,4,2,67.5,271.768,17.0954
10,11,7,4,3,112.5,1328.82,37.3307
10,11,7,4,4,157.5,2502.33,51.745
10,11,7,4,5,202.5,1631.69,41.8775
10,11,7,4,6,247.5,399.265,20.6895
10,11,7,4,7,292.5,145.18,12.5621
10,11,7,4,8,337.5,0,0
10,11,7,5,1,22.5,0,0
10,11,7,5,2,67.5,128.278,11.5686
10,11,7,5,3,112.5,1427.18,38.6216
10,11,7,5,4,157.5,2962.1,57.0693
10,11,7,5,5,202.5,1882.49,44.4645
10,11,7,5,6,247.5,501.204,23.078
10,11,7,5,7,292.5,558.498,24.2018
10,11,7,5,8,337.5,25.357,5.4473
10,11,7,6,1,22.5,0,0
10,11,7,6,2,67.5,76.9889,9.31051
10,11,7,6,3,112.5,477.876,22.4246
10,11,7,6,4,157.5,1241.79,36.165
10,11,7,6,5,202.5,703.475,27.153
10,11,7,6,6,247.5,317.621,18.3705
10,11,7,6,7,292.5,463.486,22.1084
10,11,7,6,8,337.5,0,0
10,11,7,7,1,22.5,0,0
10,11,7,7,2,67.5,58.0268,7.89906
10,11,7,7,3,112.5,132.574,11.8906
10,11,7,7,4,157.5,415.006,20.8228
10,11,7,7,5,202.5,203.696,14.8965
10,11,7,7,6,247.5,172.923,13.5463
10,11,7,7,7,292.5,187.791,14.1106
10,11,7,7,8,337.5,0,0
10,11,7,8,1,22.5,0,0
10,11,7,8,2,67.5,26.1304,5.3849
10,11,7,8,3,112.5,53.0404,7.64497
10,11,7,8,4,157.5,170.677,13.517
10,11,7,8,5,202.5,81.1081,9.41796
10,11,7,8,6,247.5,69.1131,8.80337
10,11,7,8,7,292.5,60.6748,8.23601
10,11,7,8,8,337.5,0,0
10,11,7,9,1,22.5,0,0
10,11,7,9,2,67.5,0,0
10,11,7,9,3,112.5,0,0
10,11,7,9,4,157.5,0,0
10,11,7,9,5,202.5,0,0
10,11,7,9,6,247.5,0,0
10,11,7,9,7,292.5,0,0
10,11,7,9,8,337.5,0,0
10,11,7,10,1,22.5,0,0
10,11,7,10,2,67.5,0,0
10,11,7,10,3,112.5,0,0
10,11,7,10,4,157.5,0,0
10,11,7,10,5,202.5,0,0
10,11,7,10,6,247.5,0,0
10,11,7,10,7,292.5,0,0
10,11,7,10,8,337.5,0,0
10,11,7,11,1,22.5,0,0
10,11,7,11,2,67.5,0,0
10,11,7,11,3,112.5,0,0
10,11,7,11,4,157.5,0,0
10,11,7,11,5,202.5,0,0
10,11,7,11,6,247.5,0,0
10,11,7,11,7,292.5,0,0
10,11,7,11,8,337.5,0,0
10,11,8,1,1,22.5,37.604,6.68959
10,11,8,1,2,67.5,79.8028,9.46848
10,11,8,1,3,112.5,83.73,9.5486
10,11,8,1,4,157.5,74.0617,9.20569
10,11,8,1,5,202.5,68.0782,8.47542
10,11,8,1,6,247.5,39.4141,6.80609
10,11,8,1,7,292.5,30.7258,6.3572
10,11,8,1,8,337.5,45.3898,6.99653
10,11,8,2,1,22.5,0,0
10,11,8,2,2,67.5,20.0524,4.76302
10,11,8,2,3,112.5,34.4686,6.08164
10,11,8,2,4,157.5,36.2361,6.76857
10,11,8,2,5,202.5,24.7091,5.20433
10,11,8,2,6,247.5,0,0
10,11,8,2,7,292.5,0,0
10,11,8,2,8,337.5,0,0
10,11,8,3,1,22.5,0,0
10,11,8,3,2,67.5,0,0
10,11,8,3,3,112.5,0,0
10,11,8,3,4,157.5,0,0
10,11,8,3,5,202.5,0,0
10,11,8,3,6,247.5,0,0
10,11,8,3,7,292.5,0,0
10,11,8,3,8,337.5,0,0
10,11,8,4,1,22.5,0,0
10,11,8,4,2,67.5,0,0
10,11,8,4,3,112.5,0,0
10,11,8,4,4,157.5,0,0
10,11,8,4,5,202.5,0,0
10,11,8,4,6,247.5,0,0
10,11,8,4,7,292.5,0,0
10,11,8,4,8,337.5,0,0
10,11,8,5,1,22.5,0,0
10,11,8,5,2,67.5,0,0
10,11,8,5,3,112.5,0,0
10,11,8,5,4,157.5,0,0
10,11,8,5,5,202.5,0,0
10,11,8,5,6,247.5,0,0
10,11,8,5,7,292.5,0,0
10,11,8,5,8,337.5,0,0
10,11,8,6,1,22.5,0,0
10,11,8,6,2,67.5,0,0
10,11,8,6,3,112.5,0,0
10,11,8,6,4,157.5,0,0
10,11,8,6,5,202.5,0,0
10,11,8,6,6,247.5,0,0
10,11,8,6,7,292.5,0,0
10,11,8,6,8,337.5,0,0
10,11,8,7,1,22.5,0,0
10,11,8,7,2,67.5,0,0
10,11,8,7,3,112.5,0,0
10,11,8,7,4,157.5,0,0
10,11,8,7,5,202.5,0,0
10,11,8,7,6,247.5,0,0
10,11,8,7,7,292.5,0,0
10,11,8,7,8,337.5,0,0
10,11,8,8,1,22.5,0,0
10,11,8,8,2,67.5,0,0
10,11,8,8,3,112.5,0,0
10,11,8,8,4,157.5,0,0
10,11,8,8,5,202.5,0,0
10,11,8,8,6,247.5,0,0
10,11,8,8,7,292.5,0,0
10,11,8,8,8,337.5,0,0
10,11,8,9,1,22.5,0,0
10,11,8,9,2,67.5,0,0
10,11,8,9,3,112.5,0,0
10,11,8,9,4,157.5,0,0
10,11,8,9,5,202.5,0,0
10,11,8,9,6,247.5,0,0
10,11,8,9,7,292.5,0,0
10,11,8,9,8,337.5,0,0
10,11,8,10,1,22.5,0,0
10,11,8,10,2,67.5,0,0
10,11,8,10,3,112.5,0,0
10,11,8,10,4,157.5,0,0
10,11,8,10,5,202.5,0,0
10,11,8,10,6,247.5,0,0
10,11,8,10,7,292.5,0,0
10,11,8,10,8,337.5,0,0
10,11,8,11,1,22.5,0,0
10,11,8,11,2,67.5,0,0
10,11,8,11,3,112.5,0,0
10,11,8,11,4,157.5,0,0
10,11,8,11,5,202.5,0,0
10,11,8,11,6,247.5,0,0
10,11,8,11,7,292.5,0,0
10,11,8,11,8,337.5,0,0
11,12,1,1,1,22.5,0,0
11,12,1,1,2,67.5,0,0
11,12,1,1,3,112.5,0,0
11,12,1,1,4,157.5,40.7223,10.3036
11,12,1,1,5,202.5,0,0
11,12,1,1,6,247.5,0,0
11,12,1,1,7,292.5,0,0
11,12,1,1,8,337.5,0,0
11,12,1,2,1,22.5,0,0
11,12,1,2,2,67.5,0,0
11,12,1,2,3,112.5,15.0036,5.7735
11,12,1,2,4,157.5,0,0
11,12,1,2,5,202.5,0,0
11,12,1,2,6,247.5,24.6344,5.71639
11,12,1,2,7,292.5,0,0
11,12,1,2,8,337.5,0,0
11,12,1,3,1,22.5,0,0
11,12,1,3,2,67.5,15.4417,4.2788
11,12,1,3,3,112.5,0,0
11,12,1,3,4,157.5,0,0
11,12,1,3,5,202.5,0,0
11,12,1,3,6,247.5,0,0
11,12,1,3,7,292.5,0,0
11,12,1,3,8,337.5,0,0
11,12,1,4,1,22.5,0,0
11,12,1,4,2,67.5,0,0
11,12,1,4,3,112.5,0,0
11,12,1,4,4,157.5,0,0
11,12,1,4,5,202.5,0,0
11,12,1,4,6,247.5,0,0
11,12,1,4,7,292.5,0,0
11,12,1,4,8,337.5,0,0
11,12,1,5,1,22.5,0,0
11,12,1,5,2,67.5,0,0
11,12,1,5,3,112.5,0,0
11,12,1,5,4,157.5,0,0
11,12,1,5,5,202.5,0,0
11,12,1,5,6,247.5,0,0
11,12,1,5,7,292.5,0,0
11,12,1,5,8,337.5,0,0
11,12,1,6,1,22.5,0,0
11,12,1,6,2,67.5,0,0
11,12,1,6,3,112.5,0,0
11,12,1,6,4,157.5,0,0
11,12,1,6,5,202.5,0,0
11,12,1,6,6,247.5,0,0
11,12,1,6,7,292.5,0,0
11,12,1,6,8,337.5,0,0
11,12,1,7,1,22.5,0,0
11,12,1,7,2,67.5,0,0
11,12,1,7,3,112.5,0,0
11,12,1,7,4,157.5,0,0
11,12,1,7,5,202.5,0,0
11,12,1,7,6,247.5,0,0
11,12,1,7,7,292.5,0,0
11,12,1,7,8,337.5,0,0
11,12,1,8,1,22.5,0,0
11,12,1,8,2,67.5,0,0
11,12,1,8,3,112.5,0,0
11,12,1,8,4,157.5,0,0
11,12,1,8,5,202.5,0,0
11,12,1,8,6,247.5,0,0
11,12,1,8,7,292.5,0,0
11,12,1,8,8,337.5,0,0
11,12,1,9,1,22.5,0,0
11,12,1,9,2,67.5,0,0
11,12,1,9,3,112.5,0,0
11,12,1,9,4,157.5,0,0
11,12,1,9,5,202.5,0,0
11,12,1,9,6,247.5,0,0
11,12,1,9,7,292.5,0,0
11,12,1,9,8,337.5,0,0
11,12,1,10,1,22.5,0,0
11,12,1,10,2,67.5,0,0
11,12,1,10,3,112.5,0,0
11,12,1,10,4,157.5,0,0
11,12,1,10,5,202.5,0,0
11,12,1,10,6,247.5,0,0
11,12,1,10,7,292.5,0,0
11,12,1,10,8,337.5,0,0
11,12,1,11,1,22.5,0,0
11,12,1,11,2,67.5,0,0
11,12,1,11,3,112.5,0,0
11,12,1,11,4,157.5,0,0
11,12,1,11,5,202.5,0,0
11,12,1,11,6,247.5,0,0
11,12,1,11,7,292.5,0,0
11,12,1,11,8,337.5,0,0
11,12,2,1,1,22.5,3045.45,97.5846
11,12,2,1,2,67.5,7796.87,184.156
11,12,2,1,3,112.5,8553.52,177.023
11,12,2,1,4,157.5,11024,276.405
11,12,2,1,5,202.5,8873,220.95
11,12,2,1,6,247.5,7612.56,208.707
11,12,2,1,7,292.5,9040.1,252.98
11,12,2,1,8,337.5,4738.29,152.243
11,12,2,2,1,22.5,1107.01,50.588
11,12,2,2,2,67.5,5286.63,110.796
11,12,2,2,3,112.5,5933.26,116.191
11,12,2,2,4,157.5,4533.29,106.955
11,12,2,2,5,202.5,3906.21,92.4942
11,12,2,2,6,247.5,5814.94,126.03
11,12,2,2,7,292.5,4653.22,90.2766
11,12,2,2,8,337.5,848.918,47.9678
11,12,2,3,1,22.5,977.373,39.6865
11,12,2,3,2,67.5,4635.56,77.5995
11,12,2,3,3,112.5,2967.05,65.6108
11,12,2,3,4,157.5,979.602,36.2672
11,12,2,3,5,202.5,779.759,32.1282
11,12,2,3,6,247.5,3473.03,71.0204
11,12,2,3,7,292.5,5260.69,84.7411
11,12,2,3,8,337.5,1278.76,40.2983
11,12,2,4,1,22.5,1398.13,40.352
11,12,2,4,2,67.5,4102.67,69.7471
11,12,2,4,3,112.5,1402.06,41.1498
11,12,2,4,4,157.5,103.028,10.6746
11,12,2,4,5,202.5,54.1543,7.84187
11,12,2,4,6,247.5,1617.48,44.1162
11,12,2,4,7,292.5,4177.46,72.5204
11,12,2,4,8,337.5,1232.44,37.54
11,12,2,5,1,22.5,1432.68,40.995
11,12,2,5,2,67.5,4522.14,72.2505
11,12,2,5,3,112.5,774.275,29.4539
11,12,2,5,4,157.5,0,0
11,12,2,5,5,202.5,0,0
11,12,2,5,6,247.5,942.854,32.9966
11,12,2,5,7,292.5,3825.4,67.8376
11,12,2,5,8,337.5,980.581,33.7205
11,12,2,6,1,22.5,225.669,15.8347
11,12,2,6,2,67.5,761.029,28.6439
11,12,2,6,3,112.5,67.6576,8.68291
11,12,2,6,4,157.5,0,0
11,12,2,6,5,202.5,0,0
11,12,2,6,6,247.5,54.3552,7.84004
11,12,2,6,7,292.5,702.091,27.3173
11,12,2,6,8,337.5,250.789,16.4345
11,12,2,7,1,22.5,0,0
11,12,2,7,2,67.5,0,0
11,12,2,7,3,112.5,0,0
11,12,2,7,4,157.5,0,0
11,12,2,7,5,202.5,0,0
11,12,2,7,6,247.5,0,0
11,12,2,7,7,292.5,10.126,3.53173
11,12,2,7,8,337.5,0,0
11,12,2,8,1,22.5,0,0
11,12,2,8,2,67.5,0,0
11,12,2,8,3,112.5,0,0
11,12,2,8,4,157.5,0,0
11,12,2,8,5,202.5,0,0
11,12,2,8,6,247.5,0,0
11,12,2,8,7,292.5,0,0
11,12,2,8,8,337.5,0,0
11,12,2,9,1,22.5,0,0
11,12,2,9,2,67.5,0,0
11,12,2,9,3,112.5,0,0
11,12,2,9,4,157.5,0,0
11,12,2,9,5,202.5,0,0
11,12,2,9,6,247.5,0,0
11,12,2,9,7,292.5,0,0
11,12,2,9,8,337.5,0,0
11,12,2,10,1,22.5,0,0
11,12,2,10,2,67.5,0,0
11,12,2,10,3,112.5,0,0
11,12,2,10,4,157.5,0,0
11,12,2,10,5,202.5,0,0
11,12,2,10,6,247.5,0,0
11,12,2,10,7,292.5,0,0
11,12,2,10,8,337.5,0,0
11,12,2,11,1,22.5,0,0
11,12,2,11,2,67.5,0,0
11,12,2,11,3,112.5,0,0
11,12,2,11,4,157.5,0,0
11,12,2,11,5,202.5,0,0
11,12,2,11,6,247.5,0,0
11,12,2,11,7,292.5,0,0
11,12,2,11,8,337.5,0,0
11,12,3,1,1,22.5,7163.42,127.032
11,12,3,1,2,67.5,13014.7,180.481
11,12,3,1,3,112.5,19538.4,258.672
11,12,3,1,4,157.5,26064.5,300.21
11,12,3,1,5,202.5,20387,265.309
11,12,3,1,6,247.5,12943.8,181.2
11,12,3,1,7,292.5,10710.3,179.683
11,12,3,1,8,337.5,8982.08,153.485
11,12,3,2,1,22.5,5355.23,87.3053
11,12,3,2,2,67.5,9429.4,123.663
11,12,3,2,3,112.5,11994.1,138.762
11,12,3,2,4,157.5,17274.1,188.533
11,12,3,2,5,202.5,12601.8,164.881
11,12,3,2,6,247.5,8968.64,128.658
11,12,3,2,7,292.5,9146.44,125.671
11,12,3,2,8,337.5,4762.58,81.7128
11,12,3,3,1,22.5,1576.19,43.9969
11,12,3,3,2,67.5,7394.1,97.5647
11,12,3,3,3,112.5,7591.78,103.28
11,12,3,3,4,157.5,8197.73,110.867
11,12,3,3,5,202.5,6161.35,90.604
11,12,3,3,6,247.5,7439.68,102.382
11,12,3,3,7,292.5,9637.04,116.319
11,12,3,3,8,337.5,1095.68,38.5227
11,12,3,4,1,22.5,992.186,34.3934
11,12,3,4,2,67.5,7535.98,93.6066
11,12,3,4,3,112.5,4786.79,73.971
11,12,3,4,4,157.5,3254.92,61.7499
11,12,3,4,5,202.5,2337.69,52.3431
11,12,3,4,6,247.5,5904.67,82.8006
11,12,3,4,7,292.5,9573.12,103.924
11,12,3,4,8,337.5,1550.37,41.8311
11,12,3,5,1,22.5,2973.65,57.3246
11,12,3,5,2,67.5,13411.1,121.579
11,12,3,5,3,112.5,5162.33,78.9197
11,12,3,5,4,157.5,1577.23,42.3696
11,12,3,5,5,202.5,1247.27,37.044
11,12,3,5,6,247.5,6903.17,92.3372
11,12,3,5,7,292.5,13277.2,124.269
11,12,3,5,8,337.5,2987.71,58.5059
11,12,3,6,1,22.5,1784.15,43.8561
11,12,3,6,2,67.5,7304.94,89.7041
11,12,3,6,3,112.5,1713.98,43.7451
11,12,3,6,4,157.5,98.8515,10.4305
11,12,3,6,5,202.5,87.9055,10.06
11,12,3,6,6,247.5,2270.01,49.9921
11,12,3,6,7,292.5,6066.32,80.8743
11,12,3,6,8,337.5,1391.21,38.7174
11,12,3,7,1,22.5,740.404,28.0638
11,12,3,7,2,67.5,2830.19,54.9664
11,12,3,7,3,112.5,432.318,21.3741
11,12,3,7,4,157.5,0,0
11,12,3,7,5,202.5,0,0
11,12,3,7,6,247.5,566.892,24.5517
11,12,3,7,7,292.5,2128.94,47.8407
11,12,3,7,8,337.5,739.418,28.0827
11,12,3,8,1,22.5,292.519,17.762
11,12,3,8,2,67.5,929.734,31.3027
11,12,3,8,3,112.5,92.9311,10.0289
11,12,3,8,4,157.5,0,0
11,12,3,8,5,202.5,0,0
11,12,3,8,6,247.5,134.321,12.0154
11,12,3,8,7,292.5,716.609,27.5779
11,12,3,8,8,337.5,334.51,18.8782
11,12,3,9,1,22.5,0,0
11,12,3,9,2,67.5,62.1678,8.39184
11,12,3,9,3,112.5,0,0
11,12,3,9,4,157.5,0,0
11,12,3,9,5,202.5,0,0
11,12,3,9,6,247.5,0,0
11,12,3,9,7,292.5,33.1553,5.98263
11,12,3,9,8,337.5,38.6745,6.9791
11,12,3,10,1,22.5,0,0
11,12,3,10,2,67.5,0,0
11,12,3,10,3,112.5,0,0
11,12,3,10,4,157.5,0,0
11,12,3,10,5,202.5,0,0
11,12,3,10,6,247.5,0,0
11,12,3,10,7,292.5,0,0
11,12,3,10,8,337.5,0,0
11,12,3,11,1,22.5,0,0
11,12,3,11,2,67.5,0,0
11,12,3,11,3,112.5,0,0
11,12,3,11,4,157.5,0,0
11,12,3,11,5,202.5,0,0
11,12,3,11,6,247.5,0,0
11,12,3,11,7,292.5,0,0
11,12,3,11,8,337.5,0,0
11,12,4,1,1,22.5,10609.9,151.553
11,12,4,1,2,67.5,15371.3,172.878
11,12,4,1,3,112.5,22492.5,209.362
11,12,4,1,4,157.5,27864.5,233.35
11,12,4,1,5,202.5,21803.1,213.033
11,12,4,1,6,247.5,13335.5,161.034
11,12,4,1,7,292.5,9494.17,125.017
11,12,4,1,8,337.5,8737.81,138.076
11,12,4,2,1,22.5,3538.48,69.7447
11,12,4,2,2,67.5,6102.52,88.1591
11,12,4,2,3,112.5,13808.3,136.933
11,12,4,2,4,157.5,21821.3,177.6
11,12,4,2,5,202.5,15911.1,158.141
11,12,4,2,6,247.5,6526.8,93.1612
11,12,4,2,7,292.5,5195.63,84.0551
11,12,4,2,8,337.5,4562.81,76.1005
11,12,4,3,1,22.5,2492.49,55.0794
11,12,4,3,2,67.5,4096.88,70.3374
11,12,4,3,3,112.5,8373.14,102.508
11,12,4,3,4,157.5,14207.9,132.79
11,12,4,3,5,202.5,10140.3,140.851
11,12,4,3,6,247.5,5047.79,78.8743
11,12,4,3,7,292.5,6311.44,86.767
11,12,4,3,8,337.5,2604.85,54.1689
11,12,4,4,1,22.5,1205.96,36.7503
11,12,4,4,2,67.5,4104.9,68.0966
11,12,4,4,3,112.5,5320.53,76.7118
11,12,4,4,4,157.5,8726.32,101.585
11,12,4,4,5,202.5,5882.09,81.9626
11,12,4,4,6,247.5,4863.79,73.88
11,12,4,4,7,292.5,7440.16,90.3998
11,12,4,4,8,337.5,882.85,33.5292
11,12,4,5,1,22.5,1198.87,36.743
11,12,4,5,2,67.5,9409.33,102.133
11,12,4,5,3,112.5,6335.53,84.0817
11,12,4,5,4,157.5,7337,90.8624
11,12,4,5,5,202.5,5003.29,74.9651
11,12,4,5,6,247.5,8225.98,95.6604
11,12,4,5,7,292.5,13346.6,122.277
11,12,4,5,8,337.5,1353.49,39.3341
11,12,4,6,1,22.5,1046.61,33.6476
11,12,4,6,2,67.5,7763.06,90.9459
11,12,4,6,3,112.5,2933.15,56.638
11,12,4,6,4,157.5,1682.94,42.5107
11,12,4,6,5,202.5,1199.6,35.879
11,12,4,6,6,247.5,4748.63,71.8502
11,12,4,6,7,292.5,8190.99,94.1912
11,12,4,6,8,337.5,1086.45,33.855
11,12,4,7,1,22.5,551.009,24.0895
11,12,4,7,2,67.5,4248.71,67.3176
11,12,4,7,3,112.5,1385.77,38.565
11,12,4,7,4,157.5,326.371,18.7928
11,12,4,7,5,202.5,217.418,15.3133
11,12,4,7,6,247.5,2071.96,47.2329
11,12,4,7,7,292.5,3627.16,62.2872
11,12,4,7,8,337.5,486.048,22.8058
11,12,4,8,1,22.5,312.283,18.3477
11,12,4,8,2,67.5,2252.06,48.9993
11,12,4,8,3,112.5,681.196,26.8302
11,12,4,8,4,157.5,64.2135,8.505
11,12,4,8,5,202.5,43.0774,7.07289
11,12,4,8,6,247.5,975.746,32.0439
11,12,4,8,7,292.5,1717.11,42.4785
11,12,4,8,8,337.5,284.061,17.4512
11,12,4,9,1,22.5,68.2322,8.781
11,12,4,9,2,67.5,389.217,20.1923
11,12,4,9,3,112.5,108.206,10.8274
11,12,4,9,4,157.5,0,0
11,12,4,9,5,202.5,0,0
11,12,4,9,6,247.5,144.724,12.9354
11,12,4,9,7,292.5,259.946,16.779
11,12,4,9,8,337.5,98.9028,10.4029
11,12,4,10,1,22.5,0,0
11,12,4,10,2,67.5,9.68834,3.36666
11,12,4,10,3,112.5,0,0
11,12,4,10,4,157.5,0,0
11,12,4,10,5,202.5,0,0
11,12,4,10,6,247.5,0,0
11,12,4,10,7,292.5,14.1957,4.21096
11,12,4,10,8,337.5,0,0
11,12,4,11,1,22.5,0,0
11,12,4,11,2,67.5,0,0
11,12,4,11,3,112.5,0,0
11,12,4,11,4,157.5,0,0
11,12,4,11,5,202.5,0,0
11,12,4,11,6,247.5,0,0
11,12,4,11,7,292.5,0,0
11,12,4,11,8,337.5,0,0
11,12,5,1,1,22.5,11564.4,131.424
11,12,5,1,2,67.5,14174,130.558
11,12,5,1,3,112.5,17940,157.924
11,12,5,1,4,157.5,20581.7,172.698
11,12,5,1,5,202.5,16206.6,154.089
11,12,5,1,6,247.5,10538,119.708
11,12,5,1,7,292.5,7560.3,97.7286
11,12,5,1,8,337.5,8450.19,112.666
11,12,5,2,1,22.5,3606.2,64.6775
11,12,5,2,2,67.5,5162.59,77.0533
11,12,5,2,3,112.5,11213.5,119.543
11,12,5,2,4,157.5,16792.3,147.235
11,12,5,2,5,202.5,12205.3,124.364
11,12,5,2,6,247.5,4595.58,73.3653
11,12,5,2,7,292.5,1939.81,48.9086
11,12,5,2,8,337.5,2092.54,49.518
11,12,5,3,1,22.5,1188.47,36.6606
11,12,5,3,2,67.5,1983.32,47.3545
11,12,5,3,3,112.5,7217.84,89.0624
11,12,5,3,4,157.5,12225.7,120.843
11,12,5,3,5,202.5,8839.58,100.773
11,12,5,3,6,247.5,2789.75,57.4201
11,12,5,3,7,292.5,2104.67,48.5893
11,12,5,3,8,337.5,1267.41,37.7095
11,12,5,4,1,22.5,761.146,28.8852
11,12,5,4,2,67.5,1232.1,36.9745
11,12,5,4,3,112.5,4376.55,69.4978
11,12,5,4,4,157.5,8556.23,97.8458
11,12,5,4,5,202.5,5881.35,81.042
11,12,5,4,6,247.5,2370.2,51.317
11,12,5,4,7,292.5,3087.35,57.7507
11,12,5,4,8,337.5,903.121,31.8682
11,12,5,5,1,22.5,740.584,28.6049
11,12,5,5,2,67.5,3057.82,57.7322
11,12,5,5,3,112.5,4874.41,73.2531
11,12,5,5,4,157.5,9379.27,105.876
11,12,5,5,5,202.5,6320.61,84.8465
11,12,5,5,6,247.5,4250.48,67.8682
11,12,5,5,7,292.5,7347.84,88.6956
11,12,5,5,8,337.5,871.518,30.7431
11,12,5,6,1,22.5,359.547,19.6539
11,12,5,6,2,67.5,3165.11,57.8858
11,12,5,6,3,112.5,2337.53,49.9673
11,12,5,6,4,157.5,3648.69,62.5019
11,12,5,6,5,202.5,2350.66,50.6584
11,12,5,6,6,247.5,2863.24,55.2069
11,12,5,6,7,292.5,4994.46,72.4228
11,12,5,6,8,337.5,421.027,21.1781
11,12,5,7,1,22.5,182.506,14.0041
11,12,5,7,2,67.5,1969.76,45.4897
11,12,5,7,3,112.5,1033.68,33.1065
11,12,5,7,4,157.5,1135.54,34.6594
11,12,5,7,5,202.5,750.663,28.3234
11,12,5,7,6,247.5,1527.28,39.8987
11,12,5,7,7,292.5,2408.3,49.6493
11,12,5,7,8,337.5,167.277,13.4514
11,12,5,8,1,22.5,70.5815,8.86559
11,12,5,8,2,67.5,987.522,32.0655
11,12,5,8,3,112.5,505.735,23.2764
11,12,5,8,4,157.5,343.992,19.0312
11,12,5,8,5,202.5,268.164,17.5344
11,12,5,8,6,247.5,758.393,28.26
11,12,5,8,7,292.5,933.064,31.3152
11,12,5,8,8,337.5,32.2797,6.16412
11,12,5,9,1,22.5,0,0
11,12,5,9,2,67.5,101.445,10.373
11,12,5,9,3,112.5,51.6275,7.70739
11,12,5,9,4,157.5,0,0
11,12,5,9,5,202.5,0,0
11,12,5,9,6,247.5,99.526,10.5508
11,12,5,9,7,292.5,70.6033,8.82331
11,12,5,9,8,337.5,0,0
11,12,5,10,1,22.5,0,0
11,12,5,10,2,67.5,0,0
11,12,5,10,3,112.5,0,0
11,12,5,10,4,157.5,0,0
11,12,5,10,5,202.5,0,0
11,12,5,10,6,247.5,0,0
11,12,5,10,7,292.5,0,0
11,12,5,10,8,337.5,0,0
11,12,5,11,1,22.5,0,0
11,12,5,11,2,67.5,0,0
11,12,5,11,3,112.5,0,0
11,12,5,11,4,157.5,0,0
11,12,5,11,5,202.5,0,0
11,12,5,11,6,247.5,0,0
11,12,5,11,7,292.5,0,0
11,12,5,11,8,337.5,0,0
11,12,6,1,1,22.5,7061.82,96.5827
11,12,6,1,2,67.5,7959.21,97.8795
11,12,6,1,3,112.5,9329.3,105.805
11,12,6,1,4,157.5,10418.6,111.876
11,12,6,1,5,202.5,8266.21,105.566
11,12,6,1,6,247.5,5611.93,83.086
11,12,6,1,7,292.5,4465.6,71.931
11,12,6,1,8,337.5,5290.13,82.9906
11,12,6,2,1,22.5,2818.68,58.3161
11,12,6,2,2,67.5,3460.37,61.9842
11,12,6,2,3,112.5,6029.88,81.2111
11,12,6,2,4,157.5,8216.31,97.2713
11,12,6,2,5,202.5,6140.65,85.8831
11,12,6,2,6,247.5,2589.72,54.6791
11,12,6,2,7,292.5,1028.41,34.4978
11,12,6,2,8,337.5,1530.01,41.9154
11,12,6,3,1,22.5,831.319,29.9144
11,12,6,3,2,67.5,1363.61,38.4031
11,12,6,3,3,112.5,3604.79,62.9172
11,12,6,3,4,157.5,5875.26,81.0768
11,12,6,3,5,202.5,4026.95,67.4733
11,12,6,3,6,247.5,1305.67,38.2648
11,12,6,3,7,292.5,336.135,19.7604
11,12,6,3,8,337.5,391.14,21.2086
11,12,6,4,1,22.5,219.335,15.38
11,12,6,4,2,67.5,424.056,21.3273
11,12,6,4,3,112.5,2162.08,47.709
11,12,6,4,4,157.5,3922.12,64.989
11,12,6,4,5,202.5,2790.57,55.2608
11,12,6,4,6,247.5,847.872,30.0953
11,12,6,4,7,292.5,560.827,25.0769
11,12,6,4,8,337.5,142.781,12.8407
11,12,6,5,1,22.5,107.684,11.4431
11,12,6,5,2,67.5,323.123,18.9417
11,12,6,5,3,112.5,2151.46,47.9056
11,12,6,5,4,157.5,4171.88,67.486
11,12,6,5,5,202.5,2999.75,56.7818
11,12,6,5,6,247.5,1077.97,33.8429
11,12,6,5,7,292.5,1409.08,38.5096
11,12,6,5,8,337.5,187.657,14.4483
11,12,6,6,1,22.5,0,0
11,12,6,6,2,67.5,360.351,19.5415
11,12,6,6,3,112.5,552.857,24.1069
11,12,6,6,4,157.5,1446.41,38.8625
11,12,6,6,5,202.5,923.035,31.1612
11,12,6,6,6,247.5,501.369,23.1937
11,12,6,6,7,292.5,893.127,30.5928
11,12,6,6,8,337.5,54.6632,7.64374
11,12,6,7,1,22.5,0,0
11,12,6,7,2,67.5,126.794,11.9894
11,12,6,7,3,112.5,146.192,12.482
11,12,6,7,4,157.5,404.95,20.9121
11,12,6,7,5,202.5,233.242,15.3171
11,12,6,7,6,247.5,178.671,13.8563
11,12,6,7,7,292.5,297.88,17.8571
11,12,6,7,8,337.5,0,0
11,12,6,8,1,22.5,0,0
11,12,6,8,2,67.5,0,0
11,12,6,8,3,112.5,27.8217,5.81797
11,12,6,8,4,157.5,64.1538,8.35126
11,12,6,8,5,202.5,23.2895,5.109
11,12,6,8,6,247.5,53.722,7.60967
11,12,6,8,7,292.5,72.3074,8.86273
11,12,6,8,8,337.5,0,0
11,12,6,9,1,22.5,0,0
11,12,6,9,2,67.5,0,0
11,12,6,9,3,112.5,0,0
11,12,6,9,4,157.5,0,0
11,12,6,9,5,202.5,0,0
11,12,6,9,6,247.5,0,0
11,12,6,9,7,292.5,0,0
11,12,6,9,8,337.5,0,0
11,12,6,10,1,22.5,0,0
11,12,6,10,2,67.5,0,0
11,12,6,10,3,112.5,0,0
11,12,6,10,4,157.5,0,0
11,12,6,10,5,202.5,0,0
11,12,6,10,6,247.5,0,0
11,12,6,10,7,292.5,0,0
11,12,6,10,8,337.5,0,0
11,12,6,11,1,22.5,0,0
11,12,6,11,2,67.5,0,0
11,12,6,11,3,112.5,0,0
11,12,6,11,4,157.5,0,0
11,12,6,11,5,202.5,0,0
11,12,6,11,6,247.5,0,0
11,12,6,11,7,292.5,0,0
11,12,6,11,8,337.5,0,0
11,12,7,1,1,22.5,1010.61,32.9887
11,12,7,1,2,67.5,1210.73,36.6968
11,12,7,1,3,112.5,1363.45,39.0535
11,12,7,1,4,157.5,1429.13,40.5499
11,12,7,1,5,202.5,1193.94,36.6735
11,12,7,1,6,247.5,879.123,31.0193
11,12,7,1,7,292.5,690.006,27.726
11,12,7,1,8,337.5,776.513,29.3649
11,12,7,2,1,22.5,368.686,19.7704
11,12,7,2,2,67.5,432.912,21.8254
11,12,7,2,3,112.5,643.515,26.2416
11,12,7,2,4,157.5,831.831,30.1975
11,12,7,2,5,202.5,623.349,25.8309
11,12,7,2,6,247.5,273.828,17.1716
11,12,7,2,7,292.5,138.122,12.2825
11,12,7,2,8,337.5,155.446,13.1306
11,12,7,3,1,22.5,59.8646,8.02567
11,12,7,3,2,67.5,114.667,11.0562
11,12,7,3,3,112.5,244.337,16.291
11,12,7,3,4,157.5,382.375,20.1715
11,12,7,3,5,202.5,276.064,17.294
11,12,7,3,6,247.5,54.9993,7.7291
11,12,7,3,7,292.5,9.85638,3.51944
11,12,7,3,8,337.5,19.0118,4.68067
11,12,7,4,1,22.5,0,0
11,12,7,4,2,67.5,32.2692,6.28564
11,12,7,4,3,112.5,131.674,11.9472
11,12,7,4,4,157.5,186.557,14.206
11,12,7,4,5,202.5,96.4735,10.2786
11,12,7,4,6,247.5,21.0371,4.83857
11,12,7,4,7,292.5,0,0
11,12,7,4,8,337.5,0,0
11,12,7,5,1,22.5,0,0
11,12,7,5,2,67.5,0,0
11,12,7,5,3,112.5,32.7614,6.00862
11,12,7,5,4,157.5,58.5935,7.87268
11,12,7,5,5,202.5,35.2793,6.27869
11,12,7,5,6,247.5,16.8457,4.28548
11,12,7,5,7,292.5,11.9241,3.66445
11,12,7,5,8,337.5,0,0
11,12,7,6,1,22.5,0,0
11,12,7,6,2,67.5,0,0
11,12,7,6,3,112.5,0,0
11,12,7,6,4,157.5,0,0
11,12,7,6,5,202.5,0,0
11,12,7,6,6,247.5,0,0
11,12,7,6,7,292.5,0,0
11,12,7,6,8,337.5,0,0
11,12,7,7,1,22.5,0,0
11,12,7,7,2,67.5,0,0
11,12,7,7,3,112.5,0,0
11,12,7,7,4,157.5,0,0
11,12,7,7,5,202.5,0,0
11,12,7,7,6,247.5,0,0
11,12,7,7,7,292.5,0,0
11,12,7,7,8,337.5,0,0
11,12,7,8,1,22.5,0,0
11,12,7,8,2,67.5,0,0
11,12,7,8,3,112.5,0,0
11,12,7,8,4,157.5,0,0
11,12,7,8,5,202.5,0,0
11,12,7,8,6,247.5,0,0
11,12,7,8,7,292.5,0,0
11,12,7,8,8,337.5,0,0
11,12,7,9,1,22.5,0,0
11,12,7,9,2,67.5,0,0
11,12,7,9,3,112.5,0,0
11,12,7,9,4,157.5,0,0
11,12,7,9,5,202.5,0,0
11,12,7,9,6,247.5,0,0
11,12,7,9,7,292.5,0,0
11,12,7,9,8,337.5,0,0
11,12,7,10,1,22.5,0,0
11,12,7,10,2,67.5,0,0
11,12,7,10,3,112.5,0,0
11,12,7,10,4,157.5,0,0
11,12,7,10,5,202.5,0,0
11,12,7,10,6,247.5,0,0
11,12,7,10,7,292.5,0,0
11,12,7,10,8,337.5,0,0
11,12,7,11,1,22.5,0,0
11,12,7,11,2,67.5,0,0
11,12,7,11,3,112.5,0,0
11,12,7,11,4,157.5,0,0
11,12,7,11,5,202.5,0,0
11,12,7,11,6,247.5,0,0
11,12,7,11,7,292.5,0,0
11,12,7,11,8,337.5,0,0
11,12,8,1,1,22.5,0,0
11,12,8,1,2,67.5,0,0
11,12,8,1,3,112.5,0,0
11,12,8,1,4,157.5,0,0
11,12,8,1,5,202.5,0,0
11,12,8,1,6,247.5,0,0
11,12,8,1,7,292.5,0,0
11,12,8,1,8,337.5,0,0
11,12,8,2,1,22.5,0,0
11,12,8,2,2,67.5,0,0
11,12,8,2,3,112.5,0,0
11,12,8,2,4,157.5,0,0
11,12,8,2,5,202.5,0,0
11,12,8,2,6,247.5,0,0
11,12,8,2,7,292.5,0,0
11,12,8,2,8,337.5,0,0
11,12,8,3,1,22.5,0,0
11,12,8,3,2,67.5,0,0
11,12,8,3,3,112.5,0,0
11,12,8,3,4,157.5,0,0
11,12,8,3,5,202.5,0,0
11,12,8,3,6,247.5,0,0
11,12,8,3,7,292.5,0,0
11,12,8,3,8,337.5,0,0
11,12,8,4,1,22.5,0,0
11,12,8,4,2,67.5,0,0
11,12,8,4,3,112.5,0,0
11,12,8,4,4,157.5,0,0
11,12,8,4,5,202.5,0,0
11,12,8,4,6,247.5,0,0
11,12,8,4,7,292.5,0,0
11,12,8,4,8,337.5,0,0
11,12,8,5,1,22.5,0,0
11,12,8,5,2,67.5,0,0
11,12,8,5,3,112.5,0,0
11,12,8,5,4,157.5,0,0
11,12,8,5,5,202.5,0,0
11,12,8,5,6,247.5,0,0
11,12,8,5,7,292.5,0,0
11,12,8,5,8,337.5,0,0
11,12,8,6,1,22.5,0,0
11,12,8,6,2,67.5,0,0
11,12,8,6,3,112.5,0,0
11,12,8,6,4,157.5,0,0
11,12,8,6,5,202.5,0,0
11,12,8,6,6,247.5,0,0
11,12,8,6,7,292.5,0,0
11,12,8,6,8,337.5,0,0
11,12,8,7,1,22.5,0,0
11,12,8,7,2,67.5,0,0
11,12,8,7,3,112.5,0,0
11,12,8,7,4,157.5,0,0
11,12,8,7,5,202.5,0,0
11,12,8,7,6,247.5,0,0
11,12,8,7,7,292.5,0,0
11,12,8,7,8,337.5,0,0
11,12,8,8,1,22.5,0,0
11,12,8,8,2,67.5,0,0
11,12,8,8,3,112.5,0,0
11,12,8,8,4,157.5,0,0
11,12,8,8,5,202.5,0,0
11,12,8,8,6,247.5,0,0
11,12,8,8,7,292.5,0,0
11,12,8,8,8,337.5,0,0
11,12,8,9,1,22.5,0,0
11,12,8,9,2,67.5,0,0
11,12,8,9,3,112.5,0,0
11,12,8,9,4,157.5,0,0
11,12,8,9,5,202.5,0,0
11,12,8,9,6,247.5,0,0
11,12,8,9,7,292.5,0,0
11,12,8,9,8,337.5,0,0
11,12,8,10,1,22.5,0,0
11,12,8,10,2,67.5,0,0
11,12,8,10,3,112.5,0,0
11,12,8,10,4,157.5,0,0
11,12,8,10,5,202.5,0,0
11,12,8,10,6,247.5,0,0
11,12,8,10,7,292.5,0,0
11,12,8,10,8,337.5,0,0
11,12,8,11,1,22.5,0,0
11,12,8,11,2,67.5,0,0
11,12,8,11,3,112.5,0,0
11,12,8,11,4,157.5,0,0
11,12,8,11,5,202.5,0,0
11,12,8,11,6,247.5,0,0
11,12,8,11,7,292.5,0,0
11,12,8,11,8,337.5,0,0
12,13,1,1,1,22.5,0,0
12,13,1,1,2,67.5,0,0
12,13,1,1,3,112.5,0,0
12,13,1,1,4,157.5,0,0
12,13,1,1,5,202.5,0,0
12,13,1,1,6,247.5,0,0
12,13,1,1,7,292.5,0,0
12,13,1,1,8,337.5,0,0
12,13,1,2,1,22.5,0,0
12,13,1,2,2,67.5,0,0
12,13,1,2,3,112.5,0,0
12,13,1,2,4,157.5,0,0
12,13,1,2,5,202.5,0,0
12,13,1,2,6,247.5,0,0
12,13,1,2,7,292.5,0,0
12,13,1,2,8,337.5,0,0
12,13,1,3,1,22.5,0,0
12,13,1,3,2,67.5,0,0
12,13,1,3,3,112.5,0,0
12,13,1,3,4,157.5,0,0
12,13,1,3,5,202.5,0,0
12,13,1,3,6,247.5,0,0
12,13,1,3,7,292.5,0,0
12,13,1,3,8,337.5,0,0
12,13,1,4,1,22.5,0,0
12,13,1,4,2,67.5,0,0
12,13,1,4,3,112.5,0,0
12,13,1,4,4,157.5,0,0
12,13,1,4,5,202.5,0,0
12,13,1,4,6,247.5,0,0
12,13,1,4,7,292.5,0,0
12,13,1,4,8,337.5,0,0
12,13,1,5,1,22.5,0,0
12,13,1,5,2,67.5,0,0
12,13,1,5,3,112.5,0,0
12,13,1,5,4,157.5,0,0
12,13,1,5,5,202.5,0,0
12,13,1,5,6,247.5,0,0
12,13,1,5,7,292.5,0,0
12,13,1,5,8,337.5,0,0
12,13,1,6,1,22.5,0,0
12,13,1,6,2,67.5,0,0
12,13,1,6,3,112.5,0,0
12,13,1,6,4,157.5,0,0
12,13,1,6,5,202.5,0,0
12,13,1,6,6,247.5,0,0
12,13,1,6,7,292.5,0,0
12,13,1,6,8,337.5,0,0
12,13,1,7,1,22.5,0,0
12,13,1,7,2,67.5,0,0
12,13,1,7,3,112.5,0,0
12,13,1,7,4,157.5,0,0
12,13,1,7,5,202.5,0,0
12,13,1,7,6,247.5,0,0
12,13,1,7,7,292.5,0,0
12,13,1,7,8,337.5,0,0
12,13,1,8,1,22.5,0,0
12,13,1,8,2,67.5,0,0
12,13,1,8,3,112.5,0,0
12,13,1,8,4,157.5,0,0
12,13,1,8,5,202.5,0,0
12,13,1,8,6,247.5,0,0
12,13,1,8,7,292.5,0,0
12,13,1,8,8,337.5,0,0
12,13,1,9,1,22.5,0,0
12,13,1,9,2,67.5,0,0
12,13,1,9,3,112.5,0,0
12,13,1,9,4,157.5,0,0
12,13,1,9,5,202.5,0,0
12,13,1,9,6,247.5,0,0
12,13,1,9,7,292.5,0,0
12,13,1,9,8,337.5,0,0
12,13,1,10,1,22.5,0,0
12,13,1,10,2,67.5,0,0
12,13,1,10,3,112.5,0,0
12,13,1,10,4,157.5,0,0
12,13,1,10,5,202.5,0,0
12,13,1,10,6,247.5,0,0
12,13,1,10,7,292.5,0,0
12,13,1,10,8,337.5,0,0
12,13,1,11,1,22.5,0,0
12,13,1,11,2,67.5,0,0
12,13,1,11,3,112.5,0,0
12,13,1,11,4,157.5,0,0
12,13,1,11,5,202.5,0,0
12,13,1,11,6,247.5,0,0
12,13,1,11,7,292.5,0,0
12,13,1,11,8,337.5,0,0
12,13,2,1,1,22.5,1388.07,77.8714
12,13,2,1,2,67.5,3193.7,120.229
12,13,2,1,3,112.5,3591.29,125.782
12,13,2,1,4,157.5,3079.89,101.223
12,13,2,1,5,202.5,2956.59,109.604
12,13,2,1,6,247.5,2777.97,102.944
12,13,2,1,7,292.5,3452.4,130.871
12,13,2,1,8,337.5,2274.16,96.037
12,13,2,2,1,22.5,795.16,35.1832
12,13,2,2,2,67.5,2413.7,68.9571
12,13,2,2,3,112.5,1483.9,50.4581
12,13,2,2,4,157.5,374.568,25.2195
12,13,2,2,5,202.5,394.445,25.5544
12,13,2,2,6,247.5,1460.62,49.8705
12,13,2,2,7,292.5,2140.15,60.388
12,13,2,2,8,337.5,494.358,32.331
12,13,2,3,1,22.5,312.996,20.916
12,13,2,3,2,67.5,1628.71,44.5346
12,13,2,3,3,112.5,472.464,23.4612
12,13,2,3,4,157.5,0,0
12,13,2,3,5,202.5,0,0
12,13,2,3,6,247.5,530.92,26.1344
12,13,2,3,7,292.5,1785.86,47.2624
12,13,2,3,8,337.5,452.231,24.4039
12,13,2,4,1,22.5,477.097,23.2913
12,13,2,4,2,67.5,1289.21,37.7811
12,13,2,4,3,112.5,119.406,11.488
12,13,2,4,4,157.5,0,0
12,13,2,4,5,202.5,0,0
12,13,2,4,6,247.5,101.267,11.0392
12,13,2,4,7,292.5,1198.23,37.4326
12,13,2,4,8,337.5,507.724,23.9037
12,13,2,5,1,22.5,471.461,22.6192
12,13,2,5,2,67.5,1030.13,34.213
12,13,2,5,3,112.5,0,0
12,13,2,5,4,157.5,0,0
12,13,2,5,5,202.5,0,0
12,13,2,5,6,247.5,0,0
12,13,2,5,7,292.5,840.573,30.3402
12,13,2,5,8,337.5,312.446,18.5661
12,13,2,6,1,22.5,0,0
12,13,2,6,2,67.5,12.6546,3.72948
12,13,2,6,3,112.5,0,0
12,13,2,6,4,157.5,0,0
12,13,2,6,5,202.5,0,0
12,13,2,6,6,247.5,0,0
12,13,2,6,7,292.5,11.8426,3.5904
12,13,2,6,8,337.5,0,0
12,13,2,7,1,22.5,0,0
12,13,2,7,2,67.5,0,0
12,13,2,7,3,112.5,0,0
12,13,2,7,4,157.5,0,0
12,13,2,7,5,202.5,0,0
12,13,2,7,6,247.5,0,0
12,13,2,7,7,292.5,0,0
12,13,2,7,8,337.5,0,0
12,13,2,8,1,22.5,0,0
12,13,2,8,2,67.5,0,0
12,13,2,8,3,112.5,0,0
12,13,2,8,4,157.5,0,0
12,13,2,8,5,202.5,0,0
12,13,2,8,6,247.5,0,0
12,13,2,8,7,292.5,0,0
12,13,2,8,8,337.5,0,0
12,13,2,9,1,22.5,0,0
12,13,2,9,2,67.5,0,0
12,13,2,9,3,112.5,0,0
12,13,2,9,4,157.5,0,0
12,13,2,9,5,202.5,0,0
12,13,2,9,6,247.5,0,0
12,13,2,9,7,292.5,0,0
12,13,2,9,8,337.5,0,0
12,13,2,10,1,22.5,0,0
12,13,2,10,2,67.5,0,0
12,13,2,10,3,112.5,0,0
12,13,2,10,4,157.5,0,0
12,13,2,10,5,202.5,0,0
12,13,2,10,6,247.5,0,0
12,13,2,10,7,292.5,0,0
12,13,2,10,8,337.5,0,0
12,13,2,11,1,22.5,0,0
12,13,2,11,2,67.5,0,0
12,13,2,11,3,112.5,0,0
12,13,2,11,4,157.5,0,0
12,13,2,11,5,202.5,0,0
12,13,2,11,6,247.5,0,0
12,13,2,11,7,292.5,0,0
12,13,2,11,8,337.5,0,0
12,13,3,1,1,22.5,8549.58,168.431
12,13,3,1,2,67.5,13321.5,181.694
12,13,3,1,3,112.5,16689.1,268.335
12,13,3,1,4,157.5,15837.2,245.578
12,13,3,1,5,202.5,13256.8,231.054
12,13,3,1,6,247.5,12306.3,185.954
12,13,3,1,7,292.5,10866.8,172.701
12,13,3,1,8,337.5,9990.77,160.305
12,13,3,2,1,22.5,5837.13,107.173
12,13,3,2,2,67.5,8785.25,120.662
12,13,3,2,3,112.5,7442.68,121.682
12,13,3,2,4,157.5,4738.88,94.6706
12,13,3,2,5,202.5,3777.53,75.21
12,13,3,2,6,247.5,6228.76,107.712
12,13,3,2,7,292.5,8575.16,123.672
12,13,3,2,8,337.5,5984.79,93.1719
12,13,3,3,1,22.5,2250.19,52.6741
12,13,3,3,2,67.5,6203.34,89.3499
12,13,3,3,3,112.5,3472.47,67.448
12,13,3,3,4,157.5,938.456,33.4044
12,13,3,3,5,202.5,806.792,33.2088
12,13,3,3,6,247.5,3555.61,67.6462
12,13,3,3,7,292.5,7831.8,98.8525
12,13,3,3,8,337.5,1600.24,44.7496
12,13,3,4,1,22.5,948.846,34.1372
12,13,3,4,2,67.5,5369.49,78.1491
12,13,3,4,3,112.5,1569.67,41.7369
12,13,3,4,4,157.5,135.723,12.2031
12,13,3,4,5,202.5,96.3733,10.3463
12,13,3,4,6,247.5,1902.67,46.4971
12,13,3,4,7,292.5,6558.17,85.5229
12,13,3,4,8,337.5,1236.25,37.1404
12,13,3,5,1,22.5,1992.4,46.821
12,13,3,5,2,67.5,7214.44,89.1824
12,13,3,5,3,112.5,1002.8,33.1122
12,13,3,5,4,157.5,0,0
12,13,3,5,5,202.5,0,0
12,13,3,5,6,247.5,1207.65,36.6245
12,13,3,5,7,292.5,7128.91,88.556
12,13,3,5,8,337.5,2208.88,49.455
12,13,3,6,1,22.5,734.605,27.8888
12,13,3,6,2,67.5,2335.43,49.8105
12,13,3,6,3,112.5,146.84,12.6078
12,13,3,6,4,157.5,0,0
12,13,3,6,5,202.5,0,0
12,13,3,6,6,247.5,190.687,14.3733
12,13,3,6,7,292.5,2161.2,47.8731
12,13,3,6,8,337.5,567.678,24.9911
12,13,3,7,1,22.5,110.72,10.9637
12,13,3,7,2,67.5,415.457,21.0009
12,13,3,7,3,112.5,0,0
12,13,3,7,4,157.5,0,0
12,13,3,7,5,202.5,0,0
12,13,3,7,6,247.5,0,0
12,13,3,7,7,292.5,364.883,19.7728
12,13,3,7,8,337.5,88.9914,10.0594
12,13,3,8,1,22.5,0,0
12,13,3,8,2,67.5,27.9766,5.44886
12,13,3,8,3,112.5,0,0
12,13,3,8,4,157.5,0,0
12,13,3,8,5,202.5,0,0
12,13,3,8,6,247.5,0,0
12,13,3,8,7,292.5,10.8334,3.44157
12,13,3,8,8,337.5,0,0
12,13,3,9,1,22.5,0,0
12,13,3,9,2,67.5,0,0
12,13,3,9,3,112.5,0,0
12,13,3,9,4,157.5,0,0
12,13,3,9,5,202.5,0,0
12,13,3,9,6,247.5,0,0
12,13,3,9,7,292.5,0,0
12,13,3,9,8,337.5,0,0
12,13,3,10,1,22.5,0,0
12,13,3,10,2,67.5,0,0
12,13,3,10,3,112.5,0,0
12,13,3,10,4,157.5,0,0
12,13,3,10,5,202.5,0,0
12,13,3,10,6,247.5,0,0
12,13,3,10,7,292.5,0,0
12,13,3,10,8,337.5,0,0
12,13,3,11,1,22.5,0,0
12,13,3,11,2,67.5,0,0
12,13,3,11,3,112.5,0,0
12,13,3,11,4,157.5,0,0
12,13,3,11,5,202.5,0,0
12,13,3,11,6,247.5,0,0
12,13,3,11,7,292.5,0,0
12,13,3,11,8,337.5,0,0
12,13,4,1,1,22.5,13811,184.951
12,13,4,1,2,67.5,16810,194.386
12,13,4,1,3,112.5,20658.7,220.344
12,13,4,1,4,157.5,22068.9,225.967
12,13,4,1,5,202.5,17584.5,204.106
12,13,4,1,6,247.5,13333.5,173.219
12,13,4,1,7,292.5,11382.2,147.771
12,13,4,1,8,337.5,11203,148.934
12,13,4,2,1,22.5,4858.48,87.8903
12,13,4,2,2,67.5,7151.46,97.6108
12,13,4,2,3,112.5,10424.3,121.35
12,13,4,2,4,157.5,10298.9,122.73
12,13,4,2,5,202.5,7669.68,110.146
12,13,4,2,6,247.5,6257.54,101.577
12,13,4,2,7,292.5,5932.46,91.0006
12,13,4,2,8,337.5,5435,89.2817
12,13,4,3,1,22.5,3305.04,62.6102
12,13,4,3,2,67.5,4492.02,73.7183
12,13,4,3,3,112.5,5558.92,81.5665
12,13,4,3,4,157.5,4178.25,69.7552
12,13,4,3,5,202.5,2957.66,59.419
12,13,4,3,6,247.5,3886.69,69.0267
12,13,4,3,7,292.5,6031.83,83.6205
12,13,4,3,8,337.5,3551.02,65.504
12,13,4,4,1,22.5,1618.83,41.8335
12,13,4,4,2,67.5,3626.41,64.1878
12,13,4,4,3,112.5,2785.34,56.3745
12,13,4,4,4,157.5,1408.18,39.3038
12,13,4,4,5,202.5,1092.12,34.7177
12,13,4,4,6,247.5,2772.54,55.6347
12,13,4,4,7,292.5,5682.7,79.0133
12,13,4,4,8,337.5,1341.99,38.2006
12,13,4,5,1,22.5,1002.78,33.7344
12,13,4,5,2,67.5,5860.21,79.4366
12,13,4,5,3,112.5,2307.12,50.1828
12,13,4,5,4,157.5,522.575,23.9111
12,13,4,5,5,202.5,397.086,21.0284
12,13,4,5,6,247.5,2956.26,56.9341
12,13,4,5,7,292.5,8262.4,94.9176
12,13,4,5,8,337.5,1077.13,34.3076
12,13,4,6,1,22.5,445.237,21.9304
12,13,4,6,2,67.5,2720.09,54.7012
12,13,4,6,3,112.5,648.258,26.0982
12,13,4,6,4,157.5,0,0
12,13,4,6,5,202.5,0,0
12,13,4,6,6,247.5,965.606,32.0067
12,13,4,6,7,292.5,3112.14,57.1193
12,13,4,6,8,337.5,501.539,23.2412
12,13,4,7,1,22.5,121.029,11.4705
12,13,4,7,2,67.5,827.882,29.5754
12,13,4,7,3,112.5,121.062,11.3835
12,13,4,7,4,157.5,0,0
12,13,4,7,5,202.5,0,0
12,13,4,7,6,247.5,195.919,14.4817
12,13,4,7,7,292.5,758.241,28.1754
12,13,4,7,8,337.5,103.736,10.5196
12,13,4,8,1,22.5,0,0
12,13,4,8,2,67.5,97.3379,10.1931
12,13,4,8,3,112.5,0,0
12,13,4,8,4,157.5,0,0
12,13,4,8,5,202.5,0,0
12,13,4,8,6,247.5,14.1684,4.38009
12,13,4,8,7,292.5,92.9675,10.0187
12,13,4,8,8,337.5,0,0
12,13,4,9,1,22.5,0,0
12,13,4,9,2,67.5,0,0
12,13,4,9,3,112.5,0,0
12,13,4,9,4,157.5,0,0
12,13,4,9,5,202.5,0,0
12,13,4,9,6,247.5,0,0
12,13,4,9,7,292.5,0,0
12,13,4,9,8,337.5,0,0
12,13,4,10,1,22.5,0,0
12,13,4,10,2,67.5,0,0
12,13,4,10,3,112.5,0,0
12,13,4,10,4,157.5,0,0
12,13,4,10,5,202.5,0,0
12,13,4,10,6,247.5,0,0
12,13,4,10,7,292.5,0,0
12,13,4,10,8,337.5,0,0
12,13,4,11,1,22.5,0,0
12,13,4,11,2,67.5,0,0
12,13,4,11,3,112.5,0,0
12,13,4,11,4,157.5,0,0
12,13,4,11,5,202.5,0,0
12,13,4,11,6,247.5,0,0
12,13,4,11,7,292.5,0,0
12,13,4,11,8,337.5,0,0
12,13,5,1,1,22.5,12231.8,142.36
12,13,5,1,2,67.5,12891.2,147.803
12,13,5,1,3,112.5,15217.3,157.31
12,13,5,1,4,157.5,16075,165.658
12,13,5,1,5,202.5,13113.7,154.155
12,13,5,1,6,247.5,9627.23,134.535
12,13,5,1,7,292.5,7805.48,116.144
12,13,5,1,8,337.5,9280.44,127.105
12,13,5,2,1,22.5,4091.27,75.1177
12,13,5,2,2,67.5,4965.68,76.0817
12,13,5,2,3,112.5,8119.54,100.788
12,13,5,2,4,157.5,9576.58,116.225
12,13,5,2,5,202.5,7464.55,98.8173
12,13,5,2,6,247.5,4392.81,75.8354
12,13,5,2,7,292.5,2270.4,53.0365
12,13,5,2,8,337.5,2915.08,61.2804
12,13,5,3,1,22.5,1334.9,39.7663
12,13,5,3,2,67.5,1801.74,45.4718
12,13,5,3,3,112.5,4408.35,71.4428
12,13,5,3,4,157.5,5035.25,76.8414
12,13,5,3,5,202.5,3716.67,65.5216
12,13,5,3,6,247.5,2026.27,49.1523
12,13,5,3,7,292.5,1615.77,43.4802
12,13,5,3,8,337.5,1209.59,36.6999
12,13,5,4,1,22.5,600.146,25.8818
12,13,5,4,2,67.5,828.073,30.6206
12,13,5,4,3,112.5,2254.33,49.4792
12,13,5,4,4,157.5,2293.81,50.2338
12,13,5,4,5,202.5,1666.54,43.3533
12,13,5,4,6,247.5,1301.71,37.7669
12,13,5,4,7,292.5,1802.86,44.1812
12,13,5,4,8,337.5,672.018,27.0814
12,13,5,5,1,22.5,487.477,23.1411
12,13,5,5,2,67.5,1254.4,37.2684
12,13,5,5,3,112.5,1749.28,43.3886
12,13,5,5,4,157.5,1565.24,41.0801
12,13,5,5,5,202.5,1079.02,34.6414
12,13,5,5,6,247.5,1436.97,39.2522
12,13,5,5,7,292.5,2553,52.707
12,13,5,5,8,337.5,495.61,23.1104
12,13,5,6,1,22.5,67.153,8.58895
12,13,5,6,2,67.5,608.295,25.6207
12,13,5,6,3,112.5,371.52,19.9605
12,13,5,6,4,157.5,186.6,14.1745
12,13,5,6,5,202.5,121.71,11.8155
12,13,5,6,6,247.5,469.513,22.299
12,13,5,6,7,292.5,855.055,29.8816
12,13,5,6,8,337.5,68.9413,8.61113
12,13,5,7,1,22.5,0,0
12,13,5,7,2,67.5,93.0342,10.1215
12,13,5,7,3,112.5,26.4491,5.36899
12,13,5,7,4,157.5,0,0
12,13,5,7,5,202.5,0,0
12,13,5,7,6,247.5,85.258,9.8037
12,13,5,7,7,292.5,120.924,11.6458
12,13,5,7,8,337.5,0,0
12,13,5,8,1,22.5,0,0
12,13,5,8,2,67.5,0,0
12,13,5,8,3,112.5,0,0
12,13,5,8,4,157.5,0,0
12,13,5,8,5,202.5,0,0
12,13,5,8,6,247.5,0,0
12,13,5,8,7,292.5,0,0
12,13,5,8,8,337.5,0,0
12,13,5,9,1,22.5,0,0
12,13,5,9,2,67.5,0,0
12,13,5,9,3,112.5,0,0
12,13,5,9,4,157.5,0,0
12,13,5,9,5,202.5,0,0
12,13,5,9,6,247.5,0,0
12,13,5,9,7,292.5,0,0
12,13,5,9,8,337.5,0,0
12,13,5,10,1,22.5,0,0
12,13,5,10,2,67.5,0,0
12,13,5,10,3,112.5,0,0
12,13,5,10,4,157.5,0,0
12,13,5,10,5,202.5,0,0
12,13,5,10,6,247.5,0,0
12,13,5,10,7,292.5,0,0
12,13,5,10,8,337.5,0,0
12,13,5,11,1,22.5,0,0
12,13,5,11,2,67.5,0,0
12,13,5,11,3,112.5,0,0
12,13,5,11,4,157.5,0,0
12,13,5,11,5,202.5,0,0
12,13,5,11,6,247.5,0,0
12,13,5,11,7,292.5,0,0
12,13,5,11,8,337.5,0,0
12,13,6,1,1,22.5,3715.46,72.3042
12,13,6,1,2,67.5,3749.23,72.4133
12,13,6,1,3,112.5,4608.03,74.9143
12,13,6,1,4,157.5,4485.94,78.1867
12,13,6,1,5,202.5,3870.45,70.6788
12,13,6,1,6,247.5,2900.13,58.7885
12,13,6,1,7,292.5,2318.29,52.0513
12,13,6,1,8,337.5,2836.52,62.5841
12,13,6,2,1,22.5,1237.73,37.2716
12,13,6,2,2,67.5,1355.15,38.8521
12,13,6,2,3,112.5,2054.04,48.3556
12,13,6,2,4,157.5,2585.8,56.621
12,13,6,2,5,202.5,1971.56,49.5338
12,13,6,2,6,247.5,1018.42,33.57
12,13,6,2,7,292.5,445.238,22.5163
12,13,6,2,8,337.5,722.128,29.3541
12,13,6,3,1,22.5,303.351,18.098
12,13,6,3,2,67.5,369.73,20.0719
12,13,6,3,3,112.5,928.069,31.763
12,13,6,3,4,157.5,1269.76,36.938
12,13,6,3,5,202.5,952.806,32.5082
12,13,6,3,6,247.5,355.979,19.7987
12,13,6,3,7,292.5,84.9012,9.72573
12,13,6,3,8,337.5,127.213,11.9697
12,13,6,4,1,22.5,47.6827,7.38085
12,13,6,4,2,67.5,69.1084,8.98891
12,13,6,4,3,112.5,330.693,18.8467
12,13,6,4,4,157.5,517.719,23.764
12,13,6,4,5,202.5,400.271,20.7663
12,13,6,4,6,247.5,149.587,12.8783
12,13,6,4,7,292.5,96.2958,10.4869
12,13,6,4,8,337.5,0,0
12,13,6,5,1,22.5,0,0
12,13,6,5,2,67.5,18.611,4.64127
12,13,6,5,3,112.5,153.128,12.7619
12,13,6,5,4,157.5,244.35,16.1554
12,13,6,5,5,202.5,207.665,15.0748
12,13,6,5,6,247.5,48.9642,7.36355
12,13,6,5,7,292.5,105.93,10.7944
12,13,6,5,8,337.5,10.4006,4.05209
12,13,6,6,1,22.5,0,0
12,13,6,6,2,67.5,0,0
12,13,6,6,3,112.5,0,0
12,13,6,6,4,157.5,0,0
12,13,6,6,5,202.5,0,0
12,13,6,6,6,247.5,0,0
12,13,6,6,7,292.5,0,0
12,13,6,6,8,337.5,0,0
12,13,6,7,1,22.5,0,0
12,13,6,7,2,67.5,0,0
12,13,6,7,3,112.5,0,0
12,13,6,7,4,157.5,0,0
12,13,6,7,5,202.5,0,0
12,13,6,7,6,247.5,0,0
12,13,6,7,7,292.5,0,0
12,13,6,7,8,337.5,0,0
12,13,6,8,1,22.5,0,0
12,13,6,8,2,67.5,0,0
12,13,6,8,3,112.5,0,0
12,13,6,8,4,157.5,0,0
12,13,6,8,5,202.5,0,0
12,13,6,8,6,247.5,0,0
12,13,6,8,7,292.5,0,0
12,13,6,8,8,337.5,0,0
12,13,6,9,1,22.5,0,0
12,13,6,9,2,67.5,0,0
12,13,6,9,3,112.5,0,0
12,13,6,9,4,157.5,0,0
12,13,6,9,5,202.5,0,0
12,13,6,9,6,247.5,0,0
12,13,6,9,7,292.5,0,0
12,13,6,9,8,337.5,0,0
12,13,6,10,1,22.5,0,0
12,13,6,10,2,67.5,0,0
12,13,6,10,3,112.5,0,0
12,13,6,10,4,157.5,0,0
12,13,6,10,5,202.5,0,0
12,13,6,10,6,247.5,0,0
12,13,6,10,7,292.5,0,0
12,13,6,10,8,337.5,0,0
12,13,6,11,1,22.5,0,0
12,13,6,11,2,67.5,0,0
12,13,6,11,3,112.5,0,0
12,13,6,11,4,157.5,0,0
12,13,6,11,5,202.5,0,0
12,13,6,11,6,247.5,0,0
12,13,6,11,7,292.5,0,0
12,13,6,11,8,337.5,0,0
12,13,7,1,1,22.5,0,0
12,13,7,1,2,67.5,30.3736,5.7974
12,13,7,1,3,112.5,28.6692,5.84734
12,13,7,1,4,157.5,29.1977,6.00646
12,13,7,1,5,202.5,29.076,6.80053
12,13,7,1,6,247.5,0,0
12,13,7,1,7,292.5,20.262,4.97008
12,13,7,1,8,337.5,18.393,4.63553
12,13,7,2,1,22.5,0,0
12,13,7,2,2,67.5,0,0
12,13,7,2,3,112.5,0,0
12,13,7,2,4,157.5,0,0
12,13,7,2,5,202.5,0,0
12,13,7,2,6,247.5,0,0
12,13,7,2,7,292.5,0,0
12,13,7,2,8,337.5,0,0
12,13,7,3,1,22.5,0,0
12,13,7,3,2,67.5,0,0
12,13,7,3,3,112.5,0,0
12,13,7,3,4,157.5,0,0
12,13,7,3,5,202.5,0,0
12,13,7,3,6,247.5,0,0
12,13,7,3,7,292.5,0,0
12,13,7,3,8,337.5,0,0
12,13,7,4,1,22.5,0,0
12,13,7,4,2,67.5,0,0
12,13,7,4,3,112.5,0,0
12,13,7,4,4,157.5,0,0
12,13,7,4,5,202.5,0,0
12,13,7,4,6,247.5,0,0
12,13,7,4,7,292.5,0,0
12,13,7,4,8,337.5,0,0
12,13,7,5,1,22.5,0,0
12,13,7,5,2,67.5,0,0
12,13,7,5,3,112.5,0,0
12,13,7,5,4,157.5,0,0
12,13,7,5,5,202.5,0,0
12,13,7,5,6,247.5,0,0
12,13,7,5,7,292.5,0,0
12,13,7,5,8,337.5,0,0
12,13,7,6,1,22.5,0,0
12,13,7,6,2,67.5,0,0
12,13,7,6,3,112.5,0,0
12,13,7,6,4,157.5,0,0
12,13,7,6,5,202.5,0,0
12,13,7,6,6,247.5,0,0
12,13,7,6,7,292.5,0,0
12,13,7,6,8,337.5,0,0
12,13,7,7,1,22.5,0,0
12,13,7,7,2,67.5,0,0
12,13,7,7,3,112.5,0,0
12,13,7,7,4,157.5,0,0
12,13,7,7,5,202.5,0,0
12,13,7,7,6,247.5,0,0
12,13,7,7,7,292.5,0,0
12,13,7,7,8,337.5,0,0
12,13,7,8,1,22.5,0,0
12,13,7,8,2,67.5,0,0
12,13,7,8,3,112.5,0,0
12,13,7,8,4,157.5,0,0
12,13,7,8,5,202.5,0,0
12,13,7,8,6,247.5,0,0
12,13,7,8,7,292.5,0,0
12,13,7,8,8,337.5,0,0
12,13,7,9,1,22.5,0,0
12,13,7,9,2,67.5,0,0
12,13,7,9,3,112.5,0,0
12,13,7,9,4,157.5,0,0
12,13,7,9,5,202.5,0,0
12,13,7,9,6,247.5,0,0
12,13,7,9,7,292.5,0,0
12,13,7,9,8,337.5,0,0
12,13,7,10,1,22.5,0,0
12,13,7,10,2,67.5,0,0
12,13,7,10,3,112.5,0,0
12,13,7,10,4,157.5,0,0
12,13,7,10,5,202.5,0,0
12,13,7,10,6,247.5,0,0
12,13,7,10,7,292.5,0,0
12,13,7,10,8,337.5,0,0
12,13,7,11,1,22.5,0,0
12,13,7,11,2,67.5,0,0
12,13,7,11,3,112.5,0,0
12,13,7,11,4,157.5,0,0
12,13,7,11,5,202.5,0,0
12,13,7,11,6,247.5,0,0
12,13,7,11,7,292.5,0,0
12,13,7,11,8,337.5,0,0
12,13,8,1,1,22.5,0,0
12,13,8,1,2,67.5,0,0
12,13,8,1,3,112.5,0,0
12,13,8,1,4,157.5,0,0
12,13,8,1,5,202.5,0,0
12,13,8,1,6,247.5,0,0
12,13,8,1,7,292.5,0,0
12,13,8,1,8,337.5,0,0
12,13,8,2,1,22.5,0,0
12,13,8,2,2,67.5,0,0
12,13,8,2,3,112.5,0,0
12,13,8,2,4,157.5,0,0
12,13,8,2,5,202.5,0,0
12,13,8,2,6,247.5,0,0
12,13,8,2,7,292.5,0,0
12,13,8,2,8,337.5,0,0
12,13,8,3,1,22.5,0,0
12,13,8,3,2,67.5,0,0
12,13,8,3,3,112.5,0,0
12,13,8,3,4,157.5,0,0
12,13,8,3,5,202.5,0,0
12,13,8,3,6,247.5,0,0
12,13,8,3,7,292.5,0,0
12,13,8,3,8,337.5,0,0
12,13,8,4,1,22.5,0,0
12,13,8,4,2,67.5,0,0
12,13,8,4,3,112.5,0,0
12,13,8,4,4,157.5,0,0
12,13,8,4,5,202.5,0,0
12,13,8,4,6,247.5,0,0
12,13,8,4,7,292.5,0,0
12,13,8,4,8,337.5,0,0
12,13,8,5,1,22.5,0,0
12,13,8,5,2,67.5,0,0
12,13,8,5,3,112.5,0,0
12,13,8,5,4,157.5,0,0
12,13,8,5,5,202.5,0,0
12,13,8,5,6,247.5,0,0
12,13,8,5,7,292.5,0,0
12,13,8,5,8,337.5,0,0
12,13,8,6,1,22.5,0,0
12,13,8,6,2,67.5,0,0
12,13,8,6,3,112.5,0,0
12,13,8,6,4,157.5,0,0
12,13,8,6,5,202.5,0,0
12,13,8,6,6,247.5,0,0
12,13,8,6,7,292.5,0,0
12,13,8,6,8,337.5,0,0
12,13,8,7,1,22.5,0,0
12,13,8,7,2,67.5,0,0
12,13,8,7,3,112.5,0,0
12,13,8,7,4,157.5,0,0
12,13,8,7,5,202.5,0,0
12,13,8,7,6,247.5,0,0
12,13,8,7,7,292.5,0,0
12,13,8,7,8,337.5,0,0
12,13,8,8,1,22.5,0,0
12,13,8,8,2,67.5,0,0
12,13,8,8,3,112.5,0,0
12,13,8,8,4,157.5,0,0
12,13,8,8,5,202.5,0,0
12,13,8,8,6,247.5,0,0
12,13,8,8,7,292.5,0,0
12,13,8,8,8,337.5,0,0
12,13,8,9,1,22.5,0,0
12,13,8,9,2,67.5,0,0
12,13,8,9,3,112.5,0,0
12,13,8,9,4,157.5,0,0
12,13,8,9,5,202.5,0,0
12,13,8,9,6,247.5,0,0
12,13,8,9,7,292.5,0,0
12,13,8,9,8,337.5,0,0
12,13,8,10,1,22.5,0,0
12,13,8,10,2,67.5,0,0
12,13,8,10,3,112.5,0,0
12,13,8,10,4,157.5,0,0
12,13,8,10,5,202.5,0,0
12,13,8,10,6,247.5,0,0
12,13,8,10,7,292.5,0,0
12,13,8,10,8,337.5,0,0
12,13,8,11,1,22.5,0,0
12,13,8,11,2,67.5,0,0
12,13,8,11,3,112.5,0,0
12,13,8,11,4,157.5,0,0
12,13,8,11,5,202.5,0,0
12,13,8,11,6,247.5,0,0
12,13,8,11,7,292.5,0,0
12,13,8,11,8,337.5,0,0
13,14,1,1,1,22.5,66.6157,21.3963
13,14,1,1,2,67.5,10577.8,263.649
13,14,1,1,3,112.5,16518.2,470.837
13,14,1,1,4,157.5,10861.7,234.001
13,14,1,1,5,202.5,16227.5,372.281
13,14,1,1,6,247.5,17479.4,385.414
13,14,1,1,7,292.5,8318.97,301.544
13,14,1,1,8,337.5,741.999,76.908
13,14,1,2,1,22.5,1856.93,76.3799
13,14,1,2,2,67.5,8964.74,153.917
13,14,1,2,3,112.5,13276.3,215.659
13,14,1,2,4,157.5,16037.4,261.72
13,14,1,2,5,202.5,14222.8,241.347
13,14,1,2,6,247.5,13215.2,198.972
13,14,1,2,7,292.5,11724,195.696
13,14,1,2,8,337.5,1532.48,70.6671
13,14,1,3,1,22.5,3985.98,84.2248
13,14,1,3,2,67.5,9619.9,132.929
13,14,1,3,3,112.5,10292.3,136.175
13,14,1,3,4,157.5,10513.8,149.704
13,14,1,3,5,202.5,8759.05,125.545
13,14,1,3,6,247.5,12349.7,148.301
13,14,1,3,7,292.5,9574.98,135.766
13,14,1,3,8,337.5,3484.3,75.324
13,14,1,4,1,22.5,3245.32,66.375
13,14,1,4,2,67.5,6957.91,100.635
13,14,1,4,3,112.5,6452.82,96.3864
13,14,1,4,4,157.5,4610.09,80.9105
13,14,1,4,5,202.5,3806.19,78.2203
13,14,1,4,6,247.5,7246.34,104.119
13,14,1,4,7,292.5,6204.9,96.2227
13,14,1,4,8,337.5,3023.2,64.0683
13,14,1,5,1,22.5,2115.25,52.0696
13,14,1,5,2,67.5,4638.26,77.8873
13,14,1,5,3,112.5,4350.57,74.177
13,14,1,5,4,157.5,1948.76,49.3494
13,14,1,5,5,202.5,1687.76,48.2811
13,14,1,5,6,247.5,4353.55,79.6516
13,14,1,5,7,292.5,4348.59,75.8044
13,14,1,5,8,337.5,2011.32,52.0583
13,14,1,6,1,22.5,61.2209,8.47252
13,14,1,6,2,67.5,139.866,12.229
13,14,1,6,3,112.5,144.362,12.4547
13,14,1,6,4,157.5,20.4377,4.81813
13,14,1,6,5,202.5,0,0
13,14,1,6,6,247.5,133.726,12.0263
13,14,1,6,7,292.5,132.331,12.1397
13,14,1,6,8,337.5,47.5542,7.52215
13,14,1,7,1,22.5,0,0
13,14,1,7,2,67.5,0,0
13,14,1,7,3,112.5,0,0
13,14,1,7,4,157.5,0,0
13,14,1,7,5,202.5,0,0
13,14,1,7,6,247.5,0,0
13,14,1,7,7,292.5,0,0
13,14,1,7,8,337.5,0,0
13,14,1,8,1,22.5,0,0
13,14,1,8,2,67.5,0,0
13,14,1,8,3,112.5,0,0
13,14,1,8,4,157.5,0,0
13,14,1,8,5,202.5,0,0
13,14,1,8,6,247.5,0,0
13,14,1,8,7,292.5,0,0
13,14,1,8,8,337.5,0,0
13,14,1,9,1,22.5,0,0
13,14,1,9,2,67.5,0,0
13,14,1,9,3,112.5,0,0
13,14,1,9,4,157.5,0,0
13,14,1,9,5,202.5,0,0
13,14,1,9,6,247.5,0,0
13,14,1,9,7,292.5,0,0
13,14,1,9,8,337.5,0,0
13,14,1,10,1,22.5,0,0
13,14,1,10,2,67.5,0,0
13,14,1,10,3,112.5,0,0
13,14,1,10,4,157.5,0,0
13,14,1,10,5,202.5,0,0
13,14,1,10,6,247.5,0,0
13,14,1,10,7,292.5,0,0
13,14,1,10,8,337.5,0,0
13,14,1,11,1,22.5,0,0
13,14,1,11,2,67.5,0,0
13,14,1,11,3,112.5,0,0
13,14,1,11,4,157.5,0,0
13,14,1,11,5,202.5,0,0
13,14,1,11,6,247.5,0,0
13,14,1,11,7,292.5,0,0
13,14,1,11,8,337.5,0,0
13,14,2,1,1,22.5,2253.21,144.482
13,14,2,1,2,67.5,20860.8,276.956
13,14,2,1,3,112.5,20714.7,301.282
13,14,2,1,4,157.5,25602.1,315.714
13,14,2,1,5,202.5,26651.8,373.478
13,14,2,1,6,247.5,6175.43,237.791
13,14,2,1,7,292.5,19155.2,272.73
13,14,2,1,8,337.5,4378.57,168.338
13,14,2,2,1,22.5,762.973,43.7609
13,14,2,2,2,67.5,13735.8,182.024
13,14,2,2,3,112.5,23898.2,246.816
13,14,2,2,4,157.5,38349.7,348.832
13,14,2,2,5,202.5,29852,279.411
13,14,2,2,6,247.5,24394.9,268.418
13,14,2,2,7,292.5,13240.5,167.972
13,14,2,2,8,337.5,847.16,44.1459
13,14,2,3,1,22.5,3102.39,67.3749
13,14,2,3,2,67.5,14313,156.076
13,14,2,3,3,112.5,20465,191.166
13,14,2,3,4,157.5,34863.2,249.085
13,14,2,3,5,202.5,24645.4,213.993
13,14,2,3,6,247.5,26346.2,207.165
13,14,2,3,7,292.5,17130.7,169.988
13,14,2,3,8,337.5,2718.03,64.9135
13,14,2,4,1,22.5,4807.94,75.1844
13,14,2,4,2,67.5,14608.3,148.413
13,14,2,4,3,112.5,17535.7,154.844
13,14,2,4,4,157.5,25284.8,197.908
13,14,2,4,5,202.5,18187.4,165.694
13,14,2,4,6,247.5,22909.3,183.147
13,14,2,4,7,292.5,14326.8,142.75
13,14,2,4,8,337.5,3886.94,68.9423
13,14,2,5,1,22.5,8943.29,110.124
13,14,2,5,2,67.5,24198.4,176.449
13,14,2,5,3,112.5,25423.6,183.591
13,14,2,5,4,157.5,29209.5,208.376
13,14,2,5,5,202.5,21074.1,177.201
13,14,2,5,6,247.5,33193.5,212.846
13,14,2,5,7,292.5,20401.7,166.26
13,14,2,5,8,337.5,8298.67,106.076
13,14,2,6,1,22.5,5725.22,82.6871
13,14,2,6,2,67.5,13681.9,128.807
13,14,2,6,3,112.5,13349.6,126.519
13,14,2,6,4,157.5,11111.1,123.616
13,14,2,6,5,202.5,8548.06,103.155
13,14,2,6,6,247.5,16703.5,142.987
13,14,2,6,7,292.5,11568.9,115.683
13,14,2,6,8,337.5,5265.37,80.8692
13,14,2,7,1,22.5,2761.99,55.368
13,14,2,7,2,67.5,5881.64,82.2253
13,14,2,7,3,112.5,5379.23,78.7626
13,14,2,7,4,157.5,3862.89,67.7214
13,14,2,7,5,202.5,2751.93,57.8107
13,14,2,7,6,247.5,6864.82,89.2491
13,14,2,7,7,292.5,5448.73,78.0121
13,14,2,7,8,337.5,2399.22,51.6865
13,14,2,8,1,22.5,1372.01,38.4659
13,14,2,8,2,67.5,2489.68,51.7643
13,14,2,8,3,112.5,2372.98,51.2744
13,14,2,8,4,157.5,1132.87,35.5588
13,14,2,8,5,202.5,984.573,32.714
13,14,2,8,6,247.5,2777.61,55.3083
13,14,2,8,7,292.5,2315.97,50.9523
13,14,2,8,8,337.5,999.44,33.0312
13,14,2,9,1,22.5,106.947,10.7535
13,14,2,9,2,67.5,258.006,16.5542
13,14,2,9,3,112.5,201.284,14.5311
13,14,2,9,4,157.5,69.2373,8.75959
13,14,2,9,5,202.5,69.4737,8.72569
13,14,2,9,6,247.5,240.359,15.9419
13,14,2,9,7,292.5,248.108,16.2114
13,14,2,9,8,337.5,74.1687,9.01076
13,14,2,10,1,22.5,0,0
13,14,2,10,2,67.5,0,0
13,14,2,10,3,112.5,0,0
13,14,2,10,4,157.5,0,0
13,14,2,10,5,202.5,0,0
13,14,2,10,6,247.5,0,0
13,14,2,10,7,292.5,0,0
13,14,2,10,8,337.5,0,0
13,14,2,11,1,22.5,0,0
13,14,2,11,2,67.5,0,0
13,14,2,11,3,112.5,0,0
13,14,2,11,4,157.5,0,0
13,14,2,11,5,202.5,0,0
13,14,2,11,6,247.5,0,0
13,14,2,11,7,292.5,0,0
13,14,2,11,8,337.5,0,0
13,14,3,1,1,22.5,2413.57,67.0637
13,14,3,1,2,67.5,6479.6,130.763
13,14,3,1,3,112.5,13660.7,178.714
13,14,3,1,4,157.5,22068.5,270.884
13,14,3,1,5,202.5,17424.7,239.43
13,14,3,1,6,247.5,7618.06,129.213
13,14,3,1,7,292.5,6730.8,126.07
13,14,3,1,8,337.5,3724.84,100.634
13,14,3,2,1,22.5,788.697,34.0852
13,14,3,2,2,67.5,5387.06,95.8264
13,14,3,2,3,112.5,14794.8,155.279
13,14,3,2,4,157.5,28828.7,238.751
13,14,3,2,5,202.5,19033.4,184.866
13,14,3,2,6,247.5,10442.9,136.281
13,14,3,2,7,292.5,6134.42,109.837
13,14,3,2,8,337.5,530.353,25.6417
13,14,3,3,1,22.5,284.225,19.1405
13,14,3,3,2,67.5,5398.79,92.4013
13,14,3,3,3,112.5,12088.4,130.032
13,14,3,3,4,157.5,27044,203.797
13,14,3,3,5,202.5,16985.3,164.797
13,14,3,3,6,247.5,13848.8,142.259
13,14,3,3,7,292.5,7169.66,107.262
13,14,3,3,8,337.5,388.344,21.8561
13,14,3,4,1,22.5,505.384,24.1421
13,14,3,4,2,67.5,6480.34,92.3559
13,14,3,4,3,112.5,9788.99,112.838
13,14,3,4,4,157.5,22837.8,175.821
13,14,3,4,5,202.5,13715.1,136.758
13,14,3,4,6,247.5,14334.7,132.446
13,14,3,4,7,292.5,8015.58,99.4608
13,14,3,4,8,337.5,611.677,26.2684
13,14,3,5,1,22.5,1683.02,44.1868
13,14,3,5,2,67.5,14244.8,131.451
13,14,3,5,3,112.5,15983.9,141.479
13,14,3,5,4,157.5,32675.4,211.455
13,14,3,5,5,202.5,20349.8,167.755
13,14,3,5,6,247.5,24902.6,183.77
13,14,3,5,7,292.5,13279.8,127.327
13,14,3,5,8,337.5,1474.95,41.446
13,14,3,6,1,22.5,1865.38,46.6811
13,14,3,6,2,67.5,11682.6,115.094
13,14,3,6,3,112.5,11391.9,115.977
13,14,3,6,4,157.5,19504.5,156.811
13,14,3,6,5,202.5,12532.9,125.484
13,14,3,6,6,247.5,17336.8,148.976
13,14,3,6,7,292.5,8391.71,99.3918
13,14,3,6,8,337.5,1848.77,46.9067
13,14,3,7,1,22.5,1800.55,45.5271
13,14,3,7,2,67.5,7879.51,94.0055
13,14,3,7,3,112.5,7788.66,92.7853
13,14,3,7,4,157.5,11146.8,120.888
13,14,3,7,5,202.5,7221.78,94.0399
13,14,3,7,6,247.5,11380.7,114.947
13,14,3,7,7,292.5,5697.8,79.8766
13,14,3,7,8,337.5,2023.99,47.8386
13,14,3,8,1,22.5,2451.76,52.1255
13,14,3,8,2,67.5,7135.98,87.4198
13,14,3,8,3,112.5,7099.16,88.0762
13,14,3,8,4,157.5,7590.78,93.538
13,14,3,8,5,202.5,5211.47,76.7598
13,14,3,8,6,247.5,9590.84,104.379
13,14,3,8,7,292.5,5565.38,78.0336
13,14,3,8,8,337.5,2428.84,52.036
13,14,3,9,1,22.5,1622.11,41.5153
13,14,3,9,2,67.5,3332.33,59.8288
13,14,3,9,3,112.5,3370.83,59.9617
13,14,3,9,4,157.5,2614.69,53.1185
13,14,3,9,5,202.5,1958.71,46.2284
13,14,3,9,6,247.5,4341.76,68.7554
13,14,3,9,7,292.5,3104.31,57.6519
13,14,3,9,8,337.5,1343.05,37.8571
13,14,3,10,1,22.5,904.902,30.8647
13,14,3,10,2,67.5,1582.36,40.8587
13,14,3,10,3,112.5,1557.65,40.6078
13,14,3,10,4,157.5,936.011,31.5264
13,14,3,10,5,202.5,771.78,29.3774
13,14,3,10,6,247.5,1876.3,44.5439
13,14,3,10,7,292.5,1532.29,40.3526
13,14,3,10,8,337.5,676.583,26.7917
13,14,3,11,1,22.5,242.75,15.9065
13,14,3,11,2,67.5,362.259,19.5812
13,14,3,11,3,112.5,358.229,19.3188
13,14,3,11,4,157.5,157.472,12.9883
13,14,3,11,5,202.5,153.705,12.7476
13,14,3,11,6,247.5,404.411,21.066
13,14,3,11,7,292.5,335.614,18.7496
13,14,3,11,8,337.5,138.831,12.1997
13,14,4,1,1,22.5,1420.88,49.0836
13,14,4,1,2,67.5,4527.75,102.494
13,14,4,1,3,112.5,10817.9,149.703
13,14,4,1,4,157.5,15876.4,177.043
13,14,4,1,5,202.5,12213.7,156.106
13,14,4,1,6,247.5,5060.03,102.441
13,14,4,1,7,292.5,1913.97,71.5449
13,14,4,1,8,337.5,1283.05,54.3941
13,14,4,2,1,22.5,213.72,16.6233
13,14,4,2,2,67.5,2074.86,67.0493
13,14,4,2,3,112.5,11180.8,122.229
13,14,4,2,4,157.5,19502.9,175.193
13,14,4,2,5,202.5,12829.1,143.878
13,14,4,2,6,247.5,4160.63,81.8882
13,14,4,2,7,292.5,2221.02,73.3541
13,14,4,2,8,337.5,298.585,20.175
13,14,4,3,1,22.5,132.189,12.6186
13,14,4,3,2,67.5,1230.85,41.8242
13,14,4,3,3,112.5,8722.04,105.674
13,14,4,3,4,157.5,18591.1,162.654
13,14,4,3,5,202.5,11055.1,119.831
13,14,4,3,6,247.5,6222.39,87.4593
13,14,4,3,7,292.5,3564.05,69.4066
13,14,4,3,8,337.5,95.5622,10.6762
13,14,4,4,1,22.5,60.4389,8.45929
13,14,4,4,2,67.5,1924.43,49.5059
13,14,4,4,3,112.5,6464.74,86.8144
13,14,4,4,4,157.5,15714,141.265
13,14,4,4,5,202.5,9405.02,110.46
13,14,4,4,6,247.5,7080.5,97.7517
13,14,4,4,7,292.5,4074.87,69.0962
13,14,4,4,8,337.5,65.6197,9.19847
13,14,4,5,1,22.5,139.715,12.6483
13,14,4,5,2,67.5,6208.84,88.1392
13,14,4,5,3,112.5,10131.2,114.592
13,14,4,5,4,157.5,24336.8,174.335
13,14,4,5,5,202.5,14721.4,136.073
13,14,4,5,6,247.5,14325.2,134.119
13,14,4,5,7,292.5,8300.62,100.987
13,14,4,5,8,337.5,127.862,12.3469
13,14,4,6,1,22.5,220.641,15.9433
13,14,4,6,2,67.5,6702.51,86.7359
13,14,4,6,3,112.5,7172.73,89.5388
13,14,4,6,4,157.5,16128.3,136.914
13,14,4,6,5,202.5,9688.54,104.965
13,14,4,6,6,247.5,11311.1,113.353
13,14,4,6,7,292.5,6480.39,84.4896
13,14,4,6,8,337.5,157.787,13.607
13,14,4,7,1,22.5,181.922,14.5147
13,14,4,7,2,67.5,5531.58,78.3681
13,14,4,7,3,112.5,5091.5,75.6072
13,14,4,7,4,157.5,10378.5,110.022
13,14,4,7,5,202.5,6483.69,86.3159
13,14,4,7,6,247.5,8201.09,94.9241
13,14,4,7,7,292.5,4194.31,67.5957
13,14,4,7,8,337.5,222.151,15.7895
13,14,4,8,1,22.5,337.069,19.4599
13,14,4,8,2,67.5,5492.62,77.1174
13,14,4,8,3,112.5,5043.67,75.5196
13,14,4,8,4,157.5,8960.63,99.3962
13,14,4,8,5,202.5,5502.91,78.7857
13,14,4,8,6,247.5,7713.83,91.3752
13,14,4,8,7,292.5,3653.97,63.1779
13,14,4,8,8,337.5,515.893,23.7982
13,14,4,9,1,22.5,473.95,22.5271
13,14,4,9,2,67.5,2978.94,56.3426
13,14,4,9,3,112.5,2831.55,54.9304
13,14,4,9,4,157.5,4283.97,69.3378
13,14,4,9,5,202.5,2736.25,54.3856
13,14,4,9,6,247.5,4211.73,67.6241
13,14,4,9,7,292.5,1954.56,45.6321
13,14,4,9,8,337.5,602.068,25.3768
13,14,4,10,1,22.5,624.995,25.6576
13,14,4,10,2,67.5,1970.1,45.3263
13,14,4,10,3,112.5,1936.93,45.5101
13,14,4,10,4,157.5,2305.58,50.1547
13,14,4,10,5,202.5,1543.98,40.5507
13,14,4,10,6,247.5,2649.43,52.9506
13,14,4,10,7,292.5,1444.36,38.9998
13,14,4,10,8,337.5,565.323,24.5319
13,14,4,11,1,22.5,612.459,25.3158
13,14,4,11,2,67.5,1182.45,35.0168
13,14,4,11,3,112.5,1254.72,36.1156
13,14,4,11,4,157.5,1106.35,34.2268
13,14,4,11,5,202.5,809.732,29.148
13,14,4,11,6,247.5,1650.75,41.6165
13,14,4,11,7,292.5,1080.28,33.6136
13,14,4,11,8,337.5,555.803,24.386
13,14,5,1,1,22.5,1450.87,44.5073
13,14,5,1,2,67.5,3821.97,71.8477
13,14,5,1,3,112.5,7935.72,103.464
13,14,5,1,4,157.5,10784.4,128.049
13,14,5,1,5,202.5,8819.27,116.005
13,14,5,1,6,247.5,4025.97,78.9073
13,14,5,1,7,292.5,1557.48,48.1152
13,14,5,1,8,337.5,1188.8,40.5875
13,14,5,2,1,22.5,144.175,13.1001
13,14,5,2,2,67.5,2055.85,50.7103
13,14,5,2,3,112.5,7855.41,102.72
13,14,5,2,4,157.5,12156,124.825
13,14,5,2,5,202.5,8539.54,115.019
13,14,5,2,6,247.5,2313.74,56.257
13,14,5,2,7,292.5,672.413,30.2071
13,14,5,2,8,337.5,51.2674,8.38418
13,14,5,3,1,22.5,19.6596,5.03859
13,14,5,3,2,67.5,831.195,31.8603
13,14,5,3,3,112.5,6654.12,87.2676
13,14,5,3,4,157.5,11818.5,120.369
13,14,5,3,5,202.5,7393.49,95.7971
13,14,5,3,6,247.5,2747.91,56.5724
13,14,5,3,7,292.5,1653.18,44.5682
13,14,5,3,8,337.5,0,0
13,14,5,4,1,22.5,0,0
13,14,5,4,2,67.5,427.227,22.7273
13,14,5,4,3,112.5,4952.59,75.9741
13,14,5,4,4,157.5,10002.3,108.136
13,14,5,4,5,202.5,6108.97,81.3006
13,14,5,4,6,247.5,3274.67,60.8332
13,14,5,4,7,292.5,2177.02,49.6676
13,14,5,4,8,337.5,21.4505,5.19152
13,14,5,5,1,22.5,18.0114,4.88203
13,14,5,5,2,67.5,1946.24,47.2169
13,14,5,5,3,112.5,7187.23,89.7741
13,14,5,5,4,157.5,16003.6,136.538
13,14,5,5,5,202.5,9790.37,105.255
13,14,5,5,6,247.5,7097.44,88.2019
13,14,5,5,7,292.5,5026.31,74.0864
13,14,5,5,8,337.5,0,0
13,14,5,6,1,22.5,0,0
13,14,5,6,2,67.5,3071.07,57.3948
13,14,5,6,3,112.5,4615.33,71.452
13,14,5,6,4,157.5,11081.5,109.162
13,14,5,6,5,202.5,6680.02,87.0422
13,14,5,6,6,247.5,6467.79,85.8807
13,14,5,6,7,292.5,4314.74,68.4574
13,14,5,6,8,337.5,0,0
13,14,5,7,1,22.5,13.2081,3.95315
13,14,5,7,2,67.5,2976.69,56.1494
13,14,5,7,3,112.5,3251.66,60.6131
13,14,5,7,4,157.5,7693.7,98.2918
13,14,5,7,5,202.5,4615.39,71.9044
13,14,5,7,6,247.5,5052.48,74.1946
13,14,5,7,7,292.5,3244.37,58.5969
13,14,5,7,8,337.5,0,0
13,14,5,8,1,22.5,35.3947,6.32863
13,14,5,8,2,67.5,3417.91,60.2215
13,14,5,8,3,112.5,3175.91,59.1349
13,14,5,8,4,157.5,6893.48,89.9603
13,14,5,8,5,202.5,4147.07,66.8633
13,14,5,8,6,247.5,5189.86,77.7604
13,14,5,8,7,292.5,2833.75,55.0386
13,14,5,8,8,337.5,28.5362,5.82657
13,14,5,9,1,22.5,37.965,6.61778
13,14,5,9,2,67.5,2221.63,48.2196
13,14,5,9,3,112.5,1885.08,44.7382
13,14,5,9,4,157.5,3472.84,61.772
13,14,5,9,5,202.5,2247.15,49.4231
13,14,5,9,6,247.5,2981.17,56.2965
13,14,5,9,7,292.5,1440.09,39.0015
13,14,5,9,8,337.5,95.6812,10.2333
13,14,5,10,1,22.5,78.8307,9.42245
13,14,5,10,2,67.5,1496.26,39.6809
13,14,5,10,3,112.5,1221.77,35.9753
13,14,5,10,4,157.5,2204.77,48.8164
13,14,5,10,5,202.5,1425.39,38.6908
13,14,5,10,6,247.5,1985.18,45.8375
13,14,5,10,7,292.5,890.685,30.6604
13,14,5,10,8,337.5,160.831,13.2117
13,14,5,11,1,22.5,202.542,14.6136
13,14,5,11,2,67.5,789.898,28.677
13,14,5,11,3,112.5,841.925,28.805
13,14,5,11,4,157.5,1193.35,35.7218
13,14,5,11,5,202.5,818.926,29.3269
13,14,5,11,6,247.5,1212.41,35.4555
13,14,5,11,7,292.5,590.875,24.8623
13,14,5,11,8,337.5,246.229,16.2234
13,14,6,1,1,22.5,1361.11,41.0138
13,14,6,1,2,67.5,2820.65,58.3763
13,14,6,1,3,112.5,4971.75,81.2074
13,14,6,1,4,157.5,6081.63,91.5276
13,14,6,1,5,202.5,5289.11,85.1132
13,14,6,1,6,247.5,2809.84,58.2399
13,14,6,1,7,292.5,1356.44,43.6671
13,14,6,1,8,337.5,1081.2,36.2658
13,14,6,2,1,22.5,232.76,16.3396
13,14,6,2,2,67.5,1773.8,45.5683
13,14,6,2,3,112.5,5017.91,75.9387
13,14,6,2,4,157.5,6950.74,90.316
13,14,6,2,5,202.5,4967.94,78.5754
13,14,6,2,6,247.5,1510.73,41.7419
13,14,6,2,7,292.5,237.919,16.7577
13,14,6,2,8,337.5,83.8953,9.88912
13,14,6,3,1,22.5,35.3957,6.24446
13,14,6,3,2,67.5,949.304,32.1706
13,14,6,3,3,112.5,4300.43,69.367
13,14,6,3,4,157.5,6634.49,86.9729
13,14,6,3,5,202.5,4206.33,68.6513
13,14,6,3,6,247.5,1351.71,38.7564
13,14,6,3,7,292.5,564.025,24.6941
13,14,6,3,8,337.5,0,0
13,14,6,4,1,22.5,0,0
13,14,6,4,2,67.5,461.288,22.4378
13,14,6,4,3,112.5,3301.04,60.0003
13,14,6,4,4,157.5,5510.72,78.193
13,14,6,4,5,202.5,3436.17,61.4531
13,14,6,4,6,247.5,1527.67,40.8221
13,14,6,4,7,292.5,996.153,32.8144
13,14,6,4,8,337.5,0,0
13,14,6,5,1,22.5,0,0
13,14,6,5,2,67.5,504.673,23.5569
13,14,6,5,3,112.5,4536.17,71.5109
13,14,6,5,4,157.5,9063.96,99.1572
13,14,6,5,5,202.5,5496.09,78.9226
13,14,6,5,6,247.5,3291.27,59.761
13,14,6,5,7,292.5,2419.74,50.8424
13,14,6,5,8,337.5,22.0393,5.21214
13,14,6,6,1,22.5,0,0
13,14,6,6,2,67.5,918.096,31.2864
13,14,6,6,3,112.5,2945.25,56.2753
13,14,6,6,4,157.5,6331.13,83.4461
13,14,6,6,5,202.5,3819.94,64.3172
13,14,6,6,6,247.5,3107.08,57.4978
13,14,6,6,7,292.5,2272.38,49.4166
13,14,6,6,8,337.5,0,0
13,14,6,7,1,22.5,15.2493,4.39583
13,14,6,7,2,67.5,1153.94,34.8535
13,14,6,7,3,112.5,1904.49,44.6714
13,14,6,7,4,157.5,4473.74,69.8602
13,14,6,7,5,202.5,2648.61,53.2238
13,14,6,7,6,247.5,2593.63,52.3788
13,14,6,7,7,292.5,1810.1,43.9216
13,14,6,7,8,337.5,0,0
13,14,6,8,1,22.5,13.7055,4.14511
13,14,6,8,2,67.5,1610.27,41.0244
13,14,6,8,3,112.5,1797.59,43.4974
13,14,6,8,4,157.5,4096.29,67.9899
13,14,6,8,5,202.5,2558.92,52.0523
13,14,6,8,6,247.5,2760.46,54.128
13,14,6,8,7,292.5,1883.99,44.4345
13,14,6,8,8,337.5,0,0
13,14,6,9,1,22.5,0,0
13,14,6,9,2,67.5,1014.04,32.5776
13,14,6,9,3,112.5,987.286,32.4047
13,14,6,9,4,157.5,2063.04,46.9661
13,14,6,9,5,202.5,1335.72,37.6159
13,14,6,9,6,247.5,1638.93,41.448
13,14,6,9,7,292.5,892.441,30.3839
13,14,6,9,8,337.5,0,0
13,14,6,10,1,22.5,0,0
13,14,6,10,2,67.5,682.706,26.7084
13,14,6,10,3,112.5,560.154,24.1201
13,14,6,10,4,157.5,1230.65,36.0864
13,14,6,10,5,202.5,775.717,28.5493
13,14,6,10,6,247.5,986.885,32.3478
13,14,6,10,7,292.5,468.583,22.3195
13,14,6,10,8,337.5,17.3756,4.45612
13,14,6,11,1,22.5,18.0062,4.85175
13,14,6,11,2,67.5,304.959,17.8557
13,14,6,11,3,112.5,272.295,16.8792
13,14,6,11,4,157.5,474.826,22.4267
13,14,6,11,5,202.5,331.647,18.69
13,14,6,11,6,247.5,461.396,22.0364
13,14,6,11,7,292.5,207.797,14.768
13,14,6,11,8,337.5,26.0218,5.52093
13,14,7,1,1,22.5,735.271,31.0299
13,14,7,1,2,67.5,1445.36,40.7827
13,14,7,1,3,112.5,2389.35,54.1549
13,14,7,1,4,157.5,2687.93,59.8693
13,14,7,1,5,202.5,2363.51,55.5208
13,14,7,1,6,247.5,1419.09,40.7035
13,14,7,1,7,292.5,793.825,29.9814
13,14,7,1,8,337.5,632.108,27.4054
13,14,7,2,1,22.5,215.93,15.468
13,14,7,2,2,67.5,1021.75,33.877
13,14,7,2,3,112.5,2332.29,51.8973
13,14,7,2,4,157.5,3050.99,59.2188
13,14,7,2,5,202.5,2196.2,49.8374
13,14,7,2,6,247.5,763.961,29.1434
13,14,7,2,7,292.5,115.046,11.1541
13,14,7,2,8,337.5,69.1665,8.73974
13,14,7,3,1,22.5,55.4463,8.17786
13,14,7,3,2,67.5,641.164,26.5759
13,14,7,3,3,112.5,2005.34,46.8314
13,14,7,3,4,157.5,2623.89,56.4354
13,14,7,3,5,202.5,1800.18,44.8892
13,14,7,3,6,247.5,592.659,25.151
13,14,7,3,7,292.5,113.845,11.0459
13,14,7,3,8,337.5,0,0
13,14,7,4,1,22.5,0,0
13,14,7,4,2,67.5,346.85,19.1609
13,14,7,4,3,112.5,1528.91,40.7288
13,14,7,4,4,157.5,2236.2,49.5003
13,14,7,4,5,202.5,1496.04,42.9003
13,14,7,4,6,247.5,485.112,22.5985
13,14,7,4,7,292.5,301.702,17.889
13,14,7,4,8,337.5,0,0
13,14,7,5,1,22.5,0,0
13,14,7,5,2,67.5,261.843,16.7157
13,14,7,5,3,112.5,2279.11,49.4629
13,14,7,5,4,157.5,3766.15,63.6869
13,14,7,5,5,202.5,2515.22,52.2197
13,14,7,5,6,247.5,1182.9,35.617
13,14,7,5,7,292.5,846.212,30.2106
13,14,7,5,8,337.5,0,0
13,14,7,6,1,22.5,0,0
13,14,7,6,2,67.5,142.102,12.7984
13,14,7,6,3,112.5,1291.07,37.1973
13,14,7,6,4,157.5,2560.74,53.1179
13,14,7,6,5,202.5,1544.61,40.6936
13,14,7,6,6,247.5,1053.85,33.6092
13,14,7,6,7,292.5,800.264,29.2689
13,14,7,6,8,337.5,0,0
13,14,7,7,1,22.5,0,0
13,14,7,7,2,67.5,216.808,15.7801
13,14,7,7,3,112.5,698.93,26.9576
13,14,7,7,4,157.5,1550.83,40.6802
13,14,7,7,5,202.5,948.884,31.86
13,14,7,7,6,247.5,857.642,30.2198
13,14,7,7,7,292.5,607.142,25.1288
13,14,7,7,8,337.5,0,0
13,14,7,8,1,22.5,0,0
13,14,7,8,2,67.5,329.162,18.8466
13,14,7,8,3,112.5,547.622,24.1338
13,14,7,8,4,157.5,1299.61,37.1114
13,14,7,8,5,202.5,729.903,27.7473
13,14,7,8,6,247.5,824.88,29.1931
13,14,7,8,7,292.5,501.75,22.9802
13,14,7,8,8,337.5,0,0
13,14,7,9,1,22.5,0,0
13,14,7,9,2,67.5,179.304,13.6857
13,14,7,9,3,112.5,207.207,14.9087
13,14,7,9,4,157.5,461.662,22.1754
13,14,7,9,5,202.5,253.363,16.6226
13,14,7,9,6,247.5,306.196,18.0954
13,14,7,9,7,292.5,174.581,13.6092
13,14,7,9,8,337.5,0,0
13,14,7,10,1,22.5,0,0
13,14,7,10,2,67.5,73.2715,9.03368
13,14,7,10,3,112.5,32.4017,6.01447
13,14,7,10,4,157.5,102.032,10.5459
13,14,7,10,5,202.5,102.01,10.4053
13,14,7,10,6,247.5,99.5952,10.2836
13,14,7,10,7,292.5,45.0693,7.20508
13,14,7,10,8,337.5,0,0
13,14,7,11,1,22.5,0,0
13,14,7,11,2,67.5,0,0
13,14,7,11,3,112.5,0,0
13,14,7,11,4,157.5,0,0
13,14,7,11,5,202.5,0,0
13,14,7,11,6,247.5,0,0
13,14,7,11,7,292.5,0,0
13,14,7,11,8,337.5,0,0
13,14,8,1,1,22.5,118.866,12.2528
13,14,8,1,2,67.5,192.512,15.039
13,14,8,1,3,112.5,367.988,20.6057
13,14,8,1,4,157.5,413.474,21.598
13,14,8,1,5,202.5,372.683,20.5618
13,14,8,1,6,247.5,235.564,16.3446
13,14,8,1,7,292.5,152.269,12.8843
13,14,8,1,8,337.5,82.2877,9.67639
13,14,8,2,1,22.5,14.9736,4.2281
13,14,8,2,2,67.5,108.28,10.7484
13,14,8,2,3,112.5,253.836,16.4884
13,14,8,2,4,157.5,403.882,21.3701
13,14,8,2,5,202.5,322.606,19.1202
13,14,8,2,6,247.5,82.0611,9.24386
13,14,8,2,7,292.5,0,0
13,14,8,2,8,337.5,0,0
13,14,8,3,1,22.5,0,0
13,14,8,3,2,67.5,64.1968,8.25427
13,14,8,3,3,112.5,244.193,16.2912
13,14,8,3,4,157.5,366.44,20.1267
13,14,8,3,5,202.5,163.083,13.1638
13,14,8,3,6,247.5,0,0
13,14,8,3,7,292.5,0,0
13,14,8,3,8,337.5,0,0
13,14,8,4,1,22.5,0,0
13,14,8,4,2,67.5,0,0
13,14,8,4,3,112.5,137.056,12.4835
13,14,8,4,4,157.5,185.593,14.2832
13,14,8,4,5,202.5,121.329,11.5499
13,14,8,4,6,247.5,0,0
13,14,8,4,7,292.5,0,0
13,14,8,4,8,337.5,0,0
13,14,8,5,1,22.5,0,0
13,14,8,5,2,67.5,0,0
13,14,8,5,3,112.5,164.586,13.4236
13,14,8,5,4,157.5,236.481,16.2818
13,14,8,5,5,202.5,132.086,12.0402
13,14,8,5,6,247.5,42.6374,6.90323
13,14,8,5,7,292.5,32.1092,6.39879
13,14,8,5,8,337.5,0,0
13,14,8,6,1,22.5,0,0
13,14,8,6,2,67.5,0,0
13,14,8,6,3,112.5,35.1321,6.69358
13,14,8,6,4,157.5,51.1073,7.52063
13,14,8,6,5,202.5,31.7143,5.89838
13,14,8,6,6,247.5,21.8936,5.51972
13,14,8,6,7,292.5,8.5241,3.22837
13,14,8,6,8,337.5,0,0
13,14,8,7,1,22.5,0,0
13,14,8,7,2,67.5,0,0
13,14,8,7,3,112.5,0,0
13,14,8,7,4,157.5,0,0
13,14,8,7,5,202.5,0,0
13,14,8,7,6,247.5,0,0
13,14,8,7,7,292.5,0,0
13,14,8,7,8,337.5,0,0
13,14,8,8,1,22.5,0,0
13,14,8,8,2,67.5,0,0
13,14,8,8,3,112.5,0,0
13,14,8,8,4,157.5,0,0
13,14,8,8,5,202.5,0,0
13,14,8,8,6,247.5,0,0
13,14,8,8,7,292.5,0,0
13,14,8,8,8,337.5,0,0
13,14,8,9,1,22.5,0,0
13,14,8,9,2,67.5,0,0
13,14,8,9,3,112.5,0,0
13,14,8,9,4,157.5,0,0
13,14,8,9,5,202.5,0,0
13,14,8,9,6,247.5,0,0
13,14,8,9,7,292.5,0,0
13,14,8,9,8,337.5,0,0
13,14,8,10,1,22.5,0,0
13,14,8,10,2,67.5,0,0
13,14,8,10,3,112.5,0,0
13,14,8,10,4,157.5,0,0
13,14,8,10,5,202.5,0,0
13,14,8,10,6,247.5,0,0
13,14,8,10,7,292.5,0,0
13,14,8,10,8,337.5,0,0
13,14,8,11,1,22.5,0,0
13,14,8,11,2,67.5,0,0
13,14,8,11,3,112.5,0,0
13,14,8,11,4,157.5,0,0
13,14,8,11,5,202.5,0,0
13,14,8,11,6,247.5,0,0
13,14,8,11,7,292.5,0,0
13,14,8,11,8,337.5,0,0
14,15,1,1,1,22.5,200.185,41.3004
14,15,1,1,2,67.5,4913.07,175.021
14,15,1,1,3,112.5,5788.98,307.098
14,15,1,1,4,157.5,5004.77,180.303
14,15,1,1,5,202.5,5704.51,163.4
14,15,1,1,6,247.5,6355.22,219.328
14,15,1,1,7,292.5,3498.26,170.739
14,15,1,1,8,337.5,220.452,48.7799
14,15,1,2,1,22.5,500.24,36.1691
14,15,1,2,2,67.5,3298.87,82.0493
14,15,1,2,3,112.5,4604.21,122.695
14,15,1,2,4,157.5,4917.44,135.497
14,15,1,2,5,202.5,4451.54,126.585
14,15,1,2,6,247.5,4569.58,110.629
14,15,1,2,7,292.5,3734.57,93.1735
14,15,1,2,8,337.5,621.425,41.6864
14,15,1,3,1,22.5,1215.92,40.6579
14,15,1,3,2,67.5,3220.67,72.9943
14,15,1,3,3,112.5,3115.26,72.7422
14,15,1,3,4,157.5,2199.92,61.2408
14,15,1,3,5,202.5,1922.32,53.1796
14,15,1,3,6,247.5,3410.6,72.6013
14,15,1,3,7,292.5,3343.65,74.6009
14,15,1,3,8,337.5,920.029,35.3474
14,15,1,4,1,22.5,884.946,32.7044
14,15,1,4,2,67.5,2022,50.91
14,15,1,4,3,112.5,1523.65,47.6099
14,15,1,4,4,157.5,673.838,28.5448
14,15,1,4,5,202.5,572.923,26.7427
14,15,1,4,6,247.5,1463.38,43.4759
14,15,1,4,7,292.5,1924.31,51.3284
14,15,1,4,8,337.5,808.567,30.5748
14,15,1,5,1,22.5,277,17.9834
14,15,1,5,2,67.5,727.467,29.5559
14,15,1,5,3,112.5,451.255,22.7028
14,15,1,5,4,157.5,134.485,12.4785
14,15,1,5,5,202.5,107.798,11.1801
14,15,1,5,6,247.5,564.011,25.991
14,15,1,5,7,292.5,619.248,27.2258
14,15,1,5,8,337.5,349.431,19.7861
14,15,1,6,1,22.5,0,0
14,15,1,6,2,67.5,0,0
14,15,1,6,3,112.5,0,0
14,15,1,6,4,157.5,0,0
14,15,1,6,5,202.5,0,0
14,15,1,6,6,247.5,0,0
14,15,1,6,7,292.5,0,0
14,15,1,6,8,337.5,0,0
14,15,1,7,1,22.5,0,0
14,15,1,7,2,67.5,0,0
14,15,1,7,3,112.5,0,0
14,15,1,7,4,157.5,0,0
14,15,1,7,5,202.5,0,0
14,15,1,7,6,247.5,0,0
14,15,1,7,7,292.5,0,0
14,15,1,7,8,337.5,0,0
14,15,1,8,1,22.5,0,0
14,15,1,8,2,67.5,0,0
14,15,1,8,3,112.5,0,0
14,15,1,8,4,157.5,0,0
14,15,1,8,5,202.5,0,0
14,15,1,8,6,247.5,0,0
14,15,1,8,7,292.5,0,0
14,15,1,8,8,337.5,0,0
14,15,1,9,1,22.5,0,0
14,15,1,9,2,67.5,0,0
14,15,1,9,3,112.5,0,0
14,15,1,9,4,157.5,0,0
14,15,1,9,5,202.5,0,0
14,15,1,9,6,247.5,0,0
14,15,1,9,7,292.5,0,0
14,15,1,9,8,337.5,0,0
14,15,1,10,1,22.5,0,0
14,15,1,10,2,67.5,0,0
14,15,1,10,3,112.5,0,0
14,15,1,10,4,157.5,0,0
14,15,1,10,5,202.5,0,0
14,15,1,10,6,247.5,0,0
14,15,1,10,7,292.5,0,0
14,15,1,10,8,337.5,0,0
14,15,1,11,1,22.5,0,0
14,15,1,11,2,67.5,0,0
14,15,1,11,3,112.5,0,0
14,15,1,11,4,157.5,0,0
14,15,1,11,5,202.5,0,0
14,15,1,11,6,247.5,0,0
14,15,1,11,7,292.5,0,0
14,15,1,11,8,337.5,0,0
14,15,2,1,1,22.5,4464.38,152.454
14,15,2,1,2,67.5,14762.4,246.877
14,15,2,1,3,112.5,16218.5,257.996
14,15,2,1,4,157.5,21134.2,353.109
14,15,2,1,5,202.5,20898.5,285.561
14,15,2,1,6,247.5,14018.6,252.862
14,15,2,1,7,292.5,15266.5,244.167
14,15,2,1,8,337.5,6344.7,164.683
14,15,2,2,1,22.5,1275.25,58.3862
14,15,2,2,2,67.5,11113.6,168.812
14,15,2,2,3,112.5,16246.2,201.306
14,15,2,2,4,157.5,24259.7,269.308
14,15,2,2,5,202.5,19605.8,215.028
14,15,2,2,6,247.5,16217.9,202.724
14,15,2,2,7,292.5,9803.64,160.262
14,15,2,2,8,337.5,1140.79,53.5752
14,15,2,3,1,22.5,1986.86,53.1361
14,15,2,3,2,67.5,10008.6,122.088
14,15,2,3,3,112.5,12485,143.556
14,15,2,3,4,157.5,16615.9,174.129
14,15,2,3,5,202.5,12496.8,147.845
14,15,2,3,6,247.5,15192.7,158.604
14,15,2,3,7,292.5,11240.3,133.924
14,15,2,3,8,337.5,2170.91,53.0818
14,15,2,4,1,22.5,2726.86,56.6085
14,15,2,4,2,67.5,9611.72,112.272
14,15,2,4,3,112.5,9370.26,111.552
14,15,2,4,4,157.5,9927.93,118.06
14,15,2,4,5,202.5,7207.02,99.9678
14,15,2,4,6,247.5,12011,128.037
14,15,2,4,7,292.5,9954.91,115.556
14,15,2,4,8,337.5,2277.19,51.8571
14,15,2,5,1,22.5,4659.16,76.1077
14,15,2,5,2,67.5,14343.6,135.168
14,15,2,5,3,112.5,11261,123.465
14,15,2,5,4,157.5,8220.19,103.807
14,15,2,5,5,202.5,6177.47,91.1768
14,15,2,5,6,247.5,14183,137.307
14,15,2,5,7,292.5,12597.9,127.71
14,15,2,5,8,337.5,4129.03,69.5755
14,15,2,6,1,22.5,2284.17,50.9596
14,15,2,6,2,67.5,6039.84,83.8437
14,15,2,6,3,112.5,4476.42,71.8334
14,15,2,6,4,157.5,1987.64,47.7583
14,15,2,6,5,202.5,1552.1,42.9217
14,15,2,6,6,247.5,5235.83,77.7885
14,15,2,6,7,292.5,4968.08,75.9729
14,15,2,6,8,337.5,2010.94,47.9672
14,15,2,7,1,22.5,751.404,28.6169
14,15,2,7,2,67.5,1818.96,44.1245
14,15,2,7,3,112.5,1290.61,35.9517
14,15,2,7,4,157.5,429.517,22.0724
14,15,2,7,5,202.5,356.561,19.7037
14,15,2,7,6,247.5,1459.18,39.9413
14,15,2,7,7,292.5,1438.56,39.8127
14,15,2,7,8,337.5,742.123,28.4215
14,15,2,8,1,22.5,162.958,13.5464
14,15,2,8,2,67.5,345.328,19.1025
14,15,2,8,3,112.5,297.765,18.0393
14,15,2,8,4,157.5,50.6929,7.60516
14,15,2,8,5,202.5,45.0242,7.26415
14,15,2,8,6,247.5,321.045,18.7574
14,15,2,8,7,292.5,316.475,18.5512
14,15,2,8,8,337.5,168.29,13.7629
14,15,2,9,1,22.5,0,0
14,15,2,9,2,67.5,0,0
14,15,2,9,3,112.5,0,0
14,15,2,9,4,157.5,0,0
14,15,2,9,5,202.5,0,0
14,15,2,9,6,247.5,0,0
14,15,2,9,7,292.5,0,0
14,15,2,9,8,337.5,0,0
14,15,2,10,1,22.5,0,0
14,15,2,10,2,67.5,0,0
14,15,2,10,3,112.5,0,0
14,15,2,10,4,157.5,0,0
14,15,2,10,5,202.5,0,0
14,15,2,10,6,247.5,0,0
14,15,2,10,7,292.5,0,0
14,15,2,10,8,337.5,0,0
14,15,2,11,1,22.5,0,0
14,15,2,11,2,67.5,0,0
14,15,2,11,3,112.5,0,0
14,15,2,11,4,157.5,0,0
14,15,2,11,5,202.5,0,0
14,15,2,11,6,247.5,0,0
14,15,2,11,7,292.5,0,0
14,15,2,11,8,337.5,0,0
14,15,3,1,1,22.5,4168.61,102.836
14,15,3,1,2,67.5,8081.07,182.079
14,15,3,1,3,112.5,16330.5,231.744
14,15,3,1,4,157.5,21837.8,271.294
14,15,3,1,5,202.5,18302.4,245.148
14,15,3,1,6,247.5,9810.58,169.734
14,15,3,1,7,292.5,7274.54,138.789
14,15,3,1,8,337.5,5401.84,121.821
14,15,3,2,1,22.5,2144.1,56.8326
14,15,3,2,2,67.5,5898.03,103.071
14,15,3,2,3,112.5,13915.8,152.847
14,15,3,2,4,157.5,23618.1,215.9
14,15,3,2,5,202.5,17640.5,178.074
14,15,3,2,6,247.5,8699.68,124.474
14,15,3,2,7,292.5,7107.92,114.432
14,15,3,2,8,337.5,1908.85,52.2907
14,15,3,3,1,22.5,816.427,31.673
14,15,3,3,2,67.5,5524.42,90.0742
14,15,3,3,3,112.5,10105,116.294
14,15,3,3,4,157.5,20273.5,190.193
14,15,3,3,5,202.5,13645.1,144.989
14,15,3,3,6,247.5,9771.25,112.896
14,15,3,3,7,292.5,7532.72,104.618
14,15,3,3,8,337.5,578.385,26.3066
14,15,3,4,1,22.5,589.837,26.0339
14,15,3,4,2,67.5,6083.33,100.106
14,15,3,4,3,112.5,7790.65,100.59
14,15,3,4,4,157.5,14941.8,143.655
14,15,3,4,5,202.5,10258.4,116.046
14,15,3,4,6,247.5,9770.1,111.19
14,15,3,4,7,292.5,7736.86,96.6144
14,15,3,4,8,337.5,834.374,30.6619
14,15,3,5,1,22.5,1658.14,45.0556
14,15,3,5,2,67.5,12255.2,124.116
14,15,3,5,3,112.5,12111.2,123.538
14,15,3,5,4,157.5,18865,161.508
14,15,3,5,5,202.5,12985.6,134.235
14,15,3,5,6,247.5,16244,145.15
14,15,3,5,7,292.5,12684.2,122.106
14,15,3,5,8,337.5,1682.21,43.6618
14,15,3,6,1,22.5,1418.47,39.904
14,15,3,6,2,67.5,9367.98,102.001
14,15,3,6,3,112.5,7441.89,91.4061
14,15,3,6,4,157.5,8527.87,99.9499
14,15,3,6,5,202.5,6188.35,85.7667
14,15,3,6,6,247.5,10487.6,109.347
14,15,3,6,7,292.5,7686.56,92.6684
14,15,3,6,8,337.5,1411.71,40.044
14,15,3,7,1,22.5,1183.72,36.1333
14,15,3,7,2,67.5,5888.28,80.5293
14,15,3,7,3,112.5,4556.47,70.395
14,15,3,7,4,157.5,3648.43,64.1188
14,15,3,7,5,202.5,2554.82,55.741
14,15,3,7,6,247.5,5927.04,82.4438
14,15,3,7,7,292.5,4447.08,69.6056
14,15,3,7,8,337.5,1300.45,37.73
14,15,3,8,1,22.5,1262.8,36.718
14,15,3,8,2,67.5,4358.44,68.1444
14,15,3,8,3,112.5,3279.81,58.8883
14,15,3,8,4,157.5,1847.56,44.4329
14,15,3,8,5,202.5,1303.2,37.8223
14,15,3,8,6,247.5,4184.28,67.8586
14,15,3,8,7,292.5,3317.24,59.6146
14,15,3,8,8,337.5,1439.43,39.68
14,15,3,9,1,22.5,512.685,23.2803
14,15,3,9,2,67.5,1357.27,37.8928
14,15,3,9,3,112.5,1026.29,33.0701
14,15,3,9,4,157.5,439.996,22.0031
14,15,3,9,5,202.5,258.35,16.702
14,15,3,9,6,247.5,1291.75,36.8258
14,15,3,9,7,292.5,1120.76,34.4409
14,15,3,9,8,337.5,588.138,25.2
14,15,3,10,1,22.5,136.505,12.0271
14,15,3,10,2,67.5,358.152,19.5502
14,15,3,10,3,112.5,253.053,16.4747
14,15,3,10,4,157.5,73.2398,8.81676
14,15,3,10,5,202.5,47.61,7.37512
14,15,3,10,6,247.5,373.666,19.8979
14,15,3,10,7,292.5,291.422,17.7115
14,15,3,10,8,337.5,119.687,11.3006
14,15,3,11,1,22.5,0,0
14,15,3,11,2,67.5,0,0
14,15,3,11,3,112.5,10.9609,3.4243
14,15,3,11,4,157.5,0,0
14,15,3,11,5,202.5,0,0
14,15,3,11,6,247.5,0,0
14,15,3,11,7,292.5,18.367,4.53564
14,15,3,11,8,337.5,0,0
14,15,4,1,1,22.5,4245.57,89.3073
14,15,4,1,2,67.5,8493.19,118.639
14,15,4,1,3,112.5,14366.4,174.978
14,15,4,1,4,157.5,18022.6,189.466
14,15,4,1,5,202.5,14727.5,178.125
14,15,4,1,6,247.5,8082.22,132.947
14,15,4,1,7,292.5,4347.29,88.7893
14,15,4,1,8,337.5,3625.79,75.6782
14,15,4,2,1,22.5,1146.97,41.0068
14,15,4,2,2,67.5,3719.14,72.9647
14,15,4,2,3,112.5,11756.9,132.818
14,15,4,2,4,157.5,18552.8,167.543
14,15,4,2,5,202.5,13170,141.702
14,15,4,2,6,247.5,4807.83,80.2837
14,15,4,2,7,292.5,2672.65,59.2295
14,15,4,2,8,337.5,1179.91,40.3617
14,15,4,3,1,22.5,601.63,27.02
14,15,4,3,2,67.5,1896.61,51.4005
14,15,4,3,3,112.5,8377.26,100.956
14,15,4,3,4,157.5,16345.9,149.287
14,15,4,3,5,202.5,10786.4,121.516
14,15,4,3,6,247.5,4979.26,79.9067
14,15,4,3,7,292.5,4421.45,72.9096
14,15,4,3,8,337.5,553.553,25.1485
14,15,4,4,1,22.5,271.838,17.6306
14,15,4,4,2,67.5,2245.58,51.9018
14,15,4,4,3,112.5,5924.99,82.7069
14,15,4,4,4,157.5,13054.8,125.885
14,15,4,4,5,202.5,8456.24,99.6724
14,15,4,4,6,247.5,5285.38,77.6918
14,15,4,4,7,292.5,4816.23,73.7702
14,15,4,4,8,337.5,259.299,17.0694
14,15,4,5,1,22.5,388.855,21.4833
14,15,4,5,2,67.5,6294.76,83.7424
14,15,4,5,3,112.5,8627.39,99.598
14,15,4,5,4,157.5,18790.6,158.414
14,15,4,5,5,202.5,12374.2,121.107
14,15,4,5,6,247.5,10285.7,107.797
14,15,4,5,7,292.5,9556.22,102.973
14,15,4,5,8,337.5,418.964,21.7348
14,15,4,6,1,22.5,406.2,21.0271
14,15,4,6,2,67.5,5986.76,80.7833
14,15,4,6,3,112.5,5628.23,78.4808
14,15,4,6,4,157.5,10911.6,113.478
14,15,4,6,5,202.5,7296.77,91.6802
14,15,4,6,6,247.5,7914.13,93.7457
14,15,4,6,7,292.5,6918.97,86.6919
14,15,4,6,8,337.5,362.85,20.0316
14,15,4,7,1,22.5,303.341,18.2425
14,15,4,7,2,67.5,4688.98,70.6877
14,15,4,7,3,112.5,3610.28,62.4503
14,15,4,7,4,157.5,6078.89,81.7012
14,15,4,7,5,202.5,4001.11,66.9071
14,15,4,7,6,247.5,5453.69,76.9194
14,15,4,7,7,292.5,4241.69,67.7359
14,15,4,7,8,337.5,191.393,14.4407
14,15,4,8,1,22.5,329.106,19.0831
14,15,4,8,2,67.5,4287,67.2206
14,15,4,8,3,112.5,3264.47,58.9447
14,15,4,8,4,157.5,4024.75,66.7013
14,15,4,8,5,202.5,2864.82,56.1165
14,15,4,8,6,247.5,4688.24,71.0862
14,15,4,8,7,292.5,3169.37,58.005
14,15,4,8,8,337.5,358.861,19.7
14,15,4,9,1,22.5,262.011,16.8031
14,15,4,9,2,67.5,1982.8,45.5691
14,15,4,9,3,112.5,1521.3,40.386
14,15,4,9,4,157.5,1388.98,38.5329
14,15,4,9,5,202.5,999.185,32.5441
14,15,4,9,6,247.5,2122.91,47.6716
14,15,4,9,7,292.5,1415.12,38.449
14,15,4,9,8,337.5,384.383,20.1805
14,15,4,10,1,22.5,297.079,17.8573
14,15,4,10,2,67.5,1009.98,32.595
14,15,4,10,3,112.5,822.713,29.4914
14,15,4,10,4,157.5,495.212,22.869
14,15,4,10,5,202.5,379.111,20.1389
14,15,4,10,6,247.5,1132.97,34.4738
14,15,4,10,7,292.5,774.001,28.5431
14,15,4,10,8,337.5,327.639,18.655
14,15,4,11,1,22.5,128.116,11.7251
14,15,4,11,2,67.5,252.38,16.218
14,15,4,11,3,112.5,255.361,16.4775
14,15,4,11,4,157.5,157.289,13.1177
14,15,4,11,5,202.5,111.072,10.9292
14,15,4,11,6,247.5,346.006,19.0077
14,15,4,11,7,292.5,286.723,17.3928
14,15,4,11,8,337.5,106.26,10.6497
14,15,5,1,1,22.5,4424.56,77.6919
14,15,5,1,2,67.5,7036.34,104.425
14,15,5,1,3,112.5,10626.6,124.097
14,15,5,1,4,157.5,12466,137.019
14,15,5,1,5,202.5,10469.7,124.532
14,15,5,1,6,247.5,6387.81,97.2234
14,15,5,1,7,292.5,3955.64,70.8923
14,15,5,1,8,337.5,3594.25,71.1834
14,15,5,2,1,22.5,1053.05,36.0759
14,15,5,2,2,67.5,3806.15,67.8678
14,15,5,2,3,112.5,8598.45,102.964
14,15,5,2,4,157.5,12180.7,126.165
14,15,5,2,5,202.5,9088.12,105.893
14,15,5,2,6,247.5,3398.75,66.4647
14,15,5,2,7,292.5,1046.21,36.3322
14,15,5,2,8,337.5,473.346,24.8794
14,15,5,3,1,22.5,243.872,17.1539
14,15,5,3,2,67.5,1610.75,43.1511
14,15,5,3,3,112.5,6607.1,86.9865
14,15,5,3,4,157.5,10676.4,114.088
14,15,5,3,5,202.5,7215.16,91.6117
14,15,5,3,6,247.5,2871.07,59.1551
14,15,5,3,7,292.5,1668.24,44.2457
14,15,5,3,8,337.5,166.084,14.7946
14,15,5,4,1,22.5,84.5962,10.1721
14,15,5,4,2,67.5,790.564,29.7839
14,15,5,4,3,112.5,4706.86,72.5864
14,15,5,4,4,157.5,8689.6,99.0884
14,15,5,4,5,202.5,5873.23,86.3726
14,15,5,4,6,247.5,2750.71,54.7204
14,15,5,4,7,292.5,2347.66,50.4692
14,15,5,4,8,337.5,119.393,11.6884
14,15,5,5,1,22.5,106.328,11.5061
14,15,5,5,2,67.5,1988.66,46.8919
14,15,5,5,3,112.5,6407.75,83.6755
14,15,5,5,4,157.5,13509.5,127.498
14,15,5,5,5,202.5,9081.64,108.437
14,15,5,5,6,247.5,5335.3,75.9205
14,15,5,5,7,292.5,5225.44,77.6455
14,15,5,5,8,337.5,216.35,15.5642
14,15,5,6,1,22.5,141.552,12.73
14,15,5,6,2,67.5,2788.12,54.6779
14,15,5,6,3,112.5,3858.54,64.3284
14,15,5,6,4,157.5,8729.41,98.0557
14,15,5,6,5,202.5,5466.46,77.8926
14,15,5,6,6,247.5,4529.73,69.7655
14,15,5,6,7,292.5,4636.79,70.1566
14,15,5,6,8,337.5,130.735,12.1247
14,15,5,7,1,22.5,86.9696,9.85012
14,15,5,7,2,67.5,2467.51,50.5223
14,15,5,7,3,112.5,2416.46,51.0595
14,15,5,7,4,157.5,5303.38,77.1963
14,15,5,7,5,202.5,3456.11,60.5132
14,15,5,7,6,247.5,3347.31,59.6671
14,15,5,7,7,292.5,3134.15,58.3207
14,15,5,7,8,337.5,42.5266,6.86306
14,15,5,8,1,22.5,107.302,11.0536
14,15,5,8,2,67.5,2635.41,52.7306
14,15,5,8,3,112.5,2073.69,46.7551
14,15,5,8,4,157.5,4135.86,66.5214
14,15,5,8,5,202.5,2703.85,53.3176
14,15,5,8,6,247.5,3086.74,56.9993
14,15,5,8,7,292.5,2635.3,52.8956
14,15,5,8,8,337.5,39.1033,6.95138
14,15,5,9,1,22.5,38.4503,6.7585
14,15,5,9,2,67.5,1228.66,35.7008
14,15,5,9,3,112.5,1032.29,33.0896
14,15,5,9,4,157.5,1647.35,41.92
14,15,5,9,5,202.5,1066.56,34.0232
14,15,5,9,6,247.5,1541.9,40.3379
14,15,5,9,7,292.5,1055.2,33.1973
14,15,5,9,8,337.5,24.5751,5.21228
14,15,5,10,1,22.5,0,0
14,15,5,10,2,67.5,572.036,24.5431
14,15,5,10,3,112.5,455.487,21.8388
14,15,5,10,4,157.5,721.503,27.6828
14,15,5,10,5,202.5,472.011,22.3936
14,15,5,10,6,247.5,674.114,26.5187
14,15,5,10,7,292.5,456.465,21.9836
14,15,5,10,8,337.5,54.0454,7.76975
14,15,5,11,1,22.5,0,0
14,15,5,11,2,67.5,100.798,10.418
14,15,5,11,3,112.5,136.323,11.9714
14,15,5,11,4,157.5,139.682,12.1706
14,15,5,11,5,202.5,133.559,12.049
14,15,5,11,6,247.5,178.681,13.8594
14,15,5,11,7,292.5,101.649,11.0697
14,15,5,11,8,337.5,0,0
14,15,6,1,1,22.5,3407.13,63.3149
14,15,6,1,2,67.5,4477.17,71.7807
14,15,6,1,3,112.5,6060.16,88.9401
14,15,6,1,4,157.5,6895.82,94.4991
14,15,6,1,5,202.5,5743.23,87.1547
14,15,6,1,6,247.5,4036.88,68.5169
14,15,6,1,7,292.5,2841.47,60.6387
14,15,6,1,8,337.5,2773.56,57.3047
14,15,6,2,1,22.5,1158,36.6341
14,15,6,2,2,67.5,2939.8,57.294
14,15,6,2,3,112.5,5088.52,75.6478
14,15,6,2,4,157.5,6655.79,87.1513
14,15,6,2,5,202.5,4942.71,74.8314
14,15,6,2,6,247.5,2221.84,49.8981
14,15,6,2,7,292.5,689.857,28.2719
14,15,6,2,8,337.5,575.069,25.6791
14,15,6,3,1,22.5,398.41,21.0629
14,15,6,3,2,67.5,1547.55,40.766
14,15,6,3,3,112.5,4010.66,66.091
14,15,6,3,4,157.5,5539.59,79.8458
14,15,6,3,5,202.5,3899.55,67.1846
14,15,6,3,6,247.5,1520.88,40.5855
14,15,6,3,7,292.5,484.189,23.1135
14,15,6,3,8,337.5,118.312,12.0149
14,15,6,4,1,22.5,59.2764,7.99104
14,15,6,4,2,67.5,727.275,28.0056
14,15,6,4,3,112.5,2998.24,56.6829
14,15,6,4,4,157.5,4859.64,72.6179
14,15,6,4,5,202.5,3094.89,57.7505
14,15,6,4,6,247.5,1347.29,37.8361
14,15,6,4,7,292.5,860.326,30.2306
14,15,6,4,8,337.5,45.8401,7.35074
14,15,6,5,1,22.5,16.6042,4.96759
14,15,6,5,2,67.5,709.178,27.6014
14,15,6,5,3,112.5,3845.91,64.6988
14,15,6,5,4,157.5,7175.92,88.045
14,15,6,5,5,202.5,4753.93,71.9627
14,15,6,5,6,247.5,2471.49,51.2242
14,15,6,5,7,292.5,2160.2,50.978
14,15,6,5,8,337.5,90.073,10.5793
14,15,6,6,1,22.5,0,0
14,15,6,6,2,67.5,780.914,28.8327
14,15,6,6,3,112.5,2238.15,48.9806
14,15,6,6,4,157.5,4647.86,70.4701
14,15,6,6,5,202.5,2900.92,55.3939
14,15,6,6,6,247.5,1974.7,45.7215
14,15,6,6,7,292.5,2013.97,46.0387
14,15,6,6,8,337.5,53.5264,7.54851
14,15,6,7,1,22.5,0,0
14,15,6,7,2,67.5,831.907,29.6875
14,15,6,7,3,112.5,1251.82,36.1447
14,15,6,7,4,157.5,2717.19,54.2379
14,15,6,7,5,202.5,1690.94,42.1688
14,15,6,7,6,247.5,1382.04,38.0183
14,15,6,7,7,292.5,1500.22,39.922
14,15,6,7,8,337.5,10.9551,3.53994
14,15,6,8,1,22.5,0,0
14,15,6,8,2,67.5,854.04,29.8699
14,15,6,8,3,112.5,909.887,30.8739
14,15,6,8,4,157.5,1935.37,45.6984
14,15,6,8,5,202.5,1236.1,36.0573
14,15,6,8,6,247.5,1213.42,35.8036
14,15,6,8,7,292.5,1142.8,34.5453
14,15,6,8,8,337.5,18.297,4.71677
14,15,6,9,1,22.5,0,0
14,15,6,9,2,67.5,365.903,19.68
14,15,6,9,3,112.5,275.569,17.2008
14,15,6,9,4,157.5,645.965,26.0091
14,15,6,9,5,202.5,361.429,19.6691
14,15,6,9,6,247.5,485.856,22.5608
14,15,6,9,7,292.5,401.954,20.6009
14,15,6,9,8,337.5,0,0
14,15,6,10,1,22.5,0,0
14,15,6,10,2,67.5,129.89,11.9741
14,15,6,10,3,112.5,90.9116,9.95703
14,15,6,10,4,157.5,178.044,13.7439
14,15,6,10,5,202.5,107.071,10.7793
14,15,6,10,6,247.5,138.967,12.1583
14,15,6,10,7,292.5,83.9953,9.5862
14,15,6,10,8,337.5,0,0
14,15,6,11,1,22.5,0,0
14,15,6,11,2,67.5,0,0
14,15,6,11,3,112.5,0,0
14,15,6,11,4,157.5,0,0
14,15,6,11,5,202.5,0,0
14,15,6,11,6,247.5,10.4162,3.55173
14,15,6,11,7,292.5,0,0
14,15,6,11,8,337.5,0,0
14,15,7,1,1,22.5,1401.36,39.783
14,15,7,1,2,67.5,1818.32,48.9887
14,15,7,1,3,112.5,2165.34,53.2678
14,15,7,1,4,157.5,2692.66,55.0871
14,15,7,1,5,202.5,2291.23,51.4249
14,15,7,1,6,247.5,1672.66,43.7433
14,15,7,1,7,292.5,1244.4,37.8761
14,15,7,1,8,337.5,1245.73,37.4718
14,15,7,2,1,22.5,584.311,25.3463
14,15,7,2,2,67.5,1150.48,36.996
14,15,7,2,3,112.5,1975.61,46.8449
14,15,7,2,4,157.5,2282.75,52.174
14,15,7,2,5,202.5,1828.7,45.366
14,15,7,2,6,247.5,902.755,31.3092
14,15,7,2,7,292.5,350.813,19.7246
14,15,7,2,8,337.5,373.01,20.0814
14,15,7,3,1,22.5,184.091,14.1901
14,15,7,3,2,67.5,753.093,28.4496
14,15,7,3,3,112.5,1382.13,38.9513
14,15,7,3,4,157.5,1862.22,45.0791
14,15,7,3,5,202.5,1306.44,39.2561
14,15,7,3,6,247.5,463.062,22.4717
14,15,7,3,7,292.5,138.239,12.3347
14,15,7,3,8,337.5,56.2324,7.94391
14,15,7,4,1,22.5,40.7333,6.78191
14,15,7,4,2,67.5,343.62,19.2422
14,15,7,4,3,112.5,954.107,31.6575
14,15,7,4,4,157.5,1315.82,37.3809
14,15,7,4,5,202.5,941.308,31.9675
14,15,7,4,6,247.5,300.321,17.9559
14,15,7,4,7,292.5,144.802,12.4849
14,15,7,4,8,337.5,0,0
14,15,7,5,1,22.5,0,0
14,15,7,5,2,67.5,263.018,16.5719
14,15,7,5,3,112.5,1123.8,34.9278
14,15,7,5,4,157.5,1858.55,44.8143
14,15,7,5,5,202.5,1103.03,34.2395
14,15,7,5,6,247.5,568.322,24.6854
14,15,7,5,7,292.5,467.438,22.4554
14,15,7,5,8,337.5,0,0
14,15,7,6,1,22.5,0,0
14,15,7,6,2,67.5,52.3644,7.54192
14,15,7,6,3,112.5,471.148,22.5214
14,15,7,6,4,157.5,926.515,31.1882
14,15,7,6,5,202.5,535.013,24.0762
14,15,7,6,6,247.5,376.78,20.1449
14,15,7,6,7,292.5,325.236,18.6249
14,15,7,6,8,337.5,0,0
14,15,7,7,1,22.5,0,0
14,15,7,7,2,67.5,32.8649,6.0516
14,15,7,7,3,112.5,179.588,14.0477
14,15,7,7,4,157.5,290.705,18.0014
14,15,7,7,5,202.5,165.529,13.5835
14,15,7,7,6,247.5,191.076,14.3378
14,15,7,7,7,292.5,116.943,11.2423
14,15,7,7,8,337.5,0,0
14,15,7,8,1,22.5,0,0
14,15,7,8,2,67.5,19.4908,5.39055
14,15,7,8,3,112.5,83.3191,9.60467
14,15,7,8,4,157.5,132.288,11.8189
14,15,7,8,5,202.5,77.9679,9.24702
14,15,7,8,6,247.5,68.0578,8.75216
14,15,7,8,7,292.5,42.7561,6.9213
14,15,7,8,8,337.5,0,0
14,15,7,9,1,22.5,0,0
14,15,7,9,2,67.5,0,0
14,15,7,9,3,112.5,0,0
14,15,7,9,4,157.5,0,0
14,15,7,9,5,202.5,0,0
14,15,7,9,6,247.5,0,0
14,15,7,9,7,292.5,0,0
14,15,7,9,8,337.5,0,0
14,15,7,10,1,22.5,0,0
14,15,7,10,2,67.5,0,0
14,15,7,10,3,112.5,0,0
14,15,7,10,4,157.5,0,0
14,15,7,10,5,202.5,0,0
14,15,7,10,6,247.5,0,0
14,15,7,10,7,292.5,0,0
14,15,7,10,8,337.5,0,0
14,15,7,11,1,22.5,0,0
14,15,7,11,2,67.5,0,0
14,15,7,11,3,112.5,0,0
14,15,7,11,4,157.5,0,0
14,15,7,11,5,202.5,0,0
14,15,7,11,6,247.5,0,0
14,15,7,11,7,292.5,0,0
14,15,7,11,8,337.5,0,0
14,15,8,1,1,22.5,31.1407,7.43833
14,15,8,1,2,67.5,32.8192,6.19104
14,15,8,1,3,112.5,41.1033,7.02227
14,15,8,1,4,157.5,80.533,9.48374
14,15,8,1,5,202.5,72.3453,8.97523
14,15,8,1,6,247.5,42.0734,6.98414
14,15,8,1,7,292.5,0,0
14,15,8,1,8,337.5,0,0
14,15,8,2,1,22.5,0,0
14,15,8,2,2,67.5,18.8685,4.85572
14,15,8,2,3,112.5,33.7142,5.97686
14,15,8,2,4,157.5,39.0586,6.7736
14,15,8,2,5,202.5,27.5357,5.64753
14,15,8,2,6,247.5,0,0
14,15,8,2,7,292.5,0,0
14,15,8,2,8,337.5,0,0
14,15,8,3,1,22.5,0,0
14,15,8,3,2,67.5,0,0
14,15,8,3,3,112.5,0,0
14,15,8,3,4,157.5,0,0
14,15,8,3,5,202.5,0,0
14,15,8,3,6,247.5,0,0
14,15,8,3,7,292.5,0,0
14,15,8,3,8,337.5,0,0
14,15,8,4,1,22.5,0,0
14,15,8,4,2,67.5,0,0
14,15,8,4,3,112.5,0,0
14,15,8,4,4,157.5,0,0
14,15,8,4,5,202.5,0,0
14,15,8,4,6,247.5,0,0
14,15,8,4,7,292.5,0,0
14,15,8,4,8,337.5,0,0
14,15,8,5,1,22.5,0,0
14,15,8,5,2,67.5,0,0
14,15,8,5,3,112.5,0,0
14,15,8,5,4,157.5,0,0
14,15,8,5,5,202.5,0,0
14,15,8,5,6,247.5,0,0
14,15,8,5,7,292.5,0,0
14,15,8,5,8,337.5,0,0
14,15,8,6,1,22.5,0,0
14,15,8,6,2,67.5,0,0
14,15,8,6,3,112.5,0,0
14,15,8,6,4,157.5,0,0
14,15,8,6,5,202.5,0,0
14,15,8,6,6,247.5,0,0
14,15,8,6,7,292.5,0,0
14,15,8,6,8,337.5,0,0
14,15,8,7,1,22.5,0,0
14,15,8,7,2,67.5,0,0
14,15,8,7,3,112.5,0,0
14,15,8,7,4,157.5,0,0
14,15,8,7,5,202.5,0,0
14,15,8,7,6,247.5,0,0
14,15,8,7,7,292.5,0,0
14,15,8,7,8,337.5,0,0
14,15,8,8,1,22.5,0,0
14,15,8,8,2,67.5,0,0
14,15,8,8,3,112.5,0,0
14,15,8,8,4,157.5,0,0
14,15,8,8,5,202.5,0,0
14,15,8,8,6,247.5,0,0
14,15,8,8,7,292.5,0,0
14,15,8,8,8,337.5,0,0
14,15,8,9,1,22.5,0,0
14,15,8,9,2,67.5,0,0
14,15,8,9,3,112.5,0,0
14,15,8,9,4,157.5,0,0
14,15,8,9,5,202.5,0,0
14,15,8,9,6,247.5,0,0
14,15,8,9,7,292.5,0,0
14,15,8,9,8,337.5,0,0
14,15,8,10,1,22.5,0,0
14,15,8,10,2,67.5,0,0
14,15,8,10,3,112.5,0,0
14,15,8,10,4,157.5,0,0
14,15,8,10,5,202.5,0,0
14,15,8,10,6,247.5,0,0
14,15,8,10,7,292.5,0,0
14,15,8,10,8,337.5,0,0
14,15,8,11,1,22.5,0,0
14,15,8,11,2,67.5,0,0
14,15,8,11,3,112.5,0,0
14,15,8,11,4,157.5,0,0
14,15,8,11,5,202.5,0,0
14,15,8,11,6,247.5,0,0
14,15,8,11,7,292.5,0,0
14,15,8,11,8,337.5,0,0
15,16,1,1,1,22.5,151.284,26.1279
15,16,1,1,2,67.5,2059.88,85.7047
15,16,1,1,3,112.5,1636.45,108.294
15,16,1,1,4,157.5,1538.85,93.0369
15,16,1,1,5,202.5,1990.38,99.3899
15,16,1,1,6,247.5,1678.24,123.235
15,16,1,1,7,292.5,1884.6,92.9263
15,16,1,1,8,337.5,210.968,28.7477
15,16,1,2,1,22.5,149.399,16.3031
15,16,1,2,2,67.5,1005.65,56.5663
15,16,1,2,3,112.5,1166.98,51.1819
15,16,1,2,4,157.5,773.181,53.6398
15,16,1,2,5,202.5,810.638,41.4207
15,16,1,2,6,247.5,1349.61,60.9888
15,16,1,2,7,292.5,1044.64,44.8807
15,16,1,2,8,337.5,192.959,18.1611
15,16,1,3,1,22.5,305.016,19.1098
15,16,1,3,2,67.5,843.83,37.2814
15,16,1,3,3,112.5,677.954,30.4231
15,16,1,3,4,157.5,131.415,13.221
15,16,1,3,5,202.5,114.29,12.2018
15,16,1,3,6,247.5,625.585,29.0724
15,16,1,3,7,292.5,995.204,38.9622
15,16,1,3,8,337.5,254.867,18.2216
15,16,1,4,1,22.5,100.904,10.7486
15,16,1,4,2,67.5,390.569,21.3711
15,16,1,4,3,112.5,167.08,13.6972
15,16,1,4,4,157.5,0,0
15,16,1,4,5,202.5,0,0
15,16,1,4,6,247.5,100.592,10.9721
15,16,1,4,7,292.5,308.68,20.0447
15,16,1,4,8,337.5,86.6252,10.5713
15,16,1,5,1,22.5,0,0
15,16,1,5,2,67.5,0,0
15,16,1,5,3,112.5,0,0
15,16,1,5,4,157.5,0,0
15,16,1,5,5,202.5,0,0
15,16,1,5,6,247.5,0,0
15,16,1,5,7,292.5,23.4422,5.36467
15,16,1,5,8,337.5,0,0
15,16,1,6,1,22.5,0,0
15,16,1,6,2,67.5,0,0
15,16,1,6,3,112.5,0,0
15,16,1,6,4,157.5,0,0
15,16,1,6,5,202.5,0,0
15,16,1,6,6,247.5,0,0
15,16,1,6,7,292.5,0,0
15,16,1,6,8,337.5,0,0
15,16,1,7,1,22.5,0,0
15,16,1,7,2,67.5,0,0
15,16,1,7,3,112.5,0,0
15,16,1,7,4,157.5,0,0
15,16,1,7,5,202.5,0,0
15,16,1,7,6,247.5,0,0
15,16,1,7,7,292.5,0,0
15,16,1,7,8,337.5,0,0
15,16,1,8,1,22.5,0,0
15,16,1,8,2,67.5,0,0
15,16,1,8,3,112.5,0,0
15,16,1,8,4,157.5,0,0
15,16,1,8,5,202.5,0,0
15,16,1,8,6,247.5,0,0
15,16,1,8,7,292.5,0,0
15,16,1,8,8,337.5,0,0
15,16,1,9,1,22.5,0,0
15,16,1,9,2,67.5,0,0
15,16,1,9,3,112.5,0,0
15,16,1,9,4,157.5,0,0
15,16,1,9,5,202.5,0,0
15,16,1,9,6,247.5,0,0
15,16,1,9,7,292.5,0,0
15,16,1,9,8,337.5,0,0
15,16,1,10,1,22.5,0,0
15,16,1,10,2,67.5,0,0
15,16,1,10,3,112.5,0,0
15,16,1,10,4,157.5,0,0
15,16,1,10,5,202.5,0,0
15,16,1,10,6,247.5,0,0
15,16,1,10,7,292.5,0,0
15,16,1,10,8,337.5,0,0
15,16,1,11,1,22.5,0,0
15,16,1,11,2,67.5,0,0
15,16,1,11,3,112.5,0,0
15,16,1,11,4,157.5,0,0
15,16,1,11,5,202.5,0,0
15,16,1,11,6,247.5,0,0
15,16,1,11,7,292.5,0,0
15,16,1,11,8,337.5,0,0
15,16,2,1,1,22.5,10254.1,223.906
15,16,2,1,2,67.5,18000.8,311.023
15,16,2,1,3,112.5,23573.5,405.091
15,16,2,1,4,157.5,26035.6,512.794
15,16,2,1,5,202.5,25261.1,488.442
15,16,2,1,6,247.5,17973.4,298.964
15,16,2,1,7,292.5,18338.7,280.968
15,16,2,1,8,337.5,13696.6,295.513
15,16,2,2,1,22.5,3987.16,93.1626
15,16,2,2,2,67.5,14936.9,189.167
15,16,2,2,3,112.5,15771.6,196.383
15,16,2,2,4,157.5,15924.1,229.615
15,16,2,2,5,202.5,13612.3,195.52
15,16,2,2,6,247.5,15797.7,206.58
15,16,2,2,7,292.5,13765.9,189.677
15,16,2,2,8,337.5,3134.59,87.8942
15,16,2,3,1,22.5,2438.46,64.3631
15,16,2,3,2,67.5,11948.7,133.485
15,16,2,3,3,112.5,9773.01,127.039
15,16,2,3,4,157.5,7091.5,109.426
15,16,2,3,5,202.5,5754.09,96.2234
15,16,2,3,6,247.5,11452.2,133.743
15,16,2,3,7,292.5,12692.6,145.335
15,16,2,3,8,337.5,2922.39,64.9454
15,16,2,4,1,22.5,3051.07,61.2819
15,16,2,4,2,67.5,10158,111.99
15,16,2,4,3,112.5,5866.88,85.139
15,16,2,4,4,157.5,2451.89,56.091
15,16,2,4,5,202.5,2023.8,50.4489
15,16,2,4,6,247.5,6976.27,93.1301
15,16,2,4,7,292.5,10814.8,116.822
15,16,2,4,8,337.5,2906.89,59.4089
15,16,2,5,1,22.5,3674.93,66.3498
15,16,2,5,2,67.5,11087,118.067
15,16,2,5,3,112.5,4785.61,76.2826
15,16,2,5,4,157.5,1369.04,40.1765
15,16,2,5,5,202.5,938.452,33.8533
15,16,2,5,6,247.5,5825.23,85.5435
15,16,2,5,7,292.5,10254.9,111.673
15,16,2,5,8,337.5,3124.31,60.0176
15,16,2,6,1,22.5,868.863,30.4538
15,16,2,6,2,67.5,2827.18,55.364
15,16,2,6,3,112.5,1018.25,33.3395
15,16,2,6,4,157.5,69.9653,8.72393
15,16,2,6,5,202.5,33.3917,6.08825
15,16,2,6,6,247.5,1158.45,35.8034
15,16,2,6,7,292.5,2157.66,49.3367
15,16,2,6,8,337.5,841.552,30.1919
15,16,2,7,1,22.5,77.5192,9.32001
15,16,2,7,2,67.5,313.642,18.2465
15,16,2,7,3,112.5,115.632,11.169
15,16,2,7,4,157.5,0,0
15,16,2,7,5,202.5,0,0
15,16,2,7,6,247.5,143.658,12.619
15,16,2,7,7,292.5,208.188,14.8807
15,16,2,7,8,337.5,110.154,11.1598
15,16,2,8,1,22.5,0,0
15,16,2,8,2,67.5,0,0
15,16,2,8,3,112.5,0,0
15,16,2,8,4,157.5,0,0
15,16,2,8,5,202.5,0,0
15,16,2,8,6,247.5,0,0
15,16,2,8,7,292.5,0,0
15,16,2,8,8,337.5,0,0
15,16,2,9,1,22.5,0,0
15,16,2,9,2,67.5,0,0
15,16,2,9,3,112.5,0,0
15,16,2,9,4,157.5,0,0
15,16,2,9,5,202.5,0,0
15,16,2,9,6,247.5,0,0
15,16,2,9,7,292.5,0,0
15,16,2,9,8,337.5,0,0
15,16,2,10,1,22.5,0,0
15,16,2,10,2,67.5,0,0
15,16,2,10,3,112.5,0,0
15,16,2,10,4,157.5,0,0
15,16,2,10,5,202.5,0,0
15,16,2,10,6,247.5,0,0
15,16,2,10,7,292.5,0,0
15,16,2,10,8,337.5,0,0
15,16,2,11,1,22.5,0,0
15,16,2,11,2,67.5,0,0
15,16,2,11,3,112.5,0,0
15,16,2,11,4,157.5,0,0
15,16,2,11,5,202.5,0,0
15,16,2,11,6,247.5,0,0
15,16,2,11,7,292.5,0,0
15,16,2,11,8,337.5,0,0
15,16,3,1,1,22.5,15121.1,265.039
15,16,3,1,2,67.5,26357.3,316.705
15,16,3,1,3,112.5,36985.6,406.332
15,16,3,1,4,157.5,42728.1,419.619
15,16,3,1,5,202.5,36329.6,404.588
15,16,3,1,6,247.5,27362.7,285.206
15,16,3,1,7,292.5,21043.2,267.471
15,16,3,1,8,337.5,16931.9,220.154
15,16,3,2,1,22.5,9025.01,141.631
15,16,3,2,2,67.5,15601.8,168.461
15,16,3,2,3,112.5,24808.2,209.5
15,16,3,2,4,157.5,31778.9,285.203
15,16,3,2,5,202.5,23900.6,230.017
15,16,3,2,6,247.5,16437.6,170.113
15,16,3,2,7,292.5,16622.8,164.845
15,16,3,2,8,337.5,9910.72,127.657
15,16,3,3,1,22.5,4798.73,77.1332
15,16,3,3,2,67.5,12619.3,179.511
15,16,3,3,3,112.5,15567.5,144.698
15,16,3,3,4,157.5,19493.5,173.626
15,16,3,3,5,202.5,14393,149.938
15,16,3,3,6,247.5,14875.7,144.398
15,16,3,3,7,292.5,17431.6,151.339
15,16,3,3,8,337.5,3737.08,68.7678
15,16,3,4,1,22.5,2013.93,50.5086
15,16,3,4,2,67.5,12457.8,124.494
15,16,3,4,3,112.5,10626.8,115.158
15,16,3,4,4,157.5,10993.1,122.577
15,16,3,4,5,202.5,7978.15,100.431
15,16,3,4,6,247.5,12073.6,121.61
15,16,3,4,7,292.5,15371.6,133.309
15,16,3,4,8,337.5,2050.44,48.881
15,16,3,5,1,22.5,3474.68,62.5849
15,16,3,5,2,67.5,20445,153.999
15,16,3,5,3,112.5,12249.7,120.317
15,16,3,5,4,157.5,9213.46,106.723
15,16,3,5,5,202.5,6710.65,91.4813
15,16,3,5,6,247.5,15782.8,138.067
15,16,3,5,7,292.5,21991.9,160.916
15,16,3,5,8,337.5,4117.52,67.1268
15,16,3,6,1,22.5,2555.72,52.509
15,16,3,6,2,67.5,11879,114.107
15,16,3,6,3,112.5,5598.21,78.2196
15,16,3,6,4,157.5,2489.73,52.7029
15,16,3,6,5,202.5,1973.09,47.1412
15,16,3,6,6,247.5,7108.75,89.3751
15,16,3,6,7,292.5,10911.5,110.306
15,16,3,6,8,337.5,2148.62,48.0535
15,16,3,7,1,22.5,1072.27,33.7673
15,16,3,7,2,67.5,5462.38,76.6064
15,16,3,7,3,112.5,2325.78,49.5647
15,16,3,7,4,157.5,588.122,25.3927
15,16,3,7,5,202.5,426.544,21.3195
15,16,3,7,6,247.5,3035.71,56.9352
15,16,3,7,7,292.5,4255.64,67.5568
15,16,3,7,8,337.5,1131.95,35.1008
15,16,3,8,1,22.5,611.137,25.3986
15,16,3,8,2,67.5,2364.13,49.7109
15,16,3,8,3,112.5,1110.64,34.2627
15,16,3,8,4,157.5,98.1749,10.2711
15,16,3,8,5,202.5,112.515,11.2293
15,16,3,8,6,247.5,1338.69,37.8518
15,16,3,8,7,292.5,1865.96,44.3965
15,16,3,8,8,337.5,729.015,27.7578
15,16,3,9,1,22.5,102.798,10.6505
15,16,3,9,2,67.5,331.908,18.9103
15,16,3,9,3,112.5,122.016,11.3781
15,16,3,9,4,157.5,0,0
15,16,3,9,5,202.5,0,0
15,16,3,9,6,247.5,199.972,14.6493
15,16,3,9,7,292.5,236.875,16.0753
15,16,3,9,8,337.5,86.9457,9.85219
15,16,3,10,1,22.5,0,0
15,16,3,10,2,67.5,13.8275,4.09738
15,16,3,10,3,112.5,0,0
15,16,3,10,4,157.5,0,0
15,16,3,10,5,202.5,0,0
15,16,3,10,6,247.5,0,0
15,16,3,10,7,292.5,0,0
15,16,3,10,8,337.5,0,0
15,16,3,11,1,22.5,0,0
15,16,3,11,2,67.5,0,0
15,16,3,11,3,112.5,0,0
15,16,3,11,4,157.5,0,0
15,16,3,11,5,202.5,0,0
15,16,3,11,6,247.5,0,0
15,16,3,11,7,292.5,0,0
15,16,3,11,8,337.5,0,0
15,16,4,1,1,22.5,20367.7,231.762
15,16,4,1,2,67.5,27698.9,249.155
15,16,4,1,3,112.5,36035.7,290.423
15,16,4,1,4,157.5,41764.8,316.939
15,16,4,1,5,202.5,34095.4,281.483
15,16,4,1,6,247.5,24315,242.14
15,16,4,1,7,292.5,18402.3,189.413
15,16,4,1,8,337.5,17740.4,217.036
15,16,4,2,1,22.5,7200.78,107.797
15,16,4,2,2,67.5,13456.4,133.85
15,16,4,2,3,112.5,25079,195.93
15,16,4,2,4,157.5,32491.8,238.2
15,16,4,2,5,202.5,24877.5,199.582
15,16,4,2,6,247.5,13298.3,140.005
15,16,4,2,7,292.5,8034.15,115.315
15,16,4,2,8,337.5,5970.04,99.9393
15,16,4,3,1,22.5,3604.07,67.6442
15,16,4,3,2,67.5,6552.2,90.8679
15,16,4,3,3,112.5,16192.2,141.908
15,16,4,3,4,157.5,23309.6,177.29
15,16,4,3,5,202.5,16927.4,152.478
15,16,4,3,6,247.5,10240,113.241
15,16,4,3,7,292.5,10078.8,111.698
15,16,4,3,8,337.5,4246.76,72.8698
15,16,4,4,1,22.5,2228.65,50.8249
15,16,4,4,2,67.5,5817.9,81.7272
15,16,4,4,3,112.5,10639.2,111.071
15,16,4,4,4,157.5,15505.9,138.017
15,16,4,4,5,202.5,11279.3,119.991
15,16,4,4,6,247.5,8722.84,100.847
15,16,4,4,7,292.5,10391.2,108.42
15,16,4,4,8,337.5,2330.64,51.1604
15,16,4,5,1,22.5,1922.86,45.9716
15,16,4,5,2,67.5,11572.1,113.324
15,16,4,5,3,112.5,12486.8,119.346
15,16,4,5,4,157.5,17503.4,144.438
15,16,4,5,5,202.5,11943.2,121.157
15,16,4,5,6,247.5,13459,126.69
15,16,4,5,7,292.5,16884.6,137.718
15,16,4,5,8,337.5,1936.64,46.476
15,16,4,6,1,22.5,949.802,31.8462
15,16,4,6,2,67.5,8559.5,95.7188
15,16,4,6,3,112.5,6435.46,83.9655
15,16,4,6,4,157.5,6821.78,89.0722
15,16,4,6,5,202.5,4686.98,72.9389
15,16,4,6,6,247.5,7976.16,94.5087
15,16,4,6,7,292.5,10249.6,106.745
15,16,4,6,8,337.5,978.006,32.6275
15,16,4,7,1,22.5,574.278,24.5117
15,16,4,7,2,67.5,5073.22,73.5428
15,16,4,7,3,112.5,3156.23,58.3883
15,16,4,7,4,157.5,2688.95,53.7509
15,16,4,7,5,202.5,1800.69,43.8927
15,16,4,7,6,247.5,4222.75,68.4526
15,16,4,7,7,292.5,5149.36,74.5691
15,16,4,7,8,337.5,441.238,21.635
15,16,4,8,1,22.5,324.457,18.6777
15,16,4,8,2,67.5,3171.52,58.5233
15,16,4,8,3,112.5,1878,45.4868
15,16,4,8,4,157.5,1238.77,36.1832
15,16,4,8,5,202.5,888.833,30.8084
15,16,4,8,6,247.5,2705.16,53.3637
15,16,4,8,7,292.5,2780.17,53.8919
15,16,4,8,8,337.5,318.97,18.5493
15,16,4,9,1,22.5,121.942,11.494
15,16,4,9,2,67.5,859.291,29.9697
15,16,4,9,3,112.5,538.886,23.9124
15,16,4,9,4,157.5,203.768,14.9322
15,16,4,9,5,202.5,163.306,13.4297
15,16,4,9,6,247.5,772.439,28.5628
15,16,4,9,7,292.5,644.502,26.0597
15,16,4,9,8,337.5,163.589,13.363
15,16,4,10,1,22.5,38.1051,6.58691
15,16,4,10,2,67.5,171.302,13.5048
15,16,4,10,3,112.5,113.646,11.1989
15,16,4,10,4,157.5,14.8496,4.34619
15,16,4,10,5,202.5,24.6526,5.71865
15,16,4,10,6,247.5,135.762,12.013
15,16,4,10,7,292.5,93.247,10.0954
15,16,4,10,8,337.5,21.7775,5.05103
15,16,4,11,1,22.5,0,0
15,16,4,11,2,67.5,0,0
15,16,4,11,3,112.5,0,0
15,16,4,11,4,157.5,0,0
15,16,4,11,5,202.5,0,0
15,16,4,11,6,247.5,0,0
15,16,4,11,7,292.5,0,0
15,16,4,11,8,337.5,0,0
15,16,5,1,1,22.5,16461.2,170.32
15,16,5,1,2,67.5,20369.3,185.551
15,16,5,1,3,112.5,24642.9,200.312
15,16,5,1,4,157.5,26885.1,209.469
15,16,5,1,5,202.5,22764.6,196.907
15,16,5,1,6,247.5,16668.8,169.38
15,16,5,1,7,292.5,12849,150.539
15,16,5,1,8,337.5,14315,158.509
15,16,5,2,1,22.5,7014.2,93.474
15,16,5,2,2,67.5,10450.3,119.03
15,16,5,2,3,112.5,17534.1,149.018
15,16,5,2,4,157.5,22390.2,184.094
15,16,5,2,5,202.5,16750.8,154.308
15,16,5,2,6,247.5,9027.41,111.29
15,16,5,2,7,292.5,4232.95,74.5597
15,16,5,2,8,337.5,4610.59,77.5041
15,16,5,3,1,22.5,2462.25,53.6867
15,16,5,3,2,67.5,4806.24,76.3111
15,16,5,3,3,112.5,11404.6,116.382
15,16,5,3,4,157.5,16804,143.191
15,16,5,3,5,202.5,12099.3,126.659
15,16,5,3,6,247.5,5780.62,93.104
15,16,5,3,7,292.5,3202.98,61.0917
15,16,5,3,8,337.5,1454.9,42.6982
15,16,5,4,1,22.5,824.945,30.642
15,16,5,4,2,67.5,2252.95,50.1287
15,16,5,4,3,112.5,7467.57,91.872
15,16,5,4,4,157.5,12170.5,118.7
15,16,5,4,5,202.5,8677.6,103.621
15,16,5,4,6,247.5,4516.3,70.8493
15,16,5,4,7,292.5,3910.21,66.3958
15,16,5,4,8,337.5,857.925,32.1294
15,16,5,5,1,22.5,665.756,27.1175
15,16,5,5,2,67.5,3351.95,60.8061
15,16,5,5,3,112.5,8445.82,98.8536
15,16,5,5,4,157.5,15163.5,142.459
15,16,5,5,5,202.5,10271.5,111.423
15,16,5,5,6,247.5,6775.81,90.6113
15,16,5,5,7,292.5,7721.3,91.6242
15,16,5,5,8,337.5,1123.99,35.1366
15,16,5,6,1,22.5,309.198,18.5207
15,16,5,6,2,67.5,2993.34,56.6245
15,16,5,6,3,112.5,4040.56,66.851
15,16,5,6,4,157.5,7100.4,91.6039
15,16,5,6,5,202.5,4728.32,72.7744
15,16,5,6,6,247.5,4057.39,66.057
15,16,5,6,7,292.5,5137.36,74.4555
15,16,5,6,8,337.5,427.79,21.4409
15,16,5,7,1,22.5,139.112,12.2648
15,16,5,7,2,67.5,2094.06,46.7127
15,16,5,7,3,112.5,1869.03,44.4438
15,16,5,7,4,157.5,3083.9,57.5262
15,16,5,7,5,202.5,2181.13,48.8008
15,16,5,7,6,247.5,2329.83,49.769
15,16,5,7,7,292.5,2778.84,54.1795
15,16,5,7,8,337.5,161.772,13.3032
15,16,5,8,1,22.5,77.0506,9.29456
15,16,5,8,2,67.5,1389.45,38.2088
15,16,5,8,3,112.5,1056.92,33.1174
15,16,5,8,4,157.5,1676.74,41.9253
15,16,5,8,5,202.5,1152.08,35.1571
15,16,5,8,6,247.5,1413.11,38.5437
15,16,5,8,7,292.5,1418.73,38.5519
15,16,5,8,8,337.5,56.4691,8.01797
15,16,5,9,1,22.5,0,0
15,16,5,9,2,67.5,350.865,19.4052
15,16,5,9,3,112.5,264.958,17.2387
15,16,5,9,4,157.5,364.798,19.7916
15,16,5,9,5,202.5,174.549,13.7488
15,16,5,9,6,247.5,354.177,19.3916
15,16,5,9,7,292.5,282.439,17.3811
15,16,5,9,8,337.5,0,0
15,16,5,10,1,22.5,0,0
15,16,5,10,2,67.5,55.6893,8.05404
15,16,5,10,3,112.5,32.8038,6.29331
15,16,5,10,4,157.5,45.5286,7.30287
15,16,5,10,5,202.5,21.3803,5.10611
15,16,5,10,6,247.5,61.3606,8.28385
15,16,5,10,7,292.5,14.9989,4.40663
15,16,5,10,8,337.5,0,0
15,16,5,11,1,22.5,0,0
15,16,5,11,2,67.5,0,0
15,16,5,11,3,112.5,0,0
15,16,5,11,4,157.5,0,0
15,16,5,11,5,202.5,0,0
15,16,5,11,6,247.5,0,0
15,16,5,11,7,292.5,0,0
15,16,5,11,8,337.5,0,0
15,16,6,1,1,22.5,7516.3,103.06
15,16,6,1,2,67.5,8784.61,110.561
15,16,6,1,3,112.5,10374.5,120.086
15,16,6,1,4,157.5,11074.3,119.38
15,16,6,1,5,202.5,9610.4,111.413
15,16,6,1,6,247.5,6817.73,94.9205
15,16,6,1,7,292.5,6110.34,87.8206
15,16,6,1,8,337.5,6419,96.6798
15,16,6,2,1,22.5,3462.74,65.5645
15,16,6,2,2,67.5,5064.89,75.6647
15,16,6,2,3,112.5,7176.19,93.2756
15,16,6,2,4,157.5,8750.22,105.312
15,16,6,2,5,202.5,6996.79,92.8723
15,16,6,2,6,247.5,3679.07,66.2511
15,16,6,2,7,292.5,2002.71,48.3053
15,16,6,2,8,337.5,2400.43,52.7288
15,16,6,3,1,22.5,1394.28,39.6222
15,16,6,3,2,67.5,2434.4,52.0772
15,16,6,3,3,112.5,4610.83,72.8582
15,16,6,3,4,157.5,6617.74,88.2688
15,16,6,3,5,202.5,4755.97,75.1766
15,16,6,3,6,247.5,2154,48.7444
15,16,6,3,7,292.5,831.931,30.551
15,16,6,3,8,337.5,656.284,27.7484
15,16,6,4,1,22.5,505.039,23.4381
15,16,6,4,2,67.5,1145.82,35.219
15,16,6,4,3,112.5,3013.13,56.6947
15,16,6,4,4,157.5,4549.64,73.1177
15,16,6,4,5,202.5,3188.98,58.6944
15,16,6,4,6,247.5,1574.63,41.4384
15,16,6,4,7,292.5,770.126,28.7258
15,16,6,4,8,337.5,173.466,14.0345
15,16,6,5,1,22.5,118.398,11.7157
15,16,6,5,2,67.5,867.306,30.4098
15,16,6,5,3,112.5,3203.7,58.6895
15,16,6,5,4,157.5,5206.02,77.7273
15,16,6,5,5,202.5,3914.48,71.5467
15,16,6,5,6,247.5,1875.27,44.8403
15,16,6,5,7,292.5,1713.71,42.6191
15,16,6,5,8,337.5,152.582,13.1712
15,16,6,6,1,22.5,0,0
15,16,6,6,2,67.5,458.053,22.1916
15,16,6,6,3,112.5,1210.13,35.5641
15,16,6,6,4,157.5,2392.52,50.4202
15,16,6,6,5,202.5,1516.29,40.4558
15,16,6,6,6,247.5,963.564,31.7832
15,16,6,6,7,292.5,1163.18,35.1074
15,16,6,6,8,337.5,81.4801,9.59632
15,16,6,7,1,22.5,0,0
15,16,6,7,2,67.5,266.472,16.7957
15,16,6,7,3,112.5,460.651,22.1985
15,16,6,7,4,157.5,816.869,29.3679
15,16,6,7,5,202.5,547.897,24.3022
15,16,6,7,6,247.5,403.444,20.7702
15,16,6,7,7,292.5,518.099,23.3742
15,16,6,7,8,337.5,0,0
15,16,6,8,1,22.5,0,0
15,16,6,8,2,67.5,136.475,12.0694
15,16,6,8,3,112.5,169.22,13.4479
15,16,6,8,4,157.5,340.826,19.031
15,16,6,8,5,202.5,217.884,15.5012
15,16,6,8,6,247.5,178.769,13.6542
15,16,6,8,7,292.5,180.144,13.7774
15,16,6,8,8,337.5,0,0
15,16,6,9,1,22.5,0,0
15,16,6,9,2,67.5,0,0
15,16,6,9,3,112.5,0,0
15,16,6,9,4,157.5,0,0
15,16,6,9,5,202.5,12.8229,3.816
15,16,6,9,6,247.5,0,0
15,16,6,9,7,292.5,0,0
15,16,6,9,8,337.5,0,0
15,16,6,10,1,22.5,0,0
15,16,6,10,2,67.5,0,0
15,16,6,10,3,112.5,0,0
15,16,6,10,4,157.5,0,0
15,16,6,10,5,202.5,0,0
15,16,6,10,6,247.5,0,0
15,16,6,10,7,292.5,0,0
15,16,6,10,8,337.5,0,0
15,16,6,11,1,22.5,0,0
15,16,6,11,2,67.5,0,0
15,16,6,11,3,112.5,0,0
15,16,6,11,4,157.5,0,0
15,16,6,11,5,202.5,0,0
15,16,6,11,6,247.5,0,0
15,16,6,11,7,292.5,0,0
15,16,6,11,8,337.5,0,0
15,16,7,1,1,22.5,1074.08,34.8712
15,16,7,1,2,67.5,1333.44,39.0822
15,16,7,1,3,112.5,1508.62,41.5516
15,16,7,1,4,157.5,1557.99,44.2324
15,16,7,1,5,202.5,1348.06,40.0614
15,16,7,1,6,247.5,1149.13,36.0926
15,16,7,1,7,292.5,955.071,33.6083
15,16,7,1,8,337.5,951.229,32.3962
15,16,7,2,1,22.5,383.279,20.7201
15,16,7,2,2,67.5,657.001,27.5231
15,16,7,2,3,112.5,823.077,30.1815
15,16,7,2,4,157.5,1001.99,33.236
15,16,7,2,5,202.5,851.947,30.617
15,16,7,2,6,247.5,468.372,22.5912
15,16,7,2,7,292.5,220.795,15.7785
15,16,7,2,8,337.5,349.181,19.7957
15,16,7,3,1,22.5,150.798,12.6958
15,16,7,3,2,67.5,271.245,17.0763
15,16,7,3,3,112.5,476.038,22.8031
15,16,7,3,4,157.5,643.781,26.1863
15,16,7,3,5,202.5,478.986,22.8288
15,16,7,3,6,247.5,249.582,16.6572
15,16,7,3,7,292.5,73.415,9.12992
15,16,7,3,8,337.5,72.4886,9.13036
15,16,7,4,1,22.5,49.5185,8.32002
15,16,7,4,2,67.5,132.187,11.7947
15,16,7,4,3,112.5,225.015,15.5865
15,16,7,4,4,157.5,338.409,19.1383
15,16,7,4,5,202.5,215.762,15.3268
15,16,7,4,6,247.5,86.2178,9.64497
15,16,7,4,7,292.5,29.9157,5.59555
15,16,7,4,8,337.5,0,0
15,16,7,5,1,22.5,0,0
15,16,7,5,2,67.5,44.4173,6.95811
15,16,7,5,3,112.5,158.042,13.0046
15,16,7,5,4,157.5,253.971,16.3698
15,16,7,5,5,202.5,209.207,15.2221
15,16,7,5,6,247.5,72.6924,8.75786
15,16,7,5,7,292.5,51.7861,7.43246
15,16,7,5,8,337.5,0,0
15,16,7,6,1,22.5,0,0
15,16,7,6,2,67.5,0,0
15,16,7,6,3,112.5,19.034,4.56985
15,16,7,6,4,157.5,40.5418,6.78308
15,16,7,6,5,202.5,20.0688,4.92873
15,16,7,6,6,247.5,0,0
15,16,7,6,7,292.5,0,0
15,16,7,6,8,337.5,0,0
15,16,7,7,1,22.5,0,0
15,16,7,7,2,67.5,0,0
15,16,7,7,3,112.5,0,0
15,16,7,7,4,157.5,0,0
15,16,7,7,5,202.5,0,0
15,16,7,7,6,247.5,0,0
15,16,7,7,7,292.5,0,0
15,16,7,7,8,337.5,0,0
15,16,7,8,1,22.5,0,0
15,16,7,8,2,67.5,0,0
15,16,7,8,3,112.5,0,0
15,16,7,8,4,157.5,0,0
15,16,7,8,5,202.5,0,0
15,16,7,8,6,247.5,0,0
15,16,7,8,7,292.5,0,0
15,16,7,8,8,337.5,0,0
15,16,7,9,1,22.5,0,0
15,16,7,9,2,67.5,0,0
15,16,7,9,3,112.5,0,0
15,16,7,9,4,157.5,0,0
15,16,7,9,5,202.5,0,0
15,16,7,9,6,247.5,0,0
15,16,7,9,7,292.5,0,0
15,16,7,9,8,337.5,0,0
15,16,7,10,1,22.5,0,0
15,16,7,10,2,67.5,0,0
15,16,7,10,3,112.5,0,0
15,16,7,10,4,157.5,0,0
15,16,7,10,5,202.5,0,0
15,16,7,10,6,247.5,0,0
15,16,7,10,7,292.5,0,0
15,16,7,10,8,337.5,0,0
15,16,7,11,1,22.5,0,0
15,16,7,11,2,67.5,0,0
15,16,7,11,3,112.5,0,0
15,16,7,11,4,157.5,0,0
15,16,7,11,5,202.5,0,0
15,16,7,11,6,247.5,0,0
15,16,7,11,7,292.5,0,0
15,16,7,11,8,337.5,0,0
15,16,8,1,1,22.5,0,0
15,16,8,1,2,67.5,0,0
15,16,8,1,3,112.5,0,0
15,16,8,1,4,157.5,0,0
15,16,8,1,5,202.5,0,0
15,16,8,1,6,247.5,0,0
15,16,8,1,7,292.5,0,0
15,16,8,1,8,337.5,0,0
15,16,8,2,1,22.5,0,0
15,16,8,2,2,67.5,0,0
15,16,8,2,3,112.5,0,0
15,16,8,2,4,157.5,0,0
15,16,8,2,5,202.5,0,0
15,16,8,2,6,247.5,0,0
15,16,8,2,7,292.5,0,0
15,16,8,2,8,337.5,0,0
15,16,8,3,1,22.5,0,0
15,16,8,3,2,67.5,0,0
15,16,8,3,3,112.5,0,0
15,16,8,3,4,157.5,0,0
15,16,8,3,5,202.5,0,0
15,16,8,3,6,247.5,0,0
15,16,8,3,7,292.5,0,0
15,16,8,3,8,337.5,0,0
15,16,8,4,1,22.5,0,0
15,16,8,4,2,67.5,0,0
15,16,8,4,3,112.5,0,0
15,16,8,4,4,157.5,0,0
15,16,8,4,5,202.5,0,0
15,16,8,4,6,247.5,0,0
15,16,8,4,7,292.5,0,0
15,16,8,4,8,337.5,0,0
15,16,8,5,1,22.5,0,0
15,16,8,5,2,67.5,0,0
15,16,8,5,3,112.5,0,0
15,16,8,5,4,157.5,0,0
15,16,8,5,5,202.5,0,0
15,16,8,5,6,247.5,0,0
15,16,8,5,7,292.5,0,0
15,16,8,5,8,337.5,0,0
15,16,8,6,1,22.5,0,0
15,16,8,6,2,67.5,0,0
15,16,8,6,3,112.5,0,0
15,16,8,6,4,157.5,0,0
15,16,8,6,5,202.5,0,0
15,16,8,6,6,247.5,0,0
15,16,8,6,7,292.5,0,0
15,16,8,6,8,337.5,0,0
15,16,8,7,1,22.5,0,0
15,16,8,7,2,67.5,0,0
15,16,8,7,3,112.5,0,0
15,16,8,7,4,157.5,0,0
15,16,8,7,5,202.5,0,0
15,16,8,7,6,247.5,0,0
15,16,8,7,7,292.5,0,0
15,16,8,7,8,337.5,0,0
15,16,8,8,1,22.5,0,0
15,16,8,8,2,67.5,0,0
15,16,8,8,3,112.5,0,0
15,16,8,8,4,157.5,0,0
15,16,8,8,5,202.5,0,0
15,16,8,8,6,247.5,0,0
15,16,8,8,7,292.5,0,0
15,16,8,8,8,337.5,0,0
15,16,8,9,1,22.5,0,0
15,16,8,9,2,67.5,0,0
15,16,8,9,3,112.5,0,0
15,16,8,9,4,157.5,0,0
15,16,8,9,5,202.5,0,0
15,16,8,9,6,247.5,0,0
15,16,8,9,7,292.5,0,0
15,16,8,9,8,337.5,0,0
15,16,8,10,1,22.5,0,0
15,16,8,10,2,67.5,0,0
15,16,8,10,3,112.5,0,0
15,16,8,10,4,157.5,0,0
15,16,8,10,5,202.5,0,0
15,16,8,10,6,247.5,0,0
15,16,8,10,7,292.5,0,0
15,16,8,10,8,337.5,0,0
15,16,8,11,1,22.5,0,0
15,16,8,11,2,67.5,0,0
15,16,8,11,3,112.5,0,0
15,16,8,11,4,157.5,0,0
15,16,8,11,5,202.5,0,0
15,16,8,11,6,247.5,0,0
15,16,8,11,7,292.5,0,0
15,16,8,11,8,337.5,0,0
16,17,1,1,1,22.5,1267.89,150.136
16,17,1,1,2,67.5,12236.5,344.467
16,17,1,1,3,112.5,11752,393.322
16,17,1,1,4,157.5,10127.6,331.112
16,17,1,1,5,202.5,11634.1,340.999
16,17,1,1,6,247.5,12427.5,295.907
16,17,1,1,7,292.5,10854.1,372.948
16,17,1,1,8,337.5,1336.57,228.296
16,17,1,2,1,22.5,1074.09,57.1785
16,17,1,2,2,67.5,7958.69,154.85
16,17,1,2,3,112.5,10771.5,196.042
16,17,1,2,4,157.5,12191.3,222.825
16,17,1,2,5,202.5,11158,214.095
16,17,1,2,6,247.5,10955.4,199.856
16,17,1,2,7,292.5,8457.52,151.809
16,17,1,2,8,337.5,1378.32,71.7895
16,17,1,3,1,22.5,2284.66,58.7745
16,17,1,3,2,67.5,6200.44,99.5035
16,17,1,3,3,112.5,6917.65,109.951
16,17,1,3,4,157.5,5637.41,109.569
16,17,1,3,5,202.5,4926.03,95.0611
16,17,1,3,6,247.5,7708.45,120.872
16,17,1,3,7,292.5,6804.86,105.511
16,17,1,3,8,337.5,1955.33,52.5343
16,17,1,4,1,22.5,1532.14,45.0399
16,17,1,4,2,67.5,3016.1,62.6921
16,17,1,4,3,112.5,2976.06,63.7055
16,17,1,4,4,157.5,1886.25,57.1613
16,17,1,4,5,202.5,1557.66,44.3095
16,17,1,4,6,247.5,3362.2,65.2387
16,17,1,4,7,292.5,2686.02,60.6758
16,17,1,4,8,337.5,1370.84,43.6523
16,17,1,5,1,22.5,546.364,25.0051
16,17,1,5,2,67.5,941.715,33.07
16,17,1,5,3,112.5,916.676,33.1466
16,17,1,5,4,157.5,378.542,20.9299
16,17,1,5,5,202.5,343.203,20.3632
16,17,1,5,6,247.5,984.168,34.5499
16,17,1,5,7,292.5,799.303,31.0022
16,17,1,5,8,337.5,558.704,24.6439
16,17,1,6,1,22.5,0,0
16,17,1,6,2,67.5,0,0
16,17,1,6,3,112.5,0,0
16,17,1,6,4,157.5,0,0
16,17,1,6,5,202.5,0,0
16,17,1,6,6,247.5,0,0
16,17,1,6,7,292.5,0,0
16,17,1,6,8,337.5,0,0
16,17,1,7,1,22.5,0,0
16,17,1,7,2,67.5,0,0
16,17,1,7,3,112.5,0,0
16,17,1,7,4,157.5,0,0
16,17,1,7,5,202.5,0,0
16,17,1,7,6,247.5,0,0
16,17,1,7,7,292.5,0,0
16,17,1,7,8,337.5,0,0
16,17,1,8,1,22.5,0,0
16,17,1,8,2,67.5,0,0
16,17,1,8,3,112.5,0,0
16,17,1,8,4,157.5,0,0
16,17,1,8,5,202.5,0,0
16,17,1,8,6,247.5,0,0
16,17,1,8,7,292.5,0,0
16,17,1,8,8,337.5,0,0
16,17,1,9,1,22.5,0,0
16,17,1,9,2,67.5,0,0
16,17,1,9,3,112.5,0,0
16,17,1,9,4,157.5,0,0
16,17,1,9,5,202.5,0,0
16,17,1,9,6,247.5,0,0
16,17,1,9,7,292.5,0,0
16,17,1,9,8,337.5,0,0
16,17,1,10,1,22.5,0,0
16,17,1,10,2,67.5,0,0
16,17,1,10,3,112.5,0,0
16,17,1,10,4,157.5,0,0
16,17,1,10,5,202.5,0,0
16,17,1,10,6,247.5,0,0
16,17,1,10,7,292.5,0,0
16,17,1,10,8,337.5,0,0
16,17,1,11,1,22.5,0,0
16,17,1,11,2,67.5,0,0
16,17,1,11,3,112.5,0,0
16,17,1,11,4,157.5,0,0
16,17,1,11,5,202.5,0,0
16,17,1,11,6,247.5,0,0
16,17,1,11,7,292.5,0,0
16,17,1,11,8,337.5,0,0
16,17,2,1,1,22.5,10517.6,246.891
16,17,2,1,2,67.5,22260.5,319.454
16,17,2,1,3,112.5,30472,365.739
16,17,2,1,4,157.5,35067.8,509.208
16,17,2,1,5,202.5,36894.6,538.898
16,17,2,1,6,247.5,23521.2,343.554
16,17,2,1,7,292.5,5807.89,285.094
16,17,2,1,8,337.5,14631.6,288.491
16,17,2,2,1,22.5,4132.15,95.3529
16,17,2,2,2,67.5,18908.4,229.255
16,17,2,2,3,112.5,28425,254.447
16,17,2,2,4,157.5,37075.7,373.706
16,17,2,2,5,202.5,29975.7,296.943
16,17,2,2,6,247.5,26169.2,259.984
16,17,2,2,7,292.5,19078.3,231.921
16,17,2,2,8,337.5,3341.33,100.771
16,17,2,3,1,22.5,2921.72,68.5456
16,17,2,3,2,67.5,16367,159.447
16,17,2,3,3,112.5,21584,189.126
16,17,2,3,4,157.5,27045,233.865
16,17,2,3,5,202.5,20916.4,205.282
16,17,2,3,6,247.5,25118.8,218.456
16,17,2,3,7,292.5,18451.1,168.954
16,17,2,3,8,337.5,3241.45,71.3577
16,17,2,4,1,22.5,3420.51,63.4862
16,17,2,4,2,67.5,14475.7,138.242
16,17,2,4,3,112.5,15495,145.749
16,17,2,4,4,157.5,17132.2,160.634
16,17,2,4,5,202.5,13676.2,463.604
16,17,2,4,6,247.5,19399.1,162.579
16,17,2,4,7,292.5,15344.6,140.722
16,17,2,4,8,337.5,3359.68,62.687
16,17,2,5,1,22.5,5988.03,87.9711
16,17,2,5,2,67.5,19219,154.953
16,17,2,5,3,112.5,18518.9,159.795
16,17,2,5,4,157.5,16735,161.389
16,17,2,5,5,202.5,13394.9,138.34
16,17,2,5,6,247.5,22009.9,177.773
16,17,2,5,7,292.5,17479.2,149.8
16,17,2,5,8,337.5,5579.4,83.5727
16,17,2,6,1,22.5,2621.07,54.1281
16,17,2,6,2,67.5,7128.81,89.9331
16,17,2,6,3,112.5,6507.28,89.2597
16,17,2,6,4,157.5,4949.96,78.6208
16,17,2,6,5,202.5,4105.5,73.7814
16,17,2,6,6,247.5,8369.6,99.7504
16,17,2,6,7,292.5,6153.82,85.8638
16,17,2,6,8,337.5,2577.12,55.4411
16,17,2,7,1,22.5,955.917,32.6704
16,17,2,7,2,67.5,2040.84,47.3367
16,17,2,7,3,112.5,1903.99,46.0522
16,17,2,7,4,157.5,1264.25,37.6777
16,17,2,7,5,202.5,1052.72,34.3273
16,17,2,7,6,247.5,2384.02,51.6094
16,17,2,7,7,292.5,1647.87,42.4669
16,17,2,7,8,337.5,888.743,30.9041
16,17,2,8,1,22.5,219.267,15.4131
16,17,2,8,2,67.5,422.039,21.3578
16,17,2,8,3,112.5,446.187,21.9715
16,17,2,8,4,157.5,197.767,14.5713
16,17,2,8,5,202.5,172.985,13.7575
16,17,2,8,6,247.5,462.064,22.2473
16,17,2,8,7,292.5,336.196,18.9478
16,17,2,8,8,337.5,167.169,13.4539
16,17,2,9,1,22.5,0,0
16,17,2,9,2,67.5,0,0
16,17,2,9,3,112.5,0,0
16,17,2,9,4,157.5,0,0
16,17,2,9,5,202.5,0,0
16,17,2,9,6,247.5,0,0
16,17,2,9,7,292.5,0,0
16,17,2,9,8,337.5,0,0
16,17,2,10,1,22.5,0,0
16,17,2,10,2,67.5,0,0
16,17,2,10,3,112.5,0,0
16,17,2,10,4,157.5,0,0
16,17,2,10,5,202.5,0,0
16,17,2,10,6,247.5,0,0
16,17,2,10,7,292.5,0,0
16,17,2,10,8,337.5,0,0
16,17,2,11,1,22.5,0,0
16,17,2,11,2,67.5,0,0
16,17,2,11,3,112.5,0,0
16,17,2,11,4,157.5,0,0
16,17,2,11,5,202.5,0,0
16,17,2,11,6,247.5,0,0
16,17,2,11,7,292.5,0,0
16,17,2,11,8,337.5,0,0
16,17,3,1,1,22.5,9696.47,179.772
16,17,3,1,2,67.5,19096.4,269.183
16,17,3,1,3,112.5,28652.8,349.122
16,17,3,1,4,157.5,36548,394.893
16,17,3,1,5,202.5,30805.6,414.597
16,17,3,1,6,247.5,20274.2,243.388
16,17,3,1,7,292.5,12833.1,215.864
16,17,3,1,8,337.5,10244.5,198.528
16,17,3,2,1,22.5,4629.73,90.3043
16,17,3,2,2,67.5,11029.3,154.061
16,17,3,2,3,112.5,25899,236.549
16,17,3,2,4,157.5,35527,286.27
16,17,3,2,5,202.5,27000.3,256.72
16,17,3,2,6,247.5,17034.5,223.664
16,17,3,2,7,292.5,12357.7,169.151
16,17,3,2,8,337.5,4996.34,96.2689
16,17,3,3,1,22.5,2467.07,56.2755
16,17,3,3,2,67.5,9237.3,121.183
16,17,3,3,3,112.5,19818.9,171.968
16,17,3,3,4,157.5,29538,218.128
16,17,3,3,5,202.5,21137.2,193.219
16,17,3,3,6,247.5,18014.2,174.379
16,17,3,3,7,292.5,13487.6,144.869
16,17,3,3,8,337.5,2252.05,54.2487
16,17,3,4,1,22.5,1299.19,39.1392
16,17,3,4,2,67.5,9320.51,108.183
16,17,3,4,3,112.5,14567.4,143.764
16,17,3,4,4,157.5,21586.8,176.611
16,17,3,4,5,202.5,15393.6,148.201
16,17,3,4,6,247.5,15815.7,141
16,17,3,4,7,292.5,12397.6,124.367
16,17,3,4,8,337.5,1210.64,37.3738
16,17,3,5,1,22.5,1877.7,46.2364
16,17,3,5,2,67.5,16944.2,141.595
16,17,3,5,3,112.5,19904.8,157.272
16,17,3,5,4,157.5,28000.1,222.217
16,17,3,5,5,202.5,19794.4,186.294
16,17,3,5,6,247.5,24714,215.289
16,17,3,5,7,292.5,18761,151.541
16,17,3,5,8,337.5,2175.18,49.138
16,17,3,6,1,22.5,1631.43,42.1438
16,17,3,6,2,67.5,12021.5,114.916
16,17,3,6,3,112.5,11485.5,113.894
16,17,3,6,4,157.5,13616,132.855
16,17,3,6,5,202.5,9915.19,126.493
16,17,3,6,6,247.5,14697.8,132.787
16,17,3,6,7,292.5,11049.7,110.411
16,17,3,6,8,337.5,1450.51,40.229
16,17,3,7,1,22.5,1198.7,37.0126
16,17,3,7,2,67.5,7062.08,87.5096
16,17,3,7,3,112.5,6380.14,84.6033
16,17,3,7,4,157.5,6673.03,88.3585
16,17,3,7,5,202.5,5154.3,78.5985
16,17,3,7,6,247.5,8465.6,98.051
16,17,3,7,7,292.5,5606.3,78.4233
16,17,3,7,8,337.5,1354.49,38.2224
16,17,3,8,1,22.5,1159.32,35.4609
16,17,3,8,2,67.5,4721.68,71.0741
16,17,3,8,3,112.5,4407.05,69.1925
16,17,3,8,4,157.5,3987.2,68.0544
16,17,3,8,5,202.5,2992.67,58.4031
16,17,3,8,6,247.5,5629.2,78.4571
16,17,3,8,7,292.5,3832.89,63.9951
16,17,3,8,8,337.5,1361.41,38.897
16,17,3,9,1,22.5,489.126,22.6954
16,17,3,9,2,67.5,1400.94,38.4177
16,17,3,9,3,112.5,1418.22,38.5689
16,17,3,9,4,157.5,1088.93,34.0518
16,17,3,9,5,202.5,816.1,29.4096
16,17,3,9,6,247.5,1684.04,42.4195
16,17,3,9,7,292.5,1138.97,34.6603
16,17,3,9,8,337.5,513.64,23.7135
16,17,3,10,1,22.5,163.97,13.1824
16,17,3,10,2,67.5,382.871,20.2644
16,17,3,10,3,112.5,369.884,19.7219
16,17,3,10,4,157.5,259.098,16.7727
16,17,3,10,5,202.5,217.64,15.4419
16,17,3,10,6,247.5,452.6,21.8531
16,17,3,10,7,292.5,323.407,18.489
16,17,3,10,8,337.5,169.673,13.3859
16,17,3,11,1,22.5,0,0
16,17,3,11,2,67.5,13.9639,4.7118
16,17,3,11,3,112.5,41.5683,6.91135
16,17,3,11,4,157.5,0,0
16,17,3,11,5,202.5,0,0
16,17,3,11,6,247.5,0,0
16,17,3,11,7,292.5,15.6088,4.29558
16,17,3,11,8,337.5,0,0
16,17,4,1,1,22.5,10762,172.979
16,17,4,1,2,67.5,17107.7,176.754
16,17,4,1,3,112.5,24496.5,238.669
16,17,4,1,4,157.5,27946.2,261.635
16,17,4,1,5,202.5,23818.7,247.291
16,17,4,1,6,247.5,15901.2,191.634
16,17,4,1,7,292.5,10677.1,162.208
16,17,4,1,8,337.5,9331.44,138.729
16,17,4,2,1,22.5,3617.22,84.0193
16,17,4,2,2,67.5,10393.4,121.694
16,17,4,2,3,112.5,21142.6,191.454
16,17,4,2,4,157.5,27621.1,235.918
16,17,4,2,5,202.5,20614.6,203.523
16,17,4,2,6,247.5,11276.7,136.109
16,17,4,2,7,292.5,5931.16,104.17
16,17,4,2,8,337.5,2449.52,64.0217
16,17,4,3,1,22.5,1385.2,45.6345
16,17,4,3,2,67.5,5600.38,87.3013
16,17,4,3,3,112.5,15977.6,151.172
16,17,4,3,4,157.5,23084.4,197.108
16,17,4,3,5,202.5,16263.8,163.471
16,17,4,3,6,247.5,10659.9,120.626
16,17,4,3,7,292.5,7209.26,97.9354
16,17,4,3,8,337.5,1356.49,41.9521
16,17,4,4,1,22.5,671.486,28.5795
16,17,4,4,2,67.5,3893.82,68.152
16,17,4,4,3,112.5,11828,118.654
16,17,4,4,4,157.5,17980.7,152.847
16,17,4,4,5,202.5,12664.8,138.757
16,17,4,4,6,247.5,9778.82,124.924
16,17,4,4,7,292.5,7601.06,95.3572
16,17,4,4,8,337.5,794.561,31.1499
16,17,4,5,1,22.5,737.612,29.266
16,17,4,5,2,67.5,7844.38,95.9813
16,17,4,5,3,112.5,15170,134.21
16,17,4,5,4,157.5,25187.8,191.049
16,17,4,5,5,202.5,17247.1,153.874
16,17,4,5,6,247.5,15970.1,147.819
16,17,4,5,7,292.5,12690.6,120.452
16,17,4,5,8,337.5,779.287,30.0993
16,17,4,6,1,22.5,347.833,19.6897
16,17,4,6,2,67.5,6916.23,88.4218
16,17,4,6,3,112.5,8736.49,98.5278
16,17,4,6,4,157.5,14187.9,131.179
16,17,4,6,5,202.5,9833.45,110.305
16,17,4,6,6,247.5,10746.3,111.331
16,17,4,6,7,292.5,8541.1,97.3417
16,17,4,6,8,337.5,369.964,20.394
16,17,4,7,1,22.5,217.86,14.9415
16,17,4,7,2,67.5,4924.9,72.9811
16,17,4,7,3,112.5,5030.73,74.1403
16,17,4,7,4,157.5,8079.62,108.366
16,17,4,7,5,202.5,5678.94,82.3092
16,17,4,7,6,247.5,6552.61,85.7567
16,17,4,7,7,292.5,5006.18,73.2464
16,17,4,7,8,337.5,177.373,14.1413
16,17,4,8,1,22.5,244.519,16.4064
16,17,4,8,2,67.5,4177.47,67.6255
16,17,4,8,3,112.5,4004.41,65.4959
16,17,4,8,4,157.5,5458.3,79.0191
16,17,4,8,5,202.5,4186.31,70.2148
16,17,4,8,6,247.5,5226.74,75.8566
16,17,4,8,7,292.5,3541.53,61.3595
16,17,4,8,8,337.5,221.087,15.6137
16,17,4,9,1,22.5,156.449,13.1748
16,17,4,9,2,67.5,1787.83,43.1633
16,17,4,9,3,112.5,1625.82,41.5172
16,17,4,9,4,157.5,2177.82,48.0519
16,17,4,9,5,202.5,1663.25,42.7472
16,17,4,9,6,247.5,2386.9,50.2624
16,17,4,9,7,292.5,1244.38,36.1947
16,17,4,9,8,337.5,194.829,14.5105
16,17,4,10,1,22.5,148.758,12.6031
16,17,4,10,2,67.5,851.769,29.8158
16,17,4,10,3,112.5,829.184,29.4389
16,17,4,10,4,157.5,946.349,31.6538
16,17,4,10,5,202.5,683.24,27.1652
16,17,4,10,6,247.5,1125.61,34.3711
16,17,4,10,7,292.5,630.041,25.6498
16,17,4,10,8,337.5,168.865,13.4212
16,17,4,11,1,22.5,108.508,10.845
16,17,4,11,2,67.5,268.302,16.8924
16,17,4,11,3,112.5,285.916,17.3585
16,17,4,11,4,157.5,271.509,17.1638
16,17,4,11,5,202.5,215.974,15.3562
16,17,4,11,6,247.5,341.575,18.8898
16,17,4,11,7,292.5,232.563,15.6001
16,17,4,11,8,337.5,108.536,10.7683
16,17,5,1,1,22.5,8515.96,114.221
16,17,5,1,2,67.5,12023.1,144.35
16,17,5,1,3,112.5,15866,164.179
16,17,5,1,4,157.5,17832.3,192.776
16,17,5,1,5,202.5,15290.5,168.016
16,17,5,1,6,247.5,10885.8,142.524
16,17,5,1,7,292.5,7689.95,107.394
16,17,5,1,8,337.5,7307.07,107.951
16,17,5,2,1,22.5,3324.26,70.5236
16,17,5,2,2,67.5,8164.09,102.644
16,17,5,2,3,112.5,13633.7,141.155
16,17,5,2,4,157.5,16448.4,160.395
16,17,5,2,5,202.5,12541.5,138.32
16,17,5,2,6,247.5,6981.28,101.967
16,17,5,2,7,292.5,3297.63,73.3581
16,17,5,2,8,337.5,2158.87,61.055
16,17,5,3,1,22.5,1287.03,41.2984
16,17,5,3,2,67.5,4585.27,73.2195
16,17,5,3,3,112.5,10560,113.825
16,17,5,3,4,157.5,13839.2,133.831
16,17,5,3,5,202.5,9815.39,116.724
16,17,5,3,6,247.5,5864.48,88.8313
16,17,5,3,7,292.5,3159.68,64.0794
16,17,5,3,8,337.5,610.183,28.0401
16,17,5,4,1,22.5,420.634,22.1594
16,17,5,4,2,67.5,2365.22,51.9938
16,17,5,4,3,112.5,7797.97,104.643
16,17,5,4,4,157.5,11266.7,119.558
16,17,5,4,5,202.5,7761.28,103.845
16,17,5,4,6,247.5,4963.83,77.8911
16,17,5,4,7,292.5,3426.27,61.9867
16,17,5,4,8,337.5,256.135,17.7613
16,17,5,5,1,22.5,167.054,14.7982
16,17,5,5,2,67.5,3147.28,60.6301
16,17,5,5,3,112.5,10212.4,117.207
16,17,5,5,4,157.5,15977.4,178.883
16,17,5,5,5,202.5,11121.9,121.563
16,17,5,5,6,247.5,8569.14,113.861
16,17,5,5,7,292.5,6272.12,83.0189
16,17,5,5,8,337.5,341.289,20.1218
16,17,5,6,1,22.5,104.587,11.1608
16,17,5,6,2,67.5,2657.18,53.3964
16,17,5,6,3,112.5,5504.36,79.1089
16,17,5,6,4,157.5,9478.58,105.098
16,17,5,6,5,202.5,6466.49,88.047
16,17,5,6,6,247.5,5720.1,79.3506
16,17,5,6,7,292.5,4741.39,71.2386
16,17,5,6,8,337.5,145.218,12.7003
16,17,5,7,1,22.5,64.686,8.55852
16,17,5,7,2,67.5,2085.91,46.7922
16,17,5,7,3,112.5,3206.85,59.6819
16,17,5,7,4,157.5,5309.46,77.0728
16,17,5,7,5,202.5,3861.76,79.3054
16,17,5,7,6,247.5,3799.49,63.9105
16,17,5,7,7,292.5,2852.39,54.5262
16,17,5,7,8,337.5,60.1631,8.31032
16,17,5,8,1,22.5,59.9665,8.4115
16,17,5,8,2,67.5,1967.16,45.267
16,17,5,8,3,112.5,2349.82,50.0014
16,17,5,8,4,157.5,4032.18,67.4074
16,17,5,8,5,202.5,2727.76,55.3294
16,17,5,8,6,247.5,3166.27,58.032
16,17,5,8,7,292.5,2345.47,49.7308
16,17,5,8,8,337.5,19.0056,4.99887
16,17,5,9,1,22.5,15.7614,4.11963
16,17,5,9,2,67.5,853.334,29.8912
16,17,5,9,3,112.5,897.951,30.8557
16,17,5,9,4,157.5,1510.6,40.1969
16,17,5,9,5,202.5,1147.74,34.9963
16,17,5,9,6,247.5,1292.69,36.8683
16,17,5,9,7,292.5,803.026,29.0475
16,17,5,9,8,337.5,0,0
16,17,5,10,1,22.5,0,0
16,17,5,10,2,67.5,437.285,21.3334
16,17,5,10,3,112.5,432.818,21.5362
16,17,5,10,4,157.5,696.48,27.2433
16,17,5,10,5,202.5,435.728,21.4103
16,17,5,10,6,247.5,590.827,24.9229
16,17,5,10,7,292.5,338.513,18.8785
16,17,5,10,8,337.5,40.2677,6.7514
16,17,5,11,1,22.5,13.5366,4.0849
16,17,5,11,2,67.5,118.864,11.2171
16,17,5,11,3,112.5,146.065,12.4946
16,17,5,11,4,157.5,180.868,13.8965
16,17,5,11,5,202.5,134.441,12.0361
16,17,5,11,6,247.5,186.671,14.014
16,17,5,11,7,292.5,49.5161,7.33193
16,17,5,11,8,337.5,0,0
16,17,6,1,1,22.5,4095.86,76.7477
16,17,6,1,2,67.5,5671.3,84.7597
16,17,6,1,3,112.5,7259.31,98.2124
16,17,6,1,4,157.5,7895.24,108.648
16,17,6,1,5,202.5,7112.42,98.2003
16,17,6,1,6,247.5,5048.25,90.4683
16,17,6,1,7,292.5,3917.68,71.6526
16,17,6,1,8,337.5,3648.93,69.9362
16,17,6,2,1,22.5,1693.86,49.6338
16,17,6,2,2,67.5,3931.41,71.4851
16,17,6,2,3,112.5,6275.31,87.8894
16,17,6,2,4,157.5,7119.9,94.591
16,17,6,2,5,202.5,5646.57,87.0935
16,17,6,2,6,247.5,3225.16,65.8144
16,17,6,2,7,292.5,1550.19,43.1066
16,17,6,2,8,337.5,1093.76,36.7585
16,17,6,3,1,22.5,701.467,28.9262
16,17,6,3,2,67.5,2500.14,53.2702
16,17,6,3,3,112.5,4915.49,74.2368
16,17,6,3,4,157.5,5959.47,89.5321
16,17,6,3,5,202.5,4422.52,77.9077
16,17,6,3,6,247.5,2414.31,52.0484
16,17,6,3,7,292.5,1101.87,35.0426
16,17,6,3,8,337.5,332.126,20.9098
16,17,6,4,1,22.5,234.229,16.1804
16,17,6,4,2,67.5,1418.48,40.1849
16,17,6,4,3,112.5,3689.7,70.8704
16,17,6,4,4,157.5,4534.6,72.3944
16,17,6,4,5,202.5,3266.47,62.2473
16,17,6,4,6,247.5,1945.18,46.9238
16,17,6,4,7,292.5,1122.1,35.3596
16,17,6,4,8,337.5,91.9521,10.5013
16,17,6,5,1,22.5,84.7451,9.78067
16,17,6,5,2,67.5,1244.29,36.6507
16,17,6,5,3,112.5,4743.45,74.3374
16,17,6,5,4,157.5,6873.51,92.442
16,17,6,5,5,202.5,4605.5,73.7618
16,17,6,5,6,247.5,3100.36,59.0374
16,17,6,5,7,292.5,2150.65,48.5134
16,17,6,5,8,337.5,57.238,8.07452
16,17,6,6,1,22.5,0,0
16,17,6,6,2,67.5,646.595,26.355
16,17,6,6,3,112.5,2312.49,49.8794
16,17,6,6,4,157.5,3705.28,64.4228
16,17,6,6,5,202.5,2627.74,53.9033
16,17,6,6,6,247.5,2010.28,47.1417
16,17,6,6,7,292.5,1711.57,42.637
16,17,6,6,8,337.5,21.9037,5.14987
16,17,6,7,1,22.5,0,0
16,17,6,7,2,67.5,584.374,24.776
16,17,6,7,3,112.5,1283.45,37.3047
16,17,6,7,4,157.5,2026.3,48.8694
16,17,6,7,5,202.5,1475.43,40.1941
16,17,6,7,6,247.5,1340.56,37.6095
16,17,6,7,7,292.5,1000.28,32.8256
16,17,6,7,8,337.5,0,0
16,17,6,8,1,22.5,0,0
16,17,6,8,2,67.5,493.143,22.7531
16,17,6,8,3,112.5,849.725,30.1719
16,17,6,8,4,157.5,1504.52,40.2988
16,17,6,8,5,202.5,1068.08,34.0042
16,17,6,8,6,247.5,1069.82,33.6541
16,17,6,8,7,292.5,718.29,27.3793
16,17,6,8,8,337.5,0,0
16,17,6,9,1,22.5,0,0
16,17,6,9,2,67.5,255.034,16.4508
16,17,6,9,3,112.5,333.984,18.6999
16,17,6,9,4,157.5,544.546,24.5975
16,17,6,9,5,202.5,335.925,19.0513
16,17,6,9,6,247.5,398.98,20.5134
16,17,6,9,7,292.5,290.614,17.5627
16,17,6,9,8,337.5,0,0
16,17,6,10,1,22.5,0,0
16,17,6,10,2,67.5,88.3178,9.69354
16,17,6,10,3,112.5,121.484,11.452
16,17,6,10,4,157.5,135.79,12.1994
16,17,6,10,5,202.5,120.162,11.3758
16,17,6,10,6,247.5,139.684,12.1996
16,17,6,10,7,292.5,74.4463,8.99778
16,17,6,10,8,337.5,0,0
16,17,6,11,1,22.5,0,0
16,17,6,11,2,67.5,0,0
16,17,6,11,3,112.5,0,0
16,17,6,11,4,157.5,0,0
16,17,6,11,5,202.5,0,0
16,17,6,11,6,247.5,0,0
16,17,6,11,7,292.5,0,0
16,17,6,11,8,337.5,0,0
16,17,7,1,1,22.5,978.568,36.2757
16,17,7,1,2,67.5,1319.98,43.4396
16,17,7,1,3,112.5,1700.31,45.9708
16,17,7,1,4,157.5,1873.62,50.61
16,17,7,1,5,202.5,1638.39,49.3062
16,17,7,1,6,247.5,1276.18,38.9243
16,17,7,1,7,292.5,926.884,35.8583
16,17,7,1,8,337.5,882.214,33.3409
16,17,7,2,1,22.5,335.798,19.6684
16,17,7,2,2,67.5,887.241,31.6355
16,17,7,2,3,112.5,1375.62,40.9722
16,17,7,2,4,157.5,1587.72,44.93
16,17,7,2,5,202.5,1268.64,39.3075
16,17,7,2,6,247.5,669.833,28.4726
16,17,7,2,7,292.5,295.936,19.2124
16,17,7,2,8,337.5,229.131,16.0592
16,17,7,3,1,22.5,80.2572,9.32698
16,17,7,3,2,67.5,490.878,23.2944
16,17,7,3,3,112.5,1013.8,33.9668
16,17,7,3,4,157.5,1305.07,39.283
16,17,7,3,5,202.5,928.669,32.3872
16,17,7,3,6,247.5,498.393,23.8117
16,17,7,3,7,292.5,120.923,11.3032
16,17,7,3,8,337.5,40.552,7.24442
16,17,7,4,1,22.5,0,0
16,17,7,4,2,67.5,307.029,18.1863
16,17,7,4,3,112.5,745.025,28.4233
16,17,7,4,4,157.5,960.866,32.3485
16,17,7,4,5,202.5,679.253,27.3347
16,17,7,4,6,247.5,338.531,19.3018
16,17,7,4,7,292.5,197.068,14.7121
16,17,7,4,8,337.5,0,0
16,17,7,5,1,22.5,9.9473,3.44825
16,17,7,5,2,67.5,239.818,16.0558
16,17,7,5,3,112.5,898.473,31.196
16,17,7,5,4,157.5,1300.36,37.9479
16,17,7,5,5,202.5,867.569,31.1571
16,17,7,5,6,247.5,566.229,24.6295
16,17,7,5,7,292.5,335.376,19.1946
16,17,7,5,8,337.5,0,0
16,17,7,6,1,22.5,0,0
16,17,7,6,2,67.5,89.7439,10.0188
16,17,7,6,3,112.5,392.199,20.563
16,17,7,6,4,157.5,603.494,26.5631
16,17,7,6,5,202.5,443.45,21.6685
16,17,7,6,6,247.5,291.458,17.842
16,17,7,6,7,292.5,192.82,14.4799
16,17,7,6,8,337.5,0,0
16,17,7,7,1,22.5,0,0
16,17,7,7,2,67.5,20.7406,4.96245
16,17,7,7,3,112.5,116.474,11.233
16,17,7,7,4,157.5,286.526,17.3904
16,17,7,7,5,202.5,173.182,13.7944
16,17,7,7,6,247.5,141.532,12.3247
16,17,7,7,7,292.5,105.236,11.1245
16,17,7,7,8,337.5,0,0
16,17,7,8,1,22.5,0,0
16,17,7,8,2,67.5,0,0
16,17,7,8,3,112.5,71.9053,9.08081
16,17,7,8,4,157.5,106.528,10.8989
16,17,7,8,5,202.5,82.6444,9.33748
16,17,7,8,6,247.5,82.6622,9.66978
16,17,7,8,7,292.5,44.6818,7.15492
16,17,7,8,8,337.5,0,0
16,17,7,9,1,22.5,0,0
16,17,7,9,2,67.5,0,0
16,17,7,9,3,112.5,0,0
16,17,7,9,4,157.5,11.9929,3.77715
16,17,7,9,5,202.5,0,0
16,17,7,9,6,247.5,0,0
16,17,7,9,7,292.5,0,0
16,17,7,9,8,337.5,0,0
16,17,7,10,1,22.5,0,0
16,17,7,10,2,67.5,0,0
16,17,7,10,3,112.5,0,0
16,17,7,10,4,157.5,0,0
16,17,7,10,5,202.5,0,0
16,17,7,10,6,247.5,0,0
16,17,7,10,7,292.5,0,0
16,17,7,10,8,337.5,0,0
16,17,7,11,1,22.5,0,0
16,17,7,11,2,67.5,0,0
16,17,7,11,3,112.5,0,0
16,17,7,11,4,157.5,0,0
16,17,7,11,5,202.5,0,0
16,17,7,11,6,247.5,0,0
16,17,7,11,7,292.5,0,0
16,17,7,11,8,337.5,0,0
16,17,8,1,1,22.5,0,0
16,17,8,1,2,67.5,20.3003,4.76084
16,17,8,1,3,112.5,23.418,5.07371
16,17,8,1,4,157.5,42.4483,6.87748
16,17,8,1,5,202.5,0,0
16,17,8,1,6,247.5,20.4691,4.96244
16,17,8,1,7,292.5,19.1924,5.07375
16,17,8,1,8,337.5,0,0
16,17,8,2,1,22.5,0,0
16,17,8,2,2,67.5,0,0
16,17,8,2,3,112.5,26.7603,5.76375
16,17,8,2,4,157.5,0,0
16,17,8,2,5,202.5,12.6364,4.04927
16,17,8,2,6,247.5,0,0
16,17,8,2,7,292.5,0,0
16,17,8,2,8,337.5,0,0
16,17,8,3,1,22.5,0,0
16,17,8,3,2,67.5,0,0
16,17,8,3,3,112.5,0,0
16,17,8,3,4,157.5,0,0
16,17,8,3,5,202.5,0,0
16,17,8,3,6,247.5,0,0
16,17,8,3,7,292.5,0,0
16,17,8,3,8,337.5,0,0
16,17,8,4,1,22.5,0,0
16,17,8,4,2,67.5,0,0
16,17,8,4,3,112.5,0,0
16,17,8,4,4,157.5,0,0
16,17,8,4,5,202.5,0,0
16,17,8,4,6,247.5,0,0
16,17,8,4,7,292.5,0,0
16,17,8,4,8,337.5,0,0
16,17,8,5,1,22.5,0,0
16,17,8,5,2,67.5,0,0
16,17,8,5,3,112.5,0,0
16,17,8,5,4,157.5,0,0
16,17,8,5,5,202.5,0,0
16,17,8,5,6,247.5,0,0
16,17,8,5,7,292.5,0,0
16,17,8,5,8,337.5,0,0
16,17,8,6,1,22.5,0,0
16,17,8,6,2,67.5,0,0
16,17,8,6,3,112.5,0,0
16,17,8,6,4,157.5,0,0
16,17,8,6,5,202.5,0,0
16,17,8,6,6,247.5,0,0
16,17,8,6,7,292.5,0,0
16,17,8,6,8,337.5,0,0
16,17,8,7,1,22.5,0,0
16,17,8,7,2,67.5,0,0
16,17,8,7,3,112.5,0,0
16,17,8,7,4,157.5,0,0
16,17,8,7,5,202.5,0,0
16,17,8,7,6,247.5,0,0
16,17,8,7,7,292.5,0,0
16,17,8,7,8,337.5,0,0
16,17,8,8,1,22.5,0,0
16,17,8,8,2,67.5,0,0
16,17,8,8,3,112.5,0,0
16,17,8,8,4,157.5,0,0
16,17,8,8,5,202.5,0,0
16,17,8,8,6,247.5,0,0
16,17,8,8,7,292.5,0,0
16,17,8,8,8,337.5,0,0
16,17,8,9,1,22.5,0,0
16,17,8,9,2,67.5,0,0
16,17,8,9,3,112.5,0,0
16,17,8,9,4,157.5,0,0
16,17,8,9,5,202.5,0,0
16,17,8,9,6,247.5,0,0
16,17,8,9,7,292.5,0,0
16,17,8,9,8,337.5,0,0
16,17,8,10,1,22.5,0,0
16,17,8,10,2,67.5,0,0
16,17,8,10,3,112.5,0,0
16,17,8,10,4,157.5,0,0
16,17,8,10,5,202.5,0,0
16,17,8,10,6,247.5,0,0
16,17,8,10,7,292.5,0,0
16,17,8,10,8,337.5,0,0
16,17,8,11,1,22.5,0,0
16,17,8,11,2,67.5,0,0
16,17,8,11,3,112.5,0,0
16,17,8,11,4,157.5,0,0
16,17,8,11,5,202.5,0,0
16,17,8,11,6,247.5,0,0
16,17,8,11,7,292.5,0,0
16,17,8,11,8,337.5,0,0
17,18,1,1,1,22.5,0,0
17,18,1,1,2,67.5,0,0
17,18,1,1,3,112.5,0,0
17,18,1,1,4,157.5,0,0
17,18,1,1,5,202.5,0,0
17,18,1,1,6,247.5,0,0
17,18,1,1,7,292.5,0,0
17,18,1,1,8,337.5,0,0
17,18,1,2,1,22.5,0,0
17,18,1,2,2,67.5,0,0
17,18,1,2,3,112.5,0,0
17,18,1,2,4,157.5,0,0
17,18,1,2,5,202.5,0,0
17,18,1,2,6,247.5,0,0
17,18,1,2,7,292.5,0,0
17,18,1,2,8,337.5,0,0
17,18,1,3,1,22.5,0,0
17,18,1,3,2,67.5,0,0
17,18,1,3,3,112.5,0,0
17,18,1,3,4,157.5,0,0
17,18,1,3,5,202.5,0,0
17,18,1,3,6,247.5,0,0
17,18,1,3,7,292.5,0,0
17,18,1,3,8,337.5,0,0
17,18,1,4,1,22.5,0,0
17,18,1,4,2,67.5,0,0
17,18,1,4,3,112.5,0,0
17,18,1,4,4,157.5,0,0
17,18,1,4,5,202.5,0,0
17,18,1,4,6,247.5,0,0
17,18,1,4,7,292.5,0,0
17,18,1,4,8,337.5,0,0
17,18,1,5,1,22.5,0,0
17,18,1,5,2,67.5,0,0
17,18,1,5,3,112.5,0,0
17,18,1,5,4,157.5,0,0
17,18,1,5,5,202.5,0,0
17,18,1,5,6,247.5,0,0
17,18,1,5,7,292.5,0,0
17,18,1,5,8,337.5,0,0
17,18,1,6,1,22.5,0,0
17,18,1,6,2,67.5,0,0
17,18,1,6,3,112.5,0,0
17,18,1,6,4,157.5,0,0
17,18,1,6,5,202.5,0,0
17,18,1,6,6,247.5,0,0
17,18,1,6,7,292.5,0,0
17,18,1,6,8,337.5,0,0
17,18,1,7,1,22.5,0,0
17,18,1,7,2,67.5,0,0
17,18,1,7,3,112.5,0,0
17,18,1,7,4,157.5,0,0
17,18,1,7,5,202.5,0,0
17,18,1,7,6,247.5,0,0
17,18,1,7,7,292.5,0,0
17,18,1,7,8,337.5,0,0
17,18,1,8,1,22.5,0,0
17,18,1,8,2,67.5,0,0
17,18,1,8,3,112.5,0,0
17,18,1,8,4,157.5,0,0
17,18,1,8,5,202.5,0,0
17,18,1,8,6,247.5,0,0
17,18,1,8,7,292.5,0,0
17,18,1,8,8,337.5,0,0
17,18,1,9,1,22.5,0,0
17,18,1,9,2,67.5,0,0
17,18,1,9,3,112.5,0,0
17,18,1,9,4,157.5,0,0
17,18,1,9,5,202.5,0,0
17,18,1,9,6,247.5,0,0
17,18,1,9,7,292.5,0,0
17,18,1,9,8,337.5,0,0
17,18,1,10,1,22.5,0,0
17,18,1,10,2,67.5,0,0
17,18,1,10,3,112.5,0,0
17,18,1,10,4,157.5,0,0
17,18,1,10,5,202.5,0,0
17,18,1,10,6,247.5,0,0
17,18,1,10,7,292.5,0,0
17,18,1,10,8,337.5,0,0
17,18,1,11,1,22.5,0,0
17,18,1,11,2,67.5,0,0
17,18,1,11,3,112.5,0,0
17,18,1,11,4,157.5,0,0
17,18,1,11,5,202.5,0,0
17,18,1,11,6,247.5,0,0
17,18,1,11,7,292.5,0,0
17,18,1,11,8,337.5,0,0
17,18,2,1,1,22.5,0,0
17,18,2,1,2,67.5,0,0
17,18,2,1,3,112.5,0,0
17,18,2,1,4,157.5,0,0
17,18,2,1,5,202.5,0,0
17,18,2,1,6,247.5,0,0
17,18,2,1,7,292.5,0,0
17,18,2,1,8,337.5,0,0
17,18,2,2,1,22.5,0,0
17,18,2,2,2,67.5,0,0
17,18,2,2,3,112.5,0,0
17,18,2,2,4,157.5,0,0
17,18,2,2,5,202.5,0,0
17,18,2,2,6,247.5,0,0
17,18,2,2,7,292.5,0,0
17,18,2,2,8,337.5,0,0
17,18,2,3,1,22.5,0,0
17,18,2,3,2,67.5,0,0
17,18,2,3,3,112.5,0,0
17,18,2,3,4,157.5,0,0
17,18,2,3,5,202.5,0,0
17,18,2,3,6,247.5,0,0
17,18,2,3,7,292.5,0,0
17,18,2,3,8,337.5,0,0
17,18,2,4,1,22.5,0,0
17,18,2,4,2,67.5,0,0
17,18,2,4,3,112.5,0,0
17,18,2,4,4,157.5,0,0
17,18,2,4,5,202.5,0,0
17,18,2,4,6,247.5,0,0
17,18,2,4,7,292.5,0,0
17,18,2,4,8,337.5,0,0
17,18,2,5,1,22.5,0,0
17,18,2,5,2,67.5,0,0
17,18,2,5,3,112.5,0,0
17,18,2,5,4,157.5,0,0
17,18,2,5,5,202.5,0,0
17,18,2,5,6,247.5,0,0
17,18,2,5,7,292.5,0,0
17,18,2,5,8,337.5,0,0
17,18,2,6,1,22.5,0,0
17,18,2,6,2,67.5,0,0
17,18,2,6,3,112.5,0,0
17,18,2,6,4,157.5,0,0
17,18,2,6,5,202.5,0,0
17,18,2,6,6,247.5,0,0
17,18,2,6,7,292.5,0,0
17,18,2,6,8,337.5,0,0
17,18,2,7,1,22.5,0,0
17,18,2,7,2,67.5,0,0
17,18,2,7,3,112.5,0,0
17,18,2,7,4,157.5,0,0
17,18,2,7,5,202.5,0,0
17,18,2,7,6,247.5,0,0
17,18,2,7,7,292.5,0,0
17,18,2,7,8,337.5,0,0
17,18,2,8,1,22.5,0,0
17,18,2,8,2,67.5,0,0
17,18,2,8,3,112.5,0,0
17,18,2,8,4,157.5,0,0
17,18,2,8,5,202.5,0,0
17,18,2,8,6,247.5,0,0
17,18,2,8,7,292.5,0,0
17,18,2,8,8,337.5,0,0
17,18,2,9,1,22.5,0,0
17,18,2,9,2,67.5,0,0
17,18,2,9,3,112.5,0,0
17,18,2,9,4,157.5,0,0
17,18,2,9,5,202.5,0,0
17,18,2,9,6,247.5,0,0
17,18,2,9,7,292.5,0,0
17,18,2,9,8,337.5,0,0
17,18,2,10,1,22.5,0,0
17,18,2,10,2,67.5,0,0
17,18,2,10,3,112.5,0,0
17,18,2,10,4,157.5,0,0
17,18,2,10,5,202.5,0,0
17,18,2,10,6,247.5,0,0
17,18,2,10,7,292.5,0,0
17,18,2,10,8,337.5,0,0
17,18,2,11,1,22.5,0,0
17,18,2,11,2,67.5,0,0
17,18,2,11,3,112.5,0,0
17,18,2,11,4,157.5,0,0
17,18,2,11,5,202.5,0,0
17,18,2,11,6,247.5,0,0
17,18,2,11,7,292.5,0,0
17,18,2,11,8,337.5,0,0
17,18,3,1,1,22.5,0,0
17,18,3,1,2,67.5,0,0
17,18,3,1,3,112.5,0,0
17,18,3,1,4,157.5,0,0
17,18,3,1,5,202.5,0,0
17,18,3,1,6,247.5,0,0
17,18,3,1,7,292.5,0,0
17,18,3,1,8,337.5,0,0
17,18,3,2,1,22.5,0,0
17,18,3,2,2,67.5,0,0
17,18,3,2,3,112.5,0,0
17,18,3,2,4,157.5,0,0
17,18,3,2,5,202.5,0,0
17,18,3,2,6,247.5,0,0
17,18,3,2,7,292.5,0,0
17,18,3,2,8,337.5,0,0
17,18,3,3,1,22.5,0,0
17,18,3,3,2,67.5,0,0
17,18,3,3,3,112.5,0,0
17,18,3,3,4,157.5,0,0
17,18,3,3,5,202.5,0,0
17,18,3,3,6,247.5,0,0
17,18,3,3,7,292.5,0,0
17,18,3,3,8,337.5,0,0
17,18,3,4,1,22.5,0,0
17,18,3,4,2,67.5,0,0
17,18,3,4,3,112.5,0,0
17,18,3,4,4,157.5,0,0
17,18,3,4,5,202.5,0,0
17,18,3,4,6,247.5,0,0
17,18,3,4,7,292.5,0,0
17,18,3,4,8,337.5,0,0
17,18,3,5,1,22.5,0,0
17,18,3,5,2,67.5,0,0
17,18,3,5,3,112.5,0,0
17,18,3,5,4,157.5,0,0
17,18,3,5,5,202.5,0,0
17,18,3,5,6,247.5,0,0
17,18,3,5,7,292.5,0,0
17,18,3,5,8,337.5,0,0
17,18,3,6,1,22.5,0,0
17,18,3,6,2,67.5,0,0
17,18,3,6,3,112.5,0,0
17,18,3,6,4,157.5,0,0
17,18,3,6,5,202.5,0,0
17,18,3,6,6,247.5,0,0
17,18,3,6,7,292.5,0,0
17,18,3,6,8,337.5,0,0
17,18,3,7,1,22.5,0,0
17,18,3,7,2,67.5,0,0
17,18,3,7,3,112.5,0,0
17,18,3,7,4,157.5,0,0
17,18,3,7,5,202.5,0,0
17,18,3,7,6,247.5,0,0
17,18,3,7,7,292.5,0,0
17,18,3,7,8,337.5,0,0
17,18,3,8,1,22.5,0,0
17,18,3,8,2,67.5,0,0
17,18,3,8,3,112.5,0,0
17,18,3,8,4,157.5,0,0
17,18,3,8,5,202.5,0,0
17,18,3,8,6,247.5,0,0
17,18,3,8,7,292.5,0,0
17,18,3,8,8,337.5,0,0
17,18,3,9,1,22.5,0,0
17,18,3,9,2,67.5,0,0
17,18,3,9,3,112.5,0,0
17,18,3,9,4,157.5,0,0
17,18,3,9,5,202.5,0,0
17,18,3,9,6,247.5,0,0
17,18,3,9,7,292.5,0,0
17,18,3,9,8,337.5,0,0
17,18,3,10,1,22.5,0,0
17,18,3,10,2,67.5,0,0
17,18,3,10,3,112.5,0,0
17,18,3,10,4,157.5,0,0
17,18,3,10,5,202.5,0,0
17,18,3,10,6,247.5,0,0
17,18,3,10,7,292.5,0,0
17,18,3,10,8,337.5,0,0
17,18,3,11,1,22.5,0,0
17,18,3,11,2,67.5,0,0
17,18,3,11,3,112.5,0,0
17,18,3,11,4,157.5,0,0
17,18,3,11,5,202.5,0,0
17,18,3,11,6,247.5,0,0
17,18,3,11,7,292.5,0,0
17,18,3,11,8,337.5,0,0
17,18,4,1,1,22.5,0,0
17,18,4,1,2,67.5,0,0
17,18,4,1,3,112.5,0,0
17,18,4,1,4,157.5,0,0
17,18,4,1,5,202.5,0,0
17,18,4,1,6,247.5,0,0
17,18,4,1,7,292.5,0,0
17,18,4,1,8,337.5,0,0
17,18,4,2,1,22.5,0,0
17,18,4,2,2,67.5,0,0
17,18,4,2,3,112.5,0,0
17,18,4,2,4,157.5,0,0
17,18,4,2,5,202.5,0,0
17,18,4,2,6,247.5,0,0
17,18,4,2,7,292.5,0,0
17,18,4,2,8,337.5,0,0
17,18,4,3,1,22.5,0,0
17,18,4,3,2,67.5,0,0
17,18,4,3,3,112.5,0,0
17,18,4,3,4,157.5,0,0
17,18,4,3,5,202.5,0,0
17,18,4,3,6,247.5,0,0
17,18,4,3,7,292.5,0,0
17,18,4,3,8,337.5,0,0
17,18,4,4,1,22.5,0,0
17,18,4,4,2,67.5,0,0
17,18,4,4,3,112.5,0,0
17,18,4,4,4,157.5,0,0
17,18,4,4,5,202.5,0,0
17,18,4,4,6,247.5,0,0
17,18,4,4,7,292.5,0,0
17,18,4,4,8,337.5,0,0
17,18,4,5,1,22.5,0,0
17,18,4,5,2,67.5,0,0
17,18,4,5,3,112.5,0,0
17,18,4,5,4,157.5,0,0
17,18,4,5,5,202.5,0,0
17,18,4,5,6,247.5,0,0
17,18,4,5,7,292.5,0,0
17,18,4,5,8,337.5,0,0
17,18,4,6,1,22.5,0,0
17,18,4,6,2,67.5,0,0
17,18,4,6,3,112.5,0,0
17,18,4,6,4,157.5,0,0
17,18,4,6,5,202.5,0,0
17,18,4,6,6,247.5,0,0
17,18,4,6,7,292.5,0,0
17,18,4,6,8,337.5,0,0
17,18,4,7,1,22.5,0,0
17,18,4,7,2,67.5,0,0
17,18,4,7,3,112.5,0,0
17,18,4,7,4,157.5,0,0
17,18,4,7,5,202.5,0,0
17,18,4,7,6,247.5,0,0
17,18,4,7,7,292.5,0,0
17,18,4,7,8,337.5,0,0
17,18,4,8,1,22.5,0,0
17,18,4,8,2,67.5,0,0
17,18,4,8,3,112.5,0,0
17,18,4,8,4,157.5,0,0
17,18,4,8,5,202.5,0,0
17,18,4,8,6,247.5,0,0
17,18,4,8,7,292.5,0,0
17,18,4,8,8,337.5,0,0
17,18,4,9,1,22.5,0,0
17,18,4,9,2,67.5,0,0
17,18,4,9,3,112.5,0,0
17,18,4,9,4,157.5,0,0
17,18,4,9,5,202.5,0,0
17,18,4,9,6,247.5,0,0
17,18,4,9,7,292.5,0,0
17,18,4,9,8,337.5,0,0
17,18,4,10,1,22.5,0,0
17,18,4,10,2,67.5,0,0
17,18,4,10,3,112.5,0,0
17,18,4,10,4,157.5,0,0
17,18,4,10,5,202.5,0,0
17,18,4,10,6,247.5,0,0
17,18,4,10,7,292.5,0,0
17,18,4,10,8,337.5,0,0
17,18,4,11,1,22.5,0,0
17,18,4,11,2,67.5,0,0
17,18,4,11,3,112.5,0,0
17,18,4,11,4,157.5,0,0
17,18,4,11,5,202.5,0,0
17,18,4,11,6,247.5,0,0
17,18,4,11,7,292.5,0,0
17,18,4,11,8,337.5,0,0
17,18,5,1,1,22.5,0,0
17,18,5,1,2,67.5,0,0
17,18,5,1,3,112.5,0,0
17,18,5,1,4,157.5,0,0
17,18,5,1,5,202.5,0,0
17,18,5,1,6,247.5,0,0
17,18,5,1,7,292.5,0,0
17,18,5,1,8,337.5,0,0
17,18,5,2,1,22.5,0,0
17,18,5,2,2,67.5,0,0
17,18,5,2,3,112.5,0,0
17,18,5,2,4,157.5,0,0
17,18,5,2,5,202.5,0,0
17,18,5,2,6,247.5,0,0
17,18,5,2,7,292.5,0,0
17,18,5,2,8,337.5,0,0
17,18,5,3,1,22.5,0,0
17,18,5,3,2,67.5,0,0
17,18,5,3,3,112.5,0,0
17,18,5,3,4,157.5,0,0
17,18,5,3,5,202.5,0,0
17,18,5,3,6,247.5,0,0
17,18,5,3,7,292.5,0,0
17,18,5,3,8,337.5,0,0
17,18,5,4,1,22.5,0,0
17,18,5,4,2,67.5,0,0
17,18,5,4,3,112.5,0,0
17,18,5,4,4,157.5,0,0
17,18,5,4,5,202.5,0,0
17,18,5,4,6,247.5,0,0
17,18,5,4,7,292.5,0,0
17,18,5,4,8,337.5,0,0
17,18,5,5,1,22.5,0,0
17,18,5,5,2,67.5,0,0
17,18,5,5,3,112.5,0,0
17,18,5,5,4,157.5,0,0
17,18,5,5,5,202.5,0,0
17,18,5,5,6,247.5,0,0
17,18,5,5,7,292.5,0,0
17,18,5,5,8,337.5,0,0
17,18,5,6,1,22.5,0,0
17,18,5,6,2,67.5,0,0
17,18,5,6,3,112.5,0,0
17,18,5,6,4,157.5,0,0
17,18,5,6,5,202.5,0,0
17,18,5,6,6,247.5,0,0
17,18,5,6,7,292.5,0,0
17,18,5,6,8,337.5,0,0
17,18,5,7,1,22.5,0,0
17,18,5,7,2,67.5,0,0
17,18,5,7,3,112.5,0,0
17,18,5,7,4,157.5,0,0
17,18,5,7,5,202.5,0,0
17,18,5,7,6,247.5,0,0
17,18,5,7,7,292.5,0,0
17,18,5,7,8,337.5,0,0
17,18,5,8,1,22.5,0,0
17,18,5,8,2,67.5,0,0
17,18,5,8,3,112.5,0,0
17,18,5,8,4,157.5,0,0
17,18,5,8,5,202.5,0,0
17,18,5,8,6,247.5,0,0
17,18,5,8,7,292.5,0,0
17,18,5,8,8,337.5,0,0
17,18,5,9,1,22.5,0,0
17,18,5,9,2,67.5,0,0
17,18,5,9,3,112.5,0,0
17,18,5,9,4,157.5,0,0
17,18,5,9,5,202.5,0,0
17,18,5,9,6,247.5,0,0
17,18,5,9,7,292.5,0,0
17,18,5,9,8,337.5,0,0
17,18,5,10,1,22.5,0,0
17,18,5,10,2,67.5,0,0
17,18,5,10,3,112.5,0,0
17,18,5,10,4,157.5,0,0
17,18,5,10,5,202.5,0,0
17,18,5,10,6,247.5,0,0
17,18,5,10,7,292.5,0,0
17,18,5,10,8,337.5,0,0
17,18,5,11,1,22.5,0,0
17,18,5,11,2,67.5,0,0
17,18,5,11,3,112.5,0,0
17,18,5,11,4,157.5,0,0
17,18,5,11,5,202.5,0,0
17,18,5,11,6,247.5,0,0
17,18,5,11,7,292.5,0,0
17,18,5,11,8,337.5,0,0
17,18,6,1,1,22.5,0,0
17,18,6,1,2,67.5,0,0
17,18,6,1,3,112.5,0,0
17,18,6,1,4,157.5,0,0
17,18,6,1,5,202.5,0,0
17,18,6,1,6,247.5,0,0
17,18,6,1,7,292.5,0,0
17,18,6,1,8,337.5,0,0
17,18,6,2,1,22.5,0,0
17,18,6,2,2,67.5,0,0
17,18,6,2,3,112.5,0,0
17,18,6,2,4,157.5,0,0
17,18,6,2,5,202.5,0,0
17,18,6,2,6,247.5,0,0
17,18,6,2,7,292.5,0,0
17,18,6,2,8,337.5,0,0
17,18,6,3,1,22.5,0,0
17,18,6,3,2,67.5,0,0
17,18,6,3,3,112.5,0,0
17,18,6,3,4,157.5,0,0
17,18,6,3,5,202.5,0,0
17,18,6,3,6,247.5,0,0
17,18,6,3,7,292.5,0,0
17,18,6,3,8,337.5,0,0
17,18,6,4,1,22.5,0,0
17,18,6,4,2,67.5,0,0
17,18,6,4,3,112.5,0,0
17,18,6,4,4,157.5,0,0
17,18,6,4,5,202.5,0,0
17,18,6,4,6,247.5,0,0
17,18,6,4,7,292.5,0,0
17,18,6,4,8,337.5,0,0
17,18,6,5,1,22.5,0,0
17,18,6,5,2,67.5,0,0
17,18,6,5,3,112.5,0,0
17,18,6,5,4,157.5,0,0
17,18,6,5,5,202.5,0,0
17,18,6,5,6,247.5,0,0
17,18,6,5,7,292.5,0,0
17,18,6,5,8,337.5,0,0
17,18,6,6,1,22.5,0,0
17,18,6,6,2,67.5,0,0
17,18,6,6,3,112.5,0,0
17,18,6,6,4,157.5,0,0
17,18,6,6,5,202.5,0,0
17,18,6,6,6,247.5,0,0
17,18,6,6,7,292.5,0,0
17,18,6,6,8,337.5,0,0
17,18,6,7,1,22.5,0,0
17,18,6,7,2,67.5,0,0
17,18,6,7,3,112.5,0,0
17,18,6,7,4,157.5,0,0
17,18,6,7,5,202.5,0,0
17,18,6,7,6,247.5,0,0
17,18,6,7,7,292.5,0,0
17,18,6,7,8,337.5,0,0
17,18,6,8,1,22.5,0,0
17,18,6,8,2,67.5,0,0
17,18,6,8,3,112.5,0,0
17,18,6,8,4,157.5,0,0
17,18,6,8,5,202.5,0,0
17,18,6,8,6,247.5,0,0
17,18,6,8,7,292.5,0,0
17,18,6,8,8,337.5,0,0
17,18,6,9,1,22.5,0,0
17,18,6,9,2,67.5,0,0
17,18,6,9,3,112.5,0,0
17,18,6,9,4,157.5,0,0
17,18,6,9,5,202.5,0,0
17,18,6,9,6,247.5,0,0
17,18,6,9,7,292.5,0,0
17,18,6,9,8,337.5,0,0
17,18,6,10,1,22.5,0,0
17,18,6,10,2,67.5,0,0
17,18,6,10,3,112.5,0,0
17,18,6,10,4,157.5,0,0
17,18,6,10,5,202.5,0,0
17,18,6,10,6,247.5,0,0
17,18,6,10,7,292.5,0,0
17,18,6,10,8,337.5,0,0
17,18,6,11,1,22.5,0,0
17,18,6,11,2,67.5,0,0
17,18,6,11,3,112.5,0,0
17,18,6,11,4,157.5,0,0
17,18,6,11,5,202.5,0,0
17,18,6,11,6,247.5,0,0
17,18,6,11,7,292.5,0,0
17,18,6,11,8,337.5,0,0
17,18,7,1,1,22.5,0,0
17,18,7,1,2,67.5,0,0
17,18,7,1,3,112.5,0,0
17,18,7,1,4,157.5,0,0
17,18,7,1,5,202.5,0,0
17,18,7,1,6,247.5,0,0
17,18,7,1,7,292.5,0,0
17,18,7,1,8,337.5,0,0
17,18,7,2,1,22.5,0,0
17,18,7,2,2,67.5,0,0
17,18,7,2,3,112.5,0,0
17,18,7,2,4,157.5,0,0
17,18,7,2,5,202.5,0,0
17,18,7,2,6,247.5,0,0
17,18,7,2,7,292.5,0,0
17,18,7,2,8,337.5,0,0
17,18,7,3,1,22.5,0,0
17,18,7,3,2,67.5,0,0
17,18,7,3,3,112.5,0,0
17,18,7,3,4,157.5,0,0
17,18,7,3,5,202.5,0,0
17,18,7,3,6,247.5,0,0
17,18,7,3,7,292.5,0,0
17,18,7,3,8,337.5,0,0
17,18,7,4,1,22.5,0,0
17,18,7,4,2,67.5,0,0
17,18,7,4,3,112.5,0,0
17,18,7,4,4,157.5,0,0
17,18,7,4,5,202.5,0,0
17,18,7,4,6,247.5,0,0
17,18,7,4,7,292.5,0,0
17,18,7,4,8,337.5,0,0
17,18,7,5,1,22.5,0,0
17,18,7,5,2,67.5,0,0
17,18,7,5,3,112.5,0,0
17,18,7,5,4,157.5,0,0
17,18,7,5,5,202.5,0,0
17,18,7,5,6,247.5,0,0
17,18,7,5,7,292.5,0,0
17,18,7,5,8,337.5,0,0
17,18,7,6,1,22.5,0,0
17,18,7,6,2,67.5,0,0
17,18,7,6,3,112.5,0,0
17,18,7,6,4,157.5,0,0
17,18,7,6,5,202.5,0,0
17,18,7,6,6,247.5,0,0
17,18,7,6,7,292.5,0,0
17,18,7,6,8,337.5,0,0
17,18,7,7,1,22.5,0,0
17,18,7,7,2,67.5,0,0
17,18,7,7,3,112.5,0,0
17,18,7,7,4,157.5,0,0
17,18,7,7,5,202.5,0,0
17,18,7,7,6,247.5,0,0
17,18,7,7,7,292.5,0,0
17,18,7,7,8,337.5,0,0
17,18,7,8,1,22.5,0,0
17,18,7,8,2,67.5,0,0
17,18,7,8,3,112.5,0,0
17,18,7,8,4,157.5,0,0
17,18,7,8,5,202.5,0,0
17,18,7,8,6,247.5,0,0
17,18,7,8,7,292.5,0,0
17,18,7,8,8,337.5,0,0
17,18,7,9,1,22.5,0,0
17,18,7,9,2,67.5,0,0
17,18,7,9,3,112.5,0,0
17,18,7,9,4,157.5,0,0
17,18,7,9,5,202.5,0,0
17,18,7,9,6,247.5,0,0
17,18,7,9,7,292.5,0,0
17,18,7,9,8,337.5,0,0
17,18,7,10,1,22.5,0,0
17,18,7,10,2,67.5,0,0
17,18,7,10,3,112.5,0,0
17,18,7,10,4,157.5,0,0
17,18,7,10,5,202.5,0,0
17,18,7,10,6,247.5,0,0
17,18,7,10,7,292.5,0,0
17,18,7,10,8,337.5,0,0
17,18,7,11,1,22.5,0,0
17,18,7,11,2,67.5,0,0
17,18,7,11,3,112.5,0,0
17,18,7,11,4,157.5,0,0
17,18,7,11,5,202.5,0,0
17,18,7,11,6,247.5,0,0
17,18,7,11,7,292.5,0,0
17,18,7,11,8,337.5,0,0
17,18,8,1,1,22.5,0,0
17,18,8,1,2,67.5,0,0
17,18,8,1,3,112.5,0,0
17,18,8,1,4,157.5,0,0
17,18,8,1,5,202.5,0,0
17,18,8,1,6,247.5,0,0
17,18,8,1,7,292.5,0,0
17,18,8,1,8,337.5,0,0
17,18,8,2,1,22.5,0,0
17,18,8,2,2,67.5,0,0
17,18,8,2,3,112.5,0,0
17,18,8,2,4,157.5,0,0
17,18,8,2,5,202.5,0,0
17,18,8,2,6,247.5,0,0
17,18,8,2,7,292.5,0,0
17,18,8,2,8,337.5,0,0
17,18,8,3,1,22.5,0,0
17,18,8,3,2,67.5,0,0
17,18,8,3,3,112.5,0,0
17,18,8,3,4,157.5,0,0
17,18,8,3,5,202.5,0,0
17,18,8,3,6,247.5,0,0
17,18,8,3,7,292.5,0,0
17,18,8,3,8,337.5,0,0
17,18,8,4,1,22.5,0,0
17,18,8,4,2,67.5,0,0
17,18,8,4,3,112.5,0,0
17,18,8,4,4,157.5,0,0
17,18,8,4,5,202.5,0,0
17,18,8,4,6,247.5,0,0
17,18,8,4,7,292.5,0,0
17,18,8,4,8,337.5,0,0
17,18,8,5,1,22.5,0,0
17,18,8,5,2,67.5,0,0
17,18,8,5,3,112.5,0,0
17,18,8,5,4,157.5,0,0
17,18,8,5,5,202.5,0,0
17,18,8,5,6,247.5,0,0
17,18,8,5,7,292.5,0,0
17,18,8,5,8,337.5,0,0
17,18,8,6,1,22.5,0,0
17,18,8,6,2,67.5,0,0
17,18,8,6,3,112.5,0,0
17,18,8,6,4,157.5,0,0
17,18,8,6,5,202.5,0,0
17,18,8,6,6,247.5,0,0
17,18,8,6,7,292.5,0,0
17,18,8,6,8,337.5,0,0
17,18,8,7,1,22.5,0,0
17,18,8,7,2,67.5,0,0
17,18,8,7,3,112.5,0,0
17,18,8,7,4,157.5,0,0
17,18,8,7,5,202.5,0,0
17,18,8,7,6,247.5,0,0
17,18,8,7,7,292.5,0,0
17,18,8,7,8,337.5,0,0
17,18,8,8,1,22.5,0,0
17,18,8,8,2,67.5,0,0
17,18,8,8,3,112.5,0,0
17,18,8,8,4,157.5,0,0
17,18,8,8,5,202.5,0,0
17,18,8,8,6,247.5,0,0
17,18,8,8,7,292.5,0,0
17,18,8,8,8,337.5,0,0
17,18,8,9,1,22.5,0,0
17,18,8,9,2,67.5,0,0
17,18,8,9,3,112.5,0,0
17,18,8,9,4,157.5,0,0
17,18,8,9,5,202.5,0,0
17,18,8,9,6,247.5,0,0
17,18,8,9,7,292.5,0,0
17,18,8,9,8,337.5,0,0
17,18,8,10,1,22.5,0,0
17,18,8,10,2,67.5,0,0
17,18,8,10,3,112.5,0,0
17,18,8,10,4,157.5,0,0
17,18,8,10,5,202.5,0,0
17,18,8,10,6,247.5,0,0
17,18,8,10,7,292.5,0,0
17,18,8,10,8,337.5,0,0
17,18,8,11,1,22.5,0,0
17,18,8,11,2,67.5,0,0
17,18,8,11,3,112.5,0,0
17,18,8,11,4,157.5,0,0
17,18,8,11,5,202.5,0,0
17,18,8,11,6,247.5,0,0
17,18,8,11,7,292.5,0,0
17,18,8,11,8,337.5,0,0
18,19,1,1,1,22.5,1457.43,116.604
18,19,1,1,2,67.5,2257.05,105.777
18,19,1,1,3,112.5,24221.9,364.593
18,19,1,1,4,157.5,9349.98,445.326
18,19,1,1,5,202.5,3969.88,134.365
18,19,1,1,6,247.5,14461.9,385.395
18,19,1,1,7,292.5,4454.48,162.162
18,19,1,1,8,337.5,1033.95,79.7317
18,19,1,2,1,22.5,1258.25,86.7185
18,19,1,2,2,67.5,12714.9,195.834
18,19,1,2,3,112.5,18221.6,255.039
18,19,1,2,4,157.5,18705.4,265.875
18,19,1,2,5,202.5,18957.8,273.644
18,19,1,2,6,247.5,12654.8,193.759
18,19,1,2,7,292.5,18450.6,271.871
18,19,1,2,8,337.5,381.853,37.8506
18,19,1,3,1,22.5,1516.91,57.9434
18,19,1,3,2,67.5,14397.5,166.723
18,19,1,3,3,112.5,14206.1,167.244
18,19,1,3,4,157.5,17090,199.702
18,19,1,3,5,202.5,12341.8,158.982
18,19,1,3,6,247.5,16015.6,185.41
18,19,1,3,7,292.5,11930.5,154.934
18,19,1,3,8,337.5,1128.22,61.0674
18,19,1,4,1,22.5,2601.33,61.3901
18,19,1,4,2,67.5,10214.7,124.645
18,19,1,4,3,112.5,11033.4,128.203
18,19,1,4,4,157.5,9744.36,122.497
18,19,1,4,5,202.5,6592.46,100.158
18,19,1,4,6,247.5,11678.7,140.249
18,19,1,4,7,292.5,9642.73,122.521
18,19,1,4,8,337.5,1951.77,57.3246
18,19,1,5,1,22.5,5104.36,82.1899
18,19,1,5,2,67.5,10039.8,122.543
18,19,1,5,3,112.5,9785.1,131.3
18,19,1,5,4,157.5,6011.04,90.7585
18,19,1,5,5,202.5,4527.28,79.555
18,19,1,5,6,247.5,9633.3,117.527
18,19,1,5,7,292.5,11634.1,127.21
18,19,1,5,8,337.5,2856.04,62.096
18,19,1,6,1,22.5,1089.7,35.4602
18,19,1,6,2,67.5,1528.05,42.5241
18,19,1,6,3,112.5,1592.64,43.0441
18,19,1,6,4,157.5,565.289,25.3873
18,19,1,6,5,202.5,506.023,23.8453
18,19,1,6,6,247.5,1222.44,38.9881
18,19,1,6,7,292.5,2268.92,53.4135
18,19,1,6,8,337.5,458.515,22.6
18,19,1,7,1,22.5,0,0
18,19,1,7,2,67.5,0,0
18,19,1,7,3,112.5,0,0
18,19,1,7,4,157.5,0,0
18,19,1,7,5,202.5,0,0
18,19,1,7,6,247.5,0,0
18,19,1,7,7,292.5,0,0
18,19,1,7,8,337.5,0,0
18,19,1,8,1,22.5,0,0
18,19,1,8,2,67.5,0,0
18,19,1,8,3,112.5,0,0
18,19,1,8,4,157.5,0,0
18,19,1,8,5,202.5,0,0
18,19,1,8,6,247.5,0,0
18,19,1,8,7,292.5,0,0
18,19,1,8,8,337.5,0,0
18,19,1,9,1,22.5,0,0
18,19,1,9,2,67.5,0,0
18,19,1,9,3,112.5,0,0
18,19,1,9,4,157.5,0,0
18,19,1,9,5,202.5,0,0
18,19,1,9,6,247.5,0,0
18,19,1,9,7,292.5,0,0
18,19,1,9,8,337.5,0,0
18,19,1,10,1,22.5,0,0
18,19,1,10,2,67.5,0,0
18,19,1,10,3,112.5,0,0
18,19,1,10,4,157.5,0,0
18,19,1,10,5,202.5,0,0
18,19,1,10,6,247.5,0,0
18,19,1,10,7,292.5,0,0
18,19,1,10,8,337.5,0,0
18,19,1,11,1,22.5,0,0
18,19,1,11,2,67.5,0,0
18,19,1,11,3,112.5,0,0
18,19,1,11,4,157.5,0,0
18,19,1,11,5,202.5,0,0
18,19,1,11,6,247.5,0,0
18,19,1,11,7,292.5,0,0
18,19,1,11,8,337.5,0,0
18,19,2,1,1,22.5,17.7676,9.43667
18,19,2,1,2,67.5,19985,300.81
18,19,2,1,3,112.5,10157.3,501.631
18,19,2,1,4,157.5,28383,325.797
18,19,2,1,5,202.5,35311.3,406.737
18,19,2,1,6,247.5,8508.37,243.51
18,19,2,1,7,292.5,12818.9,253.326
18,19,2,1,8,337.5,8.3989,5.14102
18,19,2,2,1,22.5,1710.63,61.5731
18,19,2,2,2,67.5,15401.7,204.899
18,19,2,2,3,112.5,11300.1,173.347
18,19,2,2,4,157.5,59185.9,417.973
18,19,2,2,5,202.5,39659,322.727
18,19,2,2,6,247.5,30735.3,294.689
18,19,2,2,7,292.5,25873.7,233.803
18,19,2,2,8,337.5,1278.77,55.0699
18,19,2,3,1,22.5,4707.84,82.7183
18,19,2,3,2,67.5,28613.1,214.358
18,19,2,3,3,112.5,29143.9,225.201
18,19,2,3,4,157.5,57101.9,328.954
18,19,2,3,5,202.5,31978.6,236.302
18,19,2,3,6,247.5,42014.6,281.011
18,19,2,3,7,292.5,28181.3,216.657
18,19,2,3,8,337.5,1608.98,57.8231
18,19,2,4,1,22.5,3745.15,82.2025
18,19,2,4,2,67.5,28645.9,202.176
18,19,2,4,3,112.5,26915.4,198.831
18,19,2,4,4,157.5,43093.4,252.535
18,19,2,4,5,202.5,23865.2,187.919
18,19,2,4,6,247.5,41316.3,283.497
18,19,2,4,7,292.5,20499.9,172.691
18,19,2,4,8,337.5,1909.39,55.7991
18,19,2,5,1,22.5,10158,118.558
18,19,2,5,2,67.5,39957.5,239.026
18,19,2,5,3,112.5,42826.4,242.093
18,19,2,5,4,157.5,52097.8,280.755
18,19,2,5,5,202.5,28690.4,211.699
18,19,2,5,6,247.5,58891.7,296.959
18,19,2,5,7,292.5,32698.7,217.46
18,19,2,5,8,337.5,6425.94,93.3813
18,19,2,6,1,22.5,11445,117.231
18,19,2,6,2,67.5,22034.4,166.745
18,19,2,6,3,112.5,24892.1,177.522
18,19,2,6,4,157.5,22611.6,170.311
18,19,2,6,5,202.5,12797.7,129.85
18,19,2,6,6,247.5,30374.7,198.228
18,19,2,6,7,292.5,24325.2,170.595
18,19,2,6,8,337.5,5692.61,82.3796
18,19,2,7,1,22.5,7562.41,91.5102
18,19,2,7,2,67.5,10784.4,111.946
18,19,2,7,3,112.5,12218.6,120.054
18,19,2,7,4,157.5,9144.08,106.577
18,19,2,7,5,202.5,5450.12,82.1751
18,19,2,7,6,247.5,13711.4,138.472
18,19,2,7,7,292.5,13590.3,125.313
18,19,2,7,8,337.5,3140.99,59.5477
18,19,2,8,1,22.5,4361.38,69.0057
18,19,2,8,2,67.5,5873.99,80.9261
18,19,2,8,3,112.5,6601.09,87.2384
18,19,2,8,4,157.5,4148.85,68.122
18,19,2,8,5,202.5,2513.23,52.7306
18,19,2,8,6,247.5,6857.09,89.5929
18,19,2,8,7,292.5,7885.57,94.5946
18,19,2,8,8,337.5,1530.77,41.1605
18,19,2,9,1,22.5,1080.99,33.7093
18,19,2,9,2,67.5,1313.87,37.7438
18,19,2,9,3,112.5,1400.44,39.2843
18,19,2,9,4,157.5,628.328,26.0017
18,19,2,9,5,202.5,435.414,21.6871
18,19,2,9,6,247.5,1381.38,38.4587
18,19,2,9,7,292.5,1836.89,44.3351
18,19,2,9,8,337.5,296.882,17.9079
18,19,2,10,1,22.5,112.62,11.1089
18,19,2,10,2,67.5,152.639,12.7415
18,19,2,10,3,112.5,167.645,13.3029
18,19,2,10,4,157.5,27.1309,5.45087
18,19,2,10,5,202.5,0,0
18,19,2,10,6,247.5,137.748,12.3081
18,19,2,10,7,292.5,239.951,15.9252
18,19,2,10,8,337.5,0,0
18,19,2,11,1,22.5,0,0
18,19,2,11,2,67.5,0,0
18,19,2,11,3,112.5,0,0
18,19,2,11,4,157.5,0,0
18,19,2,11,5,202.5,0,0
18,19,2,11,6,247.5,0,0
18,19,2,11,7,292.5,0,0
18,19,2,11,8,337.5,0,0
18,19,3,1,1,22.5,981.341,54.6514
18,19,3,1,2,67.5,11213,147.568
18,19,3,1,3,112.5,12456.5,187.174
18,19,3,1,4,157.5,32291.9,267.775
18,19,3,1,5,202.5,17063.7,225.935
18,19,3,1,6,247.5,3312.6,88.4819
18,19,3,1,7,292.5,10629.1,147.865
18,19,3,1,8,337.5,2057.59,71.3431
18,19,3,2,1,22.5,20.1245,5.17502
18,19,3,2,2,67.5,7021.23,107.919
18,19,3,2,3,112.5,14285.8,158.761
18,19,3,2,4,157.5,52612.9,324.034
18,19,3,2,5,202.5,21629.5,184.691
18,19,3,2,6,247.5,14024.9,162.758
18,19,3,2,7,292.5,6560.27,117.146
18,19,3,2,8,337.5,81.4565,10.6753
18,19,3,3,1,22.5,1006.82,35.126
18,19,3,3,2,67.5,9085.41,120.079
18,19,3,3,3,112.5,10878.3,131.668
18,19,3,3,4,157.5,50656.2,287.151
18,19,3,3,5,202.5,20642.3,173.887
18,19,3,3,6,247.5,21363.2,185.892
18,19,3,3,7,292.5,13468.6,142.255
18,19,3,3,8,337.5,1213.67,38.0757
18,19,3,4,1,22.5,2096.81,47.9096
18,19,3,4,2,67.5,14972.2,148.175
18,19,3,4,3,112.5,9994.27,117.447
18,19,3,4,4,157.5,42361.6,249.033
18,19,3,4,5,202.5,17605.6,155.008
18,19,3,4,6,247.5,26880.5,191.863
18,19,3,4,7,292.5,12573.3,126.595
18,19,3,4,8,337.5,1237.66,37.7144
18,19,3,5,1,22.5,3250.29,65.1869
18,19,3,5,2,67.5,30841.9,204.79
18,19,3,5,3,112.5,21718.8,172.665
18,19,3,5,4,157.5,61130.2,290.389
18,19,3,5,5,202.5,25641.6,178.233
18,19,3,5,6,247.5,51833.8,265.618
18,19,3,5,7,292.5,17393.6,151.758
18,19,3,5,8,337.5,2058.17,50.7583
18,19,3,6,1,22.5,3628.27,64.8375
18,19,3,6,2,67.5,20560,156.629
18,19,3,6,3,112.5,19653,149.644
18,19,3,6,4,157.5,35142.8,208.878
18,19,3,6,5,202.5,15548.3,137.852
18,19,3,6,6,247.5,37182.3,214.227
18,19,3,6,7,292.5,11643.3,119.456
18,19,3,6,8,337.5,3204.03,60.5213
18,19,3,7,1,22.5,4779.4,72.869
18,19,3,7,2,67.5,12329.4,118.79
18,19,3,7,3,112.5,14240.8,129.191
18,19,3,7,4,157.5,19735.6,173.527
18,19,3,7,5,202.5,8849.91,101.041
18,19,3,7,6,247.5,23678.5,166.238
18,19,3,7,7,292.5,9815.55,105.669
18,19,3,7,8,337.5,3242.68,59.8695
18,19,3,8,1,22.5,6569.99,84.112
18,19,3,8,2,67.5,10354.5,107.755
18,19,3,8,3,112.5,13018.6,123.14
18,19,3,8,4,157.5,14456.2,129.135
18,19,3,8,5,202.5,6851.75,88.1105
18,19,3,8,6,247.5,18091.6,144.361
18,19,3,8,7,292.5,10849.2,110.199
18,19,3,8,8,337.5,3283.84,59.5379
18,19,3,9,1,22.5,4023.53,65.7247
18,19,3,9,2,67.5,5312.72,75.7719
18,19,3,9,3,112.5,6324.36,83.1926
18,19,3,9,4,157.5,5816.05,80.7578
18,19,3,9,5,202.5,2977.29,58.1754
18,19,3,9,6,247.5,8048.89,94.9736
18,19,3,9,7,292.5,6307.66,83.695
18,19,3,9,8,337.5,1621.3,41.8864
18,19,3,10,1,22.5,2323.46,49.8186
18,19,3,10,2,67.5,3035.04,56.723
18,19,3,10,3,112.5,3426.08,59.7377
18,19,3,10,4,157.5,2564.65,52.4867
18,19,3,10,5,202.5,1371.78,38.5662
18,19,3,10,6,247.5,3784.77,64.1014
18,19,3,10,7,292.5,3779.18,63.3191
18,19,3,10,8,337.5,790.101,29.1055
18,19,3,11,1,22.5,841.552,29.6897
18,19,3,11,2,67.5,999.438,33.3884
18,19,3,11,3,112.5,1113.11,34.5393
18,19,3,11,4,157.5,647.982,26.031
18,19,3,11,5,202.5,425.656,21.3461
18,19,3,11,6,247.5,1168.61,35.1355
18,19,3,11,7,292.5,1439.65,38.7725
18,19,3,11,8,337.5,223.152,15.4631
18,19,4,1,1,22.5,920.914,37.191
18,19,4,1,2,67.5,2846.14,74.9042
18,19,4,1,3,112.5,8650.48,127.492
18,19,4,1,4,157.5,25305.1,217.539
18,19,4,1,5,202.5,11613.9,155.937
18,19,4,1,6,247.5,3268.08,73.5273
18,19,4,1,7,292.5,3290.23,69.4151
18,19,4,1,8,337.5,1335.06,43.9374
18,19,4,2,1,22.5,383.624,20.7567
18,19,4,2,2,67.5,2537.71,56.7634
18,19,4,2,3,112.5,5332.83,92.9138
18,19,4,2,4,157.5,36726.5,240.207
18,19,4,2,5,202.5,13353.2,132.324
18,19,4,2,6,247.5,3092.8,68.6884
18,19,4,2,7,292.5,2347.41,60.1543
18,19,4,2,8,337.5,199.181,15.9482
18,19,4,3,1,22.5,43.3628,7.06227
18,19,4,3,2,67.5,2081.41,55.7834
18,19,4,3,3,112.5,3567.27,70.4144
18,19,4,3,4,157.5,35716.8,217.916
18,19,4,3,5,202.5,12541.9,125.821
18,19,4,3,6,247.5,5691.29,89.2488
18,19,4,3,7,292.5,5577.87,84.109
18,19,4,3,8,337.5,55.1388,8.42588
18,19,4,4,1,22.5,86.3529,10.0213
18,19,4,4,2,67.5,4248.29,73.1851
18,19,4,4,3,112.5,2552.1,58.0264
18,19,4,4,4,157.5,30932.4,194.663
18,19,4,4,5,202.5,11215.7,114.456
18,19,4,4,6,247.5,9854.73,109.863
18,19,4,4,7,292.5,7836.75,101.496
18,19,4,4,8,337.5,256.727,16.7216
18,19,4,5,1,22.5,692.866,28.2756
18,19,4,5,2,67.5,15924.6,138.602
18,19,4,5,3,112.5,5702.43,88.2552
18,19,4,5,4,157.5,47344.1,248.591
18,19,4,5,5,202.5,17471,164.937
18,19,4,5,6,247.5,26498.8,188.275
18,19,4,5,7,292.5,12582.7,121.362
18,19,4,5,8,337.5,666.509,27.6115
18,19,4,6,1,22.5,661.381,26.9679
18,19,4,6,2,67.5,14928.8,128.518
18,19,4,6,3,112.5,7375.91,91.318
18,19,4,6,4,157.5,30898.9,191.947
18,19,4,6,5,202.5,11644.9,115.758
18,19,4,6,6,247.5,24181,168.352
18,19,4,6,7,292.5,6984.3,89.2082
18,19,4,6,8,337.5,588.297,26.5967
18,19,4,7,1,22.5,774.379,29.0369
18,19,4,7,2,67.5,10282.4,106.544
18,19,4,7,3,112.5,7290.09,89.6427
18,19,4,7,4,157.5,19759.3,151.507
18,19,4,7,5,202.5,7609.89,96.4706
18,19,4,7,6,247.5,17952.3,141.861
18,19,4,7,7,292.5,4465.49,71.0865
18,19,4,7,8,337.5,1205.4,36.4277
18,19,4,8,1,22.5,1995.19,46.251
18,19,4,8,2,67.5,8677.78,96.6063
18,19,4,8,3,112.5,8333.56,95.226
18,19,4,8,4,157.5,15939.5,136.632
18,19,4,8,5,202.5,6598.01,85.1457
18,19,4,8,6,247.5,16780.5,136.485
18,19,4,8,7,292.5,4796.04,72.5635
18,19,4,8,8,337.5,2126.76,48.0501
18,19,4,9,1,22.5,2047.98,46.3753
18,19,4,9,2,67.5,4361.33,68.0123
18,19,4,9,3,112.5,5312.42,75.4409
18,19,4,9,4,157.5,7487.53,90.4282
18,19,4,9,5,202.5,3198.91,59.1416
18,19,4,9,6,247.5,8670.98,97.5611
18,19,4,9,7,292.5,3486.4,61.1285
18,19,4,9,8,337.5,1446.23,38.9025
18,19,4,10,1,22.5,1910.05,44.8837
18,19,4,10,2,67.5,2805.93,54.4535
18,19,4,10,3,112.5,3518.84,61.0112
18,19,4,10,4,157.5,4312.07,68.9392
18,19,4,10,5,202.5,1785.93,43.5054
18,19,4,10,6,247.5,5433.5,76.4566
18,19,4,10,7,292.5,2879.06,55.0237
18,19,4,10,8,337.5,904.756,30.8352
18,19,4,11,1,22.5,1506.76,39.5959
18,19,4,11,2,67.5,1943.14,45.2749
18,19,4,11,3,112.5,2302.67,49.1647
18,19,4,11,4,157.5,2154.5,47.7281
18,19,4,11,5,202.5,1160.52,35.2736
18,19,4,11,6,247.5,3103.13,57.1918
18,19,4,11,7,292.5,2415.65,50.0613
18,19,4,11,8,337.5,557.394,24.0733
18,19,5,1,1,22.5,832.119,32.6862
18,19,5,1,2,67.5,1820.95,49.0137
18,19,5,1,3,112.5,8026.09,103.612
18,19,5,1,4,157.5,17628.4,161.247
18,19,5,1,5,202.5,8384.21,112.267
18,19,5,1,6,247.5,1161.69,42.6095
18,19,5,1,7,292.5,637.363,31.1532
18,19,5,1,8,337.5,571.343,28.5169
18,19,5,2,1,22.5,146.275,12.593
18,19,5,2,2,67.5,285.785,18.7406
18,19,5,2,3,112.5,4173.2,71.1609
18,19,5,2,4,157.5,23621.3,176.179
18,19,5,2,5,202.5,8883.4,106.67
18,19,5,2,6,247.5,333.941,21.5203
18,19,5,2,7,292.5,477.866,25.7275
18,19,5,2,8,337.5,103.98,10.623
18,19,5,3,1,22.5,37.7946,6.60421
18,19,5,3,2,67.5,320.998,20.0425
18,19,5,3,3,112.5,2370.73,53.976
18,19,5,3,4,157.5,22506.9,165.517
18,19,5,3,5,202.5,8012.14,96.6905
18,19,5,3,6,247.5,922.409,34.279
18,19,5,3,7,292.5,1471.06,41.6571
18,19,5,3,8,337.5,25.8946,5.68076
18,19,5,4,1,22.5,0,0
18,19,5,4,2,67.5,593.852,26.393
18,19,5,4,3,112.5,1430.46,40.7207
18,19,5,4,4,157.5,19864.8,154.75
18,19,5,4,5,202.5,7112.53,88.421
18,19,5,4,6,247.5,2354.04,52.1651
18,19,5,4,7,292.5,3641.04,63.8277
18,19,5,4,8,337.5,0,0
18,19,5,5,1,22.5,48.1194,7.40095
18,19,5,5,2,67.5,4781.73,73.0711
18,19,5,5,3,112.5,1936.7,47.9968
18,19,5,5,4,157.5,31692.8,204.314
18,19,5,5,5,202.5,11605.7,114.469
18,19,5,5,6,247.5,9916.41,105.737
18,19,5,5,7,292.5,9022.01,99.2667
18,19,5,5,8,337.5,53.9654,7.8407
18,19,5,6,1,22.5,55.4917,7.8994
18,19,5,6,2,67.5,7945.51,92.9316
18,19,5,6,3,112.5,1907.51,46.4891
18,19,5,6,4,157.5,21543.1,155.951
18,19,5,6,5,202.5,8125.92,93.8645
18,19,5,6,6,247.5,12005,113.356
18,19,5,6,7,292.5,6136.88,82.0643
18,19,5,6,8,337.5,43.867,7.05654
18,19,5,7,1,22.5,36.9498,6.58644
18,19,5,7,2,67.5,7132.68,87.4404
18,19,5,7,3,112.5,2378.73,50.9442
18,19,5,7,4,157.5,14459.2,129.36
18,19,5,7,5,202.5,5663.16,84.0519
18,19,5,7,6,247.5,10414,105.322
18,19,5,7,7,292.5,3598.98,62.669
18,19,5,7,8,337.5,108.142,11.1281
18,19,5,8,1,22.5,205.861,15.0957
18,19,5,8,2,67.5,6925.96,85.6272
18,19,5,8,3,112.5,3752.7,63.9213
18,19,5,8,4,157.5,12818.4,120.593
18,19,5,8,5,202.5,5015.15,73.3922
18,19,5,8,6,247.5,11353.8,110.608
18,19,5,8,7,292.5,2847.84,54.9553
18,19,5,8,8,337.5,458.347,21.9909
18,19,5,9,1,22.5,455.967,21.8895
18,19,5,9,2,67.5,3555.94,61.503
18,19,5,9,3,112.5,2841.16,54.6442
18,19,5,9,4,157.5,6815.25,85.989
18,19,5,9,5,202.5,2680.55,53.5184
18,19,5,9,6,247.5,6292.42,81.919
18,19,5,9,7,292.5,1616.09,41.314
18,19,5,9,8,337.5,654.346,26.0195
18,19,5,10,1,22.5,761.909,28.1961
18,19,5,10,2,67.5,2156.91,47.4278
18,19,5,10,3,112.5,2276.32,48.8975
18,19,5,10,4,157.5,4083.96,66.0636
18,19,5,10,5,202.5,1693.89,42.1759
18,19,5,10,6,247.5,4492.37,69.1517
18,19,5,10,7,292.5,1384.24,38.104
18,19,5,10,8,337.5,773.901,28.3831
18,19,5,11,1,22.5,832.559,28.8704
18,19,5,11,2,67.5,1326.15,37.2358
18,19,5,11,3,112.5,1777.39,43.071
18,19,5,11,4,157.5,2507.61,51.4707
18,19,5,11,5,202.5,1038.28,32.8728
18,19,5,11,6,247.5,2794.22,54.175
18,19,5,11,7,292.5,1221.84,35.6636
18,19,5,11,8,337.5,462.566,21.8799
18,19,6,1,1,22.5,872.098,31.6967
18,19,6,1,2,67.5,1826.54,48.8935
18,19,6,1,3,112.5,5741.01,85.6276
18,19,6,1,4,157.5,10445.3,115.044
18,19,6,1,5,202.5,5252.66,77.7076
18,19,6,1,6,247.5,760.371,30.5322
18,19,6,1,7,292.5,308.071,20.3213
18,19,6,1,8,337.5,389.644,21.5784
18,19,6,2,1,22.5,0,0
18,19,6,2,2,67.5,66.1403,9.27855
18,19,6,2,3,112.5,3502.13,64.6783
18,19,6,2,4,157.5,13172.2,125.028
18,19,6,2,5,202.5,5243.06,77.904
18,19,6,2,6,247.5,64.3224,9.3258
18,19,6,2,7,292.5,0,0
18,19,6,2,8,337.5,11.3706,3.91536
18,19,6,3,1,22.5,0,0
18,19,6,3,2,67.5,0,0
18,19,6,3,3,112.5,1848.02,44.528
18,19,6,3,4,157.5,12754.7,120.757
18,19,6,3,5,202.5,4953.39,73.3578
18,19,6,3,6,247.5,47.6032,7.6042
18,19,6,3,7,292.5,191.844,14.8642
18,19,6,3,8,337.5,14.6033,4.83333
18,19,6,4,1,22.5,0,0
18,19,6,4,2,67.5,22.529,5.58831
18,19,6,4,3,112.5,1133.18,34.9598
18,19,6,4,4,157.5,11183.2,110.56
18,19,6,4,5,202.5,4149.62,67.3112
18,19,6,4,6,247.5,339.898,19.792
18,19,6,4,7,292.5,868.945,30.4137
18,19,6,4,8,337.5,0,0
18,19,6,5,1,22.5,0,0
18,19,6,5,2,67.5,577.611,24.9903
18,19,6,5,3,112.5,1310.12,37.9543
18,19,6,5,4,157.5,18163.3,150.97
18,19,6,5,5,202.5,6680.86,85.8543
18,19,6,5,6,247.5,2554.06,53.6339
18,19,6,5,7,292.5,4102.9,65.7852
18,19,6,5,8,337.5,0,0
18,19,6,6,1,22.5,0,0
18,19,6,6,2,67.5,2326.03,49.5591
18,19,6,6,3,112.5,702.323,27.6741
18,19,6,6,4,157.5,12889,119.936
18,19,6,6,5,202.5,4764.64,71.289
18,19,6,6,6,247.5,4343.62,67.4353
18,19,6,6,7,292.5,4534.89,69.1696
18,19,6,6,8,337.5,0,0
18,19,6,7,1,22.5,0,0
18,19,6,7,2,67.5,3214.25,58.8736
18,19,6,7,3,112.5,686.483,27.1494
18,19,6,7,4,157.5,8889.77,97.9695
18,19,6,7,5,202.5,3324.75,59.1089
18,19,6,7,6,247.5,4742.17,71.9206
18,19,6,7,7,292.5,2789.34,55.6614
18,19,6,7,8,337.5,0,0
18,19,6,8,1,22.5,0,0
18,19,6,8,2,67.5,4232.94,66.6801
18,19,6,8,3,112.5,1089.69,33.713
18,19,6,8,4,157.5,8293.42,95.3888
18,19,6,8,5,202.5,3332.2,58.9732
18,19,6,8,6,247.5,5798.25,78.6827
18,19,6,8,7,292.5,2303.61,48.9416
18,19,6,8,8,337.5,11.9876,3.85968
18,19,6,9,1,22.5,0,0
18,19,6,9,2,67.5,2404.65,50.0227
18,19,6,9,3,112.5,1055.87,33.0584
18,19,6,9,4,157.5,4471.38,69.0049
18,19,6,9,5,202.5,1699.94,42.2924
18,19,6,9,6,247.5,3724.02,62.2914
18,19,6,9,7,292.5,1004.65,32.2494
18,19,6,9,8,337.5,94.2002,10.0892
18,19,6,10,1,22.5,98.8529,10.2676
18,19,6,10,2,67.5,1482.02,39.2205
18,19,6,10,3,112.5,1006.67,32.33
18,19,6,10,4,157.5,2810.88,54.0908
18,19,6,10,5,202.5,1070.92,33.7151
18,19,6,10,6,247.5,2653.99,52.9416
18,19,6,10,7,292.5,531.646,23.4987
18,19,6,10,8,337.5,243.084,15.9003
18,19,6,11,1,22.5,260.085,16.4654
18,19,6,11,2,67.5,786.937,28.7364
18,19,6,11,3,112.5,851.359,29.7927
18,19,6,11,4,157.5,1694.23,42.0894
18,19,6,11,5,202.5,631.435,25.6833
18,19,6,11,6,247.5,1628.29,41.0394
18,19,6,11,7,292.5,491.5,22.6277
18,19,6,11,8,337.5,214.969,14.9909
18,19,7,1,1,22.5,646.879,26.9263
18,19,7,1,2,67.5,1257.34,37.5506
18,19,7,1,3,112.5,3141.14,61.5441
18,19,7,1,4,157.5,4744.58,72.8427
18,19,7,1,5,202.5,2573.1,55.5868
18,19,7,1,6,247.5,511.266,23.4461
18,19,7,1,7,292.5,180.618,14.1244
18,19,7,1,8,337.5,275.427,17.6999
18,19,7,2,1,22.5,24.0534,5.47815
18,19,7,2,2,67.5,57.8503,8.00188
18,19,7,2,3,112.5,2009.46,46.8605
18,19,7,2,4,157.5,5855.26,82.6187
18,19,7,2,5,202.5,2424.5,51.456
18,19,7,2,6,247.5,43.2923,7.03086
18,19,7,2,7,292.5,0,0
18,19,7,2,8,337.5,0,0
18,19,7,3,1,22.5,0,0
18,19,7,3,2,67.5,0,0
18,19,7,3,3,112.5,1204.06,35.6982
18,19,7,3,4,157.5,5725.92,78.5778
18,19,7,3,5,202.5,2240.45,49.1341
18,19,7,3,6,247.5,0,0
18,19,7,3,7,292.5,0,0
18,19,7,3,8,337.5,0,0
18,19,7,4,1,22.5,0,0
18,19,7,4,2,67.5,0,0
18,19,7,4,3,112.5,718.718,27.5215
18,19,7,4,4,157.5,4956.18,72.8632
18,19,7,4,5,202.5,1885.93,44.39
18,19,7,4,6,247.5,0,0
18,19,7,4,7,292.5,78.0965,9.61392
18,19,7,4,8,337.5,0,0
18,19,7,5,1,22.5,0,0
18,19,7,5,2,67.5,12.4842,3.87232
18,19,7,5,3,112.5,829.96,29.71
18,19,7,5,4,157.5,8061.24,98.0707
18,19,7,5,5,202.5,2928.39,55.6418
18,19,7,5,6,247.5,380.245,19.9889
18,19,7,5,7,292.5,987.754,32.4058
18,19,7,5,8,337.5,0,0
18,19,7,6,1,22.5,0,0
18,19,7,6,2,67.5,215.015,15.0057
18,19,7,6,3,112.5,377.236,20.1128
18,19,7,6,4,157.5,5691.07,77.7689
18,19,7,6,5,202.5,1975.73,45.5848
18,19,7,6,6,247.5,1086.47,33.8597
18,19,7,6,7,292.5,1546.98,40.4911
18,19,7,6,8,337.5,0,0
18,19,7,7,1,22.5,0,0
18,19,7,7,2,67.5,686.151,26.8842
18,19,7,7,3,112.5,209.252,14.9965
18,19,7,7,4,157.5,3824.91,64.096
18,19,7,7,5,202.5,1438.4,39.0478
18,19,7,7,6,247.5,1371.72,37.61
18,19,7,7,7,292.5,1246.88,35.9368
18,19,7,7,8,337.5,0,0
18,19,7,8,1,22.5,0,0
18,19,7,8,2,67.5,1166.84,34.7734
18,19,7,8,3,112.5,267.835,16.8029
18,19,7,8,4,157.5,3477.53,61.9559
18,19,7,8,5,202.5,1178.28,35.0797
18,19,7,8,6,247.5,1890.88,44.6735
18,19,7,8,7,292.5,908.75,30.7093
18,19,7,8,8,337.5,0,0
18,19,7,9,1,22.5,0,0
18,19,7,9,2,67.5,759.036,28.0425
18,19,7,9,3,112.5,182.126,13.8522
18,19,7,9,4,157.5,1781.08,43.5137
18,19,7,9,5,202.5,512.663,23.0488
18,19,7,9,6,247.5,1240.27,35.9503
18,19,7,9,7,292.5,337.351,18.8298
18,19,7,9,8,337.5,0,0
18,19,7,10,1,22.5,0,0
18,19,7,10,2,67.5,465.965,22.1616
18,19,7,10,3,112.5,197.434,14.5783
18,19,7,10,4,157.5,973.265,32.0334
18,19,7,10,5,202.5,309.607,17.9922
18,19,7,10,6,247.5,894.948,30.6547
18,19,7,10,7,292.5,116.079,11.193
18,19,7,10,8,337.5,11.8737,3.67708
18,19,7,11,1,22.5,12.811,4.52295
18,19,7,11,2,67.5,155.94,12.8869
18,19,7,11,3,112.5,127.609,11.721
18,19,7,11,4,157.5,397.303,20.3421
18,19,7,11,5,202.5,135.942,12.0965
18,19,7,11,6,247.5,393.259,20.3158
18,19,7,11,7,292.5,44.8738,6.92876
18,19,7,11,8,337.5,14.249,4.13154
18,19,8,1,1,22.5,68.9126,8.55224
18,19,8,1,2,67.5,206.697,15.3405
18,19,8,1,3,112.5,616.503,25.6897
18,19,8,1,4,157.5,926.975,32.7131
18,19,8,1,5,202.5,451.945,22.2375
18,19,8,1,6,247.5,58.1704,8.21928
18,19,8,1,7,292.5,0,0
18,19,8,1,8,337.5,33.804,6.17893
18,19,8,2,1,22.5,0,0
18,19,8,2,2,67.5,0,0
18,19,8,2,3,112.5,395.015,20.6201
18,19,8,2,4,157.5,1116.25,34.8584
18,19,8,2,5,202.5,341.755,19.0867
18,19,8,2,6,247.5,0,0
18,19,8,2,7,292.5,0,0
18,19,8,2,8,337.5,0,0
18,19,8,3,1,22.5,0,0
18,19,8,3,2,67.5,0,0
18,19,8,3,3,112.5,221.389,15.5289
18,19,8,3,4,157.5,1002.39,32.8847
18,19,8,3,5,202.5,296.628,18.0209
18,19,8,3,6,247.5,0,0
18,19,8,3,7,292.5,0,0
18,19,8,3,8,337.5,0,0
18,19,8,4,1,22.5,0,0
18,19,8,4,2,67.5,0,0
18,19,8,4,3,112.5,86.8172,9.54054
18,19,8,4,4,157.5,869.903,30.4247
18,19,8,4,5,202.5,263.252,16.8976
18,19,8,4,6,247.5,0,0
18,19,8,4,7,292.5,0,0
18,19,8,4,8,337.5,0,0
18,19,8,5,1,22.5,0,0
18,19,8,5,2,67.5,0,0
18,19,8,5,3,112.5,136.829,12.6323
18,19,8,5,4,157.5,1295.8,37.449
18,19,8,5,5,202.5,310.942,18.324
18,19,8,5,6,247.5,20.8365,4.58753
18,19,8,5,7,292.5,51.8106,7.41502
18,19,8,5,8,337.5,0,0
18,19,8,6,1,22.5,0,0
18,19,8,6,2,67.5,0,0
18,19,8,6,3,112.5,44.9766,7.0928
18,19,8,6,4,157.5,772.792,29.1942
18,19,8,6,5,202.5,191.099,14.7437
18,19,8,6,6,247.5,105.057,10.3861
18,19,8,6,7,292.5,69.854,8.7317
18,19,8,6,8,337.5,0,0
18,19,8,7,1,22.5,0,0
18,19,8,7,2,67.5,0,0
18,19,8,7,3,112.5,0,0
18,19,8,7,4,157.5,422.486,21.1014
18,19,8,7,5,202.5,64.985,8.33694
18,19,8,7,6,247.5,123.245,11.7764
18,19,8,7,7,292.5,62.5648,8.51622
18,19,8,7,8,337.5,0,0
18,19,8,8,1,22.5,0,0
18,19,8,8,2,67.5,19.6146,5.13835
18,19,8,8,3,112.5,0,0
18,19,8,8,4,157.5,182.12,14.0137
18,19,8,8,5,202.5,39.1378,6.48369
18,19,8,8,6,247.5,92.0577,9.93605
18,19,8,8,7,292.5,20.6518,4.72925
18,19,8,8,8,337.5,0,0
18,19,8,9,1,22.5,0,0
18,19,8,9,2,67.5,0,0
18,19,8,9,3,112.5,0,0
18,19,8,9,4,157.5,42.8954,6.91887
18,19,8,9,5,202.5,0,0
18,19,8,9,6,247.5,13.8926,4.39828
18,19,8,9,7,292.5,0,0
18,19,8,9,8,337.5,0,0
18,19,8,10,1,22.5,0,0
18,19,8,10,2,67.5,0,0
18,19,8,10,3,112.5,0,0
18,19,8,10,4,157.5,0,0
18,19,8,10,5,202.5,0,0
18,19,8,10,6,247.5,0,0
18,19,8,10,7,292.5,0,0
18,19,8,10,8,337.5,0,0
18,19,8,11,1,22.5,0,0
18,19,8,11,2,67.5,0,0
18,19,8,11,3,112.5,0,0
18,19,8,11,4,157.5,0,0
18,19,8,11,5,202.5,0,0
18,19,8,11,6,247.5,0,0
18,19,8,11,7,292.5,0,0
18,19,8,11,8,337.5,0,0
19,20,1,1,1,22.5,0,0
19,20,1,1,2,67.5,0,0
19,20,1,1,3,112.5,0,0
19,20,1,1,4,157.5,0,0
19,20,1,1,5,202.5,0,0
19,20,1,1,6,247.5,0,0
19,20,1,1,7,292.5,0,0
19,20,1,1,8,337.5,0,0
19,20,1,2,1,22.5,0,0
19,20,1,2,2,67.5,0,0
19,20,1,2,3,112.5,0,0
19,20,1,2,4,157.5,0,0
19,20,1,2,5,202.5,0,0
19,20,1,2,6,247.5,0,0
19,20,1,2,7,292.5,0,0
19,20,1,2,8,337.5,0,0
19,20,1,3,1,22.5,0,0
19,20,1,3,2,67.5,0,0
19,20,1,3,3,112.5,0,0
19,20,1,3,4,157.5,0,0
19,20,1,3,5,202.5,0,0
19,20,1,3,6,247.5,0,0
19,20,1,3,7,292.5,0,0
19,20,1,3,8,337.5,0,0
19,20,1,4,1,22.5,0,0
19,20,1,4,2,67.5,0,0
19,20,1,4,3,112.5,0,0
19,20,1,4,4,157.5,0,0
19,20,1,4,5,202.5,0,0
19,20,1,4,6,247.5,0,0
19,20,1,4,7,292.5,0,0
19,20,1,4,8,337.5,0,0
19,20,1,5,1,22.5,0,0
19,20,1,5,2,67.5,0,0
19,20,1,5,3,112.5,0,0
19,20,1,5,4,157.5,0,0
19,20,1,5,5,202.5,0,0
19,20,1,5,6,247.5,0,0
19,20,1,5,7,292.5,0,0
19,20,1,5,8,337.5,0,0
19,20,1,6,1,22.5,0,0
19,20,1,6,2,67.5,0,0
19,20,1,6,3,112.5,0,0
19,20,1,6,4,157.5,0,0
19,20,1,6,5,202.5,0,0
19,20,1,6,6,247.5,0,0
19,20,1,6,7,292.5,0,0
19,20,1,6,8,337.5,0,0
19,20,1,7,1,22.5,0,0
19,20,1,7,2,67.5,0,0
19,20,1,7,3,112.5,0,0
19,20,1,7,4,157.5,0,0
19,20,1,7,5,202.5,0,0
19,20,1,7,6,247.5,0,0
19,20,1,7,7,292.5,0,0
19,20,1,7,8,337.5,0,0
19,20,1,8,1,22.5,0,0
19,20,1,8,2,67.5,0,0
19,20,1,8,3,112.5,0,0
19,20,1,8,4,157.5,0,0
19,20,1,8,5,202.5,0,0
19,20,1,8,6,247.5,0,0
19,20,1,8,7,292.5,0,0
19,20,1,8,8,337.5,0,0
19,20,1,9,1,22.5,0,0
19,20,1,9,2,67.5,0,0
19,20,1,9,3,112.5,0,0
19,20,1,9,4,157.5,0,0
19,20,1,9,5,202.5,0,0
19,20,1,9,6,247.5,0,0
19,20,1,9,7,292.5,0,0
19,20,1,9,8,337.5,0,0
19,20,1,10,1,22.5,0,0
19,20,1,10,2,67.5,0,0
19,20,1,10,3,112.5,0,0
19,20,1,10,4,157.5,0,0
19,20,1,10,5,202.5,0,0
19,20,1,10,6,247.5,0,0
19,20,1,10,7,292.5,0,0
19,20,1,10,8,337.5,0,0
19,20,1,11,1,22.5,0,0
19,20,1,11,2,67.5,0,0
19,20,1,11,3,112.5,0,0
19,20,1,11,4,157.5,0,0
19,20,1,11,5,202.5,0,0
19,20,1,11,6,247.5,0,0
19,20,1,11,7,292.5,0,0
19,20,1,11,8,337.5,0,0
19,20,2,1,1,22.5,496.581,44.8279
19,20,2,1,2,67.5,4507.45,109.087
19,20,2,1,3,112.5,3436.81,138.051
19,20,2,1,4,157.5,6223.46,145.942
19,20,2,1,5,202.5,3048.4,114.278
19,20,2,1,6,247.5,5230.66,143.546
19,20,2,1,7,292.5,4036.03,117.722
19,20,2,1,8,337.5,847.362,46.6643
19,20,2,2,1,22.5,169.955,18.1924
19,20,2,2,2,67.5,1628.3,54.2147
19,20,2,2,3,112.5,3234.05,81.6818
19,20,2,2,4,157.5,3171.14,88.1596
19,20,2,2,5,202.5,2473.54,71.3983
19,20,2,2,6,247.5,2850.56,80.0239
19,20,2,2,7,292.5,2029.5,64.1391
19,20,2,2,8,337.5,371.781,38.6911
19,20,2,3,1,22.5,607.114,29.4697
19,20,2,3,2,67.5,2569.65,57.8866
19,20,2,3,3,112.5,1716.93,49.9883
19,20,2,3,4,157.5,844.967,32.921
19,20,2,3,5,202.5,841.375,32.5989
19,20,2,3,6,247.5,2061.68,52.7875
19,20,2,3,7,292.5,2791.58,62.6543
19,20,2,3,8,337.5,616.32,28.4553
19,20,2,4,1,22.5,505.19,24.0606
19,20,2,4,2,67.5,2208.08,52.68
19,20,2,4,3,112.5,889.937,33.0154
19,20,2,4,4,157.5,148.167,13.0689
19,20,2,4,5,202.5,170.44,13.8306
19,20,2,4,6,247.5,1160.19,36.9349
19,20,2,4,7,292.5,1994.33,51.2057
19,20,2,4,8,337.5,294.742,18.745
19,20,2,5,1,22.5,696.712,28.8323
19,20,2,5,2,67.5,2549.49,54.9496
19,20,2,5,3,112.5,532.121,24.7447
19,20,2,5,4,157.5,0,0
19,20,2,5,5,202.5,0,0
19,20,2,5,6,247.5,619.953,26.8448
19,20,2,5,7,292.5,1891.85,48.7959
19,20,2,5,8,337.5,832.069,30.9731
19,20,2,6,1,22.5,435.126,21.8905
19,20,2,6,2,67.5,531.889,24.1255
19,20,2,6,3,112.5,42.0413,7.05728
19,20,2,6,4,157.5,0,0
19,20,2,6,5,202.5,0,0
19,20,2,6,6,247.5,18.1018,4.82001
19,20,2,6,7,292.5,590.266,26.6087
19,20,2,6,8,337.5,417.436,21.2293
19,20,2,7,1,22.5,70.1543,8.72859
19,20,2,7,2,67.5,54.5733,7.78036
19,20,2,7,3,112.5,0,0
19,20,2,7,4,157.5,0,0
19,20,2,7,5,202.5,0,0
19,20,2,7,6,247.5,0,0
19,20,2,7,7,292.5,22.5409,4.91546
19,20,2,7,8,337.5,21.385,5.05501
19,20,2,8,1,22.5,0,0
19,20,2,8,2,67.5,0,0
19,20,2,8,3,112.5,0,0
19,20,2,8,4,157.5,0,0
19,20,2,8,5,202.5,0,0
19,20,2,8,6,247.5,0,0
19,20,2,8,7,292.5,0,0
19,20,2,8,8,337.5,0,0
19,20,2,9,1,22.5,0,0
19,20,2,9,2,67.5,0,0
19,20,2,9,3,112.5,0,0
19,20,2,9,4,157.5,0,0
19,20,2,9,5,202.5,0,0
19,20,2,9,6,247.5,0,0
19,20,2,9,7,292.5,0,0
19,20,2,9,8,337.5,0,0
19,20,2,10,1,22.5,0,0
19,20,2,10,2,67.5,0,0
19,20,2,10,3,112.5,0,0
19,20,2,10,4,157.5,0,0
19,20,2,10,5,202.5,0,0
19,20,2,10,6,247.5,0,0
19,20,2,10,7,292.5,0,0
19,20,2,10,8,337.5,0,0
19,20,2,11,1,22.5,0,0
19,20,2,11,2,67.5,0,0
19,20,2,11,3,112.5,0,0
19,20,2,11,4,157.5,0,0
19,20,2,11,5,202.5,0,0
19,20,2,11,6,247.5,0,0
19,20,2,11,7,292.5,0,0
19,20,2,11,8,337.5,0,0
19,20,3,1,1,22.5,2849.94,100.27
19,20,3,1,2,67.5,7254.17,125.804
19,20,3,1,3,112.5,7429.45,136.721
19,20,3,1,4,157.5,17407,236.216
19,20,3,1,5,202.5,10387.3,183.112
19,20,3,1,6,247.5,7606.99,145.316
19,20,3,1,7,292.5,8913.98,140.739
19,20,3,1,8,337.5,4426.22,106.435
19,20,3,2,1,22.5,1311.61,46.345
19,20,3,2,2,67.5,5532.63,97.1058
19,20,3,2,3,112.5,6162.83,101.573
19,20,3,2,4,157.5,12037.3,151.867
19,20,3,2,5,202.5,7277.3,111.689
19,20,3,2,6,247.5,6316.6,101.282
19,20,3,2,7,292.5,3683.97,75.7773
19,20,3,2,8,337.5,756.953,34.4942
19,20,3,3,1,22.5,414.251,23.5046
19,20,3,3,2,67.5,4002.78,72.4284
19,20,3,3,3,112.5,4130.4,76.5488
19,20,3,3,4,157.5,6281.3,95.4909
19,20,3,3,5,202.5,4122.27,71.6815
19,20,3,3,6,247.5,4745.36,79.1279
19,20,3,3,7,292.5,6552.19,88.9187
19,20,3,3,8,337.5,942.312,33.9485
19,20,3,4,1,22.5,1119.95,36.0308
19,20,3,4,2,67.5,5841.41,83.026
19,20,3,4,3,112.5,2764.8,57.5294
19,20,3,4,4,157.5,2969.11,58.9975
19,20,3,4,5,202.5,2040.01,48.4703
19,20,3,4,6,247.5,4107.37,69.7638
19,20,3,4,7,292.5,6259.14,84.9835
19,20,3,4,8,337.5,1503.73,40.7331
19,20,3,5,1,22.5,2134.59,48.476
19,20,3,5,2,67.5,9085.92,104.806
19,20,3,5,3,112.5,3457.61,63.5037
19,20,3,5,4,157.5,1733.8,44.7944
19,20,3,5,5,202.5,1245.72,37.2623
19,20,3,5,6,247.5,5445.16,80.1089
19,20,3,5,7,292.5,7619.47,96.2088
19,20,3,5,8,337.5,1419.44,40.2003
19,20,3,6,1,22.5,1042.09,34.4508
19,20,3,6,2,67.5,4327.73,69.4722
19,20,3,6,3,112.5,1353.88,38.5371
19,20,3,6,4,157.5,137.968,12.3023
19,20,3,6,5,202.5,112.437,11.195
19,20,3,6,6,247.5,1959.22,46.3261
19,20,3,6,7,292.5,3137.98,58.4696
19,20,3,6,8,337.5,1238.33,36.9494
19,20,3,7,1,22.5,886.077,30.7852
19,20,3,7,2,67.5,1673.26,42.3078
19,20,3,7,3,112.5,363.16,19.6349
19,20,3,7,4,157.5,0,0
19,20,3,7,5,202.5,0,0
19,20,3,7,6,247.5,471.216,22.239
19,20,3,7,7,292.5,1292.14,37.2423
19,20,3,7,8,337.5,1021.26,32.7227
19,20,3,8,1,22.5,737.549,27.9609
19,20,3,8,2,67.5,667.865,26.7276
19,20,3,8,3,112.5,80.6006,9.4796
19,20,3,8,4,157.5,0,0
19,20,3,8,5,202.5,0,0
19,20,3,8,6,247.5,96.9448,10.3696
19,20,3,8,7,292.5,751.11,28.2395
19,20,3,8,8,337.5,544.797,26.1688
19,20,3,9,1,22.5,124.105,11.5297
19,20,3,9,2,67.5,96.3764,10.2102
19,20,3,9,3,112.5,0,0
19,20,3,9,4,157.5,0,0
19,20,3,9,5,202.5,0,0
19,20,3,9,6,247.5,0,0
19,20,3,9,7,292.5,109.475,10.7824
19,20,3,9,8,337.5,90.9039,9.84314
19,20,3,10,1,22.5,0,0
19,20,3,10,2,67.5,0,0
19,20,3,10,3,112.5,0,0
19,20,3,10,4,157.5,0,0
19,20,3,10,5,202.5,0,0
19,20,3,10,6,247.5,0,0
19,20,3,10,7,292.5,0,0
19,20,3,10,8,337.5,0,0
19,20,3,11,1,22.5,0,0
19,20,3,11,2,67.5,0,0
19,20,3,11,3,112.5,0,0
19,20,3,11,4,157.5,0,0
19,20,3,11,5,202.5,0,0
19,20,3,11,6,247.5,0,0
19,20,3,11,7,292.5,0,0
19,20,3,11,8,337.5,0,0
19,20,4,1,1,22.5,3721.8,77.3914
19,20,4,1,2,67.5,5650,90.6219
19,20,4,1,3,112.5,11312.3,147.504
19,20,4,1,4,157.5,20150.6,191.164
19,20,4,1,5,202.5,13362.3,164.585
19,20,4,1,6,247.5,4980.74,86.2813
19,20,4,1,7,292.5,5533.03,92.7229
19,20,4,1,8,337.5,4015.63,78.5947
19,20,4,2,1,22.5,2619.93,53.3432
19,20,4,2,2,67.5,5396.83,81.3646
19,20,4,2,3,112.5,5174.97,79.8191
19,20,4,2,4,157.5,15405.7,153.013
19,20,4,2,5,202.5,9602.89,123.532
19,20,4,2,6,247.5,4168.07,72.0855
19,20,4,2,7,292.5,3402.27,67.0619
19,20,4,2,8,337.5,2446.24,55.5417
19,20,4,3,1,22.5,707.851,27.9804
19,20,4,3,2,67.5,2212.19,53.0629
19,20,4,3,3,112.5,3548.79,65.7859
19,20,4,3,4,157.5,10240.1,112.49
19,20,4,3,5,202.5,6284.34,87.5146
19,20,4,3,6,247.5,2835.98,58.7474
19,20,4,3,7,292.5,4273.85,70.2096
19,20,4,3,8,337.5,372.518,21.2189
19,20,4,4,1,22.5,207.422,15.3716
19,20,4,4,2,67.5,3392.26,62.4538
19,20,4,4,3,112.5,2270.33,50.4773
19,20,4,4,4,157.5,6714.48,87.5775
19,20,4,4,5,202.5,4112.14,68.3044
19,20,4,4,6,247.5,2929.81,57.7901
19,20,4,4,7,292.5,6442.41,86.0011
19,20,4,4,8,337.5,415.093,21.1677
19,20,4,5,1,22.5,1049.37,33.2515
19,20,4,5,2,67.5,9278.58,100.427
19,20,4,5,3,112.5,3142.78,59.6804
19,20,4,5,4,157.5,6723.52,88.0827
19,20,4,5,5,202.5,4055.74,67.8577
19,20,4,5,6,247.5,6022.28,82.7264
19,20,4,5,7,292.5,9821.32,104.247
19,20,4,5,8,337.5,1568.16,41.3051
19,20,4,6,1,22.5,914.095,31.4015
19,20,4,6,2,67.5,6335.28,82.7898
19,20,4,6,3,112.5,2146.92,48.1288
19,20,4,6,4,157.5,2188.5,48.3304
19,20,4,6,5,202.5,1284.63,37.1178
19,20,4,6,6,247.5,4286.18,67.8834
19,20,4,6,7,292.5,4968.44,73.7175
19,20,4,6,8,337.5,672.542,26.7653
19,20,4,7,1,22.5,395.256,20.5125
19,20,4,7,2,67.5,3205.47,58.3611
19,20,4,7,3,112.5,1359.4,37.7841
19,20,4,7,4,157.5,456.914,22.3043
19,20,4,7,5,202.5,272.87,17.102
19,20,4,7,6,247.5,2072.59,47.0211
19,20,4,7,7,292.5,2106.45,47.138
19,20,4,7,8,337.5,470.593,22.3572
19,20,4,8,1,22.5,464.609,22.1841
19,20,4,8,2,67.5,1974.31,45.9564
19,20,4,8,3,112.5,861.018,30.0857
19,20,4,8,4,157.5,77.6762,9.17621
19,20,4,8,5,202.5,40.8095,6.64569
19,20,4,8,6,247.5,1115.26,34.1852
19,20,4,8,7,292.5,1293.32,37.3495
19,20,4,8,8,337.5,650.626,26.0815
19,20,4,9,1,22.5,336.034,18.7293
19,20,4,9,2,67.5,465.721,22.0912
19,20,4,9,3,112.5,188.57,14.0931
19,20,4,9,4,157.5,0,0
19,20,4,9,5,202.5,0,0
19,20,4,9,6,247.5,210.467,15.0405
19,20,4,9,7,292.5,397.802,20.4184
19,20,4,9,8,337.5,350.471,19.1315
19,20,4,10,1,22.5,117.332,11.3288
19,20,4,10,2,67.5,130.866,11.834
19,20,4,10,3,112.5,0,0
19,20,4,10,4,157.5,0,0
19,20,4,10,5,202.5,0,0
19,20,4,10,6,247.5,19.5774,4.69576
19,20,4,10,7,292.5,132.518,11.9672
19,20,4,10,8,337.5,98.6893,10.233
19,20,4,11,1,22.5,0,0
19,20,4,11,2,67.5,0,0
19,20,4,11,3,112.5,0,0
19,20,4,11,4,157.5,0,0
19,20,4,11,5,202.5,0,0
19,20,4,11,6,247.5,0,0
19,20,4,11,7,292.5,0,0
19,20,4,11,8,337.5,0,0
19,20,5,1,1,22.5,5078.76,79.1856
19,20,5,1,2,67.5,6009.52,86.171
19,20,5,1,3,112.5,11537.8,125.7
19,20,5,1,4,157.5,15425.7,144.844
19,20,5,1,5,202.5,11625.5,127.11
19,20,5,1,6,247.5,4190.87,78.7919
19,20,5,1,7,292.5,2664.28,56.7748
19,20,5,1,8,337.5,3251.87,62.4789
19,20,5,2,1,22.5,1018.42,34.8309
19,20,5,2,2,67.5,1622.38,43.1721
19,20,5,2,3,112.5,4981.35,74.722
19,20,5,2,4,157.5,12591.9,124.195
19,20,5,2,5,202.5,8685.83,101.569
19,20,5,2,6,247.5,1543.51,42.5948
19,20,5,2,7,292.5,1867.89,46.3237
19,20,5,2,8,337.5,1510.76,41.2693
19,20,5,3,1,22.5,890.21,31.4555
19,20,5,3,2,67.5,1403.61,39.5038
19,20,5,3,3,112.5,2716.39,55.4114
19,20,5,3,4,157.5,9477.31,103.493
19,20,5,3,5,202.5,6098.33,82.2274
19,20,5,3,6,247.5,1097.37,35.3363
19,20,5,3,7,292.5,1249.25,37.8293
19,20,5,3,8,337.5,797.702,29.0077
19,20,5,4,1,22.5,379.943,20.056
19,20,5,4,2,67.5,788.061,29.9939
19,20,5,4,3,112.5,1591.06,42.1919
19,20,5,4,4,157.5,6764.81,86.2206
19,20,5,4,5,202.5,4112.57,67.417
19,20,5,4,6,247.5,958.156,32.4959
19,20,5,4,7,292.5,2977.85,56.4112
19,20,5,4,8,337.5,226.641,15.686
19,20,5,5,1,22.5,313.31,18.3566
19,20,5,5,2,67.5,3598.77,61.5601
19,20,5,5,3,112.5,1572.85,41.5663
19,20,5,5,4,157.5,8175.77,93.8592
19,20,5,5,5,202.5,4839.7,72.4824
19,20,5,5,6,247.5,2739.6,54.2313
19,20,5,5,7,292.5,7602.26,89.4165
19,20,5,5,8,337.5,382.301,20.4086
19,20,5,6,1,22.5,294.077,17.7621
19,20,5,6,2,67.5,4488.47,68.6736
19,20,5,6,3,112.5,1022.56,32.9714
19,20,5,6,4,157.5,3743.03,62.8459
19,20,5,6,5,202.5,2206.5,48.1656
19,20,5,6,6,247.5,2828.4,55.3382
19,20,5,6,7,292.5,4721,70.2516
19,20,5,6,8,337.5,389.093,20.264
19,20,5,7,1,22.5,237.107,15.9944
19,20,5,7,2,67.5,2678.75,52.7831
19,20,5,7,3,112.5,754.17,28.1183
19,20,5,7,4,157.5,1494.39,39.6886
19,20,5,7,5,202.5,917.301,31.1916
19,20,5,7,6,247.5,1875.92,44.8315
19,20,5,7,7,292.5,2020.73,45.8784
19,20,5,7,8,337.5,152.804,12.8169
19,20,5,8,1,22.5,99.574,10.4018
19,20,5,8,2,67.5,1687.68,42.3442
19,20,5,8,3,112.5,684.273,26.9287
19,20,5,8,4,157.5,693.967,27.0972
19,20,5,8,5,202.5,365.655,19.6838
19,20,5,8,6,247.5,1479.61,39.2498
19,20,5,8,7,292.5,1087.51,33.8537
19,20,5,8,8,337.5,120.449,11.4195
19,20,5,9,1,22.5,56.008,7.86865
19,20,5,9,2,67.5,441.261,21.5051
19,20,5,9,3,112.5,303.642,18.12
19,20,5,9,4,157.5,100.515,10.4555
19,20,5,9,5,202.5,47.6607,7.34368
19,20,5,9,6,247.5,470.143,22.0902
19,20,5,9,7,292.5,278.094,17.1356
19,20,5,9,8,337.5,101.227,10.4196
19,20,5,10,1,22.5,16.5575,4.67331
19,20,5,10,2,67.5,104.462,10.5439
19,20,5,10,3,112.5,35.8199,6.1771
19,20,5,10,4,157.5,0,0
19,20,5,10,5,202.5,0,0
19,20,5,10,6,247.5,106.947,10.8101
19,20,5,10,7,292.5,33.8265,6.03989
19,20,5,10,8,337.5,50.3287,7.81639
19,20,5,11,1,22.5,0,0
19,20,5,11,2,67.5,0,0
19,20,5,11,3,112.5,0,0
19,20,5,11,4,157.5,0,0
19,20,5,11,5,202.5,0,0
19,20,5,11,6,247.5,0,0
19,20,5,11,7,292.5,0,0
19,20,5,11,8,337.5,0,0
19,20,6,1,1,22.5,4254.52,68.8632
19,20,6,1,2,67.5,4618.84,73.6408
19,20,6,1,3,112.5,7080.8,92.4232
19,20,6,1,4,157.5,8652.95,98.6049
19,20,6,1,5,202.5,7036.83,89.1658
19,20,6,1,6,247.5,2943.35,57.3686
19,20,6,1,7,292.5,1595.45,42.1475
19,20,6,1,8,337.5,2430.71,56.9449
19,20,6,2,1,22.5,610.083,26.0663
19,20,6,2,2,67.5,518.657,24.1764
19,20,6,2,3,112.5,3640.44,63.0936
19,20,6,2,4,157.5,6922.23,87.3471
19,20,6,2,5,202.5,5105.13,75.4016
19,20,6,2,6,247.5,650.598,26.7305
19,20,6,2,7,292.5,347.337,20.4873
19,20,6,2,8,337.5,433.509,21.7986
19,20,6,3,1,22.5,199.555,14.6954
19,20,6,3,2,67.5,258.424,17.1672
19,20,6,3,3,112.5,1830.96,44.0922
19,20,6,3,4,157.5,5413.41,77.0385
19,20,6,3,5,202.5,3727.48,63.4636
19,20,6,3,6,247.5,274.692,17.2435
19,20,6,3,7,292.5,255.324,16.9526
19,20,6,3,8,337.5,275.357,17.4059
19,20,6,4,1,22.5,152.141,13.1792
19,20,6,4,2,67.5,151.12,13.2273
19,20,6,4,3,112.5,946.632,31.5328
19,20,6,4,4,157.5,3839.66,63.9941
19,20,6,4,5,202.5,2618.47,52.4989
19,20,6,4,6,247.5,170.607,13.7443
19,20,6,4,7,292.5,431.444,21.6116
19,20,6,4,8,337.5,131.787,12.0008
19,20,6,5,1,22.5,77.2277,9.17101
19,20,6,5,2,67.5,503.152,23.3716
19,20,6,5,3,112.5,813.419,29.5111
19,20,6,5,4,157.5,5105.64,73.472
19,20,6,5,5,202.5,3209.64,58.3195
19,20,6,5,6,247.5,367.498,20.2415
19,20,6,5,7,292.5,2258.83,48.4767
19,20,6,5,8,337.5,130.148,11.9322
19,20,6,6,1,22.5,84.1249,9.74883
19,20,6,6,2,67.5,1066.84,33.2601
19,20,6,6,3,112.5,271.753,17.0072
19,20,6,6,4,157.5,2497.68,51.35
19,20,6,6,5,202.5,1530.91,39.9484
19,20,6,6,6,247.5,616.655,25.5382
19,20,6,6,7,292.5,2051.03,46.3207
19,20,6,6,8,337.5,52.9896,8.09104
19,20,6,7,1,22.5,0,0
19,20,6,7,2,67.5,890.297,30.4677
19,20,6,7,3,112.5,146.039,12.7167
19,20,6,7,4,157.5,1081.68,33.5193
19,20,6,7,5,202.5,691.693,26.8918
19,20,6,7,6,247.5,544.73,23.8451
19,20,6,7,7,292.5,1005.69,32.3347
19,20,6,7,8,337.5,0,0
19,20,6,8,1,22.5,9.84606,3.34264
19,20,6,8,2,67.5,503.562,22.8439
19,20,6,8,3,112.5,123.646,11.7058
19,20,6,8,4,157.5,532.552,23.7104
19,20,6,8,5,202.5,327.324,18.7976
19,20,6,8,6,247.5,371.01,19.7408
19,20,6,8,7,292.5,410.798,20.7991
19,20,6,8,8,337.5,0,0
19,20,6,9,1,22.5,0,0
19,20,6,9,2,67.5,62.9426,8.34273
19,20,6,9,3,112.5,20.0494,4.69237
19,20,6,9,4,157.5,75.3314,8.97616
19,20,6,9,5,202.5,32.5652,5.93376
19,20,6,9,6,247.5,68.7822,8.6916
19,20,6,9,7,292.5,22.9271,5.01868
19,20,6,9,8,337.5,0,0
19,20,6,10,1,22.5,0,0
19,20,6,10,2,67.5,0,0
19,20,6,10,3,112.5,0,0
19,20,6,10,4,157.5,0,0
19,20,6,10,5,202.5,0,0
19,20,6,10,6,247.5,0,0
19,20,6,10,7,292.5,0,0
19,20,6,10,8,337.5,0,0
19,20,6,11,1,22.5,0,0
19,20,6,11,2,67.5,0,0
19,20,6,11,3,112.5,0,0
19,20,6,11,4,157.5,0,0
19,20,6,11,5,202.5,0,0
19,20,6,11,6,247.5,0,0
19,20,6,11,7,292.5,0,0
19,20,6,11,8,337.5,0,0
19,20,7,1,1,22.5,1302.35,37.2998
19,20,7,1,2,67.5,1565.43,41.1073
19,20,7,1,3,112.5,2071,47.0048
19,20,7,1,4,157.5,2339.43,50.3027
19,20,7,1,5,202.5,1999.39,46.0713
19,20,7,1,6,247.5,857.104,30.5825
19,20,7,1,7,292.5,450.116,21.8137
19,20,7,1,8,337.5,678.111,27.4707
19,20,7,2,1,22.5,214.903,15.2618
19,20,7,2,2,67.5,165.503,13.447
19,20,7,2,3,112.5,991.288,32.258
19,20,7,2,4,157.5,1644.09,41.795
19,20,7,2,5,202.5,1293.81,37.344
19,20,7,2,6,247.5,127.995,11.8949
19,20,7,2,7,292.5,0,0
19,20,7,2,8,337.5,48.7631,7.34093
19,20,7,3,1,22.5,0,0
19,20,7,3,2,67.5,0,0
19,20,7,3,3,112.5,441.962,21.6505
19,20,7,3,4,157.5,1044.43,33.1325
19,20,7,3,5,202.5,744.2,27.9153
19,20,7,3,6,247.5,0,0
19,20,7,3,7,292.5,0,0
19,20,7,3,8,337.5,0,0
19,20,7,4,1,22.5,0,0
19,20,7,4,2,67.5,0,0
19,20,7,4,3,112.5,205.394,14.8359
19,20,7,4,4,157.5,762.797,28.2448
19,20,7,4,5,202.5,460.703,22.0932
19,20,7,4,6,247.5,0,0
19,20,7,4,7,292.5,0,0
19,20,7,4,8,337.5,0,0
19,20,7,5,1,22.5,0,0
19,20,7,5,2,67.5,0,0
19,20,7,5,3,112.5,133.028,11.9376
19,20,7,5,4,157.5,680.36,26.6863
19,20,7,5,5,202.5,517.348,23.6265
19,20,7,5,6,247.5,18.5332,4.8503
19,20,7,5,7,292.5,145.763,12.3542
19,20,7,5,8,337.5,0,0
19,20,7,6,1,22.5,0,0
19,20,7,6,2,67.5,0,0
19,20,7,6,3,112.5,20.9165,4.92527
19,20,7,6,4,157.5,183.087,13.9523
19,20,7,6,5,202.5,160.979,13.0554
19,20,7,6,6,247.5,16.0394,4.33753
19,20,7,6,7,292.5,124.465,10.9483
19,20,7,6,8,337.5,0,0
19,20,7,7,1,22.5,0,0
19,20,7,7,2,67.5,0,0
19,20,7,7,3,112.5,0,0
19,20,7,7,4,157.5,34.3799,6.14433
19,20,7,7,5,202.5,11.7473,3.61611
19,20,7,7,6,247.5,0,0
19,20,7,7,7,292.5,0,0
19,20,7,7,8,337.5,0,0
19,20,7,8,1,22.5,0,0
19,20,7,8,2,67.5,0,0
19,20,7,8,3,112.5,0,0
19,20,7,8,4,157.5,0,0
19,20,7,8,5,202.5,0,0
19,20,7,8,6,247.5,0,0
19,20,7,8,7,292.5,0,0
19,20,7,8,8,337.5,0,0
19,20,7,9,1,22.5,0,0
19,20,7,9,2,67.5,0,0
19,20,7,9,3,112.5,0,0
19,20,7,9,4,157.5,0,0
19,20,7,9,5,202.5,0,0
19,20,7,9,6,247.5,0,0
19,20,7,9,7,292.5,0,0
19,20,7,9,8,337.5,0,0
19,20,7,10,1,22.5,0,0
19,20,7,10,2,67.5,0,0
19,20,7,10,3,112.5,0,0
19,20,7,10,4,157.5,0,0
19,20,7,10,5,202.5,0,0
19,20,7,10,6,247.5,0,0
19,20,7,10,7,292.5,0,0
19,20,7,10,8,337.5,0,0
19,20,7,11,1,22.5,0,0
19,20,7,11,2,67.5,0,0
19,20,7,11,3,112.5,0,0
19,20,7,11,4,157.5,0,0
19,20,7,11,5,202.5,0,0
19,20,7,11,6,247.5,0,0
19,20,7,11,7,292.5,0,0
19,20,7,11,8,337.5,0,0
19,20,8,1,1,22.5,0,0
19,20,8,1,2,67.5,0,0
19,20,8,1,3,112.5,0,0
19,20,8,1,4,157.5,0,0
19,20,8,1,5,202.5,0,0
19,20,8,1,6,247.5,0,0
19,20,8,1,7,292.5,0,0
19,20,8,1,8,337.5,0,0
19,20,8,2,1,22.5,0,0
19,20,8,2,2,67.5,0,0
19,20,8,2,3,112.5,0,0
19,20,8,2,4,157.5,0,0
19,20,8,2,5,202.5,0,0
19,20,8,2,6,247.5,0,0
19,20,8,2,7,292.5,0,0
19,20,8,2,8,337.5,0,0
19,20,8,3,1,22.5,0,0
19,20,8,3,2,67.5,0,0
19,20,8,3,3,112.5,0,0
19,20,8,3,4,157.5,0,0
19,20,8,3,5,202.5,0,0
19,20,8,3,6,247.5,0,0
19,20,8,3,7,292.5,0,0
19,20,8,3,8,337.5,0,0
19,20,8,4,1,22.5,0,0
19,20,8,4,2,67.5,0,0
19,20,8,4,3,112.5,0,0
19,20,8,4,4,157.5,0,0
19,20,8,4,5,202.5,0,0
19,20,8,4,6,247.5,0,0
19,20,8,4,7,292.5,0,0
19,20,8,4,8,337.5,0,0
19,20,8,5,1,22.5,0,0
19,20,8,5,2,67.5,0,0
19,20,8,5,3,112.5,0,0
19,20,8,5,4,157.5,0,0
19,20,8,5,5,202.5,0,0
19,20,8,5,6,247.5,0,0
19,20,8,5,7,292.5,0,0
19,20,8,5,8,337.5,0,0
19,20,8,6,1,22.5,0,0
19,20,8,6,2,67.5,0,0
19,20,8,6,3,112.5,0,0
19,20,8,6,4,157.5,0,0
19,20,8,6,5,202.5,0,0
19,20,8,6,6,247.5,0,0
19,20,8,6,7,292.5,0,0
19,20,8,6,8,337.5,0,0
19,20,8,7,1,22.5,0,0
19,20,8,7,2,67.5,0,0
19,20,8,7,3,112.5,0,0
19,20,8,7,4,157.5,0,0
19,20,8,7,5,202.5,0,0
19,20,8,7,6,247.5,0,0
19,20,8,7,7,292.5,0,0
19,20,8,7,8,337.5,0,0
19,20,8,8,1,22.5,0,0
19,20,8,8,2,67.5,0,0
19,20,8,8,3,112.5,0,0
19,20,8,8,4,157.5,0,0
19,20,8,8,5,202.5,0,0
19,20,8,8,6,247.5,0,0
19,20,8,8,7,292.5,0,0
19,20,8,8,8,337.5,0,0
19,20,8,9,1,22.5,0,0
19,20,8,9,2,67.5,0,0
19,20,8,9,3,112.5,0,0
19,20,8,9,4,157.5,0,0
19,20,8,9,5,202.5,0,0
19,20,8,9,6,247.5,0,0
19,20,8,9,7,292.5,0,0
19,20,8,9,8,337.5,0,0
19,20,8,10,1,22.5,0,0
19,20,8,10,2,67.5,0,0
19,20,8,10,3,112.5,0,0
19,20,8,10,4,157.5,0,0
19,20,8,10,5,202.5,0,0
19,20,8,10,6,247.5,0,0
19,20,8,10,7,292.5,0,0
19,20,8,10,8,337.5,0,0
19,20,8,11,1,22.5,0,0
19,20,8,11,2,67.5,0,0
19,20,8,11,3,112.5,0,0
19,20,8,11,4,157.5,0,0
19,20,8,11,5,202.5,0,0
19,20,8,11,6,247.5,0,0
19,20,8,11,7,292.5,0,0
19,20,8,11,8,337.5,0,0
20,21,1,1,1,22.5,0,0
20,21,1,1,2,67.5,0,0
20,21,1,1,3,112.5,0,0
20,21,1,1,4,157.5,0,0
20,21,1,1,5,202.5,0,0
20,21,1,1,6,247.5,0,0
20,21,1,1,7,292.5,0,0
20,21,1,1,8,337.5,0,0
20,21,1,2,1,22.5,0,0
20,21,1,2,2,67.5,0,0
20,21,1,2,3,112.5,0,0
20,21,1,2,4,157.5,0,0
20,21,1,2,5,202.5,0,0
20,21,1,2,6,247.5,0,0
20,21,1,2,7,292.5,0,0
20,21,1,2,8,337.5,0,0
20,21,1,3,1,22.5,0,0
20,21,1,3,2,67.5,0,0
20,21,1,3,3,112.5,0,0
20,21,1,3,4,157.5,0,0
20,21,1,3,5,202.5,0,0
20,21,1,3,6,247.5,0,0
20,21,1,3,7,292.5,0,0
20,21,1,3,8,337.5,0,0
20,21,1,4,1,22.5,0,0
20,21,1,4,2,67.5,0,0
20,21,1,4,3,112.5,0,0
20,21,1,4,4,157.5,0,0
20,21,1,4,5,202.5,0,0
20,21,1,4,6,247.5,0,0
20,21,1,4,7,292.5,0,0
20,21,1,4,8,337.5,0,0
20,21,1,5,1,22.5,0,0
20,21,1,5,2,67.5,0,0
20,21,1,5,3,112.5,0,0
20,21,1,5,4,157.5,0,0
20,21,1,5,5,202.5,0,0
20,21,1,5,6,247.5,0,0
20,21,1,5,7,292.5,0,0
20,21,1,5,8,337.5,0,0
20,21,1,6,1,22.5,0,0
20,21,1,6,2,67.5,0,0
20,21,1,6,3,112.5,0,0
20,21,1,6,4,157.5,0,0
20,21,1,6,5,202.5,0,0
20,21,1,6,6,247.5,0,0
20,21,1,6,7,292.5,0,0
20,21,1,6,8,337.5,0,0
20,21,1,7,1,22.5,0,0
20,21,1,7,2,67.5,0,0
20,21,1,7,3,112.5,0,0
20,21,1,7,4,157.5,0,0
20,21,1,7,5,202.5,0,0
20,21,1,7,6,247.5,0,0
20,21,1,7,7,292.5,0,0
20,21,1,7,8,337.5,0,0
20,21,1,8,1,22.5,0,0
20,21,1,8,2,67.5,0,0
20,21,1,8,3,112.5,0,0
20,21,1,8,4,157.5,0,0
20,21,1,8,5,202.5,0,0
20,21,1,8,6,247.5,0,0
20,21,1,8,7,292.5,0,0
20,21,1,8,8,337.5,0,0
20,21,1,9,1,22.5,0,0
20,21,1,9,2,67.5,0,0
20,21,1,9,3,112.5,0,0
20,21,1,9,4,157.5,0,0
20,21,1,9,5,202.5,0,0
20,21,1,9,6,247.5,0,0
20,21,1,9,7,292.5,0,0
20,21,1,9,8,337.5,0,0
20,21,1,10,1,22.5,0,0
20,21,1,10,2,67.5,0,0
20,21,1,10,3,112.5,0,0
20,21,1,10,4,157.5,0,0
20,21,1,10,5,202.5,0,0
20,21,1,10,6,247.5,0,0
20,21,1,10,7,292.5,0,0
20,21,1,10,8,337.5,0,0
20,21,1,11,1,22.5,0,0
20,21,1,11,2,67.5,0,0
20,21,1,11,3,112.5,0,0
20,21,1,11,4,157.5,0,0
20,21,1,11,5,202.5,0,0
20,21,1,11,6,247.5,0,0
20,21,1,11,7,292.5,0,0
20,21,1,11,8,337.5,0,0
20,21,2,1,1,22.5,0,0
20,21,2,1,2,67.5,0,0
20,21,2,1,3,112.5,0,0
20,21,2,1,4,157.5,0,0
20,21,2,1,5,202.5,0,0
20,21,2,1,6,247.5,0,0
20,21,2,1,7,292.5,0,0
20,21,2,1,8,337.5,0,0
20,21,2,2,1,22.5,0,0
20,21,2,2,2,67.5,0,0
20,21,2,2,3,112.5,0,0
20,21,2,2,4,157.5,0,0
20,21,2,2,5,202.5,0,0
20,21,2,2,6,247.5,0,0
20,21,2,2,7,292.5,0,0
20,21,2,2,8,337.5,0,0
20,21,2,3,1,22.5,0,0
20,21,2,3,2,67.5,0,0
20,21,2,3,3,112.5,0,0
20,21,2,3,4,157.5,0,0
20,21,2,3,5,202.5,0,0
20,21,2,3,6,247.5,0,0
20,21,2,3,7,292.5,0,0
20,21,2,3,8,337.5,0,0
20,21,2,4,1,22.5,0,0
20,21,2,4,2,67.5,0,0
20,21,2,4,3,112.5,0,0
20,21,2,4,4,157.5,0,0
20,21,2,4,5,202.5,0,0
20,21,2,4,6,247.5,0,0
20,21,2,4,7,292.5,0,0
20,21,2,4,8,337.5,0,0
20,21,2,5,1,22.5,0,0
20,21,2,5,2,67.5,0,0
20,21,2,5,3,112.5,0,0
20,21,2,5,4,157.5,0,0
20,21,2,5,5,202.5,0,0
20,21,2,5,6,247.5,0,0
20,21,2,5,7,292.5,0,0
20,21,2,5,8,337.5,0,0
20,21,2,6,1,22.5,0,0
20,21,2,6,2,67.5,0,0
20,21,2,6,3,112.5,0,0
20,21,2,6,4,157.5,0,0
20,21,2,6,5,202.5,0,0
20,21,2,6,6,247.5,0,0
20,21,2,6,7,292.5,0,0
20,21,2,6,8,337.5,0,0
20,21,2,7,1,22.5,0,0
20,21,2,7,2,67.5,0,0
20,21,2,7,3,112.5,0,0
20,21,2,7,4,157.5,0,0
20,21,2,7,5,202.5,0,0
20,21,2,7,6,247.5,0,0
20,21,2,7,7,292.5,0,0
20,21,2,7,8,337.5,0,0
20,21,2,8,1,22.5,0,0
20,21,2,8,2,67.5,0,0
20,21,2,8,3,112.5,0,0
20,21,2,8,4,157.5,0,0
20,21,2,8,5,202.5,0,0
20,21,2,8,6,247.5,0,0
20,21,2,8,7,292.5,0,0
20,21,2,8,8,337.5,0,0
20,21,2,9,1,22.5,0,0
20,21,2,9,2,67.5,0,0
20,21,2,9,3,112.5,0,0
20,21,2,9,4,157.5,0,0
20,21,2,9,5,202.5,0,0
20,21,2,9,6,247.5,0,0
20,21,2,9,7,292.5,0,0
20,21,2,9,8,337.5,0,0
20,21,2,10,1,22.5,0,0
20,21,2,10,2,67.5,0,0
20,21,2,10,3,112.5,0,0
20,21,2,10,4,157.5,0,0
20,21,2,10,5,202.5,0,0
20,21,2,10,6,247.5,0,0
20,21,2,10,7,292.5,0,0
20,21,2,10,8,337.5,0,0
20,21,2,11,1,22.5,0,0
20,21,2,11,2,67.5,0,0
20,21,2,11,3,112.5,0,0
20,21,2,11,4,157.5,0,0
20,21,2,11,5,202.5,0,0
20,21,2,11,6,247.5,0,0
20,21,2,11,7,292.5,0,0
20,21,2,11,8,337.5,0,0
20,21,3,1,1,22.5,243.815,21.836
20,21,3,1,2,67.5,472.45,33.4892
20,21,3,1,3,112.5,391.886,40.0271
20,21,3,1,4,157.5,523.027,27.952
20,21,3,1,5,202.5,350.059,26.2104
20,21,3,1,6,247.5,334.114,28.4745
20,21,3,1,7,292.5,624.354,39.1802
20,21,3,1,8,337.5,456.095,25.1467
20,21,3,2,1,22.5,188.387,15.4506
20,21,3,2,2,67.5,503.754,28.0353
20,21,3,2,3,112.5,218.114,15.9992
20,21,3,2,4,157.5,0,0
20,21,3,2,5,202.5,0,0
20,21,3,2,6,247.5,238.667,17.9479
20,21,3,2,7,292.5,303.424,20.16
20,21,3,2,8,337.5,131.648,12.9368
20,21,3,3,1,22.5,30.2857,6.22647
20,21,3,3,2,67.5,214.244,15.6193
20,21,3,3,3,112.5,33.401,6.12453
20,21,3,3,4,157.5,0,0
20,21,3,3,5,202.5,0,0
20,21,3,3,6,247.5,0,0
20,21,3,3,7,292.5,317.647,19.5987
20,21,3,3,8,337.5,17.5847,4.63435
20,21,3,4,1,22.5,32.4281,6.07138
20,21,3,4,2,67.5,194.303,14.4872
20,21,3,4,3,112.5,0,0
20,21,3,4,4,157.5,0,0
20,21,3,4,5,202.5,0,0
20,21,3,4,6,247.5,0,0
20,21,3,4,7,292.5,191.999,14.7042
20,21,3,4,8,337.5,88.8527,9.83935
20,21,3,5,1,22.5,120.963,11.8582
20,21,3,5,2,67.5,167.569,13.5334
20,21,3,5,3,112.5,0,0
20,21,3,5,4,157.5,0,0
20,21,3,5,5,202.5,0,0
20,21,3,5,6,247.5,0,0
20,21,3,5,7,292.5,126.444,11.8282
20,21,3,5,8,337.5,64.5653,8.38924
20,21,3,6,1,22.5,0,0
20,21,3,6,2,67.5,13.5366,4.0849
20,21,3,6,3,112.5,0,0
20,21,3,6,4,157.5,0,0
20,21,3,6,5,202.5,0,0
20,21,3,6,6,247.5,0,0
20,21,3,6,7,292.5,0,0
20,21,3,6,8,337.5,11.9929,3.77715
20,21,3,7,1,22.5,0,0
20,21,3,7,2,67.5,0,0
20,21,3,7,3,112.5,0,0
20,21,3,7,4,157.5,0,0
20,21,3,7,5,202.5,0,0
20,21,3,7,6,247.5,0,0
20,21,3,7,7,292.5,0,0
20,21,3,7,8,337.5,0,0
20,21,3,8,1,22.5,0,0
20,21,3,8,2,67.5,0,0
20,21,3,8,3,112.5,0,0
20,21,3,8,4,157.5,0,0
20,21,3,8,5,202.5,0,0
20,21,3,8,6,247.5,0,0
20,21,3,8,7,292.5,0,0
20,21,3,8,8,337.5,0,0
20,21,3,9,1,22.5,0,0
20,21,3,9,2,67.5,0,0
20,21,3,9,3,112.5,0,0
20,21,3,9,4,157.5,0,0
20,21,3,9,5,202.5,0,0
20,21,3,9,6,247.5,0,0
20,21,3,9,7,292.5,0,0
20,21,3,9,8,337.5,0,0
20,21,3,10,1,22.5,0,0
20,21,3,10,2,67.5,0,0
20,21,3,10,3,112.5,0,0
20,21,3,10,4,157.5,0,0
20,21,3,10,5,202.5,0,0
20,21,3,10,6,247.5,0,0
20,21,3,10,7,292.5,0,0
20,21,3,10,8,337.5,0,0
20,21,3,11,1,22.5,0,0
20,21,3,11,2,67.5,0,0
20,21,3,11,3,112.5,0,0
20,21,3,11,4,157.5,0,0
20,21,3,11,5,202.5,0,0
20,21,3,11,6,247.5,0,0
20,21,3,11,7,292.5,0,0
20,21,3,11,8,337.5,0,0
20,21,4,1,1,22.5,1062.92,46.4889
20,21,4,1,2,67.5,1217.06,44.726
20,21,4,1,3,112.5,1594.66,50.0462
20,21,4,1,4,157.5,1502.01,55.1402
20,21,4,1,5,202.5,1356.6,44.5237
20,21,4,1,6,247.5,854.441,35.7737
20,21,4,1,7,292.5,1065.61,43.563
20,21,4,1,8,337.5,899.667,40.6442
20,21,4,2,1,22.5,650.686,27.9451
20,21,4,2,2,67.5,976.06,36.1103
20,21,4,2,3,112.5,362.296,21.4033
20,21,4,2,4,157.5,224.774,15.8016
20,21,4,2,5,202.5,146.045,12.8155
20,21,4,2,6,247.5,646.398,28.8694
20,21,4,2,7,292.5,711.241,30.4743
20,21,4,2,8,337.5,704.566,29.5722
20,21,4,3,1,22.5,253.335,16.9049
20,21,4,3,2,67.5,387.308,22.9191
20,21,4,3,3,112.5,265.604,17.1683
20,21,4,3,4,157.5,0,0
20,21,4,3,5,202.5,0,0
20,21,4,3,6,247.5,224.272,15.6511
20,21,4,3,7,292.5,478.997,23.4847
20,21,4,3,8,337.5,174.352,13.9448
20,21,4,4,1,22.5,12.321,3.76582
20,21,4,4,2,67.5,334.351,19.2754
20,21,4,4,3,112.5,90.8305,9.96008
20,21,4,4,4,157.5,0,0
20,21,4,4,5,202.5,0,0
20,21,4,4,6,247.5,29.9397,5.93936
20,21,4,4,7,292.5,592.376,25.2008
20,21,4,4,8,337.5,51.2593,7.97633
20,21,4,5,1,22.5,89.5271,10.0506
20,21,4,5,2,67.5,567.814,24.8695
20,21,4,5,3,112.5,15.0953,4.29293
20,21,4,5,4,157.5,0,0
20,21,4,5,5,202.5,0,0
20,21,4,5,6,247.5,18.9825,4.66824
20,21,4,5,7,292.5,594.87,25.1089
20,21,4,5,8,337.5,139.891,12.2813
20,21,4,6,1,22.5,0,0
20,21,4,6,2,67.5,91.6462,10.1655
20,21,4,6,3,112.5,0,0
20,21,4,6,4,157.5,0,0
20,21,4,6,5,202.5,0,0
20,21,4,6,6,247.5,0,0
20,21,4,6,7,292.5,77.5408,9.76753
20,21,4,6,8,337.5,15.4268,4.36742
20,21,4,7,1,22.5,0,0
20,21,4,7,2,67.5,0,0
20,21,4,7,3,112.5,0,0
20,21,4,7,4,157.5,0,0
20,21,4,7,5,202.5,0,0
20,21,4,7,6,247.5,0,0
20,21,4,7,7,292.5,0,0
20,21,4,7,8,337.5,0,0
20,21,4,8,1,22.5,0,0
20,21,4,8,2,67.5,0,0
20,21,4,8,3,112.5,0,0
20,21,4,8,4,157.5,0,0
20,21,4,8,5,202.5,0,0
20,21,4,8,6,247.5,0,0
20,21,4,8,7,292.5,0,0
20,21,4,8,8,337.5,0,0
20,21,4,9,1,22.5,0,0
20,21,4,9,2,67.5,0,0
20,21,4,9,3,112.5,0,0
20,21,4,9,4,157.5,0,0
20,21,4,9,5,202.5,0,0
20,21,4,9,6,247.5,0,0
20,21,4,9,7,292.5,0,0
20,21,4,9,8,337.5,0,0
20,21,4,10,1,22.5,0,0
20,21,4,10,2,67.5,0,0
20,21,4,10,3,112.5,0,0
20,21,4,10,4,157.5,0,0
20,21,4,10,5,202.5,0,0
20,21,4,10,6,247.5,0,0
20,21,4,10,7,292.5,0,0
20,21,4,10,8,337.5,0,0
20,21,4,11,1,22.5,0,0
20,21,4,11,2,67.5,0,0
20,21,4,11,3,112.5,0,0
20,21,4,11,4,157.5,0,0
20,21,4,11,5,202.5,0,0
20,21,4,11,6,247.5,0,0
20,21,4,11,7,292.5,0,0
20,21,4,11,8,337.5,0,0
20,21,5,1,1,22.5,1412.77,42.985
20,21,5,1,2,67.5,1310.22,41.7904
20,21,5,1,3,112.5,1772.59,47.3744
20,21,5,1,4,157.5,1770.56,47.2999
20,21,5,1,5,202.5,1461.26,49.5983
20,21,5,1,6,247.5,879.189,35.1205
20,21,5,1,7,292.5,641.273,29.4223
20,21,5,1,8,337.5,807.198,32.9637
20,21,5,2,1,22.5,233.604,16.1852
20,21,5,2,2,67.5,311.464,19.0458
20,21,5,2,3,112.5,451.462,25.034
20,21,5,2,4,157.5,470.245,23.3692
20,21,5,2,5,202.5,401.446,21.532
20,21,5,2,6,247.5,243.969,16.5483
20,21,5,2,7,292.5,466.577,22.794
20,21,5,2,8,337.5,354.106,19.9665
20,21,5,3,1,22.5,220.264,15.4471
20,21,5,3,2,67.5,243.296,16.3221
20,21,5,3,3,112.5,158.382,13.6638
20,21,5,3,4,157.5,78.5639,9.59795
20,21,5,3,5,202.5,37.6011,6.47532
20,21,5,3,6,247.5,185.117,14.3444
20,21,5,3,7,292.5,168.608,14.1586
20,21,5,3,8,337.5,214.69,15.3004
20,21,5,4,1,22.5,69.4479,10.3293
20,21,5,4,2,67.5,54.8527,8.01636
20,21,5,4,3,112.5,80.4387,9.59108
20,21,5,4,4,157.5,0,0
20,21,5,4,5,202.5,0,0
20,21,5,4,6,247.5,72.5018,9.47134
20,21,5,4,7,292.5,191.955,14.5545
20,21,5,4,8,337.5,50.1736,7.71485
20,21,5,5,1,22.5,0,0
20,21,5,5,2,67.5,107.952,10.9113
20,21,5,5,3,112.5,20.871,4.83822
20,21,5,5,4,157.5,0,0
20,21,5,5,5,202.5,0,0
20,21,5,5,6,247.5,38.8133,6.42128
20,21,5,5,7,292.5,216.821,15.3012
20,21,5,5,8,337.5,20.7629,4.82548
20,21,5,6,1,22.5,0,0
20,21,5,6,2,67.5,0,0
20,21,5,6,3,112.5,0,0
20,21,5,6,4,157.5,0,0
20,21,5,6,5,202.5,0,0
20,21,5,6,6,247.5,0,0
20,21,5,6,7,292.5,0,0
20,21,5,6,8,337.5,0,0
20,21,5,7,1,22.5,0,0
20,21,5,7,2,67.5,0,0
20,21,5,7,3,112.5,0,0
20,21,5,7,4,157.5,0,0
20,21,5,7,5,202.5,0,0
20,21,5,7,6,247.5,0,0
20,21,5,7,7,292.5,0,0
20,21,5,7,8,337.5,0,0
20,21,5,8,1,22.5,0,0
20,21,5,8,2,67.5,0,0
20,21,5,8,3,112.5,0,0
20,21,5,8,4,157.5,0,0
20,21,5,8,5,202.5,0,0
20,21,5,8,6,247.5,0,0
20,21,5,8,7,292.5,0,0
20,21,5,8,8,337.5,0,0
20,21,5,9,1,22.5,0,0
20,21,5,9,2,67.5,0,0
20,21,5,9,3,112.5,0,0
20,21,5,9,4,157.5,0,0
20,21,5,9,5,202.5,0,0
20,21,5,9,6,247.5,0,0
20,21,5,9,7,292.5,0,0
20,21,5,9,8,337.5,0,0
20,21,5,10,1,22.5,0,0
20,21,5,10,2,67.5,0,0
20,21,5,10,3,112.5,0,0
20,21,5,10,4,157.5,0,0
20,21,5,10,5,202.5,0,0
20,21,5,10,6,247.5,0,0
20,21,5,10,7,292.5,0,0
20,21,5,10,8,337.5,0,0
20,21,5,11,1,22.5,0,0
20,21,5,11,2,67.5,0,0
20,21,5,11,3,112.5,0,0
20,21,5,11,4,157.5,0,0
20,21,5,11,5,202.5,0,0
20,21,5,11,6,247.5,0,0
20,21,5,11,7,292.5,0,0
20,21,5,11,8,337.5,0,0
20,21,6,1,1,22.5,321.634,19.0785
20,21,6,1,2,67.5,288.519,19.8483
20,21,6,1,3,112.5,378.523,20.5896
20,21,6,1,4,157.5,398.506,21.4686
20,21,6,1,5,202.5,368.785,20.4469
20,21,6,1,6,247.5,252.015,17.1454
20,21,6,1,7,292.5,116.9,11.9774
20,21,6,1,8,337.5,193.678,14.749
20,21,6,2,1,22.5,37.7258,6.65703
20,21,6,2,2,67.5,26.2422,5.5211
20,21,6,2,3,112.5,88.6702,9.84668
20,21,6,2,4,157.5,135.136,12.2401
20,21,6,2,5,202.5,100.261,10.3971
20,21,6,2,6,247.5,40.3601,7.39319
20,21,6,2,7,292.5,0,0
20,21,6,2,8,337.5,0,0
20,21,6,3,1,22.5,0,0
20,21,6,3,2,67.5,0,0
20,21,6,3,3,112.5,0,0
20,21,6,3,4,157.5,13.9762,3.92503
20,21,6,3,5,202.5,0,0
20,21,6,3,6,247.5,0,0
20,21,6,3,7,292.5,0,0
20,21,6,3,8,337.5,0,0
20,21,6,4,1,22.5,0,0
20,21,6,4,2,67.5,0,0
20,21,6,4,3,112.5,0,0
20,21,6,4,4,157.5,0,0
20,21,6,4,5,202.5,0,0
20,21,6,4,6,247.5,0,0
20,21,6,4,7,292.5,0,0
20,21,6,4,8,337.5,0,0
20,21,6,5,1,22.5,0,0
20,21,6,5,2,67.5,0,0
20,21,6,5,3,112.5,0,0
20,21,6,5,4,157.5,0,0
20,21,6,5,5,202.5,0,0
20,21,6,5,6,247.5,0,0
20,21,6,5,7,292.5,0,0
20,21,6,5,8,337.5,0,0
20,21,6,6,1,22.5,0,0
20,21,6,6,2,67.5,0,0
20,21,6,6,3,112.5,0,0
20,21,6,6,4,157.5,0,0
20,21,6,6,5,202.5,0,0
20,21,6,6,6,247.5,0,0
20,21,6,6,7,292.5,0,0
20,21,6,6,8,337.5,0,0
20,21,6,7,1,22.5,0,0
20,21,6,7,2,67.5,0,0
20,21,6,7,3,112.5,0,0
20,21,6,7,4,157.5,0,0
20,21,6,7,5,202.5,0,0
20,21,6,7,6,247.5,0,0
20,21,6,7,7,292.5,0,0
20,21,6,7,8,337.5,0,0
20,21,6,8,1,22.5,0,0
20,21,6,8,2,67.5,0,0
20,21,6,8,3,112.5,0,0
20,21,6,8,4,157.5,0,0
20,21,6,8,5,202.5,0,0
20,21,6,8,6,247.5,0,0
20,21,6,8,7,292.5,0,0
20,21,6,8,8,337.5,0,0
20,21,6,9,1,22.5,0,0
20,21,6,9,2,67.5,0,0
20,21,6,9,3,112.5,0,0
20,21,6,9,4,157.5,0,0
20,21,6,9,5,202.5,0,0
20,21,6,9,6,247.5,0,0
20,21,6,9,7,292.5,0,0
20,21,6,9,8,337.5,0,0
20,21,6,10,1,22.5,0,0
20,21,6,10,2,67.5,0,0
20,21,6,10,3,112.5,0,0
20,21,6,10,4,157.5,0,0
20,21,6,10,5,202.5,0,0
20,21,6,10,6,247.5,0,0
20,21,6,10,7,292.5,0,0
20,21,6,10,8,337.5,0,0
20,21,6,11,1,22.5,0,0
20,21,6,11,2,67.5,0,0
20,21,6,11,3,112.5,0,0
20,21,6,11,4,157.5,0,0
20,21,6,11,5,202.5,0,0
20,21,6,11,6,247.5,0,0
20,21,6,11,7,292.5,0,0
20,21,6,11,8,337.5,0,0
20,21,7,1,1,22.5,0,0
20,21,7,1,2,67.5,0,0
20,21,7,1,3,112.5,0,0
20,21,7,1,4,157.5,0,0
20,21,7,1,5,202.5,0,0
20,21,7,1,6,247.5,0,0
20,21,7,1,7,292.5,0,0
20,21,7,1,8,337.5,0,0
20,21,7,2,1,22.5,0,0
20,21,7,2,2,67.5,0,0
20,21,7,2,3,112.5,0,0
20,21,7,2,4,157.5,0,0
20,21,7,2,5,202.5,0,0
20,21,7,2,6,247.5,0,0
20,21,7,2,7,292.5,0,0
20,21,7,2,8,337.5,0,0
20,21,7,3,1,22.5,0,0
20,21,7,3,2,67.5,0,0
20,21,7,3,3,112.5,0,0
20,21,7,3,4,157.5,0,0
20,21,7,3,5,202.5,0,0
20,21,7,3,6,247.5,0,0
20,21,7,3,7,292.5,0,0
20,21,7,3,8,337.5,0,0
20,21,7,4,1,22.5,0,0
20,21,7,4,2,67.5,0,0
20,21,7,4,3,112.5,0,0
20,21,7,4,4,157.5,0,0
20,21,7,4,5,202.5,0,0
20,21,7,4,6,247.5,0,0
20,21,7,4,7,292.5,0,0
20,21,7,4,8,337.5,0,0
20,21,7,5,1,22.5,0,0
20,21,7,5,2,67.5,0,0
20,21,7,5,3,112.5,0,0
20,21,7,5,4,157.5,0,0
20,21,7,5,5,202.5,0,0
20,21,7,5,6,247.5,0,0
20,21,7,5,7,292.5,0,0
20,21,7,5,8,337.5,0,0
20,21,7,6,1,22.5,0,0
20,21,7,6,2,67.5,0,0
20,21,7,6,3,112.5,0,0
20,21,7,6,4,157.5,0,0
20,21,7,6,5,202.5,0,0
20,21,7,6,6,247.5,0,0
20,21,7,6,7,292.5,0,0
20,21,7,6,8,337.5,0,0
20,21,7,7,1,22.5,0,0
20,21,7,7,2,67.5,0,0
20,21,7,7,3,112.5,0,0
20,21,7,7,4,157.5,0,0
20,21,7,7,5,202.5,0,0
20,21,7,7,6,247.5,0,0
20,21,7,7,7,292.5,0,0
20,21,7,7,8,337.5,0,0
20,21,7,8,1,22.5,0,0
20,21,7,8,2,67.5,0,0
20,21,7,8,3,112.5,0,0
20,21,7,8,4,157.5,0,0
20,21,7,8,5,202.5,0,0
20,21,7,8,6,247.5,0,0
20,21,7,8,7,292.5,0,0
20,21,7,8,8,337.5,0,0
20,21,7,9,1,22.5,0,0
20,21,7,9,2,67.5,0,0
20,21,7,9,3,112.5,0,0
20,21,7,9,4,157.5,0,0
20,21,7,9,5,202.5,0,0
20,21,7,9,6,247.5,0,0
20,21,7,9,7,292.5,0,0
20,21,7,9,8,337.5,0,0
20,21,7,10,1,22.5,0,0
20,21,7,10,2,67.5,0,0
20,21,7,10,3,112.5,0,0
20,21,7,10,4,157.5,0,0
20,21,7,10,5,202.5,0,0
20,21,7,10,6,247.5,0,0
20,21,7,10,7,292.5,0,0
20,21,7,10,8,337.5,0,0
20,21,7,11,1,22.5,0,0
20,21,7,11,2,67.5,0,0
20,21,7,11,3,112.5,0,0
20,21,7,11,4,157.5,0,0
20,21,7,11,5,202.5,0,0
20,21,7,11,6,247.5,0,0
20,21,7,11,7,292.5,0,0
20,21,7,11,8,337.5,0,0
20,21,8,1,1,22.5,0,0
20,21,8,1,2,67.5,0,0
20,21,8,1,3,112.5,0,0
20,21,8,1,4,157.5,0,0
20,21,8,1,5,202.5,0,0
20,21,8,1,6,247.5,0,0
20,21,8,1,7,292.5,0,0
20,21,8,1,8,337.5,0,0
20,21,8,2,1,22.5,0,0
20,21,8,2,2,67.5,0,0
20,21,8,2,3,112.5,0,0
20,21,8,2,4,157.5,0,0
20,21,8,2,5,202.5,0,0
20,21,8,2,6,247.5,0,0
20,21,8,2,7,292.5,0,0
20,21,8,2,8,337.5,0,0
20,21,8,3,1,22.5,0,0
20,21,8,3,2,67.5,0,0
20,21,8,3,3,112.5,0,0
20,21,8,3,4,157.5,0,0
20,21,8,3,5,202.5,0,0
20,21,8,3,6,247.5,0,0
20,21,8,3,7,292.5,0,0
20,21,8,3,8,337.5,0,0
20,21,8,4,1,22.5,0,0
20,21,8,4,2,67.5,0,0
20,21,8,4,3,112.5,0,0
20,21,8,4,4,157.5,0,0
20,21,8,4,5,202.5,0,0
20,21,8,4,6,247.5,0,0
20,21,8,4,7,292.5,0,0
20,21,8,4,8,337.5,0,0
20,21,8,5,1,22.5,0,0
20,21,8,5,2,67.5,0,0
20,21,8,5,3,112.5,0,0
20,21,8,5,4,157.5,0,0
20,21,8,5,5,202.5,0,0
20,21,8,5,6,247.5,0,0
20,21,8,5,7,292.5,0,0
20,21,8,5,8,337.5,0,0
20,21,8,6,1,22.5,0,0
20,21,8,6,2,67.5,0,0
20,21,8,6,3,112.5,0,0
20,21,8,6,4,157.5,0,0
20,21,8,6,5,202.5,0,0
20,21,8,6,6,247.5,0,0
20,21,8,6,7,292.5,0,0
20,21,8,6,8,337.5,0,0
20,21,8,7,1,22.5,0,0
20,21,8,7,2,67.5,0,0
20,21,8,7,3,112.5,0,0
20,21,8,7,4,157.5,0,0
20,21,8,7,5,202.5,0,0
20,21,8,7,6,247.5,0,0
20,21,8,7,7,292.5,0,0
20,21,8,7,8,337.5,0,0
20,21,8,8,1,22.5,0,0
20,21,8,8,2,67.5,0,0
20,21,8,8,3,112.5,0,0
20,21,8,8,4,157.5,0,0
20,21,8,8,5,202.5,0,0
20,21,8,8,6,247.5,0,0
20,21,8,8,7,292.5,0,0
20,21,8,8,8,337.5,0,0
20,21,8,9,1,22.5,0,0
20,21,8,9,2,67.5,0,0
20,21,8,9,3,112.5,0,0
20,21,8,9,4,157.5,0,0
20,21,8,9,5,202.5,0,0
20,21,8,9,6,247.5,0,0
20,21,8,9,7,292.5,0,0
20,21,8,9,8,337.5,0,0
20,21,8,10,1,22.5,0,0
20,21,8,10,2,67.5,0,0
20,21,8,10,3,112.5,0,0
20,21,8,10,4,157.5,0,0
20,21,8,10,5,202.5,0,0
20,21,8,10,6,247.5,0,0
20,21,8,10,7,292.5,0,0
20,21,8,10,8,337.5,0,0
20,21,8,11,1,22.5,0,0
20,21,8,11,2,67.5,0,0
20,21,8,11,3,112.5,0,0
20,21,8,11,4,157.5,0,0
20,21,8,11,5,202.5,0,0
20,21,8,11,6,247.5,0,0
20,21,8,11,7,292.5,0,0
20,21,8,11,8,337.5,0,0
