xq2_bin,ybin,z_bin,pt2_bin,phi_bin,phi_center_deg,content,error
0,1,1,1,1,22.5,0,0
0,1,1,1,2,67.5,0,0
0,1,1,1,3,112.5,0,0
0,1,1,1,4,157.5,0,0
0,1,1,1,5,202.5,0,0
0,1,1,1,6,247.5,0,0
0,1,1,1,7,292.5,0,0
0,1,1,1,8,337.5,0,0
0,1,1,2,1,22.5,0,0
0,1,1,2,2,67.5,0,0
0,1,1,2,3,112.5,0,0
0,1,1,2,4,157.5,0,0
0,1,1,2,5,202.5,0,0
0,1,1,2,6,247.5,0,0
0,1,1,2,7,292.5,0,0
0,1,1,2,8,337.5,0,0
0,1,1,3,1,22.5,0,0
0,1,1,3,2,67.5,0,0
0,1,1,3,3,112.5,0,0
0,1,1,3,4,157.5,0,0
0,1,1,3,5,202.5,0,0
0,1,1,3,6,247.5,0,0
0,1,1,3,7,292.5,0,0
0,1,1,3,8,337.5,0,0
0,1,1,4,1,22.5,0,0
0,1,1,4,2,67.5,0,0
0,1,1,4,3,112.5,0,0
0,1,1,4,4,157.5,0,0
0,1,1,4,5,202.5,0,0
0,1,1,4,6,247.5,0,0
0,1,1,4,7,292.5,0,0
0,1,1,4,8,337.5,0,0
0,1,1,5,1,22.5,0,0
0,1,1,5,2,67.5,0,0
0,1,1,5,3,112.5,0,0
0,1,1,5,4,157.5,0,0
0,1,1,5,5,202.5,0,0
0,1,1,5,6,247.5,0,0
0,1,1,5,7,292.5,0,0
0,1,1,5,8,337.5,0,0
0,1,1,6,1,22.5,0,0
0,1,1,6,2,67.5,0,0
0,1,1,6,3,112.5,0,0
0,1,1,6,4,157.5,0,0
0,1,1,6,5,202.5,0,0
0,1,1,6,6,247.5,0,0
0,1,1,6,7,292.5,0,0
0,1,1,6,8,337.5,0,0
0,1,1,7,1,22.5,0,0
0,1,1,7,2,67.5,0,0
0,1,1,7,3,112.5,0,0
0,1,1,7,4,157.5,0,0
0,1,1,7,5,202.5,0,0
0,1,1,7,6,247.5,0,0
0,1,1,7,7,292.5,0,0
0,1,1,7,8,337.5,0,0
0,1,1,8,1,22.5,0,0
0,1,1,8,2,67.5,0,0
0,1,1,8,3,112.5,0,0
0,1,1,8,4,157.5,0,0
0,1,1,8,5,202.5,0,0
0,1,1,8,6,247.5,0,0
0,1,1,8,7,292.5,0,0
0,1,1,8,8,337.5,0,0
0,1,1,9,1,22.5,0,0
0,1,1,9,2,67.5,0,0
0,1,1,9,3,112.5,0,0
0,1,1,9,4,157.5,0,0
0,1,1,9,5,202.5,0,0
0,1,1,9,6,247.5,0,0
0,1,1,9,7,292.5,0,0
0,1,1,9,8,337.5,0,0
0,1,1,10,1,22.5,0,0
0,1,1,10,2,67.5,0,0
0,1,1,10,3,112.5,0,0
0,1,1,10,4,157.5,0,0
0,1,1,10,5,202.5,0,0
0,1,1,10,6,247.5,0,0
0,1,1,10,7,292.5,0,0
0,1,1,10,8,337.5,0,0
0,1,1,11,1,22.5,0,0
0,1,1,11,2,67.5,0,0
0,1,1,11,3,112.5,0,0
0,1,1,11,4,157.5,0,0
0,1,1,11,5,202.5,0,0
0,1,1,11,6,247.5,0,0
0,1,1,11,7,292.5,0,0
0,1,1,11,8,337.5,0,0
0,1,2,1,1,22.5,0,0
0,1,2,1,2,67.5,0,0
0,1,2,1,3,112.5,0,0
0,1,2,1,4,157.5,0,0
0,1,2,1,5,202.5,0,0
0,1,2,1,6,247.5,0,0
0,1,2,1,7,292.5,0,0
0,1,2,1,8,337.5,0,0
0,1,2,2,1,22.5,0,0
0,1,2,2,2,67.5,0,0
0,1,2,2,3,112.5,0,0
0,1,2,2,4,157.5,0,0
0,1,2,2,5,202.5,0,0
0,1,2,2,6,247.5,0,0
0,1,2,2,7,292.5,0,0
0,1,2,2,8,337.5,0,0
0,1,2,3,1,22.5,0,0
0,1,2,3,2,67.5,0,0
0,1,2,3,3,112.5,0,0
0,1,2,3,4,157.5,0,0
0,1,2,3,5,202.5,0,0
0,1,2,3,6,247.5,0,0
0,1,2,3,7,292.5,0,0
0,1,2,3,8,337.5,0,0
0,1,2,4,1,22.5,0,0
0,1,2,4,2,67.5,0,0
0,1,2,4,3,112.5,0,0
0,1,2,4,4,157.5,0,0
0,1,2,4,5,202.5,0,0
0,1,2,4,6,247.5,0,0
0,1,2,4,7,292.5,0,0
0,1,2,4,8,337.5,0,0
0,1,2,5,1,22.5,0,0
0,1,2,5,2,67.5,0,0
0,1,2,5,3,112.5,0,0
0,1,2,5,4,157.5,0,0
0,1,2,5,5,202.5,0,0
0,1,2,5,6,247.5,0,0
0,1,2,5,7,292.5,0,0
0,1,2,5,8,337.5,0,0
0,1,2,6,1,22.5,0,0
0,1,2,6,2,67.5,0,0
0,1,2,6,3,112.5,0,0
0,1,2,6,4,157.5,0,0
0,1,2,6,5,202.5,0,0
0,1,2,6,6,247.5,0,0
0,1,2,6,7,292.5,0,0
0,1,2,6,8,337.5,0,0
0,1,2,7,1,22.5,0,0
0,1,2,7,2,67.5,0,0
0,1,2,7,3,112.5,0,0
0,1,2,7,4,157.5,0,0
0,1,2,7,5,202.5,0,0
0,1,2,7,6,247.5,0,0
0,1,2,7,7,292.5,0,0
0,1,2,7,8,337.5,0,0
0,1,2,8,1,22.5,0,0
0,1,2,8,2,67.5,0,0
0,1,2,8,3,112.5,0,0
0,1,2,8,4,157.5,0,0
0,1,2,8,5,202.5,0,0
0,1,2,8,6,247.5,0,0
0,1,2,8,7,292.5,0,0
0,1,2,8,8,337.5,0,0
0,1,2,9,1,22.5,0,0
0,1,2,9,2,67.5,0,0
0,1,2,9,3,112.5,0,0
0,1,2,9,4,157.5,0,0
0,1,2,9,5,202.5,0,0
0,1,2,9,6,247.5,0,0
0,1,2,9,7,292.5,0,0
0,1,2,9,8,337.5,0,0
0,1,2,10,1,22.5,0,0
0,1,2,10,2,67.5,0,0
0,1,2,10,3,112.5,0,0
0,1,2,10,4,157.5,0,0
0,1,2,10,5,202.5,0,0
0,1,2,10,6,247.5,0,0
0,1,2,10,7,292.5,0,0
0,1,2,10,8,337.5,0,0
0,1,2,11,1,22.5,0,0
0,1,2,11,2,67.5,0,0
0,1,2,11,3,112.5,0,0
0,1,2,11,4,157.5,0,0
0,1,2,11,5,202.5,0,0
0,1,2,11,6,247.5,0,0
0,1,2,11,7,292.5,0,0
0,1,2,11,8,337.5,0,0
0,1,3,1,1,22.5,0,0
0,1,3,1,2,67.5,0,0
0,1,3,1,3,112.5,0,0
0,1,3,1,4,157.5,0,0
0,1,3,1,5,202.5,0,0
0,1,3,1,6,247.5,0,0
0,1,3,1,7,292.5,0,0
0,1,3,1,8,337.5,0,0
0,1,3,2,1,22.5,0,0
0,1,3,2,2,67.5,0,0
0,1,3,2,3,112.5,0,0
0,1,3,2,4,157.5,0,0
0,1,3,2,5,202.5,0,0
0,1,3,2,6,247.5,0,0
0,1,3,2,7,292.5,0,0
0,1,3,2,8,337.5,0,0
0,1,3,3,1,22.5,0,0
0,1,3,3,2,67.5,0,0
0,1,3,3,3,112.5,0,0
0,1,3,3,4,157.5,0,0
0,1,3,3,5,202.5,0,0
0,1,3,3,6,247.5,0,0
0,1,3,3,7,292.5,0,0
0,1,3,3,8,337.5,0,0
0,1,3,4,1,22.5,0,0
0,1,3,4,2,67.5,0,0
0,1,3,4,3,112.5,0,0
0,1,3,4,4,157.5,0,0
0,1,3,4,5,202.5,0,0
0,1,3,4,6,247.5,0,0
0,1,3,4,7,292.5,0,0
0,1,3,4,8,337.5,0,0
0,1,3,5,1,22.5,0,0
0,1,3,5,2,67.5,0,0
0,1,3,5,3,112.5,0,0
0,1,3,5,4,157.5,0,0
0,1,3,5,5,202.5,0,0
0,1,3,5,6,247.5,0,0
0,1,3,5,7,292.5,0,0
0,1,3,5,8,337.5,0,0
0,1,3,6,1,22.5,0,0
0,1,3,6,2,67.5,0,0
0,1,3,6,3,112.5,0,0
0,1,3,6,4,157.5,0,0
0,1,3,6,5,202.5,0,0
0,1,3,6,6,247.5,0,0
0,1,3,6,7,292.5,0,0
0,1,3,6,8,337.5,0,0
0,1,3,7,1,22.5,0,0
0,1,3,7,2,67.5,0,0
0,1,3,7,3,112.5,0,0
0,1,3,7,4,157.5,0,0
0,1,3,7,5,202.5,0,0
0,1,3,7,6,247.5,0,0
0,1,3,7,7,292.5,0,0
0,1,3,7,8,337.5,0,0
0,1,3,8,1,22.5,0,0
0,1,3,8,2,67.5,0,0
0,1,3,8,3,112.5,0,0
0,1,3,8,4,157.5,0,0
0,1,3,8,5,202.5,0,0
0,1,3,8,6,247.5,0,0
0,1,3,8,7,292.5,0,0
0,1,3,8,8,337.5,0,0
0,1,3,9,1,22.5,0,0
0,1,3,9,2,67.5,0,0
0,1,3,9,3,112.5,0,0
0,1,3,9,4,157.5,0,0
0,1,3,9,5,202.5,0,0
0,1,3,9,6,247.5,0,0
0,1,3,9,7,292.5,0,0
0,1,3,9,8,337.5,0,0
0,1,3,10,1,22.5,0,0
0,1,3,10,2,67.5,0,0
0,1,3,10,3,112.5,0,0
0,1,3,10,4,157.5,0,0
0,1,3,10,5,202.5,0,0
0,1,3,10,6,247.5,0,0
0,1,3,10,7,292.5,0,0
0,1,3,10,8,337.5,0,0
0,1,3,11,1,22.5,0,0
0,1,3,11,2,67.5,0,0
0,1,3,11,3,112.5,0,0
0,1,3,11,4,157.5,0,0
0,1,3,11,5,202.5,0,0
0,1,3,11,6,247.5,0,0
0,1,3,11,7,292.5,0,0
0,1,3,11,8,337.5,0,0
0,1,4,1,1,22.5,0,0
0,1,4,1,2,67.5,0,0
0,1,4,1,3,112.5,0,0
0,1,4,1,4,157.5,0,0
0,1,4,1,5,202.5,0,0
0,1,4,1,6,247.5,0,0
0,1,4,1,7,292.5,0,0
0,1,4,1,8,337.5,0,0
0,1,4,2,1,22.5,0,0
0,1,4,2,2,67.5,0,0
0,1,4,2,3,112.5,0,0
0,1,4,2,4,157.5,0,0
0,1,4,2,5,202.5,0,0
0,1,4,2,6,247.5,0,0
0,1,4,2,7,292.5,0,0
0,1,4,2,8,337.5,0,0
0,1,4,3,1,22.5,0,0
0,1,4,3,2,67.5,0,0
0,1,4,3,3,112.5,0,0
0,1,4,3,4,157.5,0,0
0,1,4,3,5,202.5,0,0
0,1,4,3,6,247.5,0,0
0,1,4,3,7,292.5,0,0
0,1,4,3,8,337.5,0,0
0,1,4,4,1,22.5,0,0
0,1,4,4,2,67.5,0,0
0,1,4,4,3,112.5,0,0
0,1,4,4,4,157.5,0,0
0,1,4,4,5,202.5,0,0
0,1,4,4,6,247.5,0,0
0,1,4,4,7,292.5,0,0
0,1,4,4,8,337.5,0,0
0,1,4,5,1,22.5,0,0
0,1,4,5,2,67.5,0,0
0,1,4,5,3,112.5,0,0
0,1,4,5,4,157.5,0,0
0,1,4,5,5,202.5,0,0
0,1,4,5,6,247.5,0,0
0,1,4,5,7,292.5,0,0
0,1,4,5,8,337.5,0,0
0,1,4,6,1,22.5,0,0
0,1,4,6,2,67.5,0,0
0,1,4,6,3,112.5,0,0
0,1,4,6,4,157.5,0,0
0,1,4,6,5,202.5,0,0
0,1,4,6,6,247.5,0,0
0,1,4,6,7,292.5,0,0
0,1,4,6,8,337.5,0,0
0,1,4,7,1,22.5,0,0
0,1,4,7,2,67.5,0,0
0,1,4,7,3,112.5,0,0
0,1,4,7,4,157.5,0,0
0,1,4,7,5,202.5,0,0
0,1,4,7,6,247.5,0,0
0,1,4,7,7,292.5,0,0
0,1,4,7,8,337.5,0,0
0,1,4,8,1,22.5,0,0
0,1,4,8,2,67.5,0,0
0,1,4,8,3,112.5,0,0
0,1,4,8,4,157.5,0,0
0,1,4,8,5,202.5,0,0
0,1,4,8,6,247.5,0,0
0,1,4,8,7,292.5,0,0
0,1,4,8,8,337.5,0,0
0,1,4,9,1,22.5,0,0
0,1,4,9,2,67.5,0,0
0,1,4,9,3,112.5,0,0
0,1,4,9,4,157.5,0,0
0,1,4,9,5,202.5,0,0
0,1,4,9,6,247.5,0,0
0,1,4,9,7,292.5,0,0
0,1,4,9,8,337.5,0,0
0,1,4,10,1,22.5,0,0
0,1,4,10,2,67.5,0,0
0,1,4,10,3,112.5,0,0
0,1,4,10,4,157.5,0,0
0,1,4,10,5,202.5,0,0
0,1,4,10,6,247.5,0,0
0,1,4,10,7,292.5,0,0
0,1,4,10,8,337.5,0,0
0,1,4,11,1,22.5,0,0
0,1,4,11,2,67.5,0,0
0,1,4,11,3,112.5,0,0
0,1,4,11,4,157.5,0,0
0,1,4,11,5,202.5,0,0
0,1,4,11,6,247.5,0,0
0,1,4,11,7,292.5,0,0
0,1,4,11,8,337.5,0,0
0,1,5,1,1,22.5,0,0
0,1,5,1,2,67.5,0,0
0,1,5,1,3,112.5,0,0
0,1,5,1,4,157.5,0,0
0,1,5,1,5,202.5,0,0
0,1,5,1,6,247.5,0,0
0,1,5,1,7,292.5,0,0
0,1,5,1,8,337.5,0,0
0,1,5,2,1,22.5,0,0
0,1,5,2,2,67.5,0,0
0,1,5,2,3,112.5,0,0
0,1,5,2,4,157.5,0,0
0,1,5,2,5,202.5,0,0
0,1,5,2,6,247.5,0,0
0,1,5,2,7,292.5,0,0
0,1,5,2,8,337.5,0,0
0,1,5,3,1,22.5,0,0
0,1,5,3,2,67.5,0,0
0,1,5,3,3,112.5,0,0
0,1,5,3,4,157.5,0,0
0,1,5,3,5,202.5,0,0
0,1,5,3,6,247.5,0,0
0,1,5,3,7,292.5,0,0
0,1,5,3,8,337.5,0,0
0,1,5,4,1,22.5,0,0
0,1,5,4,2,67.5,0,0
0,1,5,4,3,112.5,0,0
0,1,5,4,4,157.5,0,0
0,1,5,4,5,202.5,0,0
0,1,5,4,6,247.5,0,0
0,1,5,4,7,292.5,0,0
0,1,5,4,8,337.5,0,0
0,1,5,5,1,22.5,0,0
0,1,5,5,2,67.5,0,0
0,1,5,5,3,112.5,0,0
0,1,5,5,4,157.5,0,0
0,1,5,5,5,202.5,0,0
0,1,5,5,6,247.5,0,0
0,1,5,5,7,292.5,0,0
0,1,5,5,8,337.5,0,0
0,1,5,6,1,22.5,0,0
0,1,5,6,2,67.5,0,0
0,1,5,6,3,112.5,0,0
0,1,5,6,4,157.5,0,0
0,1,5,6,5,202.5,0,0
0,1,5,6,6,247.5,0,0
0,1,5,6,7,292.5,0,0
0,1,5,6,8,337.5,0,0
0,1,5,7,1,22.5,0,0
0,1,5,7,2,67.5,0,0
0,1,5,7,3,112.5,0,0
0,1,5,7,4,157.5,0,0
0,1,5,7,5,202.5,0,0
0,1,5,7,6,247.5,0,0
0,1,5,7,7,292.5,0,0
0,1,5,7,8,337.5,0,0
0,1,5,8,1,22.5,0,0
0,1,5,8,2,67.5,0,0
0,1,5,8,3,112.5,0,0
0,1,5,8,4,157.5,0,0
0,1,5,8,5,202.5,0,0
0,1,5,8,6,247.5,0,0
0,1,5,8,7,292.5,0,0
0,1,5,8,8,337.5,0,0
0,1,5,9,1,22.5,0,0
0,1,5,9,2,67.5,0,0
0,1,5,9,3,112.5,0,0
0,1,5,9,4,157.5,0,0
0,1,5,9,5,202.5,0,0
0,1,5,9,6,247.5,0,0
0,1,5,9,7,292.5,0,0
0,1,5,9,8,337.5,0,0
0,1,5,10,1,22.5,0,0
0,1,5,10,2,67.5,0,0
0,1,5,10,3,112.5,0,0
0,1,5,10,4,157.5,0,0
0,1,5,10,5,202.5,0,0
0,1,5,10,6,247.5,0,0
0,1,5,10,7,292.5,0,0
0,1,5,10,8,337.5,0,0
0,1,5,11,1,22.5,0,0
0,1,5,11,2,67.5,0,0
0,1,5,11,3,112.5,0,0
0,1,5,11,4,157.5,0,0
0,1,5,11,5,202.5,0,0
0,1,5,11,6,247.5,0,0
0,1,5,11,7,292.5,0,0
0,1,5,11,8,337.5,0,0
0,1,6,1,1,22.5,0,0
0,1,6,1,2,67.5,0,0
0,1,6,1,3,112.5,0,0
0,1,6,1,4,157.5,0,0
0,1,6,1,5,202.5,0,0
0,1,6,1,6,247.5,0,0
0,1,6,1,7,292.5,0,0
0,1,6,1,8,337.5,0,0
0,1,6,2,1,22.5,0,0
0,1,6,2,2,67.5,0,0
0,1,6,2,3,112.5,0,0
0,1,6,2,4,157.5,0,0
0,1,6,2,5,202.5,0,0
0,1,6,2,6,247.5,0,0
0,1,6,2,7,292.5,0,0
0,1,6,2,8,337.5,0,0
0,1,6,3,1,22.5,0,0
0,1,6,3,2,67.5,0,0
0,1,6,3,3,112.5,0,0
0,1,6,3,4,157.5,0,0
0,1,6,3,5,202.5,0,0
0,1,6,3,6,247.5,0,0
0,1,6,3,7,292.5,0,0
0,1,6,3,8,337.5,0,0
0,1,6,4,1,22.5,0,0
0,1,6,4,2,67.5,0,0
0,1,6,4,3,112.5,0,0
0,1,6,4,4,157.5,0,0
0,1,6,4,5,202.5,0,0
0,1,6,4,6,247.5,0,0
0,1,6,4,7,292.5,0,0
0,1,6,4,8,337.5,0,0
0,1,6,5,1,22.5,0,0
0,1,6,5,2,67.5,0,0
0,1,6,5,3,112.5,0,0
0,1,6,5,4,157.5,0,0
0,1,6,5,5,202.5,0,0
0,1,6,5,6,247.5,0,0
0,1,6,5,7,292.5,0,0
0,1,6,5,8,337.5,0,0
0,1,6,6,1,22.5,0,0
0,1,6,6,2,67.5,0,0
0,1,6,6,3,112.5,0,0
0,1,6,6,4,157.5,0,0
0,1,6,6,5,202.5,0,0
0,1,6,6,6,247.5,0,0
0,1,6,6,7,292.5,0,0
0,1,6,6,8,337.5,0,0
0,1,6,7,1,22.5,0,0
0,1,6,7,2,67.5,0,0
0,1,6,7,3,112.5,0,0
0,1,6,7,4,157.5,0,0
0,1,6,7,5,202.5,0,0
0,1,6,7,6,247.5,0,0
0,1,6,7,7,292.5,0,0
0,1,6,7,8,337.5,0,0
0,1,6,8,1,22.5,0,0
0,1,6,8,2,67.5,0,0
0,1,6,8,3,112.5,0,0
0,1,6,8,4,157.5,0,0
0,1,6,8,5,202.5,0,0
0,1,6,8,6,247.5,0,0
0,1,6,8,7,292.5,0,0
0,1,6,8,8,337.5,0,0
0,1,6,9,1,22.5,0,0
0,1,6,9,2,67.5,0,0
0,1,6,9,3,112.5,0,0
0,1,6,9,4,157.5,0,0
0,1,6,9,5,202.5,0,0
0,1,6,9,6,247.5,0,0
0,1,6,9,7,292.5,0,0
0,1,6,9,8,337.5,0,0
0,1,6,10,1,22.5,0,0
0,1,6,10,2,67.5,0,0
0,1,6,10,3,112.5,0,0
0,1,6,10,4,157.5,0,0
0,1,6,10,5,202.5,0,0
0,1,6,10,6,247.5,0,0
0,1,6,10,7,292.5,0,0
0,1,6,10,8,337.5,0,0
0,1,6,11,1,22.5,0,0
0,1,6,11,2,67.5,0,0
0,1,6,11,3,112.5,0,0
0,1,6,11,4,157.5,0,0
0,1,6,11,5,202.5,0,0
0,1,6,11,6,247.5,0,0
0,1,6,11,7,292.5,0,0
0,1,6,11,8,337.5,0,0
0,1,7,1,1,22.5,0,0
0,1,7,1,2,67.5,0,0
0,1,7,1,3,112.5,0,0
0,1,7,1,4,157.5,0,0
0,1,7,1,5,202.5,0,0
0,1,7,1,6,247.5,0,0
0,1,7,1,7,292.5,0,0
0,1,7,1,8,337.5,0,0
0,1,7,2,1,22.5,0,0
0,1,7,2,2,67.5,0,0
0,1,7,2,3,112.5,0,0
0,1,7,2,4,157.5,0,0
0,1,7,2,5,202.5,0,0
0,1,7,2,6,247.5,0,0
0,1,7,2,7,292.5,0,0
0,1,7,2,8,337.5,0,0
0,1,7,3,1,22.5,0,0
0,1,7,3,2,67.5,0,0
0,1,7,3,3,112.5,0,0
0,1,7,3,4,157.5,0,0
0,1,7,3,5,202.5,0,0
0,1,7,3,6,247.5,0,0
0,1,7,3,7,292.5,0,0
0,1,7,3,8,337.5,0,0
0,1,7,4,1,22.5,0,0
0,1,7,4,2,67.5,0,0
0,1,7,4,3,112.5,0,0
0,1,7,4,4,157.5,0,0
0,1,7,4,5,202.5,0,0
0,1,7,4,6,247.5,0,0
0,1,7,4,7,292.5,0,0
0,1,7,4,8,337.5,0,0
0,1,7,5,1,22.5,0,0
0,1,7,5,2,67.5,0,0
0,1,7,5,3,112.5,0,0
0,1,7,5,4,157.5,0,0
0,1,7,5,5,202.5,0,0
0,1,7,5,6,247.5,0,0
0,1,7,5,7,292.5,0,0
0,1,7,5,8,337.5,0,0
0,1,7,6,1,22.5,0,0
0,1,7,6,2,67.5,0,0
0,1,7,6,3,112.5,0,0
0,1,7,6,4,157.5,0,0
0,1,7,6,5,202.5,0,0
0,1,7,6,6,247.5,0,0
0,1,7,6,7,292.5,0,0
0,1,7,6,8,337.5,0,0
0,1,7,7,1,22.5,0,0
0,1,7,7,2,67.5,0,0
0,1,7,7,3,112.5,0,0
0,1,7,7,4,157.5,0,0
0,1,7,7,5,202.5,0,0
0,1,7,7,6,247.5,0,0
0,1,7,7,7,292.5,0,0
0,1,7,7,8,337.5,0,0
0,1,7,8,1,22.5,0,0
0,1,7,8,2,67.5,0,0
0,1,7,8,3,112.5,0,0
0,1,7,8,4,157.5,0,0
0,1,7,8,5,202.5,0,0
0,1,7,8,6,247.5,0,0
0,1,7,8,7,292.5,0,0
0,1,7,8,8,337.5,0,0
0,1,7,9,1,22.5,0,0
0,1,7,9,2,67.5,0,0
0,1,7,9,3,112.5,0,0
0,1,7,9,4,157.5,0,0
0,1,7,9,5,202.5,0,0
0,1,7,9,6,247.5,0,0
0,1,7,9,7,292.5,0,0
0,1,7,9,8,337.5,0,0
0,1,7,10,1,22.5,0,0
0,1,7,10,2,67.5,0,0
0,1,7,10,3,112.5,0,0
0,1,7,10,4,157.5,0,0
0,1,7,10,5,202.5,0,0
0,1,7,10,6,247.5,0,0
0,1,7,10,7,292.5,0,0
0,1,7,10,8,337.5,0,0
0,1,7,11,1,22.5,0,0
0,1,7,11,2,67.5,0,0
0,1,7,11,3,112.5,0,0
0,1,7,11,4,157.5,0,0
0,1,7,11,5,202.5,0,0
0,1,7,11,6,247.5,0,0
0,1,7,11,7,292.5,0,0
0,1,7,11,8,337.5,0,0
0,1,8,1,1,22.5,0,0
0,1,8,1,2,67.5,0,0
0,1,8,1,3,112.5,0,0
0,1,8,1,4,157.5,0,0
0,1,8,1,5,202.5,0,0
0,1,8,1,6,247.5,0,0
0,1,8,1,7,292.5,0,0
0,1,8,1,8,337.5,0,0
0,1,8,2,1,22.5,0,0
0,1,8,2,2,67.5,0,0
0,1,8,2,3,112.5,0,0
0,1,8,2,4,157.5,0,0
0,1,8,2,5,202.5,0,0
0,1,8,2,6,247.5,0,0
0,1,8,2,7,292.5,0,0
0,1,8,2,8,337.5,0,0
0,1,8,3,1,22.5,0,0
0,1,8,3,2,67.5,0,0
0,1,8,3,3,112.5,0,0
0,1,8,3,4,157.5,0,0
0,1,8,3,5,202.5,0,0
0,1,8,3,6,247.5,0,0
0,1,8,3,7,292.5,0,0
0,1,8,3,8,337.5,0,0
0,1,8,4,1,22.5,0,0
0,1,8,4,2,67.5,0,0
0,1,8,4,3,112.5,0,0
0,1,8,4,4,157.5,0,0
0,1,8,4,5,202.5,0,0
0,1,8,4,6,247.5,0,0
0,1,8,4,7,292.5,0,0
0,1,8,4,8,337.5,0,0
0,1,8,5,1,22.5,0,0
0,1,8,5,2,67.5,0,0
0,1,8,5,3,112.5,0,0
0,1,8,5,4,157.5,0,0
0,1,8,5,5,202.5,0,0
0,1,8,5,6,247.5,0,0
0,1,8,5,7,292.5,0,0
0,1,8,5,8,337.5,0,0
0,1,8,6,1,22.5,0,0
0,1,8,6,2,67.5,0,0
0,1,8,6,3,112.5,0,0
0,1,8,6,4,157.5,0,0
0,1,8,6,5,202.5,0,0
0,1,8,6,6,247.5,0,0
0,1,8,6,7,292.5,0,0
0,1,8,6,8,337.5,0,0
0,1,8,7,1,22.5,0,0
0,1,8,7,2,67.5,0,0
0,1,8,7,3,112.5,0,0
0,1,8,7,4,157.5,0,0
0,1,8,7,5,202.5,0,0
0,1,8,7,6,247.5,0,0
0,1,8,7,7,292.5,0,0
0,1,8,7,8,337.5,0,0
0,1,8,8,1,22.5,0,0
0,1,8,8,2,67.5,0,0
0,1,8,8,3,112.5,0,0
0,1,8,8,4,157.5,0,0
0,1,8,8,5,202.5,0,0
0,1,8,8,6,247.5,0,0
0,1,8,8,7,292.5,0,0
0,1,8,8,8,337.5,0,0
0,1,8,9,1,22.5,0,0
0,1,8,9,2,67.5,0,0
0,1,8,9,3,112.5,0,0
0,1,8,9,4,157.5,0,0
0,1,8,9,5,202.5,0,0
0,1,8,9,6,247.5,0,0
0,1,8,9,7,292.5,0,0
0,1,8,9,8,337.5,0,0
0,1,8,10,1,22.5,0,0
0,1,8,10,2,67.5,0,0
0,1,8,10,3,112.5,0,0
0,1,8,10,4,157.5,0,0
0,1,8,10,5,202.5,0,0
0,1,8,10,6,247.5,0,0
0,1,8,10,7,292.5,0,0
0,1,8,10,8,337.5,0,0
0,1,8,11,1,22.5,0,0
0,1,8,11,2,67.5,0,0
0,1,8,11,3,112.5,0,0
0,1,8,11,4,157.5,0,0
0,1,8,11,5,202.5,0,0
0,1,8,11,6,247.5,0,0
0,1,8,11,7,292.5,0,0
0,1,8,11,8,337.5,0,0
1,2,1,1,1,22.5,5.82202e+06,102.545
1,2,1,1,2,67.5,5.82418e+06,241.127
1,2,1,1,3,112.5,5.82026e+06,362.885
1,2,1,1,4,157.5,5.80865e+06,355.699
1,2,1,1,5,202.5,5.8077e+06,504.308
1,2,1,1,6,247.5,5.82037e+06,350.412
1,2,1,1,7,292.5,5.82363e+06,179.35
1,2,1,1,8,337.5,5.82691e+06,86.2578
1,2,1,2,1,22.5,2.52784e+06,108.086
1,2,1,2,2,67.5,2.52866e+06,188.878
1,2,1,2,3,112.5,2.51767e+06,233.431
1,2,1,2,4,157.5,2.50189e+06,268.208
1,2,1,2,5,202.5,2.50374e+06,236.444
1,2,1,2,6,247.5,2.52255e+06,198.266
1,2,1,2,7,292.5,2.53165e+06,118.979
1,2,1,2,8,337.5,2.52788e+06,63.7319
1,2,1,3,1,22.5,1.32774e+06,70.9021
1,2,1,3,2,67.5,1.32668e+06,158.818
1,2,1,3,3,112.5,1.3186e+06,159.635
1,2,1,3,4,157.5,1.30716e+06,175.083
1,2,1,3,5,202.5,1.30969e+06,150.459
1,2,1,3,6,247.5,1.32198e+06,172.076
1,2,1,3,7,292.5,1.32874e+06,144.999
1,2,1,3,8,337.5,1.32674e+06,58.3771
1,2,1,4,1,22.5,762148,57.4017
1,2,1,4,2,67.5,762739,120.453
1,2,1,4,3,112.5,755289,115.991
1,2,1,4,4,157.5,746268,115.828
1,2,1,4,5,202.5,748602,106.463
1,2,1,4,6,247.5,758086,134.382
1,2,1,4,7,292.5,763238,111.387
1,2,1,4,8,337.5,761315,50.7997
1,2,1,5,1,22.5,750921,66.652
1,2,1,5,2,67.5,750633,110.964
1,2,1,5,3,112.5,743280,114.58
1,2,1,5,4,157.5,732918,95.9679
1,2,1,5,5,202.5,734935,83.2473
1,2,1,5,6,247.5,746115,121.483
1,2,1,5,7,292.5,751991,111.379
1,2,1,5,8,337.5,751138,54.9001
1,2,1,6,1,22.5,306271,33.7997
1,2,1,6,2,67.5,306512,49.2491
1,2,1,6,3,112.5,301720,49.3343
1,2,1,6,4,157.5,296458,35.9346
1,2,1,6,5,202.5,299096,31.053
1,2,1,6,6,247.5,303831,49.1775
1,2,1,6,7,292.5,304807,53.0787
1,2,1,6,8,337.5,306027,27.2244
1,2,1,7,1,22.5,131713,11.8314
1,2,1,7,2,67.5,132392,16.1666
1,2,1,7,3,112.5,129362,15.5954
1,2,1,7,4,157.5,127071,20.6542
1,2,1,7,5,202.5,127846,11.0426
1,2,1,7,6,247.5,130600,21.423
1,2,1,7,7,292.5,132098,23.2995
1,2,1,7,8,337.5,132137,10.5068
1,2,1,8,1,22.5,74819,0
1,2,1,8,2,67.5,74856,0
1,2,1,8,3,112.5,73469,0
1,2,1,8,4,157.5,71635,0
1,2,1,8,5,202.5,71774,0
1,2,1,8,6,247.5,73788,0
1,2,1,8,7,292.5,74739,0
1,2,1,8,8,337.5,74586,0
1,2,1,9,1,22.5,23290,0
1,2,1,9,2,67.5,23760,0
1,2,1,9,3,112.5,22978,0
1,2,1,9,4,157.5,22077,0
1,2,1,9,5,202.5,22279,6.18597
1,2,1,9,6,247.5,22982,11.8763
1,2,1,9,7,292.5,23377,9.86066
1,2,1,9,8,337.5,23422,0
1,2,1,10,1,22.5,8483,0
1,2,1,10,2,67.5,8411,0
1,2,1,10,3,112.5,8248,0
1,2,1,10,4,157.5,7719,0
1,2,1,10,5,202.5,7986,0
1,2,1,10,6,247.5,8184,0
1,2,1,10,7,292.5,8542,5.45415
1,2,1,10,8,337.5,8510,0
1,2,1,11,1,22.5,1500,0
1,2,1,11,2,67.5,1470,0
1,2,1,11,3,112.5,1388,3.60712
1,2,1,11,4,157.5,1359,0
1,2,1,11,5,202.5,1377,0
1,2,1,11,6,247.5,1355,0
1,2,1,11,7,292.5,1433,0
1,2,1,11,8,337.5,1451,0
1,2,2,1,1,22.5,471677,18.3906
1,2,2,1,2,67.5,468042,233.885
1,2,2,1,3,112.5,468347,283.101
1,2,2,1,4,157.5,464726,453.077
1,2,2,1,5,202.5,468237,312.76
1,2,2,1,6,247.5,466590,278.742
1,2,2,1,7,292.5,469586,208.465
1,2,2,1,8,337.5,471572,12.869
1,2,2,2,1,22.5,365826,57.8516
1,2,2,2,2,67.5,363669,168.8
1,2,2,2,3,112.5,361903,231.664
1,2,2,2,4,157.5,360668,339.432
1,2,2,2,5,202.5,359980,261.755
1,2,2,2,6,247.5,362723,236.747
1,2,2,2,7,292.5,364197,194.317
1,2,2,2,8,337.5,365620,44.76
1,2,2,3,1,22.5,276437,78.4855
1,2,2,3,2,67.5,278363,167.609
1,2,2,3,3,112.5,276218,188.337
1,2,2,3,4,157.5,272522,274.805
1,2,2,3,5,202.5,273432,204.535
1,2,2,3,6,247.5,275906,233.802
1,2,2,3,7,292.5,278600,172.405
1,2,2,3,8,337.5,276007,59.3451
1,2,2,4,1,22.5,207795,70.7759
1,2,2,4,2,67.5,209486,161.832
1,2,2,4,3,112.5,206184,163.084
1,2,2,4,4,157.5,205095,219.553
1,2,2,4,5,202.5,204491,168.743
1,2,2,4,6,247.5,207103,212.591
1,2,2,4,7,292.5,210602,145.362
1,2,2,4,8,337.5,207067,55.1749
1,2,2,5,1,22.5,274278,95.1093
1,2,2,5,2,67.5,275609,201.872
1,2,2,5,3,112.5,270355,205.658
1,2,2,5,4,157.5,267489,244.043
1,2,2,5,5,202.5,267728,183.985
1,2,2,5,6,247.5,272564,245.945
1,2,2,5,7,292.5,275600,177.939
1,2,2,5,8,337.5,271438,78.92
1,2,2,6,1,22.5,158702,93.5317
1,2,2,6,2,67.5,158077,145.759
1,2,2,6,3,112.5,156295,154.46
1,2,2,6,4,157.5,153250,160.184
1,2,2,6,5,202.5,153097,126.838
1,2,2,6,6,247.5,156260,175.006
1,2,2,6,7,292.5,158324,143.416
1,2,2,6,8,337.5,157146,67.9676
1,2,2,7,1,22.5,93571,73.6407
1,2,2,7,2,67.5,92820,99.3694
1,2,2,7,3,112.5,91313,108.096
1,2,2,7,4,157.5,89503,101.331
1,2,2,7,5,202.5,90199,79.7775
1,2,2,7,6,247.5,93201,119.561
1,2,2,7,7,292.5,93784,106.782
1,2,2,7,8,337.5,93157,49.6765
1,2,2,8,1,22.5,74654,58.7762
1,2,2,8,2,67.5,74726,73.6954
1,2,2,8,3,112.5,72839,79.5528
1,2,2,8,4,157.5,70938,66.2501
1,2,2,8,5,202.5,72096,55.622
1,2,2,8,6,247.5,74277,84.5648
1,2,2,8,7,292.5,74894,82.5893
1,2,2,8,8,337.5,74738,38.9942
1,2,2,9,1,22.5,34581,28.6227
1,2,2,9,2,67.5,34638,35.3318
1,2,2,9,3,112.5,34078,37.1305
1,2,2,9,4,157.5,33144,27.8425
1,2,2,9,5,202.5,33354,23.7294
1,2,2,9,6,247.5,34509,39.7543
1,2,2,9,7,292.5,35008,41.2471
1,2,2,9,8,337.5,35281,17.7932
1,2,2,10,1,22.5,19604,12.8802
1,2,2,10,2,67.5,19935,16.1358
1,2,2,10,3,112.5,19385,15.2381
1,2,2,10,4,157.5,18574,12.3602
1,2,2,10,5,202.5,18921,6.93067
1,2,2,10,6,247.5,19552,18.0313
1,2,2,10,7,292.5,19906,17.1375
1,2,2,10,8,337.5,19679,9.4159
1,2,2,11,1,22.5,10825,0
1,2,2,11,2,67.5,10804,5.87098
1,2,2,11,3,112.5,10664,5.10462
1,2,2,11,4,157.5,9812,0
1,2,2,11,5,202.5,9929,0
1,2,2,11,6,247.5,10637,4.25594
1,2,2,11,7,292.5,10652,0
1,2,2,11,8,337.5,10978,0
1,2,3,1,1,22.5,224738,5.51639
1,2,3,1,2,67.5,223965,87.0541
1,2,3,1,3,112.5,222798,154.074
1,2,3,1,4,157.5,220349,177.952
1,2,3,1,5,202.5,221640,166.794
1,2,3,1,6,247.5,223301,123.584
1,2,3,1,7,292.5,223260,84.7997
1,2,3,1,8,337.5,225295,14.4911
1,2,3,2,1,22.5,181258,0
1,2,3,2,2,67.5,178521,78.4977
1,2,3,2,3,112.5,177364,121.686
1,2,3,2,4,157.5,177230,250.084
1,2,3,2,5,202.5,176653,150.58
1,2,3,2,6,247.5,177858,126.871
1,2,3,2,7,292.5,179134,79.7692
1,2,3,2,8,337.5,181957,10.4178
1,2,3,3,1,22.5,142850,19.1908
1,2,3,3,2,67.5,142079,82.5391
1,2,3,3,3,112.5,140516,102.473
1,2,3,3,4,157.5,139804,220.229
1,2,3,3,5,202.5,139365,136.387
1,2,3,3,6,247.5,140656,154.076
1,2,3,3,7,292.5,141893,97.0739
1,2,3,3,8,337.5,143187,19.9
1,2,3,4,1,22.5,112017,33.9572
1,2,3,4,2,67.5,110949,92.0884
1,2,3,4,3,112.5,110509,95.191
1,2,3,4,4,157.5,108999,189.858
1,2,3,4,5,202.5,108944,120.963
1,2,3,4,6,247.5,110655,141.92
1,2,3,4,7,292.5,112407,90.5065
1,2,3,4,8,337.5,112287,24.6432
1,2,3,5,1,22.5,154394,49.8008
1,2,3,5,2,67.5,155073,137.178
1,2,3,5,3,112.5,151658,132.209
1,2,3,5,4,157.5,150090,230.312
1,2,3,5,5,202.5,150673,149.541
1,2,3,5,6,247.5,154200,208.502
1,2,3,5,7,292.5,155407,111.145
1,2,3,5,8,337.5,153140,42.5267
1,2,3,6,1,22.5,93337,49.8426
1,2,3,6,2,67.5,94113,118.743
1,2,3,6,3,112.5,92400,117.843
1,2,3,6,4,157.5,89765,175.172
1,2,3,6,5,202.5,91075,118.374
1,2,3,6,6,247.5,92535,167.926
1,2,3,6,7,292.5,94388,93.4903
1,2,3,6,8,337.5,90992,46.7631
1,2,3,7,1,22.5,56312,53.3282
1,2,3,7,2,67.5,56991,96.2872
1,2,3,7,3,112.5,55801,101.49
1,2,3,7,4,157.5,54503,132.353
1,2,3,7,5,202.5,54616,92.8501
1,2,3,7,6,247.5,55913,132.466
1,2,3,7,7,292.5,57142,83.8984
1,2,3,7,8,337.5,54722,44.3107
1,2,3,8,1,22.5,47583,63.1918
1,2,3,8,2,67.5,47466,89.0113
1,2,3,8,3,112.5,46169,99.4156
1,2,3,8,4,157.5,44885,113.924
1,2,3,8,5,202.5,44842,83.8798
1,2,3,8,6,247.5,46638,120.529
1,2,3,8,7,292.5,47752,87.6809
1,2,3,8,8,337.5,45410,45.6848
1,2,3,9,1,22.5,23588,49.871
1,2,3,9,2,67.5,23625,64.4445
1,2,3,9,3,112.5,23057,72.2886
1,2,3,9,4,157.5,22328,71.9289
1,2,3,9,5,202.5,22549,54.544
1,2,3,9,6,247.5,23135,80.7902
1,2,3,9,7,292.5,24138,68.5398
1,2,3,9,8,337.5,23388,32.4258
1,2,3,10,1,22.5,15026,39.9812
1,2,3,10,2,67.5,14861,47.7805
1,2,3,10,3,112.5,14609,52.8228
1,2,3,10,4,157.5,13945,47.0067
1,2,3,10,5,202.5,14138,37.8574
1,2,3,10,6,247.5,14442,58.9509
1,2,3,10,7,292.5,15047,53.0029
1,2,3,10,8,337.5,15062,23.7765
1,2,3,11,1,22.5,10326,26.2873
1,2,3,11,2,67.5,10113,29.5418
1,2,3,11,3,112.5,9838,32.0575
1,2,3,11,4,157.5,9796,26.4566
1,2,3,11,5,202.5,9600,21.5641
1,2,3,11,6,247.5,10048,33.7457
1,2,3,11,7,292.5,10285,33.8006
1,2,3,11,8,337.5,10415,14.1444
1,2,4,1,1,22.5,116436,12.4759
1,2,4,1,2,67.5,115777,38.715
1,2,4,1,3,112.5,114629,78.9412
1,2,4,1,4,157.5,113977,126.53
1,2,4,1,5,202.5,115284,88.1523
1,2,4,1,6,247.5,116147,40.6915
1,2,4,1,7,292.5,115856,27.913
1,2,4,1,8,337.5,117264,12.0675
1,2,4,2,1,22.5,96336,0
1,2,4,2,2,67.5,94973,25.1989
1,2,4,2,3,112.5,94577,73.9632
1,2,4,2,4,157.5,92566,163.631
1,2,4,2,5,202.5,93506,94.7787
1,2,4,2,6,247.5,94201,51.3387
1,2,4,2,7,292.5,94372,37.6081
1,2,4,2,8,337.5,96608,0
1,2,4,3,1,22.5,77832,0
1,2,4,3,2,67.5,76708,30.4083
1,2,4,3,3,112.5,76429,62.7461
1,2,4,3,4,157.5,75158,158.709
1,2,4,3,5,202.5,75481,100.181
1,2,4,3,6,247.5,76071,72.7354
1,2,4,3,7,292.5,76184,49.4127
1,2,4,3,8,337.5,78052,0
1,2,4,4,1,22.5,62832,4.59797
1,2,4,4,2,67.5,62149,45.2605
1,2,4,4,3,112.5,61186,53.7944
1,2,4,4,4,157.5,60671,144.316
1,2,4,4,5,202.5,60810,82.7942
1,2,4,4,6,247.5,60770,89.3341
1,2,4,4,7,292.5,61987,55.0748
1,2,4,4,8,337.5,63211,0
1,2,4,5,1,22.5,90907,11.5963
1,2,4,5,2,67.5,89769,85.3677
1,2,4,5,3,112.5,88919,77.3146
1,2,4,5,4,157.5,87428,186.234
1,2,4,5,5,202.5,87628,106.555
1,2,4,5,6,247.5,88905,136.85
1,2,4,5,7,292.5,90201,76.363
1,2,4,5,8,337.5,90694,11.9338
1,2,4,6,1,22.5,57386,14.1609
1,2,4,6,2,67.5,57586,88.6044
1,2,4,6,3,112.5,56364,73.8738
1,2,4,6,4,157.5,55849,144.021
1,2,4,6,5,202.5,55413,90.4379
1,2,4,6,6,247.5,56480,126.824
1,2,4,6,7,292.5,57852,61.1715
1,2,4,6,8,337.5,57461,17.2846
1,2,4,7,1,22.5,36483,20.0498
1,2,4,7,2,67.5,37168,76.8585
1,2,4,7,3,112.5,35979,70.3446
1,2,4,7,4,157.5,35288,116.052
1,2,4,7,5,202.5,35578,74.1532
1,2,4,7,6,247.5,36195,107.583
1,2,4,7,7,292.5,37107,52.7222
1,2,4,7,8,337.5,35949,22.6472
1,2,4,8,1,22.5,30987,31.6928
1,2,4,8,2,67.5,31415,75.4915
1,2,4,8,3,112.5,30233,71.4937
1,2,4,8,4,157.5,29799,105.444
1,2,4,8,5,202.5,30073,72.3306
1,2,4,8,6,247.5,31522,103.135
1,2,4,8,7,292.5,31362,55.1167
1,2,4,8,8,337.5,29834,31.0873
1,2,4,9,1,22.5,15932,33.1333
1,2,4,9,2,67.5,16268,54.6089
1,2,4,9,3,112.5,15529,57.1575
1,2,4,9,4,157.5,15256,73.8076
1,2,4,9,5,202.5,15237,52.8018
1,2,4,9,6,247.5,15954,76.5339
1,2,4,9,7,292.5,16228,48.048
1,2,4,9,8,337.5,14969,26.5667
1,2,4,10,1,22.5,10271,32.5549
1,2,4,10,2,67.5,10344,43.6625
1,2,4,10,3,112.5,10146,50.09
1,2,4,10,4,157.5,9739,59.2314
1,2,4,10,5,202.5,9639,41.5675
1,2,4,10,6,247.5,9957,61.5774
1,2,4,10,7,292.5,10269,44.0992
1,2,4,10,8,337.5,9478,23.049
1,2,4,11,1,22.5,7236,31.1552
1,2,4,11,2,67.5,7334,36.2747
1,2,4,11,3,112.5,7017,40.8671
1,2,4,11,4,157.5,6995,44.5938
1,2,4,11,5,202.5,6885,33.0285
1,2,4,11,6,247.5,7220,47.7789
1,2,4,11,7,292.5,7322,38.0907
1,2,4,11,8,337.5,7096,19.4116
1,2,5,1,1,22.5,60316,8.32821
1,2,5,1,2,67.5,60768,19.4476
1,2,5,1,3,112.5,60210,60.7468
1,2,5,1,4,157.5,59739,89.646
1,2,5,1,5,202.5,60364,62.4286
1,2,5,1,6,247.5,60983,20.7522
1,2,5,1,7,292.5,60502,11.7704
1,2,5,1,8,337.5,60698,0
1,2,5,2,1,22.5,51383,0
1,2,5,2,2,67.5,50328,4.82111
1,2,5,2,3,112.5,49566,58.9525
1,2,5,2,4,157.5,49420,115.888
1,2,5,2,5,202.5,49902,70.3383
1,2,5,2,6,247.5,50464,24.7861
1,2,5,2,7,292.5,50653,15.0605
1,2,5,2,8,337.5,51165,0
1,2,5,3,1,22.5,43245,0
1,2,5,3,2,67.5,41403,7.0972
1,2,5,3,3,112.5,41485,49.3164
1,2,5,3,4,157.5,40416,112.062
1,2,5,3,5,202.5,41432,66.066
1,2,5,3,6,247.5,41501,45.5642
1,2,5,3,7,292.5,41405,27.4196
1,2,5,3,8,337.5,42714,0
1,2,5,4,1,22.5,35247,0
1,2,5,4,2,67.5,34458,16.291
1,2,5,4,3,112.5,34347,41.8568
1,2,5,4,4,157.5,33753,104.957
1,2,5,4,5,202.5,33506,61.4501
1,2,5,4,6,247.5,34024,49.172
1,2,5,4,7,292.5,34240,37.2328
1,2,5,4,8,337.5,35955,0
1,2,5,5,1,22.5,52986,0
1,2,5,5,2,67.5,51721,47.1691
1,2,5,5,3,112.5,50652,50.7848
1,2,5,5,4,157.5,50281,137.011
1,2,5,5,5,202.5,50620,79.4728
1,2,5,5,6,247.5,51214,85.3532
1,2,5,5,7,292.5,51615,58.9894
1,2,5,5,8,337.5,52786,0
1,2,5,6,1,22.5,35239,0
1,2,5,6,2,67.5,34649,57.5594
1,2,5,6,3,112.5,34192,47.5386
1,2,5,6,4,157.5,33346,114.105
1,2,5,6,5,202.5,33625,69.1124
1,2,5,6,6,247.5,34070,88.4917
1,2,5,6,7,292.5,35080,53.0783
1,2,5,6,8,337.5,35140,0
1,2,5,7,1,22.5,23465,0
1,2,5,7,2,67.5,23217,56.7604
1,2,5,7,3,112.5,22871,44.4714
1,2,5,7,4,157.5,22537,95.3217
1,2,5,7,5,202.5,22225,59.0461
1,2,5,7,6,247.5,22963,81.302
1,2,5,7,7,292.5,23504,41.3729
1,2,5,7,8,337.5,23110,6.791
1,2,5,8,1,22.5,20820,9.16551
1,2,5,8,2,67.5,20992,60.4847
1,2,5,8,3,112.5,20351,50.2203
1,2,5,8,4,157.5,20023,90.0289
1,2,5,8,5,202.5,19632,57.5697
1,2,5,8,6,247.5,20669,81.8887
1,2,5,8,7,292.5,21045,40.0116
1,2,5,8,8,337.5,21079,13.9471
1,2,5,9,1,22.5,11171,14.8823
1,2,5,9,2,67.5,11574,46.0808
1,2,5,9,3,112.5,11038,41.0262
1,2,5,9,4,157.5,10609,65.0151
1,2,5,9,5,202.5,10498,41.9054
1,2,5,9,6,247.5,11364,64.1115
1,2,5,9,7,292.5,11643,32.0771
1,2,5,9,8,337.5,10883,17.0536
1,2,5,10,1,22.5,7416,20.5419
1,2,5,10,2,67.5,7605,38.6645
1,2,5,10,3,112.5,7165,36.5519
1,2,5,10,4,157.5,6881,52.0899
1,2,5,10,5,202.5,6868,34.7193
1,2,5,10,6,247.5,7264,51.8826
1,2,5,10,7,292.5,7558,29.2793
1,2,5,10,8,337.5,6987,17.9304
1,2,5,11,1,22.5,5029,21.2348
1,2,5,11,2,67.5,5084,31.1377
1,2,5,11,3,112.5,5075,33.202
1,2,5,11,4,157.5,4702,41.686
1,2,5,11,5,202.5,4789,29.355
1,2,5,11,6,247.5,4960,42.741
1,2,5,11,7,292.5,5171,28.7825
1,2,5,11,8,337.5,4479,17.1831
1,2,6,1,1,22.5,30324,7.21723
1,2,6,1,2,67.5,30446,16.2469
1,2,6,1,3,112.5,30505,44.9412
1,2,6,1,4,157.5,30283,68.9528
1,2,6,1,5,202.5,30931,46.7747
1,2,6,1,6,247.5,30760,14.5015
1,2,6,1,7,292.5,30768,0
1,2,6,1,8,337.5,30920,0
1,2,6,2,1,22.5,26172,0
1,2,6,2,2,67.5,26017,0
1,2,6,2,3,112.5,25860,47.2715
1,2,6,2,4,157.5,25610,78.8713
1,2,6,2,5,202.5,25662,49.6199
1,2,6,2,6,247.5,25906,4.95078
1,2,6,2,7,292.5,25957,0
1,2,6,2,8,337.5,26291,0
1,2,6,3,1,22.5,22669,0
1,2,6,3,2,67.5,21675,0
1,2,6,3,3,112.5,21755,39.8092
1,2,6,3,4,157.5,21097,78.9414
1,2,6,3,5,202.5,21456,48.5681
1,2,6,3,6,247.5,21646,15.9985
1,2,6,3,7,292.5,21775,9.06973
1,2,6,3,8,337.5,22546,0
1,2,6,4,1,22.5,18853,0
1,2,6,4,2,67.5,18524,0
1,2,6,4,3,112.5,18283,33.8809
1,2,6,4,4,157.5,17809,76.9246
1,2,6,4,5,202.5,18044,46.2558
1,2,6,4,6,247.5,18307,27.6789
1,2,6,4,7,292.5,18248,21.3614
1,2,6,4,8,337.5,18922,0
1,2,6,5,1,22.5,28760,0
1,2,6,5,2,67.5,28133,16.301
1,2,6,5,3,112.5,27997,39.8189
1,2,6,5,4,157.5,27393,101.773
1,2,6,5,5,202.5,27467,60.282
1,2,6,5,6,247.5,27862,51.0369
1,2,6,5,7,292.5,27846,39.4678
1,2,6,5,8,337.5,29028,0
1,2,6,6,1,22.5,19800,0
1,2,6,6,2,67.5,19411,30.0237
1,2,6,6,3,112.5,19035,31.7393
1,2,6,6,4,157.5,18995,87.6031
1,2,6,6,5,202.5,19041,50.6435
1,2,6,6,6,247.5,19148,57.0941
1,2,6,6,7,292.5,19228,39.6477
1,2,6,6,8,337.5,19979,0
1,2,6,7,1,22.5,13642,0
1,2,6,7,2,67.5,13252,35.5881
1,2,6,7,3,112.5,13196,27.8893
1,2,6,7,4,157.5,13056,71.5822
1,2,6,7,5,202.5,12803,43.4465
1,2,6,7,6,247.5,13230,55.2521
1,2,6,7,7,292.5,13621,34.7383
1,2,6,7,8,337.5,13765,0
1,2,6,8,1,22.5,12900,0
1,2,6,8,2,67.5,12718,43.6818
1,2,6,8,3,112.5,12358,30.8458
1,2,6,8,4,157.5,12020,69.9337
1,2,6,8,5,202.5,11933,42.9355
1,2,6,8,6,247.5,12357,60.0718
1,2,6,8,7,292.5,12868,32.5912
1,2,6,8,8,337.5,12807,0
1,2,6,9,1,22.5,6956,0
1,2,6,9,2,67.5,7065,34.8146
1,2,6,9,3,112.5,6781,27.3975
1,2,6,9,4,157.5,6422,50.6714
1,2,6,9,5,202.5,6264,30.9727
1,2,6,9,6,247.5,6888,47.9076
1,2,6,9,7,292.5,7122,22.9792
1,2,6,9,8,337.5,6746,6.64781
1,2,6,10,1,22.5,4685,7.50241
1,2,6,10,2,67.5,4649,30.7442
1,2,6,10,3,112.5,4610,26.11
1,2,6,10,4,157.5,4368,43.0067
1,2,6,10,5,202.5,4417,27.9289
1,2,6,10,6,247.5,4622,39.829
1,2,6,10,7,292.5,4719,19.7736
1,2,6,10,8,337.5,4592,9.49188
1,2,6,11,1,22.5,3115,11.5269
1,2,6,11,2,67.5,3261,24.0529
1,2,6,11,3,112.5,3044,23.7076
1,2,6,11,4,157.5,2839,32.875
1,2,6,11,5,202.5,2996,23.0766
1,2,6,11,6,247.5,3128,33.0638
1,2,6,11,7,292.5,3206,19.3652
1,2,6,11,8,337.5,2906,11.2635
1,2,7,1,1,22.5,13094,5.54127
1,2,7,1,2,67.5,12746,13.8559
1,2,7,1,3,112.5,12848,31.1187
1,2,7,1,4,157.5,12847,45.5183
1,2,7,1,5,202.5,12855,29.7407
1,2,7,1,6,247.5,13019,10.235
1,2,7,1,7,292.5,12919,0
1,2,7,1,8,337.5,13035,4.41832
1,2,7,2,1,22.5,11057,0
1,2,7,2,2,67.5,10860,0
1,2,7,2,3,112.5,11019,33.5173
1,2,7,2,4,157.5,10680,51.3119
1,2,7,2,5,202.5,11163,36.3708
1,2,7,2,6,247.5,11030,0
1,2,7,2,7,292.5,11125,0
1,2,7,2,8,337.5,11243,0
1,2,7,3,1,22.5,9375,0
1,2,7,3,2,67.5,9259,0
1,2,7,3,3,112.5,9291,29.2684
1,2,7,3,4,157.5,8806,52.3177
1,2,7,3,5,202.5,9246,32.1362
1,2,7,3,6,247.5,9136,0
1,2,7,3,7,292.5,9098,0
1,2,7,3,8,337.5,9566,0
1,2,7,4,1,22.5,8048,0
1,2,7,4,2,67.5,7799,0
1,2,7,4,3,112.5,7699,25.7036
1,2,7,4,4,157.5,7668,52.0025
1,2,7,4,5,202.5,7484,30.9848
1,2,7,4,6,247.5,7655,10.4862
1,2,7,4,7,292.5,7732,10.1884
1,2,7,4,8,337.5,8250,0
1,2,7,5,1,22.5,12391,0
1,2,7,5,2,67.5,12164,0
1,2,7,5,3,112.5,12160,29.5671
1,2,7,5,4,157.5,11469,68.721
1,2,7,5,5,202.5,11692,40.4494
1,2,7,5,6,247.5,11999,26.034
1,2,7,5,7,292.5,11986,21.3821
1,2,7,5,8,337.5,12550,0
1,2,7,6,1,22.5,8622,0
1,2,7,6,2,67.5,8319,12.3645
1,2,7,6,3,112.5,8151,22.7849
1,2,7,6,4,157.5,8208,59.6202
1,2,7,6,5,202.5,8110,34.8699
1,2,7,6,6,247.5,8266,31.7565
1,2,7,6,7,292.5,8610,24.5203
1,2,7,6,8,337.5,8772,0
1,2,7,7,1,22.5,6059,0
1,2,7,7,2,67.5,5765,17.9385
1,2,7,7,3,112.5,5744,18.9694
1,2,7,7,4,157.5,5744,49.1561
1,2,7,7,5,202.5,5708,28.4523
1,2,7,7,6,247.5,5763,32.5379
1,2,7,7,7,292.5,5846,22.7257
1,2,7,7,8,337.5,6325,0
1,2,7,8,1,22.5,5746,0
1,2,7,8,2,67.5,5621,24.5198
1,2,7,8,3,112.5,5558,19.7437
1,2,7,8,4,157.5,5444,48.7903
1,2,7,8,5,202.5,5464,28.7827
1,2,7,8,6,247.5,5579,38.0534
1,2,7,8,7,292.5,5652,23.1752
1,2,7,8,8,337.5,5700,0
1,2,7,9,1,22.5,3220,0
1,2,7,9,2,67.5,3079,21.0738
1,2,7,9,3,112.5,2943,16.5702
1,2,7,9,4,157.5,2979,33.9227
1,2,7,9,5,202.5,3030,21.3204
1,2,7,9,6,247.5,3052,29.0368
1,2,7,9,7,292.5,3119,16.9157
1,2,7,9,8,337.5,3173,0
1,2,7,10,1,22.5,1850,0
1,2,7,10,2,67.5,1987,17.3418
1,2,7,10,3,112.5,1891,13.7376
1,2,7,10,4,157.5,1789,26.2715
1,2,7,10,5,202.5,1844,17.6618
1,2,7,10,6,247.5,1906,24.9566
1,2,7,10,7,292.5,1949,20.6464
1,2,7,10,8,337.5,1963,0
1,2,7,11,1,22.5,793,0
1,2,7,11,2,67.5,807,12.2972
1,2,7,11,3,112.5,798,10.3902
1,2,7,11,4,157.5,732,15.7683
1,2,7,11,5,202.5,731,11.9128
1,2,7,11,6,247.5,791,16.3219
1,2,7,11,7,292.5,819,6.38953
1,2,7,11,8,337.5,844,0
1,2,8,1,1,22.5,3673,4.15646
1,2,8,1,2,67.5,3520,7.95333
1,2,8,1,3,112.5,3637,16.0424
1,2,8,1,4,157.5,3499,22.3975
1,2,8,1,5,202.5,3585,16.1442
1,2,8,1,6,247.5,3708,5.68482
1,2,8,1,7,292.5,3612,0
1,2,8,1,8,337.5,3655,0
1,2,8,2,1,22.5,3015,0
1,2,8,2,2,67.5,2913,0
1,2,8,2,3,112.5,2983,15.912
1,2,8,2,4,157.5,3006,26.7053
1,2,8,2,5,202.5,2994,16.7863
1,2,8,2,6,247.5,3008,0
1,2,8,2,7,292.5,2889,0
1,2,8,2,8,337.5,3034,0
1,2,8,3,1,22.5,2515,0
1,2,8,3,2,67.5,2361,0
1,2,8,3,3,112.5,2408,16.807
1,2,8,3,4,157.5,2378,26.1911
1,2,8,3,5,202.5,2465,16.5418
1,2,8,3,6,247.5,2370,0
1,2,8,3,7,292.5,2439,0
1,2,8,3,8,337.5,2485,0
1,2,8,4,1,22.5,2002,0
1,2,8,4,2,67.5,1984,0
1,2,8,4,3,112.5,1988,10.763
1,2,8,4,4,157.5,1905,25.515
1,2,8,4,5,202.5,1954,15.0694
1,2,8,4,6,247.5,1966,0
1,2,8,4,7,292.5,1876,0
1,2,8,4,8,337.5,1953,0
1,2,8,5,1,22.5,2885,0
1,2,8,5,2,67.5,2703,0
1,2,8,5,3,112.5,2742,17.6984
1,2,8,5,4,157.5,2658,30.0642
1,2,8,5,5,202.5,2725,18.1566
1,2,8,5,6,247.5,2733,9.96732
1,2,8,5,7,292.5,2841,7.17455
1,2,8,5,8,337.5,2842,0
1,2,8,6,1,22.5,1737,0
1,2,8,6,2,67.5,1661,0
1,2,8,6,3,112.5,1596,9.69221
1,2,8,6,4,157.5,1578,23.0284
1,2,8,6,5,202.5,1637,13.4164
1,2,8,6,6,247.5,1629,11.665
1,2,8,6,7,292.5,1616,7.45309
1,2,8,6,8,337.5,1734,0
1,2,8,7,1,22.5,905,0
1,2,8,7,2,67.5,923,0
1,2,8,7,3,112.5,852,6.15572
1,2,8,7,4,157.5,915,16.8959
1,2,8,7,5,202.5,861,9.90836
1,2,8,7,6,247.5,863,10.5066
1,2,8,7,7,292.5,897,7.02922
1,2,8,7,8,337.5,941,0
1,2,8,8,1,22.5,515,0
1,2,8,8,2,67.5,517,0
1,2,8,8,3,112.5,562,4.67665
1,2,8,8,4,157.5,510,12.8259
1,2,8,8,5,202.5,566,5.60317
1,2,8,8,6,247.5,552,7.23483
1,2,8,8,7,292.5,572,4.58139
1,2,8,8,8,337.5,581,0
1,2,8,9,1,22.5,120,0
1,2,8,9,2,67.5,130,0
1,2,8,9,3,112.5,102,0
1,2,8,9,4,157.5,129,4.12018
1,2,8,9,5,202.5,84,0
1,2,8,9,6,247.5,121,0
1,2,8,9,7,292.5,118,0
1,2,8,9,8,337.5,124,0
1,2,8,10,1,22.5,9,0
1,2,8,10,2,67.5,2,0
1,2,8,10,3,112.5,2,0
1,2,8,10,4,157.5,4,0
1,2,8,10,5,202.5,0,0
1,2,8,10,6,247.5,4,0
1,2,8,10,7,292.5,10,0
1,2,8,10,8,337.5,7,0
1,2,8,11,1,22.5,0,0
1,2,8,11,2,67.5,0,0
1,2,8,11,3,112.5,0,0
1,2,8,11,4,157.5,0,0
1,2,8,11,5,202.5,0,0
1,2,8,11,6,247.5,0,0
1,2,8,11,7,292.5,0,0
1,2,8,11,8,337.5,0,0
2,3,1,1,1,22.5,4.81154e+06,64.9297
2,3,1,1,2,67.5,4.81422e+06,146.632
2,3,1,1,3,112.5,4.80626e+06,257.143
2,3,1,1,4,157.5,4.79553e+06,187.613
2,3,1,1,5,202.5,4.79493e+06,355.344
2,3,1,1,6,247.5,4.81197e+06,385.034
2,3,1,1,7,292.5,4.81252e+06,150.581
2,3,1,1,8,337.5,4.81108e+06,61.0254
2,3,1,2,1,22.5,2.02663e+06,51.1629
2,3,1,2,2,67.5,2.02504e+06,104.66
2,3,1,2,3,112.5,2.01818e+06,149.847
2,3,1,2,4,157.5,2.00914e+06,176.379
2,3,1,2,5,202.5,2.01039e+06,139.575
2,3,1,2,6,247.5,2.0211e+06,129.854
2,3,1,2,7,292.5,2.02812e+06,139.606
2,3,1,2,8,337.5,2.02684e+06,40.4175
2,3,1,3,1,22.5,1.03885e+06,43.0254
2,3,1,3,2,67.5,1.03871e+06,98.7828
2,3,1,3,3,112.5,1.03282e+06,95.4127
2,3,1,3,4,157.5,1.02386e+06,100.729
2,3,1,3,5,202.5,1.02607e+06,84.1407
2,3,1,3,6,247.5,1.0348e+06,106.786
2,3,1,3,7,292.5,1.03952e+06,98.6447
2,3,1,3,8,337.5,1.03879e+06,34.29
2,3,1,4,1,22.5,581178,33.9705
2,3,1,4,2,67.5,583682,74.1554
2,3,1,4,3,112.5,577004,66.4229
2,3,1,4,4,157.5,572458,56.3994
2,3,1,4,5,202.5,575416,50.6137
2,3,1,4,6,247.5,578222,72.8497
2,3,1,4,7,292.5,580780,71.0418
2,3,1,4,8,337.5,583343,31.3127
2,3,1,5,1,22.5,556227,36.7091
2,3,1,5,2,67.5,555142,63.9734
2,3,1,5,3,112.5,551465,53.2256
2,3,1,5,4,157.5,545481,37.6647
2,3,1,5,5,202.5,547007,35.067
2,3,1,5,6,247.5,552026,58.7382
2,3,1,5,7,292.5,555176,62.7109
2,3,1,5,8,337.5,555713,33.4154
2,3,1,6,1,22.5,216622,15.1092
2,3,1,6,2,67.5,216851,21.8633
2,3,1,6,3,112.5,215414,18.5482
2,3,1,6,4,157.5,210464,12.0198
2,3,1,6,5,202.5,211275,11.8615
2,3,1,6,6,247.5,215492,19.8515
2,3,1,6,7,292.5,215860,23.9077
2,3,1,6,8,337.5,216187,11.2613
2,3,1,7,1,22.5,88341,0
2,3,1,7,2,67.5,88263,4.03181
2,3,1,7,3,112.5,87119,0
2,3,1,7,4,157.5,85583,0
2,3,1,7,5,202.5,86536,0
2,3,1,7,6,247.5,88269,7.81312
2,3,1,7,7,292.5,88284,0
2,3,1,7,8,337.5,88679,0
2,3,1,8,1,22.5,46208,0
2,3,1,8,2,67.5,45966,0
2,3,1,8,3,112.5,45235,6.50802
2,3,1,8,4,157.5,44117,0
2,3,1,8,5,202.5,44835,0
2,3,1,8,6,247.5,45604,0
2,3,1,8,7,292.5,46123,0
2,3,1,8,8,337.5,46100,0
2,3,1,9,1,22.5,11945,0
2,3,1,9,2,67.5,11931,0
2,3,1,9,3,112.5,11731,0
2,3,1,9,4,157.5,11328,0
2,3,1,9,5,202.5,11522,0
2,3,1,9,6,247.5,11694,0
2,3,1,9,7,292.5,11727,0
2,3,1,9,8,337.5,12011,0
2,3,1,10,1,22.5,2849,0
2,3,1,10,2,67.5,2811,0
2,3,1,10,3,112.5,2685,0
2,3,1,10,4,157.5,2556,0
2,3,1,10,5,202.5,2540,0
2,3,1,10,6,247.5,2627,0
2,3,1,10,7,292.5,2776,0
2,3,1,10,8,337.5,2765,0
2,3,1,11,1,22.5,198,0
2,3,1,11,2,67.5,168,0
2,3,1,11,3,112.5,169,0
2,3,1,11,4,157.5,150,0
2,3,1,11,5,202.5,164,0
2,3,1,11,6,247.5,185,0
2,3,1,11,7,292.5,172,0
2,3,1,11,8,337.5,172,0
2,3,2,1,1,22.5,428558,23.2575
2,3,2,1,2,67.5,428397,294.504
2,3,2,1,3,112.5,427170,277.441
2,3,2,1,4,157.5,425556,305.358
2,3,2,1,5,202.5,427396,332.822
2,3,2,1,6,247.5,428786,221.844
2,3,2,1,7,292.5,427196,273.949
2,3,2,1,8,337.5,430416,72.7734
2,3,2,2,1,22.5,330658,54.1656
2,3,2,2,2,67.5,329913,162.947
2,3,2,2,3,112.5,327456,222.082
2,3,2,2,4,157.5,327303,328.586
2,3,2,2,5,202.5,327829,250.823
2,3,2,2,6,247.5,329193,220.688
2,3,2,2,7,292.5,329831,167.67
2,3,2,2,8,337.5,331171,50.2236
2,3,2,3,1,22.5,248155,72.8808
2,3,2,3,2,67.5,248584,156.867
2,3,2,3,3,112.5,247288,166.511
2,3,2,3,4,157.5,244779,234.485
2,3,2,3,5,202.5,244997,183.22
2,3,2,3,6,247.5,247459,190.557
2,3,2,3,7,292.5,249051,166.7
2,3,2,3,8,337.5,248391,54.2555
2,3,2,4,1,22.5,184917,65.1734
2,3,2,4,2,67.5,185692,149.784
2,3,2,4,3,112.5,181724,143.814
2,3,2,4,4,157.5,180679,169.659
2,3,2,4,5,202.5,180937,140.39
2,3,2,4,6,247.5,183942,175.192
2,3,2,4,7,292.5,185522,138.74
2,3,2,4,8,337.5,184299,46.9776
2,3,2,5,1,22.5,239809,80.3728
2,3,2,5,2,67.5,239423,173.719
2,3,2,5,3,112.5,236098,167.524
2,3,2,5,4,157.5,233110,178.803
2,3,2,5,5,202.5,233858,140.635
2,3,2,5,6,247.5,237877,202.513
2,3,2,5,7,292.5,239572,155.993
2,3,2,5,8,337.5,239499,71.7465
2,3,2,6,1,22.5,136228,75.2966
2,3,2,6,2,67.5,136193,120.626
2,3,2,6,3,112.5,133964,112.538
2,3,2,6,4,157.5,132069,94.3649
2,3,2,6,5,202.5,132607,77.968
2,3,2,6,6,247.5,134989,125.292
2,3,2,6,7,292.5,136260,110.269
2,3,2,6,8,337.5,136043,61.755
2,3,2,7,1,22.5,79573,54.0906
2,3,2,7,2,67.5,79833,73.2995
2,3,2,7,3,112.5,79088,69.9144
2,3,2,7,4,157.5,76772,49.7348
2,3,2,7,5,202.5,76934,41.1859
2,3,2,7,6,247.5,78693,75.1498
2,3,2,7,7,292.5,80032,74.7799
2,3,2,7,8,337.5,79601,43.5513
2,3,2,8,1,22.5,63338,37.6198
2,3,2,8,2,67.5,63171,47.8394
2,3,2,8,3,112.5,62225,44.2314
2,3,2,8,4,157.5,61158,26.9442
2,3,2,8,5,202.5,61369,21.5956
2,3,2,8,6,247.5,63190,51.6551
2,3,2,8,7,292.5,63527,51.9577
2,3,2,8,8,337.5,62955,28.0263
2,3,2,9,1,22.5,29487,15.6745
2,3,2,9,2,67.5,29192,21.197
2,3,2,9,3,112.5,28798,16.4832
2,3,2,9,4,157.5,28081,6.51526
2,3,2,9,5,202.5,28483,5.95284
2,3,2,9,6,247.5,29260,17.6992
2,3,2,9,7,292.5,29452,19.5581
2,3,2,9,8,337.5,29065,11.0589
2,3,2,10,1,22.5,15456,4.33743
2,3,2,10,2,67.5,15779,0
2,3,2,10,3,112.5,15415,6.06123
2,3,2,10,4,157.5,14706,0
2,3,2,10,5,202.5,14876,4.93033
2,3,2,10,6,247.5,15372,4.69157
2,3,2,10,7,292.5,15654,5.21586
2,3,2,10,8,337.5,15480,0
2,3,2,11,1,22.5,5173,0
2,3,2,11,2,67.5,5435,0
2,3,2,11,3,112.5,5266,0
2,3,2,11,4,157.5,4889,0
2,3,2,11,5,202.5,5012,0
2,3,2,11,6,247.5,5266,3.91555
2,3,2,11,7,292.5,5264,0
2,3,2,11,8,337.5,5334,0
2,3,3,1,1,22.5,205097,66.6466
2,3,3,1,2,67.5,205025,134.836
2,3,3,1,3,112.5,204183,342.783
2,3,3,1,4,157.5,203714,240.05
2,3,3,1,5,202.5,205299,216.71
2,3,3,1,6,247.5,205832,156.916
2,3,3,1,7,292.5,205778,137.338
2,3,3,1,8,337.5,206808,67.8998
2,3,3,2,1,22.5,164915,18.52
2,3,3,2,2,67.5,164092,101.789
2,3,3,2,3,112.5,163933,128.879
2,3,3,2,4,157.5,162670,308.476
2,3,3,2,5,202.5,162477,173.28
2,3,3,2,6,247.5,163729,138.591
2,3,3,2,7,292.5,163523,97.2228
2,3,3,2,8,337.5,165538,18.1642
2,3,3,3,1,22.5,129918,26.0259
2,3,3,3,2,67.5,129235,95.9312
2,3,3,3,3,112.5,127734,114.226
2,3,3,3,4,157.5,127721,206.541
2,3,3,3,5,202.5,127078,147.806
2,3,3,3,6,247.5,128587,133.987
2,3,3,3,7,292.5,129196,108.779
2,3,3,3,8,337.5,129551,32.0797
2,3,3,4,1,22.5,101339,38.5454
2,3,3,4,2,67.5,100668,103.236
2,3,3,4,3,112.5,99694,98.5946
2,3,3,4,4,157.5,98603,174.852
2,3,3,4,5,202.5,98760,127.355
2,3,3,4,6,247.5,99949,138.248
2,3,3,4,7,292.5,100811,106.3
2,3,3,4,8,337.5,100850,32.8918
2,3,3,5,1,22.5,138253,54.223
2,3,3,5,2,67.5,138265,150.647
2,3,3,5,3,112.5,135741,131.414
2,3,3,5,4,157.5,135562,210.618
2,3,3,5,5,202.5,134904,145.423
2,3,3,5,6,247.5,137180,185.985
2,3,3,5,7,292.5,138940,125.575
2,3,3,5,8,337.5,138174,46.3717
2,3,3,6,1,22.5,82032,47.2298
2,3,3,6,2,67.5,82514,120.549
2,3,3,6,3,112.5,80823,112.688
2,3,3,6,4,157.5,79545,145.369
2,3,3,6,5,202.5,79980,109.874
2,3,3,6,6,247.5,81469,152.089
2,3,3,6,7,292.5,82549,95.8136
2,3,3,6,8,337.5,81409,45.4576
2,3,3,7,1,22.5,49657,51.0249
2,3,3,7,2,67.5,50087,93.49
2,3,3,7,3,112.5,48727,91.819
2,3,3,7,4,157.5,48130,102.719
2,3,3,7,5,202.5,47907,77.4099
2,3,3,7,6,247.5,48847,117.016
2,3,3,7,7,292.5,49559,78.5674
2,3,3,7,8,337.5,48831,46.7632
2,3,3,8,1,22.5,41234,56.955
2,3,3,8,2,67.5,40899,82.0048
2,3,3,8,3,112.5,39998,83.7952
2,3,3,8,4,157.5,38949,76.4221
2,3,3,8,5,202.5,40002,61.0663
2,3,3,8,6,247.5,40654,98.9419
2,3,3,8,7,292.5,41150,76.7008
2,3,3,8,8,337.5,40745,48.324
2,3,3,9,1,22.5,20934,43.2072
2,3,3,9,2,67.5,20991,54.304
2,3,3,9,3,112.5,20327,54.5827
2,3,3,9,4,157.5,19720,40.7014
2,3,3,9,5,202.5,19757,33.3942
2,3,3,9,6,247.5,20601,60.4431
2,3,3,9,7,292.5,20714,54.4457
2,3,3,9,8,337.5,20568,33.3546
2,3,3,10,1,22.5,13419,29.325
2,3,3,10,2,67.5,13374,36.1172
2,3,3,10,3,112.5,12934,35.0779
2,3,3,10,4,157.5,12526,22.6975
2,3,3,10,5,202.5,12761,17.4315
2,3,3,10,6,247.5,13269,37.1308
2,3,3,10,7,292.5,13133,38.0596
2,3,3,10,8,337.5,13230,21.8528
2,3,3,11,1,22.5,8036,15.1177
2,3,3,11,2,67.5,8100,19.5668
2,3,3,11,3,112.5,7926,17.4111
2,3,3,11,4,157.5,7422,8.0432
2,3,3,11,5,202.5,7741,8.04018
2,3,3,11,6,247.5,7935,18.8177
2,3,3,11,7,292.5,8050,18.7062
2,3,3,11,8,337.5,8031,10.3783
2,3,4,1,1,22.5,111572,36.8297
2,3,4,1,2,67.5,111673,76.2857
2,3,4,1,3,112.5,110294,121.57
2,3,4,1,4,157.5,111265,190.958
2,3,4,1,5,202.5,111110,147.639
2,3,4,1,6,247.5,112379,72.5014
2,3,4,1,7,292.5,111770,60.7109
2,3,4,1,8,337.5,112022,41.7299
2,3,4,2,1,22.5,91867,15.4648
2,3,4,2,2,67.5,90940,44.9531
2,3,4,2,3,112.5,90251,91.4204
2,3,4,2,4,157.5,90311,187.988
2,3,4,2,5,202.5,90427,130.707
2,3,4,2,6,247.5,91296,60.033
2,3,4,2,7,292.5,91634,54.78
2,3,4,2,8,337.5,91789,12.5864
2,3,4,3,1,22.5,74315,8.52331
2,3,4,3,2,67.5,74150,43.3916
2,3,4,3,3,112.5,73303,75.2279
2,3,4,3,4,157.5,72919,176.135
2,3,4,3,5,202.5,73004,116.224
2,3,4,3,6,247.5,73932,73.8055
2,3,4,3,7,292.5,73423,68.6296
2,3,4,3,8,337.5,74875,6.21241
2,3,4,4,1,22.5,60201,9.67616
2,3,4,4,2,67.5,59371,55.745
2,3,4,4,3,112.5,58906,62.7591
2,3,4,4,4,157.5,58552,150.263
2,3,4,4,5,202.5,58167,98.7039
2,3,4,4,6,247.5,59152,84.2094
2,3,4,4,7,292.5,59721,77.127
2,3,4,4,8,337.5,60252,12.9602
2,3,4,5,1,22.5,86376,22.3736
2,3,4,5,2,67.5,85662,102.181
2,3,4,5,3,112.5,85018,80.6323
2,3,4,5,4,157.5,83390,179.564
2,3,4,5,5,202.5,83104,121.681
2,3,4,5,6,247.5,84784,131.259
2,3,4,5,7,292.5,86693,105.972
2,3,4,5,8,337.5,86713,20.5971
2,3,4,6,1,22.5,54427,20.0488
2,3,4,6,2,67.5,54685,99.3343
2,3,4,6,3,112.5,53209,75.7575
2,3,4,6,4,157.5,52460,141.22
2,3,4,6,5,202.5,52678,97.5358
2,3,4,6,6,247.5,53807,120.862
2,3,4,6,7,292.5,54617,84.6299
2,3,4,6,8,337.5,54100,19.2081
2,3,4,7,1,22.5,34192,18.2783
2,3,4,7,2,67.5,34137,83.9515
2,3,4,7,3,112.5,33662,68.4082
2,3,4,7,4,157.5,32761,108.011
2,3,4,7,5,202.5,32917,75.4742
2,3,4,7,6,247.5,33785,102.455
2,3,4,7,7,292.5,34768,62.7868
2,3,4,7,8,337.5,34041,23.7517
2,3,4,8,1,22.5,28912,29.8477
2,3,4,8,2,67.5,29283,77.4991
2,3,4,8,3,112.5,28257,70.0905
2,3,4,8,4,157.5,27682,95.7757
2,3,4,8,5,202.5,27685,68.5857
2,3,4,8,6,247.5,28787,98.7366
2,3,4,8,7,292.5,29559,58.5723
2,3,4,8,8,337.5,28547,34.5153
2,3,4,9,1,22.5,14542,30.7308
2,3,4,9,2,67.5,14785,53.3237
2,3,4,9,3,112.5,14508,54.5743
2,3,4,9,4,157.5,13909,61.3698
2,3,4,9,5,202.5,13872,45.8502
2,3,4,9,6,247.5,14422,69.2742
2,3,4,9,7,292.5,14811,44.238
2,3,4,9,8,337.5,14502,30.3585
2,3,4,10,1,22.5,9332,30.1324
2,3,4,10,2,67.5,9478,42.1424
2,3,4,10,3,112.5,9082,43.2049
2,3,4,10,4,157.5,8776,41.8691
2,3,4,10,5,202.5,8933,32.3314
2,3,4,10,6,247.5,9069,53.0546
2,3,4,10,7,292.5,9340,39.3675
2,3,4,10,8,337.5,9293,25.5316
2,3,4,11,1,22.5,5896,26.2947
2,3,4,11,2,67.5,6007,31.3044
2,3,4,11,3,112.5,5882,32.0649
2,3,4,11,4,157.5,5619,26.2168
2,3,4,11,5,202.5,5710,20.5979
2,3,4,11,6,247.5,6040,37.7523
2,3,4,11,7,292.5,5890,31.495
2,3,4,11,8,337.5,5847,19.2113
2,3,5,1,1,22.5,63505,31.5135
2,3,5,1,2,67.5,62844,54.4133
2,3,5,1,3,112.5,63230,101.691
2,3,5,1,4,157.5,63280,140.947
2,3,5,1,5,202.5,63424,103.317
2,3,5,1,6,247.5,64153,46.362
2,3,5,1,7,292.5,63999,27.7835
2,3,5,1,8,337.5,63678,26.2453
2,3,5,2,1,22.5,53238,7.51195
2,3,5,2,2,67.5,52983,18.9319
2,3,5,2,3,112.5,52489,82.958
2,3,5,2,4,157.5,52642,141.52
2,3,5,2,5,202.5,52356,97.4828
2,3,5,2,6,247.5,52840,23.4037
2,3,5,2,7,292.5,52895,22.0108
2,3,5,2,8,337.5,53000,7.13029
2,3,5,3,1,22.5,43912,0
2,3,5,3,2,67.5,43617,14.049
2,3,5,3,3,112.5,43285,60.9118
2,3,5,3,4,157.5,43118,132.712
2,3,5,3,5,202.5,43149,90.6143
2,3,5,3,6,247.5,43745,33.975
2,3,5,3,7,292.5,43491,39.143
2,3,5,3,8,337.5,44091,4.74276
2,3,5,4,1,22.5,36449,0
2,3,5,4,2,67.5,35796,23.0636
2,3,5,4,3,112.5,35595,48.8826
2,3,5,4,4,157.5,35376,117.784
2,3,5,4,5,202.5,35371,80.7247
2,3,5,4,6,247.5,35372,46.8492
2,3,5,4,7,292.5,35761,52.572
2,3,5,4,8,337.5,36108,0
2,3,5,5,1,22.5,54224,0
2,3,5,5,2,67.5,53181,57.8129
2,3,5,5,3,112.5,52808,56.4854
2,3,5,5,4,157.5,52599,150.548
2,3,5,5,5,202.5,52509,100.859
2,3,5,5,6,247.5,52949,82.1856
2,3,5,5,7,292.5,53360,83.8925
2,3,5,5,8,337.5,54148,7.48146
2,3,5,6,1,22.5,35746,0
2,3,5,6,2,67.5,35848,71.4939
2,3,5,6,3,112.5,35054,50.0395
2,3,5,6,4,157.5,34134,119.049
2,3,5,6,5,202.5,34265,81.0719
2,3,5,6,6,247.5,35192,85.74
2,3,5,6,7,292.5,35246,74.4922
2,3,5,6,8,337.5,36352,0
2,3,5,7,1,22.5,23411,4.29412
2,3,5,7,2,67.5,23438,68.0616
2,3,5,7,3,112.5,22768,45.0863
2,3,5,7,4,157.5,22385,94.7211
2,3,5,7,5,202.5,22525,64.3328
2,3,5,7,6,247.5,23298,80.0142
2,3,5,7,7,292.5,23866,58.1134
2,3,5,7,8,337.5,23263,0
2,3,5,8,1,22.5,20906,9.04666
2,3,5,8,2,67.5,20964,69.0414
2,3,5,8,3,112.5,20390,51.997
2,3,5,8,4,157.5,19844,89.1304
2,3,5,8,5,202.5,19874,62.2525
2,3,5,8,6,247.5,20626,80.7688
2,3,5,8,7,292.5,20950,50.3567
2,3,5,8,8,337.5,20649,13.8977
2,3,5,9,1,22.5,10945,12.8482
2,3,5,9,2,67.5,11013,48.6482
2,3,5,9,3,112.5,10524,41.159
2,3,5,9,4,157.5,10429,62.7658
2,3,5,9,5,202.5,10283,42.696
2,3,5,9,6,247.5,10772,60.6534
2,3,5,9,7,292.5,10947,34.2085
2,3,5,9,8,337.5,10579,18.4296
2,3,5,10,1,22.5,6979,18.6162
2,3,5,10,2,67.5,6744,36.1238
2,3,5,10,3,112.5,6647,35.7863
2,3,5,10,4,157.5,6347,46.2189
2,3,5,10,5,202.5,6455,34.2647
2,3,5,10,6,247.5,6664,48.0135
2,3,5,10,7,292.5,6783,28.2393
2,3,5,10,8,337.5,6556,19.5127
2,3,5,11,1,22.5,3927,19.0316
2,3,5,11,2,67.5,3869,27.3166
2,3,5,11,3,112.5,3799,29.2744
2,3,5,11,4,157.5,3591,31.6634
2,3,5,11,5,202.5,3716,24.6094
2,3,5,11,6,247.5,3879,36.619
2,3,5,11,7,292.5,3939,23.8714
2,3,5,11,8,337.5,3717,17.4811
2,3,6,1,1,22.5,33747,29.6566
2,3,6,1,2,67.5,33812,48.6949
2,3,6,1,3,112.5,33474,83.0753
2,3,6,1,4,157.5,33316,103.27
2,3,6,1,5,202.5,33785,80.015
2,3,6,1,6,247.5,34026,41.6049
2,3,6,1,7,292.5,33957,20.3619
2,3,6,1,8,337.5,33665,21.6478
2,3,6,2,1,22.5,27958,0
2,3,6,2,2,67.5,28712,18.291
2,3,6,2,3,112.5,28328,68.4389
2,3,6,2,4,157.5,27991,100.251
2,3,6,2,5,202.5,28284,73.9992
2,3,6,2,6,247.5,28724,18.5157
2,3,6,2,7,292.5,28421,0
2,3,6,2,8,337.5,28632,0
2,3,6,3,1,22.5,24078,0
2,3,6,3,2,67.5,23850,0
2,3,6,3,3,112.5,23584,52.9325
2,3,6,3,4,157.5,23524,100.484
2,3,6,3,5,202.5,23401,68.9418
2,3,6,3,6,247.5,23603,13.8773
2,3,6,3,7,292.5,23842,17.2045
2,3,6,3,8,337.5,24186,0
2,3,6,4,1,22.5,20269,0
2,3,6,4,2,67.5,20096,6.32372
2,3,6,4,3,112.5,19558,42.2268
2,3,6,4,4,157.5,19289,90.6157
2,3,6,4,5,202.5,19654,60.7471
2,3,6,4,6,247.5,19621,21.7858
2,3,6,4,7,292.5,20027,29.9123
2,3,6,4,8,337.5,19731,0
2,3,6,5,1,22.5,30720,0
2,3,6,5,2,67.5,30341,23.1317
2,3,6,5,3,112.5,29733,47.882
2,3,6,5,4,157.5,29440,115.337
2,3,6,5,5,202.5,29608,76.7803
2,3,6,5,6,247.5,30167,47.1702
2,3,6,5,7,292.5,30124,56.5332
2,3,6,5,8,337.5,30578,0
2,3,6,6,1,22.5,20971,0
2,3,6,6,2,67.5,20590,40.7154
2,3,6,6,3,112.5,20229,35.3266
2,3,6,6,4,157.5,20093,92.9875
2,3,6,6,5,202.5,19734,62.0008
2,3,6,6,6,247.5,20331,52.5026
2,3,6,6,7,292.5,20290,56.6498
2,3,6,6,8,337.5,21141,0
2,3,6,7,1,22.5,13966,0
2,3,6,7,2,67.5,13820,44.6936
2,3,6,7,3,112.5,13476,30.3345
2,3,6,7,4,157.5,13450,76.4665
2,3,6,7,5,202.5,13410,51.6628
2,3,6,7,6,247.5,13417,53.33
2,3,6,7,7,292.5,13960,48.0411
2,3,6,7,8,337.5,13853,0
2,3,6,8,1,22.5,12518,0
2,3,6,8,2,67.5,12602,50.749
2,3,6,8,3,112.5,12243,33.7861
2,3,6,8,4,157.5,11834,71.4381
2,3,6,8,5,202.5,11788,48.6361
2,3,6,8,6,247.5,12222,56.3273
2,3,6,8,7,292.5,12484,44.2098
2,3,6,8,8,337.5,12454,0
2,3,6,9,1,22.5,6579,0
2,3,6,9,2,67.5,6496,37.8962
2,3,6,9,3,112.5,6188,27.1532
2,3,6,9,4,157.5,5992,48.7963
2,3,6,9,5,202.5,6219,34.2399
2,3,6,9,6,247.5,6269,44.4589
2,3,6,9,7,292.5,6626,29.2156
2,3,6,9,8,337.5,6483,5.19636
2,3,6,10,1,22.5,3914,5.69701
2,3,6,10,2,67.5,3925,29.6584
2,3,6,10,3,112.5,3791,22.7931
2,3,6,10,4,157.5,3639,40.6861
2,3,6,10,5,202.5,3653,26.096
2,3,6,10,6,247.5,3805,35.482
2,3,6,10,7,292.5,3926,20.6593
2,3,6,10,8,337.5,3696,9.14015
2,3,6,11,1,22.5,1785,6.62676
2,3,6,11,2,67.5,1819,19.5957
2,3,6,11,3,112.5,1732,18.2341
2,3,6,11,4,157.5,1663,23.7447
2,3,6,11,5,202.5,1637,16.0648
2,3,6,11,6,247.5,1815,25.1825
2,3,6,11,7,292.5,1828,14.2106
2,3,6,11,8,337.5,1642,7.24603
2,3,7,1,1,22.5,14276,25.1238
2,3,7,1,2,67.5,14375,37.3121
2,3,7,1,3,112.5,14265,54.4359
2,3,7,1,4,157.5,14430,67.6788
2,3,7,1,5,202.5,14740,52.1189
2,3,7,1,6,247.5,14576,30.5083
2,3,7,1,7,292.5,14801,16.4737
2,3,7,1,8,337.5,14568,17.7386
2,3,7,2,1,22.5,11836,4.86021
2,3,7,2,2,67.5,12201,16.3463
2,3,7,2,3,112.5,11894,47.2649
2,3,7,2,4,157.5,11664,67.5439
2,3,7,2,5,202.5,11908,49.6017
2,3,7,2,6,247.5,12176,12.0958
2,3,7,2,7,292.5,12128,0
2,3,7,2,8,337.5,12031,0
2,3,7,3,1,22.5,10344,0
2,3,7,3,2,67.5,10043,7.49632
2,3,7,3,3,112.5,10203,38.6429
2,3,7,3,4,157.5,9800,67.9279
2,3,7,3,5,202.5,9993,44.3586
2,3,7,3,6,247.5,10124,7.91449
2,3,7,3,7,292.5,10186,0
2,3,7,3,8,337.5,10192,0
2,3,7,4,1,22.5,8474,0
2,3,7,4,2,67.5,8375,0
2,3,7,4,3,112.5,8287,31.7511
2,3,7,4,4,157.5,8196,59.5823
2,3,7,4,5,202.5,8349,41.162
2,3,7,4,6,247.5,8429,11.0777
2,3,7,4,7,292.5,8318,13.5132
2,3,7,4,8,337.5,8623,0
2,3,7,5,1,22.5,12853,0
2,3,7,5,2,67.5,12816,6.05027
2,3,7,5,3,112.5,12445,35.3176
2,3,7,5,4,157.5,12419,75.2562
2,3,7,5,5,202.5,12396,51.0374
2,3,7,5,6,247.5,12632,21.9044
2,3,7,5,7,292.5,12612,28.7889
2,3,7,5,8,337.5,12908,0
2,3,7,6,1,22.5,8536,0
2,3,7,6,2,67.5,8477,15.5419
2,3,7,6,3,112.5,8241,24.7397
2,3,7,6,4,157.5,8033,59.8372
2,3,7,6,5,202.5,8112,40.8364
2,3,7,6,6,247.5,8151,28.4861
2,3,7,6,7,292.5,8262,33.4832
2,3,7,6,8,337.5,8659,0
2,3,7,7,1,22.5,5512,0
2,3,7,7,2,67.5,5521,21.0445
2,3,7,7,3,112.5,5455,18.9989
2,3,7,7,4,157.5,5170,46.0298
2,3,7,7,5,202.5,5054,32.0992
2,3,7,7,6,247.5,5361,27.3626
2,3,7,7,7,292.5,5466,29.0512
2,3,7,7,8,337.5,5650,0
2,3,7,8,1,22.5,4473,0
2,3,7,8,2,67.5,4490,24.4546
2,3,7,8,3,112.5,4474,19.1277
2,3,7,8,4,157.5,4275,41.3493
2,3,7,8,5,202.5,4236,26.8636
2,3,7,8,6,247.5,4515,29.6451
2,3,7,8,7,292.5,4526,25.6045
2,3,7,8,8,337.5,4561,0
2,3,7,9,1,22.5,1861,0
2,3,7,9,2,67.5,1951,18.2305
2,3,7,9,3,112.5,1911,12.7473
2,3,7,9,4,157.5,1735,25.411
2,3,7,9,5,202.5,1758,17.0624
2,3,7,9,6,247.5,1833,19.6141
2,3,7,9,7,292.5,1942,15.1881
2,3,7,9,8,337.5,1899,0
2,3,7,10,1,22.5,764,0
2,3,7,10,2,67.5,789,11.2069
2,3,7,10,3,112.5,779,7.73701
2,3,7,10,4,157.5,734,15.9443
2,3,7,10,5,202.5,687,9.78756
2,3,7,10,6,247.5,745,13.4197
2,3,7,10,7,292.5,771,8.92214
2,3,7,10,8,337.5,785,0
2,3,7,11,1,22.5,147,0
2,3,7,11,2,67.5,141,3.64756
2,3,7,11,3,112.5,146,4.37909
2,3,7,11,4,157.5,139,7.01435
2,3,7,11,5,202.5,131,0
2,3,7,11,6,247.5,137,4.53995
2,3,7,11,7,292.5,138,0
2,3,7,11,8,337.5,127,0
2,3,8,1,1,22.5,2988,10.9329
2,3,8,1,2,67.5,3100,15.7707
2,3,8,1,3,112.5,2872,24.3086
2,3,8,1,4,157.5,2915,29.0242
2,3,8,1,5,202.5,2963,24.522
2,3,8,1,6,247.5,3084,11.9883
2,3,8,1,7,292.5,2926,7.46946
2,3,8,1,8,337.5,3041,8.80935
2,3,8,2,1,22.5,2308,0
2,3,8,2,2,67.5,2270,8.27185
2,3,8,2,3,112.5,2258,21.5101
2,3,8,2,4,157.5,2254,28.2511
2,3,8,2,5,202.5,2334,19.9396
2,3,8,2,6,247.5,2267,0
2,3,8,2,7,292.5,2344,0
2,3,8,2,8,337.5,2329,0
2,3,8,3,1,22.5,1633,0
2,3,8,3,2,67.5,1665,0
2,3,8,3,3,112.5,1709,14.7636
2,3,8,3,4,157.5,1665,23.7543
2,3,8,3,5,202.5,1670,17.5843
2,3,8,3,6,247.5,1726,4.15807
2,3,8,3,7,292.5,1730,0
2,3,8,3,8,337.5,1652,0
2,3,8,4,1,22.5,1294,0
2,3,8,4,2,67.5,1240,0
2,3,8,4,3,112.5,1260,11.591
2,3,8,4,4,157.5,1225,19.5747
2,3,8,4,5,202.5,1239,13.1729
2,3,8,4,6,247.5,1256,0
2,3,8,4,7,292.5,1277,0
2,3,8,4,8,337.5,1313,0
2,3,8,5,1,22.5,1437,0
2,3,8,5,2,67.5,1438,0
2,3,8,5,3,112.5,1432,11.9164
2,3,8,5,4,157.5,1403,22.4785
2,3,8,5,5,202.5,1392,14.0348
2,3,8,5,6,247.5,1377,4.9506
2,3,8,5,7,292.5,1411,5.48069
2,3,8,5,8,337.5,1481,0
2,3,8,6,1,22.5,608,0
2,3,8,6,2,67.5,641,0
2,3,8,6,3,112.5,571,0
2,3,8,6,4,157.5,542,11.2903
2,3,8,6,5,202.5,592,7.474
2,3,8,6,6,247.5,573,4.3858
2,3,8,6,7,292.5,619,0
2,3,8,6,8,337.5,666,0
2,3,8,7,1,22.5,226,0
2,3,8,7,2,67.5,217,0
2,3,8,7,3,112.5,189,0
2,3,8,7,4,157.5,222,6.79786
2,3,8,7,5,202.5,213,0
2,3,8,7,6,247.5,187,0
2,3,8,7,7,292.5,216,0
2,3,8,7,8,337.5,211,0
2,3,8,8,1,22.5,60,0
2,3,8,8,2,67.5,70,0
2,3,8,8,3,112.5,69,0
2,3,8,8,4,157.5,60,0
2,3,8,8,5,202.5,57,0
2,3,8,8,6,247.5,57,0
2,3,8,8,7,292.5,55,0
2,3,8,8,8,337.5,74,0
2,3,8,9,1,22.5,2,0
2,3,8,9,2,67.5,3,0
2,3,8,9,3,112.5,4,0
2,3,8,9,4,157.5,2,0
2,3,8,9,5,202.5,3,0
2,3,8,9,6,247.5,2,0
2,3,8,9,7,292.5,2,0
2,3,8,9,8,337.5,1,0
2,3,8,10,1,22.5,0,0
2,3,8,10,2,67.5,0,0
2,3,8,10,3,112.5,0,0
2,3,8,10,4,157.5,0,0
2,3,8,10,5,202.5,0,0
2,3,8,10,6,247.5,0,0
2,3,8,10,7,292.5,0,0
2,3,8,10,8,337.5,0,0
2,3,8,11,1,22.5,0,0
2,3,8,11,2,67.5,0,0
2,3,8,11,3,112.5,0,0
2,3,8,11,4,157.5,0,0
2,3,8,11,5,202.5,0,0
2,3,8,11,6,247.5,0,0
2,3,8,11,7,292.5,0,0
2,3,8,11,8,337.5,0,0
3,4,1,1,1,22.5,3.40105e+06,38.9374
3,4,1,1,2,67.5,3.40811e+06,99.8785
3,4,1,1,3,112.5,3.40731e+06,138.311
3,4,1,1,4,157.5,3.39917e+06,73.6103
3,4,1,1,5,202.5,3.40295e+06,101.069
3,4,1,1,6,247.5,3.40177e+06,105.715
3,4,1,1,7,292.5,3.40476e+06,99.675
3,4,1,1,8,337.5,3.40496e+06,38.0852
3,4,1,2,1,22.5,1.41452e+06,24.679
3,4,1,2,2,67.5,1.41428e+06,42.2537
3,4,1,2,3,112.5,1.41436e+06,64.6733
3,4,1,2,4,157.5,1.40639e+06,59.5353
3,4,1,2,5,202.5,1.40563e+06,54.2746
3,4,1,2,6,247.5,1.41257e+06,56.1972
3,4,1,2,7,292.5,1.41871e+06,62.8109
3,4,1,2,8,337.5,1.41742e+06,16.7541
3,4,1,3,1,22.5,704394,14.572
3,4,1,3,2,67.5,706956,43.2895
3,4,1,3,3,112.5,700003,36.9679
3,4,1,3,4,157.5,695057,28.6311
3,4,1,3,5,202.5,698273,26.5018
3,4,1,3,6,247.5,702864,37.0934
3,4,1,3,7,292.5,705913,41.8967
3,4,1,3,8,337.5,705975,11.4067
3,4,1,4,1,22.5,383749,13.1543
3,4,1,4,2,67.5,383432,31.4553
3,4,1,4,3,112.5,382056,21.8224
3,4,1,4,4,157.5,379030,14.0734
3,4,1,4,5,202.5,378751,11.5018
3,4,1,4,6,247.5,383397,24.4334
3,4,1,4,7,292.5,385834,28.0603
3,4,1,4,8,337.5,384738,13.4583
3,4,1,5,1,22.5,353041,11.0203
3,4,1,5,2,67.5,354768,22.4029
3,4,1,5,3,112.5,352715,12.1406
3,4,1,5,4,157.5,348343,4.27885
3,4,1,5,5,202.5,350048,0
3,4,1,5,6,247.5,353170,12.3094
3,4,1,5,7,292.5,353262,22.1315
3,4,1,5,8,337.5,352366,12.8966
3,4,1,6,1,22.5,129168,4.95307
3,4,1,6,2,67.5,129623,0
3,4,1,6,3,112.5,127746,0
3,4,1,6,4,157.5,126685,0
3,4,1,6,5,202.5,126429,0
3,4,1,6,6,247.5,128615,0
3,4,1,6,7,292.5,129189,0
3,4,1,6,8,337.5,128571,0
3,4,1,7,1,22.5,47024,0
3,4,1,7,2,67.5,47080,0
3,4,1,7,3,112.5,47167,0
3,4,1,7,4,157.5,46192,0
3,4,1,7,5,202.5,46223,0
3,4,1,7,6,247.5,47002,0
3,4,1,7,7,292.5,46905,0
3,4,1,7,8,337.5,46840,0
3,4,1,8,1,22.5,18676,0
3,4,1,8,2,67.5,18828,0
3,4,1,8,3,112.5,18604,0
3,4,1,8,4,157.5,18251,0
3,4,1,8,5,202.5,18436,0
3,4,1,8,6,247.5,18971,0
3,4,1,8,7,292.5,18991,0
3,4,1,8,8,337.5,19005,0
3,4,1,9,1,22.5,2570,0
3,4,1,9,2,67.5,2576,0
3,4,1,9,3,112.5,2561,0
3,4,1,9,4,157.5,2430,0
3,4,1,9,5,202.5,2481,0
3,4,1,9,6,247.5,2505,0
3,4,1,9,7,292.5,2518,0
3,4,1,9,8,337.5,2543,0
3,4,1,10,1,22.5,152,0
3,4,1,10,2,67.5,159,0
3,4,1,10,3,112.5,134,0
3,4,1,10,4,157.5,174,0
3,4,1,10,5,202.5,156,0
3,4,1,10,6,247.5,165,0
3,4,1,10,7,292.5,179,0
3,4,1,10,8,337.5,181,0
3,4,1,11,1,22.5,0,0
3,4,1,11,2,67.5,0,0
3,4,1,11,3,112.5,0,0
3,4,1,11,4,157.5,0,0
3,4,1,11,5,202.5,0,0
3,4,1,11,6,247.5,0,0
3,4,1,11,7,292.5,0,0
3,4,1,11,8,337.5,0,0
3,4,2,1,1,22.5,344493,112.536
3,4,2,1,2,67.5,344132,263.195
3,4,2,1,3,112.5,343959,252.07
3,4,2,1,4,157.5,343736,278.813
3,4,2,1,5,202.5,343161,291.803
3,4,2,1,6,247.5,344280,263.184
3,4,2,1,7,292.5,344344,276.58
3,4,2,1,8,337.5,344146,127.88
3,4,2,2,1,22.5,263098,50.4379
3,4,2,2,2,67.5,262797,138.828
3,4,2,2,3,112.5,261166,176.806
3,4,2,2,4,157.5,260332,241.398
3,4,2,2,5,202.5,260198,185.57
3,4,2,2,6,247.5,262718,190.076
3,4,2,2,7,292.5,264060,129.544
3,4,2,2,8,337.5,264296,52.3408
3,4,2,3,1,22.5,196386,61.1909
3,4,2,3,2,67.5,196200,123.497
3,4,2,3,3,112.5,195232,126.784
3,4,2,3,4,157.5,192797,155.81
3,4,2,3,5,202.5,193609,128.815
3,4,2,3,6,247.5,195557,146.427
3,4,2,3,7,292.5,196040,137.998
3,4,2,3,8,337.5,196543,49.2933
3,4,2,4,1,22.5,144879,54.6932
3,4,2,4,2,67.5,144881,117.553
3,4,2,4,3,112.5,143477,97.2243
3,4,2,4,4,157.5,141598,100.169
3,4,2,4,5,202.5,142085,83.7362
3,4,2,4,6,247.5,143721,118.134
3,4,2,4,7,292.5,145153,113.679
3,4,2,4,8,337.5,144679,39.0672
3,4,2,5,1,22.5,186442,60.3209
3,4,2,5,2,67.5,186288,130.218
3,4,2,5,3,112.5,183324,102.229
3,4,2,5,4,157.5,181223,79.4087
3,4,2,5,5,202.5,182045,69.4834
3,4,2,5,6,247.5,184976,124.088
3,4,2,5,7,292.5,185814,116.402
3,4,2,5,8,337.5,186166,55.5067
3,4,2,6,1,22.5,104750,48.6555
3,4,2,6,2,67.5,104966,77.0496
3,4,2,6,3,112.5,103764,58.733
3,4,2,6,4,157.5,102136,31.951
3,4,2,6,5,202.5,101961,28.0469
3,4,2,6,6,247.5,103873,64.7228
3,4,2,6,7,292.5,104721,75.5952
3,4,2,6,8,337.5,105362,44.5378
3,4,2,7,1,22.5,61101,31.609
3,4,2,7,2,67.5,60969,41.3718
3,4,2,7,3,112.5,60218,29.8141
3,4,2,7,4,157.5,59703,10.0324
3,4,2,7,5,202.5,59358,8.57799
3,4,2,7,6,247.5,60849,31.5825
3,4,2,7,7,292.5,61236,40.8773
3,4,2,7,8,337.5,61146,27.7231
3,4,2,8,1,22.5,47457,18.9837
3,4,2,8,2,67.5,47121,21.4293
3,4,2,8,3,112.5,46999,13.1336
3,4,2,8,4,157.5,45436,6.25541
3,4,2,8,5,202.5,45737,7.05583
3,4,2,8,6,247.5,46981,14.7796
3,4,2,8,7,292.5,47514,23.4691
3,4,2,8,8,337.5,47328,15.8739
3,4,2,9,1,22.5,18570,0
3,4,2,9,2,67.5,18558,4.42326
3,4,2,9,3,112.5,18470,0
3,4,2,9,4,157.5,18065,0
3,4,2,9,5,202.5,18054,0
3,4,2,9,6,247.5,18608,0
3,4,2,9,7,292.5,18535,0
3,4,2,9,8,337.5,18510,3.77074
3,4,2,10,1,22.5,6404,0
3,4,2,10,2,67.5,6514,0
3,4,2,10,3,112.5,6359,0
3,4,2,10,4,157.5,6047,0
3,4,2,10,5,202.5,6119,0
3,4,2,10,6,247.5,6309,0
3,4,2,10,7,292.5,6434,0
3,4,2,10,8,337.5,6455,0
3,4,2,11,1,22.5,814,0
3,4,2,11,2,67.5,821,0
3,4,2,11,3,112.5,796,0
3,4,2,11,4,157.5,757,0
3,4,2,11,5,202.5,722,0
3,4,2,11,6,247.5,830,0
3,4,2,11,7,292.5,833,0
3,4,2,11,8,337.5,776,0
3,4,3,1,1,22.5,166077,88.7044
3,4,3,1,2,67.5,165369,152.48
3,4,3,1,3,112.5,166578,168.796
3,4,3,1,4,157.5,165828,280.735
3,4,3,1,5,202.5,166667,248.872
3,4,3,1,6,247.5,165973,162.907
3,4,3,1,7,292.5,166797,172.353
3,4,3,1,8,337.5,166247,107.276
3,4,3,2,1,22.5,133064,39.6148
3,4,3,2,2,67.5,132576,110.826
3,4,3,2,3,112.5,132183,123.894
3,4,3,2,4,157.5,131284,236.463
3,4,3,2,5,202.5,131455,180.03
3,4,3,2,6,247.5,132448,123.97
3,4,3,2,7,292.5,132731,103.838
3,4,3,2,8,337.5,132719,32.38
3,4,3,3,1,22.5,104721,26.8322
3,4,3,3,2,67.5,104800,88.1927
3,4,3,3,3,112.5,104239,104.037
3,4,3,3,4,157.5,103527,182.202
3,4,3,3,5,202.5,103143,137.848
3,4,3,3,6,247.5,104104,120.818
3,4,3,3,7,292.5,104823,109.593
3,4,3,3,8,337.5,104714,37.4329
3,4,3,4,1,22.5,81671,38.9318
3,4,3,4,2,67.5,81793,102.518
3,4,3,4,3,112.5,80641,88.2297
3,4,3,4,4,157.5,80117,144.627
3,4,3,4,5,202.5,80525,112.196
3,4,3,4,6,247.5,81346,115.648
3,4,3,4,7,292.5,82050,109.319
3,4,3,4,8,337.5,81946,40.3691
3,4,3,5,1,22.5,111224,55.0135
3,4,3,5,2,67.5,112303,140.424
3,4,3,5,3,112.5,110181,112.245
3,4,3,5,4,157.5,109091,156.683
3,4,3,5,5,202.5,109318,119.112
3,4,3,5,6,247.5,110797,152.835
3,4,3,5,7,292.5,112793,129.681
3,4,3,5,8,337.5,112076,47.3363
3,4,3,6,1,22.5,66244,44.535
3,4,3,6,2,67.5,66131,109.823
3,4,3,6,3,112.5,65002,91.5598
3,4,3,6,4,157.5,64544,91.2345
3,4,3,6,5,202.5,64081,70.3805
3,4,3,6,6,247.5,65800,117.39
3,4,3,6,7,292.5,66878,91.3479
3,4,3,6,8,337.5,65905,42.5309
3,4,3,7,1,22.5,39562,42.4698
3,4,3,7,2,67.5,39484,79.3786
3,4,3,7,3,112.5,38542,66.2215
3,4,3,7,4,157.5,38449,53.2963
3,4,3,7,5,202.5,38495,40.5761
3,4,3,7,6,247.5,38684,81.9452
3,4,3,7,7,292.5,39691,67.0565
3,4,3,7,8,337.5,39493,44.2109
3,4,3,8,1,22.5,32975,45.6206
3,4,3,8,2,67.5,32702,63.9245
3,4,3,8,3,112.5,32271,53.3301
3,4,3,8,4,157.5,31343,31.8558
3,4,3,8,5,202.5,31607,25.2051
3,4,3,8,6,247.5,32034,60.2814
3,4,3,8,7,292.5,32822,59.7578
3,4,3,8,8,337.5,32721,42.2155
3,4,3,9,1,22.5,16192,29.4182
3,4,3,9,2,67.5,16310,36.2152
3,4,3,9,3,112.5,15755,26.9679
3,4,3,9,4,157.5,15272,9.7976
3,4,3,9,5,202.5,15262,9.88282
3,4,3,9,6,247.5,15875,29.105
3,4,3,9,7,292.5,16156,35.1097
3,4,3,9,8,337.5,16204,25.3917
3,4,3,10,1,22.5,9016,17.3017
3,4,3,10,2,67.5,9081,19.8087
3,4,3,10,3,112.5,8725,13.5399
3,4,3,10,4,157.5,8392,0
3,4,3,10,5,202.5,8467,0
3,4,3,10,6,247.5,8901,14.8113
3,4,3,10,7,292.5,9115,21.0402
3,4,3,10,8,337.5,8966,13.4578
3,4,3,11,1,22.5,2812,5.24786
3,4,3,11,2,67.5,2844,5.42455
3,4,3,11,3,112.5,2817,0
3,4,3,11,4,157.5,2637,0
3,4,3,11,5,202.5,2729,0
3,4,3,11,6,247.5,2822,0
3,4,3,11,7,292.5,2705,5.80123
3,4,3,11,8,337.5,2832,0
3,4,4,1,1,22.5,96685,63.2719
3,4,4,1,2,67.5,96869,88.13
3,4,4,1,3,112.5,96317,157.131
3,4,4,1,4,157.5,97027,222.27
3,4,4,1,5,202.5,97066,167.555
3,4,4,1,6,247.5,96571,86.7394
3,4,4,1,7,292.5,96426,78.7102
3,4,4,1,8,337.5,96835,68.0768
3,4,4,2,1,22.5,79549,33.1859
3,4,4,2,2,67.5,79326,62.7383
3,4,4,2,3,112.5,79162,99.5798
3,4,4,2,4,157.5,78310,185.223
3,4,4,2,5,202.5,78708,141.614
3,4,4,2,6,247.5,78483,65.306
3,4,4,2,7,292.5,79411,63.6982
3,4,4,2,8,337.5,79244,32.5794
3,4,4,3,1,22.5,63979,18.8444
3,4,4,3,2,67.5,64302,52.549
3,4,4,3,3,112.5,64089,78.2079
3,4,4,3,4,157.5,63332,159.81
3,4,4,3,5,202.5,63131,115.684
3,4,4,3,6,247.5,63696,67.7737
3,4,4,3,7,292.5,64194,74.5467
3,4,4,3,8,337.5,64370,16.3185
3,4,4,4,1,22.5,51952,13.6425
3,4,4,4,2,67.5,52104,60.9836
3,4,4,4,3,112.5,51300,62.8878
3,4,4,4,4,157.5,50711,137.718
3,4,4,4,5,202.5,50437,101.304
3,4,4,4,6,247.5,51401,74.8101
3,4,4,4,7,292.5,51872,86.9928
3,4,4,4,8,337.5,52040,18.4784
3,4,4,5,1,22.5,73779,27.8829
3,4,4,5,2,67.5,74132,106.107
3,4,4,5,3,112.5,72918,79.0342
3,4,4,5,4,157.5,72299,163.889
3,4,4,5,5,202.5,72161,121.379
3,4,4,5,6,247.5,73296,116.033
3,4,4,5,7,292.5,73545,119.406
3,4,4,5,8,337.5,74171,30.4276
3,4,4,6,1,22.5,46138,26.6839
3,4,4,6,2,67.5,46385,101.006
3,4,4,6,3,112.5,45026,69.8396
3,4,4,6,4,157.5,44794,118.078
3,4,4,6,5,202.5,44523,88.3488
3,4,4,6,6,247.5,45669,105.754
3,4,4,6,7,292.5,46554,90.4959
3,4,4,6,8,337.5,46059,24.0553
3,4,4,7,1,22.5,28357,21.609
3,4,4,7,2,67.5,28584,80.492
3,4,4,7,3,112.5,27915,61.2408
3,4,4,7,4,157.5,27441,82.4869
3,4,4,7,5,202.5,27460,61.7272
3,4,4,7,6,247.5,28440,87.6455
3,4,4,7,7,292.5,28923,64.6999
3,4,4,7,8,337.5,28557,23.7458
3,4,4,8,1,22.5,23710,29.2258
3,4,4,8,2,67.5,23815,71.7954
3,4,4,8,3,112.5,23154,60.2453
3,4,4,8,4,157.5,22528,64.4745
3,4,4,8,5,202.5,22743,47.7904
3,4,4,8,6,247.5,23275,80.5459
3,4,4,8,7,292.5,23766,56.3628
3,4,4,8,8,337.5,23492,33.6975
3,4,4,9,1,22.5,11471,25.8594
3,4,4,9,2,67.5,11373,47.6115
3,4,4,9,3,112.5,11233,41.7805
3,4,4,9,4,157.5,10629,34.2804
3,4,4,9,5,202.5,11003,27.0384
3,4,4,9,6,247.5,11401,50.243
3,4,4,9,7,292.5,11689,38.8178
3,4,4,9,8,337.5,11365,28.7071
3,4,4,10,1,22.5,6534,23.482
3,4,4,10,2,67.5,6577,31.6526
3,4,4,10,3,112.5,6346,27.6707
3,4,4,10,4,157.5,5926,15.6922
3,4,4,10,5,202.5,5916,15.6385
3,4,4,10,6,247.5,6385,33.7769
3,4,4,10,7,292.5,6586,28.2973
3,4,4,10,8,337.5,6509,23.2619
3,4,4,11,1,22.5,2533,16.4235
3,4,4,11,2,67.5,2575,18.5702
3,4,4,11,3,112.5,2509,16.7088
3,4,4,11,4,157.5,2408,4.56157
3,4,4,11,5,202.5,2300,4.43327
3,4,4,11,6,247.5,2441,16.5622
3,4,4,11,7,292.5,2548,17.5967
3,4,4,11,8,337.5,2530,13.2678
3,4,5,1,1,22.5,56997,66.3756
3,4,5,1,2,67.5,57733,89.4079
3,4,5,1,3,112.5,57773,127.61
3,4,5,1,4,157.5,57876,154.882
3,4,5,1,5,202.5,57613,129.3
3,4,5,1,6,247.5,57240,69.6189
3,4,5,1,7,292.5,57526,45.1673
3,4,5,1,8,337.5,57811,47.9207
3,4,5,2,1,22.5,46912,19.4365
3,4,5,2,2,67.5,48070,32.7677
3,4,5,2,3,112.5,47396,90.8007
3,4,5,2,4,157.5,47008,144.412
3,4,5,2,5,202.5,47262,113.146
3,4,5,2,6,247.5,47591,35.274
3,4,5,2,7,292.5,47265,27.1067
3,4,5,2,8,337.5,47154,19.1185
3,4,5,3,1,22.5,39072,13.1138
3,4,5,3,2,67.5,39263,22.0952
3,4,5,3,3,112.5,38954,64.5574
3,4,5,3,4,157.5,38706,130.229
3,4,5,3,5,202.5,38592,104.14
3,4,5,3,6,247.5,38769,32.1221
3,4,5,3,7,292.5,38704,41.1634
3,4,5,3,8,337.5,39427,12.4536
3,4,5,4,1,22.5,32109,9.2673
3,4,5,4,2,67.5,31925,27.7128
3,4,5,4,3,112.5,31381,53.3416
3,4,5,4,4,157.5,31383,116.183
3,4,5,4,5,202.5,31020,85.5782
3,4,5,4,6,247.5,31769,40.0239
3,4,5,4,7,292.5,31927,57.4561
3,4,5,4,8,337.5,31617,7.63674
3,4,5,5,1,22.5,47070,11.4524
3,4,5,5,2,67.5,47048,64.1618
3,4,5,5,3,112.5,46625,57.6001
3,4,5,5,4,157.5,45673,138.896
3,4,5,5,5,202.5,45977,104.873
3,4,5,5,6,247.5,46942,71.5504
3,4,5,5,7,292.5,47119,93.3305
3,4,5,5,8,337.5,47688,11.4448
3,4,5,6,1,22.5,31367,12.046
3,4,5,6,2,67.5,30997,74.6906
3,4,5,6,3,112.5,30302,47.8629
3,4,5,6,4,157.5,29560,108.023
3,4,5,6,5,202.5,29780,81.1507
3,4,5,6,6,247.5,30682,73.9625
3,4,5,6,7,292.5,31326,84.2634
3,4,5,6,8,337.5,31104,11.0526
3,4,5,7,1,22.5,20036,10.6588
3,4,5,7,2,67.5,20241,68.6806
3,4,5,7,3,112.5,19177,42.0253
3,4,5,7,4,157.5,19020,83.1657
3,4,5,7,5,202.5,19188,61.1295
3,4,5,7,6,247.5,19394,68.5011
3,4,5,7,7,292.5,20088,64.2473
3,4,5,7,8,337.5,20112,9.54652
3,4,5,8,1,22.5,16813,10.0297
3,4,5,8,2,67.5,16938,66.564
3,4,5,8,3,112.5,16306,45.9434
3,4,5,8,4,157.5,16018,72.0071
3,4,5,8,5,202.5,15996,53.1205
3,4,5,8,6,247.5,16595,67.8685
3,4,5,8,7,292.5,16876,53.2115
3,4,5,8,8,337.5,16690,13.6907
3,4,5,9,1,22.5,8080,12.0241
3,4,5,9,2,67.5,8120,43.2388
3,4,5,9,3,112.5,7613,34.3165
3,4,5,9,4,157.5,7456,43.4295
3,4,5,9,5,202.5,7657,32.7589
3,4,5,9,6,247.5,7742,49.3577
3,4,5,9,7,292.5,8140,34.5322
3,4,5,9,8,337.5,7860,15.82
3,4,5,10,1,22.5,4159,12.8073
3,4,5,10,2,67.5,4079,29.8649
3,4,5,10,3,112.5,4042,26.8995
3,4,5,10,4,157.5,3842,27.3192
3,4,5,10,5,202.5,3991,21.2054
3,4,5,10,6,247.5,4027,33.7152
3,4,5,10,7,292.5,4265,23.0114
3,4,5,10,8,337.5,4154,16.2115
3,4,5,11,1,22.5,1310,9.07322
3,4,5,11,2,67.5,1341,14.8428
3,4,5,11,3,112.5,1331,15.3237
3,4,5,11,4,157.5,1229,14.0148
3,4,5,11,5,202.5,1229,11.554
3,4,5,11,6,247.5,1368,21.2262
3,4,5,11,7,292.5,1352,12.6325
3,4,5,11,8,337.5,1381,10.0858
3,4,6,1,1,22.5,30941,57.8287
3,4,6,1,2,67.5,31093,73.7939
3,4,6,1,3,112.5,31432,96.4775
3,4,6,1,4,157.5,31347,113.779
3,4,6,1,5,202.5,31144,96.1541
3,4,6,1,6,247.5,31549,56.7598
3,4,6,1,7,292.5,31502,38.7108
3,4,6,1,8,337.5,31541,42.2531
3,4,6,2,1,22.5,25866,18.2553
3,4,6,2,2,67.5,26080,30.5698
3,4,6,2,3,112.5,25996,73.8609
3,4,6,2,4,157.5,25745,108.68
3,4,6,2,5,202.5,26033,82.4713
3,4,6,2,6,247.5,25899,27.6514
3,4,6,2,7,292.5,25897,6.39323
3,4,6,2,8,337.5,25865,8.73093
3,4,6,3,1,22.5,21473,3.53433
3,4,6,3,2,67.5,21545,11.2414
3,4,6,3,3,112.5,21276,57.2577
3,4,6,3,4,157.5,21442,98.4291
3,4,6,3,5,202.5,21324,73.8407
3,4,6,3,6,247.5,21348,19.3472
3,4,6,3,7,292.5,21866,16.9566
3,4,6,3,8,337.5,21676,6.44689
3,4,6,4,1,22.5,17763,0
3,4,6,4,2,67.5,17850,5.24962
3,4,6,4,3,112.5,17548,42.4583
3,4,6,4,4,157.5,17444,87.4017
3,4,6,4,5,202.5,17461,64.9969
3,4,6,4,6,247.5,17590,18.8542
3,4,6,4,7,292.5,17645,29.9363
3,4,6,4,8,337.5,18044,0
3,4,6,5,1,22.5,26312,5.41093
3,4,6,5,2,67.5,26351,24.6692
3,4,6,5,3,112.5,25731,46.0592
3,4,6,5,4,157.5,25523,108.139
3,4,6,5,5,202.5,25234,79.5353
3,4,6,5,6,247.5,26000,39.5296
3,4,6,5,7,292.5,25974,59.4114
3,4,6,5,8,337.5,26567,8.54101
3,4,6,6,1,22.5,17088,6.4653
3,4,6,6,2,67.5,17080,42.303
3,4,6,6,3,112.5,16805,33.8405
3,4,6,6,4,157.5,16516,84.271
3,4,6,6,5,202.5,16292,63.083
3,4,6,6,6,247.5,16831,44.896
3,4,6,6,7,292.5,17267,60.5876
3,4,6,6,8,337.5,17253,6.60456
3,4,6,7,1,22.5,10832,6.39307
3,4,6,7,2,67.5,10842,44.8732
3,4,6,7,3,112.5,10336,27.2418
3,4,6,7,4,157.5,10133,65.0131
3,4,6,7,5,202.5,10145,47.5292
3,4,6,7,6,247.5,10553,42.5046
3,4,6,7,7,292.5,10980,50.539
3,4,6,7,8,337.5,10865,4.35192
3,4,6,8,1,22.5,8948,0
3,4,6,8,2,67.5,8747,46.4339
3,4,6,8,3,112.5,8604,27.2798
3,4,6,8,4,157.5,8177,56.5836
3,4,6,8,5,202.5,8260,42.3105
3,4,6,8,6,247.5,8653,45.7667
3,4,6,8,7,292.5,8590,42.2185
3,4,6,8,8,337.5,8859,0
3,4,6,9,1,22.5,3748,0
3,4,6,9,2,67.5,3676,28.9511
3,4,6,9,3,112.5,3578,20.3899
3,4,6,9,4,157.5,3453,33.9707
3,4,6,9,5,202.5,3439,26.0961
3,4,6,9,6,247.5,3640,31.0727
3,4,6,9,7,292.5,3801,25.3569
3,4,6,9,8,337.5,3743,0
3,4,6,10,1,22.5,1497,3.00749
3,4,6,10,2,67.5,1525,17.2864
3,4,6,10,3,112.5,1423,12.7493
3,4,6,10,4,157.5,1339,21.9882
3,4,6,10,5,202.5,1392,15.4169
3,4,6,10,6,247.5,1424,20.308
3,4,6,10,7,292.5,1486,13.7459
3,4,6,10,8,337.5,1434,4.61343
3,4,6,11,1,22.5,252,0
3,4,6,11,2,67.5,240,7.55182
3,4,6,11,3,112.5,231,5.37185
3,4,6,11,4,157.5,249,8.55453
3,4,6,11,5,202.5,237,5.05426
3,4,6,11,6,247.5,232,9.33129
3,4,6,11,7,292.5,241,3.85681
3,4,6,11,8,337.5,260,0
3,4,7,1,1,22.5,12242,42.2452
3,4,7,1,2,67.5,12195,50.2804
3,4,7,1,3,112.5,12380,65.5961
3,4,7,1,4,157.5,12397,73.5788
3,4,7,1,5,202.5,12516,60.7083
3,4,7,1,6,247.5,12398,39.836
3,4,7,1,7,292.5,12478,28.0617
3,4,7,1,8,337.5,12480,30.209
3,4,7,2,1,22.5,9946,16.0672
3,4,7,2,2,67.5,9946,25.9164
3,4,7,2,3,112.5,10007,51.7151
3,4,7,2,4,157.5,9955,69.7844
3,4,7,2,5,202.5,10080,53.7634
3,4,7,2,6,247.5,9963,19.8311
3,4,7,2,7,292.5,9875,0
3,4,7,2,8,337.5,10174,8.14747
3,4,7,3,1,22.5,7933,5.50859
3,4,7,3,2,67.5,8008,11.7995
3,4,7,3,3,112.5,7809,38.091
3,4,7,3,4,157.5,7731,59.7271
3,4,7,3,5,202.5,7907,47.5289
3,4,7,3,6,247.5,7994,12.163
3,4,7,3,7,292.5,8219,0
3,4,7,3,8,337.5,7899,0
3,4,7,4,1,22.5,6257,0
3,4,7,4,2,67.5,6346,0
3,4,7,4,3,112.5,6310,30.262
3,4,7,4,4,157.5,6170,66.2951
3,4,7,4,5,202.5,6226,39.6607
3,4,7,4,6,247.5,6418,8.32247
3,4,7,4,7,292.5,6448,10.5457
3,4,7,4,8,337.5,6358,0
3,4,7,5,1,22.5,8682,0
3,4,7,5,2,67.5,8636,4.98857
3,4,7,5,3,112.5,8572,33.5094
3,4,7,5,4,157.5,8621,63.6517
3,4,7,5,5,202.5,8501,47.1862
3,4,7,5,6,247.5,8724,16.6986
3,4,7,5,7,292.5,8720,25.1983
3,4,7,5,8,337.5,8816,0
3,4,7,6,1,22.5,5026,0
3,4,7,6,2,67.5,5007,13.2018
3,4,7,6,3,112.5,4852,21.7736
3,4,7,6,4,157.5,4744,45.8923
3,4,7,6,5,202.5,4826,34.2127
3,4,7,6,6,247.5,4741,19.5507
3,4,7,6,7,292.5,4926,26.5823
3,4,7,6,8,337.5,4956,0
3,4,7,7,1,22.5,2513,0
3,4,7,7,2,67.5,2547,14.7984
3,4,7,7,3,112.5,2389,12.3271
3,4,7,7,4,157.5,2454,32.2793
3,4,7,7,5,202.5,2468,22.3622
3,4,7,7,6,247.5,2522,17.1648
3,4,7,7,7,292.5,2406,21.9256
3,4,7,7,8,337.5,2669,0
3,4,7,8,1,22.5,1420,0
3,4,7,8,2,67.5,1404,12.7537
3,4,7,8,3,112.5,1487,9.91904
3,4,7,8,4,157.5,1344,22.2939
3,4,7,8,5,202.5,1338,16.6351
3,4,7,8,6,247.5,1385,14.2464
3,4,7,8,7,292.5,1494,17.3131
3,4,7,8,8,337.5,1472,0
3,4,7,9,1,22.5,340,0
3,4,7,9,2,67.5,311,6.3102
3,4,7,9,3,112.5,328,0
3,4,7,9,4,157.5,291,9.43178
3,4,7,9,5,202.5,303,4.38007
3,4,7,9,6,247.5,298,0
3,4,7,9,7,292.5,323,0
3,4,7,9,8,337.5,341,0
3,4,7,10,1,22.5,39,0
3,4,7,10,2,67.5,58,0
3,4,7,10,3,112.5,28,0
3,4,7,10,4,157.5,33,0
3,4,7,10,5,202.5,38,0
3,4,7,10,6,247.5,30,0
3,4,7,10,7,292.5,41,0
3,4,7,10,8,337.5,34,0
3,4,7,11,1,22.5,0,0
3,4,7,11,2,67.5,0,0
3,4,7,11,3,112.5,0,0
3,4,7,11,4,157.5,1,0
3,4,7,11,5,202.5,0,0
3,4,7,11,6,247.5,0,0
3,4,7,11,7,292.5,0,0
3,4,7,11,8,337.5,0,0
3,4,8,1,1,22.5,1215,10.2367
3,4,8,1,2,67.5,1250,11.941
3,4,8,1,3,112.5,1210,17.1749
3,4,8,1,4,157.5,1178,21.8335
3,4,8,1,5,202.5,1131,15.1326
3,4,8,1,6,247.5,1183,11.4007
3,4,8,1,7,292.5,1250,7.85976
3,4,8,1,8,337.5,1190,9.05081
3,4,8,2,1,22.5,794,4.25719
3,4,8,2,2,67.5,752,7.02473
3,4,8,2,3,112.5,755,11.8851
3,4,8,2,4,157.5,793,15.1371
3,4,8,2,5,202.5,781,11.4288
3,4,8,2,6,247.5,775,5.06412
3,4,8,2,7,292.5,782,0
3,4,8,2,8,337.5,787,0
3,4,8,3,1,22.5,439,0
3,4,8,3,2,67.5,400,0
3,4,8,3,3,112.5,420,7.07416
3,4,8,3,4,157.5,420,10.2899
3,4,8,3,5,202.5,418,7.66006
3,4,8,3,6,247.5,435,0
3,4,8,3,7,292.5,438,0
3,4,8,3,8,337.5,458,0
3,4,8,4,1,22.5,230,0
3,4,8,4,2,67.5,215,0
3,4,8,4,3,112.5,209,4.24973
3,4,8,4,4,157.5,229,6.83272
3,4,8,4,5,202.5,207,5.40877
3,4,8,4,6,247.5,236,0
3,4,8,4,7,292.5,241,0
3,4,8,4,8,337.5,209,0
3,4,8,5,1,22.5,139,0
3,4,8,5,2,67.5,168,0
3,4,8,5,3,112.5,151,0
3,4,8,5,4,157.5,155,6.13633
3,4,8,5,5,202.5,165,3.39745
3,4,8,5,6,247.5,152,0
3,4,8,5,7,292.5,157,0
3,4,8,5,8,337.5,157,0
3,4,8,6,1,22.5,12,0
3,4,8,6,2,67.5,29,0
3,4,8,6,3,112.5,15,0
3,4,8,6,4,157.5,17,0
3,4,8,6,5,202.5,17,0
3,4,8,6,6,247.5,13,0
3,4,8,6,7,292.5,15,0
3,4,8,6,8,337.5,17,0
3,4,8,7,1,22.5,0,0
3,4,8,7,2,67.5,0,0
3,4,8,7,3,112.5,0,0
3,4,8,7,4,157.5,0,0
3,4,8,7,5,202.5,0,0
3,4,8,7,6,247.5,0,0
3,4,8,7,7,292.5,0,0
3,4,8,7,8,337.5,0,0
3,4,8,8,1,22.5,0,0
3,4,8,8,2,67.5,0,0
3,4,8,8,3,112.5,0,0
3,4,8,8,4,157.5,0,0
3,4,8,8,5,202.5,0,0
3,4,8,8,6,247.5,0,0
3,4,8,8,7,292.5,0,0
3,4,8,8,8,337.5,0,0
3,4,8,9,1,22.5,0,0
3,4,8,9,2,67.5,0,0
3,4,8,9,3,112.5,0,0
3,4,8,9,4,157.5,0,0
3,4,8,9,5,202.5,0,0
3,4,8,9,6,247.5,0,0
3,4,8,9,7,292.5,0,0
3,4,8,9,8,337.5,0,0
3,4,8,10,1,22.5,0,0
3,4,8,10,2,67.5,0,0
3,4,8,10,3,112.5,0,0
3,4,8,10,4,157.5,0,0
3,4,8,10,5,202.5,0,0
3,4,8,10,6,247.5,0,0
3,4,8,10,7,292.5,0,0
3,4,8,10,8,337.5,0,0
3,4,8,11,1,22.5,0,0
3,4,8,11,2,67.5,0,0
3,4,8,11,3,112.5,0,0
3,4,8,11,4,157.5,0,0
3,4,8,11,5,202.5,0,0
3,4,8,11,6,247.5,0,0
3,4,8,11,7,292.5,0,0
3,4,8,11,8,337.5,0,0
4,5,1,1,1,22.5,3.20029e+06,6.76937
4,5,1,1,2,67.5,3.20306e+06,22.1789
4,5,1,1,3,112.5,3.20051e+06,21.226
4,5,1,1,4,157.5,3.19791e+06,43.1749
4,5,1,1,5,202.5,3.19611e+06,24.6591
4,5,1,1,6,247.5,3.20634e+06,28.6151
4,5,1,1,7,292.5,3.20366e+06,14.6884
4,5,1,1,8,337.5,3.19786e+06,6.66345
4,5,1,2,1,22.5,1.31044e+06,0
4,5,1,2,2,67.5,1.31277e+06,11.0627
4,5,1,2,3,112.5,1.30895e+06,12.7611
4,5,1,2,4,157.5,1.30598e+06,11.7802
4,5,1,2,5,202.5,1.30631e+06,8.82055
4,5,1,2,6,247.5,1.3126e+06,10.2664
4,5,1,2,7,292.5,1.31343e+06,12.0178
4,5,1,2,8,337.5,1.3117e+06,0
4,5,1,3,1,22.5,638253,0
4,5,1,3,2,67.5,637535,10.4747
4,5,1,3,3,112.5,636468,0
4,5,1,3,4,157.5,632156,0
4,5,1,3,5,202.5,634129,0
4,5,1,3,6,247.5,637632,8.80741
4,5,1,3,7,292.5,639833,9.37593
4,5,1,3,8,337.5,637539,0
4,5,1,4,1,22.5,339923,0
4,5,1,4,2,67.5,340820,6.0935
4,5,1,4,3,112.5,339127,0
4,5,1,4,4,157.5,337033,0
4,5,1,4,5,202.5,338116,0
4,5,1,4,6,247.5,340030,4.17571
4,5,1,4,7,292.5,341803,5.62848
4,5,1,4,8,337.5,340730,0
4,5,1,5,1,22.5,301694,0
4,5,1,5,2,67.5,303033,0
4,5,1,5,3,112.5,300904,0
4,5,1,5,4,157.5,297786,0
4,5,1,5,5,202.5,297542,0
4,5,1,5,6,247.5,301197,0
4,5,1,5,7,292.5,301660,0
4,5,1,5,8,337.5,301677,0
4,5,1,6,1,22.5,95628,0
4,5,1,6,2,67.5,95798,0
4,5,1,6,3,112.5,95786,0
4,5,1,6,4,157.5,93808,0
4,5,1,6,5,202.5,94175,0
4,5,1,6,6,247.5,95422,0
4,5,1,6,7,292.5,96075,0
4,5,1,6,8,337.5,95623,0
4,5,1,7,1,22.5,25702,0
4,5,1,7,2,67.5,25614,0
4,5,1,7,3,112.5,25099,0
4,5,1,7,4,157.5,24967,0
4,5,1,7,5,202.5,25098,0
4,5,1,7,6,247.5,25424,0
4,5,1,7,7,292.5,25539,0
4,5,1,7,8,337.5,25762,0
4,5,1,8,1,22.5,5367,0
4,5,1,8,2,67.5,5478,0
4,5,1,8,3,112.5,5382,0
4,5,1,8,4,157.5,5198,0
4,5,1,8,5,202.5,5360,0
4,5,1,8,6,247.5,5423,0
4,5,1,8,7,292.5,5419,0
4,5,1,8,8,337.5,5335,0
4,5,1,9,1,22.5,187,0
4,5,1,9,2,67.5,169,0
4,5,1,9,3,112.5,161,0
4,5,1,9,4,157.5,150,0
4,5,1,9,5,202.5,162,0
4,5,1,9,6,247.5,179,0
4,5,1,9,7,292.5,164,0
4,5,1,9,8,337.5,151,0
4,5,1,10,1,22.5,0,0
4,5,1,10,2,67.5,0,0
4,5,1,10,3,112.5,0,0
4,5,1,10,4,157.5,0,0
4,5,1,10,5,202.5,0,0
4,5,1,10,6,247.5,0,0
4,5,1,10,7,292.5,0,0
4,5,1,10,8,337.5,0,0
4,5,1,11,1,22.5,0,0
4,5,1,11,2,67.5,0,0
4,5,1,11,3,112.5,0,0
4,5,1,11,4,157.5,0,0
4,5,1,11,5,202.5,0,0
4,5,1,11,6,247.5,0,0
4,5,1,11,7,292.5,0,0
4,5,1,11,8,337.5,0,0
4,5,2,1,1,22.5,375780,121.543
4,5,2,1,2,67.5,377083,187.626
4,5,2,1,3,112.5,376805,201.551
4,5,2,1,4,157.5,376853,296.534
4,5,2,1,5,202.5,376297,252.305
4,5,2,1,6,247.5,376665,258.608
4,5,2,1,7,292.5,376439,222.113
4,5,2,1,8,337.5,377089,137.844
4,5,2,2,1,22.5,284418,47.7288
4,5,2,2,2,67.5,284976,110.222
4,5,2,2,3,112.5,282481,137.518
4,5,2,2,4,157.5,281907,176.268
4,5,2,2,5,202.5,281397,128.57
4,5,2,2,6,247.5,283056,142.783
4,5,2,2,7,292.5,284689,117.413
4,5,2,2,8,337.5,283528,50.4302
4,5,2,3,1,22.5,209332,52.5614
4,5,2,3,2,67.5,210110,100.866
4,5,2,3,3,112.5,208570,90.776
4,5,2,3,4,157.5,206491,88.5262
4,5,2,3,5,202.5,206796,72.9062
4,5,2,3,6,247.5,208146,96.287
4,5,2,3,7,292.5,210031,110.53
4,5,2,3,8,337.5,209944,51.5658
4,5,2,4,1,22.5,153969,48.4132
4,5,2,4,2,67.5,154292,93.9778
4,5,2,4,3,112.5,151555,62.9117
4,5,2,4,4,157.5,151236,41.5145
4,5,2,4,5,202.5,150863,40.2801
4,5,2,4,6,247.5,153712,77.2626
4,5,2,4,7,292.5,153647,93.3818
4,5,2,4,8,337.5,153761,36.682
4,5,2,5,1,22.5,197006,48.6979
4,5,2,5,2,67.5,196616,96.4694
4,5,2,5,3,112.5,194356,58.2488
4,5,2,5,4,157.5,192241,28.1627
4,5,2,5,5,202.5,193202,21.8463
4,5,2,5,6,247.5,196302,63.7724
4,5,2,5,7,292.5,197538,89.9104
4,5,2,5,8,337.5,196969,45.0167
4,5,2,6,1,22.5,111360,32.8073
4,5,2,6,2,67.5,110993,49.5576
4,5,2,6,3,112.5,110381,24.7034
4,5,2,6,4,157.5,107947,4.71618
4,5,2,6,5,202.5,108717,4.28016
4,5,2,6,6,247.5,110761,25.9462
4,5,2,6,7,292.5,111656,46.4034
4,5,2,6,8,337.5,110792,32.4762
4,5,2,7,1,22.5,61957,17.8121
4,5,2,7,2,67.5,61553,21.7994
4,5,2,7,3,112.5,61030,8.50545
4,5,2,7,4,157.5,59510,0
4,5,2,7,5,202.5,60237,0
4,5,2,7,6,247.5,60978,9.96601
4,5,2,7,7,292.5,61590,22.1425
4,5,2,7,8,337.5,62214,16.9274
4,5,2,8,1,22.5,37576,5.94192
4,5,2,8,2,67.5,37340,8.40742
4,5,2,8,3,112.5,37261,0
4,5,2,8,4,157.5,36086,0
4,5,2,8,5,202.5,36266,0
4,5,2,8,6,247.5,37379,0
4,5,2,8,7,292.5,38148,8.43277
4,5,2,8,8,337.5,37540,6.19712
4,5,2,9,1,22.5,8324,0
4,5,2,9,2,67.5,8239,0
4,5,2,9,3,112.5,8376,0
4,5,2,9,4,157.5,7941,0
4,5,2,9,5,202.5,8094,0
4,5,2,9,6,247.5,8224,0
4,5,2,9,7,292.5,8326,0
4,5,2,9,8,337.5,8355,0
4,5,2,10,1,22.5,1168,0
4,5,2,10,2,67.5,1176,0
4,5,2,10,3,112.5,1065,0
4,5,2,10,4,157.5,1069,0
4,5,2,10,5,202.5,1040,0
4,5,2,10,6,247.5,1160,0
4,5,2,10,7,292.5,1121,0
4,5,2,10,8,337.5,1164,0
4,5,2,11,1,22.5,16,0
4,5,2,11,2,67.5,24,0
4,5,2,11,3,112.5,14,0
4,5,2,11,4,157.5,21,0
4,5,2,11,5,202.5,17,0
4,5,2,11,6,247.5,16,0
4,5,2,11,7,292.5,18,0
4,5,2,11,8,337.5,14,0
4,5,3,1,1,22.5,186035,133.46
4,5,3,1,2,67.5,186461,172.001
4,5,3,1,3,112.5,186754,245.381
4,5,3,1,4,157.5,185702,306.763
4,5,3,1,5,202.5,186774,284.172
4,5,3,1,6,247.5,186522,212.032
4,5,3,1,7,292.5,187210,178.406
4,5,3,1,8,337.5,187052,138.7
4,5,3,2,1,22.5,149315,63.3377
4,5,3,2,2,67.5,149421,124.014
4,5,3,2,3,112.5,148216,143.467
4,5,3,2,4,157.5,147468,222.576
4,5,3,2,5,202.5,147550,185.426
4,5,3,2,6,247.5,148595,131.309
4,5,3,2,7,292.5,150023,117.144
4,5,3,2,8,337.5,148440,49.1935
4,5,3,3,1,22.5,117320,35.6837
4,5,3,3,2,67.5,116810,100.427
4,5,3,3,3,112.5,116308,108.166
4,5,3,3,4,157.5,115632,153.572
4,5,3,3,5,202.5,116063,124.363
4,5,3,3,6,247.5,116778,109.33
4,5,3,3,7,292.5,118507,118.609
4,5,3,3,8,337.5,117337,41.8236
4,5,3,4,1,22.5,91741,44.6119
4,5,3,4,2,67.5,91904,104.55
4,5,3,4,3,112.5,90367,88.8998
4,5,3,4,4,157.5,89318,114.678
4,5,3,4,5,202.5,89969,95.6745
4,5,3,4,6,247.5,91025,109.052
4,5,3,4,7,292.5,91554,116.394
4,5,3,4,8,337.5,91610,49.7887
4,5,3,5,1,22.5,123882,63.1983
4,5,3,5,2,67.5,124865,144.077
4,5,3,5,3,112.5,122594,101.822
4,5,3,5,4,157.5,121308,96.0137
4,5,3,5,5,202.5,121004,78.8784
4,5,3,5,6,247.5,123090,126.723
4,5,3,5,7,292.5,125308,136.426
4,5,3,5,8,337.5,123395,57.0258
4,5,3,6,1,22.5,72292,46.1553
4,5,3,6,2,67.5,73114,105.836
4,5,3,6,3,112.5,71486,67.5877
4,5,3,6,4,157.5,70675,42.8494
4,5,3,6,5,202.5,70702,35.2968
4,5,3,6,6,247.5,71691,85.5343
4,5,3,6,7,292.5,72883,93.5037
4,5,3,6,8,337.5,72713,44.4538
4,5,3,7,1,22.5,42610,39.9398
4,5,3,7,2,67.5,42608,69.5986
4,5,3,7,3,112.5,41909,43.7105
4,5,3,7,4,157.5,40860,18.1749
4,5,3,7,5,202.5,41219,16.6778
4,5,3,7,6,247.5,42543,50.1192
4,5,3,7,7,292.5,42716,61.1539
4,5,3,7,8,337.5,42866,42.8632
4,5,3,8,1,22.5,32538,36.6424
4,5,3,8,2,67.5,32491,48.5334
4,5,3,8,3,112.5,31769,26.7856
4,5,3,8,4,157.5,31194,4.44071
4,5,3,8,5,202.5,31364,4.7
4,5,3,8,6,247.5,32605,30.4224
4,5,3,8,7,292.5,32295,45.5652
4,5,3,8,8,337.5,32408,37.2265
4,5,3,9,1,22.5,12397,18.1525
4,5,3,9,2,67.5,12330,20.3389
4,5,3,9,3,112.5,11947,9.74619
4,5,3,9,4,157.5,11518,0
4,5,3,9,5,202.5,11640,0
4,5,3,9,6,247.5,12152,9.59615
4,5,3,9,7,292.5,12469,19.5544
4,5,3,9,8,337.5,12453,15.6772
4,5,3,10,1,22.5,3845,6.21046
4,5,3,10,2,67.5,3871,5.96679
4,5,3,10,3,112.5,3878,0
4,5,3,10,4,157.5,3614,0
4,5,3,10,5,202.5,3679,0
4,5,3,10,6,247.5,3801,0
4,5,3,10,7,292.5,3817,7.50297
4,5,3,10,8,337.5,3791,6.69204
4,5,3,11,1,22.5,320,0
4,5,3,11,2,67.5,356,0
4,5,3,11,3,112.5,340,0
4,5,3,11,4,157.5,307,0
4,5,3,11,5,202.5,309,0
4,5,3,11,6,247.5,308,0
4,5,3,11,7,292.5,340,0
4,5,3,11,8,337.5,326,0
4,5,4,1,1,22.5,114261,100.15
4,5,4,1,2,67.5,114487,122.827
4,5,4,1,3,112.5,114302,196.237
4,5,4,1,4,157.5,113716,246.793
4,5,4,1,5,202.5,114111,203.524
4,5,4,1,6,247.5,113983,129.648
4,5,4,1,7,292.5,114835,109.425
4,5,4,1,8,337.5,113809,93.7199
4,5,4,2,1,22.5,92828,60.4739
4,5,4,2,2,67.5,93222,82.9995
4,5,4,2,3,112.5,92833,117.632
4,5,4,2,4,157.5,92286,197.896
4,5,4,2,5,202.5,92363,153.01
4,5,4,2,6,247.5,93097,83.8425
4,5,4,2,7,292.5,93868,82.0572
4,5,4,2,8,337.5,93150,59.9841
4,5,4,3,1,22.5,74972,35.6158
4,5,4,3,2,67.5,74959,67.7363
4,5,4,3,3,112.5,74098,88.9183
4,5,4,3,4,157.5,74038,160.299
4,5,4,3,5,202.5,73926,128.534
4,5,4,3,6,247.5,74537,77.0341
4,5,4,3,7,292.5,75057,88.9406
4,5,4,3,8,337.5,75467,29.2014
4,5,4,4,1,22.5,60056,22.0287
4,5,4,4,2,67.5,60096,72.3379
4,5,4,4,3,112.5,59295,71.6173
4,5,4,4,4,157.5,59203,135.477
4,5,4,4,5,202.5,58907,106.645
4,5,4,4,6,247.5,59346,76.4014
4,5,4,4,7,292.5,60199,99.0116
4,5,4,4,8,337.5,60038,25.0377
4,5,4,5,1,22.5,85508,36.85
4,5,4,5,2,67.5,85139,122.715
4,5,4,5,3,112.5,83672,86.8447
4,5,4,5,4,157.5,82825,144.412
4,5,4,5,5,202.5,82972,112.164
4,5,4,5,6,247.5,83966,112.261
4,5,4,5,7,292.5,85648,136.611
4,5,4,5,8,337.5,85175,42.9186
4,5,4,6,1,22.5,51729,35.3707
4,5,4,6,2,67.5,52267,109.847
4,5,4,6,3,112.5,51515,71.2971
4,5,4,6,4,157.5,49673,86.7802
4,5,4,6,5,202.5,49925,67.9513
4,5,4,6,6,247.5,51391,96.9528
4,5,4,6,7,292.5,52021,101.915
4,5,4,6,8,337.5,51740,33.628
4,5,4,7,1,22.5,30915,27.2137
4,5,4,7,2,67.5,30987,83.791
4,5,4,7,3,112.5,30491,57.0652
4,5,4,7,4,157.5,29390,49.4153
4,5,4,7,5,202.5,29655,39.318
4,5,4,7,6,247.5,30360,74.6674
4,5,4,7,7,292.5,31035,72.5779
4,5,4,7,8,337.5,30666,27.3565
4,5,4,8,1,22.5,23382,29.5908
4,5,4,8,2,67.5,23413,68.3492
4,5,4,8,3,112.5,22762,47.4634
4,5,4,8,4,157.5,22404,29.2457
4,5,4,8,5,202.5,22256,22.9098
4,5,4,8,6,247.5,23164,60.139
4,5,4,8,7,292.5,23826,55.7944
4,5,4,8,8,337.5,23284,32.6171
4,5,4,9,1,22.5,9247,22.1611
4,5,4,9,2,67.5,9149,38.2948
4,5,4,9,3,112.5,8710,25.6528
4,5,4,9,4,157.5,8578,10.0054
4,5,4,9,5,202.5,8476,7.07319
4,5,4,9,6,247.5,8929,30.6944
4,5,4,9,7,292.5,8922,30.9927
4,5,4,9,8,337.5,8927,24.4768
4,5,4,10,1,22.5,3178,15.9314
4,5,4,10,2,67.5,3162,20.0151
4,5,4,10,3,112.5,3080,12.8617
4,5,4,10,4,157.5,2944,0
4,5,4,10,5,202.5,2988,0
4,5,4,10,6,247.5,3086,15.7428
4,5,4,10,7,292.5,3140,17.6127
4,5,4,10,8,337.5,3248,15.2273
4,5,4,11,1,22.5,409,0
4,5,4,11,2,67.5,396,5.91323
4,5,4,11,3,112.5,390,0
4,5,4,11,4,157.5,332,0
4,5,4,11,5,202.5,385,0
4,5,4,11,6,247.5,386,0
4,5,4,11,7,292.5,389,5.60812
4,5,4,11,8,337.5,414,5.27869
4,5,5,1,1,22.5,69309,101.71
4,5,5,1,2,67.5,70135,120.028
4,5,5,1,3,112.5,69849,157.741
4,5,5,1,4,157.5,68892,180.647
4,5,5,1,5,202.5,69665,157.383
4,5,5,1,6,247.5,69924,95.2347
4,5,5,1,7,292.5,69792,73.8247
4,5,5,1,8,337.5,69690,75.5132
4,5,5,2,1,22.5,56811,41.7895
4,5,5,2,2,67.5,56980,52.3069
4,5,5,2,3,112.5,56847,104.36
4,5,5,2,4,157.5,56549,157.008
4,5,5,2,5,202.5,56864,131.661
4,5,5,2,6,247.5,56793,55.5071
4,5,5,2,7,292.5,57793,41.9087
4,5,5,2,8,337.5,57091,39.7221
4,5,5,3,1,22.5,46602,28.86
4,5,5,3,2,67.5,46390,37.2724
4,5,5,3,3,112.5,46440,78.5407
4,5,5,3,4,157.5,45699,140.778
4,5,5,3,5,202.5,45937,110.774
4,5,5,3,6,247.5,46202,43.4892
4,5,5,3,7,292.5,46906,50.8176
4,5,5,3,8,337.5,46664,28.6365
4,5,5,4,1,22.5,37838,20.8436
4,5,5,4,2,67.5,37550,37.3001
4,5,5,4,3,112.5,37398,62.3607
4,5,5,4,4,157.5,36828,118.926
4,5,5,4,5,202.5,37007,95.1102
4,5,5,4,6,247.5,37251,44.2412
4,5,5,4,7,292.5,37937,66.3066
4,5,5,4,8,337.5,37992,18.6692
4,5,5,5,1,22.5,54312,20.3025
4,5,5,5,2,67.5,54569,72.8053
4,5,5,5,3,112.5,53749,67.9355
4,5,5,5,4,157.5,52692,137.19
4,5,5,5,5,202.5,52971,109.278
4,5,5,5,6,247.5,53573,71.1011
4,5,5,5,7,292.5,54282,107.008
4,5,5,5,8,337.5,53912,22.0961
4,5,5,6,1,22.5,33771,20.796
4,5,5,6,2,67.5,33002,82.0437
4,5,5,6,3,112.5,32619,51.1562
4,5,5,6,4,157.5,31814,97.0246
4,5,5,6,5,202.5,32202,76.6975
4,5,5,6,6,247.5,32844,73.7568
4,5,5,6,7,292.5,33310,95.7155
4,5,5,6,8,337.5,33467,19.3363
4,5,5,7,1,22.5,19989,17.3969
4,5,5,7,2,67.5,19810,71.4011
4,5,5,7,3,112.5,19434,42.1579
4,5,5,7,4,157.5,18696,66.1544
4,5,5,7,5,202.5,18984,52.072
4,5,5,7,6,247.5,19516,64.3615
4,5,5,7,7,292.5,20131,69.1675
4,5,5,7,8,337.5,19860,14.9848
4,5,5,8,1,22.5,14509,13.8981
4,5,5,8,2,67.5,14564,61.8173
4,5,5,8,3,112.5,14246,39.2234
4,5,5,8,4,157.5,13571,47.2937
4,5,5,8,5,202.5,13735,37.8826
4,5,5,8,6,247.5,14227,57.1513
4,5,5,8,7,292.5,14632,53.3323
4,5,5,8,8,337.5,14494,13.6305
4,5,5,9,1,22.5,4994,7.46359
4,5,5,9,2,67.5,4989,33.5572
4,5,5,9,3,112.5,4779,24.7504
4,5,5,9,4,157.5,4559,22.1096
4,5,5,9,5,202.5,4609,18.5168
4,5,5,9,6,247.5,4877,33.2128
4,5,5,9,7,292.5,4940,26.6558
4,5,5,9,8,337.5,4858,11.9044
4,5,5,10,1,22.5,1439,4.94419
4,5,5,10,2,67.5,1386,16.2605
4,5,5,10,3,112.5,1374,13.5544
4,5,5,10,4,157.5,1313,9.62847
4,5,5,10,5,202.5,1377,8.8885
4,5,5,10,6,247.5,1371,17.3869
4,5,5,10,7,292.5,1442,13.1569
4,5,5,10,8,337.5,1375,7.86727
4,5,5,11,1,22.5,125,0
4,5,5,11,2,67.5,117,5.00153
4,5,5,11,3,112.5,111,4.28917
4,5,5,11,4,157.5,107,0
4,5,5,11,5,202.5,110,0
4,5,5,11,6,247.5,131,5.56252
4,5,5,11,7,292.5,116,0
4,5,5,11,8,337.5,125,0
4,5,6,1,1,22.5,36357,87.2502
4,5,6,1,2,67.5,36475,94.2043
4,5,6,1,3,112.5,36454,115.563
4,5,6,1,4,157.5,36276,129.441
4,5,6,1,5,202.5,35905,111.084
4,5,6,1,6,247.5,36409,81.759
4,5,6,1,7,292.5,36558,57.3598
4,5,6,1,8,337.5,36844,65.4199
4,5,6,2,1,22.5,29106,36.8163
4,5,6,2,2,67.5,29398,45.28
4,5,6,2,3,112.5,29154,85.4793
4,5,6,2,4,157.5,29026,115.01
4,5,6,2,5,202.5,28793,95.5155
4,5,6,2,6,247.5,28655,41.7521
4,5,6,2,7,292.5,29221,18.1884
4,5,6,2,8,337.5,29532,23.8819
4,5,6,3,1,22.5,22901,16.2962
4,5,6,3,2,67.5,23077,19.6675
4,5,6,3,3,112.5,23278,64.8513
4,5,6,3,4,157.5,23112,103.361
4,5,6,3,5,202.5,22897,83.4334
4,5,6,3,6,247.5,23340,26.9452
4,5,6,3,7,292.5,24178,20.2809
4,5,6,3,8,337.5,23257,14.197
4,5,6,4,1,22.5,18340,10.3559
4,5,6,4,2,67.5,18333,13.2124
4,5,6,4,3,112.5,18443,50.3552
4,5,6,4,4,157.5,18069,89.0917
4,5,6,4,5,202.5,18042,72.4012
4,5,6,4,6,247.5,18350,23.8071
4,5,6,4,7,292.5,18683,31.9284
4,5,6,4,8,337.5,18554,10.541
4,5,6,5,1,22.5,25832,8.74615
4,5,6,5,2,67.5,25934,28.897
4,5,6,5,3,112.5,25161,53.5382
4,5,6,5,4,157.5,24830,103.9
4,5,6,5,5,202.5,24791,83.4235
4,5,6,5,6,247.5,25385,37.5687
4,5,6,5,7,292.5,25772,64.1877
4,5,6,5,8,337.5,25957,14.4535
4,5,6,6,1,22.5,15083,9.8551
4,5,6,6,2,67.5,15106,42.2612
4,5,6,6,3,112.5,14562,32.9864
4,5,6,6,4,157.5,14365,75.5401
4,5,6,6,5,202.5,14358,59.5257
4,5,6,6,6,247.5,14528,38.4695
4,5,6,6,7,292.5,15087,61.8112
4,5,6,6,8,337.5,14984,11.0986
4,5,6,7,1,22.5,8068,9.45868
4,5,6,7,2,67.5,7780,38.1758
4,5,6,7,3,112.5,7668,23.9386
4,5,6,7,4,157.5,7470,52.0298
4,5,6,7,5,202.5,7608,40.2394
4,5,6,7,6,247.5,7744,34.9171
4,5,6,7,7,292.5,8019,47.7098
4,5,6,7,8,337.5,7919,9.05463
4,5,6,8,1,22.5,4540,6.20502
4,5,6,8,2,67.5,4622,34.2946
4,5,6,8,3,112.5,4475,19.5151
4,5,6,8,4,157.5,4251,37.4353
4,5,6,8,5,202.5,4325,29.4836
4,5,6,8,6,247.5,4403,30.1243
4,5,6,8,7,292.5,4657,33.3503
4,5,6,8,8,337.5,4674,0
4,5,6,9,1,22.5,1026,0
4,5,6,9,2,67.5,1052,16.5452
4,5,6,9,3,112.5,968,9.17699
4,5,6,9,4,157.5,874,14.6931
4,5,6,9,5,202.5,934,12.5009
4,5,6,9,6,247.5,976,14.4615
4,5,6,9,7,292.5,1019,13.5825
4,5,6,9,8,337.5,991,0
4,5,6,10,1,22.5,131,0
4,5,6,10,2,67.5,170,4.08988
4,5,6,10,3,112.5,136,3.89613
4,5,6,10,4,157.5,148,6.84562
4,5,6,10,5,202.5,131,0
4,5,6,10,6,247.5,131,0
4,5,6,10,7,292.5,182,4.05244
4,5,6,10,8,337.5,142,0
4,5,6,11,1,22.5,0,0
4,5,6,11,2,67.5,3,0
4,5,6,11,3,112.5,2,0
4,5,6,11,4,157.5,2,0
4,5,6,11,5,202.5,0,0
4,5,6,11,6,247.5,1,0
4,5,6,11,7,292.5,0,0
4,5,6,11,8,337.5,2,0
4,5,7,1,1,22.5,11357,55.9366
4,5,7,1,2,67.5,11433,60.4145
4,5,7,1,3,112.5,11174,68.1627
4,5,7,1,4,157.5,11218,73.3459
4,5,7,1,5,202.5,11409,67.4728
4,5,7,1,6,247.5,11351,48.513
4,5,7,1,7,292.5,11297,37.4898
4,5,7,1,8,337.5,11353,43.5222
4,5,7,2,1,22.5,8319,26.3927
4,5,7,2,2,67.5,8261,32.3165
4,5,7,2,3,112.5,8273,50.1816
4,5,7,2,4,157.5,8338,63.738
4,5,7,2,5,202.5,8139,53.9836
4,5,7,2,6,247.5,8188,26.2055
4,5,7,2,7,292.5,8410,7.92867
4,5,7,2,8,337.5,8340,13.8274
4,5,7,3,1,22.5,5986,8.74654
4,5,7,3,2,67.5,6069,12.3458
4,5,7,3,3,112.5,6003,37.8741
4,5,7,3,4,157.5,5984,53.2356
4,5,7,3,5,202.5,5836,42.6862
4,5,7,3,6,247.5,6061,14.6074
4,5,7,3,7,292.5,6251,0
4,5,7,3,8,337.5,6099,0
4,5,7,4,1,22.5,4256,0
4,5,7,4,2,67.5,4259,5.14297
4,5,7,4,3,112.5,4178,27.4601
4,5,7,4,4,157.5,4061,43.9299
4,5,7,4,5,202.5,4087,34.5398
4,5,7,4,6,247.5,4097,10.0937
4,5,7,4,7,292.5,4271,9.50936
4,5,7,4,8,337.5,4130,0
4,5,7,5,1,22.5,4544,0
4,5,7,5,2,67.5,4398,0
4,5,7,5,3,112.5,4460,23.7748
4,5,7,5,4,157.5,4510,45.6793
4,5,7,5,5,202.5,4445,35.4517
4,5,7,5,6,247.5,4616,11.4704
4,5,7,5,7,292.5,4631,17.9174
4,5,7,5,8,337.5,4678,0
4,5,7,6,1,22.5,1733,0
4,5,7,6,2,67.5,1656,6.01712
4,5,7,6,3,112.5,1651,11.1746
4,5,7,6,4,157.5,1641,25.8394
4,5,7,6,5,202.5,1551,20.7176
4,5,7,6,6,247.5,1706,8.65124
4,5,7,6,7,292.5,1679,17.534
4,5,7,6,8,337.5,1744,0
4,5,7,7,1,22.5,510,0
4,5,7,7,2,67.5,489,0
4,5,7,7,3,112.5,495,4.40432
4,5,7,7,4,157.5,481,13.0845
4,5,7,7,5,202.5,458,9.01931
4,5,7,7,6,247.5,481,5.95362
4,5,7,7,7,292.5,465,10.2314
4,5,7,7,8,337.5,502,0
4,5,7,8,1,22.5,106,0
4,5,7,8,2,67.5,120,4.09761
4,5,7,8,3,112.5,105,0
4,5,7,8,4,157.5,82,0
4,5,7,8,5,202.5,89,0
4,5,7,8,6,247.5,122,0
4,5,7,8,7,292.5,105,3.62057
4,5,7,8,8,337.5,108,0
4,5,7,9,1,22.5,0,0
4,5,7,9,2,67.5,2,0
4,5,7,9,3,112.5,1,0
4,5,7,9,4,157.5,0,0
4,5,7,9,5,202.5,1,0
4,5,7,9,6,247.5,3,0
4,5,7,9,7,292.5,1,0
4,5,7,9,8,337.5,6,0
4,5,7,10,1,22.5,0,0
4,5,7,10,2,67.5,0,0
4,5,7,10,3,112.5,0,0
4,5,7,10,4,157.5,0,0
4,5,7,10,5,202.5,0,0
4,5,7,10,6,247.5,0,0
4,5,7,10,7,292.5,0,0
4,5,7,10,8,337.5,0,0
4,5,7,11,1,22.5,0,0
4,5,7,11,2,67.5,0,0
4,5,7,11,3,112.5,0,0
4,5,7,11,4,157.5,0,0
4,5,7,11,5,202.5,0,0
4,5,7,11,6,247.5,0,0
4,5,7,11,7,292.5,0,0
4,5,7,11,8,337.5,0,0
4,5,8,1,1,22.5,154,0
4,5,8,1,2,67.5,141,8.37012
4,5,8,1,3,112.5,164,8.76865
4,5,8,1,4,157.5,143,10.4827
4,5,8,1,5,202.5,167,3.64831
4,5,8,1,6,247.5,140,3.3987
4,5,8,1,7,292.5,152,0
4,5,8,1,8,337.5,153,0
4,5,8,2,1,22.5,56,0
4,5,8,2,2,67.5,41,0
4,5,8,2,3,112.5,56,0
4,5,8,2,4,157.5,44,0
4,5,8,2,5,202.5,46,0
4,5,8,2,6,247.5,42,0
4,5,8,2,7,292.5,46,0
4,5,8,2,8,337.5,45,0
4,5,8,3,1,22.5,8,0
4,5,8,3,2,67.5,10,0
4,5,8,3,3,112.5,13,0
4,5,8,3,4,157.5,9,0
4,5,8,3,5,202.5,14,0
4,5,8,3,6,247.5,17,0
4,5,8,3,7,292.5,10,0
4,5,8,3,8,337.5,15,0
4,5,8,4,1,22.5,1,0
4,5,8,4,2,67.5,0,0
4,5,8,4,3,112.5,1,0
4,5,8,4,4,157.5,1,0
4,5,8,4,5,202.5,1,0
4,5,8,4,6,247.5,0,0
4,5,8,4,7,292.5,0,0
4,5,8,4,8,337.5,0,0
4,5,8,5,1,22.5,0,0
4,5,8,5,2,67.5,0,0
4,5,8,5,3,112.5,0,0
4,5,8,5,4,157.5,0,0
4,5,8,5,5,202.5,0,0
4,5,8,5,6,247.5,0,0
4,5,8,5,7,292.5,0,0
4,5,8,5,8,337.5,0,0
4,5,8,6,1,22.5,0,0
4,5,8,6,2,67.5,0,0
4,5,8,6,3,112.5,0,0
4,5,8,6,4,157.5,0,0
4,5,8,6,5,202.5,0,0
4,5,8,6,6,247.5,0,0
4,5,8,6,7,292.5,0,0
4,5,8,6,8,337.5,0,0
4,5,8,7,1,22.5,0,0
4,5,8,7,2,67.5,0,0
4,5,8,7,3,112.5,0,0
4,5,8,7,4,157.5,0,0
4,5,8,7,5,202.5,0,0
4,5,8,7,6,247.5,0,0
4,5,8,7,7,292.5,0,0
4,5,8,7,8,337.5,0,0
4,5,8,8,1,22.5,0,0
4,5,8,8,2,67.5,0,0
4,5,8,8,3,112.5,0,0
4,5,8,8,4,157.5,0,0
4,5,8,8,5,202.5,0,0
4,5,8,8,6,247.5,0,0
4,5,8,8,7,292.5,0,0
4,5,8,8,8,337.5,0,0
4,5,8,9,1,22.5,0,0
4,5,8,9,2,67.5,0,0
4,5,8,9,3,112.5,0,0
4,5,8,9,4,157.5,0,0
4,5,8,9,5,202.5,0,0
4,5,8,9,6,247.5,0,0
4,5,8,9,7,292.5,0,0
4,5,8,9,8,337.5,0,0
4,5,8,10,1,22.5,0,0
4,5,8,10,2,67.5,0,0
4,5,8,10,3,112.5,0,0
4,5,8,10,4,157.5,0,0
4,5,8,10,5,202.5,0,0
4,5,8,10,6,247.5,0,0
4,5,8,10,7,292.5,0,0
4,5,8,10,8,337.5,0,0
4,5,8,11,1,22.5,0,0
4,5,8,11,2,67.5,0,0
4,5,8,11,3,112.5,0,0
4,5,8,11,4,157.5,0,0
4,5,8,11,5,202.5,0,0
4,5,8,11,6,247.5,0,0
4,5,8,11,7,292.5,0,0
4,5,8,11,8,337.5,0,0
5,6,1,1,1,22.5,3.116e+06,0
5,6,1,1,2,67.5,3.11885e+06,0
5,6,1,1,3,112.5,3.11938e+06,0
5,6,1,1,4,157.5,3.1147e+06,0
5,6,1,1,5,202.5,3.11788e+06,0
5,6,1,1,6,247.5,3.12169e+06,0
5,6,1,1,7,292.5,3.11808e+06,0
5,6,1,1,8,337.5,3.11729e+06,0
5,6,1,2,1,22.5,1.12933e+06,0
5,6,1,2,2,67.5,1.13228e+06,0
5,6,1,2,3,112.5,1.13026e+06,0
5,6,1,2,4,157.5,1.12465e+06,0
5,6,1,2,5,202.5,1.12464e+06,0
5,6,1,2,6,247.5,1.12933e+06,0
5,6,1,2,7,292.5,1.13177e+06,0
5,6,1,2,8,337.5,1.12881e+06,0
5,6,1,3,1,22.5,522736,0
5,6,1,3,2,67.5,524648,0
5,6,1,3,3,112.5,523249,0
5,6,1,3,4,157.5,520299,0
5,6,1,3,5,202.5,521721,0
5,6,1,3,6,247.5,523768,0
5,6,1,3,7,292.5,524164,0
5,6,1,3,8,337.5,523471,0
5,6,1,4,1,22.5,263821,0
5,6,1,4,2,67.5,264864,0
5,6,1,4,3,112.5,264411,0
5,6,1,4,4,157.5,261426,0
5,6,1,4,5,202.5,261868,0
5,6,1,4,6,247.5,264409,0
5,6,1,4,7,292.5,264851,0
5,6,1,4,8,337.5,264150,0
5,6,1,5,1,22.5,195802,0
5,6,1,5,2,67.5,195769,0
5,6,1,5,3,112.5,195471,0
5,6,1,5,4,157.5,193228,0
5,6,1,5,5,202.5,193259,0
5,6,1,5,6,247.5,195494,0
5,6,1,5,7,292.5,195460,0
5,6,1,5,8,337.5,195539,0
5,6,1,6,1,22.5,37178,0
5,6,1,6,2,67.5,36772,0
5,6,1,6,3,112.5,36632,0
5,6,1,6,4,157.5,36114,0
5,6,1,6,5,202.5,36278,0
5,6,1,6,6,247.5,36595,0
5,6,1,6,7,292.5,36578,0
5,6,1,6,8,337.5,37134,0
5,6,1,7,1,22.5,4029,0
5,6,1,7,2,67.5,3999,0
5,6,1,7,3,112.5,3841,0
5,6,1,7,4,157.5,3744,0
5,6,1,7,5,202.5,3708,0
5,6,1,7,6,247.5,3826,0
5,6,1,7,7,292.5,3943,0
5,6,1,7,8,337.5,3887,0
5,6,1,8,1,22.5,161,0
5,6,1,8,2,67.5,135,0
5,6,1,8,3,112.5,136,0
5,6,1,8,4,157.5,166,0
5,6,1,8,5,202.5,141,0
5,6,1,8,6,247.5,141,0
5,6,1,8,7,292.5,152,0
5,6,1,8,8,337.5,178,0
5,6,1,9,1,22.5,0,0
5,6,1,9,2,67.5,0,0
5,6,1,9,3,112.5,0,0
5,6,1,9,4,157.5,0,0
5,6,1,9,5,202.5,0,0
5,6,1,9,6,247.5,0,0
5,6,1,9,7,292.5,0,0
5,6,1,9,8,337.5,0,0
5,6,1,10,1,22.5,0,0
5,6,1,10,2,67.5,0,0
5,6,1,10,3,112.5,0,0
5,6,1,10,4,157.5,0,0
5,6,1,10,5,202.5,0,0
5,6,1,10,6,247.5,0,0
5,6,1,10,7,292.5,0,0
5,6,1,10,8,337.5,0,0
5,6,1,11,1,22.5,0,0
5,6,1,11,2,67.5,0,0
5,6,1,11,3,112.5,0,0
5,6,1,11,4,157.5,0,0
5,6,1,11,5,202.5,0,0
5,6,1,11,6,247.5,0,0
5,6,1,11,7,292.5,0,0
5,6,1,11,8,337.5,0,0
5,6,2,1,1,22.5,424718,96.9877
5,6,2,1,2,67.5,425264,146.966
5,6,2,1,3,112.5,423763,119.481
5,6,2,1,4,157.5,424522,176.884
5,6,2,1,5,202.5,424138,158.364
5,6,2,1,6,247.5,423765,153.609
5,6,2,1,7,292.5,425458,148.906
5,6,2,1,8,337.5,424566,96.9617
5,6,2,2,1,22.5,310361,35.3667
5,6,2,2,2,67.5,311786,76.6356
5,6,2,2,3,112.5,309986,77.3515
5,6,2,2,4,157.5,309621,67.1542
5,6,2,2,5,202.5,310301,52.8409
5,6,2,2,6,247.5,310707,72.3109
5,6,2,2,7,292.5,311109,67.8931
5,6,2,2,8,337.5,311256,38.7421
5,6,2,3,1,22.5,225546,31.6386
5,6,2,3,2,67.5,225537,58.7364
5,6,2,3,3,112.5,222744,42.1513
5,6,2,3,4,157.5,222286,19.3858
5,6,2,3,5,202.5,222688,20.2631
5,6,2,3,6,247.5,224467,43.1303
5,6,2,3,7,292.5,225611,66.0915
5,6,2,3,8,337.5,224949,33.2373
5,6,2,4,1,22.5,162232,30.9774
5,6,2,4,2,67.5,162351,52.5953
5,6,2,4,3,112.5,161826,23.7867
5,6,2,4,4,157.5,160908,0
5,6,2,4,5,202.5,159953,0
5,6,2,4,6,247.5,161952,27.4459
5,6,2,4,7,292.5,162280,53.264
5,6,2,4,8,337.5,162396,25.9918
5,6,2,5,1,22.5,202634,30.7475
5,6,2,5,2,67.5,204169,51.171
5,6,2,5,3,112.5,201691,14.3968
5,6,2,5,4,157.5,200500,0
5,6,2,5,5,202.5,200278,0
5,6,2,5,6,247.5,202507,17.6425
5,6,2,5,7,292.5,203525,47.9941
5,6,2,5,8,337.5,203253,26.1014
5,6,2,6,1,22.5,96759,14.2114
5,6,2,6,2,67.5,97119,21.3541
5,6,2,6,3,112.5,96053,0
5,6,2,6,4,157.5,94976,0
5,6,2,6,5,202.5,95342,0
5,6,2,6,6,247.5,96119,5.32276
5,6,2,6,7,292.5,97177,19.6739
5,6,2,6,8,337.5,96663,13.7228
5,6,2,7,1,22.5,35151,5.28969
5,6,2,7,2,67.5,35006,0
5,6,2,7,3,112.5,34357,0
5,6,2,7,4,157.5,33680,0
5,6,2,7,5,202.5,34048,0
5,6,2,7,6,247.5,34860,0
5,6,2,7,7,292.5,35065,0
5,6,2,7,8,337.5,34938,0
5,6,2,8,1,22.5,9903,0
5,6,2,8,2,67.5,9815,0
5,6,2,8,3,112.5,9681,0
5,6,2,8,4,157.5,9322,0
5,6,2,8,5,202.5,9455,0
5,6,2,8,6,247.5,9536,0
5,6,2,8,7,292.5,9792,0
5,6,2,8,8,337.5,9712,0
5,6,2,9,1,22.5,487,0
5,6,2,9,2,67.5,498,0
5,6,2,9,3,112.5,492,0
5,6,2,9,4,157.5,455,0
5,6,2,9,5,202.5,471,0
5,6,2,9,6,247.5,509,0
5,6,2,9,7,292.5,491,0
5,6,2,9,8,337.5,485,0
5,6,2,10,1,22.5,1,0
5,6,2,10,2,67.5,2,0
5,6,2,10,3,112.5,1,0
5,6,2,10,4,157.5,2,0
5,6,2,10,5,202.5,0,0
5,6,2,10,6,247.5,3,0
5,6,2,10,7,292.5,2,0
5,6,2,10,8,337.5,1,0
5,6,2,11,1,22.5,0,0
5,6,2,11,2,67.5,0,0
5,6,2,11,3,112.5,0,0
5,6,2,11,4,157.5,0,0
5,6,2,11,5,202.5,0,0
5,6,2,11,6,247.5,0,0
5,6,2,11,7,292.5,0,0
5,6,2,11,8,337.5,0,0
5,6,3,1,1,22.5,224602,161.879
5,6,3,1,2,67.5,224791,181.843
5,6,3,1,3,112.5,223250,260.261
5,6,3,1,4,157.5,223126,286.93
5,6,3,1,5,202.5,223010,275.208
5,6,3,1,6,247.5,223562,212.863
5,6,3,1,7,292.5,224193,199.875
5,6,3,1,8,337.5,223436,140.953
5,6,3,2,1,22.5,176581,80.9638
5,6,3,2,2,67.5,176177,130.004
5,6,3,2,3,112.5,175454,134.026
5,6,3,2,4,157.5,174190,163.183
5,6,3,2,5,202.5,175221,140.034
5,6,3,2,6,247.5,175589,123.723
5,6,3,2,7,292.5,176948,118.713
5,6,3,2,8,337.5,176245,76.5529
5,6,3,3,1,22.5,136574,39.861
5,6,3,3,2,67.5,136378,99.2647
5,6,3,3,3,112.5,135375,90.918
5,6,3,3,4,157.5,134993,83.1453
5,6,3,3,5,202.5,135251,70.0851
5,6,3,3,6,247.5,135831,90.47
5,6,3,3,7,292.5,136678,118.569
5,6,3,3,8,337.5,136400,43.1149
5,6,3,4,1,22.5,103980,42.7904
5,6,3,4,2,67.5,104186,98.3372
5,6,3,4,3,112.5,102568,65.2591
5,6,3,4,4,157.5,102670,46.2576
5,6,3,4,5,202.5,102477,41.1467
5,6,3,4,6,247.5,103260,72.1156
5,6,3,4,7,292.5,104751,109.446
5,6,3,4,8,337.5,103793,49.49
5,6,3,5,1,22.5,134703,62.3512
5,6,3,5,2,67.5,135789,122.439
5,6,3,5,3,112.5,133876,59.7451
5,6,3,5,4,157.5,132230,25.983
5,6,3,5,5,202.5,132790,24.08
5,6,3,5,6,247.5,133887,71.2369
5,6,3,5,7,292.5,135560,119.334
5,6,3,5,8,337.5,135444,60.4834
5,6,3,6,1,22.5,70512,41.3117
5,6,3,6,2,67.5,70845,78.5215
5,6,3,6,3,112.5,70143,29.3928
5,6,3,6,4,157.5,68737,0
5,6,3,6,5,202.5,68956,5.65823
5,6,3,6,6,247.5,70255,36.347
5,6,3,6,7,292.5,70840,70.8308
5,6,3,6,8,337.5,70859,38.3005
5,6,3,7,1,22.5,33439,26.5257
5,6,3,7,2,67.5,33276,42.1619
5,6,3,7,3,112.5,33103,12.0166
5,6,3,7,4,157.5,32460,0
5,6,3,7,5,202.5,32295,0
5,6,3,7,6,247.5,32948,14.6281
5,6,3,7,7,292.5,33352,39.377
5,6,3,7,8,337.5,33366,28.4973
5,6,3,8,1,22.5,15956,17.8498
5,6,3,8,2,67.5,16107,23.1934
5,6,3,8,3,112.5,15664,0
5,6,3,8,4,157.5,15247,0
5,6,3,8,5,202.5,15243,0
5,6,3,8,6,247.5,15735,0
5,6,3,8,7,292.5,15963,20.113
5,6,3,8,8,337.5,16047,18.7584
5,6,3,9,1,22.5,2349,5.31355
5,6,3,9,2,67.5,2298,5.83689
5,6,3,9,3,112.5,2226,0
5,6,3,9,4,157.5,2195,0
5,6,3,9,5,202.5,2223,0
5,6,3,9,6,247.5,2348,0
5,6,3,9,7,292.5,2325,5.12987
5,6,3,9,8,337.5,2346,5.83617
5,6,3,10,1,22.5,97,0
5,6,3,10,2,67.5,112,0
5,6,3,10,3,112.5,103,0
5,6,3,10,4,157.5,95,0
5,6,3,10,5,202.5,116,0
5,6,3,10,6,247.5,120,0
5,6,3,10,7,292.5,107,0
5,6,3,10,8,337.5,121,0
5,6,3,11,1,22.5,0,0
5,6,3,11,2,67.5,0,0
5,6,3,11,3,112.5,0,0
5,6,3,11,4,157.5,0,0
5,6,3,11,5,202.5,0,0
5,6,3,11,6,247.5,0,0
5,6,3,11,7,292.5,0,0
5,6,3,11,8,337.5,0,0
5,6,4,1,1,22.5,142828,130.094
5,6,4,1,2,67.5,143391,174.877
5,6,4,1,3,112.5,142098,229.52
5,6,4,1,4,157.5,142604,259.116
5,6,4,1,5,202.5,141710,232.627
5,6,4,1,6,247.5,142662,147.131
5,6,4,1,7,292.5,143030,131.338
5,6,4,1,8,337.5,141687,128.947
5,6,4,2,1,22.5,113645,85.9276
5,6,4,2,2,67.5,114764,103.209
5,6,4,2,3,112.5,113553,126.364
5,6,4,2,4,157.5,113588,183.927
5,6,4,2,5,202.5,113178,150.145
5,6,4,2,6,247.5,113523,101.19
5,6,4,2,7,292.5,114410,98.7428
5,6,4,2,8,337.5,114351,85.4241
5,6,4,3,1,22.5,89965,55.9763
5,6,4,3,2,67.5,90459,81.7986
5,6,4,3,3,112.5,89380,95.5915
5,6,4,3,4,157.5,88802,123.938
5,6,4,3,5,202.5,88186,105.503
5,6,4,3,6,247.5,89418,84.3795
5,6,4,3,7,292.5,90158,92.8362
5,6,4,3,8,337.5,90123,48.3364
5,6,4,4,1,22.5,69568,32.4929
5,6,4,4,2,67.5,70327,80.4299
5,6,4,4,3,112.5,68720,73.5836
5,6,4,4,4,157.5,67904,85.5852
5,6,4,4,5,202.5,67950,72.0618
5,6,4,4,6,247.5,68942,74.1201
5,6,4,4,7,292.5,69613,107.683
5,6,4,4,8,337.5,69733,32.4596
5,6,4,5,1,22.5,91500,44.3296
5,6,4,5,2,67.5,91496,123.383
5,6,4,5,3,112.5,89998,74.643
5,6,4,5,4,157.5,88579,68.1574
5,6,4,5,5,202.5,88093,59.0742
5,6,4,5,6,247.5,89985,93.1111
5,6,4,5,7,292.5,91529,137.034
5,6,4,5,8,337.5,91458,49.3149
5,6,4,6,1,22.5,47686,39.3595
5,6,4,6,2,67.5,47729,100.396
5,6,4,6,3,112.5,46646,50.0624
5,6,4,6,4,157.5,46081,27.2462
5,6,4,6,5,202.5,46050,23.114
5,6,4,6,6,247.5,46699,63.5712
5,6,4,6,7,292.5,47547,92.6837
5,6,4,6,8,337.5,47796,37.4846
5,6,4,7,1,22.5,22883,25.0405
5,6,4,7,2,67.5,22591,64.4401
5,6,4,7,3,112.5,22301,31.2823
5,6,4,7,4,157.5,21881,7.26422
5,6,4,7,5,202.5,21876,7.67068
5,6,4,7,6,247.5,22341,38.8326
5,6,4,7,7,292.5,22525,56.663
5,6,4,7,8,337.5,22608,24.0673
5,6,4,8,1,22.5,11439,18.8078
5,6,4,8,2,67.5,11272,43.5564
5,6,4,8,3,112.5,11071,19.8496
5,6,4,8,4,157.5,10512,0
5,6,4,8,5,202.5,10685,0
5,6,4,8,6,247.5,10945,22.5553
5,6,4,8,7,292.5,11250,36.9632
5,6,4,8,8,337.5,11281,20.1032
5,6,4,9,1,22.5,1860,8.87781
5,6,4,9,2,67.5,1885,15.0793
5,6,4,9,3,112.5,1880,0
5,6,4,9,4,157.5,1861,0
5,6,4,9,5,202.5,1745,0
5,6,4,9,6,247.5,1905,7.27393
5,6,4,9,7,292.5,1852,13.2328
5,6,4,9,8,337.5,1941,10.6896
5,6,4,10,1,22.5,133,0
5,6,4,10,2,67.5,120,4.93124
5,6,4,10,3,112.5,129,0
5,6,4,10,4,157.5,117,0
5,6,4,10,5,202.5,119,0
5,6,4,10,6,247.5,121,0
5,6,4,10,7,292.5,132,3.59818
5,6,4,10,8,337.5,142,0
5,6,4,11,1,22.5,0,0
5,6,4,11,2,67.5,0,0
5,6,4,11,3,112.5,0,0
5,6,4,11,4,157.5,0,0
5,6,4,11,5,202.5,0,0
5,6,4,11,6,247.5,0,0
5,6,4,11,7,292.5,0,0
5,6,4,11,8,337.5,0,0
5,6,5,1,1,22.5,85884,137.836
5,6,5,1,2,67.5,85704,143.937
5,6,5,1,3,112.5,84833,176.278
5,6,5,1,4,157.5,84570,196.289
5,6,5,1,5,202.5,84844,178.907
5,6,5,1,6,247.5,84634,130.244
5,6,5,1,7,292.5,85533,100.814
5,6,5,1,8,337.5,85595,106.078
5,6,5,2,1,22.5,66467,60.815
5,6,5,2,2,67.5,66382,68.6055
5,6,5,2,3,112.5,66154,120.201
5,6,5,2,4,157.5,65389,155.837
5,6,5,2,5,202.5,65263,134.499
5,6,5,2,6,247.5,65951,72.956
5,6,5,2,7,292.5,66636,62.5412
5,6,5,2,8,337.5,66371,58.8088
5,6,5,3,1,22.5,50966,45.9067
5,6,5,3,2,67.5,50945,53.8568
5,6,5,3,3,112.5,50523,85.5794
5,6,5,3,4,157.5,49305,122.796
5,6,5,3,5,202.5,49942,105.645
5,6,5,3,6,247.5,50364,56.3458
5,6,5,3,7,292.5,51358,57.5296
5,6,5,3,8,337.5,50607,45.4094
5,6,5,4,1,22.5,38745,32.371
5,6,5,4,2,67.5,38547,43.9407
5,6,5,4,3,112.5,37804,63.7187
5,6,5,4,4,157.5,37455,95.3534
5,6,5,4,5,202.5,37322,80.9111
5,6,5,4,6,247.5,38162,48.2633
5,6,5,4,7,292.5,38965,68.6669
5,6,5,4,8,337.5,38512,30.7941
5,6,5,5,1,22.5,49869,29.7493
5,6,5,5,2,67.5,49671,71.832
5,6,5,5,3,112.5,48436,64.3348
5,6,5,5,4,157.5,48068,93.918
5,6,5,5,5,202.5,47790,77.783
5,6,5,5,6,247.5,48364,67.09
5,6,5,5,7,292.5,49825,105.961
5,6,5,5,8,337.5,49263,32.1343
5,6,5,6,1,22.5,24493,22.3846
5,6,5,6,2,67.5,24694,71.2225
5,6,5,6,3,112.5,24177,41.0042
5,6,5,6,4,157.5,23503,48.1071
5,6,5,6,5,202.5,23631,40.6708
5,6,5,6,6,247.5,23905,54.4832
5,6,5,6,7,292.5,24558,80.781
5,6,5,6,8,337.5,24323,22.3077
5,6,5,7,1,22.5,10280,15.1091
5,6,5,7,2,67.5,10387,50.0199
5,6,5,7,3,112.5,10020,28.3884
5,6,5,7,4,157.5,9904,23.2657
5,6,5,7,5,202.5,9731,18.3583
5,6,5,7,6,247.5,10160,38.8232
5,6,5,7,7,292.5,10285,50.4384
5,6,5,7,8,337.5,10220,14.0621
5,6,5,8,1,22.5,4324,8.97326
5,6,5,8,2,67.5,4179,33.3373
5,6,5,8,3,112.5,3985,18.2231
5,6,5,8,4,157.5,4051,10.3362
5,6,5,8,5,202.5,3941,8.4093
5,6,5,8,6,247.5,4065,26.3261
5,6,5,8,7,292.5,4114,31.1037
5,6,5,8,8,337.5,4198,6.86165
5,6,5,9,1,22.5,482,0
5,6,5,9,2,67.5,499,11.012
5,6,5,9,3,112.5,442,7.17463
5,6,5,9,4,157.5,397,0
5,6,5,9,5,202.5,408,0
5,6,5,9,6,247.5,453,0
5,6,5,9,7,292.5,446,8.01056
5,6,5,9,8,337.5,446,0
5,6,5,10,1,22.5,9,0
5,6,5,10,2,67.5,9,0
5,6,5,10,3,112.5,7,0
5,6,5,10,4,157.5,9,0
5,6,5,10,5,202.5,7,0
5,6,5,10,6,247.5,13,0
5,6,5,10,7,292.5,9,0
5,6,5,10,8,337.5,15,0
5,6,5,11,1,22.5,0,0
5,6,5,11,2,67.5,0,0
5,6,5,11,3,112.5,0,0
5,6,5,11,4,157.5,0,0
5,6,5,11,5,202.5,0,0
5,6,5,11,6,247.5,0,0
5,6,5,11,7,292.5,0,0
5,6,5,11,8,337.5,0,0
5,6,6,1,1,22.5,35856,104.42
5,6,6,1,2,67.5,35904,108.054
5,6,6,1,3,112.5,35890,120.162
5,6,6,1,4,157.5,35623,128.246
5,6,6,1,5,202.5,35560,117.22
5,6,6,1,6,247.5,35700,90.3521
5,6,6,1,7,292.5,35548,75.0938
5,6,6,1,8,337.5,35697,83.7438
5,6,6,2,1,22.5,26909,54.537
5,6,6,2,2,67.5,27034,53.4503
5,6,6,2,3,112.5,26269,85.4319
5,6,6,2,4,157.5,26654,106.571
5,6,6,2,5,202.5,26141,94.6286
5,6,6,2,6,247.5,26494,51.4524
5,6,6,2,7,292.5,26661,29.522
5,6,6,2,8,337.5,27019,37.717
5,6,6,3,1,22.5,19281,26.5678
5,6,6,3,2,67.5,19115,26.7959
5,6,6,3,3,112.5,19014,61.0639
5,6,6,3,4,157.5,18929,88.3149
5,6,6,3,5,202.5,19265,75.7737
5,6,6,3,6,247.5,19025,31.8423
5,6,6,3,7,292.5,19128,23.5671
5,6,6,3,8,337.5,19387,23.7581
5,6,6,4,1,22.5,13485,16.1824
5,6,6,4,2,67.5,13356,17.0668
5,6,6,4,3,112.5,13092,43.8359
5,6,6,4,4,157.5,12971,68.9638
5,6,6,4,5,202.5,13105,57.7774
5,6,6,4,6,247.5,13131,22.903
5,6,6,4,7,292.5,13479,27.4916
5,6,6,4,8,337.5,13408,15.1805
5,6,6,5,1,22.5,14488,13.651
5,6,6,5,2,67.5,14184,23.0548
5,6,6,5,3,112.5,13996,39.8139
5,6,6,5,4,157.5,13778,68.9473
5,6,6,5,5,202.5,13852,58.5726
5,6,6,5,6,247.5,14011,29.1262
5,6,6,5,7,292.5,14270,46.5657
5,6,6,5,8,337.5,14348,15.3144
5,6,6,6,1,22.5,4900,7.27165
5,6,6,6,2,67.5,5086,22.0932
5,6,6,6,3,112.5,4933,19.68
5,6,6,6,4,157.5,4920,37.1661
5,6,6,6,5,202.5,4971,31.5434
5,6,6,6,6,247.5,4945,19.4049
5,6,6,6,7,292.5,5070,36.6151
5,6,6,6,8,337.5,5079,9.46332
5,6,6,7,1,22.5,1339,0
5,6,6,7,2,67.5,1406,17.4699
5,6,6,7,3,112.5,1329,9.01295
5,6,6,7,4,157.5,1307,17.8366
5,6,6,7,5,202.5,1262,15.2263
5,6,6,7,6,247.5,1342,14.1551
5,6,6,7,7,292.5,1384,21.6052
5,6,6,7,8,337.5,1428,0
5,6,6,8,1,22.5,315,0
5,6,6,8,2,67.5,275,4.12516
5,6,6,8,3,112.5,301,4.65859
5,6,6,8,4,157.5,279,7.17343
5,6,6,8,5,202.5,290,4.33753
5,6,6,8,6,247.5,278,7.79491
5,6,6,8,7,292.5,274,11.3129
5,6,6,8,8,337.5,274,0
5,6,6,9,1,22.5,1,0
5,6,6,9,2,67.5,3,0
5,6,6,9,3,112.5,5,0
5,6,6,9,4,157.5,2,0
5,6,6,9,5,202.5,9,0
5,6,6,9,6,247.5,2,0
5,6,6,9,7,292.5,6,0
5,6,6,9,8,337.5,2,0
5,6,6,10,1,22.5,0,0
5,6,6,10,2,67.5,0,0
5,6,6,10,3,112.5,0,0
5,6,6,10,4,157.5,0,0
5,6,6,10,5,202.5,0,0
5,6,6,10,6,247.5,0,0
5,6,6,10,7,292.5,0,0
5,6,6,10,8,337.5,0,0
5,6,6,11,1,22.5,0,0
5,6,6,11,2,67.5,0,0
5,6,6,11,3,112.5,0,0
5,6,6,11,4,157.5,0,0
5,6,6,11,5,202.5,0,0
5,6,6,11,6,247.5,0,0
5,6,6,11,7,292.5,0,0
5,6,6,11,8,337.5,0,0
5,6,7,1,1,22.5,4919,41.3502
5,6,7,1,2,67.5,4721,43.8856
5,6,7,1,3,112.5,4873,48.072
5,6,7,1,4,157.5,4731,48.2242
5,6,7,1,5,202.5,4803,44.0236
5,6,7,1,6,247.5,4878,37.3417
5,6,7,1,7,292.5,4905,30.1506
5,6,7,1,8,337.5,4892,34.5642
5,6,7,2,1,22.5,2649,21.8185
5,6,7,2,2,67.5,2714,20.3592
5,6,7,2,3,112.5,2635,29.1497
5,6,7,2,4,157.5,2618,35.6016
5,6,7,2,5,202.5,2597,30.8296
5,6,7,2,6,247.5,2614,15.7012
5,6,7,2,7,292.5,2586,6.63382
5,6,7,2,8,337.5,2650,10.0176
5,6,7,3,1,22.5,1333,5.49276
5,6,7,3,2,67.5,1318,7.12734
5,6,7,3,3,112.5,1268,18.0906
5,6,7,3,4,157.5,1290,23.0976
5,6,7,3,5,202.5,1321,22.8243
5,6,7,3,6,247.5,1348,7.29632
5,6,7,3,7,292.5,1297,0
5,6,7,3,8,337.5,1379,0
5,6,7,4,1,22.5,610,0
5,6,7,4,2,67.5,636,0
5,6,7,4,3,112.5,618,8.87161
5,6,7,4,4,157.5,614,16.7672
5,6,7,4,5,202.5,573,11.8701
5,6,7,4,6,247.5,639,0
5,6,7,4,7,292.5,596,0
5,6,7,4,8,337.5,610,0
5,6,7,5,1,22.5,333,0
5,6,7,5,2,67.5,325,0
5,6,7,5,3,112.5,359,5.65052
5,6,7,5,4,157.5,321,13.5995
5,6,7,5,5,202.5,318,10.3981
5,6,7,5,6,247.5,357,0
5,6,7,5,7,292.5,382,4.16398
5,6,7,5,8,337.5,324,0
5,6,7,6,1,22.5,16,0
5,6,7,6,2,67.5,25,0
5,6,7,6,3,112.5,19,0
5,6,7,6,4,157.5,15,0
5,6,7,6,5,202.5,23,0
5,6,7,6,6,247.5,16,0
5,6,7,6,7,292.5,26,0
5,6,7,6,8,337.5,13,0
5,6,7,7,1,22.5,0,0
5,6,7,7,2,67.5,0,0
5,6,7,7,3,112.5,0,0
5,6,7,7,4,157.5,0,0
5,6,7,7,5,202.5,0,0
5,6,7,7,6,247.5,0,0
5,6,7,7,7,292.5,0,0
5,6,7,7,8,337.5,0,0
5,6,7,8,1,22.5,0,0
5,6,7,8,2,67.5,0,0
5,6,7,8,3,112.5,0,0
5,6,7,8,4,157.5,0,0
5,6,7,8,5,202.5,0,0
5,6,7,8,6,247.5,0,0
5,6,7,8,7,292.5,0,0
5,6,7,8,8,337.5,0,0
5,6,7,9,1,22.5,0,0
5,6,7,9,2,67.5,0,0
5,6,7,9,3,112.5,0,0
5,6,7,9,4,157.5,0,0
5,6,7,9,5,202.5,0,0
5,6,7,9,6,247.5,0,0
5,6,7,9,7,292.5,0,0
5,6,7,9,8,337.5,0,0
5,6,7,10,1,22.5,0,0
5,6,7,10,2,67.5,0,0
5,6,7,10,3,112.5,0,0
5,6,7,10,4,157.5,0,0
5,6,7,10,5,202.5,0,0
5,6,7,10,6,247.5,0,0
5,6,7,10,7,292.5,0,0
5,6,7,10,8,337.5,0,0
5,6,7,11,1,22.5,0,0
5,6,7,11,2,67.5,0,0
5,6,7,11,3,112.5,0,0
5,6,7,11,4,157.5,0,0
5,6,7,11,5,202.5,0,0
5,6,7,11,6,247.5,0,0
5,6,7,11,7,292.5,0,0
5,6,7,11,8,337.5,0,0
5,6,8,1,1,22.5,0,0
5,6,8,1,2,67.5,27.8497,5.69698
5,6,8,1,3,112.5,17.8013,4.42337
5,6,8,1,4,157.5,0,0
5,6,8,1,5,202.5,0,0
5,6,8,1,6,247.5,0,0
5,6,8,1,7,292.5,0,0
5,6,8,1,8,337.5,0,0
5,6,8,2,1,22.5,0,0
5,6,8,2,2,67.5,0,0
5,6,8,2,3,112.5,0,0
5,6,8,2,4,157.5,0,0
5,6,8,2,5,202.5,0,0
5,6,8,2,6,247.5,0,0
5,6,8,2,7,292.5,0,0
5,6,8,2,8,337.5,0,0
5,6,8,3,1,22.5,0,0
5,6,8,3,2,67.5,0,0
5,6,8,3,3,112.5,0,0
5,6,8,3,4,157.5,0,0
5,6,8,3,5,202.5,0,0
5,6,8,3,6,247.5,0,0
5,6,8,3,7,292.5,0,0
5,6,8,3,8,337.5,0,0
5,6,8,4,1,22.5,0,0
5,6,8,4,2,67.5,0,0
5,6,8,4,3,112.5,0,0
5,6,8,4,4,157.5,0,0
5,6,8,4,5,202.5,0,0
5,6,8,4,6,247.5,0,0
5,6,8,4,7,292.5,0,0
5,6,8,4,8,337.5,0,0
5,6,8,5,1,22.5,0,0
5,6,8,5,2,67.5,0,0
5,6,8,5,3,112.5,0,0
5,6,8,5,4,157.5,0,0
5,6,8,5,5,202.5,0,0
5,6,8,5,6,247.5,0,0
5,6,8,5,7,292.5,0,0
5,6,8,5,8,337.5,0,0
5,6,8,6,1,22.5,0,0
5,6,8,6,2,67.5,0,0
5,6,8,6,3,112.5,0,0
5,6,8,6,4,157.5,0,0
5,6,8,6,5,202.5,0,0
5,6,8,6,6,247.5,0,0
5,6,8,6,7,292.5,0,0
5,6,8,6,8,337.5,0,0
5,6,8,7,1,22.5,0,0
5,6,8,7,2,67.5,0,0
5,6,8,7,3,112.5,0,0
5,6,8,7,4,157.5,0,0
5,6,8,7,5,202.5,0,0
5,6,8,7,6,247.5,0,0
5,6,8,7,7,292.5,0,0
5,6,8,7,8,337.5,0,0
5,6,8,8,1,22.5,0,0
5,6,8,8,2,67.5,0,0
5,6,8,8,3,112.5,0,0
5,6,8,8,4,157.5,0,0
5,6,8,8,5,202.5,0,0
5,6,8,8,6,247.5,0,0
5,6,8,8,7,292.5,0,0
5,6,8,8,8,337.5,0,0
5,6,8,9,1,22.5,0,0
5,6,8,9,2,67.5,0,0
5,6,8,9,3,112.5,0,0
5,6,8,9,4,157.5,0,0
5,6,8,9,5,202.5,0,0
5,6,8,9,6,247.5,0,0
5,6,8,9,7,292.5,0,0
5,6,8,9,8,337.5,0,0
5,6,8,10,1,22.5,0,0
5,6,8,10,2,67.5,0,0
5,6,8,10,3,112.5,0,0
5,6,8,10,4,157.5,0,0
5,6,8,10,5,202.5,0,0
5,6,8,10,6,247.5,0,0
5,6,8,10,7,292.5,0,0
5,6,8,10,8,337.5,0,0
5,6,8,11,1,22.5,0,0
5,6,8,11,2,67.5,0,0
5,6,8,11,3,112.5,0,0
5,6,8,11,4,157.5,0,0
5,6,8,11,5,202.5,0,0
5,6,8,11,6,247.5,0,0
5,6,8,11,7,292.5,0,0
5,6,8,11,8,337.5,0,0
6,7,1,1,1,22.5,1.44711e+06,0
6,7,1,1,2,67.5,1.45273e+06,0
6,7,1,1,3,112.5,1.45141e+06,0
6,7,1,1,4,157.5,1.44948e+06,0
6,7,1,1,5,202.5,1.45039e+06,0
6,7,1,1,6,247.5,1.45327e+06,0
6,7,1,1,7,292.5,1.45121e+06,0
6,7,1,1,8,337.5,1.4495e+06,0
6,7,1,2,1,22.5,455517,0
6,7,1,2,2,67.5,454848,0
6,7,1,2,3,112.5,455962,0
6,7,1,2,4,157.5,454782,0
6,7,1,2,5,202.5,454836,0
6,7,1,2,6,247.5,456203,0
6,7,1,2,7,292.5,455844,0
6,7,1,2,8,337.5,454318,0
6,7,1,3,1,22.5,175728,0
6,7,1,3,2,67.5,176800,0
6,7,1,3,3,112.5,176863,0
6,7,1,3,4,157.5,175679,0
6,7,1,3,5,202.5,176598,0
6,7,1,3,6,247.5,176625,0
6,7,1,3,7,292.5,177299,0
6,7,1,3,8,337.5,176211,0
6,7,1,4,1,22.5,68314,0
6,7,1,4,2,67.5,67867,0
6,7,1,4,3,112.5,67934,0
6,7,1,4,4,157.5,67971,0
6,7,1,4,5,202.5,67918,0
6,7,1,4,6,247.5,68263,0
6,7,1,4,7,292.5,67934,0
6,7,1,4,8,337.5,68085,0
6,7,1,5,1,22.5,27637,0
6,7,1,5,2,67.5,27677,0
6,7,1,5,3,112.5,27234,0
6,7,1,5,4,157.5,27351,0
6,7,1,5,5,202.5,27419,0
6,7,1,5,6,247.5,27432,0
6,7,1,5,7,292.5,27679,0
6,7,1,5,8,337.5,27415,0
6,7,1,6,1,22.5,805,0
6,7,1,6,2,67.5,841,0
6,7,1,6,3,112.5,795,0
6,7,1,6,4,157.5,824,0
6,7,1,6,5,202.5,824,0
6,7,1,6,6,247.5,841,0
6,7,1,6,7,292.5,837,0
6,7,1,6,8,337.5,793,0
6,7,1,7,1,22.5,0,0
6,7,1,7,2,67.5,0,0
6,7,1,7,3,112.5,0,0
6,7,1,7,4,157.5,0,0
6,7,1,7,5,202.5,0,0
6,7,1,7,6,247.5,0,0
6,7,1,7,7,292.5,0,0
6,7,1,7,8,337.5,0,0
6,7,1,8,1,22.5,0,0
6,7,1,8,2,67.5,0,0
6,7,1,8,3,112.5,0,0
6,7,1,8,4,157.5,0,0
6,7,1,8,5,202.5,0,0
6,7,1,8,6,247.5,0,0
6,7,1,8,7,292.5,0,0
6,7,1,8,8,337.5,0,0
6,7,1,9,1,22.5,0,0
6,7,1,9,2,67.5,0,0
6,7,1,9,3,112.5,0,0
6,7,1,9,4,157.5,0,0
6,7,1,9,5,202.5,0,0
6,7,1,9,6,247.5,0,0
6,7,1,9,7,292.5,0,0
6,7,1,9,8,337.5,0,0
6,7,1,10,1,22.5,0,0
6,7,1,10,2,67.5,0,0
6,7,1,10,3,112.5,0,0
6,7,1,10,4,157.5,0,0
6,7,1,10,5,202.5,0,0
6,7,1,10,6,247.5,0,0
6,7,1,10,7,292.5,0,0
6,7,1,10,8,337.5,0,0
6,7,1,11,1,22.5,0,0
6,7,1,11,2,67.5,0,0
6,7,1,11,3,112.5,0,0
6,7,1,11,4,157.5,0,0
6,7,1,11,5,202.5,0,0
6,7,1,11,6,247.5,0,0
6,7,1,11,7,292.5,0,0
6,7,1,11,8,337.5,0,0
6,7,2,1,1,22.5,241158,15.7822
6,7,2,1,2,67.5,240495,60.2424
6,7,2,1,3,112.5,240927,28.8282
6,7,2,1,4,157.5,240398,25.9915
6,7,2,1,5,202.5,240009,22.9837
6,7,2,1,6,247.5,239582,30.5883
6,7,2,1,7,292.5,241039,37.4088
6,7,2,1,8,337.5,241226,20.5932
6,7,2,2,1,22.5,171152,0
6,7,2,2,2,67.5,171515,15.2941
6,7,2,2,3,112.5,170597,12.2176
6,7,2,2,4,157.5,170369,0
6,7,2,2,5,202.5,170148,0
6,7,2,2,6,247.5,170290,10.3523
6,7,2,2,7,292.5,170359,18.9703
6,7,2,2,8,337.5,171012,5.24606
6,7,2,3,1,22.5,113003,5.26838
6,7,2,3,2,67.5,114017,13.4374
6,7,2,3,3,112.5,112812,4.54042
6,7,2,3,4,157.5,111949,0
6,7,2,3,5,202.5,112090,0
6,7,2,3,6,247.5,112194,4.49863
6,7,2,3,7,292.5,112742,15.5339
6,7,2,3,8,337.5,112942,6.99524
6,7,2,4,1,22.5,73819,8.71917
6,7,2,4,2,67.5,73815,7.56116
6,7,2,4,3,112.5,74150,0
6,7,2,4,4,157.5,73150,0
6,7,2,4,5,202.5,73304,0
6,7,2,4,6,247.5,73721,0
6,7,2,4,7,292.5,73546,9.70717
6,7,2,4,8,337.5,73727,5.2851
6,7,2,5,1,22.5,70445,5.61774
6,7,2,5,2,67.5,70965,9.31992
6,7,2,5,3,112.5,70425,0
6,7,2,5,4,157.5,69755,0
6,7,2,5,5,202.5,70228,0
6,7,2,5,6,247.5,70044,0
6,7,2,5,7,292.5,70485,9.1903
6,7,2,5,8,337.5,70124,4.81233
6,7,2,6,1,22.5,14881,0
6,7,2,6,2,67.5,14858,0
6,7,2,6,3,112.5,14773,0
6,7,2,6,4,157.5,14510,0
6,7,2,6,5,202.5,14613,0
6,7,2,6,6,247.5,14579,0
6,7,2,6,7,292.5,14677,0
6,7,2,6,8,337.5,14879,0
6,7,2,7,1,22.5,1136,0
6,7,2,7,2,67.5,1152,0
6,7,2,7,3,112.5,1126,0
6,7,2,7,4,157.5,1113,0
6,7,2,7,5,202.5,1113,0
6,7,2,7,6,247.5,1105,0
6,7,2,7,7,292.5,1130,0
6,7,2,7,8,337.5,1071,0
6,7,2,8,1,22.5,9,0
6,7,2,8,2,67.5,4,0
6,7,2,8,3,112.5,6,0
6,7,2,8,4,157.5,3,0
6,7,2,8,5,202.5,2,0
6,7,2,8,6,247.5,6,0
6,7,2,8,7,292.5,5,0
6,7,2,8,8,337.5,4,0
6,7,2,9,1,22.5,0,0
6,7,2,9,2,67.5,0,0
6,7,2,9,3,112.5,0,0
6,7,2,9,4,157.5,0,0
6,7,2,9,5,202.5,0,0
6,7,2,9,6,247.5,0,0
6,7,2,9,7,292.5,0,0
6,7,2,9,8,337.5,0,0
6,7,2,10,1,22.5,0,0
6,7,2,10,2,67.5,0,0
6,7,2,10,3,112.5,0,0
6,7,2,10,4,157.5,0,0
6,7,2,10,5,202.5,0,0
6,7,2,10,6,247.5,0,0
6,7,2,10,7,292.5,0,0
6,7,2,10,8,337.5,0,0
6,7,2,11,1,22.5,0,0
6,7,2,11,2,67.5,0,0
6,7,2,11,3,112.5,0,0
6,7,2,11,4,157.5,0,0
6,7,2,11,5,202.5,0,0
6,7,2,11,6,247.5,0,0
6,7,2,11,7,292.5,0,0
6,7,2,11,8,337.5,0,0
6,7,3,1,1,22.5,127511,79.3637
6,7,3,1,2,67.5,127467,113.016
6,7,3,1,3,112.5,127427,108.889
6,7,3,1,4,157.5,126809,128.469
6,7,3,1,5,202.5,126592,125.999
6,7,3,1,6,247.5,127425,125.882
6,7,3,1,7,292.5,127891,117.657
6,7,3,1,8,337.5,127475,89.2169
6,7,3,2,1,22.5,94341,53.3035
6,7,3,2,2,67.5,94880,74.2973
6,7,3,2,3,112.5,93899,57.9687
6,7,3,2,4,157.5,93694,33.3839
6,7,3,2,5,202.5,93029,32.3955
6,7,3,2,6,247.5,94025,57.118
6,7,3,2,7,292.5,94854,67.443
6,7,3,2,8,337.5,94922,48.3151
6,7,3,3,1,22.5,67855,26.0483
6,7,3,3,2,67.5,67988,50.6207
6,7,3,3,3,112.5,67648,32.2611
6,7,3,3,4,157.5,66836,20.4176
6,7,3,3,5,202.5,67051,12.9853
6,7,3,3,6,247.5,67865,32.3629
6,7,3,3,7,292.5,68345,57.3711
6,7,3,3,8,337.5,67535,26.3704
6,7,3,4,1,22.5,48038,23.8382
6,7,3,4,2,67.5,47697,46.5399
6,7,3,4,3,112.5,47080,15.7239
6,7,3,4,4,157.5,47078,0
6,7,3,4,5,202.5,46933,0
6,7,3,4,6,247.5,47429,17.7041
6,7,3,4,7,292.5,47669,50.7786
6,7,3,4,8,337.5,47909,27.9693
6,7,3,5,1,22.5,51286,31.5528
6,7,3,5,2,67.5,51967,50.3313
6,7,3,5,3,112.5,51730,10.1479
6,7,3,5,4,157.5,50387,5.77796
6,7,3,5,5,202.5,51180,0
6,7,3,5,6,247.5,51233,12.0411
6,7,3,5,7,292.5,51882,48.7898
6,7,3,5,8,337.5,51655,30.779
6,7,3,6,1,22.5,16663,14.9097
6,7,3,6,2,67.5,16352,24.1661
6,7,3,6,3,112.5,16333,0
6,7,3,6,4,157.5,16090,0
6,7,3,6,5,202.5,16224,0
6,7,3,6,6,247.5,16666,0
6,7,3,6,7,292.5,16728,22.3003
6,7,3,6,8,337.5,16523,14.1701
6,7,3,7,1,22.5,3011,4.04008
6,7,3,7,2,67.5,3040,9.45884
6,7,3,7,3,112.5,3020,0
6,7,3,7,4,157.5,2993,0
6,7,3,7,5,202.5,2972,0
6,7,3,7,6,247.5,3050,0
6,7,3,7,7,292.5,2995,6.57014
6,7,3,7,8,337.5,3168,4.15704
6,7,3,8,1,22.5,170,0
6,7,3,8,2,67.5,148,0
6,7,3,8,3,112.5,148,0
6,7,3,8,4,157.5,168,0
6,7,3,8,5,202.5,142,0
6,7,3,8,6,247.5,131,0
6,7,3,8,7,292.5,133,0
6,7,3,8,8,337.5,177,0
6,7,3,9,1,22.5,0,0
6,7,3,9,2,67.5,0,0
6,7,3,9,3,112.5,0,0
6,7,3,9,4,157.5,0,0
6,7,3,9,5,202.5,0,0
6,7,3,9,6,247.5,0,0
6,7,3,9,7,292.5,0,0
6,7,3,9,8,337.5,0,0
6,7,3,10,1,22.5,0,0
6,7,3,10,2,67.5,0,0
6,7,3,10,3,112.5,0,0
6,7,3,10,4,157.5,0,0
6,7,3,10,5,202.5,0,0
6,7,3,10,6,247.5,0,0
6,7,3,10,7,292.5,0,0
6,7,3,10,8,337.5,0,0
6,7,3,11,1,22.5,0,0
6,7,3,11,2,67.5,0,0
6,7,3,11,3,112.5,0,0
6,7,3,11,4,157.5,0,0
6,7,3,11,5,202.5,0,0
6,7,3,11,6,247.5,0,0
6,7,3,11,7,292.5,0,0
6,7,3,11,8,337.5,0,0
6,7,4,1,1,22.5,73083,98.237
6,7,4,1,2,67.5,73433,105.469
6,7,4,1,3,112.5,72759,144.514
6,7,4,1,4,157.5,72805,142.644
6,7,4,1,5,202.5,72824,142.803
6,7,4,1,6,247.5,72423,113.89
6,7,4,1,7,292.5,72884,102.724
6,7,4,1,8,337.5,73039,96.31
6,7,4,2,1,22.5,55150,60.8354
6,7,4,2,2,67.5,55352,73.3678
6,7,4,2,3,112.5,54984,69.5331
6,7,4,2,4,157.5,55004,65.4768
6,7,4,2,5,202.5,54502,57.4257
6,7,4,2,6,247.5,55134,65.2172
6,7,4,2,7,292.5,55333,70.7665
6,7,4,2,8,337.5,55341,65.0159
6,7,4,3,1,22.5,40614,42.7658
6,7,4,3,2,67.5,40334,51.9835
6,7,4,3,3,112.5,40517,46.6015
6,7,4,3,4,157.5,39782,26.5707
6,7,4,3,5,202.5,40027,26.1372
6,7,4,3,6,247.5,40163,44.2067
6,7,4,3,7,292.5,40679,57.443
6,7,4,3,8,337.5,40300,37.2642
6,7,4,4,1,22.5,28186,24.4542
6,7,4,4,2,67.5,28530,46.4048
6,7,4,4,3,112.5,27996,30.2966
6,7,4,4,4,157.5,27726,9.89652
6,7,4,4,5,202.5,27915,10.8813
6,7,4,4,6,247.5,27907,30.5342
6,7,4,4,7,292.5,28210,60.3188
6,7,4,4,8,337.5,27994,23.6331
6,7,4,5,1,22.5,29727,24.9965
6,7,4,5,2,67.5,29858,60.205
6,7,4,5,3,112.5,29042,25.1231
6,7,4,5,4,157.5,29104,0
6,7,4,5,5,202.5,29098,0
6,7,4,5,6,247.5,29212,28.9935
6,7,4,5,7,292.5,29871,69.021
6,7,4,5,8,337.5,29599,25.6951
6,7,4,6,1,22.5,9108,16.4143
6,7,4,6,2,67.5,9035,36.5869
6,7,4,6,3,112.5,8959,10.5814
6,7,4,6,4,157.5,8673,0
6,7,4,6,5,202.5,8783,0
6,7,4,6,6,247.5,8989,12.9401
6,7,4,6,7,292.5,9273,35.6003
6,7,4,6,8,337.5,8848,17.0863
6,7,4,7,1,22.5,1533,0
6,7,4,7,2,67.5,1583,16.3286
6,7,4,7,3,112.5,1530,4.18633
6,7,4,7,4,157.5,1473,0
6,7,4,7,5,202.5,1423,0
6,7,4,7,6,247.5,1482,0
6,7,4,7,7,292.5,1544,15.8427
6,7,4,7,8,337.5,1563,5.95686
6,7,4,8,1,22.5,80,0
6,7,4,8,2,67.5,55,5.48954
6,7,4,8,3,112.5,60,0
6,7,4,8,4,157.5,59,0
6,7,4,8,5,202.5,53,0
6,7,4,8,6,247.5,59,0
6,7,4,8,7,292.5,51,0
6,7,4,8,8,337.5,69,0
6,7,4,9,1,22.5,0,0
6,7,4,9,2,67.5,0,0
6,7,4,9,3,112.5,0,0
6,7,4,9,4,157.5,0,0
6,7,4,9,5,202.5,0,0
6,7,4,9,6,247.5,0,0
6,7,4,9,7,292.5,0,0
6,7,4,9,8,337.5,0,0
6,7,4,10,1,22.5,0,0
6,7,4,10,2,67.5,0,0
6,7,4,10,3,112.5,0,0
6,7,4,10,4,157.5,0,0
6,7,4,10,5,202.5,0,0
6,7,4,10,6,247.5,0,0
6,7,4,10,7,292.5,0,0
6,7,4,10,8,337.5,0,0
6,7,4,11,1,22.5,0,0
6,7,4,11,2,67.5,0,0
6,7,4,11,3,112.5,0,0
6,7,4,11,4,157.5,0,0
6,7,4,11,5,202.5,0,0
6,7,4,11,6,247.5,0,0
6,7,4,11,7,292.5,0,0
6,7,4,11,8,337.5,0,0
6,7,5,1,1,22.5,37056,102.169
6,7,5,1,2,67.5,37229,106.573
6,7,5,1,3,112.5,36649,117.887
6,7,5,1,4,157.5,36781,122.879
6,7,5,1,5,202.5,37002,114.391
6,7,5,1,6,247.5,36911,90.0104
6,7,5,1,7,292.5,37262,75.273
6,7,5,1,8,337.5,36748,86.1661
6,7,5,2,1,22.5,26697,45.8003
6,7,5,2,2,67.5,26462,48.2643
6,7,5,2,3,112.5,26470,69.2478
6,7,5,2,4,157.5,25801,73.4126
6,7,5,2,5,202.5,26441,68.4375
6,7,5,2,6,247.5,26246,49.4808
6,7,5,2,7,292.5,26559,44.5592
6,7,5,2,8,337.5,26702,44.6799
6,7,5,3,1,22.5,17683,31.188
6,7,5,3,2,67.5,17864,33.6838
6,7,5,3,3,112.5,17780,44.9115
6,7,5,3,4,157.5,17673,42.3111
6,7,5,3,5,202.5,17873,37.6793
6,7,5,3,6,247.5,17814,32.5159
6,7,5,3,7,292.5,17951,35.0699
6,7,5,3,8,337.5,17766,32.0848
6,7,5,4,1,22.5,11106,20.6914
6,7,5,4,2,67.5,11236,25.0823
6,7,5,4,3,112.5,10981,28.5724
6,7,5,4,4,157.5,10909,22.8642
6,7,5,4,5,202.5,10948,20.3966
6,7,5,4,6,247.5,10890,24.2221
6,7,5,4,7,292.5,11012,32.4934
6,7,5,4,8,337.5,11337,20.1523
6,7,5,5,1,22.5,9145,16.2719
6,7,5,5,2,67.5,9327,30.0637
6,7,5,5,3,112.5,9133,21.5641
6,7,5,5,4,157.5,9008,11.7727
6,7,5,5,5,202.5,8917,11.1592
6,7,5,5,6,247.5,8965,22.1972
6,7,5,5,7,292.5,9289,42.3245
6,7,5,5,8,337.5,9030,14.8503
6,7,5,6,1,22.5,1639,0
6,7,5,6,2,67.5,1623,17.9545
6,7,5,6,3,112.5,1659,7.46236
6,7,5,6,4,157.5,1573,0
6,7,5,6,5,202.5,1619,0
6,7,5,6,6,247.5,1659,10.4164
6,7,5,6,7,292.5,1635,23.5004
6,7,5,6,8,337.5,1648,4.91111
6,7,5,7,1,22.5,92,0
6,7,5,7,2,67.5,111,4.69984
6,7,5,7,3,112.5,90,0
6,7,5,7,4,157.5,103,0
6,7,5,7,5,202.5,106,0
6,7,5,7,6,247.5,88,0
6,7,5,7,7,292.5,115,6.70361
6,7,5,7,8,337.5,94,0
6,7,5,8,1,22.5,0,0
6,7,5,8,2,67.5,1,0
6,7,5,8,3,112.5,0,0
6,7,5,8,4,157.5,0,0
6,7,5,8,5,202.5,0,0
6,7,5,8,6,247.5,0,0
6,7,5,8,7,292.5,0,0
6,7,5,8,8,337.5,0,0
6,7,5,9,1,22.5,0,0
6,7,5,9,2,67.5,0,0
6,7,5,9,3,112.5,0,0
6,7,5,9,4,157.5,0,0
6,7,5,9,5,202.5,0,0
6,7,5,9,6,247.5,0,0
6,7,5,9,7,292.5,0,0
6,7,5,9,8,337.5,0,0
6,7,5,10,1,22.5,0,0
6,7,5,10,2,67.5,0,0
6,7,5,10,3,112.5,0,0
6,7,5,10,4,157.5,0,0
6,7,5,10,5,202.5,0,0
6,7,5,10,6,247.5,0,0
6,7,5,10,7,292.5,0,0
6,7,5,10,8,337.5,0,0
6,7,5,11,1,22.5,0,0
6,7,5,11,2,67.5,0,0
6,7,5,11,3,112.5,0,0
6,7,5,11,4,157.5,0,0
6,7,5,11,5,202.5,0,0
6,7,5,11,6,247.5,0,0
6,7,5,11,7,292.5,0,0
6,7,5,11,8,337.5,0,0
6,7,6,1,1,22.5,9227,59.0916
6,7,6,1,2,67.5,9125,57.6741
6,7,6,1,3,112.5,8961,63.1776
6,7,6,1,4,157.5,8693,63.5375
6,7,6,1,5,202.5,8981,59.7177
6,7,6,1,6,247.5,9014,49.36
6,7,6,1,7,292.5,9069,41.4493
6,7,6,1,8,337.5,9107,47.4496
6,7,6,2,1,22.5,4780,27.088
6,7,6,2,2,67.5,4655,25.783
6,7,6,2,3,112.5,4651,36.9177
6,7,6,2,4,157.5,4559,41.8202
6,7,6,2,5,202.5,4562,37.7885
6,7,6,2,6,247.5,4767,24.2159
6,7,6,2,7,292.5,4769,15.3209
6,7,6,2,8,337.5,4859,20.4313
6,7,6,3,1,22.5,2134,11.5089
6,7,6,3,2,67.5,2118,11.4255
6,7,6,3,3,112.5,2143,20.1745
6,7,6,3,4,157.5,2127,27.4026
6,7,6,3,5,202.5,2043,21.2618
6,7,6,3,6,247.5,2085,10.539
6,7,6,3,7,292.5,2103,7.82219
6,7,6,3,8,337.5,2215,16.3448
6,7,6,4,1,22.5,793,0
6,7,6,4,2,67.5,816,0
6,7,6,4,3,112.5,827,9.94485
6,7,6,4,4,157.5,784,12.0142
6,7,6,4,5,202.5,731,10.072
6,7,6,4,6,247.5,857,4.72126
6,7,6,4,7,292.5,814,0
6,7,6,4,8,337.5,855,3.77595
6,7,6,5,1,22.5,304,0
6,7,6,5,2,67.5,296,0
6,7,6,5,3,112.5,276,0
6,7,6,5,4,157.5,272,6.23797
6,7,6,5,5,202.5,269,6.84717
6,7,6,5,6,247.5,256,0
6,7,6,5,7,292.5,286,7.35083
6,7,6,5,8,337.5,280,0
6,7,6,6,1,22.5,2,0
6,7,6,6,2,67.5,4,0
6,7,6,6,3,112.5,2,0
6,7,6,6,4,157.5,2,0
6,7,6,6,5,202.5,3,0
6,7,6,6,6,247.5,2,0
6,7,6,6,7,292.5,0,0
6,7,6,6,8,337.5,3,0
6,7,6,7,1,22.5,0,0
6,7,6,7,2,67.5,0,0
6,7,6,7,3,112.5,0,0
6,7,6,7,4,157.5,0,0
6,7,6,7,5,202.5,0,0
6,7,6,7,6,247.5,0,0
6,7,6,7,7,292.5,0,0
6,7,6,7,8,337.5,0,0
6,7,6,8,1,22.5,0,0
6,7,6,8,2,67.5,0,0
6,7,6,8,3,112.5,0,0
6,7,6,8,4,157.5,0,0
6,7,6,8,5,202.5,0,0
6,7,6,8,6,247.5,0,0
6,7,6,8,7,292.5,0,0
6,7,6,8,8,337.5,0,0
6,7,6,9,1,22.5,0,0
6,7,6,9,2,67.5,0,0
6,7,6,9,3,112.5,0,0
6,7,6,9,4,157.5,0,0
6,7,6,9,5,202.5,0,0
6,7,6,9,6,247.5,0,0
6,7,6,9,7,292.5,0,0
6,7,6,9,8,337.5,0,0
6,7,6,10,1,22.5,0,0
6,7,6,10,2,67.5,0,0
6,7,6,10,3,112.5,0,0
6,7,6,10,4,157.5,0,0
6,7,6,10,5,202.5,0,0
6,7,6,10,6,247.5,0,0
6,7,6,10,7,292.5,0,0
6,7,6,10,8,337.5,0,0
6,7,6,11,1,22.5,0,0
6,7,6,11,2,67.5,0,0
6,7,6,11,3,112.5,0,0
6,7,6,11,4,157.5,0,0
6,7,6,11,5,202.5,0,0
6,7,6,11,6,247.5,0,0
6,7,6,11,7,292.5,0,0
6,7,6,11,8,337.5,0,0
6,7,7,1,1,22.5,130.71,12.9959
6,7,7,1,2,67.5,104.954,10.9116
6,7,7,1,3,112.5,126.298,11.9778
6,7,7,1,4,157.5,96.2994,10.8478
6,7,7,1,5,202.5,68.7392,8.79555
6,7,7,1,6,247.5,39.0932,6.6447
6,7,7,1,7,292.5,38.4766,6.77919
6,7,7,1,8,337.5,105.726,11.5776
6,7,7,2,1,22.5,49.5174,7.46225
6,7,7,2,2,67.5,29.0227,5.77951
6,7,7,2,3,112.5,32.1837,6.22399
6,7,7,2,4,157.5,30.6256,6.06909
6,7,7,2,5,202.5,21.5749,5.1403
6,7,7,2,6,247.5,0,0
6,7,7,2,7,292.5,0,0
6,7,7,2,8,337.5,0,0
6,7,7,3,1,22.5,0,0
6,7,7,3,2,67.5,8.51643,3.28549
6,7,7,3,3,112.5,9.98511,3.28818
6,7,7,3,4,157.5,21.7803,5.16236
6,7,7,3,5,202.5,11.2009,3.66735
6,7,7,3,6,247.5,0,0
6,7,7,3,7,292.5,0,0
6,7,7,3,8,337.5,0,0
6,7,7,4,1,22.5,0,0
6,7,7,4,2,67.5,0,0
6,7,7,4,3,112.5,0,0
6,7,7,4,4,157.5,0,0
6,7,7,4,5,202.5,0,0
6,7,7,4,6,247.5,0,0
6,7,7,4,7,292.5,0,0
6,7,7,4,8,337.5,0,0
6,7,7,5,1,22.5,0,0
6,7,7,5,2,67.5,0,0
6,7,7,5,3,112.5,0,0
6,7,7,5,4,157.5,0,0
6,7,7,5,5,202.5,0,0
6,7,7,5,6,247.5,0,0
6,7,7,5,7,292.5,0,0
6,7,7,5,8,337.5,0,0
6,7,7,6,1,22.5,0,0
6,7,7,6,2,67.5,0,0
6,7,7,6,3,112.5,0,0
6,7,7,6,4,157.5,0,0
6,7,7,6,5,202.5,0,0
6,7,7,6,6,247.5,0,0
6,7,7,6,7,292.5,0,0
6,7,7,6,8,337.5,0,0
6,7,7,7,1,22.5,0,0
6,7,7,7,2,67.5,0,0
6,7,7,7,3,112.5,0,0
6,7,7,7,4,157.5,0,0
6,7,7,7,5,202.5,0,0
6,7,7,7,6,247.5,0,0
6,7,7,7,7,292.5,0,0
6,7,7,7,8,337.5,0,0
6,7,7,8,1,22.5,0,0
6,7,7,8,2,67.5,0,0
6,7,7,8,3,112.5,0,0
6,7,7,8,4,157.5,0,0
6,7,7,8,5,202.5,0,0
6,7,7,8,6,247.5,0,0
6,7,7,8,7,292.5,0,0
6,7,7,8,8,337.5,0,0
6,7,7,9,1,22.5,0,0
6,7,7,9,2,67.5,0,0
6,7,7,9,3,112.5,0,0
6,7,7,9,4,157.5,0,0
6,7,7,9,5,202.5,0,0
6,7,7,9,6,247.5,0,0
6,7,7,9,7,292.5,0,0
6,7,7,9,8,337.5,0,0
6,7,7,10,1,22.5,0,0
6,7,7,10,2,67.5,0,0
6,7,7,10,3,112.5,0,0
6,7,7,10,4,157.5,0,0
6,7,7,10,5,202.5,0,0
6,7,7,10,6,247.5,0,0
6,7,7,10,7,292.5,0,0
6,7,7,10,8,337.5,0,0
6,7,7,11,1,22.5,0,0
6,7,7,11,2,67.5,0,0
6,7,7,11,3,112.5,0,0
6,7,7,11,4,157.5,0,0
6,7,7,11,5,202.5,0,0
6,7,7,11,6,247.5,0,0
6,7,7,11,7,292.5,0,0
6,7,7,11,8,337.5,0,0
6,7,8,1,1,22.5,0,0
6,7,8,1,2,67.5,0,0
6,7,8,1,3,112.5,13.596,4.64375
6,7,8,1,4,157.5,0,0
6,7,8,1,5,202.5,0,0
6,7,8,1,6,247.5,0,0
6,7,8,1,7,292.5,0,0
6,7,8,1,8,337.5,12.5286,4.17467
6,7,8,2,1,22.5,0,0
6,7,8,2,2,67.5,0,0
6,7,8,2,3,112.5,0,0
6,7,8,2,4,157.5,0,0
6,7,8,2,5,202.5,0,0
6,7,8,2,6,247.5,0,0
6,7,8,2,7,292.5,0,0
6,7,8,2,8,337.5,0,0
6,7,8,3,1,22.5,12.326,4.0985
6,7,8,3,2,67.5,0,0
6,7,8,3,3,112.5,0,0
6,7,8,3,4,157.5,0,0
6,7,8,3,5,202.5,0,0
6,7,8,3,6,247.5,0,0
6,7,8,3,7,292.5,0,0
6,7,8,3,8,337.5,0,0
6,7,8,4,1,22.5,0,0
6,7,8,4,2,67.5,0,0
6,7,8,4,3,112.5,0,0
6,7,8,4,4,157.5,0,0
6,7,8,4,5,202.5,0,0
6,7,8,4,6,247.5,0,0
6,7,8,4,7,292.5,0,0
6,7,8,4,8,337.5,0,0
6,7,8,5,1,22.5,0,0
6,7,8,5,2,67.5,0,0
6,7,8,5,3,112.5,0,0
6,7,8,5,4,157.5,0,0
6,7,8,5,5,202.5,0,0
6,7,8,5,6,247.5,0,0
6,7,8,5,7,292.5,0,0
6,7,8,5,8,337.5,0,0
6,7,8,6,1,22.5,0,0
6,7,8,6,2,67.5,0,0
6,7,8,6,3,112.5,0,0
6,7,8,6,4,157.5,0,0
6,7,8,6,5,202.5,0,0
6,7,8,6,6,247.5,0,0
6,7,8,6,7,292.5,0,0
6,7,8,6,8,337.5,0,0
6,7,8,7,1,22.5,0,0
6,7,8,7,2,67.5,0,0
6,7,8,7,3,112.5,0,0
6,7,8,7,4,157.5,0,0
6,7,8,7,5,202.5,0,0
6,7,8,7,6,247.5,0,0
6,7,8,7,7,292.5,0,0
6,7,8,7,8,337.5,0,0
6,7,8,8,1,22.5,0,0
6,7,8,8,2,67.5,0,0
6,7,8,8,3,112.5,0,0
6,7,8,8,4,157.5,0,0
6,7,8,8,5,202.5,0,0
6,7,8,8,6,247.5,0,0
6,7,8,8,7,292.5,0,0
6,7,8,8,8,337.5,0,0
6,7,8,9,1,22.5,0,0
6,7,8,9,2,67.5,0,0
6,7,8,9,3,112.5,0,0
6,7,8,9,4,157.5,0,0
6,7,8,9,5,202.5,0,0
6,7,8,9,6,247.5,0,0
6,7,8,9,7,292.5,0,0
6,7,8,9,8,337.5,0,0
6,7,8,10,1,22.5,0,0
6,7,8,10,2,67.5,0,0
6,7,8,10,3,112.5,0,0
6,7,8,10,4,157.5,0,0
6,7,8,10,5,202.5,0,0
6,7,8,10,6,247.5,0,0
6,7,8,10,7,292.5,0,0
6,7,8,10,8,337.5,0,0
6,7,8,11,1,22.5,0,0
6,7,8,11,2,67.5,0,0
6,7,8,11,3,112.5,0,0
6,7,8,11,4,157.5,0,0
6,7,8,11,5,202.5,0,0
6,7,8,11,6,247.5,0,0
6,7,8,11,7,292.5,0,0
6,7,8,11,8,337.5,0,0
7,8,1,1,1,22.5,531126,0
7,8,1,1,2,67.5,530583,0
7,8,1,1,3,112.5,532868,0
7,8,1,1,4,157.5,531190,0
7,8,1,1,5,202.5,530984,0
7,8,1,1,6,247.5,532736,0
7,8,1,1,7,292.5,531630,0
7,8,1,1,8,337.5,530279,0
7,8,1,2,1,22.5,155012,0
7,8,1,2,2,67.5,153978,0
7,8,1,2,3,112.5,155711,0
7,8,1,2,4,157.5,155307,0
7,8,1,2,5,202.5,154785,0
7,8,1,2,6,247.5,154564,0
7,8,1,2,7,292.5,155443,0
7,8,1,2,8,337.5,154860,0
7,8,1,3,1,22.5,46087,0
7,8,1,3,2,67.5,46141,0
7,8,1,3,3,112.5,45998,0
7,8,1,3,4,157.5,45802,0
7,8,1,3,5,202.5,46190,0
7,8,1,3,6,247.5,46173,0
7,8,1,3,7,292.5,46096,0
7,8,1,3,8,337.5,46052,0
7,8,1,4,1,22.5,10065,0
7,8,1,4,2,67.5,10311,0
7,8,1,4,3,112.5,10024,0
7,8,1,4,4,157.5,10031,0
7,8,1,4,5,202.5,10067,0
7,8,1,4,6,247.5,10144,0
7,8,1,4,7,292.5,10259,0
7,8,1,4,8,337.5,10249,0
7,8,1,5,1,22.5,1004,0
7,8,1,5,2,67.5,975,0
7,8,1,5,3,112.5,1002,0
7,8,1,5,4,157.5,935,0
7,8,1,5,5,202.5,931,0
7,8,1,5,6,247.5,969,0
7,8,1,5,7,292.5,954,0
7,8,1,5,8,337.5,938,0
7,8,1,6,1,22.5,0,0
7,8,1,6,2,67.5,0,0
7,8,1,6,3,112.5,0,0
7,8,1,6,4,157.5,0,0
7,8,1,6,5,202.5,0,0
7,8,1,6,6,247.5,0,0
7,8,1,6,7,292.5,0,0
7,8,1,6,8,337.5,0,0
7,8,1,7,1,22.5,0,0
7,8,1,7,2,67.5,0,0
7,8,1,7,3,112.5,0,0
7,8,1,7,4,157.5,0,0
7,8,1,7,5,202.5,0,0
7,8,1,7,6,247.5,0,0
7,8,1,7,7,292.5,0,0
7,8,1,7,8,337.5,0,0
7,8,1,8,1,22.5,0,0
7,8,1,8,2,67.5,0,0
7,8,1,8,3,112.5,0,0
7,8,1,8,4,157.5,0,0
7,8,1,8,5,202.5,0,0
7,8,1,8,6,247.5,0,0
7,8,1,8,7,292.5,0,0
7,8,1,8,8,337.5,0,0
7,8,1,9,1,22.5,0,0
7,8,1,9,2,67.5,0,0
7,8,1,9,3,112.5,0,0
7,8,1,9,4,157.5,0,0
7,8,1,9,5,202.5,0,0
7,8,1,9,6,247.5,0,0
7,8,1,9,7,292.5,0,0
7,8,1,9,8,337.5,0,0
7,8,1,10,1,22.5,0,0
7,8,1,10,2,67.5,0,0
7,8,1,10,3,112.5,0,0
7,8,1,10,4,157.5,0,0
7,8,1,10,5,202.5,0,0
7,8,1,10,6,247.5,0,0
7,8,1,10,7,292.5,0,0
7,8,1,10,8,337.5,0,0
7,8,1,11,1,22.5,0,0
7,8,1,11,2,67.5,0,0
7,8,1,11,3,112.5,0,0
7,8,1,11,4,157.5,0,0
7,8,1,11,5,202.5,0,0
7,8,1,11,6,247.5,0,0
7,8,1,11,7,292.5,0,0
7,8,1,11,8,337.5,0,0
7,8,2,1,1,22.5,106481,0
7,8,2,1,2,67.5,107277,0
7,8,2,1,3,112.5,107213,0
7,8,2,1,4,157.5,106557,0
7,8,2,1,5,202.5,106880,0
7,8,2,1,6,247.5,106443,0
7,8,2,1,7,292.5,106810,0
7,8,2,1,8,337.5,107294,0
7,8,2,2,1,22.5,73539,0
7,8,2,2,2,67.5,73477,0
7,8,2,2,3,112.5,72953,0
7,8,2,2,4,157.5,72970,0
7,8,2,2,5,202.5,72644,0
7,8,2,2,6,247.5,73259,0
7,8,2,2,7,292.5,73527,0
7,8,2,2,8,337.5,73450,0
7,8,2,3,1,22.5,44080,0
7,8,2,3,2,67.5,44334,0
7,8,2,3,3,112.5,43989,0
7,8,2,3,4,157.5,44070,0
7,8,2,3,5,202.5,43760,0
7,8,2,3,6,247.5,44333,0
7,8,2,3,7,292.5,44408,0
7,8,2,3,8,337.5,43953,0
7,8,2,4,1,22.5,25825,0
7,8,2,4,2,67.5,25350,0
7,8,2,4,3,112.5,25521,0
7,8,2,4,4,157.5,25693,0
7,8,2,4,5,202.5,25365,0
7,8,2,4,6,247.5,25227,0
7,8,2,4,7,292.5,25587,0
7,8,2,4,8,337.5,25455,0
7,8,2,5,1,22.5,11022,0
7,8,2,5,2,67.5,10883,0
7,8,2,5,3,112.5,11175,0
7,8,2,5,4,157.5,11022,0
7,8,2,5,5,202.5,10957,0
7,8,2,5,6,247.5,11024,0
7,8,2,5,7,292.5,10994,0
7,8,2,5,8,337.5,11004,0
7,8,2,6,1,22.5,148,0
7,8,2,6,2,67.5,158,0
7,8,2,6,3,112.5,160,0
7,8,2,6,4,157.5,116,0
7,8,2,6,5,202.5,165,0
7,8,2,6,6,247.5,149,0
7,8,2,6,7,292.5,145,0
7,8,2,6,8,337.5,145,0
7,8,2,7,1,22.5,0,0
7,8,2,7,2,67.5,0,0
7,8,2,7,3,112.5,0,0
7,8,2,7,4,157.5,0,0
7,8,2,7,5,202.5,0,0
7,8,2,7,6,247.5,0,0
7,8,2,7,7,292.5,0,0
7,8,2,7,8,337.5,0,0
7,8,2,8,1,22.5,0,0
7,8,2,8,2,67.5,0,0
7,8,2,8,3,112.5,0,0
7,8,2,8,4,157.5,0,0
7,8,2,8,5,202.5,0,0
7,8,2,8,6,247.5,0,0
7,8,2,8,7,292.5,0,0
7,8,2,8,8,337.5,0,0
7,8,2,9,1,22.5,0,0
7,8,2,9,2,67.5,0,0
7,8,2,9,3,112.5,0,0
7,8,2,9,4,157.5,0,0
7,8,2,9,5,202.5,0,0
7,8,2,9,6,247.5,0,0
7,8,2,9,7,292.5,0,0
7,8,2,9,8,337.5,0,0
7,8,2,10,1,22.5,0,0
7,8,2,10,2,67.5,0,0
7,8,2,10,3,112.5,0,0
7,8,2,10,4,157.5,0,0
7,8,2,10,5,202.5,0,0
7,8,2,10,6,247.5,0,0
7,8,2,10,7,292.5,0,0
7,8,2,10,8,337.5,0,0
7,8,2,11,1,22.5,0,0
7,8,2,11,2,67.5,0,0
7,8,2,11,3,112.5,0,0
7,8,2,11,4,157.5,0,0
7,8,2,11,5,202.5,0,0
7,8,2,11,6,247.5,0,0
7,8,2,11,7,292.5,0,0
7,8,2,11,8,337.5,0,0
7,8,3,1,1,22.5,54602,46.2812
7,8,3,1,2,67.5,54462,48.2627
7,8,3,1,3,112.5,54407,50.8902
7,8,3,1,4,157.5,54278,39.8633
7,8,3,1,5,202.5,53822,34.476
7,8,3,1,6,247.5,53877,38.1136
7,8,3,1,7,292.5,54081,52.1294
7,8,3,1,8,337.5,54373,48.0104
7,8,3,2,1,22.5,38381,26.1606
7,8,3,2,2,67.5,38154,34.8728
7,8,3,2,3,112.5,38040,14.5861
7,8,3,2,4,157.5,38200,0
7,8,3,2,5,202.5,38116,0
7,8,3,2,6,247.5,38182,18.7384
7,8,3,2,7,292.5,38292,31.2422
7,8,3,2,8,337.5,38180,24.7643
7,8,3,3,1,22.5,26236,12.7217
7,8,3,3,2,67.5,26464,19.5727
7,8,3,3,3,112.5,26076,4.5246
7,8,3,3,4,157.5,26188,0
7,8,3,3,5,202.5,25696,0
7,8,3,3,6,247.5,26070,4.66847
7,8,3,3,7,292.5,26548,23.6977
7,8,3,3,8,337.5,25984,13.6302
7,8,3,4,1,22.5,17054,6.70236
7,8,3,4,2,67.5,17281,17.8416
7,8,3,4,3,112.5,17112,0
7,8,3,4,4,157.5,17005,0
7,8,3,4,5,202.5,17170,0
7,8,3,4,6,247.5,17144,0
7,8,3,4,7,292.5,17273,19.5845
7,8,3,4,8,337.5,17041,10.5145
7,8,3,5,1,22.5,10223,10.1898
7,8,3,5,2,67.5,10209,15.3153
7,8,3,5,3,112.5,9908,0
7,8,3,5,4,157.5,10111,0
7,8,3,5,5,202.5,9929,0
7,8,3,5,6,247.5,10108,0
7,8,3,5,7,292.5,10171,15.8191
7,8,3,5,8,337.5,10125,11.5904
7,8,3,6,1,22.5,446,0
7,8,3,6,2,67.5,423,0
7,8,3,6,3,112.5,453,0
7,8,3,6,4,157.5,471,0
7,8,3,6,5,202.5,422,0
7,8,3,6,6,247.5,422,0
7,8,3,6,7,292.5,427,0
7,8,3,6,8,337.5,469,0
7,8,3,7,1,22.5,0,0
7,8,3,7,2,67.5,0,0
7,8,3,7,3,112.5,0,0
7,8,3,7,4,157.5,0,0
7,8,3,7,5,202.5,0,0
7,8,3,7,6,247.5,0,0
7,8,3,7,7,292.5,0,0
7,8,3,7,8,337.5,0,0
7,8,3,8,1,22.5,0,0
7,8,3,8,2,67.5,0,0
7,8,3,8,3,112.5,0,0
7,8,3,8,4,157.5,0,0
7,8,3,8,5,202.5,0,0
7,8,3,8,6,247.5,0,0
7,8,3,8,7,292.5,0,0
7,8,3,8,8,337.5,0,0
7,8,3,9,1,22.5,0,0
7,8,3,9,2,67.5,0,0
7,8,3,9,3,112.5,0,0
7,8,3,9,4,157.5,0,0
7,8,3,9,5,202.5,0,0
7,8,3,9,6,247.5,0,0
7,8,3,9,7,292.5,0,0
7,8,3,9,8,337.5,0,0
7,8,3,10,1,22.5,0,0
7,8,3,10,2,67.5,0,0
7,8,3,10,3,112.5,0,0
7,8,3,10,4,157.5,0,0
7,8,3,10,5,202.5,0,0
7,8,3,10,6,247.5,0,0
7,8,3,10,7,292.5,0,0
7,8,3,10,8,337.5,0,0
7,8,3,11,1,22.5,0,0
7,8,3,11,2,67.5,0,0
7,8,3,11,3,112.5,0,0
7,8,3,11,4,157.5,0,0
7,8,3,11,5,202.5,0,0
7,8,3,11,6,247.5,0,0
7,8,3,11,7,292.5,0,0
7,8,3,11,8,337.5,0,0
7,8,4,1,1,22.5,28555,60.5204
7,8,4,1,2,67.5,28577,65.5571
7,8,4,1,3,112.5,28642,78.6782
7,8,4,1,4,157.5,28257,64.7285
7,8,4,1,5,202.5,28468,51.3051
7,8,4,1,6,247.5,28364,55.8253
7,8,4,1,7,292.5,28749,58.0627
7,8,4,1,8,337.5,28545,57.551
7,8,4,2,1,22.5,20850,37.2068
7,8,4,2,2,67.5,20820,39.2621
7,8,4,2,3,112.5,20544,27.8694
7,8,4,2,4,157.5,20791,12.4125
7,8,4,2,5,202.5,20560,11.6885
7,8,4,2,6,247.5,20545,30.2153
7,8,4,2,7,292.5,20922,39.263
7,8,4,2,8,337.5,20946,38.2513
7,8,4,3,1,22.5,13722,22.7164
7,8,4,3,2,67.5,13679,28.2923
7,8,4,3,3,112.5,13586,15.5839
7,8,4,3,4,157.5,13606,0
7,8,4,3,5,202.5,13438,0
7,8,4,3,6,247.5,13593,16.7027
7,8,4,3,7,292.5,13550,28.2572
7,8,4,3,8,337.5,13606,22.3329
7,8,4,4,1,22.5,6840,11.6703
7,8,4,4,2,67.5,6680,19.8909
7,8,4,4,3,112.5,6658,6.18609
7,8,4,4,4,157.5,6738,0
7,8,4,4,5,202.5,6684,0
7,8,4,4,6,247.5,6775,9.15984
7,8,4,4,7,292.5,6817,24.967
7,8,4,4,8,337.5,6775,10.1227
7,8,4,5,1,22.5,3018,6.67218
7,8,4,5,2,67.5,3189,18.5053
7,8,4,5,3,112.5,3048,3.54533
7,8,4,5,4,157.5,2966,0
7,8,4,5,5,202.5,3012,0
7,8,4,5,6,247.5,3004,3.55513
7,8,4,5,7,292.5,3021,20.4784
7,8,4,5,8,337.5,3120,6.3304
7,8,4,6,1,22.5,59,0
7,8,4,6,2,67.5,67,4.66814
7,8,4,6,3,112.5,66,0
7,8,4,6,4,157.5,47,0
7,8,4,6,5,202.5,65,0
7,8,4,6,6,247.5,57,0
7,8,4,6,7,292.5,62,5.12907
7,8,4,6,8,337.5,49,0
7,8,4,7,1,22.5,0,0
7,8,4,7,2,67.5,0,0
7,8,4,7,3,112.5,0,0
7,8,4,7,4,157.5,0,0
7,8,4,7,5,202.5,0,0
7,8,4,7,6,247.5,0,0
7,8,4,7,7,292.5,0,0
7,8,4,7,8,337.5,0,0
7,8,4,8,1,22.5,0,0
7,8,4,8,2,67.5,0,0
7,8,4,8,3,112.5,0,0
7,8,4,8,4,157.5,0,0
7,8,4,8,5,202.5,0,0
7,8,4,8,6,247.5,0,0
7,8,4,8,7,292.5,0,0
7,8,4,8,8,337.5,0,0
7,8,4,9,1,22.5,0,0
7,8,4,9,2,67.5,0,0
7,8,4,9,3,112.5,0,0
7,8,4,9,4,157.5,0,0
7,8,4,9,5,202.5,0,0
7,8,4,9,6,247.5,0,0
7,8,4,9,7,292.5,0,0
7,8,4,9,8,337.5,0,0
7,8,4,10,1,22.5,0,0
7,8,4,10,2,67.5,0,0
7,8,4,10,3,112.5,0,0
7,8,4,10,4,157.5,0,0
7,8,4,10,5,202.5,0,0
7,8,4,10,6,247.5,0,0
7,8,4,10,7,292.5,0,0
7,8,4,10,8,337.5,0,0
7,8,4,11,1,22.5,0,0
7,8,4,11,2,67.5,0,0
7,8,4,11,3,112.5,0,0
7,8,4,11,4,157.5,0,0
7,8,4,11,5,202.5,0,0
7,8,4,11,6,247.5,0,0
7,8,4,11,7,292.5,0,0
7,8,4,11,8,337.5,0,0
7,8,5,1,1,22.5,11086,51.8571
7,8,5,1,2,67.5,11201,52.4398
7,8,5,1,3,112.5,11088,53.9791
7,8,5,1,4,157.5,11072,52.3796
7,8,5,1,5,202.5,11040,54.8754
7,8,5,1,6,247.5,11056,46.6057
7,8,5,1,7,292.5,11264,42.327
7,8,5,1,8,337.5,11418,43.3575
7,8,5,2,1,22.5,5433,20.6661
7,8,5,2,2,67.5,5373,22.1662
7,8,5,2,3,112.5,5445,27.2309
7,8,5,2,4,157.5,5486,19.0491
7,8,5,2,5,202.5,5623,16.836
7,8,5,2,6,247.5,5546,19.8808
7,8,5,2,7,292.5,5430,18.4896
7,8,5,2,8,337.5,5564,20.6919
7,8,5,3,1,22.5,2039,8.31061
7,8,5,3,2,67.5,1997,9.08382
7,8,5,3,3,112.5,2062,10.3757
7,8,5,3,4,157.5,2092,0
7,8,5,3,5,202.5,2040,0
7,8,5,3,6,247.5,1956,7.82621
7,8,5,3,7,292.5,2119,10.6709
7,8,5,3,8,337.5,2031,12.2874
7,8,5,4,1,22.5,542,3.86749
7,8,5,4,2,67.5,563,3.63329
7,8,5,4,3,112.5,553,0
7,8,5,4,4,157.5,564,0
7,8,5,4,5,202.5,568,0
7,8,5,4,6,247.5,576,3.45307
7,8,5,4,7,292.5,522,8.05369
7,8,5,4,8,337.5,561,3.44828
7,8,5,5,1,22.5,73,0
7,8,5,5,2,67.5,87,3.73045
7,8,5,5,3,112.5,80,0
7,8,5,5,4,157.5,83,0
7,8,5,5,5,202.5,86,0
7,8,5,5,6,247.5,70,0
7,8,5,5,7,292.5,79,8.36925
7,8,5,5,8,337.5,80,0
7,8,5,6,1,22.5,0,0
7,8,5,6,2,67.5,0,0
7,8,5,6,3,112.5,0,0
7,8,5,6,4,157.5,0,0
7,8,5,6,5,202.5,0,0
7,8,5,6,6,247.5,0,0
7,8,5,6,7,292.5,0,0
7,8,5,6,8,337.5,0,0
7,8,5,7,1,22.5,0,0
7,8,5,7,2,67.5,0,0
7,8,5,7,3,112.5,0,0
7,8,5,7,4,157.5,0,0
7,8,5,7,5,202.5,0,0
7,8,5,7,6,247.5,0,0
7,8,5,7,7,292.5,0,0
7,8,5,7,8,337.5,0,0
7,8,5,8,1,22.5,0,0
7,8,5,8,2,67.5,0,0
7,8,5,8,3,112.5,0,0
7,8,5,8,4,157.5,0,0
7,8,5,8,5,202.5,0,0
7,8,5,8,6,247.5,0,0
7,8,5,8,7,292.5,0,0
7,8,5,8,8,337.5,0,0
7,8,5,9,1,22.5,0,0
7,8,5,9,2,67.5,0,0
7,8,5,9,3,112.5,0,0
7,8,5,9,4,157.5,0,0
7,8,5,9,5,202.5,0,0
7,8,5,9,6,247.5,0,0
7,8,5,9,7,292.5,0,0
7,8,5,9,8,337.5,0,0
7,8,5,10,1,22.5,0,0
7,8,5,10,2,67.5,0,0
7,8,5,10,3,112.5,0,0
7,8,5,10,4,157.5,0,0
7,8,5,10,5,202.5,0,0
7,8,5,10,6,247.5,0,0
7,8,5,10,7,292.5,0,0
7,8,5,10,8,337.5,0,0
7,8,5,11,1,22.5,0,0
7,8,5,11,2,67.5,0,0
7,8,5,11,3,112.5,0,0
7,8,5,11,4,157.5,0,0
7,8,5,11,5,202.5,0,0
7,8,5,11,6,247.5,0,0
7,8,5,11,7,292.5,0,0
7,8,5,11,8,337.5,0,0
7,8,6,1,1,22.5,269,15.7957
7,8,6,1,2,67.5,298,16.6017
7,8,6,1,3,112.5,292,12.8964
7,8,6,1,4,157.5,296,14.2154
7,8,6,1,5,202.5,308,10.8292
7,8,6,1,6,247.5,263,7.0504
7,8,6,1,7,292.5,308,5.47492
7,8,6,1,8,337.5,281,12.2036
7,8,6,2,1,22.5,42.979,7.39088
7,8,6,2,2,67.5,27,4.06138
7,8,6,2,3,112.5,32,0
7,8,6,2,4,157.5,32,0
7,8,6,2,5,202.5,30,0
7,8,6,2,6,247.5,31,0
7,8,6,2,7,292.5,29,0
7,8,6,2,8,337.5,28,0
7,8,6,3,1,22.5,0,0
7,8,6,3,2,67.5,9.69661,3.26991
7,8,6,3,3,112.5,0,0
7,8,6,3,4,157.5,0,0
7,8,6,3,5,202.5,0,0
7,8,6,3,6,247.5,0,0
7,8,6,3,7,292.5,0,0
7,8,6,3,8,337.5,0,0
7,8,6,4,1,22.5,0,0
7,8,6,4,2,67.5,0,0
7,8,6,4,3,112.5,0,0
7,8,6,4,4,157.5,0,0
7,8,6,4,5,202.5,0,0
7,8,6,4,6,247.5,0,0
7,8,6,4,7,292.5,0,0
7,8,6,4,8,337.5,0,0
7,8,6,5,1,22.5,0,0
7,8,6,5,2,67.5,0,0
7,8,6,5,3,112.5,0,0
7,8,6,5,4,157.5,0,0
7,8,6,5,5,202.5,0,0
7,8,6,5,6,247.5,0,0
7,8,6,5,7,292.5,0,0
7,8,6,5,8,337.5,0,0
7,8,6,6,1,22.5,0,0
7,8,6,6,2,67.5,0,0
7,8,6,6,3,112.5,0,0
7,8,6,6,4,157.5,0,0
7,8,6,6,5,202.5,0,0
7,8,6,6,6,247.5,0,0
7,8,6,6,7,292.5,0,0
7,8,6,6,8,337.5,0,0
7,8,6,7,1,22.5,0,0
7,8,6,7,2,67.5,0,0
7,8,6,7,3,112.5,0,0
7,8,6,7,4,157.5,0,0
7,8,6,7,5,202.5,0,0
7,8,6,7,6,247.5,0,0
7,8,6,7,7,292.5,0,0
7,8,6,7,8,337.5,0,0
7,8,6,8,1,22.5,0,0
7,8,6,8,2,67.5,0,0
7,8,6,8,3,112.5,0,0
7,8,6,8,4,157.5,0,0
7,8,6,8,5,202.5,0,0
7,8,6,8,6,247.5,0,0
7,8,6,8,7,292.5,0,0
7,8,6,8,8,337.5,0,0
7,8,6,9,1,22.5,0,0
7,8,6,9,2,67.5,0,0
7,8,6,9,3,112.5,0,0
7,8,6,9,4,157.5,0,0
7,8,6,9,5,202.5,0,0
7,8,6,9,6,247.5,0,0
7,8,6,9,7,292.5,0,0
7,8,6,9,8,337.5,0,0
7,8,6,10,1,22.5,0,0
7,8,6,10,2,67.5,0,0
7,8,6,10,3,112.5,0,0
7,8,6,10,4,157.5,0,0
7,8,6,10,5,202.5,0,0
7,8,6,10,6,247.5,0,0
7,8,6,10,7,292.5,0,0
7,8,6,10,8,337.5,0,0
7,8,6,11,1,22.5,0,0
7,8,6,11,2,67.5,0,0
7,8,6,11,3,112.5,0,0
7,8,6,11,4,157.5,0,0
7,8,6,11,5,202.5,0,0
7,8,6,11,6,247.5,0,0
7,8,6,11,7,292.5,0,0
7,8,6,11,8,337.5,0,0
7,8,7,1,1,22.5,0,0
7,8,7,1,2,67.5,13.6745,4.10366
7,8,7,1,3,112.5,0,0
7,8,7,1,4,157.5,13.3903,10.2629
7,8,7,1,5,202.5,0,0
7,8,7,1,6,247.5,26.3342,5.26368
7,8,7,1,7,292.5,0,0
7,8,7,1,8,337.5,19.2082,4.8119
7,8,7,2,1,22.5,15.8301,4.15839
7,8,7,2,2,67.5,0,0
7,8,7,2,3,112.5,0,0
7,8,7,2,4,157.5,0,0
7,8,7,2,5,202.5,9.8893,3.48239
7,8,7,2,6,247.5,0,0
7,8,7,2,7,292.5,0,0
7,8,7,2,8,337.5,0,0
7,8,7,3,1,22.5,0,0
7,8,7,3,2,67.5,0,0
7,8,7,3,3,112.5,0,0
7,8,7,3,4,157.5,0,0
7,8,7,3,5,202.5,0,0
7,8,7,3,6,247.5,0,0
7,8,7,3,7,292.5,0,0
7,8,7,3,8,337.5,0,0
7,8,7,4,1,22.5,0,0
7,8,7,4,2,67.5,0,0
7,8,7,4,3,112.5,0,0
7,8,7,4,4,157.5,0,0
7,8,7,4,5,202.5,0,0
7,8,7,4,6,247.5,0,0
7,8,7,4,7,292.5,0,0
7,8,7,4,8,337.5,0,0
7,8,7,5,1,22.5,0,0
7,8,7,5,2,67.5,0,0
7,8,7,5,3,112.5,0,0
7,8,7,5,4,157.5,0,0
7,8,7,5,5,202.5,0,0
7,8,7,5,6,247.5,0,0
7,8,7,5,7,292.5,0,0
7,8,7,5,8,337.5,0,0
7,8,7,6,1,22.5,0,0
7,8,7,6,2,67.5,0,0
7,8,7,6,3,112.5,0,0
7,8,7,6,4,157.5,0,0
7,8,7,6,5,202.5,0,0
7,8,7,6,6,247.5,0,0
7,8,7,6,7,292.5,0,0
7,8,7,6,8,337.5,0,0
7,8,7,7,1,22.5,0,0
7,8,7,7,2,67.5,0,0
7,8,7,7,3,112.5,0,0
7,8,7,7,4,157.5,0,0
7,8,7,7,5,202.5,0,0
7,8,7,7,6,247.5,0,0
7,8,7,7,7,292.5,0,0
7,8,7,7,8,337.5,0,0
7,8,7,8,1,22.5,0,0
7,8,7,8,2,67.5,0,0
7,8,7,8,3,112.5,0,0
7,8,7,8,4,157.5,0,0
7,8,7,8,5,202.5,0,0
7,8,7,8,6,247.5,0,0
7,8,7,8,7,292.5,0,0
7,8,7,8,8,337.5,0,0
7,8,7,9,1,22.5,0,0
7,8,7,9,2,67.5,0,0
7,8,7,9,3,112.5,0,0
7,8,7,9,4,157.5,0,0
7,8,7,9,5,202.5,0,0
7,8,7,9,6,247.5,0,0
7,8,7,9,7,292.5,0,0
7,8,7,9,8,337.5,0,0
7,8,7,10,1,22.5,0,0
7,8,7,10,2,67.5,0,0
7,8,7,10,3,112.5,0,0
7,8,7,10,4,157.5,0,0
7,8,7,10,5,202.5,0,0
7,8,7,10,6,247.5,0,0
7,8,7,10,7,292.5,0,0
7,8,7,10,8,337.5,0,0
7,8,7,11,1,22.5,0,0
7,8,7,11,2,67.5,0,0
7,8,7,11,3,112.5,0,0
7,8,7,11,4,157.5,0,0
7,8,7,11,5,202.5,0,0
7,8,7,11,6,247.5,0,0
7,8,7,11,7,292.5,0,0
7,8,7,11,8,337.5,0,0
7,8,8,1,1,22.5,0,0
7,8,8,1,2,67.5,0,0
7,8,8,1,3,112.5,0,0
7,8,8,1,4,157.5,0,0
7,8,8,1,5,202.5,0,0
7,8,8,1,6,247.5,0,0
7,8,8,1,7,292.5,0,0
7,8,8,1,8,337.5,0,0
7,8,8,2,1,22.5,0,0
7,8,8,2,2,67.5,0,0
7,8,8,2,3,112.5,0,0
7,8,8,2,4,157.5,0,0
7,8,8,2,5,202.5,0,0
7,8,8,2,6,247.5,0,0
7,8,8,2,7,292.5,0,0
7,8,8,2,8,337.5,0,0
7,8,8,3,1,22.5,0,0
7,8,8,3,2,67.5,0,0
7,8,8,3,3,112.5,0,0
7,8,8,3,4,157.5,0,0
7,8,8,3,5,202.5,0,0
7,8,8,3,6,247.5,0,0
7,8,8,3,7,292.5,0,0
7,8,8,3,8,337.5,0,0
7,8,8,4,1,22.5,0,0
7,8,8,4,2,67.5,0,0
7,8,8,4,3,112.5,0,0
7,8,8,4,4,157.5,0,0
7,8,8,4,5,202.5,0,0
7,8,8,4,6,247.5,0,0
7,8,8,4,7,292.5,0,0
7,8,8,4,8,337.5,0,0
7,8,8,5,1,22.5,0,0
7,8,8,5,2,67.5,0,0
7,8,8,5,3,112.5,0,0
7,8,8,5,4,157.5,0,0
7,8,8,5,5,202.5,0,0
7,8,8,5,6,247.5,0,0
7,8,8,5,7,292.5,0,0
7,8,8,5,8,337.5,0,0
7,8,8,6,1,22.5,0,0
7,8,8,6,2,67.5,0,0
7,8,8,6,3,112.5,0,0
7,8,8,6,4,157.5,0,0
7,8,8,6,5,202.5,0,0
7,8,8,6,6,247.5,0,0
7,8,8,6,7,292.5,0,0
7,8,8,6,8,337.5,0,0
7,8,8,7,1,22.5,0,0
7,8,8,7,2,67.5,0,0
7,8,8,7,3,112.5,0,0
7,8,8,7,4,157.5,0,0
7,8,8,7,5,202.5,0,0
7,8,8,7,6,247.5,0,0
7,8,8,7,7,292.5,0,0
7,8,8,7,8,337.5,0,0
7,8,8,8,1,22.5,0,0
7,8,8,8,2,67.5,0,0
7,8,8,8,3,112.5,0,0
7,8,8,8,4,157.5,0,0
7,8,8,8,5,202.5,0,0
7,8,8,8,6,247.5,0,0
7,8,8,8,7,292.5,0,0
7,8,8,8,8,337.5,0,0
7,8,8,9,1,22.5,0,0
7,8,8,9,2,67.5,0,0
7,8,8,9,3,112.5,0,0
7,8,8,9,4,157.5,0,0
7,8,8,9,5,202.5,0,0
7,8,8,9,6,247.5,0,0
7,8,8,9,7,292.5,0,0
7,8,8,9,8,337.5,0,0
7,8,8,10,1,22.5,0,0
7,8,8,10,2,67.5,0,0
7,8,8,10,3,112.5,0,0
7,8,8,10,4,157.5,0,0
7,8,8,10,5,202.5,0,0
7,8,8,10,6,247.5,0,0
7,8,8,10,7,292.5,0,0
7,8,8,10,8,337.5,0,0
7,8,8,11,1,22.5,0,0
7,8,8,11,2,67.5,0,0
7,8,8,11,3,112.5,0,0
7,8,8,11,4,157.5,0,0
7,8,8,11,5,202.5,0,0
7,8,8,11,6,247.5,0,0
7,8,8,11,7,292.5,0,0
7,8,8,11,8,337.5,0,0
8,9,1,1,1,22.5,5.27687e+06,122.148
8,9,1,1,2,67.5,5.27262e+06,225.448
8,9,1,1,3,112.5,5.27041e+06,386.818
8,9,1,1,4,157.5,5.25146e+06,244.388
8,9,1,1,5,202.5,5.25996e+06,405.552
8,9,1,1,6,247.5,5.27708e+06,386.683
8,9,1,1,7,292.5,5.28492e+06,209.117
8,9,1,1,8,337.5,5.28929e+06,90.4835
8,9,1,2,1,22.5,2.25323e+06,89.0211
8,9,1,2,2,67.5,2.24906e+06,153.03
8,9,1,2,3,112.5,2.23673e+06,218.666
8,9,1,2,4,157.5,2.22408e+06,245.258
8,9,1,2,5,202.5,2.22721e+06,219.781
8,9,1,2,6,247.5,2.24253e+06,185.826
8,9,1,2,7,292.5,2.25461e+06,180.982
8,9,1,2,8,337.5,2.25226e+06,82.5701
8,9,1,3,1,22.5,1.17246e+06,74.2693
8,9,1,3,2,67.5,1.16966e+06,165.9
8,9,1,3,3,112.5,1.1593e+06,146.516
8,9,1,3,4,157.5,1.14865e+06,156.457
8,9,1,3,5,202.5,1.15309e+06,137.219
8,9,1,3,6,247.5,1.16501e+06,160.576
8,9,1,3,7,292.5,1.16884e+06,136.049
8,9,1,3,8,337.5,1.1715e+06,70.5988
8,9,1,4,1,22.5,668013,55.8478
8,9,1,4,2,67.5,667218,106.01
8,9,1,4,3,112.5,658954,106.229
8,9,1,4,4,157.5,652949,97.5364
8,9,1,4,5,202.5,655288,89
8,9,1,4,6,247.5,662514,119.534
8,9,1,4,7,292.5,666454,101.742
8,9,1,4,8,337.5,666062,52.7075
8,9,1,5,1,22.5,652540,56.5109
8,9,1,5,2,67.5,648949,98.4507
8,9,1,5,3,112.5,641024,104.391
8,9,1,5,4,157.5,633502,79.5761
8,9,1,5,5,202.5,635038,69.8324
8,9,1,5,6,247.5,645391,101.893
8,9,1,5,7,292.5,652610,99.5411
8,9,1,5,8,337.5,650414,52.5641
8,9,1,6,1,22.5,262899,24.1147
8,9,1,6,2,67.5,261849,37.3868
8,9,1,6,3,112.5,257406,36.8745
8,9,1,6,4,157.5,253787,22.7281
8,9,1,6,5,202.5,255026,27.2368
8,9,1,6,6,247.5,259286,37.457
8,9,1,6,7,292.5,262189,36.7071
8,9,1,6,8,337.5,262920,21.9026
8,9,1,7,1,22.5,112087,9.01266
8,9,1,7,2,67.5,112012,6.99432
8,9,1,7,3,112.5,109945,16.9108
8,9,1,7,4,157.5,107690,9.16876
8,9,1,7,5,202.5,108217,11.9917
8,9,1,7,6,247.5,110775,11.979
8,9,1,7,7,292.5,111781,12.2843
8,9,1,7,8,337.5,112318,6.3514
8,9,1,8,1,22.5,62812,0
8,9,1,8,2,67.5,62602,5.34406
8,9,1,8,3,112.5,61112,0
8,9,1,8,4,157.5,59711,12.6645
8,9,1,8,5,202.5,60758,0
8,9,1,8,6,247.5,61994,6.00868
8,9,1,8,7,292.5,62816,4.12716
8,9,1,8,8,337.5,63179,0
8,9,1,9,1,22.5,19075,0
8,9,1,9,2,67.5,19226,0
8,9,1,9,3,112.5,18748,11.5604
8,9,1,9,4,157.5,18237,6.19978
8,9,1,9,5,202.5,18263,0
8,9,1,9,6,247.5,18992,0
8,9,1,9,7,292.5,19161,0
8,9,1,9,8,337.5,19106,0
8,9,1,10,1,22.5,6336,0
8,9,1,10,2,67.5,6258,0
8,9,1,10,3,112.5,6128,0
8,9,1,10,4,157.5,5823,0
8,9,1,10,5,202.5,5827,0
8,9,1,10,6,247.5,6116,0
8,9,1,10,7,292.5,6132,0
8,9,1,10,8,337.5,6326,0
8,9,1,11,1,22.5,740,0
8,9,1,11,2,67.5,763,0
8,9,1,11,3,112.5,739,0
8,9,1,11,4,157.5,633,0
8,9,1,11,5,202.5,677,0
8,9,1,11,6,247.5,734,0
8,9,1,11,7,292.5,710,0
8,9,1,11,8,337.5,712,0
8,9,2,1,1,22.5,444777,30.5939
8,9,2,1,2,67.5,443133,212.895
8,9,2,1,3,112.5,441440,276.771
8,9,2,1,4,157.5,438899,293.844
8,9,2,1,5,202.5,438502,391.378
8,9,2,1,6,247.5,441767,214.363
8,9,2,1,7,292.5,443891,399.132
8,9,2,1,8,337.5,445317,203.336
8,9,2,2,1,22.5,343627,49.7086
8,9,2,2,2,67.5,341313,181.536
8,9,2,2,3,112.5,339585,244.693
8,9,2,2,4,157.5,337496,334.368
8,9,2,2,5,202.5,337248,271.689
8,9,2,2,6,247.5,339441,235.892
8,9,2,2,7,292.5,344239,179.82
8,9,2,2,8,337.5,344607,50.2032
8,9,2,3,1,22.5,260361,81.0134
8,9,2,3,2,67.5,258670,164.152
8,9,2,3,3,112.5,256029,188.652
8,9,2,3,4,157.5,253885,254.022
8,9,2,3,5,202.5,254828,210.931
8,9,2,3,6,247.5,257104,218.735
8,9,2,3,7,292.5,261701,171.655
8,9,2,3,8,337.5,260549,66.1439
8,9,2,4,1,22.5,195733,81.814
8,9,2,4,2,67.5,193496,144.128
8,9,2,4,3,112.5,190849,167.547
8,9,2,4,4,157.5,189158,222.985
8,9,2,4,5,202.5,188736,168.528
8,9,2,4,6,247.5,191782,194.865
8,9,2,4,7,292.5,193752,142.44
8,9,2,4,8,337.5,194442,71.4712
8,9,2,5,1,22.5,254568,104.163
8,9,2,5,2,67.5,252923,183.811
8,9,2,5,3,112.5,248747,189.901
8,9,2,5,4,157.5,245365,228.985
8,9,2,5,5,202.5,246038,185.451
8,9,2,5,6,247.5,250583,235.8
8,9,2,5,7,292.5,253707,173.91
8,9,2,5,8,337.5,251799,94.6809
8,9,2,6,1,22.5,144630,81.8535
8,9,2,6,2,67.5,144818,136.391
8,9,2,6,3,112.5,141711,141.31
8,9,2,6,4,157.5,138451,140.569
8,9,2,6,5,202.5,140383,114.634
8,9,2,6,6,247.5,143250,161.217
8,9,2,6,7,292.5,144497,126.98
8,9,2,6,8,337.5,143821,71.809
8,9,2,7,1,22.5,84898,62.4924
8,9,2,7,2,67.5,85579,92.2902
8,9,2,7,3,112.5,83456,93.524
8,9,2,7,4,157.5,81595,85.1022
8,9,2,7,5,202.5,81878,70.6192
8,9,2,7,6,247.5,84392,103.749
8,9,2,7,7,292.5,85366,90.5766
8,9,2,7,8,337.5,83709,51.1834
8,9,2,8,1,22.5,68844,48.5438
8,9,2,8,2,67.5,68322,65.326
8,9,2,8,3,112.5,67023,67.3298
8,9,2,8,4,157.5,64825,52.3985
8,9,2,8,5,202.5,65372,45.903
8,9,2,8,6,247.5,67389,71.5228
8,9,2,8,7,292.5,68011,67.3825
8,9,2,8,8,337.5,67965,37.6303
8,9,2,9,1,22.5,32269,22.7972
8,9,2,9,2,67.5,31896,28.6149
8,9,2,9,3,112.5,31123,29.704
8,9,2,9,4,157.5,30140,21.0478
8,9,2,9,5,202.5,30630,18.8475
8,9,2,9,6,247.5,31655,29.6164
8,9,2,9,7,292.5,32132,30.8452
8,9,2,9,8,337.5,31990,16.6467
8,9,2,10,1,22.5,18611,8.96178
8,9,2,10,2,67.5,18761,10.0382
8,9,2,10,3,112.5,18079,8.37195
8,9,2,10,4,157.5,17089,6.4955
8,9,2,10,5,202.5,17573,8.48199
8,9,2,10,6,247.5,18183,11.8479
8,9,2,10,7,292.5,18753,10.7704
8,9,2,10,8,337.5,18479,6.94397
8,9,2,11,1,22.5,8964,0
8,9,2,11,2,67.5,9122,0
8,9,2,11,3,112.5,8795,0
8,9,2,11,4,157.5,8330,0
8,9,2,11,5,202.5,8614,0
8,9,2,11,6,247.5,9022,0
8,9,2,11,7,292.5,9067,4.33073
8,9,2,11,8,337.5,9046,0
8,9,3,1,1,22.5,213437,50.4678
8,9,3,1,2,67.5,212067,108.18
8,9,3,1,3,112.5,211067,173.498
8,9,3,1,4,157.5,208998,205.653
8,9,3,1,5,202.5,210919,172.713
8,9,3,1,6,247.5,211414,157.416
8,9,3,1,7,292.5,212417,112.41
8,9,3,1,8,337.5,213154,51.8078
8,9,3,2,1,22.5,171568,12.4952
8,9,3,2,2,67.5,170053,89.9321
8,9,3,2,3,112.5,168094,142.083
8,9,3,2,4,157.5,165174,236.477
8,9,3,2,5,202.5,166375,171.547
8,9,3,2,6,247.5,168281,135.429
8,9,3,2,7,292.5,170027,91.7549
8,9,3,2,8,337.5,171504,8.44787
8,9,3,3,1,22.5,135208,17.9192
8,9,3,3,2,67.5,134013,89.2487
8,9,3,3,3,112.5,131891,119.063
8,9,3,3,4,157.5,130142,207.923
8,9,3,3,5,202.5,131165,153.509
8,9,3,3,6,247.5,131822,153.724
8,9,3,3,7,292.5,134733,99.7882
8,9,3,3,8,337.5,135490,21.2056
8,9,3,4,1,22.5,105381,30.2531
8,9,3,4,2,67.5,104001,91.5067
8,9,3,4,3,112.5,103000,101.187
8,9,3,4,4,157.5,100996,177.003
8,9,3,4,5,202.5,101523,125.46
8,9,3,4,6,247.5,103188,136.202
8,9,3,4,7,292.5,105450,93.6906
8,9,3,4,8,337.5,105299,27.9443
8,9,3,5,1,22.5,145709,50.7951
8,9,3,5,2,67.5,143587,133.11
8,9,3,5,3,112.5,141482,139.456
8,9,3,5,4,157.5,139110,215.696
8,9,3,5,5,202.5,139207,153.728
8,9,3,5,6,247.5,142016,182.344
8,9,3,5,7,292.5,145459,120.385
8,9,3,5,8,337.5,145977,49.3345
8,9,3,6,1,22.5,87740,50.0305
8,9,3,6,2,67.5,86966,116.502
8,9,3,6,3,112.5,84482,115.337
8,9,3,6,4,157.5,83377,161.162
8,9,3,6,5,202.5,82862,119.312
8,9,3,6,6,247.5,85542,155.964
8,9,3,6,7,292.5,86995,93.7658
8,9,3,6,8,337.5,87111,49.3283
8,9,3,7,1,22.5,52849,48.1026
8,9,3,7,2,67.5,52461,94.0914
8,9,3,7,3,112.5,50963,97.6606
8,9,3,7,4,157.5,49840,120.55
8,9,3,7,5,202.5,49890,92.7288
8,9,3,7,6,247.5,51485,122.431
8,9,3,7,7,292.5,52335,80.6025
8,9,3,7,8,337.5,52308,44.9386
8,9,3,8,1,22.5,43444,56.2788
8,9,3,8,2,67.5,43495,88.405
8,9,3,8,3,112.5,41972,92.4167
8,9,3,8,4,157.5,41340,100.4
8,9,3,8,5,202.5,41162,79.5865
8,9,3,8,6,247.5,42942,110.599
8,9,3,8,7,292.5,43679,81.0723
8,9,3,8,8,337.5,42231,48.0691
8,9,3,9,1,22.5,22084,44.1911
8,9,3,9,2,67.5,21985,61.4346
8,9,3,9,3,112.5,21001,63.8563
8,9,3,9,4,157.5,20605,61.099
8,9,3,9,5,202.5,20608,50.1077
8,9,3,9,6,247.5,21658,73.2163
8,9,3,9,7,292.5,21790,60.4435
8,9,3,9,8,337.5,21122,36.174
8,9,3,10,1,22.5,14187,34.2233
8,9,3,10,2,67.5,14162,44.9741
8,9,3,10,3,112.5,13633,46.1645
8,9,3,10,4,157.5,13236,38.2066
8,9,3,10,5,202.5,13330,32.5346
8,9,3,10,6,247.5,14149,51.7324
8,9,3,10,7,292.5,14315,46.7343
8,9,3,10,8,337.5,13852,25.9902
8,9,3,11,1,22.5,9839,20.9926
8,9,3,11,2,67.5,9829,25.6441
8,9,3,11,3,112.5,9539,28.2114
8,9,3,11,4,157.5,8864,20.0338
8,9,3,11,5,202.5,9406,17.6155
8,9,3,11,6,247.5,9722,30.0454
8,9,3,11,7,292.5,9800,28.0553
8,9,3,11,8,337.5,9698,14.1048
8,9,4,1,1,22.5,112777,20.7958
8,9,4,1,2,67.5,112796,59.7727
8,9,4,1,3,112.5,111405,115.292
8,9,4,1,4,157.5,111113,162.08
8,9,4,1,5,202.5,111491,115.723
8,9,4,1,6,247.5,112373,70.0268
8,9,4,1,7,292.5,112274,40.7814
8,9,4,1,8,337.5,112723,25.5837
8,9,4,2,1,22.5,93555,7.3975
8,9,4,2,2,67.5,91731,34.4162
8,9,4,2,3,112.5,90741,98.2705
8,9,4,2,4,157.5,88987,165.906
8,9,4,2,5,202.5,90137,124.263
8,9,4,2,6,247.5,91630,63.3832
8,9,4,2,7,292.5,92331,47.8858
8,9,4,2,8,337.5,93600,7.10658
8,9,4,3,1,22.5,75910,0
8,9,4,3,2,67.5,74737,33.8931
8,9,4,3,3,112.5,72995,81.5387
8,9,4,3,4,157.5,71768,145.936
8,9,4,3,5,202.5,72768,103.026
8,9,4,3,6,247.5,73847,81.7738
8,9,4,3,7,292.5,74889,60.035
8,9,4,3,8,337.5,76318,0
8,9,4,4,1,22.5,61050,0
8,9,4,4,2,67.5,60477,44.5961
8,9,4,4,3,112.5,59052,70.9209
8,9,4,4,4,157.5,57717,141.226
8,9,4,4,5,202.5,58439,96.216
8,9,4,4,6,247.5,58756,89.7605
8,9,4,4,7,292.5,60625,63.2873
8,9,4,4,8,337.5,60972,5.48962
8,9,4,5,1,22.5,88468,11.4957
8,9,4,5,2,67.5,87262,83.831
8,9,4,5,3,112.5,84945,89.1719
8,9,4,5,4,157.5,83048,174.442
8,9,4,5,5,202.5,83401,123.258
8,9,4,5,6,247.5,85085,128.859
8,9,4,5,7,292.5,87000,87.3924
8,9,4,5,8,337.5,87851,12.1147
8,9,4,6,1,22.5,55460,14.0943
8,9,4,6,2,67.5,54971,85.9276
8,9,4,6,3,112.5,53910,80.4374
8,9,4,6,4,157.5,52561,140.565
8,9,4,6,5,202.5,53008,97.3655
8,9,4,6,6,247.5,54249,118.017
8,9,4,6,7,292.5,55416,74.8168
8,9,4,6,8,337.5,55795,15.8975
8,9,4,7,1,22.5,34982,15.8059
8,9,4,7,2,67.5,34938,75.8082
8,9,4,7,3,112.5,33868,70.2617
8,9,4,7,4,157.5,32953,107.872
8,9,4,7,5,202.5,33041,79.2067
8,9,4,7,6,247.5,34042,97.933
8,9,4,7,7,292.5,35152,58.1156
8,9,4,7,8,337.5,35259,20.3628
8,9,4,8,1,22.5,30297,27.4852
8,9,4,8,2,67.5,29978,74.5035
8,9,4,8,3,112.5,28761,71.3341
8,9,4,8,4,157.5,27885,99.1922
8,9,4,8,5,202.5,28005,73.0605
8,9,4,8,6,247.5,29412,97.2151
8,9,4,8,7,292.5,30039,57.226
8,9,4,8,8,337.5,30190,29.2148
8,9,4,9,1,22.5,15362,27.4365
8,9,4,9,2,67.5,15323,54.1294
8,9,4,9,3,112.5,14832,55.0063
8,9,4,9,4,157.5,14254,68.6545
8,9,4,9,5,202.5,14463,53.129
8,9,4,9,6,247.5,14831,69.7759
8,9,4,9,7,292.5,15313,44.5273
8,9,4,9,8,337.5,15508,26.2806
8,9,4,10,1,22.5,9937,28.4391
8,9,4,10,2,67.5,9963,45.9567
8,9,4,10,3,112.5,9553,45.9808
8,9,4,10,4,157.5,9126,51.3947
8,9,4,10,5,202.5,9248,42.0693
8,9,4,10,6,247.5,9690,56.6054
8,9,4,10,7,292.5,9866,39.8398
8,9,4,10,8,337.5,9480,25.1421
8,9,4,11,1,22.5,6965,27.7909
8,9,4,11,2,67.5,7018,36.4023
8,9,4,11,3,112.5,6770,38.8181
8,9,4,11,4,157.5,6323,37.975
8,9,4,11,5,202.5,6469,31.4553
8,9,4,11,6,247.5,6805,45.0541
8,9,4,11,7,292.5,7040,35.5628
8,9,4,11,8,337.5,6567,21.23
8,9,5,1,1,22.5,62492,19.7447
8,9,5,1,2,67.5,61744,42.8831
8,9,5,1,3,112.5,61221,85.8526
8,9,5,1,4,157.5,61015,109.072
8,9,5,1,5,202.5,61064,87.6203
8,9,5,1,6,247.5,62314,47.1425
8,9,5,1,7,292.5,61711,23.7794
8,9,5,1,8,337.5,61982,14.5107
8,9,5,2,1,22.5,51820,0
8,9,5,2,2,67.5,51553,23.4445
8,9,5,2,3,112.5,50535,82.2542
8,9,5,2,4,157.5,49714,119.782
8,9,5,2,5,202.5,50240,86.542
8,9,5,2,6,247.5,51039,32.4853
8,9,5,2,7,292.5,51666,21.233
8,9,5,2,8,337.5,51618,0
8,9,5,3,1,22.5,43596,0
8,9,5,3,2,67.5,42647,10.9647
8,9,5,3,3,112.5,41622,67.9111
8,9,5,3,4,157.5,40653,127.543
8,9,5,3,5,202.5,41527,80.0865
8,9,5,3,6,247.5,42209,44.2391
8,9,5,3,7,292.5,42958,34.8111
8,9,5,3,8,337.5,43118,0
8,9,5,4,1,22.5,35653,0
8,9,5,4,2,67.5,35208,16.9944
8,9,5,4,3,112.5,34498,58.5447
8,9,5,4,4,157.5,33561,106.305
8,9,5,4,5,202.5,34188,72.8107
8,9,5,4,6,247.5,34756,54.235
8,9,5,4,7,292.5,34899,42.5339
8,9,5,4,8,337.5,35845,0
8,9,5,5,1,22.5,53420,0
8,9,5,5,2,67.5,52735,46.3817
8,9,5,5,3,112.5,51301,70.1417
8,9,5,5,4,157.5,50171,138.226
8,9,5,5,5,202.5,50378,94.627
8,9,5,5,6,247.5,50891,87.6544
8,9,5,5,7,292.5,52803,64.8376
8,9,5,5,8,337.5,53602,0
8,9,5,6,1,22.5,35682,3.92182
8,9,5,6,2,67.5,35525,56.9413
8,9,5,6,3,112.5,33989,58.4993
8,9,5,6,4,157.5,33189,111.782
8,9,5,6,5,202.5,33371,77.4563
8,9,5,6,6,247.5,34132,84.2822
8,9,5,6,7,292.5,35261,60.6993
8,9,5,6,8,337.5,35961,0
8,9,5,7,1,22.5,23759,0
8,9,5,7,2,67.5,23630,55.2377
8,9,5,7,3,112.5,22601,51.9215
8,9,5,7,4,157.5,22076,91.8746
8,9,5,7,5,202.5,21857,63.8728
8,9,5,7,6,247.5,22669,75.4154
8,9,5,7,7,292.5,23473,49.4164
8,9,5,7,8,337.5,23686,4.76502
8,9,5,8,1,22.5,21317,0
8,9,5,8,2,67.5,21024,60.4216
8,9,5,8,3,112.5,20032,53.7367
8,9,5,8,4,157.5,19460,86.8693
8,9,5,8,5,202.5,19703,61.7523
8,9,5,8,6,247.5,20246,77.1693
8,9,5,8,7,292.5,21072,47.3471
8,9,5,8,8,337.5,20983,11.1749
8,9,5,9,1,22.5,11544,11.074
8,9,5,9,2,67.5,11229,46.3296
8,9,5,9,3,112.5,10761,41.9384
8,9,5,9,4,157.5,10542,63.2971
8,9,5,9,5,202.5,10382,45.0338
8,9,5,9,6,247.5,11018,58.6035
8,9,5,9,7,292.5,11273,35.6912
8,9,5,9,8,337.5,11286,13.3455
8,9,5,10,1,22.5,7331,15.3338
8,9,5,10,2,67.5,7225,37.8774
8,9,5,10,3,112.5,7030,36.7622
8,9,5,10,4,157.5,6624,48.4866
8,9,5,10,5,202.5,6729,36.5347
8,9,5,10,6,247.5,6940,48.6012
8,9,5,10,7,292.5,7315,29.591
8,9,5,10,8,337.5,7396,16.5892
8,9,5,11,1,22.5,4924,18.2634
8,9,5,11,2,67.5,4795,30.5639
8,9,5,11,3,112.5,4664,31.838
8,9,5,11,4,157.5,4414,37.6438
8,9,5,11,5,202.5,4471,29.5266
8,9,5,11,6,247.5,4605,37.4561
8,9,5,11,7,292.5,4784,26.4676
8,9,5,11,8,337.5,4802,17.3607
8,9,6,1,1,22.5,32363,17.6532
8,9,6,1,2,67.5,32462,37.4254
8,9,6,1,3,112.5,32416,61.4528
8,9,6,1,4,157.5,32051,81.3479
8,9,6,1,5,202.5,32505,64.4384
8,9,6,1,6,247.5,32563,35.1309
8,9,6,1,7,292.5,32627,19.661
8,9,6,1,8,337.5,32389,14.6348
8,9,6,2,1,22.5,27557,0
8,9,6,2,2,67.5,27469,22.54
8,9,6,2,3,112.5,27388,62.2478
8,9,6,2,4,157.5,26515,82.568
8,9,6,2,5,202.5,26638,64.2607
8,9,6,2,6,247.5,27014,20.6221
8,9,6,2,7,292.5,27220,9.19899
8,9,6,2,8,337.5,27694,0
8,9,6,3,1,22.5,23477,0
8,9,6,3,2,67.5,23086,11.9661
8,9,6,3,3,112.5,22896,54.8474
8,9,6,3,4,157.5,22002,84.2129
8,9,6,3,5,202.5,22601,59.4901
8,9,6,3,6,247.5,22876,24.4304
8,9,6,3,7,292.5,23230,19.2545
8,9,6,3,8,337.5,23344,0
8,9,6,4,1,22.5,19640,0
8,9,6,4,2,67.5,18873,5.24269
8,9,6,4,3,112.5,18955,47.6021
8,9,6,4,4,157.5,18307,78.1214
8,9,6,4,5,202.5,18883,55.565
8,9,6,4,6,247.5,18715,32.9412
8,9,6,4,7,292.5,19054,25.8827
8,9,6,4,8,337.5,19635,0
8,9,6,5,1,22.5,30340,0
8,9,6,5,2,67.5,29264,18.327
8,9,6,5,3,112.5,28712,57.1038
8,9,6,5,4,157.5,27749,103.556
8,9,6,5,5,202.5,28257,71.1896
8,9,6,5,6,247.5,28855,55.5722
8,9,6,5,7,292.5,29779,44.0196
8,9,6,5,8,337.5,29821,0
8,9,6,6,1,22.5,20814,0
8,9,6,6,2,67.5,20321,30.0158
8,9,6,6,3,112.5,19679,44.2864
8,9,6,6,4,157.5,19037,85.9508
8,9,6,6,5,202.5,19430,58.874
8,9,6,6,6,247.5,19626,57.9883
8,9,6,6,7,292.5,20401,44.3606
8,9,6,6,8,337.5,20660,0
8,9,6,7,1,22.5,14333,0
8,9,6,7,2,67.5,13958,34.8106
8,9,6,7,3,112.5,13351,36.6038
8,9,6,7,4,157.5,12697,70.0949
8,9,6,7,5,202.5,12991,48.558
8,9,6,7,6,247.5,13259,52.2646
8,9,6,7,7,292.5,13794,39.9925
8,9,6,7,8,337.5,14181,0
8,9,6,8,1,22.5,12907,0
8,9,6,8,2,67.5,12896,41.7138
8,9,6,8,3,112.5,12274,37.299
8,9,6,8,4,157.5,11665,67.6553
8,9,6,8,5,202.5,12063,48.7212
8,9,6,8,6,247.5,12302,54.7234
8,9,6,8,7,292.5,12776,37.2633
8,9,6,8,8,337.5,13065,0
8,9,6,9,1,22.5,6913,0
8,9,6,9,2,67.5,6922,33.7756
8,9,6,9,3,112.5,6520,30.1567
8,9,6,9,4,157.5,6371,49.8913
8,9,6,9,5,202.5,6195,35.0691
8,9,6,9,6,247.5,6562,43.199
8,9,6,9,7,292.5,7095,26.8723
8,9,6,9,8,337.5,6975,0
8,9,6,10,1,22.5,4556,0
8,9,6,10,2,67.5,4457,29.4415
8,9,6,10,3,112.5,4290,26.7484
8,9,6,10,4,157.5,4163,40.5107
8,9,6,10,5,202.5,4189,29.2909
8,9,6,10,6,247.5,4251,37.7869
8,9,6,10,7,292.5,4521,21.6405
8,9,6,10,8,337.5,4479,8.36268
8,9,6,11,1,22.5,2837,9.57242
8,9,6,11,2,67.5,2801,23.1898
8,9,6,11,3,112.5,2542,22.6624
8,9,6,11,4,157.5,2483,30.0378
8,9,6,11,5,202.5,2510,21.8433
8,9,6,11,6,247.5,2688,28.6637
8,9,6,11,7,292.5,2709,18.1146
8,9,6,11,8,337.5,2714,9.17401
8,9,7,1,1,22.5,13889,15.0347
8,9,7,1,2,67.5,14109,26.7258
8,9,7,1,3,112.5,13848,42.3551
8,9,7,1,4,157.5,13659,51.3324
8,9,7,1,5,202.5,13578,43.8966
8,9,7,1,6,247.5,13845,25.007
8,9,7,1,7,292.5,13877,15.4609
8,9,7,1,8,337.5,13878,13.0656
8,9,7,2,1,22.5,11605,0
8,9,7,2,2,67.5,11534,18.8864
8,9,7,2,3,112.5,11635,43.149
8,9,7,2,4,157.5,11102,54.5605
8,9,7,2,5,202.5,11494,44.0159
8,9,7,2,6,247.5,11611,15.0375
8,9,7,2,7,292.5,11734,0
8,9,7,2,8,337.5,11760,0
8,9,7,3,1,22.5,9894,0
8,9,7,3,2,67.5,9856,12.6283
8,9,7,3,3,112.5,9645,39.4032
8,9,7,3,4,157.5,9320,53.7754
8,9,7,3,5,202.5,9503,41.4475
8,9,7,3,6,247.5,9654,14.4616
8,9,7,3,7,292.5,9840,8.77439
8,9,7,3,8,337.5,9860,0
8,9,7,4,1,22.5,8408,0
8,9,7,4,2,67.5,8017,6.18367
8,9,7,4,3,112.5,7930,34.3751
8,9,7,4,4,157.5,7730,51.1005
8,9,7,4,5,202.5,8019,37.0236
8,9,7,4,6,247.5,8083,16.0935
8,9,7,4,7,292.5,8538,14.7833
8,9,7,4,8,337.5,8272,0
8,9,7,5,1,22.5,12789,0
8,9,7,5,2,67.5,12514,3.89808
8,9,7,5,3,112.5,12405,40.7977
8,9,7,5,4,157.5,11852,66.8577
8,9,7,5,5,202.5,12098,48.3348
8,9,7,5,6,247.5,12209,30.1097
8,9,7,5,7,292.5,12814,25.4569
8,9,7,5,8,337.5,12884,0
8,9,7,6,1,22.5,9084,0
8,9,7,6,2,67.5,8692,13.0063
8,9,7,6,3,112.5,8494,31.2052
8,9,7,6,4,157.5,8347,57.0155
8,9,7,6,5,202.5,8277,39.5307
8,9,7,6,6,247.5,8633,33.4695
8,9,7,6,7,292.5,8792,27.1387
8,9,7,6,8,337.5,8926,0
8,9,7,7,1,22.5,6119,0
8,9,7,7,2,67.5,6037,17.1715
8,9,7,7,3,112.5,5778,24.938
8,9,7,7,4,157.5,5475,47.4879
8,9,7,7,5,202.5,5592,32.0581
8,9,7,7,6,247.5,5850,32.0117
8,9,7,7,7,292.5,5967,24.5425
8,9,7,7,8,337.5,6119,0
8,9,7,8,1,22.5,5564,0
8,9,7,8,2,67.5,5565,23.0499
8,9,7,8,3,112.5,5121,23.7299
8,9,7,8,4,157.5,5141,43.5211
8,9,7,8,5,202.5,5249,31.8957
8,9,7,8,6,247.5,5361,34.0588
8,9,7,8,7,292.5,5343,26.35
8,9,7,8,8,337.5,5638,0
8,9,7,9,1,22.5,2783,0
8,9,7,9,2,67.5,2756,17.7173
8,9,7,9,3,112.5,2642,18.067
8,9,7,9,4,157.5,2498,32.7301
8,9,7,9,5,202.5,2512,21.9007
8,9,7,9,6,247.5,2669,24.647
8,9,7,9,7,292.5,2815,17.2174
8,9,7,9,8,337.5,2758,0
8,9,7,10,1,22.5,1395,0
8,9,7,10,2,67.5,1476,14.6107
8,9,7,10,3,112.5,1319,12.4993
8,9,7,10,4,157.5,1313,21.5375
8,9,7,10,5,202.5,1324,16.1569
8,9,7,10,6,247.5,1386,19.4401
8,9,7,10,7,292.5,1364,11.5106
8,9,7,10,8,337.5,1476,0
8,9,7,11,1,22.5,371,0
8,9,7,11,2,67.5,372,7.66152
8,9,7,11,3,112.5,346,7.17856
8,9,7,11,4,157.5,358,10.8898
8,9,7,11,5,202.5,335,8.26814
8,9,7,11,6,247.5,340,10.0554
8,9,7,11,7,292.5,432,5.31083
8,9,7,11,8,337.5,385,0
8,9,8,1,1,22.5,3419,7.05542
8,9,8,1,2,67.5,3432,14.1224
8,9,8,1,3,112.5,3417,19.9786
8,9,8,1,4,157.5,3464,22.5678
8,9,8,1,5,202.5,3420,19.9437
8,9,8,1,6,247.5,3390,12.5742
8,9,8,1,7,292.5,3407,7.44066
8,9,8,1,8,337.5,3439,6.5972
8,9,8,2,1,22.5,2693,0
8,9,8,2,2,67.5,2720,8.93821
8,9,8,2,3,112.5,2720,20.2482
8,9,8,2,4,157.5,2727,26.566
8,9,8,2,5,202.5,2763,20.3603
8,9,8,2,6,247.5,2661,6.86865
8,9,8,2,7,292.5,2745,0
8,9,8,2,8,337.5,2657,0
8,9,8,3,1,22.5,2215,0
8,9,8,3,2,67.5,2146,5.49593
8,9,8,3,3,112.5,2205,17.5439
8,9,8,3,4,157.5,2154,24.5489
8,9,8,3,5,202.5,2100,18.8092
8,9,8,3,6,247.5,2158,5.09382
8,9,8,3,7,292.5,2197,0
8,9,8,3,8,337.5,2171,0
8,9,8,4,1,22.5,1701,0
8,9,8,4,2,67.5,1715,0
8,9,8,4,3,112.5,1700,15.9026
8,9,8,4,4,157.5,1653,21.0696
8,9,8,4,5,202.5,1602,16.174
8,9,8,4,6,247.5,1669,5.24278
8,9,8,4,7,292.5,1617,3.95849
8,9,8,4,8,337.5,1726,0
8,9,8,5,1,22.5,2259,0
8,9,8,5,2,67.5,2197,0
8,9,8,5,3,112.5,2208,16.8918
8,9,8,5,4,157.5,2181,25.5327
8,9,8,5,5,202.5,2167,17.2391
8,9,8,5,6,247.5,2236,12.2506
8,9,8,5,7,292.5,2269,7.53492
8,9,8,5,8,337.5,2336,0
8,9,8,6,1,22.5,1272,0
8,9,8,6,2,67.5,1206,0
8,9,8,6,3,112.5,1197,12.9771
8,9,8,6,4,157.5,1166,18.386
8,9,8,6,5,202.5,1190,11.8883
8,9,8,6,6,247.5,1136,9.71746
8,9,8,6,7,292.5,1138,6.36138
8,9,8,6,8,337.5,1119,0
8,9,8,7,1,22.5,532,0
8,9,8,7,2,67.5,543,3.31938
8,9,8,7,3,112.5,513,5.35601
8,9,8,7,4,157.5,501,8.32748
8,9,8,7,5,202.5,514,0
8,9,8,7,6,247.5,484,7.16844
8,9,8,7,7,292.5,541,4.95306
8,9,8,7,8,337.5,565,0
8,9,8,8,1,22.5,209,0
8,9,8,8,2,67.5,221,0
8,9,8,8,3,112.5,222,0
8,9,8,8,4,157.5,193,5.01779
8,9,8,8,5,202.5,225,3.73786
8,9,8,8,6,247.5,218,0
8,9,8,8,7,292.5,205,0
8,9,8,8,8,337.5,265,0
8,9,8,9,1,22.5,14,0
8,9,8,9,2,67.5,13,0
8,9,8,9,3,112.5,7,0
8,9,8,9,4,157.5,12,0
8,9,8,9,5,202.5,14,0
8,9,8,9,6,247.5,6,0
8,9,8,9,7,292.5,11,0
8,9,8,9,8,337.5,19,0
8,9,8,10,1,22.5,0,0
8,9,8,10,2,67.5,0,0
8,9,8,10,3,112.5,0,0
8,9,8,10,4,157.5,0,0
8,9,8,10,5,202.5,0,0
8,9,8,10,6,247.5,0,0
8,9,8,10,7,292.5,0,0
8,9,8,10,8,337.5,0,0
8,9,8,11,1,22.5,0,0
8,9,8,11,2,67.5,0,0
8,9,8,11,3,112.5,0,0
8,9,8,11,4,157.5,0,0
8,9,8,11,5,202.5,0,0
8,9,8,11,6,247.5,0,0
8,9,8,11,7,292.5,0,0
8,9,8,11,8,337.5,0,0
9,10,1,1,1,22.5,4.6837e+06,65.1739
9,10,1,1,2,67.5,4.67929e+06,204.072
9,10,1,1,3,112.5,4.67415e+06,221.061
9,10,1,1,4,157.5,4.67043e+06,258.683
9,10,1,1,5,202.5,4.66875e+06,381.513
9,10,1,1,6,247.5,4.67709e+06,285.687
9,10,1,1,7,292.5,4.68869e+06,165.477
9,10,1,1,8,337.5,4.68723e+06,70.8053
9,10,1,2,1,22.5,1.9556e+06,70.183
9,10,1,2,2,67.5,1.95372e+06,103.31
9,10,1,2,3,112.5,1.94417e+06,145.348
9,10,1,2,4,157.5,1.93431e+06,168.904
9,10,1,2,5,202.5,1.93736e+06,151.92
9,10,1,2,6,247.5,1.94552e+06,135.29
9,10,1,2,7,292.5,1.95728e+06,126.022
9,10,1,2,8,337.5,1.95594e+06,55.1528
9,10,1,3,1,22.5,988473,49.2424
9,10,1,3,2,67.5,988931,98.3682
9,10,1,3,3,112.5,981737,94.6856
9,10,1,3,4,157.5,975257,91.3172
9,10,1,3,5,202.5,975518,78.103
9,10,1,3,6,247.5,984972,96.2487
9,10,1,3,7,292.5,991339,99.238
9,10,1,3,8,337.5,989825,41.1018
9,10,1,4,1,22.5,547970,36.8883
9,10,1,4,2,67.5,549421,73.6506
9,10,1,4,3,112.5,543736,63.4325
9,10,1,4,4,157.5,537728,54.3874
9,10,1,4,5,202.5,539727,45.3264
9,10,1,4,6,247.5,545519,69.7338
9,10,1,4,7,292.5,549837,68.5868
9,10,1,4,8,337.5,550000,34.1596
9,10,1,5,1,22.5,518936,31.9588
9,10,1,5,2,67.5,518724,57.8962
9,10,1,5,3,112.5,512513,48.8586
9,10,1,5,4,157.5,508719,34.3927
9,10,1,5,5,202.5,508630,31.068
9,10,1,5,6,247.5,515572,53.3275
9,10,1,5,7,292.5,519856,59.6258
9,10,1,5,8,337.5,519244,31.5421
9,10,1,6,1,22.5,199576,10.3347
9,10,1,6,2,67.5,198873,16.5927
9,10,1,6,3,112.5,197241,16.3939
9,10,1,6,4,157.5,194653,11.4328
9,10,1,6,5,202.5,195022,5.22247
9,10,1,6,6,247.5,197686,15.9813
9,10,1,6,7,292.5,199785,15.8717
9,10,1,6,8,337.5,200120,10.8146
9,10,1,7,1,22.5,80258,0
9,10,1,7,2,67.5,80227,0
9,10,1,7,3,112.5,79673,4.99074
9,10,1,7,4,157.5,77525,0
9,10,1,7,5,202.5,78029,0
9,10,1,7,6,247.5,79983,0
9,10,1,7,7,292.5,80397,5.13461
9,10,1,7,8,337.5,80477,0
9,10,1,8,1,22.5,39973,0
9,10,1,8,2,67.5,39637,0
9,10,1,8,3,112.5,39399,4.49641
9,10,1,8,4,157.5,38430,0
9,10,1,8,5,202.5,38338,0
9,10,1,8,6,247.5,39500,25.2816
9,10,1,8,7,292.5,39863,0
9,10,1,8,8,337.5,39722,0
9,10,1,9,1,22.5,8929,0
9,10,1,9,2,67.5,9000,0
9,10,1,9,3,112.5,8741,0
9,10,1,9,4,157.5,8541,4.5483
9,10,1,9,5,202.5,8602,0
9,10,1,9,6,247.5,8726,0
9,10,1,9,7,292.5,9156,0
9,10,1,9,8,337.5,9121,0
9,10,1,10,1,22.5,1642,0
9,10,1,10,2,67.5,1639,0
9,10,1,10,3,112.5,1578,0
9,10,1,10,4,157.5,1533,0
9,10,1,10,5,202.5,1556,0
9,10,1,10,6,247.5,1682,0
9,10,1,10,7,292.5,1728,0
9,10,1,10,8,337.5,1699,0
9,10,1,11,1,22.5,70,0
9,10,1,11,2,67.5,63,0
9,10,1,11,3,112.5,61,0
9,10,1,11,4,157.5,61,0
9,10,1,11,5,202.5,63,0
9,10,1,11,6,247.5,70,0
9,10,1,11,7,292.5,60,0
9,10,1,11,8,337.5,69,0
9,10,2,1,1,22.5,440800,111.909
9,10,2,1,2,67.5,439741,265.581
9,10,2,1,3,112.5,437374,302.785
9,10,2,1,4,157.5,436483,360.665
9,10,2,1,5,202.5,436982,315.472
9,10,2,1,6,247.5,438567,419.674
9,10,2,1,7,292.5,439554,301.119
9,10,2,1,8,337.5,440630,163.883
9,10,2,2,1,22.5,337000,59.1464
9,10,2,2,2,67.5,336814,174.937
9,10,2,2,3,112.5,334464,235.753
9,10,2,2,4,157.5,332455,324.062
9,10,2,2,5,202.5,332760,259.807
9,10,2,2,6,247.5,333923,243.66
9,10,2,2,7,292.5,337631,172.964
9,10,2,2,8,337.5,337824,59.6626
9,10,2,3,1,22.5,253474,74.8562
9,10,2,3,2,67.5,252913,154.207
9,10,2,3,3,112.5,249913,174.28
9,10,2,3,4,157.5,246696,226.29
9,10,2,3,5,202.5,247855,192.192
9,10,2,3,6,247.5,251056,201.986
9,10,2,3,7,292.5,252967,173.108
9,10,2,3,8,337.5,252329,67.096
9,10,2,4,1,22.5,187380,72.3222
9,10,2,4,2,67.5,186661,143.574
9,10,2,4,3,112.5,185207,141.067
9,10,2,4,4,157.5,182670,162.168
9,10,2,4,5,202.5,182138,141.636
9,10,2,4,6,247.5,185261,170.577
9,10,2,4,7,292.5,187089,139.224
9,10,2,4,8,337.5,186617,59.4515
9,10,2,5,1,22.5,240932,88.1107
9,10,2,5,2,67.5,241096,173.586
9,10,2,5,3,112.5,236701,166.115
9,10,2,5,4,157.5,233589,156.986
9,10,2,5,5,202.5,234348,130.639
9,10,2,5,6,247.5,238141,192.571
9,10,2,5,7,292.5,241010,160.302
9,10,2,5,8,337.5,239800,77.3993
9,10,2,6,1,22.5,136575,65.8255
9,10,2,6,2,67.5,135663,114.781
9,10,2,6,3,112.5,133543,106.046
9,10,2,6,4,157.5,130460,85.6504
9,10,2,6,5,202.5,131614,70.1039
9,10,2,6,6,247.5,134153,117.098
9,10,2,6,7,292.5,135542,104.165
9,10,2,6,8,337.5,135627,60.2234
9,10,2,7,1,22.5,79811,46.6504
9,10,2,7,2,67.5,79142,69.034
9,10,2,7,3,112.5,78159,62.189
9,10,2,7,4,157.5,76224,44.1501
9,10,2,7,5,202.5,77133,38.0796
9,10,2,7,6,247.5,78474,67.6327
9,10,2,7,7,292.5,79286,65.7792
9,10,2,7,8,337.5,79597,41.7309
9,10,2,8,1,22.5,63385,31.2396
9,10,2,8,2,67.5,63786,42.4892
9,10,2,8,3,112.5,62345,39.0199
9,10,2,8,4,157.5,60637,25.8113
9,10,2,8,5,202.5,60965,26.0847
9,10,2,8,6,247.5,62606,41.7364
9,10,2,8,7,292.5,63672,43.6993
9,10,2,8,8,337.5,62959,24.8966
9,10,2,9,1,22.5,28489,8.04504
9,10,2,9,2,67.5,28486,14.9722
9,10,2,9,3,112.5,28260,13.461
9,10,2,9,4,157.5,27463,4.95101
9,10,2,9,5,202.5,27333,6.96905
9,10,2,9,6,247.5,27952,19.3088
9,10,2,9,7,292.5,28639,12.8434
9,10,2,9,8,337.5,28768,8.28462
9,10,2,10,1,22.5,13597,0
9,10,2,10,2,67.5,13457,0
9,10,2,10,3,112.5,13441,0
9,10,2,10,4,157.5,12539,0
9,10,2,10,5,202.5,12865,0
9,10,2,10,6,247.5,13362,0
9,10,2,10,7,292.5,13493,0
9,10,2,10,8,337.5,13562,0
9,10,2,11,1,22.5,3581,0
9,10,2,11,2,67.5,3577,0
9,10,2,11,3,112.5,3335,0
9,10,2,11,4,157.5,3233,0
9,10,2,11,5,202.5,3320,0
9,10,2,11,6,247.5,3513,0
9,10,2,11,7,292.5,3423,0
9,10,2,11,8,337.5,3621,0
9,10,3,1,1,22.5,212566,76.4616
9,10,3,1,2,67.5,211965,162.345
9,10,3,1,3,112.5,210413,195.987
9,10,3,1,4,157.5,209973,303.168
9,10,3,1,5,202.5,211779,253.609
9,10,3,1,6,247.5,211424,175.555
9,10,3,1,7,292.5,212578,119.871
9,10,3,1,8,337.5,213302,96.2745
9,10,3,2,1,22.5,170419,39.2541
9,10,3,2,2,67.5,169006,115.692
9,10,3,2,3,112.5,168308,160.685
9,10,3,2,4,157.5,166835,257.425
9,10,3,2,5,202.5,167222,192.458
9,10,3,2,6,247.5,167923,145.258
9,10,3,2,7,292.5,169258,119.442
9,10,3,2,8,337.5,170343,33.3608
9,10,3,3,1,22.5,134153,26.9789
9,10,3,3,2,67.5,133051,99.5358
9,10,3,3,3,112.5,132020,129.099
9,10,3,3,4,157.5,130634,221.99
9,10,3,3,5,202.5,130647,164.016
9,10,3,3,6,247.5,131904,135.012
9,10,3,3,7,292.5,132770,111.669
9,10,3,3,8,337.5,134770,33.7205
9,10,3,4,1,22.5,104148,34.6051
9,10,3,4,2,67.5,103584,101.372
9,10,3,4,3,112.5,102345,107.98
9,10,3,4,4,157.5,100954,178.848
9,10,3,4,5,202.5,100811,136.856
9,10,3,4,6,247.5,103080,136.957
9,10,3,4,7,292.5,103597,111.051
9,10,3,4,8,337.5,104388,37.1785
9,10,3,5,1,22.5,142719,57.3047
9,10,3,5,2,67.5,142657,147.451
9,10,3,5,3,112.5,139162,135.495
9,10,3,5,4,157.5,137932,200.987
9,10,3,5,5,202.5,138346,156.137
9,10,3,5,6,247.5,140521,182.414
9,10,3,5,7,292.5,142807,139.321
9,10,3,5,8,337.5,143485,50.5769
9,10,3,6,1,22.5,85606,50.553
9,10,3,6,2,67.5,85170,124.333
9,10,3,6,3,112.5,83270,113.326
9,10,3,6,4,157.5,81425,140.395
9,10,3,6,5,202.5,81523,110.184
9,10,3,6,6,247.5,83548,145.077
9,10,3,6,7,292.5,85149,104.801
9,10,3,6,8,337.5,85073,48.3163
9,10,3,7,1,22.5,51299,46.0536
9,10,3,7,2,67.5,51100,96.3546
9,10,3,7,3,112.5,49915,90.337
9,10,3,7,4,157.5,48391,94.1771
9,10,3,7,5,202.5,48786,75.4883
9,10,3,7,6,247.5,49756,110.052
9,10,3,7,7,292.5,51014,81.4497
9,10,3,7,8,337.5,50807,45.9442
9,10,3,8,1,22.5,42153,51.758
9,10,3,8,2,67.5,42173,85.1396
9,10,3,8,3,112.5,41155,80.9933
9,10,3,8,4,157.5,40103,69.8059
9,10,3,8,5,202.5,40150,57.3221
9,10,3,8,6,247.5,41446,93.4582
9,10,3,8,7,292.5,42143,75.4074
9,10,3,8,8,337.5,41474,48.6198
9,10,3,9,1,22.5,21221,38.4893
9,10,3,9,2,67.5,21513,53.6562
9,10,3,9,3,112.5,20681,48.7505
9,10,3,9,4,157.5,20221,35.9287
9,10,3,9,5,202.5,20568,32.0273
9,10,3,9,6,247.5,20769,55.2401
9,10,3,9,7,292.5,21136,50.1565
9,10,3,9,8,337.5,21032,32.7143
9,10,3,10,1,22.5,13326,26.1479
9,10,3,10,2,67.5,13472,33.6759
9,10,3,10,3,112.5,13066,30.6624
9,10,3,10,4,157.5,12326,19.104
9,10,3,10,5,202.5,12671,16.9573
9,10,3,10,6,247.5,12999,32.8229
9,10,3,10,7,292.5,13419,32.7087
9,10,3,10,8,337.5,13320,21.3737
9,10,3,11,1,22.5,6578,11.3161
9,10,3,11,2,67.5,6683,14.9659
9,10,3,11,3,112.5,6317,13.9084
9,10,3,11,4,157.5,5953,8.83455
9,10,3,11,5,202.5,6282,5.48805
9,10,3,11,6,247.5,6439,14.1206
9,10,3,11,7,292.5,6464,16.5973
9,10,3,11,8,337.5,6621,9.60385
9,10,4,1,1,22.5,120230,64.1371
9,10,4,1,2,67.5,120263,96.9323
9,10,4,1,3,112.5,118879,180.086
9,10,4,1,4,157.5,117852,211.874
9,10,4,1,5,202.5,119266,177.242
9,10,4,1,6,247.5,119570,99.9233
9,10,4,1,7,292.5,120258,78.9022
9,10,4,1,8,337.5,119523,66.1957
9,10,4,2,1,22.5,98189,28.9348
9,10,4,2,2,67.5,98319,58.0271
9,10,4,2,3,112.5,97570,126.268
9,10,4,2,4,157.5,96603,194.936
9,10,4,2,5,202.5,96604,151.228
9,10,4,2,6,247.5,97560,79.7572
9,10,4,2,7,292.5,98507,64.9397
9,10,4,2,8,337.5,98566,30.0276
9,10,4,3,1,22.5,80309,19.4955
9,10,4,3,2,67.5,79394,48.4193
9,10,4,3,3,112.5,78204,100.743
9,10,4,3,4,157.5,77309,177.582
9,10,4,3,5,202.5,77776,126.515
9,10,4,3,6,247.5,78422,82.6825
9,10,4,3,7,292.5,79727,75.4673
9,10,4,3,8,337.5,80261,15.0341
9,10,4,4,1,22.5,65179,14.106
9,10,4,4,2,67.5,63993,59.8419
9,10,4,4,3,112.5,63127,80.5555
9,10,4,4,4,157.5,62007,156.635
9,10,4,4,5,202.5,62325,110.311
9,10,4,4,6,247.5,63031,88.6474
9,10,4,4,7,292.5,63984,82.6248
9,10,4,4,8,337.5,64344,13.9108
9,10,4,5,1,22.5,93185,21.1451
9,10,4,5,2,67.5,91784,100.889
9,10,4,5,3,112.5,89905,108.171
9,10,4,5,4,157.5,88544,185.404
9,10,4,5,5,202.5,88598,136.333
9,10,4,5,6,247.5,90338,129.386
9,10,4,5,7,292.5,92630,117.133
9,10,4,5,8,337.5,93175,22.9245
9,10,4,6,1,22.5,58286,21.6488
9,10,4,6,2,67.5,58032,100.922
9,10,4,6,3,112.5,56855,86.5458
9,10,4,6,4,157.5,55695,140.385
9,10,4,6,5,202.5,55681,107.398
9,10,4,6,6,247.5,56384,118.556
9,10,4,6,7,292.5,57935,94.6224
9,10,4,6,8,337.5,58142,20.7583
9,10,4,7,1,22.5,36236,18.5527
9,10,4,7,2,67.5,36223,85.2759
9,10,4,7,3,112.5,35019,73.4915
9,10,4,7,4,157.5,34359,106.317
9,10,4,7,5,202.5,34451,80.4986
9,10,4,7,6,247.5,35370,99.2589
9,10,4,7,7,292.5,36448,72.1914
9,10,4,7,8,337.5,36155,22.4691
9,10,4,8,1,22.5,30402,24.8063
9,10,4,8,2,67.5,30578,81.7865
9,10,4,8,3,112.5,29558,71.8817
9,10,4,8,4,157.5,28688,88.9045
9,10,4,8,5,202.5,29107,70.8839
9,10,4,8,6,247.5,29808,94.2072
9,10,4,8,7,292.5,30479,64.4007
9,10,4,8,8,337.5,30600,29.4841
9,10,4,9,1,22.5,15319,26.9182
9,10,4,9,2,67.5,15132,57.0106
9,10,4,9,3,112.5,14656,53.4198
9,10,4,9,4,157.5,14337,55.6473
9,10,4,9,5,202.5,14050,45.2525
9,10,4,9,6,247.5,14907,67.2413
9,10,4,9,7,292.5,15197,45.1716
9,10,4,9,8,337.5,15433,29.802
9,10,4,10,1,22.5,9318,27.2206
9,10,4,10,2,67.5,9597,43.924
9,10,4,10,3,112.5,9127,42.693
9,10,4,10,4,157.5,8640,38.593
9,10,4,10,5,202.5,8612,31.338
9,10,4,10,6,247.5,9143,49.1593
9,10,4,10,7,292.5,9447,37.2699
9,10,4,10,8,337.5,9346,26.1682
9,10,4,11,1,22.5,5200,21.6695
9,10,4,11,2,67.5,5133,30.4468
9,10,4,11,3,112.5,5016,29.7217
9,10,4,11,4,157.5,4584,23.2843
9,10,4,11,5,202.5,4661,19.4793
9,10,4,11,6,247.5,5038,32.5799
9,10,4,11,7,292.5,5157,28.5104
9,10,4,11,8,337.5,4968,19.5729
9,10,5,1,1,22.5,70210,57.0303
9,10,5,1,2,67.5,70302,85.2286
9,10,5,1,3,112.5,70341,130.811
9,10,5,1,4,157.5,69621,151.579
9,10,5,1,5,202.5,69708,130.595
9,10,5,1,6,247.5,70485,80.4985
9,10,5,1,7,292.5,70822,51.2787
9,10,5,1,8,337.5,70468,45.8687
9,10,5,2,1,22.5,58061,18.6284
9,10,5,2,2,67.5,57981,46.1171
9,10,5,2,3,112.5,57727,107.198
9,10,5,2,4,157.5,57472,147.682
9,10,5,2,5,202.5,57430,117.292
9,10,5,2,6,247.5,57566,49.7079
9,10,5,2,7,292.5,58207,30.7682
9,10,5,2,8,337.5,58970,13.7326
9,10,5,3,1,22.5,48454,7.61254
9,10,5,3,2,67.5,48154,25.6505
9,10,5,3,3,112.5,47309,86.7369
9,10,5,3,4,157.5,46477,147.489
9,10,5,3,5,202.5,46942,100.589
9,10,5,3,6,247.5,47813,49.0593
9,10,5,3,7,292.5,48531,46.4125
9,10,5,3,8,337.5,48112,8.56803
9,10,5,4,1,22.5,39700,5.68255
9,10,5,4,2,67.5,39205,24.89
9,10,5,4,3,112.5,38663,69.5622
9,10,5,4,4,157.5,38181,123.055
9,10,5,4,5,202.5,38113,89.6549
9,10,5,4,6,247.5,38623,55.874
9,10,5,4,7,292.5,39269,58.4983
9,10,5,4,8,337.5,39638,0
9,10,5,5,1,22.5,59258,8.15982
9,10,5,5,2,67.5,58071,55.5569
9,10,5,5,3,112.5,56908,81.8946
9,10,5,5,4,157.5,55861,149.381
9,10,5,5,5,202.5,55904,111.894
9,10,5,5,6,247.5,57351,88.4676
9,10,5,5,7,292.5,57906,88.4464
9,10,5,5,8,337.5,59425,11.4836
9,10,5,6,1,22.5,39056,10.5016
9,10,5,6,2,67.5,38501,67.8404
9,10,5,6,3,112.5,37147,64.7963
9,10,5,6,4,157.5,36748,122.378
9,10,5,6,5,202.5,36979,88.7253
9,10,5,6,6,247.5,37733,85.0057
9,10,5,6,7,292.5,38292,80.9939
9,10,5,6,8,337.5,39020,6.55861
9,10,5,7,1,22.5,25680,10.7607
9,10,5,7,2,67.5,25026,67.2234
9,10,5,7,3,112.5,24489,55.5951
9,10,5,7,4,157.5,23814,95.2204
9,10,5,7,5,202.5,23637,70.6442
9,10,5,7,6,247.5,24332,81.0326
9,10,5,7,7,292.5,25181,66.2779
9,10,5,7,8,337.5,25427,6.90841
9,10,5,8,1,22.5,22235,7.40168
9,10,5,8,2,67.5,21979,70.0714
9,10,5,8,3,112.5,21372,55.1472
9,10,5,8,4,157.5,20566,88.1828
9,10,5,8,5,202.5,20560,67.3969
9,10,5,8,6,247.5,21349,76.1967
9,10,5,8,7,292.5,22072,60.524
9,10,5,8,8,337.5,22140,10.5799
9,10,5,9,1,22.5,11161,9.01839
9,10,5,9,2,67.5,11326,50.4118
9,10,5,9,3,112.5,10802,41.2345
9,10,5,9,4,157.5,10293,58.6218
9,10,5,9,5,202.5,10318,44.5969
9,10,5,9,6,247.5,10949,57.6304
9,10,5,9,7,292.5,11131,39.3218
9,10,5,9,8,337.5,11218,13.9888
9,10,5,10,1,22.5,6476,13.049
9,10,5,10,2,67.5,6466,37.2898
9,10,5,10,3,112.5,6316,33.4575
9,10,5,10,4,157.5,5929,42.6213
9,10,5,10,5,202.5,5974,32.925
9,10,5,10,6,247.5,6296,44.2725
9,10,5,10,7,292.5,6537,28.8577
9,10,5,10,8,337.5,6556,17.1318
9,10,5,11,1,22.5,3118,13.8044
9,10,5,11,2,67.5,3061,24.2084
9,10,5,11,3,112.5,2972,25.015
9,10,5,11,4,157.5,2730,27.2189
9,10,5,11,5,202.5,2798,22.8832
9,10,5,11,6,247.5,2892,29.1872
9,10,5,11,7,292.5,3157,21.2143
9,10,5,11,8,337.5,3050,13.7467
9,10,6,1,1,22.5,37545,53.5764
9,10,6,1,2,67.5,37527,70.9597
9,10,6,1,3,112.5,37487,98.3513
9,10,6,1,4,157.5,37171,110.44
9,10,6,1,5,202.5,37794,95.4661
9,10,6,1,6,247.5,37701,65.5823
9,10,6,1,7,292.5,38186,44.9232
9,10,6,1,8,337.5,37836,42.3617
9,10,6,2,1,22.5,31894,18.1627
9,10,6,2,2,67.5,31493,46.3479
9,10,6,2,3,112.5,31328,85.3726
9,10,6,2,4,157.5,31142,109.618
9,10,6,2,5,202.5,30879,83.3477
9,10,6,2,6,247.5,31394,40.0688
9,10,6,2,7,292.5,31801,13.5205
9,10,6,2,8,337.5,31678,10.755
9,10,6,3,1,22.5,26455,4.46416
9,10,6,3,2,67.5,26270,25.0825
9,10,6,3,3,112.5,26157,70.7043
9,10,6,3,4,157.5,25804,99.5564
9,10,6,3,5,202.5,25854,80.9019
9,10,6,3,6,247.5,25985,33.438
9,10,6,3,7,292.5,26679,22.9448
9,10,6,3,8,337.5,26795,0
9,10,6,4,1,22.5,21971,0
9,10,6,4,2,67.5,21624,14.3313
9,10,6,4,3,112.5,21512,58.1869
9,10,6,4,4,157.5,21042,89.8494
9,10,6,4,5,202.5,21279,69.8127
9,10,6,4,6,247.5,21588,34.411
9,10,6,4,7,292.5,22159,34.5503
9,10,6,4,8,337.5,22265,0
9,10,6,5,1,22.5,33435,0
9,10,6,5,2,67.5,33194,25.1719
9,10,6,5,3,112.5,32278,66.5485
9,10,6,5,4,157.5,31474,112.523
9,10,6,5,5,202.5,31675,84.9455
9,10,6,5,6,247.5,31824,55.2354
9,10,6,5,7,292.5,32874,59.6543
9,10,6,5,8,337.5,33555,7.28931
9,10,6,6,1,22.5,22323,0
9,10,6,6,2,67.5,22159,39.2272
9,10,6,6,3,112.5,21312,49.4638
9,10,6,6,4,157.5,20813,91.9828
9,10,6,6,5,202.5,20882,68.7251
9,10,6,6,6,247.5,21445,55.6095
9,10,6,6,7,292.5,21888,58.6712
9,10,6,6,8,337.5,22276,0
9,10,6,7,1,22.5,14373,4.12985
9,10,6,7,2,67.5,14356,42.7569
9,10,6,7,3,112.5,13882,39.7732
9,10,6,7,4,157.5,13307,74.3235
9,10,6,7,5,202.5,13443,53.9995
9,10,6,7,6,247.5,14067,52.3076
9,10,6,7,7,292.5,14125,49.5231
9,10,6,7,8,337.5,14727,0
9,10,6,8,1,22.5,12608,6.26285
9,10,6,8,2,67.5,12349,47.0747
9,10,6,8,3,112.5,11880,39.1274
9,10,6,8,4,157.5,11433,68.0699
9,10,6,8,5,202.5,11552,51.1961
9,10,6,8,6,247.5,11949,52.3431
9,10,6,8,7,292.5,12119,48.0156
9,10,6,8,8,337.5,12821,0
9,10,6,9,1,22.5,6198,0
9,10,6,9,2,67.5,5987,35.4758
9,10,6,9,3,112.5,5736,28.584
9,10,6,9,4,157.5,5545,45.8235
9,10,6,9,5,202.5,5498,33.5925
9,10,6,9,6,247.5,5940,39.4846
9,10,6,9,7,292.5,5992,30.5444
9,10,6,9,8,337.5,6090,0
9,10,6,10,1,22.5,3218,0
9,10,6,10,2,67.5,3253,27.4163
9,10,6,10,3,112.5,2965,20.9554
9,10,6,10,4,157.5,2898,31.4931
9,10,6,10,5,202.5,2934,23.7899
9,10,6,10,6,247.5,3048,29.0733
9,10,6,10,7,292.5,3095,20.3923
9,10,6,10,8,337.5,3161,5.33054
9,10,6,11,1,22.5,1107,4.09852
9,10,6,11,2,67.5,1070,13.9372
9,10,6,11,3,112.5,996,13.2644
9,10,6,11,4,157.5,923,16.8227
9,10,6,11,5,202.5,936,13.278
9,10,6,11,6,247.5,1027,17.9113
9,10,6,11,7,292.5,1063,12.1998
9,10,6,11,8,337.5,1081,0
9,10,7,1,1,22.5,15522,39.6157
9,10,7,1,2,67.5,15449,51.1627
9,10,7,1,3,112.5,15539,64.755
9,10,7,1,4,157.5,15278,71.6626
9,10,7,1,5,202.5,15387,60.4555
9,10,7,1,6,247.5,15533,46.3027
9,10,7,1,7,292.5,15836,34.0668
9,10,7,1,8,337.5,15866,32.3347
9,10,7,2,1,22.5,13108,19.4046
9,10,7,2,2,67.5,13023,35.9282
9,10,7,2,3,112.5,12765,57.0337
9,10,7,2,4,157.5,12556,70.5447
9,10,7,2,5,202.5,12557,55.0982
9,10,7,2,6,247.5,12799,28.2088
9,10,7,2,7,292.5,12673,8.31329
9,10,7,2,8,337.5,12994,8.54812
9,10,7,3,1,22.5,10300,6.89117
9,10,7,3,2,67.5,10428,21.9311
9,10,7,3,3,112.5,10403,48.839
9,10,7,3,4,157.5,10154,64.0826
9,10,7,3,5,202.5,10346,50.7265
9,10,7,3,6,247.5,10385,22.8881
9,10,7,3,7,292.5,10445,10.1607
9,10,7,3,8,337.5,10544,0
9,10,7,4,1,22.5,8690,0
9,10,7,4,2,67.5,8704,13.6005
9,10,7,4,3,112.5,8485,39.6416
9,10,7,4,4,157.5,8360,58.5985
9,10,7,4,5,202.5,8232,41.9795
9,10,7,4,6,247.5,8481,17.9354
9,10,7,4,7,292.5,8620,15.3798
9,10,7,4,8,337.5,8778,0
9,10,7,5,1,22.5,12355,0
9,10,7,5,2,67.5,12442,8.5241
9,10,7,5,3,112.5,12319,46.0526
9,10,7,5,4,157.5,11563,71.6879
9,10,7,5,5,202.5,11902,54.9079
9,10,7,5,6,247.5,12329,31.6427
9,10,7,5,7,292.5,12324,30.8985
9,10,7,5,8,337.5,12541,0
9,10,7,6,1,22.5,7970,0
9,10,7,6,2,67.5,7741,14.0046
9,10,7,6,3,112.5,7699,31.9608
9,10,7,6,4,157.5,7172,55.1082
9,10,7,6,5,202.5,7449,39.8093
9,10,7,6,6,247.5,7420,29.1552
9,10,7,6,7,292.5,7721,31.5796
9,10,7,6,8,337.5,7968,0
9,10,7,7,1,22.5,4769,0
9,10,7,7,2,67.5,4753,16.2287
9,10,7,7,3,112.5,4446,22.1586
9,10,7,7,4,157.5,4209,41.2956
9,10,7,7,5,202.5,4285,29.247
9,10,7,7,6,247.5,4536,26.3769
9,10,7,7,7,292.5,4570,25.8807
9,10,7,7,8,337.5,4789,0
9,10,7,8,1,22.5,3352,0
9,10,7,8,2,67.5,3372,18.7315
9,10,7,8,3,112.5,3201,18.7729
9,10,7,8,4,157.5,2985,33.8769
9,10,7,8,5,202.5,3166,25.5291
9,10,7,8,6,247.5,3226,25.046
9,10,7,8,7,292.5,3342,21.8617
9,10,7,8,8,337.5,3265,0
9,10,7,9,1,22.5,1214,0
9,10,7,9,2,67.5,1126,10.8782
9,10,7,9,3,112.5,1070,9.93263
9,10,7,9,4,157.5,1029,17.802
9,10,7,9,5,202.5,1004,12.4202
9,10,7,9,6,247.5,1099,14.1638
9,10,7,9,7,292.5,1115,11.3476
9,10,7,9,8,337.5,1153,0
9,10,7,10,1,22.5,381,0
9,10,7,10,2,67.5,396,7.88786
9,10,7,10,3,112.5,325,0
9,10,7,10,4,157.5,299,9.27122
9,10,7,10,5,202.5,304,7.56365
9,10,7,10,6,247.5,355,6.19643
9,10,7,10,7,292.5,344,6.69233
9,10,7,10,8,337.5,356,0
9,10,7,11,1,22.5,31,0
9,10,7,11,2,67.5,38,0
9,10,7,11,3,112.5,36,0
9,10,7,11,4,157.5,28,0
9,10,7,11,5,202.5,32,0
9,10,7,11,6,247.5,33,0
9,10,7,11,7,292.5,41,0
9,10,7,11,8,337.5,31,0
9,10,8,1,1,22.5,2387,12.9152
9,10,8,1,2,67.5,2384,16.7792
9,10,8,1,3,112.5,2264,20.6212
9,10,8,1,4,157.5,2369,25.1568
9,10,8,1,5,202.5,2347,20.8314
9,10,8,1,6,247.5,2340,15.0744
9,10,8,1,7,292.5,2402,11.7951
9,10,8,1,8,337.5,2336,11.1357
9,10,8,2,1,22.5,1592,0
9,10,8,2,2,67.5,1640,12.1441
9,10,8,2,3,112.5,1651,17.463
9,10,8,2,4,157.5,1593,20.5317
9,10,8,2,5,202.5,1618,15.26
9,10,8,2,6,247.5,1655,9.33113
9,10,8,2,7,292.5,1666,0
9,10,8,2,8,337.5,1677,0
9,10,8,3,1,22.5,1180,0
9,10,8,3,2,67.5,1151,7.11267
9,10,8,3,3,112.5,1116,13.018
9,10,8,3,4,157.5,1066,15.5696
9,10,8,3,5,202.5,1127,12.0646
9,10,8,3,6,247.5,1128,6.32784
9,10,8,3,7,292.5,1100,0
9,10,8,3,8,337.5,1123,0
9,10,8,4,1,22.5,732,0
9,10,8,4,2,67.5,716,0
9,10,8,4,3,112.5,695,9.28629
9,10,8,4,4,157.5,690,12.8033
9,10,8,4,5,202.5,754,9.75191
9,10,8,4,6,247.5,726,3.75666
9,10,8,4,7,292.5,728,0
9,10,8,4,8,337.5,733,0
9,10,8,5,1,22.5,753,0
9,10,8,5,2,67.5,778,0
9,10,8,5,3,112.5,684,7.90466
9,10,8,5,4,157.5,655,10.7007
9,10,8,5,5,202.5,707,9.90425
9,10,8,5,6,247.5,714,5.5371
9,10,8,5,7,292.5,685,4.42761
9,10,8,5,8,337.5,696,0
9,10,8,6,1,22.5,245,0
9,10,8,6,2,67.5,210,0
9,10,8,6,3,112.5,224,0
9,10,8,6,4,157.5,227,4.88646
9,10,8,6,5,202.5,232,5.38845
9,10,8,6,6,247.5,242,0
9,10,8,6,7,292.5,249,0
9,10,8,6,8,337.5,260,0
9,10,8,7,1,22.5,65,0
9,10,8,7,2,67.5,58,0
9,10,8,7,3,112.5,56,0
9,10,8,7,4,157.5,53,0
9,10,8,7,5,202.5,61,0
9,10,8,7,6,247.5,61,0
9,10,8,7,7,292.5,56,0
9,10,8,7,8,337.5,58,0
9,10,8,8,1,22.5,8,0
9,10,8,8,2,67.5,8,0
9,10,8,8,3,112.5,6,0
9,10,8,8,4,157.5,4,0
9,10,8,8,5,202.5,12,0
9,10,8,8,6,247.5,9,0
9,10,8,8,7,292.5,5,0
9,10,8,8,8,337.5,10,0
9,10,8,9,1,22.5,0,0
9,10,8,9,2,67.5,0,0
9,10,8,9,3,112.5,0,0
9,10,8,9,4,157.5,0,0
9,10,8,9,5,202.5,0,0
9,10,8,9,6,247.5,0,0
9,10,8,9,7,292.5,0,0
9,10,8,9,8,337.5,0,0
9,10,8,10,1,22.5,0,0
9,10,8,10,2,67.5,0,0
9,10,8,10,3,112.5,0,0
9,10,8,10,4,157.5,0,0
9,10,8,10,5,202.5,0,0
9,10,8,10,6,247.5,0,0
9,10,8,10,7,292.5,0,0
9,10,8,10,8,337.5,0,0
9,10,8,11,1,22.5,0,0
9,10,8,11,2,67.5,0,0
9,10,8,11,3,112.5,0,0
9,10,8,11,4,157.5,0,0
9,10,8,11,5,202.5,0,0
9,10,8,11,6,247.5,0,0
9,10,8,11,7,292.5,0,0
9,10,8,11,8,337.5,0,0
10,11,1,1,1,22.5,4.69794e+06,46.9979
10,11,1,1,2,67.5,4.70249e+06,124.08
10,11,1,1,3,112.5,4.69616e+06,126.556
10,11,1,1,4,157.5,4.6908e+06,92.8492
10,11,1,1,5,202.5,4.68902e+06,110.176
10,11,1,1,6,247.5,4.69747e+06,116.936
10,11,1,1,7,292.5,4.69848e+06,75.8583
10,11,1,1,8,337.5,4.69495e+06,37.249
10,11,1,2,1,22.5,1.92671e+06,21.4698
10,11,1,2,2,67.5,1.93163e+06,55.3746
10,11,1,2,3,112.5,1.92396e+06,67.6229
10,11,1,2,4,157.5,1.91543e+06,79.3751
10,11,1,2,5,202.5,1.91634e+06,56.3107
10,11,1,2,6,247.5,1.92411e+06,68.3379
10,11,1,2,7,292.5,1.93128e+06,65.9617
10,11,1,2,8,337.5,1.92731e+06,20.1726
10,11,1,3,1,22.5,945185,23.1521
10,11,1,3,2,67.5,946661,44.0694
10,11,1,3,3,112.5,941737,37.1122
10,11,1,3,4,157.5,935975,27.0564
10,11,1,3,5,202.5,934510,23.5867
10,11,1,3,6,247.5,942290,40.1141
10,11,1,3,7,292.5,949213,45.9935
10,11,1,3,8,337.5,942741,17.3805
10,11,1,4,1,22.5,508102,14.3342
10,11,1,4,2,67.5,509887,30.5739
10,11,1,4,3,112.5,506478,21.0088
10,11,1,4,4,157.5,502918,7.69196
10,11,1,4,5,202.5,503715,9.12967
10,11,1,4,6,247.5,508680,23.0313
10,11,1,4,7,292.5,510071,29.6791
10,11,1,4,8,337.5,509574,10.9789
10,11,1,5,1,22.5,460284,9.30233
10,11,1,5,2,67.5,461224,20.0055
10,11,1,5,3,112.5,458526,12.598
10,11,1,5,4,157.5,454442,0
10,11,1,5,5,202.5,455492,0
10,11,1,5,6,247.5,459910,13.9635
10,11,1,5,7,292.5,461782,18.7914
10,11,1,5,8,337.5,462979,9.57389
10,11,1,6,1,22.5,156493,0
10,11,1,6,2,67.5,157666,0
10,11,1,6,3,112.5,156173,0
10,11,1,6,4,157.5,154484,0
10,11,1,6,5,202.5,154472,0
10,11,1,6,6,247.5,157251,0
10,11,1,6,7,292.5,157662,0
10,11,1,6,8,337.5,157608,0
10,11,1,7,1,22.5,49124,0
10,11,1,7,2,67.5,49271,0
10,11,1,7,3,112.5,48997,0
10,11,1,7,4,157.5,47940,0
10,11,1,7,5,202.5,48272,0
10,11,1,7,6,247.5,48658,0
10,11,1,7,7,292.5,49503,0
10,11,1,7,8,337.5,49344,0
10,11,1,8,1,22.5,14916,0
10,11,1,8,2,67.5,14763,0
10,11,1,8,3,112.5,14628,0
10,11,1,8,4,157.5,14455,0
10,11,1,8,5,202.5,14429,0
10,11,1,8,6,247.5,14732,0
10,11,1,8,7,292.5,15134,0
10,11,1,8,8,337.5,14870,0
10,11,1,9,1,22.5,1239,0
10,11,1,9,2,67.5,1273,0
10,11,1,9,3,112.5,1239,0
10,11,1,9,4,157.5,1174,0
10,11,1,9,5,202.5,1197,0
10,11,1,9,6,247.5,1214,0
10,11,1,9,7,292.5,1304,0
10,11,1,9,8,337.5,1211,0
10,11,1,10,1,22.5,48,0
10,11,1,10,2,67.5,33,0
10,11,1,10,3,112.5,45,0
10,11,1,10,4,157.5,37,0
10,11,1,10,5,202.5,53,0
10,11,1,10,6,247.5,40,0
10,11,1,10,7,292.5,38,0
10,11,1,10,8,337.5,56,0
10,11,1,11,1,22.5,0,0
10,11,1,11,2,67.5,0,0
10,11,1,11,3,112.5,0,0
10,11,1,11,4,157.5,0,0
10,11,1,11,5,202.5,0,0
10,11,1,11,6,247.5,0,0
10,11,1,11,7,292.5,0,0
10,11,1,11,8,337.5,0,0
10,11,2,1,1,22.5,529355,162.506
10,11,2,1,2,67.5,528496,293.561
10,11,2,1,3,112.5,526995,297.831
10,11,2,1,4,157.5,526386,453.337
10,11,2,1,5,202.5,525541,471.986
10,11,2,1,6,247.5,528354,328.645
10,11,2,1,7,292.5,529117,310.09
10,11,2,1,8,337.5,529356,210.865
10,11,2,2,1,22.5,398530,73.631
10,11,2,2,2,67.5,398879,187.684
10,11,2,2,3,112.5,395136,217.47
10,11,2,2,4,157.5,394882,275.542
10,11,2,2,5,202.5,394243,215.163
10,11,2,2,6,247.5,396625,221.853
10,11,2,2,7,292.5,397925,166.088
10,11,2,2,8,337.5,398080,75.7044
10,11,2,3,1,22.5,294694,73.2522
10,11,2,3,2,67.5,294447,146.02
10,11,2,3,3,112.5,292219,147.25
10,11,2,3,4,157.5,290542,157.182
10,11,2,3,5,202.5,289936,129.293
10,11,2,3,6,247.5,291673,164.978
10,11,2,3,7,292.5,296483,155.452
10,11,2,3,8,337.5,294691,71.6507
10,11,2,4,1,22.5,215009,68.8702
10,11,2,4,2,67.5,215573,134.488
10,11,2,4,3,112.5,212443,108.616
10,11,2,4,4,157.5,211893,98.0667
10,11,2,4,5,202.5,210966,89.5178
10,11,2,4,6,247.5,213782,125.879
10,11,2,4,7,292.5,215636,131.983
10,11,2,4,8,337.5,215042,59.4137
10,11,2,5,1,22.5,274420,73.5725
10,11,2,5,2,67.5,275565,147.972
10,11,2,5,3,112.5,271483,104.12
10,11,2,5,4,157.5,268519,69.5506
10,11,2,5,5,202.5,269628,61.8653
10,11,2,5,6,247.5,272752,125.478
10,11,2,5,7,292.5,275716,138.431
10,11,2,5,8,337.5,274832,63.2233
10,11,2,6,1,22.5,154782,45.6709
10,11,2,6,2,67.5,154201,88.9142
10,11,2,6,3,112.5,152735,73.4135
10,11,2,6,4,157.5,149848,26.5989
10,11,2,6,5,202.5,151588,26.2592
10,11,2,6,6,247.5,153331,60.5895
10,11,2,6,7,292.5,154432,77.5511
10,11,2,6,8,337.5,154556,44.325
10,11,2,7,1,22.5,87047,26.9901
10,11,2,7,2,67.5,87042,42.3619
10,11,2,7,3,112.5,86312,25.9495
10,11,2,7,4,157.5,84769,8.64822
10,11,2,7,5,202.5,84996,9.49077
10,11,2,7,6,247.5,86944,29.3588
10,11,2,7,7,292.5,87307,39.3203
10,11,2,7,8,337.5,87329,24.9048
10,11,2,8,1,22.5,58500,14.3133
10,11,2,8,2,67.5,58653,20.5945
10,11,2,8,3,112.5,58073,11.7204
10,11,2,8,4,157.5,56899,0
10,11,2,8,5,202.5,56620,0
10,11,2,8,6,247.5,58066,12.1295
10,11,2,8,7,292.5,58518,17.3723
10,11,2,8,8,337.5,58424,12.59
10,11,2,9,1,22.5,16542,0
10,11,2,9,2,67.5,16720,0
10,11,2,9,3,112.5,16558,0
10,11,2,9,4,157.5,15997,0
10,11,2,9,5,202.5,16130,0
10,11,2,9,6,247.5,16642,0
10,11,2,9,7,292.5,16791,0
10,11,2,9,8,337.5,16658,0
10,11,2,10,1,22.5,3774,0
10,11,2,10,2,67.5,3767,0
10,11,2,10,3,112.5,3717,3.62397
10,11,2,10,4,157.5,3534,0
10,11,2,10,5,202.5,3538,0
10,11,2,10,6,247.5,3733,0
10,11,2,10,7,292.5,3825,0
10,11,2,10,8,337.5,3727,0
10,11,2,11,1,22.5,276,0
10,11,2,11,2,67.5,247,0
10,11,2,11,3,112.5,263,0
10,11,2,11,4,157.5,231,0
10,11,2,11,5,202.5,238,0
10,11,2,11,6,247.5,243,0
10,11,2,11,7,292.5,273,0
10,11,2,11,8,337.5,243,0
10,11,3,1,1,22.5,262200,178.843
10,11,3,1,2,67.5,261643,239.535
10,11,3,1,3,112.5,261463,317.586
10,11,3,1,4,157.5,260735,390.433
10,11,3,1,5,202.5,262219,345.191
10,11,3,1,6,247.5,262371,244.746
10,11,3,1,7,292.5,262237,209.104
10,11,3,1,8,337.5,262445,158.912
10,11,3,2,1,22.5,210465,85.2254
10,11,3,2,2,67.5,209502,148.98
10,11,3,2,3,112.5,207489,197.947
10,11,3,2,4,157.5,207322,284.652
10,11,3,2,5,202.5,207667,242.097
10,11,3,2,6,247.5,208762,205.21
10,11,3,2,7,292.5,209645,154.354
10,11,3,2,8,337.5,210018,75.3346
10,11,3,3,1,22.5,164939,45.8305
10,11,3,3,2,67.5,165267,125.8
10,11,3,3,3,112.5,163517,140.645
10,11,3,3,4,157.5,162680,214.366
10,11,3,3,5,202.5,162167,172.162
10,11,3,3,6,247.5,163112,150.537
10,11,3,3,7,292.5,164252,137.756
10,11,3,3,8,337.5,164800,46.0775
10,11,3,4,1,22.5,128704,44.2282
10,11,3,4,2,67.5,127497,126.799
10,11,3,4,3,112.5,126685,115.459
10,11,3,4,4,157.5,125480,161.086
10,11,3,4,5,202.5,125200,130.999
10,11,3,4,6,247.5,126889,138.98
10,11,3,4,7,292.5,128167,135.579
10,11,3,4,8,337.5,128378,52.7982
10,11,3,5,1,22.5,174528,72.4599
10,11,3,5,2,67.5,174569,175.995
10,11,3,5,3,112.5,170896,143.868
10,11,3,5,4,157.5,169579,161.37
10,11,3,5,5,202.5,168459,128.478
10,11,3,5,6,247.5,172603,169.67
10,11,3,5,7,292.5,175021,169.324
10,11,3,5,8,337.5,174902,67.3757
10,11,3,6,1,22.5,102009,57.1521
10,11,3,6,2,67.5,102452,136.997
10,11,3,6,3,112.5,100341,102.272
10,11,3,6,4,157.5,98516,86.7834
10,11,3,6,5,202.5,99063,71.8156
10,11,3,6,6,247.5,100622,121.371
10,11,3,6,7,292.5,103057,120.772
10,11,3,6,8,337.5,102316,53.9362
10,11,3,7,1,22.5,59962,45.8277
10,11,3,7,2,67.5,59983,97.9456
10,11,3,7,3,112.5,58589,69.9406
10,11,3,7,4,157.5,57528,48.1514
10,11,3,7,5,202.5,58047,40.0761
10,11,3,7,6,247.5,58922,81.5992
10,11,3,7,7,292.5,59893,84.8489
10,11,3,7,8,337.5,60189,47.4636
10,11,3,8,1,22.5,46556,43.5822
10,11,3,8,2,67.5,46676,74.2618
10,11,3,8,3,112.5,45488,51.2417
10,11,3,8,4,157.5,44388,35.068
10,11,3,8,5,202.5,44836,22.6341
10,11,3,8,6,247.5,45597,58.0047
10,11,3,8,7,292.5,46722,63.6512
10,11,3,8,8,337.5,46541,44.9158
10,11,3,9,1,22.5,19215,26.4527
10,11,3,9,2,67.5,19014,35.212
10,11,3,9,3,112.5,18896,25.9459
10,11,3,9,4,157.5,18191,0
10,11,3,9,5,202.5,18075,5.95989
10,11,3,9,6,247.5,18725,27.3441
10,11,3,9,7,292.5,19266,33.8265
10,11,3,9,8,337.5,19074,23.8029
10,11,3,10,1,22.5,7553,10.9089
10,11,3,10,2,67.5,7464,16.5862
10,11,3,10,3,112.5,7266,11.1905
10,11,3,10,4,157.5,7100,0
10,11,3,10,5,202.5,7053,0
10,11,3,10,6,247.5,7455,12.107
10,11,3,10,7,292.5,7581,15.1854
10,11,3,10,8,337.5,7631,12.2152
10,11,3,11,1,22.5,1378,0
10,11,3,11,2,67.5,1307,6.0087
10,11,3,11,3,112.5,1362,0
10,11,3,11,4,157.5,1216,0
10,11,3,11,5,202.5,1283,0
10,11,3,11,6,247.5,1319,0
10,11,3,11,7,292.5,1393,4.52178
10,11,3,11,8,337.5,1372,0
10,11,4,1,1,22.5,159801,127.954
10,11,4,1,2,67.5,160703,180.567
10,11,4,1,3,112.5,159431,245.93
10,11,4,1,4,157.5,158792,283.945
10,11,4,1,5,202.5,160199,247.006
10,11,4,1,6,247.5,160726,178.212
10,11,4,1,7,292.5,160184,127.173
10,11,4,1,8,337.5,160946,116.241
10,11,4,2,1,22.5,130694,66.1654
10,11,4,2,2,67.5,130842,100.837
10,11,4,2,3,112.5,129881,164.122
10,11,4,2,4,157.5,129115,235.797
10,11,4,2,5,202.5,129437,202.761
10,11,4,2,6,247.5,129990,125.717
10,11,4,2,7,292.5,130772,96.0245
10,11,4,2,8,337.5,131437,68.849
10,11,4,3,1,22.5,105920,46.1507
10,11,4,3,2,67.5,105542,76.7772
10,11,4,3,3,112.5,104386,121.857
10,11,4,3,4,157.5,103490,195.385
10,11,4,3,5,202.5,103099,158.061
10,11,4,3,6,247.5,104402,99.9584
10,11,4,3,7,292.5,105474,102.538
10,11,4,3,8,337.5,105625,44.4799
10,11,4,4,1,22.5,84573,30.2484
10,11,4,4,2,67.5,84155,80.7093
10,11,4,4,3,112.5,82439,100.803
10,11,4,4,4,157.5,82378,169.013
10,11,4,4,5,202.5,82063,134.516
10,11,4,4,6,247.5,83578,99.698
10,11,4,4,7,292.5,84133,112.406
10,11,4,4,8,337.5,84223,28.4134
10,11,4,5,1,22.5,119508,37.3957
10,11,4,5,2,67.5,118600,130.193
10,11,4,5,3,112.5,117160,118.438
10,11,4,5,4,157.5,114745,190.233
10,11,4,5,5,202.5,115403,148.556
10,11,4,5,6,247.5,117842,140.983
10,11,4,5,7,292.5,118565,158.626
10,11,4,5,8,337.5,120362,42.2783
10,11,4,6,1,22.5,73110,38.0735
10,11,4,6,2,67.5,72481,122.192
10,11,4,6,3,112.5,71142,94.0292
10,11,4,6,4,157.5,69862,125.954
10,11,4,6,5,202.5,69666,100.187
10,11,4,6,6,247.5,71555,121.45
10,11,4,6,7,292.5,73171,125.196
10,11,4,6,8,337.5,72810,35.8547
10,11,4,7,1,22.5,44120,29.9897
10,11,4,7,2,67.5,43505,101.469
10,11,4,7,3,112.5,42493,75.4658
10,11,4,7,4,157.5,41471,81.2493
10,11,4,7,5,202.5,41386,65.5455
10,11,4,7,6,247.5,42795,96.2212
10,11,4,7,7,292.5,43969,91.15
10,11,4,7,8,337.5,43744,27.9615
10,11,4,8,1,22.5,34013,29.102
10,11,4,8,2,67.5,33891,88.7596
10,11,4,8,3,112.5,32879,65.9208
10,11,4,8,4,157.5,31560,58.9677
10,11,4,8,5,202.5,32227,49.3316
10,11,4,8,6,247.5,32984,83.7349
10,11,4,8,7,292.5,33878,73.1425
10,11,4,8,8,337.5,34087,33.6011
10,11,4,9,1,22.5,13701,24.0394
10,11,4,9,2,67.5,13917,52.3944
10,11,4,9,3,112.5,13393,41.0579
10,11,4,9,4,157.5,12933,27.8989
10,11,4,9,5,202.5,13153,23.7231
10,11,4,9,6,247.5,13572,50.0254
10,11,4,9,7,292.5,13749,43.3369
10,11,4,9,8,337.5,13903,26.6597
10,11,4,10,1,22.5,5815,19.7125
10,11,4,10,2,67.5,5764,31.7946
10,11,4,10,3,112.5,5597,25.3462
10,11,4,10,4,157.5,5321,12.7285
10,11,4,10,5,202.5,5524,11.8019
10,11,4,10,6,247.5,5591,29.3467
10,11,4,10,7,292.5,5779,26.695
10,11,4,10,8,337.5,5601,19.5776
10,11,4,11,1,22.5,1322,10.9202
10,11,4,11,2,67.5,1318,13.5608
10,11,4,11,3,112.5,1214,11.1148
10,11,4,11,4,157.5,1161,0
10,11,4,11,5,202.5,1157,0
10,11,4,11,6,247.5,1284,13.9667
10,11,4,11,7,292.5,1260,13.3373
10,11,4,11,8,337.5,1283,10.4829
10,11,5,1,1,22.5,96129,127.253
10,11,5,1,2,67.5,96632,150.264
10,11,5,1,3,112.5,96538,186.918
10,11,5,1,4,157.5,96564,209.02
10,11,5,1,5,202.5,97309,184.087
10,11,5,1,6,247.5,97153,137.188
10,11,5,1,7,292.5,97119,98.5963
10,11,5,1,8,337.5,97465,98.2952
10,11,5,2,1,22.5,79594,56.1385
10,11,5,2,2,67.5,79841,81.3928
10,11,5,2,3,112.5,78780,142.524
10,11,5,2,4,157.5,78769,185.699
10,11,5,2,5,202.5,78455,165.642
10,11,5,2,6,247.5,79259,79.7846
10,11,5,2,7,292.5,79721,47.4406
10,11,5,2,8,337.5,79777,44.5804
10,11,5,3,1,22.5,65286,31.4534
10,11,5,3,2,67.5,64684,47.1295
10,11,5,3,3,112.5,63846,111.477
10,11,5,3,4,157.5,63998,173.517
10,11,5,3,5,202.5,63628,132
10,11,5,3,6,247.5,64648,65.1072
10,11,5,3,7,292.5,64531,59.7141
10,11,5,3,8,337.5,65280,30.1504
10,11,5,4,1,22.5,52584,23.3964
10,11,5,4,2,67.5,52585,39.5549
10,11,5,4,3,112.5,51997,88.8595
10,11,5,4,4,157.5,51103,146.526
10,11,5,4,5,202.5,51473,115.997
10,11,5,4,6,247.5,51693,64.6659
10,11,5,4,7,292.5,52638,74.8586
10,11,5,4,8,337.5,52624,23.1907
10,11,5,5,1,22.5,76141,24.4726
10,11,5,5,2,67.5,76223,75.8245
10,11,5,5,3,112.5,74044,99.5679
10,11,5,5,4,157.5,73171,171.059
10,11,5,5,5,202.5,73003,134.168
10,11,5,5,6,247.5,73933,96.1088
10,11,5,5,7,292.5,75918,117.056
10,11,5,5,8,337.5,75868,27.0044
10,11,5,6,1,22.5,47952,22.5582
10,11,5,6,2,67.5,47114,85.7113
10,11,5,6,3,112.5,45913,76.8747
10,11,5,6,4,157.5,45302,127.079
10,11,5,6,5,202.5,45133,98.494
10,11,5,6,6,247.5,46122,90.5774
10,11,5,6,7,292.5,47212,105.72
10,11,5,6,8,337.5,47485,22.4892
10,11,5,7,1,22.5,28717,18.749
10,11,5,7,2,67.5,28436,78.3252
10,11,5,7,3,112.5,27256,60.605
10,11,5,7,4,157.5,27142,89.5962
10,11,5,7,5,202.5,26802,70.1428
10,11,5,7,6,247.5,27530,76.1052
10,11,5,7,7,292.5,28640,83.562
10,11,5,7,8,337.5,28500,15.6857
10,11,5,8,1,22.5,21572,15.5756
10,11,5,8,2,67.5,21395,72.0215
10,11,5,8,3,112.5,20475,53.2775
10,11,5,8,4,157.5,19637,70.5365
10,11,5,8,5,202.5,20101,56.9559
10,11,5,8,6,247.5,20831,70.9739
10,11,5,8,7,292.5,21129,67.4649
10,11,5,8,8,337.5,21699,13.1592
10,11,5,9,1,22.5,8117,9.11784
10,11,5,9,2,67.5,8096,44.1958
10,11,5,9,3,112.5,7646,35.0747
10,11,5,9,4,157.5,7260,40.4595
10,11,5,9,5,202.5,7549,31.7741
10,11,5,9,6,247.5,7786,43.6295
10,11,5,9,7,292.5,8090,37.7357
10,11,5,9,8,337.5,8100,13.0239
10,11,5,10,1,22.5,2921,5.95036
10,11,5,10,2,67.5,3035,26.5672
10,11,5,10,3,112.5,2799,20.292
10,11,5,10,4,157.5,2663,23.1652
10,11,5,10,5,202.5,2723,18.6198
10,11,5,10,6,247.5,2782,28.074
10,11,5,10,7,292.5,2884,21.5999
10,11,5,10,8,337.5,2886,9.76862
10,11,5,11,1,22.5,547,4.10793
10,11,5,11,2,67.5,523,11.3004
10,11,5,11,3,112.5,479,10.7117
10,11,5,11,4,157.5,488,9.44974
10,11,5,11,5,202.5,483,7.71813
10,11,5,11,6,247.5,514,11.6352
10,11,5,11,7,292.5,528,9.52394
10,11,5,11,8,337.5,570,6.60738
10,11,6,1,1,22.5,50085,95.5933
10,11,6,1,2,67.5,50422,119.258
10,11,6,1,3,112.5,50585,136.055
10,11,6,1,4,157.5,50016,146.16
10,11,6,1,5,202.5,50082,129.229
10,11,6,1,6,247.5,50541,102.273
10,11,6,1,7,292.5,50906,79.8374
10,11,6,1,8,337.5,51053,88.7686
10,11,6,2,1,22.5,40789,53.6286
10,11,6,2,2,67.5,40891,73.3429
10,11,6,2,3,112.5,40333,109.83
10,11,6,2,4,157.5,40272,133.69
10,11,6,2,5,202.5,40121,109.537
10,11,6,2,6,247.5,40394,62.5242
10,11,6,2,7,292.5,41000,30.3293
10,11,6,2,8,337.5,41023,35.4911
10,11,6,3,1,22.5,32941,24.6964
10,11,6,3,2,67.5,32942,41.9197
10,11,6,3,3,112.5,32642,87.6955
10,11,6,3,4,157.5,32256,123.672
10,11,6,3,5,202.5,32091,96.5864
10,11,6,3,6,247.5,32398,46.0143
10,11,6,3,7,292.5,32760,27.2899
10,11,6,3,8,337.5,33073,15.8007
10,11,6,4,1,22.5,26465,12.9885
10,11,6,4,2,67.5,26302,23.3049
10,11,6,4,3,112.5,25743,70.8313
10,11,6,4,4,157.5,25490,105.51
10,11,6,4,5,202.5,25594,84.5285
10,11,6,4,6,247.5,25982,40.3091
10,11,6,4,7,292.5,26194,39.0374
10,11,6,4,8,337.5,26530,11.1599
10,11,6,5,1,22.5,36943,10.3506
10,11,6,5,2,67.5,36817,31.5298
10,11,6,5,3,112.5,35758,76.6974
10,11,6,5,4,157.5,35327,124.197
10,11,6,5,5,202.5,35447,99.4628
10,11,6,5,6,247.5,35733,57.5194
10,11,6,5,7,292.5,36524,68.5864
10,11,6,5,8,337.5,37017,16.5827
10,11,6,6,1,22.5,21782,11.062
10,11,6,6,2,67.5,21800,40.6196
10,11,6,6,3,112.5,20725,52.9707
10,11,6,6,4,157.5,20533,91.2901
10,11,6,6,5,202.5,20738,71.3639
10,11,6,6,6,247.5,20981,52.7141
10,11,6,6,7,292.5,21666,66.7469
10,11,6,6,8,337.5,22001,14.4417
10,11,6,7,1,22.5,11801,10.1327
10,11,6,7,2,67.5,11903,40.8104
10,11,6,7,3,112.5,11432,37.0406
10,11,6,7,4,157.5,11181,66.0719
10,11,6,7,5,202.5,11133,51.1504
10,11,6,7,6,247.5,11698,46.4768
10,11,6,7,7,292.5,11732,52.1133
10,11,6,7,8,337.5,12042,10.4015
10,11,6,8,1,22.5,7924,8.5225
10,11,6,8,2,67.5,7785,37.3967
10,11,6,8,3,112.5,7402,29.655
10,11,6,8,4,157.5,7352,51.6246
10,11,6,8,5,202.5,7143,39.5854
10,11,6,8,6,247.5,7420,39.6391
10,11,6,8,7,292.5,7588,42.2856
10,11,6,8,8,337.5,7967,5.44882
10,11,6,9,1,22.5,2319,0
10,11,6,9,2,67.5,2279,23.004
10,11,6,9,3,112.5,2143,16.8398
10,11,6,9,4,157.5,2010,25.6669
10,11,6,9,5,202.5,2095,20.1997
10,11,6,9,6,247.5,2144,22.3809
10,11,6,9,7,292.5,2269,21.0529
10,11,6,9,8,337.5,2205,0
10,11,6,10,1,22.5,605,0
10,11,6,10,2,67.5,602,11.9804
10,11,6,10,3,112.5,550,8.24679
10,11,6,10,4,157.5,525,12.0924
10,11,6,10,5,202.5,527,9.61501
10,11,6,10,6,247.5,516,10.8963
10,11,6,10,7,292.5,557,9.78526
10,11,6,10,8,337.5,571,0
10,11,6,11,1,22.5,33,0
10,11,6,11,2,67.5,32,0
10,11,6,11,3,112.5,41,0
10,11,6,11,4,157.5,26,0
10,11,6,11,5,202.5,41,0
10,11,6,11,6,247.5,46,0
10,11,6,11,7,292.5,43,0
10,11,6,11,8,337.5,36,0
10,11,7,1,1,22.5,15687,60.2535
10,11,7,1,2,67.5,15637,71.157
10,11,7,1,3,112.5,15613,75.8388
10,11,7,1,4,157.5,15730,82.5059
10,11,7,1,5,202.5,15756,73.6452
10,11,7,1,6,247.5,15900,59.2188
10,11,7,1,7,292.5,15970,50.6264
10,11,7,1,8,337.5,15977,52.2787
10,11,7,2,1,22.5,11979,35.319
10,11,7,2,2,67.5,12048,46.7779
10,11,7,2,3,112.5,12031,62.586
10,11,7,2,4,157.5,11803,74.1612
10,11,7,2,5,202.5,12010,61.8011
10,11,7,2,6,247.5,11956,38.1184
10,11,7,2,7,292.5,12094,20.3748
10,11,7,2,8,337.5,12208,25.5665
10,11,7,3,1,22.5,9073,19.178
10,11,7,3,2,67.5,8871,29.1865
10,11,7,3,3,112.5,8849,50.0105
10,11,7,3,4,157.5,8669,64.6251
10,11,7,3,5,202.5,8618,50.8568
10,11,7,3,6,247.5,8897,26.3146
10,11,7,3,7,292.5,8873,10.1338
10,11,7,3,8,337.5,8856,10.5546
10,11,7,4,1,22.5,6380,8.72431
10,11,7,4,2,67.5,6405,15.4685
10,11,7,4,3,112.5,6281,37.354
10,11,7,4,4,157.5,6325,52.4009
10,11,7,4,5,202.5,6147,40.8919
10,11,7,4,6,247.5,6191,20.2661
10,11,7,4,7,292.5,6338,13.0854
10,11,7,4,8,337.5,6366,0
10,11,7,5,1,22.5,7332,0
10,11,7,5,2,67.5,7405,13.6568
10,11,7,5,3,112.5,7377,39.003
10,11,7,5,4,157.5,7235,56.1532
10,11,7,5,5,202.5,7240,44.5208
10,11,7,5,6,247.5,7323,22.866
10,11,7,5,7,292.5,7684,24.1672
10,11,7,5,8,337.5,7517,5.4473
10,11,7,6,1,22.5,3190,0
10,11,7,6,2,67.5,3200,9.20372
10,11,7,6,3,112.5,3105,21.2491
10,11,7,6,4,157.5,3008,35.4576
10,11,7,6,5,202.5,3163,27.4394
10,11,7,6,6,247.5,3167,18.452
10,11,7,6,7,292.5,3313,21.0761
10,11,7,6,8,337.5,3321,0
10,11,7,7,1,22.5,1252,0
10,11,7,7,2,67.5,1228,6.30563
10,11,7,7,3,112.5,1208,11.6991
10,11,7,7,4,157.5,1177,21.603
10,11,7,7,5,202.5,1136,15.5295
10,11,7,7,6,247.5,1247,12.7623
10,11,7,7,7,292.5,1302,14.3969
10,11,7,7,8,337.5,1273,0
10,11,7,8,1,22.5,507,0
10,11,7,8,2,67.5,493,5.3849
10,11,7,8,3,112.5,484,6.07459
10,11,7,8,4,157.5,376,12.0492
10,11,7,8,5,202.5,433,8.48228
10,11,7,8,6,247.5,495,7.87593
10,11,7,8,7,292.5,484,6.15564
10,11,7,8,8,337.5,461,0
10,11,7,9,1,22.5,48,0
10,11,7,9,2,67.5,59,0
10,11,7,9,3,112.5,40,0
10,11,7,9,4,157.5,60,0
10,11,7,9,5,202.5,44,0
10,11,7,9,6,247.5,42,0
10,11,7,9,7,292.5,42,0
10,11,7,9,8,337.5,56,0
10,11,7,10,1,22.5,2,0
10,11,7,10,2,67.5,1,0
10,11,7,10,3,112.5,3,0
10,11,7,10,4,157.5,3,0
10,11,7,10,5,202.5,1,0
10,11,7,10,6,247.5,3,0
10,11,7,10,7,292.5,1,0
10,11,7,10,8,337.5,0,0
10,11,7,11,1,22.5,0,0
10,11,7,11,2,67.5,0,0
10,11,7,11,3,112.5,0,0
10,11,7,11,4,157.5,0,0
10,11,7,11,5,202.5,0,0
10,11,7,11,6,247.5,0,0
10,11,7,11,7,292.5,0,0
10,11,7,11,8,337.5,0,0
10,11,8,1,1,22.5,463,7.74668
10,11,8,1,2,67.5,430,10.3587
10,11,8,1,3,112.5,471,12.5543
10,11,8,1,4,157.5,386,12.3615
10,11,8,1,5,202.5,482,8.47542
10,11,8,1,6,247.5,516,7.6075
10,11,8,1,7,292.5,445,7.2322
10,11,8,1,8,337.5,475,6.99653
10,11,8,2,1,22.5,225,4.02768
10,11,8,2,2,67.5,211,4.76302
10,11,8,2,3,112.5,213,6.55862
10,11,8,2,4,157.5,208,9.58965
10,11,8,2,5,202.5,236,5.20433
10,11,8,2,6,247.5,221,0
10,11,8,2,7,292.5,202,0
10,11,8,2,8,337.5,218,0
10,11,8,3,1,22.5,109,0
10,11,8,3,2,67.5,103,0
10,11,8,3,3,112.5,107,0
10,11,8,3,4,157.5,102,0
10,11,8,3,5,202.5,105,0
10,11,8,3,6,247.5,72,0
10,11,8,3,7,292.5,97,0
10,11,8,3,8,337.5,102,0
10,11,8,4,1,22.5,33,0
10,11,8,4,2,67.5,39,0
10,11,8,4,3,112.5,36,0
10,11,8,4,4,157.5,40,0
10,11,8,4,5,202.5,38,0
10,11,8,4,6,247.5,39,0
10,11,8,4,7,292.5,38,0
10,11,8,4,8,337.5,38,0
10,11,8,5,1,22.5,9,0
10,11,8,5,2,67.5,12,0
10,11,8,5,3,112.5,17,0
10,11,8,5,4,157.5,15,4.02223
10,11,8,5,5,202.5,12,0
10,11,8,5,6,247.5,11,0
10,11,8,5,7,292.5,12,0
10,11,8,5,8,337.5,12,0
10,11,8,6,1,22.5,0,0
10,11,8,6,2,67.5,0,0
10,11,8,6,3,112.5,0,0
10,11,8,6,4,157.5,0,0
10,11,8,6,5,202.5,0,0
10,11,8,6,6,247.5,0,0
10,11,8,6,7,292.5,0,0
10,11,8,6,8,337.5,0,0
10,11,8,7,1,22.5,0,0
10,11,8,7,2,67.5,0,0
10,11,8,7,3,112.5,0,0
10,11,8,7,4,157.5,0,0
10,11,8,7,5,202.5,0,0
10,11,8,7,6,247.5,0,0
10,11,8,7,7,292.5,0,0
10,11,8,7,8,337.5,0,0
10,11,8,8,1,22.5,0,0
10,11,8,8,2,67.5,0,0
10,11,8,8,3,112.5,0,0
10,11,8,8,4,157.5,0,0
10,11,8,8,5,202.5,0,0
10,11,8,8,6,247.5,0,0
10,11,8,8,7,292.5,0,0
10,11,8,8,8,337.5,0,0
10,11,8,9,1,22.5,0,0
10,11,8,9,2,67.5,0,0
10,11,8,9,3,112.5,0,0
10,11,8,9,4,157.5,0,0
10,11,8,9,5,202.5,0,0
10,11,8,9,6,247.5,0,0
10,11,8,9,7,292.5,0,0
10,11,8,9,8,337.5,0,0
10,11,8,10,1,22.5,0,0
10,11,8,10,2,67.5,0,0
10,11,8,10,3,112.5,0,0
10,11,8,10,4,157.5,0,0
10,11,8,10,5,202.5,0,0
10,11,8,10,6,247.5,0,0
10,11,8,10,7,292.5,0,0
10,11,8,10,8,337.5,0,0
10,11,8,11,1,22.5,0,0
10,11,8,11,2,67.5,0,0
10,11,8,11,3,112.5,0,0
10,11,8,11,4,157.5,0,0
10,11,8,11,5,202.5,0,0
10,11,8,11,6,247.5,0,0
10,11,8,11,7,292.5,0,0
10,11,8,11,8,337.5,0,0
11,12,1,1,1,22.5,2.59214e+06,0
11,12,1,1,2,67.5,2.5982e+06,0
11,12,1,1,3,112.5,2.59956e+06,0
11,12,1,1,4,157.5,2.593e+06,10.3036
11,12,1,1,5,202.5,2.59662e+06,0
11,12,1,1,6,247.5,2.59923e+06,4.05151
11,12,1,1,7,292.5,2.60065e+06,0
11,12,1,1,8,337.5,2.59543e+06,0
11,12,1,2,1,22.5,962263,0
11,12,1,2,2,67.5,965101,0
11,12,1,2,3,112.5,963088,5.7735
11,12,1,2,4,157.5,959558,0
11,12,1,2,5,202.5,961343,0
11,12,1,2,6,247.5,966028,5.71639
11,12,1,2,7,292.5,966749,0
11,12,1,2,8,337.5,963430,0
11,12,1,3,1,22.5,455133,0
11,12,1,3,2,67.5,455870,4.2788
11,12,1,3,3,112.5,455531,0
11,12,1,3,4,157.5,452930,0
11,12,1,3,5,202.5,451003,0
11,12,1,3,6,247.5,454731,0
11,12,1,3,7,292.5,456214,0
11,12,1,3,8,337.5,454616,0
11,12,1,4,1,22.5,234847,0
11,12,1,4,2,67.5,236388,0
11,12,1,4,3,112.5,235486,0
11,12,1,4,4,157.5,233053,0
11,12,1,4,5,202.5,233929,0
11,12,1,4,6,247.5,235768,0
11,12,1,4,7,292.5,236178,0
11,12,1,4,8,337.5,234814,0
11,12,1,5,1,22.5,185867,0
11,12,1,5,2,67.5,187364,0
11,12,1,5,3,112.5,187061,0
11,12,1,5,4,157.5,184148,0
11,12,1,5,5,202.5,185272,0
11,12,1,5,6,247.5,186317,0
11,12,1,5,7,292.5,187147,0
11,12,1,5,8,337.5,186279,0
11,12,1,6,1,22.5,42170,0
11,12,1,6,2,67.5,42140,0
11,12,1,6,3,112.5,41851,0
11,12,1,6,4,157.5,41336,0
11,12,1,6,5,202.5,41251,0
11,12,1,6,6,247.5,41885,0
11,12,1,6,7,292.5,42314,0
11,12,1,6,8,337.5,42146,0
11,12,1,7,1,22.5,6049,0
11,12,1,7,2,67.5,6067,0
11,12,1,7,3,112.5,5944,0
11,12,1,7,4,157.5,5954,0
11,12,1,7,5,202.5,5830,0
11,12,1,7,6,247.5,6056,0
11,12,1,7,7,292.5,5883,0
11,12,1,7,8,337.5,6003,0
11,12,1,8,1,22.5,441,0
11,12,1,8,2,67.5,442,0
11,12,1,8,3,112.5,419,0
11,12,1,8,4,157.5,437,0
11,12,1,8,5,202.5,429,0
11,12,1,8,6,247.5,416,0
11,12,1,8,7,292.5,454,0
11,12,1,8,8,337.5,451,0
11,12,1,9,1,22.5,0,0
11,12,1,9,2,67.5,0,0
11,12,1,9,3,112.5,0,0
11,12,1,9,4,157.5,0,0
11,12,1,9,5,202.5,0,0
11,12,1,9,6,247.5,0,0
11,12,1,9,7,292.5,0,0
11,12,1,9,8,337.5,0,0
11,12,1,10,1,22.5,0,0
11,12,1,10,2,67.5,0,0
11,12,1,10,3,112.5,0,0
11,12,1,10,4,157.5,0,0
11,12,1,10,5,202.5,0,0
11,12,1,10,6,247.5,0,0
11,12,1,10,7,292.5,0,0
11,12,1,10,8,337.5,0,0
11,12,1,11,1,22.5,0,0
11,12,1,11,2,67.5,0,0
11,12,1,11,3,112.5,0,0
11,12,1,11,4,157.5,0,0
11,12,1,11,5,202.5,0,0
11,12,1,11,6,247.5,0,0
11,12,1,11,7,292.5,0,0
11,12,1,11,8,337.5,0,0
11,12,2,1,1,22.5,342594,117.462
11,12,2,1,2,67.5,342824,176.266
11,12,2,1,3,112.5,341371,192.055
11,12,2,1,4,157.5,340433,257.111
11,12,2,1,5,202.5,341924,244.529
11,12,2,1,6,247.5,342114,243.199
11,12,2,1,7,292.5,341874,198.329
11,12,2,1,8,337.5,342588,153.986
11,12,2,2,1,22.5,251325,58.8805
11,12,2,2,2,67.5,251160,107.206
11,12,2,2,3,112.5,249214,111.328
11,12,2,2,4,157.5,247653,112.272
11,12,2,2,5,202.5,248327,96.9125
11,12,2,2,6,247.5,249145,114.301
11,12,2,2,7,292.5,250622,92.3784
11,12,2,2,8,337.5,251787,51.7202
11,12,2,3,1,22.5,181605,40.6062
11,12,2,3,2,67.5,182011,76.5472
11,12,2,3,3,112.5,180700,64.0283
11,12,2,3,4,157.5,179007,42.8007
11,12,2,3,5,202.5,179512,37.2844
11,12,2,3,6,247.5,180815,67.6238
11,12,2,3,7,292.5,181529,85.1627
11,12,2,3,8,337.5,181613,40.842
11,12,2,4,1,22.5,131496,39.7455
11,12,2,4,2,67.5,131946,70.1197
11,12,2,4,3,112.5,130798,42.8535
11,12,2,4,4,157.5,129022,16.0563
11,12,2,4,5,202.5,129654,15.1399
11,12,2,4,6,247.5,131233,60.9825
11,12,2,4,7,292.5,132124,72.2434
11,12,2,4,8,337.5,130878,35.882
11,12,2,5,1,22.5,165968,37.673
11,12,2,5,2,67.5,164861,71.2232
11,12,2,5,3,112.5,164182,31.6994
11,12,2,5,4,157.5,162201,5.55282
11,12,2,5,5,202.5,162658,5.74482
11,12,2,5,6,247.5,164601,37.342
11,12,2,5,7,292.5,165434,66.8454
11,12,2,5,8,337.5,165674,32.3432
11,12,2,6,1,22.5,83138,17.4601
11,12,2,6,2,67.5,83497,32.4972
11,12,2,6,3,112.5,82344,10.2725
11,12,2,6,4,157.5,81069,0
11,12,2,6,5,202.5,81209,0
11,12,2,6,6,247.5,82371,11.147
11,12,2,6,7,292.5,83338,30.3422
11,12,2,6,8,337.5,83184,15.7743
11,12,2,7,1,22.5,33417,0
11,12,2,7,2,67.5,33845,9.28542
11,12,2,7,3,112.5,32894,0
11,12,2,7,4,157.5,32756,0
11,12,2,7,5,202.5,32587,0
11,12,2,7,6,247.5,33580,0
11,12,2,7,7,292.5,33518,10.5819
11,12,2,7,8,337.5,33596,5.88965
11,12,2,8,1,22.5,11425,0
11,12,2,8,2,67.5,10992,0
11,12,2,8,3,112.5,11245,0
11,12,2,8,4,157.5,10812,0
11,12,2,8,5,202.5,11169,0
11,12,2,8,6,247.5,11252,0
11,12,2,8,7,292.5,11310,0
11,12,2,8,8,337.5,11281,0
11,12,2,9,1,22.5,839,0
11,12,2,9,2,67.5,857,0
11,12,2,9,3,112.5,849,0
11,12,2,9,4,157.5,837,0
11,12,2,9,5,202.5,829,0
11,12,2,9,6,247.5,811,0
11,12,2,9,7,292.5,845,0
11,12,2,9,8,337.5,850,0
11,12,2,10,1,22.5,8,0
11,12,2,10,2,67.5,15,0
11,12,2,10,3,112.5,14,0
11,12,2,10,4,157.5,12,0
11,12,2,10,5,202.5,9,0
11,12,2,10,6,247.5,13,0
11,12,2,10,7,292.5,9,0
11,12,2,10,8,337.5,12,0
11,12,2,11,1,22.5,0,0
11,12,2,11,2,67.5,0,0
11,12,2,11,3,112.5,0,0
11,12,2,11,4,157.5,0,0
11,12,2,11,5,202.5,0,0
11,12,2,11,6,247.5,0,0
11,12,2,11,7,292.5,0,0
11,12,2,11,8,337.5,0,0
11,12,3,1,1,22.5,180707,140.41
11,12,3,1,2,67.5,180425,180.153
11,12,3,1,3,112.5,179438,265.847
11,12,3,1,4,157.5,179846,298.956
11,12,3,1,5,202.5,179851,266.083
11,12,3,1,6,247.5,180277,189.75
11,12,3,1,7,292.5,180752,185.401
11,12,3,1,8,337.5,182014,159.345
11,12,3,2,1,22.5,142032,83.5326
11,12,3,2,2,67.5,142315,124.117
11,12,3,2,3,112.5,141689,142.132
11,12,3,2,4,157.5,141250,182.081
11,12,3,2,5,202.5,140741,158.446
11,12,3,2,6,247.5,141469,127.343
11,12,3,2,7,292.5,143249,123.097
11,12,3,2,8,337.5,143057,79.2625
11,12,3,3,1,22.5,110971,48.3231
11,12,3,3,2,67.5,111121,97.1775
11,12,3,3,3,112.5,109487,102.119
11,12,3,3,4,157.5,108720,110.503
11,12,3,3,5,202.5,109173,91.3982
11,12,3,3,6,247.5,109965,101.2
11,12,3,3,7,292.5,110915,111.132
11,12,3,3,8,337.5,110793,43.587
11,12,3,4,1,22.5,84971,37.5735
11,12,3,4,2,67.5,84793,94.2978
11,12,3,4,3,112.5,84314,75.2575
11,12,3,4,4,157.5,82866,71.5722
11,12,3,4,5,202.5,83035,67.4781
11,12,3,4,6,247.5,83498,82.1731
11,12,3,4,7,292.5,85213,104.904
11,12,3,4,8,337.5,85164,43.6146
11,12,3,5,1,22.5,111375,56.2613
11,12,3,5,2,67.5,111952,123.071
11,12,3,5,3,112.5,109941,76.9962
11,12,3,5,4,157.5,108220,48.1886
11,12,3,5,5,202.5,108207,41.0639
11,12,3,5,6,247.5,110645,90.4371
11,12,3,5,7,292.5,111211,124.793
11,12,3,5,8,337.5,111513,57.3055
11,12,3,6,1,22.5,59653,41.2213
11,12,3,6,2,67.5,59595,87.8871
11,12,3,6,3,112.5,58477,45.0263
11,12,3,6,4,157.5,57714,13.6784
11,12,3,6,5,202.5,57616,12.9701
11,12,3,6,6,247.5,58827,54.5366
11,12,3,6,7,292.5,59273,79.8551
11,12,3,6,8,337.5,59423,37.534
11,12,3,7,1,22.5,29620,26.2186
11,12,3,7,2,67.5,29769,53.2917
11,12,3,7,3,112.5,28859,22.8285
11,12,3,7,4,157.5,28525,0
11,12,3,7,5,202.5,28487,0
11,12,3,7,6,247.5,29085,26.0599
11,12,3,7,7,292.5,29553,47.4639
11,12,3,7,8,337.5,29803,26.1161
11,12,3,8,1,22.5,15431,17.3126
11,12,3,8,2,67.5,15348,32.5861
11,12,3,8,3,112.5,14744,12.2624
11,12,3,8,4,157.5,14851,0
11,12,3,8,5,202.5,14928,0
11,12,3,8,6,247.5,15251,13.4049
11,12,3,8,7,292.5,15207,26.9041
11,12,3,8,8,337.5,15393,18.6147
11,12,3,9,1,22.5,2649,5.15017
11,12,3,9,2,67.5,2669,8.62743
11,12,3,9,3,112.5,2584,0
11,12,3,9,4,157.5,2580,0
11,12,3,9,5,202.5,2549,0
11,12,3,9,6,247.5,2647,0
11,12,3,9,7,292.5,2699,8.05954
11,12,3,9,8,337.5,2614,7.90614
11,12,3,10,1,22.5,200,0
11,12,3,10,2,67.5,221,0
11,12,3,10,3,112.5,186,0
11,12,3,10,4,157.5,188,0
11,12,3,10,5,202.5,213,0
11,12,3,10,6,247.5,206,0
11,12,3,10,7,292.5,223,0
11,12,3,10,8,337.5,195,0
11,12,3,11,1,22.5,0,0
11,12,3,11,2,67.5,0,0
11,12,3,11,3,112.5,0,0
11,12,3,11,4,157.5,0,0
11,12,3,11,5,202.5,0,0
11,12,3,11,6,247.5,0,0
11,12,3,11,7,292.5,0,0
11,12,3,11,8,337.5,0,0
11,12,4,1,1,22.5,114580,155.111
11,12,4,1,2,67.5,115606,174.068
11,12,4,1,3,112.5,115154,210.374
11,12,4,1,4,157.5,115179,242.911
11,12,4,1,5,202.5,114804,233.105
11,12,4,1,6,247.5,115878,169.831
11,12,4,1,7,292.5,115086,132.084
11,12,4,1,8,337.5,115166,138.085
11,12,4,2,1,22.5,93099,75.7589
11,12,4,2,2,67.5,92549,91.3601
11,12,4,2,3,112.5,92135,138.053
11,12,4,2,4,157.5,91644,173.317
11,12,4,2,5,202.5,91931,154.208
11,12,4,2,6,247.5,92480,94.7507
11,12,4,2,7,292.5,92772,87.2255
11,12,4,2,8,337.5,93445,75.6805
11,12,4,3,1,22.5,74126,55.1303
11,12,4,3,2,67.5,73458,73.1914
11,12,4,3,3,112.5,72621,102.479
11,12,4,3,4,157.5,72403,133.198
11,12,4,3,5,202.5,72406,114.791
11,12,4,3,6,247.5,73284,81.518
11,12,4,3,7,292.5,73887,87.2369
11,12,4,3,8,337.5,74126,53.4026
11,12,4,4,1,22.5,57720,36.3154
11,12,4,4,2,67.5,57190,69.6311
11,12,4,4,3,112.5,56201,77.3429
11,12,4,4,4,157.5,55693,102.863
11,12,4,4,5,202.5,55616,82.9712
11,12,4,4,6,247.5,56349,74.8475
11,12,4,4,7,292.5,56850,92.2674
11,12,4,4,8,337.5,57538,33.6318
11,12,4,5,1,22.5,76402,36.7814
11,12,4,5,2,67.5,75926,103.154
11,12,4,5,3,112.5,73642,83.5501
11,12,4,5,4,157.5,72816,89.8557
11,12,4,5,5,202.5,73657,75.4145
11,12,4,5,6,247.5,74593,95.211
11,12,4,5,7,292.5,76101,125.194
11,12,4,5,8,337.5,76113,41.3452
11,12,4,6,1,22.5,41018,32.9042
11,12,4,6,2,67.5,40515,90.6975
11,12,4,6,3,112.5,39773,56.4472
11,12,4,6,4,157.5,39154,45.2705
11,12,4,6,5,202.5,39469,38.4774
11,12,4,6,6,247.5,39961,69.9662
11,12,4,6,7,292.5,40739,93.1705
11,12,4,6,8,337.5,40688,32.795
11,12,4,7,1,22.5,20012,23.583
11,12,4,7,2,67.5,19979,64.7197
11,12,4,7,3,112.5,19721,36.5296
11,12,4,7,4,157.5,18913,20.087
11,12,4,7,5,202.5,19187,16.6192
11,12,4,7,6,247.5,19685,45.8663
11,12,4,7,7,292.5,20348,60.429
11,12,4,7,8,337.5,19918,21.3887
11,12,4,8,1,22.5,10821,15.7619
11,12,4,8,2,67.5,10740,46.0834
11,12,4,8,3,112.5,10275,24.6502
11,12,4,8,4,157.5,10051,7.73143
11,12,4,8,5,202.5,9863,8.62698
11,12,4,8,6,247.5,10417,31.4792
11,12,4,8,7,292.5,10716,39.3579
11,12,4,8,8,337.5,10720,16.3263
11,12,4,9,1,22.5,2015,8.61957
11,12,4,9,2,67.5,1971,19.3666
11,12,4,9,3,112.5,1937,10.0932
11,12,4,9,4,157.5,1899,0
11,12,4,9,5,202.5,1888,0
11,12,4,9,6,247.5,1974,12.2142
11,12,4,9,7,292.5,2011,15.9168
11,12,4,9,8,337.5,2045,8.94481
11,12,4,10,1,22.5,196,0
11,12,4,10,2,67.5,189,6.09798
11,12,4,10,3,112.5,198,3.33703
11,12,4,10,4,157.5,172,0
11,12,4,10,5,202.5,168,0
11,12,4,10,6,247.5,201,0
11,12,4,10,7,292.5,173,4.3308
11,12,4,10,8,337.5,206,0
11,12,4,11,1,22.5,0,0
11,12,4,11,2,67.5,0,0
11,12,4,11,3,112.5,0,0
11,12,4,11,4,157.5,0,0
11,12,4,11,5,202.5,0,0
11,12,4,11,6,247.5,0,0
11,12,4,11,7,292.5,0,0
11,12,4,11,8,337.5,0,0
11,12,5,1,1,22.5,69134,130.615
11,12,5,1,2,67.5,69397,133.514
11,12,5,1,3,112.5,69455,164.685
11,12,5,1,4,157.5,68752,178.276
11,12,5,1,5,202.5,69033,161.873
11,12,5,1,6,247.5,69471,121.578
11,12,5,1,7,292.5,69502,98.7616
11,12,5,1,8,337.5,69554,114.821
11,12,5,2,1,22.5,54632,65.466
11,12,5,2,2,67.5,54152,78.8808
11,12,5,2,3,112.5,53673,120.853
11,12,5,2,4,157.5,53633,148.455
11,12,5,2,5,202.5,53322,123.819
11,12,5,2,6,247.5,53492,73.9408
11,12,5,2,7,292.5,54300,52.2192
11,12,5,2,8,337.5,54456,53.3347
11,12,5,3,1,22.5,42272,38.1459
11,12,5,3,2,67.5,42040,48.9824
11,12,5,3,3,112.5,41550,89.905
11,12,5,3,4,157.5,41154,124.972
11,12,5,3,5,202.5,41063,102.531
11,12,5,3,6,247.5,41115,59.5638
11,12,5,3,7,292.5,41861,52.005
11,12,5,3,8,337.5,42006,38.0872
11,12,5,4,1,22.5,31976,27.9542
11,12,5,4,2,67.5,31658,38.9765
11,12,5,4,3,112.5,31444,69.6605
11,12,5,4,4,157.5,30973,96.9791
11,12,5,4,5,202.5,30840,83.3098
11,12,5,4,6,247.5,31702,52.7252
11,12,5,4,7,292.5,32117,59.6779
11,12,5,4,8,337.5,32195,28.9212
11,12,5,5,1,22.5,42090,28.04
11,12,5,5,2,67.5,41675,58.2081
11,12,5,5,3,112.5,40758,72.1689
11,12,5,5,4,157.5,40311,102.775
11,12,5,5,5,202.5,39976,83.4099
11,12,5,5,6,247.5,41252,67.7155
11,12,5,5,7,292.5,41418,87.6213
11,12,5,5,8,337.5,41658,30.2239
11,12,5,6,1,22.5,21347,18.8816
11,12,5,6,2,67.5,21197,56.397
11,12,5,6,3,112.5,20824,47.9255
11,12,5,6,4,157.5,20381,59.9312
11,12,5,6,5,202.5,20361,49.5603
11,12,5,6,6,247.5,20756,54.6891
11,12,5,6,7,292.5,21397,72.2744
11,12,5,6,8,337.5,21433,20.0165
11,12,5,7,1,22.5,9477,13.0726
11,12,5,7,2,67.5,9400,41.9909
11,12,5,7,3,112.5,9050,30.7896
11,12,5,7,4,157.5,8851,32.0694
11,12,5,7,5,202.5,8767,27.4254
11,12,5,7,6,247.5,8980,37.7744
11,12,5,7,7,292.5,9609,47.9625
11,12,5,7,8,337.5,9433,12.2113
11,12,5,8,1,22.5,4071,8.8463
11,12,5,8,2,67.5,4163,31.9696
11,12,5,8,3,112.5,3863,21.8811
11,12,5,8,4,157.5,3810,18.3713
11,12,5,8,5,202.5,3846,16.1853
11,12,5,8,6,247.5,3894,27.429
11,12,5,8,7,292.5,4032,29.3443
11,12,5,8,8,337.5,4083,7.53825
11,12,5,9,1,22.5,551,0
11,12,5,9,2,67.5,543,13.1758
11,12,5,9,3,112.5,533,8.37511
11,12,5,9,4,157.5,501,5.578
11,12,5,9,5,202.5,495,4.35366
11,12,5,9,6,247.5,536,10.8355
11,12,5,9,7,292.5,577,10.4358
11,12,5,9,8,337.5,539,0
11,12,5,10,1,22.5,31,0
11,12,5,10,2,67.5,20,0
11,12,5,10,3,112.5,30,0
11,12,5,10,4,157.5,16,0
11,12,5,10,5,202.5,21,0
11,12,5,10,6,247.5,25,0
11,12,5,10,7,292.5,18,0
11,12,5,10,8,337.5,26,0
11,12,5,11,1,22.5,0,0
11,12,5,11,2,67.5,0,0
11,12,5,11,3,112.5,0,0
11,12,5,11,4,157.5,0,0
11,12,5,11,5,202.5,0,0
11,12,5,11,6,247.5,0,0
11,12,5,11,7,292.5,0,0
11,12,5,11,8,337.5,0,0
11,12,6,1,1,22.5,29210,98.4497
11,12,6,1,2,67.5,29496,99.292
11,12,6,1,3,112.5,29202,109.689
11,12,6,1,4,157.5,29477,115.156
11,12,6,1,5,202.5,29528,109.771
11,12,6,1,6,247.5,28897,85.7565
11,12,6,1,7,292.5,29207,74.8355
11,12,6,1,8,337.5,29753,83.3868
11,12,6,2,1,22.5,22478,59.0595
11,12,6,2,2,67.5,22265,61.8998
11,12,6,2,3,112.5,22254,82.296
11,12,6,2,4,157.5,21906,97.7987
11,12,6,2,5,202.5,21624,83.5538
11,12,6,2,6,247.5,22123,54.7826
11,12,6,2,7,292.5,22200,33.9218
11,12,6,2,8,337.5,22288,41.0127
11,12,6,3,1,22.5,16177,31.3765
11,12,6,3,2,67.5,16617,37.8454
11,12,6,3,3,112.5,16066,63.1112
11,12,6,3,4,157.5,15880,80.9612
11,12,6,3,5,202.5,15913,67.3548
11,12,6,3,6,247.5,16074,38.8334
11,12,6,3,7,292.5,16401,20.5621
11,12,6,3,8,337.5,16293,20.7657
11,12,6,4,1,22.5,11502,16.0566
11,12,6,4,2,67.5,11506,20.969
11,12,6,4,3,112.5,11195,48.4019
11,12,6,4,4,157.5,11133,65.4333
11,12,6,4,5,202.5,11220,55.3729
11,12,6,4,6,247.5,11181,29.0642
11,12,6,4,7,292.5,11538,24.69
11,12,6,4,8,337.5,11439,13.386
11,12,6,5,1,22.5,12737,9.72286
11,12,6,5,2,67.5,12807,19.546
11,12,6,5,3,112.5,12331,47.1355
11,12,6,5,4,157.5,12085,68.449
11,12,6,5,5,202.5,12096,56.8524
11,12,6,5,6,247.5,12602,33.5228
11,12,6,5,7,292.5,12512,39.4322
11,12,6,5,8,337.5,12490,11.6651
11,12,6,6,1,22.5,4654,4.61418
11,12,6,6,2,67.5,4649,19.5845
11,12,6,6,3,112.5,4546,24.5144
11,12,6,6,4,157.5,4436,39.5354
11,12,6,6,5,202.5,4302,30.5525
11,12,6,6,6,247.5,4583,23.1894
11,12,6,6,7,292.5,4702,31.6782
11,12,6,6,8,337.5,4573,8.81451
11,12,6,7,1,22.5,1403,0
11,12,6,7,2,67.5,1324,10.1479
11,12,6,7,3,112.5,1328,11.3659
11,12,6,7,4,157.5,1273,19.7925
11,12,6,7,5,202.5,1239,16.0426
11,12,6,7,6,247.5,1355,14.6749
11,12,6,7,7,292.5,1302,18.0754
11,12,6,7,8,337.5,1367,0
11,12,6,8,1,22.5,341,0
11,12,6,8,2,67.5,312,4.40738
11,12,6,8,3,112.5,266,4.0441
11,12,6,8,4,157.5,261,9.05559
11,12,6,8,5,202.5,315,0
11,12,6,8,6,247.5,303,8.81281
11,12,6,8,7,292.5,325,11.0698
11,12,6,8,8,337.5,330,0
11,12,6,9,1,22.5,7,0
11,12,6,9,2,67.5,9,0
11,12,6,9,3,112.5,5,0
11,12,6,9,4,157.5,8,0
11,12,6,9,5,202.5,5,0
11,12,6,9,6,247.5,8,0
11,12,6,9,7,292.5,4,0
11,12,6,9,8,337.5,8,0
11,12,6,10,1,22.5,0,0
11,12,6,10,2,67.5,0,0
11,12,6,10,3,112.5,0,0
11,12,6,10,4,157.5,0,0
11,12,6,10,5,202.5,0,0
11,12,6,10,6,247.5,0,0
11,12,6,10,7,292.5,0,0
11,12,6,10,8,337.5,0,0
11,12,6,11,1,22.5,0,0
11,12,6,11,2,67.5,0,0
11,12,6,11,3,112.5,0,0
11,12,6,11,4,157.5,0,0
11,12,6,11,5,202.5,0,0
11,12,6,11,6,247.5,0,0
11,12,6,11,7,292.5,0,0
11,12,6,11,8,337.5,0,0
11,12,7,1,1,22.5,4110,36.0831
11,12,7,1,2,67.5,4189,41.1367
11,12,7,1,3,112.5,4088,44.5054
11,12,7,1,4,157.5,4154,45.0513
11,12,7,1,5,202.5,4159,40.7215
11,12,7,1,6,247.5,4147,32.47
11,12,7,1,7,292.5,4233,29.6114
11,12,7,1,8,337.5,4206,30.1634
11,12,7,2,1,22.5,2322,19.3546
11,12,7,2,2,67.5,2252,23.9709
11,12,7,2,3,112.5,2316,28.6409
11,12,7,2,4,157.5,2214,33.4568
11,12,7,2,5,202.5,2225,28.6412
11,12,7,2,6,247.5,2379,17.3126
11,12,7,2,7,292.5,2352,12.4007
11,12,7,2,8,337.5,2345,13.5863
11,12,7,3,1,22.5,1234,8.02567
11,12,7,3,2,67.5,1265,13.5632
11,12,7,3,3,112.5,1183,16.6241
11,12,7,3,4,157.5,1166,23.8101
11,12,7,3,5,202.5,1240,18.5343
11,12,7,3,6,247.5,1195,8.54384
11,12,7,3,7,292.5,1162,3.51944
11,12,7,3,8,337.5,1199,4.68067
11,12,7,4,1,22.5,589,0
11,12,7,4,2,67.5,530,5.23307
11,12,7,4,3,112.5,569,10.2051
11,12,7,4,4,157.5,580,15.5502
11,12,7,4,5,202.5,555,9.61777
11,12,7,4,6,247.5,616,4.83857
11,12,7,4,7,292.5,580,0
11,12,7,4,8,337.5,584,0
11,12,7,5,1,22.5,314,0
11,12,7,5,2,67.5,333,0
11,12,7,5,3,112.5,348,7.16579
11,12,7,5,4,157.5,311,13.8253
11,12,7,5,5,202.5,312,9.79899
11,12,7,5,6,247.5,349,4.28548
11,12,7,5,7,292.5,323,3.66445
11,12,7,5,8,337.5,382,0
11,12,7,6,1,22.5,25,0
11,12,7,6,2,67.5,28,0
11,12,7,6,3,112.5,32,0
11,12,7,6,4,157.5,35,3.49655
11,12,7,6,5,202.5,25,0
11,12,7,6,6,247.5,29,0
11,12,7,6,7,292.5,25,0
11,12,7,6,8,337.5,26,0
11,12,7,7,1,22.5,1,0
11,12,7,7,2,67.5,0,0
11,12,7,7,3,112.5,0,0
11,12,7,7,4,157.5,0,0
11,12,7,7,5,202.5,0,0
11,12,7,7,6,247.5,0,0
11,12,7,7,7,292.5,0,0
11,12,7,7,8,337.5,0,0
11,12,7,8,1,22.5,0,0
11,12,7,8,2,67.5,0,0
11,12,7,8,3,112.5,0,0
11,12,7,8,4,157.5,0,0
11,12,7,8,5,202.5,0,0
11,12,7,8,6,247.5,0,0
11,12,7,8,7,292.5,0,0
11,12,7,8,8,337.5,0,0
11,12,7,9,1,22.5,0,0
11,12,7,9,2,67.5,0,0
11,12,7,9,3,112.5,0,0
11,12,7,9,4,157.5,0,0
11,12,7,9,5,202.5,0,0
11,12,7,9,6,247.5,0,0
11,12,7,9,7,292.5,0,0
11,12,7,9,8,337.5,0,0
11,12,7,10,1,22.5,0,0
11,12,7,10,2,67.5,0,0
11,12,7,10,3,112.5,0,0
11,12,7,10,4,157.5,0,0
11,12,7,10,5,202.5,0,0
11,12,7,10,6,247.5,0,0
11,12,7,10,7,292.5,0,0
11,12,7,10,8,337.5,0,0
11,12,7,11,1,22.5,0,0
11,12,7,11,2,67.5,0,0
11,12,7,11,3,112.5,0,0
11,12,7,11,4,157.5,0,0
11,12,7,11,5,202.5,0,0
11,12,7,11,6,247.5,0,0
11,12,7,11,7,292.5,0,0
11,12,7,11,8,337.5,0,0
11,12,8,1,1,22.5,0,0
11,12,8,1,2,67.5,0,0
11,12,8,1,3,112.5,0,0
11,12,8,1,4,157.5,9.4544,3.65221
11,12,8,1,5,202.5,0,0
11,12,8,1,6,247.5,0,0
11,12,8,1,7,292.5,10.1324,3.7384
11,12,8,1,8,337.5,0,0
11,12,8,2,1,22.5,0,0
11,12,8,2,2,67.5,9.94445,3.3982
11,12,8,2,3,112.5,0,0
11,12,8,2,4,157.5,9.75573,3.39689
11,12,8,2,5,202.5,0,0
11,12,8,2,6,247.5,0,0
11,12,8,2,7,292.5,0,0
11,12,8,2,8,337.5,0,0
11,12,8,3,1,22.5,0,0
11,12,8,3,2,67.5,0,0
11,12,8,3,3,112.5,0,0
11,12,8,3,4,157.5,0,0
11,12,8,3,5,202.5,0,0
11,12,8,3,6,247.5,0,0
11,12,8,3,7,292.5,0,0
11,12,8,3,8,337.5,0,0
11,12,8,4,1,22.5,0,0
11,12,8,4,2,67.5,0,0
11,12,8,4,3,112.5,0,0
11,12,8,4,4,157.5,0,0
11,12,8,4,5,202.5,0,0
11,12,8,4,6,247.5,0,0
11,12,8,4,7,292.5,0,0
11,12,8,4,8,337.5,0,0
11,12,8,5,1,22.5,0,0
11,12,8,5,2,67.5,0,0
11,12,8,5,3,112.5,0,0
11,12,8,5,4,157.5,0,0
11,12,8,5,5,202.5,0,0
11,12,8,5,6,247.5,0,0
11,12,8,5,7,292.5,0,0
11,12,8,5,8,337.5,0,0
11,12,8,6,1,22.5,0,0
11,12,8,6,2,67.5,0,0
11,12,8,6,3,112.5,0,0
11,12,8,6,4,157.5,0,0
11,12,8,6,5,202.5,0,0
11,12,8,6,6,247.5,0,0
11,12,8,6,7,292.5,0,0
11,12,8,6,8,337.5,0,0
11,12,8,7,1,22.5,0,0
11,12,8,7,2,67.5,0,0
11,12,8,7,3,112.5,0,0
11,12,8,7,4,157.5,0,0
11,12,8,7,5,202.5,0,0
11,12,8,7,6,247.5,0,0
11,12,8,7,7,292.5,0,0
11,12,8,7,8,337.5,0,0
11,12,8,8,1,22.5,0,0
11,12,8,8,2,67.5,0,0
11,12,8,8,3,112.5,0,0
11,12,8,8,4,157.5,0,0
11,12,8,8,5,202.5,0,0
11,12,8,8,6,247.5,0,0
11,12,8,8,7,292.5,0,0
11,12,8,8,8,337.5,0,0
11,12,8,9,1,22.5,0,0
11,12,8,9,2,67.5,0,0
11,12,8,9,3,112.5,0,0
11,12,8,9,4,157.5,0,0
11,12,8,9,5,202.5,0,0
11,12,8,9,6,247.5,0,0
11,12,8,9,7,292.5,0,0
11,12,8,9,8,337.5,0,0
11,12,8,10,1,22.5,0,0
11,12,8,10,2,67.5,0,0
11,12,8,10,3,112.5,0,0
11,12,8,10,4,157.5,0,0
11,12,8,10,5,202.5,0,0
11,12,8,10,6,247.5,0,0
11,12,8,10,7,292.5,0,0
11,12,8,10,8,337.5,0,0
11,12,8,11,1,22.5,0,0
11,12,8,11,2,67.5,0,0
11,12,8,11,3,112.5,0,0
11,12,8,11,4,157.5,0,0
11,12,8,11,5,202.5,0,0
11,12,8,11,6,247.5,0,0
11,12,8,11,7,292.5,0,0
11,12,8,11,8,337.5,0,0
12,13,1,1,1,22.5,2.62118e+06,0
12,13,1,1,2,67.5,2.62154e+06,0
12,13,1,1,3,112.5,2.62317e+06,0
12,13,1,1,4,157.5,2.61811e+06,0
12,13,1,1,5,202.5,2.62184e+06,0
12,13,1,1,6,247.5,2.62429e+06,0
12,13,1,1,7,292.5,2.62632e+06,0
12,13,1,1,8,337.5,2.61998e+06,0
12,13,1,2,1,22.5,834528,0
12,13,1,2,2,67.5,837275,0
12,13,1,2,3,112.5,834799,0
12,13,1,2,4,157.5,833772,0
12,13,1,2,5,202.5,833363,0
12,13,1,2,6,247.5,836359,0
12,13,1,2,7,292.5,835164,0
12,13,1,2,8,337.5,834006,0
12,13,1,3,1,22.5,329718,0
12,13,1,3,2,67.5,329419,0
12,13,1,3,3,112.5,329869,0
12,13,1,3,4,157.5,326820,0
12,13,1,3,5,202.5,327630,0
12,13,1,3,6,247.5,327664,0
12,13,1,3,7,292.5,328841,0
12,13,1,3,8,337.5,329366,0
12,13,1,4,1,22.5,130674,0
12,13,1,4,2,67.5,132013,0
12,13,1,4,3,112.5,131682,0
12,13,1,4,4,157.5,131144,0
12,13,1,4,5,202.5,130806,0
12,13,1,4,6,247.5,131672,0
12,13,1,4,7,292.5,132392,0
12,13,1,4,8,337.5,130987,0
12,13,1,5,1,22.5,63695,0
12,13,1,5,2,67.5,63700,0
12,13,1,5,3,112.5,63826,0
12,13,1,5,4,157.5,63436,0
12,13,1,5,5,202.5,63466,0
12,13,1,5,6,247.5,63689,0
12,13,1,5,7,292.5,64323,0
12,13,1,5,8,337.5,63706,0
12,13,1,6,1,22.5,4998,0
12,13,1,6,2,67.5,5100,0
12,13,1,6,3,112.5,5033,0
12,13,1,6,4,157.5,4919,0
12,13,1,6,5,202.5,5001,0
12,13,1,6,6,247.5,5058,0
12,13,1,6,7,292.5,4983,0
12,13,1,6,8,337.5,5060,0
12,13,1,7,1,22.5,86,0
12,13,1,7,2,67.5,88,0
12,13,1,7,3,112.5,89,0
12,13,1,7,4,157.5,88,0
12,13,1,7,5,202.5,103,0
12,13,1,7,6,247.5,105,0
12,13,1,7,7,292.5,109,0
12,13,1,7,8,337.5,92,0
12,13,1,8,1,22.5,0,0
12,13,1,8,2,67.5,0,0
12,13,1,8,3,112.5,0,0
12,13,1,8,4,157.5,0,0
12,13,1,8,5,202.5,0,0
12,13,1,8,6,247.5,0,0
12,13,1,8,7,292.5,0,0
12,13,1,8,8,337.5,0,0
12,13,1,9,1,22.5,0,0
12,13,1,9,2,67.5,0,0
12,13,1,9,3,112.5,0,0
12,13,1,9,4,157.5,0,0
12,13,1,9,5,202.5,0,0
12,13,1,9,6,247.5,0,0
12,13,1,9,7,292.5,0,0
12,13,1,9,8,337.5,0,0
12,13,1,10,1,22.5,0,0
12,13,1,10,2,67.5,0,0
12,13,1,10,3,112.5,0,0
12,13,1,10,4,157.5,0,0
12,13,1,10,5,202.5,0,0
12,13,1,10,6,247.5,0,0
12,13,1,10,7,292.5,0,0
12,13,1,10,8,337.5,0,0
12,13,1,11,1,22.5,0,0
12,13,1,11,2,67.5,0,0
12,13,1,11,3,112.5,0,0
12,13,1,11,4,157.5,0,0
12,13,1,11,5,202.5,0,0
12,13,1,11,6,247.5,0,0
12,13,1,11,7,292.5,0,0
12,13,1,11,8,337.5,0,0
12,13,2,1,1,22.5,429504,101.588
12,13,2,1,2,67.5,429353,130.216
12,13,2,1,3,112.5,427804,112.014
12,13,2,1,4,157.5,427122,106.738
12,13,2,1,5,202.5,427982,104.976
12,13,2,1,6,247.5,428359,109.193
12,13,2,1,7,292.5,429087,139.703
12,13,2,1,8,337.5,428496,91.921
12,13,2,2,1,22.5,302010,34.2473
12,13,2,2,2,67.5,300677,66.8008
12,13,2,2,3,112.5,300826,51.2374
12,13,2,2,4,157.5,299495,30.0481
12,13,2,2,5,202.5,298571,28.171
12,13,2,2,6,247.5,300642,47.9873
12,13,2,2,7,292.5,302372,58.5261
12,13,2,2,8,337.5,300683,34.6317
12,13,2,3,1,22.5,197332,21.7075
12,13,2,3,2,67.5,197795,44.2301
12,13,2,3,3,112.5,197386,25.038
12,13,2,3,4,157.5,195520,6.65318
12,13,2,3,5,202.5,195658,11.5157
12,13,2,3,6,247.5,197647,25.4969
12,13,2,3,7,292.5,198141,47.1101
12,13,2,3,8,337.5,197213,23.8788
12,13,2,4,1,22.5,128742,21.485
12,13,2,4,2,67.5,129190,37.7159
12,13,2,4,3,112.5,127735,13.7538
12,13,2,4,4,157.5,127626,0
12,13,2,4,5,202.5,127023,0
12,13,2,4,6,247.5,127986,12.2564
12,13,2,4,7,292.5,128868,37.4224
12,13,2,4,8,337.5,128898,22.7111
12,13,2,5,1,22.5,119387,21.6493
12,13,2,5,2,67.5,119737,32.3376
12,13,2,5,3,112.5,118060,0
12,13,2,5,4,157.5,117510,0
12,13,2,5,5,202.5,116974,0
12,13,2,5,6,247.5,118788,5.08832
12,13,2,5,7,292.5,119500,31.1007
12,13,2,5,8,337.5,119643,17.4275
12,13,2,6,1,22.5,30669,6.3535
12,13,2,6,2,67.5,30667,9.74951
12,13,2,6,3,112.5,30603,0
12,13,2,6,4,157.5,30186,0
12,13,2,6,5,202.5,29961,0
12,13,2,6,6,247.5,30478,0
12,13,2,6,7,292.5,30567,8.59491
12,13,2,6,8,337.5,30962,0
12,13,2,7,1,22.5,4966,0
12,13,2,7,2,67.5,4933,0
12,13,2,7,3,112.5,4967,0
12,13,2,7,4,157.5,4936,0
12,13,2,7,5,202.5,4855,0
12,13,2,7,6,247.5,4834,0
12,13,2,7,7,292.5,5051,0
12,13,2,7,8,337.5,4987,0
12,13,2,8,1,22.5,359,0
12,13,2,8,2,67.5,366,0
12,13,2,8,3,112.5,364,0
12,13,2,8,4,157.5,386,0
12,13,2,8,5,202.5,362,0
12,13,2,8,6,247.5,366,0
12,13,2,8,7,292.5,385,0
12,13,2,8,8,337.5,381,0
12,13,2,9,1,22.5,0,0
12,13,2,9,2,67.5,0,0
12,13,2,9,3,112.5,0,0
12,13,2,9,4,157.5,0,0
12,13,2,9,5,202.5,0,0
12,13,2,9,6,247.5,0,0
12,13,2,9,7,292.5,0,0
12,13,2,9,8,337.5,0,0
12,13,2,10,1,22.5,0,0
12,13,2,10,2,67.5,0,0
12,13,2,10,3,112.5,0,0
12,13,2,10,4,157.5,0,0
12,13,2,10,5,202.5,0,0
12,13,2,10,6,247.5,0,0
12,13,2,10,7,292.5,0,0
12,13,2,10,8,337.5,0,0
12,13,2,11,1,22.5,0,0
12,13,2,11,2,67.5,0,0
12,13,2,11,3,112.5,0,0
12,13,2,11,4,157.5,0,0
12,13,2,11,5,202.5,0,0
12,13,2,11,6,247.5,0,0
12,13,2,11,7,292.5,0,0
12,13,2,11,8,337.5,0,0
12,13,3,1,1,22.5,225712,196.288
12,13,3,1,2,67.5,225782,208.227
12,13,3,1,3,112.5,224793,246.731
12,13,3,1,4,157.5,224889,236.017
12,13,3,1,5,202.5,224878,228.757
12,13,3,1,6,247.5,226108,192.69
12,13,3,1,7,292.5,226264,188.682
12,13,3,1,8,337.5,226284,169.976
12,13,3,2,1,22.5,166489,93.2858
12,13,3,2,2,67.5,166733,119.353
12,13,3,2,3,112.5,166116,117.102
12,13,3,2,4,157.5,165430,107.643
12,13,3,2,5,202.5,164981,79.4191
12,13,3,2,6,247.5,166088,106.841
12,13,3,2,7,292.5,167248,119.632
12,13,3,2,8,337.5,167006,89.5494
12,13,3,3,1,22.5,120949,53.6833
12,13,3,3,2,67.5,120924,89.4524
12,13,3,3,3,112.5,119840,66.1605
12,13,3,3,4,157.5,118808,37.3813
12,13,3,3,5,202.5,119019,35.8935
12,13,3,3,6,247.5,119386,64.9736
12,13,3,3,7,292.5,120644,98.0381
12,13,3,3,8,337.5,120342,48.6515
12,13,3,4,1,22.5,84165,39.3607
12,13,3,4,2,67.5,84401,78.3708
12,13,3,4,3,112.5,83311,44.1475
12,13,3,4,4,157.5,82930,14.3517
12,13,3,4,5,202.5,81999,13.226
12,13,3,4,6,247.5,83307,45.1276
12,13,3,4,7,292.5,83718,85.5995
12,13,3,4,8,337.5,84619,38.4033
12,13,3,5,1,22.5,86160,45.209
12,13,3,5,2,67.5,86095,87.2735
12,13,3,5,3,112.5,85287,46.1544
12,13,3,5,4,157.5,84249,4.56192
12,13,3,5,5,202.5,84089,4.78961
12,13,3,5,6,247.5,84816,38.3069
12,13,3,5,7,292.5,86728,89.6363
12,13,3,5,8,337.5,86327,47.5701
12,13,3,6,1,22.5,28854,26.464
12,13,3,6,2,67.5,29022,48.9518
12,13,3,6,3,112.5,28286,11.5997
12,13,3,6,4,157.5,27582,0
12,13,3,6,5,202.5,28013,0
12,13,3,6,6,247.5,28211,14.4102
12,13,3,6,7,292.5,28938,47.0166
12,13,3,6,8,337.5,28747,23.7971
12,13,3,7,1,22.5,7342,10.6034
12,13,3,7,2,67.5,7405,21.9873
12,13,3,7,3,112.5,7472,3.47692
12,13,3,7,4,157.5,6975,0
12,13,3,7,5,202.5,7221,0
12,13,3,7,6,247.5,7403,5.44662
12,13,3,7,7,292.5,7309,19.5918
12,13,3,7,8,337.5,7585,9.07864
12,13,3,8,1,22.5,1412,0
12,13,3,8,2,67.5,1337,7.39421
12,13,3,8,3,112.5,1395,0
12,13,3,8,4,157.5,1346,0
12,13,3,8,5,202.5,1326,0
12,13,3,8,6,247.5,1324,0
12,13,3,8,7,292.5,1408,7.73192
12,13,3,8,8,337.5,1347,4.06972
12,13,3,9,1,22.5,8,0
12,13,3,9,2,67.5,6,0
12,13,3,9,3,112.5,7,0
12,13,3,9,4,157.5,5,0
12,13,3,9,5,202.5,4,0
12,13,3,9,6,247.5,3,0
12,13,3,9,7,292.5,3,0
12,13,3,9,8,337.5,2,0
12,13,3,10,1,22.5,0,0
12,13,3,10,2,67.5,0,0
12,13,3,10,3,112.5,0,0
12,13,3,10,4,157.5,0,0
12,13,3,10,5,202.5,0,0
12,13,3,10,6,247.5,0,0
12,13,3,10,7,292.5,0,0
12,13,3,10,8,337.5,0,0
12,13,3,11,1,22.5,0,0
12,13,3,11,2,67.5,0,0
12,13,3,11,3,112.5,0,0
12,13,3,11,4,157.5,0,0
12,13,3,11,5,202.5,0,0
12,13,3,11,6,247.5,0,0
12,13,3,11,7,292.5,0,0
12,13,3,11,8,337.5,0,0
12,13,4,1,1,22.5,129602,189.964
12,13,4,1,2,67.5,129047,203.791
12,13,4,1,3,112.5,128992,221.876
12,13,4,1,4,157.5,128612,222.987
12,13,4,1,5,202.5,129212,207.556
12,13,4,1,6,247.5,129182,185.17
12,13,4,1,7,292.5,129237,155.365
12,13,4,1,8,337.5,129401,147.611
12,13,4,2,1,22.5,97989,90.6001
12,13,4,2,2,67.5,98059,101.977
12,13,4,2,3,112.5,96846,121.712
12,13,4,2,4,157.5,96946,130.031
12,13,4,2,5,202.5,96826,112.774
12,13,4,2,6,247.5,96746,103.553
12,13,4,2,7,292.5,97298,92.504
12,13,4,2,8,337.5,98294,90.4678
12,13,4,3,1,22.5,70105,61.7664
12,13,4,3,2,67.5,69801,74.7957
12,13,4,3,3,112.5,69187,83.3918
12,13,4,3,4,157.5,68891,70.6734
12,13,4,3,5,202.5,69186,62.1046
12,13,4,3,6,247.5,69851,66.6539
12,13,4,3,7,292.5,70231,85.0945
12,13,4,3,8,337.5,70922,61.8822
12,13,4,4,1,22.5,47210,41.9434
12,13,4,4,2,67.5,46852,64.3349
12,13,4,4,3,112.5,46363,55.5164
12,13,4,4,4,157.5,46188,41.1609
12,13,4,4,5,202.5,45957,34.3656
12,13,4,4,6,247.5,46328,55.843
12,13,4,4,7,292.5,46894,80.5583
12,13,4,4,8,337.5,47164,40.6986
12,13,4,5,1,22.5,47818,34.8437
12,13,4,5,2,67.5,47872,77.7019
12,13,4,5,3,112.5,47286,50.9497
12,13,4,5,4,157.5,46580,26.8464
12,13,4,5,5,202.5,46470,21.0603
12,13,4,5,6,247.5,47282,55.9637
12,13,4,5,7,292.5,48129,94.1617
12,13,4,5,8,337.5,48215,36.2579
12,13,4,6,1,22.5,16240,21.427
12,13,4,6,2,67.5,16118,54.2195
12,13,4,6,3,112.5,16040,25.3673
12,13,4,6,4,157.5,15405,5.02818
12,13,4,6,5,202.5,15757,5.58009
12,13,4,6,6,247.5,15652,30.9969
12,13,4,6,7,292.5,16170,58.4054
12,13,4,6,8,337.5,16150,22.6142
12,13,4,7,1,22.5,4137,11.7008
12,13,4,7,2,67.5,4275,30.5361
12,13,4,7,3,112.5,4160,11.9987
12,13,4,7,4,157.5,3850,0
12,13,4,7,5,202.5,3964,0
12,13,4,7,6,247.5,4187,13.789
12,13,4,7,7,292.5,4202,29.361
12,13,4,7,8,337.5,4188,11.0133
12,13,4,8,1,22.5,771,0
12,13,4,8,2,67.5,778,14.1518
12,13,4,8,3,112.5,777,0
12,13,4,8,4,157.5,771,0
12,13,4,8,5,202.5,738,0
12,13,4,8,6,247.5,785,3.85262
12,13,4,8,7,292.5,826,14.3653
12,13,4,8,8,337.5,807,0
12,13,4,9,1,22.5,2,0
12,13,4,9,2,67.5,3,0
12,13,4,9,3,112.5,1,0
12,13,4,9,4,157.5,2,0
12,13,4,9,5,202.5,3,0
12,13,4,9,6,247.5,3,0
12,13,4,9,7,292.5,1,0
12,13,4,9,8,337.5,1,0
12,13,4,10,1,22.5,0,0
12,13,4,10,2,67.5,0,0
12,13,4,10,3,112.5,0,0
12,13,4,10,4,157.5,0,0
12,13,4,10,5,202.5,0,0
12,13,4,10,6,247.5,0,0
12,13,4,10,7,292.5,0,0
12,13,4,10,8,337.5,0,0
12,13,4,11,1,22.5,0,0
12,13,4,11,2,67.5,0,0
12,13,4,11,3,112.5,0,0
12,13,4,11,4,157.5,0,0
12,13,4,11,5,202.5,0,0
12,13,4,11,6,247.5,0,0
12,13,4,11,7,292.5,0,0
12,13,4,11,8,337.5,0,0
12,13,5,1,1,22.5,62309,143.727
12,13,5,1,2,67.5,61494,149.619
12,13,5,1,3,112.5,61947,163.792
12,13,5,1,4,157.5,61918,170.278
12,13,5,1,5,202.5,61238,159.853
12,13,5,1,6,247.5,61648,135.263
12,13,5,1,7,292.5,61986,121.256
12,13,5,1,8,337.5,62470,127.543
12,13,5,2,1,22.5,42393,78.5427
12,13,5,2,2,67.5,42100,79.5469
12,13,5,2,3,112.5,42030,103.753
12,13,5,2,4,157.5,41937,117.131
12,13,5,2,5,202.5,41662,98.6202
12,13,5,2,6,247.5,41816,77.8963
12,13,5,2,7,292.5,42177,54.3168
12,13,5,2,8,337.5,42384,63.9086
12,13,5,3,1,22.5,27398,42.7007
12,13,5,3,2,67.5,27535,46.443
12,13,5,3,3,112.5,27673,69.9442
12,13,5,3,4,157.5,27224,77.6579
12,13,5,3,5,202.5,27127,66.8779
12,13,5,3,6,247.5,27211,49.4982
12,13,5,3,7,292.5,27451,44.6326
12,13,5,3,8,337.5,27738,38.3191
12,13,5,4,1,22.5,17471,28.959
12,13,5,4,2,67.5,17119,31.0377
12,13,5,4,3,112.5,16769,48.8375
12,13,5,4,4,157.5,16940,51.3799
12,13,5,4,5,202.5,16907,47.7558
12,13,5,4,6,247.5,17101,37.4692
12,13,5,4,7,292.5,17502,44.6959
12,13,5,4,8,337.5,17381,26.8863
12,13,5,5,1,22.5,15951,22.3043
12,13,5,5,2,67.5,15886,38.7738
12,13,5,5,3,112.5,15593,44.7575
12,13,5,5,4,157.5,15595,40.5628
12,13,5,5,5,202.5,15208,34.1972
12,13,5,5,6,247.5,15665,39.679
12,13,5,5,7,292.5,15814,54.1956
12,13,5,5,8,337.5,15677,22.7195
12,13,5,6,1,22.5,4362,9.97912
12,13,5,6,2,67.5,4458,26.1484
12,13,5,6,3,112.5,4226,19.4603
12,13,5,6,4,157.5,4041,14.9134
12,13,5,6,5,202.5,4140,12.6295
12,13,5,6,6,247.5,4382,24.2096
12,13,5,6,7,292.5,4264,35.5375
12,13,5,6,8,337.5,4343,10.7209
12,13,5,7,1,22.5,823,0
12,13,5,7,2,67.5,767,15.131
12,13,5,7,3,112.5,747,8.44573
12,13,5,7,4,157.5,766,0
12,13,5,7,5,202.5,747,0
12,13,5,7,6,247.5,766,12.7596
12,13,5,7,7,292.5,761,15.1351
12,13,5,7,8,337.5,782,0
12,13,5,8,1,22.5,70,0
12,13,5,8,2,67.5,49,0
12,13,5,8,3,112.5,44,0
12,13,5,8,4,157.5,47,0
12,13,5,8,5,202.5,58,0
12,13,5,8,6,247.5,46,0
12,13,5,8,7,292.5,49,0
12,13,5,8,8,337.5,48,0
12,13,5,9,1,22.5,0,0
12,13,5,9,2,67.5,0,0
12,13,5,9,3,112.5,0,0
12,13,5,9,4,157.5,0,0
12,13,5,9,5,202.5,0,0
12,13,5,9,6,247.5,0,0
12,13,5,9,7,292.5,0,0
12,13,5,9,8,337.5,0,0
12,13,5,10,1,22.5,0,0
12,13,5,10,2,67.5,0,0
12,13,5,10,3,112.5,0,0
12,13,5,10,4,157.5,0,0
12,13,5,10,5,202.5,0,0
12,13,5,10,6,247.5,0,0
12,13,5,10,7,292.5,0,0
12,13,5,10,8,337.5,0,0
12,13,5,11,1,22.5,0,0
12,13,5,11,2,67.5,0,0
12,13,5,11,3,112.5,0,0
12,13,5,11,4,157.5,0,0
12,13,5,11,5,202.5,0,0
12,13,5,11,6,247.5,0,0
12,13,5,11,7,292.5,0,0
12,13,5,11,8,337.5,0,0
12,13,6,1,1,22.5,13923,78.0868
12,13,6,1,2,67.5,13999,78.7268
12,13,6,1,3,112.5,14066,80.6363
12,13,6,1,4,157.5,14029,85.4189
12,13,6,1,5,202.5,13950,75.5978
12,13,6,1,6,247.5,13981,64.4635
12,13,6,1,7,292.5,14026,58.1695
12,13,6,1,8,337.5,14034,67.0139
12,13,6,2,1,22.5,8049,43.7393
12,13,6,2,2,67.5,7979,42.9413
12,13,6,2,3,112.5,7904,52.1506
12,13,6,2,4,157.5,7878,61.5272
12,13,6,2,5,202.5,7902,53.3542
12,13,6,2,6,247.5,7880,36.0921
12,13,6,2,7,292.5,7985,24.7814
12,13,6,2,8,337.5,8110,30.4388
12,13,6,3,1,22.5,4273,21.2052
12,13,6,3,2,67.5,4232,22.554
12,13,6,3,3,112.5,4179,34.7963
12,13,6,3,4,157.5,4078,39.4121
12,13,6,3,5,202.5,4049,35.5551
12,13,6,3,6,247.5,4102,21.502
12,13,6,3,7,292.5,4312,11.5626
12,13,6,3,8,337.5,4281,15.7566
12,13,6,4,1,22.5,2057,9.05939
12,13,6,4,2,67.5,2014,9.11276
12,13,6,4,3,112.5,1949,21.0369
12,13,6,4,4,157.5,1958,26.6036
12,13,6,4,5,202.5,1960,22.6584
12,13,6,4,6,247.5,1943,12.3315
12,13,6,4,7,292.5,2086,11.7062
12,13,6,4,8,337.5,2057,0
12,13,6,5,1,22.5,1230,3.63609
12,13,6,5,2,67.5,1195,4.64127
12,13,6,5,3,112.5,1203,18.0611
12,13,6,5,4,157.5,1165,20.4287
12,13,6,5,5,202.5,1203,17.6613
12,13,6,5,6,247.5,1182,12.5595
12,13,6,5,7,292.5,1202,15.1669
12,13,6,5,8,337.5,1259,4.05209
12,13,6,6,1,22.5,112,0
12,13,6,6,2,67.5,117,0
12,13,6,6,3,112.5,89,0
12,13,6,6,4,157.5,110,0
12,13,6,6,5,202.5,106,0
12,13,6,6,6,247.5,107,5.38125
12,13,6,6,7,292.5,112,9.20973
12,13,6,6,8,337.5,119,0
12,13,6,7,1,22.5,1,0
12,13,6,7,2,67.5,0,0
12,13,6,7,3,112.5,1,0
12,13,6,7,4,157.5,1,0
12,13,6,7,5,202.5,1,0
12,13,6,7,6,247.5,2,0
12,13,6,7,7,292.5,1,0
12,13,6,7,8,337.5,1,0
12,13,6,8,1,22.5,0,0
12,13,6,8,2,67.5,0,0
12,13,6,8,3,112.5,0,0
12,13,6,8,4,157.5,0,0
12,13,6,8,5,202.5,0,0
12,13,6,8,6,247.5,0,0
12,13,6,8,7,292.5,0,0
12,13,6,8,8,337.5,0,0
12,13,6,9,1,22.5,0,0
12,13,6,9,2,67.5,0,0
12,13,6,9,3,112.5,0,0
12,13,6,9,4,157.5,0,0
12,13,6,9,5,202.5,0,0
12,13,6,9,6,247.5,0,0
12,13,6,9,7,292.5,0,0
12,13,6,9,8,337.5,0,0
12,13,6,10,1,22.5,0,0
12,13,6,10,2,67.5,0,0
12,13,6,10,3,112.5,0,0
12,13,6,10,4,157.5,0,0
12,13,6,10,5,202.5,0,0
12,13,6,10,6,247.5,0,0
12,13,6,10,7,292.5,0,0
12,13,6,10,8,337.5,0,0
12,13,6,11,1,22.5,0,0
12,13,6,11,2,67.5,0,0
12,13,6,11,3,112.5,0,0
12,13,6,11,4,157.5,0,0
12,13,6,11,5,202.5,0,0
12,13,6,11,6,247.5,0,0
12,13,6,11,7,292.5,0,0
12,13,6,11,8,337.5,0,0
12,13,7,1,1,22.5,380.534,21.3652
12,13,7,1,2,67.5,295.809,18.6158
12,13,7,1,3,112.5,352.215,20.4918
12,13,7,1,4,157.5,309.923,19.0159
12,13,7,1,5,202.5,213.617,16.2002
12,13,7,1,6,247.5,180.15,14.5492
12,13,7,1,7,292.5,206,15.1705
12,13,7,1,8,337.5,252.416,17.9142
12,13,7,2,1,22.5,157.9,13.1863
12,13,7,2,2,67.5,77.4088,9.41962
12,13,7,2,3,112.5,48,7.42925
12,13,7,2,4,157.5,152.539,13.9543
12,13,7,2,5,202.5,85.9536,10.6388
12,13,7,2,6,247.5,41.6628,7.30593
12,13,7,2,7,292.5,27,3.22134
12,13,7,2,8,337.5,67.9626,8.73486
12,13,7,3,1,22.5,9.7365,3.34251
12,13,7,3,2,67.5,12.811,4.52295
12,13,7,3,3,112.5,63.7034,8.65944
12,13,7,3,4,157.5,54.6733,8.40887
12,13,7,3,5,202.5,15.4821,4.38005
12,13,7,3,6,247.5,2,0
12,13,7,3,7,292.5,1,0
12,13,7,3,8,337.5,1,0
12,13,7,4,1,22.5,0,0
12,13,7,4,2,67.5,0,0
12,13,7,4,3,112.5,0,0
12,13,7,4,4,157.5,0,0
12,13,7,4,5,202.5,0,0
12,13,7,4,6,247.5,0,0
12,13,7,4,7,292.5,0,0
12,13,7,4,8,337.5,0,0
12,13,7,5,1,22.5,0,0
12,13,7,5,2,67.5,0,0
12,13,7,5,3,112.5,0,0
12,13,7,5,4,157.5,0,0
12,13,7,5,5,202.5,0,0
12,13,7,5,6,247.5,0,0
12,13,7,5,7,292.5,0,0
12,13,7,5,8,337.5,0,0
12,13,7,6,1,22.5,0,0
12,13,7,6,2,67.5,0,0
12,13,7,6,3,112.5,0,0
12,13,7,6,4,157.5,0,0
12,13,7,6,5,202.5,0,0
12,13,7,6,6,247.5,0,0
12,13,7,6,7,292.5,0,0
12,13,7,6,8,337.5,0,0
12,13,7,7,1,22.5,0,0
12,13,7,7,2,67.5,0,0
12,13,7,7,3,112.5,0,0
12,13,7,7,4,157.5,0,0
12,13,7,7,5,202.5,0,0
12,13,7,7,6,247.5,0,0
12,13,7,7,7,292.5,0,0
12,13,7,7,8,337.5,0,0
12,13,7,8,1,22.5,0,0
12,13,7,8,2,67.5,0,0
12,13,7,8,3,112.5,0,0
12,13,7,8,4,157.5,0,0
12,13,7,8,5,202.5,0,0
12,13,7,8,6,247.5,0,0
12,13,7,8,7,292.5,0,0
12,13,7,8,8,337.5,0,0
12,13,7,9,1,22.5,0,0
12,13,7,9,2,67.5,0,0
12,13,7,9,3,112.5,0,0
12,13,7,9,4,157.5,0,0
12,13,7,9,5,202.5,0,0
12,13,7,9,6,247.5,0,0
12,13,7,9,7,292.5,0,0
12,13,7,9,8,337.5,0,0
12,13,7,10,1,22.5,0,0
12,13,7,10,2,67.5,0,0
12,13,7,10,3,112.5,0,0
12,13,7,10,4,157.5,0,0
12,13,7,10,5,202.5,0,0
12,13,7,10,6,247.5,0,0
12,13,7,10,7,292.5,0,0
12,13,7,10,8,337.5,0,0
12,13,7,11,1,22.5,0,0
12,13,7,11,2,67.5,0,0
12,13,7,11,3,112.5,0,0
12,13,7,11,4,157.5,0,0
12,13,7,11,5,202.5,0,0
12,13,7,11,6,247.5,0,0
12,13,7,11,7,292.5,0,0
12,13,7,11,8,337.5,0,0
12,13,8,1,1,22.5,68.5019,8.92769
12,13,8,1,2,67.5,74.0808,9.53295
12,13,8,1,3,112.5,65.1739,9.1657
12,13,8,1,4,157.5,35.0032,6.48527
12,13,8,1,5,202.5,8.79696,3.23502
12,13,8,1,6,247.5,13.9047,6.19098
12,13,8,1,7,292.5,0,0
12,13,8,1,8,337.5,30.8229,5.83136
12,13,8,2,1,22.5,21.9345,5.0305
12,13,8,2,2,67.5,25.8722,5.39278
12,13,8,2,3,112.5,71.4522,9.14625
12,13,8,2,4,157.5,18.4544,4.65589
12,13,8,2,5,202.5,19.9429,5.56141
12,13,8,2,6,247.5,0,0
12,13,8,2,7,292.5,0,0
12,13,8,2,8,337.5,0,0
12,13,8,3,1,22.5,10.349,3.39721
12,13,8,3,2,67.5,21.2935,5.10055
12,13,8,3,3,112.5,0,0
12,13,8,3,4,157.5,0,0
12,13,8,3,5,202.5,0,0
12,13,8,3,6,247.5,0,0
12,13,8,3,7,292.5,0,0
12,13,8,3,8,337.5,0,0
12,13,8,4,1,22.5,9.94771,3.39757
12,13,8,4,2,67.5,0,0
12,13,8,4,3,112.5,0,0
12,13,8,4,4,157.5,0,0
12,13,8,4,5,202.5,0,0
12,13,8,4,6,247.5,0,0
12,13,8,4,7,292.5,0,0
12,13,8,4,8,337.5,0,0
12,13,8,5,1,22.5,0,0
12,13,8,5,2,67.5,0,0
12,13,8,5,3,112.5,15.8741,4.35403
12,13,8,5,4,157.5,12.8642,3.79107
12,13,8,5,5,202.5,0,0
12,13,8,5,6,247.5,0,0
12,13,8,5,7,292.5,0,0
12,13,8,5,8,337.5,8.85611,3.22134
12,13,8,6,1,22.5,0,0
12,13,8,6,2,67.5,0,0
12,13,8,6,3,112.5,0,0
12,13,8,6,4,157.5,0,0
12,13,8,6,5,202.5,0,0
12,13,8,6,6,247.5,0,0
12,13,8,6,7,292.5,0,0
12,13,8,6,8,337.5,0,0
12,13,8,7,1,22.5,0,0
12,13,8,7,2,67.5,0,0
12,13,8,7,3,112.5,0,0
12,13,8,7,4,157.5,0,0
12,13,8,7,5,202.5,0,0
12,13,8,7,6,247.5,0,0
12,13,8,7,7,292.5,0,0
12,13,8,7,8,337.5,0,0
12,13,8,8,1,22.5,0,0
12,13,8,8,2,67.5,0,0
12,13,8,8,3,112.5,0,0
12,13,8,8,4,157.5,0,0
12,13,8,8,5,202.5,0,0
12,13,8,8,6,247.5,0,0
12,13,8,8,7,292.5,0,0
12,13,8,8,8,337.5,0,0
12,13,8,9,1,22.5,0,0
12,13,8,9,2,67.5,0,0
12,13,8,9,3,112.5,0,0
12,13,8,9,4,157.5,0,0
12,13,8,9,5,202.5,0,0
12,13,8,9,6,247.5,0,0
12,13,8,9,7,292.5,0,0
12,13,8,9,8,337.5,0,0
12,13,8,10,1,22.5,0,0
12,13,8,10,2,67.5,0,0
12,13,8,10,3,112.5,0,0
12,13,8,10,4,157.5,0,0
12,13,8,10,5,202.5,0,0
12,13,8,10,6,247.5,0,0
12,13,8,10,7,292.5,0,0
12,13,8,10,8,337.5,0,0
12,13,8,11,1,22.5,0,0
12,13,8,11,2,67.5,0,0
12,13,8,11,3,112.5,0,0
12,13,8,11,4,157.5,0,0
12,13,8,11,5,202.5,0,0
12,13,8,11,6,247.5,0,0
12,13,8,11,7,292.5,0,0
12,13,8,11,8,337.5,0,0
13,14,1,1,1,22.5,4.56674e+06,49.9421
13,14,1,1,2,67.5,4.56659e+06,250.228
13,14,1,1,3,112.5,4.55385e+06,336.831
13,14,1,1,4,157.5,4.5435e+06,413.736
13,14,1,1,5,202.5,4.54725e+06,351.033
13,14,1,1,6,247.5,4.56152e+06,464.531
13,14,1,1,7,292.5,4.56729e+06,240.331
13,14,1,1,8,337.5,4.56947e+06,127.402
13,14,1,2,1,22.5,1.91108e+06,72.9465
13,14,1,2,2,67.5,1.90802e+06,162.222
13,14,1,2,3,112.5,1.89292e+06,196.598
13,14,1,2,4,157.5,1.88372e+06,255.162
13,14,1,2,5,202.5,1.88344e+06,216.587
13,14,1,2,6,247.5,1.9004e+06,182.594
13,14,1,2,7,292.5,1.9072e+06,166.162
13,14,1,2,8,337.5,1.91224e+06,67.9241
13,14,1,3,1,22.5,977946,81.3227
13,14,1,3,2,67.5,974968,126.364
13,14,1,3,3,112.5,964791,125.827
13,14,1,3,4,157.5,955369,138.184
13,14,1,3,5,202.5,957689,123.59
13,14,1,3,6,247.5,970625,137.497
13,14,1,3,7,292.5,975892,125.365
13,14,1,3,8,337.5,974885,75.756
13,14,1,4,1,22.5,547534,61.4705
13,14,1,4,2,67.5,545831,95.3782
13,14,1,4,3,112.5,538852,90.4879
13,14,1,4,4,157.5,534118,88.4207
13,14,1,4,5,202.5,536478,71.1527
13,14,1,4,6,247.5,543100,102.856
13,14,1,4,7,292.5,547594,90.4181
13,14,1,4,8,337.5,547028,57.552
13,14,1,5,1,22.5,524613,50.3916
13,14,1,5,2,67.5,522843,75.7366
13,14,1,5,3,112.5,516699,75.003
13,14,1,5,4,157.5,509822,59.4676
13,14,1,5,5,202.5,510441,54.0546
13,14,1,5,6,247.5,518375,83.1138
13,14,1,5,7,292.5,523625,71.6676
13,14,1,5,8,337.5,523598,49.4403
13,14,1,6,1,22.5,207350,16.9855
13,14,1,6,2,67.5,207010,25.8889
13,14,1,6,3,112.5,203018,27.1766
13,14,1,6,4,157.5,199520,17.3692
13,14,1,6,5,202.5,201807,32.0097
13,14,1,6,6,247.5,204387,29.5261
13,14,1,6,7,292.5,206751,25.5213
13,14,1,6,8,337.5,206371,17.1012
13,14,1,7,1,22.5,86379,5.06978
13,14,1,7,2,67.5,86249,4.65514
13,14,1,7,3,112.5,84945,8.06566
13,14,1,7,4,157.5,82985,10.7738
13,14,1,7,5,202.5,83464,8.08217
13,14,1,7,6,247.5,85248,7.69045
13,14,1,7,7,292.5,86812,8.52975
13,14,1,7,8,337.5,86203,6.16952
13,14,1,8,1,22.5,46414,0
13,14,1,8,2,67.5,46608,0
13,14,1,8,3,112.5,45491,0
13,14,1,8,4,157.5,44001,0
13,14,1,8,5,202.5,44869,0
13,14,1,8,6,247.5,45872,0
13,14,1,8,7,292.5,46712,0
13,14,1,8,8,337.5,46122,0
13,14,1,9,1,22.5,12409,0
13,14,1,9,2,67.5,12314,4.38194
13,14,1,9,3,112.5,12220,0
13,14,1,9,4,157.5,11859,4.58093
13,14,1,9,5,202.5,11961,0
13,14,1,9,6,247.5,12224,0
13,14,1,9,7,292.5,12543,0
13,14,1,9,8,337.5,12494,0
13,14,1,10,1,22.5,2900,0
13,14,1,10,2,67.5,2864,0
13,14,1,10,3,112.5,2784,0
13,14,1,10,4,157.5,2824,0
13,14,1,10,5,202.5,2782,0
13,14,1,10,6,247.5,2813,0
13,14,1,10,7,292.5,2782,0
13,14,1,10,8,337.5,2862,0
13,14,1,11,1,22.5,128,0
13,14,1,11,2,67.5,131,0
13,14,1,11,3,112.5,145,0
13,14,1,11,4,157.5,129,0
13,14,1,11,5,202.5,136,0
13,14,1,11,6,247.5,128,0
13,14,1,11,7,292.5,155,0
13,14,1,11,8,337.5,141,0
13,14,2,1,1,22.5,412917,152.637
13,14,2,1,2,67.5,412273,296.96
13,14,2,1,3,112.5,409490,282.407
13,14,2,1,4,157.5,408663,349.544
13,14,2,1,5,202.5,407514,341.791
13,14,2,1,6,247.5,411832,245.32
13,14,2,1,7,292.5,413457,317.898
13,14,2,1,8,337.5,413276,161.014
13,14,2,2,1,22.5,318267,54.2564
13,14,2,2,2,67.5,315930,177.127
13,14,2,2,3,112.5,312694,242.754
13,14,2,2,4,157.5,309466,319.437
13,14,2,2,5,202.5,311367,268.239
13,14,2,2,6,247.5,314098,244.53
13,14,2,2,7,292.5,316639,171.852
13,14,2,2,8,337.5,319066,51.752
13,14,2,3,1,22.5,239297,71.6091
13,14,2,3,2,67.5,237434,156.256
13,14,2,3,3,112.5,234019,191.328
13,14,2,3,4,157.5,231052,233.413
13,14,2,3,5,202.5,231640,206.561
13,14,2,3,6,247.5,235036,205.769
13,14,2,3,7,292.5,238243,170.027
13,14,2,3,8,337.5,239914,67.3581
13,14,2,4,1,22.5,177785,79.3301
13,14,2,4,2,67.5,176029,139.429
13,14,2,4,3,112.5,173238,148.935
13,14,2,4,4,157.5,170376,188.3
13,14,2,4,5,202.5,171567,161.771
13,14,2,4,6,247.5,173640,180.95
13,14,2,4,7,292.5,176182,141.876
13,14,2,4,8,337.5,176973,74.5631
13,14,2,5,1,22.5,229347,105.294
13,14,2,5,2,67.5,227215,175.158
13,14,2,5,3,112.5,222029,175.512
13,14,2,5,4,157.5,218438,195.708
13,14,2,5,5,202.5,218717,163.393
13,14,2,5,6,247.5,224236,202.983
13,14,2,5,7,292.5,228036,161.013
13,14,2,5,8,337.5,229088,101.417
13,14,2,6,1,22.5,129864,76.4034
13,14,2,6,2,67.5,127906,121.728
13,14,2,6,3,112.5,125076,120.676
13,14,2,6,4,157.5,123543,114.213
13,14,2,6,5,202.5,123833,103.728
13,14,2,6,6,247.5,125969,163.306
13,14,2,6,7,292.5,128694,114.602
13,14,2,6,8,337.5,128368,74.9145
13,14,2,7,1,22.5,76024,53.8276
13,14,2,7,2,67.5,75643,79.2406
13,14,2,7,3,112.5,73691,77.1277
13,14,2,7,4,157.5,71893,65.3972
13,14,2,7,5,202.5,72336,57.6347
13,14,2,7,6,247.5,74149,87.6512
13,14,2,7,7,292.5,75863,75.4184
13,14,2,7,8,337.5,74975,47.5217
13,14,2,8,1,22.5,60896,38.3788
13,14,2,8,2,67.5,60617,51.7339
13,14,2,8,3,112.5,58699,49.6927
13,14,2,8,4,157.5,57387,38.4048
13,14,2,8,5,202.5,57787,35.0312
13,14,2,8,6,247.5,59731,70.8279
13,14,2,8,7,292.5,60366,50.5026
13,14,2,8,8,337.5,60694,33.3133
13,14,2,9,1,22.5,28830,16.263
13,14,2,9,2,67.5,28810,22.0023
13,14,2,9,3,112.5,27566,19.7479
13,14,2,9,4,157.5,26815,14.5309
13,14,2,9,5,202.5,27223,12.617
13,14,2,9,6,247.5,28091,23.8702
13,14,2,9,7,292.5,28217,19.5192
13,14,2,9,8,337.5,28263,12.9527
13,14,2,10,1,22.5,15539,5.03234
13,14,2,10,2,67.5,15306,10.4663
13,14,2,10,3,112.5,15159,4.96111
13,14,2,10,4,157.5,14186,0
13,14,2,10,5,202.5,14568,3.83057
13,14,2,10,6,247.5,15024,7.47544
13,14,2,10,7,292.5,15477,6.23983
13,14,2,10,8,337.5,15107,5.18094
13,14,2,11,1,22.5,5179,0
13,14,2,11,2,67.5,5178,0
13,14,2,11,3,112.5,4943,0
13,14,2,11,4,157.5,4741,7.43476
13,14,2,11,5,202.5,4783,0
13,14,2,11,6,247.5,4866,4.22853
13,14,2,11,7,292.5,5049,0
13,14,2,11,8,337.5,5122,0
13,14,3,1,1,22.5,199739,84.4463
13,14,3,1,2,67.5,199001,136.697
13,14,3,1,3,112.5,198577,181.153
13,14,3,1,4,157.5,196043,263.381
13,14,3,1,5,202.5,197079,238.695
13,14,3,1,6,247.5,198121,149.847
13,14,3,1,7,292.5,199514,138.125
13,14,3,1,8,337.5,199630,87.2023
13,14,3,2,1,22.5,160156,31.8246
13,14,3,2,2,67.5,158803,100.012
13,14,3,2,3,112.5,157005,149.537
13,14,3,2,4,157.5,154306,244.849
13,14,3,2,5,202.5,155457,185.378
13,14,3,2,6,247.5,157555,144.045
13,14,3,2,7,292.5,159271,108.723
13,14,3,2,8,337.5,161023,27.4114
13,14,3,3,1,22.5,127167,21.2656
13,14,3,3,2,67.5,125508,90.3303
13,14,3,3,3,112.5,123132,128.435
13,14,3,3,4,157.5,121019,201.057
13,14,3,3,5,202.5,121632,160.371
13,14,3,3,6,247.5,123580,136.858
13,14,3,3,7,292.5,125152,104.962
13,14,3,3,8,337.5,126664,23.3727
13,14,3,4,1,22.5,99310,26.4865
13,14,3,4,2,67.5,98205,88.7075
13,14,3,4,3,112.5,95532,108.43
13,14,3,4,4,157.5,93760,169.045
13,14,3,4,5,202.5,94125,131.035
13,14,3,4,6,247.5,96199,132.071
13,14,3,4,7,292.5,98477,96.5877
13,14,3,4,8,337.5,98358,29.6812
13,14,3,5,1,22.5,136062,47.716
13,14,3,5,2,67.5,133773,129.771
13,14,3,5,3,112.5,130903,142.361
13,14,3,5,4,157.5,128134,205.33
13,14,3,5,5,202.5,128601,163.619
13,14,3,5,6,247.5,131332,179.618
13,14,3,5,7,292.5,134107,125.703
13,14,3,5,8,337.5,135517,46.5744
13,14,3,6,1,22.5,80898,48.8376
13,14,3,6,2,67.5,80037,113.642
13,14,3,6,3,112.5,77832,112.935
13,14,3,6,4,157.5,75817,152.579
13,14,3,6,5,202.5,75980,119.247
13,14,3,6,6,247.5,78107,142.213
13,14,3,6,7,292.5,79651,99.9395
13,14,3,6,8,337.5,80814,47.0675
13,14,3,7,1,22.5,48928,42.1805
13,14,3,7,2,67.5,47602,94.7349
13,14,3,7,3,112.5,46403,93.3828
13,14,3,7,4,157.5,45031,107.771
13,14,3,7,5,202.5,45389,89.9521
13,14,3,7,6,247.5,46908,111.754
13,14,3,7,7,292.5,47898,79.9914
13,14,3,7,8,337.5,48946,45.1145
13,14,3,8,1,22.5,40293,49.1549
13,14,3,8,2,67.5,39674,85.8714
13,14,3,8,3,112.5,38746,85.3073
13,14,3,8,4,157.5,37343,88.2972
13,14,3,8,5,202.5,37379,73.3741
13,14,3,8,6,247.5,38806,99.3731
13,14,3,8,7,292.5,40197,76.8075
13,14,3,8,8,337.5,40449,48.4863
13,14,3,9,1,22.5,20625,38.9786
13,14,3,9,2,67.5,20490,55.798
13,14,3,9,3,112.5,19764,56.2384
13,14,3,9,4,157.5,19046,50.8547
13,14,3,9,5,202.5,19019,43.5042
13,14,3,9,6,247.5,19981,66.3407
13,14,3,9,7,292.5,20170,54.3748
13,14,3,9,8,337.5,20292,34.8879
13,14,3,10,1,22.5,13381,29.5423
13,14,3,10,2,67.5,13168,39.1719
13,14,3,10,3,112.5,12861,39.2809
13,14,3,10,4,157.5,12047,32.0962
13,14,3,10,5,202.5,12050,27.9268
13,14,3,10,6,247.5,12748,42.2886
13,14,3,10,7,292.5,13219,38.8394
13,14,3,10,8,337.5,13139,25.5082
13,14,3,11,1,22.5,7856,15.7031
13,14,3,11,2,67.5,7708,18.7906
13,14,3,11,3,112.5,7453,20.248
13,14,3,11,4,157.5,6784,15.1802
13,14,3,11,5,202.5,7046,13.799
13,14,3,11,6,247.5,7444,20.8582
13,14,3,11,7,292.5,7675,20.339
13,14,3,11,8,337.5,7451,12.1423
13,14,4,1,1,22.5,111517,56.2274
13,14,4,1,2,67.5,111367,103.534
13,14,4,1,3,112.5,109762,152.453
13,14,4,1,4,157.5,109372,180.561
13,14,4,1,5,202.5,109546,161.613
13,14,4,1,6,247.5,110091,103.056
13,14,4,1,7,292.5,111285,82.7572
13,14,4,1,8,337.5,110728,52.0199
13,14,4,2,1,22.5,90800,17.7274
13,14,4,2,2,67.5,90548,57.3317
13,14,4,2,3,112.5,89418,122.85
13,14,4,2,4,157.5,88155,176.112
13,14,4,2,5,202.5,89107,142.304
13,14,4,2,6,247.5,89389,90.174
13,14,4,2,7,292.5,90696,59.3705
13,14,4,2,8,337.5,92177,19.846
13,14,4,3,1,22.5,74229,12.4832
13,14,4,3,2,67.5,73487,52.1583
13,14,4,3,3,112.5,72308,105.594
13,14,4,3,4,157.5,70825,159.664
13,14,4,3,5,202.5,71537,122.51
13,14,4,3,6,247.5,72551,91.782
13,14,4,3,7,292.5,74221,66.1622
13,14,4,3,8,337.5,75224,10.7641
13,14,4,4,1,22.5,60075,9.38098
13,14,4,4,2,67.5,59100,49.4321
13,14,4,4,3,112.5,58207,87.0113
13,14,4,4,4,157.5,56485,137.093
13,14,4,4,5,202.5,57369,104.635
13,14,4,4,6,247.5,58028,89.9173
13,14,4,4,7,292.5,59357,68.3828
13,14,4,4,8,337.5,60610,8.51579
13,14,4,5,1,22.5,86791,13.3884
13,14,4,5,2,67.5,84716,85.8051
13,14,4,5,3,112.5,83217,107.09
13,14,4,5,4,157.5,80848,172.111
13,14,4,5,5,202.5,81670,129.703
13,14,4,5,6,247.5,83594,130.994
13,14,4,5,7,292.5,85673,100.953
13,14,4,5,8,337.5,86785,13.9578
13,14,4,6,1,22.5,55300,15.751
13,14,4,6,2,67.5,54048,85.8222
13,14,4,6,3,112.5,52414,89.4174
13,14,4,6,4,157.5,51069,133.494
13,14,4,6,5,202.5,51428,103.707
13,14,4,6,6,247.5,52245,112.367
13,14,4,6,7,292.5,54342,84.0322
13,14,4,6,8,337.5,54823,14.0299
13,14,4,7,1,22.5,34166,15.1783
13,14,4,7,2,67.5,33861,75.8483
13,14,4,7,3,112.5,32794,76.3267
13,14,4,7,4,157.5,31288,102.554
13,14,4,7,5,202.5,31875,82.5894
13,14,4,7,6,247.5,32317,95.7145
13,14,4,7,7,292.5,33712,67.0875
13,14,4,7,8,337.5,34439,16.167
13,14,4,8,1,22.5,29244,21.21
13,14,4,8,2,67.5,28795,76.6811
13,14,4,8,3,112.5,27848,74.0444
13,14,4,8,4,157.5,26289,93.3363
13,14,4,8,5,202.5,26837,76.3965
13,14,4,8,6,247.5,27589,89.0823
13,14,4,8,7,292.5,28960,63.2771
13,14,4,8,8,337.5,29402,25.7388
13,14,4,9,1,22.5,14663,21.7042
13,14,4,9,2,67.5,14772,55.7881
13,14,4,9,3,112.5,14060,53.068
13,14,4,9,4,157.5,13394,65.9986
13,14,4,9,5,202.5,13593,50.906
13,14,4,9,6,247.5,14368,65.9783
13,14,4,9,7,292.5,14861,46.5539
13,14,4,9,8,337.5,15038,25.2051
13,14,4,10,1,22.5,9262,25.6216
13,14,4,10,2,67.5,9423,43.9485
13,14,4,10,3,112.5,8846,43.5642
13,14,4,10,4,157.5,8256,45.4542
13,14,4,10,5,202.5,8404,39.2413
13,14,4,10,6,247.5,8716,51.6028
13,14,4,10,7,292.5,9185,38.643
13,14,4,10,8,337.5,9688,25.2186
13,14,4,11,1,22.5,5937,23.1029
13,14,4,11,2,67.5,5660,31.0537
13,14,4,11,3,112.5,5315,32.7577
13,14,4,11,4,157.5,4993,29.8287
13,14,4,11,5,202.5,5163,26.4504
13,14,4,11,6,247.5,5440,38.0853
13,14,4,11,7,292.5,5748,30.3035
13,14,4,11,8,337.5,5556,20.9781
13,14,5,1,1,22.5,65135,44.8493
13,14,5,1,2,67.5,64227,71.6994
13,14,5,1,3,112.5,64809,103.974
13,14,5,1,4,157.5,64013,130.697
13,14,5,1,5,202.5,64363,124.767
13,14,5,1,6,247.5,64060,80.39
13,14,5,1,7,292.5,64860,47.1108
13,14,5,1,8,337.5,65032,41.3683
13,14,5,2,1,22.5,53721,14.5987
13,14,5,2,2,67.5,53405,50.3168
13,14,5,2,3,112.5,52975,102.239
13,14,5,2,4,157.5,51655,126.154
13,14,5,2,5,202.5,52966,108.55
13,14,5,2,6,247.5,52903,56.6327
13,14,5,2,7,292.5,53059,32.6955
13,14,5,2,8,337.5,53492,8.38418
13,14,5,3,1,22.5,44936,5.03859
13,14,5,3,2,67.5,43891,34.0545
13,14,5,3,3,112.5,43529,88.0575
13,14,5,3,4,157.5,42607,120.291
13,14,5,3,5,202.5,42795,90.625
13,14,5,3,6,247.5,43241,56.8971
13,14,5,3,7,292.5,44739,44.0206
13,14,5,3,8,337.5,44964,0
13,14,5,4,1,22.5,36934,0
13,14,5,4,2,67.5,36325,23.6857
13,14,5,4,3,112.5,35418,75.7367
13,14,5,4,4,157.5,34635,106.311
13,14,5,4,5,202.5,34615,83.9998
13,14,5,4,6,247.5,35521,60.6808
13,14,5,4,7,292.5,36456,49.0696
13,14,5,4,8,337.5,36759,5.19152
13,14,5,5,1,22.5,54797,4.88203
13,14,5,5,2,67.5,54203,48.7916
13,14,5,5,3,112.5,52195,88.1238
13,14,5,5,4,157.5,50779,138.598
13,14,5,5,5,202.5,51492,105.157
13,14,5,5,6,247.5,52845,90.7199
13,14,5,5,7,292.5,54588,73.9647
13,14,5,5,8,337.5,55431,0
13,14,5,6,1,22.5,36483,0
13,14,5,6,2,67.5,35539,57.4432
13,14,5,6,3,112.5,34316,71.684
13,14,5,6,4,157.5,32710,112.012
13,14,5,6,5,202.5,33464,87.4691
13,14,5,6,6,247.5,34825,86.6607
13,14,5,6,7,292.5,35845,68.1372
13,14,5,6,8,337.5,36416,0
13,14,5,7,1,22.5,24012,0
13,14,5,7,2,67.5,23585,55.6556
13,14,5,7,3,112.5,22389,59.302
13,14,5,7,4,157.5,21351,88.195
13,14,5,7,5,202.5,21819,70.5272
13,14,5,7,6,247.5,22919,74.6398
13,14,5,7,7,292.5,23538,58.7311
13,14,5,7,8,337.5,24015,0
13,14,5,8,1,22.5,21373,8.43689
13,14,5,8,2,67.5,20926,60.1869
13,14,5,8,3,112.5,19860,58.4824
13,14,5,8,4,157.5,18587,82.3574
13,14,5,8,5,202.5,18902,65.8633
13,14,5,8,6,247.5,20129,74.6236
13,14,5,8,7,292.5,20675,54.9243
13,14,5,8,8,337.5,21328,7.57522
13,14,5,9,1,22.5,11154,6.95751
13,14,5,9,2,67.5,10858,46.4766
13,14,5,9,3,112.5,9973,44.0849
13,14,5,9,4,157.5,9553,58.2809
13,14,5,9,5,202.5,9780,45.8265
13,14,5,9,6,247.5,10430,54.807
13,14,5,9,7,292.5,10723,37.5084
13,14,5,9,8,337.5,11032,10.3415
13,14,5,10,1,22.5,6767,10.8709
13,14,5,10,2,67.5,6610,36.3385
13,14,5,10,3,112.5,6166,34.7778
13,14,5,10,4,157.5,5786,43.8317
13,14,5,10,5,202.5,6002,37.3364
13,14,5,10,6,247.5,6291,43.7471
13,14,5,10,7,292.5,6573,30.455
13,14,5,10,8,337.5,6723,13.3643
13,14,5,11,1,22.5,3656,12.8081
13,14,5,11,2,67.5,3572,25.7361
13,14,5,11,3,112.5,3372,25.6356
13,14,5,11,4,157.5,3048,31.1495
13,14,5,11,5,202.5,3204,26.691
13,14,5,11,6,247.5,3417,32.8191
13,14,5,11,7,292.5,3568,22.5658
13,14,5,11,8,337.5,3654,15.2801
13,14,6,1,1,22.5,34895,40.9615
13,14,6,1,2,67.5,34540,59.0278
13,14,6,1,3,112.5,34408,83.6076
13,14,6,1,4,157.5,34089,93.9606
13,14,6,1,5,202.5,34566,87.3203
13,14,6,1,6,247.5,34533,58.7311
13,14,6,1,7,292.5,35071,43.3759
13,14,6,1,8,337.5,34669,35.9777
13,14,6,2,1,22.5,29149,15.4607
13,14,6,2,2,67.5,29049,44.114
13,14,6,2,3,112.5,28458,75.9391
13,14,6,2,4,157.5,28282,90.1112
13,14,6,2,5,202.5,28277,79.6251
13,14,6,2,6,247.5,28508,41.5496
13,14,6,2,7,292.5,29266,16.6084
13,14,6,2,8,337.5,29145,8.75045
13,14,6,3,1,22.5,24759,6.24446
13,14,6,3,2,67.5,24283,31.9963
13,14,6,3,3,112.5,23796,68.366
13,14,6,3,4,157.5,23231,86.1859
13,14,6,3,5,202.5,23242,70.1264
13,14,6,3,6,247.5,23898,39.2401
13,14,6,3,7,292.5,24631,25.0094
13,14,6,3,8,337.5,24395,0
13,14,6,4,1,22.5,20449,0
13,14,6,4,2,67.5,20170,21.4912
13,14,6,4,3,112.5,19651,59.467
13,14,6,4,4,157.5,18986,78.4041
13,14,6,4,5,202.5,19072,63.2556
13,14,6,4,6,247.5,19784,41.2006
13,14,6,4,7,292.5,20397,34.1162
13,14,6,4,8,337.5,20431,0
13,14,6,5,1,22.5,30874,0
13,14,6,5,2,67.5,30334,24.8439
13,14,6,5,3,112.5,29445,70.8922
13,14,6,5,4,157.5,28281,100.037
13,14,6,5,5,202.5,28798,78.4038
13,14,6,5,6,247.5,30122,61.2566
13,14,6,5,7,292.5,30748,52.0293
13,14,6,5,8,337.5,31100,5.21214
13,14,6,6,1,22.5,21249,0
13,14,6,6,2,67.5,20572,32.7286
13,14,6,6,3,112.5,19715,54.5045
13,14,6,6,4,157.5,18832,85.4716
13,14,6,6,5,202.5,19216,65.2665
13,14,6,6,6,247.5,19834,58.4192
13,14,6,6,7,292.5,20694,48.8495
13,14,6,6,8,337.5,20869,0
13,14,6,7,1,22.5,14304,4.39583
13,14,6,7,2,67.5,13848,35.7485
13,14,6,7,3,112.5,13072,44.6341
13,14,6,7,4,157.5,12252,67.7505
13,14,6,7,5,202.5,12598,53.5876
13,14,6,7,6,247.5,13176,52.3084
13,14,6,7,7,292.5,13677,43.0857
13,14,6,7,8,337.5,14062,0
13,14,6,8,1,22.5,12384,4.14511
13,14,6,8,2,67.5,12239,39.7319
13,14,6,8,3,112.5,11299,41.1806
13,14,6,8,4,157.5,10775,63.9951
13,14,6,8,5,202.5,10940,49.2995
13,14,6,8,6,247.5,11630,51.8472
13,14,6,8,7,292.5,12014,43.5484
13,14,6,8,8,337.5,12506,0
13,14,6,9,1,22.5,6312,0
13,14,6,9,2,67.5,6094,31.6956
13,14,6,9,3,112.5,5665,30.245
13,14,6,9,4,157.5,5419,43.1797
13,14,6,9,5,202.5,5471,35.5257
13,14,6,9,6,247.5,5696,38.3506
13,14,6,9,7,292.5,6105,29.4224
13,14,6,9,8,337.5,6353,0
13,14,6,10,1,22.5,3612,0
13,14,6,10,2,67.5,3514,25.2807
13,14,6,10,3,112.5,3283,22.8223
13,14,6,10,4,157.5,2970,32.785
13,14,6,10,5,202.5,3165,25.171
13,14,6,10,6,247.5,3319,30.1342
13,14,6,10,7,292.5,3563,20.9112
13,14,6,10,8,337.5,3546,4.45612
13,14,6,11,1,22.5,1455,4.85175
13,14,6,11,2,67.5,1455,16.3652
13,14,6,11,3,112.5,1351,15.8599
13,14,6,11,4,157.5,1161,19.5395
13,14,6,11,5,202.5,1262,18.0685
13,14,6,11,6,247.5,1428,19.5211
13,14,6,11,7,292.5,1396,13.6717
13,14,6,11,8,337.5,1397,5.52093
13,14,7,1,1,22.5,14725,31.7462
13,14,7,1,2,67.5,14563,40.1208
13,14,7,1,3,112.5,14487,55.7525
13,14,7,1,4,157.5,13911,62.7632
13,14,7,1,5,202.5,14126,56.5483
13,14,7,1,6,247.5,14192,42.0403
13,14,7,1,7,292.5,14217,31.1023
13,14,7,1,8,337.5,14466,26.809
13,14,7,2,1,22.5,11773,15.0989
13,14,7,2,2,67.5,12127,33.2396
13,14,7,2,3,112.5,11737,50.9187
13,14,7,2,4,157.5,11521,59.0504
13,14,7,2,5,202.5,11504,51.0163
13,14,7,2,6,247.5,11867,28.6978
13,14,7,2,7,292.5,11904,11.1541
13,14,7,2,8,337.5,11948,8.73974
13,14,7,3,1,22.5,10097,6.58701
13,14,7,3,2,67.5,9821,26.0726
13,14,7,3,3,112.5,9557,45.7133
13,14,7,3,4,157.5,9329,55.7307
13,14,7,3,5,202.5,9473,45.3569
13,14,7,3,6,247.5,9608,24.3776
13,14,7,3,7,292.5,9721,13.4345
13,14,7,3,8,337.5,9877,0
13,14,7,4,1,22.5,8217,0
13,14,7,4,2,67.5,8215,18.4312
13,14,7,4,3,112.5,7814,40.5258
13,14,7,4,4,157.5,7485,53.0581
13,14,7,4,5,202.5,7686,40.3964
13,14,7,4,6,247.5,7769,24.0592
13,14,7,4,7,292.5,7991,18.3827
13,14,7,4,8,337.5,8081,0
13,14,7,5,1,22.5,12003,0
13,14,7,5,2,67.5,11868,16.988
13,14,7,5,3,112.5,11594,47.5011
13,14,7,5,4,157.5,11118,65.2953
13,14,7,5,5,202.5,11290,51.1584
13,14,7,5,6,247.5,11599,36.1083
13,14,7,5,7,292.5,12263,30.1564
13,14,7,5,8,337.5,12197,0
13,14,7,6,1,22.5,7976,0
13,14,7,6,2,67.5,7720,13.2944
13,14,7,6,3,112.5,7418,35.6559
13,14,7,6,4,157.5,6953,53.1804
13,14,7,6,5,202.5,7224,39.2496
13,14,7,6,6,247.5,7394,33.0112
13,14,7,6,7,292.5,7915,28.7289
13,14,7,6,8,337.5,8170,0
13,14,7,7,1,22.5,5046,0
13,14,7,7,2,67.5,4848,15.3503
13,14,7,7,3,112.5,4464,26.5286
13,14,7,7,4,157.5,4267,39.5788
13,14,7,7,5,202.5,4464,29.3224
13,14,7,7,6,247.5,4646,29.5811
13,14,7,7,7,292.5,4967,23.4307
13,14,7,7,8,337.5,5107,0
13,14,7,8,1,22.5,3969,0
13,14,7,8,2,67.5,3800,17.6502
13,14,7,8,3,112.5,3549,23.4078
13,14,7,8,4,157.5,3320,33.279
13,14,7,8,5,202.5,3405,25.9308
13,14,7,8,6,247.5,3667,27.1231
13,14,7,8,7,292.5,3805,21.9177
13,14,7,8,8,337.5,3845,0
13,14,7,9,1,22.5,1519,0
13,14,7,9,2,67.5,1476,13.0814
13,14,7,9,3,112.5,1411,12.3456
13,14,7,9,4,157.5,1250,19.3977
13,14,7,9,5,202.5,1302,16.362
13,14,7,9,6,247.5,1394,15.9087
13,14,7,9,7,292.5,1555,13.3617
13,14,7,9,8,337.5,1465,0
13,14,7,10,1,22.5,534,0
13,14,7,10,2,67.5,483,8.31573
13,14,7,10,3,112.5,461,7.58156
13,14,7,10,4,157.5,479,11.1785
13,14,7,10,5,202.5,465,9.52591
13,14,7,10,6,247.5,532,9.32165
13,14,7,10,7,292.5,506,5.4468
13,14,7,10,8,337.5,558,0
13,14,7,11,1,22.5,64,0
13,14,7,11,2,67.5,63,0
13,14,7,11,3,112.5,53,0
13,14,7,11,4,157.5,56,0
13,14,7,11,5,202.5,53,0
13,14,7,11,6,247.5,49,0
13,14,7,11,7,292.5,49,0
13,14,7,11,8,337.5,44,0
13,14,8,1,1,22.5,2471,10.1623
13,14,8,1,2,67.5,2618,16.5236
13,14,8,1,3,112.5,2533,19.0418
13,14,8,1,4,157.5,2516,22.6833
13,14,8,1,5,202.5,2482,21.287
13,14,8,1,6,247.5,2619,16.042
13,14,8,1,7,292.5,2573,11.7772
13,14,8,1,8,337.5,2488,9.67639
13,14,8,2,1,22.5,1767,4.2281
13,14,8,2,2,67.5,1829,10.7484
13,14,8,2,3,112.5,1817,18.2305
13,14,8,2,4,157.5,1816,21.2353
13,14,8,2,5,202.5,1820,16.5646
13,14,8,2,6,247.5,1798,9.24386
13,14,8,2,7,292.5,1794,0
13,14,8,2,8,337.5,1873,0
13,14,8,3,1,22.5,1397,0
13,14,8,3,2,67.5,1341,8.25427
13,14,8,3,3,112.5,1307,14.8998
13,14,8,3,4,157.5,1310,19.0571
13,14,8,3,5,202.5,1227,14.9875
13,14,8,3,6,247.5,1243,0
13,14,8,3,7,292.5,1316,0
13,14,8,3,8,337.5,1312,0
13,14,8,4,1,22.5,903,0
13,14,8,4,2,67.5,916,0
13,14,8,4,3,112.5,884,11.8771
13,14,8,4,4,157.5,869,14.7492
13,14,8,4,5,202.5,895,11.2425
13,14,8,4,6,247.5,911,0
13,14,8,4,7,292.5,876,0
13,14,8,4,8,337.5,876,0
13,14,8,5,1,22.5,1004,0
13,14,8,5,2,67.5,966,0
13,14,8,5,3,112.5,972,13.2084
13,14,8,5,4,157.5,929,13.6609
13,14,8,5,5,202.5,924,10.341
13,14,8,5,6,247.5,934,6.90323
13,14,8,5,7,292.5,1047,6.39879
13,14,8,5,8,337.5,1012,0
13,14,8,6,1,22.5,382,0
13,14,8,6,2,67.5,346,0
13,14,8,6,3,112.5,347,4.56653
13,14,8,6,4,157.5,324,7.94224
13,14,8,6,5,202.5,353,5.89838
13,14,8,6,6,247.5,383,5.51972
13,14,8,6,7,292.5,400,3.22837
13,14,8,6,8,337.5,360,0
13,14,8,7,1,22.5,106,0
13,14,8,7,2,67.5,84,0
13,14,8,7,3,112.5,71,0
13,14,8,7,4,157.5,62,0
13,14,8,7,5,202.5,74,0
13,14,8,7,6,247.5,85,0
13,14,8,7,7,292.5,82,0
13,14,8,7,8,337.5,92,0
13,14,8,8,1,22.5,19,0
13,14,8,8,2,67.5,10,0
13,14,8,8,3,112.5,13,0
13,14,8,8,4,157.5,11,0
13,14,8,8,5,202.5,19,0
13,14,8,8,6,247.5,18,0
13,14,8,8,7,292.5,11,0
13,14,8,8,8,337.5,18,0
13,14,8,9,1,22.5,0,0
13,14,8,9,2,67.5,0,0
13,14,8,9,3,112.5,0,0
13,14,8,9,4,157.5,0,0
13,14,8,9,5,202.5,0,0
13,14,8,9,6,247.5,0,0
13,14,8,9,7,292.5,0,0
13,14,8,9,8,337.5,0,0
13,14,8,10,1,22.5,0,0
13,14,8,10,2,67.5,0,0
13,14,8,10,3,112.5,0,0
13,14,8,10,4,157.5,0,0
13,14,8,10,5,202.5,0,0
13,14,8,10,6,247.5,0,0
13,14,8,10,7,292.5,0,0
13,14,8,10,8,337.5,0,0
13,14,8,11,1,22.5,0,0
13,14,8,11,2,67.5,0,0
13,14,8,11,3,112.5,0,0
13,14,8,11,4,157.5,0,0
13,14,8,11,5,202.5,0,0
13,14,8,11,6,247.5,0,0
13,14,8,11,7,292.5,0,0
13,14,8,11,8,337.5,0,0
14,15,1,1,1,22.5,2.82757e+06,59.1272
14,15,1,1,2,67.5,2.82573e+06,179.617
14,15,1,1,3,112.5,2.82242e+06,237.434
14,15,1,1,4,157.5,2.81228e+06,246.969
14,15,1,1,5,202.5,2.8193e+06,173.527
14,15,1,1,6,247.5,2.82328e+06,226.417
14,15,1,1,7,292.5,2.82853e+06,176.677
14,15,1,1,8,337.5,2.83148e+06,59.9112
14,15,1,2,1,22.5,1.17127e+06,38.4875
14,15,1,2,2,67.5,1.16904e+06,81.3851
14,15,1,2,3,112.5,1.16225e+06,115.11
14,15,1,2,4,157.5,1.15698e+06,157.651
14,15,1,2,5,202.5,1.15703e+06,102.283
14,15,1,2,6,247.5,1.16537e+06,107.923
14,15,1,2,7,292.5,1.17143e+06,91.187
14,15,1,2,8,337.5,1.17152e+06,32.9996
14,15,1,3,1,22.5,581074,39.9268
14,15,1,3,2,67.5,580564,68.6563
14,15,1,3,3,112.5,575771,65.37
14,15,1,3,4,157.5,569943,63.6661
14,15,1,3,5,202.5,571208,51.2523
14,15,1,3,6,247.5,575321,68.2866
14,15,1,3,7,292.5,579593,69.727
14,15,1,3,8,337.5,580839,34.0957
14,15,1,4,1,22.5,317029,28.9678
14,15,1,4,2,67.5,316063,46.0389
14,15,1,4,3,112.5,313053,42.9035
14,15,1,4,4,157.5,309813,29.5036
14,15,1,4,5,202.5,311300,26.4773
14,15,1,4,6,247.5,314097,46.6937
14,15,1,4,7,292.5,316578,44.9301
14,15,1,4,8,337.5,317690,27.8062
14,15,1,5,1,22.5,293883,21.9022
14,15,1,5,2,67.5,294024,32.6781
14,15,1,5,3,112.5,290470,28.6515
14,15,1,5,4,157.5,288182,18.0828
14,15,1,5,5,202.5,288439,17.976
14,15,1,5,6,247.5,292533,33.1667
14,15,1,5,7,292.5,293479,30.3003
14,15,1,5,8,337.5,294385,20.6587
14,15,1,6,1,22.5,108078,0
14,15,1,6,2,67.5,108714,6.32483
14,15,1,6,3,112.5,107899,11.4915
14,15,1,6,4,157.5,105651,3.62636
14,15,1,6,5,202.5,107069,5.33629
14,15,1,6,6,247.5,107893,11.6022
14,15,1,6,7,292.5,108935,5.77685
14,15,1,6,8,337.5,109514,5.39017
14,15,1,7,1,22.5,39356,0
14,15,1,7,2,67.5,39693,0
14,15,1,7,3,112.5,39137,0
14,15,1,7,4,157.5,38221,0
14,15,1,7,5,202.5,38693,0
14,15,1,7,6,247.5,39245,5.53099
14,15,1,7,7,292.5,39457,0
14,15,1,7,8,337.5,39424,0
14,15,1,8,1,22.5,15572,0
14,15,1,8,2,67.5,15454,0
14,15,1,8,3,112.5,15379,0
14,15,1,8,4,157.5,14998,0
14,15,1,8,5,202.5,15035,0
14,15,1,8,6,247.5,15484,0
14,15,1,8,7,292.5,15756,0
14,15,1,8,8,337.5,15482,0
14,15,1,9,1,22.5,2214,0
14,15,1,9,2,67.5,2197,0
14,15,1,9,3,112.5,2128,0
14,15,1,9,4,157.5,1999,0
14,15,1,9,5,202.5,2129,0
14,15,1,9,6,247.5,2159,0
14,15,1,9,7,292.5,2186,0
14,15,1,9,8,337.5,2185,0
14,15,1,10,1,22.5,173,0
14,15,1,10,2,67.5,184,0
14,15,1,10,3,112.5,189,0
14,15,1,10,4,157.5,174,0
14,15,1,10,5,202.5,171,0
14,15,1,10,6,247.5,157,0
14,15,1,10,7,292.5,207,0
14,15,1,10,8,337.5,183,0
14,15,1,11,1,22.5,0,0
14,15,1,11,2,67.5,0,0
14,15,1,11,3,112.5,0,0
14,15,1,11,4,157.5,0,0
14,15,1,11,5,202.5,1,0
14,15,1,11,6,247.5,0,0
14,15,1,11,7,292.5,0,0
14,15,1,11,8,337.5,1,0
14,15,2,1,1,22.5,299616,153.646
14,15,2,1,2,67.5,297554,236.298
14,15,2,1,3,112.5,296541,270.739
14,15,2,1,4,157.5,294828,378.102
14,15,2,1,5,202.5,295558,302.469
14,15,2,1,6,247.5,296909,249.047
14,15,2,1,7,292.5,296962,229.421
14,15,2,1,8,337.5,298925,174.715
14,15,2,2,1,22.5,226180,62.5694
14,15,2,2,2,67.5,224699,161.64
14,15,2,2,3,112.5,223445,195.807
14,15,2,2,4,157.5,220845,262.24
14,15,2,2,5,202.5,220680,214.106
14,15,2,2,6,247.5,223693,201.269
14,15,2,2,7,292.5,225008,159.926
14,15,2,2,8,337.5,226084,60.959
14,15,2,3,1,22.5,167225,56.5373
14,15,2,3,2,67.5,166131,117.882
14,15,2,3,3,112.5,164704,137.731
14,15,2,3,4,157.5,163503,169.169
14,15,2,3,5,202.5,163552,142.064
14,15,2,3,6,247.5,164823,151.994
14,15,2,3,7,292.5,167001,134.451
14,15,2,3,8,337.5,167429,55.5694
14,15,2,4,1,22.5,122305,57.465
14,15,2,4,2,67.5,122187,111.036
14,15,2,4,3,112.5,120494,110.977
14,15,2,4,4,157.5,118703,115.688
14,15,2,4,5,202.5,119121,100.689
14,15,2,4,6,247.5,120825,127.183
14,15,2,4,7,292.5,122364,113.551
14,15,2,4,8,337.5,123377,52.9831
14,15,2,5,1,22.5,156093,71.8233
14,15,2,5,2,67.5,155742,129.346
14,15,2,5,3,112.5,153892,118.496
14,15,2,5,4,157.5,151355,102.466
14,15,2,5,5,202.5,150939,89.2545
14,15,2,5,6,247.5,154258,132.714
14,15,2,5,7,292.5,155050,122.263
14,15,2,5,8,337.5,156667,66.0146
14,15,2,6,1,22.5,87803,47.5158
14,15,2,6,2,67.5,87941,81.4173
14,15,2,6,3,112.5,85799,67.3207
14,15,2,6,4,157.5,84843,51.0667
14,15,2,6,5,202.5,84955,43.922
14,15,2,6,6,247.5,86353,76.1431
14,15,2,6,7,292.5,87398,73.7911
14,15,2,6,8,337.5,87454,46.1821
14,15,2,7,1,22.5,51141,27.9493
14,15,2,7,2,67.5,50718,44.4082
14,15,2,7,3,112.5,49811,37.5544
14,15,2,7,4,157.5,48705,30.5358
14,15,2,7,5,202.5,48864,19.6679
14,15,2,7,6,247.5,49912,43.2686
14,15,2,7,7,292.5,50912,41.6154
14,15,2,7,8,337.5,50917,27.6095
14,15,2,8,1,22.5,38288,15.8458
14,15,2,8,2,67.5,38367,23.3165
14,15,2,8,3,112.5,37390,20.4002
14,15,2,8,4,157.5,36804,14.6442
14,15,2,8,5,202.5,36744,9.15116
14,15,2,8,6,247.5,37520,24.8306
14,15,2,8,7,292.5,37907,22.037
14,15,2,8,8,337.5,38509,15.7008
14,15,2,9,1,22.5,14084,0
14,15,2,9,2,67.5,14015,5.23881
14,15,2,9,3,112.5,13537,6.49782
14,15,2,9,4,157.5,13113,6.12204
14,15,2,9,5,202.5,13219,0
14,15,2,9,6,247.5,13508,7.9083
14,15,2,9,7,292.5,13763,0
14,15,2,9,8,337.5,13907,4.48861
14,15,2,10,1,22.5,4440,0
14,15,2,10,2,67.5,4399,0
14,15,2,10,3,112.5,4269,0
14,15,2,10,4,157.5,4055,0
14,15,2,10,5,202.5,4104,3.64326
14,15,2,10,6,247.5,4295,0
14,15,2,10,7,292.5,4410,0
14,15,2,10,8,337.5,4457,0
14,15,2,11,1,22.5,522,0
14,15,2,11,2,67.5,514,0
14,15,2,11,3,112.5,514,0
14,15,2,11,4,157.5,514,0
14,15,2,11,5,202.5,478,0
14,15,2,11,6,247.5,500,0
14,15,2,11,7,292.5,496,0
14,15,2,11,8,337.5,564,0
14,15,3,1,1,22.5,147410,112.845
14,15,3,1,2,67.5,146412,167.975
14,15,3,1,3,112.5,146141,247.212
14,15,3,1,4,157.5,144698,277.05
14,15,3,1,5,202.5,145582,245.959
14,15,3,1,6,247.5,146680,173.841
14,15,3,1,7,292.5,147179,150.029
14,15,3,1,8,337.5,147668,111.426
14,15,3,2,1,22.5,117975,56.1214
14,15,3,2,2,67.5,117546,113.282
14,15,3,2,3,112.5,116319,153.06
14,15,3,2,4,157.5,115255,215.863
14,15,3,2,5,202.5,115260,173.659
14,15,3,2,6,247.5,116023,114.339
14,15,3,2,7,292.5,118152,112.812
14,15,3,2,8,337.5,117761,49.5322
14,15,3,3,1,22.5,92921,33.7296
14,15,3,3,2,67.5,92589,90.1425
14,15,3,3,3,112.5,90741,117.752
14,15,3,3,4,157.5,89663,174.112
14,15,3,3,5,202.5,90192,141.43
14,15,3,3,6,247.5,91235,118.748
14,15,3,3,7,292.5,92120,97.1609
14,15,3,3,8,337.5,93144,28.2235
14,15,3,4,1,22.5,73130,26.1522
14,15,3,4,2,67.5,71282,86.1341
14,15,3,4,3,112.5,71097,98.1976
14,15,3,4,4,157.5,69706,140.593
14,15,3,4,5,202.5,69514,117.578
14,15,3,4,6,247.5,70388,109.691
14,15,3,4,7,292.5,72174,97.1416
14,15,3,4,8,337.5,72764,31.7699
14,15,3,5,1,22.5,99093,45.8641
14,15,3,5,2,67.5,98190,124.634
14,15,3,5,3,112.5,96033,120.789
14,15,3,5,4,157.5,94365,156.859
14,15,3,5,5,202.5,94794,130.215
14,15,3,5,6,247.5,95894,142.303
14,15,3,5,7,292.5,97953,121.922
14,15,3,5,8,337.5,99281,43.7012
14,15,3,6,1,22.5,58207,40.4672
14,15,3,6,2,67.5,57238,101.912
14,15,3,6,3,112.5,56381,89.9938
14,15,3,6,4,157.5,54804,98.3948
14,15,3,6,5,202.5,55004,80.9153
14,15,3,6,6,247.5,56276,107.381
14,15,3,6,7,292.5,57493,93.1135
14,15,3,6,8,337.5,58276,40.2606
14,15,3,7,1,22.5,34846,34.3645
14,15,3,7,2,67.5,34313,79.1335
14,15,3,7,3,112.5,33160,68.6273
14,15,3,7,4,157.5,32524,62.6503
14,15,3,7,5,202.5,32838,53.5979
14,15,3,7,6,247.5,33244,80.2995
14,15,3,7,7,292.5,33812,69.1474
14,15,3,7,8,337.5,34561,36.8355
14,15,3,8,1,22.5,27736,33.7925
14,15,3,8,2,67.5,27679,66.1929
14,15,3,8,3,112.5,26510,57.2452
14,15,3,8,4,157.5,26282,43.8298
14,15,3,8,5,202.5,26289,39.8153
14,15,3,8,6,247.5,26778,66.4892
14,15,3,8,7,292.5,27459,58.1225
14,15,3,8,8,337.5,27789,36.8301
14,15,3,9,1,22.5,12877,21.4481
14,15,3,9,2,67.5,12721,36.2184
14,15,3,9,3,112.5,12367,32.0626
14,15,3,9,4,157.5,12189,21.5187
14,15,3,9,5,202.5,11937,19.0587
14,15,3,9,6,247.5,12634,35.9075
14,15,3,9,7,292.5,12898,33.5016
14,15,3,9,8,337.5,12825,22.908
14,15,3,10,1,22.5,6137,13.4752
14,15,3,10,2,67.5,6304,18.7317
14,15,3,10,3,112.5,6033,17.739
14,15,3,10,4,157.5,5597,9.37025
14,15,3,10,5,202.5,5765,9.23186
14,15,3,10,6,247.5,6012,20.5546
14,15,3,10,7,292.5,6171,17.4575
14,15,3,10,8,337.5,6174,12.8499
14,15,3,11,1,22.5,1743,0
14,15,3,11,2,67.5,1683,4.86309
14,15,3,11,3,112.5,1574,0
14,15,3,11,4,157.5,1484,0
14,15,3,11,5,202.5,1510,0
14,15,3,11,6,247.5,1627,5.09984
14,15,3,11,7,292.5,1625,4.0566
14,15,3,11,8,337.5,1577,0
14,15,4,1,1,22.5,88871,87.3793
14,15,4,1,2,67.5,88313,116.062
14,15,4,1,3,112.5,87671,168.669
14,15,4,1,4,157.5,86982,207.004
14,15,4,1,5,202.5,87349,177.905
14,15,4,1,6,247.5,88095,130.072
14,15,4,1,7,292.5,88015,88.5274
14,15,4,1,8,337.5,88848,75.2033
14,15,4,2,1,22.5,72727,40.9887
14,15,4,2,2,67.5,71995,73.7214
14,15,4,2,3,112.5,71230,134.021
14,15,4,2,4,157.5,71019,169.458
14,15,4,2,5,202.5,70657,140.411
14,15,4,2,6,247.5,71487,81.6506
14,15,4,2,7,292.5,72761,62.6017
14,15,4,2,8,337.5,72439,39.9126
14,15,4,3,1,22.5,58568,26.4008
14,15,4,3,2,67.5,58736,52.3867
14,15,4,3,3,112.5,57155,99.3248
14,15,4,3,4,157.5,56876,151.785
14,15,4,3,5,202.5,56743,116.211
14,15,4,3,6,247.5,57463,79.6102
14,15,4,3,7,292.5,58357,71.725
14,15,4,3,8,337.5,58794,24.6396
14,15,4,4,1,22.5,47146,18.184
14,15,4,4,2,67.5,46504,50.2495
14,15,4,4,3,112.5,45656,81.7861
14,15,4,4,4,157.5,44699,124.682
14,15,4,4,5,202.5,45027,102.404
14,15,4,4,6,247.5,46015,79.134
14,15,4,4,7,292.5,46982,74.0014
14,15,4,4,8,337.5,47267,16.6945
14,15,4,5,1,22.5,67509,22.1863
14,15,4,5,2,67.5,66473,83.6084
14,15,4,5,3,112.5,64322,98.595
14,15,4,5,4,157.5,63477,149.358
14,15,4,5,5,202.5,63625,120.42
14,15,4,5,6,247.5,65159,108.736
14,15,4,5,7,292.5,66302,104.302
14,15,4,5,8,337.5,67611,22.5612
14,15,4,6,1,22.5,41783,20.6149
14,15,4,6,2,67.5,40931,80.9205
14,15,4,6,3,112.5,39658,78.7825
14,15,4,6,4,157.5,39007,111.474
14,15,4,6,5,202.5,38871,89.2361
14,15,4,6,6,247.5,39995,93.4232
14,15,4,6,7,292.5,41075,87.1883
14,15,4,6,8,337.5,41742,19.3264
14,15,4,7,1,22.5,25229,18.3394
14,15,4,7,2,67.5,25285,71.2676
14,15,4,7,3,112.5,24405,62.753
14,15,4,7,4,157.5,23504,78.9215
14,15,4,7,5,202.5,23545,64.8118
14,15,4,7,6,247.5,24325,77.3164
14,15,4,7,7,292.5,25287,67.1378
14,15,4,7,8,337.5,25372,16.9249
14,15,4,8,1,22.5,20474,19.4762
14,15,4,8,2,67.5,20203,66.6494
14,15,4,8,3,112.5,19422,57.2927
14,15,4,8,4,157.5,18683,64.0269
14,15,4,8,5,202.5,18891,53.2469
14,15,4,8,6,247.5,19644,69.1037
14,15,4,8,7,292.5,20315,57.3068
14,15,4,8,8,337.5,20577,18.3719
14,15,4,9,1,22.5,9360,16.7707
14,15,4,9,2,67.5,9172,44.1064
14,15,4,9,3,112.5,8722,38.6725
14,15,4,9,4,157.5,8441,36.8494
14,15,4,9,5,202.5,8536,31.7308
14,15,4,9,6,247.5,8820,47.0184
14,15,4,9,7,292.5,9183,37.0118
14,15,4,9,8,337.5,9187,19.8501
14,15,4,10,1,22.5,4669,15.5332
14,15,4,10,2,67.5,4511,29.8275
14,15,4,10,3,112.5,4402,27.215
14,15,4,10,4,157.5,4189,22.9856
14,15,4,10,5,202.5,4144,20.2795
14,15,4,10,6,247.5,4279,31.7517
14,15,4,10,7,292.5,4601,25.7509
14,15,4,10,8,337.5,4695,16.0318
14,15,4,11,1,22.5,1395,10.8268
14,15,4,11,2,67.5,1308,14.2837
14,15,4,11,3,112.5,1322,16.3445
14,15,4,11,4,157.5,1220,11.7115
14,15,4,11,5,202.5,1277,10.9192
14,15,4,11,6,247.5,1341,17.1283
14,15,4,11,7,292.5,1393,14.8303
14,15,4,11,8,337.5,1393,9.79907
14,15,5,1,1,22.5,52896,78.1978
14,15,5,1,2,67.5,52988,103.755
14,15,5,1,3,112.5,52132,127.437
14,15,5,1,4,157.5,52348,140.153
14,15,5,1,5,202.5,52549,126.633
14,15,5,1,6,247.5,53036,98.7378
14,15,5,1,7,292.5,52995,71.0812
14,15,5,1,8,337.5,53133,69.1024
14,15,5,2,1,22.5,44084,36.0252
14,15,5,2,2,67.5,43538,66.9971
14,15,5,2,3,112.5,43112,104.817
14,15,5,2,4,157.5,42350,127.858
14,15,5,2,5,202.5,42875,109.82
14,15,5,2,6,247.5,43390,66.5565
14,15,5,2,7,292.5,43976,37.651
14,15,5,2,8,337.5,44185,28.3989
14,15,5,3,1,22.5,35927,18.712
14,15,5,3,2,67.5,35656,43.5666
14,15,5,3,3,112.5,35216,86.5784
14,15,5,3,4,157.5,34488,121.323
14,15,5,3,5,202.5,34623,102.095
14,15,5,3,6,247.5,35234,56.3827
14,15,5,3,7,292.5,35691,44.0524
14,15,5,3,8,337.5,36053,15.7173
14,15,5,4,1,22.5,29312,9.46532
14,15,5,4,2,67.5,28824,31.886
14,15,5,4,3,112.5,28712,72.101
14,15,5,4,4,157.5,27691,99.641
14,15,5,4,5,202.5,28087,81.2398
14,15,5,4,6,247.5,28586,56.6223
14,15,5,4,7,292.5,28840,51.5906
14,15,5,4,8,337.5,28961,11.189
14,15,5,5,1,22.5,42739,11.6492
14,15,5,5,2,67.5,42595,49.1456
14,15,5,5,3,112.5,41511,83.7522
14,15,5,5,4,157.5,40214,124.613
14,15,5,5,5,202.5,40807,99.3352
14,15,5,5,6,247.5,41311,79.4551
14,15,5,5,7,292.5,42841,79.1858
14,15,5,5,8,337.5,43457,15.4272
14,15,5,6,1,22.5,27561,11.6985
14,15,5,6,2,67.5,27149,55.6309
14,15,5,6,3,112.5,25985,63.3242
14,15,5,6,4,157.5,25613,97.3368
14,15,5,6,5,202.5,25590,76.6604
14,15,5,6,6,247.5,26292,69.7231
14,15,5,6,7,292.5,27106,69.7187
14,15,5,6,8,337.5,27600,10.5251
14,15,5,7,1,22.5,17301,10.3531
14,15,5,7,2,67.5,16737,51.144
14,15,5,7,3,112.5,16106,50.8596
14,15,5,7,4,157.5,15584,73.9153
14,15,5,7,5,202.5,15895,59.8092
14,15,5,7,6,247.5,16429,59.2147
14,15,5,7,7,292.5,16692,56.9842
14,15,5,7,8,337.5,17212,9.62235
14,15,5,8,1,22.5,13795,10.7982
14,15,5,8,2,67.5,13660,50.7905
14,15,5,8,3,112.5,12979,44.5511
14,15,5,8,4,157.5,12282,61.8004
14,15,5,8,5,202.5,12357,51.4125
14,15,5,8,6,247.5,13064,55.2838
14,15,5,8,7,292.5,13421,51.2372
14,15,5,8,8,337.5,13991,5.81762
14,15,5,9,1,22.5,5955,6.31573
14,15,5,9,2,67.5,5766,33.6675
14,15,5,9,3,112.5,5407,29.5907
14,15,5,9,4,157.5,5413,39.786
14,15,5,9,5,202.5,5304,32.3246
14,15,5,9,6,247.5,5577,37.4187
14,15,5,9,7,292.5,5889,30.3903
14,15,5,9,8,337.5,5978,7.0704
14,15,5,10,1,22.5,2629,0
14,15,5,10,2,67.5,2541,22.5499
14,15,5,10,3,112.5,2427,21.0126
14,15,5,10,4,157.5,2257,25.1303
14,15,5,10,5,202.5,2271,19.4882
14,15,5,10,6,247.5,2434,24.8205
14,15,5,10,7,292.5,2509,18.6491
14,15,5,10,8,337.5,2584,6.12751
14,15,5,11,1,22.5,646,0
14,15,5,11,2,67.5,629,10.3517
14,15,5,11,3,112.5,574,10.4065
14,15,5,11,4,157.5,575,11.7023
14,15,5,11,5,202.5,553,10.9651
14,15,5,11,6,247.5,619,12.4322
14,15,5,11,7,292.5,616,8.86668
14,15,5,11,8,337.5,704,0
14,15,6,1,1,22.5,28472,63.681
14,15,6,1,2,67.5,27699,74.0161
14,15,6,1,3,112.5,27567,91.2714
14,15,6,1,4,157.5,27596,98.0419
14,15,6,1,5,202.5,27850,89.4498
14,15,6,1,6,247.5,27855,70.3361
14,15,6,1,7,292.5,27587,60.9803
14,15,6,1,8,337.5,28344,57.0104
14,15,6,2,1,22.5,23091,36.0371
14,15,6,2,2,67.5,23127,57.9169
14,15,6,2,3,112.5,22688,77.5803
14,15,6,2,4,157.5,22447,91.1607
14,15,6,2,5,202.5,22321,76.6297
14,15,6,2,6,247.5,22525,50.6067
14,15,6,2,7,292.5,23095,28.502
14,15,6,2,8,337.5,23289,25.6738
14,15,6,3,1,22.5,18751,20.7199
14,15,6,3,2,67.5,18669,40.311
14,15,6,3,3,112.5,18389,66.9449
14,15,6,3,4,157.5,18004,80.3754
14,15,6,3,5,202.5,17995,66.6779
14,15,6,3,6,247.5,18431,41.0985
14,15,6,3,7,292.5,18695,24.9658
14,15,6,3,8,337.5,19079,12.6747
14,15,6,4,1,22.5,15156,10.4866
14,15,6,4,2,67.5,15206,27.7727
14,15,6,4,3,112.5,14611,55.4659
14,15,6,4,4,157.5,14254,72.5573
14,15,6,4,5,202.5,14415,59.8164
14,15,6,4,6,247.5,14812,38.3178
14,15,6,4,7,292.5,15204,31.3008
14,15,6,4,8,337.5,15169,7.8671
14,15,6,5,1,22.5,21828,4.96759
14,15,6,5,2,67.5,21693,28.3008
14,15,6,5,3,112.5,20900,63.383
14,15,6,5,4,157.5,20268,89.4589
14,15,6,5,5,202.5,20526,71.577
14,15,6,5,6,247.5,21342,51.8213
14,15,6,5,7,292.5,21721,50.4215
14,15,6,5,8,337.5,22278,9.07791
14,15,6,6,1,22.5,13905,0
14,15,6,6,2,67.5,13633,29.6969
14,15,6,6,3,112.5,12875,48.1892
14,15,6,6,4,157.5,12401,69.8069
14,15,6,6,5,202.5,12603,55.0708
14,15,6,6,6,247.5,12936,45.1148
14,15,6,6,7,292.5,13558,44.7532
14,15,6,6,8,337.5,13753,8.33734
14,15,6,7,1,22.5,8133,0
14,15,6,7,2,67.5,7816,27.2853
14,15,6,7,3,112.5,7568,34.5737
14,15,6,7,4,157.5,7236,51.5848
14,15,6,7,5,202.5,7404,41.1858
14,15,6,7,6,247.5,7609,37.6036
14,15,6,7,7,292.5,7903,36.9601
14,15,6,7,8,337.5,8255,0
14,15,6,8,1,22.5,5920,0
14,15,6,8,2,67.5,5801,29.0846
14,15,6,8,3,112.5,5317,28.8726
14,15,6,8,4,157.5,5047,42.5184
14,15,6,8,5,202.5,5191,34.1307
14,15,6,8,6,247.5,5352,32.9929
14,15,6,8,7,292.5,5655,32.7873
14,15,6,8,8,337.5,5896,4.71677
14,15,6,9,1,22.5,2052,0
14,15,6,9,2,67.5,2010,16.7461
14,15,6,9,3,112.5,1909,15.762
14,15,6,9,4,157.5,1694,23.0371
14,15,6,9,5,202.5,1848,19.7399
14,15,6,9,6,247.5,1959,20.5637
14,15,6,9,7,292.5,2097,18.6857
14,15,6,9,8,337.5,2029,0
14,15,6,10,1,22.5,659,0
14,15,6,10,2,67.5,638,11.5979
14,15,6,10,3,112.5,577,9.00844
14,15,6,10,4,157.5,563,11.8724
14,15,6,10,5,202.5,592,10.3069
14,15,6,10,6,247.5,649,10.8591
14,15,6,10,7,292.5,637,9.41226
14,15,6,10,8,337.5,710,0
14,15,6,11,1,22.5,79,0
14,15,6,11,2,67.5,71,3.57517
14,15,6,11,3,112.5,77,0
14,15,6,11,4,157.5,70,0
14,15,6,11,5,202.5,89,0
14,15,6,11,6,247.5,78,4.79694
14,15,6,11,7,292.5,95,0
14,15,6,11,8,337.5,100,0
14,15,7,1,1,22.5,9687,38.916
14,15,7,1,2,67.5,9408,49.1488
14,15,7,1,3,112.5,9526,55.5383
14,15,7,1,4,157.5,9254,57.9078
14,15,7,1,5,202.5,9292,52.4722
14,15,7,1,6,247.5,9453,44.3871
14,15,7,1,7,292.5,9535,37.823
14,15,7,1,8,337.5,9550,37.7479
14,15,7,2,1,22.5,7653,24.7716
14,15,7,2,2,67.5,7537,36.6807
14,15,7,2,3,112.5,7271,45.4084
14,15,7,2,4,157.5,7128,52.0329
14,15,7,2,5,202.5,7264,44.4643
14,15,7,2,6,247.5,7346,30.5042
14,15,7,2,7,292.5,7501,19.0885
14,15,7,2,8,337.5,7479,18.6938
14,15,7,3,1,22.5,5791,13.1306
14,15,7,3,2,67.5,5694,26.5882
14,15,7,3,3,112.5,5684,37.29
14,15,7,3,4,157.5,5374,45.459
14,15,7,3,5,202.5,5466,39.0334
14,15,7,3,6,247.5,5571,22.6338
14,15,7,3,7,292.5,5778,12.6408
14,15,7,3,8,337.5,5632,7.94391
14,15,7,4,1,22.5,4338,6.78191
14,15,7,4,2,67.5,4218,17.1201
14,15,7,4,3,112.5,4235,31.1874
14,15,7,4,4,157.5,3985,37.3711
14,15,7,4,5,202.5,3960,30.9607
14,15,7,4,6,247.5,4174,18.9151
14,15,7,4,7,292.5,4338,13.6033
14,15,7,4,8,337.5,4336,0
14,15,7,5,1,22.5,5625,0
14,15,7,5,2,67.5,5528,15.8061
14,15,7,5,3,112.5,5115,32.56
14,15,7,5,4,157.5,5003,43.5845
14,15,7,5,5,202.5,5180,34.1006
14,15,7,5,6,247.5,5234,22.6823
14,15,7,5,7,292.5,5411,20.2358
14,15,7,5,8,337.5,5331,0
14,15,7,6,1,22.5,2656,0
14,15,7,6,2,67.5,2690,7.54192
14,15,7,6,3,112.5,2602,20.3414
14,15,7,6,4,157.5,2467,29.7169
14,15,7,6,5,202.5,2373,22.5274
14,15,7,6,6,247.5,2636,18.5445
14,15,7,6,7,292.5,2627,17.346
14,15,7,6,8,337.5,2682,0
14,15,7,7,1,22.5,1213,0
14,15,7,7,2,67.5,1190,6.0516
14,15,7,7,3,112.5,1086,12.7068
14,15,7,7,4,157.5,1057,17.6565
14,15,7,7,5,202.5,1073,14.0773
14,15,7,7,6,247.5,1137,13.1949
14,15,7,7,7,292.5,1170,11.1463
14,15,7,7,8,337.5,1151,0
14,15,7,8,1,22.5,564,0
14,15,7,8,2,67.5,554,5.39055
14,15,7,8,3,112.5,525,9.09898
14,15,7,8,4,157.5,506,10.9259
14,15,7,8,5,202.5,492,8.83453
14,15,7,8,6,247.5,538,7.72665
14,15,7,8,7,292.5,547,5.9428
14,15,7,8,8,337.5,540,0
14,15,7,9,1,22.5,108,0
14,15,7,9,2,67.5,115,0
14,15,7,9,3,112.5,106,0
14,15,7,9,4,157.5,66,0
14,15,7,9,5,202.5,90,0
14,15,7,9,6,247.5,86,0
14,15,7,9,7,292.5,115,0
14,15,7,9,8,337.5,95,0
14,15,7,10,1,22.5,7,0
14,15,7,10,2,67.5,7,0
14,15,7,10,3,112.5,12,0
14,15,7,10,4,157.5,6,0
14,15,7,10,5,202.5,7,0
14,15,7,10,6,247.5,7,0
14,15,7,10,7,292.5,13,0
14,15,7,10,8,337.5,10,0
14,15,7,11,1,22.5,0,0
14,15,7,11,2,67.5,0,0
14,15,7,11,3,112.5,0,0
14,15,7,11,4,157.5,0,0
14,15,7,11,5,202.5,0,0
14,15,7,11,6,247.5,0,0
14,15,7,11,7,292.5,0,0
14,15,7,11,8,337.5,0,0
14,15,8,1,1,22.5,399,7.43833
14,15,8,1,2,67.5,452,7.30241
14,15,8,1,3,112.5,424,7.02227
14,15,8,1,4,157.5,443,8.05417
14,15,8,1,5,202.5,442,8.78977
14,15,8,1,6,247.5,382,6.98414
14,15,8,1,7,292.5,471,0
14,15,8,1,8,337.5,472,0
14,15,8,2,1,22.5,262,0
14,15,8,2,2,67.5,266,4.85572
14,15,8,2,3,112.5,261,5.97686
14,15,8,2,4,157.5,236,5.37399
14,15,8,2,5,202.5,253,6.66389
14,15,8,2,6,247.5,249,0
14,15,8,2,7,292.5,252,0
14,15,8,2,8,337.5,264,0
14,15,8,3,1,22.5,114,0
14,15,8,3,2,67.5,124,0
14,15,8,3,3,112.5,123,0
14,15,8,3,4,157.5,117,0
14,15,8,3,5,202.5,136,0
14,15,8,3,6,247.5,142,0
14,15,8,3,7,292.5,119,0
14,15,8,3,8,337.5,135,0
14,15,8,4,1,22.5,56,0
14,15,8,4,2,67.5,64,0
14,15,8,4,3,112.5,61,0
14,15,8,4,4,157.5,66,0
14,15,8,4,5,202.5,53,0
14,15,8,4,6,247.5,50,0
14,15,8,4,7,292.5,35,0
14,15,8,4,8,337.5,54,0
14,15,8,5,1,22.5,22,0
14,15,8,5,2,67.5,28,0
14,15,8,5,3,112.5,25,0
14,15,8,5,4,157.5,31,0
14,15,8,5,5,202.5,37,0
14,15,8,5,6,247.5,28,0
14,15,8,5,7,292.5,27,0
14,15,8,5,8,337.5,29,0
14,15,8,6,1,22.5,4,0
14,15,8,6,2,67.5,6,0
14,15,8,6,3,112.5,0,0
14,15,8,6,4,157.5,0,0
14,15,8,6,5,202.5,3,0
14,15,8,6,6,247.5,3,0
14,15,8,6,7,292.5,2,0
14,15,8,6,8,337.5,4,0
14,15,8,7,1,22.5,0,0
14,15,8,7,2,67.5,0,0
14,15,8,7,3,112.5,0,0
14,15,8,7,4,157.5,0,0
14,15,8,7,5,202.5,0,0
14,15,8,7,6,247.5,0,0
14,15,8,7,7,292.5,0,0
14,15,8,7,8,337.5,0,0
14,15,8,8,1,22.5,0,0
14,15,8,8,2,67.5,0,0
14,15,8,8,3,112.5,0,0
14,15,8,8,4,157.5,0,0
14,15,8,8,5,202.5,0,0
14,15,8,8,6,247.5,0,0
14,15,8,8,7,292.5,0,0
14,15,8,8,8,337.5,0,0
14,15,8,9,1,22.5,0,0
14,15,8,9,2,67.5,0,0
14,15,8,9,3,112.5,0,0
14,15,8,9,4,157.5,0,0
14,15,8,9,5,202.5,0,0
14,15,8,9,6,247.5,0,0
14,15,8,9,7,292.5,0,0
14,15,8,9,8,337.5,0,0
14,15,8,10,1,22.5,0,0
14,15,8,10,2,67.5,0,0
14,15,8,10,3,112.5,0,0
14,15,8,10,4,157.5,0,0
14,15,8,10,5,202.5,0,0
14,15,8,10,6,247.5,0,0
14,15,8,10,7,292.5,0,0
14,15,8,10,8,337.5,0,0
14,15,8,11,1,22.5,0,0
14,15,8,11,2,67.5,0,0
14,15,8,11,3,112.5,0,0
14,15,8,11,4,157.5,0,0
14,15,8,11,5,202.5,0,0
14,15,8,11,6,247.5,0,0
14,15,8,11,7,292.5,0,0
14,15,8,11,8,337.5,0,0
15,16,1,1,1,22.5,4.35918e+06,35.7131
15,16,1,1,2,67.5,4.35937e+06,95.9472
15,16,1,1,3,112.5,4.35178e+06,90.1483
15,16,1,1,4,157.5,4.34305e+06,93.3092
15,16,1,1,5,202.5,4.34836e+06,102.491
15,16,1,1,6,247.5,4.35624e+06,133.516
15,16,1,1,7,292.5,4.36312e+06,79.6594
15,16,1,1,8,337.5,4.36053e+06,39.8443
15,16,1,2,1,22.5,1.58338e+06,17.2828
15,16,1,2,2,67.5,1.58628e+06,55.8207
15,16,1,2,3,112.5,1.57599e+06,48.7506
15,16,1,2,4,157.5,1.57137e+06,51.6873
15,16,1,2,5,202.5,1.57004e+06,43.8612
15,16,1,2,6,247.5,1.57969e+06,49.2227
15,16,1,2,7,292.5,1.58461e+06,50.2971
15,16,1,2,8,337.5,1.58575e+06,21.0541
15,16,1,3,1,22.5,720848,17.281
15,16,1,3,2,67.5,719648,33.6421
15,16,1,3,3,112.5,715811,26.0456
15,16,1,3,4,157.5,711445,19.3734
15,16,1,3,5,202.5,712747,16.4787
15,16,1,3,6,247.5,718371,28.5363
15,16,1,3,7,292.5,720821,35.1494
15,16,1,3,8,337.5,723090,15.092
15,16,1,4,1,22.5,357378,10.695
15,16,1,4,2,67.5,356990,19.0312
15,16,1,4,3,112.5,355827,14.2262
15,16,1,4,4,157.5,352459,0
15,16,1,4,5,202.5,353836,0
15,16,1,4,6,247.5,356486,13.4641
15,16,1,4,7,292.5,358761,20.3434
15,16,1,4,8,337.5,358354,10.0911
15,16,1,5,1,22.5,278104,0
15,16,1,5,2,67.5,278023,8.72963
15,16,1,5,3,112.5,276332,6.2266
15,16,1,5,4,157.5,272583,0
15,16,1,5,5,202.5,273264,3.84955
15,16,1,5,6,247.5,275832,4.95754
15,16,1,5,7,292.5,277893,9.91085
15,16,1,5,8,337.5,278246,7.34786
15,16,1,6,1,22.5,70539,0
15,16,1,6,2,67.5,70760,0
15,16,1,6,3,112.5,69081,0
15,16,1,6,4,157.5,68995,0
15,16,1,6,5,202.5,68691,0
15,16,1,6,6,247.5,69266,0
15,16,1,6,7,292.5,70610,0
15,16,1,6,8,337.5,70728,0
15,16,1,7,1,22.5,15160,0
15,16,1,7,2,67.5,15035,0
15,16,1,7,3,112.5,14886,0
15,16,1,7,4,157.5,14496,0
15,16,1,7,5,202.5,14689,0
15,16,1,7,6,247.5,14841,0
15,16,1,7,7,292.5,15189,0
15,16,1,7,8,337.5,15147,0
15,16,1,8,1,22.5,2810,0
15,16,1,8,2,67.5,2800,0
15,16,1,8,3,112.5,2732,0
15,16,1,8,4,157.5,2716,0
15,16,1,8,5,202.5,2648,0
15,16,1,8,6,247.5,2763,0
15,16,1,8,7,292.5,2782,0
15,16,1,8,8,337.5,2860,0
15,16,1,9,1,22.5,69,0
15,16,1,9,2,67.5,77,0
15,16,1,9,3,112.5,65,0
15,16,1,9,4,157.5,75,0
15,16,1,9,5,202.5,87,0
15,16,1,9,6,247.5,74,0
15,16,1,9,7,292.5,83,0
15,16,1,9,8,337.5,67,0
15,16,1,10,1,22.5,0,0
15,16,1,10,2,67.5,0,0
15,16,1,10,3,112.5,0,0
15,16,1,10,4,157.5,0,0
15,16,1,10,5,202.5,0,0
15,16,1,10,6,247.5,0,0
15,16,1,10,7,292.5,0,0
15,16,1,10,8,337.5,0,0
15,16,1,11,1,22.5,0,0
15,16,1,11,2,67.5,0,0
15,16,1,11,3,112.5,0,0
15,16,1,11,4,157.5,0,0
15,16,1,11,5,202.5,0,0
15,16,1,11,6,247.5,0,0
15,16,1,11,7,292.5,0,0
15,16,1,11,8,337.5,0,0
15,16,2,1,1,22.5,597610,272.555
15,16,2,1,2,67.5,597319,300.996
15,16,2,1,3,112.5,595448,410.606
15,16,2,1,4,157.5,595140,467.365
15,16,2,1,5,202.5,594884,444.238
15,16,2,1,6,247.5,595603,331.451
15,16,2,1,7,292.5,598698,307.963
15,16,2,1,8,337.5,598305,252.319
15,16,2,2,1,22.5,431980,101.843
15,16,2,2,2,67.5,430612,194.903
15,16,2,2,3,112.5,428343,186.706
15,16,2,2,4,157.5,426451,226.477
15,16,2,2,5,202.5,426680,328.769
15,16,2,2,6,247.5,428419,194.947
15,16,2,2,7,292.5,430886,185.72
15,16,2,2,8,337.5,433431,93.5737
15,16,2,3,1,22.5,301109,62.6702
15,16,2,3,2,67.5,300510,130.488
15,16,2,3,3,112.5,297386,118.725
15,16,2,3,4,157.5,295033,108.756
15,16,2,3,5,202.5,294738,106.016
15,16,2,3,6,247.5,297290,129.455
15,16,2,3,7,292.5,300924,143.118
15,16,2,3,8,337.5,301748,67.352
15,16,2,4,1,22.5,209083,83.5903
15,16,2,4,2,67.5,208344,109.571
15,16,2,4,3,112.5,205928,84.5972
15,16,2,4,4,157.5,204537,58.436
15,16,2,4,5,202.5,204798,58.8802
15,16,2,4,6,247.5,206339,96.3076
15,16,2,4,7,292.5,208762,116.025
15,16,2,4,8,337.5,208811,68.9258
15,16,2,5,1,22.5,239402,64.2279
15,16,2,5,2,67.5,237920,113.868
15,16,2,5,3,112.5,235065,75.8187
15,16,2,5,4,157.5,232234,46.1494
15,16,2,5,5,202.5,231715,39.8379
15,16,2,5,6,247.5,235682,82.9535
15,16,2,5,7,292.5,238914,110.144
15,16,2,5,8,337.5,239164,57.5731
15,16,2,6,1,22.5,107929,31.3166
15,16,2,6,2,67.5,108239,56.9091
15,16,2,6,3,112.5,106442,35.9396
15,16,2,6,4,157.5,104769,12.9417
15,16,2,6,5,202.5,104335,11.6877
15,16,2,6,6,247.5,106962,40.601
15,16,2,6,7,292.5,107741,53.4615
15,16,2,6,8,337.5,108634,30.5411
15,16,2,7,1,22.5,45374,13.5376
15,16,2,7,2,67.5,45277,24.1022
15,16,2,7,3,112.5,44915,15.5633
15,16,2,7,4,157.5,43838,0
15,16,2,7,5,202.5,43947,7.69994
15,16,2,7,6,247.5,44804,17.19
15,16,2,7,7,292.5,44938,20.0957
15,16,2,7,8,337.5,45937,14.006
15,16,2,8,1,22.5,20226,4.30754
15,16,2,8,2,67.5,20036,8.19773
15,16,2,8,3,112.5,19898,0
15,16,2,8,4,157.5,19593,11.6924
15,16,2,8,5,202.5,19602,0
15,16,2,8,6,247.5,19693,4.57175
15,16,2,8,7,292.5,20139,11.9788
15,16,2,8,8,337.5,20366,4.58316
15,16,2,9,1,22.5,3195,0
15,16,2,9,2,67.5,3205,0
15,16,2,9,3,112.5,3225,0
15,16,2,9,4,157.5,3100,0
15,16,2,9,5,202.5,3094,0
15,16,2,9,6,247.5,3226,0
15,16,2,9,7,292.5,3083,0
15,16,2,9,8,337.5,3356,0
15,16,2,10,1,22.5,362,0
15,16,2,10,2,67.5,372,0
15,16,2,10,3,112.5,304,0
15,16,2,10,4,157.5,335,0
15,16,2,10,5,202.5,322,0
15,16,2,10,6,247.5,326,0
15,16,2,10,7,292.5,335,0
15,16,2,10,8,337.5,289,0
15,16,2,11,1,22.5,2,0
15,16,2,11,2,67.5,0,0
15,16,2,11,3,112.5,1,0
15,16,2,11,4,157.5,6,0
15,16,2,11,5,202.5,1,0
15,16,2,11,6,247.5,0,0
15,16,2,11,7,292.5,1,0
15,16,2,11,8,337.5,1,0
15,16,3,1,1,22.5,314319,262.073
15,16,3,1,2,67.5,313573,365.689
15,16,3,1,3,112.5,311083,387.479
15,16,3,1,4,157.5,311438,444.797
15,16,3,1,5,202.5,311467,414.952
15,16,3,1,6,247.5,311092,309.532
15,16,3,1,7,292.5,313578,283.323
15,16,3,1,8,337.5,313005,220.579
15,16,3,2,1,22.5,242168,125.03
15,16,3,2,2,67.5,241231,173.864
15,16,3,2,3,112.5,239482,213.013
15,16,3,2,4,157.5,237235,265.908
15,16,3,2,5,202.5,237680,233.292
15,16,3,2,6,247.5,238658,170.326
15,16,3,2,7,292.5,240498,163.152
15,16,3,2,8,337.5,241634,128.459
15,16,3,3,1,22.5,183208,75.2046
15,16,3,3,2,67.5,181250,135.99
15,16,3,3,3,112.5,179884,145.969
15,16,3,3,4,157.5,178393,167.33
15,16,3,3,5,202.5,178618,148.157
15,16,3,3,6,247.5,180134,143.937
15,16,3,3,7,292.5,181920,146.288
15,16,3,3,8,337.5,182861,71.0637
15,16,3,4,1,22.5,134722,52.1616
15,16,3,4,2,67.5,133998,126.297
15,16,3,4,3,112.5,132236,114.106
15,16,3,4,4,157.5,131091,127.147
15,16,3,4,5,202.5,131050,105.16
15,16,3,4,6,247.5,132691,122.762
15,16,3,4,7,292.5,134684,135.213
15,16,3,4,8,337.5,135402,53.9859
15,16,3,5,1,22.5,164286,65.3779
15,16,3,5,2,67.5,163396,154.399
15,16,3,5,3,112.5,160435,128.179
15,16,3,5,4,157.5,158254,107.612
15,16,3,5,5,202.5,157518,93.8277
15,16,3,5,6,247.5,160077,137.858
15,16,3,5,7,292.5,162510,162.105
15,16,3,5,8,337.5,164282,78.0939
15,16,3,6,1,22.5,80101,50.6821
15,16,3,6,2,67.5,79118,114.153
15,16,3,6,3,112.5,77899,78.1417
15,16,3,6,4,157.5,76149,56.5038
15,16,3,6,5,202.5,76136,48.4047
15,16,3,6,6,247.5,78057,89.3
15,16,3,6,7,292.5,78897,111.097
15,16,3,6,8,337.5,79821,49.1302
15,16,3,7,1,22.5,37874,33.0658
15,16,3,7,2,67.5,37086,74.6842
15,16,3,7,3,112.5,36195,50.0086
15,16,3,7,4,157.5,35332,27.9272
15,16,3,7,5,202.5,35703,32.5497
15,16,3,7,6,247.5,36617,57.3164
15,16,3,7,7,292.5,36997,67.2741
15,16,3,7,8,337.5,37556,33.0916
15,16,3,8,1,22.5,21192,23.0488
15,16,3,8,2,67.5,21287,50.0811
15,16,3,8,3,112.5,20359,33.3867
15,16,3,8,4,157.5,19743,12.3482
15,16,3,8,5,202.5,20018,14.4789
15,16,3,8,6,247.5,20580,36.9497
15,16,3,8,7,292.5,20854,44.7942
15,16,3,8,8,337.5,21220,24.9103
15,16,3,9,1,22.5,5421,10.4002
15,16,3,9,2,67.5,5400,19.5339
15,16,3,9,3,112.5,5193,12.402
15,16,3,9,4,157.5,4962,0
15,16,3,9,5,202.5,4974,0
15,16,3,9,6,247.5,5192,13.8795
15,16,3,9,7,292.5,5268,16.2739
15,16,3,9,8,337.5,5310,10.8234
15,16,3,10,1,22.5,1202,0
15,16,3,10,2,67.5,1118,5.47772
15,16,3,10,3,112.5,1113,0
15,16,3,10,4,157.5,1113,0
15,16,3,10,5,202.5,1123,0
15,16,3,10,6,247.5,1142,4.21097
15,16,3,10,7,292.5,1104,4.3488
15,16,3,10,8,337.5,1178,0
15,16,3,11,1,22.5,61,0
15,16,3,11,2,67.5,56,0
15,16,3,11,3,112.5,51,0
15,16,3,11,4,157.5,54,0
15,16,3,11,5,202.5,55,0
15,16,3,11,6,247.5,51,0
15,16,3,11,7,292.5,63,0
15,16,3,11,8,337.5,56,0
15,16,4,1,1,22.5,188484,228.38
15,16,4,1,2,67.5,189839,258.007
15,16,4,1,3,112.5,189427,299.305
15,16,4,1,4,157.5,188808,325.912
15,16,4,1,5,202.5,188696,295.864
15,16,4,1,6,247.5,188908,247.298
15,16,4,1,7,292.5,190481,196.616
15,16,4,1,8,337.5,190872,218.811
15,16,4,2,1,22.5,150488,110.231
15,16,4,2,2,67.5,148612,138.445
15,16,4,2,3,112.5,147354,194.852
15,16,4,2,4,157.5,147141,231.657
15,16,4,2,5,202.5,146949,203.658
15,16,4,2,6,247.5,148539,151.166
15,16,4,2,7,292.5,149176,119.297
15,16,4,2,8,337.5,149846,104.656
15,16,4,3,1,22.5,114092,69.8473
15,16,4,3,2,67.5,113330,95.7035
15,16,4,3,3,112.5,111680,145.858
15,16,4,3,4,157.5,110613,179.573
15,16,4,3,5,202.5,111310,153.198
15,16,4,3,6,247.5,111944,118.261
15,16,4,3,7,292.5,113201,111.119
15,16,4,3,8,337.5,114410,69.079
15,16,4,4,1,22.5,84203,46.7339
15,16,4,4,2,67.5,83856,84.4431
15,16,4,4,3,112.5,82526,116.575
15,16,4,4,4,157.5,81181,142.565
15,16,4,4,5,202.5,81524,116.142
15,16,4,4,6,247.5,82291,104.195
15,16,4,4,7,292.5,84073,110.912
15,16,4,4,8,337.5,84869,47.6041
15,16,4,5,1,22.5,106064,47.0162
15,16,4,5,2,67.5,104400,115.945
15,16,4,5,3,112.5,102453,119.703
15,16,4,5,4,157.5,101389,144.005
15,16,4,5,5,202.5,100789,119.494
15,16,4,5,6,247.5,102576,126.703
15,16,4,5,7,292.5,104677,140.517
15,16,4,5,8,337.5,105910,48.9152
15,16,4,6,1,22.5,53296,31.7312
15,16,4,6,2,67.5,52456,96.9602
15,16,4,6,3,112.5,51310,83.7669
15,16,4,6,4,157.5,49866,89.6355
15,16,4,6,5,202.5,49975,75.2351
15,16,4,6,6,247.5,51535,93.7297
15,16,4,6,7,292.5,52332,106.832
15,16,4,6,8,337.5,53332,31.1811
15,16,4,7,1,22.5,25514,23.6064
15,16,4,7,2,67.5,24991,72.9818
15,16,4,7,3,112.5,24429,57.8314
15,16,4,7,4,157.5,23534,53.0117
15,16,4,7,5,202.5,23786,44.6038
15,16,4,7,6,247.5,24325,66.5519
15,16,4,7,7,292.5,25301,74.7136
15,16,4,7,8,337.5,25739,22.1827
15,16,4,8,1,22.5,14519,18.5214
15,16,4,8,2,67.5,14384,56.1644
15,16,4,8,3,112.5,13806,42.7499
15,16,4,8,4,157.5,13607,35.3139
15,16,4,8,5,202.5,13488,30.0227
15,16,4,8,6,247.5,13902,50.4258
15,16,4,8,7,292.5,14564,53.0213
15,16,4,8,8,337.5,14724,17.7461
15,16,4,9,1,22.5,3798,10.4398
15,16,4,9,2,67.5,3649,27.5529
15,16,4,9,3,112.5,3634,22.4934
15,16,4,9,4,157.5,3531,14.1183
15,16,4,9,5,202.5,3441,13.2455
15,16,4,9,6,247.5,3611,26.626
15,16,4,9,7,292.5,3755,24.332
15,16,4,9,8,337.5,3798,11.7219
15,16,4,10,1,22.5,917,5.98214
15,16,4,10,2,67.5,879,13.4316
15,16,4,10,3,112.5,884,9.34108
15,16,4,10,4,157.5,856,0
15,16,4,10,5,202.5,780,3.86613
15,16,4,10,6,247.5,885,12.1869
15,16,4,10,7,292.5,863,11.5409
15,16,4,10,8,337.5,913,4.883
15,16,4,11,1,22.5,73,0
15,16,4,11,2,67.5,75,0
15,16,4,11,3,112.5,59,0
15,16,4,11,4,157.5,61,0
15,16,4,11,5,202.5,47,0
15,16,4,11,6,247.5,72,0
15,16,4,11,7,292.5,53,0
15,16,4,11,8,337.5,64,0
15,16,5,1,1,22.5,101713,171.53
15,16,5,1,2,67.5,101970,187.453
15,16,5,1,3,112.5,101641,215.586
15,16,5,1,4,157.5,101129,221.563
15,16,5,1,5,202.5,101681,207.411
15,16,5,1,6,247.5,102251,176.805
15,16,5,1,7,292.5,101834,151.525
15,16,5,1,8,337.5,102148,159.922
15,16,5,2,1,22.5,78116,96.4185
15,16,5,2,2,67.5,77451,119.638
15,16,5,2,3,112.5,76788,150.513
15,16,5,2,4,157.5,75521,180.422
15,16,5,2,5,202.5,75863,156.158
15,16,5,2,6,247.5,76640,113.457
15,16,5,2,7,292.5,77481,76.7431
15,16,5,2,8,337.5,78122,80.9402
15,16,5,3,1,22.5,58342,55.5454
15,16,5,3,2,67.5,57541,75.3746
15,16,5,3,3,112.5,57111,118.754
15,16,5,3,4,157.5,56428,157.517
15,16,5,3,5,202.5,56404,127.574
15,16,5,3,6,247.5,56817,89.0983
15,16,5,3,7,292.5,57261,65.0131
15,16,5,3,8,337.5,58187,43.4285
15,16,5,4,1,22.5,42226,31.7965
15,16,5,4,2,67.5,42541,50.4168
15,16,5,4,3,112.5,41426,93.4386
15,16,5,4,4,157.5,40652,122.611
15,16,5,4,5,202.5,41024,102.798
15,16,5,4,6,247.5,41361,72.3927
15,16,5,4,7,292.5,42700,67.0365
15,16,5,4,8,337.5,43118,32.1216
15,16,5,5,1,22.5,53625,26.8489
15,16,5,5,2,67.5,52693,64.3189
15,16,5,5,3,112.5,51517,98.2715
15,16,5,5,4,157.5,50134,130.899
15,16,5,5,5,202.5,50413,109.321
15,16,5,5,6,247.5,51169,95.1062
15,16,5,5,7,292.5,52656,93.0222
15,16,5,5,8,337.5,54085,33.7228
15,16,5,6,1,22.5,26913,17.1812
15,16,5,6,2,67.5,26191,56.8707
15,16,5,6,3,112.5,25476,65.264
15,16,5,6,4,157.5,24654,88.181
15,16,5,6,5,202.5,24426,71.5249
15,16,5,6,6,247.5,25700,66.913
15,16,5,6,7,292.5,26351,75.1557
15,16,5,6,8,337.5,26264,20.6942
15,16,5,7,1,22.5,12469,13.8168
15,16,5,7,2,67.5,12284,45.0331
15,16,5,7,3,112.5,11728,43.7855
15,16,5,7,4,157.5,11342,55.2109
15,16,5,7,5,202.5,11684,46.2992
15,16,5,7,6,247.5,11858,48.5782
15,16,5,7,7,292.5,12142,53.9151
15,16,5,7,8,337.5,12553,13.3338
15,16,5,8,1,22.5,6751,7.34161
15,16,5,8,2,67.5,6518,36.3933
15,16,5,8,3,112.5,6226,31.6428
15,16,5,8,4,157.5,6187,40.5274
15,16,5,8,5,202.5,6090,32.8939
15,16,5,8,6,247.5,6270,36.1657
15,16,5,8,7,292.5,6295,37.3291
15,16,5,8,8,337.5,6753,7.97382
15,16,5,9,1,22.5,1487,0
15,16,5,9,2,67.5,1540,17.9585
15,16,5,9,3,112.5,1419,15.757
15,16,5,9,4,157.5,1325,18.0185
15,16,5,9,5,202.5,1367,13.7695
15,16,5,9,6,247.5,1468,18.1769
15,16,5,9,7,292.5,1426,15.3613
15,16,5,9,8,337.5,1510,0
15,16,5,10,1,22.5,315,0
15,16,5,10,2,67.5,281,7.09977
15,16,5,10,3,112.5,255,7.37756
15,16,5,10,4,157.5,268,6.97481
15,16,5,10,5,202.5,264,5.10611
15,16,5,10,6,247.5,271,7.85042
15,16,5,10,7,292.5,321,7.09658
15,16,5,10,8,337.5,294,0
15,16,5,11,1,22.5,7,0
15,16,5,11,2,67.5,10,0
15,16,5,11,3,112.5,7,0
15,16,5,11,4,157.5,4,0
15,16,5,11,5,202.5,12,0
15,16,5,11,6,247.5,7,0
15,16,5,11,7,292.5,8,0
15,16,5,11,8,337.5,11,0
15,16,6,1,1,22.5,36567,108.105
15,16,6,1,2,67.5,36862,114.555
15,16,6,1,3,112.5,36524,124.973
15,16,6,1,4,157.5,36285,126.813
15,16,6,1,5,202.5,36747,117.229
15,16,6,1,6,247.5,36616,100.752
15,16,6,1,7,292.5,36887,90.3654
15,16,6,1,8,337.5,37481,99.6092
15,16,6,2,1,22.5,26861,67.6874
15,16,6,2,2,67.5,27039,77.3727
15,16,6,2,3,112.5,26509,95.8793
15,16,6,2,4,157.5,26169,109.616
15,16,6,2,5,202.5,26141,93.6086
15,16,6,2,6,247.5,26416,66.0965
15,16,6,2,7,292.5,27167,47.7775
15,16,6,2,8,337.5,26959,52.8726
15,16,6,3,1,22.5,19327,39.0667
15,16,6,3,2,67.5,19368,52.1013
15,16,6,3,3,112.5,18880,74.152
15,16,6,3,4,157.5,18757,91.2389
15,16,6,3,5,202.5,18922,83.0865
15,16,6,3,6,247.5,18943,50.6706
15,16,6,3,7,292.5,19222,32.1471
15,16,6,3,8,337.5,19531,28.1268
15,16,6,4,1,22.5,13784,24.0508
15,16,6,4,2,67.5,13457,34.326
15,16,6,4,3,112.5,13175,57.6204
15,16,6,4,4,157.5,13068,72.1879
15,16,6,4,5,202.5,12932,59.952
15,16,6,4,6,247.5,13305,39.1726
15,16,6,4,7,292.5,13577,30.5148
15,16,6,4,8,337.5,13732,15.6952
15,16,6,5,1,22.5,15745,12.5541
15,16,6,5,2,67.5,15663,31.0761
15,16,6,5,3,112.5,14992,58.0442
15,16,6,5,4,157.5,14362,79.1392
15,16,6,5,5,202.5,14861,64.5411
15,16,6,5,6,247.5,15480,46.5107
15,16,6,5,7,292.5,15507,42.9147
15,16,6,5,8,337.5,15976,13.035
15,16,6,6,1,22.5,6792,0
15,16,6,6,2,67.5,6823,20.8469
15,16,6,6,3,112.5,6640,34.3768
15,16,6,6,4,157.5,6401,49.3507
15,16,6,6,5,202.5,6499,39.6811
15,16,6,6,6,247.5,6389,31.5819
15,16,6,6,7,292.5,6785,33.8581
15,16,6,6,8,337.5,7009,7.71001
15,16,6,7,1,22.5,2713,0
15,16,6,7,2,67.5,2657,16.9057
15,16,6,7,3,112.5,2493,20.3992
15,16,6,7,4,157.5,2376,28.9754
15,16,6,7,5,202.5,2360,22.5855
15,16,6,7,6,247.5,2480,20.5822
15,16,6,7,7,292.5,2623,22.3625
15,16,6,7,8,337.5,2692,0
15,16,6,8,1,22.5,1097,0
15,16,6,8,2,67.5,1075,11.6569
15,16,6,8,3,112.5,1033,11.9087
15,16,6,8,4,157.5,973,18.1213
15,16,6,8,5,202.5,1012,13.1237
15,16,6,8,6,247.5,1033,13.5942
15,16,6,8,7,292.5,1115,15.9243
15,16,6,8,8,337.5,1109,0
15,16,6,9,1,22.5,134,0
15,16,6,9,2,67.5,124,0
15,16,6,9,3,112.5,153,0
15,16,6,9,4,157.5,135,0
15,16,6,9,5,202.5,128,3.816
15,16,6,9,6,247.5,148,0
15,16,6,9,7,292.5,147,0
15,16,6,9,8,337.5,156,0
15,16,6,10,1,22.5,6,0
15,16,6,10,2,67.5,6,0
15,16,6,10,3,112.5,8,0
15,16,6,10,4,157.5,7,0
15,16,6,10,5,202.5,5,0
15,16,6,10,6,247.5,3,0
15,16,6,10,7,292.5,8,0
15,16,6,10,8,337.5,9,0
15,16,6,11,1,22.5,0,0
15,16,6,11,2,67.5,0,0
15,16,6,11,3,112.5,0,0
15,16,6,11,4,157.5,0,0
15,16,6,11,5,202.5,0,0
15,16,6,11,6,247.5,0,0
15,16,6,11,7,292.5,0,0
15,16,6,11,8,337.5,0,0
15,16,7,1,1,22.5,5250,41.0464
15,16,7,1,2,67.5,5100,43.5346
15,16,7,1,3,112.5,5128,46.0708
15,16,7,1,4,157.5,5275,48.912
15,16,7,1,5,202.5,5202,43.596
15,16,7,1,6,247.5,5299,39.7817
15,16,7,1,7,292.5,5233,35.8633
15,16,7,1,8,337.5,5205,37.4178
15,16,7,2,1,22.5,3324,24.6721
15,16,7,2,2,67.5,3293,29.0207
15,16,7,2,3,112.5,3292,33.2509
15,16,7,2,4,157.5,3089,36.1685
15,16,7,2,5,202.5,3250,32.7604
15,16,7,2,6,247.5,3270,22.6089
15,16,7,2,7,292.5,3303,16.8785
15,16,7,2,8,337.5,3268,20.0664
15,16,7,3,1,22.5,2095,13.6943
15,16,7,3,2,67.5,2014,20.7707
15,16,7,3,3,112.5,1879,21.6149
15,16,7,3,4,157.5,1877,28.1549
15,16,7,3,5,202.5,1952,24.2802
15,16,7,3,6,247.5,1932,14.0002
15,16,7,3,7,292.5,1930,10.3403
15,16,7,3,8,337.5,1981,9.23934
15,16,7,4,1,22.5,1247,7.94395
15,16,7,4,2,67.5,1112,10.5659
15,16,7,4,3,112.5,1079,16.9774
15,16,7,4,4,157.5,1090,21.2274
15,16,7,4,5,202.5,1118,15.6277
15,16,7,4,6,247.5,1119,10.1797
15,16,7,4,7,292.5,1152,5.59555
15,16,7,4,8,337.5,1287,0
15,16,7,5,1,22.5,1013,0
15,16,7,5,2,67.5,1030,6.95811
15,16,7,5,3,112.5,1001,15.7093
15,16,7,5,4,157.5,905,19.1122
15,16,7,5,5,202.5,978,12.8636
15,16,7,5,6,247.5,1043,9.50069
15,16,7,5,7,292.5,994,7.43246
15,16,7,5,8,337.5,1002,0
15,16,7,6,1,22.5,265,0
15,16,7,6,2,67.5,260,0
15,16,7,6,3,112.5,233,4.56985
15,16,7,6,4,157.5,225,7.46808
15,16,7,6,5,202.5,242,6.65716
15,16,7,6,6,247.5,251,0
15,16,7,6,7,292.5,253,0
15,16,7,6,8,337.5,234,0
15,16,7,7,1,22.5,47,0
15,16,7,7,2,67.5,56,0
15,16,7,7,3,112.5,49,0
15,16,7,7,4,157.5,29,0
15,16,7,7,5,202.5,37,0
15,16,7,7,6,247.5,33,0
15,16,7,7,7,292.5,45,0
15,16,7,7,8,337.5,38,0
15,16,7,8,1,22.5,2,0
15,16,7,8,2,67.5,2,0
15,16,7,8,3,112.5,1,0
15,16,7,8,4,157.5,3,0
15,16,7,8,5,202.5,1,0
15,16,7,8,6,247.5,4,0
15,16,7,8,7,292.5,2,0
15,16,7,8,8,337.5,3,0
15,16,7,9,1,22.5,0,0
15,16,7,9,2,67.5,0,0
15,16,7,9,3,112.5,0,0
15,16,7,9,4,157.5,0,0
15,16,7,9,5,202.5,0,0
15,16,7,9,6,247.5,0,0
15,16,7,9,7,292.5,0,0
15,16,7,9,8,337.5,0,0
15,16,7,10,1,22.5,0,0
15,16,7,10,2,67.5,0,0
15,16,7,10,3,112.5,0,0
15,16,7,10,4,157.5,0,0
15,16,7,10,5,202.5,0,0
15,16,7,10,6,247.5,0,0
15,16,7,10,7,292.5,0,0
15,16,7,10,8,337.5,0,0
15,16,7,11,1,22.5,0,0
15,16,7,11,2,67.5,0,0
15,16,7,11,3,112.5,0,0
15,16,7,11,4,157.5,0,0
15,16,7,11,5,202.5,0,0
15,16,7,11,6,247.5,0,0
15,16,7,11,7,292.5,0,0
15,16,7,11,8,337.5,0,0
15,16,8,1,1,22.5,68.7246,9.04565
15,16,8,1,2,67.5,47.5316,7.66629
15,16,8,1,3,112.5,57.7041,8.35343
15,16,8,1,4,157.5,31.0596,7.21979
15,16,8,1,5,202.5,9.98776,3.36322
15,16,8,1,6,247.5,5,0
15,16,8,1,7,292.5,41.4502,6.99761
15,16,8,1,8,337.5,33.6072,6.42748
15,16,8,2,1,22.5,1,0
15,16,8,2,2,67.5,8.55151,3.29883
15,16,8,2,3,112.5,65.1619,8.8097
15,16,8,2,4,157.5,6.935,3.31834
15,16,8,2,5,202.5,13.5147,4.74856
15,16,8,2,6,247.5,10.5597,3.63386
15,16,8,2,7,292.5,11.8453,3.62946
15,16,8,2,8,337.5,1,0
15,16,8,3,1,22.5,0,0
15,16,8,3,2,67.5,0,0
15,16,8,3,3,112.5,0,0
15,16,8,3,4,157.5,13.9864,4.67258
15,16,8,3,5,202.5,0,0
15,16,8,3,6,247.5,0,0
15,16,8,3,7,292.5,0,0
15,16,8,3,8,337.5,0,0
15,16,8,4,1,22.5,0,0
15,16,8,4,2,67.5,0,0
15,16,8,4,3,112.5,20.1285,5.66447
15,16,8,4,4,157.5,0,0
15,16,8,4,5,202.5,0,0
15,16,8,4,6,247.5,0,0
15,16,8,4,7,292.5,0,0
15,16,8,4,8,337.5,10.1393,3.49655
15,16,8,5,1,22.5,0,0
15,16,8,5,2,67.5,0,0
15,16,8,5,3,112.5,0,0
15,16,8,5,4,157.5,15.6141,4.29557
15,16,8,5,5,202.5,8.85611,3.22134
15,16,8,5,6,247.5,0,0
15,16,8,5,7,292.5,0,0
15,16,8,5,8,337.5,0,0
15,16,8,6,1,22.5,0,0
15,16,8,6,2,67.5,0,0
15,16,8,6,3,112.5,0,0
15,16,8,6,4,157.5,0,0
15,16,8,6,5,202.5,0,0
15,16,8,6,6,247.5,0,0
15,16,8,6,7,292.5,0,0
15,16,8,6,8,337.5,0,0
15,16,8,7,1,22.5,0,0
15,16,8,7,2,67.5,0,0
15,16,8,7,3,112.5,0,0
15,16,8,7,4,157.5,0,0
15,16,8,7,5,202.5,0,0
15,16,8,7,6,247.5,0,0
15,16,8,7,7,292.5,0,0
15,16,8,7,8,337.5,0,0
15,16,8,8,1,22.5,0,0
15,16,8,8,2,67.5,0,0
15,16,8,8,3,112.5,0,0
15,16,8,8,4,157.5,0,0
15,16,8,8,5,202.5,0,0
15,16,8,8,6,247.5,0,0
15,16,8,8,7,292.5,0,0
15,16,8,8,8,337.5,0,0
15,16,8,9,1,22.5,0,0
15,16,8,9,2,67.5,0,0
15,16,8,9,3,112.5,0,0
15,16,8,9,4,157.5,0,0
15,16,8,9,5,202.5,0,0
15,16,8,9,6,247.5,0,0
15,16,8,9,7,292.5,0,0
15,16,8,9,8,337.5,0,0
15,16,8,10,1,22.5,0,0
15,16,8,10,2,67.5,0,0
15,16,8,10,3,112.5,0,0
15,16,8,10,4,157.5,0,0
15,16,8,10,5,202.5,0,0
15,16,8,10,6,247.5,0,0
15,16,8,10,7,292.5,0,0
15,16,8,10,8,337.5,0,0
15,16,8,11,1,22.5,0,0
15,16,8,11,2,67.5,0,0
15,16,8,11,3,112.5,0,0
15,16,8,11,4,157.5,0,0
15,16,8,11,5,202.5,0,0
15,16,8,11,6,247.5,0,0
15,16,8,11,7,292.5,0,0
15,16,8,11,8,337.5,0,0
16,17,1,1,1,22.5,4.38556e+06,217.562
16,17,1,1,2,67.5,4.3827e+06,438.377
16,17,1,1,3,112.5,4.36829e+06,268.839
16,17,1,1,4,157.5,4.35099e+06,337.574
16,17,1,1,5,202.5,4.36063e+06,371.292
16,17,1,1,6,247.5,4.37041e+06,333.657
16,17,1,1,7,292.5,4.3867e+06,354.305
16,17,1,1,8,337.5,4.38859e+06,160.947
16,17,1,2,1,22.5,1.71723e+06,60.6276
16,17,1,2,2,67.5,1.71232e+06,142.53
16,17,1,2,3,112.5,1.69604e+06,180.598
16,17,1,2,4,157.5,1.68426e+06,208.249
16,17,1,2,5,202.5,1.68478e+06,168.147
16,17,1,2,6,247.5,1.6994e+06,211.823
16,17,1,2,7,292.5,1.71243e+06,144.94
16,17,1,2,8,337.5,1.71661e+06,81.5121
16,17,1,3,1,22.5,826854,57.9671
16,17,1,3,2,67.5,822964,94.5717
16,17,1,3,3,112.5,814857,101.506
16,17,1,3,4,157.5,806375,111.857
16,17,1,3,5,202.5,807604,87.9705
16,17,1,3,6,247.5,818412,135.78
16,17,1,3,7,292.5,824893,97.052
16,17,1,3,8,337.5,826138,49.8613
16,17,1,4,1,22.5,438317,42.8202
16,17,1,4,2,67.5,437467,62.0645
16,17,1,4,3,112.5,431491,63.5247
16,17,1,4,4,157.5,426503,59.7357
16,17,1,4,5,202.5,426298,51.8564
16,17,1,4,6,247.5,431296,70.4623
16,17,1,4,7,292.5,437419,61.2981
16,17,1,4,8,337.5,436645,40.3271
16,17,1,5,1,22.5,384464,27.1685
16,17,1,5,2,67.5,382392,41.4869
16,17,1,5,3,112.5,377899,39.1487
16,17,1,5,4,157.5,372470,54.0072
16,17,1,5,5,202.5,372192,29.3355
16,17,1,5,6,247.5,378353,43.3962
16,17,1,5,7,292.5,383161,38.909
16,17,1,5,8,337.5,382881,28.7389
16,17,1,6,1,22.5,128052,7.09569
16,17,1,6,2,67.5,128018,9.56795
16,17,1,6,3,112.5,125251,10.1694
16,17,1,6,4,157.5,123383,22.1318
16,17,1,6,5,202.5,123387,7.76547
16,17,1,6,6,247.5,126265,26.7724
16,17,1,6,7,292.5,127930,17.8673
16,17,1,6,8,337.5,127711,6.98907
16,17,1,7,1,22.5,42758,0
16,17,1,7,2,67.5,42702,0
16,17,1,7,3,112.5,42080,15.1482
16,17,1,7,4,157.5,41025,0
16,17,1,7,5,202.5,41380,0
16,17,1,7,6,247.5,42321,9.58524
16,17,1,7,7,292.5,42594,5.6102
16,17,1,7,8,337.5,42808,0
16,17,1,8,1,22.5,16810,0
16,17,1,8,2,67.5,16514,0
16,17,1,8,3,112.5,16121,0
16,17,1,8,4,157.5,15828,0
16,17,1,8,5,202.5,15899,4.13255
16,17,1,8,6,247.5,16283,17.5813
16,17,1,8,7,292.5,16489,0
16,17,1,8,8,337.5,16563,0
16,17,1,9,1,22.5,2567,0
16,17,1,9,2,67.5,2574,0
16,17,1,9,3,112.5,2528,0
16,17,1,9,4,157.5,2385,0
16,17,1,9,5,202.5,2425,0
16,17,1,9,6,247.5,2493,0
16,17,1,9,7,292.5,2540,0
16,17,1,9,8,337.5,2564,0
16,17,1,10,1,22.5,235,0
16,17,1,10,2,67.5,257,0
16,17,1,10,3,112.5,227,0
16,17,1,10,4,157.5,232,0
16,17,1,10,5,202.5,200,0
16,17,1,10,6,247.5,243,0
16,17,1,10,7,292.5,254,0
16,17,1,10,8,337.5,261,0
16,17,1,11,1,22.5,1,0
16,17,1,11,2,67.5,0,0
16,17,1,11,3,112.5,0,0
16,17,1,11,4,157.5,0,0
16,17,1,11,5,202.5,2,0
16,17,1,11,6,247.5,1,0
16,17,1,11,7,292.5,0,0
16,17,1,11,8,337.5,1,0
16,17,2,1,1,22.5,516280,269.355
16,17,2,1,2,67.5,514557,322.764
16,17,2,1,3,112.5,511027,357.39
16,17,2,1,4,157.5,508949,549.514
16,17,2,1,5,202.5,508582,681.914
16,17,2,1,6,247.5,510414,412.362
16,17,2,1,7,292.5,513811,219.979
16,17,2,1,8,337.5,515447,288.778
16,17,2,2,1,22.5,380391,117.843
16,17,2,2,2,67.5,377959,209.942
16,17,2,2,3,112.5,374008,253.145
16,17,2,2,4,157.5,369752,348.912
16,17,2,2,5,202.5,371954,294.66
16,17,2,2,6,247.5,374016,297.28
16,17,2,2,7,292.5,378719,234.766
16,17,2,2,8,337.5,382028,101.509
16,17,2,3,1,22.5,274279,74.4096
16,17,2,3,2,67.5,271631,155.262
16,17,2,3,3,112.5,266730,183.427
16,17,2,3,4,157.5,264207,227.092
16,17,2,3,5,202.5,265110,195.352
16,17,2,3,6,247.5,267829,206.749
16,17,2,3,7,292.5,273052,171.134
16,17,2,3,8,337.5,274508,75.6067
16,17,2,4,1,22.5,195652,66.7733
16,17,2,4,2,67.5,193976,136.984
16,17,2,4,3,112.5,189886,142.051
16,17,2,4,4,157.5,187159,158.429
16,17,2,4,5,202.5,187857,139.103
16,17,2,4,6,247.5,191055,162.597
16,17,2,4,7,292.5,193727,146.958
16,17,2,4,8,337.5,197188,69.4057
16,17,2,5,1,22.5,237790,85.2671
16,17,2,5,2,67.5,234214,154.115
16,17,2,5,3,112.5,229560,153.271
16,17,2,5,4,157.5,224715,156.911
16,17,2,5,5,202.5,225942,143.1
16,17,2,5,6,247.5,229757,171.068
16,17,2,5,7,292.5,235193,147.577
16,17,2,5,8,337.5,237086,82.959
16,17,2,6,1,22.5,120136,53.1788
16,17,2,6,2,67.5,119049,95.7964
16,17,2,6,3,112.5,116268,91.3473
16,17,2,6,4,157.5,113922,80.7041
16,17,2,6,5,202.5,114052,70.8073
16,17,2,6,6,247.5,115913,98.7231
16,17,2,6,7,292.5,119068,86.0003
16,17,2,6,8,337.5,120185,51.4478
16,17,2,7,1,22.5,61658,31.959
16,17,2,7,2,67.5,60673,51.2022
16,17,2,7,3,112.5,59054,47.2327
16,17,2,7,4,157.5,57919,39.8491
16,17,2,7,5,202.5,58211,39.9663
16,17,2,7,6,247.5,59094,54.0293
16,17,2,7,7,292.5,60819,47.09
16,17,2,7,8,337.5,61298,29.3418
16,17,2,8,1,22.5,40174,17.1764
16,17,2,8,2,67.5,39672,24.6199
16,17,2,8,3,112.5,38221,23.8101
16,17,2,8,4,157.5,37148,23.8098
16,17,2,8,5,202.5,37767,21.02
16,17,2,8,6,247.5,38494,26.9022
16,17,2,8,7,292.5,39547,23.2197
16,17,2,8,8,337.5,40025,17.3907
16,17,2,9,1,22.5,13276,0
16,17,2,9,2,67.5,13373,5.61604
16,17,2,9,3,112.5,12754,6.17313
16,17,2,9,4,157.5,12362,0
16,17,2,9,5,202.5,12522,6.44047
16,17,2,9,6,247.5,12858,8.51221
16,17,2,9,7,292.5,13325,7.32134
16,17,2,9,8,337.5,13025,0
16,17,2,10,1,22.5,4300,0
16,17,2,10,2,67.5,4317,0
16,17,2,10,3,112.5,4275,5.44521
16,17,2,10,4,157.5,4003,0
16,17,2,10,5,202.5,4115,0
16,17,2,10,6,247.5,4277,0
16,17,2,10,7,292.5,4433,0
16,17,2,10,8,337.5,4267,0
16,17,2,11,1,22.5,630,0
16,17,2,11,2,67.5,577,0
16,17,2,11,3,112.5,578,0
16,17,2,11,4,157.5,520,0
16,17,2,11,5,202.5,542,0
16,17,2,11,6,247.5,556,0
16,17,2,11,7,292.5,586,0
16,17,2,11,8,337.5,568,0
16,17,3,1,1,22.5,265361,174.611
16,17,3,1,2,67.5,264222,231.916
16,17,3,1,3,112.5,261757,361.473
16,17,3,1,4,157.5,259835,426.286
16,17,3,1,5,202.5,260883,382.825
16,17,3,1,6,247.5,262741,265.494
16,17,3,1,7,292.5,264606,222.829
16,17,3,1,8,337.5,264859,239.657
16,17,3,2,1,22.5,206924,97.1364
16,17,3,2,2,67.5,205347,154.104
16,17,3,2,3,112.5,202675,247.122
16,17,3,2,4,157.5,201953,333.356
16,17,3,2,5,202.5,202739,265.911
16,17,3,2,6,247.5,204351,194.764
16,17,3,2,7,292.5,207303,168.515
16,17,3,2,8,337.5,208565,91.8976
16,17,3,3,1,22.5,160533,61.772
16,17,3,3,2,67.5,159123,121.451
16,17,3,3,3,112.5,156306,177.563
16,17,3,3,4,157.5,153663,218.221
16,17,3,3,5,202.5,154428,204.115
16,17,3,3,6,247.5,155922,198.463
16,17,3,3,7,292.5,159508,138.319
16,17,3,3,8,337.5,160854,53.1106
16,17,3,4,1,22.5,121898,39.3045
16,17,3,4,2,67.5,120500,107.488
16,17,3,4,3,112.5,117437,137.262
16,17,3,4,4,157.5,115169,182.427
16,17,3,4,5,202.5,115672,161.278
16,17,3,4,6,247.5,117585,142.183
16,17,3,4,7,292.5,120495,134.715
16,17,3,4,8,337.5,121475,38.7176
16,17,3,5,1,22.5,157332,48.5709
16,17,3,5,2,67.5,155022,141.587
16,17,3,5,3,112.5,149825,154.728
16,17,3,5,4,157.5,146382,198.716
16,17,3,5,5,202.5,147111,161.787
16,17,3,5,6,247.5,150725,175.706
16,17,3,5,7,292.5,155434,151.742
16,17,3,5,8,337.5,157032,49.52
16,17,3,6,1,22.5,84368,43.3934
16,17,3,6,2,67.5,82716,115.644
16,17,3,6,3,112.5,80142,115.279
16,17,3,6,4,157.5,77609,127.583
16,17,3,6,5,202.5,78335,111.434
16,17,3,6,6,247.5,80388,129.045
16,17,3,6,7,292.5,82706,113.751
16,17,3,6,8,337.5,83728,41.8743
16,17,3,7,1,22.5,45002,34.7134
16,17,3,7,2,67.5,44012,87.1622
16,17,3,7,3,112.5,42478,82.3778
16,17,3,7,4,157.5,40948,83.8256
16,17,3,7,5,202.5,41272,73.649
16,17,3,7,6,247.5,42706,96.2423
16,17,3,7,7,292.5,44599,79.583
16,17,3,7,8,337.5,44681,35.867
16,17,3,8,1,22.5,31788,32.5094
16,17,3,8,2,67.5,31065,70.1182
16,17,3,8,3,112.5,29774,66.7862
16,17,3,8,4,157.5,28931,64.4582
16,17,3,8,5,202.5,28987,56.4269
16,17,3,8,6,247.5,29438,75.8727
16,17,3,8,7,292.5,31290,61.4179
16,17,3,8,8,337.5,31664,35.2116
16,17,3,9,1,22.5,12470,21.2369
16,17,3,9,2,67.5,12188,38.1716
16,17,3,9,3,112.5,11875,36.0839
16,17,3,9,4,157.5,11320,33.19
16,17,3,9,5,202.5,11252,29.6177
16,17,3,9,6,247.5,11791,41.1826
16,17,3,9,7,292.5,12403,34.2571
16,17,3,9,8,337.5,12530,22.052
16,17,3,10,1,22.5,5866,13.4813
16,17,3,10,2,67.5,5758,20.2781
16,17,3,10,3,112.5,5282,19.405
16,17,3,10,4,157.5,5139,17.5687
16,17,3,10,5,202.5,5202,13.9215
16,17,3,10,6,247.5,5304,21.2097
16,17,3,10,7,292.5,5623,18.916
16,17,3,10,8,337.5,5590,14.375
16,17,3,11,1,22.5,1678,0
16,17,3,11,2,67.5,1632,7.64808
16,17,3,11,3,112.5,1450,7.58295
16,17,3,11,4,157.5,1487,0
16,17,3,11,5,202.5,1522,4.15715
16,17,3,11,6,247.5,1521,5.90423
16,17,3,11,7,292.5,1596,6.91761
16,17,3,11,8,337.5,1692,4.38263
16,17,4,1,1,22.5,160571,174.133
16,17,4,1,2,67.5,159063,186.764
16,17,4,1,3,112.5,159194,246.935
16,17,4,1,4,157.5,157142,275.977
16,17,4,1,5,202.5,156756,262.84
16,17,4,1,6,247.5,158614,210.317
16,17,4,1,7,292.5,159919,149.168
16,17,4,1,8,337.5,160313,135.769
16,17,4,2,1,22.5,128160,81.2226
16,17,4,2,2,67.5,126718,125.59
16,17,4,2,3,112.5,125390,188.47
16,17,4,2,4,157.5,123421,228.255
16,17,4,2,5,202.5,124273,206.576
16,17,4,2,6,247.5,125641,135.736
16,17,4,2,7,292.5,126881,102.767
16,17,4,2,8,337.5,127724,68.1698
16,17,4,3,1,22.5,100696,45.2176
16,17,4,3,2,67.5,99047,88.7198
16,17,4,3,3,112.5,97006,163.817
16,17,4,3,4,157.5,95520,192.933
16,17,4,3,5,202.5,96122,164.081
16,17,4,3,6,247.5,97059,131.645
16,17,4,3,7,292.5,99530,96.7033
16,17,4,3,8,337.5,100765,41.74
16,17,4,4,1,22.5,77504,29.8371
16,17,4,4,2,67.5,75817,71.484
16,17,4,4,3,112.5,74136,117.831
16,17,4,4,4,157.5,72411,157.916
16,17,4,4,5,202.5,72667,138.217
16,17,4,4,6,247.5,74568,108.759
16,17,4,4,7,292.5,75964,98.3911
16,17,4,4,8,337.5,76803,29.9153
16,17,4,5,1,22.5,102998,27.7608
16,17,4,5,2,67.5,100871,97.7942
16,17,4,5,3,112.5,97743,136.977
16,17,4,5,4,157.5,94923,190.013
16,17,4,5,5,202.5,95752,149.328
16,17,4,5,6,247.5,97875,141.924
16,17,4,5,7,292.5,101453,123.86
16,17,4,5,8,337.5,102774,29.9117
16,17,4,6,1,22.5,57858,20.381
16,17,4,6,2,67.5,56825,88.4218
16,17,4,6,3,112.5,54160,99.1577
16,17,4,6,4,157.5,52734,129.997
16,17,4,6,5,202.5,52995,108.636
16,17,4,6,6,247.5,54901,109.463
16,17,4,6,7,292.5,56741,98.9049
16,17,4,6,8,337.5,57830,19.3526
16,17,4,7,1,22.5,31739,16.6184
16,17,4,7,2,67.5,31087,72.1059
16,17,4,7,3,112.5,29710,74.4965
16,17,4,7,4,157.5,28099,93.9384
16,17,4,7,5,202.5,28747,78.1893
16,17,4,7,6,247.5,29710,85.3179
16,17,4,7,7,292.5,30826,73.4614
16,17,4,7,8,337.5,32000,14.9441
16,17,4,8,1,22.5,22850,15.0612
16,17,4,8,2,67.5,22268,66.7934
16,17,4,8,3,112.5,20648,63.8417
16,17,4,8,4,157.5,20007,76.4481
16,17,4,8,5,202.5,19882,63.6274
16,17,4,8,6,247.5,21281,74.3974
16,17,4,8,7,292.5,22259,60.4223
16,17,4,8,8,337.5,22597,15.3566
16,17,4,9,1,22.5,9099,12.8015
16,17,4,9,2,67.5,8801,42.5367
16,17,4,9,3,112.5,8282,39.6912
16,17,4,9,4,157.5,7783,44.0747
16,17,4,9,5,202.5,8009,37.8128
16,17,4,9,6,247.5,8253,47.9356
16,17,4,9,7,292.5,8747,36.5015
16,17,4,9,8,337.5,8950,15.2129
16,17,4,10,1,22.5,4070,13.4248
16,17,4,10,2,67.5,4024,29.177
16,17,4,10,3,112.5,3704,26.8248
16,17,4,10,4,157.5,3588,29.0168
16,17,4,10,5,202.5,3524,25.2975
16,17,4,10,6,247.5,3895,33.0711
16,17,4,10,7,292.5,3997,25.137
16,17,4,10,8,337.5,4142,12.6204
16,17,4,11,1,22.5,1378,8.44184
16,17,4,11,2,67.5,1319,15.33
16,17,4,11,3,112.5,1223,14.6777
16,17,4,11,4,157.5,1133,14.8856
16,17,4,11,5,202.5,1117,12.9374
16,17,4,11,6,247.5,1274,17.1806
16,17,4,11,7,292.5,1264,14.147
16,17,4,11,8,337.5,1381,8.16134
16,17,5,1,1,22.5,89050,116.99
16,17,5,1,2,67.5,88278,146.97
16,17,5,1,3,112.5,87767,169.79
16,17,5,1,4,157.5,87125,189.669
16,17,5,1,5,202.5,87125,177.1
16,17,5,1,6,247.5,88344,151.53
16,17,5,1,7,292.5,89157,109.543
16,17,5,1,8,337.5,89074,135.332
16,17,5,2,1,22.5,70209,67.4281
16,17,5,2,2,67.5,69635,99.6193
16,17,5,2,3,112.5,68713,147.373
16,17,5,2,4,157.5,67033,161.905
16,17,5,2,5,202.5,66762,136.531
16,17,5,2,6,247.5,68373,103.491
16,17,5,2,7,292.5,69932,71.421
16,17,5,2,8,337.5,70493,54.6756
16,17,5,3,1,22.5,55295,39.4166
16,17,5,3,2,67.5,53995,72.9742
16,17,5,3,3,112.5,52939,122.926
16,17,5,3,4,157.5,51577,175.121
16,17,5,3,5,202.5,51561,118.103
16,17,5,3,6,247.5,52711,102.101
16,17,5,3,7,292.5,54165,64.1663
16,17,5,3,8,337.5,54746,30.8964
16,17,5,4,1,22.5,42338,22.4732
16,17,5,4,2,67.5,41942,55.0472
16,17,5,4,3,112.5,40260,97.0397
16,17,5,4,4,157.5,39173,119.985
16,17,5,4,5,202.5,39743,99.7764
16,17,5,4,6,247.5,40160,74.9673
16,17,5,4,7,292.5,42078,62.1238
16,17,5,4,8,337.5,41875,18.7543
16,17,5,5,1,22.5,57241,20.0688
16,17,5,5,2,67.5,56730,62.0715
16,17,5,5,3,112.5,54237,109.686
16,17,5,5,4,157.5,52327,138.843
16,17,5,5,5,202.5,53007,126.81
16,17,5,5,6,247.5,54771,102.096
16,17,5,5,7,292.5,56457,83.9308
16,17,5,5,8,337.5,57811,20.4498
16,17,5,6,1,22.5,33172,9.18799
16,17,5,6,2,67.5,32492,53.7842
16,17,5,6,3,112.5,30818,77.466
16,17,5,6,4,157.5,29863,103.086
16,17,5,6,5,202.5,29587,93.5131
16,17,5,6,6,247.5,31228,78.6486
16,17,5,6,7,292.5,32666,72.2721
16,17,5,6,8,337.5,33116,13.5785
16,17,5,7,1,22.5,18667,9.06
16,17,5,7,2,67.5,18421,47.6293
16,17,5,7,3,112.5,17503,56.3044
16,17,5,7,4,157.5,16335,75.2506
16,17,5,7,5,202.5,16697,63.1269
16,17,5,7,6,247.5,17292,63.2851
16,17,5,7,7,292.5,18160,54.1378
16,17,5,7,8,337.5,18646,6.17812
16,17,5,8,1,22.5,13325,7.86879
16,17,5,8,2,67.5,12970,44.4167
16,17,5,8,3,112.5,12295,47.34
16,17,5,8,4,157.5,11522,61.7779
16,17,5,8,5,202.5,11642,50.3206
16,17,5,8,6,247.5,12313,55.1757
16,17,5,8,7,292.5,13202,47.1167
16,17,5,8,8,337.5,13495,4.99887
16,17,5,9,1,22.5,5302,4.11963
16,17,5,9,2,67.5,5198,28.421
16,17,5,9,3,112.5,4612,29.6882
16,17,5,9,4,157.5,4430,36.671
16,17,5,9,5,202.5,4418,31.4679
16,17,5,9,6,247.5,4856,35.46
16,17,5,9,7,292.5,5114,27.717
16,17,5,9,8,337.5,5307,3.65931
16,17,5,10,1,22.5,2270,0
16,17,5,10,2,67.5,2220,20.5153
16,17,5,10,3,112.5,1968,19.4978
16,17,5,10,4,157.5,1866,23.7099
16,17,5,10,5,202.5,1955,19.8272
16,17,5,10,6,247.5,1986,22.1316
16,17,5,10,7,292.5,2164,16.2788
16,17,5,10,8,337.5,2285,5.6737
16,17,5,11,1,22.5,689,4.0849
16,17,5,11,2,67.5,600,10.9771
16,17,5,11,3,112.5,541,11.3286
16,17,5,11,4,157.5,514,12.3116
16,17,5,11,5,202.5,533,11.4551
16,17,5,11,6,247.5,540,12.5644
16,17,5,11,7,292.5,616,9.56976
16,17,5,11,8,337.5,661,0
16,17,6,1,1,22.5,37640,79.0739
16,17,6,1,2,67.5,37183,87.8952
16,17,6,1,3,112.5,36618,102.839
16,17,6,1,4,157.5,36297,112.839
16,17,6,1,5,202.5,36430,101.364
16,17,6,1,6,247.5,36531,93.997
16,17,6,1,7,292.5,37035,74.3813
16,17,6,1,8,337.5,37492,73.3341
16,17,6,2,1,22.5,29529,50.4192
16,17,6,2,2,67.5,29058,72.7917
16,17,6,2,3,112.5,28175,94.1368
16,17,6,2,4,157.5,27488,102.887
16,17,6,2,5,202.5,27675,92.174
16,17,6,2,6,247.5,28448,62.854
16,17,6,2,7,292.5,28779,42.4975
16,17,6,2,8,337.5,29267,38.0276
16,17,6,3,1,22.5,22522,28.5711
16,17,6,3,2,67.5,22167,53.5466
16,17,6,3,3,112.5,21619,76.2128
16,17,6,3,4,157.5,21012,88.0423
16,17,6,3,5,202.5,21086,73.2699
16,17,6,3,6,247.5,21513,53.4087
16,17,6,3,7,292.5,22432,35.5619
16,17,6,3,8,337.5,22351,18.9813
16,17,6,4,1,22.5,17026,16.4951
16,17,6,4,2,67.5,17027,39.9677
16,17,6,4,3,112.5,16157,62.153
16,17,6,4,4,157.5,15811,74.3016
16,17,6,4,5,202.5,15978,63.0695
16,17,6,4,6,247.5,16392,47.8776
16,17,6,4,7,292.5,17157,35.0827
16,17,6,4,8,337.5,17221,12.3026
16,17,6,5,1,22.5,22674,9.08502
16,17,6,5,2,67.5,22340,37.3008
16,17,6,5,3,112.5,21400,71.9521
16,17,6,5,4,157.5,20469,89.1463
16,17,6,5,5,202.5,21016,71.3984
16,17,6,5,6,247.5,21618,60.2972
16,17,6,5,7,292.5,22725,51.4805
16,17,6,5,8,337.5,23017,9.27841
16,17,6,6,1,22.5,13039,0
16,17,6,6,2,67.5,12493,26.9552
16,17,6,6,3,112.5,11813,49.5635
16,17,6,6,4,157.5,11155,63.2208
16,17,6,6,5,202.5,11727,52.9766
16,17,6,6,6,247.5,12108,46.5872
16,17,6,6,7,292.5,12701,42.2795
16,17,6,6,8,337.5,12870,5.14987
16,17,6,7,1,22.5,7103,0
16,17,6,7,2,67.5,6943,23.2687
16,17,6,7,3,112.5,6535,33.6054
16,17,6,7,4,157.5,6138,46.4119
16,17,6,7,5,202.5,6284,36.7559
16,17,6,7,6,247.5,6494,36.6422
16,17,6,7,7,292.5,6907,31.7568
16,17,6,7,8,337.5,7274,0
16,17,6,8,1,22.5,4965,0
16,17,6,8,2,67.5,4742,22.7494
16,17,6,8,3,112.5,4458,27.7726
16,17,6,8,4,157.5,4152,36.2214
16,17,6,8,5,202.5,4287,31.0386
16,17,6,8,6,247.5,4474,31.5047
16,17,6,8,7,292.5,4806,27.1904
16,17,6,8,8,337.5,4881,0
16,17,6,9,1,22.5,1763,0
16,17,6,9,2,67.5,1690,15.1172
16,17,6,9,3,112.5,1585,18.0293
16,17,6,9,4,157.5,1575,21.2907
16,17,6,9,5,202.5,1509,18.311
16,17,6,9,6,247.5,1587,19.6711
16,17,6,9,7,292.5,1770,17.2674
16,17,6,9,8,337.5,1841,0
16,17,6,10,1,22.5,638,0
16,17,6,10,2,67.5,626,8.6395
16,17,6,10,3,112.5,596,8.49669
16,17,6,10,4,157.5,497,11.4937
16,17,6,10,5,202.5,533,9.57995
16,17,6,10,6,247.5,558,11.4777
16,17,6,10,7,292.5,607,8.74108
16,17,6,10,8,337.5,652,0
16,17,6,11,1,22.5,104,0
16,17,6,11,2,67.5,101,0
16,17,6,11,3,112.5,79,0
16,17,6,11,4,157.5,59,0
16,17,6,11,5,202.5,73,0
16,17,6,11,6,247.5,92,0
16,17,6,11,7,292.5,88,0
16,17,6,11,8,337.5,103,0
16,17,7,1,1,22.5,8656,35.7734
16,17,7,1,2,67.5,8469,45.6728
16,17,7,1,3,112.5,8670,48.3058
16,17,7,1,4,157.5,8552,53.0897
16,17,7,1,5,202.5,8624,52.5016
16,17,7,1,6,247.5,8546,41.1937
16,17,7,1,7,292.5,8664,38.6201
16,17,7,1,8,337.5,8830,35.791
16,17,7,2,1,22.5,6598,21.464
16,17,7,2,2,67.5,6430,33.4944
16,17,7,2,3,112.5,6399,42.6827
16,17,7,2,4,157.5,6285,47.3038
16,17,7,2,5,202.5,6257,41.4076
16,17,7,2,6,247.5,6292,28.6523
16,17,7,2,7,292.5,6422,16.0123
16,17,7,2,8,337.5,6720,16.8318
16,17,7,3,1,22.5,4670,9.32698
16,17,7,3,2,67.5,4763,25.5554
16,17,7,3,3,112.5,4597,33.9626
16,17,7,3,4,157.5,4564,38.8934
16,17,7,3,5,202.5,4528,31.8886
16,17,7,3,6,247.5,4587,21.7028
16,17,7,3,7,292.5,4743,14.1439
16,17,7,3,8,337.5,4834,5.92332
16,17,7,4,1,22.5,3492,0
16,17,7,4,2,67.5,3440,17.8598
16,17,7,4,3,112.5,3400,28.3696
16,17,7,4,4,157.5,3217,33.0055
16,17,7,4,5,202.5,3225,25.8962
16,17,7,4,6,247.5,3391,20.0263
16,17,7,4,7,292.5,3560,14.9777
16,17,7,4,8,337.5,3449,0
16,17,7,5,1,22.5,4227,3.44825
16,17,7,5,2,67.5,4262,17.8904
16,17,7,5,3,112.5,4106,30.3466
16,17,7,5,4,157.5,3973,36.6529
16,17,7,5,5,202.5,3923,29.4194
16,17,7,5,6,247.5,4052,24.2331
16,17,7,5,7,292.5,4203,19.4759
16,17,7,5,8,337.5,4276,0
16,17,7,6,1,22.5,2164,0
16,17,7,6,2,67.5,2040,7.46422
16,17,7,6,3,112.5,1898,20.2927
16,17,7,6,4,157.5,1913,26.1297
16,17,7,6,5,202.5,1916,20.538
16,17,7,6,6,247.5,2038,17.7812
16,17,7,6,7,292.5,2176,13.6901
16,17,7,6,8,337.5,2191,0
16,17,7,7,1,22.5,970,0
16,17,7,7,2,67.5,1002,4.96245
16,17,7,7,3,112.5,919,11.2
16,17,7,7,4,157.5,885,15.2568
16,17,7,7,5,202.5,891,13.1132
16,17,7,7,6,247.5,914,12.3366
16,17,7,7,7,292.5,963,8.71043
16,17,7,7,8,337.5,1001,0
16,17,7,8,1,22.5,551,0
16,17,7,8,2,67.5,529,0
16,17,7,8,3,112.5,446,6.87769
16,17,7,8,4,157.5,433,10.3941
16,17,7,8,5,202.5,479,9.37904
16,17,7,8,6,247.5,550,7.83031
16,17,7,8,7,292.5,519,7.79019
16,17,7,8,8,337.5,512,0
16,17,7,9,1,22.5,103,0
16,17,7,9,2,67.5,97,0
16,17,7,9,3,112.5,91,0
16,17,7,9,4,157.5,100,3.77715
16,17,7,9,5,202.5,71,0
16,17,7,9,6,247.5,108,0
16,17,7,9,7,292.5,110,0
16,17,7,9,8,337.5,100,0
16,17,7,10,1,22.5,5,0
16,17,7,10,2,67.5,12,0
16,17,7,10,3,112.5,10,0
16,17,7,10,4,157.5,2,0
16,17,7,10,5,202.5,8,0
16,17,7,10,6,247.5,7,0
16,17,7,10,7,292.5,5,0
16,17,7,10,8,337.5,9,0
16,17,7,11,1,22.5,0,0
16,17,7,11,2,67.5,0,0
16,17,7,11,3,112.5,0,0
16,17,7,11,4,157.5,0,0
16,17,7,11,5,202.5,0,0
16,17,7,11,6,247.5,0,0
16,17,7,11,7,292.5,0,0
16,17,7,11,8,337.5,0,0
16,17,8,1,1,22.5,358,0
16,17,8,1,2,67.5,350,4.76084
16,17,8,1,3,112.5,383,5.07371
16,17,8,1,4,157.5,328,6.87748
16,17,8,1,5,202.5,336,0
16,17,8,1,6,247.5,364,4.96244
16,17,8,1,7,292.5,357,5.07375
16,17,8,1,8,337.5,364,0
16,17,8,2,1,22.5,214,0
16,17,8,2,2,67.5,185,0
16,17,8,2,3,112.5,216,5.76375
16,17,8,2,4,157.5,191,0
16,17,8,2,5,202.5,208,4.04927
16,17,8,2,6,247.5,214,0
16,17,8,2,7,292.5,232,0
16,17,8,2,8,337.5,199,0
16,17,8,3,1,22.5,102,0
16,17,8,3,2,67.5,98,0
16,17,8,3,3,112.5,104,0
16,17,8,3,4,157.5,110,0
16,17,8,3,5,202.5,124,0
16,17,8,3,6,247.5,93,0
16,17,8,3,7,292.5,120,0
16,17,8,3,8,337.5,107,0
16,17,8,4,1,22.5,45,0
16,17,8,4,2,67.5,54,0
16,17,8,4,3,112.5,49,0
16,17,8,4,4,157.5,56,0
16,17,8,4,5,202.5,51,0
16,17,8,4,6,247.5,55,0
16,17,8,4,7,292.5,42,0
16,17,8,4,8,337.5,47,0
16,17,8,5,1,22.5,39,0
16,17,8,5,2,67.5,31,0
16,17,8,5,3,112.5,29,0
16,17,8,5,4,157.5,25,0
16,17,8,5,5,202.5,32,0
16,17,8,5,6,247.5,27,0
16,17,8,5,7,292.5,33,0
16,17,8,5,8,337.5,21,0
16,17,8,6,1,22.5,0,0
16,17,8,6,2,67.5,3,0
16,17,8,6,3,112.5,1,0
16,17,8,6,4,157.5,3,0
16,17,8,6,5,202.5,2,0
16,17,8,6,6,247.5,1,0
16,17,8,6,7,292.5,1,0
16,17,8,6,8,337.5,2,0
16,17,8,7,1,22.5,0,0
16,17,8,7,2,67.5,0,0
16,17,8,7,3,112.5,0,0
16,17,8,7,4,157.5,0,0
16,17,8,7,5,202.5,0,0
16,17,8,7,6,247.5,0,0
16,17,8,7,7,292.5,0,0
16,17,8,7,8,337.5,0,0
16,17,8,8,1,22.5,0,0
16,17,8,8,2,67.5,0,0
16,17,8,8,3,112.5,0,0
16,17,8,8,4,157.5,0,0
16,17,8,8,5,202.5,0,0
16,17,8,8,6,247.5,0,0
16,17,8,8,7,292.5,0,0
16,17,8,8,8,337.5,0,0
16,17,8,9,1,22.5,0,0
16,17,8,9,2,67.5,0,0
16,17,8,9,3,112.5,0,0
16,17,8,9,4,157.5,0,0
16,17,8,9,5,202.5,0,0
16,17,8,9,6,247.5,0,0
16,17,8,9,7,292.5,0,0
16,17,8,9,8,337.5,0,0
16,17,8,10,1,22.5,0,0
16,17,8,10,2,67.5,0,0
16,17,8,10,3,112.5,0,0
16,17,8,10,4,157.5,0,0
16,17,8,10,5,202.5,0,0
16,17,8,10,6,247.5,0,0
16,17,8,10,7,292.5,0,0
16,17,8,10,8,337.5,0,0
16,17,8,11,1,22.5,0,0
16,17,8,11,2,67.5,0,0
16,17,8,11,3,112.5,0,0
16,17,8,11,4,157.5,0,0
16,17,8,11,5,202.5,0,0
16,17,8,11,6,247.5,0,0
16,17,8,11,7,292.5,0,0
16,17,8,11,8,337.5,0,0
17,18,1,1,1,22.5,0,0
17,18,1,1,2,67.5,0,0
17,18,1,1,3,112.5,0,0
17,18,1,1,4,157.5,0,0
17,18,1,1,5,202.5,0,0
17,18,1,1,6,247.5,0,0
17,18,1,1,7,292.5,0,0
17,18,1,1,8,337.5,0,0
17,18,1,2,1,22.5,0,0
17,18,1,2,2,67.5,0,0
17,18,1,2,3,112.5,0,0
17,18,1,2,4,157.5,0,0
17,18,1,2,5,202.5,0,0
17,18,1,2,6,247.5,0,0
17,18,1,2,7,292.5,0,0
17,18,1,2,8,337.5,0,0
17,18,1,3,1,22.5,0,0
17,18,1,3,2,67.5,0,0
17,18,1,3,3,112.5,0,0
17,18,1,3,4,157.5,0,0
17,18,1,3,5,202.5,0,0
17,18,1,3,6,247.5,0,0
17,18,1,3,7,292.5,0,0
17,18,1,3,8,337.5,0,0
17,18,1,4,1,22.5,0,0
17,18,1,4,2,67.5,0,0
17,18,1,4,3,112.5,0,0
17,18,1,4,4,157.5,0,0
17,18,1,4,5,202.5,0,0
17,18,1,4,6,247.5,0,0
17,18,1,4,7,292.5,0,0
17,18,1,4,8,337.5,0,0
17,18,1,5,1,22.5,0,0
17,18,1,5,2,67.5,0,0
17,18,1,5,3,112.5,0,0
17,18,1,5,4,157.5,0,0
17,18,1,5,5,202.5,0,0
17,18,1,5,6,247.5,0,0
17,18,1,5,7,292.5,0,0
17,18,1,5,8,337.5,0,0
17,18,1,6,1,22.5,0,0
17,18,1,6,2,67.5,0,0
17,18,1,6,3,112.5,0,0
17,18,1,6,4,157.5,0,0
17,18,1,6,5,202.5,0,0
17,18,1,6,6,247.5,0,0
17,18,1,6,7,292.5,0,0
17,18,1,6,8,337.5,0,0
17,18,1,7,1,22.5,0,0
17,18,1,7,2,67.5,0,0
17,18,1,7,3,112.5,0,0
17,18,1,7,4,157.5,0,0
17,18,1,7,5,202.5,0,0
17,18,1,7,6,247.5,0,0
17,18,1,7,7,292.5,0,0
17,18,1,7,8,337.5,0,0
17,18,1,8,1,22.5,0,0
17,18,1,8,2,67.5,0,0
17,18,1,8,3,112.5,0,0
17,18,1,8,4,157.5,0,0
17,18,1,8,5,202.5,0,0
17,18,1,8,6,247.5,0,0
17,18,1,8,7,292.5,0,0
17,18,1,8,8,337.5,0,0
17,18,1,9,1,22.5,0,0
17,18,1,9,2,67.5,0,0
17,18,1,9,3,112.5,0,0
17,18,1,9,4,157.5,0,0
17,18,1,9,5,202.5,0,0
17,18,1,9,6,247.5,0,0
17,18,1,9,7,292.5,0,0
17,18,1,9,8,337.5,0,0
17,18,1,10,1,22.5,0,0
17,18,1,10,2,67.5,0,0
17,18,1,10,3,112.5,0,0
17,18,1,10,4,157.5,0,0
17,18,1,10,5,202.5,0,0
17,18,1,10,6,247.5,0,0
17,18,1,10,7,292.5,0,0
17,18,1,10,8,337.5,0,0
17,18,1,11,1,22.5,0,0
17,18,1,11,2,67.5,0,0
17,18,1,11,3,112.5,0,0
17,18,1,11,4,157.5,0,0
17,18,1,11,5,202.5,0,0
17,18,1,11,6,247.5,0,0
17,18,1,11,7,292.5,0,0
17,18,1,11,8,337.5,0,0
17,18,2,1,1,22.5,0,0
17,18,2,1,2,67.5,0,0
17,18,2,1,3,112.5,0,0
17,18,2,1,4,157.5,0,0
17,18,2,1,5,202.5,0,0
17,18,2,1,6,247.5,0,0
17,18,2,1,7,292.5,0,0
17,18,2,1,8,337.5,0,0
17,18,2,2,1,22.5,0,0
17,18,2,2,2,67.5,0,0
17,18,2,2,3,112.5,0,0
17,18,2,2,4,157.5,0,0
17,18,2,2,5,202.5,0,0
17,18,2,2,6,247.5,0,0
17,18,2,2,7,292.5,0,0
17,18,2,2,8,337.5,0,0
17,18,2,3,1,22.5,0,0
17,18,2,3,2,67.5,0,0
17,18,2,3,3,112.5,0,0
17,18,2,3,4,157.5,0,0
17,18,2,3,5,202.5,0,0
17,18,2,3,6,247.5,0,0
17,18,2,3,7,292.5,0,0
17,18,2,3,8,337.5,0,0
17,18,2,4,1,22.5,0,0
17,18,2,4,2,67.5,0,0
17,18,2,4,3,112.5,0,0
17,18,2,4,4,157.5,0,0
17,18,2,4,5,202.5,0,0
17,18,2,4,6,247.5,0,0
17,18,2,4,7,292.5,0,0
17,18,2,4,8,337.5,0,0
17,18,2,5,1,22.5,0,0
17,18,2,5,2,67.5,0,0
17,18,2,5,3,112.5,0,0
17,18,2,5,4,157.5,0,0
17,18,2,5,5,202.5,0,0
17,18,2,5,6,247.5,0,0
17,18,2,5,7,292.5,0,0
17,18,2,5,8,337.5,0,0
17,18,2,6,1,22.5,0,0
17,18,2,6,2,67.5,0,0
17,18,2,6,3,112.5,0,0
17,18,2,6,4,157.5,0,0
17,18,2,6,5,202.5,0,0
17,18,2,6,6,247.5,0,0
17,18,2,6,7,292.5,0,0
17,18,2,6,8,337.5,0,0
17,18,2,7,1,22.5,0,0
17,18,2,7,2,67.5,0,0
17,18,2,7,3,112.5,0,0
17,18,2,7,4,157.5,0,0
17,18,2,7,5,202.5,0,0
17,18,2,7,6,247.5,0,0
17,18,2,7,7,292.5,0,0
17,18,2,7,8,337.5,0,0
17,18,2,8,1,22.5,0,0
17,18,2,8,2,67.5,0,0
17,18,2,8,3,112.5,0,0
17,18,2,8,4,157.5,0,0
17,18,2,8,5,202.5,0,0
17,18,2,8,6,247.5,0,0
17,18,2,8,7,292.5,0,0
17,18,2,8,8,337.5,0,0
17,18,2,9,1,22.5,0,0
17,18,2,9,2,67.5,0,0
17,18,2,9,3,112.5,0,0
17,18,2,9,4,157.5,0,0
17,18,2,9,5,202.5,0,0
17,18,2,9,6,247.5,0,0
17,18,2,9,7,292.5,0,0
17,18,2,9,8,337.5,0,0
17,18,2,10,1,22.5,0,0
17,18,2,10,2,67.5,0,0
17,18,2,10,3,112.5,0,0
17,18,2,10,4,157.5,0,0
17,18,2,10,5,202.5,0,0
17,18,2,10,6,247.5,0,0
17,18,2,10,7,292.5,0,0
17,18,2,10,8,337.5,0,0
17,18,2,11,1,22.5,0,0
17,18,2,11,2,67.5,0,0
17,18,2,11,3,112.5,0,0
17,18,2,11,4,157.5,0,0
17,18,2,11,5,202.5,0,0
17,18,2,11,6,247.5,0,0
17,18,2,11,7,292.5,0,0
17,18,2,11,8,337.5,0,0
17,18,3,1,1,22.5,0,0
17,18,3,1,2,67.5,0,0
17,18,3,1,3,112.5,0,0
17,18,3,1,4,157.5,0,0
17,18,3,1,5,202.5,0,0
17,18,3,1,6,247.5,0,0
17,18,3,1,7,292.5,0,0
17,18,3,1,8,337.5,0,0
17,18,3,2,1,22.5,0,0
17,18,3,2,2,67.5,0,0
17,18,3,2,3,112.5,0,0
17,18,3,2,4,157.5,0,0
17,18,3,2,5,202.5,0,0
17,18,3,2,6,247.5,0,0
17,18,3,2,7,292.5,0,0
17,18,3,2,8,337.5,0,0
17,18,3,3,1,22.5,0,0
17,18,3,3,2,67.5,0,0
17,18,3,3,3,112.5,0,0
17,18,3,3,4,157.5,0,0
17,18,3,3,5,202.5,0,0
17,18,3,3,6,247.5,0,0
17,18,3,3,7,292.5,0,0
17,18,3,3,8,337.5,0,0
17,18,3,4,1,22.5,0,0
17,18,3,4,2,67.5,0,0
17,18,3,4,3,112.5,0,0
17,18,3,4,4,157.5,0,0
17,18,3,4,5,202.5,0,0
17,18,3,4,6,247.5,0,0
17,18,3,4,7,292.5,0,0
17,18,3,4,8,337.5,0,0
17,18,3,5,1,22.5,0,0
17,18,3,5,2,67.5,0,0
17,18,3,5,3,112.5,0,0
17,18,3,5,4,157.5,0,0
17,18,3,5,5,202.5,0,0
17,18,3,5,6,247.5,0,0
17,18,3,5,7,292.5,0,0
17,18,3,5,8,337.5,0,0
17,18,3,6,1,22.5,0,0
17,18,3,6,2,67.5,0,0
17,18,3,6,3,112.5,0,0
17,18,3,6,4,157.5,0,0
17,18,3,6,5,202.5,0,0
17,18,3,6,6,247.5,0,0
17,18,3,6,7,292.5,0,0
17,18,3,6,8,337.5,0,0
17,18,3,7,1,22.5,0,0
17,18,3,7,2,67.5,0,0
17,18,3,7,3,112.5,0,0
17,18,3,7,4,157.5,0,0
17,18,3,7,5,202.5,0,0
17,18,3,7,6,247.5,0,0
17,18,3,7,7,292.5,0,0
17,18,3,7,8,337.5,0,0
17,18,3,8,1,22.5,0,0
17,18,3,8,2,67.5,0,0
17,18,3,8,3,112.5,0,0
17,18,3,8,4,157.5,0,0
17,18,3,8,5,202.5,0,0
17,18,3,8,6,247.5,0,0
17,18,3,8,7,292.5,0,0
17,18,3,8,8,337.5,0,0
17,18,3,9,1,22.5,0,0
17,18,3,9,2,67.5,0,0
17,18,3,9,3,112.5,0,0
17,18,3,9,4,157.5,0,0
17,18,3,9,5,202.5,0,0
17,18,3,9,6,247.5,0,0
17,18,3,9,7,292.5,0,0
17,18,3,9,8,337.5,0,0
17,18,3,10,1,22.5,0,0
17,18,3,10,2,67.5,0,0
17,18,3,10,3,112.5,0,0
17,18,3,10,4,157.5,0,0
17,18,3,10,5,202.5,0,0
17,18,3,10,6,247.5,0,0
17,18,3,10,7,292.5,0,0
17,18,3,10,8,337.5,0,0
17,18,3,11,1,22.5,0,0
17,18,3,11,2,67.5,0,0
17,18,3,11,3,112.5,0,0
17,18,3,11,4,157.5,0,0
17,18,3,11,5,202.5,0,0
17,18,3,11,6,247.5,0,0
17,18,3,11,7,292.5,0,0
17,18,3,11,8,337.5,0,0
17,18,4,1,1,22.5,0,0
17,18,4,1,2,67.5,0,0
17,18,4,1,3,112.5,0,0
17,18,4,1,4,157.5,0,0
17,18,4,1,5,202.5,0,0
17,18,4,1,6,247.5,0,0
17,18,4,1,7,292.5,0,0
17,18,4,1,8,337.5,0,0
17,18,4,2,1,22.5,0,0
17,18,4,2,2,67.5,0,0
17,18,4,2,3,112.5,0,0
17,18,4,2,4,157.5,0,0
17,18,4,2,5,202.5,0,0
17,18,4,2,6,247.5,0,0
17,18,4,2,7,292.5,0,0
17,18,4,2,8,337.5,0,0
17,18,4,3,1,22.5,0,0
17,18,4,3,2,67.5,0,0
17,18,4,3,3,112.5,0,0
17,18,4,3,4,157.5,0,0
17,18,4,3,5,202.5,0,0
17,18,4,3,6,247.5,0,0
17,18,4,3,7,292.5,0,0
17,18,4,3,8,337.5,0,0
17,18,4,4,1,22.5,0,0
17,18,4,4,2,67.5,0,0
17,18,4,4,3,112.5,0,0
17,18,4,4,4,157.5,0,0
17,18,4,4,5,202.5,0,0
17,18,4,4,6,247.5,0,0
17,18,4,4,7,292.5,0,0
17,18,4,4,8,337.5,0,0
17,18,4,5,1,22.5,0,0
17,18,4,5,2,67.5,0,0
17,18,4,5,3,112.5,0,0
17,18,4,5,4,157.5,0,0
17,18,4,5,5,202.5,0,0
17,18,4,5,6,247.5,0,0
17,18,4,5,7,292.5,0,0
17,18,4,5,8,337.5,0,0
17,18,4,6,1,22.5,0,0
17,18,4,6,2,67.5,0,0
17,18,4,6,3,112.5,0,0
17,18,4,6,4,157.5,0,0
17,18,4,6,5,202.5,0,0
17,18,4,6,6,247.5,0,0
17,18,4,6,7,292.5,0,0
17,18,4,6,8,337.5,0,0
17,18,4,7,1,22.5,0,0
17,18,4,7,2,67.5,0,0
17,18,4,7,3,112.5,0,0
17,18,4,7,4,157.5,0,0
17,18,4,7,5,202.5,0,0
17,18,4,7,6,247.5,0,0
17,18,4,7,7,292.5,0,0
17,18,4,7,8,337.5,0,0
17,18,4,8,1,22.5,0,0
17,18,4,8,2,67.5,0,0
17,18,4,8,3,112.5,0,0
17,18,4,8,4,157.5,0,0
17,18,4,8,5,202.5,0,0
17,18,4,8,6,247.5,0,0
17,18,4,8,7,292.5,0,0
17,18,4,8,8,337.5,0,0
17,18,4,9,1,22.5,0,0
17,18,4,9,2,67.5,0,0
17,18,4,9,3,112.5,0,0
17,18,4,9,4,157.5,0,0
17,18,4,9,5,202.5,0,0
17,18,4,9,6,247.5,0,0
17,18,4,9,7,292.5,0,0
17,18,4,9,8,337.5,0,0
17,18,4,10,1,22.5,0,0
17,18,4,10,2,67.5,0,0
17,18,4,10,3,112.5,0,0
17,18,4,10,4,157.5,0,0
17,18,4,10,5,202.5,0,0
17,18,4,10,6,247.5,0,0
17,18,4,10,7,292.5,0,0
17,18,4,10,8,337.5,0,0
17,18,4,11,1,22.5,0,0
17,18,4,11,2,67.5,0,0
17,18,4,11,3,112.5,0,0
17,18,4,11,4,157.5,0,0
17,18,4,11,5,202.5,0,0
17,18,4,11,6,247.5,0,0
17,18,4,11,7,292.5,0,0
17,18,4,11,8,337.5,0,0
17,18,5,1,1,22.5,0,0
17,18,5,1,2,67.5,0,0
17,18,5,1,3,112.5,0,0
17,18,5,1,4,157.5,0,0
17,18,5,1,5,202.5,0,0
17,18,5,1,6,247.5,0,0
17,18,5,1,7,292.5,0,0
17,18,5,1,8,337.5,0,0
17,18,5,2,1,22.5,0,0
17,18,5,2,2,67.5,0,0
17,18,5,2,3,112.5,0,0
17,18,5,2,4,157.5,0,0
17,18,5,2,5,202.5,0,0
17,18,5,2,6,247.5,0,0
17,18,5,2,7,292.5,0,0
17,18,5,2,8,337.5,0,0
17,18,5,3,1,22.5,0,0
17,18,5,3,2,67.5,0,0
17,18,5,3,3,112.5,0,0
17,18,5,3,4,157.5,0,0
17,18,5,3,5,202.5,0,0
17,18,5,3,6,247.5,0,0
17,18,5,3,7,292.5,0,0
17,18,5,3,8,337.5,0,0
17,18,5,4,1,22.5,0,0
17,18,5,4,2,67.5,0,0
17,18,5,4,3,112.5,0,0
17,18,5,4,4,157.5,0,0
17,18,5,4,5,202.5,0,0
17,18,5,4,6,247.5,0,0
17,18,5,4,7,292.5,0,0
17,18,5,4,8,337.5,0,0
17,18,5,5,1,22.5,0,0
17,18,5,5,2,67.5,0,0
17,18,5,5,3,112.5,0,0
17,18,5,5,4,157.5,0,0
17,18,5,5,5,202.5,0,0
17,18,5,5,6,247.5,0,0
17,18,5,5,7,292.5,0,0
17,18,5,5,8,337.5,0,0
17,18,5,6,1,22.5,0,0
17,18,5,6,2,67.5,0,0
17,18,5,6,3,112.5,0,0
17,18,5,6,4,157.5,0,0
17,18,5,6,5,202.5,0,0
17,18,5,6,6,247.5,0,0
17,18,5,6,7,292.5,0,0
17,18,5,6,8,337.5,0,0
17,18,5,7,1,22.5,0,0
17,18,5,7,2,67.5,0,0
17,18,5,7,3,112.5,0,0
17,18,5,7,4,157.5,0,0
17,18,5,7,5,202.5,0,0
17,18,5,7,6,247.5,0,0
17,18,5,7,7,292.5,0,0
17,18,5,7,8,337.5,0,0
17,18,5,8,1,22.5,0,0
17,18,5,8,2,67.5,0,0
17,18,5,8,3,112.5,0,0
17,18,5,8,4,157.5,0,0
17,18,5,8,5,202.5,0,0
17,18,5,8,6,247.5,0,0
17,18,5,8,7,292.5,0,0
17,18,5,8,8,337.5,0,0
17,18,5,9,1,22.5,0,0
17,18,5,9,2,67.5,0,0
17,18,5,9,3,112.5,0,0
17,18,5,9,4,157.5,0,0
17,18,5,9,5,202.5,0,0
17,18,5,9,6,247.5,0,0
17,18,5,9,7,292.5,0,0
17,18,5,9,8,337.5,0,0
17,18,5,10,1,22.5,0,0
17,18,5,10,2,67.5,0,0
17,18,5,10,3,112.5,0,0
17,18,5,10,4,157.5,0,0
17,18,5,10,5,202.5,0,0
17,18,5,10,6,247.5,0,0
17,18,5,10,7,292.5,0,0
17,18,5,10,8,337.5,0,0
17,18,5,11,1,22.5,0,0
17,18,5,11,2,67.5,0,0
17,18,5,11,3,112.5,0,0
17,18,5,11,4,157.5,0,0
17,18,5,11,5,202.5,0,0
17,18,5,11,6,247.5,0,0
17,18,5,11,7,292.5,0,0
17,18,5,11,8,337.5,0,0
17,18,6,1,1,22.5,0,0
17,18,6,1,2,67.5,0,0
17,18,6,1,3,112.5,0,0
17,18,6,1,4,157.5,0,0
17,18,6,1,5,202.5,0,0
17,18,6,1,6,247.5,0,0
17,18,6,1,7,292.5,0,0
17,18,6,1,8,337.5,0,0
17,18,6,2,1,22.5,0,0
17,18,6,2,2,67.5,0,0
17,18,6,2,3,112.5,0,0
17,18,6,2,4,157.5,0,0
17,18,6,2,5,202.5,0,0
17,18,6,2,6,247.5,0,0
17,18,6,2,7,292.5,0,0
17,18,6,2,8,337.5,0,0
17,18,6,3,1,22.5,0,0
17,18,6,3,2,67.5,0,0
17,18,6,3,3,112.5,0,0
17,18,6,3,4,157.5,0,0
17,18,6,3,5,202.5,0,0
17,18,6,3,6,247.5,0,0
17,18,6,3,7,292.5,0,0
17,18,6,3,8,337.5,0,0
17,18,6,4,1,22.5,0,0
17,18,6,4,2,67.5,0,0
17,18,6,4,3,112.5,0,0
17,18,6,4,4,157.5,0,0
17,18,6,4,5,202.5,0,0
17,18,6,4,6,247.5,0,0
17,18,6,4,7,292.5,0,0
17,18,6,4,8,337.5,0,0
17,18,6,5,1,22.5,0,0
17,18,6,5,2,67.5,0,0
17,18,6,5,3,112.5,0,0
17,18,6,5,4,157.5,0,0
17,18,6,5,5,202.5,0,0
17,18,6,5,6,247.5,0,0
17,18,6,5,7,292.5,0,0
17,18,6,5,8,337.5,0,0
17,18,6,6,1,22.5,0,0
17,18,6,6,2,67.5,0,0
17,18,6,6,3,112.5,0,0
17,18,6,6,4,157.5,0,0
17,18,6,6,5,202.5,0,0
17,18,6,6,6,247.5,0,0
17,18,6,6,7,292.5,0,0
17,18,6,6,8,337.5,0,0
17,18,6,7,1,22.5,0,0
17,18,6,7,2,67.5,0,0
17,18,6,7,3,112.5,0,0
17,18,6,7,4,157.5,0,0
17,18,6,7,5,202.5,0,0
17,18,6,7,6,247.5,0,0
17,18,6,7,7,292.5,0,0
17,18,6,7,8,337.5,0,0
17,18,6,8,1,22.5,0,0
17,18,6,8,2,67.5,0,0
17,18,6,8,3,112.5,0,0
17,18,6,8,4,157.5,0,0
17,18,6,8,5,202.5,0,0
17,18,6,8,6,247.5,0,0
17,18,6,8,7,292.5,0,0
17,18,6,8,8,337.5,0,0
17,18,6,9,1,22.5,0,0
17,18,6,9,2,67.5,0,0
17,18,6,9,3,112.5,0,0
17,18,6,9,4,157.5,0,0
17,18,6,9,5,202.5,0,0
17,18,6,9,6,247.5,0,0
17,18,6,9,7,292.5,0,0
17,18,6,9,8,337.5,0,0
17,18,6,10,1,22.5,0,0
17,18,6,10,2,67.5,0,0
17,18,6,10,3,112.5,0,0
17,18,6,10,4,157.5,0,0
17,18,6,10,5,202.5,0,0
17,18,6,10,6,247.5,0,0
17,18,6,10,7,292.5,0,0
17,18,6,10,8,337.5,0,0
17,18,6,11,1,22.5,0,0
17,18,6,11,2,67.5,0,0
17,18,6,11,3,112.5,0,0
17,18,6,11,4,157.5,0,0
17,18,6,11,5,202.5,0,0
17,18,6,11,6,247.5,0,0
17,18,6,11,7,292.5,0,0
17,18,6,11,8,337.5,0,0
17,18,7,1,1,22.5,0,0
17,18,7,1,2,67.5,0,0
17,18,7,1,3,112.5,0,0
17,18,7,1,4,157.5,0,0
17,18,7,1,5,202.5,0,0
17,18,7,1,6,247.5,0,0
17,18,7,1,7,292.5,0,0
17,18,7,1,8,337.5,0,0
17,18,7,2,1,22.5,0,0
17,18,7,2,2,67.5,0,0
17,18,7,2,3,112.5,0,0
17,18,7,2,4,157.5,0,0
17,18,7,2,5,202.5,0,0
17,18,7,2,6,247.5,0,0
17,18,7,2,7,292.5,0,0
17,18,7,2,8,337.5,0,0
17,18,7,3,1,22.5,0,0
17,18,7,3,2,67.5,0,0
17,18,7,3,3,112.5,0,0
17,18,7,3,4,157.5,0,0
17,18,7,3,5,202.5,0,0
17,18,7,3,6,247.5,0,0
17,18,7,3,7,292.5,0,0
17,18,7,3,8,337.5,0,0
17,18,7,4,1,22.5,0,0
17,18,7,4,2,67.5,0,0
17,18,7,4,3,112.5,0,0
17,18,7,4,4,157.5,0,0
17,18,7,4,5,202.5,0,0
17,18,7,4,6,247.5,0,0
17,18,7,4,7,292.5,0,0
17,18,7,4,8,337.5,0,0
17,18,7,5,1,22.5,0,0
17,18,7,5,2,67.5,0,0
17,18,7,5,3,112.5,0,0
17,18,7,5,4,157.5,0,0
17,18,7,5,5,202.5,0,0
17,18,7,5,6,247.5,0,0
17,18,7,5,7,292.5,0,0
17,18,7,5,8,337.5,0,0
17,18,7,6,1,22.5,0,0
17,18,7,6,2,67.5,0,0
17,18,7,6,3,112.5,0,0
17,18,7,6,4,157.5,0,0
17,18,7,6,5,202.5,0,0
17,18,7,6,6,247.5,0,0
17,18,7,6,7,292.5,0,0
17,18,7,6,8,337.5,0,0
17,18,7,7,1,22.5,0,0
17,18,7,7,2,67.5,0,0
17,18,7,7,3,112.5,0,0
17,18,7,7,4,157.5,0,0
17,18,7,7,5,202.5,0,0
17,18,7,7,6,247.5,0,0
17,18,7,7,7,292.5,0,0
17,18,7,7,8,337.5,0,0
17,18,7,8,1,22.5,0,0
17,18,7,8,2,67.5,0,0
17,18,7,8,3,112.5,0,0
17,18,7,8,4,157.5,0,0
17,18,7,8,5,202.5,0,0
17,18,7,8,6,247.5,0,0
17,18,7,8,7,292.5,0,0
17,18,7,8,8,337.5,0,0
17,18,7,9,1,22.5,0,0
17,18,7,9,2,67.5,0,0
17,18,7,9,3,112.5,0,0
17,18,7,9,4,157.5,0,0
17,18,7,9,5,202.5,0,0
17,18,7,9,6,247.5,0,0
17,18,7,9,7,292.5,0,0
17,18,7,9,8,337.5,0,0
17,18,7,10,1,22.5,0,0
17,18,7,10,2,67.5,0,0
17,18,7,10,3,112.5,0,0
17,18,7,10,4,157.5,0,0
17,18,7,10,5,202.5,0,0
17,18,7,10,6,247.5,0,0
17,18,7,10,7,292.5,0,0
17,18,7,10,8,337.5,0,0
17,18,7,11,1,22.5,0,0
17,18,7,11,2,67.5,0,0
17,18,7,11,3,112.5,0,0
17,18,7,11,4,157.5,0,0
17,18,7,11,5,202.5,0,0
17,18,7,11,6,247.5,0,0
17,18,7,11,7,292.5,0,0
17,18,7,11,8,337.5,0,0
17,18,8,1,1,22.5,0,0
17,18,8,1,2,67.5,0,0
17,18,8,1,3,112.5,0,0
17,18,8,1,4,157.5,0,0
17,18,8,1,5,202.5,0,0
17,18,8,1,6,247.5,0,0
17,18,8,1,7,292.5,0,0
17,18,8,1,8,337.5,0,0
17,18,8,2,1,22.5,0,0
17,18,8,2,2,67.5,0,0
17,18,8,2,3,112.5,0,0
17,18,8,2,4,157.5,0,0
17,18,8,2,5,202.5,0,0
17,18,8,2,6,247.5,0,0
17,18,8,2,7,292.5,0,0
17,18,8,2,8,337.5,0,0
17,18,8,3,1,22.5,0,0
17,18,8,3,2,67.5,0,0
17,18,8,3,3,112.5,0,0
17,18,8,3,4,157.5,0,0
17,18,8,3,5,202.5,0,0
17,18,8,3,6,247.5,0,0
17,18,8,3,7,292.5,0,0
17,18,8,3,8,337.5,0,0
17,18,8,4,1,22.5,0,0
17,18,8,4,2,67.5,0,0
17,18,8,4,3,112.5,0,0
17,18,8,4,4,157.5,0,0
17,18,8,4,5,202.5,0,0
17,18,8,4,6,247.5,0,0
17,18,8,4,7,292.5,0,0
17,18,8,4,8,337.5,0,0
17,18,8,5,1,22.5,0,0
17,18,8,5,2,67.5,0,0
17,18,8,5,3,112.5,0,0
17,18,8,5,4,157.5,0,0
17,18,8,5,5,202.5,0,0
17,18,8,5,6,247.5,0,0
17,18,8,5,7,292.5,0,0
17,18,8,5,8,337.5,0,0
17,18,8,6,1,22.5,0,0
17,18,8,6,2,67.5,0,0
17,18,8,6,3,112.5,0,0
17,18,8,6,4,157.5,0,0
17,18,8,6,5,202.5,0,0
17,18,8,6,6,247.5,0,0
17,18,8,6,7,292.5,0,0
17,18,8,6,8,337.5,0,0
17,18,8,7,1,22.5,0,0
17,18,8,7,2,67.5,0,0
17,18,8,7,3,112.5,0,0
17,18,8,7,4,157.5,0,0
17,18,8,7,5,202.5,0,0
17,18,8,7,6,247.5,0,0
17,18,8,7,7,292.5,0,0
17,18,8,7,8,337.5,0,0
17,18,8,8,1,22.5,0,0
17,18,8,8,2,67.5,0,0
17,18,8,8,3,112.5,0,0
17,18,8,8,4,157.5,0,0
17,18,8,8,5,202.5,0,0
17,18,8,8,6,247.5,0,0
17,18,8,8,7,292.5,0,0
17,18,8,8,8,337.5,0,0
17,18,8,9,1,22.5,0,0
17,18,8,9,2,67.5,0,0
17,18,8,9,3,112.5,0,0
17,18,8,9,4,157.5,0,0
17,18,8,9,5,202.5,0,0
17,18,8,9,6,247.5,0,0
17,18,8,9,7,292.5,0,0
17,18,8,9,8,337.5,0,0
17,18,8,10,1,22.5,0,0
17,18,8,10,2,67.5,0,0
17,18,8,10,3,112.5,0,0
17,18,8,10,4,157.5,0,0
17,18,8,10,5,202.5,0,0
17,18,8,10,6,247.5,0,0
17,18,8,10,7,292.5,0,0
17,18,8,10,8,337.5,0,0
17,18,8,11,1,22.5,0,0
17,18,8,11,2,67.5,0,0
17,18,8,11,3,112.5,0,0
17,18,8,11,4,157.5,0,0
17,18,8,11,5,202.5,0,0
17,18,8,11,6,247.5,0,0
17,18,8,11,7,292.5,0,0
17,18,8,11,8,337.5,0,0
18,19,1,1,1,22.5,8.54735e+06,98.8319
18,19,1,1,2,67.5,8.55429e+06,140.44
18,19,1,1,3,112.5,8.54961e+06,487.522
18,19,1,1,4,157.5,8.53502e+06,306.457
18,19,1,1,5,202.5,8.53718e+06,259.538
18,19,1,1,6,247.5,8.54884e+06,364.27
18,19,1,1,7,292.5,8.55423e+06,195.171
18,19,1,1,8,337.5,8.54798e+06,95.0767
18,19,1,2,1,22.5,3.67724e+06,74.84
18,19,1,2,2,67.5,3.68253e+06,206.205
18,19,1,2,3,112.5,3.67137e+06,235.47
18,19,1,2,4,157.5,3.65335e+06,278.072
18,19,1,2,5,202.5,3.65449e+06,250.992
18,19,1,2,6,247.5,3.67751e+06,193.21
18,19,1,2,7,292.5,3.68177e+06,200.629
18,19,1,2,8,337.5,3.68023e+06,52.4119
18,19,1,3,1,22.5,1.91326e+06,62.2664
18,19,1,3,2,67.5,1.91205e+06,164.434
18,19,1,3,3,112.5,1.90175e+06,154.072
18,19,1,3,4,157.5,1.88538e+06,178.183
18,19,1,3,5,202.5,1.89015e+06,153.387
18,19,1,3,6,247.5,1.907e+06,197.06
18,19,1,3,7,292.5,1.90946e+06,151.954
18,19,1,3,8,337.5,1.91401e+06,54.0388
18,19,1,4,1,22.5,1.08539e+06,62.3218
18,19,1,4,2,67.5,1.08426e+06,122.388
18,19,1,4,3,112.5,1.0746e+06,119.956
18,19,1,4,4,157.5,1.06635e+06,120.757
18,19,1,4,5,202.5,1.06802e+06,97.7393
18,19,1,4,6,247.5,1.07927e+06,132.312
18,19,1,4,7,292.5,1.08462e+06,117.419
18,19,1,4,8,337.5,1.08604e+06,54.3408
18,19,1,5,1,22.5,1.05554e+06,75.033
18,19,1,5,2,67.5,1.05179e+06,113.895
18,19,1,5,3,112.5,1.0424e+06,123.425
18,19,1,5,4,157.5,1.02893e+06,100.653
18,19,1,5,5,202.5,1.03102e+06,82.8109
18,19,1,5,6,247.5,1.04694e+06,117.18
18,19,1,5,7,292.5,1.05364e+06,120.18
18,19,1,5,8,337.5,1.0543e+06,57.5452
18,19,1,6,1,22.5,417698,39.0133
18,19,1,6,2,67.5,417932,50.5293
18,19,1,6,3,112.5,413115,53.1075
18,19,1,6,4,157.5,406478,37.159
18,19,1,6,5,202.5,407362,30.4225
18,19,1,6,6,247.5,415516,50.5595
18,19,1,6,7,292.5,418504,60.3233
18,19,1,6,8,337.5,418008,30.8337
18,19,1,7,1,22.5,174323,14.0839
18,19,1,7,2,67.5,174514,16.6581
18,19,1,7,3,112.5,171832,26.2912
18,19,1,7,4,157.5,168325,12.7433
18,19,1,7,5,202.5,168947,15.93
18,19,1,7,6,247.5,173092,24.3957
18,19,1,7,7,292.5,174592,20.4234
18,19,1,7,8,337.5,174157,7.16317
18,19,1,8,1,22.5,93429,0
18,19,1,8,2,67.5,93204,5.05885
18,19,1,8,3,112.5,91816,6.07775
18,19,1,8,4,157.5,88881,4.8579
18,19,1,8,5,202.5,89893,0
18,19,1,8,6,247.5,92352,11.2577
18,19,1,8,7,292.5,93607,6.1406
18,19,1,8,8,337.5,93355,0
18,19,1,9,1,22.5,26565,0
18,19,1,9,2,67.5,26647,0
18,19,1,9,3,112.5,25764,0
18,19,1,9,4,157.5,24871,0
18,19,1,9,5,202.5,25600,4.96879
18,19,1,9,6,247.5,26330,0
18,19,1,9,7,292.5,26517,6.1261
18,19,1,9,8,337.5,26564,0
18,19,1,10,1,22.5,8478,0
18,19,1,10,2,67.5,8389,5.50584
18,19,1,10,3,112.5,8438,0
18,19,1,10,4,157.5,7810,0
18,19,1,10,5,202.5,8050,0
18,19,1,10,6,247.5,8466,9.40135
18,19,1,10,7,292.5,8522,4.1678
18,19,1,10,8,337.5,8687,0
18,19,1,11,1,22.5,1606,0
18,19,1,11,2,67.5,1601,0
18,19,1,11,3,112.5,1474,0
18,19,1,11,4,157.5,1442,0
18,19,1,11,5,202.5,1505,0
18,19,1,11,6,247.5,1596,0
18,19,1,11,7,292.5,1607,0
18,19,1,11,8,337.5,1551,0
18,19,2,1,1,22.5,727291,0
18,19,2,1,2,67.5,725240,432.471
18,19,2,1,3,112.5,724587,171.285
18,19,2,1,4,157.5,725161,482.884
18,19,2,1,5,202.5,723758,385.92
18,19,2,1,6,247.5,725478,370.246
18,19,2,1,7,292.5,727262,266.409
18,19,2,1,8,337.5,729365,10.1345
18,19,2,2,1,22.5,561342,76.9852
18,19,2,2,2,67.5,562418,194.323
18,19,2,2,3,112.5,560189,165.033
18,19,2,2,4,157.5,558535,405.543
18,19,2,2,5,202.5,557340,302.559
18,19,2,2,6,247.5,563013,282.946
18,19,2,2,7,292.5,564296,238.413
18,19,2,2,8,337.5,561331,72.3354
18,19,2,3,1,22.5,424721,89.7648
18,19,2,3,2,67.5,428159,254.143
18,19,2,3,3,112.5,424058,229.484
18,19,2,3,4,157.5,421318,315.809
18,19,2,3,5,202.5,420547,241.888
18,19,2,3,6,247.5,426256,279.46
18,19,2,3,7,292.5,427748,216.593
18,19,2,3,8,337.5,421051,55.2521
18,19,2,4,1,22.5,318576,77.7431
18,19,2,4,2,67.5,320514,200.218
18,19,2,4,3,112.5,317117,197.222
18,19,2,4,4,157.5,312921,241.144
18,19,2,4,5,202.5,313147,213.686
18,19,2,4,6,247.5,318372,246.504
18,19,2,4,7,292.5,320268,175.3
18,19,2,4,8,337.5,315719,58.8859
18,19,2,5,1,22.5,418459,119.86
18,19,2,5,2,67.5,418551,235.024
18,19,2,5,3,112.5,413720,235.133
18,19,2,5,4,157.5,407483,272.227
18,19,2,5,5,202.5,408874,195.216
18,19,2,5,6,247.5,415572,289.993
18,19,2,5,7,292.5,420338,212.919
18,19,2,5,8,337.5,417121,94.2478
18,19,2,6,1,22.5,241284,114.171
18,19,2,6,2,67.5,240447,160.594
18,19,2,6,3,112.5,236119,169.618
18,19,2,6,4,157.5,232145,165.533
18,19,2,6,5,202.5,233574,125.556
18,19,2,6,6,247.5,237941,194.347
18,19,2,6,7,292.5,240061,165.842
18,19,2,6,8,337.5,240854,79.807
18,19,2,7,1,22.5,141452,88.5531
18,19,2,7,2,67.5,140573,107.074
18,19,2,7,3,112.5,139488,116.913
18,19,2,7,4,157.5,136619,104.279
18,19,2,7,5,202.5,136457,78.5519
18,19,2,7,6,247.5,139800,125.949
18,19,2,7,7,292.5,141331,119.563
18,19,2,7,8,337.5,141179,56.9725
18,19,2,8,1,22.5,112512,68.2819
18,19,2,8,2,67.5,112358,77.9403
18,19,2,8,3,112.5,110500,84.2249
18,19,2,8,4,157.5,107228,75.3632
18,19,2,8,5,202.5,107508,54.0987
18,19,2,8,6,247.5,110854,90.69
18,19,2,8,7,292.5,111813,92.3195
18,19,2,8,8,337.5,112519,42.9232
18,19,2,9,1,22.5,50474,33.1207
18,19,2,9,2,67.5,50663,37.6919
18,19,2,9,3,112.5,49904,41.3305
18,19,2,9,4,157.5,48242,31.7976
18,19,2,9,5,202.5,49176,23.3607
18,19,2,9,6,247.5,49854,41.8939
18,19,2,9,7,292.5,50575,44.5412
18,19,2,9,8,337.5,50855,20.1693
18,19,2,10,1,22.5,26181,14.9184
18,19,2,10,2,67.5,26414,16.8984
18,19,2,10,3,112.5,25802,17.7482
18,19,2,10,4,157.5,24926,13.668
18,19,2,10,5,202.5,24912,6.5553
18,19,2,10,6,247.5,26397,21.4532
18,19,2,10,7,292.5,26042,20.5831
18,19,2,10,8,337.5,26432,9.6314
18,19,2,11,1,22.5,11685,3.54967
18,19,2,11,2,67.5,11678,0
18,19,2,11,3,112.5,11391,3.41455
18,19,2,11,4,157.5,10707,4.73541
18,19,2,11,5,202.5,10998,0
18,19,2,11,6,247.5,11620,4.77297
18,19,2,11,7,292.5,11682,6.57126
18,19,2,11,8,337.5,11763,0
18,19,3,1,1,22.5,348124,53.4922
18,19,3,1,2,67.5,346356,175.761
18,19,3,1,3,112.5,344850,194.562
18,19,3,1,4,157.5,345434,269.895
18,19,3,1,5,202.5,347088,227.674
18,19,3,1,6,247.5,346530,125.108
18,19,3,1,7,292.5,346399,156.307
18,19,3,1,8,337.5,347948,65.9241
18,19,3,2,1,22.5,279913,15.6036
18,19,3,2,2,67.5,276715,118.672
18,19,3,2,3,112.5,276314,168.591
18,19,3,2,4,157.5,275868,325.128
18,19,3,2,5,202.5,276228,189.425
18,19,3,2,6,247.5,278065,161.687
18,19,3,2,7,292.5,277034,110.486
18,19,3,2,8,337.5,279354,14.8155
18,19,3,3,1,22.5,219821,38.3668
18,19,3,3,2,67.5,219353,118.838
18,19,3,3,3,112.5,217917,129.58
18,19,3,3,4,157.5,217029,274.771
18,19,3,3,5,202.5,217509,171.065
18,19,3,3,6,247.5,219450,176.102
18,19,3,3,7,292.5,220087,141.528
18,19,3,3,8,337.5,220196,38.0926
18,19,3,4,1,22.5,171435,49.4255
18,19,3,4,2,67.5,172464,135.082
18,19,3,4,3,112.5,170547,119.238
18,19,3,4,4,157.5,168981,248.107
18,19,3,4,5,202.5,169338,146.199
18,19,3,4,6,247.5,171767,187.185
18,19,3,4,7,292.5,172973,126.321
18,19,3,4,8,337.5,170104,40.0774
18,19,3,5,1,22.5,234956,65.7241
18,19,3,5,2,67.5,239650,193.425
18,19,3,5,3,112.5,236084,171.71
18,19,3,5,4,157.5,232349,284.252
18,19,3,5,5,202.5,232595,175.279
18,19,3,5,6,247.5,236819,261.549
18,19,3,5,7,292.5,239600,151.444
18,19,3,5,8,337.5,232393,51.975
18,19,3,6,1,22.5,143094,67.4753
18,19,3,6,2,67.5,144328,154.547
18,19,3,6,3,112.5,141016,148.943
18,19,3,6,4,157.5,138826,200.572
18,19,3,6,5,202.5,138983,130.618
18,19,3,6,6,247.5,142328,213.876
18,19,3,6,7,292.5,145365,122.291
18,19,3,6,8,337.5,139676,61.9237
18,19,3,7,1,22.5,86966,73.5231
18,19,3,7,2,67.5,87625,116.921
18,19,3,7,3,112.5,85065,125.063
18,19,3,7,4,157.5,83654,146.477
18,19,3,7,5,202.5,83276,99.1063
18,19,3,7,6,247.5,85915,161.372
18,19,3,7,7,292.5,87134,106.286
18,19,3,7,8,337.5,85888,60.9627
18,19,3,8,1,22.5,72429,83.7147
18,19,3,8,2,67.5,71843,105.231
18,19,3,8,3,112.5,70472,116.072
18,19,3,8,4,157.5,68956,121.62
18,19,3,8,5,202.5,69266,84.1004
18,19,3,8,6,247.5,70867,139.608
18,19,3,8,7,292.5,71835,108.749
18,19,3,8,8,337.5,72284,59.8591
18,19,3,9,1,22.5,36179,63.5744
18,19,3,9,2,67.5,36134,72.4521
18,19,3,9,3,112.5,35732,79.7188
18,19,3,9,4,157.5,34184,75.224
18,19,3,9,5,202.5,34439,55.3582
18,19,3,9,6,247.5,35450,89.907
18,19,3,9,7,292.5,36120,80.5459
18,19,3,9,8,337.5,36342,40.2722
18,19,3,10,1,22.5,22459,48.0379
18,19,3,10,2,67.5,22541,52.6859
18,19,3,10,3,112.5,21833,55.6672
18,19,3,10,4,157.5,20987,49.8672
18,19,3,10,5,202.5,21085,37.5089
18,19,3,10,6,247.5,22096,62.6561
18,19,3,10,7,292.5,22221,58.7335
18,19,3,10,8,337.5,22514,28.0884
18,19,3,11,1,22.5,13321,29.2091
18,19,3,11,2,67.5,13375,32.1368
18,19,3,11,3,112.5,12974,33.6027
18,19,3,11,4,157.5,12726,27.4131
18,19,3,11,5,202.5,12496,21.9974
18,19,3,11,6,247.5,13321,36.1579
18,19,3,11,7,292.5,13414,38.0188
18,19,3,11,8,337.5,13485,16.5264
18,19,4,1,1,22.5,185073,41.5568
18,19,4,1,2,67.5,184564,75.2172
18,19,4,1,3,112.5,184208,122.631
18,19,4,1,4,157.5,184105,222.15
18,19,4,1,5,202.5,184121,167.819
18,19,4,1,6,247.5,184642,76.7593
18,19,4,1,7,292.5,184917,74.2256
18,19,4,1,8,337.5,185297,48.3487
18,19,4,2,1,22.5,152682,20.3581
18,19,4,2,2,67.5,150132,63.3641
18,19,4,2,3,112.5,150876,92.4664
18,19,4,2,4,157.5,151153,235.925
18,19,4,2,5,202.5,150424,133.373
18,19,4,2,6,247.5,150736,87.9236
18,19,4,2,7,292.5,150603,70.6952
18,19,4,2,8,337.5,152526,17.4642
18,19,4,3,1,22.5,123529,10.1572
18,19,4,3,2,67.5,122472,56.6388
18,19,4,3,3,112.5,121998,73.6536
18,19,4,3,4,157.5,121430,214.916
18,19,4,3,5,202.5,120610,147.507
18,19,4,3,6,247.5,122416,91.2131
18,19,4,3,7,292.5,122676,83.5271
18,19,4,3,8,337.5,123704,9.46844
18,19,4,4,1,22.5,99799,13.0145
18,19,4,4,2,67.5,97941,77.676
18,19,4,4,3,112.5,98032,57.3269
18,19,4,4,4,157.5,97581,191.547
18,19,4,4,5,202.5,97205,112.913
18,19,4,4,6,247.5,98814,108.766
18,19,4,4,7,292.5,99609,94.1461
18,19,4,4,8,337.5,99643,17.7999
18,19,4,5,1,22.5,142128,28.3787
18,19,4,5,2,67.5,143594,134.146
18,19,4,5,3,112.5,141809,87.7261
18,19,4,5,4,157.5,140769,239.753
18,19,4,5,5,202.5,139794,149.737
18,19,4,5,6,247.5,141603,183.139
18,19,4,5,7,292.5,144553,121.58
18,19,4,5,8,337.5,142045,28.5113
18,19,4,6,1,22.5,89638,27.1586
18,19,4,6,2,67.5,91881,128.06
18,19,4,6,3,112.5,89789,92.6618
18,19,4,6,4,157.5,88096,185.99
18,19,4,6,5,202.5,88685,113.11
18,19,4,6,6,247.5,90602,166.812
18,19,4,6,7,292.5,91881,90.0876
18,19,4,6,8,337.5,88205,28.8467
18,19,4,7,1,22.5,56088,31.1621
18,19,4,7,2,67.5,57989,105.113
18,19,4,7,3,112.5,56881,89.5328
18,19,4,7,4,157.5,55097,142.677
18,19,4,7,5,202.5,55246,89.9538
18,19,4,7,6,247.5,57177,140.371
18,19,4,7,7,292.5,57902,72.0489
18,19,4,7,8,337.5,54775,36.1101
18,19,4,8,1,22.5,48773,47.4287
18,19,4,8,2,67.5,48778,95.5338
18,19,4,8,3,112.5,48122,94.1829
18,19,4,8,4,157.5,46677,126.66
18,19,4,8,5,202.5,46965,82.5281
18,19,4,8,6,247.5,48567,133.524
18,19,4,8,7,292.5,49784,74.5073
18,19,4,8,8,337.5,47111,47.8377
18,19,4,9,1,22.5,25076,46.108
18,19,4,9,2,67.5,25121,67.0359
18,19,4,9,3,112.5,24160,73.3937
18,19,4,9,4,157.5,23727,85.5328
18,19,4,9,5,202.5,23439,57.1525
18,19,4,9,6,247.5,24520,94.8063
18,19,4,9,7,292.5,24921,61.2899
18,19,4,9,8,337.5,24087,38.154
18,19,4,10,1,22.5,15636,43.604
18,19,4,10,2,67.5,15656,51.8751
18,19,4,10,3,112.5,14934,58.5851
18,19,4,10,4,157.5,14832,63.6305
18,19,4,10,5,202.5,14620,43.2325
18,19,4,10,6,247.5,15396,73.0002
18,19,4,10,7,292.5,15659,54.6838
18,19,4,10,8,337.5,15723,31.0637
18,19,4,11,1,22.5,9835,36.1566
18,19,4,11,2,67.5,9793,41.1249
18,19,4,11,3,112.5,9571,46.8687
18,19,4,11,4,157.5,9280,43.797
18,19,4,11,5,202.5,9345,32.8851
18,19,4,11,6,247.5,9599,53.2714
18,19,4,11,7,292.5,9857,45.4812
18,19,4,11,8,337.5,9840,22.742
18,19,5,1,1,22.5,100282,33.508
18,19,5,1,2,67.5,99333,52.1733
18,19,5,1,3,112.5,99920,102.381
18,19,5,1,4,157.5,99653,161.16
18,19,5,1,5,202.5,100402,118.752
18,19,5,1,6,247.5,100234,45.6256
18,19,5,1,7,292.5,100689,30.9658
18,19,5,1,8,337.5,100881,29.7992
18,19,5,2,1,22.5,84170,11.7865
18,19,5,2,2,67.5,82665,19.2697
18,19,5,2,3,112.5,82907,71.9794
18,19,5,2,4,157.5,82788,174.274
18,19,5,2,5,202.5,82757,108.683
18,19,5,2,6,247.5,82598,24.658
18,19,5,2,7,292.5,83251,25.2075
18,19,5,2,8,337.5,84031,10.623
18,19,5,3,1,22.5,70299,6.60421
18,19,5,3,2,67.5,68836,20.4804
18,19,5,3,3,112.5,68410,52.4897
18,19,5,3,4,157.5,67641,181.493
18,19,5,3,5,202.5,68595,97.5552
18,19,5,3,6,247.5,68652,37.729
18,19,5,3,7,292.5,68156,42.2655
18,19,5,3,8,337.5,69978,5.68076
18,19,5,4,1,22.5,57164,0
18,19,5,4,2,67.5,56514,28.9718
18,19,5,4,3,112.5,56570,40.2839
18,19,5,4,4,157.5,56269,151.039
18,19,5,4,5,202.5,56076,90.0213
18,19,5,4,6,247.5,56097,56.9564
18,19,5,4,7,292.5,57240,63.367
18,19,5,4,8,337.5,58149,0
18,19,5,5,1,22.5,85677,7.40095
18,19,5,5,2,67.5,84211,74.5198
18,19,5,5,3,112.5,83401,47.1109
18,19,5,5,4,157.5,82526,191.813
18,19,5,5,5,202.5,83182,117.827
18,19,5,5,6,247.5,84144,106.219
18,19,5,5,7,292.5,84859,100.698
18,19,5,5,8,337.5,85786,7.8407
18,19,5,6,1,22.5,56452,7.8994
18,19,5,6,2,67.5,56511,93.5508
18,19,5,6,3,112.5,55519,49.6847
18,19,5,6,4,157.5,54958,154.625
18,19,5,6,5,202.5,54896,92.9494
18,19,5,6,6,247.5,56104,113.129
18,19,5,6,7,292.5,56968,82.9064
18,19,5,6,8,337.5,56124,9.17592
18,19,5,7,1,22.5,36944,9.40593
18,19,5,7,2,67.5,37609,87.6727
18,19,5,7,3,112.5,36521,54.6133
18,19,5,7,4,157.5,35812,122.337
18,19,5,7,5,202.5,36172,77.1036
18,19,5,7,6,247.5,37408,106.274
18,19,5,7,7,292.5,37506,62.4393
18,19,5,7,8,337.5,36617,11.9252
18,19,5,8,1,22.5,32621,16.0664
18,19,5,8,2,67.5,33770,84.8286
18,19,5,8,3,112.5,32439,64.311
18,19,5,8,4,157.5,32317,115.076
18,19,5,8,5,202.5,31694,71.9278
18,19,5,8,6,247.5,33179,108.748
18,19,5,8,7,292.5,33724,56.0418
18,19,5,8,8,337.5,31298,23.474
18,19,5,9,1,22.5,17308,23.5877
18,19,5,9,2,67.5,17531,60.1337
18,19,5,9,3,112.5,16820,54.0041
18,19,5,9,4,157.5,16403,79.604
18,19,5,9,5,202.5,16527,51.9486
18,19,5,9,6,247.5,17505,82.3755
18,19,5,9,7,292.5,17839,41.7659
18,19,5,9,8,337.5,16031,26.6195
18,19,5,10,1,22.5,11069,27.457
18,19,5,10,2,67.5,11149,45.6134
18,19,5,10,3,112.5,10855,47.5721
18,19,5,10,4,157.5,10115,60.2359
18,19,5,10,5,202.5,10318,40.6896
18,19,5,10,6,247.5,10793,65.8782
18,19,5,10,7,292.5,11321,37.6308
18,19,5,10,8,337.5,10401,27.1544
18,19,5,11,1,22.5,6611,27.3894
18,19,5,11,2,67.5,6735,33.7907
18,19,5,11,3,112.5,6380,38.9332
18,19,5,11,4,157.5,6340,46.6006
18,19,5,11,5,202.5,6118,31.5994
18,19,5,11,6,247.5,6458,50.1847
18,19,5,11,7,292.5,6719,32.8405
18,19,5,11,8,337.5,6490,20.2714
18,19,6,1,1,22.5,51187,33.3394
18,19,6,1,2,67.5,50814,48.4421
18,19,6,1,3,112.5,51165,86.2876
18,19,6,1,4,157.5,51697,117.951
18,19,6,1,5,202.5,51655,80.422
18,19,6,1,6,247.5,51885,32.3715
18,19,6,1,7,292.5,51359,18.3
18,19,6,1,8,337.5,51401,22.5937
18,19,6,2,1,22.5,43324,0
18,19,6,2,2,67.5,43340,9.27855
18,19,6,2,3,112.5,43683,63.8005
18,19,6,2,4,157.5,43537,125.328
18,19,6,2,5,202.5,43707,80.0582
18,19,6,2,6,247.5,43277,8.57813
18,19,6,2,7,292.5,43065,0
18,19,6,2,8,337.5,43815,3.91536
18,19,6,3,1,22.5,37147,0
18,19,6,3,2,67.5,36488,0
18,19,6,3,3,112.5,36288,45.2003
18,19,6,3,4,157.5,36279,131.037
18,19,6,3,5,202.5,36604,74.1331
18,19,6,3,6,247.5,36527,10.9819
18,19,6,3,7,292.5,36267,16.0713
18,19,6,3,8,337.5,37154,4.83333
18,19,6,4,1,22.5,31218,0
18,19,6,4,2,67.5,30313,5.58831
18,19,6,4,3,112.5,30400,34.1277
18,19,6,4,4,157.5,30295,111.594
18,19,6,4,5,202.5,30096,69.2028
18,19,6,4,6,247.5,30601,21.9065
18,19,6,4,7,292.5,30363,31.1102
18,19,6,4,8,337.5,31191,0
18,19,6,5,1,22.5,47465,0
18,19,6,5,2,67.5,45830,28.6947
18,19,6,5,3,112.5,46172,37.8247
18,19,6,5,4,157.5,45700,143.431
18,19,6,5,5,202.5,45563,86.6678
18,19,6,5,6,247.5,45804,58.1274
18,19,6,5,7,292.5,46108,67.9111
18,19,6,5,8,337.5,47539,0
18,19,6,6,1,22.5,32192,0
18,19,6,6,2,67.5,31644,52.6666
18,19,6,6,3,112.5,31356,28.4589
18,19,6,6,4,157.5,30998,119.92
18,19,6,6,5,202.5,30677,72.8338
18,19,6,6,6,247.5,31536,73.6518
18,19,6,6,7,292.5,32035,69.065
18,19,6,6,8,337.5,32415,0
18,19,6,7,1,22.5,21742,0
18,19,6,7,2,67.5,21344,60.7042
18,19,6,7,3,112.5,20970,27.2484
18,19,6,7,4,157.5,20495,95.3508
18,19,6,7,5,202.5,20805,59.4318
18,19,6,7,6,247.5,21173,71.799
18,19,6,7,7,292.5,21583,54.4533
18,19,6,7,8,337.5,21421,0
18,19,6,8,1,22.5,19233,0
18,19,6,8,2,67.5,19541,64.3236
18,19,6,8,3,112.5,19136,35.9779
18,19,6,8,4,157.5,18469,90.7445
18,19,6,8,5,202.5,18684,57.879
18,19,6,8,6,247.5,19423,77.3973
18,19,6,8,7,292.5,19297,48.341
18,19,6,8,8,337.5,19164,3.85968
18,19,6,9,1,22.5,9973,5.95152
18,19,6,9,2,67.5,10344,48.4834
18,19,6,9,3,112.5,10017,33.2231
18,19,6,9,4,157.5,9847,64.2656
18,19,6,9,5,202.5,9757,41.2368
18,19,6,9,6,247.5,10169,60.3811
18,19,6,9,7,292.5,10377,30.8664
18,19,6,9,8,337.5,9671,11.4713
18,19,6,10,1,22.5,6074,10.9265
18,19,6,10,2,67.5,6423,36.7551
18,19,6,10,3,112.5,6159,31.4761
18,19,6,10,4,157.5,5946,50.0396
18,19,6,10,5,202.5,5995,31.4484
18,19,6,10,6,247.5,6329,50.0497
18,19,6,10,7,292.5,6389,23.7364
18,19,6,10,8,337.5,5683,15.7605
18,19,6,11,1,22.5,3543,14.8904
18,19,6,11,2,67.5,3604,26.8035
18,19,6,11,3,112.5,3521,26.1779
18,19,6,11,4,157.5,3331,38.0807
18,19,6,11,5,202.5,3376,24.1317
18,19,6,11,6,247.5,3405,37.7979
18,19,6,11,7,292.5,3628,21.3081
18,19,6,11,8,337.5,3137,14.1194
18,19,7,1,1,22.5,21726,27.3787
18,19,7,1,2,67.5,21551,37.0669
18,19,7,1,3,112.5,21647,63.0761
18,19,7,1,4,157.5,21719,76.2068
18,19,7,1,5,202.5,21837,57.2692
18,19,7,1,6,247.5,21961,23.0621
18,19,7,1,7,292.5,21799,14.5651
18,19,7,1,8,337.5,21909,17.0628
18,19,7,2,1,22.5,18325,5.47815
18,19,7,2,2,67.5,18274,9.20089
18,19,7,2,3,112.5,18421,46.97
18,19,7,2,4,157.5,18388,85.148
18,19,7,2,5,202.5,18524,53.2186
18,19,7,2,6,247.5,18079,7.03086
18,19,7,2,7,292.5,18296,0
18,19,7,2,8,337.5,18345,0
18,19,7,3,1,22.5,15385,0
18,19,7,3,2,67.5,15259,0
18,19,7,3,3,112.5,15372,35.6233
18,19,7,3,4,157.5,15149,84.0074
18,19,7,3,5,202.5,15182,49.3052
18,19,7,3,6,247.5,15164,0
18,19,7,3,7,292.5,14850,0
18,19,7,3,8,337.5,15783,0
18,19,7,4,1,22.5,12874,0
18,19,7,4,2,67.5,12619,0
18,19,7,4,3,112.5,12554,25.9757
18,19,7,4,4,157.5,12701,74.4823
18,19,7,4,5,202.5,12571,46.097
18,19,7,4,6,247.5,12714,0
18,19,7,4,7,292.5,12573,11.7448
18,19,7,4,8,337.5,12956,0
18,19,7,5,1,22.5,19457,0
18,19,7,5,2,67.5,18778,3.87232
18,19,7,5,3,112.5,18937,28.7883
18,19,7,5,4,157.5,18876,96.0381
18,19,7,5,5,202.5,18848,57.9632
18,19,7,5,6,247.5,18864,22.984
18,19,7,5,7,292.5,19003,33.8086
18,19,7,5,8,337.5,19512,0
18,19,7,6,1,22.5,13117,0
18,19,7,6,2,67.5,12780,18.4839
18,19,7,6,3,112.5,12669,18.9222
18,19,7,6,4,157.5,12540,79.0322
18,19,7,6,5,202.5,12611,46.1952
18,19,7,6,6,247.5,12587,35.7724
18,19,7,6,7,292.5,12790,40.7094
18,19,7,6,8,337.5,13055,0
18,19,7,7,1,22.5,8756,0
18,19,7,7,2,67.5,8403,27.3402
18,19,7,7,3,112.5,8160,15.0206
18,19,7,7,4,157.5,8089,62.3881
18,19,7,7,5,202.5,8203,37.9112
18,19,7,7,6,247.5,8305,39.3473
18,19,7,7,7,292.5,8438,34.6492
18,19,7,7,8,337.5,8652,0
18,19,7,8,1,22.5,7491,0
18,19,7,8,2,67.5,7383,35.1724
18,19,7,8,3,112.5,7301,17.0047
18,19,7,8,4,157.5,7235,57.5333
18,19,7,8,5,202.5,7051,33.494
18,19,7,8,6,247.5,7491,44.5007
18,19,7,8,7,292.5,7405,29.144
18,19,7,8,8,337.5,7500,0
18,19,7,9,1,22.5,3654,0
18,19,7,9,2,67.5,3624,27.0206
18,19,7,9,3,112.5,3594,14.7856
18,19,7,9,4,157.5,3525,39.7203
18,19,7,9,5,202.5,3419,22.7007
18,19,7,9,6,247.5,3701,34.9872
18,19,7,9,7,292.5,3684,17.7129
18,19,7,9,8,337.5,3514,0
18,19,7,10,1,22.5,1985,0
18,19,7,10,2,67.5,2117,20.8204
18,19,7,10,3,112.5,2093,12.7455
18,19,7,10,4,157.5,1956,28.8526
18,19,7,10,5,202.5,1989,16.9032
18,19,7,10,6,247.5,2054,27.2994
18,19,7,10,7,292.5,2066,10.317
18,19,7,10,8,337.5,2009,3.67708
18,19,7,11,1,22.5,795,4.52295
18,19,7,11,2,67.5,903,12.0727
18,19,7,11,3,112.5,832,10.8129
18,19,7,11,4,157.5,854,20.0416
18,19,7,11,5,202.5,803,11.5237
18,19,7,11,6,247.5,875,18.0868
18,19,7,11,7,292.5,898,6.92876
18,19,7,11,8,337.5,711,4.13154
18,19,8,1,1,22.5,4740,8.55224
18,19,8,1,2,67.5,4801,14.2351
18,19,8,1,3,112.5,5015,27.3308
18,19,8,1,4,157.5,4893,33.0994
18,19,8,1,5,202.5,4968,23.0908
18,19,8,1,6,247.5,4988,8.21928
18,19,8,1,7,292.5,4904,0
18,19,8,1,8,337.5,5048,6.17893
18,19,8,2,1,22.5,3969,0
18,19,8,2,2,67.5,3852,0
18,19,8,2,3,112.5,3788,19.196
18,19,8,2,4,157.5,3717,34.4335
18,19,8,2,5,202.5,3971,18.9419
18,19,8,2,6,247.5,3769,0
18,19,8,2,7,292.5,3912,0
18,19,8,2,8,337.5,3962,0
18,19,8,3,1,22.5,3036,0
18,19,8,3,2,67.5,2948,0
18,19,8,3,3,112.5,3051,13.5086
18,19,8,3,4,157.5,2975,33.6277
18,19,8,3,5,202.5,3014,18.5052
18,19,8,3,6,247.5,3041,0
18,19,8,3,7,292.5,3013,0
18,19,8,3,8,337.5,3120,0
18,19,8,4,1,22.5,2416,0
18,19,8,4,2,67.5,2291,0
18,19,8,4,3,112.5,2335,12.5389
18,19,8,4,4,157.5,2359,31.2481
18,19,8,4,5,202.5,2302,15.873
18,19,8,4,6,247.5,2340,0
18,19,8,4,7,292.5,2288,0
18,19,8,4,8,337.5,2362,0
18,19,8,5,1,22.5,3302,0
18,19,8,5,2,67.5,3118,0
18,19,8,5,3,112.5,3070,10.5012
18,19,8,5,4,157.5,3194,37.2591
18,19,8,5,5,202.5,3147,18.3419
18,19,8,5,6,247.5,3062,6.28771
18,19,8,5,7,292.5,3151,7.41502
18,19,8,5,8,337.5,3265,0
18,19,8,6,1,22.5,1829,0
18,19,8,6,2,67.5,1799,0
18,19,8,6,3,112.5,1801,7.57391
18,19,8,6,4,157.5,1716,27.2728
18,19,8,6,5,202.5,1762,12.1975
18,19,8,6,6,247.5,1739,10.4305
18,19,8,6,7,292.5,1728,8.98262
18,19,8,6,8,337.5,1825,0
18,19,8,7,1,22.5,975,0
18,19,8,7,2,67.5,871,0
18,19,8,7,3,112.5,970,0
18,19,8,7,4,157.5,901,19.1416
18,19,8,7,5,202.5,922,8.40172
18,19,8,7,6,247.5,962,12.1239
18,19,8,7,7,292.5,954,8.25113
18,19,8,7,8,337.5,981,0
18,19,8,8,1,22.5,604,0
18,19,8,8,2,67.5,565,5.13835
18,19,8,8,3,112.5,616,0
18,19,8,8,4,157.5,631,15.2726
18,19,8,8,5,202.5,561,6.48369
18,19,8,8,6,247.5,581,8.42644
18,19,8,8,7,292.5,601,4.72925
18,19,8,8,8,337.5,623,0
18,19,8,9,1,22.5,174,0
18,19,8,9,2,67.5,162,0
18,19,8,9,3,112.5,159,0
18,19,8,9,4,157.5,162,5.33798
18,19,8,9,5,202.5,172,0
18,19,8,9,6,247.5,165,4.39828
18,19,8,9,7,292.5,165,0
18,19,8,9,8,337.5,191,0
18,19,8,10,1,22.5,18,0
18,19,8,10,2,67.5,21,0
18,19,8,10,3,112.5,25,0
18,19,8,10,4,157.5,22,0
18,19,8,10,5,202.5,18,0
18,19,8,10,6,247.5,21,0
18,19,8,10,7,292.5,27,0
18,19,8,10,8,337.5,24,0
18,19,8,11,1,22.5,0,0
18,19,8,11,2,67.5,0,0
18,19,8,11,3,112.5,0,0
18,19,8,11,4,157.5,0,0
18,19,8,11,5,202.5,0,0
18,19,8,11,6,247.5,0,0
18,19,8,11,7,292.5,0,0
18,19,8,11,8,337.5,0,0
19,20,1,1,1,22.5,1.95707e+06,0
19,20,1,1,2,67.5,1.95631e+06,0
19,20,1,1,3,112.5,1.95682e+06,0
19,20,1,1,4,157.5,1.95809e+06,0
19,20,1,1,5,202.5,1.95535e+06,0
19,20,1,1,6,247.5,1.95748e+06,0
19,20,1,1,7,292.5,1.95865e+06,0
19,20,1,1,8,337.5,1.95517e+06,0
19,20,1,2,1,22.5,761470,0
19,20,1,2,2,67.5,760986,0
19,20,1,2,3,112.5,761179,0
19,20,1,2,4,157.5,758633,0
19,20,1,2,5,202.5,761220,0
19,20,1,2,6,247.5,764603,0
19,20,1,2,7,292.5,761291,0
19,20,1,2,8,337.5,759499,0
19,20,1,3,1,22.5,361339,0
19,20,1,3,2,67.5,363141,0
19,20,1,3,3,112.5,361362,0
19,20,1,3,4,157.5,360696,0
19,20,1,3,5,202.5,360748,0
19,20,1,3,6,247.5,363050,0
19,20,1,3,7,292.5,362397,0
19,20,1,3,8,337.5,361472,0
19,20,1,4,1,22.5,187788,0
19,20,1,4,2,67.5,187172,0
19,20,1,4,3,112.5,188363,0
19,20,1,4,4,157.5,187424,0
19,20,1,4,5,202.5,187995,0
19,20,1,4,6,247.5,187396,0
19,20,1,4,7,292.5,187727,0
19,20,1,4,8,337.5,187229,0
19,20,1,5,1,22.5,152902,0
19,20,1,5,2,67.5,153282,0
19,20,1,5,3,112.5,153031,0
19,20,1,5,4,157.5,151941,0
19,20,1,5,5,202.5,152024,0
19,20,1,5,6,247.5,153142,0
19,20,1,5,7,292.5,153224,0
19,20,1,5,8,337.5,153052,0
19,20,1,6,1,22.5,40418,0
19,20,1,6,2,67.5,40698,0
19,20,1,6,3,112.5,39989,0
19,20,1,6,4,157.5,39702,0
19,20,1,6,5,202.5,39854,0
19,20,1,6,6,247.5,40217,0
19,20,1,6,7,292.5,40270,0
19,20,1,6,8,337.5,40062,0
19,20,1,7,1,22.5,8802,0
19,20,1,7,2,67.5,8640,0
19,20,1,7,3,112.5,8415,0
19,20,1,7,4,157.5,8496,0
19,20,1,7,5,202.5,8572,0
19,20,1,7,6,247.5,8531,0
19,20,1,7,7,292.5,8671,0
19,20,1,7,8,337.5,8739,0
19,20,1,8,1,22.5,1300,0
19,20,1,8,2,67.5,1358,0
19,20,1,8,3,112.5,1302,0
19,20,1,8,4,157.5,1307,0
19,20,1,8,5,202.5,1271,0
19,20,1,8,6,247.5,1348,0
19,20,1,8,7,292.5,1345,0
19,20,1,8,8,337.5,1387,0
19,20,1,9,1,22.5,7,0
19,20,1,9,2,67.5,11,0
19,20,1,9,3,112.5,16,0
19,20,1,9,4,157.5,13,0
19,20,1,9,5,202.5,16,0
19,20,1,9,6,247.5,14,0
19,20,1,9,7,292.5,9,0
19,20,1,9,8,337.5,10,0
19,20,1,10,1,22.5,0,0
19,20,1,10,2,67.5,0,0
19,20,1,10,3,112.5,0,0
19,20,1,10,4,157.5,0,0
19,20,1,10,5,202.5,0,0
19,20,1,10,6,247.5,0,0
19,20,1,10,7,292.5,0,0
19,20,1,10,8,337.5,0,0
19,20,1,11,1,22.5,0,0
19,20,1,11,2,67.5,0,0
19,20,1,11,3,112.5,0,0
19,20,1,11,4,157.5,0,0
19,20,1,11,5,202.5,0,0
19,20,1,11,6,247.5,0,0
19,20,1,11,7,292.5,0,0
19,20,1,11,8,337.5,0,0
19,20,2,1,1,22.5,248165,49.1098
19,20,2,1,2,67.5,248760,109.788
19,20,2,1,3,112.5,247339,140.498
19,20,2,1,4,157.5,247868,134.064
19,20,2,1,5,202.5,246790,134.787
19,20,2,1,6,247.5,248441,140.529
19,20,2,1,7,292.5,249078,129.497
19,20,2,1,8,337.5,248454,58.3283
19,20,2,2,1,22.5,183916,22.1432
19,20,2,2,2,67.5,185013,53.2749
19,20,2,2,3,112.5,184491,77.3882
19,20,2,2,4,157.5,183880,87.0835
19,20,2,2,5,202.5,183864,67.9494
19,20,2,2,6,247.5,185176,73.8342
19,20,2,2,7,292.5,185789,63.6429
19,20,2,2,8,337.5,184186,26.6345
19,20,2,3,1,22.5,135976,30.4392
19,20,2,3,2,67.5,136395,57.4003
19,20,2,3,3,112.5,135830,46.5423
19,20,2,3,4,157.5,134361,35.143
19,20,2,3,5,202.5,134399,33.6141
19,20,2,3,6,247.5,135919,49.9636
19,20,2,3,7,292.5,135688,64.3684
19,20,2,3,8,337.5,135302,26.809
19,20,2,4,1,22.5,99298,25.3736
19,20,2,4,2,67.5,99316,52.9869
19,20,2,4,3,112.5,99135,30.5666
19,20,2,4,4,157.5,98673,15.444
19,20,2,4,5,202.5,98251,15.6486
19,20,2,4,6,247.5,98482,36.8603
19,20,2,4,7,292.5,98845,48.6749
19,20,2,4,8,337.5,99355,20.9838
19,20,2,5,1,22.5,126542,26.1058
19,20,2,5,2,67.5,126382,52.3249
19,20,2,5,3,112.5,125898,26.4521
19,20,2,5,4,157.5,124342,5.0719
19,20,2,5,5,202.5,125404,6.25263
19,20,2,5,6,247.5,125964,28.5551
19,20,2,5,7,292.5,126043,47.2117
19,20,2,5,8,337.5,126406,29.3959
19,20,2,6,1,22.5,66238,20.229
19,20,2,6,2,67.5,66244,23.9467
19,20,2,6,3,112.5,65762,8.61959
19,20,2,6,4,157.5,65581,0
19,20,2,6,5,202.5,64911,0
19,20,2,6,6,247.5,65944,9.06214
19,20,2,6,7,292.5,66634,24.6343
19,20,2,6,8,337.5,66272,19.802
19,20,2,7,1,22.5,31088,11.1206
19,20,2,7,2,67.5,31002,10.0898
19,20,2,7,3,112.5,30662,0
19,20,2,7,4,157.5,30202,0
19,20,2,7,5,202.5,30542,0
19,20,2,7,6,247.5,30767,0
19,20,2,7,7,292.5,30651,9.1693
19,20,2,7,8,337.5,30703,8.8031
19,20,2,8,1,22.5,15362,0
19,20,2,8,2,67.5,15278,0
19,20,2,8,3,112.5,15078,0
19,20,2,8,4,157.5,15007,0
19,20,2,8,5,202.5,15016,0
19,20,2,8,6,247.5,15050,0
19,20,2,8,7,292.5,15270,0
19,20,2,8,8,337.5,15345,0
19,20,2,9,1,22.5,2711,0
19,20,2,9,2,67.5,2767,0
19,20,2,9,3,112.5,2734,0
19,20,2,9,4,157.5,2592,0
19,20,2,9,5,202.5,2659,0
19,20,2,9,6,247.5,2725,0
19,20,2,9,7,292.5,2723,0
19,20,2,9,8,337.5,2723,0
19,20,2,10,1,22.5,256,0
19,20,2,10,2,67.5,285,0
19,20,2,10,3,112.5,279,0
19,20,2,10,4,157.5,261,0
19,20,2,10,5,202.5,253,0
19,20,2,10,6,247.5,256,0
19,20,2,10,7,292.5,266,0
19,20,2,10,8,337.5,238,0
19,20,2,11,1,22.5,0,0
19,20,2,11,2,67.5,0,0
19,20,2,11,3,112.5,1,0
19,20,2,11,4,157.5,0,0
19,20,2,11,5,202.5,3,0
19,20,2,11,6,247.5,0,0
19,20,2,11,7,292.5,0,0
19,20,2,11,8,337.5,0,0
19,20,3,1,1,22.5,126319,95.4137
19,20,3,1,2,67.5,125840,132.755
19,20,3,1,3,112.5,126025,157.428
19,20,3,1,4,157.5,125695,224.72
19,20,3,1,5,202.5,126377,195.958
19,20,3,1,6,247.5,125927,144.033
19,20,3,1,7,292.5,126665,139.376
19,20,3,1,8,337.5,126114,107.643
19,20,3,2,1,22.5,100167,44.294
19,20,3,2,2,67.5,100127,90.4792
19,20,3,2,3,112.5,99561,101.058
19,20,3,2,4,157.5,99607,145.31
19,20,3,2,5,202.5,99275,106.935
19,20,3,2,6,247.5,99589,97.3589
19,20,3,2,7,292.5,100564,73.2203
19,20,3,2,8,337.5,99613,37.9578
19,20,3,3,1,22.5,78226,29.505
19,20,3,3,2,67.5,78554,72.8867
19,20,3,3,3,112.5,77707,73.1588
19,20,3,3,4,157.5,77082,94.1397
19,20,3,3,5,202.5,77276,69.7324
19,20,3,3,6,247.5,78303,75.6567
19,20,3,3,7,292.5,78678,88.9442
19,20,3,3,8,337.5,77729,35.9668
19,20,3,4,1,22.5,60469,37.6018
19,20,3,4,2,67.5,60876,81.5148
19,20,3,4,3,112.5,60296,56.7949
19,20,3,4,4,157.5,59703,59.9723
19,20,3,4,5,202.5,60191,49.7874
19,20,3,4,6,247.5,59996,70.2273
19,20,3,4,7,292.5,60725,85.161
19,20,3,4,8,337.5,60336,40.2846
19,20,3,5,1,22.5,80658,45.863
19,20,3,5,2,67.5,80743,104.466
19,20,3,5,3,112.5,80212,61.5783
19,20,3,5,4,157.5,78894,45.8613
19,20,3,5,5,202.5,79447,40.2292
19,20,3,5,6,247.5,80448,77.6914
19,20,3,5,7,292.5,81307,95.8335
19,20,3,5,8,337.5,80342,41.1941
19,20,3,6,1,22.5,44986,34.5834
19,20,3,6,2,67.5,44917,67.218
19,20,3,6,3,112.5,44596,38.9449
19,20,3,6,4,157.5,44438,14.814
19,20,3,6,5,202.5,44243,15.6496
19,20,3,6,6,247.5,44634,45.8035
19,20,3,6,7,292.5,45066,58.4065
19,20,3,6,8,337.5,45298,37.5369
19,20,3,7,1,22.5,24135,29.2405
19,20,3,7,2,67.5,24227,40.2114
19,20,3,7,3,112.5,24225,20.4767
19,20,3,7,4,157.5,23760,0
19,20,3,7,5,202.5,23508,4.36854
19,20,3,7,6,247.5,24045,23.3195
19,20,3,7,7,292.5,24486,36.3513
19,20,3,7,8,337.5,24295,30.2581
19,20,3,8,1,22.5,16052,26.1367
19,20,3,8,2,67.5,15692,25.559
19,20,3,8,3,112.5,15622,9.93874
19,20,3,8,4,157.5,15130,0
19,20,3,8,5,202.5,15356,0
19,20,3,8,6,247.5,15466,11.801
19,20,3,8,7,292.5,15586,26.5893
19,20,3,8,8,337.5,15602,23.1747
19,20,3,9,1,22.5,4834,11.2909
19,20,3,9,2,67.5,4911,9.59326
19,20,3,9,3,112.5,4803,0
19,20,3,9,4,157.5,4812,0
19,20,3,9,5,202.5,4762,0
19,20,3,9,6,247.5,4854,3.49041
19,20,3,9,7,292.5,4992,11.6863
19,20,3,9,8,337.5,4996,9.89646
19,20,3,10,1,22.5,1348,0
19,20,3,10,2,67.5,1286,0
19,20,3,10,3,112.5,1371,0
19,20,3,10,4,157.5,1235,0
19,20,3,10,5,202.5,1233,0
19,20,3,10,6,247.5,1288,0
19,20,3,10,7,292.5,1262,0
19,20,3,10,8,337.5,1327,0
19,20,3,11,1,22.5,53,0
19,20,3,11,2,67.5,70,0
19,20,3,11,3,112.5,67,0
19,20,3,11,4,157.5,69,0
19,20,3,11,5,202.5,48,0
19,20,3,11,6,247.5,66,0
19,20,3,11,7,292.5,68,0
19,20,3,11,8,337.5,51,0
19,20,4,1,1,22.5,78811,78.4339
19,20,4,1,2,67.5,78867,92.9739
19,20,4,1,3,112.5,78695,150.015
19,20,4,1,4,157.5,78810,193.708
19,20,4,1,5,202.5,78838,167.161
19,20,4,1,6,247.5,78577,87.0909
19,20,4,1,7,292.5,78389,96.3233
19,20,4,1,8,337.5,78519,78.9163
19,20,4,2,1,22.5,63326,52.4067
19,20,4,2,2,67.5,63767,79.054
19,20,4,2,3,112.5,63272,81.4084
19,20,4,2,4,157.5,63535,147.779
19,20,4,2,5,202.5,63083,119.676
19,20,4,2,6,247.5,63063,71.7503
19,20,4,2,7,292.5,63621,66.676
19,20,4,2,8,337.5,63386,55.2325
19,20,4,3,1,22.5,50998,29.8721
19,20,4,3,2,67.5,51104,56.2922
19,20,4,3,3,112.5,50967,65.3795
19,20,4,3,4,157.5,50014,110.444
19,20,4,3,5,202.5,50137,85.8202
19,20,4,3,6,247.5,50536,60.1734
19,20,4,3,7,292.5,51183,72.0573
19,20,4,3,8,337.5,50146,23.8469
19,20,4,4,1,22.5,40163,19.3721
19,20,4,4,2,67.5,40491,63.4232
19,20,4,4,3,112.5,39600,50.767
19,20,4,4,4,157.5,39542,86.7414
19,20,4,4,5,202.5,39412,67.9383
19,20,4,4,6,247.5,39752,57.3787
19,20,4,4,7,292.5,40109,85.8195
19,20,4,4,8,337.5,39947,23.9649
19,20,4,5,1,22.5,54847,34.5672
19,20,4,5,2,67.5,54471,99.6849
19,20,4,5,3,112.5,54067,58.7698
19,20,4,5,4,157.5,53561,84.9305
19,20,4,5,5,202.5,52968,67.2177
19,20,4,5,6,247.5,54065,82.4844
19,20,4,5,7,292.5,54877,105.919
19,20,4,5,8,337.5,54099,40.5408
19,20,4,6,1,22.5,31231,29.6483
19,20,4,6,2,67.5,31710,81.0545
19,20,4,6,3,112.5,30981,47.461
19,20,4,6,4,157.5,30592,46.7209
19,20,4,6,5,202.5,30988,36.9033
19,20,4,6,6,247.5,31240,66.2334
19,20,4,6,7,292.5,31569,72.6044
19,20,4,6,8,337.5,31076,26.4074
19,20,4,7,1,22.5,17198,21.2518
19,20,4,7,2,67.5,17127,56.2422
19,20,4,7,3,112.5,16778,35.9614
19,20,4,7,4,157.5,16539,23.5891
19,20,4,7,5,202.5,16703,18.4656
19,20,4,7,6,247.5,16729,44.6812
19,20,4,7,7,292.5,17082,48.1781
19,20,4,7,8,337.5,16830,22.6923
19,20,4,8,1,22.5,11323,21.9076
19,20,4,8,2,67.5,11393,43.4881
19,20,4,8,3,112.5,10988,27.4884
19,20,4,8,4,157.5,10854,11.3498
19,20,4,8,5,202.5,10977,9.68893
19,20,4,8,6,247.5,11283,33.284
19,20,4,8,7,292.5,11460,35.7985
19,20,4,8,8,337.5,11460,25.8342
19,20,4,9,1,22.5,3830,16.395
19,20,4,9,2,67.5,3674,21.3342
19,20,4,9,3,112.5,3749,12.4752
19,20,4,9,4,157.5,3611,0
19,20,4,9,5,202.5,3505,0
19,20,4,9,6,247.5,3572,13.7816
19,20,4,9,7,292.5,3736,18.8578
19,20,4,9,8,337.5,3681,17.417
19,20,4,10,1,22.5,1204,10.3331
19,20,4,10,2,67.5,1189,10.5715
19,20,4,10,3,112.5,1135,4.15773
19,20,4,10,4,157.5,1090,0
19,20,4,10,5,202.5,1120,0
19,20,4,10,6,247.5,1194,4.45933
19,20,4,10,7,292.5,1123,10.7349
19,20,4,10,8,337.5,1193,9.09866
19,20,4,11,1,22.5,92,3.49883
19,20,4,11,2,67.5,97,0
19,20,4,11,3,112.5,115,0
19,20,4,11,4,157.5,100,0
19,20,4,11,5,202.5,96,0
19,20,4,11,6,247.5,107,0
19,20,4,11,7,292.5,117,0
19,20,4,11,8,337.5,115,0
19,20,5,1,1,22.5,47198,79.2362
19,20,5,1,2,67.5,47487,85.7663
19,20,5,1,3,112.5,47424,126.262
19,20,5,1,4,157.5,47586,146.753
19,20,5,1,5,202.5,46994,130.393
19,20,5,1,6,247.5,47461,81.7474
19,20,5,1,7,292.5,47606,59.0131
19,20,5,1,8,337.5,47337,63.4046
19,20,5,2,1,22.5,37947,37.4254
19,20,5,2,2,67.5,38088,44.9177
19,20,5,2,3,112.5,37871,76.2434
19,20,5,2,4,157.5,37500,125.16
19,20,5,2,5,202.5,37848,102.132
19,20,5,2,6,247.5,37571,43.1315
19,20,5,2,7,292.5,37995,47.4623
19,20,5,2,8,337.5,37884,40.5154
19,20,5,3,1,22.5,29865,30.7427
19,20,5,3,2,67.5,30345,38.3477
19,20,5,3,3,112.5,29865,52.5836
19,20,5,3,4,157.5,29846,102.277
19,20,5,3,5,202.5,29658,82.4855
19,20,5,3,6,247.5,29838,36.1541
19,20,5,3,7,292.5,30517,41.0009
19,20,5,3,8,337.5,30317,27.6699
19,20,5,4,1,22.5,23779,18.7912
19,20,5,4,2,67.5,23637,33.2687
19,20,5,4,3,112.5,23336,40.5358
19,20,5,4,4,157.5,23367,84.6606
19,20,5,4,5,202.5,23268,69.385
19,20,5,4,6,247.5,23415,34.3062
19,20,5,4,7,292.5,23980,57.6305
19,20,5,4,8,337.5,23704,16.471
19,20,5,5,1,22.5,32588,19.7307
19,20,5,5,2,67.5,32989,65.8503
19,20,5,5,3,112.5,31971,42.7862
19,20,5,5,4,157.5,31707,91.927
19,20,5,5,5,202.5,31972,72.1914
19,20,5,5,6,247.5,32761,56.1971
19,20,5,5,7,292.5,32941,89.1531
19,20,5,5,8,337.5,32900,21.4202
19,20,5,6,1,22.5,18569,18.6893
19,20,5,6,2,67.5,18769,66.8827
19,20,5,6,3,112.5,18203,32.8458
19,20,5,6,4,157.5,17978,60.4328
19,20,5,6,5,202.5,17862,48.1414
19,20,5,6,6,247.5,18345,54.178
19,20,5,6,7,292.5,18807,68.4141
19,20,5,6,8,337.5,18624,18.876
19,20,5,7,1,22.5,9876,14.3221
19,20,5,7,2,67.5,10019,51.803
19,20,5,7,3,112.5,9722,27.489
19,20,5,7,4,157.5,9382,37.0757
19,20,5,7,5,202.5,9458,29.1892
19,20,5,7,6,247.5,9847,44.119
19,20,5,7,7,292.5,9933,45.0469
19,20,5,7,8,337.5,9837,13.4028
19,20,5,8,1,22.5,6389,10.777
19,20,5,8,2,67.5,6373,39.9997
19,20,5,8,3,112.5,6190,25.2201
19,20,5,8,4,157.5,6078,25.2107
19,20,5,8,5,202.5,6233,18.6031
19,20,5,8,6,247.5,6283,37.3212
19,20,5,8,7,292.5,6305,32.2186
19,20,5,8,8,337.5,6366,11.3584
19,20,5,9,1,22.5,1803,5.96577
19,20,5,9,2,67.5,1889,19.5036
19,20,5,9,3,112.5,1872,15.6248
19,20,5,9,4,157.5,1875,9.91851
19,20,5,9,5,202.5,1851,5.73174
19,20,5,9,6,247.5,1981,19.4474
19,20,5,9,7,292.5,2019,16.4843
19,20,5,9,8,337.5,1957,9.65107
19,20,5,10,1,22.5,519,4.67331
19,20,5,10,2,67.5,534,9.43713
19,20,5,10,3,112.5,515,5.3728
19,20,5,10,4,157.5,463,0
19,20,5,10,5,202.5,429,0
19,20,5,10,6,247.5,523,10.4267
19,20,5,10,7,292.5,515,4.90448
19,20,5,10,8,337.5,491,5.928
19,20,5,11,1,22.5,18,0
19,20,5,11,2,67.5,22,0
19,20,5,11,3,112.5,14,0
19,20,5,11,4,157.5,22,0
19,20,5,11,5,202.5,19,0
19,20,5,11,6,247.5,16,0
19,20,5,11,7,292.5,12,0
19,20,5,11,8,337.5,20,0
19,20,6,1,1,22.5,22855,69.0645
19,20,6,1,2,67.5,22689,73.2736
19,20,6,1,3,112.5,22584,94.3043
19,20,6,1,4,157.5,22698,100.829
19,20,6,1,5,202.5,23036,92.2348
19,20,6,1,6,247.5,22880,59.3826
19,20,6,1,7,292.5,22991,42.9312
19,20,6,1,8,337.5,22933,57.5939
19,20,6,2,1,22.5,17953,27.9489
19,20,6,2,2,67.5,17859,27.0491
19,20,6,2,3,112.5,17800,61.6935
19,20,6,2,4,157.5,17840,89.1202
19,20,6,2,5,202.5,17536,77.0648
19,20,6,2,6,247.5,17751,27.5094
19,20,6,2,7,292.5,18002,20.4395
19,20,6,2,8,337.5,18186,22.4229
19,20,6,3,1,22.5,13856,15.0329
19,20,6,3,2,67.5,13721,15.9765
19,20,6,3,3,112.5,13798,43.2931
19,20,6,3,4,157.5,13619,77.3355
19,20,6,3,5,202.5,13608,64.0214
19,20,6,3,6,247.5,13824,16.7335
19,20,6,3,7,292.5,13758,17.9895
19,20,6,3,8,337.5,13803,16.0317
19,20,6,4,1,22.5,10203,9.41708
19,20,6,4,2,67.5,10300,14.1308
19,20,6,4,3,112.5,10342,30.6445
19,20,6,4,4,157.5,10050,65.3354
19,20,6,4,5,202.5,10234,52.6023
19,20,6,4,6,247.5,10282,13.6691
19,20,6,4,7,292.5,10494,24.4314
19,20,6,4,8,337.5,10381,12.476
19,20,6,5,1,22.5,13133,11.5298
19,20,6,5,2,67.5,13107,24.9485
19,20,6,5,3,112.5,12982,29.9048
19,20,6,5,4,157.5,12812,71.0686
19,20,6,5,5,202.5,12837,57.711
19,20,6,5,6,247.5,13077,20.6354
19,20,6,5,7,292.5,13369,49.5914
19,20,6,5,8,337.5,13210,9.98945
19,20,6,6,1,22.5,6733,7.86134
19,20,6,6,2,67.5,6644,33.7442
19,20,6,6,3,112.5,6540,16.2781
19,20,6,6,4,157.5,6511,49.0973
19,20,6,6,5,202.5,6599,38.1985
19,20,6,6,6,247.5,6547,25.5083
19,20,6,6,7,292.5,6897,44.6396
19,20,6,6,8,337.5,6856,8.13799
19,20,6,7,1,22.5,3225,4.7812
19,20,6,7,2,67.5,3342,29.1374
19,20,6,7,3,112.5,3324,11.6666
19,20,6,7,4,157.5,3085,31.1677
19,20,6,7,5,202.5,3179,24.9105
19,20,6,7,6,247.5,3136,22.125
19,20,6,7,7,292.5,3323,30.4418
19,20,6,7,8,337.5,3244,4.38931
19,20,6,8,1,22.5,1740,0
19,20,6,8,2,67.5,1812,22.1451
19,20,6,8,3,112.5,1649,10.3643
19,20,6,8,4,157.5,1705,21.7384
19,20,6,8,5,202.5,1712,15.5755
19,20,6,8,6,247.5,1732,18.9833
19,20,6,8,7,292.5,1786,19.5398
19,20,6,8,8,337.5,1729,0
19,20,6,9,1,22.5,343,0
19,20,6,9,2,67.5,372,9.2542
19,20,6,9,3,112.5,329,6.45206
19,20,6,9,4,157.5,322,9.18441
19,20,6,9,5,202.5,328,6.68563
19,20,6,9,6,247.5,341,8.70139
19,20,6,9,7,292.5,334,7.57162
19,20,6,9,8,337.5,323,0
19,20,6,10,1,22.5,33,0
19,20,6,10,2,67.5,26,0
19,20,6,10,3,112.5,19,0
19,20,6,10,4,157.5,25,0
19,20,6,10,5,202.5,35,0
19,20,6,10,6,247.5,31,0
19,20,6,10,7,292.5,23,0
19,20,6,10,8,337.5,25,0
19,20,6,11,1,22.5,0,0
19,20,6,11,2,67.5,0,0
19,20,6,11,3,112.5,0,0
19,20,6,11,4,157.5,0,0
19,20,6,11,5,202.5,0,0
19,20,6,11,6,247.5,0,0
19,20,6,11,7,292.5,0,0
19,20,6,11,8,337.5,0,0
19,20,7,1,1,22.5,5537,38.2756
19,20,7,1,2,67.5,5541,41.0744
19,20,7,1,3,112.5,5466,47.4446
19,20,7,1,4,157.5,5490,51.5742
19,20,7,1,5,202.5,5489,47.396
19,20,7,1,6,247.5,5474,31.0495
19,20,7,1,7,292.5,5545,22.0951
19,20,7,1,8,337.5,5452,28.2988
19,20,7,2,1,22.5,3895,14.4395
19,20,7,2,2,67.5,3865,13.7815
19,20,7,2,3,112.5,3821,32.7303
19,20,7,2,4,157.5,3833,42.6071
19,20,7,2,5,202.5,3699,37.8303
19,20,7,2,6,247.5,3833,12.0531
19,20,7,2,7,292.5,3860,0
19,20,7,2,8,337.5,3788,7.34093
19,20,7,3,1,22.5,2548,0
19,20,7,3,2,67.5,2520,0
19,20,7,3,3,112.5,2638,20.2681
19,20,7,3,4,157.5,2607,34.0927
19,20,7,3,5,202.5,2594,28.7796
19,20,7,3,6,247.5,2559,0
19,20,7,3,7,292.5,2565,0
19,20,7,3,8,337.5,2561,0
19,20,7,4,1,22.5,1801,0
19,20,7,4,2,67.5,1784,0
19,20,7,4,3,112.5,1680,14.2831
19,20,7,4,4,157.5,1739,27.2636
19,20,7,4,5,202.5,1677,22.0568
19,20,7,4,6,247.5,1807,0
19,20,7,4,7,292.5,1710,0
19,20,7,4,8,337.5,1656,0
19,20,7,5,1,22.5,1781,0
19,20,7,5,2,67.5,1853,0
19,20,7,5,3,112.5,1750,11.598
19,20,7,5,4,157.5,1722,24.759
19,20,7,5,5,202.5,1813,21.1251
19,20,7,5,6,247.5,1837,4.8503
19,20,7,5,7,292.5,1784,12.8898
19,20,7,5,8,337.5,1782,0
19,20,7,6,1,22.5,646,0
19,20,7,6,2,67.5,633,0
19,20,7,6,3,112.5,629,4.92527
19,20,7,6,4,157.5,614,12.6082
19,20,7,6,5,202.5,626,11.511
19,20,7,6,6,247.5,616,4.33753
19,20,7,6,7,292.5,676,11.2903
19,20,7,6,8,337.5,610,0
19,20,7,7,1,22.5,158,0
19,20,7,7,2,67.5,171,0
19,20,7,7,3,112.5,151,0
19,20,7,7,4,157.5,147,6.14433
19,20,7,7,5,202.5,167,3.61611
19,20,7,7,6,247.5,159,0
19,20,7,7,7,292.5,143,0
19,20,7,7,8,337.5,146,0
19,20,7,8,1,22.5,22,0
19,20,7,8,2,67.5,29,0
19,20,7,8,3,112.5,25,0
19,20,7,8,4,157.5,16,0
19,20,7,8,5,202.5,19,0
19,20,7,8,6,247.5,24,0
19,20,7,8,7,292.5,15,0
19,20,7,8,8,337.5,23,0
19,20,7,9,1,22.5,0,0
19,20,7,9,2,67.5,0,0
19,20,7,9,3,112.5,0,0
19,20,7,9,4,157.5,0,0
19,20,7,9,5,202.5,0,0
19,20,7,9,6,247.5,0,0
19,20,7,9,7,292.5,0,0
19,20,7,9,8,337.5,0,0
19,20,7,10,1,22.5,0,0
19,20,7,10,2,67.5,0,0
19,20,7,10,3,112.5,0,0
19,20,7,10,4,157.5,0,0
19,20,7,10,5,202.5,0,0
19,20,7,10,6,247.5,0,0
19,20,7,10,7,292.5,0,0
19,20,7,10,8,337.5,0,0
19,20,7,11,1,22.5,0,0
19,20,7,11,2,67.5,0,0
19,20,7,11,3,112.5,0,0
19,20,7,11,4,157.5,0,0
19,20,7,11,5,202.5,0,0
19,20,7,11,6,247.5,0,0
19,20,7,11,7,292.5,0,0
19,20,7,11,8,337.5,0,0
19,20,8,1,1,22.5,60,0
19,20,8,1,2,67.5,42,0
19,20,8,1,3,112.5,37,0
19,20,8,1,4,157.5,39,2.34811
19,20,8,1,5,202.5,40,0
19,20,8,1,6,247.5,48,0
19,20,8,1,7,292.5,41,0
19,20,8,1,8,337.5,32,0
19,20,8,2,1,22.5,18,0
19,20,8,2,2,67.5,7,0
19,20,8,2,3,112.5,11,0
19,20,8,2,4,157.5,6,0
19,20,8,2,5,202.5,11,0
19,20,8,2,6,247.5,16,0
19,20,8,2,7,292.5,8,0
19,20,8,2,8,337.5,11,0
19,20,8,3,1,22.5,0,0
19,20,8,3,2,67.5,0,0
19,20,8,3,3,112.5,0,0
19,20,8,3,4,157.5,0,0
19,20,8,3,5,202.5,0,0
19,20,8,3,6,247.5,1,0
19,20,8,3,7,292.5,0,0
19,20,8,3,8,337.5,2,0
19,20,8,4,1,22.5,0,0
19,20,8,4,2,67.5,0,0
19,20,8,4,3,112.5,0,0
19,20,8,4,4,157.5,0,0
19,20,8,4,5,202.5,0,0
19,20,8,4,6,247.5,0,0
19,20,8,4,7,292.5,0,0
19,20,8,4,8,337.5,0,0
19,20,8,5,1,22.5,0,0
19,20,8,5,2,67.5,0,0
19,20,8,5,3,112.5,0,0
19,20,8,5,4,157.5,0,0
19,20,8,5,5,202.5,0,0
19,20,8,5,6,247.5,0,0
19,20,8,5,7,292.5,0,0
19,20,8,5,8,337.5,0,0
19,20,8,6,1,22.5,0,0
19,20,8,6,2,67.5,0,0
19,20,8,6,3,112.5,0,0
19,20,8,6,4,157.5,0,0
19,20,8,6,5,202.5,0,0
19,20,8,6,6,247.5,0,0
19,20,8,6,7,292.5,0,0
19,20,8,6,8,337.5,0,0
19,20,8,7,1,22.5,0,0
19,20,8,7,2,67.5,0,0
19,20,8,7,3,112.5,0,0
19,20,8,7,4,157.5,0,0
19,20,8,7,5,202.5,0,0
19,20,8,7,6,247.5,0,0
19,20,8,7,7,292.5,0,0
19,20,8,7,8,337.5,0,0
19,20,8,8,1,22.5,0,0
19,20,8,8,2,67.5,0,0
19,20,8,8,3,112.5,0,0
19,20,8,8,4,157.5,0,0
19,20,8,8,5,202.5,0,0
19,20,8,8,6,247.5,0,0
19,20,8,8,7,292.5,0,0
19,20,8,8,8,337.5,0,0
19,20,8,9,1,22.5,0,0
19,20,8,9,2,67.5,0,0
19,20,8,9,3,112.5,0,0
19,20,8,9,4,157.5,0,0
19,20,8,9,5,202.5,0,0
19,20,8,9,6,247.5,0,0
19,20,8,9,7,292.5,0,0
19,20,8,9,8,337.5,0,0
19,20,8,10,1,22.5,0,0
19,20,8,10,2,67.5,0,0
19,20,8,10,3,112.5,0,0
19,20,8,10,4,157.5,0,0
19,20,8,10,5,202.5,0,0
19,20,8,10,6,247.5,0,0
19,20,8,10,7,292.5,0,0
19,20,8,10,8,337.5,0,0
19,20,8,11,1,22.5,0,0
19,20,8,11,2,67.5,0,0
19,20,8,11,3,112.5,0,0
19,20,8,11,4,157.5,0,0
19,20,8,11,5,202.5,0,0
19,20,8,11,6,247.5,0,0
19,20,8,11,7,292.5,0,0
19,20,8,11,8,337.5,0,0
20,21,1,1,1,22.5,375581,0
20,21,1,1,2,67.5,376437,0
20,21,1,1,3,112.5,377436,0
20,21,1,1,4,157.5,377633,0
20,21,1,1,5,202.5,376588,0
20,21,1,1,6,247.5,377128,0
20,21,1,1,7,292.5,376785,0
20,21,1,1,8,337.5,375033,0
20,21,1,2,1,22.5,112986,0
20,21,1,2,2,67.5,113434,0
20,21,1,2,3,112.5,112939,0
20,21,1,2,4,157.5,113291,0
20,21,1,2,5,202.5,113987,0
20,21,1,2,6,247.5,113195,0
20,21,1,2,7,292.5,113481,0
20,21,1,2,8,337.5,112806,0
20,21,1,3,1,22.5,38141,0
20,21,1,3,2,67.5,38532,0
20,21,1,3,3,112.5,38509,0
20,21,1,3,4,157.5,38545,0
20,21,1,3,5,202.5,37995,0
20,21,1,3,6,247.5,38327,0
20,21,1,3,7,292.5,38204,0
20,21,1,3,8,337.5,37605,0
20,21,1,4,1,22.5,11519,0
20,21,1,4,2,67.5,11684,0
20,21,1,4,3,112.5,11782,0
20,21,1,4,4,157.5,11860,0
20,21,1,4,5,202.5,11730,0
20,21,1,4,6,247.5,11743,0
20,21,1,4,7,292.5,11694,0
20,21,1,4,8,337.5,11744,0
20,21,1,5,1,22.5,3075,0
20,21,1,5,2,67.5,3184,0
20,21,1,5,3,112.5,3019,0
20,21,1,5,4,157.5,3153,0
20,21,1,5,5,202.5,3154,0
20,21,1,5,6,247.5,3021,0
20,21,1,5,7,292.5,3122,0
20,21,1,5,8,337.5,2988,0
20,21,1,6,1,22.5,0,0
20,21,1,6,2,67.5,2,0
20,21,1,6,3,112.5,5,0
20,21,1,6,4,157.5,3,0
20,21,1,6,5,202.5,4,0
20,21,1,6,6,247.5,3,0
20,21,1,6,7,292.5,3,0
20,21,1,6,8,337.5,5,0
20,21,1,7,1,22.5,0,0
20,21,1,7,2,67.5,0,0
20,21,1,7,3,112.5,0,0
20,21,1,7,4,157.5,0,0
20,21,1,7,5,202.5,0,0
20,21,1,7,6,247.5,0,0
20,21,1,7,7,292.5,0,0
20,21,1,7,8,337.5,0,0
20,21,1,8,1,22.5,0,0
20,21,1,8,2,67.5,0,0
20,21,1,8,3,112.5,0,0
20,21,1,8,4,157.5,0,0
20,21,1,8,5,202.5,0,0
20,21,1,8,6,247.5,0,0
20,21,1,8,7,292.5,0,0
20,21,1,8,8,337.5,0,0
20,21,1,9,1,22.5,0,0
20,21,1,9,2,67.5,0,0
20,21,1,9,3,112.5,0,0
20,21,1,9,4,157.5,0,0
20,21,1,9,5,202.5,0,0
20,21,1,9,6,247.5,0,0
20,21,1,9,7,292.5,0,0
20,21,1,9,8,337.5,0,0
20,21,1,10,1,22.5,0,0
20,21,1,10,2,67.5,0,0
20,21,1,10,3,112.5,0,0
20,21,1,10,4,157.5,0,0
20,21,1,10,5,202.5,0,0
20,21,1,10,6,247.5,0,0
20,21,1,10,7,292.5,0,0
20,21,1,10,8,337.5,0,0
20,21,1,11,1,22.5,0,0
20,21,1,11,2,67.5,0,0
20,21,1,11,3,112.5,0,0
20,21,1,11,4,157.5,0,0
20,21,1,11,5,202.5,0,0
20,21,1,11,6,247.5,0,0
20,21,1,11,7,292.5,0,0
20,21,1,11,8,337.5,0,0
20,21,2,1,1,22.5,69582,0
20,21,2,1,2,67.5,70006,0
20,21,2,1,3,112.5,69588,0
20,21,2,1,4,157.5,69666,0
20,21,2,1,5,202.5,69393,0
20,21,2,1,6,247.5,69657,0
20,21,2,1,7,292.5,70162,0
20,21,2,1,8,337.5,69900,0
20,21,2,2,1,22.5,49208,0
20,21,2,2,2,67.5,49444,0
20,21,2,2,3,112.5,49395,0
20,21,2,2,4,157.5,49279,0
20,21,2,2,5,202.5,49045,0
20,21,2,2,6,247.5,49594,0
20,21,2,2,7,292.5,49561,0
20,21,2,2,8,337.5,48979,0
20,21,2,3,1,22.5,31105,0
20,21,2,3,2,67.5,31336,0
20,21,2,3,3,112.5,31575,0
20,21,2,3,4,157.5,31031,0
20,21,2,3,5,202.5,31338,0
20,21,2,3,6,247.5,31159,0
20,21,2,3,7,292.5,31235,0
20,21,2,3,8,337.5,31048,0
20,21,2,4,1,22.5,18999,0
20,21,2,4,2,67.5,18925,0
20,21,2,4,3,112.5,19079,0
20,21,2,4,4,157.5,19000,0
20,21,2,4,5,202.5,18685,0
20,21,2,4,6,247.5,18874,0
20,21,2,4,7,292.5,18789,0
20,21,2,4,8,337.5,18735,0
20,21,2,5,1,22.5,14100,0
20,21,2,5,2,67.5,14167,0
20,21,2,5,3,112.5,13886,0
20,21,2,5,4,157.5,14138,0
20,21,2,5,5,202.5,14153,0
20,21,2,5,6,247.5,13988,0
20,21,2,5,7,292.5,14009,0
20,21,2,5,8,337.5,13983,0
20,21,2,6,1,22.5,1692,0
20,21,2,6,2,67.5,1672,0
20,21,2,6,3,112.5,1735,0
20,21,2,6,4,157.5,1643,0
20,21,2,6,5,202.5,1679,0
20,21,2,6,6,247.5,1632,0
20,21,2,6,7,292.5,1646,0
20,21,2,6,8,337.5,1641,0
20,21,2,7,1,22.5,24,0
20,21,2,7,2,67.5,11,0
20,21,2,7,3,112.5,12,0
20,21,2,7,4,157.5,13,0
20,21,2,7,5,202.5,14,0
20,21,2,7,6,247.5,17,0
20,21,2,7,7,292.5,16,0
20,21,2,7,8,337.5,13,0
20,21,2,8,1,22.5,0,0
20,21,2,8,2,67.5,0,0
20,21,2,8,3,112.5,0,0
20,21,2,8,4,157.5,0,0
20,21,2,8,5,202.5,0,0
20,21,2,8,6,247.5,0,0
20,21,2,8,7,292.5,0,0
20,21,2,8,8,337.5,0,0
20,21,2,9,1,22.5,0,0
20,21,2,9,2,67.5,0,0
20,21,2,9,3,112.5,0,0
20,21,2,9,4,157.5,0,0
20,21,2,9,5,202.5,0,0
20,21,2,9,6,247.5,0,0
20,21,2,9,7,292.5,0,0
20,21,2,9,8,337.5,0,0
20,21,2,10,1,22.5,0,0
20,21,2,10,2,67.5,0,0
20,21,2,10,3,112.5,0,0
20,21,2,10,4,157.5,0,0
20,21,2,10,5,202.5,0,0
20,21,2,10,6,247.5,0,0
20,21,2,10,7,292.5,0,0
20,21,2,10,8,337.5,0,0
20,21,2,11,1,22.5,0,0
20,21,2,11,2,67.5,0,0
20,21,2,11,3,112.5,0,0
20,21,2,11,4,157.5,0,0
20,21,2,11,5,202.5,0,0
20,21,2,11,6,247.5,0,0
20,21,2,11,7,292.5,0,0
20,21,2,11,8,337.5,0,0
20,21,3,1,1,22.5,36266,22.0239
20,21,3,1,2,67.5,36293,33.3862
20,21,3,1,3,112.5,36100,40.1232
20,21,3,1,4,157.5,36125,28.6815
20,21,3,1,5,202.5,36461,28.6824
20,21,3,1,6,247.5,36312,27.4845
20,21,3,1,7,292.5,36541,39.4644
20,21,3,1,8,337.5,36270,25.1083
20,21,3,2,1,22.5,26436,14.9667
20,21,3,2,2,67.5,26460,26.7727
20,21,3,2,3,112.5,25851,14.9353
20,21,3,2,4,157.5,26096,0
20,21,3,2,5,202.5,26373,0
20,21,3,2,6,247.5,26163,17.4492
20,21,3,2,7,292.5,26475,19.804
20,21,3,2,8,337.5,26415,13.078
20,21,3,3,1,22.5,18367,7.88377
20,21,3,3,2,67.5,18170,15.9318
20,21,3,3,3,112.5,18283,7.99399
20,21,3,3,4,157.5,18150,0
20,21,3,3,5,202.5,18131,0
20,21,3,3,6,247.5,18488,0
20,21,3,3,7,292.5,18479,19.9932
20,21,3,3,8,337.5,18372,6.46103
20,21,3,4,1,22.5,12202,9.22325
20,21,3,4,2,67.5,12267,14.0986
20,21,3,4,3,112.5,12420,0
20,21,3,4,4,157.5,12018,0
20,21,3,4,5,202.5,12075,0
20,21,3,4,6,247.5,12288,0
20,21,3,4,7,292.5,12279,15.3782
20,21,3,4,8,337.5,12101,8.749
20,21,3,5,1,22.5,10977,9.61306
20,21,3,5,2,67.5,11094,13.1693
20,21,3,5,3,112.5,10995,0
20,21,3,5,4,157.5,10841,0
20,21,3,5,5,202.5,10874,0
20,21,3,5,6,247.5,10991,0
20,21,3,5,7,292.5,11139,10.1756
20,21,3,5,8,337.5,11012,8.38924
20,21,3,6,1,22.5,2662,0
20,21,3,6,2,67.5,2732,4.0849
20,21,3,6,3,112.5,2714,0
20,21,3,6,4,157.5,2613,0
20,21,3,6,5,202.5,2678,0
20,21,3,6,6,247.5,2709,0
20,21,3,6,7,292.5,2671,0
20,21,3,6,8,337.5,2660,3.77715
20,21,3,7,1,22.5,154,0
20,21,3,7,2,67.5,174,0
20,21,3,7,3,112.5,168,0
20,21,3,7,4,157.5,155,0
20,21,3,7,5,202.5,159,0
20,21,3,7,6,247.5,169,0
20,21,3,7,7,292.5,173,0
20,21,3,7,8,337.5,180,0
20,21,3,8,1,22.5,0,0
20,21,3,8,2,67.5,0,0
20,21,3,8,3,112.5,0,0
20,21,3,8,4,157.5,0,0
20,21,3,8,5,202.5,0,0
20,21,3,8,6,247.5,0,0
20,21,3,8,7,292.5,0,0
20,21,3,8,8,337.5,0,0
20,21,3,9,1,22.5,0,0
20,21,3,9,2,67.5,0,0
20,21,3,9,3,112.5,0,0
20,21,3,9,4,157.5,0,0
20,21,3,9,5,202.5,0,0
20,21,3,9,6,247.5,0,0
20,21,3,9,7,292.5,0,0
20,21,3,9,8,337.5,0,0
20,21,3,10,1,22.5,0,0
20,21,3,10,2,67.5,0,0
20,21,3,10,3,112.5,0,0
20,21,3,10,4,157.5,0,0
20,21,3,10,5,202.5,0,0
20,21,3,10,6,247.5,0,0
20,21,3,10,7,292.5,0,0
20,21,3,10,8,337.5,0,0
20,21,3,11,1,22.5,0,0
20,21,3,11,2,67.5,0,0
20,21,3,11,3,112.5,0,0
20,21,3,11,4,157.5,0,0
20,21,3,11,5,202.5,0,0
20,21,3,11,6,247.5,0,0
20,21,3,11,7,292.5,0,0
20,21,3,11,8,337.5,0,0
20,21,4,1,1,22.5,19903,42.1222
20,21,4,1,2,67.5,19853,48.0573
20,21,4,1,3,112.5,19980,51.1617
20,21,4,1,4,157.5,19495,54.6186
20,21,4,1,5,202.5,19735,45.3465
20,21,4,1,6,247.5,19862,40.7636
20,21,4,1,7,292.5,19771,44.8075
20,21,4,1,8,337.5,19900,46.9844
20,21,4,2,1,22.5,14707,25.5927
20,21,4,2,2,67.5,14731,37.0559
20,21,4,2,3,112.5,14535,22.9127
20,21,4,2,4,157.5,14421,14.7689
20,21,4,2,5,202.5,14532,13.1273
20,21,4,2,6,247.5,14779,27.6604
20,21,4,2,7,292.5,14869,28.9786
20,21,4,2,8,337.5,14869,27.8227
20,21,4,3,1,22.5,10131,15.932
20,21,4,3,2,67.5,10200,21.148
20,21,4,3,3,112.5,10338,16.3108
20,21,4,3,4,157.5,10083,0
20,21,4,3,5,202.5,10239,0
20,21,4,3,6,247.5,10197,13.939
20,21,4,3,7,292.5,10355,24.5546
20,21,4,3,8,337.5,10332,14.6252
20,21,4,4,1,22.5,6705,7.00144
20,21,4,4,2,67.5,6498,19.4356
20,21,4,4,3,112.5,6417,9.27341
20,21,4,4,4,157.5,6462,0
20,21,4,4,5,202.5,6323,0
20,21,4,4,6,247.5,6409,7.45537
20,21,4,4,7,292.5,6456,24.8188
20,21,4,4,8,337.5,6370,8.59198
20,21,4,5,1,22.5,5971,9.60676
20,21,4,5,2,67.5,5905,24.1679
20,21,4,5,3,112.5,5831,4.29293
20,21,4,5,4,157.5,5761,0
20,21,4,5,5,202.5,5758,0
20,21,4,5,6,247.5,5903,4.66824
20,21,4,5,7,292.5,5938,25.3529
20,21,4,5,8,337.5,5809,10.5929
20,21,4,6,1,22.5,1288,0
20,21,4,6,2,67.5,1298,11.4274
20,21,4,6,3,112.5,1252,0
20,21,4,6,4,157.5,1297,0
20,21,4,6,5,202.5,1288,0
20,21,4,6,6,247.5,1263,0
20,21,4,6,7,292.5,1354,10.6507
20,21,4,6,8,337.5,1285,4.36742
20,21,4,7,1,22.5,72,0
20,21,4,7,2,67.5,62,0
20,21,4,7,3,112.5,50,0
20,21,4,7,4,157.5,58,0
20,21,4,7,5,202.5,50,0
20,21,4,7,6,247.5,56,0
20,21,4,7,7,292.5,45,0
20,21,4,7,8,337.5,60,0
20,21,4,8,1,22.5,0,0
20,21,4,8,2,67.5,0,0
20,21,4,8,3,112.5,0,0
20,21,4,8,4,157.5,0,0
20,21,4,8,5,202.5,0,0
20,21,4,8,6,247.5,0,0
20,21,4,8,7,292.5,0,0
20,21,4,8,8,337.5,0,0
20,21,4,9,1,22.5,0,0
20,21,4,9,2,67.5,0,0
20,21,4,9,3,112.5,0,0
20,21,4,9,4,157.5,0,0
20,21,4,9,5,202.5,0,0
20,21,4,9,6,247.5,0,0
20,21,4,9,7,292.5,0,0
20,21,4,9,8,337.5,0,0
20,21,4,10,1,22.5,0,0
20,21,4,10,2,67.5,0,0
20,21,4,10,3,112.5,0,0
20,21,4,10,4,157.5,0,0
20,21,4,10,5,202.5,0,0
20,21,4,10,6,247.5,0,0
20,21,4,10,7,292.5,0,0
20,21,4,10,8,337.5,0,0
20,21,4,11,1,22.5,0,0
20,21,4,11,2,67.5,0,0
20,21,4,11,3,112.5,0,0
20,21,4,11,4,157.5,0,0
20,21,4,11,5,202.5,0,0
20,21,4,11,6,247.5,0,0
20,21,4,11,7,292.5,0,0
20,21,4,11,8,337.5,0,0
20,21,5,1,1,22.5,9232,41.6333
20,21,5,1,2,67.5,9364,42.2676
20,21,5,1,3,112.5,9131,49.7028
20,21,5,1,4,157.5,9103,46.9468
20,21,5,1,5,202.5,9194,50.1421
20,21,5,1,6,247.5,9194,38.2064
20,21,5,1,7,292.5,9023,28.7798
20,21,5,1,8,337.5,9403,36.4289
20,21,5,2,1,22.5,5998,18.0737
20,21,5,2,2,67.5,5926,19.4179
20,21,5,2,3,112.5,6009,26.7521
20,21,5,2,4,157.5,5977,23.6692
20,21,5,2,5,202.5,5955,20.7391
20,21,5,2,6,247.5,6088,18.6614
20,21,5,2,7,292.5,5995,22.831
20,21,5,2,8,337.5,6030,19.6442
20,21,5,3,1,22.5,3715,16.1382
20,21,5,3,2,67.5,3670,14.9964
20,21,5,3,3,112.5,3668,13.8428
20,21,5,3,4,157.5,3625,7.14578
20,21,5,3,5,202.5,3735,6.47532
20,21,5,3,6,247.5,3720,14.4912
20,21,5,3,7,292.5,3759,13.5382
20,21,5,3,8,337.5,3779,14.0604
20,21,5,4,1,22.5,2163,8.27999
20,21,5,4,2,67.5,2119,8.63072
20,21,5,4,3,112.5,2089,8.08834
20,21,5,4,4,157.5,2033,0
20,21,5,4,5,202.5,2063,0
20,21,5,4,6,247.5,2082,8.11835
20,21,5,4,7,292.5,2067,15.3141
20,21,5,4,8,337.5,2068,8.19081
20,21,5,5,1,22.5,1327,4.2503
20,21,5,5,2,67.5,1346,10.4321
20,21,5,5,3,112.5,1316,4.83822
20,21,5,5,4,157.5,1354,0
20,21,5,5,5,202.5,1255,0
20,21,5,5,6,247.5,1350,7.78392
20,21,5,5,7,292.5,1395,15.3303
20,21,5,5,8,337.5,1346,4.82548
20,21,5,6,1,22.5,88,0
20,21,5,6,2,67.5,82,0
20,21,5,6,3,112.5,61,0
20,21,5,6,4,157.5,80,0
20,21,5,6,5,202.5,83,0
20,21,5,6,6,247.5,77,0
20,21,5,6,7,292.5,84,4.9861
20,21,5,6,8,337.5,88,0
20,21,5,7,1,22.5,0,0
20,21,5,7,2,67.5,0,0
20,21,5,7,3,112.5,0,0
20,21,5,7,4,157.5,0,0
20,21,5,7,5,202.5,0,0
20,21,5,7,6,247.5,0,0
20,21,5,7,7,292.5,0,0
20,21,5,7,8,337.5,0,0
20,21,5,8,1,22.5,0,0
20,21,5,8,2,67.5,0,0
20,21,5,8,3,112.5,0,0
20,21,5,8,4,157.5,0,0
20,21,5,8,5,202.5,0,0
20,21,5,8,6,247.5,0,0
20,21,5,8,7,292.5,0,0
20,21,5,8,8,337.5,0,0
20,21,5,9,1,22.5,0,0
20,21,5,9,2,67.5,0,0
20,21,5,9,3,112.5,0,0
20,21,5,9,4,157.5,0,0
20,21,5,9,5,202.5,0,0
20,21,5,9,6,247.5,0,0
20,21,5,9,7,292.5,0,0
20,21,5,9,8,337.5,0,0
20,21,5,10,1,22.5,0,0
20,21,5,10,2,67.5,0,0
20,21,5,10,3,112.5,0,0
20,21,5,10,4,157.5,0,0
20,21,5,10,5,202.5,0,0
20,21,5,10,6,247.5,0,0
20,21,5,10,7,292.5,0,0
20,21,5,10,8,337.5,0,0
20,21,5,11,1,22.5,0,0
20,21,5,11,2,67.5,0,0
20,21,5,11,3,112.5,0,0
20,21,5,11,4,157.5,0,0
20,21,5,11,5,202.5,0,0
20,21,5,11,6,247.5,0,0
20,21,5,11,7,292.5,0,0
20,21,5,11,8,337.5,0,0
20,21,6,1,1,22.5,1649,21.9243
20,21,6,1,2,67.5,1648,20.2023
20,21,6,1,3,112.5,1572,21.6467
20,21,6,1,4,157.5,1667,24.4934
20,21,6,1,5,202.5,1576,21.8316
20,21,6,1,6,247.5,1525,16.2587
20,21,6,1,7,292.5,1654,11.3254
20,21,6,1,8,337.5,1659,15.4572
20,21,6,2,1,22.5,719,6.65703
20,21,6,2,2,67.5,709,5.5211
20,21,6,2,3,112.5,675,10.872
20,21,6,2,4,157.5,703,13.4116
20,21,6,2,5,202.5,668,10.5817
20,21,6,2,6,247.5,706,7.39319
20,21,6,2,7,292.5,767,0
20,21,6,2,8,337.5,771,0
20,21,6,3,1,22.5,240,0
20,21,6,3,2,67.5,241,0
20,21,6,3,3,112.5,253,0
20,21,6,3,4,157.5,233,3.92503
20,21,6,3,5,202.5,205,0
20,21,6,3,6,247.5,238,0
20,21,6,3,7,292.5,246,0
20,21,6,3,8,337.5,259,0
20,21,6,4,1,22.5,37,0
20,21,6,4,2,67.5,36,0
20,21,6,4,3,112.5,39,0
20,21,6,4,4,157.5,46,0
20,21,6,4,5,202.5,50,0
20,21,6,4,6,247.5,37,0
20,21,6,4,7,292.5,48,0
20,21,6,4,8,337.5,46,0
20,21,6,5,1,22.5,0,0
20,21,6,5,2,67.5,1,0
20,21,6,5,3,112.5,1,0
20,21,6,5,4,157.5,3,0
20,21,6,5,5,202.5,1,0
20,21,6,5,6,247.5,1,0
20,21,6,5,7,292.5,0,0
20,21,6,5,8,337.5,0,0
20,21,6,6,1,22.5,0,0
20,21,6,6,2,67.5,0,0
20,21,6,6,3,112.5,0,0
20,21,6,6,4,157.5,0,0
20,21,6,6,5,202.5,0,0
20,21,6,6,6,247.5,0,0
20,21,6,6,7,292.5,0,0
20,21,6,6,8,337.5,0,0
20,21,6,7,1,22.5,0,0
20,21,6,7,2,67.5,0,0
20,21,6,7,3,112.5,0,0
20,21,6,7,4,157.5,0,0
20,21,6,7,5,202.5,0,0
20,21,6,7,6,247.5,0,0
20,21,6,7,7,292.5,0,0
20,21,6,7,8,337.5,0,0
20,21,6,8,1,22.5,0,0
20,21,6,8,2,67.5,0,0
20,21,6,8,3,112.5,0,0
20,21,6,8,4,157.5,0,0
20,21,6,8,5,202.5,0,0
20,21,6,8,6,247.5,0,0
20,21,6,8,7,292.5,0,0
20,21,6,8,8,337.5,0,0
20,21,6,9,1,22.5,0,0
20,21,6,9,2,67.5,0,0
20,21,6,9,3,112.5,0,0
20,21,6,9,4,157.5,0,0
20,21,6,9,5,202.5,0,0
20,21,6,9,6,247.5,0,0
20,21,6,9,7,292.5,0,0
20,21,6,9,8,337.5,0,0
20,21,6,10,1,22.5,0,0
20,21,6,10,2,67.5,0,0
20,21,6,10,3,112.5,0,0
20,21,6,10,4,157.5,0,0
20,21,6,10,5,202.5,0,0
20,21,6,10,6,247.5,0,0
20,21,6,10,7,292.5,0,0
20,21,6,10,8,337.5,0,0
20,21,6,11,1,22.5,0,0
20,21,6,11,2,67.5,0,0
20,21,6,11,3,112.5,0,0
20,21,6,11,4,157.5,0,0
20,21,6,11,5,202.5,0,0
20,21,6,11,6,247.5,0,0
20,21,6,11,7,292.5,0,0
20,21,6,11,8,337.5,0,0
20,21,7,1,1,22.5,11.3052,3.99029
20,21,7,1,2,67.5,0,0
20,21,7,1,3,112.5,0,0
20,21,7,1,4,157.5,0,0
20,21,7,1,5,202.5,0,0
20,21,7,1,6,247.5,0,0
20,21,7,1,7,292.5,0,0
20,21,7,1,8,337.5,0,0
20,21,7,2,1,22.5,0,0
20,21,7,2,2,67.5,0,0
20,21,7,2,3,112.5,0,0
20,21,7,2,4,157.5,0,0
20,21,7,2,5,202.5,0,0
20,21,7,2,6,247.5,0,0
20,21,7,2,7,292.5,0,0
20,21,7,2,8,337.5,0,0
20,21,7,3,1,22.5,0,0
20,21,7,3,2,67.5,0,0
20,21,7,3,3,112.5,0,0
20,21,7,3,4,157.5,0,0
20,21,7,3,5,202.5,0,0
20,21,7,3,6,247.5,0,0
20,21,7,3,7,292.5,0,0
20,21,7,3,8,337.5,0,0
20,21,7,4,1,22.5,0,0
20,21,7,4,2,67.5,0,0
20,21,7,4,3,112.5,0,0
20,21,7,4,4,157.5,0,0
20,21,7,4,5,202.5,0,0
20,21,7,4,6,247.5,0,0
20,21,7,4,7,292.5,0,0
20,21,7,4,8,337.5,0,0
20,21,7,5,1,22.5,0,0
20,21,7,5,2,67.5,0,0
20,21,7,5,3,112.5,0,0
20,21,7,5,4,157.5,0,0
20,21,7,5,5,202.5,0,0
20,21,7,5,6,247.5,0,0
20,21,7,5,7,292.5,0,0
20,21,7,5,8,337.5,0,0
20,21,7,6,1,22.5,0,0
20,21,7,6,2,67.5,0,0
20,21,7,6,3,112.5,0,0
20,21,7,6,4,157.5,0,0
20,21,7,6,5,202.5,0,0
20,21,7,6,6,247.5,0,0
20,21,7,6,7,292.5,0,0
20,21,7,6,8,337.5,0,0
20,21,7,7,1,22.5,0,0
20,21,7,7,2,67.5,0,0
20,21,7,7,3,112.5,0,0
20,21,7,7,4,157.5,0,0
20,21,7,7,5,202.5,0,0
20,21,7,7,6,247.5,0,0
20,21,7,7,7,292.5,0,0
20,21,7,7,8,337.5,0,0
20,21,7,8,1,22.5,0,0
20,21,7,8,2,67.5,0,0
20,21,7,8,3,112.5,0,0
20,21,7,8,4,157.5,0,0
20,21,7,8,5,202.5,0,0
20,21,7,8,6,247.5,0,0
20,21,7,8,7,292.5,0,0
20,21,7,8,8,337.5,0,0
20,21,7,9,1,22.5,0,0
20,21,7,9,2,67.5,0,0
20,21,7,9,3,112.5,0,0
20,21,7,9,4,157.5,0,0
20,21,7,9,5,202.5,0,0
20,21,7,9,6,247.5,0,0
20,21,7,9,7,292.5,0,0
20,21,7,9,8,337.5,0,0
20,21,7,10,1,22.5,0,0
20,21,7,10,2,67.5,0,0
20,21,7,10,3,112.5,0,0
20,21,7,10,4,157.5,0,0
20,21,7,10,5,202.5,0,0
20,21,7,10,6,247.5,0,0
20,21,7,10,7,292.5,0,0
20,21,7,10,8,337.5,0,0
20,21,7,11,1,22.5,0,0
20,21,7,11,2,67.5,0,0
20,21,7,11,3,112.5,0,0
20,21,7,11,4,157.5,0,0
20,21,7,11,5,202.5,0,0
20,21,7,11,6,247.5,0,0
20,21,7,11,7,292.5,0,0
20,21,7,11,8,337.5,0,0
20,21,8,1,1,22.5,0,0
20,21,8,1,2,67.5,0,0
20,21,8,1,3,112.5,0,0
20,21,8,1,4,157.5,0,0
20,21,8,1,5,202.5,0,0
20,21,8,1,6,247.5,0,0
20,21,8,1,7,292.5,0,0
20,21,8,1,8,337.5,0,0
20,21,8,2,1,22.5,0,0
20,21,8,2,2,67.5,0,0
20,21,8,2,3,112.5,0,0
20,21,8,2,4,157.5,0,0
20,21,8,2,5,202.5,0,0
20,21,8,2,6,247.5,0,0
20,21,8,2,7,292.5,0,0
20,21,8,2,8,337.5,0,0
20,21,8,3,1,22.5,0,0
20,21,8,3,2,67.5,0,0
20,21,8,3,3,112.5,0,0
20,21,8,3,4,157.5,0,0
20,21,8,3,5,202.5,0,0
20,21,8,3,6,247.5,0,0
20,21,8,3,7,292.5,0,0
20,21,8,3,8,337.5,0,0
20,21,8,4,1,22.5,0,0
20,21,8,4,2,67.5,0,0
20,21,8,4,3,112.5,0,0
20,21,8,4,4,157.5,0,0
20,21,8,4,5,202.5,0,0
20,21,8,4,6,247.5,0,0
20,21,8,4,7,292.5,0,0
20,21,8,4,8,337.5,0,0
20,21,8,5,1,22.5,0,0
20,21,8,5,2,67.5,0,0
20,21,8,5,3,112.5,0,0
20,21,8,5,4,157.5,0,0
20,21,8,5,5,202.5,0,0
20,21,8,5,6,247.5,0,0
20,21,8,5,7,292.5,0,0
20,21,8,5,8,337.5,0,0
20,21,8,6,1,22.5,0,0
20,21,8,6,2,67.5,0,0
20,21,8,6,3,112.5,0,0
20,21,8,6,4,157.5,0,0
20,21,8,6,5,202.5,0,0
20,21,8,6,6,247.5,0,0
20,21,8,6,7,292.5,0,0
20,21,8,6,8,337.5,0,0
20,21,8,7,1,22.5,0,0
20,21,8,7,2,67.5,0,0
20,21,8,7,3,112.5,0,0
20,21,8,7,4,157.5,0,0
20,21,8,7,5,202.5,0,0
20,21,8,7,6,247.5,0,0
20,21,8,7,7,292.5,0,0
20,21,8,7,8,337.5,0,0
20,21,8,8,1,22.5,0,0
20,21,8,8,2,67.5,0,0
20,21,8,8,3,112.5,0,0
20,21,8,8,4,157.5,0,0
20,21,8,8,5,202.5,0,0
20,21,8,8,6,247.5,0,0
20,21,8,8,7,292.5,0,0
20,21,8,8,8,337.5,0,0
20,21,8,9,1,22.5,0,0
20,21,8,9,2,67.5,0,0
20,21,8,9,3,112.5,0,0
20,21,8,9,4,157.5,0,0
20,21,8,9,5,202.5,0,0
20,21,8,9,6,247.5,0,0
20,21,8,9,7,292.5,0,0
20,21,8,9,8,337.5,0,0
20,21,8,10,1,22.5,0,0
20,21,8,10,2,67.5,0,0
20,21,8,10,3,112.5,0,0
20,21,8,10,4,157.5,0,0
20,21,8,10,5,202.5,0,0
20,21,8,10,6,247.5,0,0
20,21,8,10,7,292.5,0,0
20,21,8,10,8,337.5,0,0
20,21,8,11,1,22.5,0,0
20,21,8,11,2,67.5,0,0
20,21,8,11,3,112.5,0,0
20,21,8,11,4,157.5,0,0
20,21,8,11,5,202.5,0,0
20,21,8,11,6,247.5,0,0
20,21,8,11,7,292.5,0,0
20,21,8,11,8,337.5,0,0
