xq2_bin,ybin,z_bin,pt2_bin,phi_bin,phi_center_deg,content,error
0,1,1,1,1,22.5,0,0
0,1,1,1,2,67.5,0,0
0,1,1,1,3,112.5,0,0
0,1,1,1,4,157.5,0,0
0,1,1,1,5,202.5,0,0
0,1,1,1,6,247.5,0,0
0,1,1,1,7,292.5,0,0
0,1,1,1,8,337.5,0,0
0,1,1,2,1,22.5,0,0
0,1,1,2,2,67.5,0,0
0,1,1,2,3,112.5,0,0
0,1,1,2,4,157.5,0,0
0,1,1,2,5,202.5,0,0
0,1,1,2,6,247.5,0,0
0,1,1,2,7,292.5,0,0
0,1,1,2,8,337.5,0,0
0,1,1,3,1,22.5,0,0
0,1,1,3,2,67.5,0,0
0,1,1,3,3,112.5,0,0
0,1,1,3,4,157.5,0,0
0,1,1,3,5,202.5,0,0
0,1,1,3,6,247.5,0,0
0,1,1,3,7,292.5,0,0
0,1,1,3,8,337.5,0,0
0,1,1,4,1,22.5,0,0
0,1,1,4,2,67.5,0,0
0,1,1,4,3,112.5,0,0
0,1,1,4,4,157.5,0,0
0,1,1,4,5,202.5,0,0
0,1,1,4,6,247.5,0,0
0,1,1,4,7,292.5,0,0
0,1,1,4,8,337.5,0,0
0,1,1,5,1,22.5,0,0
0,1,1,5,2,67.5,0,0
0,1,1,5,3,112.5,0,0
0,1,1,5,4,157.5,0,0
0,1,1,5,5,202.5,0,0
0,1,1,5,6,247.5,0,0
0,1,1,5,7,292.5,0,0
0,1,1,5,8,337.5,0,0
0,1,1,6,1,22.5,0,0
0,1,1,6,2,67.5,0,0
0,1,1,6,3,112.5,0,0
0,1,1,6,4,157.5,0,0
0,1,1,6,5,202.5,0,0
0,1,1,6,6,247.5,0,0
0,1,1,6,7,292.5,0,0
0,1,1,6,8,337.5,0,0
0,1,1,7,1,22.5,0,0
0,1,1,7,2,67.5,0,0
0,1,1,7,3,112.5,0,0
0,1,1,7,4,157.5,0,0
0,1,1,7,5,202.5,0,0
0,1,1,7,6,247.5,0,0
0,1,1,7,7,292.5,0,0
0,1,1,7,8,337.5,0,0
0,1,1,8,1,22.5,0,0
0,1,1,8,2,67.5,0,0
0,1,1,8,3,112.5,0,0
0,1,1,8,4,157.5,0,0
0,1,1,8,5,202.5,0,0
0,1,1,8,6,247.5,0,0
0,1,1,8,7,292.5,0,0
0,1,1,8,8,337.5,0,0
0,1,1,9,1,22.5,0,0
0,1,1,9,2,67.5,0,0
0,1,1,9,3,112.5,0,0
0,1,1,9,4,157.5,0,0
0,1,1,9,5,202.5,0,0
0,1,1,9,6,247.5,0,0
0,1,1,9,7,292.5,0,0
0,1,1,9,8,337.5,0,0
0,1,1,10,1,22.5,0,0
0,1,1,10,2,67.5,0,0
0,1,1,10,3,112.5,0,0
0,1,1,10,4,157.5,0,0
0,1,1,10,5,202.5,0,0
0,1,1,10,6,247.5,0,0
0,1,1,10,7,292.5,0,0
0,1,1,10,8,337.5,0,0
0,1,1,11,1,22.5,0,0
0,1,1,11,2,67.5,0,0
0,1,1,11,3,112.5,0,0
0,1,1,11,4,157.5,0,0
0,1,1,11,5,202.5,0,0
0,1,1,11,6,247.5,0,0
0,1,1,11,7,292.5,0,0
0,1,1,11,8,337.5,0,0
0,1,2,1,1,22.5,0,0
0,1,2,1,2,67.5,0,0
0,1,2,1,3,112.5,0,0
0,1,2,1,4,157.5,0,0
0,1,2,1,5,202.5,0,0
0,1,2,1,6,247.5,0,0
0,1,2,1,7,292.5,0,0
0,1,2,1,8,337.5,0,0
0,1,2,2,1,22.5,0,0
0,1,2,2,2,67.5,0,0
0,1,2,2,3,112.5,0,0
0,1,2,2,4,157.5,0,0
0,1,2,2,5,202.5,0,0
0,1,2,2,6,247.5,0,0
0,1,2,2,7,292.5,0,0
0,1,2,2,8,337.5,0,0
0,1,2,3,1,22.5,0,0
0,1,2,3,2,67.5,0,0
0,1,2,3,3,112.5,0,0
0,1,2,3,4,157.5,0,0
0,1,2,3,5,202.5,0,0
0,1,2,3,6,247.5,0,0
0,1,2,3,7,292.5,0,0
0,1,2,3,8,337.5,0,0
0,1,2,4,1,22.5,0,0
0,1,2,4,2,67.5,0,0
0,1,2,4,3,112.5,0,0
0,1,2,4,4,157.5,0,0
0,1,2,4,5,202.5,0,0
0,1,2,4,6,247.5,0,0
0,1,2,4,7,292.5,0,0
0,1,2,4,8,337.5,0,0
0,1,2,5,1,22.5,0,0
0,1,2,5,2,67.5,0,0
0,1,2,5,3,112.5,0,0
0,1,2,5,4,157.5,0,0
0,1,2,5,5,202.5,0,0
0,1,2,5,6,247.5,0,0
0,1,2,5,7,292.5,0,0
0,1,2,5,8,337.5,0,0
0,1,2,6,1,22.5,0,0
0,1,2,6,2,67.5,0,0
0,1,2,6,3,112.5,0,0
0,1,2,6,4,157.5,0,0
0,1,2,6,5,202.5,0,0
0,1,2,6,6,247.5,0,0
0,1,2,6,7,292.5,0,0
0,1,2,6,8,337.5,0,0
0,1,2,7,1,22.5,0,0
0,1,2,7,2,67.5,0,0
0,1,2,7,3,112.5,0,0
0,1,2,7,4,157.5,0,0
0,1,2,7,5,202.5,0,0
0,1,2,7,6,247.5,0,0
0,1,2,7,7,292.5,0,0
0,1,2,7,8,337.5,0,0
0,1,2,8,1,22.5,0,0
0,1,2,8,2,67.5,0,0
0,1,2,8,3,112.5,0,0
0,1,2,8,4,157.5,0,0
0,1,2,8,5,202.5,0,0
0,1,2,8,6,247.5,0,0
0,1,2,8,7,292.5,0,0
0,1,2,8,8,337.5,0,0
0,1,2,9,1,22.5,0,0
0,1,2,9,2,67.5,0,0
0,1,2,9,3,112.5,0,0
0,1,2,9,4,157.5,0,0
0,1,2,9,5,202.5,0,0
0,1,2,9,6,247.5,0,0
0,1,2,9,7,292.5,0,0
0,1,2,9,8,337.5,0,0
0,1,2,10,1,22.5,0,0
0,1,2,10,2,67.5,0,0
0,1,2,10,3,112.5,0,0
0,1,2,10,4,157.5,0,0
0,1,2,10,5,202.5,0,0
0,1,2,10,6,247.5,0,0
0,1,2,10,7,292.5,0,0
0,1,2,10,8,337.5,0,0
0,1,2,11,1,22.5,0,0
0,1,2,11,2,67.5,0,0
0,1,2,11,3,112.5,0,0
0,1,2,11,4,157.5,0,0
0,1,2,11,5,202.5,0,0
0,1,2,11,6,247.5,0,0
0,1,2,11,7,292.5,0,0
0,1,2,11,8,337.5,0,0
0,1,3,1,1,22.5,0,0
0,1,3,1,2,67.5,0,0
0,1,3,1,3,112.5,0,0
0,1,3,1,4,157.5,0,0
0,1,3,1,5,202.5,0,0
0,1,3,1,6,247.5,0,0
0,1,3,1,7,292.5,0,0
0,1,3,1,8,337.5,0,0
0,1,3,2,1,22.5,0,0
0,1,3,2,2,67.5,0,0
0,1,3,2,3,112.5,0,0
0,1,3,2,4,157.5,0,0
0,1,3,2,5,202.5,0,0
0,1,3,2,6,247.5,0,0
0,1,3,2,7,292.5,0,0
0,1,3,2,8,337.5,0,0
0,1,3,3,1,22.5,0,0
0,1,3,3,2,67.5,0,0
0,1,3,3,3,112.5,0,0
0,1,3,3,4,157.5,0,0
0,1,3,3,5,202.5,0,0
0,1,3,3,6,247.5,0,0
0,1,3,3,7,292.5,0,0
0,1,3,3,8,337.5,0,0
0,1,3,4,1,22.5,0,0
0,1,3,4,2,67.5,0,0
0,1,3,4,3,112.5,0,0
0,1,3,4,4,157.5,0,0
0,1,3,4,5,202.5,0,0
0,1,3,4,6,247.5,0,0
0,1,3,4,7,292.5,0,0
0,1,3,4,8,337.5,0,0
0,1,3,5,1,22.5,0,0
0,1,3,5,2,67.5,0,0
0,1,3,5,3,112.5,0,0
0,1,3,5,4,157.5,0,0
0,1,3,5,5,202.5,0,0
0,1,3,5,6,247.5,0,0
0,1,3,5,7,292.5,0,0
0,1,3,5,8,337.5,0,0
0,1,3,6,1,22.5,0,0
0,1,3,6,2,67.5,0,0
0,1,3,6,3,112.5,0,0
0,1,3,6,4,157.5,0,0
0,1,3,6,5,202.5,0,0
0,1,3,6,6,247.5,0,0
0,1,3,6,7,292.5,0,0
0,1,3,6,8,337.5,0,0
0,1,3,7,1,22.5,0,0
0,1,3,7,2,67.5,0,0
0,1,3,7,3,112.5,0,0
0,1,3,7,4,157.5,0,0
0,1,3,7,5,202.5,0,0
0,1,3,7,6,247.5,0,0
0,1,3,7,7,292.5,0,0
0,1,3,7,8,337.5,0,0
0,1,3,8,1,22.5,0,0
0,1,3,8,2,67.5,0,0
0,1,3,8,3,112.5,0,0
0,1,3,8,4,157.5,0,0
0,1,3,8,5,202.5,0,0
0,1,3,8,6,247.5,0,0
0,1,3,8,7,292.5,0,0
0,1,3,8,8,337.5,0,0
0,1,3,9,1,22.5,0,0
0,1,3,9,2,67.5,0,0
0,1,3,9,3,112.5,0,0
0,1,3,9,4,157.5,0,0
0,1,3,9,5,202.5,0,0
0,1,3,9,6,247.5,0,0
0,1,3,9,7,292.5,0,0
0,1,3,9,8,337.5,0,0
0,1,3,10,1,22.5,0,0
0,1,3,10,2,67.5,0,0
0,1,3,10,3,112.5,0,0
0,1,3,10,4,157.5,0,0
0,1,3,10,5,202.5,0,0
0,1,3,10,6,247.5,0,0
0,1,3,10,7,292.5,0,0
0,1,3,10,8,337.5,0,0
0,1,3,11,1,22.5,0,0
0,1,3,11,2,67.5,0,0
0,1,3,11,3,112.5,0,0
0,1,3,11,4,157.5,0,0
0,1,3,11,5,202.5,0,0
0,1,3,11,6,247.5,0,0
0,1,3,11,7,292.5,0,0
0,1,3,11,8,337.5,0,0
0,1,4,1,1,22.5,0,0
0,1,4,1,2,67.5,0,0
0,1,4,1,3,112.5,0,0
0,1,4,1,4,157.5,0,0
0,1,4,1,5,202.5,0,0
0,1,4,1,6,247.5,0,0
0,1,4,1,7,292.5,0,0
0,1,4,1,8,337.5,0,0
0,1,4,2,1,22.5,0,0
0,1,4,2,2,67.5,0,0
0,1,4,2,3,112.5,0,0
0,1,4,2,4,157.5,0,0
0,1,4,2,5,202.5,0,0
0,1,4,2,6,247.5,0,0
0,1,4,2,7,292.5,0,0
0,1,4,2,8,337.5,0,0
0,1,4,3,1,22.5,0,0
0,1,4,3,2,67.5,0,0
0,1,4,3,3,112.5,0,0
0,1,4,3,4,157.5,0,0
0,1,4,3,5,202.5,0,0
0,1,4,3,6,247.5,0,0
0,1,4,3,7,292.5,0,0
0,1,4,3,8,337.5,0,0
0,1,4,4,1,22.5,0,0
0,1,4,4,2,67.5,0,0
0,1,4,4,3,112.5,0,0
0,1,4,4,4,157.5,0,0
0,1,4,4,5,202.5,0,0
0,1,4,4,6,247.5,0,0
0,1,4,4,7,292.5,0,0
0,1,4,4,8,337.5,0,0
0,1,4,5,1,22.5,0,0
0,1,4,5,2,67.5,0,0
0,1,4,5,3,112.5,0,0
0,1,4,5,4,157.5,0,0
0,1,4,5,5,202.5,0,0
0,1,4,5,6,247.5,0,0
0,1,4,5,7,292.5,0,0
0,1,4,5,8,337.5,0,0
0,1,4,6,1,22.5,0,0
0,1,4,6,2,67.5,0,0
0,1,4,6,3,112.5,0,0
0,1,4,6,4,157.5,0,0
0,1,4,6,5,202.5,0,0
0,1,4,6,6,247.5,0,0
0,1,4,6,7,292.5,0,0
0,1,4,6,8,337.5,0,0
0,1,4,7,1,22.5,0,0
0,1,4,7,2,67.5,0,0
0,1,4,7,3,112.5,0,0
0,1,4,7,4,157.5,0,0
0,1,4,7,5,202.5,0,0
0,1,4,7,6,247.5,0,0
0,1,4,7,7,292.5,0,0
0,1,4,7,8,337.5,0,0
0,1,4,8,1,22.5,0,0
0,1,4,8,2,67.5,0,0
0,1,4,8,3,112.5,0,0
0,1,4,8,4,157.5,0,0
0,1,4,8,5,202.5,0,0
0,1,4,8,6,247.5,0,0
0,1,4,8,7,292.5,0,0
0,1,4,8,8,337.5,0,0
0,1,4,9,1,22.5,0,0
0,1,4,9,2,67.5,0,0
0,1,4,9,3,112.5,0,0
0,1,4,9,4,157.5,0,0
0,1,4,9,5,202.5,0,0
0,1,4,9,6,247.5,0,0
0,1,4,9,7,292.5,0,0
0,1,4,9,8,337.5,0,0
0,1,4,10,1,22.5,0,0
0,1,4,10,2,67.5,0,0
0,1,4,10,3,112.5,0,0
0,1,4,10,4,157.5,0,0
0,1,4,10,5,202.5,0,0
0,1,4,10,6,247.5,0,0
0,1,4,10,7,292.5,0,0
0,1,4,10,8,337.5,0,0
0,1,4,11,1,22.5,0,0
0,1,4,11,2,67.5,0,0
0,1,4,11,3,112.5,0,0
0,1,4,11,4,157.5,0,0
0,1,4,11,5,202.5,0,0
0,1,4,11,6,247.5,0,0
0,1,4,11,7,292.5,0,0
0,1,4,11,8,337.5,0,0
0,1,5,1,1,22.5,0,0
0,1,5,1,2,67.5,0,0
0,1,5,1,3,112.5,0,0
0,1,5,1,4,157.5,0,0
0,1,5,1,5,202.5,0,0
0,1,5,1,6,247.5,0,0
0,1,5,1,7,292.5,0,0
0,1,5,1,8,337.5,0,0
0,1,5,2,1,22.5,0,0
0,1,5,2,2,67.5,0,0
0,1,5,2,3,112.5,0,0
0,1,5,2,4,157.5,0,0
0,1,5,2,5,202.5,0,0
0,1,5,2,6,247.5,0,0
0,1,5,2,7,292.5,0,0
0,1,5,2,8,337.5,0,0
0,1,5,3,1,22.5,0,0
0,1,5,3,2,67.5,0,0
0,1,5,3,3,112.5,0,0
0,1,5,3,4,157.5,0,0
0,1,5,3,5,202.5,0,0
0,1,5,3,6,247.5,0,0
0,1,5,3,7,292.5,0,0
0,1,5,3,8,337.5,0,0
0,1,5,4,1,22.5,0,0
0,1,5,4,2,67.5,0,0
0,1,5,4,3,112.5,0,0
0,1,5,4,4,157.5,0,0
0,1,5,4,5,202.5,0,0
0,1,5,4,6,247.5,0,0
0,1,5,4,7,292.5,0,0
0,1,5,4,8,337.5,0,0
0,1,5,5,1,22.5,0,0
0,1,5,5,2,67.5,0,0
0,1,5,5,3,112.5,0,0
0,1,5,5,4,157.5,0,0
0,1,5,5,5,202.5,0,0
0,1,5,5,6,247.5,0,0
0,1,5,5,7,292.5,0,0
0,1,5,5,8,337.5,0,0
0,1,5,6,1,22.5,0,0
0,1,5,6,2,67.5,0,0
0,1,5,6,3,112.5,0,0
0,1,5,6,4,157.5,0,0
0,1,5,6,5,202.5,0,0
0,1,5,6,6,247.5,0,0
0,1,5,6,7,292.5,0,0
0,1,5,6,8,337.5,0,0
0,1,5,7,1,22.5,0,0
0,1,5,7,2,67.5,0,0
0,1,5,7,3,112.5,0,0
0,1,5,7,4,157.5,0,0
0,1,5,7,5,202.5,0,0
0,1,5,7,6,247.5,0,0
0,1,5,7,7,292.5,0,0
0,1,5,7,8,337.5,0,0
0,1,5,8,1,22.5,0,0
0,1,5,8,2,67.5,0,0
0,1,5,8,3,112.5,0,0
0,1,5,8,4,157.5,0,0
0,1,5,8,5,202.5,0,0
0,1,5,8,6,247.5,0,0
0,1,5,8,7,292.5,0,0
0,1,5,8,8,337.5,0,0
0,1,5,9,1,22.5,0,0
0,1,5,9,2,67.5,0,0
0,1,5,9,3,112.5,0,0
0,1,5,9,4,157.5,0,0
0,1,5,9,5,202.5,0,0
0,1,5,9,6,247.5,0,0
0,1,5,9,7,292.5,0,0
0,1,5,9,8,337.5,0,0
0,1,5,10,1,22.5,0,0
0,1,5,10,2,67.5,0,0
0,1,5,10,3,112.5,0,0
0,1,5,10,4,157.5,0,0
0,1,5,10,5,202.5,0,0
0,1,5,10,6,247.5,0,0
0,1,5,10,7,292.5,0,0
0,1,5,10,8,337.5,0,0
0,1,5,11,1,22.5,0,0
0,1,5,11,2,67.5,0,0
0,1,5,11,3,112.5,0,0
0,1,5,11,4,157.5,0,0
0,1,5,11,5,202.5,0,0
0,1,5,11,6,247.5,0,0
0,1,5,11,7,292.5,0,0
0,1,5,11,8,337.5,0,0
0,1,6,1,1,22.5,0,0
0,1,6,1,2,67.5,0,0
0,1,6,1,3,112.5,0,0
0,1,6,1,4,157.5,0,0
0,1,6,1,5,202.5,0,0
0,1,6,1,6,247.5,0,0
0,1,6,1,7,292.5,0,0
0,1,6,1,8,337.5,0,0
0,1,6,2,1,22.5,0,0
0,1,6,2,2,67.5,0,0
0,1,6,2,3,112.5,0,0
0,1,6,2,4,157.5,0,0
0,1,6,2,5,202.5,0,0
0,1,6,2,6,247.5,0,0
0,1,6,2,7,292.5,0,0
0,1,6,2,8,337.5,0,0
0,1,6,3,1,22.5,0,0
0,1,6,3,2,67.5,0,0
0,1,6,3,3,112.5,0,0
0,1,6,3,4,157.5,0,0
0,1,6,3,5,202.5,0,0
0,1,6,3,6,247.5,0,0
0,1,6,3,7,292.5,0,0
0,1,6,3,8,337.5,0,0
0,1,6,4,1,22.5,0,0
0,1,6,4,2,67.5,0,0
0,1,6,4,3,112.5,0,0
0,1,6,4,4,157.5,0,0
0,1,6,4,5,202.5,0,0
0,1,6,4,6,247.5,0,0
0,1,6,4,7,292.5,0,0
0,1,6,4,8,337.5,0,0
0,1,6,5,1,22.5,0,0
0,1,6,5,2,67.5,0,0
0,1,6,5,3,112.5,0,0
0,1,6,5,4,157.5,0,0
0,1,6,5,5,202.5,0,0
0,1,6,5,6,247.5,0,0
0,1,6,5,7,292.5,0,0
0,1,6,5,8,337.5,0,0
0,1,6,6,1,22.5,0,0
0,1,6,6,2,67.5,0,0
0,1,6,6,3,112.5,0,0
0,1,6,6,4,157.5,0,0
0,1,6,6,5,202.5,0,0
0,1,6,6,6,247.5,0,0
0,1,6,6,7,292.5,0,0
0,1,6,6,8,337.5,0,0
0,1,6,7,1,22.5,0,0
0,1,6,7,2,67.5,0,0
0,1,6,7,3,112.5,0,0
0,1,6,7,4,157.5,0,0
0,1,6,7,5,202.5,0,0
0,1,6,7,6,247.5,0,0
0,1,6,7,7,292.5,0,0
0,1,6,7,8,337.5,0,0
0,1,6,8,1,22.5,0,0
0,1,6,8,2,67.5,0,0
0,1,6,8,3,112.5,0,0
0,1,6,8,4,157.5,0,0
0,1,6,8,5,202.5,0,0
0,1,6,8,6,247.5,0,0
0,1,6,8,7,292.5,0,0
0,1,6,8,8,337.5,0,0
0,1,6,9,1,22.5,0,0
0,1,6,9,2,67.5,0,0
0,1,6,9,3,112.5,0,0
0,1,6,9,4,157.5,0,0
0,1,6,9,5,202.5,0,0
0,1,6,9,6,247.5,0,0
0,1,6,9,7,292.5,0,0
0,1,6,9,8,337.5,0,0
0,1,6,10,1,22.5,0,0
0,1,6,10,2,67.5,0,0
0,1,6,10,3,112.5,0,0
0,1,6,10,4,157.5,0,0
0,1,6,10,5,202.5,0,0
0,1,6,10,6,247.5,0,0
0,1,6,10,7,292.5,0,0
0,1,6,10,8,337.5,0,0
0,1,6,11,1,22.5,0,0
0,1,6,11,2,67.5,0,0
0,1,6,11,3,112.5,0,0
0,1,6,11,4,157.5,0,0
0,1,6,11,5,202.5,0,0
0,1,6,11,6,247.5,0,0
0,1,6,11,7,292.5,0,0
0,1,6,11,8,337.5,0,0
0,1,7,1,1,22.5,0,0
0,1,7,1,2,67.5,0,0
0,1,7,1,3,112.5,0,0
0,1,7,1,4,157.5,0,0
0,1,7,1,5,202.5,0,0
0,1,7,1,6,247.5,0,0
0,1,7,1,7,292.5,0,0
0,1,7,1,8,337.5,0,0
0,1,7,2,1,22.5,0,0
0,1,7,2,2,67.5,0,0
0,1,7,2,3,112.5,0,0
0,1,7,2,4,157.5,0,0
0,1,7,2,5,202.5,0,0
0,1,7,2,6,247.5,0,0
0,1,7,2,7,292.5,0,0
0,1,7,2,8,337.5,0,0
0,1,7,3,1,22.5,0,0
0,1,7,3,2,67.5,0,0
0,1,7,3,3,112.5,0,0
0,1,7,3,4,157.5,0,0
0,1,7,3,5,202.5,0,0
0,1,7,3,6,247.5,0,0
0,1,7,3,7,292.5,0,0
0,1,7,3,8,337.5,0,0
0,1,7,4,1,22.5,0,0
0,1,7,4,2,67.5,0,0
0,1,7,4,3,112.5,0,0
0,1,7,4,4,157.5,0,0
0,1,7,4,5,202.5,0,0
0,1,7,4,6,247.5,0,0
0,1,7,4,7,292.5,0,0
0,1,7,4,8,337.5,0,0
0,1,7,5,1,22.5,0,0
0,1,7,5,2,67.5,0,0
0,1,7,5,3,112.5,0,0
0,1,7,5,4,157.5,0,0
0,1,7,5,5,202.5,0,0
0,1,7,5,6,247.5,0,0
0,1,7,5,7,292.5,0,0
0,1,7,5,8,337.5,0,0
0,1,7,6,1,22.5,0,0
0,1,7,6,2,67.5,0,0
0,1,7,6,3,112.5,0,0
0,1,7,6,4,157.5,0,0
0,1,7,6,5,202.5,0,0
0,1,7,6,6,247.5,0,0
0,1,7,6,7,292.5,0,0
0,1,7,6,8,337.5,0,0
0,1,7,7,1,22.5,0,0
0,1,7,7,2,67.5,0,0
0,1,7,7,3,112.5,0,0
0,1,7,7,4,157.5,0,0
0,1,7,7,5,202.5,0,0
0,1,7,7,6,247.5,0,0
0,1,7,7,7,292.5,0,0
0,1,7,7,8,337.5,0,0
0,1,7,8,1,22.5,0,0
0,1,7,8,2,67.5,0,0
0,1,7,8,3,112.5,0,0
0,1,7,8,4,157.5,0,0
0,1,7,8,5,202.5,0,0
0,1,7,8,6,247.5,0,0
0,1,7,8,7,292.5,0,0
0,1,7,8,8,337.5,0,0
0,1,7,9,1,22.5,0,0
0,1,7,9,2,67.5,0,0
0,1,7,9,3,112.5,0,0
0,1,7,9,4,157.5,0,0
0,1,7,9,5,202.5,0,0
0,1,7,9,6,247.5,0,0
0,1,7,9,7,292.5,0,0
0,1,7,9,8,337.5,0,0
0,1,7,10,1,22.5,0,0
0,1,7,10,2,67.5,0,0
0,1,7,10,3,112.5,0,0
0,1,7,10,4,157.5,0,0
0,1,7,10,5,202.5,0,0
0,1,7,10,6,247.5,0,0
0,1,7,10,7,292.5,0,0
0,1,7,10,8,337.5,0,0
0,1,7,11,1,22.5,0,0
0,1,7,11,2,67.5,0,0
0,1,7,11,3,112.5,0,0
0,1,7,11,4,157.5,0,0
0,1,7,11,5,202.5,0,0
0,1,7,11,6,247.5,0,0
0,1,7,11,7,292.5,0,0
0,1,7,11,8,337.5,0,0
0,1,8,1,1,22.5,0,0
0,1,8,1,2,67.5,0,0
0,1,8,1,3,112.5,0,0
0,1,8,1,4,157.5,0,0
0,1,8,1,5,202.5,0,0
0,1,8,1,6,247.5,0,0
0,1,8,1,7,292.5,0,0
0,1,8,1,8,337.5,0,0
0,1,8,2,1,22.5,0,0
0,1,8,2,2,67.5,0,0
0,1,8,2,3,112.5,0,0
0,1,8,2,4,157.5,0,0
0,1,8,2,5,202.5,0,0
0,1,8,2,6,247.5,0,0
0,1,8,2,7,292.5,0,0
0,1,8,2,8,337.5,0,0
0,1,8,3,1,22.5,0,0
0,1,8,3,2,67.5,0,0
0,1,8,3,3,112.5,0,0
0,1,8,3,4,157.5,0,0
0,1,8,3,5,202.5,0,0
0,1,8,3,6,247.5,0,0
0,1,8,3,7,292.5,0,0
0,1,8,3,8,337.5,0,0
0,1,8,4,1,22.5,0,0
0,1,8,4,2,67.5,0,0
0,1,8,4,3,112.5,0,0
0,1,8,4,4,157.5,0,0
0,1,8,4,5,202.5,0,0
0,1,8,4,6,247.5,0,0
0,1,8,4,7,292.5,0,0
0,1,8,4,8,337.5,0,0
0,1,8,5,1,22.5,0,0
0,1,8,5,2,67.5,0,0
0,1,8,5,3,112.5,0,0
0,1,8,5,4,157.5,0,0
0,1,8,5,5,202.5,0,0
0,1,8,5,6,247.5,0,0
0,1,8,5,7,292.5,0,0
0,1,8,5,8,337.5,0,0
0,1,8,6,1,22.5,0,0
0,1,8,6,2,67.5,0,0
0,1,8,6,3,112.5,0,0
0,1,8,6,4,157.5,0,0
0,1,8,6,5,202.5,0,0
0,1,8,6,6,247.5,0,0
0,1,8,6,7,292.5,0,0
0,1,8,6,8,337.5,0,0
0,1,8,7,1,22.5,0,0
0,1,8,7,2,67.5,0,0
0,1,8,7,3,112.5,0,0
0,1,8,7,4,157.5,0,0
0,1,8,7,5,202.5,0,0
0,1,8,7,6,247.5,0,0
0,1,8,7,7,292.5,0,0
0,1,8,7,8,337.5,0,0
0,1,8,8,1,22.5,0,0
0,1,8,8,2,67.5,0,0
0,1,8,8,3,112.5,0,0
0,1,8,8,4,157.5,0,0
0,1,8,8,5,202.5,0,0
0,1,8,8,6,247.5,0,0
0,1,8,8,7,292.5,0,0
0,1,8,8,8,337.5,0,0
0,1,8,9,1,22.5,0,0
0,1,8,9,2,67.5,0,0
0,1,8,9,3,112.5,0,0
0,1,8,9,4,157.5,0,0
0,1,8,9,5,202.5,0,0
0,1,8,9,6,247.5,0,0
0,1,8,9,7,292.5,0,0
0,1,8,9,8,337.5,0,0
0,1,8,10,1,22.5,0,0
0,1,8,10,2,67.5,0,0
0,1,8,10,3,112.5,0,0
0,1,8,10,4,157.5,0,0
0,1,8,10,5,202.5,0,0
0,1,8,10,6,247.5,0,0
0,1,8,10,7,292.5,0,0
0,1,8,10,8,337.5,0,0
0,1,8,11,1,22.5,0,0
0,1,8,11,2,67.5,0,0
0,1,8,11,3,112.5,0,0
0,1,8,11,4,157.5,0,0
0,1,8,11,5,202.5,0,0
0,1,8,11,6,247.5,0,0
0,1,8,11,7,292.5,0,0
0,1,8,11,8,337.5,0,0
1,2,1,1,1,22.5,1.5804e+07,102.545
1,2,1,1,2,67.5,1.57946e+07,241.127
1,2,1,1,3,112.5,1.57861e+07,362.885
1,2,1,1,4,157.5,1.5769e+07,355.699
1,2,1,1,5,202.5,1.57686e+07,504.308
1,2,1,1,6,247.5,1.57713e+07,350.412
1,2,1,1,7,292.5,1.57895e+07,179.35
1,2,1,1,8,337.5,1.58066e+07,86.2578
1,2,1,2,1,22.5,6.83729e+06,108.086
1,2,1,2,2,67.5,6.82718e+06,188.878
1,2,1,2,3,112.5,6.80979e+06,233.431
1,2,1,2,4,157.5,6.79754e+06,268.208
1,2,1,2,5,202.5,6.79186e+06,236.444
1,2,1,2,6,247.5,6.80791e+06,198.266
1,2,1,2,7,292.5,6.83036e+06,118.979
1,2,1,2,8,337.5,6.8386e+06,63.7319
1,2,1,3,1,22.5,3.58057e+06,70.9021
1,2,1,3,2,67.5,3.57145e+06,158.818
1,2,1,3,3,112.5,3.56172e+06,159.635
1,2,1,3,4,157.5,3.55013e+06,175.083
1,2,1,3,5,202.5,3.5513e+06,150.459
1,2,1,3,6,247.5,3.56226e+06,172.076
1,2,1,3,7,292.5,3.57654e+06,144.999
1,2,1,3,8,337.5,3.58247e+06,58.3771
1,2,1,4,1,22.5,2.05165e+06,57.4017
1,2,1,4,2,67.5,2.04769e+06,120.453
1,2,1,4,3,112.5,2.03987e+06,115.991
1,2,1,4,4,157.5,2.03198e+06,115.828
1,2,1,4,5,202.5,2.03131e+06,106.463
1,2,1,4,6,247.5,2.03706e+06,134.382
1,2,1,4,7,292.5,2.04746e+06,111.387
1,2,1,4,8,337.5,2.05225e+06,50.7997
1,2,1,5,1,22.5,2.01642e+06,66.652
1,2,1,5,2,67.5,2.01198e+06,110.964
1,2,1,5,3,112.5,2.00227e+06,114.58
1,2,1,5,4,157.5,1.99283e+06,95.9679
1,2,1,5,5,202.5,1.9936e+06,83.2473
1,2,1,5,6,247.5,1.99938e+06,121.483
1,2,1,5,7,292.5,2.01144e+06,111.379
1,2,1,5,8,337.5,2.0193e+06,54.9001
1,2,1,6,1,22.5,819224,33.7997
1,2,1,6,2,67.5,816480,49.2491
1,2,1,6,3,112.5,809364,49.3343
1,2,1,6,4,157.5,806003,35.9346
1,2,1,6,5,202.5,807343,31.053
1,2,1,6,6,247.5,810651,49.1775
1,2,1,6,7,292.5,814743,53.0787
1,2,1,6,8,337.5,819327,27.2244
1,2,1,7,1,22.5,352104,11.8314
1,2,1,7,2,67.5,349674,16.1666
1,2,1,7,3,112.5,346374,15.5954
1,2,1,7,4,157.5,344267,20.6542
1,2,1,7,5,202.5,345916,11.0426
1,2,1,7,6,247.5,347516,21.423
1,2,1,7,7,292.5,350073,23.2995
1,2,1,7,8,337.5,352687,10.5068
1,2,1,8,1,22.5,198174,0
1,2,1,8,2,67.5,196805,0
1,2,1,8,3,112.5,195360,0
1,2,1,8,4,157.5,194360,0
1,2,1,8,5,202.5,194590,0
1,2,1,8,6,247.5,194905,0
1,2,1,8,7,292.5,196295,0
1,2,1,8,8,337.5,197831,0
1,2,1,9,1,22.5,60906,0
1,2,1,9,2,67.5,61569,0
1,2,1,9,3,112.5,60479,0
1,2,1,9,4,157.5,60009,0
1,2,1,9,5,202.5,59957,6.18597
1,2,1,9,6,247.5,60323,11.8763
1,2,1,9,7,292.5,60703,9.86066
1,2,1,9,8,337.5,61061,0
1,2,1,10,1,22.5,21452,0
1,2,1,10,2,67.5,21292,0
1,2,1,10,3,112.5,21229,0
1,2,1,10,4,157.5,20773,0
1,2,1,10,5,202.5,21083,0
1,2,1,10,6,247.5,20762,0
1,2,1,10,7,292.5,21348,5.45415
1,2,1,10,8,337.5,21566,0
1,2,1,11,1,22.5,3610,0
1,2,1,11,2,67.5,3472,0
1,2,1,11,3,112.5,3402,3.60712
1,2,1,11,4,157.5,3445,0
1,2,1,11,5,202.5,3487,0
1,2,1,11,6,247.5,3342,0
1,2,1,11,7,292.5,3480,0
1,2,1,11,8,337.5,3543,0
1,2,2,1,1,22.5,1.28568e+06,18.3906
1,2,2,1,2,67.5,1.2828e+06,233.885
1,2,2,1,3,112.5,1.28126e+06,283.101
1,2,2,1,4,157.5,1.2791e+06,453.077
1,2,2,1,5,202.5,1.28232e+06,312.76
1,2,2,1,6,247.5,1.28037e+06,278.742
1,2,2,1,7,292.5,1.2839e+06,208.465
1,2,2,1,8,337.5,1.28537e+06,12.869
1,2,2,2,1,22.5,998467,57.8516
1,2,2,2,2,67.5,994294,168.8
1,2,2,2,3,112.5,990231,231.664
1,2,2,2,4,157.5,988297,339.432
1,2,2,2,5,202.5,988232,261.755
1,2,2,2,6,247.5,991346,236.747
1,2,2,2,7,292.5,993800,194.317
1,2,2,2,8,337.5,996280,44.76
1,2,2,3,1,22.5,756253,78.4855
1,2,2,3,2,67.5,756054,167.609
1,2,2,3,3,112.5,752847,188.337
1,2,2,3,4,157.5,748428,274.805
1,2,2,3,5,202.5,748063,204.535
1,2,2,3,6,247.5,751728,233.802
1,2,2,3,7,292.5,755772,172.405
1,2,2,3,8,337.5,758082,59.3451
1,2,2,4,1,22.5,568262,70.7759
1,2,2,4,2,67.5,566579,161.832
1,2,2,4,3,112.5,562986,163.084
1,2,2,4,4,157.5,562878,219.553
1,2,2,4,5,202.5,559583,168.743
1,2,2,4,6,247.5,562063,212.591
1,2,2,4,7,292.5,568200,145.362
1,2,2,4,8,337.5,569081,55.1749
1,2,2,5,1,22.5,746569,95.1093
1,2,2,5,2,67.5,743946,201.872
1,2,2,5,3,112.5,737062,205.658
1,2,2,5,4,157.5,734312,244.043
1,2,2,5,5,202.5,734372,183.985
1,2,2,5,6,247.5,737644,245.945
1,2,2,5,7,292.5,743461,177.939
1,2,2,5,8,337.5,747483,78.92
1,2,2,6,1,22.5,428714,93.5317
1,2,2,6,2,67.5,427006,145.759
1,2,2,6,3,112.5,424212,154.46
1,2,2,6,4,157.5,421820,160.184
1,2,2,6,5,202.5,421085,126.838
1,2,2,6,6,247.5,422543,175.006
1,2,2,6,7,292.5,425401,143.416
1,2,2,6,8,337.5,429739,67.9676
1,2,2,7,1,22.5,252928,73.6407
1,2,2,7,2,67.5,250774,99.3694
1,2,2,7,3,112.5,248609,108.096
1,2,2,7,4,157.5,247628,101.331
1,2,2,7,5,202.5,247761,79.7775
1,2,2,7,6,247.5,249877,119.561
1,2,2,7,7,292.5,251841,106.782
1,2,2,7,8,337.5,252718,49.6765
1,2,2,8,1,22.5,201604,58.7762
1,2,2,8,2,67.5,200969,73.6954
1,2,2,8,3,112.5,197719,79.5528
1,2,2,8,4,157.5,196849,66.2501
1,2,2,8,5,202.5,197914,55.622
1,2,2,8,6,247.5,199269,84.5648
1,2,2,8,7,292.5,201185,82.5893
1,2,2,8,8,337.5,202143,38.9942
1,2,2,9,1,22.5,94276,28.6227
1,2,2,9,2,67.5,92899,35.3318
1,2,2,9,3,112.5,92290,37.1305
1,2,2,9,4,157.5,92219,27.8425
1,2,2,9,5,202.5,92084,23.7294
1,2,2,9,6,247.5,93029,39.7543
1,2,2,9,7,292.5,93748,41.2471
1,2,2,9,8,337.5,94672,17.7932
1,2,2,10,1,22.5,53379,12.8802
1,2,2,10,2,67.5,53127,16.1358
1,2,2,10,3,112.5,52641,15.2381
1,2,2,10,4,157.5,52238,12.3602
1,2,2,10,5,202.5,52412,6.93067
1,2,2,10,6,247.5,52752,18.0313
1,2,2,10,7,292.5,53284,17.1375
1,2,2,10,8,337.5,53591,9.4159
1,2,2,11,1,22.5,28638,0
1,2,2,11,2,67.5,28282,5.87098
1,2,2,11,3,112.5,27964,5.10462
1,2,2,11,4,157.5,27277,0
1,2,2,11,5,202.5,27356,0
1,2,2,11,6,247.5,27727,4.25594
1,2,2,11,7,292.5,27960,0
1,2,2,11,8,337.5,28783,0
1,2,3,1,1,22.5,613358,5.51639
1,2,3,1,2,67.5,613052,87.0541
1,2,3,1,3,112.5,612349,154.074
1,2,3,1,4,157.5,609139,177.952
1,2,3,1,5,202.5,609736,166.794
1,2,3,1,6,247.5,611181,123.584
1,2,3,1,7,292.5,611051,84.7997
1,2,3,1,8,337.5,613307,14.4911
1,2,3,2,1,22.5,490928,0
1,2,3,2,2,67.5,489324,78.4977
1,2,3,2,3,112.5,487143,121.686
1,2,3,2,4,157.5,486853,250.084
1,2,3,2,5,202.5,485464,150.58
1,2,3,2,6,247.5,486792,126.871
1,2,3,2,7,292.5,490107,79.7692
1,2,3,2,8,337.5,491901,10.4178
1,2,3,3,1,22.5,388203,19.1908
1,2,3,3,2,67.5,388801,82.5391
1,2,3,3,3,112.5,385663,102.473
1,2,3,3,4,157.5,383261,220.229
1,2,3,3,5,202.5,383111,136.387
1,2,3,3,6,247.5,384870,154.076
1,2,3,3,7,292.5,386354,97.0739
1,2,3,3,8,337.5,388573,19.9
1,2,3,4,1,22.5,305243,33.9572
1,2,3,4,2,67.5,304172,92.0884
1,2,3,4,3,112.5,302050,95.191
1,2,3,4,4,157.5,300209,189.858
1,2,3,4,5,202.5,299928,120.963
1,2,3,4,6,247.5,301204,141.92
1,2,3,4,7,292.5,303626,90.5065
1,2,3,4,8,337.5,306125,24.6432
1,2,3,5,1,22.5,421689,49.8008
1,2,3,5,2,67.5,420491,137.178
1,2,3,5,3,112.5,415898,132.209
1,2,3,5,4,157.5,414054,230.312
1,2,3,5,5,202.5,414452,149.541
1,2,3,5,6,247.5,416649,208.502
1,2,3,5,7,292.5,420364,111.145
1,2,3,5,8,337.5,421792,42.5267
1,2,3,6,1,22.5,254887,49.8426
1,2,3,6,2,67.5,253793,118.743
1,2,3,6,3,112.5,251099,117.843
1,2,3,6,4,157.5,248094,175.172
1,2,3,6,5,202.5,249399,118.374
1,2,3,6,6,247.5,250005,167.926
1,2,3,6,7,292.5,253125,93.4903
1,2,3,6,8,337.5,254481,46.7631
1,2,3,7,1,22.5,153967,53.3282
1,2,3,7,2,67.5,152146,96.2872
1,2,3,7,3,112.5,152087,101.49
1,2,3,7,4,157.5,149941,132.353
1,2,3,7,5,202.5,150208,92.8501
1,2,3,7,6,247.5,150899,132.466
1,2,3,7,7,292.5,152941,83.8984
1,2,3,7,8,337.5,153959,44.3107
1,2,3,8,1,22.5,128174,63.1918
1,2,3,8,2,67.5,127182,89.0113
1,2,3,8,3,112.5,125174,99.4156
1,2,3,8,4,157.5,124239,113.924
1,2,3,8,5,202.5,123447,83.8798
1,2,3,8,6,247.5,125742,120.529
1,2,3,8,7,292.5,126833,87.6809
1,2,3,8,8,337.5,127216,45.6848
1,2,3,9,1,22.5,63650,49.871
1,2,3,9,2,67.5,62820,64.4445
1,2,3,9,3,112.5,62559,72.2886
1,2,3,9,4,157.5,61894,71.9289
1,2,3,9,5,202.5,61660,54.544
1,2,3,9,6,247.5,62089,80.7902
1,2,3,9,7,292.5,63704,68.5398
1,2,3,9,8,337.5,64082,32.4258
1,2,3,10,1,22.5,40438,39.9812
1,2,3,10,2,67.5,39312,47.7805
1,2,3,10,3,112.5,39351,52.8228
1,2,3,10,4,157.5,39127,47.0067
1,2,3,10,5,202.5,38919,37.8574
1,2,3,10,6,247.5,39197,58.9509
1,2,3,10,7,292.5,40061,53.0029
1,2,3,10,8,337.5,40455,23.7765
1,2,3,11,1,22.5,28002,26.2873
1,2,3,11,2,67.5,27235,29.5418
1,2,3,11,3,112.5,26873,32.0575
1,2,3,11,4,157.5,27224,26.4566
1,2,3,11,5,202.5,26714,21.5641
1,2,3,11,6,247.5,27068,33.7457
1,2,3,11,7,292.5,27581,33.8006
1,2,3,11,8,337.5,27728,14.1444
1,2,4,1,1,22.5,320562,12.4759
1,2,4,1,2,67.5,319653,38.715
1,2,4,1,3,112.5,318210,78.9412
1,2,4,1,4,157.5,318122,126.53
1,2,4,1,5,202.5,317666,88.1523
1,2,4,1,6,247.5,318410,40.6915
1,2,4,1,7,292.5,318549,27.913
1,2,4,1,8,337.5,319712,12.0675
1,2,4,2,1,22.5,260914,0
1,2,4,2,2,67.5,261056,25.1989
1,2,4,2,3,112.5,259411,73.9632
1,2,4,2,4,157.5,257059,163.631
1,2,4,2,5,202.5,257243,94.7787
1,2,4,2,6,247.5,258893,51.3387
1,2,4,2,7,292.5,259894,37.6081
1,2,4,2,8,337.5,260465,0
1,2,4,3,1,22.5,211135,0
1,2,4,3,2,67.5,210565,30.4083
1,2,4,3,3,112.5,209192,62.7461
1,2,4,3,4,157.5,207815,158.709
1,2,4,3,5,202.5,207705,100.181
1,2,4,3,6,247.5,209183,72.7354
1,2,4,3,7,292.5,210183,49.4127
1,2,4,3,8,337.5,211939,0
1,2,4,4,1,22.5,170748,4.59797
1,2,4,4,2,67.5,170198,45.2605
1,2,4,4,3,112.5,167903,53.7944
1,2,4,4,4,157.5,166769,144.316
1,2,4,4,5,202.5,167321,82.7942
1,2,4,4,6,247.5,167022,89.3341
1,2,4,4,7,292.5,170030,55.0748
1,2,4,4,8,337.5,171060,0
1,2,4,5,1,22.5,248327,11.5963
1,2,4,5,2,67.5,245624,85.3677
1,2,4,5,3,112.5,243625,77.3146
1,2,4,5,4,157.5,241319,186.234
1,2,4,5,5,202.5,241599,106.555
1,2,4,5,6,247.5,243166,136.85
1,2,4,5,7,292.5,245523,76.363
1,2,4,5,8,337.5,246919,11.9338
1,2,4,6,1,22.5,157795,14.1609
1,2,4,6,2,67.5,156933,88.6044
1,2,4,6,3,112.5,153941,73.8738
1,2,4,6,4,157.5,154061,144.021
1,2,4,6,5,202.5,153875,90.4379
1,2,4,6,6,247.5,154010,126.824
1,2,4,6,7,292.5,156373,61.1715
1,2,4,6,8,337.5,158045,17.2846
1,2,4,7,1,22.5,99579,20.0498
1,2,4,7,2,67.5,99460,76.8585
1,2,4,7,3,112.5,97587,70.3446
1,2,4,7,4,157.5,97177,116.052
1,2,4,7,5,202.5,97354,74.1532
1,2,4,7,6,247.5,97543,107.583
1,2,4,7,7,292.5,99251,52.7222
1,2,4,7,8,337.5,99976,22.6472
1,2,4,8,1,22.5,85846,31.6928
1,2,4,8,2,67.5,84992,75.4915
1,2,4,8,3,112.5,83528,71.4937
1,2,4,8,4,157.5,83032,105.444
1,2,4,8,5,202.5,82821,72.3306
1,2,4,8,6,247.5,84205,103.135
1,2,4,8,7,292.5,84766,55.1167
1,2,4,8,8,337.5,85893,31.0873
1,2,4,9,1,22.5,43945,33.1333
1,2,4,9,2,67.5,43432,54.6089
1,2,4,9,3,112.5,42363,57.1575
1,2,4,9,4,157.5,42835,73.8076
1,2,4,9,5,202.5,42450,52.8018
1,2,4,9,6,247.5,42941,76.5339
1,2,4,9,7,292.5,43185,48.048
1,2,4,9,8,337.5,44071,26.5667
1,2,4,10,1,22.5,27931,32.5549
1,2,4,10,2,67.5,27455,43.6625
1,2,4,10,3,112.5,27604,50.09
1,2,4,10,4,157.5,26689,59.2314
1,2,4,10,5,202.5,26916,41.5675
1,2,4,10,6,247.5,27203,61.5774
1,2,4,10,7,292.5,27301,44.0992
1,2,4,10,8,337.5,27828,23.049
1,2,4,11,1,22.5,19614,31.1552
1,2,4,11,2,67.5,19471,36.2747
1,2,4,11,3,112.5,19132,40.8671
1,2,4,11,4,157.5,19209,44.5938
1,2,4,11,5,202.5,18769,33.0285
1,2,4,11,6,247.5,19315,47.7789
1,2,4,11,7,292.5,19457,38.0907
1,2,4,11,8,337.5,19742,19.4116
1,2,5,1,1,22.5,167158,8.32821
1,2,5,1,2,67.5,168318,19.4476
1,2,5,1,3,112.5,167776,60.7468
1,2,5,1,4,157.5,166737,89.646
1,2,5,1,5,202.5,166690,62.4286
1,2,5,1,6,247.5,167924,20.7522
1,2,5,1,7,292.5,167723,11.7704
1,2,5,1,8,337.5,168136,0
1,2,5,2,1,22.5,139843,0
1,2,5,2,2,67.5,139290,4.82111
1,2,5,2,3,112.5,138116,58.9525
1,2,5,2,4,157.5,138658,115.888
1,2,5,2,5,202.5,137738,70.3383
1,2,5,2,6,247.5,138711,24.7861
1,2,5,2,7,292.5,139670,15.0605
1,2,5,2,8,337.5,139817,0
1,2,5,3,1,22.5,116534,0
1,2,5,3,2,67.5,114788,7.0972
1,2,5,3,3,112.5,114545,49.3164
1,2,5,3,4,157.5,113240,112.062
1,2,5,3,5,202.5,114526,66.066
1,2,5,3,6,247.5,114167,45.5642
1,2,5,3,7,292.5,115291,27.4196
1,2,5,3,8,337.5,115748,0
1,2,5,4,1,22.5,95519,0
1,2,5,4,2,67.5,94462,16.291
1,2,5,4,3,112.5,94524,41.8568
1,2,5,4,4,157.5,93164,104.957
1,2,5,4,5,202.5,93017,61.4501
1,2,5,4,6,247.5,94501,49.172
1,2,5,4,7,292.5,94837,37.2328
1,2,5,4,8,337.5,96467,0
1,2,5,5,1,22.5,143654,0
1,2,5,5,2,67.5,142337,47.1691
1,2,5,5,3,112.5,139844,50.7848
1,2,5,5,4,157.5,139414,137.011
1,2,5,5,5,202.5,139642,79.4728
1,2,5,5,6,247.5,140963,85.3532
1,2,5,5,7,292.5,142381,58.9894
1,2,5,5,8,337.5,142932,0
1,2,5,6,1,22.5,96377,0
1,2,5,6,2,67.5,95039,57.5594
1,2,5,6,3,112.5,94164,47.5386
1,2,5,6,4,157.5,92921,114.105
1,2,5,6,5,202.5,93445,69.1124
1,2,5,6,6,247.5,94282,88.4917
1,2,5,6,7,292.5,95522,53.0783
1,2,5,6,8,337.5,96075,0
1,2,5,7,1,22.5,63866,0
1,2,5,7,2,67.5,63364,56.7604
1,2,5,7,3,112.5,62822,44.4714
1,2,5,7,4,157.5,62013,95.3217
1,2,5,7,5,202.5,61699,59.0461
1,2,5,7,6,247.5,62457,81.302
1,2,5,7,7,292.5,63817,41.3729
1,2,5,7,8,337.5,64025,6.791
1,2,5,8,1,22.5,57956,9.16551
1,2,5,8,2,67.5,57029,60.4847
1,2,5,8,3,112.5,56037,50.2203
1,2,5,8,4,157.5,55505,90.0289
1,2,5,8,5,202.5,55219,57.5697
1,2,5,8,6,247.5,56506,81.8887
1,2,5,8,7,292.5,57237,40.0116
1,2,5,8,8,337.5,58302,13.9471
1,2,5,9,1,22.5,31025,14.8823
1,2,5,9,2,67.5,30811,46.0808
1,2,5,9,3,112.5,30195,41.0262
1,2,5,9,4,157.5,29780,65.0151
1,2,5,9,5,202.5,29596,41.9054
1,2,5,9,6,247.5,30428,64.1115
1,2,5,9,7,292.5,30753,32.0771
1,2,5,9,8,337.5,30759,17.0536
1,2,5,10,1,22.5,20425,20.5419
1,2,5,10,2,67.5,20220,38.6645
1,2,5,10,3,112.5,19761,36.5519
1,2,5,10,4,157.5,19387,52.0899
1,2,5,10,5,202.5,19529,34.7193
1,2,5,10,6,247.5,19633,51.8826
1,2,5,10,7,292.5,20090,29.2793
1,2,5,10,8,337.5,20248,17.9304
1,2,5,11,1,22.5,13727,21.2348
1,2,5,11,2,67.5,13600,31.1377
1,2,5,11,3,112.5,13452,33.202
1,2,5,11,4,157.5,12993,41.686
1,2,5,11,5,202.5,13100,29.355
1,2,5,11,6,247.5,13244,42.741
1,2,5,11,7,292.5,13756,28.7825
1,2,5,11,8,337.5,13640,17.1831
1,2,6,1,1,22.5,85195,7.21723
1,2,6,1,2,67.5,85394,16.2469
1,2,6,1,3,112.5,85437,44.9412
1,2,6,1,4,157.5,84992,68.9528
1,2,6,1,5,202.5,85229,46.7747
1,2,6,1,6,247.5,85310,14.5015
1,2,6,1,7,292.5,85803,0
1,2,6,1,8,337.5,86068,0
1,2,6,2,1,22.5,72190,0
1,2,6,2,2,67.5,71915,0
1,2,6,2,3,112.5,71481,47.2715
1,2,6,2,4,157.5,71738,78.8713
1,2,6,2,5,202.5,71060,49.6199
1,2,6,2,6,247.5,71526,4.95078
1,2,6,2,7,292.5,72623,0
1,2,6,2,8,337.5,72322,0
1,2,6,3,1,22.5,61612,0
1,2,6,3,2,67.5,60497,0
1,2,6,3,3,112.5,59787,39.8092
1,2,6,3,4,157.5,59623,78.9414
1,2,6,3,5,202.5,59400,48.5681
1,2,6,3,6,247.5,60006,15.9985
1,2,6,3,7,292.5,60142,9.06973
1,2,6,3,8,337.5,60793,0
1,2,6,4,1,22.5,51151,0
1,2,6,4,2,67.5,50700,0
1,2,6,4,3,112.5,50150,33.8809
1,2,6,4,4,157.5,49806,76.9246
1,2,6,4,5,202.5,49652,46.2558
1,2,6,4,6,247.5,50388,27.6789
1,2,6,4,7,292.5,50641,21.3614
1,2,6,4,8,337.5,50942,0
1,2,6,5,1,22.5,77993,0
1,2,6,5,2,67.5,77908,16.301
1,2,6,5,3,112.5,77262,39.8189
1,2,6,5,4,157.5,76217,101.773
1,2,6,5,5,202.5,75936,60.282
1,2,6,5,6,247.5,76694,51.0369
1,2,6,5,7,292.5,77061,39.4678
1,2,6,5,8,337.5,77734,0
1,2,6,6,1,22.5,53684,0
1,2,6,6,2,67.5,53409,30.0237
1,2,6,6,3,112.5,52579,31.7393
1,2,6,6,4,157.5,52182,87.6031
1,2,6,6,5,202.5,52706,50.6435
1,2,6,6,6,247.5,52798,57.0941
1,2,6,6,7,292.5,53343,39.6477
1,2,6,6,8,337.5,54306,0
1,2,6,7,1,22.5,37169,0
1,2,6,7,2,67.5,36344,35.5881
1,2,6,7,3,112.5,36003,27.8893
1,2,6,7,4,157.5,35780,71.5822
1,2,6,7,5,202.5,35664,43.4465
1,2,6,7,6,247.5,36002,55.2521
1,2,6,7,7,292.5,37144,34.7383
1,2,6,7,8,337.5,37295,0
1,2,6,8,1,22.5,34829,0
1,2,6,8,2,67.5,34295,43.6818
1,2,6,8,3,112.5,33538,30.8458
1,2,6,8,4,157.5,33298,69.9337
1,2,6,8,5,202.5,33119,42.9355
1,2,6,8,6,247.5,33702,60.0718
1,2,6,8,7,292.5,34541,32.5912
1,2,6,8,8,337.5,35125,0
1,2,6,9,1,22.5,19440,0
1,2,6,9,2,67.5,18819,34.8146
1,2,6,9,3,112.5,18371,27.3975
1,2,6,9,4,157.5,18055,50.6714
1,2,6,9,5,202.5,17871,30.9727
1,2,6,9,6,247.5,18310,47.9076
1,2,6,9,7,292.5,19091,22.9792
1,2,6,9,8,337.5,18735,6.64781
1,2,6,10,1,22.5,12585,7.50241
1,2,6,10,2,67.5,12542,30.7442
1,2,6,10,3,112.5,12273,26.11
1,2,6,10,4,157.5,11898,43.0067
1,2,6,10,5,202.5,12071,27.9289
1,2,6,10,6,247.5,12127,39.829
1,2,6,10,7,292.5,12467,19.7736
1,2,6,10,8,337.5,12649,9.49188
1,2,6,11,1,22.5,8568,11.5269
1,2,6,11,2,67.5,8619,24.0529
1,2,6,11,3,112.5,8024,23.7076
1,2,6,11,4,157.5,7944,32.875
1,2,6,11,5,202.5,8115,23.0766
1,2,6,11,6,247.5,8032,33.0638
1,2,6,11,7,292.5,8342,19.3652
1,2,6,11,8,337.5,8578,11.2635
1,2,7,1,1,22.5,36213,5.54127
1,2,7,1,2,67.5,35833,13.8559
1,2,7,1,3,112.5,35833,31.1187
1,2,7,1,4,157.5,35836,45.5183
1,2,7,1,5,202.5,35613,29.7407
1,2,7,1,6,247.5,36339,10.235
1,2,7,1,7,292.5,36077,0
1,2,7,1,8,337.5,36153,4.41832
1,2,7,2,1,22.5,30823,0
1,2,7,2,2,67.5,29996,0
1,2,7,2,3,112.5,30346,33.5173
1,2,7,2,4,157.5,29707,51.3119
1,2,7,2,5,202.5,30047,36.3708
1,2,7,2,6,247.5,30238,0
1,2,7,2,7,292.5,30469,0
1,2,7,2,8,337.5,30561,0
1,2,7,3,1,22.5,25419,0
1,2,7,3,2,67.5,25543,0
1,2,7,3,3,112.5,25190,29.2684
1,2,7,3,4,157.5,24949,52.3177
1,2,7,3,5,202.5,25381,32.1362
1,2,7,3,6,247.5,25486,0
1,2,7,3,7,292.5,25245,0
1,2,7,3,8,337.5,25788,0
1,2,7,4,1,22.5,21625,0
1,2,7,4,2,67.5,21303,0
1,2,7,4,3,112.5,21125,25.7036
1,2,7,4,4,157.5,21195,52.0025
1,2,7,4,5,202.5,20829,30.9848
1,2,7,4,6,247.5,21134,10.4862
1,2,7,4,7,292.5,21383,10.1884
1,2,7,4,8,337.5,21665,0
1,2,7,5,1,22.5,33245,0
1,2,7,5,2,67.5,33441,0
1,2,7,5,3,112.5,32839,29.5671
1,2,7,5,4,157.5,32098,68.721
1,2,7,5,5,202.5,32392,40.4494
1,2,7,5,6,247.5,32611,26.034
1,2,7,5,7,292.5,33268,21.3821
1,2,7,5,8,337.5,33302,0
1,2,7,6,1,22.5,23017,0
1,2,7,6,2,67.5,22806,12.3645
1,2,7,6,3,112.5,22570,22.7849
1,2,7,6,4,157.5,22674,59.6202
1,2,7,6,5,202.5,22394,34.8699
1,2,7,6,6,247.5,22700,31.7565
1,2,7,6,7,292.5,23327,24.5203
1,2,7,6,8,337.5,23217,0
1,2,7,7,1,22.5,16079,0
1,2,7,7,2,67.5,16129,17.9385
1,2,7,7,3,112.5,15754,18.9694
1,2,7,7,4,157.5,15722,49.1561
1,2,7,7,5,202.5,15730,28.4523
1,2,7,7,6,247.5,15891,32.5379
1,2,7,7,7,292.5,16010,22.7257
1,2,7,7,8,337.5,16374,0
1,2,7,8,1,22.5,15487,0
1,2,7,8,2,67.5,15353,24.5198
1,2,7,8,3,112.5,15020,19.7437
1,2,7,8,4,157.5,14810,48.7903
1,2,7,8,5,202.5,15027,28.7827
1,2,7,8,6,247.5,15080,38.0534
1,2,7,8,7,292.5,15346,23.1752
1,2,7,8,8,337.5,15464,0
1,2,7,9,1,22.5,8655,0
1,2,7,9,2,67.5,8406,21.0738
1,2,7,9,3,112.5,8037,16.5702
1,2,7,9,4,157.5,8086,33.9227
1,2,7,9,5,202.5,8179,21.3204
1,2,7,9,6,247.5,8164,29.0368
1,2,7,9,7,292.5,8286,16.9157
1,2,7,9,8,337.5,8619,0
1,2,7,10,1,22.5,5072,0
1,2,7,10,2,67.5,5087,17.3418
1,2,7,10,3,112.5,4944,13.7376
1,2,7,10,4,157.5,4867,26.2715
1,2,7,10,5,202.5,5009,17.6618
1,2,7,10,6,247.5,4955,24.9566
1,2,7,10,7,292.5,5036,20.6464
1,2,7,10,8,337.5,5157,0
1,2,7,11,1,22.5,2008,0
1,2,7,11,2,67.5,1945,12.2972
1,2,7,11,3,112.5,1973,10.3902
1,2,7,11,4,157.5,1926,15.7683
1,2,7,11,5,202.5,1935,11.9128
1,2,7,11,6,247.5,2006,16.3219
1,2,7,11,7,292.5,1973,6.38953
1,2,7,11,8,337.5,2112,0
1,2,8,1,1,22.5,9918,4.15646
1,2,8,1,2,67.5,9870,7.95333
1,2,8,1,3,112.5,9863,16.0424
1,2,8,1,4,157.5,9787,22.3975
1,2,8,1,5,202.5,9778,16.1442
1,2,8,1,6,247.5,9868,5.68482
1,2,8,1,7,292.5,9957,0
1,2,8,1,8,337.5,10012,0
1,2,8,2,1,22.5,8114,0
1,2,8,2,2,67.5,8017,0
1,2,8,2,3,112.5,8056,15.912
1,2,8,2,4,157.5,8075,26.7053
1,2,8,2,5,202.5,8007,16.7863
1,2,8,2,6,247.5,8161,0
1,2,8,2,7,292.5,7982,0
1,2,8,2,8,337.5,8084,0
1,2,8,3,1,22.5,6615,0
1,2,8,3,2,67.5,6576,0
1,2,8,3,3,112.5,6490,16.807
1,2,8,3,4,157.5,6428,26.1911
1,2,8,3,5,202.5,6545,16.5418
1,2,8,3,6,247.5,6440,0
1,2,8,3,7,292.5,6528,0
1,2,8,3,8,337.5,6510,0
1,2,8,4,1,22.5,5326,0
1,2,8,4,2,67.5,5296,0
1,2,8,4,3,112.5,5242,10.763
1,2,8,4,4,157.5,5185,25.515
1,2,8,4,5,202.5,5220,15.0694
1,2,8,4,6,247.5,5334,0
1,2,8,4,7,292.5,5207,0
1,2,8,4,8,337.5,5274,0
1,2,8,5,1,22.5,7559,0
1,2,8,5,2,67.5,7302,0
1,2,8,5,3,112.5,7257,17.6984
1,2,8,5,4,157.5,7292,30.0642
1,2,8,5,5,202.5,7246,18.1566
1,2,8,5,6,247.5,7367,9.96732
1,2,8,5,7,292.5,7546,7.17455
1,2,8,5,8,337.5,7426,0
1,2,8,6,1,22.5,4452,0
1,2,8,6,2,67.5,4351,0
1,2,8,6,3,112.5,4282,9.69221
1,2,8,6,4,157.5,4266,23.0284
1,2,8,6,5,202.5,4335,13.4164
1,2,8,6,6,247.5,4332,11.665
1,2,8,6,7,292.5,4332,7.45309
1,2,8,6,8,337.5,4347,0
1,2,8,7,1,22.5,2300,0
1,2,8,7,2,67.5,2365,0
1,2,8,7,3,112.5,2313,6.15572
1,2,8,7,4,157.5,2294,16.8959
1,2,8,7,5,202.5,2235,9.90836
1,2,8,7,6,247.5,2261,10.5066
1,2,8,7,7,292.5,2300,7.02922
1,2,8,7,8,337.5,2343,0
1,2,8,8,1,22.5,1358,0
1,2,8,8,2,67.5,1356,0
1,2,8,8,3,112.5,1304,4.67665
1,2,8,8,4,157.5,1315,12.8259
1,2,8,8,5,202.5,1425,5.60317
1,2,8,8,6,247.5,1296,7.23483
1,2,8,8,7,292.5,1378,4.58139
1,2,8,8,8,337.5,1438,0
1,2,8,9,1,22.5,287,0
1,2,8,9,2,67.5,286,0
1,2,8,9,3,112.5,272,0
1,2,8,9,4,157.5,275,4.12018
1,2,8,9,5,202.5,251,0
1,2,8,9,6,247.5,247,0
1,2,8,9,7,292.5,292,0
1,2,8,9,8,337.5,291,0
1,2,8,10,1,22.5,17,0
1,2,8,10,2,67.5,10,0
1,2,8,10,3,112.5,9,0
1,2,8,10,4,157.5,8,0
1,2,8,10,5,202.5,6,0
1,2,8,10,6,247.5,16,0
1,2,8,10,7,292.5,19,0
1,2,8,10,8,337.5,11,0
1,2,8,11,1,22.5,0,0
1,2,8,11,2,67.5,0,0
1,2,8,11,3,112.5,0,0
1,2,8,11,4,157.5,0,0
1,2,8,11,5,202.5,0,0
1,2,8,11,6,247.5,0,0
1,2,8,11,7,292.5,0,0
1,2,8,11,8,337.5,0,0
2,3,1,1,1,22.5,1.4381e+07,64.9297
2,3,1,1,2,67.5,1.43759e+07,146.632
2,3,1,1,3,112.5,1.4354e+07,257.143
2,3,1,1,4,157.5,1.43362e+07,187.613
2,3,1,1,5,202.5,1.43337e+07,355.344
2,3,1,1,6,247.5,1.43548e+07,385.034
2,3,1,1,7,292.5,1.43671e+07,150.581
2,3,1,1,8,337.5,1.43778e+07,61.0254
2,3,1,2,1,22.5,6.04264e+06,51.1629
2,3,1,2,2,67.5,6.02661e+06,104.66
2,3,1,2,3,112.5,6.01704e+06,149.847
2,3,1,2,4,157.5,6.00247e+06,176.379
2,3,1,2,5,202.5,6.00562e+06,139.575
2,3,1,2,6,247.5,6.02103e+06,129.854
2,3,1,2,7,292.5,6.03101e+06,139.606
2,3,1,2,8,337.5,6.04088e+06,40.4175
2,3,1,3,1,22.5,3.08533e+06,43.0254
2,3,1,3,2,67.5,3.07561e+06,98.7828
2,3,1,3,3,112.5,3.0666e+06,95.4127
2,3,1,3,4,157.5,3.05675e+06,100.729
2,3,1,3,5,202.5,3.05621e+06,84.1407
2,3,1,3,6,247.5,3.06595e+06,106.786
2,3,1,3,7,292.5,3.07441e+06,98.6447
2,3,1,3,8,337.5,3.0885e+06,34.29
2,3,1,4,1,22.5,1.72119e+06,33.9705
2,3,1,4,2,67.5,1.71862e+06,74.1554
2,3,1,4,3,112.5,1.70992e+06,66.4229
2,3,1,4,4,157.5,1.70438e+06,56.3994
2,3,1,4,5,202.5,1.70788e+06,50.6137
2,3,1,4,6,247.5,1.70862e+06,72.8497
2,3,1,4,7,292.5,1.71482e+06,71.0418
2,3,1,4,8,337.5,1.72322e+06,31.3127
2,3,1,5,1,22.5,1.63582e+06,36.7091
2,3,1,5,2,67.5,1.62886e+06,63.9734
2,3,1,5,3,112.5,1.62296e+06,53.2256
2,3,1,5,4,157.5,1.61883e+06,37.6647
2,3,1,5,5,202.5,1.61869e+06,35.067
2,3,1,5,6,247.5,1.62052e+06,58.7382
2,3,1,5,7,292.5,1.6305e+06,62.7109
2,3,1,5,8,337.5,1.63495e+06,33.4154
2,3,1,6,1,22.5,630964,15.1092
2,3,1,6,2,67.5,629321,21.8633
2,3,1,6,3,112.5,626746,18.5482
2,3,1,6,4,157.5,621444,12.0198
2,3,1,6,5,202.5,622335,11.8615
2,3,1,6,6,247.5,627259,19.8515
2,3,1,6,7,292.5,627863,23.9077
2,3,1,6,8,337.5,633032,11.2613
2,3,1,7,1,22.5,255878,0
2,3,1,7,2,67.5,253751,4.03181
2,3,1,7,3,112.5,251860,0
2,3,1,7,4,157.5,252092,0
2,3,1,7,5,202.5,252645,0
2,3,1,7,6,247.5,252856,7.81312
2,3,1,7,7,292.5,253423,0
2,3,1,7,8,337.5,255390,0
2,3,1,8,1,22.5,130100,0
2,3,1,8,2,67.5,129850,0
2,3,1,8,3,112.5,128325,6.50802
2,3,1,8,4,157.5,127454,0
2,3,1,8,5,202.5,128086,0
2,3,1,8,6,247.5,128221,0
2,3,1,8,7,292.5,129771,0
2,3,1,8,8,337.5,130652,0
2,3,1,9,1,22.5,31611,0
2,3,1,9,2,67.5,31744,0
2,3,1,9,3,112.5,31212,0
2,3,1,9,4,157.5,31328,0
2,3,1,9,5,202.5,30879,0
2,3,1,9,6,247.5,31306,0
2,3,1,9,7,292.5,31582,0
2,3,1,9,8,337.5,31802,0
2,3,1,10,1,22.5,6782,0
2,3,1,10,2,67.5,6651,0
2,3,1,10,3,112.5,6652,0
2,3,1,10,4,157.5,6526,0
2,3,1,10,5,202.5,6368,0
2,3,1,10,6,247.5,6478,0
2,3,1,10,7,292.5,6729,0
2,3,1,10,8,337.5,6689,0
2,3,1,11,1,22.5,406,0
2,3,1,11,2,67.5,385,0
2,3,1,11,3,112.5,363,0
2,3,1,11,4,157.5,370,0
2,3,1,11,5,202.5,364,0
2,3,1,11,6,247.5,419,0
2,3,1,11,7,292.5,375,0
2,3,1,11,8,337.5,407,0
2,3,2,1,1,22.5,1.29856e+06,23.2575
2,3,2,1,2,67.5,1.29938e+06,294.504
2,3,2,1,3,112.5,1.29888e+06,277.441
2,3,2,1,4,157.5,1.29394e+06,305.358
2,3,2,1,5,202.5,1.29438e+06,332.822
2,3,2,1,6,247.5,1.29754e+06,221.844
2,3,2,1,7,292.5,1.29645e+06,273.949
2,3,2,1,8,337.5,1.30089e+06,72.7734
2,3,2,2,1,22.5,1.0008e+06,54.1656
2,3,2,2,2,67.5,998278,162.947
2,3,2,2,3,112.5,994277,222.082
2,3,2,2,4,157.5,993083,328.586
2,3,2,2,5,202.5,993901,250.823
2,3,2,2,6,247.5,996779,220.688
2,3,2,2,7,292.5,995866,167.67
2,3,2,2,8,337.5,1.00039e+06,50.2236
2,3,2,3,1,22.5,752234,72.8808
2,3,2,3,2,67.5,750307,156.867
2,3,2,3,3,112.5,747708,166.511
2,3,2,3,4,157.5,743174,234.485
2,3,2,3,5,202.5,745887,183.22
2,3,2,3,6,247.5,746885,190.557
2,3,2,3,7,292.5,750484,166.7
2,3,2,3,8,337.5,753021,54.2555
2,3,2,4,1,22.5,558445,65.1734
2,3,2,4,2,67.5,556723,149.784
2,3,2,4,3,112.5,552683,143.814
2,3,2,4,4,157.5,551318,169.659
2,3,2,4,5,202.5,550419,140.39
2,3,2,4,6,247.5,553199,175.192
2,3,2,4,7,292.5,556962,138.74
2,3,2,4,8,337.5,557544,46.9776
2,3,2,5,1,22.5,721133,80.3728
2,3,2,5,2,67.5,718239,173.719
2,3,2,5,3,112.5,713667,167.524
2,3,2,5,4,157.5,712371,178.803
2,3,2,5,5,202.5,712454,140.635
2,3,2,5,6,247.5,714331,202.513
2,3,2,5,7,292.5,717565,155.993
2,3,2,5,8,337.5,722671,71.7465
2,3,2,6,1,22.5,408062,75.2966
2,3,2,6,2,67.5,407069,120.626
2,3,2,6,3,112.5,404009,112.538
2,3,2,6,4,157.5,400942,94.3649
2,3,2,6,5,202.5,403017,77.968
2,3,2,6,6,247.5,405129,125.292
2,3,2,6,7,292.5,405644,110.269
2,3,2,6,8,337.5,409047,61.755
2,3,2,7,1,22.5,238425,54.0906
2,3,2,7,2,67.5,238537,73.2995
2,3,2,7,3,112.5,237401,69.9144
2,3,2,7,4,157.5,234119,49.7348
2,3,2,7,5,202.5,234603,41.1859
2,3,2,7,6,247.5,236131,75.1498
2,3,2,7,7,292.5,238419,74.7799
2,3,2,7,8,337.5,239069,43.5513
2,3,2,8,1,22.5,190847,37.6198
2,3,2,8,2,67.5,189048,47.8394
2,3,2,8,3,112.5,188033,44.2314
2,3,2,8,4,157.5,186250,26.9442
2,3,2,8,5,202.5,186426,21.5956
2,3,2,8,6,247.5,188950,51.6551
2,3,2,8,7,292.5,189677,51.9577
2,3,2,8,8,337.5,189395,28.0263
2,3,2,9,1,22.5,87640,15.6745
2,3,2,9,2,67.5,86628,21.197
2,3,2,9,3,112.5,85999,16.4832
2,3,2,9,4,157.5,86192,6.51526
2,3,2,9,5,202.5,86169,5.95284
2,3,2,9,6,247.5,86198,17.6992
2,3,2,9,7,292.5,87175,19.5581
2,3,2,9,8,337.5,87446,11.0589
2,3,2,10,1,22.5,44631,4.33743
2,3,2,10,2,67.5,44855,0
2,3,2,10,3,112.5,44092,6.06123
2,3,2,10,4,157.5,43987,0
2,3,2,10,5,202.5,43942,4.93033
2,3,2,10,6,247.5,44028,4.69157
2,3,2,10,7,292.5,44700,5.21586
2,3,2,10,8,337.5,44417,0
2,3,2,11,1,22.5,13826,0
2,3,2,11,2,67.5,13887,0
2,3,2,11,3,112.5,13544,0
2,3,2,11,4,157.5,13294,0
2,3,2,11,5,202.5,13313,0
2,3,2,11,6,247.5,13734,3.91555
2,3,2,11,7,292.5,13746,0
2,3,2,11,8,337.5,13920,0
2,3,3,1,1,22.5,625050,66.6466
2,3,3,1,2,67.5,624445,134.836
2,3,3,1,3,112.5,623168,342.783
2,3,3,1,4,157.5,621721,240.05
2,3,3,1,5,202.5,623506,216.71
2,3,3,1,6,247.5,623680,156.916
2,3,3,1,7,292.5,625418,137.338
2,3,3,1,8,337.5,625858,67.8998
2,3,3,2,1,22.5,499372,18.52
2,3,3,2,2,67.5,497357,101.789
2,3,3,2,3,112.5,495703,128.879
2,3,3,2,4,157.5,494026,308.476
2,3,3,2,5,202.5,493550,173.28
2,3,3,2,6,247.5,496537,138.591
2,3,3,2,7,292.5,496784,97.2228
2,3,3,2,8,337.5,498296,18.1642
2,3,3,3,1,22.5,392003,26.0259
2,3,3,3,2,67.5,391146,95.9312
2,3,3,3,3,112.5,388589,114.226
2,3,3,3,4,157.5,387890,206.541
2,3,3,3,5,202.5,387565,147.806
2,3,3,3,6,247.5,389406,133.987
2,3,3,3,7,292.5,390652,108.779
2,3,3,3,8,337.5,391898,32.0797
2,3,3,4,1,22.5,306592,38.5454
2,3,3,4,2,67.5,303557,103.236
2,3,3,4,3,112.5,301373,98.5946
2,3,3,4,4,157.5,301284,174.852
2,3,3,4,5,202.5,301103,127.355
2,3,3,4,6,247.5,302375,138.248
2,3,3,4,7,292.5,303360,106.3
2,3,3,4,8,337.5,305714,32.8918
2,3,3,5,1,22.5,418846,54.223
2,3,3,5,2,67.5,416424,150.647
2,3,3,5,3,112.5,414273,131.414
2,3,3,5,4,157.5,412174,210.618
2,3,3,5,5,202.5,411334,145.423
2,3,3,5,6,247.5,413866,185.985
2,3,3,5,7,292.5,417055,125.575
2,3,3,5,8,337.5,418571,46.3717
2,3,3,6,1,22.5,248162,47.2298
2,3,3,6,2,67.5,247557,120.549
2,3,3,6,3,112.5,244623,112.688
2,3,3,6,4,157.5,244716,145.369
2,3,3,6,5,202.5,245026,109.874
2,3,3,6,6,247.5,244398,152.089
2,3,3,6,7,292.5,248258,95.8136
2,3,3,6,8,337.5,249848,45.4576
2,3,3,7,1,22.5,150117,51.0249
2,3,3,7,2,67.5,149876,93.49
2,3,3,7,3,112.5,147660,91.819
2,3,3,7,4,157.5,146615,102.719
2,3,3,7,5,202.5,146975,77.4099
2,3,3,7,6,247.5,147526,117.016
2,3,3,7,7,292.5,148109,78.5674
2,3,3,7,8,337.5,149887,46.7632
2,3,3,8,1,22.5,123725,56.955
2,3,3,8,2,67.5,122477,82.0048
2,3,3,8,3,112.5,121163,83.7952
2,3,3,8,4,157.5,120626,76.4221
2,3,3,8,5,202.5,121301,61.0663
2,3,3,8,6,247.5,121879,98.9419
2,3,3,8,7,292.5,123044,76.7008
2,3,3,8,8,337.5,124037,48.324
2,3,3,9,1,22.5,62696,43.2072
2,3,3,9,2,67.5,62605,54.304
2,3,3,9,3,112.5,61634,54.5827
2,3,3,9,4,157.5,61152,40.7014
2,3,3,9,5,202.5,61003,33.3942
2,3,3,9,6,247.5,61358,60.4431
2,3,3,9,7,292.5,62138,54.4457
2,3,3,9,8,337.5,62196,33.3546
2,3,3,10,1,22.5,40021,29.325
2,3,3,10,2,67.5,39786,36.1172
2,3,3,10,3,112.5,39116,35.0779
2,3,3,10,4,157.5,38741,22.6975
2,3,3,10,5,202.5,39052,17.4315
2,3,3,10,6,247.5,39288,37.1308
2,3,3,10,7,292.5,39384,38.0596
2,3,3,10,8,337.5,39742,21.8528
2,3,3,11,1,22.5,23008,15.1177
2,3,3,11,2,67.5,22938,19.5668
2,3,3,11,3,112.5,22552,17.4111
2,3,3,11,4,157.5,22127,8.0432
2,3,3,11,5,202.5,22184,8.04018
2,3,3,11,6,247.5,22338,18.8177
2,3,3,11,7,292.5,22783,18.7062
2,3,3,11,8,337.5,22888,10.3783
2,3,4,1,1,22.5,342165,36.8297
2,3,4,1,2,67.5,342496,76.2857
2,3,4,1,3,112.5,341749,121.57
2,3,4,1,4,157.5,341041,190.958
2,3,4,1,5,202.5,341454,147.639
2,3,4,1,6,247.5,342294,72.5014
2,3,4,1,7,292.5,341383,60.7109
2,3,4,1,8,337.5,343361,41.7299
2,3,4,2,1,22.5,279047,15.4648
2,3,4,2,2,67.5,278680,44.9531
2,3,4,2,3,112.5,277723,91.4204
2,3,4,2,4,157.5,276894,187.988
2,3,4,2,5,202.5,277569,130.707
2,3,4,2,6,247.5,278411,60.033
2,3,4,2,7,292.5,278441,54.78
2,3,4,2,8,337.5,280283,12.5864
2,3,4,3,1,22.5,226172,8.52331
2,3,4,3,2,67.5,225921,43.3916
2,3,4,3,3,112.5,224598,75.2279
2,3,4,3,4,157.5,224096,176.135
2,3,4,3,5,202.5,223910,116.224
2,3,4,3,6,247.5,225166,73.8055
2,3,4,3,7,292.5,225367,68.6296
2,3,4,3,8,337.5,227478,6.21241
2,3,4,4,1,22.5,182918,9.67616
2,3,4,4,2,67.5,181152,55.745
2,3,4,4,3,112.5,179994,62.7591
2,3,4,4,4,157.5,178982,150.263
2,3,4,4,5,202.5,180612,98.7039
2,3,4,4,6,247.5,181148,84.2094
2,3,4,4,7,292.5,182313,77.127
2,3,4,4,8,337.5,182760,12.9602
2,3,4,5,1,22.5,263360,22.3736
2,3,4,5,2,67.5,261972,102.181
2,3,4,5,3,112.5,259646,80.6323
2,3,4,5,4,157.5,258053,179.564
2,3,4,5,5,202.5,257786,121.681
2,3,4,5,6,247.5,259350,131.259
2,3,4,5,7,292.5,261880,105.972
2,3,4,5,8,337.5,264085,20.5971
2,3,4,6,1,22.5,166947,20.0488
2,3,4,6,2,67.5,165564,99.3343
2,3,4,6,3,112.5,163479,75.7575
2,3,4,6,4,157.5,162374,141.22
2,3,4,6,5,202.5,162476,97.5358
2,3,4,6,6,247.5,163400,120.862
2,3,4,6,7,292.5,165079,84.6299
2,3,4,6,8,337.5,165762,19.2081
2,3,4,7,1,22.5,104803,18.2783
2,3,4,7,2,67.5,103230,83.9515
2,3,4,7,3,112.5,102459,68.4082
2,3,4,7,4,157.5,101286,108.011
2,3,4,7,5,202.5,101946,75.4742
2,3,4,7,6,247.5,102920,102.455
2,3,4,7,7,292.5,104197,62.7868
2,3,4,7,8,337.5,104875,23.7517
2,3,4,8,1,22.5,88342,29.8477
2,3,4,8,2,67.5,87651,77.4991
2,3,4,8,3,112.5,86694,70.0905
2,3,4,8,4,157.5,85816,95.7757
2,3,4,8,5,202.5,85962,68.5857
2,3,4,8,6,247.5,86507,98.7366
2,3,4,8,7,292.5,88153,58.5723
2,3,4,8,8,337.5,88312,34.5153
2,3,4,9,1,22.5,44212,30.7308
2,3,4,9,2,67.5,44142,53.3237
2,3,4,9,3,112.5,43911,54.5743
2,3,4,9,4,157.5,43270,61.3698
2,3,4,9,5,202.5,43286,45.8502
2,3,4,9,6,247.5,43667,69.2742
2,3,4,9,7,292.5,44098,44.238
2,3,4,9,8,337.5,44580,30.3585
2,3,4,10,1,22.5,28028,30.1324
2,3,4,10,2,67.5,27900,42.1424
2,3,4,10,3,112.5,27536,43.2049
2,3,4,10,4,157.5,27245,41.8691
2,3,4,10,5,202.5,27225,32.3314
2,3,4,10,6,247.5,27209,53.0546
2,3,4,10,7,292.5,27604,39.3675
2,3,4,10,8,337.5,28095,25.5316
2,3,4,11,1,22.5,17137,26.2947
2,3,4,11,2,67.5,17086,31.3044
2,3,4,11,3,112.5,16909,32.0649
2,3,4,11,4,157.5,16792,26.2168
2,3,4,11,5,202.5,16786,20.5979
2,3,4,11,6,247.5,17025,37.7523
2,3,4,11,7,292.5,16995,31.495
2,3,4,11,8,337.5,17195,19.2113
2,3,5,1,1,22.5,197664,31.5135
2,3,5,1,2,67.5,196399,54.4133
2,3,5,1,3,112.5,196349,101.691
2,3,5,1,4,157.5,195999,140.947
2,3,5,1,5,202.5,195651,103.317
2,3,5,1,6,247.5,197256,46.362
2,3,5,1,7,292.5,197120,27.7835
2,3,5,1,8,337.5,197313,26.2453
2,3,5,2,1,22.5,163851,7.51195
2,3,5,2,2,67.5,162978,18.9319
2,3,5,2,3,112.5,161913,82.958
2,3,5,2,4,157.5,161673,141.52
2,3,5,2,5,202.5,161678,97.4828
2,3,5,2,6,247.5,162478,23.4037
2,3,5,2,7,292.5,163165,22.0108
2,3,5,2,8,337.5,163237,7.13029
2,3,5,3,1,22.5,134667,0
2,3,5,3,2,67.5,134295,14.049
2,3,5,3,3,112.5,133580,60.9118
2,3,5,3,4,157.5,133233,132.712
2,3,5,3,5,202.5,133302,90.6143
2,3,5,3,6,247.5,133725,33.975
2,3,5,3,7,292.5,134032,39.143
2,3,5,3,8,337.5,135145,4.74276
2,3,5,4,1,22.5,111471,0
2,3,5,4,2,67.5,110373,23.0636
2,3,5,4,3,112.5,108963,48.8826
2,3,5,4,4,157.5,108903,117.784
2,3,5,4,5,202.5,109286,80.7247
2,3,5,4,6,247.5,108904,46.8492
2,3,5,4,7,292.5,110113,52.572
2,3,5,4,8,337.5,110179,0
2,3,5,5,1,22.5,164713,0
2,3,5,5,2,67.5,162760,57.8129
2,3,5,5,3,112.5,162171,56.4854
2,3,5,5,4,157.5,161339,150.548
2,3,5,5,5,202.5,162063,100.859
2,3,5,5,6,247.5,162166,82.1856
2,3,5,5,7,292.5,164131,83.8925
2,3,5,5,8,337.5,164398,7.48146
2,3,5,6,1,22.5,109131,0
2,3,5,6,2,67.5,108523,71.4939
2,3,5,6,3,112.5,107680,50.0395
2,3,5,6,4,157.5,106037,119.049
2,3,5,6,5,202.5,106167,81.0719
2,3,5,6,6,247.5,106805,85.74
2,3,5,6,7,292.5,107734,74.4922
2,3,5,6,8,337.5,109086,0
2,3,5,7,1,22.5,71440,4.29412
2,3,5,7,2,67.5,70879,68.0616
2,3,5,7,3,112.5,70081,45.0863
2,3,5,7,4,157.5,70018,94.7211
2,3,5,7,5,202.5,69748,64.3328
2,3,5,7,6,247.5,70611,80.0142
2,3,5,7,7,292.5,71220,58.1134
2,3,5,7,8,337.5,71589,0
2,3,5,8,1,22.5,63952,9.04666
2,3,5,8,2,67.5,63000,69.0414
2,3,5,8,3,112.5,62050,51.997
2,3,5,8,4,157.5,61363,89.1304
2,3,5,8,5,202.5,61581,62.2525
2,3,5,8,6,247.5,62126,80.7688
2,3,5,8,7,292.5,62781,50.3567
2,3,5,8,8,337.5,63582,13.8977
2,3,5,9,1,22.5,33298,12.8482
2,3,5,9,2,67.5,32733,48.6482
2,3,5,9,3,112.5,32097,41.159
2,3,5,9,4,157.5,31843,62.7658
2,3,5,9,5,202.5,31735,42.696
2,3,5,9,6,247.5,32226,60.6534
2,3,5,9,7,292.5,32602,34.2085
2,3,5,9,8,337.5,32634,18.4296
2,3,5,10,1,22.5,20481,18.6162
2,3,5,10,2,67.5,19933,36.1238
2,3,5,10,3,112.5,19701,35.7863
2,3,5,10,4,157.5,19331,46.2189
2,3,5,10,5,202.5,19611,34.2647
2,3,5,10,6,247.5,19746,48.0135
2,3,5,10,7,292.5,20130,28.2393
2,3,5,10,8,337.5,20442,19.5127
2,3,5,11,1,22.5,11193,19.0316
2,3,5,11,2,67.5,10944,27.3166
2,3,5,11,3,112.5,10765,29.2744
2,3,5,11,4,157.5,10786,31.6634
2,3,5,11,5,202.5,10860,24.6094
2,3,5,11,6,247.5,10780,36.619
2,3,5,11,7,292.5,11069,23.8714
2,3,5,11,8,337.5,11019,17.4811
2,3,6,1,1,22.5,104663,29.6566
2,3,6,1,2,67.5,104788,48.6949
2,3,6,1,3,112.5,104186,83.0753
2,3,6,1,4,157.5,104147,103.27
2,3,6,1,5,202.5,104228,80.015
2,3,6,1,6,247.5,104456,41.6049
2,3,6,1,7,292.5,104761,20.3619
2,3,6,1,8,337.5,104370,21.6478
2,3,6,2,1,22.5,87169,0
2,3,6,2,2,67.5,88336,18.291
2,3,6,2,3,112.5,87047,68.4389
2,3,6,2,4,157.5,87094,100.251
2,3,6,2,5,202.5,86993,73.9992
2,3,6,2,6,247.5,88302,18.5157
2,3,6,2,7,292.5,87871,0
2,3,6,2,8,337.5,88419,0
2,3,6,3,1,22.5,73980,0
2,3,6,3,2,67.5,73051,0
2,3,6,3,3,112.5,72355,52.9325
2,3,6,3,4,157.5,72725,100.484
2,3,6,3,5,202.5,72020,68.9418
2,3,6,3,6,247.5,72577,13.8773
2,3,6,3,7,292.5,73205,17.2045
2,3,6,3,8,337.5,73874,0
2,3,6,4,1,22.5,61498,0
2,3,6,4,2,67.5,61184,6.32372
2,3,6,4,3,112.5,60536,42.2268
2,3,6,4,4,157.5,59973,90.6157
2,3,6,4,5,202.5,60467,60.7471
2,3,6,4,6,247.5,60314,21.7858
2,3,6,4,7,292.5,60896,29.9123
2,3,6,4,8,337.5,60550,0
2,3,6,5,1,22.5,92730,0
2,3,6,5,2,67.5,92645,23.1317
2,3,6,5,3,112.5,91321,47.882
2,3,6,5,4,157.5,90927,115.337
2,3,6,5,5,202.5,91158,76.7803
2,3,6,5,6,247.5,91387,47.1702
2,3,6,5,7,292.5,92199,56.5332
2,3,6,5,8,337.5,92843,0
2,3,6,6,1,22.5,62968,0
2,3,6,6,2,67.5,62600,40.7154
2,3,6,6,3,112.5,61686,35.3266
2,3,6,6,4,157.5,61463,92.9875
2,3,6,6,5,202.5,60978,62.0008
2,3,6,6,6,247.5,61955,52.5026
2,3,6,6,7,292.5,61769,56.6498
2,3,6,6,8,337.5,63158,0
2,3,6,7,1,22.5,42408,0
2,3,6,7,2,67.5,41397,44.6936
2,3,6,7,3,112.5,41104,30.3345
2,3,6,7,4,157.5,40954,76.4665
2,3,6,7,5,202.5,40915,51.6628
2,3,6,7,6,247.5,40687,53.33
2,3,6,7,7,292.5,41853,48.0411
2,3,6,7,8,337.5,41780,0
2,3,6,8,1,22.5,37394,0
2,3,6,8,2,67.5,36778,50.749
2,3,6,8,3,112.5,36663,33.7861
2,3,6,8,4,157.5,35737,71.4381
2,3,6,8,5,202.5,35951,48.6361
2,3,6,8,6,247.5,36727,56.3273
2,3,6,8,7,292.5,36880,44.2098
2,3,6,8,8,337.5,37402,0
2,3,6,9,1,22.5,19627,0
2,3,6,9,2,67.5,19159,37.8962
2,3,6,9,3,112.5,18516,27.1532
2,3,6,9,4,157.5,18424,48.7963
2,3,6,9,5,202.5,18390,34.2399
2,3,6,9,6,247.5,18748,44.4589
2,3,6,9,7,292.5,19065,29.2156
2,3,6,9,8,337.5,19385,5.19636
2,3,6,10,1,22.5,11279,5.69701
2,3,6,10,2,67.5,10960,29.6584
2,3,6,10,3,112.5,11209,22.7931
2,3,6,10,4,157.5,10978,40.6861
2,3,6,10,5,202.5,10629,26.096
2,3,6,10,6,247.5,10832,35.482
2,3,6,10,7,292.5,11117,20.6593
2,3,6,10,8,337.5,11151,9.14015
2,3,6,11,1,22.5,4775,6.62676
2,3,6,11,2,67.5,4792,19.5957
2,3,6,11,3,112.5,4609,18.2341
2,3,6,11,4,157.5,4573,23.7447
2,3,6,11,5,202.5,4513,16.0648
2,3,6,11,6,247.5,4692,25.1825
2,3,6,11,7,292.5,4762,14.2106
2,3,6,11,8,337.5,4695,7.24603
2,3,7,1,1,22.5,44249,25.1238
2,3,7,1,2,67.5,44524,37.3121
2,3,7,1,3,112.5,44492,54.4359
2,3,7,1,4,157.5,44168,67.6788
2,3,7,1,5,202.5,44489,52.1189
2,3,7,1,6,247.5,44326,30.5083
2,3,7,1,7,292.5,44846,16.4737
2,3,7,1,8,337.5,44684,17.7386
2,3,7,2,1,22.5,36698,4.86021
2,3,7,2,2,67.5,36664,16.3463
2,3,7,2,3,112.5,36634,47.2649
2,3,7,2,4,157.5,36308,67.5439
2,3,7,2,5,202.5,36319,49.6017
2,3,7,2,6,247.5,36708,12.0958
2,3,7,2,7,292.5,37020,0
2,3,7,2,8,337.5,37221,0
2,3,7,3,1,22.5,31224,0
2,3,7,3,2,67.5,30550,7.49632
2,3,7,3,3,112.5,30642,38.6429
2,3,7,3,4,157.5,30234,67.9279
2,3,7,3,5,202.5,30303,44.3586
2,3,7,3,6,247.5,30499,7.91449
2,3,7,3,7,292.5,30555,0
2,3,7,3,8,337.5,30901,0
2,3,7,4,1,22.5,25667,0
2,3,7,4,2,67.5,25340,0
2,3,7,4,3,112.5,25041,31.7511
2,3,7,4,4,157.5,24871,59.5823
2,3,7,4,5,202.5,25137,41.162
2,3,7,4,6,247.5,25174,11.0777
2,3,7,4,7,292.5,25043,13.5132
2,3,7,4,8,337.5,25675,0
2,3,7,5,1,22.5,38315,0
2,3,7,5,2,67.5,37854,6.05027
2,3,7,5,3,112.5,37450,35.3176
2,3,7,5,4,157.5,37015,75.2562
2,3,7,5,5,202.5,37455,51.0374
2,3,7,5,6,247.5,37448,21.9044
2,3,7,5,7,292.5,37684,28.7889
2,3,7,5,8,337.5,37864,0
2,3,7,6,1,22.5,25218,0
2,3,7,6,2,67.5,24999,15.5419
2,3,7,6,3,112.5,24544,24.7397
2,3,7,6,4,157.5,24308,59.8372
2,3,7,6,5,202.5,24173,40.8364
2,3,7,6,6,247.5,24355,28.4861
2,3,7,6,7,292.5,24642,33.4832
2,3,7,6,8,337.5,25134,0
2,3,7,7,1,22.5,15940,0
2,3,7,7,2,67.5,15863,21.0445
2,3,7,7,3,112.5,15728,18.9989
2,3,7,7,4,157.5,15393,46.0298
2,3,7,7,5,202.5,15118,32.0992
2,3,7,7,6,247.5,15800,27.3626
2,3,7,7,7,292.5,15736,29.0512
2,3,7,7,8,337.5,16008,0
2,3,7,8,1,22.5,12718,0
2,3,7,8,2,67.5,12693,24.4546
2,3,7,8,3,112.5,12605,19.1277
2,3,7,8,4,157.5,12395,41.3493
2,3,7,8,5,202.5,12181,26.8636
2,3,7,8,6,247.5,12392,29.6451
2,3,7,8,7,292.5,12686,25.6045
2,3,7,8,8,337.5,12767,0
2,3,7,9,1,22.5,5157,0
2,3,7,9,2,67.5,5163,18.2305
2,3,7,9,3,112.5,5070,12.7473
2,3,7,9,4,157.5,4800,25.411
2,3,7,9,5,202.5,4931,17.0624
2,3,7,9,6,247.5,4920,19.6141
2,3,7,9,7,292.5,5074,15.1881
2,3,7,9,8,337.5,5094,0
2,3,7,10,1,22.5,1942,0
2,3,7,10,2,67.5,1887,11.2069
2,3,7,10,3,112.5,1938,7.73701
2,3,7,10,4,157.5,1827,15.9443
2,3,7,10,5,202.5,1794,9.78756
2,3,7,10,6,247.5,1925,13.4197
2,3,7,10,7,292.5,1890,8.92214
2,3,7,10,8,337.5,2016,0
2,3,7,11,1,22.5,350,0
2,3,7,11,2,67.5,339,3.64756
2,3,7,11,3,112.5,323,4.37909
2,3,7,11,4,157.5,317,7.01435
2,3,7,11,5,202.5,297,0
2,3,7,11,6,247.5,327,4.53995
2,3,7,11,7,292.5,313,0
2,3,7,11,8,337.5,309,0
2,3,8,1,1,22.5,8835,10.9329
2,3,8,1,2,67.5,8852,15.7707
2,3,8,1,3,112.5,8616,24.3086
2,3,8,1,4,157.5,8559,29.0242
2,3,8,1,5,202.5,8598,24.522
2,3,8,1,6,247.5,8767,11.9883
2,3,8,1,7,292.5,8598,7.46946
2,3,8,1,8,337.5,8764,8.80935
2,3,8,2,1,22.5,6664,0
2,3,8,2,2,67.5,6480,8.27185
2,3,8,2,3,112.5,6452,21.5101
2,3,8,2,4,157.5,6497,28.2511
2,3,8,2,5,202.5,6479,19.9396
2,3,8,2,6,247.5,6544,0
2,3,8,2,7,292.5,6685,0
2,3,8,2,8,337.5,6637,0
2,3,8,3,1,22.5,4654,0
2,3,8,3,2,67.5,4710,0
2,3,8,3,3,112.5,4790,14.7636
2,3,8,3,4,157.5,4666,23.7543
2,3,8,3,5,202.5,4614,17.5843
2,3,8,3,6,247.5,4695,4.15807
2,3,8,3,7,292.5,4759,0
2,3,8,3,8,337.5,4840,0
2,3,8,4,1,22.5,3310,0
2,3,8,4,2,67.5,3292,0
2,3,8,4,3,112.5,3408,11.591
2,3,8,4,4,157.5,3401,19.5747
2,3,8,4,5,202.5,3349,13.1729
2,3,8,4,6,247.5,3360,0
2,3,8,4,7,292.5,3479,0
2,3,8,4,8,337.5,3392,0
2,3,8,5,1,22.5,3745,0
2,3,8,5,2,67.5,3734,0
2,3,8,5,3,112.5,3720,11.9164
2,3,8,5,4,157.5,3733,22.4785
2,3,8,5,5,202.5,3730,14.0348
2,3,8,5,6,247.5,3681,4.9506
2,3,8,5,7,292.5,3740,5.48069
2,3,8,5,8,337.5,3868,0
2,3,8,6,1,22.5,1495,0
2,3,8,6,2,67.5,1553,0
2,3,8,6,3,112.5,1465,0
2,3,8,6,4,157.5,1432,11.2903
2,3,8,6,5,202.5,1494,7.474
2,3,8,6,6,247.5,1472,4.3858
2,3,8,6,7,292.5,1525,0
2,3,8,6,8,337.5,1577,0
2,3,8,7,1,22.5,500,0
2,3,8,7,2,67.5,500,0
2,3,8,7,3,112.5,463,0
2,3,8,7,4,157.5,508,6.79786
2,3,8,7,5,202.5,459,0
2,3,8,7,6,247.5,458,0
2,3,8,7,7,292.5,498,0
2,3,8,7,8,337.5,484,0
2,3,8,8,1,22.5,125,0
2,3,8,8,2,67.5,150,0
2,3,8,8,3,112.5,144,0
2,3,8,8,4,157.5,143,0
2,3,8,8,5,202.5,125,0
2,3,8,8,6,247.5,130,0
2,3,8,8,7,292.5,142,0
2,3,8,8,8,337.5,140,0
2,3,8,9,1,22.5,7,0
2,3,8,9,2,67.5,3,0
2,3,8,9,3,112.5,6,0
2,3,8,9,4,157.5,4,0
2,3,8,9,5,202.5,5,0
2,3,8,9,6,247.5,6,0
2,3,8,9,7,292.5,4,0
2,3,8,9,8,337.5,4,0
2,3,8,10,1,22.5,0,0
2,3,8,10,2,67.5,0,0
2,3,8,10,3,112.5,0,0
2,3,8,10,4,157.5,0,0
2,3,8,10,5,202.5,0,0
2,3,8,10,6,247.5,0,0
2,3,8,10,7,292.5,0,0
2,3,8,10,8,337.5,0,0
2,3,8,11,1,22.5,0,0
2,3,8,11,2,67.5,0,0
2,3,8,11,3,112.5,0,0
2,3,8,11,4,157.5,0,0
2,3,8,11,5,202.5,0,0
2,3,8,11,6,247.5,0,0
2,3,8,11,7,292.5,0,0
2,3,8,11,8,337.5,0,0
3,4,1,1,1,22.5,1.17213e+07,38.9374
3,4,1,1,2,67.5,1.17162e+07,99.8785
3,4,1,1,3,112.5,1.1706e+07,138.311
3,4,1,1,4,157.5,1.16921e+07,73.6103
3,4,1,1,5,202.5,1.16952e+07,101.069
3,4,1,1,6,247.5,1.17025e+07,105.715
3,4,1,1,7,292.5,1.17111e+07,99.675
3,4,1,1,8,337.5,1.17233e+07,38.0852
3,4,1,2,1,22.5,4.87076e+06,24.679
3,4,1,2,2,67.5,4.86642e+06,42.2537
3,4,1,2,3,112.5,4.85846e+06,64.6733
3,4,1,2,4,157.5,4.84813e+06,59.5353
3,4,1,2,5,202.5,4.84816e+06,54.2746
3,4,1,2,6,247.5,4.85177e+06,56.1972
3,4,1,2,7,292.5,4.86537e+06,62.8109
3,4,1,2,8,337.5,4.87279e+06,16.7541
3,4,1,3,1,22.5,2.41634e+06,14.572
3,4,1,3,2,67.5,2.41254e+06,43.2895
3,4,1,3,3,112.5,2.40452e+06,36.9679
3,4,1,3,4,157.5,2.39813e+06,28.6311
3,4,1,3,5,202.5,2.40055e+06,26.5018
3,4,1,3,6,247.5,2.40676e+06,37.0934
3,4,1,3,7,292.5,2.41062e+06,41.8967
3,4,1,3,8,337.5,2.41911e+06,11.4067
3,4,1,4,1,22.5,1.31354e+06,13.1543
3,4,1,4,2,67.5,1.30903e+06,31.4553
3,4,1,4,3,112.5,1.30549e+06,21.8224
3,4,1,4,4,157.5,1.30285e+06,14.0734
3,4,1,4,5,202.5,1.30329e+06,11.5018
3,4,1,4,6,247.5,1.3071e+06,24.4334
3,4,1,4,7,292.5,1.3117e+06,28.0603
3,4,1,4,8,337.5,1.3133e+06,13.4583
3,4,1,5,1,22.5,1.20594e+06,11.0203
3,4,1,5,2,67.5,1.20347e+06,22.4029
3,4,1,5,3,112.5,1.1982e+06,12.1406
3,4,1,5,4,157.5,1.19617e+06,4.27885
3,4,1,5,5,202.5,1.19551e+06,0
3,4,1,5,6,247.5,1.19756e+06,12.3094
3,4,1,5,7,292.5,1.20079e+06,22.1315
3,4,1,5,8,337.5,1.20358e+06,12.8966
3,4,1,6,1,22.5,434783,4.95307
3,4,1,6,2,67.5,434098,0
3,4,1,6,3,112.5,430542,0
3,4,1,6,4,157.5,430036,0
3,4,1,6,5,202.5,429072,0
3,4,1,6,6,247.5,431723,0
3,4,1,6,7,292.5,432323,0
3,4,1,6,8,337.5,434266,0
3,4,1,7,1,22.5,154754,0
3,4,1,7,2,67.5,153727,0
3,4,1,7,3,112.5,153237,0
3,4,1,7,4,157.5,153014,0
3,4,1,7,5,202.5,153430,0
3,4,1,7,6,247.5,153116,0
3,4,1,7,7,292.5,153358,0
3,4,1,7,8,337.5,154304,0
3,4,1,8,1,22.5,57981,0
3,4,1,8,2,67.5,57961,0
3,4,1,8,3,112.5,57006,0
3,4,1,8,4,157.5,56859,0
3,4,1,8,5,202.5,57085,0
3,4,1,8,6,247.5,57287,0
3,4,1,8,7,292.5,58078,0
3,4,1,8,8,337.5,58123,0
3,4,1,9,1,22.5,7138,0
3,4,1,9,2,67.5,6940,0
3,4,1,9,3,112.5,6861,0
3,4,1,9,4,157.5,6682,0
3,4,1,9,5,202.5,6928,0
3,4,1,9,6,247.5,7008,0
3,4,1,9,7,292.5,6890,0
3,4,1,9,8,337.5,6948,0
3,4,1,10,1,22.5,417,0
3,4,1,10,2,67.5,406,0
3,4,1,10,3,112.5,369,0
3,4,1,10,4,157.5,406,0
3,4,1,10,5,202.5,383,0
3,4,1,10,6,247.5,395,0
3,4,1,10,7,292.5,452,0
3,4,1,10,8,337.5,440,0
3,4,1,11,1,22.5,0,0
3,4,1,11,2,67.5,0,0
3,4,1,11,3,112.5,0,0
3,4,1,11,4,157.5,0,0
3,4,1,11,5,202.5,1,0
3,4,1,11,6,247.5,1,0
3,4,1,11,7,292.5,0,0
3,4,1,11,8,337.5,1,0
3,4,2,1,1,22.5,1.2085e+06,112.536
3,4,2,1,2,67.5,1.20831e+06,263.195
3,4,2,1,3,112.5,1.20532e+06,252.07
3,4,2,1,4,157.5,1.2042e+06,278.813
3,4,2,1,5,202.5,1.20318e+06,291.803
3,4,2,1,6,247.5,1.2059e+06,263.184
3,4,2,1,7,292.5,1.20668e+06,276.58
3,4,2,1,8,337.5,1.20862e+06,127.88
3,4,2,2,1,22.5,920832,50.4379
3,4,2,2,2,67.5,917978,138.828
3,4,2,2,3,112.5,916027,176.806
3,4,2,2,4,157.5,916206,241.398
3,4,2,2,5,202.5,915289,185.57
3,4,2,2,6,247.5,916704,190.076
3,4,2,2,7,292.5,918961,129.544
3,4,2,2,8,337.5,920624,52.3408
3,4,2,3,1,22.5,685973,61.1909
3,4,2,3,2,67.5,685004,123.497
3,4,2,3,3,112.5,682012,126.784
3,4,2,3,4,157.5,681316,155.81
3,4,2,3,5,202.5,681894,128.815
3,4,2,3,6,247.5,683245,146.427
3,4,2,3,7,292.5,683776,137.998
3,4,2,3,8,337.5,687925,49.2933
3,4,2,4,1,22.5,505605,54.6932
3,4,2,4,2,67.5,504204,117.553
3,4,2,4,3,112.5,502102,97.2243
3,4,2,4,4,157.5,501107,100.169
3,4,2,4,5,202.5,502634,83.7362
3,4,2,4,6,247.5,502886,118.134
3,4,2,4,7,292.5,503988,113.679
3,4,2,4,8,337.5,505097,39.0672
3,4,2,5,1,22.5,649674,60.3209
3,4,2,5,2,67.5,647204,130.218
3,4,2,5,3,112.5,644082,102.229
3,4,2,5,4,157.5,642609,79.4087
3,4,2,5,5,202.5,643246,69.4834
3,4,2,5,6,247.5,644530,124.088
3,4,2,5,7,292.5,646650,116.402
3,4,2,5,8,337.5,648365,55.5067
3,4,2,6,1,22.5,365401,48.6555
3,4,2,6,2,67.5,364574,77.0496
3,4,2,6,3,112.5,363299,58.733
3,4,2,6,4,157.5,361987,31.951
3,4,2,6,5,202.5,360223,28.0469
3,4,2,6,6,247.5,363186,64.7228
3,4,2,6,7,292.5,364989,75.5952
3,4,2,6,8,337.5,365432,44.5378
3,4,2,7,1,22.5,212597,31.609
3,4,2,7,2,67.5,211952,41.3718
3,4,2,7,3,112.5,211273,29.8141
3,4,2,7,4,157.5,210906,10.0324
3,4,2,7,5,202.5,210072,8.57799
3,4,2,7,6,247.5,210964,31.5825
3,4,2,7,7,292.5,212169,40.8773
3,4,2,7,8,337.5,213524,27.7231
3,4,2,8,1,22.5,162771,18.9837
3,4,2,8,2,67.5,161569,21.4293
3,4,2,8,3,112.5,161191,13.1336
3,4,2,8,4,157.5,159837,6.25541
3,4,2,8,5,202.5,160285,7.05583
3,4,2,8,6,247.5,160670,14.7796
3,4,2,8,7,292.5,162725,23.4691
3,4,2,8,8,337.5,162604,15.8739
3,4,2,9,1,22.5,60934,0
3,4,2,9,2,67.5,60006,4.42326
3,4,2,9,3,112.5,59713,0
3,4,2,9,4,157.5,59484,0
3,4,2,9,5,202.5,59711,0
3,4,2,9,6,247.5,59907,0
3,4,2,9,7,292.5,60092,0
3,4,2,9,8,337.5,60736,3.77074
3,4,2,10,1,22.5,19035,0
3,4,2,10,2,67.5,19075,0
3,4,2,10,3,112.5,18867,0
3,4,2,10,4,157.5,18651,0
3,4,2,10,5,202.5,18599,0
3,4,2,10,6,247.5,18465,0
3,4,2,10,7,292.5,19118,0
3,4,2,10,8,337.5,19092,0
3,4,2,11,1,22.5,2144,0
3,4,2,11,2,67.5,2181,0
3,4,2,11,3,112.5,2056,0
3,4,2,11,4,157.5,2103,0
3,4,2,11,5,202.5,2010,0
3,4,2,11,6,247.5,2120,0
3,4,2,11,7,292.5,2114,0
3,4,2,11,8,337.5,2084,0
3,4,3,1,1,22.5,583905,88.7044
3,4,3,1,2,67.5,583989,152.48
3,4,3,1,3,112.5,583504,168.796
3,4,3,1,4,157.5,581524,280.735
3,4,3,1,5,202.5,582763,248.872
3,4,3,1,6,247.5,583172,162.907
3,4,3,1,7,292.5,583947,172.353
3,4,3,1,8,337.5,585270,107.276
3,4,3,2,1,22.5,466523,39.6148
3,4,3,2,2,67.5,466100,110.826
3,4,3,2,3,112.5,464290,123.894
3,4,3,2,4,157.5,462550,236.463
3,4,3,2,5,202.5,463754,180.03
3,4,3,2,6,247.5,464726,123.97
3,4,3,2,7,292.5,464686,103.838
3,4,3,2,8,337.5,467281,32.38
3,4,3,3,1,22.5,367444,26.8322
3,4,3,3,2,67.5,368005,88.1927
3,4,3,3,3,112.5,365732,104.037
3,4,3,3,4,157.5,365189,182.202
3,4,3,3,5,202.5,364658,137.848
3,4,3,3,6,247.5,365248,120.818
3,4,3,3,7,292.5,366857,109.593
3,4,3,3,8,337.5,368026,37.4329
3,4,3,4,1,22.5,286320,38.9318
3,4,3,4,2,67.5,285807,102.518
3,4,3,4,3,112.5,285270,88.2297
3,4,3,4,4,157.5,284077,144.627
3,4,3,4,5,202.5,284108,112.196
3,4,3,4,6,247.5,284849,115.648
3,4,3,4,7,292.5,286110,109.319
3,4,3,4,8,337.5,286709,40.3691
3,4,3,5,1,22.5,392847,55.0135
3,4,3,5,2,67.5,391756,140.424
3,4,3,5,3,112.5,389560,112.245
3,4,3,5,4,157.5,388614,156.683
3,4,3,5,5,202.5,389351,119.112
3,4,3,5,6,247.5,389789,152.835
3,4,3,5,7,292.5,392097,129.681
3,4,3,5,8,337.5,393635,47.3363
3,4,3,6,1,22.5,233072,44.535
3,4,3,6,2,67.5,230990,109.823
3,4,3,6,3,112.5,229733,91.5598
3,4,3,6,4,157.5,230270,91.2345
3,4,3,6,5,202.5,228976,70.3805
3,4,3,6,6,247.5,229678,117.39
3,4,3,6,7,292.5,231323,91.3479
3,4,3,6,8,337.5,231749,42.5309
3,4,3,7,1,22.5,137862,42.4698
3,4,3,7,2,67.5,137453,79.3786
3,4,3,7,3,112.5,136425,66.2215
3,4,3,7,4,157.5,136898,53.2963
3,4,3,7,5,202.5,136472,40.5761
3,4,3,7,6,247.5,136598,81.9452
3,4,3,7,7,292.5,137556,67.0565
3,4,3,7,8,337.5,138646,44.2109
3,4,3,8,1,22.5,114082,45.6206
3,4,3,8,2,67.5,113072,63.9245
3,4,3,8,3,112.5,112853,53.3301
3,4,3,8,4,157.5,112141,31.8558
3,4,3,8,5,202.5,111214,25.2051
3,4,3,8,6,247.5,111791,60.2814
3,4,3,8,7,292.5,112820,59.7578
3,4,3,8,8,337.5,113853,42.2155
3,4,3,9,1,22.5,54988,29.4182
3,4,3,9,2,67.5,55038,36.2152
3,4,3,9,3,112.5,54066,26.9679
3,4,3,9,4,157.5,54373,9.7976
3,4,3,9,5,202.5,53816,9.88282
3,4,3,9,6,247.5,54051,29.105
3,4,3,9,7,292.5,54694,35.1097
3,4,3,9,8,337.5,54786,25.3917
3,4,3,10,1,22.5,29173,17.3017
3,4,3,10,2,67.5,28986,19.8087
3,4,3,10,3,112.5,28539,13.5399
3,4,3,10,4,157.5,28396,0
3,4,3,10,5,202.5,28414,0
3,4,3,10,6,247.5,28761,14.8113
3,4,3,10,7,292.5,29324,21.0402
3,4,3,10,8,337.5,29099,13.4578
3,4,3,11,1,22.5,8323,5.24786
3,4,3,11,2,67.5,8203,5.42455
3,4,3,11,3,112.5,8150,0
3,4,3,11,4,157.5,7932,0
3,4,3,11,5,202.5,8127,0
3,4,3,11,6,247.5,8022,0
3,4,3,11,7,292.5,7998,5.80123
3,4,3,11,8,337.5,8204,0
3,4,4,1,1,22.5,343775,63.2719
3,4,4,1,2,67.5,343644,88.13
3,4,4,1,3,112.5,342168,157.131
3,4,4,1,4,157.5,342441,222.27
3,4,4,1,5,202.5,343312,167.555
3,4,4,1,6,247.5,343186,86.7394
3,4,4,1,7,292.5,342453,78.7102
3,4,4,1,8,337.5,343700,68.0768
3,4,4,2,1,22.5,281444,33.1859
3,4,4,2,2,67.5,279823,62.7383
3,4,4,2,3,112.5,280510,99.5798
3,4,4,2,4,157.5,277985,185.223
3,4,4,2,5,202.5,279264,141.614
3,4,4,2,6,247.5,278516,65.306
3,4,4,2,7,292.5,280696,63.6982
3,4,4,2,8,337.5,281046,32.5794
3,4,4,3,1,22.5,227410,18.8444
3,4,4,3,2,67.5,227383,52.549
3,4,4,3,3,112.5,225861,78.2079
3,4,4,3,4,157.5,225344,159.81
3,4,4,3,5,202.5,225389,115.684
3,4,4,3,6,247.5,225737,67.7737
3,4,4,3,7,292.5,226843,74.5467
3,4,4,3,8,337.5,227294,16.3185
3,4,4,4,1,22.5,182618,13.6425
3,4,4,4,2,67.5,182351,60.9836
3,4,4,4,3,112.5,181893,62.8878
3,4,4,4,4,157.5,180655,137.718
3,4,4,4,5,202.5,180622,101.304
3,4,4,4,6,247.5,181343,74.8101
3,4,4,4,7,292.5,181284,86.9928
3,4,4,4,8,337.5,182741,18.4784
3,4,4,5,1,22.5,259745,27.8829
3,4,4,5,2,67.5,260086,106.107
3,4,4,5,3,112.5,257825,79.0342
3,4,4,5,4,157.5,257413,163.889
3,4,4,5,5,202.5,256937,121.379
3,4,4,5,6,247.5,258004,116.033
3,4,4,5,7,292.5,259155,119.406
3,4,4,5,8,337.5,260453,30.4276
3,4,4,6,1,22.5,162033,26.6839
3,4,4,6,2,67.5,161194,101.006
3,4,4,6,3,112.5,160188,69.8396
3,4,4,6,4,157.5,160468,118.078
3,4,4,6,5,202.5,159330,88.3488
3,4,4,6,6,247.5,160286,105.754
3,4,4,6,7,292.5,160904,90.4959
3,4,4,6,8,337.5,161879,24.0553
3,4,4,7,1,22.5,99716,21.609
3,4,4,7,2,67.5,99255,80.492
3,4,4,7,3,112.5,98868,61.2408
3,4,4,7,4,157.5,98674,82.4869
3,4,4,7,5,202.5,98272,61.7272
3,4,4,7,6,247.5,98730,87.6455
3,4,4,7,7,292.5,99982,64.6999
3,4,4,7,8,337.5,100406,23.7458
3,4,4,8,1,22.5,83522,29.2258
3,4,4,8,2,67.5,82516,71.7954
3,4,4,8,3,112.5,82272,60.2453
3,4,4,8,4,157.5,80905,64.4745
3,4,4,8,5,202.5,81319,47.7904
3,4,4,8,6,247.5,81833,80.5459
3,4,4,8,7,292.5,82286,56.3628
3,4,4,8,8,337.5,82629,33.6975
3,4,4,9,1,22.5,39773,25.8594
3,4,4,9,2,67.5,38818,47.6115
3,4,4,9,3,112.5,38809,41.7805
3,4,4,9,4,157.5,38551,34.2804
3,4,4,9,5,202.5,38862,27.0384
3,4,4,9,6,247.5,38941,50.243
3,4,4,9,7,292.5,39630,38.8178
3,4,4,9,8,337.5,39497,28.7071
3,4,4,10,1,22.5,21632,23.482
3,4,4,10,2,67.5,21624,31.6526
3,4,4,10,3,112.5,21355,27.6707
3,4,4,10,4,157.5,21127,15.6922
3,4,4,10,5,202.5,20906,15.6385
3,4,4,10,6,247.5,21137,33.7769
3,4,4,10,7,292.5,21356,28.2973
3,4,4,10,8,337.5,21534,23.2619
3,4,4,11,1,22.5,7610,16.4235
3,4,4,11,2,67.5,7633,18.5702
3,4,4,11,3,112.5,7485,16.7088
3,4,4,11,4,157.5,7313,4.56157
3,4,4,11,5,202.5,7279,4.43327
3,4,4,11,6,247.5,7190,16.5622
3,4,4,11,7,292.5,7506,17.5967
3,4,4,11,8,337.5,7659,13.2678
3,4,5,1,1,22.5,204131,66.3756
3,4,5,1,2,67.5,204215,89.4079
3,4,5,1,3,112.5,204209,127.61
3,4,5,1,4,157.5,204595,154.882
3,4,5,1,5,202.5,202971,129.3
3,4,5,1,6,247.5,202866,69.6189
3,4,5,1,7,292.5,203682,45.1673
3,4,5,1,8,337.5,204349,47.9207
3,4,5,2,1,22.5,168104,19.4365
3,4,5,2,2,67.5,168599,32.7677
3,4,5,2,3,112.5,167787,90.8007
3,4,5,2,4,157.5,166672,144.412
3,4,5,2,5,202.5,167186,113.146
3,4,5,2,6,247.5,167402,35.274
3,4,5,2,7,292.5,167257,27.1067
3,4,5,2,8,337.5,167480,19.1185
3,4,5,3,1,22.5,137273,13.1138
3,4,5,3,2,67.5,137600,22.0952
3,4,5,3,3,112.5,137108,64.5574
3,4,5,3,4,157.5,136560,130.229
3,4,5,3,5,202.5,135960,104.14
3,4,5,3,6,247.5,136816,32.1221
3,4,5,3,7,292.5,137249,41.1634
3,4,5,3,8,337.5,138690,12.4536
3,4,5,4,1,22.5,112290,9.2673
3,4,5,4,2,67.5,111921,27.7128
3,4,5,4,3,112.5,111432,53.3416
3,4,5,4,4,157.5,111625,116.183
3,4,5,4,5,202.5,110949,85.5782
3,4,5,4,6,247.5,111469,40.0239
3,4,5,4,7,292.5,112334,57.4561
3,4,5,4,8,337.5,112590,7.63674
3,4,5,5,1,22.5,165921,11.4524
3,4,5,5,2,67.5,165878,64.1618
3,4,5,5,3,112.5,164534,57.6001
3,4,5,5,4,157.5,163361,138.896
3,4,5,5,5,202.5,164377,104.873
3,4,5,5,6,247.5,164696,71.5504
3,4,5,5,7,292.5,165554,93.3305
3,4,5,5,8,337.5,166836,11.4448
3,4,5,6,1,22.5,109085,12.046
3,4,5,6,2,67.5,108054,74.6906
3,4,5,6,3,112.5,107759,47.8629
3,4,5,6,4,157.5,106473,108.023
3,4,5,6,5,202.5,106627,81.1507
3,4,5,6,6,247.5,107231,73.9625
3,4,5,6,7,292.5,108419,84.2634
3,4,5,6,8,337.5,108944,11.0526
3,4,5,7,1,22.5,69487,10.6588
3,4,5,7,2,67.5,69634,68.6806
3,4,5,7,3,112.5,68253,42.0253
3,4,5,7,4,157.5,67749,83.1657
3,4,5,7,5,202.5,68264,61.1295
3,4,5,7,6,247.5,68225,68.5011
3,4,5,7,7,292.5,68914,64.2473
3,4,5,7,8,337.5,69421,9.54652
3,4,5,8,1,22.5,58348,10.0297
3,4,5,8,2,67.5,57633,66.564
3,4,5,8,3,112.5,56953,45.9434
3,4,5,8,4,157.5,56881,72.0071
3,4,5,8,5,202.5,56269,53.1205
3,4,5,8,6,247.5,57028,67.8685
3,4,5,8,7,292.5,57467,53.2115
3,4,5,8,8,337.5,58348,13.6907
3,4,5,9,1,22.5,27092,12.0241
3,4,5,9,2,67.5,26825,43.2388
3,4,5,9,3,112.5,26246,34.3165
3,4,5,9,4,157.5,26094,43.4295
3,4,5,9,5,202.5,26234,32.7589
3,4,5,9,6,247.5,26603,49.3577
3,4,5,9,7,292.5,26673,34.5322
3,4,5,9,8,337.5,27036,15.82
3,4,5,10,1,22.5,13470,12.8073
3,4,5,10,2,67.5,13097,29.8649
3,4,5,10,3,112.5,13035,26.8995
3,4,5,10,4,157.5,13008,27.3192
3,4,5,10,5,202.5,13084,21.2054
3,4,5,10,6,247.5,13057,33.7152
3,4,5,10,7,292.5,13204,23.0114
3,4,5,10,8,337.5,13561,16.2115
3,4,5,11,1,22.5,3881,9.07322
3,4,5,11,2,67.5,3745,14.8428
3,4,5,11,3,112.5,3830,15.3237
3,4,5,11,4,157.5,3690,14.0148
3,4,5,11,5,202.5,3689,11.554
3,4,5,11,6,247.5,3867,21.2262
3,4,5,11,7,292.5,3724,12.6325
3,4,5,11,8,337.5,3993,10.0858
3,4,6,1,1,22.5,110720,57.8287
3,4,6,1,2,67.5,110040,73.7939
3,4,6,1,3,112.5,111022,96.4775
3,4,6,1,4,157.5,109611,113.779
3,4,6,1,5,202.5,110134,96.1541
3,4,6,1,6,247.5,110712,56.7598
3,4,6,1,7,292.5,110321,38.7108
3,4,6,1,8,337.5,110731,42.2531
3,4,6,2,1,22.5,92020,18.2553
3,4,6,2,2,67.5,91819,30.5698
3,4,6,2,3,112.5,91506,73.8609
3,4,6,2,4,157.5,91302,108.68
3,4,6,2,5,202.5,91270,82.4713
3,4,6,2,6,247.5,91550,27.6514
3,4,6,2,7,292.5,91641,6.39323
3,4,6,2,8,337.5,92041,8.73093
3,4,6,3,1,22.5,75871,3.53433
3,4,6,3,2,67.5,75651,11.2414
3,4,6,3,3,112.5,75147,57.2577
3,4,6,3,4,157.5,74663,98.4291
3,4,6,3,5,202.5,74865,73.8407
3,4,6,3,6,247.5,75079,19.3472
3,4,6,3,7,292.5,76185,16.9566
3,4,6,3,8,337.5,76275,6.44689
3,4,6,4,1,22.5,61823,0
3,4,6,4,2,67.5,62186,5.24962
3,4,6,4,3,112.5,61542,42.4583
3,4,6,4,4,157.5,61115,87.4017
3,4,6,4,5,202.5,61326,64.9969
3,4,6,4,6,247.5,61557,18.8542
3,4,6,4,7,292.5,61577,29.9363
3,4,6,4,8,337.5,62594,0
3,4,6,5,1,22.5,91049,5.41093
3,4,6,5,2,67.5,90972,24.6692
3,4,6,5,3,112.5,90347,46.0592
3,4,6,5,4,157.5,89210,108.139
3,4,6,5,5,202.5,88964,79.5353
3,4,6,5,6,247.5,90210,39.5296
3,4,6,5,7,292.5,90216,59.4114
3,4,6,5,8,337.5,91629,8.54101
3,4,6,6,1,22.5,58316,6.4653
3,4,6,6,2,67.5,58142,42.303
3,4,6,6,3,112.5,57663,33.8405
3,4,6,6,4,157.5,57164,84.271
3,4,6,6,5,202.5,56885,63.083
3,4,6,6,6,247.5,57621,44.896
3,4,6,6,7,292.5,58373,60.5876
3,4,6,6,8,337.5,58906,6.60456
3,4,6,7,1,22.5,36288,6.39307
3,4,6,7,2,67.5,36089,44.8732
3,4,6,7,3,112.5,35490,27.2418
3,4,6,7,4,157.5,35501,65.0131
3,4,6,7,5,202.5,35218,47.5292
3,4,6,7,6,247.5,35910,42.5046
3,4,6,7,7,292.5,36437,50.539
3,4,6,7,8,337.5,36550,4.35192
3,4,6,8,1,22.5,29528,0
3,4,6,8,2,67.5,28672,46.4339
3,4,6,8,3,112.5,28434,27.2798
3,4,6,8,4,157.5,28103,56.5836
3,4,6,8,5,202.5,28032,42.3105
3,4,6,8,6,247.5,28255,45.7667
3,4,6,8,7,292.5,28441,42.2185
3,4,6,8,8,337.5,29214,0
3,4,6,9,1,22.5,11819,0
3,4,6,9,2,67.5,11526,28.9511
3,4,6,9,3,112.5,11400,20.3899
3,4,6,9,4,157.5,11276,33.9707
3,4,6,9,5,202.5,11324,26.0961
3,4,6,9,6,247.5,11494,31.0727
3,4,6,9,7,292.5,11521,25.3569
3,4,6,9,8,337.5,11916,0
3,4,6,10,1,22.5,4313,3.00749
3,4,6,10,2,67.5,4234,17.2864
3,4,6,10,3,112.5,4159,12.7493
3,4,6,10,4,157.5,4145,21.9882
3,4,6,10,5,202.5,4130,15.4169
3,4,6,10,6,247.5,4141,20.308
3,4,6,10,7,292.5,4140,13.7459
3,4,6,10,8,337.5,4275,4.61343
3,4,6,11,1,22.5,669,0
3,4,6,11,2,67.5,627,7.55182
3,4,6,11,3,112.5,628,5.37185
3,4,6,11,4,157.5,625,8.55453
3,4,6,11,5,202.5,654,5.05426
3,4,6,11,6,247.5,653,9.33129
3,4,6,11,7,292.5,626,3.85681
3,4,6,11,8,337.5,641,0
3,4,7,1,1,22.5,42506,42.2452
3,4,7,1,2,67.5,42102,50.2804
3,4,7,1,3,112.5,42373,65.5961
3,4,7,1,4,157.5,42039,73.5788
3,4,7,1,5,202.5,42282,60.7083
3,4,7,1,6,247.5,42194,39.836
3,4,7,1,7,292.5,42320,28.0617
3,4,7,1,8,337.5,42574,30.209
3,4,7,2,1,22.5,34106,16.0672
3,4,7,2,2,67.5,34145,25.9164
3,4,7,2,3,112.5,33985,51.7151
3,4,7,2,4,157.5,33954,69.7844
3,4,7,2,5,202.5,34173,53.7634
3,4,7,2,6,247.5,33784,19.8311
3,4,7,2,7,292.5,33966,0
3,4,7,2,8,337.5,34487,8.14747
3,4,7,3,1,22.5,27045,5.50859
3,4,7,3,2,67.5,27084,11.7995
3,4,7,3,3,112.5,26740,38.091
3,4,7,3,4,157.5,26408,59.7271
3,4,7,3,5,202.5,26787,47.5289
3,4,7,3,6,247.5,27193,12.163
3,4,7,3,7,292.5,27544,0
3,4,7,3,8,337.5,27093,0
3,4,7,4,1,22.5,21100,0
3,4,7,4,2,67.5,21035,0
3,4,7,4,3,112.5,21001,30.262
3,4,7,4,4,157.5,20953,66.2951
3,4,7,4,5,202.5,21055,39.6607
3,4,7,4,6,247.5,21036,8.32247
3,4,7,4,7,292.5,21621,10.5457
3,4,7,4,8,337.5,21444,0
3,4,7,5,1,22.5,28870,0
3,4,7,5,2,67.5,28589,4.98857
3,4,7,5,3,112.5,28506,33.5094
3,4,7,5,4,157.5,28797,63.6517
3,4,7,5,5,202.5,28361,47.1862
3,4,7,5,6,247.5,28397,16.6986
3,4,7,5,7,292.5,28675,25.1983
3,4,7,5,8,337.5,29158,0
3,4,7,6,1,22.5,16072,0
3,4,7,6,2,67.5,15908,13.2018
3,4,7,6,3,112.5,15837,21.7736
3,4,7,6,4,157.5,15522,45.8923
3,4,7,6,5,202.5,15562,34.2127
3,4,7,6,6,247.5,15503,19.5507
3,4,7,6,7,292.5,15646,26.5823
3,4,7,6,8,337.5,15826,0
3,4,7,7,1,22.5,7710,0
3,4,7,7,2,67.5,7761,14.7984
3,4,7,7,3,112.5,7600,12.3271
3,4,7,7,4,157.5,7433,32.2793
3,4,7,7,5,202.5,7547,22.3622
3,4,7,7,6,247.5,7558,17.1648
3,4,7,7,7,292.5,7439,21.9256
3,4,7,7,8,337.5,7884,0
3,4,7,8,1,22.5,4043,0
3,4,7,8,2,67.5,4128,12.7537
3,4,7,8,3,112.5,4113,9.91904
3,4,7,8,4,157.5,3901,22.2939
3,4,7,8,5,202.5,3874,16.6351
3,4,7,8,6,247.5,3975,14.2464
3,4,7,8,7,292.5,4065,17.3131
3,4,7,8,8,337.5,4154,0
3,4,7,9,1,22.5,873,0
3,4,7,9,2,67.5,861,6.3102
3,4,7,9,3,112.5,774,0
3,4,7,9,4,157.5,773,9.43178
3,4,7,9,5,202.5,782,4.38007
3,4,7,9,6,247.5,785,0
3,4,7,9,7,292.5,829,0
3,4,7,9,8,337.5,860,0
3,4,7,10,1,22.5,82,0
3,4,7,10,2,67.5,130,0
3,4,7,10,3,112.5,92,0
3,4,7,10,4,157.5,83,0
3,4,7,10,5,202.5,87,0
3,4,7,10,6,247.5,96,0
3,4,7,10,7,292.5,99,0
3,4,7,10,8,337.5,96,0
3,4,7,11,1,22.5,0,0
3,4,7,11,2,67.5,1,0
3,4,7,11,3,112.5,0,0
3,4,7,11,4,157.5,1,0
3,4,7,11,5,202.5,0,0
3,4,7,11,6,247.5,0,0
3,4,7,11,7,292.5,0,0
3,4,7,11,8,337.5,0,0
3,4,8,1,1,22.5,3576,10.2367
3,4,8,1,2,67.5,3661,11.941
3,4,8,1,3,112.5,3565,17.1749
3,4,8,1,4,157.5,3552,21.8335
3,4,8,1,5,202.5,3466,15.1326
3,4,8,1,6,247.5,3577,11.4007
3,4,8,1,7,292.5,3614,7.85976
3,4,8,1,8,337.5,3626,9.05081
3,4,8,2,1,22.5,2177,4.25719
3,4,8,2,2,67.5,2116,7.02473
3,4,8,2,3,112.5,2125,11.8851
3,4,8,2,4,157.5,2094,15.1371
3,4,8,2,5,202.5,2122,11.4288
3,4,8,2,6,247.5,2150,5.06412
3,4,8,2,7,292.5,2154,0
3,4,8,2,8,337.5,2228,0
3,4,8,3,1,22.5,1202,0
3,4,8,3,2,67.5,1130,0
3,4,8,3,3,112.5,1098,7.07416
3,4,8,3,4,157.5,1178,10.2899
3,4,8,3,5,202.5,1166,7.66006
3,4,8,3,6,247.5,1136,0
3,4,8,3,7,292.5,1188,0
3,4,8,3,8,337.5,1178,0
3,4,8,4,1,22.5,607,0
3,4,8,4,2,67.5,595,0
3,4,8,4,3,112.5,578,4.24973
3,4,8,4,4,157.5,606,6.83272
3,4,8,4,5,202.5,595,5.40877
3,4,8,4,6,247.5,610,0
3,4,8,4,7,292.5,632,0
3,4,8,4,8,337.5,595,0
3,4,8,5,1,22.5,404,0
3,4,8,5,2,67.5,403,0
3,4,8,5,3,112.5,379,0
3,4,8,5,4,157.5,379,6.13633
3,4,8,5,5,202.5,385,3.39745
3,4,8,5,6,247.5,376,0
3,4,8,5,7,292.5,367,0
3,4,8,5,8,337.5,402,0
3,4,8,6,1,22.5,37,0
3,4,8,6,2,67.5,51,0
3,4,8,6,3,112.5,40,0
3,4,8,6,4,157.5,46,0
3,4,8,6,5,202.5,42,0
3,4,8,6,6,247.5,31,0
3,4,8,6,7,292.5,44,0
3,4,8,6,8,337.5,43,0
3,4,8,7,1,22.5,0,0
3,4,8,7,2,67.5,0,0
3,4,8,7,3,112.5,0,0
3,4,8,7,4,157.5,0,0
3,4,8,7,5,202.5,0,0
3,4,8,7,6,247.5,0,0
3,4,8,7,7,292.5,0,0
3,4,8,7,8,337.5,0,0
3,4,8,8,1,22.5,0,0
3,4,8,8,2,67.5,0,0
3,4,8,8,3,112.5,0,0
3,4,8,8,4,157.5,0,0
3,4,8,8,5,202.5,0,0
3,4,8,8,6,247.5,0,0
3,4,8,8,7,292.5,0,0
3,4,8,8,8,337.5,0,0
3,4,8,9,1,22.5,0,0
3,4,8,9,2,67.5,0,0
3,4,8,9,3,112.5,0,0
3,4,8,9,4,157.5,0,0
3,4,8,9,5,202.5,0,0
3,4,8,9,6,247.5,0,0
3,4,8,9,7,292.5,0,0
3,4,8,9,8,337.5,0,0
3,4,8,10,1,22.5,0,0
3,4,8,10,2,67.5,0,0
3,4,8,10,3,112.5,0,0
3,4,8,10,4,157.5,0,0
3,4,8,10,5,202.5,0,0
3,4,8,10,6,247.5,0,0
3,4,8,10,7,292.5,0,0
3,4,8,10,8,337.5,0,0
3,4,8,11,1,22.5,0,0
3,4,8,11,2,67.5,0,0
3,4,8,11,3,112.5,0,0
3,4,8,11,4,157.5,0,0
3,4,8,11,5,202.5,0,0
3,4,8,11,6,247.5,0,0
3,4,8,11,7,292.5,0,0
3,4,8,11,8,337.5,0,0
4,5,1,1,1,22.5,1.24426e+07,6.76937
4,5,1,1,2,67.5,1.24348e+07,22.1789
4,5,1,1,3,112.5,1.24166e+07,21.226
4,5,1,1,4,157.5,1.24122e+07,43.1749
4,5,1,1,5,202.5,1.24097e+07,24.6591
4,5,1,1,6,247.5,1.24268e+07,28.6151
4,5,1,1,7,292.5,1.24347e+07,14.6884
4,5,1,1,8,337.5,1.24344e+07,6.66345
4,5,1,2,1,22.5,5.06107e+06,0
4,5,1,2,2,67.5,5.05121e+06,11.0627
4,5,1,2,3,112.5,5.04787e+06,12.7611
4,5,1,2,4,157.5,5.0434e+06,11.7802
4,5,1,2,5,202.5,5.04177e+06,8.82055
4,5,1,2,6,247.5,5.04335e+06,10.2664
4,5,1,2,7,292.5,5.05594e+06,12.0178
4,5,1,2,8,337.5,5.05919e+06,0
4,5,1,3,1,22.5,2.45389e+06,0
4,5,1,3,2,67.5,2.44566e+06,10.4747
4,5,1,3,3,112.5,2.44318e+06,0
4,5,1,3,4,157.5,2.43992e+06,0
4,5,1,3,5,202.5,2.43865e+06,0
4,5,1,3,6,247.5,2.44274e+06,8.80741
4,5,1,3,7,292.5,2.44893e+06,9.37593
4,5,1,3,8,337.5,2.4524e+06,0
4,5,1,4,1,22.5,1.30622e+06,0
4,5,1,4,2,67.5,1.30172e+06,6.0935
4,5,1,4,3,112.5,1.30056e+06,0
4,5,1,4,4,157.5,1.296e+06,0
4,5,1,4,5,202.5,1.2978e+06,0
4,5,1,4,6,247.5,1.29984e+06,4.17571
4,5,1,4,7,292.5,1.30384e+06,5.62848
4,5,1,4,8,337.5,1.3052e+06,0
4,5,1,5,1,22.5,1.1469e+06,0
4,5,1,5,2,67.5,1.14176e+06,0
4,5,1,5,3,112.5,1.13984e+06,0
4,5,1,5,4,157.5,1.13672e+06,0
4,5,1,5,5,202.5,1.13536e+06,0
4,5,1,5,6,247.5,1.1373e+06,0
4,5,1,5,7,292.5,1.14e+06,0
4,5,1,5,8,337.5,1.1442e+06,0
4,5,1,6,1,22.5,350788,0
4,5,1,6,2,67.5,349636,0
4,5,1,6,3,112.5,349429,0
4,5,1,6,4,157.5,347034,0
4,5,1,6,5,202.5,347137,0
4,5,1,6,6,247.5,347860,0
4,5,1,6,7,292.5,349429,0
4,5,1,6,8,337.5,350625,0
4,5,1,7,1,22.5,86918,0
4,5,1,7,2,67.5,86523,0
4,5,1,7,3,112.5,85347,0
4,5,1,7,4,157.5,85031,0
4,5,1,7,5,202.5,85111,0
4,5,1,7,6,247.5,85166,0
4,5,1,7,7,292.5,85892,0
4,5,1,7,8,337.5,86752,0
4,5,1,8,1,22.5,16443,0
4,5,1,8,2,67.5,16611,0
4,5,1,8,3,112.5,16307,0
4,5,1,8,4,157.5,15986,0
4,5,1,8,5,202.5,16203,0
4,5,1,8,6,247.5,16160,0
4,5,1,8,7,292.5,16309,0
4,5,1,8,8,337.5,16416,0
4,5,1,9,1,22.5,487,0
4,5,1,9,2,67.5,447,0
4,5,1,9,3,112.5,435,0
4,5,1,9,4,157.5,427,0
4,5,1,9,5,202.5,446,0
4,5,1,9,6,247.5,497,0
4,5,1,9,7,292.5,444,0
4,5,1,9,8,337.5,446,0
4,5,1,10,1,22.5,0,0
4,5,1,10,2,67.5,0,0
4,5,1,10,3,112.5,0,0
4,5,1,10,4,157.5,0,0
4,5,1,10,5,202.5,0,0
4,5,1,10,6,247.5,0,0
4,5,1,10,7,292.5,0,0
4,5,1,10,8,337.5,0,0
4,5,1,11,1,22.5,0,0
4,5,1,11,2,67.5,0,0
4,5,1,11,3,112.5,0,0
4,5,1,11,4,157.5,0,0
4,5,1,11,5,202.5,0,0
4,5,1,11,6,247.5,0,0
4,5,1,11,7,292.5,0,0
4,5,1,11,8,337.5,0,0
4,5,2,1,1,22.5,1.49094e+06,121.543
4,5,2,1,2,67.5,1.48984e+06,187.626
4,5,2,1,3,112.5,1.48992e+06,201.551
4,5,2,1,4,157.5,1.48923e+06,296.534
4,5,2,1,5,202.5,1.48886e+06,252.305
4,5,2,1,6,247.5,1.4909e+06,258.608
4,5,2,1,7,292.5,1.48938e+06,222.113
4,5,2,1,8,337.5,1.48966e+06,137.844
4,5,2,2,1,22.5,1.12237e+06,47.7288
4,5,2,2,2,67.5,1.12086e+06,110.222
4,5,2,2,3,112.5,1.11922e+06,137.518
4,5,2,2,4,157.5,1.11663e+06,176.268
4,5,2,2,5,202.5,1.11776e+06,128.57
4,5,2,2,6,247.5,1.11729e+06,142.783
4,5,2,2,7,292.5,1.12015e+06,117.413
4,5,2,2,8,337.5,1.12016e+06,50.4302
4,5,2,3,1,22.5,828454,52.5614
4,5,2,3,2,67.5,825502,100.866
4,5,2,3,3,112.5,824630,90.776
4,5,2,3,4,157.5,821414,88.5262
4,5,2,3,5,202.5,822908,72.9062
4,5,2,3,6,247.5,824859,96.287
4,5,2,3,7,292.5,824688,110.53
4,5,2,3,8,337.5,827784,51.5658
4,5,2,4,1,22.5,603509,48.4132
4,5,2,4,2,67.5,603216,93.9778
4,5,2,4,3,112.5,601495,62.9117
4,5,2,4,4,157.5,600621,41.5145
4,5,2,4,5,202.5,601164,40.2801
4,5,2,4,6,247.5,603550,77.2626
4,5,2,4,7,292.5,602990,93.3818
4,5,2,4,8,337.5,603210,36.682
4,5,2,5,1,22.5,774694,48.6979
4,5,2,5,2,67.5,771956,96.4694
4,5,2,5,3,112.5,770633,58.2488
4,5,2,5,4,157.5,767456,28.1627
4,5,2,5,5,202.5,768038,21.8463
4,5,2,5,6,247.5,772862,63.7724
4,5,2,5,7,292.5,773283,89.9104
4,5,2,5,8,337.5,774861,45.0167
4,5,2,6,1,22.5,437775,32.8073
4,5,2,6,2,67.5,436968,49.5576
4,5,2,6,3,112.5,434966,24.7034
4,5,2,6,4,157.5,433737,4.71618
4,5,2,6,5,202.5,433007,4.28016
4,5,2,6,6,247.5,435608,25.9462
4,5,2,6,7,292.5,437092,46.4034
4,5,2,6,8,337.5,437647,32.4762
4,5,2,7,1,22.5,237474,17.8121
4,5,2,7,2,67.5,236400,21.7994
4,5,2,7,3,112.5,235352,8.50545
4,5,2,7,4,157.5,233886,0
4,5,2,7,5,202.5,233805,0
4,5,2,7,6,247.5,234678,9.96601
4,5,2,7,7,292.5,236196,22.1425
4,5,2,7,8,337.5,236821,16.9274
4,5,2,8,1,22.5,134745,5.94192
4,5,2,8,2,67.5,133468,8.40742
4,5,2,8,3,112.5,133068,0
4,5,2,8,4,157.5,131812,0
4,5,2,8,5,202.5,131875,0
4,5,2,8,6,247.5,133165,0
4,5,2,8,7,292.5,135038,8.43277
4,5,2,8,8,337.5,134892,6.19712
4,5,2,9,1,22.5,26559,0
4,5,2,9,2,67.5,26437,0
4,5,2,9,3,112.5,26672,0
4,5,2,9,4,157.5,25990,0
4,5,2,9,5,202.5,26193,0
4,5,2,9,6,247.5,26320,0
4,5,2,9,7,292.5,26476,0
4,5,2,9,8,337.5,26874,0
4,5,2,10,1,22.5,3284,0
4,5,2,10,2,67.5,3251,0
4,5,2,10,3,112.5,3068,0
4,5,2,10,4,157.5,3118,0
4,5,2,10,5,202.5,3159,0
4,5,2,10,6,247.5,3271,0
4,5,2,10,7,292.5,3238,0
4,5,2,10,8,337.5,3357,0
4,5,2,11,1,22.5,60,0
4,5,2,11,2,67.5,48,0
4,5,2,11,3,112.5,43,0
4,5,2,11,4,157.5,50,0
4,5,2,11,5,202.5,43,0
4,5,2,11,6,247.5,41,0
4,5,2,11,7,292.5,45,0
4,5,2,11,8,337.5,45,0
4,5,3,1,1,22.5,742328,133.46
4,5,3,1,2,67.5,743297,172.001
4,5,3,1,3,112.5,744384,245.381
4,5,3,1,4,157.5,742056,306.763
4,5,3,1,5,202.5,741323,284.172
4,5,3,1,6,247.5,741975,212.032
4,5,3,1,7,292.5,743207,178.406
4,5,3,1,8,337.5,745676,138.7
4,5,3,2,1,22.5,595218,63.3377
4,5,3,2,2,67.5,592805,124.014
4,5,3,2,3,112.5,591959,143.467
4,5,3,2,4,157.5,591342,222.576
4,5,3,2,5,202.5,590548,185.426
4,5,3,2,6,247.5,591289,131.309
4,5,3,2,7,292.5,593095,117.144
4,5,3,2,8,337.5,592648,49.1935
4,5,3,3,1,22.5,467246,35.6837
4,5,3,3,2,67.5,464282,100.427
4,5,3,3,3,112.5,463504,108.166
4,5,3,3,4,157.5,462044,153.572
4,5,3,3,5,202.5,464834,124.363
4,5,3,3,6,247.5,464657,109.33
4,5,3,3,7,292.5,466307,118.609
4,5,3,3,8,337.5,465720,41.8236
4,5,3,4,1,22.5,363130,44.6119
4,5,3,4,2,67.5,360850,104.55
4,5,3,4,3,112.5,361709,88.8998
4,5,3,4,4,157.5,359194,114.678
4,5,3,4,5,202.5,360810,95.6745
4,5,3,4,6,247.5,361489,109.052
4,5,3,4,7,292.5,361754,116.394
4,5,3,4,8,337.5,362813,49.7887
4,5,3,5,1,22.5,491476,63.1983
4,5,3,5,2,67.5,492056,144.077
4,5,3,5,3,112.5,489480,101.822
4,5,3,5,4,157.5,489810,96.0137
4,5,3,5,5,202.5,488290,78.8784
4,5,3,5,6,247.5,489835,126.723
4,5,3,5,7,292.5,492337,136.426
4,5,3,5,8,337.5,492482,57.0258
4,5,3,6,1,22.5,287887,46.1553
4,5,3,6,2,67.5,286917,105.836
4,5,3,6,3,112.5,286001,67.5877
4,5,3,6,4,157.5,285207,42.8494
4,5,3,6,5,202.5,284769,35.2968
4,5,3,6,6,247.5,286031,85.5343
4,5,3,6,7,292.5,286750,93.5037
4,5,3,6,8,337.5,287060,44.4538
4,5,3,7,1,22.5,166832,39.9398
4,5,3,7,2,67.5,166313,69.5986
4,5,3,7,3,112.5,164736,43.7105
4,5,3,7,4,157.5,164267,18.1749
4,5,3,7,5,202.5,164647,16.6778
4,5,3,7,6,247.5,165497,50.1192
4,5,3,7,7,292.5,166713,61.1539
4,5,3,7,8,337.5,167464,42.8632
4,5,3,8,1,22.5,123248,36.6424
4,5,3,8,2,67.5,123217,48.5334
4,5,3,8,3,112.5,122380,26.7856
4,5,3,8,4,157.5,121356,4.44071
4,5,3,8,5,202.5,121361,4.7
4,5,3,8,6,247.5,122988,30.4224
4,5,3,8,7,292.5,122530,45.5652
4,5,3,8,8,337.5,122825,37.2265
4,5,3,9,1,22.5,43287,18.1525
4,5,3,9,2,67.5,43547,20.3389
4,5,3,9,3,112.5,42836,9.74619
4,5,3,9,4,157.5,42235,0
4,5,3,9,5,202.5,42372,0
4,5,3,9,6,247.5,42928,9.59615
4,5,3,9,7,292.5,43478,19.5544
4,5,3,9,8,337.5,43793,15.6772
4,5,3,10,1,22.5,12100,6.21046
4,5,3,10,2,67.5,12066,5.96679
4,5,3,10,3,112.5,11956,0
4,5,3,10,4,157.5,11732,0
4,5,3,10,5,202.5,11785,0
4,5,3,10,6,247.5,11746,0
4,5,3,10,7,292.5,11760,7.50297
4,5,3,10,8,337.5,12181,6.69204
4,5,3,11,1,22.5,926,0
4,5,3,11,2,67.5,955,0
4,5,3,11,3,112.5,934,0
4,5,3,11,4,157.5,871,0
4,5,3,11,5,202.5,880,0
4,5,3,11,6,247.5,879,0
4,5,3,11,7,292.5,929,0
4,5,3,11,8,337.5,925,0
4,5,4,1,1,22.5,457201,100.15
4,5,4,1,2,67.5,457254,122.827
4,5,4,1,3,112.5,456680,196.237
4,5,4,1,4,157.5,455652,246.793
4,5,4,1,5,202.5,456252,203.524
4,5,4,1,6,247.5,457607,129.648
4,5,4,1,7,292.5,456862,109.425
4,5,4,1,8,337.5,457015,93.7199
4,5,4,2,1,22.5,372529,60.4739
4,5,4,2,2,67.5,371244,82.9995
4,5,4,2,3,112.5,372166,117.632
4,5,4,2,4,157.5,369941,197.896
4,5,4,2,5,202.5,370359,153.01
4,5,4,2,6,247.5,371529,83.8425
4,5,4,2,7,292.5,370677,82.0572
4,5,4,2,8,337.5,373063,59.9841
4,5,4,3,1,22.5,299556,35.6158
4,5,4,3,2,67.5,299136,67.7363
4,5,4,3,3,112.5,297579,88.9183
4,5,4,3,4,157.5,298379,160.299
4,5,4,3,5,202.5,297970,128.534
4,5,4,3,6,247.5,298533,77.0341
4,5,4,3,7,292.5,298675,88.9406
4,5,4,3,8,337.5,299898,29.2014
4,5,4,4,1,22.5,239211,22.0287
4,5,4,4,2,67.5,239171,72.3379
4,5,4,4,3,112.5,237279,71.6173
4,5,4,4,4,157.5,238163,135.477
4,5,4,4,5,202.5,237695,106.645
4,5,4,4,6,247.5,237940,76.4014
4,5,4,4,7,292.5,238885,99.0116
4,5,4,4,8,337.5,239074,25.0377
4,5,4,5,1,22.5,339086,36.85
4,5,4,5,2,67.5,337455,122.715
4,5,4,5,3,112.5,335900,86.8447
4,5,4,5,4,157.5,334848,144.412
4,5,4,5,5,202.5,335267,112.164
4,5,4,5,6,247.5,335834,112.261
4,5,4,5,7,292.5,337158,136.611
4,5,4,5,8,337.5,338660,42.9186
4,5,4,6,1,22.5,204842,35.3707
4,5,4,6,2,67.5,204581,109.847
4,5,4,6,3,112.5,204167,71.2971
4,5,4,6,4,157.5,202708,86.7802
4,5,4,6,5,202.5,202078,67.9513
4,5,4,6,6,247.5,203215,96.9528
4,5,4,6,7,292.5,204214,101.915
4,5,4,6,8,337.5,205157,33.628
4,5,4,7,1,22.5,120362,27.2137
4,5,4,7,2,67.5,119200,83.791
4,5,4,7,3,112.5,118401,57.0652
4,5,4,7,4,157.5,118164,49.4153
4,5,4,7,5,202.5,118316,39.318
4,5,4,7,6,247.5,118846,74.6674
4,5,4,7,7,292.5,119170,72.5779
4,5,4,7,8,337.5,119653,27.3565
4,5,4,8,1,22.5,89283,29.5908
4,5,4,8,2,67.5,88602,68.3492
4,5,4,8,3,112.5,87927,47.4634
4,5,4,8,4,157.5,87160,29.2457
4,5,4,8,5,202.5,87618,22.9098
4,5,4,8,6,247.5,88057,60.139
4,5,4,8,7,292.5,88559,55.7944
4,5,4,8,8,337.5,88612,32.6171
4,5,4,9,1,22.5,32575,22.1611
4,5,4,9,2,67.5,32308,38.2948
4,5,4,9,3,112.5,31797,25.6528
4,5,4,9,4,157.5,32033,10.0054
4,5,4,9,5,202.5,31802,7.07319
4,5,4,9,6,247.5,32289,30.6944
4,5,4,9,7,292.5,32116,30.9927
4,5,4,9,8,337.5,32048,24.4768
4,5,4,10,1,22.5,10257,15.9314
4,5,4,10,2,67.5,10020,20.0151
4,5,4,10,3,112.5,10070,12.8617
4,5,4,10,4,157.5,10068,0
4,5,4,10,5,202.5,9992,0
4,5,4,10,6,247.5,10017,15.7428
4,5,4,10,7,292.5,10161,17.6127
4,5,4,10,8,337.5,10118,15.2273
4,5,4,11,1,22.5,1122,0
4,5,4,11,2,67.5,1134,5.91323
4,5,4,11,3,112.5,1114,0
4,5,4,11,4,157.5,1052,0
4,5,4,11,5,202.5,1089,0
4,5,4,11,6,247.5,1094,0
4,5,4,11,7,292.5,1138,5.60812
4,5,4,11,8,337.5,1144,5.27869
4,5,5,1,1,22.5,278880,101.71
4,5,5,1,2,67.5,279829,120.028
4,5,5,1,3,112.5,278380,157.741
4,5,5,1,4,157.5,278521,180.647
4,5,5,1,5,202.5,278839,157.383
4,5,5,1,6,247.5,279270,95.2347
4,5,5,1,7,292.5,278966,73.8247
4,5,5,1,8,337.5,280575,75.5132
4,5,5,2,1,22.5,228750,41.7895
4,5,5,2,2,67.5,228758,52.3069
4,5,5,2,3,112.5,227536,104.36
4,5,5,2,4,157.5,228525,157.008
4,5,5,2,5,202.5,228328,131.661
4,5,5,2,6,247.5,228290,55.5071
4,5,5,2,7,292.5,229801,41.9087
4,5,5,2,8,337.5,229505,39.7221
4,5,5,3,1,22.5,186762,28.86
4,5,5,3,2,67.5,185894,37.2724
4,5,5,3,3,112.5,185377,78.5407
4,5,5,3,4,157.5,184077,140.778
4,5,5,3,5,202.5,185020,110.774
4,5,5,3,6,247.5,185912,43.4892
4,5,5,3,7,292.5,186235,50.8176
4,5,5,3,8,337.5,186075,28.6365
4,5,5,4,1,22.5,149760,20.8436
4,5,5,4,2,67.5,149151,37.3001
4,5,5,4,3,112.5,148199,62.3607
4,5,5,4,4,157.5,148251,118.926
4,5,5,4,5,202.5,148445,95.1102
4,5,5,4,6,247.5,148823,44.2412
4,5,5,4,7,292.5,148706,66.3066
4,5,5,4,8,337.5,149530,18.6692
4,5,5,5,1,22.5,212608,20.3025
4,5,5,5,2,67.5,212055,72.8053
4,5,5,5,3,112.5,211719,67.9355
4,5,5,5,4,157.5,209784,137.19
4,5,5,5,5,202.5,209690,109.278
4,5,5,5,6,247.5,211118,71.1011
4,5,5,5,7,292.5,211492,107.008
4,5,5,5,8,337.5,212527,22.0961
4,5,5,6,1,22.5,129343,20.796
4,5,5,6,2,67.5,127799,82.0437
4,5,5,6,3,112.5,127001,51.1562
4,5,5,6,4,157.5,126416,97.0246
4,5,5,6,5,202.5,126881,76.6975
4,5,5,6,6,247.5,127502,73.7568
4,5,5,6,7,292.5,127930,95.7155
4,5,5,6,8,337.5,128696,19.3363
4,5,5,7,1,22.5,75492,17.3969
4,5,5,7,2,67.5,74520,71.4011
4,5,5,7,3,112.5,73984,42.1579
4,5,5,7,4,157.5,73868,66.1544
4,5,5,7,5,202.5,74129,52.072
4,5,5,7,6,247.5,73883,64.3615
4,5,5,7,7,292.5,74965,69.1675
4,5,5,7,8,337.5,74932,14.9848
4,5,5,8,1,22.5,52957,13.8981
4,5,5,8,2,67.5,52557,61.8173
4,5,5,8,3,112.5,52311,39.2234
4,5,5,8,4,157.5,51988,47.2937
4,5,5,8,5,202.5,51694,37.8826
4,5,5,8,6,247.5,52413,57.1513
4,5,5,8,7,292.5,52460,53.3323
4,5,5,8,8,337.5,52871,13.6305
4,5,5,9,1,22.5,16793,7.46359
4,5,5,9,2,67.5,16714,33.5572
4,5,5,9,3,112.5,16480,24.7504
4,5,5,9,4,157.5,16098,22.1096
4,5,5,9,5,202.5,16490,18.5168
4,5,5,9,6,247.5,16429,33.2128
4,5,5,9,7,292.5,16492,26.6558
4,5,5,9,8,337.5,16827,11.9044
4,5,5,10,1,22.5,4338,4.94419
4,5,5,10,2,67.5,4172,16.2605
4,5,5,10,3,112.5,4155,13.5544
4,5,5,10,4,157.5,4258,9.62847
4,5,5,10,5,202.5,4243,8.8885
4,5,5,10,6,247.5,4224,17.3869
4,5,5,10,7,292.5,4378,13.1569
4,5,5,10,8,337.5,4445,7.86727
4,5,5,11,1,22.5,338,0
4,5,5,11,2,67.5,349,5.00153
4,5,5,11,3,112.5,305,4.28917
4,5,5,11,4,157.5,315,0
4,5,5,11,5,202.5,326,0
4,5,5,11,6,247.5,330,5.56252
4,5,5,11,7,292.5,326,0
4,5,5,11,8,337.5,318,0
4,5,6,1,1,22.5,142410,87.2502
4,5,6,1,2,67.5,140396,94.2043
4,5,6,1,3,112.5,141011,115.563
4,5,6,1,4,157.5,141267,129.441
4,5,6,1,5,202.5,141409,111.084
4,5,6,1,6,247.5,141954,81.759
4,5,6,1,7,292.5,141618,57.3598
4,5,6,1,8,337.5,141704,65.4199
4,5,6,2,1,22.5,113761,36.8163
4,5,6,2,2,67.5,114417,45.28
4,5,6,2,3,112.5,113007,85.4793
4,5,6,2,4,157.5,112151,115.01
4,5,6,2,5,202.5,112342,95.5155
4,5,6,2,6,247.5,112486,41.7521
4,5,6,2,7,292.5,113364,18.1884
4,5,6,2,8,337.5,113732,23.8819
4,5,6,3,1,22.5,90024,16.2962
4,5,6,3,2,67.5,89774,19.6675
4,5,6,3,3,112.5,89639,64.8513
4,5,6,3,4,157.5,89125,103.361
4,5,6,3,5,202.5,89166,83.4334
4,5,6,3,6,247.5,90081,26.9452
4,5,6,3,7,292.5,90824,20.2809
4,5,6,3,8,337.5,90251,14.197
4,5,6,4,1,22.5,70767,10.3559
4,5,6,4,2,67.5,71090,13.2124
4,5,6,4,3,112.5,70686,50.3552
4,5,6,4,4,157.5,70409,89.0917
4,5,6,4,5,202.5,70195,72.4012
4,5,6,4,6,247.5,70785,23.8071
4,5,6,4,7,292.5,71272,31.9284
4,5,6,4,8,337.5,71295,10.541
4,5,6,5,1,22.5,98112,8.74615
4,5,6,5,2,67.5,97957,28.897
4,5,6,5,3,112.5,96723,53.5382
4,5,6,5,4,157.5,96313,103.9
4,5,6,5,5,202.5,95979,83.4235
4,5,6,5,6,247.5,96682,37.5687
4,5,6,5,7,292.5,97580,64.1877
4,5,6,5,8,337.5,98473,14.4535
4,5,6,6,1,22.5,55330,9.8551
4,5,6,6,2,67.5,54982,42.2612
4,5,6,6,3,112.5,54772,32.9864
4,5,6,6,4,157.5,54698,75.5401
4,5,6,6,5,202.5,54446,59.5257
4,5,6,6,6,247.5,54559,38.4695
4,5,6,6,7,292.5,55079,61.8112
4,5,6,6,8,337.5,55457,11.0986
4,5,6,7,1,22.5,28099,9.45868
4,5,6,7,2,67.5,27270,38.1758
4,5,6,7,3,112.5,27262,23.9386
4,5,6,7,4,157.5,27227,52.0298
4,5,6,7,5,202.5,27467,40.2394
4,5,6,7,6,247.5,27264,34.9171
4,5,6,7,7,292.5,27733,47.7098
4,5,6,7,8,337.5,27910,9.05463
4,5,6,8,1,22.5,14878,6.20502
4,5,6,8,2,67.5,14835,34.2946
4,5,6,8,3,112.5,14678,19.5151
4,5,6,8,4,157.5,14618,37.4353
4,5,6,8,5,202.5,14617,29.4836
4,5,6,8,6,247.5,14539,30.1243
4,5,6,8,7,292.5,14771,33.3503
4,5,6,8,8,337.5,14971,0
4,5,6,9,1,22.5,3083,0
4,5,6,9,2,67.5,2928,16.5452
4,5,6,9,3,112.5,2915,9.17699
4,5,6,9,4,157.5,2799,14.6931
4,5,6,9,5,202.5,2826,12.5009
4,5,6,9,6,247.5,2927,14.4615
4,5,6,9,7,292.5,2956,13.5825
4,5,6,9,8,337.5,3004,0
4,5,6,10,1,22.5,393,0
4,5,6,10,2,67.5,399,4.08988
4,5,6,10,3,112.5,369,3.89613
4,5,6,10,4,157.5,403,6.84562
4,5,6,10,5,202.5,364,0
4,5,6,10,6,247.5,353,0
4,5,6,10,7,292.5,423,4.05244
4,5,6,10,8,337.5,409,0
4,5,6,11,1,22.5,0,0
4,5,6,11,2,67.5,4,0
4,5,6,11,3,112.5,4,0
4,5,6,11,4,157.5,4,0
4,5,6,11,5,202.5,1,0
4,5,6,11,6,247.5,3,0
4,5,6,11,7,292.5,2,0
4,5,6,11,8,337.5,3,0
4,5,7,1,1,22.5,42055,55.9366
4,5,7,1,2,67.5,41858,60.4145
4,5,7,1,3,112.5,41898,68.1627
4,5,7,1,4,157.5,41869,73.3459
4,5,7,1,5,202.5,42093,67.4728
4,5,7,1,6,247.5,42002,48.513
4,5,7,1,7,292.5,41839,37.4898
4,5,7,1,8,337.5,42088,43.5222
4,5,7,2,1,22.5,30943,26.3927
4,5,7,2,2,67.5,30786,32.3165
4,5,7,2,3,112.5,30523,50.1816
4,5,7,2,4,157.5,30656,63.738
4,5,7,2,5,202.5,30944,53.9836
4,5,7,2,6,247.5,30660,26.2055
4,5,7,2,7,292.5,31047,7.92867
4,5,7,2,8,337.5,30994,13.8274
4,5,7,3,1,22.5,21518,8.74654
4,5,7,3,2,67.5,21867,12.3458
4,5,7,3,3,112.5,21394,37.8741
4,5,7,3,4,157.5,21690,53.2356
4,5,7,3,5,202.5,21458,42.6862
4,5,7,3,6,247.5,21581,14.6074
4,5,7,3,7,292.5,21955,0
4,5,7,3,8,337.5,21915,0
4,5,7,4,1,22.5,14943,0
4,5,7,4,2,67.5,14669,5.14297
4,5,7,4,3,112.5,14614,27.4601
4,5,7,4,4,157.5,14357,43.9299
4,5,7,4,5,202.5,14374,34.5398
4,5,7,4,6,247.5,14538,10.0937
4,5,7,4,7,292.5,14693,9.50936
4,5,7,4,8,337.5,14593,0
4,5,7,5,1,22.5,15397,0
4,5,7,5,2,67.5,15030,0
4,5,7,5,3,112.5,14919,23.7748
4,5,7,5,4,157.5,14966,45.6793
4,5,7,5,5,202.5,15175,35.4517
4,5,7,5,6,247.5,15142,11.4704
4,5,7,5,7,292.5,15192,17.9174
4,5,7,5,8,337.5,15227,0
4,5,7,6,1,22.5,5321,0
4,5,7,6,2,67.5,5146,6.01712
4,5,7,6,3,112.5,5162,11.1746
4,5,7,6,4,157.5,5261,25.8394
4,5,7,6,5,202.5,4932,20.7176
4,5,7,6,6,247.5,5248,8.65124
4,5,7,6,7,292.5,5163,17.534
4,5,7,6,8,337.5,5318,0
4,5,7,7,1,22.5,1371,0
4,5,7,7,2,67.5,1386,0
4,5,7,7,3,112.5,1410,4.40432
4,5,7,7,4,157.5,1363,13.0845
4,5,7,7,5,202.5,1371,9.01931
4,5,7,7,6,247.5,1357,5.95362
4,5,7,7,7,292.5,1388,10.2314
4,5,7,7,8,337.5,1453,0
4,5,7,8,1,22.5,282,0
4,5,7,8,2,67.5,330,4.09761
4,5,7,8,3,112.5,282,0
4,5,7,8,4,157.5,288,0
4,5,7,8,5,202.5,264,0
4,5,7,8,6,247.5,303,0
4,5,7,8,7,292.5,284,3.62057
4,5,7,8,8,337.5,316,0
4,5,7,9,1,22.5,1,0
4,5,7,9,2,67.5,5,0
4,5,7,9,3,112.5,5,0
4,5,7,9,4,157.5,1,0
4,5,7,9,5,202.5,2,0
4,5,7,9,6,247.5,6,0
4,5,7,9,7,292.5,3,0
4,5,7,9,8,337.5,9,0
4,5,7,10,1,22.5,0,0
4,5,7,10,2,67.5,0,0
4,5,7,10,3,112.5,0,0
4,5,7,10,4,157.5,0,0
4,5,7,10,5,202.5,0,0
4,5,7,10,6,247.5,0,0
4,5,7,10,7,292.5,0,0
4,5,7,10,8,337.5,0,0
4,5,7,11,1,22.5,0,0
4,5,7,11,2,67.5,0,0
4,5,7,11,3,112.5,0,0
4,5,7,11,4,157.5,0,0
4,5,7,11,5,202.5,0,0
4,5,7,11,6,247.5,0,0
4,5,7,11,7,292.5,0,0
4,5,7,11,8,337.5,0,0
4,5,8,1,1,22.5,445,0
4,5,8,1,2,67.5,421,8.37012
4,5,8,1,3,112.5,415,8.76865
4,5,8,1,4,157.5,410,10.4827
4,5,8,1,5,202.5,461,3.64831
4,5,8,1,6,247.5,406,3.3987
4,5,8,1,7,292.5,437,0
4,5,8,1,8,337.5,435,0
4,5,8,2,1,22.5,151,0
4,5,8,2,2,67.5,136,0
4,5,8,2,3,112.5,147,0
4,5,8,2,4,157.5,141,0
4,5,8,2,5,202.5,120,0
4,5,8,2,6,247.5,132,0
4,5,8,2,7,292.5,135,0
4,5,8,2,8,337.5,128,0
4,5,8,3,1,22.5,27,0
4,5,8,3,2,67.5,34,0
4,5,8,3,3,112.5,30,0
4,5,8,3,4,157.5,31,0
4,5,8,3,5,202.5,34,0
4,5,8,3,6,247.5,30,0
4,5,8,3,7,292.5,24,0
4,5,8,3,8,337.5,31,0
4,5,8,4,1,22.5,3,0
4,5,8,4,2,67.5,0,0
4,5,8,4,3,112.5,2,0
4,5,8,4,4,157.5,2,0
4,5,8,4,5,202.5,1,0
4,5,8,4,6,247.5,0,0
4,5,8,4,7,292.5,2,0
4,5,8,4,8,337.5,5,0
4,5,8,5,1,22.5,0,0
4,5,8,5,2,67.5,0,0
4,5,8,5,3,112.5,0,0
4,5,8,5,4,157.5,0,0
4,5,8,5,5,202.5,0,0
4,5,8,5,6,247.5,0,0
4,5,8,5,7,292.5,0,0
4,5,8,5,8,337.5,0,0
4,5,8,6,1,22.5,0,0
4,5,8,6,2,67.5,0,0
4,5,8,6,3,112.5,0,0
4,5,8,6,4,157.5,0,0
4,5,8,6,5,202.5,0,0
4,5,8,6,6,247.5,0,0
4,5,8,6,7,292.5,0,0
4,5,8,6,8,337.5,0,0
4,5,8,7,1,22.5,0,0
4,5,8,7,2,67.5,0,0
4,5,8,7,3,112.5,0,0
4,5,8,7,4,157.5,0,0
4,5,8,7,5,202.5,0,0
4,5,8,7,6,247.5,0,0
4,5,8,7,7,292.5,0,0
4,5,8,7,8,337.5,0,0
4,5,8,8,1,22.5,0,0
4,5,8,8,2,67.5,0,0
4,5,8,8,3,112.5,0,0
4,5,8,8,4,157.5,0,0
4,5,8,8,5,202.5,0,0
4,5,8,8,6,247.5,0,0
4,5,8,8,7,292.5,0,0
4,5,8,8,8,337.5,0,0
4,5,8,9,1,22.5,0,0
4,5,8,9,2,67.5,0,0
4,5,8,9,3,112.5,0,0
4,5,8,9,4,157.5,0,0
4,5,8,9,5,202.5,0,0
4,5,8,9,6,247.5,0,0
4,5,8,9,7,292.5,0,0
4,5,8,9,8,337.5,0,0
4,5,8,10,1,22.5,0,0
4,5,8,10,2,67.5,0,0
4,5,8,10,3,112.5,0,0
4,5,8,10,4,157.5,0,0
4,5,8,10,5,202.5,0,0
4,5,8,10,6,247.5,0,0
4,5,8,10,7,292.5,0,0
4,5,8,10,8,337.5,0,0
4,5,8,11,1,22.5,0,0
4,5,8,11,2,67.5,0,0
4,5,8,11,3,112.5,0,0
4,5,8,11,4,157.5,0,0
4,5,8,11,5,202.5,0,0
4,5,8,11,6,247.5,0,0
4,5,8,11,7,292.5,0,0
4,5,8,11,8,337.5,0,0
5,6,1,1,1,22.5,1.37636e+07,0
5,6,1,1,2,67.5,1.37583e+07,0
5,6,1,1,3,112.5,1.37516e+07,0
5,6,1,1,4,157.5,1.37401e+07,0
5,6,1,1,5,202.5,1.37369e+07,0
5,6,1,1,6,247.5,1.37467e+07,0
5,6,1,1,7,292.5,1.3761e+07,0
5,6,1,1,8,337.5,1.37604e+07,0
5,6,1,2,1,22.5,4.88928e+06,0
5,6,1,2,2,67.5,4.88467e+06,0
5,6,1,2,3,112.5,4.87709e+06,0
5,6,1,2,4,157.5,4.87403e+06,0
5,6,1,2,5,202.5,4.87308e+06,0
5,6,1,2,6,247.5,4.88087e+06,0
5,6,1,2,7,292.5,4.88727e+06,0
5,6,1,2,8,337.5,4.88853e+06,0
5,6,1,3,1,22.5,2.24252e+06,0
5,6,1,3,2,67.5,2.23659e+06,0
5,6,1,3,3,112.5,2.2364e+06,0
5,6,1,3,4,157.5,2.23209e+06,0
5,6,1,3,5,202.5,2.23023e+06,0
5,6,1,3,6,247.5,2.23547e+06,0
5,6,1,3,7,292.5,2.23824e+06,0
5,6,1,3,8,337.5,2.23953e+06,0
5,6,1,4,1,22.5,1.11023e+06,0
5,6,1,4,2,67.5,1.10818e+06,0
5,6,1,4,3,112.5,1.10639e+06,0
5,6,1,4,4,157.5,1.10349e+06,0
5,6,1,4,5,202.5,1.10474e+06,0
5,6,1,4,6,247.5,1.10566e+06,0
5,6,1,4,7,292.5,1.10717e+06,0
5,6,1,4,8,337.5,1.10899e+06,0
5,6,1,5,1,22.5,787965,0
5,6,1,5,2,67.5,785612,0
5,6,1,5,3,112.5,782988,0
5,6,1,5,4,157.5,779800,0
5,6,1,5,5,202.5,780891,0
5,6,1,5,6,247.5,782512,0
5,6,1,5,7,292.5,784683,0
5,6,1,5,8,337.5,787074,0
5,6,1,6,1,22.5,133461,0
5,6,1,6,2,67.5,133099,0
5,6,1,6,3,112.5,132136,0
5,6,1,6,4,157.5,132133,0
5,6,1,6,5,202.5,131736,0
5,6,1,6,6,247.5,132241,0
5,6,1,6,7,292.5,132505,0
5,6,1,6,8,337.5,133617,0
5,6,1,7,1,22.5,12597,0
5,6,1,7,2,67.5,12580,0
5,6,1,7,3,112.5,12451,0
5,6,1,7,4,157.5,12382,0
5,6,1,7,5,202.5,12198,0
5,6,1,7,6,247.5,12424,0
5,6,1,7,7,292.5,12523,0
5,6,1,7,8,337.5,12351,0
5,6,1,8,1,22.5,437,0
5,6,1,8,2,67.5,405,0
5,6,1,8,3,112.5,428,0
5,6,1,8,4,157.5,433,0
5,6,1,8,5,202.5,397,0
5,6,1,8,6,247.5,416,0
5,6,1,8,7,292.5,447,0
5,6,1,8,8,337.5,450,0
5,6,1,9,1,22.5,0,0
5,6,1,9,2,67.5,0,0
5,6,1,9,3,112.5,0,0
5,6,1,9,4,157.5,0,0
5,6,1,9,5,202.5,0,0
5,6,1,9,6,247.5,0,0
5,6,1,9,7,292.5,0,0
5,6,1,9,8,337.5,0,0
5,6,1,10,1,22.5,0,0
5,6,1,10,2,67.5,0,0
5,6,1,10,3,112.5,0,0
5,6,1,10,4,157.5,0,0
5,6,1,10,5,202.5,0,0
5,6,1,10,6,247.5,0,0
5,6,1,10,7,292.5,0,0
5,6,1,10,8,337.5,0,0
5,6,1,11,1,22.5,0,0
5,6,1,11,2,67.5,0,0
5,6,1,11,3,112.5,0,0
5,6,1,11,4,157.5,0,0
5,6,1,11,5,202.5,0,0
5,6,1,11,6,247.5,0,0
5,6,1,11,7,292.5,0,0
5,6,1,11,8,337.5,0,0
5,6,2,1,1,22.5,1.90654e+06,96.9877
5,6,2,1,2,67.5,1.90342e+06,146.966
5,6,2,1,3,112.5,1.90314e+06,119.481
5,6,2,1,4,157.5,1.90061e+06,176.884
5,6,2,1,5,202.5,1.90408e+06,158.364
5,6,2,1,6,247.5,1.90365e+06,153.609
5,6,2,1,7,292.5,1.9039e+06,148.906
5,6,2,1,8,337.5,1.90329e+06,96.9617
5,6,2,2,1,22.5,1.38822e+06,35.3667
5,6,2,2,2,67.5,1.38815e+06,76.6356
5,6,2,2,3,112.5,1.38708e+06,77.3515
5,6,2,2,4,157.5,1.38344e+06,67.1542
5,6,2,2,5,202.5,1.3838e+06,52.8409
5,6,2,2,6,247.5,1.38684e+06,72.3109
5,6,2,2,7,292.5,1.3873e+06,67.8931
5,6,2,2,8,337.5,1.3916e+06,38.7421
5,6,2,3,1,22.5,1.00012e+06,31.6386
5,6,2,3,2,67.5,997721,58.7364
5,6,2,3,3,112.5,995236,42.1513
5,6,2,3,4,157.5,993956,19.3858
5,6,2,3,5,202.5,993399,20.2631
5,6,2,3,6,247.5,996565,43.1303
5,6,2,3,7,292.5,998008,66.0915
5,6,2,3,8,337.5,998881,33.2373
5,6,2,4,1,22.5,721201,30.9774
5,6,2,4,2,67.5,717952,52.5953
5,6,2,4,3,112.5,717423,23.7867
5,6,2,4,4,157.5,717296,0
5,6,2,4,5,202.5,716213,0
5,6,2,4,6,247.5,717000,27.4459
5,6,2,4,7,292.5,720005,53.264
5,6,2,4,8,337.5,719352,25.9918
5,6,2,5,1,22.5,887739,30.7475
5,6,2,5,2,67.5,887359,51.171
5,6,2,5,3,112.5,883238,14.3968
5,6,2,5,4,157.5,880086,0
5,6,2,5,5,202.5,879576,0
5,6,2,5,6,247.5,881696,17.6425
5,6,2,5,7,292.5,886200,47.9941
5,6,2,5,8,337.5,886842,26.1014
5,6,2,6,1,22.5,399119,14.2114
5,6,2,6,2,67.5,398645,21.3541
5,6,2,6,3,112.5,396420,0
5,6,2,6,4,157.5,395742,0
5,6,2,6,5,202.5,395010,0
5,6,2,6,6,247.5,396589,5.32276
5,6,2,6,7,292.5,398390,19.6739
5,6,2,6,8,337.5,399988,13.7228
5,6,2,7,1,22.5,131725,5.28969
5,6,2,7,2,67.5,130755,0
5,6,2,7,3,112.5,130344,0
5,6,2,7,4,157.5,129371,0
5,6,2,7,5,202.5,129146,0
5,6,2,7,6,247.5,130598,0
5,6,2,7,7,292.5,131420,0
5,6,2,7,8,337.5,131810,0
5,6,2,8,1,22.5,33314,0
5,6,2,8,2,67.5,32756,0
5,6,2,8,3,112.5,32855,0
5,6,2,8,4,157.5,32118,0
5,6,2,8,5,202.5,32348,0
5,6,2,8,6,247.5,32287,0
5,6,2,8,7,292.5,32679,0
5,6,2,8,8,337.5,32847,0
5,6,2,9,1,22.5,1540,0
5,6,2,9,2,67.5,1535,0
5,6,2,9,3,112.5,1495,0
5,6,2,9,4,157.5,1436,0
5,6,2,9,5,202.5,1471,0
5,6,2,9,6,247.5,1523,0
5,6,2,9,7,292.5,1522,0
5,6,2,9,8,337.5,1524,0
5,6,2,10,1,22.5,7,0
5,6,2,10,2,67.5,3,0
5,6,2,10,3,112.5,1,0
5,6,2,10,4,157.5,5,0
5,6,2,10,5,202.5,2,0
5,6,2,10,6,247.5,5,0
5,6,2,10,7,292.5,4,0
5,6,2,10,8,337.5,1,0
5,6,2,11,1,22.5,0,0
5,6,2,11,2,67.5,0,0
5,6,2,11,3,112.5,0,0
5,6,2,11,4,157.5,0,0
5,6,2,11,5,202.5,0,0
5,6,2,11,6,247.5,0,0
5,6,2,11,7,292.5,0,0
5,6,2,11,8,337.5,0,0
5,6,3,1,1,22.5,1.00913e+06,161.879
5,6,3,1,2,67.5,1.01077e+06,181.843
5,6,3,1,3,112.5,1.00872e+06,260.261
5,6,3,1,4,157.5,1.00693e+06,286.93
5,6,3,1,5,202.5,1.00808e+06,275.208
5,6,3,1,6,247.5,1.00605e+06,212.863
5,6,3,1,7,292.5,1.00908e+06,199.875
5,6,3,1,8,337.5,1.00674e+06,140.953
5,6,3,2,1,22.5,792095,80.9638
5,6,3,2,2,67.5,789867,130.004
5,6,3,2,3,112.5,788831,134.026
5,6,3,2,4,157.5,787299,163.183
5,6,3,2,5,202.5,788416,140.034
5,6,3,2,6,247.5,789230,123.723
5,6,3,2,7,292.5,790391,118.713
5,6,3,2,8,337.5,791061,76.5529
5,6,3,3,1,22.5,610658,39.861
5,6,3,3,2,67.5,608975,99.2647
5,6,3,3,3,112.5,608042,90.918
5,6,3,3,4,157.5,607617,83.1453
5,6,3,3,5,202.5,605406,70.0851
5,6,3,3,6,247.5,606668,90.47
5,6,3,3,7,292.5,608440,118.569
5,6,3,3,8,337.5,610166,43.1149
5,6,3,4,1,22.5,461462,42.7904
5,6,3,4,2,67.5,460605,98.3372
5,6,3,4,3,112.5,458468,65.2591
5,6,3,4,4,157.5,458339,46.2576
5,6,3,4,5,202.5,458328,41.1467
5,6,3,4,6,247.5,458570,72.1156
5,6,3,4,7,292.5,461613,109.446
5,6,3,4,8,337.5,461215,49.49
5,6,3,5,1,22.5,591805,62.3512
5,6,3,5,2,67.5,589271,122.439
5,6,3,5,3,112.5,587473,59.7451
5,6,3,5,4,157.5,585731,25.983
5,6,3,5,5,202.5,585581,24.08
5,6,3,5,6,247.5,587261,71.2369
5,6,3,5,7,292.5,589368,119.334
5,6,3,5,8,337.5,590885,60.4834
5,6,3,6,1,22.5,300186,41.3117
5,6,3,6,2,67.5,300154,78.5215
5,6,3,6,3,112.5,299177,29.3928
5,6,3,6,4,157.5,296526,0
5,6,3,6,5,202.5,297355,5.65823
5,6,3,6,6,247.5,297618,36.347
5,6,3,6,7,292.5,300384,70.8308
5,6,3,6,8,337.5,301762,38.3005
5,6,3,7,1,22.5,134639,26.5257
5,6,3,7,2,67.5,133746,42.1619
5,6,3,7,3,112.5,132747,12.0166
5,6,3,7,4,157.5,132735,0
5,6,3,7,5,202.5,132547,0
5,6,3,7,6,247.5,132842,14.6281
5,6,3,7,7,292.5,133828,39.377
5,6,3,7,8,337.5,134155,28.4973
5,6,3,8,1,22.5,58530,17.8498
5,6,3,8,2,67.5,58384,23.1934
5,6,3,8,3,112.5,57833,0
5,6,3,8,4,157.5,57266,0
5,6,3,8,5,202.5,57425,0
5,6,3,8,6,247.5,57910,0
5,6,3,8,7,292.5,58129,20.113
5,6,3,8,8,337.5,58534,18.7584
5,6,3,9,1,22.5,7455,5.31355
5,6,3,9,2,67.5,7516,5.83689
5,6,3,9,3,112.5,7320,0
5,6,3,9,4,157.5,7203,0
5,6,3,9,5,202.5,7203,0
5,6,3,9,6,247.5,7403,0
5,6,3,9,7,292.5,7545,5.12987
5,6,3,9,8,337.5,7480,5.83617
5,6,3,10,1,22.5,295,0
5,6,3,10,2,67.5,321,0
5,6,3,10,3,112.5,325,0
5,6,3,10,4,157.5,304,0
5,6,3,10,5,202.5,318,0
5,6,3,10,6,247.5,340,0
5,6,3,10,7,292.5,333,0
5,6,3,10,8,337.5,330,0
5,6,3,11,1,22.5,0,0
5,6,3,11,2,67.5,0,0
5,6,3,11,3,112.5,0,0
5,6,3,11,4,157.5,0,0
5,6,3,11,5,202.5,0,0
5,6,3,11,6,247.5,0,0
5,6,3,11,7,292.5,0,0
5,6,3,11,8,337.5,0,0
5,6,4,1,1,22.5,638631,130.094
5,6,4,1,2,67.5,639237,174.877
5,6,4,1,3,112.5,635887,229.52
5,6,4,1,4,157.5,636237,259.116
5,6,4,1,5,202.5,637005,232.627
5,6,4,1,6,247.5,637342,147.131
5,6,4,1,7,292.5,638696,131.338
5,6,4,1,8,337.5,636931,128.947
5,6,4,2,1,22.5,510185,85.9276
5,6,4,2,2,67.5,511694,103.209
5,6,4,2,3,112.5,510261,126.364
5,6,4,2,4,157.5,508103,183.927
5,6,4,2,5,202.5,507385,150.145
5,6,4,2,6,247.5,508952,101.19
5,6,4,2,7,292.5,509538,98.7428
5,6,4,2,8,337.5,510832,85.4241
5,6,4,3,1,22.5,399205,55.9763
5,6,4,3,2,67.5,399082,81.7986
5,6,4,3,3,112.5,398590,95.5915
5,6,4,3,4,157.5,394769,123.938
5,6,4,3,5,202.5,395287,105.503
5,6,4,3,6,247.5,397010,84.3795
5,6,4,3,7,292.5,398601,92.8362
5,6,4,3,8,337.5,399487,48.3364
5,6,4,4,1,22.5,302854,32.4929
5,6,4,4,2,67.5,305214,80.4299
5,6,4,4,3,112.5,302026,73.5836
5,6,4,4,4,157.5,300851,85.5852
5,6,4,4,5,202.5,301152,72.0618
5,6,4,4,6,247.5,302120,74.1201
5,6,4,4,7,292.5,303229,107.683
5,6,4,4,8,337.5,303898,32.4596
5,6,4,5,1,22.5,392512,44.3296
5,6,4,5,2,67.5,391975,123.383
5,6,4,5,3,112.5,388386,74.643
5,6,4,5,4,157.5,386941,68.1574
5,6,4,5,5,202.5,386198,59.0742
5,6,4,5,6,247.5,387521,93.1111
5,6,4,5,7,292.5,390633,137.034
5,6,4,5,8,337.5,392646,49.3149
5,6,4,6,1,22.5,199565,39.3595
5,6,4,6,2,67.5,198232,100.396
5,6,4,6,3,112.5,196044,50.0624
5,6,4,6,4,157.5,196475,27.2462
5,6,4,6,5,202.5,196655,23.114
5,6,4,6,6,247.5,197027,63.5712
5,6,4,6,7,292.5,198749,92.6837
5,6,4,6,8,337.5,200145,37.4846
5,6,4,7,1,22.5,90350,25.0405
5,6,4,7,2,67.5,89355,64.4401
5,6,4,7,3,112.5,89281,31.2823
5,6,4,7,4,157.5,88538,7.26422
5,6,4,7,5,202.5,88926,7.67068
5,6,4,7,6,247.5,88670,38.8326
5,6,4,7,7,292.5,89059,56.663
5,6,4,7,8,337.5,90064,24.0673
5,6,4,8,1,22.5,41146,18.8078
5,6,4,8,2,67.5,40898,43.5564
5,6,4,8,3,112.5,40772,19.8496
5,6,4,8,4,157.5,39797,0
5,6,4,8,5,202.5,40043,0
5,6,4,8,6,247.5,40344,22.5553
5,6,4,8,7,292.5,40717,36.9632
5,6,4,8,8,337.5,40836,20.1032
5,6,4,9,1,22.5,6079,8.87781
5,6,4,9,2,67.5,6023,15.0793
5,6,4,9,3,112.5,6049,0
5,6,4,9,4,157.5,6014,0
5,6,4,9,5,202.5,5995,0
5,6,4,9,6,247.5,6081,7.27393
5,6,4,9,7,292.5,6078,13.2328
5,6,4,9,8,337.5,6165,10.6896
5,6,4,10,1,22.5,384,0
5,6,4,10,2,67.5,352,4.93124
5,6,4,10,3,112.5,387,0
5,6,4,10,4,157.5,370,0
5,6,4,10,5,202.5,337,0
5,6,4,10,6,247.5,359,0
5,6,4,10,7,292.5,376,3.59818
5,6,4,10,8,337.5,408,0
5,6,4,11,1,22.5,0,0
5,6,4,11,2,67.5,0,0
5,6,4,11,3,112.5,0,0
5,6,4,11,4,157.5,0,0
5,6,4,11,5,202.5,0,0
5,6,4,11,6,247.5,0,0
5,6,4,11,7,292.5,0,0
5,6,4,11,8,337.5,0,0
5,6,5,1,1,22.5,372424,137.836
5,6,5,1,2,67.5,372516,143.937
5,6,5,1,3,112.5,370876,176.278
5,6,5,1,4,157.5,369442,196.289
5,6,5,1,5,202.5,370052,178.907
5,6,5,1,6,247.5,371307,130.244
5,6,5,1,7,292.5,371940,100.814
5,6,5,1,8,337.5,372059,106.078
5,6,5,2,1,22.5,288242,60.815
5,6,5,2,2,67.5,287637,68.6055
5,6,5,2,3,112.5,286968,120.201
5,6,5,2,4,157.5,286007,155.837
5,6,5,2,5,202.5,285135,134.499
5,6,5,2,6,247.5,287094,72.956
5,6,5,2,7,292.5,288233,62.5412
5,6,5,2,8,337.5,287974,58.8088
5,6,5,3,1,22.5,220327,45.9067
5,6,5,3,2,67.5,218949,53.8568
5,6,5,3,3,112.5,217867,85.5794
5,6,5,3,4,157.5,216683,122.796
5,6,5,3,5,202.5,216884,105.645
5,6,5,3,6,247.5,218258,56.3458
5,6,5,3,7,292.5,219434,57.5296
5,6,5,3,8,337.5,219133,45.4094
5,6,5,4,1,22.5,164880,32.371
5,6,5,4,2,67.5,164479,43.9407
5,6,5,4,3,112.5,163094,63.7187
5,6,5,4,4,157.5,163155,95.3534
5,6,5,4,5,202.5,162308,80.9111
5,6,5,4,6,247.5,163690,48.2633
5,6,5,4,7,292.5,164848,68.6669
5,6,5,4,8,337.5,164829,30.7941
5,6,5,5,1,22.5,207064,29.7493
5,6,5,5,2,67.5,206439,71.832
5,6,5,5,3,112.5,205028,64.3348
5,6,5,5,4,157.5,204368,93.918
5,6,5,5,5,202.5,203586,77.783
5,6,5,5,6,247.5,205090,67.09
5,6,5,5,7,292.5,206532,105.961
5,6,5,5,8,337.5,205681,32.1343
5,6,5,6,1,22.5,97106,22.3846
5,6,5,6,2,67.5,97332,71.2225
5,6,5,6,3,112.5,96464,41.0042
5,6,5,6,4,157.5,95666,48.1071
5,6,5,6,5,202.5,96273,40.6708
5,6,5,6,6,247.5,96029,54.4832
5,6,5,6,7,292.5,96623,80.781
5,6,5,6,8,337.5,97177,22.3077
5,6,5,7,1,22.5,38494,15.1091
5,6,5,7,2,67.5,37939,50.0199
5,6,5,7,3,112.5,37498,28.3884
5,6,5,7,4,157.5,38076,23.2657
5,6,5,7,5,202.5,37635,18.3583
5,6,5,7,6,247.5,38024,38.8232
5,6,5,7,7,292.5,38111,50.4384
5,6,5,7,8,337.5,38088,14.0621
5,6,5,8,1,22.5,14383,8.97326
5,6,5,8,2,67.5,14237,33.3373
5,6,5,8,3,112.5,13897,18.2231
5,6,5,8,4,157.5,14099,10.3362
5,6,5,8,5,202.5,13923,8.4093
5,6,5,8,6,247.5,14125,26.3261
5,6,5,8,7,292.5,14011,31.1037
5,6,5,8,8,337.5,14280,6.86165
5,6,5,9,1,22.5,1496,0
5,6,5,9,2,67.5,1471,11.012
5,6,5,9,3,112.5,1507,7.17463
5,6,5,9,4,157.5,1371,0
5,6,5,9,5,202.5,1368,0
5,6,5,9,6,247.5,1389,0
5,6,5,9,7,292.5,1429,8.01056
5,6,5,9,8,337.5,1399,0
5,6,5,10,1,22.5,27,0
5,6,5,10,2,67.5,38,0
5,6,5,10,3,112.5,25,0
5,6,5,10,4,157.5,30,0
5,6,5,10,5,202.5,23,0
5,6,5,10,6,247.5,36,0
5,6,5,10,7,292.5,24,0
5,6,5,10,8,337.5,32,0
5,6,5,11,1,22.5,0,0
5,6,5,11,2,67.5,0,0
5,6,5,11,3,112.5,0,0
5,6,5,11,4,157.5,0,0
5,6,5,11,5,202.5,0,0
5,6,5,11,6,247.5,0,0
5,6,5,11,7,292.5,0,0
5,6,5,11,8,337.5,0,0
5,6,6,1,1,22.5,152343,104.42
5,6,6,1,2,67.5,152833,108.054
5,6,6,1,3,112.5,152613,120.162
5,6,6,1,4,157.5,152168,128.246
5,6,6,1,5,202.5,152402,117.22
5,6,6,1,6,247.5,152461,90.3521
5,6,6,1,7,292.5,152319,75.0938
5,6,6,1,8,337.5,152840,83.7438
5,6,6,2,1,22.5,112507,54.537
5,6,6,2,2,67.5,112807,53.4503
5,6,6,2,3,112.5,111815,85.4319
5,6,6,2,4,157.5,112359,106.571
5,6,6,2,5,202.5,111403,94.6286
5,6,6,2,6,247.5,112648,51.4524
5,6,6,2,7,292.5,112154,29.522
5,6,6,2,8,337.5,112308,37.717
5,6,6,3,1,22.5,79254,26.5678
5,6,6,3,2,67.5,78860,26.7959
5,6,6,3,3,112.5,78667,61.0639
5,6,6,3,4,157.5,78901,88.3149
5,6,6,3,5,202.5,79068,75.7737
5,6,6,3,6,247.5,78375,31.8423
5,6,6,3,7,292.5,78849,23.5671
5,6,6,3,8,337.5,80051,23.7581
5,6,6,4,1,22.5,53095,16.1824
5,6,6,4,2,67.5,52971,17.0668
5,6,6,4,3,112.5,52929,43.8359
5,6,6,4,4,157.5,52346,68.9638
5,6,6,4,5,202.5,52564,57.7774
5,6,6,4,6,247.5,52979,22.903
5,6,6,4,7,292.5,53199,27.4916
5,6,6,4,8,337.5,53233,15.1805
5,6,6,5,1,22.5,53915,13.651
5,6,6,5,2,67.5,53575,23.0548
5,6,6,5,3,112.5,53462,39.8139
5,6,6,5,4,157.5,53398,68.9473
5,6,6,5,5,202.5,53395,58.5726
5,6,6,5,6,247.5,53665,29.1262
5,6,6,5,7,292.5,53751,46.5657
5,6,6,5,8,337.5,54466,15.3144
5,6,6,6,1,22.5,17275,7.27165
5,6,6,6,2,67.5,17361,22.0932
5,6,6,6,3,112.5,17331,19.68
5,6,6,6,4,157.5,17450,37.1661
5,6,6,6,5,202.5,17323,31.5434
5,6,6,6,6,247.5,17393,19.4049
5,6,6,6,7,292.5,17353,36.6151
5,6,6,6,8,337.5,17742,9.46332
5,6,6,7,1,22.5,4432,0
5,6,6,7,2,67.5,4416,17.4699
5,6,6,7,3,112.5,4446,9.01295
5,6,6,7,4,157.5,4302,17.8366
5,6,6,7,5,202.5,4222,15.2263
5,6,6,7,6,247.5,4368,14.1551
5,6,6,7,7,292.5,4459,21.6052
5,6,6,7,8,337.5,4409,0
5,6,6,8,1,22.5,893,0
5,6,6,8,2,67.5,819,4.12516
5,6,6,8,3,112.5,847,4.65859
5,6,6,8,4,157.5,808,7.17343
5,6,6,8,5,202.5,914,4.33753
5,6,6,8,6,247.5,831,7.79491
5,6,6,8,7,292.5,848,11.3129
5,6,6,8,8,337.5,874,0
5,6,6,9,1,22.5,6,0
5,6,6,9,2,67.5,10,0
5,6,6,9,3,112.5,7,0
5,6,6,9,4,157.5,9,0
5,6,6,9,5,202.5,11,0
5,6,6,9,6,247.5,8,0
5,6,6,9,7,292.5,9,0
5,6,6,9,8,337.5,12,0
5,6,6,10,1,22.5,0,0
5,6,6,10,2,67.5,0,0
5,6,6,10,3,112.5,0,0
5,6,6,10,4,157.5,0,0
5,6,6,10,5,202.5,0,0
5,6,6,10,6,247.5,0,0
5,6,6,10,7,292.5,0,0
5,6,6,10,8,337.5,0,0
5,6,6,11,1,22.5,0,0
5,6,6,11,2,67.5,0,0
5,6,6,11,3,112.5,0,0
5,6,6,11,4,157.5,0,0
5,6,6,11,5,202.5,0,0
5,6,6,11,6,247.5,0,0
5,6,6,11,7,292.5,0,0
5,6,6,11,8,337.5,0,0
5,6,7,1,1,22.5,17689,41.3502
5,6,7,1,2,67.5,17411,43.8856
5,6,7,1,3,112.5,17404,48.072
5,6,7,1,4,157.5,17427,48.2242
5,6,7,1,5,202.5,17651,44.0236
5,6,7,1,6,247.5,17677,37.3417
5,6,7,1,7,292.5,17745,30.1506
5,6,7,1,8,337.5,17747,34.5642
5,6,7,2,1,22.5,9159,21.8185
5,6,7,2,2,67.5,9244,20.3592
5,6,7,2,3,112.5,9123,29.1497
5,6,7,2,4,157.5,9262,35.6016
5,6,7,2,5,202.5,8943,30.8296
5,6,7,2,6,247.5,9320,15.7012
5,6,7,2,7,292.5,9009,6.63382
5,6,7,2,8,337.5,9058,10.0176
5,6,7,3,1,22.5,4486,5.49276
5,6,7,3,2,67.5,4417,7.12734
5,6,7,3,3,112.5,4427,18.0906
5,6,7,3,4,157.5,4388,23.0976
5,6,7,3,5,202.5,4360,22.8243
5,6,7,3,6,247.5,4365,7.29632
5,6,7,3,7,292.5,4499,0
5,6,7,3,8,337.5,4523,0
5,6,7,4,1,22.5,2063,0
5,6,7,4,2,67.5,2037,0
5,6,7,4,3,112.5,1929,8.87161
5,6,7,4,4,157.5,1969,16.7672
5,6,7,4,5,202.5,1975,11.8701
5,6,7,4,6,247.5,2038,0
5,6,7,4,7,292.5,1952,0
5,6,7,4,8,337.5,1962,0
5,6,7,5,1,22.5,1034,0
5,6,7,5,2,67.5,1067,0
5,6,7,5,3,112.5,1047,5.65052
5,6,7,5,4,157.5,1035,13.5995
5,6,7,5,5,202.5,1049,10.3981
5,6,7,5,6,247.5,1006,0
5,6,7,5,7,292.5,997,4.16398
5,6,7,5,8,337.5,994,0
5,6,7,6,1,22.5,50,0
5,6,7,6,2,67.5,58,0
5,6,7,6,3,112.5,54,0
5,6,7,6,4,157.5,63,0
5,6,7,6,5,202.5,53,0
5,6,7,6,6,247.5,41,0
5,6,7,6,7,292.5,68,0
5,6,7,6,8,337.5,48,0
5,6,7,7,1,22.5,0,0
5,6,7,7,2,67.5,0,0
5,6,7,7,3,112.5,0,0
5,6,7,7,4,157.5,0,0
5,6,7,7,5,202.5,0,0
5,6,7,7,6,247.5,0,0
5,6,7,7,7,292.5,0,0
5,6,7,7,8,337.5,0,0
5,6,7,8,1,22.5,0,0
5,6,7,8,2,67.5,0,0
5,6,7,8,3,112.5,0,0
5,6,7,8,4,157.5,0,0
5,6,7,8,5,202.5,0,0
5,6,7,8,6,247.5,0,0
5,6,7,8,7,292.5,0,0
5,6,7,8,8,337.5,0,0
5,6,7,9,1,22.5,0,0
5,6,7,9,2,67.5,0,0
5,6,7,9,3,112.5,0,0
5,6,7,9,4,157.5,0,0
5,6,7,9,5,202.5,0,0
5,6,7,9,6,247.5,0,0
5,6,7,9,7,292.5,0,0
5,6,7,9,8,337.5,0,0
5,6,7,10,1,22.5,0,0
5,6,7,10,2,67.5,0,0
5,6,7,10,3,112.5,0,0
5,6,7,10,4,157.5,0,0
5,6,7,10,5,202.5,0,0
5,6,7,10,6,247.5,0,0
5,6,7,10,7,292.5,0,0
5,6,7,10,8,337.5,0,0
5,6,7,11,1,22.5,0,0
5,6,7,11,2,67.5,0,0
5,6,7,11,3,112.5,0,0
5,6,7,11,4,157.5,0,0
5,6,7,11,5,202.5,0,0
5,6,7,11,6,247.5,0,0
5,6,7,11,7,292.5,0,0
5,6,7,11,8,337.5,0,0
5,6,8,1,1,22.5,0,0
5,6,8,1,2,67.5,27.8497,5.69698
5,6,8,1,3,112.5,17.8013,4.42337
5,6,8,1,4,157.5,0,0
5,6,8,1,5,202.5,0,0
5,6,8,1,6,247.5,0,0
5,6,8,1,7,292.5,0,0
5,6,8,1,8,337.5,0,0
5,6,8,2,1,22.5,0,0
5,6,8,2,2,67.5,0,0
5,6,8,2,3,112.5,0,0
5,6,8,2,4,157.5,0,0
5,6,8,2,5,202.5,0,0
5,6,8,2,6,247.5,0,0
5,6,8,2,7,292.5,0,0
5,6,8,2,8,337.5,0,0
5,6,8,3,1,22.5,0,0
5,6,8,3,2,67.5,0,0
5,6,8,3,3,112.5,0,0
5,6,8,3,4,157.5,0,0
5,6,8,3,5,202.5,0,0
5,6,8,3,6,247.5,0,0
5,6,8,3,7,292.5,0,0
5,6,8,3,8,337.5,0,0
5,6,8,4,1,22.5,0,0
5,6,8,4,2,67.5,0,0
5,6,8,4,3,112.5,0,0
5,6,8,4,4,157.5,0,0
5,6,8,4,5,202.5,0,0
5,6,8,4,6,247.5,0,0
5,6,8,4,7,292.5,0,0
5,6,8,4,8,337.5,0,0
5,6,8,5,1,22.5,0,0
5,6,8,5,2,67.5,0,0
5,6,8,5,3,112.5,0,0
5,6,8,5,4,157.5,0,0
5,6,8,5,5,202.5,0,0
5,6,8,5,6,247.5,0,0
5,6,8,5,7,292.5,0,0
5,6,8,5,8,337.5,0,0
5,6,8,6,1,22.5,0,0
5,6,8,6,2,67.5,0,0
5,6,8,6,3,112.5,0,0
5,6,8,6,4,157.5,0,0
5,6,8,6,5,202.5,0,0
5,6,8,6,6,247.5,0,0
5,6,8,6,7,292.5,0,0
5,6,8,6,8,337.5,0,0
5,6,8,7,1,22.5,0,0
5,6,8,7,2,67.5,0,0
5,6,8,7,3,112.5,0,0
5,6,8,7,4,157.5,0,0
5,6,8,7,5,202.5,0,0
5,6,8,7,6,247.5,0,0
5,6,8,7,7,292.5,0,0
5,6,8,7,8,337.5,0,0
5,6,8,8,1,22.5,0,0
5,6,8,8,2,67.5,0,0
5,6,8,8,3,112.5,0,0
5,6,8,8,4,157.5,0,0
5,6,8,8,5,202.5,0,0
5,6,8,8,6,247.5,0,0
5,6,8,8,7,292.5,0,0
5,6,8,8,8,337.5,0,0
5,6,8,9,1,22.5,0,0
5,6,8,9,2,67.5,0,0
5,6,8,9,3,112.5,0,0
5,6,8,9,4,157.5,0,0
5,6,8,9,5,202.5,0,0
5,6,8,9,6,247.5,0,0
5,6,8,9,7,292.5,0,0
5,6,8,9,8,337.5,0,0
5,6,8,10,1,22.5,0,0
5,6,8,10,2,67.5,0,0
5,6,8,10,3,112.5,0,0
5,6,8,10,4,157.5,0,0
5,6,8,10,5,202.5,0,0
5,6,8,10,6,247.5,0,0
5,6,8,10,7,292.5,0,0
5,6,8,10,8,337.5,0,0
5,6,8,11,1,22.5,0,0
5,6,8,11,2,67.5,0,0
5,6,8,11,3,112.5,0,0
5,6,8,11,4,157.5,0,0
5,6,8,11,5,202.5,0,0
5,6,8,11,6,247.5,0,0
5,6,8,11,7,292.5,0,0
5,6,8,11,8,337.5,0,0
6,7,1,1,1,22.5,6.89908e+06,0
6,7,1,1,2,67.5,6.89853e+06,0
6,7,1,1,3,112.5,6.89442e+06,0
6,7,1,1,4,157.5,6.89053e+06,0
6,7,1,1,5,202.5,6.88676e+06,0
6,7,1,1,6,247.5,6.89264e+06,0
6,7,1,1,7,292.5,6.90008e+06,0
6,7,1,1,8,337.5,6.9019e+06,0
6,7,1,2,1,22.5,2.14762e+06,0
6,7,1,2,2,67.5,2.14182e+06,0
6,7,1,2,3,112.5,2.14082e+06,0
6,7,1,2,4,157.5,2.13856e+06,0
6,7,1,2,5,202.5,2.14024e+06,0
6,7,1,2,6,247.5,2.14023e+06,0
6,7,1,2,7,292.5,2.14495e+06,0
6,7,1,2,8,337.5,2.14593e+06,0
6,7,1,3,1,22.5,798195,0
6,7,1,3,2,67.5,797203,0
6,7,1,3,3,112.5,796684,0
6,7,1,3,4,157.5,795052,0
6,7,1,3,5,202.5,795911,0
6,7,1,3,6,247.5,795569,0
6,7,1,3,7,292.5,796290,0
6,7,1,3,8,337.5,798884,0
6,7,1,4,1,22.5,290414,0
6,7,1,4,2,67.5,289297,0
6,7,1,4,3,112.5,288574,0
6,7,1,4,4,157.5,289475,0
6,7,1,4,5,202.5,289014,0
6,7,1,4,6,247.5,289242,0
6,7,1,4,7,292.5,289500,0
6,7,1,4,8,337.5,289861,0
6,7,1,5,1,22.5,106544,0
6,7,1,5,2,67.5,105858,0
6,7,1,5,3,112.5,105619,0
6,7,1,5,4,157.5,105918,0
6,7,1,5,5,202.5,105701,0
6,7,1,5,6,247.5,104998,0
6,7,1,5,7,292.5,105954,0
6,7,1,5,8,337.5,105407,0
6,7,1,6,1,22.5,2727,0
6,7,1,6,2,67.5,2742,0
6,7,1,6,3,112.5,2618,0
6,7,1,6,4,157.5,2713,0
6,7,1,6,5,202.5,2703,0
6,7,1,6,6,247.5,2746,0
6,7,1,6,7,292.5,2781,0
6,7,1,6,8,337.5,2792,0
6,7,1,7,1,22.5,0,0
6,7,1,7,2,67.5,0,0
6,7,1,7,3,112.5,0,0
6,7,1,7,4,157.5,0,0
6,7,1,7,5,202.5,0,0
6,7,1,7,6,247.5,0,0
6,7,1,7,7,292.5,0,0
6,7,1,7,8,337.5,0,0
6,7,1,8,1,22.5,0,0
6,7,1,8,2,67.5,0,0
6,7,1,8,3,112.5,0,0
6,7,1,8,4,157.5,0,0
6,7,1,8,5,202.5,0,0
6,7,1,8,6,247.5,0,0
6,7,1,8,7,292.5,0,0
6,7,1,8,8,337.5,0,0
6,7,1,9,1,22.5,0,0
6,7,1,9,2,67.5,0,0
6,7,1,9,3,112.5,0,0
6,7,1,9,4,157.5,0,0
6,7,1,9,5,202.5,0,0
6,7,1,9,6,247.5,0,0
6,7,1,9,7,292.5,0,0
6,7,1,9,8,337.5,0,0
6,7,1,10,1,22.5,0,0
6,7,1,10,2,67.5,0,0
6,7,1,10,3,112.5,0,0
6,7,1,10,4,157.5,0,0
6,7,1,10,5,202.5,0,0
6,7,1,10,6,247.5,0,0
6,7,1,10,7,292.5,0,0
6,7,1,10,8,337.5,0,0
6,7,1,11,1,22.5,0,0
6,7,1,11,2,67.5,0,0
6,7,1,11,3,112.5,0,0
6,7,1,11,4,157.5,0,0
6,7,1,11,5,202.5,0,0
6,7,1,11,6,247.5,0,0
6,7,1,11,7,292.5,0,0
6,7,1,11,8,337.5,0,0
6,7,2,1,1,22.5,1.18735e+06,15.7822
6,7,2,1,2,67.5,1.18711e+06,60.2424
6,7,2,1,3,112.5,1.1873e+06,28.8282
6,7,2,1,4,157.5,1.18591e+06,25.9915
6,7,2,1,5,202.5,1.18372e+06,22.9837
6,7,2,1,6,247.5,1.1859e+06,30.5883
6,7,2,1,7,292.5,1.1869e+06,37.4088
6,7,2,1,8,337.5,1.18954e+06,20.5932
6,7,2,2,1,22.5,840795,0
6,7,2,2,2,67.5,840515,15.2941
6,7,2,2,3,112.5,838502,12.2176
6,7,2,2,4,157.5,837033,0
6,7,2,2,5,202.5,838369,0
6,7,2,2,6,247.5,837299,10.3523
6,7,2,2,7,292.5,840033,18.9703
6,7,2,2,8,337.5,841216,5.24606
6,7,2,3,1,22.5,544307,5.26838
6,7,2,3,2,67.5,543845,13.4374
6,7,2,3,3,112.5,541335,4.54042
6,7,2,3,4,157.5,541046,0
6,7,2,3,5,202.5,540862,0
6,7,2,3,6,247.5,540235,4.49863
6,7,2,3,7,292.5,543206,15.5339
6,7,2,3,8,337.5,543569,6.99524
6,7,2,4,1,22.5,347962,8.71917
6,7,2,4,2,67.5,347398,7.56116
6,7,2,4,3,112.5,347245,0
6,7,2,4,4,157.5,346074,0
6,7,2,4,5,202.5,346427,0
6,7,2,4,6,247.5,346033,0
6,7,2,4,7,292.5,347724,9.70717
6,7,2,4,8,337.5,348417,5.2851
6,7,2,5,1,22.5,309499,5.61774
6,7,2,5,2,67.5,308917,9.31992
6,7,2,5,3,112.5,307295,0
6,7,2,5,4,157.5,306310,0
6,7,2,5,5,202.5,307332,0
6,7,2,5,6,247.5,306220,0
6,7,2,5,7,292.5,307382,9.1903
6,7,2,5,8,337.5,307679,4.81233
6,7,2,6,1,22.5,55455,0
6,7,2,6,2,67.5,55039,0
6,7,2,6,3,112.5,55278,0
6,7,2,6,4,157.5,55166,0
6,7,2,6,5,202.5,55035,0
6,7,2,6,6,247.5,55580,0
6,7,2,6,7,292.5,55056,0
6,7,2,6,8,337.5,55856,0
6,7,2,7,1,22.5,3854,0
6,7,2,7,2,67.5,3828,0
6,7,2,7,3,112.5,3798,0
6,7,2,7,4,157.5,3873,0
6,7,2,7,5,202.5,3781,0
6,7,2,7,6,247.5,3731,0
6,7,2,7,7,292.5,3789,0
6,7,2,7,8,337.5,3691,0
6,7,2,8,1,22.5,21,0
6,7,2,8,2,67.5,14,0
6,7,2,8,3,112.5,22,0
6,7,2,8,4,157.5,18,0
6,7,2,8,5,202.5,7,0
6,7,2,8,6,247.5,15,0
6,7,2,8,7,292.5,14,0
6,7,2,8,8,337.5,21,0
6,7,2,9,1,22.5,0,0
6,7,2,9,2,67.5,0,0
6,7,2,9,3,112.5,0,0
6,7,2,9,4,157.5,0,0
6,7,2,9,5,202.5,0,0
6,7,2,9,6,247.5,0,0
6,7,2,9,7,292.5,0,0
6,7,2,9,8,337.5,0,0
6,7,2,10,1,22.5,0,0
6,7,2,10,2,67.5,0,0
6,7,2,10,3,112.5,0,0
6,7,2,10,4,157.5,0,0
6,7,2,10,5,202.5,0,0
6,7,2,10,6,247.5,0,0
6,7,2,10,7,292.5,0,0
6,7,2,10,8,337.5,0,0
6,7,2,11,1,22.5,0,0
6,7,2,11,2,67.5,0,0
6,7,2,11,3,112.5,0,0
6,7,2,11,4,157.5,0,0
6,7,2,11,5,202.5,0,0
6,7,2,11,6,247.5,0,0
6,7,2,11,7,292.5,0,0
6,7,2,11,8,337.5,0,0
6,7,3,1,1,22.5,623148,79.3637
6,7,3,1,2,67.5,622921,113.016
6,7,3,1,3,112.5,622541,108.889
6,7,3,1,4,157.5,621983,128.469
6,7,3,1,5,202.5,621594,125.999
6,7,3,1,6,247.5,624174,125.882
6,7,3,1,7,292.5,623945,117.657
6,7,3,1,8,337.5,622955,89.2169
6,7,3,2,1,22.5,456817,53.3035
6,7,3,2,2,67.5,455738,74.2973
6,7,3,2,3,112.5,454942,57.9687
6,7,3,2,4,157.5,453315,33.3839
6,7,3,2,5,202.5,451880,32.3955
6,7,3,2,6,247.5,455763,57.118
6,7,3,2,7,292.5,456990,67.443
6,7,3,2,8,337.5,457401,48.3151
6,7,3,3,1,22.5,323191,26.0483
6,7,3,3,2,67.5,324031,50.6207
6,7,3,3,3,112.5,320800,32.2611
6,7,3,3,4,157.5,320565,20.4176
6,7,3,3,5,202.5,320531,12.9853
6,7,3,3,6,247.5,321863,32.3629
6,7,3,3,7,292.5,323759,57.3711
6,7,3,3,8,337.5,323578,26.3704
6,7,3,4,1,22.5,225655,23.8382
6,7,3,4,2,67.5,223359,46.5399
6,7,3,4,3,112.5,222110,15.7239
6,7,3,4,4,157.5,222924,0
6,7,3,4,5,202.5,222890,0
6,7,3,4,6,247.5,223080,17.7041
6,7,3,4,7,292.5,223979,50.7786
6,7,3,4,8,337.5,224935,27.9693
6,7,3,5,1,22.5,231534,31.5528
6,7,3,5,2,67.5,231638,50.3313
6,7,3,5,3,112.5,230404,10.1479
6,7,3,5,4,157.5,228824,5.77796
6,7,3,5,5,202.5,229697,0
6,7,3,5,6,247.5,230004,12.0411
6,7,3,5,7,292.5,231766,48.7898
6,7,3,5,8,337.5,232774,30.779
6,7,3,6,1,22.5,65675,14.9097
6,7,3,6,2,67.5,65440,24.1661
6,7,3,6,3,112.5,64970,0
6,7,3,6,4,157.5,64823,0
6,7,3,6,5,202.5,65702,0
6,7,3,6,6,247.5,65587,0
6,7,3,6,7,292.5,65266,22.3003
6,7,3,6,8,337.5,65509,14.1701
6,7,3,7,1,22.5,10731,4.04008
6,7,3,7,2,67.5,10565,9.45884
6,7,3,7,3,112.5,10501,0
6,7,3,7,4,157.5,10523,0
6,7,3,7,5,202.5,10630,0
6,7,3,7,6,247.5,10576,0
6,7,3,7,7,292.5,10416,6.57014
6,7,3,7,8,337.5,10847,4.15704
6,7,3,8,1,22.5,494,0
6,7,3,8,2,67.5,443,0
6,7,3,8,3,112.5,462,0
6,7,3,8,4,157.5,475,0
6,7,3,8,5,202.5,444,0
6,7,3,8,6,247.5,451,0
6,7,3,8,7,292.5,460,0
6,7,3,8,8,337.5,485,0
6,7,3,9,1,22.5,0,0
6,7,3,9,2,67.5,0,0
6,7,3,9,3,112.5,0,0
6,7,3,9,4,157.5,0,0
6,7,3,9,5,202.5,0,0
6,7,3,9,6,247.5,0,0
6,7,3,9,7,292.5,0,0
6,7,3,9,8,337.5,0,0
6,7,3,10,1,22.5,0,0
6,7,3,10,2,67.5,0,0
6,7,3,10,3,112.5,0,0
6,7,3,10,4,157.5,0,0
6,7,3,10,5,202.5,0,0
6,7,3,10,6,247.5,0,0
6,7,3,10,7,292.5,0,0
6,7,3,10,8,337.5,0,0
6,7,3,11,1,22.5,0,0
6,7,3,11,2,67.5,0,0
6,7,3,11,3,112.5,0,0
6,7,3,11,4,157.5,0,0
6,7,3,11,5,202.5,0,0
6,7,3,11,6,247.5,0,0
6,7,3,11,7,292.5,0,0
6,7,3,11,8,337.5,0,0
6,7,4,1,1,22.5,348164,98.237
6,7,4,1,2,67.5,347489,105.469
6,7,4,1,3,112.5,347101,144.514
6,7,4,1,4,157.5,346194,142.644
6,7,4,1,5,202.5,346952,142.803
6,7,4,1,6,247.5,347589,113.89
6,7,4,1,7,292.5,347452,102.724
6,7,4,1,8,337.5,348591,96.31
6,7,4,2,1,22.5,261099,60.8354
6,7,4,2,2,67.5,262730,73.3678
6,7,4,2,3,112.5,260372,69.5331
6,7,4,2,4,157.5,259278,65.4768
6,7,4,2,5,202.5,259362,57.4257
6,7,4,2,6,247.5,260245,65.2172
6,7,4,2,7,292.5,262307,70.7665
6,7,4,2,8,337.5,261886,65.0159
6,7,4,3,1,22.5,189777,42.7658
6,7,4,3,2,67.5,189410,51.9835
6,7,4,3,3,112.5,188971,46.6015
6,7,4,3,4,157.5,188075,26.5707
6,7,4,3,5,202.5,188168,26.1372
6,7,4,3,6,247.5,189229,44.2067
6,7,4,3,7,292.5,190419,57.443
6,7,4,3,8,337.5,189960,37.2642
6,7,4,4,1,22.5,129611,24.4542
6,7,4,4,2,67.5,129671,46.4048
6,7,4,4,3,112.5,128670,30.2966
6,7,4,4,4,157.5,128125,9.89652
6,7,4,4,5,202.5,127507,10.8813
6,7,4,4,6,247.5,128887,30.5342
6,7,4,4,7,292.5,128862,60.3188
6,7,4,4,8,337.5,129022,23.6331
6,7,4,5,1,22.5,127572,24.9965
6,7,4,5,2,67.5,127853,60.205
6,7,4,5,3,112.5,126050,25.1231
6,7,4,5,4,157.5,125615,0
6,7,4,5,5,202.5,126086,0
6,7,4,5,6,247.5,126906,28.9935
6,7,4,5,7,292.5,127628,69.021
6,7,4,5,8,337.5,128199,25.6951
6,7,4,6,1,22.5,34198,16.4143
6,7,4,6,2,67.5,34344,36.5869
6,7,4,6,3,112.5,34061,10.5814
6,7,4,6,4,157.5,33889,0
6,7,4,6,5,202.5,33512,0
6,7,4,6,6,247.5,33989,12.9401
6,7,4,6,7,292.5,34555,35.6003
6,7,4,6,8,337.5,34268,17.0863
6,7,4,7,1,22.5,5351,0
6,7,4,7,2,67.5,5310,16.3286
6,7,4,7,3,112.5,5319,4.18633
6,7,4,7,4,157.5,5061,0
6,7,4,7,5,202.5,5090,0
6,7,4,7,6,247.5,5128,0
6,7,4,7,7,292.5,5212,15.8427
6,7,4,7,8,337.5,5359,5.95686
6,7,4,8,1,22.5,213,0
6,7,4,8,2,67.5,191,5.48954
6,7,4,8,3,112.5,204,0
6,7,4,8,4,157.5,198,0
6,7,4,8,5,202.5,192,0
6,7,4,8,6,247.5,192,0
6,7,4,8,7,292.5,173,0
6,7,4,8,8,337.5,219,0
6,7,4,9,1,22.5,0,0
6,7,4,9,2,67.5,0,0
6,7,4,9,3,112.5,0,0
6,7,4,9,4,157.5,0,0
6,7,4,9,5,202.5,0,0
6,7,4,9,6,247.5,0,0
6,7,4,9,7,292.5,0,0
6,7,4,9,8,337.5,0,0
6,7,4,10,1,22.5,0,0
6,7,4,10,2,67.5,0,0
6,7,4,10,3,112.5,0,0
6,7,4,10,4,157.5,0,0
6,7,4,10,5,202.5,0,0
6,7,4,10,6,247.5,0,0
6,7,4,10,7,292.5,0,0
6,7,4,10,8,337.5,0,0
6,7,4,11,1,22.5,0,0
6,7,4,11,2,67.5,0,0
6,7,4,11,3,112.5,0,0
6,7,4,11,4,157.5,0,0
6,7,4,11,5,202.5,0,0
6,7,4,11,6,247.5,0,0
6,7,4,11,7,292.5,0,0
6,7,4,11,8,337.5,0,0
6,7,5,1,1,22.5,172971,102.169
6,7,5,1,2,67.5,172621,106.573
6,7,5,1,3,112.5,172706,117.887
6,7,5,1,4,157.5,172241,122.879
6,7,5,1,5,202.5,172137,114.391
6,7,5,1,6,247.5,172014,90.0104
6,7,5,1,7,292.5,173011,75.273
6,7,5,1,8,337.5,172294,86.1661
6,7,5,2,1,22.5,120530,45.8003
6,7,5,2,2,67.5,121107,48.2643
6,7,5,2,3,112.5,120378,69.2478
6,7,5,2,4,157.5,119290,73.4126
6,7,5,2,5,202.5,119879,68.4375
6,7,5,2,6,247.5,120660,49.4808
6,7,5,2,7,292.5,121389,44.5592
6,7,5,2,8,337.5,121724,44.6799
6,7,5,3,1,22.5,77842,31.188
6,7,5,3,2,67.5,77260,33.6838
6,7,5,3,3,112.5,77435,44.9115
6,7,5,3,4,157.5,77172,42.3111
6,7,5,3,5,202.5,77605,37.6793
6,7,5,3,6,247.5,77755,32.5159
6,7,5,3,7,292.5,77742,35.0699
6,7,5,3,8,337.5,78252,32.0848
6,7,5,4,1,22.5,45803,20.6914
6,7,5,4,2,67.5,46165,25.0823
6,7,5,4,3,112.5,45689,28.5724
6,7,5,4,4,157.5,45415,22.8642
6,7,5,4,5,202.5,45250,20.3966
6,7,5,4,6,247.5,44959,24.2221
6,7,5,4,7,292.5,45398,32.4934
6,7,5,4,8,337.5,46346,20.1523
6,7,5,5,1,22.5,34828,16.2719
6,7,5,5,2,67.5,34812,30.0637
6,7,5,5,3,112.5,34830,21.5641
6,7,5,5,4,157.5,34337,11.7727
6,7,5,5,5,202.5,34671,11.1592
6,7,5,5,6,247.5,34571,22.1972
6,7,5,5,7,292.5,34808,42.3245
6,7,5,5,8,337.5,35158,14.8503
6,7,5,6,1,22.5,5746,0
6,7,5,6,2,67.5,5665,17.9545
6,7,5,6,3,112.5,5790,7.46236
6,7,5,6,4,157.5,5607,0
6,7,5,6,5,202.5,5566,0
6,7,5,6,6,247.5,5759,10.4164
6,7,5,6,7,292.5,5831,23.5004
6,7,5,6,8,337.5,5735,4.91111
6,7,5,7,1,22.5,314,0
6,7,5,7,2,67.5,347,4.69984
6,7,5,7,3,112.5,334,0
6,7,5,7,4,157.5,315,0
6,7,5,7,5,202.5,296,0
6,7,5,7,6,247.5,340,0
6,7,5,7,7,292.5,350,6.70361
6,7,5,7,8,337.5,330,0
6,7,5,8,1,22.5,0,0
6,7,5,8,2,67.5,1,0
6,7,5,8,3,112.5,0,0
6,7,5,8,4,157.5,0,0
6,7,5,8,5,202.5,0,0
6,7,5,8,6,247.5,0,0
6,7,5,8,7,292.5,0,0
6,7,5,8,8,337.5,0,0
6,7,5,9,1,22.5,0,0
6,7,5,9,2,67.5,0,0
6,7,5,9,3,112.5,0,0
6,7,5,9,4,157.5,0,0
6,7,5,9,5,202.5,0,0
6,7,5,9,6,247.5,0,0
6,7,5,9,7,292.5,0,0
6,7,5,9,8,337.5,0,0
6,7,5,10,1,22.5,0,0
6,7,5,10,2,67.5,0,0
6,7,5,10,3,112.5,0,0
6,7,5,10,4,157.5,0,0
6,7,5,10,5,202.5,0,0
6,7,5,10,6,247.5,0,0
6,7,5,10,7,292.5,0,0
6,7,5,10,8,337.5,0,0
6,7,5,11,1,22.5,0,0
6,7,5,11,2,67.5,0,0
6,7,5,11,3,112.5,0,0
6,7,5,11,4,157.5,0,0
6,7,5,11,5,202.5,0,0
6,7,5,11,6,247.5,0,0
6,7,5,11,7,292.5,0,0
6,7,5,11,8,337.5,0,0
6,7,6,1,1,22.5,36476,59.0916
6,7,6,1,2,67.5,36384,57.6741
6,7,6,1,3,112.5,36003,63.1776
6,7,6,1,4,157.5,35991,63.5375
6,7,6,1,5,202.5,36274,59.7177
6,7,6,1,6,247.5,36348,49.36
6,7,6,1,7,292.5,36534,41.4493
6,7,6,1,8,337.5,36598,47.4496
6,7,6,2,1,22.5,18162,27.088
6,7,6,2,2,67.5,17955,25.783
6,7,6,2,3,112.5,17869,36.9177
6,7,6,2,4,157.5,17537,41.8202
6,7,6,2,5,202.5,17676,37.7885
6,7,6,2,6,247.5,18128,24.2159
6,7,6,2,7,292.5,18132,15.3209
6,7,6,2,8,337.5,18092,20.4313
6,7,6,3,1,22.5,7645,11.5089
6,7,6,3,2,67.5,7792,11.4255
6,7,6,3,3,112.5,7885,20.1745
6,7,6,3,4,157.5,7791,27.4026
6,7,6,3,5,202.5,7527,21.2618
6,7,6,3,6,247.5,7743,10.539
6,7,6,3,7,292.5,7605,7.82219
6,7,6,3,8,337.5,7833,16.3448
6,7,6,4,1,22.5,2865,0
6,7,6,4,2,67.5,2757,0
6,7,6,4,3,112.5,2795,9.94485
6,7,6,4,4,157.5,2727,12.0142
6,7,6,4,5,202.5,2690,10.072
6,7,6,4,6,247.5,2870,4.72126
6,7,6,4,7,292.5,2911,0
6,7,6,4,8,337.5,2947,3.77595
6,7,6,5,1,22.5,943,0
6,7,6,5,2,67.5,913,0
6,7,6,5,3,112.5,886,0
6,7,6,5,4,157.5,886,6.23797
6,7,6,5,5,202.5,901,6.84717
6,7,6,5,6,247.5,872,0
6,7,6,5,7,292.5,896,7.35083
6,7,6,5,8,337.5,896,0
6,7,6,6,1,22.5,5,0
6,7,6,6,2,67.5,8,0
6,7,6,6,3,112.5,4,0
6,7,6,6,4,157.5,7,0
6,7,6,6,5,202.5,5,0
6,7,6,6,6,247.5,7,0
6,7,6,6,7,292.5,2,0
6,7,6,6,8,337.5,8,0
6,7,6,7,1,22.5,0,0
6,7,6,7,2,67.5,0,0
6,7,6,7,3,112.5,0,0
6,7,6,7,4,157.5,0,0
6,7,6,7,5,202.5,0,0
6,7,6,7,6,247.5,0,0
6,7,6,7,7,292.5,0,0
6,7,6,7,8,337.5,0,0
6,7,6,8,1,22.5,0,0
6,7,6,8,2,67.5,0,0
6,7,6,8,3,112.5,0,0
6,7,6,8,4,157.5,0,0
6,7,6,8,5,202.5,0,0
6,7,6,8,6,247.5,0,0
6,7,6,8,7,292.5,0,0
6,7,6,8,8,337.5,0,0
6,7,6,9,1,22.5,0,0
6,7,6,9,2,67.5,0,0
6,7,6,9,3,112.5,0,0
6,7,6,9,4,157.5,0,0
6,7,6,9,5,202.5,0,0
6,7,6,9,6,247.5,0,0
6,7,6,9,7,292.5,0,0
6,7,6,9,8,337.5,0,0
6,7,6,10,1,22.5,0,0
6,7,6,10,2,67.5,0,0
6,7,6,10,3,112.5,0,0
6,7,6,10,4,157.5,0,0
6,7,6,10,5,202.5,0,0
6,7,6,10,6,247.5,0,0
6,7,6,10,7,292.5,0,0
6,7,6,10,8,337.5,0,0
6,7,6,11,1,22.5,0,0
6,7,6,11,2,67.5,0,0
6,7,6,11,3,112.5,0,0
6,7,6,11,4,157.5,0,0
6,7,6,11,5,202.5,0,0
6,7,6,11,6,247.5,0,0
6,7,6,11,7,292.5,0,0
6,7,6,11,8,337.5,0,0
6,7,7,1,1,22.5,130.71,12.9959
6,7,7,1,2,67.5,104.954,10.9116
6,7,7,1,3,112.5,126.298,11.9778
6,7,7,1,4,157.5,96.2994,10.8478
6,7,7,1,5,202.5,68.7392,8.79555
6,7,7,1,6,247.5,46,6.6447
6,7,7,1,7,292.5,58,6.77919
6,7,7,1,8,337.5,105.726,11.5776
6,7,7,2,1,22.5,49.5174,7.46225
6,7,7,2,2,67.5,29.0227,5.77951
6,7,7,2,3,112.5,32.1837,6.22399
6,7,7,2,4,157.5,30.6256,6.06909
6,7,7,2,5,202.5,21.5749,5.1403
6,7,7,2,6,247.5,0,0
6,7,7,2,7,292.5,0,0
6,7,7,2,8,337.5,0,0
6,7,7,3,1,22.5,0,0
6,7,7,3,2,67.5,8.51643,3.28549
6,7,7,3,3,112.5,9.98511,3.28818
6,7,7,3,4,157.5,21.7803,5.16236
6,7,7,3,5,202.5,11.2009,3.66735
6,7,7,3,6,247.5,0,0
6,7,7,3,7,292.5,0,0
6,7,7,3,8,337.5,0,0
6,7,7,4,1,22.5,0,0
6,7,7,4,2,67.5,0,0
6,7,7,4,3,112.5,0,0
6,7,7,4,4,157.5,0,0
6,7,7,4,5,202.5,0,0
6,7,7,4,6,247.5,0,0
6,7,7,4,7,292.5,0,0
6,7,7,4,8,337.5,0,0
6,7,7,5,1,22.5,0,0
6,7,7,5,2,67.5,0,0
6,7,7,5,3,112.5,0,0
6,7,7,5,4,157.5,0,0
6,7,7,5,5,202.5,0,0
6,7,7,5,6,247.5,0,0
6,7,7,5,7,292.5,0,0
6,7,7,5,8,337.5,0,0
6,7,7,6,1,22.5,0,0
6,7,7,6,2,67.5,0,0
6,7,7,6,3,112.5,0,0
6,7,7,6,4,157.5,0,0
6,7,7,6,5,202.5,0,0
6,7,7,6,6,247.5,0,0
6,7,7,6,7,292.5,0,0
6,7,7,6,8,337.5,0,0
6,7,7,7,1,22.5,0,0
6,7,7,7,2,67.5,0,0
6,7,7,7,3,112.5,0,0
6,7,7,7,4,157.5,0,0
6,7,7,7,5,202.5,0,0
6,7,7,7,6,247.5,0,0
6,7,7,7,7,292.5,0,0
6,7,7,7,8,337.5,0,0
6,7,7,8,1,22.5,0,0
6,7,7,8,2,67.5,0,0
6,7,7,8,3,112.5,0,0
6,7,7,8,4,157.5,0,0
6,7,7,8,5,202.5,0,0
6,7,7,8,6,247.5,0,0
6,7,7,8,7,292.5,0,0
6,7,7,8,8,337.5,0,0
6,7,7,9,1,22.5,0,0
6,7,7,9,2,67.5,0,0
6,7,7,9,3,112.5,0,0
6,7,7,9,4,157.5,0,0
6,7,7,9,5,202.5,0,0
6,7,7,9,6,247.5,0,0
6,7,7,9,7,292.5,0,0
6,7,7,9,8,337.5,0,0
6,7,7,10,1,22.5,0,0
6,7,7,10,2,67.5,0,0
6,7,7,10,3,112.5,0,0
6,7,7,10,4,157.5,0,0
6,7,7,10,5,202.5,0,0
6,7,7,10,6,247.5,0,0
6,7,7,10,7,292.5,0,0
6,7,7,10,8,337.5,0,0
6,7,7,11,1,22.5,0,0
6,7,7,11,2,67.5,0,0
6,7,7,11,3,112.5,0,0
6,7,7,11,4,157.5,0,0
6,7,7,11,5,202.5,0,0
6,7,7,11,6,247.5,0,0
6,7,7,11,7,292.5,0,0
6,7,7,11,8,337.5,0,0
6,7,8,1,1,22.5,0,0
6,7,8,1,2,67.5,0,0
6,7,8,1,3,112.5,13.596,4.64375
6,7,8,1,4,157.5,0,0
6,7,8,1,5,202.5,0,0
6,7,8,1,6,247.5,0,0
6,7,8,1,7,292.5,0,0
6,7,8,1,8,337.5,12.5286,4.17467
6,7,8,2,1,22.5,0,0
6,7,8,2,2,67.5,0,0
6,7,8,2,3,112.5,0,0
6,7,8,2,4,157.5,0,0
6,7,8,2,5,202.5,0,0
6,7,8,2,6,247.5,0,0
6,7,8,2,7,292.5,0,0
6,7,8,2,8,337.5,0,0
6,7,8,3,1,22.5,12.326,4.0985
6,7,8,3,2,67.5,0,0
6,7,8,3,3,112.5,0,0
6,7,8,3,4,157.5,0,0
6,7,8,3,5,202.5,0,0
6,7,8,3,6,247.5,0,0
6,7,8,3,7,292.5,0,0
6,7,8,3,8,337.5,0,0
6,7,8,4,1,22.5,0,0
6,7,8,4,2,67.5,0,0
6,7,8,4,3,112.5,0,0
6,7,8,4,4,157.5,0,0
6,7,8,4,5,202.5,0,0
6,7,8,4,6,247.5,0,0
6,7,8,4,7,292.5,0,0
6,7,8,4,8,337.5,0,0
6,7,8,5,1,22.5,0,0
6,7,8,5,2,67.5,0,0
6,7,8,5,3,112.5,0,0
6,7,8,5,4,157.5,0,0
6,7,8,5,5,202.5,0,0
6,7,8,5,6,247.5,0,0
6,7,8,5,7,292.5,0,0
6,7,8,5,8,337.5,0,0
6,7,8,6,1,22.5,0,0
6,7,8,6,2,67.5,0,0
6,7,8,6,3,112.5,0,0
6,7,8,6,4,157.5,0,0
6,7,8,6,5,202.5,0,0
6,7,8,6,6,247.5,0,0
6,7,8,6,7,292.5,0,0
6,7,8,6,8,337.5,0,0
6,7,8,7,1,22.5,0,0
6,7,8,7,2,67.5,0,0
6,7,8,7,3,112.5,0,0
6,7,8,7,4,157.5,0,0
6,7,8,7,5,202.5,0,0
6,7,8,7,6,247.5,0,0
6,7,8,7,7,292.5,0,0
6,7,8,7,8,337.5,0,0
6,7,8,8,1,22.5,0,0
6,7,8,8,2,67.5,0,0
6,7,8,8,3,112.5,0,0
6,7,8,8,4,157.5,0,0
6,7,8,8,5,202.5,0,0
6,7,8,8,6,247.5,0,0
6,7,8,8,7,292.5,0,0
6,7,8,8,8,337.5,0,0
6,7,8,9,1,22.5,0,0
6,7,8,9,2,67.5,0,0
6,7,8,9,3,112.5,0,0
6,7,8,9,4,157.5,0,0
6,7,8,9,5,202.5,0,0
6,7,8,9,6,247.5,0,0
6,7,8,9,7,292.5,0,0
6,7,8,9,8,337.5,0,0
6,7,8,10,1,22.5,0,0
6,7,8,10,2,67.5,0,0
6,7,8,10,3,112.5,0,0
6,7,8,10,4,157.5,0,0
6,7,8,10,5,202.5,0,0
6,7,8,10,6,247.5,0,0
6,7,8,10,7,292.5,0,0
6,7,8,10,8,337.5,0,0
6,7,8,11,1,22.5,0,0
6,7,8,11,2,67.5,0,0
6,7,8,11,3,112.5,0,0
6,7,8,11,4,157.5,0,0
6,7,8,11,5,202.5,0,0
6,7,8,11,6,247.5,0,0
6,7,8,11,7,292.5,0,0
6,7,8,11,8,337.5,0,0
7,8,1,1,1,22.5,2.37552e+06,0
7,8,1,1,2,67.5,2.37061e+06,0
7,8,1,1,3,112.5,2.37278e+06,0
7,8,1,1,4,157.5,2.36824e+06,0
7,8,1,1,5,202.5,2.3668e+06,0
7,8,1,1,6,247.5,2.37033e+06,0
7,8,1,1,7,292.5,2.3745e+06,0
7,8,1,1,8,337.5,2.37469e+06,0
7,8,1,2,1,22.5,688735,0
7,8,1,2,2,67.5,686756,0
7,8,1,2,3,112.5,686151,0
7,8,1,2,4,157.5,684819,0
7,8,1,2,5,202.5,685130,0
7,8,1,2,6,247.5,684807,0
7,8,1,2,7,292.5,686984,0
7,8,1,2,8,337.5,688586,0
7,8,1,3,1,22.5,199611,0
7,8,1,3,2,67.5,199525,0
7,8,1,3,3,112.5,199218,0
7,8,1,3,4,157.5,198365,0
7,8,1,3,5,202.5,199592,0
7,8,1,3,6,247.5,199086,0
7,8,1,3,7,292.5,199812,0
7,8,1,3,8,337.5,199845,0
7,8,1,4,1,22.5,40345,0
7,8,1,4,2,67.5,40463,0
7,8,1,4,3,112.5,39952,0
7,8,1,4,4,157.5,39874,0
7,8,1,4,5,202.5,39829,0
7,8,1,4,6,247.5,40167,0
7,8,1,4,7,292.5,40452,0
7,8,1,4,8,337.5,40123,0
7,8,1,5,1,22.5,3613,0
7,8,1,5,2,67.5,3606,0
7,8,1,5,3,112.5,3554,0
7,8,1,5,4,157.5,3595,0
7,8,1,5,5,202.5,3421,0
7,8,1,5,6,247.5,3572,0
7,8,1,5,7,292.5,3592,0
7,8,1,5,8,337.5,3678,0
7,8,1,6,1,22.5,0,0
7,8,1,6,2,67.5,0,0
7,8,1,6,3,112.5,0,0
7,8,1,6,4,157.5,0,0
7,8,1,6,5,202.5,0,0
7,8,1,6,6,247.5,0,0
7,8,1,6,7,292.5,0,0
7,8,1,6,8,337.5,0,0
7,8,1,7,1,22.5,0,0
7,8,1,7,2,67.5,0,0
7,8,1,7,3,112.5,0,0
7,8,1,7,4,157.5,0,0
7,8,1,7,5,202.5,0,0
7,8,1,7,6,247.5,0,0
7,8,1,7,7,292.5,0,0
7,8,1,7,8,337.5,0,0
7,8,1,8,1,22.5,0,0
7,8,1,8,2,67.5,0,0
7,8,1,8,3,112.5,0,0
7,8,1,8,4,157.5,0,0
7,8,1,8,5,202.5,0,0
7,8,1,8,6,247.5,0,0
7,8,1,8,7,292.5,0,0
7,8,1,8,8,337.5,0,0
7,8,1,9,1,22.5,0,0
7,8,1,9,2,67.5,0,0
7,8,1,9,3,112.5,0,0
7,8,1,9,4,157.5,0,0
7,8,1,9,5,202.5,0,0
7,8,1,9,6,247.5,0,0
7,8,1,9,7,292.5,0,0
7,8,1,9,8,337.5,0,0
7,8,1,10,1,22.5,0,0
7,8,1,10,2,67.5,0,0
7,8,1,10,3,112.5,0,0
7,8,1,10,4,157.5,0,0
7,8,1,10,5,202.5,0,0
7,8,1,10,6,247.5,0,0
7,8,1,10,7,292.5,0,0
7,8,1,10,8,337.5,0,0
7,8,1,11,1,22.5,0,0
7,8,1,11,2,67.5,0,0
7,8,1,11,3,112.5,0,0
7,8,1,11,4,157.5,0,0
7,8,1,11,5,202.5,0,0
7,8,1,11,6,247.5,0,0
7,8,1,11,7,292.5,0,0
7,8,1,11,8,337.5,0,0
7,8,2,1,1,22.5,483856,0
7,8,2,1,2,67.5,484086,0
7,8,2,1,3,112.5,483615,0
7,8,2,1,4,157.5,483070,0
7,8,2,1,5,202.5,483163,0
7,8,2,1,6,247.5,482692,0
7,8,2,1,7,292.5,483224,0
7,8,2,1,8,337.5,484340,0
7,8,2,2,1,22.5,331399,0
7,8,2,2,2,67.5,331239,0
7,8,2,2,3,112.5,329386,0
7,8,2,2,4,157.5,329430,0
7,8,2,2,5,202.5,328586,0
7,8,2,2,6,247.5,328649,0
7,8,2,2,7,292.5,331207,0
7,8,2,2,8,337.5,330577,0
7,8,2,3,1,22.5,199363,0
7,8,2,3,2,67.5,199411,0
7,8,2,3,3,112.5,198623,0
7,8,2,3,4,157.5,197541,0
7,8,2,3,5,202.5,198825,0
7,8,2,3,6,247.5,198700,0
7,8,2,3,7,292.5,199345,0
7,8,2,3,8,337.5,199561,0
7,8,2,4,1,22.5,113464,0
7,8,2,4,2,67.5,112288,0
7,8,2,4,3,112.5,112052,0
7,8,2,4,4,157.5,112352,0
7,8,2,4,5,202.5,111256,0
7,8,2,4,6,247.5,111648,0
7,8,2,4,7,292.5,112945,0
7,8,2,4,8,337.5,113026,0
7,8,2,5,1,22.5,43768,0
7,8,2,5,2,67.5,43135,0
7,8,2,5,3,112.5,43447,0
7,8,2,5,4,157.5,43353,0
7,8,2,5,5,202.5,42825,0
7,8,2,5,6,247.5,43110,0
7,8,2,5,7,292.5,43315,0
7,8,2,5,8,337.5,43647,0
7,8,2,6,1,22.5,510,0
7,8,2,6,2,67.5,528,0
7,8,2,6,3,112.5,510,0
7,8,2,6,4,157.5,456,0
7,8,2,6,5,202.5,551,0
7,8,2,6,6,247.5,495,0
7,8,2,6,7,292.5,500,0
7,8,2,6,8,337.5,512,0
7,8,2,7,1,22.5,0,0
7,8,2,7,2,67.5,0,0
7,8,2,7,3,112.5,0,0
7,8,2,7,4,157.5,0,0
7,8,2,7,5,202.5,0,0
7,8,2,7,6,247.5,0,0
7,8,2,7,7,292.5,0,0
7,8,2,7,8,337.5,0,0
7,8,2,8,1,22.5,0,0
7,8,2,8,2,67.5,0,0
7,8,2,8,3,112.5,0,0
7,8,2,8,4,157.5,0,0
7,8,2,8,5,202.5,0,0
7,8,2,8,6,247.5,0,0
7,8,2,8,7,292.5,0,0
7,8,2,8,8,337.5,0,0
7,8,2,9,1,22.5,0,0
7,8,2,9,2,67.5,0,0
7,8,2,9,3,112.5,0,0
7,8,2,9,4,157.5,0,0
7,8,2,9,5,202.5,0,0
7,8,2,9,6,247.5,0,0
7,8,2,9,7,292.5,0,0
7,8,2,9,8,337.5,0,0
7,8,2,10,1,22.5,0,0
7,8,2,10,2,67.5,0,0
7,8,2,10,3,112.5,0,0
7,8,2,10,4,157.5,0,0
7,8,2,10,5,202.5,0,0
7,8,2,10,6,247.5,0,0
7,8,2,10,7,292.5,0,0
7,8,2,10,8,337.5,0,0
7,8,2,11,1,22.5,0,0
7,8,2,11,2,67.5,0,0
7,8,2,11,3,112.5,0,0
7,8,2,11,4,157.5,0,0
7,8,2,11,5,202.5,0,0
7,8,2,11,6,247.5,0,0
7,8,2,11,7,292.5,0,0
7,8,2,11,8,337.5,0,0
7,8,3,1,1,22.5,245026,46.2812
7,8,3,1,2,67.5,244434,48.2627
7,8,3,1,3,112.5,245171,50.8902
7,8,3,1,4,157.5,243494,39.8633
7,8,3,1,5,202.5,243557,34.476
7,8,3,1,6,247.5,243876,38.1136
7,8,3,1,7,292.5,244478,52.1294
7,8,3,1,8,337.5,244932,48.0104
7,8,3,2,1,22.5,173211,26.1606
7,8,3,2,2,67.5,173304,34.8728
7,8,3,2,3,112.5,171592,14.5861
7,8,3,2,4,157.5,171880,0
7,8,3,2,5,202.5,171469,0
7,8,3,2,6,247.5,172277,18.7384
7,8,3,2,7,292.5,172304,31.2422
7,8,3,2,8,337.5,173036,24.7643
7,8,3,3,1,22.5,117676,12.7217
7,8,3,3,2,67.5,118312,19.5727
7,8,3,3,3,112.5,117047,4.5246
7,8,3,3,4,157.5,117265,0
7,8,3,3,5,202.5,117163,0
7,8,3,3,6,247.5,117049,4.66847
7,8,3,3,7,292.5,117668,23.6977
7,8,3,3,8,337.5,117787,13.6302
7,8,3,4,1,22.5,75952,6.70236
7,8,3,4,2,67.5,76155,17.8416
7,8,3,4,3,112.5,75285,0
7,8,3,4,4,157.5,75912,0
7,8,3,4,5,202.5,75764,0
7,8,3,4,6,247.5,75848,0
7,8,3,4,7,292.5,76463,19.5845
7,8,3,4,8,337.5,75912,10.5145
7,8,3,5,1,22.5,40481,10.1898
7,8,3,5,2,67.5,40508,15.3153
7,8,3,5,3,112.5,40048,0
7,8,3,5,4,157.5,40147,0
7,8,3,5,5,202.5,40230,0
7,8,3,5,6,247.5,40185,0
7,8,3,5,7,292.5,40647,15.8191
7,8,3,5,8,337.5,40899,11.5904
7,8,3,6,1,22.5,1492,0
7,8,3,6,2,67.5,1521,0
7,8,3,6,3,112.5,1488,0
7,8,3,6,4,157.5,1579,0
7,8,3,6,5,202.5,1561,0
7,8,3,6,6,247.5,1523,0
7,8,3,6,7,292.5,1557,0
7,8,3,6,8,337.5,1528,0
7,8,3,7,1,22.5,0,0
7,8,3,7,2,67.5,0,0
7,8,3,7,3,112.5,0,0
7,8,3,7,4,157.5,0,0
7,8,3,7,5,202.5,0,0
7,8,3,7,6,247.5,0,0
7,8,3,7,7,292.5,0,0
7,8,3,7,8,337.5,0,0
7,8,3,8,1,22.5,0,0
7,8,3,8,2,67.5,0,0
7,8,3,8,3,112.5,0,0
7,8,3,8,4,157.5,0,0
7,8,3,8,5,202.5,0,0
7,8,3,8,6,247.5,0,0
7,8,3,8,7,292.5,0,0
7,8,3,8,8,337.5,0,0
7,8,3,9,1,22.5,0,0
7,8,3,9,2,67.5,0,0
7,8,3,9,3,112.5,0,0
7,8,3,9,4,157.5,0,0
7,8,3,9,5,202.5,0,0
7,8,3,9,6,247.5,0,0
7,8,3,9,7,292.5,0,0
7,8,3,9,8,337.5,0,0
7,8,3,10,1,22.5,0,0
7,8,3,10,2,67.5,0,0
7,8,3,10,3,112.5,0,0
7,8,3,10,4,157.5,0,0
7,8,3,10,5,202.5,0,0
7,8,3,10,6,247.5,0,0
7,8,3,10,7,292.5,0,0
7,8,3,10,8,337.5,0,0
7,8,3,11,1,22.5,0,0
7,8,3,11,2,67.5,0,0
7,8,3,11,3,112.5,0,0
7,8,3,11,4,157.5,0,0
7,8,3,11,5,202.5,0,0
7,8,3,11,6,247.5,0,0
7,8,3,11,7,292.5,0,0
7,8,3,11,8,337.5,0,0
7,8,4,1,1,22.5,128436,60.5204
7,8,4,1,2,67.5,128819,65.5571
7,8,4,1,3,112.5,129050,78.6782
7,8,4,1,4,157.5,127484,64.7285
7,8,4,1,5,202.5,128622,51.3051
7,8,4,1,6,247.5,128095,55.8253
7,8,4,1,7,292.5,128507,58.0627
7,8,4,1,8,337.5,128452,57.551
7,8,4,2,1,22.5,94015,37.2068
7,8,4,2,2,67.5,94050,39.2621
7,8,4,2,3,112.5,93322,27.8694
7,8,4,2,4,157.5,93195,12.4125
7,8,4,2,5,202.5,92792,11.6885
7,8,4,2,6,247.5,93723,30.2153
7,8,4,2,7,292.5,93385,39.263
7,8,4,2,8,337.5,94314,38.2513
7,8,4,3,1,22.5,60515,22.7164
7,8,4,3,2,67.5,60093,28.2923
7,8,4,3,3,112.5,58988,15.5839
7,8,4,3,4,157.5,59552,0
7,8,4,3,5,202.5,59080,0
7,8,4,3,6,247.5,59594,16.7027
7,8,4,3,7,292.5,59824,28.2572
7,8,4,3,8,337.5,59945,22.3329
7,8,4,4,1,22.5,27870,11.6703
7,8,4,4,2,67.5,27571,19.8909
7,8,4,4,3,112.5,27619,6.18609
7,8,4,4,4,157.5,27560,0
7,8,4,4,5,202.5,27510,0
7,8,4,4,6,247.5,27767,9.15984
7,8,4,4,7,292.5,27749,24.967
7,8,4,4,8,337.5,27762,10.1227
7,8,4,5,1,22.5,11490,6.67218
7,8,4,5,2,67.5,11564,18.5053
7,8,4,5,3,112.5,11443,3.54533
7,8,4,5,4,157.5,11237,0
7,8,4,5,5,202.5,11301,0
7,8,4,5,6,247.5,11417,3.55513
7,8,4,5,7,292.5,11487,20.4784
7,8,4,5,8,337.5,11554,6.3304
7,8,4,6,1,22.5,190,0
7,8,4,6,2,67.5,242,4.66814
7,8,4,6,3,112.5,217,0
7,8,4,6,4,157.5,165,0
7,8,4,6,5,202.5,216,0
7,8,4,6,6,247.5,188,0
7,8,4,6,7,292.5,186,5.12907
7,8,4,6,8,337.5,194,0
7,8,4,7,1,22.5,0,0
7,8,4,7,2,67.5,0,0
7,8,4,7,3,112.5,0,0
7,8,4,7,4,157.5,0,0
7,8,4,7,5,202.5,0,0
7,8,4,7,6,247.5,0,0
7,8,4,7,7,292.5,0,0
7,8,4,7,8,337.5,0,0
7,8,4,8,1,22.5,0,0
7,8,4,8,2,67.5,0,0
7,8,4,8,3,112.5,0,0
7,8,4,8,4,157.5,0,0
7,8,4,8,5,202.5,0,0
7,8,4,8,6,247.5,0,0
7,8,4,8,7,292.5,0,0
7,8,4,8,8,337.5,0,0
7,8,4,9,1,22.5,0,0
7,8,4,9,2,67.5,0,0
7,8,4,9,3,112.5,0,0
7,8,4,9,4,157.5,0,0
7,8,4,9,5,202.5,0,0
7,8,4,9,6,247.5,0,0
7,8,4,9,7,292.5,0,0
7,8,4,9,8,337.5,0,0
7,8,4,10,1,22.5,0,0
7,8,4,10,2,67.5,0,0
7,8,4,10,3,112.5,0,0
7,8,4,10,4,157.5,0,0
7,8,4,10,5,202.5,0,0
7,8,4,10,6,247.5,0,0
7,8,4,10,7,292.5,0,0
7,8,4,10,8,337.5,0,0
7,8,4,11,1,22.5,0,0
7,8,4,11,2,67.5,0,0
7,8,4,11,3,112.5,0,0
7,8,4,11,4,157.5,0,0
7,8,4,11,5,202.5,0,0
7,8,4,11,6,247.5,0,0
7,8,4,11,7,292.5,0,0
7,8,4,11,8,337.5,0,0
7,8,5,1,1,22.5,47989,51.8571
7,8,5,1,2,67.5,47738,52.4398
7,8,5,1,3,112.5,48012,53.9791
7,8,5,1,4,157.5,47494,52.3796
7,8,5,1,5,202.5,47904,54.8754
7,8,5,1,6,247.5,48032,46.6057
7,8,5,1,7,292.5,47725,42.327
7,8,5,1,8,337.5,48332,43.3575
7,8,5,2,1,22.5,22531,20.6661
7,8,5,2,2,67.5,22247,22.1662
7,8,5,2,3,112.5,22435,27.2309
7,8,5,2,4,157.5,22125,19.0491
7,8,5,2,5,202.5,22286,16.836
7,8,5,2,6,247.5,22494,19.8808
7,8,5,2,7,292.5,22278,18.4896
7,8,5,2,8,337.5,22322,20.6919
7,8,5,3,1,22.5,7721,8.31061
7,8,5,3,2,67.5,7775,9.08382
7,8,5,3,3,112.5,7896,10.3757
7,8,5,3,4,157.5,7772,0
7,8,5,3,5,202.5,7809,0
7,8,5,3,6,247.5,7704,7.82621
7,8,5,3,7,292.5,7860,10.6709
7,8,5,3,8,337.5,7657,12.2874
7,8,5,4,1,22.5,1905,3.86749
7,8,5,4,2,67.5,2079,3.63329
7,8,5,4,3,112.5,2005,0
7,8,5,4,4,157.5,1934,0
7,8,5,4,5,202.5,1971,0
7,8,5,4,6,247.5,2020,3.45307
7,8,5,4,7,292.5,1999,8.05369
7,8,5,4,8,337.5,2075,3.44828
7,8,5,5,1,22.5,264,0
7,8,5,5,2,67.5,249,3.73045
7,8,5,5,3,112.5,300,0
7,8,5,5,4,157.5,264,0
7,8,5,5,5,202.5,271,0
7,8,5,5,6,247.5,261,0
7,8,5,5,7,292.5,251,8.36925
7,8,5,5,8,337.5,259,0
7,8,5,6,1,22.5,0,0
7,8,5,6,2,67.5,0,0
7,8,5,6,3,112.5,0,0
7,8,5,6,4,157.5,0,0
7,8,5,6,5,202.5,0,0
7,8,5,6,6,247.5,0,0
7,8,5,6,7,292.5,0,0
7,8,5,6,8,337.5,0,0
7,8,5,7,1,22.5,0,0
7,8,5,7,2,67.5,0,0
7,8,5,7,3,112.5,0,0
7,8,5,7,4,157.5,0,0
7,8,5,7,5,202.5,0,0
7,8,5,7,6,247.5,0,0
7,8,5,7,7,292.5,0,0
7,8,5,7,8,337.5,0,0
7,8,5,8,1,22.5,0,0
7,8,5,8,2,67.5,0,0
7,8,5,8,3,112.5,0,0
7,8,5,8,4,157.5,0,0
7,8,5,8,5,202.5,0,0
7,8,5,8,6,247.5,0,0
7,8,5,8,7,292.5,0,0
7,8,5,8,8,337.5,0,0
7,8,5,9,1,22.5,0,0
7,8,5,9,2,67.5,0,0
7,8,5,9,3,112.5,0,0
7,8,5,9,4,157.5,0,0
7,8,5,9,5,202.5,0,0
7,8,5,9,6,247.5,0,0
7,8,5,9,7,292.5,0,0
7,8,5,9,8,337.5,0,0
7,8,5,10,1,22.5,0,0
7,8,5,10,2,67.5,0,0
7,8,5,10,3,112.5,0,0
7,8,5,10,4,157.5,0,0
7,8,5,10,5,202.5,0,0
7,8,5,10,6,247.5,0,0
7,8,5,10,7,292.5,0,0
7,8,5,10,8,337.5,0,0
7,8,5,11,1,22.5,0,0
7,8,5,11,2,67.5,0,0
7,8,5,11,3,112.5,0,0
7,8,5,11,4,157.5,0,0
7,8,5,11,5,202.5,0,0
7,8,5,11,6,247.5,0,0
7,8,5,11,7,292.5,0,0
7,8,5,11,8,337.5,0,0
7,8,6,1,1,22.5,980,15.7957
7,8,6,1,2,67.5,1056,16.6017
7,8,6,1,3,112.5,1029,12.8964
7,8,6,1,4,157.5,1020,14.2154
7,8,6,1,5,202.5,1032,10.8292
7,8,6,1,6,247.5,1007,7.0504
7,8,6,1,7,292.5,1002,5.47492
7,8,6,1,8,337.5,999,12.2036
7,8,6,2,1,22.5,81,7.39088
7,8,6,2,2,67.5,104,4.06138
7,8,6,2,3,112.5,89,0
7,8,6,2,4,157.5,89,0
7,8,6,2,5,202.5,91,0
7,8,6,2,6,247.5,94,0
7,8,6,2,7,292.5,94,0
7,8,6,2,8,337.5,89,0
7,8,6,3,1,22.5,0,0
7,8,6,3,2,67.5,9.69661,3.26991
7,8,6,3,3,112.5,0,0
7,8,6,3,4,157.5,0,0
7,8,6,3,5,202.5,1,0
7,8,6,3,6,247.5,0,0
7,8,6,3,7,292.5,1,0
7,8,6,3,8,337.5,0,0
7,8,6,4,1,22.5,0,0
7,8,6,4,2,67.5,0,0
7,8,6,4,3,112.5,0,0
7,8,6,4,4,157.5,0,0
7,8,6,4,5,202.5,0,0
7,8,6,4,6,247.5,0,0
7,8,6,4,7,292.5,0,0
7,8,6,4,8,337.5,0,0
7,8,6,5,1,22.5,0,0
7,8,6,5,2,67.5,0,0
7,8,6,5,3,112.5,0,0
7,8,6,5,4,157.5,0,0
7,8,6,5,5,202.5,0,0
7,8,6,5,6,247.5,0,0
7,8,6,5,7,292.5,0,0
7,8,6,5,8,337.5,0,0
7,8,6,6,1,22.5,0,0
7,8,6,6,2,67.5,0,0
7,8,6,6,3,112.5,0,0
7,8,6,6,4,157.5,0,0
7,8,6,6,5,202.5,0,0
7,8,6,6,6,247.5,0,0
7,8,6,6,7,292.5,0,0
7,8,6,6,8,337.5,0,0
7,8,6,7,1,22.5,0,0
7,8,6,7,2,67.5,0,0
7,8,6,7,3,112.5,0,0
7,8,6,7,4,157.5,0,0
7,8,6,7,5,202.5,0,0
7,8,6,7,6,247.5,0,0
7,8,6,7,7,292.5,0,0
7,8,6,7,8,337.5,0,0
7,8,6,8,1,22.5,0,0
7,8,6,8,2,67.5,0,0
7,8,6,8,3,112.5,0,0
7,8,6,8,4,157.5,0,0
7,8,6,8,5,202.5,0,0
7,8,6,8,6,247.5,0,0
7,8,6,8,7,292.5,0,0
7,8,6,8,8,337.5,0,0
7,8,6,9,1,22.5,0,0
7,8,6,9,2,67.5,0,0
7,8,6,9,3,112.5,0,0
7,8,6,9,4,157.5,0,0
7,8,6,9,5,202.5,0,0
7,8,6,9,6,247.5,0,0
7,8,6,9,7,292.5,0,0
7,8,6,9,8,337.5,0,0
7,8,6,10,1,22.5,0,0
7,8,6,10,2,67.5,0,0
7,8,6,10,3,112.5,0,0
7,8,6,10,4,157.5,0,0
7,8,6,10,5,202.5,0,0
7,8,6,10,6,247.5,0,0
7,8,6,10,7,292.5,0,0
7,8,6,10,8,337.5,0,0
7,8,6,11,1,22.5,0,0
7,8,6,11,2,67.5,0,0
7,8,6,11,3,112.5,0,0
7,8,6,11,4,157.5,0,0
7,8,6,11,5,202.5,0,0
7,8,6,11,6,247.5,0,0
7,8,6,11,7,292.5,0,0
7,8,6,11,8,337.5,0,0
7,8,7,1,1,22.5,0,0
7,8,7,1,2,67.5,13.6745,4.10366
7,8,7,1,3,112.5,0,0
7,8,7,1,4,157.5,13.3903,10.2629
7,8,7,1,5,202.5,0,0
7,8,7,1,6,247.5,26.3342,5.26368
7,8,7,1,7,292.5,0,0
7,8,7,1,8,337.5,19.2082,4.8119
7,8,7,2,1,22.5,15.8301,4.15839
7,8,7,2,2,67.5,0,0
7,8,7,2,3,112.5,0,0
7,8,7,2,4,157.5,0,0
7,8,7,2,5,202.5,9.8893,3.48239
7,8,7,2,6,247.5,0,0
7,8,7,2,7,292.5,0,0
7,8,7,2,8,337.5,0,0
7,8,7,3,1,22.5,0,0
7,8,7,3,2,67.5,0,0
7,8,7,3,3,112.5,0,0
7,8,7,3,4,157.5,0,0
7,8,7,3,5,202.5,0,0
7,8,7,3,6,247.5,0,0
7,8,7,3,7,292.5,0,0
7,8,7,3,8,337.5,0,0
7,8,7,4,1,22.5,0,0
7,8,7,4,2,67.5,0,0
7,8,7,4,3,112.5,0,0
7,8,7,4,4,157.5,0,0
7,8,7,4,5,202.5,0,0
7,8,7,4,6,247.5,0,0
7,8,7,4,7,292.5,0,0
7,8,7,4,8,337.5,0,0
7,8,7,5,1,22.5,0,0
7,8,7,5,2,67.5,0,0
7,8,7,5,3,112.5,0,0
7,8,7,5,4,157.5,0,0
7,8,7,5,5,202.5,0,0
7,8,7,5,6,247.5,0,0
7,8,7,5,7,292.5,0,0
7,8,7,5,8,337.5,0,0
7,8,7,6,1,22.5,0,0
7,8,7,6,2,67.5,0,0
7,8,7,6,3,112.5,0,0
7,8,7,6,4,157.5,0,0
7,8,7,6,5,202.5,0,0
7,8,7,6,6,247.5,0,0
7,8,7,6,7,292.5,0,0
7,8,7,6,8,337.5,0,0
7,8,7,7,1,22.5,0,0
7,8,7,7,2,67.5,0,0
7,8,7,7,3,112.5,0,0
7,8,7,7,4,157.5,0,0
7,8,7,7,5,202.5,0,0
7,8,7,7,6,247.5,0,0
7,8,7,7,7,292.5,0,0
7,8,7,7,8,337.5,0,0
7,8,7,8,1,22.5,0,0
7,8,7,8,2,67.5,0,0
7,8,7,8,3,112.5,0,0
7,8,7,8,4,157.5,0,0
7,8,7,8,5,202.5,0,0
7,8,7,8,6,247.5,0,0
7,8,7,8,7,292.5,0,0
7,8,7,8,8,337.5,0,0
7,8,7,9,1,22.5,0,0
7,8,7,9,2,67.5,0,0
7,8,7,9,3,112.5,0,0
7,8,7,9,4,157.5,0,0
7,8,7,9,5,202.5,0,0
7,8,7,9,6,247.5,0,0
7,8,7,9,7,292.5,0,0
7,8,7,9,8,337.5,0,0
7,8,7,10,1,22.5,0,0
7,8,7,10,2,67.5,0,0
7,8,7,10,3,112.5,0,0
7,8,7,10,4,157.5,0,0
7,8,7,10,5,202.5,0,0
7,8,7,10,6,247.5,0,0
7,8,7,10,7,292.5,0,0
7,8,7,10,8,337.5,0,0
7,8,7,11,1,22.5,0,0
7,8,7,11,2,67.5,0,0
7,8,7,11,3,112.5,0,0
7,8,7,11,4,157.5,0,0
7,8,7,11,5,202.5,0,0
7,8,7,11,6,247.5,0,0
7,8,7,11,7,292.5,0,0
7,8,7,11,8,337.5,0,0
7,8,8,1,1,22.5,0,0
7,8,8,1,2,67.5,0,0
7,8,8,1,3,112.5,0,0
7,8,8,1,4,157.5,0,0
7,8,8,1,5,202.5,0,0
7,8,8,1,6,247.5,0,0
7,8,8,1,7,292.5,0,0
7,8,8,1,8,337.5,0,0
7,8,8,2,1,22.5,0,0
7,8,8,2,2,67.5,0,0
7,8,8,2,3,112.5,0,0
7,8,8,2,4,157.5,0,0
7,8,8,2,5,202.5,0,0
7,8,8,2,6,247.5,0,0
7,8,8,2,7,292.5,0,0
7,8,8,2,8,337.5,0,0
7,8,8,3,1,22.5,0,0
7,8,8,3,2,67.5,0,0
7,8,8,3,3,112.5,0,0
7,8,8,3,4,157.5,0,0
7,8,8,3,5,202.5,0,0
7,8,8,3,6,247.5,0,0
7,8,8,3,7,292.5,0,0
7,8,8,3,8,337.5,0,0
7,8,8,4,1,22.5,0,0
7,8,8,4,2,67.5,0,0
7,8,8,4,3,112.5,0,0
7,8,8,4,4,157.5,0,0
7,8,8,4,5,202.5,0,0
7,8,8,4,6,247.5,0,0
7,8,8,4,7,292.5,0,0
7,8,8,4,8,337.5,0,0
7,8,8,5,1,22.5,0,0
7,8,8,5,2,67.5,0,0
7,8,8,5,3,112.5,0,0
7,8,8,5,4,157.5,0,0
7,8,8,5,5,202.5,0,0
7,8,8,5,6,247.5,0,0
7,8,8,5,7,292.5,0,0
7,8,8,5,8,337.5,0,0
7,8,8,6,1,22.5,0,0
7,8,8,6,2,67.5,0,0
7,8,8,6,3,112.5,0,0
7,8,8,6,4,157.5,0,0
7,8,8,6,5,202.5,0,0
7,8,8,6,6,247.5,0,0
7,8,8,6,7,292.5,0,0
7,8,8,6,8,337.5,0,0
7,8,8,7,1,22.5,0,0
7,8,8,7,2,67.5,0,0
7,8,8,7,3,112.5,0,0
7,8,8,7,4,157.5,0,0
7,8,8,7,5,202.5,0,0
7,8,8,7,6,247.5,0,0
7,8,8,7,7,292.5,0,0
7,8,8,7,8,337.5,0,0
7,8,8,8,1,22.5,0,0
7,8,8,8,2,67.5,0,0
7,8,8,8,3,112.5,0,0
7,8,8,8,4,157.5,0,0
7,8,8,8,5,202.5,0,0
7,8,8,8,6,247.5,0,0
7,8,8,8,7,292.5,0,0
7,8,8,8,8,337.5,0,0
7,8,8,9,1,22.5,0,0
7,8,8,9,2,67.5,0,0
7,8,8,9,3,112.5,0,0
7,8,8,9,4,157.5,0,0
7,8,8,9,5,202.5,0,0
7,8,8,9,6,247.5,0,0
7,8,8,9,7,292.5,0,0
7,8,8,9,8,337.5,0,0
7,8,8,10,1,22.5,0,0
7,8,8,10,2,67.5,0,0
7,8,8,10,3,112.5,0,0
7,8,8,10,4,157.5,0,0
7,8,8,10,5,202.5,0,0
7,8,8,10,6,247.5,0,0
7,8,8,10,7,292.5,0,0
7,8,8,10,8,337.5,0,0
7,8,8,11,1,22.5,0,0
7,8,8,11,2,67.5,0,0
7,8,8,11,3,112.5,0,0
7,8,8,11,4,157.5,0,0
7,8,8,11,5,202.5,0,0
7,8,8,11,6,247.5,0,0
7,8,8,11,7,292.5,0,0
7,8,8,11,8,337.5,0,0
8,9,1,1,1,22.5,1.09629e+07,122.148
8,9,1,1,2,67.5,1.09556e+07,225.448
8,9,1,1,3,112.5,1.09518e+07,386.818
8,9,1,1,4,157.5,1.09218e+07,244.388
8,9,1,1,5,202.5,1.09319e+07,405.552
8,9,1,1,6,247.5,1.09486e+07,386.683
8,9,1,1,7,292.5,1.09594e+07,209.117
8,9,1,1,8,337.5,1.09743e+07,90.4835
8,9,1,2,1,22.5,4.67168e+06,89.0211
8,9,1,2,2,67.5,4.65738e+06,153.03
8,9,1,2,3,112.5,4.64123e+06,218.666
8,9,1,2,4,157.5,4.63079e+06,245.258
8,9,1,2,5,202.5,4.63356e+06,219.781
8,9,1,2,6,247.5,4.64252e+06,185.826
8,9,1,2,7,292.5,4.65996e+06,180.982
8,9,1,2,8,337.5,4.66558e+06,82.5701
8,9,1,3,1,22.5,2.4268e+06,74.2693
8,9,1,3,2,67.5,2.41723e+06,165.9
8,9,1,3,3,112.5,2.40392e+06,146.516
8,9,1,3,4,157.5,2.39502e+06,156.457
8,9,1,3,5,202.5,2.39867e+06,137.219
8,9,1,3,6,247.5,2.40556e+06,160.576
8,9,1,3,7,292.5,2.41367e+06,136.049
8,9,1,3,8,337.5,2.42322e+06,70.5988
8,9,1,4,1,22.5,1.38045e+06,55.8478
8,9,1,4,2,67.5,1.37595e+06,106.01
8,9,1,4,3,112.5,1.36405e+06,106.229
8,9,1,4,4,157.5,1.36053e+06,97.5364
8,9,1,4,5,202.5,1.36178e+06,89
8,9,1,4,6,247.5,1.36593e+06,119.534
8,9,1,4,7,292.5,1.37392e+06,101.742
8,9,1,4,8,337.5,1.37647e+06,52.7075
8,9,1,5,1,22.5,1.34518e+06,56.5109
8,9,1,5,2,67.5,1.33544e+06,98.4507
8,9,1,5,3,112.5,1.3263e+06,104.391
8,9,1,5,4,157.5,1.32239e+06,79.5761
8,9,1,5,5,202.5,1.32059e+06,69.8324
8,9,1,5,6,247.5,1.3277e+06,101.893
8,9,1,5,7,292.5,1.33879e+06,99.5411
8,9,1,5,8,337.5,1.34358e+06,52.5641
8,9,1,6,1,22.5,540690,24.1147
8,9,1,6,2,67.5,537338,37.3868
8,9,1,6,3,112.5,532997,36.8745
8,9,1,6,4,157.5,529603,22.7281
8,9,1,6,5,202.5,529791,27.2368
8,9,1,6,6,247.5,532732,37.457
8,9,1,6,7,292.5,537460,36.7071
8,9,1,6,8,337.5,540218,21.9026
8,9,1,7,1,22.5,230072,9.01266
8,9,1,7,2,67.5,229137,6.99432
8,9,1,7,3,112.5,226339,16.9108
8,9,1,7,4,157.5,225187,9.16876
8,9,1,7,5,202.5,224923,11.9917
8,9,1,7,6,247.5,226420,11.979
8,9,1,7,7,292.5,228365,12.2843
8,9,1,7,8,337.5,230316,6.3514
8,9,1,8,1,22.5,128480,0
8,9,1,8,2,67.5,127658,5.34406
8,9,1,8,3,112.5,125989,0
8,9,1,8,4,157.5,125219,12.6645
8,9,1,8,5,202.5,125777,0
8,9,1,8,6,247.5,125825,6.00868
8,9,1,8,7,292.5,127411,4.12716
8,9,1,8,8,337.5,128982,0
8,9,1,9,1,22.5,39040,0
8,9,1,9,2,67.5,38409,0
8,9,1,9,3,112.5,38065,11.5604
8,9,1,9,4,157.5,37732,6.19978
8,9,1,9,5,202.5,37775,0
8,9,1,9,6,247.5,38255,0
8,9,1,9,7,292.5,38645,0
8,9,1,9,8,337.5,39121,0
8,9,1,10,1,22.5,12485,0
8,9,1,10,2,67.5,12248,0
8,9,1,10,3,112.5,11985,0
8,9,1,10,4,157.5,11908,0
8,9,1,10,5,202.5,11845,0
8,9,1,10,6,247.5,12197,0
8,9,1,10,7,292.5,11908,0
8,9,1,10,8,337.5,12430,0
8,9,1,11,1,22.5,1402,0
8,9,1,11,2,67.5,1440,0
8,9,1,11,3,112.5,1389,0
8,9,1,11,4,157.5,1341,0
8,9,1,11,5,202.5,1298,0
8,9,1,11,6,247.5,1407,0
8,9,1,11,7,292.5,1372,0
8,9,1,11,8,337.5,1374,0
8,9,2,1,1,22.5,925694,30.5939
8,9,2,1,2,67.5,925114,212.895
8,9,2,1,3,112.5,924024,276.771
8,9,2,1,4,157.5,920577,293.844
8,9,2,1,5,202.5,919006,391.378
8,9,2,1,6,247.5,923462,214.363
8,9,2,1,7,292.5,925206,399.132
8,9,2,1,8,337.5,927035,203.336
8,9,2,2,1,22.5,715670,49.7086
8,9,2,2,2,67.5,713200,181.536
8,9,2,2,3,112.5,710175,244.693
8,9,2,2,4,157.5,708646,334.368
8,9,2,2,5,202.5,707775,271.689
8,9,2,2,6,247.5,709768,235.892
8,9,2,2,7,292.5,713699,179.82
8,9,2,2,8,337.5,717518,50.2032
8,9,2,3,1,22.5,542612,81.0134
8,9,2,3,2,67.5,537703,164.152
8,9,2,3,3,112.5,535114,188.652
8,9,2,3,4,157.5,533201,254.022
8,9,2,3,5,202.5,533575,210.931
8,9,2,3,6,247.5,535575,218.735
8,9,2,3,7,292.5,540265,171.655
8,9,2,3,8,337.5,541319,66.1439
8,9,2,4,1,22.5,405810,81.814
8,9,2,4,2,67.5,402639,144.128
8,9,2,4,3,112.5,398074,167.547
8,9,2,4,4,157.5,396090,222.985
8,9,2,4,5,202.5,395456,168.528
8,9,2,4,6,247.5,399027,194.865
8,9,2,4,7,292.5,401280,142.44
8,9,2,4,8,337.5,405915,71.4712
8,9,2,5,1,22.5,528868,104.163
8,9,2,5,2,67.5,523857,183.811
8,9,2,5,3,112.5,520330,189.901
8,9,2,5,4,157.5,516088,228.985
8,9,2,5,5,202.5,516562,185.451
8,9,2,5,6,247.5,519306,235.8
8,9,2,5,7,292.5,524046,173.91
8,9,2,5,8,337.5,527551,94.6809
8,9,2,6,1,22.5,300612,81.8535
8,9,2,6,2,67.5,298274,136.391
8,9,2,6,3,112.5,295998,141.31
8,9,2,6,4,157.5,292772,140.569
8,9,2,6,5,202.5,294747,114.634
8,9,2,6,6,247.5,295921,161.217
8,9,2,6,7,292.5,298357,126.98
8,9,2,6,8,337.5,301385,71.809
8,9,2,7,1,22.5,176673,62.4924
8,9,2,7,2,67.5,175637,92.2902
8,9,2,7,3,112.5,173831,93.524
8,9,2,7,4,157.5,172117,85.1022
8,9,2,7,5,202.5,171605,70.6192
8,9,2,7,6,247.5,173612,103.749
8,9,2,7,7,292.5,175146,90.5766
8,9,2,7,8,337.5,176483,51.1834
8,9,2,8,1,22.5,141532,48.5438
8,9,2,8,2,67.5,140663,65.326
8,9,2,8,3,112.5,139154,67.3298
8,9,2,8,4,157.5,137180,52.3985
8,9,2,8,5,202.5,137313,45.903
8,9,2,8,6,247.5,138724,71.5228
8,9,2,8,7,292.5,140243,67.3825
8,9,2,8,8,337.5,141436,37.6303
8,9,2,9,1,22.5,66717,22.7972
8,9,2,9,2,67.5,65816,28.6149
8,9,2,9,3,112.5,65110,29.704
8,9,2,9,4,157.5,63818,21.0478
8,9,2,9,5,202.5,64491,18.8475
8,9,2,9,6,247.5,65432,29.6164
8,9,2,9,7,292.5,66017,30.8452
8,9,2,9,8,337.5,66423,16.6467
8,9,2,10,1,22.5,38872,8.96178
8,9,2,10,2,67.5,38237,10.0382
8,9,2,10,3,112.5,37519,8.37195
8,9,2,10,4,157.5,36761,6.4955
8,9,2,10,5,202.5,37318,8.48199
8,9,2,10,6,247.5,37273,11.8479
8,9,2,10,7,292.5,38615,10.7704
8,9,2,10,8,337.5,38515,6.94397
8,9,2,11,1,22.5,18412,0
8,9,2,11,2,67.5,18103,0
8,9,2,11,3,112.5,17669,0
8,9,2,11,4,157.5,17440,0
8,9,2,11,5,202.5,17573,0
8,9,2,11,6,247.5,17657,0
8,9,2,11,7,292.5,18105,4.33073
8,9,2,11,8,337.5,18419,0
8,9,3,1,1,22.5,444452,50.4678
8,9,3,1,2,67.5,443578,108.18
8,9,3,1,3,112.5,442702,173.498
8,9,3,1,4,157.5,440217,205.653
8,9,3,1,5,202.5,442263,172.713
8,9,3,1,6,247.5,441869,157.416
8,9,3,1,7,292.5,443210,112.41
8,9,3,1,8,337.5,444380,51.8078
8,9,3,2,1,22.5,355741,12.4952
8,9,3,2,2,67.5,354176,89.9321
8,9,3,2,3,112.5,351691,142.083
8,9,3,2,4,157.5,350179,236.477
8,9,3,2,5,202.5,349315,171.547
8,9,3,2,6,247.5,352086,135.429
8,9,3,2,7,292.5,354154,91.7549
8,9,3,2,8,337.5,355239,8.44787
8,9,3,3,1,22.5,280361,17.9192
8,9,3,3,2,67.5,278905,89.2487
8,9,3,3,3,112.5,276750,119.063
8,9,3,3,4,157.5,275290,207.923
8,9,3,3,5,202.5,275654,153.509
8,9,3,3,6,247.5,275775,153.724
8,9,3,3,7,292.5,279576,99.7882
8,9,3,3,8,337.5,280625,21.2056
8,9,3,4,1,22.5,218950,30.2531
8,9,3,4,2,67.5,217056,91.5067
8,9,3,4,3,112.5,216209,101.187
8,9,3,4,4,157.5,213269,177.003
8,9,3,4,5,202.5,213831,125.46
8,9,3,4,6,247.5,215600,136.202
8,9,3,4,7,292.5,218293,93.6906
8,9,3,4,8,337.5,218684,27.9443
8,9,3,5,1,22.5,302632,50.7951
8,9,3,5,2,67.5,299671,133.11
8,9,3,5,3,112.5,296313,139.456
8,9,3,5,4,157.5,294081,215.696
8,9,3,5,5,202.5,293394,153.728
8,9,3,5,6,247.5,295831,182.344
8,9,3,5,7,292.5,299916,120.385
8,9,3,5,8,337.5,302856,49.3345
8,9,3,6,1,22.5,181759,50.0305
8,9,3,6,2,67.5,179647,116.502
8,9,3,6,3,112.5,177670,115.337
8,9,3,6,4,157.5,175539,161.162
8,9,3,6,5,202.5,174844,119.312
8,9,3,6,6,247.5,177227,155.964
8,9,3,6,7,292.5,178825,93.7658
8,9,3,6,8,337.5,181518,49.3283
8,9,3,7,1,22.5,109492,48.1026
8,9,3,7,2,67.5,108290,94.0914
8,9,3,7,3,112.5,107040,97.6606
8,9,3,7,4,157.5,105892,120.55
8,9,3,7,5,202.5,105368,92.7288
8,9,3,7,6,247.5,106203,122.431
8,9,3,7,7,292.5,108169,80.6025
8,9,3,7,8,337.5,109139,44.9386
8,9,3,8,1,22.5,90712,56.2788
8,9,3,8,2,67.5,89278,88.405
8,9,3,8,3,112.5,87427,92.4167
8,9,3,8,4,157.5,87460,100.4
8,9,3,8,5,202.5,87284,79.5865
8,9,3,8,6,247.5,88685,110.599
8,9,3,8,7,292.5,89635,81.0723
8,9,3,8,8,337.5,90255,48.0691
8,9,3,9,1,22.5,45916,44.1911
8,9,3,9,2,67.5,45149,61.4346
8,9,3,9,3,112.5,44013,63.8563
8,9,3,9,4,157.5,43570,61.099
8,9,3,9,5,202.5,43832,50.1077
8,9,3,9,6,247.5,44403,73.2163
8,9,3,9,7,292.5,44832,60.4435
8,9,3,9,8,337.5,45479,36.174
8,9,3,10,1,22.5,29359,34.2233
8,9,3,10,2,67.5,29099,44.9741
8,9,3,10,3,112.5,28298,46.1645
8,9,3,10,4,157.5,28517,38.2066
8,9,3,10,5,202.5,28489,32.5346
8,9,3,10,6,247.5,28679,51.7324
8,9,3,10,7,292.5,29112,46.7343
8,9,3,10,8,337.5,29554,25.9902
8,9,3,11,1,22.5,20246,20.9926
8,9,3,11,2,67.5,20083,25.6441
8,9,3,11,3,112.5,19537,28.2114
8,9,3,11,4,157.5,19172,20.0338
8,9,3,11,5,202.5,19533,17.6155
8,9,3,11,6,247.5,19744,30.0454
8,9,3,11,7,292.5,19937,28.0553
8,9,3,11,8,337.5,20151,14.1048
8,9,4,1,1,22.5,235709,20.7958
8,9,4,1,2,67.5,235511,59.7727
8,9,4,1,3,112.5,233973,115.292
8,9,4,1,4,157.5,234741,162.08
8,9,4,1,5,202.5,234368,115.723
8,9,4,1,6,247.5,235196,70.0268
8,9,4,1,7,292.5,235538,40.7814
8,9,4,1,8,337.5,236368,25.5837
8,9,4,2,1,22.5,193549,7.3975
8,9,4,2,2,67.5,192355,34.4162
8,9,4,2,3,112.5,190823,98.2705
8,9,4,2,4,157.5,189053,165.906
8,9,4,2,5,202.5,189575,124.263
8,9,4,2,6,247.5,191588,63.3832
8,9,4,2,7,292.5,192654,47.8858
8,9,4,2,8,337.5,193738,7.10658
8,9,4,3,1,22.5,156820,0
8,9,4,3,2,67.5,155722,33.8931
8,9,4,3,3,112.5,153796,81.5387
8,9,4,3,4,157.5,153450,145.936
8,9,4,3,5,202.5,153412,103.026
8,9,4,3,6,247.5,154206,81.7738
8,9,4,3,7,292.5,156288,60.035
8,9,4,3,8,337.5,157178,0
8,9,4,4,1,22.5,126533,0
8,9,4,4,2,67.5,125697,44.5961
8,9,4,4,3,112.5,123801,70.9209
8,9,4,4,4,157.5,123264,141.226
8,9,4,4,5,202.5,123051,96.216
8,9,4,4,6,247.5,123163,89.7605
8,9,4,4,7,292.5,126045,63.2873
8,9,4,4,8,337.5,126183,5.48962
8,9,4,5,1,22.5,182691,11.4957
8,9,4,5,2,67.5,181403,83.831
8,9,4,5,3,112.5,178149,89.1719
8,9,4,5,4,157.5,176549,174.442
8,9,4,5,5,202.5,176610,123.258
8,9,4,5,6,247.5,178806,128.859
8,9,4,5,7,292.5,180775,87.3924
8,9,4,5,8,337.5,182266,12.1147
8,9,4,6,1,22.5,115706,14.0943
8,9,4,6,2,67.5,114605,85.9276
8,9,4,6,3,112.5,113470,80.4374
8,9,4,6,4,157.5,111532,140.565
8,9,4,6,5,202.5,111466,97.3655
8,9,4,6,6,247.5,113245,118.017
8,9,4,6,7,292.5,114469,74.8168
8,9,4,6,8,337.5,116861,15.8975
8,9,4,7,1,22.5,73308,15.8059
8,9,4,7,2,67.5,72168,75.8082
8,9,4,7,3,112.5,70898,70.2617
8,9,4,7,4,157.5,70282,107.872
8,9,4,7,5,202.5,70493,79.2067
8,9,4,7,6,247.5,71010,97.933
8,9,4,7,7,292.5,72578,58.1156
8,9,4,7,8,337.5,73718,20.3628
8,9,4,8,1,22.5,63276,27.4852
8,9,4,8,2,67.5,62057,74.5035
8,9,4,8,3,112.5,60333,71.3341
8,9,4,8,4,157.5,59952,99.1922
8,9,4,8,5,202.5,59850,73.0605
8,9,4,8,6,247.5,61219,97.2151
8,9,4,8,7,292.5,62130,57.226
8,9,4,8,8,337.5,62816,29.2148
8,9,4,9,1,22.5,32014,27.4365
8,9,4,9,2,67.5,31860,54.1294
8,9,4,9,3,112.5,30965,55.0063
8,9,4,9,4,157.5,30405,68.6545
8,9,4,9,5,202.5,30768,53.129
8,9,4,9,6,247.5,30739,69.7759
8,9,4,9,7,292.5,31640,44.5273
8,9,4,9,8,337.5,32357,26.2806
8,9,4,10,1,22.5,20769,28.4391
8,9,4,10,2,67.5,20403,45.9567
8,9,4,10,3,112.5,19902,45.9808
8,9,4,10,4,157.5,19487,51.3947
8,9,4,10,5,202.5,19648,42.0693
8,9,4,10,6,247.5,20132,56.6054
8,9,4,10,7,292.5,20155,39.8398
8,9,4,10,8,337.5,20492,25.1421
8,9,4,11,1,22.5,14508,27.7909
8,9,4,11,2,67.5,14455,36.4023
8,9,4,11,3,112.5,14067,38.8181
8,9,4,11,4,157.5,13587,37.975
8,9,4,11,5,202.5,13648,31.4553
8,9,4,11,6,247.5,13860,45.0541
8,9,4,11,7,292.5,14206,35.5628
8,9,4,11,8,337.5,14436,21.23
8,9,5,1,1,22.5,131106,19.7447
8,9,5,1,2,67.5,129228,42.8831
8,9,5,1,3,112.5,129241,85.8526
8,9,5,1,4,157.5,129466,109.072
8,9,5,1,5,202.5,128748,87.6203
8,9,5,1,6,247.5,130057,47.1425
8,9,5,1,7,292.5,130371,23.7794
8,9,5,1,8,337.5,130649,14.5107
8,9,5,2,1,22.5,108631,0
8,9,5,2,2,67.5,108085,23.4445
8,9,5,2,3,112.5,106638,82.2542
8,9,5,2,4,157.5,106423,119.782
8,9,5,2,5,202.5,106592,86.542
8,9,5,2,6,247.5,107386,32.4853
8,9,5,2,7,292.5,107921,21.233
8,9,5,2,8,337.5,108124,0
8,9,5,3,1,22.5,89848,0
8,9,5,3,2,67.5,89301,10.9647
8,9,5,3,3,112.5,87964,67.9111
8,9,5,3,4,157.5,87523,127.543
8,9,5,3,5,202.5,87871,80.0865
8,9,5,3,6,247.5,88237,44.2391
8,9,5,3,7,292.5,88869,34.8111
8,9,5,3,8,337.5,89716,0
8,9,5,4,1,22.5,74383,0
8,9,5,4,2,67.5,73547,16.9944
8,9,5,4,3,112.5,72544,58.5447
8,9,5,4,4,157.5,71728,106.305
8,9,5,4,5,202.5,72129,72.8107
8,9,5,4,6,247.5,72441,54.235
8,9,5,4,7,292.5,73144,42.5339
8,9,5,4,8,337.5,74303,0
8,9,5,5,1,22.5,110528,0
8,9,5,5,2,67.5,109714,46.3817
8,9,5,5,3,112.5,108137,70.1417
8,9,5,5,4,157.5,107346,138.226
8,9,5,5,5,202.5,106820,94.627
8,9,5,5,6,247.5,107336,87.6544
8,9,5,5,7,292.5,110020,64.8376
8,9,5,5,8,337.5,111039,0
8,9,5,6,1,22.5,73925,3.92182
8,9,5,6,2,67.5,73504,56.9413
8,9,5,6,3,112.5,71646,58.4993
8,9,5,6,4,157.5,71036,111.782
8,9,5,6,5,202.5,70798,77.4563
8,9,5,6,6,247.5,71887,84.2822
8,9,5,6,7,292.5,73170,60.6993
8,9,5,6,8,337.5,74111,0
8,9,5,7,1,22.5,49248,0
8,9,5,7,2,67.5,48785,55.2377
8,9,5,7,3,112.5,47567,51.9215
8,9,5,7,4,157.5,46907,91.8746
8,9,5,7,5,202.5,46786,63.8728
8,9,5,7,6,247.5,47529,75.4154
8,9,5,7,7,292.5,48714,49.4164
8,9,5,7,8,337.5,49093,4.76502
8,9,5,8,1,22.5,44073,0
8,9,5,8,2,67.5,43591,60.4216
8,9,5,8,3,112.5,42365,53.7367
8,9,5,8,4,157.5,42041,86.8693
8,9,5,8,5,202.5,41983,61.7523
8,9,5,8,6,247.5,42708,77.1693
8,9,5,8,7,292.5,43459,47.3471
8,9,5,8,8,337.5,44112,11.1749
8,9,5,9,1,22.5,23975,11.074
8,9,5,9,2,67.5,23298,46.3296
8,9,5,9,3,112.5,22270,41.9384
8,9,5,9,4,157.5,22455,63.2971
8,9,5,9,5,202.5,21940,45.0338
8,9,5,9,6,247.5,22764,58.6035
8,9,5,9,7,292.5,22915,35.6912
8,9,5,9,8,337.5,23827,13.3455
8,9,5,10,1,22.5,15054,15.3338
8,9,5,10,2,67.5,15036,37.8774
8,9,5,10,3,112.5,14690,36.7622
8,9,5,10,4,157.5,14215,48.4866
8,9,5,10,5,202.5,14398,36.5347
8,9,5,10,6,247.5,14348,48.6012
8,9,5,10,7,292.5,14916,29.591
8,9,5,10,8,337.5,15332,16.5892
8,9,5,11,1,22.5,10011,18.2634
8,9,5,11,2,67.5,9865,30.5639
8,9,5,11,3,112.5,9457,31.838
8,9,5,11,4,157.5,9481,37.6438
8,9,5,11,5,202.5,9384,29.5266
8,9,5,11,6,247.5,9479,37.4561
8,9,5,11,7,292.5,9765,26.4676
8,9,5,11,8,337.5,10177,17.3607
8,9,6,1,1,22.5,68316,17.6532
8,9,6,1,2,67.5,67995,37.4254
8,9,6,1,3,112.5,68200,61.4528
8,9,6,1,4,157.5,68212,81.3479
8,9,6,1,5,202.5,68048,64.4384
8,9,6,1,6,247.5,68044,35.1309
8,9,6,1,7,292.5,68506,19.661
8,9,6,1,8,337.5,68321,14.6348
8,9,6,2,1,22.5,58003,0
8,9,6,2,2,67.5,57602,22.54
8,9,6,2,3,112.5,57145,62.2478
8,9,6,2,4,157.5,56479,82.568
8,9,6,2,5,202.5,56491,64.2607
8,9,6,2,6,247.5,56540,20.6221
8,9,6,2,7,292.5,57142,9.19899
8,9,6,2,8,337.5,58176,0
8,9,6,3,1,22.5,48911,0
8,9,6,3,2,67.5,48409,11.9661
8,9,6,3,3,112.5,48103,54.8474
8,9,6,3,4,157.5,47158,84.2129
8,9,6,3,5,202.5,47424,59.4901
8,9,6,3,6,247.5,47862,24.4304
8,9,6,3,7,292.5,48607,19.2545
8,9,6,3,8,337.5,48439,0
8,9,6,4,1,22.5,40618,0
8,9,6,4,2,67.5,39741,5.24269
8,9,6,4,3,112.5,39993,47.6021
8,9,6,4,4,157.5,38925,78.1214
8,9,6,4,5,202.5,39254,55.565
8,9,6,4,6,247.5,39322,32.9412
8,9,6,4,7,292.5,39913,25.8827
8,9,6,4,8,337.5,40687,0
8,9,6,5,1,22.5,62220,0
8,9,6,5,2,67.5,60737,18.327
8,9,6,5,3,112.5,60208,57.1038
8,9,6,5,4,157.5,59250,103.556
8,9,6,5,5,202.5,59611,71.1896
8,9,6,5,6,247.5,60491,55.5722
8,9,6,5,7,292.5,61459,44.0196
8,9,6,5,8,337.5,62150,0
8,9,6,6,1,22.5,42571,0
8,9,6,6,2,67.5,41789,30.0158
8,9,6,6,3,112.5,41079,44.2864
8,9,6,6,4,157.5,40897,85.9508
8,9,6,6,5,202.5,40819,58.874
8,9,6,6,6,247.5,40912,57.9883
8,9,6,6,7,292.5,42249,44.3606
8,9,6,6,8,337.5,42505,0
8,9,6,7,1,22.5,29372,0
8,9,6,7,2,67.5,28703,34.8106
8,9,6,7,3,112.5,27893,36.6038
8,9,6,7,4,157.5,27201,70.0949
8,9,6,7,5,202.5,27621,48.558
8,9,6,7,6,247.5,27865,52.2646
8,9,6,7,7,292.5,28873,39.9925
8,9,6,7,8,337.5,29062,0
8,9,6,8,1,22.5,26586,0
8,9,6,8,2,67.5,26477,41.7138
8,9,6,8,3,112.5,25583,37.299
8,9,6,8,4,157.5,24754,67.6553
8,9,6,8,5,202.5,25464,48.7212
8,9,6,8,6,247.5,25743,54.7234
8,9,6,8,7,292.5,26346,37.2633
8,9,6,8,8,337.5,26869,0
8,9,6,9,1,22.5,14395,0
8,9,6,9,2,67.5,14407,33.7756
8,9,6,9,3,112.5,13673,30.1567
8,9,6,9,4,157.5,13600,49.8913
8,9,6,9,5,202.5,13210,35.0691
8,9,6,9,6,247.5,13756,43.199
8,9,6,9,7,292.5,14226,26.8723
8,9,6,9,8,337.5,14525,0
8,9,6,10,1,22.5,9454,0
8,9,6,10,2,67.5,9282,29.4415
8,9,6,10,3,112.5,8812,26.7484
8,9,6,10,4,157.5,8719,40.5107
8,9,6,10,5,202.5,8749,29.2909
8,9,6,10,6,247.5,8818,37.7869
8,9,6,10,7,292.5,9277,21.6405
8,9,6,10,8,337.5,9426,8.36268
8,9,6,11,1,22.5,5647,9.57242
8,9,6,11,2,67.5,5615,23.1898
8,9,6,11,3,112.5,5330,22.6624
8,9,6,11,4,157.5,5339,30.0378
8,9,6,11,5,202.5,5287,21.8433
8,9,6,11,6,247.5,5336,28.6637
8,9,6,11,7,292.5,5506,18.1146
8,9,6,11,8,337.5,5594,9.17401
8,9,7,1,1,22.5,29073,15.0347
8,9,7,1,2,67.5,29055,26.7258
8,9,7,1,3,112.5,28950,42.3551
8,9,7,1,4,157.5,28838,51.3324
8,9,7,1,5,202.5,28372,43.8966
8,9,7,1,6,247.5,28906,25.007
8,9,7,1,7,292.5,29010,15.4609
8,9,7,1,8,337.5,29223,13.0656
8,9,7,2,1,22.5,24575,0
8,9,7,2,2,67.5,24155,18.8864
8,9,7,2,3,112.5,24300,43.149
8,9,7,2,4,157.5,23769,54.5605
8,9,7,2,5,202.5,24137,44.0159
8,9,7,2,6,247.5,24268,15.0375
8,9,7,2,7,292.5,24560,0
8,9,7,2,8,337.5,24539,0
8,9,7,3,1,22.5,20693,0
8,9,7,3,2,67.5,20612,12.6283
8,9,7,3,3,112.5,20408,39.4032
8,9,7,3,4,157.5,19797,53.7754
8,9,7,3,5,202.5,20178,41.4475
8,9,7,3,6,247.5,20122,14.4616
8,9,7,3,7,292.5,20470,8.77439
8,9,7,3,8,337.5,20360,0
8,9,7,4,1,22.5,17229,0
8,9,7,4,2,67.5,16817,6.18367
8,9,7,4,3,112.5,16933,34.3751
8,9,7,4,4,157.5,16656,51.1005
8,9,7,4,5,202.5,16578,37.0236
8,9,7,4,6,247.5,16917,16.0935
8,9,7,4,7,292.5,17442,14.7833
8,9,7,4,8,337.5,17099,0
8,9,7,5,1,22.5,26408,0
8,9,7,5,2,67.5,26402,3.89808
8,9,7,5,3,112.5,25854,40.7977
8,9,7,5,4,157.5,25113,66.8577
8,9,7,5,5,202.5,25251,48.3348
8,9,7,5,6,247.5,25384,30.1097
8,9,7,5,7,292.5,26131,25.4569
8,9,7,5,8,337.5,26452,0
8,9,7,6,1,22.5,18327,0
8,9,7,6,2,67.5,17945,13.0063
8,9,7,6,3,112.5,17628,31.2052
8,9,7,6,4,157.5,17657,57.0155
8,9,7,6,5,202.5,17321,39.5307
8,9,7,6,6,247.5,17592,33.4695
8,9,7,6,7,292.5,17981,27.1387
8,9,7,6,8,337.5,18170,0
8,9,7,7,1,22.5,12421,0
8,9,7,7,2,67.5,12338,17.1715
8,9,7,7,3,112.5,12015,24.938
8,9,7,7,4,157.5,11702,47.4879
8,9,7,7,5,202.5,11757,32.0581
8,9,7,7,6,247.5,12018,32.0117
8,9,7,7,7,292.5,12250,24.5425
8,9,7,7,8,337.5,12412,0
8,9,7,8,1,22.5,11278,0
8,9,7,8,2,67.5,11288,23.0499
8,9,7,8,3,112.5,10655,23.7299
8,9,7,8,4,157.5,10838,43.5211
8,9,7,8,5,202.5,10727,31.8957
8,9,7,8,6,247.5,10852,34.0588
8,9,7,8,7,292.5,11169,26.35
8,9,7,8,8,337.5,11409,0
8,9,7,9,1,22.5,5684,0
8,9,7,9,2,67.5,5578,17.7173
8,9,7,9,3,112.5,5446,18.067
8,9,7,9,4,157.5,5328,32.7301
8,9,7,9,5,202.5,5294,21.9007
8,9,7,9,6,247.5,5375,24.647
8,9,7,9,7,292.5,5595,17.2174
8,9,7,9,8,337.5,5630,0
8,9,7,10,1,22.5,2833,0
8,9,7,10,2,67.5,2891,14.6107
8,9,7,10,3,112.5,2715,12.4993
8,9,7,10,4,157.5,2701,21.5375
8,9,7,10,5,202.5,2721,16.1569
8,9,7,10,6,247.5,2788,19.4401
8,9,7,10,7,292.5,2816,11.5106
8,9,7,10,8,337.5,2945,0
8,9,7,11,1,22.5,781,0
8,9,7,11,2,67.5,765,7.66152
8,9,7,11,3,112.5,703,7.17856
8,9,7,11,4,157.5,733,10.8898
8,9,7,11,5,202.5,705,8.26814
8,9,7,11,6,247.5,685,10.0554
8,9,7,11,7,292.5,804,5.31083
8,9,7,11,8,337.5,766,0
8,9,8,1,1,22.5,7051,7.05542
8,9,8,1,2,67.5,7043,14.1224
8,9,8,1,3,112.5,7008,19.9786
8,9,8,1,4,157.5,6969,22.5678
8,9,8,1,5,202.5,7071,19.9437
8,9,8,1,6,247.5,7010,12.5742
8,9,8,1,7,292.5,6995,7.44066
8,9,8,1,8,337.5,7158,6.5972
8,9,8,2,1,22.5,5668,0
8,9,8,2,2,67.5,5663,8.93821
8,9,8,2,3,112.5,5632,20.2482
8,9,8,2,4,157.5,5655,26.566
8,9,8,2,5,202.5,5535,20.3603
8,9,8,2,6,247.5,5628,6.86865
8,9,8,2,7,292.5,5722,0
8,9,8,2,8,337.5,5627,0
8,9,8,3,1,22.5,4517,0
8,9,8,3,2,67.5,4447,5.49593
8,9,8,3,3,112.5,4495,17.5439
8,9,8,3,4,157.5,4509,24.5489
8,9,8,3,5,202.5,4340,18.8092
8,9,8,3,6,247.5,4427,5.09382
8,9,8,3,7,292.5,4481,0
8,9,8,3,8,337.5,4551,0
8,9,8,4,1,22.5,3522,0
8,9,8,4,2,67.5,3557,0
8,9,8,4,3,112.5,3476,15.9026
8,9,8,4,4,157.5,3411,21.0696
8,9,8,4,5,202.5,3368,16.174
8,9,8,4,6,247.5,3485,5.24278
8,9,8,4,7,292.5,3352,3.95849
8,9,8,4,8,337.5,3517,0
8,9,8,5,1,22.5,4538,0
8,9,8,5,2,67.5,4579,0
8,9,8,5,3,112.5,4424,16.8918
8,9,8,5,4,157.5,4469,25.5327
8,9,8,5,5,202.5,4363,17.2391
8,9,8,5,6,247.5,4539,12.2506
8,9,8,5,7,292.5,4634,7.53492
8,9,8,5,8,337.5,4609,0
8,9,8,6,1,22.5,2432,0
8,9,8,6,2,67.5,2355,0
8,9,8,6,3,112.5,2326,12.9771
8,9,8,6,4,157.5,2361,18.386
8,9,8,6,5,202.5,2363,11.8883
8,9,8,6,6,247.5,2248,9.71746
8,9,8,6,7,292.5,2281,6.36138
8,9,8,6,8,337.5,2301,0
8,9,8,7,1,22.5,1047,0
8,9,8,7,2,67.5,1093,3.31938
8,9,8,7,3,112.5,1038,5.35601
8,9,8,7,4,157.5,1012,8.32748
8,9,8,7,5,202.5,1009,0
8,9,8,7,6,247.5,966,7.16844
8,9,8,7,7,292.5,1117,4.95306
8,9,8,7,8,337.5,1045,0
8,9,8,8,1,22.5,393,0
8,9,8,8,2,67.5,448,0
8,9,8,8,3,112.5,433,0
8,9,8,8,4,157.5,409,5.01779
8,9,8,8,5,202.5,418,3.73786
8,9,8,8,6,247.5,430,0
8,9,8,8,7,292.5,403,0
8,9,8,8,8,337.5,476,0
8,9,8,9,1,22.5,25,0
8,9,8,9,2,67.5,24,0
8,9,8,9,3,112.5,19,0
8,9,8,9,4,157.5,23,0
8,9,8,9,5,202.5,29,0
8,9,8,9,6,247.5,20,0
8,9,8,9,7,292.5,25,0
8,9,8,9,8,337.5,29,0
8,9,8,10,1,22.5,0,0
8,9,8,10,2,67.5,0,0
8,9,8,10,3,112.5,0,0
8,9,8,10,4,157.5,0,0
8,9,8,10,5,202.5,0,0
8,9,8,10,6,247.5,0,0
8,9,8,10,7,292.5,0,0
8,9,8,10,8,337.5,0,0
8,9,8,11,1,22.5,0,0
8,9,8,11,2,67.5,0,0
8,9,8,11,3,112.5,0,0
8,9,8,11,4,157.5,0,0
8,9,8,11,5,202.5,0,0
8,9,8,11,6,247.5,0,0
8,9,8,11,7,292.5,0,0
8,9,8,11,8,337.5,0,0
9,10,1,1,1,22.5,1.01914e+07,65.1739
9,10,1,1,2,67.5,1.0174e+07,204.072
9,10,1,1,3,112.5,1.01648e+07,221.061
9,10,1,1,4,157.5,1.01581e+07,258.683
9,10,1,1,5,202.5,1.01535e+07,381.513
9,10,1,1,6,247.5,1.01587e+07,285.687
9,10,1,1,7,292.5,1.01847e+07,165.477
9,10,1,1,8,337.5,1.01957e+07,70.8053
9,10,1,2,1,22.5,4.24704e+06,70.183
9,10,1,2,2,67.5,4.23964e+06,103.31
9,10,1,2,3,112.5,4.22336e+06,145.348
9,10,1,2,4,157.5,4.21183e+06,168.904
9,10,1,2,5,202.5,4.21386e+06,151.92
9,10,1,2,6,247.5,4.22209e+06,135.29
9,10,1,2,7,292.5,4.23806e+06,126.022
9,10,1,2,8,337.5,4.24705e+06,55.1528
9,10,1,3,1,22.5,2.14532e+06,49.2424
9,10,1,3,2,67.5,2.13998e+06,98.3682
9,10,1,3,3,112.5,2.12758e+06,94.6856
9,10,1,3,4,157.5,2.12358e+06,91.3172
9,10,1,3,5,202.5,2.12007e+06,78.103
9,10,1,3,6,247.5,2.12904e+06,96.2487
9,10,1,3,7,292.5,2.13916e+06,99.238
9,10,1,3,8,337.5,2.14637e+06,41.1018
9,10,1,4,1,22.5,1.18596e+06,36.8883
9,10,1,4,2,67.5,1.1829e+06,73.6506
9,10,1,4,3,112.5,1.1764e+06,63.4325
9,10,1,4,4,157.5,1.16984e+06,54.3874
9,10,1,4,5,202.5,1.17163e+06,45.3264
9,10,1,4,6,247.5,1.17615e+06,69.7338
9,10,1,4,7,292.5,1.18415e+06,68.5868
9,10,1,4,8,337.5,1.18682e+06,34.1596
9,10,1,5,1,22.5,1.12042e+06,31.9588
9,10,1,5,2,67.5,1.11751e+06,57.8962
9,10,1,5,3,112.5,1.1058e+06,48.8586
9,10,1,5,4,157.5,1.10362e+06,34.3927
9,10,1,5,5,202.5,1.10122e+06,31.068
9,10,1,5,6,247.5,1.10784e+06,53.3275
9,10,1,5,7,292.5,1.11607e+06,59.6258
9,10,1,5,8,337.5,1.12099e+06,31.5421
9,10,1,6,1,22.5,428917,10.3347
9,10,1,6,2,67.5,426606,16.5927
9,10,1,6,3,112.5,423791,16.3939
9,10,1,6,4,157.5,421231,11.4328
9,10,1,6,5,202.5,420435,5.22247
9,10,1,6,6,247.5,423251,15.9813
9,10,1,6,7,292.5,426725,15.8717
9,10,1,6,8,337.5,430048,10.8146
9,10,1,7,1,22.5,170981,0
9,10,1,7,2,67.5,169883,0
9,10,1,7,3,112.5,169346,4.99074
9,10,1,7,4,157.5,167250,0
9,10,1,7,5,202.5,167198,0
9,10,1,7,6,247.5,169212,0
9,10,1,7,7,292.5,169717,5.13461
9,10,1,7,8,337.5,171198,0
9,10,1,8,1,22.5,83961,0
9,10,1,8,2,67.5,82597,0
9,10,1,8,3,112.5,82249,4.49641
9,10,1,8,4,157.5,81434,0
9,10,1,8,5,202.5,81302,0
9,10,1,8,6,247.5,81850,25.2816
9,10,1,8,7,292.5,82852,0
9,10,1,8,8,337.5,83490,0
9,10,1,9,1,22.5,18105,0
9,10,1,9,2,67.5,17754,0
9,10,1,9,3,112.5,17474,0
9,10,1,9,4,157.5,17404,4.5483
9,10,1,9,5,202.5,17410,0
9,10,1,9,6,247.5,17446,0
9,10,1,9,7,292.5,17983,0
9,10,1,9,8,337.5,18006,0
9,10,1,10,1,22.5,3133,0
9,10,1,10,2,67.5,2999,0
9,10,1,10,3,112.5,2968,0
9,10,1,10,4,157.5,2983,0
9,10,1,10,5,202.5,3033,0
9,10,1,10,6,247.5,3097,0
9,10,1,10,7,292.5,3183,0
9,10,1,10,8,337.5,3197,0
9,10,1,11,1,22.5,133,0
9,10,1,11,2,67.5,130,0
9,10,1,11,3,112.5,101,0
9,10,1,11,4,157.5,111,0
9,10,1,11,5,202.5,117,0
9,10,1,11,6,247.5,122,0
9,10,1,11,7,292.5,109,0
9,10,1,11,8,337.5,118,0
9,10,2,1,1,22.5,966131,111.909
9,10,2,1,2,67.5,964281,265.581
9,10,2,1,3,112.5,962036,302.785
9,10,2,1,4,157.5,960069,360.665
9,10,2,1,5,202.5,960100,315.472
9,10,2,1,6,247.5,960360,419.674
9,10,2,1,7,292.5,963656,301.119
9,10,2,1,8,337.5,966470,163.883
9,10,2,2,1,22.5,737735,59.1464
9,10,2,2,2,67.5,737793,174.937
9,10,2,2,3,112.5,734612,235.753
9,10,2,2,4,157.5,731710,324.062
9,10,2,2,5,202.5,732046,259.807
9,10,2,2,6,247.5,732055,243.66
9,10,2,2,7,292.5,738595,172.964
9,10,2,2,8,337.5,738270,59.6626
9,10,2,3,1,22.5,553848,74.8562
9,10,2,3,2,67.5,551581,154.207
9,10,2,3,3,112.5,548920,174.28
9,10,2,3,4,157.5,544761,226.29
9,10,2,3,5,202.5,546318,192.192
9,10,2,3,6,247.5,549289,201.986
9,10,2,3,7,292.5,551146,173.108
9,10,2,3,8,337.5,552204,67.096
9,10,2,4,1,22.5,409345,72.3222
9,10,2,4,2,67.5,406979,143.574
9,10,2,4,3,112.5,404781,141.067
9,10,2,4,4,157.5,402680,162.168
9,10,2,4,5,202.5,401475,141.636
9,10,2,4,6,247.5,404666,170.577
9,10,2,4,7,292.5,408029,139.224
9,10,2,4,8,337.5,408663,59.4515
9,10,2,5,1,22.5,525687,88.1107
9,10,2,5,2,67.5,523119,173.586
9,10,2,5,3,112.5,519543,166.115
9,10,2,5,4,157.5,514938,156.986
9,10,2,5,5,202.5,516715,130.639
9,10,2,5,6,247.5,519684,192.571
9,10,2,5,7,292.5,523477,160.302
9,10,2,5,8,337.5,526016,77.3993
9,10,2,6,1,22.5,296995,65.8255
9,10,2,6,2,67.5,295628,114.781
9,10,2,6,3,112.5,293019,106.046
9,10,2,6,4,157.5,289811,85.6504
9,10,2,6,5,202.5,289903,70.1039
9,10,2,6,6,247.5,292473,117.098
9,10,2,6,7,292.5,294349,104.165
9,10,2,6,8,337.5,296461,60.2234
9,10,2,7,1,22.5,174152,46.6504
9,10,2,7,2,67.5,172342,69.034
9,10,2,7,3,112.5,170783,62.189
9,10,2,7,4,157.5,169010,44.1501
9,10,2,7,5,202.5,170245,38.0796
9,10,2,7,6,247.5,170487,67.6327
9,10,2,7,7,292.5,172196,65.7792
9,10,2,7,8,337.5,173976,41.7309
9,10,2,8,1,22.5,138742,31.2396
9,10,2,8,2,67.5,137972,42.4892
9,10,2,8,3,112.5,136227,39.0199
9,10,2,8,4,157.5,134840,25.8113
9,10,2,8,5,202.5,134324,26.0847
9,10,2,8,6,247.5,135681,41.7364
9,10,2,8,7,292.5,137871,43.6993
9,10,2,8,8,337.5,138360,24.8966
9,10,2,9,1,22.5,62029,8.04504
9,10,2,9,2,67.5,61329,14.9722
9,10,2,9,3,112.5,60619,13.461
9,10,2,9,4,157.5,60211,4.95101
9,10,2,9,5,202.5,60337,6.96905
9,10,2,9,6,247.5,60114,19.3088
9,10,2,9,7,292.5,61569,12.8434
9,10,2,9,8,337.5,62445,8.28462
9,10,2,10,1,22.5,28528,0
9,10,2,10,2,67.5,28121,0
9,10,2,10,3,112.5,27885,0
9,10,2,10,4,157.5,27271,0
9,10,2,10,5,202.5,27240,0
9,10,2,10,6,247.5,27682,0
9,10,2,10,7,292.5,28044,0
9,10,2,10,8,337.5,28408,0
9,10,2,11,1,22.5,6955,0
9,10,2,11,2,67.5,6887,0
9,10,2,11,3,112.5,6528,0
9,10,2,11,4,157.5,6493,0
9,10,2,11,5,202.5,6546,0
9,10,2,11,6,247.5,6806,0
9,10,2,11,7,292.5,6800,0
9,10,2,11,8,337.5,7008,0
9,10,3,1,1,22.5,467457,76.4616
9,10,3,1,2,67.5,465658,162.345
9,10,3,1,3,112.5,464000,195.987
9,10,3,1,4,157.5,463481,303.168
9,10,3,1,5,202.5,465518,253.609
9,10,3,1,6,247.5,465052,175.555
9,10,3,1,7,292.5,465789,119.871
9,10,3,1,8,337.5,467957,96.2745
9,10,3,2,1,22.5,372515,39.2541
9,10,3,2,2,67.5,371198,115.692
9,10,3,2,3,112.5,369970,160.685
9,10,3,2,4,157.5,368788,257.425
9,10,3,2,5,202.5,368318,192.458
9,10,3,2,6,247.5,368328,145.258
9,10,3,2,7,292.5,371720,119.442
9,10,3,2,8,337.5,372264,33.3608
9,10,3,3,1,22.5,293226,26.9789
9,10,3,3,2,67.5,292031,99.5358
9,10,3,3,3,112.5,290496,129.099
9,10,3,3,4,157.5,288246,221.99
9,10,3,3,5,202.5,288837,164.016
9,10,3,3,6,247.5,289227,135.012
9,10,3,3,7,292.5,291961,111.669
9,10,3,3,8,337.5,293886,33.7205
9,10,3,4,1,22.5,228253,34.6051
9,10,3,4,2,67.5,227056,101.372
9,10,3,4,3,112.5,225984,107.98
9,10,3,4,4,157.5,223763,178.848
9,10,3,4,5,202.5,223581,136.856
9,10,3,4,6,247.5,226121,136.957
9,10,3,4,7,292.5,227246,111.051
9,10,3,4,8,337.5,227893,37.1785
9,10,3,5,1,22.5,313176,57.3047
9,10,3,5,2,67.5,312346,147.451
9,10,3,5,3,112.5,307783,135.495
9,10,3,5,4,157.5,305781,200.987
9,10,3,5,5,202.5,307139,156.137
9,10,3,5,6,247.5,308799,182.414
9,10,3,5,7,292.5,311762,139.321
9,10,3,5,8,337.5,314461,50.5769
9,10,3,6,1,22.5,188141,50.553
9,10,3,6,2,67.5,185683,124.333
9,10,3,6,3,112.5,182943,113.326
9,10,3,6,4,157.5,180876,140.395
9,10,3,6,5,202.5,181043,110.184
9,10,3,6,6,247.5,182500,145.077
9,10,3,6,7,292.5,185310,104.801
9,10,3,6,8,337.5,186482,48.3163
9,10,3,7,1,22.5,111795,46.0536
9,10,3,7,2,67.5,110973,96.3546
9,10,3,7,3,112.5,109035,90.337
9,10,3,7,4,157.5,108269,94.1771
9,10,3,7,5,202.5,108495,75.4883
9,10,3,7,6,247.5,108934,110.052
9,10,3,7,7,292.5,110433,81.4497
9,10,3,7,8,337.5,111657,45.9442
9,10,3,8,1,22.5,92323,51.758
9,10,3,8,2,67.5,91658,85.1396
9,10,3,8,3,112.5,90080,80.9933
9,10,3,8,4,157.5,89349,69.8059
9,10,3,8,5,202.5,89048,57.3221
9,10,3,8,6,247.5,90252,93.4582
9,10,3,8,7,292.5,91095,75.4074
9,10,3,8,8,337.5,91817,48.6198
9,10,3,9,1,22.5,46624,38.4893
9,10,3,9,2,67.5,46473,53.6562
9,10,3,9,3,112.5,45500,48.7505
9,10,3,9,4,157.5,45352,35.9287
9,10,3,9,5,202.5,45292,32.0273
9,10,3,9,6,247.5,45529,55.2401
9,10,3,9,7,292.5,45908,50.1565
9,10,3,9,8,337.5,46277,32.7143
9,10,3,10,1,22.5,28885,26.1479
9,10,3,10,2,67.5,28716,33.6759
9,10,3,10,3,112.5,28122,30.6624
9,10,3,10,4,157.5,27587,19.104
9,10,3,10,5,202.5,27671,16.9573
9,10,3,10,6,247.5,27799,32.8229
9,10,3,10,7,292.5,28474,32.7087
9,10,3,10,8,337.5,28972,21.3737
9,10,3,11,1,22.5,13541,11.3161
9,10,3,11,2,67.5,13390,14.9659
9,10,3,11,3,112.5,13036,13.9084
9,10,3,11,4,157.5,12797,8.83455
9,10,3,11,5,202.5,13149,5.48805
9,10,3,11,6,247.5,13155,14.1206
9,10,3,11,7,292.5,13401,16.5973
9,10,3,11,8,337.5,13572,9.60385
9,10,4,1,1,22.5,266106,64.1371
9,10,4,1,2,67.5,265480,96.9323
9,10,4,1,3,112.5,263973,180.086
9,10,4,1,4,157.5,262721,211.874
9,10,4,1,5,202.5,263967,177.242
9,10,4,1,6,247.5,264187,99.9233
9,10,4,1,7,292.5,265789,78.9022
9,10,4,1,8,337.5,265875,66.1957
9,10,4,2,1,22.5,217162,28.9348
9,10,4,2,2,67.5,216328,58.0271
9,10,4,2,3,112.5,216021,126.268
9,10,4,2,4,157.5,215743,194.936
9,10,4,2,5,202.5,214513,151.228
9,10,4,2,6,247.5,215290,79.7572
9,10,4,2,7,292.5,216628,64.9397
9,10,4,2,8,337.5,216960,30.0276
9,10,4,3,1,22.5,176722,19.4955
9,10,4,3,2,67.5,175354,48.4193
9,10,4,3,3,112.5,173980,100.743
9,10,4,3,4,157.5,172405,177.582
9,10,4,3,5,202.5,173164,126.515
9,10,4,3,6,247.5,173517,82.6825
9,10,4,3,7,292.5,175478,75.4673
9,10,4,3,8,337.5,175802,15.0341
9,10,4,4,1,22.5,142755,14.106
9,10,4,4,2,67.5,141100,59.8419
9,10,4,4,3,112.5,139145,80.5555
9,10,4,4,4,157.5,138415,156.635
9,10,4,4,5,202.5,138654,110.311
9,10,4,4,6,247.5,139621,88.6474
9,10,4,4,7,292.5,141747,82.6248
9,10,4,4,8,337.5,141548,13.9108
9,10,4,5,1,22.5,204356,21.1451
9,10,4,5,2,67.5,202415,100.889
9,10,4,5,3,112.5,199735,108.171
9,10,4,5,4,157.5,198589,185.404
9,10,4,5,5,202.5,197550,136.333
9,10,4,5,6,247.5,199299,129.386
9,10,4,5,7,292.5,202962,117.133
9,10,4,5,8,337.5,204158,22.9245
9,10,4,6,1,22.5,127788,21.6488
9,10,4,6,2,67.5,126736,100.922
9,10,4,6,3,112.5,125726,86.5458
9,10,4,6,4,157.5,124267,140.385
9,10,4,6,5,202.5,124024,107.398
9,10,4,6,6,247.5,124251,118.556
9,10,4,6,7,292.5,126644,94.6224
9,10,4,6,8,337.5,128005,20.7583
9,10,4,7,1,22.5,79820,18.5527
9,10,4,7,2,67.5,79243,85.2759
9,10,4,7,3,112.5,77581,73.4915
9,10,4,7,4,157.5,76618,106.317
9,10,4,7,5,202.5,76912,80.4986
9,10,4,7,6,247.5,77682,99.2589
9,10,4,7,7,292.5,79121,72.1914
9,10,4,7,8,337.5,79488,22.4691
9,10,4,8,1,22.5,67286,24.8063
9,10,4,8,2,67.5,66722,81.7865
9,10,4,8,3,112.5,65065,71.8817
9,10,4,8,4,157.5,64454,88.9045
9,10,4,8,5,202.5,64662,70.8839
9,10,4,8,6,247.5,65165,94.2072
9,10,4,8,7,292.5,66371,64.4007
9,10,4,8,8,337.5,67529,29.4841
9,10,4,9,1,22.5,33595,26.9182
9,10,4,9,2,67.5,33200,57.0106
9,10,4,9,3,112.5,32503,53.4198
9,10,4,9,4,157.5,32127,55.6473
9,10,4,9,5,202.5,31976,45.2525
9,10,4,9,6,247.5,32707,67.2413
9,10,4,9,7,292.5,33067,45.1716
9,10,4,9,8,337.5,33680,29.802
9,10,4,10,1,22.5,20300,27.2206
9,10,4,10,2,67.5,20347,43.924
9,10,4,10,3,112.5,19871,42.693
9,10,4,10,4,157.5,19351,38.593
9,10,4,10,5,202.5,19268,31.338
9,10,4,10,6,247.5,19492,49.1593
9,10,4,10,7,292.5,20088,37.2699
9,10,4,10,8,337.5,20540,26.1682
9,10,4,11,1,22.5,10988,21.6695
9,10,4,11,2,67.5,10476,30.4468
9,10,4,11,3,112.5,10367,29.7217
9,10,4,11,4,157.5,10107,23.2843
9,10,4,11,5,202.5,9920,19.4793
9,10,4,11,6,247.5,10421,32.5799
9,10,4,11,7,292.5,10569,28.5104
9,10,4,11,8,337.5,10730,19.5729
9,10,5,1,1,22.5,156278,57.0303
9,10,5,1,2,67.5,156486,85.2286
9,10,5,1,3,112.5,156210,130.811
9,10,5,1,4,157.5,155886,151.579
9,10,5,1,5,202.5,154934,130.595
9,10,5,1,6,247.5,156106,80.4985
9,10,5,1,7,292.5,156422,51.2787
9,10,5,1,8,337.5,156561,45.8687
9,10,5,2,1,22.5,128913,18.6284
9,10,5,2,2,67.5,128376,46.1171
9,10,5,2,3,112.5,128195,107.198
9,10,5,2,4,157.5,128187,147.682
9,10,5,2,5,202.5,127668,117.292
9,10,5,2,6,247.5,127686,49.7079
9,10,5,2,7,292.5,128833,30.7682
9,10,5,2,8,337.5,129847,13.7326
9,10,5,3,1,22.5,106648,7.61254
9,10,5,3,2,67.5,106297,25.6505
9,10,5,3,3,112.5,104893,86.7369
9,10,5,3,4,157.5,104448,147.489
9,10,5,3,5,202.5,104468,100.589
9,10,5,3,6,247.5,105662,49.0593
9,10,5,3,7,292.5,106706,46.4125
9,10,5,3,8,337.5,106463,8.56803
9,10,5,4,1,22.5,87257,5.68255
9,10,5,4,2,67.5,86885,24.89
9,10,5,4,3,112.5,85541,69.5622
9,10,5,4,4,157.5,85296,123.055
9,10,5,4,5,202.5,84575,89.6549
9,10,5,4,6,247.5,85611,55.874
9,10,5,4,7,292.5,86190,58.4983
9,10,5,4,8,337.5,87147,0
9,10,5,5,1,22.5,129538,8.15982
9,10,5,5,2,67.5,128175,55.5569
9,10,5,5,3,112.5,126176,81.8946
9,10,5,5,4,157.5,125111,149.381
9,10,5,5,5,202.5,124301,111.894
9,10,5,5,6,247.5,126581,88.4676
9,10,5,5,7,292.5,127967,88.4464
9,10,5,5,8,337.5,129596,11.4836
9,10,5,6,1,22.5,85002,10.5016
9,10,5,6,2,67.5,84403,67.8404
9,10,5,6,3,112.5,83026,64.7963
9,10,5,6,4,157.5,82436,122.378
9,10,5,6,5,202.5,82330,88.7253
9,10,5,6,6,247.5,82973,85.0057
9,10,5,6,7,292.5,83991,80.9939
9,10,5,6,8,337.5,85144,6.55861
9,10,5,7,1,22.5,55897,10.7607
9,10,5,7,2,67.5,55051,67.2234
9,10,5,7,3,112.5,54296,55.5951
9,10,5,7,4,157.5,53446,95.2204
9,10,5,7,5,202.5,53203,70.6442
9,10,5,7,6,247.5,53696,81.0326
9,10,5,7,7,292.5,54710,66.2779
9,10,5,7,8,337.5,55264,6.90841
9,10,5,8,1,22.5,48794,7.40168
9,10,5,8,2,67.5,47609,70.0714
9,10,5,8,3,112.5,46656,55.1472
9,10,5,8,4,157.5,46355,88.1828
9,10,5,8,5,202.5,46038,67.3969
9,10,5,8,6,247.5,46956,76.1967
9,10,5,8,7,292.5,47632,60.524
9,10,5,8,8,337.5,48402,10.5799
9,10,5,9,1,22.5,24090,9.01839
9,10,5,9,2,67.5,23802,50.4118
9,10,5,9,3,112.5,23372,41.2345
9,10,5,9,4,157.5,22811,58.6218
9,10,5,9,5,202.5,22924,44.5969
9,10,5,9,6,247.5,23373,57.6304
9,10,5,9,7,292.5,23965,39.3218
9,10,5,9,8,337.5,24473,13.9888
9,10,5,10,1,22.5,13885,13.049
9,10,5,10,2,67.5,13906,37.2898
9,10,5,10,3,112.5,13637,33.4575
9,10,5,10,4,157.5,13273,42.6213
9,10,5,10,5,202.5,13210,32.925
9,10,5,10,6,247.5,13467,44.2725
9,10,5,10,7,292.5,13659,28.8577
9,10,5,10,8,337.5,14052,17.1318
9,10,5,11,1,22.5,6296,13.8044
9,10,5,11,2,67.5,6254,24.2084
9,10,5,11,3,112.5,6040,25.015
9,10,5,11,4,157.5,5968,27.2189
9,10,5,11,5,202.5,5905,22.8832
9,10,5,11,6,247.5,5930,29.1872
9,10,5,11,7,292.5,6332,21.2143
9,10,5,11,8,337.5,6310,13.7467
9,10,6,1,1,22.5,84047,53.5764
9,10,6,1,2,67.5,83300,70.9597
9,10,6,1,3,112.5,83788,98.3513
9,10,6,1,4,157.5,82745,110.44
9,10,6,1,5,202.5,83705,95.4661
9,10,6,1,6,247.5,83244,65.5823
9,10,6,1,7,292.5,83731,44.9232
9,10,6,1,8,337.5,83551,42.3617
9,10,6,2,1,22.5,70096,18.1627
9,10,6,2,2,67.5,69452,46.3479
9,10,6,2,3,112.5,69502,85.3726
9,10,6,2,4,157.5,69572,109.618
9,10,6,2,5,202.5,68790,83.3477
9,10,6,2,6,247.5,69287,40.0688
9,10,6,2,7,292.5,70122,13.5205
9,10,6,2,8,337.5,70106,10.755
9,10,6,3,1,22.5,58803,4.46416
9,10,6,3,2,67.5,57791,25.0825
9,10,6,3,3,112.5,57367,70.7043
9,10,6,3,4,157.5,57145,99.5564
9,10,6,3,5,202.5,57384,80.9019
9,10,6,3,6,247.5,57349,33.438
9,10,6,3,7,292.5,58462,22.9448
9,10,6,3,8,337.5,58958,0
9,10,6,4,1,22.5,48310,0
9,10,6,4,2,67.5,47817,14.3313
9,10,6,4,3,112.5,47486,58.1869
9,10,6,4,4,157.5,47261,89.8494
9,10,6,4,5,202.5,47240,69.8127
9,10,6,4,6,247.5,47321,34.411
9,10,6,4,7,292.5,48204,34.5503
9,10,6,4,8,337.5,48401,0
9,10,6,5,1,22.5,72845,0
9,10,6,5,2,67.5,72049,25.1719
9,10,6,5,3,112.5,71011,66.5485
9,10,6,5,4,157.5,70129,112.523
9,10,6,5,5,202.5,69917,84.9455
9,10,6,5,6,247.5,70657,55.2354
9,10,6,5,7,292.5,71646,59.6543
9,10,6,5,8,337.5,72931,7.28931
9,10,6,6,1,22.5,48166,0
9,10,6,6,2,67.5,47954,39.2272
9,10,6,6,3,112.5,47089,49.4638
9,10,6,6,4,157.5,46322,91.9828
9,10,6,6,5,202.5,46172,68.7251
9,10,6,6,6,247.5,46752,55.6095
9,10,6,6,7,292.5,47796,58.6712
9,10,6,6,8,337.5,48118,0
9,10,6,7,1,22.5,31028,4.12985
9,10,6,7,2,67.5,30897,42.7569
9,10,6,7,3,112.5,30515,39.7732
9,10,6,7,4,157.5,29591,74.3235
9,10,6,7,5,202.5,29787,53.9995
9,10,6,7,6,247.5,30548,52.3076
9,10,6,7,7,292.5,30633,49.5231
9,10,6,7,8,337.5,31617,0
9,10,6,8,1,22.5,26875,6.26285
9,10,6,8,2,67.5,26516,47.0747
9,10,6,8,3,112.5,25936,39.1274
9,10,6,8,4,157.5,25536,68.0699
9,10,6,8,5,202.5,25279,51.1961
9,10,6,8,6,247.5,26026,52.3431
9,10,6,8,7,292.5,26146,48.0156
9,10,6,8,8,337.5,27137,0
9,10,6,9,1,22.5,13015,0
9,10,6,9,2,67.5,12649,35.4758
9,10,6,9,3,112.5,12228,28.584
9,10,6,9,4,157.5,12278,45.8235
9,10,6,9,5,202.5,12005,33.5925
9,10,6,9,6,247.5,12517,39.4846
9,10,6,9,7,292.5,12679,30.5444
9,10,6,9,8,337.5,12965,0
9,10,6,10,1,22.5,6614,0
9,10,6,10,2,67.5,6553,27.4163
9,10,6,10,3,112.5,6208,20.9554
9,10,6,10,4,157.5,6156,31.4931
9,10,6,10,5,202.5,6158,23.7899
9,10,6,10,6,247.5,6296,29.0733
9,10,6,10,7,292.5,6364,20.3923
9,10,6,10,8,337.5,6640,5.33054
9,10,6,11,1,22.5,2098,4.09852
9,10,6,11,2,67.5,2092,13.9372
9,10,6,11,3,112.5,1989,13.2644
9,10,6,11,4,157.5,1916,16.8227
9,10,6,11,5,202.5,1877,13.278
9,10,6,11,6,247.5,1988,17.9113
9,10,6,11,7,292.5,2018,12.1998
9,10,6,11,8,337.5,2099,0
9,10,7,1,1,22.5,34079,39.6157
9,10,7,1,2,67.5,33733,51.1627
9,10,7,1,3,112.5,34154,64.755
9,10,7,1,4,157.5,33781,71.6626
9,10,7,1,5,202.5,33579,60.4555
9,10,7,1,6,247.5,33719,46.3027
9,10,7,1,7,292.5,33945,34.0668
9,10,7,1,8,337.5,34312,32.3347
9,10,7,2,1,22.5,28434,19.4046
9,10,7,2,2,67.5,28052,35.9282
9,10,7,2,3,112.5,27694,57.0337
9,10,7,2,4,157.5,27442,70.5447
9,10,7,2,5,202.5,27408,55.0982
9,10,7,2,6,247.5,28068,28.2088
9,10,7,2,7,292.5,27684,8.31329
9,10,7,2,8,337.5,28189,8.54812
9,10,7,3,1,22.5,22615,6.89117
9,10,7,3,2,67.5,22825,21.9311
9,10,7,3,3,112.5,22696,48.839
9,10,7,3,4,157.5,22328,64.0826
9,10,7,3,5,202.5,22467,50.7265
9,10,7,3,6,247.5,22601,22.8881
9,10,7,3,7,292.5,22782,10.1607
9,10,7,3,8,337.5,22916,0
9,10,7,4,1,22.5,18855,0
9,10,7,4,2,67.5,18581,13.6005
9,10,7,4,3,112.5,18189,39.6416
9,10,7,4,4,157.5,18205,58.5985
9,10,7,4,5,202.5,18078,41.9795
9,10,7,4,6,247.5,18338,17.9354
9,10,7,4,7,292.5,18472,15.3798
9,10,7,4,8,337.5,18764,0
9,10,7,5,1,22.5,26805,0
9,10,7,5,2,67.5,26683,8.5241
9,10,7,5,3,112.5,26485,46.0526
9,10,7,5,4,157.5,25555,71.6879
9,10,7,5,5,202.5,25896,54.9079
9,10,7,5,6,247.5,26374,31.6427
9,10,7,5,7,292.5,26595,30.8985
9,10,7,5,8,337.5,27185,0
9,10,7,6,1,22.5,16799,0
9,10,7,6,2,67.5,16492,14.0046
9,10,7,6,3,112.5,16240,31.9608
9,10,7,6,4,157.5,15877,55.1082
9,10,7,6,5,202.5,16051,39.8093
9,10,7,6,6,247.5,16036,29.1552
9,10,7,6,7,292.5,16325,31.5796
9,10,7,6,8,337.5,16765,0
9,10,7,7,1,22.5,9789,0
9,10,7,7,2,67.5,9643,16.2287
9,10,7,7,3,112.5,9480,22.1586
9,10,7,7,4,157.5,9201,41.2956
9,10,7,7,5,202.5,9184,29.247
9,10,7,7,6,247.5,9432,26.3769
9,10,7,7,7,292.5,9664,25.8807
9,10,7,7,8,337.5,9778,0
9,10,7,8,1,22.5,6815,0
9,10,7,8,2,67.5,6795,18.7315
9,10,7,8,3,112.5,6542,18.7729
9,10,7,8,4,157.5,6353,33.8769
9,10,7,8,5,202.5,6573,25.5291
9,10,7,8,6,247.5,6660,25.046
9,10,7,8,7,292.5,6828,21.8617
9,10,7,8,8,337.5,6780,0
9,10,7,9,1,22.5,2325,0
9,10,7,9,2,67.5,2183,10.8782
9,10,7,9,3,112.5,2147,9.93263
9,10,7,9,4,157.5,2122,17.802
9,10,7,9,5,202.5,2099,12.4202
9,10,7,9,6,247.5,2129,14.1638
9,10,7,9,7,292.5,2146,11.3476
9,10,7,9,8,337.5,2308,0
9,10,7,10,1,22.5,675,0
9,10,7,10,2,67.5,681,7.88786
9,10,7,10,3,112.5,639,0
9,10,7,10,4,157.5,578,9.27122
9,10,7,10,5,202.5,578,7.56365
9,10,7,10,6,247.5,661,6.19643
9,10,7,10,7,292.5,637,6.69233
9,10,7,10,8,337.5,648,0
9,10,7,11,1,22.5,72,0
9,10,7,11,2,67.5,70,0
9,10,7,11,3,112.5,62,0
9,10,7,11,4,157.5,54,0
9,10,7,11,5,202.5,48,0
9,10,7,11,6,247.5,58,0
9,10,7,11,7,292.5,71,0
9,10,7,11,8,337.5,60,0
9,10,8,1,1,22.5,4874,12.9152
9,10,8,1,2,67.5,4954,16.7792
9,10,8,1,3,112.5,4861,20.6212
9,10,8,1,4,157.5,5040,25.1568
9,10,8,1,5,202.5,4822,20.8314
9,10,8,1,6,247.5,4834,15.0744
9,10,8,1,7,292.5,4974,11.7951
9,10,8,1,8,337.5,4860,11.1357
9,10,8,2,1,22.5,3338,0
9,10,8,2,2,67.5,3435,12.1441
9,10,8,2,3,112.5,3384,17.463
9,10,8,2,4,157.5,3260,20.5317
9,10,8,2,5,202.5,3273,15.26
9,10,8,2,6,247.5,3413,9.33113
9,10,8,2,7,292.5,3404,0
9,10,8,2,8,337.5,3408,0
9,10,8,3,1,22.5,2364,0
9,10,8,3,2,67.5,2298,7.11267
9,10,8,3,3,112.5,2233,13.018
9,10,8,3,4,157.5,2250,15.5696
9,10,8,3,5,202.5,2255,12.0646
9,10,8,3,6,247.5,2241,6.32784
9,10,8,3,7,292.5,2237,0
9,10,8,3,8,337.5,2253,0
9,10,8,4,1,22.5,1487,0
9,10,8,4,2,67.5,1444,0
9,10,8,4,3,112.5,1424,9.28629
9,10,8,4,4,157.5,1389,12.8033
9,10,8,4,5,202.5,1487,9.75191
9,10,8,4,6,247.5,1424,3.75666
9,10,8,4,7,292.5,1435,0
9,10,8,4,8,337.5,1463,0
9,10,8,5,1,22.5,1484,0
9,10,8,5,2,67.5,1447,0
9,10,8,5,3,112.5,1377,7.90466
9,10,8,5,4,157.5,1315,10.7007
9,10,8,5,5,202.5,1395,9.90425
9,10,8,5,6,247.5,1319,5.5371
9,10,8,5,7,292.5,1359,4.42761
9,10,8,5,8,337.5,1388,0
9,10,8,6,1,22.5,464,0
9,10,8,6,2,67.5,412,0
9,10,8,6,3,112.5,459,0
9,10,8,6,4,157.5,411,4.88646
9,10,8,6,5,202.5,444,5.38845
9,10,8,6,6,247.5,436,0
9,10,8,6,7,292.5,455,0
9,10,8,6,8,337.5,456,0
9,10,8,7,1,22.5,118,0
9,10,8,7,2,67.5,91,0
9,10,8,7,3,112.5,108,0
9,10,8,7,4,157.5,94,0
9,10,8,7,5,202.5,116,0
9,10,8,7,6,247.5,98,0
9,10,8,7,7,292.5,115,0
9,10,8,7,8,337.5,109,0
9,10,8,8,1,22.5,13,0
9,10,8,8,2,67.5,11,0
9,10,8,8,3,112.5,12,0
9,10,8,8,4,157.5,7,0
9,10,8,8,5,202.5,15,0
9,10,8,8,6,247.5,13,0
9,10,8,8,7,292.5,11,0
9,10,8,8,8,337.5,19,0
9,10,8,9,1,22.5,0,0
9,10,8,9,2,67.5,0,0
9,10,8,9,3,112.5,0,0
9,10,8,9,4,157.5,0,0
9,10,8,9,5,202.5,0,0
9,10,8,9,6,247.5,0,0
9,10,8,9,7,292.5,0,0
9,10,8,9,8,337.5,0,0
9,10,8,10,1,22.5,0,0
9,10,8,10,2,67.5,0,0
9,10,8,10,3,112.5,0,0
9,10,8,10,4,157.5,0,0
9,10,8,10,5,202.5,0,0
9,10,8,10,6,247.5,0,0
9,10,8,10,7,292.5,0,0
9,10,8,10,8,337.5,0,0
9,10,8,11,1,22.5,0,0
9,10,8,11,2,67.5,0,0
9,10,8,11,3,112.5,0,0
9,10,8,11,4,157.5,0,0
9,10,8,11,5,202.5,0,0
9,10,8,11,6,247.5,0,0
9,10,8,11,7,292.5,0,0
9,10,8,11,8,337.5,0,0
10,11,1,1,1,22.5,1.11532e+07,46.9979
10,11,1,1,2,67.5,1.11411e+07,124.08
10,11,1,1,3,112.5,1.11225e+07,126.556
10,11,1,1,4,157.5,1.11114e+07,92.8492
10,11,1,1,5,202.5,1.11082e+07,110.176
10,11,1,1,6,247.5,1.1124e+07,116.936
10,11,1,1,7,292.5,1.11315e+07,75.8583
10,11,1,1,8,337.5,1.11433e+07,37.249
10,11,1,2,1,22.5,4.57083e+06,21.4698
10,11,1,2,2,67.5,4.56585e+06,55.3746
10,11,1,2,3,112.5,4.54739e+06,67.6229
10,11,1,2,4,157.5,4.53562e+06,79.3751
10,11,1,2,5,202.5,4.53856e+06,56.3107
10,11,1,2,6,247.5,4.54661e+06,68.3379
10,11,1,2,7,292.5,4.56068e+06,65.9617
10,11,1,2,8,337.5,4.56871e+06,20.1726
10,11,1,3,1,22.5,2.23695e+06,23.1521
10,11,1,3,2,67.5,2.23128e+06,44.0694
10,11,1,3,3,112.5,2.22208e+06,37.1122
10,11,1,3,4,157.5,2.21568e+06,27.0564
10,11,1,3,5,202.5,2.21394e+06,23.5867
10,11,1,3,6,247.5,2.22194e+06,40.1141
10,11,1,3,7,292.5,2.23212e+06,45.9935
10,11,1,3,8,337.5,2.23143e+06,17.3805
10,11,1,4,1,22.5,1.20345e+06,14.3342
10,11,1,4,2,67.5,1.19863e+06,30.5739
10,11,1,4,3,112.5,1.19329e+06,21.0088
10,11,1,4,4,157.5,1.19238e+06,7.69196
10,11,1,4,5,202.5,1.19094e+06,9.12967
10,11,1,4,6,247.5,1.19718e+06,23.0313
10,11,1,4,7,292.5,1.19966e+06,29.6791
10,11,1,4,8,337.5,1.20428e+06,10.9789
10,11,1,5,1,22.5,1.0863e+06,9.30233
10,11,1,5,2,67.5,1.0833e+06,20.0055
10,11,1,5,3,112.5,1.07679e+06,12.598
10,11,1,5,4,157.5,1.07384e+06,0
10,11,1,5,5,202.5,1.07434e+06,0
10,11,1,5,6,247.5,1.0785e+06,13.9635
10,11,1,5,7,292.5,1.08285e+06,18.7914
10,11,1,5,8,337.5,1.09088e+06,9.57389
10,11,1,6,1,22.5,366746,0
10,11,1,6,2,67.5,364582,0
10,11,1,6,3,112.5,362391,0
10,11,1,6,4,157.5,360376,0
10,11,1,6,5,202.5,360407,0
10,11,1,6,6,247.5,363167,0
10,11,1,6,7,292.5,364801,0
10,11,1,6,8,337.5,367557,0
10,11,1,7,1,22.5,111853,0
10,11,1,7,2,67.5,110751,0
10,11,1,7,3,112.5,110161,0
10,11,1,7,4,157.5,109195,0
10,11,1,7,5,202.5,109834,0
10,11,1,7,6,247.5,109727,0
10,11,1,7,7,292.5,110651,0
10,11,1,7,8,337.5,112291,0
10,11,1,8,1,22.5,32136,0
10,11,1,8,2,67.5,31910,0
10,11,1,8,3,112.5,31475,0
10,11,1,8,4,157.5,31312,0
10,11,1,8,5,202.5,31448,0
10,11,1,8,6,247.5,31459,0
10,11,1,8,7,292.5,32416,0
10,11,1,8,8,337.5,32240,0
10,11,1,9,1,22.5,2528,0
10,11,1,9,2,67.5,2614,0
10,11,1,9,3,112.5,2522,0
10,11,1,9,4,157.5,2481,0
10,11,1,9,5,202.5,2514,0
10,11,1,9,6,247.5,2552,0
10,11,1,9,7,292.5,2582,0
10,11,1,9,8,337.5,2508,0
10,11,1,10,1,22.5,96,0
10,11,1,10,2,67.5,72,0
10,11,1,10,3,112.5,76,0
10,11,1,10,4,157.5,75,0
10,11,1,10,5,202.5,82,0
10,11,1,10,6,247.5,82,0
10,11,1,10,7,292.5,75,0
10,11,1,10,8,337.5,90,0
10,11,1,11,1,22.5,0,0
10,11,1,11,2,67.5,0,0
10,11,1,11,3,112.5,0,0
10,11,1,11,4,157.5,0,0
10,11,1,11,5,202.5,0,0
10,11,1,11,6,247.5,0,0
10,11,1,11,7,292.5,0,0
10,11,1,11,8,337.5,0,0
10,11,2,1,1,22.5,1.26725e+06,162.506
10,11,2,1,2,67.5,1.26623e+06,293.561
10,11,2,1,3,112.5,1.26347e+06,297.831
10,11,2,1,4,157.5,1.26137e+06,453.337
10,11,2,1,5,202.5,1.26132e+06,471.986
10,11,2,1,6,247.5,1.26532e+06,328.645
10,11,2,1,7,292.5,1.26532e+06,310.09
10,11,2,1,8,337.5,1.26855e+06,210.865
10,11,2,2,1,22.5,951370,73.631
10,11,2,2,2,67.5,952677,187.684
10,11,2,2,3,112.5,947127,217.47
10,11,2,2,4,157.5,945720,275.542
10,11,2,2,5,202.5,946704,215.163
10,11,2,2,6,247.5,948757,221.853
10,11,2,2,7,292.5,949936,166.088
10,11,2,2,8,337.5,953092,75.7044
10,11,2,3,1,22.5,704621,73.2522
10,11,2,3,2,67.5,701510,146.02
10,11,2,3,3,112.5,698660,147.25
10,11,2,3,4,157.5,697855,157.182
10,11,2,3,5,202.5,697040,129.293
10,11,2,3,6,247.5,696990,164.978
10,11,2,3,7,292.5,703796,155.452
10,11,2,3,8,337.5,703801,71.6507
10,11,2,4,1,22.5,514592,68.8702
10,11,2,4,2,67.5,512265,134.488
10,11,2,4,3,112.5,510418,108.616
10,11,2,4,4,157.5,508585,98.0667
10,11,2,4,5,202.5,507756,89.5178
10,11,2,4,6,247.5,509870,125.879
10,11,2,4,7,292.5,512779,131.983
10,11,2,4,8,337.5,514553,59.4137
10,11,2,5,1,22.5,656108,73.5725
10,11,2,5,2,67.5,653705,147.972
10,11,2,5,3,112.5,649712,104.12
10,11,2,5,4,157.5,648229,69.5506
10,11,2,5,5,202.5,648007,61.8653
10,11,2,5,6,247.5,652425,125.478
10,11,2,5,7,292.5,655660,138.431
10,11,2,5,8,337.5,657328,63.2233
10,11,2,6,1,22.5,369602,45.6709
10,11,2,6,2,67.5,367477,88.9142
10,11,2,6,3,112.5,365334,73.4135
10,11,2,6,4,157.5,362724,26.5989
10,11,2,6,5,202.5,363697,26.2592
10,11,2,6,6,247.5,365605,60.5895
10,11,2,6,7,292.5,367830,77.5511
10,11,2,6,8,337.5,369072,44.325
10,11,2,7,1,22.5,207446,26.9901
10,11,2,7,2,67.5,206744,42.3619
10,11,2,7,3,112.5,204594,25.9495
10,11,2,7,4,157.5,203430,8.64822
10,11,2,7,5,202.5,202568,9.49077
10,11,2,7,6,247.5,205612,29.3588
10,11,2,7,7,292.5,206613,39.3203
10,11,2,7,8,337.5,208428,24.9048
10,11,2,8,1,22.5,136018,14.3133
10,11,2,8,2,67.5,135264,20.5945
10,11,2,8,3,112.5,134138,11.7204
10,11,2,8,4,157.5,133157,0
10,11,2,8,5,202.5,132583,0
10,11,2,8,6,247.5,133612,12.1295
10,11,2,8,7,292.5,135005,17.3723
10,11,2,8,8,337.5,136253,12.59
10,11,2,9,1,22.5,37246,0
10,11,2,9,2,67.5,36535,0
10,11,2,9,3,112.5,36408,0
10,11,2,9,4,157.5,35810,0
10,11,2,9,5,202.5,36178,0
10,11,2,9,6,247.5,36529,0
10,11,2,9,7,292.5,37077,0
10,11,2,9,8,337.5,37290,0
10,11,2,10,1,22.5,7955,0
10,11,2,10,2,67.5,7887,0
10,11,2,10,3,112.5,7742,3.62397
10,11,2,10,4,157.5,7630,0
10,11,2,10,5,202.5,7661,0
10,11,2,10,6,247.5,7802,0
10,11,2,10,7,292.5,7860,0
10,11,2,10,8,337.5,7941,0
10,11,2,11,1,22.5,533,0
10,11,2,11,2,67.5,470,0
10,11,2,11,3,112.5,486,0
10,11,2,11,4,157.5,501,0
10,11,2,11,5,202.5,446,0
10,11,2,11,6,247.5,477,0
10,11,2,11,7,292.5,550,0
10,11,2,11,8,337.5,481,0
10,11,3,1,1,22.5,631389,178.843
10,11,3,1,2,67.5,630492,239.535
10,11,3,1,3,112.5,628711,317.586
10,11,3,1,4,157.5,628944,390.433
10,11,3,1,5,202.5,629893,345.191
10,11,3,1,6,247.5,629853,244.746
10,11,3,1,7,292.5,630891,209.104
10,11,3,1,8,337.5,632024,158.912
10,11,3,2,1,22.5,503871,85.2254
10,11,3,2,2,67.5,502958,148.98
10,11,3,2,3,112.5,499858,197.947
10,11,3,2,4,157.5,499767,284.652
10,11,3,2,5,202.5,500247,242.097
10,11,3,2,6,247.5,500721,205.21
10,11,3,2,7,292.5,501947,154.354
10,11,3,2,8,337.5,504221,75.3346
10,11,3,3,1,22.5,395831,45.8305
10,11,3,3,2,67.5,395090,125.8
10,11,3,3,3,112.5,392992,140.645
10,11,3,3,4,157.5,392031,214.366
10,11,3,3,5,202.5,392390,172.162
10,11,3,3,6,247.5,393135,150.537
10,11,3,3,7,292.5,395151,137.756
10,11,3,3,8,337.5,395975,46.0775
10,11,3,4,1,22.5,308411,44.2282
10,11,3,4,2,67.5,306275,126.799
10,11,3,4,3,112.5,304404,115.459
10,11,3,4,4,157.5,303991,161.086
10,11,3,4,5,202.5,303135,130.999
10,11,3,4,6,247.5,305063,138.98
10,11,3,4,7,292.5,306682,135.579
10,11,3,4,8,337.5,307975,52.7982
10,11,3,5,1,22.5,419654,72.4599
10,11,3,5,2,67.5,416875,175.995
10,11,3,5,3,112.5,414076,143.868
10,11,3,5,4,157.5,412185,161.37
10,11,3,5,5,202.5,409570,128.478
10,11,3,5,6,247.5,414478,169.67
10,11,3,5,7,292.5,416851,169.324
10,11,3,5,8,337.5,419326,67.3757
10,11,3,6,1,22.5,244491,57.1521
10,11,3,6,2,67.5,242999,136.997
10,11,3,6,3,112.5,241133,102.272
10,11,3,6,4,157.5,239532,86.7834
10,11,3,6,5,202.5,238983,71.8156
10,11,3,6,6,247.5,240509,121.371
10,11,3,6,7,292.5,244307,120.772
10,11,3,6,8,337.5,245351,53.9362
10,11,3,7,1,22.5,143161,45.8277
10,11,3,7,2,67.5,142368,97.9456
10,11,3,7,3,112.5,140334,69.9406
10,11,3,7,4,157.5,139498,48.1514
10,11,3,7,5,202.5,139801,40.0761
10,11,3,7,6,247.5,140537,81.5992
10,11,3,7,7,292.5,141739,84.8489
10,11,3,7,8,337.5,143325,47.4636
10,11,3,8,1,22.5,110275,43.5822
10,11,3,8,2,67.5,109538,74.2618
10,11,3,8,3,112.5,107819,51.2417
10,11,3,8,4,157.5,106416,35.068
10,11,3,8,5,202.5,106788,22.6341
10,11,3,8,6,247.5,107412,58.0047
10,11,3,8,7,292.5,109294,63.6512
10,11,3,8,8,337.5,109817,44.9158
10,11,3,9,1,22.5,44121,26.4527
10,11,3,9,2,67.5,43462,35.212
10,11,3,9,3,112.5,43304,25.9459
10,11,3,9,4,157.5,42358,0
10,11,3,9,5,202.5,42359,5.95989
10,11,3,9,6,247.5,42849,27.3441
10,11,3,9,7,292.5,43718,33.8265
10,11,3,9,8,337.5,43988,23.8029
10,11,3,10,1,22.5,16658,10.9089
10,11,3,10,2,67.5,16443,16.5862
10,11,3,10,3,112.5,16012,11.1905
10,11,3,10,4,157.5,15913,0
10,11,3,10,5,202.5,15695,0
10,11,3,10,6,247.5,16213,12.107
10,11,3,10,7,292.5,16586,15.1854
10,11,3,10,8,337.5,16783,12.2152
10,11,3,11,1,22.5,2851,0
10,11,3,11,2,67.5,2762,6.0087
10,11,3,11,3,112.5,2743,0
10,11,3,11,4,157.5,2574,0
10,11,3,11,5,202.5,2703,0
10,11,3,11,6,247.5,2653,0
10,11,3,11,7,292.5,2764,4.52178
10,11,3,11,8,337.5,2847,0
10,11,4,1,1,22.5,387149,127.954
10,11,4,1,2,67.5,386249,180.567
10,11,4,1,3,112.5,386120,245.93
10,11,4,1,4,157.5,384326,283.945
10,11,4,1,5,202.5,387070,247.006
10,11,4,1,6,247.5,386545,178.212
10,11,4,1,7,292.5,386025,127.173
10,11,4,1,8,337.5,387432,116.241
10,11,4,2,1,22.5,316251,66.1654
10,11,4,2,2,67.5,314772,100.837
10,11,4,2,3,112.5,312731,164.122
10,11,4,2,4,157.5,312444,235.797
10,11,4,2,5,202.5,312000,202.761
10,11,4,2,6,247.5,312981,125.717
10,11,4,2,7,292.5,314078,96.0245
10,11,4,2,8,337.5,314889,68.849
10,11,4,3,1,22.5,254400,46.1507
10,11,4,3,2,67.5,252925,76.7772
10,11,4,3,3,112.5,252195,121.857
10,11,4,3,4,157.5,251205,195.385
10,11,4,3,5,202.5,250000,158.061
10,11,4,3,6,247.5,252332,99.9584
10,11,4,3,7,292.5,253636,102.538
10,11,4,3,8,337.5,254072,44.4799
10,11,4,4,1,22.5,203006,30.2484
10,11,4,4,2,67.5,201798,80.7093
10,11,4,4,3,112.5,199684,100.803
10,11,4,4,4,157.5,199799,169.013
10,11,4,4,5,202.5,199508,134.516
10,11,4,4,6,247.5,199989,99.698
10,11,4,4,7,292.5,201915,112.406
10,11,4,4,8,337.5,203021,28.4134
10,11,4,5,1,22.5,285857,37.3957
10,11,4,5,2,67.5,284687,130.193
10,11,4,5,3,112.5,282661,118.438
10,11,4,5,4,157.5,280293,190.233
10,11,4,5,5,202.5,280589,148.556
10,11,4,5,6,247.5,282419,140.983
10,11,4,5,7,292.5,284646,158.626
10,11,4,5,8,337.5,287375,42.2783
10,11,4,6,1,22.5,174716,38.0735
10,11,4,6,2,67.5,173053,122.192
10,11,4,6,3,112.5,171340,94.0292
10,11,4,6,4,157.5,170630,125.954
10,11,4,6,5,202.5,169753,100.187
10,11,4,6,6,247.5,171677,121.45
10,11,4,6,7,292.5,173871,125.196
10,11,4,6,8,337.5,174736,35.8547
10,11,4,7,1,22.5,104434,29.9897
10,11,4,7,2,67.5,102782,101.469
10,11,4,7,3,112.5,102110,75.4658
10,11,4,7,4,157.5,100978,81.2493
10,11,4,7,5,202.5,100516,65.5455
10,11,4,7,6,247.5,101613,96.2212
10,11,4,7,7,292.5,103487,91.15
10,11,4,7,8,337.5,103937,27.9615
10,11,4,8,1,22.5,79609,29.102
10,11,4,8,2,67.5,79087,88.7596
10,11,4,8,3,112.5,77661,65.9208
10,11,4,8,4,157.5,77028,58.9677
10,11,4,8,5,202.5,76793,49.3316
10,11,4,8,6,247.5,77794,83.7349
10,11,4,8,7,292.5,79105,73.1425
10,11,4,8,8,337.5,79993,33.6011
10,11,4,9,1,22.5,32033,24.0394
10,11,4,9,2,67.5,31742,52.3944
10,11,4,9,3,112.5,30899,41.0579
10,11,4,9,4,157.5,30571,27.8989
10,11,4,9,5,202.5,30655,23.7231
10,11,4,9,6,247.5,31043,50.0254
10,11,4,9,7,292.5,31586,43.3369
10,11,4,9,8,337.5,31954,26.6597
10,11,4,10,1,22.5,12896,19.7125
10,11,4,10,2,67.5,12692,31.7946
10,11,4,10,3,112.5,12546,25.3462
10,11,4,10,4,157.5,12309,12.7285
10,11,4,10,5,202.5,12330,11.8019
10,11,4,10,6,247.5,12399,29.3467
10,11,4,10,7,292.5,12757,26.695
10,11,4,10,8,337.5,12741,19.5776
10,11,4,11,1,22.5,2793,10.9202
10,11,4,11,2,67.5,2699,13.5608
10,11,4,11,3,112.5,2544,11.1148
10,11,4,11,4,157.5,2528,0
10,11,4,11,5,202.5,2468,0
10,11,4,11,6,247.5,2656,13.9667
10,11,4,11,7,292.5,2657,13.3373
10,11,4,11,8,337.5,2713,10.4829
10,11,5,1,1,22.5,233632,127.253
10,11,5,1,2,67.5,235079,150.264
10,11,5,1,3,112.5,233166,186.918
10,11,5,1,4,157.5,232919,209.02
10,11,5,1,5,202.5,233669,184.087
10,11,5,1,6,247.5,233808,137.188
10,11,5,1,7,292.5,233829,98.5963
10,11,5,1,8,337.5,235071,98.2952
10,11,5,2,1,22.5,192313,56.1385
10,11,5,2,2,67.5,191666,81.3928
10,11,5,2,3,112.5,190341,142.524
10,11,5,2,4,157.5,190256,185.699
10,11,5,2,5,202.5,190580,165.642
10,11,5,2,6,247.5,191295,79.7846
10,11,5,2,7,292.5,191819,47.4406
10,11,5,2,8,337.5,192388,44.5804
10,11,5,3,1,22.5,156752,31.4534
10,11,5,3,2,67.5,155903,47.1295
10,11,5,3,3,112.5,154331,111.477
10,11,5,3,4,157.5,154123,173.517
10,11,5,3,5,202.5,154133,132
10,11,5,3,6,247.5,155703,65.1072
10,11,5,3,7,292.5,155360,59.7141
10,11,5,3,8,337.5,156458,30.1504
10,11,5,4,1,22.5,126458,23.3964
10,11,5,4,2,67.5,125653,39.5549
10,11,5,4,3,112.5,124406,88.8595
10,11,5,4,4,157.5,123747,146.526
10,11,5,4,5,202.5,124167,115.997
10,11,5,4,6,247.5,124561,64.6659
10,11,5,4,7,292.5,125743,74.8586
10,11,5,4,8,337.5,125952,23.1907
10,11,5,5,1,22.5,181107,24.4726
10,11,5,5,2,67.5,180548,75.8245
10,11,5,5,3,112.5,177774,99.5679
10,11,5,5,4,157.5,176769,171.059
10,11,5,5,5,202.5,176517,134.168
10,11,5,5,6,247.5,177509,96.1088
10,11,5,5,7,292.5,180794,117.056
10,11,5,5,8,337.5,181040,27.0044
10,11,5,6,1,22.5,112882,22.5582
10,11,5,6,2,67.5,111097,85.7113
10,11,5,6,3,112.5,109930,76.8747
10,11,5,6,4,157.5,108630,127.079
10,11,5,6,5,202.5,108579,98.494
10,11,5,6,6,247.5,110056,90.5774
10,11,5,6,7,292.5,110967,105.72
10,11,5,6,8,337.5,112236,22.4892
10,11,5,7,1,22.5,67410,18.749
10,11,5,7,2,67.5,66331,78.3252
10,11,5,7,3,112.5,64993,60.605
10,11,5,7,4,157.5,65101,89.5962
10,11,5,7,5,202.5,64334,70.1428
10,11,5,7,6,247.5,65121,76.1052
10,11,5,7,7,292.5,66499,83.562
10,11,5,7,8,337.5,66696,15.6857
10,11,5,8,1,22.5,49514,15.5756
10,11,5,8,2,67.5,49384,72.0215
10,11,5,8,3,112.5,48099,53.2775
10,11,5,8,4,157.5,47246,70.5365
10,11,5,8,5,202.5,47353,56.9559
10,11,5,8,6,247.5,48533,70.9739
10,11,5,8,7,292.5,48796,67.4649
10,11,5,8,8,337.5,49781,13.1592
10,11,5,9,1,22.5,18478,9.11784
10,11,5,9,2,67.5,18012,44.1958
10,11,5,9,3,112.5,17380,35.0747
10,11,5,9,4,157.5,17193,40.4595
10,11,5,9,5,202.5,17323,31.7741
10,11,5,9,6,247.5,17635,43.6295
10,11,5,9,7,292.5,18166,37.7357
10,11,5,9,8,337.5,18184,13.0239
10,11,5,10,1,22.5,6415,5.95036
10,11,5,10,2,67.5,6306,26.5672
10,11,5,10,3,112.5,6148,20.292
10,11,5,10,4,157.5,5896,23.1652
10,11,5,10,5,202.5,6059,18.6198
10,11,5,10,6,247.5,6075,28.074
10,11,5,10,7,292.5,6201,21.5999
10,11,5,10,8,337.5,6315,9.76862
10,11,5,11,1,22.5,1089,4.10793
10,11,5,11,2,67.5,1027,11.3004
10,11,5,11,3,112.5,1012,10.7117
10,11,5,11,4,157.5,1012,9.44974
10,11,5,11,5,202.5,1008,7.71813
10,11,5,11,6,247.5,1049,11.6352
10,11,5,11,7,292.5,1070,9.52394
10,11,5,11,8,337.5,1112,6.60738
10,11,6,1,1,22.5,119902,95.5933
10,11,6,1,2,67.5,120531,119.258
10,11,6,1,3,112.5,120010,136.055
10,11,6,1,4,157.5,119532,146.16
10,11,6,1,5,202.5,119075,129.229
10,11,6,1,6,247.5,120550,102.273
10,11,6,1,7,292.5,120429,79.8374
10,11,6,1,8,337.5,120847,88.7686
10,11,6,2,1,22.5,97054,53.6286
10,11,6,2,2,67.5,96735,73.3429
10,11,6,2,3,112.5,96445,109.83
10,11,6,2,4,157.5,95980,133.69
10,11,6,2,5,202.5,95625,109.537
10,11,6,2,6,247.5,96276,62.5242
10,11,6,2,7,292.5,97143,30.3293
10,11,6,2,8,337.5,97458,35.4911
10,11,6,3,1,22.5,77951,24.6964
10,11,6,3,2,67.5,77564,41.9197
10,11,6,3,3,112.5,77544,87.6955
10,11,6,3,4,157.5,76825,123.672
10,11,6,3,5,202.5,76199,96.5864
10,11,6,3,6,247.5,76980,46.0143
10,11,6,3,7,292.5,77947,27.2899
10,11,6,3,8,337.5,78337,15.8007
10,11,6,4,1,22.5,62410,12.9885
10,11,6,4,2,67.5,62165,23.3049
10,11,6,4,3,112.5,61056,70.8313
10,11,6,4,4,157.5,60504,105.51
10,11,6,4,5,202.5,60947,84.5285
10,11,6,4,6,247.5,61317,40.3091
10,11,6,4,7,292.5,61433,39.0374
10,11,6,4,8,337.5,62421,11.1599
10,11,6,5,1,22.5,86686,10.3506
10,11,6,5,2,67.5,86177,31.5298
10,11,6,5,3,112.5,84589,76.6974
10,11,6,5,4,157.5,84081,124.197
10,11,6,5,5,202.5,84030,99.4628
10,11,6,5,6,247.5,84530,57.5194
10,11,6,5,7,292.5,85379,68.5864
10,11,6,5,8,337.5,86791,16.5827
10,11,6,6,1,22.5,50327,11.062
10,11,6,6,2,67.5,50094,40.6196
10,11,6,6,3,112.5,49024,52.9707
10,11,6,6,4,157.5,48941,91.2901
10,11,6,6,5,202.5,49295,71.3639
10,11,6,6,6,247.5,49341,52.7141
10,11,6,6,7,292.5,50519,66.7469
10,11,6,6,8,337.5,50700,14.4417
10,11,6,7,1,22.5,26993,10.1327
10,11,6,7,2,67.5,26971,40.8104
10,11,6,7,3,112.5,26385,37.0406
10,11,6,7,4,157.5,25941,66.0719
10,11,6,7,5,202.5,26408,51.1504
10,11,6,7,6,247.5,26706,46.4768
10,11,6,7,7,292.5,26737,52.1133
10,11,6,7,8,337.5,27394,10.4015
10,11,6,8,1,22.5,17166,8.5225
10,11,6,8,2,67.5,17296,37.3967
10,11,6,8,3,112.5,16575,29.655
10,11,6,8,4,157.5,16641,51.6246
10,11,6,8,5,202.5,16237,39.5854
10,11,6,8,6,247.5,16404,39.6391
10,11,6,8,7,292.5,16913,42.2856
10,11,6,8,8,337.5,17408,5.44882
10,11,6,9,1,22.5,4906,0
10,11,6,9,2,67.5,4849,23.004
10,11,6,9,3,112.5,4759,16.8398
10,11,6,9,4,157.5,4478,25.6669
10,11,6,9,5,202.5,4536,20.1997
10,11,6,9,6,247.5,4615,22.3809
10,11,6,9,7,292.5,4803,21.0529
10,11,6,9,8,337.5,4731,0
10,11,6,10,1,22.5,1225,0
10,11,6,10,2,67.5,1181,11.9804
10,11,6,10,3,112.5,1124,8.24679
10,11,6,10,4,157.5,1107,12.0924
10,11,6,10,5,202.5,1149,9.61501
10,11,6,10,6,247.5,1099,10.8963
10,11,6,10,7,292.5,1116,9.78526
10,11,6,10,8,337.5,1114,0
10,11,6,11,1,22.5,62,0
10,11,6,11,2,67.5,71,0
10,11,6,11,3,112.5,90,0
10,11,6,11,4,157.5,60,0
10,11,6,11,5,202.5,82,0
10,11,6,11,6,247.5,91,0
10,11,6,11,7,292.5,98,0
10,11,6,11,8,337.5,74,0
10,11,7,1,1,22.5,37107,60.2535
10,11,7,1,2,67.5,36971,71.157
10,11,7,1,3,112.5,36589,75.8388
10,11,7,1,4,157.5,36942,82.5059
10,11,7,1,5,202.5,36812,73.6452
10,11,7,1,6,247.5,36808,59.2188
10,11,7,1,7,292.5,37152,50.6264
10,11,7,1,8,337.5,37139,52.2787
10,11,7,2,1,22.5,27949,35.319
10,11,7,2,2,67.5,27957,46.7779
10,11,7,2,3,112.5,27792,62.586
10,11,7,2,4,157.5,27576,74.1612
10,11,7,2,5,202.5,27709,61.8011
10,11,7,2,6,247.5,27585,38.1184
10,11,7,2,7,292.5,28002,20.3748
10,11,7,2,8,337.5,28284,25.5665
10,11,7,3,1,22.5,20436,19.178
10,11,7,3,2,67.5,20248,29.1865
10,11,7,3,3,112.5,20130,50.0105
10,11,7,3,4,157.5,19991,64.6251
10,11,7,3,5,202.5,19999,50.8568
10,11,7,3,6,247.5,20190,26.3146
10,11,7,3,7,292.5,20269,10.1338
10,11,7,3,8,337.5,20266,10.5546
10,11,7,4,1,22.5,14591,8.72431
10,11,7,4,2,67.5,14686,15.4685
10,11,7,4,3,112.5,14385,37.354
10,11,7,4,4,157.5,14321,52.4009
10,11,7,4,5,202.5,14179,40.8919
10,11,7,4,6,247.5,14367,20.2661
10,11,7,4,7,292.5,14429,13.0854
10,11,7,4,8,337.5,14396,0
10,11,7,5,1,22.5,16572,0
10,11,7,5,2,67.5,16532,13.6568
10,11,7,5,3,112.5,16411,39.003
10,11,7,5,4,157.5,16313,56.1532
10,11,7,5,5,202.5,16165,44.5208
10,11,7,5,6,247.5,16344,22.866
10,11,7,5,7,292.5,16863,24.1672
10,11,7,5,8,337.5,16774,5.4473
10,11,7,6,1,22.5,6877,0
10,11,7,6,2,67.5,6981,9.20372
10,11,7,6,3,112.5,6811,21.2491
10,11,7,6,4,157.5,6875,35.4576
10,11,7,6,5,202.5,6762,27.4394
10,11,7,6,6,247.5,6784,18.452
10,11,7,6,7,292.5,7077,21.0761
10,11,7,6,8,337.5,7170,0
10,11,7,7,1,22.5,2599,0
10,11,7,7,2,67.5,2620,6.30563
10,11,7,7,3,112.5,2505,11.6991
10,11,7,7,4,157.5,2558,21.603
10,11,7,7,5,202.5,2388,15.5295
10,11,7,7,6,247.5,2599,12.7623
10,11,7,7,7,292.5,2646,14.3969
10,11,7,7,8,337.5,2603,0
10,11,7,8,1,22.5,1036,0
10,11,7,8,2,67.5,965,5.3849
10,11,7,8,3,112.5,994,6.07459
10,11,7,8,4,157.5,859,12.0492
10,11,7,8,5,202.5,924,8.48228
10,11,7,8,6,247.5,960,7.87593
10,11,7,8,7,292.5,972,6.15564
10,11,7,8,8,337.5,972,0
10,11,7,9,1,22.5,113,0
10,11,7,9,2,67.5,115,0
10,11,7,9,3,112.5,88,0
10,11,7,9,4,157.5,104,0
10,11,7,9,5,202.5,107,0
10,11,7,9,6,247.5,90,0
10,11,7,9,7,292.5,94,0
10,11,7,9,8,337.5,118,0
10,11,7,10,1,22.5,4,0
10,11,7,10,2,67.5,1,0
10,11,7,10,3,112.5,3,0
10,11,7,10,4,157.5,6,0
10,11,7,10,5,202.5,1,0
10,11,7,10,6,247.5,6,0
10,11,7,10,7,292.5,1,0
10,11,7,10,8,337.5,0,0
10,11,7,11,1,22.5,0,0
10,11,7,11,2,67.5,0,0
10,11,7,11,3,112.5,0,0
10,11,7,11,4,157.5,0,0
10,11,7,11,5,202.5,0,0
10,11,7,11,6,247.5,0,0
10,11,7,11,7,292.5,0,0
10,11,7,11,8,337.5,0,0
10,11,8,1,1,22.5,979,7.74668
10,11,8,1,2,67.5,904,10.3587
10,11,8,1,3,112.5,969,12.5543
10,11,8,1,4,157.5,856,12.3615
10,11,8,1,5,202.5,976,8.47542
10,11,8,1,6,247.5,1037,7.6075
10,11,8,1,7,292.5,991,7.2322
10,11,8,1,8,337.5,953,6.99653
10,11,8,2,1,22.5,429,4.02768
10,11,8,2,2,67.5,434,4.76302
10,11,8,2,3,112.5,455,6.55862
10,11,8,2,4,157.5,460,9.58965
10,11,8,2,5,202.5,482,5.20433
10,11,8,2,6,247.5,478,0
10,11,8,2,7,292.5,392,0
10,11,8,2,8,337.5,459,0
10,11,8,3,1,22.5,196,0
10,11,8,3,2,67.5,197,0
10,11,8,3,3,112.5,207,0
10,11,8,3,4,157.5,211,0
10,11,8,3,5,202.5,205,0
10,11,8,3,6,247.5,162,0
10,11,8,3,7,292.5,203,0
10,11,8,3,8,337.5,212,0
10,11,8,4,1,22.5,70,0
10,11,8,4,2,67.5,74,0
10,11,8,4,3,112.5,62,0
10,11,8,4,4,157.5,74,0
10,11,8,4,5,202.5,79,0
10,11,8,4,6,247.5,64,0
10,11,8,4,7,292.5,77,0
10,11,8,4,8,337.5,77,0
10,11,8,5,1,22.5,19,0
10,11,8,5,2,67.5,21,0
10,11,8,5,3,112.5,26,0
10,11,8,5,4,157.5,30,4.02223
10,11,8,5,5,202.5,21,0
10,11,8,5,6,247.5,22,0
10,11,8,5,7,292.5,29,0
10,11,8,5,8,337.5,18,0
10,11,8,6,1,22.5,0,0
10,11,8,6,2,67.5,0,0
10,11,8,6,3,112.5,0,0
10,11,8,6,4,157.5,0,0
10,11,8,6,5,202.5,0,0
10,11,8,6,6,247.5,0,0
10,11,8,6,7,292.5,0,0
10,11,8,6,8,337.5,0,0
10,11,8,7,1,22.5,0,0
10,11,8,7,2,67.5,0,0
10,11,8,7,3,112.5,0,0
10,11,8,7,4,157.5,0,0
10,11,8,7,5,202.5,0,0
10,11,8,7,6,247.5,0,0
10,11,8,7,7,292.5,0,0
10,11,8,7,8,337.5,0,0
10,11,8,8,1,22.5,0,0
10,11,8,8,2,67.5,0,0
10,11,8,8,3,112.5,0,0
10,11,8,8,4,157.5,0,0
10,11,8,8,5,202.5,0,0
10,11,8,8,6,247.5,0,0
10,11,8,8,7,292.5,0,0
10,11,8,8,8,337.5,0,0
10,11,8,9,1,22.5,0,0
10,11,8,9,2,67.5,0,0
10,11,8,9,3,112.5,0,0
10,11,8,9,4,157.5,0,0
10,11,8,9,5,202.5,0,0
10,11,8,9,6,247.5,0,0
10,11,8,9,7,292.5,0,0
10,11,8,9,8,337.5,0,0
10,11,8,10,1,22.5,0,0
10,11,8,10,2,67.5,0,0
10,11,8,10,3,112.5,0,0
10,11,8,10,4,157.5,0,0
10,11,8,10,5,202.5,0,0
10,11,8,10,6,247.5,0,0
10,11,8,10,7,292.5,0,0
10,11,8,10,8,337.5,0,0
10,11,8,11,1,22.5,0,0
10,11,8,11,2,67.5,0,0
10,11,8,11,3,112.5,0,0
10,11,8,11,4,157.5,0,0
10,11,8,11,5,202.5,0,0
10,11,8,11,6,247.5,0,0
10,11,8,11,7,292.5,0,0
10,11,8,11,8,337.5,0,0
11,12,1,1,1,22.5,6.59771e+06,0
11,12,1,1,2,67.5,6.59595e+06,0
11,12,1,1,3,112.5,6.59385e+06,0
11,12,1,1,4,157.5,6.58445e+06,10.3036
11,12,1,1,5,202.5,6.58459e+06,0
11,12,1,1,6,247.5,6.5866e+06,4.05151
11,12,1,1,7,292.5,6.599e+06,0
11,12,1,1,8,337.5,6.59687e+06,0
11,12,1,2,1,22.5,2.42777e+06,0
11,12,1,2,2,67.5,2.42456e+06,0
11,12,1,2,3,112.5,2.42004e+06,5.7735
11,12,1,2,4,157.5,2.41587e+06,0
11,12,1,2,5,202.5,2.41621e+06,0
11,12,1,2,6,247.5,2.42233e+06,5.71639
11,12,1,2,7,292.5,2.42786e+06,0
11,12,1,2,8,337.5,2.43188e+06,0
11,12,1,3,1,22.5,1.14448e+06,0
11,12,1,3,2,67.5,1.14198e+06,4.2788
11,12,1,3,3,112.5,1.1379e+06,0
11,12,1,3,4,157.5,1.13456e+06,0
11,12,1,3,5,202.5,1.13193e+06,0
11,12,1,3,6,247.5,1.13642e+06,0
11,12,1,3,7,292.5,1.14076e+06,0
11,12,1,3,8,337.5,1.142e+06,0
11,12,1,4,1,22.5,588403,0
11,12,1,4,2,67.5,586766,0
11,12,1,4,3,112.5,586610,0
11,12,1,4,4,157.5,581792,0
11,12,1,4,5,202.5,582439,0
11,12,1,4,6,247.5,585098,0
11,12,1,4,7,292.5,587083,0
11,12,1,4,8,337.5,587428,0
11,12,1,5,1,22.5,459014,0
11,12,1,5,2,67.5,458162,0
11,12,1,5,3,112.5,456246,0
11,12,1,5,4,157.5,454159,0
11,12,1,5,5,202.5,453861,0
11,12,1,5,6,247.5,455654,0
11,12,1,5,7,292.5,457519,0
11,12,1,5,8,337.5,460121,0
11,12,1,6,1,22.5,99568,0
11,12,1,6,2,67.5,98713,0
11,12,1,6,3,112.5,97784,0
11,12,1,6,4,157.5,97317,0
11,12,1,6,5,202.5,97293,0
11,12,1,6,6,247.5,97276,0
11,12,1,6,7,292.5,99350,0
11,12,1,6,8,337.5,99730,0
11,12,1,7,1,22.5,13591,0
11,12,1,7,2,67.5,13532,0
11,12,1,7,3,112.5,13305,0
11,12,1,7,4,157.5,13361,0
11,12,1,7,5,202.5,13159,0
11,12,1,7,6,247.5,13509,0
11,12,1,7,7,292.5,13148,0
11,12,1,7,8,337.5,13668,0
11,12,1,8,1,22.5,958,0
11,12,1,8,2,67.5,979,0
11,12,1,8,3,112.5,937,0
11,12,1,8,4,157.5,918,0
11,12,1,8,5,202.5,930,0
11,12,1,8,6,247.5,880,0
11,12,1,8,7,292.5,950,0
11,12,1,8,8,337.5,939,0
11,12,1,9,1,22.5,0,0
11,12,1,9,2,67.5,0,0
11,12,1,9,3,112.5,0,0
11,12,1,9,4,157.5,0,0
11,12,1,9,5,202.5,0,0
11,12,1,9,6,247.5,0,0
11,12,1,9,7,292.5,0,0
11,12,1,9,8,337.5,0,0
11,12,1,10,1,22.5,0,0
11,12,1,10,2,67.5,0,0
11,12,1,10,3,112.5,0,0
11,12,1,10,4,157.5,0,0
11,12,1,10,5,202.5,0,0
11,12,1,10,6,247.5,0,0
11,12,1,10,7,292.5,0,0
11,12,1,10,8,337.5,0,0
11,12,1,11,1,22.5,0,0
11,12,1,11,2,67.5,0,0
11,12,1,11,3,112.5,0,0
11,12,1,11,4,157.5,0,0
11,12,1,11,5,202.5,0,0
11,12,1,11,6,247.5,0,0
11,12,1,11,7,292.5,0,0
11,12,1,11,8,337.5,0,0
11,12,2,1,1,22.5,876683,117.462
11,12,2,1,2,67.5,874953,176.266
11,12,2,1,3,112.5,873928,192.055
11,12,2,1,4,157.5,871925,257.111
11,12,2,1,5,202.5,871506,244.529
11,12,2,1,6,247.5,873522,243.199
11,12,2,1,7,292.5,873264,198.329
11,12,2,1,8,337.5,875670,153.986
11,12,2,2,1,22.5,639207,58.8805
11,12,2,2,2,67.5,638333,107.206
11,12,2,2,3,112.5,636745,111.328
11,12,2,2,4,157.5,635118,112.272
11,12,2,2,5,202.5,635147,96.9125
11,12,2,2,6,247.5,635906,114.301
11,12,2,2,7,292.5,638485,92.3784
11,12,2,2,8,337.5,641129,51.7202
11,12,2,3,1,22.5,461684,40.6062
11,12,2,3,2,67.5,461314,76.5472
11,12,2,3,3,112.5,459548,64.0283
11,12,2,3,4,157.5,459198,42.8007
11,12,2,3,5,202.5,459103,37.2844
11,12,2,3,6,247.5,460617,67.6238
11,12,2,3,7,292.5,461080,85.1627
11,12,2,3,8,337.5,462899,40.842
11,12,2,4,1,22.5,335275,39.7455
11,12,2,4,2,67.5,334123,70.1197
11,12,2,4,3,112.5,332346,42.8535
11,12,2,4,4,157.5,331248,16.0563
11,12,2,4,5,202.5,330596,15.1399
11,12,2,4,6,247.5,334127,60.9825
11,12,2,4,7,292.5,334355,72.2434
11,12,2,4,8,337.5,333842,35.882
11,12,2,5,1,22.5,420367,37.673
11,12,2,5,2,67.5,417094,71.2232
11,12,2,5,3,112.5,417466,31.6994
11,12,2,5,4,157.5,414167,5.55282
11,12,2,5,5,202.5,414034,5.74482
11,12,2,5,6,247.5,416602,37.342
11,12,2,5,7,292.5,418402,66.8454
11,12,2,5,8,337.5,419880,32.3432
11,12,2,6,1,22.5,206955,17.4601
11,12,2,6,2,67.5,207115,32.4972
11,12,2,6,3,112.5,204821,10.2725
11,12,2,6,4,157.5,203582,0
11,12,2,6,5,202.5,203437,0
11,12,2,6,6,247.5,205020,11.147
11,12,2,6,7,292.5,206365,30.3422
11,12,2,6,8,337.5,207340,15.7743
11,12,2,7,1,22.5,80393,0
11,12,2,7,2,67.5,80658,9.28542
11,12,2,7,3,112.5,79132,0
11,12,2,7,4,157.5,78848,0
11,12,2,7,5,202.5,78481,0
11,12,2,7,6,247.5,79815,0
11,12,2,7,7,292.5,80288,10.5819
11,12,2,7,8,337.5,81198,5.88965
11,12,2,8,1,22.5,26115,0
11,12,2,8,2,67.5,25343,0
11,12,2,8,3,112.5,25348,0
11,12,2,8,4,157.5,24922,0
11,12,2,8,5,202.5,25384,0
11,12,2,8,6,247.5,25364,0
11,12,2,8,7,292.5,25662,0
11,12,2,8,8,337.5,25806,0
11,12,2,9,1,22.5,1863,0
11,12,2,9,2,67.5,1851,0
11,12,2,9,3,112.5,1799,0
11,12,2,9,4,157.5,1807,0
11,12,2,9,5,202.5,1786,0
11,12,2,9,6,247.5,1769,0
11,12,2,9,7,292.5,1789,0
11,12,2,9,8,337.5,1813,0
11,12,2,10,1,22.5,24,0
11,12,2,10,2,67.5,27,0
11,12,2,10,3,112.5,20,0
11,12,2,10,4,157.5,21,0
11,12,2,10,5,202.5,20,0
11,12,2,10,6,247.5,24,0
11,12,2,10,7,292.5,19,0
11,12,2,10,8,337.5,22,0
11,12,2,11,1,22.5,0,0
11,12,2,11,2,67.5,0,0
11,12,2,11,3,112.5,0,0
11,12,2,11,4,157.5,0,0
11,12,2,11,5,202.5,0,0
11,12,2,11,6,247.5,0,0
11,12,2,11,7,292.5,0,0
11,12,2,11,8,337.5,0,0
11,12,3,1,1,22.5,463389,140.41
11,12,3,1,2,67.5,462277,180.153
11,12,3,1,3,112.5,461353,265.847
11,12,3,1,4,157.5,461131,298.956
11,12,3,1,5,202.5,461253,266.083
11,12,3,1,6,247.5,461784,189.75
11,12,3,1,7,292.5,462706,185.401
11,12,3,1,8,337.5,464477,159.345
11,12,3,2,1,22.5,364486,83.5326
11,12,3,2,2,67.5,365014,124.117
11,12,3,2,3,112.5,364117,142.132
11,12,3,2,4,157.5,362834,182.081
11,12,3,2,5,202.5,362289,158.446
11,12,3,2,6,247.5,363415,127.343
11,12,3,2,7,292.5,365091,123.097
11,12,3,2,8,337.5,366171,79.2625
11,12,3,3,1,22.5,283696,48.3231
11,12,3,3,2,67.5,282658,97.1775
11,12,3,3,3,112.5,281655,102.119
11,12,3,3,4,157.5,280513,110.503
11,12,3,3,5,202.5,280401,91.3982
11,12,3,3,6,247.5,280950,101.2
11,12,3,3,7,292.5,281925,111.132
11,12,3,3,8,337.5,283613,43.587
11,12,3,4,1,22.5,216577,37.5735
11,12,3,4,2,67.5,215268,94.2978
11,12,3,4,3,112.5,215231,75.2575
11,12,3,4,4,157.5,213526,71.5722
11,12,3,4,5,202.5,214239,67.4781
11,12,3,4,6,247.5,214450,82.1731
11,12,3,4,7,292.5,215522,104.904
11,12,3,4,8,337.5,216823,43.6146
11,12,3,5,1,22.5,282747,56.2613
11,12,3,5,2,67.5,281067,123.071
11,12,3,5,3,112.5,279400,76.9962
11,12,3,5,4,157.5,278198,48.1886
11,12,3,5,5,202.5,277821,41.0639
11,12,3,5,6,247.5,280358,90.4371
11,12,3,5,7,292.5,280804,124.793
11,12,3,5,8,337.5,283024,57.3055
11,12,3,6,1,22.5,149075,41.2213
11,12,3,6,2,67.5,148015,87.8871
11,12,3,6,3,112.5,147005,45.0263
11,12,3,6,4,157.5,146296,13.6784
11,12,3,6,5,202.5,146077,12.9701
11,12,3,6,6,247.5,146164,54.5366
11,12,3,6,7,292.5,147950,79.8551
11,12,3,6,8,337.5,149262,37.534
11,12,3,7,1,22.5,72997,26.2186
11,12,3,7,2,67.5,72478,53.2917
11,12,3,7,3,112.5,71520,22.8285
11,12,3,7,4,157.5,70859,0
11,12,3,7,5,202.5,71215,0
11,12,3,7,6,247.5,71684,26.0599
11,12,3,7,7,292.5,72365,47.4639
11,12,3,7,8,337.5,72463,26.1161
11,12,3,8,1,22.5,36255,17.3126
11,12,3,8,2,67.5,36105,32.5861
11,12,3,8,3,112.5,35511,12.2624
11,12,3,8,4,157.5,35550,0
11,12,3,8,5,202.5,35325,0
11,12,3,8,6,247.5,35589,13.4049
11,12,3,8,7,292.5,36024,26.9041
11,12,3,8,8,337.5,36446,18.6147
11,12,3,9,1,22.5,6109,5.15017
11,12,3,9,2,67.5,5948,8.62743
11,12,3,9,3,112.5,5741,0
11,12,3,9,4,157.5,5896,0
11,12,3,9,5,202.5,5710,0
11,12,3,9,6,247.5,5789,0
11,12,3,9,7,292.5,5859,8.05954
11,12,3,9,8,337.5,5776,7.90614
11,12,3,10,1,22.5,482,0
11,12,3,10,2,67.5,460,0
11,12,3,10,3,112.5,419,0
11,12,3,10,4,157.5,438,0
11,12,3,10,5,202.5,448,0
11,12,3,10,6,247.5,441,0
11,12,3,10,7,292.5,413,0
11,12,3,10,8,337.5,461,0
11,12,3,11,1,22.5,0,0
11,12,3,11,2,67.5,0,0
11,12,3,11,3,112.5,0,0
11,12,3,11,4,157.5,0,0
11,12,3,11,5,202.5,0,0
11,12,3,11,6,247.5,0,0
11,12,3,11,7,292.5,0,0
11,12,3,11,8,337.5,0,0
11,12,4,1,1,22.5,295166,155.111
11,12,4,1,2,67.5,295695,174.068
11,12,4,1,3,112.5,294535,210.374
11,12,4,1,4,157.5,294781,242.911
11,12,4,1,5,202.5,294802,233.105
11,12,4,1,6,247.5,295369,169.831
11,12,4,1,7,292.5,294549,132.084
11,12,4,1,8,337.5,296142,138.085
11,12,4,2,1,22.5,238432,75.7589
11,12,4,2,2,67.5,237228,91.3601
11,12,4,2,3,112.5,236958,138.053
11,12,4,2,4,157.5,236162,173.317
11,12,4,2,5,202.5,237124,154.208
11,12,4,2,6,247.5,236893,94.7507
11,12,4,2,7,292.5,237277,87.2255
11,12,4,2,8,337.5,238392,75.6805
11,12,4,3,1,22.5,188079,55.1303
11,12,4,3,2,67.5,187726,73.1914
11,12,4,3,3,112.5,186147,102.479
11,12,4,3,4,157.5,186517,133.198
11,12,4,3,5,202.5,185449,114.791
11,12,4,3,6,247.5,187184,81.518
11,12,4,3,7,292.5,187595,87.2369
11,12,4,3,8,337.5,188228,53.4026
11,12,4,4,1,22.5,145084,36.3154
11,12,4,4,2,67.5,144377,69.6311
11,12,4,4,3,112.5,143588,77.3429
11,12,4,4,4,157.5,142792,102.863
11,12,4,4,5,202.5,142630,82.9712
11,12,4,4,6,247.5,143736,74.8475
11,12,4,4,7,292.5,143760,92.2674
11,12,4,4,8,337.5,144787,33.6318
11,12,4,5,1,22.5,190674,36.7814
11,12,4,5,2,67.5,189415,103.154
11,12,4,5,3,112.5,187014,83.5501
11,12,4,5,4,157.5,186499,89.8557
11,12,4,5,5,202.5,186716,75.4145
11,12,4,5,6,247.5,187915,95.211
11,12,4,5,7,292.5,189833,125.194
11,12,4,5,8,337.5,190403,41.3452
11,12,4,6,1,22.5,101538,32.9042
11,12,4,6,2,67.5,100434,90.6975
11,12,4,6,3,112.5,99853,56.4472
11,12,4,6,4,157.5,98845,45.2705
11,12,4,6,5,202.5,99009,38.4774
11,12,4,6,6,247.5,99611,69.9662
11,12,4,6,7,292.5,100379,93.1705
11,12,4,6,8,337.5,101199,32.795
11,12,4,7,1,22.5,48867,23.583
11,12,4,7,2,67.5,48617,64.7197
11,12,4,7,3,112.5,48333,36.5296
11,12,4,7,4,157.5,47408,20.087
11,12,4,7,5,202.5,47749,16.6192
11,12,4,7,6,247.5,48462,45.8663
11,12,4,7,7,292.5,48869,60.429
11,12,4,7,8,337.5,48812,21.3887
11,12,4,8,1,22.5,25040,15.7619
11,12,4,8,2,67.5,24984,46.0834
11,12,4,8,3,112.5,24405,24.6502
11,12,4,8,4,157.5,24180,7.73143
11,12,4,8,5,202.5,24015,8.62698
11,12,4,8,6,247.5,24360,31.4792
11,12,4,8,7,292.5,24865,39.3579
11,12,4,8,8,337.5,24975,16.3263
11,12,4,9,1,22.5,4519,8.61957
11,12,4,9,2,67.5,4406,19.3666
11,12,4,9,3,112.5,4273,10.0932
11,12,4,9,4,157.5,4351,0
11,12,4,9,5,202.5,4249,0
11,12,4,9,6,247.5,4370,12.2142
11,12,4,9,7,292.5,4399,15.9168
11,12,4,9,8,337.5,4527,8.94481
11,12,4,10,1,22.5,445,0
11,12,4,10,2,67.5,406,6.09798
11,12,4,10,3,112.5,433,3.33703
11,12,4,10,4,157.5,371,0
11,12,4,10,5,202.5,397,0
11,12,4,10,6,247.5,477,0
11,12,4,10,7,292.5,368,4.3308
11,12,4,10,8,337.5,438,0
11,12,4,11,1,22.5,0,0
11,12,4,11,2,67.5,0,0
11,12,4,11,3,112.5,0,0
11,12,4,11,4,157.5,0,0
11,12,4,11,5,202.5,0,0
11,12,4,11,6,247.5,0,0
11,12,4,11,7,292.5,0,0
11,12,4,11,8,337.5,0,0
11,12,5,1,1,22.5,175288,130.615
11,12,5,1,2,67.5,175390,133.514
11,12,5,1,3,112.5,175007,164.685
11,12,5,1,4,157.5,174888,178.276
11,12,5,1,5,202.5,174424,161.873
11,12,5,1,6,247.5,175347,121.578
11,12,5,1,7,292.5,175395,98.7616
11,12,5,1,8,337.5,175544,114.821
11,12,5,2,1,22.5,136885,65.466
11,12,5,2,2,67.5,136309,78.8808
11,12,5,2,3,112.5,135897,120.853
11,12,5,2,4,157.5,135478,148.455
11,12,5,2,5,202.5,135344,123.819
11,12,5,2,6,247.5,135599,73.9408
11,12,5,2,7,292.5,136237,52.2192
11,12,5,2,8,337.5,137142,53.3347
11,12,5,3,1,22.5,105642,38.1459
11,12,5,3,2,67.5,105099,48.9824
11,12,5,3,3,112.5,104307,89.905
11,12,5,3,4,157.5,103632,124.972
11,12,5,3,5,202.5,104389,102.531
11,12,5,3,6,247.5,104217,59.5638
11,12,5,3,7,292.5,105435,52.005
11,12,5,3,8,337.5,104976,38.0872
11,12,5,4,1,22.5,79668,27.9542
11,12,5,4,2,67.5,79477,38.9765
11,12,5,4,3,112.5,79020,69.6605
11,12,5,4,4,157.5,78166,96.9791
11,12,5,4,5,202.5,78392,83.3098
11,12,5,4,6,247.5,79150,52.7252
11,12,5,4,7,292.5,79756,59.6779
11,12,5,4,8,337.5,80196,28.9212
11,12,5,5,1,22.5,103502,28.04
11,12,5,5,2,67.5,103126,58.2081
11,12,5,5,3,112.5,102228,72.1689
11,12,5,5,4,157.5,101630,102.775
11,12,5,5,5,202.5,101336,83.4099
11,12,5,5,6,247.5,102186,67.7155
11,12,5,5,7,292.5,102758,87.6213
11,12,5,5,8,337.5,103735,30.2239
11,12,5,6,1,22.5,51779,18.8816
11,12,5,6,2,67.5,51591,56.397
11,12,5,6,3,112.5,51318,47.9255
11,12,5,6,4,157.5,50664,59.9312
11,12,5,6,5,202.5,51013,49.5603
11,12,5,6,6,247.5,50830,54.6891
11,12,5,6,7,292.5,52119,72.2744
11,12,5,6,8,337.5,52410,20.0165
11,12,5,7,1,22.5,22194,13.0726
11,12,5,7,2,67.5,21746,41.9909
11,12,5,7,3,112.5,21733,30.7896
11,12,5,7,4,157.5,21285,32.0694
11,12,5,7,5,202.5,21446,27.4254
11,12,5,7,6,247.5,21878,37.7744
11,12,5,7,7,292.5,22260,47.9625
11,12,5,7,8,337.5,22206,12.2113
11,12,5,8,1,22.5,9399,8.8463
11,12,5,8,2,67.5,9297,31.9696
11,12,5,8,3,112.5,8928,21.8811
11,12,5,8,4,157.5,9071,18.3713
11,12,5,8,5,202.5,8908,16.1853
11,12,5,8,6,247.5,9030,27.429
11,12,5,8,7,292.5,9161,29.3443
11,12,5,8,8,337.5,9287,7.53825
11,12,5,9,1,22.5,1227,0
11,12,5,9,2,67.5,1148,13.1758
11,12,5,9,3,112.5,1177,8.37511
11,12,5,9,4,157.5,1128,5.578
11,12,5,9,5,202.5,1133,4.35366
11,12,5,9,6,247.5,1198,10.8355
11,12,5,9,7,292.5,1229,10.4358
11,12,5,9,8,337.5,1182,0
11,12,5,10,1,22.5,70,0
11,12,5,10,2,67.5,45,0
11,12,5,10,3,112.5,54,0
11,12,5,10,4,157.5,42,0
11,12,5,10,5,202.5,49,0
11,12,5,10,6,247.5,48,0
11,12,5,10,7,292.5,48,0
11,12,5,10,8,337.5,53,0
11,12,5,11,1,22.5,0,0
11,12,5,11,2,67.5,0,0
11,12,5,11,3,112.5,0,0
11,12,5,11,4,157.5,0,0
11,12,5,11,5,202.5,0,0
11,12,5,11,6,247.5,0,0
11,12,5,11,7,292.5,0,0
11,12,5,11,8,337.5,0,0
11,12,6,1,1,22.5,73372,98.4497
11,12,6,1,2,67.5,73464,99.292
11,12,6,1,3,112.5,73201,109.689
11,12,6,1,4,157.5,73419,115.156
11,12,6,1,5,202.5,73715,109.771
11,12,6,1,6,247.5,72832,85.7565
11,12,6,1,7,292.5,72875,74.8355
11,12,6,1,8,337.5,73899,83.3868
11,12,6,2,1,22.5,56096,59.0595
11,12,6,2,2,67.5,55096,61.8998
11,12,6,2,3,112.5,55146,82.296
11,12,6,2,4,157.5,54594,97.7987
11,12,6,2,5,202.5,54533,83.5538
11,12,6,2,6,247.5,54941,54.7826
11,12,6,2,7,292.5,55238,33.9218
11,12,6,2,8,337.5,55125,41.0127
11,12,6,3,1,22.5,40520,31.3765
11,12,6,3,2,67.5,40447,37.8454
11,12,6,3,3,112.5,39490,63.1112
11,12,6,3,4,157.5,39663,80.9612
11,12,6,3,5,202.5,39433,67.3548
11,12,6,3,6,247.5,39880,38.8334
11,12,6,3,7,292.5,40373,20.5621
11,12,6,3,8,337.5,40327,20.7657
11,12,6,4,1,22.5,27820,16.0566
11,12,6,4,2,67.5,28155,20.969
11,12,6,4,3,112.5,27434,48.4019
11,12,6,4,4,157.5,27617,65.4333
11,12,6,4,5,202.5,27578,55.3729
11,12,6,4,6,247.5,27395,29.0642
11,12,6,4,7,292.5,27563,24.69
11,12,6,4,8,337.5,27815,13.386
11,12,6,5,1,22.5,30053,9.72286
11,12,6,5,2,67.5,30227,19.546
11,12,6,5,3,112.5,29570,47.1355
11,12,6,5,4,157.5,29522,68.449
11,12,6,5,5,202.5,29402,56.8524
11,12,6,5,6,247.5,29737,33.5228
11,12,6,5,7,292.5,29746,39.4322
11,12,6,5,8,337.5,29806,11.6651
11,12,6,6,1,22.5,10802,4.61418
11,12,6,6,2,67.5,10665,19.5845
11,12,6,6,3,112.5,10437,24.5144
11,12,6,6,4,157.5,10324,39.5354
11,12,6,6,5,202.5,10168,30.5525
11,12,6,6,6,247.5,10527,23.1894
11,12,6,6,7,292.5,10829,31.6782
11,12,6,6,8,337.5,10612,8.81451
11,12,6,7,1,22.5,3073,0
11,12,6,7,2,67.5,2940,10.1479
11,12,6,7,3,112.5,2927,11.3659
11,12,6,7,4,157.5,2881,19.7925
11,12,6,7,5,202.5,2859,16.0426
11,12,6,7,6,247.5,2906,14.6749
11,12,6,7,7,292.5,2964,18.0754
11,12,6,7,8,337.5,2988,0
11,12,6,8,1,22.5,731,0
11,12,6,8,2,67.5,655,4.40738
11,12,6,8,3,112.5,628,4.0441
11,12,6,8,4,157.5,582,9.05559
11,12,6,8,5,202.5,710,0
11,12,6,8,6,247.5,669,8.81281
11,12,6,8,7,292.5,659,11.0698
11,12,6,8,8,337.5,710,0
11,12,6,9,1,22.5,15,0
11,12,6,9,2,67.5,14,0
11,12,6,9,3,112.5,8,0
11,12,6,9,4,157.5,13,0
11,12,6,9,5,202.5,16,0
11,12,6,9,6,247.5,20,0
11,12,6,9,7,292.5,13,0
11,12,6,9,8,337.5,12,0
11,12,6,10,1,22.5,0,0
11,12,6,10,2,67.5,0,0
11,12,6,10,3,112.5,0,0
11,12,6,10,4,157.5,0,0
11,12,6,10,5,202.5,0,0
11,12,6,10,6,247.5,0,0
11,12,6,10,7,292.5,0,0
11,12,6,10,8,337.5,0,0
11,12,6,11,1,22.5,0,0
11,12,6,11,2,67.5,0,0
11,12,6,11,3,112.5,0,0
11,12,6,11,4,157.5,0,0
11,12,6,11,5,202.5,0,0
11,12,6,11,6,247.5,0,0
11,12,6,11,7,292.5,0,0
11,12,6,11,8,337.5,0,0
11,12,7,1,1,22.5,9700,36.0831
11,12,7,1,2,67.5,9752,41.1367
11,12,7,1,3,112.5,9672,44.5054
11,12,7,1,4,157.5,9513,45.0513
11,12,7,1,5,202.5,9694,40.7215
11,12,7,1,6,247.5,9653,32.47
11,12,7,1,7,292.5,9824,29.6114
11,12,7,1,8,337.5,9808,30.1634
11,12,7,2,1,22.5,5437,19.3546
11,12,7,2,2,67.5,5215,23.9709
11,12,7,2,3,112.5,5238,28.6409
11,12,7,2,4,157.5,5233,33.4568
11,12,7,2,5,202.5,5181,28.6412
11,12,7,2,6,247.5,5278,17.3126
11,12,7,2,7,292.5,5347,12.4007
11,12,7,2,8,337.5,5323,13.5863
11,12,7,3,1,22.5,2758,8.02567
11,12,7,3,2,67.5,2747,13.5632
11,12,7,3,3,112.5,2697,16.6241
11,12,7,3,4,157.5,2591,23.8101
11,12,7,3,5,202.5,2731,18.5343
11,12,7,3,6,247.5,2641,8.54384
11,12,7,3,7,292.5,2583,3.51944
11,12,7,3,8,337.5,2706,4.68067
11,12,7,4,1,22.5,1255,0
11,12,7,4,2,67.5,1231,5.23307
11,12,7,4,3,112.5,1241,10.2051
11,12,7,4,4,157.5,1266,15.5502
11,12,7,4,5,202.5,1234,9.61777
11,12,7,4,6,247.5,1281,4.83857
11,12,7,4,7,292.5,1285,0
11,12,7,4,8,337.5,1268,0
11,12,7,5,1,22.5,752,0
11,12,7,5,2,67.5,741,0
11,12,7,5,3,112.5,765,7.16579
11,12,7,5,4,157.5,737,13.8253
11,12,7,5,5,202.5,702,9.79899
11,12,7,5,6,247.5,740,4.28548
11,12,7,5,7,292.5,739,3.66445
11,12,7,5,8,337.5,813,0
11,12,7,6,1,22.5,67,0
11,12,7,6,2,67.5,60,0
11,12,7,6,3,112.5,68,0
11,12,7,6,4,157.5,71,3.49655
11,12,7,6,5,202.5,59,0
11,12,7,6,6,247.5,64,0
11,12,7,6,7,292.5,61,0
11,12,7,6,8,337.5,59,0
11,12,7,7,1,22.5,1,0
11,12,7,7,2,67.5,0,0
11,12,7,7,3,112.5,0,0
11,12,7,7,4,157.5,0,0
11,12,7,7,5,202.5,0,0
11,12,7,7,6,247.5,1,0
11,12,7,7,7,292.5,0,0
11,12,7,7,8,337.5,1,0
11,12,7,8,1,22.5,0,0
11,12,7,8,2,67.5,0,0
11,12,7,8,3,112.5,0,0
11,12,7,8,4,157.5,0,0
11,12,7,8,5,202.5,0,0
11,12,7,8,6,247.5,0,0
11,12,7,8,7,292.5,0,0
11,12,7,8,8,337.5,0,0
11,12,7,9,1,22.5,0,0
11,12,7,9,2,67.5,0,0
11,12,7,9,3,112.5,0,0
11,12,7,9,4,157.5,0,0
11,12,7,9,5,202.5,0,0
11,12,7,9,6,247.5,0,0
11,12,7,9,7,292.5,0,0
11,12,7,9,8,337.5,0,0
11,12,7,10,1,22.5,0,0
11,12,7,10,2,67.5,0,0
11,12,7,10,3,112.5,0,0
11,12,7,10,4,157.5,0,0
11,12,7,10,5,202.5,0,0
11,12,7,10,6,247.5,0,0
11,12,7,10,7,292.5,0,0
11,12,7,10,8,337.5,0,0
11,12,7,11,1,22.5,0,0
11,12,7,11,2,67.5,0,0
11,12,7,11,3,112.5,0,0
11,12,7,11,4,157.5,0,0
11,12,7,11,5,202.5,0,0
11,12,7,11,6,247.5,0,0
11,12,7,11,7,292.5,0,0
11,12,7,11,8,337.5,0,0
11,12,8,1,1,22.5,0,0
11,12,8,1,2,67.5,0,0
11,12,8,1,3,112.5,0,0
11,12,8,1,4,157.5,9.4544,3.65221
11,12,8,1,5,202.5,0,0
11,12,8,1,6,247.5,0,0
11,12,8,1,7,292.5,10.1324,3.7384
11,12,8,1,8,337.5,0,0
11,12,8,2,1,22.5,0,0
11,12,8,2,2,67.5,9.94445,3.3982
11,12,8,2,3,112.5,0,0
11,12,8,2,4,157.5,9.75573,3.39689
11,12,8,2,5,202.5,0,0
11,12,8,2,6,247.5,0,0
11,12,8,2,7,292.5,0,0
11,12,8,2,8,337.5,0,0
11,12,8,3,1,22.5,0,0
11,12,8,3,2,67.5,0,0
11,12,8,3,3,112.5,0,0
11,12,8,3,4,157.5,0,0
11,12,8,3,5,202.5,0,0
11,12,8,3,6,247.5,0,0
11,12,8,3,7,292.5,0,0
11,12,8,3,8,337.5,0,0
11,12,8,4,1,22.5,0,0
11,12,8,4,2,67.5,0,0
11,12,8,4,3,112.5,0,0
11,12,8,4,4,157.5,0,0
11,12,8,4,5,202.5,0,0
11,12,8,4,6,247.5,0,0
11,12,8,4,7,292.5,0,0
11,12,8,4,8,337.5,0,0
11,12,8,5,1,22.5,0,0
11,12,8,5,2,67.5,0,0
11,12,8,5,3,112.5,0,0
11,12,8,5,4,157.5,0,0
11,12,8,5,5,202.5,0,0
11,12,8,5,6,247.5,0,0
11,12,8,5,7,292.5,0,0
11,12,8,5,8,337.5,0,0
11,12,8,6,1,22.5,0,0
11,12,8,6,2,67.5,0,0
11,12,8,6,3,112.5,0,0
11,12,8,6,4,157.5,0,0
11,12,8,6,5,202.5,0,0
11,12,8,6,6,247.5,0,0
11,12,8,6,7,292.5,0,0
11,12,8,6,8,337.5,0,0
11,12,8,7,1,22.5,0,0
11,12,8,7,2,67.5,0,0
11,12,8,7,3,112.5,0,0
11,12,8,7,4,157.5,0,0
11,12,8,7,5,202.5,0,0
11,12,8,7,6,247.5,0,0
11,12,8,7,7,292.5,0,0
11,12,8,7,8,337.5,0,0
11,12,8,8,1,22.5,0,0
11,12,8,8,2,67.5,0,0
11,12,8,8,3,112.5,0,0
11,12,8,8,4,157.5,0,0
11,12,8,8,5,202.5,0,0
11,12,8,8,6,247.5,0,0
11,12,8,8,7,292.5,0,0
11,12,8,8,8,337.5,0,0
11,12,8,9,1,22.5,0,0
11,12,8,9,2,67.5,0,0
11,12,8,9,3,112.5,0,0
11,12,8,9,4,157.5,0,0
11,12,8,9,5,202.5,0,0
11,12,8,9,6,247.5,0,0
11,12,8,9,7,292.5,0,0
11,12,8,9,8,337.5,0,0
11,12,8,10,1,22.5,0,0
11,12,8,10,2,67.5,0,0
11,12,8,10,3,112.5,0,0
11,12,8,10,4,157.5,0,0
11,12,8,10,5,202.5,0,0
11,12,8,10,6,247.5,0,0
11,12,8,10,7,292.5,0,0
11,12,8,10,8,337.5,0,0
11,12,8,11,1,22.5,0,0
11,12,8,11,2,67.5,0,0
11,12,8,11,3,112.5,0,0
11,12,8,11,4,157.5,0,0
11,12,8,11,5,202.5,0,0
11,12,8,11,6,247.5,0,0
11,12,8,11,7,292.5,0,0
11,12,8,11,8,337.5,0,0
12,13,1,1,1,22.5,6.83614e+06,0
12,13,1,1,2,67.5,6.83e+06,0
12,13,1,1,3,112.5,6.82366e+06,0
12,13,1,1,4,157.5,6.81668e+06,0
12,13,1,1,5,202.5,6.81654e+06,0
12,13,1,1,6,247.5,6.82456e+06,0
12,13,1,1,7,292.5,6.83422e+06,0
12,13,1,1,8,337.5,6.83252e+06,0
12,13,1,2,1,22.5,2.17512e+06,0
12,13,1,2,2,67.5,2.17302e+06,0
12,13,1,2,3,112.5,2.16653e+06,0
12,13,1,2,4,157.5,2.163e+06,0
12,13,1,2,5,202.5,2.16203e+06,0
12,13,1,2,6,247.5,2.16617e+06,0
12,13,1,2,7,292.5,2.16892e+06,0
12,13,1,2,8,337.5,2.17288e+06,0
12,13,1,3,1,22.5,846095,0
12,13,1,3,2,67.5,843389,0
12,13,1,3,3,112.5,841756,0
12,13,1,3,4,157.5,838814,0
12,13,1,3,5,202.5,838930,0
12,13,1,3,6,247.5,839337,0
12,13,1,3,7,292.5,842226,0
12,13,1,3,8,337.5,845483,0
12,13,1,4,1,22.5,331675,0
12,13,1,4,2,67.5,330655,0
12,13,1,4,3,112.5,330803,0
12,13,1,4,4,157.5,328654,0
12,13,1,4,5,202.5,328618,0
12,13,1,4,6,247.5,329484,0
12,13,1,4,7,292.5,330767,0
12,13,1,4,8,337.5,331018,0
12,13,1,5,1,22.5,155610,0
12,13,1,5,2,67.5,154801,0
12,13,1,5,3,112.5,154430,0
12,13,1,5,4,157.5,153842,0
12,13,1,5,5,202.5,153751,0
12,13,1,5,6,247.5,154334,0
12,13,1,5,7,292.5,155917,0
12,13,1,5,8,337.5,156404,0
12,13,1,6,1,22.5,11650,0
12,13,1,6,2,67.5,11528,0
12,13,1,6,3,112.5,11448,0
12,13,1,6,4,157.5,11210,0
12,13,1,6,5,202.5,11502,0
12,13,1,6,6,247.5,11508,0
12,13,1,6,7,292.5,11424,0
12,13,1,6,8,337.5,11494,0
12,13,1,7,1,22.5,200,0
12,13,1,7,2,67.5,198,0
12,13,1,7,3,112.5,196,0
12,13,1,7,4,157.5,203,0
12,13,1,7,5,202.5,219,0
12,13,1,7,6,247.5,235,0
12,13,1,7,7,292.5,208,0
12,13,1,7,8,337.5,200,0
12,13,1,8,1,22.5,0,0
12,13,1,8,2,67.5,0,0
12,13,1,8,3,112.5,0,0
12,13,1,8,4,157.5,0,0
12,13,1,8,5,202.5,0,0
12,13,1,8,6,247.5,0,0
12,13,1,8,7,292.5,0,0
12,13,1,8,8,337.5,0,0
12,13,1,9,1,22.5,0,0
12,13,1,9,2,67.5,0,0
12,13,1,9,3,112.5,0,0
12,13,1,9,4,157.5,0,0
12,13,1,9,5,202.5,0,0
12,13,1,9,6,247.5,0,0
12,13,1,9,7,292.5,0,0
12,13,1,9,8,337.5,0,0
12,13,1,10,1,22.5,0,0
12,13,1,10,2,67.5,0,0
12,13,1,10,3,112.5,0,0
12,13,1,10,4,157.5,0,0
12,13,1,10,5,202.5,0,0
12,13,1,10,6,247.5,0,0
12,13,1,10,7,292.5,0,0
12,13,1,10,8,337.5,0,0
12,13,1,11,1,22.5,0,0
12,13,1,11,2,67.5,0,0
12,13,1,11,3,112.5,0,0
12,13,1,11,4,157.5,0,0
12,13,1,11,5,202.5,0,0
12,13,1,11,6,247.5,0,0
12,13,1,11,7,292.5,0,0
12,13,1,11,8,337.5,0,0
12,13,2,1,1,22.5,1.13084e+06,101.588
12,13,2,1,2,67.5,1.13106e+06,130.216
12,13,2,1,3,112.5,1.12855e+06,112.014
12,13,2,1,4,157.5,1.12676e+06,106.738
12,13,2,1,5,202.5,1.12621e+06,104.976
12,13,2,1,6,247.5,1.12919e+06,109.193
12,13,2,1,7,292.5,1.12896e+06,139.703
12,13,2,1,8,337.5,1.13093e+06,91.921
12,13,2,2,1,22.5,794774,34.2473
12,13,2,2,2,67.5,792509,66.8008
12,13,2,2,3,112.5,790765,51.2374
12,13,2,2,4,157.5,788586,30.0481
12,13,2,2,5,202.5,788156,28.171
12,13,2,2,6,247.5,790097,47.9873
12,13,2,2,7,292.5,793299,58.5261
12,13,2,2,8,337.5,793781,34.6317
12,13,2,3,1,22.5,515833,21.7075
12,13,2,3,2,67.5,516396,44.2301
12,13,2,3,3,112.5,514191,25.038
12,13,2,3,4,157.5,513013,6.65318
12,13,2,3,5,202.5,512209,11.5157
12,13,2,3,6,247.5,514269,25.4969
12,13,2,3,7,292.5,516591,47.1101
12,13,2,3,8,337.5,516553,23.8788
12,13,2,4,1,22.5,334565,21.485
12,13,2,4,2,67.5,334269,37.7159
12,13,2,4,3,112.5,331590,13.7538
12,13,2,4,4,157.5,332092,0
12,13,2,4,5,202.5,330065,0
12,13,2,4,6,247.5,332398,12.2564
12,13,2,4,7,292.5,332892,37.4224
12,13,2,4,8,337.5,335732,22.7111
12,13,2,5,1,22.5,302664,21.6493
12,13,2,5,2,67.5,302219,32.3376
12,13,2,5,3,112.5,299348,0
12,13,2,5,4,157.5,298309,0
12,13,2,5,5,202.5,297758,0
12,13,2,5,6,247.5,300883,5.08832
12,13,2,5,7,292.5,301953,31.1007
12,13,2,5,8,337.5,303162,17.4275
12,13,2,6,1,22.5,74200,6.3535
12,13,2,6,2,67.5,73926,9.74951
12,13,2,6,3,112.5,73448,0
12,13,2,6,4,157.5,73004,0
12,13,2,6,5,202.5,72071,0
12,13,2,6,6,247.5,73234,0
12,13,2,6,7,292.5,73839,8.59491
12,13,2,6,8,337.5,74838,0
12,13,2,7,1,22.5,11476,0
12,13,2,7,2,67.5,11502,0
12,13,2,7,3,112.5,11452,0
12,13,2,7,4,157.5,11296,0
12,13,2,7,5,202.5,11245,0
12,13,2,7,6,247.5,11262,0
12,13,2,7,7,292.5,11598,0
12,13,2,7,8,337.5,11554,0
12,13,2,8,1,22.5,839,0
12,13,2,8,2,67.5,848,0
12,13,2,8,3,112.5,825,0
12,13,2,8,4,157.5,866,0
12,13,2,8,5,202.5,819,0
12,13,2,8,6,247.5,801,0
12,13,2,8,7,292.5,867,0
12,13,2,8,8,337.5,859,0
12,13,2,9,1,22.5,0,0
12,13,2,9,2,67.5,0,0
12,13,2,9,3,112.5,0,0
12,13,2,9,4,157.5,0,0
12,13,2,9,5,202.5,0,0
12,13,2,9,6,247.5,0,0
12,13,2,9,7,292.5,0,0
12,13,2,9,8,337.5,0,0
12,13,2,10,1,22.5,0,0
12,13,2,10,2,67.5,0,0
12,13,2,10,3,112.5,0,0
12,13,2,10,4,157.5,0,0
12,13,2,10,5,202.5,0,0
12,13,2,10,6,247.5,0,0
12,13,2,10,7,292.5,0,0
12,13,2,10,8,337.5,0,0
12,13,2,11,1,22.5,0,0
12,13,2,11,2,67.5,0,0
12,13,2,11,3,112.5,0,0
12,13,2,11,4,157.5,0,0
12,13,2,11,5,202.5,0,0
12,13,2,11,6,247.5,0,0
12,13,2,11,7,292.5,0,0
12,13,2,11,8,337.5,0,0
12,13,3,1,1,22.5,592670,196.288
12,13,3,1,2,67.5,593288,208.227
12,13,3,1,3,112.5,591732,246.731
12,13,3,1,4,157.5,592752,236.017
12,13,3,1,5,202.5,590394,228.757
12,13,3,1,6,247.5,593548,192.69
12,13,3,1,7,292.5,593711,188.682
12,13,3,1,8,337.5,593698,169.976
12,13,3,2,1,22.5,436623,93.2858
12,13,3,2,2,67.5,436625,119.353
12,13,3,2,3,112.5,435378,117.102
12,13,3,2,4,157.5,434129,107.643
12,13,3,2,5,202.5,432394,79.4191
12,13,3,2,6,247.5,434980,106.841
12,13,3,2,7,292.5,437524,119.632
12,13,3,2,8,337.5,436798,89.5494
12,13,3,3,1,22.5,313589,53.6833
12,13,3,3,2,67.5,312950,89.4524
12,13,3,3,3,112.5,310863,66.1605
12,13,3,3,4,157.5,310359,37.3813
12,13,3,3,5,202.5,309744,35.8935
12,13,3,3,6,247.5,310404,64.9736
12,13,3,3,7,292.5,313328,98.0381
12,13,3,3,8,337.5,313199,48.6515
12,13,3,4,1,22.5,217769,39.3607
12,13,3,4,2,67.5,217409,78.3708
12,13,3,4,3,112.5,215885,44.1475
12,13,3,4,4,157.5,214929,14.3517
12,13,3,4,5,202.5,214624,13.226
12,13,3,4,6,247.5,215851,45.1276
12,13,3,4,7,292.5,216795,85.5995
12,13,3,4,8,337.5,217962,38.4033
12,13,3,5,1,22.5,219582,45.209
12,13,3,5,2,67.5,218583,87.2735
12,13,3,5,3,112.5,217738,46.1544
12,13,3,5,4,157.5,215970,4.56192
12,13,3,5,5,202.5,215471,4.78961
12,13,3,5,6,247.5,216660,38.3069
12,13,3,5,7,292.5,219942,89.6363
12,13,3,5,8,337.5,220289,47.5701
12,13,3,6,1,22.5,71422,26.464
12,13,3,6,2,67.5,70930,48.9518
12,13,3,6,3,112.5,70134,11.5997
12,13,3,6,4,157.5,69425,0
12,13,3,6,5,202.5,69431,0
12,13,3,6,6,247.5,69730,14.4102
12,13,3,6,7,292.5,70983,47.0166
12,13,3,6,8,337.5,70869,23.7971
12,13,3,7,1,22.5,17556,10.6034
12,13,3,7,2,67.5,17403,21.9873
12,13,3,7,3,112.5,17496,3.47692
12,13,3,7,4,157.5,16943,0
12,13,3,7,5,202.5,17094,0
12,13,3,7,6,247.5,17507,5.44662
12,13,3,7,7,292.5,17366,19.5918
12,13,3,7,8,337.5,17611,9.07864
12,13,3,8,1,22.5,3214,0
12,13,3,8,2,67.5,3128,7.39421
12,13,3,8,3,112.5,3030,0
12,13,3,8,4,157.5,3029,0
12,13,3,8,5,202.5,3033,0
12,13,3,8,6,247.5,3056,0
12,13,3,8,7,292.5,3174,7.73192
12,13,3,8,8,337.5,3207,4.06972
12,13,3,9,1,22.5,13,0
12,13,3,9,2,67.5,8,0
12,13,3,9,3,112.5,10,0
12,13,3,9,4,157.5,7,0
12,13,3,9,5,202.5,9,0
12,13,3,9,6,247.5,10,0
12,13,3,9,7,292.5,8,0
12,13,3,9,8,337.5,5,0
12,13,3,10,1,22.5,0,0
12,13,3,10,2,67.5,0,0
12,13,3,10,3,112.5,0,0
12,13,3,10,4,157.5,0,0
12,13,3,10,5,202.5,0,0
12,13,3,10,6,247.5,0,0
12,13,3,10,7,292.5,0,0
12,13,3,10,8,337.5,0,0
12,13,3,11,1,22.5,0,0
12,13,3,11,2,67.5,0,0
12,13,3,11,3,112.5,0,0
12,13,3,11,4,157.5,0,0
12,13,3,11,5,202.5,0,0
12,13,3,11,6,247.5,0,0
12,13,3,11,7,292.5,0,0
12,13,3,11,8,337.5,0,0
12,13,4,1,1,22.5,337337,189.964
12,13,4,1,2,67.5,336078,203.791
12,13,4,1,3,112.5,335570,221.876
12,13,4,1,4,157.5,334993,222.987
12,13,4,1,5,202.5,335660,207.556
12,13,4,1,6,247.5,336113,185.17
12,13,4,1,7,292.5,336034,155.365
12,13,4,1,8,337.5,336795,147.611
12,13,4,2,1,22.5,253704,90.6001
12,13,4,2,2,67.5,254204,101.977
12,13,4,2,3,112.5,252602,121.712
12,13,4,2,4,157.5,251685,130.031
12,13,4,2,5,202.5,251669,112.774
12,13,4,2,6,247.5,252828,103.553
12,13,4,2,7,292.5,252521,92.504
12,13,4,2,8,337.5,254435,90.4678
12,13,4,3,1,22.5,181136,61.7664
12,13,4,3,2,67.5,180424,74.7957
12,13,4,3,3,112.5,179896,83.3918
12,13,4,3,4,157.5,178065,70.6734
12,13,4,3,5,202.5,179004,62.1046
12,13,4,3,6,247.5,180294,66.6539
12,13,4,3,7,292.5,181484,85.0945
12,13,4,3,8,337.5,182180,61.8822
12,13,4,4,1,22.5,120751,41.9434
12,13,4,4,2,67.5,119560,64.3349
12,13,4,4,3,112.5,119393,55.5164
12,13,4,4,4,157.5,118769,41.1609
12,13,4,4,5,202.5,117942,34.3656
12,13,4,4,6,247.5,118520,55.843
12,13,4,4,7,292.5,119490,80.5583
12,13,4,4,8,337.5,119890,40.6986
12,13,4,5,1,22.5,119912,34.8437
12,13,4,5,2,67.5,119886,77.7019
12,13,4,5,3,112.5,118729,50.9497
12,13,4,5,4,157.5,118014,26.8464
12,13,4,5,5,202.5,117851,21.0603
12,13,4,5,6,247.5,118724,55.9637
12,13,4,5,7,292.5,120473,94.1617
12,13,4,5,8,337.5,120281,36.2579
12,13,4,6,1,22.5,39144,21.427
12,13,4,6,2,67.5,38734,54.2195
12,13,4,6,3,112.5,38810,25.3673
12,13,4,6,4,157.5,38078,5.02818
12,13,4,6,5,202.5,38068,5.58009
12,13,4,6,6,247.5,38269,30.9969
12,13,4,6,7,292.5,38984,58.4054
12,13,4,6,8,337.5,38787,22.6142
12,13,4,7,1,22.5,9797,11.7008
12,13,4,7,2,67.5,9881,30.5361
12,13,4,7,3,112.5,9698,11.9987
12,13,4,7,4,157.5,9268,0
12,13,4,7,5,202.5,9597,0
12,13,4,7,6,247.5,9897,13.789
12,13,4,7,7,292.5,9655,29.361
12,13,4,7,8,337.5,9787,11.0133
12,13,4,8,1,22.5,1785,0
12,13,4,8,2,67.5,1731,14.1518
12,13,4,8,3,112.5,1696,0
12,13,4,8,4,157.5,1705,0
12,13,4,8,5,202.5,1696,0
12,13,4,8,6,247.5,1739,3.85262
12,13,4,8,7,292.5,1849,14.3653
12,13,4,8,8,337.5,1790,0
12,13,4,9,1,22.5,3,0
12,13,4,9,2,67.5,4,0
12,13,4,9,3,112.5,3,0
12,13,4,9,4,157.5,4,0
12,13,4,9,5,202.5,3,0
12,13,4,9,6,247.5,6,0
12,13,4,9,7,292.5,3,0
12,13,4,9,8,337.5,4,0
12,13,4,10,1,22.5,0,0
12,13,4,10,2,67.5,0,0
12,13,4,10,3,112.5,0,0
12,13,4,10,4,157.5,0,0
12,13,4,10,5,202.5,0,0
12,13,4,10,6,247.5,0,0
12,13,4,10,7,292.5,0,0
12,13,4,10,8,337.5,0,0
12,13,4,11,1,22.5,0,0
12,13,4,11,2,67.5,0,0
12,13,4,11,3,112.5,0,0
12,13,4,11,4,157.5,0,0
12,13,4,11,5,202.5,0,0
12,13,4,11,6,247.5,0,0
12,13,4,11,7,292.5,0,0
12,13,4,11,8,337.5,0,0
12,13,5,1,1,22.5,159211,143.727
12,13,5,1,2,67.5,158138,149.619
12,13,5,1,3,112.5,158541,163.792
12,13,5,1,4,157.5,158707,170.278
12,13,5,1,5,202.5,158203,159.853
12,13,5,1,6,247.5,159351,135.263
12,13,5,1,7,292.5,159958,121.256
12,13,5,1,8,337.5,159831,127.543
12,13,5,2,1,22.5,108520,78.5427
12,13,5,2,2,67.5,107753,79.5469
12,13,5,2,3,112.5,107865,103.753
12,13,5,2,4,157.5,107560,117.131
12,13,5,2,5,202.5,107027,98.6202
12,13,5,2,6,247.5,107364,77.8963
12,13,5,2,7,292.5,108006,54.3168
12,13,5,2,8,337.5,108274,63.9086
12,13,5,3,1,22.5,69876,42.7007
12,13,5,3,2,67.5,70176,46.443
12,13,5,3,3,112.5,69467,69.9442
12,13,5,3,4,157.5,69304,77.6579
12,13,5,3,5,202.5,69116,66.8779
12,13,5,3,6,247.5,69135,49.4982
12,13,5,3,7,292.5,69855,44.6326
12,13,5,3,8,337.5,70114,38.3191
12,13,5,4,1,22.5,43365,28.959
12,13,5,4,2,67.5,42863,31.0377
12,13,5,4,3,112.5,42277,48.8375
12,13,5,4,4,157.5,42799,51.3799
12,13,5,4,5,202.5,42859,47.7558
12,13,5,4,6,247.5,42900,37.4692
12,13,5,4,7,292.5,43148,44.6959
12,13,5,4,8,337.5,43245,26.8863
12,13,5,5,1,22.5,38842,22.3043
12,13,5,5,2,67.5,38425,38.7738
12,13,5,5,3,112.5,38260,44.7575
12,13,5,5,4,157.5,38178,40.5628
12,13,5,5,5,202.5,37935,34.1972
12,13,5,5,6,247.5,38250,39.679
12,13,5,5,7,292.5,38457,54.1956
12,13,5,5,8,337.5,38603,22.7195
12,13,5,6,1,22.5,10204,9.97912
12,13,5,6,2,67.5,10204,26.1484
12,13,5,6,3,112.5,9863,19.4603
12,13,5,6,4,157.5,9784,14.9134
12,13,5,6,5,202.5,9706,12.6295
12,13,5,6,6,247.5,10020,24.2096
12,13,5,6,7,292.5,9846,35.5375
12,13,5,6,8,337.5,10159,10.7209
12,13,5,7,1,22.5,1821,0
12,13,5,7,2,67.5,1700,15.131
12,13,5,7,3,112.5,1779,8.44573
12,13,5,7,4,157.5,1758,0
12,13,5,7,5,202.5,1761,0
12,13,5,7,6,247.5,1714,12.7596
12,13,5,7,7,292.5,1728,15.1351
12,13,5,7,8,337.5,1732,0
12,13,5,8,1,22.5,146,0
12,13,5,8,2,67.5,113,0
12,13,5,8,3,112.5,100,0
12,13,5,8,4,157.5,121,0
12,13,5,8,5,202.5,123,0
12,13,5,8,6,247.5,124,0
12,13,5,8,7,292.5,106,0
12,13,5,8,8,337.5,119,0
12,13,5,9,1,22.5,0,0
12,13,5,9,2,67.5,0,0
12,13,5,9,3,112.5,0,0
12,13,5,9,4,157.5,0,0
12,13,5,9,5,202.5,0,0
12,13,5,9,6,247.5,0,0
12,13,5,9,7,292.5,0,0
12,13,5,9,8,337.5,0,0
12,13,5,10,1,22.5,0,0
12,13,5,10,2,67.5,0,0
12,13,5,10,3,112.5,0,0
12,13,5,10,4,157.5,0,0
12,13,5,10,5,202.5,0,0
12,13,5,10,6,247.5,0,0
12,13,5,10,7,292.5,0,0
12,13,5,10,8,337.5,0,0
12,13,5,11,1,22.5,0,0
12,13,5,11,2,67.5,0,0
12,13,5,11,3,112.5,0,0
12,13,5,11,4,157.5,0,0
12,13,5,11,5,202.5,0,0
12,13,5,11,6,247.5,0,0
12,13,5,11,7,292.5,0,0
12,13,5,11,8,337.5,0,0
12,13,6,1,1,22.5,34460,78.0868
12,13,6,1,2,67.5,34633,78.7268
12,13,6,1,3,112.5,34595,80.6363
12,13,6,1,4,157.5,34543,85.4189
12,13,6,1,5,202.5,34142,75.5978
12,13,6,1,6,247.5,34679,64.4635
12,13,6,1,7,292.5,34705,58.1695
12,13,6,1,8,337.5,34473,67.0139
12,13,6,2,1,22.5,19298,43.7393
12,13,6,2,2,67.5,19398,42.9413
12,13,6,2,3,112.5,19321,52.1506
12,13,6,2,4,157.5,19112,61.5272
12,13,6,2,5,202.5,19195,53.3542
12,13,6,2,6,247.5,19414,36.0921
12,13,6,2,7,292.5,19495,24.7814
12,13,6,2,8,337.5,19578,30.4388
12,13,6,3,1,22.5,10079,21.2052
12,13,6,3,2,67.5,10121,22.554
12,13,6,3,3,112.5,9946,34.7963
12,13,6,3,4,157.5,9692,39.4121
12,13,6,3,5,202.5,9704,35.5551
12,13,6,3,6,247.5,9943,21.502
12,13,6,3,7,292.5,10125,11.5626
12,13,6,3,8,337.5,10270,15.7566
12,13,6,4,1,22.5,4779,9.05939
12,13,6,4,2,67.5,4781,9.11276
12,13,6,4,3,112.5,4732,21.0369
12,13,6,4,4,157.5,4664,26.6036
12,13,6,4,5,202.5,4612,22.6584
12,13,6,4,6,247.5,4640,12.3315
12,13,6,4,7,292.5,4754,11.7062
12,13,6,4,8,337.5,4797,0
12,13,6,5,1,22.5,2750,3.63609
12,13,6,5,2,67.5,2748,4.64127
12,13,6,5,3,112.5,2724,18.0611
12,13,6,5,4,157.5,2672,20.4287
12,13,6,5,5,202.5,2769,17.6613
12,13,6,5,6,247.5,2759,12.5595
12,13,6,5,7,292.5,2725,15.1669
12,13,6,5,8,337.5,2849,4.05209
12,13,6,6,1,22.5,241,0
12,13,6,6,2,67.5,239,0
12,13,6,6,3,112.5,215,0
12,13,6,6,4,157.5,240,0
12,13,6,6,5,202.5,246,0
12,13,6,6,6,247.5,247,5.38125
12,13,6,6,7,292.5,268,9.20973
12,13,6,6,8,337.5,271,0
12,13,6,7,1,22.5,1,0
12,13,6,7,2,67.5,1,0
12,13,6,7,3,112.5,1,0
12,13,6,7,4,157.5,1,0
12,13,6,7,5,202.5,1,0
12,13,6,7,6,247.5,4,0
12,13,6,7,7,292.5,3,0
12,13,6,7,8,337.5,2,0
12,13,6,8,1,22.5,0,0
12,13,6,8,2,67.5,0,0
12,13,6,8,3,112.5,0,0
12,13,6,8,4,157.5,0,0
12,13,6,8,5,202.5,0,0
12,13,6,8,6,247.5,0,0
12,13,6,8,7,292.5,0,0
12,13,6,8,8,337.5,0,0
12,13,6,9,1,22.5,0,0
12,13,6,9,2,67.5,0,0
12,13,6,9,3,112.5,0,0
12,13,6,9,4,157.5,0,0
12,13,6,9,5,202.5,0,0
12,13,6,9,6,247.5,0,0
12,13,6,9,7,292.5,0,0
12,13,6,9,8,337.5,0,0
12,13,6,10,1,22.5,0,0
12,13,6,10,2,67.5,0,0
12,13,6,10,3,112.5,0,0
12,13,6,10,4,157.5,0,0
12,13,6,10,5,202.5,0,0
12,13,6,10,6,247.5,0,0
12,13,6,10,7,292.5,0,0
12,13,6,10,8,337.5,0,0
12,13,6,11,1,22.5,0,0
12,13,6,11,2,67.5,0,0
12,13,6,11,3,112.5,0,0
12,13,6,11,4,157.5,0,0
12,13,6,11,5,202.5,0,0
12,13,6,11,6,247.5,0,0
12,13,6,11,7,292.5,0,0
12,13,6,11,8,337.5,0,0
12,13,7,1,1,22.5,436,21.3652
12,13,7,1,2,67.5,459,18.6158
12,13,7,1,3,112.5,455,20.4918
12,13,7,1,4,157.5,433,19.0159
12,13,7,1,5,202.5,466,16.2002
12,13,7,1,6,247.5,404,14.5492
12,13,7,1,7,292.5,482,15.1705
12,13,7,1,8,337.5,464,17.9142
12,13,7,2,1,22.5,157.9,13.1863
12,13,7,2,2,67.5,80,9.41962
12,13,7,2,3,112.5,86,7.42925
12,13,7,2,4,157.5,152.539,13.9543
12,13,7,2,5,202.5,85.9536,10.6388
12,13,7,2,6,247.5,73,7.30593
12,13,7,2,7,292.5,66,3.22134
12,13,7,2,8,337.5,82,8.73486
12,13,7,3,1,22.5,9.7365,3.34251
12,13,7,3,2,67.5,12.811,4.52295
12,13,7,3,3,112.5,63.7034,8.65944
12,13,7,3,4,157.5,54.6733,8.40887
12,13,7,3,5,202.5,15.4821,4.38005
12,13,7,3,6,247.5,4,0
12,13,7,3,7,292.5,1,0
12,13,7,3,8,337.5,4,0
12,13,7,4,1,22.5,0,0
12,13,7,4,2,67.5,0,0
12,13,7,4,3,112.5,0,0
12,13,7,4,4,157.5,0,0
12,13,7,4,5,202.5,0,0
12,13,7,4,6,247.5,0,0
12,13,7,4,7,292.5,0,0
12,13,7,4,8,337.5,0,0
12,13,7,5,1,22.5,0,0
12,13,7,5,2,67.5,0,0
12,13,7,5,3,112.5,0,0
12,13,7,5,4,157.5,0,0
12,13,7,5,5,202.5,0,0
12,13,7,5,6,247.5,0,0
12,13,7,5,7,292.5,0,0
12,13,7,5,8,337.5,0,0
12,13,7,6,1,22.5,0,0
12,13,7,6,2,67.5,0,0
12,13,7,6,3,112.5,0,0
12,13,7,6,4,157.5,0,0
12,13,7,6,5,202.5,0,0
12,13,7,6,6,247.5,0,0
12,13,7,6,7,292.5,0,0
12,13,7,6,8,337.5,0,0
12,13,7,7,1,22.5,0,0
12,13,7,7,2,67.5,0,0
12,13,7,7,3,112.5,0,0
12,13,7,7,4,157.5,0,0
12,13,7,7,5,202.5,0,0
12,13,7,7,6,247.5,0,0
12,13,7,7,7,292.5,0,0
12,13,7,7,8,337.5,0,0
12,13,7,8,1,22.5,0,0
12,13,7,8,2,67.5,0,0
12,13,7,8,3,112.5,0,0
12,13,7,8,4,157.5,0,0
12,13,7,8,5,202.5,0,0
12,13,7,8,6,247.5,0,0
12,13,7,8,7,292.5,0,0
12,13,7,8,8,337.5,0,0
12,13,7,9,1,22.5,0,0
12,13,7,9,2,67.5,0,0
12,13,7,9,3,112.5,0,0
12,13,7,9,4,157.5,0,0
12,13,7,9,5,202.5,0,0
12,13,7,9,6,247.5,0,0
12,13,7,9,7,292.5,0,0
12,13,7,9,8,337.5,0,0
12,13,7,10,1,22.5,0,0
12,13,7,10,2,67.5,0,0
12,13,7,10,3,112.5,0,0
12,13,7,10,4,157.5,0,0
12,13,7,10,5,202.5,0,0
12,13,7,10,6,247.5,0,0
12,13,7,10,7,292.5,0,0
12,13,7,10,8,337.5,0,0
12,13,7,11,1,22.5,0,0
12,13,7,11,2,67.5,0,0
12,13,7,11,3,112.5,0,0
12,13,7,11,4,157.5,0,0
12,13,7,11,5,202.5,0,0
12,13,7,11,6,247.5,0,0
12,13,7,11,7,292.5,0,0
12,13,7,11,8,337.5,0,0
12,13,8,1,1,22.5,68.5019,8.92769
12,13,8,1,2,67.5,74.0808,9.53295
12,13,8,1,3,112.5,65.1739,9.1657
12,13,8,1,4,157.5,35.0032,6.48527
12,13,8,1,5,202.5,8.79696,3.23502
12,13,8,1,6,247.5,13.9047,6.19098
12,13,8,1,7,292.5,0,0
12,13,8,1,8,337.5,30.8229,5.83136
12,13,8,2,1,22.5,21.9345,5.0305
12,13,8,2,2,67.5,25.8722,5.39278
12,13,8,2,3,112.5,71.4522,9.14625
12,13,8,2,4,157.5,18.4544,4.65589
12,13,8,2,5,202.5,19.9429,5.56141
12,13,8,2,6,247.5,0,0
12,13,8,2,7,292.5,0,0
12,13,8,2,8,337.5,0,0
12,13,8,3,1,22.5,10.349,3.39721
12,13,8,3,2,67.5,21.2935,5.10055
12,13,8,3,3,112.5,0,0
12,13,8,3,4,157.5,0,0
12,13,8,3,5,202.5,0,0
12,13,8,3,6,247.5,0,0
12,13,8,3,7,292.5,0,0
12,13,8,3,8,337.5,0,0
12,13,8,4,1,22.5,9.94771,3.39757
12,13,8,4,2,67.5,0,0
12,13,8,4,3,112.5,0,0
12,13,8,4,4,157.5,0,0
12,13,8,4,5,202.5,0,0
12,13,8,4,6,247.5,0,0
12,13,8,4,7,292.5,0,0
12,13,8,4,8,337.5,0,0
12,13,8,5,1,22.5,0,0
12,13,8,5,2,67.5,0,0
12,13,8,5,3,112.5,15.8741,4.35403
12,13,8,5,4,157.5,12.8642,3.79107
12,13,8,5,5,202.5,0,0
12,13,8,5,6,247.5,0,0
12,13,8,5,7,292.5,0,0
12,13,8,5,8,337.5,8.85611,3.22134
12,13,8,6,1,22.5,0,0
12,13,8,6,2,67.5,0,0
12,13,8,6,3,112.5,0,0
12,13,8,6,4,157.5,0,0
12,13,8,6,5,202.5,0,0
12,13,8,6,6,247.5,0,0
12,13,8,6,7,292.5,0,0
12,13,8,6,8,337.5,0,0
12,13,8,7,1,22.5,0,0
12,13,8,7,2,67.5,0,0
12,13,8,7,3,112.5,0,0
12,13,8,7,4,157.5,0,0
12,13,8,7,5,202.5,0,0
12,13,8,7,6,247.5,0,0
12,13,8,7,7,292.5,0,0
12,13,8,7,8,337.5,0,0
12,13,8,8,1,22.5,0,0
12,13,8,8,2,67.5,0,0
12,13,8,8,3,112.5,0,0
12,13,8,8,4,157.5,0,0
12,13,8,8,5,202.5,0,0
12,13,8,8,6,247.5,0,0
12,13,8,8,7,292.5,0,0
12,13,8,8,8,337.5,0,0
12,13,8,9,1,22.5,0,0
12,13,8,9,2,67.5,0,0
12,13,8,9,3,112.5,0,0
12,13,8,9,4,157.5,0,0
12,13,8,9,5,202.5,0,0
12,13,8,9,6,247.5,0,0
12,13,8,9,7,292.5,0,0
12,13,8,9,8,337.5,0,0
12,13,8,10,1,22.5,0,0
12,13,8,10,2,67.5,0,0
12,13,8,10,3,112.5,0,0
12,13,8,10,4,157.5,0,0
12,13,8,10,5,202.5,0,0
12,13,8,10,6,247.5,0,0
12,13,8,10,7,292.5,0,0
12,13,8,10,8,337.5,0,0
12,13,8,11,1,22.5,0,0
12,13,8,11,2,67.5,0,0
12,13,8,11,3,112.5,0,0
12,13,8,11,4,157.5,0,0
12,13,8,11,5,202.5,0,0
12,13,8,11,6,247.5,0,0
12,13,8,11,7,292.5,0,0
12,13,8,11,8,337.5,0,0
13,14,1,1,1,22.5,8.16573e+06,49.9421
13,14,1,1,2,67.5,8.15808e+06,250.228
13,14,1,1,3,112.5,8.14165e+06,336.831
13,14,1,1,4,157.5,8.13264e+06,413.736
13,14,1,1,5,202.5,8.13019e+06,351.033
13,14,1,1,6,247.5,8.1472e+06,464.531
13,14,1,1,7,292.5,8.1565e+06,240.331
13,14,1,1,8,337.5,8.17139e+06,127.402
13,14,1,2,1,22.5,3.41526e+06,72.9465
13,14,1,2,2,67.5,3.40259e+06,162.222
13,14,1,2,3,112.5,3.38491e+06,196.598
13,14,1,2,4,157.5,3.37814e+06,255.162
13,14,1,2,5,202.5,3.37403e+06,216.587
13,14,1,2,6,247.5,3.38702e+06,182.594
13,14,1,2,7,292.5,3.3996e+06,166.162
13,14,1,2,8,337.5,3.41365e+06,67.9241
13,14,1,3,1,22.5,1.74369e+06,81.3227
13,14,1,3,2,67.5,1.73708e+06,126.364
13,14,1,3,3,112.5,1.72431e+06,125.827
13,14,1,3,4,157.5,1.71477e+06,138.184
13,14,1,3,5,202.5,1.7165e+06,123.59
13,14,1,3,6,247.5,1.7261e+06,137.497
13,14,1,3,7,292.5,1.73566e+06,125.365
13,14,1,3,8,337.5,1.74062e+06,75.756
13,14,1,4,1,22.5,976314,61.4705
13,14,1,4,2,67.5,970107,95.3782
13,14,1,4,3,112.5,962895,90.4879
13,14,1,4,4,157.5,958321,88.4207
13,14,1,4,5,202.5,959408,71.1527
13,14,1,4,6,247.5,964384,102.856
13,14,1,4,7,292.5,971579,90.4181
13,14,1,4,8,337.5,976499,57.552
13,14,1,5,1,22.5,934341,50.3916
13,14,1,5,2,67.5,928820,75.7366
13,14,1,5,3,112.5,921255,75.003
13,14,1,5,4,157.5,916065,59.4676
13,14,1,5,5,202.5,915154,54.0546
13,14,1,5,6,247.5,921321,83.1138
13,14,1,5,7,292.5,929068,71.6676
13,14,1,5,8,337.5,934897,49.4403
13,14,1,6,1,22.5,369357,16.9855
13,14,1,6,2,67.5,366072,25.8889
13,14,1,6,3,112.5,361251,27.1766
13,14,1,6,4,157.5,358394,17.3692
13,14,1,6,5,202.5,359993,32.0097
13,14,1,6,6,247.5,361752,29.5261
13,14,1,6,7,292.5,365489,25.5213
13,14,1,6,8,337.5,368444,17.1012
13,14,1,7,1,22.5,153957,5.06978
13,14,1,7,2,67.5,152118,4.65514
13,14,1,7,3,112.5,150674,8.06566
13,14,1,7,4,157.5,149230,10.7738
13,14,1,7,5,202.5,149345,8.08217
13,14,1,7,6,247.5,150405,7.69045
13,14,1,7,7,292.5,152977,8.52975
13,14,1,7,8,337.5,154011,6.16952
13,14,1,8,1,22.5,81980,0
13,14,1,8,2,67.5,81525,0
13,14,1,8,3,112.5,80212,0
13,14,1,8,4,157.5,79473,0
13,14,1,8,5,202.5,79462,0
13,14,1,8,6,247.5,80171,0
13,14,1,8,7,292.5,82061,0
13,14,1,8,8,337.5,81896,0
13,14,1,9,1,22.5,21844,0
13,14,1,9,2,67.5,21442,4.38194
13,14,1,9,3,112.5,21269,0
13,14,1,9,4,157.5,20990,4.58093
13,14,1,9,5,202.5,20958,0
13,14,1,9,6,247.5,21178,0
13,14,1,9,7,292.5,21588,0
13,14,1,9,8,337.5,21967,0
13,14,1,10,1,22.5,5090,0
13,14,1,10,2,67.5,4867,0
13,14,1,10,3,112.5,4860,0
13,14,1,10,4,157.5,4833,0
13,14,1,10,5,202.5,4828,0
13,14,1,10,6,247.5,4829,0
13,14,1,10,7,292.5,4834,0
13,14,1,10,8,337.5,5030,0
13,14,1,11,1,22.5,235,0
13,14,1,11,2,67.5,236,0
13,14,1,11,3,112.5,242,0
13,14,1,11,4,157.5,227,0
13,14,1,11,5,202.5,231,0
13,14,1,11,6,247.5,223,0
13,14,1,11,7,292.5,254,0
13,14,1,11,8,337.5,264,0
13,14,2,1,1,22.5,740426,152.637
13,14,2,1,2,67.5,739268,296.96
13,14,2,1,3,112.5,737560,282.407
13,14,2,1,4,157.5,736516,349.544
13,14,2,1,5,202.5,734554,341.791
13,14,2,1,6,247.5,738100,245.32
13,14,2,1,7,292.5,739591,317.898
13,14,2,1,8,337.5,740181,161.014
13,14,2,2,1,22.5,568387,54.2564
13,14,2,2,2,67.5,565324,177.127
13,14,2,2,3,112.5,562993,242.754
13,14,2,2,4,157.5,560997,319.437
13,14,2,2,5,202.5,560569,268.239
13,14,2,2,6,247.5,562912,244.53
13,14,2,2,7,292.5,566290,171.852
13,14,2,2,8,337.5,569212,51.752
13,14,2,3,1,22.5,427579,71.6091
13,14,2,3,2,67.5,425149,156.256
13,14,2,3,3,112.5,420669,191.328
13,14,2,3,4,157.5,418422,233.413
13,14,2,3,5,202.5,418824,206.561
13,14,2,3,6,247.5,421719,205.769
13,14,2,3,7,292.5,425111,170.027
13,14,2,3,8,337.5,428312,67.3581
13,14,2,4,1,22.5,317199,79.3301
13,14,2,4,2,67.5,314889,139.429
13,14,2,4,3,112.5,312027,148.935
13,14,2,4,4,157.5,308863,188.3
13,14,2,4,5,202.5,309692,161.771
13,14,2,4,6,247.5,311509,180.95
13,14,2,4,7,292.5,314243,141.876
13,14,2,4,8,337.5,316380,74.5631
13,14,2,5,1,22.5,409829,105.294
13,14,2,5,2,67.5,406319,175.158
13,14,2,5,3,112.5,399352,175.512
13,14,2,5,4,157.5,396077,195.708
13,14,2,5,5,202.5,396231,163.393
13,14,2,5,6,247.5,400899,202.983
13,14,2,5,7,292.5,405511,161.013
13,14,2,5,8,337.5,408303,101.417
13,14,2,6,1,22.5,231115,76.4034
13,14,2,6,2,67.5,227729,121.728
13,14,2,6,3,112.5,225121,120.676
13,14,2,6,4,157.5,223573,114.213
13,14,2,6,5,202.5,223422,103.728
13,14,2,6,6,247.5,225079,163.306
13,14,2,6,7,292.5,228442,114.602
13,14,2,6,8,337.5,230539,74.9145
13,14,2,7,1,22.5,135462,53.8276
13,14,2,7,2,67.5,134245,79.2406
13,14,2,7,3,112.5,131736,77.1277
13,14,2,7,4,157.5,130392,65.3972
13,14,2,7,5,202.5,131012,57.6347
13,14,2,7,6,247.5,131904,87.6512
13,14,2,7,7,292.5,134463,75.4184
13,14,2,7,8,337.5,134983,47.5217
13,14,2,8,1,22.5,108571,38.3788
13,14,2,8,2,67.5,107446,51.7339
13,14,2,8,3,112.5,105708,49.6927
13,14,2,8,4,157.5,104340,38.4048
13,14,2,8,5,202.5,104032,35.0312
13,14,2,8,6,247.5,105657,70.8279
13,14,2,8,7,292.5,107556,50.5026
13,14,2,8,8,337.5,109359,33.3133
13,14,2,9,1,22.5,51249,16.263
13,14,2,9,2,67.5,50802,22.0023
13,14,2,9,3,112.5,49314,19.7479
13,14,2,9,4,157.5,48810,14.5309
13,14,2,9,5,202.5,48948,12.617
13,14,2,9,6,247.5,49463,23.8702
13,14,2,9,7,292.5,50176,19.5192
13,14,2,9,8,337.5,50964,12.9527
13,14,2,10,1,22.5,27527,5.03234
13,14,2,10,2,67.5,26722,10.4663
13,14,2,10,3,112.5,26331,4.96111
13,14,2,10,4,157.5,26006,0
13,14,2,10,5,202.5,26168,3.83057
13,14,2,10,6,247.5,26492,7.47544
13,14,2,10,7,292.5,26946,6.23983
13,14,2,10,8,337.5,27345,5.18094
13,14,2,11,1,22.5,9076,0
13,14,2,11,2,67.5,8921,0
13,14,2,11,3,112.5,8557,0
13,14,2,11,4,157.5,8492,7.43476
13,14,2,11,5,202.5,8440,0
13,14,2,11,6,247.5,8503,4.22853
13,14,2,11,7,292.5,8686,0
13,14,2,11,8,337.5,9060,0
13,14,3,1,1,22.5,359253,84.4463
13,14,3,1,2,67.5,356967,136.697
13,14,3,1,3,112.5,357364,181.153
13,14,3,1,4,157.5,354645,263.381
13,14,3,1,5,202.5,355798,238.695
13,14,3,1,6,247.5,356624,149.847
13,14,3,1,7,292.5,357300,138.125
13,14,3,1,8,337.5,358043,87.2023
13,14,3,2,1,22.5,286050,31.8246
13,14,3,2,2,67.5,284860,100.012
13,14,3,2,3,112.5,282595,149.537
13,14,3,2,4,157.5,281029,244.849
13,14,3,2,5,202.5,280952,185.378
13,14,3,2,6,247.5,282426,144.045
13,14,3,2,7,292.5,284477,108.723
13,14,3,2,8,337.5,287092,27.4114
13,14,3,3,1,22.5,226689,21.2656
13,14,3,3,2,67.5,224609,90.3303
13,14,3,3,3,112.5,221680,128.435
13,14,3,3,4,157.5,219885,201.057
13,14,3,3,5,202.5,220215,160.371
13,14,3,3,6,247.5,221615,136.858
13,14,3,3,7,292.5,224126,104.962
13,14,3,3,8,337.5,225914,23.3727
13,14,3,4,1,22.5,176821,26.4865
13,14,3,4,2,67.5,175049,88.7075
13,14,3,4,3,112.5,172373,108.43
13,14,3,4,4,157.5,171537,169.045
13,14,3,4,5,202.5,170668,131.035
13,14,3,4,6,247.5,172520,132.071
13,14,3,4,7,292.5,175084,96.5877
13,14,3,4,8,337.5,175620,29.6812
13,14,3,5,1,22.5,242331,47.716
13,14,3,5,2,67.5,240040,129.771
13,14,3,5,3,112.5,236119,142.361
13,14,3,5,4,157.5,233939,205.33
13,14,3,5,5,202.5,233937,163.619
13,14,3,5,6,247.5,236256,179.618
13,14,3,5,7,292.5,238961,125.703
13,14,3,5,8,337.5,242240,46.5744
13,14,3,6,1,22.5,143967,48.8376
13,14,3,6,2,67.5,142888,113.642
13,14,3,6,3,112.5,139983,112.935
13,14,3,6,4,157.5,138305,152.579
13,14,3,6,5,202.5,138806,119.247
13,14,3,6,6,247.5,139605,142.213
13,14,3,6,7,292.5,141852,99.9395
13,14,3,6,8,337.5,144500,47.0675
13,14,3,7,1,22.5,87303,42.1805
13,14,3,7,2,67.5,85823,94.7349
13,14,3,7,3,112.5,84019,93.3828
13,14,3,7,4,157.5,83106,107.771
13,14,3,7,5,202.5,82591,89.9521
13,14,3,7,6,247.5,84375,111.754
13,14,3,7,7,292.5,85294,79.9914
13,14,3,7,8,337.5,86807,45.1145
13,14,3,8,1,22.5,72065,49.1549
13,14,3,8,2,67.5,70799,85.8714
13,14,3,8,3,112.5,69884,85.3073
13,14,3,8,4,157.5,68469,88.2972
13,14,3,8,5,202.5,67961,73.3741
13,14,3,8,6,247.5,69265,99.3731
13,14,3,8,7,292.5,70987,76.8075
13,14,3,8,8,337.5,72034,48.4863
13,14,3,9,1,22.5,36786,38.9786
13,14,3,9,2,67.5,36505,55.798
13,14,3,9,3,112.5,35600,56.2384
13,14,3,9,4,157.5,35084,50.8547
13,14,3,9,5,202.5,34883,43.5042
13,14,3,9,6,247.5,35457,66.3407
13,14,3,9,7,292.5,36035,54.3748
13,14,3,9,8,337.5,36704,34.8879
13,14,3,10,1,22.5,23676,29.5423
13,14,3,10,2,67.5,23298,39.1719
13,14,3,10,3,112.5,22903,39.2809
13,14,3,10,4,157.5,22320,32.0962
13,14,3,10,5,202.5,22072,27.9268
13,14,3,10,6,247.5,22576,42.2886
13,14,3,10,7,292.5,23285,38.8394
13,14,3,10,8,337.5,23564,25.5082
13,14,3,11,1,22.5,13700,15.7031
13,14,3,11,2,67.5,13307,18.7906
13,14,3,11,3,112.5,13162,20.248
13,14,3,11,4,157.5,12451,15.1802
13,14,3,11,5,202.5,12650,13.799
13,14,3,11,6,247.5,12994,20.8582
13,14,3,11,7,292.5,13263,20.339
13,14,3,11,8,337.5,13561,12.1423
13,14,4,1,1,22.5,200762,56.2274
13,14,4,1,2,67.5,200184,103.534
13,14,4,1,3,112.5,198721,152.453
13,14,4,1,4,157.5,198776,180.561
13,14,4,1,5,202.5,198298,161.613
13,14,4,1,6,247.5,198784,103.056
13,14,4,1,7,292.5,199650,82.7572
13,14,4,1,8,337.5,199890,52.0199
13,14,4,2,1,22.5,163674,17.7274
13,14,4,2,2,67.5,163189,57.3317
13,14,4,2,3,112.5,161994,122.85
13,14,4,2,4,157.5,160883,176.112
13,14,4,2,5,202.5,161591,142.304
13,14,4,2,6,247.5,161733,90.174
13,14,4,2,7,292.5,163033,59.3705
13,14,4,2,8,337.5,164993,19.846
13,14,4,3,1,22.5,132976,12.4832
13,14,4,3,2,67.5,132201,52.1583
13,14,4,3,3,112.5,130802,105.594
13,14,4,3,4,157.5,129697,159.664
13,14,4,3,5,202.5,129649,122.51
13,14,4,3,6,247.5,131075,91.782
13,14,4,3,7,292.5,132435,66.1622
13,14,4,3,8,337.5,134196,10.7641
13,14,4,4,1,22.5,107663,9.38098
13,14,4,4,2,67.5,106109,49.4321
13,14,4,4,3,112.5,105054,87.0113
13,14,4,4,4,157.5,103878,137.093
13,14,4,4,5,202.5,104498,104.635
13,14,4,4,6,247.5,104187,89.9173
13,14,4,4,7,292.5,105561,68.3828
13,14,4,4,8,337.5,108376,8.51579
13,14,4,5,1,22.5,154787,13.3884
13,14,4,5,2,67.5,152232,85.8051
13,14,4,5,3,112.5,151369,107.09
13,14,4,5,4,157.5,148487,172.111
13,14,4,5,5,202.5,148942,129.703
13,14,4,5,6,247.5,150140,130.994
13,14,4,5,7,292.5,152688,100.953
13,14,4,5,8,337.5,154571,13.9578
13,14,4,6,1,22.5,98888,15.751
13,14,4,6,2,67.5,96243,85.8222
13,14,4,6,3,112.5,94627,89.4174
13,14,4,6,4,157.5,93749,133.494
13,14,4,6,5,202.5,93517,103.707
13,14,4,6,6,247.5,94112,112.367
13,14,4,6,7,292.5,96529,84.0322
13,14,4,6,8,337.5,97741,14.0299
13,14,4,7,1,22.5,61270,15.1783
13,14,4,7,2,67.5,60310,75.8483
13,14,4,7,3,112.5,59387,76.3267
13,14,4,7,4,157.5,57645,102.554
13,14,4,7,5,202.5,58153,82.5894
13,14,4,7,6,247.5,58520,95.7145
13,14,4,7,7,292.5,59889,67.0875
13,14,4,7,8,337.5,61280,16.167
13,14,4,8,1,22.5,52311,21.21
13,14,4,8,2,67.5,51485,76.6811
13,14,4,8,3,112.5,50107,74.0444
13,14,4,8,4,157.5,48913,93.3363
13,14,4,8,5,202.5,49007,76.3965
13,14,4,8,6,247.5,49643,89.0823
13,14,4,8,7,292.5,51178,63.2771
13,14,4,8,8,337.5,52291,25.7388
13,14,4,9,1,22.5,26158,21.7042
13,14,4,9,2,67.5,26078,55.7881
13,14,4,9,3,112.5,25501,53.068
13,14,4,9,4,157.5,24985,65.9986
13,14,4,9,5,202.5,25022,50.906
13,14,4,9,6,247.5,25564,65.9783
13,14,4,9,7,292.5,26120,46.5539
13,14,4,9,8,337.5,26515,25.2051
13,14,4,10,1,22.5,16433,25.6216
13,14,4,10,2,67.5,16501,43.9485
13,14,4,10,3,112.5,15802,43.5642
13,14,4,10,4,157.5,15491,45.4542
13,14,4,10,5,202.5,15535,39.2413
13,14,4,10,6,247.5,15620,51.6028
13,14,4,10,7,292.5,16327,38.643
13,14,4,10,8,337.5,16843,25.2186
13,14,4,11,1,22.5,10360,23.1029
13,14,4,11,2,67.5,9794,31.0537
13,14,4,11,3,112.5,9526,32.7577
13,14,4,11,4,157.5,9298,29.8287
13,14,4,11,5,202.5,9314,26.4504
13,14,4,11,6,247.5,9419,38.0853
13,14,4,11,7,292.5,9889,30.3035
13,14,4,11,8,337.5,9905,20.9781
13,14,5,1,1,22.5,117246,44.8493
13,14,5,1,2,67.5,116155,71.6994
13,14,5,1,3,112.5,116602,103.974
13,14,5,1,4,157.5,116179,130.697
13,14,5,1,5,202.5,116104,124.767
13,14,5,1,6,247.5,115715,80.39
13,14,5,1,7,292.5,116534,47.1108
13,14,5,1,8,337.5,117215,41.3683
13,14,5,2,1,22.5,97150,14.5987
13,14,5,2,2,67.5,96300,50.3168
13,14,5,2,3,112.5,95877,102.239
13,14,5,2,4,157.5,94628,126.154
13,14,5,2,5,202.5,95401,108.55
13,14,5,2,6,247.5,95425,56.6327
13,14,5,2,7,292.5,96137,32.6955
13,14,5,2,8,337.5,96854,8.38418
13,14,5,3,1,22.5,80757,5.03859
13,14,5,3,2,67.5,79636,34.0545
13,14,5,3,3,112.5,78469,88.0575
13,14,5,3,4,157.5,77789,120.291
13,14,5,3,5,202.5,77771,90.625
13,14,5,3,6,247.5,78075,56.8971
13,14,5,3,7,292.5,80076,44.0206
13,14,5,3,8,337.5,80539,0
13,14,5,4,1,22.5,66000,0
13,14,5,4,2,67.5,64948,23.6857
13,14,5,4,3,112.5,64399,75.7367
13,14,5,4,4,157.5,63790,106.311
13,14,5,4,5,202.5,63028,83.9998
13,14,5,4,6,247.5,63756,60.6808
13,14,5,4,7,292.5,64730,49.0696
13,14,5,4,8,337.5,65734,5.19152
13,14,5,5,1,22.5,97756,4.88203
13,14,5,5,2,67.5,96869,48.7916
13,14,5,5,3,112.5,94344,88.1238
13,14,5,5,4,157.5,93769,138.598
13,14,5,5,5,202.5,93456,105.157
13,14,5,5,6,247.5,95036,90.7199
13,14,5,5,7,292.5,97135,73.9647
13,14,5,5,8,337.5,98175,0
13,14,5,6,1,22.5,64988,0
13,14,5,6,2,67.5,63391,57.4432
13,14,5,6,3,112.5,62348,71.684
13,14,5,6,4,157.5,60931,112.012
13,14,5,6,5,202.5,61491,87.4691
13,14,5,6,6,247.5,62737,86.6607
13,14,5,6,7,292.5,64065,68.1372
13,14,5,6,8,337.5,64610,0
13,14,5,7,1,22.5,42621,0
13,14,5,7,2,67.5,41760,55.6556
13,14,5,7,3,112.5,40654,59.302
13,14,5,7,4,157.5,39653,88.195
13,14,5,7,5,202.5,40019,70.5272
13,14,5,7,6,247.5,41092,74.6398
13,14,5,7,7,292.5,41658,58.7311
13,14,5,7,8,337.5,42671,0
13,14,5,8,1,22.5,37847,8.43689
13,14,5,8,2,67.5,37043,60.1869
13,14,5,8,3,112.5,35901,58.4824
13,14,5,8,4,157.5,35070,82.3574
13,14,5,8,5,202.5,34828,65.8633
13,14,5,8,6,247.5,36171,74.6236
13,14,5,8,7,292.5,36367,54.9243
13,14,5,8,8,337.5,37909,7.57522
13,14,5,9,1,22.5,19700,6.95751
13,14,5,9,2,67.5,19106,46.4766
13,14,5,9,3,112.5,18110,44.0849
13,14,5,9,4,157.5,17839,58.2809
13,14,5,9,5,202.5,18030,45.8265
13,14,5,9,6,247.5,18486,54.807
13,14,5,9,7,292.5,18934,37.5084
13,14,5,9,8,337.5,19620,10.3415
13,14,5,10,1,22.5,11831,10.8709
13,14,5,10,2,67.5,11656,36.3385
13,14,5,10,3,112.5,11111,34.7778
13,14,5,10,4,157.5,10736,43.8317
13,14,5,10,5,202.5,10906,37.3364
13,14,5,10,6,247.5,11223,43.7471
13,14,5,10,7,292.5,11409,30.455
13,14,5,10,8,337.5,11739,13.3643
13,14,5,11,1,22.5,6206,12.8081
13,14,5,11,2,67.5,6092,25.7361
13,14,5,11,3,112.5,5908,25.6356
13,14,5,11,4,157.5,5742,31.1495
13,14,5,11,5,202.5,5754,26.691
13,14,5,11,6,247.5,5954,32.8191
13,14,5,11,7,292.5,6119,22.5658
13,14,5,11,8,337.5,6288,15.2801
13,14,6,1,1,22.5,62466,40.9615
13,14,6,1,2,67.5,61860,59.0278
13,14,6,1,3,112.5,61932,83.6076
13,14,6,1,4,157.5,61882,93.9606
13,14,6,1,5,202.5,62432,87.3203
13,14,6,1,6,247.5,62273,58.7311
13,14,6,1,7,292.5,62759,43.3759
13,14,6,1,8,337.5,62018,35.9777
13,14,6,2,1,22.5,52708,15.4607
13,14,6,2,2,67.5,52072,44.114
13,14,6,2,3,112.5,51324,75.9391
13,14,6,2,4,157.5,51368,90.1112
13,14,6,2,5,202.5,51183,79.6251
13,14,6,2,6,247.5,51231,41.5496
13,14,6,2,7,292.5,52545,16.6084
13,14,6,2,8,337.5,52578,8.75045
13,14,6,3,1,22.5,44212,6.24446
13,14,6,3,2,67.5,43865,31.9963
13,14,6,3,3,112.5,42776,68.366
13,14,6,3,4,157.5,42242,86.1859
13,14,6,3,5,202.5,42228,70.1264
13,14,6,3,6,247.5,42715,39.2401
13,14,6,3,7,292.5,43634,25.0094
13,14,6,3,8,337.5,43960,0
13,14,6,4,1,22.5,36790,0
13,14,6,4,2,67.5,36115,21.4912
13,14,6,4,3,112.5,35609,59.467
13,14,6,4,4,157.5,34984,78.4041
13,14,6,4,5,202.5,34838,63.2556
13,14,6,4,6,247.5,35489,41.2006
13,14,6,4,7,292.5,36054,34.1162
13,14,6,4,8,337.5,36601,0
13,14,6,5,1,22.5,54826,0
13,14,6,5,2,67.5,54110,24.8439
13,14,6,5,3,112.5,53295,70.8922
13,14,6,5,4,157.5,52451,100.037
13,14,6,5,5,202.5,52468,78.4038
13,14,6,5,6,247.5,53579,61.2566
13,14,6,5,7,292.5,54167,52.0293
13,14,6,5,8,337.5,55110,5.21214
13,14,6,6,1,22.5,37548,0
13,14,6,6,2,67.5,36440,32.7286
13,14,6,6,3,112.5,35665,54.5045
13,14,6,6,4,157.5,34918,85.4716
13,14,6,6,5,202.5,35120,65.2665
13,14,6,6,6,247.5,35330,58.4192
13,14,6,6,7,292.5,36689,48.8495
13,14,6,6,8,337.5,37008,0
13,14,6,7,1,22.5,24927,4.39583
13,14,6,7,2,67.5,24320,35.7485
13,14,6,7,3,112.5,23334,44.6341
13,14,6,7,4,157.5,22820,67.7505
13,14,6,7,5,202.5,22881,53.5876
13,14,6,7,6,247.5,23507,52.3084
13,14,6,7,7,292.5,23924,43.0857
13,14,6,7,8,337.5,24748,0
13,14,6,8,1,22.5,21842,4.14511
13,14,6,8,2,67.5,21394,39.7319
13,14,6,8,3,112.5,20371,41.1806
13,14,6,8,4,157.5,20174,63.9951
13,14,6,8,5,202.5,19987,49.2995
13,14,6,8,6,247.5,20352,51.8472
13,14,6,8,7,292.5,21160,43.5484
13,14,6,8,8,337.5,21806,0
13,14,6,9,1,22.5,10941,0
13,14,6,9,2,67.5,10730,31.6956
13,14,6,9,3,112.5,10300,30.245
13,14,6,9,4,157.5,10241,43.1797
13,14,6,9,5,202.5,9841,35.5257
13,14,6,9,6,247.5,10181,38.3506
13,14,6,9,7,292.5,10562,29.4224
13,14,6,9,8,337.5,11136,0
13,14,6,10,1,22.5,6315,0
13,14,6,10,2,67.5,6168,25.2807
13,14,6,10,3,112.5,5894,22.8223
13,14,6,10,4,157.5,5576,32.785
13,14,6,10,5,202.5,5703,25.171
13,14,6,10,6,247.5,5857,30.1342
13,14,6,10,7,292.5,6176,20.9112
13,14,6,10,8,337.5,6152,4.45612
13,14,6,11,1,22.5,2488,4.85175
13,14,6,11,2,67.5,2526,16.3652
13,14,6,11,3,112.5,2371,15.8599
13,14,6,11,4,157.5,2208,19.5395
13,14,6,11,5,202.5,2236,18.0685
13,14,6,11,6,247.5,2382,19.5211
13,14,6,11,7,292.5,2435,13.6717
13,14,6,11,8,337.5,2512,5.52093
13,14,7,1,1,22.5,26104,31.7462
13,14,7,1,2,67.5,25711,40.1208
13,14,7,1,3,112.5,25410,55.7525
13,14,7,1,4,157.5,25165,62.7632
13,14,7,1,5,202.5,25165,56.5483
13,14,7,1,6,247.5,25487,42.0403
13,14,7,1,7,292.5,25431,31.1023
13,14,7,1,8,337.5,25733,26.809
13,14,7,2,1,22.5,21230,15.0989
13,14,7,2,2,67.5,21330,33.2396
13,14,7,2,3,112.5,20854,50.9187
13,14,7,2,4,157.5,20805,59.0504
13,14,7,2,5,202.5,20687,51.0163
13,14,7,2,6,247.5,20960,28.6978
13,14,7,2,7,292.5,21187,11.1541
13,14,7,2,8,337.5,21386,8.73974
13,14,7,3,1,22.5,17769,6.58701
13,14,7,3,2,67.5,17358,26.0726
13,14,7,3,3,112.5,17002,45.7133
13,14,7,3,4,157.5,16841,55.7307
13,14,7,3,5,202.5,17140,45.3569
13,14,7,3,6,247.5,17186,24.3776
13,14,7,3,7,292.5,17428,13.4345
13,14,7,3,8,337.5,17736,0
13,14,7,4,1,22.5,14675,0
13,14,7,4,2,67.5,14560,18.4312
13,14,7,4,3,112.5,13943,40.5258
13,14,7,4,4,157.5,13682,53.0581
13,14,7,4,5,202.5,13997,40.3964
13,14,7,4,6,247.5,13921,24.0592
13,14,7,4,7,292.5,14186,18.3827
13,14,7,4,8,337.5,14414,0
13,14,7,5,1,22.5,21513,0
13,14,7,5,2,67.5,21065,16.988
13,14,7,5,3,112.5,20728,47.5011
13,14,7,5,4,157.5,20485,65.2953
13,14,7,5,5,202.5,20091,51.1584
13,14,7,5,6,247.5,20566,36.1083
13,14,7,5,7,292.5,21429,30.1564
13,14,7,5,8,337.5,21501,0
13,14,7,6,1,22.5,13982,0
13,14,7,6,2,67.5,13670,13.2944
13,14,7,6,3,112.5,13242,35.6559
13,14,7,6,4,157.5,12861,53.1804
13,14,7,6,5,202.5,12957,39.2496
13,14,7,6,6,247.5,13108,33.0112
13,14,7,6,7,292.5,13736,28.7289
13,14,7,6,8,337.5,14261,0
13,14,7,7,1,22.5,8651,0
13,14,7,7,2,67.5,8537,15.3503
13,14,7,7,3,112.5,8054,26.5286
13,14,7,7,4,157.5,7851,39.5788
13,14,7,7,5,202.5,8149,29.3224
13,14,7,7,6,247.5,8273,29.5811
13,14,7,7,7,292.5,8509,23.4307
13,14,7,7,8,337.5,8796,0
13,14,7,8,1,22.5,6807,0
13,14,7,8,2,67.5,6502,17.6502
13,14,7,8,3,112.5,6303,23.4078
13,14,7,8,4,157.5,6209,33.279
13,14,7,8,5,202.5,6158,25.9308
13,14,7,8,6,247.5,6352,27.1231
13,14,7,8,7,292.5,6573,21.9177
13,14,7,8,8,337.5,6731,0
13,14,7,9,1,22.5,2620,0
13,14,7,9,2,67.5,2495,13.0814
13,14,7,9,3,112.5,2454,12.3456
13,14,7,9,4,157.5,2388,19.3977
13,14,7,9,5,202.5,2401,16.362
13,14,7,9,6,247.5,2420,15.9087
13,14,7,9,7,292.5,2620,13.3617
13,14,7,9,8,337.5,2589,0
13,14,7,10,1,22.5,929,0
13,14,7,10,2,67.5,825,8.31573
13,14,7,10,3,112.5,811,7.58156
13,14,7,10,4,157.5,846,11.1785
13,14,7,10,5,202.5,827,9.52591
13,14,7,10,6,247.5,881,9.32165
13,14,7,10,7,292.5,868,5.4468
13,14,7,10,8,337.5,918,0
13,14,7,11,1,22.5,117,0
13,14,7,11,2,67.5,99,0
13,14,7,11,3,112.5,82,0
13,14,7,11,4,157.5,93,0
13,14,7,11,5,202.5,85,0
13,14,7,11,6,247.5,83,0
13,14,7,11,7,292.5,89,0
13,14,7,11,8,337.5,95,0
13,14,8,1,1,22.5,4322,10.1623
13,14,8,1,2,67.5,4425,16.5236
13,14,8,1,3,112.5,4381,19.0418
13,14,8,1,4,157.5,4345,22.6833
13,14,8,1,5,202.5,4304,21.287
13,14,8,1,6,247.5,4404,16.042
13,14,8,1,7,292.5,4472,11.7772
13,14,8,1,8,337.5,4392,9.67639
13,14,8,2,1,22.5,3208,4.2281
13,14,8,2,2,67.5,3195,10.7484
13,14,8,2,3,112.5,3207,18.2305
13,14,8,2,4,157.5,3187,21.2353
13,14,8,2,5,202.5,3180,16.5646
13,14,8,2,6,247.5,3127,9.24386
13,14,8,2,7,292.5,3172,0
13,14,8,2,8,337.5,3288,0
13,14,8,3,1,22.5,2415,0
13,14,8,3,2,67.5,2287,8.25427
13,14,8,3,3,112.5,2235,14.8998
13,14,8,3,4,157.5,2305,19.0571
13,14,8,3,5,202.5,2246,14.9875
13,14,8,3,6,247.5,2205,0
13,14,8,3,7,292.5,2292,0
13,14,8,3,8,337.5,2366,0
13,14,8,4,1,22.5,1593,0
13,14,8,4,2,67.5,1624,0
13,14,8,4,3,112.5,1587,11.8771
13,14,8,4,4,157.5,1569,14.7492
13,14,8,4,5,202.5,1549,11.2425
13,14,8,4,6,247.5,1579,0
13,14,8,4,7,292.5,1573,0
13,14,8,4,8,337.5,1562,0
13,14,8,5,1,22.5,1761,0
13,14,8,5,2,67.5,1697,0
13,14,8,5,3,112.5,1683,13.2084
13,14,8,5,4,157.5,1654,13.6609
13,14,8,5,5,202.5,1610,10.341
13,14,8,5,6,247.5,1635,6.90323
13,14,8,5,7,292.5,1800,6.39879
13,14,8,5,8,337.5,1761,0
13,14,8,6,1,22.5,643,0
13,14,8,6,2,67.5,579,0
13,14,8,6,3,112.5,601,4.56653
13,14,8,6,4,157.5,563,7.94224
13,14,8,6,5,202.5,607,5.89838
13,14,8,6,6,247.5,591,5.51972
13,14,8,6,7,292.5,661,3.22837
13,14,8,6,8,337.5,626,0
13,14,8,7,1,22.5,156,0
13,14,8,7,2,67.5,162,0
13,14,8,7,3,112.5,135,0
13,14,8,7,4,157.5,125,0
13,14,8,7,5,202.5,128,0
13,14,8,7,6,247.5,142,0
13,14,8,7,7,292.5,135,0
13,14,8,7,8,337.5,148,0
13,14,8,8,1,22.5,30,0
13,14,8,8,2,67.5,20,0
13,14,8,8,3,112.5,20,0
13,14,8,8,4,157.5,20,0
13,14,8,8,5,202.5,24,0
13,14,8,8,6,247.5,30,0
13,14,8,8,7,292.5,23,0
13,14,8,8,8,337.5,26,0
13,14,8,9,1,22.5,0,0
13,14,8,9,2,67.5,0,0
13,14,8,9,3,112.5,0,0
13,14,8,9,4,157.5,0,0
13,14,8,9,5,202.5,0,0
13,14,8,9,6,247.5,0,0
13,14,8,9,7,292.5,0,0
13,14,8,9,8,337.5,0,0
13,14,8,10,1,22.5,0,0
13,14,8,10,2,67.5,0,0
13,14,8,10,3,112.5,0,0
13,14,8,10,4,157.5,0,0
13,14,8,10,5,202.5,0,0
13,14,8,10,6,247.5,0,0
13,14,8,10,7,292.5,0,0
13,14,8,10,8,337.5,0,0
13,14,8,11,1,22.5,0,0
13,14,8,11,2,67.5,0,0
13,14,8,11,3,112.5,0,0
13,14,8,11,4,157.5,0,0
13,14,8,11,5,202.5,0,0
13,14,8,11,6,247.5,0,0
13,14,8,11,7,292.5,0,0
13,14,8,11,8,337.5,0,0
14,15,1,1,1,22.5,5.20518e+06,59.1272
14,15,1,1,2,67.5,5.19497e+06,179.617
14,15,1,1,3,112.5,5.18791e+06,237.434
14,15,1,1,4,157.5,5.17468e+06,246.969
14,15,1,1,5,202.5,5.18333e+06,173.527
14,15,1,1,6,247.5,5.18546e+06,226.417
14,15,1,1,7,292.5,5.19697e+06,176.677
14,15,1,1,8,337.5,5.21035e+06,59.9112
14,15,1,2,1,22.5,2.15453e+06,38.4875
14,15,1,2,2,67.5,2.14551e+06,81.3851
14,15,1,2,3,112.5,2.13734e+06,115.11
14,15,1,2,4,157.5,2.1292e+06,157.651
14,15,1,2,5,202.5,2.13072e+06,102.283
14,15,1,2,6,247.5,2.13902e+06,107.923
14,15,1,2,7,292.5,2.14665e+06,91.187
14,15,1,2,8,337.5,2.15656e+06,32.9996
14,15,1,3,1,22.5,1.06683e+06,39.9268
14,15,1,3,2,67.5,1.06262e+06,68.6563
14,15,1,3,3,112.5,1.0567e+06,65.37
14,15,1,3,4,157.5,1.05169e+06,63.6661
14,15,1,3,5,202.5,1.0519e+06,51.2523
14,15,1,3,6,247.5,1.05498e+06,68.2866
14,15,1,3,7,292.5,1.06157e+06,69.727
14,15,1,3,8,337.5,1.06666e+06,34.0957
14,15,1,4,1,22.5,582731,28.9678
14,15,1,4,2,67.5,578402,46.0389
14,15,1,4,3,112.5,574626,42.9035
14,15,1,4,4,157.5,571697,29.5036
14,15,1,4,5,202.5,571960,26.4773
14,15,1,4,6,247.5,574679,46.6937
14,15,1,4,7,292.5,578483,44.9301
14,15,1,4,8,337.5,582564,27.8062
14,15,1,5,1,22.5,540699,21.9022
14,15,1,5,2,67.5,536720,32.6781
14,15,1,5,3,112.5,532387,28.6515
14,15,1,5,4,157.5,530369,18.0828
14,15,1,5,5,202.5,529816,17.976
14,15,1,5,6,247.5,533450,33.1667
14,15,1,5,7,292.5,537108,30.3003
14,15,1,5,8,337.5,540134,20.6587
14,15,1,6,1,22.5,197894,0
14,15,1,6,2,67.5,197156,6.32483
14,15,1,6,3,112.5,195949,11.4915
14,15,1,6,4,157.5,193690,3.62636
14,15,1,6,5,202.5,194908,5.33629
14,15,1,6,6,247.5,195609,11.6022
14,15,1,6,7,292.5,198036,5.77685
14,15,1,6,8,337.5,199753,5.39017
14,15,1,7,1,22.5,71405,0
14,15,1,7,2,67.5,71140,0
14,15,1,7,3,112.5,70442,0
14,15,1,7,4,157.5,69499,0
14,15,1,7,5,202.5,69834,0
14,15,1,7,6,247.5,70274,5.53099
14,15,1,7,7,292.5,71489,0
14,15,1,7,8,337.5,71795,0
14,15,1,8,1,22.5,27769,0
14,15,1,8,2,67.5,27251,0
14,15,1,8,3,112.5,27217,0
14,15,1,8,4,157.5,26485,0
14,15,1,8,5,202.5,26818,0
14,15,1,8,6,247.5,26819,0
14,15,1,8,7,292.5,27652,0
14,15,1,8,8,337.5,27788,0
14,15,1,9,1,22.5,3816,0
14,15,1,9,2,67.5,3691,0
14,15,1,9,3,112.5,3594,0
14,15,1,9,4,157.5,3516,0
14,15,1,9,5,202.5,3602,0
14,15,1,9,6,247.5,3756,0
14,15,1,9,7,292.5,3694,0
14,15,1,9,8,337.5,3779,0
14,15,1,10,1,22.5,306,0
14,15,1,10,2,67.5,319,0
14,15,1,10,3,112.5,303,0
14,15,1,10,4,157.5,315,0
14,15,1,10,5,202.5,288,0
14,15,1,10,6,247.5,269,0
14,15,1,10,7,292.5,330,0
14,15,1,10,8,337.5,299,0
14,15,1,11,1,22.5,0,0
14,15,1,11,2,67.5,1,0
14,15,1,11,3,112.5,0,0
14,15,1,11,4,157.5,0,0
14,15,1,11,5,202.5,1,0
14,15,1,11,6,247.5,0,0
14,15,1,11,7,292.5,1,0
14,15,1,11,8,337.5,3,0
14,15,2,1,1,22.5,553340,153.646
14,15,2,1,2,67.5,552021,236.298
14,15,2,1,3,112.5,549975,270.739
14,15,2,1,4,157.5,548606,378.102
14,15,2,1,5,202.5,548722,302.469
14,15,2,1,6,247.5,549069,249.047
14,15,2,1,7,292.5,550915,229.421
14,15,2,1,8,337.5,552792,174.715
14,15,2,2,1,22.5,417296,62.5694
14,15,2,2,2,67.5,416239,161.64
14,15,2,2,3,112.5,414140,195.807
14,15,2,2,4,157.5,410890,262.24
14,15,2,2,5,202.5,411091,214.106
14,15,2,2,6,247.5,413866,201.269
14,15,2,2,7,292.5,415829,159.926
14,15,2,2,8,337.5,417675,60.959
14,15,2,3,1,22.5,308431,56.5373
14,15,2,3,2,67.5,307626,117.882
14,15,2,3,3,112.5,305047,137.731
14,15,2,3,4,157.5,304194,169.169
14,15,2,3,5,202.5,303188,142.064
14,15,2,3,6,247.5,305544,151.994
14,15,2,3,7,292.5,308240,134.451
14,15,2,3,8,337.5,309053,55.5694
14,15,2,4,1,22.5,225985,57.465
14,15,2,4,2,67.5,224827,111.036
14,15,2,4,3,112.5,223760,110.977
14,15,2,4,4,157.5,221882,115.688
14,15,2,4,5,202.5,221244,100.689
14,15,2,4,6,247.5,222803,127.183
14,15,2,4,7,292.5,225188,113.551
14,15,2,4,8,337.5,227259,52.9831
14,15,2,5,1,22.5,288924,71.8233
14,15,2,5,2,67.5,286779,129.346
14,15,2,5,3,112.5,284653,118.496
14,15,2,5,4,157.5,282078,102.466
14,15,2,5,5,202.5,280842,89.2545
14,15,2,5,6,247.5,284967,132.714
14,15,2,5,7,292.5,285743,122.263
14,15,2,5,8,337.5,289601,66.0146
14,15,2,6,1,22.5,162481,47.5158
14,15,2,6,2,67.5,161414,81.4173
14,15,2,6,3,112.5,159266,67.3207
14,15,2,6,4,157.5,158279,51.0667
14,15,2,6,5,202.5,157984,43.922
14,15,2,6,6,247.5,158588,76.1431
14,15,2,6,7,292.5,160867,73.7911
14,15,2,6,8,337.5,161740,46.1821
14,15,2,7,1,22.5,94101,27.9493
14,15,2,7,2,67.5,93088,44.4082
14,15,2,7,3,112.5,91913,37.5544
14,15,2,7,4,157.5,90770,30.5358
14,15,2,7,5,202.5,90662,19.6679
14,15,2,7,6,247.5,92156,43.2686
14,15,2,7,7,292.5,93525,41.6154
14,15,2,7,8,337.5,93916,27.6095
14,15,2,8,1,22.5,70359,15.8458
14,15,2,8,2,67.5,69589,23.3165
14,15,2,8,3,112.5,68393,20.4002
14,15,2,8,4,157.5,67837,14.6442
14,15,2,8,5,202.5,67597,9.15116
14,15,2,8,6,247.5,68374,24.8306
14,15,2,8,7,292.5,69037,22.037
14,15,2,8,8,337.5,70314,15.7008
14,15,2,9,1,22.5,25107,0
14,15,2,9,2,67.5,24756,5.23881
14,15,2,9,3,112.5,24271,6.49782
14,15,2,9,4,157.5,23893,6.12204
14,15,2,9,5,202.5,23668,0
14,15,2,9,6,247.5,24002,7.9083
14,15,2,9,7,292.5,24390,0
14,15,2,9,8,337.5,24826,4.48861
14,15,2,10,1,22.5,7615,0
14,15,2,10,2,67.5,7573,0
14,15,2,10,3,112.5,7425,0
14,15,2,10,4,157.5,7110,0
14,15,2,10,5,202.5,7190,3.64326
14,15,2,10,6,247.5,7283,0
14,15,2,10,7,292.5,7505,0
14,15,2,10,8,337.5,7720,0
14,15,2,11,1,22.5,929,0
14,15,2,11,2,67.5,880,0
14,15,2,11,3,112.5,855,0
14,15,2,11,4,157.5,880,0
14,15,2,11,5,202.5,767,0
14,15,2,11,6,247.5,821,0
14,15,2,11,7,292.5,834,0
14,15,2,11,8,337.5,923,0
14,15,3,1,1,22.5,273733,112.845
14,15,3,1,2,67.5,272112,167.975
14,15,3,1,3,112.5,272687,247.212
14,15,3,1,4,157.5,271312,277.05
14,15,3,1,5,202.5,271435,245.959
14,15,3,1,6,247.5,271950,173.841
14,15,3,1,7,292.5,272776,150.029
14,15,3,1,8,337.5,274052,111.426
14,15,3,2,1,22.5,218614,56.1214
14,15,3,2,2,67.5,217725,113.282
14,15,3,2,3,112.5,216979,153.06
14,15,3,2,4,157.5,215149,215.863
14,15,3,2,5,202.5,215117,173.659
14,15,3,2,6,247.5,215821,114.339
14,15,3,2,7,292.5,218592,112.812
14,15,3,2,8,337.5,218354,49.5322
14,15,3,3,1,22.5,171930,33.7296
14,15,3,3,2,67.5,171327,90.1425
14,15,3,3,3,112.5,169623,117.752
14,15,3,3,4,157.5,168534,174.112
14,15,3,3,5,202.5,168054,141.43
14,15,3,3,6,247.5,169110,118.748
14,15,3,3,7,292.5,171194,97.1609
14,15,3,3,8,337.5,172379,28.2235
14,15,3,4,1,22.5,134770,26.1522
14,15,3,4,2,67.5,132377,86.1341
14,15,3,4,3,112.5,131915,98.1976
14,15,3,4,4,157.5,130714,140.593
14,15,3,4,5,202.5,130480,117.578
14,15,3,4,6,247.5,131034,109.691
14,15,3,4,7,292.5,133461,97.1416
14,15,3,4,8,337.5,134142,31.7699
14,15,3,5,1,22.5,182588,45.8641
14,15,3,5,2,67.5,181210,124.634
14,15,3,5,3,112.5,178951,120.789
14,15,3,5,4,157.5,177110,156.859
14,15,3,5,5,202.5,177335,130.215
14,15,3,5,6,247.5,178106,142.303
14,15,3,5,7,292.5,181196,121.922
14,15,3,5,8,337.5,183553,43.7012
14,15,3,6,1,22.5,107254,40.4672
14,15,3,6,2,67.5,106179,101.912
14,15,3,6,3,112.5,104291,89.9938
14,15,3,6,4,157.5,103260,98.3948
14,15,3,6,5,202.5,103315,80.9153
14,15,3,6,6,247.5,104006,107.381
14,15,3,6,7,292.5,106476,93.1135
14,15,3,6,8,337.5,107569,40.2606
14,15,3,7,1,22.5,63894,34.3645
14,15,3,7,2,67.5,62963,79.1335
14,15,3,7,3,112.5,61447,68.6273
14,15,3,7,4,157.5,60890,62.6503
14,15,3,7,5,202.5,61378,53.5979
14,15,3,7,6,247.5,61550,80.2995
14,15,3,7,7,292.5,62379,69.1474
14,15,3,7,8,337.5,63947,36.8355
14,15,3,8,1,22.5,50934,33.7925
14,15,3,8,2,67.5,50667,66.1929
14,15,3,8,3,112.5,49424,57.2452
14,15,3,8,4,157.5,48882,43.8298
14,15,3,8,5,202.5,48854,39.8153
14,15,3,8,6,247.5,49322,66.4892
14,15,3,8,7,292.5,50291,58.1225
14,15,3,8,8,337.5,51275,36.8301
14,15,3,9,1,22.5,23305,21.4481
14,15,3,9,2,67.5,23124,36.2184
14,15,3,9,3,112.5,22680,32.0626
14,15,3,9,4,157.5,22624,21.5187
14,15,3,9,5,202.5,22033,19.0587
14,15,3,9,6,247.5,22816,35.9075
14,15,3,9,7,292.5,23139,33.5016
14,15,3,9,8,337.5,23568,22.908
14,15,3,10,1,22.5,11070,13.4752
14,15,3,10,2,67.5,11020,18.7317
14,15,3,10,3,112.5,10826,17.739
14,15,3,10,4,157.5,10347,9.37025
14,15,3,10,5,202.5,10426,9.23186
14,15,3,10,6,247.5,10647,20.5546
14,15,3,10,7,292.5,10911,17.4575
14,15,3,10,8,337.5,11144,12.8499
14,15,3,11,1,22.5,2899,0
14,15,3,11,2,67.5,2862,4.86309
14,15,3,11,3,112.5,2732,0
14,15,3,11,4,157.5,2633,0
14,15,3,11,5,202.5,2635,0
14,15,3,11,6,247.5,2743,5.09984
14,15,3,11,7,292.5,2831,4.0566
14,15,3,11,8,337.5,2821,0
14,15,4,1,1,22.5,165497,87.3793
14,15,4,1,2,67.5,164907,116.062
14,15,4,1,3,112.5,164464,168.669
14,15,4,1,4,157.5,163567,207.004
14,15,4,1,5,202.5,163541,177.905
14,15,4,1,6,247.5,164462,130.072
14,15,4,1,7,292.5,164469,88.5274
14,15,4,1,8,337.5,165567,75.2033
14,15,4,2,1,22.5,135336,40.9887
14,15,4,2,2,67.5,133909,73.7214
14,15,4,2,3,112.5,133218,134.021
14,15,4,2,4,157.5,133189,169.458
14,15,4,2,5,202.5,132774,140.411
14,15,4,2,6,247.5,133772,81.6506
14,15,4,2,7,292.5,134529,62.6017
14,15,4,2,8,337.5,135103,39.9126
14,15,4,3,1,22.5,109261,26.4008
14,15,4,3,2,67.5,108673,52.3867
14,15,4,3,3,112.5,106561,99.3248
14,15,4,3,4,157.5,107015,151.785
14,15,4,3,5,202.5,106145,116.211
14,15,4,3,6,247.5,107101,79.6102
14,15,4,3,7,292.5,108195,71.725
14,15,4,3,8,337.5,109552,24.6396
14,15,4,4,1,22.5,87280,18.184
14,15,4,4,2,67.5,86628,50.2495
14,15,4,4,3,112.5,85221,81.7861
14,15,4,4,4,157.5,84580,124.682
14,15,4,4,5,202.5,84485,102.404
14,15,4,4,6,247.5,85674,79.134
14,15,4,4,7,292.5,86764,74.0014
14,15,4,4,8,337.5,87561,16.6945
14,15,4,5,1,22.5,124628,22.1863
14,15,4,5,2,67.5,123007,83.6084
14,15,4,5,3,112.5,120609,98.595
14,15,4,5,4,157.5,119341,149.358
14,15,4,5,5,202.5,119001,120.42
14,15,4,5,6,247.5,121221,108.736
14,15,4,5,7,292.5,122631,104.302
14,15,4,5,8,337.5,124117,22.5612
14,15,4,6,1,22.5,76987,20.6149
14,15,4,6,2,67.5,75738,80.9205
14,15,4,6,3,112.5,74377,78.7825
14,15,4,6,4,157.5,73343,111.474
14,15,4,6,5,202.5,72883,89.2361
14,15,4,6,6,247.5,74380,93.4232
14,15,4,6,7,292.5,75804,87.1883
14,15,4,6,8,337.5,76819,19.3264
14,15,4,7,1,22.5,46801,18.3394
14,15,4,7,2,67.5,46383,71.2676
14,15,4,7,3,112.5,45210,62.753
14,15,4,7,4,157.5,44424,78.9215
14,15,4,7,5,202.5,44433,64.8118
14,15,4,7,6,247.5,44793,77.3164
14,15,4,7,7,292.5,46284,67.1378
14,15,4,7,8,337.5,46721,16.9249
14,15,4,8,1,22.5,37514,19.4762
14,15,4,8,2,67.5,36903,66.6494
14,15,4,8,3,112.5,36077,57.2927
14,15,4,8,4,157.5,35191,64.0269
14,15,4,8,5,202.5,35205,53.2469
14,15,4,8,6,247.5,35878,69.1037
14,15,4,8,7,292.5,37147,57.3068
14,15,4,8,8,337.5,37893,18.3719
14,15,4,9,1,22.5,16920,16.7707
14,15,4,9,2,67.5,16478,44.1064
14,15,4,9,3,112.5,16029,38.6725
14,15,4,9,4,157.5,15866,36.8494
14,15,4,9,5,202.5,15803,31.7308
14,15,4,9,6,247.5,15942,47.0184
14,15,4,9,7,292.5,16650,37.0118
14,15,4,9,8,337.5,16680,19.8501
14,15,4,10,1,22.5,8334,15.5332
14,15,4,10,2,67.5,7982,29.8275
14,15,4,10,3,112.5,7812,27.215
14,15,4,10,4,157.5,7508,22.9856
14,15,4,10,5,202.5,7548,20.2795
14,15,4,10,6,247.5,7613,31.7517
14,15,4,10,7,292.5,8165,25.7509
14,15,4,10,8,337.5,8283,16.0318
14,15,4,11,1,22.5,2390,10.8268
14,15,4,11,2,67.5,2205,14.2837
14,15,4,11,3,112.5,2299,16.3445
14,15,4,11,4,157.5,2225,11.7115
14,15,4,11,5,202.5,2210,10.9192
14,15,4,11,6,247.5,2297,17.1283
14,15,4,11,7,292.5,2352,14.8303
14,15,4,11,8,337.5,2411,9.79907
14,15,5,1,1,22.5,98757,78.1978
14,15,5,1,2,67.5,98763,103.755
14,15,5,1,3,112.5,98318,127.437
14,15,5,1,4,157.5,98177,140.153
14,15,5,1,5,202.5,98165,126.633
14,15,5,1,6,247.5,98783,98.7378
14,15,5,1,7,292.5,98649,71.0812
14,15,5,1,8,337.5,98605,69.1024
14,15,5,2,1,22.5,81508,36.0252
14,15,5,2,2,67.5,80926,66.9971
14,15,5,2,3,112.5,80741,104.817
14,15,5,2,4,157.5,79908,127.858
14,15,5,2,5,202.5,80133,109.82
14,15,5,2,6,247.5,80897,66.5565
14,15,5,2,7,292.5,81302,37.651
14,15,5,2,8,337.5,81797,28.3989
14,15,5,3,1,22.5,66701,18.712
14,15,5,3,2,67.5,66445,43.5666
14,15,5,3,3,112.5,65576,86.5784
14,15,5,3,4,157.5,64934,121.323
14,15,5,3,5,202.5,65121,102.095
14,15,5,3,6,247.5,65511,56.3827
14,15,5,3,7,292.5,66595,44.0524
14,15,5,3,8,337.5,66551,15.7173
14,15,5,4,1,22.5,54201,9.46532
14,15,5,4,2,67.5,53445,31.886
14,15,5,4,3,112.5,53495,72.101
14,15,5,4,4,157.5,52443,99.641
14,15,5,4,5,202.5,52488,81.2398
14,15,5,4,6,247.5,53043,56.6223
14,15,5,4,7,292.5,53524,51.5906
14,15,5,4,8,337.5,53904,11.189
14,15,5,5,1,22.5,79007,11.6492
14,15,5,5,2,67.5,78429,49.1456
14,15,5,5,3,112.5,77190,83.7522
14,15,5,5,4,157.5,76081,124.613
14,15,5,5,5,202.5,76208,99.3352
14,15,5,5,6,247.5,76673,79.4551
14,15,5,5,7,292.5,78721,79.1858
14,15,5,5,8,337.5,79862,15.4272
14,15,5,6,1,22.5,50805,11.6985
14,15,5,6,2,67.5,49467,55.6309
14,15,5,6,3,112.5,48656,63.3242
14,15,5,6,4,157.5,48153,97.3368
14,15,5,6,5,202.5,47886,76.6604
14,15,5,6,6,247.5,48577,69.7231
14,15,5,6,7,292.5,49817,69.7187
14,15,5,6,8,337.5,50420,10.5251
14,15,5,7,1,22.5,31697,10.3531
14,15,5,7,2,67.5,30743,51.144
14,15,5,7,3,112.5,29888,50.8596
14,15,5,7,4,157.5,29297,73.9153
14,15,5,7,5,202.5,29329,59.8092
14,15,5,7,6,247.5,30006,59.2147
14,15,5,7,7,292.5,30616,56.9842
14,15,5,7,8,337.5,31542,9.62235
14,15,5,8,1,22.5,25157,10.7982
14,15,5,8,2,67.5,24746,50.7905
14,15,5,8,3,112.5,23967,44.5511
14,15,5,8,4,157.5,22936,61.8004
14,15,5,8,5,202.5,23269,51.4125
14,15,5,8,6,247.5,23565,55.2838
14,15,5,8,7,292.5,24368,51.2372
14,15,5,8,8,337.5,25302,5.81762
14,15,5,9,1,22.5,10699,6.31573
14,15,5,9,2,67.5,10172,33.6675
14,15,5,9,3,112.5,9827,29.5907
14,15,5,9,4,157.5,9858,39.786
14,15,5,9,5,202.5,9673,32.3246
14,15,5,9,6,247.5,10081,37.4187
14,15,5,9,7,292.5,10300,30.3903
14,15,5,9,8,337.5,10571,7.0704
14,15,5,10,1,22.5,4567,0
14,15,5,10,2,67.5,4393,22.5499
14,15,5,10,3,112.5,4256,21.0126
14,15,5,10,4,157.5,4207,25.1303
14,15,5,10,5,202.5,4039,19.4882
14,15,5,10,6,247.5,4249,24.8205
14,15,5,10,7,292.5,4346,18.6491
14,15,5,10,8,337.5,4506,6.12751
14,15,5,11,1,22.5,1067,0
14,15,5,11,2,67.5,1016,10.3517
14,15,5,11,3,112.5,1005,10.4065
14,15,5,11,4,157.5,1022,11.7023
14,15,5,11,5,202.5,973,10.9651
14,15,5,11,6,247.5,1064,12.4322
14,15,5,11,7,292.5,1071,8.86668
14,15,5,11,8,337.5,1150,0
14,15,6,1,1,22.5,52406,63.681
14,15,6,1,2,67.5,51992,74.0161
14,15,6,1,3,112.5,51633,91.2714
14,15,6,1,4,157.5,51215,98.0419
14,15,6,1,5,202.5,51315,89.4498
14,15,6,1,6,247.5,51610,70.3361
14,15,6,1,7,292.5,51464,60.9803
14,15,6,1,8,337.5,52203,57.0104
14,15,6,2,1,22.5,42663,36.0371
14,15,6,2,2,67.5,42371,57.9169
14,15,6,2,3,112.5,42100,77.5803
14,15,6,2,4,157.5,41938,91.1607
14,15,6,2,5,202.5,41648,76.6297
14,15,6,2,6,247.5,42019,50.6067
14,15,6,2,7,292.5,42241,28.502
14,15,6,2,8,337.5,42872,25.6738
14,15,6,3,1,22.5,34485,20.7199
14,15,6,3,2,67.5,34399,40.311
14,15,6,3,3,112.5,33877,66.9449
14,15,6,3,4,157.5,33684,80.3754
14,15,6,3,5,202.5,33408,66.6779
14,15,6,3,6,247.5,34030,41.0985
14,15,6,3,7,292.5,34336,24.9658
14,15,6,3,8,337.5,34844,12.6747
14,15,6,4,1,22.5,27842,10.4866
14,15,6,4,2,67.5,27429,27.7727
14,15,6,4,3,112.5,27065,55.4659
14,15,6,4,4,157.5,26757,72.5573
14,15,6,4,5,202.5,26667,59.8164
14,15,6,4,6,247.5,27141,38.3178
14,15,6,4,7,292.5,27629,31.3008
14,15,6,4,8,337.5,27997,7.8671
14,15,6,5,1,22.5,39970,4.96759
14,15,6,5,2,67.5,39481,28.3008
14,15,6,5,3,112.5,38626,63.383
14,15,6,5,4,157.5,38064,89.4589
14,15,6,5,5,202.5,38478,71.577
14,15,6,5,6,247.5,39034,51.8213
14,15,6,5,7,292.5,39376,50.4215
14,15,6,5,8,337.5,40378,9.07791
14,15,6,6,1,22.5,24832,0
14,15,6,6,2,67.5,24361,29.6969
14,15,6,6,3,112.5,23637,48.1892
14,15,6,6,4,157.5,23209,69.8069
14,15,6,6,5,202.5,23249,55.0708
14,15,6,6,6,247.5,23748,45.1148
14,15,6,6,7,292.5,24367,44.7532
14,15,6,6,8,337.5,24603,8.33734
14,15,6,7,1,22.5,14490,0
14,15,6,7,2,67.5,14166,27.2853
14,15,6,7,3,112.5,13882,34.5737
14,15,6,7,4,157.5,13588,51.5848
14,15,6,7,5,202.5,13584,41.1858
14,15,6,7,6,247.5,13755,37.6036
14,15,6,7,7,292.5,14249,36.9601
14,15,6,7,8,337.5,14657,0
14,15,6,8,1,22.5,10430,0
14,15,6,8,2,67.5,10183,29.0846
14,15,6,8,3,112.5,9534,28.8726
14,15,6,8,4,157.5,9324,42.5184
14,15,6,8,5,202.5,9499,34.1307
14,15,6,8,6,247.5,9530,32.9929
14,15,6,8,7,292.5,9931,32.7873
14,15,6,8,8,337.5,10327,4.71677
14,15,6,9,1,22.5,3522,0
14,15,6,9,2,67.5,3441,16.7461
14,15,6,9,3,112.5,3302,15.762
14,15,6,9,4,157.5,3119,23.0371
14,15,6,9,5,202.5,3316,19.7399
14,15,6,9,6,247.5,3347,20.5637
14,15,6,9,7,292.5,3618,18.6857
14,15,6,9,8,337.5,3483,0
14,15,6,10,1,22.5,1124,0
14,15,6,10,2,67.5,1090,11.5979
14,15,6,10,3,112.5,1023,9.00844
14,15,6,10,4,157.5,1019,11.8724
14,15,6,10,5,202.5,1011,10.3069
14,15,6,10,6,247.5,1070,10.8591
14,15,6,10,7,292.5,1090,9.41226
14,15,6,10,8,337.5,1185,0
14,15,6,11,1,22.5,148,0
14,15,6,11,2,67.5,127,3.57517
14,15,6,11,3,112.5,139,0
14,15,6,11,4,157.5,136,0
14,15,6,11,5,202.5,155,0
14,15,6,11,6,247.5,129,4.79694
14,15,6,11,7,292.5,142,0
14,15,6,11,8,337.5,153,0
14,15,7,1,1,22.5,17393,38.916
14,15,7,1,2,67.5,16963,49.1488
14,15,7,1,3,112.5,17194,55.5383
14,15,7,1,4,157.5,16953,57.9078
14,15,7,1,5,202.5,17006,52.4722
14,15,7,1,6,247.5,17010,44.3871
14,15,7,1,7,292.5,17138,37.823
14,15,7,1,8,337.5,17374,37.7479
14,15,7,2,1,22.5,13719,24.7716
14,15,7,2,2,67.5,13465,36.6807
14,15,7,2,3,112.5,13254,45.4084
14,15,7,2,4,157.5,13168,52.0329
14,15,7,2,5,202.5,13209,44.4643
14,15,7,2,6,247.5,13402,30.5042
14,15,7,2,7,292.5,13408,19.0885
14,15,7,2,8,337.5,13525,18.6938
14,15,7,3,1,22.5,10317,13.1306
14,15,7,3,2,67.5,10216,26.5882
14,15,7,3,3,112.5,10177,37.29
14,15,7,3,4,157.5,9967,45.459
14,15,7,3,5,202.5,9945,39.0334
14,15,7,3,6,247.5,9938,22.6338
14,15,7,3,7,292.5,10370,12.6408
14,15,7,3,8,337.5,10250,7.94391
14,15,7,4,1,22.5,7859,6.78191
14,15,7,4,2,67.5,7550,17.1201
14,15,7,4,3,112.5,7576,31.1874
14,15,7,4,4,157.5,7380,37.3711
14,15,7,4,5,202.5,7232,30.9607
14,15,7,4,6,247.5,7484,18.9151
14,15,7,4,7,292.5,7754,13.6033
14,15,7,4,8,337.5,7737,0
14,15,7,5,1,22.5,9981,0
14,15,7,5,2,67.5,9694,15.8061
14,15,7,5,3,112.5,9220,32.56
14,15,7,5,4,157.5,9227,43.5845
14,15,7,5,5,202.5,9234,34.1006
14,15,7,5,6,247.5,9182,22.6823
14,15,7,5,7,292.5,9582,20.2358
14,15,7,5,8,337.5,9529,0
14,15,7,6,1,22.5,4631,0
14,15,7,6,2,67.5,4693,7.54192
14,15,7,6,3,112.5,4570,20.3414
14,15,7,6,4,157.5,4523,29.7169
14,15,7,6,5,202.5,4302,22.5274
14,15,7,6,6,247.5,4553,18.5445
14,15,7,6,7,292.5,4609,17.346
14,15,7,6,8,337.5,4676,0
14,15,7,7,1,22.5,2086,0
14,15,7,7,2,67.5,2031,6.0516
14,15,7,7,3,112.5,1949,12.7068
14,15,7,7,4,157.5,1854,17.6565
14,15,7,7,5,202.5,1913,14.0773
14,15,7,7,6,247.5,1918,13.1949
14,15,7,7,7,292.5,1994,11.1463
14,15,7,7,8,337.5,1990,0
14,15,7,8,1,22.5,968,0
14,15,7,8,2,67.5,928,5.39055
14,15,7,8,3,112.5,916,9.09898
14,15,7,8,4,157.5,902,10.9259
14,15,7,8,5,202.5,830,8.83453
14,15,7,8,6,247.5,923,7.72665
14,15,7,8,7,292.5,952,5.9428
14,15,7,8,8,337.5,928,0
14,15,7,9,1,22.5,183,0
14,15,7,9,2,67.5,195,0
14,15,7,9,3,112.5,159,0
14,15,7,9,4,157.5,149,0
14,15,7,9,5,202.5,144,0
14,15,7,9,6,247.5,149,0
14,15,7,9,7,292.5,187,0
14,15,7,9,8,337.5,167,0
14,15,7,10,1,22.5,13,0
14,15,7,10,2,67.5,12,0
14,15,7,10,3,112.5,17,0
14,15,7,10,4,157.5,9,0
14,15,7,10,5,202.5,10,0
14,15,7,10,6,247.5,13,0
14,15,7,10,7,292.5,16,0
14,15,7,10,8,337.5,16,0
14,15,7,11,1,22.5,0,0
14,15,7,11,2,67.5,0,0
14,15,7,11,3,112.5,0,0
14,15,7,11,4,157.5,0,0
14,15,7,11,5,202.5,0,0
14,15,7,11,6,247.5,0,0
14,15,7,11,7,292.5,0,0
14,15,7,11,8,337.5,0,0
14,15,8,1,1,22.5,742,7.43833
14,15,8,1,2,67.5,772,7.30241
14,15,8,1,3,112.5,744,7.02227
14,15,8,1,4,157.5,723,8.05417
14,15,8,1,5,202.5,750,8.78977
14,15,8,1,6,247.5,692,6.98414
14,15,8,1,7,292.5,793,0
14,15,8,1,8,337.5,785,0
14,15,8,2,1,22.5,454,0
14,15,8,2,2,67.5,442,4.85572
14,15,8,2,3,112.5,429,5.97686
14,15,8,2,4,157.5,410,5.37399
14,15,8,2,5,202.5,417,6.66389
14,15,8,2,6,247.5,401,0
14,15,8,2,7,292.5,382,0
14,15,8,2,8,337.5,418,0
14,15,8,3,1,22.5,204,0
14,15,8,3,2,67.5,198,0
14,15,8,3,3,112.5,209,0
14,15,8,3,4,157.5,194,0
14,15,8,3,5,202.5,212,0
14,15,8,3,6,247.5,229,0
14,15,8,3,7,292.5,215,0
14,15,8,3,8,337.5,230,0
14,15,8,4,1,22.5,98,0
14,15,8,4,2,67.5,103,0
14,15,8,4,3,112.5,101,0
14,15,8,4,4,157.5,99,0
14,15,8,4,5,202.5,92,0
14,15,8,4,6,247.5,93,0
14,15,8,4,7,292.5,74,0
14,15,8,4,8,337.5,92,0
14,15,8,5,1,22.5,43,0
14,15,8,5,2,67.5,48,0
14,15,8,5,3,112.5,52,0
14,15,8,5,4,157.5,47,0
14,15,8,5,5,202.5,62,0
14,15,8,5,6,247.5,46,0
14,15,8,5,7,292.5,48,0
14,15,8,5,8,337.5,46,0
14,15,8,6,1,22.5,4,0
14,15,8,6,2,67.5,6,0
14,15,8,6,3,112.5,0,0
14,15,8,6,4,157.5,2,0
14,15,8,6,5,202.5,4,0
14,15,8,6,6,247.5,4,0
14,15,8,6,7,292.5,4,0
14,15,8,6,8,337.5,5,0
14,15,8,7,1,22.5,0,0
14,15,8,7,2,67.5,0,0
14,15,8,7,3,112.5,0,0
14,15,8,7,4,157.5,0,0
14,15,8,7,5,202.5,0,0
14,15,8,7,6,247.5,0,0
14,15,8,7,7,292.5,0,0
14,15,8,7,8,337.5,0,0
14,15,8,8,1,22.5,0,0
14,15,8,8,2,67.5,0,0
14,15,8,8,3,112.5,0,0
14,15,8,8,4,157.5,0,0
14,15,8,8,5,202.5,0,0
14,15,8,8,6,247.5,0,0
14,15,8,8,7,292.5,0,0
14,15,8,8,8,337.5,0,0
14,15,8,9,1,22.5,0,0
14,15,8,9,2,67.5,0,0
14,15,8,9,3,112.5,0,0
14,15,8,9,4,157.5,0,0
14,15,8,9,5,202.5,0,0
14,15,8,9,6,247.5,0,0
14,15,8,9,7,292.5,0,0
14,15,8,9,8,337.5,0,0
14,15,8,10,1,22.5,0,0
14,15,8,10,2,67.5,0,0
14,15,8,10,3,112.5,0,0
14,15,8,10,4,157.5,0,0
14,15,8,10,5,202.5,0,0
14,15,8,10,6,247.5,0,0
14,15,8,10,7,292.5,0,0
14,15,8,10,8,337.5,0,0
14,15,8,11,1,22.5,0,0
14,15,8,11,2,67.5,0,0
14,15,8,11,3,112.5,0,0
14,15,8,11,4,157.5,0,0
14,15,8,11,5,202.5,0,0
14,15,8,11,6,247.5,0,0
14,15,8,11,7,292.5,0,0
14,15,8,11,8,337.5,0,0
15,16,1,1,1,22.5,8.51516e+06,35.7131
15,16,1,1,2,67.5,8.50354e+06,95.9472
15,16,1,1,3,112.5,8.49112e+06,90.1483
15,16,1,1,4,157.5,8.47664e+06,93.3092
15,16,1,1,5,202.5,8.47776e+06,102.491
15,16,1,1,6,247.5,8.49012e+06,133.516
15,16,1,1,7,292.5,8.50158e+06,79.6594
15,16,1,1,8,337.5,8.51597e+06,39.8443
15,16,1,2,1,22.5,3.07749e+06,17.2828
15,16,1,2,2,67.5,3.07124e+06,55.8207
15,16,1,2,3,112.5,3.05395e+06,48.7506
15,16,1,2,4,157.5,3.04889e+06,51.6873
15,16,1,2,5,202.5,3.04658e+06,43.8612
15,16,1,2,6,247.5,3.05549e+06,49.2227
15,16,1,2,7,292.5,3.0678e+06,50.2971
15,16,1,2,8,337.5,3.07705e+06,21.0541
15,16,1,3,1,22.5,1.39363e+06,17.281
15,16,1,3,2,67.5,1.38643e+06,33.6421
15,16,1,3,3,112.5,1.38001e+06,26.0456
15,16,1,3,4,157.5,1.37482e+06,19.3734
15,16,1,3,5,202.5,1.37281e+06,16.4787
15,16,1,3,6,247.5,1.37877e+06,28.5363
15,16,1,3,7,292.5,1.38689e+06,35.1494
15,16,1,3,8,337.5,1.39426e+06,15.092
15,16,1,4,1,22.5,686964,10.695
15,16,1,4,2,67.5,683637,19.0312
15,16,1,4,3,112.5,679750,14.2262
15,16,1,4,4,157.5,675755,0
15,16,1,4,5,202.5,675638,0
15,16,1,4,6,247.5,679822,13.4641
15,16,1,4,7,292.5,683711,20.3434
15,16,1,4,8,337.5,686532,10.0911
15,16,1,5,1,22.5,527581,0
15,16,1,5,2,67.5,524059,8.72963
15,16,1,5,3,112.5,521038,6.2266
15,16,1,5,4,157.5,515354,0
15,16,1,5,5,202.5,518141,3.84955
15,16,1,5,6,247.5,520015,4.95754
15,16,1,5,7,292.5,523079,9.91085
15,16,1,5,8,337.5,526500,7.34786
15,16,1,6,1,22.5,130701,0
15,16,1,6,2,67.5,129623,0
15,16,1,6,3,112.5,127701,0
15,16,1,6,4,157.5,126917,0
15,16,1,6,5,202.5,127108,0
15,16,1,6,6,247.5,127974,0
15,16,1,6,7,292.5,130160,0
15,16,1,6,8,337.5,130929,0
15,16,1,7,1,22.5,27429,0
15,16,1,7,2,67.5,27028,0
15,16,1,7,3,112.5,26617,0
15,16,1,7,4,157.5,26360,0
15,16,1,7,5,202.5,26473,0
15,16,1,7,6,247.5,26617,0
15,16,1,7,7,292.5,27261,0
15,16,1,7,8,337.5,27255,0
15,16,1,8,1,22.5,4933,0
15,16,1,8,2,67.5,4866,0
15,16,1,8,3,112.5,4806,0
15,16,1,8,4,157.5,4715,0
15,16,1,8,5,202.5,4595,0
15,16,1,8,6,247.5,4815,0
15,16,1,8,7,292.5,4858,0
15,16,1,8,8,337.5,4905,0
15,16,1,9,1,22.5,124,0
15,16,1,9,2,67.5,140,0
15,16,1,9,3,112.5,125,0
15,16,1,9,4,157.5,133,0
15,16,1,9,5,202.5,141,0
15,16,1,9,6,247.5,131,0
15,16,1,9,7,292.5,137,0
15,16,1,9,8,337.5,135,0
15,16,1,10,1,22.5,0,0
15,16,1,10,2,67.5,0,0
15,16,1,10,3,112.5,0,0
15,16,1,10,4,157.5,0,0
15,16,1,10,5,202.5,0,0
15,16,1,10,6,247.5,0,0
15,16,1,10,7,292.5,0,0
15,16,1,10,8,337.5,0,0
15,16,1,11,1,22.5,0,0
15,16,1,11,2,67.5,0,0
15,16,1,11,3,112.5,0,0
15,16,1,11,4,157.5,0,0
15,16,1,11,5,202.5,0,0
15,16,1,11,6,247.5,0,0
15,16,1,11,7,292.5,0,0
15,16,1,11,8,337.5,0,0
15,16,2,1,1,22.5,1.17985e+06,272.555
15,16,2,1,2,67.5,1.17908e+06,300.996
15,16,2,1,3,112.5,1.17649e+06,410.606
15,16,2,1,4,157.5,1.17385e+06,467.365
15,16,2,1,5,202.5,1.17373e+06,444.238
15,16,2,1,6,247.5,1.17524e+06,331.451
15,16,2,1,7,292.5,1.17933e+06,307.963
15,16,2,1,8,337.5,1.18093e+06,252.319
15,16,2,2,1,22.5,849251,101.843
15,16,2,2,2,67.5,846488,194.903
15,16,2,2,3,112.5,842258,186.706
15,16,2,2,4,157.5,840476,226.477
15,16,2,2,5,202.5,840432,328.769
15,16,2,2,6,247.5,843454,194.947
15,16,2,2,7,292.5,846522,185.72
15,16,2,2,8,337.5,850151,93.5737
15,16,2,3,1,22.5,589779,62.6702
15,16,2,3,2,67.5,587901,130.488
15,16,2,3,3,112.5,584695,118.725
15,16,2,3,4,157.5,581009,108.756
15,16,2,3,5,202.5,580787,106.016
15,16,2,3,6,247.5,583940,129.455
15,16,2,3,7,292.5,587735,143.118
15,16,2,3,8,337.5,590870,67.352
15,16,2,4,1,22.5,408212,83.5903
15,16,2,4,2,67.5,406178,109.571
15,16,2,4,3,112.5,403105,84.5972
15,16,2,4,4,157.5,401695,58.436
15,16,2,4,5,202.5,400800,58.8802
15,16,2,4,6,247.5,403009,96.3076
15,16,2,4,7,292.5,405746,116.025
15,16,2,4,8,337.5,408496,68.9258
15,16,2,5,1,22.5,464096,64.2279
15,16,2,5,2,67.5,459634,113.868
15,16,2,5,3,112.5,456141,75.8187
15,16,2,5,4,157.5,452184,46.1494
15,16,2,5,5,202.5,450333,39.8379
15,16,2,5,6,247.5,455891,82.9535
15,16,2,5,7,292.5,459678,110.144
15,16,2,5,8,337.5,461692,57.5731
15,16,2,6,1,22.5,206557,31.3166
15,16,2,6,2,67.5,205010,56.9091
15,16,2,6,3,112.5,202970,35.9396
15,16,2,6,4,157.5,200767,12.9417
15,16,2,6,5,202.5,200374,11.6877
15,16,2,6,6,247.5,203518,40.601
15,16,2,6,7,292.5,204767,53.4615
15,16,2,6,8,337.5,206803,30.5411
15,16,2,7,1,22.5,85228,13.5376
15,16,2,7,2,67.5,84339,24.1022
15,16,2,7,3,112.5,83598,15.5633
15,16,2,7,4,157.5,82191,0
15,16,2,7,5,202.5,82544,7.69994
15,16,2,7,6,247.5,83473,17.19
15,16,2,7,7,292.5,83738,20.0957
15,16,2,7,8,337.5,85879,14.006
15,16,2,8,1,22.5,37181,4.30754
15,16,2,8,2,67.5,36411,8.19773
15,16,2,8,3,112.5,36138,0
15,16,2,8,4,157.5,35566,11.6924
15,16,2,8,5,202.5,35715,0
15,16,2,8,6,247.5,36031,4.57175
15,16,2,8,7,292.5,36740,11.9788
15,16,2,8,8,337.5,37087,4.58316
15,16,2,9,1,22.5,5618,0
15,16,2,9,2,67.5,5633,0
15,16,2,9,3,112.5,5626,0
15,16,2,9,4,157.5,5499,0
15,16,2,9,5,202.5,5499,0
15,16,2,9,6,247.5,5646,0
15,16,2,9,7,292.5,5449,0
15,16,2,9,8,337.5,5786,0
15,16,2,10,1,22.5,613,0
15,16,2,10,2,67.5,612,0
15,16,2,10,3,112.5,528,0
15,16,2,10,4,157.5,592,0
15,16,2,10,5,202.5,537,0
15,16,2,10,6,247.5,558,0
15,16,2,10,7,292.5,590,0
15,16,2,10,8,337.5,570,0
15,16,2,11,1,22.5,3,0
15,16,2,11,2,67.5,1,0
15,16,2,11,3,112.5,1,0
15,16,2,11,4,157.5,8,0
15,16,2,11,5,202.5,4,0
15,16,2,11,6,247.5,1,0
15,16,2,11,7,292.5,1,0
15,16,2,11,8,337.5,4,0
15,16,3,1,1,22.5,619756,262.073
15,16,3,1,2,67.5,619099,365.689
15,16,3,1,3,112.5,616232,387.479
15,16,3,1,4,157.5,615439,444.797
15,16,3,1,5,202.5,615948,414.952
15,16,3,1,6,247.5,614809,309.532
15,16,3,1,7,292.5,618331,283.323
15,16,3,1,8,337.5,618992,220.579
15,16,3,2,1,22.5,476108,125.03
15,16,3,2,2,67.5,474263,173.864
15,16,3,2,3,112.5,472352,213.013
15,16,3,2,4,157.5,469491,265.908
15,16,3,2,5,202.5,469246,233.292
15,16,3,2,6,247.5,470058,170.326
15,16,3,2,7,292.5,472006,163.152
15,16,3,2,8,337.5,474748,128.459
15,16,3,3,1,22.5,359094,75.2046
15,16,3,3,2,67.5,355672,135.99
15,16,3,3,3,112.5,354536,145.969
15,16,3,3,4,157.5,352287,167.33
15,16,3,3,5,202.5,352193,148.157
15,16,3,3,6,247.5,353929,143.937
15,16,3,3,7,292.5,357381,146.288
15,16,3,3,8,337.5,358040,71.0637
15,16,3,4,1,22.5,262780,52.1616
15,16,3,4,2,67.5,261492,126.297
15,16,3,4,3,112.5,259235,114.106
15,16,3,4,4,157.5,257371,127.147
15,16,3,4,5,202.5,257305,105.16
15,16,3,4,6,247.5,259341,122.762
15,16,3,4,7,292.5,261546,135.213
15,16,3,4,8,337.5,263207,53.9859
15,16,3,5,1,22.5,317951,65.3779
15,16,3,5,2,67.5,314699,154.399
15,16,3,5,3,112.5,311915,128.179
15,16,3,5,4,157.5,309046,107.612
15,16,3,5,5,202.5,307334,93.8277
15,16,3,5,6,247.5,310560,137.858
15,16,3,5,7,292.5,313875,162.105
15,16,3,5,8,337.5,317736,78.0939
15,16,3,6,1,22.5,152976,50.6821
15,16,3,6,2,67.5,151209,114.153
15,16,3,6,3,112.5,149240,78.1417
15,16,3,6,4,157.5,147525,56.5038
15,16,3,6,5,202.5,147512,48.4047
15,16,3,6,6,247.5,149506,89.3
15,16,3,6,7,292.5,150693,111.097
15,16,3,6,8,337.5,153171,49.1302
15,16,3,7,1,22.5,70965,33.0658
15,16,3,7,2,67.5,69579,74.6842
15,16,3,7,3,112.5,68646,50.0086
15,16,3,7,4,157.5,67405,27.9272
15,16,3,7,5,202.5,67514,32.5497
15,16,3,7,6,247.5,69118,57.3164
15,16,3,7,7,292.5,69601,67.2741
15,16,3,7,8,337.5,71115,33.0916
15,16,3,8,1,22.5,39189,23.0488
15,16,3,8,2,67.5,38909,50.0811
15,16,3,8,3,112.5,37907,33.3867
15,16,3,8,4,157.5,37710,12.3482
15,16,3,8,5,202.5,37317,14.4789
15,16,3,8,6,247.5,37958,36.9497
15,16,3,8,7,292.5,38735,44.7942
15,16,3,8,8,337.5,39350,24.9103
15,16,3,9,1,22.5,9642,10.4002
15,16,3,9,2,67.5,9613,19.5339
15,16,3,9,3,112.5,9208,12.402
15,16,3,9,4,157.5,9041,0
15,16,3,9,5,202.5,9032,0
15,16,3,9,6,247.5,9227,13.8795
15,16,3,9,7,292.5,9305,16.2739
15,16,3,9,8,337.5,9519,10.8234
15,16,3,10,1,22.5,2038,0
15,16,3,10,2,67.5,1965,5.47772
15,16,3,10,3,112.5,1904,0
15,16,3,10,4,157.5,1898,0
15,16,3,10,5,202.5,1899,0
15,16,3,10,6,247.5,1918,4.21097
15,16,3,10,7,292.5,1964,4.3488
15,16,3,10,8,337.5,2109,0
15,16,3,11,1,22.5,105,0
15,16,3,11,2,67.5,92,0
15,16,3,11,3,112.5,81,0
15,16,3,11,4,157.5,78,0
15,16,3,11,5,202.5,96,0
15,16,3,11,6,247.5,99,0
15,16,3,11,7,292.5,110,0
15,16,3,11,8,337.5,92,0
15,16,4,1,1,22.5,373380,228.38
15,16,4,1,2,67.5,374667,258.007
15,16,4,1,3,112.5,373491,299.305
15,16,4,1,4,157.5,372429,325.912
15,16,4,1,5,202.5,372146,295.864
15,16,4,1,6,247.5,372178,247.298
15,16,4,1,7,292.5,374690,196.616
15,16,4,1,8,337.5,374570,218.811
15,16,4,2,1,22.5,294093,110.231
15,16,4,2,2,67.5,291847,138.445
15,16,4,2,3,112.5,290432,194.852
15,16,4,2,4,157.5,288994,231.657
15,16,4,2,5,202.5,289266,203.658
15,16,4,2,6,247.5,291055,151.166
15,16,4,2,7,292.5,292179,119.297
15,16,4,2,8,337.5,292502,104.656
15,16,4,3,1,22.5,221942,69.8473
15,16,4,3,2,67.5,221041,95.7035
15,16,4,3,3,112.5,218965,145.858
15,16,4,3,4,157.5,217567,179.573
15,16,4,3,5,202.5,218183,153.198
15,16,4,3,6,247.5,219611,118.261
15,16,4,3,7,292.5,220399,111.119
15,16,4,3,8,337.5,222074,69.079
15,16,4,4,1,22.5,162842,46.7339
15,16,4,4,2,67.5,162022,84.4431
15,16,4,4,3,112.5,161065,116.575
15,16,4,4,4,157.5,158721,142.565
15,16,4,4,5,202.5,159798,116.142
15,16,4,4,6,247.5,159888,104.195
15,16,4,4,7,292.5,162411,110.912
15,16,4,4,8,337.5,164642,47.6041
15,16,4,5,1,22.5,202756,47.0162
15,16,4,5,2,67.5,201337,115.945
15,16,4,5,3,112.5,197560,119.703
15,16,4,5,4,157.5,196515,144.005
15,16,4,5,5,202.5,195714,119.494
15,16,4,5,6,247.5,197798,126.703
15,16,4,5,7,292.5,200929,140.517
15,16,4,5,8,337.5,203174,48.9152
15,16,4,6,1,22.5,100851,31.7312
15,16,4,6,2,67.5,99896,96.9602
15,16,4,6,3,112.5,98199,83.7669
15,16,4,6,4,157.5,96392,89.6355
15,16,4,6,5,202.5,96679,75.2351
15,16,4,6,6,247.5,98116,93.7297
15,16,4,6,7,292.5,99256,106.832
15,16,4,6,8,337.5,101253,31.1811
15,16,4,7,1,22.5,47761,23.6064
15,16,4,7,2,67.5,46627,72.9818
15,16,4,7,3,112.5,46123,57.8314
15,16,4,7,4,157.5,45107,53.0117
15,16,4,7,5,202.5,45345,44.6038
15,16,4,7,6,247.5,45867,66.5519
15,16,4,7,7,292.5,47126,74.7136
15,16,4,7,8,337.5,47985,22.1827
15,16,4,8,1,22.5,26866,18.5214
15,16,4,8,2,67.5,26642,56.1644
15,16,4,8,3,112.5,25629,42.7499
15,16,4,8,4,157.5,25508,35.3139
15,16,4,8,5,202.5,25222,30.0227
15,16,4,8,6,247.5,25753,50.4258
15,16,4,8,7,292.5,26824,53.0213
15,16,4,8,8,337.5,26994,17.7461
15,16,4,9,1,22.5,6790,10.4398
15,16,4,9,2,67.5,6533,27.5529
15,16,4,9,3,112.5,6520,22.4934
15,16,4,9,4,157.5,6354,14.1183
15,16,4,9,5,202.5,6191,13.2455
15,16,4,9,6,247.5,6480,26.626
15,16,4,9,7,292.5,6623,24.332
15,16,4,9,8,337.5,6797,11.7219
15,16,4,10,1,22.5,1580,5.98214
15,16,4,10,2,67.5,1559,13.4316
15,16,4,10,3,112.5,1536,9.34108
15,16,4,10,4,157.5,1508,0
15,16,4,10,5,202.5,1415,3.86613
15,16,4,10,6,247.5,1559,12.1869
15,16,4,10,7,292.5,1530,11.5409
15,16,4,10,8,337.5,1583,4.883
15,16,4,11,1,22.5,136,0
15,16,4,11,2,67.5,115,0
15,16,4,11,3,112.5,112,0
15,16,4,11,4,157.5,105,0
15,16,4,11,5,202.5,86,0
15,16,4,11,6,247.5,107,0
15,16,4,11,7,292.5,105,0
15,16,4,11,8,337.5,116,0
15,16,5,1,1,22.5,198842,171.53
15,16,5,1,2,67.5,198959,187.453
15,16,5,1,3,112.5,199034,215.586
15,16,5,1,4,157.5,197885,221.563
15,16,5,1,5,202.5,198201,207.411
15,16,5,1,6,247.5,198094,176.805
15,16,5,1,7,292.5,198429,151.525
15,16,5,1,8,337.5,199257,159.922
15,16,5,2,1,22.5,151019,96.4185
15,16,5,2,2,67.5,149558,119.638
15,16,5,2,3,112.5,149061,150.513
15,16,5,2,4,157.5,147636,180.422
15,16,5,2,5,202.5,147685,156.158
15,16,5,2,6,247.5,148252,113.457
15,16,5,2,7,292.5,149849,76.7431
15,16,5,2,8,337.5,150923,80.9402
15,16,5,3,1,22.5,111677,55.5454
15,16,5,3,2,67.5,110998,75.3746
15,16,5,3,3,112.5,110066,118.754
15,16,5,3,4,157.5,109399,157.517
15,16,5,3,5,202.5,108962,127.574
15,16,5,3,6,247.5,109781,89.0983
15,16,5,3,7,292.5,110029,65.0131
15,16,5,3,8,337.5,111656,43.4285
15,16,5,4,1,22.5,81048,31.7965
15,16,5,4,2,67.5,81233,50.4168
15,16,5,4,3,112.5,79735,93.4386
15,16,5,4,4,157.5,78934,122.611
15,16,5,4,5,202.5,79243,102.798
15,16,5,4,6,247.5,79617,72.3927
15,16,5,4,7,292.5,81214,67.0365
15,16,5,4,8,337.5,82301,32.1216
15,16,5,5,1,22.5,101124,26.8489
15,16,5,5,2,67.5,99462,64.3189
15,16,5,5,3,112.5,98267,98.2715
15,16,5,5,4,157.5,96807,130.899
15,16,5,5,5,202.5,96879,109.321
15,16,5,5,6,247.5,97670,95.1062
15,16,5,5,7,292.5,99523,93.0222
15,16,5,5,8,337.5,101653,33.7228
15,16,5,6,1,22.5,49804,17.1812
15,16,5,6,2,67.5,48755,56.8707
15,16,5,6,3,112.5,48113,65.264
15,16,5,6,4,157.5,47394,88.181
15,16,5,6,5,202.5,46805,71.5249
15,16,5,6,6,247.5,48206,66.913
15,16,5,6,7,292.5,49152,75.1557
15,16,5,6,8,337.5,49176,20.6942
15,16,5,7,1,22.5,22869,13.8168
15,16,5,7,2,67.5,22421,45.0331
15,16,5,7,3,112.5,21826,43.7855
15,16,5,7,4,157.5,21341,55.2109
15,16,5,7,5,202.5,21685,46.2992
15,16,5,7,6,247.5,22043,48.5782
15,16,5,7,7,292.5,22379,53.9151
15,16,5,7,8,337.5,23120,13.3338
15,16,5,8,1,22.5,12090,7.34161
15,16,5,8,2,67.5,11764,36.3933
15,16,5,8,3,112.5,11195,31.6428
15,16,5,8,4,157.5,11332,40.5274
15,16,5,8,5,202.5,11162,32.8939
15,16,5,8,6,247.5,11385,36.1657
15,16,5,8,7,292.5,11535,37.3291
15,16,5,8,8,337.5,12083,7.97382
15,16,5,9,1,22.5,2624,0
15,16,5,9,2,67.5,2661,17.9585
15,16,5,9,3,112.5,2482,15.757
15,16,5,9,4,157.5,2415,18.0185
15,16,5,9,5,202.5,2379,13.7695
15,16,5,9,6,247.5,2543,18.1769
15,16,5,9,7,292.5,2486,15.3613
15,16,5,9,8,337.5,2687,0
15,16,5,10,1,22.5,527,0
15,16,5,10,2,67.5,479,7.09977
15,16,5,10,3,112.5,458,7.37756
15,16,5,10,4,157.5,508,6.97481
15,16,5,10,5,202.5,463,5.10611
15,16,5,10,6,247.5,479,7.85042
15,16,5,10,7,292.5,522,7.09658
15,16,5,10,8,337.5,495,0
15,16,5,11,1,22.5,14,0
15,16,5,11,2,67.5,16,0
15,16,5,11,3,112.5,12,0
15,16,5,11,4,157.5,10,0
15,16,5,11,5,202.5,17,0
15,16,5,11,6,247.5,15,0
15,16,5,11,7,292.5,13,0
15,16,5,11,8,337.5,20,0
15,16,6,1,1,22.5,70445,108.105
15,16,6,1,2,67.5,70802,114.555
15,16,6,1,3,112.5,70052,124.973
15,16,6,1,4,157.5,70219,126.813
15,16,6,1,5,202.5,70050,117.229
15,16,6,1,6,247.5,69720,100.752
15,16,6,1,7,292.5,70396,90.3654
15,16,6,1,8,337.5,70958,99.6092
15,16,6,2,1,22.5,51036,67.6874
15,16,6,2,2,67.5,51330,77.3727
15,16,6,2,3,112.5,50300,95.8793
15,16,6,2,4,157.5,50109,109.616
15,16,6,2,5,202.5,50000,93.6086
15,16,6,2,6,247.5,50579,66.0965
15,16,6,2,7,292.5,51033,47.7775
15,16,6,2,8,337.5,51051,52.8726
15,16,6,3,1,22.5,36313,39.0667
15,16,6,3,2,67.5,36035,52.1013
15,16,6,3,3,112.5,35691,74.152
15,16,6,3,4,157.5,35796,91.2389
15,16,6,3,5,202.5,35719,83.0865
15,16,6,3,6,247.5,35775,50.6706
15,16,6,3,7,292.5,36214,32.1471
15,16,6,3,8,337.5,36642,28.1268
15,16,6,4,1,22.5,25614,24.0508
15,16,6,4,2,67.5,25243,34.326
15,16,6,4,3,112.5,24809,57.6204
15,16,6,4,4,157.5,24502,72.1879
15,16,6,4,5,202.5,24586,59.952
15,16,6,4,6,247.5,24983,39.1726
15,16,6,4,7,292.5,25324,30.5148
15,16,6,4,8,337.5,25632,15.6952
15,16,6,5,1,22.5,29161,12.5541
15,16,6,5,2,67.5,28950,31.0761
15,16,6,5,3,112.5,28000,58.0442
15,16,6,5,4,157.5,27273,79.1392
15,16,6,5,5,202.5,27794,64.5411
15,16,6,5,6,247.5,28423,46.5107
15,16,6,5,7,292.5,28843,42.9147
15,16,6,5,8,337.5,29569,13.035
15,16,6,6,1,22.5,12474,0
15,16,6,6,2,67.5,12374,20.8469
15,16,6,6,3,112.5,12079,34.3768
15,16,6,6,4,157.5,11914,49.3507
15,16,6,6,5,202.5,11982,39.6811
15,16,6,6,6,247.5,11832,31.5819
15,16,6,6,7,292.5,12154,33.8581
15,16,6,6,8,337.5,12554,7.71001
15,16,6,7,1,22.5,4803,0
15,16,6,7,2,67.5,4672,16.9057
15,16,6,7,3,112.5,4475,20.3992
15,16,6,7,4,157.5,4305,28.9754
15,16,6,7,5,202.5,4347,22.5855
15,16,6,7,6,247.5,4483,20.5822
15,16,6,7,7,292.5,4594,22.3625
15,16,6,7,8,337.5,4719,0
15,16,6,8,1,22.5,2010,0
15,16,6,8,2,67.5,1866,11.6569
15,16,6,8,3,112.5,1826,11.9087
15,16,6,8,4,157.5,1774,18.1213
15,16,6,8,5,202.5,1771,13.1237
15,16,6,8,6,247.5,1794,13.5942
15,16,6,8,7,292.5,1904,15.9243
15,16,6,8,8,337.5,1955,0
15,16,6,9,1,22.5,206,0
15,16,6,9,2,67.5,244,0
15,16,6,9,3,112.5,276,0
15,16,6,9,4,157.5,255,0
15,16,6,9,5,202.5,233,3.816
15,16,6,9,6,247.5,251,0
15,16,6,9,7,292.5,260,0
15,16,6,9,8,337.5,253,0
15,16,6,10,1,22.5,12,0
15,16,6,10,2,67.5,14,0
15,16,6,10,3,112.5,14,0
15,16,6,10,4,157.5,13,0
15,16,6,10,5,202.5,9,0
15,16,6,10,6,247.5,7,0
15,16,6,10,7,292.5,13,0
15,16,6,10,8,337.5,18,0
15,16,6,11,1,22.5,0,0
15,16,6,11,2,67.5,0,0
15,16,6,11,3,112.5,0,0
15,16,6,11,4,157.5,0,0
15,16,6,11,5,202.5,0,0
15,16,6,11,6,247.5,0,0
15,16,6,11,7,292.5,0,0
15,16,6,11,8,337.5,0,0
15,16,7,1,1,22.5,9657,41.0464
15,16,7,1,2,67.5,9450,43.5346
15,16,7,1,3,112.5,9634,46.0708
15,16,7,1,4,157.5,9675,48.912
15,16,7,1,5,202.5,9481,43.596
15,16,7,1,6,247.5,9761,39.7817
15,16,7,1,7,292.5,9585,35.8633
15,16,7,1,8,337.5,9639,37.4178
15,16,7,2,1,22.5,6006,24.6721
15,16,7,2,2,67.5,5966,29.0207
15,16,7,2,3,112.5,6036,33.2509
15,16,7,2,4,157.5,5761,36.1685
15,16,7,2,5,202.5,5934,32.7604
15,16,7,2,6,247.5,5981,22.6089
15,16,7,2,7,292.5,6018,16.8785
15,16,7,2,8,337.5,5997,20.0664
15,16,7,3,1,22.5,3627,13.6943
15,16,7,3,2,67.5,3553,20.7707
15,16,7,3,3,112.5,3403,21.6149
15,16,7,3,4,157.5,3437,28.1549
15,16,7,3,5,202.5,3542,24.2802
15,16,7,3,6,247.5,3460,14.0002
15,16,7,3,7,292.5,3517,10.3403
15,16,7,3,8,337.5,3529,9.23934
15,16,7,4,1,22.5,2098,7.94395
15,16,7,4,2,67.5,1999,10.5659
15,16,7,4,3,112.5,1984,16.9774
15,16,7,4,4,157.5,2011,21.2274
15,16,7,4,5,202.5,2003,15.6277
15,16,7,4,6,247.5,1972,10.1797
15,16,7,4,7,292.5,2092,5.59555
15,16,7,4,8,337.5,2154,0
15,16,7,5,1,22.5,1735,0
15,16,7,5,2,67.5,1759,6.95811
15,16,7,5,3,112.5,1737,15.7093
15,16,7,5,4,157.5,1648,19.1122
15,16,7,5,5,202.5,1693,12.8636
15,16,7,5,6,247.5,1735,9.50069
15,16,7,5,7,292.5,1761,7.43246
15,16,7,5,8,337.5,1761,0
15,16,7,6,1,22.5,462,0
15,16,7,6,2,67.5,450,0
15,16,7,6,3,112.5,391,4.56985
15,16,7,6,4,157.5,419,7.46808
15,16,7,6,5,202.5,451,6.65716
15,16,7,6,6,247.5,452,0
15,16,7,6,7,292.5,428,0
15,16,7,6,8,337.5,432,0
15,16,7,7,1,22.5,82,0
15,16,7,7,2,67.5,90,0
15,16,7,7,3,112.5,87,0
15,16,7,7,4,157.5,54,0
15,16,7,7,5,202.5,71,0
15,16,7,7,6,247.5,73,0
15,16,7,7,7,292.5,70,0
15,16,7,7,8,337.5,71,0
15,16,7,8,1,22.5,5,0
15,16,7,8,2,67.5,4,0
15,16,7,8,3,112.5,3,0
15,16,7,8,4,157.5,7,0
15,16,7,8,5,202.5,2,0
15,16,7,8,6,247.5,8,0
15,16,7,8,7,292.5,5,0
15,16,7,8,8,337.5,7,0
15,16,7,9,1,22.5,0,0
15,16,7,9,2,67.5,0,0
15,16,7,9,3,112.5,0,0
15,16,7,9,4,157.5,0,0
15,16,7,9,5,202.5,0,0
15,16,7,9,6,247.5,0,0
15,16,7,9,7,292.5,0,0
15,16,7,9,8,337.5,0,0
15,16,7,10,1,22.5,0,0
15,16,7,10,2,67.5,0,0
15,16,7,10,3,112.5,0,0
15,16,7,10,4,157.5,0,0
15,16,7,10,5,202.5,0,0
15,16,7,10,6,247.5,0,0
15,16,7,10,7,292.5,0,0
15,16,7,10,8,337.5,0,0
15,16,7,11,1,22.5,0,0
15,16,7,11,2,67.5,0,0
15,16,7,11,3,112.5,0,0
15,16,7,11,4,157.5,0,0
15,16,7,11,5,202.5,0,0
15,16,7,11,6,247.5,0,0
15,16,7,11,7,292.5,0,0
15,16,7,11,8,337.5,0,0
15,16,8,1,1,22.5,68.7246,9.04565
15,16,8,1,2,67.5,47.5316,7.66629
15,16,8,1,3,112.5,57.7041,8.35343
15,16,8,1,4,157.5,31.0596,7.21979
15,16,8,1,5,202.5,9.98776,3.36322
15,16,8,1,6,247.5,8,0
15,16,8,1,7,292.5,41.4502,6.99761
15,16,8,1,8,337.5,33.6072,6.42748
15,16,8,2,1,22.5,1,0
15,16,8,2,2,67.5,8.55151,3.29883
15,16,8,2,3,112.5,65.1619,8.8097
15,16,8,2,4,157.5,6.935,3.31834
15,16,8,2,5,202.5,13.5147,4.74856
15,16,8,2,6,247.5,10.5597,3.63386
15,16,8,2,7,292.5,11.8453,3.62946
15,16,8,2,8,337.5,2,0
15,16,8,3,1,22.5,0,0
15,16,8,3,2,67.5,0,0
15,16,8,3,3,112.5,0,0
15,16,8,3,4,157.5,13.9864,4.67258
15,16,8,3,5,202.5,0,0
15,16,8,3,6,247.5,0,0
15,16,8,3,7,292.5,0,0
15,16,8,3,8,337.5,0,0
15,16,8,4,1,22.5,0,0
15,16,8,4,2,67.5,0,0
15,16,8,4,3,112.5,20.1285,5.66447
15,16,8,4,4,157.5,0,0
15,16,8,4,5,202.5,0,0
15,16,8,4,6,247.5,0,0
15,16,8,4,7,292.5,0,0
15,16,8,4,8,337.5,10.1393,3.49655
15,16,8,5,1,22.5,0,0
15,16,8,5,2,67.5,0,0
15,16,8,5,3,112.5,0,0
15,16,8,5,4,157.5,15.6141,4.29557
15,16,8,5,5,202.5,8.85611,3.22134
15,16,8,5,6,247.5,0,0
15,16,8,5,7,292.5,0,0
15,16,8,5,8,337.5,0,0
15,16,8,6,1,22.5,0,0
15,16,8,6,2,67.5,0,0
15,16,8,6,3,112.5,0,0
15,16,8,6,4,157.5,0,0
15,16,8,6,5,202.5,0,0
15,16,8,6,6,247.5,0,0
15,16,8,6,7,292.5,0,0
15,16,8,6,8,337.5,0,0
15,16,8,7,1,22.5,0,0
15,16,8,7,2,67.5,0,0
15,16,8,7,3,112.5,0,0
15,16,8,7,4,157.5,0,0
15,16,8,7,5,202.5,0,0
15,16,8,7,6,247.5,0,0
15,16,8,7,7,292.5,0,0
15,16,8,7,8,337.5,0,0
15,16,8,8,1,22.5,0,0
15,16,8,8,2,67.5,0,0
15,16,8,8,3,112.5,0,0
15,16,8,8,4,157.5,0,0
15,16,8,8,5,202.5,0,0
15,16,8,8,6,247.5,0,0
15,16,8,8,7,292.5,0,0
15,16,8,8,8,337.5,0,0
15,16,8,9,1,22.5,0,0
15,16,8,9,2,67.5,0,0
15,16,8,9,3,112.5,0,0
15,16,8,9,4,157.5,0,0
15,16,8,9,5,202.5,0,0
15,16,8,9,6,247.5,0,0
15,16,8,9,7,292.5,0,0
15,16,8,9,8,337.5,0,0
15,16,8,10,1,22.5,0,0
15,16,8,10,2,67.5,0,0
15,16,8,10,3,112.5,0,0
15,16,8,10,4,157.5,0,0
15,16,8,10,5,202.5,0,0
15,16,8,10,6,247.5,0,0
15,16,8,10,7,292.5,0,0
15,16,8,10,8,337.5,0,0
15,16,8,11,1,22.5,0,0
15,16,8,11,2,67.5,0,0
15,16,8,11,3,112.5,0,0
15,16,8,11,4,157.5,0,0
15,16,8,11,5,202.5,0,0
15,16,8,11,6,247.5,0,0
15,16,8,11,7,292.5,0,0
15,16,8,11,8,337.5,0,0
16,17,1,1,1,22.5,7.30714e+06,217.562
16,17,1,1,2,67.5,7.29361e+06,438.377
16,17,1,1,3,112.5,7.27318e+06,268.839
16,17,1,1,4,157.5,7.24799e+06,337.574
16,17,1,1,5,202.5,7.2569e+06,371.292
16,17,1,1,6,247.5,7.26619e+06,333.657
16,17,1,1,7,292.5,7.29639e+06,354.305
16,17,1,1,8,337.5,7.30946e+06,160.947
16,17,1,2,1,22.5,2.85512e+06,60.6276
16,17,1,2,2,67.5,2.843e+06,142.53
16,17,1,2,3,112.5,2.81845e+06,180.598
16,17,1,2,4,157.5,2.80749e+06,208.249
16,17,1,2,5,202.5,2.80446e+06,168.147
16,17,1,2,6,247.5,2.82047e+06,211.823
16,17,1,2,7,292.5,2.83975e+06,144.94
16,17,1,2,8,337.5,2.85495e+06,81.5121
16,17,1,3,1,22.5,1.37236e+06,57.9671
16,17,1,3,2,67.5,1.36465e+06,94.5717
16,17,1,3,3,112.5,1.35368e+06,101.506
16,17,1,3,4,157.5,1.34337e+06,111.857
16,17,1,3,5,202.5,1.34344e+06,87.9705
16,17,1,3,6,247.5,1.35423e+06,135.78
16,17,1,3,7,292.5,1.36427e+06,97.052
16,17,1,3,8,337.5,1.37084e+06,49.8613
16,17,1,4,1,22.5,726430,42.8202
16,17,1,4,2,67.5,721945,62.0645
16,17,1,4,3,112.5,714124,63.5247
16,17,1,4,4,157.5,708461,59.7357
16,17,1,4,5,202.5,707157,51.8564
16,17,1,4,6,247.5,713112,70.4623
16,17,1,4,7,292.5,721939,61.2981
16,17,1,4,8,337.5,725303,40.3271
16,17,1,5,1,22.5,636871,27.1685
16,17,1,5,2,67.5,629664,41.4869
16,17,1,5,3,112.5,624912,39.1487
16,17,1,5,4,157.5,617464,54.0072
16,17,1,5,5,202.5,617223,29.3355
16,17,1,5,6,247.5,623350,43.3962
16,17,1,5,7,292.5,630712,38.909
16,17,1,5,8,337.5,635004,28.7389
16,17,1,6,1,22.5,212276,7.09569
16,17,1,6,2,67.5,210532,9.56795
16,17,1,6,3,112.5,206455,10.1694
16,17,1,6,4,157.5,204539,22.1318
16,17,1,6,5,202.5,203806,7.76547
16,17,1,6,6,247.5,207253,26.7724
16,17,1,6,7,292.5,210109,17.8673
16,17,1,6,8,337.5,211921,6.98907
16,17,1,7,1,22.5,71040,0
16,17,1,7,2,67.5,70040,0
16,17,1,7,3,112.5,68669,15.1482
16,17,1,7,4,157.5,67959,0
16,17,1,7,5,202.5,68152,0
16,17,1,7,6,247.5,69139,9.58524
16,17,1,7,7,292.5,70182,5.6102
16,17,1,7,8,337.5,71055,0
16,17,1,8,1,22.5,27809,0
16,17,1,8,2,67.5,27105,0
16,17,1,8,3,112.5,26424,0
16,17,1,8,4,157.5,26204,0
16,17,1,8,5,202.5,26137,4.13255
16,17,1,8,6,247.5,26500,17.5813
16,17,1,8,7,292.5,26996,0
16,17,1,8,8,337.5,27630,0
16,17,1,9,1,22.5,4190,0
16,17,1,9,2,67.5,4131,0
16,17,1,9,3,112.5,4088,0
16,17,1,9,4,157.5,3949,0
16,17,1,9,5,202.5,3957,0
16,17,1,9,6,247.5,3991,0
16,17,1,9,7,292.5,4184,0
16,17,1,9,8,337.5,4200,0
16,17,1,10,1,22.5,391,0
16,17,1,10,2,67.5,393,0
16,17,1,10,3,112.5,350,0
16,17,1,10,4,157.5,378,0
16,17,1,10,5,202.5,350,0
16,17,1,10,6,247.5,379,0
16,17,1,10,7,292.5,396,0
16,17,1,10,8,337.5,425,0
16,17,1,11,1,22.5,1,0
16,17,1,11,2,67.5,0,0
16,17,1,11,3,112.5,0,0
16,17,1,11,4,157.5,0,0
16,17,1,11,5,202.5,2,0
16,17,1,11,6,247.5,1,0
16,17,1,11,7,292.5,1,0
16,17,1,11,8,337.5,2,0
16,17,2,1,1,22.5,863459,269.355
16,17,2,1,2,67.5,860401,322.764
16,17,2,1,3,112.5,857533,357.39
16,17,2,1,4,157.5,854863,549.514
16,17,2,1,5,202.5,852682,681.914
16,17,2,1,6,247.5,855509,412.362
16,17,2,1,7,292.5,858372,219.979
16,17,2,1,8,337.5,862034,288.778
16,17,2,2,1,22.5,634737,117.843
16,17,2,2,2,67.5,630774,209.942
16,17,2,2,3,112.5,626653,253.145
16,17,2,2,4,157.5,623260,348.912
16,17,2,2,5,202.5,623420,294.66
16,17,2,2,6,247.5,625425,297.28
16,17,2,2,7,292.5,630143,234.766
16,17,2,2,8,337.5,637300,101.509
16,17,2,3,1,22.5,456002,74.4096
16,17,2,3,2,67.5,452535,155.262
16,17,2,3,3,112.5,445670,183.427
16,17,2,3,4,157.5,444228,227.092
16,17,2,3,5,202.5,444197,195.352
16,17,2,3,6,247.5,446886,206.749
16,17,2,3,7,292.5,452728,171.134
16,17,2,3,8,337.5,456504,75.6067
16,17,2,4,1,22.5,324745,66.7733
16,17,2,4,2,67.5,322259,136.984
16,17,2,4,3,112.5,316804,142.051
16,17,2,4,4,157.5,314602,158.429
16,17,2,4,5,202.5,314097,139.103
16,17,2,4,6,247.5,318072,162.597
16,17,2,4,7,292.5,322440,146.958
16,17,2,4,8,337.5,327042,69.4057
16,17,2,5,1,22.5,393357,85.2671
16,17,2,5,2,67.5,388389,154.115
16,17,2,5,3,112.5,382803,153.271
16,17,2,5,4,157.5,377008,156.911
16,17,2,5,5,202.5,378059,143.1
16,17,2,5,6,247.5,381851,171.068
16,17,2,5,7,292.5,387967,147.577
16,17,2,5,8,337.5,392901,82.959
16,17,2,6,1,22.5,198478,53.1788
16,17,2,6,2,67.5,196732,95.7964
16,17,2,6,3,112.5,193148,91.3473
16,17,2,6,4,157.5,190280,80.7041
16,17,2,6,5,202.5,190251,70.8073
16,17,2,6,6,247.5,192161,98.7231
16,17,2,6,7,292.5,195988,86.0003
16,17,2,6,8,337.5,198813,51.4478
16,17,2,7,1,22.5,101301,31.959
16,17,2,7,2,67.5,99771,51.2022
16,17,2,7,3,112.5,98224,47.2327
16,17,2,7,4,157.5,96251,39.8491
16,17,2,7,5,202.5,97069,39.9663
16,17,2,7,6,247.5,97943,54.0293
16,17,2,7,7,292.5,99969,47.09
16,17,2,7,8,337.5,101339,29.3418
16,17,2,8,1,22.5,65989,17.1764
16,17,2,8,2,67.5,64897,24.6199
16,17,2,8,3,112.5,62968,23.8101
16,17,2,8,4,157.5,61969,23.8098
16,17,2,8,5,202.5,62374,21.02
16,17,2,8,6,247.5,63263,26.9022
16,17,2,8,7,292.5,64860,23.2197
16,17,2,8,8,337.5,66030,17.3907
16,17,2,9,1,22.5,21772,0
16,17,2,9,2,67.5,21759,5.61604
16,17,2,9,3,112.5,20920,6.17313
16,17,2,9,4,157.5,20505,0
16,17,2,9,5,202.5,20801,6.44047
16,17,2,9,6,247.5,21137,8.51221
16,17,2,9,7,292.5,21767,7.32134
16,17,2,9,8,337.5,21727,0
16,17,2,10,1,22.5,7213,0
16,17,2,10,2,67.5,7056,0
16,17,2,10,3,112.5,6983,5.44521
16,17,2,10,4,157.5,6592,0
16,17,2,10,5,202.5,6857,0
16,17,2,10,6,247.5,6843,0
16,17,2,10,7,292.5,7206,0
16,17,2,10,8,337.5,7218,0
16,17,2,11,1,22.5,1060,0
16,17,2,11,2,67.5,955,0
16,17,2,11,3,112.5,946,0
16,17,2,11,4,157.5,831,0
16,17,2,11,5,202.5,895,0
16,17,2,11,6,247.5,902,0
16,17,2,11,7,292.5,952,0
16,17,2,11,8,337.5,986,0
16,17,3,1,1,22.5,442790,174.611
16,17,3,1,2,67.5,441907,231.916
16,17,3,1,3,112.5,440422,361.473
16,17,3,1,4,157.5,437728,426.286
16,17,3,1,5,202.5,437559,382.825
16,17,3,1,6,247.5,439683,265.494
16,17,3,1,7,292.5,442314,222.829
16,17,3,1,8,337.5,442965,239.657
16,17,3,2,1,22.5,346730,97.1364
16,17,3,2,2,67.5,344157,154.104
16,17,3,2,3,112.5,340407,247.122
16,17,3,2,4,157.5,339630,333.356
16,17,3,2,5,202.5,340127,265.911
16,17,3,2,6,247.5,341789,194.764
16,17,3,2,7,292.5,345557,168.515
16,17,3,2,8,337.5,347238,91.8976
16,17,3,3,1,22.5,268283,61.772
16,17,3,3,2,67.5,265600,121.451
16,17,3,3,3,112.5,261713,177.563
16,17,3,3,4,157.5,259385,218.221
16,17,3,3,5,202.5,260101,204.115
16,17,3,3,6,247.5,261483,198.463
16,17,3,3,7,292.5,265346,138.319
16,17,3,3,8,337.5,267779,53.1106
16,17,3,4,1,22.5,202530,39.3045
16,17,3,4,2,67.5,199719,107.488
16,17,3,4,3,112.5,197067,137.262
16,17,3,4,4,157.5,194500,182.427
16,17,3,4,5,202.5,194425,161.278
16,17,3,4,6,247.5,196645,142.183
16,17,3,4,7,292.5,199932,134.715
16,17,3,4,8,337.5,202312,38.7176
16,17,3,5,1,22.5,260408,48.5709
16,17,3,5,2,67.5,256196,141.587
16,17,3,5,3,112.5,250462,154.728
16,17,3,5,4,157.5,246744,198.716
16,17,3,5,5,202.5,246861,161.787
16,17,3,5,6,247.5,250710,175.706
16,17,3,5,7,292.5,257040,151.742
16,17,3,5,8,337.5,259876,49.52
16,17,3,6,1,22.5,139500,43.3934
16,17,3,6,2,67.5,136607,115.644
16,17,3,6,3,112.5,133308,115.279
16,17,3,6,4,157.5,130909,127.583
16,17,3,6,5,202.5,131250,111.434
16,17,3,6,6,247.5,133347,129.045
16,17,3,6,7,292.5,136393,113.751
16,17,3,6,8,337.5,139081,41.8743
16,17,3,7,1,22.5,74101,34.7134
16,17,3,7,2,67.5,72729,87.1622
16,17,3,7,3,112.5,70521,82.3778
16,17,3,7,4,157.5,68980,83.8256
16,17,3,7,5,202.5,68858,73.649
16,17,3,7,6,247.5,70843,96.2423
16,17,3,7,7,292.5,72935,79.583
16,17,3,7,8,337.5,73754,35.867
16,17,3,8,1,22.5,52086,32.5094
16,17,3,8,2,67.5,51018,70.1182
16,17,3,8,3,112.5,49364,66.7862
16,17,3,8,4,157.5,48533,64.4582
16,17,3,8,5,202.5,48311,56.4269
16,17,3,8,6,247.5,48773,75.8727
16,17,3,8,7,292.5,51190,61.4179
16,17,3,8,8,337.5,51844,35.2116
16,17,3,9,1,22.5,20520,21.2369
16,17,3,9,2,67.5,19938,38.1716
16,17,3,9,3,112.5,19653,36.0839
16,17,3,9,4,157.5,19138,33.19
16,17,3,9,5,202.5,18761,29.6177
16,17,3,9,6,247.5,19214,41.1826
16,17,3,9,7,292.5,20071,34.2571
16,17,3,9,8,337.5,20236,22.052
16,17,3,10,1,22.5,9404,13.4813
16,17,3,10,2,67.5,9217,20.2781
16,17,3,10,3,112.5,8682,19.405
16,17,3,10,4,157.5,8595,17.5687
16,17,3,10,5,202.5,8623,13.9215
16,17,3,10,6,247.5,8793,21.2097
16,17,3,10,7,292.5,9237,18.916
16,17,3,10,8,337.5,9264,14.375
16,17,3,11,1,22.5,2712,0
16,17,3,11,2,67.5,2651,7.64808
16,17,3,11,3,112.5,2445,7.58295
16,17,3,11,4,157.5,2442,0
16,17,3,11,5,202.5,2456,4.15715
16,17,3,11,6,247.5,2434,5.90423
16,17,3,11,7,292.5,2624,6.91761
16,17,3,11,8,337.5,2798,4.38263
16,17,4,1,1,22.5,268420,174.133
16,17,4,1,2,67.5,266669,186.764
16,17,4,1,3,112.5,266390,246.935
16,17,4,1,4,157.5,264791,275.977
16,17,4,1,5,202.5,263699,262.84
16,17,4,1,6,247.5,265958,210.317
16,17,4,1,7,292.5,267404,149.168
16,17,4,1,8,337.5,268477,135.769
16,17,4,2,1,22.5,213607,81.2226
16,17,4,2,2,67.5,211892,125.59
16,17,4,2,3,112.5,209462,188.47
16,17,4,2,4,157.5,208363,228.255
16,17,4,2,5,202.5,208267,206.576
16,17,4,2,6,247.5,209690,135.736
16,17,4,2,7,292.5,211661,102.767
16,17,4,2,8,337.5,213023,68.1698
16,17,4,3,1,22.5,167547,45.2176
16,17,4,3,2,67.5,165081,88.7198
16,17,4,3,3,112.5,162698,163.817
16,17,4,3,4,157.5,160818,192.933
16,17,4,3,5,202.5,160993,164.081
16,17,4,3,6,247.5,161937,131.645
16,17,4,3,7,292.5,165134,96.7033
16,17,4,3,8,337.5,167231,41.74
16,17,4,4,1,22.5,128329,29.8371
16,17,4,4,2,67.5,125848,71.484
16,17,4,4,3,112.5,123924,117.831
16,17,4,4,4,157.5,122432,157.916
16,17,4,4,5,202.5,121934,138.217
16,17,4,4,6,247.5,123681,108.759
16,17,4,4,7,292.5,126046,98.3911
16,17,4,4,8,337.5,127451,29.9153
16,17,4,5,1,22.5,170223,27.7608
16,17,4,5,2,67.5,167384,97.7942
16,17,4,5,3,112.5,163563,136.977
16,17,4,5,4,157.5,160764,190.013
16,17,4,5,5,202.5,160563,149.328
16,17,4,5,6,247.5,163401,141.924
16,17,4,5,7,292.5,167224,123.86
16,17,4,5,8,337.5,169579,29.9117
16,17,4,6,1,22.5,95447,20.381
16,17,4,6,2,67.5,93643,88.4218
16,17,4,6,3,112.5,90398,99.1577
16,17,4,6,4,157.5,88851,129.997
16,17,4,6,5,202.5,88839,108.636
16,17,4,6,6,247.5,90862,109.463
16,17,4,6,7,292.5,93158,98.9049
16,17,4,6,8,337.5,95543,19.3526
16,17,4,7,1,22.5,52236,16.6184
16,17,4,7,2,67.5,51148,72.1059
16,17,4,7,3,112.5,49353,74.4965
16,17,4,7,4,157.5,48092,93.9384
16,17,4,7,5,202.5,48237,78.1893
16,17,4,7,6,247.5,49268,85.3179
16,17,4,7,7,292.5,50859,73.4614
16,17,4,7,8,337.5,52011,14.9441
16,17,4,8,1,22.5,37462,15.0612
16,17,4,8,2,67.5,36352,66.7934
16,17,4,8,3,112.5,34341,63.8417
16,17,4,8,4,157.5,34009,76.4481
16,17,4,8,5,202.5,33529,63.6274
16,17,4,8,6,247.5,35080,74.3974
16,17,4,8,7,292.5,36214,60.4223
16,17,4,8,8,337.5,37203,15.3566
16,17,4,9,1,22.5,14959,12.8015
16,17,4,9,2,67.5,14311,42.5367
16,17,4,9,3,112.5,13752,39.6912
16,17,4,9,4,157.5,13224,44.0747
16,17,4,9,5,202.5,13393,37.8128
16,17,4,9,6,247.5,13587,47.9356
16,17,4,9,7,292.5,14288,36.5015
16,17,4,9,8,337.5,14709,15.2129
16,17,4,10,1,22.5,6646,13.4248
16,17,4,10,2,67.5,6466,29.177
16,17,4,10,3,112.5,6139,26.8248
16,17,4,10,4,157.5,6036,29.0168
16,17,4,10,5,202.5,5912,25.2975
16,17,4,10,6,247.5,6337,33.0711
16,17,4,10,7,292.5,6455,25.137
16,17,4,10,8,337.5,6687,12.6204
16,17,4,11,1,22.5,2239,8.44184
16,17,4,11,2,67.5,2099,15.33
16,17,4,11,3,112.5,2019,14.6777
16,17,4,11,4,157.5,1958,14.8856
16,17,4,11,5,202.5,1940,12.9374
16,17,4,11,6,247.5,2037,17.1806
16,17,4,11,7,292.5,2052,14.147
16,17,4,11,8,337.5,2290,8.16134
16,17,5,1,1,22.5,147683,116.99
16,17,5,1,2,67.5,147056,146.97
16,17,5,1,3,112.5,146473,169.79
16,17,5,1,4,157.5,145686,189.669
16,17,5,1,5,202.5,145520,177.1
16,17,5,1,6,247.5,146439,151.53
16,17,5,1,7,292.5,147419,109.543
16,17,5,1,8,337.5,147646,135.332
16,17,5,2,1,22.5,116685,67.4281
16,17,5,2,2,67.5,115334,99.6193
16,17,5,2,3,112.5,114359,147.373
16,17,5,2,4,157.5,112473,161.905
16,17,5,2,5,202.5,111815,136.531
16,17,5,2,6,247.5,114077,103.491
16,17,5,2,7,292.5,115532,71.421
16,17,5,2,8,337.5,116510,54.6756
16,17,5,3,1,22.5,91414,39.4166
16,17,5,3,2,67.5,89330,72.9742
16,17,5,3,3,112.5,88072,122.926
16,17,5,3,4,157.5,86915,175.121
16,17,5,3,5,202.5,86398,118.103
16,17,5,3,6,247.5,87644,102.101
16,17,5,3,7,292.5,89724,64.1663
16,17,5,3,8,337.5,90947,30.8964
16,17,5,4,1,22.5,70281,22.4732
16,17,5,4,2,67.5,69059,55.0472
16,17,5,4,3,112.5,67495,97.0397
16,17,5,4,4,157.5,65966,119.985
16,17,5,4,5,202.5,66527,99.7764
16,17,5,4,6,247.5,66845,74.9673
16,17,5,4,7,292.5,69352,62.1238
16,17,5,4,8,337.5,69480,18.7543
16,17,5,5,1,22.5,94176,20.0688
16,17,5,5,2,67.5,93060,62.0715
16,17,5,5,3,112.5,90404,109.686
16,17,5,5,4,157.5,88350,138.843
16,17,5,5,5,202.5,88661,126.81
16,17,5,5,6,247.5,90810,102.096
16,17,5,5,7,292.5,92580,83.9308
16,17,5,5,8,337.5,95148,20.4498
16,17,5,6,1,22.5,54417,9.18799
16,17,5,6,2,67.5,53266,53.7842
16,17,5,6,3,112.5,51323,77.466
16,17,5,6,4,157.5,50303,103.086
16,17,5,6,5,202.5,49727,93.5131
16,17,5,6,6,247.5,51314,78.6486
16,17,5,6,7,292.5,53385,72.2721
16,17,5,6,8,337.5,54409,13.5785
16,17,5,7,1,22.5,30617,9.06
16,17,5,7,2,67.5,29916,47.6293
16,17,5,7,3,112.5,28930,56.3044
16,17,5,7,4,157.5,27793,75.2506
16,17,5,7,5,202.5,27913,63.1269
16,17,5,7,6,247.5,28570,63.2851
16,17,5,7,7,292.5,29544,54.1378
16,17,5,7,8,337.5,30440,6.17812
16,17,5,8,1,22.5,21945,7.86879
16,17,5,8,2,67.5,21267,44.4167
16,17,5,8,3,112.5,20576,47.34
16,17,5,8,4,157.5,19578,61.7779
16,17,5,8,5,202.5,19639,50.3206
16,17,5,8,6,247.5,20409,55.1757
16,17,5,8,7,292.5,21266,47.1167
16,17,5,8,8,337.5,22126,4.99887
16,17,5,9,1,22.5,8727,4.11963
16,17,5,9,2,67.5,8405,28.421
16,17,5,9,3,112.5,7708,29.6882
16,17,5,9,4,157.5,7669,36.671
16,17,5,9,5,202.5,7540,31.4679
16,17,5,9,6,247.5,8007,35.46
16,17,5,9,7,292.5,8321,27.717
16,17,5,9,8,337.5,8514,3.65931
16,17,5,10,1,22.5,3751,0
16,17,5,10,2,67.5,3531,20.5153
16,17,5,10,3,112.5,3287,19.4978
16,17,5,10,4,157.5,3285,23.7099
16,17,5,10,5,202.5,3266,19.8272
16,17,5,10,6,247.5,3375,22.1316
16,17,5,10,7,292.5,3481,16.2788
16,17,5,10,8,337.5,3706,5.6737
16,17,5,11,1,22.5,1079,4.0849
16,17,5,11,2,67.5,1008,10.9771
16,17,5,11,3,112.5,948,11.3286
16,17,5,11,4,157.5,879,12.3116
16,17,5,11,5,202.5,909,11.4551
16,17,5,11,6,247.5,918,12.5644
16,17,5,11,7,292.5,976,9.56976
16,17,5,11,8,337.5,1046,0
16,17,6,1,1,22.5,61790,79.0739
16,17,6,1,2,67.5,61450,87.8952
16,17,6,1,3,112.5,60865,102.839
16,17,6,1,4,157.5,60627,112.839
16,17,6,1,5,202.5,60619,101.364
16,17,6,1,6,247.5,60761,93.997
16,17,6,1,7,292.5,61405,74.3813
16,17,6,1,8,337.5,61749,73.3341
16,17,6,2,1,22.5,48343,50.4192
16,17,6,2,2,67.5,47742,72.7917
16,17,6,2,3,112.5,46845,94.1368
16,17,6,2,4,157.5,46190,102.887
16,17,6,2,5,202.5,46040,92.174
16,17,6,2,6,247.5,47056,62.854
16,17,6,2,7,292.5,47565,42.4975
16,17,6,2,8,337.5,48335,38.0276
16,17,6,3,1,22.5,36919,28.5711
16,17,6,3,2,67.5,36616,53.5466
16,17,6,3,3,112.5,35871,76.2128
16,17,6,3,4,157.5,35028,88.0423
16,17,6,3,5,202.5,35310,73.2699
16,17,6,3,6,247.5,35807,53.4087
16,17,6,3,7,292.5,36831,35.5619
16,17,6,3,8,337.5,36621,18.9813
16,17,6,4,1,22.5,28191,16.4951
16,17,6,4,2,67.5,28098,39.9677
16,17,6,4,3,112.5,26838,62.153
16,17,6,4,4,157.5,26669,74.3016
16,17,6,4,5,202.5,26719,63.0695
16,17,6,4,6,247.5,27035,47.8776
16,17,6,4,7,292.5,28004,35.0827
16,17,6,4,8,337.5,28391,12.3026
16,17,6,5,1,22.5,37260,9.08502
16,17,6,5,2,67.5,36926,37.3008
16,17,6,5,3,112.5,35694,71.9521
16,17,6,5,4,157.5,34748,89.1463
16,17,6,5,5,202.5,35049,71.3984
16,17,6,5,6,247.5,35800,60.2972
16,17,6,5,7,292.5,37013,51.4805
16,17,6,5,8,337.5,37891,9.27841
16,17,6,6,1,22.5,21333,0
16,17,6,6,2,67.5,20377,26.9552
16,17,6,6,3,112.5,19689,49.5635
16,17,6,6,4,157.5,19125,63.2208
16,17,6,6,5,202.5,19578,52.9766
16,17,6,6,6,247.5,20022,46.5872
16,17,6,6,7,292.5,20599,42.2795
16,17,6,6,8,337.5,21048,5.14987
16,17,6,7,1,22.5,11567,0
16,17,6,7,2,67.5,11265,23.2687
16,17,6,7,3,112.5,10920,33.6054
16,17,6,7,4,157.5,10394,46.4119
16,17,6,7,5,202.5,10367,36.7559
16,17,6,7,6,247.5,10688,36.6422
16,17,6,7,7,292.5,11171,31.7568
16,17,6,7,8,337.5,11717,0
16,17,6,8,1,22.5,7962,0
16,17,6,8,2,67.5,7673,22.7494
16,17,6,8,3,112.5,7384,27.7726
16,17,6,8,4,157.5,7161,36.2214
16,17,6,8,5,202.5,7097,31.0386
16,17,6,8,6,247.5,7372,31.5047
16,17,6,8,7,292.5,7653,27.1904
16,17,6,8,8,337.5,7946,0
16,17,6,9,1,22.5,2870,0
16,17,6,9,2,67.5,2755,15.1172
16,17,6,9,3,112.5,2567,18.0293
16,17,6,9,4,157.5,2704,21.2907
16,17,6,9,5,202.5,2591,18.311
16,17,6,9,6,247.5,2626,19.6711
16,17,6,9,7,292.5,2823,17.2674
16,17,6,9,8,337.5,2930,0
16,17,6,10,1,22.5,1061,0
16,17,6,10,2,67.5,1007,8.6395
16,17,6,10,3,112.5,972,8.49669
16,17,6,10,4,157.5,893,11.4937
16,17,6,10,5,202.5,894,9.57995
16,17,6,10,6,247.5,924,11.4777
16,17,6,10,7,292.5,977,8.74108
16,17,6,10,8,337.5,1036,0
16,17,6,11,1,22.5,172,0
16,17,6,11,2,67.5,164,0
16,17,6,11,3,112.5,129,0
16,17,6,11,4,157.5,109,0
16,17,6,11,5,202.5,119,0
16,17,6,11,6,247.5,161,0
16,17,6,11,7,292.5,152,0
16,17,6,11,8,337.5,166,0
16,17,7,1,1,22.5,14227,35.7734
16,17,7,1,2,67.5,14089,45.6728
16,17,7,1,3,112.5,14279,48.3058
16,17,7,1,4,157.5,13990,53.0897
16,17,7,1,5,202.5,14287,52.5016
16,17,7,1,6,247.5,14155,41.1937
16,17,7,1,7,292.5,14186,38.6201
16,17,7,1,8,337.5,14257,35.791
16,17,7,2,1,22.5,10795,21.464
16,17,7,2,2,67.5,10498,33.4944
16,17,7,2,3,112.5,10414,42.6827
16,17,7,2,4,157.5,10287,47.3038
16,17,7,2,5,202.5,10266,41.4076
16,17,7,2,6,247.5,10385,28.6523
16,17,7,2,7,292.5,10513,16.0123
16,17,7,2,8,337.5,10888,16.8318
16,17,7,3,1,22.5,7805,9.32698
16,17,7,3,2,67.5,7736,25.5554
16,17,7,3,3,112.5,7555,33.9626
16,17,7,3,4,157.5,7583,38.8934
16,17,7,3,5,202.5,7633,31.8886
16,17,7,3,6,247.5,7455,21.7028
16,17,7,3,7,292.5,7760,14.1439
16,17,7,3,8,337.5,7972,5.92332
16,17,7,4,1,22.5,5828,0
16,17,7,4,2,67.5,5550,17.8598
16,17,7,4,3,112.5,5581,28.3696
16,17,7,4,4,157.5,5405,33.0055
16,17,7,4,5,202.5,5362,25.8962
16,17,7,4,6,247.5,5513,20.0263
16,17,7,4,7,292.5,5731,14.9777
16,17,7,4,8,337.5,5671,0
16,17,7,5,1,22.5,7100,3.44825
16,17,7,5,2,67.5,6999,17.8904
16,17,7,5,3,112.5,6837,30.3466
16,17,7,5,4,157.5,6629,36.6529
16,17,7,5,5,202.5,6685,29.4194
16,17,7,5,6,247.5,6694,24.2331
16,17,7,5,7,292.5,6908,19.4759
16,17,7,5,8,337.5,7119,0
16,17,7,6,1,22.5,3475,0
16,17,7,6,2,67.5,3451,7.46422
16,17,7,6,3,112.5,3255,20.2927
16,17,7,6,4,157.5,3235,26.1297
16,17,7,6,5,202.5,3185,20.538
16,17,7,6,6,247.5,3298,17.7812
16,17,7,6,7,292.5,3528,13.6901
16,17,7,6,8,337.5,3542,0
16,17,7,7,1,22.5,1656,0
16,17,7,7,2,67.5,1660,4.96245
16,17,7,7,3,112.5,1509,11.2
16,17,7,7,4,157.5,1490,15.2568
16,17,7,7,5,202.5,1467,13.1132
16,17,7,7,6,247.5,1583,12.3366
16,17,7,7,7,292.5,1577,8.71043
16,17,7,7,8,337.5,1600,0
16,17,7,8,1,22.5,874,0
16,17,7,8,2,67.5,856,0
16,17,7,8,3,112.5,761,6.87769
16,17,7,8,4,157.5,769,10.3941
16,17,7,8,5,202.5,813,9.37904
16,17,7,8,6,247.5,865,7.83031
16,17,7,8,7,292.5,817,7.79019
16,17,7,8,8,337.5,845,0
16,17,7,9,1,22.5,165,0
16,17,7,9,2,67.5,144,0
16,17,7,9,3,112.5,153,0
16,17,7,9,4,157.5,170,3.77715
16,17,7,9,5,202.5,122,0
16,17,7,9,6,247.5,170,0
16,17,7,9,7,292.5,165,0
16,17,7,9,8,337.5,178,0
16,17,7,10,1,22.5,10,0
16,17,7,10,2,67.5,19,0
16,17,7,10,3,112.5,15,0
16,17,7,10,4,157.5,7,0
16,17,7,10,5,202.5,13,0
16,17,7,10,6,247.5,12,0
16,17,7,10,7,292.5,10,0
16,17,7,10,8,337.5,17,0
16,17,7,11,1,22.5,0,0
16,17,7,11,2,67.5,0,0
16,17,7,11,3,112.5,0,0
16,17,7,11,4,157.5,0,0
16,17,7,11,5,202.5,0,0
16,17,7,11,6,247.5,0,0
16,17,7,11,7,292.5,0,0
16,17,7,11,8,337.5,0,0
16,17,8,1,1,22.5,594,0
16,17,8,1,2,67.5,598,4.76084
16,17,8,1,3,112.5,612,5.07371
16,17,8,1,4,157.5,531,6.87748
16,17,8,1,5,202.5,554,0
16,17,8,1,6,247.5,570,4.96244
16,17,8,1,7,292.5,586,5.07375
16,17,8,1,8,337.5,591,0
16,17,8,2,1,22.5,362,0
16,17,8,2,2,67.5,319,0
16,17,8,2,3,112.5,348,5.76375
16,17,8,2,4,157.5,353,0
16,17,8,2,5,202.5,351,4.04927
16,17,8,2,6,247.5,358,0
16,17,8,2,7,292.5,365,0
16,17,8,2,8,337.5,350,0
16,17,8,3,1,22.5,175,0
16,17,8,3,2,67.5,176,0
16,17,8,3,3,112.5,179,0
16,17,8,3,4,157.5,186,0
16,17,8,3,5,202.5,180,0
16,17,8,3,6,247.5,161,0
16,17,8,3,7,292.5,198,0
16,17,8,3,8,337.5,164,0
16,17,8,4,1,22.5,83,0
16,17,8,4,2,67.5,99,0
16,17,8,4,3,112.5,87,0
16,17,8,4,4,157.5,91,0
16,17,8,4,5,202.5,82,0
16,17,8,4,6,247.5,83,0
16,17,8,4,7,292.5,72,0
16,17,8,4,8,337.5,80,0
16,17,8,5,1,22.5,62,0
16,17,8,5,2,67.5,52,0
16,17,8,5,3,112.5,46,0
16,17,8,5,4,157.5,40,0
16,17,8,5,5,202.5,49,0
16,17,8,5,6,247.5,48,0
16,17,8,5,7,292.5,55,0
16,17,8,5,8,337.5,33,0
16,17,8,6,1,22.5,1,0
16,17,8,6,2,67.5,3,0
16,17,8,6,3,112.5,5,0
16,17,8,6,4,157.5,3,0
16,17,8,6,5,202.5,2,0
16,17,8,6,6,247.5,1,0
16,17,8,6,7,292.5,1,0
16,17,8,6,8,337.5,2,0
16,17,8,7,1,22.5,0,0
16,17,8,7,2,67.5,0,0
16,17,8,7,3,112.5,0,0
16,17,8,7,4,157.5,0,0
16,17,8,7,5,202.5,0,0
16,17,8,7,6,247.5,0,0
16,17,8,7,7,292.5,0,0
16,17,8,7,8,337.5,0,0
16,17,8,8,1,22.5,0,0
16,17,8,8,2,67.5,0,0
16,17,8,8,3,112.5,0,0
16,17,8,8,4,157.5,0,0
16,17,8,8,5,202.5,0,0
16,17,8,8,6,247.5,0,0
16,17,8,8,7,292.5,0,0
16,17,8,8,8,337.5,0,0
16,17,8,9,1,22.5,0,0
16,17,8,9,2,67.5,0,0
16,17,8,9,3,112.5,0,0
16,17,8,9,4,157.5,0,0
16,17,8,9,5,202.5,0,0
16,17,8,9,6,247.5,0,0
16,17,8,9,7,292.5,0,0
16,17,8,9,8,337.5,0,0
16,17,8,10,1,22.5,0,0
16,17,8,10,2,67.5,0,0
16,17,8,10,3,112.5,0,0
16,17,8,10,4,157.5,0,0
16,17,8,10,5,202.5,0,0
16,17,8,10,6,247.5,0,0
16,17,8,10,7,292.5,0,0
16,17,8,10,8,337.5,0,0
16,17,8,11,1,22.5,0,0
16,17,8,11,2,67.5,0,0
16,17,8,11,3,112.5,0,0
16,17,8,11,4,157.5,0,0
16,17,8,11,5,202.5,0,0
16,17,8,11,6,247.5,0,0
16,17,8,11,7,292.5,0,0
16,17,8,11,8,337.5,0,0
17,18,1,1,1,22.5,0,0
17,18,1,1,2,67.5,0,0
17,18,1,1,3,112.5,0,0
17,18,1,1,4,157.5,0,0
17,18,1,1,5,202.5,0,0
17,18,1,1,6,247.5,0,0
17,18,1,1,7,292.5,0,0
17,18,1,1,8,337.5,0,0
17,18,1,2,1,22.5,0,0
17,18,1,2,2,67.5,0,0
17,18,1,2,3,112.5,0,0
17,18,1,2,4,157.5,0,0
17,18,1,2,5,202.5,0,0
17,18,1,2,6,247.5,0,0
17,18,1,2,7,292.5,0,0
17,18,1,2,8,337.5,0,0
17,18,1,3,1,22.5,0,0
17,18,1,3,2,67.5,0,0
17,18,1,3,3,112.5,0,0
17,18,1,3,4,157.5,0,0
17,18,1,3,5,202.5,0,0
17,18,1,3,6,247.5,0,0
17,18,1,3,7,292.5,0,0
17,18,1,3,8,337.5,0,0
17,18,1,4,1,22.5,0,0
17,18,1,4,2,67.5,0,0
17,18,1,4,3,112.5,0,0
17,18,1,4,4,157.5,0,0
17,18,1,4,5,202.5,0,0
17,18,1,4,6,247.5,0,0
17,18,1,4,7,292.5,0,0
17,18,1,4,8,337.5,0,0
17,18,1,5,1,22.5,0,0
17,18,1,5,2,67.5,0,0
17,18,1,5,3,112.5,0,0
17,18,1,5,4,157.5,0,0
17,18,1,5,5,202.5,0,0
17,18,1,5,6,247.5,0,0
17,18,1,5,7,292.5,0,0
17,18,1,5,8,337.5,0,0
17,18,1,6,1,22.5,0,0
17,18,1,6,2,67.5,0,0
17,18,1,6,3,112.5,0,0
17,18,1,6,4,157.5,0,0
17,18,1,6,5,202.5,0,0
17,18,1,6,6,247.5,0,0
17,18,1,6,7,292.5,0,0
17,18,1,6,8,337.5,0,0
17,18,1,7,1,22.5,0,0
17,18,1,7,2,67.5,0,0
17,18,1,7,3,112.5,0,0
17,18,1,7,4,157.5,0,0
17,18,1,7,5,202.5,0,0
17,18,1,7,6,247.5,0,0
17,18,1,7,7,292.5,0,0
17,18,1,7,8,337.5,0,0
17,18,1,8,1,22.5,0,0
17,18,1,8,2,67.5,0,0
17,18,1,8,3,112.5,0,0
17,18,1,8,4,157.5,0,0
17,18,1,8,5,202.5,0,0
17,18,1,8,6,247.5,0,0
17,18,1,8,7,292.5,0,0
17,18,1,8,8,337.5,0,0
17,18,1,9,1,22.5,0,0
17,18,1,9,2,67.5,0,0
17,18,1,9,3,112.5,0,0
17,18,1,9,4,157.5,0,0
17,18,1,9,5,202.5,0,0
17,18,1,9,6,247.5,0,0
17,18,1,9,7,292.5,0,0
17,18,1,9,8,337.5,0,0
17,18,1,10,1,22.5,0,0
17,18,1,10,2,67.5,0,0
17,18,1,10,3,112.5,0,0
17,18,1,10,4,157.5,0,0
17,18,1,10,5,202.5,0,0
17,18,1,10,6,247.5,0,0
17,18,1,10,7,292.5,0,0
17,18,1,10,8,337.5,0,0
17,18,1,11,1,22.5,0,0
17,18,1,11,2,67.5,0,0
17,18,1,11,3,112.5,0,0
17,18,1,11,4,157.5,0,0
17,18,1,11,5,202.5,0,0
17,18,1,11,6,247.5,0,0
17,18,1,11,7,292.5,0,0
17,18,1,11,8,337.5,0,0
17,18,2,1,1,22.5,0,0
17,18,2,1,2,67.5,0,0
17,18,2,1,3,112.5,0,0
17,18,2,1,4,157.5,0,0
17,18,2,1,5,202.5,0,0
17,18,2,1,6,247.5,0,0
17,18,2,1,7,292.5,0,0
17,18,2,1,8,337.5,0,0
17,18,2,2,1,22.5,0,0
17,18,2,2,2,67.5,0,0
17,18,2,2,3,112.5,0,0
17,18,2,2,4,157.5,0,0
17,18,2,2,5,202.5,0,0
17,18,2,2,6,247.5,0,0
17,18,2,2,7,292.5,0,0
17,18,2,2,8,337.5,0,0
17,18,2,3,1,22.5,0,0
17,18,2,3,2,67.5,0,0
17,18,2,3,3,112.5,0,0
17,18,2,3,4,157.5,0,0
17,18,2,3,5,202.5,0,0
17,18,2,3,6,247.5,0,0
17,18,2,3,7,292.5,0,0
17,18,2,3,8,337.5,0,0
17,18,2,4,1,22.5,0,0
17,18,2,4,2,67.5,0,0
17,18,2,4,3,112.5,0,0
17,18,2,4,4,157.5,0,0
17,18,2,4,5,202.5,0,0
17,18,2,4,6,247.5,0,0
17,18,2,4,7,292.5,0,0
17,18,2,4,8,337.5,0,0
17,18,2,5,1,22.5,0,0
17,18,2,5,2,67.5,0,0
17,18,2,5,3,112.5,0,0
17,18,2,5,4,157.5,0,0
17,18,2,5,5,202.5,0,0
17,18,2,5,6,247.5,0,0
17,18,2,5,7,292.5,0,0
17,18,2,5,8,337.5,0,0
17,18,2,6,1,22.5,0,0
17,18,2,6,2,67.5,0,0
17,18,2,6,3,112.5,0,0
17,18,2,6,4,157.5,0,0
17,18,2,6,5,202.5,0,0
17,18,2,6,6,247.5,0,0
17,18,2,6,7,292.5,0,0
17,18,2,6,8,337.5,0,0
17,18,2,7,1,22.5,0,0
17,18,2,7,2,67.5,0,0
17,18,2,7,3,112.5,0,0
17,18,2,7,4,157.5,0,0
17,18,2,7,5,202.5,0,0
17,18,2,7,6,247.5,0,0
17,18,2,7,7,292.5,0,0
17,18,2,7,8,337.5,0,0
17,18,2,8,1,22.5,0,0
17,18,2,8,2,67.5,0,0
17,18,2,8,3,112.5,0,0
17,18,2,8,4,157.5,0,0
17,18,2,8,5,202.5,0,0
17,18,2,8,6,247.5,0,0
17,18,2,8,7,292.5,0,0
17,18,2,8,8,337.5,0,0
17,18,2,9,1,22.5,0,0
17,18,2,9,2,67.5,0,0
17,18,2,9,3,112.5,0,0
17,18,2,9,4,157.5,0,0
17,18,2,9,5,202.5,0,0
17,18,2,9,6,247.5,0,0
17,18,2,9,7,292.5,0,0
17,18,2,9,8,337.5,0,0
17,18,2,10,1,22.5,0,0
17,18,2,10,2,67.5,0,0
17,18,2,10,3,112.5,0,0
17,18,2,10,4,157.5,0,0
17,18,2,10,5,202.5,0,0
17,18,2,10,6,247.5,0,0
17,18,2,10,7,292.5,0,0
17,18,2,10,8,337.5,0,0
17,18,2,11,1,22.5,0,0
17,18,2,11,2,67.5,0,0
17,18,2,11,3,112.5,0,0
17,18,2,11,4,157.5,0,0
17,18,2,11,5,202.5,0,0
17,18,2,11,6,247.5,0,0
17,18,2,11,7,292.5,0,0
17,18,2,11,8,337.5,0,0
17,18,3,1,1,22.5,0,0
17,18,3,1,2,67.5,0,0
17,18,3,1,3,112.5,0,0
17,18,3,1,4,157.5,0,0
17,18,3,1,5,202.5,0,0
17,18,3,1,6,247.5,0,0
17,18,3,1,7,292.5,0,0
17,18,3,1,8,337.5,0,0
17,18,3,2,1,22.5,0,0
17,18,3,2,2,67.5,0,0
17,18,3,2,3,112.5,0,0
17,18,3,2,4,157.5,0,0
17,18,3,2,5,202.5,0,0
17,18,3,2,6,247.5,0,0
17,18,3,2,7,292.5,0,0
17,18,3,2,8,337.5,0,0
17,18,3,3,1,22.5,0,0
17,18,3,3,2,67.5,0,0
17,18,3,3,3,112.5,0,0
17,18,3,3,4,157.5,0,0
17,18,3,3,5,202.5,0,0
17,18,3,3,6,247.5,0,0
17,18,3,3,7,292.5,0,0
17,18,3,3,8,337.5,0,0
17,18,3,4,1,22.5,0,0
17,18,3,4,2,67.5,0,0
17,18,3,4,3,112.5,0,0
17,18,3,4,4,157.5,0,0
17,18,3,4,5,202.5,0,0
17,18,3,4,6,247.5,0,0
17,18,3,4,7,292.5,0,0
17,18,3,4,8,337.5,0,0
17,18,3,5,1,22.5,0,0
17,18,3,5,2,67.5,0,0
17,18,3,5,3,112.5,0,0
17,18,3,5,4,157.5,0,0
17,18,3,5,5,202.5,0,0
17,18,3,5,6,247.5,0,0
17,18,3,5,7,292.5,0,0
17,18,3,5,8,337.5,0,0
17,18,3,6,1,22.5,0,0
17,18,3,6,2,67.5,0,0
17,18,3,6,3,112.5,0,0
17,18,3,6,4,157.5,0,0
17,18,3,6,5,202.5,0,0
17,18,3,6,6,247.5,0,0
17,18,3,6,7,292.5,0,0
17,18,3,6,8,337.5,0,0
17,18,3,7,1,22.5,0,0
17,18,3,7,2,67.5,0,0
17,18,3,7,3,112.5,0,0
17,18,3,7,4,157.5,0,0
17,18,3,7,5,202.5,0,0
17,18,3,7,6,247.5,0,0
17,18,3,7,7,292.5,0,0
17,18,3,7,8,337.5,0,0
17,18,3,8,1,22.5,0,0
17,18,3,8,2,67.5,0,0
17,18,3,8,3,112.5,0,0
17,18,3,8,4,157.5,0,0
17,18,3,8,5,202.5,0,0
17,18,3,8,6,247.5,0,0
17,18,3,8,7,292.5,0,0
17,18,3,8,8,337.5,0,0
17,18,3,9,1,22.5,0,0
17,18,3,9,2,67.5,0,0
17,18,3,9,3,112.5,0,0
17,18,3,9,4,157.5,0,0
17,18,3,9,5,202.5,0,0
17,18,3,9,6,247.5,0,0
17,18,3,9,7,292.5,0,0
17,18,3,9,8,337.5,0,0
17,18,3,10,1,22.5,0,0
17,18,3,10,2,67.5,0,0
17,18,3,10,3,112.5,0,0
17,18,3,10,4,157.5,0,0
17,18,3,10,5,202.5,0,0
17,18,3,10,6,247.5,0,0
17,18,3,10,7,292.5,0,0
17,18,3,10,8,337.5,0,0
17,18,3,11,1,22.5,0,0
17,18,3,11,2,67.5,0,0
17,18,3,11,3,112.5,0,0
17,18,3,11,4,157.5,0,0
17,18,3,11,5,202.5,0,0
17,18,3,11,6,247.5,0,0
17,18,3,11,7,292.5,0,0
17,18,3,11,8,337.5,0,0
17,18,4,1,1,22.5,0,0
17,18,4,1,2,67.5,0,0
17,18,4,1,3,112.5,0,0
17,18,4,1,4,157.5,0,0
17,18,4,1,5,202.5,0,0
17,18,4,1,6,247.5,0,0
17,18,4,1,7,292.5,0,0
17,18,4,1,8,337.5,0,0
17,18,4,2,1,22.5,0,0
17,18,4,2,2,67.5,0,0
17,18,4,2,3,112.5,0,0
17,18,4,2,4,157.5,0,0
17,18,4,2,5,202.5,0,0
17,18,4,2,6,247.5,0,0
17,18,4,2,7,292.5,0,0
17,18,4,2,8,337.5,0,0
17,18,4,3,1,22.5,0,0
17,18,4,3,2,67.5,0,0
17,18,4,3,3,112.5,0,0
17,18,4,3,4,157.5,0,0
17,18,4,3,5,202.5,0,0
17,18,4,3,6,247.5,0,0
17,18,4,3,7,292.5,0,0
17,18,4,3,8,337.5,0,0
17,18,4,4,1,22.5,0,0
17,18,4,4,2,67.5,0,0
17,18,4,4,3,112.5,0,0
17,18,4,4,4,157.5,0,0
17,18,4,4,5,202.5,0,0
17,18,4,4,6,247.5,0,0
17,18,4,4,7,292.5,0,0
17,18,4,4,8,337.5,0,0
17,18,4,5,1,22.5,0,0
17,18,4,5,2,67.5,0,0
17,18,4,5,3,112.5,0,0
17,18,4,5,4,157.5,0,0
17,18,4,5,5,202.5,0,0
17,18,4,5,6,247.5,0,0
17,18,4,5,7,292.5,0,0
17,18,4,5,8,337.5,0,0
17,18,4,6,1,22.5,0,0
17,18,4,6,2,67.5,0,0
17,18,4,6,3,112.5,0,0
17,18,4,6,4,157.5,0,0
17,18,4,6,5,202.5,0,0
17,18,4,6,6,247.5,0,0
17,18,4,6,7,292.5,0,0
17,18,4,6,8,337.5,0,0
17,18,4,7,1,22.5,0,0
17,18,4,7,2,67.5,0,0
17,18,4,7,3,112.5,0,0
17,18,4,7,4,157.5,0,0
17,18,4,7,5,202.5,0,0
17,18,4,7,6,247.5,0,0
17,18,4,7,7,292.5,0,0
17,18,4,7,8,337.5,0,0
17,18,4,8,1,22.5,0,0
17,18,4,8,2,67.5,0,0
17,18,4,8,3,112.5,0,0
17,18,4,8,4,157.5,0,0
17,18,4,8,5,202.5,0,0
17,18,4,8,6,247.5,0,0
17,18,4,8,7,292.5,0,0
17,18,4,8,8,337.5,0,0
17,18,4,9,1,22.5,0,0
17,18,4,9,2,67.5,0,0
17,18,4,9,3,112.5,0,0
17,18,4,9,4,157.5,0,0
17,18,4,9,5,202.5,0,0
17,18,4,9,6,247.5,0,0
17,18,4,9,7,292.5,0,0
17,18,4,9,8,337.5,0,0
17,18,4,10,1,22.5,0,0
17,18,4,10,2,67.5,0,0
17,18,4,10,3,112.5,0,0
17,18,4,10,4,157.5,0,0
17,18,4,10,5,202.5,0,0
17,18,4,10,6,247.5,0,0
17,18,4,10,7,292.5,0,0
17,18,4,10,8,337.5,0,0
17,18,4,11,1,22.5,0,0
17,18,4,11,2,67.5,0,0
17,18,4,11,3,112.5,0,0
17,18,4,11,4,157.5,0,0
17,18,4,11,5,202.5,0,0
17,18,4,11,6,247.5,0,0
17,18,4,11,7,292.5,0,0
17,18,4,11,8,337.5,0,0
17,18,5,1,1,22.5,0,0
17,18,5,1,2,67.5,0,0
17,18,5,1,3,112.5,0,0
17,18,5,1,4,157.5,0,0
17,18,5,1,5,202.5,0,0
17,18,5,1,6,247.5,0,0
17,18,5,1,7,292.5,0,0
17,18,5,1,8,337.5,0,0
17,18,5,2,1,22.5,0,0
17,18,5,2,2,67.5,0,0
17,18,5,2,3,112.5,0,0
17,18,5,2,4,157.5,0,0
17,18,5,2,5,202.5,0,0
17,18,5,2,6,247.5,0,0
17,18,5,2,7,292.5,0,0
17,18,5,2,8,337.5,0,0
17,18,5,3,1,22.5,0,0
17,18,5,3,2,67.5,0,0
17,18,5,3,3,112.5,0,0
17,18,5,3,4,157.5,0,0
17,18,5,3,5,202.5,0,0
17,18,5,3,6,247.5,0,0
17,18,5,3,7,292.5,0,0
17,18,5,3,8,337.5,0,0
17,18,5,4,1,22.5,0,0
17,18,5,4,2,67.5,0,0
17,18,5,4,3,112.5,0,0
17,18,5,4,4,157.5,0,0
17,18,5,4,5,202.5,0,0
17,18,5,4,6,247.5,0,0
17,18,5,4,7,292.5,0,0
17,18,5,4,8,337.5,0,0
17,18,5,5,1,22.5,0,0
17,18,5,5,2,67.5,0,0
17,18,5,5,3,112.5,0,0
17,18,5,5,4,157.5,0,0
17,18,5,5,5,202.5,0,0
17,18,5,5,6,247.5,0,0
17,18,5,5,7,292.5,0,0
17,18,5,5,8,337.5,0,0
17,18,5,6,1,22.5,0,0
17,18,5,6,2,67.5,0,0
17,18,5,6,3,112.5,0,0
17,18,5,6,4,157.5,0,0
17,18,5,6,5,202.5,0,0
17,18,5,6,6,247.5,0,0
17,18,5,6,7,292.5,0,0
17,18,5,6,8,337.5,0,0
17,18,5,7,1,22.5,0,0
17,18,5,7,2,67.5,0,0
17,18,5,7,3,112.5,0,0
17,18,5,7,4,157.5,0,0
17,18,5,7,5,202.5,0,0
17,18,5,7,6,247.5,0,0
17,18,5,7,7,292.5,0,0
17,18,5,7,8,337.5,0,0
17,18,5,8,1,22.5,0,0
17,18,5,8,2,67.5,0,0
17,18,5,8,3,112.5,0,0
17,18,5,8,4,157.5,0,0
17,18,5,8,5,202.5,0,0
17,18,5,8,6,247.5,0,0
17,18,5,8,7,292.5,0,0
17,18,5,8,8,337.5,0,0
17,18,5,9,1,22.5,0,0
17,18,5,9,2,67.5,0,0
17,18,5,9,3,112.5,0,0
17,18,5,9,4,157.5,0,0
17,18,5,9,5,202.5,0,0
17,18,5,9,6,247.5,0,0
17,18,5,9,7,292.5,0,0
17,18,5,9,8,337.5,0,0
17,18,5,10,1,22.5,0,0
17,18,5,10,2,67.5,0,0
17,18,5,10,3,112.5,0,0
17,18,5,10,4,157.5,0,0
17,18,5,10,5,202.5,0,0
17,18,5,10,6,247.5,0,0
17,18,5,10,7,292.5,0,0
17,18,5,10,8,337.5,0,0
17,18,5,11,1,22.5,0,0
17,18,5,11,2,67.5,0,0
17,18,5,11,3,112.5,0,0
17,18,5,11,4,157.5,0,0
17,18,5,11,5,202.5,0,0
17,18,5,11,6,247.5,0,0
17,18,5,11,7,292.5,0,0
17,18,5,11,8,337.5,0,0
17,18,6,1,1,22.5,0,0
17,18,6,1,2,67.5,0,0
17,18,6,1,3,112.5,0,0
17,18,6,1,4,157.5,0,0
17,18,6,1,5,202.5,0,0
17,18,6,1,6,247.5,0,0
17,18,6,1,7,292.5,0,0
17,18,6,1,8,337.5,0,0
17,18,6,2,1,22.5,0,0
17,18,6,2,2,67.5,0,0
17,18,6,2,3,112.5,0,0
17,18,6,2,4,157.5,0,0
17,18,6,2,5,202.5,0,0
17,18,6,2,6,247.5,0,0
17,18,6,2,7,292.5,0,0
17,18,6,2,8,337.5,0,0
17,18,6,3,1,22.5,0,0
17,18,6,3,2,67.5,0,0
17,18,6,3,3,112.5,0,0
17,18,6,3,4,157.5,0,0
17,18,6,3,5,202.5,0,0
17,18,6,3,6,247.5,0,0
17,18,6,3,7,292.5,0,0
17,18,6,3,8,337.5,0,0
17,18,6,4,1,22.5,0,0
17,18,6,4,2,67.5,0,0
17,18,6,4,3,112.5,0,0
17,18,6,4,4,157.5,0,0
17,18,6,4,5,202.5,0,0
17,18,6,4,6,247.5,0,0
17,18,6,4,7,292.5,0,0
17,18,6,4,8,337.5,0,0
17,18,6,5,1,22.5,0,0
17,18,6,5,2,67.5,0,0
17,18,6,5,3,112.5,0,0
17,18,6,5,4,157.5,0,0
17,18,6,5,5,202.5,0,0
17,18,6,5,6,247.5,0,0
17,18,6,5,7,292.5,0,0
17,18,6,5,8,337.5,0,0
17,18,6,6,1,22.5,0,0
17,18,6,6,2,67.5,0,0
17,18,6,6,3,112.5,0,0
17,18,6,6,4,157.5,0,0
17,18,6,6,5,202.5,0,0
17,18,6,6,6,247.5,0,0
17,18,6,6,7,292.5,0,0
17,18,6,6,8,337.5,0,0
17,18,6,7,1,22.5,0,0
17,18,6,7,2,67.5,0,0
17,18,6,7,3,112.5,0,0
17,18,6,7,4,157.5,0,0
17,18,6,7,5,202.5,0,0
17,18,6,7,6,247.5,0,0
17,18,6,7,7,292.5,0,0
17,18,6,7,8,337.5,0,0
17,18,6,8,1,22.5,0,0
17,18,6,8,2,67.5,0,0
17,18,6,8,3,112.5,0,0
17,18,6,8,4,157.5,0,0
17,18,6,8,5,202.5,0,0
17,18,6,8,6,247.5,0,0
17,18,6,8,7,292.5,0,0
17,18,6,8,8,337.5,0,0
17,18,6,9,1,22.5,0,0
17,18,6,9,2,67.5,0,0
17,18,6,9,3,112.5,0,0
17,18,6,9,4,157.5,0,0
17,18,6,9,5,202.5,0,0
17,18,6,9,6,247.5,0,0
17,18,6,9,7,292.5,0,0
17,18,6,9,8,337.5,0,0
17,18,6,10,1,22.5,0,0
17,18,6,10,2,67.5,0,0
17,18,6,10,3,112.5,0,0
17,18,6,10,4,157.5,0,0
17,18,6,10,5,202.5,0,0
17,18,6,10,6,247.5,0,0
17,18,6,10,7,292.5,0,0
17,18,6,10,8,337.5,0,0
17,18,6,11,1,22.5,0,0
17,18,6,11,2,67.5,0,0
17,18,6,11,3,112.5,0,0
17,18,6,11,4,157.5,0,0
17,18,6,11,5,202.5,0,0
17,18,6,11,6,247.5,0,0
17,18,6,11,7,292.5,0,0
17,18,6,11,8,337.5,0,0
17,18,7,1,1,22.5,0,0
17,18,7,1,2,67.5,0,0
17,18,7,1,3,112.5,0,0
17,18,7,1,4,157.5,0,0
17,18,7,1,5,202.5,0,0
17,18,7,1,6,247.5,0,0
17,18,7,1,7,292.5,0,0
17,18,7,1,8,337.5,0,0
17,18,7,2,1,22.5,0,0
17,18,7,2,2,67.5,0,0
17,18,7,2,3,112.5,0,0
17,18,7,2,4,157.5,0,0
17,18,7,2,5,202.5,0,0
17,18,7,2,6,247.5,0,0
17,18,7,2,7,292.5,0,0
17,18,7,2,8,337.5,0,0
17,18,7,3,1,22.5,0,0
17,18,7,3,2,67.5,0,0
17,18,7,3,3,112.5,0,0
17,18,7,3,4,157.5,0,0
17,18,7,3,5,202.5,0,0
17,18,7,3,6,247.5,0,0
17,18,7,3,7,292.5,0,0
17,18,7,3,8,337.5,0,0
17,18,7,4,1,22.5,0,0
17,18,7,4,2,67.5,0,0
17,18,7,4,3,112.5,0,0
17,18,7,4,4,157.5,0,0
17,18,7,4,5,202.5,0,0
17,18,7,4,6,247.5,0,0
17,18,7,4,7,292.5,0,0
17,18,7,4,8,337.5,0,0
17,18,7,5,1,22.5,0,0
17,18,7,5,2,67.5,0,0
17,18,7,5,3,112.5,0,0
17,18,7,5,4,157.5,0,0
17,18,7,5,5,202.5,0,0
17,18,7,5,6,247.5,0,0
17,18,7,5,7,292.5,0,0
17,18,7,5,8,337.5,0,0
17,18,7,6,1,22.5,0,0
17,18,7,6,2,67.5,0,0
17,18,7,6,3,112.5,0,0
17,18,7,6,4,157.5,0,0
17,18,7,6,5,202.5,0,0
17,18,7,6,6,247.5,0,0
17,18,7,6,7,292.5,0,0
17,18,7,6,8,337.5,0,0
17,18,7,7,1,22.5,0,0
17,18,7,7,2,67.5,0,0
17,18,7,7,3,112.5,0,0
17,18,7,7,4,157.5,0,0
17,18,7,7,5,202.5,0,0
17,18,7,7,6,247.5,0,0
17,18,7,7,7,292.5,0,0
17,18,7,7,8,337.5,0,0
17,18,7,8,1,22.5,0,0
17,18,7,8,2,67.5,0,0
17,18,7,8,3,112.5,0,0
17,18,7,8,4,157.5,0,0
17,18,7,8,5,202.5,0,0
17,18,7,8,6,247.5,0,0
17,18,7,8,7,292.5,0,0
17,18,7,8,8,337.5,0,0
17,18,7,9,1,22.5,0,0
17,18,7,9,2,67.5,0,0
17,18,7,9,3,112.5,0,0
17,18,7,9,4,157.5,0,0
17,18,7,9,5,202.5,0,0
17,18,7,9,6,247.5,0,0
17,18,7,9,7,292.5,0,0
17,18,7,9,8,337.5,0,0
17,18,7,10,1,22.5,0,0
17,18,7,10,2,67.5,0,0
17,18,7,10,3,112.5,0,0
17,18,7,10,4,157.5,0,0
17,18,7,10,5,202.5,0,0
17,18,7,10,6,247.5,0,0
17,18,7,10,7,292.5,0,0
17,18,7,10,8,337.5,0,0
17,18,7,11,1,22.5,0,0
17,18,7,11,2,67.5,0,0
17,18,7,11,3,112.5,0,0
17,18,7,11,4,157.5,0,0
17,18,7,11,5,202.5,0,0
17,18,7,11,6,247.5,0,0
17,18,7,11,7,292.5,0,0
17,18,7,11,8,337.5,0,0
17,18,8,1,1,22.5,0,0
17,18,8,1,2,67.5,0,0
17,18,8,1,3,112.5,0,0
17,18,8,1,4,157.5,0,0
17,18,8,1,5,202.5,0,0
17,18,8,1,6,247.5,0,0
17,18,8,1,7,292.5,0,0
17,18,8,1,8,337.5,0,0
17,18,8,2,1,22.5,0,0
17,18,8,2,2,67.5,0,0
17,18,8,2,3,112.5,0,0
17,18,8,2,4,157.5,0,0
17,18,8,2,5,202.5,0,0
17,18,8,2,6,247.5,0,0
17,18,8,2,7,292.5,0,0
17,18,8,2,8,337.5,0,0
17,18,8,3,1,22.5,0,0
17,18,8,3,2,67.5,0,0
17,18,8,3,3,112.5,0,0
17,18,8,3,4,157.5,0,0
17,18,8,3,5,202.5,0,0
17,18,8,3,6,247.5,0,0
17,18,8,3,7,292.5,0,0
17,18,8,3,8,337.5,0,0
17,18,8,4,1,22.5,0,0
17,18,8,4,2,67.5,0,0
17,18,8,4,3,112.5,0,0
17,18,8,4,4,157.5,0,0
17,18,8,4,5,202.5,0,0
17,18,8,4,6,247.5,0,0
17,18,8,4,7,292.5,0,0
17,18,8,4,8,337.5,0,0
17,18,8,5,1,22.5,0,0
17,18,8,5,2,67.5,0,0
17,18,8,5,3,112.5,0,0
17,18,8,5,4,157.5,0,0
17,18,8,5,5,202.5,0,0
17,18,8,5,6,247.5,0,0
17,18,8,5,7,292.5,0,0
17,18,8,5,8,337.5,0,0
17,18,8,6,1,22.5,0,0
17,18,8,6,2,67.5,0,0
17,18,8,6,3,112.5,0,0
17,18,8,6,4,157.5,0,0
17,18,8,6,5,202.5,0,0
17,18,8,6,6,247.5,0,0
17,18,8,6,7,292.5,0,0
17,18,8,6,8,337.5,0,0
17,18,8,7,1,22.5,0,0
17,18,8,7,2,67.5,0,0
17,18,8,7,3,112.5,0,0
17,18,8,7,4,157.5,0,0
17,18,8,7,5,202.5,0,0
17,18,8,7,6,247.5,0,0
17,18,8,7,7,292.5,0,0
17,18,8,7,8,337.5,0,0
17,18,8,8,1,22.5,0,0
17,18,8,8,2,67.5,0,0
17,18,8,8,3,112.5,0,0
17,18,8,8,4,157.5,0,0
17,18,8,8,5,202.5,0,0
17,18,8,8,6,247.5,0,0
17,18,8,8,7,292.5,0,0
17,18,8,8,8,337.5,0,0
17,18,8,9,1,22.5,0,0
17,18,8,9,2,67.5,0,0
17,18,8,9,3,112.5,0,0
17,18,8,9,4,157.5,0,0
17,18,8,9,5,202.5,0,0
17,18,8,9,6,247.5,0,0
17,18,8,9,7,292.5,0,0
17,18,8,9,8,337.5,0,0
17,18,8,10,1,22.5,0,0
17,18,8,10,2,67.5,0,0
17,18,8,10,3,112.5,0,0
17,18,8,10,4,157.5,0,0
17,18,8,10,5,202.5,0,0
17,18,8,10,6,247.5,0,0
17,18,8,10,7,292.5,0,0
17,18,8,10,8,337.5,0,0
17,18,8,11,1,22.5,0,0
17,18,8,11,2,67.5,0,0
17,18,8,11,3,112.5,0,0
17,18,8,11,4,157.5,0,0
17,18,8,11,5,202.5,0,0
17,18,8,11,6,247.5,0,0
17,18,8,11,7,292.5,0,0
17,18,8,11,8,337.5,0,0
18,19,1,1,1,22.5,7.19319e+07,98.8319
18,19,1,1,2,67.5,7.19229e+07,140.44
18,19,1,1,3,112.5,7.18829e+07,487.522
18,19,1,1,4,157.5,7.18635e+07,306.457
18,19,1,1,5,202.5,7.18479e+07,259.538
18,19,1,1,6,247.5,7.18712e+07,364.27
18,19,1,1,7,292.5,7.19154e+07,195.171
18,19,1,1,8,337.5,7.1946e+07,95.0767
18,19,1,2,1,22.5,3.05861e+07,74.84
18,19,1,2,2,67.5,3.05628e+07,206.205
18,19,1,2,3,112.5,3.05332e+07,235.47
18,19,1,2,4,157.5,3.05095e+07,278.072
18,19,1,2,5,202.5,3.04991e+07,250.992
18,19,1,2,6,247.5,3.05297e+07,193.21
18,19,1,2,7,292.5,3.05673e+07,200.629
18,19,1,2,8,337.5,3.05851e+07,52.4119
18,19,1,3,1,22.5,1.5623e+07,62.2664
18,19,1,3,2,67.5,1.56052e+07,164.434
18,19,1,3,3,112.5,1.5579e+07,154.072
18,19,1,3,4,157.5,1.5561e+07,178.183
18,19,1,3,5,202.5,1.55657e+07,153.387
18,19,1,3,6,247.5,1.55783e+07,197.06
18,19,1,3,7,292.5,1.56e+07,151.954
18,19,1,3,8,337.5,1.56331e+07,54.0388
18,19,1,4,1,22.5,8.72422e+06,62.3218
18,19,1,4,2,67.5,8.72051e+06,122.388
18,19,1,4,3,112.5,8.6959e+06,119.956
18,19,1,4,4,157.5,8.68368e+06,120.757
18,19,1,4,5,202.5,8.67896e+06,97.7393
18,19,1,4,6,247.5,8.69903e+06,132.312
18,19,1,4,7,292.5,8.7179e+06,117.419
18,19,1,4,8,337.5,8.72393e+06,54.3408
18,19,1,5,1,22.5,8.29207e+06,75.033
18,19,1,5,2,67.5,8.27016e+06,113.895
18,19,1,5,3,112.5,8.2553e+06,123.425
18,19,1,5,4,157.5,8.23363e+06,100.653
18,19,1,5,5,202.5,8.22765e+06,82.8109
18,19,1,5,6,247.5,8.2552e+06,117.18
18,19,1,5,7,292.5,8.27202e+06,120.18
18,19,1,5,8,337.5,8.29136e+06,57.5452
18,19,1,6,1,22.5,3.16609e+06,39.0133
18,19,1,6,2,67.5,3.15983e+06,50.5293
18,19,1,6,3,112.5,3.1492e+06,53.1075
18,19,1,6,4,157.5,3.14257e+06,37.159
18,19,1,6,5,202.5,3.1388e+06,30.4225
18,19,1,6,6,247.5,3.15076e+06,50.5595
18,19,1,6,7,292.5,3.1588e+06,60.3233
18,19,1,6,8,337.5,3.16759e+06,30.8337
18,19,1,7,1,22.5,1.24769e+06,14.0839
18,19,1,7,2,67.5,1.24308e+06,16.6581
18,19,1,7,3,112.5,1.23624e+06,26.2912
18,19,1,7,4,157.5,1.23288e+06,12.7433
18,19,1,7,5,202.5,1.23498e+06,15.93
18,19,1,7,6,247.5,1.23544e+06,24.3957
18,19,1,7,7,292.5,1.24277e+06,20.4234
18,19,1,7,8,337.5,1.24471e+06,7.16317
18,19,1,8,1,22.5,611280,0
18,19,1,8,2,67.5,609857,5.05885
18,19,1,8,3,112.5,605621,6.07775
18,19,1,8,4,157.5,603941,4.8579
18,19,1,8,5,202.5,604527,0
18,19,1,8,6,247.5,607687,11.2577
18,19,1,8,7,292.5,610605,6.1406
18,19,1,8,8,337.5,610682,0
18,19,1,9,1,22.5,156227,0
18,19,1,9,2,67.5,155551,0
18,19,1,9,3,112.5,153683,0
18,19,1,9,4,157.5,153655,0
18,19,1,9,5,202.5,154138,4.96879
18,19,1,9,6,247.5,154466,0
18,19,1,9,7,292.5,155149,6.1261
18,19,1,9,8,337.5,155590,0
18,19,1,10,1,22.5,45742,0
18,19,1,10,2,67.5,45094,5.50584
18,19,1,10,3,112.5,45023,0
18,19,1,10,4,157.5,45370,0
18,19,1,10,5,202.5,45279,0
18,19,1,10,6,247.5,45457,9.40135
18,19,1,10,7,292.5,45178,4.1678
18,19,1,10,8,337.5,45841,0
18,19,1,11,1,22.5,7525,0
18,19,1,11,2,67.5,7297,0
18,19,1,11,3,112.5,7158,0
18,19,1,11,4,157.5,7300,0
18,19,1,11,5,202.5,7236,0
18,19,1,11,6,247.5,7494,0
18,19,1,11,7,292.5,7459,0
18,19,1,11,8,337.5,7292,0
18,19,2,1,1,22.5,6.58809e+06,0
18,19,2,1,2,67.5,6.5816e+06,432.471
18,19,2,1,3,112.5,6.58125e+06,171.285
18,19,2,1,4,157.5,6.57878e+06,482.884
18,19,2,1,5,202.5,6.57357e+06,385.92
18,19,2,1,6,247.5,6.57547e+06,370.246
18,19,2,1,7,292.5,6.58493e+06,266.409
18,19,2,1,8,337.5,6.58784e+06,10.1345
18,19,2,2,1,22.5,5.06528e+06,76.9852
18,19,2,2,2,67.5,5.05779e+06,194.323
18,19,2,2,3,112.5,5.05288e+06,165.033
18,19,2,2,4,157.5,5.04894e+06,405.543
18,19,2,2,5,202.5,5.0521e+06,302.559
18,19,2,2,6,247.5,5.05161e+06,282.946
18,19,2,2,7,292.5,5.06183e+06,238.413
18,19,2,2,8,337.5,5.06289e+06,72.3354
18,19,2,3,1,22.5,3.81355e+06,89.7648
18,19,2,3,2,67.5,3.80758e+06,254.143
18,19,2,3,3,112.5,3.79888e+06,229.484
18,19,2,3,4,157.5,3.79401e+06,315.809
18,19,2,3,5,202.5,3.79665e+06,241.888
18,19,2,3,6,247.5,3.79933e+06,279.46
18,19,2,3,7,292.5,3.80377e+06,216.593
18,19,2,3,8,337.5,3.81415e+06,55.2521
18,19,2,4,1,22.5,2.83395e+06,77.7431
18,19,2,4,2,67.5,2.83221e+06,200.218
18,19,2,4,3,112.5,2.82484e+06,197.222
18,19,2,4,4,157.5,2.81578e+06,241.144
18,19,2,4,5,202.5,2.82006e+06,213.686
18,19,2,4,6,247.5,2.82707e+06,246.504
18,19,2,4,7,292.5,2.83069e+06,175.3
18,19,2,4,8,337.5,2.83824e+06,58.8859
18,19,2,5,1,22.5,3.68594e+06,119.86
18,19,2,5,2,67.5,3.67429e+06,235.024
18,19,2,5,3,112.5,3.66259e+06,235.133
18,19,2,5,4,157.5,3.65463e+06,272.227
18,19,2,5,5,202.5,3.65382e+06,195.216
18,19,2,5,6,247.5,3.66319e+06,289.993
18,19,2,5,7,292.5,3.6785e+06,212.919
18,19,2,5,8,337.5,3.68101e+06,94.2478
18,19,2,6,1,22.5,2.09475e+06,114.171
18,19,2,6,2,67.5,2.09036e+06,160.594
18,19,2,6,3,112.5,2.08104e+06,169.618
18,19,2,6,4,157.5,2.07608e+06,165.533
18,19,2,6,5,202.5,2.07595e+06,125.556
18,19,2,6,6,247.5,2.08468e+06,194.347
18,19,2,6,7,292.5,2.09311e+06,165.842
18,19,2,6,8,337.5,2.09424e+06,79.807
18,19,2,7,1,22.5,1.22418e+06,88.5531
18,19,2,7,2,67.5,1.22216e+06,107.074
18,19,2,7,3,112.5,1.21725e+06,116.913
18,19,2,7,4,157.5,1.21199e+06,104.279
18,19,2,7,5,202.5,1.21048e+06,78.5519
18,19,2,7,6,247.5,1.21559e+06,125.949
18,19,2,7,7,292.5,1.22059e+06,119.563
18,19,2,7,8,337.5,1.22582e+06,56.9725
18,19,2,8,1,22.5,941839,68.2819
18,19,2,8,2,67.5,938584,77.9403
18,19,2,8,3,112.5,934514,84.2249
18,19,2,8,4,157.5,928978,75.3632
18,19,2,8,5,202.5,929064,54.0987
18,19,2,8,6,247.5,933155,90.69
18,19,2,8,7,292.5,939876,92.3195
18,19,2,8,8,337.5,940477,42.9232
18,19,2,9,1,22.5,391922,33.1207
18,19,2,9,2,67.5,391024,37.6919
18,19,2,9,3,112.5,387941,41.3305
18,19,2,9,4,157.5,387283,31.7976
18,19,2,9,5,202.5,386594,23.3607
18,19,2,9,6,247.5,387803,41.8939
18,19,2,9,7,292.5,388967,44.5412
18,19,2,9,8,337.5,391319,20.1693
18,19,2,10,1,22.5,181524,14.9184
18,19,2,10,2,67.5,180888,16.8984
18,19,2,10,3,112.5,178464,17.7482
18,19,2,10,4,157.5,178770,13.668
18,19,2,10,5,202.5,178617,6.5553
18,19,2,10,6,247.5,180063,21.4532
18,19,2,10,7,292.5,179955,20.5831
18,19,2,10,8,337.5,183149,9.6314
18,19,2,11,1,22.5,68776,3.54967
18,19,2,11,2,67.5,67622,0
18,19,2,11,3,112.5,67361,3.41455
18,19,2,11,4,157.5,66669,4.73541
18,19,2,11,5,202.5,66913,0
18,19,2,11,6,247.5,67594,4.77297
18,19,2,11,7,292.5,68424,6.57126
18,19,2,11,8,337.5,68842,0
18,19,3,1,1,22.5,3.15614e+06,53.4922
18,19,3,1,2,67.5,3.15498e+06,175.761
18,19,3,1,3,112.5,3.14856e+06,194.562
18,19,3,1,4,157.5,3.14959e+06,269.895
18,19,3,1,5,202.5,3.14852e+06,227.674
18,19,3,1,6,247.5,3.15372e+06,125.108
18,19,3,1,7,292.5,3.15395e+06,156.307
18,19,3,1,8,337.5,3.15703e+06,65.9241
18,19,3,2,1,22.5,2.5204e+06,15.6036
18,19,3,2,2,67.5,2.52078e+06,118.672
18,19,3,2,3,112.5,2.51523e+06,168.591
18,19,3,2,4,157.5,2.5134e+06,325.128
18,19,3,2,5,202.5,2.51339e+06,189.425
18,19,3,2,6,247.5,2.51816e+06,161.687
18,19,3,2,7,292.5,2.51715e+06,110.486
18,19,3,2,8,337.5,2.51927e+06,14.8155
18,19,3,3,1,22.5,1.98795e+06,38.3668
18,19,3,3,2,67.5,1.98536e+06,118.838
18,19,3,3,3,112.5,1.98417e+06,129.58
18,19,3,3,4,157.5,1.98171e+06,274.771
18,19,3,3,5,202.5,1.98061e+06,171.065
18,19,3,3,6,247.5,1.98004e+06,176.102
18,19,3,3,7,292.5,1.98523e+06,141.528
18,19,3,3,8,337.5,1.99116e+06,38.0926
18,19,3,4,1,22.5,1.55509e+06,49.4255
18,19,3,4,2,67.5,1.55198e+06,135.082
18,19,3,4,3,112.5,1.54831e+06,119.238
18,19,3,4,4,157.5,1.54383e+06,248.107
18,19,3,4,5,202.5,1.54533e+06,146.199
18,19,3,4,6,247.5,1.54645e+06,187.185
18,19,3,4,7,292.5,1.55304e+06,126.321
18,19,3,4,8,337.5,1.55378e+06,40.0774
18,19,3,5,1,22.5,2.13454e+06,65.7241
18,19,3,5,2,67.5,2.1351e+06,193.425
18,19,3,5,3,112.5,2.12679e+06,171.71
18,19,3,5,4,157.5,2.12156e+06,284.252
18,19,3,5,5,202.5,2.1228e+06,175.279
18,19,3,5,6,247.5,2.12422e+06,261.549
18,19,3,5,7,292.5,2.13365e+06,151.444
18,19,3,5,8,337.5,2.14157e+06,51.975
18,19,3,6,1,22.5,1.27232e+06,67.4753
18,19,3,6,2,67.5,1.27095e+06,154.547
18,19,3,6,3,112.5,1.26516e+06,148.943
18,19,3,6,4,157.5,1.26514e+06,200.572
18,19,3,6,5,202.5,1.26285e+06,130.618
18,19,3,6,6,247.5,1.26524e+06,213.876
18,19,3,6,7,292.5,1.27284e+06,122.291
18,19,3,6,8,337.5,1.27323e+06,61.9237
18,19,3,7,1,22.5,763027,73.5231
18,19,3,7,2,67.5,762510,116.921
18,19,3,7,3,112.5,760058,125.063
18,19,3,7,4,157.5,759069,146.477
18,19,3,7,5,202.5,757844,99.1063
18,19,3,7,6,247.5,758812,161.372
18,19,3,7,7,292.5,764038,106.286
18,19,3,7,8,337.5,765641,60.9627
18,19,3,8,1,22.5,628868,83.7147
18,19,3,8,2,67.5,626856,105.231
18,19,3,8,3,112.5,623439,116.072
18,19,3,8,4,157.5,620946,121.62
18,19,3,8,5,202.5,620626,84.1004
18,19,3,8,6,247.5,622055,139.608
18,19,3,8,7,292.5,627744,108.749
18,19,3,8,8,337.5,629464,59.8591
18,19,3,9,1,22.5,305374,63.5744
18,19,3,9,2,67.5,304962,72.4521
18,19,3,9,3,112.5,303723,79.7188
18,19,3,9,4,157.5,302598,75.224
18,19,3,9,5,202.5,302141,55.3582
18,19,3,9,6,247.5,303338,89.907
18,19,3,9,7,292.5,306222,80.5459
18,19,3,9,8,337.5,306172,40.2722
18,19,3,10,1,22.5,178227,48.0379
18,19,3,10,2,67.5,176336,52.6859
18,19,3,10,3,112.5,174541,55.6672
18,19,3,10,4,157.5,173621,49.8672
18,19,3,10,5,202.5,174507,37.5089
18,19,3,10,6,247.5,173899,62.6561
18,19,3,10,7,292.5,175619,58.7335
18,19,3,10,8,337.5,177035,28.0884
18,19,3,11,1,22.5,90349,29.2091
18,19,3,11,2,67.5,90558,32.1368
18,19,3,11,3,112.5,89277,33.6027
18,19,3,11,4,157.5,88661,27.4131
18,19,3,11,5,202.5,88751,21.9974
18,19,3,11,6,247.5,89378,36.1579
18,19,3,11,7,292.5,89928,38.0188
18,19,3,11,8,337.5,90932,16.5264
18,19,4,1,1,22.5,1.73733e+06,41.5568
18,19,4,1,2,67.5,1.74144e+06,75.2172
18,19,4,1,3,112.5,1.73924e+06,122.631
18,19,4,1,4,157.5,1.73831e+06,222.15
18,19,4,1,5,202.5,1.73624e+06,167.819
18,19,4,1,6,247.5,1.73998e+06,76.7593
18,19,4,1,7,292.5,1.73984e+06,74.2256
18,19,4,1,8,337.5,1.74101e+06,48.3487
18,19,4,2,1,22.5,1.41906e+06,20.3581
18,19,4,2,2,67.5,1.41674e+06,63.3641
18,19,4,2,3,112.5,1.41932e+06,92.4664
18,19,4,2,4,157.5,1.41477e+06,235.925
18,19,4,2,5,202.5,1.41488e+06,133.373
18,19,4,2,6,247.5,1.41832e+06,87.9236
18,19,4,2,7,292.5,1.4199e+06,70.6952
18,19,4,2,8,337.5,1.41848e+06,17.4642
18,19,4,3,1,22.5,1.14825e+06,10.1572
18,19,4,3,2,67.5,1.14947e+06,56.6388
18,19,4,3,3,112.5,1.14571e+06,73.6536
18,19,4,3,4,157.5,1.14401e+06,214.916
18,19,4,3,5,202.5,1.14228e+06,147.507
18,19,4,3,6,247.5,1.14575e+06,91.2131
18,19,4,3,7,292.5,1.14996e+06,83.5271
18,19,4,3,8,337.5,1.14954e+06,9.46844
18,19,4,4,1,22.5,924023,13.0145
18,19,4,4,2,67.5,922596,77.676
18,19,4,4,3,112.5,922400,57.3269
18,19,4,4,4,157.5,919150,191.547
18,19,4,4,5,202.5,918871,112.913
18,19,4,4,6,247.5,921827,108.766
18,19,4,4,7,292.5,924161,94.1461
18,19,4,4,8,337.5,925704,17.7999
18,19,4,5,1,22.5,1.32756e+06,28.3787
18,19,4,5,2,67.5,1.3275e+06,134.146
18,19,4,5,3,112.5,1.32382e+06,87.7261
18,19,4,5,4,157.5,1.31827e+06,239.753
18,19,4,5,5,202.5,1.3193e+06,149.737
18,19,4,5,6,247.5,1.31847e+06,183.139
18,19,4,5,7,292.5,1.32589e+06,121.58
18,19,4,5,8,337.5,1.3287e+06,28.5113
18,19,4,6,1,22.5,836424,27.1586
18,19,4,6,2,67.5,836257,128.06
18,19,4,6,3,112.5,830115,92.6618
18,19,4,6,4,157.5,829831,185.99
18,19,4,6,5,202.5,829973,113.11
18,19,4,6,6,247.5,833243,166.812
18,19,4,6,7,292.5,835531,90.0876
18,19,4,6,8,337.5,839006,28.8467
18,19,4,7,1,22.5,523758,31.1621
18,19,4,7,2,67.5,521528,105.113
18,19,4,7,3,112.5,519789,89.5328
18,19,4,7,4,157.5,518479,142.677
18,19,4,7,5,202.5,520172,89.9538
18,19,4,7,6,247.5,519561,140.371
18,19,4,7,7,292.5,522683,72.0489
18,19,4,7,8,337.5,522545,36.1101
18,19,4,8,1,22.5,439659,47.4287
18,19,4,8,2,67.5,436171,95.5338
18,19,4,8,3,112.5,435380,94.1829
18,19,4,8,4,157.5,434497,126.66
18,19,4,8,5,202.5,434726,82.5281
18,19,4,8,6,247.5,436398,133.524
18,19,4,8,7,292.5,438712,74.5073
18,19,4,8,8,337.5,440207,47.8377
18,19,4,9,1,22.5,216121,46.108
18,19,4,9,2,67.5,215288,67.0359
18,19,4,9,3,112.5,213518,73.3937
18,19,4,9,4,157.5,212049,85.5328
18,19,4,9,5,202.5,212433,57.1525
18,19,4,9,6,247.5,213264,94.8063
18,19,4,9,7,292.5,214235,61.2899
18,19,4,9,8,337.5,215787,38.154
18,19,4,10,1,22.5,126262,43.604
18,19,4,10,2,67.5,125619,51.8751
18,19,4,10,3,112.5,124796,58.5851
18,19,4,10,4,157.5,124937,63.6305
18,19,4,10,5,202.5,124103,43.2325
18,19,4,10,6,247.5,125307,73.0002
18,19,4,10,7,292.5,126028,54.6838
18,19,4,10,8,337.5,127281,31.0637
18,19,4,11,1,22.5,68924,36.1566
18,19,4,11,2,67.5,68850,41.1249
18,19,4,11,3,112.5,68678,46.8687
18,19,4,11,4,157.5,68110,43.797
18,19,4,11,5,202.5,68487,32.8851
18,19,4,11,6,247.5,68192,53.2714
18,19,4,11,7,292.5,69442,45.4812
18,19,4,11,8,337.5,69446,22.742
18,19,5,1,1,22.5,977922,33.508
18,19,5,1,2,67.5,978352,52.1733
18,19,5,1,3,112.5,977991,102.381
18,19,5,1,4,157.5,974768,161.16
18,19,5,1,5,202.5,977044,118.752
18,19,5,1,6,247.5,977857,45.6256
18,19,5,1,7,292.5,978086,30.9658
18,19,5,1,8,337.5,979102,29.7992
18,19,5,2,1,22.5,809386,11.7865
18,19,5,2,2,67.5,809901,19.2697
18,19,5,2,3,112.5,809018,71.9794
18,19,5,2,4,157.5,806239,174.274
18,19,5,2,5,202.5,807206,108.683
18,19,5,2,6,247.5,806756,24.658
18,19,5,2,7,292.5,810505,25.2075
18,19,5,2,8,337.5,810217,10.623
18,19,5,3,1,22.5,666559,6.60421
18,19,5,3,2,67.5,667515,20.4804
18,19,5,3,3,112.5,665755,52.4897
18,19,5,3,4,157.5,663681,181.493
18,19,5,3,5,202.5,663460,97.5552
18,19,5,3,6,247.5,664554,37.729
18,19,5,3,7,292.5,666761,42.2655
18,19,5,3,8,337.5,668471,5.68076
18,19,5,4,1,22.5,546914,0
18,19,5,4,2,67.5,547381,28.9718
18,19,5,4,3,112.5,545685,40.2839
18,19,5,4,4,157.5,544496,151.039
18,19,5,4,5,202.5,544938,90.0213
18,19,5,4,6,247.5,543921,56.9564
18,19,5,4,7,292.5,547763,63.367
18,19,5,4,8,337.5,548227,0
18,19,5,5,1,22.5,811912,7.40095
18,19,5,5,2,67.5,810299,74.5198
18,19,5,5,3,112.5,808254,47.1109
18,19,5,5,4,157.5,805783,191.813
18,19,5,5,5,202.5,806005,117.827
18,19,5,5,6,247.5,809225,106.219
18,19,5,5,7,292.5,813104,100.698
18,19,5,5,8,337.5,813039,7.8407
18,19,5,6,1,22.5,536414,7.8994
18,19,5,6,2,67.5,535719,93.5508
18,19,5,6,3,112.5,531142,49.6847
18,19,5,6,4,157.5,531012,154.625
18,19,5,6,5,202.5,530174,92.9494
18,19,5,6,6,247.5,531020,113.129
18,19,5,6,7,292.5,533615,82.9064
18,19,5,6,8,337.5,536906,9.17592
18,19,5,7,1,22.5,349023,9.40593
18,19,5,7,2,67.5,347055,87.6727
18,19,5,7,3,112.5,344996,54.6133
18,19,5,7,4,157.5,345147,122.337
18,19,5,7,5,202.5,343803,77.1036
18,19,5,7,6,247.5,345543,106.274
18,19,5,7,7,292.5,347107,62.4393
18,19,5,7,8,337.5,349008,11.9252
18,19,5,8,1,22.5,301108,16.0664
18,19,5,8,2,67.5,300634,84.8286
18,19,5,8,3,112.5,299977,64.311
18,19,5,8,4,157.5,298152,115.076
18,19,5,8,5,202.5,297819,71.9278
18,19,5,8,6,247.5,298905,108.748
18,19,5,8,7,292.5,301221,56.0418
18,19,5,8,8,337.5,301719,23.474
18,19,5,9,1,22.5,151195,23.5877
18,19,5,9,2,67.5,149875,60.1337
18,19,5,9,3,112.5,148575,54.0041
18,19,5,9,4,157.5,148154,79.604
18,19,5,9,5,202.5,148043,51.9486
18,19,5,9,6,247.5,148755,82.3755
18,19,5,9,7,292.5,150180,41.7659
18,19,5,9,8,337.5,150864,26.6195
18,19,5,10,1,22.5,86532,27.457
18,19,5,10,2,67.5,85895,45.6134
18,19,5,10,3,112.5,85326,47.5721
18,19,5,10,4,157.5,85135,60.2359
18,19,5,10,5,202.5,85174,40.6896
18,19,5,10,6,247.5,85275,65.8782
18,19,5,10,7,292.5,86371,37.6308
18,19,5,10,8,337.5,86636,27.1544
18,19,5,11,1,22.5,45019,27.3894
18,19,5,11,2,67.5,44552,33.7907
18,19,5,11,3,112.5,44028,38.9332
18,19,5,11,4,157.5,44207,46.6006
18,19,5,11,5,202.5,44416,31.5994
18,19,5,11,6,247.5,43816,50.1847
18,19,5,11,7,292.5,44361,32.8405
18,19,5,11,8,337.5,45407,20.2714
18,19,6,1,1,22.5,515655,33.3394
18,19,6,1,2,67.5,515399,48.4421
18,19,6,1,3,112.5,515623,86.2876
18,19,6,1,4,157.5,515124,117.951
18,19,6,1,5,202.5,514861,80.422
18,19,6,1,6,247.5,517150,32.3715
18,19,6,1,7,292.5,516341,18.3
18,19,6,1,8,337.5,516034,22.5937
18,19,6,2,1,22.5,431207,0
18,19,6,2,2,67.5,431368,9.27855
18,19,6,2,3,112.5,429635,63.8005
18,19,6,2,4,157.5,429214,125.328
18,19,6,2,5,202.5,429634,80.0582
18,19,6,2,6,247.5,430011,8.57813
18,19,6,2,7,292.5,430063,0
18,19,6,2,8,337.5,430651,3.91536
18,19,6,3,1,22.5,358506,0
18,19,6,3,2,67.5,357255,0
18,19,6,3,3,112.5,356189,45.2003
18,19,6,3,4,157.5,355011,131.037
18,19,6,3,5,202.5,357343,74.1331
18,19,6,3,6,247.5,358117,10.9819
18,19,6,3,7,292.5,356951,16.0713
18,19,6,3,8,337.5,358627,4.83333
18,19,6,4,1,22.5,296378,0
18,19,6,4,2,67.5,294686,5.58831
18,19,6,4,3,112.5,293859,34.1277
18,19,6,4,4,157.5,292560,111.594
18,19,6,4,5,202.5,294080,69.2028
18,19,6,4,6,247.5,294559,21.9065
18,19,6,4,7,292.5,295929,31.1102
18,19,6,4,8,337.5,296640,0
18,19,6,5,1,22.5,441728,0
18,19,6,5,2,67.5,440832,28.6947
18,19,6,5,3,112.5,439826,37.8247
18,19,6,5,4,157.5,437910,143.431
18,19,6,5,5,202.5,440295,86.6678
18,19,6,5,6,247.5,439818,58.1274
18,19,6,5,7,292.5,441107,67.9111
18,19,6,5,8,337.5,442019,0
18,19,6,6,1,22.5,294858,0
18,19,6,6,2,67.5,294321,52.6666
18,19,6,6,3,112.5,292882,28.4589
18,19,6,6,4,157.5,290672,119.92
18,19,6,6,5,202.5,290499,72.8338
18,19,6,6,6,247.5,292691,73.6518
18,19,6,6,7,292.5,294194,69.065
18,19,6,6,8,337.5,295570,0
18,19,6,7,1,22.5,192664,0
18,19,6,7,2,67.5,191884,60.7042
18,19,6,7,3,112.5,189526,27.2484
18,19,6,7,4,157.5,189245,95.3508
18,19,6,7,5,202.5,190157,59.4318
18,19,6,7,6,247.5,190358,71.799
18,19,6,7,7,292.5,192168,54.4533
18,19,6,7,8,337.5,191973,0
18,19,6,8,1,22.5,165774,0
18,19,6,8,2,67.5,164152,64.3236
18,19,6,8,3,112.5,162935,35.9779
18,19,6,8,4,157.5,161479,90.7445
18,19,6,8,5,202.5,162103,57.879
18,19,6,8,6,247.5,163251,77.3973
18,19,6,8,7,292.5,164741,48.341
18,19,6,8,8,337.5,165784,3.85968
18,19,6,9,1,22.5,79843,5.95152
18,19,6,9,2,67.5,79441,48.4834
18,19,6,9,3,112.5,79014,33.2231
18,19,6,9,4,157.5,78460,64.2656
18,19,6,9,5,202.5,78250,41.2368
18,19,6,9,6,247.5,78572,60.3811
18,19,6,9,7,292.5,79462,30.8664
18,19,6,9,8,337.5,80241,11.4713
18,19,6,10,1,22.5,45072,10.9265
18,19,6,10,2,67.5,44218,36.7551
18,19,6,10,3,112.5,43550,31.4761
18,19,6,10,4,157.5,43311,50.0396
18,19,6,10,5,202.5,43329,31.4484
18,19,6,10,6,247.5,43635,50.0497
18,19,6,10,7,292.5,44141,23.7364
18,19,6,10,8,337.5,44439,15.7605
18,19,6,11,1,22.5,22445,14.8904
18,19,6,11,2,67.5,21852,26.8035
18,19,6,11,3,112.5,21419,26.1779
18,19,6,11,4,157.5,21155,38.0807
18,19,6,11,5,202.5,21444,24.1317
18,19,6,11,6,247.5,21216,37.7979
18,19,6,11,7,292.5,21935,21.3081
18,19,6,11,8,337.5,22236,14.1194
18,19,7,1,1,22.5,208613,27.3787
18,19,7,1,2,67.5,207825,37.0669
18,19,7,1,3,112.5,207563,63.0761
18,19,7,1,4,157.5,208447,76.2068
18,19,7,1,5,202.5,208051,57.2692
18,19,7,1,6,247.5,208589,23.0621
18,19,7,1,7,292.5,208392,14.5651
18,19,7,1,8,337.5,207831,17.0628
18,19,7,2,1,22.5,171496,5.47815
18,19,7,2,2,67.5,171448,9.20089
18,19,7,2,3,112.5,171359,46.97
18,19,7,2,4,157.5,170178,85.148
18,19,7,2,5,202.5,171101,53.2186
18,19,7,2,6,247.5,170193,7.03086
18,19,7,2,7,292.5,171254,0
18,19,7,2,8,337.5,171629,0
18,19,7,3,1,22.5,140762,0
18,19,7,3,2,67.5,140305,0
18,19,7,3,3,112.5,139418,35.6233
18,19,7,3,4,157.5,138713,84.0074
18,19,7,3,5,202.5,139277,49.3052
18,19,7,3,6,247.5,139558,0
18,19,7,3,7,292.5,139401,0
18,19,7,3,8,337.5,140195,0
18,19,7,4,1,22.5,113547,0
18,19,7,4,2,67.5,113775,0
18,19,7,4,3,112.5,113019,25.9757
18,19,7,4,4,157.5,112130,74.4823
18,19,7,4,5,202.5,112354,46.097
18,19,7,4,6,247.5,112749,0
18,19,7,4,7,292.5,113594,11.7448
18,19,7,4,8,337.5,114154,0
18,19,7,5,1,22.5,164045,0
18,19,7,5,2,67.5,163846,3.87232
18,19,7,5,3,112.5,163015,28.7883
18,19,7,5,4,157.5,162638,96.0381
18,19,7,5,5,202.5,162638,57.9632
18,19,7,5,6,247.5,164131,22.984
18,19,7,5,7,292.5,164709,33.8086
18,19,7,5,8,337.5,165413,0
18,19,7,6,1,22.5,103231,0
18,19,7,6,2,67.5,103318,18.4839
18,19,7,6,3,112.5,102580,18.9222
18,19,7,6,4,157.5,102105,79.0322
18,19,7,6,5,202.5,102322,46.1952
18,19,7,6,6,247.5,102767,35.7724
18,19,7,6,7,292.5,103233,40.7094
18,19,7,6,8,337.5,102955,0
18,19,7,7,1,22.5,63818,0
18,19,7,7,2,67.5,62826,27.3402
18,19,7,7,3,112.5,62717,15.0206
18,19,7,7,4,157.5,62395,62.3881
18,19,7,7,5,202.5,62464,37.9112
18,19,7,7,6,247.5,62753,39.3473
18,19,7,7,7,292.5,63014,34.6492
18,19,7,7,8,337.5,63601,0
18,19,7,8,1,22.5,51025,0
18,19,7,8,2,67.5,50824,35.1724
18,19,7,8,3,112.5,50376,17.0047
18,19,7,8,4,157.5,50227,57.5333
18,19,7,8,5,202.5,49585,33.494
18,19,7,8,6,247.5,50365,44.5007
18,19,7,8,7,292.5,50342,29.144
18,19,7,8,8,337.5,51268,0
18,19,7,9,1,22.5,23280,0
18,19,7,9,2,67.5,22905,27.0206
18,19,7,9,3,112.5,22859,14.7856
18,19,7,9,4,157.5,22386,39.7203
18,19,7,9,5,202.5,22337,22.7007
18,19,7,9,6,247.5,22906,34.9872
18,19,7,9,7,292.5,22966,17.7129
18,19,7,9,8,337.5,23112,0
18,19,7,10,1,22.5,11649,0
18,19,7,10,2,67.5,11843,20.8204
18,19,7,10,3,112.5,11853,12.7455
18,19,7,10,4,157.5,11496,28.8526
18,19,7,10,5,202.5,11487,16.9032
18,19,7,10,6,247.5,11447,27.2994
18,19,7,10,7,292.5,11815,10.317
18,19,7,10,8,337.5,11974,3.67708
18,19,7,11,1,22.5,4517,4.52295
18,19,7,11,2,67.5,4517,12.0727
18,19,7,11,3,112.5,4520,10.8129
18,19,7,11,4,157.5,4396,20.0416
18,19,7,11,5,202.5,4348,11.5237
18,19,7,11,6,247.5,4512,18.0868
18,19,7,11,7,292.5,4523,6.92876
18,19,7,11,8,337.5,4625,4.13154
18,19,8,1,1,22.5,35333,8.55224
18,19,8,1,2,67.5,36008,14.2351
18,19,8,1,3,112.5,35674,27.3308
18,19,8,1,4,157.5,35622,33.0994
18,19,8,1,5,202.5,35851,23.0908
18,19,8,1,6,247.5,35711,8.21928
18,19,8,1,7,292.5,35806,0
18,19,8,1,8,337.5,36075,6.17893
18,19,8,2,1,22.5,27133,0
18,19,8,2,2,67.5,27208,0
18,19,8,2,3,112.5,26763,19.196
18,19,8,2,4,157.5,26596,34.4335
18,19,8,2,5,202.5,26658,18.9419
18,19,8,2,6,247.5,26889,0
18,19,8,2,7,292.5,27164,0
18,19,8,2,8,337.5,27074,0
18,19,8,3,1,22.5,20224,0
18,19,8,3,2,67.5,20149,0
18,19,8,3,3,112.5,20186,13.5086
18,19,8,3,4,157.5,20074,33.6277
18,19,8,3,5,202.5,20025,18.5052
18,19,8,3,6,247.5,20088,0
18,19,8,3,7,292.5,20180,0
18,19,8,3,8,337.5,20408,0
18,19,8,4,1,22.5,15163,0
18,19,8,4,2,67.5,14949,0
18,19,8,4,3,112.5,14760,12.5389
18,19,8,4,4,157.5,14804,31.2481
18,19,8,4,5,202.5,14812,15.873
18,19,8,4,6,247.5,15073,0
18,19,8,4,7,292.5,14887,0
18,19,8,4,8,337.5,14854,0
18,19,8,5,1,22.5,19490,0
18,19,8,5,2,67.5,18919,0
18,19,8,5,3,112.5,19283,10.5012
18,19,8,5,4,157.5,18908,37.2591
18,19,8,5,5,202.5,18942,18.3419
18,19,8,5,6,247.5,18958,6.28771
18,19,8,5,7,292.5,19387,7.41502
18,19,8,5,8,337.5,19243,0
18,19,8,6,1,22.5,10219,0
18,19,8,6,2,67.5,10267,0
18,19,8,6,3,112.5,10051,7.57391
18,19,8,6,4,157.5,10025,27.2728
18,19,8,6,5,202.5,9998,12.1975
18,19,8,6,6,247.5,10005,10.4305
18,19,8,6,7,292.5,10238,8.98262
18,19,8,6,8,337.5,10089,0
18,19,8,7,1,22.5,5237,0
18,19,8,7,2,67.5,5006,0
18,19,8,7,3,112.5,5116,0
18,19,8,7,4,157.5,4984,19.1416
18,19,8,7,5,202.5,5085,8.40172
18,19,8,7,6,247.5,4987,12.1239
18,19,8,7,7,292.5,5122,8.25113
18,19,8,7,8,337.5,5177,0
18,19,8,8,1,22.5,3052,0
18,19,8,8,2,67.5,3033,5.13835
18,19,8,8,3,112.5,2956,0
18,19,8,8,4,157.5,3090,15.2726
18,19,8,8,5,202.5,2939,6.48369
18,19,8,8,6,247.5,2997,8.42644
18,19,8,8,7,292.5,2878,4.72925
18,19,8,8,8,337.5,3138,0
18,19,8,9,1,22.5,783,0
18,19,8,9,2,67.5,803,0
18,19,8,9,3,112.5,760,0
18,19,8,9,4,157.5,775,5.33798
18,19,8,9,5,202.5,750,0
18,19,8,9,6,247.5,753,4.39828
18,19,8,9,7,292.5,757,0
18,19,8,9,8,337.5,859,0
18,19,8,10,1,22.5,95,0
18,19,8,10,2,67.5,91,0
18,19,8,10,3,112.5,108,0
18,19,8,10,4,157.5,100,0
18,19,8,10,5,202.5,92,0
18,19,8,10,6,247.5,122,0
18,19,8,10,7,292.5,100,0
18,19,8,10,8,337.5,106,0
18,19,8,11,1,22.5,0,0
18,19,8,11,2,67.5,0,0
18,19,8,11,3,112.5,0,0
18,19,8,11,4,157.5,0,0
18,19,8,11,5,202.5,0,0
18,19,8,11,6,247.5,0,0
18,19,8,11,7,292.5,0,0
18,19,8,11,8,337.5,0,0
19,20,1,1,1,22.5,4.39281e+07,0
19,20,1,1,2,67.5,4.39092e+07,0
19,20,1,1,3,112.5,4.38859e+07,0
19,20,1,1,4,157.5,4.3869e+07,0
19,20,1,1,5,202.5,4.38681e+07,0
19,20,1,1,6,247.5,4.39021e+07,0
19,20,1,1,7,292.5,4.39152e+07,0
19,20,1,1,8,337.5,4.39201e+07,0
19,20,1,2,1,22.5,1.59934e+07,0
19,20,1,2,2,67.5,1.59823e+07,0
19,20,1,2,3,112.5,1.59707e+07,0
19,20,1,2,4,157.5,1.59646e+07,0
19,20,1,2,5,202.5,1.59673e+07,0
19,20,1,2,6,247.5,1.59847e+07,0
19,20,1,2,7,292.5,1.59802e+07,0
19,20,1,2,8,337.5,1.59905e+07,0
19,20,1,3,1,22.5,7.28494e+06,0
19,20,1,3,2,67.5,7.2913e+06,0
19,20,1,3,3,112.5,7.27906e+06,0
19,20,1,3,4,157.5,7.27222e+06,0
19,20,1,3,5,202.5,7.27759e+06,0
19,20,1,3,6,247.5,7.28019e+06,0
19,20,1,3,7,292.5,7.28333e+06,0
19,20,1,3,8,337.5,7.2858e+06,0
19,20,1,4,1,22.5,3.57332e+06,0
19,20,1,4,2,67.5,3.5738e+06,0
19,20,1,4,3,112.5,3.57272e+06,0
19,20,1,4,4,157.5,3.56954e+06,0
19,20,1,4,5,202.5,3.5694e+06,0
19,20,1,4,6,247.5,3.57074e+06,0
19,20,1,4,7,292.5,3.57743e+06,0
19,20,1,4,8,337.5,3.5762e+06,0
19,20,1,5,1,22.5,2.59303e+06,0
19,20,1,5,2,67.5,2.58775e+06,0
19,20,1,5,3,112.5,2.58681e+06,0
19,20,1,5,4,157.5,2.58515e+06,0
19,20,1,5,5,202.5,2.58355e+06,0
19,20,1,5,6,247.5,2.58582e+06,0
19,20,1,5,7,292.5,2.59094e+06,0
19,20,1,5,8,337.5,2.59022e+06,0
19,20,1,6,1,22.5,536909,0
19,20,1,6,2,67.5,537826,0
19,20,1,6,3,112.5,535424,0
19,20,1,6,4,157.5,533212,0
19,20,1,6,5,202.5,533287,0
19,20,1,6,6,247.5,535347,0
19,20,1,6,7,292.5,536312,0
19,20,1,6,8,337.5,536103,0
19,20,1,7,1,22.5,85508,0
19,20,1,7,2,67.5,85203,0
19,20,1,7,3,112.5,84423,0
19,20,1,7,4,157.5,84584,0
19,20,1,7,5,202.5,83869,0
19,20,1,7,6,247.5,84570,0
19,20,1,7,7,292.5,85654,0
19,20,1,7,8,337.5,85853,0
19,20,1,8,1,22.5,9650,0
19,20,1,8,2,67.5,10082,0
19,20,1,8,3,112.5,9766,0
19,20,1,8,4,157.5,9676,0
19,20,1,8,5,202.5,9683,0
19,20,1,8,6,247.5,9854,0
19,20,1,8,7,292.5,9857,0
19,20,1,8,8,337.5,9893,0
19,20,1,9,1,22.5,65,0
19,20,1,9,2,67.5,88,0
19,20,1,9,3,112.5,75,0
19,20,1,9,4,157.5,72,0
19,20,1,9,5,202.5,69,0
19,20,1,9,6,247.5,76,0
19,20,1,9,7,292.5,65,0
19,20,1,9,8,337.5,63,0
19,20,1,10,1,22.5,0,0
19,20,1,10,2,67.5,0,0
19,20,1,10,3,112.5,0,0
19,20,1,10,4,157.5,0,0
19,20,1,10,5,202.5,0,0
19,20,1,10,6,247.5,0,0
19,20,1,10,7,292.5,0,0
19,20,1,10,8,337.5,0,0
19,20,1,11,1,22.5,0,0
19,20,1,11,2,67.5,0,0
19,20,1,11,3,112.5,0,0
19,20,1,11,4,157.5,0,0
19,20,1,11,5,202.5,0,0
19,20,1,11,6,247.5,0,0
19,20,1,11,7,292.5,0,0
19,20,1,11,8,337.5,0,0
19,20,2,1,1,22.5,6.08336e+06,49.1098
19,20,2,1,2,67.5,6.08989e+06,109.788
19,20,2,1,3,112.5,6.07795e+06,140.498
19,20,2,1,4,157.5,6.07688e+06,134.064
19,20,2,1,5,202.5,6.08081e+06,134.787
19,20,2,1,6,247.5,6.08674e+06,140.529
19,20,2,1,7,292.5,6.08358e+06,129.497
19,20,2,1,8,337.5,6.08616e+06,58.3283
19,20,2,2,1,22.5,4.47905e+06,22.1432
19,20,2,2,2,67.5,4.47916e+06,53.2749
19,20,2,2,3,112.5,4.47442e+06,77.3882
19,20,2,2,4,157.5,4.46449e+06,87.0835
19,20,2,2,5,202.5,4.46603e+06,67.9494
19,20,2,2,6,247.5,4.47203e+06,73.8342
19,20,2,2,7,292.5,4.48181e+06,63.6429
19,20,2,2,8,337.5,4.47456e+06,26.6345
19,20,2,3,1,22.5,3.21945e+06,30.4392
19,20,2,3,2,67.5,3.21758e+06,57.4003
19,20,2,3,3,112.5,3.2127e+06,46.5423
19,20,2,3,4,157.5,3.21047e+06,35.143
19,20,2,3,5,202.5,3.20553e+06,33.6141
19,20,2,3,6,247.5,3.21306e+06,49.9636
19,20,2,3,7,292.5,3.21729e+06,64.3684
19,20,2,3,8,337.5,3.21841e+06,26.809
19,20,2,4,1,22.5,2.30827e+06,25.3736
19,20,2,4,2,67.5,2.30674e+06,52.9869
19,20,2,4,3,112.5,2.30055e+06,30.5666
19,20,2,4,4,157.5,2.30064e+06,15.444
19,20,2,4,5,202.5,2.30058e+06,15.6486
19,20,2,4,6,247.5,2.30109e+06,36.8603
19,20,2,4,7,292.5,2.30534e+06,48.6749
19,20,2,4,8,337.5,2.30897e+06,20.9838
19,20,2,5,1,22.5,2.80955e+06,26.1058
19,20,2,5,2,67.5,2.80944e+06,52.3249
19,20,2,5,3,112.5,2.80438e+06,26.4521
19,20,2,5,4,157.5,2.79647e+06,5.0719
19,20,2,5,5,202.5,2.80225e+06,6.25263
19,20,2,5,6,247.5,2.80197e+06,28.5551
19,20,2,5,7,292.5,2.80981e+06,47.2117
19,20,2,5,8,337.5,2.81064e+06,29.3959
19,20,2,6,1,22.5,1.27626e+06,20.229
19,20,2,6,2,67.5,1.2732e+06,23.9467
19,20,2,6,3,112.5,1.26737e+06,8.61959
19,20,2,6,4,157.5,1.26941e+06,0
19,20,2,6,5,202.5,1.26569e+06,0
19,20,2,6,6,247.5,1.27124e+06,9.06214
19,20,2,6,7,292.5,1.27479e+06,24.6343
19,20,2,6,8,337.5,1.27405e+06,19.802
19,20,2,7,1,22.5,488294,11.1206
19,20,2,7,2,67.5,488348,10.0898
19,20,2,7,3,112.5,486150,0
19,20,2,7,4,157.5,485112,0
19,20,2,7,5,202.5,485604,0
19,20,2,7,6,247.5,487358,0
19,20,2,7,7,292.5,487880,9.1693
19,20,2,7,8,337.5,489199,8.8031
19,20,2,8,1,22.5,185925,0
19,20,2,8,2,67.5,185820,0
19,20,2,8,3,112.5,184339,0
19,20,2,8,4,157.5,184182,0
19,20,2,8,5,202.5,184368,0
19,20,2,8,6,247.5,185071,0
19,20,2,8,7,292.5,185476,0
19,20,2,8,8,337.5,187074,0
19,20,2,9,1,22.5,23411,0
19,20,2,9,2,67.5,23211,0
19,20,2,9,3,112.5,23256,0
19,20,2,9,4,157.5,23191,0
19,20,2,9,5,202.5,23224,0
19,20,2,9,6,247.5,23340,0
19,20,2,9,7,292.5,23515,0
19,20,2,9,8,337.5,23344,0
19,20,2,10,1,22.5,1763,0
19,20,2,10,2,67.5,1760,0
19,20,2,10,3,112.5,1760,0
19,20,2,10,4,157.5,1658,0
19,20,2,10,5,202.5,1588,0
19,20,2,10,6,247.5,1766,0
19,20,2,10,7,292.5,1687,0
19,20,2,10,8,337.5,1775,0
19,20,2,11,1,22.5,4,0
19,20,2,11,2,67.5,4,0
19,20,2,11,3,112.5,2,0
19,20,2,11,4,157.5,3,0
19,20,2,11,5,202.5,3,0
19,20,2,11,6,247.5,1,0
19,20,2,11,7,292.5,0,0
19,20,2,11,8,337.5,2,0
19,20,3,1,1,22.5,3.15648e+06,95.4137
19,20,3,1,2,67.5,3.16233e+06,132.755
19,20,3,1,3,112.5,3.15743e+06,157.428
19,20,3,1,4,157.5,3.15405e+06,224.72
19,20,3,1,5,202.5,3.15501e+06,195.958
19,20,3,1,6,247.5,3.16035e+06,144.033
19,20,3,1,7,292.5,3.1593e+06,139.376
19,20,3,1,8,337.5,3.15545e+06,107.643
19,20,3,2,1,22.5,2.46737e+06,44.294
19,20,3,2,2,67.5,2.46884e+06,90.4792
19,20,3,2,3,112.5,2.46538e+06,101.058
19,20,3,2,4,157.5,2.46213e+06,145.31
19,20,3,2,5,202.5,2.46107e+06,106.935
19,20,3,2,6,247.5,2.46788e+06,97.3589
19,20,3,2,7,292.5,2.46665e+06,73.2203
19,20,3,2,8,337.5,2.46754e+06,37.9578
19,20,3,3,1,22.5,1.89324e+06,29.505
19,20,3,3,2,67.5,1.89578e+06,72.8867
19,20,3,3,3,112.5,1.89023e+06,73.1588
19,20,3,3,4,157.5,1.88555e+06,94.1397
19,20,3,3,5,202.5,1.88482e+06,69.7324
19,20,3,3,6,247.5,1.89011e+06,75.6567
19,20,3,3,7,292.5,1.89714e+06,88.9442
19,20,3,3,8,337.5,1.89709e+06,35.9668
19,20,3,4,1,22.5,1.43184e+06,37.6018
19,20,3,4,2,67.5,1.43143e+06,81.5148
19,20,3,4,3,112.5,1.42721e+06,56.7949
19,20,3,4,4,157.5,1.42381e+06,59.9723
19,20,3,4,5,202.5,1.42774e+06,49.7874
19,20,3,4,6,247.5,1.42726e+06,70.2273
19,20,3,4,7,292.5,1.43225e+06,85.161
19,20,3,4,8,337.5,1.43088e+06,40.2846
19,20,3,5,1,22.5,1.84262e+06,45.863
19,20,3,5,2,67.5,1.8401e+06,104.466
19,20,3,5,3,112.5,1.83315e+06,61.5783
19,20,3,5,4,157.5,1.83096e+06,45.8613
19,20,3,5,5,202.5,1.83277e+06,40.2292
19,20,3,5,6,247.5,1.83272e+06,77.6914
19,20,3,5,7,292.5,1.84074e+06,95.8335
19,20,3,5,8,337.5,1.84289e+06,41.1941
19,20,3,6,1,22.5,941127,34.5834
19,20,3,6,2,67.5,938540,67.218
19,20,3,6,3,112.5,934282,38.9449
19,20,3,6,4,157.5,935683,14.814
19,20,3,6,5,202.5,936800,15.6496
19,20,3,6,6,247.5,936561,45.8035
19,20,3,6,7,292.5,939912,58.4065
19,20,3,6,8,337.5,940776,37.5369
19,20,3,7,1,22.5,444553,29.2405
19,20,3,7,2,67.5,443884,40.2114
19,20,3,7,3,112.5,442094,20.4767
19,20,3,7,4,157.5,440552,0
19,20,3,7,5,202.5,441301,4.36854
19,20,3,7,6,247.5,442088,23.3195
19,20,3,7,7,292.5,440780,36.3513
19,20,3,7,8,337.5,444371,30.2581
19,20,3,8,1,22.5,241804,26.1367
19,20,3,8,2,67.5,241165,25.559
19,20,3,8,3,112.5,239783,9.93874
19,20,3,8,4,157.5,239200,0
19,20,3,8,5,202.5,238528,0
19,20,3,8,6,247.5,239921,11.801
19,20,3,8,7,292.5,240733,26.5893
19,20,3,8,8,337.5,241457,23.1747
19,20,3,9,1,22.5,57066,11.2909
19,20,3,9,2,67.5,57048,9.59326
19,20,3,9,3,112.5,56486,0
19,20,3,9,4,157.5,56356,0
19,20,3,9,5,202.5,56331,0
19,20,3,9,6,247.5,56816,3.49041
19,20,3,9,7,292.5,57162,11.6863
19,20,3,9,8,337.5,56995,9.89646
19,20,3,10,1,22.5,10461,0
19,20,3,10,2,67.5,10345,0
19,20,3,10,3,112.5,10626,0
19,20,3,10,4,157.5,10240,0
19,20,3,10,5,202.5,10439,0
19,20,3,10,6,247.5,10448,0
19,20,3,10,7,292.5,10535,0
19,20,3,10,8,337.5,10400,0
19,20,3,11,1,22.5,351,0
19,20,3,11,2,67.5,413,0
19,20,3,11,3,112.5,381,0
19,20,3,11,4,157.5,419,0
19,20,3,11,5,202.5,357,0
19,20,3,11,6,247.5,404,0
19,20,3,11,7,292.5,406,0
19,20,3,11,8,337.5,409,0
19,20,4,1,1,22.5,1.9418e+06,78.4339
19,20,4,1,2,67.5,1.94426e+06,92.9739
19,20,4,1,3,112.5,1.94232e+06,150.015
19,20,4,1,4,157.5,1.94129e+06,193.708
19,20,4,1,5,202.5,1.94384e+06,167.161
19,20,4,1,6,247.5,1.94498e+06,87.0909
19,20,4,1,7,292.5,1.94576e+06,96.3233
19,20,4,1,8,337.5,1.94643e+06,78.9163
19,20,4,2,1,22.5,1.55193e+06,52.4067
19,20,4,2,2,67.5,1.55531e+06,79.054
19,20,4,2,3,112.5,1.54805e+06,81.4084
19,20,4,2,4,157.5,1.54576e+06,147.779
19,20,4,2,5,202.5,1.5463e+06,119.676
19,20,4,2,6,247.5,1.55009e+06,71.7503
19,20,4,2,7,292.5,1.55317e+06,66.676
19,20,4,2,8,337.5,1.55207e+06,55.2325
19,20,4,3,1,22.5,1.21524e+06,29.8721
19,20,4,3,2,67.5,1.21624e+06,56.2922
19,20,4,3,3,112.5,1.21269e+06,65.3795
19,20,4,3,4,157.5,1.20531e+06,110.444
19,20,4,3,5,202.5,1.20808e+06,85.8202
19,20,4,3,6,247.5,1.21275e+06,60.1734
19,20,4,3,7,292.5,1.215e+06,72.0573
19,20,4,3,8,337.5,1.21386e+06,23.8469
19,20,4,4,1,22.5,930234,19.3721
19,20,4,4,2,67.5,932208,63.4232
19,20,4,4,3,112.5,930884,50.767
19,20,4,4,4,157.5,925445,86.7414
19,20,4,4,5,202.5,925715,67.9383
19,20,4,4,6,247.5,928728,57.3787
19,20,4,4,7,292.5,933999,85.8195
19,20,4,4,8,337.5,933037,23.9649
19,20,4,5,1,22.5,1.21766e+06,34.5672
19,20,4,5,2,67.5,1.21565e+06,99.6849
19,20,4,5,3,112.5,1.21004e+06,58.7698
19,20,4,5,4,157.5,1.20464e+06,84.9305
19,20,4,5,5,202.5,1.20392e+06,67.2177
19,20,4,5,6,247.5,1.20597e+06,82.4844
19,20,4,5,7,292.5,1.21509e+06,105.919
19,20,4,5,8,337.5,1.21493e+06,40.5408
19,20,4,6,1,22.5,631673,29.6483
19,20,4,6,2,67.5,630910,81.0545
19,20,4,6,3,112.5,628447,47.461
19,20,4,6,4,157.5,627735,46.7209
19,20,4,6,5,202.5,627761,36.9033
19,20,4,6,6,247.5,626675,66.2334
19,20,4,6,7,292.5,630487,72.6044
19,20,4,6,8,337.5,630511,26.4074
19,20,4,7,1,22.5,304959,21.2518
19,20,4,7,2,67.5,304184,56.2422
19,20,4,7,3,112.5,302823,35.9614
19,20,4,7,4,157.5,301421,23.5891
19,20,4,7,5,202.5,302416,18.4656
19,20,4,7,6,247.5,301928,44.6812
19,20,4,7,7,292.5,303927,48.1781
19,20,4,7,8,337.5,303638,22.6923
19,20,4,8,1,22.5,173681,21.9076
19,20,4,8,2,67.5,173905,43.4881
19,20,4,8,3,112.5,172132,27.4884
19,20,4,8,4,157.5,172700,11.3498
19,20,4,8,5,202.5,172920,9.68893
19,20,4,8,6,247.5,172350,33.284
19,20,4,8,7,292.5,173847,35.7985
19,20,4,8,8,337.5,173411,25.8342
19,20,4,9,1,22.5,45639,16.395
19,20,4,9,2,67.5,45593,21.3342
19,20,4,9,3,112.5,45507,12.4752
19,20,4,9,4,157.5,44997,0
19,20,4,9,5,202.5,45130,0
19,20,4,9,6,247.5,45604,13.7816
19,20,4,9,7,292.5,45694,18.8578
19,20,4,9,8,337.5,45715,17.417
19,20,4,10,1,22.5,10200,10.3331
19,20,4,10,2,67.5,9835,10.5715
19,20,4,10,3,112.5,10192,4.15773
19,20,4,10,4,157.5,10144,0
19,20,4,10,5,202.5,10132,0
19,20,4,10,6,247.5,10063,4.45933
19,20,4,10,7,292.5,10074,10.7349
19,20,4,10,8,337.5,10005,9.09866
19,20,4,11,1,22.5,662,3.49883
19,20,4,11,2,67.5,598,0
19,20,4,11,3,112.5,684,0
19,20,4,11,4,157.5,652,0
19,20,4,11,5,202.5,654,0
19,20,4,11,6,247.5,679,0
19,20,4,11,7,292.5,658,0
19,20,4,11,8,337.5,659,0
19,20,5,1,1,22.5,1.13444e+06,79.2362
19,20,5,1,2,67.5,1.13384e+06,85.7663
19,20,5,1,3,112.5,1.13332e+06,126.262
19,20,5,1,4,157.5,1.13164e+06,146.753
19,20,5,1,5,202.5,1.1316e+06,130.393
19,20,5,1,6,247.5,1.13581e+06,81.7474
19,20,5,1,7,292.5,1.13673e+06,59.0131
19,20,5,1,8,337.5,1.1336e+06,63.4046
19,20,5,2,1,22.5,889212,37.4254
19,20,5,2,2,67.5,890127,44.9177
19,20,5,2,3,112.5,886951,76.2434
19,20,5,2,4,157.5,885799,125.16
19,20,5,2,5,202.5,885842,102.132
19,20,5,2,6,247.5,887869,43.1315
19,20,5,2,7,292.5,890814,47.4623
19,20,5,2,8,337.5,889811,40.5154
19,20,5,3,1,22.5,684164,30.7427
19,20,5,3,2,67.5,685772,38.3477
19,20,5,3,3,112.5,683454,52.5836
19,20,5,3,4,157.5,681408,102.277
19,20,5,3,5,202.5,681456,82.4855
19,20,5,3,6,247.5,682689,36.1541
19,20,5,3,7,292.5,685890,41.0009
19,20,5,3,8,337.5,684943,27.6699
19,20,5,4,1,22.5,515661,18.7912
19,20,5,4,2,67.5,517147,33.2687
19,20,5,4,3,112.5,513785,40.5358
19,20,5,4,4,157.5,512158,84.6606
19,20,5,4,5,202.5,511830,69.385
19,20,5,4,6,247.5,515326,34.3062
19,20,5,4,7,292.5,516305,57.6305
19,20,5,4,8,337.5,516602,16.471
19,20,5,5,1,22.5,658166,19.7307
19,20,5,5,2,67.5,656363,65.8503
19,20,5,5,3,112.5,653909,42.7862
19,20,5,5,4,157.5,650191,91.927
19,20,5,5,5,202.5,651735,72.1914
19,20,5,5,6,247.5,654407,56.1971
19,20,5,5,7,292.5,657114,89.1531
19,20,5,5,8,337.5,656681,21.4202
19,20,5,6,1,22.5,329962,18.6893
19,20,5,6,2,67.5,330666,66.8827
19,20,5,6,3,112.5,329461,32.8458
19,20,5,6,4,157.5,328271,60.4328
19,20,5,6,5,202.5,327346,48.1414
19,20,5,6,6,247.5,328291,54.178
19,20,5,6,7,292.5,329878,68.4141
19,20,5,6,8,337.5,331234,18.876
19,20,5,7,1,22.5,155061,14.3221
19,20,5,7,2,67.5,154562,51.803
19,20,5,7,3,112.5,154455,27.489
19,20,5,7,4,157.5,154335,37.0757
19,20,5,7,5,202.5,153985,29.1892
19,20,5,7,6,247.5,153872,44.119
19,20,5,7,7,292.5,154401,45.0469
19,20,5,7,8,337.5,155112,13.4028
19,20,5,8,1,22.5,85670,10.777
19,20,5,8,2,67.5,85354,39.9997
19,20,5,8,3,112.5,84659,25.2201
19,20,5,8,4,157.5,85112,25.2107
19,20,5,8,5,202.5,84687,18.6031
19,20,5,8,6,247.5,84753,37.3212
19,20,5,8,7,292.5,84613,32.2186
19,20,5,8,8,337.5,85331,11.3584
19,20,5,9,1,22.5,19778,5.96577
19,20,5,9,2,67.5,19820,19.5036
19,20,5,9,3,112.5,19816,15.6248
19,20,5,9,4,157.5,20001,9.91851
19,20,5,9,5,202.5,20148,5.73174
19,20,5,9,6,247.5,19756,19.4474
19,20,5,9,7,292.5,20023,16.4843
19,20,5,9,8,337.5,19816,9.65107
19,20,5,10,1,22.5,3822,4.67331
19,20,5,10,2,67.5,3818,9.43713
19,20,5,10,3,112.5,3795,5.3728
19,20,5,10,4,157.5,3688,0
19,20,5,10,5,202.5,3745,0
19,20,5,10,6,247.5,3841,10.4267
19,20,5,10,7,292.5,3881,4.90448
19,20,5,10,8,337.5,3741,5.928
19,20,5,11,1,22.5,129,0
19,20,5,11,2,67.5,123,0
19,20,5,11,3,112.5,103,0
19,20,5,11,4,157.5,123,0
19,20,5,11,5,202.5,150,0
19,20,5,11,6,247.5,127,0
19,20,5,11,7,292.5,107,0
19,20,5,11,8,337.5,123,0
19,20,6,1,1,22.5,480675,69.0645
19,20,6,1,2,67.5,481848,73.2736
19,20,6,1,3,112.5,480783,94.3043
19,20,6,1,4,157.5,480441,100.829
19,20,6,1,5,202.5,480431,92.2348
19,20,6,1,6,247.5,482201,59.3826
19,20,6,1,7,292.5,481832,42.9312
19,20,6,1,8,337.5,481931,57.5939
19,20,6,2,1,22.5,357736,27.9489
19,20,6,2,2,67.5,358097,27.0491
19,20,6,2,3,112.5,357058,61.6935
19,20,6,2,4,157.5,355580,89.1202
19,20,6,2,5,202.5,355684,77.0648
19,20,6,2,6,247.5,355753,27.5094
19,20,6,2,7,292.5,358090,20.4395
19,20,6,2,8,337.5,358598,22.4229
19,20,6,3,1,22.5,259070,15.0329
19,20,6,3,2,67.5,259236,15.9765
19,20,6,3,3,112.5,259734,43.2931
19,20,6,3,4,157.5,257953,77.3355
19,20,6,3,5,202.5,258912,64.0214
19,20,6,3,6,247.5,259061,16.7335
19,20,6,3,7,292.5,259131,17.9895
19,20,6,3,8,337.5,259633,16.0317
19,20,6,4,1,22.5,184158,9.41708
19,20,6,4,2,67.5,183050,14.1308
19,20,6,4,3,112.5,182714,30.6445
19,20,6,4,4,157.5,181493,65.3354
19,20,6,4,5,202.5,183304,52.6023
19,20,6,4,6,247.5,182888,13.6691
19,20,6,4,7,292.5,183265,24.4314
19,20,6,4,8,337.5,182811,12.476
19,20,6,5,1,22.5,213621,11.5298
19,20,6,5,2,67.5,213764,24.9485
19,20,6,5,3,112.5,213177,29.9048
19,20,6,5,4,157.5,213160,71.0686
19,20,6,5,5,202.5,212761,57.711
19,20,6,5,6,247.5,213560,20.6354
19,20,6,5,7,292.5,213260,49.5914
19,20,6,5,8,337.5,213577,9.98945
19,20,6,6,1,22.5,96174,7.86134
19,20,6,6,2,67.5,95201,33.7442
19,20,6,6,3,112.5,95388,16.2781
19,20,6,6,4,157.5,95250,49.0973
19,20,6,6,5,202.5,95292,38.1985
19,20,6,6,6,247.5,94763,25.5083
19,20,6,6,7,292.5,96131,44.6396
19,20,6,6,8,337.5,95654,8.13799
19,20,6,7,1,22.5,38926,4.7812
19,20,6,7,2,67.5,38924,29.1374
19,20,6,7,3,112.5,39271,11.6666
19,20,6,7,4,157.5,38777,31.1677
19,20,6,7,5,202.5,38898,24.9105
19,20,6,7,6,247.5,38555,22.125
19,20,6,7,7,292.5,38979,30.4418
19,20,6,7,8,337.5,38988,4.38931
19,20,6,8,1,22.5,16430,0
19,20,6,8,2,67.5,16710,22.1451
19,20,6,8,3,112.5,16353,10.3643
19,20,6,8,4,157.5,16719,21.7384
19,20,6,8,5,202.5,16612,15.5755
19,20,6,8,6,247.5,16667,18.9833
19,20,6,8,7,292.5,16517,19.5398
19,20,6,8,8,337.5,16464,0
19,20,6,9,1,22.5,2500,0
19,20,6,9,2,67.5,2485,9.2542
19,20,6,9,3,112.5,2397,6.45206
19,20,6,9,4,157.5,2375,9.18441
19,20,6,9,5,202.5,2523,6.68563
19,20,6,9,6,247.5,2499,8.70139
19,20,6,9,7,292.5,2451,7.57162
19,20,6,9,8,337.5,2407,0
19,20,6,10,1,22.5,174,0
19,20,6,10,2,67.5,156,0
19,20,6,10,3,112.5,164,0
19,20,6,10,4,157.5,179,0
19,20,6,10,5,202.5,154,0
19,20,6,10,6,247.5,167,0
19,20,6,10,7,292.5,171,0
19,20,6,10,8,337.5,182,0
19,20,6,11,1,22.5,0,0
19,20,6,11,2,67.5,0,0
19,20,6,11,3,112.5,0,0
19,20,6,11,4,157.5,0,0
19,20,6,11,5,202.5,0,0
19,20,6,11,6,247.5,0,0
19,20,6,11,7,292.5,0,0
19,20,6,11,8,337.5,0,0
19,20,7,1,1,22.5,82476,38.2756
19,20,7,1,2,67.5,82681,41.0744
19,20,7,1,3,112.5,82230,47.4446
19,20,7,1,4,157.5,82561,51.5742
19,20,7,1,5,202.5,82566,47.396
19,20,7,1,6,247.5,82474,31.0495
19,20,7,1,7,292.5,82450,22.0951
19,20,7,1,8,337.5,83104,28.2988
19,20,7,2,1,22.5,53125,14.4395
19,20,7,2,2,67.5,53391,13.7815
19,20,7,2,3,112.5,53317,32.7303
19,20,7,2,4,157.5,53202,42.6071
19,20,7,2,5,202.5,53181,37.8303
19,20,7,2,6,247.5,53617,12.0531
19,20,7,2,7,292.5,52975,0
19,20,7,2,8,337.5,53258,7.34093
19,20,7,3,1,22.5,33415,0
19,20,7,3,2,67.5,33152,0
19,20,7,3,3,112.5,33541,20.2681
19,20,7,3,4,157.5,33410,34.0927
19,20,7,3,5,202.5,33009,28.7796
19,20,7,3,6,247.5,33512,0
19,20,7,3,7,292.5,33418,0
19,20,7,3,8,337.5,33171,0
19,20,7,4,1,22.5,20022,0
19,20,7,4,2,67.5,20013,0
19,20,7,4,3,112.5,20113,14.2831
19,20,7,4,4,157.5,20074,27.2636
19,20,7,4,5,202.5,19742,22.0568
19,20,7,4,6,247.5,20451,0
19,20,7,4,7,292.5,19996,0
19,20,7,4,8,337.5,19901,0
19,20,7,5,1,22.5,17863,0
19,20,7,5,2,67.5,18125,0
19,20,7,5,3,112.5,17861,11.598
19,20,7,5,4,157.5,17812,24.759
19,20,7,5,5,202.5,18185,21.1251
19,20,7,5,6,247.5,18036,4.8503
19,20,7,5,7,292.5,18019,12.8898
19,20,7,5,8,337.5,17966,0
19,20,7,6,1,22.5,5030,0
19,20,7,6,2,67.5,5092,0
19,20,7,6,3,112.5,5010,4.92527
19,20,7,6,4,157.5,5020,12.6082
19,20,7,6,5,202.5,4837,11.511
19,20,7,6,6,247.5,4958,4.33753
19,20,7,6,7,292.5,4943,11.2903
19,20,7,6,8,337.5,4967,0
19,20,7,7,1,22.5,1093,0
19,20,7,7,2,67.5,1084,0
19,20,7,7,3,112.5,1047,0
19,20,7,7,4,157.5,978,6.14433
19,20,7,7,5,202.5,1062,3.61611
19,20,7,7,6,247.5,1014,0
19,20,7,7,7,292.5,1030,0
19,20,7,7,8,337.5,988,0
19,20,7,8,1,22.5,126,0
19,20,7,8,2,67.5,137,0
19,20,7,8,3,112.5,118,0
19,20,7,8,4,157.5,120,0
19,20,7,8,5,202.5,144,0
19,20,7,8,6,247.5,125,0
19,20,7,8,7,292.5,113,0
19,20,7,8,8,337.5,126,0
19,20,7,9,1,22.5,0,0
19,20,7,9,2,67.5,0,0
19,20,7,9,3,112.5,0,0
19,20,7,9,4,157.5,0,0
19,20,7,9,5,202.5,0,0
19,20,7,9,6,247.5,0,0
19,20,7,9,7,292.5,0,0
19,20,7,9,8,337.5,0,0
19,20,7,10,1,22.5,0,0
19,20,7,10,2,67.5,0,0
19,20,7,10,3,112.5,0,0
19,20,7,10,4,157.5,0,0
19,20,7,10,5,202.5,0,0
19,20,7,10,6,247.5,0,0
19,20,7,10,7,292.5,0,0
19,20,7,10,8,337.5,0,0
19,20,7,11,1,22.5,0,0
19,20,7,11,2,67.5,0,0
19,20,7,11,3,112.5,0,0
19,20,7,11,4,157.5,0,0
19,20,7,11,5,202.5,0,0
19,20,7,11,6,247.5,0,0
19,20,7,11,7,292.5,0,0
19,20,7,11,8,337.5,0,0
19,20,8,1,1,22.5,286,0
19,20,8,1,2,67.5,297,0
19,20,8,1,3,112.5,252,0
19,20,8,1,4,157.5,273,2.34811
19,20,8,1,5,202.5,289,0
19,20,8,1,6,247.5,286,0
19,20,8,1,7,292.5,276,0
19,20,8,1,8,337.5,260,0
19,20,8,2,1,22.5,53,0
19,20,8,2,2,67.5,60,0
19,20,8,2,3,112.5,51,0
19,20,8,2,4,157.5,50,0
19,20,8,2,5,202.5,52,0
19,20,8,2,6,247.5,52,0
19,20,8,2,7,292.5,51,0
19,20,8,2,8,337.5,55,0
19,20,8,3,1,22.5,5,0
19,20,8,3,2,67.5,2,0
19,20,8,3,3,112.5,5,0
19,20,8,3,4,157.5,2,0
19,20,8,3,5,202.5,1,0
19,20,8,3,6,247.5,2,0
19,20,8,3,7,292.5,4,0
19,20,8,3,8,337.5,6,0
19,20,8,4,1,22.5,0,0
19,20,8,4,2,67.5,0,0
19,20,8,4,3,112.5,0,0
19,20,8,4,4,157.5,0,0
19,20,8,4,5,202.5,0,0
19,20,8,4,6,247.5,0,0
19,20,8,4,7,292.5,0,0
19,20,8,4,8,337.5,0,0
19,20,8,5,1,22.5,0,0
19,20,8,5,2,67.5,0,0
19,20,8,5,3,112.5,0,0
19,20,8,5,4,157.5,0,0
19,20,8,5,5,202.5,0,0
19,20,8,5,6,247.5,0,0
19,20,8,5,7,292.5,0,0
19,20,8,5,8,337.5,0,0
19,20,8,6,1,22.5,0,0
19,20,8,6,2,67.5,0,0
19,20,8,6,3,112.5,0,0
19,20,8,6,4,157.5,0,0
19,20,8,6,5,202.5,0,0
19,20,8,6,6,247.5,0,0
19,20,8,6,7,292.5,0,0
19,20,8,6,8,337.5,0,0
19,20,8,7,1,22.5,0,0
19,20,8,7,2,67.5,0,0
19,20,8,7,3,112.5,0,0
19,20,8,7,4,157.5,0,0
19,20,8,7,5,202.5,0,0
19,20,8,7,6,247.5,0,0
19,20,8,7,7,292.5,0,0
19,20,8,7,8,337.5,0,0
19,20,8,8,1,22.5,0,0
19,20,8,8,2,67.5,0,0
19,20,8,8,3,112.5,0,0
19,20,8,8,4,157.5,0,0
19,20,8,8,5,202.5,0,0
19,20,8,8,6,247.5,0,0
19,20,8,8,7,292.5,0,0
19,20,8,8,8,337.5,0,0
19,20,8,9,1,22.5,0,0
19,20,8,9,2,67.5,0,0
19,20,8,9,3,112.5,0,0
19,20,8,9,4,157.5,0,0
19,20,8,9,5,202.5,0,0
19,20,8,9,6,247.5,0,0
19,20,8,9,7,292.5,0,0
19,20,8,9,8,337.5,0,0
19,20,8,10,1,22.5,0,0
19,20,8,10,2,67.5,0,0
19,20,8,10,3,112.5,0,0
19,20,8,10,4,157.5,0,0
19,20,8,10,5,202.5,0,0
19,20,8,10,6,247.5,0,0
19,20,8,10,7,292.5,0,0
19,20,8,10,8,337.5,0,0
19,20,8,11,1,22.5,0,0
19,20,8,11,2,67.5,0,0
19,20,8,11,3,112.5,0,0
19,20,8,11,4,157.5,0,0
19,20,8,11,5,202.5,0,0
19,20,8,11,6,247.5,0,0
19,20,8,11,7,292.5,0,0
19,20,8,11,8,337.5,0,0
20,21,1,1,1,22.5,1.01183e+07,0
20,21,1,1,2,67.5,1.01122e+07,0
20,21,1,1,3,112.5,1.00999e+07,0
20,21,1,1,4,157.5,1.0095e+07,0
20,21,1,1,5,202.5,1.00932e+07,0
20,21,1,1,6,247.5,1.00978e+07,0
20,21,1,1,7,292.5,1.01089e+07,0
20,21,1,1,8,337.5,1.01188e+07,0
20,21,1,2,1,22.5,2.95882e+06,0
20,21,1,2,2,67.5,2.95567e+06,0
20,21,1,2,3,112.5,2.95332e+06,0
20,21,1,2,4,157.5,2.95175e+06,0
20,21,1,2,5,202.5,2.95482e+06,0
20,21,1,2,6,247.5,2.9507e+06,0
20,21,1,2,7,292.5,2.95522e+06,0
20,21,1,2,8,337.5,2.95922e+06,0
20,21,1,3,1,22.5,909695,0
20,21,1,3,2,67.5,907004,0
20,21,1,3,3,112.5,907814,0
20,21,1,3,4,157.5,908587,0
20,21,1,3,5,202.5,907155,0
20,21,1,3,6,247.5,905820,0
20,21,1,3,7,292.5,906643,0
20,21,1,3,8,337.5,908866,0
20,21,1,4,1,22.5,222993,0
20,21,1,4,2,67.5,224309,0
20,21,1,4,3,112.5,223345,0
20,21,1,4,4,157.5,223591,0
20,21,1,4,5,202.5,222825,0
20,21,1,4,6,247.5,223505,0
20,21,1,4,7,292.5,223031,0
20,21,1,4,8,337.5,223929,0
20,21,1,5,1,22.5,40812,0
20,21,1,5,2,67.5,40893,0
20,21,1,5,3,112.5,40740,0
20,21,1,5,4,157.5,41404,0
20,21,1,5,5,202.5,41068,0
20,21,1,5,6,247.5,40715,0
20,21,1,5,7,292.5,41028,0
20,21,1,5,8,337.5,40987,0
20,21,1,6,1,22.5,21,0
20,21,1,6,2,67.5,24,0
20,21,1,6,3,112.5,24,0
20,21,1,6,4,157.5,25,0
20,21,1,6,5,202.5,27,0
20,21,1,6,6,247.5,32,0
20,21,1,6,7,292.5,26,0
20,21,1,6,8,337.5,31,0
20,21,1,7,1,22.5,0,0
20,21,1,7,2,67.5,0,0
20,21,1,7,3,112.5,0,0
20,21,1,7,4,157.5,0,0
20,21,1,7,5,202.5,0,0
20,21,1,7,6,247.5,0,0
20,21,1,7,7,292.5,0,0
20,21,1,7,8,337.5,0,0
20,21,1,8,1,22.5,0,0
20,21,1,8,2,67.5,0,0
20,21,1,8,3,112.5,0,0
20,21,1,8,4,157.5,0,0
20,21,1,8,5,202.5,0,0
20,21,1,8,6,247.5,0,0
20,21,1,8,7,292.5,0,0
20,21,1,8,8,337.5,0,0
20,21,1,9,1,22.5,0,0
20,21,1,9,2,67.5,0,0
20,21,1,9,3,112.5,0,0
20,21,1,9,4,157.5,0,0
20,21,1,9,5,202.5,0,0
20,21,1,9,6,247.5,0,0
20,21,1,9,7,292.5,0,0
20,21,1,9,8,337.5,0,0
20,21,1,10,1,22.5,0,0
20,21,1,10,2,67.5,0,0
20,21,1,10,3,112.5,0,0
20,21,1,10,4,157.5,0,0
20,21,1,10,5,202.5,0,0
20,21,1,10,6,247.5,0,0
20,21,1,10,7,292.5,0,0
20,21,1,10,8,337.5,0,0
20,21,1,11,1,22.5,0,0
20,21,1,11,2,67.5,0,0
20,21,1,11,3,112.5,0,0
20,21,1,11,4,157.5,0,0
20,21,1,11,5,202.5,0,0
20,21,1,11,6,247.5,0,0
20,21,1,11,7,292.5,0,0
20,21,1,11,8,337.5,0,0
20,21,2,1,1,22.5,2.00302e+06,0
20,21,2,1,2,67.5,2.00506e+06,0
20,21,2,1,3,112.5,2.0019e+06,0
20,21,2,1,4,157.5,1.9987e+06,0
20,21,2,1,5,202.5,1.99863e+06,0
20,21,2,1,6,247.5,2.00084e+06,0
20,21,2,1,7,292.5,2.00621e+06,0
20,21,2,1,8,337.5,2.00414e+06,0
20,21,2,2,1,22.5,1.40323e+06,0
20,21,2,2,2,67.5,1.403e+06,0
20,21,2,2,3,112.5,1.39717e+06,0
20,21,2,2,4,157.5,1.39585e+06,0
20,21,2,2,5,202.5,1.39568e+06,0
20,21,2,2,6,247.5,1.39871e+06,0
20,21,2,2,7,292.5,1.40373e+06,0
20,21,2,2,8,337.5,1.40212e+06,0
20,21,2,3,1,22.5,867427,0
20,21,2,3,2,67.5,866052,0
20,21,2,3,3,112.5,860100,0
20,21,2,3,4,157.5,861560,0
20,21,2,3,5,202.5,862372,0
20,21,2,3,6,247.5,862039,0
20,21,2,3,7,292.5,866257,0
20,21,2,3,8,337.5,867305,0
20,21,2,4,1,22.5,507041,0
20,21,2,4,2,67.5,506052,0
20,21,2,4,3,112.5,505779,0
20,21,2,4,4,157.5,504242,0
20,21,2,4,5,202.5,504389,0
20,21,2,4,6,247.5,504006,0
20,21,2,4,7,292.5,504897,0
20,21,2,4,8,337.5,508507,0
20,21,2,5,1,22.5,286270,0
20,21,2,5,2,67.5,285221,0
20,21,2,5,3,112.5,283289,0
20,21,2,5,4,157.5,283980,0
20,21,2,5,5,202.5,284485,0
20,21,2,5,6,247.5,283955,0
20,21,2,5,7,292.5,284276,0
20,21,2,5,8,337.5,285973,0
20,21,2,6,1,22.5,20455,0
20,21,2,6,2,67.5,20221,0
20,21,2,6,3,112.5,20018,0
20,21,2,6,4,157.5,20059,0
20,21,2,6,5,202.5,19854,0
20,21,2,6,6,247.5,20353,0
20,21,2,6,7,292.5,19867,0
20,21,2,6,8,337.5,20010,0
20,21,2,7,1,22.5,121,0
20,21,2,7,2,67.5,145,0
20,21,2,7,3,112.5,109,0
20,21,2,7,4,157.5,126,0
20,21,2,7,5,202.5,123,0
20,21,2,7,6,247.5,138,0
20,21,2,7,7,292.5,134,0
20,21,2,7,8,337.5,112,0
20,21,2,8,1,22.5,0,0
20,21,2,8,2,67.5,0,0
20,21,2,8,3,112.5,0,0
20,21,2,8,4,157.5,0,0
20,21,2,8,5,202.5,0,0
20,21,2,8,6,247.5,0,0
20,21,2,8,7,292.5,0,0
20,21,2,8,8,337.5,0,0
20,21,2,9,1,22.5,0,0
20,21,2,9,2,67.5,0,0
20,21,2,9,3,112.5,0,0
20,21,2,9,4,157.5,0,0
20,21,2,9,5,202.5,0,0
20,21,2,9,6,247.5,0,0
20,21,2,9,7,292.5,0,0
20,21,2,9,8,337.5,0,0
20,21,2,10,1,22.5,0,0
20,21,2,10,2,67.5,0,0
20,21,2,10,3,112.5,0,0
20,21,2,10,4,157.5,0,0
20,21,2,10,5,202.5,0,0
20,21,2,10,6,247.5,0,0
20,21,2,10,7,292.5,0,0
20,21,2,10,8,337.5,0,0
20,21,2,11,1,22.5,0,0
20,21,2,11,2,67.5,0,0
20,21,2,11,3,112.5,0,0
20,21,2,11,4,157.5,0,0
20,21,2,11,5,202.5,0,0
20,21,2,11,6,247.5,0,0
20,21,2,11,7,292.5,0,0
20,21,2,11,8,337.5,0,0
20,21,3,1,1,22.5,1.02697e+06,22.0239
20,21,3,1,2,67.5,1.02628e+06,33.3862
20,21,3,1,3,112.5,1.02438e+06,40.1232
20,21,3,1,4,157.5,1.02227e+06,28.6815
20,21,3,1,5,202.5,1.02404e+06,28.6824
20,21,3,1,6,247.5,1.02264e+06,27.4845
20,21,3,1,7,292.5,1.026e+06,39.4644
20,21,3,1,8,337.5,1.02617e+06,25.1083
20,21,3,2,1,22.5,734418,14.9667
20,21,3,2,2,67.5,734404,26.7727
20,21,3,2,3,112.5,727662,14.9353
20,21,3,2,4,157.5,726095,0
20,21,3,2,5,202.5,726877,0
20,21,3,2,6,247.5,733755,17.4492
20,21,3,2,7,292.5,734649,19.804
20,21,3,2,8,337.5,733348,13.078
20,21,3,3,1,22.5,507142,7.88377
20,21,3,3,2,67.5,505661,15.9318
20,21,3,3,3,112.5,501260,7.99399
20,21,3,3,4,157.5,501791,0
20,21,3,3,5,202.5,500915,0
20,21,3,3,6,247.5,502584,0
20,21,3,3,7,292.5,505911,19.9932
20,21,3,3,8,337.5,505770,6.46103
20,21,3,4,1,22.5,334925,9.22325
20,21,3,4,2,67.5,333780,14.0986
20,21,3,4,3,112.5,331821,0
20,21,3,4,4,157.5,332387,0
20,21,3,4,5,202.5,331959,0
20,21,3,4,6,247.5,332283,0
20,21,3,4,7,292.5,334862,15.3782
20,21,3,4,8,337.5,334625,8.749
20,21,3,5,1,22.5,255889,9.61306
20,21,3,5,2,67.5,254329,13.1693
20,21,3,5,3,112.5,252393,0
20,21,3,5,4,157.5,252698,0
20,21,3,5,5,202.5,254168,0
20,21,3,5,6,247.5,253219,0
20,21,3,5,7,292.5,254457,10.1756
20,21,3,5,8,337.5,255256,8.38924
20,21,3,6,1,22.5,37528,0
20,21,3,6,2,67.5,37580,4.0849
20,21,3,6,3,112.5,37056,0
20,21,3,6,4,157.5,36816,0
20,21,3,6,5,202.5,37327,0
20,21,3,6,6,247.5,36852,0
20,21,3,6,7,292.5,37065,0
20,21,3,6,8,337.5,37440,3.77715
20,21,3,7,1,22.5,1584,0
20,21,3,7,2,67.5,1546,0
20,21,3,7,3,112.5,1580,0
20,21,3,7,4,157.5,1519,0
20,21,3,7,5,202.5,1588,0
20,21,3,7,6,247.5,1562,0
20,21,3,7,7,292.5,1561,0
20,21,3,7,8,337.5,1637,0
20,21,3,8,1,22.5,0,0
20,21,3,8,2,67.5,0,0
20,21,3,8,3,112.5,0,0
20,21,3,8,4,157.5,0,0
20,21,3,8,5,202.5,0,0
20,21,3,8,6,247.5,0,0
20,21,3,8,7,292.5,0,0
20,21,3,8,8,337.5,0,0
20,21,3,9,1,22.5,0,0
20,21,3,9,2,67.5,0,0
20,21,3,9,3,112.5,0,0
20,21,3,9,4,157.5,0,0
20,21,3,9,5,202.5,0,0
20,21,3,9,6,247.5,0,0
20,21,3,9,7,292.5,0,0
20,21,3,9,8,337.5,0,0
20,21,3,10,1,22.5,0,0
20,21,3,10,2,67.5,0,0
20,21,3,10,3,112.5,0,0
20,21,3,10,4,157.5,0,0
20,21,3,10,5,202.5,0,0
20,21,3,10,6,247.5,0,0
20,21,3,10,7,292.5,0,0
20,21,3,10,8,337.5,0,0
20,21,3,11,1,22.5,0,0
20,21,3,11,2,67.5,0,0
20,21,3,11,3,112.5,0,0
20,21,3,11,4,157.5,0,0
20,21,3,11,5,202.5,0,0
20,21,3,11,6,247.5,0,0
20,21,3,11,7,292.5,0,0
20,21,3,11,8,337.5,0,0
20,21,4,1,1,22.5,546509,42.1222
20,21,4,1,2,67.5,546745,48.0573
20,21,4,1,3,112.5,545418,51.1617
20,21,4,1,4,157.5,543308,54.6186
20,21,4,1,5,202.5,542879,45.3465
20,21,4,1,6,247.5,544377,40.7636
20,21,4,1,7,292.5,546396,44.8075
20,21,4,1,8,337.5,546909,46.9844
20,21,4,2,1,22.5,403421,25.5927
20,21,4,2,2,67.5,403824,37.0559
20,21,4,2,3,112.5,402082,22.9127
20,21,4,2,4,157.5,398011,14.7689
20,21,4,2,5,202.5,398291,13.1273
20,21,4,2,6,247.5,402698,27.6604
20,21,4,2,7,292.5,403590,28.9786
20,21,4,2,8,337.5,405996,27.8227
20,21,4,3,1,22.5,277034,15.932
20,21,4,3,2,67.5,277347,21.148
20,21,4,3,3,112.5,276877,16.3108
20,21,4,3,4,157.5,272410,0
20,21,4,3,5,202.5,273580,0
20,21,4,3,6,247.5,274107,13.939
20,21,4,3,7,292.5,277561,24.5546
20,21,4,3,8,337.5,277370,14.6252
20,21,4,4,1,22.5,161768,7.00144
20,21,4,4,2,67.5,161797,19.4356
20,21,4,4,3,112.5,159910,9.27341
20,21,4,4,4,157.5,159368,0
20,21,4,4,5,202.5,159778,0
20,21,4,4,6,247.5,160740,7.45537
20,21,4,4,7,292.5,161945,24.8188
20,21,4,4,8,337.5,162003,8.59198
20,21,4,5,1,22.5,112775,9.60676
20,21,4,5,2,67.5,112757,24.1679
20,21,4,5,3,112.5,111041,4.29293
20,21,4,5,4,157.5,110784,0
20,21,4,5,5,202.5,111378,0
20,21,4,5,6,247.5,111758,4.66824
20,21,4,5,7,292.5,112650,25.3529
20,21,4,5,8,337.5,113067,10.5929
20,21,4,6,1,22.5,16204,0
20,21,4,6,2,67.5,16191,11.4274
20,21,4,6,3,112.5,15987,0
20,21,4,6,4,157.5,16001,0
20,21,4,6,5,202.5,16068,0
20,21,4,6,6,247.5,15878,0
20,21,4,6,7,292.5,16335,10.6507
20,21,4,6,8,337.5,15982,4.36742
20,21,4,7,1,22.5,537,0
20,21,4,7,2,67.5,531,0
20,21,4,7,3,112.5,483,0
20,21,4,7,4,157.5,510,0
20,21,4,7,5,202.5,462,0
20,21,4,7,6,247.5,528,0
20,21,4,7,7,292.5,502,0
20,21,4,7,8,337.5,495,0
20,21,4,8,1,22.5,0,0
20,21,4,8,2,67.5,0,0
20,21,4,8,3,112.5,0,0
20,21,4,8,4,157.5,0,0
20,21,4,8,5,202.5,0,0
20,21,4,8,6,247.5,0,0
20,21,4,8,7,292.5,0,0
20,21,4,8,8,337.5,0,0
20,21,4,9,1,22.5,0,0
20,21,4,9,2,67.5,0,0
20,21,4,9,3,112.5,0,0
20,21,4,9,4,157.5,0,0
20,21,4,9,5,202.5,0,0
20,21,4,9,6,247.5,0,0
20,21,4,9,7,292.5,0,0
20,21,4,9,8,337.5,0,0
20,21,4,10,1,22.5,0,0
20,21,4,10,2,67.5,0,0
20,21,4,10,3,112.5,0,0
20,21,4,10,4,157.5,0,0
20,21,4,10,5,202.5,0,0
20,21,4,10,6,247.5,0,0
20,21,4,10,7,292.5,0,0
20,21,4,10,8,337.5,0,0
20,21,4,11,1,22.5,0,0
20,21,4,11,2,67.5,0,0
20,21,4,11,3,112.5,0,0
20,21,4,11,4,157.5,0,0
20,21,4,11,5,202.5,0,0
20,21,4,11,6,247.5,0,0
20,21,4,11,7,292.5,0,0
20,21,4,11,8,337.5,0,0
20,21,5,1,1,22.5,243760,41.6333
20,21,5,1,2,67.5,243333,42.2676
20,21,5,1,3,112.5,242133,49.7028
20,21,5,1,4,157.5,242575,46.9468
20,21,5,1,5,202.5,243034,50.1421
20,21,5,1,6,247.5,242715,38.2064
20,21,5,1,7,292.5,242800,28.7798
20,21,5,1,8,337.5,243356,36.4289
20,21,5,2,1,22.5,146088,18.0737
20,21,5,2,2,67.5,146607,19.4179
20,21,5,2,3,112.5,145052,26.7521
20,21,5,2,4,157.5,143818,23.6692
20,21,5,2,5,202.5,144645,20.7391
20,21,5,2,6,247.5,145909,18.6614
20,21,5,2,7,292.5,146186,22.831
20,21,5,2,8,337.5,145813,19.6442
20,21,5,3,1,22.5,74958,16.1382
20,21,5,3,2,67.5,74568,14.9964
20,21,5,3,3,112.5,74691,13.8428
20,21,5,3,4,157.5,73754,7.14578
20,21,5,3,5,202.5,74424,6.47532
20,21,5,3,6,247.5,74777,14.4912
20,21,5,3,7,292.5,75249,13.5382
20,21,5,3,8,337.5,75198,14.0604
20,21,5,4,1,22.5,34103,8.27999
20,21,5,4,2,67.5,34301,8.63072
20,21,5,4,3,112.5,33838,8.08834
20,21,5,4,4,157.5,33219,0
20,21,5,4,5,202.5,33293,0
20,21,5,4,6,247.5,33715,8.11835
20,21,5,4,7,292.5,33691,15.3141
20,21,5,4,8,337.5,33942,8.19081
20,21,5,5,1,22.5,17350,4.2503
20,21,5,5,2,67.5,17260,10.4321
20,21,5,5,3,112.5,17187,4.83822
20,21,5,5,4,157.5,16942,0
20,21,5,5,5,202.5,16977,0
20,21,5,5,6,247.5,17294,7.78392
20,21,5,5,7,292.5,17475,15.3303
20,21,5,5,8,337.5,17185,4.82548
20,21,5,6,1,22.5,834,0
20,21,5,6,2,67.5,852,0
20,21,5,6,3,112.5,804,0
20,21,5,6,4,157.5,848,0
20,21,5,6,5,202.5,832,0
20,21,5,6,6,247.5,854,0
20,21,5,6,7,292.5,869,4.9861
20,21,5,6,8,337.5,890,0
20,21,5,7,1,22.5,0,0
20,21,5,7,2,67.5,0,0
20,21,5,7,3,112.5,0,0
20,21,5,7,4,157.5,0,0
20,21,5,7,5,202.5,0,0
20,21,5,7,6,247.5,0,0
20,21,5,7,7,292.5,0,0
20,21,5,7,8,337.5,0,0
20,21,5,8,1,22.5,0,0
20,21,5,8,2,67.5,0,0
20,21,5,8,3,112.5,0,0
20,21,5,8,4,157.5,0,0
20,21,5,8,5,202.5,0,0
20,21,5,8,6,247.5,0,0
20,21,5,8,7,292.5,0,0
20,21,5,8,8,337.5,0,0
20,21,5,9,1,22.5,0,0
20,21,5,9,2,67.5,0,0
20,21,5,9,3,112.5,0,0
20,21,5,9,4,157.5,0,0
20,21,5,9,5,202.5,0,0
20,21,5,9,6,247.5,0,0
20,21,5,9,7,292.5,0,0
20,21,5,9,8,337.5,0,0
20,21,5,10,1,22.5,0,0
20,21,5,10,2,67.5,0,0
20,21,5,10,3,112.5,0,0
20,21,5,10,4,157.5,0,0
20,21,5,10,5,202.5,0,0
20,21,5,10,6,247.5,0,0
20,21,5,10,7,292.5,0,0
20,21,5,10,8,337.5,0,0
20,21,5,11,1,22.5,0,0
20,21,5,11,2,67.5,0,0
20,21,5,11,3,112.5,0,0
20,21,5,11,4,157.5,0,0
20,21,5,11,5,202.5,0,0
20,21,5,11,6,247.5,0,0
20,21,5,11,7,292.5,0,0
20,21,5,11,8,337.5,0,0
20,21,6,1,1,22.5,24569,21.9243
20,21,6,1,2,67.5,24651,20.2023
20,21,6,1,3,112.5,24611,21.6467
20,21,6,1,4,157.5,24632,24.4934
20,21,6,1,5,202.5,24373,21.8316
20,21,6,1,6,247.5,24345,16.2587
20,21,6,1,7,292.5,24717,11.3254
20,21,6,1,8,337.5,24898,15.4572
20,21,6,2,1,22.5,9356,6.65703
20,21,6,2,2,67.5,9213,5.5211
20,21,6,2,3,112.5,8995,10.872
20,21,6,2,4,157.5,8959,13.4116
20,21,6,2,5,202.5,9217,10.5817
20,21,6,2,6,247.5,9201,7.39319
20,21,6,2,7,292.5,9311,0
20,21,6,2,8,337.5,9113,0
20,21,6,3,1,22.5,2485,0
20,21,6,3,2,67.5,2620,0
20,21,6,3,3,112.5,2573,0
20,21,6,3,4,157.5,2557,3.92503
20,21,6,3,5,202.5,2548,0
20,21,6,3,6,247.5,2545,0
20,21,6,3,7,292.5,2573,0
20,21,6,3,8,337.5,2615,0
20,21,6,4,1,22.5,380,0
20,21,6,4,2,67.5,377,0
20,21,6,4,3,112.5,441,0
20,21,6,4,4,157.5,404,0
20,21,6,4,5,202.5,407,0
20,21,6,4,6,247.5,351,0
20,21,6,4,7,292.5,380,0
20,21,6,4,8,337.5,435,0
20,21,6,5,1,22.5,9,0
20,21,6,5,2,67.5,12,0
20,21,6,5,3,112.5,6,0
20,21,6,5,4,157.5,11,0
20,21,6,5,5,202.5,13,0
20,21,6,5,6,247.5,12,0
20,21,6,5,7,292.5,11,0
20,21,6,5,8,337.5,14,0
20,21,6,6,1,22.5,0,0
20,21,6,6,2,67.5,0,0
20,21,6,6,3,112.5,0,0
20,21,6,6,4,157.5,0,0
20,21,6,6,5,202.5,0,0
20,21,6,6,6,247.5,0,0
20,21,6,6,7,292.5,0,0
20,21,6,6,8,337.5,0,0
20,21,6,7,1,22.5,0,0
20,21,6,7,2,67.5,0,0
20,21,6,7,3,112.5,0,0
20,21,6,7,4,157.5,0,0
20,21,6,7,5,202.5,0,0
20,21,6,7,6,247.5,0,0
20,21,6,7,7,292.5,0,0
20,21,6,7,8,337.5,0,0
20,21,6,8,1,22.5,0,0
20,21,6,8,2,67.5,0,0
20,21,6,8,3,112.5,0,0
20,21,6,8,4,157.5,0,0
20,21,6,8,5,202.5,0,0
20,21,6,8,6,247.5,0,0
20,21,6,8,7,292.5,0,0
20,21,6,8,8,337.5,0,0
20,21,6,9,1,22.5,0,0
20,21,6,9,2,67.5,0,0
20,21,6,9,3,112.5,0,0
20,21,6,9,4,157.5,0,0
20,21,6,9,5,202.5,0,0
20,21,6,9,6,247.5,0,0
20,21,6,9,7,292.5,0,0
20,21,6,9,8,337.5,0,0
20,21,6,10,1,22.5,0,0
20,21,6,10,2,67.5,0,0
20,21,6,10,3,112.5,0,0
20,21,6,10,4,157.5,0,0
20,21,6,10,5,202.5,0,0
20,21,6,10,6,247.5,0,0
20,21,6,10,7,292.5,0,0
20,21,6,10,8,337.5,0,0
20,21,6,11,1,22.5,0,0
20,21,6,11,2,67.5,0,0
20,21,6,11,3,112.5,0,0
20,21,6,11,4,157.5,0,0
20,21,6,11,5,202.5,0,0
20,21,6,11,6,247.5,0,0
20,21,6,11,7,292.5,0,0
20,21,6,11,8,337.5,0,0
20,21,7,1,1,22.5,11.3052,3.99029
20,21,7,1,2,67.5,0,0
20,21,7,1,3,112.5,0,0
20,21,7,1,4,157.5,0,0
20,21,7,1,5,202.5,0,0
20,21,7,1,6,247.5,0,0
20,21,7,1,7,292.5,0,0
20,21,7,1,8,337.5,0,0
20,21,7,2,1,22.5,0,0
20,21,7,2,2,67.5,0,0
20,21,7,2,3,112.5,0,0
20,21,7,2,4,157.5,0,0
20,21,7,2,5,202.5,0,0
20,21,7,2,6,247.5,0,0
20,21,7,2,7,292.5,0,0
20,21,7,2,8,337.5,0,0
20,21,7,3,1,22.5,0,0
20,21,7,3,2,67.5,0,0
20,21,7,3,3,112.5,0,0
20,21,7,3,4,157.5,0,0
20,21,7,3,5,202.5,0,0
20,21,7,3,6,247.5,0,0
20,21,7,3,7,292.5,0,0
20,21,7,3,8,337.5,0,0
20,21,7,4,1,22.5,0,0
20,21,7,4,2,67.5,0,0
20,21,7,4,3,112.5,0,0
20,21,7,4,4,157.5,0,0
20,21,7,4,5,202.5,0,0
20,21,7,4,6,247.5,0,0
20,21,7,4,7,292.5,0,0
20,21,7,4,8,337.5,0,0
20,21,7,5,1,22.5,0,0
20,21,7,5,2,67.5,0,0
20,21,7,5,3,112.5,0,0
20,21,7,5,4,157.5,0,0
20,21,7,5,5,202.5,0,0
20,21,7,5,6,247.5,0,0
20,21,7,5,7,292.5,0,0
20,21,7,5,8,337.5,0,0
20,21,7,6,1,22.5,0,0
20,21,7,6,2,67.5,0,0
20,21,7,6,3,112.5,0,0
20,21,7,6,4,157.5,0,0
20,21,7,6,5,202.5,0,0
20,21,7,6,6,247.5,0,0
20,21,7,6,7,292.5,0,0
20,21,7,6,8,337.5,0,0
20,21,7,7,1,22.5,0,0
20,21,7,7,2,67.5,0,0
20,21,7,7,3,112.5,0,0
20,21,7,7,4,157.5,0,0
20,21,7,7,5,202.5,0,0
20,21,7,7,6,247.5,0,0
20,21,7,7,7,292.5,0,0
20,21,7,7,8,337.5,0,0
20,21,7,8,1,22.5,0,0
20,21,7,8,2,67.5,0,0
20,21,7,8,3,112.5,0,0
20,21,7,8,4,157.5,0,0
20,21,7,8,5,202.5,0,0
20,21,7,8,6,247.5,0,0
20,21,7,8,7,292.5,0,0
20,21,7,8,8,337.5,0,0
20,21,7,9,1,22.5,0,0
20,21,7,9,2,67.5,0,0
20,21,7,9,3,112.5,0,0
20,21,7,9,4,157.5,0,0
20,21,7,9,5,202.5,0,0
20,21,7,9,6,247.5,0,0
20,21,7,9,7,292.5,0,0
20,21,7,9,8,337.5,0,0
20,21,7,10,1,22.5,0,0
20,21,7,10,2,67.5,0,0
20,21,7,10,3,112.5,0,0
20,21,7,10,4,157.5,0,0
20,21,7,10,5,202.5,0,0
20,21,7,10,6,247.5,0,0
20,21,7,10,7,292.5,0,0
20,21,7,10,8,337.5,0,0
20,21,7,11,1,22.5,0,0
20,21,7,11,2,67.5,0,0
20,21,7,11,3,112.5,0,0
20,21,7,11,4,157.5,0,0
20,21,7,11,5,202.5,0,0
20,21,7,11,6,247.5,0,0
20,21,7,11,7,292.5,0,0
20,21,7,11,8,337.5,0,0
20,21,8,1,1,22.5,0,0
20,21,8,1,2,67.5,0,0
20,21,8,1,3,112.5,0,0
20,21,8,1,4,157.5,0,0
20,21,8,1,5,202.5,0,0
20,21,8,1,6,247.5,0,0
20,21,8,1,7,292.5,0,0
20,21,8,1,8,337.5,0,0
20,21,8,2,1,22.5,0,0
20,21,8,2,2,67.5,0,0
20,21,8,2,3,112.5,0,0
20,21,8,2,4,157.5,0,0
20,21,8,2,5,202.5,0,0
20,21,8,2,6,247.5,0,0
20,21,8,2,7,292.5,0,0
20,21,8,2,8,337.5,0,0
20,21,8,3,1,22.5,0,0
20,21,8,3,2,67.5,0,0
20,21,8,3,3,112.5,0,0
20,21,8,3,4,157.5,0,0
20,21,8,3,5,202.5,0,0
20,21,8,3,6,247.5,0,0
20,21,8,3,7,292.5,0,0
20,21,8,3,8,337.5,0,0
20,21,8,4,1,22.5,0,0
20,21,8,4,2,67.5,0,0
20,21,8,4,3,112.5,0,0
20,21,8,4,4,157.5,0,0
20,21,8,4,5,202.5,0,0
20,21,8,4,6,247.5,0,0
20,21,8,4,7,292.5,0,0
20,21,8,4,8,337.5,0,0
20,21,8,5,1,22.5,0,0
20,21,8,5,2,67.5,0,0
20,21,8,5,3,112.5,0,0
20,21,8,5,4,157.5,0,0
20,21,8,5,5,202.5,0,0
20,21,8,5,6,247.5,0,0
20,21,8,5,7,292.5,0,0
20,21,8,5,8,337.5,0,0
20,21,8,6,1,22.5,0,0
20,21,8,6,2,67.5,0,0
20,21,8,6,3,112.5,0,0
20,21,8,6,4,157.5,0,0
20,21,8,6,5,202.5,0,0
20,21,8,6,6,247.5,0,0
20,21,8,6,7,292.5,0,0
20,21,8,6,8,337.5,0,0
20,21,8,7,1,22.5,0,0
20,21,8,7,2,67.5,0,0
20,21,8,7,3,112.5,0,0
20,21,8,7,4,157.5,0,0
20,21,8,7,5,202.5,0,0
20,21,8,7,6,247.5,0,0
20,21,8,7,7,292.5,0,0
20,21,8,7,8,337.5,0,0
20,21,8,8,1,22.5,0,0
20,21,8,8,2,67.5,0,0
20,21,8,8,3,112.5,0,0
20,21,8,8,4,157.5,0,0
20,21,8,8,5,202.5,0,0
20,21,8,8,6,247.5,0,0
20,21,8,8,7,292.5,0,0
20,21,8,8,8,337.5,0,0
20,21,8,9,1,22.5,0,0
20,21,8,9,2,67.5,0,0
20,21,8,9,3,112.5,0,0
20,21,8,9,4,157.5,0,0
20,21,8,9,5,202.5,0,0
20,21,8,9,6,247.5,0,0
20,21,8,9,7,292.5,0,0
20,21,8,9,8,337.5,0,0
20,21,8,10,1,22.5,0,0
20,21,8,10,2,67.5,0,0
20,21,8,10,3,112.5,0,0
20,21,8,10,4,157.5,0,0
20,21,8,10,5,202.5,0,0
20,21,8,10,6,247.5,0,0
20,21,8,10,7,292.5,0,0
20,21,8,10,8,337.5,0,0
20,21,8,11,1,22.5,0,0
20,21,8,11,2,67.5,0,0
20,21,8,11,3,112.5,0,0
20,21,8,11,4,157.5,0,0
20,21,8,11,5,202.5,0,0
20,21,8,11,6,247.5,0,0
20,21,8,11,7,292.5,0,0
20,21,8,11,8,337.5,0,0
