xq2_bin,ybin,z_bin,pt2_bin,phi_bin,phi_center_deg,content,error
0,1,1,1,1,22.5,0,0
0,1,1,1,2,67.5,0,0
0,1,1,1,3,112.5,0,0
0,1,1,1,4,157.5,0,0
0,1,1,1,5,202.5,0,0
0,1,1,1,6,247.5,0,0
0,1,1,1,7,292.5,0,0
0,1,1,1,8,337.5,0,0
0,1,1,2,1,22.5,0,0
0,1,1,2,2,67.5,0,0
0,1,1,2,3,112.5,0,0
0,1,1,2,4,157.5,0,0
0,1,1,2,5,202.5,0,0
0,1,1,2,6,247.5,0,0
0,1,1,2,7,292.5,0,0
0,1,1,2,8,337.5,0,0
0,1,1,3,1,22.5,0,0
0,1,1,3,2,67.5,0,0
0,1,1,3,3,112.5,0,0
0,1,1,3,4,157.5,0,0
0,1,1,3,5,202.5,0,0
0,1,1,3,6,247.5,0,0
0,1,1,3,7,292.5,0,0
0,1,1,3,8,337.5,0,0
0,1,1,4,1,22.5,0,0
0,1,1,4,2,67.5,0,0
0,1,1,4,3,112.5,0,0
0,1,1,4,4,157.5,0,0
0,1,1,4,5,202.5,0,0
0,1,1,4,6,247.5,0,0
0,1,1,4,7,292.5,0,0
0,1,1,4,8,337.5,0,0
0,1,1,5,1,22.5,0,0
0,1,1,5,2,67.5,0,0
0,1,1,5,3,112.5,0,0
0,1,1,5,4,157.5,0,0
0,1,1,5,5,202.5,0,0
0,1,1,5,6,247.5,0,0
0,1,1,5,7,292.5,0,0
0,1,1,5,8,337.5,0,0
0,1,1,6,1,22.5,0,0
0,1,1,6,2,67.5,0,0
0,1,1,6,3,112.5,0,0
0,1,1,6,4,157.5,0,0
0,1,1,6,5,202.5,0,0
0,1,1,6,6,247.5,0,0
0,1,1,6,7,292.5,0,0
0,1,1,6,8,337.5,0,0
0,1,1,7,1,22.5,0,0
0,1,1,7,2,67.5,0,0
0,1,1,7,3,112.5,0,0
0,1,1,7,4,157.5,0,0
0,1,1,7,5,202.5,0,0
0,1,1,7,6,247.5,0,0
0,1,1,7,7,292.5,0,0
0,1,1,7,8,337.5,0,0
0,1,1,8,1,22.5,0,0
0,1,1,8,2,67.5,0,0
0,1,1,8,3,112.5,0,0
0,1,1,8,4,157.5,0,0
0,1,1,8,5,202.5,0,0
0,1,1,8,6,247.5,0,0
0,1,1,8,7,292.5,0,0
0,1,1,8,8,337.5,0,0
0,1,1,9,1,22.5,0,0
0,1,1,9,2,67.5,0,0
0,1,1,9,3,112.5,0,0
0,1,1,9,4,157.5,0,0
0,1,1,9,5,202.5,0,0
0,1,1,9,6,247.5,0,0
0,1,1,9,7,292.5,0,0
0,1,1,9,8,337.5,0,0
0,1,1,10,1,22.5,0,0
0,1,1,10,2,67.5,0,0
0,1,1,10,3,112.5,0,0
0,1,1,10,4,157.5,0,0
0,1,1,10,5,202.5,0,0
0,1,1,10,6,247.5,0,0
0,1,1,10,7,292.5,0,0
0,1,1,10,8,337.5,0,0
0,1,1,11,1,22.5,0,0
0,1,1,11,2,67.5,0,0
0,1,1,11,3,112.5,0,0
0,1,1,11,4,157.5,0,0
0,1,1,11,5,202.5,0,0
0,1,1,11,6,247.5,0,0
0,1,1,11,7,292.5,0,0
0,1,1,11,8,337.5,0,0
0,1,2,1,1,22.5,0,0
0,1,2,1,2,67.5,0,0
0,1,2,1,3,112.5,0,0
0,1,2,1,4,157.5,0,0
0,1,2,1,5,202.5,0,0
0,1,2,1,6,247.5,0,0
0,1,2,1,7,292.5,0,0
0,1,2,1,8,337.5,0,0
0,1,2,2,1,22.5,0,0
0,1,2,2,2,67.5,0,0
0,1,2,2,3,112.5,0,0
0,1,2,2,4,157.5,0,0
0,1,2,2,5,202.5,0,0
0,1,2,2,6,247.5,0,0
0,1,2,2,7,292.5,0,0
0,1,2,2,8,337.5,0,0
0,1,2,3,1,22.5,0,0
0,1,2,3,2,67.5,0,0
0,1,2,3,3,112.5,0,0
0,1,2,3,4,157.5,0,0
0,1,2,3,5,202.5,0,0
0,1,2,3,6,247.5,0,0
0,1,2,3,7,292.5,0,0
0,1,2,3,8,337.5,0,0
0,1,2,4,1,22.5,0,0
0,1,2,4,2,67.5,0,0
0,1,2,4,3,112.5,0,0
0,1,2,4,4,157.5,0,0
0,1,2,4,5,202.5,0,0
0,1,2,4,6,247.5,0,0
0,1,2,4,7,292.5,0,0
0,1,2,4,8,337.5,0,0
0,1,2,5,1,22.5,0,0
0,1,2,5,2,67.5,0,0
0,1,2,5,3,112.5,0,0
0,1,2,5,4,157.5,0,0
0,1,2,5,5,202.5,0,0
0,1,2,5,6,247.5,0,0
0,1,2,5,7,292.5,0,0
0,1,2,5,8,337.5,0,0
0,1,2,6,1,22.5,0,0
0,1,2,6,2,67.5,0,0
0,1,2,6,3,112.5,0,0
0,1,2,6,4,157.5,0,0
0,1,2,6,5,202.5,0,0
0,1,2,6,6,247.5,0,0
0,1,2,6,7,292.5,0,0
0,1,2,6,8,337.5,0,0
0,1,2,7,1,22.5,0,0
0,1,2,7,2,67.5,0,0
0,1,2,7,3,112.5,0,0
0,1,2,7,4,157.5,0,0
0,1,2,7,5,202.5,0,0
0,1,2,7,6,247.5,0,0
0,1,2,7,7,292.5,0,0
0,1,2,7,8,337.5,0,0
0,1,2,8,1,22.5,0,0
0,1,2,8,2,67.5,0,0
0,1,2,8,3,112.5,0,0
0,1,2,8,4,157.5,0,0
0,1,2,8,5,202.5,0,0
0,1,2,8,6,247.5,0,0
0,1,2,8,7,292.5,0,0
0,1,2,8,8,337.5,0,0
0,1,2,9,1,22.5,0,0
0,1,2,9,2,67.5,0,0
0,1,2,9,3,112.5,0,0
0,1,2,9,4,157.5,0,0
0,1,2,9,5,202.5,0,0
0,1,2,9,6,247.5,0,0
0,1,2,9,7,292.5,0,0
0,1,2,9,8,337.5,0,0
0,1,2,10,1,22.5,0,0
0,1,2,10,2,67.5,0,0
0,1,2,10,3,112.5,0,0
0,1,2,10,4,157.5,0,0
0,1,2,10,5,202.5,0,0
0,1,2,10,6,247.5,0,0
0,1,2,10,7,292.5,0,0
0,1,2,10,8,337.5,0,0
0,1,2,11,1,22.5,0,0
0,1,2,11,2,67.5,0,0
0,1,2,11,3,112.5,0,0
0,1,2,11,4,157.5,0,0
0,1,2,11,5,202.5,0,0
0,1,2,11,6,247.5,0,0
0,1,2,11,7,292.5,0,0
0,1,2,11,8,337.5,0,0
0,1,3,1,1,22.5,0,0
0,1,3,1,2,67.5,0,0
0,1,3,1,3,112.5,0,0
0,1,3,1,4,157.5,0,0
0,1,3,1,5,202.5,0,0
0,1,3,1,6,247.5,0,0
0,1,3,1,7,292.5,0,0
0,1,3,1,8,337.5,0,0
0,1,3,2,1,22.5,0,0
0,1,3,2,2,67.5,0,0
0,1,3,2,3,112.5,0,0
0,1,3,2,4,157.5,0,0
0,1,3,2,5,202.5,0,0
0,1,3,2,6,247.5,0,0
0,1,3,2,7,292.5,0,0
0,1,3,2,8,337.5,0,0
0,1,3,3,1,22.5,0,0
0,1,3,3,2,67.5,0,0
0,1,3,3,3,112.5,0,0
0,1,3,3,4,157.5,0,0
0,1,3,3,5,202.5,0,0
0,1,3,3,6,247.5,0,0
0,1,3,3,7,292.5,0,0
0,1,3,3,8,337.5,0,0
0,1,3,4,1,22.5,0,0
0,1,3,4,2,67.5,0,0
0,1,3,4,3,112.5,0,0
0,1,3,4,4,157.5,0,0
0,1,3,4,5,202.5,0,0
0,1,3,4,6,247.5,0,0
0,1,3,4,7,292.5,0,0
0,1,3,4,8,337.5,0,0
0,1,3,5,1,22.5,0,0
0,1,3,5,2,67.5,0,0
0,1,3,5,3,112.5,0,0
0,1,3,5,4,157.5,0,0
0,1,3,5,5,202.5,0,0
0,1,3,5,6,247.5,0,0
0,1,3,5,7,292.5,0,0
0,1,3,5,8,337.5,0,0
0,1,3,6,1,22.5,0,0
0,1,3,6,2,67.5,0,0
0,1,3,6,3,112.5,0,0
0,1,3,6,4,157.5,0,0
0,1,3,6,5,202.5,0,0
0,1,3,6,6,247.5,0,0
0,1,3,6,7,292.5,0,0
0,1,3,6,8,337.5,0,0
0,1,3,7,1,22.5,0,0
0,1,3,7,2,67.5,0,0
0,1,3,7,3,112.5,0,0
0,1,3,7,4,157.5,0,0
0,1,3,7,5,202.5,0,0
0,1,3,7,6,247.5,0,0
0,1,3,7,7,292.5,0,0
0,1,3,7,8,337.5,0,0
0,1,3,8,1,22.5,0,0
0,1,3,8,2,67.5,0,0
0,1,3,8,3,112.5,0,0
0,1,3,8,4,157.5,0,0
0,1,3,8,5,202.5,0,0
0,1,3,8,6,247.5,0,0
0,1,3,8,7,292.5,0,0
0,1,3,8,8,337.5,0,0
0,1,3,9,1,22.5,0,0
0,1,3,9,2,67.5,0,0
0,1,3,9,3,112.5,0,0
0,1,3,9,4,157.5,0,0
0,1,3,9,5,202.5,0,0
0,1,3,9,6,247.5,0,0
0,1,3,9,7,292.5,0,0
0,1,3,9,8,337.5,0,0
0,1,3,10,1,22.5,0,0
0,1,3,10,2,67.5,0,0
0,1,3,10,3,112.5,0,0
0,1,3,10,4,157.5,0,0
0,1,3,10,5,202.5,0,0
0,1,3,10,6,247.5,0,0
0,1,3,10,7,292.5,0,0
0,1,3,10,8,337.5,0,0
0,1,3,11,1,22.5,0,0
0,1,3,11,2,67.5,0,0
0,1,3,11,3,112.5,0,0
0,1,3,11,4,157.5,0,0
0,1,3,11,5,202.5,0,0
0,1,3,11,6,247.5,0,0
0,1,3,11,7,292.5,0,0
0,1,3,11,8,337.5,0,0
0,1,4,1,1,22.5,0,0
0,1,4,1,2,67.5,0,0
0,1,4,1,3,112.5,0,0
0,1,4,1,4,157.5,0,0
0,1,4,1,5,202.5,0,0
0,1,4,1,6,247.5,0,0
0,1,4,1,7,292.5,0,0
0,1,4,1,8,337.5,0,0
0,1,4,2,1,22.5,0,0
0,1,4,2,2,67.5,0,0
0,1,4,2,3,112.5,0,0
0,1,4,2,4,157.5,0,0
0,1,4,2,5,202.5,0,0
0,1,4,2,6,247.5,0,0
0,1,4,2,7,292.5,0,0
0,1,4,2,8,337.5,0,0
0,1,4,3,1,22.5,0,0
0,1,4,3,2,67.5,0,0
0,1,4,3,3,112.5,0,0
0,1,4,3,4,157.5,0,0
0,1,4,3,5,202.5,0,0
0,1,4,3,6,247.5,0,0
0,1,4,3,7,292.5,0,0
0,1,4,3,8,337.5,0,0
0,1,4,4,1,22.5,0,0
0,1,4,4,2,67.5,0,0
0,1,4,4,3,112.5,0,0
0,1,4,4,4,157.5,0,0
0,1,4,4,5,202.5,0,0
0,1,4,4,6,247.5,0,0
0,1,4,4,7,292.5,0,0
0,1,4,4,8,337.5,0,0
0,1,4,5,1,22.5,0,0
0,1,4,5,2,67.5,0,0
0,1,4,5,3,112.5,0,0
0,1,4,5,4,157.5,0,0
0,1,4,5,5,202.5,0,0
0,1,4,5,6,247.5,0,0
0,1,4,5,7,292.5,0,0
0,1,4,5,8,337.5,0,0
0,1,4,6,1,22.5,0,0
0,1,4,6,2,67.5,0,0
0,1,4,6,3,112.5,0,0
0,1,4,6,4,157.5,0,0
0,1,4,6,5,202.5,0,0
0,1,4,6,6,247.5,0,0
0,1,4,6,7,292.5,0,0
0,1,4,6,8,337.5,0,0
0,1,4,7,1,22.5,0,0
0,1,4,7,2,67.5,0,0
0,1,4,7,3,112.5,0,0
0,1,4,7,4,157.5,0,0
0,1,4,7,5,202.5,0,0
0,1,4,7,6,247.5,0,0
0,1,4,7,7,292.5,0,0
0,1,4,7,8,337.5,0,0
0,1,4,8,1,22.5,0,0
0,1,4,8,2,67.5,0,0
0,1,4,8,3,112.5,0,0
0,1,4,8,4,157.5,0,0
0,1,4,8,5,202.5,0,0
0,1,4,8,6,247.5,0,0
0,1,4,8,7,292.5,0,0
0,1,4,8,8,337.5,0,0
0,1,4,9,1,22.5,0,0
0,1,4,9,2,67.5,0,0
0,1,4,9,3,112.5,0,0
0,1,4,9,4,157.5,0,0
0,1,4,9,5,202.5,0,0
0,1,4,9,6,247.5,0,0
0,1,4,9,7,292.5,0,0
0,1,4,9,8,337.5,0,0
0,1,4,10,1,22.5,0,0
0,1,4,10,2,67.5,0,0
0,1,4,10,3,112.5,0,0
0,1,4,10,4,157.5,0,0
0,1,4,10,5,202.5,0,0
0,1,4,10,6,247.5,0,0
0,1,4,10,7,292.5,0,0
0,1,4,10,8,337.5,0,0
0,1,4,11,1,22.5,0,0
0,1,4,11,2,67.5,0,0
0,1,4,11,3,112.5,0,0
0,1,4,11,4,157.5,0,0
0,1,4,11,5,202.5,0,0
0,1,4,11,6,247.5,0,0
0,1,4,11,7,292.5,0,0
0,1,4,11,8,337.5,0,0
0,1,5,1,1,22.5,0,0
0,1,5,1,2,67.5,0,0
0,1,5,1,3,112.5,0,0
0,1,5,1,4,157.5,0,0
0,1,5,1,5,202.5,0,0
0,1,5,1,6,247.5,0,0
0,1,5,1,7,292.5,0,0
0,1,5,1,8,337.5,0,0
0,1,5,2,1,22.5,0,0
0,1,5,2,2,67.5,0,0
0,1,5,2,3,112.5,0,0
0,1,5,2,4,157.5,0,0
0,1,5,2,5,202.5,0,0
0,1,5,2,6,247.5,0,0
0,1,5,2,7,292.5,0,0
0,1,5,2,8,337.5,0,0
0,1,5,3,1,22.5,0,0
0,1,5,3,2,67.5,0,0
0,1,5,3,3,112.5,0,0
0,1,5,3,4,157.5,0,0
0,1,5,3,5,202.5,0,0
0,1,5,3,6,247.5,0,0
0,1,5,3,7,292.5,0,0
0,1,5,3,8,337.5,0,0
0,1,5,4,1,22.5,0,0
0,1,5,4,2,67.5,0,0
0,1,5,4,3,112.5,0,0
0,1,5,4,4,157.5,0,0
0,1,5,4,5,202.5,0,0
0,1,5,4,6,247.5,0,0
0,1,5,4,7,292.5,0,0
0,1,5,4,8,337.5,0,0
0,1,5,5,1,22.5,0,0
0,1,5,5,2,67.5,0,0
0,1,5,5,3,112.5,0,0
0,1,5,5,4,157.5,0,0
0,1,5,5,5,202.5,0,0
0,1,5,5,6,247.5,0,0
0,1,5,5,7,292.5,0,0
0,1,5,5,8,337.5,0,0
0,1,5,6,1,22.5,0,0
0,1,5,6,2,67.5,0,0
0,1,5,6,3,112.5,0,0
0,1,5,6,4,157.5,0,0
0,1,5,6,5,202.5,0,0
0,1,5,6,6,247.5,0,0
0,1,5,6,7,292.5,0,0
0,1,5,6,8,337.5,0,0
0,1,5,7,1,22.5,0,0
0,1,5,7,2,67.5,0,0
0,1,5,7,3,112.5,0,0
0,1,5,7,4,157.5,0,0
0,1,5,7,5,202.5,0,0
0,1,5,7,6,247.5,0,0
0,1,5,7,7,292.5,0,0
0,1,5,7,8,337.5,0,0
0,1,5,8,1,22.5,0,0
0,1,5,8,2,67.5,0,0
0,1,5,8,3,112.5,0,0
0,1,5,8,4,157.5,0,0
0,1,5,8,5,202.5,0,0
0,1,5,8,6,247.5,0,0
0,1,5,8,7,292.5,0,0
0,1,5,8,8,337.5,0,0
0,1,5,9,1,22.5,0,0
0,1,5,9,2,67.5,0,0
0,1,5,9,3,112.5,0,0
0,1,5,9,4,157.5,0,0
0,1,5,9,5,202.5,0,0
0,1,5,9,6,247.5,0,0
0,1,5,9,7,292.5,0,0
0,1,5,9,8,337.5,0,0
0,1,5,10,1,22.5,0,0
0,1,5,10,2,67.5,0,0
0,1,5,10,3,112.5,0,0
0,1,5,10,4,157.5,0,0
0,1,5,10,5,202.5,0,0
0,1,5,10,6,247.5,0,0
0,1,5,10,7,292.5,0,0
0,1,5,10,8,337.5,0,0
0,1,5,11,1,22.5,0,0
0,1,5,11,2,67.5,0,0
0,1,5,11,3,112.5,0,0
0,1,5,11,4,157.5,0,0
0,1,5,11,5,202.5,0,0
0,1,5,11,6,247.5,0,0
0,1,5,11,7,292.5,0,0
0,1,5,11,8,337.5,0,0
0,1,6,1,1,22.5,0,0
0,1,6,1,2,67.5,0,0
0,1,6,1,3,112.5,0,0
0,1,6,1,4,157.5,0,0
0,1,6,1,5,202.5,0,0
0,1,6,1,6,247.5,0,0
0,1,6,1,7,292.5,0,0
0,1,6,1,8,337.5,0,0
0,1,6,2,1,22.5,0,0
0,1,6,2,2,67.5,0,0
0,1,6,2,3,112.5,0,0
0,1,6,2,4,157.5,0,0
0,1,6,2,5,202.5,0,0
0,1,6,2,6,247.5,0,0
0,1,6,2,7,292.5,0,0
0,1,6,2,8,337.5,0,0
0,1,6,3,1,22.5,0,0
0,1,6,3,2,67.5,0,0
0,1,6,3,3,112.5,0,0
0,1,6,3,4,157.5,0,0
0,1,6,3,5,202.5,0,0
0,1,6,3,6,247.5,0,0
0,1,6,3,7,292.5,0,0
0,1,6,3,8,337.5,0,0
0,1,6,4,1,22.5,0,0
0,1,6,4,2,67.5,0,0
0,1,6,4,3,112.5,0,0
0,1,6,4,4,157.5,0,0
0,1,6,4,5,202.5,0,0
0,1,6,4,6,247.5,0,0
0,1,6,4,7,292.5,0,0
0,1,6,4,8,337.5,0,0
0,1,6,5,1,22.5,0,0
0,1,6,5,2,67.5,0,0
0,1,6,5,3,112.5,0,0
0,1,6,5,4,157.5,0,0
0,1,6,5,5,202.5,0,0
0,1,6,5,6,247.5,0,0
0,1,6,5,7,292.5,0,0
0,1,6,5,8,337.5,0,0
0,1,6,6,1,22.5,0,0
0,1,6,6,2,67.5,0,0
0,1,6,6,3,112.5,0,0
0,1,6,6,4,157.5,0,0
0,1,6,6,5,202.5,0,0
0,1,6,6,6,247.5,0,0
0,1,6,6,7,292.5,0,0
0,1,6,6,8,337.5,0,0
0,1,6,7,1,22.5,0,0
0,1,6,7,2,67.5,0,0
0,1,6,7,3,112.5,0,0
0,1,6,7,4,157.5,0,0
0,1,6,7,5,202.5,0,0
0,1,6,7,6,247.5,0,0
0,1,6,7,7,292.5,0,0
0,1,6,7,8,337.5,0,0
0,1,6,8,1,22.5,0,0
0,1,6,8,2,67.5,0,0
0,1,6,8,3,112.5,0,0
0,1,6,8,4,157.5,0,0
0,1,6,8,5,202.5,0,0
0,1,6,8,6,247.5,0,0
0,1,6,8,7,292.5,0,0
0,1,6,8,8,337.5,0,0
0,1,6,9,1,22.5,0,0
0,1,6,9,2,67.5,0,0
0,1,6,9,3,112.5,0,0
0,1,6,9,4,157.5,0,0
0,1,6,9,5,202.5,0,0
0,1,6,9,6,247.5,0,0
0,1,6,9,7,292.5,0,0
0,1,6,9,8,337.5,0,0
0,1,6,10,1,22.5,0,0
0,1,6,10,2,67.5,0,0
0,1,6,10,3,112.5,0,0
0,1,6,10,4,157.5,0,0
0,1,6,10,5,202.5,0,0
0,1,6,10,6,247.5,0,0
0,1,6,10,7,292.5,0,0
0,1,6,10,8,337.5,0,0
0,1,6,11,1,22.5,0,0
0,1,6,11,2,67.5,0,0
0,1,6,11,3,112.5,0,0
0,1,6,11,4,157.5,0,0
0,1,6,11,5,202.5,0,0
0,1,6,11,6,247.5,0,0
0,1,6,11,7,292.5,0,0
0,1,6,11,8,337.5,0,0
0,1,7,1,1,22.5,0,0
0,1,7,1,2,67.5,0,0
0,1,7,1,3,112.5,0,0
0,1,7,1,4,157.5,0,0
0,1,7,1,5,202.5,0,0
0,1,7,1,6,247.5,0,0
0,1,7,1,7,292.5,0,0
0,1,7,1,8,337.5,0,0
0,1,7,2,1,22.5,0,0
0,1,7,2,2,67.5,0,0
0,1,7,2,3,112.5,0,0
0,1,7,2,4,157.5,0,0
0,1,7,2,5,202.5,0,0
0,1,7,2,6,247.5,0,0
0,1,7,2,7,292.5,0,0
0,1,7,2,8,337.5,0,0
0,1,7,3,1,22.5,0,0
0,1,7,3,2,67.5,0,0
0,1,7,3,3,112.5,0,0
0,1,7,3,4,157.5,0,0
0,1,7,3,5,202.5,0,0
0,1,7,3,6,247.5,0,0
0,1,7,3,7,292.5,0,0
0,1,7,3,8,337.5,0,0
0,1,7,4,1,22.5,0,0
0,1,7,4,2,67.5,0,0
0,1,7,4,3,112.5,0,0
0,1,7,4,4,157.5,0,0
0,1,7,4,5,202.5,0,0
0,1,7,4,6,247.5,0,0
0,1,7,4,7,292.5,0,0
0,1,7,4,8,337.5,0,0
0,1,7,5,1,22.5,0,0
0,1,7,5,2,67.5,0,0
0,1,7,5,3,112.5,0,0
0,1,7,5,4,157.5,0,0
0,1,7,5,5,202.5,0,0
0,1,7,5,6,247.5,0,0
0,1,7,5,7,292.5,0,0
0,1,7,5,8,337.5,0,0
0,1,7,6,1,22.5,0,0
0,1,7,6,2,67.5,0,0
0,1,7,6,3,112.5,0,0
0,1,7,6,4,157.5,0,0
0,1,7,6,5,202.5,0,0
0,1,7,6,6,247.5,0,0
0,1,7,6,7,292.5,0,0
0,1,7,6,8,337.5,0,0
0,1,7,7,1,22.5,0,0
0,1,7,7,2,67.5,0,0
0,1,7,7,3,112.5,0,0
0,1,7,7,4,157.5,0,0
0,1,7,7,5,202.5,0,0
0,1,7,7,6,247.5,0,0
0,1,7,7,7,292.5,0,0
0,1,7,7,8,337.5,0,0
0,1,7,8,1,22.5,0,0
0,1,7,8,2,67.5,0,0
0,1,7,8,3,112.5,0,0
0,1,7,8,4,157.5,0,0
0,1,7,8,5,202.5,0,0
0,1,7,8,6,247.5,0,0
0,1,7,8,7,292.5,0,0
0,1,7,8,8,337.5,0,0
0,1,7,9,1,22.5,0,0
0,1,7,9,2,67.5,0,0
0,1,7,9,3,112.5,0,0
0,1,7,9,4,157.5,0,0
0,1,7,9,5,202.5,0,0
0,1,7,9,6,247.5,0,0
0,1,7,9,7,292.5,0,0
0,1,7,9,8,337.5,0,0
0,1,7,10,1,22.5,0,0
0,1,7,10,2,67.5,0,0
0,1,7,10,3,112.5,0,0
0,1,7,10,4,157.5,0,0
0,1,7,10,5,202.5,0,0
0,1,7,10,6,247.5,0,0
0,1,7,10,7,292.5,0,0
0,1,7,10,8,337.5,0,0
0,1,7,11,1,22.5,0,0
0,1,7,11,2,67.5,0,0
0,1,7,11,3,112.5,0,0
0,1,7,11,4,157.5,0,0
0,1,7,11,5,202.5,0,0
0,1,7,11,6,247.5,0,0
0,1,7,11,7,292.5,0,0
0,1,7,11,8,337.5,0,0
0,1,8,1,1,22.5,0,0
0,1,8,1,2,67.5,0,0
0,1,8,1,3,112.5,0,0
0,1,8,1,4,157.5,0,0
0,1,8,1,5,202.5,0,0
0,1,8,1,6,247.5,0,0
0,1,8,1,7,292.5,0,0
0,1,8,1,8,337.5,0,0
0,1,8,2,1,22.5,0,0
0,1,8,2,2,67.5,0,0
0,1,8,2,3,112.5,0,0
0,1,8,2,4,157.5,0,0
0,1,8,2,5,202.5,0,0
0,1,8,2,6,247.5,0,0
0,1,8,2,7,292.5,0,0
0,1,8,2,8,337.5,0,0
0,1,8,3,1,22.5,0,0
0,1,8,3,2,67.5,0,0
0,1,8,3,3,112.5,0,0
0,1,8,3,4,157.5,0,0
0,1,8,3,5,202.5,0,0
0,1,8,3,6,247.5,0,0
0,1,8,3,7,292.5,0,0
0,1,8,3,8,337.5,0,0
0,1,8,4,1,22.5,0,0
0,1,8,4,2,67.5,0,0
0,1,8,4,3,112.5,0,0
0,1,8,4,4,157.5,0,0
0,1,8,4,5,202.5,0,0
0,1,8,4,6,247.5,0,0
0,1,8,4,7,292.5,0,0
0,1,8,4,8,337.5,0,0
0,1,8,5,1,22.5,0,0
0,1,8,5,2,67.5,0,0
0,1,8,5,3,112.5,0,0
0,1,8,5,4,157.5,0,0
0,1,8,5,5,202.5,0,0
0,1,8,5,6,247.5,0,0
0,1,8,5,7,292.5,0,0
0,1,8,5,8,337.5,0,0
0,1,8,6,1,22.5,0,0
0,1,8,6,2,67.5,0,0
0,1,8,6,3,112.5,0,0
0,1,8,6,4,157.5,0,0
0,1,8,6,5,202.5,0,0
0,1,8,6,6,247.5,0,0
0,1,8,6,7,292.5,0,0
0,1,8,6,8,337.5,0,0
0,1,8,7,1,22.5,0,0
0,1,8,7,2,67.5,0,0
0,1,8,7,3,112.5,0,0
0,1,8,7,4,157.5,0,0
0,1,8,7,5,202.5,0,0
0,1,8,7,6,247.5,0,0
0,1,8,7,7,292.5,0,0
0,1,8,7,8,337.5,0,0
0,1,8,8,1,22.5,0,0
0,1,8,8,2,67.5,0,0
0,1,8,8,3,112.5,0,0
0,1,8,8,4,157.5,0,0
0,1,8,8,5,202.5,0,0
0,1,8,8,6,247.5,0,0
0,1,8,8,7,292.5,0,0
0,1,8,8,8,337.5,0,0
0,1,8,9,1,22.5,0,0
0,1,8,9,2,67.5,0,0
0,1,8,9,3,112.5,0,0
0,1,8,9,4,157.5,0,0
0,1,8,9,5,202.5,0,0
0,1,8,9,6,247.5,0,0
0,1,8,9,7,292.5,0,0
0,1,8,9,8,337.5,0,0
0,1,8,10,1,22.5,0,0
0,1,8,10,2,67.5,0,0
0,1,8,10,3,112.5,0,0
0,1,8,10,4,157.5,0,0
0,1,8,10,5,202.5,0,0
0,1,8,10,6,247.5,0,0
0,1,8,10,7,292.5,0,0
0,1,8,10,8,337.5,0,0
0,1,8,11,1,22.5,0,0
0,1,8,11,2,67.5,0,0
0,1,8,11,3,112.5,0,0
0,1,8,11,4,157.5,0,0
0,1,8,11,5,202.5,0,0
0,1,8,11,6,247.5,0,0
0,1,8,11,7,292.5,0,0
0,1,8,11,8,337.5,0,0
1,2,1,1,1,22.5,460.213,91.0432
1,2,1,1,2,67.5,910.022,101.93
1,2,1,1,3,112.5,4733.91,233.573
1,2,1,1,4,157.5,1803.82,203.531
1,2,1,1,5,202.5,4615.28,191.434
1,2,1,1,6,247.5,4383,157.007
1,2,1,1,7,292.5,1196.02,104.334
1,2,1,1,8,337.5,210.991,45.5442
1,2,1,2,1,22.5,601.846,64.729
1,2,1,2,2,67.5,2449.46,152.087
1,2,1,2,3,112.5,3923.95,194.41
1,2,1,2,4,157.5,5487.88,333.487
1,2,1,2,5,202.5,3954.02,230.374
1,2,1,2,6,247.5,2660.03,181.604
1,2,1,2,7,292.5,3607.45,122.829
1,2,1,2,8,337.5,224.119,52.021
1,2,1,3,1,22.5,408.357,37.103
1,2,1,3,2,67.5,2462.31,116.737
1,2,1,3,3,112.5,2639.25,97.6395
1,2,1,3,4,157.5,4031.38,185.315
1,2,1,3,5,202.5,2596.63,98.2517
1,2,1,3,6,247.5,3739.35,113.34
1,2,1,3,7,292.5,2167.53,111.228
1,2,1,3,8,337.5,385.331,48.3117
1,2,1,4,1,22.5,421.068,39.4695
1,2,1,4,2,67.5,1937.85,94.1907
1,2,1,4,3,112.5,2275.81,73.668
1,2,1,4,4,157.5,2170.15,112.661
1,2,1,4,5,202.5,1477.89,69.3293
1,2,1,4,6,247.5,2552.38,125.94
1,2,1,4,7,292.5,1659.66,96.0586
1,2,1,4,8,337.5,295.062,29.8043
1,2,1,5,1,22.5,680.424,36.891
1,2,1,5,2,67.5,1727.37,59.9334
1,2,1,5,3,112.5,1960.27,65.1705
1,2,1,5,4,157.5,1216.54,70.0683
1,2,1,5,5,202.5,1027.82,49.9229
1,2,1,5,6,247.5,2059.03,68.8189
1,2,1,5,7,292.5,1715.53,62.3544
1,2,1,5,8,337.5,338.345,31.4894
1,2,1,6,1,22.5,123.686,14.2212
1,2,1,6,2,67.5,210.68,22.7909
1,2,1,6,3,112.5,209.517,25.464
1,2,1,6,4,157.5,108.806,14.3132
1,2,1,6,5,202.5,125.213,14.3316
1,2,1,6,6,247.5,246.202,21.1115
1,2,1,6,7,292.5,356.121,23.3415
1,2,1,6,8,337.5,82.9805,10.4981
1,2,1,7,1,22.5,0,0
1,2,1,7,2,67.5,0,0
1,2,1,7,3,112.5,0,0
1,2,1,7,4,157.5,0,0
1,2,1,7,5,202.5,0,0
1,2,1,7,6,247.5,0,0
1,2,1,7,7,292.5,0,0
1,2,1,7,8,337.5,0,0
1,2,1,8,1,22.5,0,0
1,2,1,8,2,67.5,0,0
1,2,1,8,3,112.5,0,0
1,2,1,8,4,157.5,0,0
1,2,1,8,5,202.5,0,0
1,2,1,8,6,247.5,0,0
1,2,1,8,7,292.5,0,0
1,2,1,8,8,337.5,0,0
1,2,1,9,1,22.5,0,0
1,2,1,9,2,67.5,0,0
1,2,1,9,3,112.5,0,0
1,2,1,9,4,157.5,0,0
1,2,1,9,5,202.5,0,0
1,2,1,9,6,247.5,0,0
1,2,1,9,7,292.5,0,0
1,2,1,9,8,337.5,0,0
1,2,1,10,1,22.5,0,0
1,2,1,10,2,67.5,0,0
1,2,1,10,3,112.5,0,0
1,2,1,10,4,157.5,0,0
1,2,1,10,5,202.5,0,0
1,2,1,10,6,247.5,0,0
1,2,1,10,7,292.5,0,0
1,2,1,10,8,337.5,0,0
1,2,1,11,1,22.5,0,0
1,2,1,11,2,67.5,0,0
1,2,1,11,3,112.5,0,0
1,2,1,11,4,157.5,0,0
1,2,1,11,5,202.5,0,0
1,2,1,11,6,247.5,0,0
1,2,1,11,7,292.5,0,0
1,2,1,11,8,337.5,0,0
1,2,2,1,1,22.5,0,0
1,2,2,1,2,67.5,2798.87,122.286
1,2,2,1,3,112.5,4404.63,145.167
1,2,2,1,4,157.5,3706.8,212.259
1,2,2,1,5,202.5,4099.2,149.953
1,2,2,1,6,247.5,4764.08,155.334
1,2,2,1,7,292.5,1679.71,123.701
1,2,2,1,8,337.5,0,0
1,2,2,2,1,22.5,243.867,33.5324
1,2,2,2,2,67.5,1942.93,70.9818
1,2,2,2,3,112.5,4914.9,148.611
1,2,2,2,4,157.5,9250.19,177.303
1,2,2,2,5,202.5,5676.19,207.115
1,2,2,2,6,247.5,4332.79,194.775
1,2,2,2,7,292.5,3152.69,97.6276
1,2,2,2,8,337.5,150.133,62.4672
1,2,2,3,1,22.5,838.157,38.872
1,2,2,3,2,67.5,3342.43,122.796
1,2,2,3,3,112.5,3893.44,138.988
1,2,2,3,4,157.5,9143.19,233.295
1,2,2,3,5,202.5,4795.37,175.166
1,2,2,3,6,247.5,6140.89,129.844
1,2,2,3,7,292.5,3478.87,113.675
1,2,2,3,8,337.5,427.297,36.2764
1,2,2,4,1,22.5,599.485,32.4851
1,2,2,4,2,67.5,3368.4,77.1539
1,2,2,4,3,112.5,3485.3,83.4052
1,2,2,4,4,157.5,7679.18,183.963
1,2,2,4,5,202.5,3876.87,91.7506
1,2,2,4,6,247.5,6056.51,156.536
1,2,2,4,7,292.5,2504.35,90.3776
1,2,2,4,8,337.5,455.898,28.5564
1,2,2,5,1,22.5,1093.41,45.2328
1,2,2,5,2,67.5,5139.94,92.1577
1,2,2,5,3,112.5,6247.77,109.726
1,2,2,5,4,157.5,10192.4,192.666
1,2,2,5,5,202.5,5569.86,102.913
1,2,2,5,6,247.5,9380.65,176.064
1,2,2,5,7,292.5,3717.88,93.6216
1,2,2,5,8,337.5,886.245,38.6853
1,2,2,6,1,22.5,1291.94,46.4437
1,2,2,6,2,67.5,2933.69,64.7036
1,2,2,6,3,112.5,3759.61,80.8944
1,2,2,6,4,157.5,4942.4,93.2917
1,2,2,6,5,202.5,2939.61,68.1262
1,2,2,6,6,247.5,5107.22,94.2839
1,2,2,6,7,292.5,2766.28,64.4438
1,2,2,6,8,337.5,609.379,30.2231
1,2,2,7,1,22.5,740.219,32.4904
1,2,2,7,2,67.5,1339.17,42.9826
1,2,2,7,3,112.5,1902.79,53.9417
1,2,2,7,4,157.5,2075.64,55.1166
1,2,2,7,5,202.5,1234.91,44.7863
1,2,2,7,6,247.5,2362.35,60.8786
1,2,2,7,7,292.5,1570.86,46.0667
1,2,2,7,8,337.5,339.072,21.6635
1,2,2,8,1,22.5,438.277,23.533
1,2,2,8,2,67.5,753.001,30.301
1,2,2,8,3,112.5,964.649,44.1207
1,2,2,8,4,157.5,880.475,35.2043
1,2,2,8,5,202.5,565.836,28.1163
1,2,2,8,6,247.5,1145.43,39.7579
1,2,2,8,7,292.5,755.95,40.0983
1,2,2,8,8,337.5,153.317,14.235
1,2,2,9,1,22.5,99.6273,10.5045
1,2,2,9,2,67.5,153.963,13.4113
1,2,2,9,3,112.5,201.463,16.2868
1,2,2,9,4,157.5,124.537,12.7484
1,2,2,9,5,202.5,97.1425,11.9533
1,2,2,9,6,247.5,250.904,17.1754
1,2,2,9,7,292.5,192.158,15.2966
1,2,2,9,8,337.5,27.301,5.48198
1,2,2,10,1,22.5,16.1072,4.29142
1,2,2,10,2,67.5,0,0
1,2,2,10,3,112.5,18.3637,4.56355
1,2,2,10,4,157.5,0,0
1,2,2,10,5,202.5,0,0
1,2,2,10,6,247.5,0,0
1,2,2,10,7,292.5,20.8081,4.91735
1,2,2,10,8,337.5,0,0
1,2,2,11,1,22.5,0,0
1,2,2,11,2,67.5,0,0
1,2,2,11,3,112.5,0,0
1,2,2,11,4,157.5,0,0
1,2,2,11,5,202.5,0,0
1,2,2,11,6,247.5,0,0
1,2,2,11,7,292.5,0,0
1,2,2,11,8,337.5,0,0
1,2,3,1,1,22.5,15.0544,4.43347
1,2,3,1,2,67.5,825.68,42.5405
1,2,3,1,3,112.5,1100.68,81.7126
1,2,3,1,4,157.5,2346.19,89.8395
1,2,3,1,5,202.5,1543.12,94.6063
1,2,3,1,6,247.5,1189.19,58.6698
1,2,3,1,7,292.5,762.885,41.2924
1,2,3,1,8,337.5,58.258,9.98066
1,2,3,2,1,22.5,0,0
1,2,3,2,2,67.5,607.033,42.0196
1,2,3,2,3,112.5,1308.82,73.6513
1,2,3,2,4,157.5,6085.46,158.388
1,2,3,2,5,202.5,2202.18,100.553
1,2,3,2,6,247.5,1355.86,88.2343
1,2,3,2,7,292.5,507.952,32.808
1,2,3,2,8,337.5,0,0
1,2,3,3,1,22.5,59.0275,10.106
1,2,3,3,2,67.5,813.254,62.1541
1,2,3,3,3,112.5,1141.57,63.1343
1,2,3,3,4,157.5,6025.33,143.741
1,2,3,3,5,202.5,2226.09,70.8397
1,2,3,3,6,247.5,2521.34,101.304
1,2,3,3,7,292.5,1027.03,43.9519
1,2,3,3,8,337.5,52.1562,8.19943
1,2,3,4,1,22.5,162.071,14.0259
1,2,3,4,2,67.5,1176.41,46.7285
1,2,3,4,3,112.5,1253.85,51.5049
1,2,3,4,4,157.5,5541.11,98.0242
1,2,3,4,5,202.5,1996.44,65.6117
1,2,3,4,6,247.5,3290.19,81.2192
1,2,3,4,7,292.5,1045.03,57.3105
1,2,3,4,8,337.5,75.0409,10.2957
1,2,3,5,1,22.5,286.193,23.2333
1,2,3,5,2,67.5,2811.24,70.1378
1,2,3,5,3,112.5,2549.26,67.6863
1,2,3,5,4,157.5,8506.67,145.361
1,2,3,5,5,202.5,3504.77,73.8684
1,2,3,5,6,247.5,6548.53,103.635
1,2,3,5,7,292.5,1470.83,49.3787
1,2,3,5,8,337.5,240.047,20.2417
1,2,3,6,1,22.5,353.851,22.2393
1,2,3,6,2,67.5,2326.13,55.7931
1,2,3,6,3,112.5,2406.17,61.2886
1,2,3,6,4,157.5,5839.94,117.033
1,2,3,6,5,202.5,2544.72,60.1085
1,2,3,6,6,247.5,5003.96,84.6941
1,2,3,6,7,292.5,1172.69,42.0011
1,2,3,6,8,337.5,302.174,23.4218
1,2,3,7,1,22.5,421.241,23.8454
1,2,3,7,2,67.5,1394.89,41.8708
1,2,3,7,3,112.5,1803.04,48.6641
1,2,3,7,4,157.5,3834.71,76.2965
1,2,3,7,5,202.5,1796.26,49.5362
1,2,3,7,6,247.5,3174.1,66.3684
1,2,3,7,7,292.5,1000.44,36.0253
1,2,3,7,8,337.5,271.44,19.1962
1,2,3,8,1,22.5,580.701,27.0436
1,2,3,8,2,67.5,1174.76,38.2381
1,2,3,8,3,112.5,1705.58,46.464
1,2,3,8,4,157.5,3092.51,66.328
1,2,3,8,5,202.5,1559.74,45.1554
1,2,3,8,6,247.5,2551.14,60.1816
1,2,3,8,7,292.5,1121.03,37.6333
1,2,3,8,8,337.5,306.311,20.1276
1,2,3,9,1,22.5,346.23,23.1252
1,2,3,9,2,67.5,580.762,26.2009
1,2,3,9,3,112.5,900.794,32.7238
1,2,3,9,4,157.5,1317.12,46.8582
1,2,3,9,5,202.5,776.421,32.2285
1,2,3,9,6,247.5,1270.68,39.2278
1,2,3,9,7,292.5,641.786,27.6048
1,2,3,9,8,337.5,150.397,13.0789
1,2,3,10,1,22.5,237.65,16.4499
1,2,3,10,2,67.5,303.054,18.6229
1,2,3,10,3,112.5,442.413,22.4431
1,2,3,10,4,157.5,693.383,29.2659
1,2,3,10,5,202.5,390.904,21.6832
1,2,3,10,6,247.5,550.699,26.7104
1,2,3,10,7,292.5,388.564,21.5609
1,2,3,10,8,337.5,83.1341,10.1029
1,2,3,11,1,22.5,80.3511,9.33894
1,2,3,11,2,67.5,101.598,10.7138
1,2,3,11,3,112.5,137.426,12.3632
1,2,3,11,4,157.5,245.889,16.1955
1,2,3,11,5,202.5,130.121,12.4911
1,2,3,11,6,247.5,178.953,14.073
1,2,3,11,7,292.5,132.635,12.2773
1,2,3,11,8,337.5,0,0
1,2,4,1,1,22.5,0,0
1,2,4,1,2,67.5,127.918,25.3249
1,2,4,1,3,112.5,462.607,34.2883
1,2,4,1,4,157.5,1593.42,56.7855
1,2,4,1,5,202.5,711.369,38.0749
1,2,4,1,6,247.5,87.0521,15.9122
1,2,4,1,7,292.5,67.5365,11.9307
1,2,4,1,8,337.5,0,0
1,2,4,2,1,22.5,0,0
1,2,4,2,2,67.5,64.8592,11.8704
1,2,4,2,3,112.5,592.455,37.6338
1,2,4,2,4,157.5,3357.83,75.9155
1,2,4,2,5,202.5,1049.1,44.7743
1,2,4,2,6,247.5,157.215,22.8594
1,2,4,2,7,292.5,72.9111,12.6138
1,2,4,2,8,337.5,0,0
1,2,4,3,1,22.5,0,0
1,2,4,3,2,67.5,141.386,33.3188
1,2,4,3,3,112.5,431.878,30.6099
1,2,4,3,4,157.5,3488.95,90.724
1,2,4,3,5,202.5,1087.58,52.4483
1,2,4,3,6,247.5,741.482,38.3009
1,2,4,3,7,292.5,343.475,26.4868
1,2,4,3,8,337.5,0,0
1,2,4,4,1,22.5,0,0
1,2,4,4,2,67.5,257.375,24.2558
1,2,4,4,3,112.5,410.285,28.0003
1,2,4,4,4,157.5,2987.03,82.3262
1,2,4,4,5,202.5,1161.23,42.0878
1,2,4,4,6,247.5,1095.5,42.66
1,2,4,4,7,292.5,423.288,27.6564
1,2,4,4,8,337.5,0,0
1,2,4,5,1,22.5,0,0
1,2,4,5,2,67.5,1140.96,40.88
1,2,4,5,3,112.5,867.823,39.6107
1,2,4,5,4,157.5,5518.03,89.1129
1,2,4,5,5,202.5,1976.8,55.1385
1,2,4,5,6,247.5,3038.21,67.3337
1,2,4,5,7,292.5,890.607,37.3067
1,2,4,5,8,337.5,0,0
1,2,4,6,1,22.5,0,0
1,2,4,6,2,67.5,1329.93,42.6448
1,2,4,6,3,112.5,867.944,34.0362
1,2,4,6,4,157.5,3855.67,84.7677
1,2,4,6,5,202.5,1613.58,49.443
1,2,4,6,6,247.5,2988.83,64.1713
1,2,4,6,7,292.5,643.359,30.4383
1,2,4,6,8,337.5,36.0967,7.44314
1,2,4,7,1,22.5,43.2409,7.87888
1,2,4,7,2,67.5,1064.59,36.7727
1,2,4,7,3,112.5,956.223,33.8989
1,2,4,7,4,157.5,2829.58,71.1011
1,2,4,7,5,202.5,1191.69,40.2874
1,2,4,7,6,247.5,2225.81,53.6115
1,2,4,7,7,292.5,416.461,22.8777
1,2,4,7,8,337.5,87.0161,10.7622
1,2,4,8,1,22.5,165.923,14.0695
1,2,4,8,2,67.5,987.25,34.5319
1,2,4,8,3,112.5,1102.69,35.6053
1,2,4,8,4,157.5,2914.25,61.3467
1,2,4,8,5,202.5,1286.44,40.8376
1,2,4,8,6,247.5,2327.66,53.3607
1,2,4,8,7,292.5,527.057,26.4284
1,2,4,8,8,337.5,152.64,13.9852
1,2,4,9,1,22.5,184.996,14.8117
1,2,4,9,2,67.5,484.061,26.4322
1,2,4,9,3,112.5,719.552,28.6976
1,2,4,9,4,157.5,1628.74,45.9802
1,2,4,9,5,202.5,834.109,31.6248
1,2,4,9,6,247.5,1260.07,38.819
1,2,4,9,7,292.5,392.889,21.2828
1,2,4,9,8,337.5,117.432,12.2697
1,2,4,10,1,22.5,168.479,13.4933
1,2,4,10,2,67.5,355.862,19.7178
1,2,4,10,3,112.5,500.085,23.6595
1,2,4,10,4,157.5,1061.65,38.8444
1,2,4,10,5,202.5,607.802,26.9595
1,2,4,10,6,247.5,782.846,34.1491
1,2,4,10,7,292.5,266.608,17.4318
1,2,4,10,8,337.5,79.6383,10.0419
1,2,4,11,1,22.5,136.297,12.0202
1,2,4,11,2,67.5,207.937,15.0655
1,2,4,11,3,112.5,336.144,18.9717
1,2,4,11,4,157.5,758.146,29.2907
1,2,4,11,5,202.5,437.405,22.1371
1,2,4,11,6,247.5,465.425,23.0917
1,2,4,11,7,292.5,246.907,16.7409
1,2,4,11,8,337.5,62.6274,8.4621
1,2,5,1,1,22.5,0,0
1,2,5,1,2,67.5,61.7013,10.0619
1,2,5,1,3,112.5,420.382,27.9605
1,2,5,1,4,157.5,1004.29,38.9714
1,2,5,1,5,202.5,439.814,27.709
1,2,5,1,6,247.5,16.1847,5.87351
1,2,5,1,7,292.5,0,0
1,2,5,1,8,337.5,0,0
1,2,5,2,1,22.5,0,0
1,2,5,2,2,67.5,0,0
1,2,5,2,3,112.5,468.786,26.7678
1,2,5,2,4,157.5,1727.29,59.9798
1,2,5,2,5,202.5,625.614,31.5765
1,2,5,2,6,247.5,18.124,6.1167
1,2,5,2,7,292.5,19.5418,6.79356
1,2,5,2,8,337.5,0,0
1,2,5,3,1,22.5,0,0
1,2,5,3,2,67.5,0,0
1,2,5,3,3,112.5,306.553,20.982
1,2,5,3,4,157.5,1844.04,59.6831
1,2,5,3,5,202.5,658.949,31.4578
1,2,5,3,6,247.5,174.062,15.9734
1,2,5,3,7,292.5,99.6886,12.0994
1,2,5,3,8,337.5,0,0
1,2,5,4,1,22.5,0,0
1,2,5,4,2,67.5,26.4176,6.99858
1,2,5,4,3,112.5,290.404,19.5457
1,2,5,4,4,157.5,1899.11,58.2034
1,2,5,4,5,202.5,604.152,34.2832
1,2,5,4,6,247.5,374.328,23.3259
1,2,5,4,7,292.5,184.072,17.5065
1,2,5,4,8,337.5,0,0
1,2,5,5,1,22.5,0,0
1,2,5,5,2,67.5,249.157,18.7764
1,2,5,5,3,112.5,391.203,29.2539
1,2,5,5,4,157.5,3486.07,68.7936
1,2,5,5,5,202.5,1165.65,47.3184
1,2,5,5,6,247.5,1199.11,40.9474
1,2,5,5,7,292.5,596.963,27.9355
1,2,5,5,8,337.5,0,0
1,2,5,6,1,22.5,0,0
1,2,5,6,2,67.5,561.243,26.5286
1,2,5,6,3,112.5,348.383,24.4913
1,2,5,6,4,157.5,2492.14,64.7565
1,2,5,6,5,202.5,851.027,38.0477
1,2,5,6,6,247.5,1341.53,47.5281
1,2,5,6,7,292.5,524.103,25.1194
1,2,5,6,8,337.5,0,0
1,2,5,7,1,22.5,0,0
1,2,5,7,2,67.5,560.66,31.0484
1,2,5,7,3,112.5,426.832,22.2079
1,2,5,7,4,157.5,2040.47,49.6688
1,2,5,7,5,202.5,762.076,30.5445
1,2,5,7,6,247.5,1319.8,45.2291
1,2,5,7,7,292.5,323.111,19.5047
1,2,5,7,8,337.5,0,0
1,2,5,8,1,22.5,0,0
1,2,5,8,2,67.5,787.199,30.3916
1,2,5,8,3,112.5,606.653,26.6936
1,2,5,8,4,157.5,1984.6,50.4072
1,2,5,8,5,202.5,857.277,31.5586
1,2,5,8,6,247.5,1421.54,46.3399
1,2,5,8,7,292.5,330.516,20.6857
1,2,5,8,8,337.5,0,0
1,2,5,9,1,22.5,39.4852,6.82851
1,2,5,9,2,67.5,487.584,23.1583
1,2,5,9,3,112.5,460.326,22.2331
1,2,5,9,4,157.5,1302.44,38.9951
1,2,5,9,5,202.5,507.577,25.6473
1,2,5,9,6,247.5,909.528,32.8417
1,2,5,9,7,292.5,203.905,15.2465
1,2,5,9,8,337.5,45.7691,7.95755
1,2,5,10,1,22.5,51.504,7.88501
1,2,5,10,2,67.5,318.308,18.4403
1,2,5,10,3,112.5,359.352,20.7444
1,2,5,10,4,157.5,995.17,36.648
1,2,5,10,5,202.5,462.229,22.7755
1,2,5,10,6,247.5,705.697,29.0336
1,2,5,10,7,292.5,176.978,14.5558
1,2,5,10,8,337.5,56.5076,8.21959
1,2,5,11,1,22.5,116.935,11.0952
1,2,5,11,2,67.5,197.044,14.8938
1,2,5,11,3,112.5,315.497,18.371
1,2,5,11,4,157.5,854.009,31.0723
1,2,5,11,5,202.5,437.55,21.6322
1,2,5,11,6,247.5,511.536,24.0194
1,2,5,11,7,292.5,192.522,14.4374
1,2,5,11,8,337.5,55.8767,8.37332
1,2,6,1,1,22.5,0,0
1,2,6,1,2,67.5,0,0
1,2,6,1,3,112.5,286.559,20.0385
1,2,6,1,4,157.5,592.644,28.4641
1,2,6,1,5,202.5,271.551,19.2522
1,2,6,1,6,247.5,34.2993,7.14355
1,2,6,1,7,292.5,0,0
1,2,6,1,8,337.5,0,0
1,2,6,2,1,22.5,0,0
1,2,6,2,2,67.5,0,0
1,2,6,2,3,112.5,330.921,21.3707
1,2,6,2,4,157.5,979.685,35.9648
1,2,6,2,5,202.5,353.829,24.6546
1,2,6,2,6,247.5,0,0
1,2,6,2,7,292.5,0,0
1,2,6,2,8,337.5,0,0
1,2,6,3,1,22.5,0,0
1,2,6,3,2,67.5,0,0
1,2,6,3,3,112.5,262.582,18.6055
1,2,6,3,4,157.5,1084.16,43.2627
1,2,6,3,5,202.5,414.958,23.4621
1,2,6,3,6,247.5,44.285,7.22393
1,2,6,3,7,292.5,41.281,6.91442
1,2,6,3,8,337.5,0,0
1,2,6,4,1,22.5,0,0
1,2,6,4,2,67.5,0,0
1,2,6,4,3,112.5,253.824,17.2556
1,2,6,4,4,157.5,1056.7,41.0607
1,2,6,4,5,202.5,377.812,22.3935
1,2,6,4,6,247.5,105.541,11.7468
1,2,6,4,7,292.5,63.519,9.33371
1,2,6,4,8,337.5,0,0
1,2,6,5,1,22.5,0,0
1,2,6,5,2,67.5,29.8071,6.19446
1,2,6,5,3,112.5,302.958,18.9221
1,2,6,5,4,157.5,2067.12,57.4694
1,2,6,5,5,202.5,698.269,29.5077
1,2,6,5,6,247.5,452.226,24.3988
1,2,6,5,7,292.5,295.638,19.3283
1,2,6,5,8,337.5,0,0
1,2,6,6,1,22.5,0,0
1,2,6,6,2,67.5,154.861,13.6141
1,2,6,6,3,112.5,241.71,16.1543
1,2,6,6,4,157.5,1621.76,43.6151
1,2,6,6,5,202.5,599.362,26.3031
1,2,6,6,6,247.5,620.383,31.3094
1,2,6,6,7,292.5,325.852,19.938
1,2,6,6,8,337.5,0,0
1,2,6,7,1,22.5,0,0
1,2,6,7,2,67.5,250.952,17.4804
1,2,6,7,3,112.5,182.551,14.9558
1,2,6,7,4,157.5,1380.44,40.2709
1,2,6,7,5,202.5,417.924,25.4198
1,2,6,7,6,247.5,727.6,29.0731
1,2,6,7,7,292.5,250.34,16.8599
1,2,6,7,8,337.5,0,0
1,2,6,8,1,22.5,0,0
1,2,6,8,2,67.5,426.501,22.0038
1,2,6,8,3,112.5,232.4,18.7443
1,2,6,8,4,157.5,1440.79,40.4886
1,2,6,8,5,202.5,534.51,24.8
1,2,6,8,6,247.5,911.53,32.0703
1,2,6,8,7,292.5,235.377,16.8346
1,2,6,8,8,337.5,0,0
1,2,6,9,1,22.5,0,0
1,2,6,9,2,67.5,334.723,19.6532
1,2,6,9,3,112.5,238.768,16.011
1,2,6,9,4,157.5,902.436,35.0394
1,2,6,9,5,202.5,368.382,20.382
1,2,6,9,6,247.5,655.976,30.3654
1,2,6,9,7,292.5,142.156,13.0017
1,2,6,9,8,337.5,0,0
1,2,6,10,1,22.5,0,0
1,2,6,10,2,67.5,268.533,16.6996
1,2,6,10,3,112.5,215.196,15.549
1,2,6,10,4,157.5,725.918,28.3328
1,2,6,10,5,202.5,303.376,18.449
1,2,6,10,6,247.5,516.724,24.8551
1,2,6,10,7,292.5,106.48,10.835
1,2,6,10,8,337.5,0,0
1,2,6,11,1,22.5,38.5397,7.91883
1,2,6,11,2,67.5,223.767,15.4286
1,2,6,11,3,112.5,184.166,14.4916
1,2,6,11,4,157.5,631.157,25.7847
1,2,6,11,5,202.5,301.823,17.8703
1,2,6,11,6,247.5,439.141,22.3351
1,2,6,11,7,292.5,115.213,11.0937
1,2,6,11,8,337.5,29.5029,6.41004
1,2,7,1,1,22.5,0,0
1,2,7,1,2,67.5,36.788,6.97791
1,2,7,1,3,112.5,214.207,15.8199
1,2,7,1,4,157.5,343.687,20.2337
1,2,7,1,5,202.5,176.065,15.6324
1,2,7,1,6,247.5,0,0
1,2,7,1,7,292.5,0,0
1,2,7,1,8,337.5,0,0
1,2,7,2,1,22.5,0,0
1,2,7,2,2,67.5,0,0
1,2,7,2,3,112.5,236.398,17.174
1,2,7,2,4,157.5,598.383,26.3
1,2,7,2,5,202.5,239.907,16.9373
1,2,7,2,6,247.5,0,0
1,2,7,2,7,292.5,0,0
1,2,7,2,8,337.5,0,0
1,2,7,3,1,22.5,0,0
1,2,7,3,2,67.5,0,0
1,2,7,3,3,112.5,223.084,16.433
1,2,7,3,4,157.5,718.559,28.6635
1,2,7,3,5,202.5,264.542,17.4618
1,2,7,3,6,247.5,0,0
1,2,7,3,7,292.5,0,0
1,2,7,3,8,337.5,0,0
1,2,7,4,1,22.5,0,0
1,2,7,4,2,67.5,0,0
1,2,7,4,3,112.5,159.374,14.0945
1,2,7,4,4,157.5,651.367,27.3894
1,2,7,4,5,202.5,250.187,16.9371
1,2,7,4,6,247.5,0,0
1,2,7,4,7,292.5,16.3817,4.42064
1,2,7,4,8,337.5,0,0
1,2,7,5,1,22.5,0,0
1,2,7,5,2,67.5,0,0
1,2,7,5,3,112.5,278.914,17.4262
1,2,7,5,4,157.5,1190.71,42.7927
1,2,7,5,5,202.5,408.905,21.4235
1,2,7,5,6,247.5,154.99,13.1895
1,2,7,5,7,292.5,121.541,12.1869
1,2,7,5,8,337.5,0,0
1,2,7,6,1,22.5,0,0
1,2,7,6,2,67.5,20.3755,5.00406
1,2,7,6,3,112.5,157.602,13.2634
1,2,7,6,4,157.5,1001.23,33.6303
1,2,7,6,5,202.5,333.172,19.6156
1,2,7,6,6,247.5,266.38,17.4457
1,2,7,6,7,292.5,162.895,13.9013
1,2,7,6,8,337.5,0,0
1,2,7,7,1,22.5,0,0
1,2,7,7,2,67.5,83.4778,9.50807
1,2,7,7,3,112.5,128.056,11.8952
1,2,7,7,4,157.5,818.897,30.1577
1,2,7,7,5,202.5,280.829,17.2491
1,2,7,7,6,247.5,326.714,19.4445
1,2,7,7,7,292.5,197.681,14.7951
1,2,7,7,8,337.5,0,0
1,2,7,8,1,22.5,0,0
1,2,7,8,2,67.5,179.256,14.1471
1,2,7,8,3,112.5,110.623,11.6103
1,2,7,8,4,157.5,821.906,32.1956
1,2,7,8,5,202.5,306.905,18.716
1,2,7,8,6,247.5,478.968,23.5735
1,2,7,8,7,292.5,205.009,15.217
1,2,7,8,8,337.5,0,0
1,2,7,9,1,22.5,0,0
1,2,7,9,2,67.5,161.03,13.1596
1,2,7,9,3,112.5,92.6469,10.0626
1,2,7,9,4,157.5,512.43,23.8812
1,2,7,9,5,202.5,200.55,14.6646
1,2,7,9,6,247.5,351.952,19.6799
1,2,7,9,7,292.5,115.724,11.5032
1,2,7,9,8,337.5,0,0
1,2,7,10,1,22.5,0,0
1,2,7,10,2,67.5,130.926,11.8531
1,2,7,10,3,112.5,93.2412,10.0069
1,2,7,10,4,157.5,335.378,21.1215
1,2,7,10,5,202.5,132.787,12.3879
1,2,7,10,6,247.5,275.696,17.2522
1,2,7,10,7,292.5,52.2822,7.99902
1,2,7,10,8,337.5,0,0
1,2,7,11,1,22.5,0,0
1,2,7,11,2,67.5,72.1852,8.75869
1,2,7,11,3,112.5,38.2812,6.5783
1,2,7,11,4,157.5,150.717,14.0076
1,2,7,11,5,202.5,60.6199,8.16732
1,2,7,11,6,247.5,120.584,11.2633
1,2,7,11,7,292.5,23.9642,5.21573
1,2,7,11,8,337.5,0,0
1,2,8,1,1,22.5,0,0
1,2,8,1,2,67.5,19.4333,4.94531
1,2,8,1,3,112.5,75.8425,9.21731
1,2,8,1,4,157.5,113.619,11.6144
1,2,8,1,5,202.5,75.0755,9.189
1,2,8,1,6,247.5,0,0
1,2,8,1,7,292.5,0,0
1,2,8,1,8,337.5,0,0
1,2,8,2,1,22.5,0,0
1,2,8,2,2,67.5,0,0
1,2,8,2,3,112.5,106.443,10.6506
1,2,8,2,4,157.5,196.819,14.8886
1,2,8,2,5,202.5,88.766,10.126
1,2,8,2,6,247.5,0,0
1,2,8,2,7,292.5,0,0
1,2,8,2,8,337.5,0,0
1,2,8,3,1,22.5,0,0
1,2,8,3,2,67.5,0,0
1,2,8,3,3,112.5,104.435,10.5366
1,2,8,3,4,157.5,212.249,14.9341
1,2,8,3,5,202.5,86.4839,9.91301
1,2,8,3,6,247.5,0,0
1,2,8,3,7,292.5,0,0
1,2,8,3,8,337.5,0,0
1,2,8,4,1,22.5,0,0
1,2,8,4,2,67.5,0,0
1,2,8,4,3,112.5,71.2067,8.74956
1,2,8,4,4,157.5,224.055,15.5672
1,2,8,4,5,202.5,80.6107,9.67562
1,2,8,4,6,247.5,0,0
1,2,8,4,7,292.5,0,0
1,2,8,4,8,337.5,0,0
1,2,8,5,1,22.5,0,0
1,2,8,5,2,67.5,0,0
1,2,8,5,3,112.5,90.8978,9.90617
1,2,8,5,4,157.5,327.824,21.1225
1,2,8,5,5,202.5,125.329,11.7048
1,2,8,5,6,247.5,30.3613,6.04415
1,2,8,5,7,292.5,26.4092,5.49921
1,2,8,5,8,337.5,0,0
1,2,8,6,1,22.5,0,0
1,2,8,6,2,67.5,0,0
1,2,8,6,3,112.5,47.5349,7.28836
1,2,8,6,4,157.5,243.3,16.1704
1,2,8,6,5,202.5,71.8705,8.87647
1,2,8,6,6,247.5,64.9625,8.3149
1,2,8,6,7,292.5,24.3091,5.44595
1,2,8,6,8,337.5,0,0
1,2,8,7,1,22.5,0,0
1,2,8,7,2,67.5,0,0
1,2,8,7,3,112.5,23.5422,5.5419
1,2,8,7,4,157.5,119.711,11.2792
1,2,8,7,5,202.5,42.7587,7.015
1,2,8,7,6,247.5,44.5757,6.93832
1,2,8,7,7,292.5,20.0607,4.87078
1,2,8,7,8,337.5,0,0
1,2,8,8,1,22.5,0,0
1,2,8,8,2,67.5,0,0
1,2,8,8,3,112.5,0,0
1,2,8,8,4,157.5,92.7046,10.0908
1,2,8,8,5,202.5,30.7243,5.88264
1,2,8,8,6,247.5,32.5063,7.06811
1,2,8,8,7,292.5,11.3186,4.22863
1,2,8,8,8,337.5,0,0
1,2,8,9,1,22.5,0,0
1,2,8,9,2,67.5,0,0
1,2,8,9,3,112.5,0,0
1,2,8,9,4,157.5,0,0
1,2,8,9,5,202.5,0,0
1,2,8,9,6,247.5,0,0
1,2,8,9,7,292.5,0,0
1,2,8,9,8,337.5,0,0
1,2,8,10,1,22.5,0,0
1,2,8,10,2,67.5,0,0
1,2,8,10,3,112.5,0,0
1,2,8,10,4,157.5,0,0
1,2,8,10,5,202.5,0,0
1,2,8,10,6,247.5,0,0
1,2,8,10,7,292.5,0,0
1,2,8,10,8,337.5,0,0
1,2,8,11,1,22.5,0,0
1,2,8,11,2,67.5,0,0
1,2,8,11,3,112.5,0,0
1,2,8,11,4,157.5,0,0
1,2,8,11,5,202.5,0,0
1,2,8,11,6,247.5,0,0
1,2,8,11,7,292.5,0,0
1,2,8,11,8,337.5,0,0
2,3,1,1,1,22.5,275.84,60.7905
2,3,1,1,2,67.5,1177.94,105.251
2,3,1,1,3,112.5,2685.79,171.447
2,3,1,1,4,157.5,1260.68,193.324
2,3,1,1,5,202.5,1901.9,130.74
2,3,1,1,6,247.5,2421.2,139.382
2,3,1,1,7,292.5,592.864,73.9821
2,3,1,1,8,337.5,0,0
2,3,1,2,1,22.5,139.459,28.6327
2,3,1,2,2,67.5,1137.99,57.1074
2,3,1,2,3,112.5,1466.84,121.212
2,3,1,2,4,157.5,2467.08,108.451
2,3,1,2,5,202.5,1592.05,153.688
2,3,1,2,6,247.5,1621.58,147.637
2,3,1,2,7,292.5,1666.53,87.05
2,3,1,2,8,337.5,92.701,24.7442
2,3,1,3,1,22.5,163.609,20.5146
2,3,1,3,2,67.5,1264.13,62.1192
2,3,1,3,3,112.5,1294.52,66.391
2,3,1,3,4,157.5,1404.15,116.162
2,3,1,3,5,202.5,1105,67.9244
2,3,1,3,6,247.5,1671.92,75.332
2,3,1,3,7,292.5,1192.18,86.6653
2,3,1,3,8,337.5,133.057,24.1977
2,3,1,4,1,22.5,197.033,21.4429
2,3,1,4,2,67.5,825.592,45.9993
2,3,1,4,3,112.5,854.518,47.3896
2,3,1,4,4,157.5,608.981,45.8573
2,3,1,4,5,202.5,464.796,36.2071
2,3,1,4,6,247.5,946.688,68.6132
2,3,1,4,7,292.5,730.28,44.1566
2,3,1,4,8,337.5,194.864,21.5846
2,3,1,5,1,22.5,239.545,22.3937
2,3,1,5,2,67.5,678.924,39.2294
2,3,1,5,3,112.5,499.222,39.9572
2,3,1,5,4,157.5,165.154,25.9207
2,3,1,5,5,202.5,211.726,22.4751
2,3,1,5,6,247.5,565.309,37.2479
2,3,1,5,7,292.5,744.475,38.503
2,3,1,5,8,337.5,205.161,19.186
2,3,1,6,1,22.5,0,0
2,3,1,6,2,67.5,0,0
2,3,1,6,3,112.5,0,0
2,3,1,6,4,157.5,0,0
2,3,1,6,5,202.5,0,0
2,3,1,6,6,247.5,0,0
2,3,1,6,7,292.5,27.3093,6.80391
2,3,1,6,8,337.5,0,0
2,3,1,7,1,22.5,0,0
2,3,1,7,2,67.5,0,0
2,3,1,7,3,112.5,0,0
2,3,1,7,4,157.5,0,0
2,3,1,7,5,202.5,0,0
2,3,1,7,6,247.5,0,0
2,3,1,7,7,292.5,0,0
2,3,1,7,8,337.5,0,0
2,3,1,8,1,22.5,0,0
2,3,1,8,2,67.5,0,0
2,3,1,8,3,112.5,0,0
2,3,1,8,4,157.5,0,0
2,3,1,8,5,202.5,0,0
2,3,1,8,6,247.5,0,0
2,3,1,8,7,292.5,0,0
2,3,1,8,8,337.5,0,0
2,3,1,9,1,22.5,0,0
2,3,1,9,2,67.5,0,0
2,3,1,9,3,112.5,0,0
2,3,1,9,4,157.5,0,0
2,3,1,9,5,202.5,0,0
2,3,1,9,6,247.5,0,0
2,3,1,9,7,292.5,0,0
2,3,1,9,8,337.5,0,0
2,3,1,10,1,22.5,0,0
2,3,1,10,2,67.5,0,0
2,3,1,10,3,112.5,0,0
2,3,1,10,4,157.5,0,0
2,3,1,10,5,202.5,0,0
2,3,1,10,6,247.5,0,0
2,3,1,10,7,292.5,0,0
2,3,1,10,8,337.5,0,0
2,3,1,11,1,22.5,0,0
2,3,1,11,2,67.5,0,0
2,3,1,11,3,112.5,0,0
2,3,1,11,4,157.5,0,0
2,3,1,11,5,202.5,0,0
2,3,1,11,6,247.5,0,0
2,3,1,11,7,292.5,0,0
2,3,1,11,8,337.5,0,0
2,3,2,1,1,22.5,0,0
2,3,2,1,2,67.5,4441.26,92.2831
2,3,2,1,3,112.5,3313.95,129.869
2,3,2,1,4,157.5,5196.64,253.636
2,3,2,1,5,202.5,3500.34,153.185
2,3,2,1,6,247.5,4702.57,158.094
2,3,2,1,7,292.5,3042.29,163.473
2,3,2,1,8,337.5,0,0
2,3,2,2,1,22.5,248.326,54.3932
2,3,2,2,2,67.5,1686.81,92.2004
2,3,2,2,3,112.5,4330.26,151.657
2,3,2,2,4,157.5,9178.5,279.634
2,3,2,2,5,202.5,4811.64,149.143
2,3,2,2,6,247.5,4330.2,184.355
2,3,2,2,7,292.5,2832.59,87.9602
2,3,2,2,8,337.5,346.274,45.5278
2,3,2,3,1,22.5,710.386,46.8784
2,3,2,3,2,67.5,3136.62,84.1623
2,3,2,3,3,112.5,3538.96,125.897
2,3,2,3,4,157.5,7336.34,203.922
2,3,2,3,5,202.5,4050.53,115.371
2,3,2,3,6,247.5,5378.38,119.837
2,3,2,3,7,292.5,3184.7,114.241
2,3,2,3,8,337.5,365.633,30.9203
2,3,2,4,1,22.5,596.515,39.4256
2,3,2,4,2,67.5,3367.71,74.792
2,3,2,4,3,112.5,3115.27,85.302
2,3,2,4,4,157.5,4988.98,145.834
2,3,2,4,5,202.5,3050.42,89.7859
2,3,2,4,6,247.5,5212.18,106.796
2,3,2,4,7,292.5,2542.56,92.9124
2,3,2,4,8,337.5,358.439,32.1631
2,3,2,5,1,22.5,989.788,41.3729
2,3,2,5,2,67.5,4310.4,111.432
2,3,2,5,3,112.5,4345.1,93.1426
2,3,2,5,4,157.5,5279.77,135.128
2,3,2,5,5,202.5,3345.8,85.6442
2,3,2,5,6,247.5,6451.55,144.715
2,3,2,5,7,292.5,3233.08,102.598
2,3,2,5,8,337.5,737.785,37.2244
2,3,2,6,1,22.5,834.721,34.9681
2,3,2,6,2,67.5,2063.64,59.1581
2,3,2,6,3,112.5,2111.86,74.0642
2,3,2,6,4,157.5,1741.08,55.103
2,3,2,6,5,202.5,1163.88,50.6071
2,3,2,6,6,247.5,2746.81,69.5642
2,3,2,6,7,292.5,1895.6,53.7553
2,3,2,6,8,337.5,632.766,29.4215
2,3,2,7,1,22.5,438.017,23.5544
2,3,2,7,2,67.5,795.578,32.1328
2,3,2,7,3,112.5,896.752,34.4014
2,3,2,7,4,157.5,498.187,27.6632
2,3,2,7,5,202.5,371.948,29.8735
2,3,2,7,6,247.5,955.347,37.6387
2,3,2,7,7,292.5,843.809,33.5633
2,3,2,7,8,337.5,251.934,18.1306
2,3,2,8,1,22.5,191.095,15.0606
2,3,2,8,2,67.5,331.724,20.0071
2,3,2,8,3,112.5,290.231,19.7017
2,3,2,8,4,157.5,150.178,14.3853
2,3,2,8,5,202.5,104.701,11.4345
2,3,2,8,6,247.5,320.513,22.5751
2,3,2,8,7,292.5,380.793,22.3152
2,3,2,8,8,337.5,123.822,12.3171
2,3,2,9,1,22.5,0,0
2,3,2,9,2,67.5,0,0
2,3,2,9,3,112.5,41.3433,6.85016
2,3,2,9,4,157.5,0,0
2,3,2,9,5,202.5,0,0
2,3,2,9,6,247.5,0,0
2,3,2,9,7,292.5,0,0
2,3,2,9,8,337.5,0,0
2,3,2,10,1,22.5,0,0
2,3,2,10,2,67.5,0,0
2,3,2,10,3,112.5,0,0
2,3,2,10,4,157.5,0,0
2,3,2,10,5,202.5,0,0
2,3,2,10,6,247.5,0,0
2,3,2,10,7,292.5,0,0
2,3,2,10,8,337.5,0,0
2,3,2,11,1,22.5,0,0
2,3,2,11,2,67.5,0,0
2,3,2,11,3,112.5,0,0
2,3,2,11,4,157.5,0,0
2,3,2,11,5,202.5,0,0
2,3,2,11,6,247.5,0,0
2,3,2,11,7,292.5,0,0
2,3,2,11,8,337.5,0,0
2,3,3,1,1,22.5,259.947,24.8157
2,3,3,1,2,67.5,1265.51,61.8324
2,3,3,1,3,112.5,1742.1,106.236
2,3,3,1,4,157.5,4638.89,159.745
2,3,3,1,5,202.5,2453.98,89.9195
2,3,3,1,6,247.5,1695.24,71.6976
2,3,3,1,7,292.5,1579.14,63.5895
2,3,3,1,8,337.5,399.732,32.3268
2,3,3,2,1,22.5,0,0
2,3,3,2,2,67.5,1110.13,57.9566
2,3,3,2,3,112.5,1807.06,82.6161
2,3,3,2,4,157.5,6631.16,123.669
2,3,3,2,5,202.5,3303.05,102.391
2,3,3,2,6,247.5,1736.66,87.7474
2,3,3,2,7,292.5,737.76,42.6284
2,3,3,2,8,337.5,0,0
2,3,3,3,1,22.5,96.9947,13.0965
2,3,3,3,2,67.5,962.223,42.2476
2,3,3,3,3,112.5,1416.19,52.6034
2,3,3,3,4,157.5,6297.36,107.362
2,3,3,3,5,202.5,2957.99,81.1878
2,3,3,3,6,247.5,2368.55,71.7534
2,3,3,3,7,292.5,1640.59,58.6343
2,3,3,3,8,337.5,159.918,13.9294
2,3,3,4,1,22.5,253.553,17.5762
2,3,3,4,2,67.5,1468.38,49.7937
2,3,3,4,3,112.5,1235.84,47.6644
2,3,3,4,4,157.5,5379.33,100.746
2,3,3,4,5,202.5,2457.59,64.5436
2,3,3,4,6,247.5,2901.66,72.2294
2,3,3,4,7,292.5,1585.89,51.1121
2,3,3,4,8,337.5,182.622,15.2484
2,3,3,5,1,22.5,389.637,21.9366
2,3,3,5,2,67.5,3469.24,70.3039
2,3,3,5,3,112.5,2491.14,61.8106
2,3,3,5,4,157.5,7586.1,118.885
2,3,3,5,5,202.5,3654.25,74.5015
2,3,3,5,6,247.5,5672.68,93.5772
2,3,3,5,7,292.5,2326,62.1262
2,3,3,5,8,337.5,241.659,20.0201
2,3,3,6,1,22.5,285.8,20.7471
2,3,3,6,2,67.5,2360.91,55.5127
2,3,3,6,3,112.5,2170.33,54.3654
2,3,3,6,4,157.5,4282.5,96.763
2,3,3,6,5,202.5,2352.4,62.9994
2,3,3,6,6,247.5,4112.4,79.1415
2,3,3,6,7,292.5,1482.12,57.1606
2,3,3,6,8,337.5,341.775,22.9058
2,3,3,7,1,22.5,360.958,22.2472
2,3,3,7,2,67.5,1331.66,41.4289
2,3,3,7,3,112.5,1539.39,44.2682
2,3,3,7,4,157.5,2429.29,59.9983
2,3,3,7,5,202.5,1190.54,40.2141
2,3,3,7,6,247.5,2369.42,58.7768
2,3,3,7,7,292.5,965.428,41.7251
2,3,3,7,8,337.5,300.224,20.1617
2,3,3,8,1,22.5,483.767,24.3638
2,3,3,8,2,67.5,942.068,34.2473
2,3,3,8,3,112.5,1297.51,39.8353
2,3,3,8,4,157.5,1455.42,44.1089
2,3,3,8,5,202.5,969.385,35.8085
2,3,3,8,6,247.5,1776.48,56.5389
2,3,3,8,7,292.5,835.085,32.2438
2,3,3,8,8,337.5,359.605,20.1777
2,3,3,9,1,22.5,262.811,17.9101
2,3,3,9,2,67.5,384.051,21.1757
2,3,3,9,3,112.5,537.645,24.9622
2,3,3,9,4,157.5,455.343,23.0877
2,3,3,9,5,202.5,295.911,19.1903
2,3,3,9,6,247.5,570.392,32.4618
2,3,3,9,7,292.5,460.067,23.5195
2,3,3,9,8,337.5,135.841,12.335
2,3,3,10,1,22.5,105.235,10.7826
2,3,3,10,2,67.5,156.072,13.2208
2,3,3,10,3,112.5,192.86,14.622
2,3,3,10,4,157.5,145.403,12.5857
2,3,3,10,5,202.5,109.54,11.2331
2,3,3,10,6,247.5,230.254,17.0756
2,3,3,10,7,292.5,186.464,14.6447
2,3,3,10,8,337.5,65.9062,8.86321
2,3,3,11,1,22.5,18.5604,4.82713
2,3,3,11,2,67.5,43.5468,7.00443
2,3,3,11,3,112.5,39.2113,6.56101
2,3,3,11,4,157.5,25.1974,5.85215
2,3,3,11,5,202.5,15.722,5.20408
2,3,3,11,6,247.5,47.2021,7.28446
2,3,3,11,7,292.5,29.017,6.15092
2,3,3,11,8,337.5,0,0
2,3,4,1,1,22.5,122.017,15.319
2,3,4,1,2,67.5,338.808,35.5356
2,3,4,1,3,112.5,1450.6,72.2352
2,3,4,1,4,157.5,3086.81,77.3535
2,3,4,1,5,202.5,1743.43,58.2004
2,3,4,1,6,247.5,301.728,31.3778
2,3,4,1,7,292.5,274.059,25.5604
2,3,4,1,8,337.5,136.207,15.4281
2,3,4,2,1,22.5,42.9769,7.56112
2,3,4,2,2,67.5,219.177,20.3104
2,3,4,2,3,112.5,997.719,44.5072
2,3,4,2,4,157.5,4334.28,85.6721
2,3,4,2,5,202.5,1765.23,70.4321
2,3,4,2,6,247.5,259.53,30.5995
2,3,4,2,7,292.5,306.057,32.8891
2,3,4,2,8,337.5,0,0
2,3,4,3,1,22.5,0,0
2,3,4,3,2,67.5,146.444,16.5768
2,3,4,3,3,112.5,622.155,31.7179
2,3,4,3,4,157.5,3888.05,77.0847
2,3,4,3,5,202.5,1749.04,49.4298
2,3,4,3,6,247.5,673.168,37.7778
2,3,4,3,7,292.5,629.093,33.4503
2,3,4,3,8,337.5,0,0
2,3,4,4,1,22.5,0,0
2,3,4,4,2,67.5,419.561,26.4958
2,3,4,4,3,112.5,474.19,27.7187
2,3,4,4,4,157.5,3483.42,76.3298
2,3,4,4,5,202.5,1557.68,48.9639
2,3,4,4,6,247.5,960.364,38.4518
2,3,4,4,7,292.5,887.215,39.0898
2,3,4,4,8,337.5,0,0
2,3,4,5,1,22.5,53.9585,7.98828
2,3,4,5,2,67.5,1609.52,47.0137
2,3,4,5,3,112.5,872.502,36.8364
2,3,4,5,4,157.5,5421.59,85.8843
2,3,4,5,5,202.5,2555.38,62.884
2,3,4,5,6,247.5,2651.88,70.6657
2,3,4,5,7,292.5,1705.87,48.4694
2,3,4,5,8,337.5,55.495,8.52504
2,3,4,6,1,22.5,49.6655,8.6505
2,3,4,6,2,67.5,1605.14,44.839
2,3,4,6,3,112.5,947.077,36.7051
2,3,4,6,4,157.5,3670.85,71.8777
2,3,4,6,5,202.5,1885.36,49.5451
2,3,4,6,6,247.5,2480.82,57.6419
2,3,4,6,7,292.5,1080.34,36.3633
2,3,4,6,8,337.5,60.014,8.88402
2,3,4,7,1,22.5,40.5942,7.58582
2,3,4,7,2,67.5,1250.21,39.1669
2,3,4,7,3,112.5,795.281,30.5522
2,3,4,7,4,157.5,2682.33,57.246
2,3,4,7,5,202.5,1240.56,40.2261
2,3,4,7,6,247.5,1987.31,49.4864
2,3,4,7,7,292.5,620.239,27.8766
2,3,4,7,8,337.5,86.8024,10.4282
2,3,4,8,1,22.5,118.87,11.7744
2,3,4,8,2,67.5,1002.67,33.6603
2,3,4,8,3,112.5,948.398,34.5822
2,3,4,8,4,157.5,2217.27,57.8321
2,3,4,8,5,202.5,1171.4,38.1094
2,3,4,8,6,247.5,1861.91,47.4827
2,3,4,8,7,292.5,518.841,24.8326
2,3,4,8,8,337.5,167.836,13.8347
2,3,4,9,1,22.5,133.359,12.2508
2,3,4,9,2,67.5,472.067,22.888
2,3,4,9,3,112.5,637.342,26.6778
2,3,4,9,4,157.5,1103.74,35.38
2,3,4,9,5,202.5,631.528,27.4047
2,3,4,9,6,247.5,904.551,33.7154
2,3,4,9,7,292.5,307.756,18.5424
2,3,4,9,8,337.5,144.034,12.522
2,3,4,10,1,22.5,120.805,11.7198
2,3,4,10,2,67.5,273.454,17.234
2,3,4,10,3,112.5,335.008,19.5752
2,3,4,10,4,157.5,619.104,26.6551
2,3,4,10,5,202.5,371.318,21.0402
2,3,4,10,6,247.5,535.215,25.0483
2,3,4,10,7,292.5,217.242,15.5795
2,3,4,10,8,337.5,96.5039,10.2296
2,3,4,11,1,22.5,97.653,10.3532
2,3,4,11,2,67.5,132.612,12.179
2,3,4,11,3,112.5,177.771,13.7826
2,3,4,11,4,157.5,288.733,17.8919
2,3,4,11,5,202.5,172.878,13.6748
2,3,4,11,6,247.5,274.159,17.4088
2,3,4,11,7,292.5,153.45,12.9416
2,3,4,11,8,337.5,55.1726,7.6879
2,3,5,1,1,22.5,86.4498,12.0403
2,3,5,1,2,67.5,269.004,23.4617
2,3,5,1,3,112.5,1053.2,47.4277
2,3,5,1,4,157.5,1987.09,53.894
2,3,5,1,5,202.5,1207.43,42.826
2,3,5,1,6,247.5,225.069,20.0895
2,3,5,1,7,292.5,55.1775,10.4635
2,3,5,1,8,337.5,61.0316,10.3351
2,3,5,2,1,22.5,0,0
2,3,5,2,2,67.5,0,0
2,3,5,2,3,112.5,772.33,40.5525
2,3,5,2,4,157.5,2535.24,59.8169
2,3,5,2,5,202.5,1191.04,48.5902
2,3,5,2,6,247.5,86.6737,12.6942
2,3,5,2,7,292.5,0,0
2,3,5,2,8,337.5,0,0
2,3,5,3,1,22.5,0,0
2,3,5,3,2,67.5,0,0
2,3,5,3,3,112.5,530.972,26.5162
2,3,5,3,4,157.5,2239.44,65.0874
2,3,5,3,5,202.5,1098.57,46.211
2,3,5,3,6,247.5,113.153,18.9492
2,3,5,3,7,292.5,185.943,17.6606
2,3,5,3,8,337.5,0,0
2,3,5,4,1,22.5,0,0
2,3,5,4,2,67.5,53.218,9.64415
2,3,5,4,3,112.5,377.05,21.8474
2,3,5,4,4,157.5,2103.39,52.9093
2,3,5,4,5,202.5,965.691,41.9797
2,3,5,4,6,247.5,273.973,19.0368
2,3,5,4,7,292.5,364.183,22.5344
2,3,5,4,8,337.5,0,0
2,3,5,5,1,22.5,0,0
2,3,5,5,2,67.5,369.439,27.5777
2,3,5,5,3,112.5,492.962,25.2921
2,3,5,5,4,157.5,3307.71,73.4438
2,3,5,5,5,202.5,1626.41,45.5402
2,3,5,5,6,247.5,1036.58,37.1556
2,3,5,5,7,292.5,1037.92,36.7856
2,3,5,5,8,337.5,0,0
2,3,5,6,1,22.5,0,0
2,3,5,6,2,67.5,749.75,30.272
2,3,5,6,3,112.5,446.96,23.1765
2,3,5,6,4,157.5,2597.05,62.9699
2,3,5,6,5,202.5,1171.59,38.2363
2,3,5,6,6,247.5,1135.81,42.2371
2,3,5,6,7,292.5,905.16,33.3393
2,3,5,6,8,337.5,0,0
2,3,5,7,1,22.5,0,0
2,3,5,7,2,67.5,789.665,30.2918
2,3,5,7,3,112.5,417.051,21.9238
2,3,5,7,4,157.5,1907.03,48.4881
2,3,5,7,5,202.5,827.125,36.6664
2,3,5,7,6,247.5,1074.72,36.267
2,3,5,7,7,292.5,588.741,28.5119
2,3,5,7,8,337.5,0,0
2,3,5,8,1,22.5,0,0
2,3,5,8,2,67.5,823.772,30.5934
2,3,5,8,3,112.5,481.876,25.9
2,3,5,8,4,157.5,1773.88,45.9975
2,3,5,8,5,202.5,920.401,32.5272
2,3,5,8,6,247.5,1219.8,37.8423
2,3,5,8,7,292.5,464.308,22.9746
2,3,5,8,8,337.5,0,0
2,3,5,9,1,22.5,0,0
2,3,5,9,2,67.5,451.615,21.9524
2,3,5,9,3,112.5,334.78,20.0685
2,3,5,9,4,157.5,1098.87,38.5483
2,3,5,9,5,202.5,560.693,25.9601
2,3,5,9,6,247.5,785.858,29.8673
2,3,5,9,7,292.5,202.222,14.9567
2,3,5,9,8,337.5,44.6345,7.18786
2,3,5,10,1,22.5,39.1763,6.77124
2,3,5,10,2,67.5,281.575,17.2443
2,3,5,10,3,112.5,355.643,19.3686
2,3,5,10,4,157.5,701.922,30.4748
2,3,5,10,5,202.5,406.026,21.1113
2,3,5,10,6,247.5,587.342,25.3269
2,3,5,10,7,292.5,156.661,13.067
2,3,5,10,8,337.5,70.984,8.64447
2,3,5,11,1,22.5,66.8754,8.56124
2,3,5,11,2,67.5,146.141,12.581
2,3,5,11,3,112.5,204.989,14.9987
2,3,5,11,4,157.5,441.638,21.7068
2,3,5,11,5,202.5,283.46,17.2126
2,3,5,11,6,247.5,357.96,19.4668
2,3,5,11,7,292.5,100.456,10.5016
2,3,5,11,8,337.5,46.8542,7.35844
2,3,6,1,1,22.5,114.841,14.7574
2,3,6,1,2,67.5,267.394,18.6176
2,3,6,1,3,112.5,741.255,35.6594
2,3,6,1,4,157.5,1222.07,39.3588
2,3,6,1,5,202.5,771.11,31.9869
2,3,6,1,6,247.5,191.128,16.4445
2,3,6,1,7,292.5,60.6667,9.08553
2,3,6,1,8,337.5,50.447,8.32574
2,3,6,2,1,22.5,0,0
2,3,6,2,2,67.5,48.5166,7.76514
2,3,6,2,3,112.5,630.061,28.1029
2,3,6,2,4,157.5,1515.5,43.3043
2,3,6,2,5,202.5,834.158,32.2658
2,3,6,2,6,247.5,40.3881,7.19153
2,3,6,2,7,292.5,0,0
2,3,6,2,8,337.5,0,0
2,3,6,3,1,22.5,0,0
2,3,6,3,2,67.5,0,0
2,3,6,3,3,112.5,454.219,23.3011
2,3,6,3,4,157.5,1472.28,43.3686
2,3,6,3,5,202.5,713.256,29.5796
2,3,6,3,6,247.5,32.0358,6.59309
2,3,6,3,7,292.5,48.7674,7.90964
2,3,6,3,8,337.5,0,0
2,3,6,4,1,22.5,0,0
2,3,6,4,2,67.5,0,0
2,3,6,4,3,112.5,280.968,20.5115
2,3,6,4,4,157.5,1254.81,39.8892
2,3,6,4,5,202.5,638.793,28.0005
2,3,6,4,6,247.5,69.9059,9.45964
2,3,6,4,7,292.5,114.84,12.1768
2,3,6,4,8,337.5,0,0
2,3,6,5,1,22.5,0,0
2,3,6,5,2,67.5,62.2621,9.22133
2,3,6,5,3,112.5,438.057,24.2059
2,3,6,5,4,157.5,2161.79,56.7419
2,3,6,5,5,202.5,1029.05,36.0953
2,3,6,5,6,247.5,358.142,20.0418
2,3,6,5,7,292.5,492.36,24.61
2,3,6,5,8,337.5,0,0
2,3,6,6,1,22.5,0,0
2,3,6,6,2,67.5,225.38,15.8679
2,3,6,6,3,112.5,228.36,16.4532
2,3,6,6,4,157.5,1587.12,47.6845
2,3,6,6,5,202.5,758.605,29.2358
2,3,6,6,6,247.5,512.26,24.8613
2,3,6,6,7,292.5,561.465,25.743
2,3,6,6,8,337.5,0,0
2,3,6,7,1,22.5,0,0
2,3,6,7,2,67.5,318.496,19.2384
2,3,6,7,3,112.5,238.519,16.256
2,3,6,7,4,157.5,1263.58,37.7567
2,3,6,7,5,202.5,618.399,26.1611
2,3,6,7,6,247.5,576.448,25.8131
2,3,6,7,7,292.5,431.911,25.2965
2,3,6,7,8,337.5,0,0
2,3,6,8,1,22.5,0,0
2,3,6,8,2,67.5,530.579,24.0308
2,3,6,8,3,112.5,254.333,16.7972
2,3,6,8,4,157.5,1322.67,38.4586
2,3,6,8,5,202.5,624.294,26.0782
2,3,6,8,6,247.5,769.589,29.2949
2,3,6,8,7,292.5,478.936,23.1039
2,3,6,8,8,337.5,0,0
2,3,6,9,1,22.5,0,0
2,3,6,9,2,67.5,359.489,21.05
2,3,6,9,3,112.5,189.333,14.3439
2,3,6,9,4,157.5,851.975,30.1592
2,3,6,9,5,202.5,348.683,21.9509
2,3,6,9,6,247.5,530.168,24.1551
2,3,6,9,7,292.5,212.149,15.4877
2,3,6,9,8,337.5,0,0
2,3,6,10,1,22.5,0,0
2,3,6,10,2,67.5,233.622,15.7206
2,3,6,10,3,112.5,171.745,13.4743
2,3,6,10,4,157.5,578.832,24.9948
2,3,6,10,5,202.5,314.781,18.2214
2,3,6,10,6,247.5,406.477,20.9482
2,3,6,10,7,292.5,127.394,11.7566
2,3,6,10,8,337.5,17.3235,4.73592
2,3,6,11,1,22.5,16.0123,4.42489
2,3,6,11,2,67.5,117.297,11.1973
2,3,6,11,3,112.5,85.935,9.67386
2,3,6,11,4,157.5,306.726,18.0149
2,3,6,11,5,202.5,174.079,13.4639
2,3,6,11,6,247.5,257.44,16.5208
2,3,6,11,7,292.5,60.5966,8.11161
2,3,6,11,8,337.5,26.0558,5.35066
2,3,7,1,1,22.5,115.565,11.7027
2,3,7,1,2,67.5,248.728,17.2126
2,3,7,1,3,112.5,568.185,25.5893
2,3,7,1,4,157.5,775.024,29.8016
2,3,7,1,5,202.5,457.195,27.1376
2,3,7,1,6,247.5,155.682,13.8108
2,3,7,1,7,292.5,53.7698,7.92617
2,3,7,1,8,337.5,47.1387,7.97397
2,3,7,2,1,22.5,0,0
2,3,7,2,2,67.5,73.6835,9.33858
2,3,7,2,3,112.5,510.814,24.3214
2,3,7,2,4,157.5,875.145,32.0679
2,3,7,2,5,202.5,497.361,23.9847
2,3,7,2,6,247.5,56.1116,7.97609
2,3,7,2,7,292.5,0,0
2,3,7,2,8,337.5,0,0
2,3,7,3,1,22.5,0,0
2,3,7,3,2,67.5,0,0
2,3,7,3,3,112.5,369.359,20.5946
2,3,7,3,4,157.5,907.497,32.3336
2,3,7,3,5,202.5,453.775,24.1898
2,3,7,3,6,247.5,25.8704,5.92409
2,3,7,3,7,292.5,0,0
2,3,7,3,8,337.5,0,0
2,3,7,4,1,22.5,0,0
2,3,7,4,2,67.5,0,0
2,3,7,4,3,112.5,273.293,17.613
2,3,7,4,4,157.5,751.487,29.0629
2,3,7,4,5,202.5,416.587,21.4633
2,3,7,4,6,247.5,0,0
2,3,7,4,7,292.5,25.6779,6.39535
2,3,7,4,8,337.5,0,0
2,3,7,5,1,22.5,0,0
2,3,7,5,2,67.5,0,0
2,3,7,5,3,112.5,381.837,20.6801
2,3,7,5,4,157.5,1394.79,39.1426
2,3,7,5,5,202.5,612.079,25.9961
2,3,7,5,6,247.5,107.986,11.0256
2,3,7,5,7,292.5,165.44,14.6375
2,3,7,5,8,337.5,0,0
2,3,7,6,1,22.5,0,0
2,3,7,6,2,67.5,0,0
2,3,7,6,3,112.5,204.132,14.9003
2,3,7,6,4,157.5,1004.74,33.5749
2,3,7,6,5,202.5,434.318,22.3382
2,3,7,6,6,247.5,222.888,15.3595
2,3,7,6,7,292.5,291.007,18.2526
2,3,7,6,8,337.5,0,0
2,3,7,7,1,22.5,0,0
2,3,7,7,2,67.5,136.548,12.5051
2,3,7,7,3,112.5,121.888,11.9582
2,3,7,7,4,157.5,756.958,28.7365
2,3,7,7,5,202.5,296.991,18.1301
2,3,7,7,6,247.5,254.018,16.7035
2,3,7,7,7,292.5,287.881,17.671
2,3,7,7,8,337.5,0,0
2,3,7,8,1,22.5,0,0
2,3,7,8,2,67.5,191.769,14.1544
2,3,7,8,3,112.5,124.572,11.49
2,3,7,8,4,157.5,623.127,25.9889
2,3,7,8,5,202.5,300.328,17.7736
2,3,7,8,6,247.5,314.93,18.2865
2,3,7,8,7,292.5,232.124,15.8082
2,3,7,8,8,337.5,0,0
2,3,7,9,1,22.5,0,0
2,3,7,9,2,67.5,100.028,10.323
2,3,7,9,3,112.5,63.1597,8.16119
2,3,7,9,4,157.5,283.126,17.4025
2,3,7,9,5,202.5,134.892,11.9836
2,3,7,9,6,247.5,207.834,14.7027
2,3,7,9,7,292.5,80.2269,9.61167
2,3,7,9,8,337.5,0,0
2,3,7,10,1,22.5,0,0
2,3,7,10,2,67.5,49.5151,7.43582
2,3,7,10,3,112.5,0,0
2,3,7,10,4,157.5,122.928,11.391
2,3,7,10,5,202.5,56.6057,7.89645
2,3,7,10,6,247.5,103.601,10.5182
2,3,7,10,7,292.5,24.4044,5.4015
2,3,7,10,8,337.5,0,0
2,3,7,11,1,22.5,0,0
2,3,7,11,2,67.5,0,0
2,3,7,11,3,112.5,0,0
2,3,7,11,4,157.5,31.4718,5.97508
2,3,7,11,5,202.5,13.7414,4.02049
2,3,7,11,6,247.5,0,0
2,3,7,11,7,292.5,0,0
2,3,7,11,8,337.5,0,0
2,3,8,1,1,22.5,41.5704,6.8593
2,3,8,1,2,67.5,88.0475,9.68999
2,3,8,1,3,112.5,214.242,15.7982
2,3,8,1,4,157.5,238.355,16.0466
2,3,8,1,5,202.5,172.601,13.4711
2,3,8,1,6,247.5,57.4847,7.8471
2,3,8,1,7,292.5,19.0553,4.95916
2,3,8,1,8,337.5,23.7351,5.24392
2,3,8,2,1,22.5,0,0
2,3,8,2,2,67.5,0,0
2,3,8,2,3,112.5,158.33,13.2741
2,3,8,2,4,157.5,218.379,15.4021
2,3,8,2,5,202.5,123.268,11.585
2,3,8,2,6,247.5,0,0
2,3,8,2,7,292.5,0,0
2,3,8,2,8,337.5,0,0
2,3,8,3,1,22.5,0,0
2,3,8,3,2,67.5,0,0
2,3,8,3,3,112.5,108.02,10.7141
2,3,8,3,4,157.5,167.43,14.1143
2,3,8,3,5,202.5,102.201,10.3714
2,3,8,3,6,247.5,0,0
2,3,8,3,7,292.5,0,0
2,3,8,3,8,337.5,0,0
2,3,8,4,1,22.5,0,0
2,3,8,4,2,67.5,0,0
2,3,8,4,3,112.5,68.6829,8.60985
2,3,8,4,4,157.5,153.456,12.7916
2,3,8,4,5,202.5,82.488,9.65038
2,3,8,4,6,247.5,0,0
2,3,8,4,7,292.5,0,0
2,3,8,4,8,337.5,0,0
2,3,8,5,1,22.5,0,0
2,3,8,5,2,67.5,0,0
2,3,8,5,3,112.5,67.9885,8.67007
2,3,8,5,4,157.5,181.192,13.9174
2,3,8,5,5,202.5,67.054,8.69637
2,3,8,5,6,247.5,20.7635,5.48825
2,3,8,5,7,292.5,18.0316,4.73157
2,3,8,5,8,337.5,0,0
2,3,8,6,1,22.5,0,0
2,3,8,6,2,67.5,0,0
2,3,8,6,3,112.5,0,0
2,3,8,6,4,157.5,83.8515,9.48938
2,3,8,6,5,202.5,39.1916,6.56448
2,3,8,6,6,247.5,26.8789,5.45894
2,3,8,6,7,292.5,0,0
2,3,8,6,8,337.5,0,0
2,3,8,7,1,22.5,0,0
2,3,8,7,2,67.5,0,0
2,3,8,7,3,112.5,0,0
2,3,8,7,4,157.5,37.9604,6.45817
2,3,8,7,5,202.5,0,0
2,3,8,7,6,247.5,0,0
2,3,8,7,7,292.5,0,0
2,3,8,7,8,337.5,0,0
2,3,8,8,1,22.5,0,0
2,3,8,8,2,67.5,0,0
2,3,8,8,3,112.5,0,0
2,3,8,8,4,157.5,0,0
2,3,8,8,5,202.5,0,0
2,3,8,8,6,247.5,0,0
2,3,8,8,7,292.5,0,0
2,3,8,8,8,337.5,0,0
2,3,8,9,1,22.5,0,0
2,3,8,9,2,67.5,0,0
2,3,8,9,3,112.5,0,0
2,3,8,9,4,157.5,0,0
2,3,8,9,5,202.5,0,0
2,3,8,9,6,247.5,0,0
2,3,8,9,7,292.5,0,0
2,3,8,9,8,337.5,0,0
2,3,8,10,1,22.5,0,0
2,3,8,10,2,67.5,0,0
2,3,8,10,3,112.5,0,0
2,3,8,10,4,157.5,0,0
2,3,8,10,5,202.5,0,0
2,3,8,10,6,247.5,0,0
2,3,8,10,7,292.5,0,0
2,3,8,10,8,337.5,0,0
2,3,8,11,1,22.5,0,0
2,3,8,11,2,67.5,0,0
2,3,8,11,3,112.5,0,0
2,3,8,11,4,157.5,0,0
2,3,8,11,5,202.5,0,0
2,3,8,11,6,247.5,0,0
2,3,8,11,7,292.5,0,0
2,3,8,11,8,337.5,0,0
3,4,1,1,1,22.5,0,0
3,4,1,1,2,67.5,228.265,45.2354
3,4,1,1,3,112.5,582.68,94.9859
3,4,1,1,4,157.5,300.99,44.2212
3,4,1,1,5,202.5,360.894,78.5219
3,4,1,1,6,247.5,518.156,53.7188
3,4,1,1,7,292.5,208.73,42.0219
3,4,1,1,8,337.5,0,0
3,4,1,2,1,22.5,61.5935,18.61
3,4,1,2,2,67.5,235.485,25.0977
3,4,1,2,3,112.5,313.189,37.7994
3,4,1,2,4,157.5,543.8,53.9954
3,4,1,2,5,202.5,367.259,46.1872
3,4,1,2,6,247.5,311.043,35.2584
3,4,1,2,7,292.5,378.371,33.453
3,4,1,2,8,337.5,53.6778,13.184
3,4,1,3,1,22.5,58.3709,11.4406
3,4,1,3,2,67.5,283.898,27.0505
3,4,1,3,3,112.5,298.093,28.7584
3,4,1,3,4,157.5,165.012,23.5685
3,4,1,3,5,202.5,138.652,20.2863
3,4,1,3,6,247.5,382.382,31.6682
3,4,1,3,7,292.5,237.074,29.0295
3,4,1,3,8,337.5,0,0
3,4,1,4,1,22.5,0,0
3,4,1,4,2,67.5,278.369,23.4924
3,4,1,4,3,112.5,154.366,19.1297
3,4,1,4,4,157.5,0,0
3,4,1,4,5,202.5,0,0
3,4,1,4,6,247.5,150.723,18.0369
3,4,1,4,7,292.5,187.122,19.064
3,4,1,4,8,337.5,0,0
3,4,1,5,1,22.5,35.7627,7.79146
3,4,1,5,2,67.5,96.4332,16.4288
3,4,1,5,3,112.5,30.6444,7.223
3,4,1,5,4,157.5,0,0
3,4,1,5,5,202.5,0,0
3,4,1,5,6,247.5,28.426,7.8676
3,4,1,5,7,292.5,122.644,14.439
3,4,1,5,8,337.5,0,0
3,4,1,6,1,22.5,0,0
3,4,1,6,2,67.5,0,0
3,4,1,6,3,112.5,0,0
3,4,1,6,4,157.5,0,0
3,4,1,6,5,202.5,0,0
3,4,1,6,6,247.5,0,0
3,4,1,6,7,292.5,0,0
3,4,1,6,8,337.5,0,0
3,4,1,7,1,22.5,0,0
3,4,1,7,2,67.5,0,0
3,4,1,7,3,112.5,0,0
3,4,1,7,4,157.5,0,0
3,4,1,7,5,202.5,0,0
3,4,1,7,6,247.5,0,0
3,4,1,7,7,292.5,0,0
3,4,1,7,8,337.5,0,0
3,4,1,8,1,22.5,0,0
3,4,1,8,2,67.5,0,0
3,4,1,8,3,112.5,0,0
3,4,1,8,4,157.5,0,0
3,4,1,8,5,202.5,0,0
3,4,1,8,6,247.5,0,0
3,4,1,8,7,292.5,0,0
3,4,1,8,8,337.5,0,0
3,4,1,9,1,22.5,0,0
3,4,1,9,2,67.5,0,0
3,4,1,9,3,112.5,0,0
3,4,1,9,4,157.5,0,0
3,4,1,9,5,202.5,0,0
3,4,1,9,6,247.5,0,0
3,4,1,9,7,292.5,0,0
3,4,1,9,8,337.5,0,0
3,4,1,10,1,22.5,0,0
3,4,1,10,2,67.5,0,0
3,4,1,10,3,112.5,0,0
3,4,1,10,4,157.5,0,0
3,4,1,10,5,202.5,0,0
3,4,1,10,6,247.5,0,0
3,4,1,10,7,292.5,0,0
3,4,1,10,8,337.5,0,0
3,4,1,11,1,22.5,0,0
3,4,1,11,2,67.5,0,0
3,4,1,11,3,112.5,0,0
3,4,1,11,4,157.5,0,0
3,4,1,11,5,202.5,0,0
3,4,1,11,6,247.5,0,0
3,4,1,11,7,292.5,0,0
3,4,1,11,8,337.5,0,0
3,4,2,1,1,22.5,300.567,56.8715
3,4,2,1,2,67.5,3001.55,136.274
3,4,2,1,3,112.5,2965.71,169.482
3,4,2,1,4,157.5,4986.73,248.802
3,4,2,1,5,202.5,3159.08,216.315
3,4,2,1,6,247.5,2816.03,119.956
3,4,2,1,7,292.5,3075.25,114.672
3,4,2,1,8,337.5,444.028,71.3699
3,4,2,2,1,22.5,222.288,30.3257
3,4,2,2,2,67.5,1204.08,57.9267
3,4,2,2,3,112.5,2797.75,120.697
3,4,2,2,4,157.5,5005.73,185.842
3,4,2,2,5,202.5,3350.48,114.908
3,4,2,2,6,247.5,2718.44,137.87
3,4,2,2,7,292.5,1727.65,79.0323
3,4,2,2,8,337.5,302.05,38.6453
3,4,2,3,1,22.5,672.899,30.9515
3,4,2,3,2,67.5,2074.6,67.3055
3,4,2,3,3,112.5,2167.2,104.397
3,4,2,3,4,157.5,3433.28,119.896
3,4,2,3,5,202.5,2234.42,83.4611
3,4,2,3,6,247.5,3025.41,83.6537
3,4,2,3,7,292.5,2201,79.1454
3,4,2,3,8,337.5,357.262,23.7518
3,4,2,4,1,22.5,397.405,24.4439
3,4,2,4,2,67.5,2083.46,67.3369
3,4,2,4,3,112.5,1674.74,59.6812
3,4,2,4,4,157.5,1651.61,89.1496
3,4,2,4,5,202.5,1122.17,52.9869
3,4,2,4,6,247.5,2490.88,70.5515
3,4,2,4,7,292.5,1813.55,63.9872
3,4,2,4,8,337.5,243.407,24.5364
3,4,2,5,1,22.5,577.811,30.2666
3,4,2,5,2,67.5,2623.85,68.5579
3,4,2,5,3,112.5,2023.09,58.5422
3,4,2,5,4,157.5,1237.38,47.0954
3,4,2,5,5,202.5,801.816,39.2219
3,4,2,5,6,247.5,2700.82,70.3809
3,4,2,5,7,292.5,1910.51,59.8714
3,4,2,5,8,337.5,502.129,29.6249
3,4,2,6,1,22.5,363.231,23.4787
3,4,2,6,2,67.5,1019.6,37.594
3,4,2,6,3,112.5,606.031,30.238
3,4,2,6,4,157.5,160.467,16.5307
3,4,2,6,5,202.5,125.337,13.3443
3,4,2,6,6,247.5,757.216,33.6126
3,4,2,6,7,292.5,828.398,34.4857
3,4,2,6,8,337.5,446.92,24.9384
3,4,2,7,1,22.5,194.804,15.2588
3,4,2,7,2,67.5,298.147,19.08
3,4,2,7,3,112.5,162.839,14.3029
3,4,2,7,4,157.5,0,0
3,4,2,7,5,202.5,0,0
3,4,2,7,6,247.5,138.314,14.998
3,4,2,7,7,292.5,270.692,19.5029
3,4,2,7,8,337.5,124.294,12.225
3,4,2,8,1,22.5,46.2606,7.29484
3,4,2,8,2,67.5,61.2661,8.45261
3,4,2,8,3,112.5,0,0
3,4,2,8,4,157.5,0,0
3,4,2,8,5,202.5,0,0
3,4,2,8,6,247.5,0,0
3,4,2,8,7,292.5,71.4433,9.1888
3,4,2,8,8,337.5,0,0
3,4,2,9,1,22.5,0,0
3,4,2,9,2,67.5,0,0
3,4,2,9,3,112.5,0,0
3,4,2,9,4,157.5,0,0
3,4,2,9,5,202.5,0,0
3,4,2,9,6,247.5,0,0
3,4,2,9,7,292.5,0,0
3,4,2,9,8,337.5,0,0
3,4,2,10,1,22.5,0,0
3,4,2,10,2,67.5,0,0
3,4,2,10,3,112.5,0,0
3,4,2,10,4,157.5,0,0
3,4,2,10,5,202.5,0,0
3,4,2,10,6,247.5,0,0
3,4,2,10,7,292.5,0,0
3,4,2,10,8,337.5,0,0
3,4,2,11,1,22.5,0,0
3,4,2,11,2,67.5,0,0
3,4,2,11,3,112.5,0,0
3,4,2,11,4,157.5,0,0
3,4,2,11,5,202.5,0,0
3,4,2,11,6,247.5,0,0
3,4,2,11,7,292.5,0,0
3,4,2,11,8,337.5,0,0
3,4,3,1,1,22.5,497.469,36.3066
3,4,3,1,2,67.5,1346.18,65.7738
3,4,3,1,3,112.5,1971.06,77.8221
3,4,3,1,4,157.5,5017.94,114.324
3,4,3,1,5,202.5,3192.39,146.573
3,4,3,1,6,247.5,1662.52,83.2872
3,4,3,1,7,292.5,1932.58,74.6487
3,4,3,1,8,337.5,819.423,37.3004
3,4,3,2,1,22.5,169.193,18.8601
3,4,3,2,2,67.5,1323.65,58.0981
3,4,3,2,3,112.5,1482.2,56.6132
3,4,3,2,4,157.5,5338.72,143.729
3,4,3,2,5,202.5,3029.6,86.5674
3,4,3,2,6,247.5,1423.93,65.397
3,4,3,2,7,292.5,951.997,43.2041
3,4,3,2,8,337.5,67.4207,9.85387
3,4,3,3,1,22.5,81.7879,10.979
3,4,3,3,2,67.5,975.503,46.8382
3,4,3,3,3,112.5,1195.07,47.9714
3,4,3,3,4,157.5,4501.31,96.0521
3,4,3,3,5,202.5,2605.21,67.126
3,4,3,3,6,247.5,1600.3,58.9766
3,4,3,3,7,292.5,1583.33,54.4568
3,4,3,3,8,337.5,192.183,19.499
3,4,3,4,1,22.5,263.035,18.0335
3,4,3,4,2,67.5,1442.17,53.6989
3,4,3,4,3,112.5,1078.86,41.3001
3,4,3,4,4,157.5,3547.23,98.8437
3,4,3,4,5,202.5,2008.73,60.1465
3,4,3,4,6,247.5,1986.42,57.9326
3,4,3,4,7,292.5,1821.69,56.7033
3,4,3,4,8,337.5,301.563,18.6326
3,4,3,5,1,22.5,423.427,27.137
3,4,3,5,2,67.5,2999.9,66.7497
3,4,3,5,3,112.5,1833.84,52.5124
3,4,3,5,4,157.5,4069.38,98.3858
3,4,3,5,5,202.5,2403.3,64.3648
3,4,3,5,6,247.5,3697.11,74.6546
3,4,3,5,7,292.5,2527.88,58.8444
3,4,3,5,8,337.5,294.726,19.6125
3,4,3,6,1,22.5,228.805,18.0114
3,4,3,6,2,67.5,1807.88,48.1833
3,4,3,6,3,112.5,1475.96,43.9289
3,4,3,6,4,157.5,1768.01,51.2843
3,4,3,6,5,202.5,1096.19,39.7581
3,4,3,6,6,247.5,2415.28,59.9051
3,4,3,6,7,292.5,1204.1,40.5354
3,4,3,6,8,337.5,269.305,19.7083
3,4,3,7,1,22.5,265.72,17.8918
3,4,3,7,2,67.5,959.621,34.0252
3,4,3,7,3,112.5,787.178,31.0705
3,4,3,7,4,157.5,634.381,28.8151
3,4,3,7,5,202.5,344.158,22.2856
3,4,3,7,6,247.5,1172.3,39.5563
3,4,3,7,7,292.5,614.356,30.9172
3,4,3,7,8,337.5,284.173,19.0109
3,4,3,8,1,22.5,290.346,18.7321
3,4,3,8,2,67.5,572.858,26.8139
3,4,3,8,3,112.5,430.286,26.9275
3,4,3,8,4,157.5,197.171,16.299
3,4,3,8,5,202.5,125.062,12.0863
3,4,3,8,6,247.5,625.22,28.9174
3,4,3,8,7,292.5,536.741,25.9196
3,4,3,8,8,337.5,295.392,18.9235
3,4,3,9,1,22.5,129.892,12.1249
3,4,3,9,2,67.5,185.038,14.738
3,4,3,9,3,112.5,112.748,11.4549
3,4,3,9,4,157.5,19.8125,5.72607
3,4,3,9,5,202.5,0,0
3,4,3,9,6,247.5,151.852,13.4175
3,4,3,9,7,292.5,192.141,14.7807
3,4,3,9,8,337.5,98.3434,10.8071
3,4,3,10,1,22.5,35.1701,6.54416
3,4,3,10,2,67.5,42.9347,7.07419
3,4,3,10,3,112.5,0,0
3,4,3,10,4,157.5,0,0
3,4,3,10,5,202.5,0,0
3,4,3,10,6,247.5,28.6163,7.63406
3,4,3,10,7,292.5,44.5797,7.53334
3,4,3,10,8,337.5,17.9694,4.93586
3,4,3,11,1,22.5,0,0
3,4,3,11,2,67.5,0,0
3,4,3,11,3,112.5,0,0
3,4,3,11,4,157.5,0,0
3,4,3,11,5,202.5,0,0
3,4,3,11,6,247.5,0,0
3,4,3,11,7,292.5,0,0
3,4,3,11,8,337.5,0,0
3,4,4,1,1,22.5,268.82,25.6567
3,4,4,1,2,67.5,639.675,39.042
3,4,4,1,3,112.5,1965.95,61.6249
3,4,4,1,4,157.5,3682.41,80.6242
3,4,4,1,5,202.5,2134.09,65.2561
3,4,4,1,6,247.5,589.411,33.8406
3,4,4,1,7,292.5,485.926,34.7836
3,4,4,1,8,337.5,346.522,25.0686
3,4,4,2,1,22.5,161.505,13.9748
3,4,4,2,2,67.5,369.845,24.9183
3,4,4,2,3,112.5,1156.95,42.2866
3,4,4,2,4,157.5,3859.92,77.9715
3,4,4,2,5,202.5,2076.82,60.0603
3,4,4,2,6,247.5,397.499,27.7699
3,4,4,2,7,292.5,341.635,23.5089
3,4,4,2,8,337.5,123.704,12.7468
3,4,4,3,1,22.5,0,0
3,4,4,3,2,67.5,301.878,27.7249
3,4,4,3,3,112.5,663.844,32.1025
3,4,4,3,4,157.5,3119.96,74.9166
3,4,4,3,5,202.5,1715.4,51.4335
3,4,4,3,6,247.5,406.466,26.9183
3,4,4,3,7,292.5,674.455,33.0572
3,4,4,3,8,337.5,0,0
3,4,4,4,1,22.5,0,0
3,4,4,4,2,67.5,451.249,25.251
3,4,4,4,3,112.5,484.505,27.0082
3,4,4,4,4,157.5,2708.25,64.0437
3,4,4,4,5,202.5,1473.78,46.6737
3,4,4,4,6,247.5,738.001,34.3196
3,4,4,4,7,292.5,976.309,38.7233
3,4,4,4,8,337.5,40.8877,12.4142
3,4,4,5,1,22.5,90.5632,10.4738
3,4,4,5,2,67.5,1574.01,46.1318
3,4,4,5,3,112.5,733.45,31.9836
3,4,4,5,4,157.5,4034.03,75.249
3,4,4,5,5,202.5,2300.22,55.1331
3,4,4,5,6,247.5,1804.22,47.8794
3,4,4,5,7,292.5,2004.06,51.2576
3,4,4,5,8,337.5,122.401,12.354
3,4,4,6,1,22.5,101.316,10.8274
3,4,4,6,2,67.5,1478.29,42.3823
3,4,4,6,3,112.5,747.361,30.5704
3,4,4,6,4,157.5,2517.35,58.1469
3,4,4,6,5,202.5,1415.36,44.8862
3,4,4,6,6,247.5,1708.99,46.6843
3,4,4,6,7,292.5,1133.79,37.4441
3,4,4,6,8,337.5,74.1937,9.35353
3,4,4,7,1,22.5,56.8902,8.42841
3,4,4,7,2,67.5,1004.62,34.7597
3,4,4,7,3,112.5,571.3,25.9965
3,4,4,7,4,157.5,1436.4,41.8923
3,4,4,7,5,202.5,847.564,31.5989
3,4,4,7,6,247.5,1302.29,41.1113
3,4,4,7,7,292.5,610.696,27.0014
3,4,4,7,8,337.5,83.7314,9.88226
3,4,4,8,1,22.5,77.736,9.86525
3,4,4,8,2,67.5,786.913,29.6714
3,4,4,8,3,112.5,690.216,28.6395
3,4,4,8,4,157.5,992.837,33.6009
3,4,4,8,5,202.5,555.654,25.3265
3,4,4,8,6,247.5,1146.38,37.406
3,4,4,8,7,292.5,464.001,22.874
3,4,4,8,8,337.5,141.467,12.7232
3,4,4,9,1,22.5,94.3465,10.3467
3,4,4,9,2,67.5,352.238,19.3584
3,4,4,9,3,112.5,286.338,17.8076
3,4,4,9,4,157.5,301.491,17.9087
3,4,4,9,5,202.5,188.969,14.6733
3,4,4,9,6,247.5,443.786,22.0126
3,4,4,9,7,292.5,217.669,15.5344
3,4,4,9,8,337.5,104.205,10.9038
3,4,4,10,1,22.5,84.2109,9.52368
3,4,4,10,2,67.5,142.271,12.3712
3,4,4,10,3,112.5,145.046,12.4134
3,4,4,10,4,157.5,79.8585,9.47754
3,4,4,10,5,202.5,53.0912,7.78206
3,4,4,10,6,247.5,213.94,15.2617
3,4,4,10,7,292.5,120.86,11.511
3,4,4,10,8,337.5,79.2087,9.34962
3,4,4,11,1,22.5,0,0
3,4,4,11,2,67.5,43.7261,6.99787
3,4,4,11,3,112.5,50.1995,7.71926
3,4,4,11,4,157.5,0,0
3,4,4,11,5,202.5,0,0
3,4,4,11,6,247.5,41.7488,6.77544
3,4,4,11,7,292.5,37.0137,6.61683
3,4,4,11,8,337.5,28.3463,5.7174
3,4,5,1,1,22.5,330.41,23.8275
3,4,5,1,2,67.5,588.125,35.8117
3,4,5,1,3,112.5,1489.9,46.2666
3,4,5,1,4,157.5,2274.66,57.3607
3,4,5,1,5,202.5,1475.99,46.4144
3,4,5,1,6,247.5,451.122,29.1927
3,4,5,1,7,292.5,231.81,23.3796
3,4,5,1,8,337.5,198.299,17.7491
3,4,5,2,1,22.5,36.1973,6.84425
3,4,5,2,2,67.5,78.9715,10.5794
3,4,5,2,3,112.5,856.28,34.473
3,4,5,2,4,157.5,2284.27,64.8275
3,4,5,2,5,202.5,1361.48,42.9277
3,4,5,2,6,247.5,127.969,16.8902
3,4,5,2,7,292.5,43.466,9.31424
3,4,5,2,8,337.5,45.9768,7.5587
3,4,5,3,1,22.5,8.91658,4.3869
3,4,5,3,2,67.5,33.444,8.58499
3,4,5,3,3,112.5,470.523,26.6871
3,4,5,3,4,157.5,2136.18,52.8842
3,4,5,3,5,202.5,1112.15,38.3457
3,4,5,3,6,247.5,126.545,14.6517
3,4,5,3,7,292.5,174.777,15.9925
3,4,5,3,8,337.5,0,0
3,4,5,4,1,22.5,0,0
3,4,5,4,2,67.5,65.3602,9.86554
3,4,5,4,3,112.5,339.739,21.2752
3,4,5,4,4,157.5,1729.92,54.7944
3,4,5,4,5,202.5,1027.66,36.4303
3,4,5,4,6,247.5,186.298,15.9567
3,4,5,4,7,292.5,508.452,25.6757
3,4,5,4,8,337.5,0,0
3,4,5,5,1,22.5,15.7119,4.70076
3,4,5,5,2,67.5,442.163,23.0556
3,4,5,5,3,112.5,451.241,24.4255
3,4,5,5,4,157.5,2741.81,65.1793
3,4,5,5,5,202.5,1438.79,42.8328
3,4,5,5,6,247.5,626.812,28.0331
3,4,5,5,7,292.5,1145.7,42.2089
3,4,5,5,8,337.5,19.5349,5.29783
3,4,5,6,1,22.5,22.2639,5.38473
3,4,5,6,2,67.5,785.734,30.688
3,4,5,6,3,112.5,335.813,19.8271
3,4,5,6,4,157.5,2010.05,48.435
3,4,5,6,5,202.5,1074.05,36.292
3,4,5,6,6,247.5,770.541,29.737
3,4,5,6,7,292.5,1032.39,34.9788
3,4,5,6,8,337.5,0,0
3,4,5,7,1,22.5,19.6915,4.85024
3,4,5,7,2,67.5,691.119,27.8389
3,4,5,7,3,112.5,298.199,18.2994
3,4,5,7,4,157.5,1276.86,38.6353
3,4,5,7,5,202.5,765.031,29.3337
3,4,5,7,6,247.5,772.375,30.0643
3,4,5,7,7,292.5,612.882,29.8181
3,4,5,7,8,337.5,0,0
3,4,5,8,1,22.5,0,0
3,4,5,8,2,67.5,719.711,28.0783
3,4,5,8,3,112.5,351.716,19.7104
3,4,5,8,4,157.5,1219.8,37.695
3,4,5,8,5,202.5,748.136,28.5436
3,4,5,8,6,247.5,840.135,31.3741
3,4,5,8,7,292.5,492.509,23.3759
3,4,5,8,8,337.5,24.7243,5.51752
3,4,5,9,1,22.5,0,0
3,4,5,9,2,67.5,366.564,19.7677
3,4,5,9,3,112.5,233.293,15.9464
3,4,5,9,4,157.5,570.116,25.0434
3,4,5,9,5,202.5,358.595,19.6788
3,4,5,9,6,247.5,513.795,23.7074
3,4,5,9,7,292.5,205.717,15.0397
3,4,5,9,8,337.5,44.074,7.71394
3,4,5,10,1,22.5,0,0
3,4,5,10,2,67.5,196.955,14.3146
3,4,5,10,3,112.5,165.637,13.2758
3,4,5,10,4,157.5,294.466,17.7986
3,4,5,10,5,202.5,183.216,13.9601
3,4,5,10,6,247.5,266.414,17.0374
3,4,5,10,7,292.5,109.077,10.8303
3,4,5,10,8,337.5,43.5744,7.13149
3,4,5,11,1,22.5,24.6663,5.4839
3,4,5,11,2,67.5,49.3215,7.53448
3,4,5,11,3,112.5,57.3561,7.88246
3,4,5,11,4,157.5,93.2085,10.0309
3,4,5,11,5,202.5,51.5956,7.4486
3,4,5,11,6,247.5,89.7873,9.85392
3,4,5,11,7,292.5,25.6351,5.90098
3,4,5,11,8,337.5,16.508,4.32636
3,4,6,1,1,22.5,411.745,22.5468
3,4,6,1,2,67.5,556.828,27.3266
3,4,6,1,3,112.5,1144.52,37.5676
3,4,6,1,4,157.5,1494.67,42.8667
3,4,6,1,5,202.5,1022.44,40.4377
3,4,6,1,6,247.5,366.075,22.0115
3,4,6,1,7,292.5,166.548,14.2167
3,4,6,1,8,337.5,191.519,18.8368
3,4,6,2,1,22.5,26.3345,6.09614
3,4,6,2,2,67.5,139.328,12.6674
3,4,6,2,3,112.5,760.947,31.3679
3,4,6,2,4,157.5,1363.53,45.8496
3,4,6,2,5,202.5,908.951,33.8868
3,4,6,2,6,247.5,112.338,11.3498
3,4,6,2,7,292.5,0,0
3,4,6,2,8,337.5,0,0
3,4,6,3,1,22.5,0,0
3,4,6,3,2,67.5,0,0
3,4,6,3,3,112.5,512.711,24.4758
3,4,6,3,4,157.5,1376.58,39.8574
3,4,6,3,5,202.5,810.457,30.9464
3,4,6,3,6,247.5,0,0
3,4,6,3,7,292.5,19.0227,4.77017
3,4,6,3,8,337.5,0,0
3,4,6,4,1,22.5,0,0
3,4,6,4,2,67.5,0,0
3,4,6,4,3,112.5,303.423,19.1093
3,4,6,4,4,157.5,1084.56,35.7731
3,4,6,4,5,202.5,676.16,27.8089
3,4,6,4,6,247.5,46.5893,7.53323
3,4,6,4,7,292.5,120.085,11.5113
3,4,6,4,8,337.5,0,0
3,4,6,5,1,22.5,0,0
3,4,6,5,2,67.5,76.6501,10.0539
3,4,6,5,3,112.5,432.819,21.7058
3,4,6,5,4,157.5,1790.74,50.4317
3,4,6,5,5,202.5,1106.34,35.3501
3,4,6,5,6,247.5,189.643,15.8951
3,4,6,5,7,292.5,528.888,24.9127
3,4,6,5,8,337.5,0,0
3,4,6,6,1,22.5,0,0
3,4,6,6,2,67.5,251.246,16.6115
3,4,6,6,3,112.5,248.406,16.4378
3,4,6,6,4,157.5,1287.68,38.258
3,4,6,6,5,202.5,704.616,30.8972
3,4,6,6,6,247.5,373.19,20.0387
3,4,6,6,7,292.5,629.127,26.6888
3,4,6,6,8,337.5,0,0
3,4,6,7,1,22.5,0,0
3,4,6,7,2,67.5,346.115,19.8131
3,4,6,7,3,112.5,157.296,13.0775
3,4,6,7,4,157.5,870.322,30.6563
3,4,6,7,5,202.5,537.795,24.6067
3,4,6,7,6,247.5,372.298,19.7298
3,4,6,7,7,292.5,502.697,23.6073
3,4,6,7,8,337.5,0,0
3,4,6,8,1,22.5,0,0
3,4,6,8,2,67.5,490.449,22.5231
3,4,6,8,3,112.5,195.153,14.3552
3,4,6,8,4,157.5,948.866,32.2082
3,4,6,8,5,202.5,510.355,24.1091
3,4,6,8,6,247.5,446.794,22.0078
3,4,6,8,7,292.5,470.466,22.6403
3,4,6,8,8,337.5,0,0
3,4,6,9,1,22.5,0,0
3,4,6,9,2,67.5,254.901,16.3528
3,4,6,9,3,112.5,103.275,10.6131
3,4,6,9,4,157.5,385.289,20.0773
3,4,6,9,5,202.5,226.214,15.5582
3,4,6,9,6,247.5,270.677,16.9366
3,4,6,9,7,292.5,172.879,13.7925
3,4,6,9,8,337.5,0,0
3,4,6,10,1,22.5,0,0
3,4,6,10,2,67.5,82.6881,9.42925
3,4,6,10,3,112.5,64.2922,8.21783
3,4,6,10,4,157.5,209.161,14.7577
3,4,6,10,5,202.5,112.671,10.9831
3,4,6,10,6,247.5,140.982,12.1801
3,4,6,10,7,292.5,51.5305,7.59973
3,4,6,10,8,337.5,0,0
3,4,6,11,1,22.5,0,0
3,4,6,11,2,67.5,19.3652,4.91502
3,4,6,11,3,112.5,0,0
3,4,6,11,4,157.5,29.0694,5.76253
3,4,6,11,5,202.5,20.5689,5.02386
3,4,6,11,6,247.5,0,0
3,4,6,11,7,292.5,0,0
3,4,6,11,8,337.5,0,0
3,4,7,1,1,22.5,369.264,20.681
3,4,7,1,2,67.5,448.896,22.791
3,4,7,1,3,112.5,746.804,29.0525
3,4,7,1,4,157.5,812.488,33.0316
3,4,7,1,5,202.5,676.972,27.4462
3,4,7,1,6,247.5,325.994,18.9114
3,4,7,1,7,292.5,154.303,13.3507
3,4,7,1,8,337.5,212.109,15.5781
3,4,7,2,1,22.5,60.2909,8.29869
3,4,7,2,2,67.5,158.606,13.1143
3,4,7,2,3,112.5,507.706,24.0303
3,4,7,2,4,157.5,857.657,30.949
3,4,7,2,5,202.5,562.028,26.3144
3,4,7,2,6,247.5,80.6107,9.38086
3,4,7,2,7,292.5,0,0
3,4,7,2,8,337.5,0,0
3,4,7,3,1,22.5,0,0
3,4,7,3,2,67.5,28.9484,5.77562
3,4,7,3,3,112.5,397.995,21.0271
3,4,7,3,4,157.5,803.234,30.2097
3,4,7,3,5,202.5,413.445,21.3455
3,4,7,3,6,247.5,34.2701,6.27799
3,4,7,3,7,292.5,0,0
3,4,7,3,8,337.5,0,0
3,4,7,4,1,22.5,0,0
3,4,7,4,2,67.5,0,0
3,4,7,4,3,112.5,239.182,16.0787
3,4,7,4,4,157.5,619.048,28.5559
3,4,7,4,5,202.5,353.712,20.3999
3,4,7,4,6,247.5,24.259,5.74886
3,4,7,4,7,292.5,0,0
3,4,7,4,8,337.5,0,0
3,4,7,5,1,22.5,0,0
3,4,7,5,2,67.5,0,0
3,4,7,5,3,112.5,285.592,17.3594
3,4,7,5,4,157.5,923.743,33.7058
3,4,7,5,5,202.5,524.191,23.9154
3,4,7,5,6,247.5,71.9548,9.28281
3,4,7,5,7,292.5,170.257,13.5806
3,4,7,5,8,337.5,0,0
3,4,7,6,1,22.5,0,0
3,4,7,6,2,67.5,34.4992,6.31183
3,4,7,6,3,112.5,138.362,12.2091
3,4,7,6,4,157.5,586.231,25.439
3,4,7,6,5,202.5,349.408,19.3213
3,4,7,6,6,247.5,108.453,10.858
3,4,7,6,7,292.5,232.121,15.7172
3,4,7,6,8,337.5,0,0
3,4,7,7,1,22.5,0,0
3,4,7,7,2,67.5,77.9297,9.07943
3,4,7,7,3,112.5,60.6287,8.39999
3,4,7,7,4,157.5,329.699,18.6028
3,4,7,7,5,202.5,185.476,13.9967
3,4,7,7,6,247.5,113.715,10.9204
3,4,7,7,7,292.5,189.356,14.1331
3,4,7,7,8,337.5,0,0
3,4,7,8,1,22.5,0,0
3,4,7,8,2,67.5,49.9809,7.47769
3,4,7,8,3,112.5,46.5139,7.08707
3,4,7,8,4,157.5,189.789,14.1856
3,4,7,8,5,202.5,110.186,10.7852
3,4,7,8,6,247.5,70.4184,8.78576
3,4,7,8,7,292.5,103.534,10.6974
3,4,7,8,8,337.5,0,0
3,4,7,9,1,22.5,0,0
3,4,7,9,2,67.5,0,0
3,4,7,9,3,112.5,0,0
3,4,7,9,4,157.5,41.3452,6.80315
3,4,7,9,5,202.5,25.5242,5.90869
3,4,7,9,6,247.5,21.4182,5.13001
3,4,7,9,7,292.5,0,0
3,4,7,9,8,337.5,0,0
3,4,7,10,1,22.5,0,0
3,4,7,10,2,67.5,0,0
3,4,7,10,3,112.5,0,0
3,4,7,10,4,157.5,0,0
3,4,7,10,5,202.5,0,0
3,4,7,10,6,247.5,0,0
3,4,7,10,7,292.5,0,0
3,4,7,10,8,337.5,0,0
3,4,7,11,1,22.5,0,0
3,4,7,11,2,67.5,0,0
3,4,7,11,3,112.5,0,0
3,4,7,11,4,157.5,0,0
3,4,7,11,5,202.5,0,0
3,4,7,11,6,247.5,0,0
3,4,7,11,7,292.5,0,0
3,4,7,11,8,337.5,0,0
3,4,8,1,1,22.5,33.0674,6.025
3,4,8,1,2,67.5,69.812,8.92463
3,4,8,1,3,112.5,94.9329,10.0382
3,4,8,1,4,157.5,122.868,11.4321
3,4,8,1,5,202.5,84.166,9.56935
3,4,8,1,6,247.5,48.8892,7.3361
3,4,8,1,7,292.5,30.6443,5.90856
3,4,8,1,8,337.5,27.9081,5.66853
3,4,8,2,1,22.5,0,0
3,4,8,2,2,67.5,21.0445,4.86068
3,4,8,2,3,112.5,66.1028,8.44225
3,4,8,2,4,157.5,90.9221,9.84305
3,4,8,2,5,202.5,48.9531,7.52442
3,4,8,2,6,247.5,0,0
3,4,8,2,7,292.5,0,0
3,4,8,2,8,337.5,0,0
3,4,8,3,1,22.5,0,0
3,4,8,3,2,67.5,0,0
3,4,8,3,3,112.5,27.4064,5.57334
3,4,8,3,4,157.5,58.4163,7.97132
3,4,8,3,5,202.5,41.9691,6.71803
3,4,8,3,6,247.5,0,0
3,4,8,3,7,292.5,0,0
3,4,8,3,8,337.5,0,0
3,4,8,4,1,22.5,0,0
3,4,8,4,2,67.5,0,0
3,4,8,4,3,112.5,0,0
3,4,8,4,4,157.5,31.7679,6.22777
3,4,8,4,5,202.5,19.2404,4.77085
3,4,8,4,6,247.5,0,0
3,4,8,4,7,292.5,0,0
3,4,8,4,8,337.5,0,0
3,4,8,5,1,22.5,0,0
3,4,8,5,2,67.5,0,0
3,4,8,5,3,112.5,0,0
3,4,8,5,4,157.5,16.261,4.84218
3,4,8,5,5,202.5,7.01296,3.06515
3,4,8,5,6,247.5,0,0
3,4,8,5,7,292.5,0,0
3,4,8,5,8,337.5,0,0
3,4,8,6,1,22.5,0,0
3,4,8,6,2,67.5,0,0
3,4,8,6,3,112.5,0,0
3,4,8,6,4,157.5,0,0
3,4,8,6,5,202.5,0,0
3,4,8,6,6,247.5,0,0
3,4,8,6,7,292.5,0,0
3,4,8,6,8,337.5,0,0
3,4,8,7,1,22.5,0,0
3,4,8,7,2,67.5,0,0
3,4,8,7,3,112.5,0,0
3,4,8,7,4,157.5,0,0
3,4,8,7,5,202.5,0,0
3,4,8,7,6,247.5,0,0
3,4,8,7,7,292.5,0,0
3,4,8,7,8,337.5,0,0
3,4,8,8,1,22.5,0,0
3,4,8,8,2,67.5,0,0
3,4,8,8,3,112.5,0,0
3,4,8,8,4,157.5,0,0
3,4,8,8,5,202.5,0,0
3,4,8,8,6,247.5,0,0
3,4,8,8,7,292.5,0,0
3,4,8,8,8,337.5,0,0
3,4,8,9,1,22.5,0,0
3,4,8,9,2,67.5,0,0
3,4,8,9,3,112.5,0,0
3,4,8,9,4,157.5,0,0
3,4,8,9,5,202.5,0,0
3,4,8,9,6,247.5,0,0
3,4,8,9,7,292.5,0,0
3,4,8,9,8,337.5,0,0
3,4,8,10,1,22.5,0,0
3,4,8,10,2,67.5,0,0
3,4,8,10,3,112.5,0,0
3,4,8,10,4,157.5,0,0
3,4,8,10,5,202.5,0,0
3,4,8,10,6,247.5,0,0
3,4,8,10,7,292.5,0,0
3,4,8,10,8,337.5,0,0
3,4,8,11,1,22.5,0,0
3,4,8,11,2,67.5,0,0
3,4,8,11,3,112.5,0,0
3,4,8,11,4,157.5,0,0
3,4,8,11,5,202.5,0,0
3,4,8,11,6,247.5,0,0
3,4,8,11,7,292.5,0,0
3,4,8,11,8,337.5,0,0
4,5,1,1,1,22.5,0,0
4,5,1,1,2,67.5,20.8431,5.99763
4,5,1,1,3,112.5,0,0
4,5,1,1,4,157.5,97.0897,37.1451
4,5,1,1,5,202.5,56.6636,17.1867
4,5,1,1,6,247.5,68.6796,17.5026
4,5,1,1,7,292.5,39.0942,11.8278
4,5,1,1,8,337.5,0,0
4,5,1,2,1,22.5,0,0
4,5,1,2,2,67.5,0,0
4,5,1,2,3,112.5,75.7073,13.9534
4,5,1,2,4,157.5,64.2688,9.48082
4,5,1,2,5,202.5,0,0
4,5,1,2,6,247.5,81.0243,11.6057
4,5,1,2,7,292.5,20.6718,5.19309
4,5,1,2,8,337.5,0,0
4,5,1,3,1,22.5,0,0
4,5,1,3,2,67.5,0,0
4,5,1,3,3,112.5,0,0
4,5,1,3,4,157.5,0,0
4,5,1,3,5,202.5,0,0
4,5,1,3,6,247.5,0,0
4,5,1,3,7,292.5,0,0
4,5,1,3,8,337.5,0,0
4,5,1,4,1,22.5,0,0
4,5,1,4,2,67.5,18.7334,5.24134
4,5,1,4,3,112.5,0,0
4,5,1,4,4,157.5,0,0
4,5,1,4,5,202.5,0,0
4,5,1,4,6,247.5,0,0
4,5,1,4,7,292.5,23.6983,7.94341
4,5,1,4,8,337.5,0,0
4,5,1,5,1,22.5,0,0
4,5,1,5,2,67.5,0,0
4,5,1,5,3,112.5,0,0
4,5,1,5,4,157.5,0,0
4,5,1,5,5,202.5,0,0
4,5,1,5,6,247.5,0,0
4,5,1,5,7,292.5,0,0
4,5,1,5,8,337.5,0,0
4,5,1,6,1,22.5,0,0
4,5,1,6,2,67.5,0,0
4,5,1,6,3,112.5,0,0
4,5,1,6,4,157.5,0,0
4,5,1,6,5,202.5,0,0
4,5,1,6,6,247.5,0,0
4,5,1,6,7,292.5,0,0
4,5,1,6,8,337.5,0,0
4,5,1,7,1,22.5,0,0
4,5,1,7,2,67.5,0,0
4,5,1,7,3,112.5,0,0
4,5,1,7,4,157.5,0,0
4,5,1,7,5,202.5,0,0
4,5,1,7,6,247.5,0,0
4,5,1,7,7,292.5,0,0
4,5,1,7,8,337.5,0,0
4,5,1,8,1,22.5,0,0
4,5,1,8,2,67.5,0,0
4,5,1,8,3,112.5,0,0
4,5,1,8,4,157.5,0,0
4,5,1,8,5,202.5,0,0
4,5,1,8,6,247.5,0,0
4,5,1,8,7,292.5,0,0
4,5,1,8,8,337.5,0,0
4,5,1,9,1,22.5,0,0
4,5,1,9,2,67.5,0,0
4,5,1,9,3,112.5,0,0
4,5,1,9,4,157.5,0,0
4,5,1,9,5,202.5,0,0
4,5,1,9,6,247.5,0,0
4,5,1,9,7,292.5,0,0
4,5,1,9,8,337.5,0,0
4,5,1,10,1,22.5,0,0
4,5,1,10,2,67.5,0,0
4,5,1,10,3,112.5,0,0
4,5,1,10,4,157.5,0,0
4,5,1,10,5,202.5,0,0
4,5,1,10,6,247.5,0,0
4,5,1,10,7,292.5,0,0
4,5,1,10,8,337.5,0,0
4,5,1,11,1,22.5,0,0
4,5,1,11,2,67.5,0,0
4,5,1,11,3,112.5,0,0
4,5,1,11,4,157.5,0,0
4,5,1,11,5,202.5,0,0
4,5,1,11,6,247.5,0,0
4,5,1,11,7,292.5,0,0
4,5,1,11,8,337.5,0,0
4,5,2,1,1,22.5,404.274,59.2493
4,5,2,1,2,67.5,2345.38,89.8921
4,5,2,1,3,112.5,1811.41,130.141
4,5,2,1,4,157.5,3762.2,134.946
4,5,2,1,5,202.5,2074.55,122.748
4,5,2,1,6,247.5,2567.94,144.128
4,5,2,1,7,292.5,2283.12,102.112
4,5,2,1,8,337.5,629.737,55.8725
4,5,2,2,1,22.5,195.718,33.5298
4,5,2,2,2,67.5,850.524,56.8678
4,5,2,2,3,112.5,1815.49,100.995
4,5,2,2,4,157.5,2622.31,130.136
4,5,2,2,5,202.5,1833.74,74.1855
4,5,2,2,6,247.5,1856.36,111.166
4,5,2,2,7,292.5,1177.04,67.9469
4,5,2,2,8,337.5,201.538,28.5009
4,5,2,3,1,22.5,443.676,25.5195
4,5,2,3,2,67.5,1311.78,79.2786
4,5,2,3,3,112.5,1229.84,56.9564
4,5,2,3,4,157.5,1047.28,50.8441
4,5,2,3,5,202.5,774.346,42.5554
4,5,2,3,6,247.5,1672.89,60.7339
4,5,2,3,7,292.5,1655.13,63.7676
4,5,2,3,8,337.5,460.296,24.7503
4,5,2,4,1,22.5,368.629,22.919
4,5,2,4,2,67.5,1403.57,52.4745
4,5,2,4,3,112.5,735.682,40.6165
4,5,2,4,4,157.5,275.387,25.4906
4,5,2,4,5,202.5,288.176,38.3086
4,5,2,4,6,247.5,1037.85,61.383
4,5,2,4,7,292.5,1256.42,51.6769
4,5,2,4,8,337.5,181.708,17.1283
4,5,2,5,1,22.5,348.593,23.584
4,5,2,5,2,67.5,1640.07,48.2983
4,5,2,5,3,112.5,616.815,31.7484
4,5,2,5,4,157.5,114.016,12.6135
4,5,2,5,5,202.5,60.851,10.699
4,5,2,5,6,247.5,622.839,41.039
4,5,2,5,7,292.5,1182.21,43.7497
4,5,2,5,8,337.5,322.747,24.0908
4,5,2,6,1,22.5,173.609,15.3917
4,5,2,6,2,67.5,448.522,24.1176
4,5,2,6,3,112.5,86.826,11.4007
4,5,2,6,4,157.5,0,0
4,5,2,6,5,202.5,0,0
4,5,2,6,6,247.5,108.663,12.4497
4,5,2,6,7,292.5,369.672,22.6159
4,5,2,6,8,337.5,241.364,16.6979
4,5,2,7,1,22.5,39.25,6.9746
4,5,2,7,2,67.5,51.2794,7.94328
4,5,2,7,3,112.5,0,0
4,5,2,7,4,157.5,0,0
4,5,2,7,5,202.5,0,0
4,5,2,7,6,247.5,0,0
4,5,2,7,7,292.5,60.7182,9.50956
4,5,2,7,8,337.5,40.0187,6.79944
4,5,2,8,1,22.5,0,0
4,5,2,8,2,67.5,0,0
4,5,2,8,3,112.5,0,0
4,5,2,8,4,157.5,0,0
4,5,2,8,5,202.5,0,0
4,5,2,8,6,247.5,0,0
4,5,2,8,7,292.5,0,0
4,5,2,8,8,337.5,0,0
4,5,2,9,1,22.5,0,0
4,5,2,9,2,67.5,0,0
4,5,2,9,3,112.5,0,0
4,5,2,9,4,157.5,0,0
4,5,2,9,5,202.5,0,0
4,5,2,9,6,247.5,0,0
4,5,2,9,7,292.5,0,0
4,5,2,9,8,337.5,0,0
4,5,2,10,1,22.5,0,0
4,5,2,10,2,67.5,0,0
4,5,2,10,3,112.5,0,0
4,5,2,10,4,157.5,0,0
4,5,2,10,5,202.5,0,0
4,5,2,10,6,247.5,0,0
4,5,2,10,7,292.5,0,0
4,5,2,10,8,337.5,0,0
4,5,2,11,1,22.5,0,0
4,5,2,11,2,67.5,0,0
4,5,2,11,3,112.5,0,0
4,5,2,11,4,157.5,0,0
4,5,2,11,5,202.5,0,0
4,5,2,11,6,247.5,0,0
4,5,2,11,7,292.5,0,0
4,5,2,11,8,337.5,0,0
4,5,3,1,1,22.5,636.362,43.7606
4,5,3,1,2,67.5,1676.37,79.1717
4,5,3,1,3,112.5,2558.19,88.2332
4,5,3,1,4,157.5,5421.98,161.419
4,5,3,1,5,202.5,3649.15,104.629
4,5,3,1,6,247.5,1845.64,101.534
4,5,3,1,7,292.5,2140.11,91.3519
4,5,3,1,8,337.5,1305.58,51.4006
4,5,3,2,1,22.5,429.622,33.9344
4,5,3,2,2,67.5,1419.4,59.795
4,5,3,2,3,112.5,1996.7,83.4161
4,5,3,2,4,157.5,4808.07,131.674
4,5,3,2,5,202.5,3053.34,85.1628
4,5,3,2,6,247.5,1499.51,69.1665
4,5,3,2,7,292.5,1356.77,80.8129
4,5,3,2,8,337.5,253.186,22.3438
4,5,3,3,1,22.5,123.525,19.6806
4,5,3,3,2,67.5,1126.96,44.0402
4,5,3,3,3,112.5,1374.93,47.5959
4,5,3,3,4,157.5,3152.36,102.487
4,5,3,3,5,202.5,2161.92,63.4226
4,5,3,3,6,247.5,1406.53,49.7541
4,5,3,3,7,292.5,1868.38,61.4684
4,5,3,3,8,337.5,238.027,21.9542
4,5,3,4,1,22.5,276.801,18.9501
4,5,3,4,2,67.5,1448.71,65.2059
4,5,3,4,3,112.5,996.337,39.2673
4,5,3,4,4,157.5,1921.36,75.3131
4,5,3,4,5,202.5,1281.84,47.9464
4,5,3,4,6,247.5,1630.15,49.4186
4,5,3,4,7,292.5,1889.77,54.677
4,5,3,4,8,337.5,404.638,21.7557
4,5,3,5,1,22.5,535.937,28.5336
4,5,3,5,2,67.5,2751.77,64.9642
4,5,3,5,3,112.5,1479.87,49.4095
4,5,3,5,4,157.5,1509.95,47.1383
4,5,3,5,5,202.5,1024.27,41.0965
4,5,3,5,6,247.5,2567.92,61.7344
4,5,3,5,7,292.5,2588.39,58.8018
4,5,3,5,8,337.5,419.669,24.1609
4,5,3,6,1,22.5,295.289,19.449
4,5,3,6,2,67.5,1585.77,48.121
4,5,3,6,3,112.5,817.4,33.4817
4,5,3,6,4,157.5,244.491,22.2225
4,5,3,6,5,202.5,223.474,18.0395
4,5,3,6,6,247.5,1176.16,41.0986
4,5,3,6,7,292.5,1158.85,39.0969
4,5,3,6,8,337.5,259.016,17.9086
4,5,3,7,1,22.5,225.826,16.5657
4,5,3,7,2,67.5,734.654,31.6077
4,5,3,7,3,112.5,272.803,22.7445
4,5,3,7,4,157.5,53.9981,8.26907
4,5,3,7,5,202.5,26.3495,6.69628
4,5,3,7,6,247.5,414.561,23.5517
4,5,3,7,7,292.5,558.964,26.3956
4,5,3,7,8,337.5,241.656,16.7542
4,5,3,8,1,22.5,184.771,14.4857
4,5,3,8,2,67.5,347.521,19.6959
4,5,3,8,3,112.5,105.714,11.2954
4,5,3,8,4,157.5,0,0
4,5,3,8,5,202.5,0,0
4,5,3,8,6,247.5,128.537,12.6935
4,5,3,8,7,292.5,287.137,18.6592
4,5,3,8,8,337.5,204.7,15.8103
4,5,3,9,1,22.5,55.2364,8.06387
4,5,3,9,2,67.5,69.6458,8.74694
4,5,3,9,3,112.5,0,0
4,5,3,9,4,157.5,0,0
4,5,3,9,5,202.5,0,0
4,5,3,9,6,247.5,11.3078,3.80602
4,5,3,9,7,292.5,51.6876,7.9342
4,5,3,9,8,337.5,36.1109,7.14456
4,5,3,10,1,22.5,0,0
4,5,3,10,2,67.5,0,0
4,5,3,10,3,112.5,0,0
4,5,3,10,4,157.5,0,0
4,5,3,10,5,202.5,0,0
4,5,3,10,6,247.5,0,0
4,5,3,10,7,292.5,0,0
4,5,3,10,8,337.5,0,0
4,5,3,11,1,22.5,0,0
4,5,3,11,2,67.5,0,0
4,5,3,11,3,112.5,0,0
4,5,3,11,4,157.5,0,0
4,5,3,11,5,202.5,0,0
4,5,3,11,6,247.5,0,0
4,5,3,11,7,292.5,0,0
4,5,3,11,8,337.5,0,0
4,5,4,1,1,22.5,682.118,38.6014
4,5,4,1,2,67.5,1058.37,44.4775
4,5,4,1,3,112.5,2578.82,67.6579
4,5,4,1,4,157.5,4204.27,83.8565
4,5,4,1,5,202.5,2887.03,71.0418
4,5,4,1,6,247.5,1078.08,49.3198
4,5,4,1,7,292.5,846.763,49.2509
4,5,4,1,8,337.5,693.112,38.7557
4,5,4,2,1,22.5,331.911,22.7923
4,5,4,2,2,67.5,651.736,34.1688
4,5,4,2,3,112.5,1351.13,45.9044
4,5,4,2,4,157.5,4020.88,81.0565
4,5,4,2,5,202.5,2533.08,63.4097
4,5,4,2,6,247.5,557.193,34.61
4,5,4,2,7,292.5,575.357,35.4269
4,5,4,2,8,337.5,373.559,25.7337
4,5,4,3,1,22.5,141.543,13.4387
4,5,4,3,2,67.5,411.54,24.0492
4,5,4,3,3,112.5,811.874,37.1995
4,5,4,3,4,157.5,3114.04,69.6083
4,5,4,3,5,202.5,2094.89,55.3268
4,5,4,3,6,247.5,582.93,33.3046
4,5,4,3,7,292.5,820.614,34.0781
4,5,4,3,8,337.5,66.9428,10.3082
4,5,4,4,1,22.5,39.5295,8.23575
4,5,4,4,2,67.5,568.771,27.955
4,5,4,4,3,112.5,620.607,32.1633
4,5,4,4,4,157.5,2352.3,59.024
4,5,4,4,5,202.5,1503.04,46.6533
4,5,4,4,6,247.5,681.565,33.6689
4,5,4,4,7,292.5,1199.11,41.4602
4,5,4,4,8,337.5,56.5233,8.59502
4,5,4,5,1,22.5,142.384,13.1436
4,5,4,5,2,67.5,1832.01,48.4144
4,5,4,5,3,112.5,871.472,33.8866
4,5,4,5,4,157.5,2966.08,73.2292
4,5,4,5,5,202.5,1879.56,50.5002
4,5,4,5,6,247.5,1641.93,45.4594
4,5,4,5,7,292.5,2318.63,55.2796
4,5,4,5,8,337.5,206.15,15.2409
4,5,4,6,1,22.5,163.996,13.7025
4,5,4,6,2,67.5,1633.41,44.0471
4,5,4,6,3,112.5,705.667,29.4251
4,5,4,6,4,157.5,1276.33,40.03
4,5,4,6,5,202.5,842.796,32.9642
4,5,4,6,6,247.5,1294.74,41.0984
4,5,4,6,7,292.5,1313.17,39.337
4,5,4,6,8,337.5,114.671,12.036
4,5,4,7,1,22.5,74.3862,9.2918
4,5,4,7,2,67.5,976.985,33.3799
4,5,4,7,3,112.5,527.011,24.4831
4,5,4,7,4,157.5,386.532,22.2466
4,5,4,7,5,202.5,310.248,19.3569
4,5,4,7,6,247.5,847.944,31.7042
4,5,4,7,7,292.5,672.811,28.0961
4,5,4,7,8,337.5,71.0048,9.18081
4,5,4,8,1,22.5,75.6542,9.31526
4,5,4,8,2,67.5,664.763,27.3503
4,5,4,8,3,112.5,381.64,20.4764
4,5,4,8,4,157.5,188.966,14.3366
4,5,4,8,5,202.5,132.138,12.3348
4,5,4,8,6,247.5,525.586,25.3976
4,5,4,8,7,292.5,450.563,23.6176
4,5,4,8,8,337.5,149.57,12.9413
4,5,4,9,1,22.5,68.0589,8.75493
4,5,4,9,2,67.5,249.001,16.4446
4,5,4,9,3,112.5,136.03,12.1299
4,5,4,9,4,157.5,0,0
4,5,4,9,5,202.5,0,0
4,5,4,9,6,247.5,186.453,14.1465
4,5,4,9,7,292.5,170.897,13.6462
4,5,4,9,8,337.5,115.593,11.2225
4,5,4,10,1,22.5,32.1857,6.10218
4,5,4,10,2,67.5,61.9197,8.23566
4,5,4,10,3,112.5,29.904,6.04857
4,5,4,10,4,157.5,0,0
4,5,4,10,5,202.5,0,0
4,5,4,10,6,247.5,53.1141,7.61806
4,5,4,10,7,292.5,55.6557,7.7759
4,5,4,10,8,337.5,39.2294,6.65542
4,5,4,11,1,22.5,0,0
4,5,4,11,2,67.5,0,0
4,5,4,11,3,112.5,0,0
4,5,4,11,4,157.5,0,0
4,5,4,11,5,202.5,0,0
4,5,4,11,6,247.5,0,0
4,5,4,11,7,292.5,0,0
4,5,4,11,8,337.5,0,0
4,5,5,1,1,22.5,737.78,35.7738
4,5,5,1,2,67.5,1164.85,41.3596
4,5,5,1,3,112.5,2066.12,53.399
4,5,5,1,4,157.5,2699.83,60.5282
4,5,5,1,5,202.5,1993.12,53.387
4,5,5,1,6,247.5,790.399,32.5936
4,5,5,1,7,292.5,458.37,27.5903
4,5,5,1,8,337.5,487.22,26.5699
4,5,5,2,1,22.5,105.219,12.54
4,5,5,2,2,67.5,202.966,16.9647
4,5,5,2,3,112.5,1126.96,38.9541
4,5,5,2,4,157.5,2462.13,67.4271
4,5,5,2,5,202.5,1644.45,47.0374
4,5,5,2,6,247.5,205.161,17.6145
4,5,5,2,7,292.5,146.121,14.8518
4,5,5,2,8,337.5,127.533,13.2132
4,5,5,3,1,22.5,76.5013,9.67423
4,5,5,3,2,67.5,99.0328,12.9727
4,5,5,3,3,112.5,689.261,29.864
4,5,5,3,4,157.5,2070.57,59.3708
4,5,5,3,5,202.5,1449.26,44.3964
4,5,5,3,6,247.5,132.754,14.2773
4,5,5,3,7,292.5,229.1,17.3691
4,5,5,3,8,337.5,50.7109,10.5421
4,5,5,4,1,22.5,0,0
4,5,5,4,2,67.5,130.122,13.2056
4,5,5,4,3,112.5,427.408,23.114
4,5,5,4,4,157.5,1809.88,48.5196
4,5,5,4,5,202.5,1211.98,39.5763
4,5,5,4,6,247.5,183.907,15.3349
4,5,5,4,7,292.5,481.81,25.3233
4,5,5,4,8,337.5,0,0
4,5,5,5,1,22.5,47.5023,7.66449
4,5,5,5,2,67.5,557.392,25.6031
4,5,5,5,3,112.5,507.977,25.3927
4,5,5,5,4,157.5,2726.8,57.4978
4,5,5,5,5,202.5,1752.64,46.3735
4,5,5,5,6,247.5,563.387,25.9483
4,5,5,5,7,292.5,1395.19,41.3141
4,5,5,5,8,337.5,63.1192,8.47705
4,5,5,6,1,22.5,53.5513,7.91221
4,5,5,6,2,67.5,882.748,31.4033
4,5,5,6,3,112.5,398.919,21.1242
4,5,5,6,4,157.5,1565.89,46.8499
4,5,5,6,5,202.5,1032.24,34.0762
4,5,5,6,6,247.5,731.11,30.4101
4,5,5,6,7,292.5,1213.65,37.5548
4,5,5,6,8,337.5,38.9445,7.13846
4,5,5,7,1,22.5,34.6979,6.54882
4,5,5,7,2,67.5,738.144,28.8899
4,5,5,7,3,112.5,326.402,18.9667
4,5,5,7,4,157.5,937.993,32.3456
4,5,5,7,5,202.5,567.088,25.9189
4,5,5,7,6,247.5,652.392,26.6352
4,5,5,7,7,292.5,778.452,30.0849
4,5,5,7,8,337.5,26.145,5.75073
4,5,5,8,1,22.5,22.4033,5.23401
4,5,5,8,2,67.5,671.775,27.0987
4,5,5,8,3,112.5,303.053,18.0748
4,5,5,8,4,157.5,559.377,24.4669
4,5,5,8,5,202.5,383.774,20.222
4,5,5,8,6,247.5,641.766,26.6307
4,5,5,8,7,292.5,529.221,23.7841
4,5,5,8,8,337.5,0,0
4,5,5,9,1,22.5,0,0
4,5,5,9,2,67.5,238.318,16.0567
4,5,5,9,3,112.5,163.924,13.1501
4,5,5,9,4,157.5,168.358,13.2679
4,5,5,9,5,202.5,100.133,10.4017
4,5,5,9,6,247.5,246.107,16.0919
4,5,5,9,7,292.5,144.83,12.6257
4,5,5,9,8,337.5,30.4208,5.997
4,5,5,10,1,22.5,0,0
4,5,5,10,2,67.5,53.9369,7.86637
4,5,5,10,3,112.5,52.906,7.58387
4,5,5,10,4,157.5,41.6757,6.8657
4,5,5,10,5,202.5,23.722,5.14521
4,5,5,10,6,247.5,80.6058,9.39577
4,5,5,10,7,292.5,36.4304,6.48859
4,5,5,10,8,337.5,0,0
4,5,5,11,1,22.5,0,0
4,5,5,11,2,67.5,0,0
4,5,5,11,3,112.5,0,0
4,5,5,11,4,157.5,0,0
4,5,5,11,5,202.5,0,0
4,5,5,11,6,247.5,0,0
4,5,5,11,7,292.5,0,0
4,5,5,11,8,337.5,0,0
4,5,6,1,1,22.5,774.528,31.5921
4,5,6,1,2,67.5,993.37,35.1942
4,5,6,1,3,112.5,1424.78,46.8886
4,5,6,1,4,157.5,1865.14,46.8963
4,5,6,1,5,202.5,1392.72,40.6619
4,5,6,1,6,247.5,701.327,29.5372
4,5,6,1,7,292.5,383.182,22.3119
4,5,6,1,8,337.5,513.254,25.7716
4,5,6,2,1,22.5,163.181,14.5441
4,5,6,2,2,67.5,235.646,16.9344
4,5,6,2,3,112.5,990.992,34.2206
4,5,6,2,4,157.5,1662.63,44.1429
4,5,6,2,5,202.5,1147.88,36.3357
4,5,6,2,6,247.5,229.649,16.4338
4,5,6,2,7,292.5,23.7291,6.5578
4,5,6,2,8,337.5,64.4353,8.79383
4,5,6,3,1,22.5,20.407,6.56827
4,5,6,3,2,67.5,43.7416,7.59196
4,5,6,3,3,112.5,618.78,29.697
4,5,6,3,4,157.5,1428.37,41.5543
4,5,6,3,5,202.5,988.865,33.5735
4,5,6,3,6,247.5,84.9384,10.1151
4,5,6,3,7,292.5,0,0
4,5,6,3,8,337.5,0,0
4,5,6,4,1,22.5,0,0
4,5,6,4,2,67.5,0,0
4,5,6,4,3,112.5,414.924,21.4022
4,5,6,4,4,157.5,1135.46,39.8709
4,5,6,4,5,202.5,771.834,29.1631
4,5,6,4,6,247.5,83.16,9.82748
4,5,6,4,7,292.5,127.095,12.5032
4,5,6,4,8,337.5,0,0
4,5,6,5,1,22.5,0,0
4,5,6,5,2,67.5,98.4744,10.841
4,5,6,5,3,112.5,430.042,21.9125
4,5,6,5,4,157.5,1891.02,45.5272
4,5,6,5,5,202.5,1117.33,39.1141
4,5,6,5,6,247.5,225.698,16.5192
4,5,6,5,7,292.5,633.05,26.1863
4,5,6,5,8,337.5,36.8855,6.67365
4,5,6,6,1,22.5,20.3188,4.77262
4,5,6,6,2,67.5,287.599,17.5677
4,5,6,6,3,112.5,241.777,16.1139
4,5,6,6,4,157.5,1230.09,36.0075
4,5,6,6,5,202.5,753.293,29.455
4,5,6,6,6,247.5,323.535,18.526
4,5,6,6,7,292.5,628.707,29.0274
4,5,6,6,8,337.5,31.5052,5.97475
4,5,6,7,1,22.5,20.3385,4.89731
4,5,6,7,2,67.5,330.724,18.7405
4,5,6,7,3,112.5,136.454,12.0676
4,5,6,7,4,157.5,652.067,26.3918
4,5,6,7,5,202.5,421.885,21.401
4,5,6,7,6,247.5,276.249,17.3069
4,5,6,7,7,292.5,453.569,21.9462
4,5,6,7,8,337.5,0,0
4,5,6,8,1,22.5,0,0
4,5,6,8,2,67.5,220.598,15.2953
4,5,6,8,3,112.5,88.0338,9.75793
4,5,6,8,4,157.5,420.419,21.0375
4,5,6,8,5,202.5,270.663,16.939
4,5,6,8,6,247.5,225.339,15.3259
4,5,6,8,7,292.5,258.03,16.7431
4,5,6,8,8,337.5,0,0
4,5,6,9,1,22.5,0,0
4,5,6,9,2,67.5,63.0456,8.32227
4,5,6,9,3,112.5,43.6502,6.97125
4,5,6,9,4,157.5,93.5228,10.0139
4,5,6,9,5,202.5,53.8696,7.60513
4,5,6,9,6,247.5,73.3977,8.89385
4,5,6,9,7,292.5,51.7018,7.50108
4,5,6,9,8,337.5,0,0
4,5,6,10,1,22.5,0,0
4,5,6,10,2,67.5,0,0
4,5,6,10,3,112.5,0,0
4,5,6,10,4,157.5,14.9082,5.55556
4,5,6,10,5,202.5,0,0
4,5,6,10,6,247.5,0,0
4,5,6,10,7,292.5,0,0
4,5,6,10,8,337.5,0,0
4,5,6,11,1,22.5,0,0
4,5,6,11,2,67.5,0,0
4,5,6,11,3,112.5,0,0
4,5,6,11,4,157.5,0,0
4,5,6,11,5,202.5,0,0
4,5,6,11,6,247.5,0,0
4,5,6,11,7,292.5,0,0
4,5,6,11,8,337.5,0,0
4,5,7,1,1,22.5,517.193,24.0102
4,5,7,1,2,67.5,671.867,27.2827
4,5,7,1,3,112.5,835.471,30.5233
4,5,7,1,4,157.5,871.481,30.9174
4,5,7,1,5,202.5,737.465,28.7
4,5,7,1,6,247.5,431.413,21.9635
4,5,7,1,7,292.5,257.349,16.8812
4,5,7,1,8,337.5,342.71,19.4336
4,5,7,2,1,22.5,129.777,12.5157
4,5,7,2,2,67.5,214.127,15.2555
4,5,7,2,3,112.5,572.969,24.6453
4,5,7,2,4,157.5,771.393,29.3806
4,5,7,2,5,202.5,572.556,25.1614
4,5,7,2,6,247.5,141.23,12.6532
4,5,7,2,7,292.5,0,0
4,5,7,2,8,337.5,47.8921,7.21958
4,5,7,3,1,22.5,19.2334,4.45382
4,5,7,3,2,67.5,47.2096,7.52358
4,5,7,3,3,112.5,313.182,18.4712
4,5,7,3,4,157.5,580.416,25.0715
4,5,7,3,5,202.5,388.577,21.09
4,5,7,3,6,247.5,62.7262,8.25895
4,5,7,3,7,292.5,0,0
4,5,7,3,8,337.5,0,0
4,5,7,4,1,22.5,0,0
4,5,7,4,2,67.5,0,0
4,5,7,4,3,112.5,167.032,13.5546
4,5,7,4,4,157.5,392.902,20.6889
4,5,7,4,5,202.5,279.019,17.3541
4,5,7,4,6,247.5,21.8125,5.26952
4,5,7,4,7,292.5,0,0
4,5,7,4,8,337.5,0,0
4,5,7,5,1,22.5,0,0
4,5,7,5,2,67.5,0,0
4,5,7,5,3,112.5,184.806,14.2972
4,5,7,5,4,157.5,478.034,22.4303
4,5,7,5,5,202.5,293.124,19.4582
4,5,7,5,6,247.5,30.2715,5.87185
4,5,7,5,7,292.5,85.7563,9.59602
4,5,7,5,8,337.5,0,0
4,5,7,6,1,22.5,0,0
4,5,7,6,2,67.5,19.7367,5.36243
4,5,7,6,3,112.5,48.2149,7.51469
4,5,7,6,4,157.5,171.718,13.8293
4,5,7,6,5,202.5,113.434,11.1437
4,5,7,6,6,247.5,30.6472,5.98954
4,5,7,6,7,292.5,79.3934,9.12863
4,5,7,6,8,337.5,0,0
4,5,7,7,1,22.5,0,0
4,5,7,7,2,67.5,0,0
4,5,7,7,3,112.5,0,0
4,5,7,7,4,157.5,37.8287,6.64523
4,5,7,7,5,202.5,20.8868,5.12602
4,5,7,7,6,247.5,0,0
4,5,7,7,7,292.5,42.6592,6.78962
4,5,7,7,8,337.5,0,0
4,5,7,8,1,22.5,0,0
4,5,7,8,2,67.5,0,0
4,5,7,8,3,112.5,0,0
4,5,7,8,4,157.5,0,0
4,5,7,8,5,202.5,0,0
4,5,7,8,6,247.5,0,0
4,5,7,8,7,292.5,0,0
4,5,7,8,8,337.5,0,0
4,5,7,9,1,22.5,0,0
4,5,7,9,2,67.5,0,0
4,5,7,9,3,112.5,0,0
4,5,7,9,4,157.5,0,0
4,5,7,9,5,202.5,0,0
4,5,7,9,6,247.5,0,0
4,5,7,9,7,292.5,0,0
4,5,7,9,8,337.5,0,0
4,5,7,10,1,22.5,0,0
4,5,7,10,2,67.5,0,0
4,5,7,10,3,112.5,0,0
4,5,7,10,4,157.5,0,0
4,5,7,10,5,202.5,0,0
4,5,7,10,6,247.5,0,0
4,5,7,10,7,292.5,0,0
4,5,7,10,8,337.5,0,0
4,5,7,11,1,22.5,0,0
4,5,7,11,2,67.5,0,0
4,5,7,11,3,112.5,0,0
4,5,7,11,4,157.5,0,0
4,5,7,11,5,202.5,0,0
4,5,7,11,6,247.5,0,0
4,5,7,11,7,292.5,0,0
4,5,7,11,8,337.5,0,0
4,5,8,1,1,22.5,0,0
4,5,8,1,2,67.5,0,0
4,5,8,1,3,112.5,11.4274,4.00261
4,5,8,1,4,157.5,21.0477,4.9141
4,5,8,1,5,202.5,0,0
4,5,8,1,6,247.5,0,0
4,5,8,1,7,292.5,0,0
4,5,8,1,8,337.5,11.0737,3.63958
4,5,8,2,1,22.5,0,0
4,5,8,2,2,67.5,0,0
4,5,8,2,3,112.5,0,0
4,5,8,2,4,157.5,0,0
4,5,8,2,5,202.5,0,0
4,5,8,2,6,247.5,0,0
4,5,8,2,7,292.5,0,0
4,5,8,2,8,337.5,0,0
4,5,8,3,1,22.5,0,0
4,5,8,3,2,67.5,0,0
4,5,8,3,3,112.5,0,0
4,5,8,3,4,157.5,0,0
4,5,8,3,5,202.5,0,0
4,5,8,3,6,247.5,0,0
4,5,8,3,7,292.5,0,0
4,5,8,3,8,337.5,0,0
4,5,8,4,1,22.5,0,0
4,5,8,4,2,67.5,0,0
4,5,8,4,3,112.5,0,0
4,5,8,4,4,157.5,0,0
4,5,8,4,5,202.5,0,0
4,5,8,4,6,247.5,0,0
4,5,8,4,7,292.5,0,0
4,5,8,4,8,337.5,0,0
4,5,8,5,1,22.5,0,0
4,5,8,5,2,67.5,0,0
4,5,8,5,3,112.5,0,0
4,5,8,5,4,157.5,0,0
4,5,8,5,5,202.5,0,0
4,5,8,5,6,247.5,0,0
4,5,8,5,7,292.5,0,0
4,5,8,5,8,337.5,0,0
4,5,8,6,1,22.5,0,0
4,5,8,6,2,67.5,0,0
4,5,8,6,3,112.5,0,0
4,5,8,6,4,157.5,0,0
4,5,8,6,5,202.5,0,0
4,5,8,6,6,247.5,0,0
4,5,8,6,7,292.5,0,0
4,5,8,6,8,337.5,0,0
4,5,8,7,1,22.5,0,0
4,5,8,7,2,67.5,0,0
4,5,8,7,3,112.5,0,0
4,5,8,7,4,157.5,0,0
4,5,8,7,5,202.5,0,0
4,5,8,7,6,247.5,0,0
4,5,8,7,7,292.5,0,0
4,5,8,7,8,337.5,0,0
4,5,8,8,1,22.5,0,0
4,5,8,8,2,67.5,0,0
4,5,8,8,3,112.5,0,0
4,5,8,8,4,157.5,0,0
4,5,8,8,5,202.5,0,0
4,5,8,8,6,247.5,0,0
4,5,8,8,7,292.5,0,0
4,5,8,8,8,337.5,0,0
4,5,8,9,1,22.5,0,0
4,5,8,9,2,67.5,0,0
4,5,8,9,3,112.5,0,0
4,5,8,9,4,157.5,0,0
4,5,8,9,5,202.5,0,0
4,5,8,9,6,247.5,0,0
4,5,8,9,7,292.5,0,0
4,5,8,9,8,337.5,0,0
4,5,8,10,1,22.5,0,0
4,5,8,10,2,67.5,0,0
4,5,8,10,3,112.5,0,0
4,5,8,10,4,157.5,0,0
4,5,8,10,5,202.5,0,0
4,5,8,10,6,247.5,0,0
4,5,8,10,7,292.5,0,0
4,5,8,10,8,337.5,0,0
4,5,8,11,1,22.5,0,0
4,5,8,11,2,67.5,0,0
4,5,8,11,3,112.5,0,0
4,5,8,11,4,157.5,0,0
4,5,8,11,5,202.5,0,0
4,5,8,11,6,247.5,0,0
4,5,8,11,7,292.5,0,0
4,5,8,11,8,337.5,0,0
5,6,1,1,1,22.5,0,0
5,6,1,1,2,67.5,0,0
5,6,1,1,3,112.5,0,0
5,6,1,1,4,157.5,0,0
5,6,1,1,5,202.5,0,0
5,6,1,1,6,247.5,0,0
5,6,1,1,7,292.5,0,0
5,6,1,1,8,337.5,0,0
5,6,1,2,1,22.5,0,0
5,6,1,2,2,67.5,0,0
5,6,1,2,3,112.5,0,0
5,6,1,2,4,157.5,0,0
5,6,1,2,5,202.5,0,0
5,6,1,2,6,247.5,0,0
5,6,1,2,7,292.5,0,0
5,6,1,2,8,337.5,0,0
5,6,1,3,1,22.5,0,0
5,6,1,3,2,67.5,0,0
5,6,1,3,3,112.5,0,0
5,6,1,3,4,157.5,0,0
5,6,1,3,5,202.5,0,0
5,6,1,3,6,247.5,0,0
5,6,1,3,7,292.5,0,0
5,6,1,3,8,337.5,0,0
5,6,1,4,1,22.5,0,0
5,6,1,4,2,67.5,0,0
5,6,1,4,3,112.5,0,0
5,6,1,4,4,157.5,0,0
5,6,1,4,5,202.5,0,0
5,6,1,4,6,247.5,0,0
5,6,1,4,7,292.5,0,0
5,6,1,4,8,337.5,0,0
5,6,1,5,1,22.5,0,0
5,6,1,5,2,67.5,0,0
5,6,1,5,3,112.5,0,0
5,6,1,5,4,157.5,0,0
5,6,1,5,5,202.5,0,0
5,6,1,5,6,247.5,0,0
5,6,1,5,7,292.5,0,0
5,6,1,5,8,337.5,0,0
5,6,1,6,1,22.5,0,0
5,6,1,6,2,67.5,0,0
5,6,1,6,3,112.5,0,0
5,6,1,6,4,157.5,0,0
5,6,1,6,5,202.5,0,0
5,6,1,6,6,247.5,0,0
5,6,1,6,7,292.5,0,0
5,6,1,6,8,337.5,0,0
5,6,1,7,1,22.5,0,0
5,6,1,7,2,67.5,0,0
5,6,1,7,3,112.5,0,0
5,6,1,7,4,157.5,0,0
5,6,1,7,5,202.5,0,0
5,6,1,7,6,247.5,0,0
5,6,1,7,7,292.5,0,0
5,6,1,7,8,337.5,0,0
5,6,1,8,1,22.5,0,0
5,6,1,8,2,67.5,0,0
5,6,1,8,3,112.5,0,0
5,6,1,8,4,157.5,0,0
5,6,1,8,5,202.5,0,0
5,6,1,8,6,247.5,0,0
5,6,1,8,7,292.5,0,0
5,6,1,8,8,337.5,0,0
5,6,1,9,1,22.5,0,0
5,6,1,9,2,67.5,0,0
5,6,1,9,3,112.5,0,0
5,6,1,9,4,157.5,0,0
5,6,1,9,5,202.5,0,0
5,6,1,9,6,247.5,0,0
5,6,1,9,7,292.5,0,0
5,6,1,9,8,337.5,0,0
5,6,1,10,1,22.5,0,0
5,6,1,10,2,67.5,0,0
5,6,1,10,3,112.5,0,0
5,6,1,10,4,157.5,0,0
5,6,1,10,5,202.5,0,0
5,6,1,10,6,247.5,0,0
5,6,1,10,7,292.5,0,0
5,6,1,10,8,337.5,0,0
5,6,1,11,1,22.5,0,0
5,6,1,11,2,67.5,0,0
5,6,1,11,3,112.5,0,0
5,6,1,11,4,157.5,0,0
5,6,1,11,5,202.5,0,0
5,6,1,11,6,247.5,0,0
5,6,1,11,7,292.5,0,0
5,6,1,11,8,337.5,0,0
5,6,2,1,1,22.5,310.099,39.2
5,6,2,1,2,67.5,951.688,61.7888
5,6,2,1,3,112.5,688.92,59.6726
5,6,2,1,4,157.5,1572.43,85.1624
5,6,2,1,5,202.5,871.594,67.3529
5,6,2,1,6,247.5,749.475,75.1512
5,6,2,1,7,292.5,1074.85,107.398
5,6,2,1,8,337.5,425.75,39.8019
5,6,2,2,1,22.5,121.111,22.2476
5,6,2,2,2,67.5,472.407,43.8971
5,6,2,2,3,112.5,485.913,41.6726
5,6,2,2,4,157.5,480.97,35.3781
5,6,2,2,5,202.5,257.263,32.6415
5,6,2,2,6,247.5,566.675,41.125
5,6,2,2,7,292.5,578.07,35.7323
5,6,2,2,8,337.5,84.1011,16.9696
5,6,2,3,1,22.5,160.946,20.8644
5,6,2,3,2,67.5,608.673,35.9205
5,6,2,3,3,112.5,292.342,24.8045
5,6,2,3,4,157.5,40.5653,9.47141
5,6,2,3,5,202.5,55.8207,11.1126
5,6,2,3,6,247.5,376.618,29.2587
5,6,2,3,7,292.5,704.784,39.0189
5,6,2,3,8,337.5,204.194,17.335
5,6,2,4,1,22.5,167.355,18.0022
5,6,2,4,2,67.5,468.455,42.9384
5,6,2,4,3,112.5,111.646,14.5338
5,6,2,4,4,157.5,0,0
5,6,2,4,5,202.5,0,0
5,6,2,4,6,247.5,202.85,17.7361
5,6,2,4,7,292.5,451.067,31.8537
5,6,2,4,8,337.5,140.533,14.4556
5,6,2,5,1,22.5,155.275,14.0473
5,6,2,5,2,67.5,480.552,27.0828
5,6,2,5,3,112.5,67.2312,9.17103
5,6,2,5,4,157.5,0,0
5,6,2,5,5,202.5,0,0
5,6,2,5,6,247.5,75.743,9.51678
5,6,2,5,7,292.5,339.567,24.8732
5,6,2,5,8,337.5,144.763,13.9333
5,6,2,6,1,22.5,30.6951,6.11857
5,6,2,6,2,67.5,78.164,9.32666
5,6,2,6,3,112.5,0,0
5,6,2,6,4,157.5,0,0
5,6,2,6,5,202.5,0,0
5,6,2,6,6,247.5,0,0
5,6,2,6,7,292.5,88.1529,9.97433
5,6,2,6,8,337.5,40.415,7.12308
5,6,2,7,1,22.5,0,0
5,6,2,7,2,67.5,0,0
5,6,2,7,3,112.5,0,0
5,6,2,7,4,157.5,0,0
5,6,2,7,5,202.5,0,0
5,6,2,7,6,247.5,0,0
5,6,2,7,7,292.5,0,0
5,6,2,7,8,337.5,0,0
5,6,2,8,1,22.5,0,0
5,6,2,8,2,67.5,0,0
5,6,2,8,3,112.5,0,0
5,6,2,8,4,157.5,0,0
5,6,2,8,5,202.5,0,0
5,6,2,8,6,247.5,0,0
5,6,2,8,7,292.5,0,0
5,6,2,8,8,337.5,0,0
5,6,2,9,1,22.5,0,0
5,6,2,9,2,67.5,0,0
5,6,2,9,3,112.5,0,0
5,6,2,9,4,157.5,0,0
5,6,2,9,5,202.5,0,0
5,6,2,9,6,247.5,0,0
5,6,2,9,7,292.5,0,0
5,6,2,9,8,337.5,0,0
5,6,2,10,1,22.5,0,0
5,6,2,10,2,67.5,0,0
5,6,2,10,3,112.5,0,0
5,6,2,10,4,157.5,0,0
5,6,2,10,5,202.5,0,0
5,6,2,10,6,247.5,0,0
5,6,2,10,7,292.5,0,0
5,6,2,10,8,337.5,0,0
5,6,2,11,1,22.5,0,0
5,6,2,11,2,67.5,0,0
5,6,2,11,3,112.5,0,0
5,6,2,11,4,157.5,0,0
5,6,2,11,5,202.5,0,0
5,6,2,11,6,247.5,0,0
5,6,2,11,7,292.5,0,0
5,6,2,11,8,337.5,0,0
5,6,3,1,1,22.5,878.011,55.4862
5,6,3,1,2,67.5,1649.98,73.4092
5,6,3,1,3,112.5,2531.78,87.1108
5,6,3,1,4,157.5,4251.97,153.674
5,6,3,1,5,202.5,3143.14,99.5539
5,6,3,1,6,247.5,1903.32,126.38
5,6,3,1,7,292.5,1862.43,92.9965
5,6,3,1,8,337.5,1341.94,63.5431
5,6,3,2,1,22.5,753.484,32.1505
5,6,3,2,2,67.5,1252.34,58.3311
5,6,3,2,3,112.5,1417.93,77.4193
5,6,3,2,4,157.5,2299.33,69.0904
5,6,3,2,5,202.5,1497.15,59.7794
5,6,3,2,6,247.5,1379.47,53.9481
5,6,3,2,7,292.5,1039.69,76.6032
5,6,3,2,8,337.5,420.564,26.8722
5,6,3,3,1,22.5,113.248,19.9121
5,6,3,3,2,67.5,970.324,41.2254
5,6,3,3,3,112.5,1024.94,44.6386
5,6,3,3,4,157.5,904.544,40.7371
5,6,3,3,5,202.5,616.731,34.1414
5,6,3,3,6,247.5,1067.95,42.1214
5,6,3,3,7,292.5,1651.56,57.206
5,6,3,3,8,337.5,170.809,24.7226
5,6,3,4,1,22.5,260.024,18.6722
5,6,3,4,2,67.5,1456.52,45.5967
5,6,3,4,3,112.5,567.231,32.3414
5,6,3,4,4,157.5,251.379,20.9444
5,6,3,4,5,202.5,154.805,17.2123
5,6,3,4,6,247.5,864.282,37.7126
5,6,3,4,7,292.5,1683.61,51.3086
5,6,3,4,8,337.5,410.441,23.2812
5,6,3,5,1,22.5,587.527,26.7638
5,6,3,5,2,67.5,2302.77,57.7779
5,6,3,5,3,112.5,556.348,28.1054
5,6,3,5,4,157.5,76.9168,10.2345
5,6,3,5,5,202.5,84.9113,10.1845
5,6,3,5,6,247.5,804.755,37.3896
5,6,3,5,7,292.5,2031.83,55.1961
5,6,3,5,8,337.5,486.256,27.9567
5,6,3,6,1,22.5,284.753,18.6681
5,6,3,6,2,67.5,1055.77,35.2103
5,6,3,6,3,112.5,154.863,13.1726
5,6,3,6,4,157.5,0,0
5,6,3,6,5,202.5,0,0
5,6,3,6,6,247.5,206.461,15.9972
5,6,3,6,7,292.5,781.582,31.6283
5,6,3,6,8,337.5,247.162,17.3098
5,6,3,7,1,22.5,107.426,12.0176
5,6,3,7,2,67.5,277.762,18.3033
5,6,3,7,3,112.5,21.9254,5.39795
5,6,3,7,4,157.5,0,0
5,6,3,7,5,202.5,0,0
5,6,3,7,6,247.5,37.8588,7.0566
5,6,3,7,7,292.5,261.286,17.7737
5,6,3,7,8,337.5,150.32,13.6659
5,6,3,8,1,22.5,65.3768,8.82805
5,6,3,8,2,67.5,98.4201,10.2509
5,6,3,8,3,112.5,0,0
5,6,3,8,4,157.5,0,0
5,6,3,8,5,202.5,0,0
5,6,3,8,6,247.5,0,0
5,6,3,8,7,292.5,64.8784,8.88217
5,6,3,8,8,337.5,56.1362,7.97875
5,6,3,9,1,22.5,0,0
5,6,3,9,2,67.5,0,0
5,6,3,9,3,112.5,0,0
5,6,3,9,4,157.5,0,0
5,6,3,9,5,202.5,0,0
5,6,3,9,6,247.5,0,0
5,6,3,9,7,292.5,0,0
5,6,3,9,8,337.5,0,0
5,6,3,10,1,22.5,0,0
5,6,3,10,2,67.5,0,0
5,6,3,10,3,112.5,0,0
5,6,3,10,4,157.5,0,0
5,6,3,10,5,202.5,0,0
5,6,3,10,6,247.5,0,0
5,6,3,10,7,292.5,0,0
5,6,3,10,8,337.5,0,0
5,6,3,11,1,22.5,0,0
5,6,3,11,2,67.5,0,0
5,6,3,11,3,112.5,0,0
5,6,3,11,4,157.5,0,0
5,6,3,11,5,202.5,0,0
5,6,3,11,6,247.5,0,0
5,6,3,11,7,292.5,0,0
5,6,3,11,8,337.5,0,0
5,6,4,1,1,22.5,1254.82,50.6955
5,6,4,1,2,67.5,1710.2,59.4936
5,6,4,1,3,112.5,3012.73,72.8474
5,6,4,1,4,157.5,4109.2,108.833
5,6,4,1,5,202.5,3460.35,77.556
5,6,4,1,6,247.5,1528.56,53.4113
5,6,4,1,7,292.5,1087.06,45.1618
5,6,4,1,8,337.5,971.434,44.0133
5,6,4,2,1,22.5,605.275,32.2362
5,6,4,2,2,67.5,921.626,39.487
5,6,4,2,3,112.5,1412.17,47.0318
5,6,4,2,4,157.5,3140.65,88.1983
5,6,4,2,5,202.5,2213.51,60.1907
5,6,4,2,6,247.5,765.003,35.7498
5,6,4,2,7,292.5,790.453,40.1185
5,6,4,2,8,337.5,687.554,32.6187
5,6,4,3,1,22.5,336.113,20.7043
5,6,4,3,2,67.5,556.397,28.0217
5,6,4,3,3,112.5,931.345,36.0087
5,6,4,3,4,157.5,1891.69,53.4007
5,6,4,3,5,202.5,1244.32,56.1699
5,6,4,3,6,247.5,696.934,41.3215
5,6,4,3,7,292.5,791.194,34.38
5,6,4,3,8,337.5,261.457,20.4716
5,6,4,4,1,22.5,124.285,13.9829
5,6,4,4,2,67.5,620.421,29.9841
5,6,4,4,3,112.5,587.244,27.8355
5,6,4,4,4,157.5,1009.32,37.0512
5,6,4,4,5,202.5,674.505,30.9108
5,6,4,4,6,247.5,616.755,29.0445
5,6,4,4,7,292.5,1386.53,42.7442
5,6,4,4,8,337.5,101.12,11.6047
5,6,4,5,1,22.5,201.306,16.0675
5,6,4,5,2,67.5,1805.31,50.0081
5,6,4,5,3,112.5,659.524,30.9012
5,6,4,5,4,157.5,670.922,29.9349
5,6,4,5,5,202.5,445.384,24.8065
5,6,4,5,6,247.5,1072.73,38.9287
5,6,4,5,7,292.5,2405.26,56.479
5,6,4,5,8,337.5,299.414,19.0879
5,6,4,6,1,22.5,198.357,15.6719
5,6,4,6,2,67.5,1452.01,42.7241
5,6,4,6,3,112.5,416.91,21.6843
5,6,4,6,4,157.5,121.695,11.8788
5,6,4,6,5,202.5,72.6533,10.0161
5,6,4,6,6,247.5,687.908,28.8529
5,6,4,6,7,292.5,1246.38,40.2945
5,6,4,6,8,337.5,226.621,15.7761
5,6,4,7,1,22.5,97.8979,10.6251
5,6,4,7,2,67.5,699.389,28.5003
5,6,4,7,3,112.5,183.285,13.9381
5,6,4,7,4,157.5,0,0
5,6,4,7,5,202.5,0,0
5,6,4,7,6,247.5,268.916,18.2744
5,6,4,7,7,292.5,539.722,25.2794
5,6,4,7,8,337.5,83.0153,10.3052
5,6,4,8,1,22.5,38.4697,6.67353
5,6,4,8,2,67.5,312.336,18.4652
5,6,4,8,3,112.5,79.1672,9.4221
5,6,4,8,4,157.5,0,0
5,6,4,8,5,202.5,0,0
5,6,4,8,6,247.5,102.533,10.5112
5,6,4,8,7,292.5,235.95,16.1968
5,6,4,8,8,337.5,73.0864,9.11288
5,6,4,9,1,22.5,0,0
5,6,4,9,2,67.5,37.3303,6.71144
5,6,4,9,3,112.5,0,0
5,6,4,9,4,157.5,0,0
5,6,4,9,5,202.5,0,0
5,6,4,9,6,247.5,0,0
5,6,4,9,7,292.5,0,0
5,6,4,9,8,337.5,0,0
5,6,4,10,1,22.5,0,0
5,6,4,10,2,67.5,0,0
5,6,4,10,3,112.5,0,0
5,6,4,10,4,157.5,0,0
5,6,4,10,5,202.5,0,0
5,6,4,10,6,247.5,0,0
5,6,4,10,7,292.5,0,0
5,6,4,10,8,337.5,0,0
5,6,4,11,1,22.5,0,0
5,6,4,11,2,67.5,0,0
5,6,4,11,3,112.5,0,0
5,6,4,11,4,157.5,0,0
5,6,4,11,5,202.5,0,0
5,6,4,11,6,247.5,0,0
5,6,4,11,7,292.5,0,0
5,6,4,11,8,337.5,0,0
5,6,5,1,1,22.5,1442.24,54.5856
5,6,5,1,2,67.5,1594.86,60.6937
5,6,5,1,3,112.5,2270.33,66.0992
5,6,5,1,4,157.5,3266.18,65.0767
5,6,5,1,5,202.5,2474.48,59.3253
5,6,5,1,6,247.5,1245.86,42.11
5,6,5,1,7,292.5,768.041,32.7596
5,6,5,1,8,337.5,954.656,37.4743
5,6,5,2,1,22.5,301.431,21.0444
5,6,5,2,2,67.5,372.515,21.7802
5,6,5,2,3,112.5,1465.6,44.1964
5,6,5,2,4,157.5,2341.2,64.2575
5,6,5,2,5,202.5,2059.1,51.357
5,6,5,2,6,247.5,457.448,25.239
5,6,5,2,7,292.5,326.614,20.6174
5,6,5,2,8,337.5,273.522,19.5228
5,6,5,3,1,22.5,184.243,14.6672
5,6,5,3,2,67.5,271.161,19.0211
5,6,5,3,3,112.5,864.602,32.4722
5,6,5,3,4,157.5,1899.63,48.5113
5,6,5,3,5,202.5,1418.9,42.184
5,6,5,3,6,247.5,294.596,19.4798
5,6,5,3,7,292.5,239.276,17.9089
5,6,5,3,8,337.5,204.206,15.5091
5,6,5,4,1,22.5,128.734,12.1056
5,6,5,4,2,67.5,165.591,14.717
5,6,5,4,3,112.5,521.339,24.8181
5,6,5,4,4,157.5,1232.36,38.462
5,6,5,4,5,202.5,942.195,34.5692
5,6,5,4,6,247.5,250.069,19.7466
5,6,5,4,7,292.5,488.095,24.3281
5,6,5,4,8,337.5,80.8754,10.3287
5,6,5,5,1,22.5,99.821,10.8463
5,6,5,5,2,67.5,637.027,32.495
5,6,5,5,3,112.5,527.844,25.1402
5,6,5,5,4,157.5,1275.08,38.5392
5,6,5,5,5,202.5,921.394,33.1756
5,6,5,5,6,247.5,583.196,26.7512
5,6,5,5,7,292.5,1395.28,41.3965
5,6,5,5,8,337.5,122.495,12.0928
5,6,5,6,1,22.5,74.582,9.43974
5,6,5,6,2,67.5,828.855,29.7008
5,6,5,6,3,112.5,290.61,18.0656
5,6,5,6,4,157.5,468.818,22.9714
5,6,5,6,5,202.5,320.79,19.1507
5,6,5,6,6,247.5,456.488,23.1919
5,6,5,6,7,292.5,1021.08,34.2738
5,6,5,6,8,337.5,63.5625,8.6788
5,6,5,7,1,22.5,47.7178,7.2343
5,6,5,7,2,67.5,432.348,21.431
5,6,5,7,3,112.5,145.16,12.6418
5,6,5,7,4,157.5,119.906,11.2198
5,6,5,7,5,202.5,78.221,9.4671
5,6,5,7,6,247.5,303.603,18.5712
5,6,5,7,7,292.5,431.721,21.5046
5,6,5,7,8,337.5,23.2081,5.2986
5,6,5,8,1,22.5,0,0
5,6,5,8,2,67.5,195.706,14.5563
5,6,5,8,3,112.5,73.4141,8.98162
5,6,5,8,4,157.5,0,0
5,6,5,8,5,202.5,0,0
5,6,5,8,6,247.5,177.293,13.6996
5,6,5,8,7,292.5,155.544,12.9352
5,6,5,8,8,337.5,0,0
5,6,5,9,1,22.5,0,0
5,6,5,9,2,67.5,16.1102,4.5171
5,6,5,9,3,112.5,0,0
5,6,5,9,4,157.5,0,0
5,6,5,9,5,202.5,0,0
5,6,5,9,6,247.5,23.8828,5.22827
5,6,5,9,7,292.5,0,0
5,6,5,9,8,337.5,0,0
5,6,5,10,1,22.5,0,0
5,6,5,10,2,67.5,0,0
5,6,5,10,3,112.5,0,0
5,6,5,10,4,157.5,0,0
5,6,5,10,5,202.5,0,0
5,6,5,10,6,247.5,0,0
5,6,5,10,7,292.5,0,0
5,6,5,10,8,337.5,0,0
5,6,5,11,1,22.5,0,0
5,6,5,11,2,67.5,0,0
5,6,5,11,3,112.5,0,0
5,6,5,11,4,157.5,0,0
5,6,5,11,5,202.5,0,0
5,6,5,11,6,247.5,0,0
5,6,5,11,7,292.5,0,0
5,6,5,11,8,337.5,0,0
5,6,6,1,1,22.5,1178.69,42.2895
5,6,6,1,2,67.5,1244.31,42.971
5,6,6,1,3,112.5,1688.08,45.9213
5,6,6,1,4,157.5,1935.05,47.7908
5,6,6,1,5,202.5,1647.42,44.6168
5,6,6,1,6,247.5,978.243,34.2568
5,6,6,1,7,292.5,660.614,27.8774
5,6,6,1,8,337.5,836.733,30.7966
5,6,6,2,1,22.5,371.788,21.3933
5,6,6,2,2,67.5,371.686,21.2723
5,6,6,2,3,112.5,1088,35.4115
5,6,6,2,4,157.5,1447.34,41.8252
5,6,6,2,5,202.5,1232.48,37.7215
5,6,6,2,6,247.5,333.481,22.7266
5,6,6,2,7,292.5,52.3601,9.19206
5,6,6,2,8,337.5,154.76,13.2873
5,6,6,3,1,22.5,82.2971,9.78534
5,6,6,3,2,67.5,98.7137,10.8498
5,6,6,3,3,112.5,637.876,26.4197
5,6,6,3,4,157.5,1138.49,36.4211
5,6,6,3,5,202.5,858.717,31.5218
5,6,6,3,6,247.5,134.702,12.7012
5,6,6,3,7,292.5,53.3814,7.95526
5,6,6,3,8,337.5,48.9533,7.7557
5,6,6,4,1,22.5,0,0
5,6,6,4,2,67.5,36.5415,6.59968
5,6,6,4,3,112.5,363.913,19.9617
5,6,6,4,4,157.5,816.602,29.697
5,6,6,4,5,202.5,620.284,27.0038
5,6,6,4,6,247.5,87.5505,10.1874
5,6,6,4,7,292.5,114.369,11.3232
5,6,6,4,8,337.5,21.2634,5.22151
5,6,6,5,1,22.5,24.0757,5.50334
5,6,6,5,2,67.5,54.8098,7.91419
5,6,6,5,3,112.5,299.48,18.0025
5,6,6,5,4,157.5,926.4,32.2297
5,6,6,5,5,202.5,657.827,27.0251
5,6,6,5,6,247.5,123.984,11.9148
5,6,6,5,7,292.5,317.571,18.9313
5,6,6,5,8,337.5,32.7603,6.74999
5,6,6,6,1,22.5,0,0
5,6,6,6,2,67.5,86.1304,10.0269
5,6,6,6,3,112.5,78.3862,9.31276
5,6,6,6,4,157.5,359.582,19.4831
5,6,6,6,5,202.5,206.736,14.9587
5,6,6,6,6,247.5,82.3707,9.56458
5,6,6,6,7,292.5,275.004,17.4652
5,6,6,6,8,337.5,0,0
5,6,6,7,1,22.5,0,0
5,6,6,7,2,67.5,61.0621,8.1251
5,6,6,7,3,112.5,18.7264,5.37207
5,6,6,7,4,157.5,100.124,10.477
5,6,6,7,5,202.5,56.0366,8.05187
5,6,6,7,6,247.5,42.7186,6.85228
5,6,6,7,7,292.5,77.6215,9.13191
5,6,6,7,8,337.5,0,0
5,6,6,8,1,22.5,0,0
5,6,6,8,2,67.5,0,0
5,6,6,8,3,112.5,0,0
5,6,6,8,4,157.5,0,0
5,6,6,8,5,202.5,0,0
5,6,6,8,6,247.5,0,0
5,6,6,8,7,292.5,0,0
5,6,6,8,8,337.5,0,0
5,6,6,9,1,22.5,0,0
5,6,6,9,2,67.5,0,0
5,6,6,9,3,112.5,0,0
5,6,6,9,4,157.5,0,0
5,6,6,9,5,202.5,0,0
5,6,6,9,6,247.5,0,0
5,6,6,9,7,292.5,0,0
5,6,6,9,8,337.5,0,0
5,6,6,10,1,22.5,0,0
5,6,6,10,2,67.5,0,0
5,6,6,10,3,112.5,0,0
5,6,6,10,4,157.5,0,0
5,6,6,10,5,202.5,0,0
5,6,6,10,6,247.5,0,0
5,6,6,10,7,292.5,0,0
5,6,6,10,8,337.5,0,0
5,6,6,11,1,22.5,0,0
5,6,6,11,2,67.5,0,0
5,6,6,11,3,112.5,0,0
5,6,6,11,4,157.5,0,0
5,6,6,11,5,202.5,0,0
5,6,6,11,6,247.5,0,0
5,6,6,11,7,292.5,0,0
5,6,6,11,8,337.5,0,0
5,6,7,1,1,22.5,253.712,16.5434
5,6,7,1,2,67.5,281.803,17.3312
5,6,7,1,3,112.5,335.884,19.2115
5,6,7,1,4,157.5,330.641,19.5454
5,6,7,1,5,202.5,280.174,17.5725
5,6,7,1,6,247.5,162.792,13.5838
5,6,7,1,7,292.5,127.64,12.3507
5,6,7,1,8,337.5,162.04,13.306
5,6,7,2,1,22.5,62.2836,8.19479
5,6,7,2,2,67.5,85.0185,9.61917
5,6,7,2,3,112.5,169.363,13.502
5,6,7,2,4,157.5,189.281,14.2498
5,6,7,2,5,202.5,167.445,13.3034
5,6,7,2,6,247.5,58.4394,7.97804
5,6,7,2,7,292.5,0,0
5,6,7,2,8,337.5,25.2515,5.77449
5,6,7,3,1,22.5,0,0
5,6,7,3,2,67.5,0,0
5,6,7,3,3,112.5,56.6183,7.95769
5,6,7,3,4,157.5,120.364,11.2579
5,6,7,3,5,202.5,79.8052,9.35782
5,6,7,3,6,247.5,0,0
5,6,7,3,7,292.5,0,0
5,6,7,3,8,337.5,0,0
5,6,7,4,1,22.5,0,0
5,6,7,4,2,67.5,0,0
5,6,7,4,3,112.5,25.4735,5.56116
5,6,7,4,4,157.5,52.7914,7.53854
5,6,7,4,5,202.5,39.6379,6.63343
5,6,7,4,6,247.5,0,0
5,6,7,4,7,292.5,0,0
5,6,7,4,8,337.5,0,0
5,6,7,5,1,22.5,0,0
5,6,7,5,2,67.5,0,0
5,6,7,5,3,112.5,0,0
5,6,7,5,4,157.5,25.6242,5.46197
5,6,7,5,5,202.5,0,0
5,6,7,5,6,247.5,0,0
5,6,7,5,7,292.5,0,0
5,6,7,5,8,337.5,0,0
5,6,7,6,1,22.5,0,0
5,6,7,6,2,67.5,0,0
5,6,7,6,3,112.5,0,0
5,6,7,6,4,157.5,0,0
5,6,7,6,5,202.5,0,0
5,6,7,6,6,247.5,0,0
5,6,7,6,7,292.5,0,0
5,6,7,6,8,337.5,0,0
5,6,7,7,1,22.5,0,0
5,6,7,7,2,67.5,0,0
5,6,7,7,3,112.5,0,0
5,6,7,7,4,157.5,0,0
5,6,7,7,5,202.5,0,0
5,6,7,7,6,247.5,0,0
5,6,7,7,7,292.5,0,0
5,6,7,7,8,337.5,0,0
5,6,7,8,1,22.5,0,0
5,6,7,8,2,67.5,0,0
5,6,7,8,3,112.5,0,0
5,6,7,8,4,157.5,0,0
5,6,7,8,5,202.5,0,0
5,6,7,8,6,247.5,0,0
5,6,7,8,7,292.5,0,0
5,6,7,8,8,337.5,0,0
5,6,7,9,1,22.5,0,0
5,6,7,9,2,67.5,0,0
5,6,7,9,3,112.5,0,0
5,6,7,9,4,157.5,0,0
5,6,7,9,5,202.5,0,0
5,6,7,9,6,247.5,0,0
5,6,7,9,7,292.5,0,0
5,6,7,9,8,337.5,0,0
5,6,7,10,1,22.5,0,0
5,6,7,10,2,67.5,0,0
5,6,7,10,3,112.5,0,0
5,6,7,10,4,157.5,0,0
5,6,7,10,5,202.5,0,0
5,6,7,10,6,247.5,0,0
5,6,7,10,7,292.5,0,0
5,6,7,10,8,337.5,0,0
5,6,7,11,1,22.5,0,0
5,6,7,11,2,67.5,0,0
5,6,7,11,3,112.5,0,0
5,6,7,11,4,157.5,0,0
5,6,7,11,5,202.5,0,0
5,6,7,11,6,247.5,0,0
5,6,7,11,7,292.5,0,0
5,6,7,11,8,337.5,0,0
5,6,8,1,1,22.5,0,0
5,6,8,1,2,67.5,0,0
5,6,8,1,3,112.5,0,0
5,6,8,1,4,157.5,0,0
5,6,8,1,5,202.5,0,0
5,6,8,1,6,247.5,0,0
5,6,8,1,7,292.5,0,0
5,6,8,1,8,337.5,0,0
5,6,8,2,1,22.5,0,0
5,6,8,2,2,67.5,0,0
5,6,8,2,3,112.5,0,0
5,6,8,2,4,157.5,0,0
5,6,8,2,5,202.5,0,0
5,6,8,2,6,247.5,0,0
5,6,8,2,7,292.5,0,0
5,6,8,2,8,337.5,0,0
5,6,8,3,1,22.5,0,0
5,6,8,3,2,67.5,0,0
5,6,8,3,3,112.5,0,0
5,6,8,3,4,157.5,0,0
5,6,8,3,5,202.5,0,0
5,6,8,3,6,247.5,0,0
5,6,8,3,7,292.5,0,0
5,6,8,3,8,337.5,0,0
5,6,8,4,1,22.5,0,0
5,6,8,4,2,67.5,0,0
5,6,8,4,3,112.5,0,0
5,6,8,4,4,157.5,0,0
5,6,8,4,5,202.5,0,0
5,6,8,4,6,247.5,0,0
5,6,8,4,7,292.5,0,0
5,6,8,4,8,337.5,0,0
5,6,8,5,1,22.5,0,0
5,6,8,5,2,67.5,0,0
5,6,8,5,3,112.5,0,0
5,6,8,5,4,157.5,0,0
5,6,8,5,5,202.5,0,0
5,6,8,5,6,247.5,0,0
5,6,8,5,7,292.5,0,0
5,6,8,5,8,337.5,0,0
5,6,8,6,1,22.5,0,0
5,6,8,6,2,67.5,0,0
5,6,8,6,3,112.5,0,0
5,6,8,6,4,157.5,0,0
5,6,8,6,5,202.5,0,0
5,6,8,6,6,247.5,0,0
5,6,8,6,7,292.5,0,0
5,6,8,6,8,337.5,0,0
5,6,8,7,1,22.5,0,0
5,6,8,7,2,67.5,0,0
5,6,8,7,3,112.5,0,0
5,6,8,7,4,157.5,0,0
5,6,8,7,5,202.5,0,0
5,6,8,7,6,247.5,0,0
5,6,8,7,7,292.5,0,0
5,6,8,7,8,337.5,0,0
5,6,8,8,1,22.5,0,0
5,6,8,8,2,67.5,0,0
5,6,8,8,3,112.5,0,0
5,6,8,8,4,157.5,0,0
5,6,8,8,5,202.5,0,0
5,6,8,8,6,247.5,0,0
5,6,8,8,7,292.5,0,0
5,6,8,8,8,337.5,0,0
5,6,8,9,1,22.5,0,0
5,6,8,9,2,67.5,0,0
5,6,8,9,3,112.5,0,0
5,6,8,9,4,157.5,0,0
5,6,8,9,5,202.5,0,0
5,6,8,9,6,247.5,0,0
5,6,8,9,7,292.5,0,0
5,6,8,9,8,337.5,0,0
5,6,8,10,1,22.5,0,0
5,6,8,10,2,67.5,0,0
5,6,8,10,3,112.5,0,0
5,6,8,10,4,157.5,0,0
5,6,8,10,5,202.5,0,0
5,6,8,10,6,247.5,0,0
5,6,8,10,7,292.5,0,0
5,6,8,10,8,337.5,0,0
5,6,8,11,1,22.5,0,0
5,6,8,11,2,67.5,0,0
5,6,8,11,3,112.5,0,0
5,6,8,11,4,157.5,0,0
5,6,8,11,5,202.5,0,0
5,6,8,11,6,247.5,0,0
5,6,8,11,7,292.5,0,0
5,6,8,11,8,337.5,0,0
6,7,1,1,1,22.5,0,0
6,7,1,1,2,67.5,0,0
6,7,1,1,3,112.5,0,0
6,7,1,1,4,157.5,0,0
6,7,1,1,5,202.5,0,0
6,7,1,1,6,247.5,0,0
6,7,1,1,7,292.5,0,0
6,7,1,1,8,337.5,0,0
6,7,1,2,1,22.5,0,0
6,7,1,2,2,67.5,0,0
6,7,1,2,3,112.5,0,0
6,7,1,2,4,157.5,0,0
6,7,1,2,5,202.5,0,0
6,7,1,2,6,247.5,0,0
6,7,1,2,7,292.5,0,0
6,7,1,2,8,337.5,0,0
6,7,1,3,1,22.5,0,0
6,7,1,3,2,67.5,0,0
6,7,1,3,3,112.5,0,0
6,7,1,3,4,157.5,0,0
6,7,1,3,5,202.5,0,0
6,7,1,3,6,247.5,0,0
6,7,1,3,7,292.5,0,0
6,7,1,3,8,337.5,0,0
6,7,1,4,1,22.5,0,0
6,7,1,4,2,67.5,0,0
6,7,1,4,3,112.5,0,0
6,7,1,4,4,157.5,0,0
6,7,1,4,5,202.5,0,0
6,7,1,4,6,247.5,0,0
6,7,1,4,7,292.5,0,0
6,7,1,4,8,337.5,0,0
6,7,1,5,1,22.5,0,0
6,7,1,5,2,67.5,0,0
6,7,1,5,3,112.5,0,0
6,7,1,5,4,157.5,0,0
6,7,1,5,5,202.5,0,0
6,7,1,5,6,247.5,0,0
6,7,1,5,7,292.5,0,0
6,7,1,5,8,337.5,0,0
6,7,1,6,1,22.5,0,0
6,7,1,6,2,67.5,0,0
6,7,1,6,3,112.5,0,0
6,7,1,6,4,157.5,0,0
6,7,1,6,5,202.5,0,0
6,7,1,6,6,247.5,0,0
6,7,1,6,7,292.5,0,0
6,7,1,6,8,337.5,0,0
6,7,1,7,1,22.5,0,0
6,7,1,7,2,67.5,0,0
6,7,1,7,3,112.5,0,0
6,7,1,7,4,157.5,0,0
6,7,1,7,5,202.5,0,0
6,7,1,7,6,247.5,0,0
6,7,1,7,7,292.5,0,0
6,7,1,7,8,337.5,0,0
6,7,1,8,1,22.5,0,0
6,7,1,8,2,67.5,0,0
6,7,1,8,3,112.5,0,0
6,7,1,8,4,157.5,0,0
6,7,1,8,5,202.5,0,0
6,7,1,8,6,247.5,0,0
6,7,1,8,7,292.5,0,0
6,7,1,8,8,337.5,0,0
6,7,1,9,1,22.5,0,0
6,7,1,9,2,67.5,0,0
6,7,1,9,3,112.5,0,0
6,7,1,9,4,157.5,0,0
6,7,1,9,5,202.5,0,0
6,7,1,9,6,247.5,0,0
6,7,1,9,7,292.5,0,0
6,7,1,9,8,337.5,0,0
6,7,1,10,1,22.5,0,0
6,7,1,10,2,67.5,0,0
6,7,1,10,3,112.5,0,0
6,7,1,10,4,157.5,0,0
6,7,1,10,5,202.5,0,0
6,7,1,10,6,247.5,0,0
6,7,1,10,7,292.5,0,0
6,7,1,10,8,337.5,0,0
6,7,1,11,1,22.5,0,0
6,7,1,11,2,67.5,0,0
6,7,1,11,3,112.5,0,0
6,7,1,11,4,157.5,0,0
6,7,1,11,5,202.5,0,0
6,7,1,11,6,247.5,0,0
6,7,1,11,7,292.5,0,0
6,7,1,11,8,337.5,0,0
6,7,2,1,1,22.5,0,0
6,7,2,1,2,67.5,61.2439,27.3448
6,7,2,1,3,112.5,82.5661,13.9712
6,7,2,1,4,157.5,77.4657,18.8191
6,7,2,1,5,202.5,42.7957,12.3329
6,7,2,1,6,247.5,27.0632,13.2505
6,7,2,1,7,292.5,0,0
6,7,2,1,8,337.5,62.7057,10.8026
6,7,2,2,1,22.5,0,0
6,7,2,2,2,67.5,52.6755,12.0275
6,7,2,2,3,112.5,41.491,8.91417
6,7,2,2,4,157.5,0,0
6,7,2,2,5,202.5,0,0
6,7,2,2,6,247.5,0,0
6,7,2,2,7,292.5,37.8973,9.2889
6,7,2,2,8,337.5,0,0
6,7,2,3,1,22.5,0,0
6,7,2,3,2,67.5,52.7317,9.05523
6,7,2,3,3,112.5,0,0
6,7,2,3,4,157.5,0,0
6,7,2,3,5,202.5,0,0
6,7,2,3,6,247.5,0,0
6,7,2,3,7,292.5,54.696,10.441
6,7,2,3,8,337.5,0,0
6,7,2,4,1,22.5,19.29,4.63195
6,7,2,4,2,67.5,0,0
6,7,2,4,3,112.5,0,0
6,7,2,4,4,157.5,0,0
6,7,2,4,5,202.5,0,0
6,7,2,4,6,247.5,0,0
6,7,2,4,7,292.5,0,0
6,7,2,4,8,337.5,0,0
6,7,2,5,1,22.5,0,0
6,7,2,5,2,67.5,0,0
6,7,2,5,3,112.5,0,0
6,7,2,5,4,157.5,0,0
6,7,2,5,5,202.5,0,0
6,7,2,5,6,247.5,0,0
6,7,2,5,7,292.5,15.3005,4.48917
6,7,2,5,8,337.5,0,0
6,7,2,6,1,22.5,0,0
6,7,2,6,2,67.5,0,0
6,7,2,6,3,112.5,0,0
6,7,2,6,4,157.5,0,0
6,7,2,6,5,202.5,0,0
6,7,2,6,6,247.5,0,0
6,7,2,6,7,292.5,0,0
6,7,2,6,8,337.5,0,0
6,7,2,7,1,22.5,0,0
6,7,2,7,2,67.5,0,0
6,7,2,7,3,112.5,0,0
6,7,2,7,4,157.5,0,0
6,7,2,7,5,202.5,0,0
6,7,2,7,6,247.5,0,0
6,7,2,7,7,292.5,0,0
6,7,2,7,8,337.5,0,0
6,7,2,8,1,22.5,0,0
6,7,2,8,2,67.5,0,0
6,7,2,8,3,112.5,0,0
6,7,2,8,4,157.5,0,0
6,7,2,8,5,202.5,0,0
6,7,2,8,6,247.5,0,0
6,7,2,8,7,292.5,0,0
6,7,2,8,8,337.5,0,0
6,7,2,9,1,22.5,0,0
6,7,2,9,2,67.5,0,0
6,7,2,9,3,112.5,0,0
6,7,2,9,4,157.5,0,0
6,7,2,9,5,202.5,0,0
6,7,2,9,6,247.5,0,0
6,7,2,9,7,292.5,0,0
6,7,2,9,8,337.5,0,0
6,7,2,10,1,22.5,0,0
6,7,2,10,2,67.5,0,0
6,7,2,10,3,112.5,0,0
6,7,2,10,4,157.5,0,0
6,7,2,10,5,202.5,0,0
6,7,2,10,6,247.5,0,0
6,7,2,10,7,292.5,0,0
6,7,2,10,8,337.5,0,0
6,7,2,11,1,22.5,0,0
6,7,2,11,2,67.5,0,0
6,7,2,11,3,112.5,0,0
6,7,2,11,4,157.5,0,0
6,7,2,11,5,202.5,0,0
6,7,2,11,6,247.5,0,0
6,7,2,11,7,292.5,0,0
6,7,2,11,8,337.5,0,0
6,7,3,1,1,22.5,454.394,40.9139
6,7,3,1,2,67.5,587.008,44.5655
6,7,3,1,3,112.5,902.114,50.3844
6,7,3,1,4,157.5,919.967,64.1378
6,7,3,1,5,202.5,748.898,49.5876
6,7,3,1,6,247.5,471.029,38.3393
6,7,3,1,7,292.5,717.469,60.4934
6,7,3,1,8,337.5,593.843,69.7642
6,7,3,2,1,22.5,350.175,22.8984
6,7,3,2,2,67.5,576.97,40.2848
6,7,3,2,3,112.5,368.195,27.1844
6,7,3,2,4,157.5,121.708,16.9922
6,7,3,2,5,202.5,96.6447,19.1029
6,7,3,2,6,247.5,367.518,27.7688
6,7,3,2,7,292.5,439.413,29.4606
6,7,3,2,8,337.5,288.321,21.6908
6,7,3,3,1,22.5,66.0073,11.9245
6,7,3,3,2,67.5,400.846,23.8977
6,7,3,3,3,112.5,218.163,16.5255
6,7,3,3,4,157.5,0,0
6,7,3,3,5,202.5,0,0
6,7,3,3,6,247.5,135.401,17.0685
6,7,3,3,7,292.5,633.297,32.1607
6,7,3,3,8,337.5,56.8097,9.86295
6,7,3,4,1,22.5,81.7664,12.0671
6,7,3,4,2,67.5,507.96,27.4389
6,7,3,4,3,112.5,54.4828,8.10328
6,7,3,4,4,157.5,0,0
6,7,3,4,5,202.5,0,0
6,7,3,4,6,247.5,46.5938,9.52411
6,7,3,4,7,292.5,477.778,36.5649
6,7,3,4,8,337.5,144.056,13.9751
6,7,3,5,1,22.5,198.216,15.6682
6,7,3,5,2,67.5,575.562,28.4755
6,7,3,5,3,112.5,0,0
6,7,3,5,4,157.5,0,0
6,7,3,5,5,202.5,0,0
6,7,3,5,6,247.5,27.0677,5.44689
6,7,3,5,7,292.5,554.347,27.5913
6,7,3,5,8,337.5,222.626,16.5331
6,7,3,6,1,22.5,63.1952,9.10336
6,7,3,6,2,67.5,159.962,13.5051
6,7,3,6,3,112.5,0,0
6,7,3,6,4,157.5,0,0
6,7,3,6,5,202.5,0,0
6,7,3,6,6,247.5,0,0
6,7,3,6,7,292.5,133.651,12.1041
6,7,3,6,8,337.5,40.5926,7.15498
6,7,3,7,1,22.5,0,0
6,7,3,7,2,67.5,23.6691,5.15463
6,7,3,7,3,112.5,0,0
6,7,3,7,4,157.5,0,0
6,7,3,7,5,202.5,0,0
6,7,3,7,6,247.5,0,0
6,7,3,7,7,292.5,0,0
6,7,3,7,8,337.5,0,0
6,7,3,8,1,22.5,0,0
6,7,3,8,2,67.5,0,0
6,7,3,8,3,112.5,0,0
6,7,3,8,4,157.5,0,0
6,7,3,8,5,202.5,0,0
6,7,3,8,6,247.5,0,0
6,7,3,8,7,292.5,0,0
6,7,3,8,8,337.5,0,0
6,7,3,9,1,22.5,0,0
6,7,3,9,2,67.5,0,0
6,7,3,9,3,112.5,0,0
6,7,3,9,4,157.5,0,0
6,7,3,9,5,202.5,0,0
6,7,3,9,6,247.5,0,0
6,7,3,9,7,292.5,0,0
6,7,3,9,8,337.5,0,0
6,7,3,10,1,22.5,0,0
6,7,3,10,2,67.5,0,0
6,7,3,10,3,112.5,0,0
6,7,3,10,4,157.5,0,0
6,7,3,10,5,202.5,0,0
6,7,3,10,6,247.5,0,0
6,7,3,10,7,292.5,0,0
6,7,3,10,8,337.5,0,0
6,7,3,11,1,22.5,0,0
6,7,3,11,2,67.5,0,0
6,7,3,11,3,112.5,0,0
6,7,3,11,4,157.5,0,0
6,7,3,11,5,202.5,0,0
6,7,3,11,6,247.5,0,0
6,7,3,11,7,292.5,0,0
6,7,3,11,8,337.5,0,0
6,7,4,1,1,22.5,879.722,42.2695
6,7,4,1,2,67.5,989.476,44.1205
6,7,4,1,3,112.5,1327.54,59.6281
6,7,4,1,4,157.5,1636.96,53.2593
6,7,4,1,5,202.5,1340,50.103
6,7,4,1,6,247.5,822.18,37.4006
6,7,4,1,7,292.5,709.868,34.6256
6,7,4,1,8,337.5,741.381,35.0888
6,7,4,2,1,22.5,358.902,27.9855
6,7,4,2,2,67.5,531.228,31.3199
6,7,4,2,3,112.5,588.03,30.117
6,7,4,2,4,157.5,545.724,28.5667
6,7,4,2,5,202.5,415.511,28.4334
6,7,4,2,6,247.5,367.922,27.7576
6,7,4,2,7,292.5,444.052,30.3981
6,7,4,2,8,337.5,484.647,31.7948
6,7,4,3,1,22.5,288.335,20.0141
6,7,4,3,2,67.5,351.904,21.2824
6,7,4,3,3,112.5,269.243,21.6747
6,7,4,3,4,157.5,124.042,14.071
6,7,4,3,5,202.5,114.784,11.483
6,7,4,3,6,247.5,283.883,19.3973
6,7,4,3,7,292.5,415.696,24.4851
6,7,4,3,8,337.5,200.573,16.2263
6,7,4,4,1,22.5,75.4734,10.4814
6,7,4,4,2,67.5,438.998,23.9209
6,7,4,4,3,112.5,141.866,13.1092
6,7,4,4,4,157.5,12.3376,4.58576
6,7,4,4,5,202.5,0,0
6,7,4,4,6,247.5,145.628,15.522
6,7,4,4,7,292.5,648.276,29.3963
6,7,4,4,8,337.5,47.7511,9.08025
6,7,4,5,1,22.5,115.509,12.1832
6,7,4,5,2,67.5,788.488,30.615
6,7,4,5,3,112.5,123.275,11.9869
6,7,4,5,4,157.5,0,0
6,7,4,5,5,202.5,0,0
6,7,4,5,6,247.5,143.402,14.4168
6,7,4,5,7,292.5,890.716,34.8453
6,7,4,5,8,337.5,146.672,13.3365
6,7,4,6,1,22.5,70.7815,8.94946
6,7,4,6,2,67.5,326.026,18.9945
6,7,4,6,3,112.5,35.0505,6.56031
6,7,4,6,4,157.5,0,0
6,7,4,6,5,202.5,0,0
6,7,4,6,6,247.5,40.9721,6.8647
6,7,4,6,7,292.5,243.976,17.6668
6,7,4,6,8,337.5,87.9401,9.82171
6,7,4,7,1,22.5,0,0
6,7,4,7,2,67.5,44.9749,8.32532
6,7,4,7,3,112.5,0,0
6,7,4,7,4,157.5,0,0
6,7,4,7,5,202.5,0,0
6,7,4,7,6,247.5,0,0
6,7,4,7,7,292.5,0,0
6,7,4,7,8,337.5,0,0
6,7,4,8,1,22.5,0,0
6,7,4,8,2,67.5,0,0
6,7,4,8,3,112.5,0,0
6,7,4,8,4,157.5,0,0
6,7,4,8,5,202.5,0,0
6,7,4,8,6,247.5,0,0
6,7,4,8,7,292.5,0,0
6,7,4,8,8,337.5,0,0
6,7,4,9,1,22.5,0,0
6,7,4,9,2,67.5,0,0
6,7,4,9,3,112.5,0,0
6,7,4,9,4,157.5,0,0
6,7,4,9,5,202.5,0,0
6,7,4,9,6,247.5,0,0
6,7,4,9,7,292.5,0,0
6,7,4,9,8,337.5,0,0
6,7,4,10,1,22.5,0,0
6,7,4,10,2,67.5,0,0
6,7,4,10,3,112.5,0,0
6,7,4,10,4,157.5,0,0
6,7,4,10,5,202.5,0,0
6,7,4,10,6,247.5,0,0
6,7,4,10,7,292.5,0,0
6,7,4,10,8,337.5,0,0
6,7,4,11,1,22.5,0,0
6,7,4,11,2,67.5,0,0
6,7,4,11,3,112.5,0,0
6,7,4,11,4,157.5,0,0
6,7,4,11,5,202.5,0,0
6,7,4,11,6,247.5,0,0
6,7,4,11,7,292.5,0,0
6,7,4,11,8,337.5,0,0
6,7,5,1,1,22.5,1036.61,37.813
6,7,5,1,2,67.5,918.509,36.7374
6,7,5,1,3,112.5,1359.56,42.328
6,7,5,1,4,157.5,1374.4,53.3455
6,7,5,1,5,202.5,1340.38,43.3237
6,7,5,1,6,247.5,865.912,35.1838
6,7,5,1,7,292.5,565.477,27.3594
6,7,5,1,8,337.5,708.061,31.0181
6,7,5,2,1,22.5,233.289,17.5415
6,7,5,2,2,67.5,275.963,18.3965
6,7,5,2,3,112.5,659.189,35.52
6,7,5,2,4,157.5,789.088,31.184
6,7,5,2,5,202.5,628.244,28.6146
6,7,5,2,6,247.5,304.427,20.1666
6,7,5,2,7,292.5,220.955,16.6019
6,7,5,2,8,337.5,226.694,18.8548
6,7,5,3,1,22.5,114.436,11.4832
6,7,5,3,2,67.5,169.542,15.553
6,7,5,3,3,112.5,287.461,18.6448
6,7,5,3,4,157.5,318.696,19.388
6,7,5,3,5,202.5,259.87,18.1986
6,7,5,3,6,247.5,161.038,17.269
6,7,5,3,7,292.5,122.407,12.2194
6,7,5,3,8,337.5,152.007,13.1968
6,7,5,4,1,22.5,64.5113,8.64631
6,7,5,4,2,67.5,102.083,11.0851
6,7,5,4,3,112.5,162.056,13.3334
6,7,5,4,4,157.5,98.3143,10.4687
6,7,5,4,5,202.5,58.2071,8.63956
6,7,5,4,6,247.5,108.104,11.3813
6,7,5,4,7,292.5,185.882,14.5119
6,7,5,4,8,337.5,61.4196,8.63377
6,7,5,5,1,22.5,46.6851,7.47056
6,7,5,5,2,67.5,146.898,12.8192
6,7,5,5,3,112.5,72.7179,9.16453
6,7,5,5,4,157.5,0,0
6,7,5,5,5,202.5,21.7341,7.24532
6,7,5,5,6,247.5,82.7817,9.89888
6,7,5,5,7,292.5,311.433,19.2561
6,7,5,5,8,337.5,50.3607,7.59446
6,7,5,6,1,22.5,0,0
6,7,5,6,2,67.5,47.5056,7.38882
6,7,5,6,3,112.5,0,0
6,7,5,6,4,157.5,0,0
6,7,5,6,5,202.5,0,0
6,7,5,6,6,247.5,22.7048,5.5283
6,7,5,6,7,292.5,67.894,8.85494
6,7,5,6,8,337.5,0,0
6,7,5,7,1,22.5,0,0
6,7,5,7,2,67.5,0,0
6,7,5,7,3,112.5,0,0
6,7,5,7,4,157.5,0,0
6,7,5,7,5,202.5,0,0
6,7,5,7,6,247.5,0,0
6,7,5,7,7,292.5,0,0
6,7,5,7,8,337.5,0,0
6,7,5,8,1,22.5,0,0
6,7,5,8,2,67.5,0,0
6,7,5,8,3,112.5,0,0
6,7,5,8,4,157.5,0,0
6,7,5,8,5,202.5,0,0
6,7,5,8,6,247.5,0,0
6,7,5,8,7,292.5,0,0
6,7,5,8,8,337.5,0,0
6,7,5,9,1,22.5,0,0
6,7,5,9,2,67.5,0,0
6,7,5,9,3,112.5,0,0
6,7,5,9,4,157.5,0,0
6,7,5,9,5,202.5,0,0
6,7,5,9,6,247.5,0,0
6,7,5,9,7,292.5,0,0
6,7,5,9,8,337.5,0,0
6,7,5,10,1,22.5,0,0
6,7,5,10,2,67.5,0,0
6,7,5,10,3,112.5,0,0
6,7,5,10,4,157.5,0,0
6,7,5,10,5,202.5,0,0
6,7,5,10,6,247.5,0,0
6,7,5,10,7,292.5,0,0
6,7,5,10,8,337.5,0,0
6,7,5,11,1,22.5,0,0
6,7,5,11,2,67.5,0,0
6,7,5,11,3,112.5,0,0
6,7,5,11,4,157.5,0,0
6,7,5,11,5,202.5,0,0
6,7,5,11,6,247.5,0,0
6,7,5,11,7,292.5,0,0
6,7,5,11,8,337.5,0,0
6,7,6,1,1,22.5,385.961,21.6065
6,7,6,1,2,67.5,396.985,20.8089
6,7,6,1,3,112.5,482.427,23.4562
6,7,6,1,4,157.5,501.365,23.8388
6,7,6,1,5,202.5,457.028,22.6096
6,7,6,1,6,247.5,330.223,19.2463
6,7,6,1,7,292.5,230.153,16.0044
6,7,6,1,8,337.5,269.607,17.9106
6,7,6,2,1,22.5,90.8114,10.1654
6,7,6,2,2,67.5,83.475,10.0519
6,7,6,2,3,112.5,195.015,14.6606
6,7,6,2,4,157.5,245.528,17.124
6,7,6,2,5,202.5,219.756,15.3626
6,7,6,2,6,247.5,91.1215,10.1861
6,7,6,2,7,292.5,25.0342,5.39779
6,7,6,2,8,337.5,38.7105,6.52449
6,7,6,3,1,22.5,18.1532,4.79412
6,7,6,3,2,67.5,0,0
6,7,6,3,3,112.5,65.8083,8.65504
6,7,6,3,4,157.5,97.5109,10.5234
6,7,6,3,5,202.5,63.7245,8.54953
6,7,6,3,6,247.5,0,0
6,7,6,3,7,292.5,14.1548,4.16282
6,7,6,3,8,337.5,0,0
6,7,6,4,1,22.5,0,0
6,7,6,4,2,67.5,0,0
6,7,6,4,3,112.5,0,0
6,7,6,4,4,157.5,37.2705,6.64485
6,7,6,4,5,202.5,23.9898,5.58374
6,7,6,4,6,247.5,0,0
6,7,6,4,7,292.5,0,0
6,7,6,4,8,337.5,0,0
6,7,6,5,1,22.5,0,0
6,7,6,5,2,67.5,0,0
6,7,6,5,3,112.5,0,0
6,7,6,5,4,157.5,0,0
6,7,6,5,5,202.5,0,0
6,7,6,5,6,247.5,0,0
6,7,6,5,7,292.5,0,0
6,7,6,5,8,337.5,0,0
6,7,6,6,1,22.5,0,0
6,7,6,6,2,67.5,0,0
6,7,6,6,3,112.5,0,0
6,7,6,6,4,157.5,0,0
6,7,6,6,5,202.5,0,0
6,7,6,6,6,247.5,0,0
6,7,6,6,7,292.5,0,0
6,7,6,6,8,337.5,0,0
6,7,6,7,1,22.5,0,0
6,7,6,7,2,67.5,0,0
6,7,6,7,3,112.5,0,0
6,7,6,7,4,157.5,0,0
6,7,6,7,5,202.5,0,0
6,7,6,7,6,247.5,0,0
6,7,6,7,7,292.5,0,0
6,7,6,7,8,337.5,0,0
6,7,6,8,1,22.5,0,0
6,7,6,8,2,67.5,0,0
6,7,6,8,3,112.5,0,0
6,7,6,8,4,157.5,0,0
6,7,6,8,5,202.5,0,0
6,7,6,8,6,247.5,0,0
6,7,6,8,7,292.5,0,0
6,7,6,8,8,337.5,0,0
6,7,6,9,1,22.5,0,0
6,7,6,9,2,67.5,0,0
6,7,6,9,3,112.5,0,0
6,7,6,9,4,157.5,0,0
6,7,6,9,5,202.5,0,0
6,7,6,9,6,247.5,0,0
6,7,6,9,7,292.5,0,0
6,7,6,9,8,337.5,0,0
6,7,6,10,1,22.5,0,0
6,7,6,10,2,67.5,0,0
6,7,6,10,3,112.5,0,0
6,7,6,10,4,157.5,0,0
6,7,6,10,5,202.5,0,0
6,7,6,10,6,247.5,0,0
6,7,6,10,7,292.5,0,0
6,7,6,10,8,337.5,0,0
6,7,6,11,1,22.5,0,0
6,7,6,11,2,67.5,0,0
6,7,6,11,3,112.5,0,0
6,7,6,11,4,157.5,0,0
6,7,6,11,5,202.5,0,0
6,7,6,11,6,247.5,0,0
6,7,6,11,7,292.5,0,0
6,7,6,11,8,337.5,0,0
6,7,7,1,1,22.5,0,0
6,7,7,1,2,67.5,0,0
6,7,7,1,3,112.5,0,0
6,7,7,1,4,157.5,0,0
6,7,7,1,5,202.5,0,0
6,7,7,1,6,247.5,0,0
6,7,7,1,7,292.5,0,0
6,7,7,1,8,337.5,0,0
6,7,7,2,1,22.5,0,0
6,7,7,2,2,67.5,0,0
6,7,7,2,3,112.5,0,0
6,7,7,2,4,157.5,0,0
6,7,7,2,5,202.5,0,0
6,7,7,2,6,247.5,0,0
6,7,7,2,7,292.5,0,0
6,7,7,2,8,337.5,0,0
6,7,7,3,1,22.5,0,0
6,7,7,3,2,67.5,0,0
6,7,7,3,3,112.5,0,0
6,7,7,3,4,157.5,0,0
6,7,7,3,5,202.5,0,0
6,7,7,3,6,247.5,0,0
6,7,7,3,7,292.5,0,0
6,7,7,3,8,337.5,0,0
6,7,7,4,1,22.5,0,0
6,7,7,4,2,67.5,0,0
6,7,7,4,3,112.5,0,0
6,7,7,4,4,157.5,0,0
6,7,7,4,5,202.5,0,0
6,7,7,4,6,247.5,0,0
6,7,7,4,7,292.5,0,0
6,7,7,4,8,337.5,0,0
6,7,7,5,1,22.5,0,0
6,7,7,5,2,67.5,0,0
6,7,7,5,3,112.5,0,0
6,7,7,5,4,157.5,0,0
6,7,7,5,5,202.5,0,0
6,7,7,5,6,247.5,0,0
6,7,7,5,7,292.5,0,0
6,7,7,5,8,337.5,0,0
6,7,7,6,1,22.5,0,0
6,7,7,6,2,67.5,0,0
6,7,7,6,3,112.5,0,0
6,7,7,6,4,157.5,0,0
6,7,7,6,5,202.5,0,0
6,7,7,6,6,247.5,0,0
6,7,7,6,7,292.5,0,0
6,7,7,6,8,337.5,0,0
6,7,7,7,1,22.5,0,0
6,7,7,7,2,67.5,0,0
6,7,7,7,3,112.5,0,0
6,7,7,7,4,157.5,0,0
6,7,7,7,5,202.5,0,0
6,7,7,7,6,247.5,0,0
6,7,7,7,7,292.5,0,0
6,7,7,7,8,337.5,0,0
6,7,7,8,1,22.5,0,0
6,7,7,8,2,67.5,0,0
6,7,7,8,3,112.5,0,0
6,7,7,8,4,157.5,0,0
6,7,7,8,5,202.5,0,0
6,7,7,8,6,247.5,0,0
6,7,7,8,7,292.5,0,0
6,7,7,8,8,337.5,0,0
6,7,7,9,1,22.5,0,0
6,7,7,9,2,67.5,0,0
6,7,7,9,3,112.5,0,0
6,7,7,9,4,157.5,0,0
6,7,7,9,5,202.5,0,0
6,7,7,9,6,247.5,0,0
6,7,7,9,7,292.5,0,0
6,7,7,9,8,337.5,0,0
6,7,7,10,1,22.5,0,0
6,7,7,10,2,67.5,0,0
6,7,7,10,3,112.5,0,0
6,7,7,10,4,157.5,0,0
6,7,7,10,5,202.5,0,0
6,7,7,10,6,247.5,0,0
6,7,7,10,7,292.5,0,0
6,7,7,10,8,337.5,0,0
6,7,7,11,1,22.5,0,0
6,7,7,11,2,67.5,0,0
6,7,7,11,3,112.5,0,0
6,7,7,11,4,157.5,0,0
6,7,7,11,5,202.5,0,0
6,7,7,11,6,247.5,0,0
6,7,7,11,7,292.5,0,0
6,7,7,11,8,337.5,0,0
6,7,8,1,1,22.5,0,0
6,7,8,1,2,67.5,0,0
6,7,8,1,3,112.5,0,0
6,7,8,1,4,157.5,0,0
6,7,8,1,5,202.5,0,0
6,7,8,1,6,247.5,0,0
6,7,8,1,7,292.5,0,0
6,7,8,1,8,337.5,0,0
6,7,8,2,1,22.5,0,0
6,7,8,2,2,67.5,0,0
6,7,8,2,3,112.5,0,0
6,7,8,2,4,157.5,0,0
6,7,8,2,5,202.5,0,0
6,7,8,2,6,247.5,0,0
6,7,8,2,7,292.5,0,0
6,7,8,2,8,337.5,0,0
6,7,8,3,1,22.5,0,0
6,7,8,3,2,67.5,0,0
6,7,8,3,3,112.5,0,0
6,7,8,3,4,157.5,0,0
6,7,8,3,5,202.5,0,0
6,7,8,3,6,247.5,0,0
6,7,8,3,7,292.5,0,0
6,7,8,3,8,337.5,0,0
6,7,8,4,1,22.5,0,0
6,7,8,4,2,67.5,0,0
6,7,8,4,3,112.5,0,0
6,7,8,4,4,157.5,0,0
6,7,8,4,5,202.5,0,0
6,7,8,4,6,247.5,0,0
6,7,8,4,7,292.5,0,0
6,7,8,4,8,337.5,0,0
6,7,8,5,1,22.5,0,0
6,7,8,5,2,67.5,0,0
6,7,8,5,3,112.5,0,0
6,7,8,5,4,157.5,0,0
6,7,8,5,5,202.5,0,0
6,7,8,5,6,247.5,0,0
6,7,8,5,7,292.5,0,0
6,7,8,5,8,337.5,0,0
6,7,8,6,1,22.5,0,0
6,7,8,6,2,67.5,0,0
6,7,8,6,3,112.5,0,0
6,7,8,6,4,157.5,0,0
6,7,8,6,5,202.5,0,0
6,7,8,6,6,247.5,0,0
6,7,8,6,7,292.5,0,0
6,7,8,6,8,337.5,0,0
6,7,8,7,1,22.5,0,0
6,7,8,7,2,67.5,0,0
6,7,8,7,3,112.5,0,0
6,7,8,7,4,157.5,0,0
6,7,8,7,5,202.5,0,0
6,7,8,7,6,247.5,0,0
6,7,8,7,7,292.5,0,0
6,7,8,7,8,337.5,0,0
6,7,8,8,1,22.5,0,0
6,7,8,8,2,67.5,0,0
6,7,8,8,3,112.5,0,0
6,7,8,8,4,157.5,0,0
6,7,8,8,5,202.5,0,0
6,7,8,8,6,247.5,0,0
6,7,8,8,7,292.5,0,0
6,7,8,8,8,337.5,0,0
6,7,8,9,1,22.5,0,0
6,7,8,9,2,67.5,0,0
6,7,8,9,3,112.5,0,0
6,7,8,9,4,157.5,0,0
6,7,8,9,5,202.5,0,0
6,7,8,9,6,247.5,0,0
6,7,8,9,7,292.5,0,0
6,7,8,9,8,337.5,0,0
6,7,8,10,1,22.5,0,0
6,7,8,10,2,67.5,0,0
6,7,8,10,3,112.5,0,0
6,7,8,10,4,157.5,0,0
6,7,8,10,5,202.5,0,0
6,7,8,10,6,247.5,0,0
6,7,8,10,7,292.5,0,0
6,7,8,10,8,337.5,0,0
6,7,8,11,1,22.5,0,0
6,7,8,11,2,67.5,0,0
6,7,8,11,3,112.5,0,0
6,7,8,11,4,157.5,0,0
6,7,8,11,5,202.5,0,0
6,7,8,11,6,247.5,0,0
6,7,8,11,7,292.5,0,0
6,7,8,11,8,337.5,0,0
7,8,1,1,1,22.5,0,0
7,8,1,1,2,67.5,0,0
7,8,1,1,3,112.5,0,0
7,8,1,1,4,157.5,0,0
7,8,1,1,5,202.5,0,0
7,8,1,1,6,247.5,0,0
7,8,1,1,7,292.5,0,0
7,8,1,1,8,337.5,0,0
7,8,1,2,1,22.5,0,0
7,8,1,2,2,67.5,0,0
7,8,1,2,3,112.5,0,0
7,8,1,2,4,157.5,0,0
7,8,1,2,5,202.5,0,0
7,8,1,2,6,247.5,0,0
7,8,1,2,7,292.5,0,0
7,8,1,2,8,337.5,0,0
7,8,1,3,1,22.5,0,0
7,8,1,3,2,67.5,0,0
7,8,1,3,3,112.5,0,0
7,8,1,3,4,157.5,0,0
7,8,1,3,5,202.5,0,0
7,8,1,3,6,247.5,0,0
7,8,1,3,7,292.5,0,0
7,8,1,3,8,337.5,0,0
7,8,1,4,1,22.5,0,0
7,8,1,4,2,67.5,0,0
7,8,1,4,3,112.5,0,0
7,8,1,4,4,157.5,0,0
7,8,1,4,5,202.5,0,0
7,8,1,4,6,247.5,0,0
7,8,1,4,7,292.5,0,0
7,8,1,4,8,337.5,0,0
7,8,1,5,1,22.5,0,0
7,8,1,5,2,67.5,0,0
7,8,1,5,3,112.5,0,0
7,8,1,5,4,157.5,0,0
7,8,1,5,5,202.5,0,0
7,8,1,5,6,247.5,0,0
7,8,1,5,7,292.5,0,0
7,8,1,5,8,337.5,0,0
7,8,1,6,1,22.5,0,0
7,8,1,6,2,67.5,0,0
7,8,1,6,3,112.5,0,0
7,8,1,6,4,157.5,0,0
7,8,1,6,5,202.5,0,0
7,8,1,6,6,247.5,0,0
7,8,1,6,7,292.5,0,0
7,8,1,6,8,337.5,0,0
7,8,1,7,1,22.5,0,0
7,8,1,7,2,67.5,0,0
7,8,1,7,3,112.5,0,0
7,8,1,7,4,157.5,0,0
7,8,1,7,5,202.5,0,0
7,8,1,7,6,247.5,0,0
7,8,1,7,7,292.5,0,0
7,8,1,7,8,337.5,0,0
7,8,1,8,1,22.5,0,0
7,8,1,8,2,67.5,0,0
7,8,1,8,3,112.5,0,0
7,8,1,8,4,157.5,0,0
7,8,1,8,5,202.5,0,0
7,8,1,8,6,247.5,0,0
7,8,1,8,7,292.5,0,0
7,8,1,8,8,337.5,0,0
7,8,1,9,1,22.5,0,0
7,8,1,9,2,67.5,0,0
7,8,1,9,3,112.5,0,0
7,8,1,9,4,157.5,0,0
7,8,1,9,5,202.5,0,0
7,8,1,9,6,247.5,0,0
7,8,1,9,7,292.5,0,0
7,8,1,9,8,337.5,0,0
7,8,1,10,1,22.5,0,0
7,8,1,10,2,67.5,0,0
7,8,1,10,3,112.5,0,0
7,8,1,10,4,157.5,0,0
7,8,1,10,5,202.5,0,0
7,8,1,10,6,247.5,0,0
7,8,1,10,7,292.5,0,0
7,8,1,10,8,337.5,0,0
7,8,1,11,1,22.5,0,0
7,8,1,11,2,67.5,0,0
7,8,1,11,3,112.5,0,0
7,8,1,11,4,157.5,0,0
7,8,1,11,5,202.5,0,0
7,8,1,11,6,247.5,0,0
7,8,1,11,7,292.5,0,0
7,8,1,11,8,337.5,0,0
7,8,2,1,1,22.5,0,0
7,8,2,1,2,67.5,0,0
7,8,2,1,3,112.5,0,0
7,8,2,1,4,157.5,0,0
7,8,2,1,5,202.5,0,0
7,8,2,1,6,247.5,0,0
7,8,2,1,7,292.5,0,0
7,8,2,1,8,337.5,0,0
7,8,2,2,1,22.5,0,0
7,8,2,2,2,67.5,0,0
7,8,2,2,3,112.5,0,0
7,8,2,2,4,157.5,0,0
7,8,2,2,5,202.5,0,0
7,8,2,2,6,247.5,0,0
7,8,2,2,7,292.5,0,0
7,8,2,2,8,337.5,0,0
7,8,2,3,1,22.5,0,0
7,8,2,3,2,67.5,0,0
7,8,2,3,3,112.5,0,0
7,8,2,3,4,157.5,0,0
7,8,2,3,5,202.5,0,0
7,8,2,3,6,247.5,0,0
7,8,2,3,7,292.5,0,0
7,8,2,3,8,337.5,0,0
7,8,2,4,1,22.5,0,0
7,8,2,4,2,67.5,0,0
7,8,2,4,3,112.5,0,0
7,8,2,4,4,157.5,0,0
7,8,2,4,5,202.5,0,0
7,8,2,4,6,247.5,0,0
7,8,2,4,7,292.5,0,0
7,8,2,4,8,337.5,0,0
7,8,2,5,1,22.5,0,0
7,8,2,5,2,67.5,0,0
7,8,2,5,3,112.5,0,0
7,8,2,5,4,157.5,0,0
7,8,2,5,5,202.5,0,0
7,8,2,5,6,247.5,0,0
7,8,2,5,7,292.5,0,0
7,8,2,5,8,337.5,0,0
7,8,2,6,1,22.5,0,0
7,8,2,6,2,67.5,0,0
7,8,2,6,3,112.5,0,0
7,8,2,6,4,157.5,0,0
7,8,2,6,5,202.5,0,0
7,8,2,6,6,247.5,0,0
7,8,2,6,7,292.5,0,0
7,8,2,6,8,337.5,0,0
7,8,2,7,1,22.5,0,0
7,8,2,7,2,67.5,0,0
7,8,2,7,3,112.5,0,0
7,8,2,7,4,157.5,0,0
7,8,2,7,5,202.5,0,0
7,8,2,7,6,247.5,0,0
7,8,2,7,7,292.5,0,0
7,8,2,7,8,337.5,0,0
7,8,2,8,1,22.5,0,0
7,8,2,8,2,67.5,0,0
7,8,2,8,3,112.5,0,0
7,8,2,8,4,157.5,0,0
7,8,2,8,5,202.5,0,0
7,8,2,8,6,247.5,0,0
7,8,2,8,7,292.5,0,0
7,8,2,8,8,337.5,0,0
7,8,2,9,1,22.5,0,0
7,8,2,9,2,67.5,0,0
7,8,2,9,3,112.5,0,0
7,8,2,9,4,157.5,0,0
7,8,2,9,5,202.5,0,0
7,8,2,9,6,247.5,0,0
7,8,2,9,7,292.5,0,0
7,8,2,9,8,337.5,0,0
7,8,2,10,1,22.5,0,0
7,8,2,10,2,67.5,0,0
7,8,2,10,3,112.5,0,0
7,8,2,10,4,157.5,0,0
7,8,2,10,5,202.5,0,0
7,8,2,10,6,247.5,0,0
7,8,2,10,7,292.5,0,0
7,8,2,10,8,337.5,0,0
7,8,2,11,1,22.5,0,0
7,8,2,11,2,67.5,0,0
7,8,2,11,3,112.5,0,0
7,8,2,11,4,157.5,0,0
7,8,2,11,5,202.5,0,0
7,8,2,11,6,247.5,0,0
7,8,2,11,7,292.5,0,0
7,8,2,11,8,337.5,0,0
7,8,3,1,1,22.5,114.278,20.8316
7,8,3,1,2,67.5,178.726,24.2106
7,8,3,1,3,112.5,150.996,24.565
7,8,3,1,4,157.5,168.718,25.8582
7,8,3,1,5,202.5,83.5463,15.055
7,8,3,1,6,247.5,145.337,24.7223
7,8,3,1,7,292.5,179.607,25.474
7,8,3,1,8,337.5,192.428,25.8867
7,8,3,2,1,22.5,112.48,12.8361
7,8,3,2,2,67.5,213.328,21.1759
7,8,3,2,3,112.5,52.2247,7.96313
7,8,3,2,4,157.5,0,0
7,8,3,2,5,202.5,0,0
7,8,3,2,6,247.5,68.9124,9.12143
7,8,3,2,7,292.5,165.073,16.5692
7,8,3,2,8,337.5,143.091,14
7,8,3,3,1,22.5,38.5061,8.68389
7,8,3,3,2,67.5,109.765,12.206
7,8,3,3,3,112.5,0,0
7,8,3,3,4,157.5,0,0
7,8,3,3,5,202.5,0,0
7,8,3,3,6,247.5,0,0
7,8,3,3,7,292.5,174.673,18.0474
7,8,3,3,8,337.5,0,0
7,8,3,4,1,22.5,0,0
7,8,3,4,2,67.5,119.959,11.7295
7,8,3,4,3,112.5,0,0
7,8,3,4,4,157.5,0,0
7,8,3,4,5,202.5,0,0
7,8,3,4,6,247.5,0,0
7,8,3,4,7,292.5,118.794,12.4493
7,8,3,4,8,337.5,36.3225,6.62482
7,8,3,5,1,22.5,0,0
7,8,3,5,2,67.5,84.9592,10.1491
7,8,3,5,3,112.5,0,0
7,8,3,5,4,157.5,0,0
7,8,3,5,5,202.5,0,0
7,8,3,5,6,247.5,0,0
7,8,3,5,7,292.5,96.5411,10.1981
7,8,3,5,8,337.5,36.6411,7.97487
7,8,3,6,1,22.5,0,0
7,8,3,6,2,67.5,0,0
7,8,3,6,3,112.5,0,0
7,8,3,6,4,157.5,0,0
7,8,3,6,5,202.5,0,0
7,8,3,6,6,247.5,0,0
7,8,3,6,7,292.5,0,0
7,8,3,6,8,337.5,0,0
7,8,3,7,1,22.5,0,0
7,8,3,7,2,67.5,0,0
7,8,3,7,3,112.5,0,0
7,8,3,7,4,157.5,0,0
7,8,3,7,5,202.5,0,0
7,8,3,7,6,247.5,0,0
7,8,3,7,7,292.5,0,0
7,8,3,7,8,337.5,0,0
7,8,3,8,1,22.5,0,0
7,8,3,8,2,67.5,0,0
7,8,3,8,3,112.5,0,0
7,8,3,8,4,157.5,0,0
7,8,3,8,5,202.5,0,0
7,8,3,8,6,247.5,0,0
7,8,3,8,7,292.5,0,0
7,8,3,8,8,337.5,0,0
7,8,3,9,1,22.5,0,0
7,8,3,9,2,67.5,0,0
7,8,3,9,3,112.5,0,0
7,8,3,9,4,157.5,0,0
7,8,3,9,5,202.5,0,0
7,8,3,9,6,247.5,0,0
7,8,3,9,7,292.5,0,0
7,8,3,9,8,337.5,0,0
7,8,3,10,1,22.5,0,0
7,8,3,10,2,67.5,0,0
7,8,3,10,3,112.5,0,0
7,8,3,10,4,157.5,0,0
7,8,3,10,5,202.5,0,0
7,8,3,10,6,247.5,0,0
7,8,3,10,7,292.5,0,0
7,8,3,10,8,337.5,0,0
7,8,3,11,1,22.5,0,0
7,8,3,11,2,67.5,0,0
7,8,3,11,3,112.5,0,0
7,8,3,11,4,157.5,0,0
7,8,3,11,5,202.5,0,0
7,8,3,11,6,247.5,0,0
7,8,3,11,7,292.5,0,0
7,8,3,11,8,337.5,0,0
7,8,4,1,1,22.5,395.233,27.8564
7,8,4,1,2,67.5,481.534,27.7479
7,8,4,1,3,112.5,459.534,35.4077
7,8,4,1,4,157.5,430.496,31.2016
7,8,4,1,5,202.5,367.726,26.8096
7,8,4,1,6,247.5,301.983,26.9648
7,8,4,1,7,292.5,297.561,23.1732
7,8,4,1,8,337.5,311.482,24.0049
7,8,4,2,1,22.5,183.163,15.756
7,8,4,2,2,67.5,217.73,19.2442
7,8,4,2,3,112.5,142.824,14.6002
7,8,4,2,4,157.5,29.1056,6.06313
7,8,4,2,5,202.5,29.7539,7.54495
7,8,4,2,6,247.5,135.83,14.3132
7,8,4,2,7,292.5,194.092,20.7472
7,8,4,2,8,337.5,231.775,17.4532
7,8,4,3,1,22.5,142.82,13.633
7,8,4,3,2,67.5,170,14.1618
7,8,4,3,3,112.5,58.773,8.64279
7,8,4,3,4,157.5,0,0
7,8,4,3,5,202.5,0,0
7,8,4,3,6,247.5,44.9674,7.46993
7,8,4,3,7,292.5,153.11,15.1712
7,8,4,3,8,337.5,95.414,11.2799
7,8,4,4,1,22.5,32.0347,6.50117
7,8,4,4,2,67.5,109.019,11.7951
7,8,4,4,3,112.5,17.8676,4.73546
7,8,4,4,4,157.5,0,0
7,8,4,4,5,202.5,0,0
7,8,4,4,6,247.5,0,0
7,8,4,4,7,292.5,182.649,16.0286
7,8,4,4,8,337.5,0,0
7,8,4,5,1,22.5,0,0
7,8,4,5,2,67.5,77.002,9.30187
7,8,4,5,3,112.5,0,0
7,8,4,5,4,157.5,0,0
7,8,4,5,5,202.5,0,0
7,8,4,5,6,247.5,0,0
7,8,4,5,7,292.5,105.365,10.6111
7,8,4,5,8,337.5,0,0
7,8,4,6,1,22.5,0,0
7,8,4,6,2,67.5,0,0
7,8,4,6,3,112.5,0,0
7,8,4,6,4,157.5,0,0
7,8,4,6,5,202.5,0,0
7,8,4,6,6,247.5,0,0
7,8,4,6,7,292.5,0,0
7,8,4,6,8,337.5,0,0
7,8,4,7,1,22.5,0,0
7,8,4,7,2,67.5,0,0
7,8,4,7,3,112.5,0,0
7,8,4,7,4,157.5,0,0
7,8,4,7,5,202.5,0,0
7,8,4,7,6,247.5,0,0
7,8,4,7,7,292.5,0,0
7,8,4,7,8,337.5,0,0
7,8,4,8,1,22.5,0,0
7,8,4,8,2,67.5,0,0
7,8,4,8,3,112.5,0,0
7,8,4,8,4,157.5,0,0
7,8,4,8,5,202.5,0,0
7,8,4,8,6,247.5,0,0
7,8,4,8,7,292.5,0,0
7,8,4,8,8,337.5,0,0
7,8,4,9,1,22.5,0,0
7,8,4,9,2,67.5,0,0
7,8,4,9,3,112.5,0,0
7,8,4,9,4,157.5,0,0
7,8,4,9,5,202.5,0,0
7,8,4,9,6,247.5,0,0
7,8,4,9,7,292.5,0,0
7,8,4,9,8,337.5,0,0
7,8,4,10,1,22.5,0,0
7,8,4,10,2,67.5,0,0
7,8,4,10,3,112.5,0,0
7,8,4,10,4,157.5,0,0
7,8,4,10,5,202.5,0,0
7,8,4,10,6,247.5,0,0
7,8,4,10,7,292.5,0,0
7,8,4,10,8,337.5,0,0
7,8,4,11,1,22.5,0,0
7,8,4,11,2,67.5,0,0
7,8,4,11,3,112.5,0,0
7,8,4,11,4,157.5,0,0
7,8,4,11,5,202.5,0,0
7,8,4,11,6,247.5,0,0
7,8,4,11,7,292.5,0,0
7,8,4,11,8,337.5,0,0
7,8,5,1,1,22.5,349.827,22.039
7,8,5,1,2,67.5,369.459,22.5873
7,8,5,1,3,112.5,449.184,25.2847
7,8,5,1,4,157.5,348.049,22.3739
7,8,5,1,5,202.5,375.553,22.9922
7,8,5,1,6,247.5,265.732,20.0985
7,8,5,1,7,292.5,208.465,18.1249
7,8,5,1,8,337.5,236.136,23.3848
7,8,5,2,1,22.5,73.0076,9.30325
7,8,5,2,2,67.5,61.1842,8.95349
7,8,5,2,3,112.5,93.1731,10.8299
7,8,5,2,4,157.5,69.8748,8.6341
7,8,5,2,5,202.5,62.006,8.95201
7,8,5,2,6,247.5,78.6026,9.49603
7,8,5,2,7,292.5,46.1638,7.71935
7,8,5,2,8,337.5,55.0497,8.15839
7,8,5,3,1,22.5,0,0
7,8,5,3,2,67.5,16.1102,4.76435
7,8,5,3,3,112.5,28.2722,6.49991
7,8,5,3,4,157.5,0,0
7,8,5,3,5,202.5,0,0
7,8,5,3,6,247.5,27.5216,5.67547
7,8,5,3,7,292.5,0,0
7,8,5,3,8,337.5,20.143,4.84637
7,8,5,4,1,22.5,0,0
7,8,5,4,2,67.5,0,0
7,8,5,4,3,112.5,0,0
7,8,5,4,4,157.5,0,0
7,8,5,4,5,202.5,0,0
7,8,5,4,6,247.5,0,0
7,8,5,4,7,292.5,0,0
7,8,5,4,8,337.5,0,0
7,8,5,5,1,22.5,0,0
7,8,5,5,2,67.5,0,0
7,8,5,5,3,112.5,0,0
7,8,5,5,4,157.5,0,0
7,8,5,5,5,202.5,0,0
7,8,5,5,6,247.5,0,0
7,8,5,5,7,292.5,0,0
7,8,5,5,8,337.5,0,0
7,8,5,6,1,22.5,0,0
7,8,5,6,2,67.5,0,0
7,8,5,6,3,112.5,0,0
7,8,5,6,4,157.5,0,0
7,8,5,6,5,202.5,0,0
7,8,5,6,6,247.5,0,0
7,8,5,6,7,292.5,0,0
7,8,5,6,8,337.5,0,0
7,8,5,7,1,22.5,0,0
7,8,5,7,2,67.5,0,0
7,8,5,7,3,112.5,0,0
7,8,5,7,4,157.5,0,0
7,8,5,7,5,202.5,0,0
7,8,5,7,6,247.5,0,0
7,8,5,7,7,292.5,0,0
7,8,5,7,8,337.5,0,0
7,8,5,8,1,22.5,0,0
7,8,5,8,2,67.5,0,0
7,8,5,8,3,112.5,0,0
7,8,5,8,4,157.5,0,0
7,8,5,8,5,202.5,0,0
7,8,5,8,6,247.5,0,0
7,8,5,8,7,292.5,0,0
7,8,5,8,8,337.5,0,0
7,8,5,9,1,22.5,0,0
7,8,5,9,2,67.5,0,0
7,8,5,9,3,112.5,0,0
7,8,5,9,4,157.5,0,0
7,8,5,9,5,202.5,0,0
7,8,5,9,6,247.5,0,0
7,8,5,9,7,292.5,0,0
7,8,5,9,8,337.5,0,0
7,8,5,10,1,22.5,0,0
7,8,5,10,2,67.5,0,0
7,8,5,10,3,112.5,0,0
7,8,5,10,4,157.5,0,0
7,8,5,10,5,202.5,0,0
7,8,5,10,6,247.5,0,0
7,8,5,10,7,292.5,0,0
7,8,5,10,8,337.5,0,0
7,8,5,11,1,22.5,0,0
7,8,5,11,2,67.5,0,0
7,8,5,11,3,112.5,0,0
7,8,5,11,4,157.5,0,0
7,8,5,11,5,202.5,0,0
7,8,5,11,6,247.5,0,0
7,8,5,11,7,292.5,0,0
7,8,5,11,8,337.5,0,0
7,8,6,1,1,22.5,0,0
7,8,6,1,2,67.5,0,0
7,8,6,1,3,112.5,0,0
7,8,6,1,4,157.5,0,0
7,8,6,1,5,202.5,18.434,4.59394
7,8,6,1,6,247.5,0,0
7,8,6,1,7,292.5,0,0
7,8,6,1,8,337.5,0,0
7,8,6,2,1,22.5,0,0
7,8,6,2,2,67.5,0,0
7,8,6,2,3,112.5,0,0
7,8,6,2,4,157.5,0,0
7,8,6,2,5,202.5,0,0
7,8,6,2,6,247.5,0,0
7,8,6,2,7,292.5,0,0
7,8,6,2,8,337.5,0,0
7,8,6,3,1,22.5,0,0
7,8,6,3,2,67.5,0,0
7,8,6,3,3,112.5,0,0
7,8,6,3,4,157.5,0,0
7,8,6,3,5,202.5,0,0
7,8,6,3,6,247.5,0,0
7,8,6,3,7,292.5,0,0
7,8,6,3,8,337.5,0,0
7,8,6,4,1,22.5,0,0
7,8,6,4,2,67.5,0,0
7,8,6,4,3,112.5,0,0
7,8,6,4,4,157.5,0,0
7,8,6,4,5,202.5,0,0
7,8,6,4,6,247.5,0,0
7,8,6,4,7,292.5,0,0
7,8,6,4,8,337.5,0,0
7,8,6,5,1,22.5,0,0
7,8,6,5,2,67.5,0,0
7,8,6,5,3,112.5,0,0
7,8,6,5,4,157.5,0,0
7,8,6,5,5,202.5,0,0
7,8,6,5,6,247.5,0,0
7,8,6,5,7,292.5,0,0
7,8,6,5,8,337.5,0,0
7,8,6,6,1,22.5,0,0
7,8,6,6,2,67.5,0,0
7,8,6,6,3,112.5,0,0
7,8,6,6,4,157.5,0,0
7,8,6,6,5,202.5,0,0
7,8,6,6,6,247.5,0,0
7,8,6,6,7,292.5,0,0
7,8,6,6,8,337.5,0,0
7,8,6,7,1,22.5,0,0
7,8,6,7,2,67.5,0,0
7,8,6,7,3,112.5,0,0
7,8,6,7,4,157.5,0,0
7,8,6,7,5,202.5,0,0
7,8,6,7,6,247.5,0,0
7,8,6,7,7,292.5,0,0
7,8,6,7,8,337.5,0,0
7,8,6,8,1,22.5,0,0
7,8,6,8,2,67.5,0,0
7,8,6,8,3,112.5,0,0
7,8,6,8,4,157.5,0,0
7,8,6,8,5,202.5,0,0
7,8,6,8,6,247.5,0,0
7,8,6,8,7,292.5,0,0
7,8,6,8,8,337.5,0,0
7,8,6,9,1,22.5,0,0
7,8,6,9,2,67.5,0,0
7,8,6,9,3,112.5,0,0
7,8,6,9,4,157.5,0,0
7,8,6,9,5,202.5,0,0
7,8,6,9,6,247.5,0,0
7,8,6,9,7,292.5,0,0
7,8,6,9,8,337.5,0,0
7,8,6,10,1,22.5,0,0
7,8,6,10,2,67.5,0,0
7,8,6,10,3,112.5,0,0
7,8,6,10,4,157.5,0,0
7,8,6,10,5,202.5,0,0
7,8,6,10,6,247.5,0,0
7,8,6,10,7,292.5,0,0
7,8,6,10,8,337.5,0,0
7,8,6,11,1,22.5,0,0
7,8,6,11,2,67.5,0,0
7,8,6,11,3,112.5,0,0
7,8,6,11,4,157.5,0,0
7,8,6,11,5,202.5,0,0
7,8,6,11,6,247.5,0,0
7,8,6,11,7,292.5,0,0
7,8,6,11,8,337.5,0,0
7,8,7,1,1,22.5,0,0
7,8,7,1,2,67.5,0,0
7,8,7,1,3,112.5,0,0
7,8,7,1,4,157.5,0,0
7,8,7,1,5,202.5,0,0
7,8,7,1,6,247.5,0,0
7,8,7,1,7,292.5,0,0
7,8,7,1,8,337.5,0,0
7,8,7,2,1,22.5,0,0
7,8,7,2,2,67.5,0,0
7,8,7,2,3,112.5,0,0
7,8,7,2,4,157.5,0,0
7,8,7,2,5,202.5,0,0
7,8,7,2,6,247.5,0,0
7,8,7,2,7,292.5,0,0
7,8,7,2,8,337.5,0,0
7,8,7,3,1,22.5,0,0
7,8,7,3,2,67.5,0,0
7,8,7,3,3,112.5,0,0
7,8,7,3,4,157.5,0,0
7,8,7,3,5,202.5,0,0
7,8,7,3,6,247.5,0,0
7,8,7,3,7,292.5,0,0
7,8,7,3,8,337.5,0,0
7,8,7,4,1,22.5,0,0
7,8,7,4,2,67.5,0,0
7,8,7,4,3,112.5,0,0
7,8,7,4,4,157.5,0,0
7,8,7,4,5,202.5,0,0
7,8,7,4,6,247.5,0,0
7,8,7,4,7,292.5,0,0
7,8,7,4,8,337.5,0,0
7,8,7,5,1,22.5,0,0
7,8,7,5,2,67.5,0,0
7,8,7,5,3,112.5,0,0
7,8,7,5,4,157.5,0,0
7,8,7,5,5,202.5,0,0
7,8,7,5,6,247.5,0,0
7,8,7,5,7,292.5,0,0
7,8,7,5,8,337.5,0,0
7,8,7,6,1,22.5,0,0
7,8,7,6,2,67.5,0,0
7,8,7,6,3,112.5,0,0
7,8,7,6,4,157.5,0,0
7,8,7,6,5,202.5,0,0
7,8,7,6,6,247.5,0,0
7,8,7,6,7,292.5,0,0
7,8,7,6,8,337.5,0,0
7,8,7,7,1,22.5,0,0
7,8,7,7,2,67.5,0,0
7,8,7,7,3,112.5,0,0
7,8,7,7,4,157.5,0,0
7,8,7,7,5,202.5,0,0
7,8,7,7,6,247.5,0,0
7,8,7,7,7,292.5,0,0
7,8,7,7,8,337.5,0,0
7,8,7,8,1,22.5,0,0
7,8,7,8,2,67.5,0,0
7,8,7,8,3,112.5,0,0
7,8,7,8,4,157.5,0,0
7,8,7,8,5,202.5,0,0
7,8,7,8,6,247.5,0,0
7,8,7,8,7,292.5,0,0
7,8,7,8,8,337.5,0,0
7,8,7,9,1,22.5,0,0
7,8,7,9,2,67.5,0,0
7,8,7,9,3,112.5,0,0
7,8,7,9,4,157.5,0,0
7,8,7,9,5,202.5,0,0
7,8,7,9,6,247.5,0,0
7,8,7,9,7,292.5,0,0
7,8,7,9,8,337.5,0,0
7,8,7,10,1,22.5,0,0
7,8,7,10,2,67.5,0,0
7,8,7,10,3,112.5,0,0
7,8,7,10,4,157.5,0,0
7,8,7,10,5,202.5,0,0
7,8,7,10,6,247.5,0,0
7,8,7,10,7,292.5,0,0
7,8,7,10,8,337.5,0,0
7,8,7,11,1,22.5,0,0
7,8,7,11,2,67.5,0,0
7,8,7,11,3,112.5,0,0
7,8,7,11,4,157.5,0,0
7,8,7,11,5,202.5,0,0
7,8,7,11,6,247.5,0,0
7,8,7,11,7,292.5,0,0
7,8,7,11,8,337.5,0,0
7,8,8,1,1,22.5,0,0
7,8,8,1,2,67.5,0,0
7,8,8,1,3,112.5,0,0
7,8,8,1,4,157.5,0,0
7,8,8,1,5,202.5,0,0
7,8,8,1,6,247.5,0,0
7,8,8,1,7,292.5,0,0
7,8,8,1,8,337.5,0,0
7,8,8,2,1,22.5,0,0
7,8,8,2,2,67.5,0,0
7,8,8,2,3,112.5,0,0
7,8,8,2,4,157.5,0,0
7,8,8,2,5,202.5,0,0
7,8,8,2,6,247.5,0,0
7,8,8,2,7,292.5,0,0
7,8,8,2,8,337.5,0,0
7,8,8,3,1,22.5,0,0
7,8,8,3,2,67.5,0,0
7,8,8,3,3,112.5,0,0
7,8,8,3,4,157.5,0,0
7,8,8,3,5,202.5,0,0
7,8,8,3,6,247.5,0,0
7,8,8,3,7,292.5,0,0
7,8,8,3,8,337.5,0,0
7,8,8,4,1,22.5,0,0
7,8,8,4,2,67.5,0,0
7,8,8,4,3,112.5,0,0
7,8,8,4,4,157.5,0,0
7,8,8,4,5,202.5,0,0
7,8,8,4,6,247.5,0,0
7,8,8,4,7,292.5,0,0
7,8,8,4,8,337.5,0,0
7,8,8,5,1,22.5,0,0
7,8,8,5,2,67.5,0,0
7,8,8,5,3,112.5,0,0
7,8,8,5,4,157.5,0,0
7,8,8,5,5,202.5,0,0
7,8,8,5,6,247.5,0,0
7,8,8,5,7,292.5,0,0
7,8,8,5,8,337.5,0,0
7,8,8,6,1,22.5,0,0
7,8,8,6,2,67.5,0,0
7,8,8,6,3,112.5,0,0
7,8,8,6,4,157.5,0,0
7,8,8,6,5,202.5,0,0
7,8,8,6,6,247.5,0,0
7,8,8,6,7,292.5,0,0
7,8,8,6,8,337.5,0,0
7,8,8,7,1,22.5,0,0
7,8,8,7,2,67.5,0,0
7,8,8,7,3,112.5,0,0
7,8,8,7,4,157.5,0,0
7,8,8,7,5,202.5,0,0
7,8,8,7,6,247.5,0,0
7,8,8,7,7,292.5,0,0
7,8,8,7,8,337.5,0,0
7,8,8,8,1,22.5,0,0
7,8,8,8,2,67.5,0,0
7,8,8,8,3,112.5,0,0
7,8,8,8,4,157.5,0,0
7,8,8,8,5,202.5,0,0
7,8,8,8,6,247.5,0,0
7,8,8,8,7,292.5,0,0
7,8,8,8,8,337.5,0,0
7,8,8,9,1,22.5,0,0
7,8,8,9,2,67.5,0,0
7,8,8,9,3,112.5,0,0
7,8,8,9,4,157.5,0,0
7,8,8,9,5,202.5,0,0
7,8,8,9,6,247.5,0,0
7,8,8,9,7,292.5,0,0
7,8,8,9,8,337.5,0,0
7,8,8,10,1,22.5,0,0
7,8,8,10,2,67.5,0,0
7,8,8,10,3,112.5,0,0
7,8,8,10,4,157.5,0,0
7,8,8,10,5,202.5,0,0
7,8,8,10,6,247.5,0,0
7,8,8,10,7,292.5,0,0
7,8,8,10,8,337.5,0,0
7,8,8,11,1,22.5,0,0
7,8,8,11,2,67.5,0,0
7,8,8,11,3,112.5,0,0
7,8,8,11,4,157.5,0,0
7,8,8,11,5,202.5,0,0
7,8,8,11,6,247.5,0,0
7,8,8,11,7,292.5,0,0
7,8,8,11,8,337.5,0,0
8,9,1,1,1,22.5,0,0
8,9,1,1,2,67.5,2028.64,155.344
8,9,1,1,3,112.5,4889.04,182.07
8,9,1,1,4,157.5,1632.53,219.373
8,9,1,1,5,202.5,3319.87,195.932
8,9,1,1,6,247.5,4590.69,203.785
8,9,1,1,7,292.5,1515.64,140.452
8,9,1,1,8,337.5,0,0
8,9,1,2,1,22.5,462.13,50.6966
8,9,1,2,2,67.5,2362.69,81.8318
8,9,1,2,3,112.5,3290.32,190.865
8,9,1,2,4,157.5,4840.13,173.897
8,9,1,2,5,202.5,3609.14,218.415
8,9,1,2,6,247.5,3403.26,241.467
8,9,1,2,7,292.5,3149.7,106.894
8,9,1,2,8,337.5,332.627,80.9873
8,9,1,3,1,22.5,751.082,41.1211
8,9,1,3,2,67.5,2229.47,82.8155
8,9,1,3,3,112.5,2556.36,98.7845
8,9,1,3,4,157.5,3831.78,119.25
8,9,1,3,5,202.5,2419.55,99.7748
8,9,1,3,6,247.5,3318.75,103.461
8,9,1,3,7,292.5,2263,125.569
8,9,1,3,8,337.5,666.413,47.3366
8,9,1,4,1,22.5,461.544,32.3345
8,9,1,4,2,67.5,1866.44,68.5501
8,9,1,4,3,112.5,2013.2,71.8372
8,9,1,4,4,157.5,1640.47,105.594
8,9,1,4,5,202.5,1440.94,69.9165
8,9,1,4,6,247.5,2484.02,80.6316
8,9,1,4,7,292.5,1260.92,61.8919
8,9,1,4,8,337.5,462.301,33.7575
8,9,1,5,1,22.5,528.465,30.4146
8,9,1,5,2,67.5,1465.74,55.7069
8,9,1,5,3,112.5,1630.07,56.0212
8,9,1,5,4,157.5,902.954,48.8816
8,9,1,5,5,202.5,729.932,43.0243
8,9,1,5,6,247.5,1759.55,64.3518
8,9,1,5,7,292.5,1388.71,55.0769
8,9,1,5,8,337.5,375.893,31.3515
8,9,1,6,1,22.5,75.4077,9.4392
8,9,1,6,2,67.5,135.947,14.6555
8,9,1,6,3,112.5,139.279,15.2793
8,9,1,6,4,157.5,42.3069,9.43655
8,9,1,6,5,202.5,40.9953,8.36375
8,9,1,6,6,247.5,140.449,16.2784
8,9,1,6,7,292.5,176.183,17.4831
8,9,1,6,8,337.5,52.2198,7.82032
8,9,1,7,1,22.5,0,0
8,9,1,7,2,67.5,0,0
8,9,1,7,3,112.5,0,0
8,9,1,7,4,157.5,0,0
8,9,1,7,5,202.5,0,0
8,9,1,7,6,247.5,0,0
8,9,1,7,7,292.5,0,0
8,9,1,7,8,337.5,0,0
8,9,1,8,1,22.5,0,0
8,9,1,8,2,67.5,0,0
8,9,1,8,3,112.5,0,0
8,9,1,8,4,157.5,0,0
8,9,1,8,5,202.5,0,0
8,9,1,8,6,247.5,0,0
8,9,1,8,7,292.5,0,0
8,9,1,8,8,337.5,0,0
8,9,1,9,1,22.5,0,0
8,9,1,9,2,67.5,0,0
8,9,1,9,3,112.5,0,0
8,9,1,9,4,157.5,0,0
8,9,1,9,5,202.5,0,0
8,9,1,9,6,247.5,0,0
8,9,1,9,7,292.5,0,0
8,9,1,9,8,337.5,0,0
8,9,1,10,1,22.5,0,0
8,9,1,10,2,67.5,0,0
8,9,1,10,3,112.5,0,0
8,9,1,10,4,157.5,0,0
8,9,1,10,5,202.5,0,0
8,9,1,10,6,247.5,0,0
8,9,1,10,7,292.5,0,0
8,9,1,10,8,337.5,0,0
8,9,1,11,1,22.5,0,0
8,9,1,11,2,67.5,0,0
8,9,1,11,3,112.5,0,0
8,9,1,11,4,157.5,0,0
8,9,1,11,5,202.5,0,0
8,9,1,11,6,247.5,0,0
8,9,1,11,7,292.5,0,0
8,9,1,11,8,337.5,0,0
8,9,2,1,1,22.5,0,0
8,9,2,1,2,67.5,3900.59,85.464
8,9,2,1,3,112.5,3726.93,140.842
8,9,2,1,4,157.5,5174.95,291.927
8,9,2,1,5,202.5,4117.75,162.758
8,9,2,1,6,247.5,4433.63,153.278
8,9,2,1,7,292.5,2800.98,152.619
8,9,2,1,8,337.5,0,0
8,9,2,2,1,22.5,186.422,45.3458
8,9,2,2,2,67.5,2063.35,91.5582
8,9,2,2,3,112.5,4874.51,177.527
8,9,2,2,4,157.5,9864.56,189.672
8,9,2,2,5,202.5,5826.03,163.242
8,9,2,2,6,247.5,5102.74,206.829
8,9,2,2,7,292.5,2915.54,95.6367
8,9,2,2,8,337.5,122.102,24.8432
8,9,2,3,1,22.5,947.803,46.3515
8,9,2,3,2,67.5,3049.35,117.215
8,9,2,3,3,112.5,4113.92,149.17
8,9,2,3,4,157.5,8824.44,220.022
8,9,2,3,5,202.5,5446.32,148.458
8,9,2,3,6,247.5,6226.74,130.136
8,9,2,3,7,292.5,3609.39,119.89
8,9,2,3,8,337.5,561.066,45.7838
8,9,2,4,1,22.5,905.548,41.6579
8,9,2,4,2,67.5,3317.7,76.0787
8,9,2,4,3,112.5,3713.31,83.3064
8,9,2,4,4,157.5,7026.64,178.587
8,9,2,4,5,202.5,4289.5,109.701
8,9,2,4,6,247.5,5912.56,116.92
8,9,2,4,7,292.5,2536.99,89.4892
8,9,2,4,8,337.5,666.806,35.7288
8,9,2,5,1,22.5,1363.46,54.5504
8,9,2,5,2,67.5,5255.56,92.8991
8,9,2,5,3,112.5,5925.22,100.37
8,9,2,5,4,157.5,9401.78,141.196
8,9,2,5,5,202.5,5729.1,101.289
8,9,2,5,6,247.5,8500.92,169.265
8,9,2,5,7,292.5,3728.92,80.9619
8,9,2,5,8,337.5,1211.44,45.3645
8,9,2,6,1,22.5,1059.24,40.0135
8,9,2,6,2,67.5,2836.78,68.6392
8,9,2,6,3,112.5,3485.01,69.9128
8,9,2,6,4,157.5,4121.47,85.1235
8,9,2,6,5,202.5,2523.94,69.9323
8,9,2,6,6,247.5,4372.49,88.8383
8,9,2,6,7,292.5,2415.17,61.5479
8,9,2,6,8,337.5,757.881,34.9854
8,9,2,7,1,22.5,605.775,29.9055
8,9,2,7,2,67.5,1213.4,43.2176
8,9,2,7,3,112.5,1543.62,47.5313
8,9,2,7,4,157.5,1506.68,47.5894
8,9,2,7,5,202.5,1033.59,40.7979
8,9,2,7,6,247.5,1875.85,55.7439
8,9,2,7,7,292.5,1175.27,39.5792
8,9,2,7,8,337.5,363.116,23.5404
8,9,2,8,1,22.5,293.95,19.2931
8,9,2,8,2,67.5,530.056,28.4875
8,9,2,8,3,112.5,635.014,30.2105
8,9,2,8,4,157.5,523.754,32.2459
8,9,2,8,5,202.5,412.872,24.0301
8,9,2,8,6,247.5,805.198,34.1104
8,9,2,8,7,292.5,587.434,27.5062
8,9,2,8,8,337.5,210.877,16.3467
8,9,2,9,1,22.5,61.7048,8.42531
8,9,2,9,2,67.5,120.739,11.7137
8,9,2,9,3,112.5,120.151,11.7693
8,9,2,9,4,157.5,70.1944,9.01559
8,9,2,9,5,202.5,73.4457,9.62307
8,9,2,9,6,247.5,125.955,12.7809
8,9,2,9,7,292.5,91.7212,10.3801
8,9,2,9,8,337.5,25.8219,6.27585
8,9,2,10,1,22.5,0,0
8,9,2,10,2,67.5,0,0
8,9,2,10,3,112.5,0,0
8,9,2,10,4,157.5,0,0
8,9,2,10,5,202.5,0,0
8,9,2,10,6,247.5,0,0
8,9,2,10,7,292.5,0,0
8,9,2,10,8,337.5,0,0
8,9,2,11,1,22.5,0,0
8,9,2,11,2,67.5,0,0
8,9,2,11,3,112.5,0,0
8,9,2,11,4,157.5,0,0
8,9,2,11,5,202.5,0,0
8,9,2,11,6,247.5,0,0
8,9,2,11,7,292.5,0,0
8,9,2,11,8,337.5,0,0
8,9,3,1,1,22.5,187.523,24.0598
8,9,3,1,2,67.5,949.96,58.4066
8,9,3,1,3,112.5,1709.21,112.412
8,9,3,1,4,157.5,3561.82,143.594
8,9,3,1,5,202.5,2040.23,85.6881
8,9,3,1,6,247.5,1223,71.5673
8,9,3,1,7,292.5,1017.51,50.7158
8,9,3,1,8,337.5,271.057,20.4837
8,9,3,2,1,22.5,0,0
8,9,3,2,2,67.5,865.288,48.3206
8,9,3,2,3,112.5,1819.48,84.9098
8,9,3,2,4,157.5,6057.38,117.938
8,9,3,2,5,202.5,2900.51,87.1329
8,9,3,2,6,247.5,1876.54,97.4572
8,9,3,2,7,292.5,759.221,58.4964
8,9,3,2,8,337.5,0,0
8,9,3,3,1,22.5,24.8876,5.90226
8,9,3,3,2,67.5,742.895,36.3526
8,9,3,3,3,112.5,1447.49,53.8381
8,9,3,3,4,157.5,6121.68,111.974
8,9,3,3,5,202.5,2852.73,81.7888
8,9,3,3,6,247.5,2521.84,75.3307
8,9,3,3,7,292.5,1075.84,48.6073
8,9,3,3,8,337.5,68.3266,10.2257
8,9,3,4,1,22.5,127.424,12.7232
8,9,3,4,2,67.5,1160.63,47.1107
8,9,3,4,3,112.5,1457.85,51.8719
8,9,3,4,4,157.5,5135.52,98.8201
8,9,3,4,5,202.5,2667.26,71.3495
8,9,3,4,6,247.5,3236.42,78.7481
8,9,3,4,7,292.5,1196.43,44.9268
8,9,3,4,8,337.5,103.012,12.3813
8,9,3,5,1,22.5,354.352,21.0523
8,9,3,5,2,67.5,2827.18,64.6688
8,9,3,5,3,112.5,2929.3,71.1051
8,9,3,5,4,157.5,8394.95,128.403
8,9,3,5,5,202.5,4221.03,89.0207
8,9,3,5,6,247.5,5969.4,99.863
8,9,3,5,7,292.5,1953.25,57.5362
8,9,3,5,8,337.5,320.671,24.3027
8,9,3,6,1,22.5,316.212,27.2392
8,9,3,6,2,67.5,2292.99,54.9116
8,9,3,6,3,112.5,2365.75,59.9833
8,9,3,6,4,157.5,5667.14,95.2365
8,9,3,6,5,202.5,2967.7,65.3102
8,9,3,6,6,247.5,4349.27,81.4741
8,9,3,6,7,292.5,1321.02,46.1338
8,9,3,6,8,337.5,345.249,23.3898
8,9,3,7,1,22.5,351.867,22.3222
8,9,3,7,2,67.5,1529.36,43.656
8,9,3,7,3,112.5,1770.78,47.1475
8,9,3,7,4,157.5,3472.5,74.554
8,9,3,7,5,202.5,1965.53,51.4415
8,9,3,7,6,247.5,2807.55,62.2468
8,9,3,7,7,292.5,980.268,36.0543
8,9,3,7,8,337.5,361.32,22.2447
8,9,3,8,1,22.5,426.559,23.5863
8,9,3,8,2,67.5,1197.37,38.2179
8,9,3,8,3,112.5,1615.99,43.9544
8,9,3,8,4,157.5,2670.32,59.3058
8,9,3,8,5,202.5,1633.11,48.0579
8,9,3,8,6,247.5,2285.43,57.3566
8,9,3,8,7,292.5,976.85,34.7427
8,9,3,8,8,337.5,293.86,20.8971
8,9,3,9,1,22.5,272.737,18.3671
8,9,3,9,2,67.5,539.332,24.9327
8,9,3,9,3,112.5,750.344,31.4773
8,9,3,9,4,157.5,1028.89,41.2504
8,9,3,9,5,202.5,726.919,30.4831
8,9,3,9,6,247.5,987.639,34.9981
8,9,3,9,7,292.5,490.194,24.6066
8,9,3,9,8,337.5,186.578,16.0011
8,9,3,10,1,22.5,170.363,13.5866
8,9,3,10,2,67.5,267,17.3226
8,9,3,10,3,112.5,373.739,21.1232
8,9,3,10,4,157.5,495.646,24.1352
8,9,3,10,5,202.5,319.644,19.5131
8,9,3,10,6,247.5,426.913,23.4438
8,9,3,10,7,292.5,290.39,18.3004
8,9,3,10,8,337.5,71.321,9.68925
8,9,3,11,1,22.5,59.0399,8.02171
8,9,3,11,2,67.5,76.4315,9.07393
8,9,3,11,3,112.5,101.7,10.8839
8,9,3,11,4,157.5,112.242,10.947
8,9,3,11,5,202.5,73.0249,9.25397
8,9,3,11,6,247.5,110.479,10.8901
8,9,3,11,7,292.5,74.0868,9.12134
8,9,3,11,8,337.5,0,0
8,9,4,1,1,22.5,68.6693,11.5113
8,9,4,1,2,67.5,165.078,20.4833
8,9,4,1,3,112.5,1001.69,46.0271
8,9,4,1,4,157.5,2101.82,66.1868
8,9,4,1,5,202.5,1232.55,51.5261
8,9,4,1,6,247.5,244.188,33.8919
8,9,4,1,7,292.5,70.7272,18.6261
8,9,4,1,8,337.5,70.7971,12.4316
8,9,4,2,1,22.5,0,0
8,9,4,2,2,67.5,85.6093,18.4897
8,9,4,2,3,112.5,1241.33,49.6269
8,9,4,2,4,157.5,3205.68,95.3706
8,9,4,2,5,202.5,1701.1,57.4668
8,9,4,2,6,247.5,329.624,33.644
8,9,4,2,7,292.5,271.362,44.9807
8,9,4,2,8,337.5,0,0
8,9,4,3,1,22.5,0,0
8,9,4,3,2,67.5,129.108,18.2447
8,9,4,3,3,112.5,992.327,42.4222
8,9,4,3,4,157.5,3364.77,90.6439
8,9,4,3,5,202.5,1496.47,64.8706
8,9,4,3,6,247.5,811.103,40.1377
8,9,4,3,7,292.5,414.711,29.9822
8,9,4,3,8,337.5,0,0
8,9,4,4,1,22.5,0,0
8,9,4,4,2,67.5,276.286,23.4815
8,9,4,4,3,112.5,791.311,37.6036
8,9,4,4,4,157.5,3255.56,69.7858
8,9,4,4,5,202.5,1490.75,50.8625
8,9,4,4,6,247.5,1278.94,46.4856
8,9,4,4,7,292.5,637.399,32.3391
8,9,4,4,8,337.5,0,0
8,9,4,5,1,22.5,5.63523,3.27432
8,9,4,5,2,67.5,1143.29,40.1936
8,9,4,5,3,112.5,1356.66,43.584
8,9,4,5,4,157.5,5266.36,90.554
8,9,4,5,5,202.5,2344.04,59.8129
8,9,4,5,6,247.5,2895.66,65.3872
8,9,4,5,7,292.5,1198.93,43.914
8,9,4,5,8,337.5,20.7332,5.51237
8,9,4,6,1,22.5,0,0
8,9,4,6,2,67.5,1287.4,40.6708
8,9,4,6,3,112.5,1240.4,42.5437
8,9,4,6,4,157.5,4023.73,73.7686
8,9,4,6,5,202.5,1821.68,59.5985
8,9,4,6,6,247.5,2510.21,57.9685
8,9,4,6,7,292.5,885.946,35.3705
8,9,4,6,8,337.5,0,0
8,9,4,7,1,22.5,31.6571,6.95174
8,9,4,7,2,67.5,1013.18,35.4886
8,9,4,7,3,112.5,990.43,36.2659
8,9,4,7,4,157.5,2832.3,69.4392
8,9,4,7,5,202.5,1283.97,41.6653
8,9,4,7,6,247.5,2019.2,50.3061
8,9,4,7,7,292.5,572.99,26.7369
8,9,4,7,8,337.5,64.2595,9.3335
8,9,4,8,1,22.5,80.8754,10.2563
8,9,4,8,2,67.5,986.363,34.2589
8,9,4,8,3,112.5,1035.7,35.6749
8,9,4,8,4,157.5,2653.97,64.6649
8,9,4,8,5,202.5,1443.44,42.4167
8,9,4,8,6,247.5,1914.09,48.5898
8,9,4,8,7,292.5,563.569,26.0176
8,9,4,8,8,337.5,132.718,12.9556
8,9,4,9,1,22.5,134.582,12.1642
8,9,4,9,2,67.5,560.239,25.4631
8,9,4,9,3,112.5,613.972,28.9434
8,9,4,9,4,157.5,1564.79,42.6256
8,9,4,9,5,202.5,903.799,32.5229
8,9,4,9,6,247.5,989.81,34.741
8,9,4,9,7,292.5,372.61,20.5114
8,9,4,9,8,337.5,127.115,12.2019
8,9,4,10,1,22.5,142.747,12.6633
8,9,4,10,2,67.5,335.545,19.0421
8,9,4,10,3,112.5,399.286,23.3198
8,9,4,10,4,157.5,1008.93,34.4941
8,9,4,10,5,202.5,620.716,26.3271
8,9,4,10,6,247.5,663.338,27.8591
8,9,4,10,7,292.5,270.054,17.6018
8,9,4,10,8,337.5,105.048,10.9069
8,9,4,11,1,22.5,116.716,11.2073
8,9,4,11,2,67.5,214.717,15.1391
8,9,4,11,3,112.5,268.905,16.915
8,9,4,11,4,157.5,620.337,26.4435
8,9,4,11,5,202.5,359.051,20.2671
8,9,4,11,6,247.5,383.205,20.3708
8,9,4,11,7,292.5,195.836,14.6069
8,9,4,11,8,337.5,71.8994,9.16771
8,9,5,1,1,22.5,48.2164,8.13373
8,9,5,1,2,67.5,205.278,19.7646
8,9,5,1,3,112.5,700.806,38.3384
8,9,5,1,4,157.5,1262.44,53.3026
8,9,5,1,5,202.5,897.097,37.6734
8,9,5,1,6,247.5,190.262,18.1449
8,9,5,1,7,292.5,35.7739,13.6162
8,9,5,1,8,337.5,0,0
8,9,5,2,1,22.5,0,0
8,9,5,2,2,67.5,68.2562,11.4825
8,9,5,2,3,112.5,900.317,37.3718
8,9,5,2,4,157.5,1670.64,61.0442
8,9,5,2,5,202.5,1045.61,39.2104
8,9,5,2,6,247.5,100.705,12.7353
8,9,5,2,7,292.5,38.5698,7.6858
8,9,5,2,8,337.5,0,0
8,9,5,3,1,22.5,0,0
8,9,5,3,2,67.5,0,0
8,9,5,3,3,112.5,729.373,32.6994
8,9,5,3,4,157.5,1916,61.6671
8,9,5,3,5,202.5,969.726,46.1558
8,9,5,3,6,247.5,241.066,20.1292
8,9,5,3,7,292.5,152.654,15.2643
8,9,5,3,8,337.5,0,0
8,9,5,4,1,22.5,0,0
8,9,5,4,2,67.5,0,0
8,9,5,4,3,112.5,512.852,30.6324
8,9,5,4,4,157.5,1859.81,49.9319
8,9,5,4,5,202.5,884.19,41.0438
8,9,5,4,6,247.5,482.458,26.1915
8,9,5,4,7,292.5,267.218,20.7917
8,9,5,4,8,337.5,0,0
8,9,5,5,1,22.5,0,0
8,9,5,5,2,67.5,296.491,20.1159
8,9,5,5,3,112.5,792.657,32.6442
8,9,5,5,4,157.5,3224.48,74.1798
8,9,5,5,5,202.5,1501.9,44.2384
8,9,5,5,6,247.5,1200.25,46.8436
8,9,5,5,7,292.5,651.341,30.0811
8,9,5,5,8,337.5,0,0
8,9,5,6,1,22.5,0,0
8,9,5,6,2,67.5,498.903,25.5512
8,9,5,6,3,112.5,642.131,32.3474
8,9,5,6,4,157.5,2369.59,62.5843
8,9,5,6,5,202.5,1233.88,39.4379
8,9,5,6,6,247.5,1348.09,41.6681
8,9,5,6,7,292.5,648.708,29.2568
8,9,5,6,8,337.5,0,0
8,9,5,7,1,22.5,0,0
8,9,5,7,2,67.5,518.797,25.2778
8,9,5,7,3,112.5,576.461,26.2871
8,9,5,7,4,157.5,1859.71,53.646
8,9,5,7,5,202.5,971.865,34.3866
8,9,5,7,6,247.5,1197.38,38.2837
8,9,5,7,7,292.5,449.186,23.5416
8,9,5,7,8,337.5,0,0
8,9,5,8,1,22.5,0,0
8,9,5,8,2,67.5,728.35,31.612
8,9,5,8,3,112.5,614.041,26.7538
8,9,5,8,4,157.5,2056.9,49.0636
8,9,5,8,5,202.5,987.863,34.761
8,9,5,8,6,247.5,1305.02,43.1355
8,9,5,8,7,292.5,407.25,24.0581
8,9,5,8,8,337.5,20.4696,6.37298
8,9,5,9,1,22.5,0,0
8,9,5,9,2,67.5,443.911,22.2173
8,9,5,9,3,112.5,386.426,21.0203
8,9,5,9,4,157.5,1210.92,38.0431
8,9,5,9,5,202.5,701.049,27.9953
8,9,5,9,6,247.5,764.148,30.0889
8,9,5,9,7,292.5,243.425,16.5249
8,9,5,9,8,337.5,39.6949,6.90872
8,9,5,10,1,22.5,43.7033,7.20931
8,9,5,10,2,67.5,300.885,20.4058
8,9,5,10,3,112.5,270.207,18.0966
8,9,5,10,4,157.5,908.734,32.5767
8,9,5,10,5,202.5,509.834,23.6596
8,9,5,10,6,247.5,566.128,25.0375
8,9,5,10,7,292.5,176.068,13.7131
8,9,5,10,8,337.5,54.6016,7.9428
8,9,5,11,1,22.5,65.0342,8.70839
8,9,5,11,2,67.5,210.821,14.9251
8,9,5,11,3,112.5,282.031,17.3732
8,9,5,11,4,157.5,817.368,30.1646
8,9,5,11,5,202.5,458.857,22.2826
8,9,5,11,6,247.5,416.006,24.2945
8,9,5,11,7,292.5,151.275,13.0325
8,9,5,11,8,337.5,62.1254,9.17339
8,9,6,1,1,22.5,36.4755,7.23275
8,9,6,1,2,67.5,197.228,17.3505
8,9,6,1,3,112.5,538.544,33.61
8,9,6,1,4,157.5,742.5,31.7844
8,9,6,1,5,202.5,535.442,27.0276
8,9,6,1,6,247.5,178.116,14.8604
8,9,6,1,7,292.5,47.7844,8.19064
8,9,6,1,8,337.5,0,0
8,9,6,2,1,22.5,0,0
8,9,6,2,2,67.5,73.5706,10.3877
8,9,6,2,3,112.5,650.745,29.9687
8,9,6,2,4,157.5,1103.37,42.0673
8,9,6,2,5,202.5,694.6,30.0858
8,9,6,2,6,247.5,69.0778,9.05307
8,9,6,2,7,292.5,0,0
8,9,6,2,8,337.5,0,0
8,9,6,3,1,22.5,0,0
8,9,6,3,2,67.5,0,0
8,9,6,3,3,112.5,490.634,28.7431
8,9,6,3,4,157.5,1177.33,44.9916
8,9,6,3,5,202.5,659.161,28.8906
8,9,6,3,6,247.5,99.6651,10.9135
8,9,6,3,7,292.5,52.5311,8.0626
8,9,6,3,8,337.5,0,0
8,9,6,4,1,22.5,0,0
8,9,6,4,2,67.5,0,0
8,9,6,4,3,112.5,433.161,23.0828
8,9,6,4,4,157.5,1060.69,42.6738
8,9,6,4,5,202.5,560.382,26.7113
8,9,6,4,6,247.5,153.847,13.7864
8,9,6,4,7,292.5,121.568,12.5202
8,9,6,4,8,337.5,0,0
8,9,6,5,1,22.5,0,0
8,9,6,5,2,67.5,38.1689,6.9625
8,9,6,5,3,112.5,649.237,27.8578
8,9,6,5,4,157.5,1990.14,51.1642
8,9,6,5,5,202.5,949.807,34.4625
8,9,6,5,6,247.5,527.739,28.6322
8,9,6,5,7,292.5,336.37,20.7941
8,9,6,5,8,337.5,0,0
8,9,6,6,1,22.5,0,0
8,9,6,6,2,67.5,155.414,13.1891
8,9,6,6,3,112.5,463.529,23.1932
8,9,6,6,4,157.5,1638.05,49.7303
8,9,6,6,5,202.5,744.667,32.9807
8,9,6,6,6,247.5,635.145,27.9759
8,9,6,6,7,292.5,373.231,23.3942
8,9,6,6,8,337.5,0,0
8,9,6,7,1,22.5,0,0
8,9,6,7,2,67.5,263.989,17.1546
8,9,6,7,3,112.5,294.892,18.686
8,9,6,7,4,157.5,1219.82,42.031
8,9,6,7,5,202.5,634.927,27.3705
8,9,6,7,6,247.5,612.484,26.6108
8,9,6,7,7,292.5,325.699,22.0044
8,9,6,7,8,337.5,0,0
8,9,6,8,1,22.5,0,0
8,9,6,8,2,67.5,464.015,23.8772
8,9,6,8,3,112.5,372.116,20.5078
8,9,6,8,4,157.5,1260.46,42.1807
8,9,6,8,5,202.5,684.569,27.7193
8,9,6,8,6,247.5,807.98,30.6829
8,9,6,8,7,292.5,364.031,21.5549
8,9,6,8,8,337.5,0,0
8,9,6,9,1,22.5,0,0
8,9,6,9,2,67.5,318.62,18.8376
8,9,6,9,3,112.5,282.661,17.3854
8,9,6,9,4,157.5,942.334,32.0121
8,9,6,9,5,202.5,444.002,22.5459
8,9,6,9,6,247.5,606.012,27.9711
8,9,6,9,7,292.5,209.478,15.3885
8,9,6,9,8,337.5,0,0
8,9,6,10,1,22.5,0,0
8,9,6,10,2,67.5,239.29,16.3215
8,9,6,10,3,112.5,224.945,16.0128
8,9,6,10,4,157.5,739.914,28.2694
8,9,6,10,5,202.5,406.245,20.8963
8,9,6,10,6,247.5,510.266,23.5204
8,9,6,10,7,292.5,126.916,11.549
8,9,6,10,8,337.5,15.2853,4.33855
8,9,6,11,1,22.5,0,0
8,9,6,11,2,67.5,168.101,13.3663
8,9,6,11,3,112.5,183.7,13.9699
8,9,6,11,4,157.5,574.478,25.0508
8,9,6,11,5,202.5,305.165,18.7435
8,9,6,11,6,247.5,335.882,18.8049
8,9,6,11,7,292.5,103.299,10.5143
8,9,6,11,8,337.5,28.7157,5.8933
8,9,7,1,1,22.5,37.3218,6.72207
8,9,7,1,2,67.5,134.549,12.4788
8,9,7,1,3,112.5,358.922,20.5494
8,9,7,1,4,157.5,460.036,26.5461
8,9,7,1,5,202.5,366.276,21.1832
8,9,7,1,6,247.5,145.132,12.678
8,9,7,1,7,292.5,41.3612,6.97346
8,9,7,1,8,337.5,38.5755,6.92188
8,9,7,2,1,22.5,0,0
8,9,7,2,2,67.5,97.7151,11.5867
8,9,7,2,3,112.5,440.224,22.7768
8,9,7,2,4,157.5,644.931,28.5243
8,9,7,2,5,202.5,405.567,21.7812
8,9,7,2,6,247.5,55.6164,7.87744
8,9,7,2,7,292.5,0,0
8,9,7,2,8,337.5,0,0
8,9,7,3,1,22.5,0,0
8,9,7,3,2,67.5,0,0
8,9,7,3,3,112.5,386.038,20.8457
8,9,7,3,4,157.5,604.757,31.2085
8,9,7,3,5,202.5,389.133,21.0437
8,9,7,3,6,247.5,37.3763,6.6036
8,9,7,3,7,292.5,0,0
8,9,7,3,8,337.5,0,0
8,9,7,4,1,22.5,0,0
8,9,7,4,2,67.5,0,0
8,9,7,4,3,112.5,342.098,19.6982
8,9,7,4,4,157.5,640.206,27.2301
8,9,7,4,5,202.5,349.86,19.9409
8,9,7,4,6,247.5,76.2201,9.2181
8,9,7,4,7,292.5,55.678,7.8745
8,9,7,4,8,337.5,0,0
8,9,7,5,1,22.5,0,0
8,9,7,5,2,67.5,0,0
8,9,7,5,3,112.5,500.129,23.5047
8,9,7,5,4,157.5,1076.29,39.3798
8,9,7,5,5,202.5,605.978,26.3798
8,9,7,5,6,247.5,237.657,17.2231
8,9,7,5,7,292.5,169.021,14.0663
8,9,7,5,8,337.5,0,0
8,9,7,6,1,22.5,0,0
8,9,7,6,2,67.5,0,0
8,9,7,6,3,112.5,323.211,18.5277
8,9,7,6,4,157.5,970.464,36.5903
8,9,7,6,5,202.5,488.292,23.2611
8,9,7,6,6,247.5,332.26,19.4766
8,9,7,6,7,292.5,174.642,14.505
8,9,7,6,8,337.5,0,0
8,9,7,7,1,22.5,0,0
8,9,7,7,2,67.5,66.4921,8.82473
8,9,7,7,3,112.5,238.171,16.2171
8,9,7,7,4,157.5,723.982,32.7876
8,9,7,7,5,202.5,387.186,20.6795
8,9,7,7,6,247.5,318.107,18.4891
8,9,7,7,7,292.5,203.946,15.6336
8,9,7,7,8,337.5,0,0
8,9,7,8,1,22.5,0,0
8,9,7,8,2,67.5,171.126,13.4263
8,9,7,8,3,112.5,233.359,15.8042
8,9,7,8,4,157.5,674.823,30.2309
8,9,7,8,5,202.5,417.052,21.4338
8,9,7,8,6,247.5,440.544,21.9387
8,9,7,8,7,292.5,222.106,15.6376
8,9,7,8,8,337.5,0,0
8,9,7,9,1,22.5,0,0
8,9,7,9,2,67.5,114.171,11.0801
8,9,7,9,3,112.5,122.597,11.7013
8,9,7,9,4,157.5,423.772,23.6764
8,9,7,9,5,202.5,198.781,14.629
8,9,7,9,6,247.5,293.137,17.6439
8,9,7,9,7,292.5,136.239,12.1444
8,9,7,9,8,337.5,0,0
8,9,7,10,1,22.5,0,0
8,9,7,10,2,67.5,97.8993,10.2273
8,9,7,10,3,112.5,82.9818,9.46299
8,9,7,10,4,157.5,266.926,16.9156
8,9,7,10,5,202.5,116.351,11.3488
8,9,7,10,6,247.5,158.633,12.9157
8,9,7,10,7,292.5,52.837,7.69127
8,9,7,10,8,337.5,0,0
8,9,7,11,1,22.5,0,0
8,9,7,11,2,67.5,0,0
8,9,7,11,3,112.5,0,0
8,9,7,11,4,157.5,79.4793,9.28027
8,9,7,11,5,202.5,41.6141,6.71647
8,9,7,11,6,247.5,41.3818,6.84737
8,9,7,11,7,292.5,14.8576,4.45752
8,9,7,11,8,337.5,0,0
8,9,8,1,1,22.5,0,0
8,9,8,1,2,67.5,61.8069,8.30656
8,9,8,1,3,112.5,140.783,12.3263
8,9,8,1,4,157.5,158.256,14.1734
8,9,8,1,5,202.5,138.202,12.9894
8,9,8,1,6,247.5,62.7072,8.36691
8,9,8,1,7,292.5,18.9509,4.88238
8,9,8,1,8,337.5,0,0
8,9,8,2,1,22.5,0,0
8,9,8,2,2,67.5,0,0
8,9,8,2,3,112.5,146.651,12.5721
8,9,8,2,4,157.5,211.648,15.5186
8,9,8,2,5,202.5,133.001,12.1574
8,9,8,2,6,247.5,18.5284,4.52
8,9,8,2,7,292.5,0,0
8,9,8,2,8,337.5,0,0
8,9,8,3,1,22.5,0,0
8,9,8,3,2,67.5,0,0
8,9,8,3,3,112.5,140.417,12.496
8,9,8,3,4,157.5,208.312,15.3287
8,9,8,3,5,202.5,104.736,10.8169
8,9,8,3,6,247.5,0,0
8,9,8,3,7,292.5,0,0
8,9,8,3,8,337.5,0,0
8,9,8,4,1,22.5,0,0
8,9,8,4,2,67.5,0,0
8,9,8,4,3,112.5,98.0275,10.8943
8,9,8,4,4,157.5,205.671,15.109
8,9,8,4,5,202.5,81.1282,9.4866
8,9,8,4,6,247.5,10.2629,3.89538
8,9,8,4,7,292.5,0,0
8,9,8,4,8,337.5,0,0
8,9,8,5,1,22.5,0,0
8,9,8,5,2,67.5,0,0
8,9,8,5,3,112.5,127.952,11.631
8,9,8,5,4,157.5,264.069,18.238
8,9,8,5,5,202.5,137.226,12.1145
8,9,8,5,6,247.5,41.9011,6.82066
8,9,8,5,7,292.5,35.8822,6.37763
8,9,8,5,8,337.5,0,0
8,9,8,6,1,22.5,0,0
8,9,8,6,2,67.5,0,0
8,9,8,6,3,112.5,68.1163,8.72388
8,9,8,6,4,157.5,143.016,13.3913
8,9,8,6,5,202.5,55.5898,8.20933
8,9,8,6,6,247.5,38.8179,6.8668
8,9,8,6,7,292.5,0,0
8,9,8,6,8,337.5,0,0
8,9,8,7,1,22.5,0,0
8,9,8,7,2,67.5,0,0
8,9,8,7,3,112.5,0,0
8,9,8,7,4,157.5,86.9431,9.76476
8,9,8,7,5,202.5,30.6718,5.80132
8,9,8,7,6,247.5,0,0
8,9,8,7,7,292.5,0,0
8,9,8,7,8,337.5,0,0
8,9,8,8,1,22.5,0,0
8,9,8,8,2,67.5,0,0
8,9,8,8,3,112.5,0,0
8,9,8,8,4,157.5,25.105,5.40863
8,9,8,8,5,202.5,0,0
8,9,8,8,6,247.5,18.709,4.65678
8,9,8,8,7,292.5,0,0
8,9,8,8,8,337.5,0,0
8,9,8,9,1,22.5,0,0
8,9,8,9,2,67.5,0,0
8,9,8,9,3,112.5,0,0
8,9,8,9,4,157.5,0,0
8,9,8,9,5,202.5,0,0
8,9,8,9,6,247.5,0,0
8,9,8,9,7,292.5,0,0
8,9,8,9,8,337.5,0,0
8,9,8,10,1,22.5,0,0
8,9,8,10,2,67.5,0,0
8,9,8,10,3,112.5,0,0
8,9,8,10,4,157.5,0,0
8,9,8,10,5,202.5,0,0
8,9,8,10,6,247.5,0,0
8,9,8,10,7,292.5,0,0
8,9,8,10,8,337.5,0,0
8,9,8,11,1,22.5,0,0
8,9,8,11,2,67.5,0,0
8,9,8,11,3,112.5,0,0
8,9,8,11,4,157.5,0,0
8,9,8,11,5,202.5,0,0
8,9,8,11,6,247.5,0,0
8,9,8,11,7,292.5,0,0
8,9,8,11,8,337.5,0,0
9,10,1,1,1,22.5,0,0
9,10,1,1,2,67.5,1305.63,170.305
9,10,1,1,3,112.5,2499.05,229.61
9,10,1,1,4,157.5,1489.23,212.717
9,10,1,1,5,202.5,1592.83,139.404
9,10,1,1,6,247.5,2846.01,161.039
9,10,1,1,7,292.5,1246.93,99.0128
9,10,1,1,8,337.5,0,0
9,10,1,2,1,22.5,182.384,24.7959
9,10,1,2,2,67.5,985.11,51.7675
9,10,1,2,3,112.5,1609.87,115.71
9,10,1,2,4,157.5,2798.81,123.883
9,10,1,2,5,202.5,1473.32,105.709
9,10,1,2,6,247.5,1501.84,88.8405
9,10,1,2,7,292.5,1607.77,78.4112
9,10,1,2,8,337.5,141.866,31.3595
9,10,1,3,1,22.5,437.799,28.874
9,10,1,3,2,67.5,1320.38,93.0852
9,10,1,3,3,112.5,1262.53,65.6524
9,10,1,3,4,157.5,1104.8,97.1065
9,10,1,3,5,202.5,989.625,63.8574
9,10,1,3,6,247.5,1628.63,71.8464
9,10,1,3,7,292.5,1403.32,109.985
9,10,1,3,8,337.5,280.559,28.962
9,10,1,4,1,22.5,329.284,44.0034
9,10,1,4,2,67.5,914.377,46.905
9,10,1,4,3,112.5,884.443,45.6272
9,10,1,4,4,157.5,506.535,37.6318
9,10,1,4,5,202.5,327.194,43.325
9,10,1,4,6,247.5,1084.24,50.4768
9,10,1,4,7,292.5,773.823,45.5431
9,10,1,4,8,337.5,243.3,24.4905
9,10,1,5,1,22.5,233.948,21.0422
9,10,1,5,2,67.5,554.75,31.6974
9,10,1,5,3,112.5,438.518,28.4973
9,10,1,5,4,157.5,182.122,21.5693
9,10,1,5,5,202.5,145.35,19.0269
9,10,1,5,6,247.5,539.133,51.9687
9,10,1,5,7,292.5,560.585,34.2148
9,10,1,5,8,337.5,177.131,20.6637
9,10,1,6,1,22.5,0,0
9,10,1,6,2,67.5,0,0
9,10,1,6,3,112.5,0,0
9,10,1,6,4,157.5,0,0
9,10,1,6,5,202.5,0,0
9,10,1,6,6,247.5,13.505,4.09364
9,10,1,6,7,292.5,18.6322,4.7444
9,10,1,6,8,337.5,0,0
9,10,1,7,1,22.5,0,0
9,10,1,7,2,67.5,0,0
9,10,1,7,3,112.5,0,0
9,10,1,7,4,157.5,0,0
9,10,1,7,5,202.5,0,0
9,10,1,7,6,247.5,0,0
9,10,1,7,7,292.5,0,0
9,10,1,7,8,337.5,0,0
9,10,1,8,1,22.5,0,0
9,10,1,8,2,67.5,0,0
9,10,1,8,3,112.5,0,0
9,10,1,8,4,157.5,0,0
9,10,1,8,5,202.5,0,0
9,10,1,8,6,247.5,0,0
9,10,1,8,7,292.5,0,0
9,10,1,8,8,337.5,0,0
9,10,1,9,1,22.5,0,0
9,10,1,9,2,67.5,0,0
9,10,1,9,3,112.5,0,0
9,10,1,9,4,157.5,0,0
9,10,1,9,5,202.5,0,0
9,10,1,9,6,247.5,0,0
9,10,1,9,7,292.5,0,0
9,10,1,9,8,337.5,0,0
9,10,1,10,1,22.5,0,0
9,10,1,10,2,67.5,0,0
9,10,1,10,3,112.5,0,0
9,10,1,10,4,157.5,0,0
9,10,1,10,5,202.5,0,0
9,10,1,10,6,247.5,0,0
9,10,1,10,7,292.5,0,0
9,10,1,10,8,337.5,0,0
9,10,1,11,1,22.5,0,0
9,10,1,11,2,67.5,0,0
9,10,1,11,3,112.5,0,0
9,10,1,11,4,157.5,0,0
9,10,1,11,5,202.5,0,0
9,10,1,11,6,247.5,0,0
9,10,1,11,7,292.5,0,0
9,10,1,11,8,337.5,0,0
9,10,2,1,1,22.5,611.286,72.6895
9,10,2,1,2,67.5,5070.46,139.92
9,10,2,1,3,112.5,3599.43,148.687
9,10,2,1,4,157.5,6349.48,282.423
9,10,2,1,5,202.5,4830.89,191.274
9,10,2,1,6,247.5,3881.87,150.489
9,10,2,1,7,292.5,4437.1,136.556
9,10,2,1,8,337.5,1110.99,91.4748
9,10,2,2,1,22.5,179.791,28.8786
9,10,2,2,2,67.5,2633.85,134.227
9,10,2,2,3,112.5,4698.91,171.533
9,10,2,2,4,157.5,8812.68,286.795
9,10,2,2,5,202.5,5829.63,154.662
9,10,2,2,6,247.5,4610.7,191.235
9,10,2,2,7,292.5,2365.9,82.8571
9,10,2,2,8,337.5,374.303,56.3216
9,10,2,3,1,22.5,879.366,45.2475
9,10,2,3,2,67.5,2813.2,80.326
9,10,2,3,3,112.5,3568.04,101.269
9,10,2,3,4,157.5,6855.73,196.276
9,10,2,3,5,202.5,4364.99,117.619
9,10,2,3,6,247.5,5290.03,115.42
9,10,2,3,7,292.5,3355.45,97.6689
9,10,2,3,8,337.5,611.363,38.9892
9,10,2,4,1,22.5,786.039,43.0833
9,10,2,4,2,67.5,2949.92,108.422
9,10,2,4,3,112.5,3307.73,80.0373
9,10,2,4,4,157.5,4691.51,145.792
9,10,2,4,5,202.5,2958.77,89.7705
9,10,2,4,6,247.5,4923.87,100.396
9,10,2,4,7,292.5,2839.5,78.919
9,10,2,4,8,337.5,550.889,31.932
9,10,2,5,1,22.5,1163.78,48.9449
9,10,2,5,2,67.5,4787.77,89.8857
9,10,2,5,3,112.5,4368.93,82.4985
9,10,2,5,4,157.5,4426.4,123.976
9,10,2,5,5,202.5,3254.61,80.5649
9,10,2,5,6,247.5,6128.34,116.314
9,10,2,5,7,292.5,3720.79,105.754
9,10,2,5,8,337.5,1046.24,42.488
9,10,2,6,1,22.5,653.57,30.6806
9,10,2,6,2,67.5,2184.28,54.4996
9,10,2,6,3,112.5,2032.54,57.5685
9,10,2,6,4,157.5,1408.74,49.9585
9,10,2,6,5,202.5,914.443,51.6163
9,10,2,6,6,247.5,2449.57,62.7684
9,10,2,6,7,292.5,1726.7,50.2402
9,10,2,6,8,337.5,670.157,30.3907
9,10,2,7,1,22.5,324.342,21.5022
9,10,2,7,2,67.5,714.004,32.4546
9,10,2,7,3,112.5,602.617,35.4508
9,10,2,7,4,157.5,409.865,24.3106
9,10,2,7,5,202.5,276.552,21.0032
9,10,2,7,6,247.5,715.843,41.7248
9,10,2,7,7,292.5,660.648,29.6892
9,10,2,7,8,337.5,213.385,19.5263
9,10,2,8,1,22.5,133.796,12.2834
9,10,2,8,2,67.5,258.882,17.8565
9,10,2,8,3,112.5,235.611,16.6269
9,10,2,8,4,157.5,128.128,12.1948
9,10,2,8,5,202.5,67.2265,8.71244
9,10,2,8,6,247.5,262.802,19.2713
9,10,2,8,7,292.5,284.263,18.3054
9,10,2,8,8,337.5,90.2269,10.7053
9,10,2,9,1,22.5,0,0
9,10,2,9,2,67.5,0,0
9,10,2,9,3,112.5,0,0
9,10,2,9,4,157.5,0,0
9,10,2,9,5,202.5,0,0
9,10,2,9,6,247.5,0,0
9,10,2,9,7,292.5,0,0
9,10,2,9,8,337.5,0,0
9,10,2,10,1,22.5,0,0
9,10,2,10,2,67.5,0,0
9,10,2,10,3,112.5,0,0
9,10,2,10,4,157.5,0,0
9,10,2,10,5,202.5,0,0
9,10,2,10,6,247.5,0,0
9,10,2,10,7,292.5,0,0
9,10,2,10,8,337.5,0,0
9,10,2,11,1,22.5,0,0
9,10,2,11,2,67.5,0,0
9,10,2,11,3,112.5,0,0
9,10,2,11,4,157.5,0,0
9,10,2,11,5,202.5,0,0
9,10,2,11,6,247.5,0,0
9,10,2,11,7,292.5,0,0
9,10,2,11,8,337.5,0,0
9,10,3,1,1,22.5,517.153,39.206
9,10,3,1,2,67.5,1227.07,61.8076
9,10,3,1,3,112.5,2797.76,92.7834
9,10,3,1,4,157.5,5641.21,125.863
9,10,3,1,5,202.5,3950.53,124.052
9,10,3,1,6,247.5,1788.54,95.6334
9,10,3,1,7,292.5,1327.83,67.5179
9,10,3,1,8,337.5,981.133,42.3362
9,10,3,2,1,22.5,216.736,20.6867
9,10,3,2,2,67.5,1466.9,62.3766
9,10,3,2,3,112.5,2801.92,109.384
9,10,3,2,4,157.5,7195.75,127.473
9,10,3,2,5,202.5,4034.42,103.3
9,10,3,2,6,247.5,1903.61,85.6948
9,10,3,2,7,292.5,1340.95,77.9576
9,10,3,2,8,337.5,106.345,13.1285
9,10,3,3,1,22.5,66.85,9.58985
9,10,3,3,2,67.5,1063.76,46.6735
9,10,3,3,3,112.5,2050.57,60.8804
9,10,3,3,4,157.5,6084.81,142.05
9,10,3,3,5,202.5,3649.95,78.9297
9,10,3,3,6,247.5,2578.62,76.0797
9,10,3,3,7,292.5,1819.66,62.3359
9,10,3,3,8,337.5,167.059,15.9051
9,10,3,4,1,22.5,201.184,16.8464
9,10,3,4,2,67.5,1578.94,51.4205
9,10,3,4,3,112.5,1677.81,52.8117
9,10,3,4,4,157.5,5364.12,101.298
9,10,3,4,5,202.5,2999.89,70.1727
9,10,3,4,6,247.5,2951.59,67.3418
9,10,3,4,7,292.5,1990.92,57.3194
9,10,3,4,8,337.5,284.531,18.5988
9,10,3,5,1,22.5,458.426,26.0242
9,10,3,5,2,67.5,3437.94,90.4042
9,10,3,5,3,112.5,3103.54,69.7117
9,10,3,5,4,157.5,7330.57,111.033
9,10,3,5,5,202.5,4322.78,83.7738
9,10,3,5,6,247.5,5458.59,91.9898
9,10,3,5,7,292.5,3001.31,65.546
9,10,3,5,8,337.5,419.345,23.9884
9,10,3,6,1,22.5,377.236,25.6811
9,10,3,6,2,67.5,2544.53,56.6708
9,10,3,6,3,112.5,2252.69,55.0808
9,10,3,6,4,157.5,4197.29,79.5561
9,10,3,6,5,202.5,2404.93,63.416
9,10,3,6,6,247.5,3822.07,73.6995
9,10,3,6,7,292.5,1607.61,47.5773
9,10,3,6,8,337.5,354.059,23.0997
9,10,3,7,1,22.5,264.81,19.0995
9,10,3,7,2,67.5,1494.92,43.1006
9,10,3,7,3,112.5,1592.06,44.6099
9,10,3,7,4,157.5,1868.4,58.9666
9,10,3,7,5,202.5,1286.99,42.8084
9,10,3,7,6,247.5,2248.31,55.28
9,10,3,7,7,292.5,994.487,36.0796
9,10,3,7,8,337.5,343.544,21.3226
9,10,3,8,1,22.5,355.921,21.1549
9,10,3,8,2,67.5,1047.8,35.6089
9,10,3,8,3,112.5,1099.29,36.1305
9,10,3,8,4,157.5,1190.62,39.0586
9,10,3,8,5,202.5,833.308,32.1927
9,10,3,8,6,247.5,1607.01,45.9965
9,10,3,8,7,292.5,865.864,32.5791
9,10,3,8,8,337.5,324.492,20.3519
9,10,3,9,1,22.5,193.653,15.1806
9,10,3,9,2,67.5,397.028,21.0293
9,10,3,9,3,112.5,396.034,22.3195
9,10,3,9,4,157.5,313.889,19.674
9,10,3,9,5,202.5,237.925,17.142
9,10,3,9,6,247.5,483.972,24.2322
9,10,3,9,7,292.5,318.22,20.2755
9,10,3,9,8,337.5,143.51,12.872
9,10,3,10,1,22.5,78.4994,9.27253
9,10,3,10,2,67.5,128.934,12.0908
9,10,3,10,3,112.5,131.508,11.9349
9,10,3,10,4,157.5,106.273,10.7193
9,10,3,10,5,202.5,58.0937,8.27646
9,10,3,10,6,247.5,185.696,14.2174
9,10,3,10,7,292.5,137.405,12.5431
9,10,3,10,8,337.5,52.1207,7.73713
9,10,3,11,1,22.5,14.4086,4.23958
9,10,3,11,2,67.5,18.074,4.73695
9,10,3,11,3,112.5,0,0
9,10,3,11,4,157.5,0,0
9,10,3,11,5,202.5,0,0
9,10,3,11,6,247.5,22.7289,5.01555
9,10,3,11,7,292.5,20.912,4.95722
9,10,3,11,8,337.5,9.46738,3.31079
9,10,4,1,1,22.5,278.474,27.326
9,10,4,1,2,67.5,806.837,63.1545
9,10,4,1,3,112.5,2319.82,69.0849
9,10,4,1,4,157.5,3660.52,104.258
9,10,4,1,5,202.5,2518.15,70.2808
9,10,4,1,6,247.5,784.846,44.0261
9,10,4,1,7,292.5,411.847,35.9216
9,10,4,1,8,337.5,259.772,32.9746
9,10,4,2,1,22.5,101.252,12.7846
9,10,4,2,2,67.5,293.803,26.988
9,10,4,2,3,112.5,1774.4,54.9904
9,10,4,2,4,157.5,4229.15,84.7826
9,10,4,2,5,202.5,2517.41,68.3138
9,10,4,2,6,247.5,500.97,30.2134
9,10,4,2,7,292.5,412.343,42.1131
9,10,4,2,8,337.5,86.5562,10.6147
9,10,4,3,1,22.5,53.1135,9.2644
9,10,4,3,2,67.5,230.354,24.8033
9,10,4,3,3,112.5,1321.97,48.4261
9,10,4,3,4,157.5,4024.12,81.6039
9,10,4,3,5,202.5,2307.12,60.3747
9,10,4,3,6,247.5,868.915,40.9212
9,10,4,3,7,292.5,742.847,46.6727
9,10,4,3,8,337.5,14.4965,4.91455
9,10,4,4,1,22.5,0,0
9,10,4,4,2,67.5,452.986,27.2798
9,10,4,4,3,112.5,925.311,36.5868
9,10,4,4,4,157.5,3474.66,72.9826
9,10,4,4,5,202.5,1866.48,56.1059
9,10,4,4,6,247.5,1187.88,43.9348
9,10,4,4,7,292.5,1011.67,39.2188
9,10,4,4,8,337.5,0,0
9,10,4,5,1,22.5,44.1435,7.75637
9,10,4,5,2,67.5,1537.15,47.5257
9,10,4,5,3,112.5,1474.83,45.7785
9,10,4,5,4,157.5,5194.49,102.186
9,10,4,5,5,202.5,2893.11,65.1283
9,10,4,5,6,247.5,2529.22,59.4891
9,10,4,5,7,292.5,1968.81,53.4651
9,10,4,5,8,337.5,79.2738,10.2385
9,10,4,6,1,22.5,73.784,9.67196
9,10,4,6,2,67.5,1541.9,51.2379
9,10,4,6,3,112.5,1255.51,39.4689
9,10,4,6,4,157.5,3885.1,71.6757
9,10,4,6,5,202.5,1931.64,61.5361
9,10,4,6,6,247.5,2346.32,55.5203
9,10,4,6,7,292.5,1454.05,43.2975
9,10,4,6,8,337.5,51.9626,8.33874
9,10,4,7,1,22.5,44.4777,7.70956
9,10,4,7,2,67.5,1189.24,37.7092
9,10,4,7,3,112.5,1045.53,35.115
9,10,4,7,4,157.5,2431.79,55.7588
9,10,4,7,5,202.5,1529.27,43.1073
9,10,4,7,6,247.5,1713.01,46.6044
9,10,4,7,7,292.5,841.708,31.8467
9,10,4,7,8,337.5,60.5949,8.79106
9,10,4,8,1,22.5,74.3764,9.75688
9,10,4,8,2,67.5,1039.59,34.7859
9,10,4,8,3,112.5,971.007,33.2895
9,10,4,8,4,157.5,2051.66,49.7028
9,10,4,8,5,202.5,1297.76,40.2385
9,10,4,8,6,247.5,1738.4,46.1489
9,10,4,8,7,292.5,659.8,27.8231
9,10,4,8,8,337.5,117.993,12.0411
9,10,4,9,1,22.5,104.237,10.9592
9,10,4,9,2,67.5,494.907,23.3454
9,10,4,9,3,112.5,517.959,24.8696
9,10,4,9,4,157.5,1007.93,34.4905
9,10,4,9,5,202.5,592.596,26.3027
9,10,4,9,6,247.5,803.587,31.1854
9,10,4,9,7,292.5,315.049,20.1215
9,10,4,9,8,337.5,128.943,11.9727
9,10,4,10,1,22.5,111.8,11.0152
9,10,4,10,2,67.5,262.382,16.8323
9,10,4,10,3,112.5,316.023,18.369
9,10,4,10,4,157.5,470.089,22.8508
9,10,4,10,5,202.5,273.585,17.9878
9,10,4,10,6,247.5,465.209,22.7692
9,10,4,10,7,292.5,201.542,15.0285
9,10,4,10,8,337.5,97.1388,10.3886
9,10,4,11,1,22.5,56.9785,7.8269
9,10,4,11,2,67.5,130.485,11.7952
9,10,4,11,3,112.5,135.654,12.1618
9,10,4,11,4,157.5,166.106,13.3828
9,10,4,11,5,202.5,111.26,11.2694
9,10,4,11,6,247.5,159.057,13.1858
9,10,4,11,7,292.5,84.8261,10.2207
9,10,4,11,8,337.5,45.5429,7.27227
9,10,5,1,1,22.5,306.665,23.4274
9,10,5,1,2,67.5,685.476,44.0946
9,10,5,1,3,112.5,1631.41,59.5746
9,10,5,1,4,157.5,2171.53,69.3624
9,10,5,1,5,202.5,1657.09,50.3958
9,10,5,1,6,247.5,605.758,36.4835
9,10,5,1,7,292.5,245.751,21.4061
9,10,5,1,8,337.5,250.077,21.8506
9,10,5,2,1,22.5,27.9636,6.90934
9,10,5,2,2,67.5,251.24,20.6563
9,10,5,2,3,112.5,1231.7,53.619
9,10,5,2,4,157.5,2654.57,61.4705
9,10,5,2,5,202.5,1703.67,49.3271
9,10,5,2,6,247.5,278.51,20.5801
9,10,5,2,7,292.5,54.9898,12.5345
9,10,5,2,8,337.5,0,0
9,10,5,3,1,22.5,0,0
9,10,5,3,2,67.5,42.1629,13.0163
9,10,5,3,3,112.5,1015.67,38.0864
9,10,5,3,4,157.5,2529.41,58.8835
9,10,5,3,5,202.5,1361.77,50.5678
9,10,5,3,6,247.5,280.888,20.9643
9,10,5,3,7,292.5,244.788,21.9116
9,10,5,3,8,337.5,9.38623,3.68873
9,10,5,4,1,22.5,0,0
9,10,5,4,2,67.5,54.435,10.0923
9,10,5,4,3,112.5,743.589,31.7023
9,10,5,4,4,157.5,2169,54.8558
9,10,5,4,5,202.5,1287.63,41.1593
9,10,5,4,6,247.5,467.703,24.5104
9,10,5,4,7,292.5,452.28,25.1883
9,10,5,4,8,337.5,0,0
9,10,5,5,1,22.5,0,0
9,10,5,5,2,67.5,450.788,24.6978
9,10,5,5,3,112.5,958.811,34.9171
9,10,5,5,4,157.5,3413.82,78.3538
9,10,5,5,5,202.5,1772.19,57.2082
9,10,5,5,6,247.5,1109.81,46.2657
9,10,5,5,7,292.5,1084.11,42.7612
9,10,5,5,8,337.5,16.0596,4.4824
9,10,5,6,1,22.5,0,0
9,10,5,6,2,67.5,694.496,28.9819
9,10,5,6,3,112.5,643.256,32.2521
9,10,5,6,4,157.5,2489.51,62.1533
9,10,5,6,5,202.5,1453,42.599
9,10,5,6,6,247.5,1193.74,39.5123
9,10,5,6,7,292.5,1030.92,35.3503
9,10,5,6,8,337.5,0,0
9,10,5,7,1,22.5,14.7765,4.30589
9,10,5,7,2,67.5,723.785,28.6707
9,10,5,7,3,112.5,573.318,25.8239
9,10,5,7,4,157.5,1872.6,47.6272
9,10,5,7,5,202.5,1031.99,36.4001
9,10,5,7,6,247.5,1038.87,35.7288
9,10,5,7,7,292.5,738.709,29.4525
9,10,5,7,8,337.5,0,0
9,10,5,8,1,22.5,0,0
9,10,5,8,2,67.5,869.005,31.044
9,10,5,8,3,112.5,607.742,26.1692
9,10,5,8,4,157.5,1862.58,46.326
9,10,5,8,5,202.5,1115.96,35.9646
9,10,5,8,6,247.5,1073.21,39.2038
9,10,5,8,7,292.5,659.655,27.6058
9,10,5,8,8,337.5,0,0
9,10,5,9,1,22.5,0,0
9,10,5,9,2,67.5,481.768,22.9132
9,10,5,9,3,112.5,383.578,20.7681
9,10,5,9,4,157.5,1045.37,34.7778
9,10,5,9,5,202.5,646.921,27.0803
9,10,5,9,6,247.5,712.003,28.9149
9,10,5,9,7,292.5,342.154,19.0891
9,10,5,9,8,337.5,0,0
9,10,5,10,1,22.5,16.4406,4.51828
9,10,5,10,2,67.5,307.095,18.1147
9,10,5,10,3,112.5,296.617,17.6331
9,10,5,10,4,157.5,695.321,27.606
9,10,5,10,5,202.5,432.708,21.7404
9,10,5,10,6,247.5,477.849,24.3955
9,10,5,10,7,292.5,170.862,13.628
9,10,5,10,8,337.5,50.2476,7.53862
9,10,5,11,1,22.5,0,0
9,10,5,11,2,67.5,138.945,12.0029
9,10,5,11,3,112.5,176.83,13.7122
9,10,5,11,4,157.5,408.126,23.0892
9,10,5,11,5,202.5,247.225,16.1436
9,10,5,11,6,247.5,244.605,16.3344
9,10,5,11,7,292.5,89.0697,9.86783
9,10,5,11,8,337.5,42.0156,7.01531
9,10,6,1,1,22.5,334.538,21.1726
9,10,6,1,2,67.5,611.779,32.6553
9,10,6,1,3,112.5,1108.02,38.4435
9,10,6,1,4,157.5,1341.21,48.0711
9,10,6,1,5,202.5,1051.74,38.3771
9,10,6,1,6,247.5,512.4,25.4697
9,10,6,1,7,292.5,256.858,19.2944
9,10,6,1,8,337.5,181.05,16.7267
9,10,6,2,1,22.5,70.2396,9.2683
9,10,6,2,2,67.5,262.989,19.0741
9,10,6,2,3,112.5,993.151,37.0552
9,10,6,2,4,157.5,1644.56,45.6064
9,10,6,2,5,202.5,1021.58,35.8857
9,10,6,2,6,247.5,193.735,18.8777
9,10,6,2,7,292.5,12.1324,4.19979
9,10,6,2,8,337.5,0,0
9,10,6,3,1,22.5,0,0
9,10,6,3,2,67.5,83.8816,10.252
9,10,6,3,3,112.5,761.012,30.4038
9,10,6,3,4,157.5,1428.01,43.2256
9,10,6,3,5,202.5,827.425,37.5349
9,10,6,3,6,247.5,146.385,13.1537
9,10,6,3,7,292.5,70.4845,9.24012
9,10,6,3,8,337.5,0,0
9,10,6,4,1,22.5,0,0
9,10,6,4,2,67.5,21.598,5.60682
9,10,6,4,3,112.5,583.272,26.8107
9,10,6,4,4,157.5,1284.85,45.7586
9,10,6,4,5,202.5,762.679,30.6905
9,10,6,4,6,247.5,187.69,15.3477
9,10,6,4,7,292.5,205.678,15.4985
9,10,6,4,8,337.5,0,0
9,10,6,5,1,22.5,0,0
9,10,6,5,2,67.5,71.099,9.33212
9,10,6,5,3,112.5,827.643,31.2661
9,10,6,5,4,157.5,2252.84,57.3211
9,10,6,5,5,202.5,1237.07,43.3844
9,10,6,5,6,247.5,535.327,28.0018
9,10,6,5,7,292.5,538.335,25.3672
9,10,6,5,8,337.5,0,0
9,10,6,6,1,22.5,0,0
9,10,6,6,2,67.5,212.122,15.1915
9,10,6,6,3,112.5,506.508,24.1456
9,10,6,6,4,157.5,1637.56,48.3231
9,10,6,6,5,202.5,1015.24,37.4864
9,10,6,6,6,247.5,569.184,26.0199
9,10,6,6,7,292.5,625.435,26.7081
9,10,6,6,8,337.5,0,0
9,10,6,7,1,22.5,0,0
9,10,6,7,2,67.5,324.803,20.7215
9,10,6,7,3,112.5,390.08,20.5399
9,10,6,7,4,157.5,1320.42,38.3746
9,10,6,7,5,202.5,704.629,27.9132
9,10,6,7,6,247.5,531.384,27.0089
9,10,6,7,7,292.5,547.981,24.7637
9,10,6,7,8,337.5,0,0
9,10,6,8,1,22.5,0,0
9,10,6,8,2,67.5,427.682,22.019
9,10,6,8,3,112.5,380.413,20.7016
9,10,6,8,4,157.5,1304.24,40.6287
9,10,6,8,5,202.5,693.28,30.5105
9,10,6,8,6,247.5,711.291,27.9713
9,10,6,8,7,292.5,530.223,26.4319
9,10,6,8,8,337.5,0,0
9,10,6,9,1,22.5,0,0
9,10,6,9,2,67.5,343.765,19.1226
9,10,6,9,3,112.5,222.129,15.977
9,10,6,9,4,157.5,784.698,31.9116
9,10,6,9,5,202.5,441.179,22.8488
9,10,6,9,6,247.5,455.103,22.363
9,10,6,9,7,292.5,267.456,17.2097
9,10,6,9,8,337.5,0,0
9,10,6,10,1,22.5,0,0
9,10,6,10,2,67.5,161.387,13.3913
9,10,6,10,3,112.5,161.55,13.1137
9,10,6,10,4,157.5,460.491,22.0375
9,10,6,10,5,202.5,294.856,18.0428
9,10,6,10,6,247.5,310.114,18.2029
9,10,6,10,7,292.5,144.534,12.4035
9,10,6,10,8,337.5,0,0
9,10,6,11,1,22.5,0,0
9,10,6,11,2,67.5,61.2389,8.13085
9,10,6,11,3,112.5,55.8409,7.98689
9,10,6,11,4,157.5,195.334,14.3929
9,10,6,11,5,202.5,125.336,11.5838
9,10,6,11,6,247.5,112.605,11.0086
9,10,6,11,7,292.5,48.2086,7.30722
9,10,6,11,8,337.5,11.519,4.47348
9,10,7,1,1,22.5,282.356,18.2721
9,10,7,1,2,67.5,439.782,23.0401
9,10,7,1,3,112.5,768.31,30.0129
9,10,7,1,4,157.5,870.521,34.7641
9,10,7,1,5,202.5,720.576,33.1493
9,10,7,1,6,247.5,391.059,25.3612
9,10,7,1,7,292.5,248.088,17.1198
9,10,7,1,8,337.5,221.724,16.1268
9,10,7,2,1,22.5,90.9187,10.3505
9,10,7,2,2,67.5,268.403,17.7356
9,10,7,2,3,112.5,707.251,28.5207
9,10,7,2,4,157.5,887.638,35.4029
9,10,7,2,5,202.5,689.022,27.9855
9,10,7,2,6,247.5,183.128,15.0855
9,10,7,2,7,292.5,28.1952,5.73096
9,10,7,2,8,337.5,0,0
9,10,7,3,1,22.5,0,0
9,10,7,3,2,67.5,120.967,11.472
9,10,7,3,3,112.5,554.747,25.4693
9,10,7,3,4,157.5,815.224,34.2409
9,10,7,3,5,202.5,596.236,25.8182
9,10,7,3,6,247.5,96.7059,10.2969
9,10,7,3,7,292.5,15.8903,4.48217
9,10,7,3,8,337.5,0,0
9,10,7,4,1,22.5,0,0
9,10,7,4,2,67.5,44.0119,7.14602
9,10,7,4,3,112.5,439.516,22.3153
9,10,7,4,4,157.5,794.446,29.9491
9,10,7,4,5,202.5,485.926,24.4985
9,10,7,4,6,247.5,96.6868,10.3372
9,10,7,4,7,292.5,45.1008,7.28789
9,10,7,4,8,337.5,0,0
9,10,7,5,1,22.5,0,0
9,10,7,5,2,67.5,40.3858,7.79207
9,10,7,5,3,112.5,562.752,27.0564
9,10,7,5,4,157.5,1252.36,40.1481
9,10,7,5,5,202.5,736.809,29.098
9,10,7,5,6,247.5,214.946,15.6275
9,10,7,5,7,292.5,234.793,15.8917
9,10,7,5,8,337.5,0,0
9,10,7,6,1,22.5,0,0
9,10,7,6,2,67.5,53.5113,7.92266
9,10,7,6,3,112.5,352.534,19.2877
9,10,7,6,4,157.5,890.118,31.4864
9,10,7,6,5,202.5,495.849,23.4936
9,10,7,6,6,247.5,261.159,17.1768
9,10,7,6,7,292.5,309.52,18.0657
9,10,7,6,8,337.5,0,0
9,10,7,7,1,22.5,0,0
9,10,7,7,2,67.5,71.603,9.07379
9,10,7,7,3,112.5,207.764,14.7021
9,10,7,7,4,157.5,601.925,25.3702
9,10,7,7,5,202.5,334.172,18.842
9,10,7,7,6,247.5,222.165,15.4735
9,10,7,7,7,292.5,238.576,16.1393
9,10,7,7,8,337.5,0,0
9,10,7,8,1,22.5,0,0
9,10,7,8,2,67.5,107.736,10.832
9,10,7,8,3,112.5,153.888,12.8291
9,10,7,8,4,157.5,489.688,22.6887
9,10,7,8,5,202.5,247.857,16.1838
9,10,7,8,6,247.5,188.103,14.7522
9,10,7,8,7,292.5,215.287,15.1252
9,10,7,8,8,337.5,0,0
9,10,7,9,1,22.5,0,0
9,10,7,9,2,67.5,49.6654,7.71243
9,10,7,9,3,112.5,45.4625,6.97835
9,10,7,9,4,157.5,152.706,12.7889
9,10,7,9,5,202.5,67.1674,8.8813
9,10,7,9,6,247.5,93.6943,10.0845
9,10,7,9,7,292.5,64.4142,8.28618
9,10,7,9,8,337.5,0,0
9,10,7,10,1,22.5,0,0
9,10,7,10,2,67.5,0,0
9,10,7,10,3,112.5,0,0
9,10,7,10,4,157.5,51.9853,7.61358
9,10,7,10,5,202.5,23.9655,6.24641
9,10,7,10,6,247.5,35.6802,6.43696
9,10,7,10,7,292.5,0,0
9,10,7,10,8,337.5,0,0
9,10,7,11,1,22.5,0,0
9,10,7,11,2,67.5,0,0
9,10,7,11,3,112.5,0,0
9,10,7,11,4,157.5,0,0
9,10,7,11,5,202.5,0,0
9,10,7,11,6,247.5,0,0
9,10,7,11,7,292.5,0,0
9,10,7,11,8,337.5,0,0
9,10,8,1,1,22.5,65.4141,8.70671
9,10,8,1,2,67.5,112.502,10.8783
9,10,8,1,3,112.5,145.038,12.9601
9,10,8,1,4,157.5,153.992,13.0352
9,10,8,1,5,202.5,147.391,12.5009
9,10,8,1,6,247.5,80.5448,9.33901
9,10,8,1,7,292.5,55.0783,7.78502
9,10,8,1,8,337.5,59.0747,8.25888
9,10,8,2,1,22.5,0,0
9,10,8,2,2,67.5,54.7175,7.75607
9,10,8,2,3,112.5,116.87,12.1003
9,10,8,2,4,157.5,157.262,13.1309
9,10,8,2,5,202.5,102.804,10.9079
9,10,8,2,6,247.5,42.9661,6.98452
9,10,8,2,7,292.5,0,0
9,10,8,2,8,337.5,0,0
9,10,8,3,1,22.5,0,0
9,10,8,3,2,67.5,15.0401,4.1126
9,10,8,3,3,112.5,79.8089,9.14612
9,10,8,3,4,157.5,112.063,10.9392
9,10,8,3,5,202.5,78.1438,9.29815
9,10,8,3,6,247.5,0,0
9,10,8,3,7,292.5,0,0
9,10,8,3,8,337.5,0,0
9,10,8,4,1,22.5,0,0
9,10,8,4,2,67.5,0,0
9,10,8,4,3,112.5,41.1872,6.81056
9,10,8,4,4,157.5,72.5238,8.92582
9,10,8,4,5,202.5,47.737,7.46429
9,10,8,4,6,247.5,0,0
9,10,8,4,7,292.5,0,0
9,10,8,4,8,337.5,0,0
9,10,8,5,1,22.5,0,0
9,10,8,5,2,67.5,0,0
9,10,8,5,3,112.5,35.4241,6.47586
9,10,8,5,4,157.5,79.8413,9.60998
9,10,8,5,5,202.5,36.1239,7.42288
9,10,8,5,6,247.5,0,0
9,10,8,5,7,292.5,0,0
9,10,8,5,8,337.5,0,0
9,10,8,6,1,22.5,0,0
9,10,8,6,2,67.5,0,0
9,10,8,6,3,112.5,16.9565,4.67144
9,10,8,6,4,157.5,21.8353,5.14066
9,10,8,6,5,202.5,11.8538,3.50969
9,10,8,6,6,247.5,0,0
9,10,8,6,7,292.5,0,0
9,10,8,6,8,337.5,0,0
9,10,8,7,1,22.5,0,0
9,10,8,7,2,67.5,0,0
9,10,8,7,3,112.5,0,0
9,10,8,7,4,157.5,0,0
9,10,8,7,5,202.5,0,0
9,10,8,7,6,247.5,0,0
9,10,8,7,7,292.5,0,0
9,10,8,7,8,337.5,0,0
9,10,8,8,1,22.5,0,0
9,10,8,8,2,67.5,0,0
9,10,8,8,3,112.5,0,0
9,10,8,8,4,157.5,0,0
9,10,8,8,5,202.5,0,0
9,10,8,8,6,247.5,0,0
9,10,8,8,7,292.5,0,0
9,10,8,8,8,337.5,0,0
9,10,8,9,1,22.5,0,0
9,10,8,9,2,67.5,0,0
9,10,8,9,3,112.5,0,0
9,10,8,9,4,157.5,0,0
9,10,8,9,5,202.5,0,0
9,10,8,9,6,247.5,0,0
9,10,8,9,7,292.5,0,0
9,10,8,9,8,337.5,0,0
9,10,8,10,1,22.5,0,0
9,10,8,10,2,67.5,0,0
9,10,8,10,3,112.5,0,0
9,10,8,10,4,157.5,0,0
9,10,8,10,5,202.5,0,0
9,10,8,10,6,247.5,0,0
9,10,8,10,7,292.5,0,0
9,10,8,10,8,337.5,0,0
9,10,8,11,1,22.5,0,0
9,10,8,11,2,67.5,0,0
9,10,8,11,3,112.5,0,0
9,10,8,11,4,157.5,0,0
9,10,8,11,5,202.5,0,0
9,10,8,11,6,247.5,0,0
9,10,8,11,7,292.5,0,0
9,10,8,11,8,337.5,0,0
10,11,1,1,1,22.5,0,0
10,11,1,1,2,67.5,617.053,45.9138
10,11,1,1,3,112.5,455.314,60.2439
10,11,1,1,4,157.5,435.879,70.2481
10,11,1,1,5,202.5,462.224,70.457
10,11,1,1,6,247.5,564.047,69.8545
10,11,1,1,7,292.5,579.669,58.1707
10,11,1,1,8,337.5,0,0
10,11,1,2,1,22.5,0,0
10,11,1,2,2,67.5,261.655,31.4515
10,11,1,2,3,112.5,496.434,76.0266
10,11,1,2,4,157.5,585.269,53.3023
10,11,1,2,5,202.5,414.901,47.2801
10,11,1,2,6,247.5,462.83,42.5183
10,11,1,2,7,292.5,426.324,34.7083
10,11,1,2,8,337.5,82.4472,15.3271
10,11,1,3,1,22.5,116.897,14.6086
10,11,1,3,2,67.5,381.931,28.7532
10,11,1,3,3,112.5,288.591,27.1593
10,11,1,3,4,157.5,172.382,26.2297
10,11,1,3,5,202.5,132.704,19.6791
10,11,1,3,6,247.5,368.467,33.9944
10,11,1,3,7,292.5,270.181,27.8278
10,11,1,3,8,337.5,44.9577,10.6438
10,11,1,4,1,22.5,76.305,11.6313
10,11,1,4,2,67.5,221.493,21.0112
10,11,1,4,3,112.5,102.884,15.2108
10,11,1,4,4,157.5,0,0
10,11,1,4,5,202.5,0,0
10,11,1,4,6,247.5,145.989,17.9625
10,11,1,4,7,292.5,206.213,21.3223
10,11,1,4,8,337.5,0,0
10,11,1,5,1,22.5,20.7695,5.15742
10,11,1,5,2,67.5,77.7701,10.7722
10,11,1,5,3,112.5,24.0231,6.23968
10,11,1,5,4,157.5,0,0
10,11,1,5,5,202.5,0,0
10,11,1,5,6,247.5,0,0
10,11,1,5,7,292.5,73.3182,11.7889
10,11,1,5,8,337.5,0,0
10,11,1,6,1,22.5,0,0
10,11,1,6,2,67.5,0,0
10,11,1,6,3,112.5,0,0
10,11,1,6,4,157.5,0,0
10,11,1,6,5,202.5,0,0
10,11,1,6,6,247.5,0,0
10,11,1,6,7,292.5,0,0
10,11,1,6,8,337.5,0,0
10,11,1,7,1,22.5,0,0
10,11,1,7,2,67.5,0,0
10,11,1,7,3,112.5,0,0
10,11,1,7,4,157.5,0,0
10,11,1,7,5,202.5,0,0
10,11,1,7,6,247.5,0,0
10,11,1,7,7,292.5,0,0
10,11,1,7,8,337.5,0,0
10,11,1,8,1,22.5,0,0
10,11,1,8,2,67.5,0,0
10,11,1,8,3,112.5,0,0
10,11,1,8,4,157.5,0,0
10,11,1,8,5,202.5,0,0
10,11,1,8,6,247.5,0,0
10,11,1,8,7,292.5,0,0
10,11,1,8,8,337.5,0,0
10,11,1,9,1,22.5,0,0
10,11,1,9,2,67.5,0,0
10,11,1,9,3,112.5,0,0
10,11,1,9,4,157.5,0,0
10,11,1,9,5,202.5,0,0
10,11,1,9,6,247.5,0,0
10,11,1,9,7,292.5,0,0
10,11,1,9,8,337.5,0,0
10,11,1,10,1,22.5,0,0
10,11,1,10,2,67.5,0,0
10,11,1,10,3,112.5,0,0
10,11,1,10,4,157.5,0,0
10,11,1,10,5,202.5,0,0
10,11,1,10,6,247.5,0,0
10,11,1,10,7,292.5,0,0
10,11,1,10,8,337.5,0,0
10,11,1,11,1,22.5,0,0
10,11,1,11,2,67.5,0,0
10,11,1,11,3,112.5,0,0
10,11,1,11,4,157.5,0,0
10,11,1,11,5,202.5,0,0
10,11,1,11,6,247.5,0,0
10,11,1,11,7,292.5,0,0
10,11,1,11,8,337.5,0,0
10,11,2,1,1,22.5,1082.54,82.7758
10,11,2,1,2,67.5,4034.14,144.531
10,11,2,1,3,112.5,4444.24,249.806
10,11,2,1,4,157.5,7568.66,199.715
10,11,2,1,5,202.5,5102.48,168.803
10,11,2,1,6,247.5,3234.2,143.742
10,11,2,1,7,292.5,4079.97,152.26
10,11,2,1,8,337.5,2046.79,109.532
10,11,2,2,1,22.5,291.511,53.292
10,11,2,2,2,67.5,2784.05,136.872
10,11,2,2,3,112.5,3691.23,127.305
10,11,2,2,4,157.5,6382.37,216.99
10,11,2,2,5,202.5,4414.68,132.499
10,11,2,2,6,247.5,4215.52,186.195
10,11,2,2,7,292.5,2462.67,91.9077
10,11,2,2,8,337.5,396.021,47.3342
10,11,2,3,1,22.5,716.01,33.9004
10,11,2,3,2,67.5,2641.79,79.7018
10,11,2,3,3,112.5,2921.59,91.3916
10,11,2,3,4,157.5,3619.74,100.627
10,11,2,3,5,202.5,2465.06,85.4137
10,11,2,3,6,247.5,3881.32,94.8732
10,11,2,3,7,292.5,3323.85,90.3653
10,11,2,3,8,337.5,747.969,51.8245
10,11,2,4,1,22.5,862.005,47.1505
10,11,2,4,2,67.5,2989.42,73.5532
10,11,2,4,3,112.5,2100.48,58.5912
10,11,2,4,4,157.5,1399.28,76.4723
10,11,2,4,5,202.5,1091.61,48.1365
10,11,2,4,6,247.5,2896.38,75.4806
10,11,2,4,7,292.5,2940.76,100.364
10,11,2,4,8,337.5,542.455,31.558
10,11,2,5,1,22.5,909.932,41.146
10,11,2,5,2,67.5,3731.1,99.3116
10,11,2,5,3,112.5,2154.71,59.8215
10,11,2,5,4,157.5,819.924,38.2244
10,11,2,5,5,202.5,631.993,35.6688
10,11,2,5,6,247.5,2553.07,91.3987
10,11,2,5,7,292.5,3319.8,98.6729
10,11,2,5,8,337.5,678.809,33.5146
10,11,2,6,1,22.5,352.861,23.5735
10,11,2,6,2,67.5,1118.58,47.364
10,11,2,6,3,112.5,604.154,28.7785
10,11,2,6,4,157.5,100.698,12.2098
10,11,2,6,5,202.5,97.303,12.3566
10,11,2,6,6,247.5,673.071,33.5277
10,11,2,6,7,292.5,1015.12,37.3358
10,11,2,6,8,337.5,358.963,22.4708
10,11,2,7,1,22.5,123.092,12.2417
10,11,2,7,2,67.5,268.536,17.861
10,11,2,7,3,112.5,123.375,11.7729
10,11,2,7,4,157.5,0,0
10,11,2,7,5,202.5,0,0
10,11,2,7,6,247.5,130.884,13.566
10,11,2,7,7,292.5,250.246,17.8599
10,11,2,7,8,337.5,90.4879,10.9829
10,11,2,8,1,22.5,0,0
10,11,2,8,2,67.5,42.538,6.97988
10,11,2,8,3,112.5,0,0
10,11,2,8,4,157.5,0,0
10,11,2,8,5,202.5,0,0
10,11,2,8,6,247.5,0,0
10,11,2,8,7,292.5,0,0
10,11,2,8,8,337.5,0,0
10,11,2,9,1,22.5,0,0
10,11,2,9,2,67.5,0,0
10,11,2,9,3,112.5,0,0
10,11,2,9,4,157.5,0,0
10,11,2,9,5,202.5,0,0
10,11,2,9,6,247.5,0,0
10,11,2,9,7,292.5,0,0
10,11,2,9,8,337.5,0,0
10,11,2,10,1,22.5,0,0
10,11,2,10,2,67.5,0,0
10,11,2,10,3,112.5,0,0
10,11,2,10,4,157.5,0,0
10,11,2,10,5,202.5,0,0
10,11,2,10,6,247.5,0,0
10,11,2,10,7,292.5,0,0
10,11,2,10,8,337.5,0,0
10,11,2,11,1,22.5,0,0
10,11,2,11,2,67.5,0,0
10,11,2,11,3,112.5,0,0
10,11,2,11,4,157.5,0,0
10,11,2,11,5,202.5,0,0
10,11,2,11,6,247.5,0,0
10,11,2,11,7,292.5,0,0
10,11,2,11,8,337.5,0,0
10,11,3,1,1,22.5,1166.27,67.4423
10,11,3,1,2,67.5,2725.35,128.818
10,11,3,1,3,112.5,5041,120.714
10,11,3,1,4,157.5,8282.82,149.592
10,11,3,1,5,202.5,5592.39,176.265
10,11,3,1,6,247.5,3189.96,137.811
10,11,3,1,7,292.5,2728.56,111.789
10,11,3,1,8,337.5,1825.46,79.0722
10,11,3,2,1,22.5,788.138,33.3171
10,11,3,2,2,67.5,1835.67,72.4779
10,11,3,2,3,112.5,3600.42,119.708
10,11,3,2,4,157.5,7682.99,181.851
10,11,3,2,5,202.5,5404.02,110.795
10,11,3,2,6,247.5,2309.71,84.1508
10,11,3,2,7,292.5,1996.37,69.9292
10,11,3,2,8,337.5,618.315,33.6007
10,11,3,3,1,22.5,245.846,25.1131
10,11,3,3,2,67.5,1721.66,55.9798
10,11,3,3,3,112.5,2486.14,65.997
10,11,3,3,4,157.5,6439.27,112.748
10,11,3,3,5,202.5,4005.32,93.0926
10,11,3,3,6,247.5,2531.47,75.212
10,11,3,3,7,292.5,2537.52,68.9793
10,11,3,3,8,337.5,262.797,26.0387
10,11,3,4,1,22.5,251.645,18.5059
10,11,3,4,2,67.5,2215.92,56.7239
10,11,3,4,3,112.5,1888.98,60.844
10,11,3,4,4,157.5,3991.62,109.207
10,11,3,4,5,202.5,2609.96,72.6245
10,11,3,4,6,247.5,2873.03,66.8591
10,11,3,4,7,292.5,2738.48,66.4325
10,11,3,4,8,337.5,485.842,24.3254
10,11,3,5,1,22.5,745.881,35.0508
10,11,3,5,2,67.5,4174.72,95.3949
10,11,3,5,3,112.5,2867.78,68.5092
10,11,3,5,4,157.5,4154.11,100.882
10,11,3,5,5,202.5,2821.78,67.4417
10,11,3,5,6,247.5,4582.82,88.6322
10,11,3,5,7,292.5,4221.85,78.0746
10,11,3,5,8,337.5,676.462,31.3592
10,11,3,6,1,22.5,410.451,23.7558
10,11,3,6,2,67.5,2936.64,60.2805
10,11,3,6,3,112.5,1754.78,47.8168
10,11,3,6,4,157.5,1478.35,45.8932
10,11,3,6,5,202.5,1009.65,38.8345
10,11,3,6,6,247.5,2629.51,63.1782
10,11,3,6,7,292.5,2064.9,52.5467
10,11,3,6,8,337.5,361.86,22.2706
10,11,3,7,1,22.5,286.143,19.3543
10,11,3,7,2,67.5,1420.11,44.103
10,11,3,7,3,112.5,886.911,32.7777
10,11,3,7,4,157.5,417.415,23.6987
10,11,3,7,5,202.5,310.852,20.988
10,11,3,7,6,247.5,1150.21,39.3286
10,11,3,7,7,292.5,976.408,35.782
10,11,3,7,8,337.5,377.278,20.992
10,11,3,8,1,22.5,275.908,17.6173
10,11,3,8,2,67.5,814.063,30.4951
10,11,3,8,3,112.5,449.47,22.7966
10,11,3,8,4,157.5,145.685,12.7435
10,11,3,8,5,202.5,117.443,13.127
10,11,3,8,6,247.5,542.495,26.1779
10,11,3,8,7,292.5,624.716,27.7828
10,11,3,8,8,337.5,322.293,19.3525
10,11,3,9,1,22.5,105.771,10.9736
10,11,3,9,2,67.5,166.732,13.5287
10,11,3,9,3,112.5,128.627,11.8384
10,11,3,9,4,157.5,0,0
10,11,3,9,5,202.5,0,0
10,11,3,9,6,247.5,140.09,12.3917
10,11,3,9,7,292.5,129.048,12.0161
10,11,3,9,8,337.5,88.1221,9.96309
10,11,3,10,1,22.5,21.7908,5.03004
10,11,3,10,2,67.5,0,0
10,11,3,10,3,112.5,0,0
10,11,3,10,4,157.5,0,0
10,11,3,10,5,202.5,0,0
10,11,3,10,6,247.5,0,0
10,11,3,10,7,292.5,0,0
10,11,3,10,8,337.5,0,0
10,11,3,11,1,22.5,0,0
10,11,3,11,2,67.5,0,0
10,11,3,11,3,112.5,0,0
10,11,3,11,4,157.5,0,0
10,11,3,11,5,202.5,0,0
10,11,3,11,6,247.5,0,0
10,11,3,11,7,292.5,0,0
10,11,3,11,8,337.5,0,0
10,11,4,1,1,22.5,1163.38,50.8906
10,11,4,1,2,67.5,2229.36,66.946
10,11,4,1,3,112.5,4105.14,114.956
10,11,4,1,4,157.5,5725.86,99.5941
10,11,4,1,5,202.5,4504.38,98.935
10,11,4,1,6,247.5,1928.99,63.8709
10,11,4,1,7,292.5,1128.87,46.7168
10,11,4,1,8,337.5,921.023,42.9275
10,11,4,2,1,22.5,460.367,31.0269
10,11,4,2,2,67.5,801.131,42.3131
10,11,4,2,3,112.5,2670.1,65.5172
10,11,4,2,4,157.5,5472.33,120.498
10,11,4,2,5,202.5,3611.38,81.5644
10,11,4,2,6,247.5,1086.61,59.3193
10,11,4,2,7,292.5,661.688,36.2211
10,11,4,2,8,337.5,472.76,29.4361
10,11,4,3,1,22.5,270.817,18.322
10,11,4,3,2,67.5,519.949,28.6377
10,11,4,3,3,112.5,1734.47,50.2835
10,11,4,3,4,157.5,4768.1,92.0425
10,11,4,3,5,202.5,3090.49,74.0951
10,11,4,3,6,247.5,1111.99,55.7098
10,11,4,3,7,292.5,1212.03,42.4133
10,11,4,3,8,337.5,195.953,16.2785
10,11,4,4,1,22.5,125.221,12.3156
10,11,4,4,2,67.5,706.538,33.0116
10,11,4,4,3,112.5,1256.28,44.2409
10,11,4,4,4,157.5,3871.99,77.4086
10,11,4,4,5,202.5,2612.65,61.5582
10,11,4,4,6,247.5,1237.18,44.4508
10,11,4,4,7,292.5,1604.85,49.5683
10,11,4,4,8,337.5,77.0504,10.384
10,11,4,5,1,22.5,147.052,13.3735
10,11,4,5,2,67.5,2102.47,51.3624
10,11,4,5,3,112.5,1842.38,49.8623
10,11,4,5,4,157.5,5237.93,86.7009
10,11,4,5,5,202.5,3385.7,71.7143
10,11,4,5,6,247.5,2604.1,58.4395
10,11,4,5,7,292.5,3007.66,64.2356
10,11,4,5,8,337.5,178.253,17.7541
10,11,4,6,1,22.5,165.602,14.1818
10,11,4,6,2,67.5,2051.74,50.1938
10,11,4,6,3,112.5,1279.32,39.6729
10,11,4,6,4,157.5,2680.43,67.5059
10,11,4,6,5,202.5,1860.97,48.4033
10,11,4,6,6,247.5,2191.4,52.8637
10,11,4,6,7,292.5,2088.16,51.1372
10,11,4,6,8,337.5,151.592,13.6519
10,11,4,7,1,22.5,84.1239,10.161
10,11,4,7,2,67.5,1421.42,40.8979
10,11,4,7,3,112.5,936.985,32.6789
10,11,4,7,4,157.5,1376.44,41.3764
10,11,4,7,5,202.5,865.034,38.8429
10,11,4,7,6,247.5,1488.78,42.7666
10,11,4,7,7,292.5,1185.2,37.3639
10,11,4,7,8,337.5,106.114,11.0209
10,11,4,8,1,22.5,104.857,11.2673
10,11,4,8,2,67.5,1191.41,36.5694
10,11,4,8,3,112.5,779.249,29.6056
10,11,4,8,4,157.5,822.234,31.3917
10,11,4,8,5,202.5,513.208,24.9235
10,11,4,8,6,247.5,1231.98,38.5071
10,11,4,8,7,292.5,804.727,30.7097
10,11,4,8,8,337.5,172.899,14.3192
10,11,4,9,1,22.5,83.7669,9.78419
10,11,4,9,2,67.5,421.449,21.4409
10,11,4,9,3,112.5,330.154,18.9562
10,11,4,9,4,157.5,246.319,16.8934
10,11,4,9,5,202.5,171.675,13.6208
10,11,4,9,6,247.5,478.839,23.7252
10,11,4,9,7,292.5,282.24,18.0242
10,11,4,9,8,337.5,128.413,11.9794
10,11,4,10,1,22.5,51.4056,7.61534
10,11,4,10,2,67.5,177.316,13.6836
10,11,4,10,3,112.5,123.046,11.5363
10,11,4,10,4,157.5,61.2333,8.09729
10,11,4,10,5,202.5,43.6411,6.96886
10,11,4,10,6,247.5,159.81,13.7279
10,11,4,10,7,292.5,113.678,11.1651
10,11,4,10,8,337.5,58.775,8.23203
10,11,4,11,1,22.5,0,0
10,11,4,11,2,67.5,32.6887,6.03761
10,11,4,11,3,112.5,29.663,5.79176
10,11,4,11,4,157.5,0,0
10,11,4,11,5,202.5,0,0
10,11,4,11,6,247.5,26.6166,5.54342
10,11,4,11,7,292.5,26.0605,5.60529
10,11,4,11,8,337.5,0,0
10,11,5,1,1,22.5,1186.36,52.758
10,11,5,1,2,67.5,1874.84,68.1596
10,11,5,1,3,112.5,2860.94,64.3068
10,11,5,1,4,157.5,3432.14,87.0528
10,11,5,1,5,202.5,2717.44,76.5758
10,11,5,1,6,247.5,1418.23,45.6554
10,11,5,1,7,292.5,768.272,44.4199
10,11,5,1,8,337.5,913.7,39.7665
10,11,5,2,1,22.5,241.507,19.7877
10,11,5,2,2,67.5,597.622,28.8517
10,11,5,2,3,112.5,2055.01,53.3609
10,11,5,2,4,157.5,3522.39,84.8717
10,11,5,2,5,202.5,2453.86,58.192
10,11,5,2,6,247.5,656.732,32.2273
10,11,5,2,7,292.5,161.229,17.5248
10,11,5,2,8,337.5,147.769,15.272
10,11,5,3,1,22.5,75.2161,10.5333
10,11,5,3,2,67.5,195.005,17.7427
10,11,5,3,3,112.5,1433.91,50.9385
10,11,5,3,4,157.5,2970.72,73.5059
10,11,5,3,5,202.5,2104.88,53.9999
10,11,5,3,6,247.5,480.979,26.2272
10,11,5,3,7,292.5,332.495,21.8935
10,11,5,3,8,337.5,66.5906,12.2202
10,11,5,4,1,22.5,45.89,7.54198
10,11,5,4,2,67.5,147.346,15.1631
10,11,5,4,3,112.5,1032.34,36.9464
10,11,5,4,4,157.5,2681.73,67.3929
10,11,5,4,5,202.5,1783.38,48.0327
10,11,5,4,6,247.5,496.676,25.3581
10,11,5,4,7,292.5,706.105,29.5402
10,11,5,4,8,337.5,58.1388,8.59396
10,11,5,5,1,22.5,71.5488,9.48633
10,11,5,5,2,67.5,675.35,28.5335
10,11,5,5,3,112.5,1298.62,39.6748
10,11,5,5,4,157.5,3944.18,80.1987
10,11,5,5,5,202.5,2635.64,59.3541
10,11,5,5,6,247.5,1148.75,37.4068
10,11,5,5,7,292.5,1775.86,47.2104
10,11,5,5,8,337.5,90.047,10.7662
10,11,5,6,1,22.5,58.5618,8.42397
10,11,5,6,2,67.5,1010.49,33.5469
10,11,5,6,3,112.5,839.745,31.2578
10,11,5,6,4,157.5,2607.36,57.0118
10,11,5,6,5,202.5,1675.66,45.0519
10,11,5,6,6,247.5,1130.07,36.164
10,11,5,6,7,292.5,1544.31,43.0109
10,11,5,6,8,337.5,59.9293,8.71487
10,11,5,7,1,22.5,54.6866,7.98494
10,11,5,7,2,67.5,922.842,34.7907
10,11,5,7,3,112.5,633.169,26.8176
10,11,5,7,4,157.5,1604.24,46.9686
10,11,5,7,5,202.5,1082.4,35.3493
10,11,5,7,6,247.5,1018.98,34.1402
10,11,5,7,7,292.5,1098.74,35.1874
10,11,5,7,8,337.5,25.3589,5.65433
10,11,5,8,1,22.5,40.9089,6.98057
10,11,5,8,2,67.5,901.222,31.3047
10,11,5,8,3,112.5,580.815,24.9888
10,11,5,8,4,157.5,1334.75,41.7096
10,11,5,8,5,202.5,842.354,30.9626
10,11,5,8,6,247.5,1016.91,33.0071
10,11,5,8,7,292.5,867.84,31.4451
10,11,5,8,8,337.5,0,0
10,11,5,9,1,22.5,0,0
10,11,5,9,2,67.5,454.992,21.8343
10,11,5,9,3,112.5,276.675,17.1211
10,11,5,9,4,157.5,509.018,23.1397
10,11,5,9,5,202.5,333.46,19.3504
10,11,5,9,6,247.5,468.575,22.4742
10,11,5,9,7,292.5,255.219,17.1836
10,11,5,9,8,337.5,0,0
10,11,5,10,1,22.5,0,0
10,11,5,10,2,67.5,138.081,12.1869
10,11,5,10,3,112.5,117.118,11.2337
10,11,5,10,4,157.5,200.599,14.6579
10,11,5,10,5,202.5,144.153,12.3872
10,11,5,10,6,247.5,182.275,13.9842
10,11,5,10,7,292.5,115.074,11.0792
10,11,5,10,8,337.5,20.6297,5.25882
10,11,5,11,1,22.5,0,0
10,11,5,11,2,67.5,19.8568,4.93084
10,11,5,11,3,112.5,0,0
10,11,5,11,4,157.5,40.2763,6.71944
10,11,5,11,5,202.5,27.0307,5.77894
10,11,5,11,6,247.5,45.3669,7.17964
10,11,5,11,7,292.5,17.116,4.43468
10,11,5,11,8,337.5,0,0
10,11,6,1,1,22.5,1082.74,45.1808
10,11,6,1,2,67.5,1389.22,41.6858
10,11,6,1,3,112.5,1985.93,57.296
10,11,6,1,4,157.5,2343.09,53.5399
10,11,6,1,5,202.5,1884.51,48.5439
10,11,6,1,6,247.5,1127.04,37.9977
10,11,6,1,7,292.5,701.052,30.4335
10,11,6,1,8,337.5,782.053,31.8172
10,11,6,2,1,22.5,383.13,22.8265
10,11,6,2,2,67.5,653.809,28.6496
10,11,6,2,3,112.5,1504.68,48.0363
10,11,6,2,4,157.5,2328.78,52.9315
10,11,6,2,5,202.5,1590.39,49.0868
10,11,6,2,6,247.5,534.974,25.2135
10,11,6,2,7,292.5,118.066,13.5728
10,11,6,2,8,337.5,160.39,14.8843
10,11,6,3,1,22.5,84.1939,9.96961
10,11,6,3,2,67.5,312.639,19.7059
10,11,6,3,3,112.5,1049.87,39.8634
10,11,6,3,4,157.5,2056.11,49.4668
10,11,6,3,5,202.5,1383.93,40.3992
10,11,6,3,6,247.5,334.987,20.4136
10,11,6,3,7,292.5,65.991,9.22539
10,11,6,3,8,337.5,0,0
10,11,6,4,1,22.5,0,0
10,11,6,4,2,67.5,93.1901,11.0404
10,11,6,4,3,112.5,849.177,31.0327
10,11,6,4,4,157.5,1786.29,45.3111
10,11,6,4,5,202.5,1246.19,38.3293
10,11,6,4,6,247.5,250.171,19.3619
10,11,6,4,7,292.5,210.688,15.7216
10,11,6,4,8,337.5,0,0
10,11,6,5,1,22.5,0,0
10,11,6,5,2,67.5,146.912,13.2441
10,11,6,5,3,112.5,1091.19,35.5614
10,11,6,5,4,157.5,2754.49,61.9225
10,11,6,5,5,202.5,1828.28,45.9787
10,11,6,5,6,247.5,633.171,26.5443
10,11,6,5,7,292.5,782.123,29.9273
10,11,6,5,8,337.5,0,0
10,11,6,6,1,22.5,22.2886,5.24129
10,11,6,6,2,67.5,307.733,18.3424
10,11,6,6,3,112.5,593.251,25.7099
10,11,6,6,4,157.5,1834.73,49.0639
10,11,6,6,5,202.5,1178.77,35.9211
10,11,6,6,6,247.5,580.396,25.2802
10,11,6,6,7,292.5,816.409,30.7479
10,11,6,6,8,337.5,44.3325,7.09453
10,11,6,7,1,22.5,27.2981,5.82495
10,11,6,7,2,67.5,359.816,19.6681
10,11,6,7,3,112.5,358.176,19.5548
10,11,6,7,4,157.5,1101.86,37.7691
10,11,6,7,5,202.5,691.158,30.0911
10,11,6,7,6,247.5,419.468,21.3416
10,11,6,7,7,292.5,589.059,27.4842
10,11,6,7,8,337.5,26.2464,5.50313
10,11,6,8,1,22.5,15.973,4.39754
10,11,6,8,2,67.5,342.982,19.1221
10,11,6,8,3,112.5,283.881,17.3322
10,11,6,8,4,157.5,828,30.049
10,11,6,8,5,202.5,468.841,24.7916
10,11,6,8,6,247.5,428.543,22.021
10,11,6,8,7,292.5,437.418,21.9148
10,11,6,8,8,337.5,0,0
10,11,6,9,1,22.5,0,0
10,11,6,9,2,67.5,130.139,11.7149
10,11,6,9,3,112.5,79.531,9.43881
10,11,6,9,4,157.5,314.797,18.2522
10,11,6,9,5,202.5,164.07,13.2032
10,11,6,9,6,247.5,155.524,12.949
10,11,6,9,7,292.5,118.627,11.2525
10,11,6,9,8,337.5,0,0
10,11,6,10,1,22.5,0,0
10,11,6,10,2,67.5,43.4117,6.93591
10,11,6,10,3,112.5,25.4195,5.42194
10,11,6,10,4,157.5,95.9021,10.1191
10,11,6,10,5,202.5,59.813,8.23279
10,11,6,10,6,247.5,42.8484,6.93141
10,11,6,10,7,292.5,32.2021,6.08876
10,11,6,10,8,337.5,0,0
10,11,6,11,1,22.5,0,0
10,11,6,11,2,67.5,0,0
10,11,6,11,3,112.5,0,0
10,11,6,11,4,157.5,0,0
10,11,6,11,5,202.5,0,0
10,11,6,11,6,247.5,0,0
10,11,6,11,7,292.5,0,0
10,11,6,11,8,337.5,0,0
10,11,7,1,1,22.5,657.173,28.0277
10,11,7,1,2,67.5,904.938,31.5889
10,11,7,1,3,112.5,1133.93,35.8406
10,11,7,1,4,157.5,1268.81,37.5486
10,11,7,1,5,202.5,1013.22,33.5869
10,11,7,1,6,247.5,713.122,28.5068
10,11,7,1,7,292.5,463.372,23.1095
10,11,7,1,8,337.5,500.137,27.0054
10,11,7,2,1,22.5,255.423,17.4222
10,11,7,2,2,67.5,420.517,22.3444
10,11,7,2,3,112.5,837.259,31.0288
10,11,7,2,4,157.5,1056.17,35.1299
10,11,7,2,5,202.5,741.457,28.9495
10,11,7,2,6,247.5,328.332,19.5574
10,11,7,2,7,292.5,109.069,11.0432
10,11,7,2,8,337.5,119.128,11.6718
10,11,7,3,1,22.5,87.2963,10.3158
10,11,7,3,2,67.5,188.302,14.2878
10,11,7,3,3,112.5,526.471,24.9063
10,11,7,3,4,157.5,877.571,33.6251
10,11,7,3,5,202.5,536.467,24.2747
10,11,7,3,6,247.5,191.613,14.4009
10,11,7,3,7,292.5,20.1486,5.12635
10,11,7,3,8,337.5,0,0
10,11,7,4,1,22.5,0,0
10,11,7,4,2,67.5,75.091,9.13021
10,11,7,4,3,112.5,361.967,19.9774
10,11,7,4,4,157.5,626.528,26.179
10,11,7,4,5,202.5,437.409,22.4665
10,11,7,4,6,247.5,113.209,11.0208
10,11,7,4,7,292.5,33.2404,6.82554
10,11,7,4,8,337.5,0,0
10,11,7,5,1,22.5,0,0
10,11,7,5,2,67.5,35.7726,6.74213
10,11,7,5,3,112.5,409.482,21.0641
10,11,7,5,4,157.5,800.178,29.8847
10,11,7,5,5,202.5,533.561,24.5125
10,11,7,5,6,247.5,133.697,12.3695
10,11,7,5,7,292.5,130.283,11.8336
10,11,7,5,8,337.5,0,0
10,11,7,6,1,22.5,0,0
10,11,7,6,2,67.5,22.6435,5.85475
10,11,7,6,3,112.5,138.647,12.1906
10,11,7,6,4,157.5,381.629,20.0204
10,11,7,6,5,202.5,224.472,15.472
10,11,7,6,6,247.5,107.421,10.7257
10,11,7,6,7,292.5,139.189,12.3413
10,11,7,6,8,337.5,0,0
10,11,7,7,1,22.5,0,0
10,11,7,7,2,67.5,0,0
10,11,7,7,3,112.5,48.662,7.37264
10,11,7,7,4,157.5,143.901,12.5516
10,11,7,7,5,202.5,72.1507,8.90313
10,11,7,7,6,247.5,66.3,8.58343
10,11,7,7,7,292.5,58.0927,8.01233
10,11,7,7,8,337.5,0,0
10,11,7,8,1,22.5,0,0
10,11,7,8,2,67.5,0,0
10,11,7,8,3,112.5,0,0
10,11,7,8,4,157.5,75.1887,9.04014
10,11,7,8,5,202.5,32.2043,6.16736
10,11,7,8,6,247.5,47.6065,7.14284
10,11,7,8,7,292.5,32.5756,5.748
10,11,7,8,8,337.5,0,0
10,11,7,9,1,22.5,0,0
10,11,7,9,2,67.5,0,0
10,11,7,9,3,112.5,0,0
10,11,7,9,4,157.5,0,0
10,11,7,9,5,202.5,0,0
10,11,7,9,6,247.5,0,0
10,11,7,9,7,292.5,0,0
10,11,7,9,8,337.5,0,0
10,11,7,10,1,22.5,0,0
10,11,7,10,2,67.5,0,0
10,11,7,10,3,112.5,0,0
10,11,7,10,4,157.5,0,0
10,11,7,10,5,202.5,0,0
10,11,7,10,6,247.5,0,0
10,11,7,10,7,292.5,0,0
10,11,7,10,8,337.5,0,0
10,11,7,11,1,22.5,0,0
10,11,7,11,2,67.5,0,0
10,11,7,11,3,112.5,0,0
10,11,7,11,4,157.5,0,0
10,11,7,11,5,202.5,0,0
10,11,7,11,6,247.5,0,0
10,11,7,11,7,292.5,0,0
10,11,7,11,8,337.5,0,0
10,11,8,1,1,22.5,0,0
10,11,8,1,2,67.5,33.3249,6.23877
10,11,8,1,3,112.5,31.6627,5.92686
10,11,8,1,4,157.5,41.0282,7.28477
10,11,8,1,5,202.5,45.1354,7.27511
10,11,8,1,6,247.5,22.7988,5.06678
10,11,8,1,7,292.5,16.4604,4.47922
10,11,8,1,8,337.5,0,0
10,11,8,2,1,22.5,0,0
10,11,8,2,2,67.5,0,0
10,11,8,2,3,112.5,0,0
10,11,8,2,4,157.5,0,0
10,11,8,2,5,202.5,15.4726,4.75022
10,11,8,2,6,247.5,0,0
10,11,8,2,7,292.5,0,0
10,11,8,2,8,337.5,0,0
10,11,8,3,1,22.5,0,0
10,11,8,3,2,67.5,0,0
10,11,8,3,3,112.5,10.2584,3.61479
10,11,8,3,4,157.5,0,0
10,11,8,3,5,202.5,0,0
10,11,8,3,6,247.5,0,0
10,11,8,3,7,292.5,0,0
10,11,8,3,8,337.5,0,0
10,11,8,4,1,22.5,0,0
10,11,8,4,2,67.5,0,0
10,11,8,4,3,112.5,0,0
10,11,8,4,4,157.5,0,0
10,11,8,4,5,202.5,0,0
10,11,8,4,6,247.5,0,0
10,11,8,4,7,292.5,0,0
10,11,8,4,8,337.5,0,0
10,11,8,5,1,22.5,0,0
10,11,8,5,2,67.5,0,0
10,11,8,5,3,112.5,0,0
10,11,8,5,4,157.5,0,0
10,11,8,5,5,202.5,0,0
10,11,8,5,6,247.5,0,0
10,11,8,5,7,292.5,0,0
10,11,8,5,8,337.5,0,0
10,11,8,6,1,22.5,0,0
10,11,8,6,2,67.5,0,0
10,11,8,6,3,112.5,0,0
10,11,8,6,4,157.5,0,0
10,11,8,6,5,202.5,0,0
10,11,8,6,6,247.5,0,0
10,11,8,6,7,292.5,0,0
10,11,8,6,8,337.5,0,0
10,11,8,7,1,22.5,0,0
10,11,8,7,2,67.5,0,0
10,11,8,7,3,112.5,0,0
10,11,8,7,4,157.5,0,0
10,11,8,7,5,202.5,0,0
10,11,8,7,6,247.5,0,0
10,11,8,7,7,292.5,0,0
10,11,8,7,8,337.5,0,0
10,11,8,8,1,22.5,0,0
10,11,8,8,2,67.5,0,0
10,11,8,8,3,112.5,0,0
10,11,8,8,4,157.5,0,0
10,11,8,8,5,202.5,0,0
10,11,8,8,6,247.5,0,0
10,11,8,8,7,292.5,0,0
10,11,8,8,8,337.5,0,0
10,11,8,9,1,22.5,0,0
10,11,8,9,2,67.5,0,0
10,11,8,9,3,112.5,0,0
10,11,8,9,4,157.5,0,0
10,11,8,9,5,202.5,0,0
10,11,8,9,6,247.5,0,0
10,11,8,9,7,292.5,0,0
10,11,8,9,8,337.5,0,0
10,11,8,10,1,22.5,0,0
10,11,8,10,2,67.5,0,0
10,11,8,10,3,112.5,0,0
10,11,8,10,4,157.5,0,0
10,11,8,10,5,202.5,0,0
10,11,8,10,6,247.5,0,0
10,11,8,10,7,292.5,0,0
10,11,8,10,8,337.5,0,0
10,11,8,11,1,22.5,0,0
10,11,8,11,2,67.5,0,0
10,11,8,11,3,112.5,0,0
10,11,8,11,4,157.5,0,0
10,11,8,11,5,202.5,0,0
10,11,8,11,6,247.5,0,0
10,11,8,11,7,292.5,0,0
10,11,8,11,8,337.5,0,0
11,12,1,1,1,22.5,0,0
11,12,1,1,2,67.5,0,0
11,12,1,1,3,112.5,0,0
11,12,1,1,4,157.5,0,0
11,12,1,1,5,202.5,0,0
11,12,1,1,6,247.5,0,0
11,12,1,1,7,292.5,0,0
11,12,1,1,8,337.5,0,0
11,12,1,2,1,22.5,0,0
11,12,1,2,2,67.5,0,0
11,12,1,2,3,112.5,0,0
11,12,1,2,4,157.5,0,0
11,12,1,2,5,202.5,0,0
11,12,1,2,6,247.5,0,0
11,12,1,2,7,292.5,0,0
11,12,1,2,8,337.5,0,0
11,12,1,3,1,22.5,0,0
11,12,1,3,2,67.5,0,0
11,12,1,3,3,112.5,0,0
11,12,1,3,4,157.5,0,0
11,12,1,3,5,202.5,0,0
11,12,1,3,6,247.5,0,0
11,12,1,3,7,292.5,11.4315,3.98639
11,12,1,3,8,337.5,0,0
11,12,1,4,1,22.5,0,0
11,12,1,4,2,67.5,0,0
11,12,1,4,3,112.5,0,0
11,12,1,4,4,157.5,0,0
11,12,1,4,5,202.5,0,0
11,12,1,4,6,247.5,0,0
11,12,1,4,7,292.5,0,0
11,12,1,4,8,337.5,0,0
11,12,1,5,1,22.5,0,0
11,12,1,5,2,67.5,0,0
11,12,1,5,3,112.5,0,0
11,12,1,5,4,157.5,0,0
11,12,1,5,5,202.5,0,0
11,12,1,5,6,247.5,0,0
11,12,1,5,7,292.5,0,0
11,12,1,5,8,337.5,0,0
11,12,1,6,1,22.5,0,0
11,12,1,6,2,67.5,0,0
11,12,1,6,3,112.5,0,0
11,12,1,6,4,157.5,0,0
11,12,1,6,5,202.5,0,0
11,12,1,6,6,247.5,0,0
11,12,1,6,7,292.5,0,0
11,12,1,6,8,337.5,0,0
11,12,1,7,1,22.5,0,0
11,12,1,7,2,67.5,0,0
11,12,1,7,3,112.5,0,0
11,12,1,7,4,157.5,0,0
11,12,1,7,5,202.5,0,0
11,12,1,7,6,247.5,0,0
11,12,1,7,7,292.5,0,0
11,12,1,7,8,337.5,0,0
11,12,1,8,1,22.5,0,0
11,12,1,8,2,67.5,0,0
11,12,1,8,3,112.5,0,0
11,12,1,8,4,157.5,0,0
11,12,1,8,5,202.5,0,0
11,12,1,8,6,247.5,0,0
11,12,1,8,7,292.5,0,0
11,12,1,8,8,337.5,0,0
11,12,1,9,1,22.5,0,0
11,12,1,9,2,67.5,0,0
11,12,1,9,3,112.5,0,0
11,12,1,9,4,157.5,0,0
11,12,1,9,5,202.5,0,0
11,12,1,9,6,247.5,0,0
11,12,1,9,7,292.5,0,0
11,12,1,9,8,337.5,0,0
11,12,1,10,1,22.5,0,0
11,12,1,10,2,67.5,0,0
11,12,1,10,3,112.5,0,0
11,12,1,10,4,157.5,0,0
11,12,1,10,5,202.5,0,0
11,12,1,10,6,247.5,0,0
11,12,1,10,7,292.5,0,0
11,12,1,10,8,337.5,0,0
11,12,1,11,1,22.5,0,0
11,12,1,11,2,67.5,0,0
11,12,1,11,3,112.5,0,0
11,12,1,11,4,157.5,0,0
11,12,1,11,5,202.5,0,0
11,12,1,11,6,247.5,0,0
11,12,1,11,7,292.5,0,0
11,12,1,11,8,337.5,0,0
11,12,2,1,1,22.5,643.853,67.5895
11,12,2,1,2,67.5,1232.87,82.5667
11,12,2,1,3,112.5,1528.33,85.2576
11,12,2,1,4,157.5,2754.67,110.472
11,12,2,1,5,202.5,2036.56,101.946
11,12,2,1,6,247.5,988.628,79.3968
11,12,2,1,7,292.5,1702.7,145.738
11,12,2,1,8,337.5,917.363,53.3707
11,12,2,2,1,22.5,243.925,33.1226
11,12,2,2,2,67.5,895.622,56.3199
11,12,2,2,3,112.5,1109.79,57.199
11,12,2,2,4,157.5,1108.57,59.6477
11,12,2,2,5,202.5,793.276,49.3333
11,12,2,2,6,247.5,1113.56,65.1227
11,12,2,2,7,292.5,913.52,53.6966
11,12,2,2,8,337.5,156.368,24.2781
11,12,2,3,1,22.5,231.36,27.8653
11,12,2,3,2,67.5,914.909,45.0631
11,12,2,3,3,112.5,671.551,34.8605
11,12,2,3,4,157.5,221.728,24.2886
11,12,2,3,5,202.5,207.739,27.3518
11,12,2,3,6,247.5,779.439,42.1091
11,12,2,3,7,292.5,1233.13,51.7522
11,12,2,3,8,337.5,297.597,21.1714
11,12,2,4,1,22.5,365.295,21.6171
11,12,2,4,2,67.5,1000.09,40.9928
11,12,2,4,3,112.5,418.502,26.4426
11,12,2,4,4,157.5,46.4744,9.51919
11,12,2,4,5,202.5,44.5568,12.9823
11,12,2,4,6,247.5,447.772,29.5979
11,12,2,4,7,292.5,944.671,41.733
11,12,2,4,8,337.5,302.162,20.6509
11,12,2,5,1,22.5,234.182,19.7154
11,12,2,5,2,67.5,1032.91,38.0846
11,12,2,5,3,112.5,242.664,16.5696
11,12,2,5,4,157.5,0,0
11,12,2,5,5,202.5,0,0
11,12,2,5,6,247.5,275.002,22.7356
11,12,2,5,7,292.5,807.654,38.1957
11,12,2,5,8,337.5,186.875,16.2142
11,12,2,6,1,22.5,65.2885,8.77766
11,12,2,6,2,67.5,193.513,15.2381
11,12,2,6,3,112.5,18.5842,4.7053
11,12,2,6,4,157.5,0,0
11,12,2,6,5,202.5,0,0
11,12,2,6,6,247.5,0,0
11,12,2,6,7,292.5,133.726,13.7251
11,12,2,6,8,337.5,47.2519,7.60862
11,12,2,7,1,22.5,0,0
11,12,2,7,2,67.5,0,0
11,12,2,7,3,112.5,0,0
11,12,2,7,4,157.5,0,0
11,12,2,7,5,202.5,0,0
11,12,2,7,6,247.5,0,0
11,12,2,7,7,292.5,0,0
11,12,2,7,8,337.5,0,0
11,12,2,8,1,22.5,0,0
11,12,2,8,2,67.5,0,0
11,12,2,8,3,112.5,0,0
11,12,2,8,4,157.5,0,0
11,12,2,8,5,202.5,0,0
11,12,2,8,6,247.5,0,0
11,12,2,8,7,292.5,0,0
11,12,2,8,8,337.5,0,0
11,12,2,9,1,22.5,0,0
11,12,2,9,2,67.5,0,0
11,12,2,9,3,112.5,0,0
11,12,2,9,4,157.5,0,0
11,12,2,9,5,202.5,0,0
11,12,2,9,6,247.5,0,0
11,12,2,9,7,292.5,0,0
11,12,2,9,8,337.5,0,0
11,12,2,10,1,22.5,0,0
11,12,2,10,2,67.5,0,0
11,12,2,10,3,112.5,0,0
11,12,2,10,4,157.5,0,0
11,12,2,10,5,202.5,0,0
11,12,2,10,6,247.5,0,0
11,12,2,10,7,292.5,0,0
11,12,2,10,8,337.5,0,0
11,12,2,11,1,22.5,0,0
11,12,2,11,2,67.5,0,0
11,12,2,11,3,112.5,0,0
11,12,2,11,4,157.5,0,0
11,12,2,11,5,202.5,0,0
11,12,2,11,6,247.5,0,0
11,12,2,11,7,292.5,0,0
11,12,2,11,8,337.5,0,0
11,12,3,1,1,22.5,1027.29,59.9991
11,12,3,1,2,67.5,1808.12,74.3141
11,12,3,1,3,112.5,2924.53,130.507
11,12,3,1,4,157.5,4128.01,151.573
11,12,3,1,5,202.5,3587.48,100.308
11,12,3,1,6,247.5,1775.77,71.6739
11,12,3,1,7,292.5,1846.48,98.6295
11,12,3,1,8,337.5,1342.6,67.2801
11,12,3,2,1,22.5,792.257,39.8136
11,12,3,2,2,67.5,1351.62,65.5408
11,12,3,2,3,112.5,2011.05,68.7742
11,12,3,2,4,157.5,2754.42,111.708
11,12,3,2,5,202.5,2157.66,73.4925
11,12,3,2,6,247.5,1455.67,85.563
11,12,3,2,7,292.5,1338.13,57.632
11,12,3,2,8,337.5,764.535,34.0465
11,12,3,3,1,22.5,207.681,19.7512
11,12,3,3,2,67.5,1127.43,44.0202
11,12,3,3,3,112.5,1243.41,46.0051
11,12,3,3,4,157.5,1630.78,54.9989
11,12,3,3,5,202.5,1081.64,47.0671
11,12,3,3,6,247.5,1285.4,48.9032
11,12,3,3,7,292.5,1609.12,54.0503
11,12,3,3,8,337.5,173.561,21.4775
11,12,3,4,1,22.5,195.973,17.6167
11,12,3,4,2,67.5,1205.79,46.2032
11,12,3,4,3,112.5,839.528,35.1109
11,12,3,4,4,157.5,644.417,33.2477
11,12,3,4,5,202.5,549.99,30.5203
11,12,3,4,6,247.5,1147.56,42.3126
11,12,3,4,7,292.5,1734.31,51.6485
11,12,3,4,8,337.5,289.636,21.8533
11,12,3,5,1,22.5,468.708,26.5602
11,12,3,5,2,67.5,2333.79,71.293
11,12,3,5,3,112.5,985.363,47.5261
11,12,3,5,4,157.5,331.101,22.281
11,12,3,5,5,202.5,281.041,21.6728
11,12,3,5,6,247.5,1294.76,44.076
11,12,3,5,7,292.5,2535,59.5269
11,12,3,5,8,337.5,524.879,28.6
11,12,3,6,1,22.5,318.604,19.2876
11,12,3,6,2,67.5,1372.16,41.6478
11,12,3,6,3,112.5,345.061,20.6124
11,12,3,6,4,157.5,35.0902,7.08173
11,12,3,6,5,202.5,0,0
11,12,3,6,6,247.5,428.692,24.2446
11,12,3,6,7,292.5,1182.83,38.2837
11,12,3,6,8,337.5,248.007,17.2635
11,12,3,7,1,22.5,133.688,12.4012
11,12,3,7,2,67.5,518.473,26.2056
11,12,3,7,3,112.5,110.265,11.8695
11,12,3,7,4,157.5,0,0
11,12,3,7,5,202.5,0,0
11,12,3,7,6,247.5,124.753,12.4678
11,12,3,7,7,292.5,367.983,21.355
11,12,3,7,8,337.5,138.236,12.5186
11,12,3,8,1,22.5,48.1644,7.42389
11,12,3,8,2,67.5,164.9,13.745
11,12,3,8,3,112.5,25.9216,5.37831
11,12,3,8,4,157.5,0,0
11,12,3,8,5,202.5,0,0
11,12,3,8,6,247.5,28.1881,5.80304
11,12,3,8,7,292.5,133.175,12.3934
11,12,3,8,8,337.5,60.5422,8.53231
11,12,3,9,1,22.5,0,0
11,12,3,9,2,67.5,0,0
11,12,3,9,3,112.5,0,0
11,12,3,9,4,157.5,0,0
11,12,3,9,5,202.5,0,0
11,12,3,9,6,247.5,0,0
11,12,3,9,7,292.5,0,0
11,12,3,9,8,337.5,0,0
11,12,3,10,1,22.5,0,0
11,12,3,10,2,67.5,0,0
11,12,3,10,3,112.5,0,0
11,12,3,10,4,157.5,0,0
11,12,3,10,5,202.5,0,0
11,12,3,10,6,247.5,0,0
11,12,3,10,7,292.5,0,0
11,12,3,10,8,337.5,0,0
11,12,3,11,1,22.5,0,0
11,12,3,11,2,67.5,0,0
11,12,3,11,3,112.5,0,0
11,12,3,11,4,157.5,0,0
11,12,3,11,5,202.5,0,0
11,12,3,11,6,247.5,0,0
11,12,3,11,7,292.5,0,0
11,12,3,11,8,337.5,0,0
11,12,4,1,1,22.5,1363.88,54.5387
11,12,4,1,2,67.5,1896.67,81.9833
11,12,4,1,3,112.5,2961.67,72.2052
11,12,4,1,4,157.5,3787.5,84.1288
11,12,4,1,5,202.5,2913.02,74.498
11,12,4,1,6,247.5,1663.75,53.0475
11,12,4,1,7,292.5,1095.28,46.0748
11,12,4,1,8,337.5,1004.25,45.8054
11,12,4,2,1,22.5,401.52,32.6664
11,12,4,2,2,67.5,753.941,34.8918
11,12,4,2,3,112.5,1728.14,50.3246
11,12,4,2,4,157.5,3073.48,72.7884
11,12,4,2,5,202.5,2344.73,62.2579
11,12,4,2,6,247.5,822.789,36.0821
11,12,4,2,7,292.5,606.254,35.3337
11,12,4,2,8,337.5,512.466,33.8061
11,12,4,3,1,22.5,323.328,22.0224
11,12,4,3,2,67.5,529.035,34.0364
11,12,4,3,3,112.5,1213.83,40.7474
11,12,4,3,4,157.5,2215.79,56.9015
11,12,4,3,5,202.5,1523.2,50.4029
11,12,4,3,6,247.5,710.059,40.281
11,12,4,3,7,292.5,869.647,39.6706
11,12,4,3,8,337.5,331.683,23.4923
11,12,4,4,1,22.5,152.437,16.7762
11,12,4,4,2,67.5,499.336,26.4599
11,12,4,4,3,112.5,763.908,32.2749
11,12,4,4,4,157.5,1359.28,44.1776
11,12,4,4,5,202.5,1011.4,38.0704
11,12,4,4,6,247.5,694.614,31.2618
11,12,4,4,7,292.5,1133,39.1422
11,12,4,4,8,337.5,135.482,13.3482
11,12,4,5,1,22.5,161.528,14.3536
11,12,4,5,2,67.5,1436.92,41.8087
11,12,4,5,3,112.5,926.652,35.7073
11,12,4,5,4,157.5,1265.65,40.6273
11,12,4,5,5,202.5,869.206,34.3581
11,12,4,5,6,247.5,1194.08,39.3684
11,12,4,5,7,292.5,2151.86,52.367
11,12,4,5,8,337.5,188.584,19.9052
11,12,4,6,1,22.5,156.646,13.7191
11,12,4,6,2,67.5,1254.27,38.295
11,12,4,6,3,112.5,528.635,24.8345
11,12,4,6,4,157.5,347.413,20.7744
11,12,4,6,5,202.5,269.229,17.5678
11,12,4,6,6,247.5,784.268,31.8579
11,12,4,6,7,292.5,1328.45,40.0658
11,12,4,6,8,337.5,164.163,13.4816
11,12,4,7,1,22.5,100.555,10.6995
11,12,4,7,2,67.5,774.698,32.0655
11,12,4,7,3,112.5,246.174,16.8945
11,12,4,7,4,157.5,90.2734,9.97837
11,12,4,7,5,202.5,50.5824,7.48444
11,12,4,7,6,247.5,428.509,23.2186
11,12,4,7,7,292.5,691.723,28.2719
11,12,4,7,8,337.5,80.9339,9.76268
11,12,4,8,1,22.5,46.9189,7.367
11,12,4,8,2,67.5,416.689,21.2773
11,12,4,8,3,112.5,131.941,11.8383
11,12,4,8,4,157.5,0,0
11,12,4,8,5,202.5,0,0
11,12,4,8,6,247.5,221.813,16.4033
11,12,4,8,7,292.5,324.323,19.111
11,12,4,8,8,337.5,55.1172,8.03418
11,12,4,9,1,22.5,0,0
11,12,4,9,2,67.5,71.6974,8.7942
11,12,4,9,3,112.5,0,0
11,12,4,9,4,157.5,0,0
11,12,4,9,5,202.5,0,0
11,12,4,9,6,247.5,34.317,6.14784
11,12,4,9,7,292.5,39.5663,6.68477
11,12,4,9,8,337.5,0,0
11,12,4,10,1,22.5,0,0
11,12,4,10,2,67.5,0,0
11,12,4,10,3,112.5,0,0
11,12,4,10,4,157.5,0,0
11,12,4,10,5,202.5,0,0
11,12,4,10,6,247.5,0,0
11,12,4,10,7,292.5,0,0
11,12,4,10,8,337.5,0,0
11,12,4,11,1,22.5,0,0
11,12,4,11,2,67.5,0,0
11,12,4,11,3,112.5,0,0
11,12,4,11,4,157.5,0,0
11,12,4,11,5,202.5,0,0
11,12,4,11,6,247.5,0,0
11,12,4,11,7,292.5,0,0
11,12,4,11,8,337.5,0,0
11,12,5,1,1,22.5,1293.91,51.008
11,12,5,1,2,67.5,1746.23,49.4844
11,12,5,1,3,112.5,2227.38,57.4038
11,12,5,1,4,157.5,2641.27,62.7191
11,12,5,1,5,202.5,2154.96,56.0753
11,12,5,1,6,247.5,1255.1,43.0866
11,12,5,1,7,292.5,835.388,36.0307
11,12,5,1,8,337.5,1020.53,38.2238
11,12,5,2,1,22.5,417.402,24.6769
11,12,5,2,2,67.5,639.118,29.7247
11,12,5,2,3,112.5,1490.38,45.1139
11,12,5,2,4,157.5,2282.38,56.186
11,12,5,2,5,202.5,1742,49.1388
11,12,5,2,6,247.5,591.154,28.0284
11,12,5,2,7,292.5,202.573,17.2303
11,12,5,2,8,337.5,213.825,18.9172
11,12,5,3,1,22.5,157.958,15.0102
11,12,5,3,2,67.5,233.535,20.7288
11,12,5,3,3,112.5,1025.51,35.0706
11,12,5,3,4,157.5,1910.47,50.141
11,12,5,3,5,202.5,1410.13,42.9364
11,12,5,3,6,247.5,416.884,23.3396
11,12,5,3,7,292.5,260.268,19.5432
11,12,5,3,8,337.5,138.839,15.6491
11,12,5,4,1,22.5,85.7576,10.2591
11,12,5,4,2,67.5,150.001,13.8056
11,12,5,4,3,112.5,608.992,26.9185
11,12,5,4,4,157.5,1371.89,42.3196
11,12,5,4,5,202.5,930.682,34.26
11,12,5,4,6,247.5,326.854,20.8303
11,12,5,4,7,292.5,440.624,23.3534
11,12,5,4,8,337.5,116.07,11.669
11,12,5,5,1,22.5,105.009,11.464
11,12,5,5,2,67.5,407.488,22.3107
11,12,5,5,3,112.5,867.564,31.7209
11,12,5,5,4,157.5,1678.54,44.7997
11,12,5,5,5,202.5,1138.82,37.501
11,12,5,5,6,247.5,694.436,28.4126
11,12,5,5,7,292.5,1156.14,36.8766
11,12,5,5,8,337.5,131.423,12.3884
11,12,5,6,1,22.5,55.6334,8.26269
11,12,5,6,2,67.5,551.022,24.657
11,12,5,6,3,112.5,432.879,21.9203
11,12,5,6,4,157.5,760.841,29.1275
11,12,5,6,5,202.5,504.697,24.3935
11,12,5,6,6,247.5,565.524,25.2606
11,12,5,6,7,292.5,888.449,31.8261
11,12,5,6,8,337.5,63.3026,8.58329
11,12,5,7,1,22.5,41.9018,6.90305
11,12,5,7,2,67.5,360.752,19.475
11,12,5,7,3,112.5,208.175,15.0106
11,12,5,7,4,157.5,307.65,17.9569
11,12,5,7,5,202.5,206.389,15.6441
11,12,5,7,6,247.5,313.484,18.57
11,12,5,7,7,292.5,483.313,23.1433
11,12,5,7,8,337.5,29.9125,6.10108
11,12,5,8,1,22.5,0,0
11,12,5,8,2,67.5,196.749,14.5138
11,12,5,8,3,112.5,103.996,10.692
11,12,5,8,4,157.5,102.196,10.3907
11,12,5,8,5,202.5,91.5938,10.6272
11,12,5,8,6,247.5,180.753,14.2591
11,12,5,8,7,292.5,192.227,14.3379
11,12,5,8,8,337.5,0,0
11,12,5,9,1,22.5,0,0
11,12,5,9,2,67.5,25.6017,5.49547
11,12,5,9,3,112.5,15.0601,4.62537
11,12,5,9,4,157.5,10.959,3.53577
11,12,5,9,5,202.5,0,0
11,12,5,9,6,247.5,24.0892,5.47223
11,12,5,9,7,292.5,8.04551,3.37709
11,12,5,9,8,337.5,0,0
11,12,5,10,1,22.5,0,0
11,12,5,10,2,67.5,0,0
11,12,5,10,3,112.5,0,0
11,12,5,10,4,157.5,0,0
11,12,5,10,5,202.5,0,0
11,12,5,10,6,247.5,0,0
11,12,5,10,7,292.5,0,0
11,12,5,10,8,337.5,0,0
11,12,5,11,1,22.5,0,0
11,12,5,11,2,67.5,0,0
11,12,5,11,3,112.5,0,0
11,12,5,11,4,157.5,0,0
11,12,5,11,5,202.5,0,0
11,12,5,11,6,247.5,0,0
11,12,5,11,7,292.5,0,0
11,12,5,11,8,337.5,0,0
11,12,6,1,1,22.5,1027.52,35.8113
11,12,6,1,2,67.5,1213.92,38.2671
11,12,6,1,3,112.5,1462.54,42.8283
11,12,6,1,4,157.5,1565.76,48.0982
11,12,6,1,5,202.5,1226.66,44.3694
11,12,6,1,6,247.5,965.589,33.9347
11,12,6,1,7,292.5,665.158,28.6995
11,12,6,1,8,337.5,757.971,34.2478
11,12,6,2,1,22.5,474.107,24.2132
11,12,6,2,2,67.5,507.608,24.6461
11,12,6,2,3,112.5,1050.91,34.8901
11,12,6,2,4,157.5,1367.43,45.5928
11,12,6,2,5,202.5,1008.74,37.9332
11,12,6,2,6,247.5,470.732,23.5176
11,12,6,2,7,292.5,138.778,13.669
11,12,6,2,8,337.5,238.183,17.8952
11,12,6,3,1,22.5,143.576,12.9026
11,12,6,3,2,67.5,211.376,15.6519
11,12,6,3,3,112.5,638.898,28.1965
11,12,6,3,4,157.5,1145.22,36.0068
11,12,6,3,5,202.5,773.187,33.6849
11,12,6,3,6,247.5,270.01,17.1801
11,12,6,3,7,292.5,50.6478,7.92691
11,12,6,3,8,337.5,57.8653,8.97666
11,12,6,4,1,22.5,31.2072,6.34761
11,12,6,4,2,67.5,90.2406,10.1669
11,12,6,4,3,112.5,445.23,22.5937
11,12,6,4,4,157.5,857.317,30.7469
11,12,6,4,5,202.5,558.602,27.7378
11,12,6,4,6,247.5,161.712,13.4712
11,12,6,4,7,292.5,89.2877,10.1226
11,12,6,4,8,337.5,0,0
11,12,6,5,1,22.5,0,0
11,12,6,5,2,67.5,67.6626,9.01444
11,12,6,5,3,112.5,395.995,20.9969
11,12,6,5,4,157.5,973.059,32.5867
11,12,6,5,5,202.5,611.893,26.7911
11,12,6,5,6,247.5,227.216,15.8615
11,12,6,5,7,292.5,257.05,16.7194
11,12,6,5,8,337.5,44.2635,7.97756
11,12,6,6,1,22.5,0,0
11,12,6,6,2,67.5,67.324,8.70977
11,12,6,6,3,112.5,155.823,12.9005
11,12,6,6,4,157.5,383.932,20.2052
11,12,6,6,5,202.5,269.844,17.9513
11,12,6,6,6,247.5,114.707,11.2549
11,12,6,6,7,292.5,192.638,14.4441
11,12,6,6,8,337.5,21.1126,4.98022
11,12,6,7,1,22.5,0,0
11,12,6,7,2,67.5,34.6055,6.7168
11,12,6,7,3,112.5,46.0952,7.03695
11,12,6,7,4,157.5,119.862,11.3443
11,12,6,7,5,202.5,73.2232,8.79293
11,12,6,7,6,247.5,45.2474,7.20755
11,12,6,7,7,292.5,72.2104,8.81857
11,12,6,7,8,337.5,0,0
11,12,6,8,1,22.5,0,0
11,12,6,8,2,67.5,17.2432,4.79489
11,12,6,8,3,112.5,0,0
11,12,6,8,4,157.5,27.8514,6.02882
11,12,6,8,5,202.5,22.0495,5.02971
11,12,6,8,6,247.5,0,0
11,12,6,8,7,292.5,0,0
11,12,6,8,8,337.5,0,0
11,12,6,9,1,22.5,0,0
11,12,6,9,2,67.5,0,0
11,12,6,9,3,112.5,0,0
11,12,6,9,4,157.5,0,0
11,12,6,9,5,202.5,0,0
11,12,6,9,6,247.5,0,0
11,12,6,9,7,292.5,0,0
11,12,6,9,8,337.5,0,0
11,12,6,10,1,22.5,0,0
11,12,6,10,2,67.5,0,0
11,12,6,10,3,112.5,0,0
11,12,6,10,4,157.5,0,0
11,12,6,10,5,202.5,0,0
11,12,6,10,6,247.5,0,0
11,12,6,10,7,292.5,0,0
11,12,6,10,8,337.5,0,0
11,12,6,11,1,22.5,0,0
11,12,6,11,2,67.5,0,0
11,12,6,11,3,112.5,0,0
11,12,6,11,4,157.5,0,0
11,12,6,11,5,202.5,0,0
11,12,6,11,6,247.5,0,0
11,12,6,11,7,292.5,0,0
11,12,6,11,8,337.5,0,0
11,12,7,1,1,22.5,206.527,15.5491
11,12,7,1,2,67.5,232.383,16.2672
11,12,7,1,3,112.5,282.428,17.2693
11,12,7,1,4,157.5,322.325,19.0245
11,12,7,1,5,202.5,283.593,17.2626
11,12,7,1,6,247.5,183.239,14.1276
11,12,7,1,7,292.5,170.921,13.4992
11,12,7,1,8,337.5,185.185,14.7103
11,12,7,2,1,22.5,71.836,8.90812
11,12,7,2,2,67.5,80.1198,9.55661
11,12,7,2,3,112.5,157.344,12.8294
11,12,7,2,4,157.5,223.79,15.4599
11,12,7,2,5,202.5,123.497,12.2405
11,12,7,2,6,247.5,75.1069,9.13101
11,12,7,2,7,292.5,43.4815,6.91872
11,12,7,2,8,337.5,54.7381,7.84442
11,12,7,3,1,22.5,0,0
11,12,7,3,2,67.5,43.6922,7.60967
11,12,7,3,3,112.5,83.2696,9.46328
11,12,7,3,4,157.5,119.7,11.3388
11,12,7,3,5,202.5,71.4944,8.97275
11,12,7,3,6,247.5,18.2664,4.7262
11,12,7,3,7,292.5,0,0
11,12,7,3,8,337.5,0,0
11,12,7,4,1,22.5,0,0
11,12,7,4,2,67.5,9.20612,3.31971
11,12,7,4,3,112.5,45.2003,7.14352
11,12,7,4,4,157.5,58.4066,8.00807
11,12,7,4,5,202.5,28.317,6.86516
11,12,7,4,6,247.5,0,0
11,12,7,4,7,292.5,0,0
11,12,7,4,8,337.5,0,0
11,12,7,5,1,22.5,0,0
11,12,7,5,2,67.5,0,0
11,12,7,5,3,112.5,0,0
11,12,7,5,4,157.5,33.1086,6.12175
11,12,7,5,5,202.5,25.3233,5.67485
11,12,7,5,6,247.5,0,0
11,12,7,5,7,292.5,0,0
11,12,7,5,8,337.5,0,0
11,12,7,6,1,22.5,0,0
11,12,7,6,2,67.5,0,0
11,12,7,6,3,112.5,0,0
11,12,7,6,4,157.5,0,0
11,12,7,6,5,202.5,0,0
11,12,7,6,6,247.5,0,0
11,12,7,6,7,292.5,0,0
11,12,7,6,8,337.5,0,0
11,12,7,7,1,22.5,0,0
11,12,7,7,2,67.5,0,0
11,12,7,7,3,112.5,0,0
11,12,7,7,4,157.5,0,0
11,12,7,7,5,202.5,0,0
11,12,7,7,6,247.5,0,0
11,12,7,7,7,292.5,0,0
11,12,7,7,8,337.5,0,0
11,12,7,8,1,22.5,0,0
11,12,7,8,2,67.5,0,0
11,12,7,8,3,112.5,0,0
11,12,7,8,4,157.5,0,0
11,12,7,8,5,202.5,0,0
11,12,7,8,6,247.5,0,0
11,12,7,8,7,292.5,0,0
11,12,7,8,8,337.5,0,0
11,12,7,9,1,22.5,0,0
11,12,7,9,2,67.5,0,0
11,12,7,9,3,112.5,0,0
11,12,7,9,4,157.5,0,0
11,12,7,9,5,202.5,0,0
11,12,7,9,6,247.5,0,0
11,12,7,9,7,292.5,0,0
11,12,7,9,8,337.5,0,0
11,12,7,10,1,22.5,0,0
11,12,7,10,2,67.5,0,0
11,12,7,10,3,112.5,0,0
11,12,7,10,4,157.5,0,0
11,12,7,10,5,202.5,0,0
11,12,7,10,6,247.5,0,0
11,12,7,10,7,292.5,0,0
11,12,7,10,8,337.5,0,0
11,12,7,11,1,22.5,0,0
11,12,7,11,2,67.5,0,0
11,12,7,11,3,112.5,0,0
11,12,7,11,4,157.5,0,0
11,12,7,11,5,202.5,0,0
11,12,7,11,6,247.5,0,0
11,12,7,11,7,292.5,0,0
11,12,7,11,8,337.5,0,0
11,12,8,1,1,22.5,0,0
11,12,8,1,2,67.5,0,0
11,12,8,1,3,112.5,0,0
11,12,8,1,4,157.5,0,0
11,12,8,1,5,202.5,0,0
11,12,8,1,6,247.5,0,0
11,12,8,1,7,292.5,0,0
11,12,8,1,8,337.5,0,0
11,12,8,2,1,22.5,0,0
11,12,8,2,2,67.5,0,0
11,12,8,2,3,112.5,0,0
11,12,8,2,4,157.5,0,0
11,12,8,2,5,202.5,0,0
11,12,8,2,6,247.5,0,0
11,12,8,2,7,292.5,0,0
11,12,8,2,8,337.5,0,0
11,12,8,3,1,22.5,0,0
11,12,8,3,2,67.5,0,0
11,12,8,3,3,112.5,0,0
11,12,8,3,4,157.5,0,0
11,12,8,3,5,202.5,0,0
11,12,8,3,6,247.5,0,0
11,12,8,3,7,292.5,0,0
11,12,8,3,8,337.5,0,0
11,12,8,4,1,22.5,0,0
11,12,8,4,2,67.5,0,0
11,12,8,4,3,112.5,0,0
11,12,8,4,4,157.5,0,0
11,12,8,4,5,202.5,0,0
11,12,8,4,6,247.5,0,0
11,12,8,4,7,292.5,0,0
11,12,8,4,8,337.5,0,0
11,12,8,5,1,22.5,0,0
11,12,8,5,2,67.5,0,0
11,12,8,5,3,112.5,0,0
11,12,8,5,4,157.5,0,0
11,12,8,5,5,202.5,0,0
11,12,8,5,6,247.5,0,0
11,12,8,5,7,292.5,0,0
11,12,8,5,8,337.5,0,0
11,12,8,6,1,22.5,0,0
11,12,8,6,2,67.5,0,0
11,12,8,6,3,112.5,0,0
11,12,8,6,4,157.5,0,0
11,12,8,6,5,202.5,0,0
11,12,8,6,6,247.5,0,0
11,12,8,6,7,292.5,0,0
11,12,8,6,8,337.5,0,0
11,12,8,7,1,22.5,0,0
11,12,8,7,2,67.5,0,0
11,12,8,7,3,112.5,0,0
11,12,8,7,4,157.5,0,0
11,12,8,7,5,202.5,0,0
11,12,8,7,6,247.5,0,0
11,12,8,7,7,292.5,0,0
11,12,8,7,8,337.5,0,0
11,12,8,8,1,22.5,0,0
11,12,8,8,2,67.5,0,0
11,12,8,8,3,112.5,0,0
11,12,8,8,4,157.5,0,0
11,12,8,8,5,202.5,0,0
11,12,8,8,6,247.5,0,0
11,12,8,8,7,292.5,0,0
11,12,8,8,8,337.5,0,0
11,12,8,9,1,22.5,0,0
11,12,8,9,2,67.5,0,0
11,12,8,9,3,112.5,0,0
11,12,8,9,4,157.5,0,0
11,12,8,9,5,202.5,0,0
11,12,8,9,6,247.5,0,0
11,12,8,9,7,292.5,0,0
11,12,8,9,8,337.5,0,0
11,12,8,10,1,22.5,0,0
11,12,8,10,2,67.5,0,0
11,12,8,10,3,112.5,0,0
11,12,8,10,4,157.5,0,0
11,12,8,10,5,202.5,0,0
11,12,8,10,6,247.5,0,0
11,12,8,10,7,292.5,0,0
11,12,8,10,8,337.5,0,0
11,12,8,11,1,22.5,0,0
11,12,8,11,2,67.5,0,0
11,12,8,11,3,112.5,0,0
11,12,8,11,4,157.5,0,0
11,12,8,11,5,202.5,0,0
11,12,8,11,6,247.5,0,0
11,12,8,11,7,292.5,0,0
11,12,8,11,8,337.5,0,0
12,13,1,1,1,22.5,0,0
12,13,1,1,2,67.5,0,0
12,13,1,1,3,112.5,0,0
12,13,1,1,4,157.5,0,0
12,13,1,1,5,202.5,0,0
12,13,1,1,6,247.5,0,0
12,13,1,1,7,292.5,0,0
12,13,1,1,8,337.5,0,0
12,13,1,2,1,22.5,0,0
12,13,1,2,2,67.5,0,0
12,13,1,2,3,112.5,0,0
12,13,1,2,4,157.5,0,0
12,13,1,2,5,202.5,0,0
12,13,1,2,6,247.5,0,0
12,13,1,2,7,292.5,0,0
12,13,1,2,8,337.5,0,0
12,13,1,3,1,22.5,0,0
12,13,1,3,2,67.5,0,0
12,13,1,3,3,112.5,0,0
12,13,1,3,4,157.5,0,0
12,13,1,3,5,202.5,0,0
12,13,1,3,6,247.5,0,0
12,13,1,3,7,292.5,0,0
12,13,1,3,8,337.5,0,0
12,13,1,4,1,22.5,0,0
12,13,1,4,2,67.5,0,0
12,13,1,4,3,112.5,0,0
12,13,1,4,4,157.5,0,0
12,13,1,4,5,202.5,0,0
12,13,1,4,6,247.5,0,0
12,13,1,4,7,292.5,0,0
12,13,1,4,8,337.5,0,0
12,13,1,5,1,22.5,0,0
12,13,1,5,2,67.5,0,0
12,13,1,5,3,112.5,0,0
12,13,1,5,4,157.5,0,0
12,13,1,5,5,202.5,0,0
12,13,1,5,6,247.5,0,0
12,13,1,5,7,292.5,0,0
12,13,1,5,8,337.5,0,0
12,13,1,6,1,22.5,0,0
12,13,1,6,2,67.5,0,0
12,13,1,6,3,112.5,0,0
12,13,1,6,4,157.5,0,0
12,13,1,6,5,202.5,0,0
12,13,1,6,6,247.5,0,0
12,13,1,6,7,292.5,0,0
12,13,1,6,8,337.5,0,0
12,13,1,7,1,22.5,0,0
12,13,1,7,2,67.5,0,0
12,13,1,7,3,112.5,0,0
12,13,1,7,4,157.5,0,0
12,13,1,7,5,202.5,0,0
12,13,1,7,6,247.5,0,0
12,13,1,7,7,292.5,0,0
12,13,1,7,8,337.5,0,0
12,13,1,8,1,22.5,0,0
12,13,1,8,2,67.5,0,0
12,13,1,8,3,112.5,0,0
12,13,1,8,4,157.5,0,0
12,13,1,8,5,202.5,0,0
12,13,1,8,6,247.5,0,0
12,13,1,8,7,292.5,0,0
12,13,1,8,8,337.5,0,0
12,13,1,9,1,22.5,0,0
12,13,1,9,2,67.5,0,0
12,13,1,9,3,112.5,0,0
12,13,1,9,4,157.5,0,0
12,13,1,9,5,202.5,0,0
12,13,1,9,6,247.5,0,0
12,13,1,9,7,292.5,0,0
12,13,1,9,8,337.5,0,0
12,13,1,10,1,22.5,0,0
12,13,1,10,2,67.5,0,0
12,13,1,10,3,112.5,0,0
12,13,1,10,4,157.5,0,0
12,13,1,10,5,202.5,0,0
12,13,1,10,6,247.5,0,0
12,13,1,10,7,292.5,0,0
12,13,1,10,8,337.5,0,0
12,13,1,11,1,22.5,0,0
12,13,1,11,2,67.5,0,0
12,13,1,11,3,112.5,0,0
12,13,1,11,4,157.5,0,0
12,13,1,11,5,202.5,0,0
12,13,1,11,6,247.5,0,0
12,13,1,11,7,292.5,0,0
12,13,1,11,8,337.5,0,0
12,13,2,1,1,22.5,362.91,46.6888
12,13,2,1,2,67.5,504.099,54.6366
12,13,2,1,3,112.5,655.836,56.3446
12,13,2,1,4,157.5,876.611,70.2173
12,13,2,1,5,202.5,470.084,73.5142
12,13,2,1,6,247.5,432.64,59.6575
12,13,2,1,7,292.5,673.451,92.9315
12,13,2,1,8,337.5,434.461,34.0212
12,13,2,2,1,22.5,162.403,18.7736
12,13,2,2,2,67.5,490.444,59.7462
12,13,2,2,3,112.5,282.087,31.1072
12,13,2,2,4,157.5,137.817,21.8061
12,13,2,2,5,202.5,115.711,30.368
12,13,2,2,6,247.5,280.841,32.1833
12,13,2,2,7,292.5,442.637,34.8258
12,13,2,2,8,337.5,55.6854,18.4512
12,13,2,3,1,22.5,46.5684,12.8601
12,13,2,3,2,67.5,416.714,28.1547
12,13,2,3,3,112.5,152.928,16.2798
12,13,2,3,4,157.5,0,0
12,13,2,3,5,202.5,0,0
12,13,2,3,6,247.5,132.469,17.7635
12,13,2,3,7,292.5,489.711,32.3246
12,13,2,3,8,337.5,136.75,14.1435
12,13,2,4,1,22.5,140.637,15.2296
12,13,2,4,2,67.5,348.272,23.7905
12,13,2,4,3,112.5,0,0
12,13,2,4,4,157.5,0,0
12,13,2,4,5,202.5,0,0
12,13,2,4,6,247.5,42.5627,12.8002
12,13,2,4,7,292.5,324.861,22.5525
12,13,2,4,8,337.5,137.083,12.9706
12,13,2,5,1,22.5,126.342,12.0327
12,13,2,5,2,67.5,268.341,18.8266
12,13,2,5,3,112.5,0,0
12,13,2,5,4,157.5,0,0
12,13,2,5,5,202.5,0,0
12,13,2,5,6,247.5,0,0
12,13,2,5,7,292.5,249.661,20.1849
12,13,2,5,8,337.5,75.3027,9.6626
12,13,2,6,1,22.5,0,0
12,13,2,6,2,67.5,0,0
12,13,2,6,3,112.5,0,0
12,13,2,6,4,157.5,0,0
12,13,2,6,5,202.5,0,0
12,13,2,6,6,247.5,0,0
12,13,2,6,7,292.5,0,0
12,13,2,6,8,337.5,0,0
12,13,2,7,1,22.5,0,0
12,13,2,7,2,67.5,0,0
12,13,2,7,3,112.5,0,0
12,13,2,7,4,157.5,0,0
12,13,2,7,5,202.5,0,0
12,13,2,7,6,247.5,0,0
12,13,2,7,7,292.5,0,0
12,13,2,7,8,337.5,0,0
12,13,2,8,1,22.5,0,0
12,13,2,8,2,67.5,0,0
12,13,2,8,3,112.5,0,0
12,13,2,8,4,157.5,0,0
12,13,2,8,5,202.5,0,0
12,13,2,8,6,247.5,0,0
12,13,2,8,7,292.5,0,0
12,13,2,8,8,337.5,0,0
12,13,2,9,1,22.5,0,0
12,13,2,9,2,67.5,0,0
12,13,2,9,3,112.5,0,0
12,13,2,9,4,157.5,0,0
12,13,2,9,5,202.5,0,0
12,13,2,9,6,247.5,0,0
12,13,2,9,7,292.5,0,0
12,13,2,9,8,337.5,0,0
12,13,2,10,1,22.5,0,0
12,13,2,10,2,67.5,0,0
12,13,2,10,3,112.5,0,0
12,13,2,10,4,157.5,0,0
12,13,2,10,5,202.5,0,0
12,13,2,10,6,247.5,0,0
12,13,2,10,7,292.5,0,0
12,13,2,10,8,337.5,0,0
12,13,2,11,1,22.5,0,0
12,13,2,11,2,67.5,0,0
12,13,2,11,3,112.5,0,0
12,13,2,11,4,157.5,0,0
12,13,2,11,5,202.5,0,0
12,13,2,11,6,247.5,0,0
12,13,2,11,7,292.5,0,0
12,13,2,11,8,337.5,0,0
12,13,3,1,1,22.5,1488.79,75.4275
12,13,3,1,2,67.5,2232.83,88.1109
12,13,3,1,3,112.5,2761.01,142.103
12,13,3,1,4,157.5,3025.41,137.618
12,13,3,1,5,202.5,2583.26,93.7582
12,13,3,1,6,247.5,2083.95,83.764
12,13,3,1,7,292.5,1968.93,120.735
12,13,3,1,8,337.5,1639.59,88.1363
12,13,3,2,1,22.5,1092.91,49.5442
12,13,3,2,2,67.5,1487.34,71.9086
12,13,3,2,3,112.5,1333.23,53.8101
12,13,3,2,4,157.5,822.004,64.5623
12,13,3,2,5,202.5,635.809,40.0316
12,13,3,2,6,247.5,1031.95,52.7219
12,13,3,2,7,292.5,1475.9,64.4243
12,13,3,2,8,337.5,1058.1,49.3026
12,13,3,3,1,22.5,413.211,28.3137
12,13,3,3,2,67.5,1169.66,50.2433
12,13,3,3,3,112.5,647.634,34.8304
12,13,3,3,4,157.5,174.099,20.0064
12,13,3,3,5,202.5,142.275,17.861
12,13,3,3,6,247.5,701.209,35.01
12,13,3,3,7,292.5,1614.58,54.5089
12,13,3,3,8,337.5,331.367,23.8829
12,13,3,4,1,22.5,200.583,17.5697
12,13,3,4,2,67.5,1371.07,43.1874
12,13,3,4,3,112.5,271.722,25.755
12,13,3,4,4,157.5,38.9063,15.4071
12,13,3,4,5,202.5,45.6468,7.145
12,13,3,4,6,247.5,455.098,26.3188
12,13,3,4,7,292.5,1649.81,49.7221
12,13,3,4,8,337.5,321.357,21.8056
12,13,3,5,1,22.5,392.862,27.1881
12,13,3,5,2,67.5,1904.72,50.4852
12,13,3,5,3,112.5,250.695,18.3255
12,13,3,5,4,157.5,0,0
12,13,3,5,5,202.5,0,0
12,13,3,5,6,247.5,291.307,20.7974
12,13,3,5,7,292.5,1885.82,51.03
12,13,3,5,8,337.5,556.202,25.6718
12,13,3,6,1,22.5,182.926,14.6087
12,13,3,6,2,67.5,593.075,27.5824
12,13,3,6,3,112.5,46.5893,8.1995
12,13,3,6,4,157.5,0,0
12,13,3,6,5,202.5,0,0
12,13,3,6,6,247.5,54.2804,7.97077
12,13,3,6,7,292.5,468.068,25.1574
12,13,3,6,8,337.5,147.051,13.0791
12,13,3,7,1,22.5,0,0
12,13,3,7,2,67.5,122.112,11.5578
12,13,3,7,3,112.5,0,0
12,13,3,7,4,157.5,0,0
12,13,3,7,5,202.5,0,0
12,13,3,7,6,247.5,0,0
12,13,3,7,7,292.5,84.3886,9.79374
12,13,3,7,8,337.5,33.6919,6.3189
12,13,3,8,1,22.5,0,0
12,13,3,8,2,67.5,0,0
12,13,3,8,3,112.5,0,0
12,13,3,8,4,157.5,0,0
12,13,3,8,5,202.5,0,0
12,13,3,8,6,247.5,0,0
12,13,3,8,7,292.5,0,0
12,13,3,8,8,337.5,0,0
12,13,3,9,1,22.5,0,0
12,13,3,9,2,67.5,0,0
12,13,3,9,3,112.5,0,0
12,13,3,9,4,157.5,0,0
12,13,3,9,5,202.5,0,0
12,13,3,9,6,247.5,0,0
12,13,3,9,7,292.5,0,0
12,13,3,9,8,337.5,0,0
12,13,3,10,1,22.5,0,0
12,13,3,10,2,67.5,0,0
12,13,3,10,3,112.5,0,0
12,13,3,10,4,157.5,0,0
12,13,3,10,5,202.5,0,0
12,13,3,10,6,247.5,0,0
12,13,3,10,7,292.5,0,0
12,13,3,10,8,337.5,0,0
12,13,3,11,1,22.5,0,0
12,13,3,11,2,67.5,0,0
12,13,3,11,3,112.5,0,0
12,13,3,11,4,157.5,0,0
12,13,3,11,5,202.5,0,0
12,13,3,11,6,247.5,0,0
12,13,3,11,7,292.5,0,0
12,13,3,11,8,337.5,0,0
12,13,4,1,1,22.5,2212.25,93.4266
12,13,4,1,2,67.5,2567.05,96.8648
12,13,4,1,3,112.5,3288.26,102.816
12,13,4,1,4,157.5,3603.17,108.285
12,13,4,1,5,202.5,2995.25,98.2132
12,13,4,1,6,247.5,2381.38,66.3745
12,13,4,1,7,292.5,1783.44,58.3176
12,13,4,1,8,337.5,1782.06,58.7381
12,13,4,2,1,22.5,718.324,35.4552
12,13,4,2,2,67.5,1116.46,47.1844
12,13,4,2,3,112.5,1903.93,54.5846
12,13,4,2,4,157.5,1909.77,55.335
12,13,4,2,5,202.5,1210.27,58.6387
12,13,4,2,6,247.5,1177.7,58.0947
12,13,4,2,7,292.5,866.424,36.2053
12,13,4,2,8,337.5,800.885,44.7736
12,13,4,3,1,22.5,564.714,27.0271
12,13,4,3,2,67.5,709.355,37.1327
12,13,4,3,3,112.5,953.895,36.1952
12,13,4,3,4,157.5,745.238,33.5442
12,13,4,3,5,202.5,558.567,30.0004
12,13,4,3,6,247.5,652.831,31.6935
12,13,4,3,7,292.5,1087,39.2615
12,13,4,3,8,337.5,608.562,31.4911
12,13,4,4,1,22.5,264.297,20.9692
12,13,4,4,2,67.5,713.353,30.3766
12,13,4,4,3,112.5,532.83,26.2544
12,13,4,4,4,157.5,209.213,16.5425
12,13,4,4,5,202.5,195.533,17.0376
12,13,4,4,6,247.5,470.154,25.76
12,13,4,4,7,292.5,1141.67,39.8524
12,13,4,4,8,337.5,267.264,18.6383
12,13,4,5,1,22.5,190.806,16.1962
12,13,4,5,2,67.5,1237.98,40.6831
12,13,4,5,3,112.5,451.948,24.0319
12,13,4,5,4,157.5,124.494,12.799
12,13,4,5,5,202.5,95.0527,12.7619
12,13,4,5,6,247.5,566.752,27.6917
12,13,4,5,7,292.5,1769.54,46.7167
12,13,4,5,8,337.5,188.993,16.639
12,13,4,6,1,22.5,103.08,11.0056
12,13,4,6,2,67.5,621.055,27.5612
12,13,4,6,3,112.5,136.69,12.3513
12,13,4,6,4,157.5,0,0
12,13,4,6,5,202.5,0,0
12,13,4,6,6,247.5,198.466,15.9098
12,13,4,6,7,292.5,694.161,28.7933
12,13,4,6,8,337.5,99.9159,10.7863
12,13,4,7,1,22.5,0,0
12,13,4,7,2,67.5,180.387,14.0616
12,13,4,7,3,112.5,25.5675,6.04703
12,13,4,7,4,157.5,0,0
12,13,4,7,5,202.5,0,0
12,13,4,7,6,247.5,52.9934,7.64881
12,13,4,7,7,292.5,149.159,13.2099
12,13,4,7,8,337.5,21.674,4.75224
12,13,4,8,1,22.5,0,0
12,13,4,8,2,67.5,0,0
12,13,4,8,3,112.5,0,0
12,13,4,8,4,157.5,0,0
12,13,4,8,5,202.5,0,0
12,13,4,8,6,247.5,0,0
12,13,4,8,7,292.5,23.5494,6.65112
12,13,4,8,8,337.5,0,0
12,13,4,9,1,22.5,0,0
12,13,4,9,2,67.5,0,0
12,13,4,9,3,112.5,0,0
12,13,4,9,4,157.5,0,0
12,13,4,9,5,202.5,0,0
12,13,4,9,6,247.5,0,0
12,13,4,9,7,292.5,0,0
12,13,4,9,8,337.5,0,0
12,13,4,10,1,22.5,0,0
12,13,4,10,2,67.5,0,0
12,13,4,10,3,112.5,0,0
12,13,4,10,4,157.5,0,0
12,13,4,10,5,202.5,0,0
12,13,4,10,6,247.5,0,0
12,13,4,10,7,292.5,0,0
12,13,4,10,8,337.5,0,0
12,13,4,11,1,22.5,0,0
12,13,4,11,2,67.5,0,0
12,13,4,11,3,112.5,0,0
12,13,4,11,4,157.5,0,0
12,13,4,11,5,202.5,0,0
12,13,4,11,6,247.5,0,0
12,13,4,11,7,292.5,0,0
12,13,4,11,8,337.5,0,0
12,13,5,1,1,22.5,1859.47,63.5303
12,13,5,1,2,67.5,2199.8,55.0902
12,13,5,1,3,112.5,2692.75,63.299
12,13,5,1,4,157.5,2959.64,65.406
12,13,5,1,5,202.5,2531.98,61.3267
12,13,5,1,6,247.5,1781.97,50.095
12,13,5,1,7,292.5,1372.6,42.9165
12,13,5,1,8,337.5,1658.56,48.3867
12,13,5,2,1,22.5,670.694,30.5779
12,13,5,2,2,67.5,764.25,32.7955
12,13,5,2,3,112.5,1514.53,44.2094
12,13,5,2,4,157.5,1857.1,49.1609
12,13,5,2,5,202.5,1385.02,43.848
12,13,5,2,6,247.5,771.885,32.944
12,13,5,2,7,292.5,344.621,21.8406
12,13,5,2,8,337.5,473.188,25.2207
12,13,5,3,1,22.5,203.613,16.7492
12,13,5,3,2,67.5,300.25,20.5941
12,13,5,3,3,112.5,791.839,32.1069
12,13,5,3,4,157.5,1026.4,34.9682
12,13,5,3,5,202.5,759.796,39.0461
12,13,5,3,6,247.5,416.171,22.4949
12,13,5,3,7,292.5,271.351,18.9637
12,13,5,3,8,337.5,189.559,15.8169
12,13,5,4,1,22.5,76.2756,13.5607
12,13,5,4,2,67.5,147.908,13.5882
12,13,5,4,3,112.5,413.095,21.7246
12,13,5,4,4,157.5,439.854,22.6178
12,13,5,4,5,202.5,382.311,21.6862
12,13,5,4,6,247.5,248.062,17.6537
12,13,5,4,7,292.5,255.712,17.4152
12,13,5,4,8,337.5,102.623,10.9345
12,13,5,5,1,22.5,75.996,9.65274
12,13,5,5,2,67.5,201.246,16.0656
12,13,5,5,3,112.5,336.128,19.2885
12,13,5,5,4,157.5,356.055,20.2202
12,13,5,5,5,202.5,262.466,18.252
12,13,5,5,6,247.5,279.34,17.4414
12,13,5,5,7,292.5,480.143,23.5241
12,13,5,5,8,337.5,87.95,10.0625
12,13,5,6,1,22.5,18.1802,4.67676
12,13,5,6,2,67.5,128.694,11.896
12,13,5,6,3,112.5,81.3892,9.58817
12,13,5,6,4,157.5,0,0
12,13,5,6,5,202.5,44.0215,6.95045
12,13,5,6,6,247.5,117.434,12.2108
12,13,5,6,7,292.5,193.674,14.4301
12,13,5,6,8,337.5,0,0
12,13,5,7,1,22.5,0,0
12,13,5,7,2,67.5,29.1941,6.2391
12,13,5,7,3,112.5,0,0
12,13,5,7,4,157.5,0,0
12,13,5,7,5,202.5,0,0
12,13,5,7,6,247.5,33.3393,6.42344
12,13,5,7,7,292.5,49.9657,7.90541
12,13,5,7,8,337.5,0,0
12,13,5,8,1,22.5,0,0
12,13,5,8,2,67.5,0,0
12,13,5,8,3,112.5,0,0
12,13,5,8,4,157.5,0,0
12,13,5,8,5,202.5,0,0
12,13,5,8,6,247.5,0,0
12,13,5,8,7,292.5,0,0
12,13,5,8,8,337.5,0,0
12,13,5,9,1,22.5,0,0
12,13,5,9,2,67.5,0,0
12,13,5,9,3,112.5,0,0
12,13,5,9,4,157.5,0,0
12,13,5,9,5,202.5,0,0
12,13,5,9,6,247.5,0,0
12,13,5,9,7,292.5,0,0
12,13,5,9,8,337.5,0,0
12,13,5,10,1,22.5,0,0
12,13,5,10,2,67.5,0,0
12,13,5,10,3,112.5,0,0
12,13,5,10,4,157.5,0,0
12,13,5,10,5,202.5,0,0
12,13,5,10,6,247.5,0,0
12,13,5,10,7,292.5,0,0
12,13,5,10,8,337.5,0,0
12,13,5,11,1,22.5,0,0
12,13,5,11,2,67.5,0,0
12,13,5,11,3,112.5,0,0
12,13,5,11,4,157.5,0,0
12,13,5,11,5,202.5,0,0
12,13,5,11,6,247.5,0,0
12,13,5,11,7,292.5,0,0
12,13,5,11,8,337.5,0,0
12,13,6,1,1,22.5,552.351,31.091
12,13,6,1,2,67.5,646.024,27.9851
12,13,6,1,3,112.5,796.178,31.0986
12,13,6,1,4,157.5,848.542,32.1503
12,13,6,1,5,202.5,699.42,29.4463
12,13,6,1,6,247.5,530.289,25.7516
12,13,6,1,7,292.5,459.268,24.0672
12,13,6,1,8,337.5,474.738,23.9259
12,13,6,2,1,22.5,226.594,15.6938
12,13,6,2,2,67.5,223.378,15.7861
12,13,6,2,3,112.5,421.706,22.3135
12,13,6,2,4,157.5,544.507,24.3698
12,13,6,2,5,202.5,366.633,23.6924
12,13,6,2,6,247.5,202.849,15.1512
12,13,6,2,7,292.5,93.7051,10.5012
12,13,6,2,8,337.5,130.538,12.0859
12,13,6,3,1,22.5,70.339,9.48136
12,13,6,3,2,67.5,84.9477,9.61814
12,13,6,3,3,112.5,205.093,14.8643
12,13,6,3,4,157.5,268.816,17.746
12,13,6,3,5,202.5,239.941,17.0288
12,13,6,3,6,247.5,77.3246,9.47235
12,13,6,3,7,292.5,25.1086,5.61303
12,13,6,3,8,337.5,20.7018,5.60262
12,13,6,4,1,22.5,0,0
12,13,6,4,2,67.5,17.4779,4.6843
12,13,6,4,3,112.5,69.3121,8.74675
12,13,6,4,4,157.5,123.512,11.6527
12,13,6,4,5,202.5,101.014,10.6213
12,13,6,4,6,247.5,34.39,6.31944
12,13,6,4,7,292.5,0,0
12,13,6,4,8,337.5,0,0
12,13,6,5,1,22.5,0,0
12,13,6,5,2,67.5,0,0
12,13,6,5,3,112.5,35.3795,6.64065
12,13,6,5,4,157.5,94.838,10.0649
12,13,6,5,5,202.5,68.5498,8.98716
12,13,6,5,6,247.5,13.0344,3.99765
12,13,6,5,7,292.5,27.9372,5.57188
12,13,6,5,8,337.5,0,0
12,13,6,6,1,22.5,0,0
12,13,6,6,2,67.5,0,0
12,13,6,6,3,112.5,0,0
12,13,6,6,4,157.5,0,0
12,13,6,6,5,202.5,0,0
12,13,6,6,6,247.5,0,0
12,13,6,6,7,292.5,0,0
12,13,6,6,8,337.5,0,0
12,13,6,7,1,22.5,0,0
12,13,6,7,2,67.5,0,0
12,13,6,7,3,112.5,0,0
12,13,6,7,4,157.5,0,0
12,13,6,7,5,202.5,0,0
12,13,6,7,6,247.5,0,0
12,13,6,7,7,292.5,0,0
12,13,6,7,8,337.5,0,0
12,13,6,8,1,22.5,0,0
12,13,6,8,2,67.5,0,0
12,13,6,8,3,112.5,0,0
12,13,6,8,4,157.5,0,0
12,13,6,8,5,202.5,0,0
12,13,6,8,6,247.5,0,0
12,13,6,8,7,292.5,0,0
12,13,6,8,8,337.5,0,0
12,13,6,9,1,22.5,0,0
12,13,6,9,2,67.5,0,0
12,13,6,9,3,112.5,0,0
12,13,6,9,4,157.5,0,0
12,13,6,9,5,202.5,0,0
12,13,6,9,6,247.5,0,0
12,13,6,9,7,292.5,0,0
12,13,6,9,8,337.5,0,0
12,13,6,10,1,22.5,0,0
12,13,6,10,2,67.5,0,0
12,13,6,10,3,112.5,0,0
12,13,6,10,4,157.5,0,0
12,13,6,10,5,202.5,0,0
12,13,6,10,6,247.5,0,0
12,13,6,10,7,292.5,0,0
12,13,6,10,8,337.5,0,0
12,13,6,11,1,22.5,0,0
12,13,6,11,2,67.5,0,0
12,13,6,11,3,112.5,0,0
12,13,6,11,4,157.5,0,0
12,13,6,11,5,202.5,0,0
12,13,6,11,6,247.5,0,0
12,13,6,11,7,292.5,0,0
12,13,6,11,8,337.5,0,0
12,13,7,1,1,22.5,15.9649,4.30098
12,13,7,1,2,67.5,0,0
12,13,7,1,3,112.5,18.8537,4.70871
12,13,7,1,4,157.5,0,0
12,13,7,1,5,202.5,0,0
12,13,7,1,6,247.5,0,0
12,13,7,1,7,292.5,0,0
12,13,7,1,8,337.5,0,0
12,13,7,2,1,22.5,0,0
12,13,7,2,2,67.5,0,0
12,13,7,2,3,112.5,0,0
12,13,7,2,4,157.5,0,0
12,13,7,2,5,202.5,0,0
12,13,7,2,6,247.5,0,0
12,13,7,2,7,292.5,0,0
12,13,7,2,8,337.5,0,0
12,13,7,3,1,22.5,0,0
12,13,7,3,2,67.5,0,0
12,13,7,3,3,112.5,0,0
12,13,7,3,4,157.5,0,0
12,13,7,3,5,202.5,0,0
12,13,7,3,6,247.5,0,0
12,13,7,3,7,292.5,0,0
12,13,7,3,8,337.5,0,0
12,13,7,4,1,22.5,0,0
12,13,7,4,2,67.5,0,0
12,13,7,4,3,112.5,0,0
12,13,7,4,4,157.5,0,0
12,13,7,4,5,202.5,0,0
12,13,7,4,6,247.5,0,0
12,13,7,4,7,292.5,0,0
12,13,7,4,8,337.5,0,0
12,13,7,5,1,22.5,0,0
12,13,7,5,2,67.5,0,0
12,13,7,5,3,112.5,0,0
12,13,7,5,4,157.5,0,0
12,13,7,5,5,202.5,0,0
12,13,7,5,6,247.5,0,0
12,13,7,5,7,292.5,0,0
12,13,7,5,8,337.5,0,0
12,13,7,6,1,22.5,0,0
12,13,7,6,2,67.5,0,0
12,13,7,6,3,112.5,0,0
12,13,7,6,4,157.5,0,0
12,13,7,6,5,202.5,0,0
12,13,7,6,6,247.5,0,0
12,13,7,6,7,292.5,0,0
12,13,7,6,8,337.5,0,0
12,13,7,7,1,22.5,0,0
12,13,7,7,2,67.5,0,0
12,13,7,7,3,112.5,0,0
12,13,7,7,4,157.5,0,0
12,13,7,7,5,202.5,0,0
12,13,7,7,6,247.5,0,0
12,13,7,7,7,292.5,0,0
12,13,7,7,8,337.5,0,0
12,13,7,8,1,22.5,0,0
12,13,7,8,2,67.5,0,0
12,13,7,8,3,112.5,0,0
12,13,7,8,4,157.5,0,0
12,13,7,8,5,202.5,0,0
12,13,7,8,6,247.5,0,0
12,13,7,8,7,292.5,0,0
12,13,7,8,8,337.5,0,0
12,13,7,9,1,22.5,0,0
12,13,7,9,2,67.5,0,0
12,13,7,9,3,112.5,0,0
12,13,7,9,4,157.5,0,0
12,13,7,9,5,202.5,0,0
12,13,7,9,6,247.5,0,0
12,13,7,9,7,292.5,0,0
12,13,7,9,8,337.5,0,0
12,13,7,10,1,22.5,0,0
12,13,7,10,2,67.5,0,0
12,13,7,10,3,112.5,0,0
12,13,7,10,4,157.5,0,0
12,13,7,10,5,202.5,0,0
12,13,7,10,6,247.5,0,0
12,13,7,10,7,292.5,0,0
12,13,7,10,8,337.5,0,0
12,13,7,11,1,22.5,0,0
12,13,7,11,2,67.5,0,0
12,13,7,11,3,112.5,0,0
12,13,7,11,4,157.5,0,0
12,13,7,11,5,202.5,0,0
12,13,7,11,6,247.5,0,0
12,13,7,11,7,292.5,0,0
12,13,7,11,8,337.5,0,0
12,13,8,1,1,22.5,0,0
12,13,8,1,2,67.5,0,0
12,13,8,1,3,112.5,0,0
12,13,8,1,4,157.5,0,0
12,13,8,1,5,202.5,0,0
12,13,8,1,6,247.5,0,0
12,13,8,1,7,292.5,0,0
12,13,8,1,8,337.5,0,0
12,13,8,2,1,22.5,0,0
12,13,8,2,2,67.5,0,0
12,13,8,2,3,112.5,0,0
12,13,8,2,4,157.5,0,0
12,13,8,2,5,202.5,0,0
12,13,8,2,6,247.5,0,0
12,13,8,2,7,292.5,0,0
12,13,8,2,8,337.5,0,0
12,13,8,3,1,22.5,0,0
12,13,8,3,2,67.5,0,0
12,13,8,3,3,112.5,0,0
12,13,8,3,4,157.5,0,0
12,13,8,3,5,202.5,0,0
12,13,8,3,6,247.5,0,0
12,13,8,3,7,292.5,0,0
12,13,8,3,8,337.5,0,0
12,13,8,4,1,22.5,0,0
12,13,8,4,2,67.5,0,0
12,13,8,4,3,112.5,0,0
12,13,8,4,4,157.5,0,0
12,13,8,4,5,202.5,0,0
12,13,8,4,6,247.5,0,0
12,13,8,4,7,292.5,0,0
12,13,8,4,8,337.5,0,0
12,13,8,5,1,22.5,0,0
12,13,8,5,2,67.5,0,0
12,13,8,5,3,112.5,0,0
12,13,8,5,4,157.5,0,0
12,13,8,5,5,202.5,0,0
12,13,8,5,6,247.5,0,0
12,13,8,5,7,292.5,0,0
12,13,8,5,8,337.5,0,0
12,13,8,6,1,22.5,0,0
12,13,8,6,2,67.5,0,0
12,13,8,6,3,112.5,0,0
12,13,8,6,4,157.5,0,0
12,13,8,6,5,202.5,0,0
12,13,8,6,6,247.5,0,0
12,13,8,6,7,292.5,0,0
12,13,8,6,8,337.5,0,0
12,13,8,7,1,22.5,0,0
12,13,8,7,2,67.5,0,0
12,13,8,7,3,112.5,0,0
12,13,8,7,4,157.5,0,0
12,13,8,7,5,202.5,0,0
12,13,8,7,6,247.5,0,0
12,13,8,7,7,292.5,0,0
12,13,8,7,8,337.5,0,0
12,13,8,8,1,22.5,0,0
12,13,8,8,2,67.5,0,0
12,13,8,8,3,112.5,0,0
12,13,8,8,4,157.5,0,0
12,13,8,8,5,202.5,0,0
12,13,8,8,6,247.5,0,0
12,13,8,8,7,292.5,0,0
12,13,8,8,8,337.5,0,0
12,13,8,9,1,22.5,0,0
12,13,8,9,2,67.5,0,0
12,13,8,9,3,112.5,0,0
12,13,8,9,4,157.5,0,0
12,13,8,9,5,202.5,0,0
12,13,8,9,6,247.5,0,0
12,13,8,9,7,292.5,0,0
12,13,8,9,8,337.5,0,0
12,13,8,10,1,22.5,0,0
12,13,8,10,2,67.5,0,0
12,13,8,10,3,112.5,0,0
12,13,8,10,4,157.5,0,0
12,13,8,10,5,202.5,0,0
12,13,8,10,6,247.5,0,0
12,13,8,10,7,292.5,0,0
12,13,8,10,8,337.5,0,0
12,13,8,11,1,22.5,0,0
12,13,8,11,2,67.5,0,0
12,13,8,11,3,112.5,0,0
12,13,8,11,4,157.5,0,0
12,13,8,11,5,202.5,0,0
12,13,8,11,6,247.5,0,0
12,13,8,11,7,292.5,0,0
12,13,8,11,8,337.5,0,0
13,14,1,1,1,22.5,0,0
13,14,1,1,2,67.5,2727.44,174.063
13,14,1,1,3,112.5,3737.39,232.493
13,14,1,1,4,157.5,2355.54,252.932
13,14,1,1,5,202.5,2929.31,179.509
13,14,1,1,6,247.5,3276.62,168.556
13,14,1,1,7,292.5,1550.63,183.822
13,14,1,1,8,337.5,0,0
13,14,1,2,1,22.5,234.559,50.7993
13,14,1,2,2,67.5,1918.58,94.1438
13,14,1,2,3,112.5,2745.3,174.104
13,14,1,2,4,157.5,4532.52,165.68
13,14,1,2,5,202.5,3335.71,240.301
13,14,1,2,6,247.5,3322.27,259.992
13,14,1,2,7,292.5,2588.81,101.865
13,14,1,2,8,337.5,225.762,33.4813
13,14,1,3,1,22.5,1007.27,45.1817
13,14,1,3,2,67.5,2063.36,81.2988
13,14,1,3,3,112.5,2312.16,90.9799
13,14,1,3,4,157.5,2577.73,155.316
13,14,1,3,5,202.5,2020.13,88.7545
13,14,1,3,6,247.5,3174.82,106.832
13,14,1,3,7,292.5,1972.64,108.169
13,14,1,3,8,337.5,813.831,51.7623
13,14,1,4,1,22.5,571.436,38.5219
13,14,1,4,2,67.5,1454.25,58.468
13,14,1,4,3,112.5,1503.47,65.3022
13,14,1,4,4,157.5,1194.64,56.1975
13,14,1,4,5,202.5,887.263,54.0548
13,14,1,4,6,247.5,1889.65,107.815
13,14,1,4,7,292.5,1121.62,58.9392
13,14,1,4,8,337.5,648.873,41.6743
13,14,1,5,1,22.5,426.753,28.3689
13,14,1,5,2,67.5,976.857,44.6856
13,14,1,5,3,112.5,1011.43,43.5488
13,14,1,5,4,157.5,539.742,37.7949
13,14,1,5,5,202.5,475.66,34.0991
13,14,1,5,6,247.5,1105.58,48.4601
13,14,1,5,7,292.5,908.605,40.9695
13,14,1,5,8,337.5,501.044,31.3655
13,14,1,6,1,22.5,0,0
13,14,1,6,2,67.5,36.3412,6.285
13,14,1,6,3,112.5,33.8402,7.83346
13,14,1,6,4,157.5,0,0
13,14,1,6,5,202.5,0,0
13,14,1,6,6,247.5,0,0
13,14,1,6,7,292.5,0,0
13,14,1,6,8,337.5,15.3445,7.12834
13,14,1,7,1,22.5,0,0
13,14,1,7,2,67.5,0,0
13,14,1,7,3,112.5,0,0
13,14,1,7,4,157.5,0,0
13,14,1,7,5,202.5,0,0
13,14,1,7,6,247.5,0,0
13,14,1,7,7,292.5,0,0
13,14,1,7,8,337.5,0,0
13,14,1,8,1,22.5,0,0
13,14,1,8,2,67.5,0,0
13,14,1,8,3,112.5,0,0
13,14,1,8,4,157.5,0,0
13,14,1,8,5,202.5,0,0
13,14,1,8,6,247.5,0,0
13,14,1,8,7,292.5,0,0
13,14,1,8,8,337.5,0,0
13,14,1,9,1,22.5,0,0
13,14,1,9,2,67.5,0,0
13,14,1,9,3,112.5,0,0
13,14,1,9,4,157.5,0,0
13,14,1,9,5,202.5,0,0
13,14,1,9,6,247.5,0,0
13,14,1,9,7,292.5,0,0
13,14,1,9,8,337.5,0,0
13,14,1,10,1,22.5,0,0
13,14,1,10,2,67.5,0,0
13,14,1,10,3,112.5,0,0
13,14,1,10,4,157.5,0,0
13,14,1,10,5,202.5,0,0
13,14,1,10,6,247.5,0,0
13,14,1,10,7,292.5,0,0
13,14,1,10,8,337.5,0,0
13,14,1,11,1,22.5,0,0
13,14,1,11,2,67.5,0,0
13,14,1,11,3,112.5,0,0
13,14,1,11,4,157.5,0,0
13,14,1,11,5,202.5,0,0
13,14,1,11,6,247.5,0,0
13,14,1,11,7,292.5,0,0
13,14,1,11,8,337.5,0,0
13,14,2,1,1,22.5,654.251,70.8214
13,14,2,1,2,67.5,3970.2,147.761
13,14,2,1,3,112.5,4342.03,239.168
13,14,2,1,4,157.5,5758.52,282.13
13,14,2,1,5,202.5,4526.84,174.65
13,14,2,1,6,247.5,3459.54,148.105
13,14,2,1,7,292.5,3801.32,153.776
13,14,2,1,8,337.5,1136.16,125.612
13,14,2,2,1,22.5,160.727,23.9726
13,14,2,2,2,67.5,2378.81,98.7296
13,14,2,2,3,112.5,4206.62,123.84
13,14,2,2,4,157.5,8980.89,270.11
13,14,2,2,5,202.5,6351.02,191.641
13,14,2,2,6,247.5,4979.67,194.372
13,14,2,2,7,292.5,2271.55,98.0967
13,14,2,2,8,337.5,212.392,36.2573
13,14,2,3,1,22.5,604.366,40.1567
13,14,2,3,2,67.5,2748.09,74.6255
13,14,2,3,3,112.5,4004.81,123.546
13,14,2,3,4,157.5,7625.94,211.349
13,14,2,3,5,202.5,5104.77,131.178
13,14,2,3,6,247.5,5770.08,129.784
13,14,2,3,7,292.5,3289.98,92.0838
13,14,2,3,8,337.5,564.775,40.4088
13,14,2,4,1,22.5,1010.39,38.5052
13,14,2,4,2,67.5,2968.7,73.5165
13,14,2,4,3,112.5,3582.89,83.66
13,14,2,4,4,157.5,5781.22,166.675
13,14,2,4,5,202.5,3967.61,108.73
13,14,2,4,6,247.5,5018.54,103.67
13,14,2,4,7,292.5,2815.26,76.7524
13,14,2,4,8,337.5,791.897,42.2558
13,14,2,5,1,22.5,1717.68,67.9555
13,14,2,5,2,67.5,4781.94,87.1668
13,14,2,5,3,112.5,5203.23,94.5043
13,14,2,5,4,157.5,6761.69,161.014
13,14,2,5,5,202.5,4539.44,111.777
13,14,2,5,6,247.5,7230.08,122.593
13,14,2,5,7,292.5,3585.41,86.0987
13,14,2,5,8,337.5,1483.08,57.5587
13,14,2,6,1,22.5,941.466,40.8105
13,14,2,6,2,67.5,2477.12,62.1787
13,14,2,6,3,112.5,2710.45,66.6078
13,14,2,6,4,157.5,2706.18,67.2115
13,14,2,6,5,202.5,1845.91,58.6486
13,14,2,6,6,247.5,3363.58,76.7752
13,14,2,6,7,292.5,1959.57,53.8871
13,14,2,6,8,337.5,916.137,55.8498
13,14,2,7,1,22.5,419.784,23.8343
13,14,2,7,2,67.5,909.639,34.5641
13,14,2,7,3,112.5,1061.71,38.8766
13,14,2,7,4,157.5,878.728,35.7661
13,14,2,7,5,202.5,642.565,32.5108
13,14,2,7,6,247.5,1137.77,51.0946
13,14,2,7,7,292.5,837.742,33.8356
13,14,2,7,8,337.5,368.894,23.1732
13,14,2,8,1,22.5,219.113,17.0064
13,14,2,8,2,67.5,360.859,21.9574
13,14,2,8,3,112.5,450.642,24.7622
13,14,2,8,4,157.5,306.5,20.1534
13,14,2,8,5,202.5,255.851,18.4251
13,14,2,8,6,247.5,401.405,25.9918
13,14,2,8,7,292.5,348.914,21.119
13,14,2,8,8,337.5,188.387,15.7685
13,14,2,9,1,22.5,23.0831,5.45346
13,14,2,9,2,67.5,33.8726,6.31352
13,14,2,9,3,112.5,40.8824,7.10563
13,14,2,9,4,157.5,0,0
13,14,2,9,5,202.5,21.2488,5.95602
13,14,2,9,6,247.5,43.5933,7.11962
13,14,2,9,7,292.5,35.8486,6.42212
13,14,2,9,8,337.5,9.80041,3.27267
13,14,2,10,1,22.5,0,0
13,14,2,10,2,67.5,0,0
13,14,2,10,3,112.5,0,0
13,14,2,10,4,157.5,0,0
13,14,2,10,5,202.5,0,0
13,14,2,10,6,247.5,0,0
13,14,2,10,7,292.5,0,0
13,14,2,10,8,337.5,0,0
13,14,2,11,1,22.5,0,0
13,14,2,11,2,67.5,0,0
13,14,2,11,3,112.5,0,0
13,14,2,11,4,157.5,0,0
13,14,2,11,5,202.5,0,0
13,14,2,11,6,247.5,0,0
13,14,2,11,7,292.5,0,0
13,14,2,11,8,337.5,0,0
13,14,3,1,1,22.5,407.292,29.6464
13,14,3,1,2,67.5,1182.86,98.0303
13,14,3,1,3,112.5,2708.38,141.58
13,14,3,1,4,157.5,4126.85,114.57
13,14,3,1,5,202.5,3143.81,140.532
13,14,3,1,6,247.5,1031.61,57.8065
13,14,3,1,7,292.5,1239.88,83.7537
13,14,3,1,8,337.5,614.964,49.8636
13,14,3,2,1,22.5,137.744,16.4506
13,14,3,2,2,67.5,819.054,50.7934
13,14,3,2,3,112.5,2726.78,70.6025
13,14,3,2,4,157.5,5784.03,119.446
13,14,3,2,5,202.5,3414.36,96.4246
13,14,3,2,6,247.5,2018.18,89.7252
13,14,3,2,7,292.5,929.685,47.8272
13,14,3,2,8,337.5,128.205,16.5503
13,14,3,3,1,22.5,45.547,7.89753
13,14,3,3,2,67.5,967.153,61.4386
13,14,3,3,3,112.5,2155.76,63.2967
13,14,3,3,4,157.5,5672.39,105.407
13,14,3,3,5,202.5,3074.51,87.8329
13,14,3,3,6,247.5,2767.42,78.2859
13,14,3,3,7,292.5,1345,54.665
13,14,3,3,8,337.5,71.6358,9.68333
13,14,3,4,1,22.5,88.0158,10.8555
13,14,3,4,2,67.5,1179.35,47.7854
13,14,3,4,3,112.5,1899.29,59.1954
13,14,3,4,4,157.5,4765.33,99.8672
13,14,3,4,5,202.5,2762.08,73.972
13,14,3,4,6,247.5,3038.76,75.3059
13,14,3,4,7,292.5,1502.72,54.7715
13,14,3,4,8,337.5,151.168,13.8271
13,14,3,5,1,22.5,278.09,21.9373
13,14,3,5,2,67.5,2780.3,66.6515
13,14,3,5,3,112.5,3159.21,72.9389
13,14,3,5,4,157.5,7348.74,116.164
13,14,3,5,5,202.5,4578.91,92.4712
13,14,3,5,6,247.5,5240.49,90.4416
13,14,3,5,7,292.5,2429.07,59.6214
13,14,3,5,8,337.5,259.7,18.5231
13,14,3,6,1,22.5,305.601,20.63
13,14,3,6,2,67.5,2371.44,55.2575
13,14,3,6,3,112.5,2244.77,67.9302
13,14,3,6,4,157.5,4616.55,104.403
13,14,3,6,5,202.5,2698.26,81.8979
13,14,3,6,6,247.5,3723.27,73.126
13,14,3,6,7,292.5,1512.06,46.7674
13,14,3,6,8,337.5,321.889,21.1964
13,14,3,7,1,22.5,272.282,20.9794
13,14,3,7,2,67.5,1368.86,41.1297
13,14,3,7,3,112.5,1622.07,45.5086
13,14,3,7,4,157.5,2667.03,62.8175
13,14,3,7,5,202.5,1672.96,51.4247
13,14,3,7,6,247.5,2391.03,57.1398
13,14,3,7,7,292.5,952.521,35.1109
13,14,3,7,8,337.5,242.859,22.9497
13,14,3,8,1,22.5,327.366,20.7146
13,14,3,8,2,67.5,1216.4,37.7066
13,14,3,8,3,112.5,1252.5,38.9756
13,14,3,8,4,157.5,1943.54,52.5151
13,14,3,8,5,202.5,1246.86,42.217
13,14,3,8,6,247.5,1788.19,50.7491
13,14,3,8,7,292.5,815.532,32.195
13,14,3,8,8,337.5,312.36,21.3645
13,14,3,9,1,22.5,182.205,14.74
13,14,3,9,2,67.5,466.152,23.0505
13,14,3,9,3,112.5,603.824,26.3356
13,14,3,9,4,157.5,680.116,29.0725
13,14,3,9,5,202.5,523.393,26.247
13,14,3,9,6,247.5,697.298,29.5963
13,14,3,9,7,292.5,370.989,21.1233
13,14,3,9,8,337.5,197.74,15.9271
13,14,3,10,1,22.5,88.2693,9.94356
13,14,3,10,2,67.5,175.55,13.8654
13,14,3,10,3,112.5,223.816,15.9956
13,14,3,10,4,157.5,257.583,17.1199
13,14,3,10,5,202.5,169.828,14.0588
13,14,3,10,6,247.5,233.967,17.0926
13,14,3,10,7,292.5,149.828,13.1325
13,14,3,10,8,337.5,55.0009,8.62684
13,14,3,11,1,22.5,17.5638,5.16565
13,14,3,11,2,67.5,34.9354,6.38966
13,14,3,11,3,112.5,33.0552,6.2226
13,14,3,11,4,157.5,56.6264,7.94607
13,14,3,11,5,202.5,26.6405,5.54567
13,14,3,11,6,247.5,45.7323,7.40048
13,14,3,11,7,292.5,0,0
13,14,3,11,8,337.5,0,0
13,14,4,1,1,22.5,188.004,25.2578
13,14,4,1,2,67.5,515.279,35.9389
13,14,4,1,3,112.5,1762.8,63.4887
13,14,4,1,4,157.5,2715.1,75.7775
13,14,4,1,5,202.5,1912.53,63.8203
13,14,4,1,6,247.5,547.489,36.7408
13,14,4,1,7,292.5,269.943,42.422
13,14,4,1,8,337.5,130.888,16.8249
13,14,4,2,1,22.5,43.3202,8.06401
13,14,4,2,2,67.5,210.564,23.1647
13,14,4,2,3,112.5,1847.22,59.6059
13,14,4,2,4,157.5,3404.87,96.7493
13,14,4,2,5,202.5,2039.87,78.0603
13,14,4,2,6,247.5,593.888,36.3426
13,14,4,2,7,292.5,333.963,28.2103
13,14,4,2,8,337.5,45.3442,8.5606
13,14,4,3,1,22.5,17.9645,5.37899
13,14,4,3,2,67.5,122.195,19.7745
13,14,4,3,3,112.5,1487.95,49.7416
13,14,4,3,4,157.5,3297.96,73.018
13,14,4,3,5,202.5,1842.97,57.1557
13,14,4,3,6,247.5,969.332,42.4217
13,14,4,3,7,292.5,589.932,32.0681
13,14,4,3,8,337.5,8.91201,4.03373
13,14,4,4,1,22.5,0,0
13,14,4,4,2,67.5,268.503,22.1999
13,14,4,4,3,112.5,1157.34,42.1761
13,14,4,4,4,157.5,2960.08,67.6968
13,14,4,4,5,202.5,1650.46,51.313
13,14,4,4,6,247.5,1367.58,48.0693
13,14,4,4,7,292.5,704.725,34.0088
13,14,4,4,8,337.5,0,0
13,14,4,5,1,22.5,9.47767,3.61362
13,14,4,5,2,67.5,948.038,37.7846
13,14,4,5,3,112.5,1803.55,52.5183
13,14,4,5,4,157.5,4691.04,82.7929
13,14,4,5,5,202.5,2590.9,79.0302
13,14,4,5,6,247.5,2477.45,72.0394
13,14,4,5,7,292.5,1467.62,46.2717
13,14,4,5,8,337.5,0,0
13,14,4,6,1,22.5,24.6523,5.93212
13,14,4,6,2,67.5,1146.02,39.3692
13,14,4,6,3,112.5,1293.19,40.6294
13,14,4,6,4,157.5,3440.1,70.4722
13,14,4,6,5,202.5,2054.8,53.2902
13,14,4,6,6,247.5,2164.22,54.2247
13,14,4,6,7,292.5,1146.91,38.4207
13,14,4,6,8,337.5,27.2091,6.32852
13,14,4,7,1,22.5,26.2615,8.59242
13,14,4,7,2,67.5,939.604,34.4666
13,14,4,7,3,112.5,1038.28,36.0753
13,14,4,7,4,157.5,2287.68,64.5691
13,14,4,7,5,202.5,1454.57,42.6679
13,14,4,7,6,247.5,1589.04,46.8264
13,14,4,7,7,292.5,763.913,31.1032
13,14,4,7,8,337.5,35.909,6.70171
13,14,4,8,1,22.5,57.4547,9.07728
13,14,4,8,2,67.5,884.938,32.4961
13,14,4,8,3,112.5,1038.14,34.9179
13,14,4,8,4,157.5,2118.33,52.7328
13,14,4,8,5,202.5,1337.97,43.4779
13,14,4,8,6,247.5,1517.49,43.6509
13,14,4,8,7,292.5,636.053,27.6017
13,14,4,8,8,337.5,79.6427,10.3384
13,14,4,9,1,22.5,71.8414,9.07489
13,14,4,9,2,67.5,497.045,23.6391
13,14,4,9,3,112.5,591.09,26.0914
13,14,4,9,4,157.5,1116,35.9857
13,14,4,9,5,202.5,735.765,29.8966
13,14,4,9,6,247.5,883.119,33.4733
13,14,4,9,7,292.5,333.654,19.4093
13,14,4,9,8,337.5,92.2157,10.4825
13,14,4,10,1,22.5,76.8088,9.55223
13,14,4,10,2,67.5,277.033,17.378
13,14,4,10,3,112.5,390.563,20.5894
13,14,4,10,4,157.5,637.172,26.499
13,14,4,10,5,202.5,452.419,22.7837
13,14,4,10,6,247.5,520.228,24.8462
13,14,4,10,7,292.5,196.749,14.7117
13,14,4,10,8,337.5,74.1935,9.72685
13,14,4,11,1,22.5,45.9297,7.41241
13,14,4,11,2,67.5,141.374,12.4359
13,14,4,11,3,112.5,196.643,14.7458
13,14,4,11,4,157.5,395.501,20.4261
13,14,4,11,5,202.5,205.924,15.7003
13,14,4,11,6,247.5,243.351,16.6145
13,14,4,11,7,292.5,138.25,12.2582
13,14,4,11,8,337.5,50.5554,7.64392
13,14,5,1,1,22.5,211.321,22.4394
13,14,5,1,2,67.5,493.813,29.3926
13,14,5,1,3,112.5,1183.2,43.5811
13,14,5,1,4,157.5,1558.58,50.5212
13,14,5,1,5,202.5,1225.13,52.1533
13,14,5,1,6,247.5,551.37,32.1998
13,14,5,1,7,292.5,253.07,20.9672
13,14,5,1,8,337.5,156.475,17.9349
13,14,5,2,1,22.5,0,0
13,14,5,2,2,67.5,250.286,21.7904
13,14,5,2,3,112.5,1234.39,51.0056
13,14,5,2,4,157.5,1867.16,63.3615
13,14,5,2,5,202.5,1278.93,43.3802
13,14,5,2,6,247.5,367.713,24.438
13,14,5,2,7,292.5,110.39,15.6259
13,14,5,2,8,337.5,0,0
13,14,5,3,1,22.5,0,0
13,14,5,3,2,67.5,139.513,14.2447
13,14,5,3,3,112.5,1083.31,38.9138
13,14,5,3,4,157.5,1747.61,59.4788
13,14,5,3,5,202.5,1188.78,41.04
13,14,5,3,6,247.5,429.337,26.4668
13,14,5,3,7,292.5,235.065,20.8121
13,14,5,3,8,337.5,0,0
13,14,5,4,1,22.5,0,0
13,14,5,4,2,67.5,58.2369,9.40125
13,14,5,4,3,112.5,841.233,34.0007
13,14,5,4,4,157.5,1764.52,49.3819
13,14,5,4,5,202.5,1028.72,38.2904
13,14,5,4,6,247.5,561.829,28.2999
13,14,5,4,7,292.5,347.448,22.3592
13,14,5,4,8,337.5,0,0
13,14,5,5,1,22.5,0,0
13,14,5,5,2,67.5,274.788,19.6958
13,14,5,5,3,112.5,1248.42,41.4452
13,14,5,5,4,157.5,3025.81,64.6207
13,14,5,5,5,202.5,1658.1,46.9257
13,14,5,5,6,247.5,1226.6,40.5684
13,14,5,5,7,292.5,769.849,33.0806
13,14,5,5,8,337.5,0,0
13,14,5,6,1,22.5,0,0
13,14,5,6,2,67.5,451.472,23.9863
13,14,5,6,3,112.5,876.729,32.2196
13,14,5,6,4,157.5,2202.76,53.0659
13,14,5,6,5,202.5,1314.44,41.7239
13,14,5,6,6,247.5,1230.91,39.8139
13,14,5,6,7,292.5,750.552,30.7949
13,14,5,6,8,337.5,0,0
13,14,5,7,1,22.5,0,0
13,14,5,7,2,67.5,513.685,24.7925
13,14,5,7,3,112.5,630.201,27.4162
13,14,5,7,4,157.5,1758.34,46.4442
13,14,5,7,5,202.5,1053.52,36.0384
13,14,5,7,6,247.5,982.549,39.2751
13,14,5,7,7,292.5,614.944,27.3293
13,14,5,7,8,337.5,0,0
13,14,5,8,1,22.5,0,0
13,14,5,8,2,67.5,603.386,29.6272
13,14,5,8,3,112.5,716.288,28.9013
13,14,5,8,4,157.5,1594.29,50.0738
13,14,5,8,5,202.5,1043.46,35.9373
13,14,5,8,6,247.5,1074.79,35.6756
13,14,5,8,7,292.5,526.825,25.2775
13,14,5,8,8,337.5,0,0
13,14,5,9,1,22.5,0,0
13,14,5,9,2,67.5,375.569,20.6736
13,14,5,9,3,112.5,421.109,21.6128
13,14,5,9,4,157.5,1046.63,35.6388
13,14,5,9,5,202.5,617.352,27.1274
13,14,5,9,6,247.5,626.159,27.6797
13,14,5,9,7,292.5,275.904,18.7239
13,14,5,9,8,337.5,17.9881,5.17015
13,14,5,10,1,22.5,0,0
13,14,5,10,2,67.5,277.101,17.178
13,14,5,10,3,112.5,314.644,18.2301
13,14,5,10,4,157.5,734.194,29.4627
13,14,5,10,5,202.5,470.852,25.1398
13,14,5,10,6,247.5,467.312,22.6488
13,14,5,10,7,292.5,171.488,13.6281
13,14,5,10,8,337.5,29.4387,5.86272
13,14,5,11,1,22.5,29.2702,5.74953
13,14,5,11,2,67.5,143.251,12.5302
13,14,5,11,3,112.5,203.24,14.8483
13,14,5,11,4,157.5,448.161,23.531
13,14,5,11,5,202.5,316.4,18.5697
13,14,5,11,6,247.5,274.991,17.5999
13,14,5,11,7,292.5,102.927,10.5853
13,14,5,11,8,337.5,40.1165,6.91071
13,14,6,1,1,22.5,173.406,16.0519
13,14,6,1,2,67.5,408.245,24.6931
13,14,6,1,3,112.5,733.404,37.1145
13,14,6,1,4,157.5,967.317,37.0457
13,14,6,1,5,202.5,839.751,37.9458
13,14,6,1,6,247.5,443.639,25.4254
13,14,6,1,7,292.5,234.831,18.7409
13,14,6,1,8,337.5,155.371,14.6531
13,14,6,2,1,22.5,26.5012,5.73676
13,14,6,2,2,67.5,296.157,19.0645
13,14,6,2,3,112.5,891.404,34.1884
13,14,6,2,4,157.5,1105.89,44.6423
13,14,6,2,5,202.5,781.483,37.2995
13,14,6,2,6,247.5,242.653,17.4083
13,14,6,2,7,292.5,35.2127,6.75688
13,14,6,2,8,337.5,0,0
13,14,6,3,1,22.5,0,0
13,14,6,3,2,67.5,155.354,14.2578
13,14,6,3,3,112.5,754.612,30.7608
13,14,6,3,4,157.5,1120.3,43.0817
13,14,6,3,5,202.5,733.271,30.9702
13,14,6,3,6,247.5,198.683,17.5396
13,14,6,3,7,292.5,81.0188,11.4772
13,14,6,3,8,337.5,0,0
13,14,6,4,1,22.5,0,0
13,14,6,4,2,67.5,60.5013,8.52109
13,14,6,4,3,112.5,638.409,32.1736
13,14,6,4,4,157.5,1111.83,37.7283
13,14,6,4,5,202.5,708.153,29.6816
13,14,6,4,6,247.5,287.81,18.969
13,14,6,4,7,292.5,161.012,14.1327
13,14,6,4,8,337.5,0,0
13,14,6,5,1,22.5,0,0
13,14,6,5,2,67.5,78.1036,9.49774
13,14,6,5,3,112.5,856.195,37.1778
13,14,6,5,4,157.5,1844.37,55.1432
13,14,6,5,5,202.5,1043.07,42.053
13,14,6,5,6,247.5,647.087,28.6724
13,14,6,5,7,292.5,449.796,23.8752
13,14,6,5,8,337.5,0,0
13,14,6,6,1,22.5,0,0
13,14,6,6,2,67.5,133.115,12.9672
13,14,6,6,3,112.5,652.919,27.644
13,14,6,6,4,157.5,1440.97,46.2707
13,14,6,6,5,202.5,844.768,38.3456
13,14,6,6,6,247.5,661.463,28.1592
13,14,6,6,7,292.5,490.281,23.8355
13,14,6,6,8,337.5,0,0
13,14,6,7,1,22.5,0,0
13,14,6,7,2,67.5,230.383,15.6972
13,14,6,7,3,112.5,461.573,22.9517
13,14,6,7,4,157.5,1154.01,37.1239
13,14,6,7,5,202.5,685.678,28.5569
13,14,6,7,6,247.5,658.796,27.558
13,14,6,7,7,292.5,372.778,20.9661
13,14,6,7,8,337.5,0,0
13,14,6,8,1,22.5,0,0
13,14,6,8,2,67.5,366.101,20.1087
13,14,6,8,3,112.5,447.359,22.2568
13,14,6,8,4,157.5,1198,40.8763
13,14,6,8,5,202.5,746.592,29.2398
13,14,6,8,6,247.5,733.464,29.0164
13,14,6,8,7,292.5,409.625,21.6185
13,14,6,8,8,337.5,0,0
13,14,6,9,1,22.5,0,0
13,14,6,9,2,67.5,241.714,16.0208
13,14,6,9,3,112.5,304.002,18.1111
13,14,6,9,4,157.5,685.129,29.8475
13,14,6,9,5,202.5,472.741,22.4339
13,14,6,9,6,247.5,468.02,22.6518
13,14,6,9,7,292.5,223.487,15.5866
13,14,6,9,8,337.5,0,0
13,14,6,10,1,22.5,0,0
13,14,6,10,2,67.5,181.064,14.0536
13,14,6,10,3,112.5,202.21,14.6696
13,14,6,10,4,157.5,531.111,24.6237
13,14,6,10,5,202.5,333.551,18.8419
13,14,6,10,6,247.5,343.324,19.0331
13,14,6,10,7,292.5,125.839,11.5379
13,14,6,10,8,337.5,0,0
13,14,6,11,1,22.5,0,0
13,14,6,11,2,67.5,74.0796,9.27731
13,14,6,11,3,112.5,95.9881,10.1056
13,14,6,11,4,157.5,226.04,15.6214
13,14,6,11,5,202.5,161.355,13.1227
13,14,6,11,6,247.5,166.174,13.2419
13,14,6,11,7,292.5,49.6867,7.43804
13,14,6,11,8,337.5,0,0
13,14,7,1,1,22.5,182.042,15.7888
13,14,7,1,2,67.5,280.28,21.1706
13,14,7,1,3,112.5,463.177,26.674
13,14,7,1,4,157.5,600.213,31.3222
13,14,7,1,5,202.5,529.119,25.4206
13,14,7,1,6,247.5,316.917,21.844
13,14,7,1,7,292.5,170.03,14.581
13,14,7,1,8,337.5,171.591,15.0028
13,14,7,2,1,22.5,61.9531,8.25788
13,14,7,2,2,67.5,204.538,15.7833
13,14,7,2,3,112.5,596.52,26.9992
13,14,7,2,4,157.5,667.166,31.7645
13,14,7,2,5,202.5,504.175,25.0093
13,14,7,2,6,247.5,184.876,15.1875
13,14,7,2,7,292.5,38.0921,6.6631
13,14,7,2,8,337.5,0,0
13,14,7,3,1,22.5,14.1186,4.31712
13,14,7,3,2,67.5,145.419,13.2535
13,14,7,3,3,112.5,509.014,24.5005
13,14,7,3,4,157.5,668.657,31.6349
13,14,7,3,5,202.5,497.068,24.01
13,14,7,3,6,247.5,126.043,12.6644
13,14,7,3,7,292.5,25.6082,5.69384
13,14,7,3,8,337.5,0,0
13,14,7,4,1,22.5,0,0
13,14,7,4,2,67.5,82.6468,10.5591
13,14,7,4,3,112.5,456.574,22.5875
13,14,7,4,4,157.5,721.41,28.8345
13,14,7,4,5,202.5,401.854,21.6412
13,14,7,4,6,247.5,132.934,12.1191
13,14,7,4,7,292.5,78.4206,9.31163
13,14,7,4,8,337.5,0,0
13,14,7,5,1,22.5,0,0
13,14,7,5,2,67.5,69.5645,9.01558
13,14,7,5,3,112.5,616.551,26.5508
13,14,7,5,4,157.5,1080.98,38.9073
13,14,7,5,5,202.5,713.653,28.5086
13,14,7,5,6,247.5,324.205,19.9665
13,14,7,5,7,292.5,201.604,15.7695
13,14,7,5,8,337.5,0,0
13,14,7,6,1,22.5,0,0
13,14,7,6,2,67.5,35.9453,7.33526
13,14,7,6,3,112.5,400.152,23.7131
13,14,7,6,4,157.5,837.91,30.9779
13,14,7,6,5,202.5,460.214,25.412
13,14,7,6,6,247.5,269.821,19.9169
13,14,7,6,7,292.5,209.21,15.9173
13,14,7,6,8,337.5,0,0
13,14,7,7,1,22.5,0,0
13,14,7,7,2,67.5,51.4725,7.53558
13,14,7,7,3,112.5,261.691,16.589
13,14,7,7,4,157.5,580.731,25.4223
13,14,7,7,5,202.5,318.496,19.1375
13,14,7,7,6,247.5,267.545,17.1717
13,14,7,7,7,292.5,181.404,14.2701
13,14,7,7,8,337.5,0,0
13,14,7,8,1,22.5,0,0
13,14,7,8,2,67.5,96.5486,10.3645
13,14,7,8,3,112.5,219.527,15.3055
13,14,7,8,4,157.5,501.061,24.0617
13,14,7,8,5,202.5,274.917,17.5123
13,14,7,8,6,247.5,265.855,17.1972
13,14,7,8,7,292.5,146.26,12.8035
13,14,7,8,8,337.5,0,0
13,14,7,9,1,22.5,0,0
13,14,7,9,2,67.5,52.5367,7.49508
13,14,7,9,3,112.5,93.6136,9.92575
13,14,7,9,4,157.5,185.748,14.054
13,14,7,9,5,202.5,120.148,11.5524
13,14,7,9,6,247.5,128.461,11.994
13,14,7,9,7,292.5,75.7094,8.93468
13,14,7,9,8,337.5,0,0
13,14,7,10,1,22.5,0,0
13,14,7,10,2,67.5,0,0
13,14,7,10,3,112.5,48.622,7.23832
13,14,7,10,4,157.5,80.6237,9.45487
13,14,7,10,5,202.5,39.9436,6.88103
13,14,7,10,6,247.5,57.8574,7.85539
13,14,7,10,7,292.5,16.8644,4.71129
13,14,7,10,8,337.5,0,0
13,14,7,11,1,22.5,0,0
13,14,7,11,2,67.5,0,0
13,14,7,11,3,112.5,0,0
13,14,7,11,4,157.5,0,0
13,14,7,11,5,202.5,0,0
13,14,7,11,6,247.5,0,0
13,14,7,11,7,292.5,0,0
13,14,7,11,8,337.5,0,0
13,14,8,1,1,22.5,0,0
13,14,8,1,2,67.5,80.928,9.39657
13,14,8,1,3,112.5,112.493,11.3437
13,14,8,1,4,157.5,149.828,12.9556
13,14,8,1,5,202.5,142.275,13.226
13,14,8,1,6,247.5,87.4124,9.71212
13,14,8,1,7,292.5,53.9507,7.67801
13,14,8,1,8,337.5,44.6242,7.24138
13,14,8,2,1,22.5,0,0
13,14,8,2,2,67.5,39.2947,6.69092
13,14,8,2,3,112.5,137.642,12.0869
13,14,8,2,4,157.5,187.235,14.3937
13,14,8,2,5,202.5,122.578,11.9832
13,14,8,2,6,247.5,28.966,5.89773
13,14,8,2,7,292.5,0,0
13,14,8,2,8,337.5,0,0
13,14,8,3,1,22.5,0,0
13,14,8,3,2,67.5,36.8872,6.34607
13,14,8,3,3,112.5,92.2713,10.7606
13,14,8,3,4,157.5,90.4202,13.0589
13,14,8,3,5,202.5,86.3406,9.92142
13,14,8,3,6,247.5,0,0
13,14,8,3,7,292.5,0,0
13,14,8,3,8,337.5,0,0
13,14,8,4,1,22.5,0,0
13,14,8,4,2,67.5,15.6031,4.42597
13,14,8,4,3,112.5,69.6428,9.0817
13,14,8,4,4,157.5,88.7274,9.98645
13,14,8,4,5,202.5,85.376,9.66198
13,14,8,4,6,247.5,0,0
13,14,8,4,7,292.5,0,0
13,14,8,4,8,337.5,0,0
13,14,8,5,1,22.5,0,0
13,14,8,5,2,67.5,0,0
13,14,8,5,3,112.5,65.2713,8.47012
13,14,8,5,4,157.5,114.716,11.4057
13,14,8,5,5,202.5,53.3184,8.06101
13,14,8,5,6,247.5,34.0347,7.33339
13,14,8,5,7,292.5,0,0
13,14,8,5,8,337.5,0,0
13,14,8,6,1,22.5,0,0
13,14,8,6,2,67.5,0,0
13,14,8,6,3,112.5,0,0
13,14,8,6,4,157.5,0,0
13,14,8,6,5,202.5,0,0
13,14,8,6,6,247.5,0,0
13,14,8,6,7,292.5,0,0
13,14,8,6,8,337.5,0,0
13,14,8,7,1,22.5,0,0
13,14,8,7,2,67.5,0,0
13,14,8,7,3,112.5,0,0
13,14,8,7,4,157.5,0,0
13,14,8,7,5,202.5,0,0
13,14,8,7,6,247.5,0,0
13,14,8,7,7,292.5,0,0
13,14,8,7,8,337.5,0,0
13,14,8,8,1,22.5,0,0
13,14,8,8,2,67.5,0,0
13,14,8,8,3,112.5,0,0
13,14,8,8,4,157.5,0,0
13,14,8,8,5,202.5,0,0
13,14,8,8,6,247.5,0,0
13,14,8,8,7,292.5,0,0
13,14,8,8,8,337.5,0,0
13,14,8,9,1,22.5,0,0
13,14,8,9,2,67.5,0,0
13,14,8,9,3,112.5,0,0
13,14,8,9,4,157.5,0,0
13,14,8,9,5,202.5,0,0
13,14,8,9,6,247.5,0,0
13,14,8,9,7,292.5,0,0
13,14,8,9,8,337.5,0,0
13,14,8,10,1,22.5,0,0
13,14,8,10,2,67.5,0,0
13,14,8,10,3,112.5,0,0
13,14,8,10,4,157.5,0,0
13,14,8,10,5,202.5,0,0
13,14,8,10,6,247.5,0,0
13,14,8,10,7,292.5,0,0
13,14,8,10,8,337.5,0,0
13,14,8,11,1,22.5,0,0
13,14,8,11,2,67.5,0,0
13,14,8,11,3,112.5,0,0
13,14,8,11,4,157.5,0,0
13,14,8,11,5,202.5,0,0
13,14,8,11,6,247.5,0,0
13,14,8,11,7,292.5,0,0
13,14,8,11,8,337.5,0,0
14,15,1,1,1,22.5,0,0
14,15,1,1,2,67.5,1430.01,103.035
14,15,1,1,3,112.5,1196.66,164.77
14,15,1,1,4,157.5,959.768,101.788
14,15,1,1,5,202.5,930.424,96.2851
14,15,1,1,6,247.5,1242,93.5832
14,15,1,1,7,292.5,1276.38,91.4757
14,15,1,1,8,337.5,0,0
14,15,1,2,1,22.5,0,0
14,15,1,2,2,67.5,698.873,47.0575
14,15,1,2,3,112.5,1023.23,99.9952
14,15,1,2,4,157.5,1466.46,92.0891
14,15,1,2,5,202.5,1014.17,80.3436
14,15,1,2,6,247.5,1228.71,152.582
14,15,1,2,7,292.5,756.864,53.1413
14,15,1,2,8,337.5,134.888,47.8318
14,15,1,3,1,22.5,288.658,23.5097
14,15,1,3,2,67.5,622.899,45.2292
14,15,1,3,3,112.5,801.546,48.9737
14,15,1,3,4,157.5,684.197,45.6788
14,15,1,3,5,202.5,426.457,37.4763
14,15,1,3,6,247.5,986.352,55.2294
14,15,1,3,7,292.5,644.324,43.5356
14,15,1,3,8,337.5,228.197,23.8347
14,15,1,4,1,22.5,160.535,20.3336
14,15,1,4,2,67.5,544.17,33.2517
14,15,1,4,3,112.5,400.342,30.1541
14,15,1,4,4,157.5,196.463,21.7091
14,15,1,4,5,202.5,116.962,20.008
14,15,1,4,6,247.5,403.056,50.6777
14,15,1,4,7,292.5,407.097,30.5881
14,15,1,4,8,337.5,180.022,19.9906
14,15,1,5,1,22.5,89.0833,13.1397
14,15,1,5,2,67.5,184.654,17.3557
14,15,1,5,3,112.5,120.64,14.8257
14,15,1,5,4,157.5,0,0
14,15,1,5,5,202.5,44.5577,9.22209
14,15,1,5,6,247.5,162.067,21.7719
14,15,1,5,7,292.5,160.877,17.7578
14,15,1,5,8,337.5,66.6189,9.21875
14,15,1,6,1,22.5,0,0
14,15,1,6,2,67.5,0,0
14,15,1,6,3,112.5,0,0
14,15,1,6,4,157.5,0,0
14,15,1,6,5,202.5,0,0
14,15,1,6,6,247.5,0,0
14,15,1,6,7,292.5,0,0
14,15,1,6,8,337.5,0,0
14,15,1,7,1,22.5,0,0
14,15,1,7,2,67.5,0,0
14,15,1,7,3,112.5,0,0
14,15,1,7,4,157.5,0,0
14,15,1,7,5,202.5,0,0
14,15,1,7,6,247.5,0,0
14,15,1,7,7,292.5,0,0
14,15,1,7,8,337.5,0,0
14,15,1,8,1,22.5,0,0
14,15,1,8,2,67.5,0,0
14,15,1,8,3,112.5,0,0
14,15,1,8,4,157.5,0,0
14,15,1,8,5,202.5,0,0
14,15,1,8,6,247.5,0,0
14,15,1,8,7,292.5,0,0
14,15,1,8,8,337.5,0,0
14,15,1,9,1,22.5,0,0
14,15,1,9,2,67.5,0,0
14,15,1,9,3,112.5,0,0
14,15,1,9,4,157.5,0,0
14,15,1,9,5,202.5,0,0
14,15,1,9,6,247.5,0,0
14,15,1,9,7,292.5,0,0
14,15,1,9,8,337.5,0,0
14,15,1,10,1,22.5,0,0
14,15,1,10,2,67.5,0,0
14,15,1,10,3,112.5,0,0
14,15,1,10,4,157.5,0,0
14,15,1,10,5,202.5,0,0
14,15,1,10,6,247.5,0,0
14,15,1,10,7,292.5,0,0
14,15,1,10,8,337.5,0,0
14,15,1,11,1,22.5,0,0
14,15,1,11,2,67.5,0,0
14,15,1,11,3,112.5,0,0
14,15,1,11,4,157.5,0,0
14,15,1,11,5,202.5,0,0
14,15,1,11,6,247.5,0,0
14,15,1,11,7,292.5,0,0
14,15,1,11,8,337.5,0,0
14,15,2,1,1,22.5,1047.42,87.9218
14,15,2,1,2,67.5,2621.08,119.992
14,15,2,1,3,112.5,3639.5,238.59
14,15,2,1,4,157.5,4603.77,167.606
14,15,2,1,5,202.5,4710.48,247.163
14,15,2,1,6,247.5,2285.29,123.549
14,15,2,1,7,292.5,2807.21,137.022
14,15,2,1,8,337.5,1204.98,120.906
14,15,2,2,1,22.5,330.691,44.3023
14,15,2,2,2,67.5,2166.38,109.152
14,15,2,2,3,112.5,3190.35,154.991
14,15,2,2,4,157.5,4944.66,195.504
14,15,2,2,5,202.5,3999.63,120.402
14,15,2,2,6,247.5,3127.27,121.705
14,15,2,2,7,292.5,1778.45,75.558
14,15,2,2,8,337.5,273.028,37.9663
14,15,2,3,1,22.5,502.743,35.2451
14,15,2,3,2,67.5,1880.44,63.4337
14,15,2,3,3,112.5,2507.97,84.8965
14,15,2,3,4,157.5,3473.96,137.113
14,15,2,3,5,202.5,2804.69,89.216
14,15,2,3,6,247.5,3085.49,86.782
14,15,2,3,7,292.5,2295.08,71.3865
14,15,2,3,8,337.5,429.741,27.2976
14,15,2,4,1,22.5,542.13,31.8221
14,15,2,4,2,67.5,1994.93,60.1781
14,15,2,4,3,112.5,2050.16,62.4855
14,15,2,4,4,157.5,2480.47,76.4902
14,15,2,4,5,202.5,1574.43,66.3819
14,15,2,4,6,247.5,2702.25,77.9243
14,15,2,4,7,292.5,2036.68,60.3586
14,15,2,4,8,337.5,516.649,27.5405
14,15,2,5,1,22.5,778.121,40.1974
14,15,2,5,2,67.5,2878.31,71.1454
14,15,2,5,3,112.5,2552.73,62.6116
14,15,2,5,4,157.5,1905.15,63.1768
14,15,2,5,5,202.5,1394.72,58.8825
14,15,2,5,6,247.5,3109.91,77.7293
14,15,2,5,7,292.5,2357.63,67.7681
14,15,2,5,8,337.5,696.032,37.7208
14,15,2,6,1,22.5,434.411,24.2411
14,15,2,6,2,67.5,1044.51,48.1644
14,15,2,6,3,112.5,920.115,36.1259
14,15,2,6,4,157.5,483.496,26.0417
14,15,2,6,5,202.5,408.203,26.5448
14,15,2,6,6,247.5,1074.55,42.3538
14,15,2,6,7,292.5,898.493,34.5665
14,15,2,6,8,337.5,372.323,26.1822
14,15,2,7,1,22.5,132.117,12.8183
14,15,2,7,2,67.5,297.399,19.8805
14,15,2,7,3,112.5,253.418,17.7857
14,15,2,7,4,157.5,100.355,12.2808
14,15,2,7,5,202.5,106.76,11.6271
14,15,2,7,6,247.5,308.096,20.6654
14,15,2,7,7,292.5,290.643,19.414
14,15,2,7,8,337.5,112.926,13.4084
14,15,2,8,1,22.5,0,0
14,15,2,8,2,67.5,43.7185,7.53477
14,15,2,8,3,112.5,71.9779,9.13227
14,15,2,8,4,157.5,0,0
14,15,2,8,5,202.5,17.1222,4.57178
14,15,2,8,6,247.5,85.3829,10.1712
14,15,2,8,7,292.5,60.434,8.24681
14,15,2,8,8,337.5,24.0141,5.70457
14,15,2,9,1,22.5,0,0
14,15,2,9,2,67.5,0,0
14,15,2,9,3,112.5,0,0
14,15,2,9,4,157.5,0,0
14,15,2,9,5,202.5,0,0
14,15,2,9,6,247.5,0,0
14,15,2,9,7,292.5,0,0
14,15,2,9,8,337.5,0,0
14,15,2,10,1,22.5,0,0
14,15,2,10,2,67.5,0,0
14,15,2,10,3,112.5,0,0
14,15,2,10,4,157.5,0,0
14,15,2,10,5,202.5,0,0
14,15,2,10,6,247.5,0,0
14,15,2,10,7,292.5,0,0
14,15,2,10,8,337.5,0,0
14,15,2,11,1,22.5,0,0
14,15,2,11,2,67.5,0,0
14,15,2,11,3,112.5,0,0
14,15,2,11,4,157.5,0,0
14,15,2,11,5,202.5,0,0
14,15,2,11,6,247.5,0,0
14,15,2,11,7,292.5,0,0
14,15,2,11,8,337.5,0,0
14,15,3,1,1,22.5,706.588,59.5059
14,15,3,1,2,67.5,1243.51,64.0278
14,15,3,1,3,112.5,3052.1,92.7619
14,15,3,1,4,157.5,4257.55,125.808
14,15,3,1,5,202.5,3286.78,100.387
14,15,3,1,6,247.5,1406.57,68.4785
14,15,3,1,7,292.5,1375,96.7874
14,15,3,1,8,337.5,697.642,51.5683
14,15,3,2,1,22.5,346.461,31.9953
14,15,3,2,2,67.5,1079.52,62.4327
14,15,3,2,3,112.5,2448.86,68.7795
14,15,3,2,4,157.5,4593.71,115.604
14,15,3,2,5,202.5,3000.71,85.7923
14,15,3,2,6,247.5,1479.9,69.2206
14,15,3,2,7,292.5,1023.59,50.8298
14,15,3,2,8,337.5,377.236,28.2701
14,15,3,3,1,22.5,141.858,15.3186
14,15,3,3,2,67.5,863.776,42.4617
14,15,3,3,3,112.5,1912.97,87.7848
14,15,3,3,4,157.5,3651.87,118.635
14,15,3,3,5,202.5,2624.87,72.6188
14,15,3,3,6,247.5,1652.93,54.3124
14,15,3,3,7,292.5,1261.08,50.6823
14,15,3,3,8,337.5,138.393,19.0008
14,15,3,4,1,22.5,65.1921,10.624
14,15,3,4,2,67.5,1000.31,39.6798
14,15,3,4,3,112.5,1452.66,49.2006
14,15,3,4,4,157.5,3099.81,77.1022
14,15,3,4,5,202.5,1949.66,65.4709
14,15,3,4,6,247.5,1810.76,56.5534
14,15,3,4,7,292.5,1393.8,51.6206
14,15,3,4,8,337.5,130.355,15.202
14,15,3,5,1,22.5,289.299,19.0536
14,15,3,5,2,67.5,2004.09,67.7661
14,15,3,5,3,112.5,2190.35,61.7692
14,15,3,5,4,157.5,4000.35,83.8186
14,15,3,5,5,202.5,2648.34,72.1286
14,15,3,5,6,247.5,3119.74,70.6425
14,15,3,5,7,292.5,2289.03,58.6422
14,15,3,5,8,337.5,282.961,18.7155
14,15,3,6,1,22.5,226.571,17.0874
14,15,3,6,2,67.5,1585.57,45.1556
14,15,3,6,3,112.5,1477.18,43.704
14,15,3,6,4,157.5,1848.82,54.3669
14,15,3,6,5,202.5,1236.29,43.7433
14,15,3,6,6,247.5,2131.37,54.4492
14,15,3,6,7,292.5,1267.1,40.7975
14,15,3,6,8,337.5,264.505,18.676
14,15,3,7,1,22.5,208.173,16.0343
14,15,3,7,2,67.5,977.222,34.3029
14,15,3,7,3,112.5,787.716,30.8165
14,15,3,7,4,157.5,825.887,34.7815
14,15,3,7,5,202.5,529.533,27.6484
14,15,3,7,6,247.5,1151.33,40.7077
14,15,3,7,7,292.5,643.876,28.8742
14,15,3,7,8,337.5,211.218,16.4768
14,15,3,8,1,22.5,127.548,16.2794
14,15,3,8,2,67.5,617.976,27.0707
14,15,3,8,3,112.5,500.257,24.6793
14,15,3,8,4,157.5,425.709,24.3479
14,15,3,8,5,202.5,333.536,21.3484
14,15,3,8,6,247.5,683.665,29.6149
14,15,3,8,7,292.5,461.601,24.0361
14,15,3,8,8,337.5,175.226,14.7819
14,15,3,9,1,22.5,74.5893,9.32355
14,15,3,9,2,67.5,189.225,14.5295
14,15,3,9,3,112.5,153.9,12.9193
14,15,3,9,4,157.5,109.294,11.1345
14,15,3,9,5,202.5,83.5206,9.71219
14,15,3,9,6,247.5,201.882,15.1958
14,15,3,9,7,292.5,159.3,13.1746
14,15,3,9,8,337.5,48.5199,7.6761
14,15,3,10,1,22.5,19.0287,4.90263
14,15,3,10,2,67.5,47.1715,7.29285
14,15,3,10,3,112.5,27.3739,6.57141
14,15,3,10,4,157.5,29.3599,6.07066
14,15,3,10,5,202.5,0,0
14,15,3,10,6,247.5,41.4125,7.07009
14,15,3,10,7,292.5,34.9715,6.92497
14,15,3,10,8,337.5,0,0
14,15,3,11,1,22.5,0,0
14,15,3,11,2,67.5,0,0
14,15,3,11,3,112.5,0,0
14,15,3,11,4,157.5,0,0
14,15,3,11,5,202.5,0,0
14,15,3,11,6,247.5,0,0
14,15,3,11,7,292.5,0,0
14,15,3,11,8,337.5,0,0
14,15,4,1,1,22.5,538.174,38.5061
14,15,4,1,2,67.5,1126.02,50.9091
14,15,4,1,3,112.5,2131.08,65.4547
14,15,4,1,4,157.5,2723.43,74.2383
14,15,4,1,5,202.5,2085.76,83.8927
14,15,4,1,6,247.5,1147.6,50.6629
14,15,4,1,7,292.5,572.06,38.3047
14,15,4,1,8,337.5,405.58,30.7239
14,15,4,2,1,22.5,183.278,20.594
14,15,4,2,2,67.5,545.794,41.9204
14,15,4,2,3,112.5,1675.54,55.1694
14,15,4,2,4,157.5,2845.39,69.8473
14,15,4,2,5,202.5,1894.16,57.4761
14,15,4,2,6,247.5,651.727,37.3806
14,15,4,2,7,292.5,423.896,41.3594
14,15,4,2,8,337.5,136.194,15.2443
14,15,4,3,1,22.5,88.7263,11.1158
14,15,4,3,2,67.5,261.326,21.6074
14,15,4,3,3,112.5,1269.23,46.1319
14,15,4,3,4,157.5,2599.92,70.1701
14,15,4,3,5,202.5,1597.36,51.8646
14,15,4,3,6,247.5,762.584,34.7042
14,15,4,3,7,292.5,671.692,31.3577
14,15,4,3,8,337.5,70.163,9.56191
14,15,4,4,1,22.5,45.5926,8.30058
14,15,4,4,2,67.5,280.727,21.3593
14,15,4,4,3,112.5,1028.75,37.5928
14,15,4,4,4,157.5,2163.17,59.335
14,15,4,4,5,202.5,1433.85,45.8873
14,15,4,4,6,247.5,764.694,34.7156
14,15,4,4,7,292.5,774.667,34.4605
14,15,4,4,8,337.5,42.4541,7.61512
14,15,4,5,1,22.5,42.4301,7.62016
14,15,4,5,2,67.5,902.722,34.6214
14,15,4,5,3,112.5,1478.47,43.8484
14,15,4,5,4,157.5,3216.66,82.5034
14,15,4,5,5,202.5,2112.33,56.3665
14,15,4,5,6,247.5,1609.31,47.5285
14,15,4,5,7,292.5,1461.13,44.4787
14,15,4,5,8,337.5,59.5444,8.83234
14,15,4,6,1,22.5,49.2103,7.92336
14,15,4,6,2,67.5,919.883,33.1626
14,15,4,6,3,112.5,884.836,35.6471
14,15,4,6,4,157.5,2179.63,55.4543
14,15,4,6,5,202.5,1334.5,43.0938
14,15,4,6,6,247.5,1363.3,41.2921
14,15,4,6,7,292.5,1054.82,37.2094
14,15,4,6,8,337.5,37.379,6.98545
14,15,4,7,1,22.5,29.446,6.4118
14,15,4,7,2,67.5,728.711,29.2941
14,15,4,7,3,112.5,689.935,28.335
14,15,4,7,4,157.5,1258.49,39.8918
14,15,4,7,5,202.5,787.116,31.9776
14,15,4,7,6,247.5,1077.96,35.8772
14,15,4,7,7,292.5,621.111,28.3111
14,15,4,7,8,337.5,31.2584,6.39646
14,15,4,8,1,22.5,32.3929,7.02643
14,15,4,8,2,67.5,672.528,27.2742
14,15,4,8,3,112.5,603.236,26.3297
14,15,4,8,4,157.5,888.84,32.318
14,15,4,8,5,202.5,615.25,27.9455
14,15,4,8,6,247.5,802.641,31.3986
14,15,4,8,7,292.5,520.212,24.5874
14,15,4,8,8,337.5,71.693,9.20663
14,15,4,9,1,22.5,32.0889,6.32844
14,15,4,9,2,67.5,319.431,18.6276
14,15,4,9,3,112.5,288.777,17.5777
14,15,4,9,4,157.5,354.324,19.7647
14,15,4,9,5,202.5,250.554,17.3639
14,15,4,9,6,247.5,388.182,21.2298
14,15,4,9,7,292.5,203.386,15.2159
14,15,4,9,8,337.5,48.0965,7.84697
14,15,4,10,1,22.5,23.77,5.40584
14,15,4,10,2,67.5,132.509,12.0636
14,15,4,10,3,112.5,139.285,12.397
14,15,4,10,4,157.5,157.592,13.0848
14,15,4,10,5,202.5,127.39,12.1099
14,15,4,10,6,247.5,161.759,13.9002
14,15,4,10,7,292.5,104.533,10.884
14,15,4,10,8,337.5,0,0
14,15,4,11,1,22.5,18.1142,4.69088
14,15,4,11,2,67.5,24.5658,5.45241
14,15,4,11,3,112.5,38.2513,7.78101
14,15,4,11,4,157.5,48.54,7.3003
14,15,4,11,5,202.5,26.035,5.51974
14,15,4,11,6,247.5,43.1003,7.02333
14,15,4,11,7,292.5,32.6128,6.40283
14,15,4,11,8,337.5,0,0
14,15,5,1,1,22.5,527.31,29.5142
14,15,5,1,2,67.5,926.597,38.5144
14,15,5,1,3,112.5,1267.69,55.2415
14,15,5,1,4,157.5,1607.7,49.4015
14,15,5,1,5,202.5,1417.36,45.7373
14,15,5,1,6,247.5,753.909,43.2755
14,15,5,1,7,292.5,495.122,28.7024
14,15,5,1,8,337.5,423.058,27.0188
14,15,5,2,1,22.5,125.48,15.1678
14,15,5,2,2,67.5,394.982,32.8576
14,15,5,2,3,112.5,1159.18,41.3872
14,15,5,2,4,157.5,1769.61,50.0302
14,15,5,2,5,202.5,1134.49,51.6153
14,15,5,2,6,247.5,457.528,26.5167
14,15,5,2,7,292.5,144.789,16.3621
14,15,5,2,8,337.5,57.7767,10.6544
14,15,5,3,1,22.5,0,0
14,15,5,3,2,67.5,232.368,18.4956
14,15,5,3,3,112.5,906.001,36.0909
14,15,5,3,4,157.5,1564.13,46.5602
14,15,5,3,5,202.5,1059.07,38.3742
14,15,5,3,6,247.5,371.004,23.6737
14,15,5,3,7,292.5,231.751,18.2853
14,15,5,3,8,337.5,18.5248,6.21726
14,15,5,4,1,22.5,0,0
14,15,5,4,2,67.5,83.0395,11.1133
14,15,5,4,3,112.5,681.532,29.5852
14,15,5,4,4,157.5,1283.62,48.1673
14,15,5,4,5,202.5,930.291,35.6375
14,15,5,4,6,247.5,408.23,28.6983
14,15,5,4,7,292.5,330.2,21.536
14,15,5,4,8,337.5,0,0
14,15,5,5,1,22.5,0,0
14,15,5,5,2,67.5,286.228,18.803
14,15,5,5,3,112.5,1050.09,36.6051
14,15,5,5,4,157.5,2280.12,53.495
14,15,5,5,5,202.5,1370.85,48.7786
14,15,5,5,6,247.5,791.268,32.0065
14,15,5,5,7,292.5,790.72,34.9141
14,15,5,5,8,337.5,40.9986,7.40127
14,15,5,6,1,22.5,15.5293,5.31194
14,15,5,6,2,67.5,407.249,22.9205
14,15,5,6,3,112.5,711.266,29.0049
14,15,5,6,4,157.5,1557.96,45.1605
14,15,5,6,5,202.5,962.96,40.1858
14,15,5,6,6,247.5,709.124,34.517
14,15,5,6,7,292.5,697.985,29.2351
14,15,5,6,8,337.5,17.2641,5.21182
14,15,5,7,1,22.5,0,0
14,15,5,7,2,67.5,374.118,20.2321
14,15,5,7,3,112.5,424.64,24.9675
14,15,5,7,4,157.5,1193.23,36.7661
14,15,5,7,5,202.5,738.395,29.0968
14,15,5,7,6,247.5,653.127,27.8707
14,15,5,7,7,292.5,578.093,25.2852
14,15,5,7,8,337.5,0,0
14,15,5,8,1,22.5,16.5055,4.51562
14,15,5,8,2,67.5,408.703,21.4606
14,15,5,8,3,112.5,408.741,21.3037
14,15,5,8,4,157.5,961.381,37.242
14,15,5,8,5,202.5,666.303,28.3544
14,15,5,8,6,247.5,682.088,28.1814
14,15,5,8,7,292.5,493.603,23.3174
14,15,5,8,8,337.5,0,0
14,15,5,9,1,22.5,0,0
14,15,5,9,2,67.5,271.089,16.9557
14,15,5,9,3,112.5,223.569,15.4612
14,15,5,9,4,157.5,531.019,24.0329
14,15,5,9,5,202.5,334.834,19.4933
14,15,5,9,6,247.5,341.291,19.7615
14,15,5,9,7,292.5,189.533,14.6766
14,15,5,9,8,337.5,0,0
14,15,5,10,1,22.5,0,0
14,15,5,10,2,67.5,102.67,10.707
14,15,5,10,3,112.5,114.637,11.2065
14,15,5,10,4,157.5,274.061,17.269
14,15,5,10,5,202.5,188.298,14.2513
14,15,5,10,6,247.5,185.765,14.2864
14,15,5,10,7,292.5,97.2516,10.485
14,15,5,10,8,337.5,0,0
14,15,5,11,1,22.5,0,0
14,15,5,11,2,67.5,22.4546,5.17084
14,15,5,11,3,112.5,29.2591,5.82967
14,15,5,11,4,157.5,63.7736,8.19663
14,15,5,11,5,202.5,53.7581,7.78869
14,15,5,11,6,247.5,33.0692,6.3731
14,15,5,11,7,292.5,25.017,5.35832
14,15,5,11,8,337.5,0,0
14,15,6,1,1,22.5,440.273,24.3714
14,15,6,1,2,67.5,670.316,30.4613
14,15,6,1,3,112.5,933.367,34.6778
14,15,6,1,4,157.5,1054.79,37.0956
14,15,6,1,5,202.5,906.734,33.9571
14,15,6,1,6,247.5,526.418,31.6136
14,15,6,1,7,292.5,368.52,27.309
14,15,6,1,8,337.5,351.575,22.134
14,15,6,2,1,22.5,174.492,19.6588
14,15,6,2,2,67.5,491.203,25.2254
14,15,6,2,3,112.5,797.828,37.5703
14,15,6,2,4,157.5,1023.41,41.3939
14,15,6,2,5,202.5,794.393,31.7623
14,15,6,2,6,247.5,373.539,22.4655
14,15,6,2,7,292.5,102.198,11.2003
14,15,6,2,8,337.5,94.3152,12.4052
14,15,6,3,1,22.5,68.1428,8.77845
14,15,6,3,2,67.5,255.804,17.5229
14,15,6,3,3,112.5,681.897,33.0762
14,15,6,3,4,157.5,917.621,38.4123
14,15,6,3,5,202.5,704.729,29.2999
14,15,6,3,6,247.5,240.285,16.6222
14,15,6,3,7,292.5,75.6471,10.4114
14,15,6,3,8,337.5,20.8474,5.33708
14,15,6,4,1,22.5,0,0
14,15,6,4,2,67.5,128.761,12.3783
14,15,6,4,3,112.5,568.397,26.4962
14,15,6,4,4,157.5,895.848,36.5369
14,15,6,4,5,202.5,648.136,28.143
14,15,6,4,6,247.5,227.671,15.8742
14,15,6,4,7,292.5,144.981,13.1637
14,15,6,4,8,337.5,0,0
14,15,6,5,1,22.5,0,0
14,15,6,5,2,67.5,132.161,12.133
14,15,6,5,3,112.5,804.896,30.728
14,15,6,5,4,157.5,1403.45,45.6337
14,15,6,5,5,202.5,975.518,34.6185
14,15,6,5,6,247.5,453.455,23.6934
14,15,6,5,7,292.5,395.661,21.8954
14,15,6,5,8,337.5,0,0
14,15,6,6,1,22.5,0,0
14,15,6,6,2,67.5,136.219,12.2973
14,15,6,6,3,112.5,524.723,24.3139
14,15,6,6,4,157.5,999.705,38.3756
14,15,6,6,5,202.5,672.964,28.0506
14,15,6,6,6,247.5,434.161,22.0106
14,15,6,6,7,292.5,436.664,22.493
14,15,6,6,8,337.5,10.4114,3.96911
14,15,6,7,1,22.5,0,0
14,15,6,7,2,67.5,202.968,14.7001
14,15,6,7,3,112.5,351.162,19.2482
14,15,6,7,4,157.5,759.195,29.4767
14,15,6,7,5,202.5,420.074,23.9995
14,15,6,7,6,247.5,333.471,19.3855
14,15,6,7,7,292.5,329.414,19.1479
14,15,6,7,8,337.5,0,0
14,15,6,8,1,22.5,0,0
14,15,6,8,2,67.5,193.968,14.4549
14,15,6,8,3,112.5,282.839,17.298
14,15,6,8,4,157.5,646.488,26.8557
14,15,6,8,5,202.5,393.764,21.1305
14,15,6,8,6,247.5,312.541,18.7375
14,15,6,8,7,292.5,269.053,17.1343
14,15,6,8,8,337.5,0,0
14,15,6,9,1,22.5,0,0
14,15,6,9,2,67.5,96.801,9.1581
14,15,6,9,3,112.5,100.247,10.3601
14,15,6,9,4,157.5,239.968,16.0269
14,15,6,9,5,202.5,160.54,13.6089
14,15,6,9,6,247.5,151.658,12.9155
14,15,6,9,7,292.5,100.941,10.6196
14,15,6,9,8,337.5,0,0
14,15,6,10,1,22.5,0,0
14,15,6,10,2,67.5,0,0
14,15,6,10,3,112.5,48.7676,7.24343
14,15,6,10,4,157.5,85.8864,9.69081
14,15,6,10,5,202.5,56.5038,7.93
14,15,6,10,6,247.5,42.0945,6.85847
14,15,6,10,7,292.5,25.6293,5.60053
14,15,6,10,8,337.5,0,0
14,15,6,11,1,22.5,0,0
14,15,6,11,2,67.5,0,0
14,15,6,11,3,112.5,0,0
14,15,6,11,4,157.5,0,0
14,15,6,11,5,202.5,0,0
14,15,6,11,6,247.5,0,0
14,15,6,11,7,292.5,0,0
14,15,6,11,8,337.5,0,0
14,15,7,1,1,22.5,375.319,20.8016
14,15,7,1,2,67.5,414.294,22.1476
14,15,7,1,3,112.5,559.076,27.4289
14,15,7,1,4,157.5,526.36,29.4512
14,15,7,1,5,202.5,590.575,26.019
14,15,7,1,6,247.5,357.516,20.5396
14,15,7,1,7,292.5,262.721,17.5138
14,15,7,1,8,337.5,286.179,18.9457
14,15,7,2,1,22.5,154.32,13.8782
14,15,7,2,2,67.5,295.04,18.617
14,15,7,2,3,112.5,465.072,23.563
14,15,7,2,4,157.5,581.917,25.8428
14,15,7,2,5,202.5,438.099,23.0249
14,15,7,2,6,247.5,214.778,15.8173
14,15,7,2,7,292.5,83.8616,9.59445
14,15,7,2,8,337.5,74.2202,9.56208
14,15,7,3,1,22.5,59.5779,8.26315
14,15,7,3,2,67.5,173.384,14.1587
14,15,7,3,3,112.5,369.463,20.8191
14,15,7,3,4,157.5,471.967,23.049
14,15,7,3,5,202.5,367.473,20.4857
14,15,7,3,6,247.5,142.795,12.6122
14,15,7,3,7,292.5,0,0
14,15,7,3,8,337.5,0,0
14,15,7,4,1,22.5,0,0
14,15,7,4,2,67.5,79.7668,9.42301
14,15,7,4,3,112.5,265.481,17.4752
14,15,7,4,4,157.5,419.561,21.2313
14,15,7,4,5,202.5,245.905,16.6971
14,15,7,4,6,247.5,100.43,10.4275
14,15,7,4,7,292.5,56.2018,8.04885
14,15,7,4,8,337.5,0,0
14,15,7,5,1,22.5,0,0
14,15,7,5,2,67.5,89.3582,9.76982
14,15,7,5,3,112.5,334.27,19.2911
14,15,7,5,4,157.5,560.764,24.8972
14,15,7,5,5,202.5,332.834,19.6058
14,15,7,5,6,247.5,178.104,13.9821
14,15,7,5,7,292.5,108.975,10.8493
14,15,7,5,8,337.5,0,0
14,15,7,6,1,22.5,0,0
14,15,7,6,2,67.5,0,0
14,15,7,6,3,112.5,163.517,13.1954
14,15,7,6,4,157.5,260.078,16.9405
14,15,7,6,5,202.5,189.465,14.1905
14,15,7,6,6,247.5,107.887,10.7988
14,15,7,6,7,292.5,88.4442,10.5197
14,15,7,6,8,337.5,0,0
14,15,7,7,1,22.5,0,0
14,15,7,7,2,67.5,0,0
14,15,7,7,3,112.5,65.4302,8.58486
14,15,7,7,4,157.5,140.805,12.4283
14,15,7,7,5,202.5,66.5762,8.73578
14,15,7,7,6,247.5,69.3759,8.72641
14,15,7,7,7,292.5,50.4974,7.64275
14,15,7,7,8,337.5,0,0
14,15,7,8,1,22.5,0,0
14,15,7,8,2,67.5,0,0
14,15,7,8,3,112.5,28.6191,5.73143
14,15,7,8,4,157.5,80.0551,9.36044
14,15,7,8,5,202.5,46.5623,7.28467
14,15,7,8,6,247.5,38.2289,6.5662
14,15,7,8,7,292.5,23.8602,5.32015
14,15,7,8,8,337.5,0,0
14,15,7,9,1,22.5,0,0
14,15,7,9,2,67.5,0,0
14,15,7,9,3,112.5,0,0
14,15,7,9,4,157.5,0,0
14,15,7,9,5,202.5,0,0
14,15,7,9,6,247.5,0,0
14,15,7,9,7,292.5,0,0
14,15,7,9,8,337.5,0,0
14,15,7,10,1,22.5,0,0
14,15,7,10,2,67.5,0,0
14,15,7,10,3,112.5,0,0
14,15,7,10,4,157.5,0,0
14,15,7,10,5,202.5,0,0
14,15,7,10,6,247.5,0,0
14,15,7,10,7,292.5,0,0
14,15,7,10,8,337.5,0,0
14,15,7,11,1,22.5,0,0
14,15,7,11,2,67.5,0,0
14,15,7,11,3,112.5,0,0
14,15,7,11,4,157.5,0,0
14,15,7,11,5,202.5,0,0
14,15,7,11,6,247.5,0,0
14,15,7,11,7,292.5,0,0
14,15,7,11,8,337.5,0,0
14,15,8,1,1,22.5,0,0
14,15,8,1,2,67.5,17.4299,4.31389
14,15,8,1,3,112.5,30.6775,6.14028
14,15,8,1,4,157.5,35.9857,6.26847
14,15,8,1,5,202.5,0,0
14,15,8,1,6,247.5,0,0
14,15,8,1,7,292.5,19.0773,4.96816
14,15,8,1,8,337.5,0,0
14,15,8,2,1,22.5,0,0
14,15,8,2,2,67.5,0,0
14,15,8,2,3,112.5,0,0
14,15,8,2,4,157.5,0,0
14,15,8,2,5,202.5,0,0
14,15,8,2,6,247.5,0,0
14,15,8,2,7,292.5,0,0
14,15,8,2,8,337.5,0,0
14,15,8,3,1,22.5,0,0
14,15,8,3,2,67.5,0,0
14,15,8,3,3,112.5,0,0
14,15,8,3,4,157.5,11.9633,4.01179
14,15,8,3,5,202.5,0,0
14,15,8,3,6,247.5,0,0
14,15,8,3,7,292.5,0,0
14,15,8,3,8,337.5,0,0
14,15,8,4,1,22.5,0,0
14,15,8,4,2,67.5,0,0
14,15,8,4,3,112.5,0,0
14,15,8,4,4,157.5,0,0
14,15,8,4,5,202.5,0,0
14,15,8,4,6,247.5,0,0
14,15,8,4,7,292.5,0,0
14,15,8,4,8,337.5,0,0
14,15,8,5,1,22.5,0,0
14,15,8,5,2,67.5,0,0
14,15,8,5,3,112.5,0,0
14,15,8,5,4,157.5,0,0
14,15,8,5,5,202.5,0,0
14,15,8,5,6,247.5,0,0
14,15,8,5,7,292.5,0,0
14,15,8,5,8,337.5,0,0
14,15,8,6,1,22.5,0,0
14,15,8,6,2,67.5,0,0
14,15,8,6,3,112.5,0,0
14,15,8,6,4,157.5,0,0
14,15,8,6,5,202.5,0,0
14,15,8,6,6,247.5,0,0
14,15,8,6,7,292.5,0,0
14,15,8,6,8,337.5,0,0
14,15,8,7,1,22.5,0,0
14,15,8,7,2,67.5,0,0
14,15,8,7,3,112.5,0,0
14,15,8,7,4,157.5,0,0
14,15,8,7,5,202.5,0,0
14,15,8,7,6,247.5,0,0
14,15,8,7,7,292.5,0,0
14,15,8,7,8,337.5,0,0
14,15,8,8,1,22.5,0,0
14,15,8,8,2,67.5,0,0
14,15,8,8,3,112.5,0,0
14,15,8,8,4,157.5,0,0
14,15,8,8,5,202.5,0,0
14,15,8,8,6,247.5,0,0
14,15,8,8,7,292.5,0,0
14,15,8,8,8,337.5,0,0
14,15,8,9,1,22.5,0,0
14,15,8,9,2,67.5,0,0
14,15,8,9,3,112.5,0,0
14,15,8,9,4,157.5,0,0
14,15,8,9,5,202.5,0,0
14,15,8,9,6,247.5,0,0
14,15,8,9,7,292.5,0,0
14,15,8,9,8,337.5,0,0
14,15,8,10,1,22.5,0,0
14,15,8,10,2,67.5,0,0
14,15,8,10,3,112.5,0,0
14,15,8,10,4,157.5,0,0
14,15,8,10,5,202.5,0,0
14,15,8,10,6,247.5,0,0
14,15,8,10,7,292.5,0,0
14,15,8,10,8,337.5,0,0
14,15,8,11,1,22.5,0,0
14,15,8,11,2,67.5,0,0
14,15,8,11,3,112.5,0,0
14,15,8,11,4,157.5,0,0
14,15,8,11,5,202.5,0,0
14,15,8,11,6,247.5,0,0
14,15,8,11,7,292.5,0,0
14,15,8,11,8,337.5,0,0
15,16,1,1,1,22.5,101.878,30.4155
15,16,1,1,2,67.5,492.013,47.2028
15,16,1,1,3,112.5,455.724,124.61
15,16,1,1,4,157.5,431.751,74.1893
15,16,1,1,5,202.5,331.971,50.6918
15,16,1,1,6,247.5,272.127,49.4674
15,16,1,1,7,292.5,333.024,86.8832
15,16,1,1,8,337.5,59.7911,24
15,16,1,2,1,22.5,0,0
15,16,1,2,2,67.5,261.914,27.2727
15,16,1,2,3,112.5,251.38,32.1654
15,16,1,2,4,157.5,337.767,45.2067
15,16,1,2,5,202.5,238.883,37.2912
15,16,1,2,6,247.5,222.899,39.2328
15,16,1,2,7,292.5,239.245,31.7581
15,16,1,2,8,337.5,40.022,12.4018
15,16,1,3,1,22.5,90.6443,11.4739
15,16,1,3,2,67.5,203.379,20.9838
15,16,1,3,3,112.5,141.159,18.6802
15,16,1,3,4,157.5,43.2505,10.0642
15,16,1,3,5,202.5,0,0
15,16,1,3,6,247.5,201.747,24.4518
15,16,1,3,7,292.5,273.944,22.9582
15,16,1,3,8,337.5,55.6132,9.31791
15,16,1,4,1,22.5,0,0
15,16,1,4,2,67.5,115.664,14.8834
15,16,1,4,3,112.5,33.6428,8.24123
15,16,1,4,4,157.5,0,0
15,16,1,4,5,202.5,0,0
15,16,1,4,6,247.5,53.5215,11.6523
15,16,1,4,7,292.5,104.654,13.6853
15,16,1,4,8,337.5,0,0
15,16,1,5,1,22.5,0,0
15,16,1,5,2,67.5,0,0
15,16,1,5,3,112.5,0,0
15,16,1,5,4,157.5,0,0
15,16,1,5,5,202.5,0,0
15,16,1,5,6,247.5,0,0
15,16,1,5,7,292.5,0,0
15,16,1,5,8,337.5,0,0
15,16,1,6,1,22.5,0,0
15,16,1,6,2,67.5,0,0
15,16,1,6,3,112.5,0,0
15,16,1,6,4,157.5,0,0
15,16,1,6,5,202.5,0,0
15,16,1,6,6,247.5,0,0
15,16,1,6,7,292.5,0,0
15,16,1,6,8,337.5,0,0
15,16,1,7,1,22.5,0,0
15,16,1,7,2,67.5,0,0
15,16,1,7,3,112.5,0,0
15,16,1,7,4,157.5,0,0
15,16,1,7,5,202.5,0,0
15,16,1,7,6,247.5,0,0
15,16,1,7,7,292.5,0,0
15,16,1,7,8,337.5,0,0
15,16,1,8,1,22.5,0,0
15,16,1,8,2,67.5,0,0
15,16,1,8,3,112.5,0,0
15,16,1,8,4,157.5,0,0
15,16,1,8,5,202.5,0,0
15,16,1,8,6,247.5,0,0
15,16,1,8,7,292.5,0,0
15,16,1,8,8,337.5,0,0
15,16,1,9,1,22.5,0,0
15,16,1,9,2,67.5,0,0
15,16,1,9,3,112.5,0,0
15,16,1,9,4,157.5,0,0
15,16,1,9,5,202.5,0,0
15,16,1,9,6,247.5,0,0
15,16,1,9,7,292.5,0,0
15,16,1,9,8,337.5,0,0
15,16,1,10,1,22.5,0,0
15,16,1,10,2,67.5,0,0
15,16,1,10,3,112.5,0,0
15,16,1,10,4,157.5,0,0
15,16,1,10,5,202.5,0,0
15,16,1,10,6,247.5,0,0
15,16,1,10,7,292.5,0,0
15,16,1,10,8,337.5,0,0
15,16,1,11,1,22.5,0,0
15,16,1,11,2,67.5,0,0
15,16,1,11,3,112.5,0,0
15,16,1,11,4,157.5,0,0
15,16,1,11,5,202.5,0,0
15,16,1,11,6,247.5,0,0
15,16,1,11,7,292.5,0,0
15,16,1,11,8,337.5,0,0
15,16,2,1,1,22.5,1932.44,106.662
15,16,2,1,2,67.5,3187.09,146.509
15,16,2,1,3,112.5,4540.2,159.428
15,16,2,1,4,157.5,5735.29,282.318
15,16,2,1,5,202.5,5382.43,169.174
15,16,2,1,6,247.5,4098.73,262.505
15,16,2,1,7,292.5,3061.76,147.034
15,16,2,1,8,337.5,2943.55,103.509
15,16,2,2,1,22.5,1000.67,62.8516
15,16,2,2,2,67.5,2633.7,103.007
15,16,2,2,3,112.5,3216.07,109.924
15,16,2,2,4,157.5,3354.05,170.955
15,16,2,2,5,202.5,2908.49,112.37
15,16,2,2,6,247.5,3384.8,176.084
15,16,2,2,7,292.5,2585.05,100.001
15,16,2,2,8,337.5,634.862,53.7976
15,16,2,3,1,22.5,490.175,37.521
15,16,2,3,2,67.5,2696.39,121.169
15,16,2,3,3,112.5,2002.95,71.7053
15,16,2,3,4,157.5,1388.72,82.9991
15,16,2,3,5,202.5,1327.62,63.8404
15,16,2,3,6,247.5,2488.68,78.9331
15,16,2,3,7,292.5,2908.36,89.0699
15,16,2,3,8,337.5,692.098,47.9124
15,16,2,4,1,22.5,648.455,30.5836
15,16,2,4,2,67.5,2290.01,65.373
15,16,2,4,3,112.5,1259.25,48.0176
15,16,2,4,4,157.5,577.48,36.5914
15,16,2,4,5,202.5,412.593,31.2668
15,16,2,4,6,247.5,1599.63,59.8369
15,16,2,4,7,292.5,2488.08,68.0025
15,16,2,4,8,337.5,602.438,34.612
15,16,2,5,1,22.5,729.285,35.2355
15,16,2,5,2,67.5,2479.9,62.0465
15,16,2,5,3,112.5,954.569,50.8805
15,16,2,5,4,157.5,325.588,23.3488
15,16,2,5,5,202.5,269.327,22.7313
15,16,2,5,6,247.5,1247.41,46.2717
15,16,2,5,7,292.5,2317.06,59.9766
15,16,2,5,8,337.5,523.375,30.4265
15,16,2,6,1,22.5,172.421,14.6416
15,16,2,6,2,67.5,542.34,26.5614
15,16,2,6,3,112.5,251.63,18.4997
15,16,2,6,4,157.5,24.4772,6.74166
15,16,2,6,5,202.5,25.7427,6.41351
15,16,2,6,6,247.5,325.591,22.8137
15,16,2,6,7,292.5,463.87,25.7873
15,16,2,6,8,337.5,145.593,15.2554
15,16,2,7,1,22.5,28.5509,5.61403
15,16,2,7,2,67.5,90.7151,10.3022
15,16,2,7,3,112.5,0,0
15,16,2,7,4,157.5,0,0
15,16,2,7,5,202.5,0,0
15,16,2,7,6,247.5,0,0
15,16,2,7,7,292.5,51.4156,7.52773
15,16,2,7,8,337.5,0,0
15,16,2,8,1,22.5,0,0
15,16,2,8,2,67.5,0,0
15,16,2,8,3,112.5,0,0
15,16,2,8,4,157.5,0,0
15,16,2,8,5,202.5,0,0
15,16,2,8,6,247.5,0,0
15,16,2,8,7,292.5,0,0
15,16,2,8,8,337.5,0,0
15,16,2,9,1,22.5,0,0
15,16,2,9,2,67.5,0,0
15,16,2,9,3,112.5,0,0
15,16,2,9,4,157.5,0,0
15,16,2,9,5,202.5,0,0
15,16,2,9,6,247.5,0,0
15,16,2,9,7,292.5,0,0
15,16,2,9,8,337.5,0,0
15,16,2,10,1,22.5,0,0
15,16,2,10,2,67.5,0,0
15,16,2,10,3,112.5,0,0
15,16,2,10,4,157.5,0,0
15,16,2,10,5,202.5,0,0
15,16,2,10,6,247.5,0,0
15,16,2,10,7,292.5,0,0
15,16,2,10,8,337.5,0,0
15,16,2,11,1,22.5,0,0
15,16,2,11,2,67.5,0,0
15,16,2,11,3,112.5,0,0
15,16,2,11,4,157.5,0,0
15,16,2,11,5,202.5,0,0
15,16,2,11,6,247.5,0,0
15,16,2,11,7,292.5,0,0
15,16,2,11,8,337.5,0,0
15,16,3,1,1,22.5,2466.43,101.239
15,16,3,1,2,67.5,4589.54,115.003
15,16,3,1,3,112.5,6517.51,217.137
15,16,3,1,4,157.5,7697.61,229.705
15,16,3,1,5,202.5,6694.7,144.775
15,16,3,1,6,247.5,4322.47,105.821
15,16,3,1,7,292.5,3009.01,100.325
15,16,3,1,8,337.5,2845.35,101.906
15,16,3,2,1,22.5,1497.69,61.5004
15,16,3,2,2,67.5,2190.04,82.1029
15,16,3,2,3,112.5,4207.06,109.578
15,16,3,2,4,157.5,5505.57,158.994
15,16,3,2,5,202.5,4040.85,137.665
15,16,3,2,6,247.5,2933.48,129.823
15,16,3,2,7,292.5,2575.37,78.2967
15,16,3,2,8,337.5,1813.45,78.9251
15,16,3,3,1,22.5,817.522,34.6125
15,16,3,3,2,67.5,2299.05,85.089
15,16,3,3,3,112.5,2804.09,76.57
15,16,3,3,4,157.5,3441.22,119.067
15,16,3,3,5,202.5,2499.43,97.3345
15,16,3,3,6,247.5,2508.96,67.5046
15,16,3,3,7,292.5,3152.4,75.6399
15,16,3,3,8,337.5,646.99,32.2234
15,16,3,4,1,22.5,397.135,27.864
15,16,3,4,2,67.5,2424.43,59.7332
15,16,3,4,3,112.5,1948.83,55.0866
15,16,3,4,4,157.5,2141.09,63.0605
15,16,3,4,5,202.5,1502.43,53.2893
15,16,3,4,6,247.5,2164.91,60.133
15,16,3,4,7,292.5,2905.32,90.8025
15,16,3,4,8,337.5,377.869,24.2806
15,16,3,5,1,22.5,712.965,30.4713
15,16,3,5,2,67.5,4140.53,73.5907
15,16,3,5,3,112.5,2358.89,60.4946
15,16,3,5,4,157.5,1758.35,68.4091
15,16,3,5,5,202.5,1273.61,45.8995
15,16,3,5,6,247.5,3022.41,70.862
15,16,3,5,7,292.5,4662.29,80.4912
15,16,3,5,8,337.5,821.869,32.4883
15,16,3,6,1,22.5,468.133,23.474
15,16,3,6,2,67.5,2344.32,54.2846
15,16,3,6,3,112.5,1022.57,35.5752
15,16,3,6,4,157.5,538.785,27.3958
15,16,3,6,5,202.5,385.706,24.0868
15,16,3,6,6,247.5,1438.45,44.497
15,16,3,6,7,292.5,2114.74,52.3245
15,16,3,6,8,337.5,418.048,24.834
15,16,3,7,1,22.5,200.203,15.4692
15,16,3,7,2,67.5,976.563,33.7682
15,16,3,7,3,112.5,438.297,22.8411
15,16,3,7,4,157.5,137.286,12.2359
15,16,3,7,5,202.5,103.177,11.6109
15,16,3,7,6,247.5,538.024,26.7361
15,16,3,7,7,292.5,756.453,30.4489
15,16,3,7,8,337.5,172.555,15.0054
15,16,3,8,1,22.5,95.4796,10.6281
15,16,3,8,2,67.5,390.897,20.6121
15,16,3,8,3,112.5,200.713,14.8658
15,16,3,8,4,157.5,30.5556,6.17156
15,16,3,8,5,202.5,0,0
15,16,3,8,6,247.5,250.381,16.747
15,16,3,8,7,292.5,282.27,17.8678
15,16,3,8,8,337.5,107.844,10.9214
15,16,3,9,1,22.5,0,0
15,16,3,9,2,67.5,45.9576,8.10484
15,16,3,9,3,112.5,0,0
15,16,3,9,4,157.5,0,0
15,16,3,9,5,202.5,0,0
15,16,3,9,6,247.5,0,0
15,16,3,9,7,292.5,35.3397,6.36949
15,16,3,9,8,337.5,0,0
15,16,3,10,1,22.5,0,0
15,16,3,10,2,67.5,0,0
15,16,3,10,3,112.5,0,0
15,16,3,10,4,157.5,0,0
15,16,3,10,5,202.5,0,0
15,16,3,10,6,247.5,0,0
15,16,3,10,7,292.5,0,0
15,16,3,10,8,337.5,0,0
15,16,3,11,1,22.5,0,0
15,16,3,11,2,67.5,0,0
15,16,3,11,3,112.5,0,0
15,16,3,11,4,157.5,0,0
15,16,3,11,5,202.5,0,0
15,16,3,11,6,247.5,0,0
15,16,3,11,7,292.5,0,0
15,16,3,11,8,337.5,0,0
15,16,4,1,1,22.5,3140.38,89.6651
15,16,4,1,2,67.5,4475.82,91.7294
15,16,4,1,3,112.5,5632.02,106.302
15,16,4,1,4,157.5,6342.6,113.908
15,16,4,1,5,202.5,5323.22,106.532
15,16,4,1,6,247.5,3638.61,91.0912
15,16,4,1,7,292.5,2549.01,68.508
15,16,4,1,8,337.5,2541.34,72.7763
15,16,4,2,1,22.5,1095.54,60.137
15,16,4,2,2,67.5,1939.45,55.3943
15,16,4,2,3,112.5,4014.83,85.1911
15,16,4,2,4,157.5,5139.78,100.675
15,16,4,2,5,202.5,3777.42,85.1877
15,16,4,2,6,247.5,2034.4,58.2491
15,16,4,2,7,292.5,1072.58,45.0446
15,16,4,2,8,337.5,907.228,57.0745
15,16,4,3,1,22.5,517.635,30.8447
15,16,4,3,2,67.5,958.533,38.1879
15,16,4,3,3,112.5,2578.33,59.9609
15,16,4,3,4,157.5,3847.65,75.7139
15,16,4,3,5,202.5,2579.71,67.0001
15,16,4,3,6,247.5,1562.85,52.4732
15,16,4,3,7,292.5,1483.91,50.4411
15,16,4,3,8,337.5,576.846,32.4914
15,16,4,4,1,22.5,290.603,23.197
15,16,4,4,2,67.5,850.107,34.5289
15,16,4,4,3,112.5,1686.73,47.605
15,16,4,4,4,157.5,2614.79,63.5264
15,16,4,4,5,202.5,1832.91,51.9715
15,16,4,4,6,247.5,1366.86,43.9348
15,16,4,4,7,292.5,1770.72,48.1504
15,16,4,4,8,337.5,365.784,22.0515
15,16,4,5,1,22.5,335.697,21.1247
15,16,4,5,2,67.5,1851.26,48.7716
15,16,4,5,3,112.5,2059.89,51.8492
15,16,4,5,4,157.5,3055.01,64.2818
15,16,4,5,5,202.5,2008.03,53.5573
15,16,4,5,6,247.5,2223.74,54.7897
15,16,4,5,7,292.5,3064.26,62.8264
15,16,4,5,8,337.5,325.76,20.8185
15,16,4,6,1,22.5,147.937,13.1473
15,16,4,6,2,67.5,1470.87,41.2507
15,16,4,6,3,112.5,1031.36,36.7719
15,16,4,6,4,157.5,1294.89,41.8531
15,16,4,6,5,202.5,842.903,34.232
15,16,4,6,6,247.5,1322.04,40.8364
15,16,4,6,7,292.5,1814,47.3068
15,16,4,6,8,337.5,197.431,15.3604
15,16,4,7,1,22.5,102.99,11.0235
15,16,4,7,2,67.5,876.196,31.439
15,16,4,7,3,112.5,556.957,26.1171
15,16,4,7,4,157.5,575.483,26.2145
15,16,4,7,5,202.5,369.258,21.8417
15,16,4,7,6,247.5,735.376,30.1522
15,16,4,7,7,292.5,854.416,31.359
15,16,4,7,8,337.5,63.1692,8.87881
15,16,4,8,1,22.5,51.4117,8.12724
15,16,4,8,2,67.5,536.641,24.2434
15,16,4,8,3,112.5,326.602,19.2429
15,16,4,8,4,157.5,281.964,17.6088
15,16,4,8,5,202.5,190.37,14.4034
15,16,4,8,6,247.5,439.179,22.6889
15,16,4,8,7,292.5,463.266,22.9125
15,16,4,8,8,337.5,53.0413,7.72365
15,16,4,9,1,22.5,8.69541,3.44109
15,16,4,9,2,67.5,127.278,11.788
15,16,4,9,3,112.5,79.7809,9.38508
15,16,4,9,4,157.5,58.1871,8.01673
15,16,4,9,5,202.5,56.4803,8.17564
15,16,4,9,6,247.5,118.769,11.8155
15,16,4,9,7,292.5,113.567,11.2141
15,16,4,9,8,337.5,0,0
15,16,4,10,1,22.5,0,0
15,16,4,10,2,67.5,36.124,6.28947
15,16,4,10,3,112.5,22.9039,5.16428
15,16,4,10,4,157.5,0,0
15,16,4,10,5,202.5,0,0
15,16,4,10,6,247.5,31.9156,6.45024
15,16,4,10,7,292.5,0,0
15,16,4,10,8,337.5,0,0
15,16,4,11,1,22.5,0,0
15,16,4,11,2,67.5,0,0
15,16,4,11,3,112.5,0,0
15,16,4,11,4,157.5,0,0
15,16,4,11,5,202.5,0,0
15,16,4,11,6,247.5,0,0
15,16,4,11,7,292.5,0,0
15,16,4,11,8,337.5,0,0
15,16,5,1,1,22.5,2525.39,61.612
15,16,5,1,2,67.5,2974.39,65.51
15,16,5,1,3,112.5,3834.68,77.6899
15,16,5,1,4,157.5,4061.78,93.7904
15,16,5,1,5,202.5,3387.77,70.8161
15,16,5,1,6,247.5,2574.45,61.9536
15,16,5,1,7,292.5,1963.03,53.2889
15,16,5,1,8,337.5,1975.47,56.984
15,16,5,2,1,22.5,971.192,46.0141
15,16,5,2,2,67.5,1596.26,47.0064
15,16,5,2,3,112.5,2657.33,60.1923
15,16,5,2,4,157.5,3455.57,84.0307
15,16,5,2,5,202.5,2564.28,62.3628
15,16,5,2,6,247.5,1292.37,45.026
15,16,5,2,7,292.5,605.794,32.1343
15,16,5,2,8,337.5,602.073,29.7694
15,16,5,3,1,22.5,325.757,21.4052
15,16,5,3,2,67.5,685.34,29.3966
15,16,5,3,3,112.5,1815.85,47.0286
15,16,5,3,4,157.5,2610.87,68.6401
15,16,5,3,5,202.5,1876.63,59.0198
15,16,5,3,6,247.5,861.147,34.9896
15,16,5,3,7,292.5,418.088,24.1031
15,16,5,3,8,337.5,190.656,16.7888
15,16,5,4,1,22.5,110.095,11.9518
15,16,5,4,2,67.5,362.881,23.4604
15,16,5,4,3,112.5,1262.89,38.8783
15,16,5,4,4,157.5,2160.32,51.6585
15,16,5,4,5,202.5,1546.19,44.2515
15,16,5,4,6,247.5,680.609,29.1521
15,16,5,4,7,292.5,573.26,33.9392
15,16,5,4,8,337.5,97.3628,11.7514
15,16,5,5,1,22.5,85.5865,10.115
15,16,5,5,2,67.5,464.335,24.37
15,16,5,5,3,112.5,1443.5,48.375
15,16,5,5,4,157.5,2704.89,67.0875
15,16,5,5,5,202.5,1856.33,56.7333
15,16,5,5,6,247.5,1072.04,36.8712
15,16,5,5,7,292.5,1284.7,39.4187
15,16,5,5,8,337.5,171.663,14.4052
15,16,5,6,1,22.5,61.7591,8.91288
15,16,5,6,2,67.5,537.087,24.4851
15,16,5,6,3,112.5,776.216,29.5002
15,16,5,6,4,157.5,1401.15,40.2661
15,16,5,6,5,202.5,988.872,34.9559
15,16,5,6,6,247.5,771.894,30.5417
15,16,5,6,7,292.5,846.132,31.6372
15,16,5,6,8,337.5,65.4939,8.92209
15,16,5,7,1,22.5,32.8992,6.56075
15,16,5,7,2,67.5,391.942,20.2761
15,16,5,7,3,112.5,381.159,22.0623
15,16,5,7,4,157.5,718.405,28.7323
15,16,5,7,5,202.5,467.9,23.5134
15,16,5,7,6,247.5,463.904,23.1623
15,16,5,7,7,292.5,511.742,24.1159
15,16,5,7,8,337.5,30.8937,6.28347
15,16,5,8,1,22.5,16.8524,4.50898
15,16,5,8,2,67.5,206.944,16.7814
15,16,5,8,3,112.5,217.238,15.3487
15,16,5,8,4,157.5,476.758,22.9638
15,16,5,8,5,202.5,293.595,18.1581
15,16,5,8,6,247.5,294.775,18.1819
15,16,5,8,7,292.5,281.972,17.328
15,16,5,8,8,337.5,0,0
15,16,5,9,1,22.5,0,0
15,16,5,9,2,67.5,79.245,9.11381
15,16,5,9,3,112.5,55.0827,7.86663
15,16,5,9,4,157.5,104.616,10.6955
15,16,5,9,5,202.5,85.8309,9.69023
15,16,5,9,6,247.5,99.8107,10.4914
15,16,5,9,7,292.5,63.3434,8.34535
15,16,5,9,8,337.5,0,0
15,16,5,10,1,22.5,0,0
15,16,5,10,2,67.5,0,0
15,16,5,10,3,112.5,0,0
15,16,5,10,4,157.5,29.9982,5.85788
15,16,5,10,5,202.5,20.8476,5.09044
15,16,5,10,6,247.5,0,0
15,16,5,10,7,292.5,0,0
15,16,5,10,8,337.5,0,0
15,16,5,11,1,22.5,0,0
15,16,5,11,2,67.5,0,0
15,16,5,11,3,112.5,0,0
15,16,5,11,4,157.5,0,0
15,16,5,11,5,202.5,0,0
15,16,5,11,6,247.5,0,0
15,16,5,11,7,292.5,0,0
15,16,5,11,8,337.5,0,0
15,16,6,1,1,22.5,1230.58,39.731
15,16,6,1,2,67.5,1421.16,49.2746
15,16,6,1,3,112.5,1649.05,52.3696
15,16,6,1,4,157.5,1700.42,52.5171
15,16,6,1,5,202.5,1640.69,46.8521
15,16,6,1,6,247.5,1113.12,38.5512
15,16,6,1,7,292.5,990.737,35.4208
15,16,6,1,8,337.5,959.935,42.8394
15,16,6,2,1,22.5,500.457,32.543
15,16,6,2,2,67.5,838.209,32.4908
15,16,6,2,3,112.5,1299.48,39.814
15,16,6,2,4,157.5,1448.95,49.996
15,16,6,2,5,202.5,1148.51,43.1608
15,16,6,2,6,247.5,615.276,27.954
15,16,6,2,7,292.5,351.398,20.4191
15,16,6,2,8,337.5,416.227,23.3123
15,16,6,3,1,22.5,235.635,17.4536
15,16,6,3,2,67.5,429.832,22.5539
15,16,6,3,3,112.5,830.428,31.6987
15,16,6,3,4,157.5,1215.53,38.2342
15,16,6,3,5,202.5,916.658,38.0988
15,16,6,3,6,247.5,410.053,22.0363
15,16,6,3,7,292.5,144.839,12.7341
15,16,6,3,8,337.5,124.461,12.1301
15,16,6,4,1,22.5,62.3722,8.89431
15,16,6,4,2,67.5,229.048,16.1673
15,16,6,4,3,112.5,575.644,26.1922
15,16,6,4,4,157.5,929.75,32.5555
15,16,6,4,5,202.5,660.675,28.49
15,16,6,4,6,247.5,283.496,18.3765
15,16,6,4,7,292.5,143.056,12.9825
15,16,6,4,8,337.5,17.7043,4.83605
15,16,6,5,1,22.5,0,0
15,16,6,5,2,67.5,141.801,12.9739
15,16,6,5,3,112.5,643.119,26.9285
15,16,6,5,4,157.5,1124.93,40.3015
15,16,6,5,5,202.5,762.366,30.982
15,16,6,5,6,247.5,402.607,21.7154
15,16,6,5,7,292.5,370.652,20.1613
15,16,6,5,8,337.5,16.9819,4.33257
15,16,6,6,1,22.5,0,0
15,16,6,6,2,67.5,93.7226,10.1117
15,16,6,6,3,112.5,290.286,18.1253
15,16,6,6,4,157.5,571.745,25.0573
15,16,6,6,5,202.5,389.899,20.826
15,16,6,6,6,247.5,224.107,15.4272
15,16,6,6,7,292.5,231.694,16.5501
15,16,6,6,8,337.5,16.7248,4.51901
15,16,6,7,1,22.5,0,0
15,16,6,7,2,67.5,51.6534,7.5935
15,16,6,7,3,112.5,102.071,10.5266
15,16,6,7,4,157.5,240.245,16.0624
15,16,6,7,5,202.5,150.46,13.3084
15,16,6,7,6,247.5,95.4077,10.2723
15,16,6,7,7,292.5,114.602,11.721
15,16,6,7,8,337.5,0,0
15,16,6,8,1,22.5,0,0
15,16,6,8,2,67.5,31.4775,5.97663
15,16,6,8,3,112.5,52.7304,7.74436
15,16,6,8,4,157.5,122.957,11.389
15,16,6,8,5,202.5,93.1081,10.0001
15,16,6,8,6,247.5,64.5919,8.40844
15,16,6,8,7,292.5,45.8775,7.23828
15,16,6,8,8,337.5,0,0
15,16,6,9,1,22.5,0,0
15,16,6,9,2,67.5,0,0
15,16,6,9,3,112.5,0,0
15,16,6,9,4,157.5,0,0
15,16,6,9,5,202.5,0,0
15,16,6,9,6,247.5,0,0
15,16,6,9,7,292.5,13.9047,6.19098
15,16,6,9,8,337.5,0,0
15,16,6,10,1,22.5,0,0
15,16,6,10,2,67.5,0,0
15,16,6,10,3,112.5,0,0
15,16,6,10,4,157.5,0,0
15,16,6,10,5,202.5,0,0
15,16,6,10,6,247.5,0,0
15,16,6,10,7,292.5,0,0
15,16,6,10,8,337.5,0,0
15,16,6,11,1,22.5,0,0
15,16,6,11,2,67.5,0,0
15,16,6,11,3,112.5,0,0
15,16,6,11,4,157.5,0,0
15,16,6,11,5,202.5,0,0
15,16,6,11,6,247.5,0,0
15,16,6,11,7,292.5,0,0
15,16,6,11,8,337.5,0,0
15,16,7,1,1,22.5,195.295,15.207
15,16,7,1,2,67.5,279.045,17.8225
15,16,7,1,3,112.5,300.859,19.1778
15,16,7,1,4,157.5,345.588,20.3187
15,16,7,1,5,202.5,245.749,20.7046
15,16,7,1,6,247.5,258.168,17.5259
15,16,7,1,7,292.5,210.947,16.0875
15,16,7,1,8,337.5,196.912,15.8265
15,16,7,2,1,22.5,121.989,12.0083
15,16,7,2,2,67.5,167.35,13.5952
15,16,7,2,3,112.5,224.638,15.5131
15,16,7,2,4,157.5,270.821,17.463
15,16,7,2,5,202.5,215.263,15.5124
15,16,7,2,6,247.5,134.561,12.3984
15,16,7,2,7,292.5,57.1726,8.05699
15,16,7,2,8,337.5,67.0461,8.84382
15,16,7,3,1,22.5,43.0974,6.94975
15,16,7,3,2,67.5,74.0703,9.08309
15,16,7,3,3,112.5,139.057,12.2205
15,16,7,3,4,157.5,154.822,12.8908
15,16,7,3,5,202.5,128.211,11.863
15,16,7,3,6,247.5,69.0793,8.92204
15,16,7,3,7,292.5,0,0
15,16,7,3,8,337.5,16.7441,4.683
15,16,7,4,1,22.5,0,0
15,16,7,4,2,67.5,36.3761,7.45656
15,16,7,4,3,112.5,69.7124,8.68017
15,16,7,4,4,157.5,106.272,10.952
15,16,7,4,5,202.5,60.261,8.47144
15,16,7,4,6,247.5,32.0309,6.10438
15,16,7,4,7,292.5,8.49702,3.25202
15,16,7,4,8,337.5,0,0
15,16,7,5,1,22.5,0,0
15,16,7,5,2,67.5,17.0812,4.36558
15,16,7,5,3,112.5,59.6845,8.62516
15,16,7,5,4,157.5,88.7251,9.71487
15,16,7,5,5,202.5,61.6335,8.40442
15,16,7,5,6,247.5,34.0183,6.05676
15,16,7,5,7,292.5,22.0059,4.96995
15,16,7,5,8,337.5,0,0
15,16,7,6,1,22.5,0,0
15,16,7,6,2,67.5,0,0
15,16,7,6,3,112.5,0,0
15,16,7,6,4,157.5,36.9653,6.37525
15,16,7,6,5,202.5,11.2592,3.85879
15,16,7,6,6,247.5,0,0
15,16,7,6,7,292.5,0,0
15,16,7,6,8,337.5,0,0
15,16,7,7,1,22.5,0,0
15,16,7,7,2,67.5,0,0
15,16,7,7,3,112.5,0,0
15,16,7,7,4,157.5,0,0
15,16,7,7,5,202.5,0,0
15,16,7,7,6,247.5,0,0
15,16,7,7,7,292.5,0,0
15,16,7,7,8,337.5,0,0
15,16,7,8,1,22.5,0,0
15,16,7,8,2,67.5,0,0
15,16,7,8,3,112.5,0,0
15,16,7,8,4,157.5,0,0
15,16,7,8,5,202.5,0,0
15,16,7,8,6,247.5,0,0
15,16,7,8,7,292.5,0,0
15,16,7,8,8,337.5,0,0
15,16,7,9,1,22.5,0,0
15,16,7,9,2,67.5,0,0
15,16,7,9,3,112.5,0,0
15,16,7,9,4,157.5,0,0
15,16,7,9,5,202.5,0,0
15,16,7,9,6,247.5,0,0
15,16,7,9,7,292.5,0,0
15,16,7,9,8,337.5,0,0
15,16,7,10,1,22.5,0,0
15,16,7,10,2,67.5,0,0
15,16,7,10,3,112.5,0,0
15,16,7,10,4,157.5,0,0
15,16,7,10,5,202.5,0,0
15,16,7,10,6,247.5,0,0
15,16,7,10,7,292.5,0,0
15,16,7,10,8,337.5,0,0
15,16,7,11,1,22.5,0,0
15,16,7,11,2,67.5,0,0
15,16,7,11,3,112.5,0,0
15,16,7,11,4,157.5,0,0
15,16,7,11,5,202.5,0,0
15,16,7,11,6,247.5,0,0
15,16,7,11,7,292.5,0,0
15,16,7,11,8,337.5,0,0
15,16,8,1,1,22.5,0,0
15,16,8,1,2,67.5,0,0
15,16,8,1,3,112.5,0,0
15,16,8,1,4,157.5,0,0
15,16,8,1,5,202.5,0,0
15,16,8,1,6,247.5,0,0
15,16,8,1,7,292.5,0,0
15,16,8,1,8,337.5,0,0
15,16,8,2,1,22.5,0,0
15,16,8,2,2,67.5,0,0
15,16,8,2,3,112.5,0,0
15,16,8,2,4,157.5,0,0
15,16,8,2,5,202.5,0,0
15,16,8,2,6,247.5,0,0
15,16,8,2,7,292.5,0,0
15,16,8,2,8,337.5,0,0
15,16,8,3,1,22.5,0,0
15,16,8,3,2,67.5,0,0
15,16,8,3,3,112.5,0,0
15,16,8,3,4,157.5,0,0
15,16,8,3,5,202.5,0,0
15,16,8,3,6,247.5,0,0
15,16,8,3,7,292.5,0,0
15,16,8,3,8,337.5,0,0
15,16,8,4,1,22.5,0,0
15,16,8,4,2,67.5,0,0
15,16,8,4,3,112.5,0,0
15,16,8,4,4,157.5,0,0
15,16,8,4,5,202.5,0,0
15,16,8,4,6,247.5,0,0
15,16,8,4,7,292.5,0,0
15,16,8,4,8,337.5,0,0
15,16,8,5,1,22.5,0,0
15,16,8,5,2,67.5,0,0
15,16,8,5,3,112.5,0,0
15,16,8,5,4,157.5,0,0
15,16,8,5,5,202.5,0,0
15,16,8,5,6,247.5,0,0
15,16,8,5,7,292.5,0,0
15,16,8,5,8,337.5,0,0
15,16,8,6,1,22.5,0,0
15,16,8,6,2,67.5,0,0
15,16,8,6,3,112.5,0,0
15,16,8,6,4,157.5,0,0
15,16,8,6,5,202.5,0,0
15,16,8,6,6,247.5,0,0
15,16,8,6,7,292.5,0,0
15,16,8,6,8,337.5,0,0
15,16,8,7,1,22.5,0,0
15,16,8,7,2,67.5,0,0
15,16,8,7,3,112.5,0,0
15,16,8,7,4,157.5,0,0
15,16,8,7,5,202.5,0,0
15,16,8,7,6,247.5,0,0
15,16,8,7,7,292.5,0,0
15,16,8,7,8,337.5,0,0
15,16,8,8,1,22.5,0,0
15,16,8,8,2,67.5,0,0
15,16,8,8,3,112.5,0,0
15,16,8,8,4,157.5,0,0
15,16,8,8,5,202.5,0,0
15,16,8,8,6,247.5,0,0
15,16,8,8,7,292.5,0,0
15,16,8,8,8,337.5,0,0
15,16,8,9,1,22.5,0,0
15,16,8,9,2,67.5,0,0
15,16,8,9,3,112.5,0,0
15,16,8,9,4,157.5,0,0
15,16,8,9,5,202.5,0,0
15,16,8,9,6,247.5,0,0
15,16,8,9,7,292.5,0,0
15,16,8,9,8,337.5,0,0
15,16,8,10,1,22.5,0,0
15,16,8,10,2,67.5,0,0
15,16,8,10,3,112.5,0,0
15,16,8,10,4,157.5,0,0
15,16,8,10,5,202.5,0,0
15,16,8,10,6,247.5,0,0
15,16,8,10,7,292.5,0,0
15,16,8,10,8,337.5,0,0
15,16,8,11,1,22.5,0,0
15,16,8,11,2,67.5,0,0
15,16,8,11,3,112.5,0,0
15,16,8,11,4,157.5,0,0
15,16,8,11,5,202.5,0,0
15,16,8,11,6,247.5,0,0
15,16,8,11,7,292.5,0,0
15,16,8,11,8,337.5,0,0
16,17,1,1,1,22.5,579.005,148.828
16,17,1,1,2,67.5,2512.15,198.498
16,17,1,1,3,112.5,2281.74,216.477
16,17,1,1,4,157.5,2675.91,346.855
16,17,1,1,5,202.5,3364.61,410.099
16,17,1,1,6,247.5,2266.09,183.026
16,17,1,1,7,292.5,2817.41,301.599
16,17,1,1,8,337.5,653.238,151.784
16,17,1,2,1,22.5,163.142,32.0308
16,17,1,2,2,67.5,1693.62,88.4147
16,17,1,2,3,112.5,2376.14,183.492
16,17,1,2,4,157.5,3417.09,146.659
16,17,1,2,5,202.5,2406.73,126.187
16,17,1,2,6,247.5,2460.12,113.048
16,17,1,2,7,292.5,1931.36,92.6367
16,17,1,2,8,337.5,186.087,39.7413
16,17,1,3,1,22.5,500.612,39.1035
16,17,1,3,2,67.5,1333.12,62.3572
16,17,1,3,3,112.5,1521.06,71.6315
16,17,1,3,4,157.5,1271.46,85.0308
16,17,1,3,5,202.5,1174.63,70.3798
16,17,1,3,6,247.5,1736.35,118.134
16,17,1,3,7,292.5,1597.61,121.118
16,17,1,3,8,337.5,408.463,31.7813
16,17,1,4,1,22.5,280.545,28.7618
16,17,1,4,2,67.5,702.327,40.3321
16,17,1,4,3,112.5,720.436,39.5531
16,17,1,4,4,157.5,530.862,44.8967
16,17,1,4,5,202.5,401.715,33.4485
16,17,1,4,6,247.5,871.735,46.4529
16,17,1,4,7,292.5,585.27,38.5736
16,17,1,4,8,337.5,330.002,23.4082
16,17,1,5,1,22.5,102.455,13.0925
16,17,1,5,2,67.5,210.442,18.3089
16,17,1,5,3,112.5,231.063,19.9842
16,17,1,5,4,157.5,120.383,18.5763
16,17,1,5,5,202.5,87.0711,21.1404
16,17,1,5,6,247.5,289.37,24.1067
16,17,1,5,7,292.5,234.435,20.1643
16,17,1,5,8,337.5,102.573,13.7972
16,17,1,6,1,22.5,0,0
16,17,1,6,2,67.5,0,0
16,17,1,6,3,112.5,0,0
16,17,1,6,4,157.5,0,0
16,17,1,6,5,202.5,0,0
16,17,1,6,6,247.5,0,0
16,17,1,6,7,292.5,0,0
16,17,1,6,8,337.5,0,0
16,17,1,7,1,22.5,0,0
16,17,1,7,2,67.5,0,0
16,17,1,7,3,112.5,0,0
16,17,1,7,4,157.5,0,0
16,17,1,7,5,202.5,0,0
16,17,1,7,6,247.5,0,0
16,17,1,7,7,292.5,0,0
16,17,1,7,8,337.5,0,0
16,17,1,8,1,22.5,0,0
16,17,1,8,2,67.5,0,0
16,17,1,8,3,112.5,0,0
16,17,1,8,4,157.5,0,0
16,17,1,8,5,202.5,0,0
16,17,1,8,6,247.5,0,0
16,17,1,8,7,292.5,0,0
16,17,1,8,8,337.5,0,0
16,17,1,9,1,22.5,0,0
16,17,1,9,2,67.5,0,0
16,17,1,9,3,112.5,0,0
16,17,1,9,4,157.5,0,0
16,17,1,9,5,202.5,0,0
16,17,1,9,6,247.5,0,0
16,17,1,9,7,292.5,0,0
16,17,1,9,8,337.5,0,0
16,17,1,10,1,22.5,0,0
16,17,1,10,2,67.5,0,0
16,17,1,10,3,112.5,0,0
16,17,1,10,4,157.5,0,0
16,17,1,10,5,202.5,0,0
16,17,1,10,6,247.5,0,0
16,17,1,10,7,292.5,0,0
16,17,1,10,8,337.5,0,0
16,17,1,11,1,22.5,0,0
16,17,1,11,2,67.5,0,0
16,17,1,11,3,112.5,0,0
16,17,1,11,4,157.5,0,0
16,17,1,11,5,202.5,0,0
16,17,1,11,6,247.5,0,0
16,17,1,11,7,292.5,0,0
16,17,1,11,8,337.5,0,0
16,17,2,1,1,22.5,2150.15,113.517
16,17,2,1,2,67.5,4034.63,176.592
16,17,2,1,3,112.5,5831.9,207.221
16,17,2,1,4,157.5,7830.07,234.112
16,17,2,1,5,202.5,6979.89,231.838
16,17,2,1,6,247.5,3968.83,180.848
16,17,2,1,7,292.5,3780.07,170.214
16,17,2,1,8,337.5,3255.87,108.677
16,17,2,2,1,22.5,847.969,63.268
16,17,2,2,2,67.5,3916.05,149.626
16,17,2,2,3,112.5,5782.69,147.081
16,17,2,2,4,157.5,8013.32,285.346
16,17,2,2,5,202.5,6597.45,198.666
16,17,2,2,6,247.5,5807.04,229.843
16,17,2,2,7,292.5,3248.11,124.524
16,17,2,2,8,337.5,682.843,63.5582
16,17,2,3,1,22.5,630.477,47.7295
16,17,2,3,2,67.5,3362.62,93.3753
16,17,2,3,3,112.5,4488.76,114.519
16,17,2,3,4,157.5,6299.43,144.169
16,17,2,3,5,202.5,4283.18,125.209
16,17,2,3,6,247.5,5391.76,117.531
16,17,2,3,7,292.5,3847.15,93.955
16,17,2,3,8,337.5,765.096,45.514
16,17,2,4,1,22.5,740.224,33.0057
16,17,2,4,2,67.5,3161.76,79.4303
16,17,2,4,3,112.5,3474.84,87.9931
16,17,2,4,4,157.5,4097.27,103.049
16,17,2,4,5,202.5,2876.24,123.776
16,17,2,4,6,247.5,4288.43,99.2221
16,17,2,4,7,292.5,3302.72,83.9157
16,17,2,4,8,337.5,668.018,31.5655
16,17,2,5,1,22.5,1125.22,42.0376
16,17,2,5,2,67.5,4077.68,78.4419
16,17,2,5,3,112.5,3979.19,85.341
16,17,2,5,4,157.5,3970.05,90.5437
16,17,2,5,5,202.5,2948.11,77.9292
16,17,2,5,6,247.5,5284.16,109.917
16,17,2,5,7,292.5,3573.61,80.9832
16,17,2,5,8,337.5,1059.28,39.8925
16,17,2,6,1,22.5,414.682,28.3393
16,17,2,6,2,67.5,1385.14,42.0045
16,17,2,6,3,112.5,1373.93,46.5107
16,17,2,6,4,157.5,1178.33,43.133
16,17,2,6,5,202.5,957.975,39.7479
16,17,2,6,6,247.5,1809.69,54.2011
16,17,2,6,7,292.5,1171.64,39.8156
16,17,2,6,8,337.5,395.27,27.0261
16,17,2,7,1,22.5,145.535,17.2541
16,17,2,7,2,67.5,372.759,21.4538
16,17,2,7,3,112.5,424.012,22.7221
16,17,2,7,4,157.5,293.551,20.5325
16,17,2,7,5,202.5,184.3,18.0442
16,17,2,7,6,247.5,424.984,25.839
16,17,2,7,7,292.5,319.4,19.9773
16,17,2,7,8,337.5,135.481,16.3834
16,17,2,8,1,22.5,50.66,7.72513
16,17,2,8,2,67.5,82.0754,9.89787
16,17,2,8,3,112.5,78.8867,9.90105
16,17,2,8,4,157.5,71.8206,8.84072
16,17,2,8,5,202.5,44.496,7.30902
16,17,2,8,6,247.5,106.963,11.9591
16,17,2,8,7,292.5,50.3313,8.05555
16,17,2,8,8,337.5,30.9666,6.08622
16,17,2,9,1,22.5,0,0
16,17,2,9,2,67.5,0,0
16,17,2,9,3,112.5,0,0
16,17,2,9,4,157.5,0,0
16,17,2,9,5,202.5,0,0
16,17,2,9,6,247.5,0,0
16,17,2,9,7,292.5,0,0
16,17,2,9,8,337.5,0,0
16,17,2,10,1,22.5,0,0
16,17,2,10,2,67.5,0,0
16,17,2,10,3,112.5,0,0
16,17,2,10,4,157.5,0,0
16,17,2,10,5,202.5,0,0
16,17,2,10,6,247.5,0,0
16,17,2,10,7,292.5,0,0
16,17,2,10,8,337.5,0,0
16,17,2,11,1,22.5,0,0
16,17,2,11,2,67.5,0,0
16,17,2,11,3,112.5,0,0
16,17,2,11,4,157.5,0,0
16,17,2,11,5,202.5,0,0
16,17,2,11,6,247.5,0,0
16,17,2,11,7,292.5,0,0
16,17,2,11,8,337.5,0,0
16,17,3,1,1,22.5,1416.48,75.9161
16,17,3,1,2,67.5,3283.86,176.523
16,17,3,1,3,112.5,5557.87,159.931
16,17,3,1,4,157.5,6518.03,156.204
16,17,3,1,5,202.5,5672.22,155.33
16,17,3,1,6,247.5,3219.13,124.978
16,17,3,1,7,292.5,2020.63,92.8105
16,17,3,1,8,337.5,1655.63,87.7638
16,17,3,2,1,22.5,830.165,49.943
16,17,3,2,2,67.5,1791.2,65.9198
16,17,3,2,3,112.5,4754.64,102.318
16,17,3,2,4,157.5,6699.91,129.784
16,17,3,2,5,202.5,4975.88,125.58
16,17,3,2,6,247.5,2924.96,94.4143
16,17,3,2,7,292.5,1858.23,70.5273
16,17,3,2,8,337.5,929.303,55.8335
16,17,3,3,1,22.5,419.679,32.2065
16,17,3,3,2,67.5,1392.57,57.0079
16,17,3,3,3,112.5,3553.14,79.1212
16,17,3,3,4,157.5,5904.98,115.399
16,17,3,3,5,202.5,3919.03,95.3639
16,17,3,3,6,247.5,3221.78,88.3155
16,17,3,3,7,292.5,2476.3,92.165
16,17,3,3,8,337.5,407.703,26.4418
16,17,3,4,1,22.5,226.168,19.535
16,17,3,4,2,67.5,1638.94,52.1607
16,17,3,4,3,112.5,2757.57,65.5385
16,17,3,4,4,157.5,4404.67,90.7324
16,17,3,4,5,202.5,2841.49,86.4645
16,17,3,4,6,247.5,3125.1,77.1086
16,17,3,4,7,292.5,2257.04,62.486
16,17,3,4,8,337.5,244.993,19.4593
16,17,3,5,1,22.5,352.405,24.5653
16,17,3,5,2,67.5,3283.74,65.7957
16,17,3,5,3,112.5,3986.06,74.9289
16,17,3,5,4,157.5,5855.43,108.358
16,17,3,5,5,202.5,3991.27,88.463
16,17,3,5,6,247.5,4760.63,85.6795
16,17,3,5,7,292.5,3750.48,74.3365
16,17,3,5,8,337.5,405.118,24.1918
16,17,3,6,1,22.5,296.791,19.0842
16,17,3,6,2,67.5,2225.97,53.8193
16,17,3,6,3,112.5,2283.46,54.5716
16,17,3,6,4,157.5,2989.12,68.9574
16,17,3,6,5,202.5,2077.83,59.1591
16,17,3,6,6,247.5,2912.15,64.2557
16,17,3,6,7,292.5,2056.24,51.5137
16,17,3,6,8,337.5,221.266,17.1483
16,17,3,7,1,22.5,222.986,16.5941
16,17,3,7,2,67.5,1338.45,39.7594
16,17,3,7,3,112.5,1162.27,37.8929
16,17,3,7,4,157.5,1598.07,45.511
16,17,3,7,5,202.5,1098.05,40.0213
16,17,3,7,6,247.5,1581.49,46.1606
16,17,3,7,7,292.5,974.478,34.7606
16,17,3,7,8,337.5,208.444,16.094
16,17,3,8,1,22.5,145.253,13.6863
16,17,3,8,2,67.5,730.449,29.0505
16,17,3,8,3,112.5,734.147,29.7886
16,17,3,8,4,157.5,822.888,32.9647
16,17,3,8,5,202.5,663.784,29.4421
16,17,3,8,6,247.5,1039.98,36.9736
16,17,3,8,7,292.5,535.033,26.2413
16,17,3,8,8,337.5,180.67,16.0438
16,17,3,9,1,22.5,64.4816,9.38742
16,17,3,9,2,67.5,194.061,14.6564
16,17,3,9,3,112.5,231.685,15.8156
16,17,3,9,4,157.5,237.722,16.7472
16,17,3,9,5,202.5,169.32,14.0387
16,17,3,9,6,247.5,262.507,17.9308
16,17,3,9,7,292.5,134.229,12.3775
16,17,3,9,8,337.5,77.8334,9.55789
16,17,3,10,1,22.5,0,0
16,17,3,10,2,67.5,38.7738,6.70186
16,17,3,10,3,112.5,51.9308,7.64718
16,17,3,10,4,157.5,53.2448,7.91518
16,17,3,10,5,202.5,0,0
16,17,3,10,6,247.5,66.2499,8.83874
16,17,3,10,7,292.5,31.8349,6.28421
16,17,3,10,8,337.5,0,0
16,17,3,11,1,22.5,0,0
16,17,3,11,2,67.5,0,0
16,17,3,11,3,112.5,0,0
16,17,3,11,4,157.5,0,0
16,17,3,11,5,202.5,0,0
16,17,3,11,6,247.5,0,0
16,17,3,11,7,292.5,0,0
16,17,3,11,8,337.5,0,0
16,17,4,1,1,22.5,1502.4,61.0002
16,17,4,1,2,67.5,2542.52,76.4054
16,17,4,1,3,112.5,3875.45,94.4701
16,17,4,1,4,157.5,4464.39,102.153
16,17,4,1,5,202.5,3698.18,93.9632
16,17,4,1,6,247.5,2281.93,78.0797
16,17,4,1,7,292.5,1470.06,64.1026
16,17,4,1,8,337.5,1260.65,57.6456
16,17,4,2,1,22.5,610.42,57.4639
16,17,4,2,2,67.5,1563.85,53.2802
16,17,4,2,3,112.5,3441.42,77.6185
16,17,4,2,4,157.5,4434.88,99.2621
16,17,4,2,5,202.5,3135.13,80.1843
16,17,4,2,6,247.5,1525.7,59.5393
16,17,4,2,7,292.5,829.169,44.7209
16,17,4,2,8,337.5,342.464,31.0343
16,17,4,3,1,22.5,200.243,17.9649
16,17,4,3,2,67.5,791.004,35.4854
16,17,4,3,3,112.5,2268.04,80.2186
16,17,4,3,4,157.5,4013.04,83.7368
16,17,4,3,5,202.5,2561.62,91.3847
16,17,4,3,6,247.5,1617.72,55.4554
16,17,4,3,7,292.5,1118.09,44.6841
16,17,4,3,8,337.5,209.684,21.4385
16,17,4,4,1,22.5,113.52,12.3975
16,17,4,4,2,67.5,571.761,29.7082
16,17,4,4,3,112.5,1998.41,55.6054
16,17,4,4,4,157.5,3043.61,86.2791
16,17,4,4,5,202.5,2124.29,59.7154
16,17,4,4,6,247.5,1607.12,49.6286
16,17,4,4,7,292.5,1186.9,40.3277
16,17,4,4,8,337.5,134.968,14.2926
16,17,4,5,1,22.5,103.387,12.1534
16,17,4,5,2,67.5,1263.07,42.8674
16,17,4,5,3,112.5,2652.19,58.6999
16,17,4,5,4,157.5,4406.21,100.107
16,17,4,5,5,202.5,3043.25,68.8174
16,17,4,5,6,247.5,2831.75,64.8808
16,17,4,5,7,292.5,2111.73,55.4407
16,17,4,5,8,337.5,143.329,14.0254
16,17,4,6,1,22.5,68.0753,9.21426
16,17,4,6,2,67.5,1131.34,37.5979
16,17,4,6,3,112.5,1593.72,44.1367
16,17,4,6,4,157.5,2693.6,70.4352
16,17,4,6,5,202.5,1889.25,51.4713
16,17,4,6,6,247.5,1883.8,50.1703
16,17,4,6,7,292.5,1381.05,41.792
16,17,4,6,8,337.5,61.5456,8.59668
16,17,4,7,1,22.5,52.1349,8.01509
16,17,4,7,2,67.5,783.094,30.1406
16,17,4,7,3,112.5,939.593,34.2672
16,17,4,7,4,157.5,1592.1,52.8558
16,17,4,7,5,202.5,1122.91,40.9666
16,17,4,7,6,247.5,1209.88,39.1425
16,17,4,7,7,292.5,823.97,31.5049
16,17,4,7,8,337.5,0,0
16,17,4,8,1,22.5,34.221,6.46391
16,17,4,8,2,67.5,694.648,27.9888
16,17,4,8,3,112.5,753.613,29.1444
16,17,4,8,4,157.5,1291.72,39.432
16,17,4,8,5,202.5,895.899,35.1674
16,17,4,8,6,247.5,957.742,34.5207
16,17,4,8,7,292.5,554.22,25.6957
16,17,4,8,8,337.5,45.6033,8.07425
16,17,4,9,1,22.5,22.1312,7.87766
16,17,4,9,2,67.5,274.814,17.2328
16,17,4,9,3,112.5,314.138,18.4518
16,17,4,9,4,157.5,484.303,24.3938
16,17,4,9,5,202.5,368.247,20.9457
16,17,4,9,6,247.5,441.382,22.5298
16,17,4,9,7,292.5,235.694,16.0965
16,17,4,9,8,337.5,28.0944,5.92411
16,17,4,10,1,22.5,0,0
16,17,4,10,2,67.5,108.358,10.8569
16,17,4,10,3,112.5,125.388,11.7677
16,17,4,10,4,157.5,257.379,16.5736
16,17,4,10,5,202.5,177.16,14.1191
16,17,4,10,6,247.5,183.225,14.2478
16,17,4,10,7,292.5,83.8654,9.72278
16,17,4,10,8,337.5,0,0
16,17,4,11,1,22.5,0,0
16,17,4,11,2,67.5,41.8515,6.88991
16,17,4,11,3,112.5,45.6957,7.28826
16,17,4,11,4,157.5,79.0254,9.28907
16,17,4,11,5,202.5,42.2915,6.98656
16,17,4,11,6,247.5,52.774,7.64801
16,17,4,11,7,292.5,21.7594,5.07832
16,17,4,11,8,337.5,0,0
16,17,5,1,1,22.5,1138.2,46.3488
16,17,5,1,2,67.5,1685.05,54.1065
16,17,5,1,3,112.5,2378.23,61.9164
16,17,5,1,4,157.5,2377.11,81.5512
16,17,5,1,5,202.5,2238.36,61.6063
16,17,5,1,6,247.5,1389.93,60.2306
16,17,5,1,7,292.5,988.687,51.6609
16,17,5,1,8,337.5,973.823,42.2751
16,17,5,2,1,22.5,506.555,29.8439
16,17,5,2,2,67.5,1183.85,43.4501
16,17,5,2,3,112.5,2104.14,55.6615
16,17,5,2,4,157.5,2479.17,75.0007
16,17,5,2,5,202.5,1818.07,64.9913
16,17,5,2,6,247.5,905.13,38.4924
16,17,5,2,7,292.5,437.584,25.6329
16,17,5,2,8,337.5,294.888,23.3152
16,17,5,3,1,22.5,179.463,18.0257
16,17,5,3,2,67.5,631.887,30.8823
16,17,5,3,3,112.5,1574.37,54.867
16,17,5,3,4,157.5,2014.1,69.3639
16,17,5,3,5,202.5,1604.26,50.3029
16,17,5,3,6,247.5,858.747,35.7447
16,17,5,3,7,292.5,431.74,30.0586
16,17,5,3,8,337.5,91.5693,11.6665
16,17,5,4,1,22.5,61.2437,9.19163
16,17,5,4,2,67.5,408.338,22.6316
16,17,5,4,3,112.5,1231.43,42.4734
16,17,5,4,4,157.5,1800.56,59.182
16,17,5,4,5,202.5,1321.7,44.0585
16,17,5,4,6,247.5,745.053,32.6343
16,17,5,4,7,292.5,510.535,27.312
16,17,5,4,8,337.5,29.781,6.41031
16,17,5,5,1,22.5,17.1683,6.52768
16,17,5,5,2,67.5,491.774,25.5016
16,17,5,5,3,112.5,1736.43,54.6195
16,17,5,5,4,157.5,2654.07,70.4758
16,17,5,5,5,202.5,1774.1,57.9499
16,17,5,5,6,247.5,1265.21,49.4202
16,17,5,5,7,292.5,984.209,35.7958
16,17,5,5,8,337.5,54.684,8.35935
16,17,5,6,1,22.5,11.4128,3.98605
16,17,5,6,2,67.5,441.515,23.4909
16,17,5,6,3,112.5,955.573,38.1618
16,17,5,6,4,157.5,1654.45,54.7549
16,17,5,6,5,202.5,1255.95,40.7471
16,17,5,6,6,247.5,1027.85,36.0899
16,17,5,6,7,292.5,793.812,31.7583
16,17,5,6,8,337.5,27.4636,6.3152
16,17,5,7,1,22.5,0,0
16,17,5,7,2,67.5,392.592,21.3422
16,17,5,7,3,112.5,604.038,26.2585
16,17,5,7,4,157.5,1226.26,44.5136
16,17,5,7,5,202.5,852.021,32.2048
16,17,5,7,6,247.5,662.391,32.8052
16,17,5,7,7,292.5,506.599,24.2144
16,17,5,7,8,337.5,0,0
16,17,5,8,1,22.5,0,0
16,17,5,8,2,67.5,364.79,20.4172
16,17,5,8,3,112.5,478.747,22.8993
16,17,5,8,4,157.5,997.059,33.9094
16,17,5,8,5,202.5,644.844,28.6013
16,17,5,8,6,247.5,598.908,28.9514
16,17,5,8,7,292.5,425.64,22.1336
16,17,5,8,8,337.5,0,0
16,17,5,9,1,22.5,0,0
16,17,5,9,2,67.5,201.585,15.2254
16,17,5,9,3,112.5,238.918,15.9074
16,17,5,9,4,157.5,473.87,23.2282
16,17,5,9,5,202.5,341.089,19.4522
16,17,5,9,6,247.5,277.839,17.4527
16,17,5,9,7,292.5,160.488,13.2201
16,17,5,9,8,337.5,0,0
16,17,5,10,1,22.5,0,0
16,17,5,10,2,67.5,98.3648,10.28
16,17,5,10,3,112.5,103.164,10.5915
16,17,5,10,4,157.5,209.328,15.0969
16,17,5,10,5,202.5,148.395,13.0104
16,17,5,10,6,247.5,154.238,12.8003
16,17,5,10,7,292.5,68.9317,8.82918
16,17,5,10,8,337.5,0,0
16,17,5,11,1,22.5,0,0
16,17,5,11,2,67.5,25.5628,5.59956
16,17,5,11,3,112.5,35.8526,6.38254
16,17,5,11,4,157.5,68.5194,8.69602
16,17,5,11,5,202.5,42.8579,6.94903
16,17,5,11,6,247.5,50.0723,7.60227
16,17,5,11,7,292.5,0,0
16,17,5,11,8,337.5,0,0
16,17,6,1,1,22.5,639.161,30.4238
16,17,6,1,2,67.5,931.954,36.5605
16,17,6,1,3,112.5,1074.24,45.2889
16,17,6,1,4,157.5,1419.95,43.5923
16,17,6,1,5,202.5,1065.43,39.653
16,17,6,1,6,247.5,791.131,40.5414
16,17,6,1,7,292.5,601.124,29.2434
16,17,6,1,8,337.5,559.514,29.3955
16,17,6,2,1,22.5,292.77,21.0726
16,17,6,2,2,67.5,608.807,34.2422
16,17,6,2,3,112.5,1011.27,42.2556
16,17,6,2,4,157.5,1390.15,43.0237
16,17,6,2,5,202.5,1064,39.0089
16,17,6,2,6,247.5,480.43,29.9816
16,17,6,2,7,292.5,221.738,17.7827
16,17,6,2,8,337.5,207.454,17.3431
16,17,6,3,1,22.5,117.268,12.2993
16,17,6,3,2,67.5,391.655,22.3138
16,17,6,3,3,112.5,838.89,37.5279
16,17,6,3,4,157.5,1080.18,37.2545
16,17,6,3,5,202.5,822.607,33.5013
16,17,6,3,6,247.5,358.053,21.7462
16,17,6,3,7,292.5,170.974,15.7305
16,17,6,3,8,337.5,77.3592,10.0267
16,17,6,4,1,22.5,58.6252,8.32821
16,17,6,4,2,67.5,256.506,18.3408
16,17,6,4,3,112.5,707.736,29.0473
16,17,6,4,4,157.5,1027.82,35.4851
16,17,6,4,5,202.5,626.745,33.3185
16,17,6,4,6,247.5,359.668,22.0851
16,17,6,4,7,292.5,188.119,15.8454
16,17,6,4,8,337.5,0,0
16,17,6,5,1,22.5,18.5032,4.80043
16,17,6,5,2,67.5,257.58,17.476
16,17,6,5,3,112.5,967.584,37.5504
16,17,6,5,4,157.5,1512.48,43.0201
16,17,6,5,5,202.5,918.369,34.3518
16,17,6,5,6,247.5,571.703,26.6926
16,17,6,5,7,292.5,382.822,21.5105
16,17,6,5,8,337.5,15.4163,4.38988
16,17,6,6,1,22.5,0,0
16,17,6,6,2,67.5,132.177,12.0295
16,17,6,6,3,112.5,543.092,25.5037
16,17,6,6,4,157.5,898.743,36.3144
16,17,6,6,5,202.5,645.229,28.435
16,17,6,6,6,247.5,490.238,24.1766
16,17,6,6,7,292.5,361.081,20.4913
16,17,6,6,8,337.5,0,0
16,17,6,7,1,22.5,0,0
16,17,6,7,2,67.5,117.049,11.3454
16,17,6,7,3,112.5,344.567,19.7125
16,17,6,7,4,157.5,580.518,30.0651
16,17,6,7,5,202.5,348.709,23.131
16,17,6,7,6,247.5,348.908,19.9735
16,17,6,7,7,292.5,250.692,17.199
16,17,6,7,8,337.5,0,0
16,17,6,8,1,22.5,0,0
16,17,6,8,2,67.5,130.857,12.0555
16,17,6,8,3,112.5,283.871,17.4111
16,17,6,8,4,157.5,480.848,23.5412
16,17,6,8,5,202.5,322.618,19.12
16,17,6,8,6,247.5,283.785,17.857
16,17,6,8,7,292.5,188.148,14.5012
16,17,6,8,8,337.5,0,0
16,17,6,9,1,22.5,0,0
16,17,6,9,2,67.5,71.9486,8.85104
16,17,6,9,3,112.5,106.64,10.8264
16,17,6,9,4,157.5,244.954,16.1633
16,17,6,9,5,202.5,133.949,12.7475
16,17,6,9,6,247.5,114.747,11.3781
16,17,6,9,7,292.5,69.49,8.64147
16,17,6,9,8,337.5,0,0
16,17,6,10,1,22.5,0,0
16,17,6,10,2,67.5,27.5407,5.59052
16,17,6,10,3,112.5,0,0
16,17,6,10,4,157.5,79.302,9.33727
16,17,6,10,5,202.5,46.1643,7.17537
16,17,6,10,6,247.5,47.4091,7.17148
16,17,6,10,7,292.5,33.8942,6.27014
16,17,6,10,8,337.5,0,0
16,17,6,11,1,22.5,0,0
16,17,6,11,2,67.5,0,0
16,17,6,11,3,112.5,0,0
16,17,6,11,4,157.5,0,0
16,17,6,11,5,202.5,13.9047,6.19098
16,17,6,11,6,247.5,0,0
16,17,6,11,7,292.5,0,0
16,17,6,11,8,337.5,0,0
16,17,7,1,1,22.5,179.6,18.9538
16,17,7,1,2,67.5,366.353,21.5759
16,17,7,1,3,112.5,444.359,23.652
16,17,7,1,4,157.5,493.616,24.66
16,17,7,1,5,202.5,475.761,24.1694
16,17,7,1,6,247.5,318.63,20.2937
16,17,7,1,7,292.5,243.882,17.587
16,17,7,1,8,337.5,193.989,15.6154
16,17,7,2,1,22.5,98.3507,10.896
16,17,7,2,2,67.5,230.105,16.4883
16,17,7,2,3,112.5,372.982,21.6753
16,17,7,2,4,157.5,455.219,23.5355
16,17,7,2,5,202.5,323.221,20.0914
16,17,7,2,6,247.5,146.041,13.652
16,17,7,2,7,292.5,96.9369,10.4875
16,17,7,2,8,337.5,57.1164,8.71817
16,17,7,3,1,22.5,0,0
16,17,7,3,2,67.5,167.917,13.5511
16,17,7,3,3,112.5,244.526,19.2523
16,17,7,3,4,157.5,361.997,20.5169
16,17,7,3,5,202.5,228.446,18.4876
16,17,7,3,6,247.5,98.8001,11.7387
16,17,7,3,7,292.5,34.053,6.45146
16,17,7,3,8,337.5,0,0
16,17,7,4,1,22.5,0,0
16,17,7,4,2,67.5,81.3188,9.75391
16,17,7,4,3,112.5,223.086,16.4177
16,17,7,4,4,157.5,288.513,18.5643
16,17,7,4,5,202.5,190.777,15.2457
16,17,7,4,6,247.5,101.94,10.6037
16,17,7,4,7,292.5,53.9369,7.70793
16,17,7,4,8,337.5,0,0
16,17,7,5,1,22.5,0,0
16,17,7,5,2,67.5,78.1587,9.30365
16,17,7,5,3,112.5,282.833,18.5428
16,17,7,5,4,157.5,402.882,21.9589
16,17,7,5,5,202.5,285.084,17.9029
16,17,7,5,6,247.5,159.78,14.1506
16,17,7,5,7,292.5,87.144,10.2661
16,17,7,5,8,337.5,0,0
16,17,7,6,1,22.5,0,0
16,17,7,6,2,67.5,29.7256,5.86706
16,17,7,6,3,112.5,142.457,12.6056
16,17,7,6,4,157.5,213.783,15.4774
16,17,7,6,5,202.5,137.454,12.1666
16,17,7,6,6,247.5,112.18,11.0748
16,17,7,6,7,292.5,73.3993,9.11162
16,17,7,6,8,337.5,0,0
16,17,7,7,1,22.5,0,0
16,17,7,7,2,67.5,21.5491,5.46416
16,17,7,7,3,112.5,64.3263,8.62527
16,17,7,7,4,157.5,107.499,10.6995
16,17,7,7,5,202.5,80.7293,9.44049
16,17,7,7,6,247.5,55.111,8.41783
16,17,7,7,7,292.5,28.324,5.53758
16,17,7,7,8,337.5,0,0
16,17,7,8,1,22.5,0,0
16,17,7,8,2,67.5,0,0
16,17,7,8,3,112.5,0,0
16,17,7,8,4,157.5,52.5917,7.50964
16,17,7,8,5,202.5,37.3087,6.79578
16,17,7,8,6,247.5,45.9545,7.11273
16,17,7,8,7,292.5,0,0
16,17,7,8,8,337.5,0,0
16,17,7,9,1,22.5,0,0
16,17,7,9,2,67.5,0,0
16,17,7,9,3,112.5,0,0
16,17,7,9,4,157.5,0,0
16,17,7,9,5,202.5,0,0
16,17,7,9,6,247.5,0,0
16,17,7,9,7,292.5,0,0
16,17,7,9,8,337.5,0,0
16,17,7,10,1,22.5,0,0
16,17,7,10,2,67.5,0,0
16,17,7,10,3,112.5,0,0
16,17,7,10,4,157.5,0,0
16,17,7,10,5,202.5,0,0
16,17,7,10,6,247.5,0,0
16,17,7,10,7,292.5,0,0
16,17,7,10,8,337.5,0,0
16,17,7,11,1,22.5,0,0
16,17,7,11,2,67.5,0,0
16,17,7,11,3,112.5,0,0
16,17,7,11,4,157.5,0,0
16,17,7,11,5,202.5,0,0
16,17,7,11,6,247.5,0,0
16,17,7,11,7,292.5,0,0
16,17,7,11,8,337.5,0,0
16,17,8,1,1,22.5,0,0
16,17,8,1,2,67.5,0,0
16,17,8,1,3,112.5,0,0
16,17,8,1,4,157.5,0,0
16,17,8,1,5,202.5,0,0
16,17,8,1,6,247.5,0,0
16,17,8,1,7,292.5,0,0
16,17,8,1,8,337.5,0,0
16,17,8,2,1,22.5,0,0
16,17,8,2,2,67.5,0,0
16,17,8,2,3,112.5,0,0
16,17,8,2,4,157.5,9.89682,3.86906
16,17,8,2,5,202.5,20.1455,5.01995
16,17,8,2,6,247.5,0,0
16,17,8,2,7,292.5,0,0
16,17,8,2,8,337.5,0,0
16,17,8,3,1,22.5,0,0
16,17,8,3,2,67.5,0,0
16,17,8,3,3,112.5,0,0
16,17,8,3,4,157.5,0,0
16,17,8,3,5,202.5,0,0
16,17,8,3,6,247.5,0,0
16,17,8,3,7,292.5,0,0
16,17,8,3,8,337.5,0,0
16,17,8,4,1,22.5,0,0
16,17,8,4,2,67.5,0,0
16,17,8,4,3,112.5,0,0
16,17,8,4,4,157.5,0,0
16,17,8,4,5,202.5,0,0
16,17,8,4,6,247.5,0,0
16,17,8,4,7,292.5,0,0
16,17,8,4,8,337.5,0,0
16,17,8,5,1,22.5,0,0
16,17,8,5,2,67.5,0,0
16,17,8,5,3,112.5,0,0
16,17,8,5,4,157.5,0,0
16,17,8,5,5,202.5,0,0
16,17,8,5,6,247.5,0,0
16,17,8,5,7,292.5,0,0
16,17,8,5,8,337.5,0,0
16,17,8,6,1,22.5,0,0
16,17,8,6,2,67.5,0,0
16,17,8,6,3,112.5,0,0
16,17,8,6,4,157.5,0,0
16,17,8,6,5,202.5,0,0
16,17,8,6,6,247.5,0,0
16,17,8,6,7,292.5,0,0
16,17,8,6,8,337.5,0,0
16,17,8,7,1,22.5,0,0
16,17,8,7,2,67.5,0,0
16,17,8,7,3,112.5,0,0
16,17,8,7,4,157.5,0,0
16,17,8,7,5,202.5,0,0
16,17,8,7,6,247.5,0,0
16,17,8,7,7,292.5,0,0
16,17,8,7,8,337.5,0,0
16,17,8,8,1,22.5,0,0
16,17,8,8,2,67.5,0,0
16,17,8,8,3,112.5,0,0
16,17,8,8,4,157.5,0,0
16,17,8,8,5,202.5,0,0
16,17,8,8,6,247.5,0,0
16,17,8,8,7,292.5,0,0
16,17,8,8,8,337.5,0,0
16,17,8,9,1,22.5,0,0
16,17,8,9,2,67.5,0,0
16,17,8,9,3,112.5,0,0
16,17,8,9,4,157.5,0,0
16,17,8,9,5,202.5,0,0
16,17,8,9,6,247.5,0,0
16,17,8,9,7,292.5,0,0
16,17,8,9,8,337.5,0,0
16,17,8,10,1,22.5,0,0
16,17,8,10,2,67.5,0,0
16,17,8,10,3,112.5,0,0
16,17,8,10,4,157.5,0,0
16,17,8,10,5,202.5,0,0
16,17,8,10,6,247.5,0,0
16,17,8,10,7,292.5,0,0
16,17,8,10,8,337.5,0,0
16,17,8,11,1,22.5,0,0
16,17,8,11,2,67.5,0,0
16,17,8,11,3,112.5,0,0
16,17,8,11,4,157.5,0,0
16,17,8,11,5,202.5,0,0
16,17,8,11,6,247.5,0,0
16,17,8,11,7,292.5,0,0
16,17,8,11,8,337.5,0,0
17,18,1,1,1,22.5,0,0
17,18,1,1,2,67.5,0,0
17,18,1,1,3,112.5,0,0
17,18,1,1,4,157.5,0,0
17,18,1,1,5,202.5,0,0
17,18,1,1,6,247.5,0,0
17,18,1,1,7,292.5,0,0
17,18,1,1,8,337.5,0,0
17,18,1,2,1,22.5,0,0
17,18,1,2,2,67.5,0,0
17,18,1,2,3,112.5,0,0
17,18,1,2,4,157.5,0,0
17,18,1,2,5,202.5,0,0
17,18,1,2,6,247.5,0,0
17,18,1,2,7,292.5,0,0
17,18,1,2,8,337.5,0,0
17,18,1,3,1,22.5,0,0
17,18,1,3,2,67.5,0,0
17,18,1,3,3,112.5,0,0
17,18,1,3,4,157.5,0,0
17,18,1,3,5,202.5,0,0
17,18,1,3,6,247.5,0,0
17,18,1,3,7,292.5,0,0
17,18,1,3,8,337.5,0,0
17,18,1,4,1,22.5,0,0
17,18,1,4,2,67.5,0,0
17,18,1,4,3,112.5,0,0
17,18,1,4,4,157.5,0,0
17,18,1,4,5,202.5,0,0
17,18,1,4,6,247.5,0,0
17,18,1,4,7,292.5,0,0
17,18,1,4,8,337.5,0,0
17,18,1,5,1,22.5,0,0
17,18,1,5,2,67.5,0,0
17,18,1,5,3,112.5,0,0
17,18,1,5,4,157.5,0,0
17,18,1,5,5,202.5,0,0
17,18,1,5,6,247.5,0,0
17,18,1,5,7,292.5,0,0
17,18,1,5,8,337.5,0,0
17,18,1,6,1,22.5,0,0
17,18,1,6,2,67.5,0,0
17,18,1,6,3,112.5,0,0
17,18,1,6,4,157.5,0,0
17,18,1,6,5,202.5,0,0
17,18,1,6,6,247.5,0,0
17,18,1,6,7,292.5,0,0
17,18,1,6,8,337.5,0,0
17,18,1,7,1,22.5,0,0
17,18,1,7,2,67.5,0,0
17,18,1,7,3,112.5,0,0
17,18,1,7,4,157.5,0,0
17,18,1,7,5,202.5,0,0
17,18,1,7,6,247.5,0,0
17,18,1,7,7,292.5,0,0
17,18,1,7,8,337.5,0,0
17,18,1,8,1,22.5,0,0
17,18,1,8,2,67.5,0,0
17,18,1,8,3,112.5,0,0
17,18,1,8,4,157.5,0,0
17,18,1,8,5,202.5,0,0
17,18,1,8,6,247.5,0,0
17,18,1,8,7,292.5,0,0
17,18,1,8,8,337.5,0,0
17,18,1,9,1,22.5,0,0
17,18,1,9,2,67.5,0,0
17,18,1,9,3,112.5,0,0
17,18,1,9,4,157.5,0,0
17,18,1,9,5,202.5,0,0
17,18,1,9,6,247.5,0,0
17,18,1,9,7,292.5,0,0
17,18,1,9,8,337.5,0,0
17,18,1,10,1,22.5,0,0
17,18,1,10,2,67.5,0,0
17,18,1,10,3,112.5,0,0
17,18,1,10,4,157.5,0,0
17,18,1,10,5,202.5,0,0
17,18,1,10,6,247.5,0,0
17,18,1,10,7,292.5,0,0
17,18,1,10,8,337.5,0,0
17,18,1,11,1,22.5,0,0
17,18,1,11,2,67.5,0,0
17,18,1,11,3,112.5,0,0
17,18,1,11,4,157.5,0,0
17,18,1,11,5,202.5,0,0
17,18,1,11,6,247.5,0,0
17,18,1,11,7,292.5,0,0
17,18,1,11,8,337.5,0,0
17,18,2,1,1,22.5,0,0
17,18,2,1,2,67.5,0,0
17,18,2,1,3,112.5,0,0
17,18,2,1,4,157.5,0,0
17,18,2,1,5,202.5,0,0
17,18,2,1,6,247.5,0,0
17,18,2,1,7,292.5,0,0
17,18,2,1,8,337.5,0,0
17,18,2,2,1,22.5,0,0
17,18,2,2,2,67.5,0,0
17,18,2,2,3,112.5,0,0
17,18,2,2,4,157.5,0,0
17,18,2,2,5,202.5,0,0
17,18,2,2,6,247.5,0,0
17,18,2,2,7,292.5,0,0
17,18,2,2,8,337.5,0,0
17,18,2,3,1,22.5,0,0
17,18,2,3,2,67.5,0,0
17,18,2,3,3,112.5,0,0
17,18,2,3,4,157.5,0,0
17,18,2,3,5,202.5,0,0
17,18,2,3,6,247.5,0,0
17,18,2,3,7,292.5,0,0
17,18,2,3,8,337.5,0,0
17,18,2,4,1,22.5,0,0
17,18,2,4,2,67.5,0,0
17,18,2,4,3,112.5,0,0
17,18,2,4,4,157.5,0,0
17,18,2,4,5,202.5,0,0
17,18,2,4,6,247.5,0,0
17,18,2,4,7,292.5,0,0
17,18,2,4,8,337.5,0,0
17,18,2,5,1,22.5,0,0
17,18,2,5,2,67.5,0,0
17,18,2,5,3,112.5,0,0
17,18,2,5,4,157.5,0,0
17,18,2,5,5,202.5,0,0
17,18,2,5,6,247.5,0,0
17,18,2,5,7,292.5,0,0
17,18,2,5,8,337.5,0,0
17,18,2,6,1,22.5,0,0
17,18,2,6,2,67.5,0,0
17,18,2,6,3,112.5,0,0
17,18,2,6,4,157.5,0,0
17,18,2,6,5,202.5,0,0
17,18,2,6,6,247.5,0,0
17,18,2,6,7,292.5,0,0
17,18,2,6,8,337.5,0,0
17,18,2,7,1,22.5,0,0
17,18,2,7,2,67.5,0,0
17,18,2,7,3,112.5,0,0
17,18,2,7,4,157.5,0,0
17,18,2,7,5,202.5,0,0
17,18,2,7,6,247.5,0,0
17,18,2,7,7,292.5,0,0
17,18,2,7,8,337.5,0,0
17,18,2,8,1,22.5,0,0
17,18,2,8,2,67.5,0,0
17,18,2,8,3,112.5,0,0
17,18,2,8,4,157.5,0,0
17,18,2,8,5,202.5,0,0
17,18,2,8,6,247.5,0,0
17,18,2,8,7,292.5,0,0
17,18,2,8,8,337.5,0,0
17,18,2,9,1,22.5,0,0
17,18,2,9,2,67.5,0,0
17,18,2,9,3,112.5,0,0
17,18,2,9,4,157.5,0,0
17,18,2,9,5,202.5,0,0
17,18,2,9,6,247.5,0,0
17,18,2,9,7,292.5,0,0
17,18,2,9,8,337.5,0,0
17,18,2,10,1,22.5,0,0
17,18,2,10,2,67.5,0,0
17,18,2,10,3,112.5,0,0
17,18,2,10,4,157.5,0,0
17,18,2,10,5,202.5,0,0
17,18,2,10,6,247.5,0,0
17,18,2,10,7,292.5,0,0
17,18,2,10,8,337.5,0,0
17,18,2,11,1,22.5,0,0
17,18,2,11,2,67.5,0,0
17,18,2,11,3,112.5,0,0
17,18,2,11,4,157.5,0,0
17,18,2,11,5,202.5,0,0
17,18,2,11,6,247.5,0,0
17,18,2,11,7,292.5,0,0
17,18,2,11,8,337.5,0,0
17,18,3,1,1,22.5,0,0
17,18,3,1,2,67.5,0,0
17,18,3,1,3,112.5,0,0
17,18,3,1,4,157.5,0,0
17,18,3,1,5,202.5,0,0
17,18,3,1,6,247.5,0,0
17,18,3,1,7,292.5,0,0
17,18,3,1,8,337.5,0,0
17,18,3,2,1,22.5,0,0
17,18,3,2,2,67.5,0,0
17,18,3,2,3,112.5,0,0
17,18,3,2,4,157.5,0,0
17,18,3,2,5,202.5,0,0
17,18,3,2,6,247.5,0,0
17,18,3,2,7,292.5,0,0
17,18,3,2,8,337.5,0,0
17,18,3,3,1,22.5,0,0
17,18,3,3,2,67.5,0,0
17,18,3,3,3,112.5,0,0
17,18,3,3,4,157.5,0,0
17,18,3,3,5,202.5,0,0
17,18,3,3,6,247.5,0,0
17,18,3,3,7,292.5,0,0
17,18,3,3,8,337.5,0,0
17,18,3,4,1,22.5,0,0
17,18,3,4,2,67.5,0,0
17,18,3,4,3,112.5,0,0
17,18,3,4,4,157.5,0,0
17,18,3,4,5,202.5,0,0
17,18,3,4,6,247.5,0,0
17,18,3,4,7,292.5,0,0
17,18,3,4,8,337.5,0,0
17,18,3,5,1,22.5,0,0
17,18,3,5,2,67.5,0,0
17,18,3,5,3,112.5,0,0
17,18,3,5,4,157.5,0,0
17,18,3,5,5,202.5,0,0
17,18,3,5,6,247.5,0,0
17,18,3,5,7,292.5,0,0
17,18,3,5,8,337.5,0,0
17,18,3,6,1,22.5,0,0
17,18,3,6,2,67.5,0,0
17,18,3,6,3,112.5,0,0
17,18,3,6,4,157.5,0,0
17,18,3,6,5,202.5,0,0
17,18,3,6,6,247.5,0,0
17,18,3,6,7,292.5,0,0
17,18,3,6,8,337.5,0,0
17,18,3,7,1,22.5,0,0
17,18,3,7,2,67.5,0,0
17,18,3,7,3,112.5,0,0
17,18,3,7,4,157.5,0,0
17,18,3,7,5,202.5,0,0
17,18,3,7,6,247.5,0,0
17,18,3,7,7,292.5,0,0
17,18,3,7,8,337.5,0,0
17,18,3,8,1,22.5,0,0
17,18,3,8,2,67.5,0,0
17,18,3,8,3,112.5,0,0
17,18,3,8,4,157.5,0,0
17,18,3,8,5,202.5,0,0
17,18,3,8,6,247.5,0,0
17,18,3,8,7,292.5,0,0
17,18,3,8,8,337.5,0,0
17,18,3,9,1,22.5,0,0
17,18,3,9,2,67.5,0,0
17,18,3,9,3,112.5,0,0
17,18,3,9,4,157.5,0,0
17,18,3,9,5,202.5,0,0
17,18,3,9,6,247.5,0,0
17,18,3,9,7,292.5,0,0
17,18,3,9,8,337.5,0,0
17,18,3,10,1,22.5,0,0
17,18,3,10,2,67.5,0,0
17,18,3,10,3,112.5,0,0
17,18,3,10,4,157.5,0,0
17,18,3,10,5,202.5,0,0
17,18,3,10,6,247.5,0,0
17,18,3,10,7,292.5,0,0
17,18,3,10,8,337.5,0,0
17,18,3,11,1,22.5,0,0
17,18,3,11,2,67.5,0,0
17,18,3,11,3,112.5,0,0
17,18,3,11,4,157.5,0,0
17,18,3,11,5,202.5,0,0
17,18,3,11,6,247.5,0,0
17,18,3,11,7,292.5,0,0
17,18,3,11,8,337.5,0,0
17,18,4,1,1,22.5,0,0
17,18,4,1,2,67.5,0,0
17,18,4,1,3,112.5,0,0
17,18,4,1,4,157.5,0,0
17,18,4,1,5,202.5,0,0
17,18,4,1,6,247.5,0,0
17,18,4,1,7,292.5,0,0
17,18,4,1,8,337.5,0,0
17,18,4,2,1,22.5,0,0
17,18,4,2,2,67.5,0,0
17,18,4,2,3,112.5,0,0
17,18,4,2,4,157.5,0,0
17,18,4,2,5,202.5,0,0
17,18,4,2,6,247.5,0,0
17,18,4,2,7,292.5,0,0
17,18,4,2,8,337.5,0,0
17,18,4,3,1,22.5,0,0
17,18,4,3,2,67.5,0,0
17,18,4,3,3,112.5,0,0
17,18,4,3,4,157.5,0,0
17,18,4,3,5,202.5,0,0
17,18,4,3,6,247.5,0,0
17,18,4,3,7,292.5,0,0
17,18,4,3,8,337.5,0,0
17,18,4,4,1,22.5,0,0
17,18,4,4,2,67.5,0,0
17,18,4,4,3,112.5,0,0
17,18,4,4,4,157.5,0,0
17,18,4,4,5,202.5,0,0
17,18,4,4,6,247.5,0,0
17,18,4,4,7,292.5,0,0
17,18,4,4,8,337.5,0,0
17,18,4,5,1,22.5,0,0
17,18,4,5,2,67.5,0,0
17,18,4,5,3,112.5,0,0
17,18,4,5,4,157.5,0,0
17,18,4,5,5,202.5,0,0
17,18,4,5,6,247.5,0,0
17,18,4,5,7,292.5,0,0
17,18,4,5,8,337.5,0,0
17,18,4,6,1,22.5,0,0
17,18,4,6,2,67.5,0,0
17,18,4,6,3,112.5,0,0
17,18,4,6,4,157.5,0,0
17,18,4,6,5,202.5,0,0
17,18,4,6,6,247.5,0,0
17,18,4,6,7,292.5,0,0
17,18,4,6,8,337.5,0,0
17,18,4,7,1,22.5,0,0
17,18,4,7,2,67.5,0,0
17,18,4,7,3,112.5,0,0
17,18,4,7,4,157.5,0,0
17,18,4,7,5,202.5,0,0
17,18,4,7,6,247.5,0,0
17,18,4,7,7,292.5,0,0
17,18,4,7,8,337.5,0,0
17,18,4,8,1,22.5,0,0
17,18,4,8,2,67.5,0,0
17,18,4,8,3,112.5,0,0
17,18,4,8,4,157.5,0,0
17,18,4,8,5,202.5,0,0
17,18,4,8,6,247.5,0,0
17,18,4,8,7,292.5,0,0
17,18,4,8,8,337.5,0,0
17,18,4,9,1,22.5,0,0
17,18,4,9,2,67.5,0,0
17,18,4,9,3,112.5,0,0
17,18,4,9,4,157.5,0,0
17,18,4,9,5,202.5,0,0
17,18,4,9,6,247.5,0,0
17,18,4,9,7,292.5,0,0
17,18,4,9,8,337.5,0,0
17,18,4,10,1,22.5,0,0
17,18,4,10,2,67.5,0,0
17,18,4,10,3,112.5,0,0
17,18,4,10,4,157.5,0,0
17,18,4,10,5,202.5,0,0
17,18,4,10,6,247.5,0,0
17,18,4,10,7,292.5,0,0
17,18,4,10,8,337.5,0,0
17,18,4,11,1,22.5,0,0
17,18,4,11,2,67.5,0,0
17,18,4,11,3,112.5,0,0
17,18,4,11,4,157.5,0,0
17,18,4,11,5,202.5,0,0
17,18,4,11,6,247.5,0,0
17,18,4,11,7,292.5,0,0
17,18,4,11,8,337.5,0,0
17,18,5,1,1,22.5,0,0
17,18,5,1,2,67.5,0,0
17,18,5,1,3,112.5,0,0
17,18,5,1,4,157.5,0,0
17,18,5,1,5,202.5,0,0
17,18,5,1,6,247.5,0,0
17,18,5,1,7,292.5,0,0
17,18,5,1,8,337.5,0,0
17,18,5,2,1,22.5,0,0
17,18,5,2,2,67.5,0,0
17,18,5,2,3,112.5,0,0
17,18,5,2,4,157.5,0,0
17,18,5,2,5,202.5,0,0
17,18,5,2,6,247.5,0,0
17,18,5,2,7,292.5,0,0
17,18,5,2,8,337.5,0,0
17,18,5,3,1,22.5,0,0
17,18,5,3,2,67.5,0,0
17,18,5,3,3,112.5,0,0
17,18,5,3,4,157.5,0,0
17,18,5,3,5,202.5,0,0
17,18,5,3,6,247.5,0,0
17,18,5,3,7,292.5,0,0
17,18,5,3,8,337.5,0,0
17,18,5,4,1,22.5,0,0
17,18,5,4,2,67.5,0,0
17,18,5,4,3,112.5,0,0
17,18,5,4,4,157.5,0,0
17,18,5,4,5,202.5,0,0
17,18,5,4,6,247.5,0,0
17,18,5,4,7,292.5,0,0
17,18,5,4,8,337.5,0,0
17,18,5,5,1,22.5,0,0
17,18,5,5,2,67.5,0,0
17,18,5,5,3,112.5,0,0
17,18,5,5,4,157.5,0,0
17,18,5,5,5,202.5,0,0
17,18,5,5,6,247.5,0,0
17,18,5,5,7,292.5,0,0
17,18,5,5,8,337.5,0,0
17,18,5,6,1,22.5,0,0
17,18,5,6,2,67.5,0,0
17,18,5,6,3,112.5,0,0
17,18,5,6,4,157.5,0,0
17,18,5,6,5,202.5,0,0
17,18,5,6,6,247.5,0,0
17,18,5,6,7,292.5,0,0
17,18,5,6,8,337.5,0,0
17,18,5,7,1,22.5,0,0
17,18,5,7,2,67.5,0,0
17,18,5,7,3,112.5,0,0
17,18,5,7,4,157.5,0,0
17,18,5,7,5,202.5,0,0
17,18,5,7,6,247.5,0,0
17,18,5,7,7,292.5,0,0
17,18,5,7,8,337.5,0,0
17,18,5,8,1,22.5,0,0
17,18,5,8,2,67.5,0,0
17,18,5,8,3,112.5,0,0
17,18,5,8,4,157.5,0,0
17,18,5,8,5,202.5,0,0
17,18,5,8,6,247.5,0,0
17,18,5,8,7,292.5,0,0
17,18,5,8,8,337.5,0,0
17,18,5,9,1,22.5,0,0
17,18,5,9,2,67.5,0,0
17,18,5,9,3,112.5,0,0
17,18,5,9,4,157.5,0,0
17,18,5,9,5,202.5,0,0
17,18,5,9,6,247.5,0,0
17,18,5,9,7,292.5,0,0
17,18,5,9,8,337.5,0,0
17,18,5,10,1,22.5,0,0
17,18,5,10,2,67.5,0,0
17,18,5,10,3,112.5,0,0
17,18,5,10,4,157.5,0,0
17,18,5,10,5,202.5,0,0
17,18,5,10,6,247.5,0,0
17,18,5,10,7,292.5,0,0
17,18,5,10,8,337.5,0,0
17,18,5,11,1,22.5,0,0
17,18,5,11,2,67.5,0,0
17,18,5,11,3,112.5,0,0
17,18,5,11,4,157.5,0,0
17,18,5,11,5,202.5,0,0
17,18,5,11,6,247.5,0,0
17,18,5,11,7,292.5,0,0
17,18,5,11,8,337.5,0,0
17,18,6,1,1,22.5,0,0
17,18,6,1,2,67.5,0,0
17,18,6,1,3,112.5,0,0
17,18,6,1,4,157.5,0,0
17,18,6,1,5,202.5,0,0
17,18,6,1,6,247.5,0,0
17,18,6,1,7,292.5,0,0
17,18,6,1,8,337.5,0,0
17,18,6,2,1,22.5,0,0
17,18,6,2,2,67.5,0,0
17,18,6,2,3,112.5,0,0
17,18,6,2,4,157.5,0,0
17,18,6,2,5,202.5,0,0
17,18,6,2,6,247.5,0,0
17,18,6,2,7,292.5,0,0
17,18,6,2,8,337.5,0,0
17,18,6,3,1,22.5,0,0
17,18,6,3,2,67.5,0,0
17,18,6,3,3,112.5,0,0
17,18,6,3,4,157.5,0,0
17,18,6,3,5,202.5,0,0
17,18,6,3,6,247.5,0,0
17,18,6,3,7,292.5,0,0
17,18,6,3,8,337.5,0,0
17,18,6,4,1,22.5,0,0
17,18,6,4,2,67.5,0,0
17,18,6,4,3,112.5,0,0
17,18,6,4,4,157.5,0,0
17,18,6,4,5,202.5,0,0
17,18,6,4,6,247.5,0,0
17,18,6,4,7,292.5,0,0
17,18,6,4,8,337.5,0,0
17,18,6,5,1,22.5,0,0
17,18,6,5,2,67.5,0,0
17,18,6,5,3,112.5,0,0
17,18,6,5,4,157.5,0,0
17,18,6,5,5,202.5,0,0
17,18,6,5,6,247.5,0,0
17,18,6,5,7,292.5,0,0
17,18,6,5,8,337.5,0,0
17,18,6,6,1,22.5,0,0
17,18,6,6,2,67.5,0,0
17,18,6,6,3,112.5,0,0
17,18,6,6,4,157.5,0,0
17,18,6,6,5,202.5,0,0
17,18,6,6,6,247.5,0,0
17,18,6,6,7,292.5,0,0
17,18,6,6,8,337.5,0,0
17,18,6,7,1,22.5,0,0
17,18,6,7,2,67.5,0,0
17,18,6,7,3,112.5,0,0
17,18,6,7,4,157.5,0,0
17,18,6,7,5,202.5,0,0
17,18,6,7,6,247.5,0,0
17,18,6,7,7,292.5,0,0
17,18,6,7,8,337.5,0,0
17,18,6,8,1,22.5,0,0
17,18,6,8,2,67.5,0,0
17,18,6,8,3,112.5,0,0
17,18,6,8,4,157.5,0,0
17,18,6,8,5,202.5,0,0
17,18,6,8,6,247.5,0,0
17,18,6,8,7,292.5,0,0
17,18,6,8,8,337.5,0,0
17,18,6,9,1,22.5,0,0
17,18,6,9,2,67.5,0,0
17,18,6,9,3,112.5,0,0
17,18,6,9,4,157.5,0,0
17,18,6,9,5,202.5,0,0
17,18,6,9,6,247.5,0,0
17,18,6,9,7,292.5,0,0
17,18,6,9,8,337.5,0,0
17,18,6,10,1,22.5,0,0
17,18,6,10,2,67.5,0,0
17,18,6,10,3,112.5,0,0
17,18,6,10,4,157.5,0,0
17,18,6,10,5,202.5,0,0
17,18,6,10,6,247.5,0,0
17,18,6,10,7,292.5,0,0
17,18,6,10,8,337.5,0,0
17,18,6,11,1,22.5,0,0
17,18,6,11,2,67.5,0,0
17,18,6,11,3,112.5,0,0
17,18,6,11,4,157.5,0,0
17,18,6,11,5,202.5,0,0
17,18,6,11,6,247.5,0,0
17,18,6,11,7,292.5,0,0
17,18,6,11,8,337.5,0,0
17,18,7,1,1,22.5,0,0
17,18,7,1,2,67.5,0,0
17,18,7,1,3,112.5,0,0
17,18,7,1,4,157.5,0,0
17,18,7,1,5,202.5,0,0
17,18,7,1,6,247.5,0,0
17,18,7,1,7,292.5,0,0
17,18,7,1,8,337.5,0,0
17,18,7,2,1,22.5,0,0
17,18,7,2,2,67.5,0,0
17,18,7,2,3,112.5,0,0
17,18,7,2,4,157.5,0,0
17,18,7,2,5,202.5,0,0
17,18,7,2,6,247.5,0,0
17,18,7,2,7,292.5,0,0
17,18,7,2,8,337.5,0,0
17,18,7,3,1,22.5,0,0
17,18,7,3,2,67.5,0,0
17,18,7,3,3,112.5,0,0
17,18,7,3,4,157.5,0,0
17,18,7,3,5,202.5,0,0
17,18,7,3,6,247.5,0,0
17,18,7,3,7,292.5,0,0
17,18,7,3,8,337.5,0,0
17,18,7,4,1,22.5,0,0
17,18,7,4,2,67.5,0,0
17,18,7,4,3,112.5,0,0
17,18,7,4,4,157.5,0,0
17,18,7,4,5,202.5,0,0
17,18,7,4,6,247.5,0,0
17,18,7,4,7,292.5,0,0
17,18,7,4,8,337.5,0,0
17,18,7,5,1,22.5,0,0
17,18,7,5,2,67.5,0,0
17,18,7,5,3,112.5,0,0
17,18,7,5,4,157.5,0,0
17,18,7,5,5,202.5,0,0
17,18,7,5,6,247.5,0,0
17,18,7,5,7,292.5,0,0
17,18,7,5,8,337.5,0,0
17,18,7,6,1,22.5,0,0
17,18,7,6,2,67.5,0,0
17,18,7,6,3,112.5,0,0
17,18,7,6,4,157.5,0,0
17,18,7,6,5,202.5,0,0
17,18,7,6,6,247.5,0,0
17,18,7,6,7,292.5,0,0
17,18,7,6,8,337.5,0,0
17,18,7,7,1,22.5,0,0
17,18,7,7,2,67.5,0,0
17,18,7,7,3,112.5,0,0
17,18,7,7,4,157.5,0,0
17,18,7,7,5,202.5,0,0
17,18,7,7,6,247.5,0,0
17,18,7,7,7,292.5,0,0
17,18,7,7,8,337.5,0,0
17,18,7,8,1,22.5,0,0
17,18,7,8,2,67.5,0,0
17,18,7,8,3,112.5,0,0
17,18,7,8,4,157.5,0,0
17,18,7,8,5,202.5,0,0
17,18,7,8,6,247.5,0,0
17,18,7,8,7,292.5,0,0
17,18,7,8,8,337.5,0,0
17,18,7,9,1,22.5,0,0
17,18,7,9,2,67.5,0,0
17,18,7,9,3,112.5,0,0
17,18,7,9,4,157.5,0,0
17,18,7,9,5,202.5,0,0
17,18,7,9,6,247.5,0,0
17,18,7,9,7,292.5,0,0
17,18,7,9,8,337.5,0,0
17,18,7,10,1,22.5,0,0
17,18,7,10,2,67.5,0,0
17,18,7,10,3,112.5,0,0
17,18,7,10,4,157.5,0,0
17,18,7,10,5,202.5,0,0
17,18,7,10,6,247.5,0,0
17,18,7,10,7,292.5,0,0
17,18,7,10,8,337.5,0,0
17,18,7,11,1,22.5,0,0
17,18,7,11,2,67.5,0,0
17,18,7,11,3,112.5,0,0
17,18,7,11,4,157.5,0,0
17,18,7,11,5,202.5,0,0
17,18,7,11,6,247.5,0,0
17,18,7,11,7,292.5,0,0
17,18,7,11,8,337.5,0,0
17,18,8,1,1,22.5,0,0
17,18,8,1,2,67.5,0,0
17,18,8,1,3,112.5,0,0
17,18,8,1,4,157.5,0,0
17,18,8,1,5,202.5,0,0
17,18,8,1,6,247.5,0,0
17,18,8,1,7,292.5,0,0
17,18,8,1,8,337.5,0,0
17,18,8,2,1,22.5,0,0
17,18,8,2,2,67.5,0,0
17,18,8,2,3,112.5,0,0
17,18,8,2,4,157.5,0,0
17,18,8,2,5,202.5,0,0
17,18,8,2,6,247.5,0,0
17,18,8,2,7,292.5,0,0
17,18,8,2,8,337.5,0,0
17,18,8,3,1,22.5,0,0
17,18,8,3,2,67.5,0,0
17,18,8,3,3,112.5,0,0
17,18,8,3,4,157.5,0,0
17,18,8,3,5,202.5,0,0
17,18,8,3,6,247.5,0,0
17,18,8,3,7,292.5,0,0
17,18,8,3,8,337.5,0,0
17,18,8,4,1,22.5,0,0
17,18,8,4,2,67.5,0,0
17,18,8,4,3,112.5,0,0
17,18,8,4,4,157.5,0,0
17,18,8,4,5,202.5,0,0
17,18,8,4,6,247.5,0,0
17,18,8,4,7,292.5,0,0
17,18,8,4,8,337.5,0,0
17,18,8,5,1,22.5,0,0
17,18,8,5,2,67.5,0,0
17,18,8,5,3,112.5,0,0
17,18,8,5,4,157.5,0,0
17,18,8,5,5,202.5,0,0
17,18,8,5,6,247.5,0,0
17,18,8,5,7,292.5,0,0
17,18,8,5,8,337.5,0,0
17,18,8,6,1,22.5,0,0
17,18,8,6,2,67.5,0,0
17,18,8,6,3,112.5,0,0
17,18,8,6,4,157.5,0,0
17,18,8,6,5,202.5,0,0
17,18,8,6,6,247.5,0,0
17,18,8,6,7,292.5,0,0
17,18,8,6,8,337.5,0,0
17,18,8,7,1,22.5,0,0
17,18,8,7,2,67.5,0,0
17,18,8,7,3,112.5,0,0
17,18,8,7,4,157.5,0,0
17,18,8,7,5,202.5,0,0
17,18,8,7,6,247.5,0,0
17,18,8,7,7,292.5,0,0
17,18,8,7,8,337.5,0,0
17,18,8,8,1,22.5,0,0
17,18,8,8,2,67.5,0,0
17,18,8,8,3,112.5,0,0
17,18,8,8,4,157.5,0,0
17,18,8,8,5,202.5,0,0
17,18,8,8,6,247.5,0,0
17,18,8,8,7,292.5,0,0
17,18,8,8,8,337.5,0,0
17,18,8,9,1,22.5,0,0
17,18,8,9,2,67.5,0,0
17,18,8,9,3,112.5,0,0
17,18,8,9,4,157.5,0,0
17,18,8,9,5,202.5,0,0
17,18,8,9,6,247.5,0,0
17,18,8,9,7,292.5,0,0
17,18,8,9,8,337.5,0,0
17,18,8,10,1,22.5,0,0
17,18,8,10,2,67.5,0,0
17,18,8,10,3,112.5,0,0
17,18,8,10,4,157.5,0,0
17,18,8,10,5,202.5,0,0
17,18,8,10,6,247.5,0,0
17,18,8,10,7,292.5,0,0
17,18,8,10,8,337.5,0,0
17,18,8,11,1,22.5,0,0
17,18,8,11,2,67.5,0,0
17,18,8,11,3,112.5,0,0
17,18,8,11,4,157.5,0,0
17,18,8,11,5,202.5,0,0
17,18,8,11,6,247.5,0,0
17,18,8,11,7,292.5,0,0
17,18,8,11,8,337.5,0,0
18,19,1,1,1,22.5,247.771,62.422
18,19,1,1,2,67.5,479.253,68.4445
18,19,1,1,3,112.5,5256.62,240.261
18,19,1,1,4,157.5,0,0
18,19,1,1,5,202.5,4768.21,184.873
18,19,1,1,6,247.5,2500.71,236.962
18,19,1,1,7,292.5,1182.46,110.816
18,19,1,1,8,337.5,0,0
18,19,1,2,1,22.5,288.83,52.5878
18,19,1,2,2,67.5,2212.35,122.62
18,19,1,2,3,112.5,3454.17,202.294
18,19,1,2,4,157.5,4860.91,302.033
18,19,1,2,5,202.5,3202.37,170.733
18,19,1,2,6,247.5,2523.9,215.439
18,19,1,2,7,292.5,3060.06,117.752
18,19,1,2,8,337.5,0,0
18,19,1,3,1,22.5,296.247,54.5987
18,19,1,3,2,67.5,2552.94,126.576
18,19,1,3,3,112.5,2633.6,97.1355
18,19,1,3,4,157.5,3540.34,169.726
18,19,1,3,5,202.5,2471.47,153.687
18,19,1,3,6,247.5,3298.41,108.632
18,19,1,3,7,292.5,2011.17,107.886
18,19,1,3,8,337.5,220.906,33.4322
18,19,1,4,1,22.5,396.54,33.3723
18,19,1,4,2,67.5,1406.68,64.521
18,19,1,4,3,112.5,2099.28,71.4942
18,19,1,4,4,157.5,1708.62,97.442
18,19,1,4,5,202.5,1265.58,67.1264
18,19,1,4,6,247.5,2458.53,78.7571
18,19,1,4,7,292.5,1465.43,62.3035
18,19,1,4,8,337.5,245.31,32.0975
18,19,1,5,1,22.5,737.342,37.9818
18,19,1,5,2,67.5,1452.77,58.5298
18,19,1,5,3,112.5,1822.09,62.5776
18,19,1,5,4,157.5,1238.32,52.7735
18,19,1,5,5,202.5,768.045,42.5585
18,19,1,5,6,247.5,1884.48,65.8829
18,19,1,5,7,292.5,1676.63,60.0736
18,19,1,5,8,337.5,450.335,30.7742
18,19,1,6,1,22.5,166.06,15.5786
18,19,1,6,2,67.5,214.265,19.1099
18,19,1,6,3,112.5,305.942,22.1014
18,19,1,6,4,157.5,102.597,13.672
18,19,1,6,5,202.5,87.4593,13.2501
18,19,1,6,6,247.5,199.41,21.1942
18,19,1,6,7,292.5,326.483,22.0139
18,19,1,6,8,337.5,83.3967,10.8911
18,19,1,7,1,22.5,0,0
18,19,1,7,2,67.5,0,0
18,19,1,7,3,112.5,0,0
18,19,1,7,4,157.5,0,0
18,19,1,7,5,202.5,0,0
18,19,1,7,6,247.5,0,0
18,19,1,7,7,292.5,0,0
18,19,1,7,8,337.5,0,0
18,19,1,8,1,22.5,0,0
18,19,1,8,2,67.5,0,0
18,19,1,8,3,112.5,0,0
18,19,1,8,4,157.5,0,0
18,19,1,8,5,202.5,0,0
18,19,1,8,6,247.5,0,0
18,19,1,8,7,292.5,0,0
18,19,1,8,8,337.5,0,0
18,19,1,9,1,22.5,0,0
18,19,1,9,2,67.5,0,0
18,19,1,9,3,112.5,0,0
18,19,1,9,4,157.5,0,0
18,19,1,9,5,202.5,0,0
18,19,1,9,6,247.5,0,0
18,19,1,9,7,292.5,0,0
18,19,1,9,8,337.5,0,0
18,19,1,10,1,22.5,0,0
18,19,1,10,2,67.5,0,0
18,19,1,10,3,112.5,0,0
18,19,1,10,4,157.5,0,0
18,19,1,10,5,202.5,0,0
18,19,1,10,6,247.5,0,0
18,19,1,10,7,292.5,0,0
18,19,1,10,8,337.5,0,0
18,19,1,11,1,22.5,0,0
18,19,1,11,2,67.5,0,0
18,19,1,11,3,112.5,0,0
18,19,1,11,4,157.5,0,0
18,19,1,11,5,202.5,0,0
18,19,1,11,6,247.5,0,0
18,19,1,11,7,292.5,0,0
18,19,1,11,8,337.5,0,0
18,19,2,1,1,22.5,0,0
18,19,2,1,2,67.5,3398.95,142.522
18,19,2,1,3,112.5,6320.23,174.866
18,19,2,1,4,157.5,6044.88,284.28
18,19,2,1,5,202.5,4880.79,169.216
18,19,2,1,6,247.5,7030.54,182.722
18,19,2,1,7,292.5,2234.8,154.759
18,19,2,1,8,337.5,0,0
18,19,2,2,1,22.5,488.46,45.8483
18,19,2,2,2,67.5,2351.04,90.6087
18,19,2,2,3,112.5,6556.81,164.008
18,19,2,2,4,157.5,11649.6,196.339
18,19,2,2,5,202.5,6871.71,226.307
18,19,2,2,6,247.5,5156.5,206.031
18,19,2,2,7,292.5,4183.18,121.021
18,19,2,2,8,337.5,248.479,54.1743
18,19,2,3,1,22.5,823.079,41.7484
18,19,2,3,2,67.5,4657.99,106.094
18,19,2,3,3,112.5,4910.51,155.253
18,19,2,3,4,157.5,11074.5,247.882
18,19,2,3,5,202.5,5467.55,143.453
18,19,2,3,6,247.5,7564.86,144.821
18,19,2,3,7,292.5,4023.19,107.836
18,19,2,3,8,337.5,355.398,35.1772
18,19,2,4,1,22.5,550.769,32.3691
18,19,2,4,2,67.5,4829.76,129.631
18,19,2,4,3,112.5,4513.2,93.1072
18,19,2,4,4,157.5,8397.17,190.247
18,19,2,4,5,202.5,4172.56,93.4468
18,19,2,4,6,247.5,7641.62,181.039
18,19,2,4,7,292.5,3338.68,108.232
18,19,2,4,8,337.5,279.572,36.4227
18,19,2,5,1,22.5,1554.48,55.9568
18,19,2,5,2,67.5,5968.16,104.573
18,19,2,5,3,112.5,7412.74,122.101
18,19,2,5,4,157.5,10074.8,187.837
18,19,2,5,5,202.5,4845.73,106.03
18,19,2,5,6,247.5,10639.1,185.922
18,19,2,5,7,292.5,4816.83,89.9379
18,19,2,5,8,337.5,870.973,43.4719
18,19,2,6,1,22.5,1616.63,50.0836
18,19,2,6,2,67.5,2882.76,66.5096
18,19,2,6,3,112.5,4296.29,85.1721
18,19,2,6,4,157.5,4473.7,89.1647
18,19,2,6,5,202.5,2403.68,61.4248
18,19,2,6,6,247.5,5307.48,96.6508
18,19,2,6,7,292.5,3387.89,71.9777
18,19,2,6,8,337.5,767.26,35.0152
18,19,2,7,1,22.5,981.418,36.5987
18,19,2,7,2,67.5,1365.73,44.2536
18,19,2,7,3,112.5,1838.07,53.2971
18,19,2,7,4,157.5,1811.65,54.1446
18,19,2,7,5,202.5,965.864,40.3092
18,19,2,7,6,247.5,2221.6,56.9506
18,19,2,7,7,292.5,1682.43,51.3809
18,19,2,7,8,337.5,430.002,36.6404
18,19,2,8,1,22.5,549.691,28.0185
18,19,2,8,2,67.5,689.065,31.9872
18,19,2,8,3,112.5,1016.73,36.6509
18,19,2,8,4,157.5,799.328,39.7751
18,19,2,8,5,202.5,471.421,26.7932
18,19,2,8,6,247.5,1019.71,37.1474
18,19,2,8,7,292.5,830.683,35.7935
18,19,2,8,8,337.5,158.88,14.6379
18,19,2,9,1,22.5,118.922,11.7443
18,19,2,9,2,67.5,151.997,13.4002
18,19,2,9,3,112.5,193.072,15.8598
18,19,2,9,4,157.5,133.196,12.9178
18,19,2,9,5,202.5,86.9556,10.3016
18,19,2,9,6,247.5,194.15,15.6718
18,19,2,9,7,292.5,205.245,15.5236
18,19,2,9,8,337.5,0,0
18,19,2,10,1,22.5,0,0
18,19,2,10,2,67.5,0,0
18,19,2,10,3,112.5,27.5253,5.54417
18,19,2,10,4,157.5,0,0
18,19,2,10,5,202.5,0,0
18,19,2,10,6,247.5,22.1405,5.19577
18,19,2,10,7,292.5,0,0
18,19,2,10,8,337.5,0,0
18,19,2,11,1,22.5,0,0
18,19,2,11,2,67.5,0,0
18,19,2,11,3,112.5,0,0
18,19,2,11,4,157.5,0,0
18,19,2,11,5,202.5,0,0
18,19,2,11,6,247.5,0,0
18,19,2,11,7,292.5,0,0
18,19,2,11,8,337.5,0,0
18,19,3,1,1,22.5,172.927,22.792
18,19,3,1,2,67.5,1535.45,63.6382
18,19,3,1,3,112.5,1525.9,75.8864
18,19,3,1,4,157.5,5232.72,158.831
18,19,3,1,5,202.5,2671.47,129.869
18,19,3,1,6,247.5,2640.42,79.8526
18,19,3,1,7,292.5,1494.73,64.2652
18,19,3,1,8,337.5,304.332,29.7511
18,19,3,2,1,22.5,0,0
18,19,3,2,2,67.5,1134.26,60.7863
18,19,3,2,3,112.5,2162.89,78.2801
18,19,3,2,4,157.5,8895.5,139.871
18,19,3,2,5,202.5,3302.42,117.796
18,19,3,2,6,247.5,1753.75,80.0564
18,19,3,2,7,292.5,927.11,53.0767
18,19,3,2,8,337.5,29.6042,6.47115
18,19,3,3,1,22.5,138.66,13.1883
18,19,3,3,2,67.5,1251.62,53.4829
18,19,3,3,3,112.5,1494.46,64.2413
18,19,3,3,4,157.5,8513.76,166.893
18,19,3,3,5,202.5,3114.01,81.0379
18,19,3,3,6,247.5,3234.29,84.4674
18,19,3,3,7,292.5,1944.27,59.9837
18,19,3,3,8,337.5,188.526,15.0279
18,19,3,4,1,22.5,314.857,21.1506
18,19,3,4,2,67.5,2418.88,65.598
18,19,3,4,3,112.5,1459.02,62.5771
18,19,3,4,4,157.5,7598.92,113.278
18,19,3,4,5,202.5,2728.27,75.7843
18,19,3,4,6,247.5,4668.85,91.6612
18,19,3,4,7,292.5,1904.33,55.6384
18,19,3,4,8,337.5,195.354,15.5333
18,19,3,5,1,22.5,485.018,29.1804
18,19,3,5,2,67.5,4827.24,84.0835
18,19,3,5,3,112.5,3297.24,71.2585
18,19,3,5,4,157.5,11377.7,143.774
18,19,3,5,5,202.5,4552.66,90.1379
18,19,3,5,6,247.5,8767.17,116.842
18,19,3,5,7,292.5,2543.7,65.4489
18,19,3,5,8,337.5,295.932,23.3098
18,19,3,6,1,22.5,503.106,26.9356
18,19,3,6,2,67.5,3252.66,64.7076
18,19,3,6,3,112.5,3186.15,66.3521
18,19,3,6,4,157.5,6684.28,123.629
18,19,3,6,5,202.5,2865.3,65.1206
18,19,3,6,6,247.5,6734.23,97.6861
18,19,3,6,7,292.5,1659.15,51.2831
18,19,3,6,8,337.5,451.802,25.2971
18,19,3,7,1,22.5,642.168,28.7462
18,19,3,7,2,67.5,1904.43,49.1149
18,19,3,7,3,112.5,2353.5,65.0893
18,19,3,7,4,157.5,3995.54,75.8274
18,19,3,7,5,202.5,1788.1,49.1447
18,19,3,7,6,247.5,4001.29,74.9896
18,19,3,7,7,292.5,1411.87,45.539
18,19,3,7,8,337.5,474.629,23.9549
18,19,3,8,1,22.5,867.599,33.111
18,19,3,8,2,67.5,1359.68,41.3302
18,19,3,8,3,112.5,1910.1,55.6256
18,19,3,8,4,157.5,3039.11,64.0841
18,19,3,8,5,202.5,1353.23,44.9359
18,19,3,8,6,247.5,3086.02,73.4167
18,19,3,8,7,292.5,1468.39,42.5075
18,19,3,8,8,337.5,410.552,22.9726
18,19,3,9,1,22.5,454.511,23.1086
18,19,3,9,2,67.5,687.715,28.4894
18,19,3,9,3,112.5,908.964,34.6332
18,19,3,9,4,157.5,1307.66,39.2344
18,19,3,9,5,202.5,700.476,28.7038
18,19,3,9,6,247.5,1208.32,40.7382
18,19,3,9,7,292.5,775.302,30.2965
18,19,3,9,8,337.5,156.594,13.6192
18,19,3,10,1,22.5,282.357,17.8573
18,19,3,10,2,67.5,313.113,19.1658
18,19,3,10,3,112.5,476.444,23.3616
18,19,3,10,4,157.5,630.09,26.775
18,19,3,10,5,202.5,299.65,18.5868
18,19,3,10,6,247.5,610.839,27.2433
18,19,3,10,7,292.5,455.694,22.8462
18,19,3,10,8,337.5,65.7281,8.79249
18,19,3,11,1,22.5,97.9881,10.4172
18,19,3,11,2,67.5,116.225,11.3671
18,19,3,11,3,112.5,145.222,12.6385
18,19,3,11,4,157.5,199.782,15.0436
18,19,3,11,5,202.5,119.976,11.505
18,19,3,11,6,247.5,181.5,13.9255
18,19,3,11,7,292.5,154.704,13.3317
18,19,3,11,8,337.5,0,0
18,19,4,1,1,22.5,98.6861,13.2168
18,19,4,1,2,67.5,334.627,36.4009
18,19,4,1,3,112.5,1134.19,70.1015
18,19,4,1,4,157.5,3426.83,80.7438
18,19,4,1,5,202.5,1480.02,54.8832
18,19,4,1,6,247.5,377.595,30.7033
18,19,4,1,7,292.5,328.975,26.5122
18,19,4,1,8,337.5,186.822,16.4621
18,19,4,2,1,22.5,36.2734,6.73734
18,19,4,2,2,67.5,270.613,21.1542
18,19,4,2,3,112.5,612.843,37.901
18,19,4,2,4,157.5,5319.42,113.185
18,19,4,2,5,202.5,1765.27,56.963
18,19,4,2,6,247.5,370.942,29.1843
18,19,4,2,7,292.5,239.82,21.5108
18,19,4,2,8,337.5,0,0
18,19,4,3,1,22.5,0,0
18,19,4,3,2,67.5,246.409,33.4837
18,19,4,3,3,112.5,416.168,29.9576
18,19,4,3,4,157.5,5577.83,112.102
18,19,4,3,5,202.5,1780,52.5082
18,19,4,3,6,247.5,834.933,51.0797
18,19,4,3,7,292.5,724.278,35.45
18,19,4,3,8,337.5,0,0
18,19,4,4,1,22.5,20.3701,5.45213
18,19,4,4,2,67.5,541.092,31.6028
18,19,4,4,3,112.5,268.57,24.7052
18,19,4,4,4,157.5,4977.32,104.315
18,19,4,4,5,202.5,1750.36,53.1349
18,19,4,4,6,247.5,1556.22,49.9325
18,19,4,4,7,292.5,1034.28,40.2787
18,19,4,4,8,337.5,29.7864,6.50309
18,19,4,5,1,22.5,88.8386,11.2324
18,19,4,5,2,67.5,2300.86,57.7869
18,19,4,5,3,112.5,852.84,38.5693
18,19,4,5,4,157.5,7832.05,124.169
18,19,4,5,5,202.5,2730.56,65.1479
18,19,4,5,6,247.5,4380.3,79.092
18,19,4,5,7,292.5,1734.85,47.7809
18,19,4,5,8,337.5,93.0846,10.4708
18,19,4,6,1,22.5,71.3722,9.32895
18,19,4,6,2,67.5,2241.1,53.4733
18,19,4,6,3,112.5,1193.86,39.7856
18,19,4,6,4,157.5,5604.93,100.679
18,19,4,6,5,202.5,2198.69,52.8925
18,19,4,6,6,247.5,4049.66,72.4307
18,19,4,6,7,292.5,988.304,36.0867
18,19,4,6,8,337.5,86.8839,10.4192
18,19,4,7,1,22.5,84.5459,10.419
18,19,4,7,2,67.5,1702.43,44.8883
18,19,4,7,3,112.5,1232.09,38.3158
18,19,4,7,4,157.5,3756,70.7299
18,19,4,7,5,202.5,1492.62,43.8629
18,19,4,7,6,247.5,3134.41,62.8295
18,19,4,7,7,292.5,573.585,26.6685
18,19,4,7,8,337.5,152.418,13.6768
18,19,4,8,1,22.5,278.343,18.0179
18,19,4,8,2,67.5,1415.16,40.2659
18,19,4,8,3,112.5,1411.39,40.5198
18,19,4,8,4,157.5,3581.02,66.1995
18,19,4,8,5,202.5,1443.99,41.6261
18,19,4,8,6,247.5,2994.65,60.4754
18,19,4,8,7,292.5,664.422,28.1894
18,19,4,8,8,337.5,282.835,18.6331
18,19,4,9,1,22.5,294.783,17.7526
18,19,4,9,2,67.5,655.872,27.2608
18,19,4,9,3,112.5,918.034,32.1704
18,19,4,9,4,157.5,1883.61,46.477
18,19,4,9,5,202.5,898,32.3113
18,19,4,9,6,247.5,1599.82,43.8475
18,19,4,9,7,292.5,519.797,24.7529
18,19,4,9,8,337.5,188.957,14.9521
18,19,4,10,1,22.5,287.599,17.7567
18,19,4,10,2,67.5,378.846,20.4595
18,19,4,10,3,112.5,625.05,26.427
18,19,4,10,4,157.5,1137.89,36.1629
18,19,4,10,5,202.5,466.526,24.3185
18,19,4,10,6,247.5,965.566,33.4262
18,19,4,10,7,292.5,383.668,20.9798
18,19,4,10,8,337.5,115.376,11.5369
18,19,4,11,1,22.5,216.678,15.2308
18,19,4,11,2,67.5,260.255,16.8591
18,19,4,11,3,112.5,352.173,19.7142
18,19,4,11,4,157.5,715.696,28.3989
18,19,4,11,5,202.5,315.532,18.4748
18,19,4,11,6,247.5,448.734,24.7341
18,19,4,11,7,292.5,285.325,17.489
18,19,4,11,8,337.5,59.3275,8.14125
18,19,5,1,1,22.5,77.3284,12.3673
18,19,5,1,2,67.5,168.363,17.3056
18,19,5,1,3,112.5,952.057,38.5468
18,19,5,1,4,157.5,2231.98,57.0922
18,19,5,1,5,202.5,980.559,38.3824
18,19,5,1,6,247.5,114.279,15.8437
18,19,5,1,7,292.5,63.6548,15.2631
18,19,5,1,8,337.5,52.8105,8.75896
18,19,5,2,1,22.5,14.0272,4.87652
18,19,5,2,2,67.5,7.70208,3.97052
18,19,5,2,3,112.5,543.276,27.5182
18,19,5,2,4,157.5,3251.41,80.4236
18,19,5,2,5,202.5,1054.22,39.6332
18,19,5,2,6,247.5,26.7123,7.26143
18,19,5,2,7,292.5,43.6876,8.95238
18,19,5,2,8,337.5,0,0
18,19,5,3,1,22.5,0,0
18,19,5,3,2,67.5,27.5067,6.36855
18,19,5,3,3,112.5,305.743,21.0972
18,19,5,3,4,157.5,3115.04,75.7287
18,19,5,3,5,202.5,1064.17,46.0887
18,19,5,3,6,247.5,150.463,18.3612
18,19,5,3,7,292.5,198.871,18.2929
18,19,5,3,8,337.5,0,0
18,19,5,4,1,22.5,0,0
18,19,5,4,2,67.5,65.5683,10.7315
18,19,5,4,3,112.5,203.818,16.7304
18,19,5,4,4,157.5,3115.84,63.6712
18,19,5,4,5,202.5,990.466,36.0661
18,19,5,4,6,247.5,384.89,24.0364
18,19,5,4,7,292.5,536.068,27.0038
18,19,5,4,8,337.5,0,0
18,19,5,5,1,22.5,0,0
18,19,5,5,2,67.5,652.72,29.9904
18,19,5,5,3,112.5,278.948,20.4032
18,19,5,5,4,157.5,4990,79.6648
18,19,5,5,5,202.5,1748.76,47.1066
18,19,5,5,6,247.5,1564.71,45.0644
18,19,5,5,7,292.5,1227.3,39.8848
18,19,5,5,8,337.5,0,0
18,19,5,6,1,22.5,0,0
18,19,5,6,2,67.5,1147.55,38.4547
18,19,5,6,3,112.5,314.115,20.2161
18,19,5,6,4,157.5,3964.69,69.5428
18,19,5,6,5,202.5,1333.66,40.7721
18,19,5,6,6,247.5,1971.18,49.9755
18,19,5,6,7,292.5,850.078,37.6165
18,19,5,6,8,337.5,0,0
18,19,5,7,1,22.5,0,0
18,19,5,7,2,67.5,1074.21,35.9354
18,19,5,7,3,112.5,387.586,23.4676
18,19,5,7,4,157.5,2877.12,58.3526
18,19,5,7,5,202.5,1103.36,36.2825
18,19,5,7,6,247.5,1871,47.8314
18,19,5,7,7,292.5,521.964,24.7415
18,19,5,7,8,337.5,0,0
18,19,5,8,1,22.5,14.0816,4.58102
18,19,5,8,2,67.5,1157.77,36.5327
18,19,5,8,3,112.5,694.886,27.8408
18,19,5,8,4,157.5,2722.65,62.5046
18,19,5,8,5,202.5,1061.63,39.2892
18,19,5,8,6,247.5,2088.05,54.3782
18,19,5,8,7,292.5,435.583,22.5162
18,19,5,8,8,337.5,78.3733,9.3671
18,19,5,9,1,22.5,73.9326,9.17322
18,19,5,9,2,67.5,634.761,26.5266
18,19,5,9,3,112.5,577.978,25.2784
18,19,5,9,4,157.5,1544.59,45.6993
18,19,5,9,5,202.5,608.19,29.8435
18,19,5,9,6,247.5,1270.7,38.0353
18,19,5,9,7,292.5,257.088,16.8442
18,19,5,9,8,337.5,88.2215,9.82784
18,19,5,10,1,22.5,118.49,11.4855
18,19,5,10,2,67.5,417.464,21.0215
18,19,5,10,3,112.5,437.54,21.882
18,19,5,10,4,157.5,1139.12,39.1996
18,19,5,10,5,202.5,491.769,22.8802
18,19,5,10,6,247.5,1000.02,33.4697
18,19,5,10,7,292.5,198.151,14.6255
18,19,5,10,8,337.5,110.666,10.8596
18,19,5,11,1,22.5,137.101,12.2312
18,19,5,11,2,67.5,248.66,16.2633
18,19,5,11,3,112.5,342.258,18.9491
18,19,5,11,4,157.5,926.307,31.829
18,19,5,11,5,202.5,373.509,20.3074
18,19,5,11,6,247.5,629.579,28.6811
18,19,5,11,7,292.5,229.681,15.9335
18,19,5,11,8,337.5,61.5428,8.37117
18,19,6,1,1,22.5,124.603,12.6278
18,19,6,1,2,67.5,221.252,18.2394
18,19,6,1,3,112.5,697.867,32.0505
18,19,6,1,4,157.5,1373.84,42.4483
18,19,6,1,5,202.5,602.052,31.6846
18,19,6,1,6,247.5,97.4321,11.182
18,19,6,1,7,292.5,0,0
18,19,6,1,8,337.5,46.248,7.84135
18,19,6,2,1,22.5,0,0
18,19,6,2,2,67.5,0,0
18,19,6,2,3,112.5,479.07,25.1416
18,19,6,2,4,157.5,1883.51,54.9151
18,19,6,2,5,202.5,687.502,29.7166
18,19,6,2,6,247.5,0,0
18,19,6,2,7,292.5,0,0
18,19,6,2,8,337.5,0,0
18,19,6,3,1,22.5,0,0
18,19,6,3,2,67.5,0,0
18,19,6,3,3,112.5,329.516,19.8715
18,19,6,3,4,157.5,1966.75,49.3514
18,19,6,3,5,202.5,686.637,28.8278
18,19,6,3,6,247.5,0,0
18,19,6,3,7,292.5,0,0
18,19,6,3,8,337.5,0,0
18,19,6,4,1,22.5,0,0
18,19,6,4,2,67.5,0,0
18,19,6,4,3,112.5,195.662,15.1449
18,19,6,4,4,157.5,1805.34,46.7771
18,19,6,4,5,202.5,585.817,26.0297
18,19,6,4,6,247.5,66.6579,11.1088
18,19,6,4,7,292.5,122.38,12.3243
18,19,6,4,8,337.5,0,0
18,19,6,5,1,22.5,0,0
18,19,6,5,2,67.5,78.7932,9.64617
18,19,6,5,3,112.5,219.345,15.667
18,19,6,5,4,157.5,3131.73,67.7501
18,19,6,5,5,202.5,1075.7,35.6285
18,19,6,5,6,247.5,426.199,26.0807
18,19,6,5,7,292.5,617.68,27.575
18,19,6,5,8,337.5,0,0
18,19,6,6,1,22.5,0,0
18,19,6,6,2,67.5,354.913,21.1088
18,19,6,6,3,112.5,146.337,12.7499
18,19,6,6,4,157.5,2342.08,57.8031
18,19,6,6,5,202.5,826.554,31.5448
18,19,6,6,6,247.5,889.449,32.5308
18,19,6,6,7,292.5,714.138,28.9285
18,19,6,6,8,337.5,0,0
18,19,6,7,1,22.5,0,0
18,19,6,7,2,67.5,596.292,26.1733
18,19,6,7,3,112.5,155.455,13.2061
18,19,6,7,4,157.5,1916.79,50.2868
18,19,6,7,5,202.5,647.238,26.8786
18,19,6,7,6,247.5,878.069,34.7223
18,19,6,7,7,292.5,518.786,24.2155
18,19,6,7,8,337.5,0,0
18,19,6,8,1,22.5,0,0
18,19,6,8,2,67.5,802.04,29.8342
18,19,6,8,3,112.5,241.786,16.3812
18,19,6,8,4,157.5,1823.42,49.8206
18,19,6,8,5,202.5,693.088,28.4604
18,19,6,8,6,247.5,1260.53,38.1216
18,19,6,8,7,292.5,454.909,22.0318
18,19,6,8,8,337.5,0,0
18,19,6,9,1,22.5,0,0
18,19,6,9,2,67.5,561.889,24.7103
18,19,6,9,3,112.5,239.661,16.2602
18,19,6,9,4,157.5,1221.17,36.8762
18,19,6,9,5,202.5,425.172,21.3175
18,19,6,9,6,247.5,801.192,33.4753
18,19,6,9,7,292.5,200.244,14.7561
18,19,6,9,8,337.5,20.2787,4.89508
18,19,6,10,1,22.5,22.5422,5.22813
18,19,6,10,2,67.5,356.78,19.433
18,19,6,10,3,112.5,271.391,16.9294
18,19,6,10,4,157.5,859.556,30.605
18,19,6,10,5,202.5,328.118,18.7114
18,19,6,10,6,247.5,675.114,27.4623
18,19,6,10,7,292.5,128.83,11.7945
18,19,6,10,8,337.5,39.2314,6.62905
18,19,6,11,1,22.5,61.1565,8.18834
18,19,6,11,2,67.5,218.773,15.2568
18,19,6,11,3,112.5,235.023,15.7335
18,19,6,11,4,157.5,624.105,25.5317
18,19,6,11,5,202.5,211.226,15.1994
18,19,6,11,6,247.5,476.89,23.1458
18,19,6,11,7,292.5,109.959,10.9376
18,19,6,11,8,337.5,48.8481,7.2589
18,19,7,1,1,22.5,109.082,10.862
18,19,7,1,2,67.5,212.051,15.568
18,19,7,1,3,112.5,563.629,25.4562
18,19,7,1,4,157.5,808.944,33.0308
18,19,7,1,5,202.5,456.88,22.7834
18,19,7,1,6,247.5,52.155,7.69556
18,19,7,1,7,292.5,25.6789,5.63514
18,19,7,1,8,337.5,24.9439,6.29627
18,19,7,2,1,22.5,0,0
18,19,7,2,2,67.5,0,0
18,19,7,2,3,112.5,391.408,21.3743
18,19,7,2,4,157.5,1021.83,38.3116
18,19,7,2,5,202.5,413.068,21.826
18,19,7,2,6,247.5,0,0
18,19,7,2,7,292.5,0,0
18,19,7,2,8,337.5,0,0
18,19,7,3,1,22.5,0,0
18,19,7,3,2,67.5,0,0
18,19,7,3,3,112.5,215.789,16.054
18,19,7,3,4,157.5,1144.91,36.0315
18,19,7,3,5,202.5,397.07,23.0685
18,19,7,3,6,247.5,0,0
18,19,7,3,7,292.5,0,0
18,19,7,3,8,337.5,0,0
18,19,7,4,1,22.5,0,0
18,19,7,4,2,67.5,0,0
18,19,7,4,3,112.5,169.53,13.5705
18,19,7,4,4,157.5,1003.37,36.6623
18,19,7,4,5,202.5,367.683,20.3282
18,19,7,4,6,247.5,0,0
18,19,7,4,7,292.5,16.2552,5.22131
18,19,7,4,8,337.5,0,0
18,19,7,5,1,22.5,0,0
18,19,7,5,2,67.5,0,0
18,19,7,5,3,112.5,184.226,14.3412
18,19,7,5,4,157.5,1880.62,49.6467
18,19,7,5,5,202.5,637.42,26.4611
18,19,7,5,6,247.5,121.075,11.6018
18,19,7,5,7,292.5,221.774,16.0251
18,19,7,5,8,337.5,0,0
18,19,7,6,1,22.5,0,0
18,19,7,6,2,67.5,45.3591,7.30307
18,19,7,6,3,112.5,136.528,12.0584
18,19,7,6,4,157.5,1419.37,42.9207
18,19,7,6,5,202.5,462.119,22.9047
18,19,7,6,6,247.5,284.891,17.8407
18,19,7,6,7,292.5,348.725,21.0882
18,19,7,6,8,337.5,0,0
18,19,7,7,1,22.5,0,0
18,19,7,7,2,67.5,148.414,12.7986
18,19,7,7,3,112.5,58.3866,8.27825
18,19,7,7,4,157.5,1009.06,36.5221
18,19,7,7,5,202.5,365.647,20.0376
18,19,7,7,6,247.5,391.648,20.8399
18,19,7,7,7,292.5,289.736,18.1025
18,19,7,7,8,337.5,0,0
18,19,7,8,1,22.5,0,0
18,19,7,8,2,67.5,283.227,17.3138
18,19,7,8,3,112.5,84.826,9.52946
18,19,7,8,4,157.5,951.306,34.6538
18,19,7,8,5,202.5,320.695,18.7174
18,19,7,8,6,247.5,508.766,25.6574
18,19,7,8,7,292.5,296.068,17.5292
18,19,7,8,8,337.5,0,0
18,19,7,9,1,22.5,0,0
18,19,7,9,2,67.5,211.519,16.0968
18,19,7,9,3,112.5,72.0948,8.85391
18,19,7,9,4,157.5,528.195,24.033
18,19,7,9,5,202.5,166.965,13.4872
18,19,7,9,6,247.5,403.032,20.5163
18,19,7,9,7,292.5,109.175,10.8144
18,19,7,9,8,337.5,0,0
18,19,7,10,1,22.5,0,0
18,19,7,10,2,67.5,143.901,12.4801
18,19,7,10,3,112.5,68.1057,8.78591
18,19,7,10,4,157.5,365.712,19.9616
18,19,7,10,5,202.5,96.5094,10.2751
18,19,7,10,6,247.5,322.185,18.4814
18,19,7,10,7,292.5,37.3867,6.37078
18,19,7,10,8,337.5,0,0
18,19,7,11,1,22.5,0,0
18,19,7,11,2,67.5,62.1838,8.17775
18,19,7,11,3,112.5,44.2851,6.91541
18,19,7,11,4,157.5,124.083,14.1415
18,19,7,11,5,202.5,42.4428,6.85039
18,19,7,11,6,247.5,147.308,12.6688
18,19,7,11,7,292.5,0,0
18,19,7,11,8,337.5,0,0
18,19,8,1,1,22.5,19.1457,4.8519
18,19,8,1,2,67.5,60.5768,8.21423
18,19,8,1,3,112.5,145.122,12.3829
18,19,8,1,4,157.5,233.143,16.5803
18,19,8,1,5,202.5,89.1904,9.80134
18,19,8,1,6,247.5,22.1621,6.05901
18,19,8,1,7,292.5,0,0
18,19,8,1,8,337.5,0,0
18,19,8,2,1,22.5,0,0
18,19,8,2,2,67.5,0,0
18,19,8,2,3,112.5,138.148,12.0207
18,19,8,2,4,157.5,285.81,17.3726
18,19,8,2,5,202.5,102.976,11.2526
18,19,8,2,6,247.5,0,0
18,19,8,2,7,292.5,0,0
18,19,8,2,8,337.5,0,0
18,19,8,3,1,22.5,0,0
18,19,8,3,2,67.5,0,0
18,19,8,3,3,112.5,75.2634,8.95172
18,19,8,3,4,157.5,321.557,18.7724
18,19,8,3,5,202.5,87.5183,9.60871
18,19,8,3,6,247.5,0,0
18,19,8,3,7,292.5,0,0
18,19,8,3,8,337.5,0,0
18,19,8,4,1,22.5,0,0
18,19,8,4,2,67.5,0,0
18,19,8,4,3,112.5,42.3735,6.72677
18,19,8,4,4,157.5,261.092,17.4686
18,19,8,4,5,202.5,75.9623,9.05625
18,19,8,4,6,247.5,0,0
18,19,8,4,7,292.5,0,0
18,19,8,4,8,337.5,0,0
18,19,8,5,1,22.5,0,0
18,19,8,5,2,67.5,0,0
18,19,8,5,3,112.5,49.8437,7.32661
18,19,8,5,4,157.5,423.007,21.568
18,19,8,5,5,202.5,97.7311,10.2534
18,19,8,5,6,247.5,0,0
18,19,8,5,7,292.5,0,0
18,19,8,5,8,337.5,0,0
18,19,8,6,1,22.5,0,0
18,19,8,6,2,67.5,0,0
18,19,8,6,3,112.5,10.1893,3.75851
18,19,8,6,4,157.5,232.931,16.686
18,19,8,6,5,202.5,48.4506,7.40499
18,19,8,6,6,247.5,0,0
18,19,8,6,7,292.5,30.4936,5.77424
18,19,8,6,8,337.5,0,0
18,19,8,7,1,22.5,0,0
18,19,8,7,2,67.5,0,0
18,19,8,7,3,112.5,0,0
18,19,8,7,4,157.5,133.253,12.3116
18,19,8,7,5,202.5,38.5189,6.47134
18,19,8,7,6,247.5,57.6925,8.01234
18,19,8,7,7,292.5,27.3538,5.9145
18,19,8,7,8,337.5,0,0
18,19,8,8,1,22.5,0,0
18,19,8,8,2,67.5,12.5918,3.79435
18,19,8,8,3,112.5,0,0
18,19,8,8,4,157.5,84.084,9.39788
18,19,8,8,5,202.5,0,0
18,19,8,8,6,247.5,55.2396,7.66456
18,19,8,8,7,292.5,0,0
18,19,8,8,8,337.5,0,0
18,19,8,9,1,22.5,0,0
18,19,8,9,2,67.5,0,0
18,19,8,9,3,112.5,0,0
18,19,8,9,4,157.5,0,0
18,19,8,9,5,202.5,0,0
18,19,8,9,6,247.5,17.3754,5.08661
18,19,8,9,7,292.5,0,0
18,19,8,9,8,337.5,0,0
18,19,8,10,1,22.5,0,0
18,19,8,10,2,67.5,0,0
18,19,8,10,3,112.5,0,0
18,19,8,10,4,157.5,0,0
18,19,8,10,5,202.5,0,0
18,19,8,10,6,247.5,0,0
18,19,8,10,7,292.5,0,0
18,19,8,10,8,337.5,0,0
18,19,8,11,1,22.5,0,0
18,19,8,11,2,67.5,0,0
18,19,8,11,3,112.5,0,0
18,19,8,11,4,157.5,0,0
18,19,8,11,5,202.5,0,0
18,19,8,11,6,247.5,0,0
18,19,8,11,7,292.5,0,0
18,19,8,11,8,337.5,0,0
19,20,1,1,1,22.5,0,0
19,20,1,1,2,67.5,0,0
19,20,1,1,3,112.5,0,0
19,20,1,1,4,157.5,0,0
19,20,1,1,5,202.5,0,0
19,20,1,1,6,247.5,0,0
19,20,1,1,7,292.5,0,0
19,20,1,1,8,337.5,0,0
19,20,1,2,1,22.5,0,0
19,20,1,2,2,67.5,0,0
19,20,1,2,3,112.5,0,0
19,20,1,2,4,157.5,0,0
19,20,1,2,5,202.5,0,0
19,20,1,2,6,247.5,0,0
19,20,1,2,7,292.5,0,0
19,20,1,2,8,337.5,0,0
19,20,1,3,1,22.5,0,0
19,20,1,3,2,67.5,0,0
19,20,1,3,3,112.5,0,0
19,20,1,3,4,157.5,0,0
19,20,1,3,5,202.5,0,0
19,20,1,3,6,247.5,0,0
19,20,1,3,7,292.5,0,0
19,20,1,3,8,337.5,0,0
19,20,1,4,1,22.5,0,0
19,20,1,4,2,67.5,0,0
19,20,1,4,3,112.5,0,0
19,20,1,4,4,157.5,0,0
19,20,1,4,5,202.5,0,0
19,20,1,4,6,247.5,0,0
19,20,1,4,7,292.5,0,0
19,20,1,4,8,337.5,0,0
19,20,1,5,1,22.5,0,0
19,20,1,5,2,67.5,0,0
19,20,1,5,3,112.5,0,0
19,20,1,5,4,157.5,0,0
19,20,1,5,5,202.5,0,0
19,20,1,5,6,247.5,0,0
19,20,1,5,7,292.5,0,0
19,20,1,5,8,337.5,0,0
19,20,1,6,1,22.5,0,0
19,20,1,6,2,67.5,0,0
19,20,1,6,3,112.5,0,0
19,20,1,6,4,157.5,0,0
19,20,1,6,5,202.5,0,0
19,20,1,6,6,247.5,0,0
19,20,1,6,7,292.5,0,0
19,20,1,6,8,337.5,0,0
19,20,1,7,1,22.5,0,0
19,20,1,7,2,67.5,0,0
19,20,1,7,3,112.5,0,0
19,20,1,7,4,157.5,0,0
19,20,1,7,5,202.5,0,0
19,20,1,7,6,247.5,0,0
19,20,1,7,7,292.5,0,0
19,20,1,7,8,337.5,0,0
19,20,1,8,1,22.5,0,0
19,20,1,8,2,67.5,0,0
19,20,1,8,3,112.5,0,0
19,20,1,8,4,157.5,0,0
19,20,1,8,5,202.5,0,0
19,20,1,8,6,247.5,0,0
19,20,1,8,7,292.5,0,0
19,20,1,8,8,337.5,0,0
19,20,1,9,1,22.5,0,0
19,20,1,9,2,67.5,0,0
19,20,1,9,3,112.5,0,0
19,20,1,9,4,157.5,0,0
19,20,1,9,5,202.5,0,0
19,20,1,9,6,247.5,0,0
19,20,1,9,7,292.5,0,0
19,20,1,9,8,337.5,0,0
19,20,1,10,1,22.5,0,0
19,20,1,10,2,67.5,0,0
19,20,1,10,3,112.5,0,0
19,20,1,10,4,157.5,0,0
19,20,1,10,5,202.5,0,0
19,20,1,10,6,247.5,0,0
19,20,1,10,7,292.5,0,0
19,20,1,10,8,337.5,0,0
19,20,1,11,1,22.5,0,0
19,20,1,11,2,67.5,0,0
19,20,1,11,3,112.5,0,0
19,20,1,11,4,157.5,0,0
19,20,1,11,5,202.5,0,0
19,20,1,11,6,247.5,0,0
19,20,1,11,7,292.5,0,0
19,20,1,11,8,337.5,0,0
19,20,2,1,1,22.5,105.369,43.1899
19,20,2,1,2,67.5,783.594,51.8512
19,20,2,1,3,112.5,563.941,118.114
19,20,2,1,4,157.5,1066.32,66.4795
19,20,2,1,5,202.5,789.585,160.723
19,20,2,1,6,247.5,737.014,65.2159
19,20,2,1,7,292.5,632.323,52.2958
19,20,2,1,8,337.5,173.77,38.0519
19,20,2,2,1,22.5,0,0
19,20,2,2,2,67.5,176.215,27.9942
19,20,2,2,3,112.5,508.464,57.487
19,20,2,2,4,157.5,658.584,62.5847
19,20,2,2,5,202.5,639.972,106.242
19,20,2,2,6,247.5,581.196,73.2519
19,20,2,2,7,292.5,396.795,33.3484
19,20,2,2,8,337.5,0,0
19,20,2,3,1,22.5,138.285,13.2312
19,20,2,3,2,67.5,457.105,30.1602
19,20,2,3,3,112.5,267.806,25.0072
19,20,2,3,4,157.5,179.087,21.9835
19,20,2,3,5,202.5,178.863,21.6924
19,20,2,3,6,247.5,340.236,27.6703
19,20,2,3,7,292.5,503.794,31.9338
19,20,2,3,8,337.5,99.3525,12.8507
19,20,2,4,1,22.5,90.1049,11.4162
19,20,2,4,2,67.5,434.002,25.2503
19,20,2,4,3,112.5,163.747,17.6909
19,20,2,4,4,157.5,0,0
19,20,2,4,5,202.5,39.0901,8.24618
19,20,2,4,6,247.5,254.687,21.9276
19,20,2,4,7,292.5,357.351,29.8877
19,20,2,4,8,337.5,54.7563,9.07271
19,20,2,5,1,22.5,127.407,13.9013
19,20,2,5,2,67.5,394.645,26.4455
19,20,2,5,3,112.5,106.694,12.6617
19,20,2,5,4,157.5,0,0
19,20,2,5,5,202.5,0,0
19,20,2,5,6,247.5,178.04,16.1605
19,20,2,5,7,292.5,330.878,22.1973
19,20,2,5,8,337.5,133.947,13.392
19,20,2,6,1,22.5,64.2543,9.20232
19,20,2,6,2,67.5,90.4187,11.0988
19,20,2,6,3,112.5,0,0
19,20,2,6,4,157.5,0,0
19,20,2,6,5,202.5,0,0
19,20,2,6,6,247.5,0,0
19,20,2,6,7,292.5,100.327,10.9238
19,20,2,6,8,337.5,67.7292,9.28078
19,20,2,7,1,22.5,0,0
19,20,2,7,2,67.5,0,0
19,20,2,7,3,112.5,0,0
19,20,2,7,4,157.5,0,0
19,20,2,7,5,202.5,0,0
19,20,2,7,6,247.5,0,0
19,20,2,7,7,292.5,0,0
19,20,2,7,8,337.5,0,0
19,20,2,8,1,22.5,0,0
19,20,2,8,2,67.5,0,0
19,20,2,8,3,112.5,0,0
19,20,2,8,4,157.5,0,0
19,20,2,8,5,202.5,0,0
19,20,2,8,6,247.5,0,0
19,20,2,8,7,292.5,0,0
19,20,2,8,8,337.5,0,0
19,20,2,9,1,22.5,0,0
19,20,2,9,2,67.5,0,0
19,20,2,9,3,112.5,0,0
19,20,2,9,4,157.5,0,0
19,20,2,9,5,202.5,0,0
19,20,2,9,6,247.5,0,0
19,20,2,9,7,292.5,0,0
19,20,2,9,8,337.5,0,0
19,20,2,10,1,22.5,0,0
19,20,2,10,2,67.5,0,0
19,20,2,10,3,112.5,0,0
19,20,2,10,4,157.5,0,0
19,20,2,10,5,202.5,0,0
19,20,2,10,6,247.5,0,0
19,20,2,10,7,292.5,0,0
19,20,2,10,8,337.5,0,0
19,20,2,11,1,22.5,0,0
19,20,2,11,2,67.5,0,0
19,20,2,11,3,112.5,0,0
19,20,2,11,4,157.5,0,0
19,20,2,11,5,202.5,0,0
19,20,2,11,6,247.5,0,0
19,20,2,11,7,292.5,0,0
19,20,2,11,8,337.5,0,0
19,20,3,1,1,22.5,314.351,29.9003
19,20,3,1,2,67.5,927.133,50.8756
19,20,3,1,3,112.5,947.783,84.1324
19,20,3,1,4,157.5,2234.64,105.356
19,20,3,1,5,202.5,1466.6,64.628
19,20,3,1,6,247.5,840.844,65.0615
19,20,3,1,7,292.5,993.844,58.5971
19,20,3,1,8,337.5,542.677,34.3081
19,20,3,2,1,22.5,144.645,18.4124
19,20,3,2,2,67.5,586.062,40.2606
19,20,3,2,3,112.5,769.195,51.0669
19,20,3,2,4,157.5,1563.23,84.2205
19,20,3,2,5,202.5,1076.61,53.2201
19,20,3,2,6,247.5,798.56,46.7181
19,20,3,2,7,292.5,436.514,33.508
19,20,3,2,8,337.5,63.9678,12.813
19,20,3,3,1,22.5,79.7259,16.6541
19,20,3,3,2,67.5,505.444,39.0654
19,20,3,3,3,112.5,496.378,38.7868
19,20,3,3,4,157.5,1139.83,44.8438
19,20,3,3,5,202.5,670.553,35.6752
19,20,3,3,6,247.5,656.533,33.7732
19,20,3,3,7,292.5,936.5,40.8732
19,20,3,3,8,337.5,121.644,13.5245
19,20,3,4,1,22.5,171.7,14.8514
19,20,3,4,2,67.5,778.98,35.0117
19,20,3,4,3,112.5,417.972,24.5342
19,20,3,4,4,157.5,509.763,29.27
19,20,3,4,5,202.5,353.629,24.5226
19,20,3,4,6,247.5,590.749,30.3618
19,20,3,4,7,292.5,718.344,43.7143
19,20,3,4,8,337.5,184.775,15.1651
19,20,3,5,1,22.5,224.927,16.6569
19,20,3,5,2,67.5,1298.97,40.4797
19,20,3,5,3,112.5,513.378,25.2507
19,20,3,5,4,157.5,347.734,22.3396
19,20,3,5,5,202.5,260.335,19.8458
19,20,3,5,6,247.5,855.67,35.7413
19,20,3,5,7,292.5,900.018,39.6388
19,20,3,5,8,337.5,167.208,16.1885
19,20,3,6,1,22.5,128.862,12.9926
19,20,3,6,2,67.5,571.335,26.7186
19,20,3,6,3,112.5,254.127,18.0773
19,20,3,6,4,157.5,40.1747,7.42435
19,20,3,6,5,202.5,0,0
19,20,3,6,6,247.5,358.322,22.3893
19,20,3,6,7,292.5,412.089,23.4403
19,20,3,6,8,337.5,165.008,14.6777
19,20,3,7,1,22.5,142.405,13.0112
19,20,3,7,2,67.5,205.853,15.7528
19,20,3,7,3,112.5,88.0469,9.86249
19,20,3,7,4,157.5,0,0
19,20,3,7,5,202.5,0,0
19,20,3,7,6,247.5,98.6155,10.4533
19,20,3,7,7,292.5,158.95,14.0474
19,20,3,7,8,337.5,145.41,12.9008
19,20,3,8,1,22.5,96.0423,10.3592
19,20,3,8,2,67.5,71.9707,9.2732
19,20,3,8,3,112.5,16.2007,5.12505
19,20,3,8,4,157.5,0,0
19,20,3,8,5,202.5,0,0
19,20,3,8,6,247.5,0,0
19,20,3,8,7,292.5,94.1565,10.4115
19,20,3,8,8,337.5,85.5728,9.79618
19,20,3,9,1,22.5,0,0
19,20,3,9,2,67.5,0,0
19,20,3,9,3,112.5,0,0
19,20,3,9,4,157.5,0,0
19,20,3,9,5,202.5,0,0
19,20,3,9,6,247.5,0,0
19,20,3,9,7,292.5,0,0
19,20,3,9,8,337.5,0,0
19,20,3,10,1,22.5,0,0
19,20,3,10,2,67.5,0,0
19,20,3,10,3,112.5,0,0
19,20,3,10,4,157.5,0,0
19,20,3,10,5,202.5,0,0
19,20,3,10,6,247.5,0,0
19,20,3,10,7,292.5,0,0
19,20,3,10,8,337.5,0,0
19,20,3,11,1,22.5,0,0
19,20,3,11,2,67.5,0,0
19,20,3,11,3,112.5,0,0
19,20,3,11,4,157.5,0,0
19,20,3,11,5,202.5,0,0
19,20,3,11,6,247.5,0,0
19,20,3,11,7,292.5,0,0
19,20,3,11,8,337.5,0,0
19,20,4,1,1,22.5,387.175,28.2624
19,20,4,1,2,67.5,521.925,30.2554
19,20,4,1,3,112.5,1228.54,45.6389
19,20,4,1,4,157.5,2168.44,60.6788
19,20,4,1,5,202.5,1421.68,63.871
19,20,4,1,6,247.5,435.22,27.2811
19,20,4,1,7,292.5,529.659,37.0573
19,20,4,1,8,337.5,394.288,25.0088
19,20,4,2,1,22.5,230.413,17.4302
19,20,4,2,2,67.5,494.516,27.4952
19,20,4,2,3,112.5,469.486,27.3087
19,20,4,2,4,157.5,1590.43,62.409
19,20,4,2,5,202.5,1158.1,42.1154
19,20,4,2,6,247.5,320.879,22.9143
19,20,4,2,7,292.5,354.545,25.2717
19,20,4,2,8,337.5,228.978,16.7146
19,20,4,3,1,22.5,95.1477,11.4564
19,20,4,3,2,67.5,192.333,17.6129
19,20,4,3,3,112.5,365.622,22.9143
19,20,4,3,4,157.5,1225.39,43.5846
19,20,4,3,5,202.5,799.478,34.964
19,20,4,3,6,247.5,242.753,20.5358
19,20,4,3,7,292.5,477.523,27.5973
19,20,4,3,8,337.5,0,0
19,20,4,4,1,22.5,0,0
19,20,4,4,2,67.5,339.393,21.6409
19,20,4,4,3,112.5,224.984,17.5462
19,20,4,4,4,157.5,897.998,34.656
19,20,4,4,5,202.5,534.372,27.3835
19,20,4,4,6,247.5,310.773,20.6486
19,20,4,4,7,292.5,637.434,35.0308
19,20,4,4,8,337.5,34.0472,6.84359
19,20,4,5,1,22.5,84.3081,9.87596
19,20,4,5,2,67.5,978.245,35.1584
19,20,4,5,3,112.5,310.365,20.5729
19,20,4,5,4,157.5,1013.98,35.6697
19,20,4,5,5,202.5,599.102,28.534
19,20,4,5,6,247.5,710.208,30.1945
19,20,4,5,7,292.5,1070.59,38.4191
19,20,4,5,8,337.5,149.244,12.9971
19,20,4,6,1,22.5,96.3725,10.3984
19,20,4,6,2,67.5,753.961,29.2147
19,20,4,6,3,112.5,282.272,17.9617
19,20,4,6,4,157.5,325.142,20.2154
19,20,4,6,5,202.5,219.275,15.682
19,20,4,6,6,247.5,588.484,26.5887
19,20,4,6,7,292.5,622.947,27.5355
19,20,4,6,8,337.5,76.4389,9.325
19,20,4,7,1,22.5,45.2952,8.0341
19,20,4,7,2,67.5,367.446,20.296
19,20,4,7,3,112.5,199.319,14.8323
19,20,4,7,4,157.5,106.41,10.9991
19,20,4,7,5,202.5,58.2071,8.22431
19,20,4,7,6,247.5,286.168,18.2456
19,20,4,7,7,292.5,266.134,17.3407
19,20,4,7,8,337.5,49.9601,8.04449
19,20,4,8,1,22.5,63.7753,8.49576
19,20,4,8,2,67.5,226.034,15.8826
19,20,4,8,3,112.5,123.656,11.8542
19,20,4,8,4,157.5,27.5408,5.55901
19,20,4,8,5,202.5,0,0
19,20,4,8,6,247.5,167.797,13.9696
19,20,4,8,7,292.5,163.913,13.4851
19,20,4,8,8,337.5,64.9539,8.55991
19,20,4,9,1,22.5,36.5458,6.41114
19,20,4,9,2,67.5,57.8064,7.963
19,20,4,9,3,112.5,29.9252,5.95815
19,20,4,9,4,157.5,0,0
19,20,4,9,5,202.5,0,0
19,20,4,9,6,247.5,38.1454,6.48508
19,20,4,9,7,292.5,52.7067,7.87799
19,20,4,9,8,337.5,36.6893,6.70668
19,20,4,10,1,22.5,0,0
19,20,4,10,2,67.5,0,0
19,20,4,10,3,112.5,0,0
19,20,4,10,4,157.5,0,0
19,20,4,10,5,202.5,0,0
19,20,4,10,6,247.5,0,0
19,20,4,10,7,292.5,15.8098,4.36681
19,20,4,10,8,337.5,12.5082,3.62403
19,20,4,11,1,22.5,0,0
19,20,4,11,2,67.5,0,0
19,20,4,11,3,112.5,0,0
19,20,4,11,4,157.5,0,0
19,20,4,11,5,202.5,0,0
19,20,4,11,6,247.5,0,0
19,20,4,11,7,292.5,0,0
19,20,4,11,8,337.5,0,0
19,20,5,1,1,22.5,429.835,25.3123
19,20,5,1,2,67.5,539.755,27.6435
19,20,5,1,3,112.5,1090.32,38.1269
19,20,5,1,4,157.5,1454.13,44.633
19,20,5,1,5,202.5,1074.58,38.5608
19,20,5,1,6,247.5,416.655,24.7413
19,20,5,1,7,292.5,225.16,18.3823
19,20,5,1,8,337.5,275.92,19.1982
19,20,5,2,1,22.5,68.4466,9.39983
19,20,5,2,2,67.5,123.431,12.765
19,20,5,2,3,112.5,452.201,23.9049
19,20,5,2,4,157.5,1316.07,41.3275
19,20,5,2,5,202.5,886.691,33.3928
19,20,5,2,6,247.5,127.495,12.9835
19,20,5,2,7,292.5,131.405,14.493
19,20,5,2,8,337.5,111.262,11.7644
19,20,5,3,1,22.5,81.6465,10.0227
19,20,5,3,2,67.5,77.9601,10.1877
19,20,5,3,3,112.5,267.289,18.5692
19,20,5,3,4,157.5,1021.31,36.5608
19,20,5,3,5,202.5,705.378,29.5821
19,20,5,3,6,247.5,103.541,11.7958
19,20,5,3,7,292.5,109.445,12.3382
19,20,5,3,8,337.5,78.3805,9.8736
19,20,5,4,1,22.5,27.5603,5.90714
19,20,5,4,2,67.5,72.3946,10.9103
19,20,5,4,3,112.5,160.74,13.8539
19,20,5,4,4,157.5,758.204,30.5031
19,20,5,4,5,202.5,526.057,25.3154
19,20,5,4,6,247.5,95.8548,10.856
19,20,5,4,7,292.5,294.772,19.1173
19,20,5,4,8,337.5,19.0377,6.14943
19,20,5,5,1,22.5,0,0
19,20,5,5,2,67.5,404.676,21.3141
19,20,5,5,3,112.5,194.404,15.019
19,20,5,5,4,157.5,1037.82,34.1354
19,20,5,5,5,202.5,640.861,26.9758
19,20,5,5,6,247.5,299.675,19.1318
19,20,5,5,7,292.5,844.927,31.8082
19,20,5,5,8,337.5,47.9819,7.48159
19,20,5,6,1,22.5,17.2557,4.55763
19,20,5,6,2,67.5,530.106,24.4024
19,20,5,6,3,112.5,119.049,11.737
19,20,5,6,4,157.5,501.031,24.2446
19,20,5,6,5,202.5,337.351,19.876
19,20,5,6,6,247.5,325.153,19.2567
19,20,5,6,7,292.5,565.881,24.8635
19,20,5,6,8,337.5,31.5272,6.25246
19,20,5,7,1,22.5,0,0
19,20,5,7,2,67.5,338.333,19.1184
19,20,5,7,3,112.5,112.072,11.0329
19,20,5,7,4,157.5,271.67,17.3014
19,20,5,7,5,202.5,161.052,13.2398
19,20,5,7,6,247.5,260.489,16.875
19,20,5,7,7,292.5,283.635,17.6159
19,20,5,7,8,337.5,0,0
19,20,5,8,1,22.5,0,0
19,20,5,8,2,67.5,225.492,15.634
19,20,5,8,3,112.5,110.836,10.9435
19,20,5,8,4,157.5,144.861,12.3744
19,20,5,8,5,202.5,91.1527,9.92889
19,20,5,8,6,247.5,211.398,15.2672
19,20,5,8,7,292.5,133.708,12.2114
19,20,5,8,8,337.5,17.2744,4.54624
19,20,5,9,1,22.5,0,0
19,20,5,9,2,67.5,46.0412,7.26319
19,20,5,9,3,112.5,45.6965,7.04056
19,20,5,9,4,157.5,34.235,6.21018
19,20,5,9,5,202.5,0,0
19,20,5,9,6,247.5,87.0483,9.76348
19,20,5,9,7,292.5,32.6438,6.18303
19,20,5,9,8,337.5,0,0
19,20,5,10,1,22.5,0,0
19,20,5,10,2,67.5,0,0
19,20,5,10,3,112.5,0,0
19,20,5,10,4,157.5,0,0
19,20,5,10,5,202.5,0,0
19,20,5,10,6,247.5,0,0
19,20,5,10,7,292.5,0,0
19,20,5,10,8,337.5,0,0
19,20,5,11,1,22.5,0,0
19,20,5,11,2,67.5,0,0
19,20,5,11,3,112.5,0,0
19,20,5,11,4,157.5,0,0
19,20,5,11,5,202.5,0,0
19,20,5,11,6,247.5,0,0
19,20,5,11,7,292.5,0,0
19,20,5,11,8,337.5,0,0
19,20,6,1,1,22.5,410.109,21.8508
19,20,6,1,2,67.5,516.217,25.2314
19,20,6,1,3,112.5,823.271,31.3964
19,20,6,1,4,157.5,974.548,33.0911
19,20,6,1,5,202.5,819.04,30.9522
19,20,6,1,6,247.5,318.07,19.6519
19,20,6,1,7,292.5,177.614,14.2342
19,20,6,1,8,337.5,247.898,17.5056
19,20,6,2,1,22.5,71.8983,9.20809
19,20,6,2,2,67.5,75.3546,9.88099
19,20,6,2,3,112.5,462.002,23.2776
19,20,6,2,4,157.5,807.844,31.5364
19,20,6,2,5,202.5,585.164,25.9555
19,20,6,2,6,247.5,76.1008,9.47164
19,20,6,2,7,292.5,0,0
19,20,6,2,8,337.5,24.6474,5.71522
19,20,6,3,1,22.5,11.1267,4.05918
19,20,6,3,2,67.5,15.8099,4.9991
19,20,6,3,3,112.5,261.717,17.6152
19,20,6,3,4,157.5,706.71,28.0508
19,20,6,3,5,202.5,521.434,25.7239
19,20,6,3,6,247.5,39.7094,6.80704
19,20,6,3,7,292.5,23.8127,5.64865
19,20,6,3,8,337.5,25.4236,5.62813
19,20,6,4,1,22.5,0,0
19,20,6,4,2,67.5,0,0
19,20,6,4,3,112.5,138.561,12.6502
19,20,6,4,4,157.5,567.899,25.1893
19,20,6,4,5,202.5,397.139,20.8101
19,20,6,4,6,247.5,20.6383,5.09391
19,20,6,4,7,292.5,44.3256,7.12479
19,20,6,4,8,337.5,0,0
19,20,6,5,1,22.5,0,0
19,20,6,5,2,67.5,34.6882,6.41007
19,20,6,5,3,112.5,121.15,11.6241
19,20,6,5,4,157.5,772.421,28.7403
19,20,6,5,5,202.5,514.187,23.3228
19,20,6,5,6,247.5,52.385,7.64537
19,20,6,5,7,292.5,288.526,18.2337
19,20,6,5,8,337.5,0,0
19,20,6,6,1,22.5,0,0
19,20,6,6,2,67.5,124.386,11.8695
19,20,6,6,3,112.5,37.7953,6.84221
19,20,6,6,4,157.5,410.124,20.8251
19,20,6,6,5,202.5,247.329,16.3898
19,20,6,6,6,247.5,92.9082,10.2584
19,20,6,6,7,292.5,313.525,18.4127
19,20,6,6,8,337.5,0,0
19,20,6,7,1,22.5,0,0
19,20,6,7,2,67.5,131.854,11.9519
19,20,6,7,3,112.5,24.8961,5.81075
19,20,6,7,4,157.5,243.717,15.9299
19,20,6,7,5,202.5,126.924,11.8199
19,20,6,7,6,247.5,94.3475,10.1639
19,20,6,7,7,292.5,154.528,12.7989
19,20,6,7,8,337.5,0,0
19,20,6,8,1,22.5,0,0
19,20,6,8,2,67.5,82.7557,9.34713
19,20,6,8,3,112.5,28.4031,5.61269
19,20,6,8,4,157.5,140.569,12.1844
19,20,6,8,5,202.5,57.7117,7.93227
19,20,6,8,6,247.5,91.1536,9.85847
19,20,6,8,7,292.5,79.3487,9.23233
19,20,6,8,8,337.5,0,0
19,20,6,9,1,22.5,0,0
19,20,6,9,2,67.5,20.0926,5.26491
19,20,6,9,3,112.5,0,0
19,20,6,9,4,157.5,29.4206,6.06782
19,20,6,9,5,202.5,11.0452,3.75315
19,20,6,9,6,247.5,0,0
19,20,6,9,7,292.5,0,0
19,20,6,9,8,337.5,0,0
19,20,6,10,1,22.5,0,0
19,20,6,10,2,67.5,0,0
19,20,6,10,3,112.5,0,0
19,20,6,10,4,157.5,0,0
19,20,6,10,5,202.5,0,0
19,20,6,10,6,247.5,0,0
19,20,6,10,7,292.5,0,0
19,20,6,10,8,337.5,0,0
19,20,6,11,1,22.5,0,0
19,20,6,11,2,67.5,0,0
19,20,6,11,3,112.5,0,0
19,20,6,11,4,157.5,0,0
19,20,6,11,5,202.5,0,0
19,20,6,11,6,247.5,0,0
19,20,6,11,7,292.5,0,0
19,20,6,11,8,337.5,0,0
19,20,7,1,1,22.5,187.377,14.218
19,20,7,1,2,67.5,257.447,16.5503
19,20,7,1,3,112.5,349.416,19.3146
19,20,7,1,4,157.5,360.262,20.1191
19,20,7,1,5,202.5,312.119,18.5869
19,20,7,1,6,247.5,162.774,13.2316
19,20,7,1,7,292.5,71.6789,9.08962
19,20,7,1,8,337.5,119.94,11.3513
19,20,7,2,1,22.5,31.5841,5.84201
19,20,7,2,2,67.5,30.5408,6.31954
19,20,7,2,3,112.5,183.076,13.9199
19,20,7,2,4,157.5,284.742,17.4716
19,20,7,2,5,202.5,169.206,13.9637
19,20,7,2,6,247.5,0,0
19,20,7,2,7,292.5,0,0
19,20,7,2,8,337.5,0,0
19,20,7,3,1,22.5,0,0
19,20,7,3,2,67.5,0,0
19,20,7,3,3,112.5,78.8599,9.30196
19,20,7,3,4,157.5,203.997,14.7825
19,20,7,3,5,202.5,133.344,12.265
19,20,7,3,6,247.5,0,0
19,20,7,3,7,292.5,0,0
19,20,7,3,8,337.5,0,0
19,20,7,4,1,22.5,0,0
19,20,7,4,2,67.5,0,0
19,20,7,4,3,112.5,40.063,6.67425
19,20,7,4,4,157.5,142.631,12.2968
19,20,7,4,5,202.5,108.94,10.8464
19,20,7,4,6,247.5,0,0
19,20,7,4,7,292.5,0,0
19,20,7,4,8,337.5,0,0
19,20,7,5,1,22.5,0,0
19,20,7,5,2,67.5,0,0
19,20,7,5,3,112.5,26.0026,5.68309
19,20,7,5,4,157.5,173.396,13.6463
19,20,7,5,5,202.5,84.9617,9.63361
19,20,7,5,6,247.5,0,0
19,20,7,5,7,292.5,23.4699,5.3367
19,20,7,5,8,337.5,0,0
19,20,7,6,1,22.5,0,0
19,20,7,6,2,67.5,0,0
19,20,7,6,3,112.5,0,0
19,20,7,6,4,157.5,70.8164,8.70915
19,20,7,6,5,202.5,41.2792,6.67184
19,20,7,6,6,247.5,0,0
19,20,7,6,7,292.5,28.4065,5.61654
19,20,7,6,8,337.5,0,0
19,20,7,7,1,22.5,0,0
19,20,7,7,2,67.5,0,0
19,20,7,7,3,112.5,0,0
19,20,7,7,4,157.5,0,0
19,20,7,7,5,202.5,0,0
19,20,7,7,6,247.5,0,0
19,20,7,7,7,292.5,0,0
19,20,7,7,8,337.5,0,0
19,20,7,8,1,22.5,0,0
19,20,7,8,2,67.5,0,0
19,20,7,8,3,112.5,0,0
19,20,7,8,4,157.5,0,0
19,20,7,8,5,202.5,0,0
19,20,7,8,6,247.5,0,0
19,20,7,8,7,292.5,0,0
19,20,7,8,8,337.5,0,0
19,20,7,9,1,22.5,0,0
19,20,7,9,2,67.5,0,0
19,20,7,9,3,112.5,0,0
19,20,7,9,4,157.5,0,0
19,20,7,9,5,202.5,0,0
19,20,7,9,6,247.5,0,0
19,20,7,9,7,292.5,0,0
19,20,7,9,8,337.5,0,0
19,20,7,10,1,22.5,0,0
19,20,7,10,2,67.5,0,0
19,20,7,10,3,112.5,0,0
19,20,7,10,4,157.5,0,0
19,20,7,10,5,202.5,0,0
19,20,7,10,6,247.5,0,0
19,20,7,10,7,292.5,0,0
19,20,7,10,8,337.5,0,0
19,20,7,11,1,22.5,0,0
19,20,7,11,2,67.5,0,0
19,20,7,11,3,112.5,0,0
19,20,7,11,4,157.5,0,0
19,20,7,11,5,202.5,0,0
19,20,7,11,6,247.5,0,0
19,20,7,11,7,292.5,0,0
19,20,7,11,8,337.5,0,0
19,20,8,1,1,22.5,0,0
19,20,8,1,2,67.5,0,0
19,20,8,1,3,112.5,0,0
19,20,8,1,4,157.5,0,0
19,20,8,1,5,202.5,0,0
19,20,8,1,6,247.5,0,0
19,20,8,1,7,292.5,0,0
19,20,8,1,8,337.5,0,0
19,20,8,2,1,22.5,0,0
19,20,8,2,2,67.5,0,0
19,20,8,2,3,112.5,0,0
19,20,8,2,4,157.5,0,0
19,20,8,2,5,202.5,0,0
19,20,8,2,6,247.5,0,0
19,20,8,2,7,292.5,0,0
19,20,8,2,8,337.5,0,0
19,20,8,3,1,22.5,0,0
19,20,8,3,2,67.5,0,0
19,20,8,3,3,112.5,0,0
19,20,8,3,4,157.5,0,0
19,20,8,3,5,202.5,0,0
19,20,8,3,6,247.5,0,0
19,20,8,3,7,292.5,0,0
19,20,8,3,8,337.5,0,0
19,20,8,4,1,22.5,0,0
19,20,8,4,2,67.5,0,0
19,20,8,4,3,112.5,0,0
19,20,8,4,4,157.5,0,0
19,20,8,4,5,202.5,0,0
19,20,8,4,6,247.5,0,0
19,20,8,4,7,292.5,0,0
19,20,8,4,8,337.5,0,0
19,20,8,5,1,22.5,0,0
19,20,8,5,2,67.5,0,0
19,20,8,5,3,112.5,0,0
19,20,8,5,4,157.5,0,0
19,20,8,5,5,202.5,0,0
19,20,8,5,6,247.5,0,0
19,20,8,5,7,292.5,0,0
19,20,8,5,8,337.5,0,0
19,20,8,6,1,22.5,0,0
19,20,8,6,2,67.5,0,0
19,20,8,6,3,112.5,0,0
19,20,8,6,4,157.5,0,0
19,20,8,6,5,202.5,0,0
19,20,8,6,6,247.5,0,0
19,20,8,6,7,292.5,0,0
19,20,8,6,8,337.5,0,0
19,20,8,7,1,22.5,0,0
19,20,8,7,2,67.5,0,0
19,20,8,7,3,112.5,0,0
19,20,8,7,4,157.5,0,0
19,20,8,7,5,202.5,0,0
19,20,8,7,6,247.5,0,0
19,20,8,7,7,292.5,0,0
19,20,8,7,8,337.5,0,0
19,20,8,8,1,22.5,0,0
19,20,8,8,2,67.5,0,0
19,20,8,8,3,112.5,0,0
19,20,8,8,4,157.5,0,0
19,20,8,8,5,202.5,0,0
19,20,8,8,6,247.5,0,0
19,20,8,8,7,292.5,0,0
19,20,8,8,8,337.5,0,0
19,20,8,9,1,22.5,0,0
19,20,8,9,2,67.5,0,0
19,20,8,9,3,112.5,0,0
19,20,8,9,4,157.5,0,0
19,20,8,9,5,202.5,0,0
19,20,8,9,6,247.5,0,0
19,20,8,9,7,292.5,0,0
19,20,8,9,8,337.5,0,0
19,20,8,10,1,22.5,0,0
19,20,8,10,2,67.5,0,0
19,20,8,10,3,112.5,0,0
19,20,8,10,4,157.5,0,0
19,20,8,10,5,202.5,0,0
19,20,8,10,6,247.5,0,0
19,20,8,10,7,292.5,0,0
19,20,8,10,8,337.5,0,0
19,20,8,11,1,22.5,0,0
19,20,8,11,2,67.5,0,0
19,20,8,11,3,112.5,0,0
19,20,8,11,4,157.5,0,0
19,20,8,11,5,202.5,0,0
19,20,8,11,6,247.5,0,0
19,20,8,11,7,292.5,0,0
19,20,8,11,8,337.5,0,0
20,21,1,1,1,22.5,0,0
20,21,1,1,2,67.5,0,0
20,21,1,1,3,112.5,0,0
20,21,1,1,4,157.5,0,0
20,21,1,1,5,202.5,0,0
20,21,1,1,6,247.5,0,0
20,21,1,1,7,292.5,0,0
20,21,1,1,8,337.5,0,0
20,21,1,2,1,22.5,0,0
20,21,1,2,2,67.5,0,0
20,21,1,2,3,112.5,0,0
20,21,1,2,4,157.5,0,0
20,21,1,2,5,202.5,0,0
20,21,1,2,6,247.5,0,0
20,21,1,2,7,292.5,0,0
20,21,1,2,8,337.5,0,0
20,21,1,3,1,22.5,0,0
20,21,1,3,2,67.5,0,0
20,21,1,3,3,112.5,0,0
20,21,1,3,4,157.5,0,0
20,21,1,3,5,202.5,0,0
20,21,1,3,6,247.5,0,0
20,21,1,3,7,292.5,0,0
20,21,1,3,8,337.5,0,0
20,21,1,4,1,22.5,0,0
20,21,1,4,2,67.5,0,0
20,21,1,4,3,112.5,0,0
20,21,1,4,4,157.5,0,0
20,21,1,4,5,202.5,0,0
20,21,1,4,6,247.5,0,0
20,21,1,4,7,292.5,0,0
20,21,1,4,8,337.5,0,0
20,21,1,5,1,22.5,0,0
20,21,1,5,2,67.5,0,0
20,21,1,5,3,112.5,0,0
20,21,1,5,4,157.5,0,0
20,21,1,5,5,202.5,0,0
20,21,1,5,6,247.5,0,0
20,21,1,5,7,292.5,0,0
20,21,1,5,8,337.5,0,0
20,21,1,6,1,22.5,0,0
20,21,1,6,2,67.5,0,0
20,21,1,6,3,112.5,0,0
20,21,1,6,4,157.5,0,0
20,21,1,6,5,202.5,0,0
20,21,1,6,6,247.5,0,0
20,21,1,6,7,292.5,0,0
20,21,1,6,8,337.5,0,0
20,21,1,7,1,22.5,0,0
20,21,1,7,2,67.5,0,0
20,21,1,7,3,112.5,0,0
20,21,1,7,4,157.5,0,0
20,21,1,7,5,202.5,0,0
20,21,1,7,6,247.5,0,0
20,21,1,7,7,292.5,0,0
20,21,1,7,8,337.5,0,0
20,21,1,8,1,22.5,0,0
20,21,1,8,2,67.5,0,0
20,21,1,8,3,112.5,0,0
20,21,1,8,4,157.5,0,0
20,21,1,8,5,202.5,0,0
20,21,1,8,6,247.5,0,0
20,21,1,8,7,292.5,0,0
20,21,1,8,8,337.5,0,0
20,21,1,9,1,22.5,0,0
20,21,1,9,2,67.5,0,0
20,21,1,9,3,112.5,0,0
20,21,1,9,4,157.5,0,0
20,21,1,9,5,202.5,0,0
20,21,1,9,6,247.5,0,0
20,21,1,9,7,292.5,0,0
20,21,1,9,8,337.5,0,0
20,21,1,10,1,22.5,0,0
20,21,1,10,2,67.5,0,0
20,21,1,10,3,112.5,0,0
20,21,1,10,4,157.5,0,0
20,21,1,10,5,202.5,0,0
20,21,1,10,6,247.5,0,0
20,21,1,10,7,292.5,0,0
20,21,1,10,8,337.5,0,0
20,21,1,11,1,22.5,0,0
20,21,1,11,2,67.5,0,0
20,21,1,11,3,112.5,0,0
20,21,1,11,4,157.5,0,0
20,21,1,11,5,202.5,0,0
20,21,1,11,6,247.5,0,0
20,21,1,11,7,292.5,0,0
20,21,1,11,8,337.5,0,0
20,21,2,1,1,22.5,0,0
20,21,2,1,2,67.5,0,0
20,21,2,1,3,112.5,0,0
20,21,2,1,4,157.5,0,0
20,21,2,1,5,202.5,0,0
20,21,2,1,6,247.5,0,0
20,21,2,1,7,292.5,0,0
20,21,2,1,8,337.5,0,0
20,21,2,2,1,22.5,0,0
20,21,2,2,2,67.5,0,0
20,21,2,2,3,112.5,0,0
20,21,2,2,4,157.5,0,0
20,21,2,2,5,202.5,0,0
20,21,2,2,6,247.5,0,0
20,21,2,2,7,292.5,0,0
20,21,2,2,8,337.5,0,0
20,21,2,3,1,22.5,0,0
20,21,2,3,2,67.5,0,0
20,21,2,3,3,112.5,0,0
20,21,2,3,4,157.5,0,0
20,21,2,3,5,202.5,0,0
20,21,2,3,6,247.5,0,0
20,21,2,3,7,292.5,0,0
20,21,2,3,8,337.5,0,0
20,21,2,4,1,22.5,0,0
20,21,2,4,2,67.5,0,0
20,21,2,4,3,112.5,0,0
20,21,2,4,4,157.5,0,0
20,21,2,4,5,202.5,0,0
20,21,2,4,6,247.5,0,0
20,21,2,4,7,292.5,0,0
20,21,2,4,8,337.5,0,0
20,21,2,5,1,22.5,0,0
20,21,2,5,2,67.5,0,0
20,21,2,5,3,112.5,0,0
20,21,2,5,4,157.5,0,0
20,21,2,5,5,202.5,0,0
20,21,2,5,6,247.5,0,0
20,21,2,5,7,292.5,0,0
20,21,2,5,8,337.5,0,0
20,21,2,6,1,22.5,0,0
20,21,2,6,2,67.5,0,0
20,21,2,6,3,112.5,0,0
20,21,2,6,4,157.5,0,0
20,21,2,6,5,202.5,0,0
20,21,2,6,6,247.5,0,0
20,21,2,6,7,292.5,0,0
20,21,2,6,8,337.5,0,0
20,21,2,7,1,22.5,0,0
20,21,2,7,2,67.5,0,0
20,21,2,7,3,112.5,0,0
20,21,2,7,4,157.5,0,0
20,21,2,7,5,202.5,0,0
20,21,2,7,6,247.5,0,0
20,21,2,7,7,292.5,0,0
20,21,2,7,8,337.5,0,0
20,21,2,8,1,22.5,0,0
20,21,2,8,2,67.5,0,0
20,21,2,8,3,112.5,0,0
20,21,2,8,4,157.5,0,0
20,21,2,8,5,202.5,0,0
20,21,2,8,6,247.5,0,0
20,21,2,8,7,292.5,0,0
20,21,2,8,8,337.5,0,0
20,21,2,9,1,22.5,0,0
20,21,2,9,2,67.5,0,0
20,21,2,9,3,112.5,0,0
20,21,2,9,4,157.5,0,0
20,21,2,9,5,202.5,0,0
20,21,2,9,6,247.5,0,0
20,21,2,9,7,292.5,0,0
20,21,2,9,8,337.5,0,0
20,21,2,10,1,22.5,0,0
20,21,2,10,2,67.5,0,0
20,21,2,10,3,112.5,0,0
20,21,2,10,4,157.5,0,0
20,21,2,10,5,202.5,0,0
20,21,2,10,6,247.5,0,0
20,21,2,10,7,292.5,0,0
20,21,2,10,8,337.5,0,0
20,21,2,11,1,22.5,0,0
20,21,2,11,2,67.5,0,0
20,21,2,11,3,112.5,0,0
20,21,2,11,4,157.5,0,0
20,21,2,11,5,202.5,0,0
20,21,2,11,6,247.5,0,0
20,21,2,11,7,292.5,0,0
20,21,2,11,8,337.5,0,0
20,21,3,1,1,22.5,53.8535,10.8161
20,21,3,1,2,67.5,83.9176,14.2502
20,21,3,1,3,112.5,58.2522,10.8903
20,21,3,1,4,157.5,80.4453,11.0092
20,21,3,1,5,202.5,38.2172,9.19654
20,21,3,1,6,247.5,93.4806,14.7912
20,21,3,1,7,292.5,47.504,12.1911
20,21,3,1,8,337.5,64.0512,9.91488
20,21,3,2,1,22.5,0,0
20,21,3,2,2,67.5,42.8682,10.1054
20,21,3,2,3,112.5,27.0231,7.10099
20,21,3,2,4,157.5,0,0
20,21,3,2,5,202.5,0,0
20,21,3,2,6,247.5,43.676,7.36277
20,21,3,2,7,292.5,0,0
20,21,3,2,8,337.5,0,0
20,21,3,3,1,22.5,0,0
20,21,3,3,2,67.5,0,0
20,21,3,3,3,112.5,0,0
20,21,3,3,4,157.5,0,0
20,21,3,3,5,202.5,0,0
20,21,3,3,6,247.5,0,0
20,21,3,3,7,292.5,54.435,8.14499
20,21,3,3,8,337.5,0,0
20,21,3,4,1,22.5,0,0
20,21,3,4,2,67.5,59.9908,8.41817
20,21,3,4,3,112.5,0,0
20,21,3,4,4,157.5,0,0
20,21,3,4,5,202.5,0,0
20,21,3,4,6,247.5,0,0
20,21,3,4,7,292.5,40.7588,7.14376
20,21,3,4,8,337.5,23.322,5.78134
20,21,3,5,1,22.5,23.3969,6.07565
20,21,3,5,2,67.5,0,0
20,21,3,5,3,112.5,0,0
20,21,3,5,4,157.5,0,0
20,21,3,5,5,202.5,0,0
20,21,3,5,6,247.5,0,0
20,21,3,5,7,292.5,33.9223,7.58058
20,21,3,5,8,337.5,0,0
20,21,3,6,1,22.5,0,0
20,21,3,6,2,67.5,0,0
20,21,3,6,3,112.5,0,0
20,21,3,6,4,157.5,0,0
20,21,3,6,5,202.5,0,0
20,21,3,6,6,247.5,0,0
20,21,3,6,7,292.5,0,0
20,21,3,6,8,337.5,0,0
20,21,3,7,1,22.5,0,0
20,21,3,7,2,67.5,0,0
20,21,3,7,3,112.5,0,0
20,21,3,7,4,157.5,0,0
20,21,3,7,5,202.5,0,0
20,21,3,7,6,247.5,0,0
20,21,3,7,7,292.5,0,0
20,21,3,7,8,337.5,0,0
20,21,3,8,1,22.5,0,0
20,21,3,8,2,67.5,0,0
20,21,3,8,3,112.5,0,0
20,21,3,8,4,157.5,0,0
20,21,3,8,5,202.5,0,0
20,21,3,8,6,247.5,0,0
20,21,3,8,7,292.5,0,0
20,21,3,8,8,337.5,0,0
20,21,3,9,1,22.5,0,0
20,21,3,9,2,67.5,0,0
20,21,3,9,3,112.5,0,0
20,21,3,9,4,157.5,0,0
20,21,3,9,5,202.5,0,0
20,21,3,9,6,247.5,0,0
20,21,3,9,7,292.5,0,0
20,21,3,9,8,337.5,0,0
20,21,3,10,1,22.5,0,0
20,21,3,10,2,67.5,0,0
20,21,3,10,3,112.5,0,0
20,21,3,10,4,157.5,0,0
20,21,3,10,5,202.5,0,0
20,21,3,10,6,247.5,0,0
20,21,3,10,7,292.5,0,0
20,21,3,10,8,337.5,0,0
20,21,3,11,1,22.5,0,0
20,21,3,11,2,67.5,0,0
20,21,3,11,3,112.5,0,0
20,21,3,11,4,157.5,0,0
20,21,3,11,5,202.5,0,0
20,21,3,11,6,247.5,0,0
20,21,3,11,7,292.5,0,0
20,21,3,11,8,337.5,0,0
20,21,4,1,1,22.5,188.83,15.9373
20,21,4,1,2,67.5,145.43,15.6331
20,21,4,1,3,112.5,174.543,17.4311
20,21,4,1,4,157.5,162.608,18.6883
20,21,4,1,5,202.5,193.763,17.513
20,21,4,1,6,247.5,109.533,13.9551
20,21,4,1,7,292.5,117.994,15.8231
20,21,4,1,8,337.5,117.767,14.3726
20,21,4,2,1,22.5,90.6232,10.8723
20,21,4,2,2,67.5,138.687,14.9819
20,21,4,2,3,112.5,43.9803,7.8351
20,21,4,2,4,157.5,42.7012,6.81383
20,21,4,2,5,202.5,0,0
20,21,4,2,6,247.5,88.4744,10.4288
20,21,4,2,7,292.5,70.0961,9.94525
20,21,4,2,8,337.5,115.319,12.9011
20,21,4,3,1,22.5,35.6977,8.06803
20,21,4,3,2,67.5,53.5552,8.28776
20,21,4,3,3,112.5,42.6559,8.36425
20,21,4,3,4,157.5,0,0
20,21,4,3,5,202.5,0,0
20,21,4,3,6,247.5,0,0
20,21,4,3,7,292.5,92.3431,11.3541
20,21,4,3,8,337.5,0,0
20,21,4,4,1,22.5,0,0
20,21,4,4,2,67.5,88.1908,10.1898
20,21,4,4,3,112.5,0,0
20,21,4,4,4,157.5,0,0
20,21,4,4,5,202.5,0,0
20,21,4,4,6,247.5,0,0
20,21,4,4,7,292.5,142.113,12.5915
20,21,4,4,8,337.5,0,0
20,21,4,5,1,22.5,25.6359,5.6171
20,21,4,5,2,67.5,106.784,11.2634
20,21,4,5,3,112.5,0,0
20,21,4,5,4,157.5,0,0
20,21,4,5,5,202.5,0,0
20,21,4,5,6,247.5,0,0
20,21,4,5,7,292.5,104.161,10.8611
20,21,4,5,8,337.5,31.3384,6.34549
20,21,4,6,1,22.5,0,0
20,21,4,6,2,67.5,0,0
20,21,4,6,3,112.5,0,0
20,21,4,6,4,157.5,0,0
20,21,4,6,5,202.5,0,0
20,21,4,6,6,247.5,0,0
20,21,4,6,7,292.5,0,0
20,21,4,6,8,337.5,0,0
20,21,4,7,1,22.5,0,0
20,21,4,7,2,67.5,0,0
20,21,4,7,3,112.5,0,0
20,21,4,7,4,157.5,0,0
20,21,4,7,5,202.5,0,0
20,21,4,7,6,247.5,0,0
20,21,4,7,7,292.5,0,0
20,21,4,7,8,337.5,0,0
20,21,4,8,1,22.5,0,0
20,21,4,8,2,67.5,0,0
20,21,4,8,3,112.5,0,0
20,21,4,8,4,157.5,0,0
20,21,4,8,5,202.5,0,0
20,21,4,8,6,247.5,0,0
20,21,4,8,7,292.5,0,0
20,21,4,8,8,337.5,0,0
20,21,4,9,1,22.5,0,0
20,21,4,9,2,67.5,0,0
20,21,4,9,3,112.5,0,0
20,21,4,9,4,157.5,0,0
20,21,4,9,5,202.5,0,0
20,21,4,9,6,247.5,0,0
20,21,4,9,7,292.5,0,0
20,21,4,9,8,337.5,0,0
20,21,4,10,1,22.5,0,0
20,21,4,10,2,67.5,0,0
20,21,4,10,3,112.5,0,0
20,21,4,10,4,157.5,0,0
20,21,4,10,5,202.5,0,0
20,21,4,10,6,247.5,0,0
20,21,4,10,7,292.5,0,0
20,21,4,10,8,337.5,0,0
20,21,4,11,1,22.5,0,0
20,21,4,11,2,67.5,0,0
20,21,4,11,3,112.5,0,0
20,21,4,11,4,157.5,0,0
20,21,4,11,5,202.5,0,0
20,21,4,11,6,247.5,0,0
20,21,4,11,7,292.5,0,0
20,21,4,11,8,337.5,0,0
20,21,5,1,1,22.5,174.3,14.1176
20,21,5,1,2,67.5,143.437,14.0639
20,21,5,1,3,112.5,227.323,17.2961
20,21,5,1,4,157.5,248.295,18.5381
20,21,5,1,5,202.5,229.294,17.4997
20,21,5,1,6,247.5,111.012,12.0017
20,21,5,1,7,292.5,67.0796,9.4412
20,21,5,1,8,337.5,119.705,12.5651
20,21,5,2,1,22.5,0,0
20,21,5,2,2,67.5,33.9752,6.7692
20,21,5,2,3,112.5,89.3602,10.1909
20,21,5,2,4,157.5,68.8506,8.8066
20,21,5,2,5,202.5,72.4401,8.81605
20,21,5,2,6,247.5,0,0
20,21,5,2,7,292.5,55.5806,8.09135
20,21,5,2,8,337.5,44.225,7.56708
20,21,5,3,1,22.5,0,0
20,21,5,3,2,67.5,29.2981,6.0127
20,21,5,3,3,112.5,29.6413,6.15064
20,21,5,3,4,157.5,14.6776,4.52378
20,21,5,3,5,202.5,0,0
20,21,5,3,6,247.5,0,0
20,21,5,3,7,292.5,0,0
20,21,5,3,8,337.5,0,0
20,21,5,4,1,22.5,0,0
20,21,5,4,2,67.5,0,0
20,21,5,4,3,112.5,0,0
20,21,5,4,4,157.5,0,0
20,21,5,4,5,202.5,0,0
20,21,5,4,6,247.5,0,0
20,21,5,4,7,292.5,0,0
20,21,5,4,8,337.5,0,0
20,21,5,5,1,22.5,0,0
20,21,5,5,2,67.5,22.2024,5.20393
20,21,5,5,3,112.5,0,0
20,21,5,5,4,157.5,0,0
20,21,5,5,5,202.5,0,0
20,21,5,5,6,247.5,0,0
20,21,5,5,7,292.5,0,0
20,21,5,5,8,337.5,0,0
20,21,5,6,1,22.5,0,0
20,21,5,6,2,67.5,0,0
20,21,5,6,3,112.5,0,0
20,21,5,6,4,157.5,0,0
20,21,5,6,5,202.5,0,0
20,21,5,6,6,247.5,0,0
20,21,5,6,7,292.5,0,0
20,21,5,6,8,337.5,0,0
20,21,5,7,1,22.5,0,0
20,21,5,7,2,67.5,0,0
20,21,5,7,3,112.5,0,0
20,21,5,7,4,157.5,0,0
20,21,5,7,5,202.5,0,0
20,21,5,7,6,247.5,0,0
20,21,5,7,7,292.5,0,0
20,21,5,7,8,337.5,0,0
20,21,5,8,1,22.5,0,0
20,21,5,8,2,67.5,0,0
20,21,5,8,3,112.5,0,0
20,21,5,8,4,157.5,0,0
20,21,5,8,5,202.5,0,0
20,21,5,8,6,247.5,0,0
20,21,5,8,7,292.5,0,0
20,21,5,8,8,337.5,0,0
20,21,5,9,1,22.5,0,0
20,21,5,9,2,67.5,0,0
20,21,5,9,3,112.5,0,0
20,21,5,9,4,157.5,0,0
20,21,5,9,5,202.5,0,0
20,21,5,9,6,247.5,0,0
20,21,5,9,7,292.5,0,0
20,21,5,9,8,337.5,0,0
20,21,5,10,1,22.5,0,0
20,21,5,10,2,67.5,0,0
20,21,5,10,3,112.5,0,0
20,21,5,10,4,157.5,0,0
20,21,5,10,5,202.5,0,0
20,21,5,10,6,247.5,0,0
20,21,5,10,7,292.5,0,0
20,21,5,10,8,337.5,0,0
20,21,5,11,1,22.5,0,0
20,21,5,11,2,67.5,0,0
20,21,5,11,3,112.5,0,0
20,21,5,11,4,157.5,0,0
20,21,5,11,5,202.5,0,0
20,21,5,11,6,247.5,0,0
20,21,5,11,7,292.5,0,0
20,21,5,11,8,337.5,0,0
20,21,6,1,1,22.5,56.7124,8.12434
20,21,6,1,2,67.5,45.0897,7.12329
20,21,6,1,3,112.5,51.3543,7.71572
20,21,6,1,4,157.5,62.2163,9.07213
20,21,6,1,5,202.5,58.5397,7.95408
20,21,6,1,6,247.5,41.6954,6.80336
20,21,6,1,7,292.5,0,0
20,21,6,1,8,337.5,0,0
20,21,6,2,1,22.5,0,0
20,21,6,2,2,67.5,0,0
20,21,6,2,3,112.5,0,0
20,21,6,2,4,157.5,23.3332,5.54301
20,21,6,2,5,202.5,23.4109,5.75973
20,21,6,2,6,247.5,0,0
20,21,6,2,7,292.5,0,0
20,21,6,2,8,337.5,0,0
20,21,6,3,1,22.5,0,0
20,21,6,3,2,67.5,0,0
20,21,6,3,3,112.5,0,0
20,21,6,3,4,157.5,0,0
20,21,6,3,5,202.5,0,0
20,21,6,3,6,247.5,0,0
20,21,6,3,7,292.5,0,0
20,21,6,3,8,337.5,0,0
20,21,6,4,1,22.5,0,0
20,21,6,4,2,67.5,0,0
20,21,6,4,3,112.5,0,0
20,21,6,4,4,157.5,0,0
20,21,6,4,5,202.5,0,0
20,21,6,4,6,247.5,0,0
20,21,6,4,7,292.5,0,0
20,21,6,4,8,337.5,0,0
20,21,6,5,1,22.5,0,0
20,21,6,5,2,67.5,0,0
20,21,6,5,3,112.5,0,0
20,21,6,5,4,157.5,0,0
20,21,6,5,5,202.5,0,0
20,21,6,5,6,247.5,0,0
20,21,6,5,7,292.5,0,0
20,21,6,5,8,337.5,0,0
20,21,6,6,1,22.5,0,0
20,21,6,6,2,67.5,0,0
20,21,6,6,3,112.5,0,0
20,21,6,6,4,157.5,0,0
20,21,6,6,5,202.5,0,0
20,21,6,6,6,247.5,0,0
20,21,6,6,7,292.5,0,0
20,21,6,6,8,337.5,0,0
20,21,6,7,1,22.5,0,0
20,21,6,7,2,67.5,0,0
20,21,6,7,3,112.5,0,0
20,21,6,7,4,157.5,0,0
20,21,6,7,5,202.5,0,0
20,21,6,7,6,247.5,0,0
20,21,6,7,7,292.5,0,0
20,21,6,7,8,337.5,0,0
20,21,6,8,1,22.5,0,0
20,21,6,8,2,67.5,0,0
20,21,6,8,3,112.5,0,0
20,21,6,8,4,157.5,0,0
20,21,6,8,5,202.5,0,0
20,21,6,8,6,247.5,0,0
20,21,6,8,7,292.5,0,0
20,21,6,8,8,337.5,0,0
20,21,6,9,1,22.5,0,0
20,21,6,9,2,67.5,0,0
20,21,6,9,3,112.5,0,0
20,21,6,9,4,157.5,0,0
20,21,6,9,5,202.5,0,0
20,21,6,9,6,247.5,0,0
20,21,6,9,7,292.5,0,0
20,21,6,9,8,337.5,0,0
20,21,6,10,1,22.5,0,0
20,21,6,10,2,67.5,0,0
20,21,6,10,3,112.5,0,0
20,21,6,10,4,157.5,0,0
20,21,6,10,5,202.5,0,0
20,21,6,10,6,247.5,0,0
20,21,6,10,7,292.5,0,0
20,21,6,10,8,337.5,0,0
20,21,6,11,1,22.5,0,0
20,21,6,11,2,67.5,0,0
20,21,6,11,3,112.5,0,0
20,21,6,11,4,157.5,0,0
20,21,6,11,5,202.5,0,0
20,21,6,11,6,247.5,0,0
20,21,6,11,7,292.5,0,0
20,21,6,11,8,337.5,0,0
20,21,7,1,1,22.5,0,0
20,21,7,1,2,67.5,0,0
20,21,7,1,3,112.5,0,0
20,21,7,1,4,157.5,0,0
20,21,7,1,5,202.5,0,0
20,21,7,1,6,247.5,0,0
20,21,7,1,7,292.5,0,0
20,21,7,1,8,337.5,0,0
20,21,7,2,1,22.5,0,0
20,21,7,2,2,67.5,0,0
20,21,7,2,3,112.5,0,0
20,21,7,2,4,157.5,0,0
20,21,7,2,5,202.5,0,0
20,21,7,2,6,247.5,0,0
20,21,7,2,7,292.5,0,0
20,21,7,2,8,337.5,0,0
20,21,7,3,1,22.5,0,0
20,21,7,3,2,67.5,0,0
20,21,7,3,3,112.5,0,0
20,21,7,3,4,157.5,0,0
20,21,7,3,5,202.5,0,0
20,21,7,3,6,247.5,0,0
20,21,7,3,7,292.5,0,0
20,21,7,3,8,337.5,0,0
20,21,7,4,1,22.5,0,0
20,21,7,4,2,67.5,0,0
20,21,7,4,3,112.5,0,0
20,21,7,4,4,157.5,0,0
20,21,7,4,5,202.5,0,0
20,21,7,4,6,247.5,0,0
20,21,7,4,7,292.5,0,0
20,21,7,4,8,337.5,0,0
20,21,7,5,1,22.5,0,0
20,21,7,5,2,67.5,0,0
20,21,7,5,3,112.5,0,0
20,21,7,5,4,157.5,0,0
20,21,7,5,5,202.5,0,0
20,21,7,5,6,247.5,0,0
20,21,7,5,7,292.5,0,0
20,21,7,5,8,337.5,0,0
20,21,7,6,1,22.5,0,0
20,21,7,6,2,67.5,0,0
20,21,7,6,3,112.5,0,0
20,21,7,6,4,157.5,0,0
20,21,7,6,5,202.5,0,0
20,21,7,6,6,247.5,0,0
20,21,7,6,7,292.5,0,0
20,21,7,6,8,337.5,0,0
20,21,7,7,1,22.5,0,0
20,21,7,7,2,67.5,0,0
20,21,7,7,3,112.5,0,0
20,21,7,7,4,157.5,0,0
20,21,7,7,5,202.5,0,0
20,21,7,7,6,247.5,0,0
20,21,7,7,7,292.5,0,0
20,21,7,7,8,337.5,0,0
20,21,7,8,1,22.5,0,0
20,21,7,8,2,67.5,0,0
20,21,7,8,3,112.5,0,0
20,21,7,8,4,157.5,0,0
20,21,7,8,5,202.5,0,0
20,21,7,8,6,247.5,0,0
20,21,7,8,7,292.5,0,0
20,21,7,8,8,337.5,0,0
20,21,7,9,1,22.5,0,0
20,21,7,9,2,67.5,0,0
20,21,7,9,3,112.5,0,0
20,21,7,9,4,157.5,0,0
20,21,7,9,5,202.5,0,0
20,21,7,9,6,247.5,0,0
20,21,7,9,7,292.5,0,0
20,21,7,9,8,337.5,0,0
20,21,7,10,1,22.5,0,0
20,21,7,10,2,67.5,0,0
20,21,7,10,3,112.5,0,0
20,21,7,10,4,157.5,0,0
20,21,7,10,5,202.5,0,0
20,21,7,10,6,247.5,0,0
20,21,7,10,7,292.5,0,0
20,21,7,10,8,337.5,0,0
20,21,7,11,1,22.5,0,0
20,21,7,11,2,67.5,0,0
20,21,7,11,3,112.5,0,0
20,21,7,11,4,157.5,0,0
20,21,7,11,5,202.5,0,0
20,21,7,11,6,247.5,0,0
20,21,7,11,7,292.5,0,0
20,21,7,11,8,337.5,0,0
20,21,8,1,1,22.5,0,0
20,21,8,1,2,67.5,0,0
20,21,8,1,3,112.5,0,0
20,21,8,1,4,157.5,0,0
20,21,8,1,5,202.5,0,0
20,21,8,1,6,247.5,0,0
20,21,8,1,7,292.5,0,0
20,21,8,1,8,337.5,0,0
20,21,8,2,1,22.5,0,0
20,21,8,2,2,67.5,0,0
20,21,8,2,3,112.5,0,0
20,21,8,2,4,157.5,0,0
20,21,8,2,5,202.5,0,0
20,21,8,2,6,247.5,0,0
20,21,8,2,7,292.5,0,0
20,21,8,2,8,337.5,0,0
20,21,8,3,1,22.5,0,0
20,21,8,3,2,67.5,0,0
20,21,8,3,3,112.5,0,0
20,21,8,3,4,157.5,0,0
20,21,8,3,5,202.5,0,0
20,21,8,3,6,247.5,0,0
20,21,8,3,7,292.5,0,0
20,21,8,3,8,337.5,0,0
20,21,8,4,1,22.5,0,0
20,21,8,4,2,67.5,0,0
20,21,8,4,3,112.5,0,0
20,21,8,4,4,157.5,0,0
20,21,8,4,5,202.5,0,0
20,21,8,4,6,247.5,0,0
20,21,8,4,7,292.5,0,0
20,21,8,4,8,337.5,0,0
20,21,8,5,1,22.5,0,0
20,21,8,5,2,67.5,0,0
20,21,8,5,3,112.5,0,0
20,21,8,5,4,157.5,0,0
20,21,8,5,5,202.5,0,0
20,21,8,5,6,247.5,0,0
20,21,8,5,7,292.5,0,0
20,21,8,5,8,337.5,0,0
20,21,8,6,1,22.5,0,0
20,21,8,6,2,67.5,0,0
20,21,8,6,3,112.5,0,0
20,21,8,6,4,157.5,0,0
20,21,8,6,5,202.5,0,0
20,21,8,6,6,247.5,0,0
20,21,8,6,7,292.5,0,0
20,21,8,6,8,337.5,0,0
20,21,8,7,1,22.5,0,0
20,21,8,7,2,67.5,0,0
20,21,8,7,3,112.5,0,0
20,21,8,7,4,157.5,0,0
20,21,8,7,5,202.5,0,0
20,21,8,7,6,247.5,0,0
20,21,8,7,7,292.5,0,0
20,21,8,7,8,337.5,0,0
20,21,8,8,1,22.5,0,0
20,21,8,8,2,67.5,0,0
20,21,8,8,3,112.5,0,0
20,21,8,8,4,157.5,0,0
20,21,8,8,5,202.5,0,0
20,21,8,8,6,247.5,0,0
20,21,8,8,7,292.5,0,0
20,21,8,8,8,337.5,0,0
20,21,8,9,1,22.5,0,0
20,21,8,9,2,67.5,0,0
20,21,8,9,3,112.5,0,0
20,21,8,9,4,157.5,0,0
20,21,8,9,5,202.5,0,0
20,21,8,9,6,247.5,0,0
20,21,8,9,7,292.5,0,0
20,21,8,9,8,337.5,0,0
20,21,8,10,1,22.5,0,0
20,21,8,10,2,67.5,0,0
20,21,8,10,3,112.5,0,0
20,21,8,10,4,157.5,0,0
20,21,8,10,5,202.5,0,0
20,21,8,10,6,247.5,0,0
20,21,8,10,7,292.5,0,0
20,21,8,10,8,337.5,0,0
20,21,8,11,1,22.5,0,0
20,21,8,11,2,67.5,0,0
20,21,8,11,3,112.5,0,0
20,21,8,11,4,157.5,0,0
20,21,8,11,5,202.5,0,0
20,21,8,11,6,247.5,0,0
20,21,8,11,7,292.5,0,0
20,21,8,11,8,337.5,0,0
