xq2_bin,z_bin0,pt2_bin0,phi_content_sum,phi_error_sum,phi_bin_count,z_bin,pt2_bin,spec_content,spec_error,_merge,diff_phi_minus_spec,ratio_phi_over_spec
0,0,0,91386.92,991.583520464111,8,0.0,0.0,100701.0,17363.3,both,-9314.080000000002,0.907507571920835
0,0,1,102594.57400000001,604.9400487106553,8,0.0,1.0,115354.0,18477.6,both,-12759.425999999992,0.8893889592038422
0,0,2,101697.98999999999,467.5683861483366,8,0.0,2.0,101670.0,11543.0,both,27.989999999990687,1.0002753024491
0,0,3,72816.29,334.3475237942252,8,0.0,3.0,74350.9,6966.85,both,-1534.6100000000006,0.9793599001491575
0,0,4,65380.91,312.3790999081885,8,0.0,4.0,70058.7,7274.78,both,-4677.789999999994,0.9332304196338215
0,0,5,8889.062,103.00890230028665,8,0.0,5.0,10026.9,783.86,both,-1137.8379999999997,0.886521457279917
0,0,6,0.0,0.0,8,0.0,6.0,0.0,0.0,both,0.0,
0,0,7,0.0,0.0,8,0.0,7.0,0.0,0.0,both,0.0,
0,0,8,0.0,0.0,8,0.0,8.0,0.0,0.0,both,0.0,
0,0,9,0.0,0.0,8,0.0,9.0,0.0,0.0,both,0.0,
0,0,10,0.0,0.0,8,0.0,10.0,0.0,0.0,both,0.0,
0,1,0,91159.49,755.1983672274457,8,1.0,0.0,132406.0,11690.5,both,-41246.509999999995,0.6884845852906968
0,1,1,166743.733,660.2823821574902,8,1.0,1.0,150502.0,8233.35,both,16241.733000000007,1.1079170575806303
0,1,2,181657.31999999998,599.1022488493095,8,1.0,2.0,169763.0,6520.21,both,11894.319999999978,1.0700642660650435
0,1,3,163682.35,493.82497362672945,8,1.0,3.0,156541.0,5325.31,both,7141.350000000006,1.045619677911857
0,1,4,248030.35,598.7091992676912,8,1.0,4.0,240471.0,7593.1,both,7559.350000000006,1.0314355993030344
0,1,5,149391.44,434.98414558583625,8,1.0,5.0,148521.0,4443.19,both,870.4400000000023,1.0058607200328573
0,1,6,75501.62,298.67884809925863,8,1.0,6.0,76389.6,2904.57,both,-887.9800000000105,0.9883756427576528
0,1,7,40931.98,214.4936340869351,8,1.0,7.0,42036.3,1530.8,both,-1104.3199999999997,0.9737293719951565
0,1,8,8709.925,97.53037338721717,8,1.0,8.0,9379.44,410.189,both,-669.5150000000012,0.9286188727685234
0,1,9,577.1021000000001,25.017818968225427,8,1.0,9.0,873.56,71.0267,both,-296.4578999999999,0.6606324694354139
0,1,10,0.0,0.0,8,1.0,10.0,0.0,0.0,both,0.0,
0,2,0,47342.7684,350.96446317247404,8,2.0,0.0,48854.6,5589.62,both,-1511.8315999999977,0.9690544677471518
0,2,1,73780.8248,376.9710109307324,8,2.0,1.0,68284.4,4900.62,both,5496.424800000008,1.0804931258091162
0,2,2,85508.01999999999,370.4203500289502,8,2.0,2.0,79019.5,4572.34,both,6488.5199999999895,1.0821128961838533
0,2,3,86673.645,339.33440370568087,8,2.0,3.0,83535.3,3484.65,both,3138.345000000001,1.037569087559391
0,2,4,151578.3,448.6689819964937,8,2.0,4.0,146108.0,5850.28,both,5470.299999999988,1.0374401127932762
0,2,5,112435.75,369.67600805905704,8,2.0,5.0,110888.0,3983.13,both,1547.75,1.013957777216651
0,2,6,78289.09,302.44314291354004,8,2.0,6.0,77436.8,3071.01,both,852.2899999999936,1.0110062657547831
0,2,7,71630.13,284.5825539399772,8,2.0,7.0,72968.7,2498.71,both,-1338.5699999999924,0.9816555591644089
0,2,8,37420.93,202.55776319331727,8,2.0,8.0,38827.4,1431.66,both,-1406.4700000000012,0.9637763538119987
0,2,9,20760.073,149.77239034491637,8,2.0,9.0,22090.0,818.604,both,-1329.9269999999997,0.9397950656405614
0,2,10,7375.329,88.3038041495382,8,2.0,10.0,8240.56,321.9,both,-865.2309999999998,0.8950033735571369
0,3,0,22155.374,198.40159242183515,8,3.0,0.0,20719.7,2286.2,both,1435.673999999999,1.0692902889520601
0,3,1,35023.53,255.67338298935226,8,3.0,1.0,33687.4,1888.94,both,1336.1299999999974,1.0396626038222005
0,3,2,40849.935,234.13229444937747,8,3.0,2.0,39192.5,1859.3,both,1657.4349999999977,1.0422895962237673
0,3,3,41083.672399999996,223.91826626014432,8,3.0,3.0,39389.5,2737.8,both,1694.1723999999958,1.043010761751228
0,3,4,79911.8579,336.7170311041899,8,3.0,4.0,75974.9,4311.81,both,3936.9579000000085,1.051819191601437
0,3,5,64122.469,272.2319114537456,8,3.0,5.0,62893.6,2954.64,both,1228.8689999999988,1.0195388560998258
0,3,6,47459.748999999996,232.10968538794324,8,3.0,6.0,47605.1,1998.93,both,-145.3510000000024,0.9969467346985932
0,3,7,47140.659999999996,229.8998916628714,8,3.0,7.0,47734.2,1738.31,both,-593.5400000000009,0.9875657285552077
0,3,8,27586.211,173.2347535900346,8,3.0,8.0,28708.1,1144.7,both,-1121.8889999999992,0.960920820256304
0,3,9,18919.032,142.45013814640546,8,3.0,9.0,20631.0,737.548,both,-1711.9680000000008,0.9170196306529009
0,3,10,14298.654,122.97608034439055,8,3.0,10.0,16209.6,684.078,both,-1910.946,0.8821102309742375
0,4,0,13281.8262,135.65903952296765,8,4.0,0.0,13266.1,1137.57,both,15.726199999999153,1.0011854425942817
0,4,1,19282.217,161.0210940855455,8,4.0,1.0,18591.1,1704.78,both,691.117000000002,1.0371746158107913
0,4,2,20933.9751,157.61144378692842,8,4.0,2.0,20457.2,1424.5,both,476.77509999999893,1.0233059802905577
0,4,3,21119.975,157.56383841214964,8,4.0,3.0,20553.3,1406.98,both,566.6749999999993,1.0275709983311683
0,4,4,41058.8,216.28405963764413,8,4.0,4.0,40695.3,2212.18,both,363.5,1.0089322354178492
0,4,5,35378.979999999996,197.65029718616665,8,4.0,5.0,35190.3,1686.76,both,188.67999999999302,1.005361704787967
0,4,6,27555.6716,173.90947380592036,8,4.0,6.0,27857.4,1302.37,both,-301.72839999999997,0.9891688240826495
0,4,7,29101.3435,177.82813966786162,8,4.0,7.0,29607.0,1383.72,both,-505.65650000000096,0.9829210490762319
0,4,8,17680.414,136.6485978770364,8,4.0,8.0,18662.0,735.915,both,-981.5859999999993,0.9474018861858322
0,4,9,12908.121000000001,117.0835550890047,8,4.0,9.0,14304.7,498.555,both,-1396.5789999999997,0.9023692213048858
0,4,10,10292.655,104.34973407555958,8,4.0,10.0,11913.7,497.296,both,-1621.045,0.8639343780689458
0,5,0,7953.0527999999995,100.34068814233636,8,5.0,0.0,7869.5,813.24,both,83.55279999999948,1.0106172946184637
0,5,1,10548.6398,113.08684798348568,8,5.0,1.0,10537.5,777.19,both,11.139800000000832,1.0010571577698697
0,5,2,10861.710000000001,111.3463245596818,8,5.0,2.0,10798.6,709.362,both,63.11000000000058,1.005844276109866
0,5,3,10698.375,108.1716610316214,8,5.0,3.0,10716.8,622.218,both,-18.424999999999272,0.9982807367871007
0,5,4,20462.622,152.3312999723957,8,5.0,4.0,20297.0,1079.76,both,165.6219999999994,1.0081599251120854
0,5,5,17542.551,137.500526017612,8,5.0,5.0,18383.8,1487.61,both,-841.2489999999998,0.9542396566542282
0,5,6,14419.48,124.03375241376841,8,5.0,6.0,15364.7,1132.72,both,-945.2200000000012,0.9384810637370075
0,5,7,15888.08,129.54603138811316,8,5.0,7.0,16891.1,1227.23,both,-1003.0199999999986,0.9406184321921013
0,5,8,9894.3433,102.1199964670015,8,5.0,8.0,10819.4,780.634,both,-925.0566999999992,0.9145001848531342
0,5,9,7488.1293,88.68222987804322,8,5.0,9.0,8479.17,608.041,both,-991.0407000000005,0.8831205530730012
0,5,10,5917.782999999999,78.76949101333587,8,5.0,10.0,7034.58,477.66,both,-1116.7970000000005,0.8412418367550016
0,6,0,3861.4071,68.76448709382846,8,6.0,0.0,3968.91,295.632,both,-107.50289999999995,0.9729137470993295
0,6,1,4926.2549,77.93855519362481,8,6.0,1.0,5164.1,587.527,both,-237.84510000000046,0.9539425843806277
0,6,2,4719.5372,72.18158998437275,8,6.0,2.0,5139.85,474.418,both,-420.3128000000006,0.9182246952732083
0,6,3,4505.6491,70.58161019625508,8,6.0,3.0,4982.16,418.141,both,-476.5109000000002,0.904356564221141
0,6,4,8370.875,96.8391819165156,8,6.0,4.0,8952.72,802.38,both,-581.8449999999993,0.9350091368880072
0,6,5,7271.241,88.4959289044417,8,6.0,5.0,7674.34,691.113,both,-403.09900000000016,0.9474744407988178
0,6,6,6240.896000000001,82.74350030763746,8,6.0,6.0,6750.1,568.802,both,-509.2039999999997,0.9245634879483268
0,6,7,6917.662,85.85034121819203,8,6.0,7.0,7577.43,639.045,both,-659.768,0.9129298456072837
0,6,8,4188.545,66.59104684580352,8,6.0,8.0,4755.85,388.529,both,-567.3050000000003,0.8807142782047372
0,6,9,2784.656,54.12165256650983,8,6.0,9.0,3319.33,378.435,both,-534.674,0.8389211075729138
0,6,10,1211.1478,35.80660735048212,8,6.0,10.0,1607.01,136.564,both,-395.86220000000003,0.7536653785601832
0,7,0,1087.3052,35.52800917508888,8,7.0,0.0,1261.01,201.099,both,-173.70479999999998,0.8622494666973299
0,7,1,1315.096,38.6283087622601,8,7.0,1.0,1506.1,183.562,both,-191.0039999999999,0.8731797357413187
0,7,2,1291.837,37.4492459371347,8,7.0,2.0,1486.47,152.591,both,-194.63300000000004,0.8690636205237913
0,7,3,1067.974,33.83177574269048,8,7.0,3.0,1241.7,132.573,both,-173.7260000000001,0.8600901989208343
0,7,4,1766.1247,43.884723487023365,8,7.0,4.0,2041.74,217.323,both,-275.61529999999993,0.8650095996551961
0,7,5,1246.6606,36.846071288213345,8,7.0,5.0,1497.73,194.461,both,-251.0694000000001,0.8323667149619758
0,7,6,670.851,27.090612761338566,8,7.0,6.0,808.729,109.858,both,-137.87800000000004,0.8295127292331547
0,7,7,433.9355,21.85898879734376,8,7.0,7.0,611.775,83.4162,both,-177.8395,0.7093057087981692
0,7,8,23.865,5.14335,8,7.0,8.0,124.367,28.084,both,-100.50200000000001,0.19189173977019625
0,7,9,0.0,0.0,8,7.0,9.0,0.0,0.0,both,0.0,
0,7,10,0.0,0.0,8,7.0,10.0,0.0,0.0,both,0.0,
1,0,0,49806.657999999996,602.0953612247814,8,0.0,0.0,54118.1,10683.3,both,-4311.442000000003,0.9203327167805225
1,0,1,52410.564,413.3330454185825,8,0.0,1.0,56273.3,9149.8,both,-3862.7360000000044,0.9313575709972579
1,0,2,41433.355,272.19084566153214,8,0.0,2.0,44475.8,5313.26,both,-3042.4449999999997,0.9315932484632092
1,0,3,25653.57,190.32382573584948,8,0.0,3.0,27548.8,2628.4,both,-1895.2299999999996,0.9312046259728192
1,0,4,17969.314,152.5392718489242,8,0.0,4.0,20389.4,1960.44,both,-2420.086000000003,0.8813066593425994
1,0,5,646.99092,27.680961277545983,8,0.0,5.0,1059.02,166.285,both,-412.02908,0.6109336178731279
1,0,6,0.0,0.0,8,0.0,6.0,0.0,0.0,both,0.0,
1,0,7,0.0,0.0,8,0.0,7.0,0.0,0.0,both,0.0,
1,0,8,0.0,0.0,8,0.0,8.0,0.0,0.0,both,0.0,
1,0,9,0.0,0.0,8,0.0,9.0,0.0,0.0,both,0.0,
1,0,10,0.0,0.0,8,0.0,10.0,0.0,0.0,both,0.0,
1,1,0,129194.23528000001,794.3976248554878,8,1.0,0.0,151524.0,15565.3,both,-22329.764719999992,0.8526321591299069
1,1,1,153177.08,623.5825063147298,8,1.0,1.0,145356.0,10257.1,both,7821.079999999987,1.0538063788216516
1,1,2,154370.46,514.5604667595053,8,1.0,2.0,150484.0,7659.53,both,3886.459999999992,1.025826400148853
1,1,3,126093.64,438.1567144045267,8,1.0,3.0,124963.0,5539.6,both,1130.6399999999994,1.009047798148252
1,1,4,164238.98,477.7923940808288,8,1.0,4.0,163138.0,6009.29,both,1100.9800000000105,1.0067487648493914
1,1,5,80010.40000000001,311.6494989315882,8,1.0,5.0,82113.3,3135.44,both,-2102.899999999994,0.9743902632094923
1,1,6,32453.98,191.54661134990096,8,1.0,6.0,33849.3,1054.78,both,-1395.3200000000033,0.9587784680923976
1,1,7,13286.884,121.06683115626674,8,1.0,7.0,14220.1,541.15,both,-933.2160000000003,0.9343734572893299
1,1,8,1167.9178,35.65531048563454,8,1.0,8.0,1648.7,84.7737,both,-480.7822000000001,0.708387092861042
1,1,9,0.0,0.0,8,1.0,9.0,0.0,0.0,both,0.0,
1,1,10,0.0,0.0,8,1.0,10.0,0.0,0.0,both,0.0,
1,2,0,91728.17,472.0451137341642,8,2.0,0.0,87510.8,5498.67,both,4217.369999999995,1.048192565946146
1,2,1,94315.1502,414.5959263965458,8,2.0,1.0,91362.1,4777.01,both,2953.050199999998,1.032322486019914
1,2,2,96346.195,377.344523431108,8,2.0,2.0,92038.7,4055.7,both,4307.49500000001,1.046800910921167
1,2,3,91636.99,344.38023212966215,8,2.0,3.0,90024.3,3245.78,both,1612.6900000000023,1.0179139410137041
1,2,4,149875.19999999998,454.9635107537416,8,2.0,4.0,146998.0,4704.01,both,2877.1999999999825,1.0195730554157199
1,2,5,98049.08,339.59862712658304,8,2.0,5.0,98991.2,2969.76,both,-942.1199999999953,0.9904827903894488
1,2,6,60861.06,261.9232593535175,8,2.0,6.0,62810.4,1910.19,both,-1949.3400000000038,0.9689646937449848
1,2,7,50351.39,235.9283194012749,8,2.0,7.0,52283.3,1400.22,both,-1931.9100000000035,0.9630491954409917
1,2,8,21326.84,151.081330444036,8,2.0,8.0,22682.3,793.128,both,-1355.4599999999991,0.9402415098997897
1,2,9,9097.208,98.22938868750025,8,2.0,9.0,10023.7,375.792,both,-926.4920000000002,0.9075698594331434
1,2,10,1891.6692,44.810867990871365,8,2.0,10.0,2418.05,138.171,both,-526.3808000000001,0.782311862864705
1,3,0,54716.301,314.3822093547757,8,3.0,0.0,54253.7,2973.41,both,462.6010000000024,1.0085266258338141
1,3,1,55548.665,314.69610751575874,8,3.0,1.0,55362.1,2289.75,both,186.56500000000233,1.003369904682084
1,3,2,53964.823599999996,261.0833553209204,8,3.0,2.0,52760.0,2139.35,both,1204.823599999996,1.0228359287338893
1,3,3,50935.182199999996,248.47504043056395,8,3.0,3.0,50319.3,2488.42,both,615.8821999999927,1.0122394826637093
1,3,4,92897.781,332.87944308102,8,3.0,4.0,91347.9,3461.9,both,1549.8810000000085,1.0169667939821279
1,3,5,68824.729,279.54054386855944,8,3.0,5.0,70085.0,2597.89,both,-1260.2709999999934,0.9820179639009775
1,3,6,47915.971,229.61882544924316,8,3.0,6.0,49323.9,1702.28,both,-1407.9290000000037,0.9714554404659809
1,3,7,43852.406,219.3537675621278,8,3.0,7.0,46078.7,1478.21,both,-2226.2939999999944,0.9516849650706293
1,3,8,23118.02,157.00228915955333,8,3.0,8.0,25366.1,860.422,both,-2248.079999999998,0.9113746299194595
1,3,9,14813.229,124.88858910340849,8,3.0,9.0,16340.2,599.409,both,-1526.9710000000014,0.906551266202372
1,3,10,8488.753,94.16709560924134,8,3.0,10.0,9870.31,356.538,both,-1381.5569999999989,0.8600290163125577
1,4,0,39296.04,237.78150305334938,8,4.0,0.0,38839.2,2830.72,both,456.8400000000038,1.011762343199654
1,4,1,34384.5417,208.11042522644752,8,4.0,1.0,34392.8,1732.08,both,-8.258300000001327,0.9997598828824638
1,4,2,31191.8727,194.08293397913067,8,4.0,2.0,31256.3,1421.41,both,-64.42729999999938,0.997938741949623
1,4,3,29034.46,181.10506741046757,8,4.0,3.0,29437.0,1310.29,both,-402.5400000000009,0.9863253728301117
1,4,4,54234.7374,246.26902916716912,8,4.0,4.0,54117.7,2223.22,both,117.03740000000107,1.002162645493064
1,4,5,43268.1731,217.22726738991884,8,4.0,5.0,44154.6,1677.13,both,-886.4268999999986,0.9799244721954224
1,4,6,32075.079999999998,188.14288009515533,8,4.0,6.0,33375.9,1151.85,both,-1300.8200000000033,0.9610251708568157
1,4,7,31217.9399,183.68325222531857,8,4.0,7.0,32840.8,1175.73,both,-1622.8601000000017,0.9505840265766973
1,4,8,17498.568,136.41090645842803,8,4.0,8.0,19357.4,898.541,both,-1858.8320000000022,0.9039730542324897
1,4,9,11757.965,111.29403165129746,8,4.0,9.0,13371.0,505.906,both,-1613.0349999999999,0.8793631740333557
1,4,10,7675.433,89.65735918646054,8,4.0,10.0,9324.3,386.199,both,-1648.8669999999993,0.8231645270958678
1,5,0,25327.694,179.27812770882008,8,5.0,0.0,25697.2,1483.21,both,-369.5060000000012,0.9856207680214186
1,5,1,20650.118,155.18621513630004,8,5.0,1.0,20718.9,1097.23,both,-68.78200000000288,0.996680229162745
1,5,2,17725.5947,141.53231072142538,8,5.0,2.0,18600.7,1089.64,both,-875.1052999999993,0.9529530985393023
1,5,3,15507.11123,129.821067787576,8,5.0,3.0,16225.0,1007.63,both,-717.8887699999996,0.9557541590138675
1,5,4,27602.43,175.95256436559828,8,5.0,4.0,28823.0,1526.76,both,-1220.5699999999997,0.9576529160739687
1,5,5,22881.63,156.3497052496742,8,5.0,5.0,23817.4,1320.13,both,-935.7700000000004,0.9607106569146926
1,5,6,17750.742,137.36729564335903,8,5.0,6.0,18933.6,1068.5,both,-1182.8580000000002,0.9375259855494993
1,5,7,18319.5,139.21181682874482,8,5.0,7.0,19437.6,1036.19,both,-1118.0999999999985,0.942477466353871
1,5,8,10470.619,104.6616398894552,8,5.0,8.0,11649.6,566.177,both,-1178.9809999999998,0.8987964393627249
1,5,9,6733.3609,84.05119960851243,8,5.0,9.0,7875.15,345.265,both,-1141.7891,0.8550136695808969
1,5,10,3359.8808,59.591883975226025,8,5.0,10.0,4143.56,210.32,both,-783.6792000000005,0.8108681423703288
1,6,0,13156.357,123.53094049273646,8,6.0,0.0,13858.6,1294.9,both,-702.2430000000004,0.9493279984991269
1,6,1,9889.644100000001,105.25490318532862,8,6.0,1.0,10648.4,733.582,both,-758.7558999999983,0.9287446095188011
1,6,2,8017.5108,92.92769778185513,8,6.0,2.0,8491.29,616.412,both,-473.77920000000086,0.9442040961973974
1,6,3,6799.8315999999995,84.84854168446267,8,6.0,3.0,7348.8,469.384,both,-548.9684000000007,0.9252982255606357
1,6,4,11398.556,111.33399407467604,8,6.0,4.0,12227.8,764.148,both,-829.2439999999988,0.932183712523921
1,6,5,9137.453000000001,98.26150808521106,8,6.0,5.0,9762.68,597.534,both,-625.226999999999,0.9359574420138733
1,6,6,6764.906999999999,85.19044965076779,8,6.0,6.0,7374.63,467.408,both,-609.7230000000009,0.917321546979306
1,6,7,6227.461,80.34557559841114,8,6.0,7.0,6812.74,518.721,both,-585.2789999999995,0.9140905127745959
1,6,8,2692.782,53.21252907624294,8,6.0,8.0,3265.84,237.0,both,-573.058,0.8245296768978272
1,6,9,1061.4303,33.679495278921564,8,6.0,9.0,1467.14,94.2436,both,-405.7097000000001,0.7234689940973594
1,6,10,92.1442,10.333774139591982,8,6.0,10.0,262.749,44.9047,both,-170.6048,0.3506928665760859
1,7,0,2587.6612,54.425996227240525,8,7.0,0.0,3171.06,286.117,both,-583.3987999999999,0.8160240424337604
1,7,1,1904.0872,45.48070614111549,8,7.0,1.0,2121.81,186.162,both,-217.7228,0.8973881733048671
1,7,2,1239.1286,36.80538158819305,8,7.0,2.0,1475.04,137.764,both,-235.91139999999996,0.8400644050330839
1,7,3,851.2339999999999,30.181325553560434,8,7.0,3.0,1121.77,122.53,both,-270.53600000000006,0.7588311329416904
1,7,4,1017.3964,32.90350673428138,8,7.0,4.0,1400.12,100.687,both,-382.7235999999999,0.726649430048853
1,7,5,370.2343,20.070354917761172,8,7.0,5.0,579.481,81.5201,both,-209.24669999999998,0.6389067113503291
1,7,6,57.123830000000005,8.396027253409795,8,7.0,6.0,227.746,42.3898,both,-170.62217,0.25082253914448555
1,7,7,0.0,0.0,8,7.0,7.0,56.1679,17.3502,both,-56.1679,0.0
1,7,8,0.0,0.0,8,7.0,8.0,0.0,0.0,both,0.0,
1,7,9,0.0,0.0,8,7.0,9.0,0.0,0.0,both,0.0,
1,7,10,0.0,0.0,8,7.0,10.0,0.0,0.0,both,0.0,
2,0,0,12029.667,278.39279893181504,8,0.0,0.0,14469.4,3176.28,both,-2439.733,0.8313867195598988
2,0,1,10494.88,169.9678919281227,8,0.0,1.0,12796.6,2231.17,both,-2301.720000000001,0.8201303471234546
2,0,2,6692.3478,101.83230493158838,8,0.0,2.0,8336.65,1156.28,both,-1644.3022,0.8027622366298213
2,0,3,3391.5913,66.00836001378916,8,0.0,3.0,4268.51,636.674,both,-876.9187000000002,0.7945609357832124
2,0,4,1374.546,40.386111171911566,8,0.0,4.0,1919.11,266.223,both,-544.5639999999999,0.7162413827242837
2,0,5,0.0,0.0,8,0.0,5.0,0.0,0.0,both,0.0,
2,0,6,0.0,0.0,8,0.0,6.0,0.0,0.0,both,0.0,
2,0,7,0.0,0.0,8,0.0,7.0,0.0,0.0,both,0.0,
2,0,8,0.0,0.0,8,0.0,8.0,0.0,0.0,both,0.0,
2,0,9,0.0,0.0,8,0.0,9.0,0.0,0.0,both,0.0,
2,0,10,0.0,0.0,8,0.0,10.0,0.0,0.0,both,0.0,
2,1,0,116586.32,705.5379705865872,8,1.0,0.0,122493.0,16514.6,both,-5906.679999999993,0.951779448621554
2,1,1,98901.985,491.1364196001148,8,1.0,1.0,98518.5,9072.53,both,383.4850000000006,1.0038925176489695
2,1,2,89495.02,383.67987856266325,8,1.0,2.0,91870.3,6824.0,both,-2375.279999999999,0.9741452896093732
2,1,3,64251.31,293.7449041799364,8,1.0,3.0,66514.1,3795.81,both,-2262.790000000008,0.9659802959071835
2,1,4,69193.06,302.4474116657307,8,1.0,4.0,72092.6,4202.39,both,-2899.540000000008,0.9597803380652105
2,1,5,25679.367,171.60437883230136,8,1.0,5.0,27364.0,1042.83,both,-1684.6330000000016,0.9384361569945914
2,1,6,7562.302,91.33260938004015,8,1.0,6.0,8493.33,397.551,both,-931.0280000000002,0.8903812756598413
2,1,7,1328.6868,37.66601922004634,8,1.0,7.0,1792.45,122.152,both,-463.7632000000001,0.7412685430555942
2,1,8,0.0,0.0,8,1.0,8.0,0.0,0.0,both,0.0,
2,1,9,0.0,0.0,8,1.0,9.0,0.0,0.0,both,0.0,
2,1,10,0.0,0.0,8,1.0,10.0,0.0,0.0,both,0.0,
2,2,0,106119.23,538.9904849164686,8,2.0,0.0,107194.0,3299.28,both,-1074.770000000004,0.9899735992686157
2,2,1,90894.966,412.08293199045505,8,2.0,1.0,90307.5,3239.51,both,587.4660000000003,1.0065051739888713
2,2,2,81779.203,340.10422477064293,8,2.0,2.0,80739.0,2405.22,both,1040.202999999994,1.0128835259292286
2,2,3,75308.08,306.1692182677089,8,2.0,3.0,75827.9,2574.41,both,-519.8199999999924,0.9931447396011231
2,2,4,112109.87,375.8206620241362,8,2.0,4.0,113289.0,3513.5,both,-1179.1300000000047,0.9895918403375438
2,2,5,61486.82,267.3068309659519,8,2.0,5.0,63513.7,1820.36,both,-2026.8799999999974,0.9680875149770837
2,2,6,32749.21,189.33854674793508,8,2.0,6.0,34473.5,1238.04,both,-1724.2900000000009,0.9499821602100164
2,2,7,22579.632,155.64270687581222,8,2.0,7.0,24003.1,638.91,both,-1423.4679999999971,0.9406964933696066
2,2,8,7045.7959,86.18367341669419,8,2.0,8.0,7821.32,281.928,both,-775.5240999999996,0.9008448573898012
2,2,9,1777.282,42.97696308523905,8,2.0,9.0,2285.47,91.2714,both,-508.1879999999999,0.7776439857009718
2,2,10,14.9516,4.42657,8,2.0,10.0,202.969,30.5664,both,-188.0174,0.07366445122161512
2,3,0,80665.63,385.21376350253894,8,3.0,0.0,82495.1,3511.96,both,-1829.4700000000012,0.9778232888983709
2,3,1,64809.0,298.2632924660358,8,3.0,1.0,64696.8,2337.27,both,112.19999999999709,1.0017342434247134
2,3,2,54500.683000000005,260.41193287174843,8,3.0,2.0,54340.6,1944.34,both,160.083000000006,1.0029459188893757
2,3,3,49428.318999999996,240.55444798365298,8,3.0,3.0,50151.9,1515.9,both,-723.5810000000056,0.985572211621095
2,3,4,88067.094,322.2559175607176,8,3.0,4.0,88551.5,2605.34,both,-484.4060000000027,0.9945296691755645
2,3,5,60684.195999999996,259.95682850483075,8,3.0,5.0,62732.7,1541.88,both,-2048.504000000001,0.9673455151778897
2,3,6,37334.814,201.61482876447855,8,3.0,6.0,39165.2,1008.67,both,-1830.3859999999986,0.9532649903485748
2,3,7,29754.156,178.7934417924494,8,3.0,7.0,31691.9,1161.71,both,-1937.7440000000024,0.938856805682209
2,3,8,13124.866,117.52108332218522,8,3.0,8.0,14540.0,472.325,both,-1415.134,0.9026730398899587
2,3,9,6862.361,84.98557858478107,8,3.0,9.0,7908.99,321.755,both,-1046.629,0.8676659093006819
2,3,10,2341.3989,49.53625173042466,8,3.0,10.0,2902.25,106.912,both,-560.8510999999999,0.8067530019812215
2,4,0,63708.87,298.28958410457443,8,4.0,0.0,64630.2,3012.37,both,-921.3299999999945,0.985744589990438
2,4,1,42179.112,230.0597538270438,8,4.0,1.0,42909.4,1634.93,both,-730.2880000000005,0.9829806988678471
2,4,2,33692.838,196.29532132114102,8,4.0,2.0,34215.5,1240.21,both,-522.6619999999966,0.9847244085282987
2,4,3,29506.4499,181.60879403550757,8,4.0,3.0,30492.7,928.5,both,-986.2501000000011,0.967656189842159
2,4,4,53595.117999999995,245.93022601394486,8,4.0,4.0,54390.4,1745.45,both,-795.2820000000065,0.9853782652821085
2,4,5,41730.289,210.98991328663084,8,4.0,5.0,43236.1,1600.91,both,-1505.8110000000015,0.9651723675354622
2,4,6,28832.1349,175.52701379919532,8,4.0,6.0,30567.3,916.257,both,-1735.1650999999983,0.9432345971021321
2,4,7,25311.623199999998,164.18994272740946,8,4.0,7.0,26930.5,930.735,both,-1618.8768000000018,0.9398868643359759
2,4,8,12011.111,112.29872882187937,8,4.0,8.0,13562.9,436.318,both,-1551.7889999999989,0.8855857523096093
2,4,9,6465.409,82.30135183926203,8,4.0,9.0,7623.05,245.352,both,-1157.6410000000005,0.8481393930251014
2,4,10,2102.8289999999997,47.16985253697535,8,4.0,10.0,2702.28,127.896,both,-599.4510000000005,0.7781684355433188
2,5,0,43797.049999999996,229.24253934889572,8,5.0,0.0,44932.4,2581.98,both,-1135.3500000000058,0.9747320419118497
2,5,1,25914.273899999997,171.75668978750872,8,5.0,1.0,26986.3,1128.55,both,-1072.0261000000028,0.9602751729581305
2,5,2,19377.187899999997,144.96016916962947,8,5.0,2.0,20253.8,824.061,both,-876.6121000000021,0.9567186355153106
2,5,3,15792.3345,129.56604012560697,8,5.0,3.0,16878.6,676.827,both,-1086.2654999999977,0.9356424407237568
2,5,4,26863.0343,169.8696074106301,8,5.0,4.0,28098.9,1094.31,both,-1235.865700000002,0.9560172924918768
2,5,5,21348.4512,150.07369841695947,8,5.0,5.0,22560.0,854.581,both,-1211.5488000000005,0.9462965957446808
2,5,6,15702.80446,128.9549486706338,8,5.0,6.0,16955.5,632.908,both,-1252.6955400000006,0.9261186317124237
2,5,7,14433.5071,123.0552090610552,8,5.0,7.0,15658.2,680.642,both,-1224.6929,0.9217858438390109
2,5,8,6306.53,82.67786757125512,8,5.0,8.0,7327.99,344.047,both,-1021.46,0.8606084342364004
2,5,9,2448.8231,50.64105066634775,8,5.0,9.0,3201.17,160.04,both,-752.3469,0.764977523842845
2,5,10,298.92391000000003,18.273702242621773,8,5.0,10.0,560.032,49.476,both,-261.10809,0.5337621957316725
2,6,0,21217.398,155.40574835433213,8,6.0,0.0,21753.3,1325.22,both,-535.9019999999982,0.9753645653762878
2,6,1,12237.490600000001,116.177729142698,8,6.0,1.0,12901.4,732.792,both,-663.9093999999986,0.9485397398731922
2,6,2,8143.906999999999,94.04609960312017,8,6.0,2.0,8687.47,491.501,both,-543.5630000000001,0.9374313810580065
2,6,3,6038.0584,80.14847402374795,8,6.0,3.0,6694.79,311.163,both,-656.7316000000001,0.90190407764844
2,6,4,9232.171,99.0460593379666,8,6.0,4.0,9976.05,440.026,both,-743.878999999999,0.925433513264268
2,6,5,5859.299,78.33216458639453,8,6.0,5.0,6392.55,314.478,both,-533.2510000000002,0.9165824279825734
2,6,6,3329.3959999999997,59.22390197985945,8,6.0,6.0,3919.05,208.148,both,-589.6540000000005,0.8495415980913741
2,6,7,1878.697,44.348067504458406,8,6.0,7.0,2471.9,139.783,both,-593.2030000000002,0.760021440996804
2,6,8,326.9737,19.07431689213273,8,6.0,8.0,587.835,45.7527,both,-260.8613,0.5562338071057354
2,6,9,0.0,0.0,8,6.0,9.0,61.6058,12.5461,both,-61.6058,0.0
2,6,10,0.0,0.0,8,6.0,10.0,0.0,0.0,both,0.0,
2,7,0,1579.3038,41.39030314817349,8,7.0,0.0,2071.05,182.455,both,-491.7462000000003,0.7625618888969362
2,7,1,680.329,27.460202510453197,8,7.0,1.0,934.948,61.907,both,-254.61900000000003,0.727665068003782
2,7,2,304.4721,18.416956439175827,8,7.0,2.0,482.487,39.126,both,-178.0149,0.6310472613769904
2,7,3,149.7962,12.91761980433315,8,7.0,3.0,254.842,26.2734,both,-105.04580000000001,0.5878002840975977
2,7,4,52.8845,7.640755600102649,8,7.0,4.0,159.403,14.608,both,-106.51849999999999,0.33176602698819974
2,7,5,0.0,0.0,8,7.0,5.0,0.0,0.0,both,0.0,
2,7,6,0.0,0.0,8,7.0,6.0,0.0,0.0,both,0.0,
2,7,7,0.0,0.0,8,7.0,7.0,0.0,0.0,both,0.0,
2,7,8,0.0,0.0,8,7.0,8.0,0.0,0.0,both,0.0,
2,7,9,0.0,0.0,8,7.0,9.0,0.0,0.0,both,0.0,
2,7,10,0.0,0.0,8,7.0,10.0,0.0,0.0,both,0.0,
3,0,0,1226.1887,73.20518651489729,8,0.0,0.0,1824.67,472.397,both,-598.4813000000001,0.6720057325434188
3,0,1,547.3506,30.85858465458842,8,0.0,1.0,1305.56,362.878,both,-758.2094,0.4192458408652226
3,0,2,249.0264,17.96917934662571,8,0.0,2.0,663.851,135.169,both,-414.82460000000003,0.37512393594345717
3,0,3,136.7878,14.12543448286105,8,0.0,3.0,329.49,80.3746,both,-192.7022,0.4151500804273271
3,0,4,0.0,0.0,8,0.0,4.0,96.7716,46.7502,both,-96.7716,0.0
3,0,5,0.0,0.0,8,0.0,5.0,0.0,0.0,both,0.0,
3,0,6,0.0,0.0,8,0.0,6.0,0.0,0.0,both,0.0,
3,0,7,0.0,0.0,8,0.0,7.0,0.0,0.0,both,0.0,
3,0,8,0.0,0.0,8,0.0,8.0,0.0,0.0,both,0.0,
3,0,9,0.0,0.0,8,0.0,9.0,0.0,0.0,both,0.0,
3,0,10,0.0,0.0,8,0.0,10.0,0.0,0.0,both,0.0,
3,1,0,93656.29,658.1876307611683,8,1.0,0.0,100582.0,14749.1,both,-6925.710000000006,0.9311436439919667
3,1,1,60339.042,386.5140556552245,8,1.0,1.0,61717.6,6825.95,both,-1378.5579999999973,0.9776634541848679
3,1,2,47098.4,264.8694719358575,8,1.0,2.0,50181.2,4202.51,both,-3082.7999999999956,0.9385666345165122
3,1,3,31560.93,202.18722627052878,8,1.0,3.0,34217.1,2446.63,both,-2656.1699999999983,0.9223730240143087
3,1,4,29526.851,191.79204109938973,8,1.0,4.0,31291.6,2021.92,both,-1764.7489999999998,0.9436031075432384
3,1,5,8334.617999999999,96.26350640195899,8,1.0,5.0,9401.95,445.068,both,-1067.3320000000022,0.8864775924143393
3,1,6,1395.5881000000002,38.96220731784841,8,1.0,6.0,1811.49,136.947,both,-415.90189999999984,0.7704089451225236
3,1,7,0.0,0.0,8,1.0,7.0,88.1867,25.8606,both,-88.1867,0.0
3,1,8,0.0,0.0,8,1.0,8.0,0.0,0.0,both,0.0,
3,1,9,0.0,0.0,8,1.0,9.0,0.0,0.0,both,0.0,
3,1,10,0.0,0.0,8,1.0,10.0,0.0,0.0,both,0.0,
3,2,0,135405.9,649.2855135100428,8,2.0,0.0,139649.0,7553.29,both,-4243.100000000006,0.9696159657426834
3,2,1,101356.09,430.491203249869,8,2.0,1.0,101582.0,3421.6,both,-225.9100000000035,0.997776082376799
3,2,2,77561.228,328.5062870169763,8,2.0,2.0,77288.2,2734.22,both,273.0280000000057,1.003532596178977
3,2,3,65988.62,291.25252656680937,8,2.0,3.0,67658.7,2509.23,both,-1670.0800000000017,0.9753161086453035
3,2,4,86343.9,322.96903360522043,8,2.0,4.0,88274.0,2629.87,both,-1930.1000000000058,0.9781351247252871
3,2,5,39980.39,211.50917549191573,8,2.0,5.0,41564.3,1109.39,both,-1583.9100000000035,0.9618925375863421
3,2,6,18939.931,143.13111820096984,8,2.0,6.0,19966.9,696.535,both,-1026.969000000001,0.9485664274374088
3,2,7,10302.347,104.34958766593186,8,2.0,7.0,11143.9,444.09,both,-841.5529999999999,0.9244830804296521
3,2,8,1993.4393,45.98090061791417,8,2.0,8.0,2310.96,106.189,both,-317.52070000000003,0.8626022518780074
3,2,9,95.94810000000001,10.278340611017908,8,2.0,9.0,309.518,36.3683,both,-213.56989999999996,0.3099919875419201
3,2,10,0.0,0.0,8,2.0,10.0,0.0,0.0,both,0.0,
3,3,0,124176.84,478.00428222245034,8,3.0,0.0,126315.0,4317.25,both,-2138.1600000000035,0.9830727942049637
3,3,1,88444.54,346.88596492817345,8,3.0,1.0,89474.6,3575.57,both,-1030.0600000000122,0.9884876825378374
3,3,2,66910.066,291.64845261339894,8,3.0,2.0,67547.7,1969.98,both,-637.6339999999909,0.990560241133303
3,3,3,56627.515,259.1670214688204,8,3.0,3.0,57310.4,1884.17,both,-682.885000000002,0.9880844488958374
3,3,4,90171.56,324.0100275558767,8,3.0,4.0,90910.6,2590.42,both,-739.0400000000081,0.9918706949464638
3,3,5,54583.3,244.1565328800153,8,3.0,5.0,56069.9,1544.63,both,-1486.5999999999985,0.9734866657511428
3,3,6,29177.674,177.20241013722134,8,3.0,6.0,30448.8,825.04,both,-1271.1260000000002,0.9582536586006674
3,3,7,19650.906,144.35757257355777,8,3.0,7.0,20664.9,720.57,both,-1013.9940000000024,0.9509315796350332
3,3,8,6792.9386,84.65742251160852,8,3.0,8.0,7613.66,222.028,both,-820.7213999999994,0.8922040910678964
3,3,9,2280.522,49.124977596025424,8,3.0,9.0,2721.62,107.294,both,-441.09799999999996,0.8379281457367304
3,3,10,128.85309999999998,12.41939459174641,8,3.0,10.0,284.77,17.2507,both,-155.9169,0.45248130069880954
3,4,0,104832.56,378.6694886195216,8,4.0,0.0,105881.0,3542.86,both,-1048.4400000000023,0.9900979401403462
3,4,1,59745.17,270.649777317588,8,4.0,1.0,60659.5,2082.72,both,-914.3300000000017,0.9849268457537566
3,4,2,44968.555,226.9282873476112,8,4.0,2.0,45970.8,1569.71,both,-1002.2450000000026,0.9781982258303096
3,4,3,36913.698000000004,202.03128375813483,8,4.0,3.0,37991.6,925.594,both,-1077.9019999999946,0.9716278861643102
3,4,4,60957.164000000004,259.27997857316325,8,4.0,4.0,61951.1,1791.1,both,-993.9359999999942,0.9839561202303108
3,4,5,43581.450000000004,218.3759538310251,8,4.0,5.0,44955.2,1252.19,both,-1373.7499999999927,0.9694417998362816
3,4,6,26395.717999999997,166.96115482542638,8,4.0,6.0,27726.2,819.231,both,-1330.4820000000036,0.9520135467536119
3,4,7,18851.192,141.20320181160906,8,4.0,7.0,20315.6,562.787,both,-1464.4079999999994,0.9279170686565988
3,4,8,6103.468,80.0597302291233,8,4.0,8.0,7032.12,199.656,both,-928.652,0.8679413889410306
3,4,9,1526.799,40.383912461387396,8,4.0,9.0,2074.86,104.136,both,-548.0610000000001,0.7358563951302738
3,4,10,8.85611,3.22134,8,4.0,10.0,174.724,23.1935,both,-165.86789,0.05068628236533046
3,5,0,68895.26000000001,285.6559341337582,8,5.0,0.0,69879.3,3141.68,both,-984.0399999999936,0.985918004330324
3,5,1,36363.271,201.23750467340824,8,5.0,1.0,37300.4,1212.4,both,-937.1290000000008,0.974876167547801
3,5,2,24403.519,162.92605508159215,8,5.0,2.0,25225.3,840.777,both,-821.780999999999,0.9674223497837489
3,5,3,18811.083,141.37664503647693,8,5.0,3.0,19784.1,733.228,both,-973.0169999999998,0.9508182328233278
3,5,4,28950.384000000002,177.05452685130646,8,5.0,4.0,30025.1,1094.97,both,-1074.7159999999967,0.9642060809123035
3,5,5,20545.3468,148.70909813966495,8,5.0,5.0,21706.7,780.585,both,-1161.3532000000014,0.9464979384245417
3,5,6,12359.2178,113.70449749862316,8,5.0,6.0,13430.1,402.423,both,-1070.8822,0.9202625296907693
3,5,7,7199.38147,86.76871300083747,8,5.0,7.0,8217.15,339.422,both,-1017.7685299999994,0.8761409332919565
3,5,8,1394.886,38.54326470059328,8,5.0,8.0,1915.81,99.0817,both,-520.924,0.7280920341787547
3,5,9,18.164,4.86606,8,5.0,9.0,299.144,21.6249,both,-280.98,0.06071992084079909
3,5,10,0.0,0.0,8,5.0,10.0,0.0,0.0,both,0.0,
3,6,0,27053.9,173.67312980182052,8,6.0,0.0,27936.3,1287.01,both,-882.3999999999978,0.9684138558076768
3,6,1,12948.2203,119.13471114621002,8,6.0,1.0,13746.7,619.383,both,-798.4796999999999,0.9419148086449839
3,6,2,7126.980600000001,86.92132279233272,8,6.0,2.0,7829.02,421.29,both,-702.0393999999997,0.9103285724139165
3,6,3,4267.0151,67.11340198224569,8,6.0,3.0,5019.41,226.519,both,-752.3949000000002,0.8501029204627635
3,6,4,4818.116,71.12315008820967,8,6.0,4.0,5530.29,211.495,both,-712.174,0.8712230280871347
3,6,5,1833.1318999999999,44.00805661782397,8,6.0,5.0,2314.49,132.274,both,-481.3580999999999,0.792024117624185
3,6,6,431.05865,21.573636977637776,8,6.0,6.0,787.751,65.1064,both,-356.69235,0.5472016538220834
3,6,7,15.1742,4.09242,8,6.0,7.0,181.087,23.4444,both,-165.91279999999998,0.08379508192194912
3,6,8,0.0,0.0,8,6.0,8.0,0.0,0.0,both,0.0,
3,6,9,0.0,0.0,8,6.0,9.0,0.0,0.0,both,0.0,
3,6,10,0.0,0.0,8,6.0,10.0,0.0,0.0,both,0.0,
3,7,0,94.9966,10.210689359661275,8,7.0,0.0,333.078,44.7573,both,-238.08139999999997,0.28520826953446343
3,7,1,0.0,0.0,8,7.0,1.0,85.0151,20.8726,both,-85.0151,0.0
3,7,2,0.0,0.0,8,7.0,2.0,0.0,0.0,both,0.0,
3,7,3,0.0,0.0,8,7.0,3.0,0.0,0.0,both,0.0,
3,7,4,0.0,0.0,8,7.0,4.0,0.0,0.0,both,0.0,
3,7,5,0.0,0.0,8,7.0,5.0,0.0,0.0,both,0.0,
3,7,6,0.0,0.0,8,7.0,6.0,0.0,0.0,both,0.0,
3,7,7,0.0,0.0,8,7.0,7.0,0.0,0.0,both,0.0,
3,7,8,0.0,0.0,8,7.0,8.0,0.0,0.0,both,0.0,
3,7,9,0.0,0.0,8,7.0,9.0,0.0,0.0,both,0.0,
3,7,10,0.0,0.0,8,7.0,10.0,0.0,0.0,both,0.0,
4,0,0,0.0,0.0,8,0.0,0.0,0.0,0.0,both,0.0,
4,0,1,0.0,0.0,8,0.0,1.0,0.0,0.0,both,0.0,
4,0,2,0.0,0.0,8,0.0,2.0,0.0,0.0,both,0.0,
4,0,3,0.0,0.0,8,0.0,3.0,0.0,0.0,both,0.0,
4,0,4,0.0,0.0,8,0.0,4.0,0.0,0.0,both,0.0,
4,0,5,0.0,0.0,8,0.0,5.0,0.0,0.0,both,0.0,
4,0,6,0.0,0.0,8,0.0,6.0,0.0,0.0,both,0.0,
4,0,7,0.0,0.0,8,0.0,7.0,0.0,0.0,both,0.0,
4,0,8,0.0,0.0,8,0.0,8.0,0.0,0.0,both,0.0,
4,0,9,0.0,0.0,8,0.0,9.0,0.0,0.0,both,0.0,
4,0,10,0.0,0.0,8,0.0,10.0,0.0,0.0,both,0.0,
4,1,0,38894.14,429.35518642378133,8,1.0,0.0,44236.2,7276.69,both,-5342.059999999998,0.8792378187999874
4,1,1,17908.022,194.07460553918435,8,1.0,1.0,19153.8,2088.51,both,-1245.7779999999984,0.934959224801345
4,1,2,12606.641,128.6657594685548,8,1.0,2.0,14395.9,1248.88,both,-1789.259,0.8757105147993526
4,1,3,8393.64714,100.89794620117101,8,1.0,3.0,9745.4,616.054,both,-1351.7528600000005,0.8612932398875366
4,1,4,7314.87,91.99717956894114,8,1.0,4.0,8118.25,469.135,both,-803.3800000000001,0.9010402488220983
4,1,5,1080.582,34.33980244352026,8,1.0,5.0,1454.94,132.091,both,-374.35799999999995,0.7426986679863088
4,1,6,0.0,0.0,8,1.0,6.0,46.5141,26.137,both,-46.5141,0.0
4,1,7,0.0,0.0,8,1.0,7.0,0.0,0.0,both,0.0,
4,1,8,0.0,0.0,8,1.0,8.0,0.0,0.0,both,0.0,
4,1,9,0.0,0.0,8,1.0,9.0,0.0,0.0,both,0.0,
4,1,10,0.0,0.0,8,1.0,10.0,0.0,0.0,both,0.0,
4,2,0,136304.44,660.4361146606082,8,2.0,0.0,144507.0,12364.4,both,-8202.559999999998,0.9432376286269869
4,2,1,80270.95,378.8730937675305,8,2.0,1.0,80742.1,3508.34,both,-471.15000000000873,0.9941647541988627
4,2,2,46476.827000000005,258.5657680478025,8,2.0,2.0,47015.7,2325.54,both,-538.8729999999923,0.9885384456681493
4,2,3,38084.41,211.01440385232,8,2.0,3.0,39401.9,1622.09,both,-1317.489999999998,0.9665627799674635
4,2,4,47020.732,238.16313385224004,8,2.0,4.0,47991.5,1872.73,both,-970.7679999999964,0.9797720846399884
4,2,5,17981.705,140.39020899817052,8,2.0,5.0,18802.3,707.594,both,-820.5949999999975,0.9563566691309043
4,2,6,5983.062,79.76381149280668,8,2.0,6.0,6377.83,277.863,both,-394.76800000000003,0.9381030852186402
4,2,7,1898.546,44.99850639243485,8,2.0,7.0,2131.94,84.3634,both,-233.394,0.8905250616809104
4,2,8,21.9684,5.25596,8,2.0,8.0,149.149,32.5411,both,-127.1806,0.14729163453995667
4,2,9,0.0,0.0,8,2.0,9.0,0.0,0.0,both,0.0,
4,2,10,0.0,0.0,8,2.0,10.0,0.0,0.0,both,0.0,
4,3,0,160751.4,554.3314019366032,8,3.0,0.0,165722.0,5577.98,both,-4970.600000000006,0.9700063962539675
4,3,1,98611.08,370.25303459884026,8,3.0,1.0,100739.0,4360.41,both,-2127.9199999999983,0.9788768997111348
4,3,2,60454.9,271.279260861423,8,3.0,2.0,61187.3,2014.11,both,-732.4000000000015,0.9880301958086073
4,3,3,41946.828,219.1111441820338,8,3.0,3.0,43027.9,1270.52,both,-1081.0720000000001,0.9748750926724288
4,3,4,61131.63,261.1801415049965,8,3.0,4.0,61864.4,1605.86,both,-732.7700000000041,0.9881552233594765
4,3,5,32228.488,186.7982466922803,8,3.0,5.0,33039.8,1013.75,both,-811.3120000000017,0.9754444034164855
4,3,6,13349.483,119.0682776111106,8,3.0,6.0,14031.3,443.083,both,-681.8169999999991,0.9514074248287757
4,3,7,5898.379,78.73076128947312,8,3.0,7.0,6340.98,229.141,both,-442.60099999999966,0.9301999060082196
4,3,8,805.0073,29.319030604678936,8,3.0,8.0,1115.8,100.868,both,-310.79269999999997,0.7214620003584872
4,3,9,0.0,0.0,8,3.0,9.0,71.9814,15.583,both,-71.9814,0.0
4,3,10,0.0,0.0,8,3.0,10.0,0.0,0.0,both,0.0,
4,4,0,142221.88,450.0331665244241,8,4.0,0.0,142017.0,4667.93,both,204.88000000000466,1.0014426441904842
4,4,1,71438.17,294.5545646801964,8,4.0,1.0,72284.7,2632.95,both,-846.5299999999988,0.9882889463468756
4,4,2,47142.5,231.8893776229088,8,4.0,2.0,48059.0,1553.4,both,-916.5,0.9809296905886514
4,4,3,31949.76,187.05844061546648,8,4.0,3.0,33059.5,1090.47,both,-1109.7400000000016,0.9664320392020448
4,4,4,43773.119,218.67938150584752,8,4.0,4.0,44451.4,1281.14,both,-678.2810000000027,0.9847410655232456
4,4,5,24380.661,161.03913928654114,8,4.0,5.0,25449.1,770.583,both,-1068.4389999999985,0.9580166292717621
4,4,6,10160.182999999999,103.58634496954703,8,4.0,6.0,11092.7,308.445,both,-932.5170000000016,0.9159341729245358
4,4,7,3700.6668999999997,62.32025352769756,8,4.0,7.0,4378.01,159.265,both,-677.3431000000005,0.8452851638073005
4,4,8,241.2424,16.142639975880652,8,4.0,8.0,484.363,42.4069,both,-243.1206,0.49806116487014906
4,4,9,0.0,0.0,8,4.0,9.0,0.0,0.0,both,0.0,
4,4,10,0.0,0.0,8,4.0,10.0,0.0,0.0,both,0.0,
4,5,0,82739.22,314.4808911345966,8,5.0,0.0,84000.9,3658.54,both,-1261.679999999993,0.9849801609268473
4,5,1,38165.507,208.56641055258635,8,5.0,1.0,39549.5,1309.61,both,-1383.9930000000022,0.9650060557023477
4,5,2,21665.957000000002,154.76078699564047,8,5.0,2.0,22711.3,757.685,both,-1045.3429999999971,0.9539725599151084
4,5,3,13440.932,120.27780226775015,8,5.0,3.0,14345.0,465.081,both,-904.0679999999993,0.9369767863367028
4,5,4,14939.681999999999,126.53330839759151,8,5.0,4.0,16366.0,546.262,both,-1426.3180000000011,0.9128487107417816
4,5,5,6039.3108,79.87530998105734,8,5.0,5.0,6893.85,241.937,both,-854.5392000000002,0.8760432559455167
4,5,6,1676.47,42.338246346182075,8,5.0,6.0,2153.05,84.0456,both,-476.58000000000015,0.77864889343025
4,5,7,282.9837,17.584259282506046,8,5.0,7.0,481.2,60.0685,both,-198.2163,0.5880791770573566
4,5,8,0.0,0.0,8,5.0,8.0,0.0,0.0,both,0.0,
4,5,9,0.0,0.0,8,5.0,9.0,0.0,0.0,both,0.0,
4,5,10,0.0,0.0,8,5.0,10.0,0.0,0.0,both,0.0,
4,6,0,12136.707,115.44578045840393,8,6.0,0.0,12947.3,775.288,both,-810.5929999999989,0.9373928927266689
4,6,1,4009.1693999999998,65.43314155252291,8,6.0,1.0,4766.29,176.112,both,-757.1206000000002,0.8411509580827016
4,6,2,1349.7926,38.054938023255275,8,6.0,2.0,1843.81,118.451,both,-494.01739999999995,0.7320670784950727
4,6,3,440.6974,21.959698299612405,8,6.0,3.0,749.612,52.9358,both,-308.91459999999995,0.5879006739486562
4,6,4,232.4152,16.173206312521955,8,6.0,4.0,425.508,33.8562,both,-193.09279999999998,0.5462064168006242
4,6,5,0.0,0.0,8,6.0,5.0,0.0,0.0,both,0.0,
4,6,6,0.0,0.0,8,6.0,6.0,0.0,0.0,both,0.0,
4,6,7,0.0,0.0,8,6.0,7.0,0.0,0.0,both,0.0,
4,6,8,0.0,0.0,8,6.0,8.0,0.0,0.0,both,0.0,
4,6,9,0.0,0.0,8,6.0,9.0,0.0,0.0,both,0.0,
4,6,10,0.0,0.0,8,6.0,10.0,0.0,0.0,both,0.0,
4,7,0,0.0,0.0,8,7.0,0.0,0.0,0.0,both,0.0,
4,7,1,0.0,0.0,8,7.0,1.0,0.0,0.0,both,0.0,
4,7,2,0.0,0.0,8,7.0,2.0,0.0,0.0,both,0.0,
4,7,3,0.0,0.0,8,7.0,3.0,0.0,0.0,both,0.0,
4,7,4,0.0,0.0,8,7.0,4.0,0.0,0.0,both,0.0,
4,7,5,0.0,0.0,8,7.0,5.0,0.0,0.0,both,0.0,
4,7,6,0.0,0.0,8,7.0,6.0,0.0,0.0,both,0.0,
4,7,7,0.0,0.0,8,7.0,7.0,0.0,0.0,both,0.0,
4,7,8,0.0,0.0,8,7.0,8.0,0.0,0.0,both,0.0,
4,7,9,0.0,0.0,8,7.0,9.0,0.0,0.0,both,0.0,
4,7,10,0.0,0.0,8,7.0,10.0,0.0,0.0,both,0.0,
5,0,0,0.0,0.0,8,0.0,0.0,0.0,0.0,both,0.0,
5,0,1,0.0,0.0,8,0.0,1.0,0.0,0.0,both,0.0,
5,0,2,0.0,0.0,8,0.0,2.0,0.0,0.0,both,0.0,
5,0,3,0.0,0.0,8,0.0,3.0,0.0,0.0,both,0.0,
5,0,4,0.0,0.0,8,0.0,4.0,0.0,0.0,both,0.0,
5,0,5,0.0,0.0,8,0.0,5.0,0.0,0.0,both,0.0,
5,0,6,0.0,0.0,8,0.0,6.0,0.0,0.0,both,0.0,
5,0,7,0.0,0.0,8,0.0,7.0,0.0,0.0,both,0.0,
5,0,8,0.0,0.0,8,0.0,8.0,0.0,0.0,both,0.0,
5,0,9,0.0,0.0,8,0.0,9.0,0.0,0.0,both,0.0,
5,0,10,0.0,0.0,8,0.0,10.0,0.0,0.0,both,0.0,
5,1,0,2598.737,96.88295436793823,8,1.0,0.0,3591.69,686.968,both,-992.953,0.7235415639991202
5,1,1,729.4806,32.21449234234338,8,1.0,1.0,1173.39,169.508,both,-443.9094000000001,0.6216863958274742
5,1,2,461.5823,23.513331033668965,8,1.0,2.0,739.465,112.45,both,-277.88270000000006,0.6242111526576646
5,1,3,378.7733,20.93476186480515,8,1.0,3.0,611.009,78.8406,both,-232.2357,0.6199144366122267
5,1,4,190.0,15.081044133434528,8,1.0,4.0,384.911,66.8864,both,-194.911,0.4936206032043771
5,1,5,0.0,0.0,8,1.0,5.0,0.0,0.0,both,0.0,
5,1,6,0.0,0.0,8,1.0,6.0,0.0,0.0,both,0.0,
5,1,7,0.0,0.0,8,1.0,7.0,0.0,0.0,both,0.0,
5,1,8,0.0,0.0,8,1.0,8.0,0.0,0.0,both,0.0,
5,1,9,0.0,0.0,8,1.0,9.0,0.0,0.0,both,0.0,
5,1,10,0.0,0.0,8,1.0,10.0,0.0,0.0,both,0.0,
5,2,0,41079.95,345.4810090343751,8,2.0,0.0,44075.7,4987.61,both,-2995.75,0.9320317090823288
5,2,1,18490.833,169.50251007005767,8,2.0,1.0,19112.7,908.096,both,-621.867000000002,0.9674631527727635
5,2,2,8612.6466,103.16407991897374,8,2.0,2.0,9047.92,582.603,both,-435.27340000000004,0.9518924349463744
5,2,3,6990.606,87.80577258466552,8,2.0,3.0,7446.8,370.212,both,-456.1940000000004,0.9387395928452489
5,2,4,7756.6478,92.19302710442098,8,2.0,4.0,8324.0,376.307,both,-567.3522000000003,0.9318413983661701
5,2,5,1770.642,43.46442316297318,8,2.0,5.0,1981.07,116.958,both,-210.42799999999988,0.8937806336979511
5,2,6,105.0284,10.906266969724333,8,2.0,6.0,237.638,42.7229,both,-132.6096,0.4419680354152114
5,2,7,0.0,0.0,8,2.0,7.0,0.0,0.0,both,0.0,
5,2,8,0.0,0.0,8,2.0,8.0,0.0,0.0,both,0.0,
5,2,9,0.0,0.0,8,2.0,9.0,0.0,0.0,both,0.0,
5,2,10,0.0,0.0,8,2.0,10.0,0.0,0.0,both,0.0,
5,3,0,64783.5,355.78759051665924,8,3.0,0.0,67076.9,3957.95,both,-2293.399999999994,0.965809391906901
5,3,1,29119.329999999998,195.8974699417019,8,3.0,1.0,30340.7,1940.39,both,-1221.3700000000026,0.9597448312003348
5,3,2,14062.389,129.48850978700773,8,3.0,2.0,15224.5,881.555,both,-1162.1110000000008,0.9236683634930539
5,3,3,9134.6188,100.34690399564751,8,3.0,3.0,9600.13,285.033,both,-465.511199999999,0.9515099066366811
5,3,4,12470.085,116.16276569585455,8,3.0,4.0,12884.5,359.09,both,-414.4150000000009,0.9678361597268035
5,3,5,3917.9300000000003,64.71138984838758,8,3.0,5.0,4344.08,219.408,both,-426.14999999999964,0.9019009778825436
5,3,6,398.06189,20.842826435618083,8,3.0,6.0,628.343,46.3204,both,-230.28110999999996,0.633510503021439
5,3,7,0.0,0.0,8,3.0,7.0,0.0,0.0,both,0.0,
5,3,8,0.0,0.0,8,3.0,8.0,0.0,0.0,both,0.0,
5,3,9,0.0,0.0,8,3.0,9.0,0.0,0.0,both,0.0,
5,3,10,0.0,0.0,8,3.0,10.0,0.0,0.0,both,0.0,
5,4,0,58367.340000000004,304.94235665103986,8,4.0,0.0,59114.0,1993.48,both,-746.6599999999962,0.9873691511317116
5,4,1,23403.26,169.94257440067807,8,4.0,1.0,23942.4,891.13,both,-539.140000000003,0.9774817896284415
5,4,2,11062.298999999999,110.8170106060437,8,4.0,2.0,11946.4,507.62,both,-884.1010000000006,0.925994358132994
5,4,3,5380.219,76.7739241001787,8,4.0,3.0,5976.51,269.828,both,-596.2910000000002,0.9002275575544925
5,4,4,4536.839,69.73466437561738,8,4.0,4.0,5172.7,232.802,both,-635.8609999999999,0.8770736752566358
5,4,5,852.8205,29.863057446885772,8,4.0,5.0,1232.37,74.3538,both,-379.54949999999985,0.6920166021568199
5,4,6,0.0,0.0,8,4.0,6.0,59.2792,24.4779,both,-59.2792,0.0
5,4,7,0.0,0.0,8,4.0,7.0,0.0,0.0,both,0.0,
5,4,8,0.0,0.0,8,4.0,8.0,0.0,0.0,both,0.0,
5,4,9,0.0,0.0,8,4.0,9.0,0.0,0.0,both,0.0,
5,4,10,0.0,0.0,8,4.0,10.0,0.0,0.0,both,0.0,
5,5,0,20128.19,159.25747480212664,8,5.0,0.0,20852.5,822.522,both,-724.3100000000013,0.9652650761299604
5,5,1,6172.547,83.598146576225,8,5.0,1.0,6901.88,295.752,both,-729.3330000000005,0.8943283569114502
5,5,2,1786.2671,44.08661789449152,8,5.0,2.0,2290.5,107.445,both,-504.2329,0.7798590264134468
5,5,3,445.18059999999997,22.573597990424567,8,5.0,3.0,798.609,62.9306,both,-353.42840000000007,0.5574450075068024
5,5,4,46.3412,8.703707638529686,8,5.0,4.0,225.037,39.3165,both,-178.69580000000002,0.2059270253336118
5,5,5,0.0,0.0,8,5.0,5.0,0.0,0.0,both,0.0,
5,5,6,0.0,0.0,8,5.0,6.0,0.0,0.0,both,0.0,
5,5,7,0.0,0.0,8,5.0,7.0,0.0,0.0,both,0.0,
5,5,8,0.0,0.0,8,5.0,8.0,0.0,0.0,both,0.0,
5,5,9,0.0,0.0,8,5.0,9.0,0.0,0.0,both,0.0,
5,5,10,0.0,0.0,8,5.0,10.0,0.0,0.0,both,0.0,
5,6,0,0.0,0.0,8,6.0,0.0,34.7025,12.1714,both,-34.7025,0.0
5,6,1,0.0,0.0,8,6.0,1.0,0.0,0.0,both,0.0,
5,6,2,0.0,0.0,8,6.0,2.0,0.0,0.0,both,0.0,
5,6,3,0.0,0.0,8,6.0,3.0,0.0,0.0,both,0.0,
5,6,4,0.0,0.0,8,6.0,4.0,0.0,0.0,both,0.0,
5,6,5,0.0,0.0,8,6.0,5.0,0.0,0.0,both,0.0,
5,6,6,0.0,0.0,8,6.0,6.0,0.0,0.0,both,0.0,
5,6,7,0.0,0.0,8,6.0,7.0,0.0,0.0,both,0.0,
5,6,8,0.0,0.0,8,6.0,8.0,0.0,0.0,both,0.0,
5,6,9,0.0,0.0,8,6.0,9.0,0.0,0.0,both,0.0,
5,6,10,0.0,0.0,8,6.0,10.0,0.0,0.0,both,0.0,
5,7,0,0.0,0.0,8,7.0,0.0,0.0,0.0,both,0.0,
5,7,1,0.0,0.0,8,7.0,1.0,0.0,0.0,both,0.0,
5,7,2,0.0,0.0,8,7.0,2.0,0.0,0.0,both,0.0,
5,7,3,0.0,0.0,8,7.0,3.0,0.0,0.0,both,0.0,
5,7,4,0.0,0.0,8,7.0,4.0,0.0,0.0,both,0.0,
5,7,5,0.0,0.0,8,7.0,5.0,0.0,0.0,both,0.0,
5,7,6,0.0,0.0,8,7.0,6.0,0.0,0.0,both,0.0,
5,7,7,0.0,0.0,8,7.0,7.0,0.0,0.0,both,0.0,
5,7,8,0.0,0.0,8,7.0,8.0,0.0,0.0,both,0.0,
5,7,9,0.0,0.0,8,7.0,9.0,0.0,0.0,both,0.0,
5,7,10,0.0,0.0,8,7.0,10.0,0.0,0.0,both,0.0,
6,0,0,0.0,0.0,8,0.0,0.0,0.0,0.0,both,0.0,
6,0,1,0.0,0.0,8,0.0,1.0,0.0,0.0,both,0.0,
6,0,2,0.0,0.0,8,0.0,2.0,0.0,0.0,both,0.0,
6,0,3,0.0,0.0,8,0.0,3.0,0.0,0.0,both,0.0,
6,0,4,0.0,0.0,8,0.0,4.0,0.0,0.0,both,0.0,
6,0,5,0.0,0.0,8,0.0,5.0,0.0,0.0,both,0.0,
6,0,6,0.0,0.0,8,0.0,6.0,0.0,0.0,both,0.0,
6,0,7,0.0,0.0,8,0.0,7.0,0.0,0.0,both,0.0,
6,0,8,0.0,0.0,8,0.0,8.0,0.0,0.0,both,0.0,
6,0,9,0.0,0.0,8,0.0,9.0,0.0,0.0,both,0.0,
6,0,10,0.0,0.0,8,0.0,10.0,0.0,0.0,both,0.0,
6,1,0,0.0,0.0,8,1.0,0.0,30.0502,27.4963,both,-30.0502,0.0
6,1,1,0.0,0.0,8,1.0,1.0,0.0,0.0,both,0.0,
6,1,2,0.0,0.0,8,1.0,2.0,0.0,0.0,both,0.0,
6,1,3,0.0,0.0,8,1.0,3.0,0.0,0.0,both,0.0,
6,1,4,0.0,0.0,8,1.0,4.0,0.0,0.0,both,0.0,
6,1,5,0.0,0.0,8,1.0,5.0,0.0,0.0,both,0.0,
6,1,6,0.0,0.0,8,1.0,6.0,0.0,0.0,both,0.0,
6,1,7,0.0,0.0,8,1.0,7.0,0.0,0.0,both,0.0,
6,1,8,0.0,0.0,8,1.0,8.0,0.0,0.0,both,0.0,
6,1,9,0.0,0.0,8,1.0,9.0,0.0,0.0,both,0.0,
6,1,10,0.0,0.0,8,1.0,10.0,0.0,0.0,both,0.0,
6,2,0,7643.059,129.20199116925406,8,2.0,0.0,9000.98,1342.76,both,-1357.9209999999994,0.8491363162677842
6,2,1,3525.401,72.08963343061193,8,2.0,1.0,4404.44,516.198,both,-879.0389999999998,0.8004198036526778
6,2,2,1224.5319,38.22935743541081,8,2.0,2.0,1545.09,146.117,both,-320.55809999999997,0.792531114692348
6,2,3,930.672,31.81489085262434,8,2.0,3.0,1096.76,127.023,both,-166.08799999999997,0.8485648637805902
6,2,4,679.6779,27.367561568060825,8,2.0,4.0,940.518,77.5065,both,-260.8401,0.7226633621047125
6,2,5,0.0,0.0,8,2.0,5.0,0.0,0.0,both,0.0,
6,2,6,0.0,0.0,8,2.0,6.0,0.0,0.0,both,0.0,
6,2,7,0.0,0.0,8,2.0,7.0,0.0,0.0,both,0.0,
6,2,8,0.0,0.0,8,2.0,8.0,0.0,0.0,both,0.0,
6,2,9,0.0,0.0,8,2.0,9.0,0.0,0.0,both,0.0,
6,2,10,0.0,0.0,8,2.0,10.0,0.0,0.0,both,0.0,
6,3,0,17301.85,182.3583527278364,8,3.0,0.0,19002.5,1928.34,both,-1700.6500000000015,0.9105038810682804
6,3,1,6641.1639,95.67604145549763,8,3.0,1.0,7590.11,741.0,both,-948.9461000000001,0.8749759753152457
6,3,2,3406.453,62.67251537627958,8,3.0,2.0,3954.65,275.403,both,-548.1970000000001,0.861379135953877
6,3,3,1391.692,39.22747402876841,8,3.0,3.0,1751.91,116.336,both,-360.2180000000001,0.7943855563356564
6,3,4,731.5840000000001,27.934944727833273,8,3.0,4.0,929.686,96.7256,both,-198.10199999999998,0.7869151519975562
6,3,5,0.0,0.0,8,3.0,5.0,0.0,0.0,both,0.0,
6,3,6,0.0,0.0,8,3.0,6.0,0.0,0.0,both,0.0,
6,3,7,0.0,0.0,8,3.0,7.0,0.0,0.0,both,0.0,
6,3,8,0.0,0.0,8,3.0,8.0,0.0,0.0,both,0.0,
6,3,9,0.0,0.0,8,3.0,9.0,0.0,0.0,both,0.0,
6,3,10,0.0,0.0,8,3.0,10.0,0.0,0.0,both,0.0,
6,4,0,14789.03,145.7570850770212,8,4.0,0.0,15671.5,678.887,both,-882.4699999999993,0.9436895000478576
6,4,1,2738.281,58.181946313697686,8,4.0,1.0,3427.79,185.267,both,-689.509,0.7988473622946564
6,4,2,607.2167,25.913021655187183,8,4.0,2.0,959.541,71.3721,both,-352.3243000000001,0.6328199628780843
6,4,3,94.4547,10.370516616745764,8,4.0,3.0,225.403,22.9446,both,-130.9483,0.41904810494980105
6,4,4,0.0,0.0,8,4.0,4.0,36.6971,14.3584,both,-36.6971,0.0
6,4,5,0.0,0.0,8,4.0,5.0,0.0,0.0,both,0.0,
6,4,6,0.0,0.0,8,4.0,6.0,0.0,0.0,both,0.0,
6,4,7,0.0,0.0,8,4.0,7.0,0.0,0.0,both,0.0,
6,4,8,0.0,0.0,8,4.0,8.0,0.0,0.0,both,0.0,
6,4,9,0.0,0.0,8,4.0,9.0,0.0,0.0,both,0.0,
6,4,10,0.0,0.0,8,4.0,10.0,0.0,0.0,both,0.0,
6,5,0,363.6794,20.739887767172224,8,5.0,0.0,622.815,47.7824,both,-259.13560000000007,0.583928453874746
6,5,1,0.0,0.0,8,5.0,1.0,38.4235,29.3765,both,-38.4235,0.0
6,5,2,0.0,0.0,8,5.0,2.0,0.0,0.0,both,0.0,
6,5,3,0.0,0.0,8,5.0,3.0,0.0,0.0,both,0.0,
6,5,4,0.0,0.0,8,5.0,4.0,0.0,0.0,both,0.0,
6,5,5,0.0,0.0,8,5.0,5.0,0.0,0.0,both,0.0,
6,5,6,0.0,0.0,8,5.0,6.0,0.0,0.0,both,0.0,
6,5,7,0.0,0.0,8,5.0,7.0,0.0,0.0,both,0.0,
6,5,8,0.0,0.0,8,5.0,8.0,0.0,0.0,both,0.0,
6,5,9,0.0,0.0,8,5.0,9.0,0.0,0.0,both,0.0,
6,5,10,0.0,0.0,8,5.0,10.0,0.0,0.0,both,0.0,
6,6,0,0.0,0.0,8,6.0,0.0,0.0,0.0,both,0.0,
6,6,1,0.0,0.0,8,6.0,1.0,0.0,0.0,both,0.0,
6,6,2,0.0,0.0,8,6.0,2.0,0.0,0.0,both,0.0,
6,6,3,0.0,0.0,8,6.0,3.0,0.0,0.0,both,0.0,
6,6,4,0.0,0.0,8,6.0,4.0,0.0,0.0,both,0.0,
6,6,5,0.0,0.0,8,6.0,5.0,0.0,0.0,both,0.0,
6,6,6,0.0,0.0,8,6.0,6.0,0.0,0.0,both,0.0,
6,6,7,0.0,0.0,8,6.0,7.0,0.0,0.0,both,0.0,
6,6,8,0.0,0.0,8,6.0,8.0,0.0,0.0,both,0.0,
6,6,9,0.0,0.0,8,6.0,9.0,0.0,0.0,both,0.0,
6,6,10,0.0,0.0,8,6.0,10.0,0.0,0.0,both,0.0,
6,7,0,0.0,0.0,8,7.0,0.0,0.0,0.0,both,0.0,
6,7,1,0.0,0.0,8,7.0,1.0,0.0,0.0,both,0.0,
6,7,2,0.0,0.0,8,7.0,2.0,0.0,0.0,both,0.0,
6,7,3,0.0,0.0,8,7.0,3.0,0.0,0.0,both,0.0,
6,7,4,0.0,0.0,8,7.0,4.0,0.0,0.0,both,0.0,
6,7,5,0.0,0.0,8,7.0,5.0,0.0,0.0,both,0.0,
6,7,6,0.0,0.0,8,7.0,6.0,0.0,0.0,both,0.0,
6,7,7,0.0,0.0,8,7.0,7.0,0.0,0.0,both,0.0,
6,7,8,0.0,0.0,8,7.0,8.0,0.0,0.0,both,0.0,
6,7,9,0.0,0.0,8,7.0,9.0,0.0,0.0,both,0.0,
6,7,10,0.0,0.0,8,7.0,10.0,0.0,0.0,both,0.0,
7,0,0,92274.42,946.6976395045516,8,0.0,0.0,96276.6,18994.6,both,-4002.1800000000076,0.958430397417441
7,0,1,103284.97,593.9590239321565,8,0.0,1.0,104135.0,16865.7,both,-850.0299999999988,0.9918372305180775
7,0,2,90451.72,430.31206579367495,8,0.0,2.0,94241.3,10427.0,both,-3789.5800000000017,0.9597885428150927
7,0,3,59488.35,297.2592428996111,8,0.0,3.0,63177.7,6058.61,both,-3689.3499999999985,0.9416036038032407
7,0,4,46082.88,255.8597142719815,8,0.0,4.0,51171.6,5171.18,both,-5088.720000000001,0.9005557770325727
7,0,5,3851.323,66.19515608449005,8,0.0,5.0,4793.25,470.558,both,-941.9270000000001,0.8034888645491055
7,0,6,0.0,0.0,8,0.0,6.0,0.0,0.0,both,0.0,
7,0,7,0.0,0.0,8,0.0,7.0,0.0,0.0,both,0.0,
7,0,8,0.0,0.0,8,0.0,8.0,0.0,0.0,both,0.0,
7,0,9,0.0,0.0,8,0.0,9.0,0.0,0.0,both,0.0,
7,0,10,0.0,0.0,8,0.0,10.0,0.0,0.0,both,0.0,
7,1,0,110451.00200000001,884.9604693813674,8,1.0,0.0,141138.0,12619.2,both,-30686.997999999992,0.782574515722201
7,1,1,164641.336,654.3195339737994,8,1.0,1.0,150844.0,8633.91,both,13797.33600000001,1.0914675824030124
7,1,2,173001.64,564.2452523215148,8,1.0,2.0,163018.0,6279.39,both,9983.640000000014,1.0612425621710486
7,1,3,152701.47,470.3166501643015,8,1.0,3.0,148538.0,5040.87,both,4163.470000000001,1.0280296624432805
7,1,4,221517.1,570.8623408432194,8,1.0,4.0,217837.0,6970.49,both,3680.100000000006,1.0168938242814582
7,1,5,123442.99,395.9703061622803,8,1.0,5.0,125990.0,4986.91,both,-2547.0099999999948,0.9797840304786094
7,1,6,57257.22,260.450191016363,8,1.0,6.0,59350.7,1887.08,both,-2093.479999999996,0.9647269535152914
7,1,7,28017.47,176.60105689151467,8,1.0,7.0,30223.5,1028.18,both,-2206.029999999999,0.9270094462917928
7,1,8,4600.9039999999995,70.10134538901518,8,1.0,8.0,5367.16,248.849,both,-766.2560000000003,0.8572325028506695
7,1,9,34.077,6.160332599697844,8,1.0,9.0,222.095,37.2951,both,-188.018,0.15343434116031426
7,1,10,0.0,0.0,8,1.0,10.0,0.0,0.0,both,0.0,
7,2,0,64476.011,412.63427752217825,8,2.0,0.0,62704.2,6961.87,both,1771.8110000000015,1.0282566558539938
7,2,1,84034.0003,402.0789916670136,8,2.0,1.0,78215.6,5348.7,both,5818.400299999994,1.0743892561074773
7,2,2,88243.307,376.52648786285937,8,2.0,2.0,83326.6,4410.88,both,4916.706999999995,1.0590052516243311
7,2,3,85358.211,356.0597012368151,8,2.0,3.0,82187.2,3667.04,both,3171.0109999999986,1.0385827841805049
7,2,4,145724.16,462.54876496089577,8,2.0,4.0,141307.0,5056.88,both,4417.1600000000035,1.0312593148251679
7,2,5,103683.63,357.31096011793426,8,2.0,5.0,103154.0,4049.11,both,529.6300000000047,1.0051343622157163
7,2,6,70176.8,286.93650813864724,8,2.0,6.0,70414.5,2633.02,both,-237.6999999999971,0.9966242748297581
7,2,7,62444.18,265.5143372379164,8,2.0,7.0,63740.2,2115.03,both,-1296.0199999999968,0.9796671488322911
7,2,8,30928.550000000003,184.47827393422241,8,2.0,8.0,32653.0,1225.7,both,-1724.449999999997,0.9471886197286621
7,2,9,15691.675000000001,129.07603922723226,8,2.0,9.0,17319.5,588.583,both,-1627.824999999999,0.9060120095845724
7,2,10,4797.811,70.77110370921172,8,2.0,10.0,5707.25,296.418,both,-909.4390000000003,0.8406519777476017
7,3,0,35234.186,266.5672192845362,8,3.0,0.0,33613.7,2865.51,both,1620.4860000000044,1.0482090933161183
7,3,1,44227.8405,269.5505781847592,8,3.0,1.0,43032.2,2222.01,both,1195.6405000000013,1.0277847867410916
7,3,2,46148.987,248.18763882733967,8,3.0,2.0,44428.3,2233.53,both,1720.686999999998,1.0387295260003195
7,3,3,44247.12,232.85628354927422,8,3.0,3.0,43125.6,2823.51,both,1121.520000000004,1.0260058990483611
7,3,4,80751.555,317.6972669360723,8,3.0,4.0,78840.6,3980.24,both,1910.9549999999872,1.0242382097548723
7,3,5,62720.961,269.7453330934569,8,3.0,5.0,62863.8,2572.98,both,-142.83899999999994,0.9977278020100598
7,3,6,45355.502,225.73981198056313,8,3.0,6.0,45888.8,1817.56,both,-533.2980000000025,0.9883784714352957
7,3,7,43485.342,220.66644201518272,8,3.0,7.0,44646.9,1658.4,both,-1161.5580000000045,0.9739834568581468
7,3,8,24688.416,163.28419769962431,8,3.0,8.0,26401.9,1049.75,both,-1713.4840000000004,0.9350999738655172
7,3,9,16904.609,134.71567934153023,8,3.0,9.0,18757.3,684.814,both,-1852.690999999999,0.9012282684608126
7,3,10,12407.692,114.4937276738774,8,3.0,10.0,14213.3,567.932,both,-1805.6080000000002,0.8729634919406472
7,4,0,23993.318,187.65944584438054,8,4.0,0.0,23189.3,2658.36,both,804.018,1.034671939213344
7,4,1,26545.398,187.87855206089915,8,4.0,1.0,25908.7,2103.73,both,636.6980000000003,1.0245746795477968
7,4,2,26041.985099999998,182.38459392920225,8,4.0,2.0,25732.8,1698.4,both,309.1850999999988,1.012015214045887
7,4,3,25211.170000000002,170.96122187335348,8,4.0,3.0,25094.5,1484.78,both,116.67000000000189,1.0046492259259998
7,4,4,45490.17,233.70055566367404,8,4.0,4.0,45311.5,2345.27,both,178.66999999999825,1.0039431490901867
7,4,5,37644.52215,204.6498947567098,8,4.0,5.0,38149.9,1704.09,both,-505.3778500000044,0.986752839456984
7,4,6,28585.64,176.36879503024335,8,4.0,6.0,29158.1,1303.78,both,-572.4599999999991,0.9803670335172731
7,4,7,28830.6675,176.31224074780968,8,4.0,7.0,29934.4,1299.47,both,-1103.732500000002,0.9631282905286225
7,4,8,16946.6462,134.36625792981698,8,4.0,8.0,18467.9,674.187,both,-1521.2538000000022,0.9176271368157721
7,4,9,12078.913,113.08840362990364,8,4.0,9.0,13553.6,553.355,both,-1474.687,0.8911959184275764
7,4,10,9132.955,97.95443669895714,8,4.0,10.0,10849.4,457.724,both,-1716.4449999999997,0.8417935554039855
7,5,0,15448.899,136.86154165805675,8,5.0,0.0,15351.8,1245.87,both,97.09900000000016,1.0063249260673015
7,5,1,15441.4417,133.13131020507123,8,5.0,1.0,15585.0,929.569,both,-143.5583000000006,0.9907886878408726
7,5,2,14334.657,128.61662660954843,8,5.0,2.0,14534.5,913.696,both,-199.84300000000076,0.9862504386115792
7,5,3,13162.4959,119.91188548639747,8,5.0,3.0,13618.4,739.49,both,-455.90409999999974,0.9665229322093638
7,5,4,24186.645,165.98340796733268,8,5.0,4.0,24467.4,1212.8,both,-280.755000000001,0.9885253439270212
7,5,5,19692.07,145.74549374056133,8,5.0,5.0,20873.9,1464.67,both,-1181.8300000000017,0.9433824057794662
7,5,6,15382.93,130.31655435864624,8,5.0,6.0,16607.4,1107.96,both,-1224.4700000000012,0.9262696147500511
7,5,7,16155.17,132.03531856912377,8,5.0,7.0,17522.0,1151.24,both,-1366.83,0.9219934938933911
7,5,8,9742.92,101.40383782160318,8,5.0,8.0,10968.7,681.634,both,-1225.7800000000007,0.888247467794725
7,5,9,7357.069799999999,87.90536191660892,8,5.0,9.0,8580.62,552.006,both,-1223.5502000000015,0.8574053856248148
7,5,10,4821.0269,71.22991252753297,8,5.0,10.0,5992.17,419.109,both,-1171.1431000000002,0.8045544268603861
7,6,0,7856.801,97.69176170322655,8,6.0,0.0,8060.5,494.17,both,-203.69899999999961,0.9747287389119782
7,6,1,7353.814,93.35835557966946,8,6.0,1.0,7843.49,790.132,both,-489.6759999999995,0.9375691178289257
7,6,2,6507.1816,85.63965518005313,8,6.0,2.0,7049.4,703.338,both,-542.2183999999997,0.9230830425284422
7,6,3,5829.114500000001,79.59316488661636,8,6.0,3.0,6402.09,602.587,both,-572.9754999999996,0.9105018048793442
7,6,4,10315.997,105.2883785350976,8,6.0,4.0,11106.9,929.722,both,-790.9030000000002,0.9287917420702446
7,6,5,8185.8189,94.13270803881932,8,6.0,5.0,8894.92,848.566,both,-709.1010999999999,0.9202802161233603
7,6,6,6360.542,82.02176580469357,8,6.0,6.0,7278.03,576.609,both,-917.4879999999994,0.8739373154548691
7,6,7,6773.481,84.68489890736129,8,6.0,7.0,7736.07,608.707,both,-962.5889999999999,0.8755713172192082
7,6,8,3585.33,61.148456160560585,8,6.0,8.0,4358.63,362.655,both,-773.3000000000002,0.8225818663203804
7,6,9,1972.8410000000001,45.59616649807306,8,6.0,9.0,2450.92,217.941,both,-478.07899999999995,0.8049389616960162
7,6,10,462.011,22.301015803113096,8,6.0,10.0,748.0,87.4919,both,-285.989,0.6176617647058824
7,7,0,1869.6126,45.90115870952497,8,7.0,0.0,2420.41,261.605,both,-550.7973999999999,0.7724363227717618
7,7,1,1741.6390000000001,44.621423787016255,8,7.0,1.0,2119.09,204.758,both,-377.451,0.8218806185674039
7,7,2,1366.8398,38.4214670974717,8,7.0,2.0,1651.76,191.871,both,-284.9202,0.827505085484574
7,7,3,1045.5906,33.89688504492411,8,7.0,3.0,1332.31,132.604,both,-286.71939999999995,0.7847952803776899
7,7,4,1529.3147,41.471430227090075,8,7.0,4.0,2012.21,187.942,both,-482.89530000000013,0.7600174435073873
7,7,5,868.1789,30.77613413084886,8,7.0,5.0,1084.18,138.203,both,-216.00110000000006,0.8007700750797837
7,7,6,315.21374000000003,18.815760143456867,8,7.0,6.0,541.745,69.2438,both,-226.53125999999997,0.5818489141570297
7,7,7,34.1653,6.287857855875878,8,7.0,7.0,215.454,27.8788,both,-181.2887,0.15857352381482823
7,7,8,0.0,0.0,8,7.0,8.0,0.0,0.0,both,0.0,
7,7,9,0.0,0.0,8,7.0,9.0,0.0,0.0,both,0.0,
7,7,10,0.0,0.0,8,7.0,10.0,0.0,0.0,both,0.0,
8,0,0,56477.844,624.1792619723119,8,0.0,0.0,60037.7,13317.8,both,-3559.8559999999998,0.9407063228604693
8,0,1,54455.335,418.286478726841,8,0.0,1.0,55878.5,9152.65,both,-1423.1650000000009,0.9745310808271518
8,0,2,42280.0,281.37301625907554,8,0.0,2.0,44468.0,5066.78,both,-2188.0,0.9507960780786183
8,0,3,24166.99,181.63887331251533,8,0.0,3.0,25480.5,2465.67,both,-1313.5099999999984,0.948450383626695
8,0,4,13794.021,132.55256883497202,8,0.0,4.0,15465.8,1505.84,both,-1671.7789999999986,0.8919047834576939
8,0,5,146.7779,13.516133723953756,8,0.0,5.0,458.278,86.452,both,-311.50010000000003,0.32028135760389975
8,0,6,0.0,0.0,8,0.0,6.0,0.0,0.0,both,0.0,
8,0,7,0.0,0.0,8,0.0,7.0,0.0,0.0,both,0.0,
8,0,8,0.0,0.0,8,0.0,8.0,0.0,0.0,both,0.0,
8,0,9,0.0,0.0,8,0.0,9.0,0.0,0.0,both,0.0,
8,0,10,0.0,0.0,8,0.0,10.0,0.0,0.0,both,0.0,
8,1,0,133800.5,797.3120366086292,8,1.0,0.0,171478.0,19017.8,both,-37677.5,0.780277936528301
8,1,1,164265.172,650.3545503342773,8,1.0,1.0,153663.0,11054.7,both,10602.171999999991,1.0689962580452028
8,1,2,154483.99,530.4492686668632,8,1.0,2.0,150471.0,7691.83,both,4012.9899999999907,1.0266695243601756
8,1,3,124629.56999999999,423.2813566292875,8,1.0,3.0,123456.0,5287.8,both,1173.5699999999924,1.009505977838258
8,1,4,156570.53,504.30019168473456,8,1.0,4.0,153431.0,5882.21,both,3139.529999999999,1.020462162144547
8,1,5,69760.11,287.30317294873373,8,1.0,5.0,70295.8,2608.43,both,-535.6900000000023,0.992379487821463
8,1,6,26101.33,170.81474120072306,8,1.0,6.0,26745.8,939.461,both,-644.4699999999975,0.9759038802354015
8,1,7,9256.859,100.28149968668198,8,1.0,7.0,9925.27,366.553,both,-668.4110000000001,0.9326556355645741
8,1,8,511.9984,23.886503052077337,8,1.0,8.0,839.678,87.8194,both,-327.6796,0.6097556444256013
8,1,9,0.0,0.0,8,1.0,9.0,0.0,0.0,both,0.0,
8,1,10,0.0,0.0,8,1.0,10.0,0.0,0.0,both,0.0,
8,2,0,108828.43,551.0182623212411,8,2.0,0.0,112836.0,6752.78,both,-4007.570000000007,0.9644832323017476
8,2,1,112449.00499999999,451.2741870236985,8,2.0,1.0,107631.0,4993.97,both,4818.00499999999,1.0447641014205944
8,2,2,105096.92199999999,384.9077496271152,8,2.0,2.0,100078.0,4034.11,both,5018.921999999991,1.0501501029197224
8,2,3,96969.15,355.3746862749372,8,2.0,3.0,94179.5,3505.51,both,2789.649999999994,1.0296205649849488
8,2,4,155652.44,443.027494835772,8,2.0,4.0,150830.0,4918.98,both,4822.440000000002,1.031972684479215
8,2,5,97775.79,343.3190024750305,8,2.0,5.0,97460.6,3219.77,both,315.1899999999878,1.0032340248264426
8,2,6,58876.43,258.7545652566153,8,2.0,6.0,59947.5,1880.32,both,-1071.0699999999997,0.9821331998832311
8,2,7,46278.07,226.05407391575585,8,2.0,7.0,47249.7,1514.91,both,-971.6299999999974,0.9794362715530469
8,2,8,18404.82,140.07073362287355,8,2.0,8.0,19547.6,614.53,both,-1142.7799999999988,0.9415386032044856
8,2,9,7150.528,86.73358874017609,8,2.0,9.0,7941.06,237.232,both,-790.5320000000002,0.9004500658602252
8,2,10,1183.8806,35.62088483404223,8,2.0,10.0,1580.17,84.6273,both,-396.2894000000001,0.7492109076871475
8,3,0,81622.41,396.13439296115155,8,3.0,0.0,81200.2,4361.28,both,422.2100000000064,1.0051996177349318
8,3,1,72989.136,331.5706356691738,8,3.0,1.0,71173.1,2945.62,both,1816.0359999999928,1.0255157636803791
8,3,2,65392.872,295.2384894554062,8,3.0,2.0,63124.1,2687.47,both,2268.7720000000045,1.0359414550068833
8,3,3,59665.824,265.9964505845896,8,3.0,3.0,58166.0,2596.38,both,1499.8240000000005,1.0257852353608636
8,3,4,103141.655,350.5012120914848,8,3.0,4.0,100853.0,3582.94,both,2288.654999999999,1.0226929788900676
8,3,5,75330.85,293.13852323176496,8,3.0,5.0,74930.0,2320.13,both,400.8500000000058,1.0053496596823703
8,3,6,50627.116,237.11589252698775,8,3.0,6.0,51178.5,1810.53,both,-551.3839999999982,0.9892262571196889
8,3,7,44355.032,220.0422201087555,8,3.0,7.0,45525.5,1678.99,both,-1170.4680000000008,0.9742898375635632
8,3,8,22084.326,153.61873885053868,8,3.0,8.0,23870.1,707.681,both,-1785.7739999999976,0.9251878291251399
8,3,9,13671.022,120.04407141933332,8,3.0,9.0,14740.8,531.968,both,-1069.7779999999984,0.9274274123521112
8,3,10,7113.818,86.32788564965553,8,3.0,10.0,8094.09,251.242,both,-980.2719999999999,0.8788904002797102
8,4,0,62599.450000000004,299.0048903108777,8,4.0,0.0,61225.7,4165.06,both,1373.7500000000073,1.0224374731526142
8,4,1,46973.947,247.81883748696345,8,4.0,1.0,46261.3,2237.91,both,712.6469999999972,1.015404820011543
8,4,2,40278.3207,221.0822729599524,8,4.0,2.0,39921.4,1662.17,both,356.9206999999951,1.0089405857510005
8,4,3,35100.3104,197.13963713852903,8,4.0,3.0,35427.5,1429.12,both,-327.1895999999979,0.990764530378943
8,4,4,62259.8763,267.1259429684013,8,4.0,4.0,61835.0,2282.06,both,424.87630000000354,1.0068711296191477
8,4,5,48319.2377,229.06328618283115,8,4.0,5.0,48333.5,1824.39,both,-14.262300000002142,0.9997049189485553
8,4,6,35199.8038,196.22314667080562,8,4.0,6.0,35712.2,1350.42,both,-512.3961999999956,0.9856520684807994
8,4,7,33441.159,189.21885688617294,8,4.0,7.0,34710.6,1429.05,both,-1269.440999999999,0.9634278577725537
8,4,8,17605.553,136.6019720802379,8,4.0,8.0,19146.2,826.956,both,-1540.6470000000008,0.9195324920872027
8,4,9,11069.901,107.89184535023952,8,4.0,9.0,12346.6,485.104,both,-1276.6990000000005,0.8965950950059125
8,4,10,5595.0869999999995,76.64172047475188,8,4.0,10.0,6697.49,337.255,both,-1102.4030000000002,0.8354005754394557
8,5,0,41022.39,229.16126775367167,8,5.0,0.0,40909.5,2228.95,both,112.88999999999942,1.0027595057382759
8,5,1,29551.6818,185.72659438174168,8,5.0,1.0,29578.6,1349.6,both,-26.91820000000007,0.9990899434050293
8,5,2,23040.8747,160.108727876212,8,5.0,2.0,23314.5,900.046,both,-273.6252999999997,0.988263728580926
8,5,3,19639.003,146.14219740252986,8,5.0,3.0,20473.7,1222.84,both,-834.6970000000001,0.9592307692307692
8,5,4,33051.1184,190.3997410871877,8,5.0,4.0,33909.0,1879.9,both,-857.8816000000006,0.9747004748002005
8,5,5,25520.9636,165.44903812071104,8,5.0,5.0,26675.5,1308.33,both,-1154.5364000000009,0.9567192217577927
8,5,6,18939.52,141.4103942818561,8,5.0,6.0,19879.7,1029.34,both,-940.1800000000003,0.9527065297766063
8,5,7,18933.9256,141.45505908534378,8,5.0,7.0,20073.7,974.211,both,-1139.774400000002,0.9432205124117625
8,5,8,9711.908,100.80168900365707,8,5.0,8.0,10964.4,490.503,both,-1252.4920000000002,0.8857673926525848
8,5,9,5561.4368,76.36187272952387,8,5.0,9.0,6309.49,342.186,both,-748.0531999999994,0.8814399896029632
8,5,10,1753.433,43.07347955900475,8,5.0,10.0,2212.93,201.197,both,-459.49699999999984,0.792358095375814
8,6,0,19886.54,153.82509590310679,8,6.0,0.0,20792.2,1681.83,both,-905.6599999999999,0.9564423197160473
8,6,1,13854.875300000002,124.14382048177026,8,6.0,1.0,14447.6,1078.54,both,-592.7246999999988,0.9589741756416291
8,6,2,10379.7236,106.71037508111804,8,6.0,2.0,11068.9,707.125,both,-689.1764000000003,0.9377375891009947
8,6,3,8468.54,95.4452065464788,8,6.0,3.0,8943.09,618.703,both,-474.5499999999993,0.9469366851949383
8,6,4,13168.459,120.13806528806764,8,6.0,4.0,13938.2,911.057,both,-769.741,0.9447747198346989
8,6,5,8925.83,98.28430055354721,8,6.0,5.0,9662.9,718.165,both,-737.0699999999997,0.923721657059475
8,6,6,5718.732,77.74487951421624,8,6.0,6.0,6334.25,410.019,both,-615.518,0.9028270118798595
8,6,7,4439.493,68.5068835465459,8,6.0,7.0,5111.01,387.241,both,-671.5169999999998,0.8686136399654864
8,6,8,1545.355,40.70043613476396,8,6.0,8.0,1943.09,138.66,both,-397.7349999999999,0.795307988821928
8,6,9,300.5381,18.409177580074022,8,6.0,9.0,566.224,71.7294,both,-265.68590000000006,0.5307759826499759
8,6,10,0.0,0.0,8,6.0,10.0,52.7368,9.58072,both,-52.7368,0.0
8,7,0,2638.02,53.8481989932811,8,7.0,0.0,3144.45,278.127,both,-506.42999999999984,0.8389448075180079
8,7,1,1332.4357,37.85210271132107,8,7.0,1.0,1817.89,192.066,both,-485.4543000000001,0.7329572746425801
8,7,2,882.2892,30.768022769258344,8,7.0,2.0,1137.43,163.037,both,-255.1408,0.7756865917023466
8,7,3,437.8627,21.973603267284133,8,7.0,3.0,717.383,76.0894,both,-279.5203,0.6103611320591651
8,7,4,468.8356,22.81931209634068,8,7.0,4.0,704.758,82.3943,both,-235.92240000000004,0.665243388510666
8,7,5,63.2954,8.58738636807498,8,7.0,5.0,210.131,39.7132,both,-146.8356,0.3012187635332245
8,7,6,0.0,0.0,8,7.0,6.0,55.7214,16.3648,both,-55.7214,0.0
8,7,7,0.0,0.0,8,7.0,7.0,0.0,0.0,both,0.0,
8,7,8,0.0,0.0,8,7.0,8.0,0.0,0.0,both,0.0,
8,7,9,0.0,0.0,8,7.0,9.0,0.0,0.0,both,0.0,
8,7,10,0.0,0.0,8,7.0,10.0,0.0,0.0,both,0.0,
9,0,0,16681.378,279.2392601735651,8,0.0,0.0,20141.6,4997.21,both,-3460.221999999998,0.828205207133495
9,0,1,11890.856,180.88798602143262,8,0.0,1.0,14256.8,2582.75,both,-2365.9439999999995,0.8340480332192357
9,0,2,7534.102,110.19842108950563,8,0.0,2.0,9013.02,1044.98,both,-1478.9180000000006,0.8359131567443542
9,0,3,3750.3801,69.21265975777625,8,0.0,3.0,4686.2,561.085,both,-935.8199,0.8003030387094021
9,0,4,849.7857,31.0100645883655,8,0.0,4.0,1215.14,174.062,both,-365.3543000000001,0.6993315173560248
9,0,5,0.0,0.0,8,0.0,5.0,0.0,0.0,both,0.0,
9,0,6,0.0,0.0,8,0.0,6.0,0.0,0.0,both,0.0,
9,0,7,0.0,0.0,8,0.0,7.0,0.0,0.0,both,0.0,
9,0,8,0.0,0.0,8,0.0,8.0,0.0,0.0,both,0.0,
9,0,9,0.0,0.0,8,0.0,9.0,0.0,0.0,both,0.0,
9,0,10,0.0,0.0,8,0.0,10.0,0.0,0.0,both,0.0,
9,1,0,165101.49,952.3271750716767,8,1.0,0.0,195304.0,30339.7,both,-30202.51000000001,0.8453564187113423
9,1,1,137516.63,600.9915883672583,8,1.0,1.0,136075.0,13352.6,both,1441.6300000000047,1.0105943781003124
9,1,2,108487.34,436.76525118420307,8,1.0,2.0,109617.0,8637.9,both,-1129.6600000000035,0.9896944816953575
9,1,3,76655.93,317.9648339694501,8,1.0,3.0,77634.4,4397.25,both,-978.4700000000012,0.9873964376616551
9,1,4,80128.61,321.24909989411645,8,1.0,4.0,81804.0,4608.84,both,-1675.3899999999994,0.9795194611510439
9,1,5,24865.576,167.94546321782556,8,1.0,5.0,26138.9,1074.11,both,-1273.3240000000005,0.9512862438740727
9,1,6,5761.5779999999995,80.91100064645104,8,1.0,6.0,6401.68,321.943,both,-640.1020000000008,0.900010309793679
9,1,7,568.4489,24.80760659598382,8,1.0,7.0,937.927,98.8752,both,-369.47810000000004,0.6060694489016736
9,1,8,0.0,0.0,8,1.0,8.0,0.0,0.0,both,0.0,
9,1,9,0.0,0.0,8,1.0,9.0,0.0,0.0,both,0.0,
9,1,10,0.0,0.0,8,1.0,10.0,0.0,0.0,both,0.0,
9,2,0,201467.21000000002,827.6020879124218,8,2.0,0.0,202347.0,7508.23,both,-879.789999999979,0.9956520729242342
9,2,1,161202.48,558.4239956945349,8,2.0,1.0,157554.0,5365.5,both,3648.4800000000105,1.023157012833695
9,2,2,127988.75,428.5789579100915,8,2.0,2.0,124687.0,3657.95,both,3301.75,1.0264803066879467
9,2,3,107013.66,386.8566465630906,8,2.0,3.0,105428.0,3320.12,both,1585.6600000000035,1.0150402170201465
9,2,4,150011.05000000002,432.4710949724733,8,2.0,4.0,148929.0,4468.79,both,1082.0500000000175,1.0072655426411243
9,2,5,79146.66,301.5344114500035,8,2.0,5.0,79909.4,2519.97,both,-762.7399999999907,0.9904549402197991
9,2,6,39754.92,208.49329514603102,8,2.0,6.0,40665.3,1206.41,both,-910.3800000000047,0.9776128542024772
9,2,7,23474.387,158.4019631247353,8,2.0,7.0,24568.2,801.222,both,-1093.813000000002,0.9554785047337615
9,2,8,5803.6973,78.13040431713445,8,2.0,8.0,6525.31,159.483,both,-721.6127000000006,0.8894132692546407
9,2,9,1062.632,33.736468954975116,8,2.0,9.0,1338.89,68.7566,both,-276.25800000000004,0.7936663952975973
9,2,10,0.0,0.0,8,2.0,10.0,72.9437,21.366,both,-72.9437,0.0
9,3,0,178944.76,593.4714680395342,8,3.0,0.0,178551.0,8307.7,both,393.7600000000093,1.0022053082872682
9,3,1,124539.03,427.34611685666454,8,3.0,1.0,123432.0,4480.16,both,1107.0299999999988,1.0089687439237798
9,3,2,100785.31,363.36853697287825,8,3.0,2.0,98785.9,3437.45,both,1999.4100000000035,1.0202398317978578
9,3,3,84465.46399999999,315.67810269016127,8,3.0,3.0,83891.3,2488.9,both,574.1639999999898,1.0068441423604115
9,3,4,133444.66999999998,415.4719751930929,8,3.0,4.0,131711.0,3660.98,both,1733.6699999999837,1.0131626819324124
9,3,5,86093.44,310.71084750907875,8,3.0,5.0,86402.1,2349.21,both,-308.6600000000035,0.9964276331246578
9,3,6,50209.318999999996,232.60976736493674,8,3.0,6.0,51193.0,1448.79,both,-983.6810000000041,0.9807848533979254
9,3,7,36065.126,196.50826726761397,8,3.0,7.0,37327.7,1170.53,both,-1262.5740000000005,0.9661759497638482
9,3,8,14068.064999999999,121.64652300374227,8,3.0,8.0,15022.2,478.609,both,-954.135000000002,0.9364850021967487
9,3,9,5755.7119999999995,77.66231071388489,8,3.0,9.0,6344.9,274.985,both,-589.1880000000001,0.9071399076423584
9,3,10,1145.4181,34.99680678456393,8,3.0,10.0,1421.09,92.4926,both,-275.6718999999998,0.8060137640825001
9,4,0,146402.4,459.56829898938855,8,4.0,0.0,145216.0,6147.46,both,1186.3999999999942,1.0081698986337593
9,4,1,87970.66,333.27936492843355,8,4.0,1.0,86940.7,3169.25,both,1029.9600000000064,1.0118466955062475
9,4,2,65645.889,279.67214155519673,8,4.0,2.0,65455.2,2180.49,both,190.6889999999985,1.0029132750339163
9,4,3,53915.257,245.66239906442746,8,4.0,3.0,54300.6,1863.91,both,-385.34300000000076,0.9929035222446897
9,4,4,87640.28,320.19790749455245,8,4.0,4.0,87383.6,2581.81,both,256.679999999993,1.0029373932866121
9,4,5,61717.28799999999,259.8432078696305,8,4.0,5.0,62218.7,2033.57,both,-501.4120000000039,0.9919411366679148
9,4,6,40545.587,209.0889048696511,8,4.0,6.0,41193.9,1358.42,both,-648.3130000000019,0.9842619174198121
9,4,7,31404.14,182.30327968755802,8,4.0,7.0,32470.1,1041.64,both,-1065.9599999999991,0.9671710281150967
9,4,8,11826.7989,111.43002074582998,8,4.0,8.0,13038.3,415.651,both,-1211.5010999999995,0.9070813603000392
9,4,9,4521.587500000001,68.99779395283664,8,4.0,9.0,5076.92,219.742,both,-555.3324999999995,0.8906162594643998
9,4,10,753.7375000000001,28.618899693973212,8,4.0,10.0,1087.22,73.0886,both,-333.48249999999996,0.6932704512426189
9,5,0,91541.7,338.28696399613153,8,5.0,0.0,92494.6,5109.98,both,-952.9000000000087,0.989697776951303
9,5,1,54566.241,249.74643294900127,8,5.0,1.0,54130.7,2154.41,both,435.5410000000047,1.008046099533167
9,5,2,37078.136,202.83406409602406,8,5.0,2.0,37498.6,1438.29,both,-420.46399999999994,0.9887872080557674
9,5,3,28094.023,175.3753188919695,8,5.0,3.0,28575.8,1201.66,both,-481.7769999999982,0.9831403845211684
9,5,4,42722.351,217.5290039385323,8,5.0,4.0,43515.4,1672.8,both,-793.0489999999991,0.9817754404187943
9,5,5,28786.83,175.13174665042885,8,5.0,5.0,30021.9,1105.94,both,-1235.0699999999997,0.9588610314470437
9,5,6,17897.597999999998,137.71348191676805,8,5.0,6.0,19088.4,741.347,both,-1190.8020000000033,0.9376164581630727
9,5,7,12695.1164,115.44609430636534,8,5.0,7.0,13742.6,586.344,both,-1047.4835999999996,0.9237783534411247
9,5,8,3486.598,60.30976849640529,8,5.0,8.0,4306.06,155.037,both,-819.4620000000004,0.8096956382400616
9,5,9,712.6395,27.51664480381647,8,5.0,9.0,1173.26,69.1774,both,-460.6205,0.6074011728005728
9,5,10,0.0,0.0,8,5.0,10.0,98.3816,19.0918,both,-98.3816,0.0
9,6,0,34127.3,198.5511219690536,8,6.0,0.0,35129.8,1994.58,both,-1002.5,0.9714629744547364
9,6,1,19698.215,146.9800252866695,8,6.0,1.0,20574.7,1295.81,both,-876.4850000000006,0.9573998648825985
9,6,2,11874.7159,113.08595604419675,8,6.0,2.0,12722.3,711.314,both,-847.5841,0.9333780762912366
9,6,3,7319.583799999999,88.27847745894806,8,6.0,3.0,8226.0,460.8,both,-906.4162000000006,0.88981081935327
9,6,4,8570.8952,95.25523649458648,8,6.0,4.0,9409.89,506.999,both,-838.9947999999986,0.9108390427518283
9,6,5,3778.3992,63.09550940401068,8,6.0,5.0,4412.53,242.56,both,-634.1307999999999,0.8562886144683436
9,6,6,1360.9718,38.00435223518617,8,6.0,6.0,1854.18,113.36,both,-493.20820000000003,0.734001984704829
9,6,7,466.264,22.50483236590533,8,6.0,7.0,827.902,70.9162,both,-361.63800000000003,0.5631874303963512
9,6,8,0.0,0.0,8,6.0,8.0,89.6948,16.4298,both,-89.6948,0.0
9,6,9,0.0,0.0,8,6.0,9.0,0.0,0.0,both,0.0,
9,6,10,0.0,0.0,8,6.0,10.0,0.0,0.0,both,0.0,
9,7,0,532.1091,24.341607505659933,8,7.0,0.0,837.346,108.415,both,-305.2369,0.6354710000406045
9,7,1,148.5451,12.99074092719888,8,7.0,1.0,289.181,67.933,both,-140.6359,0.5136751722969352
9,7,2,0.0,0.0,8,7.0,2.0,99.7377,41.628,both,-99.7377,0.0
9,7,3,0.0,0.0,8,7.0,3.0,44.3071,6.73923,both,-44.3071,0.0
9,7,4,0.0,0.0,8,7.0,4.0,0.0,0.0,both,0.0,
9,7,5,0.0,0.0,8,7.0,5.0,0.0,0.0,both,0.0,
9,7,6,0.0,0.0,8,7.0,6.0,0.0,0.0,both,0.0,
9,7,7,0.0,0.0,8,7.0,7.0,0.0,0.0,both,0.0,
9,7,8,0.0,0.0,8,7.0,8.0,0.0,0.0,both,0.0,
9,7,9,0.0,0.0,8,7.0,9.0,0.0,0.0,both,0.0,
9,7,10,0.0,0.0,8,7.0,10.0,0.0,0.0,both,0.0,
10,0,0,244.02524,28.09682557519977,8,0.0,0.0,566.325,225.327,both,-322.29976000000005,0.4308925793493135
10,0,1,50.6666,9.001442194904104,8,0.0,1.0,267.529,90.0278,both,-216.86239999999998,0.18938731875796644
10,0,2,15.4517,4.33476,8,0.0,2.0,149.734,39.2737,both,-134.28230000000002,0.10319433128080463
10,0,3,0.0,0.0,8,0.0,3.0,-53.7371,26.6447,both,53.7371,-0.0
10,0,4,0.0,0.0,8,0.0,4.0,0.0,0.0,both,0.0,
10,0,5,0.0,0.0,8,0.0,5.0,0.0,0.0,both,0.0,
10,0,6,0.0,0.0,8,0.0,6.0,0.0,0.0,both,0.0,
10,0,7,0.0,0.0,8,0.0,7.0,0.0,0.0,both,0.0,
10,0,8,0.0,0.0,8,0.0,8.0,0.0,0.0,both,0.0,
10,0,9,0.0,0.0,8,0.0,9.0,0.0,0.0,both,0.0,
10,0,10,0.0,0.0,8,0.0,10.0,0.0,0.0,both,0.0,
10,1,0,71047.18,635.1796642840512,8,1.0,0.0,76999.8,14133.3,both,-5952.62000000001,0.9226930459559634
10,1,1,37215.450000000004,297.02852798455234,8,1.0,1.0,37381.7,4038.12,both,-166.24999999999272,0.9955526367179665
10,1,2,23464.897,179.8883832199011,8,1.0,2.0,24929.9,2133.45,both,-1465.0030000000006,0.9412351032294554
10,1,3,16279.24,140.23757376534294,8,1.0,3.0,17757.6,1138.62,both,-1478.3599999999988,0.9167477587061316
10,1,4,14382.445,130.6584515334542,8,1.0,4.0,15584.4,966.43,both,-1201.955,0.9228744770411437
10,1,5,2420.0544,58.067920064790506,8,1.0,5.0,2992.83,179.239,both,-572.7755999999999,0.8086173955754253
10,1,6,11.2253,3.66591,8,1.0,6.0,145.735,37.9608,both,-134.5097,0.0770254228565547
10,1,7,0.0,0.0,8,1.0,7.0,0.0,0.0,both,0.0,
10,1,8,0.0,0.0,8,1.0,8.0,0.0,0.0,both,0.0,
10,1,9,0.0,0.0,8,1.0,9.0,0.0,0.0,both,0.0,
10,1,10,0.0,0.0,8,1.0,10.0,0.0,0.0,both,0.0,
10,2,0,137246.91999999998,652.348802283717,8,2.0,0.0,142169.0,10814.3,both,-4922.080000000016,0.965378669048808
10,2,1,91195.94,405.8438298151889,8,2.0,1.0,90353.0,3665.14,both,842.9400000000023,1.0093294079886668
10,2,2,56529.23,284.2267366082051,8,2.0,2.0,56128.0,2081.37,both,401.2300000000032,1.007148482041049
10,2,3,41634.98,220.95580189716674,8,2.0,3.0,42183.2,1382.13,both,-548.2199999999939,0.9870038309089876
10,2,4,54909.07,252.33617339277774,8,2.0,4.0,55300.3,1723.04,both,-391.2300000000032,0.9929253548353263
10,2,5,23844.315,161.07331240239643,8,2.0,5.0,24468.4,1074.0,both,-624.0850000000028,0.9744942456392734
10,2,6,8613.892,95.88904419849017,8,2.0,6.0,9078.84,405.932,both,-464.9480000000003,0.9487877305911327
10,2,7,2848.9809999999998,54.98085995471515,8,2.0,7.0,3154.45,170.656,both,-305.46900000000005,0.9031625164450221
10,2,8,180.1254,14.320774049900376,8,2.0,8.0,332.841,38.3684,both,-152.7156,0.5411755162374828
10,2,9,0.0,0.0,8,2.0,9.0,0.0,0.0,both,0.0,
10,2,10,0.0,0.0,8,2.0,10.0,0.0,0.0,both,0.0,
10,3,0,148705.3,542.4645881308751,8,3.0,0.0,150256.0,5013.32,both,-1550.7000000000116,0.9896796134596954
10,3,1,89237.03,361.1335278568026,8,3.0,1.0,89545.2,3706.2,both,-308.16999999999825,0.9965584978312629
10,3,2,61367.25,275.9104356035487,8,3.0,2.0,61239.2,2168.64,both,128.0500000000029,1.0020909809403127
10,3,3,44362.25,224.97473326147093,8,3.0,3.0,44530.8,1192.49,both,-168.5500000000029,0.9962149792952293
10,3,4,60044.72,259.409870391163,8,3.0,4.0,59628.8,1749.27,both,415.91999999999825,1.0069751529462272
10,3,5,33176.32,188.61842457124914,8,3.0,5.0,33555.7,932.385,both,-379.3799999999974,0.9886940221780504
10,3,6,14844.731,126.10738716645429,8,3.0,6.0,15577.2,396.925,both,-732.469000000001,0.9529781347097038
10,3,7,7399.1918000000005,88.19803930348452,8,3.0,7.0,7927.69,249.724,both,-528.4981999999991,0.9333351581608262
10,3,8,1299.6205,37.43872700021196,8,3.0,8.0,1517.19,93.1181,both,-217.56950000000006,0.8565970643096777
10,3,9,27.29064,5.632378561327355,8,3.0,9.0,160.445,29.2978,both,-133.15436,0.17009342765433638
10,3,10,0.0,0.0,8,3.0,10.0,0.0,0.0,both,0.0,
10,4,0,122142.64,414.85642007205337,8,4.0,0.0,120574.0,4239.31,both,1568.6399999999994,1.0130097699338165
10,4,1,66127.81,286.7733727046673,8,4.0,1.0,65604.0,2422.09,both,523.8099999999977,1.0079844216816047
10,4,2,43190.43,223.01308283174777,8,4.0,2.0,43236.8,1533.14,both,-46.37000000000262,0.9989275339525588
10,4,3,31353.546000000002,187.19975622337228,8,4.0,3.0,31912.2,1125.24,both,-558.6539999999986,0.9824940304961739
10,4,4,42439.238,217.5356413301278,8,4.0,4.0,42697.0,1399.39,both,-257.76200000000244,0.9939629950582007
10,4,5,23172.767,157.25255609744474,8,4.0,5.0,24185.7,664.206,both,-1012.9330000000009,0.9581185163133586
10,4,6,10550.112000000001,105.34932644231762,8,4.0,6.0,11458.6,336.571,both,-908.4879999999994,0.9207156197092141
10,4,7,4511.5892,69.16077805013546,8,4.0,7.0,5169.89,189.58,both,-658.3008,0.8726663816831692
10,4,8,399.64459999999997,20.951329831084706,8,4.0,8.0,674.611,43.7778,both,-274.9664,0.5924074763085689
10,4,9,0.0,0.0,8,4.0,9.0,0.0,0.0,both,0.0,
10,4,10,0.0,0.0,8,4.0,10.0,0.0,0.0,both,0.0,
10,5,0,67219.73999999999,286.64942228612637,8,5.0,0.0,66667.5,2688.34,both,552.2399999999907,1.0082834964562941
10,5,1,36478.74,205.04428665900448,8,5.0,1.0,36842.6,1450.45,both,-363.8600000000006,0.9901239326214762
10,5,2,20473.881,150.89977790182462,8,5.0,2.0,21144.8,994.822,both,-670.918999999998,0.968270260300405
10,5,3,12901.905,118.80639574299019,8,5.0,3.0,13648.8,662.148,both,-746.8949999999986,0.9452776068225779
10,5,4,14308.866,124.4406789674502,8,5.0,4.0,15387.6,576.339,both,-1078.7340000000004,0.9298958901973017
10,5,5,5525.2639,76.79820519628633,8,5.0,5.0,6511.67,246.259,both,-986.4061000000002,0.8485171852996236
10,5,6,1582.126,41.2480973242403,8,5.0,6.0,2152.59,111.089,both,-570.4640000000002,0.7349871550086174
10,5,7,312.1002,18.637045264947446,8,5.0,7.0,592.155,47.2348,both,-280.0548,0.5270582871038832
10,5,8,0.0,0.0,8,5.0,8.0,0.0,0.0,both,0.0,
10,5,9,0.0,0.0,8,5.0,9.0,0.0,0.0,both,0.0,
10,5,10,0.0,0.0,8,5.0,10.0,0.0,0.0,both,0.0,
10,6,0,9839.267,104.75173401686484,8,6.0,0.0,10752.8,758.177,both,-913.5329999999994,0.9150423145599286
10,6,1,3909.172,64.85817271439275,8,6.0,1.0,4643.07,258.436,both,-733.8979999999997,0.8419369081232891
10,6,2,1355.2438,38.26053278041748,8,6.0,2.0,1992.32,112.215,both,-637.0762,0.6802339985544491
10,6,3,524.9729,23.88219569951641,8,6.0,3.0,820.025,73.1868,both,-295.0521,0.6401913356300113
10,6,4,201.5946,14.91438500864853,8,6.0,4.0,426.609,46.6191,both,-225.01439999999997,0.4725512119997469
10,6,5,0.0,0.0,8,6.0,5.0,0.0,0.0,both,0.0,
10,6,6,0.0,0.0,8,6.0,6.0,0.0,0.0,both,0.0,
10,6,7,0.0,0.0,8,6.0,7.0,0.0,0.0,both,0.0,
10,6,8,0.0,0.0,8,6.0,8.0,0.0,0.0,both,0.0,
10,6,9,0.0,0.0,8,6.0,9.0,0.0,0.0,both,0.0,
10,6,10,0.0,0.0,8,6.0,10.0,0.0,0.0,both,0.0,
10,7,0,0.0,0.0,8,7.0,0.0,0.0,0.0,both,0.0,
10,7,1,0.0,0.0,8,7.0,1.0,0.0,0.0,both,0.0,
10,7,2,0.0,0.0,8,7.0,2.0,0.0,0.0,both,0.0,
10,7,3,0.0,0.0,8,7.0,3.0,0.0,0.0,both,0.0,
10,7,4,0.0,0.0,8,7.0,4.0,0.0,0.0,both,0.0,
10,7,5,0.0,0.0,8,7.0,5.0,0.0,0.0,both,0.0,
10,7,6,0.0,0.0,8,7.0,6.0,0.0,0.0,both,0.0,
10,7,7,0.0,0.0,8,7.0,7.0,0.0,0.0,both,0.0,
10,7,8,0.0,0.0,8,7.0,8.0,0.0,0.0,both,0.0,
10,7,9,0.0,0.0,8,7.0,9.0,0.0,0.0,both,0.0,
10,7,10,0.0,0.0,8,7.0,10.0,0.0,0.0,both,0.0,
11,0,0,0.0,0.0,8,0.0,0.0,0.0,0.0,both,0.0,
11,0,1,0.0,0.0,8,0.0,1.0,0.0,0.0,both,0.0,
11,0,2,0.0,0.0,8,0.0,2.0,0.0,0.0,both,0.0,
11,0,3,0.0,0.0,8,0.0,3.0,0.0,0.0,both,0.0,
11,0,4,0.0,0.0,8,0.0,4.0,0.0,0.0,both,0.0,
11,0,5,0.0,0.0,8,0.0,5.0,0.0,0.0,both,0.0,
11,0,6,0.0,0.0,8,0.0,6.0,0.0,0.0,both,0.0,
11,0,7,0.0,0.0,8,0.0,7.0,0.0,0.0,both,0.0,
11,0,8,0.0,0.0,8,0.0,8.0,0.0,0.0,both,0.0,
11,0,9,0.0,0.0,8,0.0,9.0,0.0,0.0,both,0.0,
11,0,10,0.0,0.0,8,0.0,10.0,0.0,0.0,both,0.0,
11,1,0,26027.89,337.4767415683042,8,1.0,0.0,29691.3,6292.24,both,-3663.41,0.8766167193757094
11,1,1,10987.754,140.26595021839762,8,1.0,1.0,11106.9,1018.4,both,-119.14599999999882,0.9892727943890736
11,1,2,6087.128,86.99995246636632,8,1.0,2.0,6564.0,502.873,both,-476.8720000000003,0.927350396099939
11,1,3,4275.711,69.8597453087971,8,1.0,3.0,4837.01,288.56,both,-561.299,0.8839574447851049
11,1,4,3126.5715,58.88484614398937,8,1.0,4.0,3320.29,230.58,both,-193.71849999999995,0.9416561505169729
11,1,5,27.5625,6.332591762888241,8,1.0,5.0,124.001,37.6252,both,-96.4385,0.22227643325457053
11,1,6,0.0,0.0,8,1.0,6.0,0.0,0.0,both,0.0,
11,1,7,0.0,0.0,8,1.0,7.0,0.0,0.0,both,0.0,
11,1,8,0.0,0.0,8,1.0,8.0,0.0,0.0,both,0.0,
11,1,9,0.0,0.0,8,1.0,9.0,0.0,0.0,both,0.0,
11,1,10,0.0,0.0,8,1.0,10.0,0.0,0.0,both,0.0,
11,2,0,114718.87,607.9043276412826,8,2.0,0.0,121824.0,14623.1,both,-7105.130000000005,0.9416770915418965
11,2,1,58684.32,317.83842753041995,8,2.0,1.0,57719.4,2737.45,both,964.9199999999983,1.0167174294951091
11,2,2,30657.235,199.2912153905435,8,2.0,2.0,30687.2,1601.97,both,-29.965000000000146,0.99902353424229
11,2,3,20565.468,152.8184932026226,8,2.0,3.0,20616.5,1036.34,both,-51.03199999999924,0.9975247010889337
11,2,4,23950.2671,162.7992659869927,8,2.0,4.0,23836.0,916.342,both,114.26710000000094,1.0047938873972144
11,2,5,7062.827,87.29197908485062,8,2.0,5.0,7150.11,272.125,both,-87.28299999999945,0.9877927752160457
11,2,6,1207.636,35.99122791597975,8,2.0,6.0,1452.7,101.957,both,-245.06400000000008,0.8313044675431954
11,2,7,66.8243,8.628643714385245,8,2.0,7.0,181.913,31.8487,both,-115.08870000000002,0.36734208110470384
11,2,8,0.0,0.0,8,2.0,8.0,0.0,0.0,both,0.0,
11,2,9,0.0,0.0,8,2.0,9.0,0.0,0.0,both,0.0,
11,2,10,0.0,0.0,8,2.0,10.0,0.0,0.0,both,0.0,
11,3,0,145047.5,575.9903342261916,8,3.0,0.0,147453.0,6893.06,both,-2405.5,0.9836863271686571
11,3,1,66879.77,315.72473312002336,8,3.0,1.0,64882.3,2377.86,both,1997.4700000000012,1.0307860541318665
11,3,2,38859.43,217.33758070708802,8,3.0,2.0,38432.7,1709.74,both,426.7300000000032,1.0111033052582827
11,3,3,23424.39,161.60706131397848,8,3.0,3.0,23416.1,883.28,both,8.290000000000873,1.0003540299195852
11,3,4,25641.934999999998,167.35522714008667,8,3.0,4.0,25511.6,661.627,both,130.33499999999913,1.0051088524435943
11,3,5,9798.9015,102.4719670314745,8,3.0,5.0,9962.72,390.729,both,-163.8184999999994,0.9835568499365636
11,3,6,2391.519,50.161679996288,8,3.0,6.0,2814.08,129.585,both,-422.56100000000015,0.8498404451899021
11,3,7,299.59450000000004,18.134400366706366,8,3.0,7.0,491.857,52.8614,both,-192.2625,0.6091089483325438
11,3,8,0.0,0.0,8,3.0,8.0,0.0,0.0,both,0.0,
11,3,9,0.0,0.0,8,3.0,9.0,0.0,0.0,both,0.0,
11,3,10,0.0,0.0,8,3.0,10.0,0.0,0.0,both,0.0,
11,4,0,109985.88,438.3658449582951,8,4.0,0.0,109053.0,4099.14,both,932.8800000000047,1.008554372644494
11,4,1,50503.270000000004,262.02586904580625,8,4.0,1.0,49527.9,1458.4,both,975.3700000000026,1.0196933445593293
11,4,2,24229.59,167.5981522344444,8,4.0,2.0,24279.7,885.984,both,-50.11000000000058,0.9979361359489615
11,4,3,13225.345,121.05625551507035,8,4.0,3.0,13751.4,445.912,both,-526.0550000000003,0.9617453495644079
11,4,4,12270.922999999999,115.33565263404027,8,4.0,4.0,12688.2,469.458,both,-417.27700000000186,0.9671129868696898
11,4,5,3218.7407,58.55153491385602,8,4.0,5.0,3870.96,174.208,both,-652.2193000000002,0.831509677186021
11,4,6,406.2273,21.185844696185704,8,4.0,6.0,693.147,49.6415,both,-286.91970000000003,0.586062263848794
11,4,7,0.0,0.0,8,4.0,7.0,46.9147,13.6535,both,-46.9147,0.0
11,4,8,0.0,0.0,8,4.0,8.0,0.0,0.0,both,0.0,
11,4,9,0.0,0.0,8,4.0,9.0,0.0,0.0,both,0.0,
11,4,10,0.0,0.0,8,4.0,10.0,0.0,0.0,both,0.0,
11,5,0,32711.989999999998,207.79919162624284,8,5.0,0.0,32477.1,1433.16,both,234.88999999999942,1.0072324807325777
11,5,1,13167.065,123.64881029629845,8,5.0,1.0,13739.1,567.598,both,-572.0349999999999,0.9583644489085894
11,5,2,5032.8781,73.86468591925373,8,5.0,2.0,5643.63,244.646,both,-610.7519000000002,0.891780308064136
11,5,3,1849.717,44.84253813165575,8,5.0,3.0,2345.75,139.811,both,-496.0329999999999,0.7885396994564638
11,5,4,951.4649000000001,32.25282968196589,8,5.0,4.0,1403.71,76.6557,both,-452.2451,0.677821558584038
11,5,5,0.0,0.0,8,5.0,5.0,129.824,54.3229,both,-129.824,0.0
11,5,6,0.0,0.0,8,5.0,6.0,0.0,0.0,both,0.0,
11,5,7,0.0,0.0,8,5.0,7.0,0.0,0.0,both,0.0,
11,5,8,0.0,0.0,8,5.0,8.0,0.0,0.0,both,0.0,
11,5,9,0.0,0.0,8,5.0,9.0,0.0,0.0,both,0.0,
11,5,10,0.0,0.0,8,5.0,10.0,0.0,0.0,both,0.0,
11,6,0,213.1796,16.226734949702603,8,6.0,0.0,483.894,50.8498,both,-270.7144,0.44055020314366367
11,6,1,0.0,0.0,8,6.0,1.0,67.1362,29.0298,both,-67.1362,0.0
11,6,2,0.0,0.0,8,6.0,2.0,0.0,0.0,both,0.0,
11,6,3,0.0,0.0,8,6.0,3.0,0.0,0.0,both,0.0,
11,6,4,0.0,0.0,8,6.0,4.0,0.0,0.0,both,0.0,
11,6,5,0.0,0.0,8,6.0,5.0,0.0,0.0,both,0.0,
11,6,6,0.0,0.0,8,6.0,6.0,0.0,0.0,both,0.0,
11,6,7,0.0,0.0,8,6.0,7.0,0.0,0.0,both,0.0,
11,6,8,0.0,0.0,8,6.0,8.0,0.0,0.0,both,0.0,
11,6,9,0.0,0.0,8,6.0,9.0,0.0,0.0,both,0.0,
11,6,10,0.0,0.0,8,6.0,10.0,0.0,0.0,both,0.0,
11,7,0,0.0,0.0,8,7.0,0.0,0.0,0.0,both,0.0,
11,7,1,0.0,0.0,8,7.0,1.0,0.0,0.0,both,0.0,
11,7,2,0.0,0.0,8,7.0,2.0,0.0,0.0,both,0.0,
11,7,3,0.0,0.0,8,7.0,3.0,0.0,0.0,both,0.0,
11,7,4,0.0,0.0,8,7.0,4.0,0.0,0.0,both,0.0,
11,7,5,0.0,0.0,8,7.0,5.0,0.0,0.0,both,0.0,
11,7,6,0.0,0.0,8,7.0,6.0,0.0,0.0,both,0.0,
11,7,7,0.0,0.0,8,7.0,7.0,0.0,0.0,both,0.0,
11,7,8,0.0,0.0,8,7.0,8.0,0.0,0.0,both,0.0,
11,7,9,0.0,0.0,8,7.0,9.0,0.0,0.0,both,0.0,
11,7,10,0.0,0.0,8,7.0,10.0,0.0,0.0,both,0.0,
12,0,0,93633.9541,1090.0065430696002,8,0.0,0.0,96724.5,22447.0,both,-3090.5458999999973,0.968047951656509
12,0,1,92470.89,575.7322695143724,8,0.0,1.0,89990.9,14367.0,both,2479.9900000000052,1.0275582308877897
12,0,2,78615.99,404.12400302289643,8,0.0,2.0,79742.4,8770.26,both,-1126.409999999989,0.985874390537531
12,0,3,47752.13,263.46201793273735,8,0.0,3.0,49404.9,4592.46,both,-1652.770000000004,0.9665464356774327
12,0,4,29057.63,197.03478938415927,8,0.0,4.0,31096.4,3090.97,both,-2038.7700000000004,0.9344371052597729
12,0,5,817.9133,30.11574241961669,8,0.0,5.0,1017.29,158.527,both,-199.37669999999991,0.8040119336668994
12,0,6,0.0,0.0,8,0.0,6.0,0.0,0.0,both,0.0,
12,0,7,0.0,0.0,8,0.0,7.0,0.0,0.0,both,0.0,
12,0,8,0.0,0.0,8,0.0,8.0,0.0,0.0,both,0.0,
12,0,9,0.0,0.0,8,0.0,9.0,0.0,0.0,both,0.0,
12,0,10,0.0,0.0,8,0.0,10.0,0.0,0.0,both,0.0,
12,1,0,127057.23999999999,787.0932575978529,8,1.0,0.0,-152848.0,14224.6,both,279905.24,-0.831265309326913
12,1,1,165946.403,667.0682209779596,8,1.0,1.0,150326.0,8755.57,both,15620.402999999991,1.1039101885236087
12,1,2,163688.94,529.897288648923,8,1.0,2.0,151103.0,6129.87,both,12585.940000000002,1.0832937797396478
12,1,3,139299.13,454.21792743492637,8,1.0,3.0,132885.0,4462.2,both,6414.130000000005,1.0482682770816871
12,1,4,195766.85,528.8684126547926,8,1.0,4.0,186132.0,6004.29,both,9634.850000000006,1.0517635334063997
12,1,5,98640.53,345.97630466719824,8,1.0,5.0,97222.3,4198.12,both,1418.229999999996,1.014587496901431
12,1,6,40620.41,216.75240169998116,8,1.0,6.0,40215.4,1553.98,both,405.01000000000204,1.0100710175703835
12,1,7,16655.31,135.3698323443595,8,1.0,7.0,17424.9,476.527,both,-769.5900000000001,0.955833892877434
12,1,8,1423.9188,38.93123539669657,8,1.0,8.0,1910.52,133.549,both,-486.60120000000006,0.7453043150555869
12,1,9,0.0,0.0,8,1.0,9.0,0.0,0.0,both,0.0,
12,1,10,0.0,0.0,8,1.0,10.0,0.0,0.0,both,0.0,
12,2,0,91323.64,507.57976324262575,8,2.0,0.0,82193.6,8704.55,both,9130.039999999994,1.1110796947694224
12,2,1,98448.22,427.3860213468616,8,2.0,1.0,90658.7,5596.28,both,7789.520000000004,1.0859213732383104
12,2,2,95652.332,380.4828813074118,8,2.0,2.0,87447.3,4785.42,both,8205.031999999992,1.0938283057338534
12,2,3,87883.72,348.9574280587963,8,2.0,3.0,81910.5,3534.97,both,5973.220000000001,1.0729237399356615
12,2,4,143104.44999999998,435.58196333601785,8,2.0,4.0,135774.0,5313.49,both,7330.4499999999825,1.0539900864672174
12,2,5,97381.53,348.1622513696739,8,2.0,5.0,93914.1,3544.65,both,3467.429999999993,1.0369212929687874
12,2,6,63274.51,273.6365720942835,8,2.0,6.0,61890.8,2333.43,both,1383.7099999999991,1.0223572808882742
12,2,7,54304.17,247.37585069864843,8,2.0,7.0,53801.6,1874.59,both,502.5699999999997,1.0093411720097543
12,2,8,25032.41,164.40400592439954,8,2.0,8.0,25394.3,951.956,both,-361.8899999999994,0.9857491641825135
12,2,9,11314.581,109.41892680825379,8,2.0,9.0,11852.9,410.72,both,-538.3189999999995,0.954583350909904
12,2,10,2489.4449999999997,51.14620278085168,8,2.0,10.0,2890.34,133.221,both,-400.89500000000044,0.8612983247645605
12,3,0,60691.08,353.066723734169,8,3.0,0.0,57868.2,4129.69,both,2822.8800000000047,1.0487811958899707
12,3,1,60381.413,312.70815701860096,8,3.0,1.0,57570.7,2798.6,both,2810.7130000000034,1.0488219354636994
12,3,2,57207.299999999996,278.0989425424879,8,3.0,2.0,54032.5,2432.58,both,3174.7999999999956,1.0587572294452412
12,3,3,51595.8106,251.01342811894847,8,3.0,3.0,48745.8,2958.92,both,2850.010599999994,1.0584667930365281
12,3,4,89688.827,334.69612631869524,8,3.0,4.0,84392.8,4115.15,both,5296.027000000002,1.062754488534567
12,3,5,66385.679,285.1169416149451,8,3.0,5.0,64335.4,2569.72,both,2050.2790000000023,1.0318685980035875
12,3,6,45932.037,226.55363362142307,8,3.0,6.0,45186.1,1645.89,both,745.9369999999981,1.0165081075817564
12,3,7,42699.342000000004,219.01016089081347,8,3.0,7.0,42358.6,1652.09,both,340.74200000000565,1.0080442224247261
12,3,8,23119.372,158.5169783836419,8,3.0,8.0,23832.2,961.472,both,-712.8280000000013,0.970089710559663
12,3,9,15143.445,126.70770137860602,8,3.0,9.0,15857.2,711.107,both,-713.755000000001,0.9549885856267184
12,3,10,9606.48,100.29254136091077,8,3.0,10.0,10257.9,356.647,both,-651.4200000000001,0.9364957739888281
12,4,0,45334.91,262.79952482394253,8,4.0,0.0,43379.5,3990.94,both,1955.4100000000035,1.0450768220011757
12,4,1,38965.3243,229.18956921627674,8,4.0,1.0,37517.9,2475.19,both,1447.4242999999988,1.0385795660204862
12,4,2,35840.1562,207.86606740968594,8,4.0,2.0,34224.3,1871.13,both,1615.8561999999947,1.0472137107260044
12,4,3,30955.6409,189.38007134615324,8,4.0,3.0,30383.0,1530.25,both,572.6408999999985,1.0188474113813646
12,4,4,54164.5155,248.28953858674754,8,4.0,4.0,52517.4,2475.85,both,1647.1154999999999,1.031363233899622
12,4,5,41928.370899999994,213.76793819374058,8,4.0,5.0,41335.6,1657.84,both,592.7708999999959,1.0143404450401106
12,4,6,30813.198099999998,186.40414619167782,8,4.0,6.0,31253.9,1152.26,both,-440.70190000000366,0.9858992989674887
12,4,7,29662.8774,181.99957449456357,8,4.0,7.0,29848.5,1221.09,both,-185.62259999999878,0.9937811749334138
12,4,8,16459.4001,132.5041092841656,8,4.0,8.0,17118.4,736.522,both,-658.9999000000025,0.9615034173754555
12,4,9,11072.765,108.48534933750271,8,4.0,9.0,11841.2,562.195,both,-768.4350000000013,0.9351049724690064
12,4,10,6756.621,84.16648264701335,8,4.0,10.0,7698.97,424.729,both,-942.3490000000002,0.8776006400856218
12,5,0,29580.8,196.70136331301825,8,5.0,0.0,29112.6,1979.2,both,468.2000000000007,1.0160823835727486
12,5,1,23790.398,167.18292329924128,8,5.0,1.0,23527.0,1274.9,both,263.39800000000105,1.011195562545161
12,5,2,20691.7878,152.88917277645137,8,5.0,2.0,20274.0,1098.98,both,417.78779999999824,1.0206070730985497
12,5,3,17623.45,139.53628811459762,8,5.0,3.0,17549.0,901.25,both,74.45000000000073,1.0042424069747564
12,5,4,29062.5369,182.99377668989183,8,5.0,4.0,29001.1,1448.57,both,61.436900000000605,1.0021184334387316
12,5,5,22284.23,155.52274203427612,8,5.0,5.0,23125.5,1650.22,both,-841.2700000000004,0.9636215433179823
12,5,6,16799.4659,136.09291637638015,8,5.0,6.0,17462.2,1085.34,both,-662.7341000000015,0.9620475026056281
12,5,7,16949.7332,135.064309894056,8,5.0,7.0,17782.1,1043.74,both,-832.3667999999998,0.9531907479993926
12,5,8,9298.48,98.96919370501105,8,5.0,8.0,10243.0,593.832,both,-944.5200000000004,0.9077887337694035
12,5,9,5508.1847,76.29414658050838,8,5.0,9.0,6294.07,458.512,both,-785.8852999999999,0.8751387734804348
12,5,10,2405.223,50.37900793605011,8,5.0,10.0,2987.82,231.477,both,-582.5970000000002,0.8050093379119223
12,6,0,14475.012999999999,134.57946114790326,8,6.0,0.0,15236.0,1641.75,both,-760.987000000001,0.9500533604620635
12,6,1,11189.5941,116.64787474007231,8,6.0,1.0,11635.6,1178.36,both,-446.0059000000001,0.9616688524871945
12,6,2,8962.0981,100.84007977632157,8,6.0,2.0,9589.95,886.125,both,-627.8519000000015,0.9345302217425533
12,6,3,7400.973,89.66683524598156,8,6.0,3.0,8086.67,675.763,both,-685.6970000000001,0.9152065065100963
12,6,4,12450.505,116.41060838866878,8,6.0,4.0,12991.8,1141.84,both,-541.2950000000001,0.9583356424821811
12,6,5,8564.192,96.45537743889659,8,6.0,5.0,9217.16,734.667,both,-652.9680000000008,0.9291573543260613
12,6,6,5693.687,77.53090594949862,8,6.0,6.0,6339.33,510.847,both,-645.643,0.898152801636766
12,6,7,4876.588,72.72926114900385,8,6.0,7.0,5456.99,486.096,both,-580.402,0.8936406333894693
12,6,8,1812.583,43.966090182207466,8,6.0,8.0,2233.85,207.549,both,-421.2669999999998,0.811416612574703
12,6,9,580.2644,25.10188986472134,8,6.0,9.0,828.553,93.6116,both,-248.28859999999997,0.7003346798575348
12,6,10,0.0,0.0,8,6.0,10.0,73.11,37.0912,both,-73.11,0.0
12,7,0,2350.0436,51.46004828952262,8,7.0,0.0,2795.9,338.901,both,-445.8564000000001,0.8405320648091849
12,7,1,1425.5428,39.90087348586369,8,7.0,1.0,1776.77,220.949,both,-351.22720000000004,0.8023226416474839
12,7,2,996.5952,33.368252393209026,8,7.0,2.0,1245.93,130.553,both,-249.3348000000001,0.7998805711396306
12,7,3,537.0319000000001,24.231900644582133,8,7.0,3.0,840.677,95.4333,both,-303.64509999999996,0.6388088409698375
12,7,4,715.7059,28.12799857114793,8,7.0,4.0,948.368,125.046,both,-232.6621,0.7546710770502589
12,7,5,169.99880000000002,14.067304725152576,8,7.0,5.0,341.442,47.1445,both,-171.4432,0.4978848530643565
12,7,6,0.0,0.0,8,7.0,6.0,115.134,35.6451,both,-115.134,0.0
12,7,7,0.0,0.0,8,7.0,7.0,0.0,0.0,both,0.0,
12,7,8,0.0,0.0,8,7.0,8.0,0.0,0.0,both,0.0,
12,7,9,0.0,0.0,8,7.0,9.0,0.0,0.0,both,0.0,
12,7,10,0.0,0.0,8,7.0,10.0,0.0,0.0,both,0.0,
13,0,0,36296.617,609.2986602399844,8,0.0,0.0,42116.3,11287.7,both,-5819.6830000000045,0.8618187495102845
13,0,1,30172.911,298.5742635167673,8,0.0,1.0,31792.9,5271.24,both,-1619.9890000000014,0.9490455730682007
13,0,2,22159.55,189.62208920112656,8,0.0,2.0,23476.9,2696.36,both,-1317.3500000000022,0.943887395695343
13,0,3,11480.537,121.41630884185204,8,0.0,3.0,12965.4,1590.15,both,-1484.8629999999994,0.8854749564224783
13,0,4,3734.6929999999998,66.17730337872646,8,0.0,4.0,4499.07,453.998,both,-764.377,0.8301033324664875
13,0,5,0.0,0.0,8,0.0,5.0,0.0,0.0,both,0.0,
13,0,6,0.0,0.0,8,0.0,6.0,0.0,0.0,both,0.0,
13,0,7,0.0,0.0,8,0.0,7.0,0.0,0.0,both,0.0,
13,0,8,0.0,0.0,8,0.0,8.0,0.0,0.0,both,0.0,
13,0,9,0.0,0.0,8,0.0,9.0,0.0,0.0,both,0.0,
13,0,10,0.0,0.0,8,0.0,10.0,0.0,0.0,both,0.0,
13,1,0,130156.17,803.1908057690899,8,1.0,0.0,131512.0,17875.3,both,-1355.8300000000017,0.9896904464991788
13,1,1,114235.26000000001,561.4795035613054,8,1.0,1.0,107496.0,7994.04,both,6739.260000000009,1.0626931234650592
13,1,2,94636.54000000001,440.20781355942563,8,1.0,2.0,90784.8,5132.4,both,3851.7400000000052,1.0424271463945507
13,1,3,72379.06999999999,312.1801015721213,8,1.0,3.0,70877.3,3068.82,both,1501.7699999999895,1.0211883071166648
13,1,4,86832.86,357.09812172451984,8,1.0,4.0,85549.6,4166.45,both,1283.2599999999948,1.015000187026006
13,1,5,32974.56,194.99594461993306,8,1.0,5.0,33111.6,1264.85,both,-137.04000000000087,0.9958612691624688
13,1,6,9541.028,101.73184848182991,8,1.0,6.0,10175.4,383.312,both,-634.3719999999994,0.9376563083515145
13,1,7,2011.3065,46.72212449858953,8,1.0,7.0,2389.63,154.904,both,-378.3235000000002,0.8416811389210881
13,1,8,0.0,0.0,8,1.0,8.0,0.0,0.0,both,0.0,
13,1,9,0.0,0.0,8,1.0,9.0,0.0,0.0,both,0.0,
13,1,10,0.0,0.0,8,1.0,10.0,0.0,0.0,both,0.0,
13,2,0,104623.72,570.2067995631058,8,2.0,0.0,100630.0,5103.56,both,3993.720000000001,1.03968717082381
13,2,1,92569.11,412.03276422994566,8,2.0,1.0,87576.7,4236.11,both,4992.4100000000035,1.0570061443283432
13,2,2,78596.292,341.78954544530757,8,2.0,2.0,74467.7,3129.42,both,4128.592000000004,1.0554413792825614
13,2,3,67055.378,304.46815392651496,8,2.0,3.0,64612.7,2547.27,both,2442.678,1.0378049207044435
13,2,4,101318.23,361.10287349176554,8,2.0,4.0,98199.0,3290.1,both,3119.229999999996,1.0317643764193118
13,2,5,60260.81,262.12133992944945,8,2.0,5.0,59553.4,2116.13,both,707.4099999999962,1.0118785829188592
13,2,6,34120.68,194.8122570874841,8,2.0,6.0,34112.8,1395.31,both,7.879999999997381,1.0002309983349358
13,2,7,24130.57,160.91014502898815,8,2.0,7.0,24596.7,797.299,both,-466.130000000001,0.9810490838201872
13,2,8,7750.552000000001,90.74948379186517,8,2.0,8.0,8289.98,276.977,both,-539.427999999999,0.9349301204586743
13,2,9,1944.1726,45.54611022505105,8,2.0,9.0,2287.85,112.602,both,-343.6773999999998,0.8497814979128877
13,2,10,65.2037,8.761624921862381,8,2.0,10.0,268.94,24.6147,both,-203.7363,0.24244701420391165
13,3,0,87221.45,408.11020141812185,8,3.0,0.0,85748.4,4612.86,both,1473.050000000003,1.0171787461923487
13,3,1,65324.090000000004,312.52429042828015,8,3.0,1.0,63236.9,2537.16,both,2087.1900000000023,1.0330058873853716
13,3,2,55089.851,269.936956561935,8,3.0,2.0,53114.2,2148.23,both,1975.6510000000053,1.0371962864921247
13,3,3,46745.561,255.22062645186028,8,3.0,3.0,45460.1,1858.63,both,1285.461000000003,1.0282766865888988
13,3,4,76718.342,304.36111949454056,8,3.0,4.0,74222.2,2813.83,both,2496.142000000007,1.0336306657576844
13,3,5,51922.621,240.6226941109878,8,3.0,5.0,51640.4,1851.54,both,282.22099999999773,1.005465120332143
13,3,6,32713.244,188.61932281860732,8,3.0,6.0,33058.9,1194.27,both,-345.6560000000027,0.9895442377090586
13,3,7,26366.535,169.45612202847673,8,3.0,7.0,26953.5,918.337,both,-586.9650000000001,0.9782230508097278
13,3,8,11555.16,110.47125580864916,8,3.0,8.0,12385.1,454.942,both,-829.9400000000005,0.9329888333562103
13,3,9,5998.937,79.62664378943772,8,3.0,9.0,6523.05,266.703,both,-524.1130000000003,0.9196521565831934
13,3,10,1876.042,44.52492013007996,8,3.0,10.0,2270.25,101.687,both,-394.2080000000001,0.8263592115405792
13,4,0,67733.82,314.4917781296993,8,4.0,0.0,66396.6,3867.55,both,1337.2200000000012,1.0201398866809446
13,4,1,45666.948,240.78745370994727,8,4.0,1.0,44669.0,2162.46,both,997.9479999999967,1.0223409523383107
13,4,2,35616.403,206.3365036341122,8,4.0,2.0,35094.6,1410.67,both,521.8029999999999,1.0148684697930737
13,4,3,29240.0052,184.60882156259487,8,4.0,3.0,29394.8,1193.36,both,-154.79479999999967,0.9947339393362091
13,4,4,48254.074,238.77622815782982,8,4.0,4.0,47083.3,1862.97,both,1170.7739999999976,1.0248660140644348
13,4,5,34692.103,193.69329671684562,8,4.0,5.0,34558.2,1381.25,both,133.9030000000057,1.0038747099096599
13,4,6,23442.4801,158.7907167114312,8,4.0,6.0,23901.0,942.245,both,-458.5198999999993,0.9808158696288859
13,4,7,20093.3842,146.0695383043446,8,4.0,7.0,20979.9,896.965,both,-886.515800000001,0.9577445173713888
13,4,8,8836.124099999999,96.69636864194902,8,4.0,8.0,9677.12,375.009,both,-840.9959000000017,0.9130944020535033
13,4,9,3990.2758,65.42024443696691,8,4.0,9.0,4604.83,208.956,both,-614.5542,0.8665413924075372
13,4,10,951.485,32.48000199738294,8,4.0,10.0,1304.89,67.883,both,-353.4050000000001,0.7291687421928285
13,5,0,41593.65,228.53944417959892,8,5.0,0.0,40910.3,2152.88,both,683.3499999999985,1.0167036174264183
13,5,1,27864.461,177.68348134897064,8,5.0,1.0,27689.2,1315.09,both,175.2609999999986,1.0063295797639513
13,5,2,20119.216,151.19628511461516,8,5.0,2.0,20514.3,1062.17,both,-395.0839999999989,0.9807410440521978
13,5,3,16052.974699999999,131.89667123005796,8,5.0,3.0,16239.1,846.401,both,-186.12530000000152,0.9885384473277459
13,5,4,24486.6684,165.03868165221903,8,5.0,4.0,24515.4,1006.48,both,-28.7316000000028,0.9988280183068601
13,5,5,16734.7623,143.49064424155813,8,5.0,5.0,17572.6,996.274,both,-837.8377,0.9523213582509134
13,5,6,10907.0031,107.727221315143,8,5.0,6.0,11781.0,632.785,both,-873.9969000000001,0.9258130124777183
13,5,7,8364.5704,93.8765930743596,8,5.0,7.0,9433.99,476.741,both,-1069.4195999999993,0.8866418556729444
13,5,8,2930.214,55.60079159238652,8,5.0,8.0,3480.95,229.357,both,-550.7359999999999,0.8417857194156768
13,5,9,842.8245,30.122678684008168,8,5.0,9.0,1258.43,98.6374,both,-415.6055000000001,0.6697428541913336
13,5,10,35.3631,6.411184904719252,8,5.0,10.0,181.589,35.1613,both,-146.2259,0.19474252295017871
13,6,0,16680.77,142.61841633183283,8,6.0,0.0,17394.8,1534.24,both,-714.0299999999988,0.9589515257433257
13,6,1,10800.375,111.07235486163964,8,6.0,1.0,11415.4,1003.2,both,-615.0249999999996,0.9461232195104858
13,6,2,7037.0643,88.28094884900139,8,6.0,2.0,7765.6,560.277,both,-728.5357000000004,0.906184235603173
13,6,3,4779.496,71.37365882236668,8,6.0,3.0,5371.22,417.891,both,-591.7240000000002,0.8898343393121115
13,6,4,6194.34,81.49589981747548,8,6.0,4.0,6869.08,499.311,both,-674.7399999999998,0.9017714162595283
13,6,5,3129.1227,57.77292670317127,8,6.0,5.0,3641.95,269.445,both,-512.8272999999999,0.8591888136849765
13,6,6,1139.0136,35.088171505332106,8,6.0,6.0,1575.63,145.764,both,-436.6164000000001,0.7228940804630528
13,6,7,504.0369,23.461434670797523,8,6.0,7.0,792.643,74.8183,both,-288.6061,0.6358939648744769
13,6,8,0.0,0.0,8,6.0,8.0,143.12,33.366,both,-143.12,0.0
13,6,9,0.0,0.0,8,6.0,9.0,0.0,0.0,both,0.0,
13,6,10,0.0,0.0,8,6.0,10.0,0.0,0.0,both,0.0,
13,7,0,374.2079,20.823512755419053,8,7.0,0.0,636.013,87.0341,both,-261.80510000000004,0.5883651749256698
13,7,1,140.5052,12.818706249688383,8,7.0,1.0,298.727,58.1128,both,-158.22179999999997,0.4703465036638804
13,7,2,0.0,0.0,8,7.0,2.0,129.266,21.0697,both,-129.266,0.0
13,7,3,0.0,0.0,8,7.0,3.0,62.9161,19.9096,both,-62.9161,0.0
13,7,4,0.0,0.0,8,7.0,4.0,0.0,0.0,both,0.0,
13,7,5,0.0,0.0,8,7.0,5.0,0.0,0.0,both,0.0,
13,7,6,0.0,0.0,8,7.0,6.0,0.0,0.0,both,0.0,
13,7,7,0.0,0.0,8,7.0,7.0,0.0,0.0,both,0.0,
13,7,8,0.0,0.0,8,7.0,8.0,0.0,0.0,both,0.0,
13,7,9,0.0,0.0,8,7.0,9.0,0.0,0.0,both,0.0,
13,7,10,0.0,0.0,8,7.0,10.0,0.0,0.0,both,0.0,
14,0,0,12731.336,263.66585913995385,8,,,,,left_only,,
14,0,1,7505.408,136.28921501237727,8,,,,,left_only,,
14,0,2,4616.071,81.54359565361341,8,,,,,left_only,,
14,0,3,1388.7267,41.65633310398312,8,,,,,left_only,,
14,0,4,26.3371,5.69781,8,,,,,left_only,,
14,0,5,0.0,0.0,8,,,,,left_only,,
14,0,6,0.0,0.0,8,,,,,left_only,,
14,0,7,0.0,0.0,8,,,,,left_only,,
14,0,8,0.0,0.0,8,,,,,left_only,,
14,0,9,0.0,0.0,8,,,,,left_only,,
14,0,10,0.0,0.0,8,,,,,left_only,,
14,1,0,174860.6,1068.7782478732433,8,,,,,left_only,,
14,1,1,110793.27,549.9697592731803,8,,,,,left_only,,
14,1,2,73377.22,345.722079799425,8,,,,,left_only,,
14,1,3,50887.82,252.18347775639467,8,,,,,left_only,,
14,1,4,46999.81,239.22945265044186,8,,,,,left_only,,
14,1,5,10512.6338,107.34291259853163,8,,,,,left_only,,
14,1,6,1234.909,36.644597477703314,8,,,,,left_only,,
14,1,7,0.0,0.0,8,,,,,left_only,,
14,1,8,0.0,0.0,8,,,,,left_only,,
14,1,9,0.0,0.0,8,,,,,left_only,,
14,1,10,0.0,0.0,8,,,,,left_only,,
14,2,0,254984.7,1085.7744033785286,8,,,,,left_only,,
14,2,1,170246.5,585.3417459570093,8,,,,,left_only,,
14,2,2,117822.9,409.9186933569266,8,,,,,left_only,,
14,2,3,83995.12,323.05504576375216,8,,,,,left_only,,
14,2,4,107317.2,358.6716757273705,8,,,,,left_only,,
14,2,5,51278.36,237.65649272999045,8,,,,,left_only,,
14,2,6,21086.097999999998,152.0472013736195,8,,,,,left_only,,
14,2,7,9508.199999999999,100.10311124660412,8,,,,,left_only,,
14,2,8,1306.2527,37.484938410113465,8,,,,,left_only,,
14,2,9,21.67397,4.9552720781507045,8,,,,,left_only,,
14,2,10,0.0,0.0,8,,,,,left_only,,
14,3,0,252131.5,774.742483215552,8,,,,,left_only,,
14,3,1,149615.31,485.71814527357327,8,,,,,left_only,,
14,3,2,104831.42,371.78206704999906,8,,,,,left_only,,
14,3,3,76286.67,302.9021932210792,8,,,,,left_only,,
14,3,4,100568.25,341.98374993262473,8,,,,,left_only,,
14,3,5,53734.04,244.60936660904872,8,,,,,left_only,,
14,3,6,26550.992,170.60905367394778,8,,,,,left_only,,
14,3,7,15271.854,127.27911475466036,8,,,,,left_only,,
14,3,8,3919.63,64.36920936029897,8,,,,,left_only,,
14,3,9,761.6541000000001,28.891235497202263,8,,,,,left_only,,
14,3,10,0.0,0.0,8,,,,,left_only,,
14,4,0,178083.7,546.7218416617357,8,,,,,left_only,,
14,4,1,105131.22,381.1386891979611,8,,,,,left_only,,
14,4,2,66504.2,287.19257264584684,8,,,,,left_only,,
14,4,3,46735.359000000004,232.69415248832533,8,,,,,left_only,,
14,4,4,61563.822,274.48326421680065,8,,,,,left_only,,
14,4,5,33218.23,194.04368103306018,8,,,,,left_only,,
14,4,6,17000.07,134.83826027011028,8,,,,,left_only,,
14,4,7,9438.5367,99.96445701880944,8,,,,,left_only,,
14,4,8,2138.352,47.833081250871764,8,,,,,left_only,,
14,4,9,257.8532,17.261533174700908,8,,,,,left_only,,
14,4,10,0.0,0.0,8,,,,,left_only,,
14,5,0,76246.41,320.2902799412433,8,,,,,left_only,,
14,5,1,45088.64,236.01200006713643,8,,,,,left_only,,
14,5,2,27193.3,179.5875006877984,8,,,,,left_only,,
14,5,3,17229.811,138.85468484664102,8,,,,,left_only,,
14,5,4,19732.807,151.0885723547284,8,,,,,left_only,,
14,5,5,8981.2273,97.59010932722845,8,,,,,left_only,,
14,5,6,3471.1975,60.631630510977516,8,,,,,left_only,,
14,5,7,1387.308,38.58578350247666,8,,,,,left_only,,
14,5,8,9.58972,3.35534,8,,,,,left_only,,
14,5,9,0.0,0.0,8,,,,,left_only,,
14,5,10,0.0,0.0,8,,,,,left_only,,
14,6,0,11387.779999999999,116.37817945878,8,,,,,left_only,,
14,6,1,5502.0070000000005,78.2017345547399,8,,,,,left_only,,
14,6,2,2782.6775000000002,55.25646260284855,8,,,,,left_only,,
14,6,3,1275.093,37.39146788393042,8,,,,,left_only,,
14,6,4,901.4338,31.496524020634403,8,,,,,left_only,,
14,6,5,97.0577,10.566618022735563,8,,,,,left_only,,
14,6,6,0.0,0.0,8,,,,,left_only,,
14,6,7,0.0,0.0,8,,,,,left_only,,
14,6,8,0.0,0.0,8,,,,,left_only,,
14,6,9,0.0,0.0,8,,,,,left_only,,
14,6,10,0.0,0.0,8,,,,,left_only,,
14,7,0,0.0,0.0,8,,,,,left_only,,
14,7,1,0.0,0.0,8,,,,,left_only,,
14,7,2,0.0,0.0,8,,,,,left_only,,
14,7,3,0.0,0.0,8,,,,,left_only,,
14,7,4,0.0,0.0,8,,,,,left_only,,
14,7,5,0.0,0.0,8,,,,,left_only,,
14,7,6,0.0,0.0,8,,,,,left_only,,
14,7,7,0.0,0.0,8,,,,,left_only,,
14,7,8,0.0,0.0,8,,,,,left_only,,
14,7,9,0.0,0.0,8,,,,,left_only,,
14,7,10,0.0,0.0,8,,,,,left_only,,
15,0,0,81320.56999999999,916.1995362992715,8,,,,,left_only,,
15,0,1,73088.08,509.48630597838445,8,,,,,left_only,,
15,0,2,48731.46,296.2072131421684,8,,,,,left_only,,
15,0,3,21050.34,173.70100633865079,8,,,,,left_only,,
15,0,4,6345.713000000001,86.63095446218978,8,,,,,left_only,,
15,0,5,0.0,0.0,8,,,,,left_only,,
15,0,6,0.0,0.0,8,,,,,left_only,,
15,0,7,0.0,0.0,8,,,,,left_only,,
15,0,8,0.0,0.0,8,,,,,left_only,,
15,0,9,0.0,0.0,8,,,,,left_only,,
15,0,10,0.0,0.0,8,,,,,left_only,,
15,1,0,203116.88,1176.7494807744765,8,,,,,left_only,,
15,1,1,191409.43,745.7051465371551,8,,,,,left_only,,
15,1,2,155688.66,535.6596218013917,8,,,,,left_only,,
15,1,3,116997.73,405.9550166080966,8,,,,,left_only,,
15,1,4,136627.05,432.129566327531,8,,,,,left_only,,
15,1,5,48709.17,241.3788525326525,8,,,,,left_only,,
15,1,6,14015.24,125.14749319854553,8,,,,,left_only,,
15,1,7,2929.514,56.241062500009726,8,,,,,left_only,,
15,1,8,0.0,0.0,8,,,,,left_only,,
15,1,9,0.0,0.0,8,,,,,left_only,,
15,1,10,0.0,0.0,8,,,,,left_only,,
15,2,0,191878.8,912.3114291583768,8,,,,,left_only,,
15,2,1,158587.81,602.6586658135433,8,,,,,left_only,,
15,2,2,132599.75,470.0411151946604,8,,,,,left_only,,
15,2,3,104451.53,379.11796669094963,8,,,,,left_only,,
15,2,4,151214.98,472.5650056241575,8,,,,,left_only,,
15,2,5,87204.62,326.9997316671988,8,,,,,left_only,,
15,2,6,47938.05,233.65035298231416,8,,,,,left_only,,
15,2,7,32249.190000000002,187.96827033930487,8,,,,,left_only,,
15,2,8,9970.917,102.81649269465478,8,,,,,left_only,,
15,2,9,2698.572,53.41192704902155,8,,,,,left_only,,
15,2,10,120.1269,11.93984191531027,8,,,,,left_only,,
15,3,0,159806.3,631.4903401683988,8,,,,,left_only,,
15,3,1,117763.16,458.7343165829868,8,,,,,left_only,,
15,3,2,93339.53,376.5760485820095,8,,,,,left_only,,
15,3,3,75501.702,317.40605518230115,8,,,,,left_only,,
15,3,4,109681.191,383.84312088905546,8,,,,,left_only,,
15,3,5,68116.497,280.9836758255362,8,,,,,left_only,,
15,3,6,41040.667,218.5383031284905,8,,,,,left_only,,
15,3,7,30993.963,184.78181685287652,8,,,,,left_only,,
15,3,8,12941.658,117.46062459837339,8,,,,,left_only,,
15,3,9,6209.195,80.83251519011394,8,,,,,left_only,,
15,3,10,2071.534,46.902763966103315,8,,,,,left_only,,
15,4,0,109248.51999999999,435.14705880770924,8,,,,,left_only,,
15,4,1,76178.89,339.8847576069424,8,,,,,left_only,,
15,4,2,57546.450000000004,277.34165616365675,8,,,,,left_only,,
15,4,3,44001.051,235.8814910158701,8,,,,,left_only,,
15,4,4,63947.196,286.26849890602705,8,,,,,left_only,,
15,4,5,40171.117,213.86282547948815,8,,,,,left_only,,
15,4,6,24415.1547,168.55615346670794,8,,,,,left_only,,
15,4,7,19145.3374,144.25643498757688,8,,,,,left_only,,
15,4,8,7457.7356,88.81781351065167,8,,,,,left_only,,
15,4,9,3434.5125,60.27057713728648,8,,,,,left_only,,
15,4,10,1002.2713,32.85118575634219,8,,,,,left_only,,
15,5,0,51074.86,269.3567337745058,8,,,,,left_only,,
15,5,1,35138.05,213.35656651525866,8,,,,,left_only,,
15,5,2,25763.138,179.4406671593984,8,,,,,left_only,,
15,5,3,18856.0629,149.87626723637737,8,,,,,left_only,,
15,5,4,26027.6797,175.60052200731323,8,,,,,left_only,,
15,5,5,15009.082199999999,129.13604745021468,8,,,,,left_only,,
15,5,6,8875.748,100.19497771325666,8,,,,,left_only,,
15,5,7,6530.418,83.44339345310688,8,,,,,left_only,,
15,5,8,2475.483,51.363062324884794,8,,,,,left_only,,
15,5,9,809.5331,29.718014834051417,8,,,,,left_only,,
15,5,10,0.0,0.0,8,,,,,left_only,,
15,6,0,12356.67,127.26427464991893,8,,,,,left_only,,
15,6,1,7637.602,97.51892354333081,8,,,,,left_only,,
15,6,2,5220.2741,78.17210475982914,8,,,,,left_only,,
15,6,3,3740.0839,63.90591928570389,8,,,,,left_only,,
15,6,4,4826.2143,72.64057647563448,8,,,,,left_only,,
15,6,5,2341.47,50.40047692780298,8,,,,,left_only,,
15,6,6,980.9785,32.48119892744263,8,,,,,left_only,,
15,6,7,477.98260000000005,23.152409232377956,8,,,,,left_only,,
15,6,8,14.1378,4.05615,8,,,,,left_only,,
15,6,9,0.0,0.0,8,,,,,left_only,,
15,6,10,0.0,0.0,8,,,,,left_only,,
15,7,0,167.3655,13.773827061710191,8,,,,,left_only,,
15,7,1,31.4973,6.04015,8,,,,,left_only,,
15,7,2,0.0,0.0,8,,,,,left_only,,
15,7,3,0.0,0.0,8,,,,,left_only,,
15,7,4,0.0,0.0,8,,,,,left_only,,
15,7,5,0.0,0.0,8,,,,,left_only,,
15,7,6,0.0,0.0,8,,,,,left_only,,
15,7,7,0.0,0.0,8,,,,,left_only,,
15,7,8,0.0,0.0,8,,,,,left_only,,
15,7,9,0.0,0.0,8,,,,,left_only,,
15,7,10,0.0,0.0,8,,,,,left_only,,
16,0,0,0.0,0.0,8,,,,,left_only,,
16,0,1,0.0,0.0,8,,,,,left_only,,
16,0,2,0.0,0.0,8,,,,,left_only,,
16,0,3,0.0,0.0,8,,,,,left_only,,
16,0,4,0.0,0.0,8,,,,,left_only,,
16,0,5,0.0,0.0,8,,,,,left_only,,
16,0,6,0.0,0.0,8,,,,,left_only,,
16,0,7,0.0,0.0,8,,,,,left_only,,
16,0,8,0.0,0.0,8,,,,,left_only,,
16,0,9,0.0,0.0,8,,,,,left_only,,
16,0,10,0.0,0.0,8,,,,,left_only,,
16,1,0,0.0,0.0,8,,,,,left_only,,
16,1,1,0.0,0.0,8,,,,,left_only,,
16,1,2,0.0,0.0,8,,,,,left_only,,
16,1,3,0.0,0.0,8,,,,,left_only,,
16,1,4,0.0,0.0,8,,,,,left_only,,
16,1,5,0.0,0.0,8,,,,,left_only,,
16,1,6,0.0,0.0,8,,,,,left_only,,
16,1,7,0.0,0.0,8,,,,,left_only,,
16,1,8,0.0,0.0,8,,,,,left_only,,
16,1,9,0.0,0.0,8,,,,,left_only,,
16,1,10,0.0,0.0,8,,,,,left_only,,
16,2,0,0.0,0.0,8,,,,,left_only,,
16,2,1,0.0,0.0,8,,,,,left_only,,
16,2,2,0.0,0.0,8,,,,,left_only,,
16,2,3,0.0,0.0,8,,,,,left_only,,
16,2,4,0.0,0.0,8,,,,,left_only,,
16,2,5,0.0,0.0,8,,,,,left_only,,
16,2,6,0.0,0.0,8,,,,,left_only,,
16,2,7,0.0,0.0,8,,,,,left_only,,
16,2,8,0.0,0.0,8,,,,,left_only,,
16,2,9,0.0,0.0,8,,,,,left_only,,
16,2,10,0.0,0.0,8,,,,,left_only,,
16,3,0,0.0,0.0,8,,,,,left_only,,
16,3,1,0.0,0.0,8,,,,,left_only,,
16,3,2,0.0,0.0,8,,,,,left_only,,
16,3,3,0.0,0.0,8,,,,,left_only,,
16,3,4,0.0,0.0,8,,,,,left_only,,
16,3,5,0.0,0.0,8,,,,,left_only,,
16,3,6,0.0,0.0,8,,,,,left_only,,
16,3,7,0.0,0.0,8,,,,,left_only,,
16,3,8,0.0,0.0,8,,,,,left_only,,
16,3,9,0.0,0.0,8,,,,,left_only,,
16,3,10,0.0,0.0,8,,,,,left_only,,
16,4,0,0.0,0.0,8,,,,,left_only,,
16,4,1,0.0,0.0,8,,,,,left_only,,
16,4,2,0.0,0.0,8,,,,,left_only,,
16,4,3,0.0,0.0,8,,,,,left_only,,
16,4,4,0.0,0.0,8,,,,,left_only,,
16,4,5,0.0,0.0,8,,,,,left_only,,
16,4,6,0.0,0.0,8,,,,,left_only,,
16,4,7,0.0,0.0,8,,,,,left_only,,
16,4,8,0.0,0.0,8,,,,,left_only,,
16,4,9,0.0,0.0,8,,,,,left_only,,
16,4,10,0.0,0.0,8,,,,,left_only,,
16,5,0,0.0,0.0,8,,,,,left_only,,
16,5,1,0.0,0.0,8,,,,,left_only,,
16,5,2,0.0,0.0,8,,,,,left_only,,
16,5,3,0.0,0.0,8,,,,,left_only,,
16,5,4,0.0,0.0,8,,,,,left_only,,
16,5,5,0.0,0.0,8,,,,,left_only,,
16,5,6,0.0,0.0,8,,,,,left_only,,
16,5,7,0.0,0.0,8,,,,,left_only,,
16,5,8,0.0,0.0,8,,,,,left_only,,
16,5,9,0.0,0.0,8,,,,,left_only,,
16,5,10,0.0,0.0,8,,,,,left_only,,
16,6,0,0.0,0.0,8,,,,,left_only,,
16,6,1,0.0,0.0,8,,,,,left_only,,
16,6,2,0.0,0.0,8,,,,,left_only,,
16,6,3,0.0,0.0,8,,,,,left_only,,
16,6,4,0.0,0.0,8,,,,,left_only,,
16,6,5,0.0,0.0,8,,,,,left_only,,
16,6,6,0.0,0.0,8,,,,,left_only,,
16,6,7,0.0,0.0,8,,,,,left_only,,
16,6,8,0.0,0.0,8,,,,,left_only,,
16,6,9,0.0,0.0,8,,,,,left_only,,
16,6,10,0.0,0.0,8,,,,,left_only,,
16,7,0,0.0,0.0,8,,,,,left_only,,
16,7,1,0.0,0.0,8,,,,,left_only,,
16,7,2,0.0,0.0,8,,,,,left_only,,
16,7,3,0.0,0.0,8,,,,,left_only,,
16,7,4,0.0,0.0,8,,,,,left_only,,
16,7,5,0.0,0.0,8,,,,,left_only,,
16,7,6,0.0,0.0,8,,,,,left_only,,
16,7,7,0.0,0.0,8,,,,,left_only,,
16,7,8,0.0,0.0,8,,,,,left_only,,
16,7,9,0.0,0.0,8,,,,,left_only,,
16,7,10,0.0,0.0,8,,,,,left_only,,
17,0,0,69476.94,763.0778177750484,8,,,,,left_only,,
17,0,1,103291.952,653.3038024218288,8,,,,,left_only,,
17,0,2,100848.55,463.7675810569881,8,,,,,left_only,,
17,0,3,73195.3,338.35663151101386,8,,,,,left_only,,
17,0,4,68677.13,324.1620206485485,8,,,,,left_only,,
17,0,5,10758.715,113.63734628325321,8,,,,,left_only,,
17,0,6,0.0,0.0,8,,,,,left_only,,
17,0,7,0.0,0.0,8,,,,,left_only,,
17,0,8,0.0,0.0,8,,,,,left_only,,
17,0,9,0.0,0.0,8,,,,,left_only,,
17,0,10,0.0,0.0,8,,,,,left_only,,
17,1,0,133224.43232,953.424022579652,8,,,,,left_only,,
17,1,1,186541.49000000002,716.7191846840992,8,,,,,left_only,,
17,1,2,256321.8,667.6460161374439,8,,,,,left_only,,
17,1,3,218117.23,636.5286572288006,8,,,,,left_only,,
17,1,4,312157.73,747.729166662636,8,,,,,left_only,,
17,1,5,176805.75,472.5616952113237,8,,,,,left_only,,
17,1,6,86828.58,323.74286682042896,8,,,,,left_only,,
17,1,7,45579.68,228.58491459505808,8,,,,,left_only,,
17,1,8,9587.554,101.83332865673202,8,,,,,left_only,,
17,1,9,1036.584,33.350764632513304,8,,,,,left_only,,
17,1,10,0.0,0.0,8,,,,,left_only,,
17,2,0,103478.31999999999,501.1888336292919,8,,,,,left_only,,
17,2,1,133533.8205,509.46588092926066,8,,,,,left_only,,
17,2,2,148326.77,528.2654235956107,8,,,,,left_only,,
17,2,3,146195.91,451.37558963223745,8,,,,,left_only,,
17,2,4,244818.72,579.8410489308686,8,,,,,left_only,,
17,2,5,168176.68,451.9799585736075,8,,,,,left_only,,
17,2,6,111494.18000000001,363.68155178756314,8,,,,,left_only,,
17,2,7,95815.89,331.80235927922513,8,,,,,left_only,,
17,2,8,46448.99,226.00086418892295,8,,,,,left_only,,
17,2,9,24231.992,161.03720131714908,8,,,,,left_only,,
17,2,10,7938.816,91.6981333511757,8,,,,,left_only,,
17,3,0,65641.19,351.15587617192165,8,,,,,left_only,,
17,3,1,73540.809,337.2419315792596,8,,,,,left_only,,
17,3,2,75002.027,319.1596151141709,8,,,,,left_only,,
17,3,3,76897.6961,309.9164367805071,8,,,,,left_only,,
17,3,4,145582.002,444.63582293848077,8,,,,,left_only,,
17,3,5,111590.319,360.01747864914836,8,,,,,left_only,,
17,3,6,79539.48300000001,306.67548342989534,8,,,,,left_only,,
17,3,7,74969.39,288.734160335749,8,,,,,left_only,,
17,3,8,41429.01,212.2479635748951,8,,,,,left_only,,
17,3,9,27069.09,170.50692245199315,8,,,,,left_only,,
17,3,10,17355.859,134.99476227387493,8,,,,,left_only,,
17,4,0,44820.029,258.5987360197648,8,,,,,left_only,,
17,4,1,43707.589,237.0169066143806,8,,,,,left_only,,
17,4,2,40738.2117,222.72704559338004,8,,,,,left_only,,
17,4,3,40250.952,215.66535612953695,8,,,,,left_only,,
17,4,4,79098.66519999999,305.0816201318139,8,,,,,left_only,,
17,4,5,66384.108,271.3092323270517,8,,,,,left_only,,
17,4,6,50566.015100000004,238.46629843636376,8,,,,,left_only,,
17,4,7,49665.526,233.2485011773709,8,,,,,left_only,,
17,4,8,28539.523999999998,174.8065048706712,8,,,,,left_only,,
17,4,9,20330.99,146.71726249208032,8,,,,,left_only,,
17,4,10,13795.679,119.99798962561832,8,,,,,left_only,,
17,5,0,29408.512,191.0943692423458,8,,,,,left_only,,
17,5,1,25251.5919,173.53922781383062,8,,,,,left_only,,
17,5,2,22823.9278,160.50466168345548,8,,,,,left_only,,
17,5,3,20430.3035,149.22657994635674,8,,,,,left_only,,
17,5,4,38389.561,216.91225173440526,8,,,,,left_only,,
17,5,5,34036.253000000004,191.12500842281213,8,,,,,left_only,,
17,5,6,27217.566,173.54083108205398,8,,,,,left_only,,
17,5,7,28757.2415,175.48925569482623,8,,,,,left_only,,
17,5,8,16643.4,132.357381296511,8,,,,,left_only,,
17,5,9,11388.908000000001,109.26667509767103,8,,,,,left_only,,
17,5,10,7469.061,88.29197317814344,8,,,,,left_only,,
17,6,0,15239.473,132.5179240647468,8,,,,,left_only,,
17,6,1,11948.1007,117.80843183418112,8,,,,,left_only,,
17,6,2,10467.76,106.16047486941645,8,,,,,left_only,,
17,6,3,8881.7406,97.83849322688948,8,,,,,left_only,,
17,6,4,15225.0275,130.90585715974245,8,,,,,left_only,,
17,6,5,12564.993999999999,115.48152360542356,8,,,,,left_only,,
17,6,6,10150.183,103.7126915687275,8,,,,,left_only,,
17,6,7,10223.49,123.33709223530447,8,,,,,left_only,,
17,6,8,5551.566,76.3777149762285,8,,,,,left_only,,
17,6,9,3372.214,59.60776201485927,8,,,,,left_only,,
17,6,10,1467.7728,39.199839505548994,8,,,,,left_only,,
17,7,0,2768.373,55.51571457058983,8,,,,,left_only,,
17,7,1,2149.252,48.72953885981274,8,,,,,left_only,,
17,7,2,1735.8740000000003,43.30031919616759,8,,,,,left_only,,
17,7,3,1424.6770000000001,38.89516051245965,8,,,,,left_only,,
17,7,4,2068.3691000000003,46.98632070519249,8,,,,,left_only,,
17,7,5,1347.5921,38.361162330539464,8,,,,,left_only,,
17,7,6,773.14756,28.906205715586403,8,,,,,left_only,,
17,7,7,398.0902,20.7389785704552,8,,,,,left_only,,
17,7,8,68.2414,8.607070591194196,8,,,,,left_only,,
17,7,9,0.0,0.0,8,,,,,left_only,,
17,7,10,0.0,0.0,8,,,,,left_only,,
18,0,0,0.0,0.0,8,,,,,left_only,,
18,0,1,0.0,0.0,8,,,,,left_only,,
18,0,2,0.0,0.0,8,,,,,left_only,,
18,0,3,0.0,0.0,8,,,,,left_only,,
18,0,4,0.0,0.0,8,,,,,left_only,,
18,0,5,0.0,0.0,8,,,,,left_only,,
18,0,6,0.0,0.0,8,,,,,left_only,,
18,0,7,0.0,0.0,8,,,,,left_only,,
18,0,8,0.0,0.0,8,,,,,left_only,,
18,0,9,0.0,0.0,8,,,,,left_only,,
18,0,10,0.0,0.0,8,,,,,left_only,,
18,1,0,32034.944,394.5533651530678,8,,,,,left_only,,
18,1,1,18115.396,198.851430586858,8,,,,,left_only,,
18,1,2,14048.166,137.79753080041021,8,,,,,left_only,,
18,1,3,8719.668000000001,104.4267135362882,8,,,,,left_only,,
18,1,4,8305.996000000001,99.99357943023142,8,,,,,left_only,,
18,1,5,2335.5303,50.60397662761001,8,,,,,left_only,,
18,1,6,253.4601,16.925661323265924,8,,,,,left_only,,
18,1,7,0.0,0.0,8,,,,,left_only,,
18,1,8,0.0,0.0,8,,,,,left_only,,
18,1,9,0.0,0.0,8,,,,,left_only,,
18,1,10,0.0,0.0,8,,,,,left_only,,
18,2,0,76304.75,465.3953769202698,8,,,,,left_only,,
18,2,1,49547.432,292.73961239036305,8,,,,,left_only,,
18,2,2,35990.487,222.386175481301,8,,,,,left_only,,
18,2,3,30582.51,190.38816076148223,8,,,,,left_only,,
18,2,4,37065.54,207.68680615782986,8,,,,,left_only,,
18,2,5,15153.332,129.65852858308241,8,,,,,left_only,,
18,2,6,6709.941,84.57635196477796,8,,,,,left_only,,
18,2,7,3322.2296,60.65552530413037,8,,,,,left_only,,
18,2,8,477.46299999999997,22.5242016895161,8,,,,,left_only,,
18,2,9,0.0,0.0,8,,,,,left_only,,
18,2,10,0.0,0.0,8,,,,,left_only,,
18,3,0,79160.75,374.09292619974786,8,,,,,left_only,,
18,3,1,55547.28,280.332314424702,8,,,,,left_only,,
18,3,2,35253.613,207.18880655580793,8,,,,,left_only,,
18,3,3,30717.917999999998,187.6372353195655,8,,,,,left_only,,
18,3,4,47869.21,231.60070172050428,8,,,,,left_only,,
18,3,5,26102.134,167.64734111109547,8,,,,,left_only,,
18,3,6,11877.649,112.32942983483892,8,,,,,left_only,,
18,3,7,7280.6051,88.04727689419417,8,,,,,left_only,,
18,3,8,2270.312,48.84149572423023,8,,,,,left_only,,
18,3,9,566.6771,24.72324142704795,8,,,,,left_only,,
18,3,10,0.0,0.0,8,,,,,left_only,,
18,4,0,68305.66,303.7485235476545,8,,,,,left_only,,
18,4,1,38969.869999999995,215.1640844748491,8,,,,,left_only,,
18,4,2,27132.855,175.79905175765313,8,,,,,left_only,,
18,4,3,20512.39,150.4681955594271,8,,,,,left_only,,
18,4,4,33682.604,191.11717221445593,8,,,,,left_only,,
18,4,5,22557.194,154.42683962433475,8,,,,,left_only,,
18,4,6,11793.892,111.84324365552888,8,,,,,left_only,,
18,4,7,7117.091,86.61454153310517,8,,,,,left_only,,
18,4,8,2039.161,46.46076048463908,8,,,,,left_only,,
18,4,9,447.6465,22.122480406297118,8,,,,,left_only,,
18,4,10,0.0,0.0,8,,,,,left_only,,
18,5,0,44472.03,227.46685822835818,8,,,,,left_only,,
18,5,1,21039.352,152.8445507699244,8,,,,,left_only,,
18,5,2,14065.978,123.76406174241373,8,,,,,left_only,,
18,5,3,9842.386,102.35386480841845,8,,,,,left_only,,
18,5,4,14308.1722,123.26925929474226,8,,,,,left_only,,
18,5,5,9484.5298,99.82771034561947,8,,,,,left_only,,
18,5,6,5024.0074,72.44310351027211,8,,,,,left_only,,
18,5,7,2541.19606,51.5548326567898,8,,,,,left_only,,
18,5,8,360.2175,19.86601918970935,8,,,,,left_only,,
18,5,9,0.0,0.0,8,,,,,left_only,,
18,5,10,0.0,0.0,8,,,,,left_only,,
18,6,0,12924.701000000001,118.42182763654681,8,,,,,left_only,,
18,6,1,5168.72,74.24100992445146,8,,,,,left_only,,
18,6,2,2547.837,51.72856356801337,8,,,,,left_only,,
18,6,3,1624.089,41.31397577055493,8,,,,,left_only,,
18,6,4,1699.548,42.22405778238278,8,,,,,left_only,,
18,6,5,597.3861999999999,24.845633901510745,8,,,,,left_only,,
18,6,6,53.0629,7.6111497549450435,8,,,,,left_only,,
18,6,7,0.0,0.0,8,,,,,left_only,,
18,6,8,0.0,0.0,8,,,,,left_only,,
18,6,9,0.0,0.0,8,,,,,left_only,,
18,6,10,0.0,0.0,8,,,,,left_only,,
18,7,0,0.0,0.0,8,,,,,left_only,,
18,7,1,0.0,0.0,8,,,,,left_only,,
18,7,2,0.0,0.0,8,,,,,left_only,,
18,7,3,0.0,0.0,8,,,,,left_only,,
18,7,4,0.0,0.0,8,,,,,left_only,,
18,7,5,0.0,0.0,8,,,,,left_only,,
18,7,6,0.0,0.0,8,,,,,left_only,,
18,7,7,0.0,0.0,8,,,,,left_only,,
18,7,8,0.0,0.0,8,,,,,left_only,,
18,7,9,0.0,0.0,8,,,,,left_only,,
18,7,10,0.0,0.0,8,,,,,left_only,,
19,0,0,0.0,0.0,8,,,,,left_only,,
19,0,1,0.0,0.0,8,,,,,left_only,,
19,0,2,0.0,0.0,8,,,,,left_only,,
19,0,3,0.0,0.0,8,,,,,left_only,,
19,0,4,0.0,0.0,8,,,,,left_only,,
19,0,5,0.0,0.0,8,,,,,left_only,,
19,0,6,0.0,0.0,8,,,,,left_only,,
19,0,7,0.0,0.0,8,,,,,left_only,,
19,0,8,0.0,0.0,8,,,,,left_only,,
19,0,9,0.0,0.0,8,,,,,left_only,,
19,0,10,0.0,0.0,8,,,,,left_only,,
19,1,0,0.0,0.0,8,,,,,left_only,,
19,1,1,0.0,0.0,8,,,,,left_only,,
19,1,2,0.0,0.0,8,,,,,left_only,,
19,1,3,0.0,0.0,8,,,,,left_only,,
19,1,4,0.0,0.0,8,,,,,left_only,,
19,1,5,0.0,0.0,8,,,,,left_only,,
19,1,6,0.0,0.0,8,,,,,left_only,,
19,1,7,0.0,0.0,8,,,,,left_only,,
19,1,8,0.0,0.0,8,,,,,left_only,,
19,1,9,0.0,0.0,8,,,,,left_only,,
19,1,10,0.0,0.0,8,,,,,left_only,,
19,2,0,3997.794,88.24422136463102,8,,,,,left_only,,
19,2,1,1817.134,49.9474310956029,8,,,,,left_only,,
19,2,2,748.6768000000001,29.871123490126713,8,,,,,left_only,,
19,2,3,599.3769,25.671569027936332,8,,,,,left_only,,
19,2,4,577.3216,25.349912216218815,8,,,,,left_only,,
19,2,5,30.094700000000003,5.996315144103084,8,,,,,left_only,,
19,2,6,0.0,0.0,8,,,,,left_only,,
19,2,7,0.0,0.0,8,,,,,left_only,,
19,2,8,0.0,0.0,8,,,,,left_only,,
19,2,9,0.0,0.0,8,,,,,left_only,,
19,2,10,0.0,0.0,8,,,,,left_only,,
19,3,0,11180.109999999999,139.09563426046125,8,,,,,left_only,,
19,3,1,5049.276,80.06158555549597,8,,,,,left_only,,
19,3,2,2037.939,48.63689532967745,8,,,,,left_only,,
19,3,3,1379.9695000000002,38.84593163702088,8,,,,,left_only,,
19,3,4,1627.7486,41.9354079174449,8,,,,,left_only,,
19,3,5,236.02040000000002,16.33608809259426,8,,,,,left_only,,
19,3,6,0.0,0.0,8,,,,,left_only,,
19,3,7,0.0,0.0,8,,,,,left_only,,
19,3,8,0.0,0.0,8,,,,,left_only,,
19,3,9,0.0,0.0,8,,,,,left_only,,
19,3,10,0.0,0.0,8,,,,,left_only,,
19,4,0,11573.191,125.91794276444482,8,,,,,left_only,,
19,4,1,3470.247,64.03762312242702,8,,,,,left_only,,
19,4,2,1503.4296,40.8227195762078,8,,,,,left_only,,
19,4,3,559.8824,25.56998177010105,8,,,,,left_only,,
19,4,4,462.47650000000004,22.424787117986206,8,,,,,left_only,,
19,4,5,0.0,0.0,8,,,,,left_only,,
19,4,6,0.0,0.0,8,,,,,left_only,,
19,4,7,0.0,0.0,8,,,,,left_only,,
19,4,8,0.0,0.0,8,,,,,left_only,,
19,4,9,0.0,0.0,8,,,,,left_only,,
19,4,10,0.0,0.0,8,,,,,left_only,,
19,5,0,2835.826,57.59003176375231,8,,,,,left_only,,
19,5,1,555.5265,24.815944411968285,8,,,,,left_only,,
19,5,2,38.8922,7.162889867211417,8,,,,,left_only,,
19,5,3,0.0,0.0,8,,,,,left_only,,
19,5,4,0.0,0.0,8,,,,,left_only,,
19,5,5,0.0,0.0,8,,,,,left_only,,
19,5,6,0.0,0.0,8,,,,,left_only,,
19,5,7,0.0,0.0,8,,,,,left_only,,
19,5,8,0.0,0.0,8,,,,,left_only,,
19,5,9,0.0,0.0,8,,,,,left_only,,
19,5,10,0.0,0.0,8,,,,,left_only,,
19,6,0,0.0,0.0,8,,,,,left_only,,
19,6,1,0.0,0.0,8,,,,,left_only,,
19,6,2,0.0,0.0,8,,,,,left_only,,
19,6,3,0.0,0.0,8,,,,,left_only,,
19,6,4,0.0,0.0,8,,,,,left_only,,
19,6,5,0.0,0.0,8,,,,,left_only,,
19,6,6,0.0,0.0,8,,,,,left_only,,
19,6,7,0.0,0.0,8,,,,,left_only,,
19,6,8,0.0,0.0,8,,,,,left_only,,
19,6,9,0.0,0.0,8,,,,,left_only,,
19,6,10,0.0,0.0,8,,,,,left_only,,
19,7,0,0.0,0.0,8,,,,,left_only,,
19,7,1,0.0,0.0,8,,,,,left_only,,
19,7,2,0.0,0.0,8,,,,,left_only,,
19,7,3,0.0,0.0,8,,,,,left_only,,
19,7,4,0.0,0.0,8,,,,,left_only,,
19,7,5,0.0,0.0,8,,,,,left_only,,
19,7,6,0.0,0.0,8,,,,,left_only,,
19,7,7,0.0,0.0,8,,,,,left_only,,
19,7,8,0.0,0.0,8,,,,,left_only,,
19,7,9,0.0,0.0,8,,,,,left_only,,
19,7,10,0.0,0.0,8,,,,,left_only,,
