xq2_bin,z_bin0,pt2_bin0,phi_content_sum,phi_error_sum,phi_bin_count,z_bin,pt2_bin,spec_content,spec_error,_merge,diff_phi_minus_spec,ratio_phi_over_spec
0,0,0,18313.256,434.6467940418749,8,0.0,0.0,18109.9,4420.39,both,203.35599999999977,1.0112289962948442
0,0,1,22908.755,529.3150920321468,8,0.0,1.0,21709.5,4679.98,both,1199.255000000001,1.0552410235150511
0,0,2,18430.138,309.97471099596174,8,0.0,2.0,19427.8,2903.82,both,-997.6620000000003,0.9486477110120549
0,0,3,12789.87,243.58200038730286,8,0.0,3.0,13629.1,1660.62,both,-839.2299999999996,0.9384236670066256
0,0,4,10725.329,161.9188361650367,8,0.0,4.0,11590.6,1375.35,both,-865.2710000000006,0.9253471778855279
0,0,5,1463.2055,53.67566077059508,8,0.0,5.0,1543.31,181.217,both,-80.10449999999992,0.9480956515541272
0,0,6,0.0,0.0,8,0.0,6.0,0.0,0.0,both,0.0,
0,0,7,0.0,0.0,8,0.0,7.0,0.0,0.0,both,0.0,
0,0,8,0.0,0.0,8,0.0,8.0,0.0,0.0,both,0.0,
0,0,9,0.0,0.0,8,0.0,9.0,0.0,0.0,both,0.0,
0,0,10,0.0,0.0,8,0.0,10.0,0.0,0.0,both,0.0,
0,1,0,21453.29,378.15036418334967,8,1.0,0.0,-20944.8,3218.97,both,42398.09,-1.0242776249952257
0,1,1,29663.69,392.3667214718904,8,1.0,1.0,-25671.7,2551.21,both,55335.39,-1.1555015834557119
0,1,2,32059.644,390.0188276006172,8,1.0,2.0,29891.7,1802.45,both,2167.9439999999995,1.072526621102179
0,1,3,28025.993000000002,299.5197643267302,8,1.0,3.0,28055.1,1128.57,both,-29.106999999996333,0.9989625059258389
0,1,4,42228.155,333.9913241160315,8,1.0,4.0,42549.3,1343.39,both,-321.1450000000041,0.9924524022721877
0,1,5,24350.129,200.46917573681995,8,1.0,5.0,24597.9,1095.91,both,-247.77100000000064,0.9899271482524931
0,1,6,11565.011,130.97381904854115,8,1.0,6.0,11588.2,447.658,both,-23.189000000000306,0.9979989126870437
0,1,7,5656.935,94.01945236476332,8,1.0,7.0,5737.17,345.119,both,-80.23499999999967,0.9860148819017042
0,1,8,1147.0958,37.68159852063604,8,1.0,8.0,1090.61,58.903,both,56.485800000000154,1.051792849873007
0,1,9,55.278999999999996,7.9638310655990185,8,1.0,9.0,92.1824,43.3991,both,-36.903400000000005,0.5996697851216718
0,1,10,0.0,0.0,8,1.0,10.0,0.0,0.0,both,0.0,
0,2,0,7841.0574,175.4269302559516,8,2.0,0.0,-6143.02,1412.13,both,13984.0774,-1.2764173647489345
0,2,1,12067.305,226.38348369379776,8,2.0,1.0,10313.8,1249.2,both,1753.505000000001,1.170015416238438
0,2,2,13865.7977,214.22521321806383,8,2.0,2.0,12988.1,925.168,both,877.6976999999988,1.0675770666995172
0,2,3,14540.1419,170.09916392204872,8,2.0,3.0,14131.2,744.148,both,408.9418999999998,1.0289389365375905
0,2,4,25917.539999999997,224.0872350727725,8,2.0,4.0,25719.0,973.366,both,198.53999999999724,1.007719584742797
0,2,5,19949.635000000002,184.82225925080022,8,2.0,5.0,19803.9,685.864,both,145.73500000000058,1.0073589040542519
0,2,6,13696.121,137.9711328444831,8,2.0,6.0,13532.7,406.987,both,163.42099999999846,1.0120760084831555
0,2,7,12091.772,127.41285708648088,8,2.0,7.0,12063.4,429.842,both,28.372000000001208,1.0023519074224514
0,2,8,5984.19,89.43365777418477,8,2.0,8.0,6029.21,271.513,both,-45.02000000000044,0.9925330184219823
0,2,9,3089.8011,61.05853652406026,8,2.0,9.0,3081.32,135.735,both,8.48109999999997,1.0027524242856958
0,2,10,1006.9730999999999,33.49557058408768,8,2.0,10.0,1022.05,66.3544,both,-15.076900000000023,0.985248373367252
0,3,0,3049.9026000000003,82.98716050383939,8,3.0,0.0,-2633.89,367.335,both,5683.792600000001,-1.1579460797527612
0,3,1,5294.3703,100.03384676268327,8,3.0,1.0,4984.08,391.857,both,310.29029999999966,1.0622562840082823
0,3,2,6234.751,123.27727396154573,8,3.0,2.0,6165.04,330.591,both,69.71100000000024,1.0113074692135007
0,3,3,6334.7080000000005,111.83067025628523,8,3.0,3.0,6389.64,333.949,both,-54.93199999999979,0.9914029585391353
0,3,4,13432.43,141.94069925053208,8,3.0,4.0,13027.9,677.388,both,404.53000000000065,1.0310510519730731
0,3,5,11335.4097,133.06788220081359,8,3.0,5.0,11229.8,393.636,both,105.60970000000088,1.0094044150385582
0,3,6,8814.610999999999,112.93932749447555,8,3.0,6.0,8790.09,365.558,both,24.52099999999882,1.0027896187638579
0,3,7,9463.91,108.76892001252013,8,3.0,7.0,9318.71,300.33,both,145.20000000000073,1.015581555816202
0,3,8,5621.849,83.46451067070363,8,3.0,8.0,5583.6,166.902,both,38.248999999999796,1.0068502399885377
0,3,9,3822.9703,70.26523472706826,8,3.0,9.0,3904.49,132.069,both,-81.51969999999983,0.9791215498054804
0,3,10,2650.8884,54.446925351116015,8,3.0,10.0,2640.04,125.589,both,10.848399999999856,1.0041091801639368
0,4,0,1942.372,56.604665978522476,8,4.0,0.0,1839.22,166.005,both,103.15200000000004,1.0560846445775927
0,4,1,2859.3558000000003,73.44884855117607,8,4.0,1.0,2782.48,262.629,both,76.87580000000025,1.0276285184439782
0,4,2,3083.2925999999998,73.44014514126452,8,4.0,2.0,3101.49,250.241,both,-18.197400000000016,0.994132691061393
0,4,3,3378.4836,76.44974321321426,8,4.0,3.0,3425.35,205.778,both,-46.866399999999885,0.9863177777453399
0,4,4,7088.153,103.13591018020833,8,4.0,4.0,6948.23,439.156,both,139.92300000000068,1.020137934409195
0,4,5,6118.426,99.16918224509064,8,4.0,5.0,6248.58,324.719,both,-130.15399999999954,0.9791706275665832
0,4,6,5432.949,85.3419881861209,8,4.0,6.0,5376.51,227.082,both,56.438999999999396,1.0104973300523945
0,4,7,5987.785,88.02450337161807,8,4.0,7.0,6002.47,215.257,both,-14.6850000000004,0.9975535071395608
0,4,8,3956.6143,68.04412970831945,8,4.0,8.0,3956.49,201.733,both,0.12430000000040309,1.0000314167355409
0,4,9,3125.7456,61.77969233306524,8,4.0,9.0,3104.18,199.331,both,21.56560000000036,1.0069472775418953
0,4,10,2680.9697,54.51004374931651,8,4.0,10.0,2701.69,92.2177,both,-20.720299999999952,0.992330615281546
0,5,0,1185.0533,40.41564032033267,8,5.0,0.0,1155.01,130.072,both,30.043300000000045,1.0260112899455416
0,5,1,1664.435,48.55947856690802,8,5.0,1.0,1609.16,132.558,both,55.274999999999864,1.034350219990554
0,5,2,1847.266,53.55642208485646,8,5.0,2.0,1845.73,125.211,both,1.5360000000000582,1.000832191057197
0,5,3,1857.3960000000002,52.0606483892018,8,5.0,3.0,1876.6,122.44,both,-19.203999999999724,0.9897665991687095
0,5,4,3846.0181,74.42269896396932,8,5.0,4.0,3824.6,220.22,both,21.418099999999868,1.0056000888981853
0,5,5,3563.928,66.46982411049393,8,5.0,5.0,3576.57,240.507,both,-12.64200000000028,0.9964653285130725
0,5,6,3209.807,62.66301403754849,8,5.0,6.0,3213.54,241.302,both,-3.7330000000001746,0.9988383527200532
0,5,7,3781.1079999999997,66.34599178654275,8,5.0,7.0,3795.83,194.477,both,-14.722000000000207,0.9961215333668788
0,5,8,2642.4410000000003,58.110993690092755,8,5.0,8.0,2735.52,164.382,both,-93.07899999999972,0.9659739281745336
0,5,9,2136.227,48.978918107794094,8,5.0,9.0,2159.19,140.541,both,-22.963000000000193,0.9893649933539891
0,5,10,1963.3096,46.45395459775734,8,5.0,10.0,1943.83,145.31,both,19.47960000000012,1.0100212467139618
0,6,0,770.7470000000001,30.866405839165985,8,6.0,0.0,780.852,129.195,both,-10.104999999999905,0.9870590073406997
0,6,1,1074.688,35.68624955483554,8,6.0,1.0,1089.3,113.005,both,-14.611999999999853,0.9865858808409071
0,6,2,1206.185,37.37049879905271,8,6.0,2.0,1201.43,93.8089,both,4.754999999999882,1.0039577836411608
0,6,3,1077.3097,35.42938860648882,8,6.0,3.0,1047.58,129.587,both,29.729700000000093,1.0283794077779265
0,6,4,2155.06,54.003124111851164,8,6.0,4.0,2214.8,161.38,both,-59.74000000000024,0.9730269098789958
0,6,5,1941.6545,47.056623632317695,8,6.0,5.0,1960.2,125.17,both,-18.545499999999947,0.9905389756147333
0,6,6,1835.6548,45.120960345773895,8,6.0,6.0,1787.19,141.647,both,48.46479999999997,1.0271178777857979
0,6,7,2102.667,50.09043632381335,8,6.0,7.0,2128.05,138.255,both,-25.383000000000266,0.9880721787551983
0,6,8,1434.3328999999999,39.74185793052459,8,6.0,8.0,1408.45,120.227,both,25.882899999999836,1.018376868188434
0,6,9,1020.3104,34.66748594404273,8,6.0,9.0,1012.68,114.212,both,7.630400000000009,1.007534858000553
0,6,10,466.3515,23.17266539419667,8,6.0,10.0,465.06,50.0054,both,1.291499999999985,1.002777061024384
0,7,0,283.9703,18.131378960029487,8,7.0,0.0,294.148,44.7974,both,-10.177700000000016,0.9653993907828712
0,7,1,392.02799999999996,20.91988447195634,8,7.0,1.0,368.598,42.7253,both,23.42999999999995,1.0635651848355117
0,7,2,403.16790000000003,20.792187225736978,8,7.0,2.0,370.465,37.822,both,32.70290000000006,1.0882752756670673
0,7,3,375.8724,20.31034560065387,8,7.0,3.0,358.594,62.4194,both,17.278400000000033,1.0481837398283296
0,7,4,600.8213000000001,27.350824726239974,8,7.0,4.0,601.135,80.7237,both,-0.31369999999992615,0.9994781538256798
0,7,5,451.97700000000003,22.185348334497704,8,7.0,5.0,425.763,44.3975,both,26.214000000000055,1.0615694647021936
0,7,6,250.6483,16.703533023908445,8,7.0,6.0,242.969,32.8646,both,7.679300000000012,1.03160608966576
0,7,7,167.2538,14.292277238375975,8,7.0,7.0,174.274,48.6725,both,-7.0201999999999884,0.959717456419202
0,7,8,0.0,0.0,8,7.0,8.0,45.7121,14.7946,both,-45.7121,0.0
0,7,9,0.0,0.0,8,7.0,9.0,0.0,0.0,both,0.0,
0,7,10,0.0,0.0,8,7.0,10.0,0.0,0.0,both,0.0,
1,0,0,10316.214,351.4756624869779,8,0.0,0.0,10583.8,2689.53,both,-267.58599999999933,0.9747173982879496
1,0,1,10184.23,290.07191872997635,8,0.0,1.0,10919.8,2230.99,both,-735.5699999999997,0.9326388761698933
1,0,2,8228.566,201.41016904699723,8,0.0,2.0,9097.73,1461.15,both,-869.1639999999989,0.9044636409302101
1,0,3,4822.7519999999995,123.93072781889083,8,0.0,3.0,5265.45,707.588,both,-442.6980000000003,0.9159239951001338
1,0,4,3309.516,89.73295896046224,8,0.0,4.0,3560.49,454.529,both,-250.9739999999997,0.9295113874775663
1,0,5,27.3093,6.80391,8,0.0,5.0,-171.764,51.1627,both,199.07330000000002,-0.1589931533965208
1,0,6,0.0,0.0,8,0.0,6.0,0.0,0.0,both,0.0,
1,0,7,0.0,0.0,8,0.0,7.0,0.0,0.0,both,0.0,
1,0,8,0.0,0.0,8,0.0,8.0,0.0,0.0,both,0.0,
1,0,9,0.0,0.0,8,0.0,9.0,0.0,0.0,both,0.0,
1,0,10,0.0,0.0,8,0.0,10.0,0.0,0.0,both,0.0,
1,1,0,24197.05,406.07404126908926,8,1.0,0.0,24646.0,4019.41,both,-448.9500000000007,0.9817840623224864
1,1,1,27764.600000000002,422.72299606513013,8,1.0,1.0,25597.4,2890.04,both,2167.2000000000007,1.0846648487737036
1,1,2,27701.549,329.2317710427413,8,1.0,2.0,27790.7,1943.09,both,-89.15100000000166,0.9967920563353927
1,1,3,23232.074,254.61005575102487,8,1.0,3.0,23372.4,1377.92,both,-140.32600000000093,0.9939960808474952
1,1,4,28693.273,285.049633529268,8,1.0,4.0,29607.0,1340.1,both,-913.726999999999,0.9691381430067214
1,1,5,13190.357,156.20438078443897,8,1.0,5.0,13531.3,688.382,both,-340.9429999999993,0.9748033817888895
1,1,6,5051.572,85.44206841240444,8,1.0,6.0,5038.05,215.888,both,13.521999999999935,1.0026839749506258
1,1,7,1893.057,50.12246597544858,8,1.0,7.0,1852.31,117.266,both,40.74700000000007,1.0219979377102106
1,1,8,41.3433,6.85016,8,1.0,8.0,182.962,42.5981,both,-141.6187,0.22596659415616357
1,1,9,0.0,0.0,8,1.0,9.0,0.0,0.0,both,0.0,
1,1,10,0.0,0.0,8,1.0,10.0,0.0,0.0,both,0.0,
1,2,0,14034.539,244.04574614557413,8,2.0,0.0,-11967.3,1693.46,both,26001.839,-1.1727406348967604
1,2,1,15325.82,213.25832363143533,8,2.0,1.0,13960.1,1202.79,both,1365.7199999999993,1.0978302447690202
1,2,2,15899.8157,177.82607613851238,8,2.0,2.0,15353.4,891.653,both,546.4156999999996,1.0355892310498
1,2,3,15464.865,165.64392504338937,8,2.0,3.0,15254.8,627.975,both,210.0650000000005,1.0137704198022919
1,2,4,25830.706000000002,204.80644829855822,8,2.0,4.0,25765.9,897.769,both,64.8060000000005,1.0025151847985128
1,2,5,17388.235,172.78625001564794,8,2.0,5.0,17359.2,716.439,both,29.034999999999854,1.0016726001198213
1,2,6,10486.91,122.43416749882364,8,2.0,6.0,10329.5,419.773,both,157.40999999999985,1.0152388789389613
1,2,7,8119.32,105.94629108288784,8,2.0,7.0,8082.29,279.037,both,37.029999999999745,1.0045816222877426
1,2,8,3102.061,63.660744978440206,8,2.0,8.0,3107.56,92.2379,both,-5.498999999999796,0.9982304444644674
1,2,9,1191.7342,37.068033727918454,8,2.0,9.0,1158.74,94.8279,both,32.99420000000009,1.0284742047396311
1,2,10,218.457,16.359625866406603,8,2.0,10.0,246.407,24.6829,both,-27.950000000000017,0.8865697808909648
1,3,0,7453.659000000001,134.0229529611253,8,3.0,0.0,6720.85,591.459,both,732.8090000000002,1.1090351666827858
1,3,1,7924.9699,129.49511752778326,8,3.0,1.0,7622.01,426.228,both,302.95989999999983,1.0397480323431745
1,3,2,7707.950000000001,110.50907801493052,8,3.0,2.0,7551.94,395.49,both,156.01000000000113,1.0206582679417475
1,3,3,7782.43,112.69697869002523,8,3.0,3.0,7767.6,352.942,both,14.829999999999927,1.0019092126268088
1,3,4,14926.1955,149.58987804109609,8,3.0,4.0,14702.9,484.329,both,223.29550000000017,1.015187173958879
1,3,5,11779.2665,125.60874238053815,8,3.0,5.0,11678.1,316.055,both,101.16649999999936,1.008662924619587
1,3,6,8703.3266,103.70644748757138,8,3.0,6.0,8584.02,251.239,both,119.30659999999989,1.0138986861633594
1,3,7,8007.195000000001,101.62245201332233,8,3.0,7.0,7972.85,344.534,both,34.345000000000255,1.0043077444075832
1,3,8,4334.377,70.89258718998765,8,3.0,8.0,4259.04,213.105,both,75.33700000000044,1.0176887279762576
1,3,9,2568.6499,54.272646558188036,8,3.0,9.0,2614.94,130.537,both,-46.290100000000166,0.9822978347495545
1,3,10,1352.4286,38.50002894882029,8,3.0,10.0,1345.5,60.2555,both,6.92859999999996,1.0051494611668523
1,4,0,4944.4519,91.12257439723705,8,4.0,0.0,4752.08,418.468,both,192.3719000000001,1.0404816206797867
1,4,1,4585.2837,88.00407394853946,8,4.0,1.0,4506.87,313.634,both,78.41370000000006,1.0173987046442432
1,4,2,4168.0779999999995,88.01081748966999,8,4.0,2.0,4208.61,243.63,both,-40.53200000000015,0.990369266812558
1,4,3,4137.505,77.47390975136403,8,4.0,3.0,4081.11,217.003,both,56.39499999999998,1.0138185444646186
1,4,4,7871.021,107.71183970622728,8,4.0,4.0,7795.57,337.988,both,75.45100000000002,1.009678702134674
1,4,5,7006.32,98.8749140118463,8,4.0,5.0,6983.92,311.476,both,22.399999999999636,1.0032073677819906
1,4,6,5604.332,84.98229589073244,8,4.0,6.0,5533.5,231.986,both,70.83200000000033,1.0128005782958345
1,4,7,5684.037,82.10010221735415,8,4.0,7.0,5759.67,253.09,both,-75.63299999999981,0.9868685185088729
1,4,8,3478.6724999999997,64.89972726036373,8,4.0,8.0,3543.33,158.028,both,-64.65750000000025,0.9817523346682357
1,4,9,2599.3293,54.58648071188048,8,4.0,9.0,2613.51,118.626,both,-14.180700000000343,0.9945740785380579
1,4,10,1648.3736,42.04025097524038,8,4.0,10.0,1641.24,75.5333,both,7.133599999999888,1.0043464697423898
1,5,0,3418.9117,69.50217251358765,8,5.0,0.0,3291.66,215.222,both,127.25170000000026,1.0386588226001472
1,5,1,3068.6237,61.791040932326915,8,5.0,1.0,2972.6,186.142,both,96.02370000000019,1.0323029334589249
1,5,2,2720.5582,58.350327368470694,8,5.0,2.0,2698.5,111.069,both,22.058199999999943,1.0081742449508986
1,5,3,2359.3169,55.078645193119996,8,5.0,3.0,2341.89,124.097,both,17.426899999999932,1.007441382814735
1,5,4,4541.6611,78.74514757570081,8,5.0,4.0,4526.93,206.093,both,14.73109999999997,1.0032541037745226
1,5,5,3873.19,70.22697394327908,8,5.0,5.0,3912.69,198.318,both,-39.5,0.9899046436083615
1,5,6,3447.3529999999996,63.64412119371278,8,5.0,6.0,3442.3,214.289,both,5.052999999999429,1.0014679138947795
1,5,7,3980.401,66.41342535135497,8,5.0,7.0,3945.4,181.69,both,35.00099999999975,1.008871343843463
1,5,8,2491.797,53.51268102010962,8,5.0,8.0,2502.65,131.054,both,-10.853000000000065,0.9956633967993926
1,5,9,1850.1744999999999,44.55252108350772,8,5.0,9.0,1852.77,91.3773,both,-2.595500000000129,0.998599124554046
1,5,10,1044.1417000000001,33.34247416118666,8,5.0,10.0,1015.4,57.9157,both,28.74170000000015,1.0283057908213513
1,6,0,2421.2875,55.04334947956747,8,6.0,0.0,2464.87,204.96,both,-43.58249999999998,0.9823185401258484
1,6,1,2013.1151,48.43525194075592,8,6.0,1.0,2033.87,162.992,both,-20.754899999999907,0.9897953654855031
1,6,2,1756.5013999999999,45.71477337238039,8,6.0,2.0,1792.05,114.288,both,-35.54860000000008,0.9801631650902597
1,6,3,1467.0448999999999,40.699430879589706,8,6.0,3.0,1489.89,89.0654,both,-22.84510000000023,0.9846665861238076
1,6,4,2662.132,54.510798449389824,8,6.0,4.0,2642.41,146.835,both,19.722000000000207,1.0074636411457722
1,6,5,2157.085,49.16665207587354,8,6.0,5.0,2183.03,155.615,both,-25.945000000000164,0.988115142714484
1,6,6,1854.284,45.22315982723896,8,6.0,6.0,1842.02,120.354,both,12.264000000000124,1.0066579081660352
1,6,7,1786.85,43.68050124506357,8,6.0,7.0,1741.3,115.918,both,45.549999999999955,1.0261586171251365
1,6,8,869.2665999999999,30.465991103277766,8,6.0,8.0,859.709,70.8647,both,9.55759999999998,1.0111172501392913
1,6,9,357.0542,19.677625775608703,8,6.0,9.0,372.299,52.3312,both,-15.244799999999998,0.9590522671293772
1,6,10,45.2132,7.201799833826264,8,6.0,10.0,90.0417,17.2646,both,-44.828500000000005,0.5021362324345275
1,7,0,855.091,30.710940656093555,8,7.0,0.0,808.699,93.4221,both,46.39200000000005,1.0573662141291136
1,7,1,499.977,23.40168028625295,8,7.0,1.0,529.208,43.3765,both,-29.230999999999995,0.9447646294084746
1,7,2,377.65099999999995,20.532202542834998,8,7.0,2.0,364.942,72.1496,both,12.708999999999946,1.0348247118720233
1,7,3,304.6269,18.190227643625025,8,7.0,3.0,286.29,43.6386,both,18.336899999999957,1.0640500890705227
1,7,4,355.0296,19.92484957205951,8,7.0,4.0,339.218,46.2052,both,15.811599999999999,1.0466119132829037
1,7,5,149.922,12.76482496465972,8,7.0,5.0,196.218,36.1752,both,-46.29599999999999,0.7640583432712595
1,7,6,37.9604,6.45817,8,7.0,6.0,55.9536,17.1311,both,-17.9932,0.6784264104543765
1,7,7,0.0,0.0,8,7.0,7.0,0.0,0.0,both,0.0,
1,7,8,0.0,0.0,8,7.0,8.0,0.0,0.0,both,0.0,
1,7,9,0.0,0.0,8,7.0,9.0,0.0,0.0,both,0.0,
1,7,10,0.0,0.0,8,7.0,10.0,0.0,0.0,both,0.0,
2,0,0,2199.7149999999997,154.40633236389627,8,0.0,0.0,2662.97,784.234,both,-463.2550000000001,0.8260382204831447
2,0,1,2264.4183,99.94927606646283,8,0.0,1.0,2513.54,539.091,both,-249.12170000000015,0.9008881099962602
2,0,2,1563.4819,67.09886266249228,8,0.0,2.0,1675.56,274.903,both,-112.07809999999995,0.9331100646947886
2,0,3,770.58,40.0824667087743,8,0.0,3.0,959.059,160.094,both,-188.47899999999993,0.8034750729621432
2,0,4,313.9103,25.557149648026087,8,0.0,4.0,366.798,64.3937,both,-52.887699999999995,0.8558124635357881
2,0,5,0.0,0.0,8,0.0,5.0,0.0,0.0,both,0.0,
2,0,6,0.0,0.0,8,0.0,6.0,0.0,0.0,both,0.0,
2,0,7,0.0,0.0,8,0.0,7.0,0.0,0.0,both,0.0,
2,0,8,0.0,0.0,8,0.0,8.0,0.0,0.0,both,0.0,
2,0,9,0.0,0.0,8,0.0,9.0,0.0,0.0,both,0.0,
2,0,10,0.0,0.0,8,0.0,10.0,0.0,0.0,both,0.0,
2,1,0,20748.945,438.01427543775327,8,1.0,0.0,20608.4,3732.23,both,140.54499999999825,1.0068197919295043
2,1,1,17328.468,305.50239679216924,8,1.0,1.0,17476.8,2270.58,both,-148.33199999999852,0.991512633891788
2,1,2,16166.071,227.0542868760685,8,1.0,2.0,16765.9,1525.12,both,-599.8290000000015,0.9642232746228951
2,1,3,11477.222,170.65398200768712,8,1.0,3.0,11941.1,924.743,both,-463.8780000000006,0.961152825116614
2,1,4,12377.406,149.04853696819703,8,1.0,4.0,12621.7,858.857,both,-244.29399999999987,0.9806449210486702
2,1,5,4307.2,79.19105629097267,8,1.0,5.0,4327.43,226.462,both,-20.230000000000473,0.9953251699045391
2,1,6,1189.09,39.44875236632966,8,1.0,6.0,1162.37,133.595,both,26.720000000000027,1.0229875168836084
2,1,7,178.97,14.460129732395211,8,1.0,7.0,256.269,30.1152,both,-77.299,0.6983677307828883
2,1,8,0.0,0.0,8,1.0,8.0,0.0,0.0,both,0.0,
2,1,9,0.0,0.0,8,1.0,9.0,0.0,0.0,both,0.0,
2,1,10,0.0,0.0,8,1.0,10.0,0.0,0.0,both,0.0,
2,2,0,16439.561999999998,245.26469060812647,8,2.0,0.0,14954.1,1208.15,both,1485.4619999999977,1.0993347643789997
2,2,1,13786.7107,203.29423949882818,8,2.0,1.0,13351.3,839.43,both,435.41070000000036,1.0326118580213164
2,2,2,12734.6939,158.65531772811778,8,2.0,2.0,12607.6,497.785,both,127.09389999999985,1.0100807370157683
2,2,3,12449.698,158.81051568400625,8,2.0,3.0,12576.6,450.857,both,-126.90200000000004,0.9899096735206654
2,2,4,18249.563000000002,176.61457290467285,8,2.0,4.0,18446.9,797.353,both,-197.33699999999953,0.9893024302186275
2,2,5,10265.53,120.02804619846147,8,2.0,5.0,10277.1,317.406,both,-11.569999999999709,0.9988741960280624
2,2,6,5061.887,81.56073266125065,8,2.0,6.0,5046.23,216.448,both,15.657000000000153,1.003102712321872
2,2,7,3073.076,63.81883458454879,8,2.0,7.0,3058.38,127.778,both,14.695999999999913,1.004805158286413
2,2,8,889.8269,32.30350236142979,8,2.0,8.0,918.551,68.135,both,-28.72410000000002,0.968728900191715
2,2,9,169.2702,15.240176896627545,8,2.0,9.0,192.495,46.4523,both,-23.224800000000016,0.8793485545079092
2,2,10,0.0,0.0,8,2.0,10.0,0.0,0.0,both,0.0,
2,3,0,10112.804,140.43615017163492,8,3.0,0.0,9684.31,540.262,both,428.4940000000006,1.0442462085579665
2,3,1,8487.878,117.37752908154951,8,3.0,1.0,8220.43,407.197,both,267.4480000000003,1.0325345511122899
2,3,2,6882.003,108.97025195345746,8,3.0,2.0,6916.59,377.094,both,-34.587000000000444,0.9949994144513409
2,3,3,6872.9817,102.36467612565382,8,3.0,3.0,6866.15,314.462,both,6.831700000000637,1.0009949826321884
2,3,4,12662.9542,130.51921184779656,8,3.0,4.0,12493.9,430.708,both,169.0542000000005,1.01353093909828
2,3,5,9176.6507,109.14599051280308,8,3.0,5.0,9138.94,239.407,both,37.71069999999963,1.0041263757065917
2,3,6,5913.491599999999,85.00248104805942,8,3.0,6.0,5836.62,192.764,both,76.87159999999949,1.0131705678971732
2,3,7,4855.204,75.18441799384033,8,3.0,7.0,4791.83,148.719,both,63.373999999999796,1.0132254274462993
2,3,8,1989.0425,46.68730806493345,8,3.0,8.0,1967.49,83.3369,both,21.55250000000001,1.0109543123472038
2,3,9,918.4862999999999,31.63956058594999,8,3.0,9.0,925.489,39.2118,both,-7.002700000000118,0.9924335135263627
2,3,10,201.0344,15.196540681582766,8,3.0,10.0,257.546,26.83,both,-56.51159999999999,0.7805766736815948
2,4,0,7040.316000000001,105.58987783310482,8,4.0,0.0,6701.43,484.472,both,338.8860000000004,1.0505692068707724
2,4,1,4834.6106,88.44046157427097,8,4.0,1.0,4818.37,182.042,both,16.240600000000086,1.0033705589234534
2,4,2,4062.53558,74.44939179462853,8,4.0,2.0,3970.99,188.343,both,91.54558000000043,1.0230535911699603
2,4,3,3857.4292000000005,76.11447884181827,8,4.0,3.0,3863.04,208.01,both,-5.610799999999472,0.998547568754142
2,4,4,6881.7627999999995,99.14013177339689,8,4.0,4.0,6872.13,281.419,both,9.632799999999406,1.0014017196997145
2,4,5,6030.8419,84.4673112098574,8,4.0,5.0,5931.43,170.679,both,99.41190000000006,1.0167601910500503
2,4,6,4436.1575,72.66037988826923,8,4.0,6.0,4467.85,143.712,both,-31.69250000000011,0.9929065434157368
2,4,7,4396.7312999999995,70.52482402374642,8,4.0,7.0,4408.99,175.839,both,-12.258700000000317,0.9972196126550524
2,4,8,2292.154,50.07209752370675,8,4.0,8.0,2284.54,106.648,both,7.614000000000033,1.0033328372451347
2,4,9,1259.3394,36.75943061637517,8,4.0,9.0,1294.49,54.0183,both,-35.15059999999994,0.9728459856777573
2,4,10,408.0784,21.347459232386417,8,4.0,10.0,401.84,51.0573,both,6.238400000000013,1.015524586900259
2,5,0,5354.345,84.73861636302543,8,5.0,0.0,5258.79,208.963,both,95.55500000000029,1.018170529722617
2,5,1,3311.4285,67.53436229438759,8,5.0,1.0,3288.94,168.724,both,22.48849999999993,1.0068376133343873
2,5,2,2718.7707,56.28597796244549,8,5.0,2.0,2707.09,98.7639,both,11.680699999999888,1.0043148546963714
2,5,3,2230.8172999999997,51.06343634375677,8,5.0,3.0,2217.39,156.047,both,13.427299999999832,1.0060554525816388
2,5,4,4125.0801,72.37752012227277,8,5.0,4.0,4161.87,192.601,both,-36.78989999999976,0.991160247677126
2,5,5,3494.2650000000003,63.86153988168466,8,5.0,5.0,3514.15,138.498,both,-19.884999999999764,0.9943414481453553
2,5,6,2786.523,55.276106716826575,8,5.0,6.0,2752.27,114.783,both,34.253000000000156,1.0124453632819455
2,5,7,3062.083,57.696664510437685,8,5.0,7.0,3054.72,145.815,both,7.363000000000284,1.0024103682170544
2,5,8,1413.2350000000001,38.75937303143589,8,5.0,8.0,1398.95,57.1711,both,14.285000000000082,1.0102112298509598
2,5,9,661.3248,26.475883601011315,8,5.0,9.0,666.153,39.9923,both,-4.828200000000038,0.9927521155049965
2,5,10,69.0035,9.088638121352396,8,5.0,10.0,111.381,23.8946,both,-42.3775,0.619526669719252
2,6,0,3746.83,66.43885257370117,8,6.0,0.0,3787.85,258.922,both,-41.01999999999998,0.9891706376968465
2,6,1,2226.8986,50.562804718445946,8,6.0,1.0,2264.36,138.563,both,-37.46140000000014,0.9834560758889929
2,6,2,1677.8925,43.395463168106645,8,6.0,2.0,1665.93,101.315,both,11.962499999999864,1.007180673857845
2,6,3,1236.201,39.02780201099724,8,6.0,3.0,1273.44,83.0437,both,-37.23900000000003,0.9707571617037316
2,6,4,1975.7378,47.74912917547398,8,6.0,4.0,1990.64,67.184,both,-14.902199999999993,0.9925138648876743
2,6,5,1449.0742,39.67723799975119,8,6.0,5.0,1427.08,98.3349,both,21.99420000000009,1.0154120301594867
2,6,6,956.8044,31.842853383844233,8,6.0,6.0,929.467,59.2795,both,27.337400000000002,1.029411910266852
2,6,7,570.4222,24.805607044750992,8,6.0,7.0,576.436,54.7314,both,-6.01380000000006,0.9895672719955033
2,6,8,88.2876,10.368822017890944,8,6.0,8.0,126.132,20.8922,both,-37.84440000000001,0.6999619446294357
2,6,9,0.0,0.0,8,6.0,9.0,0.0,0.0,both,0.0,
2,6,10,0.0,0.0,8,6.0,10.0,0.0,0.0,both,0.0,
2,7,0,512.2879,23.6609837401977,8,7.0,0.0,488.932,63.3589,both,23.35590000000002,1.0477692194415584
2,7,1,227.0225,15.760720946828544,8,7.0,1.0,243.403,40.3569,both,-16.380499999999984,0.9327021441806388
2,7,2,127.7918,11.820997774253238,8,7.0,2.0,138.978,20.1019,both,-11.186200000000014,0.9195110017412828
2,7,3,51.008300000000006,7.845134090339056,8,7.0,3.0,63.262,17.297,both,-12.253699999999995,0.8063023616072841
2,7,4,23.27396,5.730781070229432,8,7.0,4.0,0.0,0.0,both,23.27396,
2,7,5,0.0,0.0,8,7.0,5.0,0.0,0.0,both,0.0,
2,7,6,0.0,0.0,8,7.0,6.0,0.0,0.0,both,0.0,
2,7,7,0.0,0.0,8,7.0,7.0,0.0,0.0,both,0.0,
2,7,8,0.0,0.0,8,7.0,8.0,0.0,0.0,both,0.0,
2,7,9,0.0,0.0,8,7.0,9.0,0.0,0.0,both,0.0,
2,7,10,0.0,0.0,8,7.0,10.0,0.0,0.0,both,0.0,
3,0,0,282.37019999999995,46.44728771539733,8,0.0,0.0,308.924,122.01,both,-26.553800000000024,0.9140442309435329
3,0,1,241.6722,21.124482849776463,8,0.0,1.0,226.509,97.3939,both,15.163200000000018,1.0669430353760778
3,0,2,0.0,0.0,8,0.0,2.0,90.8581,58.7277,both,-90.8581,0.0
3,0,3,42.4317,9.516796069250407,8,0.0,3.0,74.13,35.7922,both,-31.698299999999996,0.5723957911776609
3,0,4,0.0,0.0,8,0.0,4.0,0.0,0.0,both,0.0,
3,0,5,0.0,0.0,8,0.0,5.0,0.0,0.0,both,0.0,
3,0,6,0.0,0.0,8,0.0,6.0,0.0,0.0,both,0.0,
3,0,7,0.0,0.0,8,0.0,7.0,0.0,0.0,both,0.0,
3,0,8,0.0,0.0,8,0.0,8.0,0.0,0.0,both,0.0,
3,0,9,0.0,0.0,8,0.0,9.0,0.0,0.0,both,0.0,
3,0,10,0.0,0.0,8,0.0,10.0,0.0,0.0,both,0.0,
3,1,0,15878.611,310.04309487255153,8,1.0,0.0,15942.2,3124.12,both,-63.58899999999994,0.9960112782426516
3,1,1,10552.72,234.05984955252362,8,1.0,1.0,10803.8,1513.24,both,-251.07999999999993,0.9767600288787278
3,1,2,8595.238,151.47259865137323,8,1.0,2.0,9093.72,977.967,both,-498.48199999999997,0.9451839291291133
3,1,3,5547.422,117.3781353119907,8,1.0,3.0,5878.24,575.884,both,-330.8180000000002,0.9437215901358229
3,1,4,4908.1410000000005,91.37320800119694,8,1.0,4.0,5015.5,424.524,both,-107.35899999999947,0.9785945568736917
3,1,5,1428.656,43.51818983425207,8,1.0,5.0,1463.11,108.074,both,-34.45399999999995,0.9764515313271046
3,1,6,191.2663,15.760864761351137,8,1.0,6.0,216.833,30.5484,both,-25.566699999999997,0.8820903644740422
3,1,7,0.0,0.0,8,1.0,7.0,0.0,0.0,both,0.0,
3,1,8,0.0,0.0,8,1.0,8.0,0.0,0.0,both,0.0,
3,1,9,0.0,0.0,8,1.0,9.0,0.0,0.0,both,0.0,
3,1,10,0.0,0.0,8,1.0,10.0,0.0,0.0,both,0.0,
3,2,0,19233.382,272.5213963112988,8,2.0,0.0,19038.9,1511.37,both,194.48199999999997,1.0102149809075105
3,2,1,14816.598,219.29421099178612,8,2.0,1.0,14540.1,812.709,both,276.4979999999996,1.0190162378525593
3,2,2,11452.632000000001,160.79200182838696,8,2.0,2.0,11442.6,569.989,both,10.032000000001062,1.0008767238215093
3,2,3,9849.606,141.5232831590972,8,2.0,3.0,10081.6,401.653,both,-231.9940000000006,0.9769883748611331
3,2,4,12877.776,138.70577080785068,8,2.0,4.0,12896.5,396.536,both,-18.72400000000016,0.998548133214438
3,2,5,5760.45,90.40222347331951,8,2.0,5.0,5813.75,254.03,both,-53.30000000000018,0.9908320791227693
3,2,6,2528.8116,58.61836376446634,8,2.0,6.0,2539.42,162.35,both,-10.608400000000074,0.9958225106520386
3,2,7,1258.3799999999999,38.53058934716675,8,2.0,7.0,1260.24,64.1474,both,-1.8600000000001273,0.9985240906494001
3,2,8,223.9885,16.43219444305903,8,2.0,8.0,253.768,40.7862,both,-29.779500000000013,0.882650688818133
3,2,9,0.0,0.0,8,2.0,9.0,0.0,0.0,both,0.0,
3,2,10,0.0,0.0,8,2.0,10.0,0.0,0.0,both,0.0,
3,3,0,14028.563,162.74168355234008,8,3.0,0.0,13531.3,725.997,both,497.26300000000083,1.0367490928439989
3,3,1,10394.846,132.28868688489578,8,3.0,1.0,10010.8,484.573,both,384.0460000000003,1.038363167778799
3,3,2,8044.3738,111.47155679239435,8,3.0,2.0,7857.24,322.38,both,187.13380000000052,1.0238167346294629
3,3,3,7021.4457999999995,102.32579257886499,8,3.0,3.0,6897.94,267.797,both,123.50579999999991,1.0179047367764869
3,3,4,11858.216,130.1248331329958,8,3.0,4.0,11781.5,358.489,both,76.71600000000035,1.0065115647413319
3,3,5,7344.780000000001,95.2056971187649,8,3.0,5.0,7280.24,310.399,both,64.54000000000087,1.0088650923595928
3,3,6,3866.922,67.44192057716106,8,3.0,6.0,3838.75,165.799,both,28.172000000000025,1.0073388472810159
3,3,7,2568.8802,54.60849464806368,8,3.0,7.0,2529.22,89.6048,both,39.66020000000026,1.015680802777141
3,3,8,926.0329,31.725303551186077,8,3.0,8.0,965.119,56.9235,both,-39.08609999999999,0.9595012635747509
3,3,9,272.0086,17.448265523624404,8,3.0,9.0,275.812,39.3245,both,-3.8034000000000106,0.9862101721462445
3,3,10,0.0,0.0,8,3.0,10.0,32.3051,14.4678,both,-32.3051,0.0
3,4,0,10397.689,122.00490254452892,8,4.0,0.0,10143.5,456.404,both,254.1890000000003,1.0250592990585103
3,4,1,6020.54,97.09191827232584,8,4.0,1.0,5934.27,318.559,both,86.26999999999953,1.0145375926609337
3,4,2,4797.19,85.24280142916996,8,4.0,2.0,4824.93,230.603,both,-27.74000000000069,0.9942506937924487
3,4,3,4245.107,74.19911491459989,8,4.0,3.0,4278.73,208.671,both,-33.62299999999959,0.9921418271309478
3,4,4,7614.0075,96.26827289067047,8,4.0,4.0,7521.95,231.186,both,92.05749999999989,1.012238515278618
3,4,5,5917.0528,85.07171960343636,8,4.0,5.0,5942.58,208.298,both,-25.52719999999954,0.9957043573666657
3,4,6,4061.3139,67.84454490558028,8,4.0,6.0,4049.05,142.991,both,12.263899999999921,1.0030288339240068
3,4,7,3111.3693,58.059184220242884,8,4.0,7.0,3121.29,104.079,both,-9.920700000000124,0.9968216026066146
3,4,8,1092.0908,34.19498257493341,8,4.0,8.0,1100.87,47.3312,both,-8.779199999999946,0.9920252164197408
3,4,9,289.2768,17.982996904545693,8,4.0,9.0,326.857,31.4799,both,-37.58020000000005,0.885025561637046
3,4,10,0.0,0.0,8,4.0,10.0,0.0,0.0,both,0.0,
3,5,0,8048.301,101.59886221469215,8,5.0,0.0,7939.47,248.221,both,108.83100000000013,1.0137075900532404
3,5,1,4518.142400000001,72.99752664836596,8,5.0,1.0,4411.57,173.919,both,106.57240000000093,1.0241574768166437
3,5,2,3185.102,62.76102958990157,8,5.0,2.0,3231.37,119.102,both,-46.26800000000003,0.9856816149187496
3,5,3,2532.473,56.135003399397775,8,5.0,3.0,2531.74,112.872,both,0.7330000000001746,1.0002895242007475
3,5,4,4432.4999,72.13506481977056,8,5.0,4.0,4418.97,169.299,both,13.529899999999543,1.0030617768393992
3,5,5,3516.825,63.06105853644466,8,5.0,5.0,3527.65,155.455,both,-10.825000000000273,0.996931384916304
3,5,6,2291.2865,49.56320556154636,8,5.0,6.0,2283.91,121.04,both,7.376500000000306,1.0032297682483111
3,5,7,1483.0828,39.67220860558308,8,5.0,7.0,1485.71,64.6257,both,-2.62720000000013,0.9982316872067899
3,5,8,379.1877,20.281554896782445,8,5.0,8.0,381.283,40.6171,both,-2.095300000000009,0.9945046068143609
3,5,9,14.9082,5.55556,8,5.0,9.0,51.5125,10.7068,both,-36.6043,0.289409366658578
3,5,10,0.0,0.0,8,5.0,10.0,0.0,0.0,both,0.0,
3,6,0,4664.949,71.95219206966526,8,6.0,0.0,4619.38,223.88,both,45.568999999999505,1.0098647437534907
3,6,1,2449.9441,52.01254993524544,8,6.0,1.0,2422.36,149.601,both,27.584100000000035,1.0113872834756188
3,6,2,1411.3442,39.48676316693102,8,6.0,2.0,1385.64,91.1202,both,25.7041999999999,1.018550417135764
3,6,3,860.7655,30.670676422446245,8,6.0,3.0,852.402,67.3209,both,8.36349999999993,1.0098116850969376
3,6,4,1071.9918,34.82401549840139,8,6.0,4.0,1078.74,73.5454,both,-6.748199999999997,0.9937443684298348
3,6,5,463.14419999999996,22.800532550129173,8,6.0,5.0,473.474,43.2335,both,-10.329800000000034,0.9781829625280374
3,6,6,101.37469999999999,10.795096226421514,8,6.0,6.0,146.187,35.7813,both,-44.81230000000002,0.6934590627073541
3,6,7,0.0,0.0,8,6.0,7.0,0.0,0.0,both,0.0,
3,6,8,0.0,0.0,8,6.0,8.0,0.0,0.0,both,0.0,
3,6,9,0.0,0.0,8,6.0,9.0,0.0,0.0,both,0.0,
3,6,10,0.0,0.0,8,6.0,10.0,0.0,0.0,both,0.0,
3,7,0,43.5488,7.3086119200912565,8,7.0,0.0,94.3038,17.8941,both,-50.754999999999995,0.4617926318981844
3,7,1,0.0,0.0,8,7.0,1.0,0.0,0.0,both,0.0,
3,7,2,0.0,0.0,8,7.0,2.0,0.0,0.0,both,0.0,
3,7,3,0.0,0.0,8,7.0,3.0,0.0,0.0,both,0.0,
3,7,4,0.0,0.0,8,7.0,4.0,0.0,0.0,both,0.0,
3,7,5,0.0,0.0,8,7.0,5.0,0.0,0.0,both,0.0,
3,7,6,0.0,0.0,8,7.0,6.0,0.0,0.0,both,0.0,
3,7,7,0.0,0.0,8,7.0,7.0,0.0,0.0,both,0.0,
3,7,8,0.0,0.0,8,7.0,8.0,0.0,0.0,both,0.0,
3,7,9,0.0,0.0,8,7.0,9.0,0.0,0.0,both,0.0,
3,7,10,0.0,0.0,8,7.0,10.0,0.0,0.0,both,0.0,
4,0,0,0.0,0.0,8,0.0,0.0,0.0,0.0,both,0.0,
4,0,1,0.0,0.0,8,0.0,1.0,0.0,0.0,both,0.0,
4,0,2,0.0,0.0,8,0.0,2.0,0.0,0.0,both,0.0,
4,0,3,0.0,0.0,8,0.0,3.0,0.0,0.0,both,0.0,
4,0,4,0.0,0.0,8,0.0,4.0,0.0,0.0,both,0.0,
4,0,5,0.0,0.0,8,0.0,5.0,0.0,0.0,both,0.0,
4,0,6,0.0,0.0,8,0.0,6.0,0.0,0.0,both,0.0,
4,0,7,0.0,0.0,8,0.0,7.0,0.0,0.0,both,0.0,
4,0,8,0.0,0.0,8,0.0,8.0,0.0,0.0,both,0.0,
4,0,9,0.0,0.0,8,0.0,9.0,0.0,0.0,both,0.0,
4,0,10,0.0,0.0,8,0.0,10.0,0.0,0.0,both,0.0,
4,1,0,6644.8060000000005,198.67205897513622,8,1.0,0.0,7115.74,1358.74,both,-470.9339999999993,0.9338179866043448
4,1,1,3046.5101,98.64899583492982,8,1.0,1.0,3126.64,528.584,both,-80.1298999999999,0.9743718816365172
4,1,2,2443.943,72.34026902015295,8,1.0,2.0,2535.96,339.223,both,-92.01699999999983,0.9637151216896166
4,1,3,1541.906,62.58760708079515,8,1.0,3.0,1728.66,182.834,both,-186.75400000000013,0.8919660314926011
4,1,4,1263.1312,43.79833915902862,8,1.0,4.0,1287.71,131.987,both,-24.5788,0.9809127831576986
4,1,5,237.427,16.572537923800326,8,1.0,5.0,246.817,52.8756,both,-9.390000000000015,0.9619556189403484
4,1,6,0.0,0.0,8,1.0,6.0,0.0,0.0,both,0.0,
4,1,7,0.0,0.0,8,1.0,7.0,0.0,0.0,both,0.0,
4,1,8,0.0,0.0,8,1.0,8.0,0.0,0.0,both,0.0,
4,1,9,0.0,0.0,8,1.0,9.0,0.0,0.0,both,0.0,
4,1,10,0.0,0.0,8,1.0,10.0,0.0,0.0,both,0.0,
4,2,0,17562.571,279.7151707769709,8,2.0,0.0,18059.4,2126.23,both,-496.82900000000154,0.972489174612667
4,2,1,10059.958,168.15927807635236,8,2.0,1.0,10022.9,707.832,both,37.0580000000009,1.0036973331071846
4,2,2,6520.106,112.12369141541853,8,2.0,2.0,6525.17,546.997,both,-5.064000000000306,0.9992239282654705
4,2,3,5648.2919999999995,93.83727578366711,8,2.0,3.0,5732.5,368.758,both,-84.20800000000054,0.9853104230266027
4,2,4,6931.3141,101.38608374313509,8,2.0,4.0,7003.68,375.679,both,-72.36590000000069,0.9896674462568249
4,2,5,2730.591,57.59921457129428,8,2.0,5.0,2680.69,166.434,both,49.90099999999984,1.018614983455752
4,2,6,856.5781999999999,32.57342786555477,8,2.0,6.0,869.505,75.6563,both,-12.926800000000071,0.98513315047067
4,2,7,284.8115,18.04352551703519,8,2.0,7.0,292.202,29.2369,both,-7.3904999999999745,0.9747075653144058
4,2,8,0.0,0.0,8,2.0,8.0,0.0,0.0,both,0.0,
4,2,9,0.0,0.0,8,2.0,9.0,0.0,0.0,both,0.0,
4,2,10,0.0,0.0,8,2.0,10.0,0.0,0.0,both,0.0,
4,3,0,17134.354,190.01406947063157,8,3.0,0.0,17116.4,598.239,both,17.953999999997905,1.001048935523825
4,3,1,10536.241,141.99918412455756,8,3.0,1.0,10431.1,387.932,both,105.14099999999962,1.0100795697481568
4,3,2,6709.45,108.74621731527033,8,3.0,2.0,6663.31,318.443,both,46.13999999999942,1.006924486478942
4,3,3,5120.18,83.68375266161287,8,3.0,3.0,5037.69,204.416,both,82.49000000000069,1.0163745685026273
4,3,4,7559.85,101.4642228308087,8,3.0,4.0,7607.99,229.727,both,-48.13999999999942,0.9936724417355964
4,3,5,4422.5343,74.07844548470223,8,3.0,5.0,4423.03,193.1,both,-0.4956999999994878,0.9998879275067093
4,3,6,1872.2252,46.889544553876824,8,3.0,6.0,1920.98,92.7167,both,-48.75479999999993,0.9746198294620454
4,3,7,841.5423,30.49822650065574,8,3.0,7.0,849.076,45.5387,both,-7.533700000000067,0.991127178250239
4,3,8,37.3303,6.71144,8,3.0,8.0,120.667,41.2377,both,-83.33670000000001,0.3093662724688606
4,3,9,0.0,0.0,8,3.0,9.0,0.0,0.0,both,0.0,
4,3,10,0.0,0.0,8,3.0,10.0,0.0,0.0,both,0.0,
4,4,0,14016.646999999999,151.78159290019326,8,4.0,0.0,14046.1,462.0,both,-29.45300000000134,0.9979031190152425
4,4,1,7597.429999999999,105.26327676454879,8,4.0,1.0,7600.07,270.974,both,-2.6400000000003274,0.9996526347783639
4,4,2,5376.6140000000005,81.88365128424599,8,4.0,2.0,5270.0,231.159,both,106.61400000000049,1.0202303605313094
4,4,3,3809.2584,68.86142218593804,8,4.0,3.0,3730.61,154.196,both,78.64840000000004,1.021081914217782
4,4,4,5562.137,83.46867677314647,8,4.0,4.0,5518.56,224.103,both,43.576999999999316,1.0078964439998839
4,4,5,3524.7855,63.08665314634784,8,4.0,5.0,3532.98,130.698,both,-8.194500000000062,0.9976805699437868
4,4,6,1581.8849,41.501329035827276,8,4.0,6.0,1570.47,80.5139,both,11.414899999999989,1.007268461033958
4,4,7,601.9571,25.447078549696034,8,4.0,7.0,658.844,70.6103,both,-56.88690000000008,0.9136564953160383
4,4,8,39.992999999999995,6.909341473896047,8,4.0,8.0,70.7275,18.2553,both,-30.73450000000001,0.5654519105015728
4,4,9,0.0,0.0,8,4.0,9.0,0.0,0.0,both,0.0,
4,4,10,0.0,0.0,8,4.0,10.0,0.0,0.0,both,0.0,
4,5,0,10169.14,113.65475001239498,8,5.0,0.0,10324.3,455.947,both,-155.15999999999985,0.9849713782048177
4,5,1,5051.8951,78.19182781860007,8,5.0,1.0,5000.05,160.834,both,51.84509999999955,1.0103689163108367
4,5,2,3053.1305,59.29881544426668,8,5.0,2.0,3017.91,187.264,both,35.22050000000036,1.0116704938185699
4,5,3,2060.5234,48.087466247583684,8,5.0,3.0,2032.88,87.9059,both,27.64339999999993,1.0135981464720003
4,5,4,2436.9078,52.26891711707638,8,5.0,4.0,2432.95,90.6262,both,3.957800000000134,1.001626749419429
4,5,5,1088.2093,34.45481846337316,8,5.0,5.0,1133.69,52.1699,both,-45.48070000000007,0.9598825957713307
4,5,6,356.2892,19.99555068104652,8,5.0,6.0,366.444,57.9527,both,-10.154800000000023,0.9722882623265764
4,5,7,0.0,0.0,8,5.0,7.0,76.2289,32.0577,both,-76.2289,0.0
4,5,8,0.0,0.0,8,5.0,8.0,0.0,0.0,both,0.0,
4,5,9,0.0,0.0,8,5.0,9.0,0.0,0.0,both,0.0,
4,5,10,0.0,0.0,8,5.0,10.0,0.0,0.0,both,0.0,
4,6,0,1934.686,46.34717656546081,8,6.0,0.0,1947.26,119.852,both,-12.57400000000007,0.9935427215677413
4,6,1,757.082,28.61849274917706,8,6.0,1.0,762.55,70.7743,both,-5.467999999999961,0.9928293226673661
4,6,2,256.7875,16.662350905514504,8,6.0,2.0,334.663,49.4771,both,-77.87549999999999,0.7673017333855252
4,6,3,117.90280000000001,11.47860964760541,8,6.0,3.0,128.763,27.7567,both,-10.860199999999992,0.9156574481799896
4,6,4,25.6242,5.46197,8,6.0,4.0,55.1168,20.855,both,-29.4926,0.4649072515095216
4,6,5,0.0,0.0,8,6.0,5.0,0.0,0.0,both,0.0,
4,6,6,0.0,0.0,8,6.0,6.0,0.0,0.0,both,0.0,
4,6,7,0.0,0.0,8,6.0,7.0,0.0,0.0,both,0.0,
4,6,8,0.0,0.0,8,6.0,8.0,0.0,0.0,both,0.0,
4,6,9,0.0,0.0,8,6.0,9.0,0.0,0.0,both,0.0,
4,6,10,0.0,0.0,8,6.0,10.0,0.0,0.0,both,0.0,
4,7,0,0.0,0.0,8,7.0,0.0,0.0,0.0,both,0.0,
4,7,1,0.0,0.0,8,7.0,1.0,0.0,0.0,both,0.0,
4,7,2,0.0,0.0,8,7.0,2.0,0.0,0.0,both,0.0,
4,7,3,0.0,0.0,8,7.0,3.0,0.0,0.0,both,0.0,
4,7,4,0.0,0.0,8,7.0,4.0,0.0,0.0,both,0.0,
4,7,5,0.0,0.0,8,7.0,5.0,0.0,0.0,both,0.0,
4,7,6,0.0,0.0,8,7.0,6.0,0.0,0.0,both,0.0,
4,7,7,0.0,0.0,8,7.0,7.0,0.0,0.0,both,0.0,
4,7,8,0.0,0.0,8,7.0,8.0,0.0,0.0,both,0.0,
4,7,9,0.0,0.0,8,7.0,9.0,0.0,0.0,both,0.0,
4,7,10,0.0,0.0,8,7.0,10.0,0.0,0.0,both,0.0,
5,0,0,0.0,0.0,8,0.0,0.0,0.0,0.0,both,0.0,
5,0,1,0.0,0.0,8,0.0,1.0,0.0,0.0,both,0.0,
5,0,2,0.0,0.0,8,0.0,2.0,0.0,0.0,both,0.0,
5,0,3,0.0,0.0,8,0.0,3.0,0.0,0.0,both,0.0,
5,0,4,0.0,0.0,8,0.0,4.0,0.0,0.0,both,0.0,
5,0,5,0.0,0.0,8,0.0,5.0,0.0,0.0,both,0.0,
5,0,6,0.0,0.0,8,0.0,6.0,0.0,0.0,both,0.0,
5,0,7,0.0,0.0,8,0.0,7.0,0.0,0.0,both,0.0,
5,0,8,0.0,0.0,8,0.0,8.0,0.0,0.0,both,0.0,
5,0,9,0.0,0.0,8,0.0,9.0,0.0,0.0,both,0.0,
5,0,10,0.0,0.0,8,0.0,10.0,0.0,0.0,both,0.0,
5,1,0,353.8403,41.73084447635825,8,1.0,0.0,551.211,153.886,both,-197.3707,0.6419325811712756
5,1,1,132.06380000000001,17.618366730457737,8,1.0,1.0,202.564,60.1721,both,-70.50019999999998,0.6519608617523351
5,1,2,107.42769999999999,13.82069720936321,8,1.0,2.0,144.293,46.2461,both,-36.86530000000002,0.7445108217307838
5,1,3,19.29,4.63195,8,1.0,3.0,82.0681,28.9476,both,-62.7781,0.23504869736231251
5,1,4,15.3005,4.48917,8,1.0,4.0,62.0049,22.1933,both,-46.7044,0.24676275584671534
5,1,5,0.0,0.0,8,1.0,5.0,0.0,0.0,both,0.0,
5,1,6,0.0,0.0,8,1.0,6.0,0.0,0.0,both,0.0,
5,1,7,0.0,0.0,8,1.0,7.0,0.0,0.0,both,0.0,
5,1,8,0.0,0.0,8,1.0,8.0,0.0,0.0,both,0.0,
5,1,9,0.0,0.0,8,1.0,9.0,0.0,0.0,both,0.0,
5,1,10,0.0,0.0,8,1.0,10.0,0.0,0.0,both,0.0,
5,2,0,5394.722,150.8893740430717,8,2.0,0.0,5799.38,920.65,both,-404.65800000000036,0.9302239204880521
5,2,1,2608.9447,75.16231167712978,8,2.0,1.0,2618.81,220.379,both,-9.865299999999934,0.9962329073128635
5,2,2,1510.5240000000001,49.084702456391646,8,2.0,2.0,1489.35,147.452,both,21.174000000000206,1.0142169402759595
5,2,3,1312.637,50.86428300576447,8,2.0,3.0,1374.27,117.64,both,-61.63300000000004,0.9551521898899051
5,2,4,1577.8187,46.05039015537328,8,2.0,4.0,1587.28,121.729,both,-9.461299999999937,0.9940392999344791
5,2,5,397.4008,21.516548629136597,8,2.0,5.0,397.975,52.622,both,-0.5742000000000189,0.9985571958037565
5,2,6,23.6691,5.15463,8,2.0,6.0,59.8179,25.8917,both,-36.1488,0.39568590672691617
5,2,7,0.0,0.0,8,2.0,7.0,0.0,0.0,both,0.0,
5,2,8,0.0,0.0,8,2.0,8.0,0.0,0.0,both,0.0,
5,2,9,0.0,0.0,8,2.0,9.0,0.0,0.0,both,0.0,
5,2,10,0.0,0.0,8,2.0,10.0,0.0,0.0,both,0.0,
5,3,0,8447.127,128.3147070555827,8,3.0,0.0,8616.36,576.436,both,-169.23300000000017,0.98035910755818
5,3,1,3736.016,83.67264049926953,8,3.0,1.0,3563.47,220.267,both,172.54600000000028,1.0484207808680865
5,3,2,2048.46,53.779344358684774,8,3.0,2.0,2048.85,159.533,both,-0.38999999999987267,0.9998096493154697
5,3,3,1510.3301,45.41448447290908,8,3.0,3.0,1493.48,120.44,both,16.850099999999884,1.0112824410102579
5,3,4,2208.062,53.19112374663653,8,3.0,4.0,2262.26,159.259,both,-54.19800000000032,0.9760425415292671
5,3,5,804.7462,30.653343169902364,8,3.0,5.0,812.729,81.1709,both,-7.9827999999999975,0.990177783738491
5,3,6,44.9749,8.32532,8,3.0,6.0,91.3335,22.2685,both,-46.3586,0.49242501382296744
5,3,7,0.0,0.0,8,3.0,7.0,0.0,0.0,both,0.0,
5,3,8,0.0,0.0,8,3.0,8.0,0.0,0.0,both,0.0,
5,3,9,0.0,0.0,8,3.0,9.0,0.0,0.0,both,0.0,
5,3,10,0.0,0.0,8,3.0,10.0,0.0,0.0,both,0.0,
5,4,0,8168.909,110.64521472756967,8,4.0,0.0,8181.43,287.435,both,-12.52100000000064,0.9984695829457686
5,4,1,3337.849,68.82485994079465,8,4.0,1.0,3314.25,204.323,both,23.59900000000016,1.0071204646601797
5,4,2,1585.457,45.27868672830519,8,4.0,2.0,1566.02,105.346,both,19.437000000000126,1.012411718879708
5,4,3,840.5773,31.21417252759714,8,4.0,3.0,815.186,78.8584,both,25.3913,1.031147860733624
5,4,4,732.6105,29.71675390302413,8,4.0,4.0,763.889,60.0199,both,-31.278500000000008,0.9590536059558391
5,4,5,138.1044,12.789320712453808,8,4.0,5.0,157.66,19.4835,both,-19.5556,0.8759634656856526
5,4,6,0.0,0.0,8,4.0,6.0,0.0,0.0,both,0.0,
5,4,7,0.0,0.0,8,4.0,7.0,0.0,0.0,both,0.0,
5,4,8,0.0,0.0,8,4.0,8.0,0.0,0.0,both,0.0,
5,4,9,0.0,0.0,8,4.0,9.0,0.0,0.0,both,0.0,
5,4,10,0.0,0.0,8,4.0,10.0,0.0,0.0,both,0.0,
5,5,0,3053.7490000000003,58.96505196224285,8,5.0,0.0,3017.65,149.185,both,36.09900000000016,1.0119626199194738
5,5,1,989.4516,33.526285773169086,8,5.0,1.0,985.332,105.171,both,4.119599999999991,1.0041809258199266
5,5,2,259.3517,17.293316197574715,8,5.0,2.0,304.37,50.3176,both,-45.01830000000001,0.8520935046160922
5,5,3,61.2603,8.679411495608443,8,5.0,3.0,103.173,24.2825,both,-41.9127,0.5937629030851095
5,5,4,0.0,0.0,8,5.0,4.0,41.0774,22.0078,both,-41.0774,0.0
5,5,5,0.0,0.0,8,5.0,5.0,0.0,0.0,both,0.0,
5,5,6,0.0,0.0,8,5.0,6.0,0.0,0.0,both,0.0,
5,5,7,0.0,0.0,8,5.0,7.0,0.0,0.0,both,0.0,
5,5,8,0.0,0.0,8,5.0,8.0,0.0,0.0,both,0.0,
5,5,9,0.0,0.0,8,5.0,9.0,0.0,0.0,both,0.0,
5,5,10,0.0,0.0,8,5.0,10.0,0.0,0.0,both,0.0,
5,6,0,0.0,0.0,8,6.0,0.0,0.0,0.0,both,0.0,
5,6,1,0.0,0.0,8,6.0,1.0,0.0,0.0,both,0.0,
5,6,2,0.0,0.0,8,6.0,2.0,0.0,0.0,both,0.0,
5,6,3,0.0,0.0,8,6.0,3.0,0.0,0.0,both,0.0,
5,6,4,0.0,0.0,8,6.0,4.0,0.0,0.0,both,0.0,
5,6,5,0.0,0.0,8,6.0,5.0,0.0,0.0,both,0.0,
5,6,6,0.0,0.0,8,6.0,6.0,0.0,0.0,both,0.0,
5,6,7,0.0,0.0,8,6.0,7.0,0.0,0.0,both,0.0,
5,6,8,0.0,0.0,8,6.0,8.0,0.0,0.0,both,0.0,
5,6,9,0.0,0.0,8,6.0,9.0,0.0,0.0,both,0.0,
5,6,10,0.0,0.0,8,6.0,10.0,0.0,0.0,both,0.0,
5,7,0,0.0,0.0,8,7.0,0.0,0.0,0.0,both,0.0,
5,7,1,0.0,0.0,8,7.0,1.0,0.0,0.0,both,0.0,
5,7,2,0.0,0.0,8,7.0,2.0,0.0,0.0,both,0.0,
5,7,3,0.0,0.0,8,7.0,3.0,0.0,0.0,both,0.0,
5,7,4,0.0,0.0,8,7.0,4.0,0.0,0.0,both,0.0,
5,7,5,0.0,0.0,8,7.0,5.0,0.0,0.0,both,0.0,
5,7,6,0.0,0.0,8,7.0,6.0,0.0,0.0,both,0.0,
5,7,7,0.0,0.0,8,7.0,7.0,0.0,0.0,both,0.0,
5,7,8,0.0,0.0,8,7.0,8.0,0.0,0.0,both,0.0,
5,7,9,0.0,0.0,8,7.0,9.0,0.0,0.0,both,0.0,
5,7,10,0.0,0.0,8,7.0,10.0,0.0,0.0,both,0.0,
6,0,0,0.0,0.0,8,0.0,0.0,0.0,0.0,both,0.0,
6,0,1,0.0,0.0,8,0.0,1.0,0.0,0.0,both,0.0,
6,0,2,0.0,0.0,8,0.0,2.0,0.0,0.0,both,0.0,
6,0,3,0.0,0.0,8,0.0,3.0,0.0,0.0,both,0.0,
6,0,4,0.0,0.0,8,0.0,4.0,0.0,0.0,both,0.0,
6,0,5,0.0,0.0,8,0.0,5.0,0.0,0.0,both,0.0,
6,0,6,0.0,0.0,8,0.0,6.0,0.0,0.0,both,0.0,
6,0,7,0.0,0.0,8,0.0,7.0,0.0,0.0,both,0.0,
6,0,8,0.0,0.0,8,0.0,8.0,0.0,0.0,both,0.0,
6,0,9,0.0,0.0,8,0.0,9.0,0.0,0.0,both,0.0,
6,0,10,0.0,0.0,8,0.0,10.0,0.0,0.0,both,0.0,
6,1,0,0.0,0.0,8,1.0,0.0,0.0,0.0,both,0.0,
6,1,1,0.0,0.0,8,1.0,1.0,0.0,0.0,both,0.0,
6,1,2,0.0,0.0,8,1.0,2.0,0.0,0.0,both,0.0,
6,1,3,0.0,0.0,8,1.0,3.0,0.0,0.0,both,0.0,
6,1,4,0.0,0.0,8,1.0,4.0,0.0,0.0,both,0.0,
6,1,5,0.0,0.0,8,1.0,5.0,0.0,0.0,both,0.0,
6,1,6,0.0,0.0,8,1.0,6.0,0.0,0.0,both,0.0,
6,1,7,0.0,0.0,8,1.0,7.0,0.0,0.0,both,0.0,
6,1,8,0.0,0.0,8,1.0,8.0,0.0,0.0,both,0.0,
6,1,9,0.0,0.0,8,1.0,9.0,0.0,0.0,both,0.0,
6,1,10,0.0,0.0,8,1.0,10.0,0.0,0.0,both,0.0,
6,2,0,1213.6363000000001,66.70146548869822,8,2.0,0.0,1343.64,261.935,both,-130.00369999999998,0.90324514006728
6,2,1,755.1091,35.07612460494745,8,2.0,1.0,708.22,97.7601,both,46.889099999999985,1.066206969585722
6,2,2,322.9441,23.45431790293847,8,2.0,2.0,347.649,73.354,both,-24.70490000000001,0.9289372326685824
6,2,3,275.0755,18.342695569964626,8,2.0,3.0,275.489,68.1653,both,-0.4134999999999991,0.998499032629252
6,2,4,218.1414,16.450046380995406,8,2.0,4.0,222.908,51.8641,both,-4.766599999999983,0.978616290128663
6,2,5,0.0,0.0,8,2.0,5.0,0.0,0.0,both,0.0,
6,2,6,0.0,0.0,8,2.0,6.0,0.0,0.0,both,0.0,
6,2,7,0.0,0.0,8,2.0,7.0,0.0,0.0,both,0.0,
6,2,8,0.0,0.0,8,2.0,8.0,0.0,0.0,both,0.0,
6,2,9,0.0,0.0,8,2.0,9.0,0.0,0.0,both,0.0,
6,2,10,0.0,0.0,8,2.0,10.0,0.0,0.0,both,0.0,
6,3,0,3045.549,79.57548335178366,8,3.0,0.0,3040.57,301.726,both,4.9789999999998145,1.00163752191201
6,3,1,1164.2735,43.18995968855956,8,3.0,1.0,1093.1,134.709,both,71.1735000000001,1.0651116091848871
6,3,2,665.0844,29.568807802801246,8,3.0,2.0,647.948,83.6603,both,17.13639999999998,1.0264471840332865
6,3,3,341.5703,21.464626592384505,8,3.0,3.0,379.843,36.5323,both,-38.27270000000004,0.8992407389368764
6,3,4,182.367,14.110996729745917,8,3.0,4.0,211.278,31.2518,both,-28.911,0.8631613324624429
6,3,5,0.0,0.0,8,3.0,5.0,0.0,0.0,both,0.0,
6,3,6,0.0,0.0,8,3.0,6.0,0.0,0.0,both,0.0,
6,3,7,0.0,0.0,8,3.0,7.0,0.0,0.0,both,0.0,
6,3,8,0.0,0.0,8,3.0,8.0,0.0,0.0,both,0.0,
6,3,9,0.0,0.0,8,3.0,9.0,0.0,0.0,both,0.0,
6,3,10,0.0,0.0,8,3.0,10.0,0.0,0.0,both,0.0,
6,4,0,2602.405,62.799386396126515,8,4.0,0.0,2608.61,138.794,both,-6.204999999999927,0.997621338567283
6,4,1,539.0618,25.593175285184916,8,4.0,1.0,505.823,46.5565,both,33.23879999999997,1.065712314386653
6,4,2,92.047,10.983902895983741,8,4.0,2.0,138.868,43.3909,both,-46.821,0.6628380908488637
6,4,3,0.0,0.0,8,4.0,3.0,0.0,0.0,both,0.0,
6,4,4,0.0,0.0,8,4.0,4.0,0.0,0.0,both,0.0,
6,4,5,0.0,0.0,8,4.0,5.0,0.0,0.0,both,0.0,
6,4,6,0.0,0.0,8,4.0,6.0,0.0,0.0,both,0.0,
6,4,7,0.0,0.0,8,4.0,7.0,0.0,0.0,both,0.0,
6,4,8,0.0,0.0,8,4.0,8.0,0.0,0.0,both,0.0,
6,4,9,0.0,0.0,8,4.0,9.0,0.0,0.0,both,0.0,
6,4,10,0.0,0.0,8,4.0,10.0,0.0,0.0,both,0.0,
6,5,0,18.434,4.59394,8,5.0,0.0,96.8005,42.493,both,-78.3665,0.1904329006565049
6,5,1,0.0,0.0,8,5.0,1.0,0.0,0.0,both,0.0,
6,5,2,0.0,0.0,8,5.0,2.0,0.0,0.0,both,0.0,
6,5,3,0.0,0.0,8,5.0,3.0,0.0,0.0,both,0.0,
6,5,4,0.0,0.0,8,5.0,4.0,0.0,0.0,both,0.0,
6,5,5,0.0,0.0,8,5.0,5.0,0.0,0.0,both,0.0,
6,5,6,0.0,0.0,8,5.0,6.0,0.0,0.0,both,0.0,
6,5,7,0.0,0.0,8,5.0,7.0,0.0,0.0,both,0.0,
6,5,8,0.0,0.0,8,5.0,8.0,0.0,0.0,both,0.0,
6,5,9,0.0,0.0,8,5.0,9.0,0.0,0.0,both,0.0,
6,5,10,0.0,0.0,8,5.0,10.0,0.0,0.0,both,0.0,
6,6,0,0.0,0.0,8,6.0,0.0,0.0,0.0,both,0.0,
6,6,1,0.0,0.0,8,6.0,1.0,0.0,0.0,both,0.0,
6,6,2,0.0,0.0,8,6.0,2.0,0.0,0.0,both,0.0,
6,6,3,0.0,0.0,8,6.0,3.0,0.0,0.0,both,0.0,
6,6,4,0.0,0.0,8,6.0,4.0,0.0,0.0,both,0.0,
6,6,5,0.0,0.0,8,6.0,5.0,0.0,0.0,both,0.0,
6,6,6,0.0,0.0,8,6.0,6.0,0.0,0.0,both,0.0,
6,6,7,0.0,0.0,8,6.0,7.0,0.0,0.0,both,0.0,
6,6,8,0.0,0.0,8,6.0,8.0,0.0,0.0,both,0.0,
6,6,9,0.0,0.0,8,6.0,9.0,0.0,0.0,both,0.0,
6,6,10,0.0,0.0,8,6.0,10.0,0.0,0.0,both,0.0,
6,7,0,0.0,0.0,8,7.0,0.0,0.0,0.0,both,0.0,
6,7,1,0.0,0.0,8,7.0,1.0,0.0,0.0,both,0.0,
6,7,2,0.0,0.0,8,7.0,2.0,0.0,0.0,both,0.0,
6,7,3,0.0,0.0,8,7.0,3.0,0.0,0.0,both,0.0,
6,7,4,0.0,0.0,8,7.0,4.0,0.0,0.0,both,0.0,
6,7,5,0.0,0.0,8,7.0,5.0,0.0,0.0,both,0.0,
6,7,6,0.0,0.0,8,7.0,6.0,0.0,0.0,both,0.0,
6,7,7,0.0,0.0,8,7.0,7.0,0.0,0.0,both,0.0,
6,7,8,0.0,0.0,8,7.0,8.0,0.0,0.0,both,0.0,
6,7,9,0.0,0.0,8,7.0,9.0,0.0,0.0,both,0.0,
6,7,10,0.0,0.0,8,7.0,10.0,0.0,0.0,both,0.0,
7,0,0,17976.41,452.8246851906375,8,0.0,0.0,18231.9,5071.87,both,-255.4900000000016,0.9859866497731996
7,0,1,21449.997,447.13856676436444,8,0.0,1.0,21080.9,4437.46,both,369.09699999999793,1.0175085978302634
7,0,2,18036.405,266.8254270910289,8,0.0,2.0,19032.8,2731.29,both,-996.3950000000004,0.9476485330587197
7,0,3,11629.835000000001,195.9981128041033,8,0.0,3.0,12762.4,1585.58,both,-1132.5649999999987,0.9112576788064942
7,0,4,8781.314,139.87393713040325,8,0.0,4.0,9309.92,1048.38,both,-528.6059999999998,0.9432212092048052
7,0,5,802.7877,36.44368906158376,8,0.0,5.0,774.56,119.077,both,28.227700000000027,1.036443529229498
7,0,6,0.0,0.0,8,0.0,6.0,0.0,0.0,both,0.0,
7,0,7,0.0,0.0,8,0.0,7.0,0.0,0.0,both,0.0,
7,0,8,0.0,0.0,8,0.0,8.0,0.0,0.0,both,0.0,
7,0,9,0.0,0.0,8,0.0,9.0,0.0,0.0,both,0.0,
7,0,10,0.0,0.0,8,0.0,10.0,0.0,0.0,both,0.0,
7,1,0,24154.829999999998,430.8582233148162,8,1.0,0.0,-23538.6,4070.36,both,47693.42999999999,-1.026179551884989
7,1,1,30955.253999999997,396.3839018628405,8,1.0,1.0,-27204.1,2905.2,both,58159.35399999999,-1.1378892887469167
7,1,2,32779.029,376.8210608016622,8,1.0,2.0,31150.5,1788.97,both,1628.5290000000023,1.0522793855636348
7,1,3,28369.054,285.21234535542106,8,1.0,3.0,28435.2,1368.57,both,-66.14600000000064,0.9976737986720684
7,1,4,41116.4,298.5620623837362,8,1.0,4.0,41115.1,1547.27,both,1.3000000000029104,1.0000316185537674
7,1,5,21571.981,190.37101184983496,8,1.0,5.0,21769.6,866.541,both,-197.61899999999878,0.9909222493752756
7,1,6,9317.301,119.07388415803021,8,1.0,6.0,9281.82,360.446,both,35.48099999999977,1.0038226339230882
7,1,7,3999.155,76.81799577195437,8,1.0,7.0,4046.27,236.01,both,-47.11499999999978,0.9883559426335861
7,1,8,689.733,28.828485081453724,8,1.0,8.0,670.19,54.8101,both,19.542999999999893,1.02916038735284
7,1,9,0.0,0.0,8,1.0,9.0,0.0,0.0,both,0.0,
7,1,10,0.0,0.0,8,1.0,10.0,0.0,0.0,both,0.0,
7,2,0,10960.31,229.5689498295229,8,2.0,0.0,-8848.09,1580.95,both,19808.4,-1.238720447011728
7,2,1,14278.419,209.68024053689467,8,2.0,1.0,12761.1,1270.23,both,1517.3189999999995,1.1189018971718738
7,2,2,14855.6892,177.8325690338741,8,2.0,2.0,14288.6,1090.81,both,567.0892000000003,1.0396882269781504
7,2,3,15084.546000000002,168.22940408305558,8,2.0,3.0,14819.7,836.531,both,264.84600000000137,1.0178712119678537
7,2,4,26970.133,219.01337406414248,8,2.0,4.0,26440.4,1114.87,both,529.7330000000002,1.020034984342143
7,2,5,19625.331000000002,173.21693474851125,8,2.0,5.0,19350.0,665.868,both,275.33100000000195,1.014228992248062
7,2,6,13239.175,136.01817481557381,8,2.0,6.0,13091.9,637.339,both,147.27499999999964,1.0112493220999244
7,2,7,11099.489,121.28138327365004,8,2.0,7.0,11082.2,375.659,both,17.28899999999885,1.0015600693003193
7,2,8,4982.633000000001,81.6517737782836,8,2.0,8.0,5003.53,207.279,both,-20.896999999999025,0.9958235485747065
7,2,9,2415.016,53.59593887014668,8,2.0,9.0,2401.99,107.294,both,13.026000000000295,1.0054230034263258
7,2,10,607.0041,25.93085435047407,8,2.0,10.0,641.216,69.0395,both,-34.211900000000014,0.9466452802175865
7,3,0,4955.5196000000005,106.56612117281928,8,3.0,0.0,4545.64,455.248,both,409.8796000000002,1.0901698330708107
7,3,1,6834.7053,135.4911981081797,8,3.0,1.0,6539.75,460.193,both,294.9552999999996,1.0451019228563783
7,3,2,7208.489,130.64069335635816,8,3.0,2.0,7319.56,313.916,both,-111.07100000000082,0.9848254539890375
7,3,3,7730.246,112.37967680710778,8,3.0,3.0,7580.94,393.761,both,149.3060000000005,1.0196949190997424
7,3,4,14231.308430000001,146.75739563541356,8,3.0,4.0,13852.5,732.197,both,378.80843000000095,1.0273458530951092
7,3,5,11769.366,130.64948217670056,8,3.0,5.0,11620.0,474.632,both,149.36599999999999,1.01285421686747
7,3,6,8807.9866,111.8635882832193,8,3.0,6.0,8746.2,277.292,both,61.78659999999945,1.0070643936795407
7,3,7,8810.7254,108.3421427006592,8,3.0,7.0,8778.61,339.153,both,32.11539999999877,1.0036583696052106
7,3,8,5266.917,79.2797540431982,8,3.0,8.0,5182.17,183.473,both,84.7470000000003,1.0163535738889307
7,3,9,3545.6639999999998,64.4565452395643,8,3.0,9.0,3555.88,144.484,both,-10.21600000000035,0.9971270121601403
7,3,10,2230.6664,49.63169459784846,8,3.0,10.0,2205.09,129.214,both,25.57639999999992,1.01159880095597
7,4,0,3339.8733,81.86403620762233,8,4.0,0.0,3262.05,230.669,both,77.82330000000002,1.0238571757023958
7,4,1,3824.098,83.74728921595015,8,4.0,1.0,3823.73,319.238,both,0.36799999999993815,1.0000962411048897
7,4,2,4008.819,87.41065955328331,8,4.0,2.0,4006.59,265.064,both,2.2289999999998145,1.0005563334406564
7,4,3,4006.528,78.95835324365623,8,4.0,3.0,3988.77,223.014,both,17.75799999999981,1.0044519989871563
7,4,4,7667.119000000001,109.67756118377177,8,4.0,4.0,7631.35,341.845,both,35.76900000000023,1.004687113027184
7,4,5,6741.302000000001,98.81068553020974,8,4.0,5.0,6745.38,288.495,both,-4.07799999999952,0.9993954380627926
7,4,6,5573.399,86.08228035466998,8,4.0,6.0,5578.35,202.066,both,-4.951000000000022,0.9991124615701775
7,4,7,6119.8936,88.37831597366177,8,4.0,7.0,6053.64,238.591,both,66.2536,1.0109444235203944
7,4,8,3789.5739,66.27684623108134,8,4.0,8.0,3796.64,201.944,both,-7.066100000000006,0.99813885435543
7,4,9,2830.1609000000003,57.401127172086966,8,4.0,9.0,2831.7,164.657,both,-1.5390999999995074,0.9994564749090654
7,4,10,2463.5176,53.39531787670338,8,4.0,10.0,2479.45,151.987,both,-15.932399999999689,0.9935742200891328
7,5,0,2276.0899,59.25910849567432,8,5.0,0.0,2199.8,210.222,both,76.28989999999976,1.0346803800345485
7,5,1,2591.3633999999997,61.34165353440434,8,5.0,1.0,2565.48,193.725,both,25.88339999999971,1.0100891061321857
7,5,2,2479.3212,62.20278641298957,8,5.0,2.0,2530.46,143.283,both,-51.138800000000174,0.979790709989488
7,5,3,2329.648,58.43100754710636,8,5.0,3.0,2318.16,137.157,both,11.488000000000284,1.0049556544845915
7,5,4,4491.4619,76.69530733121812,8,5.0,4.0,4353.1,312.004,both,138.36189999999988,1.031784682180515
7,5,5,4010.036,74.85082344289874,8,5.0,5.0,4095.8,306.88,both,-85.76400000000012,0.9790605010010254
7,5,6,3351.8109999999997,65.9660854106866,8,5.0,6.0,3420.04,205.405,both,-68.22900000000027,0.9800502333306043
7,5,7,3953.171,70.3158278915921,8,5.0,7.0,4002.01,239.584,both,-48.8390000000004,0.9877963823178851
7,5,8,2803.107,56.65145918332554,8,5.0,8.0,2813.52,161.619,both,-10.413000000000011,0.9962989422502773
7,5,9,2262.8613,49.638967448996155,8,5.0,9.0,2209.69,149.078,both,53.171299999999974,1.0240627870877814
7,5,10,1699.3407,43.030026818257966,8,5.0,10.0,1694.73,154.559,both,4.610699999999952,1.0027206103627126
7,6,0,1582.1735,45.09857152328552,8,6.0,0.0,1608.12,169.284,both,-25.946499999999787,0.9838653209959457
7,6,1,1644.0535,44.75650410849355,8,6.0,1.0,1659.32,149.438,both,-15.26649999999995,0.9907995443916785
7,6,2,1417.3043,43.53112132015439,8,6.0,2.0,1535.05,113.772,both,-117.74569999999994,0.9232952021106805
7,6,3,1464.0621,40.91598758333959,8,6.0,3.0,1455.25,123.236,both,8.8121000000001,1.006055385672565
7,6,4,2589.075,57.3901506137595,8,6.0,4.0,2665.55,200.474,both,-76.47500000000036,0.9713098610042954
7,6,5,2288.869,53.03713290846329,8,6.0,5.0,2332.23,149.956,both,-43.360999999999876,0.9814079228892519
7,6,6,1937.8841,49.292949736883266,8,6.0,6.0,1907.35,183.733,both,30.53410000000008,1.0160086507457993
7,6,7,2159.01,50.29109720447546,8,6.0,7.0,2147.64,169.88,both,11.370000000000346,1.00529418338269
7,6,8,1288.6970000000001,38.64016374486526,8,6.0,8.0,1253.04,159.511,both,35.65700000000015,1.0284563940496714
7,6,9,775.6281,28.89722427038625,8,6.0,9.0,749.194,74.4729,both,26.434100000000058,1.0352833845439233
7,6,10,177.3328,14.070904057703611,8,6.0,10.0,226.749,31.4315,both,-49.4162,0.7820665140750345
7,7,0,580.706,26.16083347403328,8,7.0,0.0,576.559,88.4953,both,4.147000000000048,1.0071926723891225
7,7,1,509.8284,23.8142272419241,8,7.0,1.0,522.276,84.5565,both,-12.447599999999966,0.9761666245433449
7,7,2,453.46500000000003,22.541614522921822,8,7.0,2.0,438.144,67.8037,both,15.321000000000026,1.0349679557405784
7,7,3,395.0896,21.263518485763356,8,7.0,3.0,398.566,52.5294,both,-3.4763999999999555,0.9912777306644321
7,7,4,607.0303,26.49266846700234,8,7.0,4.0,609.441,58.0569,both,-2.41070000000002,0.9960444079082307
7,7,5,305.53999999999996,19.23483920476852,8,7.0,5.0,310.388,42.0041,both,-4.848000000000013,0.9843808394654432
7,7,6,117.6149,11.358074291005497,8,7.0,6.0,173.886,58.7981,both,-56.27109999999999,0.6763908537777625
7,7,7,43.814,7.1371477808225325,8,7.0,7.0,78.3609,13.6214,both,-34.5469,0.5591308930857098
7,7,8,0.0,0.0,8,7.0,8.0,0.0,0.0,both,0.0,
7,7,9,0.0,0.0,8,7.0,9.0,0.0,0.0,both,0.0,
7,7,10,0.0,0.0,8,7.0,10.0,0.0,0.0,both,0.0,
8,0,0,10979.68,426.7828915442136,8,0.0,0.0,12025.7,3507.46,both,-1046.0200000000004,0.9130179532168605
8,0,1,10300.97,241.30742663457335,8,0.0,1.0,11554.4,2518.85,both,-1253.4300000000003,0.891519248078654
8,0,2,8427.643,213.1047693031998,8,0.0,2.0,9076.1,1394.64,both,-648.4570000000003,0.9285533433963927
8,0,3,5063.196,121.38077895095253,8,0.0,3.0,5557.66,786.827,both,-494.46399999999994,0.9110301817671466
8,0,4,2831.5370000000003,85.93741849398316,8,0.0,4.0,2932.49,348.677,both,-100.95299999999952,0.9655743071587628
8,0,5,32.13720000000001,6.26635618279076,8,0.0,5.0,82.4452,45.741,both,-50.30799999999999,0.3898007403705735
8,0,6,0.0,0.0,8,0.0,6.0,0.0,0.0,both,0.0,
8,0,7,0.0,0.0,8,0.0,7.0,0.0,0.0,both,0.0,
8,0,8,0.0,0.0,8,0.0,8.0,0.0,0.0,both,0.0,
8,0,9,0.0,0.0,8,0.0,9.0,0.0,0.0,both,0.0,
8,0,10,0.0,0.0,8,0.0,10.0,0.0,0.0,both,0.0,
8,1,0,29891.506,461.4973532711645,8,1.0,0.0,29913.0,4821.24,both,-21.493999999998778,0.9992814495369906
8,1,1,29505.764,448.3908833784759,8,1.0,1.0,28084.5,2959.93,both,1421.2639999999992,1.0506067047659742
8,1,2,27738.168999999998,309.02210013864703,8,1.0,2.0,28957.5,2147.22,both,-1219.331000000002,0.9578923940257273
8,1,3,23008.228,258.18353578303555,8,1.0,3.0,23550.7,1310.63,both,-542.4720000000016,0.9769657802103546
8,1,4,28896.86,256.24184230285266,8,1.0,4.0,28897.8,1424.56,both,-0.9399999999986903,0.9999674715722304
8,1,5,12040.0,140.61748233345668,8,1.0,5.0,12149.4,554.831,both,-109.39999999999964,0.9909954401040381
8,1,6,3917.256,82.51198999303071,8,1.0,6.0,4004.44,204.75,both,-87.1840000000002,0.9782281667349242
8,1,7,1460.9353999999998,42.330653079696276,8,1.0,7.0,1414.91,70.3108,both,46.02539999999976,1.032528853425306
8,1,8,0.0,0.0,8,1.0,8.0,76.6582,22.4411,both,-76.6582,0.0
8,1,9,0.0,0.0,8,1.0,9.0,0.0,0.0,both,0.0,
8,1,10,0.0,0.0,8,1.0,10.0,0.0,0.0,both,0.0,
8,2,0,18231.226,246.35992062169933,8,2.0,0.0,-16605.4,2033.21,both,34836.626000000004,-1.0979094752309488
8,2,1,19066.631,238.3217124529362,8,2.0,1.0,17470.8,1338.15,both,1595.831000000002,1.0913427547679557
8,2,2,17481.279,205.6982288655702,8,2.0,2.0,17307.8,950.849,both,173.47899999999936,1.0100231687447279
8,2,3,17048.985,170.49570171834245,8,2.0,3.0,16820.5,780.691,both,228.48500000000058,1.0135837222436908
8,2,4,27532.501,215.38365975674662,8,2.0,4.0,27322.9,941.926,both,209.60099999999875,1.00767125744339
8,2,5,17560.415,159.63886436995847,8,2.0,5.0,17380.3,537.388,both,180.1150000000016,1.0103631697956883
8,2,6,10093.521,119.72628797244154,8,2.0,6.0,10130.7,395.542,both,-37.17900000000009,0.9963300660368978
8,2,7,7324.305,95.78181640264502,8,2.0,7.0,7208.58,341.163,both,115.72500000000036,1.0160537859051297
8,2,8,2484.231,54.915757266835534,8,2.0,8.0,2458.58,131.183,both,25.651000000000295,1.010433258222226
8,2,9,878.5298,31.26242599158613,8,2.0,9.0,855.85,38.8564,both,22.6798,1.0264997371034643
8,2,10,85.59088,10.055040339745037,8,2.0,10.0,146.633,24.4577,both,-61.04212000000001,0.583708169375243
8,3,0,11040.266,172.1424672758875,8,3.0,0.0,10587.5,652.868,both,452.7659999999996,1.0427642030696576
8,3,1,9915.884199999999,136.27047132001854,8,3.0,1.0,9651.18,563.683,both,264.7041999999983,1.027427133262461
8,3,2,9562.936,131.2534159219961,8,3.0,2.0,9264.66,438.01,both,298.27599999999984,1.0321950292833195
8,3,3,8918.987,118.42927959052187,8,3.0,3.0,8785.31,328.931,both,133.67699999999968,1.015215968474647
8,3,4,15721.0273,160.0015480371265,8,3.0,4.0,15667.5,605.881,both,53.52729999999974,1.0034164544439126
8,3,5,12540.266599999999,135.00915765491317,8,3.0,5.0,12554.3,393.331,both,-14.033400000000256,0.9988821837936006
8,3,6,8855.6206,104.61946535868553,8,3.0,6.0,8707.68,311.804,both,147.9405999999999,1.0169896688899913
8,3,7,7950.5864,97.73323651918214,8,3.0,7.0,7858.25,212.005,both,92.33640000000014,1.011750249737537
8,3,8,3965.2079999999996,68.45279299049821,8,3.0,8.0,3974.68,173.134,both,-9.472000000000207,0.9976169150724082
8,3,9,2197.7688,49.396522303295804,8,3.0,9.0,2174.97,145.009,both,22.79880000000003,1.0104823514807102
8,3,10,889.9095,31.39441254702658,8,3.0,10.0,894.823,57.1742,both,-4.913499999999999,0.9945089699303661
8,4,0,7553.7570000000005,125.13954045904116,8,4.0,0.0,7365.81,622.715,both,187.94700000000012,1.0255161346817254
8,4,1,6202.6434,100.70679341953849,8,4.0,1.0,6132.57,354.528,both,70.07340000000022,1.0114264329636677
8,4,2,5484.075129999999,92.61529958815066,8,4.0,2.0,5435.71,313.984,both,48.365129999999226,1.008897665622338
8,4,3,5174.637000000001,83.93656700008644,8,4.0,3.0,5139.7,200.257,both,34.93700000000081,1.00679747845205
8,4,4,8805.588600000001,123.41154099443051,8,4.0,4.0,8925.67,360.615,both,-120.08139999999912,0.9865465113543298
8,4,5,7504.9220000000005,101.8269195512169,8,4.0,5.0,7533.41,279.014,both,-28.487999999999374,0.9962184455644921
8,4,6,5994.0485,85.11602612864455,8,4.0,6.0,5917.5,226.383,both,76.54849999999988,1.0129359526827206
8,4,7,6188.152,85.94839045543553,8,4.0,7.0,6212.09,270.396,both,-23.938000000000102,0.9961465464924043
8,4,8,3611.794,64.02836803792519,8,4.0,8.0,3629.83,146.574,both,-18.036000000000058,0.9950311722587559
8,4,9,2447.1402,52.26770752360199,8,4.0,9.0,2449.59,96.4608,both,-2.449800000000323,0.9989999142713677
8,4,10,1346.8163,39.232923438293504,8,4.0,10.0,1373.3,93.0064,both,-26.4837,0.980715284351562
8,5,0,5397.595,89.87182396646904,8,5.0,0.0,5258.39,345.854,both,139.20499999999993,1.0264729318289438
8,5,1,4198.387,74.59586785824065,8,5.0,1.0,4119.61,270.202,both,78.77700000000004,1.0191224412019584
8,5,2,3317.1980999999996,67.56637783035583,8,5.0,2.0,3350.81,134.741,both,-33.61190000000033,0.9899690224154756
8,5,3,3045.767,65.28217005241477,8,5.0,3.0,3064.13,179.544,both,-18.363000000000284,0.9940071080535093
8,5,4,5462.314,87.52238445423205,8,5.0,4.0,5624.42,330.286,both,-162.10599999999977,0.9711781837060532
8,5,5,4566.049,77.10059436735881,8,5.0,5.0,4680.37,234.422,both,-114.32099999999991,0.9755743669838068
8,5,6,3819.297,66.67642934770878,8,5.0,6.0,3809.46,232.867,both,9.836999999999989,1.002582255752784
8,5,7,4047.129,70.54086360968371,8,5.0,7.0,4103.5,224.904,both,-56.371000000000095,0.9862627025709759
8,5,8,2514.33,54.38413168241266,8,5.0,8.0,2533.66,167.463,both,-19.329999999999927,0.9923707206176046
8,5,9,1532.932,40.59165507995455,8,5.0,9.0,1539.82,83.4173,both,-6.88799999999992,0.9955267498798561
8,5,10,610.0824,25.803834750738115,8,5.0,10.0,599.62,54.4802,both,10.462400000000002,1.0174483839765185
8,6,0,3942.4159999999997,72.58967177119621,8,6.0,0.0,4042.66,298.385,both,-100.24400000000014,0.9752034551508165
8,6,1,2854.5559,59.431342215464056,8,6.0,1.0,2925.28,204.163,both,-70.72410000000036,0.9758231348793961
8,6,2,2199.7702,52.396819636872046,8,6.0,2.0,2217.57,168.232,both,-17.799800000000232,0.9919732860743966
8,6,3,1905.6875,46.969504505396905,8,6.0,3.0,1877.2,165.323,both,28.487499999999955,1.015175527381206
8,6,4,3042.0458,61.2216755618049,8,6.0,4.0,3042.55,243.478,both,-0.50420000000031,0.9998342837422556
8,6,5,2362.6913,50.98566968684044,8,6.0,5.0,2314.78,173.679,both,47.911299999999756,1.020697992897813
8,6,6,1676.205,42.39174009349109,8,6.0,6.0,1644.07,124.704,both,32.13499999999999,1.0195460047321585
8,6,7,1402.559,38.7944532223358,8,6.0,7.0,1357.57,105.876,both,44.98900000000003,1.03313935929639
8,6,8,473.1098,22.82477420194557,8,6.0,8.0,458.262,71.5935,both,14.847800000000007,1.032400242655948
8,6,9,111.631,11.765147357602453,8,6.0,9.0,158.547,33.9914,both,-46.916,0.7040877468510914
8,6,10,0.0,0.0,8,6.0,10.0,0.0,0.0,both,0.0,
8,7,0,819.0349,30.072081484476595,8,7.0,0.0,781.427,106.0,both,37.60789999999997,1.0481272082996875
8,7,1,474.6196,23.382904412953067,8,7.0,1.0,479.951,69.5141,both,-5.331400000000031,0.9888917827028175
8,7,2,285.0558,17.512472123515284,8,7.0,2.0,293.203,32.0964,both,-8.147199999999998,0.9722131083242668
8,7,3,161.44799999999998,13.482196237635025,8,7.0,3.0,167.73,45.784,both,-6.282000000000011,0.9625469504560901
8,7,4,151.38930000000002,13.76181767915852,8,7.0,4.0,166.642,41.0449,both,-15.252699999999976,0.9084702535975325
8,7,5,50.6456,7.782458532192766,8,7.0,5.0,58.2994,17.813,both,-7.653799999999997,0.8687156300064838
8,7,6,0.0,0.0,8,7.0,6.0,0.0,0.0,both,0.0,
8,7,7,0.0,0.0,8,7.0,7.0,0.0,0.0,both,0.0,
8,7,8,0.0,0.0,8,7.0,8.0,0.0,0.0,both,0.0,
8,7,9,0.0,0.0,8,7.0,9.0,0.0,0.0,both,0.0,
8,7,10,0.0,0.0,8,7.0,10.0,0.0,0.0,both,0.0,
9,0,0,3114.186,154.59582927427246,8,0.0,0.0,3989.81,1313.56,both,-875.6239999999998,0.780534912690078
9,0,1,2729.8602,122.8542865320539,8,0.0,1.0,2988.25,718.127,both,-258.3897999999999,0.9135313979754037
9,0,2,1776.1107,69.97389214721446,8,0.0,2.0,1838.48,276.273,both,-62.36930000000007,0.9660756168138896
9,0,3,752.884,39.81730761000799,8,0.0,3.0,854.373,150.793,both,-101.48900000000003,0.8812123042277787
9,0,4,195.8809,17.90393933213582,8,0.0,4.0,221.162,70.2872,both,-25.28110000000001,0.8856896754415315
9,0,5,0.0,0.0,8,0.0,5.0,0.0,0.0,both,0.0,
9,0,6,0.0,0.0,8,0.0,6.0,0.0,0.0,both,0.0,
9,0,7,0.0,0.0,8,0.0,7.0,0.0,0.0,both,0.0,
9,0,8,0.0,0.0,8,0.0,8.0,0.0,0.0,both,0.0,
9,0,9,0.0,0.0,8,0.0,9.0,0.0,0.0,both,0.0,
9,0,10,0.0,0.0,8,0.0,10.0,0.0,0.0,both,0.0,
9,1,0,31593.02,462.99756358391346,8,1.0,0.0,34282.1,6920.82,both,-2689.079999999998,0.9215602311410328
9,1,1,24638.052,384.4181572297672,8,1.0,1.0,25092.0,3379.81,both,-453.9480000000003,0.9819086561453849
9,1,2,20317.329,230.49495047230428,8,1.0,2.0,21024.4,2141.18,both,-707.0709999999999,0.9663690283670402
9,1,3,14822.390000000001,189.72998638546835,8,1.0,3.0,15137.3,1051.61,both,-314.90999999999804,0.9791964220831986
9,1,4,14799.338,192.56442841519302,8,1.0,4.0,15408.9,1071.38,both,-609.5619999999999,0.9604409140172239
9,1,5,4320.75,83.378838572326,8,1.0,5.0,4436.98,247.949,both,-116.22999999999956,0.9738042542450046
9,1,6,986.6209,35.08720836316278,8,1.0,6.0,962.693,79.0406,both,23.927900000000022,1.0248551718979986
9,1,7,42.538,6.97988,8,1.0,7.0,122.085,41.8287,both,-79.547,0.3484293729778433
9,1,8,0.0,0.0,8,1.0,8.0,0.0,0.0,both,0.0,
9,1,9,0.0,0.0,8,1.0,9.0,0.0,0.0,both,0.0,
9,1,10,0.0,0.0,8,1.0,10.0,0.0,0.0,both,0.0,
9,2,0,30551.809999999998,356.2339013810028,8,2.0,0.0,28995.7,1734.83,both,1556.109999999997,1.0536669230265177
9,2,1,24235.633,281.3162914311754,8,2.0,1.0,23930.8,1088.31,both,304.83300000000236,1.012738103197553
9,2,2,20230.023,201.47296631952884,8,2.0,2.0,19917.4,727.759,both,312.6229999999996,1.0156959743741654
9,2,3,17055.477,184.22184926194285,8,2.0,3.0,17183.2,551.601,both,-127.72300000000178,0.9925669840309138
9,2,4,24245.403000000002,211.3824171988295,8,2.0,4.0,24379.0,937.143,both,-133.59699999999793,0.9945199967184873
9,2,5,12646.141,131.7097093349993,8,2.0,5.0,12537.6,464.008,both,108.54099999999926,1.0086572390250128
9,2,6,5825.327,87.5438178652839,8,2.0,6.0,5804.58,289.743,both,20.7470000000003,1.003574246543247
9,2,7,3292.0730000000003,62.6610401813599,8,2.0,7.0,3197.8,169.657,both,94.27300000000014,1.0294805803990243
9,2,8,758.3901000000001,28.996506438847078,8,2.0,8.0,790.384,43.0843,both,-31.99389999999994,0.9595210682402479
9,2,9,21.7908,5.03004,8,2.0,9.0,144.783,24.5525,both,-122.99219999999998,0.1505066202523777
9,2,10,0.0,0.0,8,2.0,10.0,0.0,0.0,both,0.0,
9,3,0,21707.003,219.31334324538943,8,3.0,0.0,21174.0,1037.52,both,533.0030000000006,1.02517252290545
9,3,1,15236.366,184.1611284265222,8,3.0,1.0,14937.8,766.091,both,298.5660000000007,1.0199872805901806
9,3,2,12903.799,151.0417457624878,8,3.0,2.0,12800.9,592.832,both,102.89900000000125,1.008038419173652
9,3,3,11491.759399999999,132.36660361835987,8,3.0,3.0,11329.6,455.673,both,162.15939999999864,1.0143128971896624
9,3,4,18505.545,160.68533852539255,8,3.0,4.0,18383.7,574.77,both,121.84499999999753,1.0066278823087842
9,3,5,12469.214,129.57763836762112,8,3.0,5.0,12372.6,433.168,both,96.61399999999958,1.0078087063349659
9,3,6,7464.0969000000005,97.01069705743794,8,3.0,6.0,7433.95,239.377,both,30.14690000000064,1.0040553003450388
9,3,7,5620.564,81.10675811108469,8,3.0,7.0,5542.66,155.942,both,77.90400000000045,1.0140553452674348
9,3,8,2142.8559,49.16254841285284,8,3.0,8.0,2155.02,86.5517,both,-12.164099999999962,0.9943554584180193
9,3,9,788.905,29.552202275806792,8,3.0,9.0,785.459,55.8655,both,3.4460000000000264,1.00438724363716
9,3,10,115.02879999999999,11.495477358083047,8,3.0,10.0,154.249,20.4603,both,-39.220200000000006,0.7457344942268669
9,4,0,15171.922,175.0584556178307,8,4.0,0.0,15211.2,690.765,both,-39.27800000000025,0.9974178237088461
9,4,1,9836.119,127.43557235799587,8,4.0,1.0,9691.63,477.954,both,144.4890000000014,1.0149086376595062
9,4,2,7659.7957,112.49940346232951,8,4.0,2.0,7664.43,298.855,both,-4.634300000000621,0.9993953496867999
9,4,3,6951.605799999999,100.45045334254097,8,4.0,3.0,6897.26,309.772,both,54.345799999999144,1.0078793317926247
9,4,4,11639.995799999999,127.18876962805679,8,4.0,4.0,11658.6,377.638,both,-18.604200000001583,0.9984042509392207
9,4,5,8926.1261,103.37866432580661,8,4.0,5.0,8861.16,348.356,both,64.96609999999964,1.007331557042193
9,4,6,6440.4165,88.79547264389385,8,4.0,6.0,6533.7,226.47,both,-93.28349999999955,0.9857227145415309
9,4,7,5584.7999,80.18596523329316,8,4.0,7.0,5569.36,188.841,both,15.439900000000307,1.0027722934053465
9,4,8,2297.939,49.80078505957511,8,4.0,8.0,2332.24,101.614,both,-34.30099999999993,0.9852926799986279
9,4,9,917.9296999999999,31.447973124231712,8,4.0,9.0,919.806,47.8756,both,-1.8763000000001284,0.9979601133282452
9,4,10,149.6467,13.19370386869434,8,4.0,10.0,184.137,33.144,both,-34.49029999999999,0.8126921802788142
9,5,0,11295.635,125.1688087699168,8,5.0,0.0,11228.1,398.55,both,67.53499999999985,1.0060148199606345
9,5,1,7274.219,99.50917693946624,8,5.0,1.0,7265.04,241.974,both,9.179000000000087,1.0012634479644984
9,5,2,5287.7209,81.59466175194429,8,5.0,2.0,5215.97,206.651,both,71.7509,1.0137560031978712
9,5,3,4435.7061,72.31322010061508,8,5.0,3.0,4403.5,191.709,both,32.20610000000033,1.0073137504257976
9,5,4,7236.165999999999,94.80875150791725,8,5.0,4.0,7307.45,346.699,both,-71.28400000000056,0.9902450239139508
9,5,5,5377.9101,79.73305241507438,8,5.0,5.0,5423.57,209.903,both,-45.65989999999965,0.9915812094247886
9,5,6,3573.0815,66.15333096049964,8,5.0,6.0,3613.11,196.214,both,-40.02850000000035,0.988921317092477
9,5,7,2805.638,56.28629455650461,8,5.0,7.0,2810.79,121.851,both,-5.152000000000044,0.998167063352296
9,5,8,962.688,32.0638841776242,8,5.0,8.0,940.583,83.0618,both,22.105000000000018,1.0235013815899288
9,5,9,299.59680000000003,18.242717445915233,8,5.0,9.0,298.993,22.425,both,0.6038000000000352,1.002019445271294
9,5,10,0.0,0.0,8,5.0,10.0,0.0,0.0,both,0.0,
9,6,0,6654.702,87.64653249319109,8,6.0,0.0,6626.57,374.975,both,28.132000000000517,1.0042453335586887
9,6,1,3867.355,66.92122379439874,8,6.0,1.0,3859.7,248.783,both,7.6550000000002,1.0019833147653963
9,6,2,2427.8689,53.70711808878317,8,6.0,2.0,2452.61,147.097,both,-24.741100000000188,0.9899123382845213
9,6,3,1647.4444,42.90206216006056,8,6.0,3.0,1685.94,90.3803,both,-38.49559999999997,0.9771666844608943
9,6,4,2042.9736,47.709005389935555,8,6.0,4.0,2017.73,124.967,both,25.243600000000015,1.012510890951713
9,6,5,1014.0015,33.021755741669764,8,6.0,5.0,994.698,73.4241,both,19.303499999999985,1.019406392694064
9,6,6,389.1064,20.71320616226035,8,6.0,6.0,389.005,47.1514,both,0.10140000000001237,1.0002606650300125
9,6,7,187.5751,14.27655868389858,8,6.0,7.0,232.238,58.3498,both,-44.66290000000001,0.8076847888803727
9,6,8,0.0,0.0,8,6.0,8.0,0.0,0.0,both,0.0,
9,6,9,0.0,0.0,8,6.0,9.0,0.0,0.0,both,0.0,
9,6,10,0.0,0.0,8,6.0,10.0,0.0,0.0,both,0.0,
9,7,0,190.41039999999998,15.026000512920927,8,7.0,0.0,210.538,42.2573,both,-20.12760000000003,0.9043992058440755
9,7,1,15.4726,4.75022,8,7.0,1.0,91.9926,24.0227,both,-76.52,0.1681939634274931
9,7,2,10.2584,3.61479,8,7.0,2.0,0.0,0.0,both,10.2584,
9,7,3,0.0,0.0,8,7.0,3.0,0.0,0.0,both,0.0,
9,7,4,0.0,0.0,8,7.0,4.0,0.0,0.0,both,0.0,
9,7,5,0.0,0.0,8,7.0,5.0,0.0,0.0,both,0.0,
9,7,6,0.0,0.0,8,7.0,6.0,0.0,0.0,both,0.0,
9,7,7,0.0,0.0,8,7.0,7.0,0.0,0.0,both,0.0,
9,7,8,0.0,0.0,8,7.0,8.0,0.0,0.0,both,0.0,
9,7,9,0.0,0.0,8,7.0,9.0,0.0,0.0,both,0.0,
9,7,10,0.0,0.0,8,7.0,10.0,0.0,0.0,both,0.0,
10,0,0,0.0,0.0,8,0.0,0.0,295.46,908.61,both,-295.46,0.0
10,0,1,0.0,0.0,8,0.0,1.0,46.2567,35.5437,both,-46.2567,0.0
10,0,2,11.4315,3.98639,8,0.0,2.0,30.7243,25.5554,both,-19.2928,0.3720670609257168
10,0,3,0.0,0.0,8,0.0,3.0,0.0,0.0,both,0.0,
10,0,4,0.0,0.0,8,0.0,4.0,0.0,0.0,both,0.0,
10,0,5,0.0,0.0,8,0.0,5.0,0.0,0.0,both,0.0,
10,0,6,0.0,0.0,8,0.0,6.0,0.0,0.0,both,0.0,
10,0,7,0.0,0.0,8,0.0,7.0,0.0,0.0,both,0.0,
10,0,8,0.0,0.0,8,0.0,8.0,0.0,0.0,both,0.0,
10,0,9,0.0,0.0,8,0.0,9.0,0.0,0.0,both,0.0,
10,0,10,0.0,0.0,8,0.0,10.0,0.0,0.0,both,0.0,
10,1,0,11804.974,267.6627666105803,8,1.0,0.0,13433.0,2953.0,both,-1628.0259999999998,0.8788039901734535
10,1,1,6334.631,145.76043022168258,8,1.0,1.0,6746.26,1013.33,both,-411.6289999999999,0.9389841186079398
10,1,2,4557.453,101.29246825287653,8,1.0,2.0,4702.91,585.899,both,-145.45699999999943,0.9690708518768169
10,1,3,3569.5232,78.42329688795351,8,1.0,3.0,3678.54,327.233,both,-109.01679999999988,0.9703641118487226
10,1,4,2779.2870000000003,65.97275714997821,8,1.0,4.0,2820.87,212.16,both,-41.58299999999963,0.9852588031352031
10,1,5,458.3636,24.034481960092254,8,1.0,5.0,504.812,74.3947,both,-46.44839999999999,0.9079887165915232
10,1,6,0.0,0.0,8,1.0,6.0,0.0,0.0,both,0.0,
10,1,7,0.0,0.0,8,1.0,7.0,0.0,0.0,both,0.0,
10,1,8,0.0,0.0,8,1.0,8.0,0.0,0.0,both,0.0,
10,1,9,0.0,0.0,8,1.0,9.0,0.0,0.0,both,0.0,
10,1,10,0.0,0.0,8,1.0,10.0,0.0,0.0,both,0.0,
10,2,0,18440.28,280.32510014105054,8,2.0,0.0,19397.4,1924.38,both,-957.1200000000026,0.9506573045872125
10,2,1,12625.342,200.72885485335684,8,2.0,1.0,12759.8,769.432,both,-134.45799999999872,0.9894623740184016
10,2,2,8359.022,124.33337824450038,8,2.0,2.0,8334.07,493.599,both,24.952000000001135,1.0029939753325807
10,2,3,6607.204,103.20003763187299,8,2.0,3.0,6610.5,273.031,both,-3.2960000000002765,0.9995013992890098
10,2,4,8754.642,123.76237342059986,8,2.0,4.0,8850.25,400.095,both,-95.60800000000017,0.9891971413236914
10,2,5,3930.4442,70.23562799073488,8,2.0,5.0,3932.77,209.101,both,-2.325800000000072,0.9994086102162089
10,2,6,1393.398,41.828287926354335,8,2.0,6.0,1372.31,79.4658,both,21.087999999999965,1.0153667903024826
10,2,7,460.8913,23.087601367961547,8,2.0,7.0,464.119,47.2818,both,-3.227700000000027,0.9930455335808273
10,2,8,0.0,0.0,8,2.0,8.0,0.0,0.0,both,0.0,
10,2,9,0.0,0.0,8,2.0,9.0,0.0,0.0,both,0.0,
10,2,10,0.0,0.0,8,2.0,10.0,0.0,0.0,both,0.0,
10,3,0,16686.02,185.935441208797,8,3.0,0.0,16587.5,704.712,both,98.52000000000044,1.0059394122079879
10,3,1,10243.32,132.9832122549309,8,3.0,1.0,10095.4,436.994,both,147.92000000000007,1.0146522178417894
10,3,2,7716.572,113.27069298273936,8,3.0,2.0,7500.6,289.881,both,215.97199999999975,1.0287939631496146
10,3,3,5749.457,90.06574524035206,8,3.0,3.0,5725.56,248.69,both,23.896999999999935,1.0041737402105646
10,3,4,8194.48,103.67473963044228,8,3.0,4.0,8167.63,240.516,both,26.849999999999454,1.0032873673268745
10,3,5,4833.0740000000005,76.2471250137997,8,3.0,5.0,4814.64,130.204,both,18.434000000000196,1.003828739012678
10,3,6,2463.4487,54.930848046183485,8,3.0,6.0,2476.65,136.042,both,-13.201300000000174,0.9946696949508408
10,3,7,1196.8020999999999,36.68771117612,8,3.0,7.0,1241.99,84.9939,both,-45.18790000000013,0.9636165347547081
10,3,8,145.5807,12.641995105935614,8,3.0,8.0,182.676,46.482,both,-37.09529999999998,0.7969339157853249
10,3,9,0.0,0.0,8,3.0,9.0,0.0,0.0,both,0.0,
10,3,10,0.0,0.0,8,3.0,10.0,0.0,0.0,both,0.0,
10,4,0,13174.768,141.5611820563462,8,4.0,0.0,13064.7,458.379,both,110.0679999999993,1.0084248394528768
10,4,1,7578.832,102.6625263610827,8,4.0,1.0,7575.22,290.58,both,3.61200000000008,1.0004768178349936
10,4,2,5553.594,86.10550789008796,8,4.0,2.0,5423.01,218.34,both,130.58399999999983,1.024079616301648
10,4,3,4030.8706,71.41844132456266,8,4.0,3.0,3956.27,284.317,both,74.60060000000021,1.0188562964610606
10,4,4,6179.42,85.84507073367696,8,4.0,4.0,6087.74,279.28,both,91.68000000000029,1.0150597758774194
10,4,5,3822.348,65.76370401992425,8,4.0,5.0,3803.67,152.66,both,18.677999999999884,1.0049105206287612
10,4,6,1951.5773,46.228934350024765,8,4.0,6.0,1949.27,83.9285,both,2.307299999999941,1.0011836738881734
10,4,7,867.5147999999999,30.89936229099235,8,4.0,7.0,890.383,34.5278,both,-22.868200000000115,0.9743164458440917
10,4,8,83.75551,10.2686876323949,8,4.0,8.0,95.051,17.1517,both,-11.295490000000001,0.8811639014844662
10,4,9,0.0,0.0,8,4.0,9.0,0.0,0.0,both,0.0,
10,4,10,0.0,0.0,8,4.0,10.0,0.0,0.0,both,0.0,
10,5,0,8885.118,109.59608067704794,8,5.0,0.0,8960.48,309.132,both,-75.36199999999917,0.9915895130618003
10,5,1,5256.488,83.59914297012858,8,5.0,1.0,5244.16,223.577,both,12.32800000000043,1.0023508054674153
10,5,2,3290.7801,63.84540680255471,8,5.0,2.0,3307.75,136.251,both,-16.969900000000052,0.9948696545990476
10,5,3,2233.5965,51.50564004710649,8,5.0,3.0,2270.74,97.4358,both,-37.143499999999676,0.9836425570518863
10,5,4,2577.1391,53.819633744454265,8,5.0,4.0,2586.11,131.746,both,-8.970900000000256,0.9965311220327054
10,5,5,1205.3806,36.508761448470146,8,5.0,5.0,1225.77,45.279,both,-20.389400000000023,0.983366047464043
10,5,6,391.2437,20.745090548483994,8,5.0,6.0,415.618,34.1353,both,-24.374300000000005,0.9413540799484141
10,5,7,67.14410000000001,9.199762137609863,8,5.0,7.0,109.418,18.2566,both,-42.2739,0.613647663090168
10,5,8,0.0,0.0,8,5.0,8.0,0.0,0.0,both,0.0,
10,5,9,0.0,0.0,8,5.0,9.0,0.0,0.0,both,0.0,
10,5,10,0.0,0.0,8,5.0,10.0,0.0,0.0,both,0.0,
10,6,0,1866.6009999999999,45.41766612938186,8,6.0,0.0,1846.72,132.942,both,19.880999999999858,1.0107655735574423
10,6,1,829.9132999999999,30.280260970496936,8,6.0,1.0,819.687,59.3593,both,10.226299999999924,1.012475859687905
10,6,2,336.4226,19.464746089014366,8,6.0,2.0,348.555,39.6498,both,-12.132400000000018,0.9651922938990977
10,6,3,141.13002,13.164724054267145,8,6.0,3.0,159.663,37.6925,both,-18.53298000000001,0.883924390748013
10,6,4,58.4319,8.347439462793366,8,6.0,4.0,81.4261,17.9849,both,-22.994200000000006,0.7176065168293704
10,6,5,0.0,0.0,8,6.0,5.0,0.0,0.0,both,0.0,
10,6,6,0.0,0.0,8,6.0,6.0,0.0,0.0,both,0.0,
10,6,7,0.0,0.0,8,6.0,7.0,0.0,0.0,both,0.0,
10,6,8,0.0,0.0,8,6.0,8.0,0.0,0.0,both,0.0,
10,6,9,0.0,0.0,8,6.0,9.0,0.0,0.0,both,0.0,
10,6,10,0.0,0.0,8,6.0,10.0,0.0,0.0,both,0.0,
10,7,0,0.0,0.0,8,7.0,0.0,0.0,0.0,both,0.0,
10,7,1,0.0,0.0,8,7.0,1.0,0.0,0.0,both,0.0,
10,7,2,0.0,0.0,8,7.0,2.0,0.0,0.0,both,0.0,
10,7,3,0.0,0.0,8,7.0,3.0,0.0,0.0,both,0.0,
10,7,4,0.0,0.0,8,7.0,4.0,0.0,0.0,both,0.0,
10,7,5,0.0,0.0,8,7.0,5.0,0.0,0.0,both,0.0,
10,7,6,0.0,0.0,8,7.0,6.0,0.0,0.0,both,0.0,
10,7,7,0.0,0.0,8,7.0,7.0,0.0,0.0,both,0.0,
10,7,8,0.0,0.0,8,7.0,8.0,0.0,0.0,both,0.0,
10,7,9,0.0,0.0,8,7.0,9.0,0.0,0.0,both,0.0,
10,7,10,0.0,0.0,8,7.0,10.0,0.0,0.0,both,0.0,
11,0,0,0.0,0.0,8,0.0,0.0,0.0,0.0,both,0.0,
11,0,1,0.0,0.0,8,0.0,1.0,0.0,0.0,both,0.0,
11,0,2,0.0,0.0,8,0.0,2.0,0.0,0.0,both,0.0,
11,0,3,0.0,0.0,8,0.0,3.0,0.0,0.0,both,0.0,
11,0,4,0.0,0.0,8,0.0,4.0,0.0,0.0,both,0.0,
11,0,5,0.0,0.0,8,0.0,5.0,0.0,0.0,both,0.0,
11,0,6,0.0,0.0,8,0.0,6.0,0.0,0.0,both,0.0,
11,0,7,0.0,0.0,8,0.0,7.0,0.0,0.0,both,0.0,
11,0,8,0.0,0.0,8,0.0,8.0,0.0,0.0,both,0.0,
11,0,9,0.0,0.0,8,0.0,9.0,0.0,0.0,both,0.0,
11,0,10,0.0,0.0,8,0.0,10.0,0.0,0.0,both,0.0,
11,1,0,4410.092000000001,178.9615766666968,8,1.0,0.0,5339.69,1333.36,both,-929.597999999999,0.8259078710561851
11,1,1,1967.6254000000001,94.2150927952629,8,1.0,1.0,1985.11,307.216,both,-17.484599999999773,0.9911921253734051
11,1,2,1375.1404,52.75946817207315,8,1.0,2.0,1364.47,172.472,both,10.670399999999972,1.0078201792637433
11,1,3,993.4157,40.47993882233519,8,1.0,3.0,1028.12,115.283,both,-34.704299999999876,0.9662448935921878
11,1,4,719.6467,31.62313652407047,8,1.0,4.0,776.75,90.7152,both,-57.10329999999999,0.9264843257161249
11,1,5,0.0,0.0,8,1.0,5.0,0.0,0.0,both,0.0,
11,1,6,0.0,0.0,8,1.0,6.0,0.0,0.0,both,0.0,
11,1,7,0.0,0.0,8,1.0,7.0,0.0,0.0,both,0.0,
11,1,8,0.0,0.0,8,1.0,8.0,0.0,0.0,both,0.0,
11,1,9,0.0,0.0,8,1.0,9.0,0.0,0.0,both,0.0,
11,1,10,0.0,0.0,8,1.0,10.0,0.0,0.0,both,0.0,
11,2,0,17783.77,301.2254477197934,8,2.0,0.0,19472.5,2965.67,both,-1688.7299999999996,0.9132761586853255
11,2,1,8937.243,160.16446699040333,8,2.0,1.0,9101.08,715.335,both,-163.83699999999953,0.9819980705586591
11,2,2,5194.035,100.12889752873542,8,2.0,2.0,5340.46,429.137,both,-146.42500000000018,0.9725819498694869
11,2,3,4354.1931,82.25598039334282,8,2.0,3.0,4378.04,305.442,both,-23.84689999999955,0.9945530648418015
11,2,4,5281.606,85.55352834863095,8,2.0,4.0,5372.19,283.974,both,-90.58399999999983,0.9831383476757152
11,2,5,1491.9897,43.69125211827763,8,2.0,5.0,1507.28,118.807,both,-15.290299999999888,0.9898557003343772
11,2,6,240.1925,16.414279796494274,8,2.0,6.0,289.237,49.852,both,-49.04450000000003,0.8304349028651243
11,2,7,0.0,0.0,8,2.0,7.0,48.7431,29.3332,both,-48.7431,0.0
11,2,8,0.0,0.0,8,2.0,8.0,0.0,0.0,both,0.0,
11,2,9,0.0,0.0,8,2.0,9.0,0.0,0.0,both,0.0,
11,2,10,0.0,0.0,8,2.0,10.0,0.0,0.0,both,0.0,
11,3,0,20612.86,247.609781538331,8,3.0,0.0,21816.1,1094.43,both,-1203.239999999998,0.9448462374118198
11,3,1,9703.763,140.19226049746825,8,3.0,1.0,9619.52,387.241,both,84.2430000000004,1.0087575055720037
11,3,2,5880.162,94.7748073290049,8,3.0,2.0,5795.97,289.715,both,84.19200000000001,1.0145259551032872
11,3,3,3794.3140000000003,72.213921290981,8,3.0,3.0,3840.98,196.489,both,-46.66599999999971,0.9878504964878756
11,3,4,4625.5657,77.76747944385237,8,3.0,4.0,4622.11,160.559,both,3.4557000000004336,1.0007476455558177
11,3,5,1853.3679,47.24211804216657,8,3.0,5.0,1913.29,128.188,both,-59.9221,0.9686811199556784
11,3,6,429.7809,22.133339192824025,8,3.0,6.0,463.282,46.0073,both,-33.50110000000001,0.9276874560203072
11,3,7,23.5494,6.65112,8,3.0,7.0,61.7842,19.9755,both,-38.2348,0.3811557000009711
11,3,8,0.0,0.0,8,3.0,8.0,0.0,0.0,both,0.0,
11,3,9,0.0,0.0,8,3.0,9.0,0.0,0.0,both,0.0,
11,3,10,0.0,0.0,8,3.0,10.0,0.0,0.0,both,0.0,
11,4,0,17056.77,160.6527598834206,8,4.0,0.0,17193.1,593.817,both,-136.3299999999981,0.9920706562516359
11,4,1,7781.288,102.48349956300282,8,4.0,1.0,7685.31,394.848,both,95.97799999999916,1.0124885007891677
11,4,2,3958.9790000000003,74.82443042763506,8,4.0,2.0,3877.24,183.364,both,81.73900000000049,1.0210817488729098
11,4,3,2065.8406,50.56532172497273,8,4.0,3.0,2049.5,132.185,both,16.340599999999995,1.0079729690168333
11,4,4,2079.324,49.2357262379423,8,4.0,4.0,2061.99,151.965,both,17.334000000000287,1.008406442320283
11,4,5,583.3929,25.709143935553357,8,4.0,5.0,664.013,45.6217,both,-80.62009999999998,0.8785865638172747
11,4,6,112.4991,11.944976245757042,8,4.0,6.0,141.231,42.5287,both,-28.731899999999996,0.7965609533317756
11,4,7,0.0,0.0,8,4.0,7.0,0.0,0.0,both,0.0,
11,4,8,0.0,0.0,8,4.0,8.0,0.0,0.0,both,0.0,
11,4,9,0.0,0.0,8,4.0,9.0,0.0,0.0,both,0.0,
11,4,10,0.0,0.0,8,4.0,10.0,0.0,0.0,both,0.0,
11,5,0,5006.8099999999995,80.20279987606418,8,5.0,0.0,4998.84,214.803,both,7.969999999999345,1.0015943698938152
11,5,1,2209.9101,51.3274644356216,8,5.0,1.0,2150.33,131.099,both,59.58010000000013,1.0277074216515605
11,5,2,992.2717,34.071595730270694,8,5.0,2.0,989.18,80.6492,both,3.09170000000006,1.003125518105906
11,5,3,345.706,19.671834051407103,8,5.0,3.0,356.025,36.8759,both,-10.31899999999996,0.9710160803314375
11,5,4,239.7389,16.528658189792658,8,5.0,4.0,247.263,38.7847,both,-7.524100000000004,0.9695704573672567
11,5,5,0.0,0.0,8,5.0,5.0,0.0,0.0,both,0.0,
11,5,6,0.0,0.0,8,5.0,6.0,0.0,0.0,both,0.0,
11,5,7,0.0,0.0,8,5.0,7.0,0.0,0.0,both,0.0,
11,5,8,0.0,0.0,8,5.0,8.0,0.0,0.0,both,0.0,
11,5,9,0.0,0.0,8,5.0,9.0,0.0,0.0,both,0.0,
11,5,10,0.0,0.0,8,5.0,10.0,0.0,0.0,both,0.0,
11,6,0,34.8186,6.3773332063253525,8,6.0,0.0,97.9748,28.6142,both,-63.1562,0.3553832209915203
11,6,1,0.0,0.0,8,6.0,1.0,0.0,0.0,both,0.0,
11,6,2,0.0,0.0,8,6.0,2.0,0.0,0.0,both,0.0,
11,6,3,0.0,0.0,8,6.0,3.0,0.0,0.0,both,0.0,
11,6,4,0.0,0.0,8,6.0,4.0,0.0,0.0,both,0.0,
11,6,5,0.0,0.0,8,6.0,5.0,0.0,0.0,both,0.0,
11,6,6,0.0,0.0,8,6.0,6.0,0.0,0.0,both,0.0,
11,6,7,0.0,0.0,8,6.0,7.0,0.0,0.0,both,0.0,
11,6,8,0.0,0.0,8,6.0,8.0,0.0,0.0,both,0.0,
11,6,9,0.0,0.0,8,6.0,9.0,0.0,0.0,both,0.0,
11,6,10,0.0,0.0,8,6.0,10.0,0.0,0.0,both,0.0,
11,7,0,0.0,0.0,8,7.0,0.0,0.0,0.0,both,0.0,
11,7,1,0.0,0.0,8,7.0,1.0,0.0,0.0,both,0.0,
11,7,2,0.0,0.0,8,7.0,2.0,0.0,0.0,both,0.0,
11,7,3,0.0,0.0,8,7.0,3.0,0.0,0.0,both,0.0,
11,7,4,0.0,0.0,8,7.0,4.0,0.0,0.0,both,0.0,
11,7,5,0.0,0.0,8,7.0,5.0,0.0,0.0,both,0.0,
11,7,6,0.0,0.0,8,7.0,6.0,0.0,0.0,both,0.0,
11,7,7,0.0,0.0,8,7.0,7.0,0.0,0.0,both,0.0,
11,7,8,0.0,0.0,8,7.0,8.0,0.0,0.0,both,0.0,
11,7,9,0.0,0.0,8,7.0,9.0,0.0,0.0,both,0.0,
11,7,10,0.0,0.0,8,7.0,10.0,0.0,0.0,both,0.0,
12,0,0,16576.93,492.69732447314954,8,0.0,0.0,18166.8,6013.11,both,-1589.869999999999,0.9124848624964221
12,0,1,18903.511000000002,453.9202303429756,8,0.0,1.0,18882.3,4265.2,both,21.21100000000297,1.0011233271370545
12,0,2,15941.941,273.3524990061002,8,0.0,2.0,17269.1,2522.06,both,-1327.1589999999978,0.9231483400987893
12,0,3,9271.202000000001,179.1132388738197,8,0.0,3.0,9999.62,1228.14,both,-728.4179999999997,0.9271554319064125
12,0,4,5945.670999999999,110.90524881780844,8,0.0,4.0,6193.43,667.398,both,-247.75900000000092,0.9599964801410525
12,0,5,85.52590000000001,12.31574405901649,8,0.0,5.0,160.61,38.0759,both,-75.0841,0.5325066932320528
12,0,6,0.0,0.0,8,0.0,6.0,0.0,0.0,both,0.0,
12,0,7,0.0,0.0,8,0.0,7.0,0.0,0.0,both,0.0,
12,0,8,0.0,0.0,8,0.0,8.0,0.0,0.0,both,0.0,
12,0,9,0.0,0.0,8,0.0,9.0,0.0,0.0,both,0.0,
12,0,10,0.0,0.0,8,0.0,10.0,0.0,0.0,both,0.0,
12,1,0,27648.861,505.48076045281886,8,1.0,0.0,-25781.9,4489.81,both,53430.761,-1.072413631268448
12,1,1,29541.679,429.0247997331856,8,1.0,1.0,-27932.6,2801.71,both,57474.278999999995,-1.0576057724665804
12,1,2,29712.811,333.5826605236249,8,1.0,2.0,29561.9,1705.31,both,150.91100000000006,1.0051049154486011
12,1,3,25936.507,268.1660731033849,8,1.0,3.0,26139.0,1241.35,both,-202.49299999999857,0.9922532231531429
12,1,4,35302.549999999996,292.09879045001196,8,1.0,4.0,35379.4,1476.57,both,-76.85000000000582,0.9978278320152404
12,1,5,16920.413,172.75063450094763,8,1.0,5.0,17146.9,795.769,both,-226.487000000001,0.9867913733677807
12,1,6,6256.832,99.51286395974141,8,1.0,6.0,6271.72,391.133,both,-14.88799999999992,0.9976261695356298
12,1,7,2531.671,59.164067360349726,8,1.0,7.0,2490.27,157.539,both,41.40099999999984,1.016625104908303
12,1,8,208.32921,16.068848616718,8,1.0,8.0,230.938,56.2753,both,-22.60879,0.9021001740726948
12,1,9,0.0,0.0,8,1.0,9.0,0.0,0.0,both,0.0,
12,1,10,0.0,0.0,8,1.0,10.0,0.0,0.0,both,0.0,
12,2,0,14455.646,276.1375117327416,8,2.0,0.0,-137769.0,6485060.0,both,152224.646,-0.10492669613628611
12,2,1,15958.037999999999,204.96907117001825,8,2.0,1.0,14881.7,1462.51,both,1076.337999999998,1.0723262799276962
12,2,2,16099.4158,189.4188744451297,8,2.0,2.0,15547.9,909.927,both,551.515800000001,1.0354720444561645
12,2,3,15386.7138,173.8182401702422,8,2.0,3.0,15096.3,767.926,both,290.41380000000026,1.019237415790624
12,2,4,26074.51,210.63296993661746,8,2.0,4.0,25633.3,1022.65,both,441.2099999999991,1.0172123760889156
12,2,5,17793.84,183.5337616446086,8,2.0,5.0,17918.8,826.777,both,-124.95999999999913,0.9930263187267006
12,2,6,11189.612000000001,125.7687519604532,8,2.0,6.0,11158.2,398.384,both,31.412000000000262,1.0028151493968562
12,2,7,8902.748,109.4464324916532,8,2.0,7.0,8835.42,317.333,both,67.32799999999952,1.0076202376344305
12,2,8,3721.717,67.46910058574963,8,2.0,8.0,3672.52,156.286,both,49.197000000000116,1.013395978782961
12,2,9,1353.8422,39.70850859500014,8,2.0,9.0,1307.44,78.3593,both,46.40219999999999,1.0354908829468275
12,2,10,214.55360000000002,15.965401154443317,8,2.0,10.0,240.303,43.4188,both,-25.74939999999998,0.8928461151130033
12,3,0,8042.032999999999,138.59374426261093,8,3.0,0.0,7531.11,513.072,both,510.9229999999998,1.0678416594632132
12,3,1,8519.0394,147.6422089308139,8,3.0,1.0,8493.24,383.598,both,25.799399999999878,1.0030376393461153
12,3,2,8337.21551,119.73649471624347,8,3.0,2.0,8224.24,326.265,both,112.97551000000021,1.0137368936217814
12,3,3,8108.688,113.81913613443919,8,3.0,3.0,8052.63,315.034,both,56.05799999999999,1.0069614523453827
12,3,4,13988.07567,156.93975996303294,8,3.0,4.0,13792.6,634.818,both,195.4756699999998,1.014172503371373
12,3,5,11297.1014,124.49324051347044,8,3.0,5.0,11133.6,439.277,both,163.5013999999992,1.0146854027448444
12,3,6,8135.2575,108.4341068873189,8,3.0,6.0,8155.19,306.527,both,-19.93249999999989,0.9975558509366428
12,3,7,7670.0184,99.00942722957446,8,3.0,7.0,7629.45,299.312,both,40.56840000000011,1.005317342665592
12,3,8,4320.7301,71.53855375223978,8,3.0,8.0,4275.58,157.603,both,45.15009999999984,1.0105599941996173
12,3,9,2625.1663,54.46867671676447,8,3.0,9.0,2563.49,125.805,both,61.67630000000008,1.0240595048157004
12,3,10,1417.5281,39.69248820891051,8,3.0,10.0,1403.64,92.321,both,13.888099999999895,1.009894346128637
12,4,0,5632.959,101.6721863075148,8,4.0,0.0,5433.45,287.214,both,199.50900000000001,1.0367186594152886
12,4,1,5108.869000000001,99.06714285079589,8,4.0,1.0,5092.54,371.951,both,16.329000000000633,1.0032064549321165
12,4,2,4823.615,89.84898200102214,8,4.0,2.0,4771.53,301.203,both,52.085000000000036,1.010915785921916
12,4,3,4601.9869,80.31174289275822,8,4.0,3.0,4495.57,294.777,both,106.41690000000017,1.0236715032798955
12,4,4,8203.567,105.94152398648983,8,4.0,4.0,8018.27,380.43,both,185.29699999999866,1.0231093490241658
12,4,5,6826.863,93.2941117385765,8,4.0,5.0,6772.81,187.946,both,54.052999999999884,1.0079808823811682
12,4,6,5553.239,84.33012620285825,8,4.0,6.0,5468.92,242.806,both,84.3189999999995,1.0154178521536243
12,4,7,5559.039,86.16049872691082,8,4.0,7.0,5631.48,148.215,both,-72.4409999999998,0.9871364188454901
12,4,8,3380.7111,63.592542261828946,8,4.0,8.0,3439.09,168.741,both,-58.37890000000016,0.9830248990285221
12,4,9,2465.0297,53.48406493702961,8,4.0,9.0,2471.77,113.932,both,-6.740299999999934,0.9972730877063805
12,4,10,1558.3567,42.173922132580934,8,4.0,10.0,1572.3,84.7693,both,-13.943299999999908,0.9911319086688292
12,5,0,3955.964,79.18050299903379,8,5.0,0.0,3835.13,329.865,both,120.83399999999983,1.0315071457812381
12,5,1,3379.3009,72.78807770419549,8,5.0,1.0,3420.28,170.022,both,-40.97910000000002,0.9880187879354907
12,5,2,3043.2387999999996,66.36310366770077,8,5.0,2.0,3029.77,189.709,both,13.468799999999646,1.0044454859609804
12,5,3,2967.7153,63.0216445476322,8,5.0,3.0,2943.12,136.961,both,24.595299999999952,1.0083568797738454
12,5,4,4918.6215999999995,87.5999708332577,8,5.0,4.0,5009.93,300.598,both,-91.3084000000008,0.981774515811598
12,5,5,4223.5160000000005,76.84252295819027,8,5.0,5.0,4349.23,286.767,both,-125.71399999999903,0.9710951133878872
12,5,6,3563.2180000000003,64.5436582691127,8,5.0,6.0,3555.43,225.943,both,7.788000000000466,1.0021904523503486
12,5,7,3901.141,68.81041911563975,8,5.0,7.0,3916.6,239.94,both,-15.458999999999833,0.9960529540928357
12,5,8,2395.093,52.29605381011076,8,5.0,8.0,2401.48,126.271,both,-6.387000000000171,0.9973403900927761
12,5,9,1717.099,43.236866982240976,8,5.0,9.0,1685.35,111.6,both,31.749000000000024,1.0188382235144036
12,5,10,773.3234,28.898051493097245,8,5.0,10.0,773.922,69.8821,both,-0.5986000000000331,0.9992265370412005
12,6,0,2713.369,62.8579335314167,8,6.0,0.0,2849.69,310.489,both,-136.3209999999999,0.9521628668381473
12,6,1,2257.3202,54.3669710966539,8,6.0,1.0,2323.04,210.286,both,-65.71979999999985,0.9717095702183347
12,6,2,1985.9278,50.64208849277446,8,6.0,2.0,2028.65,177.664,both,-42.72220000000016,0.9789405762452862
12,6,3,1873.8393999999998,46.42239453988667,8,6.0,3.0,1869.65,138.569,both,4.18939999999975,1.0022407402455005
12,6,4,3006.5575,61.319508992867846,8,6.0,4.0,3049.84,223.69,both,-43.282500000000255,0.985808271909346
12,6,5,2213.2523,53.58694363543791,8,6.0,5.0,2306.36,204.605,both,-93.10770000000002,0.9596300230666505
12,6,6,1661.3395,42.93041072918357,8,6.0,6.0,1609.1,158.515,both,52.239500000000135,1.032465042570381
12,6,7,1504.1686,41.07311223623065,8,6.0,7.0,1487.04,122.458,both,17.128600000000006,1.0115185872605983
12,6,8,656.2167000000001,26.633703117127745,8,6.0,8.0,631.642,58.6055,both,24.574700000000007,1.0389060575452551
12,6,9,243.9111,16.52391668208237,8,6.0,9.0,267.382,28.9991,both,-23.4709,0.9122195959339073
12,6,10,0.0,0.0,8,6.0,10.0,0.0,0.0,both,0.0,
12,7,0,671.5113,27.66702733532824,8,7.0,0.0,670.912,98.6513,both,0.5992999999999711,1.0008932617094344
12,7,1,515.7157,24.008758050746817,8,7.0,1.0,491.23,125.326,both,24.48569999999995,1.049845693463347
12,7,2,305.9193,20.616317829120213,8,7.0,2.0,326.897,48.0974,both,-20.97769999999997,0.935827798970318
12,7,3,259.34929999999997,17.179916369231837,8,7.0,3.0,274.073,60.5747,both,-14.723700000000008,0.9462781813604404
12,7,4,267.3404,17.905066780568006,8,7.0,4.0,273.667,40.9922,both,-6.326599999999985,0.9768821231642837
12,7,5,0.0,0.0,8,7.0,5.0,92.3513,26.9871,both,-92.3513,0.0
12,7,6,0.0,0.0,8,7.0,6.0,0.0,0.0,both,0.0,
12,7,7,0.0,0.0,8,7.0,7.0,0.0,0.0,both,0.0,
12,7,8,0.0,0.0,8,7.0,8.0,0.0,0.0,both,0.0,
12,7,9,0.0,0.0,8,7.0,9.0,0.0,0.0,both,0.0,
12,7,10,0.0,0.0,8,7.0,10.0,0.0,0.0,both,0.0,
13,0,0,7035.242,272.9882791691614,8,0.0,0.0,-8434.96,2915.95,both,15470.202,-0.834057541470262
13,0,1,6323.195000000001,235.67369456515505,8,0.0,1.0,6765.07,1644.73,both,-441.8749999999991,0.9346828635919512
13,0,2,4682.63,118.32820316965858,8,0.0,2.0,5048.26,755.962,both,-365.6300000000001,0.9275730647787555
13,0,3,2408.647,84.87338159122682,8,0.0,3.0,2685.49,389.422,both,-276.84299999999985,0.8969115505922569
13,0,4,828.4979000000001,40.65785047257909,8,0.0,4.0,903.152,136.391,both,-74.65409999999997,0.9173404919659149
13,0,5,0.0,0.0,8,0.0,5.0,0.0,0.0,both,0.0,
13,0,6,0.0,0.0,8,0.0,6.0,0.0,0.0,both,0.0,
13,0,7,0.0,0.0,8,0.0,7.0,0.0,0.0,both,0.0,
13,0,8,0.0,0.0,8,0.0,8.0,0.0,0.0,both,0.0,
13,0,9,0.0,0.0,8,0.0,9.0,0.0,0.0,both,0.0,
13,0,10,0.0,0.0,8,0.0,10.0,0.0,0.0,both,0.0,
13,1,0,22919.73,465.71716266983333,8,1.0,0.0,-22527.1,4356.07,both,45446.83,-1.0174292296833591
13,1,1,19810.459,335.52954700738354,8,1.0,1.0,19902.2,2067.71,both,-91.7410000000018,0.9953904091005014
13,1,2,16980.114,229.35832964808583,8,1.0,2.0,17652.6,1363.7,both,-672.4859999999971,0.9619044220114885
13,1,3,13897.699,171.0836961449571,8,1.0,3.0,13733.1,828.447,both,164.59900000000016,1.0119855677159564
13,1,4,15672.603,173.5320905069434,8,1.0,4.0,16112.0,1066.82,both,-439.39700000000084,0.9727285873882819
13,1,5,5636.101,96.27830724955648,8,1.0,5.0,5778.15,332.233,both,-142.04899999999998,0.9754161799191783
13,1,6,1601.714,46.32093550868765,8,1.0,6.0,1541.32,90.6105,both,60.394000000000005,1.0391832974333688
13,1,7,302.6496,19.107003694331564,8,1.0,7.0,357.289,43.0358,both,-54.639399999999966,0.8470722580320134
13,1,8,0.0,0.0,8,1.0,8.0,0.0,0.0,both,0.0,
13,1,9,0.0,0.0,8,1.0,9.0,0.0,0.0,both,0.0,
13,1,10,0.0,0.0,8,1.0,10.0,0.0,0.0,both,0.0,
13,2,0,16025.74,242.6249767813693,8,2.0,0.0,-14753.2,1695.11,both,30778.940000000002,-1.086255185315728
13,2,1,14349.987,196.34439898639837,8,2.0,1.0,13749.8,1067.96,both,600.1869999999999,1.0436505985541609
13,2,2,12247.747,187.00572892299314,8,2.0,2.0,12079.6,551.753,both,168.14699999999903,1.0139199145667075
13,2,3,10902.5471,142.9451542934212,8,2.0,3.0,10877.2,424.602,both,25.347099999999045,1.0023302963998086
13,2,4,16824.16,172.56404915876888,8,2.0,4.0,16766.2,640.428,both,57.95999999999913,1.0034569550643555
13,2,5,10037.405999999999,118.6938395179379,8,2.0,5.0,9881.24,387.472,both,156.16599999999926,1.015804291769049
13,2,6,5334.955,84.3798101747687,8,2.0,6.0,5258.36,242.017,both,76.59500000000025,1.0145663286652113
13,2,7,3325.518,65.79334997657438,8,2.0,7.0,3291.31,173.377,both,34.208000000000084,1.0103934299716526
13,2,8,1020.2307999999999,33.862249278490054,8,2.0,8.0,1001.37,59.7756,both,18.860799999999927,1.018834996055404
13,2,9,199.318,15.974954346479366,8,2.0,9.0,238.743,43.438,both,-39.42499999999998,0.83486426827174
13,2,10,0.0,0.0,8,2.0,10.0,0.0,0.0,both,0.0,
13,3,0,10729.704,160.8913352607902,8,3.0,0.0,10397.7,578.806,both,332.003999999999,1.031930523096454
13,3,1,8355.979,129.41228985003704,8,3.0,1.0,7994.76,491.653,both,361.21899999999914,1.0451819691898192
13,3,2,7321.0013,112.30088859380454,8,3.0,2.0,7165.67,418.279,both,155.33129999999983,1.0216771495198633
13,3,3,6533.9047,100.07653800557252,8,3.0,3.0,6503.86,252.53,both,30.044700000000375,1.004619518255313
13,3,4,10882.5965,132.20706103900503,8,3.0,4.0,10874.2,369.154,both,8.396499999998923,1.0007721487557704
13,3,5,7823.5583,102.48844754537997,8,3.0,5.0,7756.01,365.818,both,67.54829999999947,1.0087091558675143
13,3,6,5224.0274,80.28484833162233,8,3.0,6.0,5199.21,159.011,both,24.817399999999907,1.0047733020978187
13,3,7,4206.7929,70.61929097068166,8,3.0,7.0,4158.0,166.181,both,48.79290000000037,1.0117347041847042
13,3,8,1884.8394,46.173190492043105,8,3.0,8.0,1848.89,97.7025,both,35.94939999999997,1.0194437743727318
13,3,9,846.838,30.95121718374901,8,3.0,9.0,885.568,62.7816,both,-38.73000000000002,0.9562653573751535
13,3,10,231.2194,16.922250224423465,8,3.0,10.0,237.126,45.1993,both,-5.906599999999997,0.9750908799541173
13,4,0,7418.746,115.60748835711291,8,4.0,0.0,7226.57,529.523,both,192.17600000000039,1.026592975644047
13,4,1,5243.8357,96.30220350142565,8,4.0,1.0,5251.54,298.38,both,-7.70430000000033,0.9985329446219584
13,4,2,4382.8488,78.8576078862249,8,4.0,2.0,4342.49,223.407,both,40.358799999999974,1.00929393044083
13,4,3,3716.9125,76.65703757881595,8,4.0,3.0,3703.54,232.811,both,13.372499999999945,1.0036107345944691
13,4,4,6610.2746,96.08715947848026,8,4.0,4.0,6512.49,298.15,both,97.78459999999995,1.0150149328444267
13,4,5,5079.3374,84.39488705742784,8,4.0,5.0,5119.6,208.17,both,-40.26260000000002,0.9921355965309789
13,4,6,3961.603,68.17038259860362,8,4.0,6.0,3863.34,157.318,both,98.26299999999992,1.0254347274638007
13,4,7,3637.3244999999997,66.81037959864021,8,4.0,7.0,3712.27,154.841,both,-74.94550000000027,0.9798114091916805
13,4,8,1891.335,45.71687833874925,8,4.0,8.0,1893.62,84.3265,both,-2.2849999999998545,0.9987933165048954
13,4,9,962.6826,32.48968842417545,8,4.0,9.0,967.76,55.0324,both,-5.0774000000000115,0.9947534512689097
13,4,10,227.3316,16.05923630562487,8,4.0,10.0,235.859,22.8814,both,-8.5274,0.9638453482801165
13,5,0,5251.993,86.53721205481489,8,5.0,0.0,5171.95,290.52,both,80.04300000000057,1.015476367714305
13,5,1,3851.3782,77.07561041321698,8,5.0,1.0,3873.81,206.92,both,-22.43179999999984,0.994209370103335
13,5,2,2964.9733,65.00243343351771,8,5.0,2.0,2980.65,185.307,both,-15.676699999999983,0.9947405096203848
13,5,3,2613.794,58.37394675084083,8,5.0,3.0,2581.76,231.425,both,32.03399999999965,1.0124078148239959
13,5,4,4165.141,73.5736402229766,8,5.0,4.0,4152.98,204.06,both,12.161000000000058,1.0029282587443233
13,5,5,3214.8474,63.30930067353532,8,5.0,5.0,3269.24,156.769,both,-54.392599999999675,0.9833623105064175
13,5,6,2396.284,52.66761501197866,8,5.0,6.0,2395.45,128.869,both,0.8340000000002874,1.0003481600534347
13,5,7,2098.6530000000002,48.17229217600092,8,5.0,7.0,2093.66,115.63,both,4.993000000000393,1.0023848189295304
13,5,8,850.155,30.213443942225457,8,5.0,8.0,833.232,59.4435,both,16.923000000000002,1.020310069704476
13,5,9,258.8816,16.960793720896437,8,5.0,9.0,295.866,47.9551,both,-36.984399999999994,0.8749961131052572
13,5,10,0.0,0.0,8,5.0,10.0,33.5957,6.41857,both,-33.5957,0.0
13,6,0,3372.04,65.63137019032895,8,6.0,0.0,3460.75,286.786,both,-88.71000000000004,0.9743668279997111
13,6,1,2307.3078,52.21189758195827,8,6.0,1.0,2330.69,202.915,both,-23.38220000000001,0.9899676919710472
13,6,2,1584.6599,42.56960479911107,8,6.0,2.0,1653.05,97.6919,both,-68.39009999999985,0.9586279301896495
13,6,3,1167.3455999999999,36.01740861267784,8,6.0,3.0,1178.74,74.6682,both,-11.394400000000132,0.9903334068581705
13,6,4,1604.3052,42.249974135168415,8,6.0,4.0,1619.69,97.737,both,-15.384800000000041,0.9905013922417253
13,6,5,809.3912,29.828636931479117,8,6.0,5.0,813.902,83.8307,both,-4.5108000000000175,0.9944578094168586
13,6,6,392.6847,20.953237777694408,8,6.0,6.0,393.509,59.3858,both,-0.8242999999999938,0.9979052575671713
13,6,7,217.3256,15.650959149838071,8,6.0,7.0,214.699,32.1942,both,2.6265999999999963,1.0122338716062953
13,6,8,0.0,0.0,8,6.0,8.0,38.8673,20.0692,both,-38.8673,0.0
13,6,9,0.0,0.0,8,6.0,9.0,0.0,0.0,both,0.0,
13,6,10,0.0,0.0,8,6.0,10.0,0.0,0.0,both,0.0,
13,7,0,103.1704,10.967634901700547,8,7.0,0.0,165.991,31.1794,both,-62.82060000000001,0.6215421318023265
13,7,1,0.0,0.0,8,7.0,1.0,87.2454,33.9909,both,-87.2454,0.0
13,7,2,11.9633,4.01179,8,7.0,2.0,0.0,0.0,both,11.9633,
13,7,3,0.0,0.0,8,7.0,3.0,0.0,0.0,both,0.0,
13,7,4,0.0,0.0,8,7.0,4.0,0.0,0.0,both,0.0,
13,7,5,0.0,0.0,8,7.0,5.0,0.0,0.0,both,0.0,
13,7,6,0.0,0.0,8,7.0,6.0,0.0,0.0,both,0.0,
13,7,7,0.0,0.0,8,7.0,7.0,0.0,0.0,both,0.0,
13,7,8,0.0,0.0,8,7.0,8.0,0.0,0.0,both,0.0,
13,7,9,0.0,0.0,8,7.0,9.0,0.0,0.0,both,0.0,
13,7,10,0.0,0.0,8,7.0,10.0,0.0,0.0,both,0.0,
14,0,0,2478.2790999999997,193.20011385819626,8,,,,,left_only,,
14,0,1,1592.11,88.96227627185581,8,,,,,left_only,,
14,0,2,1009.737,47.26522140621051,8,,,,,left_only,,
14,0,3,307.4823,24.7486767091273,8,,,,,left_only,,
14,0,4,0.0,0.0,8,,,,,left_only,,
14,0,5,0.0,0.0,8,,,,,left_only,,
14,0,6,0.0,0.0,8,,,,,left_only,,
14,0,7,0.0,0.0,8,,,,,left_only,,
14,0,8,0.0,0.0,8,,,,,left_only,,
14,0,9,0.0,0.0,8,,,,,left_only,,
14,0,10,0.0,0.0,8,,,,,left_only,,
14,1,0,30881.489999999998,517.5173786173755,8,,,,,left_only,,
14,1,1,19717.692,335.256077044578,8,,,,,left_only,,
14,1,2,13994.993,220.5795293277234,8,,,,,left_only,,
14,1,3,9877.936,138.6867121096322,8,,,,,left_only,,
14,1,4,8846.514,124.12109826528285,8,,,,,left_only,,
14,1,5,1951.6649,52.6011728845061,8,,,,,left_only,,
14,1,6,170.6816,13.939848515453816,8,,,,,left_only,,
14,1,7,0.0,0.0,8,,,,,left_only,,
14,1,8,0.0,0.0,8,,,,,left_only,,
14,1,9,0.0,0.0,8,,,,,left_only,,
14,1,10,0.0,0.0,8,,,,,left_only,,
14,2,0,38142.62,419.5184287382379,8,,,,,left_only,,
14,2,1,24763.51,309.7980369587096,8,,,,,left_only,,
14,2,2,18169.662,221.96552965996767,8,,,,,left_only,,
14,2,3,13862.014,163.23598428088704,8,,,,,left_only,,
14,2,4,18750.914,171.30675089070482,8,,,,,left_only,,
14,2,5,8730.752,106.90514012586111,8,,,,,left_only,,
14,2,6,3322.558,63.66278473558944,8,,,,,left_only,,
14,2,7,1358.1402,38.93446548103107,8,,,,,left_only,,
14,2,8,81.2973,10.308192580937746,8,,,,,left_only,,
14,2,9,0.0,0.0,8,,,,,left_only,,
14,2,10,0.0,0.0,8,,,,,left_only,,
14,3,0,33643.0,265.26528287263676,8,,,,,left_only,,
14,3,1,19981.228,200.03595378633813,8,,,,,left_only,,
14,3,2,14105.464,150.26663358157725,8,,,,,left_only,,
14,3,3,10778.504,124.37129251507359,8,,,,,left_only,,
14,3,4,14923.647,141.0541504427289,8,,,,,left_only,,
14,3,5,8121.431,101.44773511695567,8,,,,,left_only,,
14,3,6,4133.8452,70.197338750526,8,,,,,left_only,,
14,3,7,2342.475,51.39100166147864,8,,,,,left_only,,
14,3,8,562.75771,25.206128210357893,8,,,,,left_only,,
14,3,9,90.9435,10.384258127420562,8,,,,,left_only,,
14,3,10,0.0,0.0,8,,,,,left_only,,
14,4,0,23296.96,194.5764888920293,8,,,,,left_only,,
14,4,1,13744.869,151.15045641426295,8,,,,,left_only,,
14,4,2,8784.338,117.54117304085408,8,,,,,left_only,,
14,4,3,6793.607800000001,94.71728252964186,8,,,,,left_only,,
14,4,4,9083.0445,117.79889567101213,8,,,,,left_only,,
14,4,5,5448.604,80.03628338861381,8,,,,,left_only,,
14,4,6,2998.8449,58.96511311999156,8,,,,,left_only,,
14,4,7,1788.1344,45.0046959322069,8,,,,,left_only,,
14,4,8,487.9287,23.085796901090504,8,,,,,left_only,,
14,4,9,50.8458,7.760627390101911,8,,,,,left_only,,
14,4,10,0.0,0.0,8,,,,,left_only,,
14,5,0,10705.692,127.58652328353492,8,,,,,left_only,,
14,5,1,6618.507,99.01584365332651,8,,,,,left_only,,
14,5,2,4307.436,74.33963880360194,8,,,,,left_only,,
14,5,3,2901.7455,58.54648408622502,8,,,,,left_only,,
14,5,4,3462.4569,66.1390141850096,8,,,,,left_only,,
14,5,5,1818.1784,44.996547617568396,8,,,,,left_only,,
14,5,6,754.4391,29.094445215882704,8,,,,,left_only,,
14,5,7,410.7424,21.17784454491297,8,,,,,left_only,,
14,5,8,13.9047,6.19098,8,,,,,left_only,,
14,5,9,0.0,0.0,8,,,,,left_only,,
14,5,10,0.0,0.0,8,,,,,left_only,,
14,6,0,2032.5629999999999,50.741061560140814,8,,,,,left_only,,
14,6,1,1258.8407,37.5782448886653,8,,,,,left_only,,
14,6,2,625.0811,26.24078790094154,8,,,,,left_only,,
14,6,3,313.14942,19.248281149258496,8,,,,,left_only,,
14,6,4,283.1485,17.884333734176398,8,,,,,left_only,,
14,6,5,48.2245,7.4521186803888195,8,,,,,left_only,,
14,6,6,0.0,0.0,8,,,,,left_only,,
14,6,7,0.0,0.0,8,,,,,left_only,,
14,6,8,0.0,0.0,8,,,,,left_only,,
14,6,9,0.0,0.0,8,,,,,left_only,,
14,6,10,0.0,0.0,8,,,,,left_only,,
14,7,0,0.0,0.0,8,,,,,left_only,,
14,7,1,0.0,0.0,8,,,,,left_only,,
14,7,2,0.0,0.0,8,,,,,left_only,,
14,7,3,0.0,0.0,8,,,,,left_only,,
14,7,4,0.0,0.0,8,,,,,left_only,,
14,7,5,0.0,0.0,8,,,,,left_only,,
14,7,6,0.0,0.0,8,,,,,left_only,,
14,7,7,0.0,0.0,8,,,,,left_only,,
14,7,8,0.0,0.0,8,,,,,left_only,,
14,7,9,0.0,0.0,8,,,,,left_only,,
14,7,10,0.0,0.0,8,,,,,left_only,,
15,0,0,17150.153,737.8359967336914,8,,,,,left_only,,
15,0,1,14634.288999999999,320.7573008604948,8,,,,,left_only,,
15,0,2,9543.305,228.83922741241284,8,,,,,left_only,,
15,0,3,4422.892,106.5205207225819,8,,,,,left_only,,
15,0,4,1377.7921,53.62916898638277,8,,,,,left_only,,
15,0,5,0.0,0.0,8,,,,,left_only,,
15,0,6,0.0,0.0,8,,,,,left_only,,
15,0,7,0.0,0.0,8,,,,,left_only,,
15,0,8,0.0,0.0,8,,,,,left_only,,
15,0,9,0.0,0.0,8,,,,,left_only,,
15,0,10,0.0,0.0,8,,,,,left_only,,
15,1,0,37831.41,518.7081728785464,8,,,,,left_only,,
15,1,1,34895.472,491.21054095493514,8,,,,,left_only,,
15,1,2,29068.473,292.03809615414906,8,,,,,left_only,,
15,1,3,22609.502,242.82540979135607,8,,,,,left_only,,
15,1,4,26017.3,222.94828261323298,8,,,,,left_only,,
15,1,5,8686.657000000001,115.86432465785144,8,,,,,left_only,,
15,1,6,2300.022,57.936191378101476,8,,,,,left_only,,
15,1,7,516.1996,25.143794286781777,8,,,,,left_only,,
15,1,8,0.0,0.0,8,,,,,left_only,,
15,1,9,0.0,0.0,8,,,,,left_only,,
15,1,10,0.0,0.0,8,,,,,left_only,,
15,2,0,29343.85,378.10636205954006,8,,,,,left_only,,
15,2,1,24764.288,258.7053522312014,8,,,,,left_only,,
15,2,2,21295.182,223.4987914302894,8,,,,,left_only,,
15,2,3,17495.971,182.57882886085122,8,,,,,left_only,,
15,2,4,26385.133,208.72508673020116,8,,,,,left_only,,
15,2,5,15062.827,146.8680559527156,8,,,,,left_only,,
15,2,6,8184.237999999999,102.77703356776746,8,,,,,left_only,,
15,2,7,4852.204,78.64586567321895,8,,,,,left_only,,
15,2,8,1371.839,39.958604583349754,8,,,,,left_only,,
15,2,9,242.0342,16.842178717615486,8,,,,,left_only,,
15,2,10,0.0,0.0,8,,,,,left_only,,
15,3,0,21095.58,226.44276492010073,8,,,,,left_only,,
15,3,1,15883.033,186.9652706739677,8,,,,,left_only,,
15,3,2,12779.441,170.03402472352408,8,,,,,left_only,,
15,3,3,10780.579,139.39816174049787,8,,,,,left_only,,
15,3,4,16554.916,166.33744207598,8,,,,,left_only,,
15,3,5,10702.3809,124.07456731534468,8,,,,,left_only,,
15,3,6,6523.6819,95.62233196993316,8,,,,,left_only,,
15,3,7,5227.6663,79.89568821964424,8,,,,,left_only,,
15,3,8,2168.8036,50.34937887072391,8,,,,,left_only,,
15,3,9,935.3754,32.06113688624282,8,,,,,left_only,,
15,3,10,283.39750000000004,17.88770043120971,8,,,,,left_only,,
15,4,0,13169.39,165.64738892889318,8,,,,,left_only,,
15,4,1,9729.386999999999,135.67628822627776,8,,,,,left_only,,
15,4,2,7386.1363,118.1019585303309,8,,,,,left_only,,
15,4,3,6108.6407,98.47009997564236,8,,,,,left_only,,
15,4,4,8977.6453,125.67750587414162,8,,,,,left_only,,
15,4,5,6168.0264,95.0442604317194,8,,,,,left_only,,
15,4,6,4243.901,76.32906632135624,8,,,,,left_only,,
15,4,7,3509.9880000000003,65.09379062015054,8,,,,,left_only,,
15,4,8,1693.789,43.38390624759371,8,,,,,left_only,,
15,4,9,782.4215,29.271953634535567,8,,,,,left_only,,
15,4,10,222.865,15.93098176445507,8,,,,,left_only,,
15,5,0,7082.504,105.58829592317512,8,,,,,left_only,,
15,5,1,5276.619,91.05358520849138,8,,,,,left_only,,
15,5,2,3856.9862,73.40733722769136,8,,,,,left_only,,
15,5,3,3225.2192,66.0123683196119,8,,,,,left_only,,
15,5,4,4644.4574999999995,77.22518995133194,8,,,,,left_only,,
15,5,5,3070.56,62.66445419494213,8,,,,,left_only,,
15,5,6,1990.443,51.48786711129137,8,,,,,left_only,,
15,5,7,1690.127,43.559169314163924,8,,,,,left_only,,
15,5,8,741.7286,28.69562741172425,8,,,,,left_only,,
15,5,9,234.3103,16.14525442878495,8,,,,,left_only,,
15,5,10,13.9047,6.19098,8,,,,,left_only,,
15,6,0,2716.19,59.509966740538516,8,,,,,left_only,,
15,6,1,1779.972,46.80129106754321,8,,,,,left_only,,
15,6,2,1135.7391,38.68379918895764,8,,,,,left_only,,
15,6,3,939.5717,33.37056899624278,8,,,,,left_only,,
15,6,4,1295.8817000000001,39.22668406012035,8,,,,,left_only,,
15,6,5,708.9988999999999,28.04589853771849,8,,,,,left_only,,
15,6,6,357.5387,20.233119703444153,8,,,,,left_only,,
15,6,7,135.85490000000001,12.376115981635756,8,,,,,left_only,,
15,6,8,0.0,0.0,8,,,,,left_only,,
15,6,9,0.0,0.0,8,,,,,left_only,,
15,6,10,0.0,0.0,8,,,,,left_only,,
15,7,0,0.0,0.0,8,,,,,left_only,,
15,7,1,30.042319999999997,6.337943143173502,8,,,,,left_only,,
15,7,2,0.0,0.0,8,,,,,left_only,,
15,7,3,0.0,0.0,8,,,,,left_only,,
15,7,4,0.0,0.0,8,,,,,left_only,,
15,7,5,0.0,0.0,8,,,,,left_only,,
15,7,6,0.0,0.0,8,,,,,left_only,,
15,7,7,0.0,0.0,8,,,,,left_only,,
15,7,8,0.0,0.0,8,,,,,left_only,,
15,7,9,0.0,0.0,8,,,,,left_only,,
15,7,10,0.0,0.0,8,,,,,left_only,,
16,0,0,0.0,0.0,8,,,,,left_only,,
16,0,1,0.0,0.0,8,,,,,left_only,,
16,0,2,0.0,0.0,8,,,,,left_only,,
16,0,3,0.0,0.0,8,,,,,left_only,,
16,0,4,0.0,0.0,8,,,,,left_only,,
16,0,5,0.0,0.0,8,,,,,left_only,,
16,0,6,0.0,0.0,8,,,,,left_only,,
16,0,7,0.0,0.0,8,,,,,left_only,,
16,0,8,0.0,0.0,8,,,,,left_only,,
16,0,9,0.0,0.0,8,,,,,left_only,,
16,0,10,0.0,0.0,8,,,,,left_only,,
16,1,0,0.0,0.0,8,,,,,left_only,,
16,1,1,0.0,0.0,8,,,,,left_only,,
16,1,2,0.0,0.0,8,,,,,left_only,,
16,1,3,0.0,0.0,8,,,,,left_only,,
16,1,4,0.0,0.0,8,,,,,left_only,,
16,1,5,0.0,0.0,8,,,,,left_only,,
16,1,6,0.0,0.0,8,,,,,left_only,,
16,1,7,0.0,0.0,8,,,,,left_only,,
16,1,8,0.0,0.0,8,,,,,left_only,,
16,1,9,0.0,0.0,8,,,,,left_only,,
16,1,10,0.0,0.0,8,,,,,left_only,,
16,2,0,0.0,0.0,8,,,,,left_only,,
16,2,1,0.0,0.0,8,,,,,left_only,,
16,2,2,0.0,0.0,8,,,,,left_only,,
16,2,3,0.0,0.0,8,,,,,left_only,,
16,2,4,0.0,0.0,8,,,,,left_only,,
16,2,5,0.0,0.0,8,,,,,left_only,,
16,2,6,0.0,0.0,8,,,,,left_only,,
16,2,7,0.0,0.0,8,,,,,left_only,,
16,2,8,0.0,0.0,8,,,,,left_only,,
16,2,9,0.0,0.0,8,,,,,left_only,,
16,2,10,0.0,0.0,8,,,,,left_only,,
16,3,0,0.0,0.0,8,,,,,left_only,,
16,3,1,0.0,0.0,8,,,,,left_only,,
16,3,2,0.0,0.0,8,,,,,left_only,,
16,3,3,0.0,0.0,8,,,,,left_only,,
16,3,4,0.0,0.0,8,,,,,left_only,,
16,3,5,0.0,0.0,8,,,,,left_only,,
16,3,6,0.0,0.0,8,,,,,left_only,,
16,3,7,0.0,0.0,8,,,,,left_only,,
16,3,8,0.0,0.0,8,,,,,left_only,,
16,3,9,0.0,0.0,8,,,,,left_only,,
16,3,10,0.0,0.0,8,,,,,left_only,,
16,4,0,0.0,0.0,8,,,,,left_only,,
16,4,1,0.0,0.0,8,,,,,left_only,,
16,4,2,0.0,0.0,8,,,,,left_only,,
16,4,3,0.0,0.0,8,,,,,left_only,,
16,4,4,0.0,0.0,8,,,,,left_only,,
16,4,5,0.0,0.0,8,,,,,left_only,,
16,4,6,0.0,0.0,8,,,,,left_only,,
16,4,7,0.0,0.0,8,,,,,left_only,,
16,4,8,0.0,0.0,8,,,,,left_only,,
16,4,9,0.0,0.0,8,,,,,left_only,,
16,4,10,0.0,0.0,8,,,,,left_only,,
16,5,0,0.0,0.0,8,,,,,left_only,,
16,5,1,0.0,0.0,8,,,,,left_only,,
16,5,2,0.0,0.0,8,,,,,left_only,,
16,5,3,0.0,0.0,8,,,,,left_only,,
16,5,4,0.0,0.0,8,,,,,left_only,,
16,5,5,0.0,0.0,8,,,,,left_only,,
16,5,6,0.0,0.0,8,,,,,left_only,,
16,5,7,0.0,0.0,8,,,,,left_only,,
16,5,8,0.0,0.0,8,,,,,left_only,,
16,5,9,0.0,0.0,8,,,,,left_only,,
16,5,10,0.0,0.0,8,,,,,left_only,,
16,6,0,0.0,0.0,8,,,,,left_only,,
16,6,1,0.0,0.0,8,,,,,left_only,,
16,6,2,0.0,0.0,8,,,,,left_only,,
16,6,3,0.0,0.0,8,,,,,left_only,,
16,6,4,0.0,0.0,8,,,,,left_only,,
16,6,5,0.0,0.0,8,,,,,left_only,,
16,6,6,0.0,0.0,8,,,,,left_only,,
16,6,7,0.0,0.0,8,,,,,left_only,,
16,6,8,0.0,0.0,8,,,,,left_only,,
16,6,9,0.0,0.0,8,,,,,left_only,,
16,6,10,0.0,0.0,8,,,,,left_only,,
16,7,0,0.0,0.0,8,,,,,left_only,,
16,7,1,0.0,0.0,8,,,,,left_only,,
16,7,2,0.0,0.0,8,,,,,left_only,,
16,7,3,0.0,0.0,8,,,,,left_only,,
16,7,4,0.0,0.0,8,,,,,left_only,,
16,7,5,0.0,0.0,8,,,,,left_only,,
16,7,6,0.0,0.0,8,,,,,left_only,,
16,7,7,0.0,0.0,8,,,,,left_only,,
16,7,8,0.0,0.0,8,,,,,left_only,,
16,7,9,0.0,0.0,8,,,,,left_only,,
16,7,10,0.0,0.0,8,,,,,left_only,,
17,0,0,14435.024000000001,410.99355860432894,8,,,,,left_only,,
17,0,1,19602.59,489.26188299093974,8,,,,,left_only,,
17,0,2,17025.083,324.68820218754485,8,,,,,left_only,,
17,0,3,11045.970000000001,188.42410631816728,8,,,,,left_only,,
17,0,4,10030.012,149.25489667193503,8,,,,,left_only,,
17,0,5,1485.613,50.11250979545925,8,,,,,left_only,,
17,0,6,0.0,0.0,8,,,,,left_only,,
17,0,7,0.0,0.0,8,,,,,left_only,,
17,0,8,0.0,0.0,8,,,,,left_only,,
17,0,9,0.0,0.0,8,,,,,left_only,,
17,0,10,0.0,0.0,8,,,,,left_only,,
17,1,0,29910.19,466.55920188224775,8,,,,,left_only,,
17,1,1,37505.779,432.4398207208374,8,,,,,left_only,,
17,1,2,38877.077,391.1083855114845,8,,,,,left_only,,
17,1,3,33723.331,342.43689834359265,8,,,,,left_only,,
17,1,4,46182.812999999995,346.4766247458261,8,,,,,left_only,,
17,1,5,25135.69,204.10232960363288,8,,,,,left_only,,
17,1,6,11296.764000000001,133.8685279451074,8,,,,,left_only,,
17,1,7,5535.508,91.25136716000478,8,,,,,left_only,,
17,1,8,1083.5376,36.450064336980255,8,,,,,left_only,,
17,1,9,49.665800000000004,7.598279205306949,8,,,,,left_only,,
17,1,10,0.0,0.0,8,,,,,left_only,,
17,2,0,15577.949,252.61208759520989,8,,,,,left_only,,
17,2,1,18205.5342,229.19550961323938,8,,,,,left_only,,
17,2,2,19879.596,229.21678574497986,8,,,,,left_only,,
17,2,3,21288.481,197.43402667258246,8,,,,,left_only,,
17,2,4,36146.66,245.5077735680074,8,,,,,left_only,,
17,2,5,25336.678,204.08943420010746,8,,,,,left_only,,
17,2,6,16571.527,154.63281793642642,8,,,,,left_only,,
17,2,7,13494.681,140.53247971881802,8,,,,,left_only,,
17,2,8,6199.542,87.58606959151666,8,,,,,left_only,,
17,2,9,3133.9151,60.29758947470537,8,,,,,left_only,,
17,2,10,1015.3971,33.582575863087094,8,,,,,left_only,,
17,3,0,7367.7451,133.6497161318347,8,,,,,left_only,,
17,3,1,8615.1814,138.92243593475317,8,,,,,left_only,,
17,3,2,9579.618,145.63112197185052,8,,,,,left_only,,
17,3,3,10177.9985,139.64836135420637,8,,,,,left_only,,
17,3,4,20013.3832,182.3827554368011,8,,,,,left_only,,
17,3,5,16434.8001,155.30682738895447,8,,,,,left_only,,
17,3,6,12128.098899999999,123.9519993331693,8,,,,,left_only,,
17,3,7,12071.810000000001,120.42448384713965,8,,,,,left_only,,
17,3,8,6958.873,89.75659811579314,8,,,,,left_only,,
17,3,9,4360.521,70.86596897587727,8,,,,,left_only,,
17,3,10,2653.7205,55.105287720077285,8,,,,,left_only,,
17,4,0,4641.0317,85.03953229570115,8,,,,,left_only,,
17,4,1,4941.03518,94.70172258269699,8,,,,,left_only,,
17,4,2,4861.7937,94.95482296425233,8,,,,,left_only,,
17,4,3,5296.6503,84.0048236380507,8,,,,,left_only,,
17,4,4,10462.438,116.20165318703516,8,,,,,left_only,,
17,4,5,9581.273000000001,110.89892467490385,8,,,,,left_only,,
17,4,6,7835.24,97.28058184519662,8,,,,,left_only,,
17,4,7,8253.0239,105.51260955952327,8,,,,,left_only,,
17,4,8,5055.4610999999995,78.94848985778006,8,,,,,left_only,,
17,4,9,3913.2200000000003,67.56338704653578,8,,,,,left_only,,
17,4,10,2948.6378,57.83770148898468,8,,,,,left_only,,
17,5,0,3163.2941,67.16894773124335,8,,,,,left_only,,
17,5,1,3050.082,67.31154859405628,8,,,,,left_only,,
17,5,2,2982.9030000000002,60.51015821372474,8,,,,,left_only,,
17,5,3,2775.8568999999998,58.05432085934689,8,,,,,left_only,,
17,5,4,5549.4472,87.39881626440315,8,,,,,left_only,,
17,5,5,5273.471,82.70142214611548,8,,,,,left_only,,
17,5,6,4712.63,76.8289832019141,8,,,,,left_only,,
17,5,7,5275.773,79.93226103019981,8,,,,,left_only,,
17,5,8,3469.6067000000003,63.652046065514654,8,,,,,left_only,,
17,5,9,2681.5625999999997,53.996244194012235,8,,,,,left_only,,
17,5,10,1985.9806,46.241779013199746,8,,,,,left_only,,
17,6,0,2253.3638,52.43186352864163,8,,,,,left_only,,
17,6,1,1826.306,49.00013950031163,8,,,,,left_only,,
17,6,2,1757.769,45.69634121568159,8,,,,,left_only,,
17,6,3,1556.8382,44.37094212315195,8,,,,,left_only,,
17,6,4,3045.115,61.33563601031622,8,,,,,left_only,,
17,6,5,2696.9921,57.693625023003186,8,,,,,left_only,,
17,6,6,2262.8916,52.246576207944,8,,,,,left_only,,
17,6,7,2444.888,53.92012817985135,8,,,,,left_only,,
17,6,8,1490.9808,40.43337926043407,8,,,,,left_only,,
17,6,9,1033.7998,33.45350876778847,8,,,,,left_only,,
17,6,10,420.30269999999996,22.849657532941276,8,,,,,left_only,,
17,7,0,569.34,25.534974771450237,8,,,,,left_only,,
17,7,1,526.934,23.93586150549004,8,,,,,left_only,,
17,7,2,484.3387,22.90990180211386,8,,,,,left_only,,
17,7,3,379.42779999999993,20.794640767644918,8,,,,,left_only,,
17,7,4,570.5818,24.97979282644474,8,,,,,left_only,,
17,7,5,322.0645,19.512168457088514,8,,,,,left_only,,
17,7,6,256.8182,17.106508658437583,8,,,,,left_only,,
17,7,7,151.9154,12.70679819665442,8,,,,,left_only,,
17,7,8,17.3754,5.08661,8,,,,,left_only,,
17,7,9,0.0,0.0,8,,,,,left_only,,
17,7,10,0.0,0.0,8,,,,,left_only,,
18,0,0,0.0,0.0,8,,,,,left_only,,
18,0,1,0.0,0.0,8,,,,,left_only,,
18,0,2,0.0,0.0,8,,,,,left_only,,
18,0,3,0.0,0.0,8,,,,,left_only,,
18,0,4,0.0,0.0,8,,,,,left_only,,
18,0,5,0.0,0.0,8,,,,,left_only,,
18,0,6,0.0,0.0,8,,,,,left_only,,
18,0,7,0.0,0.0,8,,,,,left_only,,
18,0,8,0.0,0.0,8,,,,,left_only,,
18,0,9,0.0,0.0,8,,,,,left_only,,
18,0,10,0.0,0.0,8,,,,,left_only,,
18,1,0,4851.916,239.14880190534095,8,,,,,left_only,,
18,1,1,2961.226,160.5322219272505,8,,,,,left_only,,
18,1,2,2164.5285,67.92974631448288,8,,,,,left_only,,
18,1,3,1393.7383,51.04197311748929,8,,,,,left_only,,
18,1,4,1271.6109999999999,44.56631923740169,8,,,,,left_only,,
18,1,5,322.7292,20.330478072854067,8,,,,,left_only,,
18,1,6,0.0,0.0,8,,,,,left_only,,
18,1,7,0.0,0.0,8,,,,,left_only,,
18,1,8,0.0,0.0,8,,,,,left_only,,
18,1,9,0.0,0.0,8,,,,,left_only,,
18,1,10,0.0,0.0,8,,,,,left_only,,
18,2,0,8267.872,186.2282070511339,8,,,,,left_only,,
18,2,1,5438.7838,134.02526712004718,8,,,,,left_only,,
18,2,2,4606.6079,97.90672238625905,8,,,,,left_only,,
18,2,3,3725.9120000000003,81.05035583506096,8,,,,,left_only,,
18,2,4,4568.24,80.97723327806403,8,,,,,left_only,,
18,2,5,1929.9177,50.30670218571776,8,,,,,left_only,,
18,2,6,839.2804,31.428367927242103,8,,,,,left_only,,
18,2,7,363.943,20.58970313590995,8,,,,,left_only,,
18,2,8,0.0,0.0,8,,,,,left_only,,
18,2,9,0.0,0.0,8,,,,,left_only,,
18,2,10,0.0,0.0,8,,,,,left_only,,
18,3,0,7086.927,119.5885657766243,8,,,,,left_only,,
18,3,1,4847.347,94.4312183945013,8,,,,,left_only,,
18,3,2,3398.2467,72.60824466925227,8,,,,,left_only,,
18,3,3,2979.0012,66.5390746117505,8,,,,,left_only,,
18,3,4,4916.0421,80.000426426686,8,,,,,left_only,,
18,3,5,2964.8924,59.08429537228992,8,,,,,left_only,,
18,3,6,1378.9394,39.79204183120288,8,,,,,left_only,,
18,3,7,837.6700000000001,30.759214488276516,8,,,,,left_only,,
18,3,8,251.8188,17.00324034385799,8,,,,,left_only,,
18,3,9,28.317999999999998,5.674735501941918,8,,,,,left_only,,
18,3,10,0.0,0.0,8,,,,,left_only,,
18,4,0,5506.3550000000005,87.499644999337,8,,,,,left_only,,
18,4,1,3217.0016,64.51981904607995,8,,,,,left_only,,
18,4,2,2444.9501,56.122292594921674,8,,,,,left_only,,
18,4,3,1954.6204,49.379220990863146,8,,,,,left_only,,
18,4,4,3470.3449,63.29725180462497,8,,,,,left_only,,
18,4,5,2427.3539,52.58297894117924,8,,,,,left_only,,
18,4,6,1427.251,39.458261552937174,8,,,,,left_only,,
18,4,7,934.7221,31.91809462013201,8,,,,,left_only,,
18,4,8,245.6648,16.566386190518436,8,,,,,left_only,,
18,4,9,0.0,0.0,8,,,,,left_only,,
18,4,10,0.0,0.0,8,,,,,left_only,,
18,5,0,4286.767,71.05019477960634,8,,,,,left_only,,
18,5,1,2103.0111,50.14855686593783,8,,,,,left_only,,
18,5,2,1605.7433,43.706389849236004,8,,,,,left_only,,
18,5,3,1168.5629000000001,36.11508283490708,8,,,,,left_only,,
18,5,4,1783.3572000000001,44.012339636422425,8,,,,,left_only,,
18,5,5,1226.0675,36.5277085762863,8,,,,,left_only,,
18,5,6,776.2666,28.93442903553654,8,,,,,left_only,,
18,5,7,479.94179999999994,22.642371495841598,8,,,,,left_only,,
18,5,8,60.5584,8.86700917914265,8,,,,,left_only,,
18,5,9,0.0,0.0,8,,,,,left_only,,
18,5,10,0.0,0.0,8,,,,,left_only,,
18,6,0,1821.0139,44.56363097487008,8,,,,,left_only,,
18,6,1,699.1489,27.7140940121033,8,,,,,left_only,,
18,6,2,416.2009,21.34195377868671,8,,,,,left_only,,
18,6,3,291.634,17.70314368304398,8,,,,,left_only,,
18,6,4,307.8302,18.43382283087803,8,,,,,left_only,,
18,6,5,140.5021,12.325107069705318,8,,,,,left_only,,
18,6,6,0.0,0.0,8,,,,,left_only,,
18,6,7,0.0,0.0,8,,,,,left_only,,
18,6,8,0.0,0.0,8,,,,,left_only,,
18,6,9,0.0,0.0,8,,,,,left_only,,
18,6,10,0.0,0.0,8,,,,,left_only,,
18,7,0,0.0,0.0,8,,,,,left_only,,
18,7,1,0.0,0.0,8,,,,,left_only,,
18,7,2,0.0,0.0,8,,,,,left_only,,
18,7,3,0.0,0.0,8,,,,,left_only,,
18,7,4,0.0,0.0,8,,,,,left_only,,
18,7,5,0.0,0.0,8,,,,,left_only,,
18,7,6,0.0,0.0,8,,,,,left_only,,
18,7,7,0.0,0.0,8,,,,,left_only,,
18,7,8,0.0,0.0,8,,,,,left_only,,
18,7,9,0.0,0.0,8,,,,,left_only,,
18,7,10,0.0,0.0,8,,,,,left_only,,
19,0,0,0.0,0.0,8,,,,,left_only,,
19,0,1,0.0,0.0,8,,,,,left_only,,
19,0,2,0.0,0.0,8,,,,,left_only,,
19,0,3,0.0,0.0,8,,,,,left_only,,
19,0,4,0.0,0.0,8,,,,,left_only,,
19,0,5,0.0,0.0,8,,,,,left_only,,
19,0,6,0.0,0.0,8,,,,,left_only,,
19,0,7,0.0,0.0,8,,,,,left_only,,
19,0,8,0.0,0.0,8,,,,,left_only,,
19,0,9,0.0,0.0,8,,,,,left_only,,
19,0,10,0.0,0.0,8,,,,,left_only,,
19,1,0,0.0,0.0,8,,,,,left_only,,
19,1,1,0.0,0.0,8,,,,,left_only,,
19,1,2,0.0,0.0,8,,,,,left_only,,
19,1,3,0.0,0.0,8,,,,,left_only,,
19,1,4,0.0,0.0,8,,,,,left_only,,
19,1,5,0.0,0.0,8,,,,,left_only,,
19,1,6,0.0,0.0,8,,,,,left_only,,
19,1,7,0.0,0.0,8,,,,,left_only,,
19,1,8,0.0,0.0,8,,,,,left_only,,
19,1,9,0.0,0.0,8,,,,,left_only,,
19,1,10,0.0,0.0,8,,,,,left_only,,
19,2,0,519.7216,33.31877920956889,8,,,,,left_only,,
19,2,1,113.5673,14.378927297020457,8,,,,,left_only,,
19,2,2,54.435,8.14499,8,,,,,left_only,,
19,2,3,124.0716,12.462856224882803,8,,,,,left_only,,
19,2,4,57.3192,9.714870871962221,8,,,,,left_only,,
19,2,5,0.0,0.0,8,,,,,left_only,,
19,2,6,0.0,0.0,8,,,,,left_only,,
19,2,7,0.0,0.0,8,,,,,left_only,,
19,2,8,0.0,0.0,8,,,,,left_only,,
19,2,9,0.0,0.0,8,,,,,left_only,,
19,2,10,0.0,0.0,8,,,,,left_only,,
19,3,0,1210.468,45.93342204081904,8,,,,,left_only,,
19,3,1,589.8812,28.715632578639113,8,,,,,left_only,,
19,3,2,224.2519,18.238868900537664,8,,,,,left_only,,
19,3,3,230.3038,16.198083105417133,8,,,,,left_only,,
19,3,4,267.9193,17.79451400067167,8,,,,,left_only,,
19,3,5,0.0,0.0,8,,,,,left_only,,
19,3,6,0.0,0.0,8,,,,,left_only,,
19,3,7,0.0,0.0,8,,,,,left_only,,
19,3,8,0.0,0.0,8,,,,,left_only,,
19,3,9,0.0,0.0,8,,,,,left_only,,
19,3,10,0.0,0.0,8,,,,,left_only,,
19,4,0,1320.4456,41.67990448909402,8,,,,,left_only,,
19,4,1,364.4317,20.680572940839912,8,,,,,left_only,,
19,4,2,73.617,9.71841135103881,8,,,,,left_only,,
19,4,3,0.0,0.0,8,,,,,left_only,,
19,4,4,22.2024,5.20393,8,,,,,left_only,,
19,4,5,0.0,0.0,8,,,,,left_only,,
19,4,6,0.0,0.0,8,,,,,left_only,,
19,4,7,0.0,0.0,8,,,,,left_only,,
19,4,8,0.0,0.0,8,,,,,left_only,,
19,4,9,0.0,0.0,8,,,,,left_only,,
19,4,10,0.0,0.0,8,,,,,left_only,,
19,5,0,315.6078,19.186847960282588,8,,,,,left_only,,
19,5,1,46.7441,7.993713125513074,8,,,,,left_only,,
19,5,2,0.0,0.0,8,,,,,left_only,,
19,5,3,0.0,0.0,8,,,,,left_only,,
19,5,4,0.0,0.0,8,,,,,left_only,,
19,5,5,0.0,0.0,8,,,,,left_only,,
19,5,6,0.0,0.0,8,,,,,left_only,,
19,5,7,0.0,0.0,8,,,,,left_only,,
19,5,8,0.0,0.0,8,,,,,left_only,,
19,5,9,0.0,0.0,8,,,,,left_only,,
19,5,10,0.0,0.0,8,,,,,left_only,,
19,6,0,0.0,0.0,8,,,,,left_only,,
19,6,1,0.0,0.0,8,,,,,left_only,,
19,6,2,0.0,0.0,8,,,,,left_only,,
19,6,3,0.0,0.0,8,,,,,left_only,,
19,6,4,0.0,0.0,8,,,,,left_only,,
19,6,5,0.0,0.0,8,,,,,left_only,,
19,6,6,0.0,0.0,8,,,,,left_only,,
19,6,7,0.0,0.0,8,,,,,left_only,,
19,6,8,0.0,0.0,8,,,,,left_only,,
19,6,9,0.0,0.0,8,,,,,left_only,,
19,6,10,0.0,0.0,8,,,,,left_only,,
19,7,0,0.0,0.0,8,,,,,left_only,,
19,7,1,0.0,0.0,8,,,,,left_only,,
19,7,2,0.0,0.0,8,,,,,left_only,,
19,7,3,0.0,0.0,8,,,,,left_only,,
19,7,4,0.0,0.0,8,,,,,left_only,,
19,7,5,0.0,0.0,8,,,,,left_only,,
19,7,6,0.0,0.0,8,,,,,left_only,,
19,7,7,0.0,0.0,8,,,,,left_only,,
19,7,8,0.0,0.0,8,,,,,left_only,,
19,7,9,0.0,0.0,8,,,,,left_only,,
19,7,10,0.0,0.0,8,,,,,left_only,,
