xq2_bin,z_bin0,pt2_bin0,phi_content_sum,phi_error_sum,phi_bin_count,z_bin,pt2_bin,spec_content,spec_error,_merge,diff_phi_minus_spec,ratio_phi_over_spec
0,0,0,81621100.0,1024.0785453160368,8,0.0,0.0,81621100.0,9034.44,both,0.0,1.0
0,0,1,35307560.0,578.8061080679436,8,0.0,1.0,35307600.0,5942.02,both,-40.0,0.9999988670994346
0,0,2,18492890.0,434.7183471322323,8,0.0,2.0,18492900.0,4300.34,both,-10.0,0.9999994592519291
0,0,3,10592800.0,319.94738584375085,8,0.0,3.0,10592800.0,3254.66,both,0.0,1.0
0,0,4,10412530.0,300.34053322002677,8,0.0,4.0,10412500.0,3226.85,both,30.0,1.000002881152461
0,0,5,4230501.0,128.86079419761464,8,0.0,5.0,4230500.0,2056.82,both,1.0,1.0000002363786786
0,0,6,1817102.0,43.072549190058396,8,0.0,6.0,1817100.0,1348.0,both,2.0,1.0000011006548897
0,0,7,1025036.0,16.830475393761166,8,0.0,7.0,1025040.0,1012.44,both,-4.0,0.9999960977132599
0,0,8,318450.0,5.94197,8,0.0,8.0,318450.0,564.314,both,0.0,1.0
0,0,9,113103.0,12.204874797825664,8,0.0,9.0,113103.0,336.308,both,0.0,1.0
0,0,10,18969.0,3.95696,8,0.0,10.0,18969.0,137.728,both,0.0,1.0
0,1,0,6599537.0,778.1783554422726,8,1.0,0.0,6599540.0,2568.96,both,-3.0,0.9999995454228628
0,1,1,5110405.0,673.005207075822,8,1.0,1.0,5110410.0,2260.62,both,-5.0,0.9999990216049202
0,1,2,3882649.0,561.0397165005077,8,1.0,2.0,3882650.0,1970.44,both,-1.0,0.9999997424439494
0,1,3,2912924.0,485.15534394696715,8,1.0,3.0,2912920.0,1706.73,both,4.0,1.0000013731925352
0,1,4,3823491.0,576.5486848810255,8,1.0,4.0,3823490.0,1955.38,both,1.0,1.0000002615411574
0,1,5,2196824.0,419.53836655263126,8,1.0,5.0,2196820.0,1482.17,both,4.0,1.0000018208137216
0,1,6,1293827.0,286.15525545399305,8,1.0,6.0,1293830.0,1137.47,both,-3.0,0.9999976813027986
0,1,7,1033087.0,209.2815965025831,8,1.0,7.0,1033090.0,1016.41,both,-3.0,0.9999970960903697
0,1,8,479866.0,99.41169030355535,8,1.0,8.0,479866.0,692.724,both,0.0,1.0
0,1,9,272604.0,42.499848179739416,8,1.0,9.0,272604.0,522.115,both,0.0,1.0
0,1,10,146228.0,17.60647794167249,8,1.0,10.0,146228.0,382.398,both,0.0,1.0
0,2,0,3143248.0,366.0962196390546,8,2.0,0.0,3143250.0,1772.92,both,-2.0,0.9999993637158991
0,2,1,2516613.0,372.8318609252922,8,2.0,1.0,2516610.0,1586.38,both,3.0,1.0000011920798217
0,2,2,1988441.0,364.7033369180079,8,2.0,2.0,1988440.0,1410.12,both,1.0,1.0000005029068013
0,2,3,1559926.0,335.9518311921815,8,2.0,3.0,1559930.0,1248.97,both,-4.0,0.9999974357823749
0,2,4,2153992.0,442.9583629895478,8,2.0,4.0,2153990.0,1467.65,both,2.0,1.0000009285094174
0,2,5,1297593.0,362.4193502833976,8,2.0,5.0,1297590.0,1139.12,both,3.0,1.0000023119783599
0,2,6,783261.0,293.57464156452613,8,2.0,6.0,783261.0,885.02,both,0.0,1.0
0,2,7,650960.0,274.8002956365586,8,2.0,7.0,650960.0,806.821,both,0.0,1.0
0,2,8,325312.0,192.39381700374366,8,2.0,8.0,325312.0,570.361,both,0.0,1.0
0,2,9,205305.0,140.42846100413547,8,2.0,9.0,205305.0,453.106,both,0.0,1.0
0,2,10,140530.0,85.4120094008448,8,2.0,10.0,140530.0,374.873,both,0.0,1.0
0,3,0,1632015.0,232.12316027010317,8,3.0,0.0,1632020.0,1277.5,both,-5.0,0.999996936312055
0,3,1,1333117.0,230.79056203506244,8,3.0,1.0,1333120.0,1154.61,both,-3.0,0.9999977496399424
0,3,2,1079255.0,263.48186960933384,8,3.0,2.0,1079260.0,1038.87,both,-5.0,0.9999953671960418
0,3,3,869696.0,224.76713214918703,8,3.0,3.0,869696.0,932.575,both,0.0,1.0
0,3,4,1257835.0,310.3128624842032,8,3.0,4.0,1257840.0,1121.53,both,-5.0,0.9999960249316289
0,3,5,800374.0,267.28835500530136,8,3.0,5.0,800374.0,894.636,both,0.0,1.0
0,3,6,507530.0,227.3035483453789,8,3.0,6.0,507530.0,712.411,both,0.0,1.0
0,3,7,432241.0,221.66920011284833,8,3.0,7.0,432241.0,657.45,both,0.0,1.0
0,3,8,220019.0,167.97982258464853,8,3.0,8.0,220019.0,469.062,both,0.0,1.0
0,3,9,140278.0,138.5697216939184,8,3.0,9.0,140278.0,374.537,both,0.0,1.0
0,3,10,100270.0,112.79114430685594,8,3.0,10.0,100270.0,316.654,both,0.0,1.0
0,4,0,853754.0,139.93465148941522,8,4.0,0.0,853754.0,923.988,both,0.0,1.0
0,4,1,711585.0,162.1331620030156,8,4.0,1.0,711585.0,843.555,both,0.0,1.0
0,4,2,587989.0,158.39173349461012,8,4.0,2.0,587989.0,766.804,both,0.0,1.0
0,4,3,485452.0,156.0255586339943,8,4.0,3.0,485452.0,696.744,both,0.0,1.0
0,4,4,726021.0,217.44775281931518,8,4.0,4.0,726021.0,852.069,both,0.0,1.0
0,4,5,485657.0,197.7341051195519,8,4.0,5.0,485657.0,696.891,both,0.0,1.0
0,4,6,323976.0,173.40224496258867,8,4.0,6.0,323976.0,569.189,both,0.0,1.0
0,4,7,290905.0,173.64448734351345,8,4.0,7.0,290905.0,539.356,both,0.0,1.0
0,4,8,156117.0,133.71021437111676,8,4.0,8.0,156117.0,395.116,both,0.0,1.0
0,4,9,101848.0,112.6979407541238,8,4.0,9.0,101848.0,319.136,both,0.0,1.0
0,4,10,68813.0,95.9423844002743,8,4.0,10.0,68813.0,262.322,both,0.0,1.0
0,5,0,433612.0,104.36158915016387,8,5.0,0.0,433612.0,658.492,both,0.0,1.0
0,5,1,366734.0,114.95501893510175,8,5.0,1.0,366734.0,605.586,both,0.0,1.0
0,5,2,308146.0,113.53455690571968,8,5.0,2.0,308146.0,555.109,both,0.0,1.0
0,5,3,259036.0,109.05818954952444,8,5.0,3.0,259036.0,508.956,both,0.0,1.0
0,5,4,396142.0,151.4573418351187,8,5.0,4.0,396142.0,629.398,both,0.0,1.0
0,5,5,273443.0,139.84380549366497,8,5.0,5.0,273443.0,522.918,both,0.0,1.0
0,5,6,187268.0,124.25101631367045,8,5.0,6.0,187268.0,432.745,both,0.0,1.0
0,5,7,175599.0,128.3236886264964,8,5.0,7.0,175599.0,419.045,both,0.0,1.0
0,5,8,95803.0,97.89243299773277,8,5.0,8.0,95803.0,309.521,both,0.0,1.0
0,5,9,63939.0,85.22042487352958,8,5.0,9.0,63939.0,252.862,both,0.0,1.0
0,5,10,42811.0,71.7283365729333,8,5.0,10.0,42811.0,206.908,both,0.0,1.0
0,6,0,183301.0,73.09934633529427,8,6.0,0.0,183301.0,428.137,both,0.0,1.0
0,6,1,155401.0,76.7130488497863,8,6.0,1.0,155401.0,394.209,both,0.0,1.0
0,6,2,130220.0,74.53216853245449,8,6.0,2.0,130220.0,360.86,both,0.0,1.0
0,6,3,109865.0,71.75127892783514,8,6.0,3.0,109865.0,331.459,both,0.0,1.0
0,6,4,170246.0,99.31640414776201,8,6.0,4.0,170246.0,412.609,both,0.0,1.0
0,6,5,118476.0,90.11853249681776,8,6.0,5.0,118476.0,344.203,both,0.0,1.0
0,6,6,82880.0,79.63420032272566,8,6.0,6.0,82880.0,287.889,both,0.0,1.0
0,6,7,79006.0,83.44951867428595,8,6.0,7.0,79006.0,281.08,both,0.0,1.0
0,6,8,43043.0,62.43128466714425,8,6.0,8.0,43043.0,207.468,both,0.0,1.0
0,6,9,26346.0,50.27808561023381,8,6.0,9.0,26346.0,162.315,both,0.0,1.0
0,6,10,10640.0,32.82479231385326,8,6.0,10.0,10640.0,103.15,both,0.0,1.0
0,7,0,50578.0,36.46800012812877,8,7.0,0.0,50578.0,224.896,both,0.0,1.0
0,7,1,41505.0,38.55362473960782,8,7.0,1.0,41505.0,203.728,both,0.0,1.0
0,7,2,33855.0,37.71223155754642,8,7.0,2.0,33855.0,183.997,both,0.0,1.0
0,7,3,27260.0,34.78399124415857,8,7.0,3.0,27260.0,165.106,both,0.0,1.0
0,7,4,38573.0,42.960827019768836,8,7.0,4.0,38573.0,196.4,both,0.0,1.0
0,7,5,22685.0,34.6101643985535,8,7.0,5.0,22685.0,150.615,both,0.0,1.0
0,7,6,12176.0,25.812585338173704,8,7.0,6.0,12176.0,110.345,both,0.0,1.0
0,7,7,7350.0,19.06990165017114,8,7.0,7.0,7350.0,85.7321,both,0.0,1.0
0,7,8,1508.0,4.25034,8,7.0,8.0,1508.0,38.833,both,0.0,1.0
0,7,9,62.0,0.0,8,7.0,9.0,62.0,7.87401,both,0.0,1.0
0,7,10,0.0,0.0,8,7.0,10.0,0.0,0.0,both,0.0,
1,0,0,69804340.0,618.7033627196881,8,0.0,0.0,69804300.0,8354.9,both,40.0,1.0000005730306012
1,0,1,29309450.0,379.43207736970527,8,0.0,1.0,29309500.0,5413.82,both,-50.0,0.9999982940684761
1,0,2,14976520.0,259.54432548844136,8,0.0,2.0,14976500.0,3869.95,both,20.0,1.0000013354255
1,0,3,8370480.0,181.0276196689334,8,0.0,3.0,8370480.0,2893.18,both,0.0,1.0
1,0,4,7963639.0,151.528201033438,8,0.0,4.0,7963630.0,2821.99,both,9.0,1.0000011301378893
1,0,5,3084386.0,52.63545695194448,8,0.0,5.0,3084390.0,1756.24,both,-4.0,0.9999987031471377
1,0,6,1251115.0,7.910275082877965,8,0.0,6.0,1251120.0,1118.53,both,-5.0,0.9999960035807917
1,0,7,646903.0,0.0,8,0.0,7.0,646903.0,804.303,both,0.0,1.0
1,0,8,162352.0,0.0,8,0.0,8.0,162352.0,402.929,both,0.0,1.0
1,0,9,36066.0,0.0,8,0.0,9.0,36066.0,189.911,both,0.0,1.0
1,0,10,2245.0,0.0,8,0.0,10.0,2245.0,47.3814,both,0.0,1.0
1,1,0,6253900.0,808.5170831097943,8,1.0,0.0,6253900.0,2500.78,both,0.0,1.0
1,1,1,4808951.0,620.6240519026474,8,1.0,1.0,4808950.0,2192.93,both,1.0,1.0000002079456014
1,1,2,3613006.0,495.91066644544964,8,1.0,2.0,3613010.0,1900.79,both,-4.0,0.9999988928898619
1,1,3,2679795.0,415.37548870376304,8,1.0,3.0,2679800.0,1637.01,both,-5.0,0.9999981341891185
1,1,4,3461094.0,463.50097375868586,8,1.0,4.0,3461090.0,1860.4,both,4.0,1.0000011557052837
1,1,5,1962831.0,302.1759560086474,8,1.0,5.0,1962830.0,1401.01,both,1.0,1.0000005094684716
1,1,6,1146699.0,187.50134246039414,8,1.0,6.0,1146700.0,1070.84,both,-1.0,0.9999991279323276
1,1,7,911279.0,123.95730501729214,8,1.0,7.0,911279.0,954.609,both,0.0,1.0
1,1,8,419844.0,46.98806045041761,8,1.0,8.0,419844.0,647.954,both,0.0,1.0
1,1,9,219125.0,15.304361075569275,8,1.0,9.0,219125.0,468.108,both,0.0,1.0
1,1,10,71320.0,33.5974,8,1.0,10.0,71320.0,267.058,both,0.0,1.0
1,2,0,3001269.0,491.51675307765447,8,2.0,0.0,3001270.0,1732.42,both,-1.0,0.999999666807718
1,2,1,2396209.0,425.7233201087885,8,2.0,1.0,2396210.0,1547.97,both,-1.0,0.9999995826743066
1,2,2,1881140.0,375.32192134684857,8,2.0,2.0,1881140.0,1371.55,both,0.0,1.0
1,2,3,1462799.0,339.89671131867397,8,2.0,3.0,1462800.0,1209.46,both,-1.0,0.9999993163795461
1,2,4,2000938.0,432.10892714029876,8,2.0,4.0,2000940.0,1414.55,both,-2.0,0.9999990004697792
1,2,5,1186518.0,332.51950445425,8,2.0,5.0,1186520.0,1089.27,both,-2.0,0.9999983143984088
1,2,6,714717.0,257.7636169351098,8,2.0,6.0,714717.0,845.409,both,0.0,1.0
1,2,7,590075.0,226.27311990811015,8,2.0,7.0,590075.0,768.163,both,0.0,1.0
1,2,8,298568.0,144.9283455665937,8,2.0,8.0,298568.0,546.414,both,0.0,1.0
1,2,9,190703.0,92.46884967155155,8,2.0,9.0,190703.0,436.696,both,0.0,1.0
1,2,10,113022.0,46.29001057340234,8,2.0,10.0,113022.0,336.187,both,0.0,1.0
1,3,0,1634750.0,346.09492048989966,8,3.0,0.0,1634750.0,1278.57,both,0.0,1.0
1,3,1,1334440.0,284.1231104963304,8,3.0,1.0,1334440.0,1155.18,both,0.0,1.0
1,3,2,1079378.0,261.11149365347745,8,3.0,2.0,1079380.0,1038.93,both,-2.0,0.9999981470844373
1,3,3,868064.0,247.50652089959164,8,3.0,3.0,868064.0,931.7,both,0.0,1.0
1,3,4,1248656.0,327.1661398954054,8,3.0,4.0,1248660.0,1117.43,both,-4.0,0.9999967965659187
1,3,5,788515.0,278.3152861392094,8,3.0,5.0,788515.0,887.984,both,0.0,1.0
1,3,6,495614.0,226.77083633095327,8,3.0,6.0,495614.0,703.999,both,0.0,1.0
1,3,7,418984.0,214.73980194852095,8,3.0,7.0,418984.0,647.29,both,0.0,1.0
1,3,8,211240.0,153.02701224956985,8,3.0,8.0,211240.0,459.609,both,0.0,1.0
1,3,9,133455.0,120.5536066410292,8,3.0,9.0,133455.0,365.315,both,0.0,1.0
1,3,10,84068.0,87.52329708631868,8,3.0,10.0,84068.0,289.945,both,0.0,1.0
1,4,0,935200.0,240.2315025994093,8,4.0,0.0,935200.0,967.057,both,0.0,1.0
1,4,1,775746.0,209.06462805225087,8,4.0,1.0,775746.0,880.764,both,0.0,1.0
1,4,2,639192.0,192.73141163476078,8,4.0,2.0,639192.0,799.495,both,0.0,1.0
1,4,3,525479.0,181.41066973441778,8,4.0,3.0,525479.0,724.899,both,0.0,1.0
1,4,4,781002.0,248.19034159254144,8,4.0,4.0,781002.0,883.743,both,0.0,1.0
1,4,5,516854.0,218.27984570058067,8,4.0,5.0,516854.0,718.926,both,0.0,1.0
1,4,6,338878.0,184.89257486734832,8,4.0,6.0,338878.0,582.132,both,0.0,1.0
1,4,7,300086.0,181.57714117662388,8,4.0,7.0,300086.0,547.801,both,0.0,1.0
1,4,8,156438.0,132.71571337106244,8,4.0,8.0,156438.0,395.522,both,0.0,1.0
1,4,9,96804.0,107.02706224908727,8,4.0,9.0,96804.0,311.133,both,0.0,1.0
1,4,10,54480.0,81.97234890022366,8,4.0,10.0,54480.0,233.41,both,0.0,1.0
1,5,0,497855.0,183.80100704547297,8,5.0,0.0,497855.0,705.588,both,0.0,1.0
1,5,1,418417.0,156.3569458418461,8,5.0,1.0,418417.0,646.852,both,0.0,1.0
1,5,2,349205.0,145.74624450162995,8,5.0,2.0,349205.0,590.936,both,0.0,1.0
1,5,3,290906.0,131.78146832810143,8,5.0,3.0,290906.0,539.357,both,0.0,1.0
1,5,4,441840.0,178.35404904262757,8,5.0,4.0,441840.0,664.71,both,0.0,1.0
1,5,5,299169.0,156.56825743773862,8,5.0,5.0,299169.0,546.963,both,0.0,1.0
1,5,6,200699.0,137.73033891739323,8,5.0,6.0,200699.0,447.994,both,0.0,1.0
1,5,7,179018.0,136.80339583621455,8,5.0,7.0,179018.0,423.105,both,0.0,1.0
1,5,8,92307.0,99.26101530229327,8,5.0,8.0,92307.0,303.821,both,0.0,1.0
1,5,9,54685.0,79.55248733684007,8,5.0,9.0,54685.0,233.848,both,0.0,1.0
1,5,10,24171.0,53.55867721477912,8,5.0,10.0,24171.0,155.47,both,0.0,1.0
1,6,0,213920.0,126.69202019026297,8,6.0,0.0,213920.0,462.515,both,0.0,1.0
1,6,1,176352.0,107.22211303477889,8,6.0,1.0,176352.0,419.943,both,0.0,1.0
1,6,2,148465.0,94.92775103637764,8,6.0,2.0,148465.0,385.312,both,0.0,1.0
1,6,3,122530.0,86.69242780739273,8,6.0,3.0,122530.0,350.043,both,0.0,1.0
1,6,4,183448.0,112.83990036351015,8,6.0,4.0,183448.0,428.308,both,0.0,1.0
1,6,5,121155.0,96.67025172125084,8,6.0,5.0,121155.0,348.073,both,0.0,1.0
1,6,6,77720.0,80.15883823478232,8,6.0,6.0,77720.0,278.783,both,0.0,1.0
1,6,7,63045.0,75.71480004226386,8,6.0,7.0,63045.0,251.088,both,0.0,1.0
1,6,8,26019.0,48.85805509422167,8,6.0,8.0,26019.0,161.304,both,0.0,1.0
1,6,9,10219.0,30.78748287613003,8,6.0,9.0,10219.0,101.089,both,0.0,1.0
1,6,10,1816.0,10.744275779246362,8,6.0,10.0,1816.0,42.6146,both,0.0,1.0
1,7,0,43352.0,55.33066922517746,8,7.0,0.0,43352.0,208.211,both,0.0,1.0
1,7,1,32591.0,45.16120304680224,8,7.0,1.0,32591.0,180.53,both,0.0,1.0
1,7,2,23840.0,35.89340355291624,8,7.0,2.0,23840.0,154.402,both,0.0,1.0
1,7,3,17528.0,28.942830861890478,8,7.0,3.0,17528.0,132.393,both,0.0,1.0
1,7,4,19431.0,32.383623238342246,8,7.0,4.0,19431.0,139.395,both,0.0,1.0
1,7,5,8083.0,19.261806136468614,8,7.0,5.0,8083.0,89.9055,both,0.0,1.0
1,7,6,2702.0,7.954233425918553,8,7.0,6.0,2702.0,51.9808,both,0.0,1.0
1,7,7,807.0,0.0,8,7.0,7.0,807.0,28.4077,both,0.0,1.0
1,7,8,28.0,0.0,8,7.0,8.0,28.0,5.2915,both,0.0,1.0
1,7,9,0.0,0.0,8,7.0,9.0,0.0,0.0,both,0.0,
1,7,10,0.0,0.0,8,7.0,10.0,0.0,0.0,both,0.0,
2,0,0,52331350.0,288.75102127999475,8,0.0,0.0,52331300.0,7234.04,both,50.0,1.0000009554511353
2,0,1,21715910.0,155.92799274027098,8,0.0,1.0,21715900.0,4660.03,both,10.0,1.0000004604920818
2,0,2,10780160.0,97.36949457273566,8,0.0,2.0,10780200.0,3283.32,both,-40.0,0.9999962894937015
2,0,3,5865627.0,63.21095054759104,8,0.0,3.0,5865630.0,2421.91,both,-3.0,0.9999994885459874
2,0,4,5390330.0,46.11472701492441,8,0.0,4.0,5390330.0,2321.71,both,0.0,1.0
2,0,5,1952465.0,9.165474301278685,8,0.0,5.0,1952460.0,1397.31,both,5.0,1.0000025608719256
2,0,6,704446.0,0.0,8,0.0,6.0,704446.0,839.313,both,0.0,1.0
2,0,7,273899.0,0.0,8,0.0,7.0,273899.0,523.354,both,0.0,1.0
2,0,8,35202.0,0.0,8,0.0,8.0,35202.0,187.622,both,0.0,1.0
2,0,9,2197.0,0.0,8,0.0,9.0,2197.0,46.8722,both,0.0,1.0
2,0,10,2.0,0.0,8,0.0,10.0,2.0,1.41421,both,0.0,1.0
2,1,0,5335066.0,727.2133393956686,8,1.0,0.0,5335070.0,2309.78,both,-4.0,0.9999992502441393
2,1,1,4062710.0,477.05079057289066,8,1.0,1.0,4062710.0,2015.62,both,0.0,1.0
2,1,2,3027148.0,371.9307392437603,8,1.0,2.0,3027150.0,1739.87,both,-2.0,0.9999993393125547
2,1,3,2226638.0,291.23385584066284,8,1.0,3.0,2226640.0,1492.19,both,-2.0,0.9999991017856501
2,1,4,2857485.0,294.4005219222955,8,1.0,4.0,2857480.0,1690.41,both,5.0,1.0000017497935243
2,1,5,1609279.0,170.51430042706096,8,1.0,5.0,1609280.0,1268.57,both,-1.0,0.9999993786040963
2,1,6,936980.0,91.85135395386177,8,1.0,6.0,936980.0,967.977,both,0.0,1.0
2,1,7,720384.0,51.962039651437856,8,1.0,7.0,720384.0,848.754,both,0.0,1.0
2,1,8,276523.0,8.149311644310824,8,1.0,8.0,276523.0,525.855,both,0.0,1.0
2,1,9,91138.0,0.0,8,1.0,9.0,91138.0,301.891,both,0.0,1.0
2,1,10,10829.0,0.0,8,1.0,10.0,10829.0,104.062,both,0.0,1.0
2,2,0,2576954.0,548.0831730555957,8,2.0,0.0,2576950.0,1605.29,both,4.0,1.0000015522225887
2,2,1,2052598.0,405.3939162817444,8,2.0,1.0,2052600.0,1432.69,both,-2.0,0.9999990256260353
2,2,2,1617161.0,335.294097597706,8,2.0,2.0,1617160.0,1271.68,both,1.0,1.0000006183680032
2,2,3,1257980.0,302.86493566840977,8,2.0,3.0,1257980.0,1121.6,both,0.0,1.0
2,2,4,1721364.0,366.805029229385,8,2.0,4.0,1721360.0,1312.01,both,4.0,1.0000023237440163
2,2,5,1016299.0,262.0492933539222,8,2.0,5.0,1016300.0,1008.12,both,-1.0,0.9999990160385713
2,2,6,605062.0,185.99776451971135,8,2.0,6.0,605062.0,777.857,both,0.0,1.0
2,2,7,499357.0,151.96010007541454,8,2.0,7.0,499357.0,706.652,both,0.0,1.0
2,2,8,243822.0,82.83592948859813,8,2.0,8.0,243822.0,493.783,both,0.0,1.0
2,2,9,132625.0,43.391904095464625,8,2.0,9.0,132625.0,364.177,both,0.0,1.0
2,2,10,39843.0,9.97665566566773,8,2.0,10.0,39843.0,199.607,both,0.0,1.0
2,3,0,1504850.0,384.50354800213483,8,3.0,0.0,1504850.0,1226.72,both,0.0,1.0
2,3,1,1229020.0,300.50843050605084,8,3.0,1.0,1229020.0,1108.61,both,0.0,1.0
2,3,2,993582.0,258.1949029046468,8,3.0,2.0,993582.0,996.786,both,0.0,1.0
2,3,3,798701.0,242.60342112919594,8,3.0,3.0,798701.0,893.701,both,0.0,1.0
2,3,4,1138116.0,319.1859603574224,8,3.0,4.0,1138120.0,1066.83,both,-4.0,0.9999964854321162
2,3,5,707302.0,256.74120915665253,8,3.0,5.0,707302.0,841.012,both,0.0,1.0
2,3,6,436961.0,197.9242355036644,8,3.0,6.0,436961.0,661.03,both,0.0,1.0
2,3,7,362317.0,178.00079973455175,8,3.0,7.0,362317.0,601.928,both,0.0,1.0
2,3,8,174348.0,114.2652056071751,8,3.0,8.0,174348.0,417.55,both,0.0,1.0
2,3,9,96788.0,77.43966733005766,8,3.0,9.0,96788.0,311.108,both,0.0,1.0
2,3,10,36015.0,44.70185708413018,8,3.0,10.0,36015.0,189.776,both,0.0,1.0
2,4,0,895480.0,300.455103455741,8,4.0,0.0,895480.0,946.298,both,0.0,1.0
2,4,1,736849.0,229.84511613799847,8,4.0,1.0,736849.0,858.399,both,0.0,1.0
2,4,2,603746.0,200.10226205303127,8,4.0,2.0,603746.0,777.011,both,0.0,1.0
2,4,3,491621.0,184.6774842577595,8,4.0,3.0,491621.0,701.157,both,0.0,1.0
2,4,4,726276.0,244.1171801059688,8,4.0,4.0,726276.0,852.218,both,0.0,1.0
2,4,5,475738.0,211.89621267047224,8,4.0,5.0,475738.0,689.738,both,0.0,1.0
2,4,6,305233.0,174.32854059603235,8,4.0,6.0,305233.0,552.479,both,0.0,1.0
2,4,7,255744.0,160.62634268817803,8,4.0,7.0,255744.0,505.711,both,0.0,1.0
2,4,8,119937.0,106.93531538135566,8,4.0,8.0,119937.0,346.319,both,0.0,1.0
2,4,9,60839.0,75.10760796690306,8,4.0,9.0,60839.0,246.656,both,0.0,1.0
2,4,10,18650.0,42.821609990022566,8,4.0,10.0,18650.0,136.565,both,0.0,1.0
2,5,0,486543.0,233.00267561362895,8,5.0,0.0,486543.0,697.526,both,0.0,1.0
2,5,1,404343.0,173.74034798299587,8,5.0,1.0,404343.0,635.88,both,0.0,1.0
2,5,2,333857.0,148.32495716770458,8,5.0,2.0,333857.0,577.804,both,0.0,1.0
2,5,3,274177.0,131.4980262899748,8,5.0,3.0,274177.0,523.619,both,0.0,1.0
2,5,4,402918.0,172.3583517318543,8,5.0,4.0,402918.0,634.758,both,0.0,1.0
2,5,5,260765.0,151.35566124573768,8,5.0,5.0,260765.0,510.652,both,0.0,1.0
2,5,6,162471.0,125.54324346122694,8,5.0,6.0,162471.0,403.077,both,0.0,1.0
2,5,7,130618.0,116.99569111651078,8,5.0,7.0,130618.0,361.411,both,0.0,1.0
2,5,8,54043.0,74.14225038060283,8,5.0,8.0,54043.0,232.472,both,0.0,1.0
2,5,9,20604.0,46.53915119844366,8,5.0,9.0,20604.0,143.541,both,0.0,1.0
2,5,10,3361.0,17.58336676260266,8,5.0,10.0,3361.0,57.9741,both,0.0,1.0
2,6,0,191186.0,157.58542307180574,8,6.0,0.0,191186.0,437.248,both,0.0,1.0
2,6,1,154338.0,116.44414129284866,8,6.0,1.0,154338.0,392.859,both,0.0,1.0
2,6,2,122425.0,94.08224693884868,8,6.0,2.0,122425.0,349.893,both,0.0,1.0
2,6,3,96088.0,80.62999170043676,8,6.0,3.0,96088.0,309.981,both,0.0,1.0
2,6,4,131335.0,98.64715135301982,8,6.0,4.0,131335.0,362.402,both,0.0,1.0
2,6,5,73185.0,76.13931909178069,8,6.0,5.0,73185.0,270.527,both,0.0,1.0
2,6,6,36536.0,55.78435745305309,8,6.0,6.0,36536.0,191.144,both,0.0,1.0
2,6,7,20034.0,42.01439764699715,8,6.0,7.0,20034.0,141.542,both,0.0,1.0
2,6,8,4321.0,17.784113131997895,8,6.0,8.0,4321.0,65.7343,both,0.0,1.0
2,6,9,503.0,0.0,8,6.0,9.0,503.0,22.4277,both,0.0,1.0
2,6,10,1.0,0.0,8,6.0,10.0,1.0,1.0,both,0.0,1.0
2,7,0,17551.0,42.261220069085795,8,7.0,0.0,17551.0,132.48,both,0.0,1.0
2,7,1,10806.0,27.764638440561406,8,7.0,1.0,10806.0,103.952,both,0.0,1.0
2,7,2,5934.0,15.891073466915318,8,7.0,2.0,5934.0,77.0325,both,0.0,1.0
2,7,3,3152.0,11.162557139065404,8,7.0,3.0,3152.0,56.1427,both,0.0,1.0
2,7,4,2109.0,9.8865877804731,8,7.0,4.0,2109.0,45.9239,both,0.0,1.0
2,7,5,229.0,0.0,8,7.0,5.0,229.0,15.1327,both,0.0,1.0
2,7,6,1.0,0.0,8,7.0,6.0,1.0,1.0,both,0.0,1.0
2,7,7,0.0,0.0,8,7.0,7.0,0.0,0.0,both,0.0,
2,7,8,0.0,0.0,8,7.0,8.0,0.0,0.0,both,0.0,
2,7,9,0.0,0.0,8,7.0,9.0,0.0,0.0,both,0.0,
2,7,10,0.0,0.0,8,7.0,10.0,0.0,0.0,both,0.0,
3,0,0,51713330.0,71.54494451944805,8,0.0,0.0,51713300.0,7191.2,both,30.0,1.0000005801215548
3,0,1,21107920.0,32.45591053937633,8,0.0,1.0,21107900.0,4594.34,both,20.0,1.0000009475125426
3,0,2,10232960.0,20.3230569536475,8,0.0,2.0,10233000.0,3198.9,both,-40.0,0.9999960910778852
3,0,3,5453354.0,9.937274691971638,8,0.0,3.0,5453350.0,2335.24,both,4.0,1.0000007334940908
3,0,4,4800102.0,3.3101,8,0.0,4.0,4800100.0,2190.91,both,2.0,1.0000004166579863
3,0,5,1497875.0,0.0,8,0.0,5.0,1497880.0,1223.88,both,-5.0,0.9999966619488878
3,0,6,384364.0,0.0,8,0.0,6.0,384364.0,619.971,both,0.0,1.0
3,0,7,77654.0,0.0,8,0.0,7.0,77654.0,278.665,both,0.0,1.0
3,0,8,2275.0,0.0,8,0.0,8.0,2275.0,47.697,both,0.0,1.0
3,0,9,0.0,0.0,8,0.0,9.0,0.0,0.0,both,0.0,
3,0,10,0.0,0.0,8,0.0,10.0,0.0,0.0,both,0.0,
3,1,0,6137065.0,660.1435963008352,8,1.0,0.0,6137060.0,2477.31,both,5.0,1.000000814722359
3,1,1,4613095.0,374.68835249061317,8,1.0,1.0,4613100.0,2147.81,both,-5.0,0.9999989161301511
3,1,2,3400513.0,262.4706167012414,8,1.0,2.0,3400510.0,1844.05,both,3.0,1.0000008822206081
3,1,3,2486872.0,203.18773987553973,8,1.0,3.0,2486870.0,1576.98,both,2.0,1.0000008042237833
3,1,4,3180568.0,189.0240715827749,8,1.0,4.0,3180570.0,1783.41,both,-2.0,0.9999993711818951
3,1,5,1797637.0,96.97474610160162,8,1.0,5.0,1797640.0,1340.76,both,-3.0,0.9999983311452794
3,1,6,984546.0,44.6203228024193,8,1.0,6.0,984546.0,992.243,both,0.0,1.0
3,1,7,579015.0,20.075653308198966,8,1.0,7.0,579015.0,760.93,both,0.0,1.0
3,1,8,122071.0,0.0,8,1.0,8.0,122071.0,349.387,both,0.0,1.0
3,1,9,15770.0,0.0,8,1.0,9.0,15770.0,125.579,both,0.0,1.0
3,1,10,215.0,0.0,8,1.0,10.0,215.0,14.6629,both,0.0,1.0
3,2,0,3047443.0,658.7577085590726,8,2.0,0.0,3047440.0,1745.69,both,3.0,1.0000009844328355
3,2,1,2427751.0,425.6311480777341,8,2.0,1.0,2427750.0,1558.12,both,1.0,1.0000004119040264
3,2,2,1908356.0,321.8196392793951,8,2.0,2.0,1908360.0,1381.43,both,-4.0,0.9999979039594207
3,2,3,1483124.0,282.7459387512931,8,2.0,3.0,1483120.0,1217.84,both,4.0,1.000002697017099
3,2,4,2010339.0,319.9858228398565,8,2.0,4.0,2010340.0,1417.86,both,-1.0,0.9999995025717043
3,2,5,1174494.0,211.33079320631435,8,2.0,5.0,1174490.0,1083.74,both,4.0,1.0000034057335525
3,2,6,684414.0,140.18556396398313,8,2.0,6.0,684414.0,827.293,both,0.0,1.0
3,2,7,513973.0,101.04816560879519,8,2.0,7.0,513973.0,716.919,both,0.0,1.0
3,2,8,187666.0,43.82027542941738,8,2.0,8.0,187666.0,433.204,both,0.0,1.0
3,2,9,55546.0,14.157431247147203,8,2.0,9.0,55546.0,235.682,both,0.0,1.0
3,2,10,4583.0,0.0,8,2.0,10.0,4583.0,67.6979,both,0.0,1.0
3,3,0,1870199.0,485.4038462805996,8,3.0,0.0,1870200.0,1367.55,both,-1.0,0.9999994652978291
3,3,1,1519746.0,346.2614611988461,8,3.0,1.0,1519750.0,1232.78,both,-4.0,0.999997367988156
3,3,2,1220606.0,286.0335360632211,8,3.0,2.0,1220610.0,1104.81,both,-4.0,0.9999967229500004
3,3,3,975290.0,256.17232567875084,8,3.0,3.0,975290.0,987.568,both,0.0,1.0
3,3,4,1377248.0,323.695336185077,8,3.0,4.0,1377250.0,1173.56,both,-2.0,0.9999985478308223
3,3,5,837259.0,243.03276580531275,8,3.0,5.0,837259.0,915.019,both,0.0,1.0
3,3,6,493579.0,174.57152855271102,8,3.0,6.0,493579.0,702.552,both,0.0,1.0
3,3,7,370640.0,140.15198372170835,8,3.0,7.0,370640.0,608.802,both,0.0,1.0
3,3,8,138800.0,78.82041460790789,8,3.0,8.0,138800.0,372.559,both,0.0,1.0
3,3,9,45978.0,44.34046129924677,8,3.0,9.0,45978.0,214.425,both,0.0,1.0
3,3,10,5405.0,14.569543495144247,8,3.0,10.0,5405.0,73.5187,both,0.0,1.0
3,4,0,1142503.0,384.249189188032,8,4.0,0.0,1142500.0,1068.88,both,3.0,1.000002625820569
3,4,1,934437.0,273.2720353058103,8,4.0,1.0,934437.0,966.663,both,0.0,1.0
3,4,2,759756.0,230.7614564988703,8,4.0,2.0,759756.0,871.64,both,0.0,1.0
3,4,3,613022.0,203.29653208987602,8,4.0,3.0,613022.0,782.957,both,0.0,1.0
3,4,4,874334.0,260.2542185267321,8,4.0,4.0,874334.0,935.058,both,0.0,1.0
3,4,5,532756.0,215.06609834583415,8,4.0,5.0,532756.0,729.901,both,0.0,1.0
3,4,6,312786.0,164.24649846806477,8,4.0,6.0,312786.0,559.273,both,0.0,1.0
3,4,7,224401.0,133.7418562536426,8,4.0,7.0,224401.0,473.71,both,0.0,1.0
3,4,8,73482.0,73.01857767942415,8,4.0,8.0,73482.0,271.076,both,0.0,1.0
3,4,9,20209.0,37.17282725092349,8,4.0,9.0,20209.0,142.158,both,0.0,1.0
3,4,10,1623.0,9.747629697598283,8,4.0,10.0,1623.0,40.2865,both,0.0,1.0
3,5,0,590786.0,291.87873758989366,8,5.0,0.0,590786.0,768.626,both,0.0,1.0
3,5,1,472853.0,203.2465778770703,8,5.0,1.0,472853.0,687.643,both,0.0,1.0
3,5,2,376507.0,165.13950764614142,8,5.0,2.0,376507.0,613.602,both,0.0,1.0
3,5,3,297310.0,142.81758741842688,8,5.0,3.0,297310.0,545.261,both,0.0,1.0
3,5,4,410146.0,177.44149649234393,8,5.0,4.0,410146.0,640.426,both,0.0,1.0
3,5,5,235010.0,144.52570757304738,8,5.0,5.0,235010.0,484.778,both,0.0,1.0
3,5,6,120720.0,108.62432920251614,8,5.0,6.0,120720.0,347.448,both,0.0,1.0
3,5,7,67184.0,82.16636241116495,8,5.0,7.0,67184.0,259.199,both,0.0,1.0
3,5,8,14017.0,35.1848103450921,8,5.0,8.0,14017.0,118.393,both,0.0,1.0
3,5,9,1959.0,10.149821723468841,8,5.0,9.0,1959.0,44.2606,both,0.0,1.0
3,5,10,14.0,0.0,8,5.0,10.0,14.0,3.74166,both,0.0,1.0
3,6,0,180025.0,176.37189174190993,8,6.0,0.0,180025.0,424.294,both,0.0,1.0
3,6,1,132074.0,121.66826153410305,8,6.0,1.0,132074.0,363.42,both,0.0,1.0
3,6,2,94301.0,86.93979569598723,8,6.0,2.0,94301.0,307.085,both,0.0,1.0
3,6,3,64230.0,69.30831877472501,8,6.0,3.0,64230.0,253.436,both,0.0,1.0
3,6,4,68382.0,71.38595355873592,8,6.0,4.0,68382.0,261.5,both,0.0,1.0
3,6,5,24454.0,44.67215226181183,8,6.0,5.0,24454.0,156.378,both,0.0,1.0
3,6,6,6810.0,22.11097310579523,8,6.0,6.0,6810.0,82.5227,both,0.0,1.0
3,6,7,1483.0,4.00098,8,6.0,7.0,1483.0,38.5097,both,0.0,1.0
3,6,8,20.0,0.0,8,6.0,8.0,20.0,4.47214,both,0.0,1.0
3,6,9,0.0,0.0,8,6.0,9.0,0.0,0.0,both,0.0,
3,6,10,0.0,0.0,8,6.0,10.0,0.0,0.0,both,0.0,
3,7,0,2194.0,17.20859835982582,8,7.0,0.0,2194.0,46.8402,both,0.0,1.0
3,7,1,694.0,0.0,8,7.0,1.0,694.0,26.3439,both,0.0,1.0
3,7,2,159.36520000000002,6.041456072520928,8,7.0,2.0,159.0,12.6095,both,0.36520000000001573,1.002296855345912
3,7,3,14.98511,3.28818,8,7.0,3.0,6.0,2.44949,both,8.98511,2.4975183333333333
3,7,4,0.0,0.0,8,7.0,4.0,0.0,0.0,both,0.0,
3,7,5,0.0,0.0,8,7.0,5.0,0.0,0.0,both,0.0,
3,7,6,0.0,0.0,8,7.0,6.0,0.0,0.0,both,0.0,
3,7,7,0.0,0.0,8,7.0,7.0,0.0,0.0,both,0.0,
3,7,8,0.0,0.0,8,7.0,8.0,0.0,0.0,both,0.0,
3,7,9,0.0,0.0,8,7.0,9.0,0.0,0.0,both,0.0,
3,7,10,0.0,0.0,8,7.0,10.0,0.0,0.0,both,0.0,
4,0,0,53404350.0,0.0,8,0.0,0.0,53404300.0,7307.83,both,50.0,1.0000009362541968
4,0,1,19157780.0,0.0,8,0.0,1.0,19157800.0,4376.96,both,-20.0,0.9999989560387936
4,0,2,8825130.0,0.0,8,0.0,2.0,8825130.0,2970.71,both,0.0,1.0
4,0,3,4409418.0,0.0,8,0.0,3.0,4409420.0,2099.86,both,-2.0,0.999999546425607
4,0,4,3196362.0,0.0,8,0.0,4.0,3196360.0,1787.84,both,2.0,1.000000625711747
4,0,5,571758.0,0.0,8,0.0,5.0,571758.0,756.147,both,0.0,1.0
4,0,6,56887.0,0.0,8,0.0,6.0,56887.0,238.51,both,0.0,1.0
4,0,7,2112.0,0.0,8,0.0,7.0,2112.0,45.9565,both,0.0,1.0
4,0,8,0.0,0.0,8,0.0,8.0,0.0,0.0,both,0.0,
4,0,9,0.0,0.0,8,0.0,9.0,0.0,0.0,both,0.0,
4,0,10,0.0,0.0,8,0.0,10.0,0.0,0.0,both,0.0,
4,1,0,7329761.0,437.5207922933492,8,1.0,0.0,7329760.0,2707.35,both,1.0,1.000000136430115
4,1,1,5349453.0,192.8287919911858,8,1.0,1.0,5349460.0,2312.89,both,-7.0,0.9999986914567078
4,1,2,3854124.0,129.19053789879504,8,1.0,2.0,3854120.0,1963.19,both,4.0,1.0000010378504043
4,1,3,2780156.0,100.09461958539231,8,1.0,3.0,2780160.0,1667.38,both,-4.0,0.9999985612338859
4,1,4,3452231.0,91.02380849975461,8,1.0,4.0,3452230.0,1858.02,both,1.0,1.000000289667838
4,1,5,1598314.0,38.368655328824076,8,1.0,5.0,1598310.0,1264.24,both,4.0,1.0000025026434172
4,1,6,550460.0,5.66868,8,1.0,6.0,550460.0,741.93,both,0.0,1.0
4,1,7,145547.0,0.0,8,1.0,7.0,145547.0,381.506,both,0.0,1.0
4,1,8,7052.0,0.0,8,1.0,8.0,7052.0,83.9762,both,0.0,1.0
4,1,9,20.0,0.0,8,1.0,9.0,20.0,4.47214,both,0.0,1.0
4,1,10,0.0,0.0,8,1.0,10.0,0.0,0.0,both,0.0,
4,2,0,3872042.0,672.7436736216848,8,2.0,0.0,3872040.0,1967.75,both,2.0,1.0000005165235897
4,2,1,3035367.0,379.71096956714325,8,2.0,1.0,3035370.0,1742.23,both,-3.0,0.9999990116526156
4,2,2,2342691.0,253.9435600509885,8,2.0,2.0,2342690.0,1530.59,both,1.0,1.0000004268597211
4,2,3,1780328.0,212.8298949234811,8,2.0,3.0,1780330.0,1334.29,both,-2.0,0.9999988766127628
4,2,4,2294823.0,231.8288057088463,8,2.0,4.0,2294820.0,1514.87,both,3.0,1.0000013072920753
4,2,5,1183719.0,139.0414579585891,8,2.0,5.0,1183720.0,1087.99,both,-1.0,0.999999155205623
4,2,6,543134.0,77.83046920756678,8,2.0,6.0,543134.0,736.976,both,0.0,1.0
4,2,7,247732.0,42.969020745299744,8,2.0,7.0,247732.0,497.727,both,0.0,1.0
4,2,8,33473.0,12.46187496180651,8,2.0,8.0,33473.0,182.956,both,0.0,1.0
4,2,9,1553.0,0.0,8,2.0,9.0,1553.0,39.4081,both,0.0,1.0
4,2,10,0.0,0.0,8,2.0,10.0,0.0,0.0,both,0.0,
4,3,0,2457523.0,566.6138263332443,8,3.0,0.0,2457520.0,1567.65,both,3.0,1.0000012207428628
4,3,1,1964855.0,367.9281839035982,8,3.0,1.0,1964860.0,1401.73,both,-5.0,0.9999974552894354
4,3,2,1540880.0,271.0943587091956,8,3.0,2.0,1540880.0,1241.32,both,0.0,1.0
4,3,3,1180053.0,225.24344110384214,8,3.0,3.0,1180050.0,1086.3,both,3.0,1.0000025422651582
4,3,4,1532689.0,264.9096574041422,8,3.0,4.0,1532690.0,1238.02,both,-1.0,0.9999993475523427
4,3,5,787455.0,182.96704339219127,8,3.0,5.0,787455.0,887.387,both,0.0,1.0
4,3,6,364625.0,113.8696227211876,8,3.0,6.0,364625.0,603.842,both,0.0,1.0
4,3,7,173041.0,75.19591263772254,8,3.0,7.0,173041.0,415.982,both,0.0,1.0
4,3,8,27582.0,28.403923120000517,8,3.0,8.0,27582.0,166.078,both,0.0,1.0
4,3,9,1797.0,7.458347737273987,8,3.0,9.0,1797.0,42.391,both,0.0,1.0
4,3,10,0.0,0.0,8,3.0,10.0,0.0,0.0,both,0.0,
4,4,0,1455074.0,459.9173248084921,8,4.0,0.0,1455070.0,1206.26,both,4.0,1.0000027490086387
4,4,1,1127119.0,298.90326834236856,8,4.0,1.0,1127120.0,1061.66,both,-1.0,0.9999991127830222
4,4,2,859805.0,234.33848263686866,8,4.0,2.0,859805.0,927.257,both,0.0,1.0
4,4,3,647942.0,188.53431760220738,8,4.0,3.0,647942.0,804.948,both,0.0,1.0
4,4,4,818668.0,219.47421567614728,8,4.0,4.0,818668.0,904.803,both,0.0,1.0
4,4,5,394654.0,156.39157997923033,8,4.0,5.0,394654.0,628.215,both,0.0,1.0
4,4,6,159617.0,99.5484567751806,8,4.0,6.0,159617.0,399.521,both,0.0,1.0
4,4,7,62431.0,62.4406102086823,8,4.0,7.0,62431.0,249.862,both,0.0,1.0
4,4,8,6711.0,17.37006116357683,8,4.0,8.0,6711.0,81.9207,both,0.0,1.0
4,4,9,138.0,0.0,8,4.0,9.0,138.0,11.7473,both,0.0,1.0
4,4,10,0.0,0.0,8,4.0,10.0,0.0,0.0,both,0.0,
4,5,0,604403.0,320.5556604710171,8,5.0,0.0,604403.0,777.434,both,0.0,1.0
4,5,1,448063.0,211.09755277690928,8,5.0,1.0,448063.0,669.375,both,0.0,1.0
4,5,2,318473.0,154.70548445136004,8,5.0,2.0,318473.0,564.334,both,0.0,1.0
4,5,3,216261.0,118.6338521059651,8,5.0,3.0,216261.0,465.039,both,0.0,1.0
4,5,4,225403.0,126.03535436110774,8,5.0,4.0,225403.0,474.766,both,0.0,1.0
4,5,5,76589.0,77.63256311175162,8,5.0,5.0,76589.0,276.747,both,0.0,1.0
4,5,6,19912.0,44.10965104894846,8,5.0,6.0,19912.0,141.11,both,0.0,1.0
4,5,7,4103.0,20.931587516433147,8,5.0,7.0,4103.0,64.0547,both,0.0,1.0
4,5,8,44.0,0.0,8,5.0,8.0,44.0,6.63325,both,0.0,1.0
4,5,9,0.0,0.0,8,5.0,9.0,0.0,0.0,both,0.0,
4,5,10,0.0,0.0,8,5.0,10.0,0.0,0.0,both,0.0,
4,6,0,75399.0,125.7470544010475,8,6.0,0.0,75399.0,274.589,both,0.0,1.0
4,6,1,40388.0,71.38808278601198,8,6.0,1.0,40388.0,200.968,both,0.0,1.0
4,6,2,19873.0,44.85835299150649,8,6.0,2.0,19873.0,140.972,both,0.0,1.0
4,6,3,9087.0,26.016162741073096,8,6.0,3.0,9087.0,95.3258,both,0.0,1.0
4,6,4,4823.0,21.92046338702264,8,6.0,4.0,4823.0,69.4478,both,0.0,1.0
4,6,5,274.0,3.63958,8,6.0,5.0,274.0,16.5529,both,0.0,1.0
4,6,6,0.0,0.0,8,6.0,6.0,0.0,0.0,both,0.0,
4,6,7,0.0,0.0,8,6.0,7.0,0.0,0.0,both,0.0,
4,6,8,0.0,0.0,8,6.0,8.0,0.0,0.0,both,0.0,
4,6,9,0.0,0.0,8,6.0,9.0,0.0,0.0,both,0.0,
4,6,10,0.0,0.0,8,6.0,10.0,0.0,0.0,both,0.0,
4,7,0,103.10938,11.132809124066576,8,7.0,0.0,0.0,0.0,both,103.10938,
4,7,1,0.0,0.0,8,7.0,1.0,0.0,0.0,both,0.0,
4,7,2,0.0,0.0,8,7.0,2.0,0.0,0.0,both,0.0,
4,7,3,0.0,0.0,8,7.0,3.0,0.0,0.0,both,0.0,
4,7,4,0.0,0.0,8,7.0,4.0,0.0,0.0,both,0.0,
4,7,5,0.0,0.0,8,7.0,5.0,0.0,0.0,both,0.0,
4,7,6,0.0,0.0,8,7.0,6.0,0.0,0.0,both,0.0,
4,7,7,0.0,0.0,8,7.0,7.0,0.0,0.0,both,0.0,
4,7,8,0.0,0.0,8,7.0,8.0,0.0,0.0,both,0.0,
4,7,9,0.0,0.0,8,7.0,9.0,0.0,0.0,both,0.0,
4,7,10,0.0,0.0,8,7.0,10.0,0.0,0.0,both,0.0,
5,0,0,25646930.0,0.0,8,0.0,0.0,25266500.0,5026.58,both,380430.0,1.0150566956246414
5,0,1,8004957.0,0.0,8,0.0,1.0,7895460.0,2809.89,both,109497.0,1.0138683496591712
5,0,2,3042002.0,0.0,8,0.0,2.0,3011140.0,1735.26,both,30862.0,1.0102492743612055
5,0,3,1138825.0,0.0,8,0.0,3.0,1132980.0,1064.41,both,5845.0,1.0051589613232361
5,0,4,438317.0,0.0,8,0.0,4.0,437763.0,661.637,both,554.0,1.0012655249529996
5,0,5,12304.0,0.0,8,0.0,5.0,12304.0,110.923,both,0.0,1.0
5,0,6,0.0,0.0,8,0.0,6.0,0.0,0.0,both,0.0,
5,0,7,0.0,0.0,8,0.0,7.0,0.0,0.0,both,0.0,
5,0,8,0.0,0.0,8,0.0,8.0,0.0,0.0,both,0.0,
5,0,9,0.0,0.0,8,0.0,9.0,0.0,0.0,both,0.0,
5,0,10,0.0,0.0,8,0.0,10.0,0.0,0.0,both,0.0,
5,1,0,4328585.0,94.6805342006476,8,1.0,0.0,4249300.0,2061.38,both,79285.0,1.0186583672604899
5,1,1,3068573.0,30.888455167329106,8,1.0,1.0,3014550.0,1736.25,both,54023.0,1.0179207510241992
5,1,2,2005589.0,25.447831290443986,8,1.0,2.0,1972780.0,1404.56,both,32809.0,1.0166308458114945
5,1,3,1297877.0,18.024458759638247,8,1.0,3.0,1280300.0,1131.5,both,17577.0,1.013728813559322
5,1,4,1194669.0,15.589279763234735,8,1.0,4.0,1188160.0,1090.03,both,6509.0,1.0054782184217614
5,1,5,232433.0,0.0,8,1.0,5.0,232344.0,482.021,both,89.0,1.00038305271494
5,1,6,16866.0,0.0,8,1.0,6.0,16866.0,129.869,both,0.0,1.0
5,1,7,85.0,0.0,8,1.0,7.0,85.0,9.21954,both,0.0,1.0
5,1,8,0.0,0.0,8,1.0,8.0,0.0,0.0,both,0.0,
5,1,9,0.0,0.0,8,1.0,9.0,0.0,0.0,both,0.0,
5,1,10,0.0,0.0,8,1.0,10.0,0.0,0.0,both,0.0,
5,2,0,2282789.0,351.1449174644138,8,2.0,0.0,2242920.0,1497.64,both,39869.0,1.0177754890945732
5,2,1,1679582.0,167.42713919057448,8,2.0,1.0,1651390.0,1285.07,both,28192.0,1.0170716790098038
5,2,2,1198565.0,105.4360273978136,8,2.0,2.0,1179160.0,1085.89,both,19405.0,1.016456630143492
5,2,3,836451.0,87.78434248036491,8,2.0,3.0,824388.0,907.958,both,12063.0,1.014632672964672
5,2,4,883969.0,90.90964559826476,8,2.0,4.0,877597.0,936.801,both,6372.0,1.007260735850282
5,2,5,266955.0,41.68326454993659,8,2.0,5.0,266702.0,516.432,both,253.0,1.0009486243072794
5,2,6,46138.0,14.771926976119262,8,2.0,6.0,46138.0,214.798,both,0.0,1.0
5,2,7,2127.0,0.0,8,2.0,7.0,2127.0,46.1194,both,0.0,1.0
5,2,8,0.0,0.0,8,2.0,8.0,0.0,0.0,both,0.0,
5,2,9,0.0,0.0,8,2.0,9.0,0.0,0.0,both,0.0,
5,2,10,0.0,0.0,8,2.0,10.0,0.0,0.0,both,0.0,
5,3,0,1289949.0,361.98451311761943,8,3.0,0.0,1268850.0,1126.43,both,21099.0,1.016628443078378
5,3,1,974474.0,200.7407643080498,8,3.0,1.0,959263.0,979.42,both,15211.0,1.0158569651909852
5,3,2,709898.0,131.40617669067157,8,3.0,2.0,700548.0,836.987,both,9350.0,1.013346694302175
5,3,3,488758.0,101.85104050656527,8,3.0,3.0,484337.0,695.943,both,4421.0,1.0091279419082169
5,3,4,496762.0,113.98953531193115,8,3.0,4.0,494813.0,703.429,both,1949.0,1.0039388617518132
5,3,5,142190.0,63.04327458547818,8,3.0,5.0,142144.0,377.02,both,46.0,1.0003236154885187
5,3,6,23119.0,25.319565152494224,8,3.0,6.0,23119.0,152.049,both,0.0,1.0
5,3,7,897.0,6.83893,8,3.0,7.0,897.0,29.95,both,0.0,1.0
5,3,8,0.0,0.0,8,3.0,8.0,0.0,0.0,both,0.0,
5,3,9,0.0,0.0,8,3.0,9.0,0.0,0.0,both,0.0,
5,3,10,0.0,0.0,8,3.0,10.0,0.0,0.0,both,0.0,
5,4,0,648407.0,309.4816445225791,8,4.0,0.0,640666.0,800.416,both,7741.0,1.0120827388998324
5,4,1,458313.0,172.78594880872114,8,4.0,1.0,454604.0,674.243,both,3709.0,1.008158749153109
5,4,2,301484.0,110.98764357008396,8,4.0,2.0,300151.0,547.86,both,1333.0,1.004441097980683
5,4,3,182921.0,75.14410076366607,8,4.0,3.0,182580.0,427.294,both,341.0,1.0018676744440793
5,4,4,144547.0,71.48336498850624,8,4.0,4.0,144506.0,380.139,both,41.0,1.0002837252432426
5,4,5,25001.0,35.757760745864665,8,4.0,5.0,25001.0,158.117,both,0.0,1.0
5,4,6,1451.0,9.986990242235144,8,4.0,6.0,1451.0,38.092,both,0.0,1.0
5,4,7,1.0,0.0,8,4.0,7.0,1.0,1.0,both,0.0,1.0
5,4,8,0.0,0.0,8,4.0,8.0,0.0,0.0,both,0.0,
5,4,9,0.0,0.0,8,4.0,9.0,0.0,0.0,both,0.0,
5,4,10,0.0,0.0,8,4.0,10.0,0.0,0.0,both,0.0,
5,5,0,146682.0,169.33308446301922,8,5.0,0.0,146483.0,382.731,both,199.0,1.0013585194186356
5,5,1,74679.0,92.33215145208088,8,5.0,1.0,74663.0,273.245,both,16.0,1.0002142962377616
5,5,2,33043.0,48.99567945474886,8,5.0,2.0,33043.0,181.777,both,0.0,1.0
5,5,3,12398.0,22.31277344112112,8,5.0,3.0,12398.0,111.346,both,0.0,1.0
5,5,4,4073.0,14.391701137162347,8,5.0,4.0,4073.0,63.8201,both,0.0,1.0
5,5,5,44.876599999999996,4.25776,8,5.0,5.0,32.0,5.65685,both,12.876599999999996,1.4023937499999999
5,5,6,0.0,0.0,8,5.0,6.0,0.0,0.0,both,0.0,
5,5,7,0.0,0.0,8,5.0,7.0,0.0,0.0,both,0.0,
5,5,8,0.0,0.0,8,5.0,8.0,0.0,0.0,both,0.0,
5,5,9,0.0,0.0,8,5.0,9.0,0.0,0.0,both,0.0,
5,5,10,0.0,0.0,8,5.0,10.0,0.0,0.0,both,0.0,
5,6,0,808.7156,30.6108756208394,8,6.0,0.0,206.0,14.3527,both,602.7156,3.9258038834951456
5,6,1,238.4828,17.152527282983694,8,6.0,1.0,1.0,1.0,both,237.4828,238.4828
5,6,2,10.8319,3.44186,8,6.0,2.0,0.0,0.0,both,10.8319,
5,6,3,0.0,0.0,8,6.0,3.0,0.0,0.0,both,0.0,
5,6,4,0.0,0.0,8,6.0,4.0,0.0,0.0,both,0.0,
5,6,5,0.0,0.0,8,6.0,5.0,0.0,0.0,both,0.0,
5,6,6,0.0,0.0,8,6.0,6.0,0.0,0.0,both,0.0,
5,6,7,0.0,0.0,8,6.0,7.0,0.0,0.0,both,0.0,
5,6,8,0.0,0.0,8,6.0,8.0,0.0,0.0,both,0.0,
5,6,9,0.0,0.0,8,6.0,9.0,0.0,0.0,both,0.0,
5,6,10,0.0,0.0,8,6.0,10.0,0.0,0.0,both,0.0,
5,7,0,41.2825,7.198927255765265,8,7.0,0.0,0.0,0.0,both,41.2825,
5,7,1,0.0,0.0,8,7.0,1.0,0.0,0.0,both,0.0,
5,7,2,12.326,4.0985,8,7.0,2.0,0.0,0.0,both,12.326,
5,7,3,0.0,0.0,8,7.0,3.0,0.0,0.0,both,0.0,
5,7,4,0.0,0.0,8,7.0,4.0,0.0,0.0,both,0.0,
5,7,5,0.0,0.0,8,7.0,5.0,0.0,0.0,both,0.0,
5,7,6,0.0,0.0,8,7.0,6.0,0.0,0.0,both,0.0,
5,7,7,0.0,0.0,8,7.0,7.0,0.0,0.0,both,0.0,
5,7,8,0.0,0.0,8,7.0,8.0,0.0,0.0,both,0.0,
5,7,9,0.0,0.0,8,7.0,9.0,0.0,0.0,both,0.0,
5,7,10,0.0,0.0,8,7.0,10.0,0.0,0.0,both,0.0,
6,0,0,8964790.0,0.0,8,0.0,0.0,8693900.0,2948.54,both,270890.0,1.0311586284636354
6,0,1,2604851.0,0.0,8,0.0,1.0,2532400.0,1591.35,both,72451.0,1.0286096193334386
6,0,2,765999.0,0.0,8,0.0,2.0,750518.0,866.324,both,15481.0,1.0206270868919867
6,0,3,161535.0,0.0,8,0.0,3.0,161205.0,401.503,both,330.0,1.0020470829068577
6,0,4,14992.0,0.0,8,0.0,4.0,14992.0,122.442,both,0.0,1.0
6,0,5,0.0,0.0,8,0.0,5.0,0.0,0.0,both,0.0,
6,0,6,0.0,0.0,8,0.0,6.0,0.0,0.0,both,0.0,
6,0,7,0.0,0.0,8,0.0,7.0,0.0,0.0,both,0.0,
6,0,8,0.0,0.0,8,0.0,8.0,0.0,0.0,both,0.0,
6,0,9,0.0,0.0,8,0.0,9.0,0.0,0.0,both,0.0,
6,0,10,0.0,0.0,8,0.0,10.0,0.0,0.0,both,0.0,
6,1,0,1812246.0,0.0,8,1.0,0.0,1750700.0,1323.14,both,61546.0,1.035155080824813
6,1,1,1241340.0,0.0,8,1.0,1.0,1200570.0,1095.7,both,40770.0,1.03395886953697
6,1,2,747372.0,0.0,8,1.0,2.0,722389.0,849.935,both,24983.0,1.0345838599424964
6,1,3,427663.0,0.0,8,1.0,3.0,418263.0,646.733,both,9400.0,1.0224738980019747
6,1,4,174828.0,0.0,8,1.0,4.0,174828.0,418.124,both,0.0,1.0
6,1,5,2247.0,0.0,8,1.0,5.0,2247.0,47.4025,both,0.0,1.0
6,1,6,0.0,0.0,8,1.0,6.0,0.0,0.0,both,0.0,
6,1,7,0.0,0.0,8,1.0,7.0,0.0,0.0,both,0.0,
6,1,8,0.0,0.0,8,1.0,8.0,0.0,0.0,both,0.0,
6,1,9,0.0,0.0,8,1.0,9.0,0.0,0.0,both,0.0,
6,1,10,0.0,0.0,8,1.0,10.0,0.0,0.0,both,0.0,
6,2,0,919589.0,134.60532992359552,8,2.0,0.0,888732.0,942.726,both,30857.0,1.0347202531246764
6,2,1,648572.0,70.46083320448318,8,2.0,1.0,626698.0,791.643,both,21874.0,1.0349035739702377
6,2,2,442408.0,39.090175059515914,8,2.0,2.0,427278.0,653.665,both,15130.0,1.0354102013209199
6,2,3,288056.0,31.40816974991698,8,2.0,3.0,281145.0,530.231,both,6911.0,1.024581621583169
6,2,4,161980.0,28.726450010399823,8,2.0,4.0,161980.0,402.467,both,0.0,1.0
6,2,5,6609.0,4.45384,8,2.0,5.0,6609.0,81.2958,both,0.0,1.0
6,2,6,0.0,0.0,8,2.0,6.0,0.0,0.0,both,0.0,
6,2,7,0.0,0.0,8,2.0,7.0,0.0,0.0,both,0.0,
6,2,8,0.0,0.0,8,2.0,8.0,0.0,0.0,both,0.0,
6,2,9,0.0,0.0,8,2.0,9.0,0.0,0.0,both,0.0,
6,2,10,0.0,0.0,8,2.0,10.0,0.0,0.0,both,0.0,
6,3,0,484001.0,188.48970958177,8,3.0,0.0,467298.0,683.592,both,16703.0,1.0357437866201011
6,3,1,352718.0,96.26459561479496,8,3.0,1.0,341499.0,584.379,both,11219.0,1.032852219186586
6,3,2,227508.0,61.087063394961135,8,3.0,2.0,223088.0,472.322,both,4420.0,1.0198128092949867
6,3,3,109728.0,39.774893852429074,8,3.0,3.0,109599.0,331.057,both,129.0,1.0011770180384858
6,3,4,47587.0,32.00020344623921,8,3.0,4.0,47587.0,218.144,both,0.0,1.0
6,3,5,899.0,8.16662451067759,8,3.0,5.0,899.0,29.9833,both,0.0,1.0
6,3,6,0.0,0.0,8,3.0,6.0,0.0,0.0,both,0.0,
6,3,7,0.0,0.0,8,3.0,7.0,0.0,0.0,both,0.0,
6,3,8,0.0,0.0,8,3.0,8.0,0.0,0.0,both,0.0,
6,3,9,0.0,0.0,8,3.0,9.0,0.0,0.0,both,0.0,
6,3,10,0.0,0.0,8,3.0,10.0,0.0,0.0,both,0.0,
6,4,0,184435.0,151.77895808507185,8,4.0,0.0,181448.0,425.967,both,2987.0,1.016462016665932
6,4,1,88349.0,63.534235625448424,8,4.0,1.0,88239.0,297.051,both,110.0,1.0012466143088656
6,4,2,32010.0,26.550001505555514,8,4.0,2.0,32010.0,178.913,both,0.0,1.0
6,4,3,8464.0,14.542697266219221,8,4.0,3.0,8464.0,92.0,both,0.0,1.0
6,4,4,1169.0,9.690332725484714,8,4.0,4.0,1169.0,34.1906,both,0.0,1.0
6,4,5,17.0257,4.26422,8,4.0,5.0,0.0,0.0,both,17.0257,
6,4,6,0.0,0.0,8,4.0,6.0,0.0,0.0,both,0.0,
6,4,7,0.0,0.0,8,4.0,7.0,0.0,0.0,both,0.0,
6,4,8,0.0,0.0,8,4.0,8.0,0.0,0.0,both,0.0,
6,4,9,0.0,0.0,8,4.0,9.0,0.0,0.0,both,0.0,
6,4,10,0.0,0.0,8,4.0,10.0,0.0,0.0,both,0.0,
6,5,0,4364.0,38.05487495717336,8,5.0,0.0,4364.0,66.0606,both,0.0,1.0
6,5,1,420.1087,9.657924022537141,8,5.0,1.0,404.0,20.0998,both,16.1087,1.03987301980198
6,5,2,10.8317,3.44188,8,5.0,2.0,0.0,0.0,both,10.8317,
6,5,3,0.0,0.0,8,5.0,3.0,0.0,0.0,both,0.0,
6,5,4,0.0,0.0,8,5.0,4.0,0.0,0.0,both,0.0,
6,5,5,0.0,0.0,8,5.0,5.0,0.0,0.0,both,0.0,
6,5,6,0.0,0.0,8,5.0,6.0,0.0,0.0,both,0.0,
6,5,7,0.0,0.0,8,5.0,7.0,0.0,0.0,both,0.0,
6,5,8,0.0,0.0,8,5.0,8.0,0.0,0.0,both,0.0,
6,5,9,0.0,0.0,8,5.0,9.0,0.0,0.0,both,0.0,
6,5,10,0.0,0.0,8,5.0,10.0,0.0,0.0,both,0.0,
6,6,0,157.1443,13.753790808115411,8,6.0,0.0,0.0,0.0,both,157.1443,
6,6,1,29.3885,5.817835278005042,8,6.0,1.0,0.0,0.0,both,29.3885,
6,6,2,0.0,0.0,8,6.0,2.0,0.0,0.0,both,0.0,
6,6,3,0.0,0.0,8,6.0,3.0,0.0,0.0,both,0.0,
6,6,4,0.0,0.0,8,6.0,4.0,0.0,0.0,both,0.0,
6,6,5,0.0,0.0,8,6.0,5.0,0.0,0.0,both,0.0,
6,6,6,0.0,0.0,8,6.0,6.0,0.0,0.0,both,0.0,
6,6,7,0.0,0.0,8,6.0,7.0,0.0,0.0,both,0.0,
6,6,8,0.0,0.0,8,6.0,8.0,0.0,0.0,both,0.0,
6,6,9,0.0,0.0,8,6.0,9.0,0.0,0.0,both,0.0,
6,6,10,0.0,0.0,8,6.0,10.0,0.0,0.0,both,0.0,
6,7,0,10.0385,3.47791,8,7.0,0.0,0.0,0.0,both,10.0385,
6,7,1,0.0,0.0,8,7.0,1.0,0.0,0.0,both,0.0,
6,7,2,12.6779,4.37627,8,7.0,2.0,0.0,0.0,both,12.6779,
6,7,3,0.0,0.0,8,7.0,3.0,0.0,0.0,both,0.0,
6,7,4,0.0,0.0,8,7.0,4.0,0.0,0.0,both,0.0,
6,7,5,0.0,0.0,8,7.0,5.0,0.0,0.0,both,0.0,
6,7,6,0.0,0.0,8,7.0,6.0,0.0,0.0,both,0.0,
6,7,7,0.0,0.0,8,7.0,7.0,0.0,0.0,both,0.0,
6,7,8,0.0,0.0,8,7.0,8.0,0.0,0.0,both,0.0,
6,7,9,0.0,0.0,8,7.0,9.0,0.0,0.0,both,0.0,
6,7,10,0.0,0.0,8,7.0,10.0,0.0,0.0,both,0.0,
7,0,0,64366290.0,980.0764665514625,8,0.0,0.0,64366300.0,8022.86,both,-10.0,0.9999998446391979
7,0,1,27353840.0,560.1170409655468,8,0.0,1.0,27353800.0,5230.09,both,40.0,1.0000014623196778
7,0,2,14188170.0,408.5284395081082,8,0.0,2.0,14188200.0,3766.72,both,-30.0,0.9999978855668795
7,0,3,8069772.0,285.476038462285,8,0.0,3.0,8069760.0,2840.73,both,12.0,1.0000014870330716
7,0,4,7855883.0,265.0919763540571,8,0.0,4.0,7855880.0,2802.83,both,3.0,1.0000003818795602
7,0,5,3158516.0,95.09005379717692,8,0.0,5.0,3158520.0,1777.22,both,-4.0,0.9999987335840836
7,0,6,1342885.0,35.81189685095583,8,0.0,6.0,1342880.0,1158.83,both,5.0,1.0000037233408794
7,0,7,750441.0,21.669537499044598,8,0.0,7.0,750441.0,866.28,both,0.0,1.0
7,0,8,228249.0,10.1231,8,0.0,8.0,228249.0,477.754,both,0.0,1.0
7,0,9,73221.0,2.69957,8,0.0,9.0,73221.0,270.594,both,0.0,1.0
7,0,10,8363.0,0.0,8,0.0,10.0,8363.0,91.4494,both,0.0,1.0
7,1,0,5411856.0,890.3828263657156,8,1.0,0.0,5411860.0,2326.34,both,-4.0,0.9999992608825801
7,1,1,4175154.0,647.8109577956906,8,1.0,1.0,4175150.0,2043.32,both,4.0,1.0000009580494114
7,1,2,3153984.0,563.2924628677363,8,1.0,2.0,3153980.0,1775.95,both,4.0,1.0000012682388602
7,1,3,2349632.0,484.0528614378496,8,1.0,3.0,2349630.0,1532.85,both,2.0,1.0000008511978482
7,1,4,3060989.0,546.8992906925369,8,1.0,4.0,3060990.0,1749.57,both,-1.0,0.9999996733083087
7,1,5,1744308.0,379.45396020463403,8,1.0,5.0,1744310.0,1320.72,both,-2.0,0.9999988534148173
7,1,6,1023760.0,250.14370126109512,8,1.0,6.0,1023760.0,1011.81,both,0.0,1.0
7,1,7,820132.0,176.0199496869318,8,1.0,7.0,820132.0,905.611,both,0.0,1.0
7,1,8,384292.0,77.66483191818547,8,1.0,8.0,384293.0,619.914,both,-1.0,0.9999973978188518
7,1,9,222586.0,29.791927383955876,8,1.0,9.0,222586.0,471.79,both,0.0,1.0
7,1,10,106590.0,3.94566,8,1.0,10.0,106590.0,326.481,both,0.0,1.0
7,2,0,2591621.0,446.6963021786614,8,2.0,0.0,2591620.0,1609.85,both,1.0,1.000000385859038
7,2,1,2067496.0,430.55330682679704,8,2.0,1.0,2067500.0,1437.88,both,-4.0,0.9999980652962515
7,2,2,1628413.0,372.28231737992877,8,2.0,2.0,1628410.0,1276.09,both,3.0,1.0000018422878758
7,2,3,1268473.0,331.22483533675427,8,2.0,3.0,1268470.0,1126.27,both,3.0,1.0000023650539627
7,2,4,1747615.0,430.01376348280996,8,2.0,4.0,1747620.0,1321.97,both,-5.0,0.9999971389661368
7,2,5,1045109.0,347.2101716339255,8,2.0,5.0,1045110.0,1022.31,both,-1.0,0.9999990431629207
7,2,6,630411.0,278.63514923024337,8,2.0,6.0,630411.0,793.984,both,0.0,1.0
7,2,7,520252.0,256.0082818677161,8,2.0,7.0,520252.0,721.285,both,0.0,1.0
7,2,8,261621.0,174.87998608222725,8,2.0,8.0,261621.0,511.489,both,0.0,1.0
7,2,9,168985.0,124.2127266769392,8,2.0,9.0,168985.0,411.078,both,0.0,1.0
7,2,10,116541.0,71.99957073233145,8,2.0,10.0,116541.0,341.381,both,0.0,1.0
7,3,0,1372402.0,279.51859543196764,8,3.0,0.0,1372400.0,1171.5,both,2.0,1.0000014573010785
7,3,1,1120693.0,265.86719188899184,8,3.0,1.0,1120690.0,1058.63,both,3.0,1.0000026769222532
7,3,2,908181.0,242.4051510816963,8,3.0,2.0,908181.0,952.985,both,0.0,1.0
7,3,3,730770.0,233.95428885890956,8,3.0,3.0,730770.0,854.851,both,0.0,1.0
7,3,4,1051951.0,313.7075325992986,8,3.0,4.0,1051950.0,1025.65,both,1.0,1.0000009506155236
7,3,5,666491.0,268.3618933855923,8,3.0,5.0,666491.0,816.389,both,0.0,1.0
7,3,6,420392.0,220.68064173014815,8,3.0,6.0,420392.0,648.376,both,0.0,1.0
7,3,7,359927.0,215.32177412379826,8,3.0,7.0,359927.0,599.939,both,0.0,1.0
7,3,8,183420.0,158.47768927931148,8,3.0,8.0,183420.0,428.276,both,0.0,1.0
7,3,9,117530.0,131.3826992194939,8,3.0,9.0,117530.0,342.826,both,0.0,1.0
7,3,10,82415.0,105.86292687910154,8,3.0,10.0,82415.0,287.08,both,0.0,1.0
7,4,0,755256.0,193.35102425547169,8,4.0,0.0,755256.0,869.055,both,0.0,1.0
7,4,1,625638.0,189.1168251602961,8,4.0,1.0,625638.0,790.973,both,0.0,1.0
7,4,2,517853.0,184.04898709273027,8,4.0,2.0,517853.0,719.62,both,0.0,1.0
7,4,3,426922.0,169.84088041940905,8,4.0,3.0,426922.0,653.393,both,0.0,1.0
7,4,4,636096.0,232.97411286992812,8,4.0,4.0,636096.0,797.556,both,0.0,1.0
7,4,5,425052.0,204.12260810180337,8,4.0,5.0,425054.0,651.962,both,-2.0,0.999995294715495
7,4,6,281463.0,173.05731033412025,8,4.0,6.0,281463.0,530.531,both,0.0,1.0
7,4,7,251544.0,173.36138557112423,8,4.0,7.0,251544.0,501.542,both,0.0,1.0
7,4,8,134322.0,131.37074010025978,8,4.0,8.0,134322.0,366.5,both,0.0,1.0
7,4,9,86590.0,109.16922871940609,8,4.0,9.0,86590.0,294.262,both,0.0,1.0
7,4,10,57084.0,90.24736797835159,8,4.0,10.0,57084.0,238.923,both,0.0,1.0
7,5,0,397091.0,141.2765131570354,8,5.0,0.0,397091.0,630.152,both,0.0,1.0
7,5,1,333226.0,137.20256027805203,8,5.0,1.0,333226.0,577.257,both,0.0,1.0
7,5,2,281271.0,131.36100296351273,8,5.0,2.0,281271.0,530.35,both,0.0,1.0
7,5,3,233101.0,122.70126467527749,8,5.0,3.0,233101.0,482.805,both,0.0,1.0
7,5,4,357027.0,167.69607730620893,8,5.0,4.0,357027.0,597.517,both,0.0,1.0
7,5,5,245175.0,148.4214928636348,8,5.0,5.0,245175.0,495.151,both,0.0,1.0
7,5,6,166285.0,127.41542130276068,8,5.0,6.0,166285.0,407.781,both,0.0,1.0
7,5,7,153015.0,129.68894797152146,8,5.0,7.0,153015.0,391.171,both,0.0,1.0
7,5,8,81995.0,98.03367703039605,8,5.0,8.0,81995.0,286.348,both,0.0,1.0
7,5,9,53351.0,82.87888047543174,8,5.0,9.0,53351.0,230.978,both,0.0,1.0
7,5,10,32166.0,65.57563798990064,8,5.0,10.0,32166.0,179.349,both,0.0,1.0
7,6,0,169669.0,100.6527941812844,8,6.0,0.0,169669.0,411.909,both,0.0,1.0
7,6,1,142042.0,92.04808235085618,8,6.0,1.0,142042.0,376.885,both,0.0,1.0
7,6,2,118864.0,88.35999063999498,8,6.0,2.0,118864.0,344.767,both,0.0,1.0
7,6,3,99821.0,81.38897217337801,8,6.0,3.0,99821.0,315.945,both,0.0,1.0
7,6,4,152527.0,107.2094666936647,8,6.0,4.0,152527.0,390.547,both,0.0,1.0
7,6,5,105625.0,94.7750985900305,8,6.0,5.0,105625.0,325.0,both,0.0,1.0
7,6,6,71610.0,81.76494575501167,8,6.0,6.0,71610.0,267.6,both,0.0,1.0
7,6,7,65232.0,81.77892814246222,8,6.0,7.0,65232.0,255.406,both,0.0,1.0
7,6,8,32521.0,57.57275007718495,8,6.0,8.0,32521.0,180.336,both,0.0,1.0
7,6,9,16641.0,42.252510466479976,8,6.0,9.0,16641.0,129.0,both,0.0,1.0
7,6,10,4479.0,22.40199344258229,8,6.0,10.0,4479.0,66.9253,both,0.0,1.0
7,7,0,41556.0,47.20014530387592,8,7.0,0.0,41556.0,203.853,both,0.0,1.0
7,7,1,33137.0,43.6552653296312,8,7.0,1.0,33137.0,182.036,both,0.0,1.0
7,7,2,26290.0,39.30895337950503,8,7.0,2.0,26290.0,162.142,both,0.0,1.0
7,7,3,20379.0,34.15057531285234,8,7.0,3.0,20379.0,142.755,both,0.0,1.0
7,7,4,26756.0,41.9628142831293,8,7.0,4.0,26756.0,163.573,both,0.0,1.0
7,7,5,14080.0,28.23089446705506,8,7.0,5.0,14080.0,118.659,both,0.0,1.0
7,7,6,6258.0,15.24238822772206,8,7.0,6.0,6258.0,79.1075,both,0.0,1.0
7,7,7,2579.0,8.03358013285484,8,7.0,7.0,2579.0,50.7839,both,0.0,1.0
7,7,8,153.0,0.0,8,7.0,8.0,153.0,12.3693,both,0.0,1.0
7,7,9,0.0,0.0,8,7.0,9.0,0.0,0.0,both,0.0,
7,7,10,0.0,0.0,8,7.0,10.0,0.0,0.0,both,0.0,
8,0,0,58368200.0,638.7989045284282,8,0.0,0.0,58368200.0,7639.91,both,0.0,1.0
8,0,1,24280080.0,390.2979941849176,8,0.0,1.0,24280100.0,4927.48,both,-20.0,0.9999991762801635
8,0,2,12265090.0,256.27919745506074,8,0.0,2.0,12265100.0,3502.16,both,-10.0,0.9999991846784779
8,0,3,6783279.0,174.96693646506475,8,0.0,3.0,6783280.0,2604.47,both,-1.0,0.9999998525786935
8,0,4,6403693.0,139.75501715655864,8,0.0,4.0,6403690.0,2530.55,both,3.0,1.000000468479892
8,0,5,2452604.0,41.44953540784384,8,0.0,5.0,2452600.0,1566.08,both,4.0,1.0000016309222866
8,0,6,981261.0,10.90472216674501,8,0.0,6.0,981261.0,990.586,both,0.0,1.0
8,0,7,482475.0,37.140098366963166,8,0.0,7.0,482475.0,694.604,both,0.0,1.0
8,0,8,106235.0,8.388690244305126,8,0.0,8.0,106235.0,325.937,both,0.0,1.0
8,0,9,19144.0,0.0,8,0.0,9.0,19144.0,138.362,both,0.0,1.0
8,0,10,709.0,0.0,8,0.0,10.0,709.0,26.6271,both,0.0,1.0
8,1,0,5494823.0,812.8516352422502,8,1.0,0.0,5494820.0,2344.1,both,3.0,1.0000005459687487
8,1,1,4198657.0,683.5906897580232,8,1.0,1.0,4198660.0,2049.06,both,-3.0,0.9999992854863218
8,1,2,3142354.0,502.83653064367746,8,1.0,2.0,3142350.0,1772.67,both,4.0,1.0000012729326777
8,1,3,2317960.0,412.0938952991175,8,1.0,3.0,2317960.0,1522.49,both,0.0,1.0
8,1,4,2979319.0,444.7797992881084,8,1.0,4.0,2979320.0,1726.07,both,-1.0,0.9999996643529396
8,1,5,1677827.0,288.5239891046497,8,1.0,5.0,1677830.0,1295.31,both,-3.0,0.9999982119761835
8,1,6,980122.0,168.36077396775056,8,1.0,6.0,980122.0,990.011,both,0.0,1.0
8,1,7,780575.0,105.71908237882128,8,1.0,7.0,780575.0,883.502,both,0.0,1.0
8,1,8,350457.0,48.553010842266005,8,1.0,8.0,350457.0,591.994,both,0.0,1.0
8,1,9,163305.0,4.5671767400112735,8,1.0,9.0,163305.0,404.11,both,0.0,1.0
8,1,10,40986.0,13.901373254811915,8,1.0,10.0,40986.0,202.45,both,0.0,1.0
8,2,0,2654035.0,559.4629934936626,8,2.0,0.0,2654040.0,1629.12,both,-5.0,0.9999981160796371
8,2,1,2111675.0,449.6632166273443,8,2.0,1.0,2111680.0,1453.16,both,-5.0,0.9999976322170026
8,2,2,1659180.0,384.606191252832,8,2.0,2.0,1659180.0,1288.09,both,0.0,1.0
8,2,3,1289400.0,347.95268344453103,8,2.0,3.0,1289400.0,1135.52,both,0.0,1.0
8,2,4,1766713.0,432.79031547590114,8,2.0,4.0,1766710.0,1329.18,both,3.0,1.0000016980715567
8,2,5,1048789.0,334.88123056285195,8,2.0,5.0,1048790.0,1024.1,both,-1.0,0.9999990465202757
8,2,6,627593.0,252.74837275060742,8,2.0,6.0,627593.0,792.208,both,0.0,1.0
8,2,7,517469.0,218.19922333170666,8,2.0,7.0,517469.0,719.353,both,0.0,1.0
8,2,8,261941.0,134.57001837623417,8,2.0,8.0,261941.0,511.802,both,0.0,1.0
8,2,9,162801.0,83.40656756401141,8,2.0,9.0,162801.0,403.486,both,0.0,1.0
8,2,10,78188.0,40.052312046577285,8,2.0,10.0,78188.0,279.621,both,0.0,1.0
8,3,0,1500698.0,406.81482344489365,8,3.0,0.0,1500700.0,1225.03,both,-2.0,0.9999986672885987
8,3,1,1225149.0,326.0516854066392,8,3.0,1.0,1225150.0,1106.86,both,-1.0,0.9999991837734155
8,3,2,991175.0,291.8868710508748,8,3.0,2.0,991175.0,995.578,both,0.0,1.0
8,3,3,797625.0,266.971486231264,8,3.0,3.0,797625.0,893.099,both,0.0,1.0
8,3,4,1143083.0,347.5945488293797,8,3.0,4.0,1143080.0,1069.15,both,3.0,1.0000026244882247
8,3,5,716345.0,288.57088571704526,8,3.0,5.0,716345.0,846.372,both,0.0,1.0
8,3,6,445807.0,231.48950066450098,8,3.0,6.0,445807.0,667.688,both,0.0,1.0
8,3,7,375513.0,213.11853303612523,8,3.0,7.0,375513.0,612.791,both,0.0,1.0
8,3,8,187148.0,150.46638224773,8,3.0,8.0,187148.0,432.606,both,0.0,1.0
8,3,9,114170.0,115.2751029116435,8,3.0,9.0,114170.0,337.891,both,0.0,1.0
8,3,10,61104.0,79.34752319757688,8,3.0,10.0,61104.0,247.192,both,0.0,1.0
8,4,0,883585.0,302.19235156859946,8,4.0,0.0,883585.0,939.992,both,0.0,1.0
8,4,1,727271.0,248.11989750554065,8,4.0,1.0,727271.0,852.802,both,0.0,1.0
8,4,2,599454.0,222.47430701411454,8,4.0,2.0,599454.0,774.244,both,0.0,1.0
8,4,3,489265.0,199.5488019405529,8,4.0,3.0,489265.0,699.475,both,0.0,1.0
8,4,4,722794.0,266.9842824116311,8,4.0,4.0,722794.0,850.173,both,0.0,1.0
8,4,5,476219.0,229.54178423694802,8,4.0,5.0,476219.0,690.086,both,0.0,1.0
8,4,6,309689.0,192.83874566987413,8,4.0,6.0,309689.0,556.497,both,0.0,1.0
8,4,7,270434.0,185.26103810878018,8,4.0,7.0,270434.0,520.033,both,0.0,1.0
8,4,8,136126.0,131.46134104259284,8,4.0,8.0,136126.0,368.953,both,0.0,1.0
8,4,9,78407.0,100.20954494627745,8,4.0,9.0,78407.0,280.012,both,0.0,1.0
8,4,10,36315.0,69.06081880878621,8,4.0,10.0,36315.0,190.565,both,0.0,1.0
8,5,0,473294.0,232.68190841354638,8,5.0,0.0,473294.0,687.964,both,0.0,1.0
8,5,1,395513.0,187.96930576995808,8,5.0,1.0,395513.0,628.898,both,0.0,1.0
8,5,2,329126.0,164.38834957690554,8,5.0,2.0,329126.0,573.695,both,0.0,1.0
8,5,3,272105.0,148.2815129311473,8,5.0,3.0,272105.0,521.637,both,0.0,1.0
8,5,4,408217.0,191.492075363404,8,5.0,4.0,408217.0,638.919,both,0.0,1.0
8,5,5,271273.0,166.05655019727587,8,5.0,5.0,271273.0,520.839,both,0.0,1.0
8,5,6,175696.0,140.36598385756608,8,5.0,6.0,175696.0,419.161,both,0.0,1.0
8,5,7,150679.0,136.49239045654707,8,5.0,7.0,150679.0,388.174,both,0.0,1.0
8,5,8,72912.0,94.96646731836455,8,5.0,8.0,72912.0,270.022,both,0.0,1.0
8,5,9,37398.0,68.21783157965372,8,5.0,9.0,37398.0,193.386,both,0.0,1.0
8,5,10,12200.0,38.81676406129187,8,5.0,10.0,12200.0,110.454,both,0.0,1.0
8,6,0,195430.0,157.74616769167486,8,6.0,0.0,195430.0,442.075,both,0.0,1.0
8,6,1,160628.0,124.97309353481212,8,6.0,1.0,160628.0,400.784,both,0.0,1.0
8,6,2,130164.0,109.68628210825135,8,6.0,2.0,130164.0,360.782,both,0.0,1.0
8,6,3,106261.0,93.88783141957215,8,6.0,3.0,106261.0,325.977,both,0.0,1.0
8,6,4,152874.0,119.0210742601074,8,6.0,4.0,152874.0,390.991,both,0.0,1.0
8,6,5,94882.0,94.11228969656408,8,6.0,5.0,94882.0,308.029,both,0.0,1.0
8,6,6,55848.0,73.19801002472677,8,6.0,6.0,55848.0,236.322,both,0.0,1.0
8,6,7,39597.0,63.78553250847719,8,6.0,7.0,39597.0,198.99,both,0.0,1.0
8,6,8,13172.0,35.21283410604718,8,6.0,8.0,13172.0,114.769,both,0.0,1.0
8,6,9,3877.0,19.655676121578722,8,6.0,9.0,3877.0,62.2656,both,0.0,1.0
8,6,10,387.0,0.0,8,6.0,10.0,387.0,19.6723,both,0.0,1.0
8,7,0,28911.0,52.4753641419476,8,7.0,0.0,28911.0,170.032,both,0.0,1.0
8,7,1,20105.0,36.9294381057768,8,7.0,1.0,20105.0,141.792,both,0.0,1.0
8,7,2,13525.0,27.984284118101,8,7.0,2.0,13525.0,116.297,both,0.0,1.0
8,7,3,8641.0,20.48449334355136,8,7.0,3.0,8641.0,92.957,both,0.0,1.0
8,7,4,8376.0,19.388539030269918,8,7.0,4.0,8376.0,91.5205,both,0.0,1.0
8,7,5,2702.0,7.70333754359758,8,7.0,5.0,2702.0,51.9808,both,0.0,1.0
8,7,6,664.0,0.0,8,7.0,6.0,664.0,25.7682,both,0.0,1.0
8,7,7,91.0,0.0,8,7.0,7.0,91.0,9.53939,both,0.0,1.0
8,7,8,0.0,0.0,8,7.0,8.0,0.0,0.0,both,0.0,
8,7,9,0.0,0.0,8,7.0,9.0,0.0,0.0,both,0.0,
8,7,10,0.0,0.0,8,7.0,10.0,0.0,0.0,both,0.0,
9,0,0,60760670.0,295.07871122341237,8,0.0,0.0,60760700.0,7794.91,both,-30.0,0.9999995062598028
9,0,1,24887540.0,173.32204293926378,8,0.0,1.0,24887600.0,4988.74,both,-60.0,0.9999975891608672
9,0,2,12176360.0,104.16618490047526,8,0.0,2.0,12176400.0,3489.46,both,-40.0,0.9999967149568016
9,0,3,6552821.0,63.57971510337318,8,0.0,3.0,6552820.0,2559.85,both,1.0,1.0000001526060536
9,0,4,5924994.0,41.00467936920858,8,0.0,4.0,5924990.0,2434.13,both,4.0,1.0000006751066246
9,0,5,2009185.0,5.364623822207854,8,0.0,5.0,2009180.0,1417.46,both,5.0,1.0000024885774297
9,0,6,622014.0,0.0,8,0.0,6.0,622014.0,788.679,both,0.0,1.0
9,0,7,183910.0,0.0,8,0.0,7.0,183910.0,428.847,both,0.0,1.0
9,0,8,15250.0,0.0,8,0.0,8.0,15250.0,123.491,both,0.0,1.0
9,0,9,497.0,0.0,8,0.0,9.0,497.0,22.2935,both,0.0,1.0
9,0,10,0.0,0.0,8,0.0,10.0,0.0,0.0,both,0.0,
9,1,0,6856126.0,979.0006457035664,8,1.0,0.0,6856130.0,2618.42,both,-4.0,0.9999994165804907
9,1,1,5150343.0,588.6288831672636,8,1.0,1.0,5150340.0,2269.44,both,3.0,1.0000005824858165
9,1,2,3802362.0,408.78826187042114,8,1.0,2.0,3802360.0,1949.96,both,2.0,1.0000005259891225
9,1,3,2774393.0,322.91082137144303,8,1.0,3.0,2774390.0,1665.65,both,3.0,1.0000010813187763
9,1,4,3539663.0,314.3175658281446,8,1.0,4.0,3539660.0,1881.4,both,3.0,1.0000008475390292
9,1,5,1987050.0,172.58513402784726,8,1.0,5.0,1987050.0,1409.63,both,0.0,1.0
9,1,6,1119903.0,86.42526246437207,8,1.0,6.0,1119900.0,1058.25,both,3.0,1.000002678810608
9,1,7,743828.0,39.20551312392174,8,1.0,7.0,743828.0,862.455,both,0.0,1.0
9,1,8,208419.0,18.681434618789318,8,1.0,8.0,208419.0,456.529,both,0.0,1.0
9,1,9,45808.0,5.299722165642271,8,1.0,9.0,45808.0,214.028,both,0.0,1.0
9,1,10,3035.0,2.70707,8,1.0,10.0,3035.0,55.0908,both,0.0,1.0
9,2,0,3406590.0,838.0246981276864,8,2.0,0.0,3406590.0,1845.69,both,0.0,1.0
9,2,1,2712642.0,570.4598888490672,8,2.0,1.0,2712640.0,1647.01,both,2.0,1.0000007372891353
9,2,2,2128800.0,425.4476169834425,8,2.0,2.0,2128800.0,1459.04,both,0.0,1.0
9,2,3,1651765.0,363.3671837915471,8,2.0,3.0,1651760.0,1285.21,both,5.0,1.0000030270741511
9,2,4,2243469.0,430.2450519478057,8,2.0,4.0,2243470.0,1497.82,both,-1.0,0.9999995542619247
9,2,5,1310119.0,301.25194283886367,8,2.0,5.0,1310120.0,1144.6,both,-1.0,0.999999236711141
9,2,6,766375.0,205.33937664196316,8,2.0,6.0,766375.0,875.428,both,0.0,1.0
9,2,7,592437.0,156.8427270682004,8,2.0,7.0,592437.0,769.699,both,0.0,1.0
9,2,8,240404.0,77.7923209629003,8,2.0,8.0,240404.0,490.31,both,0.0,1.0
9,2,9,92999.0,34.34275035797221,8,2.0,9.0,92999.0,304.957,both,0.0,1.0
9,2,10,16333.0,6.3079,8,2.0,10.0,16333.0,127.801,both,0.0,1.0
9,3,0,2081843.0,603.9468840883278,8,3.0,0.0,2081840.0,1442.86,both,3.0,1.0000014410329323
9,3,1,1691726.0,446.9011257509652,8,3.0,1.0,1691730.0,1300.66,both,-4.0,0.9999976355565013
9,3,2,1361413.0,355.0733763748135,8,3.0,2.0,1361410.0,1166.8,both,3.0,1.0000022035977405
9,3,3,1083630.0,316.1588595577546,8,3.0,3.0,1083630.0,1040.98,both,0.0,1.0
9,3,4,1531067.0,397.9981442203594,8,3.0,4.0,1531070.0,1237.36,both,-3.0,0.9999980405859954
9,3,5,931902.0,309.14219227300566,8,3.0,5.0,931902.0,965.351,both,0.0,1.0
9,3,6,556547.0,230.1426810107808,8,3.0,6.0,556547.0,746.021,both,0.0,1.0
9,3,7,428498.0,194.57119757554045,8,3.0,7.0,428498.0,654.598,both,0.0,1.0
9,3,8,174253.0,115.62307997982063,8,3.0,8.0,174253.0,417.436,both,0.0,1.0
9,3,9,71507.0,70.93011479484578,8,3.0,9.0,71507.0,267.408,both,0.0,1.0
9,3,10,15457.0,32.41222508545194,8,3.0,10.0,15457.0,124.326,both,0.0,1.0
9,4,0,1260850.0,468.75595127848777,8,4.0,0.0,1260850.0,1122.88,both,0.0,1.0
9,4,1,1033049.0,336.65635680647705,8,4.0,1.0,1033050.0,1016.39,both,-1.0,0.9999990319926432
9,4,2,838598.0,288.34415739359105,8,4.0,2.0,838598.0,915.75,both,0.0,1.0
9,4,3,677245.0,251.40180434656787,8,4.0,3.0,677245.0,822.949,both,0.0,1.0
9,4,4,970545.0,316.8416416865372,8,4.0,4.0,970545.0,985.162,both,0.0,1.0
9,4,5,602794.0,261.1316645404,8,4.0,5.0,602794.0,776.398,both,0.0,1.0
9,4,6,360203.0,204.27198627484387,8,4.0,6.0,360203.0,600.169,both,0.0,1.0
9,4,7,268372.0,173.99652133249677,8,4.0,7.0,268372.0,518.046,both,0.0,1.0
9,4,8,100094.0,103.92362055906443,8,4.0,8.0,100094.0,316.376,both,0.0,1.0
9,4,9,35429.0,63.171058524335336,8,4.0,9.0,35429.0,188.226,both,0.0,1.0
9,4,10,6243.0,27.30464045052782,8,4.0,10.0,6243.0,79.0127,both,0.0,1.0
9,5,0,655261.0,348.4210153339778,8,5.0,0.0,655261.0,809.482,both,0.0,1.0
9,5,1,527386.0,253.75024183864338,8,5.0,1.0,527386.0,726.213,both,0.0,1.0
9,5,2,423796.0,209.09963842434064,8,5.0,2.0,423796.0,650.996,both,0.0,1.0
9,5,3,337302.0,177.60697259474358,8,5.0,3.0,337302.0,580.777,both,0.0,1.0
9,5,4,469424.0,216.08403172282306,8,5.0,4.0,469424.0,685.145,both,0.0,1.0
9,5,5,274515.0,171.42220640299203,8,5.0,5.0,274516.0,523.943,both,-1.0,0.9999963572250797
9,5,6,148838.0,131.54408641184295,8,5.0,6.0,148838.0,385.795,both,0.0,1.0
9,5,7,95555.0,107.46132352577368,8,5.0,7.0,95555.0,309.12,both,0.0,1.0
9,5,8,27209.0,57.61138593665752,8,5.0,8.0,27209.0,164.952,both,0.0,1.0
9,5,9,6735.0,27.412240850621828,8,5.0,9.0,6735.0,82.067,both,0.0,1.0
9,5,10,468.0,0.0,8,5.0,10.0,468.0,21.6333,both,0.0,1.0
9,6,0,203860.0,203.47021189835135,8,6.0,0.0,203860.0,451.509,both,0.0,1.0
9,6,1,154661.0,148.6033699714781,8,6.0,1.0,154661.0,393.27,both,0.0,1.0
9,6,2,112882.0,113.50000767528608,8,6.0,2.0,112882.0,335.979,both,0.0,1.0
9,6,3,80875.0,88.59162087227493,8,6.0,3.0,80875.0,284.385,both,0.0,1.0
9,6,4,93688.0,96.21768114743568,8,6.0,4.0,93688.0,306.085,both,0.0,1.0
9,6,5,40080.0,62.99876665253059,8,6.0,5.0,40080.0,200.2,both,0.0,1.0
9,6,6,15065.0,37.55511723552598,8,6.0,6.0,15065.0,122.74,both,0.0,1.0
9,6,7,5712.0,20.633057772053565,8,6.0,7.0,5712.0,75.5778,both,0.0,1.0
9,6,8,611.0,0.0,8,6.0,8.0,611.0,24.7184,both,0.0,1.0
9,6,9,18.0,0.0,8,6.0,9.0,18.0,4.24264,both,0.0,1.0
9,6,10,0.0,0.0,8,6.0,10.0,0.0,0.0,both,0.0,
9,7,0,5664.0,28.189463380204668,8,7.0,0.0,5664.0,75.2596,both,0.0,1.0
9,7,1,2639.0,15.711732103221465,8,7.0,1.0,2639.0,51.3712,both,0.0,1.0
9,7,2,1186.0,6.607230734067035,8,7.0,2.0,1186.0,34.4384,both,0.0,1.0
9,7,3,460.0,4.21922,8,7.0,3.0,460.0,21.4476,both,0.0,1.0
9,7,4,148.0,0.0,8,7.0,4.0,148.0,12.1655,both,0.0,1.0
9,7,5,0.0,0.0,8,7.0,5.0,0.0,0.0,both,0.0,
9,7,6,0.0,0.0,8,7.0,6.0,0.0,0.0,both,0.0,
9,7,7,0.0,0.0,8,7.0,7.0,0.0,0.0,both,0.0,
9,7,8,0.0,0.0,8,7.0,8.0,0.0,0.0,both,0.0,
9,7,9,0.0,0.0,8,7.0,9.0,0.0,0.0,both,0.0,
9,7,10,0.0,0.0,8,7.0,10.0,0.0,0.0,both,0.0,
10,0,0,34386040.0,26.580566251861526,8,0.0,0.0,34386000.0,5863.96,both,40.0,1.000001163264119
10,0,1,12721110.0,9.001442194904104,8,0.0,1.0,12721100.0,3566.67,both,10.0,1.000000786095542
10,0,2,5990463.0,4.33476,8,0.0,2.0,5990460.0,2447.54,both,3.0,1.000000500796266
10,0,3,3093495.0,0.0,8,0.0,3.0,3093500.0,1758.83,both,-5.0,0.9999983837077744
10,0,4,2435868.0,0.0,8,0.0,4.0,2435870.0,1560.73,both,-2.0,0.9999991789381206
10,0,5,539148.0,0.0,8,0.0,5.0,539148.0,734.267,both,0.0,1.0
10,0,6,76197.0,0.0,8,0.0,6.0,76197.0,276.038,both,0.0,1.0
10,0,7,5462.0,0.0,8,0.0,7.0,5462.0,73.9053,both,0.0,1.0
10,0,8,0.0,0.0,8,0.0,8.0,0.0,0.0,both,0.0,
10,0,9,0.0,0.0,8,0.0,9.0,0.0,0.0,both,0.0,
10,0,10,0.0,0.0,8,0.0,10.0,0.0,0.0,both,0.0,
10,1,0,4538487.0,634.0714714328346,8,1.0,0.0,4538490.0,2130.37,both,-3.0,0.9999993389871962
10,1,1,3313829.0,289.1262054103882,8,1.0,1.0,3313830.0,1820.39,both,-1.0,0.9999996982343693
10,1,2,2395731.0,180.98879629601385,8,1.0,2.0,2395730.0,1547.81,both,1.0,1.0000004174093073
10,1,3,1735095.0,152.01649096107963,8,1.0,3.0,1735100.0,1317.23,both,-5.0,0.9999971183217106
10,1,4,2177495.0,131.77168278598555,8,1.0,4.0,2177500.0,1475.63,both,-5.0,0.9999977037887485
10,1,5,1084602.0,57.13089454874657,8,1.0,5.0,1084600.0,1041.44,both,2.0,1.0000018439977871
10,1,6,432435.0,32.84229236429455,8,1.0,6.0,432435.0,657.598,both,0.0,1.0
10,1,7,142773.0,0.0,8,1.0,7.0,142773.0,377.853,both,0.0,1.0
10,1,8,10481.0,0.0,8,1.0,8.0,10481.0,102.377,both,0.0,1.0
10,1,9,131.0,0.0,8,1.0,9.0,131.0,11.4455,both,0.0,1.0
10,1,10,0.0,0.0,8,1.0,10.0,0.0,0.0,both,0.0,
10,2,0,2393685.0,664.695103384251,8,2.0,0.0,2393680.0,1547.15,both,5.0,1.0000020888339294
10,2,1,1884225.0,400.70801904704877,8,2.0,1.0,1884220.0,1372.67,both,5.0,1.0000026536179427
10,2,2,1460873.0,278.82993513961156,8,2.0,2.0,1460870.0,1208.67,both,3.0,1.0000020535708174
10,2,3,1117559.0,228.55323689350803,8,2.0,3.0,1117560.0,1057.15,both,-1.0,0.9999991051934571
10,2,4,1462590.0,252.84560140773658,8,2.0,4.0,1462590.0,1209.38,both,0.0,1.0
10,2,5,774855.0,160.59799886645538,8,2.0,5.0,774855.0,880.258,both,0.0,1.0
10,2,6,382466.0,94.20802648442434,8,2.0,6.0,382466.0,618.438,both,0.0,1.0
10,2,7,195499.0,56.34646197073957,8,2.0,7.0,195499.0,442.153,both,0.0,1.0
10,2,8,33110.0,16.750087205384933,8,2.0,8.0,33110.0,181.962,both,0.0,1.0
10,2,9,2583.0,0.0,8,2.0,9.0,2583.0,50.8232,both,0.0,1.0
10,2,10,0.0,0.0,8,2.0,10.0,0.0,0.0,both,0.0,
10,3,0,1529063.0,558.6709986682681,8,3.0,0.0,1529060.0,1236.55,both,3.0,1.0000019619897191
10,3,1,1228588.0,356.57598358438275,8,3.0,1.0,1228590.0,1108.42,both,-2.0,0.9999983721176308
10,3,2,970897.0,277.83835119207356,8,3.0,2.0,970897.0,985.341,both,0.0,1.0
10,3,3,749808.0,232.15813410662568,8,3.0,3.0,749808.0,865.915,both,0.0,1.0
10,3,4,989155.0,260.8775372131721,8,3.0,4.0,989155.0,994.563,both,0.0,1.0
10,3,5,528567.0,188.22493385776497,8,3.0,5.0,528567.0,727.026,both,0.0,1.0
10,3,6,257604.0,122.47373293706696,8,3.0,6.0,257604.0,507.547,both,0.0,1.0
10,3,7,134571.0,82.76675245064108,8,3.0,7.0,134571.0,366.839,both,0.0,1.0
10,3,8,24825.0,35.54613590657359,8,3.0,8.0,24825.0,157.56,both,0.0,1.0
10,3,9,2402.0,9.366809396731632,8,3.0,9.0,2402.0,49.0102,both,0.0,1.0
10,3,10,0.0,0.0,8,3.0,10.0,0.0,0.0,both,0.0,
10,4,0,916183.0,427.0707026898474,8,4.0,0.0,916183.0,957.174,both,0.0,1.0
10,4,1,714598.0,291.3739688103589,8,4.0,1.0,714598.0,845.339,both,0.0,1.0
10,4,2,550161.0,228.96220281961388,8,4.0,2.0,550161.0,741.728,both,0.0,1.0
10,4,3,417354.0,186.6855670414561,8,4.0,3.0,417354.0,646.029,both,0.0,1.0
10,4,4,541499.0,215.139626486568,8,4.0,4.0,541499.0,735.866,both,0.0,1.0
10,4,5,274575.0,153.79044279388756,8,4.0,5.0,274575.0,523.999,both,0.0,1.0
10,4,6,118866.0,99.38488865798462,8,4.0,6.0,118866.0,344.769,both,0.0,1.0
10,4,7,50892.0,68.32424672301481,8,4.0,7.0,50892.0,225.593,both,0.0,1.0
10,4,8,6634.0,23.673889015066788,8,4.0,8.0,6634.0,81.4494,both,0.0,1.0
10,4,9,288.0,0.0,8,4.0,9.0,288.0,16.9706,both,0.0,1.0
10,4,10,0.0,0.0,8,4.0,10.0,0.0,0.0,both,0.0,
10,5,0,387946.0,294.7746708560286,8,5.0,0.0,387946.0,622.853,both,0.0,1.0
10,5,1,291427.0,205.28495330094216,8,5.0,1.0,291427.0,539.84,both,0.0,1.0
10,5,2,212511.0,152.02492832657413,8,5.0,2.0,212511.0,460.989,both,0.0,1.0
10,5,3,148035.0,117.8476187890956,8,5.0,3.0,148035.0,384.753,both,0.0,1.0
10,5,4,161389.0,124.90989976519076,8,5.0,4.0,161389.0,401.732,both,0.0,1.0
10,5,5,58511.0,77.14793385924278,8,5.0,5.0,58511.0,241.89,both,0.0,1.0
10,5,6,16525.0,42.084770790156384,8,5.0,6.0,16525.0,128.55,both,0.0,1.0
10,5,7,3818.0,22.721143907686518,8,5.0,7.0,3818.0,61.79,both,0.0,1.0
10,5,8,76.0,0.0,8,5.0,8.0,76.0,8.7178,both,0.0,1.0
10,5,9,0.0,0.0,8,5.0,9.0,0.0,0.0,both,0.0,
10,5,10,0.0,0.0,8,5.0,10.0,0.0,0.0,both,0.0,
10,6,0,53493.0,115.26208025218008,8,6.0,0.0,53493.0,231.286,both,0.0,1.0
10,6,1,29436.0,70.09555861579248,8,6.0,1.0,29436.0,171.569,both,0.0,1.0
10,6,2,15253.0,43.03863956444836,8,6.0,2.0,15253.0,123.503,both,0.0,1.0
10,6,3,7197.0,26.116735325932297,8,6.0,3.0,7197.0,84.8351,both,0.0,1.0
10,6,4,4243.0,20.004709854841682,8,6.0,4.0,4243.0,65.1383,both,0.0,1.0
10,6,5,378.0,3.49655,8,6.0,5.0,378.0,19.4422,both,0.0,1.0
10,6,6,2.0,0.0,8,6.0,6.0,2.0,1.41421,both,0.0,1.0
10,6,7,0.0,0.0,8,6.0,7.0,0.0,0.0,both,0.0,
10,6,8,0.0,0.0,8,6.0,8.0,0.0,0.0,both,0.0,
10,6,9,0.0,0.0,8,6.0,9.0,0.0,0.0,both,0.0,
10,6,10,0.0,0.0,8,6.0,10.0,0.0,0.0,both,0.0,
10,7,0,23.987000000000002,6.068439661107293,8,7.0,0.0,0.0,0.0,both,23.987000000000002,
10,7,1,10.9784,3.4595,8,7.0,1.0,0.0,0.0,both,10.9784,
10,7,2,0.0,0.0,8,7.0,2.0,0.0,0.0,both,0.0,
10,7,3,0.0,0.0,8,7.0,3.0,0.0,0.0,both,0.0,
10,7,4,0.0,0.0,8,7.0,4.0,0.0,0.0,both,0.0,
10,7,5,0.0,0.0,8,7.0,5.0,0.0,0.0,both,0.0,
10,7,6,0.0,0.0,8,7.0,6.0,0.0,0.0,both,0.0,
10,7,7,0.0,0.0,8,7.0,7.0,0.0,0.0,both,0.0,
10,7,8,0.0,0.0,8,7.0,8.0,0.0,0.0,both,0.0,
10,7,9,0.0,0.0,8,7.0,9.0,0.0,0.0,both,0.0,
10,7,10,0.0,0.0,8,7.0,10.0,0.0,0.0,both,0.0,
11,0,0,34814310.0,0.0,8,0.0,0.0,34814300.0,5900.36,both,10.0,1.00000028723829
11,0,1,11082820.0,0.0,8,0.0,1.0,11082800.0,3329.09,both,20.0,1.000001804598116
11,0,2,4343262.0,0.0,8,0.0,2.0,4343260.0,2084.05,both,2.0,1.0000004604836
11,0,3,1728362.0,0.0,8,0.0,3.0,1728360.0,1314.67,both,2.0,1.000001157166331
11,0,4,828968.0,0.0,8,0.0,4.0,828968.0,910.477,both,0.0,1.0
11,0,5,63908.0,0.0,8,0.0,5.0,63908.0,252.8,both,0.0,1.0
11,0,6,1198.0,0.0,8,0.0,6.0,1198.0,34.6121,both,0.0,1.0
11,0,7,0.0,0.0,8,0.0,7.0,0.0,0.0,both,0.0,
11,0,8,0.0,0.0,8,0.0,8.0,0.0,0.0,both,0.0,
11,0,9,0.0,0.0,8,0.0,9.0,0.0,0.0,both,0.0,
11,0,10,0.0,0.0,8,0.0,10.0,0.0,0.0,both,0.0,
11,1,0,5706103.0,346.7476422562812,8,1.0,0.0,5706100.0,2388.75,both,3.0,1.0000005257531415
11,1,1,4006960.0,139.57470581641934,8,1.0,1.0,4006960.0,2001.74,both,0.0,1.0
11,1,2,2619934.0,86.82954874402895,8,1.0,2.0,2619940.0,1618.62,both,-6.0,0.9999977098712184
11,1,3,1701513.0,69.09970622059402,8,1.0,3.0,1701510.0,1304.42,both,3.0,1.0000017631397993
11,1,4,1566019.0,57.766364911313225,8,1.0,4.0,1566020.0,1251.41,both,-1.0,0.9999993614385513
11,1,5,395850.0,15.324920472517958,8,1.0,5.0,395850.0,629.166,both,0.0,1.0
11,1,6,63360.0,0.0,8,1.0,6.0,63360.0,251.714,both,0.0,1.0
11,1,7,4757.0,0.0,8,1.0,7.0,4757.0,68.971,both,0.0,1.0
11,1,8,0.0,0.0,8,1.0,8.0,0.0,0.0,both,0.0,
11,1,9,0.0,0.0,8,1.0,9.0,0.0,0.0,both,0.0,
11,1,10,0.0,0.0,8,1.0,10.0,0.0,0.0,both,0.0,
11,2,0,3000609.0,621.3082367319784,8,2.0,0.0,3000610.0,1732.23,both,-1.0,0.9999996667344306
11,2,1,2211691.0,320.02799073512307,8,2.0,1.0,2211690.0,1487.18,both,1.0,1.0000004521429313
11,2,2,1591155.0,197.69426445676163,8,2.0,2.0,1591160.0,1261.41,both,-5.0,0.9999968576384525
11,2,3,1107644.0,156.48701578166157,8,2.0,3.0,1107640.0,1052.45,both,4.0,1.000003611281644
11,2,4,1131494.0,163.80890948495446,8,2.0,4.0,1131490.0,1063.72,both,4.0,1.000003535161601
11,2,5,372523.0,85.62829350779799,8,2.0,5.0,372523.0,610.347,both,0.0,1.0
11,2,6,94605.0,37.07564324924249,8,2.0,6.0,94605.0,307.579,both,0.0,1.0
11,2,7,17306.0,13.819190181287759,8,2.0,7.0,17306.0,131.552,both,0.0,1.0
11,2,8,54.0,0.0,8,2.0,8.0,54.0,7.34847,both,0.0,1.0
11,2,9,0.0,0.0,8,2.0,9.0,0.0,0.0,both,0.0,
11,2,10,0.0,0.0,8,2.0,10.0,0.0,0.0,both,0.0,
11,3,0,1713400.0,589.7600728618376,8,3.0,0.0,1713400.0,1308.97,both,0.0,1.0
11,3,1,1292830.0,324.53905693638785,8,3.0,1.0,1292830.0,1137.03,both,0.0,1.0
11,3,2,925435.0,217.42129063350717,8,3.0,2.0,925435.0,961.995,both,0.0,1.0
11,3,3,616550.0,162.87273705341235,8,3.0,3.0,616550.0,785.207,both,0.0,1.0
11,3,4,624053.0,167.13774474971234,8,3.0,4.0,624053.0,789.97,both,0.0,1.0
11,3,5,207036.0,103.01064240009865,8,3.0,5.0,207036.0,455.012,both,0.0,1.0
11,3,6,52978.0,52.48967942024413,8,3.0,6.0,52978.0,230.17,both,0.0,1.0
11,3,7,9894.0,22.43120570093369,8,3.0,7.0,9894.0,99.4686,both,0.0,1.0
11,3,8,23.0,0.0,8,3.0,8.0,23.0,4.79583,both,0.0,1.0
11,3,9,0.0,0.0,8,3.0,9.0,0.0,0.0,both,0.0,
11,3,10,0.0,0.0,8,3.0,10.0,0.0,0.0,both,0.0,
11,4,0,819178.0,449.03056204672754,8,4.0,0.0,819178.0,905.085,both,0.0,1.0
11,4,1,557745.0,264.35047503297585,8,4.0,1.0,557745.0,746.823,both,0.0,1.0
11,4,2,362001.0,170.74198002846282,8,4.0,2.0,362001.0,601.665,both,0.0,1.0
11,4,3,225180.0,131.3296042191554,8,4.0,3.0,225180.0,474.531,both,0.0,1.0
11,4,4,204265.0,117.15149671344365,8,4.0,4.0,204265.0,451.957,both,0.0,1.0
11,4,5,54736.0,64.56983731472458,8,4.0,5.0,54736.0,233.957,both,0.0,1.0
11,4,6,9768.0,27.609019694601617,8,4.0,6.0,9768.0,98.8332,both,0.0,1.0
11,4,7,692.0,8.64484257923185,8,4.0,7.0,692.0,26.3059,both,0.0,1.0
11,4,8,0.0,0.0,8,4.0,8.0,0.0,0.0,both,0.0,
11,4,9,0.0,0.0,8,4.0,9.0,0.0,0.0,both,0.0,
11,4,10,0.0,0.0,8,4.0,10.0,0.0,0.0,both,0.0,
11,5,0,183396.0,225.52449970313646,8,5.0,0.0,183396.0,428.248,both,0.0,1.0
11,5,1,103505.0,136.44006377109326,8,5.0,1.0,103505.0,321.722,both,0.0,1.0
11,5,2,53857.0,82.71868741004054,8,5.0,2.0,53857.0,232.071,both,0.0,1.0
11,5,3,25761.0,48.86136218732343,8,5.0,3.0,25761.0,160.502,both,0.0,1.0
11,5,4,15186.0,41.195174433826594,8,5.0,4.0,15186.0,123.231,both,0.0,1.0
11,5,5,1403.0,13.045665095019112,8,5.0,5.0,1403.0,37.4566,both,0.0,1.0
11,5,6,42.0592,6.28439,8,5.0,6.0,9.0,3.0,both,33.0592,4.673244444444444
11,5,7,0.0,0.0,8,5.0,7.0,0.0,0.0,both,0.0,
11,5,8,0.0,0.0,8,5.0,8.0,0.0,0.0,both,0.0,
11,5,9,0.0,0.0,8,5.0,9.0,0.0,0.0,both,0.0,
11,5,10,0.0,0.0,8,5.0,10.0,0.0,0.0,both,0.0,
11,6,0,3064.822,57.400585809380026,8,6.0,0.0,2544.0,50.4381,both,520.8220000000001,1.2047256289308177
11,6,1,916.5388,32.30020511936109,8,6.0,1.0,473.0,21.7486,both,443.53880000000004,1.9377141649048626
11,6,2,283.0068,18.397918940157336,8,6.0,2.0,30.0,5.47723,both,253.0068,9.43356
11,6,3,16.8759,4.32192,8,6.0,3.0,0.0,0.0,both,16.8759,
11,6,4,21.3822,5.43456,8,6.0,4.0,0.0,0.0,both,21.3822,
11,6,5,0.0,0.0,8,6.0,5.0,0.0,0.0,both,0.0,
11,6,6,0.0,0.0,8,6.0,6.0,0.0,0.0,both,0.0,
11,6,7,0.0,0.0,8,6.0,7.0,0.0,0.0,both,0.0,
11,6,8,0.0,0.0,8,6.0,8.0,0.0,0.0,both,0.0,
11,6,9,0.0,0.0,8,6.0,9.0,0.0,0.0,both,0.0,
11,6,10,0.0,0.0,8,6.0,10.0,0.0,0.0,both,0.0,
11,7,0,598.38187,26.59363156575273,8,7.0,0.0,0.0,0.0,both,598.38187,
11,7,1,294.8007,18.921586027754124,8,7.0,1.0,0.0,0.0,both,294.8007,
11,7,2,23.627499999999998,5.248740500824936,8,7.0,2.0,0.0,0.0,both,23.627499999999998,
11,7,3,9.94771,3.39757,8,7.0,3.0,0.0,0.0,both,9.94771,
11,7,4,32.525999999999996,6.425439590829565,8,7.0,4.0,0.0,0.0,both,32.525999999999996,
11,7,5,0.0,0.0,8,7.0,5.0,0.0,0.0,both,0.0,
11,7,6,0.0,0.0,8,7.0,6.0,0.0,0.0,both,0.0,
11,7,7,0.0,0.0,8,7.0,7.0,0.0,0.0,both,0.0,
11,7,8,0.0,0.0,8,7.0,8.0,0.0,0.0,both,0.0,
11,7,9,0.0,0.0,8,7.0,9.0,0.0,0.0,both,0.0,
11,7,10,0.0,0.0,8,7.0,10.0,0.0,0.0,both,0.0,
12,0,0,51257150.0,1109.905714399633,8,0.0,0.0,51257100.0,7159.41,both,50.0,1.000000975474617
12,0,1,21350190.0,532.1743700629428,8,0.0,1.0,21350200.0,4620.63,both,-10.0,0.9999995316203127
12,0,2,10883800.0,368.3716081665361,8,0.0,2.0,10883800.0,3299.06,both,0.0,1.0
12,0,3,6090116.0,262.1779282775154,8,0.0,3.0,6090120.0,2467.82,both,-4.0,0.9999993431984919
12,0,4,5822399.0,201.05071208175315,8,0.0,4.0,5822400.0,2412.96,both,-1.0,0.999999828249519
12,0,5,2292935.0,67.61278803088955,8,0.0,5.0,2292940.0,1514.24,both,-5.0,0.9999978193934425
12,0,6,954915.0,20.939754621570902,8,0.0,6.0,954915.0,977.198,both,0.0,1.0
12,0,7,511502.0,23.949798823626892,8,0.0,7.0,511502.0,715.194,both,0.0,1.0
12,0,8,135783.0,10.782142044816514,8,0.0,8.0,135783.0,368.487,both,0.0,1.0
12,0,9,31144.0,5.818150551206113,8,0.0,9.0,31144.0,176.477,both,0.0,1.0
12,0,10,1491.0,0.0,8,0.0,10.0,1491.0,38.6135,both,0.0,1.0
12,1,0,4629961.0,803.3668405429738,8,1.0,0.0,4629960.0,2151.73,both,1.0,1.0000002159845873
12,1,1,3542577.0,644.9548995919404,8,1.0,1.0,3542580.0,1882.17,both,-3.0,0.9999991531595617
12,1,2,2654128.0,519.7609043179855,8,1.0,2.0,2654130.0,1629.15,both,-2.0,0.9999992464574079
12,1,3,1963216.0,437.24533511165106,8,1.0,3.0,1963220.0,1401.15,both,-4.0,0.9999979625309441
12,1,4,2529120.0,514.237566951307,8,1.0,4.0,2529120.0,1590.32,both,0.0,1.0
12,1,5,1424453.0,336.39337918034295,8,1.0,5.0,1424450.0,1193.5,both,3.0,1.0000021060760294
12,1,6,835523.0,210.92430371818227,8,1.0,6.0,835523.0,914.069,both,0.0,1.0
12,1,7,668931.0,136.48390186739974,8,1.0,7.0,668931.0,817.882,both,0.0,1.0
12,1,8,314285.0,54.79683876155631,8,1.0,8.0,314285.0,560.611,both,0.0,1.0
12,1,9,168192.0,15.665548943602328,8,1.0,9.0,168192.0,410.112,both,0.0,1.0
12,1,10,55271.0,4.87543,8,1.0,10.0,55271.0,235.098,both,0.0,1.0
12,2,0,2235108.0,525.7832474277304,8,2.0,0.0,2235110.0,1495.03,both,-2.0,0.9999991051894538
12,2,1,1777702.0,431.92985236805526,8,2.0,1.0,1777700.0,1333.3,both,2.0,1.000001125049221
12,2,2,1398382.0,372.2701394900483,8,2.0,2.0,1398380.0,1182.53,both,2.0,1.0000014302264049
12,2,3,1089630.0,330.7318615115423,8,2.0,3.0,1089630.0,1043.85,both,0.0,1.0
12,2,4,1491159.0,427.19816157423946,8,2.0,4.0,1491160.0,1221.13,both,-1.0,0.9999993293811529
12,2,5,885538.0,335.3511721509558,8,2.0,5.0,885538.0,941.03,both,0.0,1.0
12,2,6,532075.0,263.37078992230704,8,2.0,6.0,532075.0,729.435,both,0.0,1.0
12,2,7,440224.0,237.0096174658742,8,2.0,7.0,440224.0,663.494,both,0.0,1.0
12,2,8,224653.0,155.9403462424013,8,2.0,8.0,224653.0,473.976,both,0.0,1.0
12,2,9,144195.0,105.35025290643587,8,2.0,9.0,144195.0,379.73,both,0.0,1.0
12,2,10,82855.0,53.165754592876795,8,2.0,10.0,82855.0,287.845,both,0.0,1.0
12,3,0,1245491.0,359.2905287868579,8,3.0,0.0,1245490.0,1116.02,both,1.0,1.000000802896852
12,3,1,1015631.0,308.62889711945314,8,3.0,1.0,1015630.0,1007.79,both,1.0,1.0000009846105373
12,3,2,822744.0,288.93269468878043,8,3.0,2.0,822744.0,907.052,both,0.0,1.0
12,3,3,661264.0,244.4572761290056,8,3.0,3.0,661264.0,813.181,both,0.0,1.0
12,3,4,949290.0,327.1612248740061,8,3.0,4.0,949290.0,974.315,both,0.0,1.0
12,3,5,599452.0,273.2692373031037,8,3.0,5.0,599452.0,774.243,both,0.0,1.0
12,3,6,372448.0,221.81099562370665,8,3.0,6.0,372448.0,610.285,both,0.0,1.0
12,3,7,316544.0,212.3095180765102,8,3.0,7.0,316544.0,562.622,both,0.0,1.0
12,3,8,161123.0,153.03850750670566,8,3.0,8.0,161123.0,401.401,both,0.0,1.0
12,3,9,100972.0,121.78831698319834,8,3.0,9.0,100972.0,317.761,both,0.0,1.0
12,3,10,61135.0,90.25349199227695,8,3.0,10.0,61135.0,247.255,both,0.0,1.0
12,4,0,727402.0,268.089850993748,8,4.0,0.0,727402.0,852.879,both,0.0,1.0
12,4,1,597409.0,227.2893094324995,8,4.0,1.0,597409.0,772.922,both,0.0,1.0
12,4,2,494271.0,206.53696845470085,8,4.0,2.0,494271.0,703.044,both,0.0,1.0
12,4,3,403633.0,189.62224394275083,8,4.0,3.0,403633.0,635.321,both,0.0,1.0
12,4,4,599972.0,248.38712414364397,8,4.0,4.0,599972.0,774.579,both,0.0,1.0
12,4,5,395102.0,215.82534698332563,8,4.0,5.0,395102.0,628.571,both,0.0,1.0
12,4,6,258231.0,180.9060137478091,8,4.0,6.0,258231.0,508.164,both,0.0,1.0
12,4,7,227709.0,176.2258976106503,8,4.0,7.0,227709.0,477.189,both,0.0,1.0
12,4,8,117482.0,127.9871177387494,8,4.0,8.0,117482.0,342.756,both,0.0,1.0
12,4,9,71543.0,101.43585072532295,8,4.0,9.0,71543.0,267.475,both,0.0,1.0
12,4,10,38241.0,76.53351366283924,8,4.0,10.0,38241.0,195.553,both,0.0,1.0
12,5,0,390095.0,200.67244871184982,8,5.0,0.0,390095.0,624.576,both,0.0,1.0
12,5,1,325002.0,168.8306425538104,8,5.0,1.0,325002.0,570.089,both,0.0,1.0
12,5,2,270825.0,155.80864638144317,8,5.0,2.0,270825.0,520.408,both,0.0,1.0
12,5,3,223947.0,140.91830666439333,8,5.0,3.0,223947.0,473.23,both,0.0,1.0
12,5,4,337357.0,184.20645438021438,8,5.0,4.0,337357.0,580.824,both,0.0,1.0
12,5,5,227179.0,155.56726797556098,8,5.0,5.0,227179.0,476.633,both,0.0,1.0
12,5,6,149941.0,142.79283251465532,8,5.0,6.0,149941.0,387.222,both,0.0,1.0
12,5,7,131988.0,128.90172798860223,8,5.0,7.0,131988.0,363.302,both,0.0,1.0
12,5,8,66332.0,92.46366986081615,8,5.0,8.0,66332.0,257.55,both,0.0,1.0
12,5,9,37581.0,70.17644986979677,8,5.0,9.0,37581.0,193.858,both,0.0,1.0
12,5,10,15119.0,46.485324864096626,8,5.0,10.0,15119.0,122.959,both,0.0,1.0
12,6,0,161310.0,140.83316116653776,8,6.0,0.0,161310.0,401.634,both,0.0,1.0
12,6,1,132758.0,112.75144919239663,8,6.0,1.0,132758.0,364.36,both,0.0,1.0
12,6,2,109477.0,101.97783495856538,8,6.0,2.0,109477.0,330.873,both,0.0,1.0
12,6,3,89227.0,90.12032876166175,8,6.0,3.0,89227.0,298.709,both,0.0,1.0
12,6,4,132077.0,115.26304233578081,8,6.0,4.0,132077.0,363.424,both,0.0,1.0
12,6,5,85291.0,94.69280847878575,8,6.0,5.0,85291.0,292.046,both,0.0,1.0
12,6,6,52927.0,74.4821930415586,8,6.0,6.0,52927.0,230.059,both,0.0,1.0
12,6,7,40884.0,67.02492368514865,8,6.0,7.0,40884.0,202.198,both,0.0,1.0
12,6,8,15758.0,40.732307611403506,8,6.0,8.0,15758.0,125.531,both,0.0,1.0
12,6,9,5471.0,23.109444781549815,8,6.0,9.0,5471.0,73.9662,both,0.0,1.0
12,6,10,571.0,0.0,8,6.0,10.0,571.0,23.8956,both,0.0,1.0
12,7,0,27938.0,51.0966125827339,8,7.0,0.0,27938.0,167.147,both,0.0,1.0
12,7,1,20238.0,39.77761656884183,8,7.0,1.0,20238.0,142.26,both,0.0,1.0
12,7,2,14510.0,31.331722706657864,8,7.0,2.0,14510.0,120.457,both,0.0,1.0
12,7,3,9865.0,25.50100452195756,8,7.0,3.0,9865.0,99.3227,both,0.0,1.0
12,7,4,10694.0,24.916096779457654,8,7.0,4.0,10694.0,103.412,both,0.0,1.0
12,7,5,3915.0,12.848720901358236,8,7.0,5.0,3915.0,62.57,both,0.0,1.0
12,7,6,915.0,0.0,8,7.0,6.0,915.0,30.249,both,0.0,1.0
12,7,7,155.0,0.0,8,7.0,7.0,155.0,12.4499,both,0.0,1.0
12,7,8,0.0,0.0,8,7.0,8.0,0.0,0.0,both,0.0,
12,7,9,0.0,0.0,8,7.0,9.0,0.0,0.0,both,0.0,
12,7,10,0.0,0.0,8,7.0,10.0,0.0,0.0,both,0.0,
13,0,0,32490190.0,614.6471293872607,8,0.0,0.0,32490200.0,5700.02,both,-10.0,0.9999996922148833
13,0,1,13411680.0,288.2600504466757,8,0.0,1.0,13411700.0,3662.2,both,-20.0,0.9999985087647353
13,0,2,6633384.0,178.99752263400183,8,0.0,2.0,6633380.0,2575.54,both,4.0,1.000000603010833
13,0,3,3615217.0,115.0132538152886,8,0.0,3.0,3615220.0,1901.37,both,-3.0,0.9999991701749824
13,0,4,3353857.0,79.05818045857114,8,0.0,4.0,3353860.0,1831.35,both,-3.0,0.99999910550828
13,0,5,1234783.0,16.295236086065152,8,0.0,5.0,1234780.0,1111.21,both,3.0,1.0000024295825978
13,0,6,446834.0,6.306118457498242,8,0.0,6.0,446834.0,668.456,both,0.0,1.0
13,0,7,173096.0,0.0,8,0.0,7.0,173096.0,416.048,both,0.0,1.0
13,0,8,23972.0,0.0,8,0.0,8.0,23972.0,154.829,both,0.0,1.0
13,0,9,1928.0,0.0,8,0.0,9.0,1928.0,43.909,both,0.0,1.0
13,0,10,6.0,0.0,8,0.0,10.0,6.0,2.44949,both,0.0,1.0
13,1,0,3429943.0,838.7270038147096,8,1.0,0.0,3429940.0,1852.01,both,3.0,1.0000008746508686
13,1,1,2584531.0,558.6952961520707,8,1.0,1.0,2584530.0,1607.65,both,1.0,1.000000386917544
13,1,2,1910014.0,385.9089252809528,8,1.0,2.0,1910020.0,1382.03,both,-6.0,0.9999968586716369
13,1,3,1397866.0,310.6105264607914,8,1.0,3.0,1397870.0,1182.31,both,-4.0,0.9999971385035804
13,1,4,1780331.0,324.3399243182066,8,1.0,4.0,1780330.0,1334.29,both,1.0,1.0000005616936185
13,1,5,997303.0,189.93913774485762,8,1.0,5.0,997303.0,998.651,both,0.0,1.0
13,1,6,577393.0,106.07447142046007,8,1.0,6.0,577393.0,759.864,both,0.0,1.0
13,1,7,431651.0,75.57557669684036,8,1.0,7.0,431651.0,657.002,both,0.0,1.0
13,1,8,154168.0,11.085779252131985,8,1.0,8.0,154168.0,392.642,both,0.0,1.0
13,1,9,47771.0,4.29117,8,1.0,9.0,47771.0,218.566,both,0.0,1.0
13,1,10,5574.0,0.0,8,1.0,10.0,5574.0,74.6592,both,0.0,1.0
13,2,0,1692644.0,577.7244399417425,8,2.0,0.0,1692640.0,1301.02,both,4.0,1.0000023631723225
13,2,1,1347908.0,411.1652326478979,8,2.0,1.0,1347910.0,1160.99,both,-2.0,0.9999985162214095
13,2,2,1058351.0,334.96845601565235,8,2.0,2.0,1058350.0,1028.76,both,1.0,1.00000094486701
13,2,3,823332.0,292.82533222585096,8,2.0,3.0,823332.0,907.376,both,0.0,1.0
13,2,4,1118916.0,355.600781187809,8,2.0,4.0,1118920.0,1057.79,both,-4.0,0.9999964251242269
13,2,5,655278.0,259.1759906243053,8,2.0,5.0,655278.0,809.492,both,0.0,1.0
13,2,6,388113.0,190.73785300327776,8,2.0,6.0,388113.0,622.987,both,0.0,1.0
13,2,7,311777.0,156.30353985700387,8,2.0,7.0,311777.0,558.37,both,0.0,1.0
13,2,8,144158.0,89.39474659251515,8,2.0,8.0,144158.0,379.681,both,0.0,1.0
13,2,9,68309.0,46.50416862991747,8,2.0,9.0,68309.0,261.36,both,0.0,1.0
13,2,10,17868.0,9.854420781288974,8,2.0,10.0,17868.0,133.671,both,0.0,1.0
13,3,0,1019886.0,427.7139705821637,8,3.0,0.0,1019890.0,1009.89,both,-4.0,0.9999960780084127
13,3,1,830214.0,314.73412481990255,8,3.0,1.0,830214.0,911.161,both,0.0,1.0
13,3,2,668579.0,266.9866841815711,8,3.0,2.0,668579.0,817.667,both,0.0,1.0
13,3,3,533566.0,233.2337469767186,8,3.0,3.0,533566.0,730.456,both,0.0,1.0
13,3,4,757252.0,297.59326647686436,8,3.0,4.0,757252.0,870.202,both,0.0,1.0
13,3,5,466138.0,240.2293192582038,8,3.0,5.0,466138.0,682.743,both,0.0,1.0
13,3,6,284152.0,187.66479421913425,8,3.0,6.0,284152.0,533.059,both,0.0,1.0
13,3,7,227685.0,163.93010168666402,8,3.0,7.0,227685.0,477.163,both,0.0,1.0
13,3,8,102402.0,106.93549301134773,8,3.0,8.0,102402.0,320.003,both,0.0,1.0
13,3,9,50109.0,73.43860764781697,8,3.0,9.0,50109.0,223.85,both,0.0,1.0
13,3,10,14790.0,40.22329149075197,8,3.0,10.0,14790.0,121.614,both,0.0,1.0
13,4,0,611257.0,319.18735965369933,8,4.0,0.0,611257.0,781.829,both,0.0,1.0
13,4,1,502377.0,245.03235767004324,8,4.0,1.0,502377.0,708.786,both,0.0,1.0
13,4,2,409457.0,216.44961881396327,8,4.0,2.0,409457.0,639.888,both,0.0,1.0
13,4,3,331221.0,184.01438749395766,8,4.0,3.0,331221.0,575.518,both,0.0,1.0
13,4,4,484048.0,233.88110109066102,8,4.0,4.0,484048.0,695.736,both,0.0,1.0
13,4,5,307260.0,192.72861979586736,8,4.0,5.0,307260.0,554.31,both,0.0,1.0
13,4,6,190217.0,156.00371863340598,8,4.0,6.0,190217.0,436.139,both,0.0,1.0
13,4,7,151976.0,140.24876234004492,8,4.0,7.0,151976.0,389.841,both,0.0,1.0
13,4,8,64421.0,90.08148118846903,8,4.0,8.0,64421.0,253.813,both,0.0,1.0
13,4,9,27587.0,58.85608957057375,8,4.0,9.0,27587.0,166.093,both,0.0,1.0
13,4,10,6697.0,29.772732712710468,8,4.0,10.0,6697.0,81.8352,both,0.0,1.0
13,5,0,322698.0,233.59270829103377,8,5.0,0.0,322698.0,568.065,both,0.0,1.0
13,5,1,263641.0,181.97483085355512,8,5.0,1.0,263641.0,513.46,both,0.0,1.0
13,5,2,213797.0,153.70954043936246,8,5.0,2.0,213797.0,462.382,both,0.0,1.0
13,5,3,171199.0,132.5864082796574,8,5.0,3.0,171199.0,413.762,both,0.0,1.0
13,5,4,245380.0,164.2105040685099,8,5.0,4.0,245380.0,495.358,both,0.0,1.0
13,5,5,151567.0,132.1362328501146,8,5.0,5.0,151567.0,389.316,both,0.0,1.0
13,5,6,88571.0,101.76947532449796,8,5.0,6.0,88571.0,297.609,both,0.0,1.0
13,5,7,62493.0,89.53144542946293,8,5.0,7.0,62493.0,249.986,both,0.0,1.0
13,5,8,21836.0,51.3433913001469,8,5.0,8.0,21836.0,147.77,both,0.0,1.0
13,5,9,6911.0,28.061678034821796,8,5.0,9.0,6911.0,83.1324,both,0.0,1.0
13,5,10,924.0,6.156157550436798,8,5.0,10.0,924.0,30.3974,both,0.0,1.0
13,6,0,108492.0,145.92593772242822,8,6.0,0.0,108492.0,329.381,both,0.0,1.0
13,6,1,84820.0,108.58003550690155,8,6.0,1.0,84820.0,291.239,both,0.0,1.0
13,6,2,64264.0,86.89343308674137,8,6.0,2.0,64264.0,253.503,both,0.0,1.0
13,6,3,47876.0,70.70961277507041,8,6.0,3.0,47876.0,218.806,both,0.0,1.0
13,6,4,60079.0,78.42324325734049,8,6.0,4.0,60079.0,245.11,both,0.0,1.0
13,6,5,29205.0,53.606118831860975,8,6.0,5.0,29205.0,170.895,both,0.0,1.0
13,6,6,12580.0,35.74988121655232,8,6.0,6.0,12580.0,112.161,both,0.0,1.0
13,6,7,5905.0,21.696927814047775,8,6.0,7.0,5905.0,76.844,both,0.0,1.0
13,6,8,1031.0,0.0,8,6.0,8.0,1031.0,32.1092,both,0.0,1.0
13,6,9,97.0,0.0,8,6.0,9.0,97.0,9.84886,both,0.0,1.0
13,6,10,0.0,0.0,8,6.0,10.0,0.0,0.0,both,0.0,
13,7,0,4891.0,20.395633775435858,8,7.0,0.0,4891.0,69.9357,both,0.0,1.0
13,7,1,2748.0,13.239898795621514,8,7.0,1.0,2748.0,52.4214,both,0.0,1.0
13,7,2,1350.0,0.0,8,7.0,2.0,1350.0,36.7423,both,0.0,1.0
13,7,3,586.0,0.0,8,7.0,3.0,586.0,24.2074,both,0.0,1.0
13,7,4,315.0,0.0,8,7.0,4.0,315.0,17.7482,both,0.0,1.0
13,7,5,24.0,0.0,8,7.0,5.0,24.0,4.89898,both,0.0,1.0
13,7,6,0.0,0.0,8,7.0,6.0,0.0,0.0,both,0.0,
13,7,7,0.0,0.0,8,7.0,7.0,0.0,0.0,both,0.0,
13,7,8,0.0,0.0,8,7.0,8.0,0.0,0.0,both,0.0,
13,7,9,0.0,0.0,8,7.0,9.0,0.0,0.0,both,0.0,
13,7,10,0.0,0.0,8,7.0,10.0,0.0,0.0,both,0.0,
14,0,0,51511040.0,267.00920748530376,8,,,,,left_only,,
14,0,1,18645770.0,132.6704839960645,8,,,,,left_only,,
14,0,2,8454460.0,78.25541845399589,8,,,,,left_only,,
14,0,3,4185738.0,38.86810193915443,8,,,,,left_only,,
14,0,4,3228039.0,20.974126368237606,8,,,,,left_only,,
14,0,5,807351.0,0.0,8,,,,,left_only,,
14,0,6,170629.0,0.0,8,,,,,left_only,,
14,0,7,31025.0,0.0,8,,,,,left_only,,
14,0,8,855.0,0.0,8,,,,,left_only,,
14,0,9,0.0,0.0,8,,,,,left_only,,
14,0,10,0.0,0.0,8,,,,,left_only,,
14,1,0,7082955.0,1081.891008833145,8,,,,,left_only,,
14,1,1,5095607.0,554.4569332193439,8,,,,,left_only,,
14,1,2,3538308.0,343.3072738641289,8,,,,,left_only,,
14,1,3,2451253.0,254.84792774851044,8,,,,,left_only,,
14,1,4,2790565.0,239.75968464985934,8,,,,,left_only,,
14,1,5,1254992.0,114.48314519574487,8,,,,,left_only,,
14,1,6,521904.0,46.44123437446619,8,,,,,left_only,,
14,1,7,229176.0,17.455463623003542,8,,,,,left_only,,
14,1,8,35885.0,0.0,8,,,,,left_only,,
14,1,9,3729.0,0.0,8,,,,,left_only,,
14,1,10,16.0,0.0,8,,,,,left_only,,
14,2,0,3711067.0,1111.7906293889152,8,,,,,left_only,,
14,2,1,2846641.0,580.6747480552259,8,,,,,left_only,,
14,2,2,2143312.0,407.51861022614656,8,,,,,left_only,,
14,2,3,1575755.0,330.4938149558173,8,,,,,left_only,,
14,2,4,1905906.0,364.9213389852668,8,,,,,left_only,,
14,2,5,922341.0,240.03361723317008,8,,,,,left_only,,
14,2,6,429083.0,148.96781081760582,8,,,,,left_only,,
14,2,7,239275.0,97.61409775334708,8,,,,,left_only,,
14,2,8,59370.0,37.76022694555741,8,,,,,left_only,,
14,2,9,12730.0,8.839361699065154,8,,,,,left_only,,
14,2,10,622.0,0.0,8,,,,,left_only,,
14,3,0,2247862.0,795.9275656352154,8,,,,,left_only,,
14,3,1,1760799.0,495.65404898779957,8,,,,,left_only,,
14,3,2,1334135.0,375.7710203502261,8,,,,,left_only,,
14,3,3,981983.0,305.3838004159684,8,,,,,left_only,,
14,3,4,1218906.0,344.56479470085156,8,,,,,left_only,,
14,3,5,607089.0,247.79969580784396,8,,,,,left_only,,
14,3,6,288327.0,167.95250263178573,8,,,,,left_only,,
14,3,7,163438.0,124.16493337927581,8,,,,,left_only,,
14,3,8,41786.0,60.817209823207115,8,,,,,left_only,,
14,3,9,9884.0,27.365082660858164,8,,,,,left_only,,
14,3,10,706.0,5.864178304323633,8,,,,,left_only,,
14,4,0,1206368.0,566.4145690004804,8,,,,,left_only,,
14,4,1,909897.0,384.92610431859515,8,,,,,left_only,,
14,4,2,675257.0,304.0597117492878,8,,,,,left_only,,
14,4,3,493426.0,238.24451356289404,8,,,,,left_only,,
14,4,4,610222.0,265.4227233102132,8,,,,,left_only,,
14,4,5,299924.0,190.58284759429426,8,,,,,left_only,,
14,4,6,139013.0,130.53045077521182,8,,,,,left_only,,
14,4,7,72670.0,96.26947035264556,8,,,,,left_only,,
14,4,8,16369.0,43.41605610669859,8,,,,,left_only,,
14,4,9,3126.0,18.18358487849687,8,,,,,left_only,,
14,4,10,91.0,0.0,8,,,,,left_only,,
14,5,0,432701.0,335.47627857762166,8,,,,,left_only,,
14,5,1,312699.0,243.23653463371824,8,,,,,left_only,,
14,5,2,223534.0,183.82630100260408,8,,,,,left_only,,
14,5,3,156494.0,138.8948600283322,8,,,,,left_only,,
14,5,4,178033.0,149.0315855621217,8,,,,,left_only,,
14,5,5,76841.0,96.21765813671054,8,,,,,left_only,,
14,5,6,29096.0,58.48632126104103,8,,,,,left_only,,
14,5,7,11897.0,36.455087065182,8,,,,,left_only,,
14,5,8,1606.0,6.80823191589417,8,,,,,left_only,,
14,5,9,72.0,0.0,8,,,,,left_only,,
14,5,10,0.0,0.0,8,,,,,left_only,,
14,6,0,60315.0,130.55644357188964,8,,,,,left_only,,
14,6,1,37589.0,86.23216013628559,8,,,,,left_only,,
14,6,2,22207.0,57.45939117159178,8,,,,,left_only,,
14,6,3,13026.0,39.28641432807784,8,,,,,left_only,,
14,6,4,11183.0,35.17967642042206,8,,,,,left_only,,
14,6,5,2754.0,13.299653939667001,8,,,,,left_only,,
14,6,6,512.0,3.55242,8,,,,,left_only,,
14,6,7,28.0,0.0,8,,,,,left_only,,
14,6,8,0.0,0.0,8,,,,,left_only,,
14,6,9,0.0,0.0,8,,,,,left_only,,
14,6,10,0.0,0.0,8,,,,,left_only,,
14,7,0,371.99850000000004,21.053088644519597,8,,,,,left_only,,
14,7,1,149.0144,13.124023643368675,8,,,,,left_only,,
14,7,2,27.4544,5.74619,8,,,,,left_only,,
14,7,3,42.1128,7.11586236562372,8,,,,,left_only,,
14,7,4,41.69591,6.930419039141862,8,,,,,left_only,,
14,7,5,0.0,0.0,8,,,,,left_only,,
14,7,6,0.0,0.0,8,,,,,left_only,,
14,7,7,0.0,0.0,8,,,,,left_only,,
14,7,8,0.0,0.0,8,,,,,left_only,,
14,7,9,0.0,0.0,8,,,,,left_only,,
14,7,10,0.0,0.0,8,,,,,left_only,,
15,0,0,47620430.0,928.2089491978624,8,,,,,left_only,,
15,0,1,18523600.0,473.0788440857401,8,,,,,left_only,,
15,0,2,8894910.0,303.7390943277141,8,,,,,left_only,,
15,0,3,4700626.0,176.63107970889496,8,,,,,left_only,,
15,0,4,4108579.0,121.12293472674776,8,,,,,left_only,,
15,0,5,1362571.0,69.95726015897635,8,,,,,left_only,,
15,0,6,454432.0,13.313914835190285,8,,,,,left_only,,
15,0,7,174541.0,4.53853,8,,,,,left_only,,
15,0,8,26693.0,6.837416881381448,8,,,,,left_only,,
15,0,9,2510.0,0.0,8,,,,,left_only,,
15,0,10,5.0,0.0,8,,,,,left_only,,
15,1,0,5595686.0,1157.5287848658452,8,,,,,left_only,,
15,1,1,4103127.0,806.646989755122,8,,,,,left_only,,
15,1,2,2941069.0,521.1852220721536,8,,,,,left_only,,
15,1,3,2093958.0,404.20891803077524,8,,,,,left_only,,
15,1,4,2523758.0,425.788106684299,8,,,,,left_only,,
15,1,5,1275516.0,245.7582109524929,8,,,,,left_only,,
15,1,6,648512.0,130.30629819732428,8,,,,,left_only,,
15,1,7,418902.0,76.29791131289244,8,,,,,left_only,,
15,1,8,138788.0,18.034393888387267,8,,,,,left_only,,
15,1,9,45318.0,8.893726352148462,8,,,,,left_only,,
15,1,10,6023.0,0.0,8,,,,,left_only,,
15,2,0,2871098.0,925.9362042268355,8,,,,,left_only,,
15,2,1,2238334.0,621.1869571067634,8,,,,,left_only,,
15,2,2,1719967.0,494.3223847050627,8,,,,,left_only,,
15,2,3,1296436.0,386.30013885113993,8,,,,,left_only,,
15,2,4,1660005.0,440.0036574616738,8,,,,,left_only,,
15,2,5,883299.0,319.55270408494437,8,,,,,left_only,,
15,2,6,468645.0,228.4812560068331,8,,,,,left_only,,
15,2,7,328563.0,181.47096507752968,8,,,,,left_only,,
15,2,8,129101.0,99.58344585682903,8,,,,,left_only,,
15,2,9,58880.0,53.91487030439747,8,,,,,left_only,,
15,2,10,16715.0,16.24587881291437,8,,,,,left_only,,
15,3,0,1736582.0,652.6769015646256,8,,,,,left_only,,
15,3,1,1376410.0,460.14518774747603,8,,,,,left_only,,
15,3,2,1070664.0,383.7298649395301,8,,,,,left_only,,
15,3,3,817885.0,317.15667952808434,8,,,,,left_only,,
15,3,4,1082710.0,375.3610373226022,8,,,,,left_only,,
15,3,5,603030.0,282.83109237999275,8,,,,,left_only,,
15,3,6,327793.0,210.0818648626292,8,,,,,left_only,,
15,3,7,232535.0,179.2794369956856,8,,,,,left_only,,
15,3,8,91452.0,111.2065034503828,8,,,,,left_only,,
15,3,9,41454.0,75.62317394079675,8,,,,,left_only,,
15,3,10,13539.0,41.21576567165167,8,,,,,left_only,,
15,4,0,960992.0,455.9663935236894,8,,,,,left_only,,
15,4,1,750518.0,341.8112996239007,8,,,,,left_only,,
15,4,2,580970.0,281.78444744531237,8,,,,,left_only,,
15,4,3,445120.0,234.6351437404252,8,,,,,left_only,,
15,4,4,600324.0,282.9680788503007,8,,,,,left_only,,
15,4,5,342614.0,208.76535698613887,8,,,,,left_only,,
15,4,6,191468.0,160.4714327034058,8,,,,,left_only,,
15,4,7,136432.0,136.0188312376922,8,,,,,left_only,,
15,4,8,52780.0,84.02596581498186,8,,,,,left_only,,
15,4,9,22426.0,54.844737677055214,8,,,,,left_only,,
15,4,10,6294.0,30.06993105646237,8,,,,,left_only,,
15,5,0,401612.0,281.321746609145,8,,,,,left_only,,
15,5,1,310108.0,220.61424307535086,8,,,,,left_only,,
15,5,2,237022.0,177.86697980735494,8,,,,,left_only,,
15,5,3,180270.0,146.473121206179,8,,,,,left_only,,
15,5,4,237015.0,175.61497250858454,8,,,,,left_only,,
15,5,5,132261.0,126.89376187535619,8,,,,,left_only,,
15,5,6,72221.0,92.81396834744218,8,,,,,left_only,,
15,5,7,49273.0,78.71994266111987,8,,,,,left_only,,
15,5,8,17779.0,47.68403407871444,8,,,,,left_only,,
15,5,9,6258.0,25.671066840904764,8,,,,,left_only,,
15,5,10,926.0,0.0,8,,,,,left_only,,
15,6,0,93220.0,133.71258592077263,8,,,,,left_only,,
15,6,1,69027.0,101.30289348523071,8,,,,,left_only,,
15,6,2,50408.0,77.26438959498483,8,,,,,left_only,,
15,6,3,36442.0,63.688225634028306,8,,,,,left_only,,
15,6,4,44523.0,72.07995802060722,8,,,,,left_only,,
15,6,5,21879.0,49.50519258393507,8,,,,,left_only,,
15,6,6,10064.0,30.91598750544611,8,,,,,left_only,,
15,6,7,5334.0,20.704440127062117,8,,,,,left_only,,
15,6,8,1015.0,4.05615,8,,,,,left_only,,
15,6,9,75.0,0.0,8,,,,,left_only,,
15,6,10,0.0,0.0,8,,,,,left_only,,
15,7,0,3791.0,15.159510644658026,8,,,,,left_only,,
15,7,1,2191.0,6.04015,8,,,,,left_only,,
15,7,2,1148.0,0.0,8,,,,,left_only,,
15,7,3,533.0,0.0,8,,,,,left_only,,
15,7,4,308.0,0.0,8,,,,,left_only,,
15,7,5,16.0,0.0,8,,,,,left_only,,
15,7,6,0.0,0.0,8,,,,,left_only,,
15,7,7,0.0,0.0,8,,,,,left_only,,
15,7,8,0.0,0.0,8,,,,,left_only,,
15,7,9,0.0,0.0,8,,,,,left_only,,
15,7,10,0.0,0.0,8,,,,,left_only,,
16,0,0,0.0,0.0,8,,,,,left_only,,
16,0,1,0.0,0.0,8,,,,,left_only,,
16,0,2,0.0,0.0,8,,,,,left_only,,
16,0,3,0.0,0.0,8,,,,,left_only,,
16,0,4,0.0,0.0,8,,,,,left_only,,
16,0,5,0.0,0.0,8,,,,,left_only,,
16,0,6,0.0,0.0,8,,,,,left_only,,
16,0,7,0.0,0.0,8,,,,,left_only,,
16,0,8,0.0,0.0,8,,,,,left_only,,
16,0,9,0.0,0.0,8,,,,,left_only,,
16,0,10,0.0,0.0,8,,,,,left_only,,
16,1,0,0.0,0.0,8,,,,,left_only,,
16,1,1,0.0,0.0,8,,,,,left_only,,
16,1,2,0.0,0.0,8,,,,,left_only,,
16,1,3,0.0,0.0,8,,,,,left_only,,
16,1,4,0.0,0.0,8,,,,,left_only,,
16,1,5,0.0,0.0,8,,,,,left_only,,
16,1,6,0.0,0.0,8,,,,,left_only,,
16,1,7,0.0,0.0,8,,,,,left_only,,
16,1,8,0.0,0.0,8,,,,,left_only,,
16,1,9,0.0,0.0,8,,,,,left_only,,
16,1,10,0.0,0.0,8,,,,,left_only,,
16,2,0,0.0,0.0,8,,,,,left_only,,
16,2,1,0.0,0.0,8,,,,,left_only,,
16,2,2,0.0,0.0,8,,,,,left_only,,
16,2,3,0.0,0.0,8,,,,,left_only,,
16,2,4,0.0,0.0,8,,,,,left_only,,
16,2,5,0.0,0.0,8,,,,,left_only,,
16,2,6,0.0,0.0,8,,,,,left_only,,
16,2,7,0.0,0.0,8,,,,,left_only,,
16,2,8,0.0,0.0,8,,,,,left_only,,
16,2,9,0.0,0.0,8,,,,,left_only,,
16,2,10,0.0,0.0,8,,,,,left_only,,
16,3,0,0.0,0.0,8,,,,,left_only,,
16,3,1,0.0,0.0,8,,,,,left_only,,
16,3,2,0.0,0.0,8,,,,,left_only,,
16,3,3,0.0,0.0,8,,,,,left_only,,
16,3,4,0.0,0.0,8,,,,,left_only,,
16,3,5,0.0,0.0,8,,,,,left_only,,
16,3,6,0.0,0.0,8,,,,,left_only,,
16,3,7,0.0,0.0,8,,,,,left_only,,
16,3,8,0.0,0.0,8,,,,,left_only,,
16,3,9,0.0,0.0,8,,,,,left_only,,
16,3,10,0.0,0.0,8,,,,,left_only,,
16,4,0,0.0,0.0,8,,,,,left_only,,
16,4,1,0.0,0.0,8,,,,,left_only,,
16,4,2,0.0,0.0,8,,,,,left_only,,
16,4,3,0.0,0.0,8,,,,,left_only,,
16,4,4,0.0,0.0,8,,,,,left_only,,
16,4,5,0.0,0.0,8,,,,,left_only,,
16,4,6,0.0,0.0,8,,,,,left_only,,
16,4,7,0.0,0.0,8,,,,,left_only,,
16,4,8,0.0,0.0,8,,,,,left_only,,
16,4,9,0.0,0.0,8,,,,,left_only,,
16,4,10,0.0,0.0,8,,,,,left_only,,
16,5,0,0.0,0.0,8,,,,,left_only,,
16,5,1,0.0,0.0,8,,,,,left_only,,
16,5,2,0.0,0.0,8,,,,,left_only,,
16,5,3,0.0,0.0,8,,,,,left_only,,
16,5,4,0.0,0.0,8,,,,,left_only,,
16,5,5,0.0,0.0,8,,,,,left_only,,
16,5,6,0.0,0.0,8,,,,,left_only,,
16,5,7,0.0,0.0,8,,,,,left_only,,
16,5,8,0.0,0.0,8,,,,,left_only,,
16,5,9,0.0,0.0,8,,,,,left_only,,
16,5,10,0.0,0.0,8,,,,,left_only,,
16,6,0,0.0,0.0,8,,,,,left_only,,
16,6,1,0.0,0.0,8,,,,,left_only,,
16,6,2,0.0,0.0,8,,,,,left_only,,
16,6,3,0.0,0.0,8,,,,,left_only,,
16,6,4,0.0,0.0,8,,,,,left_only,,
16,6,5,0.0,0.0,8,,,,,left_only,,
16,6,6,0.0,0.0,8,,,,,left_only,,
16,6,7,0.0,0.0,8,,,,,left_only,,
16,6,8,0.0,0.0,8,,,,,left_only,,
16,6,9,0.0,0.0,8,,,,,left_only,,
16,6,10,0.0,0.0,8,,,,,left_only,,
16,7,0,0.0,0.0,8,,,,,left_only,,
16,7,1,0.0,0.0,8,,,,,left_only,,
16,7,2,0.0,0.0,8,,,,,left_only,,
16,7,3,0.0,0.0,8,,,,,left_only,,
16,7,4,0.0,0.0,8,,,,,left_only,,
16,7,5,0.0,0.0,8,,,,,left_only,,
16,7,6,0.0,0.0,8,,,,,left_only,,
16,7,7,0.0,0.0,8,,,,,left_only,,
16,7,8,0.0,0.0,8,,,,,left_only,,
16,7,9,0.0,0.0,8,,,,,left_only,,
16,7,10,0.0,0.0,8,,,,,left_only,,
17,0,0,227239200.0,820.2384199238719,8,,,,,left_only,,
17,0,1,97004900.0,602.1693544334516,8,,,,,left_only,,
17,0,2,49849260.0,441.1305891140627,8,,,,,left_only,,
17,0,3,27997840.0,325.8849145241461,8,,,,,left_only,,
17,0,4,26823680.0,316.2895864124205,8,,,,,left_only,,
17,0,5,10407260.0,137.35199578003954,8,,,,,left_only,,
17,0,6,4201204.0,52.65990162894344,8,,,,,left_only,,
17,0,7,2141874.0,19.844665726514517,8,,,,,left_only,,
17,0,8,574071.0,9.777,8,,,,,left_only,,
17,0,9,175831.0,8.751101106500828,8,,,,,left_only,,
17,0,10,30553.0,0.0,8,,,,,left_only,,
17,1,0,20167260.0,1003.4538118513926,8,,,,,left_only,,
17,1,1,15529940.0,771.8083304330163,8,,,,,left_only,,
17,1,2,11709700.0,670.4216412084637,8,,,,,left_only,,
17,1,3,8723260.0,567.0853599300196,8,,,,,left_only,,
17,1,4,11360550.0,658.0047909666008,8,,,,,left_only,,
17,1,5,6483982.0,456.35249989064374,8,,,,,left_only,,
17,1,6,3795376.0,308.56011377976256,8,,,,,left_only,,
17,1,7,2956714.0,227.84437368583409,8,,,,,left_only,,
17,1,8,1276518.0,106.9666288147383,8,,,,,left_only,,
17,1,9,619668.0,50.36892084413661,8,,,,,left_only,,
17,1,10,251360.0,11.064481686202024,8,,,,,left_only,,
17,2,0,9640480.0,567.5460583490119,8,,,,,left_only,,
17,2,1,7704819.0,514.82618247021,8,,,,,left_only,,
17,2,2,6078606.0,471.9699548998432,8,,,,,left_only,,
17,2,3,4748556.0,443.80740016691925,8,,,,,left_only,,
17,2,4,6528254.0,562.310522305434,8,,,,,left_only,,
17,2,5,3904489.0,444.20914830566016,8,,,,,left_only,,
17,2,6,2351794.0,351.52477797318926,8,,,,,left_only,,
17,2,7,1939948.0,318.842811054601,8,,,,,left_only,,
17,2,8,956702.0,216.56853311086076,8,,,,,left_only,,
17,2,9,570518.0,152.3989361504535,8,,,,,left_only,,
17,2,10,312004.0,90.98972035658753,8,,,,,left_only,,
17,3,0,5241322.0,373.4104238157124,8,,,,,left_only,,
17,3,1,4279307.0,345.4479308216942,8,,,,,left_only,,
17,3,2,3465631.0,321.00181520697186,8,,,,,left_only,,
17,3,3,2788869.0,306.774518453929,8,,,,,left_only,,
17,3,4,4008421.0,424.0695019191784,8,,,,,left_only,,
17,3,5,2525885.0,355.52696745751933,8,,,,,left_only,,
17,3,6,1582303.0,292.51694415069363,8,,,,,left_only,,
17,3,7,1338688.0,281.0522043086124,8,,,,,left_only,,
17,3,8,665606.0,205.7434086255013,8,,,,,left_only,,
17,3,9,403401.0,163.87779336722227,8,,,,,left_only,,
17,3,10,235766.0,125.01117500515704,8,,,,,left_only,,
17,4,0,2905450.0,263.0580339137925,8,,,,,left_only,,
17,4,1,2408428.0,237.36396611701616,8,,,,,left_only,,
17,4,2,1985473.0,228.08072830185193,8,,,,,left_only,,
17,4,3,1635188.0,216.46333519333012,8,,,,,left_only,,
17,4,4,2424812.0,304.22874174362886,8,,,,,left_only,,
17,4,5,1603184.0,270.36140346448786,8,,,,,left_only,,
17,4,6,1047278.0,232.29823125151017,8,,,,,left_only,,
17,4,7,916979.0,228.5596688116694,8,,,,,left_only,,
17,4,8,465389.0,170.82301856825387,8,,,,,left_only,,
17,4,9,278880.0,139.72376397338428,8,,,,,left_only,,
17,4,10,155227.0,110.07593565684554,8,,,,,left_only,,
17,5,0,1521314.0,195.63847062070894,8,,,,,left_only,,
17,5,1,1275969.0,174.11438093886503,8,,,,,left_only,,
17,5,2,1065448.0,173.0469219387054,8,,,,,left_only,,
17,5,3,884378.0,150.55681716775365,8,,,,,left_only,,
17,5,4,1330559.0,212.47124706044346,8,,,,,left_only,,
17,5,5,896374.0,194.9181825254381,8,,,,,left_only,,
17,5,6,592082.0,170.4666684436286,8,,,,,left_only,,
17,5,7,517018.0,170.61742797497007,8,,,,,left_only,,
17,5,8,259441.0,127.60804380224978,8,,,,,left_only,,
17,5,9,149989.0,102.96653883927536,8,,,,,left_only,,
17,5,10,78548.0,80.7630355727173,8,,,,,left_only,,
17,6,0,631627.0,136.47559284765902,8,,,,,left_only,,
17,6,1,522987.0,121.89005575023789,8,,,,,left_only,,
17,6,2,430810.0,110.05469273633905,8,,,,,left_only,,
17,6,3,351781.0,99.3268375032146,8,,,,,left_only,,
17,6,4,518732.0,131.89278002274006,8,,,,,left_only,,
17,6,5,334466.0,117.49477471134621,8,,,,,left_only,,
17,6,6,211101.0,102.37716896579042,8,,,,,left_only,,
17,6,7,175792.0,119.5699806243189,8,,,,,left_only,,
17,6,8,82408.0,72.95216856612284,8,,,,,left_only,,
17,6,9,43955.0,54.78811737484781,8,,,,,left_only,,
17,6,10,17492.0,37.257711473250744,8,,,,,left_only,,
17,7,0,120900.0,56.585270370770516,8,,,,,left_only,,
17,7,1,92998.0,48.3186948212594,8,,,,,left_only,,
17,7,2,70956.0,43.90752155952326,8,,,,,left_only,,
17,7,3,53383.0,39.46396277795731,8,,,,,left_only,,
17,7,4,70491.0,47.1763318892228,8,,,,,left_only,,
17,7,5,38326.0,36.08935110406531,8,,,,,left_only,,
17,7,6,20006.0,27.570751949074584,8,,,,,left_only,,
17,7,7,12195.0,21.356258616026356,8,,,,,left_only,,
17,7,8,3264.0,7.2656270565588486,8,,,,,left_only,,
17,7,9,414.0,0.0,8,,,,,left_only,,
17,7,10,0.0,0.0,8,,,,,left_only,,
18,0,0,97500900.0,0.0,8,,,,,left_only,,
18,0,1,36182340.0,0.0,8,,,,,left_only,,
18,0,2,16721460.0,0.0,8,,,,,left_only,,
18,0,3,8350200.0,0.0,8,,,,,left_only,,
18,0,4,6278600.0,0.0,8,,,,,left_only,,
18,0,5,1401553.0,0.0,8,,,,,left_only,,
18,0,6,247047.0,0.0,8,,,,,left_only,,
18,0,7,31439.0,0.0,8,,,,,left_only,,
18,0,8,250.0,0.0,8,,,,,left_only,,
18,0,9,0.0,0.0,8,,,,,left_only,,
18,0,10,0.0,0.0,8,,,,,left_only,,
18,1,0,13192400.0,404.12843197653143,8,,,,,left_only,,
18,1,1,9732540.0,192.63379087660087,8,,,,,left_only,,
18,1,2,7037489.0,137.10435015436235,8,,,,,left_only,,
18,1,3,5075588.0,103.12532403183033,8,,,,,left_only,,
18,1,4,6274050.0,96.81242156166222,8,,,,,left_only,,
18,1,5,2974869.0,49.5867508740722,8,,,,,left_only,,
18,1,6,1211966.0,21.565944511170848,8,,,,,left_only,,
18,1,7,500740.0,0.0,8,,,,,left_only,,
18,1,8,71017.0,0.0,8,,,,,left_only,,
18,1,9,5799.0,0.0,8,,,,,left_only,,
18,1,10,8.0,0.0,8,,,,,left_only,,
18,2,0,6806164.0,472.99978109814174,8,,,,,left_only,,
18,2,1,5338597.0,285.3811677377819,8,,,,,left_only,,
18,2,2,4123611.0,214.42323741255285,8,,,,,left_only,,
18,2,3,3135073.0,190.06582141047875,8,,,,,left_only,,
18,2,4,4075777.0,207.3837592707539,8,,,,,left_only,,
18,2,5,2140290.0,129.58993719224497,8,,,,,left_only,,
18,2,6,1052205.0,80.63937139462088,8,,,,,left_only,,
18,2,7,603061.0,58.29640307943536,8,,,,,left_only,,
18,2,8,156009.0,23.83817093726782,8,,,,,left_only,,
18,2,9,32541.0,0.0,8,,,,,left_only,,
18,2,10,1336.0,0.0,8,,,,,left_only,,
18,3,0,4216554.0,379.96861174410185,8,,,,,left_only,,
18,3,1,3374328.0,273.154966781935,8,,,,,left_only,,
18,3,2,2657793.0,208.86877971501627,8,,,,,left_only,,
18,3,3,2054817.0,187.6459788324013,8,,,,,left_only,,
18,3,4,2709769.0,229.9912869774418,8,,,,,left_only,,
18,3,5,1453689.0,164.8823505303706,8,,,,,left_only,,
18,3,6,726766.0,110.53399400469522,8,,,,,left_only,,
18,3,7,432790.0,85.7999263555628,8,,,,,left_only,,
18,3,8,121889.0,44.63145333752868,8,,,,,left_only,,
18,3,9,30570.0,22.41589986095807,8,,,,,left_only,,
18,3,10,2172.0,4.02976,8,,,,,left_only,,
18,4,0,2492871.0,308.1459068922383,8,,,,,left_only,,
18,4,1,1961401.0,216.82517553819713,8,,,,,left_only,,
18,4,2,1525647.0,174.9898413230608,8,,,,,left_only,,
18,4,3,1164070.0,150.65278582266575,8,,,,,left_only,,
18,4,4,1517812.0,192.324794862181,8,,,,,left_only,,
18,4,5,791947.0,151.53592896930417,8,,,,,left_only,,
18,4,6,384389.0,107.61439604407025,8,,,,,left_only,,
18,4,7,221438.0,82.84782573513924,8,,,,,left_only,,
18,4,8,56747.0,42.04523277709852,8,,,,,left_only,,
18,4,9,11965.0,20.07134260024476,8,,,,,left_only,,
18,4,10,418.0,0.0,8,,,,,left_only,,
18,5,0,1104808.0,231.89686255557663,8,,,,,left_only,,
18,5,1,832423.0,154.17411866419084,8,,,,,left_only,,
18,5,2,613849.0,124.06178356532683,8,,,,,left_only,,
18,5,3,441145.0,102.64818320798473,8,,,,,left_only,,
18,5,4,526283.0,122.85079490190529,8,,,,,left_only,,
18,5,5,245240.0,96.93167407428028,8,,,,,left_only,,
18,5,6,105738.0,68.19566097515369,8,,,,,left_only,,
18,5,7,48861.0,48.94778960402604,8,,,,,left_only,,
18,5,8,8044.0,21.057231231916507,8,,,,,left_only,,
18,5,9,601.0,0.0,8,,,,,left_only,,
18,5,10,0.0,0.0,8,,,,,left_only,,
18,6,0,210203.0,120.67864696076104,8,,,,,left_only,,
18,6,1,138900.0,75.90449157745871,8,,,,,left_only,,
18,6,2,88495.0,52.42297674970394,8,,,,,left_only,,
18,6,3,55411.0,40.409812651453855,8,,,,,left_only,,
18,6,4,52107.0,40.09748660327727,8,,,,,left_only,,
18,6,5,15751.0,24.199972599682834,8,,,,,left_only,,
18,6,6,3451.0,7.6111497549450435,8,,,,,left_only,,
18,6,7,461.0,0.0,8,,,,,left_only,,
18,6,8,0.0,0.0,8,,,,,left_only,,
18,6,9,0.0,0.0,8,,,,,left_only,,
18,6,10,0.0,0.0,8,,,,,left_only,,
18,7,0,997.0,0.0,8,,,,,left_only,,
18,7,1,205.0,0.0,8,,,,,left_only,,
18,7,2,9.0,0.0,8,,,,,left_only,,
18,7,3,0.0,0.0,8,,,,,left_only,,
18,7,4,0.0,0.0,8,,,,,left_only,,
18,7,5,0.0,0.0,8,,,,,left_only,,
18,7,6,0.0,0.0,8,,,,,left_only,,
18,7,7,0.0,0.0,8,,,,,left_only,,
18,7,8,0.0,0.0,8,,,,,left_only,,
18,7,9,0.0,0.0,8,,,,,left_only,,
18,7,10,0.0,0.0,8,,,,,left_only,,
19,0,0,21782770.0,0.0,8,,,,,left_only,,
19,0,1,6404120.0,0.0,8,,,,,left_only,,
19,0,2,2014510.0,0.0,8,,,,,left_only,,
19,0,3,528577.0,0.0,8,,,,,left_only,,
19,0,4,107760.0,0.0,8,,,,,left_only,,
19,0,5,78.0,0.0,8,,,,,left_only,,
19,0,6,0.0,0.0,8,,,,,left_only,,
19,0,7,0.0,0.0,8,,,,,left_only,,
19,0,8,0.0,0.0,8,,,,,left_only,,
19,0,9,0.0,0.0,8,,,,,left_only,,
19,0,10,0.0,0.0,8,,,,,left_only,,
19,1,0,4245546.0,0.0,8,,,,,left_only,,
19,1,1,2978128.0,0.0,8,,,,,left_only,,
19,1,2,1847002.0,0.0,8,,,,,left_only,,
19,1,3,1089203.0,0.0,8,,,,,left_only,,
19,1,4,662800.0,0.0,8,,,,,left_only,,
19,1,5,54065.0,0.0,8,,,,,left_only,,
19,1,6,383.0,0.0,8,,,,,left_only,,
19,1,7,0.0,0.0,8,,,,,left_only,,
19,1,8,0.0,0.0,8,,,,,left_only,,
19,1,9,0.0,0.0,8,,,,,left_only,,
19,1,10,0.0,0.0,8,,,,,left_only,,
19,2,0,2183149.0,91.1278489920617,8,,,,,left_only,,
19,2,1,1566852.0,47.796779344010204,8,,,,,left_only,,
19,2,2,1079600.0,31.15862486055025,8,,,,,left_only,,
19,2,3,715921.0,26.225581475889147,8,,,,,left_only,,
19,2,4,572535.0,22.71525320506025,8,,,,,left_only,,
19,2,5,96822.0,7.423308701637026,8,,,,,left_only,,
19,2,6,4573.0,0.0,8,,,,,left_only,,
19,2,7,0.0,0.0,8,,,,,left_only,,
19,2,8,0.0,0.0,8,,,,,left_only,,
19,2,9,0.0,0.0,8,,,,,left_only,,
19,2,10,0.0,0.0,8,,,,,left_only,,
19,3,0,1169764.0,142.61044606938862,8,,,,,left_only,,
19,3,1,864257.0,79.37782651351698,8,,,,,left_only,,
19,3,2,595806.0,47.703224225098246,8,,,,,left_only,,
19,3,3,355663.0,38.71267733411498,8,,,,,left_only,,
19,3,4,267327.0,41.141110527381244,8,,,,,left_only,,
19,3,5,42714.0,17.705765464291567,8,,,,,left_only,,
19,3,6,1437.0,0.0,8,,,,,left_only,,
19,3,7,0.0,0.0,8,,,,,left_only,,
19,3,8,0.0,0.0,8,,,,,left_only,,
19,3,9,0.0,0.0,8,,,,,left_only,,
19,3,10,0.0,0.0,8,,,,,left_only,,
19,4,0,527578.0,128.58356377605188,8,,,,,left_only,,
19,4,1,322735.0,64.65261652462334,8,,,,,left_only,,
19,4,2,174898.0,38.97702965882085,8,,,,,left_only,,
19,4,3,83904.0,25.50470487947273,8,,,,,left_only,,
19,4,4,45857.0,24.552421557422804,8,,,,,left_only,,
19,4,5,2433.0,7.828238321934253,8,,,,,left_only,,
19,4,6,0.0,0.0,8,,,,,left_only,,
19,4,7,0.0,0.0,8,,,,,left_only,,
19,4,8,0.0,0.0,8,,,,,left_only,,
19,4,9,0.0,0.0,8,,,,,left_only,,
19,4,10,0.0,0.0,8,,,,,left_only,,
19,5,0,62236.0,61.372565476033344,8,,,,,left_only,,
19,5,1,24310.0,26.215363117366888,8,,,,,left_only,,
19,5,2,7110.0,6.2691594410175915,8,,,,,left_only,,
19,5,3,1158.0,0.0,8,,,,,left_only,,
19,5,4,30.0,0.0,8,,,,,left_only,,
19,5,5,0.0,0.0,8,,,,,left_only,,
19,5,6,0.0,0.0,8,,,,,left_only,,
19,5,7,0.0,0.0,8,,,,,left_only,,
19,5,8,0.0,0.0,8,,,,,left_only,,
19,5,9,0.0,0.0,8,,,,,left_only,,
19,5,10,0.0,0.0,8,,,,,left_only,,
19,6,0,9.84944,3.46742,8,,,,,left_only,,
19,6,1,0.0,0.0,8,,,,,left_only,,
19,6,2,0.0,0.0,8,,,,,left_only,,
19,6,3,0.0,0.0,8,,,,,left_only,,
19,6,4,0.0,0.0,8,,,,,left_only,,
19,6,5,0.0,0.0,8,,,,,left_only,,
19,6,6,0.0,0.0,8,,,,,left_only,,
19,6,7,0.0,0.0,8,,,,,left_only,,
19,6,8,0.0,0.0,8,,,,,left_only,,
19,6,9,0.0,0.0,8,,,,,left_only,,
19,6,10,0.0,0.0,8,,,,,left_only,,
19,7,0,0.0,0.0,8,,,,,left_only,,
19,7,1,0.0,0.0,8,,,,,left_only,,
19,7,2,0.0,0.0,8,,,,,left_only,,
19,7,3,0.0,0.0,8,,,,,left_only,,
19,7,4,0.0,0.0,8,,,,,left_only,,
19,7,5,0.0,0.0,8,,,,,left_only,,
19,7,6,0.0,0.0,8,,,,,left_only,,
19,7,7,0.0,0.0,8,,,,,left_only,,
19,7,8,0.0,0.0,8,,,,,left_only,,
19,7,9,0.0,0.0,8,,,,,left_only,,
19,7,10,0.0,0.0,8,,,,,left_only,,
