xq2_bin,z_bin_phi,pt2_bin_phi,phi_content_sum,phi_bin_count,z_bin0,pt2_bin0,z_bin_spec,pt2_bin_spec,spec_content,error,_merge,diff(phiSum - spec),ratio(phiSum/spec)
0,1,1,18313.256,8,0,0,0.0,0.0,15452.0,3785.51,both,2861.256000000001,1.1851705928035206
0,1,2,22908.755,8,0,1,0.0,1.0,18628.8,4090.58,both,4279.955000000002,1.2297493665721895
0,1,3,18430.138,8,0,2,0.0,2.0,16547.1,2479.96,both,1883.0380000000005,1.1137986716705646
0,1,4,12789.87,8,0,3,0.0,3.0,11683.8,1423.09,both,1106.0700000000015,1.0946669747856008
0,1,5,10725.329,8,0,4,0.0,4.0,9911.87,1174.81,both,813.4589999999989,1.082069175644959
0,1,6,1463.2055,8,0,5,0.0,5.0,1336.69,157.009,both,126.51549999999997,1.0946483477844526
0,1,7,0.0,8,0,6,0.0,6.0,0.0,0.0,both,0.0,
0,1,8,0.0,8,0,7,0.0,7.0,0.0,0.0,both,0.0,
0,1,9,0.0,8,0,8,0.0,8.0,0.0,0.0,both,0.0,
0,1,10,0.0,8,0,9,0.0,9.0,0.0,0.0,both,0.0,
0,1,11,0.0,8,0,10,0.0,10.0,0.0,0.0,both,0.0,
0,2,1,21453.29,8,1,0,1.0,0.0,-17987.3,2766.15,both,39440.59,-1.1926909541732222
0,2,2,29663.69,8,1,1,1.0,1.0,-21873.2,2248.86,both,51536.89,-1.356165993087431
0,2,3,32059.644,8,1,2,1.0,2.0,25551.9,1567.96,both,6507.743999999999,1.2546872835288179
0,2,4,28025.993000000002,8,1,3,1.0,3.0,24168.3,984.027,both,3857.693000000003,1.1596178878944734
0,2,5,42228.155,8,1,4,1.0,4.0,36392.1,1255.46,both,5836.055,1.1603659860244393
0,2,6,24350.129,8,1,5,1.0,5.0,21137.7,942.474,both,3212.429,1.1519762793492196
0,2,7,11565.011,8,1,6,1.0,6.0,9850.44,384.06,both,1714.571,1.1740603465428956
0,2,8,5656.935,8,1,7,1.0,7.0,4893.22,307.973,both,763.7150000000001,1.1560761625269251
0,2,9,1147.0958,8,1,8,1.0,8.0,943.782,43.3066,both,203.31380000000001,1.2154245365984941
0,2,10,55.278999999999996,8,1,9,1.0,9.0,80.2154,38.882,both,-24.936400000000006,0.689132012057535
0,2,11,0.0,8,1,10,1.0,10.0,0.0,0.0,both,0.0,
0,3,1,7841.0574,8,2,0,2.0,0.0,-5302.73,1178.98,both,13143.7874,-1.4786831311418835
0,3,2,12067.305,8,2,1,2.0,1.0,8893.8,1066.5,both,3173.505000000001,1.356822168252041
0,3,3,13865.7977,8,2,2,2.0,2.0,10999.6,805.27,both,2866.197699999999,1.2605729026510053
0,3,4,14540.1419,8,2,3,2.0,3.0,12173.3,627.866,both,2366.8419000000013,1.194428946957686
0,3,5,25917.539999999997,8,2,4,2.0,4.0,22057.3,877.118,both,3860.239999999998,1.1750096339987215
0,3,6,19949.635000000002,8,2,5,2.0,5.0,16792.7,584.968,both,3156.9350000000013,1.1879944856991431
0,3,7,13696.121,8,2,6,2.0,6.0,11507.8,344.296,both,2188.321,1.1901598046542345
0,3,8,12091.772,8,2,7,2.0,7.0,10290.9,384.474,both,1800.8720000000012,1.1749965503503097
0,3,9,5984.19,8,2,8,2.0,8.0,5145.16,235.961,both,839.0299999999997,1.163071702337731
0,3,10,3089.8011,8,2,9,2.0,9.0,2630.8,135.696,both,459.00109999999995,1.1744720617302722
0,3,11,1006.9730999999999,8,2,10,2.0,10.0,867.099,51.2842,both,139.87409999999988,1.1613127220767177
0,4,1,3049.9026000000003,8,3,0,3.0,0.0,2237.55,335.159,both,812.3526000000002,1.3630545015753839
0,4,2,5294.3703,8,3,1,3.0,1.0,4247.6,358.448,both,1046.7702999999992,1.2464380591392785
0,4,3,6234.751,8,3,2,3.0,2.0,5250.84,312.045,both,983.9110000000001,1.1873816379855413
0,4,4,6334.7080000000005,8,3,3,3.0,3.0,5458.17,290.742,both,876.5380000000005,1.1605919200024917
0,4,5,13432.43,8,3,4,3.0,4.0,11106.9,588.514,both,2325.5300000000007,1.2093770539034294
0,4,6,11335.4097,8,3,5,3.0,5.0,9634.46,361.507,both,1700.949700000001,1.1765485247746112
0,4,7,8814.610999999999,8,3,6,3.0,6.0,7487.51,305.017,both,1327.1009999999987,1.1772419669556367
0,4,8,9463.91,8,3,7,3.0,7.0,7982.59,251.145,both,1481.3199999999997,1.1855688441971841
0,4,9,5621.849,8,3,8,3.0,8.0,4780.36,156.465,both,841.4890000000005,1.176030466324712
0,4,10,3822.9703,8,3,9,3.0,9.0,3294.98,114.368,both,527.9902999999999,1.160240820885104
0,4,11,2650.8884,8,3,10,3.0,10.0,2253.2,128.02,both,397.6884,1.1764993786614593
0,5,1,1942.372,8,4,0,4.0,0.0,1552.58,161.842,both,389.79200000000014,1.2510608149016478
0,5,2,2859.3558000000003,8,4,1,4.0,1.0,2369.04,223.421,both,490.3158000000003,1.20696813899301
0,5,3,3083.2925999999998,8,4,2,4.0,2.0,2593.71,220.725,both,489.58259999999973,1.1887576483107207
0,5,4,3378.4836,8,4,3,4.0,3.0,2857.84,180.426,both,520.6435999999999,1.1821808078828766
0,5,5,7088.153,8,4,4,4.0,4.0,5954.6,368.991,both,1133.5529999999999,1.190365935579216
0,5,6,6118.426,8,4,5,4.0,5.0,5306.74,286.425,both,811.6860000000006,1.152953790839574
0,5,7,5432.949,8,4,6,4.0,6.0,4635.35,192.479,both,797.5989999999993,1.1720687758205959
0,5,8,5987.785,8,4,7,4.0,7.0,5133.3,178.261,both,854.4849999999997,1.1664591977869985
0,5,9,3956.6143,8,4,8,4.0,8.0,3383.43,163.552,both,573.1843000000003,1.1694092385537753
0,5,10,3125.7456,8,4,9,4.0,9.0,2645.94,159.483,both,479.80560000000014,1.1813365382434977
0,5,11,2680.9697,8,4,10,4.0,10.0,2292.73,76.1452,both,388.2397000000001,1.169335115779006
0,6,1,1185.0533,8,5,0,5.0,0.0,978.871,116.406,both,206.18230000000005,1.2106327595771047
0,6,2,1664.435,8,5,1,5.0,1.0,1356.28,123.499,both,308.155,1.22720603415224
0,6,3,1847.266,8,5,2,5.0,2.0,1578.18,106.987,both,269.086,1.1705039982764958
0,6,4,1857.3960000000002,8,5,3,5.0,3.0,1611.89,105.874,both,245.50600000000009,1.152309400765561
0,6,5,3846.0181,8,5,4,5.0,4.0,3312.23,164.514,both,533.7880999999998,1.1611567131509586
0,6,6,3563.928,8,5,5,5.0,5.0,3051.4,194.738,both,512.5279999999998,1.1679648685849118
0,6,7,3209.807,8,5,6,5.0,6.0,2699.98,192.83,both,509.82699999999977,1.1888262135275076
0,6,8,3781.1079999999997,8,5,7,5.0,7.0,3290.21,174.248,both,490.8979999999997,1.1491995951626186
0,6,9,2642.4410000000003,8,5,8,5.0,8.0,2345.46,134.767,both,296.9810000000002,1.1266195117375697
0,6,10,2136.227,8,5,9,5.0,9.0,1828.19,124.989,both,308.0369999999998,1.1684928809368829
0,6,11,1963.3096,8,5,10,5.0,10.0,1662.4,122.012,both,300.90959999999995,1.1810091434071222
0,7,1,770.7470000000001,8,6,0,6.0,0.0,669.043,93.9505,both,101.70400000000006,1.152014145578087
0,7,2,1074.688,8,6,1,6.0,1.0,938.66,97.719,both,136.02800000000013,1.144917222423455
0,7,3,1206.185,8,6,2,6.0,2.0,1012.72,85.3587,both,193.46499999999992,1.1910350343629037
0,7,4,1077.3097,8,6,3,6.0,3.0,890.098,111.157,both,187.21170000000006,1.2103270651096847
0,7,5,2155.06,8,6,4,6.0,4.0,1908.92,144.299,both,246.13999999999987,1.1289420195712758
0,7,6,1941.6545,8,6,5,6.0,5.0,1655.37,125.737,both,286.2845000000002,1.1729429070238075
0,7,7,1835.6548,8,6,6,6.0,6.0,1529.61,120.57,both,306.0448000000001,1.2000802819019227
0,7,8,2102.667,8,6,7,6.0,7.0,1844.97,120.714,both,257.6969999999999,1.1396754418771036
0,7,9,1434.3328999999999,8,6,8,6.0,8.0,1185.68,113.407,both,248.65289999999982,1.2097133290601172
0,7,10,1020.3104,8,6,9,6.0,9.0,864.524,107.239,both,155.78639999999996,1.1801990459489846
0,7,11,466.3515,8,6,10,6.0,10.0,394.026,54.0601,both,72.32549999999998,1.1835551461071097
0,8,1,283.9703,8,7,0,7.0,0.0,251.691,45.358,both,32.279300000000006,1.1282497189013512
0,8,2,392.02799999999996,8,7,1,7.0,1.0,321.816,46.3358,both,70.21199999999999,1.218174360504139
0,8,3,403.16790000000003,8,7,2,7.0,2.0,326.548,37.1379,both,76.61990000000003,1.2346359493856953
0,8,4,375.8724,8,7,3,7.0,3.0,298.879,52.2359,both,76.99340000000001,1.25760725912493
0,8,5,600.8213000000001,8,7,4,7.0,4.0,505.678,85.7836,both,95.14330000000007,1.1881499689525747
0,8,6,451.97700000000003,8,7,5,7.0,5.0,361.43,37.0673,both,90.54700000000003,1.2505243062280387
0,8,7,250.6483,8,7,6,7.0,6.0,205.887,31.8298,both,44.761300000000006,1.2174071213821174
0,8,8,167.2538,8,7,7,7.0,7.0,151.4,39.6374,both,15.853800000000007,1.1047146631439895
0,8,9,0.0,8,7,8,7.0,8.0,0.0,0.0,both,0.0,
0,8,10,0.0,8,7,9,7.0,9.0,0.0,0.0,both,0.0,
0,8,11,0.0,8,7,10,7.0,10.0,0.0,0.0,both,0.0,
1,1,1,10316.214,8,0,0,0.0,0.0,8990.04,2373.11,both,1326.173999999999,1.1475159176154943
1,1,2,10184.23,8,0,1,0.0,1.0,9273.77,1918.6,both,910.4599999999991,1.0981758227775757
1,1,3,8228.566,8,0,2,0.0,2.0,7695.57,1247.12,both,532.996000000001,1.069260106788711
1,1,4,4822.7519999999995,8,0,3,0.0,3.0,4548.12,615.9,both,274.6319999999996,1.0603836310387589
1,1,5,3309.516,8,0,4,0.0,4.0,3034.77,405.196,both,274.7460000000001,1.0905327257090323
1,1,6,27.3093,8,0,5,0.0,5.0,155.988,45.3414,both,-128.6787,0.17507308254481113
1,1,7,0.0,8,0,6,0.0,6.0,0.0,0.0,both,0.0,
1,1,8,0.0,8,0,7,0.0,7.0,0.0,0.0,both,0.0,
1,1,9,0.0,8,0,8,0.0,8.0,0.0,0.0,both,0.0,
1,1,10,0.0,8,0,9,0.0,9.0,0.0,0.0,both,0.0,
1,1,11,0.0,8,0,10,0.0,10.0,0.0,0.0,both,0.0,
1,2,1,24197.05,8,1,0,1.0,0.0,21099.7,3485.84,both,3097.3499999999985,1.1467959260084266
1,2,2,27764.600000000002,8,1,1,1.0,1.0,21785.8,2569.74,both,5978.800000000003,1.2744356415646891
1,2,3,27701.549,8,1,2,1.0,2.0,23889.3,1667.09,both,3812.249,1.1595797700225623
1,2,4,23232.074,8,1,3,1.0,3.0,19958.0,1204.54,both,3274.0740000000005,1.1640482012225675
1,2,5,28693.273,8,1,4,1.0,4.0,25367.1,1193.56,both,3326.1730000000025,1.131121531432446
1,2,6,13190.357,8,1,5,1.0,5.0,11620.9,589.252,both,1569.4570000000003,1.1350546859537558
1,2,7,5051.572,8,1,6,1.0,6.0,4342.97,194.231,both,708.6019999999999,1.1631606941793289
1,2,8,1893.057,8,1,7,1.0,7.0,1563.08,111.067,both,329.9770000000001,1.211106917112368
1,2,9,41.3433,8,1,8,1.0,8.0,156.991,38.6508,both,-115.64770000000001,0.26334821741373704
1,2,10,0.0,8,1,9,1.0,9.0,0.0,0.0,both,0.0,
1,2,11,0.0,8,1,10,1.0,10.0,0.0,0.0,both,0.0,
1,3,1,14034.539,8,2,0,2.0,0.0,-10187.4,1433.41,both,24221.939,-1.37763698293971
1,3,2,15325.82,8,2,1,2.0,1.0,11901.7,1052.61,both,3424.119999999999,1.2877000764596653
1,3,3,15899.8157,8,2,2,2.0,2.0,13141.2,759.122,both,2758.6156999999985,1.2099211411438833
1,3,4,15464.865,8,2,3,2.0,3.0,12970.7,533.127,both,2494.164999999999,1.1922922432867924
1,3,5,25830.706000000002,8,2,4,2.0,4.0,22063.6,825.947,both,3767.1060000000034,1.1707385014231586
1,3,6,17388.235,8,2,5,2.0,5.0,14912.8,587.582,both,2475.4350000000013,1.165993978327343
1,3,7,10486.91,8,2,6,2.0,6.0,8815.55,360.118,both,1671.3600000000006,1.1895922545955726
1,3,8,8119.32,8,2,7,2.0,7.0,6894.17,253.759,both,1225.1499999999996,1.1777081214997598
1,3,9,3102.061,8,2,8,2.0,8.0,2653.33,95.7124,both,448.7310000000002,1.1691199360803217
1,3,10,1191.7342,8,2,9,2.0,9.0,980.085,66.835,both,211.64920000000006,1.215949841085212
1,3,11,218.457,8,2,10,2.0,10.0,207.79,33.9839,both,10.667000000000002,1.0513354829395063
1,4,1,7453.659000000001,8,3,0,3.0,0.0,5772.21,515.088,both,1681.4490000000005,1.2913007323018395
1,4,2,7924.9699,8,3,1,3.0,1.0,6535.61,379.131,both,1389.3599000000004,1.2125830488661349
1,4,3,7707.950000000001,8,3,2,3.0,2.0,6474.55,330.469,both,1233.4000000000005,1.190499725849673
1,4,4,7782.43,8,3,3,3.0,3.0,6513.28,352.776,both,1269.1500000000005,1.1948557408863123
1,4,5,14926.1955,8,3,4,3.0,4.0,12607.1,424.522,both,2319.0954999999994,1.1839515431780505
1,4,6,11779.2665,8,3,5,3.0,5.0,10041.7,291.694,both,1737.566499999999,1.17303509365944
1,4,7,8703.3266,8,3,6,3.0,6.0,7263.16,234.48,both,1440.1666000000005,1.1982837497728263
1,4,8,8007.195000000001,8,3,7,3.0,7.0,6800.69,308.09,both,1206.505000000001,1.1774092040660582
1,4,9,4334.377,8,3,8,3.0,8.0,3599.57,186.768,both,734.8070000000002,1.2041374386385042
1,4,10,2568.6499,8,3,9,3.0,9.0,2224.12,119.814,both,344.5299,1.1549061651349748
1,4,11,1352.4286,8,3,10,3.0,10.0,1137.86,54.0576,both,214.56860000000006,1.1885720563162427
1,5,1,4944.4519,8,4,0,4.0,0.0,4069.5,357.591,both,874.9519,1.215002309866077
1,5,2,4585.2837,8,4,1,4.0,1.0,3813.55,267.431,both,771.7336999999998,1.202366220450761
1,5,3,4168.0779999999995,8,4,2,4.0,2.0,3636.6,194.069,both,531.4779999999996,1.1461469504482207
1,5,4,4137.505,8,4,3,4.0,3.0,3471.39,176.624,both,666.1150000000002,1.191887111502885
1,5,5,7871.021,8,4,4,4.0,4.0,6657.32,317.279,both,1213.701,1.1823107496710388
1,5,6,7006.32,8,4,5,4.0,5.0,5959.39,289.585,both,1046.9299999999994,1.17567737637577
1,5,7,5604.332,8,4,6,4.0,6.0,4736.44,209.866,both,867.8920000000007,1.1832371992466917
1,5,8,5684.037,8,4,7,4.0,7.0,4968.57,239.465,both,715.4670000000006,1.1439985750427186
1,5,9,3478.6724999999997,8,4,8,4.0,8.0,3014.83,129.635,both,463.84249999999975,1.1538536169535263
1,5,10,2599.3293,8,4,9,4.0,9.0,2216.8,119.581,both,382.5292999999997,1.1725592295200287
1,5,11,1648.3736,8,4,10,4.0,10.0,1378.93,75.5857,both,269.44359999999983,1.1954004916855823
1,6,1,3418.9117,8,5,0,5.0,0.0,2824.13,181.013,both,594.7817,1.2106070542078444
1,6,2,3068.6237,8,5,1,5.0,1.0,2538.9,173.663,both,529.7237,1.2086429949978337
1,6,3,2720.5582,8,5,2,5.0,2.0,2292.91,91.0295,both,427.6482000000001,1.1865089340619563
1,6,4,2359.3169,8,5,3,5.0,3.0,1993.38,108.73,both,365.9368999999997,1.183576086847465
1,6,5,4541.6611,8,5,4,5.0,4.0,3860.31,192.249,both,681.3511000000003,1.1765016540122426
1,6,6,3873.19,8,5,5,5.0,5.0,3369.0,172.15,both,504.19000000000005,1.1496556841792818
1,6,7,3447.3529999999996,8,5,6,5.0,6.0,2949.37,177.41,both,497.9829999999997,1.1688438547893278
1,6,8,3980.401,8,5,7,5.0,7.0,3333.32,157.665,both,647.0809999999997,1.194125076500306
1,6,9,2491.797,8,5,8,5.0,8.0,2123.2,116.611,both,368.5970000000002,1.1736044649585533
1,6,10,1850.1744999999999,8,5,9,5.0,9.0,1577.79,63.5759,both,272.3844999999999,1.1726367260535304
1,6,11,1044.1417000000001,8,5,10,5.0,10.0,872.904,50.2963,both,171.23770000000013,1.1961701401299571
1,7,1,2421.2875,8,6,0,6.0,0.0,2091.94,175.549,both,329.34749999999985,1.157436398749486
1,7,2,2013.1151,8,6,1,6.0,1.0,1724.26,167.172,both,288.8551,1.1675240972939116
1,7,3,1756.5013999999999,8,6,2,6.0,2.0,1544.11,108.511,both,212.39139999999998,1.1375493973874917
1,7,4,1467.0448999999999,8,6,3,6.0,3.0,1293.52,77.8553,both,173.5248999999999,1.134149375347888
1,7,5,2662.132,8,6,4,6.0,4.0,2265.46,127.539,both,396.672,1.1750955655805002
1,7,6,2157.085,8,6,5,6.0,5.0,1891.96,142.335,both,265.125,1.1401324552316117
1,7,7,1854.284,8,6,6,6.0,6.0,1562.27,109.387,both,292.0140000000001,1.1869164741049882
1,7,8,1786.85,8,6,7,6.0,7.0,1518.69,104.022,both,268.15999999999985,1.1765732308766106
1,7,9,869.2665999999999,8,6,8,6.0,8.0,769.301,60.9134,both,99.96559999999988,1.129943416166104
1,7,10,357.0542,8,6,9,6.0,9.0,310.344,44.1898,both,46.710199999999986,1.1505110458072332
1,7,11,45.2132,8,6,10,6.0,10.0,76.4372,15.3351,both,-31.224000000000004,0.5915077998670804
1,8,1,855.091,8,7,0,7.0,0.0,676.642,90.0807,both,178.44899999999996,1.2637273476964184
1,8,2,499.977,8,7,1,7.0,1.0,443.909,40.5833,both,56.067999999999984,1.1263051661489178
1,8,3,377.65099999999995,8,7,2,7.0,2.0,316.81,68.6543,both,60.84099999999995,1.1920425491619582
1,8,4,304.6269,8,7,3,7.0,3.0,251.006,31.0566,both,53.62089999999998,1.2136239771160848
1,8,5,355.0296,8,7,4,7.0,4.0,297.54,39.8102,both,57.489599999999996,1.1932163742690058
1,8,6,149.922,8,7,5,7.0,5.0,169.46,31.3905,both,-19.53800000000001,0.8847043550100319
1,8,7,37.9604,8,7,6,7.0,6.0,43.443,15.0784,both,-5.482599999999998,0.8737978500563958
1,8,8,0.0,8,7,7,7.0,7.0,0.0,0.0,both,0.0,
1,8,9,0.0,8,7,8,7.0,8.0,0.0,0.0,both,0.0,
1,8,10,0.0,8,7,9,7.0,9.0,0.0,0.0,both,0.0,
1,8,11,0.0,8,7,10,7.0,10.0,0.0,0.0,both,0.0,
2,1,1,2199.7149999999997,8,0,0,0.0,0.0,2212.8,669.246,both,-13.085000000000491,0.9940866775126534
2,1,2,2264.4183,8,0,1,0.0,1.0,2112.11,472.587,both,152.3082999999997,1.0721119165194992
2,1,3,1563.4819,8,0,2,0.0,2.0,1452.09,257.185,both,111.39190000000008,1.0767114297323168
2,1,4,770.58,8,0,3,0.0,3.0,800.832,146.415,both,-30.251999999999953,0.9622242867417886
2,1,5,313.9103,8,0,4,0.0,4.0,326.344,56.634,both,-12.433699999999988,0.9619000196112079
2,1,6,0.0,8,0,5,0.0,5.0,0.0,0.0,both,0.0,
2,1,7,0.0,8,0,6,0.0,6.0,0.0,0.0,both,0.0,
2,1,8,0.0,8,0,7,0.0,7.0,0.0,0.0,both,0.0,
2,1,9,0.0,8,0,8,0.0,8.0,0.0,0.0,both,0.0,
2,1,10,0.0,8,0,9,0.0,9.0,0.0,0.0,both,0.0,
2,1,11,0.0,8,0,10,0.0,10.0,0.0,0.0,both,0.0,
2,2,1,20748.945,8,1,0,1.0,0.0,17624.4,3151.27,both,3124.5449999999983,1.1772851841764824
2,2,2,17328.468,8,1,1,1.0,1.0,14901.3,1920.75,both,2427.1680000000015,1.1628829699422198
2,2,3,16166.071,8,1,2,1.0,2.0,14372.7,1295.82,both,1793.3709999999992,1.1247762076714882
2,2,4,11477.222,8,1,3,1.0,3.0,10157.0,803.543,both,1320.2219999999998,1.1299814905976173
2,2,5,12377.406,8,1,4,1.0,4.0,10730.6,718.981,both,1646.8060000000005,1.153468212401916
2,2,6,4307.2,8,1,5,1.0,5.0,3701.67,216.962,both,605.5299999999997,1.1635829233832296
2,2,7,1189.09,8,1,6,1.0,6.0,998.488,129.977,both,190.60199999999986,1.1908906266274606
2,2,8,178.97,8,1,7,1.0,7.0,213.444,25.6553,both,-34.47399999999999,0.8384869099154814
2,2,9,0.0,8,1,8,1.0,8.0,0.0,0.0,both,0.0,
2,2,10,0.0,8,1,9,1.0,9.0,0.0,0.0,both,0.0,
2,2,11,0.0,8,1,10,1.0,10.0,0.0,0.0,both,0.0,
2,3,1,16439.561999999998,8,2,0,2.0,0.0,12812.1,999.303,both,3627.4619999999977,1.2831278244784226
2,3,2,13786.7107,8,2,1,2.0,1.0,11369.7,650.158,both,2417.010699999999,1.212583507040643
2,3,3,12734.6939,8,2,2,2.0,2.0,10774.9,429.411,both,1959.7939000000006,1.1818851126228551
2,3,4,12449.698,8,2,3,2.0,3.0,10755.9,399.735,both,1693.7980000000007,1.1574761758662688
2,3,5,18249.563000000002,8,2,4,2.0,4.0,15733.0,700.515,both,2516.563000000002,1.1599544270005722
2,3,6,10265.53,8,2,5,2.0,5.0,8762.24,266.912,both,1503.2900000000009,1.1715645770944416
2,3,7,5061.887,8,2,6,2.0,6.0,4286.21,179.753,both,775.6769999999997,1.1809703677607957
2,3,8,3073.076,8,2,7,2.0,7.0,2591.24,96.8261,both,481.83600000000024,1.1859480403204645
2,3,9,889.8269,8,2,8,2.0,8.0,785.536,77.4833,both,104.29090000000008,1.1327639980853839
2,3,10,169.2702,8,2,9,2.0,9.0,161.762,38.5925,both,7.508199999999988,1.046415103670825
2,3,11,0.0,8,2,10,2.0,10.0,0.0,0.0,both,0.0,
2,4,1,10112.804,8,3,0,3.0,0.0,8253.81,498.267,both,1858.9940000000006,1.2252285914020313
2,4,2,8487.878,8,3,1,3.0,1.0,6985.17,359.859,both,1502.7080000000005,1.2151283361750682
2,4,3,6882.003,8,3,2,3.0,2.0,5887.79,333.034,both,994.2129999999997,1.1688601325794568
2,4,4,6872.9817,8,3,3,3.0,3.0,5777.3,294.924,both,1095.6817,1.1896529001436658
2,4,5,12662.9542,8,3,4,3.0,4.0,10706.0,362.604,both,1956.9542000000001,1.1827904165888288
2,4,6,9176.6507,8,3,5,3.0,5.0,7854.69,195.13,both,1321.9607000000005,1.1683020844871026
2,4,7,5913.491599999999,8,3,6,3.0,6.0,4992.89,175.373,both,920.601599999999,1.184382511931967
2,4,8,4855.204,8,3,7,3.0,7.0,4108.43,170.373,both,746.7739999999994,1.1817662708139118
2,4,9,1989.0425,8,3,8,3.0,8.0,1684.2,73.4014,both,304.8425,1.1810013656335352
2,4,10,918.4862999999999,8,3,9,3.0,9.0,779.96,34.4607,both,138.52629999999988,1.177606928560439
2,4,11,201.0344,8,3,10,3.0,10.0,212.269,30.5497,both,-11.2346,0.9470737601816563
2,5,1,7040.316000000001,8,4,0,4.0,0.0,5719.91,416.049,both,1320.4060000000009,1.2308438419485623
2,5,2,4834.6106,8,4,1,4.0,1.0,4100.99,172.21,both,733.6206000000002,1.1788886585921936
2,5,3,4062.53558,8,4,2,4.0,2.0,3458.09,149.484,both,604.4455800000001,1.1747917434190551
2,5,4,3857.4292000000005,8,4,3,4.0,3.0,3301.95,199.046,both,555.4792000000007,1.1682276230712156
2,5,5,6881.7627999999995,8,4,4,4.0,4.0,5860.71,241.869,both,1021.0527999999995,1.1742199835856064
2,5,6,6030.8419,8,4,5,4.0,5.0,5048.82,167.83,both,982.0219000000006,1.194505230925246
2,5,7,4436.1575,8,4,6,4.0,6.0,3830.28,134.382,both,605.8775,1.158180994600917
2,5,8,4396.7312999999995,8,4,7,4.0,7.0,3741.14,196.715,both,655.5912999999996,1.1752383765376329
2,5,9,2292.154,8,4,8,4.0,8.0,1926.79,108.185,both,365.36400000000003,1.189623155611146
2,5,10,1259.3394,8,4,9,4.0,9.0,1103.57,57.3791,both,155.76940000000013,1.1411504480911951
2,5,11,408.0784,8,4,10,4.0,10.0,345.633,46.0164,both,62.44540000000001,1.1806696698521264
2,6,1,5354.345,8,5,0,5.0,0.0,4550.15,206.333,both,804.1950000000006,1.1767403272419592
2,6,2,3311.4285,8,5,1,5.0,1.0,2826.31,137.234,both,485.11850000000004,1.1716437687302526
2,6,3,2718.7707,8,5,2,5.0,2.0,2323.92,100.528,both,394.85069999999996,1.1699071826913146
2,6,4,2230.8172999999997,8,5,3,5.0,3.0,1907.97,130.311,both,322.8472999999997,1.1692098408255893
2,6,5,4125.0801,8,5,4,5.0,4.0,3446.99,140.375,both,678.0901000000003,1.1967194856962162
2,6,6,3494.2650000000003,8,5,5,5.0,5.0,3025.35,123.241,both,468.9150000000004,1.1549952898011802
2,6,7,2786.523,8,5,6,5.0,6.0,2370.63,99.4267,both,415.89300000000003,1.175435643689652
2,6,8,3062.083,8,5,7,5.0,7.0,2637.29,147.365,both,424.7930000000001,1.1610717820186631
2,6,9,1413.2350000000001,8,5,8,5.0,8.0,1197.12,51.3738,both,216.11500000000024,1.180529103180968
2,6,10,661.3248,8,5,9,5.0,9.0,570.182,32.0185,both,91.14279999999997,1.1598486097421525
2,6,11,69.0035,8,5,10,5.0,10.0,89.3148,19.3442,both,-20.311300000000003,0.7725875218888695
2,7,1,3746.83,8,6,0,6.0,0.0,3268.06,207.779,both,478.77,1.146499758266372
2,7,2,2226.8986,8,6,1,6.0,1.0,1930.35,129.342,both,296.5486000000001,1.153624265029658
2,7,3,1677.8925,8,6,2,6.0,2.0,1409.87,89.8355,both,268.02250000000004,1.1901044067892785
2,7,4,1236.201,8,6,3,6.0,3.0,1116.57,54.3922,both,119.63100000000009,1.1071415137429808
2,7,5,1975.7378,8,6,4,6.0,4.0,1719.27,55.8747,both,256.4678000000001,1.149172497629808
2,7,6,1449.0742,8,6,5,6.0,5.0,1233.15,77.2786,both,215.92419999999993,1.1750997040100555
2,7,7,956.8044,8,6,6,6.0,6.0,777.288,63.526,both,179.51639999999998,1.2309522339210177
2,7,8,570.4222,8,6,7,6.0,7.0,478.466,41.2553,both,91.95619999999997,1.1921896226691133
2,7,9,88.2876,8,6,8,6.0,8.0,109.976,20.0585,both,-21.6884,0.8027896995708155
2,7,10,0.0,8,6,9,6.0,9.0,0.0,0.0,both,0.0,
2,7,11,0.0,8,6,10,6.0,10.0,0.0,0.0,both,0.0,
2,8,1,512.2879,8,7,0,7.0,0.0,387.732,54.2317,both,124.55590000000001,1.3212422498014091
2,8,2,227.0225,8,7,1,7.0,1.0,209.995,40.2124,both,17.027500000000003,1.0810852639348556
2,8,3,127.7918,8,7,2,7.0,2.0,118.285,23.8924,both,9.506799999999998,1.0803719829226022
2,8,4,51.008300000000006,8,7,3,7.0,3.0,55.4997,19.528,both,-4.491399999999992,0.9190734364329899
2,8,5,23.27396,8,7,4,7.0,4.0,0.0,0.0,both,23.27396,
2,8,6,0.0,8,7,5,7.0,5.0,0.0,0.0,both,0.0,
2,8,7,0.0,8,7,6,7.0,6.0,0.0,0.0,both,0.0,
2,8,8,0.0,8,7,7,7.0,7.0,0.0,0.0,both,0.0,
2,8,9,0.0,8,7,8,7.0,8.0,0.0,0.0,both,0.0,
2,8,10,0.0,8,7,9,7.0,9.0,0.0,0.0,both,0.0,
2,8,11,0.0,8,7,10,7.0,10.0,0.0,0.0,both,0.0,
3,1,1,282.37019999999995,8,0,0,0.0,0.0,271.837,117.475,both,10.533199999999965,1.038748220440926
3,1,2,241.6722,8,0,1,0.0,1.0,203.228,79.1433,both,38.444199999999995,1.1891678312043616
3,1,3,0.0,8,0,2,0.0,2.0,55.1551,61.8078,both,-55.1551,0.0
3,1,4,42.4317,8,0,3,0.0,3.0,62.634,32.4188,both,-20.2023,0.6774547370437781
3,1,5,0.0,8,0,4,0.0,4.0,0.0,0.0,both,0.0,
3,1,6,0.0,8,0,5,0.0,5.0,0.0,0.0,both,0.0,
3,1,7,0.0,8,0,6,0.0,6.0,0.0,0.0,both,0.0,
3,1,8,0.0,8,0,7,0.0,7.0,0.0,0.0,both,0.0,
3,1,9,0.0,8,0,8,0.0,8.0,0.0,0.0,both,0.0,
3,1,10,0.0,8,0,9,0.0,9.0,0.0,0.0,both,0.0,
3,1,11,0.0,8,0,10,0.0,10.0,0.0,0.0,both,0.0,
3,2,1,15878.611,8,1,0,1.0,0.0,13605.8,2681.93,both,2272.8110000000015,1.1670472151582414
3,2,2,10552.72,8,1,1,1.0,1.0,9310.2,1322.57,both,1242.5199999999986,1.1334579278640629
3,2,3,8595.238,8,1,2,1.0,2.0,7753.27,867.911,both,841.9679999999989,1.1085952120847073
3,2,4,5547.422,8,1,3,1.0,3.0,5083.91,496.747,both,463.5119999999997,1.091172345694554
3,2,5,4908.1410000000005,8,1,4,1.0,4.0,4325.03,364.144,both,583.1110000000008,1.134822417416758
3,2,6,1428.656,8,1,5,1.0,5.0,1262.99,94.9011,both,165.66599999999994,1.1311696846372497
3,2,7,191.2663,8,1,6,1.0,6.0,182.291,33.7612,both,8.975300000000004,1.049236111492065
3,2,8,0.0,8,1,7,1.0,7.0,0.0,0.0,both,0.0,
3,2,9,0.0,8,1,8,1.0,8.0,0.0,0.0,both,0.0,
3,2,10,0.0,8,1,9,1.0,9.0,0.0,0.0,both,0.0,
3,2,11,0.0,8,1,10,1.0,10.0,0.0,0.0,both,0.0,
3,3,1,19233.382,8,2,0,2.0,0.0,16232.1,1231.66,both,3001.282000000001,1.1848979491254983
3,3,2,14816.598,8,2,1,2.0,1.0,12309.4,729.853,both,2507.1980000000003,1.2036815766812354
3,3,3,11452.632000000001,8,2,2,2.0,2.0,9837.66,525.497,both,1614.9720000000016,1.1641622093058717
3,3,4,9849.606,8,2,3,2.0,3.0,8624.57,329.653,both,1225.036,1.14204024084679
3,3,5,12877.776,8,2,4,2.0,4.0,11037.2,345.534,both,1840.575999999999,1.1667611350704887
3,3,6,5760.45,8,2,5,2.0,5.0,4988.81,248.635,both,771.6399999999994,1.1546741607718072
3,3,7,2528.8116,8,2,6,2.0,6.0,2152.16,135.618,both,376.65160000000014,1.1750109657274552
3,3,8,1258.3799999999999,8,2,7,2.0,7.0,1089.4,52.0189,both,168.9799999999998,1.1551129061868917
3,3,9,223.9885,8,2,8,2.0,8.0,221.145,29.7539,both,2.8434999999999775,1.0128580795405728
3,3,10,0.0,8,2,9,2.0,9.0,0.0,0.0,both,0.0,
3,3,11,0.0,8,2,10,2.0,10.0,0.0,0.0,both,0.0,
3,4,1,14028.563,8,3,0,3.0,0.0,11531.1,639.367,both,2497.4629999999997,1.2165849745470942
3,4,2,10394.846,8,3,1,3.0,1.0,8562.42,440.814,both,1832.4259999999995,1.2140079556947685
3,4,3,8044.3738,8,3,2,3.0,2.0,6671.89,276.395,both,1372.4838,1.205711395121922
3,4,4,7021.4457999999995,8,3,3,3.0,3.0,5915.45,258.367,both,1105.9957999999997,1.1869673144054975
3,4,5,11858.216,8,3,4,3.0,4.0,10046.4,307.049,both,1811.8160000000007,1.1803448001274088
3,4,6,7344.780000000001,8,3,5,3.0,5.0,6261.69,299.355,both,1083.090000000001,1.172970875274886
3,4,7,3866.922,8,3,6,3.0,6.0,3262.24,128.359,both,604.6820000000002,1.1853579135808525
3,4,8,2568.8802,8,3,7,3.0,7.0,2179.48,82.361,both,389.40020000000004,1.1786665626663242
3,4,9,926.0329,8,3,8,3.0,8.0,811.52,46.1124,both,114.51290000000006,1.1411091531940063
3,4,10,272.0086,8,3,9,3.0,9.0,227.786,43.4515,both,44.2226,1.194140991983704
3,4,11,0.0,8,3,10,3.0,10.0,0.0,0.0,both,0.0,
3,5,1,10397.689,8,4,0,4.0,0.0,8638.57,375.207,both,1759.1190000000006,1.2036354396618885
3,5,2,6020.54,8,4,1,4.0,1.0,5138.62,280.863,both,881.9200000000001,1.171625845071245
3,5,3,4797.19,8,4,2,4.0,2.0,4148.42,187.581,both,648.7699999999995,1.1563896616061053
3,5,4,4245.107,8,4,3,4.0,3.0,3655.89,202.574,both,589.2170000000001,1.1611692364923452
3,5,5,7614.0075,8,4,4,4.0,4.0,6384.74,237.098,both,1229.2675,1.192532115638225
3,5,6,5917.0528,8,4,5,4.0,5.0,5048.92,169.374,both,868.1328000000003,1.171944257385738
3,5,7,4061.3139,8,4,6,4.0,6.0,3391.31,153.87,both,670.0039000000002,1.1975649232892305
3,5,8,3111.3693,8,4,7,4.0,7.0,2660.15,92.2146,both,451.21929999999975,1.1696217506531585
3,5,9,1092.0908,8,4,8,4.0,8.0,947.974,77.7261,both,144.1167999999999,1.1520261104207499
3,5,10,289.2768,8,4,9,4.0,9.0,280.992,33.4448,both,8.284799999999962,1.0294841134267165
3,5,11,0.0,8,4,10,4.0,10.0,0.0,0.0,both,0.0,
3,6,1,8048.301,8,5,0,5.0,0.0,6767.3,224.877,both,1281.0010000000002,1.1892927755530271
3,6,2,4518.142400000001,8,5,1,5.0,1.0,3797.59,147.642,both,720.5524000000005,1.189739387348292
3,6,3,3185.102,8,5,2,5.0,2.0,2764.36,119.227,both,420.74199999999973,1.1522023180772403
3,6,4,2532.473,8,5,3,5.0,3.0,2124.7,96.4059,both,407.77300000000014,1.1919202710970962
3,6,5,4432.4999,8,5,4,5.0,4.0,3800.28,134.789,both,632.2198999999996,1.166361399686339
3,6,6,3516.825,8,5,5,5.0,5.0,3054.0,144.135,both,462.8249999999998,1.1515471512770137
3,6,7,2291.2865,8,5,6,5.0,6.0,1949.95,110.058,both,341.3365000000001,1.1750488474063439
3,6,8,1483.0828,8,5,7,5.0,7.0,1250.06,66.6546,both,233.02279999999996,1.186409292353967
3,6,9,379.1877,8,5,8,5.0,8.0,342.038,35.413,both,37.149699999999996,1.1086127857138681
3,6,10,14.9082,8,5,9,5.0,9.0,40.578,5.99378,both,-25.669800000000002,0.36739612597959487
3,6,11,0.0,8,5,10,5.0,10.0,0.0,0.0,both,0.0,
3,7,1,4664.949,8,6,0,6.0,0.0,3959.79,191.49,both,705.1589999999997,1.1780798981764184
3,7,2,2449.9441,8,6,1,6.0,1.0,2046.75,115.404,both,403.19410000000016,1.1969923537315257
3,7,3,1411.3442,8,6,2,6.0,2.0,1170.9,85.8401,both,240.4441999999999,1.2053499017849516
3,7,4,860.7655,8,6,3,6.0,3.0,703.522,65.1433,both,157.24349999999993,1.2235090018506882
3,7,5,1071.9918,8,6,4,6.0,4.0,906.204,70.6317,both,165.78780000000006,1.1829475482341725
3,7,6,463.14419999999996,8,6,5,6.0,5.0,392.385,28.2231,both,70.75919999999996,1.1803310524102602
3,7,7,101.37469999999999,8,6,6,6.0,6.0,125.79,30.701,both,-24.415300000000016,0.8059042849193099
3,7,8,0.0,8,6,7,6.0,7.0,0.0,0.0,both,0.0,
3,7,9,0.0,8,6,8,6.0,8.0,0.0,0.0,both,0.0,
3,7,10,0.0,8,6,9,6.0,9.0,0.0,0.0,both,0.0,
3,7,11,0.0,8,6,10,6.0,10.0,0.0,0.0,both,0.0,
3,8,1,43.5488,8,7,0,7.0,0.0,83.9914,14.5341,both,-40.4426,0.5184911788587879
3,8,2,0.0,8,7,1,7.0,1.0,0.0,0.0,both,0.0,
3,8,3,0.0,8,7,2,7.0,2.0,0.0,0.0,both,0.0,
3,8,4,0.0,8,7,3,7.0,3.0,0.0,0.0,both,0.0,
3,8,5,0.0,8,7,4,7.0,4.0,0.0,0.0,both,0.0,
3,8,6,0.0,8,7,5,7.0,5.0,0.0,0.0,both,0.0,
3,8,7,0.0,8,7,6,7.0,6.0,0.0,0.0,both,0.0,
3,8,8,0.0,8,7,7,7.0,7.0,0.0,0.0,both,0.0,
3,8,9,0.0,8,7,8,7.0,8.0,0.0,0.0,both,0.0,
3,8,10,0.0,8,7,9,7.0,9.0,0.0,0.0,both,0.0,
3,8,11,0.0,8,7,10,7.0,10.0,0.0,0.0,both,0.0,
4,1,1,0.0,8,0,0,0.0,0.0,0.0,0.0,both,0.0,
4,1,2,0.0,8,0,1,0.0,1.0,0.0,0.0,both,0.0,
4,1,3,0.0,8,0,2,0.0,2.0,0.0,0.0,both,0.0,
4,1,4,0.0,8,0,3,0.0,3.0,0.0,0.0,both,0.0,
4,1,5,0.0,8,0,4,0.0,4.0,0.0,0.0,both,0.0,
4,1,6,0.0,8,0,5,0.0,5.0,0.0,0.0,both,0.0,
4,1,7,0.0,8,0,6,0.0,6.0,0.0,0.0,both,0.0,
4,1,8,0.0,8,0,7,0.0,7.0,0.0,0.0,both,0.0,
4,1,9,0.0,8,0,8,0.0,8.0,0.0,0.0,both,0.0,
4,1,10,0.0,8,0,9,0.0,9.0,0.0,0.0,both,0.0,
4,1,11,0.0,8,0,10,0.0,10.0,0.0,0.0,both,0.0,
4,2,1,6644.8060000000005,8,1,0,1.0,0.0,6199.35,1164.71,both,445.45600000000013,1.071855275149814
4,2,2,3046.5101,8,1,1,1.0,1.0,2667.86,469.671,both,378.65009999999984,1.141930273702518
4,2,3,2443.943,8,1,2,1.0,2.0,2144.06,298.878,both,299.88300000000027,1.139866888053506
4,2,4,1541.906,8,1,3,1.0,3.0,1487.07,159.558,both,54.83600000000001,1.0368751975360946
4,2,5,1263.1312,8,1,4,1.0,4.0,1090.56,109.546,both,172.5712000000001,1.1582409037558687
4,2,6,237.427,8,1,5,1.0,5.0,200.709,51.7506,both,36.71799999999999,1.1829414724800582
4,2,7,0.0,8,1,6,1.0,6.0,0.0,0.0,both,0.0,
4,2,8,0.0,8,1,7,1.0,7.0,0.0,0.0,both,0.0,
4,2,9,0.0,8,1,8,1.0,8.0,0.0,0.0,both,0.0,
4,2,10,0.0,8,1,9,1.0,9.0,0.0,0.0,both,0.0,
4,2,11,0.0,8,1,10,1.0,10.0,0.0,0.0,both,0.0,
4,3,1,17562.571,8,2,0,2.0,0.0,15305.0,1820.39,both,2257.571,1.1475054557334206
4,3,2,10059.958,8,2,1,2.0,1.0,8539.04,640.09,both,1520.9179999999997,1.1781134647454514
4,3,3,6520.106,8,2,2,2.0,2.0,5594.5,464.307,both,925.6059999999998,1.1654492805433907
4,3,4,5648.2919999999995,8,2,3,2.0,3.0,4888.67,325.762,both,759.6219999999994,1.155384184246431
4,3,5,6931.3141,8,2,4,2.0,4.0,5967.48,343.839,both,963.8341,1.16151442484935
4,3,6,2730.591,8,2,5,2.0,5.0,2337.77,156.762,both,392.8209999999999,1.168032355620955
4,3,7,856.5781999999999,8,2,6,2.0,6.0,746.134,60.7986,both,110.44419999999991,1.1480219370783262
4,3,8,284.8115,8,2,7,2.0,7.0,262.453,32.0941,both,22.35850000000005,1.085190491249862
4,3,9,0.0,8,2,8,2.0,8.0,0.0,0.0,both,0.0,
4,3,10,0.0,8,2,9,2.0,9.0,0.0,0.0,both,0.0,
4,3,11,0.0,8,2,10,2.0,10.0,0.0,0.0,both,0.0,
4,4,1,17134.354,8,3,0,3.0,0.0,14666.1,510.447,both,2468.253999999999,1.1682965478211658
4,4,2,10536.241,8,3,1,3.0,1.0,8944.76,321.45,both,1591.4809999999998,1.1779232757502716
4,4,3,6709.45,8,3,2,3.0,2.0,5709.97,320.841,both,999.4799999999996,1.175041199866199
4,4,4,5120.18,8,3,3,3.0,3.0,4344.85,203.504,both,775.3299999999999,1.1784480476886428
4,4,5,7559.85,8,3,4,3.0,4.0,6559.72,209.803,both,1000.1300000000001,1.1524653491307555
4,4,6,4422.5343,8,3,5,3.0,5.0,3776.0,152.073,both,646.5343000000003,1.1712220074152544
4,4,7,1872.2252,8,3,6,3.0,6.0,1631.21,77.6062,both,241.01520000000005,1.1477524046566658
4,4,8,841.5423,8,3,7,3.0,7.0,703.381,39.7808,both,138.16129999999998,1.1964245551130894
4,4,9,37.3303,8,3,8,3.0,8.0,101.869,35.9724,both,-64.5387,0.3664539752034476
4,4,10,0.0,8,3,9,3.0,9.0,0.0,0.0,both,0.0,
4,4,11,0.0,8,3,10,3.0,10.0,0.0,0.0,both,0.0,
4,5,1,14016.646999999999,8,4,0,4.0,0.0,11994.6,386.157,both,2022.0469999999987,1.1685797775665716
4,5,2,7597.429999999999,8,4,1,4.0,1.0,6477.2,255.116,both,1120.2299999999996,1.1729497313654047
4,5,3,5376.6140000000005,8,4,2,4.0,2.0,4476.89,193.321,both,899.7240000000002,1.2009707631860511
4,5,4,3809.2584,8,4,3,4.0,3.0,3178.54,138.042,both,630.7184000000002,1.1984302226808536
4,5,5,5562.137,8,4,4,4.0,4.0,4688.92,171.568,both,873.2169999999996,1.1862298780955955
4,5,6,3524.7855,8,4,5,4.0,5.0,3031.76,100.32,both,493.02549999999974,1.1626202271947648
4,5,7,1581.8849,8,4,6,4.0,6.0,1340.57,63.887,both,241.31490000000008,1.1800091752015933
4,5,8,601.9571,8,4,7,4.0,7.0,560.177,61.2907,both,41.78009999999995,1.0745837476369076
4,5,9,39.992999999999995,8,4,8,4.0,8.0,63.9325,16.938,both,-23.939500000000002,0.6255503851718609
4,5,10,0.0,8,4,9,4.0,9.0,0.0,0.0,both,0.0,
4,5,11,0.0,8,4,10,4.0,10.0,0.0,0.0,both,0.0,
4,6,1,10169.14,8,5,0,5.0,0.0,8818.16,394.746,both,1350.9799999999996,1.1532042965879503
4,6,2,5051.8951,8,5,1,5.0,1.0,4247.31,141.631,both,804.5850999999993,1.1894340417817393
4,6,3,3053.1305,8,5,2,5.0,2.0,2568.18,128.641,both,484.9505000000004,1.1888304168710917
4,6,4,2060.5234,8,5,3,5.0,3.0,1761.24,78.2009,both,299.28340000000003,1.169927664599941
4,6,5,2436.9078,8,5,4,5.0,4.0,2045.86,83.9407,both,391.04780000000005,1.1911410360435222
4,6,6,1088.2093,8,5,5,5.0,5.0,971.096,46.9264,both,117.11329999999998,1.1205990962788437
4,6,7,356.2892,8,5,6,5.0,6.0,311.785,52.9946,both,44.50419999999997,1.1427400291867793
4,6,8,0.0,8,5,7,5.0,7.0,68.5408,21.9234,both,-68.5408,0.0
4,6,9,0.0,8,5,8,5.0,8.0,0.0,0.0,both,0.0,
4,6,10,0.0,8,5,9,5.0,9.0,0.0,0.0,both,0.0,
4,6,11,0.0,8,5,10,5.0,10.0,0.0,0.0,both,0.0,
4,7,1,1934.686,8,6,0,6.0,0.0,1659.65,102.968,both,275.03599999999983,1.165719278161058
4,7,2,757.082,8,6,1,6.0,1.0,647.01,53.0708,both,110.072,1.1701241093646157
4,7,3,256.7875,8,6,2,6.0,2.0,278.845,46.7434,both,-22.057500000000005,0.9208969140561961
4,7,4,117.90280000000001,8,6,3,6.0,3.0,110.831,25.6035,both,7.07180000000001,1.06380705759219
4,7,5,25.6242,8,6,4,6.0,4.0,49.536,17.6044,both,-23.911800000000003,0.5172843992248062
4,7,6,0.0,8,6,5,6.0,5.0,0.0,0.0,both,0.0,
4,7,7,0.0,8,6,6,6.0,6.0,0.0,0.0,both,0.0,
4,7,8,0.0,8,6,7,6.0,7.0,0.0,0.0,both,0.0,
4,7,9,0.0,8,6,8,6.0,8.0,0.0,0.0,both,0.0,
4,7,10,0.0,8,6,9,6.0,9.0,0.0,0.0,both,0.0,
4,7,11,0.0,8,6,10,6.0,10.0,0.0,0.0,both,0.0,
4,8,1,0.0,8,7,0,7.0,0.0,0.0,0.0,both,0.0,
4,8,2,0.0,8,7,1,7.0,1.0,0.0,0.0,both,0.0,
4,8,3,0.0,8,7,2,7.0,2.0,0.0,0.0,both,0.0,
4,8,4,0.0,8,7,3,7.0,3.0,0.0,0.0,both,0.0,
4,8,5,0.0,8,7,4,7.0,4.0,0.0,0.0,both,0.0,
4,8,6,0.0,8,7,5,7.0,5.0,0.0,0.0,both,0.0,
4,8,7,0.0,8,7,6,7.0,6.0,0.0,0.0,both,0.0,
4,8,8,0.0,8,7,7,7.0,7.0,0.0,0.0,both,0.0,
4,8,9,0.0,8,7,8,7.0,8.0,0.0,0.0,both,0.0,
4,8,10,0.0,8,7,9,7.0,9.0,0.0,0.0,both,0.0,
4,8,11,0.0,8,7,10,7.0,10.0,0.0,0.0,both,0.0,
5,1,1,0.0,8,0,0,0.0,0.0,0.0,0.0,both,0.0,
5,1,2,0.0,8,0,1,0.0,1.0,0.0,0.0,both,0.0,
5,1,3,0.0,8,0,2,0.0,2.0,0.0,0.0,both,0.0,
5,1,4,0.0,8,0,3,0.0,3.0,0.0,0.0,both,0.0,
5,1,5,0.0,8,0,4,0.0,4.0,0.0,0.0,both,0.0,
5,1,6,0.0,8,0,5,0.0,5.0,0.0,0.0,both,0.0,
5,1,7,0.0,8,0,6,0.0,6.0,0.0,0.0,both,0.0,
5,1,8,0.0,8,0,7,0.0,7.0,0.0,0.0,both,0.0,
5,1,9,0.0,8,0,8,0.0,8.0,0.0,0.0,both,0.0,
5,1,10,0.0,8,0,9,0.0,9.0,0.0,0.0,both,0.0,
5,1,11,0.0,8,0,10,0.0,10.0,0.0,0.0,both,0.0,
5,2,1,353.8403,8,1,0,1.0,0.0,498.054,137.298,both,-144.21369999999996,0.7104456544872645
5,2,2,132.06380000000001,8,1,1,1.0,1.0,168.462,52.8072,both,-36.398199999999974,0.7839382175208653
5,2,3,107.42769999999999,8,1,2,1.0,2.0,118.481,48.8389,both,-11.053300000000007,0.906708248579941
5,2,4,19.29,8,1,3,1.0,3.0,65.2509,22.4688,both,-45.9609,0.29562810627899383
5,2,5,15.3005,8,1,4,1.0,4.0,50.8801,17.3266,both,-35.5796,0.300716783182423
5,2,6,0.0,8,1,5,1.0,5.0,0.0,0.0,both,0.0,
5,2,7,0.0,8,1,6,1.0,6.0,0.0,0.0,both,0.0,
5,2,8,0.0,8,1,7,1.0,7.0,0.0,0.0,both,0.0,
5,2,9,0.0,8,1,8,1.0,8.0,0.0,0.0,both,0.0,
5,2,10,0.0,8,1,9,1.0,9.0,0.0,0.0,both,0.0,
5,2,11,0.0,8,1,10,1.0,10.0,0.0,0.0,both,0.0,
5,3,1,5394.722,8,2,0,2.0,0.0,5037.82,781.223,both,356.90200000000004,1.0708445319602526
5,3,2,2608.9447,8,2,1,2.0,1.0,2241.26,193.334,both,367.6846999999998,1.1640526757270462
5,3,3,1510.5240000000001,8,2,2,2.0,2.0,1250.26,133.198,both,260.2640000000001,1.2081679010765762
5,3,4,1312.637,8,2,3,2.0,3.0,1160.05,111.122,both,152.587,1.1315348476358777
5,3,5,1577.8187,8,2,4,2.0,4.0,1341.13,102.181,both,236.68869999999993,1.176484531700879
5,3,6,397.4008,8,2,5,2.0,5.0,348.634,54.5558,both,48.76679999999999,1.1398796445556085
5,3,7,23.6691,8,2,6,2.0,6.0,50.4859,24.9666,both,-26.8168,0.4688259494235024
5,3,8,0.0,8,2,7,2.0,7.0,0.0,0.0,both,0.0,
5,3,9,0.0,8,2,8,2.0,8.0,0.0,0.0,both,0.0,
5,3,10,0.0,8,2,9,2.0,9.0,0.0,0.0,both,0.0,
5,3,11,0.0,8,2,10,2.0,10.0,0.0,0.0,both,0.0,
5,4,1,8447.127,8,3,0,3.0,0.0,7352.81,490.185,both,1094.317,1.1488297671230454
5,4,2,3736.016,8,3,1,3.0,1.0,3073.42,191.387,both,662.596,1.2155891482452772
5,4,3,2048.46,8,3,2,3.0,2.0,1759.44,154.203,both,289.02,1.164268176237894
5,4,4,1510.3301,8,3,3,3.0,3.0,1268.4,116.793,both,241.9300999999998,1.190736439608956
5,4,5,2208.062,8,3,4,3.0,4.0,1944.34,145.405,both,263.722,1.1356357427198946
5,4,6,804.7462,8,3,5,3.0,5.0,691.999,75.9929,both,112.74720000000002,1.1629297152163516
5,4,7,44.9749,8,3,6,3.0,6.0,80.9959,20.3302,both,-36.02100000000001,0.5552737854632147
5,4,8,0.0,8,3,7,3.0,7.0,0.0,0.0,both,0.0,
5,4,9,0.0,8,3,8,3.0,8.0,0.0,0.0,both,0.0,
5,4,10,0.0,8,3,9,3.0,9.0,0.0,0.0,both,0.0,
5,4,11,0.0,8,3,10,3.0,10.0,0.0,0.0,both,0.0,
5,5,1,8168.909,8,4,0,4.0,0.0,7021.94,237.792,both,1146.969,1.16334075768235
5,5,2,3337.849,8,4,1,4.0,1.0,2825.64,178.311,both,512.2090000000003,1.1812718534562083
5,5,3,1585.457,8,4,2,4.0,2.0,1333.08,93.7129,both,252.37700000000018,1.189318720556906
5,5,4,840.5773,8,4,3,4.0,3.0,682.068,75.1939,both,158.50930000000005,1.2323951570811122
5,5,5,732.6105,8,4,4,4.0,4.0,639.901,46.0182,both,92.70950000000005,1.1448810050304656
5,5,6,138.1044,8,4,5,4.0,5.0,132.89,23.4957,both,5.214400000000012,1.039238467905787
5,5,7,0.0,8,4,6,4.0,6.0,0.0,0.0,both,0.0,
5,5,8,0.0,8,4,7,4.0,7.0,0.0,0.0,both,0.0,
5,5,9,0.0,8,4,8,4.0,8.0,0.0,0.0,both,0.0,
5,5,10,0.0,8,4,9,4.0,9.0,0.0,0.0,both,0.0,
5,5,11,0.0,8,4,10,4.0,10.0,0.0,0.0,both,0.0,
5,6,1,3053.7490000000003,8,5,0,5.0,0.0,2617.12,132.011,both,436.62900000000036,1.1668356819710217
5,6,2,989.4516,8,5,1,5.0,1.0,813.758,93.4134,both,175.69359999999995,1.2159039911128369
5,6,3,259.3517,8,5,2,5.0,2.0,260.022,40.5652,both,-0.6702999999999975,0.9974221412034366
5,6,4,61.2603,8,5,3,5.0,3.0,85.0753,16.9838,both,-23.814999999999998,0.7200715131183787
5,6,5,0.0,8,5,4,5.0,4.0,0.0,0.0,both,0.0,
5,6,6,0.0,8,5,5,5.0,5.0,0.0,0.0,both,0.0,
5,6,7,0.0,8,5,6,5.0,6.0,0.0,0.0,both,0.0,
5,6,8,0.0,8,5,7,5.0,7.0,0.0,0.0,both,0.0,
5,6,9,0.0,8,5,8,5.0,8.0,0.0,0.0,both,0.0,
5,6,10,0.0,8,5,9,5.0,9.0,0.0,0.0,both,0.0,
5,6,11,0.0,8,5,10,5.0,10.0,0.0,0.0,both,0.0,
5,7,1,0.0,8,6,0,6.0,0.0,0.0,0.0,both,0.0,
5,7,2,0.0,8,6,1,6.0,1.0,0.0,0.0,both,0.0,
5,7,3,0.0,8,6,2,6.0,2.0,0.0,0.0,both,0.0,
5,7,4,0.0,8,6,3,6.0,3.0,0.0,0.0,both,0.0,
5,7,5,0.0,8,6,4,6.0,4.0,0.0,0.0,both,0.0,
5,7,6,0.0,8,6,5,6.0,5.0,0.0,0.0,both,0.0,
5,7,7,0.0,8,6,6,6.0,6.0,0.0,0.0,both,0.0,
5,7,8,0.0,8,6,7,6.0,7.0,0.0,0.0,both,0.0,
5,7,9,0.0,8,6,8,6.0,8.0,0.0,0.0,both,0.0,
5,7,10,0.0,8,6,9,6.0,9.0,0.0,0.0,both,0.0,
5,7,11,0.0,8,6,10,6.0,10.0,0.0,0.0,both,0.0,
5,8,1,0.0,8,7,0,7.0,0.0,0.0,0.0,both,0.0,
5,8,2,0.0,8,7,1,7.0,1.0,0.0,0.0,both,0.0,
5,8,3,0.0,8,7,2,7.0,2.0,0.0,0.0,both,0.0,
5,8,4,0.0,8,7,3,7.0,3.0,0.0,0.0,both,0.0,
5,8,5,0.0,8,7,4,7.0,4.0,0.0,0.0,both,0.0,
5,8,6,0.0,8,7,5,7.0,5.0,0.0,0.0,both,0.0,
5,8,7,0.0,8,7,6,7.0,6.0,0.0,0.0,both,0.0,
5,8,8,0.0,8,7,7,7.0,7.0,0.0,0.0,both,0.0,
5,8,9,0.0,8,7,8,7.0,8.0,0.0,0.0,both,0.0,
5,8,10,0.0,8,7,9,7.0,9.0,0.0,0.0,both,0.0,
5,8,11,0.0,8,7,10,7.0,10.0,0.0,0.0,both,0.0,
6,1,1,0.0,8,0,0,0.0,0.0,0.0,0.0,both,0.0,
6,1,2,0.0,8,0,1,0.0,1.0,0.0,0.0,both,0.0,
6,1,3,0.0,8,0,2,0.0,2.0,0.0,0.0,both,0.0,
6,1,4,0.0,8,0,3,0.0,3.0,0.0,0.0,both,0.0,
6,1,5,0.0,8,0,4,0.0,4.0,0.0,0.0,both,0.0,
6,1,6,0.0,8,0,5,0.0,5.0,0.0,0.0,both,0.0,
6,1,7,0.0,8,0,6,0.0,6.0,0.0,0.0,both,0.0,
6,1,8,0.0,8,0,7,0.0,7.0,0.0,0.0,both,0.0,
6,1,9,0.0,8,0,8,0.0,8.0,0.0,0.0,both,0.0,
6,1,10,0.0,8,0,9,0.0,9.0,0.0,0.0,both,0.0,
6,1,11,0.0,8,0,10,0.0,10.0,0.0,0.0,both,0.0,
6,2,1,0.0,8,1,0,1.0,0.0,0.0,0.0,both,0.0,
6,2,2,0.0,8,1,1,1.0,1.0,0.0,0.0,both,0.0,
6,2,3,0.0,8,1,2,1.0,2.0,0.0,0.0,both,0.0,
6,2,4,0.0,8,1,3,1.0,3.0,0.0,0.0,both,0.0,
6,2,5,0.0,8,1,4,1.0,4.0,0.0,0.0,both,0.0,
6,2,6,0.0,8,1,5,1.0,5.0,0.0,0.0,both,0.0,
6,2,7,0.0,8,1,6,1.0,6.0,0.0,0.0,both,0.0,
6,2,8,0.0,8,1,7,1.0,7.0,0.0,0.0,both,0.0,
6,2,9,0.0,8,1,8,1.0,8.0,0.0,0.0,both,0.0,
6,2,10,0.0,8,1,9,1.0,9.0,0.0,0.0,both,0.0,
6,2,11,0.0,8,1,10,1.0,10.0,0.0,0.0,both,0.0,
6,3,1,1213.6363000000001,8,2,0,2.0,0.0,1142.71,227.695,both,70.92630000000008,1.062068503819867
6,3,2,755.1091,8,2,1,2.0,1.0,614.486,84.1775,both,140.62310000000002,1.2288467109096057
6,3,3,322.9441,8,2,2,2.0,2.0,278.112,64.8168,both,44.83209999999997,1.161201602232194
6,3,4,275.0755,8,2,3,2.0,3.0,241.875,64.776,both,33.20049999999998,1.137263049095607
6,3,5,218.1414,8,2,4,2.0,4.0,176.543,47.2935,both,41.5984,1.235627580816005
6,3,6,0.0,8,2,5,2.0,5.0,0.0,0.0,both,0.0,
6,3,7,0.0,8,2,6,2.0,6.0,0.0,0.0,both,0.0,
6,3,8,0.0,8,2,7,2.0,7.0,0.0,0.0,both,0.0,
6,3,9,0.0,8,2,8,2.0,8.0,0.0,0.0,both,0.0,
6,3,10,0.0,8,2,9,2.0,9.0,0.0,0.0,both,0.0,
6,3,11,0.0,8,2,10,2.0,10.0,0.0,0.0,both,0.0,
6,4,1,3045.549,8,3,0,3.0,0.0,2634.75,259.079,both,410.799,1.1559157415314545
6,4,2,1164.2735,8,3,1,3.0,1.0,915.694,118.198,both,248.57950000000005,1.2714656861353248
6,4,3,665.0844,8,3,2,3.0,2.0,554.669,68.3244,both,110.41539999999998,1.1990653885470433
6,4,4,341.5703,8,3,3,3.0,3.0,333.163,33.3952,both,8.407299999999964,1.0252347949802347
6,4,5,182.367,8,3,4,3.0,4.0,187.145,26.8275,both,-4.77800000000002,0.9744689946298324
6,4,6,0.0,8,3,5,3.0,5.0,0.0,0.0,both,0.0,
6,4,7,0.0,8,3,6,3.0,6.0,0.0,0.0,both,0.0,
6,4,8,0.0,8,3,7,3.0,7.0,0.0,0.0,both,0.0,
6,4,9,0.0,8,3,8,3.0,8.0,0.0,0.0,both,0.0,
6,4,10,0.0,8,3,9,3.0,9.0,0.0,0.0,both,0.0,
6,4,11,0.0,8,3,10,3.0,10.0,0.0,0.0,both,0.0,
6,5,1,2602.405,8,4,0,4.0,0.0,2217.82,120.962,both,384.58500000000004,1.1734067688090106
6,5,2,539.0618,8,4,1,4.0,1.0,441.958,42.2807,both,97.10379999999992,1.21971273288412
6,5,3,92.047,8,4,2,4.0,2.0,120.981,49.3686,both,-28.933999999999997,0.7608384787693936
6,5,4,0.0,8,4,3,4.0,3.0,0.0,0.0,both,0.0,
6,5,5,0.0,8,4,4,4.0,4.0,0.0,0.0,both,0.0,
6,5,6,0.0,8,4,5,4.0,5.0,0.0,0.0,both,0.0,
6,5,7,0.0,8,4,6,4.0,6.0,0.0,0.0,both,0.0,
6,5,8,0.0,8,4,7,4.0,7.0,0.0,0.0,both,0.0,
6,5,9,0.0,8,4,8,4.0,8.0,0.0,0.0,both,0.0,
6,5,10,0.0,8,4,9,4.0,9.0,0.0,0.0,both,0.0,
6,5,11,0.0,8,4,10,4.0,10.0,0.0,0.0,both,0.0,
6,6,1,18.434,8,5,0,5.0,0.0,80.004,31.6127,both,-61.57000000000001,0.2304134793260337
6,6,2,0.0,8,5,1,5.0,1.0,0.0,0.0,both,0.0,
6,6,3,0.0,8,5,2,5.0,2.0,0.0,0.0,both,0.0,
6,6,4,0.0,8,5,3,5.0,3.0,0.0,0.0,both,0.0,
6,6,5,0.0,8,5,4,5.0,4.0,0.0,0.0,both,0.0,
6,6,6,0.0,8,5,5,5.0,5.0,0.0,0.0,both,0.0,
6,6,7,0.0,8,5,6,5.0,6.0,0.0,0.0,both,0.0,
6,6,8,0.0,8,5,7,5.0,7.0,0.0,0.0,both,0.0,
6,6,9,0.0,8,5,8,5.0,8.0,0.0,0.0,both,0.0,
6,6,10,0.0,8,5,9,5.0,9.0,0.0,0.0,both,0.0,
6,6,11,0.0,8,5,10,5.0,10.0,0.0,0.0,both,0.0,
6,7,1,0.0,8,6,0,6.0,0.0,0.0,0.0,both,0.0,
6,7,2,0.0,8,6,1,6.0,1.0,0.0,0.0,both,0.0,
6,7,3,0.0,8,6,2,6.0,2.0,0.0,0.0,both,0.0,
6,7,4,0.0,8,6,3,6.0,3.0,0.0,0.0,both,0.0,
6,7,5,0.0,8,6,4,6.0,4.0,0.0,0.0,both,0.0,
6,7,6,0.0,8,6,5,6.0,5.0,0.0,0.0,both,0.0,
6,7,7,0.0,8,6,6,6.0,6.0,0.0,0.0,both,0.0,
6,7,8,0.0,8,6,7,6.0,7.0,0.0,0.0,both,0.0,
6,7,9,0.0,8,6,8,6.0,8.0,0.0,0.0,both,0.0,
6,7,10,0.0,8,6,9,6.0,9.0,0.0,0.0,both,0.0,
6,7,11,0.0,8,6,10,6.0,10.0,0.0,0.0,both,0.0,
6,8,1,0.0,8,7,0,7.0,0.0,0.0,0.0,both,0.0,
6,8,2,0.0,8,7,1,7.0,1.0,0.0,0.0,both,0.0,
6,8,3,0.0,8,7,2,7.0,2.0,0.0,0.0,both,0.0,
6,8,4,0.0,8,7,3,7.0,3.0,0.0,0.0,both,0.0,
6,8,5,0.0,8,7,4,7.0,4.0,0.0,0.0,both,0.0,
6,8,6,0.0,8,7,5,7.0,5.0,0.0,0.0,both,0.0,
6,8,7,0.0,8,7,6,7.0,6.0,0.0,0.0,both,0.0,
6,8,8,0.0,8,7,7,7.0,7.0,0.0,0.0,both,0.0,
6,8,9,0.0,8,7,8,7.0,8.0,0.0,0.0,both,0.0,
6,8,10,0.0,8,7,9,7.0,9.0,0.0,0.0,both,0.0,
6,8,11,0.0,8,7,10,7.0,10.0,0.0,0.0,both,0.0,
7,1,1,17976.41,8,0,0,0.0,0.0,15573.4,4362.8,both,2403.01,1.1543022076104126
7,1,2,21449.997,8,0,1,0.0,1.0,18080.3,3801.85,both,3369.697,1.1863739539720026
7,1,3,18036.405,8,0,2,0.0,2.0,16409.3,2344.65,both,1627.1049999999996,1.0991574899599617
7,1,4,11629.835000000001,8,0,3,0.0,3.0,10872.7,1341.68,both,757.1350000000002,1.0696363368804438
7,1,5,8781.314,8,0,4,0.0,4.0,7939.24,905.503,both,842.0740000000005,1.1060648122490315
7,1,6,802.7877,8,0,5,0.0,5.0,653.635,98.1443,both,149.15269999999998,1.228189585930986
7,1,7,0.0,8,0,6,0.0,6.0,0.0,0.0,both,0.0,
7,1,8,0.0,8,0,7,0.0,7.0,0.0,0.0,both,0.0,
7,1,9,0.0,8,0,8,0.0,8.0,0.0,0.0,both,0.0,
7,1,10,0.0,8,0,9,0.0,9.0,0.0,0.0,both,0.0,
7,1,11,0.0,8,0,10,0.0,10.0,0.0,0.0,both,0.0,
7,2,1,24154.829999999998,8,1,0,1.0,0.0,-19919.9,3492.44,both,44074.729999999996,-1.21259795480901
7,2,2,30955.253999999997,8,1,1,1.0,1.0,-23401.3,2526.9,both,54356.554,-1.3228006136411223
7,2,3,32779.029,8,1,2,1.0,2.0,26530.3,1642.9,both,6248.729000000003,1.2355317881818149
7,2,4,28369.054,8,1,3,1.0,3.0,24248.7,1213.72,both,4120.353999999999,1.1699206143009728
7,2,5,41116.4,8,1,4,1.0,4.0,35272.7,1375.3,both,5843.700000000004,1.1656720353134296
7,2,6,21571.981,8,1,5,1.0,5.0,18648.1,755.634,both,2923.881000000001,1.156792434618004
7,2,7,9317.301,8,1,6,1.0,6.0,7902.04,306.878,both,1415.2609999999995,1.1791007132335447
7,2,8,3999.155,8,1,7,1.0,7.0,3446.26,203.03,both,552.895,1.1604333393301725
7,2,9,689.733,8,1,8,1.0,8.0,547.215,51.3582,both,142.51799999999992,1.2604424220827277
7,2,10,0.0,8,1,9,1.0,9.0,0.0,0.0,both,0.0,
7,2,11,0.0,8,1,10,1.0,10.0,0.0,0.0,both,0.0,
7,3,1,10960.31,8,2,0,2.0,0.0,-7603.58,1425.46,both,18563.89,-1.441467045786327
7,3,2,14278.419,8,2,1,2.0,1.0,10983.5,1070.09,both,3294.919,1.2999880730186189
7,3,3,14855.6892,8,2,2,2.0,2.0,12323.8,935.817,both,2531.8892000000014,1.2054471185835538
7,3,4,15084.546000000002,8,2,3,2.0,3.0,12631.5,736.95,both,2453.046000000002,1.1942006887543049
7,3,5,26970.133,8,2,4,2.0,4.0,22600.2,953.644,both,4369.933000000001,1.1933581561225122
7,3,6,19625.331000000002,8,2,5,2.0,5.0,16500.2,661.965,both,3125.131000000001,1.1893995830353572
7,3,7,13239.175,8,2,6,2.0,6.0,11185.2,552.07,both,2053.9749999999985,1.1836332832671743
7,3,8,11099.489,8,2,7,2.0,7.0,9482.09,339.521,both,1617.3989999999994,1.1705741033885988
7,3,9,4982.633000000001,8,2,8,2.0,8.0,4245.56,187.688,both,737.0730000000003,1.1736103128915856
7,3,10,2415.016,8,2,9,2.0,9.0,2067.25,78.7581,both,347.7660000000001,1.1682263877131456
7,3,11,607.0041,8,2,10,2.0,10.0,542.97,67.0265,both,64.03409999999997,1.117933034974308
7,4,1,4955.5196000000005,8,3,0,3.0,0.0,3857.67,391.94,both,1097.8496000000005,1.2845887802741034
7,4,2,6834.7053,8,3,1,3.0,1.0,5580.31,421.462,both,1254.3952999999992,1.2247895367820065
7,4,3,7208.489,8,3,2,3.0,2.0,6219.58,289.702,both,988.9089999999997,1.158999321497593
7,4,4,7730.246,8,3,3,3.0,3.0,6479.77,357.028,both,1250.4759999999997,1.1929815410114863
7,4,5,14231.308430000001,8,3,4,3.0,4.0,11802.7,666.373,both,2428.60843,1.2057671914053565
7,4,6,11769.366,8,3,5,3.0,5.0,9971.34,394.366,both,1798.0259999999998,1.1803193953871796
7,4,7,8807.9866,8,3,6,3.0,6.0,7450.32,228.671,both,1357.6666000000005,1.1822293002179773
7,4,8,8810.7254,8,3,7,3.0,7.0,7488.7,257.72,both,1322.0253999999995,1.176536034291666
7,4,9,5266.917,8,3,8,3.0,8.0,4414.48,135.138,both,852.4370000000008,1.193100206592849
7,4,10,3545.6639999999998,8,3,9,3.0,9.0,2993.51,132.344,both,552.1539999999995,1.1844503609475163
7,4,11,2230.6664,8,3,10,3.0,10.0,1868.44,126.955,both,362.2264,1.1938656847423519
7,5,1,3339.8733,8,4,0,4.0,0.0,2771.12,219.428,both,568.7533000000003,1.2052431146973066
7,5,2,3824.098,8,4,1,4.0,1.0,3266.46,267.051,both,557.6379999999999,1.1707163106237333
7,5,3,4008.819,8,4,2,4.0,2.0,3367.96,238.431,both,640.8589999999999,1.1902810603451348
7,5,4,4006.528,8,4,3,4.0,3.0,3414.17,202.508,both,592.3579999999997,1.1734998550160067
7,5,5,7667.119000000001,8,4,4,4.0,4.0,6508.04,295.182,both,1159.0790000000006,1.178099550709584
7,5,6,6741.302000000001,8,4,5,4.0,5.0,5766.26,241.437,both,975.0420000000004,1.1690943523184874
7,5,7,5573.399,8,4,6,4.0,6.0,4697.49,192.591,both,875.9090000000006,1.1864631963027064
7,5,8,6119.8936,8,4,7,4.0,7.0,5136.42,203.195,both,983.4736000000003,1.19147063518949
7,5,9,3789.5739,8,4,8,4.0,8.0,3270.72,175.345,both,518.8539000000001,1.1586359884062225
7,5,10,2830.1609000000003,8,4,9,4.0,9.0,2424.33,153.714,both,405.8309000000004,1.1673991989539378
7,5,11,2463.5176,8,4,10,4.0,10.0,2131.47,130.342,both,332.04760000000033,1.155783379545572
7,6,1,2276.0899,8,5,0,5.0,0.0,1856.54,183.958,both,419.5499,1.2259848427720383
7,6,2,2591.3633999999997,8,5,1,5.0,1.0,2184.96,178.333,both,406.4033999999997,1.186000384446397
7,6,3,2479.3212,8,5,2,5.0,2.0,2137.23,125.433,both,342.09119999999984,1.1600628851363681
7,6,4,2329.648,8,5,3,5.0,3.0,2022.0,122.38,both,307.64800000000014,1.1521503461918894
7,6,5,4491.4619,8,5,4,5.0,4.0,3700.54,274.302,both,790.9219000000003,1.2137314824322938
7,6,6,4010.036,8,5,5,5.0,5.0,3447.92,270.087,both,562.116,1.1630304647439615
7,6,7,3351.8109999999997,8,5,6,5.0,6.0,2910.38,185.187,both,441.4309999999996,1.1516746954006005
7,6,8,3953.171,8,5,7,5.0,7.0,3440.34,212.786,both,512.8309999999997,1.1490640459954538
7,6,9,2803.107,8,5,8,5.0,8.0,2388.33,146.307,both,414.77700000000004,1.1736682116792905
7,6,10,2262.8613,8,5,9,5.0,9.0,1888.75,130.441,both,374.1113,1.1980734877564527
7,6,11,1699.3407,8,5,10,5.0,10.0,1453.86,125.312,both,245.48070000000007,1.1688475506582479
7,7,1,1582.1735,8,6,0,6.0,0.0,1378.62,152.065,both,203.5535000000002,1.1476501864183026
7,7,2,1644.0535,8,6,1,6.0,1.0,1413.62,133.613,both,230.4335000000001,1.163009507505553
7,7,3,1417.3043,8,6,2,6.0,2.0,1331.2,102.112,both,86.10429999999997,1.0646817157451922
7,7,4,1464.0621,8,6,3,6.0,3.0,1232.56,117.084,both,231.50210000000015,1.1878221749853963
7,7,5,2589.075,8,6,4,6.0,4.0,2276.18,170.102,both,312.895,1.1374649632278642
7,7,6,2288.869,8,6,5,6.0,5.0,1961.27,129.836,both,327.59900000000016,1.1670341156495536
7,7,7,1937.8841,8,6,6,6.0,6.0,1646.81,164.509,both,291.07410000000004,1.1767502626289614
7,7,8,2159.01,8,6,7,6.0,7.0,1842.86,139.438,both,316.1500000000003,1.1715539975907017
7,7,9,1288.6970000000001,8,6,8,6.0,8.0,1086.29,123.491,both,202.40700000000015,1.1863286967568514
7,7,10,775.6281,8,6,9,6.0,9.0,650.728,72.6979,both,124.90010000000007,1.191939028288317
7,7,11,177.3328,8,6,10,6.0,10.0,190.912,24.0588,both,-13.579200000000014,0.9288719409989943
7,8,1,580.706,8,7,0,7.0,0.0,494.152,101.214,both,86.55400000000003,1.1751566319674918
7,8,2,509.8284,8,7,1,7.0,1.0,444.055,79.6249,both,65.77339999999998,1.1481199400975104
7,8,3,453.46500000000003,8,7,2,7.0,2.0,373.346,58.9576,both,80.11900000000003,1.2145971833098521
7,8,4,395.0896,8,7,3,7.0,3.0,330.823,49.6175,both,64.26660000000004,1.194262793094797
7,8,5,607.0303,8,7,4,7.0,4.0,524.828,47.8764,both,82.20230000000004,1.1566271235528593
7,8,6,305.53999999999996,8,7,5,7.0,5.0,274.971,40.4548,both,30.56899999999996,1.1111717235635756
7,8,7,117.6149,8,7,6,7.0,6.0,148.432,50.8555,both,-30.817099999999982,0.7923823703783551
7,8,8,43.814,8,7,7,7.0,7.0,63.1305,12.5044,both,-19.316499999999998,0.6940226990123634
7,8,9,0.0,8,7,8,7.0,8.0,0.0,0.0,both,0.0,
7,8,10,0.0,8,7,9,7.0,9.0,0.0,0.0,both,0.0,
7,8,11,0.0,8,7,10,7.0,10.0,0.0,0.0,both,0.0,
8,1,1,10979.68,8,0,0,0.0,0.0,-10297.1,3118.99,both,21276.78,-1.0662885666838235
8,1,2,10300.97,8,0,1,0.0,1.0,9855.18,2116.84,both,445.78999999999905,1.0452340799457747
8,1,3,8427.643,8,0,2,0.0,2.0,7790.79,1198.48,both,636.8530000000001,1.0817443417163086
8,1,4,5063.196,8,0,3,0.0,3.0,4750.12,694.668,both,313.076,1.0659090717708184
8,1,5,2831.5370000000003,8,0,4,0.0,4.0,2558.12,294.071,both,273.41700000000037,1.1068820070989636
8,1,6,32.13720000000001,8,0,5,0.0,5.0,62.0476,39.2487,both,-29.910399999999996,0.51794428793378
8,1,7,0.0,8,0,6,0.0,6.0,0.0,0.0,both,0.0,
8,1,8,0.0,8,0,7,0.0,7.0,0.0,0.0,both,0.0,
8,1,9,0.0,8,0,8,0.0,8.0,0.0,0.0,both,0.0,
8,1,10,0.0,8,0,9,0.0,9.0,0.0,0.0,both,0.0,
8,1,11,0.0,8,0,10,0.0,10.0,0.0,0.0,both,0.0,
8,2,1,29891.506,8,1,0,1.0,0.0,25653.2,4080.78,both,4238.3060000000005,1.1652154896854974
8,2,2,29505.764,8,1,1,1.0,1.0,24008.6,2503.57,both,5497.164000000001,1.2289664536874287
8,2,3,27738.168999999998,8,1,2,1.0,2.0,24742.8,1826.58,both,2995.368999999999,1.1210602276217727
8,2,4,23008.228,8,1,3,1.0,3.0,20059.8,1154.79,both,2948.428,1.146981924047099
8,2,5,28896.86,8,1,4,1.0,4.0,24684.2,1224.44,both,4212.66,1.1706622049732218
8,2,6,12040.0,8,1,5,1.0,5.0,10332.3,490.187,both,1707.7000000000007,1.1652778181043912
8,2,7,3917.256,8,1,6,1.0,6.0,3449.78,175.496,both,467.47599999999966,1.1355089310042958
8,2,8,1460.9353999999998,8,1,7,1.0,7.0,1227.4,74.8283,both,233.53539999999975,1.1902683721688119
8,2,9,0.0,8,1,8,1.0,8.0,66.5866,18.4678,both,-66.5866,0.0
8,2,10,0.0,8,1,9,1.0,9.0,0.0,0.0,both,0.0,
8,2,11,0.0,8,1,10,1.0,10.0,0.0,0.0,both,0.0,
8,3,1,18231.226,8,2,0,2.0,0.0,-14125.5,1725.17,both,32356.726,-1.2906605783866056
8,3,2,19066.631,8,2,1,2.0,1.0,14900.8,1179.84,both,4165.831000000002,1.2795709626328788
8,3,3,17481.279,8,2,2,2.0,2.0,14819.8,836.28,both,2661.4789999999994,1.1795894006666756
8,3,4,17048.985,8,2,3,2.0,3.0,14316.1,689.432,both,2732.885,1.1908959143900923
8,3,5,27532.501,8,2,4,2.0,4.0,23361.7,839.505,both,4170.8009999999995,1.1785315709045145
8,3,6,17560.415,8,2,5,2.0,5.0,14966.8,468.077,both,2593.6150000000016,1.173291217895609
8,3,7,10093.521,8,2,6,2.0,6.0,8623.82,330.663,both,1469.701000000001,1.1704234318434292
8,3,8,7324.305,8,2,7,2.0,7.0,6124.47,302.144,both,1199.835,1.1959083806435495
8,3,9,2484.231,8,2,8,2.0,8.0,2090.65,127.23,both,393.58100000000013,1.188257718891254
8,3,10,878.5298,8,2,9,2.0,9.0,724.533,38.6198,both,153.9968,1.2125462884368277
8,3,11,85.59088,8,2,10,2.0,10.0,127.522,23.3361,both,-41.93112000000001,0.6711852072583554
8,4,1,11040.266,8,3,0,3.0,0.0,9049.79,577.975,both,1990.4759999999987,1.21994720319477
8,4,2,9915.884199999999,8,3,1,3.0,1.0,8216.52,475.559,both,1699.3641999999982,1.2068228641809426
8,4,3,9562.936,8,3,2,3.0,2.0,7904.19,402.809,both,1658.746,1.2098565444403537
8,4,4,8918.987,8,3,3,3.0,3.0,7511.65,262.539,both,1407.3369999999995,1.187353910259397
8,4,5,15721.0273,8,3,4,3.0,4.0,13404.2,511.583,both,2316.827299999999,1.1728433849092075
8,4,6,12540.266599999999,8,3,5,3.0,5.0,10738.3,364.834,both,1801.9665999999997,1.1678074369313578
8,4,7,8855.6206,8,3,6,3.0,6.0,7442.35,279.23,both,1413.2705999999998,1.1898957452955048
8,4,8,7950.5864,8,3,7,3.0,7.0,6704.85,173.632,both,1245.7363999999998,1.1857963116251669
8,4,9,3965.2079999999996,8,3,8,3.0,8.0,3376.91,160.015,both,588.2979999999998,1.1742119274721565
8,4,10,2197.7688,8,3,9,3.0,9.0,1860.39,125.332,both,337.3787999999997,1.1813484269427377
8,4,11,889.9095,8,3,10,3.0,10.0,758.923,55.9476,both,130.98649999999998,1.172595243522729
8,5,1,7553.7570000000005,8,4,0,4.0,0.0,6304.69,538.259,both,1249.067000000001,1.1981171159882564
8,5,2,6202.6434,8,4,1,4.0,1.0,5236.93,310.748,both,965.7133999999996,1.184404488889483
8,5,3,5484.075129999999,8,4,2,4.0,2.0,4695.56,277.939,both,788.5151299999989,1.1679278147867345
8,5,4,5174.637000000001,8,4,3,4.0,3.0,4387.92,188.599,both,786.7170000000006,1.179291554996445
8,5,5,8805.588600000001,8,4,4,4.0,4.0,7673.64,295.803,both,1131.9486000000006,1.1475112984190032
8,5,6,7504.9220000000005,8,4,5,4.0,5.0,6482.97,222.316,both,1021.9520000000002,1.157636391962326
8,5,7,5994.0485,8,4,6,4.0,6.0,5027.12,228.66,both,966.9285,1.1923424346345421
8,5,8,6188.152,8,4,7,4.0,7.0,5310.84,224.175,both,877.3119999999999,1.165192700213149
8,5,9,3611.794,8,4,8,4.0,8.0,3106.53,127.244,both,505.26399999999967,1.1626457816277325
8,5,10,2447.1402,8,4,9,4.0,9.0,2079.58,74.2963,both,367.5601999999999,1.1767473239788804
8,5,11,1346.8163,8,4,10,4.0,10.0,1184.47,99.7345,both,162.34629999999993,1.1370623992165272
8,6,1,5397.595,8,5,0,5.0,0.0,4507.09,299.498,both,890.5050000000001,1.197578703775607
8,6,2,4198.387,8,5,1,5.0,1.0,3485.76,228.062,both,712.6269999999995,1.2044394909574956
8,6,3,3317.1980999999996,8,5,2,5.0,2.0,2830.19,112.43,both,487.00809999999956,1.172076115031146
8,6,4,3045.767,8,5,3,5.0,3.0,2630.96,154.457,both,414.8069999999998,1.1576637425122387
8,6,5,5462.314,8,5,4,5.0,4.0,4823.57,300.856,both,638.7440000000006,1.1324214223075442
8,6,6,4566.049,8,5,5,5.0,5.0,4037.65,203.577,both,528.3989999999999,1.1308679553700791
8,6,7,3819.297,8,5,6,5.0,6.0,3252.34,195.58,both,566.9569999999999,1.1743227952797062
8,6,8,4047.129,8,5,7,5.0,7.0,3513.58,213.587,both,533.549,1.1518533803129571
8,6,9,2514.33,8,5,8,5.0,8.0,2173.89,143.644,both,340.44000000000005,1.156604060003036
8,6,10,1532.932,8,5,9,5.0,9.0,1319.48,76.0031,both,213.452,1.1617697880983417
8,6,11,610.0824,8,5,10,5.0,10.0,528.122,54.3603,both,81.96040000000005,1.1551921715058264
8,7,1,3942.4159999999997,8,6,0,6.0,0.0,3492.53,259.409,both,449.8859999999995,1.1288137825587754
8,7,2,2854.5559,8,6,1,6.0,1.0,2505.88,174.194,both,348.67589999999973,1.139143095439526
8,7,3,2199.7702,8,6,2,6.0,2.0,1956.86,146.266,both,242.91020000000003,1.1241326410678332
8,7,4,1905.6875,8,6,3,6.0,3.0,1594.76,142.769,both,310.9275,1.1949682083824524
8,7,5,3042.0458,8,6,4,6.0,4.0,2603.21,230.217,both,438.83579999999984,1.1685748748660307
8,7,6,2362.6913,8,6,5,6.0,5.0,2002.04,155.756,both,360.6513,1.1801419052566382
8,7,7,1676.205,8,6,6,6.0,6.0,1394.27,107.064,both,281.93499999999995,1.2022097585116225
8,7,8,1402.559,8,6,7,6.0,7.0,1154.55,106.39,both,248.00900000000001,1.2148100991728379
8,7,9,473.1098,8,6,8,6.0,8.0,394.377,59.7334,both,78.7328,1.1996384170476473
8,7,10,111.631,8,6,9,6.0,9.0,141.239,31.553,both,-29.608000000000004,0.7903695155020922
8,7,11,0.0,8,6,10,6.0,10.0,0.0,0.0,both,0.0,
8,8,1,819.0349,8,7,0,7.0,0.0,658.958,81.5608,both,160.07690000000002,1.242924283489995
8,8,2,474.6196,8,7,1,7.0,1.0,397.983,69.6543,both,76.63659999999999,1.1925624963880366
8,8,3,285.0558,8,7,2,7.0,2.0,263.795,33.4735,both,21.26079999999996,1.0805959172842547
8,8,4,161.44799999999998,8,7,3,7.0,3.0,142.212,42.2462,both,19.23599999999999,1.1352628470171293
8,8,5,151.38930000000002,8,7,4,7.0,4.0,140.046,33.1107,both,11.343300000000028,1.0809969581423249
8,8,6,50.6456,8,7,5,7.0,5.0,55.3019,17.1814,both,-4.656300000000002,0.9158021695457118
8,8,7,0.0,8,7,6,7.0,6.0,0.0,0.0,both,0.0,
8,8,8,0.0,8,7,7,7.0,7.0,0.0,0.0,both,0.0,
8,8,9,0.0,8,7,8,7.0,8.0,0.0,0.0,both,0.0,
8,8,10,0.0,8,7,9,7.0,9.0,0.0,0.0,both,0.0,
8,8,11,0.0,8,7,10,7.0,10.0,0.0,0.0,both,0.0,
9,1,1,3114.186,8,0,0,0.0,0.0,3494.46,1142.65,both,-380.2739999999999,0.8911780360914133
9,1,2,2729.8602,8,0,1,0.0,1.0,2518.78,621.993,both,211.08019999999988,1.0838025552052977
9,1,3,1776.1107,8,0,2,0.0,2.0,1536.79,251.329,both,239.3207,1.1557276530950877
9,1,4,752.884,8,0,3,0.0,3.0,737.138,135.729,both,15.745999999999981,1.0213609934639103
9,1,5,195.8809,8,0,4,0.0,4.0,191.798,73.8694,both,4.082899999999995,1.0212875003910364
9,1,6,0.0,8,0,5,0.0,5.0,0.0,0.0,both,0.0,
9,1,7,0.0,8,0,6,0.0,6.0,0.0,0.0,both,0.0,
9,1,8,0.0,8,0,7,0.0,7.0,0.0,0.0,both,0.0,
9,1,9,0.0,8,0,8,0.0,8.0,0.0,0.0,both,0.0,
9,1,10,0.0,8,0,9,0.0,9.0,0.0,0.0,both,0.0,
9,1,11,0.0,8,0,10,0.0,10.0,0.0,0.0,both,0.0,
9,2,1,31593.02,8,1,0,1.0,0.0,29240.2,5893.32,both,2352.8199999999997,1.0804652498956915
9,2,2,24638.052,8,1,1,1.0,1.0,21499.7,2864.49,both,3138.351999999999,1.1459718972822877
9,2,3,20317.329,8,1,2,1.0,2.0,17816.9,1837.54,both,2500.429,1.1403402948885608
9,2,4,14822.390000000001,8,1,3,1.0,3.0,13037.8,929.476,both,1784.590000000002,1.1368781542898343
9,2,5,14799.338,8,1,4,1.0,4.0,13132.3,929.203,both,1667.0380000000005,1.1269418152189639
9,2,6,4320.75,8,1,5,1.0,5.0,3786.4,248.395,both,534.3499999999999,1.1411234946122966
9,2,7,986.6209,8,1,6,1.0,6.0,815.28,64.0992,both,171.34090000000003,1.2101620302227456
9,2,8,42.538,8,1,7,1.0,7.0,103.487,32.4144,both,-60.949,0.4110467981485597
9,2,9,0.0,8,1,8,1.0,8.0,0.0,0.0,both,0.0,
9,2,10,0.0,8,1,9,1.0,9.0,0.0,0.0,both,0.0,
9,2,11,0.0,8,1,10,1.0,10.0,0.0,0.0,both,0.0,
9,3,1,30551.809999999998,8,2,0,2.0,0.0,24728.4,1439.67,both,5823.409999999996,1.2354948156775205
9,3,2,24235.633,8,2,1,2.0,1.0,20387.6,981.884,both,3848.033000000003,1.1887437952480921
9,3,3,20230.023,8,2,2,2.0,2.0,17012.9,608.178,both,3217.1229999999996,1.1890990366133933
9,3,4,17055.477,8,2,3,2.0,3.0,14650.6,463.438,both,2404.8769999999986,1.1641487038073526
9,3,5,24245.403000000002,8,2,4,2.0,4.0,20883.4,743.052,both,3362.0030000000006,1.1609892546232894
9,3,6,12646.141,8,2,5,2.0,5.0,10717.3,430.036,both,1928.8410000000003,1.1799745271663573
9,3,7,5825.327,8,2,6,2.0,6.0,4920.95,239.7,both,904.3770000000004,1.1837809772503278
9,3,8,3292.0730000000003,8,2,7,2.0,7.0,2767.43,137.873,both,524.6430000000005,1.1895776948287764
9,3,9,758.3901000000001,8,2,8,2.0,8.0,681.36,41.652,both,77.03010000000006,1.1130534519196902
9,3,10,21.7908,8,2,9,2.0,9.0,127.595,24.6333,both,-105.8042,0.1707809867157804
9,3,11,0.0,8,2,10,2.0,10.0,0.0,0.0,both,0.0,
9,4,1,21707.003,8,3,0,3.0,0.0,18135.1,929.849,both,3571.903000000002,1.1969607556616728
9,4,2,15236.366,8,3,1,3.0,1.0,12864.8,677.126,both,2371.5660000000007,1.1843453454387165
9,4,3,12903.799,8,3,2,3.0,2.0,10848.2,511.174,both,2055.599,1.189487564757287
9,4,4,11491.759399999999,8,3,3,3.0,3.0,9617.99,396.019,both,1873.7693999999992,1.1948192293816067
9,4,5,18505.545,8,3,4,3.0,4.0,15717.1,457.542,both,2788.444999999998,1.1774147266353205
9,4,6,12469.214,8,3,5,3.0,5.0,10580.9,355.492,both,1888.3140000000003,1.178464402839078
9,4,7,7464.0969000000005,8,3,6,3.0,6.0,6288.21,211.298,both,1175.8869000000004,1.1869986689375833
9,4,8,5620.564,8,3,7,3.0,7.0,4772.96,121.33,both,847.6040000000003,1.1775845596862324
9,4,9,2142.8559,8,3,8,3.0,8.0,1860.07,72.5802,both,282.7859000000001,1.1520297085593554
9,4,10,788.905,8,3,9,3.0,9.0,668.106,53.7826,both,120.79899999999998,1.1808081352360253
9,4,11,115.02879999999999,8,3,10,3.0,10.0,124.284,21.8678,both,-9.255200000000016,0.9255318464162723
9,5,1,15171.922,8,4,0,4.0,0.0,12987.5,593.62,both,2184.4220000000005,1.1681941867179981
9,5,2,9836.119,8,4,1,4.0,1.0,8267.58,411.301,both,1568.5390000000007,1.1897216597843625
9,5,3,7659.7957,8,4,2,4.0,2.0,6522.31,298.754,both,1137.4856999999993,1.1743992082559704
9,5,4,6951.605799999999,8,4,3,4.0,3.0,5887.58,295.411,both,1064.0257999999994,1.1807237948359086
9,5,5,11639.995799999999,8,4,4,4.0,4.0,9900.97,339.879,both,1739.0257999999994,1.1756419623531835
9,5,6,8926.1261,8,4,5,4.0,5.0,7595.87,263.801,both,1330.2560999999996,1.175128866081173
9,5,7,6440.4165,8,4,6,4.0,6.0,5565.16,187.665,both,875.2565000000004,1.157274274234703
9,5,8,5584.7999,8,4,7,4.0,7.0,4706.96,171.634,both,877.8399,1.186498270646022
9,5,9,2297.939,8,4,8,4.0,8.0,1978.17,88.7909,both,319.7689999999998,1.1616488977185984
9,5,10,917.9296999999999,8,4,9,4.0,9.0,777.817,38.5744,both,140.1126999999999,1.1801358160081354
9,5,11,149.6467,8,4,10,4.0,10.0,156.613,26.6334,both,-6.96629999999999,0.9555190182168786
9,6,1,11295.635,8,5,0,5.0,0.0,9530.13,372.975,both,1765.505000000001,1.185255080465849
9,6,2,7274.219,8,5,1,5.0,1.0,6244.2,215.91,both,1030.0190000000002,1.1649561192786906
9,6,3,5287.7209,8,5,2,5.0,2.0,4438.23,179.767,both,849.4909000000007,1.1914030818592098
9,6,4,4435.7061,8,5,3,5.0,3.0,3745.71,187.497,both,689.9961000000003,1.1842096958921007
9,6,5,7236.165999999999,8,5,4,5.0,4.0,6205.26,299.733,both,1030.905999999999,1.166134215165843
9,6,6,5377.9101,8,5,5,5.0,5.0,4609.88,176.226,both,768.0301,1.1666052261664077
9,6,7,3573.0815,8,5,6,5.0,6.0,3130.28,156.319,both,442.8014999999996,1.141457473452854
9,6,8,2805.638,8,5,7,5.0,7.0,2419.64,98.1131,both,385.99800000000005,1.1595270370798962
9,6,9,962.688,8,5,8,5.0,8.0,815.52,73.2537,both,147.168,1.1804590935844614
9,6,10,299.59680000000003,8,5,9,5.0,9.0,261.736,20.5555,both,37.86080000000004,1.1446526270746098
9,6,11,0.0,8,5,10,5.0,10.0,0.0,0.0,both,0.0,
9,7,1,6654.702,8,6,0,6.0,0.0,5665.92,340.905,both,988.7820000000002,1.1745139359539138
9,7,2,3867.355,8,6,1,6.0,1.0,3315.07,208.754,both,552.2849999999999,1.1665982920420985
9,7,3,2427.8689,8,6,2,6.0,2.0,2082.81,126.474,both,345.0589,1.1656698882759349
9,7,4,1647.4444,8,6,3,6.0,3.0,1428.22,76.3913,both,219.22440000000006,1.1534948397305738
9,7,5,2042.9736,8,6,4,6.0,4.0,1728.25,97.4261,both,314.72360000000003,1.1821053667004195
9,7,6,1014.0015,8,6,5,6.0,5.0,836.2,60.5557,both,177.80149999999992,1.2126303515905286
9,7,7,389.1064,8,6,6,6.0,6.0,328.547,40.1921,both,60.55939999999998,1.184324921548515
9,7,8,187.5751,8,6,7,6.0,7.0,184.399,39.8322,both,3.176099999999991,1.0172240630372182
9,7,9,0.0,8,6,8,6.0,8.0,0.0,0.0,both,0.0,
9,7,10,0.0,8,6,9,6.0,9.0,0.0,0.0,both,0.0,
9,7,11,0.0,8,6,10,6.0,10.0,0.0,0.0,both,0.0,
9,8,1,190.41039999999998,8,7,0,7.0,0.0,181.923,32.7971,both,8.48739999999998,1.0466538040819466
9,8,2,15.4726,8,7,1,7.0,1.0,79.0741,21.8679,both,-63.6015,0.19567216066954918
9,8,3,10.2584,8,7,2,7.0,2.0,0.0,0.0,both,10.2584,
9,8,4,0.0,8,7,3,7.0,3.0,0.0,0.0,both,0.0,
9,8,5,0.0,8,7,4,7.0,4.0,0.0,0.0,both,0.0,
9,8,6,0.0,8,7,5,7.0,5.0,0.0,0.0,both,0.0,
9,8,7,0.0,8,7,6,7.0,6.0,0.0,0.0,both,0.0,
9,8,8,0.0,8,7,7,7.0,7.0,0.0,0.0,both,0.0,
9,8,9,0.0,8,7,8,7.0,8.0,0.0,0.0,both,0.0,
9,8,10,0.0,8,7,9,7.0,9.0,0.0,0.0,both,0.0,
9,8,11,0.0,8,7,10,7.0,10.0,0.0,0.0,both,0.0,
10,1,1,0.0,8,0,0,0.0,0.0,-106.425,82.6425,both,106.425,-0.0
10,1,2,0.0,8,0,1,0.0,1.0,34.4805,28.6649,both,-34.4805,0.0
10,1,3,11.4315,8,0,2,0.0,2.0,0.0,0.0,both,11.4315,
10,1,4,0.0,8,0,3,0.0,3.0,0.0,0.0,both,0.0,
10,1,5,0.0,8,0,4,0.0,4.0,0.0,0.0,both,0.0,
10,1,6,0.0,8,0,5,0.0,5.0,0.0,0.0,both,0.0,
10,1,7,0.0,8,0,6,0.0,6.0,0.0,0.0,both,0.0,
10,1,8,0.0,8,0,7,0.0,7.0,0.0,0.0,both,0.0,
10,1,9,0.0,8,0,8,0.0,8.0,0.0,0.0,both,0.0,
10,1,10,0.0,8,0,9,0.0,9.0,0.0,0.0,both,0.0,
10,1,11,0.0,8,0,10,0.0,10.0,0.0,0.0,both,0.0,
10,2,1,11804.974,8,1,0,1.0,0.0,11594.8,2518.09,both,210.1740000000009,1.01812657398144
10,2,2,6334.631,8,1,1,1.0,1.0,5717.82,888.552,both,616.8110000000006,1.107875204186211
10,2,3,4557.453,8,1,2,1.0,2.0,4069.23,505.601,both,488.2230000000004,1.1199792098259378
10,2,4,3569.5232,8,1,3,1.0,3.0,3124.65,289.74,both,444.8732,1.1423753700414447
10,2,5,2779.2870000000003,8,1,4,1.0,4.0,2415.94,179.87,both,363.3470000000002,1.1503957051913543
10,2,6,458.3636,8,1,5,1.0,5.0,412.651,68.327,both,45.71260000000001,1.1107778728271591
10,2,7,0.0,8,1,6,1.0,6.0,0.0,0.0,both,0.0,
10,2,8,0.0,8,1,7,1.0,7.0,0.0,0.0,both,0.0,
10,2,9,0.0,8,1,8,1.0,8.0,0.0,0.0,both,0.0,
10,2,10,0.0,8,1,9,1.0,9.0,0.0,0.0,both,0.0,
10,2,11,0.0,8,1,10,1.0,10.0,0.0,0.0,both,0.0,
10,3,1,18440.28,8,2,0,2.0,0.0,16477.2,1631.87,both,1963.079999999998,1.119139174131527
10,3,2,12625.342,8,2,1,2.0,1.0,10860.2,711.302,both,1765.1419999999998,1.1625331025211323
10,3,3,8359.022,8,2,2,2.0,2.0,7186.54,417.604,both,1172.4820000000009,1.1631497215628106
10,3,4,6607.204,8,2,3,2.0,3.0,5640.43,250.538,both,966.7739999999994,1.1714007619986417
10,3,5,8754.642,8,2,4,2.0,4.0,7541.85,332.98,both,1212.7919999999995,1.1608082897432326
10,3,6,3930.4442,8,2,5,2.0,5.0,3391.06,177.495,both,539.3842,1.159060647703078
10,3,7,1393.398,8,2,6,2.0,6.0,1178.38,56.109,both,215.0179999999998,1.182469152565386
10,3,8,460.8913,8,2,7,2.0,7.0,396.988,43.7855,both,63.9033,1.1609703567866032
10,3,9,0.0,8,2,8,2.0,8.0,0.0,0.0,both,0.0,
10,3,10,0.0,8,2,9,2.0,9.0,0.0,0.0,both,0.0,
10,3,11,0.0,8,2,10,2.0,10.0,0.0,0.0,both,0.0,
10,4,1,16686.02,8,3,0,3.0,0.0,14214.5,541.142,both,2471.5200000000004,1.1738731576910901
10,4,2,10243.32,8,3,1,3.0,1.0,8602.97,380.07,both,1640.3500000000004,1.1906725235587245
10,4,3,7716.572,8,3,2,3.0,2.0,6435.42,297.916,both,1281.152,1.199078226440543
10,4,4,5749.457,8,3,3,3.0,3.0,4885.69,246.603,both,863.7670000000007,1.1767952940116955
10,4,5,8194.48,8,3,4,3.0,4.0,7004.7,181.944,both,1189.7799999999997,1.1698545262466629
10,4,6,4833.0740000000005,8,3,5,3.0,5.0,4119.82,127.917,both,713.2540000000008,1.1731274667339837
10,4,7,2463.4487,8,3,6,3.0,6.0,2082.05,131.3,both,381.39869999999974,1.1831842174779663
10,4,8,1196.8020999999999,8,3,7,3.0,7.0,1054.13,64.4211,both,142.67209999999977,1.135345830210695
10,4,9,145.5807,8,3,8,3.0,8.0,161.581,35.3237,both,-16.00029999999998,0.9009765999715315
10,4,10,0.0,8,3,9,3.0,9.0,0.0,0.0,both,0.0,
10,4,11,0.0,8,3,10,3.0,10.0,0.0,0.0,both,0.0,
10,5,1,13174.768,8,4,0,4.0,0.0,11121.3,391.58,both,2053.4680000000008,1.1846428025500617
10,5,2,7578.832,8,4,1,4.0,1.0,6514.25,245.975,both,1064.5820000000003,1.1634235714011592
10,5,3,5553.594,8,4,2,4.0,2.0,4636.55,184.783,both,917.0439999999999,1.1977858537058803
10,5,4,4030.8706,8,4,3,4.0,3.0,3333.16,273.901,both,697.7106000000003,1.2093240648513723
10,5,5,6179.42,8,4,4,4.0,4.0,5178.71,246.889,both,1000.71,1.1932353810118737
10,5,6,3822.348,8,4,5,4.0,5.0,3257.8,139.888,both,564.5479999999998,1.1732911780956472
10,5,7,1951.5773,8,4,6,4.0,6.0,1678.15,82.1572,both,273.42729999999983,1.1629337663498494
10,5,8,867.5147999999999,8,4,7,4.0,7.0,775.406,30.6371,both,92.10879999999997,1.1187878350180422
10,5,9,83.75551,8,4,8,4.0,8.0,70.5544,15.4354,both,13.20111,1.1871054108602723
10,5,10,0.0,8,4,9,4.0,9.0,0.0,0.0,both,0.0,
10,5,11,0.0,8,4,10,4.0,10.0,0.0,0.0,both,0.0,
10,6,1,8885.118,8,5,0,5.0,0.0,7624.29,295.813,both,1260.8280000000004,1.165369890179938
10,6,2,5256.488,8,5,1,5.0,1.0,4492.13,202.659,both,764.3580000000002,1.1701549153742212
10,6,3,3290.7801,8,5,2,5.0,2.0,2837.94,121.66,both,452.8400999999999,1.159566481320958
10,6,4,2233.5965,8,5,3,5.0,3.0,1944.74,86.2961,both,288.8565000000001,1.1485321945350022
10,6,5,2577.1391,8,5,4,5.0,4.0,2196.85,111.852,both,380.28909999999996,1.1731065389079818
10,6,6,1205.3806,8,5,5,5.0,5.0,1036.37,47.0598,both,169.01060000000007,1.163079402144022
10,6,7,391.2437,8,5,6,5.0,6.0,355.709,21.7759,both,35.53469999999999,1.099898231419503
10,6,8,67.14410000000001,8,5,7,5.0,7.0,96.8891,16.8959,both,-29.74499999999999,0.6929995221340688
10,6,9,0.0,8,5,8,5.0,8.0,0.0,0.0,both,0.0,
10,6,10,0.0,8,5,9,5.0,9.0,0.0,0.0,both,0.0,
10,6,11,0.0,8,5,10,5.0,10.0,0.0,0.0,both,0.0,
10,7,1,1866.6009999999999,8,6,0,6.0,0.0,1554.1,116.244,both,312.501,1.2010816549771572
10,7,2,829.9132999999999,8,6,1,6.0,1.0,707.543,49.7405,both,122.37029999999993,1.1729510432581483
10,7,3,336.4226,8,6,2,6.0,2.0,297.116,33.2374,both,39.3066,1.1322937842458838
10,7,4,141.13002,8,6,3,6.0,3.0,143.583,36.0856,both,-2.4529799999999966,0.9829159440880885
10,7,5,58.4319,8,6,4,6.0,4.0,71.499,17.1993,both,-13.067099999999996,0.8172408005706374
10,7,6,0.0,8,6,5,6.0,5.0,0.0,0.0,both,0.0,
10,7,7,0.0,8,6,6,6.0,6.0,0.0,0.0,both,0.0,
10,7,8,0.0,8,6,7,6.0,7.0,0.0,0.0,both,0.0,
10,7,9,0.0,8,6,8,6.0,8.0,0.0,0.0,both,0.0,
10,7,10,0.0,8,6,9,6.0,9.0,0.0,0.0,both,0.0,
10,7,11,0.0,8,6,10,6.0,10.0,0.0,0.0,both,0.0,
10,8,1,0.0,8,7,0,7.0,0.0,0.0,0.0,both,0.0,
10,8,2,0.0,8,7,1,7.0,1.0,0.0,0.0,both,0.0,
10,8,3,0.0,8,7,2,7.0,2.0,0.0,0.0,both,0.0,
10,8,4,0.0,8,7,3,7.0,3.0,0.0,0.0,both,0.0,
10,8,5,0.0,8,7,4,7.0,4.0,0.0,0.0,both,0.0,
10,8,6,0.0,8,7,5,7.0,5.0,0.0,0.0,both,0.0,
10,8,7,0.0,8,7,6,7.0,6.0,0.0,0.0,both,0.0,
10,8,8,0.0,8,7,7,7.0,7.0,0.0,0.0,both,0.0,
10,8,9,0.0,8,7,8,7.0,8.0,0.0,0.0,both,0.0,
10,8,10,0.0,8,7,9,7.0,9.0,0.0,0.0,both,0.0,
10,8,11,0.0,8,7,10,7.0,10.0,0.0,0.0,both,0.0,
11,1,1,0.0,8,0,0,0.0,0.0,0.0,0.0,both,0.0,
11,1,2,0.0,8,0,1,0.0,1.0,0.0,0.0,both,0.0,
11,1,3,0.0,8,0,2,0.0,2.0,0.0,0.0,both,0.0,
11,1,4,0.0,8,0,3,0.0,3.0,0.0,0.0,both,0.0,
11,1,5,0.0,8,0,4,0.0,4.0,0.0,0.0,both,0.0,
11,1,6,0.0,8,0,5,0.0,5.0,0.0,0.0,both,0.0,
11,1,7,0.0,8,0,6,0.0,6.0,0.0,0.0,both,0.0,
11,1,8,0.0,8,0,7,0.0,7.0,0.0,0.0,both,0.0,
11,1,9,0.0,8,0,8,0.0,8.0,0.0,0.0,both,0.0,
11,1,10,0.0,8,0,9,0.0,9.0,0.0,0.0,both,0.0,
11,1,11,0.0,8,0,10,0.0,10.0,0.0,0.0,both,0.0,
11,2,1,4410.092000000001,8,1,0,1.0,0.0,4503.17,1142.63,both,-93.07799999999952,0.9793305604718455
11,2,2,1967.6254000000001,8,1,1,1.0,1.0,1644.61,262.277,both,323.0154000000002,1.1964085102243087
11,2,3,1375.1404,8,1,2,1.0,2.0,1181.33,147.016,both,193.81040000000007,1.1640611852742249
11,2,4,993.4157,8,1,3,1.0,3.0,890.279,94.2116,both,103.13670000000002,1.1158476163090447
11,2,5,719.6467,8,1,4,1.0,4.0,664.356,70.8439,both,55.290700000000015,1.0832245061382753
11,2,6,0.0,8,1,5,1.0,5.0,0.0,0.0,both,0.0,
11,2,7,0.0,8,1,6,1.0,6.0,0.0,0.0,both,0.0,
11,2,8,0.0,8,1,7,1.0,7.0,0.0,0.0,both,0.0,
11,2,9,0.0,8,1,8,1.0,8.0,0.0,0.0,both,0.0,
11,2,10,0.0,8,1,9,1.0,9.0,0.0,0.0,both,0.0,
11,2,11,0.0,8,1,10,1.0,10.0,0.0,0.0,both,0.0,
11,3,1,17783.77,8,2,0,2.0,0.0,16482.9,2498.65,both,1300.869999999999,1.0789223983643654
11,3,2,8937.243,8,2,1,2.0,1.0,7674.06,635.365,both,1263.183,1.1646042642356198
11,3,3,5194.035,8,2,2,2.0,2.0,4534.92,374.242,both,659.1149999999998,1.145342144955148
11,3,4,4354.1931,8,2,3,2.0,3.0,3769.54,288.457,both,584.6531000000004,1.155099322463749
11,3,5,5281.606,8,2,4,2.0,4.0,4588.98,260.968,both,692.6260000000002,1.150932451220097
11,3,6,1491.9897,8,2,5,2.0,5.0,1280.58,103.96,both,211.40970000000016,1.165089022161833
11,3,7,240.1925,8,2,6,2.0,6.0,249.016,44.6652,both,-8.823499999999996,0.9645665338773413
11,3,8,0.0,8,2,7,2.0,7.0,51.7326,34.245,both,-51.7326,0.0
11,3,9,0.0,8,2,8,2.0,8.0,0.0,0.0,both,0.0,
11,3,10,0.0,8,2,9,2.0,9.0,0.0,0.0,both,0.0,
11,3,11,0.0,8,2,10,2.0,10.0,0.0,0.0,both,0.0,
11,4,1,20612.86,8,3,0,3.0,0.0,18660.4,940.84,both,1952.4599999999991,1.1046311976163425
11,4,2,9703.763,8,3,1,3.0,1.0,8231.23,365.358,both,1472.5330000000013,1.178895863680155
11,4,3,5880.162,8,3,2,3.0,2.0,4927.95,245.002,both,952.2120000000004,1.1932267981615075
11,4,4,3794.3140000000003,8,3,3,3.0,3.0,3250.27,179.835,both,544.0440000000003,1.167384248077852
11,4,5,4625.5657,8,3,4,3.0,4.0,3926.91,150.842,both,698.6557000000003,1.1779148745451258
11,4,6,1853.3679,8,3,5,3.0,5.0,1642.03,107.329,both,211.3379,1.128705261170624
11,4,7,429.7809,8,3,6,3.0,6.0,401.461,37.4161,both,28.31989999999996,1.0705420949980196
11,4,8,23.5494,8,3,7,3.0,7.0,53.7327,18.6796,both,-30.183300000000003,0.4382694336967991
11,4,9,0.0,8,3,8,3.0,8.0,0.0,0.0,both,0.0,
11,4,10,0.0,8,3,9,3.0,9.0,0.0,0.0,both,0.0,
11,4,11,0.0,8,3,10,3.0,10.0,0.0,0.0,both,0.0,
11,5,1,17056.77,8,4,0,4.0,0.0,14664.8,562.45,both,2391.970000000001,1.1631096230429327
11,5,2,7781.288,8,4,1,4.0,1.0,6558.57,359.2,both,1222.7179999999998,1.186430578616985
11,5,3,3958.9790000000003,8,4,2,4.0,2.0,3320.08,158.041,both,638.8990000000003,1.1924348208476905
11,5,4,2065.8406,8,4,3,4.0,3.0,1746.91,119.545,both,318.9305999999999,1.1825684208116045
11,5,5,2079.324,8,4,4,4.0,4.0,1770.41,124.311,both,308.914,1.1744872656616263
11,5,6,583.3929,8,4,5,4.0,5.0,564.699,51.6711,both,18.6939000000001,1.0331041847072513
11,5,7,112.4991,8,4,6,4.0,6.0,119.84,33.0741,both,-7.340900000000005,0.9387441588785046
11,5,8,0.0,8,4,7,4.0,7.0,0.0,0.0,both,0.0,
11,5,9,0.0,8,4,8,4.0,8.0,0.0,0.0,both,0.0,
11,5,10,0.0,8,4,9,4.0,9.0,0.0,0.0,both,0.0,
11,5,11,0.0,8,4,10,4.0,10.0,0.0,0.0,both,0.0,
11,6,1,5006.8099999999995,8,5,0,5.0,0.0,4260.17,177.001,both,746.6399999999994,1.1752606116657316
11,6,2,2209.9101,8,5,1,5.0,1.0,1788.58,118.46,both,421.33010000000013,1.23556681836988
11,6,3,992.2717,8,5,2,5.0,2.0,859.643,72.234,both,132.62869999999998,1.1542834641822244
11,6,4,345.706,8,5,3,5.0,3.0,304.37,44.5913,both,41.33600000000001,1.135808391102934
11,6,5,239.7389,8,5,4,5.0,4.0,209.378,31.7936,both,30.360900000000015,1.1450052058955573
11,6,6,0.0,8,5,5,5.0,5.0,0.0,0.0,both,0.0,
11,6,7,0.0,8,5,6,5.0,6.0,0.0,0.0,both,0.0,
11,6,8,0.0,8,5,7,5.0,7.0,0.0,0.0,both,0.0,
11,6,9,0.0,8,5,8,5.0,8.0,0.0,0.0,both,0.0,
11,6,10,0.0,8,5,9,5.0,9.0,0.0,0.0,both,0.0,
11,6,11,0.0,8,5,10,5.0,10.0,0.0,0.0,both,0.0,
11,7,1,34.8186,8,6,0,6.0,0.0,81.2146,23.8314,both,-46.396,0.4287234068751185
11,7,2,0.0,8,6,1,6.0,1.0,0.0,0.0,both,0.0,
11,7,3,0.0,8,6,2,6.0,2.0,0.0,0.0,both,0.0,
11,7,4,0.0,8,6,3,6.0,3.0,0.0,0.0,both,0.0,
11,7,5,0.0,8,6,4,6.0,4.0,0.0,0.0,both,0.0,
11,7,6,0.0,8,6,5,6.0,5.0,0.0,0.0,both,0.0,
11,7,7,0.0,8,6,6,6.0,6.0,0.0,0.0,both,0.0,
11,7,8,0.0,8,6,7,6.0,7.0,0.0,0.0,both,0.0,
11,7,9,0.0,8,6,8,6.0,8.0,0.0,0.0,both,0.0,
11,7,10,0.0,8,6,9,6.0,9.0,0.0,0.0,both,0.0,
11,7,11,0.0,8,6,10,6.0,10.0,0.0,0.0,both,0.0,
11,8,1,0.0,8,7,0,7.0,0.0,0.0,0.0,both,0.0,
11,8,2,0.0,8,7,1,7.0,1.0,0.0,0.0,both,0.0,
11,8,3,0.0,8,7,2,7.0,2.0,0.0,0.0,both,0.0,
11,8,4,0.0,8,7,3,7.0,3.0,0.0,0.0,both,0.0,
11,8,5,0.0,8,7,4,7.0,4.0,0.0,0.0,both,0.0,
11,8,6,0.0,8,7,5,7.0,5.0,0.0,0.0,both,0.0,
11,8,7,0.0,8,7,6,7.0,6.0,0.0,0.0,both,0.0,
11,8,8,0.0,8,7,7,7.0,7.0,0.0,0.0,both,0.0,
11,8,9,0.0,8,7,8,7.0,8.0,0.0,0.0,both,0.0,
11,8,10,0.0,8,7,9,7.0,9.0,0.0,0.0,both,0.0,
11,8,11,0.0,8,7,10,7.0,10.0,0.0,0.0,both,0.0,
12,1,1,16576.93,8,0,0,0.0,0.0,15324.7,5111.65,both,1252.2299999999996,1.0817131819872494
12,1,2,18903.511000000002,8,0,1,0.0,1.0,16154.3,3618.06,both,2749.211000000003,1.1701844710077196
12,1,3,15941.941,8,0,2,0.0,2.0,14732.6,2171.59,both,1209.3410000000003,1.0820860540569892
12,1,4,9271.202000000001,8,0,3,0.0,3.0,8494.96,1052.51,both,776.242000000002,1.0913767692843759
12,1,5,5945.670999999999,8,0,4,0.0,4.0,5348.26,576.126,both,597.4109999999991,1.1117019367046477
12,1,6,85.52590000000001,8,0,5,0.0,5.0,143.452,35.2539,both,-57.92609999999999,0.5961987284945488
12,1,7,0.0,8,0,6,0.0,6.0,0.0,0.0,both,0.0,
12,1,8,0.0,8,0,7,0.0,7.0,0.0,0.0,both,0.0,
12,1,9,0.0,8,0,8,0.0,8.0,0.0,0.0,both,0.0,
12,1,10,0.0,8,0,9,0.0,9.0,0.0,0.0,both,0.0,
12,1,11,0.0,8,0,10,0.0,10.0,0.0,0.0,both,0.0,
12,2,1,27648.861,8,1,0,1.0,0.0,-21990.3,3920.07,both,49639.161,-1.257320773250024
12,2,2,29541.679,8,1,1,1.0,1.0,-23886.2,2343.28,both,53427.879,-1.2367676315194547
12,2,3,29712.811,8,1,2,1.0,2.0,25240.9,1513.71,both,4471.911,1.1771692372300513
12,2,4,25936.507,8,1,3,1.0,3.0,22350.9,1092.44,both,3585.607,1.1604233833984314
12,2,5,35302.549999999996,8,1,4,1.0,4.0,30201.1,1199.55,both,5101.449999999997,1.1689160328597301
12,2,6,16920.413,8,1,5,1.0,5.0,14522.2,690.045,both,2398.2129999999997,1.1651411631846413
12,2,7,6256.832,8,1,6,1.0,6.0,5345.91,345.155,both,910.9220000000005,1.1703960597915042
12,2,8,2531.671,8,1,7,1.0,7.0,2124.82,140.783,both,406.85099999999966,1.191475513219943
12,2,9,208.32921,8,1,8,1.0,8.0,197.849,39.4804,both,10.48021,1.0529707504207755
12,2,10,0.0,8,1,9,1.0,9.0,0.0,0.0,both,0.0,
12,2,11,0.0,8,1,10,1.0,10.0,0.0,0.0,both,0.0,
12,3,1,14455.646,8,2,0,2.0,0.0,0.0,0.0,both,14455.646,
12,3,2,15958.037999999999,8,2,1,2.0,1.0,12785.9,1207.78,both,3172.137999999999,1.2480965751335455
12,3,3,16099.4158,8,2,2,2.0,2.0,13300.1,751.82,both,2799.3158000000003,1.2104732896745138
12,3,4,15386.7138,8,2,3,2.0,3.0,12962.7,621.478,both,2424.013799999999,1.186999143696915
12,3,5,26074.51,8,2,4,2.0,4.0,21985.8,851.275,both,4088.709999999999,1.1859704900435735
12,3,6,17793.84,8,2,5,2.0,5.0,15318.8,694.754,both,2475.040000000001,1.161568791289135
12,3,7,11189.612000000001,8,2,6,2.0,6.0,9529.3,355.726,both,1660.3120000000017,1.1742323150703622
12,3,8,8902.748,8,2,7,2.0,7.0,7567.82,261.691,both,1334.9279999999999,1.1763953159562464
12,3,9,3721.717,8,2,8,2.0,8.0,3168.06,122.408,both,553.6570000000002,1.1747621572823748
12,3,10,1353.8422,8,2,9,2.0,9.0,1133.91,69.5047,both,219.93219999999997,1.1939591325590213
12,3,11,214.55360000000002,8,2,10,2.0,10.0,201.806,46.7798,both,12.747600000000006,1.063167596602678
12,4,1,8042.032999999999,8,3,0,3.0,0.0,6425.54,446.212,both,1616.4929999999995,1.2515730973583543
12,4,2,8519.0394,8,3,1,3.0,1.0,7280.11,351.085,both,1238.9294,1.1701800384884293
12,4,3,8337.21551,8,3,2,3.0,2.0,7023.61,298.327,both,1313.6055100000003,1.1870271142617543
12,4,4,8108.688,8,3,3,3.0,3.0,6860.6,271.035,both,1248.0879999999997,1.1819211147713027
12,4,5,13988.07567,8,3,4,3.0,4.0,11911.2,525.423,both,2076.8756699999994,1.174363260628652
12,4,6,11297.1014,8,3,5,3.0,5.0,9489.66,387.281,both,1807.4413999999997,1.190464294821943
12,4,7,8135.2575,8,3,6,3.0,6.0,6973.37,275.113,both,1161.8874999999998,1.166617790250625
12,4,8,7670.0184,8,3,7,3.0,7.0,6532.47,250.669,both,1137.5483999999997,1.174137562055394
12,4,9,4320.7301,8,3,8,3.0,8.0,3645.99,137.353,both,674.7401,1.1850636178376792
12,4,10,2625.1663,8,3,9,3.0,9.0,2208.74,119.228,both,416.4263000000001,1.1885356809764844
12,4,11,1417.5281,8,3,10,3.0,10.0,1236.11,79.0012,both,181.4181000000001,1.14676533641828
12,5,1,5632.959,8,4,0,4.0,0.0,4545.45,245.28,both,1087.509,1.2392522192522193
12,5,2,5108.869000000001,8,4,1,4.0,1.0,4413.98,328.201,both,694.889000000001,1.1574291229230764
12,5,3,4823.615,8,4,2,4.0,2.0,4128.63,266.679,both,694.9849999999997,1.1683330790116817
12,5,4,4601.9869,8,4,3,4.0,3.0,3849.83,251.531,both,752.1569,1.1953740554777743
12,5,5,8203.567,8,4,4,4.0,4.0,6834.38,334.133,both,1369.186999999999,1.20033814332829
12,5,6,6826.863,8,4,5,4.0,5.0,5737.12,173.695,both,1089.7430000000004,1.1899460007808798
12,5,7,5553.239,8,4,6,4.0,6.0,4668.02,207.634,both,885.2189999999991,1.1896347916247143
12,5,8,5559.039,8,4,7,4.0,7.0,4769.03,133.996,both,790.009,1.1656540218870504
12,5,9,3380.7111,8,4,8,4.0,8.0,2963.41,155.259,both,417.30110000000013,1.1408178753530562
12,5,10,2465.0297,8,4,9,4.0,9.0,2119.98,111.45,both,345.04970000000003,1.162760827932339
12,5,11,1558.3567,8,4,10,4.0,10.0,1363.4,66.6104,both,194.95669999999996,1.1429930321255684
12,6,1,3955.964,8,5,0,5.0,0.0,3291.03,287.523,both,664.9339999999997,1.2020443447795979
12,6,2,3379.3009,8,5,1,5.0,1.0,2886.62,148.035,both,492.6809000000003,1.170677435893883
12,6,3,3043.2387999999996,8,5,2,5.0,2.0,2542.6,169.499,both,500.6387999999997,1.1969003382364507
12,6,4,2967.7153,8,5,3,5.0,3.0,2508.47,138.345,both,459.24530000000004,1.1830778522366223
12,6,5,4918.6215999999995,8,5,4,5.0,4.0,4274.23,256.099,both,644.3915999999999,1.150762031991727
12,6,6,4223.5160000000005,8,5,5,5.0,5.0,3689.86,251.933,both,533.6560000000004,1.1446277094523913
12,6,7,3563.2180000000003,8,5,6,5.0,6.0,3043.76,204.32,both,519.4580000000001,1.1706632586012038
12,6,8,3901.141,8,5,7,5.0,7.0,3335.89,195.17,both,565.2510000000002,1.169445335427727
12,6,9,2395.093,8,5,8,5.0,8.0,2065.94,106.173,both,329.1529999999998,1.1593236008790186
12,6,10,1717.099,8,5,9,5.0,9.0,1415.23,113.389,both,301.8689999999999,1.2133003116101269
12,6,11,773.3234,8,5,10,5.0,10.0,667.208,78.5538,both,106.11540000000002,1.1590439563074784
12,7,1,2713.369,8,6,0,6.0,0.0,2375.25,265.058,both,338.11900000000014,1.142350910430481
12,7,2,2257.3202,8,6,1,6.0,1.0,1959.89,166.265,both,297.4302,1.1517586191061744
12,7,3,1985.9278,8,6,2,6.0,2.0,1745.22,156.743,both,240.7077999999999,1.1379240439600737
12,7,4,1873.8393999999998,8,6,3,6.0,3.0,1590.77,120.278,both,283.06939999999986,1.1779448946107858
12,7,5,3006.5575,8,6,4,6.0,4.0,2619.83,190.486,both,386.72749999999996,1.1476154941351155
12,7,6,2213.2523,8,6,5,6.0,5.0,1978.48,180.099,both,234.7723000000001,1.1186629634871215
12,7,7,1661.3395,8,6,6,6.0,6.0,1376.87,134.124,both,284.46950000000015,1.2066059250328645
12,7,8,1504.1686,8,6,7,6.0,7.0,1296.88,89.5118,both,207.28859999999986,1.1598363765344517
12,7,9,656.2167000000001,8,6,8,6.0,8.0,531.963,56.6379,both,124.2537000000001,1.2335758314018082
12,7,10,243.9111,8,6,9,6.0,9.0,225.868,26.6429,both,18.04310000000001,1.0798833832149752
12,7,11,0.0,8,6,10,6.0,10.0,0.0,0.0,both,0.0,
12,8,1,671.5113,8,7,0,7.0,0.0,578.935,89.6211,both,92.57630000000006,1.1599079343967804
12,8,2,515.7157,8,7,1,7.0,1.0,419.844,101.798,both,95.87169999999998,1.2283507683806365
12,8,3,305.9193,8,7,2,7.0,2.0,278.42,49.231,both,27.499300000000005,1.0987691257811938
12,8,4,259.34929999999997,8,7,3,7.0,3.0,243.87,53.3152,both,15.479299999999967,1.0634735719850739
12,8,5,267.3404,8,7,4,7.0,4.0,235.594,35.3589,both,31.746399999999994,1.1347504605380443
12,8,6,0.0,8,7,5,7.0,5.0,78.501,28.4605,both,-78.501,0.0
12,8,7,0.0,8,7,6,7.0,6.0,0.0,0.0,both,0.0,
12,8,8,0.0,8,7,7,7.0,7.0,0.0,0.0,both,0.0,
12,8,9,0.0,8,7,8,7.0,8.0,0.0,0.0,both,0.0,
12,8,10,0.0,8,7,9,7.0,9.0,0.0,0.0,both,0.0,
12,8,11,0.0,8,7,10,7.0,10.0,0.0,0.0,both,0.0,
13,1,1,7035.242,8,0,0,0.0,0.0,-7110.28,2426.84,both,14145.522,-0.989446547815276
13,1,2,6323.195000000001,8,0,1,0.0,1.0,5774.98,1425.11,both,548.215000000001,1.0949293330885996
13,1,3,4682.63,8,0,2,0.0,2.0,4311.99,671.924,both,370.6400000000003,1.0859556724389436
13,1,4,2408.647,8,0,3,0.0,3.0,2293.34,341.906,both,115.30699999999979,1.0502790689561947
13,1,5,828.4979000000001,8,0,4,0.0,4.0,779.326,112.608,both,49.17190000000005,1.0630954183486756
13,1,6,0.0,8,0,5,0.0,5.0,0.0,0.0,both,0.0,
13,1,7,0.0,8,0,6,0.0,6.0,0.0,0.0,both,0.0,
13,1,8,0.0,8,0,7,0.0,7.0,0.0,0.0,both,0.0,
13,1,9,0.0,8,0,8,0.0,8.0,0.0,0.0,both,0.0,
13,1,10,0.0,8,0,9,0.0,9.0,0.0,0.0,both,0.0,
13,1,11,0.0,8,0,10,0.0,10.0,0.0,0.0,both,0.0,
13,2,1,22919.73,8,1,0,1.0,0.0,-19343.4,3711.78,both,42263.130000000005,-1.1848863178138278
13,2,2,19810.459,8,1,1,1.0,1.0,16984.6,1837.18,both,2825.8590000000004,1.166377718639238
13,2,3,16980.114,8,1,2,1.0,2.0,15136.7,1153.58,both,1843.4140000000007,1.1217844047910046
13,2,4,13897.699,8,1,3,1.0,3.0,11700.1,757.918,both,2197.599,1.1878273689968462
13,2,5,15672.603,8,1,4,1.0,4.0,13847.6,894.681,both,1825.0029999999988,1.1317920072792396
13,2,6,5636.101,8,1,5,1.0,5.0,4956.71,304.697,both,679.3909999999996,1.1370649079732322
13,2,7,1601.714,8,1,6,1.0,6.0,1311.26,82.6629,both,290.45399999999995,1.2215075576163386
13,2,8,302.6496,8,1,7,1.0,7.0,298.397,49.2935,both,4.2526000000000295,1.0142514837615662
13,2,9,0.0,8,1,8,1.0,8.0,0.0,0.0,both,0.0,
13,2,10,0.0,8,1,9,1.0,9.0,0.0,0.0,both,0.0,
13,2,11,0.0,8,1,10,1.0,10.0,0.0,0.0,both,0.0,
13,3,1,16025.74,8,2,0,2.0,0.0,-12663.3,1427.16,both,28689.04,-1.2655263635861111
13,3,2,14349.987,8,2,1,2.0,1.0,11757.2,944.152,both,2592.7869999999984,1.2205275916034428
13,3,3,12247.747,8,2,2,2.0,2.0,10311.4,421.882,both,1936.3469999999998,1.1877870124328413
13,3,4,10902.5471,8,2,3,2.0,3.0,9311.0,388.051,both,1591.5470999999998,1.1709319192353131
13,3,5,16824.16,8,2,4,2.0,4.0,14301.4,586.26,both,2522.76,1.176399513334359
13,3,6,10037.405999999999,8,2,5,2.0,5.0,8436.74,366.642,both,1600.6659999999993,1.1897256523254243
13,3,7,5334.955,8,2,6,2.0,6.0,4464.7,218.681,both,870.2550000000001,1.1949190315138756
13,3,8,3325.518,8,2,7,2.0,7.0,2804.97,149.464,both,520.5480000000002,1.1855805944448605
13,3,9,1020.2307999999999,8,2,8,2.0,8.0,852.686,51.9045,both,167.5447999999999,1.196490619055549
13,3,10,199.318,8,2,9,2.0,9.0,202.92,44.4174,both,-3.6019999999999754,0.9822491622314213
13,3,11,0.0,8,2,10,2.0,10.0,0.0,0.0,both,0.0,
13,4,1,10729.704,8,3,0,3.0,0.0,8914.35,477.01,both,1815.3539999999994,1.2036440121826044
13,4,2,8355.979,8,3,1,3.0,1.0,6773.03,438.31,both,1582.9489999999996,1.2337135668969428
13,4,3,7321.0013,8,3,2,3.0,2.0,6128.28,348.587,both,1192.7213000000002,1.1946257840699186
13,4,4,6533.9047,8,3,3,3.0,3.0,5489.14,211.179,both,1044.7646999999997,1.190333039419654
13,4,5,10882.5965,8,3,4,3.0,4.0,9228.57,345.617,both,1654.0265,1.1792289054533909
13,4,6,7823.5583,8,3,5,3.0,5.0,6611.12,315.108,both,1212.4382999999998,1.1833937819915537
13,4,7,5224.0274,8,3,6,3.0,6.0,4437.59,165.558,both,786.4373999999998,1.1772217352211447
13,4,8,4206.7929,8,3,7,3.0,7.0,3520.43,138.392,both,686.3629000000005,1.1949656434015166
13,4,9,1884.8394,8,3,8,3.0,8.0,1581.73,106.89,both,303.10940000000005,1.19163156796672
13,4,10,846.838,8,3,9,3.0,9.0,758.079,56.8729,both,88.75900000000001,1.1170841033718122
13,4,11,231.2194,8,3,10,3.0,10.0,206.988,43.1713,both,24.231400000000008,1.1170666898564168
13,5,1,7418.746,8,4,0,4.0,0.0,6187.53,451.816,both,1231.2160000000003,1.1989834392722136
13,5,2,5243.8357,8,4,1,4.0,1.0,4498.33,282.904,both,745.5056999999997,1.165729437368979
13,5,3,4382.8488,8,4,2,4.0,2.0,3667.41,203.369,both,715.4387999999999,1.195080124665636
13,5,4,3716.9125,8,4,3,4.0,3.0,3185.85,205.694,both,531.0625,1.1666941318643376
13,5,5,6610.2746,8,4,4,4.0,4.0,5575.86,258.585,both,1034.4146,1.1855166019232908
13,5,6,5079.3374,8,4,5,4.0,5.0,4322.02,202.372,both,757.3173999999999,1.1752230207171646
13,5,7,3961.603,8,4,6,4.0,6.0,3312.5,133.809,both,649.1030000000001,1.1959556226415096
13,5,8,3637.3244999999997,8,4,7,4.0,7.0,3152.82,132.7,both,484.50449999999955,1.1536733781186366
13,5,9,1891.335,8,4,8,4.0,8.0,1642.29,65.1808,both,249.04500000000007,1.1516449591728624
13,5,10,962.6826,8,4,9,4.0,9.0,843.216,62.7434,both,119.46659999999997,1.141679711959925
13,5,11,227.3316,8,4,10,4.0,10.0,200.994,23.8187,both,26.33760000000001,1.1310367473655931
13,6,1,5251.993,8,5,0,5.0,0.0,4429.25,253.252,both,822.7430000000004,1.1857522153863522
13,6,2,3851.3782,8,5,1,5.0,1.0,3296.81,190.819,both,554.5682000000002,1.1682135761539185
13,6,3,2964.9733,8,5,2,5.0,2.0,2550.78,157.318,both,414.1932999999999,1.1623790762041415
13,6,4,2613.794,8,5,3,5.0,3.0,2212.47,185.077,both,401.32400000000007,1.1813918380814203
13,6,5,4165.141,8,5,4,5.0,4.0,3542.69,187.943,both,622.4509999999996,1.1757001035935968
13,6,6,3214.8474,8,5,5,5.0,5.0,2786.91,135.89,both,427.93740000000025,1.1535526443265123
13,6,7,2396.284,8,5,6,5.0,6.0,2057.26,127.46,both,339.0239999999999,1.1647939492334463
13,6,8,2098.6530000000002,8,5,7,5.0,7.0,1786.48,100.183,both,312.17300000000023,1.1747419506515608
13,6,9,850.155,8,5,8,5.0,8.0,715.849,57.928,both,134.30599999999993,1.1876177797272887
13,6,10,258.8816,8,5,9,5.0,9.0,231.308,50.2825,both,27.5736,1.1192072907119512
13,6,11,0.0,8,5,10,5.0,10.0,0.0,0.0,both,0.0,
13,7,1,3372.04,8,6,0,6.0,0.0,2970.67,254.128,both,401.3699999999999,1.1351109345703156
13,7,2,2307.3078,8,6,1,6.0,1.0,2004.49,187.132,both,302.81780000000003,1.1510697484148087
13,7,3,1584.6599,8,6,2,6.0,2.0,1404.58,82.6943,both,180.07990000000018,1.1282090731748995
13,7,4,1167.3455999999999,8,6,3,6.0,3.0,1021.07,68.2349,both,146.27559999999983,1.1432571713986306
13,7,5,1604.3052,8,6,4,6.0,4.0,1379.07,82.0175,both,225.23520000000008,1.1633239792033763
13,7,6,809.3912,8,6,5,6.0,5.0,680.75,72.6736,both,128.64120000000003,1.1889698127065738
13,7,7,392.6847,8,6,6,6.0,6.0,352.604,51.2114,both,40.080700000000036,1.1136705766242017
13,7,8,217.3256,8,6,7,6.0,7.0,186.741,29.0072,both,30.584599999999995,1.1637808515537562
13,7,9,0.0,8,6,8,6.0,8.0,33.0641,14.7808,both,-33.0641,0.0
13,7,10,0.0,8,6,9,6.0,9.0,0.0,0.0,both,0.0,
13,7,11,0.0,8,6,10,6.0,10.0,0.0,0.0,both,0.0,
13,8,1,103.1704,8,7,0,7.0,0.0,140.728,26.103,both,-37.55760000000001,0.73311920868626
13,8,2,0.0,8,7,1,7.0,1.0,65.2664,24.8314,both,-65.2664,0.0
13,8,3,11.9633,8,7,2,7.0,2.0,0.0,0.0,both,11.9633,
13,8,4,0.0,8,7,3,7.0,3.0,0.0,0.0,both,0.0,
13,8,5,0.0,8,7,4,7.0,4.0,0.0,0.0,both,0.0,
13,8,6,0.0,8,7,5,7.0,5.0,0.0,0.0,both,0.0,
13,8,7,0.0,8,7,6,7.0,6.0,0.0,0.0,both,0.0,
13,8,8,0.0,8,7,7,7.0,7.0,0.0,0.0,both,0.0,
13,8,9,0.0,8,7,8,7.0,8.0,0.0,0.0,both,0.0,
13,8,10,0.0,8,7,9,7.0,9.0,0.0,0.0,both,0.0,
13,8,11,0.0,8,7,10,7.0,10.0,0.0,0.0,both,0.0,
14,1,1,2478.2790999999997,8,0,0,,,,,left_only,,
14,1,2,1592.11,8,0,1,,,,,left_only,,
14,1,3,1009.737,8,0,2,,,,,left_only,,
14,1,4,307.4823,8,0,3,,,,,left_only,,
14,1,5,0.0,8,0,4,,,,,left_only,,
14,1,6,0.0,8,0,5,,,,,left_only,,
14,1,7,0.0,8,0,6,,,,,left_only,,
14,1,8,0.0,8,0,7,,,,,left_only,,
14,1,9,0.0,8,0,8,,,,,left_only,,
14,1,10,0.0,8,0,9,,,,,left_only,,
14,1,11,0.0,8,0,10,,,,,left_only,,
14,2,1,30881.489999999998,8,1,0,,,,,left_only,,
14,2,2,19717.692,8,1,1,,,,,left_only,,
14,2,3,13994.993,8,1,2,,,,,left_only,,
14,2,4,9877.936,8,1,3,,,,,left_only,,
14,2,5,8846.514,8,1,4,,,,,left_only,,
14,2,6,1951.6649,8,1,5,,,,,left_only,,
14,2,7,170.6816,8,1,6,,,,,left_only,,
14,2,8,0.0,8,1,7,,,,,left_only,,
14,2,9,0.0,8,1,8,,,,,left_only,,
14,2,10,0.0,8,1,9,,,,,left_only,,
14,2,11,0.0,8,1,10,,,,,left_only,,
14,3,1,38142.62,8,2,0,,,,,left_only,,
14,3,2,24763.51,8,2,1,,,,,left_only,,
14,3,3,18169.662,8,2,2,,,,,left_only,,
14,3,4,13862.014,8,2,3,,,,,left_only,,
14,3,5,18750.914,8,2,4,,,,,left_only,,
14,3,6,8730.752,8,2,5,,,,,left_only,,
14,3,7,3322.558,8,2,6,,,,,left_only,,
14,3,8,1358.1402,8,2,7,,,,,left_only,,
14,3,9,81.2973,8,2,8,,,,,left_only,,
14,3,10,0.0,8,2,9,,,,,left_only,,
14,3,11,0.0,8,2,10,,,,,left_only,,
14,4,1,33643.0,8,3,0,,,,,left_only,,
14,4,2,19981.228,8,3,1,,,,,left_only,,
14,4,3,14105.464,8,3,2,,,,,left_only,,
14,4,4,10778.504,8,3,3,,,,,left_only,,
14,4,5,14923.647,8,3,4,,,,,left_only,,
14,4,6,8121.431,8,3,5,,,,,left_only,,
14,4,7,4133.8452,8,3,6,,,,,left_only,,
14,4,8,2342.475,8,3,7,,,,,left_only,,
14,4,9,562.75771,8,3,8,,,,,left_only,,
14,4,10,90.9435,8,3,9,,,,,left_only,,
14,4,11,0.0,8,3,10,,,,,left_only,,
14,5,1,23296.96,8,4,0,,,,,left_only,,
14,5,2,13744.869,8,4,1,,,,,left_only,,
14,5,3,8784.338,8,4,2,,,,,left_only,,
14,5,4,6793.607800000001,8,4,3,,,,,left_only,,
14,5,5,9083.0445,8,4,4,,,,,left_only,,
14,5,6,5448.604,8,4,5,,,,,left_only,,
14,5,7,2998.8449,8,4,6,,,,,left_only,,
14,5,8,1788.1344,8,4,7,,,,,left_only,,
14,5,9,487.9287,8,4,8,,,,,left_only,,
14,5,10,50.8458,8,4,9,,,,,left_only,,
14,5,11,0.0,8,4,10,,,,,left_only,,
14,6,1,10705.692,8,5,0,,,,,left_only,,
14,6,2,6618.507,8,5,1,,,,,left_only,,
14,6,3,4307.436,8,5,2,,,,,left_only,,
14,6,4,2901.7455,8,5,3,,,,,left_only,,
14,6,5,3462.4569,8,5,4,,,,,left_only,,
14,6,6,1818.1784,8,5,5,,,,,left_only,,
14,6,7,754.4391,8,5,6,,,,,left_only,,
14,6,8,410.7424,8,5,7,,,,,left_only,,
14,6,9,13.9047,8,5,8,,,,,left_only,,
14,6,10,0.0,8,5,9,,,,,left_only,,
14,6,11,0.0,8,5,10,,,,,left_only,,
14,7,1,2032.5629999999999,8,6,0,,,,,left_only,,
14,7,2,1258.8407,8,6,1,,,,,left_only,,
14,7,3,625.0811,8,6,2,,,,,left_only,,
14,7,4,313.14942,8,6,3,,,,,left_only,,
14,7,5,283.1485,8,6,4,,,,,left_only,,
14,7,6,48.2245,8,6,5,,,,,left_only,,
14,7,7,0.0,8,6,6,,,,,left_only,,
14,7,8,0.0,8,6,7,,,,,left_only,,
14,7,9,0.0,8,6,8,,,,,left_only,,
14,7,10,0.0,8,6,9,,,,,left_only,,
14,7,11,0.0,8,6,10,,,,,left_only,,
14,8,1,0.0,8,7,0,,,,,left_only,,
14,8,2,0.0,8,7,1,,,,,left_only,,
14,8,3,0.0,8,7,2,,,,,left_only,,
14,8,4,0.0,8,7,3,,,,,left_only,,
14,8,5,0.0,8,7,4,,,,,left_only,,
14,8,6,0.0,8,7,5,,,,,left_only,,
14,8,7,0.0,8,7,6,,,,,left_only,,
14,8,8,0.0,8,7,7,,,,,left_only,,
14,8,9,0.0,8,7,8,,,,,left_only,,
14,8,10,0.0,8,7,9,,,,,left_only,,
14,8,11,0.0,8,7,10,,,,,left_only,,
15,1,1,17150.153,8,0,0,,,,,left_only,,
15,1,2,14634.288999999999,8,0,1,,,,,left_only,,
15,1,3,9543.305,8,0,2,,,,,left_only,,
15,1,4,4422.892,8,0,3,,,,,left_only,,
15,1,5,1377.7921,8,0,4,,,,,left_only,,
15,1,6,0.0,8,0,5,,,,,left_only,,
15,1,7,0.0,8,0,6,,,,,left_only,,
15,1,8,0.0,8,0,7,,,,,left_only,,
15,1,9,0.0,8,0,8,,,,,left_only,,
15,1,10,0.0,8,0,9,,,,,left_only,,
15,1,11,0.0,8,0,10,,,,,left_only,,
15,2,1,37831.41,8,1,0,,,,,left_only,,
15,2,2,34895.472,8,1,1,,,,,left_only,,
15,2,3,29068.473,8,1,2,,,,,left_only,,
15,2,4,22609.502,8,1,3,,,,,left_only,,
15,2,5,26017.3,8,1,4,,,,,left_only,,
15,2,6,8686.657000000001,8,1,5,,,,,left_only,,
15,2,7,2300.022,8,1,6,,,,,left_only,,
15,2,8,516.1996,8,1,7,,,,,left_only,,
15,2,9,0.0,8,1,8,,,,,left_only,,
15,2,10,0.0,8,1,9,,,,,left_only,,
15,2,11,0.0,8,1,10,,,,,left_only,,
15,3,1,29343.85,8,2,0,,,,,left_only,,
15,3,2,24764.288,8,2,1,,,,,left_only,,
15,3,3,21295.182,8,2,2,,,,,left_only,,
15,3,4,17495.971,8,2,3,,,,,left_only,,
15,3,5,26385.133,8,2,4,,,,,left_only,,
15,3,6,15062.827,8,2,5,,,,,left_only,,
15,3,7,8184.237999999999,8,2,6,,,,,left_only,,
15,3,8,4852.204,8,2,7,,,,,left_only,,
15,3,9,1371.839,8,2,8,,,,,left_only,,
15,3,10,242.0342,8,2,9,,,,,left_only,,
15,3,11,0.0,8,2,10,,,,,left_only,,
15,4,1,21095.58,8,3,0,,,,,left_only,,
15,4,2,15883.033,8,3,1,,,,,left_only,,
15,4,3,12779.441,8,3,2,,,,,left_only,,
15,4,4,10780.579,8,3,3,,,,,left_only,,
15,4,5,16554.916,8,3,4,,,,,left_only,,
15,4,6,10702.3809,8,3,5,,,,,left_only,,
15,4,7,6523.6819,8,3,6,,,,,left_only,,
15,4,8,5227.6663,8,3,7,,,,,left_only,,
15,4,9,2168.8036,8,3,8,,,,,left_only,,
15,4,10,935.3754,8,3,9,,,,,left_only,,
15,4,11,283.39750000000004,8,3,10,,,,,left_only,,
15,5,1,13169.39,8,4,0,,,,,left_only,,
15,5,2,9729.386999999999,8,4,1,,,,,left_only,,
15,5,3,7386.1363,8,4,2,,,,,left_only,,
15,5,4,6108.6407,8,4,3,,,,,left_only,,
15,5,5,8977.6453,8,4,4,,,,,left_only,,
15,5,6,6168.0264,8,4,5,,,,,left_only,,
15,5,7,4243.901,8,4,6,,,,,left_only,,
15,5,8,3509.9880000000003,8,4,7,,,,,left_only,,
15,5,9,1693.789,8,4,8,,,,,left_only,,
15,5,10,782.4215,8,4,9,,,,,left_only,,
15,5,11,222.865,8,4,10,,,,,left_only,,
15,6,1,7082.504,8,5,0,,,,,left_only,,
15,6,2,5276.619,8,5,1,,,,,left_only,,
15,6,3,3856.9862,8,5,2,,,,,left_only,,
15,6,4,3225.2192,8,5,3,,,,,left_only,,
15,6,5,4644.4574999999995,8,5,4,,,,,left_only,,
15,6,6,3070.56,8,5,5,,,,,left_only,,
15,6,7,1990.443,8,5,6,,,,,left_only,,
15,6,8,1690.127,8,5,7,,,,,left_only,,
15,6,9,741.7286,8,5,8,,,,,left_only,,
15,6,10,234.3103,8,5,9,,,,,left_only,,
15,6,11,13.9047,8,5,10,,,,,left_only,,
15,7,1,2716.19,8,6,0,,,,,left_only,,
15,7,2,1779.972,8,6,1,,,,,left_only,,
15,7,3,1135.7391,8,6,2,,,,,left_only,,
15,7,4,939.5717,8,6,3,,,,,left_only,,
15,7,5,1295.8817000000001,8,6,4,,,,,left_only,,
15,7,6,708.9988999999999,8,6,5,,,,,left_only,,
15,7,7,357.5387,8,6,6,,,,,left_only,,
15,7,8,135.85490000000001,8,6,7,,,,,left_only,,
15,7,9,0.0,8,6,8,,,,,left_only,,
15,7,10,0.0,8,6,9,,,,,left_only,,
15,7,11,0.0,8,6,10,,,,,left_only,,
15,8,1,0.0,8,7,0,,,,,left_only,,
15,8,2,30.042319999999997,8,7,1,,,,,left_only,,
15,8,3,0.0,8,7,2,,,,,left_only,,
15,8,4,0.0,8,7,3,,,,,left_only,,
15,8,5,0.0,8,7,4,,,,,left_only,,
15,8,6,0.0,8,7,5,,,,,left_only,,
15,8,7,0.0,8,7,6,,,,,left_only,,
15,8,8,0.0,8,7,7,,,,,left_only,,
15,8,9,0.0,8,7,8,,,,,left_only,,
15,8,10,0.0,8,7,9,,,,,left_only,,
15,8,11,0.0,8,7,10,,,,,left_only,,
16,1,1,0.0,8,0,0,,,,,left_only,,
16,1,2,0.0,8,0,1,,,,,left_only,,
16,1,3,0.0,8,0,2,,,,,left_only,,
16,1,4,0.0,8,0,3,,,,,left_only,,
16,1,5,0.0,8,0,4,,,,,left_only,,
16,1,6,0.0,8,0,5,,,,,left_only,,
16,1,7,0.0,8,0,6,,,,,left_only,,
16,1,8,0.0,8,0,7,,,,,left_only,,
16,1,9,0.0,8,0,8,,,,,left_only,,
16,1,10,0.0,8,0,9,,,,,left_only,,
16,1,11,0.0,8,0,10,,,,,left_only,,
16,2,1,0.0,8,1,0,,,,,left_only,,
16,2,2,0.0,8,1,1,,,,,left_only,,
16,2,3,0.0,8,1,2,,,,,left_only,,
16,2,4,0.0,8,1,3,,,,,left_only,,
16,2,5,0.0,8,1,4,,,,,left_only,,
16,2,6,0.0,8,1,5,,,,,left_only,,
16,2,7,0.0,8,1,6,,,,,left_only,,
16,2,8,0.0,8,1,7,,,,,left_only,,
16,2,9,0.0,8,1,8,,,,,left_only,,
16,2,10,0.0,8,1,9,,,,,left_only,,
16,2,11,0.0,8,1,10,,,,,left_only,,
16,3,1,0.0,8,2,0,,,,,left_only,,
16,3,2,0.0,8,2,1,,,,,left_only,,
16,3,3,0.0,8,2,2,,,,,left_only,,
16,3,4,0.0,8,2,3,,,,,left_only,,
16,3,5,0.0,8,2,4,,,,,left_only,,
16,3,6,0.0,8,2,5,,,,,left_only,,
16,3,7,0.0,8,2,6,,,,,left_only,,
16,3,8,0.0,8,2,7,,,,,left_only,,
16,3,9,0.0,8,2,8,,,,,left_only,,
16,3,10,0.0,8,2,9,,,,,left_only,,
16,3,11,0.0,8,2,10,,,,,left_only,,
16,4,1,0.0,8,3,0,,,,,left_only,,
16,4,2,0.0,8,3,1,,,,,left_only,,
16,4,3,0.0,8,3,2,,,,,left_only,,
16,4,4,0.0,8,3,3,,,,,left_only,,
16,4,5,0.0,8,3,4,,,,,left_only,,
16,4,6,0.0,8,3,5,,,,,left_only,,
16,4,7,0.0,8,3,6,,,,,left_only,,
16,4,8,0.0,8,3,7,,,,,left_only,,
16,4,9,0.0,8,3,8,,,,,left_only,,
16,4,10,0.0,8,3,9,,,,,left_only,,
16,4,11,0.0,8,3,10,,,,,left_only,,
16,5,1,0.0,8,4,0,,,,,left_only,,
16,5,2,0.0,8,4,1,,,,,left_only,,
16,5,3,0.0,8,4,2,,,,,left_only,,
16,5,4,0.0,8,4,3,,,,,left_only,,
16,5,5,0.0,8,4,4,,,,,left_only,,
16,5,6,0.0,8,4,5,,,,,left_only,,
16,5,7,0.0,8,4,6,,,,,left_only,,
16,5,8,0.0,8,4,7,,,,,left_only,,
16,5,9,0.0,8,4,8,,,,,left_only,,
16,5,10,0.0,8,4,9,,,,,left_only,,
16,5,11,0.0,8,4,10,,,,,left_only,,
16,6,1,0.0,8,5,0,,,,,left_only,,
16,6,2,0.0,8,5,1,,,,,left_only,,
16,6,3,0.0,8,5,2,,,,,left_only,,
16,6,4,0.0,8,5,3,,,,,left_only,,
16,6,5,0.0,8,5,4,,,,,left_only,,
16,6,6,0.0,8,5,5,,,,,left_only,,
16,6,7,0.0,8,5,6,,,,,left_only,,
16,6,8,0.0,8,5,7,,,,,left_only,,
16,6,9,0.0,8,5,8,,,,,left_only,,
16,6,10,0.0,8,5,9,,,,,left_only,,
16,6,11,0.0,8,5,10,,,,,left_only,,
16,7,1,0.0,8,6,0,,,,,left_only,,
16,7,2,0.0,8,6,1,,,,,left_only,,
16,7,3,0.0,8,6,2,,,,,left_only,,
16,7,4,0.0,8,6,3,,,,,left_only,,
16,7,5,0.0,8,6,4,,,,,left_only,,
16,7,6,0.0,8,6,5,,,,,left_only,,
16,7,7,0.0,8,6,6,,,,,left_only,,
16,7,8,0.0,8,6,7,,,,,left_only,,
16,7,9,0.0,8,6,8,,,,,left_only,,
16,7,10,0.0,8,6,9,,,,,left_only,,
16,7,11,0.0,8,6,10,,,,,left_only,,
16,8,1,0.0,8,7,0,,,,,left_only,,
16,8,2,0.0,8,7,1,,,,,left_only,,
16,8,3,0.0,8,7,2,,,,,left_only,,
16,8,4,0.0,8,7,3,,,,,left_only,,
16,8,5,0.0,8,7,4,,,,,left_only,,
16,8,6,0.0,8,7,5,,,,,left_only,,
16,8,7,0.0,8,7,6,,,,,left_only,,
16,8,8,0.0,8,7,7,,,,,left_only,,
16,8,9,0.0,8,7,8,,,,,left_only,,
16,8,10,0.0,8,7,9,,,,,left_only,,
16,8,11,0.0,8,7,10,,,,,left_only,,
17,1,1,14435.024000000001,8,0,0,,,,,left_only,,
17,1,2,19602.59,8,0,1,,,,,left_only,,
17,1,3,17025.083,8,0,2,,,,,left_only,,
17,1,4,11045.970000000001,8,0,3,,,,,left_only,,
17,1,5,10030.012,8,0,4,,,,,left_only,,
17,1,6,1485.613,8,0,5,,,,,left_only,,
17,1,7,0.0,8,0,6,,,,,left_only,,
17,1,8,0.0,8,0,7,,,,,left_only,,
17,1,9,0.0,8,0,8,,,,,left_only,,
17,1,10,0.0,8,0,9,,,,,left_only,,
17,1,11,0.0,8,0,10,,,,,left_only,,
17,2,1,29910.19,8,1,0,,,,,left_only,,
17,2,2,37505.779,8,1,1,,,,,left_only,,
17,2,3,38877.077,8,1,2,,,,,left_only,,
17,2,4,33723.331,8,1,3,,,,,left_only,,
17,2,5,46182.812999999995,8,1,4,,,,,left_only,,
17,2,6,25135.69,8,1,5,,,,,left_only,,
17,2,7,11296.764000000001,8,1,6,,,,,left_only,,
17,2,8,5535.508,8,1,7,,,,,left_only,,
17,2,9,1083.5376,8,1,8,,,,,left_only,,
17,2,10,49.665800000000004,8,1,9,,,,,left_only,,
17,2,11,0.0,8,1,10,,,,,left_only,,
17,3,1,15577.949,8,2,0,,,,,left_only,,
17,3,2,18205.5342,8,2,1,,,,,left_only,,
17,3,3,19879.596,8,2,2,,,,,left_only,,
17,3,4,21288.481,8,2,3,,,,,left_only,,
17,3,5,36146.66,8,2,4,,,,,left_only,,
17,3,6,25336.678,8,2,5,,,,,left_only,,
17,3,7,16571.527,8,2,6,,,,,left_only,,
17,3,8,13494.681,8,2,7,,,,,left_only,,
17,3,9,6199.542,8,2,8,,,,,left_only,,
17,3,10,3133.9151,8,2,9,,,,,left_only,,
17,3,11,1015.3971,8,2,10,,,,,left_only,,
17,4,1,7367.7451,8,3,0,,,,,left_only,,
17,4,2,8615.1814,8,3,1,,,,,left_only,,
17,4,3,9579.618,8,3,2,,,,,left_only,,
17,4,4,10177.9985,8,3,3,,,,,left_only,,
17,4,5,20013.3832,8,3,4,,,,,left_only,,
17,4,6,16434.8001,8,3,5,,,,,left_only,,
17,4,7,12128.098899999999,8,3,6,,,,,left_only,,
17,4,8,12071.810000000001,8,3,7,,,,,left_only,,
17,4,9,6958.873,8,3,8,,,,,left_only,,
17,4,10,4360.521,8,3,9,,,,,left_only,,
17,4,11,2653.7205,8,3,10,,,,,left_only,,
17,5,1,4641.0317,8,4,0,,,,,left_only,,
17,5,2,4941.03518,8,4,1,,,,,left_only,,
17,5,3,4861.7937,8,4,2,,,,,left_only,,
17,5,4,5296.6503,8,4,3,,,,,left_only,,
17,5,5,10462.438,8,4,4,,,,,left_only,,
17,5,6,9581.273000000001,8,4,5,,,,,left_only,,
17,5,7,7835.24,8,4,6,,,,,left_only,,
17,5,8,8253.0239,8,4,7,,,,,left_only,,
17,5,9,5055.4610999999995,8,4,8,,,,,left_only,,
17,5,10,3913.2200000000003,8,4,9,,,,,left_only,,
17,5,11,2948.6378,8,4,10,,,,,left_only,,
17,6,1,3163.2941,8,5,0,,,,,left_only,,
17,6,2,3050.082,8,5,1,,,,,left_only,,
17,6,3,2982.9030000000002,8,5,2,,,,,left_only,,
17,6,4,2775.8568999999998,8,5,3,,,,,left_only,,
17,6,5,5549.4472,8,5,4,,,,,left_only,,
17,6,6,5273.471,8,5,5,,,,,left_only,,
17,6,7,4712.63,8,5,6,,,,,left_only,,
17,6,8,5275.773,8,5,7,,,,,left_only,,
17,6,9,3469.6067000000003,8,5,8,,,,,left_only,,
17,6,10,2681.5625999999997,8,5,9,,,,,left_only,,
17,6,11,1985.9806,8,5,10,,,,,left_only,,
17,7,1,2253.3638,8,6,0,,,,,left_only,,
17,7,2,1826.306,8,6,1,,,,,left_only,,
17,7,3,1757.769,8,6,2,,,,,left_only,,
17,7,4,1556.8382,8,6,3,,,,,left_only,,
17,7,5,3045.115,8,6,4,,,,,left_only,,
17,7,6,2696.9921,8,6,5,,,,,left_only,,
17,7,7,2262.8916,8,6,6,,,,,left_only,,
17,7,8,2444.888,8,6,7,,,,,left_only,,
17,7,9,1490.9808,8,6,8,,,,,left_only,,
17,7,10,1033.7998,8,6,9,,,,,left_only,,
17,7,11,420.30269999999996,8,6,10,,,,,left_only,,
17,8,1,569.34,8,7,0,,,,,left_only,,
17,8,2,526.934,8,7,1,,,,,left_only,,
17,8,3,484.3387,8,7,2,,,,,left_only,,
17,8,4,379.42779999999993,8,7,3,,,,,left_only,,
17,8,5,570.5818,8,7,4,,,,,left_only,,
17,8,6,322.0645,8,7,5,,,,,left_only,,
17,8,7,256.8182,8,7,6,,,,,left_only,,
17,8,8,151.9154,8,7,7,,,,,left_only,,
17,8,9,17.3754,8,7,8,,,,,left_only,,
17,8,10,0.0,8,7,9,,,,,left_only,,
17,8,11,0.0,8,7,10,,,,,left_only,,
18,1,1,0.0,8,0,0,,,,,left_only,,
18,1,2,0.0,8,0,1,,,,,left_only,,
18,1,3,0.0,8,0,2,,,,,left_only,,
18,1,4,0.0,8,0,3,,,,,left_only,,
18,1,5,0.0,8,0,4,,,,,left_only,,
18,1,6,0.0,8,0,5,,,,,left_only,,
18,1,7,0.0,8,0,6,,,,,left_only,,
18,1,8,0.0,8,0,7,,,,,left_only,,
18,1,9,0.0,8,0,8,,,,,left_only,,
18,1,10,0.0,8,0,9,,,,,left_only,,
18,1,11,0.0,8,0,10,,,,,left_only,,
18,2,1,4851.916,8,1,0,,,,,left_only,,
18,2,2,2961.226,8,1,1,,,,,left_only,,
18,2,3,2164.5285,8,1,2,,,,,left_only,,
18,2,4,1393.7383,8,1,3,,,,,left_only,,
18,2,5,1271.6109999999999,8,1,4,,,,,left_only,,
18,2,6,322.7292,8,1,5,,,,,left_only,,
18,2,7,0.0,8,1,6,,,,,left_only,,
18,2,8,0.0,8,1,7,,,,,left_only,,
18,2,9,0.0,8,1,8,,,,,left_only,,
18,2,10,0.0,8,1,9,,,,,left_only,,
18,2,11,0.0,8,1,10,,,,,left_only,,
18,3,1,8267.872,8,2,0,,,,,left_only,,
18,3,2,5438.7838,8,2,1,,,,,left_only,,
18,3,3,4606.6079,8,2,2,,,,,left_only,,
18,3,4,3725.9120000000003,8,2,3,,,,,left_only,,
18,3,5,4568.24,8,2,4,,,,,left_only,,
18,3,6,1929.9177,8,2,5,,,,,left_only,,
18,3,7,839.2804,8,2,6,,,,,left_only,,
18,3,8,363.943,8,2,7,,,,,left_only,,
18,3,9,0.0,8,2,8,,,,,left_only,,
18,3,10,0.0,8,2,9,,,,,left_only,,
18,3,11,0.0,8,2,10,,,,,left_only,,
18,4,1,7086.927,8,3,0,,,,,left_only,,
18,4,2,4847.347,8,3,1,,,,,left_only,,
18,4,3,3398.2467,8,3,2,,,,,left_only,,
18,4,4,2979.0012,8,3,3,,,,,left_only,,
18,4,5,4916.0421,8,3,4,,,,,left_only,,
18,4,6,2964.8924,8,3,5,,,,,left_only,,
18,4,7,1378.9394,8,3,6,,,,,left_only,,
18,4,8,837.6700000000001,8,3,7,,,,,left_only,,
18,4,9,251.8188,8,3,8,,,,,left_only,,
18,4,10,28.317999999999998,8,3,9,,,,,left_only,,
18,4,11,0.0,8,3,10,,,,,left_only,,
18,5,1,5506.3550000000005,8,4,0,,,,,left_only,,
18,5,2,3217.0016,8,4,1,,,,,left_only,,
18,5,3,2444.9501,8,4,2,,,,,left_only,,
18,5,4,1954.6204,8,4,3,,,,,left_only,,
18,5,5,3470.3449,8,4,4,,,,,left_only,,
18,5,6,2427.3539,8,4,5,,,,,left_only,,
18,5,7,1427.251,8,4,6,,,,,left_only,,
18,5,8,934.7221,8,4,7,,,,,left_only,,
18,5,9,245.6648,8,4,8,,,,,left_only,,
18,5,10,0.0,8,4,9,,,,,left_only,,
18,5,11,0.0,8,4,10,,,,,left_only,,
18,6,1,4286.767,8,5,0,,,,,left_only,,
18,6,2,2103.0111,8,5,1,,,,,left_only,,
18,6,3,1605.7433,8,5,2,,,,,left_only,,
18,6,4,1168.5629000000001,8,5,3,,,,,left_only,,
18,6,5,1783.3572000000001,8,5,4,,,,,left_only,,
18,6,6,1226.0675,8,5,5,,,,,left_only,,
18,6,7,776.2666,8,5,6,,,,,left_only,,
18,6,8,479.94179999999994,8,5,7,,,,,left_only,,
18,6,9,60.5584,8,5,8,,,,,left_only,,
18,6,10,0.0,8,5,9,,,,,left_only,,
18,6,11,0.0,8,5,10,,,,,left_only,,
18,7,1,1821.0139,8,6,0,,,,,left_only,,
18,7,2,699.1489,8,6,1,,,,,left_only,,
18,7,3,416.2009,8,6,2,,,,,left_only,,
18,7,4,291.634,8,6,3,,,,,left_only,,
18,7,5,307.8302,8,6,4,,,,,left_only,,
18,7,6,140.5021,8,6,5,,,,,left_only,,
18,7,7,0.0,8,6,6,,,,,left_only,,
18,7,8,0.0,8,6,7,,,,,left_only,,
18,7,9,0.0,8,6,8,,,,,left_only,,
18,7,10,0.0,8,6,9,,,,,left_only,,
18,7,11,0.0,8,6,10,,,,,left_only,,
18,8,1,0.0,8,7,0,,,,,left_only,,
18,8,2,0.0,8,7,1,,,,,left_only,,
18,8,3,0.0,8,7,2,,,,,left_only,,
18,8,4,0.0,8,7,3,,,,,left_only,,
18,8,5,0.0,8,7,4,,,,,left_only,,
18,8,6,0.0,8,7,5,,,,,left_only,,
18,8,7,0.0,8,7,6,,,,,left_only,,
18,8,8,0.0,8,7,7,,,,,left_only,,
18,8,9,0.0,8,7,8,,,,,left_only,,
18,8,10,0.0,8,7,9,,,,,left_only,,
18,8,11,0.0,8,7,10,,,,,left_only,,
19,1,1,0.0,8,0,0,,,,,left_only,,
19,1,2,0.0,8,0,1,,,,,left_only,,
19,1,3,0.0,8,0,2,,,,,left_only,,
19,1,4,0.0,8,0,3,,,,,left_only,,
19,1,5,0.0,8,0,4,,,,,left_only,,
19,1,6,0.0,8,0,5,,,,,left_only,,
19,1,7,0.0,8,0,6,,,,,left_only,,
19,1,8,0.0,8,0,7,,,,,left_only,,
19,1,9,0.0,8,0,8,,,,,left_only,,
19,1,10,0.0,8,0,9,,,,,left_only,,
19,1,11,0.0,8,0,10,,,,,left_only,,
19,2,1,0.0,8,1,0,,,,,left_only,,
19,2,2,0.0,8,1,1,,,,,left_only,,
19,2,3,0.0,8,1,2,,,,,left_only,,
19,2,4,0.0,8,1,3,,,,,left_only,,
19,2,5,0.0,8,1,4,,,,,left_only,,
19,2,6,0.0,8,1,5,,,,,left_only,,
19,2,7,0.0,8,1,6,,,,,left_only,,
19,2,8,0.0,8,1,7,,,,,left_only,,
19,2,9,0.0,8,1,8,,,,,left_only,,
19,2,10,0.0,8,1,9,,,,,left_only,,
19,2,11,0.0,8,1,10,,,,,left_only,,
19,3,1,519.7216,8,2,0,,,,,left_only,,
19,3,2,113.5673,8,2,1,,,,,left_only,,
19,3,3,54.435,8,2,2,,,,,left_only,,
19,3,4,124.0716,8,2,3,,,,,left_only,,
19,3,5,57.3192,8,2,4,,,,,left_only,,
19,3,6,0.0,8,2,5,,,,,left_only,,
19,3,7,0.0,8,2,6,,,,,left_only,,
19,3,8,0.0,8,2,7,,,,,left_only,,
19,3,9,0.0,8,2,8,,,,,left_only,,
19,3,10,0.0,8,2,9,,,,,left_only,,
19,3,11,0.0,8,2,10,,,,,left_only,,
19,4,1,1210.468,8,3,0,,,,,left_only,,
19,4,2,589.8812,8,3,1,,,,,left_only,,
19,4,3,224.2519,8,3,2,,,,,left_only,,
19,4,4,230.3038,8,3,3,,,,,left_only,,
19,4,5,267.9193,8,3,4,,,,,left_only,,
19,4,6,0.0,8,3,5,,,,,left_only,,
19,4,7,0.0,8,3,6,,,,,left_only,,
19,4,8,0.0,8,3,7,,,,,left_only,,
19,4,9,0.0,8,3,8,,,,,left_only,,
19,4,10,0.0,8,3,9,,,,,left_only,,
19,4,11,0.0,8,3,10,,,,,left_only,,
19,5,1,1320.4456,8,4,0,,,,,left_only,,
19,5,2,364.4317,8,4,1,,,,,left_only,,
19,5,3,73.617,8,4,2,,,,,left_only,,
19,5,4,0.0,8,4,3,,,,,left_only,,
19,5,5,22.2024,8,4,4,,,,,left_only,,
19,5,6,0.0,8,4,5,,,,,left_only,,
19,5,7,0.0,8,4,6,,,,,left_only,,
19,5,8,0.0,8,4,7,,,,,left_only,,
19,5,9,0.0,8,4,8,,,,,left_only,,
19,5,10,0.0,8,4,9,,,,,left_only,,
19,5,11,0.0,8,4,10,,,,,left_only,,
19,6,1,315.6078,8,5,0,,,,,left_only,,
19,6,2,46.7441,8,5,1,,,,,left_only,,
19,6,3,0.0,8,5,2,,,,,left_only,,
19,6,4,0.0,8,5,3,,,,,left_only,,
19,6,5,0.0,8,5,4,,,,,left_only,,
19,6,6,0.0,8,5,5,,,,,left_only,,
19,6,7,0.0,8,5,6,,,,,left_only,,
19,6,8,0.0,8,5,7,,,,,left_only,,
19,6,9,0.0,8,5,8,,,,,left_only,,
19,6,10,0.0,8,5,9,,,,,left_only,,
19,6,11,0.0,8,5,10,,,,,left_only,,
19,7,1,0.0,8,6,0,,,,,left_only,,
19,7,2,0.0,8,6,1,,,,,left_only,,
19,7,3,0.0,8,6,2,,,,,left_only,,
19,7,4,0.0,8,6,3,,,,,left_only,,
19,7,5,0.0,8,6,4,,,,,left_only,,
19,7,6,0.0,8,6,5,,,,,left_only,,
19,7,7,0.0,8,6,6,,,,,left_only,,
19,7,8,0.0,8,6,7,,,,,left_only,,
19,7,9,0.0,8,6,8,,,,,left_only,,
19,7,10,0.0,8,6,9,,,,,left_only,,
19,7,11,0.0,8,6,10,,,,,left_only,,
19,8,1,0.0,8,7,0,,,,,left_only,,
19,8,2,0.0,8,7,1,,,,,left_only,,
19,8,3,0.0,8,7,2,,,,,left_only,,
19,8,4,0.0,8,7,3,,,,,left_only,,
19,8,5,0.0,8,7,4,,,,,left_only,,
19,8,6,0.0,8,7,5,,,,,left_only,,
19,8,7,0.0,8,7,6,,,,,left_only,,
19,8,8,0.0,8,7,7,,,,,left_only,,
19,8,9,0.0,8,7,8,,,,,left_only,,
19,8,10,0.0,8,7,9,,,,,left_only,,
19,8,11,0.0,8,7,10,,,,,left_only,,
