xq2_bin,z_bin,pt2_bin,rec_A,phi_bin_count_x_A,recerr_A,gen_A,phi_bin_count_y_A,generr_A,eff_A,efferr_A,rec_B,phi_bin_count_x_B,recerr_B,gen_B,phi_bin_count_y_B,generr_B,eff_B,efferr_B,acceptance_scale,eff_B_scaled,efferr_B_scaled,eff_ratio_A_over_Bscaled,eff_ratio_err,z_plot,pt2_plot
0,1,1,0.0,8,0.0,0.0,8,0.0,,,0.0,8,0.0,0.0,8,0.0,,,,,,,,1,1
0,1,2,0.0,8,0.0,0.0,8,0.0,,,0.0,8,0.0,0.0,8,0.0,,,,,,,,1,2
0,1,3,0.0,8,0.0,0.0,8,0.0,,,0.0,8,0.0,0.0,8,0.0,,,,,,,,1,3
0,1,4,0.0,8,0.0,0.0,8,0.0,,,0.0,8,0.0,0.0,8,0.0,,,,,,,,1,4
0,1,5,0.0,8,0.0,0.0,8,0.0,,,0.0,8,0.0,0.0,8,0.0,,,,,,,,1,5
0,1,6,0.0,8,0.0,0.0,8,0.0,,,0.0,8,0.0,0.0,8,0.0,,,,,,,,1,6
0,1,7,0.0,8,0.0,0.0,8,0.0,,,0.0,8,0.0,0.0,8,0.0,,,,,,,,1,7
0,1,8,0.0,8,0.0,0.0,8,0.0,,,0.0,8,0.0,0.0,8,0.0,,,,,,,,1,8
0,1,9,0.0,8,0.0,0.0,8,0.0,,,0.0,8,0.0,0.0,8,0.0,,,,,,,,1,9
0,1,10,0.0,8,0.0,0.0,8,0.0,,,0.0,8,0.0,0.0,8,0.0,,,,,,,,1,10
0,1,11,0.0,8,0.0,0.0,8,0.0,,,0.0,8,0.0,0.0,8,0.0,,,,,,,,1,11
0,2,1,0.0,8,0.0,0.0,8,0.0,,,0.0,8,0.0,0.0,8,0.0,,,,,,,,2,1
0,2,2,0.0,8,0.0,0.0,8,0.0,,,0.0,8,0.0,0.0,8,0.0,,,,,,,,2,2
0,2,3,0.0,8,0.0,0.0,8,0.0,,,0.0,8,0.0,0.0,8,0.0,,,,,,,,2,3
0,2,4,0.0,8,0.0,0.0,8,0.0,,,0.0,8,0.0,0.0,8,0.0,,,,,,,,2,4
0,2,5,0.0,8,0.0,0.0,8,0.0,,,0.0,8,0.0,0.0,8,0.0,,,,,,,,2,5
0,2,6,0.0,8,0.0,0.0,8,0.0,,,0.0,8,0.0,0.0,8,0.0,,,,,,,,2,6
0,2,7,0.0,8,0.0,0.0,8,0.0,,,0.0,8,0.0,0.0,8,0.0,,,,,,,,2,7
0,2,8,0.0,8,0.0,0.0,8,0.0,,,0.0,8,0.0,0.0,8,0.0,,,,,,,,2,8
0,2,9,0.0,8,0.0,0.0,8,0.0,,,0.0,8,0.0,0.0,8,0.0,,,,,,,,2,9
0,2,10,0.0,8,0.0,0.0,8,0.0,,,0.0,8,0.0,0.0,8,0.0,,,,,,,,2,10
0,2,11,0.0,8,0.0,0.0,8,0.0,,,0.0,8,0.0,0.0,8,0.0,,,,,,,,2,11
0,3,1,0.0,8,0.0,0.0,8,0.0,,,0.0,8,0.0,0.0,8,0.0,,,,,,,,3,1
0,3,2,0.0,8,0.0,0.0,8,0.0,,,0.0,8,0.0,0.0,8,0.0,,,,,,,,3,2
0,3,3,0.0,8,0.0,0.0,8,0.0,,,0.0,8,0.0,0.0,8,0.0,,,,,,,,3,3
0,3,4,0.0,8,0.0,0.0,8,0.0,,,0.0,8,0.0,0.0,8,0.0,,,,,,,,3,4
0,3,5,0.0,8,0.0,0.0,8,0.0,,,0.0,8,0.0,0.0,8,0.0,,,,,,,,3,5
0,3,6,0.0,8,0.0,0.0,8,0.0,,,0.0,8,0.0,0.0,8,0.0,,,,,,,,3,6
0,3,7,0.0,8,0.0,0.0,8,0.0,,,0.0,8,0.0,0.0,8,0.0,,,,,,,,3,7
0,3,8,0.0,8,0.0,0.0,8,0.0,,,0.0,8,0.0,0.0,8,0.0,,,,,,,,3,8
0,3,9,0.0,8,0.0,0.0,8,0.0,,,0.0,8,0.0,0.0,8,0.0,,,,,,,,3,9
0,3,10,0.0,8,0.0,0.0,8,0.0,,,0.0,8,0.0,0.0,8,0.0,,,,,,,,3,10
0,3,11,0.0,8,0.0,0.0,8,0.0,,,0.0,8,0.0,0.0,8,0.0,,,,,,,,3,11
0,4,1,0.0,8,0.0,0.0,8,0.0,,,0.0,8,0.0,0.0,8,0.0,,,,,,,,4,1
0,4,2,0.0,8,0.0,0.0,8,0.0,,,0.0,8,0.0,0.0,8,0.0,,,,,,,,4,2
0,4,3,0.0,8,0.0,0.0,8,0.0,,,0.0,8,0.0,0.0,8,0.0,,,,,,,,4,3
0,4,4,0.0,8,0.0,0.0,8,0.0,,,0.0,8,0.0,0.0,8,0.0,,,,,,,,4,4
0,4,5,0.0,8,0.0,0.0,8,0.0,,,0.0,8,0.0,0.0,8,0.0,,,,,,,,4,5
0,4,6,0.0,8,0.0,0.0,8,0.0,,,0.0,8,0.0,0.0,8,0.0,,,,,,,,4,6
0,4,7,0.0,8,0.0,0.0,8,0.0,,,0.0,8,0.0,0.0,8,0.0,,,,,,,,4,7
0,4,8,0.0,8,0.0,0.0,8,0.0,,,0.0,8,0.0,0.0,8,0.0,,,,,,,,4,8
0,4,9,0.0,8,0.0,0.0,8,0.0,,,0.0,8,0.0,0.0,8,0.0,,,,,,,,4,9
0,4,10,0.0,8,0.0,0.0,8,0.0,,,0.0,8,0.0,0.0,8,0.0,,,,,,,,4,10
0,4,11,0.0,8,0.0,0.0,8,0.0,,,0.0,8,0.0,0.0,8,0.0,,,,,,,,4,11
0,5,1,0.0,8,0.0,0.0,8,0.0,,,0.0,8,0.0,0.0,8,0.0,,,,,,,,5,1
0,5,2,0.0,8,0.0,0.0,8,0.0,,,0.0,8,0.0,0.0,8,0.0,,,,,,,,5,2
0,5,3,0.0,8,0.0,0.0,8,0.0,,,0.0,8,0.0,0.0,8,0.0,,,,,,,,5,3
0,5,4,0.0,8,0.0,0.0,8,0.0,,,0.0,8,0.0,0.0,8,0.0,,,,,,,,5,4
0,5,5,0.0,8,0.0,0.0,8,0.0,,,0.0,8,0.0,0.0,8,0.0,,,,,,,,5,5
0,5,6,0.0,8,0.0,0.0,8,0.0,,,0.0,8,0.0,0.0,8,0.0,,,,,,,,5,6
0,5,7,0.0,8,0.0,0.0,8,0.0,,,0.0,8,0.0,0.0,8,0.0,,,,,,,,5,7
0,5,8,0.0,8,0.0,0.0,8,0.0,,,0.0,8,0.0,0.0,8,0.0,,,,,,,,5,8
0,5,9,0.0,8,0.0,0.0,8,0.0,,,0.0,8,0.0,0.0,8,0.0,,,,,,,,5,9
0,5,10,0.0,8,0.0,0.0,8,0.0,,,0.0,8,0.0,0.0,8,0.0,,,,,,,,5,10
0,5,11,0.0,8,0.0,0.0,8,0.0,,,0.0,8,0.0,0.0,8,0.0,,,,,,,,5,11
0,6,1,0.0,8,0.0,0.0,8,0.0,,,0.0,8,0.0,0.0,8,0.0,,,,,,,,6,1
0,6,2,0.0,8,0.0,0.0,8,0.0,,,0.0,8,0.0,0.0,8,0.0,,,,,,,,6,2
0,6,3,0.0,8,0.0,0.0,8,0.0,,,0.0,8,0.0,0.0,8,0.0,,,,,,,,6,3
0,6,4,0.0,8,0.0,0.0,8,0.0,,,0.0,8,0.0,0.0,8,0.0,,,,,,,,6,4
0,6,5,0.0,8,0.0,0.0,8,0.0,,,0.0,8,0.0,0.0,8,0.0,,,,,,,,6,5
0,6,6,0.0,8,0.0,0.0,8,0.0,,,0.0,8,0.0,0.0,8,0.0,,,,,,,,6,6
0,6,7,0.0,8,0.0,0.0,8,0.0,,,0.0,8,0.0,0.0,8,0.0,,,,,,,,6,7
0,6,8,0.0,8,0.0,0.0,8,0.0,,,0.0,8,0.0,0.0,8,0.0,,,,,,,,6,8
0,6,9,0.0,8,0.0,0.0,8,0.0,,,0.0,8,0.0,0.0,8,0.0,,,,,,,,6,9
0,6,10,0.0,8,0.0,0.0,8,0.0,,,0.0,8,0.0,0.0,8,0.0,,,,,,,,6,10
0,6,11,0.0,8,0.0,0.0,8,0.0,,,0.0,8,0.0,0.0,8,0.0,,,,,,,,6,11
0,7,1,0.0,8,0.0,0.0,8,0.0,,,0.0,8,0.0,0.0,8,0.0,,,,,,,,7,1
0,7,2,0.0,8,0.0,0.0,8,0.0,,,0.0,8,0.0,0.0,8,0.0,,,,,,,,7,2
0,7,3,0.0,8,0.0,0.0,8,0.0,,,0.0,8,0.0,0.0,8,0.0,,,,,,,,7,3
0,7,4,0.0,8,0.0,0.0,8,0.0,,,0.0,8,0.0,0.0,8,0.0,,,,,,,,7,4
0,7,5,0.0,8,0.0,0.0,8,0.0,,,0.0,8,0.0,0.0,8,0.0,,,,,,,,7,5
0,7,6,0.0,8,0.0,0.0,8,0.0,,,0.0,8,0.0,0.0,8,0.0,,,,,,,,7,6
0,7,7,0.0,8,0.0,0.0,8,0.0,,,0.0,8,0.0,0.0,8,0.0,,,,,,,,7,7
0,7,8,0.0,8,0.0,0.0,8,0.0,,,0.0,8,0.0,0.0,8,0.0,,,,,,,,7,8
0,7,9,0.0,8,0.0,0.0,8,0.0,,,0.0,8,0.0,0.0,8,0.0,,,,,,,,7,9
0,7,10,0.0,8,0.0,0.0,8,0.0,,,0.0,8,0.0,0.0,8,0.0,,,,,,,,7,10
0,7,11,0.0,8,0.0,0.0,8,0.0,,,0.0,8,0.0,0.0,8,0.0,,,,,,,,7,11
0,8,1,0.0,8,0.0,0.0,8,0.0,,,0.0,8,0.0,0.0,8,0.0,,,,,,,,8,1
0,8,2,0.0,8,0.0,0.0,8,0.0,,,0.0,8,0.0,0.0,8,0.0,,,,,,,,8,2
0,8,3,0.0,8,0.0,0.0,8,0.0,,,0.0,8,0.0,0.0,8,0.0,,,,,,,,8,3
0,8,4,0.0,8,0.0,0.0,8,0.0,,,0.0,8,0.0,0.0,8,0.0,,,,,,,,8,4
0,8,5,0.0,8,0.0,0.0,8,0.0,,,0.0,8,0.0,0.0,8,0.0,,,,,,,,8,5
0,8,6,0.0,8,0.0,0.0,8,0.0,,,0.0,8,0.0,0.0,8,0.0,,,,,,,,8,6
0,8,7,0.0,8,0.0,0.0,8,0.0,,,0.0,8,0.0,0.0,8,0.0,,,,,,,,8,7
0,8,8,0.0,8,0.0,0.0,8,0.0,,,0.0,8,0.0,0.0,8,0.0,,,,,,,,8,8
0,8,9,0.0,8,0.0,0.0,8,0.0,,,0.0,8,0.0,0.0,8,0.0,,,,,,,,8,9
0,8,10,0.0,8,0.0,0.0,8,0.0,,,0.0,8,0.0,0.0,8,0.0,,,,,,,,8,10
0,8,11,0.0,8,0.0,0.0,8,0.0,,,0.0,8,0.0,0.0,8,0.0,,,,,,,,8,11
1,1,1,79611.16,8,826.1918404123827,126289700.0,8,862.3148892074403,0.000630385217480127,6.54203802241426e-06,79611.16,8,826.1918404123827,73966740.0,8,862.3148892074403,0.0010763102443071034,1.1169782009075101e-05,0.5904129849247507,0.0006354675440464446,6.594784336936809e-06,0.9920022247966355,0.014559108330750881,1,1
1,1,2,88885.512,8,560.471476748175,54540530.0,8,535.9253443490147,0.0016297148560895907,1.027625065761945e-05,88885.512,8,560.471476748175,31998800.0,8,535.9253443490147,0.002777776416615623,1.7515452260828313e-05,0.5904129849247507,0.0016400352655876079,1.0341350451622618e-05,0.9937072026958399,0.008861291073717364,1,2
1,1,3,88154.54,8,430.80553326415156,28536440.0,8,403.8171755693658,0.0030891919244306577,1.509674435166203e-05,88154.54,8,430.80553326415156,16758050.0,8,403.8171755693658,0.005260429465242077,2.5707690957540058e-05,0.5904129849247507,0.0031058258625596847,1.5178154553764248e-05,0.9946442785703001,0.006874212068992271,1,3
1,1,4,63674.340000000004,8,309.91556574855997,16339270.0,8,298.4199785855163,0.0038970125348317276,1.896766181702035e-05,63674.340000000004,8,309.91556574855997,9599160.0,8,298.4199785855163,0.0066333241658645134,3.228635500853164e-05,0.5904129849247507,0.003916400720741549,1.906228323292734e-05,0.9950494887289902,0.006849274540482631,1,4
1,1,5,56988.47,8,284.12677825729486,16047220.0,8,276.04609668986444,0.0035512986049920175,1.77057751719047e-05,56988.47,8,284.12677825729486,9435750.0,8,276.04609668986444,0.006039633309487852,3.011225071847095e-05,0.5904129849247507,0.0035658779301056733,1.77786638294949e-05,0.9959114346033646,0.007022082328231183,1,5
1,1,6,7777.473,8,95.85958714849548,6503135.0,8,119.30755998196426,0.0011959574881960776,1.4740535655940872e-05,7777.473,8,95.85958714849548,3832645.0,8,119.30755998196426,0.002029270386378076,2.501141976013067e-05,0.5904129849247507,0.001198107586040882,1.4767066997784642e-05,0.9982054217251813,0.017399344917928394,1,6
1,1,7,0.0,8,0.0,2788611.0,8,48.01350800108236,0.0,,0.0,8,0.0,1646134.0,8,48.01350800108236,0.0,,0.5904129849247507,0.0,,,,1,7
1,1,8,0.0,8,0.0,1568320.0,8,0.0,0.0,,0.0,8,0.0,928923.0,8,0.0,0.0,,0.5904129849247507,0.0,,,,1,8
1,1,9,0.0,8,0.0,485007.0,8,16.62965249686535,0.0,,0.0,8,0.0,288734.0,8,16.62965249686535,0.0,,0.5904129849247507,0.0,,,,1,9
1,1,10,0.0,8,0.0,169505.0,8,5.45415,0.0,,0.0,8,0.0,102573.0,8,5.45415,0.0,,0.5904129849247507,0.0,,,,1,10
1,1,11,0.0,8,0.0,27781.0,8,3.60712,0.0,,0.0,8,0.0,17213.0,8,3.60712,0.0,,0.5904129849247507,0.0,,,,1,11
1,2,1,97075.31202,8,751.2995265801533,10260800.0,8,748.0672022441299,0.00946079370224544,7.322361417124274e-05,97075.31202,8,751.2995265801533,5980758.0,8,748.0672022441299,0.016231272360459993,0.00012563585367362625,0.5904129849247507,0.009583153963465789,7.417703938101488e-05,0.9872317337604272,0.01080628493695171,2,1
1,2,2,145206.179,8,613.8621466451649,7940947.0,8,604.1936074351995,0.01828575093121765,7.73159119860602e-05,145206.179,8,613.8621466451649,4632343.0,8,604.1936074351995,0.03134616305398801,0.00013257961182182863,0.5904129849247507,0.018507181694643,7.82767243558906e-05,0.9880354141933213,0.005908969369555348,2,2
1,2,3,158653.86000000002,8,533.9273083516614,6027227.0,8,524.3897696687646,0.026322861242823608,8.861549537316026e-05,158653.86000000002,8,533.9273083516614,3519526.0,8,524.3897696687646,0.04507818950620056,0.00015185292742944618,0.5904129849247507,0.026614748421359444,8.965594015318087e-05,0.9890328785410729,0.004710233225211716,2,3
1,2,4,142496.43,8,458.2882559396215,4519632.0,8,451.48892464136924,0.0315283257574953,0.00010144836379729896,142496.43,8,458.2882559396215,2640104.0,8,451.48892464136924,0.05397379421416732,0.00017383242246161594,0.5904129849247507,0.03186682894970077,0.00010263291942226295,0.9893775689843577,0.004504256741104702,2,4
1,2,5,216818.0,8,553.3695769451732,5924849.0,8,532.8042412692395,0.03659468789837513,9.345604756254298e-05,216818.0,8,553.3695769451732,3463683.0,8,532.8042412692395,0.06259752985478174,0.0001600532596934518,0.5904129849247507,0.03695839445047788,9.449752280254717e-05,0.9901590272653727,0.003578231614713357,2,5
1,2,6,130214.23,8,407.0262230715854,3400520.0,8,389.11873821193706,0.038292446449366566,0.00011977546523357962,130214.23,8,407.0262230715854,1990765.0,8,389.11873821193706,0.06540914171185448,0.00020485653452974816,0.5904129849247507,0.03861840659946202,0.00012094995803304887,0.9915594614382667,0.004389014353102319,2,6
1,2,7,65594.38,8,278.2026701940152,2002136.0,8,267.9167399274446,0.03276219997043158,0.0001390220771108617,65594.38,8,278.2026701940152,1172638.0,8,267.9167399274446,0.055937450432273224,0.0002375891246430697,0.5904129849247507,0.03302619707879872,0.00014027570426617344,0.9920064333251191,0.005955893010449504,2,7
1,2,8,35693.71,8,199.66610772524714,1597652.0,8,195.4224393375029,0.022341354688004647,0.00012500459214275324,35693.71,8,199.66610772524714,936055.0,8,195.4224393375029,0.03813206488934945,0.0002134544626897181,0.5904129849247507,0.022513666252665092,0.0001260262864621453,0.9923463569759524,0.007854055937198186,2,8
1,2,9,7482.046,8,89.81925656884496,745217.0,8,91.55809030626403,0.010040090336103443,0.00012053396590060076,7482.046,8,89.81925656884496,435089.0,8,91.55809030626403,0.017196587364883966,0.00020647052784955293,0.5904129849247507,0.010153088476620395,0.00012190288064664342,0.9888705647767028,0.016789905832281148,2,9
1,2,10,515.9727,8,23.70480466079398,423424.0,8,39.58222927942412,0.0012185721640719468,5.5983727264084366e-05,515.9727,8,23.70480466079398,247286.0,8,39.58222927942412,0.002086542303244017,9.586045524780746e-05,0.5904129849247507,0.0012319216694300643,5.659725751910349e-05,0.9891636735602731,0.06426796983358708,2,10
1,2,11,0.0,8,0.0,223987.0,8,8.867839465642124,0.0,,0.0,8,0.0,132483.0,8,8.867839465642124,0.0,,0.5904129849247507,0.0,,,,2,11
1,3,1,46670.8191,8,324.027312494907,4893173.0,8,336.9106458049999,0.009537945848225681,6.622354169858502e-05,46670.8191,8,324.027312494907,2847923.0,8,336.9106458049999,0.016387668873069954,0.00011379322665878777,0.5904129849247507,0.009675492495307657,6.71849986158336e-05,0.9857840159404101,0.009679995656690003,3,1
1,3,2,64265.3197,8,347.3566791013721,3908512.0,8,358.82254865569695,0.01644240050945219,8.888466527805416e-05,64265.3197,8,347.3566791013721,2280429.0,8,358.82254865569695,0.028181241205053963,0.00015238529087441743,0.5904129849247507,0.016638570738760287,8.997025444379117e-05,0.9882099110321352,0.0075559049572753775,3,2
1,3,3,74415.755,8,339.8987135307958,3088836.0,8,344.009734760021,0.024091843982652367,0.00011007374316400019,74415.755,8,339.8987135307958,1801490.0,8,344.009734760021,0.04130789235577217,0.00018884125517959984,0.5904129849247507,0.024388716026721737,0.00011149432914752408,0.9878274836713791,0.00638461783095244,3,3
1,3,4,75645.75899999999,8,316.43135462166197,2422557.0,8,313.548718876174,0.03122558478500196,0.00013068125401162215,75645.75899999999,8,316.43135462166197,1414021.0,8,313.548718876174,0.05349691341217704,0.00022409542079714534,0.5904129849247507,0.03158527233194438,0.00013230884630081063,0.9886121752200743,0.005853889632530314,3,4
1,3,5,132262.57,8,421.70443432833383,3345389.0,8,414.50945262144506,0.03953578193746676,0.00012615057390709722,132262.57,8,421.70443432833383,1951778.0,8,414.50945262144506,0.0677651710389194,0.00021654045643376216,0.5904129849247507,0.040009436907024666,0.00012784829724002547,0.9881614187508162,0.004462300631352324,3,5
1,3,6,98003.7,8,360.9593356778711,2014883.0,8,338.07566627082167,0.0486398962123359,0.00017933235056379152,98003.7,8,360.9593356778711,1176119.0,8,338.07566627082167,0.08332804758702138,0.0003078404321957531,0.5904129849247507,0.04919796130380496,0.00018175298845321994,0.9886567435584795,0.005160136530037326,3,6
1,3,7,68234.45,8,282.9420272476855,1216148.0,8,274.05003264210717,0.056107028091975646,0.0002329975608679801,68234.45,8,282.9420272476855,709748.0,8,274.05003264210717,0.09613898172309045,0.000400375992101716,0.5904129849247507,0.056761703166755884,0.00023638718458898257,0.9884662538603375,0.005813384277228888,3,7
1,3,8,62341.14,8,265.3655154465817,1008007.0,8,257.13120440580525,0.061845939561927646,0.0002637298971644366,62341.14,8,265.3655154465817,589792.0,8,257.13120440580525,0.1057002129564321,0.00045228439245784726,0.5904129849247507,0.06240677823878889,0.000267034578185915,0.9910131768905729,0.005986702224120484,3,8
1,3,9,32754.32,8,189.34764742008284,502458.0,8,179.69657650645433,0.06518817493203412,0.0003775632005112623,32754.32,8,189.34764742008284,294856.0,8,179.69657650645433,0.1110858181620859,0.0006457286296953646,0.5904129849247507,0.06558650948388522,0.0003812465677098092,0.9939265779657175,0.008155993145211341,3,9
1,3,10,17950.004,8,138.87597411507147,316860.0,8,131.01286686677,0.05664963706368743,0.0004389135644932355,17950.004,8,138.87597411507147,186107.0,8,131.01286686677,0.09644991322196371,0.0007492983367153857,0.5904129849247507,0.05694528116111277,0.0004423954675792818,0.9948082775008366,0.010914970760775076,3,10
1,3,11,6451.9310000000005,8,82.39256050645592,218425.0,8,78.97912614963526,0.029538427377818477,0.00037736331382466566,6451.9310000000005,8,82.39256050645592,127363.0,8,78.97912614963526,0.05065781270855743,0.000647673528638913,0.5904129849247507,0.02990903041101836,0.00038239486130044664,0.9876089920633684,0.01785011872475316,3,11
1,4,1,19210.8562,8,181.6907313050118,2550884.0,8,185.0606375111682,0.0075310583311510824,7.122867076328776e-05,19210.8562,8,181.6907313050118,1479263.0,8,185.0606375111682,0.012986775306351879,0.00012283591618448476,0.5904129849247507,0.0076675607731702565,7.252391993044814e-05,0.982197409833801,0.013137877809714487,4,1
1,4,2,30408.855,8,213.5273961440077,2074935.0,8,214.27476975472405,0.014655328962112066,0.0001029191209657881,30408.855,8,213.5273961440077,1207898.0,8,214.27476975472405,0.025175018917160223,0.00017683241849970866,0.5904129849247507,0.014863658064417633,0.0001044041560378757,0.9859839952316792,0.0097933473227887,4,2
1,4,3,35541.242,8,218.51433559478428,1677717.0,8,218.6745768271886,0.021184289126235233,0.00013027431551631326,35541.242,8,218.51433559478428,977900.0,8,218.6745768271886,0.0363444544431946,0.00022360038805620226,0.5904129849247507,0.02145823783326814,0.00013201657254259495,0.98723340149543,0.008587653460428151,4,3
1,4,4,35633.85,8,209.4554706079075,1351051.0,8,208.9480655263908,0.02637491108773836,0.00015508515807269405,35633.85,8,209.4554706079075,787832.0,8,208.9480655263908,0.045230264828034404,0.0002661336109682375,0.5904129849247507,0.02670453566605676,0.00015712873964055947,0.9876566070108691,0.008215725765758916,4,4
1,4,5,69299.3465,8,291.6684975801845,1956102.0,8,290.0661689728397,0.035427266318423065,0.00014919951575780965,69299.3465,8,291.6684975801845,1139932.0,8,290.0661689728397,0.06079252665948495,0.00025633201808718904,0.5904129849247507,0.03589269712614399,0.00015134175193064247,0.9870327157057832,0.005882174718155186,4,5
1,4,6,55892.511,8,253.32778327625257,1245033.0,8,250.10939226152624,0.04489239321367385,0.00020367049342750681,55892.511,8,253.32778327625257,725298.0,8,250.10939226152624,0.07706144371003366,0.0003502835022670681,0.5904129849247507,0.04549807700345163,0.00020681192814339536,0.9866877057302481,0.006336713301589086,4,6
1,4,7,41371.977999999996,8,218.0435846683869,787927.0,8,212.34636317905236,0.05250737441412719,0.00027709225870426693,41371.977999999996,8,218.0435846683869,460084.0,8,212.34636317905236,0.08992266194868762,0.0004757350416594771,0.5904129849247507,0.05309150725350396,0.0002808801459794725,0.9889976218496187,0.007390281313134889,4,7
1,4,8,40996.368,8,213.93711401353434,675083.0,8,206.8961120497918,0.06072789271837686,0.00031745095676828205,40996.368,8,213.93711401353434,391872.0,8,206.8961120497918,0.10461673199412054,0.0005487232248296114,0.5904129849247507,0.06176707700972137,0.0003239733170691859,0.9831757573507816,0.007280608922019522,4,8
1,4,9,23711.683,8,160.2454246606748,345222.0,8,156.378889040209,0.06868531843277659,0.00046522235842808246,23711.683,8,160.2454246606748,199747.0,8,156.378889040209,0.11870858135541461,0.0008076070221686934,0.5904129849247507,0.07008708785423294,0.0004768216726048076,0.9799996052857589,0.009408065679402545,4,9
1,4,10,16570.27,8,133.36512911402292,218927.0,8,130.304379645774,0.07568856285428477,0.0006108397187685299,16570.27,8,133.36512911402292,127140.0,8,130.304379645774,0.13033089507629386,0.0010574332760177182,0.5904129849247507,0.07694905278990916,0.0006243223368523789,0.9836191624208053,0.011256317873653702,4,10
1,4,11,12277.982,8,113.89513512902998,154709.0,8,105.5776678397946,0.0793617824431675,0.0007381788949493026,12277.982,8,113.89513512902998,90696.0,8,105.5776678397946,0.13537512128429038,0.0012656392091715725,0.5904129849247507,0.07992722944200803,0.0007472498233247891,0.9929254773024404,0.013094687172852735,4,11
1,5,1,11620.7148,8,127.2751365249478,1340462.0,8,128.99873438435006,0.008669186295471263,9.495237426500482e-05,11620.7148,8,127.2751365249478,773538.0,8,128.99873438435006,0.01502281051480341,0.00016455544437103214,0.5904129849247507,0.008869662398004012,9.715567109671985e-05,0.9773975498122833,0.01514016206462216,5,1
1,5,2,16725.2556,8,148.35942851127493,1111843.0,8,150.7226418366932,0.015042821333587567,0.00013345117286173036,16725.2556,8,148.35942851127493,644379.0,8,150.7226418366932,0.025955618665412745,0.00023031631811433427,0.5904129849247507,0.015324534291814913,0.00013598174485476253,0.9816168665968653,0.012316866284022645,5,2
1,5,3,18236.9069,8,146.220710006456,918839.0,8,149.10739935563225,0.019847771916516387,0.00015916896865329105,18236.9069,8,146.220710006456,533176.0,8,149.10739935563225,0.034204290703257464,0.000274411503510415,0.5904129849247507,0.02019465737134414,0.00016201611488527283,0.982822909621632,0.011148706179056172,5,3
1,5,4,18331.498,8,145.11150091784594,756491.0,8,143.57451725877402,0.02423227507002727,0.00019187697163548467,18331.498,8,145.11150091784594,439847.0,8,143.57451725877402,0.04167698767980684,0.00033019395429814935,0.5904129849247507,0.024606634698706817,0.00019495079816127706,0.9847862321173394,0.011030818298623467,5,4
1,5,5,35699.299999999996,8,202.0753636758326,1131167.0,8,201.6355078583383,0.031559707806186,0.0001787318196900758,35699.299999999996,8,202.0753636758326,657906.0,8,201.6355078583383,0.05426200703443956,0.00030759917842544584,0.5904129849247507,0.032036993541211284,0.00018161054909456844,0.9851020435356607,0.00789360572438647,5,5
1,5,6,30672.82,8,184.26269771114826,757825.0,8,184.438512184576,0.040474806188763895,0.0002433462268483395,30672.82,8,184.26269771114826,440401.0,8,184.438512184576,0.06964748036448601,0.0004194130266765486,0.5904129849247507,0.04112077677448415,0.00024762689699642514,0.9842908953480402,0.008375811935178008,5,6
1,5,7,23771.7095,8,160.80849539956682,504063.0,8,161.6785903625771,0.04716019525337111,0.0003193830138593858,23771.7095,8,160.80849539956682,293733.0,8,161.6785903625771,0.08092965209901509,0.0005492741631251439,0.5904129849247507,0.04778191746470112,0.00032429859819276067,0.9869883369207755,0.009463164549901615,5,7
1,5,8,25290.942799999997,8,165.84463137303058,453791.0,8,161.8183121704713,0.05573257909478151,0.0003660047524791848,25290.942799999997,8,165.84463137303058,263497.0,8,161.8183121704713,0.09598190036319199,0.0006321526441024606,0.5904129849247507,0.05666896029218219,0.00037323112953260737,0.9834762947374939,0.009147131022092957,5,8
1,5,9,15304.077,8,127.18799635028455,243347.0,8,124.26241545680658,0.06288993494885903,0.0005236467085283799,15304.077,8,127.18799635028455,141428.0,8,124.26241545680658,0.10821108267104108,0.0009043246063176313,0.5904129849247507,0.06388922832174833,0.0005339249901568927,0.9843589694360241,0.011612477486604779,5,9
1,5,10,11132.360999999999,8,108.43890026438851,159293.0,8,105.08245771478701,0.069886065301049,0.0006823105069325615,11132.360999999999,8,108.43890026438851,92297.0,8,105.08245771478701,0.1206145486852227,0.0011828888451882384,0.5904129849247507,0.07121239571459399,0.0006983929339217791,0.9813750064123573,0.013580633870906491,5,10
1,5,11,8878.362000000001,8,96.62488977075213,107512.0,8,89.84858835947284,0.08258019569908476,0.0009013816756000986,8878.362000000001,8,96.62488977075213,62484.0,8,89.84858835947284,0.1420901670827732,0.0015598335058503905,0.5904129849247507,0.08389187967579667,0.0009209459561747677,0.9843645894956584,0.015238704351791695,5,11
1,6,1,7048.1089,8,92.66994328115724,683428.0,8,97.40850227830678,0.010312876996552672,0.00013560373287835946,7048.1089,8,92.66994328115724,392792.0,8,97.40850227830678,0.017943616214179517,0.0002359682099914761,0.5904129849247507,0.010594144009357884,0.00013931869520841778,0.973450708942906,0.018102836614939773,6,1
1,6,2,9106.2051,8,104.8838443165505,574855.0,8,104.60363939442261,0.015840873089735672,0.00018247546373188666,9106.2051,8,104.8838443165505,332228.0,8,104.60363939442261,0.02740950521930722,0.00031581632308306764,0.5904129849247507,0.01618292779184171,0.0001864620579994334,0.9788632374496241,0.015948373280684165,6,2
1,6,3,9469.107,8,103.40462909048124,481860.0,8,102.5357956068655,0.019651158012700783,0.00021463549350662407,9469.107,8,103.40462909048124,279392.0,8,102.5357956068655,0.03389183298018555,0.0003703148515518034,0.5904129849247507,0.02001017827440246,0.0002186386968666662,0.9820581177849402,0.015172143299095575,6,3
1,6,4,9257.235999999999,8,101.16529718149401,403430.0,8,102.11434482373178,0.022946325260887884,0.0002508302036763657,9257.235999999999,8,101.16529718149401,234801.0,8,102.11434482373178,0.03942587978756478,0.0004311965165305983,0.5904129849247507,0.02327755136866052,0.00025458402241398514,0.9857705777327345,0.015243024478522275,6,4
1,6,5,17714.871,8,139.24389079665218,616805.0,8,141.44045690558272,0.028720375159085935,0.00022584630912371434,17714.871,8,139.24389079665218,359170.0,8,141.44045690558272,0.04932168889383857,0.0003881686421996956,0.5904129849247507,0.029120165561341154,0.00022917980669530982,0.9862710120444519,0.010972713504575163,6,5
1,6,6,15334.465,8,128.88722369598935,425007.0,8,130.3055997190451,0.0360804998505907,0.0003034607539368824,15334.465,8,128.88722369598935,247632.0,8,130.3055997190451,0.06192440799250501,0.0005214978803653258,0.5904129849247507,0.03656097456255297,0.00030789912017842254,0.9868582630055382,0.011745737647501704,6,6
1,6,7,12544.468,8,115.45616458184465,291401.0,8,115.39271933917668,0.043048815892876145,0.00039657715430340735,12544.468,8,115.45616458184465,169666.0,8,115.39271933917668,0.07393625122299105,0.000682346275913424,0.5904129849247507,0.0436529227787124,0.00040286610151433214,0.9861611354433557,0.012859384208913532,6,7
1,6,8,13740.054,8,120.36361496773019,272447.0,8,119.43429179887994,0.05043202531134496,0.0004423400954405698,13740.054,8,120.36361496773019,159194.0,8,119.43429179887994,0.08631012475344549,0.000758849158196987,0.5904129849247507,0.050958618384909365,0.00044803439659871745,0.9896662607767964,0.012290688019219363,6,8
1,6,9,8588.5457,8,95.0442641650305,148692.0,8,91.41637408504069,0.05776064415032416,0.0006401879467232024,8588.5457,8,95.0442641650305,86822.0,8,91.41637408504069,0.0989213068116376,0.001099646360107552,0.5904129849247507,0.058404424027316035,0.0006492454898327371,0.988977206988793,0.015524640978984103,6,9
1,6,10,6591.3488,8,83.76461965399234,98612.0,8,79.87655521767635,0.06684124447328925,0.0008511600941213122,6591.3488,8,83.76461965399234,58099.0,8,79.87655521767635,0.11345029690700356,0.0014501691583131268,0.5904129849247507,0.06698252843746319,0.0008561987014054665,0.9978907340843987,0.018004846586198626,6,10
1,6,11,5123.84,8,73.33384118304456,66222.0,8,66.94661370129187,0.07737368246202168,0.0011101530283639158,5123.84,8,73.33384118304456,38775.0,8,66.94661370129187,0.13214287556415216,0.0019049776178973912,0.5904129849247507,0.07801886959837098,0.0011247235215976399,0.9917303706184079,0.020171068224456676,6,11
1,7,1,3351.9758,8,64.13930422062045,287897.0,8,65.35875439231764,0.011642968839550256,0.0002228012735854682,3351.9758,8,64.13930422062045,166053.0,8,65.35875439231764,0.02018618031592323,0.00038633973619913895,0.5904129849247507,0.01191818297455348,0.00022809999684437438,0.9769080458329231,0.02643950187579963,7,1
1,7,2,4185.398999999999,8,68.51347864843822,242187.0,8,71.26819468416468,0.01728168316218459,0.0002829406533300522,4185.398999999999,8,68.51347864843822,140746.0,8,71.26819468416468,0.02973725008170747,0.0004870209395861891,0.5904129849247507,0.017557258584194695,0.0002875434866619386,0.9843041884535333,0.022794098102105413,7,2
1,7,3,4068.406,8,68.07267376304533,203001.0,8,68.01849985327522,0.020041310141329354,0.0003353989462076747,4068.406,8,68.07267376304533,117708.0,8,68.01849985327522,0.03456354708261121,0.0005786629464499639,0.5904129849247507,0.020406767002631644,0.0003416501174788744,0.9820913885450272,0.02324814975383914,7,3
1,7,4,3921.8339,8,65.63010081079337,170259.0,8,67.37029594153495,0.023034517411708047,0.00038557988195106805,3921.8339,8,65.63010081079337,99350.0,8,67.37029594153495,0.03947492601912431,0.0006611370010646019,0.5904129849247507,0.02330650890063489,0.0003903438702427497,0.9883298056312744,0.02340289670978103,7,4
1,7,5,7127.7519999999995,8,89.14904938360252,263196.0,8,91.47626227705196,0.027081536193559172,0.0003388480949703175,7127.7519999999995,8,89.14904938360252,154516.0,8,91.47626227705196,0.046129539982914386,0.0005776027205516805,0.5904129849247507,0.027235479394518116,0.0003410241463415743,0.9943476962997784,0.017601280233159367,7,5
1,7,6,6306.7296,8,82.63445888012095,182705.0,8,83.97756311450101,0.0345186480939219,0.0004525617121712398,6306.7296,8,82.63445888012095,107144.0,8,83.97756311450101,0.058862181736728136,0.0007726253671815743,0.5904129849247507,0.0347529964183648,0.00045616804926625477,0.9932567447818955,0.018427014967887165,7,6
1,7,7,5360.807000000001,8,75.25293633626532,127689.0,8,74.04495822140763,0.04198331101347807,0.0005898481249661839,5360.807000000001,8,75.25293633626532,74930.0,8,74.04495822140763,0.07154420125450421,0.0010067952251380599,0.5904129849247507,0.042240625416728926,0.0005944249740817483,0.9939083666325416,0.0197640862882433,7,7
1,7,8,5957.700000000001,8,79.9324035932237,121587.0,8,78.64555055252649,0.048999481852500686,0.000658172680487628,5957.700000000001,8,79.9324035932237,71638.0,8,78.64555055252649,0.0831639632597225,0.0011195112185737313,0.5904129849247507,0.04910108378634506,0.0006609739602148616,0.9979307598527463,0.01897740120582834,7,8
1,7,9,3635.7439999999997,8,64.39601371863013,66432.0,8,58.76446431866796,0.05472880539499036,0.0009705604864704717,3635.7439999999997,8,64.39601371863013,39106.0,8,58.76446431866796,0.09297151332276377,0.001652620037182075,0.5904129849247507,0.05489158869386418,0.0009757283290991214,0.9970344582339986,0.02503459883780236,7,9
1,7,10,2417.112,8,50.59564035201057,40127.0,8,50.40532004669745,0.060236548957061334,0.001263156001733682,2417.112,8,50.59564035201057,23899.0,8,50.40532004669745,0.1011386250470731,0.0021277802674507834,0.5904129849247507,0.05971355750522759,0.0012562690989696014,1.0087583368615738,0.029964470204095445,7,10
1,7,11,1024.0763,8,32.91049886618251,15878.0,8,30.934802178790477,0.06449655498173573,0.002076516073254781,1024.0763,8,32.91049886618251,9660.0,8,30.934802178790477,0.10601203933747412,0.0034237568263471726,0.5904129849247507,0.06259088458319818,0.0020214304875001256,1.0304464525661794,0.04699100403176397,7,11
1,8,1,920.7911,8,32.57682455263097,79053.0,8,33.65249758788937,0.01164776921811949,0.00041211823297398787,920.7911,8,32.57682455263097,45991.0,8,33.65249758788937,0.02002111500076102,0.0007084819037189814,0.5904129849247507,0.011820726269121016,0.00041829691553989365,0.9853683228031989,0.04930868077420717,8,1
1,8,2,1107.739,8,35.6146582840549,64496.0,8,35.329090842816775,0.017175313197717687,0.0005522796299838863,1107.739,8,35.6146582840549,37660.0,8,35.329090842816775,0.02941420605416888,0.000946091763111603,0.5904129849247507,0.017366529195633522,0.0005585848618714417,0.9889893947281123,0.044980252219960055,8,2
1,8,3,1123.855,8,35.098981020251856,52132.0,8,35.24315700175,0.02155787232410036,0.0006734290489964393,1123.855,8,35.098981020251856,30711.0,8,35.24315700175,0.03659454267200677,0.0011436510723918615,0.5904129849247507,0.02160589317093568,0.000675226443363271,0.9977774190376949,0.044089002589001544,8,3
1,8,4,893.166,8,31.600551394872845,42084.0,8,31.526880758489252,0.02122341032221272,0.0007510606031731366,893.166,8,31.600551394872845,24757.0,8,31.526880758489252,0.03607731146746375,0.0012772554912340321,0.5904129849247507,0.02130051315156521,0.0007541082270910136,0.996380236062678,0.04987602495606383,8,4
1,8,5,1490.8401000000001,8,40.46870161340736,58995.0,8,41.201617000366625,0.025270617848970254,0.0006861953287331504,1490.8401000000001,8,40.46870161340736,35048.0,8,41.201617000366625,0.04253709484136042,0.0011557473781365595,0.5904129849247507,0.025114453135314824,0.0006823682593445606,1.0062181212074985,0.03865188389123749,8,5
1,8,6,1081.7877999999998,8,34.45614660591198,34697.0,8,31.557355810526964,0.031178136438308784,0.0009934631648361645,1081.7877999999998,8,34.45614660591198,20672.0,8,31.557355810526964,0.05233106617647058,0.0016687160969149327,0.5904129849247507,0.030896940985544654,0.000985231651771525,1.00910107744633,0.04548958462803105,8,6
1,8,7,562.0975,8,24.829543365752823,18411.0,8,24.11096225343153,0.030530525229482373,0.0013492180127207092,562.0975,8,24.829543365752823,11105.0,8,24.11096225343153,0.050616614137775774,0.0022385878469320586,0.5904129849247507,0.029884706239868532,0.0013216913327234276,1.0216103509410532,0.06387263003686298,8,7
1,8,8,359.34749999999997,8,19.937259832481995,10870.0,8,17.061716781801298,0.03305864765409383,0.001834888382400733,359.34749999999997,8,19.937259832481995,6674.0,8,17.061716781801298,0.05384289781240635,0.0029904724383909157,0.5904129849247507,0.03178954601442116,0.0017656137586855782,1.03992198061265,0.081655186676727,8,8
1,8,9,19.8174,8,4.54907,2201.0,8,4.12018,0.009003816447069513,0.00206688835102077,19.8174,8,4.54907,1368.0,8,4.12018,0.01448640350877193,0.0033256297847176933,0.5904129849247507,0.008552960736438417,0.001963495007949829,1.0527134082014784,0.3417645449829614,8,9
1,8,10,0.0,8,0.0,96.0,8,0.0,0.0,,0.0,8,0.0,57.0,8,0.0,0.0,,0.5904129849247507,0.0,,,,8,10
1,8,11,0.0,8,0.0,0.0,8,0.0,,,0.0,8,0.0,0.0,8,0.0,,,0.5904129849247507,,,,,8,11
2,1,1,43651.441,8,627.1271662701752,114880500.0,8,654.1844129007126,0.00037997258890760396,5.458952698961076e-06,43651.441,8,627.1271662701752,63251470.0,8,654.1844129007126,0.0006901253204075731,9.914826149916192e-06,0.5979512577774716,0.0004126613033617889,5.928582766987353e-06,0.9207856074997028,0.01870814049527506,1,1
2,1,2,45655.380000000005,8,385.35329897077565,48187300.0,8,352.98963790692216,0.0009474566950213024,7.996991823562193e-06,45655.380000000005,8,385.35329897077565,26560800.0,8,352.98963790692216,0.0017189007861209001,1.4508364832754223e-05,0.5979512577774716,0.001027818887055677,8.675295000039824e-06,0.9218128864467721,0.011003358001479679,1,2
2,1,3,36327.363,8,274.33756761293193,24569360.0,8,245.4559624736584,0.0014785636662900457,1.1165850786039534e-05,36327.363,8,274.33756761293193,13571560.0,8,245.4559624736584,0.002676727141168738,2.02142093000264e-05,0.5979512577774716,0.0016005523607889427,1.208711187592785e-05,0.9237833778591495,0.00986591487909652,1,3
2,1,4,22163.009000000002,8,190.57401121165498,13708650.0,8,167.75625213532282,0.0016167171092704242,1.3901748472696708e-05,22163.009000000002,8,190.57401121165498,7583643.0,8,167.75625213532282,0.0029224752536478843,2.512969582393017e-05,0.5979512577774716,0.0017474977537422878,1.5026333225484322e-05,0.9251611945183934,0.011250408626830723,1,4
2,1,5,15865.277,8,141.7834847306272,13011130.0,8,139.35876225063856,0.0012193619616436082,1.089710014127656e-05,15865.277,8,141.7834847306272,7218120.0,8,139.35876225063856,0.002197979113675029,1.9642762326237305e-05,0.5979512577774716,0.001314284375590596,1.1745414439197531e-05,0.9277763506057564,0.011725650509195946,1,5
2,1,6,553.5314999999999,8,25.24578431207278,5018964.0,8,49.27448993434635,0.00011028799967483328,5.030078896157292e-06,553.5314999999999,8,25.24578431207278,2795044.0,8,49.27448993434635,0.00019804035285312144,9.032339454417923e-06,0.5979512577774716,0.00011841847807921825,5.4008987374422785e-06,0.931341134118056,0.06007175648124881,1,6
2,1,7,0.0,8,0.0,2027895.0,8,8.792060964898958,0.0,,0.0,8,0.0,1135296.0,8,8.792060964898958,0.0,,0.5979512577774716,0.0,,,,1,7
2,1,8,0.0,8,0.0,1032459.0,8,6.50802,0.0,,0.0,8,0.0,585776.0,8,6.50802,0.0,,0.5979512577774716,0.0,,,,1,8
2,1,9,0.0,8,0.0,251464.0,8,0.0,0.0,,0.0,8,0.0,147143.0,8,0.0,0.0,,0.5979512577774716,0.0,,,,1,9
2,1,10,0.0,8,0.0,52875.0,8,0.0,0.0,,0.0,8,0.0,32819.0,8,0.0,0.0,,0.5979512577774716,0.0,,,,1,10
2,1,11,0.0,8,0.0,3089.0,8,0.0,0.0,,0.0,8,0.0,2018.0,8,0.0,0.0,,0.5979512577774716,0.0,,,,1,11
2,2,1,110899.11,8,698.7763401122279,10380020.0,8,705.5634630108124,0.010683901379766127,6.73232805512156e-05,110899.11,8,698.7763401122279,5668152.0,8,705.5634630108124,0.01956530276534574,0.0001233052119478033,0.5979512577774716,0.01169909739733553,7.373050657470669e-05,0.913224415261248,0.008138748799304209,2,1
2,2,2,133546.19,8,574.2675388644652,7973374.0,8,573.6077237296583,0.016749018671393064,7.203323182629605e-05,133546.19,8,574.2675388644652,4357459.0,8,573.6077237296583,0.030647721527615062,0.00013185128219849704,0.5979512577774716,0.01832584363545112,7.884064003016366e-05,0.9139562142171884,0.005559749809519785,2,2
2,2,3,134474.98,8,476.1194930831545,5989700.0,8,461.78142337353717,0.022451037614571682,7.950854888122918e-05,134474.98,8,476.1194930831545,3274200.0,8,461.78142337353717,0.04107109522936901,0.00014553084388569797,0.5979512577774716,0.024558513050699515,8.702035114686997e-05,0.914185544060543,0.004579810068000614,2,3
2,2,4,109709.56,8,393.1814312525198,4437293.0,8,384.7164320201569,0.02472443446939384,8.863432523766223e-05,109709.56,8,393.1814312525198,2428152.0,8,384.7164320201569,0.04518232795969939,0.0001620843660512406,0.5979512577774716,0.02701682983281647,9.691855054640342e-05,0.9151493577296722,0.004641208484532915,2,4
2,2,5,143100.83,8,442.43599193781694,5732431.0,8,432.3701840218518,0.02496337592201284,7.720417872423039e-05,143100.83,8,442.43599193781694,3137631.0,8,432.3701840218518,0.0456079220277974,0.00014114955712379564,0.5979512577774716,0.027271314341138306,8.440055521690668e-05,0.9153712068932454,0.004004982845725464,2,5
2,2,6,69515.19,8,294.1728501649668,3242919.0,8,282.02796371560396,0.02143599331343151,9.073151832823885e-05,69515.19,8,294.1728501649668,1779079.0,8,282.02796371560396,0.03907369487245929,0.00016546717882973396,0.5979512577774716,0.023364164995000176,9.894130770212924e-05,0.9174731182568996,0.00549324976634363,2,6
2,2,7,28247.31,8,178.2310957731843,1896704.0,8,174.6216004438168,0.014892840422121745,9.397885375360851e-05,28247.31,8,178.2310957731843,1039323.0,8,174.6216004438168,0.027178567201918944,0.00017154847214591562,0.5979512577774716,0.01625145844297697,0.0001025776246894538,0.9164002402847512,0.00817912133770405,2,7
2,2,8,11553.131000000001,8,111.72545158297638,1508626.0,8,114.04367400408495,0.007658048449383744,7.406001554002877e-05,11553.131000000001,8,111.72545158297638,825856.0,8,114.04367400408495,0.013989280213499692,0.00013529821387553412,0.5979512577774716,0.008364907699063636,8.090173716192099e-05,0.9154970652265515,0.01252140740818347,2,8
2,2,9,953.8489999999999,8,32.23464550078999,693447.0,8,43.15858876148756,0.001375518244364746,4.6484735194419636e-05,953.8489999999999,8,32.23464550078999,380311.0,8,43.15858876148756,0.002508076284935224,8.475912409981245e-05,0.5979512577774716,0.0014997073691788655,5.068182486359966e-05,0.9171910951653743,0.04383486664722105,2,9
2,2,10,0.0,8,0.0,354652.0,8,11.361161324054862,0.0,,0.0,8,0.0,198514.0,8,11.361161324054862,0.0,,0.5979512577774716,0.0,,,,2,10
2,2,11,0.0,8,0.0,109264.0,8,3.91555,0.0,,0.0,8,0.0,64626.0,8,3.91555,0.0,,0.5979512577774716,0.0,,,,2,11
2,3,1,80553.85,8,528.965209325377,4992846.0,8,541.1142836930106,0.016133854318759282,0.00010595905587911978,80553.85,8,528.965209325377,2720459.0,8,541.1142836930106,0.029610389276221404,0.00019452887170766882,0.5979512577774716,0.017705569510997145,0.00011631878351163298,0.9112304638796481,0.008464731549536942,3,1
2,3,2,82007.185,8,383.7620089430557,3971625.0,8,426.0127519458543,0.020648269914707456,9.665132273021299e-05,82007.185,8,383.7620089430557,2170347.0,8,426.0127519458543,0.037785287329629776,0.0001769760585108755,0.5979512577774716,0.022593760084235286,0.00010582305678307742,0.9138925897117368,0.006051571325121555,3,2
2,3,3,83689.849,8,348.3077143833309,3119149.0,8,343.8720898231492,0.02683098787521853,0.00011170671672518258,83689.849,8,348.3077143833309,1704344.0,8,343.8720898231492,0.04910384816680201,0.00020460468358497906,0.5979512577774716,0.029361707773053254,0.00012234362789679984,0.9138088316457772,0.00538259564736394,3,3
2,3,4,79829.961,8,323.2710183997013,2425358.0,8,316.4662741060412,0.03291471238472836,0.0001333571343871193,79829.961,8,323.2710183997013,1324983.0,8,316.4662741060412,0.060249800186115594,0.0002444052729852285,0.5979512577774716,0.03602644380212916,0.00014614244038896367,0.9136264618708523,0.005238107462258509,3,4
2,3,5,130598.31,8,444.22398495215225,3322543.0,8,401.15074223774036,0.039306732824827245,0.00013378419528867403,130598.31,8,444.22398495215225,1814699.0,8,401.15074223774036,0.07196692674652931,0.00024530850376095316,0.5979512577774716,0.043032714366466364,0.00014668252836737156,0.9134151401673462,0.004399893819828264,3,5
2,3,6,85747.22,8,318.7683340179824,1972588.0,8,311.5179706754652,0.04346940161858432,0.00016174478934277082,85747.22,8,318.7683340179824,1075988.0,8,311.5179706754652,0.0796916136611189,0.00029715346321056797,0.5979512577774716,0.047651700622982386,0.00017768328707969076,0.9122319046388673,0.0048053845750945815,3,6
2,3,7,52777.81,8,244.2503845384895,1186765.0,8,241.59990135142854,0.04447199740470944,0.00020601095490220002,52777.81,8,244.2503845384895,647513.0,8,241.59990135142854,0.0815084948101428,0.00037843709785428747,0.5979512577774716,0.04873810699127341,0.00022628693865162729,0.9124687057023405,0.005984540250060227,3,7
2,3,8,43948.090000000004,8,220.4349041455096,978252.0,8,211.1100339335627,0.04492512154332422,0.00022554396617722932,43948.090000000004,8,220.4349041455096,535093.0,8,211.1100339335627,0.08213168552008716,0.0004132286639602685,0.5979512577774716,0.04911074466011987,0.0002470905993647467,0.9147717440294777,0.0065018818509921476,3,8
2,3,9,18548.1,8,141.29095937992636,494782.0,8,135.26664840229463,0.037487418701569575,0.0002857458903840495,18548.1,8,141.29095937992636,270542.0,8,135.26664840229463,0.06855904074043956,0.000523375215557835,0.5979512577774716,0.040994964642762755,0.0003129528684323628,0.9144395910142002,0.009864877644401183,3,9
2,3,10,7908.313999999999,8,91.65362497730246,315130.0,8,86.71029267849347,0.025095401897629547,0.0002909258174683489,7908.313999999999,8,91.65362497730246,172867.0,8,86.71029267849347,0.04574796809107579,0.0005306937003155319,0.5979512577774716,0.027355055060822406,0.00031732896559825285,0.9173954079723602,0.015045330130681255,3,10
2,3,11,1637.3426,8,41.727717417128154,180818.0,8,43.076969972740656,0.009055196938357907,0.00023078200491860276,1637.3426,8,41.727717417128154,102267.0,8,43.076969972740656,0.016010468675134695,0.00040808292626002895,0.5979512577774716,0.0095734798819036,0.0002440136990346955,0.9458626382528484,0.034093161878694773,3,11
2,4,1,47447.381,8,296.93089005095106,2735943.0,8,301.4980642497726,0.01734224031714111,0.00010854645806282647,47447.381,8,296.93089005095106,1481299.0,8,301.4980642497726,0.03203092758450522,0.00020055903165804668,0.5979512577774716,0.019152933436934007,0.00011992452523856076,0.9054613161083094,0.008016346783301076,4,1
2,4,2,48256.702,8,265.8133369926348,2227048.0,8,264.2057261335757,0.021668460670807275,0.0001193844856277647,48256.702,8,265.8133369926348,1209969.0,8,264.2057261335757,0.03988259368628452,0.00021985861605867903,0.5979512577774716,0.023847847058141677,0.00013146473600550134,0.9086128663094408,0.007081640525085962,4,2
2,4,3,46889.452900000004,8,243.52434184128086,1802708.0,8,249.68407832247573,0.02601056460613699,0.00013513609783346984,46889.452900000004,8,243.52434184128086,977909.0,8,249.68407832247573,0.04794868735229966,0.0002493263132023767,0.5979512577774716,0.028670977911086325,0.00014908498257638097,0.9072088397821749,0.006668510565487672,4,3
2,4,4,44462.2074,8,231.24439416501667,1449879.0,8,229.4973436355323,0.030666150347718673,0.00015956605015038066,44462.2074,8,231.24439416501667,786051.0,8,229.4973436355323,0.056564023708385334,0.0002946481474202704,0.5979512577774716,0.03382252912138373,0.00017618523035175255,0.906678215507264,0.006675605127543368,4,4
2,4,5,80880.515,8,314.8083631147527,2086132.0,8,305.57458793502445,0.03877056437464168,0.00015101211770401186,80880.515,8,314.8083631147527,1131659.0,8,305.57458793502445,0.07147074781360817,0.0002788516770712717,0.5979512577774716,0.04273602354944348,0.00016673971103812424,0.9072103849293802,0.0050015040722001846,4,5
2,4,6,60060.94,8,260.35477478984325,1315081.0,8,260.0068675043796,0.04567090544232637,0.0001981820412724026,60060.94,8,260.35477478984325,714142.0,8,260.0068675043796,0.08410223737015889,0.0003658536687635742,0.5979512577774716,0.050289038617385984,0.0002187626613996817,0.9081681952563112,0.005580128783281318,4,6
2,4,7,41679.885,8,214.1323619881404,825716.0,8,210.77883183363076,0.05047726458007354,0.0002596492269119018,41679.885,8,214.1323619881404,448919.0,8,210.77883183363076,0.09284500099127015,0.0004789834068978388,0.5979512577774716,0.05551678512108058,0.0002864087306091012,0.9092252815069175,0.006623903747567672,4,7
2,4,8,38161.363,8,204.58313695461317,697437.0,8,200.1439314150444,0.05471657368335778,0.00029375561091602077,38161.363,8,204.58313695461317,379535.0,8,200.1439314150444,0.10054767807975548,0.0005416378265379663,0.5979512577774716,0.0601226105743941,0.00032387301963823296,0.9100831311317222,0.0069214871070924135,4,8
2,4,9,20103.043,8,146.4311276716805,351166.0,8,142.52087711907333,0.05724655291229789,0.000417632253054432,20103.043,8,146.4311276716805,191548.0,8,142.52087711907333,0.10495041973813353,0.0007684397118716263,0.5979512577774716,0.06275523548669053,0.0004594894922397968,0.9122195537683713,0.009428681581314225,4,9
2,4,10,12775.967,8,115.99516502626305,220842.0,8,111.19982458740661,0.05785116508635133,0.0005260476485300083,12775.967,8,115.99516502626305,120879.0,8,111.19982458740661,0.10569219632855997,0.000964510507644008,0.5979512577774716,0.0631987817319259,0.0005767302711853223,0.9153841814822019,0.01179256539050448,4,10
2,4,11,7384.885,8,87.65535950961583,135925.0,8,81.22421950434489,0.05433058672061799,0.0006456970622516913,7384.885,8,87.65535950961583,76153.0,8,81.22421950434489,0.09697431486612478,0.0011556805944456874,0.5979512577774716,0.057985913546307874,0.0006910406650378148,0.9369618136175311,0.01576959252930389,4,11
2,5,1,34032.963,8,216.94859577948412,1573751.0,8,220.10361279742776,0.021625379745588726,0.0001378876356311171,34032.963,8,216.94859577948412,847450.0,8,220.10361279742776,0.04015925777331996,0.0002562140422124939,0.5979512577774716,0.024013278696966373,0.00015320350880121094,0.9005592288536879,0.008123005235594455,5,1
2,5,2,29854.731,8,194.78746348037544,1300973.0,8,194.70678523376273,0.022948001995429575,0.0001497638328038831,29854.731,8,194.78746348037544,703187.0,8,194.70678523376273,0.04245631816287844,0.00027725597198234266,0.5979512577774716,0.025386808846093675,0.00016578555717315722,0.9039340916989902,0.008345495582555694,5,2
2,5,3,27207.1227,8,180.44341142052707,1071979.0,8,180.1111238517699,0.025380275826298836,0.00016838138186853362,27207.1227,8,180.44341142052707,579314.0,8,180.1111238517699,0.04696437976641338,0.00031181978711497315,0.5979512577774716,0.028082409952065717,0.00018645303390530163,0.9037784103864592,0.008482882112194704,5,3
2,5,4,25124.214,8,167.38102508871785,878192.0,8,168.13580462962076,0.02860902171734655,0.00019067598961518156,25124.214,8,167.38102508871785,476292.0,8,168.13580462962076,0.05274960318460104,0.0003519182264019064,0.5979512577774716,0.031541691571494716,0.00021042994611183695,0.907022429424853,0.008553441968498485,5,4
2,5,5,47222.442500000005,8,229.03220212343962,1303741.0,8,230.69149670482352,0.0362207236713427,0.00017578995718278484,47222.442500000005,8,229.03220212343962,707946.0,8,230.69149670482352,0.06670345266446877,0.00032424584909212454,0.5979512577774716,0.03988541341881914,0.00019388321329376012,0.9081195496460034,0.006237920283187879,5,5
2,5,6,37640.9703,8,202.66344961284065,861163.0,8,203.12824059915943,0.043709460694432996,0.00023556265349482968,37640.9703,8,202.66344961284065,468407.0,8,203.12824059915943,0.08035953839289336,0.0004340664361949769,0.5979512577774716,0.04805108705644761,0.000259550571481771,0.9096456161977288,0.00694085020047009,5,6
2,5,7,27956.370000000003,8,175.15282937957355,565586.0,8,171.97043557272977,0.0494290346649316,0.0003100482909153011,27956.370000000003,8,175.15282937957355,307256.0,8,171.97043557272977,0.09098722238133675,0.000572325196169207,0.5979512577774716,0.05440592406459882,0.0003422225709071155,0.9085230241883602,0.00807061483731732,5,7
2,5,8,27003.1848,8,170.72271006080268,500435.0,8,169.18743834618928,0.05395942490033671,0.00034163602781203515,27003.1848,8,170.72271006080268,272335.0,8,169.18743834618928,0.09915429452696127,0.000629904126460943,0.5979512577774716,0.05928943512643436,0.0003766519646965404,0.9101018551664147,0.008162738307897316,5,8
2,5,9,15214.984,8,126.98915665355055,259168.0,8,123.19491675020524,0.058707031732312634,0.0004907818226757785,15214.984,8,126.98915665355055,141658.0,8,123.19491675020524,0.10740645780683054,0.0009013021602153248,0.5979512577774716,0.06422382653901726,0.0005389347603383057,0.9141004965913536,0.010827536995542947,5,9
2,5,10,10200.41,8,103.62855465686086,159375.0,8,98.62001413455587,0.0640025725490196,0.0006514233989723896,10200.41,8,103.62855465686086,87654.0,8,98.62001413455587,0.11637130079631278,0.0011894735371133043,0.5979512577774716,0.06958436568035571,0.0007112471976099184,0.9197838037789011,0.013267531292418927,5,10
2,5,11,6608.122,8,83.29534965116599,87416.0,8,76.09182711415201,0.07559396449162625,0.0009551308994207807,6608.122,8,83.29534965116599,49244.0,8,76.09182711415201,0.13419141418243846,0.0017041441059883137,0.5979512577774716,0.08023992489332672,0.0010189951116097772,0.9420991431899152,0.01687691594733261,5,11
2,6,1,21947.549,8,167.66428460343008,835599.0,8,172.72379026966726,0.026265647756878598,0.00020072504991772207,21947.549,8,167.66428460343008,451207.0,8,172.72379026966726,0.0486418628257097,0.00037205684669508574,0.5979512577774716,0.029085463057272356,0.00022247185944604644,0.9030506994218643,0.009764128748885983,6,1
2,6,2,17940.93,8,143.35656677466855,701231.0,8,144.52480569902178,0.025584907113347814,0.00020450357497381604,17940.93,8,143.35656677466855,378835.0,8,144.52480569902178,0.04735816384441775,0.000378845313421892,0.5979512577774716,0.028317873636801175,0.00022653103166372078,0.9034896984672723,0.010217163308238133,6,2
2,6,3,15429.110999999999,8,132.9461363540137,583787.0,8,134.6864131047746,0.02642935008830275,0.00022781217038535958,15429.110999999999,8,132.9461363540137,316367.0,8,134.6864131047746,0.048769659920282454,0.00042074018020801665,0.5979512577774716,0.029161879490712438,0.0002515821199529036,0.9062978981419921,0.011052573221950164,6,3
2,6,4,13405.734649999999,8,120.48216615200815,485418.0,8,122.8571287744769,0.02761688822828984,0.0002483013224192627,13405.734649999999,8,120.48216615200815,263659.0,8,122.8571287744769,0.050844972673036,0.0004575758600732515,0.5979512577774716,0.030402815361503046,0.0002736080610594091,0.9083661463556159,0.011555419690600886,6,4
2,6,5,23954.406,8,162.4768579344763,735210.0,8,165.67024469185768,0.0325817195087118,0.00022111573111518426,23954.406,8,162.4768579344763,400121.0,8,165.67024469185768,0.059867904958749975,0.00040682520177103357,0.5979512577774716,0.035798089070586674,0.0002432616410945632,0.9101524789344806,0.008740958418183984,6,5
2,6,6,19921.239999999998,8,150.41053782152366,496577.0,8,146.15816661551963,0.040117121815952006,0.0003031247552679303,19921.239999999998,8,150.41053782152366,271126.0,8,146.15816661551963,0.07347594845201123,0.0005561747285915671,0.5979512577774716,0.043935035793272785,0.0003325653785053714,0.9131009248453744,0.009765915678312302,6,6
2,6,7,15398.259,8,127.90518536677862,331098.0,8,128.7862822140231,0.04650665059891633,0.00038672943324341157,15398.259,8,127.90518536677862,182147.0,8,128.7862822140231,0.08453753836187256,0.0007047478735252171,0.5979512577774716,0.05054932739289295,0.0004214048773904021,0.9200251120543098,0.010833119554919318,6,7
2,6,8,15978.95,8,129.57644035541338,293532.0,8,127.72276637451915,0.05443682460515378,0.000442073926463859,15978.95,8,129.57644035541338,162131.0,8,127.72276637451915,0.09855579747241429,0.0008029706350433912,0.5979512577774716,0.05893156305989188,0.0004801373011825709,0.9237295224942512,0.01062602361603963,6,8
2,6,9,9117.863000000001,8,97.62173697758097,151314.0,8,92.64996017376154,0.06025789418031379,0.0006462141421748667,9117.863000000001,8,97.62173697758097,83702.0,8,92.64996017376154,0.1089324388903491,0.0011725174955180531,0.5979512577774716,0.06513628884725181,0.0007011083112111108,0.9251048109544877,0.014056257883881205,6,9
2,6,10,5750.321800000001,8,77.64410606016467,88155.0,8,74.41292436689073,0.06522967273552266,0.0008824874385410565,5750.321800000001,8,77.64410606016467,49563.0,8,74.41292436689073,0.11602045477473116,0.0015762285626287227,0.5979512577774716,0.06937457686046476,0.0009425078515686209,0.9402532698213226,0.018027509820966008,6,10
2,6,11,2943.9184999999998,8,55.829706388348484,37411.0,8,49.70795505649473,0.07869125390927802,0.001495992265926986,2943.9184999999998,8,55.829706388348484,21920.0,8,49.70795505649473,0.13430285127737226,0.0025651200385964196,0.5979512577774716,0.08030655884440545,0.0015338167534289257,0.9798857657659432,0.026406173120862252,6,11
2,7,1,11405.730000000001,8,115.07873040501447,355778.0,8,117.47451697644898,0.03205855898903249,0.00032362972968877964,11405.730000000001,8,115.07873040501447,194122.0,8,117.47451697644898,0.058755473362112495,0.0005938818842735257,0.5979512577774716,0.035132909198185895,0.00035511241967260953,0.9124937194409123,0.013035363162385098,7,1
2,7,2,8594.0253,8,97.05071418028875,293572.0,8,98.4561292387838,0.029273995135775888,0.000330731481483451,8594.0253,8,97.05071418028875,159498.0,8,98.4561292387838,0.053881711996388665,0.0006093844219946696,0.5979512577774716,0.03221863745944408,0.00036438218160171024,0.9086043806981339,0.014524851300212855,7,2
2,7,3,6997.5547,8,86.91885877058039,244908.0,8,90.52067541883733,0.02857217689908047,0.0003550612088467222,6997.5547,8,86.91885877058039,134560.0,8,90.52067541883733,0.052003230529131986,0.0006468953379518143,0.5979512577774716,0.031095397103386282,0.00038681188097866993,0.9188555079095281,0.016156382688571738,7,3
2,7,4,5869.4387,8,78.88960751851666,201948.0,8,80.98033761370719,0.029064109077584326,0.0003908169880816447,5869.4387,8,78.88960751851666,111053.0,8,80.98033761370719,0.052852590204677044,0.0007114226973111964,0.5979512577774716,0.03160327278968391,0.00042539609666867136,0.9196550392423778,0.017497620637335783,7,4
2,7,5,9950.778,8,104.96827068162074,301085.0,8,104.21542101149379,0.033049730142650745,0.00034882097652962367,9950.778,8,104.96827068162074,166413.0,8,104.21542101149379,0.05979567702042509,0.0006318802259397341,0.5979512577774716,0.03575490028401864,0.0003778335758653769,0.9243412757445998,0.013805347180036781,7,5
2,7,6,7814.725,8,90.72239036864053,197373.0,8,89.63419021751689,0.03959368809310291,0.0004600010086151578,7814.725,8,90.72239036864053,109885.0,8,89.63419021751689,0.07111730445465715,0.0008276476851653766,0.5979512577774716,0.04252468164840563,0.0004948929743412497,0.9310754733089787,0.015310935227632999,7,6
2,7,7,5834.2970000000005,8,78.51510426064529,125586.0,8,74.46888216120878,0.046456587517716946,0.0006257965531222484,5834.2970000000005,8,78.51510426064529,70504.0,8,74.46888216120878,0.08275129070691026,0.0011170510357029779,0.5979512577774716,0.049481238360906184,0.0006679420718002229,0.938872773936496,0.01790458555038665,7,7
2,7,8,5295.5650000000005,8,74.57369612571178,100437.0,8,70.21208128349423,0.052725240698149094,0.0007434065603763711,5295.5650000000005,8,74.57369612571178,57197.0,8,70.21208128349423,0.0925846635313041,0.0013087484614933685,0.5979512577774716,0.05536111600944729,0.0007825677886642905,0.9523876052128647,0.019014806741943804,7,8
2,7,9,2377.2400000000002,8,52.35468873262451,40209.0,8,45.24467374973545,0.059122087094929,0.0013037623438424423,2377.2400000000002,8,52.35468873262451,23544.0,8,45.24467374973545,0.10097009853890589,0.002232145066701092,0.5979512577774716,0.06037519741925402,0.0013347139501756963,0.9792446173612777,0.0305770807100932,7,9
2,7,10,941.4597,8,31.772240446649334,15219.0,8,28.19868604852538,0.06186081214271634,0.002090813502802602,941.4597,8,31.772240446649334,9217.0,8,28.19868604852538,0.1021438320494738,0.0034612706426703772,0.5979512577774716,0.06107703284819368,0.0020696711342929894,1.0128326354109365,0.04847468067051372,7,10
2,7,11,72.6823,8,9.672789195061577,2575.0,8,10.114018741662486,0.028226135922330097,0.0037580586628244168,72.6823,8,9.672789195061577,1647.0,8,10.114018741662486,0.0441301153612629,0.005879223629059206,0.5979512577774716,0.02638765798613207,0.0035154891637509834,1.0696718874090392,0.201471743397491,7,11
2,8,1,2261.9024,8,50.509219348096245,69589.0,8,51.768724163379765,0.032503734785670146,0.0007262245489478812,2261.9024,8,50.509219348096245,39218.0,8,51.768724163379765,0.05767510836860625,0.0012901573679446685,0.5979512577774716,0.03448690359146009,0.0007714512208933867,0.9424950169698323,0.02979821010234807,8,1
2,8,2,1612.7646,8,41.892160738764716,52438.0,8,41.55502621588031,0.030755646668446546,0.0007992610643353795,1612.7646,8,41.892160738764716,29605.0,8,41.55502621588031,0.05447608849856443,0.0014171011720253586,0.5979512577774716,0.032574045636513456,0.0008473574282104923,0.9441764468448893,0.03471743527978255,8,2
2,8,3,1046.9815999999998,8,33.73995020172526,37728.0,8,33.29756456657003,0.027750784563189138,0.0008946300108511225,1046.9815999999998,8,33.73995020172526,21498.0,8,33.29756456657003,0.048701348962694194,0.0015712576941543186,0.5979512577774716,0.029121032867702554,0.0009395355145121046,0.952946438722195,0.04346311678234801,8,3
2,8,4,740.287,8,28.42764430567542,26991.0,8,26.287743446328747,0.027427179430180432,0.0010535654859785402,740.287,8,28.42764430567542,15916.0,8,26.287743446328747,0.046512126162352355,0.001787756147942831,0.5979512577774716,0.027811984340683035,0.0010689910372618234,0.9861640612985778,0.053588974504445344,8,4
2,8,5,896.0310000000001,8,30.97286557433942,29951.0,8,29.9800861487438,0.029916563720743885,0.0010345513981006107,896.0310000000001,8,30.97286557433942,17593.0,8,29.9800861487438,0.050931108963792424,0.0017626601615640819,0.5979512577774716,0.030454320664901138,0.001053984860641484,0.9823421789612591,0.04806077485216267,8,5
2,8,6,245.34730000000002,8,16.235586267073945,12013.0,8,14.232596099447212,0.02042348289353201,0.0013517179883440358,245.34730000000002,8,16.235586267073945,7333.0,8,14.232596099447212,0.033457970816855316,0.0022149963462319774,0.5979512577774716,0.020006235732620576,0.0013244598512019148,1.0208558554686578,0.0955639916470293,8,6
2,8,7,30.8976,8,5.82967,3870.0,8,6.79786,0.007983875968992249,0.0015064399566279186,30.8976,8,5.82967,2447.0,8,6.79786,0.012626726604004905,0.002382632558679054,0.5979512577774716,0.007550167054476995,0.0014246981352836958,1.057443618318098,0.28217880424825964,8,7
2,8,8,0.0,8,0.0,1099.0,8,0.0,0.0,,0.0,8,0.0,730.0,8,0.0,0.0,,0.5979512577774716,0.0,,,,8,8
2,8,9,0.0,8,0.0,39.0,8,0.0,0.0,,0.0,8,0.0,26.0,8,0.0,0.0,,0.5979512577774716,0.0,,,,8,9
2,8,10,0.0,8,0.0,0.0,8,0.0,,,0.0,8,0.0,0.0,8,0.0,,,0.5979512577774716,,,,,8,10
2,8,11,0.0,8,0.0,0.0,8,0.0,,,0.0,8,0.0,0.0,8,0.0,,,0.5979512577774716,,,,,8,11
3,1,1,10269.376,8,256.4837315982439,93667700.0,8,262.3288717204799,0.00010963625668186579,2.7382302886777924e-06,10269.376,8,256.4837315982439,47425860.0,8,262.3288717204799,0.00021653536699176357,5.408098828115714e-06,0.5738341458537011,0.00012425538736483634,3.1033517717241825e-06,0.882346101903444,0.03116518751086717,1,1
3,1,2,8957.533,8,153.79700003579393,38881860.0,8,143.00798020491723,0.0002303782020716087,3.955495019131826e-06,8957.533,8,153.79700003579393,19678950.0,8,143.00798020491723,0.00045518348285858743,7.815305888350582e-06,0.5738341458537011,0.0002611998250928703,4.484689379027057e-06,0.8819998328471204,0.021416227542718914,1,2
3,1,3,5877.282,8,94.52269326040175,19268570.0,8,90.75462255141609,0.00030501910624400254,4.905537739119102e-06,5877.282,8,94.52269326040175,9767810.0,8,90.75462255141609,0.0006016990502477014,9.6769602432862e-06,0.5738341458537011,0.00034527546055987293,5.55297021566636e-06,0.8834080063187992,0.020092590479045266,1,3
3,1,4,2972.1405999999997,8,61.376365863796465,10466300.0,8,59.451980199821776,0.0002839724257856167,5.864189654964177e-06,2972.1405999999997,8,61.376365863796465,5315205.0,8,59.451980199821776,0.0005591770402082328,1.1547320351155435e-05,0.5738341458537011,0.0003208748792488919,6.626246710604339e-06,0.8849942583549795,0.02584564118320169,1,4
3,1,5,1157.8082,8,37.043591113195276,9601220.0,8,39.95856076427803,0.00012058969589281361,3.858217125177199e-06,1157.8082,8,37.043591113195276,4885247.0,8,39.95856076427803,0.0002370009540971009,7.58274705940737e-06,0.5738341458537011,0.00013599924006082212,4.351239182059692e-06,0.8866938950459062,0.040120393677474574,1,5
3,1,6,0.0,8,0.0,3456843.0,8,4.95307,0.0,,0.0,8,0.0,1768807.0,8,4.95307,0.0,,0.5738341458537011,0.0,,,,1,6
3,1,7,0.0,8,0.0,1228940.0,8,0.0,0.0,,0.0,8,0.0,638530.0,8,0.0,0.0,,0.5738341458537011,0.0,,,,1,7
3,1,8,0.0,8,0.0,460380.0,8,0.0,0.0,,0.0,8,0.0,248143.0,8,0.0,0.0,,0.5738341458537011,0.0,,,,1,8
3,1,9,0.0,8,0.0,55395.0,8,0.0,0.0,,0.0,8,0.0,31943.0,8,0.0,0.0,,0.5738341458537011,0.0,,,,1,9
3,1,10,0.0,8,0.0,3268.0,8,0.0,0.0,,0.0,8,0.0,1998.0,8,0.0,0.0,,0.5738341458537011,0.0,,,,1,10
3,1,11,0.0,8,0.0,3.0,8,0.0,0.0,,0.0,8,0.0,2.0,8,0.0,0.0,,0.5738341458537011,0.0,,,,1,11
3,2,1,101664.38,8,652.1389105318053,9650710.0,8,685.9129191486336,0.010534393842525577,6.757833770048271e-05,101664.38,8,652.1389105318053,4833676.0,8,685.9129191486336,0.02103251852213512,0.0001349487348158799,0.5738341458537011,0.012069177301301554,7.743819197710805e-05,0.8728344591797103,0.0079192605286014,2,1
3,2,2,85849.137,8,458.7395437217071,7342621.0,8,448.81718921744744,0.011691892717872814,6.248035353438085e-05,85849.137,8,458.7395437217071,3681664.0,8,448.81718921744744,0.023318026033880335,0.00012463356426820058,0.5738341458537011,0.013380679552146087,7.151899489654524e-05,0.8737891578905338,0.006604236209249533,2,2
3,2,3,78076.1,8,378.3244990291403,5471145.0,8,344.75240679464446,0.014270522897857763,6.915490023066064e-05,78076.1,8,378.3244990291403,2742957.0,8,344.75240679464446,0.028464208516575364,0.00013797217578805164,0.5738341458537011,0.016333734781510668,7.917314564491331e-05,0.8736840097349687,0.0059883493527224186,2,3
3,2,4,55864.66,8,271.58412390045925,4027623.0,8,267.7928328204659,0.013870379625898453,6.74366799209147e-05,55864.66,8,271.58412390045925,2017750.0,8,267.7928328204659,0.027686611324495108,0.00013464765720311642,0.5738341458537011,0.015887522960975058,7.726542336235226e-05,0.8730360081913734,0.0060036529318647286,2,4
3,2,5,59945.69,8,284.6955303293854,5166360.0,8,272.41153159502994,0.011603080311863672,5.5109027660550774e-05,59945.69,8,284.6955303293854,2589575.0,8,272.41153159502994,0.023148852610949674,0.0001099660604414679,0.5738341458537011,0.013283602065497524,6.310228036632619e-05,0.8734890020532311,0.005867617108976667,2,5
3,2,6,22299.058,8,159.65876158557663,2909091.0,8,159.52538845506692,0.0076653009479593455,5.488430723055511e-05,22299.058,8,159.65876158557663,1457359.0,8,159.52538845506692,0.01530100544889763,0.0001095662901172495,0.5738341458537011,0.008780239392470997,6.287287850379069e-05,0.873017306855243,0.008840479749576649,2,6
3,2,7,6395.5621,8,83.49441386404243,1693457.0,8,84.91669136512621,0.0037766309389609537,4.93044876594858e-05,6395.5621,8,83.49441386404243,849018.0,8,84.91669136512621,0.007532893413331638,9.834522253422719e-05,0.5738341458537011,0.0043226314576461315,5.6433846771720416e-05,0.8736879319842594,0.016130878094469735,2,7
3,2,8,1172.6085,8,35.606713025087,1291652.0,8,45.8499513257866,0.0009078362438179943,2.7566819355717667e-05,1172.6085,8,35.606713025087,652900.0,8,45.8499513257866,0.0017960001531628121,5.453638879622613e-05,0.5738341458537011,0.0010306062138432986,3.129484208282777e-05,0.8808759656440697,0.03782764754308828,2,8
3,2,9,0.0,8,0.0,480583.0,8,5.812375519114367,0.0,,0.0,8,0.0,250432.0,8,5.812375519114367,0.0,,0.5738341458537011,0.0,,,,2,9
3,2,10,0.0,8,0.0,150902.0,8,0.0,0.0,,0.0,8,0.0,82631.0,8,0.0,0.0,,0.5738341458537011,0.0,,,,2,10
3,2,11,0.0,8,0.0,16812.0,8,0.0,0.0,,0.0,8,0.0,9817.0,8,0.0,0.0,,0.5738341458537011,0.0,,,,2,11
3,3,1,92449.18,8,504.82995163603357,4668074.0,8,517.7958194485158,0.019804566080143544,0.00010816754278055018,92449.18,8,504.82995163603357,2334962.0,8,517.7958194485158,0.039593440921094215,0.00021638299164605514,0.5738341458537011,0.022720068352365074,0.0001241679491884826,0.8716772226647796,0.006734982795801174,3,1
3,3,2,79561.064,8,391.3902825508702,3719910.0,8,380.42918487418916,0.021387900244898398,0.00010523772047907287,79561.064,8,391.3902825508702,1859892.0,8,380.42918487418916,0.04277724943168743,0.00021061892887272007,0.5738341458537011,0.02454704638960308,0.00012086033315029873,0.8713023923708092,0.0060649589116309145,3,2
3,3,3,71511.95,8,325.1997101878014,2931159.0,8,315.4839034602875,0.024397158257194507,0.00011097684692994955,71511.95,8,325.1997101878014,1465156.0,8,315.4839034602875,0.04880842040028502,0.00022220436709614115,0.5738341458537011,0.028007938230865913,0.0001275084531975764,0.8710801222172014,0.005605942844101522,3,3
3,3,4,65469.25,8,284.63738857750224,2283250.0,8,283.31922769579194,0.02867371071936932,0.00012471402410779654,65469.25,8,284.63738857750224,1140431.0,8,283.31922769579194,0.057407462617203496,0.00024999469818939,0.5738341458537011,0.03294236227657124,0.0001434554941034624,0.8704205994286631,0.005357241699995382,3,4
3,3,5,97414.19,8,353.64297567689647,3127649.0,8,341.3180046524648,0.031146138841027238,0.0001131209809817689,97414.19,8,353.64297567689647,1560485.0,8,341.3180046524648,0.0624255856352352,0.00022703471452461817,0.5738341458537011,0.03582193261241227,0.00013028027148837313,0.8694712029644969,0.004468941773816562,3,5
3,3,6,53674.23,8,248.62751209946578,1845791.0,8,244.2100155394123,0.029079256535544926,0.00013475464408701187,53674.23,8,248.62751209946578,920946.0,8,244.2100155394123,0.05828162563277326,0.0002704116957417148,0.5738341458537011,0.03344398686394762,0.00015517146445479782,0.8694913275095248,0.005701741776021569,3,6
3,3,7,28490.719999999998,8,176.77622685960915,1097910.0,8,173.61751717856697,0.025949959468444587,0.00016106386685389666,28490.719999999998,8,176.77622685960915,548346.0,8,173.61751717856697,0.05195755964299913,0.0003228002715095312,0.5738341458537011,0.029815021858383133,0.00018523381808301464,0.8703652672704045,0.0076434590828495415,3,7
3,3,8,19485.568,8,144.47417764102346,901826.0,8,140.17403381981984,0.021606793328203002,0.00016023703090382684,19485.568,8,144.47417764102346,452658.0,8,140.17403381981984,0.04304699795430546,0.00031944675996716594,0.5738341458537011,0.02470183730267489,0.00018330945865149093,0.8747038960483828,0.009176777448255347,3,8
3,3,9,6053.8659,8,79.83610358741525,435812.0,8,76.3048649666743,0.013891003230750874,0.0001832054636977527,6053.8659,8,79.83610358741525,220745.0,8,76.3048649666743,0.027424702258261793,0.00036179086573728017,0.5738341458537011,0.015737230595661723,0.0002076079524180232,0.8826841003766065,0.016465713387567377,3,9
3,3,10,1555.208,8,40.56494901143104,230692.0,8,41.451650330957875,0.006741490818927402,0.00017584446591459727,1555.208,8,40.56494901143104,120202.0,8,41.451650330957875,0.01293828721651886,0.0003375026553926759,0.5738341458537011,0.007424430993700959,0.00019367054798061217,0.9080144760786412,0.03349610833922703,3,10
3,3,11,0.0,8,0.0,64959.0,8,9.519456223703116,0.0,,0.0,8,0.0,36157.0,8,9.519456223703116,0.0,,0.5738341458537011,0.0,,,,3,11
3,4,1,70380.11,8,357.1565058173657,2744679.0,8,363.7203350243838,0.02564238295261486,0.0001301712373396558,70380.11,8,357.1565058173657,1364303.0,8,363.7203350243838,0.05158686156960734,0.0002621477982785647,0.5738341458537011,0.029602302646068744,0.00015042935791260848,0.8662293355756981,0.00622199820267809,4,1
3,4,2,56503.81,8,278.96507742769523,2239284.0,8,280.53408199778505,0.0252329807206232,0.00012461790186955757,56503.81,8,278.96507742769523,1113854.0,8,280.53408199778505,0.050728201362117475,0.0002507759795980124,0.5738341458537011,0.029109574099325238,0.00014390382005325061,0.8668275473397634,0.006057200944882181,4,2
3,4,3,47717.226,8,250.4217657119285,1811261.0,8,242.01608774129045,0.026344754289967045,0.000138303048907901,47717.226,8,250.4217657119285,900582.0,8,242.01608774129045,0.052984876446564556,0.00027843090959003006,0.5738341458537011,0.030404531318878256,0.00015977316318386395,0.8664746058298723,0.0064360958534014565,4,3
3,4,4,43041.61,8,226.75771009884096,1453507.0,8,224.93219019175535,0.029612248169427462,0.00015607459401509075,43041.61,8,226.75771009884096,724084.0,8,224.93219019175535,0.05944284088586407,0.0003137088546438664,0.5738341458537011,0.03411033182685727,0.00018001685265130594,0.8681313427186254,0.006475072648459904,4,4
3,4,5,76213.461,8,299.0354935844573,2069618.0,8,297.5269921533339,0.03682489280630532,0.00014458520496488702,76213.461,8,299.0354935844573,1031168.0,8,297.5269921533339,0.07390983913387537,0.00029077992048582956,0.5738341458537011,0.042411989409571825,0.0001668594473033931,0.8682661039709311,0.004826035925103164,4,5
3,4,6,52960.051,8,242.9060257734254,1286282.0,8,239.7744997277859,0.041172970623860085,0.00018899942423266137,52960.051,8,242.9060257734254,641527.0,8,239.7744997277859,0.08255311311916724,0.0003798923377689667,0.5738341458537011,0.0473717951543013,0.00021799519516002073,0.8691452474990623,0.005649313895416839,4,6
3,4,7,32397.664,8,188.07925049321628,793903.0,8,183.69092565771996,0.040808088645590206,0.00023709265841240188,32397.664,8,188.07925049321628,396031.0,8,183.69092565771996,0.08180587883271764,0.0004764238221675066,0.5738341458537011,0.04694300660578389,0.00027338825705784675,0.869311354261706,0.007151240311742535,4,7
3,4,8,25900.576,8,166.4827014933984,657282.0,8,163.9482700067311,0.039405576297540476,0.0002534802504139494,25900.576,8,166.4827014933984,328243.0,8,163.9482700067311,0.07890671240513888,0.0005087224043516165,0.5738341458537011,0.04527936591512651,0.000291922286377751,0.8702766812460204,0.007925918054784927,4,8
3,4,9,11436.447,8,109.70942080277335,312881.0,8,106.97042963281955,0.03655206612098529,0.00035086526111691185,11436.447,8,109.70942080277335,158082.0,8,106.97042963281955,0.07234502979466353,0.0006957276887632933,0.5738341458537011,0.0415140483789813,0.000399232304028254,0.8804746236093833,0.011963595647703126,4,9
3,4,10,5904.799,8,78.71153681087671,170671.0,8,72.7495637433655,0.03459755318712611,0.00046142442983143633,5904.799,8,78.71153681087671,87775.0,8,72.7495637433655,0.06727199088578753,0.0008984737817822067,0.5738341458537011,0.03860296542982385,0.0005155749351409372,0.8962408147120416,0.016916211142505876,4,10
3,4,11,2001.7624,8,45.74736137043534,59675.0,8,41.16083475900118,0.03354440552995392,0.0007669575624476612,2001.7624,8,45.74736137043534,32723.0,8,41.16083475900118,0.06117294869052349,0.0014001345308442528,0.5738341458537011,0.03510312676117883,0.0008034450025872843,0.9555959432950365,0.030915068239502477,4,11
3,5,1,55678.159999999996,8,278.2893452037825,1631018.0,8,280.3105395748794,0.034137060412576685,0.00017072393513354437,55678.159999999996,8,278.2893452037825,811667.0,8,280.3105395748794,0.06859729421055678,0.00034367894379209324,0.5738341458537011,0.039363469731189885,0.00019721471315883797,0.8672269148450594,0.006139107094746858,5,1
3,5,2,36703.564,8,213.43799796819215,1340487.0,8,213.7700988893676,0.027380768332702966,0.00015928408106986525,36703.564,8,213.43799796819215,667595.0,8,213.7700988893676,0.05497878803765756,0.00032019612741409416,0.5738341458537011,0.031548705873660904,0.00018373947128032955,0.8678887952599784,0.007144190858603294,5,2
3,5,3,29463.108,8,182.8458569387067,1097256.0,8,188.45133724696677,0.02685162623854415,0.00016670299722665644,29463.108,8,182.8458569387067,547258.0,8,188.45133724696677,0.05383769264222725,0.00033462667739309846,0.5738341458537011,0.03089390637208656,0.00019202021360173064,0.8691560696514988,0.007635480608232006,5,3
3,5,4,25624.7332,8,169.15094728124257,894610.0,8,171.70545135253454,0.028643468326980472,0.00018915777114190063,25624.7332,8,169.15094728124257,445117.0,8,171.70545135253454,0.05756853411574934,0.00038066289458854764,0.5738341458537011,0.03303479060236067,0.00021843736697441668,0.8670697711319413,0.008103006761220582,5,4
3,5,5,46569.6067,8,231.06412225300147,1321157.0,8,227.63377589334144,0.035249108697906456,0.00017500069882613644,46569.6067,8,231.06412225300147,658749.0,8,227.63377589334144,0.07069400742923329,0.00035161163958752253,0.5738341458537011,0.040566635370129285,0.00020176676487492537,0.8689187154984434,0.00610633533433415,5,5
3,5,6,36317.8781,8,197.36336475356816,862592.0,8,197.38790650095564,0.042103193746290256,0.00022900544139689867,36317.8781,8,197.36336475356816,431016.0,8,197.38790650095564,0.0842610903075524,0.000459525707506287,0.5738341458537011,0.0483518907853359,0.00026369154186468786,0.8707662319393569,0.006706934888183802,5,6
3,5,7,24931.6131,8,163.24041674159284,549947.0,8,161.7447445923372,0.04533457424079047,0.00029712867180473485,24931.6131,8,163.24041674159284,276320.0,8,161.7447445923372,0.09022732013607411,0.0005931219804186296,0.5738341458537011,0.05177551718295253,0.0003403536450205799,0.875598674960551,0.008127959727539671,5,7
3,5,8,21955.6892,8,152.3230164178497,458927.0,8,149.24476286724433,0.04784135428946216,0.0003322756525264807,21955.6892,8,152.3230164178497,231382.0,8,149.24476286724433,0.09488935699406177,0.0006611573972922567,0.5738341458537011,0.054450753121294354,0.0003793946903500582,0.8786169436975625,0.0086438434743233,5,8
3,5,9,10341.094,8,104.04554836786627,212803.0,8,100.14983656546825,0.048594681465956774,0.0004894635306889162,10341.094,8,104.04554836786627,108492.0,8,100.14983656546825,0.0953166500755816,0.0009630437299486648,0.5738341458537011,0.054695948481757475,0.0005526273761948544,0.8884512073533997,0.01267517722114651,5,9
3,5,10,5655.072,8,76.98910125056663,105516.0,8,70.03272047121973,0.053594450130785856,0.0007305104325153413,5655.072,8,76.98910125056663,55208.0,8,70.03272047121973,0.10243211128821911,0.0014005684968622003,0.5738341458537011,0.058779043089066466,0.0008036940271065227,0.911795213296948,0.01760357152258048,5,10
3,5,11,1786.001,8,43.51121642197561,30419.0,8,39.73930465003634,0.05871333705907492,0.0014324510836170978,1786.001,8,43.51121642197561,17007.0,8,39.73930465003634,0.10501564061856883,0.0025701705538493324,0.5738341458537011,0.06026156043563568,0.0014748516244664654,0.9743082760325401,0.033669600111387935,5,11
3,6,1,38108.81,8,213.60082499510622,883291.0,8,216.3201410115341,0.04314411671804649,0.0002420545682436814,38108.81,8,213.60082499510622,441081.0,8,216.3201410115341,0.08639866600465673,0.0004861169043901274,0.5738341458537011,0.04957850470968139,0.000278950478615754,0.8702181917483599,0.006914435624934193,6,1
3,6,2,22460.6337,8,159.70583721751626,733149.0,8,161.91899633177016,0.030635837599178338,0.0002179404957636837,22460.6337,8,159.70583721751626,366583.0,8,161.91899633177016,0.06127025448534165,0.000436500540858611,0.5738341458537011,0.035158964148834924,0.0002504789150282796,0.8713521100761306,0.008772644898308765,6,2
3,6,3,16795.722999999998,8,134.67566806926223,603736.0,8,138.78560551141823,0.02781964799183749,0.0002231621122676178,16795.722999999998,8,134.67566806926223,302528.0,8,138.78560551141823,0.05551791239158028,0.0004458955877509588,0.5738341458537011,0.03185807383680307,0.0002558701137370055,0.8732369739095679,0.009912466134499054,6,3
3,6,4,13831.304,8,121.10428676479623,493720.0,8,122.25212814861098,0.028014469739933566,0.00024538747499010927,13831.304,8,121.10428676479623,248336.0,8,122.25212814861098,0.05569592809741641,0.0004884332042362478,0.5738341458537011,0.0319602253273101,0.0002802796505594936,0.8765416843289627,0.010864596022794585,6,4
3,6,5,23402.2713,8,158.56683108687957,722597.0,8,161.07283241370968,0.03238633885831245,0.0002195589180728657,23402.2713,8,158.56683108687957,365185.0,8,161.07283241370968,0.06408333118830183,0.00043512860513710336,0.5738341458537011,0.036773203615899024,0.0002496916514653621,0.8807048522775455,0.008450385987139701,6,5
3,6,6,18586.0632,8,140.39801316779239,463070.0,8,140.6688237879794,0.04013661692616667,0.00030343466633829053,18586.0632,8,140.39801316779239,236097.0,8,140.6688237879794,0.07872214894725474,0.0005965092804614318,0.5738341458537011,0.045173457100915755,0.00034229739344739156,0.8885000064640397,0.0095103248608789,6,6
3,6,7,13631.6085,8,119.89114372392692,287483.0,8,116.88494284381242,0.04741709422818045,0.0004174827084903178,13631.6085,8,119.89114372392692,147526.0,8,116.88494284381242,0.09240139704187737,0.0008159689270418971,0.5738341458537011,0.053023076747214404,0.0004682308322922479,0.8942727796472416,0.011151551368756311,6,7
3,6,8,12354.597000000002,8,113.58342944633253,228679.0,8,108.48580242409602,0.05402593591890817,0.0004973545782336415,12354.597000000002,8,113.58342944633253,118441.0,8,108.48580242409602,0.1043101375368327,0.0009637350672690424,0.5738341458537011,0.05985671867733047,0.0005530240891555901,0.9025876645551806,0.011772082258581111,6,8
3,6,9,5422.36,8,77.01539223317636,92276.0,8,68.53768430447589,0.05876240842689323,0.000835760389523976,5422.36,8,77.01539223317636,48990.0,8,68.53768430447589,0.11068299652990406,0.0015796712760174068,0.5738341458537011,0.06351368277426565,0.0009064693174030747,0.9251929011224408,0.01864157471790516,6,9
3,6,10,2102.6853,8,46.9306831813154,33537.0,8,42.5936542641624,0.06269747741300653,0.0014016340887734859,2102.6853,8,46.9306831813154,18748.0,8,42.5936542641624,0.1121551792191167,0.0025161717697141,0.5738341458537011,0.0643584714702706,0.0014438652782950859,0.9741915241409775,0.030854141792737978,6,10
3,6,11,278.9419,8,17.78463776546489,5123.0,8,16.928090318863493,0.054448936170212764,0.003476187086506993,278.9419,8,17.78463776546489,3053.0,8,16.928090318863493,0.09136649197510645,0.0058472861353878625,0.5738341458537011,0.052429212882184245,0.0033553724450624827,1.03852286114932,0.09387982417979776,6,11
3,7,1,18299.959,8,142.55060415655907,338390.0,8,144.92036076628432,0.054079491119713934,0.00042189745829540685,18299.959,8,142.55060415655907,173126.0,8,144.92036076628432,0.10570312373646938,0.0008281327416778495,0.5738341458537011,0.06065606172338498,0.00047521084447419245,0.8915760368079493,0.009857540105084333,7,1
3,7,2,10632.089,8,108.06593766738389,272600.0,8,108.73953158967028,0.03900252751283932,0.00039673194536936465,10632.089,8,108.06593766738389,139706.0,8,108.73953158967028,0.0761033098077391,0.0007757886662862515,0.5738341458537011,0.043670677780163564,0.00044517402668135304,0.8931056144623282,0.012861465996021447,7,2
3,7,3,7106.4292000000005,8,87.49240476897467,215894.0,8,87.14791118356251,0.032916288549010166,0.0004054740652603772,7106.4292000000005,8,87.49240476897467,110939.0,8,87.14791118356251,0.06405708722811636,0.0007902569641575601,0.5738341458537011,0.03675814393542218,0.0004534764300322924,0.8954828787557527,0.015611664506456138,7,3
3,7,4,5261.6747,8,74.29226303970017,169245.0,8,84.04924358904665,0.03108909982569647,0.00043923425485105545,5261.6747,8,74.29226303970017,87198.0,8,84.04924358904665,0.060341690176380185,0.0008539780102391209,0.5738341458537011,0.03462612224173179,0.0004900417420834091,0.8978510388387511,0.017954703580350413,7,4
3,7,5,7937.917,8,91.03914872866507,229353.0,8,91.32162759820315,0.03461004216208203,0.0003971781356719698,7937.917,8,91.03914872866507,118991.0,8,91.32162759820315,0.06671023018547621,0.000766803823900896,0.5738341458537011,0.03828060795818653,0.00044001821732552246,0.9041142240971246,0.014685072888191424,7,5
3,7,6,5092.702,8,72.9568891820368,125876.0,8,70.8084582840214,0.040458085735167945,0.0005800399806987627,5092.702,8,72.9568891820368,66429.0,8,70.8084582840214,0.07666383657739843,0.0011013046357404052,0.5738341458537011,0.04399232718025915,0.0006319662049748168,0.9196623213268622,0.01866502517861573,7,6
3,7,7,2878.343,8,55.07563119901578,60932.0,8,51.849142024723996,0.047238610254053695,0.0009047801743746117,2878.343,8,55.07563119901578,33082.0,8,51.849142024723996,0.08700631763496765,0.0016703971024451705,0.5738341458537011,0.04992719596393747,0.0009585308945181217,0.9461498756744571,0.02565860188501632,7,7
3,7,8,1590.7805,8,41.071468907796564,32253.0,8,39.2108670141531,0.049321939044429976,0.0012748264145441336,1590.7805,8,41.071468907796564,18139.0,8,39.2108670141531,0.08769945972765864,0.002272185662146497,0.5738341458537011,0.05032494456465205,0.0013038577186588612,0.9800694162924806,0.03586752063930977,7,8
3,7,9,175.8199,8,13.989104616207573,6537.0,8,12.163967741378633,0.02689611442557748,0.0021405736243699396,175.8199,8,13.989104616207573,3876.0,8,12.163967741378633,0.045361171310629514,0.0036119664981316395,0.5738341458537011,0.026029788993958497,0.0020726697103075533,1.0332820766169122,0.11632791957443306,7,9
3,7,10,0.0,8,0.0,765.0,8,0.0,0.0,,0.0,8,0.0,459.0,8,0.0,0.0,,0.5738341458537011,0.0,,,,7,10
3,7,11,0.0,8,0.0,2.0,8,0.0,0.0,,0.0,8,0.0,1.0,8,0.0,0.0,,0.5738341458537011,0.0,,,,7,11
3,8,1,1391.3519999999999,8,38.63683918391488,28637.0,8,39.0092418833499,0.04858581555330516,0.0013508152837048617,1391.3519999999999,8,38.63683918391488,15831.0,8,39.0092418833499,0.08788781504642788,0.002450170676688658,0.5738341458537011,0.050433029278115,0.0014059915974534208,0.9633729373140903,0.03793039038724659,8,1
3,8,2,566.2519,8,24.655123563742283,17166.0,8,24.37459081714809,0.032986828614703485,0.0014370401118809543,566.2519,8,24.655123563742283,9828.0,8,24.37459081714809,0.05761618844118844,0.002512727726144574,0.5738341458537011,0.03306213628149525,0.0014418889684950842,0.9977222383287461,0.06150202221314606,8,2
3,8,3,241.04219999999998,8,16.79514754800326,9276.0,8,14.649310595355674,0.025985575679172056,0.0018110673830032192,241.04219999999998,8,16.79514754800326,5350.0,8,14.649310595355674,0.0450546168224299,0.0031417030515450174,0.5738341458537011,0.025853877561064855,0.0018028164871093013,1.0050939406592354,0.09909134684468665,8,3
3,8,4,104.3877,8,10.59899709872118,4818.0,8,9.695414410132246,0.021666189290161893,0.002200306874639121,104.3877,8,10.59899709872118,2845.0,8,9.695414410132246,0.036691634446397184,0.0037275801011219423,0.5738341458537011,0.021054912712524566,0.0021390127434285622,1.0290324916556746,0.14781701394224137,8,4
3,8,5,31.391,8,6.13633,3095.0,8,7.0140724526768325,0.01014248788368336,0.001982792361771145,31.391,8,6.13633,1898.0,8,7.0140724526768325,0.016538988408851422,0.003233628256019695,0.5738341458537011,0.009490636286877518,0.0018555663083014548,1.0686836558795474,0.2954752512651268,8,5
3,8,6,0.0,8,0.0,334.0,8,0.0,0.0,,0.0,8,0.0,204.0,8,0.0,0.0,,0.5738341458537011,0.0,,,,8,6
3,8,7,0.0,8,0.0,0.0,8,0.0,,,0.0,8,0.0,0.0,8,0.0,,,0.5738341458537011,,,,,8,7
3,8,8,0.0,8,0.0,0.0,8,0.0,,,0.0,8,0.0,0.0,8,0.0,,,0.5738341458537011,,,,,8,8
3,8,9,0.0,8,0.0,0.0,8,0.0,,,0.0,8,0.0,0.0,8,0.0,,,0.5738341458537011,,,,,8,9
3,8,10,0.0,8,0.0,0.0,8,0.0,,,0.0,8,0.0,0.0,8,0.0,,,0.5738341458537011,,,,,8,10
3,8,11,0.0,8,0.0,0.0,8,0.0,,,0.0,8,0.0,0.0,8,0.0,,,0.5738341458537011,,,,,8,11
4,1,1,1015.3339,8,68.34121234306134,99411800.0,8,67.37498692170115,1.0213414302929834e-05,6.874557381168607e-07,1015.3339,8,68.34121234306134,46862730.0,8,67.37498692170115,2.1666127858961695e-05,1.4583275954826232e-06,0.5515843854596052,1.1950697820374619e-05,8.043907305530665e-07,0.8546291150895884,0.0813516702601927,1,1
4,1,2,461.2056,8,27.715996384784727,40403800.0,8,27.41588416671073,1.1414906518693786e-05,6.859749921183536e-07,461.2056,8,27.715996384784727,19126930.0,8,27.41588416671073,2.411289213689808e-05,1.4490561942072594e-06,0.5515843854596052,1.3300294790984674e-05,7.992767703782455e-07,0.8582446252568131,0.07293937109327686,1,2
4,1,3,212.6449,8,16.891617716799654,19565370.0,8,16.589089015464353,1.086843233733888e-05,8.633426159465363e-07,212.6449,8,16.891617716799654,9276280.0,8,16.589089015464353,2.2923510286451034e-05,1.8209473755729956e-06,0.5515843854596052,1.2644250333929033e-05,1.0044061391097117e-06,0.859555295909873,0.09656174184482415,1,3
4,1,4,86.8534,8,10.240657354218039,10411180.0,8,9.286930782799018,8.342320467036397e-06,9.836211989909983e-07,86.8534,8,10.240657354218039,4941209.0,8,9.286930782799018,1.757735809191637e-05,2.072500344656356e-06,0.5515843854596052,9.69539626113311e-06,1.1431588289720962e-06,0.8604414138779536,0.14347535700997144,1,4
4,1,5,0.0,8,0.0,9122080.0,8,0.0,0.0,,0.0,8,0.0,4351644.0,8,0.0,0.0,,0.5515843854596052,0.0,,,,1,5
4,1,6,0.0,8,0.0,2791938.0,8,0.0,0.0,,0.0,8,0.0,1356863.0,8,0.0,0.0,,0.5515843854596052,0.0,,,,1,6
4,1,7,0.0,8,0.0,686740.0,8,0.0,0.0,,0.0,8,0.0,348320.0,8,0.0,0.0,,0.5515843854596052,0.0,,,,1,7
4,1,8,0.0,8,0.0,130435.0,8,0.0,0.0,,0.0,8,0.0,70363.0,8,0.0,0.0,,0.5515843854596052,0.0,,,,1,8
4,1,9,0.0,8,0.0,3629.0,8,0.0,0.0,,0.0,8,0.0,2091.0,8,0.0,0.0,,0.5515843854596052,0.0,,,,1,9
4,1,10,0.0,8,0.0,0.0,8,0.0,,,0.0,8,0.0,0.0,8,0.0,,,0.5515843854596052,,,,,1,10
4,1,11,0.0,8,0.0,0.0,8,0.0,,,0.0,8,0.0,0.0,8,0.0,,,0.5515843854596052,,,,,1,11
4,2,1,81648.74,8,605.6488068534437,11918730.0,8,614.3309362843451,0.006850456382517266,5.081610441803528e-05,81648.74,8,605.6488068534437,5562719.0,8,614.3309362843451,0.01467784729014714,0.00010888846394354545,0.5515843854596052,0.008096071377405742,6.00611764679409e-05,0.8461457493612644,0.00887689045738702,2,1
4,2,2,52701.393,8,352.27589459928987,8954440.0,8,343.0084305253735,0.005885504062788962,3.934156452300862e-05,52701.393,8,352.27589459928987,4180670.0,8,343.0084305253735,0.012605968182133486,8.426937080232415e-05,0.5515843854596052,0.0069532552128654355,4.648166910706756e-05,0.8464386654324381,0.00800186547364093,2,2
4,2,3,40772.549999999996,8,245.08171754737236,6600239.0,8,241.81859726968892,0.006177435392869864,3.713293867949613e-05,40772.549999999996,8,245.08171754737236,3081635.0,8,241.81859726968892,0.013230817406993365,7.953654490839715e-05,0.5515843854596052,0.007297912288564683,4.387111624487853e-05,0.8464661054572377,0.007195983315367393,2,3
4,2,4,27182.75,8,186.7392265362851,4819755.0,8,185.78139315935275,0.005639861362247666,3.8745157384249685e-05,27182.75,8,186.7392265362851,2253272.0,8,185.78139315935275,0.012063678952208166,8.288066212733392e-05,0.5515843854596052,0.006654136941235715,4.571567908599066e-05,0.8475721813444237,0.00823479729572105,2,4
4,2,5,25551.368000000002,8,177.56717446107544,6173783.0,8,174.69531792810017,0.004138689033935919,2.8761724604357037e-05,25551.368000000002,8,177.56717446107544,2883017.0,8,174.69531792810017,0.008862718464719425,6.159308957684272e-05,0.5515843854596052,0.00488853711786376,3.397378646280121e-05,0.8466109460051484,0.00832065391683582,2,5
4,2,6,7239.212,8,90.04092364153091,3486800.0,8,89.80133149607526,0.0020761764368475394,2.5823424535683653e-05,7239.212,8,90.04092364153091,1629837.0,8,89.80133149607526,0.0044416785236805895,5.5245897045677584e-05,0.5515843854596052,0.0024499605188934843,3.047277417110469e-05,0.8474326099692565,0.014906353363799545,2,6
4,2,7,1213.7496999999998,8,36.37120869152,1884612.0,8,41.725004000030964,0.0006440316096894214,1.9299048620379376e-05,1213.7496999999998,8,36.37120869152,892071.0,8,41.725004000030964,0.0013605976430127197,4.077170202561221e-05,0.5515843854596052,0.0007504844147789583,2.248903420593945e-05,0.8581545425951442,0.03636716321009767,2,7
4,2,8,0.0,8,0.0,1068063.0,8,14.680157714074463,0.0,,0.0,8,0.0,524993.0,8,14.680157714074463,0.0,,0.5515843854596052,0.0,,,,2,8
4,2,9,0.0,8,0.0,211521.0,8,0.0,0.0,,0.0,8,0.0,110454.0,8,0.0,0.0,,0.5515843854596052,0.0,,,,2,9
4,2,10,0.0,8,0.0,25746.0,8,0.0,0.0,,0.0,8,0.0,14337.0,8,0.0,0.0,,0.5515843854596052,0.0,,,,2,10
4,2,11,0.0,8,0.0,375.0,8,0.0,0.0,,0.0,8,0.0,205.0,8,0.0,0.0,,0.5515843854596052,0.0,,,,2,11
4,3,1,118300.6,8,604.48216867332,5944246.0,8,615.2145758798307,0.01990169989600027,0.00010171284221782507,118300.6,8,604.48216867332,2761364.0,8,615.2145758798307,0.042841363905664016,0.00021911508108248202,0.5515843854596052,0.023630627382157,0.0001208604573438124,0.8421993870136362,0.006089438913431699,3,1
4,3,2,88056.45,8,407.074286591342,4738904.0,8,396.58739823340323,0.01858160663309491,8.591458772054557e-05,88056.45,8,407.074286591342,2200595.0,8,396.58739823340323,0.04001483689638484,0.00018512424823073897,0.5515843854596052,0.02207155921875877,0.00010211164469402356,0.8418801068346035,0.0055065328763450145,3,2
4,3,3,67325.805,8,305.06268060444563,3718594.0,8,299.7993738846864,0.01810517765585595,8.205008821981553e-05,67325.805,8,305.06268060444563,1729636.0,8,299.7993738846864,0.03892484025540634,0.00017650291735556996,0.5515843854596052,0.021470334091391607,9.735625320139954e-05,0.8432648313150891,0.005406045257839186,3,3
4,3,4,57198.8,8,265.1413631575994,2891749.0,8,266.5474981754472,0.019780001652978874,9.170705260363851e-05,57198.8,8,265.1413631575994,1343636.0,8,266.5474981754472,0.042570160370814715,0.00019751186639591268,0.5515843854596052,0.023481035747052674,0.00010894446144696914,0.8423819914103086,0.005525305389877076,3,4
4,3,5,75168.85,8,299.93236068830583,3925766.0,8,297.4610451484026,0.01914756253938722,7.641475204166203e-05,75168.85,8,299.93236068830583,1821591.0,8,297.4610451484026,0.04126549263802907,0.00016479189523067842,0.5515843854596052,0.022761401397435127,9.08966362595374e-05,0.8412295097763561,0.004749367833967738,3,5
4,3,6,34955.44,8,197.850381986212,2290622.0,8,197.5267113597551,0.015260239358567237,8.638410987727155e-05,34955.44,8,197.850381986212,1064331.0,8,197.5267113597551,0.032842640118534557,0.00018599167847910904,0.5515843854596052,0.01811548746665286,0.00010259010567449984,0.8423863496170564,0.006745129970725267,3,6
4,3,7,16432.597,8,133.1915100992552,1326469.0,8,130.56501892616566,0.012388225431578123,0.00010041797505616398,16432.597,8,133.1915100992552,620445.0,8,130.56501892616566,0.02648517918590689,0.00021474327762199797,0.5515843854596052,0.01460881128504598,0.00011844903881871113,0.8479968143786678,0.009722293710897164,3,7
4,3,8,8849.523,8,96.66620927997539,979905.0,8,94.0476307039901,0.009031000964379199,9.865235969882216e-05,8849.523,8,96.66620927997539,465680.0,8,94.0476307039901,0.019003442277959113,0.00020761623776156867,0.5515843854596052,0.010482002030505156,0.00011451787491715014,0.8615721441473495,0.013310885996211263,3,8
4,3,9,1685.1480999999999,8,42.28537812644106,344476.0,8,39.47667137688536,0.004891917288867729,0.0001227540354169827,1685.1480999999999,8,42.28537812644106,170316.0,8,39.47667137688536,0.00989424422837549,0.000248286608683789,0.5515843854596052,0.005457510622295741,0.0001369510164686972,0.896364226737851,0.03180996455547229,3,9
4,3,10,43.0791,8,6.829368114349966,95326.0,8,13.238215684079181,0.0004519134339005098,7.164226690196764e-05,43.0791,8,6.829368114349966,50335.0,8,13.238215684079181,0.0008558478196086221,0.0001356785042708707,0.5515843854596052,0.0004720722936257649,7.483814439832663e-05,0.9572970919974473,0.21462288114767433,3,10
4,3,11,0.0,8,0.0,7299.0,8,0.0,0.0,,0.0,8,0.0,4138.0,8,0.0,0.0,,0.5515843854596052,0.0,,,,3,11
4,4,1,108058.82,8,443.387690150516,3654523.0,8,451.13203411862696,0.02956851550804305,0.00012138062916656103,108058.82,8,443.387690150516,1694633.0,8,451.13203411862696,0.06376532263917911,0.00026219239483620205,0.5515843854596052,0.03517195630156506,0.00014462123097790867,0.840684415007286,0.004884566031894528,4,1
4,4,2,77017.75,8,323.6119237608373,2971508.0,8,322.98486814765795,0.025918742268235522,0.00010894138027558154,77017.75,8,323.6119237608373,1376290.0,8,322.98486814765795,0.05596040805353523,0.0002354999856375101,0.5515843854596052,0.03086688728627797,0.00012989811485361187,0.8396940717685463,0.004994370176520542,4,2
4,4,3,58326.412000000004,8,272.75934880098976,2389726.0,8,265.85206192984475,0.024407154627769042,0.00011417062787821502,58326.412000000004,8,272.75934880098976,1105651.0,8,265.85206192984475,0.052753004338620416,0.0002470215829902696,0.5515843854596052,0.02909773347926583,0.00013625324804894672,0.8387991678170001,0.005551822532245384,4,3
4,4,4,49250.042,8,240.8013487422153,1907418.0,8,238.41477280403578,0.025820266978711537,0.00012628591223542372,49250.042,8,240.8013487422153,884440.0,8,238.41477280403578,0.05568500067839537,0.0002726776809270505,0.5515843854596052,0.03071497687851041,0.00015040475106269747,0.8406409381599296,0.005818063506484188,4,4
4,4,5,78557.98,8,300.3484964922082,2694208.0,8,300.8348183821979,0.029158097667292205,0.00011152686070893213,78557.98,8,300.3484964922082,1248604.0,8,300.8348183821979,0.06291664931395383,0.0002410246144411094,0.5515843854596052,0.034703841347014715,0.0001329454138371376,0.8401979877596587,0.004548361228205255,4,5
4,4,6,47637.759999999995,8,228.631061742122,1630962.0,8,226.86177204736367,0.029208381311152557,0.0001402405843604889,47637.759999999995,8,228.631061742122,758780.0,8,226.86177204736367,0.06278204486148817,0.00030189813876726796,0.5515843854596052,0.034629595632821315,0.0001665222993433421,0.8434514113548982,0.0057315345906892,4,6
4,4,7,25410.237,8,164.74779985602237,952112.0,8,163.08550359011068,0.026688285621859615,0.00017309442987569601,25410.237,8,164.74779985602237,447043.0,8,163.08550359011068,0.056840699887930245,0.00036911077718755153,0.5515843854596052,0.03135244251677785,0.00020359574120151286,0.8512346560424352,0.007812577193646685,4,7
4,4,8,17145.384,8,135.70557453546263,705818.0,8,130.2833927795097,0.024291508575865164,0.00019231936891222828,17145.384,8,135.70557453546263,335441.0,8,130.2833927795097,0.05111296472404983,0.0004050454817631405,0.5515843854596052,0.028193113236333504,0.00022341676314151156,0.8616114287286231,0.009651552380964032,4,8
4,4,9,5827.2906,8,78.1879210770679,256968.0,8,72.57835515438539,0.022677106098813862,0.00030433844692135086,5827.2906,8,78.1879210770679,125610.0,8,72.57835515438539,0.0463919321710055,0.0006230426405305499,0.5515843854596052,0.025589065396827756,0.0003436605919921731,0.8862029834675054,0.0168255979978865,4,9
4,4,10,1945.903,8,45.41237086807955,80703.0,8,40.12169835986508,0.024111904142349108,0.0005628374902397076,1945.903,8,45.41237086807955,41843.0,8,40.12169835986508,0.04650486341801496,0.0010862195778674796,0.5515843854596052,0.025651356509308658,0.0005991417583322255,0.9399855377472573,0.03103999138416415,4,10
4,4,11,62.941,8,8.291892240502165,8887.0,8,9.709885019061762,0.007082367503094408,0.0009330682349532722,62.941,8,8.291892240502165,4906.0,8,9.709885019061762,0.012829392580513656,0.0016903440544216587,0.5515843854596052,0.007076492622342644,0.0009323673864734681,1.000830196689984,0.18647790424329533,4,11
4,5,1,91093.01,8,352.0086615595275,2233260.0,8,356.7332239242933,0.040789254274020935,0.00015775560214297186,91093.01,8,352.0086615595275,1034895.0,8,356.7332239242933,0.0880214997656767,0.00034149008426358104,0.5515843854596052,0.048551284855483566,0.00018836059826907614,0.8401271850051574,0.004602303604452987,5,1
4,5,2,52185.729999999996,8,250.5302619067605,1829493.0,8,252.53660565820948,0.028524695093121426,0.0001369963167557559,52185.729999999996,8,250.5302619067605,846559.0,8,252.53660565820948,0.06164452802462675,0.0002965103012868125,0.5515843854596052,0.03400215910741115,0.00016355045231772886,0.8389083470556477,0.005702250992001335,5,2
4,5,3,39023.471,8,211.46803777951882,1485352.0,8,213.94832422082675,0.026272204164400088,0.00014241925634450424,39023.471,8,211.46803777951882,688341.0,8,213.94832422082675,0.05669206250971538,0.0003077189918946071,0.5515843854596052,0.03127045645985888,0.0001697329910384361,0.8401605585171126,0.006445098980409738,5,3
4,5,4,31954.509,8,187.13339137126223,1190865.0,8,188.6964272452979,0.02683302389439609,0.00015719823658298703,31954.509,8,187.13339137126223,554813.0,8,188.6964272452979,0.05759509780772981,0.0003378592629682963,0.5515843854596052,0.0317685566297625,0.00018635789393620287,0.8446409513379485,0.007002473944187878,5,4
4,5,5,53044.588,8,239.92161581005993,1690993.0,8,241.00856598679226,0.031368898629385224,0.00014195250992602375,53044.588,8,239.92161581005993,792628.0,8,241.00856598679226,0.0669224251477364,0.0003033745231297552,0.5515843854596052,0.03691336474858061,0.0001673366499046268,0.849797867060911,0.005443228812774091,5,5
4,5,6,37620.155,8,200.96468034868715,1021568.0,8,200.13069134872842,0.03682589411571231,0.00019685402738583668,37620.155,8,200.96468034868715,482403.0,8,200.13069134872842,0.07798491095619223,0.00041784525770985164,0.5515843854596052,0.04301525918489332,0.00023047691969109888,0.8561123381222198,0.006479541805276372,5,6
4,5,7,23077.47,8,155.61432784596025,595773.0,8,153.0262903429669,0.038735340473636776,0.0002613867697837678,23077.47,8,155.61432784596025,283522.0,8,153.0262903429669,0.08139569416129966,0.000550616956539804,0.5515843854596052,0.04489659394301845,0.000303711715596646,0.8627679089152872,0.008243693367928503,5,7
4,5,8,16375.395,8,131.6056328708616,419251.0,8,124.5840766636732,0.039058690378794565,0.0003141210479952954,16375.395,8,131.6056328708616,203312.0,8,124.5840766636732,0.08054317994019045,0.0006491875523780194,0.5515843854596052,0.04442636041027235,0.00035808171712645506,0.8791782630423027,0.010010432894727028,5,8
4,5,9,5279.5601,8,74.43994677655338,132323.0,8,67.68615766113557,0.03989903569296343,0.0005629325100585187,5279.5601,8,74.43994677655338,66443.0,8,67.68615766113557,0.07945998976566379,0.0011232784258993279,0.5515843854596052,0.04382888962352018,0.0006195828402497135,0.9103364478472242,0.018181669626022745,5,9
4,5,10,1262.8745999999999,8,36.7081491459417,34213.0,8,34.3742017744398,0.03691212696928068,0.0010735706076603394,1262.8745999999999,8,36.7081491459417,18293.0,8,34.3742017744398,0.06903594817689826,0.0020108661299168607,0.5515843854596052,0.03807915104977558,0.0011091623585117263,0.9693526759835215,0.03990081396552043,5,10
4,5,11,0.0,8,0.0,2607.0,8,8.62287135356895,0.0,,0.0,8,0.0,1466.0,8,8.62287135356895,0.0,,0.5515843854596052,0.0,,,,5,11
4,6,1,59932.42,8,264.71531078996924,1131769.0,8,270.53821559546816,0.052954640036968675,0.00023423745659943137,59932.42,8,264.71531078996924,535287.0,8,270.53821559546816,0.11196315247708238,0.0004977566695820693,0.5515843854596052,0.06175712665319156,0.0002745548066998454,0.8574660594937511,0.005377517633066384,6,1
4,6,2,31618.852000000003,8,187.34260259190913,905260.0,8,188.96386112431657,0.03492792346950048,0.00020707733490194245,31618.852000000003,8,187.34260259190913,428269.0,8,188.96386112431657,0.07382942029425432,0.0004386526733124415,0.5515843854596052,0.040723155421845174,0.000241953965239256,0.8576919717464735,0.007199003810375693,6,2
4,6,3,20926.844,8,150.7570793459133,718884.0,8,154.4072856953,0.02911018189304533,0.0002098030712609338,20926.844,8,150.7570793459133,340888.0,8,154.4072856953,0.06138920701227383,0.0004431214428799061,0.5515843854596052,0.033861328023717545,0.00024441886875488654,0.8596881336920879,0.008769099870864876,6,3
4,6,4,16282.447699999999,8,131.79280601432689,566499.0,8,133.01893299042058,0.02874223555557909,0.00023274224679437338,16282.447699999999,8,131.79280601432689,269260.0,8,133.01893299042058,0.060471097452276606,0.0004903737994826701,0.5515843854596052,0.03335491312628189,0.00027048253083314025,0.8617092014828768,0.009875133961756613,6,4
4,6,5,25029.9421,8,164.88386477493788,777819.0,8,165.14518664963416,0.03217964860719525,0.00021209238195835778,25029.9421,8,164.88386477493788,371623.0,8,165.14518664963416,0.06735304892323672,0.000444694267114985,0.5515843854596052,0.03715089009915425,0.00024528641404402855,0.86618782272266,0.008080745444837455,6,5
4,6,6,17800.9502,8,136.57617434985357,439323.0,8,132.83281248456646,0.04051904908233805,0.0003111200336202541,17800.9502,8,136.57617434985357,212844.0,8,132.83281248456646,0.08363378906617053,0.0006437919485379592,0.5515843854596052,0.04613109214572192,0.000355105586298152,0.8783457576582799,0.009549869704956858,6,6
4,6,7,10678.1734,8,105.839930229626,220232.0,8,100.11812781024874,0.04848602110501653,0.00048108900265509313,10678.1734,8,105.839930229626,109535.0,8,100.11812781024874,0.09748640525859315,0.0009703656349484218,0.5515843854596052,0.05377197893522712,0.0005352385324241449,0.9016967957125406,0.012672921410723287,6,7
4,6,8,6192.59887,8,80.44675540681924,117907.0,8,76.71936721584974,0.05252104514575046,0.0006831452172239616,6192.59887,8,80.44675540681924,60959.0,8,76.71936721584974,0.10158629357436966,0.0013258648477204608,0.5515843854596052,0.05603341331233773,0.0007313263472323834,0.9373165409894119,0.017271277191110285,6,8
4,6,9,1193.5412000000001,8,35.730656032460416,23438.0,8,33.522227930435946,0.05092333816878574,0.0015262143114201294,1193.5412000000001,8,35.730656032460416,12716.0,8,33.522227930435946,0.09386137150047186,0.0028207711842645916,0.5515843854596052,0.051772466917483474,0.0015558933401947474,0.9835988354572499,0.041746841009322654,6,9
4,6,10,66.5945,8,8.758119599428863,3113.0,8,9.75662495585948,0.021392386765178285,0.0028142005308219383,66.5945,8,8.758119599428863,1803.0,8,9.75662495585948,0.03693538546866334,0.0048616363345835014,0.5515843854596052,0.0203729818954463,0.0026816026899393283,1.0500370969239334,0.1954058182434537,6,10
4,6,11,0.0,8,0.0,21.0,8,0.0,0.0,,0.0,8,0.0,13.0,8,0.0,0.0,,0.5515843854596052,0.0,,,,6,11
4,7,1,23522.6,8,161.66825516625087,335702.0,8,164.34824810027638,0.0700698834084992,0.00048280284882593055,23522.6,8,161.66825516625087,162962.0,8,164.34824810027638,0.14434408021501943,0.0010026845710658038,0.5515843854596052,0.07961794078013346,0.0005530651529411592,0.8800765596537921,0.008610819869126927,7,1
4,7,2,11211.7983,8,109.94585217200738,246553.0,8,110.34797010384423,0.04547419135033847,0.0004463961269575356,11211.7983,8,109.94585217200738,119751.0,8,110.34797010384423,0.09362592629706641,0.0009221651519072373,0.5515843854596052,0.051642599019653665,0.000508651898607017,0.880555824330846,0.012244952931757046,7,2
4,7,3,6163.7656,8,80.89549068427733,173378.0,8,80.82626493276551,0.03555102492819158,0.00046687877384092173,6163.7656,8,80.89549068427733,85373.0,8,80.82626493276551,0.07219806730465135,0.0009500157336867182,0.5515843854596052,0.03982332658560733,0.0005240138446425444,0.892718614347004,0.0165961985628319,7,3
4,7,4,3661.8665,8,62.084719114163676,116781.0,8,63.99727992485696,0.0313566975792295,0.0005319113750587405,3661.8665,8,62.084719114163676,58407.0,8,63.99727992485696,0.0626956786001678,0.0010651846063529863,0.5515843854596052,0.03458195735164647,0.0005875391964962434,0.90673576571676,0.021769283068241833,7,4
4,7,5,4147.492200000001,8,65.89801364889537,121048.0,8,66.03988109725819,0.03426320302689843,0.00054471655856659,4147.492200000001,8,65.89801364889537,62021.0,8,66.03988109725819,0.06687238515986521,0.0010648946027736156,0.5515843854596052,0.03688576347262228,0.0005873792350501351,0.928900470023607,0.020901896434678876,7,5
4,7,6,1593.1729,8,41.19652402065495,41551.0,8,40.50007493711586,0.038342588626025846,0.0009921730167353983,1593.1729,8,41.19652402065495,22130.0,8,40.50007493711586,0.07199154541346589,0.001866225595090388,0.5515843854596052,0.03970941233517384,0.0010293808979969176,0.9655793518773057,0.035366951635489904,7,6
4,7,7,351.11990000000003,8,19.455678276066347,11099.0,8,20.299686324002646,0.03163527344805839,0.0017538763777651784,351.11990000000003,8,19.455678276066347,6165.0,8,20.299686324002646,0.05695375506893756,0.0031613949077690198,0.5515843854596052,0.0314148019893168,0.0017437760673969,1.0070180757089147,0.07900313242509838,7,7
4,7,8,13.8427,8,3.94578,2349.0,8,5.467991846830059,0.005893018305661984,0.0016798261265680663,13.8427,8,3.94578,1338.0,8,5.467991846830059,0.010345814648729447,0.0029493165235168657,0.5515843854596052,0.005706589815098413,0.0016267969421499095,1.0326689838597338,0.41631086705923753,7,8
4,7,9,0.0,8,0.0,32.0,8,0.0,0.0,,0.0,8,0.0,20.0,8,0.0,0.0,,0.5515843854596052,0.0,,,,7,9
4,7,10,0.0,8,0.0,0.0,8,0.0,,,0.0,8,0.0,0.0,8,0.0,,,0.5515843854596052,,,,,7,10
4,7,11,0.0,8,0.0,0.0,8,0.0,,,0.0,8,0.0,0.0,8,0.0,,,0.5515843854596052,,,,,7,11
4,8,1,78.4462,8,9.249068732677902,3430.0,8,16.783815372941874,0.02287061224489796,0.002698842778689778,78.4462,8,9.249068732677902,1939.0,8,16.783815372941874,0.040457039711191335,0.004782857455206067,0.5515843854596052,0.022315471386612315,0.0026381494901707297,1.0248769496582846,0.17119207310230775,8,1
4,8,2,0.0,8,0.0,1090.0,8,0.0,0.0,,0.0,8,0.0,625.0,8,0.0,0.0,,0.5515843854596052,0.0,,,,8,2
4,8,3,0.0,8,0.0,241.0,8,0.0,0.0,,0.0,8,0.0,143.0,8,0.0,0.0,,0.5515843854596052,0.0,,,,8,3
4,8,4,0.0,8,0.0,15.0,8,0.0,0.0,,0.0,8,0.0,6.0,8,0.0,0.0,,0.5515843854596052,0.0,,,,8,4
4,8,5,0.0,8,0.0,0.0,8,0.0,,,0.0,8,0.0,0.0,8,0.0,,,0.5515843854596052,,,,,8,5
4,8,6,0.0,8,0.0,0.0,8,0.0,,,0.0,8,0.0,0.0,8,0.0,,,0.5515843854596052,,,,,8,6
4,8,7,0.0,8,0.0,0.0,8,0.0,,,0.0,8,0.0,0.0,8,0.0,,,0.5515843854596052,,,,,8,7
4,8,8,0.0,8,0.0,0.0,8,0.0,,,0.0,8,0.0,0.0,8,0.0,,,0.5515843854596052,,,,,8,8
4,8,9,0.0,8,0.0,0.0,8,0.0,,,0.0,8,0.0,0.0,8,0.0,,,0.5515843854596052,,,,,8,9
4,8,10,0.0,8,0.0,0.0,8,0.0,,,0.0,8,0.0,0.0,8,0.0,,,0.5515843854596052,,,,,8,10
4,8,11,0.0,8,0.0,0.0,8,0.0,,,0.0,8,0.0,0.0,8,0.0,,,0.5515843854596052,,,,,8,11
5,1,1,0.0,8,0.0,110018600.0,8,0.0,0.0,,0.0,8,0.0,48398040.0,8,0.0,0.0,,0.529418895771262,0.0,,,,1,1
5,1,2,0.0,8,0.0,39054820.0,8,0.0,0.0,,0.0,8,0.0,17360930.0,8,0.0,0.0,,0.529418895771262,0.0,,,,1,2
5,1,3,0.0,8,0.0,17891070.0,8,0.0,0.0,,0.0,8,0.0,7996965.0,8,0.0,0.0,,0.529418895771262,0.0,,,,1,3
5,1,4,0.0,8,0.0,8854850.0,8,0.0,0.0,,0.0,8,0.0,3995715.0,8,0.0,0.0,,0.529418895771262,0.0,,,,1,4
5,1,5,0.0,8,0.0,6271525.0,8,0.0,0.0,,0.0,8,0.0,2895490.0,8,0.0,0.0,,0.529418895771262,0.0,,,,1,5
5,1,6,0.0,8,0.0,1060928.0,8,0.0,0.0,,0.0,8,0.0,518401.0,8,0.0,0.0,,0.529418895771262,0.0,,,,1,6
5,1,7,0.0,8,0.0,99506.0,8,0.0,0.0,,0.0,8,0.0,51549.0,8,0.0,0.0,,0.529418895771262,0.0,,,,1,7
5,1,8,0.0,8,0.0,3413.0,8,0.0,0.0,,0.0,8,0.0,1891.0,8,0.0,0.0,,0.529418895771262,0.0,,,,1,8
5,1,9,0.0,8,0.0,0.0,8,0.0,,,0.0,8,0.0,0.0,8,0.0,,,0.529418895771262,,,,,1,9
5,1,10,0.0,8,0.0,0.0,8,0.0,,,0.0,8,0.0,0.0,8,0.0,,,0.529418895771262,,,,,1,10
5,1,11,0.0,8,0.0,0.0,8,0.0,,,0.0,8,0.0,0.0,8,0.0,,,0.529418895771262,,,,,1,11
5,2,1,33573.43,8,389.9486964383007,15228630.0,8,396.0034436771731,0.0022046257608202445,2.5606352885471778e-05,33573.43,8,389.9486964383007,6642133.0,8,396.0034436771731,0.005054615738649015,5.870912758386266e-05,0.529418895771262,0.0026760090829036037,3.108172149714271e-05,0.8238483848597835,0.013532481980272263,2,1
5,2,2,15492.457,8,179.28115921897648,11096430.0,8,178.18027415452025,0.0013961658839825061,1.6156667668255897e-05,15492.457,8,179.28115921897648,4849291.0,8,178.18027415452025,0.003194788062832278,3.697077839764812e-05,0.529418895771262,0.0016913811684478738,1.9573028675086896e-05,0.8254590449672103,0.013509092779349311,2,2
5,2,3,10902.238,8,120.18462318454054,7973886.0,8,119.77949537166201,0.0013672427722192166,1.507229157303844e-05,10902.238,8,120.18462318454054,3493168.0,8,119.77949537166201,0.0031210173687609643,3.4405789984245236e-05,0.529418895771262,0.0016523255690523593,1.8215075341597057e-05,0.8274657233582343,0.012900291093357658,2,3
5,2,4,7208.732,8,93.4702621210618,5746442.0,8,92.50717150464607,0.0012544687651941844,1.626577526753611e-05,7208.732,8,93.4702621210618,2519203.0,8,92.50717150464607,0.002861512946753398,3.710325724212717e-05,0.529418895771262,0.001514939024505354,1.9643165478644047e-05,0.828065516104705,0.015184318888745028,2,4
5,2,5,6298.539,8,84.7875043557127,7072736.0,8,84.0661785173443,0.000890537834297788,1.198794036802384e-05,6298.539,8,84.7875043557127,3128937.0,8,84.0661785173443,0.002012996426581935,2.7097916394958575e-05,0.529418895771262,0.0010657183453525044,1.4346148975520946e-05,0.8356221305388409,0.01590806943180201,2,5
5,2,6,935.3340000000001,8,31.969327822774126,3179903.0,8,35.52000607879452,0.0002941391608486171,1.0053554944911605e-05,935.3340000000001,8,31.969327822774126,1447679.0,8,35.52000607879452,0.0006460921240136799,2.208316626808733e-05,0.529418895771262,0.00034205337886183165,1.1691245500783975e-05,0.8599218105295521,0.04156624691879295,2,6
5,2,7,0.0,8,0.0,1045169.0,8,5.28969,0.0,,0.0,8,0.0,498828.0,8,5.28969,0.0,,0.529418895771262,0.0,,,,2,7
5,2,8,0.0,8,0.0,261204.0,8,0.0,0.0,,0.0,8,0.0,131887.0,8,0.0,0.0,,0.529418895771262,0.0,,,,2,8
5,2,9,0.0,8,0.0,12046.0,8,0.0,0.0,,0.0,8,0.0,6391.0,8,0.0,0.0,,0.529418895771262,0.0,,,,2,9
5,2,10,0.0,8,0.0,28.0,8,0.0,0.0,,0.0,8,0.0,20.0,8,0.0,0.0,,0.529418895771262,0.0,,,,2,10
5,2,11,0.0,8,0.0,0.0,8,0.0,,,0.0,8,0.0,0.0,8,0.0,,,0.529418895771262,,,,,2,11
5,3,1,118423.13,8,613.5014036194212,8065500.0,8,624.6632406168943,0.014682676833426323,7.607339378606023e-05,118423.13,8,613.5014036194212,3509271.0,8,624.6632406168943,0.03374579221724398,0.000174926201021658,0.529418895771262,0.01786566005257976,9.260923618634798e-05,0.821837916439375,0.006023273595013343,3,1
5,3,2,70036.22,8,356.19201769267653,6317190.0,8,350.59643729486186,0.011086609710963261,5.6387923268741686e-05,70036.22,8,356.19201769267653,2751743.0,8,350.59643729486186,0.025451584686505973,0.00012948293917923638,0.529418895771262,0.013474549860358754,6.855071468148881e-05,0.822781452876533,0.005918913991343404,3,2
5,3,3,40618.283,8,238.7388068880508,4865972.0,8,235.87252516603118,0.008347414041839946,4.906459096093276e-05,40618.283,8,238.7388068880508,2122373.0,8,235.87252516603118,0.01913814536841545,0.00011250684060363127,0.529418895771262,0.0101320957880564,5.956324731908785e-05,0.8238585793552982,0.006848813218931693,3,3
5,3,4,32896.159999999996,8,194.54999227789756,3678600.0,8,198.04326958223044,0.008942575979992387,5.28891570227829e-05,32896.159999999996,8,194.54999227789756,1612778.0,8,198.04326958223044,0.020397202838828406,0.00012065636127991472,0.529418895771262,0.010798664603754985,6.38777575565909e-05,0.8281186894982194,0.006927067107611732,3,4
5,3,5,40735.993,8,215.27997877889155,4707375.0,8,216.04851695538204,0.008653653681722828,4.573421428703156e-05,40735.993,8,215.27997877889155,2079849.0,8,216.04851695538204,0.019586033889960282,0.00010352749751522184,0.529418895771262,0.010369216434561287,5.480941341647081e-05,0.8345523247908709,0.006237980816162152,3,5
5,3,6,15695.089,8,131.24233820695972,2393162.0,8,128.73721185268423,0.006558306123864577,5.4841692252867285e-05,15695.089,8,131.24233820695972,1072528.0,8,128.73721185268423,0.014633733571524473,0.00012237989002483095,0.529418895771262,0.007747375068447333,6.479022624155448e-05,0.8465197652008012,0.010011269214505686,3,6
5,3,7,5137.515,8,73.89733301067096,1067239.0,8,72.12671345319986,0.004813837387876568,6.924236153258864e-05,5137.515,8,73.89733301067096,491975.0,8,72.12671345319986,0.010442634280197165,0.00015021326559546135,0.529418895771262,0.005528527909565111,7.952574120174445e-05,0.8707267950204194,0.01771276026428854,3,7
5,3,8,1633.351,8,41.642067271690536,464011.0,8,40.161667086414624,0.0035200695673162923,8.97442242634695e-05,1633.351,8,41.642067271690536,224272.0,8,40.161667086414624,0.007282902011842763,0.00018568120182081696,0.529418895771262,0.003855705941120098,9.830313683345776e-05,0.9129507335545661,0.032917110571429806,3,8
5,3,9,31.9036,8,5.9269713879940396,59125.0,8,11.076079855273708,0.0005395957716701903,0.00010024481017033852,31.9036,8,5.9269713879940396,30419.0,8,11.076079855273708,0.0010488050231763043,0.00019484476058012818,0.529418895771262,0.0005552571972493519,0.00010315449799314738,0.9717942862213302,0.25531892411858687,3,9
5,3,10,0.0,8,0.0,2566.0,8,0.0,0.0,,0.0,8,0.0,1412.0,8,0.0,0.0,,0.529418895771262,0.0,,,,3,10
5,3,11,0.0,8,0.0,0.0,8,0.0,,,0.0,8,0.0,0.0,8,0.0,,,0.529418895771262,,,,,3,11
5,4,1,140476.41,8,515.8971899148124,5099966.0,8,526.2763505649859,0.02754457774816538,0.00010119691194479966,140476.41,8,515.8971899148124,2227758.0,8,526.2763505649859,0.0630573024538572,0.0002320554720558085,0.529418895771262,0.033383727435435565,0.0001228545517734651,0.8250899424408747,0.0042905244116940465,4,1
5,4,2,85953.04000000001,8,345.0517712479969,4076950.0,8,343.02041700955647,0.0210826819068176,8.465336756774853e-05,85953.04000000001,8,345.0517712479969,1781312.0,8,343.02041700955647,0.04825265871447563,0.00019392926266732793,0.529418895771262,0.025545869294645248,0.00010266981609907177,0.825287316068622,0.004688571062700677,4,2
5,4,3,52372.090000000004,8,251.26060295710906,3182031.0,8,252.04854783265466,0.016458698862456086,7.897309807521913e-05,52372.090000000004,8,251.26060295710906,1396003.0,8,252.04854783265466,0.037515743161010404,0.00018011312776502832,0.529418895771262,0.0198615433183404,9.535529321526953e-05,0.8286716998098489,0.005624776699359049,4,3
5,4,4,36348.473,8,203.42970594566566,2421344.0,8,208.8063130674693,0.015011693092761706,8.402517514406015e-05,36348.473,8,203.42970594566566,1068826.0,8,208.8063130674693,0.034007848798588355,0.00019044597088720234,0.529418895771262,0.018004397758504685,0.00010082569561118858,0.8337792407230437,0.006601646884370683,4,4
5,4,5,53429.03,8,244.36404244548746,3116812.0,8,246.526269017685,0.01714220491964225,7.841364244208913e-05,53429.03,8,244.36404244548746,1388985.0,8,246.526269017685,0.03846623973621025,0.00017606235743603972,0.529418895771262,0.02036475416561707,9.321073886067339e-05,0.8417585000158937,0.005447012977902535,4,5
5,4,6,28049.758,8,173.7392043499106,1582892.0,8,171.6043248660709,0.017720576008975978,0.00010977742936853517,28049.758,8,173.7392043499106,713924.0,8,171.6043248660709,0.03928955743188351,0.0002435412981955664,0.529418895771262,0.020800634110929347,0.0001289353651653964,0.8519247977957074,0.0074658910461107,4,6
5,4,7,11518.7231,8,110.42266077415451,714243.0,8,105.67707871847519,0.01612717674516936,0.00015461938295386232,11518.7231,8,110.42266077415451,330524.0,8,105.67707871847519,0.03484988412339195,0.0003342693992965528,0.529418895771262,0.0184501871703626,0.00017696853626570405,0.874092853164937,0.011854221126264164,4,7
5,4,8,5189.548,8,73.94122805593642,324553.0,8,70.17163461492115,0.015989832169168054,0.0002278510468103208,5189.548,8,73.94122805593642,156778.0,8,70.17163461492115,0.03310125145109645,0.0004718627770747566,0.529418895771262,0.017524427991886367,0.0002498130703944788,0.9124310463412092,0.018390955006748977,4,8
5,4,9,647.7769,8,26.442195706652274,48484.0,8,25.46537650479568,0.013360632373566536,0.0005454249756639312,647.7769,8,26.442195706652274,24953.0,8,25.46537650479568,0.025959880575481903,0.0010600111482757585,0.529418895771262,0.013743651308625463,0.0005611899316253795,0.9721312097885847,0.056130351820060785,4,9
5,4,10,0.0,8,0.0,2973.0,8,6.104426856798269,0.0,,0.0,8,0.0,1632.0,8,6.104426856798269,0.0,,0.529418895771262,0.0,,,,4,10
5,4,11,0.0,8,0.0,0.0,8,0.0,,,0.0,8,0.0,0.0,8,0.0,,,0.529418895771262,,,,,4,11
5,5,1,123784.38,8,416.26668866730137,2970616.0,8,423.9187971003409,0.04166959984057179,0.00014025418380466843,123784.38,8,416.26668866730137,1318607.0,8,423.9187971003409,0.09387511214486197,0.0003171260269883639,0.529418895771262,0.04969925821213621,0.00016789251102850705,0.8384350459057026,0.003998294905628843,5,1
5,5,2,62189.04,8,273.42640626131924,2297290.0,8,279.14344953290595,0.027070609283111842,0.00011906672886843543,62189.04,8,273.42640626131924,1020989.0,8,279.14344953290595,0.06091058767528348,0.0002683227227228611,0.529418895771262,0.03224721606782722,0.00014205511957427562,0.8394712035349918,0.005225761539004565,5,2
5,5,3,41000.83,8,215.4556833530738,1747535.0,8,217.06693672379035,0.023462093749195296,0.00012332563647575093,41000.83,8,215.4556833530738,779294.0,8,217.06693672379035,0.05261278798502234,0.0002768636097134622,0.529418895771262,0.02785420411847805,0.00014657682653374681,0.8423178651739291,0.006265009403529372,5,3
5,5,4,27858.881999999998,8,174.31943872488804,1311283.0,8,175.12961588280837,0.02124551450754719,0.0001329683540405632,27858.881999999998,8,174.31943872488804,586703.0,8,175.12961588280837,0.047483789924374,0.00029745489094604985,0.529418895771262,0.02513881562879666,0.00015747823990641888,0.8451279018574896,0.007483692206236126,5,4
5,5,5,38094.17,8,203.87195167150875,1643788.0,8,204.48966779771538,0.023174624708295715,0.00012405919896798462,38094.17,8,203.87195167150875,742468.0,8,204.48966779771538,0.05130749069320159,0.000274950225423548,0.529418895771262,0.02716315506758909,0.00014556384473579434,0.8531639513389052,0.006462378619033217,5,5
5,5,6,20953.292999999998,8,149.72973368880344,772670.0,8,145.65400374390674,0.027118036160327173,0.00019384966789859676,20953.292999999998,8,149.72973368880344,357599.0,8,145.65400374390674,0.05859438365319813,0.0004193881061505544,0.529418895771262,0.03102097389207384,0.00022203198805782734,0.8741839071421319,0.008843037240384499,5,6
5,5,7,8825.493999999999,8,96.42347593895379,303865.0,8,93.07799008342413,0.029044128149013537,0.00031744809336462816,8825.493999999999,8,96.42347593895379,144722.0,8,93.07799008342413,0.06098239383093102,0.0006674202834054115,0.529418895771262,0.032285231603459724,0.0003533449094558357,0.8996103390474403,0.01391471403951148,5,7
5,5,8,3238.2104,8,58.54897769243627,112955.0,8,58.387632530186565,0.028668145721747598,0.0005185507502221331,3238.2104,8,58.54897769243627,56615.0,8,58.387632530186565,0.057197039653802,0.0010358411156920016,0.529418895771262,0.030281193574900937,0.0005483938596641315,0.946731034588731,0.024232454216141962,5,8
5,5,9,179.5872,8,14.002543567441595,11430.0,8,15.391833261522164,0.015711916010498688,0.0012252521221246169,179.5872,8,14.002543567441595,6025.0,8,15.391833261522164,0.02980700414937759,0.0023253207372046225,0.529418895771262,0.015780391223012908,0.0012310687370048882,0.9956607405008844,0.1098264188554871,5,9
5,5,10,0.0,8,0.0,235.0,8,0.0,0.0,,0.0,8,0.0,124.0,8,0.0,0.0,,0.529418895771262,0.0,,,,5,10
5,5,11,0.0,8,0.0,0.0,8,0.0,,,0.0,8,0.0,0.0,8,0.0,,,0.529418895771262,,,,,5,11
5,6,1,72157.96,8,290.96713538990963,1219979.0,8,296.6838035472951,0.05914688695461152,0.0002389350993407629,72157.96,8,290.96713538990963,547397.0,8,296.6838035472951,0.13182015977435024,0.0005363268077371083,0.529418895771262,0.06978808342812784,0.0002839415463247058,0.8475212966053826,0.00485924743737339,6,1
5,6,2,33210.266,8,193.78660019598877,898001.0,8,195.91643242571564,0.0369824376587554,0.00021594853781481735,33210.266,8,193.78660019598877,406009.0,8,195.91643242571564,0.08179687149792247,0.00047892555678148154,0.529418895771262,0.04330480938597393,0.0002535522394278888,0.8540030122089326,0.007061845697287079,6,2
5,6,3,18781.205,8,143.9838918631178,632025.0,8,144.31781212958433,0.029715921047426923,0.0002279146305726131,18781.205,8,143.9838918631178,288665.0,8,144.31781212958433,0.06506228673375714,0.0004998518399858706,0.529418895771262,0.03444520399893893,0.0002646310091745532,0.8627012645459237,0.009365333101976219,6,3
5,6,4,11744.877,8,112.04462159041817,423316.0,8,109.90790955076892,0.027744939950297177,0.0002647811794026754,11744.877,8,112.04462159041817,196056.0,8,109.90790955076892,0.059905725915044686,0.0005724788173899583,0.529418895771262,0.03171522326431883,0.0003030811033550297,0.8748145872746097,0.011814855589245698,6,4
5,6,5,12910.371,8,117.4882913550112,429627.0,8,117.21233158499152,0.030050185393376113,0.00027358866495619537,12910.371,8,117.4882913550112,204140.0,8,117.21233158499152,0.06324273047908298,0.0005766724416885285,0.529418895771262,0.03348189653579565,0.00030530128730045823,0.897505473181584,0.011564773331931741,6,5
5,6,6,5186.5154,8,74.2747170668465,139228.0,8,71.49380371874824,0.037251956503002275,0.0005338182743087198,5186.5154,8,74.2747170668465,69243.0,8,71.49380371874824,0.07490310067443641,0.001075451885112337,0.529418895771262,0.03965511684890379,0.0005693645494712955,0.9393984802753658,0.019056056569302482,6,6
5,6,7,1414.5341,8,38.98920185512907,35054.0,8,40.04455903131535,0.040353001084041766,0.00111321599737874,1414.5341,8,38.98920185512907,18076.0,8,40.04455903131535,0.07825481854392566,0.002163915179131591,0.529418895771262,0.0414295796223056,0.0011456175846785194,0.9740142538717868,0.0380449736665992,6,7
5,6,8,221.3803,8,15.747201393380983,6834.0,8,17.254970257801084,0.032393956687152475,0.00230569483910441,221.3803,8,15.747201393380983,3748.0,8,17.254970257801084,0.059066248665955175,0.004210285135140064,0.529418895771262,0.031270788146080766,0.0022290045071280116,1.0359175002505487,0.10435070177831672,6,8
5,6,9,0.0,8,0.0,72.0,8,0.0,0.0,,0.0,8,0.0,44.0,8,0.0,0.0,,0.529418895771262,0.0,,,,6,9
5,6,10,0.0,8,0.0,0.0,8,0.0,,,0.0,8,0.0,0.0,8,0.0,,,0.529418895771262,,,,,6,10
5,6,11,0.0,8,0.0,0.0,8,0.0,,,0.0,8,0.0,0.0,8,0.0,,,0.529418895771262,,,,,6,11
5,7,1,10590.53,8,107.40682238196044,140751.0,8,117.08329554163566,0.07524301781159637,0.000765660709257963,10590.53,8,107.40682238196044,68294.0,8,117.08329554163566,0.15507262717076173,0.0015950248063445508,0.529418895771262,0.08209837904109328,0.0008444362717027031,0.9164982145863617,0.01326051402644516,7,1
5,7,2,3499.3442999999997,8,60.98112192779336,73118.0,8,65.94751469685875,0.04785886238682677,0.0008351260104381487,3499.3442999999997,8,60.98112192779336,36511.0,8,65.94751469685875,0.09584356221412724,0.0016791600270644011,0.529418895771262,0.05074139287418749,0.0008889790473516776,0.9431917351084959,0.02332255446350142,7,2
5,7,3,1160.4374,8,35.496820033379045,35465.0,8,38.9348594198772,0.03272063724799098,0.0010015416324640279,1160.4374,8,35.496820033379045,17985.0,8,38.9348594198772,0.06452251320544898,0.0019786268897539704,0.529418895771262,0.03415943769361547,0.0010475224631168736,0.9578798556776768,0.04150270028252799,7,3
5,7,4,366.7835,8,19.88219251512267,15925.0,8,22.377303989580604,0.02303193092621664,0.0012489087270163392,366.7835,8,19.88219251512267,8267.0,8,22.377303989580604,0.04436718277488811,0.002408003541803443,0.529418895771262,0.02348882491316302,0.0012748425761148667,0.9805484527797583,0.07522842269465659,7,4
5,7,5,207.383,8,15.453139549916708,8229.0,8,18.50226984915094,0.025201482561672137,0.0018787425944483459,207.383,8,15.453139549916708,4394.0,8,18.50226984915094,0.04719685935366409,0.0035224836850599635,0.529418895771262,0.024986909162888402,0.0018648694229167317,1.0085874326186142,0.10639402324380798,7,5
5,7,6,0.0,8,0.0,435.0,8,0.0,0.0,,0.0,8,0.0,240.0,8,0.0,0.0,,0.529418895771262,0.0,,,,7,6
5,7,7,0.0,8,0.0,0.0,8,0.0,,,0.0,8,0.0,0.0,8,0.0,,,0.529418895771262,,,,,7,7
5,7,8,0.0,8,0.0,0.0,8,0.0,,,0.0,8,0.0,0.0,8,0.0,,,0.529418895771262,,,,,7,8
5,7,9,0.0,8,0.0,0.0,8,0.0,,,0.0,8,0.0,0.0,8,0.0,,,0.529418895771262,,,,,7,9
5,7,10,0.0,8,0.0,0.0,8,0.0,,,0.0,8,0.0,0.0,8,0.0,,,0.529418895771262,,,,,7,10
5,7,11,0.0,8,0.0,0.0,8,0.0,,,0.0,8,0.0,0.0,8,0.0,,,0.529418895771262,,,,,7,11
5,8,1,0.0,8,0.0,45.650999999999996,8,7.212612791305243,0.0,,0.0,8,0.0,45.650999999999996,8,7.212612791305243,0.0,,0.529418895771262,0.0,,,,8,1
5,8,2,0.0,8,0.0,0.0,8,0.0,,,0.0,8,0.0,0.0,8,0.0,,,0.529418895771262,,,,,8,2
5,8,3,0.0,8,0.0,0.0,8,0.0,,,0.0,8,0.0,0.0,8,0.0,,,0.529418895771262,,,,,8,3
5,8,4,0.0,8,0.0,0.0,8,0.0,,,0.0,8,0.0,0.0,8,0.0,,,0.529418895771262,,,,,8,4
5,8,5,0.0,8,0.0,0.0,8,0.0,,,0.0,8,0.0,0.0,8,0.0,,,0.529418895771262,,,,,8,5
5,8,6,0.0,8,0.0,0.0,8,0.0,,,0.0,8,0.0,0.0,8,0.0,,,0.529418895771262,,,,,8,6
5,8,7,0.0,8,0.0,0.0,8,0.0,,,0.0,8,0.0,0.0,8,0.0,,,0.529418895771262,,,,,8,7
5,8,8,0.0,8,0.0,0.0,8,0.0,,,0.0,8,0.0,0.0,8,0.0,,,0.529418895771262,,,,,8,8
5,8,9,0.0,8,0.0,0.0,8,0.0,,,0.0,8,0.0,0.0,8,0.0,,,0.529418895771262,,,,,8,9
5,8,10,0.0,8,0.0,0.0,8,0.0,,,0.0,8,0.0,0.0,8,0.0,,,0.529418895771262,,,,,8,10
5,8,11,0.0,8,0.0,0.0,8,0.0,,,0.0,8,0.0,0.0,8,0.0,,,0.529418895771262,,,,,8,11
6,1,1,0.0,8,0.0,55163940.0,8,0.0,0.0,,0.0,8,0.0,23240800.0,8,0.0,0.0,,0.5261460155360248,0.0,,,,1,1
6,1,2,0.0,8,0.0,17140170.0,8,0.0,0.0,,0.0,8,0.0,7254463.0,8,0.0,0.0,,0.5261460155360248,0.0,,,,1,2
6,1,3,0.0,8,0.0,6373788.0,8,0.0,0.0,,0.0,8,0.0,2755531.0,8,0.0,0.0,,0.5261460155360248,0.0,,,,1,3
6,1,4,0.0,8,0.0,2315377.0,8,0.0,0.0,,0.0,8,0.0,1032323.0,8,0.0,0.0,,0.5261460155360248,0.0,,,,1,4
6,1,5,0.0,8,0.0,845999.0,8,0.0,0.0,,0.0,8,0.0,396778.0,8,0.0,0.0,,0.5261460155360248,0.0,,,,1,5
6,1,6,0.0,8,0.0,21822.0,8,0.0,0.0,,0.0,8,0.0,11135.0,8,0.0,0.0,,0.5261460155360248,0.0,,,,1,6
6,1,7,0.0,8,0.0,0.0,8,0.0,,,0.0,8,0.0,0.0,8,0.0,,,0.5261460155360248,,,,,1,7
6,1,8,0.0,8,0.0,0.0,8,0.0,,,0.0,8,0.0,0.0,8,0.0,,,0.5261460155360248,,,,,1,8
6,1,9,0.0,8,0.0,0.0,8,0.0,,,0.0,8,0.0,0.0,8,0.0,,,0.5261460155360248,,,,,1,9
6,1,10,0.0,8,0.0,0.0,8,0.0,,,0.0,8,0.0,0.0,8,0.0,,,0.5261460155360248,,,,,1,10
6,1,11,0.0,8,0.0,0.0,8,0.0,,,0.0,8,0.0,0.0,8,0.0,,,0.5261460155360248,,,,,1,11
6,2,1,2183.755,8,90.08258606878468,9493730.0,8,93.12486536017113,0.00023002076107072776,9.488640251574769e-06,2183.755,8,90.08258606878468,3923601.0,8,93.12486536017113,0.0005565690802912936,2.295916454795068e-05,0.5261460155360248,0.000292836603965814,1.2079872946940208e-05,0.7854918338609767,0.04582406868338643,2,1
6,2,2,697.2072000000001,8,32.07790128010871,6713762.0,8,29.62672421098222,0.00010384747031545058,4.77793246582963e-06,697.2072000000001,8,32.07790128010871,2780314.0,8,29.62672421098222,0.00025076563294649455,1.1537510561916118e-05,0.5261460155360248,0.0001319393386081674,6.070415211356968e-06,0.787084969584819,0.051213057755415875,2,2
6,2,3,375.33029999999997,8,21.133210029557745,4338405.0,8,23.22516015241445,8.651343062715444e-05,4.871193474347504e-06,375.33029999999997,8,21.133210029557745,1817942.0,8,23.22516015241445,0.00020645889692850485,1.1624799126454836e-05,0.5261460155360248,0.00010862752599089566,6.116341741790874e-06,0.7964227283829086,0.06341770086927943,2,3
6,2,4,324.8213,8,19.30874141562831,2777280.0,8,15.979877892318202,0.00011695662662749165,6.952392810980222e-06,324.8213,8,19.30874141562831,1176431.0,8,15.979877892318202,0.00027610739601387587,1.641298292864691e-05,0.5261460155360248,0.00014527280627272808,8.635625570968368e-06,0.8050827242087069,0.06768072127065852,2,4
6,2,5,156.8399,8,13.391992652768295,2460634.0,8,15.034628217315518,6.37396297051898e-05,5.442496806536558e-06,156.8399,8,13.391992652768295,1082770.0,8,15.034628217315518,0.00014485061462729852,1.2368271036176374e-05,0.5261460155360248,7.621257373409735e-05,6.5075165247538205e-06,0.8363400759509165,0.10099190279103017,2,5
6,2,6,0.0,8,0.0,442465.0,8,0.0,0.0,,0.0,8,0.0,210835.0,8,0.0,0.0,,0.5261460155360248,0.0,,,,2,6
6,2,7,0.0,8,0.0,30345.0,8,0.0,0.0,,0.0,8,0.0,15251.0,8,0.0,0.0,,0.5261460155360248,0.0,,,,2,7
6,2,8,0.0,8,0.0,132.0,8,0.0,0.0,,0.0,8,0.0,68.0,8,0.0,0.0,,0.5261460155360248,0.0,,,,2,8
6,2,9,0.0,8,0.0,0.0,8,0.0,,,0.0,8,0.0,0.0,8,0.0,,,0.5261460155360248,,,,,2,9
6,2,10,0.0,8,0.0,0.0,8,0.0,,,0.0,8,0.0,0.0,8,0.0,,,0.5261460155360248,,,,,2,10
6,2,11,0.0,8,0.0,0.0,8,0.0,,,0.0,8,0.0,0.0,8,0.0,,,0.5261460155360248,,,,,2,11
6,3,1,36258.3,8,313.8193143172198,4983261.0,8,317.7375681837135,0.00727601865525406,6.29763983460312e-05,36258.3,8,313.8193143172198,2068479.0,8,317.7375681837135,0.017528966936575137,0.0001517389031644954,0.5261460155360248,0.009222796110141727,7.983681930180596e-05,0.7889167849274127,0.009657362044111231,3,1
6,3,2,15973.557,8,156.99096965593276,3642846.0,8,155.01950954541175,0.004384911412670204,4.309609608771762e-05,15973.557,8,156.99096965593276,1522133.0,8,155.01950954541175,0.010494192688812345,0.00010314433642581558,0.5261460155360248,0.005521477669485898,5.426898163555013e-05,0.7941554191015103,0.011038428052288038,3,2
6,3,3,7415.967,8,96.21716573179653,2578318.0,8,99.50599272516203,0.0028762809707724183,3.7317969081485206e-05,7415.967,8,96.21716573179653,1086099.0,8,99.50599272516203,0.006828076446069833,8.859189135132515e-05,0.5261460155360248,0.0035925652158750234,4.661227064330014e-05,0.8006203918199037,0.014690371914995767,3,3
6,3,4,6027.923000000001,8,81.41491411639517,1788932.0,8,81.58214400051031,0.0033695651930872724,4.551060532595706e-05,6027.923000000001,8,81.41491411639517,757910.0,8,81.58214400051031,0.007953349342270192,0.00010742370419420131,0.5261460155360248,0.004184623066601525,5.652055393589958e-05,0.8052254980814344,0.015380729112470183,3,4
6,3,5,6745.338,8,86.26727785885272,1846641.0,8,84.48646730661426,0.0036527608777233906,4.67160806345931e-05,6745.338,8,86.26727785885272,800840.0,8,84.48646730661426,0.008422828530043454,0.00010772465517412654,0.5261460155360248,0.004431637670625516,5.66788980948589e-05,0.8242462830242644,0.014908129277286766,3,5
6,3,6,1547.6979999999999,8,40.730811579810194,522972.0,8,38.78652675092216,0.0029594280382123704,7.788365977918716e-05,1547.6979999999999,8,40.730811579810194,241781.0,8,38.78652675092216,0.0064012391378975185,0.00016846471929388116,0.5261460155360248,0.003367986466898038,8.863704081487046e-05,0.87869356581413,0.032703496136947965,3,6
6,3,7,86.8985,8,9.874549957096779,84789.0,8,12.893394500022096,0.0010248794065267901,0.00011646037574132975,86.8985,8,9.874549957096779,41825.0,8,12.893394500022096,0.0020776688583383144,0.00023609291795008758,0.5261460155360248,0.0010931571914179856,0.0001242193480757122,0.9375407439778819,0.15066458276920383,3,7
6,3,8,0.0,8,0.0,3714.0,8,0.0,0.0,,0.0,8,0.0,1965.0,8,0.0,0.0,,0.5261460155360248,0.0,,,,3,8
6,3,9,0.0,8,0.0,0.0,8,0.0,,,0.0,8,0.0,0.0,8,0.0,,,0.5261460155360248,,,,,3,9
6,3,10,0.0,8,0.0,0.0,8,0.0,,,0.0,8,0.0,0.0,8,0.0,,,0.5261460155360248,,,,,3,10
6,3,11,0.0,8,0.0,0.0,8,0.0,,,0.0,8,0.0,0.0,8,0.0,,,0.5261460155360248,,,,,3,11
6,4,1,56576.89,8,333.7899616274432,2779532.0,8,339.4072631028983,0.02035482592033479,0.00012011426695620643,56576.89,8,333.7899616274432,1170019.0,8,339.4072631028983,0.04835553097855676,0.00028563058094673786,0.5261460155360248,0.025442069953496453,0.00015028339208036614,0.8000459851552868,0.006679945662356314,4,1
6,4,2,25424.62,8,183.14303683539268,2087279.0,8,187.06095871463933,0.012180748237298415,8.774927086075612e-05,25424.62,8,183.14303683539268,883420.0,8,187.06095871463933,0.028779765004188267,0.0002074009485461875,0.5261460155360248,0.015142358685016783,0.00010912318269596866,0.8044155135059076,0.008196755320111522,4,2
6,4,3,12256.041,8,121.03139564757568,1514009.0,8,121.38617805170405,0.00809509124450383,7.994363606098949e-05,12256.041,8,121.03139564757568,643903.0,8,121.38617805170405,0.019033986485542075,0.00018799950730817542,0.5261460155360248,0.010014656149134507,9.891519169293228e-05,0.8083244321077794,0.011290034208075155,4,3
6,4,4,7930.6889,8,93.61497758430805,1030355.0,8,94.94661420361656,0.007697045096107653,9.085978141565251e-05,7930.6889,8,93.61497758430805,442849.0,8,94.94661420361656,0.017908336475864234,0.00021142741199788108,0.5261460155360248,0.009422399881654423,0.00011124169039777865,0.8168879683289534,0.01363811511009302,4,4
6,4,5,10787.862000000001,8,108.05698223233888,1015909.0,8,105.57176155639347,0.01061892551399781,0.00010637054834541684,10787.862000000001,8,108.05698223233888,450351.0,8,105.57176155639347,0.023954342279688512,0.00024000517518733968,0.5261460155360248,0.012603481745244248,0.0001262777666328444,0.8425390482280594,0.011936957028201814,4,5
6,4,6,3407.6422000000002,8,60.0928628486778,272816.0,8,58.70916212866609,0.012490624450178876,0.00022028523621601625,3407.6422000000002,8,60.0928628486778,128708.0,8,58.70916212866609,0.026475760636479474,0.0004670491519639914,0.5261460155360248,0.013930115967169204,0.0002457360503653334,0.8966633500838792,0.02236671042837434,4,6
6,4,7,347.55719999999997,8,19.62279639486177,41830.0,8,23.88773453424372,0.008308802295003585,0.0004691322051890499,347.55719999999997,8,19.62279639486177,20881.0,8,23.88773453424372,0.01664466261194387,0.0009399369840029457,0.5261460155360248,0.008757522913215712,0.0004945440989880982,0.9487616963542309,0.07576391801677766,4,7
6,4,8,0.0,8,0.0,1582.0,8,5.48954,0.0,,0.0,8,0.0,791.0,8,5.48954,0.0,,0.5261460155360248,0.0,,,,4,8
6,4,9,0.0,8,0.0,0.0,8,0.0,,,0.0,8,0.0,0.0,8,0.0,,,0.5261460155360248,,,,,4,9
6,4,10,0.0,8,0.0,0.0,8,0.0,,,0.0,8,0.0,0.0,8,0.0,,,0.5261460155360248,,,,,4,10
6,4,11,0.0,8,0.0,0.0,8,0.0,,,0.0,8,0.0,0.0,8,0.0,,,0.5261460155360248,,,,,4,11
6,5,1,50916.11,8,287.16196305619934,1379995.0,8,291.668813223783,0.036895865564730304,0.0002082351987839476,50916.11,8,287.16196305619934,588169.0,8,291.668813223783,0.08656714311702929,0.0004901139671955147,0.5261460155360248,0.04554695742736178,0.000257871510998474,0.8100621347446045,0.0064758178245499995,5,1
6,5,2,20230.36,8,158.46491725394614,964957.0,8,160.39212736827204,0.02096503782033811,0.0001642566360229739,20230.36,8,158.46491725394614,415391.0,8,160.39212736827204,0.0487019699512026,0.0003819469593272588,0.5261460155360248,0.025624347438580455,0.00020095987079613733,0.8181686527077286,0.009069844497349886,5,2
6,5,3,9537.839,8,102.79695648699916,621063.0,8,103.20323357458331,0.015357280984376786,0.00016553743162732177,9537.839,8,102.79695648699916,273101.0,8,103.20323357458331,0.03492421851256495,0.0003766376702101076,0.5261460155360248,0.01837523841609552,0.00019816640948181946,0.8357595497060218,0.012743415462864628,5,3
6,5,4,4612.382,8,70.86420402234121,365025.0,8,69.72142532586379,0.012635797548113142,0.00019415020897531216,4612.382,8,70.86420402234121,165645.0,8,69.72142532586379,0.027844981738054272,0.0004279681980490312,0.5261460155360248,0.01465052619415063,0.0002251737621796301,0.8624807997106692,0.018744088462585254,5,4
6,5,5,3909.9861,8,64.62753650968061,278015.0,8,66.34263941252262,0.014063939355790155,0.0002324848349188688,3909.9861,8,64.62753650968061,130920.0,8,66.34263941252262,0.029865460586617782,0.0004938733698562348,0.5261460155360248,0.015713593089797136,0.0002598495057292074,0.8950174078850175,0.02092731506713231,5,5
6,5,6,760.6975,8,28.834543740952448,45699.0,8,32.60276180895876,0.01664582375981969,0.0006310783695790248,760.6975,8,28.834543740952448,22731.0,8,32.60276180895876,0.033465201706920064,0.0012694196646322292,0.5261460155360248,0.017607582537205367,0.0006679000985893242,0.945378147434297,0.05070087766074277,5,6
6,5,7,0.0,8,0.0,2626.0,8,8.186994751293053,0.0,,0.0,8,0.0,1318.0,8,8.186994751293053,0.0,,0.5261460155360248,0.0,,,,5,7
6,5,8,0.0,8,0.0,1.0,8,0.0,0.0,,0.0,8,0.0,1.0,8,0.0,0.0,,0.5261460155360248,0.0,,,,5,8
6,5,9,0.0,8,0.0,0.0,8,0.0,,,0.0,8,0.0,0.0,8,0.0,,,0.5261460155360248,,,,,5,9
6,5,10,0.0,8,0.0,0.0,8,0.0,,,0.0,8,0.0,0.0,8,0.0,,,0.5261460155360248,,,,,5,10
6,5,11,0.0,8,0.0,0.0,8,0.0,,,0.0,8,0.0,0.0,8,0.0,,,0.5261460155360248,,,,,5,11
6,6,1,17530.58,8,147.53109546437997,290608.0,8,157.53940571590334,0.060323803887023075,0.0005087157399892436,17530.58,8,147.53109546437997,133129.0,8,157.53940571590334,0.13168115136446606,0.0011190835597111055,0.5261460155360248,0.06928351311160999,0.0005888013559938693,0.8706805007108464,0.010424205488264882,6,1
6,6,2,5372.277,8,77.40238365980728,143551.0,8,84.71668711588055,0.03742416980724621,0.0005396499385088765,5372.277,8,77.40238365980728,67750.0,8,84.71668711588055,0.07929560147601476,0.0011467652497002424,0.5261460155360248,0.0417210647661377,0.0006033659668849571,0.897008981362839,0.018319153545618187,6,2
6,6,3,1595.8813,8,41.71956969770182,61821.0,8,48.08724955896417,0.025814550071982013,0.0006751432940699582,1595.8813,8,41.71956969770182,29961.0,8,48.08724955896417,0.05326528820800374,0.0013950844095446107,0.5261460155360248,0.028025319157019175,0.0007340181034183247,0.9211152931871801,0.034093612180896994,6,3
6,6,4,378.9221,8,20.64518781421472,22562.0,8,19.52522270174146,0.01679470348373371,0.000915157873014814,378.9221,8,20.64518781421472,11160.0,8,19.52522270174146,0.03395359318996416,0.0018508807626532724,0.5261460155360248,0.01786454777003075,0.0009738335385022981,0.9401135533869046,0.07246086569222543,6,4
6,6,5,32.2808,8,6.070795238393401,7193.0,8,11.825003527217232,0.0044878075907131935,0.0008440187939006792,32.2808,8,6.070795238393401,3686.0,8,11.825003527217232,0.008757677699403147,0.001647226930916322,0.5261460155360248,0.004607817226889666,0.0008666818863852576,0.9739552091007133,0.2590569010080589,6,5
6,6,6,0.0,8,0.0,46.0,8,0.0,0.0,,0.0,8,0.0,28.0,8,0.0,0.0,,0.5261460155360248,0.0,,,,6,6
6,6,7,0.0,8,0.0,0.0,8,0.0,,,0.0,8,0.0,0.0,8,0.0,,,0.5261460155360248,,,,,6,7
6,6,8,0.0,8,0.0,0.0,8,0.0,,,0.0,8,0.0,0.0,8,0.0,,,0.5261460155360248,,,,,6,8
6,6,9,0.0,8,0.0,0.0,8,0.0,,,0.0,8,0.0,0.0,8,0.0,,,0.5261460155360248,,,,,6,9
6,6,10,0.0,8,0.0,0.0,8,0.0,,,0.0,8,0.0,0.0,8,0.0,,,0.5261460155360248,,,,,6,10
6,6,11,0.0,8,0.0,0.0,8,0.0,,,0.0,8,0.0,0.0,8,0.0,,,0.5261460155360248,,,,,6,11
6,7,1,0.0,8,0.0,736.7266,8,29.165233854001585,0.0,,0.0,8,0.0,710.2964,8,29.165233854001585,0.0,,0.5261460155360248,0.0,,,,7,1
6,7,2,0.0,8,0.0,162.92430000000002,8,13.823259381954749,0.0,,0.0,8,0.0,162.92430000000002,8,13.823259381954749,0.0,,0.5261460155360248,0.0,,,,7,2
6,7,3,0.0,8,0.0,51.48274000000001,8,7.855315973568472,0.0,,0.0,8,0.0,51.48274000000001,8,7.855315973568472,0.0,,0.5261460155360248,0.0,,,,7,3
6,7,4,0.0,8,0.0,0.0,8,0.0,,,0.0,8,0.0,0.0,8,0.0,,,0.5261460155360248,,,,,7,4
6,7,5,0.0,8,0.0,0.0,8,0.0,,,0.0,8,0.0,0.0,8,0.0,,,0.5261460155360248,,,,,7,5
6,7,6,0.0,8,0.0,0.0,8,0.0,,,0.0,8,0.0,0.0,8,0.0,,,0.5261460155360248,,,,,7,6
6,7,7,0.0,8,0.0,0.0,8,0.0,,,0.0,8,0.0,0.0,8,0.0,,,0.5261460155360248,,,,,7,7
6,7,8,0.0,8,0.0,0.0,8,0.0,,,0.0,8,0.0,0.0,8,0.0,,,0.5261460155360248,,,,,7,8
6,7,9,0.0,8,0.0,0.0,8,0.0,,,0.0,8,0.0,0.0,8,0.0,,,0.5261460155360248,,,,,7,9
6,7,10,0.0,8,0.0,0.0,8,0.0,,,0.0,8,0.0,0.0,8,0.0,,,0.5261460155360248,,,,,7,10
6,7,11,0.0,8,0.0,0.0,8,0.0,,,0.0,8,0.0,0.0,8,0.0,,,0.5261460155360248,,,,,7,11
6,8,1,0.0,8,0.0,26.1246,8,6.244380167110264,0.0,,0.0,8,0.0,26.1246,8,6.244380167110264,0.0,,0.5261460155360248,0.0,,,,8,1
6,8,2,0.0,8,0.0,0.0,8,0.0,,,0.0,8,0.0,0.0,8,0.0,,,0.5261460155360248,,,,,8,2
6,8,3,0.0,8,0.0,12.326,8,4.0985,0.0,,0.0,8,0.0,12.326,8,4.0985,0.0,,0.5261460155360248,0.0,,,,8,3
6,8,4,0.0,8,0.0,0.0,8,0.0,,,0.0,8,0.0,0.0,8,0.0,,,0.5261460155360248,,,,,8,4
6,8,5,0.0,8,0.0,0.0,8,0.0,,,0.0,8,0.0,0.0,8,0.0,,,0.5261460155360248,,,,,8,5
6,8,6,0.0,8,0.0,0.0,8,0.0,,,0.0,8,0.0,0.0,8,0.0,,,0.5261460155360248,,,,,8,6
6,8,7,0.0,8,0.0,0.0,8,0.0,,,0.0,8,0.0,0.0,8,0.0,,,0.5261460155360248,,,,,8,7
6,8,8,0.0,8,0.0,0.0,8,0.0,,,0.0,8,0.0,0.0,8,0.0,,,0.5261460155360248,,,,,8,8
6,8,9,0.0,8,0.0,0.0,8,0.0,,,0.0,8,0.0,0.0,8,0.0,,,0.5261460155360248,,,,,8,9
6,8,10,0.0,8,0.0,0.0,8,0.0,,,0.0,8,0.0,0.0,8,0.0,,,0.5261460155360248,,,,,8,10
6,8,11,0.0,8,0.0,0.0,8,0.0,,,0.0,8,0.0,0.0,8,0.0,,,0.5261460155360248,,,,,8,11
7,1,1,0.0,8,0.0,18973470.0,8,0.0,0.0,,0.0,8,0.0,8126580.0,8,0.0,0.0,,0.5969895779306142,0.0,,,,1,1
7,1,2,0.0,8,0.0,5491968.0,8,0.0,0.0,,0.0,8,0.0,2361019.0,8,0.0,0.0,,0.5969895779306142,0.0,,,,1,2
7,1,3,0.0,8,0.0,1595054.0,8,0.0,0.0,,0.0,8,0.0,694093.0,8,0.0,0.0,,0.5969895779306142,0.0,,,,1,3
7,1,4,0.0,8,0.0,321205.0,8,0.0,0.0,,0.0,8,0.0,146414.0,8,0.0,0.0,,0.5969895779306142,0.0,,,,1,4
7,1,5,0.0,8,0.0,28631.0,8,0.0,0.0,,0.0,8,0.0,13595.0,8,0.0,0.0,,0.5969895779306142,0.0,,,,1,5
7,1,6,0.0,8,0.0,0.0,8,0.0,,,0.0,8,0.0,0.0,8,0.0,,,0.5969895779306142,,,,,1,6
7,1,7,0.0,8,0.0,0.0,8,0.0,,,0.0,8,0.0,0.0,8,0.0,,,0.5969895779306142,,,,,1,7
7,1,8,0.0,8,0.0,0.0,8,0.0,,,0.0,8,0.0,0.0,8,0.0,,,0.5969895779306142,,,,,1,8
7,1,9,0.0,8,0.0,0.0,8,0.0,,,0.0,8,0.0,0.0,8,0.0,,,0.5969895779306142,,,,,1,9
7,1,10,0.0,8,0.0,0.0,8,0.0,,,0.0,8,0.0,0.0,8,0.0,,,0.5969895779306142,,,,,1,10
7,1,11,0.0,8,0.0,0.0,8,0.0,,,0.0,8,0.0,0.0,8,0.0,,,0.5969895779306142,,,,,1,11
7,2,1,0.0,8,0.0,3868046.0,8,0.0,0.0,,0.0,8,0.0,1642498.0,8,0.0,0.0,,0.5969895779306142,0.0,,,,2,1
7,2,2,0.0,8,0.0,2640473.0,8,0.0,0.0,,0.0,8,0.0,1125355.0,8,0.0,0.0,,0.5969895779306142,0.0,,,,2,2
7,2,3,0.0,8,0.0,1591369.0,8,0.0,0.0,,0.0,8,0.0,677943.0,8,0.0,0.0,,0.5969895779306142,0.0,,,,2,3
7,2,4,0.0,8,0.0,899031.0,8,0.0,0.0,,0.0,8,0.0,387612.0,8,0.0,0.0,,0.5969895779306142,0.0,,,,2,4
7,2,5,0.0,8,0.0,346600.0,8,0.0,0.0,,0.0,8,0.0,158692.0,8,0.0,0.0,,0.5969895779306142,0.0,,,,2,5
7,2,6,0.0,8,0.0,4062.0,8,0.0,0.0,,0.0,8,0.0,2014.0,8,0.0,0.0,,0.5969895779306142,0.0,,,,2,6
7,2,7,0.0,8,0.0,0.0,8,0.0,,,0.0,8,0.0,0.0,8,0.0,,,0.5969895779306142,,,,,2,7
7,2,8,0.0,8,0.0,0.0,8,0.0,,,0.0,8,0.0,0.0,8,0.0,,,0.5969895779306142,,,,,2,8
7,2,9,0.0,8,0.0,0.0,8,0.0,,,0.0,8,0.0,0.0,8,0.0,,,0.5969895779306142,,,,,2,9
7,2,10,0.0,8,0.0,0.0,8,0.0,,,0.0,8,0.0,0.0,8,0.0,,,0.5969895779306142,,,,,2,10
7,2,11,0.0,8,0.0,0.0,8,0.0,,,0.0,8,0.0,0.0,8,0.0,,,0.5969895779306142,,,,,2,11
7,3,1,6551.758,8,123.42664765629017,1954968.0,8,127.72566993811385,0.0033513377201059044,6.313524820368754e-05,6551.758,8,123.42664765629017,833352.0,8,127.72566993811385,0.007861933492689764,0.00014811356118342637,0.5969895779306142,0.004693492357519422,8.842225237669391e-05,0.7140392408942016,0.01902377301681348,3,1
7,3,2,3022.713,8,65.37731550407985,1379073.0,8,63.668805040616235,0.002191844086571197,4.740681925132297e-05,3022.713,8,65.37731550407985,587674.0,8,63.668805040616235,0.0051435200468286845,0.00011124898446090177,0.5969895779306142,0.0030706278618339096,6.641448427852321e-05,0.7138097435428513,0.021833876955549815,3,2
7,3,3,1026.3188,8,35.19351262137526,939967.0,8,36.53166011572565,0.0010918668421338196,3.744124551753588e-05,1026.3188,8,35.19351262137526,401137.0,8,36.53166011572565,0.0025585243944088927,8.773470593951413e-05,0.5969895779306142,0.0015274123983433452,5.23767050686971e-05,0.7148474395769441,0.034666468351328486,3,3
7,3,4,812.8147,8,30.010642345801262,607291.0,8,29.28056814048525,0.0013384270473298632,4.9417277605282686e-05,812.8147,8,30.010642345801262,261259.0,8,29.28056814048525,0.0031111452619814054,0.00011486984411929341,0.5969895779306142,0.0018573212968311095,6.857609975773243e-05,0.7206222475418961,0.03762769291111991,3,4
7,3,5,515.7049999999999,8,23.602088734864125,323145.0,8,26.888133722889734,0.001595893484349131,7.303881459525327e-05,515.7049999999999,8,23.602088734864125,146628.0,8,26.888133722889734,0.003517097689390839,0.00016096706079812208,0.5969895779306142,0.0020996706651301754,9.609565768660242e-05,0.7600684768581023,0.049194768068934094,3,5
7,3,6,0.0,8,0.0,12249.0,8,0.0,0.0,,0.0,8,0.0,6002.0,8,0.0,0.0,,0.5969895779306142,0.0,,,,3,6
7,3,7,0.0,8,0.0,0.0,8,0.0,,,0.0,8,0.0,0.0,8,0.0,,,0.5969895779306142,,,,,3,7
7,3,8,0.0,8,0.0,0.0,8,0.0,,,0.0,8,0.0,0.0,8,0.0,,,0.5969895779306142,,,,,3,8
7,3,9,0.0,8,0.0,0.0,8,0.0,,,0.0,8,0.0,0.0,8,0.0,,,0.5969895779306142,,,,,3,9
7,3,10,0.0,8,0.0,0.0,8,0.0,,,0.0,8,0.0,0.0,8,0.0,,,0.5969895779306142,,,,,3,10
7,3,11,0.0,8,0.0,0.0,8,0.0,,,0.0,8,0.0,0.0,8,0.0,,,0.5969895779306142,,,,,3,11
7,4,1,15189.43,8,170.34749525061997,1027465.0,8,175.42109959309343,0.014783403814241848,0.00016581317523295326,15189.43,8,170.34749525061997,438336.0,8,175.42109959309343,0.03465248120163528,0.000388870455521549,0.5969895779306142,0.020687170126812787,0.00023215160911149523,0.7146170173890035,0.011338248868157786,4,1
7,4,2,5801.268599999999,8,87.84486172116671,748796.0,8,88.94359213732038,0.007747462059092196,0.00011731842104494135,5801.268599999999,8,87.84486172116671,319837.0,8,88.94359213732038,0.01813820352241923,0.00027470140866766777,0.5969895779306142,0.010828318465268638,0.00016399387801745616,0.7154815481223464,0.015323222982132387,4,2
7,4,3,2992.024,8,58.334465979127636,477591.0,8,55.996026367948645,0.006264824923417736,0.00012214535195696362,2992.024,8,58.334465979127636,206161.0,8,55.996026367948645,0.014513045629386741,0.0002829833309162709,0.5969895779306142,0.008664136984775337,0.0001689380992851039,0.7230754701162178,0.019938100334101906,4,3
7,4,4,1152.7604000000001,8,35.557599948077204,221408.0,8,37.14612129824189,0.005206498410174881,0.0001606000050050212,1152.7604000000001,8,35.557599948077204,99296.0,8,37.14612129824189,0.01160933370931357,0.00035812333725954897,0.5969895779306142,0.00693065123117876,0.00021379589995768115,0.7512278769349304,0.03277172220647914,4,4
7,4,5,665.27181,8,26.71175103897721,91493.0,8,29.52306316912593,0.007271286437213776,0.00029196346859388994,665.27181,8,26.71175103897721,43203.0,8,29.52306316912593,0.015398741059648634,0.0006183741735980388,0.5969895779306142,0.009192887925862458,0.0003691629368994856,0.7909686809905929,0.044917541836314724,4,5
7,4,6,0.0,8,0.0,1598.0,8,6.935336338239119,0.0,,0.0,8,0.0,816.0,8,6.935336338239119,0.0,,0.5969895779306142,0.0,,,,4,6
7,4,7,0.0,8,0.0,0.0,8,0.0,,,0.0,8,0.0,0.0,8,0.0,,,0.5969895779306142,,,,,4,7
7,4,8,0.0,8,0.0,0.0,8,0.0,,,0.0,8,0.0,0.0,8,0.0,,,0.5969895779306142,,,,,4,8
7,4,9,0.0,8,0.0,0.0,8,0.0,,,0.0,8,0.0,0.0,8,0.0,,,0.5969895779306142,,,,,4,9
7,4,10,0.0,8,0.0,0.0,8,0.0,,,0.0,8,0.0,0.0,8,0.0,,,0.5969895779306142,,,,,4,10
7,4,11,0.0,8,0.0,0.0,8,0.0,,,0.0,8,0.0,0.0,8,0.0,,,0.5969895779306142,,,,,4,11
7,5,1,13006.150000000001,8,136.0664328982354,383226.0,8,141.24909100705747,0.03393858976165501,0.0003552756140827985,13006.150000000001,8,136.0664328982354,167386.0,8,141.24909100705747,0.07770154015270095,0.0008155302961975961,0.5969895779306142,0.04638700966031962,0.00048686308731663177,0.7316399571815202,0.01084561539267194,5,1
7,5,2,2307.677,8,53.60593516850536,178718.0,8,58.91973672446271,0.012912392708065221,0.000299977247024447,2307.677,8,53.60593516850536,80068.0,8,58.91973672446271,0.028821464255382925,0.0006698409583729451,0.5969895779306142,0.017206113781163337,0.00039988807101970264,0.7504537556993994,0.024660823479390873,5,2
7,5,3,575.3472,8,25.728827122059023,62194.0,8,24.19369842311423,0.009250847348618838,0.0004137022954373817,575.3472,8,25.728827122059023,28981.0,8,24.19369842311423,0.0198525654739312,0.000887937266776573,0.5969895779306142,0.011851774683122072,0.0005300892941218096,0.7805453272574298,0.0493684121819456,5,3
7,5,4,63.8941,8,8.68944282270158,15988.0,8,10.809002041058184,0.003996378533900426,0.000543504515382037,63.8941,8,8.68944282270158,7603.0,8,10.809002041058184,0.008403801131132448,0.0011429590423388922,0.5969895779306142,0.005016981690287578,0.0006823346362778743,0.7965702848063114,0.15320919108771308,5,4
7,5,5,0.0,8,0.0,2119.0,8,9.163001842464071,0.0,,0.0,8,0.0,1048.0,8,9.163001842464071,0.0,,0.5969895779306142,0.0,,,,5,5
7,5,6,0.0,8,0.0,0.0,8,0.0,,,0.0,8,0.0,0.0,8,0.0,,,0.5969895779306142,,,,,5,6
7,5,7,0.0,8,0.0,0.0,8,0.0,,,0.0,8,0.0,0.0,8,0.0,,,0.5969895779306142,,,,,5,7
7,5,8,0.0,8,0.0,0.0,8,0.0,,,0.0,8,0.0,0.0,8,0.0,,,0.5969895779306142,,,,,5,8
7,5,9,0.0,8,0.0,0.0,8,0.0,,,0.0,8,0.0,0.0,8,0.0,,,0.5969895779306142,,,,,5,9
7,5,10,0.0,8,0.0,0.0,8,0.0,,,0.0,8,0.0,0.0,8,0.0,,,0.5969895779306142,,,,,5,10
7,5,11,0.0,8,0.0,0.0,8,0.0,,,0.0,8,0.0,0.0,8,0.0,,,0.5969895779306142,,,,,5,11
7,6,1,303.8686,8,19.278596614395976,8125.0,8,35.205079552053284,0.03739921230769231,0.002378277502588177,303.8686,8,19.278596614395976,3995.0,8,35.205079552053284,0.07606222778473092,0.0048720096058795515,0.5969895779306142,0.045408357261668746,0.0029085389582879317,0.8236195837734628,0.07433903478941437,6,1
7,6,2,0.0,8,0.0,731.0,8,8.433262398313005,0.0,,0.0,8,0.0,388.979,8,8.433262398313005,0.0,,0.5969895779306142,0.0,,,,6,2
7,6,3,0.0,8,0.0,11.69661,8,3.26991,0.0,,0.0,8,0.0,9.69661,8,3.26991,0.0,,0.5969895779306142,0.0,,,,6,3
7,6,4,0.0,8,0.0,0.0,8,0.0,,,0.0,8,0.0,0.0,8,0.0,,,0.5969895779306142,,,,,6,4
7,6,5,0.0,8,0.0,0.0,8,0.0,,,0.0,8,0.0,0.0,8,0.0,,,0.5969895779306142,,,,,6,5
7,6,6,0.0,8,0.0,0.0,8,0.0,,,0.0,8,0.0,0.0,8,0.0,,,0.5969895779306142,,,,,6,6
7,6,7,0.0,8,0.0,0.0,8,0.0,,,0.0,8,0.0,0.0,8,0.0,,,0.5969895779306142,,,,,6,7
7,6,8,0.0,8,0.0,0.0,8,0.0,,,0.0,8,0.0,0.0,8,0.0,,,0.5969895779306142,,,,,6,8
7,6,9,0.0,8,0.0,0.0,8,0.0,,,0.0,8,0.0,0.0,8,0.0,,,0.5969895779306142,,,,,6,9
7,6,10,0.0,8,0.0,0.0,8,0.0,,,0.0,8,0.0,0.0,8,0.0,,,0.5969895779306142,,,,,6,10
7,6,11,0.0,8,0.0,0.0,8,0.0,,,0.0,8,0.0,0.0,8,0.0,,,0.5969895779306142,,,,,6,11
7,7,1,0.0,8,0.0,72.6072,8,13.154005114716961,0.0,,0.0,8,0.0,72.6072,8,13.154005114716961,0.0,,0.5969895779306142,0.0,,,,7,1
7,7,2,0.0,8,0.0,25.7194,8,5.423951281510556,0.0,,0.0,8,0.0,25.7194,8,5.423951281510556,0.0,,0.5969895779306142,0.0,,,,7,2
7,7,3,0.0,8,0.0,0.0,8,0.0,,,0.0,8,0.0,0.0,8,0.0,,,0.5969895779306142,,,,,7,3
7,7,4,0.0,8,0.0,0.0,8,0.0,,,0.0,8,0.0,0.0,8,0.0,,,0.5969895779306142,,,,,7,4
7,7,5,0.0,8,0.0,0.0,8,0.0,,,0.0,8,0.0,0.0,8,0.0,,,0.5969895779306142,,,,,7,5
7,7,6,0.0,8,0.0,0.0,8,0.0,,,0.0,8,0.0,0.0,8,0.0,,,0.5969895779306142,,,,,7,6
7,7,7,0.0,8,0.0,0.0,8,0.0,,,0.0,8,0.0,0.0,8,0.0,,,0.5969895779306142,,,,,7,7
7,7,8,0.0,8,0.0,0.0,8,0.0,,,0.0,8,0.0,0.0,8,0.0,,,0.5969895779306142,,,,,7,8
7,7,9,0.0,8,0.0,0.0,8,0.0,,,0.0,8,0.0,0.0,8,0.0,,,0.5969895779306142,,,,,7,9
7,7,10,0.0,8,0.0,0.0,8,0.0,,,0.0,8,0.0,0.0,8,0.0,,,0.5969895779306142,,,,,7,10
7,7,11,0.0,8,0.0,0.0,8,0.0,,,0.0,8,0.0,0.0,8,0.0,,,0.5969895779306142,,,,,7,11
7,8,1,0.0,8,0.0,0.0,8,0.0,,,0.0,8,0.0,0.0,8,0.0,,,0.5969895779306142,,,,,8,1
7,8,2,0.0,8,0.0,0.0,8,0.0,,,0.0,8,0.0,0.0,8,0.0,,,0.5969895779306142,,,,,8,2
7,8,3,0.0,8,0.0,0.0,8,0.0,,,0.0,8,0.0,0.0,8,0.0,,,0.5969895779306142,,,,,8,3
7,8,4,0.0,8,0.0,0.0,8,0.0,,,0.0,8,0.0,0.0,8,0.0,,,0.5969895779306142,,,,,8,4
7,8,5,0.0,8,0.0,0.0,8,0.0,,,0.0,8,0.0,0.0,8,0.0,,,0.5969895779306142,,,,,8,5
7,8,6,0.0,8,0.0,0.0,8,0.0,,,0.0,8,0.0,0.0,8,0.0,,,0.5969895779306142,,,,,8,6
7,8,7,0.0,8,0.0,0.0,8,0.0,,,0.0,8,0.0,0.0,8,0.0,,,0.5969895779306142,,,,,8,7
7,8,8,0.0,8,0.0,0.0,8,0.0,,,0.0,8,0.0,0.0,8,0.0,,,0.5969895779306142,,,,,8,8
7,8,9,0.0,8,0.0,0.0,8,0.0,,,0.0,8,0.0,0.0,8,0.0,,,0.5969895779306142,,,,,8,9
7,8,10,0.0,8,0.0,0.0,8,0.0,,,0.0,8,0.0,0.0,8,0.0,,,0.5969895779306142,,,,,8,10
7,8,11,0.0,8,0.0,0.0,8,0.0,,,0.0,8,0.0,0.0,8,0.0,,,0.5969895779306142,,,,,8,11
8,1,1,78584.57,8,770.4535652609053,87606300.0,8,800.6334647828868,0.0008970196207350386,8.794503363240237e-06,78584.57,8,770.4535652609053,58326800.0,8,800.6334647828868,0.0013473149564179761,1.3209267787769308e-05,0.6965432298070978,0.0009384631113107864,9.200826048279692e-06,0.9558389774981543,0.01325284837949959,1,1
8,1,2,89897.86,8,543.4152807367217,37202700.0,8,511.58238753911377,0.0024164337534641304,1.4606915273469642e-05,89897.86,8,543.4152807367217,24789190.0,8,511.58238753911377,0.0036264944518154887,2.192158951918983e-05,0.6965432298070978,0.0025260101583450814,1.526933476620191e-05,0.9566207584245267,0.008177849595805873,1,2
8,1,3,78326.63,8,391.1941901375454,19284090.0,8,383.52535343433294,0.004061722902143685,2.0286012548648053e-05,78326.63,8,391.1941901375454,12855910.0,8,383.52535343433294,0.006092655440182764,3.0429675444769536e-05,0.6965432298070978,0.004243797898406688,2.1195584416281508e-05,0.9570962141407906,0.0067601937994274325,1,3
8,1,4,51703.39,8,277.51017777045587,10959080.0,8,265.5069470033694,0.004717858615869215,2.5322655259472776e-05,51703.39,8,277.51017777045587,7311040.0,8,265.5069470033694,0.007071961034271458,3.795855717854991e-05,0.6965432298070978,0.004925926579881386,2.6439776015964553e-05,0.9577606444923544,0.00727007789694842,1,4
8,1,5,40076.41,8,238.19404585795172,10659970.0,8,240.9274194820714,0.00375952371348137,2.2344881648492346e-05,40076.41,8,238.19404585795172,7116368.0,8,240.9274194820714,0.005631582009249663,3.347183705795078e-05,0.6965432298070978,0.003922640321646306,2.331458149192194e-05,0.9584166289055845,0.00805594553125316,1,5
8,1,6,3282.617,8,61.00926994400113,4280829.0,8,88.47367998789244,0.0007668180625761973,1.4251750692522919e-05,3282.617,8,61.00926994400113,2861779.0,8,88.47367998789244,0.001147054681720706,2.1318681264141944e-05,0.6965432298070978,0.0007989731727710931,1.4849383102953493e-05,0.9597544557305077,0.02522616217299999,1,6
8,1,7,0.0,8,0.0,1820759.0,8,31.28468455100035,0.0,,0.0,8,0.0,1217089.0,8,31.28468455100035,0.0,,0.6965432298070978,0.0,,,,1,7
8,1,8,0.0,8,0.0,1015341.0,8,15.559120236748607,0.0,,0.0,8,0.0,680730.0,8,15.559120236748607,0.0,,0.6965432298070978,0.0,,,,1,8
8,1,9,0.0,8,0.0,307042.0,8,13.117931247281334,0.0,,0.0,8,0.0,206444.0,8,13.117931247281334,0.0,,0.6965432298070978,0.0,,,,1,9
8,1,10,0.0,8,0.0,97006.0,8,0.0,0.0,,0.0,8,0.0,66294.0,8,0.0,0.0,,0.6965432298070978,0.0,,,,1,10
8,1,11,0.0,8,0.0,11023.0,8,0.0,0.0,,0.0,8,0.0,7645.0,8,0.0,0.0,,0.6965432298070978,0.0,,,,1,11
8,2,1,108649.03,8,763.3502384364598,7390118.0,8,780.3761064334363,0.014701934394011029,0.00010330504229849653,108649.03,8,763.3502384364598,4904331.0,8,780.3761064334363,0.022153690279061507,0.0001556881016771462,0.6965432298070978,0.015431002979123608,0.00010844349318473527,0.9527530008192645,0.009468332853140266,2,1
8,2,2,144448.048,8,611.1320767683611,5696451.0,8,609.4410799726254,0.025357551219171378,0.00010731724723693432,144448.048,8,611.1320767683611,3782359.0,8,609.4410799726254,0.038189935963244104,0.00016169145038634968,0.6965432298070978,0.026600941341964286,0.00011262508508430213,0.9532576645762757,0.0057065744972012375,2,2
8,2,3,150811.93,8,529.246570037426,4299364.0,8,509.7088827848402,0.035077730101475475,0.0001231690297739823,150811.93,8,529.246570037426,2858227.0,8,509.7088827848402,0.05276415414171093,0.00018540496100813742,0.6965432298070978,0.03675251434390689,0.00012914257036286708,0.9544307573963556,0.00474117171349452,2,3
8,2,4,133088.0,8,436.2075705161936,3204291.0,8,443.8829344009972,0.04153430509276467,0.00013625385598241524,133088.0,8,436.2075705161936,2129036.0,8,443.8829344009972,0.06251092043535196,0.00020529911258854037,0.6965432298070978,0.04354155841825457,0.00014299970695895293,0.9539002874860729,0.004427969604515863,2,4
8,2,5,193157.7,8,535.1249712841759,4176608.0,8,512.1872788754227,0.046247505152506536,0.00012824976091861735,193157.7,8,535.1249712841759,2773752.0,8,512.1872788754227,0.06963769652081368,0.0001933526586436758,0.6965432298070978,0.04850566605093406,0.0001346784853434552,0.9534454202513928,0.0037415194226013203,2,5
8,2,6,106898.35,8,362.63255917919173,2378066.0,8,354.1793163501364,0.04495180116952179,0.00015263743235021052,106898.35,8,362.63255917919173,1580722.0,8,354.1793163501364,0.0676262809020182,0.0002299093109727262,0.6965432298070978,0.04710462811933381,0.00016014177402766714,0.9542969123042837,0.004585388961041044,2,6
8,2,7,50010.05,8,246.91616968655578,1395104.0,8,234.49241225975734,0.035846825756359384,0.0001770901727994344,50010.05,8,246.91616968655578,928153.0,8,234.49241225975734,0.05388125664626414,0.0002663776548613798,0.6965432298070978,0.03753062453045398,0.00018554355206558585,0.9551353382694635,0.0066754705596369255,2,7
8,2,8,24411.23,8,164.62006634022475,1116245.0,8,164.56587944622663,0.021869061003632714,0.00014751188223293915,24411.23,8,164.62006634022475,742786.0,8,164.56587944622663,0.03286441855393074,0.00022174473463704622,0.6965432298070978,0.02289148824528723,0.00015445479365680601,0.9553359209021717,0.009114508014588062,2,8
8,2,9,4012.002,8,65.39224309633369,523824.0,8,71.58743409167562,0.007659064876752497,0.00012484067489235587,4012.002,8,65.39224309633369,348177.0,8,71.58743409167562,0.01152288060383081,0.00018782816130179936,0.6965432298070978,0.008026184472473873,0.00013083043412188386,0.954259761038333,0.021997413136153107,2,9
8,2,10,30.6903,8,6.228198332760446,303110.0,8,25.88237143987969,0.00010125136089208538,2.0547652284971803e-05,30.6903,8,6.228198332760446,201298.0,8,25.88237143987969,0.00015246202148059098,3.09401960419075e-05,0.6965432298070978,0.00010619638886500996,2.1551184081895032e-05,0.9534350647345421,0.273632375610562,2,10
8,2,11,0.0,8,0.0,143378.0,8,4.33073,0.0,,0.0,8,0.0,96584.0,8,4.33073,0.0,,0.6965432298070978,0.0,,,,2,11
8,3,1,60048.21,8,380.47539376470854,3542671.0,8,395.6946516136906,0.016949982089784797,0.00010741457640202818,60048.21,8,380.47539376470854,2348649.0,8,395.6946516136906,0.025567128166022253,0.00016205481179706982,0.6965432298070978,0.01780861002965316,0.00011287818201491239,0.9517857969578389,0.008530828304077998,3,1
8,3,2,73266.1825,8,369.92976768533254,2822581.0,8,374.98343761157895,0.025957158536814354,0.00013110617493862232,73266.1825,8,369.92976768533254,1873219.0,8,374.98343761157895,0.03911244894483774,0.0001976386069169591,0.6965432298070978,0.027243511513702492,0.0001376638335965141,0.9527831433829245,0.0068072307085791615,3,2
8,3,3,76674.776,8,345.51336582492723,2222936.0,8,351.13792684062196,0.03449257018645611,0.00015552655675053978,76674.776,8,345.51336582492723,1475839.0,8,351.13792684062196,0.05195334721470296,0.0002344392796242483,0.6965432298070978,0.03618775226821879,0.00016329709302312327,0.9531559166980524,0.0060803269733258935,3,3
8,3,4,74148.303,8,314.4641574819935,1731892.0,8,307.7460089381339,0.0428134681608322,0.00018173192033758639,74148.303,8,314.4641574819935,1149001.0,8,307.7460089381339,0.06453284461893419,0.00027423008834638835,0.6965432298070978,0.04494991601951201,0.00019101311144707913,0.9524704816411134,0.005720832175858523,3,4
8,3,5,126732.93999999999,8,405.7892842818055,2384694.0,8,400.0990228321734,0.05314431956469048,0.0001703975365884769,126732.93999999999,8,405.7892842818055,1583150.0,8,400.0990228321734,0.08005112591984334,0.0002571148022669459,0.6965432298070978,0.055759069797902364,0.00017909157480223178,0.953106279522076,0.004325533735071422,3,5
8,3,6,90575.92,8,336.5377578023898,1427029.0,8,324.2483767388512,0.06347167436681385,0.00023627162577684031,90575.92,8,336.5377578023898,947167.0,8,324.2483767388512,0.09562824718344283,0.0003568147817046694,0.6965432298070978,0.06660920815394678,0.000248536920491485,0.9528963956472583,0.00502233196491614,3,6
8,3,7,60998.61,8,266.96193909239196,859593.0,8,259.50176850983115,0.07096219955257896,0.00031130582133031637,60998.61,8,266.96193909239196,570969.0,8,259.50176850983115,0.1068334883329918,0.00047007384559365775,0.6965432298070978,0.07441414301502101,0.0003274267546576494,0.9536117285964678,0.005925117654584149,3,7
8,3,8,54421.72,8,247.96154545509674,710736.0,8,238.85824201538452,0.07657093491816934,0.0003498277127795279,54421.72,8,247.96154545509674,471115.0,8,238.85824201538452,0.11551684832790296,0.0005295776902373703,0.6965432298070978,0.08046247863145417,0.0003688737547917207,0.9516352990925194,0.006159197510342896,3,8
8,3,9,26796.47,8,171.31507441702263,357194.0,8,162.39199918804496,0.07501937322575407,0.0004808246789584749,26796.47,8,171.31507441702263,237145.0,8,162.39199918804496,0.11299614160113011,0.0007265385919018352,0.6965432298070978,0.07870669742659134,0.0005060655373828052,0.9531510745413199,0.008653305470053529,3,9
8,3,10,13715.053,8,120.9749376646254,231107.0,8,115.66821506775317,0.05934503498379538,0.0005243005554263595,13715.053,8,120.9749376646254,153428.0,8,115.66821506775317,0.08939080871809578,0.0007913548857700532,0.6965432298070978,0.06226456261957091,0.0005512128880578998,0.9531109267784712,0.011920543839040624,3,10
8,3,11,4152.224999999999,8,65.78852754964196,158403.0,8,67.04194578403882,0.026213045207477127,0.00041547189921499266,4152.224999999999,8,65.78852754964196,105641.0,8,67.04194578403882,0.03930505201578932,0.000623254978282586,0.6965432298070978,0.027377667878813874,0.00043412403556630503,0.9574608517974613,0.02146628172960953,3,11
8,4,1,30720.542,8,248.29041690437833,1881404.0,8,253.33895548418923,0.016328519552419363,0.00013198912828193236,30720.542,8,248.29041690437833,1243405.0,8,253.33895548418923,0.024706786606133964,0.0001997493164635079,0.6965432298070978,0.017209344940791297,0.00013913403404125187,0.9488170298519548,0.010847450228632826,4,1
8,4,2,38508.114799999996,8,245.30556902550418,1533335.0,8,245.4044954093474,0.025113960615260198,0.00016003220280046907,38508.114799999996,8,245.30556902550418,1016517.0,8,245.4044954093474,0.03788241101722843,0.00024149292536505915,0.6965432298070978,0.02638673692282028,0.00016821026220934272,0.9517645432520557,0.00857875025083172,4,2
8,4,3,40015.835,8,227.26828183651145,1240872.0,8,223.60708886066203,0.03224815694124777,0.00018324424227027036,40015.835,8,227.26828183651145,822798.0,8,223.60708886066203,0.04863385059273358,0.0002765299824466521,0.6965432298070978,0.033875579369818484,0.00019261508711189112,0.9519588311448727,0.007652400893850224,4,3
8,4,4,38510.0986,8,217.24950120238344,997737.0,8,219.80276056797922,0.03859744461716865,0.00021790821559629456,38510.0986,8,217.24950120238344,662202.0,8,219.80276056797922,0.058154609318606706,0.00032863873329911085,0.6965432298070978,0.04050719940295226,0.0002289110847318761,0.9528539416713063,0.007611430086381423,4,4
8,4,5,70262.5489,8,294.24968101481863,1437249.0,8,291.75812031878394,0.048886830952743744,0.00020497155725768157,70262.5489,8,294.24968101481863,952985.0,8,291.75812031878394,0.07372891378143412,0.0003095902981730332,0.6965432298070978,0.051355375735489164,0.000215643026206387,0.9519321055022575,0.0056486780791137475,4,5
8,4,6,54381.412,8,251.23092455097958,911354.0,8,251.1358859775918,0.05967100819220632,0.00027615773834336363,54381.412,8,251.23092455097958,603966.0,8,251.1358859775918,0.09004051883715308,0.0004176501708895617,0.6965432298070978,0.06271711380433743,0.0002909113989609017,0.9514310301071213,0.0062341481848140765,4,6
8,4,7,39391.848,8,210.64861258925964,574455.0,8,205.4906930593938,0.06857255659712248,0.0003675124864444289,39391.848,8,210.64861258925964,380737.0,8,205.4906930593938,0.10346209588245954,0.0005560762197623294,0.6965432298070978,0.07206582242858,0.00038733112613217446,0.9515267332872044,0.007222279131008874,4,7
8,4,8,37608.16,8,204.6860586078837,491633.0,8,200.3766105069152,0.07649641094068137,0.00041750489670682123,37608.16,8,204.6860586078837,325994.0,8,200.3766105069152,0.11536457726215821,0.000631874372030182,0.6965432298070978,0.08035641525151416,0.0004401278159262347,0.9519639558490627,0.00736082092474104,4,8
8,4,9,21371.366,8,151.87139308691417,250748.0,8,147.60285949130522,0.08523045448019527,0.0006077477980903562,21371.366,8,151.87139308691417,166222.0,8,147.60285949130522,0.1285712240257006,0.0009207715605237083,0.6965432298070978,0.08955541564311342,0.0006413571966817055,0.951706313550556,0.009618078910752496,4,9
8,4,10,14689.899000000001,8,125.53578762006474,160988.0,8,121.94171562074236,0.09124840981936543,0.0007828406377875987,14689.899000000001,8,125.53578762006474,106625.0,8,121.94171562074236,0.1377716201641266,0.0011878542074521773,0.6965432298070978,0.09596388928487744,0.00082739180619869,0.9508619387912292,0.011565405162028716,4,10
8,4,11,10676.792,8,106.47719754924056,112767.0,8,98.89964888436157,0.09468011031596123,0.0009478672130814314,10676.792,8,106.47719754924056,74578.0,8,98.89964888436157,0.1431627557724798,0.001440296712917913,0.6965432298070978,0.09971904829384783,0.0010032289242963895,0.9494686515354812,0.013475769704199114,4,11
8,5,1,20645.406,8,171.75270979175264,1038866.0,8,179.3653704360181,0.019873021159610576,0.00016536270770988414,20645.406,8,171.75270979175264,684923.0,8,179.3653704360181,0.030142667131925777,0.0002508862810757258,0.6965432298070978,0.02099567071907183,0.00017475314053477743,0.9465294738861819,0.011139959359835121,5,1
8,5,2,23148.663,8,175.61760486483126,859800.0,8,175.09648280585193,0.02692331123517097,0.00020432759454356236,23148.663,8,175.61760486483126,566856.0,8,175.09648280585193,0.04083693742326094,0.00031006659830979164,0.6965432298070978,0.028444692288228515,0.00021597478984200228,0.946514413387163,0.010161140083665617,5,2
8,5,3,22633.993300000002,8,168.78463328917832,709329.0,8,174.87743460083695,0.03190902007390083,0.00023807972140841788,22633.993300000002,8,168.78463328917832,469112.0,8,174.87743460083695,0.048248591594331425,0.0003602453154163001,0.6965432298070978,0.0336072298227592,0.0002509264355229464,0.9494689161286265,0.010022062864195082,5,3
8,5,4,21932.614,8,160.2911761144075,584219.0,8,158.33196286015658,0.037541767727513144,0.00027455688667725404,21932.614,8,160.2911761144075,387141.0,8,158.33196286015658,0.05665278025318941,0.000414686019987115,0.6965432298070978,0.03946111053510832,0.0002888467397176758,0.9513611557919145,0.009843927154937234,5,4
8,5,5,39582.04,8,220.59863172132324,870940.0,8,216.83870639694382,0.045447493512756336,0.00025354059131969586,39582.04,8,220.59863172132324,576648.0,8,216.83870639694382,0.06864159764709146,0.0003834231469654396,0.6965432298070978,0.047811840124224375,0.00026707079717010884,0.9505489308647186,0.007504191445517519,5,5
8,5,6,32567.71215,8,190.16867237884478,580077.0,8,189.6376771881379,0.05614377427479455,0.00032834690104751154,32567.71215,8,190.16867237884478,384954.0,8,189.6376771881379,0.08460156836920775,0.0004957585483324237,0.6965432298070978,0.05892864967863397,0.00034531726045994467,0.9527415710519981,0.007887731094757166,5,6
8,5,7,24752.94,8,164.03461521249105,384629.0,8,162.5419666740267,0.06435536582004997,0.00042734117013717114,24752.94,8,164.03461521249105,255121.0,8,162.5419666740267,0.09702431395298701,0.0006459326036339082,0.6965432298070978,0.06758162901063144,0.0004499199819728703,0.9522612396621286,0.00895406250264954,5,7
8,5,8,25122.457599999998,8,164.8985285298353,344332.0,8,161.92514209393178,0.07295998513062973,0.0004801214883258599,25122.457599999998,8,164.8985285298353,227651.0,8,161.92514209393178,0.11035513834773403,0.0007285885271062027,0.6965432298070978,0.07686712449053977,0.0005074934058709507,0.9491702156701478,0.008847862273177388,5,8
8,5,9,14723.3557,8,125.33838498371877,183444.0,8,122.26526513082119,0.0802607645930093,0.0006853423725500494,14723.3557,8,125.33838498371877,121894.0,8,122.26526513082119,0.12078819055901029,0.0010353703192951087,0.6965432298070978,0.08413419637452822,0.0007211801862482211,0.9539612672559905,0.011542107170855536,5,9
8,5,10,10437.583,8,105.34553591187431,117989.0,8,101.09363167267264,0.08846233970963395,0.0008960534250380543,10437.583,8,105.34553591187431,78429.0,8,101.09363167267264,0.13308320901707277,0.0013541058736993713,0.6965432298070978,0.09269820824184495,0.0009431932787673221,0.9543047421028912,0.013701139789773008,5,10
8,5,11,7801.757,8,90.30745812539516,77619.0,8,83.51721364024304,0.10051349540705239,0.0011684868763927648,7801.757,8,90.30745812539516,51824.0,8,83.51721364024304,0.15054331969743748,0.0017593872693017808,0.6965432298070978,0.10485993012793558,0.0012254892910409526,0.9585500894805072,0.015800926981073674,5,11
8,6,1,13412.604,8,129.80573844869107,545642.0,8,134.5118705507436,0.024581326217556564,0.0002379725970918601,13412.604,8,129.80573844869107,359920.0,8,134.5118705507436,0.03726551455879084,0.0003609204494853942,0.6965432298070978,0.0259570418712036,0.00025139669558798595,0.9470002914633645,0.012968153226148704,6,1
8,6,2,13538.368199999999,8,125.15696765714205,457578.0,8,125.85565072240539,0.029587017295411928,0.0002736415417940556,13538.368199999999,8,125.15696765714205,301856.0,8,125.85565072240539,0.04485041940527933,0.0004150462231721338,0.6965432298070978,0.0312402559907562,0.0002890976368075556,0.947079860810569,0.01239101936211329,6,2
8,6,3,12449.465600000001,8,118.4462533780195,384913.0,8,121.44912340070636,0.03234358309540078,0.00030789131666629667,12449.465600000001,8,118.4462533780195,254815.0,8,121.44912340070636,0.04885687891215196,0.00046541523940479157,0.6965432298070978,0.03403092823576461,0.0003241818340564572,0.9504173048506351,0.012799455120326758,6,3
8,6,4,11460.5516,8,112.82625529364209,318453.0,8,115.06044021528902,0.035988204224799265,0.000354533370668483,11460.5516,8,112.82625529364209,211273.0,8,115.06044021528902,0.05424522584523342,0.0005348471448658114,0.6965432298070978,0.037784144811854346,0.000372544157737937,0.9524684071586655,0.01327541811190833,6,4
8,6,5,20971.838,8,153.99963269420482,486126.0,8,156.2514697038079,0.04314074540345507,0.00031709287280643037,20971.838,8,153.99963269420482,323100.0,8,156.2514697038079,0.06490819560507582,0.00047766398574526636,0.6965432298070978,0.04521136420771039,0.00033271361539353935,0.9542013641804201,0.0099246702926537,6,5
8,6,6,17062.244,8,135.57876388155336,332821.0,8,138.00879370710405,0.05126552711517602,0.00040791669712476924,17062.244,8,135.57876388155336,222037.0,8,138.00879370710405,0.07684414759702211,0.0006124785832603309,0.6965432298070978,0.05352527075900312,0.0004266178105718264,0.9577817428705486,0.010786857582598357,6,6
8,6,7,13322.529999999999,8,120.94685040289392,226590.0,8,118.96965531689162,0.05879575444635685,0.0005346615270369488,13322.529999999999,8,120.94685040289392,150814.0,8,118.96965531689162,0.08833748856206983,0.0008049822555850192,0.6965432298070978,0.06153087959607168,0.000560704940242592,0.9555487396300857,0.012301425188520563,6,7
8,6,8,14015.39,8,122.92851367388285,207822.0,8,120.27242199864439,0.06743939525170578,0.0005927948789352839,14015.39,8,122.92851367388285,138642.0,8,120.27242199864439,0.10109050648432653,0.0008909877332360334,0.6965432298070978,0.07041390788942817,0.0006206114734267316,0.9577567454089709,0.011921943798749836,6,8
8,6,9,8397.473,8,93.68870653563322,111792.0,8,91.41922888014315,0.07511694038929441,0.0008403109407607122,8397.473,8,93.68870653563322,74387.0,8,91.41922888014315,0.11288898597873284,0.0012670950802901124,0.6965432298070978,0.07863205890327475,0.0008825864996979589,0.9552966237561669,0.015138552120968247,6,9
8,6,10,6409.1267,8,82.10484832573592,72537.0,8,77.76533887762851,0.08835665522423039,0.0011358597126212113,6409.1267,8,82.10484832573592,48374.0,8,77.76533887762851,0.132491146070203,0.001710604687552699,0.6965432298070978,0.09228581080458316,0.0011915101139911184,0.9574240552681189,0.017443975841774654,6,10
8,6,11,4212.6858,8,66.47222393155204,43654.0,8,61.28858373723853,0.09650171347413754,0.0015287219575352159,4212.6858,8,66.47222393155204,29211.0,8,61.28858373723853,0.14421573379891137,0.0022956178514353335,0.6965432298070978,0.10045249300929436,0.0015989970726415976,0.9606701693825431,0.021574067834590788,6,11
8,7,1,6800.2390000000005,8,89.41188362684235,231427.0,8,91.27590727147006,0.02938394828606861,0.00038652404702656907,6800.2390000000005,8,89.41188362684235,153674.0,8,91.27590727147006,0.04425107044783112,0.000582421662054896,0.6965432298070978,0.03082278353215371,0.0004056818655973353,0.9533191009636058,0.017739581930755813,7,1
8,7,2,6335.87,8,86.05603577448824,194303.0,8,85.78406801539549,0.03260819441799663,0.00044312999024836107,6335.87,8,86.05603577448824,128806.0,8,85.78406801539549,0.049189245842584974,0.0006689084861809957,0.6965432298070978,0.034262436170969496,0.0004659236774098872,0.9517185017224635,0.018296753020950317,7,2
8,7,3,5516.1817,8,78.0346614383006,162640.0,8,81.2890080328952,0.033916513157894734,0.00048009930325981374,5516.1817,8,78.0346614383006,107633.0,8,81.2890080328952,0.051249911272565105,0.0007260393128956684,0.6965432298070978,0.035697778725119686,0.0005057177679712749,0.9501015012463082,0.019027359345958346,7,3
8,7,4,5025.6967,8,73.92024284301561,135671.0,8,75.36205963897815,0.03704326422006177,0.0005452376604170137,5025.6967,8,73.92024284301561,90420.0,8,75.36205963897815,0.05558169320946694,0.0008188324178114393,0.6965432298070978,0.03871505210626934,0.0005703521769731349,0.9568181419046353,0.019925737789336935,7,4
8,7,5,8936.408,8,98.52273124325167,206995.0,8,100.20229580706422,0.04317209594434648,0.00047642531183313396,8936.408,8,98.52273124325167,138334.0,8,100.20229580706422,0.06460022843263405,0.0007137446192225729,0.6965432298070978,0.04499685175874323,0.0004971539823307281,0.959447033668479,0.014982572905590312,7,5
8,7,6,7125.3382,8,87.92826478737312,142621.0,8,88.39167549837485,0.0499599511993325,0.0006172940099731173,7125.3382,8,87.92826478737312,95709.0,8,88.39167549837485,0.07444794324462695,0.0009212735186702856,0.6965432298070978,0.05185621084010796,0.0006417068322303503,0.9634323524597209,0.01684765457074031,7,6
8,7,7,5612.849,8,77.19297430440156,96913.0,8,76.3326268473056,0.05791636828908402,0.0007978234633060192,5612.849,8,77.19297430440156,64947.0,8,76.3326268473056,0.08642199023819422,0.001192885576184793,0.6965432298070978,0.06019665220686928,0.0008308963720260567,0.9621194230212515,0.01876222838917701,7,7
8,7,8,5937.26,8,79.08823611688403,88216.0,8,76.5516311071162,0.06730366373446994,0.0008984297487425387,5937.26,8,79.08823611688403,59199.0,8,76.5516311071162,0.10029324819676008,0.0013422527445490166,0.6965432298070978,0.06985858302681616,0.0009349370619056134,0.9634272671782438,0.018211204055974203,7,8
8,7,9,3110.5570000000002,8,57.04026405426258,43930.0,8,55.63391759125003,0.07080712497154565,0.0013015280712702247,3110.5570000000002,8,57.04026405426258,29561.0,8,55.63391759125003,0.10522502621697508,0.0019397138542198266,0.6965432298070978,0.07329377961770836,0.0013510945529198522,0.9660727737178679,0.025149151118262655,7,9
8,7,10,1681.916,8,42.12642457733625,22410.0,8,40.06277298453016,0.0750520303435966,0.0018845869629035004,1681.916,8,42.12642457733625,15132.0,8,40.06277298453016,0.11114961670631773,0.002799439621099909,0.6965432298070978,0.07742051301243952,0.0019499307153308886,0.9694075565159022,0.03447710740334466,7,10
8,7,11,426.176,8,21.511915147294534,5942.0,8,20.651791203973083,0.071722652305621,0.003628887385972088,426.176,8,21.511915147294534,4008.0,8,20.651791203973083,0.1063313373253493,0.005395135950695743,0.6965432298070978,0.07406437313030681,0.003757945420346,0.9683826281690678,0.06938921645964943,7,11
8,8,1,1615.4838,8,42.51485689664261,56305.0,8,42.57251851067775,0.028691657934464078,0.0007553929514420892,1615.4838,8,42.51485689664261,37712.0,8,42.57251851067775,0.04283739393296564,0.0011283929010523217,0.6965432298070978,0.02983809672658686,0.0007859744357903852,0.961578018778213,0.035811857366723515,8,1
8,8,2,1455.5788,8,40.312598001823204,45130.0,8,40.71060950362448,0.032253020163970754,0.000893728698182172,1455.5788,8,40.312598001823204,30087.0,8,40.71060950362448,0.04837899425000831,0.0013414658106277848,0.6965432298070978,0.0336980609097198,0.0009343889284104738,0.9571179852270894,0.03751971810473135,8,2
8,8,3,1175.1289,8,36.10665651534769,35767.0,8,36.33696701456108,0.03285511505018592,0.0010100480428178332,1175.1289,8,36.10665651534769,23825.0,8,36.33696701456108,0.0493233536201469,0.0015173603881682009,0.6965432298070978,0.034355848035494733,0.0010569071055560302,0.9563179757996854,0.041591536030694626,8,3
8,8,4,926.2897,8,31.9224082931755,27688.0,8,31.647675935659162,0.03345455431956082,0.001153566931620852,926.2897,8,31.9224082931755,18496.0,8,31.647675935659162,0.05008054173875433,0.0017280346920089196,0.6965432298070978,0.03488326229320111,0.0012036508655906065,0.9590431662717868,0.04678306782458674,8,4
8,8,5,1365.0715,8,39.26977065601988,36155.0,8,37.96433148504527,0.03775609182685659,0.0010868737910985817,1365.0715,8,39.26977065601988,24257.0,8,37.96433148504527,0.05627536381250773,0.0016212987697856113,0.6965432298070978,0.03919822366853361,0.001129304681588744,0.9632092552491176,0.03922871917971169,8,5
8,8,6,728.9651,8,28.064505043681066,18667.0,8,27.97638256916001,0.03905100444634917,0.0015045675115003285,728.9651,8,28.064505043681066,12750.0,8,27.97638256916001,0.05717373333333333,0.0022047097734217173,0.6965432298070978,0.03982397687612973,0.0015356756663664377,0.9805902752458691,0.053452723002589936,8,6
8,8,7,261.87247,8,17.06050130507307,8327.0,8,13.600418569003676,0.03144859733397382,0.002049461024463987,261.87247,8,17.06050130507307,5663.0,8,13.600418569003676,0.04624271057743246,0.003014672375397034,0.6965432298070978,0.03221004698063965,0.0020998496331692857,0.9763598715915096,0.09000000736001078,8,7
8,8,8,29.886,8,6.256981210112429,3410.0,8,6.256981210112429,0.008764222873900293,0.0018349623196114685,29.886,8,6.256981210112429,2344.0,8,6.256981210112429,0.01275,0.0026695775446669272,0.6965432298070978,0.008880926180040497,0.0018594761651828035,0.9868591063843667,0.29220873733972114,8,8
8,8,9,0.0,8,0.0,194.0,8,0.0,0.0,,0.0,8,0.0,129.0,8,0.0,0.0,,0.6965432298070978,0.0,,,,8,9
8,8,10,0.0,8,0.0,0.0,8,0.0,,,0.0,8,0.0,0.0,8,0.0,,,0.6965432298070978,,,,,8,10
8,8,11,0.0,8,0.0,0.0,8,0.0,,,0.0,8,0.0,0.0,8,0.0,,,0.6965432298070978,,,,,8,11
9,1,1,48870.070999999996,8,626.0568998564747,81380900.0,8,649.0324628324072,0.0006005103285906152,7.692923292514485e-06,48870.070999999996,8,626.0568998564747,52890160.0,8,649.0324628324072,0.0009239917406186708,1.1836931237934956e-05,0.7193186812558529,0.0006646445203531223,8.514525768187583e-06,0.9035060249523565,0.01636880702835948,1,1
9,1,2,47400.408,8,389.0578562537968,33842930.0,8,354.34398293302513,0.0014006000071506812,1.1495995553509774e-05,47400.408,8,389.0578562537968,22003960.0,8,354.34398293302513,0.0021541762482753107,1.7681299414173985e-05,0.7193186812558529,0.0015495392181020771,1.2718488977493515e-05,0.9038816125390997,0.010492023477928436,1,2
9,1,3,36518.38,8,267.6024791203176,17071100.0,8,237.29041291238465,0.0021391931392821784,1.5675788939069874e-05,36518.38,8,267.6024791203176,11113690.0,8,237.29041291238465,0.0032858915445725047,2.407873667838361e-05,0.7193186812558529,0.0023636031725916516,1.7320285113801834e-05,0.9050559603609724,0.00937929881162374,1,3
9,1,4,20880.71,8,168.0760063609616,9433850.0,8,162.95748432661816,0.002213381599241031,1.7816309711672985e-05,20880.71,8,168.0760063609616,6146791.0,8,162.95748432661816,0.003397009919484817,2.734384786519518e-05,0.7193186812558529,0.0024435326954968697,1.9668940586852863e-05,0.9058121478464441,0.010311343978477234,1,4
9,1,5,11848.15,8,122.02875663719597,8893470.0,8,127.68139432756051,0.0013322302768210832,1.3721176907621325e-05,11848.15,8,122.02875663719597,5803510.0,8,127.68139432756051,0.002041548993626271,2.1026763983432474e-05,0.7193186812558529,0.0014685243298144628,1.512494413964071e-05,0.9071897889423465,0.0132137321733048,1,5
9,1,6,55.3948,8,7.943895933167806,3401004.0,8,37.85677174655679,1.6287778550098734e-05,2.3357502540714624e-06,55.3948,8,7.943895933167806,2222819.0,8,37.85677174655679,2.4920967474184806e-05,3.5737934529033335e-06,0.7193186812558529,1.7926117459150615e-05,2.5706963936232267e-06,0.9086060373761765,0.18427022481715208,1,6
9,1,7,0.0,8,0.0,1354785.0,8,7.160426356000039,0.0,,0.0,8,0.0,890070.0,8,7.160426356000039,0.0,,0.7193186812558529,0.0,,,,1,7
9,1,8,0.0,8,0.0,659735.0,8,25.67833720177574,0.0,,0.0,8,0.0,437146.0,8,25.67833720177574,0.0,,0.7193186812558529,0.0,,,,1,8
9,1,9,0.0,8,0.0,141582.0,8,4.5483,0.0,,0.0,8,0.0,96287.0,8,4.5483,0.0,,0.7193186812558529,0.0,,,,1,9
9,1,10,0.0,8,0.0,24593.0,8,0.0,0.0,,0.0,8,0.0,17347.0,8,0.0,0.0,,0.7193186812558529,0.0,,,,1,10
9,1,11,0.0,8,0.0,941.0,8,0.0,0.0,,0.0,8,0.0,654.0,8,0.0,0.0,,0.7193186812558529,0.0,,,,1,11
9,2,1,150327.75,8,826.1584111766944,7703103.0,8,835.4603696178533,0.019515220035354584,0.00010727096297580653,150327.75,8,826.1584111766944,4980699.0,8,835.4603696178533,0.030182058783315355,0.00016594922524710486,0.7193186812558529,0.02171051872160103,0.00011937037786017795,0.8988831766574873,0.0069885295506628585,2,1
9,2,2,142886.069,8,606.7853313664397,5882816.0,8,595.8548073471591,0.024288719721983484,0.00010317472118460264,142886.069,8,606.7853313664397,3804327.0,8,595.8548073471591,0.037558829459192124,0.00015960717790415685,0.7193186812558529,0.027016767676099555,0.0001148084247289864,0.8990238955739533,0.005401828292883103,2,2
9,2,3,134630.78,8,486.0534711433095,4398067.0,8,472.40691566428194,0.030611352669252197,0.00011056415122765123,134630.78,8,486.0534711433095,2846478.0,8,472.40691566428194,0.04729731970526384,0.00017093642055032498,0.7193186812558529,0.034021845637326846,0.00012295776060885564,0.8997557920745826,0.004597318949707301,2,3
9,2,4,108507.29,8,387.93478173540973,3246618.0,8,379.62800904976706,0.03342163753173302,0.0001195527806532993,108507.29,8,387.93478173540973,2101571.0,8,379.62800904976706,0.051631512806371994,0.0001848282259825347,0.7193186812558529,0.037139511703124184,0.00013295039577261561,0.8998943712262536,0.004554065719646067,2,4
9,2,5,136454.65,8,431.2907594233848,4169179.0,8,419.4900636224653,0.0327293814921355,0.00010349981086922487,136454.65,8,431.2907594233848,2699092.0,8,419.4900636224653,0.0505557609744314,0.00015998412088420914,0.7193186812558529,0.036365703314014106,0.00011507956685630627,0.9000068336234462,0.004026380840616872,2,5
9,2,6,60705.09,8,271.12936661951613,2348639.0,8,263.0458573693568,0.02584692240910587,0.00011547734634046478,60705.09,8,271.12936661951613,1519660.0,8,263.0458573693568,0.03994649461063659,0.0001785484299617251,0.7193186812558529,0.028734259824117144,0.00012843322118037112,0.8995158590238721,0.005684686268938922,2,6
9,2,7,22699.66,8,159.01245865359104,1373191.0,8,157.64284075107884,0.01653059188415887,0.00011581332129243168,22699.66,8,159.01245865359104,888223.0,8,157.64284075107884,0.025556262335021722,0.00017908057672537636,0.7193186812558529,0.01838309692065645,0.0001288160042886353,0.8992278045155719,0.008910362203066933,2,7
9,2,8,8091.5740000000005,8,93.71489410755369,1094017.0,8,99.60837665377345,0.007396204994986368,8.566392467300685e-05,8091.5740000000005,8,93.71489410755369,707457.0,8,99.60837665377345,0.01143754885455936,0.00013247705350270442,0.7193186812558529,0.00822724255886103,9.529321942222641e-05,0.8989895389701856,0.014725430460797056,2,8
9,2,9,368.7751,8,20.300851495634365,488653.0,8,33.905541286176216,0.0007546768361188819,4.154454719678266e-05,368.7751,8,20.300851495634365,317445.0,8,33.905541286176216,0.0011616976169100159,6.39508882047295e-05,0.7193186812558529,0.0008356307978137795,4.6001068568566503e-05,0.9031223335632274,0.07030963219634472,2,9
9,2,10,0.0,8,0.0,223179.0,8,0.0,0.0,,0.0,8,0.0,147977.0,8,0.0,0.0,,0.7193186812558529,0.0,,,,2,10
9,2,11,0.0,8,0.0,54023.0,8,0.0,0.0,,0.0,8,0.0,37184.0,8,0.0,0.0,,0.7193186812558529,0.0,,,,2,11
9,3,1,95089.02,8,516.9503428443684,3724912.0,8,530.3762198570087,0.025527856765475265,0.00013882948542677919,95089.02,8,516.9503428443684,2404558.0,8,530.3762198570087,0.0395453218429333,0.00021516455341315973,0.7193186812558529,0.028445688757897054,0.00015477188281415858,0.8974244562240826,0.006903739713527575,3,1
9,3,2,98328.556,8,424.8076167773008,2963101.0,8,424.89072212681936,0.03318434167448224,0.00014344483805357072,98328.556,8,424.8076167773008,1913936.0,8,424.89072212681936,0.05137504911344998,0.0002222478098089629,0.7193186812558529,0.03695503257774151,0.0001598670014637848,0.8979654287862702,0.00549152743599222,3,2
9,3,3,91907.789,8,377.4528675297222,2327910.0,8,367.8557794966663,0.039480817127809924,0.0001622623596000857,91907.789,8,377.4528675297222,1504013.0,8,367.8557794966663,0.0611083740632561,0.0002514084927768389,0.7193186812558529,0.04395639504487074,0.00018084282548075739,0.8981814156394731,0.005223175436377235,3,3
9,3,4,84246.68000000001,8,331.0202184724673,1809897.0,8,326.0696748890642,0.04654777592316027,0.0001830866616523504,84246.68000000001,8,331.0202184724673,1168047.0,8,326.0696748890642,0.07212610451462999,0.0002841106722320767,0.7193186812558529,0.051881654383585454,0.00020436611408069128,0.897191434548534,0.004994324667930848,3,4
9,3,5,135273.69,8,412.6142957860282,2481247.0,8,404.2304902610638,0.05451842964444894,0.00016653013959756554,135273.69,8,412.6142957860282,1600758.0,8,404.2304902610638,0.08450602152230381,0.0002586436631424619,0.7193186812558529,0.060786759959602296,0.00018604721868681874,0.8968800061177933,0.0038782126458913866,3,5
9,3,6,84955.97,8,323.49037781864547,1472978.0,8,311.5660495475879,0.05767633325141312,0.00021995516053067234,84955.97,8,323.49037781864547,950803.0,8,311.5660495475879,0.08935181104813511,0.00034148614848961557,0.7193186812558529,0.0642724268909667,0.0002456373659986906,0.8973728866541271,0.004844975282288668,3,6
9,3,7,51171.670000000006,8,242.2617511482983,879591.0,8,234.49966318131462,0.058176663926756876,0.00027586181233982347,51171.670000000006,8,242.2617511482983,568748.0,8,234.49966318131462,0.08997248341972193,0.0004275685330338658,0.7193186812558529,0.06471888812278846,0.0003075580333284199,0.8989132170562125,0.006034658335061312,3,7
9,3,8,40290.4,8,211.08035959148353,725622.0,8,203.5456695543042,0.055525328614623046,0.00029131243906704586,40290.4,8,211.08035959148353,469001.0,8,203.5456695543042,0.08590685307707234,0.0004516054187183869,0.7193186812558529,0.06179440426623998,0.0003248482142405073,0.8985494604882548,0.006673551675472687,3,8
9,3,9,15927.699,8,130.50700015661994,366955.0,8,125.26377471922997,0.043405046940360535,0.00035595702124627417,15927.699,8,130.50700015661994,237251.0,8,125.26377471922997,0.0671343808877518,0.0005512206987897841,0.7193186812558529,0.04829101432710575,0.0003965033461343972,0.8988224319818703,0.010430568735781425,3,9
9,3,10,6248.942,8,81.27767650056195,226226.0,8,77.55328103994053,0.027622563277430533,0.0003594012299619028,6248.942,8,81.27767650056195,147543.0,8,77.55328103994053,0.04235336139294985,0.0005513241555790654,0.7193186812558529,0.030465564063929237,0.00039657776453563,0.9066814984770043,0.016687340774950238,3,10
9,3,11,1001.737,8,32.712741553960285,106041.0,8,34.93908249450034,0.00944669514621703,0.0003085071490693635,1001.737,8,32.712741553960285,71054.0,8,34.93908249450034,0.014098249218903932,0.000460444871692761,0.7193186812558529,0.010141134036158333,0.00033120659789705724,0.931522560744659,0.04302365182227709,3,11
9,4,1,71086.53,8,365.79934341894324,2118098.0,8,377.9389077111802,0.03356149243330573,0.0001728055979112093,71086.53,8,365.79934341894324,1360441.0,8,377.9389077111802,0.052252563690744394,0.0002692744684309997,0.7193186812558529,0.03758624520626372,0.00019369415552765746,0.8929195307785821,0.006504732739901306,4,1
9,4,2,63365.522,8,315.120068068538,1728645.0,8,304.13477150621895,0.036656179840279524,0.00018240715275270845,63365.522,8,315.120068068538,1110421.0,8,304.13477150621895,0.057064412506607855,0.00028421439071319967,0.7193186812558529,0.04104749795089316,0.0002044407207217545,0.89301861672867,0.006287286980182692,4,2
9,4,3,56771.771,8,274.707575446146,1396422.0,8,270.504714319529,0.040655167993629435,0.00019688003912377025,56771.771,8,274.707575446146,898185.0,8,270.504714319529,0.06320721343598479,0.00030643926112322085,0.7193186812558529,0.045466129414629804,0.00022042748519617315,0.8941858151784452,0.006127379198326378,4,3
9,4,4,51756.854999999996,8,247.5796772422163,1122985.0,8,248.69859311282804,0.04608864321429048,0.00022070185010971986,51756.854999999996,8,247.5796772422163,722768.0,8,248.69859311282804,0.07160922315321099,0.00034342884711815287,0.7193186812558529,0.05150985196432381,0.0002470347854142476,0.8947539442786963,0.006063994475485978,4,4
9,4,5,89552.68100000001,8,326.60963614091366,1609064.0,8,325.99756181029943,0.05565513926108596,0.0002032940825358189,89552.68100000001,8,326.60963614091366,1035177.0,8,325.99756181029943,0.08650953508433824,0.0003166849297192359,0.7193186812558529,0.06222792469292312,0.00022779738601924322,0.8943756285578868,0.004625161567948709,4,5
9,4,6,65580.215,8,271.2091669291803,1007441.0,8,269.86330889680056,0.06509583687779234,0.00026977014300399803,65580.215,8,271.2091669291803,648896.0,8,269.86330889680056,0.10106429227487917,0.00042006279715069356,0.7193186812558529,0.07269743344122216,0.00030215901729108174,0.8954351453194573,0.005255676738359537,4,6
9,4,7,43930.560000000005,8,222.33333729722133,626465.0,8,215.3353184670132,0.07012452411547333,0.0003557190471921121,43930.560000000005,8,222.33333729722133,404092.0,8,215.3353184670132,0.10871425318986766,0.0005532462635407946,0.7193186812558529,0.0782001932382505,0.0003979603726998924,0.8967308290636413,0.00644336622921827,4,7
9,4,8,38366.585999999996,8,203.7178489069625,527254.0,8,198.22123786675837,0.07276679930356146,0.00038734242379390583,38366.585999999996,8,203.7178489069625,339795.0,8,198.22123786675837,0.11291097867832074,0.00060313900734016,0.7193186812558529,0.08121897628219739,0.00043384915537388806,0.8959334706550767,0.006756372840563336,4,8
9,4,9,19146.173,8,142.69775572530915,262855.0,8,139.36609654227243,0.07283929542903882,0.0005442482586932751,19146.173,8,142.69775572530915,169391.0,8,139.36609654227243,0.11302945847181962,0.0008475337211448622,0.7193186812558529,0.08130420101101248,0.000609646838613788,0.8958860000256678,0.009483473353739393,4,9
9,4,10,11727.853000000001,8,110.82213197714616,159257.0,8,107.02765014752029,0.07364105188468953,0.000697627405512672,11727.853000000001,8,110.82213197714616,103445.0,8,107.02765014752029,0.11337283580646722,0.001077717013645094,0.7193186812558529,0.08155119874254434,0.0007752219810221849,0.9030039168053556,0.012118686564227,4,10
9,4,11,6228.713000000001,8,80.79207782276676,83578.0,8,73.88468902918926,0.07452574840268972,0.0009689092740513192,6228.713000000001,8,80.79207782276676,55381.0,8,73.88468902918926,0.11247021541683973,0.00146653734977759,0.7193186812558529,0.08090192703420285,0.0010549077124544694,0.9211863194702707,0.01696209935955591,4,11
9,5,1,54559.060000000005,8,278.8402657348289,1248883.0,8,280.84263490196787,0.04368628606522789,0.0002234877507325747,54559.060000000005,8,278.8402657348289,800908.0,8,280.84263490196787,0.06812150708945347,0.0003489736714667695,0.7193186812558529,0.0490010726447469,0.00025102328115248986,0.8915373420894129,0.0064545095910375815,5,1
9,5,2,40890.005999999994,8,230.24680857408208,1027705.0,8,230.5184234445915,0.039787688101157424,0.00022421746870014515,40890.005999999994,8,230.24680857408208,659413.0,8,230.5184234445915,0.06200970560180038,0.000349841601243007,0.7193186812558529,0.04460473965855072,0.0002516475992545557,0.8920058362795563,0.007112939161747943,5,2
9,5,3,34954.597,8,204.954993916888,845585.0,8,211.52939982407293,0.04133776852711436,0.00024260297711268101,34954.597,8,204.954993916888,543167.0,8,211.52939982407293,0.06435331491051555,0.00037816464394819604,0.7193186812558529,0.046290541615874654,0.0002720208929824055,0.8930068019108722,0.0074165084206056,5,3
9,5,4,30479.813,8,184.71002311172097,688502.0,8,187.65711348425486,0.04426975230282555,0.0002685493272514522,30479.813,8,184.71002311172097,443064.0,8,187.65711348425486,0.06879325108787895,0.0004179093834967125,0.7193186812558529,0.04948427065183585,0.0003006100266213017,0.89462270979603,0.0076803634052291705,5,4
9,5,5,53989.8421,8,252.0052704380853,1017445.0,8,245.91865056941575,0.053064138208944955,0.0002480162672881846,53989.8421,8,252.0052704380853,655164.0,8,245.91865056941575,0.08240660674273922,0.00038588626365065073,0.7193186812558529,0.05927661168895685,0.0002775751982839344,0.8951951992024998,0.005922721305619574,5,5
9,5,6,41893.9367,8,213.11317194734093,669305.0,8,213.51513751332035,0.06259319249071799,0.00031903514238436527,41893.9367,8,213.11317194734093,431889.0,8,213.51513751332035,0.0970016293538386,0.0004957690914654466,0.7193186812558529,0.06977508410647221,0.00035661596908033737,0.8970708282515988,0.006475129603288825,5,6
9,5,7,30596.4692,8,181.1460029952516,435563.0,8,181.07978712644353,0.07024579498258575,0.00041691341332150195,30596.4692,8,181.1460029952516,280820.0,8,181.07978712644353,0.1089540246421195,0.0006488755781858994,0.7193186812558529,0.07837266532308709,0.0004667483251998102,0.8963047855141999,0.007536051181646986,5,7
9,5,8,28980.8031,8,176.69560800788486,378442.0,8,172.93228133859913,0.07657924622531326,0.00046821225884440513,28980.8031,8,176.69560800788486,244569.0,8,172.93228133859913,0.1184974510260908,0.0007273199267002382,0.7193186812558529,0.08523743020426765,0.0005231748105251189,0.8984227473985849,0.007783437755123167,5,8
9,5,9,15158.0859,8,126.11199550089634,188810.0,8,121.70257736536273,0.08028221969175361,0.0006699322973011056,15158.0859,8,126.11199550089634,123270.0,8,121.70257736536273,0.12296654417133122,0.0010302331340022396,0.7193186812558529,0.08845213239191156,0.0007410659393365754,0.9076346439681194,0.010732671668211645,5,9
9,5,10,9463.657000000001,8,99.66999910986254,109089.0,8,93.09758539704454,0.0867517073215448,0.0009166522993293554,9463.657000000001,8,99.66999910986254,71104.0,8,93.09758539704454,0.13309598616111612,0.0014125402437233775,0.7193186812558529,0.09573842924586129,0.001016066585335921,0.9061325530917359,0.013570319271754354,5,10
9,5,11,4793.839,8,70.84727148895715,49035.0,8,64.48083904223022,0.09776361782400327,0.0014505388661391475,4793.839,8,70.84727148895715,32927.0,8,64.48083904223022,0.1455899110152762,0.002170453943000477,0.7193186812558529,0.10472554279566545,0.0015612480680056691,0.9335221877508345,0.019634859680489863,5,11
9,6,1,35569.32,8,212.9674622595668,668111.0,8,216.80199104337117,0.05323863848971204,0.0003192284090609662,35569.32,8,212.9674622595668,429439.0,8,216.80199104337117,0.0828274097136031,0.0004976799578010578,0.7193186812558529,0.059579303127027194,0.00035799049093292537,0.8935760523449491,0.007585292270399854,6,1
9,6,2,25748.8753,8,172.9861352654611,556927.0,8,175.02405558791054,0.0462338426759701,0.00031094793127998905,25748.8753,8,172.9861352654611,358218.0,8,175.02405558791054,0.07188046189750376,0.00048418286050786423,0.7193186812558529,0.05170495906017398,0.00034828177670720347,0.894185848250327,0.008511501225347539,6,2
9,6,3,19941.783199999998,8,150.6670112881901,463259.0,8,154.10813237741738,0.043046725913581815,0.0003255478779675402,19941.783199999998,8,150.6670112881901,298612.0,8,154.10813237741738,0.06678158680829972,0.000505733510459653,0.7193186812558529,0.048037242955119415,0.0003637835618107307,0.8961115015239285,0.00959062964300816,6,3
9,6,4,17071.077,8,136.16129134240023,382040.0,8,137.53424811311544,0.04468400429274422,0.0003567686887490719,17071.077,8,136.16129134240023,246599.0,8,137.53424811311544,0.069226059310865,0.000553504910642586,0.7193186812558529,0.04979559769203087,0.00039814642239206365,0.8973484878944491,0.01013957169046943,6,4
9,6,5,28828.2226,8,177.62911262591388,571185.0,8,177.770103963057,0.050470902772306696,0.000311379966133532,28828.2226,8,177.62911262591388,370136.0,8,177.770103963057,0.07788548695614585,0.00048135796952733056,0.7193186812558529,0.05602448576626476,0.00034624977985239444,0.900872218316689,0.007866999755952904,6,5
9,6,6,22102.8354,8,152.94796899899129,378369.0,8,153.96149452320861,0.05841608429866083,0.000404927923948886,22102.8354,8,152.94796899899129,245938.0,8,153.96149452320861,0.0898715749497841,0.0006244361570591695,0.7193186812558529,0.06464630277526523,0.00044916859302427444,0.9036260666249859,0.00886869735388015,6,6
9,6,7,16382.189999999999,8,131.2201876774683,244616.0,8,130.59734568796756,0.0669710485005069,0.000537623650931189,16382.189999999999,8,131.2201876774683,159280.0,8,130.59734568796756,0.10285151933701657,0.0008281383426346785,0.7193186812558529,0.0739830192546636,0.0005956953805213846,0.9052218897687837,0.010292307281796545,6,7
9,6,8,16411.009000000002,8,131.33707006685088,209451.0,8,126.83080857253296,0.07835249772023052,0.0006288463185359054,16411.009000000002,8,131.33707006685088,136686.0,8,126.83080857253296,0.12006356905608476,0.0009673039486206395,0.7193186812558529,0.0863639681602939,0.0006957998006953776,0.907235961816925,0.01031712126880292,6,8
9,6,9,8468.845000000001,8,94.28187370136425,100336.0,8,88.2939446318942,0.08440484970499124,0.0009425924006024435,8468.845000000001,8,94.28187370136425,66110.0,8,88.2939446318942,0.12810232945091515,0.0014363621209851872,0.7193186812558529,0.0921463986864351,0.0010332021066729246,0.9159864184406429,0.014495644202581256,6,9
9,6,10,4753.2029,8,70.50869525811409,50989.0,8,63.5458441862377,0.09322016317244897,0.0013876933918665602,4753.2029,8,70.50869525811409,34017.0,8,63.5458441862377,0.13973022018402564,0.002089119757922431,0.7193186812558529,0.10051055771436328,0.0015027428692543096,0.9274663805703618,0.019567870062619817,6,10
9,6,11,1559.8066,8,40.74836447552711,16077.0,8,36.275970344160335,0.09702099894258878,0.002544011760823533,1559.8066,8,40.74836447552711,11054.0,8,36.275970344160335,0.14110788854713224,0.0037152723371191806,0.7193186812558529,0.10150154030452102,0.0026724647980429193,0.9558574052325719,0.03551863847596913,6,11
9,7,1,17281.828,8,143.59247885439544,271302.0,8,146.69918546266712,0.06369959675933093,0.0005303913095044618,17281.828,8,143.59247885439544,176924.0,8,146.69918546266712,0.09767938775971605,0.0008156366402724396,0.7193186812558529,0.07026260838919804,0.0005867026724647256,0.9065931114667231,0.010690673021242394,7,1
9,7,2,12076.4563,8,116.04219568398084,222971.0,8,117.77309063202215,0.05416155598710146,0.0005212219626800202,12076.4563,8,116.04219568398084,145761.0,8,117.77309063202215,0.08285108019291855,0.0007989223274566816,0.7193186812558529,0.059596329744993085,0.0005746797550119969,0.9088069050368287,0.012381008894555144,7,2
9,7,3,8954.6297,8,99.62251845485538,181230.0,8,101.09684299368057,0.0494103056889036,0.0005503927273858246,8954.6297,8,99.62251845485538,117978.0,8,101.09684299368057,0.07590084337757887,0.0008469171995215388,0.7193186812558529,0.05459689456456706,0.0006092033630927333,0.9050021266405597,0.01426887261025949,7,3
9,7,4,7246.048,8,88.5314288315737,147482.0,8,86.66434961684072,0.04913174489090194,0.0006009802177773001,7246.048,8,88.5314288315737,96551.0,8,86.66434961684072,0.07504891715259293,0.0009194106922020536,0.7193186812558529,0.0539840881158829,0.000661349286647312,0.910115306299796,0.015755900390756878,7,4
9,7,5,11431.5824,8,110.49180363325598,211578.0,8,110.92119951537668,0.05403010899053776,0.0005229949095091541,11431.5824,8,110.49180363325598,138487.0,8,110.92119951537668,0.08254624910641431,0.000800584352636293,0.7193186812558529,0.05937705904984306,0.0005758752807724089,0.9099492271111492,0.012468616239019003,7,5
9,7,6,7657.139999999999,8,90.81277360344193,130585.0,8,87.67332806920244,0.05863720948041505,0.0006965437926283018,7657.139999999999,8,90.81277360344193,86045.0,8,87.67332806920244,0.08898994712069265,0.0010592981345320526,0.7193186812558529,0.06401213140788471,0.000761972937188381,0.9160327611461535,0.015404679526712265,7,6
9,7,7,4902.781,8,72.1245395568665,76171.0,8,68.41519810765735,0.06436545404419004,0.0009486398367639412,4902.781,8,72.1245395568665,50611.0,8,68.41519810765735,0.0968718460413744,0.0014310801894047058,0.7193186812558529,0.06968172854530144,0.0010294027146139691,0.9237063343275822,0.019275558638675735,7,7
9,7,8,3832.491,8,63.363939941736575,53346.0,8,60.06584894904924,0.07184214374086155,0.0011905430678990992,3832.491,8,63.363939941736575,35822.0,8,60.06584894904924,0.10698707498185472,0.001777929129029853,0.7193186812558529,0.0769578016873688,0.001278897636460121,0.9335264543120794,0.02190871771928104,7,8
9,7,9,1279.6527,8,37.162278809733934,17459.0,8,31.899000018760773,0.07329473051148405,0.0021327540851434476,1279.6527,8,37.162278809733934,11909.0,8,31.899000018760773,0.10745257368376859,0.0031337657426505493,0.7193186812558529,0.07729264359975578,0.0022541762413681617,0.9482756326853806,0.03906690548166001,7,9
9,7,10,214.1451,8,15.629493041052227,5097.0,8,16.987221154865207,0.04201394938198941,0.00306960558115312,214.1451,8,15.629493041052227,3539.0,8,16.987221154865207,0.060510059338796274,0.0044258991842769,0.7193186812558529,0.04352601608629634,0.0031836319646054143,0.9652606224904882,0.09979096581646459,7,10
9,7,11,0.0,8,0.0,495.0,8,0.0,0.0,,0.0,8,0.0,347.0,8,0.0,0.0,,0.7193186812558529,0.0,,,,7,11
9,8,1,2302.903,8,50.50283086719001,39219.0,8,49.302691398949,0.05871906473902955,0.0012898273556832562,2302.903,8,50.50283086719001,26211.0,8,49.302691398949,0.0878601732097211,0.0019338545718356709,0.7193186812558529,0.06319946392812739,0.0013910577203534366,0.9291070064424422,0.028891712408618,8,1
9,8,2,1175.0052,8,35.54933106173589,26915.0,8,34.55320282950482,0.043656147129853246,0.0013219885118519647,1175.0052,8,35.54933106173589,18184.0,8,34.55320282950482,0.06461753189617246,0.0019588307223856413,0.7193186812558529,0.046480597829562785,0.001409023532029889,0.9392337699685712,0.04024419363313631,8,2
9,8,3,731.9888,8,28.09594361052143,18131.0,8,25.457159600287305,0.04037222436710606,0.001550644494262424,731.9888,8,28.09594361052143,12286.0,8,25.457159600287305,0.059579098160507896,0.00229015566783275,0.7193186812558529,0.04285635831922955,0.0016473517548560707,0.9420358133647379,0.051189725358894184,8,3
9,8,4,348.27979999999997,8,19.544390845692785,11553.0,8,18.957107265028597,0.030146265039383707,0.0016924387001113989,348.27979999999997,8,19.544390845692785,7846.0,8,18.957107265028597,0.04438947234259495,0.0024933084407694366,0.7193186812558529,0.031930176707118556,0.0017934833395783579,0.9441308551437756,0.07497818884051034,8,4
9,8,5,410.1797,8,23.412856300710086,11084.0,8,18.037350276307215,0.037006468783832555,0.002113169391384151,410.1797,8,23.412856300710086,7579.0,8,18.037350276307215,0.05412055680168888,0.0030918588806116637,0.7193186812558529,0.038929927547423325,0.0022240318526307794,0.9505917712986323,0.07678318237532532,8,5
9,8,6,44.9231,8,7.274124327649342,3537.0,8,7.274124327649342,0.012700904721515407,0.002056746115162356,44.9231,8,7.274124327649342,2482.0,8,7.274124327649342,0.018099556809024978,0.0029312311481345258,0.7193186812558529,0.01301934933518324,0.0021084893239322064,0.9755406660141399,0.22342123772732678,8,6
9,8,7,0.0,8,0.0,849.0,8,0.0,0.0,,0.0,8,0.0,596.0,8,0.0,0.0,,0.7193186812558529,0.0,,,,8,7
9,8,8,0.0,8,0.0,101.0,8,0.0,0.0,,0.0,8,0.0,74.0,8,0.0,0.0,,0.7193186812558529,0.0,,,,8,8
9,8,9,0.0,8,0.0,0.0,8,0.0,,,0.0,8,0.0,0.0,8,0.0,,,0.7193186812558529,,,,,8,9
9,8,10,0.0,8,0.0,0.0,8,0.0,,,0.0,8,0.0,0.0,8,0.0,,,0.7193186812558529,,,,,8,10
9,8,11,0.0,8,0.0,0.0,8,0.0,,,0.0,8,0.0,0.0,8,0.0,,,0.7193186812558529,,,,,8,11
10,1,1,14504.255,8,257.1042916384516,89035200.0,8,274.2203362862426,0.00016290472756842238,2.8876702194110443e-06,14504.255,8,257.1042916384516,55057130.0,8,274.2203362862426,0.0002634400848718413,4.669773048240294e-06,0.7155446472274737,0.00018850314259519742,3.3414311084354656e-06,0.8642016537530806,0.02166426713905071,1,1
10,1,2,10487.011,8,173.63381118218305,36434250.0,8,164.3149564408852,0.00028783386511318333,4.7656756382657844e-06,10487.011,8,173.63381118218305,22554330.0,8,164.3149564408852,0.000464966638335078,7.698469783445458e-06,0.7155446472274737,0.00033270438920001777,5.508598845386846e-06,0.8651339581220288,0.02025727204537141,1,2
10,1,3,6533.565,8,101.45137374067441,17805420.0,8,95.76248314851699,0.0003669424815589859,5.6977807783366256e-06,6533.565,8,101.45137374067441,11032920.0,8,95.76248314851699,0.0005921881967783687,9.195334470876364e-06,0.7155446472274737,0.0004237370943560516,6.579672360101856e-06,0.8659673331564804,0.01901622337823418,1,3
10,1,4,3194.6648,8,62.93171553520291,9579810.0,8,57.06089250047268,0.0003334789312105355,6.569203190045928e-06,3194.6648,8,62.93171553520291,5937246.0,8,57.06089250047268,0.0005380718265674018,1.059948047037174e-05,0.7155446472274737,0.0003850144153242139,7.584401513966644e-06,0.8661466114969194,0.02412963311517113,1,4
10,1,5,699.7952,8,28.218965417233143,8646800.0,8,35.84994272828061,8.093111902669196e-05,3.263515470045316e-06,699.7952,8,28.218965417233143,5368238.0,8,35.84994272828061,0.0001303584528107733,5.256653263921855e-06,0.7155446472274737,9.327729312960405e-05,3.761370105330112e-06,0.8676400902226257,0.049479436027244215,1,5
10,1,6,0.0,8,0.0,2910027.0,8,0.0,0.0,,0.0,8,0.0,1820684.0,8,0.0,0.0,,0.7155446472274737,0.0,,,,1,6
10,1,7,0.0,8,0.0,884463.0,8,0.0,0.0,,0.0,8,0.0,563584.0,8,0.0,0.0,,0.7155446472274737,0.0,,,,1,7
10,1,8,0.0,8,0.0,254396.0,8,0.0,0.0,,0.0,8,0.0,166717.0,8,0.0,0.0,,0.7155446472274737,0.0,,,,1,8
10,1,9,0.0,8,0.0,20301.0,8,0.0,0.0,,0.0,8,0.0,13721.0,8,0.0,0.0,,0.7155446472274737,0.0,,,,1,9
10,1,10,0.0,8,0.0,648.0,8,0.0,0.0,,0.0,8,0.0,462.0,8,0.0,0.0,,0.7155446472274737,0.0,,,,1,10
10,1,11,0.0,8,0.0,0.0,8,0.0,,,0.0,8,0.0,0.0,8,0.0,,,0.7155446472274737,,,,,1,11
10,2,1,160239.53,8,914.3669893587585,10118830.0,8,937.1244193985129,0.015835776468228046,9.037481686181622e-05,160239.53,8,914.3669893587585,6213629.0,8,937.1244193985129,0.02578839676459602,0.00014720645576568925,0.7155446472274737,0.018452749265484982,0.00010533279146046683,0.8581797888430716,0.006927054035143628,2,1
10,2,2,120416.12,8,555.8449198656492,7595383.0,8,541.0116937575009,0.015853857534241525,7.319065961299044e-05,120416.12,8,555.8449198656492,4667909.0,8,541.0116937575009,0.025796586865767947,0.00011911545412616568,0.7155446472274737,0.018458609648538807,8.523242560204754e-05,0.8588868737194691,0.00560808068942856,2,2
10,2,3,94722.4,8,407.87019883988825,5604273.0,8,382.50494934880254,0.016901817595252763,7.278757356117042e-05,94722.4,8,407.87019883988825,3446592.0,8,382.50494934880254,0.027482916457764656,0.0001183794449127082,0.7155446472274737,0.019665253761553342,8.470577814904795e-05,0.8594762010290836,0.005235009986898004,2,3
10,2,4,66769.12,8,295.4982126608044,4090818.0,8,298.41765847794596,0.016321703874384048,7.224431680415849e-05,66769.12,8,295.4982126608044,2514850.0,8,298.41765847794596,0.026549941348390557,0.00011754355524730953,0.7155446472274737,0.018997668416044236,8.410766177329916e-05,0.8591424756418932,0.005378571167555045,2,4
10,2,5,69752.85,8,298.4210446062241,5221174.0,8,292.77851210870995,0.013359610309865178,5.7160837184215e-05,69752.85,8,298.4210446062241,3208347.0,8,292.77851210870995,0.021741055440698903,9.303511212596477e-05,0.7155446472274737,0.015556695845667844,6.657077648594192e-05,0.8587691398225479,0.005196691738597482,2,5
10,2,6,21535.999,8,156.32186979319306,2931341.0,8,168.60640961425517,0.007346807826179213,5.332944124107046e-05,21535.999,8,156.32186979319306,1800630.0,8,168.60640961425517,0.011960257798659358,8.682232125586217e-05,0.7155446472274737,0.008558098447291352,6.212524723449628e-05,0.8584626446432719,0.008812842380886799,2,6
10,2,7,4951.841,8,73.33205345488425,1645435.0,8,79.9344308593068,0.0030094418801107307,4.456721050443493e-05,4951.841,8,73.33205345488425,1015406.0,8,79.9344308593068,0.004876710399584009,7.222046111454616e-05,0.7155446472274737,0.0034895040225008923,5.1676964370813414e-05,0.86242682647888,0.018062116797531308,2,7
10,2,8,499.71209999999996,8,23.311274813855633,1076030.0,8,37.06482754364304,0.00046440350176110327,2.1664155431450792e-05,499.71209999999996,8,23.311274813855633,674264.0,8,37.06482754364304,0.0007411223200408148,3.457294323686981e-05,0.7155446472274737,0.0005303061090460117,2.473848447204148e-05,0.8757272334586844,0.057773705347656704,2,8
10,2,9,0.0,8,0.0,293073.0,8,0.0,0.0,,0.0,8,0.0,188808.0,8,0.0,0.0,,0.7155446472274737,0.0,,,,2,9
10,2,10,0.0,8,0.0,62478.0,8,3.62397,0.0,,0.0,8,0.0,41624.0,8,3.62397,0.0,,0.7155446472274737,0.0,,,,2,10
10,2,11,0.0,8,0.0,3944.0,8,0.0,0.0,,0.0,8,0.0,2757.0,8,0.0,0.0,,0.7155446472274737,0.0,,,,2,11
10,3,1,175274.54,8,758.1651994136898,5042197.0,8,768.5672171749196,0.03476154144711125,0.0001504573857561453,175274.54,8,758.1651994136898,3087964.0,8,768.5672171749196,0.056760551612648334,0.0002459287796985677,0.7155446472274737,0.04061470888010926,0.00017597302191249474,0.855885525357919,0.005241666813076034,3,1
10,3,2,139978.95,8,515.6653645133537,4013590.0,8,529.0470167199887,0.03487624545606303,0.00012856205101908428,139978.95,8,515.6653645133537,2458806.0,8,529.0470167199887,0.056929643900332116,0.00021007927416877937,0.7155446472274737,0.04073570196144884,0.00015032110012490297,0.8561591865795992,0.004465638315467421,3,2
10,3,3,111492.42,8,404.21628168624034,3152595.0,8,396.3090547369565,0.03536528478919747,0.0001282940539982837,111492.42,8,404.21628168624034,1928788.0,8,396.3090547369565,0.0578043932251756,0.00020990638292060768,0.7155446472274737,0.041361624158506444,0.00015019738871772123,0.8550265012241844,0.004388759336131027,3,3
10,3,4,93550.75,8,342.8256602940334,2445936.0,8,339.0561807702081,0.03824742348123581,0.00014026157781409944,93550.75,8,342.8256602940334,1497069.0,8,339.0561807702081,0.062489270701617625,0.00022943481513407698,0.7155446472274737,0.04471386315969109,0.00016417085385681375,0.8553817715243919,0.004438848703589348,3,4
10,3,5,130916.06,8,418.57443279612767,3323015.0,8,401.8302661168021,0.03939677070371334,0.000126052302732256,130916.06,8,418.57443279612767,2032444.0,8,401.8302661168021,0.06441312036149581,0.00020633972181238218,0.7155446472274737,0.04609046348588732,0.00014764528345325605,0.8547705473991696,0.0038700273357062777,3,5
10,3,6,68875.08,8,279.72153755279555,1937305.0,8,278.2244610773287,0.035552006524527634,0.00014447718459314736,68875.08,8,279.72153755279555,1187434.0,8,278.2244610773287,0.05800329113028598,0.00023595978605283138,0.7155446472274737,0.04150394448985294,0.00016883976187104339,0.8565934385638826,0.004925497615416284,3,6
10,3,7,34537.06,8,194.08971000483254,1130763.0,8,191.36461502845816,0.03054314653026319,0.0001717227193354611,34537.06,8,194.08971000483254,694522.0,8,191.36461502845816,0.049727812797866734,0.00027979366586761714,0.7155446472274737,0.0355824702658434,0.00020020485993972576,0.8583762257670571,0.0068276144690251625,3,7
10,3,8,20543.041,8,148.02841629997937,867359.0,8,145.65524911567724,0.02368458850372222,0.00017071202265005496,20543.041,8,148.02841629997937,537010.0,8,145.65524911567724,0.038254485018900955,0.0002758482093840859,0.7155446472274737,0.02737279198771816,0.00019738170967206604,0.8652602377700165,0.00882175113297668,3,8
10,3,9,5090.6186,8,73.31813469958234,346159.0,8,71.46222955087605,0.014706012554924182,0.00021182654838214268,5090.6186,8,73.31813469958234,218024.0,8,71.46222955087605,0.023348890947785562,0.0003363717696773073,0.7155446472274737,0.016707173936385974,0.0002406890192710299,0.8802214312796772,0.01793190003467748,3,9
10,3,10,939.5893000000001,8,31.816846739838944,130303.0,8,32.33759968055762,0.0072108032815821595,0.0002441824148040449,939.5893000000001,8,31.816846739838944,84377.0,8,32.33759968055762,0.011135609230003438,0.00037710376584087596,0.7155446472274737,0.007968025578145809,0.0002698345810967614,0.9049673863195783,0.04333978354734979,3,10
10,3,11,0.0,8,0.0,21897.0,8,7.520037902723629,0.0,,0.0,8,0.0,14830.0,8,7.520037902723629,0.0,,0.7155446472274737,0.0,,,,3,11
10,4,1,156030.52,8,551.6998370282521,3090916.0,8,559.0522502593117,0.05048034951451285,0.00017872409509103152,156030.52,8,551.6998370282521,1886358.0,8,559.0522502593117,0.08271522160692721,0.0002934938099565589,0.7155446472274737,0.059186434065071035,0.00021000792470881314,0.8529040533006854,0.004275164495406202,4,1
10,4,2,108755.84000000001,8,398.17928796813374,2510146.0,8,409.8291027128381,0.04332649973348164,0.00015878558789774757,108755.84000000001,8,398.17928796813374,1532854.0,8,409.8291027128381,0.07094990129523099,0.00026045505515587557,0.7155446472274737,0.050767822093120134,0.00018636722056012317,0.8534244319957363,0.004426898932535637,4,2
10,4,3,87831.31999999999,8,336.452424010617,2020765.0,8,329.418452160622,0.04346439096084898,0.00016664824556879095,87831.31999999999,8,336.452424010617,1233849.0,8,329.418452160622,0.07118482083301927,0.00027334674876643524,0.7155446472274737,0.0509359175109137,0.00019559180291685578,0.8533151670731397,0.00463043236455616,4,3
10,4,4,73680.292,8,295.7797514497062,1608720.0,8,296.02748416761915,0.04580056939678751,0.0001840533689528645,73680.292,8,295.7797514497062,982836.0,8,296.02748416761915,0.07496702603486238,0.00030179106700586617,0.7155446472274737,0.05364225419780844,0.00021594498257711538,0.8538151515388536,0.004856615107979327,4,4
10,4,5,116359.05,8,376.8313506469704,2268527.0,8,370.7553960664363,0.051292777207412564,0.0001663241834419769,116359.05,8,376.8313506469704,1386732.0,8,370.7553960664363,0.08390882304583727,0.0002726650228708105,0.7155446472274737,0.06004050918560615,0.00019510399760136514,0.8543028349218144,0.003921821552597769,4,5
10,4,6,75035.31999999999,8,288.2025879287346,1379776.0,8,287.80811703629905,0.05438224755322602,0.00020918415635793892,75035.31999999999,8,288.2025879287346,844601.0,8,287.80811703629905,0.08884114510875549,0.0003425695787009813,0.7155446472274737,0.06356980583612924,0.00024512382834245797,0.8554729220569435,0.004659347012976579,4,6
10,4,7,43773.83,8,217.94836580887684,819857.0,8,214.7947291465971,0.053392030561427176,0.0002662048209114931,43773.83,8,217.94836580887684,504368.0,8,214.7947291465971,0.08678946721441487,0.000433699538250467,0.7155446472274737,0.06210173870099888,0.0003103313831001486,0.8597509776416032,0.006069025184402634,4,7
10,4,8,31318.088,8,182.95206094559305,627070.0,8,180.1997058158531,0.049943527835807806,0.0002921097919895754,31318.088,8,182.95206094559305,388555.0,8,180.1997058158531,0.08060142836921413,0.0004723338812934283,0.7155446472274737,0.05767392062847982,0.0003379759804636896,0.8659638063715286,0.007169713050165869,4,8
10,4,9,12077.667,8,112.88960242839019,250483.0,8,106.96409819098182,0.04821751176726564,0.0004511577884385287,12077.667,8,112.88960242839019,157766.0,8,106.96409819098182,0.07655430827935043,0.0007174308512754819,0.7155446472274737,0.05477802551149107,0.0005133538053860208,0.8802345706518903,0.011656837126064785,4,9
10,4,10,5028.921,8,72.69533244817029,100670.0,8,65.57699980450462,0.04995451475116718,0.0007228479701929443,5028.921,8,72.69533244817029,64747.0,8,65.57699980450462,0.07767033221616446,0.0011255123434471058,0.7155446472274737,0.05557659046565608,0.0008053543327420265,0.8988409388308357,0.018406945488926674,4,10
10,4,11,967.7283,8,32.31503473220476,21058.0,8,30.158387163606744,0.04595537562921455,0.0015359835430633585,967.7283,8,32.31503473220476,14083.0,8,30.158387163606744,0.0687160619186253,0.0022993266371367943,0.7155446472274737,0.049169410284423974,0.0016452708674307807,0.9346334512328374,0.044203105634149704,4,11
10,5,1,127684.88,8,427.0672341366989,1871173.0,8,435.30683713758737,0.06823788073042952,0.0002287864481433817,127684.88,8,427.0672341366989,1142379.0,8,435.30683713758737,0.11177103220559902,0.00037625853776852456,0.7155446472274737,0.07997716380980595,0.000269229782673904,0.8532170619691682,0.004053752510660673,5,1
10,5,2,76652.06999999999,8,311.76664577447985,1530658.0,8,320.33483326789485,0.05007785540597572,0.00020395090108530205,76652.06999999999,8,311.76664577447985,935485.0,8,320.33483326789485,0.08193832076409562,0.00033444640413830584,0.7155446472274737,0.058630526825556376,0.00023931133426564115,0.8541259667506068,0.004924896889041196,5,2
10,5,3,57328.587,8,260.518558197895,1242763.0,8,268.1110680494559,0.046129943521009235,0.00020986461063197693,57328.587,8,260.518558197895,759897.0,8,268.1110680494559,0.07544257577013727,0.000343865817184517,0.7155446472274737,0.05398253126537483,0.0002460513448508822,0.8545346511121764,0.0055031259399327985,5,3
10,5,4,46732.139,8,228.98133599592785,1000687.0,8,235.06693143758014,0.046700056061485765,0.00022908694280481808,46732.139,8,228.98133599592785,613868.0,8,235.06693143758014,0.07612734170864095,0.0003741513233291738,0.7155446472274737,0.054472511867274837,0.0002677219766612661,0.8573141656340895,0.005953195787750038,5,4
10,5,5,76708.477,8,305.5202392861396,1432058.0,8,295.2837780156912,0.05356520266637245,0.00021362919004902378,76708.477,8,305.5202392861396,879388.0,8,295.2837780156912,0.08722938793797505,0.0003486562010564149,0.7155446472274737,0.062416521619946805,0.00024947907838858354,0.8581894869523506,0.004845682109636407,5,5
10,5,6,53490.405000000006,8,241.4589325046808,884377.0,8,243.9301273303894,0.06048371339372237,0.00027353635529916314,53490.405000000006,8,241.4589325046808,546287.0,8,243.9301273303894,0.09791630589781562,0.0004441573331587165,0.7155446472274737,0.07006348856146988,0.00031781440226854934,0.8632700802595243,0.005529576622312349,5,6
10,5,7,35412.872,8,195.09254725929435,526485.0,8,190.07227552394377,0.06726283179957644,0.00037135152007484003,35412.872,8,195.09254725929435,326708.0,8,190.07227552394377,0.10839303598320213,0.0006004670305906238,0.7155446472274737,0.07756005669451523,0.0004296609695756966,0.8672354645704253,0.00678269372542953,5,7
10,5,8,27146.167,8,169.64769356663828,388706.0,8,162.01707292375085,0.06983727290034114,0.00043741182824461294,27146.167,8,169.64769356663828,243327.0,8,162.01707292375085,0.111562494092312,0.0007011464974382051,0.7155446472274737,0.0798279454791005,0.0005017016231641993,0.8748474294459326,0.007762390621515686,5,8
10,5,9,10221.972600000001,8,103.34321785553418,142371.0,8,97.00691310935319,0.07179813726109953,0.0007275193370760288,10221.972600000001,8,103.34321785553418,90640.0,8,97.00691310935319,0.11277551412180054,0.0011465210045316638,0.7155446472274737,0.08069591546818074,0.0008203869677264982,0.8897369444852546,0.012771064277105547,5,9
10,5,10,3889.9048,8,64.09418318337788,49415.0,8,58.19314993849362,0.07871910958211069,0.001300367848171016,3889.9048,8,64.09418318337788,32222.0,8,58.19314993849362,0.12072201601390353,0.0020010564287227276,0.7155446472274737,0.08638199236125803,0.0014318452163726725,0.9112907381540772,0.021325669770351,5,10
10,5,11,639.3442,8,26.279987935529956,8379.0,8,26.03694577571263,0.0763031626685762,0.0031453605170967953,639.3442,8,26.279987935529956,5650.0,8,26.03694577571263,0.11315826548672567,0.004680465379472566,0.7155446472274737,0.08096979115857193,0.003349081948815101,0.9423658079979907,0.05503020030559414,5,11
10,6,1,79511.76,8,315.06746627041645,960876.0,8,323.493483626193,0.08274924131729797,0.00032907741673822286,79511.76,8,315.06746627041645,593915.0,8,323.493483626193,0.13387733934990698,0.0005354807960656155,0.7155446472274737,0.09579521355688198,0.00038316041731785764,0.8638139448184697,0.00487219046496592,6,1
10,6,2,47397.965,8,231.71286196409125,772716.0,8,237.22977741150035,0.06133943777532754,0.0003004588101038115,47397.965,8,231.71286196409125,477816.0,8,237.22977741150035,0.09919710725467543,0.000487436093556904,0.7155446472274737,0.0709799591165326,0.0003487822876101127,0.8641796718228936,0.005995867740790868,6,2
10,6,3,32365.499,8,189.83901771129663,619347.0,8,194.40444171173147,0.05225745664385231,0.00030695337331361066,32365.499,8,189.83901771129663,383693.0,8,194.40444171173147,0.08435259178562027,0.0004966104753107959,0.7155446472274737,0.06035804553196475,0.0003553469673657315,0.8657910670115638,0.007200281232716243,6,3
10,6,4,24287.9499,8,162.51900614472757,492253.0,8,165.165388256075,0.04934037964217587,0.0003305682178511172,24287.9499,8,162.51900614472757,305661.0,8,165.165388256075,0.07946041496952506,0.0005334277492456252,0.7155446472274737,0.056857474597917484,0.0003816913706553062,0.8677905586046387,0.008230420855181874,6,4
10,6,5,37169.8118,8,203.28488687952776,682263.0,8,201.46726619629803,0.054480181103181625,0.0002983907736852183,37169.8118,8,203.28488687952776,424842.0,8,201.46726619629803,0.08749090673709285,0.0004802906563979688,0.7155446472274737,0.0626036499968049,0.0003436694082989364,0.8702396921898664,0.006748363830649629,6,5
10,6,6,25093.545000000002,8,163.40432439280792,398241.0,8,159.52238427625133,0.06301095316654991,0.00041109075015079497,25093.545000000002,8,163.40432439280792,249076.0,8,159.52238427625133,0.10074653920891616,0.0006592074510317648,0.7155446472274737,0.07208864685763276,0.00047169236299824627,0.8740759594362991,0.008076476165189271,6,6
10,6,7,15467.3127,8,127.5171573124656,213535.0,8,122.90689961495245,0.07243455499098508,0.0005986257715345023,15467.3127,8,127.5171573124656,134478.0,8,122.90689961495245,0.11501742069334761,0.0009540470602234167,0.7155446472274737,0.08230009971503535,0.000682663267145973,0.8801271838283333,0.010305517225616541,6,7
10,6,8,11021.3208,8,107.66027166789104,134640.0,8,99.85834104381267,0.08185770053475935,0.0008019172638519468,11021.3208,8,107.66027166789104,86575.0,8,99.85834104381267,0.12730373433439213,0.0012521882680436595,0.7155446472274737,0.09109150567504265,0.0008959966125196816,0.8986315455886335,0.012475205047525403,6,8
10,6,9,3013.545,8,56.170339012863366,37677.0,8,53.13859048714033,0.07998367704435067,0.0014951007086194124,3013.545,8,56.170339012863366,24659.0,8,53.13859048714033,0.1222087270367817,0.0022930567759205517,0.7155446472274737,0.08744580047565259,0.0016407845017986393,0.9146657313362968,0.024225335226297523,6,9
10,6,10,631.2822,8,25.98623176811328,9115.0,8,25.781674722209186,0.06925750959956116,0.0028576527730613324,631.2822,8,25.98623176811328,6110.0,8,25.781674722209186,0.10331950900163665,0.0042753519563034385,0.7155446472274737,0.07392972162029189,0.0030592052073464336,0.9368019800652364,0.0547431464679694,6,10
10,6,11,0.0,8,0.0,628.0,8,0.0,0.0,,0.0,8,0.0,418.0,8,0.0,0.0,,0.7155446472274737,0.0,,,,6,11
10,7,1,29761.88,8,184.36763889088562,295520.0,8,188.35903651970085,0.10071020573903627,0.0006271689542916459,29761.88,8,184.36763889088562,184890.0,8,188.35903651970085,0.1609707393585375,0.0010105694031633883,0.7155446472274737,0.11518175090825034,0.0007231075270854253,0.8743590451169511,0.007731736182831295,7,1
10,7,2,17181.067,8,137.11810833088384,222854.0,8,138.54119043775393,0.07709561865616053,0.0006171461060532697,17181.067,8,137.11810833088384,140167.0,8,138.54119043775393,0.12257569185328929,0.0009857219258451286,0.7155446472274737,0.0877083801858254,0.0007053280476932385,0.8789994581227029,0.009973786520585096,7,2
10,7,3,10388.189400000001,8,105.6774974172463,161529.0,8,106.72425633149196,0.06431160596549228,0.0006556107808635013,10388.189400000001,8,105.6774974172463,102363.0,8,106.72425633149196,0.10148383107177399,0.001037787736305803,0.7155446472274737,0.07261621210354505,0.0007425834596719343,0.8856370237790557,0.012788100026267736,7,3
10,7,4,6313.8852,8,82.10485835150317,115354.0,8,81.91857971190723,0.05473486138322035,0.0007128248603809524,6313.8852,8,82.10485835150317,73299.0,8,81.91857971190723,0.0861387631482012,0.0011242653276991943,0.7155446472274737,0.061636130889490534,0.0008044620372986001,0.888032077830393,0.01637339251187466,7,4
10,7,5,7485.107,8,89.48436477837902,131974.0,8,89.32864203182538,0.05671652749784049,0.0006791313031247632,7485.107,8,89.48436477837902,84735.0,8,89.32864203182538,0.08833548120611318,0.0010601476043774452,0.7155446472274737,0.06320798073729739,0.0007585829435833104,0.8973001009724321,0.015212160948601668,7,5
10,7,6,3281.2369,8,58.83024338238029,55337.0,8,57.71544921403974,0.059295532826138024,0.0010649239979882309,3281.2369,8,58.83024338238029,36151.0,8,57.71544921403974,0.0907647616940057,0.0016337864746175908,0.7155446472274737,0.06494623938702303,0.0011690471666252619,0.9129940915098761,0.02321511559874129,7,6
10,7,7,1170.0168,8,35.240424307655545,20518.0,8,35.42078373860325,0.05702392046008383,0.0017203558317508002,1170.0168,8,35.240424307655545,13660.0,8,35.42078373860325,0.08565276720351392,0.002589368861996805,0.7155446472274737,0.06128837909269529,0.001852809028899309,0.9304197843744292,0.03973756570648689,7,7
10,7,8,460.74379999999996,8,22.45397866636334,7682.0,8,19.56916614194381,0.059977063264774796,0.0029269244008258343,460.74379999999996,8,22.45397866636334,5129.0,8,19.56916614194381,0.08983111717683759,0.004391243370655739,0.7155446472274737,0.0642781750503501,0.0031421306885458435,0.9330859691924019,0.06445112087315205,7,8
10,7,9,0.0,8,0.0,829.0,8,0.0,0.0,,0.0,8,0.0,540.0,8,0.0,0.0,,0.7155446472274737,0.0,,,,7,9
10,7,10,0.0,8,0.0,22.0,8,0.0,0.0,,0.0,8,0.0,17.0,8,0.0,0.0,,0.7155446472274737,0.0,,,,7,10
10,7,11,0.0,8,0.0,0.0,8,0.0,,,0.0,8,0.0,0.0,8,0.0,,,0.7155446472274737,,,,,7,11
10,8,1,458.8064,8,22.756191407175326,7665.0,8,26.621303438406244,0.059857325505544685,0.0029761140408232,458.8064,8,22.756191407175326,5126.0,8,26.621303438406244,0.08950573546625049,0.0044636360783856695,0.7155446472274737,0.06404534990903378,0.0031939309030602978,0.9346084546428817,0.06581589201400942,8,1
10,8,2,115.4662,8,11.513960882502598,3589.0,8,14.176406451516549,0.03217224853719699,0.003210640990884207,115.4662,8,11.513960882502598,2403.0,8,14.176406451516549,0.0480508531002913,0.004799872451209259,0.7155446472274737,0.0343825307306271,0.003434523039837399,0.9357149649411569,0.1321229118238774,8,2
10,8,3,0.0,8,0.0,1593.0,8,0.0,0.0,,0.0,8,0.0,1073.0,8,0.0,0.0,,0.7155446472274737,0.0,,,,8,3
10,8,4,0.0,8,0.0,577.0,8,0.0,0.0,,0.0,8,0.0,421.0,8,0.0,0.0,,0.7155446472274737,0.0,,,,8,4
10,8,5,0.0,8,0.0,186.0,8,4.02223,0.0,,0.0,8,0.0,137.0,8,4.02223,0.0,,0.7155446472274737,0.0,,,,8,5
10,8,6,0.0,8,0.0,0.0,8,0.0,,,0.0,8,0.0,0.0,8,0.0,,,0.7155446472274737,,,,,8,6
10,8,7,0.0,8,0.0,0.0,8,0.0,,,0.0,8,0.0,0.0,8,0.0,,,0.7155446472274737,,,,,8,7
10,8,8,0.0,8,0.0,0.0,8,0.0,,,0.0,8,0.0,0.0,8,0.0,,,0.7155446472274737,,,,,8,8
10,8,9,0.0,8,0.0,0.0,8,0.0,,,0.0,8,0.0,0.0,8,0.0,,,0.7155446472274737,,,,,8,9
10,8,10,0.0,8,0.0,0.0,8,0.0,,,0.0,8,0.0,0.0,8,0.0,,,0.7155446472274737,,,,,8,10
10,8,11,0.0,8,0.0,0.0,8,0.0,,,0.0,8,0.0,0.0,8,0.0,,,0.7155446472274737,,,,,8,11
11,1,1,40.7223,8,10.3036,52739020.0,8,11.071535857328016,7.721474536311065e-07,1.9536957645408555e-07,40.7223,8,10.3036,31155920.0,8,11.071535857328016,1.3070485480768984e-06,3.3071082478097777e-07,0.716506978260699,9.365094056226124e-07,2.3695661374192187e-07,0.8244951401398534,0.29502565915273127,1,1
11,1,2,39.638,8,8.124679494115444,19386520.0,8,8.124679494115444,2.044616568626035e-06,4.190891141954527e-07,39.638,8,8.124679494115444,11527310.0,8,8.124679494115444,3.4386166416969786e-06,7.048200746022687e-07,0.716506978260699,2.463792819339255e-06,5.050085018707519e-07,0.8298654629468255,0.2405565534922758,1,2
11,1,3,15.4417,8,4.2788,9110030.0,8,4.2788,1.6950218605207668e-06,4.696801218004932e-07,15.4417,8,4.2788,5429250.0,8,4.2788,2.8441681631901276e-06,7.881014873172734e-07,0.716506978260699,2.0378663362726407e-06,5.646802152404622e-07,0.8317630211317227,0.3259428679915667,1,3
11,1,4,0.0,8,0.0,4685619.0,8,0.0,0.0,,0.0,8,0.0,2803970.0,8,0.0,0.0,,0.716506978260699,0.0,,,,1,4
11,1,5,0.0,8,0.0,3654736.0,8,0.0,0.0,,0.0,8,0.0,2207169.0,8,0.0,0.0,,0.716506978260699,0.0,,,,1,5
11,1,6,0.0,8,0.0,787031.0,8,0.0,0.0,,0.0,8,0.0,489140.0,8,0.0,0.0,,0.716506978260699,0.0,,,,1,6
11,1,7,0.0,8,0.0,107273.0,8,0.0,0.0,,0.0,8,0.0,68784.0,8,0.0,0.0,,0.716506978260699,0.0,,,,1,7
11,1,8,0.0,8,0.0,7491.0,8,0.0,0.0,,0.0,8,0.0,4982.0,8,0.0,0.0,,0.716506978260699,0.0,,,,1,8
11,1,9,0.0,8,0.0,0.0,8,0.0,,,0.0,8,0.0,0.0,8,0.0,,,0.716506978260699,,,,,1,9
11,1,10,0.0,8,0.0,0.0,8,0.0,,,0.0,8,0.0,0.0,8,0.0,,,0.716506978260699,,,,,1,10
11,1,11,0.0,8,0.0,0.0,8,0.0,,,0.0,8,0.0,0.0,8,0.0,,,0.716506978260699,,,,,1,11
11,2,1,60683.79,8,575.0890181921056,6991451.0,8,574.3208854159841,0.008679713266959892,8.225912229348869e-05,60683.79,8,575.0890181921056,4113244.0,8,574.3208854159841,0.0147532677370951,0.00013982915536978334,0.716506978260699,0.01057081928577707,0.00010018856558674925,0.8211012819638642,0.011005399953663467,2,1
11,2,2,32083.478,8,273.247382684702,5100070.0,8,271.3382840958865,0.006290791695015951,5.357822816157676e-05,32083.478,8,273.247382684702,3003289.0,8,271.3382840958865,0.010682780778007045,9.098783263475147e-05,0.716506978260699,0.007654286974671307,6.5193417019616e-05,0.8218651477051645,0.009899347852321879,2,2
11,2,3,20351.824,8,167.62432108283093,3685443.0,8,168.29652305603346,0.0055222191741942555,4.548351377207819e-05,20351.824,8,167.62432108283093,2170910.0,8,168.29652305603346,0.009374789374041301,7.721727113819483e-05,0.716506978260699,0.006717102006224843,5.5326713612765056e-05,0.8221133413005682,0.009576202992197493,2,3
11,2,4,14087.4223,8,130.29347271182428,2665912.0,8,138.00511938366634,0.005284278813404194,4.887464910204098e-05,14087.4223,8,130.29347271182428,1572244.0,8,138.00511938366634,0.008960073818058774,8.287475747104747e-05,0.716506978260699,0.006419955416370096,5.938034204966851e-05,0.8231021044055747,0.010766462089154152,2,4
11,2,5,12477.93,8,120.81409150438536,3338012.0,8,120.2892469250049,0.0037381321577034474,3.6193677041682894e-05,12477.93,8,120.81409150438536,1973373.0,8,120.2892469250049,0.006323148234013539,6.122333980884536e-05,0.716506978260699,0.004530579834247516,4.386695020546375e-05,0.8250891264394447,0.01129787372525157,2,5
11,2,6,2061.5908,8,47.16351931429312,1644635.0,8,52.53742101045692,0.0012535248246571427,2.867722339247391e-05,2061.5908,8,47.16351931429312,984053.0,8,52.53742101045692,0.0020949997611917244,4.79279548407843e-05,0.716506978260699,0.0015010819483483684,3.43407140971856e-05,0.8350808735235199,0.027017681311151533,2,6
11,2,7,10.126,8,3.53173,638813.0,8,15.260524542390408,1.5851274160043705e-05,5.528581929741858e-06,10.126,8,3.53173,391546.0,8,15.260524542390408,2.5861584590316336e-05,9.019961950961505e-06,0.716506978260699,1.8530005827841014e-05,6.462865681509907e-06,0.8554381637715105,0.4219424232033013,2,7
11,2,8,0.0,8,0.0,203944.0,8,0.0,0.0,,0.0,8,0.0,129046.0,8,0.0,0.0,,0.716506978260699,0.0,,,,2,8
11,2,9,0.0,8,0.0,14477.0,8,0.0,0.0,,0.0,8,0.0,9546.0,8,0.0,0.0,,0.716506978260699,0.0,,,,2,9
11,2,10,0.0,8,0.0,177.0,8,0.0,0.0,,0.0,8,0.0,119.0,8,0.0,0.0,,0.716506978260699,0.0,,,,2,10
11,2,11,0.0,8,0.0,0.0,8,0.0,,,0.0,8,0.0,0.0,8,0.0,,,0.716506978260699,,,,,2,11
11,3,1,118804.2,8,603.9980954142156,3698370.0,8,615.4583447066096,0.03212339490099692,0.00016340214298389875,118804.2,8,603.9980954142156,2169332.0,8,615.4583447066096,0.05476533790125255,0.0002788590362456317,0.716506978260699,0.03923974677305259,0.0001998044454210483,0.8186442967327522,0.005892071143387253,3,1
11,3,2,79532.29,8,379.3720400344891,2913417.0,8,372.14850640169175,0.027298629066831146,0.00013026217692665577,79532.29,8,379.3720400344891,1708144.0,8,372.14850640169175,0.046560647111718916,0.00022232759197525267,0.716506978260699,0.03336102856788046,0.00015929927111016593,0.8182789991407486,0.005523856391667836,3,2
11,3,3,49093.55,8,260.9944729318803,2255411.0,8,259.3511338438681,0.02176700831910459,0.0001157463183259864,49093.55,8,260.9944729318803,1324095.0,8,259.3511338438681,0.03707706018072721,0.00019724533096408884,0.716506978260699,0.026565972352882942,0.00014132765606511078,0.8193567331158663,0.006163011631653026,3,3
11,3,4,35935.726,8,203.4100260540517,1721636.0,8,212.8448002619749,0.020873010322739534,0.00011817744126320877,35935.726,8,203.4100260540517,1012464.0,8,212.8448002619749,0.035493337047045624,0.00020104444671980537,0.716506978260699,0.02543122367596718,0.00014404974901530184,0.8207631134346393,0.006573251082200861,3,4
11,3,5,47539.66,8,234.2118831188119,2243419.0,8,235.1269593686781,0.02119071827420558,0.00010442314826455059,47539.66,8,234.2118831188119,1325465.0,8,235.1269593686781,0.0358664016024565,0.00017681618023316053,0.716506978260699,0.0256985270332608,0.00012669002700646097,0.824588827475563,0.005747713528945899,3,5
11,3,6,20717.367,8,150.4417338837199,1179844.0,8,150.21952810447115,0.017559412091768062,0.00012752945026291683,20717.367,8,150.4417338837199,702077.0,8,150.21952810447115,0.029508682096123357,0.00021437395879129214,0.716506978260699,0.021143176641148936,0.00015360043743133233,0.8305001840449019,0.00853131749814821,3,6
11,3,7,7438.162,8,89.13972593002515,575581.0,8,87.53600149384252,0.012922876189450313,0.00015488159516512549,7438.162,8,89.13972593002515,347189.0,8,87.53600149384252,0.02142395640414875,0.00025680379050371105,0.716506978260699,0.015350414265525572,0.00018400170793970758,0.841858464919276,0.01427004276781838,3,7
11,3,8,2500.6241,8,51.548262311255456,286805.0,8,52.55450011787764,0.008718899949443002,0.0001797398889150311,2500.6241,8,51.548262311255456,177273.0,8,52.55450011787764,0.014106062965031335,0.0002908146913223019,0.716506978260699,0.010107092550229757,0.00020837075571316044,0.862651638551069,0.025150527566586516,3,8
11,3,9,133.9976,8,12.446793848718633,46828.0,8,15.113571190985935,0.0028614845818740924,0.00026579971344671045,133.9976,8,12.446793848718633,29957.0,8,15.113571190985935,0.004472997963748039,0.00041549479037568697,0.716506978260699,0.003204934254771367,0.000297704916735146,0.8928372173669517,0.1172876469274882,3,9
11,3,10,0.0,8,0.0,3562.0,8,0.0,0.0,,0.0,8,0.0,2342.0,8,0.0,0.0,,0.716506978260699,0.0,,,,3,10
11,3,11,0.0,8,0.0,0.0,8,0.0,,,0.0,8,0.0,0.0,8,0.0,,,0.716506978260699,,,,,3,11
11,4,1,129708.78,8,507.09863394314124,2361039.0,8,526.608226871742,0.0549371611396508,0.0002151269898679558,129708.78,8,507.09863394314124,1385708.0,8,526.608226871742,0.09360469882543797,0.00036767398885215885,0.716506978260699,0.06706841990641736,0.00026344097873751826,0.8191211484675847,0.0045431924790149455,4,1
11,4,2,77466.94,8,330.8668728999626,1898466.0,8,330.5709007825855,0.04080501836746089,0.00017442594232387203,77466.94,8,330.8668728999626,1113329.0,8,330.5709007825855,0.06958135465796723,0.00029790424359292164,0.716506978260699,0.04985552616926611,0.00021345046938780348,0.8184653037041961,0.004951721352287453,4,2
11,4,3,53274.78999999999,8,269.5275602323814,1496925.0,8,258.6972285712006,0.03558948511114451,0.00018015916997882246,53274.78999999999,8,269.5275602323814,880307.0,8,258.6972285712006,0.06051842141434749,0.00030669059539998396,0.716506978260699,0.0433618712567017,0.00021974595177101715,0.8207552875302644,0.00587898816814004,4,3
11,4,4,38426.6,8,208.96027674495934,1150754.0,8,211.80358512893494,0.0333925408905813,0.00018168951515993306,38426.6,8,208.96027674495934,679418.0,8,211.80358512893494,0.05655811297316232,0.0003080627321787704,0.716506978260699,0.040524282622527774,0.0002207290973481458,0.8240131281686927,0.006343976685645082,4,4
11,4,5,52210.09,8,241.61212768532542,1508469.0,8,243.2770635813208,0.03461131120361108,0.00016026766429815976,52210.09,8,241.61212768532542,896086.0,8,243.2770635813208,0.058264597371234454,0.00027009410936172315,0.716506978260699,0.041746990602039465,0.000193524314144783,0.8290732027500974,0.005432217109853856,4,5
11,4,6,28651.43,8,175.74480770293044,800868.0,8,175.14696968668912,0.03577547111384148,0.00021958234675074125,28651.43,8,175.74480770293044,478611.0,8,175.14696968668912,0.059863709776833376,0.00036785050119974254,0.716506978260699,0.04289276579967435,0.0002635674510663111,0.8340677139107009,0.007243964988606036,4,6
11,4,7,12914.446,8,117.54843952018248,387117.0,8,113.89360173104546,0.03336057574325075,0.0003038095217420057,12914.446,8,117.54843952018248,233620.0,8,113.89360173104546,0.055279710641212225,0.0005038820681499379,0.716506978260699,0.03960829843066078,0.00036103501804986363,0.8422622800030797,0.010852453468300998,4,7
11,4,8,6329.7469,8,81.94857409785786,196824.0,8,76.94466711680089,0.03215942618786327,0.00041654435021810205,6329.7469,8,81.94857409785786,122072.0,8,76.94466711680089,0.05185256979487516,0.0006721085960396952,0.716506978260699,0.037152728098777996,0.00048157049921144276,0.8656006660496364,0.015861479655152375,4,8
11,4,9,1069.228,8,34.04625197609863,35094.0,8,32.15238247161476,0.03046754430956859,0.0009705460195676864,1069.228,8,34.04625197609863,22525.0,8,32.15238247161476,0.04746850166481687,0.0015130052663567231,0.716506978260699,0.034011512690420895,0.0010840788314897796,0.8958009185563087,0.04036763792790053,4,9
11,4,10,23.88404,8,5.391343401899011,3335.0,8,8.190052377201258,0.007161631184407795,0.0016166903900819063,23.88404,8,5.391343401899011,2177.0,8,8.190052377201258,0.010971079467156636,0.002476845252246767,0.716506978260699,0.0078608549972704,0.0017746769073066898,0.9110499032095869,0.2908635992145301,4,10
11,4,11,0.0,8,0.0,0.0,8,0.0,,,0.0,8,0.0,0.0,8,0.0,,,0.716506978260699,,,,,4,11
11,5,1,107015.19,8,386.52319480072606,1401283.0,8,397.1291247321959,0.07636943429699783,0.00027668303425574983,107015.19,8,386.52319480072606,830447.0,8,397.1291247321959,0.1288645633014509,0.0004695017650339991,0.716506978260699,0.09233235885600716,0.0003364012909525754,0.8271145158989862,0.004249789404956756,5,1
11,5,2,57607.82,8,267.9216664235836,1088891.0,8,271.14965265884075,0.05290503824533401,0.00024640246792490033,57607.82,8,267.9216664235836,647202.0,8,271.14965265884075,0.08901057166077979,0.000415645431866482,0.716506978260699,0.06377669573392274,0.00029781285241451625,0.8295355793604386,0.005470984398922855,5,2
11,5,3,37616.740000000005,8,208.2229139242845,837697.0,8,213.94135193049988,0.044904947731697745,0.00024883033054872615,37616.740000000005,8,208.2229139242845,499070.0,8,213.94135193049988,0.07537367503556616,0.00041847113870662427,0.716506978260699,0.05400576414013739,0.0002998374910839972,0.8314843507292239,0.006522242637524779,5,3
11,5,4,27168.047,8,173.6582246439828,633825.0,8,175.14706105407535,0.042863640594801404,0.0002742404077657882,27168.047,8,173.6582246439828,378187.0,8,175.14706105407535,0.07183760150401786,0.0004603898023374883,0.716506978260699,0.05147214277914008,0.0003298725060948742,0.8327541516723603,0.007541196265535446,5,4
11,5,5,36842.532,8,203.33238809132203,820501.0,8,200.19753235487195,0.044902482751392137,0.00024805698219029966,36842.532,8,203.33238809132203,490844.0,8,200.19753235487195,0.0750595545631606,0.00041538021752106575,0.716506978260699,0.053780694629644264,0.0002976228244852907,0.8349182371222406,0.006528595187625478,5,5
11,5,6,20140.264,8,146.45104771687363,411724.0,8,143.16811402599393,0.048916905499800836,0.0003561084688386714,20140.264,8,146.45104771687363,248805.0,8,143.16811402599393,0.08094798737967485,0.0005904578982947955,0.716506978260699,0.05799979783369602,0.00042306720449736707,0.8433978621798175,0.008691625846207978,5,6
11,5,7,9175.006,8,97.99416500593287,174748.0,8,92.40751891783482,0.05250421177924783,0.000561461073656582,9175.006,8,97.99416500593287,107569.0,8,92.40751891783482,0.08529414608297929,0.000913930848509907,0.716506978260699,0.06111385087324213,0.0006548378306050701,0.8591213125834308,0.01300558030095154,5,7
11,5,8,3899.7312,8,64.30780089905501,73081.0,8,62.03891263870201,0.05336176571201817,0.0008811176011010053,3899.7312,8,64.30780089905501,46055.0,8,62.03891263870201,0.08467552274454457,0.0014009772011067249,0.716506978260699,0.060670602934338715,0.001003809940977111,0.8795324775290169,0.020559178018790418,5,8
11,5,9,323.2018,8,18.872550691631485,9422.0,8,22.80628409973225,0.034302886860539165,0.0020047504208395494,323.2018,8,18.872550691631485,6035.0,8,22.80628409973225,0.053554565037282516,0.0031337252073639255,0.716506978260699,0.03837221956692937,0.0022453359790277085,0.8939510731378878,0.07393089113440117,5,9
11,5,10,0.0,8,0.0,409.0,8,0.0,0.0,,0.0,8,0.0,271.0,8,0.0,0.0,,0.716506978260699,0.0,,,,5,10
11,5,11,0.0,8,0.0,0.0,8,0.0,,,0.0,8,0.0,0.0,8,0.0,,,0.716506978260699,,,,,5,11
11,6,1,58402.799999999996,8,269.68226501180976,586777.0,8,277.13062977381264,0.09953150856287822,0.00046199699010544636,58402.799999999996,8,269.68226501180976,351124.0,8,277.13062977381264,0.16633098278670783,0.0007791929096733283,0.716506978260699,0.11917730986763636,0.0005582971571921982,0.835154851820555,0.0055076506424632556,6,1
11,6,2,31814.03,8,191.34384479300607,440769.0,8,190.97624970584693,0.07217846536394347,0.00043523867151091454,31814.03,8,191.34384479300607,263983.0,8,190.97624970584693,0.12051544985851362,0.0007300586652071986,0.716506978260699,0.08635016081185237,0.0005230921281606492,0.8358810763677964,0.0071446213261964495,6,2
11,6,3,17734.874,8,140.5660351048574,320133.0,8,140.90143652848258,0.05539845626661419,0.00043976283813060334,17734.874,8,140.5660351048574,192434.0,8,140.90143652848258,0.0921608135776422,0.0007335739521875746,0.716506978260699,0.06603386605056402,0.0005256108558126776,0.8389400709053443,0.009430961378281642,6,3
11,6,4,11069.641,8,109.29013915317339,221377.0,8,109.64233173874952,0.05000357309024876,0.0004943041371700903,11069.641,8,109.29013915317339,134288.0,8,109.64233173874952,0.08243209370904325,0.000816627065613886,0.716506978260699,0.05906317037516935,0.000585118991148907,0.8466117340573828,0.011848410889323924,6,4
11,6,5,12428.604,8,115.75965014010711,238063.0,8,115.89023921055474,0.05220720565564577,0.00048692008101400655,12428.604,8,115.75965014010711,146199.0,8,115.89023921055474,0.08501155274659881,0.0007946575108064471,0.716506978260699,0.06091137077571554,0.0005693776518200962,0.8571011453326217,0.011317806399744458,6,5
11,6,6,4731.8122,8,70.5451701696693,84364.0,8,71.56294032690734,0.05608804940495946,0.0008375523412150605,4731.8122,8,70.5451701696693,52969.0,8,71.56294032690734,0.0893317261039476,0.0013372772612274873,0.716506978260699,0.0640068051335519,0.0009581684895388503,0.8762825966384394,0.018528425933949846,6,6
11,6,7,1387.7289999999998,8,38.501280307023556,23538.0,8,37.727236890607294,0.058956963208428914,0.0016384347467478001,1387.7289999999998,8,38.501280307023556,15065.0,8,37.727236890607294,0.09211609691337536,0.002566067640275952,0.716506978260699,0.06600182624857227,0.0018386053709466847,0.8932626043768637,0.03514860391461143,6,7
11,6,8,241.2944,8,16.31408164961485,5344.0,8,17.8322613725405,0.04515239520958084,0.003056500529512438,241.2944,8,16.31408164961485,3496.0,8,17.8322613725405,0.06902013729977116,0.0046797605568272005,0.716506978260699,0.049453410015797596,0.0033530810955558635,0.9130289538205186,0.0874773425282492,6,8
11,6,9,0.0,8,0.0,111.0,8,0.0,0.0,,0.0,8,0.0,70.0,8,0.0,0.0,,0.716506978260699,0.0,,,,6,9
11,6,10,0.0,8,0.0,0.0,8,0.0,,,0.0,8,0.0,0.0,8,0.0,,,0.716506978260699,,,,,6,10
11,6,11,0.0,8,0.0,0.0,8,0.0,,,0.0,8,0.0,0.0,8,0.0,,,0.716506978260699,,,,,6,11
11,7,1,8553.502,8,97.68598012478556,77616.0,8,107.25565544585515,0.11020281900639044,0.00126776021014731,8553.502,8,97.68598012478556,48367.0,8,107.25565544585515,0.17684582463249737,0.002057403315942074,0.716506978260699,0.1267112674254522,0.0014741438329691975,0.8697160185160792,0.014229534579307826,7,1
11,7,2,3467.689,8,61.262542243282724,42252.0,8,65.9338499664626,0.08207159424405945,0.001455577646651044,3467.689,8,61.262542243282724,26751.0,8,65.9338499664626,0.1296283877238234,0.0023122825029352847,0.716506978260699,0.09287964438480299,0.0016567665490632467,0.8836338122057672,0.022227087389334734,7,2
11,7,3,1161.17508,8,35.384369190525355,21454.0,8,39.27424020916254,0.05412394332059289,0.0016522867775602597,1161.17508,8,35.384369190525355,13784.0,8,39.27424020916254,0.0842407922228671,0.002578257922450671,0.716506978260699,0.06035911548189389,0.0018473397931918379,0.8966987486227929,0.03876253985649399,7,3
11,7,4,468.0108,8,22.65207874907952,10061.0,8,22.119020482216204,0.04651732432163801,0.002253795328090267,468.0108,8,22.65207874907952,6595.0,8,22.119020482216204,0.07096448824867324,0.0034429716773571807,0.716506978260699,0.05084655103887375,0.002466913232780364,0.9148570231651324,0.06272844011133728,7,4
11,7,5,155.404,8,13.011459773438183,5989.0,8,19.24321189581147,0.025948238437134747,0.002174158847432678,155.404,8,13.011459773438183,3837.0,8,19.24321189581147,0.04050143341151941,0.0033971282178069076,0.716506978260699,0.029019559668914688,0.002434066074104981,0.8941637548322315,0.10600946636024897,7,5
11,7,6,0.0,8,0.0,509.0,8,3.49655,0.0,,0.0,8,0.0,338.0,8,3.49655,0.0,,0.716506978260699,0.0,,,,7,6
11,7,7,0.0,8,0.0,3.0,8,0.0,0.0,,0.0,8,0.0,1.0,8,0.0,0.0,,0.716506978260699,0.0,,,,7,7
11,7,8,0.0,8,0.0,0.0,8,0.0,,,0.0,8,0.0,0.0,8,0.0,,,0.716506978260699,,,,,7,8
11,7,9,0.0,8,0.0,0.0,8,0.0,,,0.0,8,0.0,0.0,8,0.0,,,0.716506978260699,,,,,7,9
11,7,10,0.0,8,0.0,0.0,8,0.0,,,0.0,8,0.0,0.0,8,0.0,,,0.716506978260699,,,,,7,10
11,7,11,0.0,8,0.0,0.0,8,0.0,,,0.0,8,0.0,0.0,8,0.0,,,0.716506978260699,,,,,7,11
11,8,1,0.0,8,0.0,19.5868,8,5.226305812340108,0.0,,0.0,8,0.0,19.5868,8,5.226305812340108,0.0,,0.716506978260699,0.0,,,,8,1
11,8,2,0.0,8,0.0,19.70018,8,4.804854307062806,0.0,,0.0,8,0.0,19.70018,8,4.804854307062806,0.0,,0.716506978260699,0.0,,,,8,2
11,8,3,0.0,8,0.0,0.0,8,0.0,,,0.0,8,0.0,0.0,8,0.0,,,0.716506978260699,,,,,8,3
11,8,4,0.0,8,0.0,0.0,8,0.0,,,0.0,8,0.0,0.0,8,0.0,,,0.716506978260699,,,,,8,4
11,8,5,0.0,8,0.0,0.0,8,0.0,,,0.0,8,0.0,0.0,8,0.0,,,0.716506978260699,,,,,8,5
11,8,6,0.0,8,0.0,0.0,8,0.0,,,0.0,8,0.0,0.0,8,0.0,,,0.716506978260699,,,,,8,6
11,8,7,0.0,8,0.0,0.0,8,0.0,,,0.0,8,0.0,0.0,8,0.0,,,0.716506978260699,,,,,8,7
11,8,8,0.0,8,0.0,0.0,8,0.0,,,0.0,8,0.0,0.0,8,0.0,,,0.716506978260699,,,,,8,8
11,8,9,0.0,8,0.0,0.0,8,0.0,,,0.0,8,0.0,0.0,8,0.0,,,0.716506978260699,,,,,8,9
11,8,10,0.0,8,0.0,0.0,8,0.0,,,0.0,8,0.0,0.0,8,0.0,,,0.716506978260699,,,,,8,10
11,8,11,0.0,8,0.0,0.0,8,0.0,,,0.0,8,0.0,0.0,8,0.0,,,0.716506978260699,,,,,8,11
12,1,1,0.0,8,0.0,54614320.0,8,0.0,0.0,,0.0,8,0.0,31557520.0,8,0.0,0.0,,0.7513620239161296,0.0,,,,1,1
12,1,2,0.0,8,0.0,17347670.0,8,0.0,0.0,,0.0,8,0.0,10044560.0,8,0.0,0.0,,0.7513620239161296,0.0,,,,1,2
12,1,3,0.0,8,0.0,6736030.0,8,0.0,0.0,,0.0,8,0.0,3938183.0,8,0.0,0.0,,0.7513620239161296,0.0,,,,1,3
12,1,4,0.0,8,0.0,2641674.0,8,0.0,0.0,,0.0,8,0.0,1566475.0,8,0.0,0.0,,0.7513620239161296,0.0,,,,1,4
12,1,5,0.0,8,0.0,1239089.0,8,0.0,0.0,,0.0,8,0.0,750826.0,8,0.0,0.0,,0.7513620239161296,0.0,,,,1,5
12,1,6,0.0,8,0.0,91764.0,8,0.0,0.0,,0.0,8,0.0,57970.0,8,0.0,0.0,,0.7513620239161296,0.0,,,,1,6
12,1,7,0.0,8,0.0,1659.0,8,0.0,0.0,,0.0,8,0.0,1088.0,8,0.0,0.0,,0.7513620239161296,0.0,,,,1,7
12,1,8,0.0,8,0.0,0.0,8,0.0,,,0.0,8,0.0,0.0,8,0.0,,,0.7513620239161296,,,,,1,8
12,1,9,0.0,8,0.0,0.0,8,0.0,,,0.0,8,0.0,0.0,8,0.0,,,0.7513620239161296,,,,,1,9
12,1,10,0.0,8,0.0,0.0,8,0.0,,,0.0,8,0.0,0.0,8,0.0,,,0.7513620239161296,,,,,1,10
12,1,11,0.0,8,0.0,0.0,8,0.0,,,0.0,8,0.0,0.0,8,0.0,,,0.7513620239161296,,,,,1,11
12,2,1,22714.07,8,309.10678186342017,9032500.0,8,319.57148733108215,0.00251470467755328,3.4221735567485485e-05,22714.07,8,309.10678186342017,5172743.0,8,319.57148733108215,0.004391107387318488,5.9757456945471265e-05,0.7513620239161296,0.0032993113337686873,4.4899483794630264e-05,0.7621907795772705,0.01466882183825617,2,1
12,2,2,9556.901,8,130.41119765234885,6331967.0,8,129.9400982710495,0.0015093099821903682,2.0595708272085057e-05,9556.901,8,130.41119765234885,3632171.0,8,129.9400982710495,0.00263118146144551,3.590459970687254e-05,0.7513620239161296,0.001976969828162298,2.6977352703654226e-05,0.7634461389799533,0.014733033924067392,2,2
12,2,3,5183.1810000000005,8,80.52036519371978,4119055.0,8,81.67585578322642,0.0012583422653982528,1.9548277647529323e-05,5183.1810000000005,8,80.52036519371978,2375183.0,8,81.67585578322642,0.002182223853909362,3.390078257489061e-05,0.7513620239161296,0.0016396401315113946,2.5471760607810466e-05,0.7674502722974539,0.0168606887833731,2,3
12,2,4,3692.934,8,64.77901411715062,2663603.0,8,64.34058422317906,0.0013864430998163015,2.4320094074498257e-05,3692.934,8,64.77901411715062,1542827.0,8,64.34058422317906,0.0023936150974801455,4.19873370025789e-05,0.7513620239161296,0.0017984714841188859,3.154769050910628e-05,0.7709007966259488,0.019123928000036376,2,4
12,2,5,2654.61,8,54.28982761890113,2406296.0,8,53.02145661345414,0.001103193455834195,2.2561588071294273e-05,2654.61,8,54.28982761890113,1419231.0,8,53.02145661345414,0.0018704566064298201,3.825305267609009e-05,0.7513620239161296,0.0014053900614544052,2.8741891079677366e-05,0.7849731445322204,0.022703249491516194,2,5
12,2,6,24.4972,8,5.17687098838671,588560.0,8,14.466941120990299,4.1622264509990485e-05,8.795825444145054e-06,24.4972,8,5.17687098838671,358880.0,8,14.466941120990299,6.826014266607222e-05,1.442507546414847e-05,0.7513620239161296,5.1288078946383774e-05,1.0838453895885497e-05,0.8115387701204823,0.24253541879517757,2,6
12,2,7,0.0,8,0.0,91385.0,8,0.0,0.0,,0.0,8,0.0,57688.0,8,0.0,0.0,,0.7513620239161296,0.0,,,,2,7
12,2,8,0.0,8,0.0,6724.0,8,0.0,0.0,,0.0,8,0.0,4303.0,8,0.0,0.0,,0.7513620239161296,0.0,,,,2,8
12,2,9,0.0,8,0.0,0.0,8,0.0,,,0.0,8,0.0,0.0,8,0.0,,,0.7513620239161296,,,,,2,9
12,2,10,0.0,8,0.0,0.0,8,0.0,,,0.0,8,0.0,0.0,8,0.0,,,0.7513620239161296,,,,,2,10
12,2,11,0.0,8,0.0,0.0,8,0.0,,,0.0,8,0.0,0.0,8,0.0,,,0.7513620239161296,,,,,2,11
12,3,1,100818.05,8,580.6738388837575,4741793.0,8,593.64940155954,0.021261588179829868,0.000122487633303304,100818.05,8,580.6738388837575,2720931.0,8,593.64940155954,0.03705277715605431,0.00021356304470511093,0.7513620239161296,0.0278400496356863,0.00016046316150332302,0.763705110373656,0.006223599826163016,3,1
12,3,2,51370.18,8,301.7425846296309,3484451.0,8,297.1541285828114,0.014742689737924282,8.660600612770374e-05,51370.18,8,301.7425846296309,2005058.0,8,297.1541285828114,0.02562029627073132,0.00015053859401670678,0.7513620239161296,0.019250117659307554,0.00011310898267788137,0.7658493313570007,0.006363203859081558,3,2
12,3,3,26658.898,8,184.05496003224144,2494436.0,8,184.78785527642233,0.010687344954931696,7.3790449994712e-05,26658.898,8,184.05496003224144,1442121.0,8,184.78785527642233,0.018485895427637487,0.0001276499382851411,0.7513620239161296,0.013889599802411627,9.591131598269265e-05,0.7694494518896124,0.007513638880518306,3,3
12,3,4,17817.1923,8,141.8665453676095,1731224.0,8,144.42899727952835,0.010291673578924507,8.195030346465567e-05,17817.1923,8,141.8665453676095,1003515.0,8,144.42899727952835,0.01775478423341953,0.00014139272357761398,0.7513620239161296,0.013340270615816285,0.0001062371229542899,0.7714741233751774,0.008688093274710327,3,4
12,3,5,20755.079999999998,8,151.23306669128283,1744235.0,8,153.62127743238727,0.011899245227850604,8.671085823205589e-05,20755.079999999998,8,151.23306669128283,1025766.0,8,153.62127743238727,0.0202337375190833,0.00014746541268014816,0.7513620239161296,0.015202861973726155,0.0001107999109289834,0.782697708393004,0.008066648374943513,3,5
12,3,6,6136.44,8,80.87526341372867,562924.0,8,78.83965732637351,0.010901009727778526,0.00014367806261421555,6136.44,8,80.87526341372867,337568.0,8,78.83965732637351,0.01817838183714096,0.00023961975355711438,0.7513620239161296,0.013658545768674443,0.00018004118300295766,0.7981091041756245,0.014877255777056278,3,6
12,3,7,980.0514000000001,8,32.456057473143595,138976.0,8,33.224816424630546,0.007051947098779646,0.00023354322447348072,980.0514000000001,8,32.456057473143595,85776.0,8,33.224816424630546,0.011425706491326246,0.0003784074503531556,0.7513620239161296,0.008584841953994548,0.0002843209877622893,0.8214416918296741,0.038473275301687114,3,7
12,3,8,38.81,8,6.444724925433203,24871.0,8,11.446377125051402,0.00156045193196896,0.00025912708282505443,38.81,8,6.444724925433203,15683.0,8,11.446377125051402,0.0024746540840400433,0.00041094096626250414,0.7513620239161296,0.0018593611010766428,0.00030876543612104506,0.8392409258564123,0.19709033429475165,3,8
12,3,9,0.0,8,0.0,70.0,8,0.0,0.0,,0.0,8,0.0,52.0,8,0.0,0.0,,0.7513620239161296,0.0,,,,3,9
12,3,10,0.0,8,0.0,0.0,8,0.0,,,0.0,8,0.0,0.0,8,0.0,,,0.7513620239161296,,,,,3,10
12,3,11,0.0,8,0.0,0.0,8,0.0,,,0.0,8,0.0,0.0,8,0.0,,,0.7513620239161296,,,,,3,11
12,4,1,126851.8,8,535.9916406213813,2688580.0,8,547.5983629486121,0.04718170930379606,0.00019959011304093252,126851.8,8,535.9916406213813,1553988.0,8,547.5983629486121,0.0816298452755105,0.000346111012861658,0.7513620239161296,0.06133356575816808,0.00026005467112339694,0.7692640843649735,0.004607410741502623,4,1
12,4,2,58027.82,8,292.81975328003404,2023648.0,8,300.85240615931593,0.028674858473410395,0.0001447617403290374,58027.82,8,292.81975328003404,1172253.0,8,300.85240615931593,0.04950110598991856,0.0002501151358875048,0.7513620239161296,0.037193251182672055,0.00018792701471249338,0.7709693979850224,0.005506694835424894,4,2
12,4,3,33961.43,8,201.1262580031757,1442483.0,8,201.8133073305871,0.023543729804787993,0.00013946949428814584,33961.43,8,201.1262580031757,838610.0,8,201.8133073305871,0.04049728717759149,0.00024003081860646887,0.7513620239161296,0.030428123656867867,0.00018035004167040182,0.7737489853231219,0.006483919891392491,4,3
12,4,4,20328.11,8,150.31937430155168,954315.0,8,152.05252175662855,0.021301257970376658,0.00015755202885512167,20328.11,8,150.31937430155168,559056.0,8,152.05252175662855,0.03636149151426691,0.00026906252258890155,0.7513620239161296,0.02732064385676876,0.0002021633615323764,0.7796762800339062,0.008157263201073567,4,4
12,4,5,22385.561,8,156.23151039038189,953870.0,8,155.96410750371382,0.023468146602786545,0.00016383194766456813,22385.561,8,156.23151039038189,565607.0,8,155.96410750371382,0.03957794192787572,0.0002764347080304477,0.7513620239161296,0.029737362549363745,0.00020770254170642154,0.7891804985674046,0.007793292077086283,4,5
12,4,6,8392.87,8,94.77065170009121,308874.0,8,94.77442174695923,0.027172471622732897,0.0003069395114540034,8392.87,8,94.77065170009121,187548.0,8,94.77442174695923,0.0447505172009299,0.0005058198757180066,0.7513620239161296,0.033623839175384265,0.0003800538455564866,0.8081311441266242,0.012913906206999375,4,6
12,4,7,2127.869,8,47.435171675350766,77580.0,8,48.85517929994731,0.027428061356019596,0.000611679490405981,2127.869,8,47.435171675350766,47982.0,8,48.85517929994731,0.044347234379559,0.0009896341384067649,0.7513620239161296,0.033320827778508415,0.000743573509169802,0.8231506593515785,0.02596945526602073,4,7
12,4,8,204.4738,8,14.948539249976902,13991.0,8,20.52992859691431,0.014614666571367308,0.0010686548522799459,204.4738,8,14.948539249976902,8904.0,8,20.52992859691431,0.0229642632524708,0.0016796913625099507,0.7513620239161296,0.017254475315119262,0.001262056301689918,0.8470073012629472,0.08760218178197333,4,8
12,4,9,0.0,8,0.0,30.0,8,0.0,0.0,,0.0,8,0.0,20.0,8,0.0,0.0,,0.7513620239161296,0.0,,,,4,9
12,4,10,0.0,8,0.0,0.0,8,0.0,,,0.0,8,0.0,0.0,8,0.0,,,0.7513620239161296,,,,,4,10
12,4,11,0.0,8,0.0,0.0,8,0.0,,,0.0,8,0.0,0.0,8,0.0,,,0.7513620239161296,,,,,4,11
12,5,1,96242.15,8,407.19730534963026,1271940.0,8,416.7553327805177,0.07566563674387156,0.00032109730480885085,96242.15,8,407.19730534963026,742572.0,8,416.7553327805177,0.1296064893370609,0.0005531640569822404,0.7513620239161296,0.09738139414095835,0.0004156264654118334,0.7770030138852447,0.00467653141064763,5,1
12,5,2,43795.91,8,239.1267235714988,862369.0,8,244.55965020998457,0.050785580186671835,0.00027766426301615037,43795.91,8,239.1267235714988,505052.0,8,244.55965020998457,0.08671564512169044,0.0004753278242699959,0.7513620239161296,0.06515484262382618,0.0003571432760671545,0.7794597936470233,0.0060345807997168694,5,2
12,5,3,21148.54,8,156.8571220908697,557043.0,8,159.01694970901687,0.03796572257437936,0.0002817973842551275,21148.54,8,156.8571220908697,328307.0,8,159.01694970901687,0.06441696339097247,0.0004787934254182726,0.7513620239161296,0.0484004599879723,0.0003597471971600097,0.7844083007437116,0.008239559541483508,5,3
12,5,4,11419.487,8,112.11753933519947,343456.0,8,115.03091766707766,0.03324876257803037,0.00032662918905411383,11419.487,8,112.11753933519947,204010.0,8,115.03091766707766,0.055975133571883724,0.0005504743796258095,0.7513620239161296,0.04205758964954625,0.0004136055439896241,0.7905532118003601,0.01098896948395253,5,4
12,5,5,10620.997,8,107.45915321507051,306950.0,8,108.84242823214667,0.034601716892001956,0.00035030177250625397,10620.997,8,107.45915321507051,185037.0,8,108.84242823214667,0.05739931473164826,0.0005817247827665915,0.7513620239161296,0.04312766528817015,0.000437085910141677,0.8023090668321698,0.011493031461202754,5,5
12,5,6,2748.7873,8,54.161253316179824,79786.0,8,59.22748550845629,0.03445200035093876,0.0006793131292680333,2748.7873,8,54.161253316179824,49540.0,8,59.22748550845629,0.05548621921679451,0.0010952939525177292,0.7513620239161296,0.041690237970184764,0.0008229622809468182,0.8263805156395962,0.023056626576587292,5,6
12,5,7,325.6653,8,19.05276901660491,13993.0,8,26.308860872392405,0.023273443864789536,0.0013622958027600864,325.6653,8,19.05276901660491,8852.0,8,26.308860872392405,0.036790024853140535,0.0021551444318901763,0.7513620239161296,0.02764262753358038,0.0016192936821765801,0.8419403631770119,0.06972281705664023,5,7
12,5,8,0.0,8,0.0,952.0,8,0.0,0.0,,0.0,8,0.0,607.0,8,0.0,0.0,,0.7513620239161296,0.0,,,,5,8
12,5,9,0.0,8,0.0,0.0,8,0.0,,,0.0,8,0.0,0.0,8,0.0,,,0.7513620239161296,,,,,5,9
12,5,10,0.0,8,0.0,0.0,8,0.0,,,0.0,8,0.0,0.0,8,0.0,,,0.7513620239161296,,,,,5,10
12,5,11,0.0,8,0.0,0.0,8,0.0,,,0.0,8,0.0,0.0,8,0.0,,,0.7513620239161296,,,,,5,11
12,6,1,28484.05,8,193.06626754070737,276230.0,8,209.37808492755397,0.10311714875285088,0.0007032897968420668,28484.05,8,193.06626754070737,166019.0,8,209.37808492755397,0.1715710250031623,0.001182875991096352,0.7513620239161296,0.1289119525917409,0.0008887680987119527,0.7999037069853316,0.00775737390567578,6,1
12,6,2,11390.066,8,115.7240196686496,154811.0,8,126.30246118674806,0.07357400959880113,0.000749924196450455,11390.066,8,115.7240196686496,93975.0,8,126.30246118674806,0.12120314977387604,0.0012421615897235502,0.7513620239161296,0.09106744391910929,0.0009333130460855637,0.8079068263314088,0.011677720540050066,6,2
12,6,3,4391.8092,8,69.21241158681657,79880.0,8,76.3603617426607,0.054980085127691536,0.0008680473870600737,4391.8092,8,69.21241158681657,48872.0,8,76.3603617426607,0.08986350466524799,0.0014231409398428986,0.7513620239161296,0.06752002474147728,0.001069294056878263,0.8142782135847988,0.018209168688727153,6,3
12,6,4,1611.3569,8,41.979377613187644,37759.0,8,46.02088371391514,0.04267477687438756,0.0011129874208032483,1611.3569,8,41.979377613187644,23361.0,8,46.02088371391514,0.0689763665938958,0.0018021156641552728,0.7513620239161296,0.05182622240637046,0.0013540412727506659,0.8234205560994542,0.030397489020664636,6,4
12,6,5,789.0488,8,29.322591910564455,21996.0,8,38.65765773451749,0.03587237679578105,0.001334577419778631,789.0488,8,29.322591910564455,13859.0,8,38.65765773451749,0.05693403564470741,0.0021217314664009803,0.7513620239161296,0.04277807225172043,0.001594188448801578,0.8385692694307503,0.04415758217429533,6,5
12,6,6,0.0,8,0.0,1967.0,8,10.666629188051866,0.0,,0.0,8,0.0,1257.0,8,10.666629188051866,0.0,,0.7513620239161296,0.0,,,,6,6
12,6,7,0.0,8,0.0,14.0,8,0.0,0.0,,0.0,8,0.0,9.0,8,0.0,0.0,,0.7513620239161296,0.0,,,,6,7
12,6,8,0.0,8,0.0,0.0,8,0.0,,,0.0,8,0.0,0.0,8,0.0,,,0.7513620239161296,,,,,6,8
12,6,9,0.0,8,0.0,0.0,8,0.0,,,0.0,8,0.0,0.0,8,0.0,,,0.7513620239161296,,,,,6,9
12,6,10,0.0,8,0.0,0.0,8,0.0,,,0.0,8,0.0,0.0,8,0.0,,,0.7513620239161296,,,,,6,10
12,6,11,0.0,8,0.0,0.0,8,0.0,,,0.0,8,0.0,0.0,8,0.0,,,0.7513620239161296,,,,,6,11
12,7,1,155.9715,8,14.011275296538855,3599.0,8,51.085481629324,0.043337454848569046,0.003941402269046565,155.9715,8,14.011275296538855,2525.672,8,51.085481629324,0.061754455843830866,0.005686425030144533,0.7513620239161296,0.04639995292866002,0.004272563819496734,0.9339978192478003,0.12088063516690066,7,1
12,7,2,0.0,8,0.0,783.3926,8,27.67235952908606,0.0,,0.0,8,0.0,690.764,8,27.67235952908606,0.0,,0.7513620239161296,0.0,,,,7,2
12,7,3,0.0,8,0.0,165.4063,8,14.018176899853989,0.0,,0.0,8,0.0,161.4063,8,14.018176899853989,0.0,,0.7513620239161296,0.0,,,,7,3
12,7,4,0.0,8,0.0,0.0,8,0.0,,,0.0,8,0.0,0.0,8,0.0,,,0.7513620239161296,,,,,7,4
12,7,5,0.0,8,0.0,0.0,8,0.0,,,0.0,8,0.0,0.0,8,0.0,,,0.7513620239161296,,,,,7,5
12,7,6,0.0,8,0.0,0.0,8,0.0,,,0.0,8,0.0,0.0,8,0.0,,,0.7513620239161296,,,,,7,6
12,7,7,0.0,8,0.0,0.0,8,0.0,,,0.0,8,0.0,0.0,8,0.0,,,0.7513620239161296,,,,,7,7
12,7,8,0.0,8,0.0,0.0,8,0.0,,,0.0,8,0.0,0.0,8,0.0,,,0.7513620239161296,,,,,7,8
12,7,9,0.0,8,0.0,0.0,8,0.0,,,0.0,8,0.0,0.0,8,0.0,,,0.7513620239161296,,,,,7,9
12,7,10,0.0,8,0.0,0.0,8,0.0,,,0.0,8,0.0,0.0,8,0.0,,,0.7513620239161296,,,,,7,10
12,7,11,0.0,8,0.0,0.0,8,0.0,,,0.0,8,0.0,0.0,8,0.0,,,0.7513620239161296,,,,,7,11
12,8,1,0.0,8,0.0,296.28436,8,19.479422863932598,0.0,,0.0,8,0.0,296.28436,8,19.479422863932598,0.0,,0.7513620239161296,0.0,,,,8,1
12,8,2,0.0,8,0.0,157.6562,8,13.807551858352733,0.0,,0.0,8,0.0,157.6562,8,13.807551858352733,0.0,,0.7513620239161296,0.0,,,,8,2
12,8,3,0.0,8,0.0,31.642500000000002,8,6.128347745240963,0.0,,0.0,8,0.0,31.642500000000002,8,6.128347745240963,0.0,,0.7513620239161296,0.0,,,,8,3
12,8,4,0.0,8,0.0,9.94771,8,3.39757,0.0,,0.0,8,0.0,9.94771,8,3.39757,0.0,,0.7513620239161296,0.0,,,,8,4
12,8,5,0.0,8,0.0,37.594409999999996,8,6.611113399526588,0.0,,0.0,8,0.0,37.594409999999996,8,6.611113399526588,0.0,,0.7513620239161296,0.0,,,,8,5
12,8,6,0.0,8,0.0,0.0,8,0.0,,,0.0,8,0.0,0.0,8,0.0,,,0.7513620239161296,,,,,8,6
12,8,7,0.0,8,0.0,0.0,8,0.0,,,0.0,8,0.0,0.0,8,0.0,,,0.7513620239161296,,,,,8,7
12,8,8,0.0,8,0.0,0.0,8,0.0,,,0.0,8,0.0,0.0,8,0.0,,,0.7513620239161296,,,,,8,8
12,8,9,0.0,8,0.0,0.0,8,0.0,,,0.0,8,0.0,0.0,8,0.0,,,0.7513620239161296,,,,,8,9
12,8,10,0.0,8,0.0,0.0,8,0.0,,,0.0,8,0.0,0.0,8,0.0,,,0.7513620239161296,,,,,8,10
12,8,11,0.0,8,0.0,0.0,8,0.0,,,0.0,8,0.0,0.0,8,0.0,,,0.7513620239161296,,,,,8,11
13,1,1,80792.1847,8,854.6304839997752,65203380.0,8,873.3523583344869,0.0012390797026166434,1.310716053559463e-05,80792.1847,8,854.6304839997752,46445730.0,8,873.3523583344869,0.0017394964983863963,1.8400654575991138e-05,0.7702032427346662,0.0013397658437827994,1.417224382286885e-05,0.9248479563549172,0.013835500802486632,1,1
13,1,2,80829.85,8,534.4712240386941,27155200.0,8,497.8650218724549,0.002976588277751591,1.9682170580078443e-05,80829.85,8,534.4712240386941,19346280.0,8,497.8650218724549,0.004178056453230285,2.7626772268833968e-05,0.7702032427346662,0.003217952628606464,2.1278229587748073e-05,0.9249944363042424,0.008649861476408354,1,2
13,1,3,68580.01,8,357.183005719813,13838730.0,8,336.3684909237041,0.00495565778073566,2.5810670152958356e-05,68580.01,8,357.183005719813,9863600.0,8,336.3684909237041,0.006952837706314124,3.6213011699934445e-05,0.7702032427346662,0.005355098147610997,2.7891379040477917e-05,0.9254093284819561,0.006816306863059943,1,3
13,1,4,41546.77,8,246.35873745105937,7739507.0,8,236.66776841236745,0.005368141665870965,3.183174500790894e-05,41546.77,8,246.35873745105937,5519191.0,8,236.66776841236745,0.007527692011383552,4.4637915070902366e-05,0.7702032427346662,0.005797852797475454,3.438026693652363e-05,0.9258844357360027,0.00776445631100858,1,4
13,1,5,25454.06,8,183.9757620254092,7400921.0,8,186.67507352169437,0.003439309783201307,2.4858646957183147e-05,25454.06,8,183.9757620254092,5276376.0,8,186.67507352169437,0.00482415582210214,3.486824405212818e-05,0.7702032427346662,0.003715580457640388,2.6855634637412866e-05,0.9256453527009535,0.009461654677616834,1,5
13,1,6,679.4978,8,27.354211985356113,2910752.0,8,69.56434661584912,0.00023344407218478248,9.39764597113602e-06,679.4978,8,27.354211985356113,2077425.0,8,69.56434661584912,0.00032708656148838105,1.3167368953727958e-05,0.7702032427346662,0.0002519231303132829,1.0141550266445042e-05,0.92664802908125,0.05275529681667469,1,6
13,1,7,0.0,8,0.0,1212717.0,8,21.535708498860675,0.0,,0.0,8,0.0,865328.0,8,21.535708498860675,0.0,,0.7702032427346662,0.0,,,,1,7
13,1,8,0.0,8,0.0,646780.0,8,0.0,0.0,,0.0,8,0.0,463214.0,8,0.0,0.0,,0.7702032427346662,0.0,,,,1,8
13,1,9,0.0,8,0.0,171236.0,8,6.339267925281279,0.0,,0.0,8,0.0,123195.0,8,6.339267925281279,0.0,,0.7702032427346662,0.0,,,,1,9
13,1,10,0.0,8,0.0,39171.0,8,0.0,0.0,,0.0,8,0.0,28268.0,8,0.0,0.0,,0.7702032427346662,0.0,,,,1,10
13,1,11,0.0,8,0.0,1912.0,8,0.0,0.0,,0.0,8,0.0,1350.0,8,0.0,0.0,,0.7702032427346662,0.0,,,,1,11
13,2,1,125791.81,8,766.012766792434,5906196.0,8,785.7516488274142,0.021298278959926153,0.00012972741715998513,125791.81,8,766.012766792434,4196717.0,8,785.7516488274142,0.029973860520020768,0.00018261292079353484,0.7702032427346662,0.023085964569796585,0.0001406490637604293,0.9225639628586598,0.007947847594349614,2,1
13,2,2,145081.233,8,630.8183874465138,4516684.0,8,599.3710820384647,0.03212118292977769,0.00013972908250513847,145081.233,8,630.8183874465138,3211709.0,8,599.3710820384647,0.04517259596059295,0.00019659289239279631,0.7702032427346662,0.034792079891591575,0.000151416483219519,0.923232615867286,0.005680939693443738,2,2
13,2,3,143583.92,8,499.30641454647866,3385785.0,8,488.9646769843605,0.042407867008684846,0.00014759850549187132,143583.92,8,499.30641454647866,2407210.0,8,488.9646769843605,0.05964744247489833,0.00020777476695072613,0.7702032427346662,0.045940653614996156,0.00016002879926388882,0.9231010808875797,0.004545509691155679,2,3
13,2,4,121547.18,8,420.6557759577895,2504802.0,8,409.8456407363875,0.04852566390477171,0.00016812732225909312,121547.18,8,420.6557759577895,1780124.0,8,409.8456407363875,0.06828017598774018,0.00023682933553394864,0.7702032427346662,0.05258961296025118,0.00018240672220294355,0.922723351119714,0.004523665418564429,2,4
13,2,5,170742.76,8,485.78377610517214,3222521.0,8,463.6628080879466,0.052984219497716235,0.00015093914660365012,170742.76,8,485.78377610517214,2291686.0,8,463.6628080879466,0.074505303082534,0.00021251189351775374,0.7702032427346662,0.05738422603509681,0.00016367734950705802,0.9233237626191998,0.0037221586564653328,2,5
13,2,6,85953.65,8,325.15379863081716,1815020.0,8,323.16658273220327,0.047356861081420586,0.0001793444496655495,85953.65,8,325.15379863081716,1290794.0,8,323.16658273220327,0.06658975018477,0.00025245324460187156,0.7702032427346662,0.05128764152520119,0.00019444030763124935,0.9233581360560489,0.004947942067249079,2,6
13,2,7,35350.45,8,201.69583901203814,1064197.0,8,195.83844775791601,0.03321795682566291,0.00018962722244275773,35350.45,8,201.69583901203814,757387.0,8,195.83844775791601,0.04667422334948976,0.00026657818700539355,0.7702032427346662,0.035948638175899085,0.00020531938407388238,0.9240393659177083,0.0074617919824833965,2,7
13,2,8,14445.133,8,125.97250280803347,852669.0,8,134.15545740103158,0.016941079129181427,0.00014776308625172785,14445.133,8,125.97250280803347,606739.0,8,134.15545740103158,0.023807820166496633,0.00020768895114540653,0.7702032427346662,0.01833686029467949,0.0001599627036523538,0.9238811256088888,0.011396996539728645,2,8
13,2,9,1267.5837,8,36.76748171131388,399726.0,8,51.258752681664035,0.003171131475060416,9.198261064003702e-05,1267.5837,8,36.76748171131388,284701.0,8,51.258752681664035,0.004452333149514754,0.00012914668373101109,0.7702032427346662,0.003429201429491313,9.94691945980531e-05,0.9247434250401619,0.03793410083700122,2,9
13,2,10,0.0,8,0.0,213537.0,8,17.199232001130166,0.0,,0.0,8,0.0,152723.0,8,17.199232001130166,0.0,,0.7702032427346662,0.0,,,,2,10
13,2,11,0.0,8,0.0,69735.0,8,8.553135227418073,0.0,,0.0,8,0.0,50191.0,8,8.553135227418073,0.0,,0.7702032427346662,0.0,,,,2,11
13,3,1,80120.77,8,476.39994584769846,2855994.0,8,483.85472111676245,0.028053549832387604,0.00016687474946167042,80120.77,8,476.39994584769846,2026688.0,8,483.85472111676245,0.03953285853569963,0.00023525268966923866,0.7702032427346662,0.03044833583876668,0.00018119238444529973,0.9213491988836366,0.007752269618535566,3,1
13,3,2,85940.33,8,396.1410353685793,2269481.0,8,401.26499095625076,0.037867834099514386,0.0001746797400522204,85940.33,8,396.1410353685793,1611265.0,8,401.26499095625076,0.0533371791728859,0.0002462157169114365,0.7702032427346662,0.04108046835727662,0.000189636143577429,0.9217965523220921,0.006015601151901194,3,2
13,3,3,83207.519,8,355.9837036384531,1784733.0,8,348.6309361914688,0.04662183026816896,0.0001996682841461549,83207.519,8,355.9837036384531,1267686.0,8,348.6309361914688,0.0656373258046551,0.000281393365443388,0.7702032427346662,0.050554081179177146,0.00021673008254851842,0.9222169443240154,0.005588426961659309,3,3
13,3,4,76289.571,8,315.5710135570439,1389672.0,8,306.14850947576076,0.054897537692347544,0.00022740491860763774,76289.571,8,315.5710135570439,987267.0,8,306.14850947576076,0.0772734944042493,0.0003205379246691705,0.7702032427346662,0.05951629596759189,0.0002468793489996353,0.9223950650800014,0.005407295524381041,3,4
13,3,5,124594.27,8,404.7276268445731,1903823.0,8,398.18163486951534,0.06544425085735386,0.00021302697985840714,124594.27,8,404.7276268445731,1351733.0,8,398.18163486951534,0.09217372809571121,0.0003006424618438475,0.7702032427346662,0.07099250427426018,0.0002315557990158645,0.9218473348190092,0.004247932289860936,3,5
13,3,6,84554.56,8,321.6910931737775,1129906.0,8,313.02063573870015,0.07483326931620861,0.000285459855323057,84554.56,8,321.6910931737775,803041.0,8,313.02063573870015,0.10529295515422002,0.0004026881394918046,0.7702032427346662,0.08109697549689605,0.00031015171084737754,0.9227627646739158,0.004984432319587233,3,6
13,3,7,54939.79,8,254.67212211641854,679318.0,8,245.15935762218012,0.08087492161255848,0.000376028268417333,54939.79,8,254.67212211641854,481652.0,8,245.15935762218012,0.11406532102015564,0.000531925166765535,0.7702032427346662,0.08785348013329455,0.0004096904883349932,0.9205659410401507,0.006062093434005788,3,7
13,3,8,47074.21,8,229.01985545958675,561464.0,8,219.93844000415206,0.08384190259749512,0.00040921773759988126,47074.21,8,229.01985545958675,398823.0,8,219.93844000415206,0.11803283662175952,0.0005779166990016898,0.7702032427346662,0.09090927351525024,0.0004451133156016155,0.9222590760603806,0.006375978981839877,3,8
13,3,9,21687.79,8,152.7784590261664,287054.0,8,144.39250168963068,0.07555299699708069,0.0005335841256482208,21687.79,8,152.7784590261664,203335.0,8,144.39250168963068,0.10666038802960631,0.0007551712704770153,0.7702032427346662,0.08215017673174056,0.0005816353613414549,0.9196936635181833,0.009197199978520637,3,9
13,3,10,9837.876,8,102.26577415342828,183694.0,8,98.52786157199395,0.05355578298692391,0.0005574587025198096,9837.876,8,102.26577415342828,130552.0,8,98.52786157199395,0.07535599607819107,0.0007853954090207826,0.7702032427346662,0.058039432538923554,0.0006049140908567262,0.9227482186530213,0.013592108465500907,3,10
13,3,11,2153.271,8,47.801777666003176,105088.0,8,49.261356584446595,0.02049017014311815,0.00045497519557045386,2153.271,8,47.801777666003176,75125.0,8,49.261356584446595,0.02866250915141431,0.0006365740572444695,0.7702032427346662,0.022075957493331348,0.0004902914031304534,0.9281667691789935,0.02914938931595432,3,11
13,4,1,53113.68,8,331.0741071584729,1595065.0,8,340.6158050496336,0.03329875585007507,0.0002076832801274138,53113.68,8,331.0741071584729,1128727.0,8,340.6158050496336,0.04705626781320904,0.0002936599018982664,0.7702032427346662,0.0362428900607245,0.00022617780870318874,0.9187665717133328,0.00810626074723833,4,1
13,4,2,52481.615,8,289.1346904444882,1301090.0,8,286.37255849312794,0.040336652345341215,0.00022240224999662704,52481.615,8,289.1346904444882,920747.0,8,286.37255849312794,0.05699895302401202,0.0003145218773342269,0.7702032427346662,0.043900778451574966,0.0002422457698338165,0.9188140567902415,0.007167279645542649,4,2
13,4,3,49613.2812,8,257.8209957530418,1053031.0,8,259.7016412246561,0.04711473945211489,0.0002451126108186559,49613.2812,8,257.8209957530418,746291.0,8,259.7016412246561,0.0664798064025963,0.00034624351543090926,0.7702032427346662,0.0512029624676525,0.00026667787836073673,0.9201565140274776,0.006773719669282696,4,3
13,4,4,44789.6186,8,237.97192513434226,845326.0,8,229.5197646223839,0.052985024239169266,0.00028188232460244004,44789.6186,8,237.97192513434226,599168.0,8,229.5197646223839,0.07475302185697501,0.00039820155061069066,0.7702032427346662,0.05757501983845753,0.0003066961255423263,0.9202780022974069,0.006928331660469577,4,4
13,4,5,78291.637,8,313.5396376172238,1213216.0,8,304.9604129988186,0.06453231493814787,0.0002589453544445792,78291.637,8,313.5396376172238,860740.0,8,304.9604129988186,0.09095852057531892,0.00036569029551678254,0.7702032427346662,0.07005654750145848,0.0002816558514436243,0.921146091831094,0.005232321007373582,4,5
13,4,6,57861.998,8,256.3789032980288,765406.0,8,253.1193330060942,0.07559647820895055,0.00033588968831740256,57861.998,8,256.3789032980288,543646.0,8,253.1193330060942,0.10643322676889005,0.000474188096377882,0.7702032427346662,0.0819752163921132,0.00036522120949642313,0.9221869918262716,0.005802552147087354,4,6
13,4,7,40284.743,8,213.19716487772533,476454.0,8,207.53508739615575,0.0845511696826976,0.00044897947873069204,40284.743,8,213.19716487772533,337575.0,8,207.53508739615575,0.11933568244093906,0.0006358019768391658,0.7702032427346662,0.09191272958996563,0.0004896967442986367,0.9199070690196137,0.006919733480934995,4,7
13,4,8,37220.592,8,202.5413802672185,404935.0,8,197.38959410680695,0.09191744847938557,0.0005021852918099057,37220.592,8,202.5413802672185,287023.0,8,197.38959410680695,0.1296780815474718,0.0007112755738621413,0.7702032427346662,0.09987847891947325,0.0005478267534665818,0.9202928345904603,0.007124614747799402,4,8
13,4,9,20073.018,8,147.52667921088036,205943.0,8,143.18705180050324,0.09746880447502464,0.0007195454668739683,20073.018,8,147.52667921088036,146165.0,8,143.18705180050324,0.13733122156467006,0.0010182426368572776,0.7702032427346662,0.1057729521778218,0.0007842537807981724,0.9214908203674176,0.009641516853986757,4,9
13,4,10,13040.697999999999,8,117.77254719182226,128552.0,8,113.50704245367334,0.1014429802725745,0.0009205153411039003,13040.697999999999,8,117.77254719182226,91500.0,8,113.50704245367334,0.14252128961748634,0.0012992174733302063,0.7702032427346662,0.1097703594221145,0.0010006615109764646,0.9241381808952851,0.011886658020530745,4,10
13,4,11,8252.544,8,92.99981984224486,77505.0,8,83.48287880272218,0.10647756918908458,0.0012053889188603307,8252.544,8,92.99981984224486,55397.0,8,83.48287880272218,0.14897095510587216,0.0016937321602606044,0.7702032427346662,0.11473791269582312,0.0013045180021567088,0.9280068522020511,0.014889300729938128,4,11
13,5,1,39584.479999999996,8,240.6039839469829,931750.0,8,246.99125949389384,0.042484013952240406,0.0002584735053879211,39584.479999999996,8,240.6039839469829,659413.0,8,246.99125949389384,0.06002987505554182,0.00036556815263559414,0.7702032427346662,0.04623520442873516,0.00028156177660045603,0.9188672241673189,0.007909764579814113,5,1
13,5,2,33788.3954,8,215.0646645680838,767772.0,8,212.702145369393,0.044008371495704454,0.0002803804769587755,33788.3954,8,215.0646645680838,541752.0,8,212.702145369393,0.062368750646052074,0.00039773442932556686,0.7702032427346662,0.048036613992899116,0.0003063363472137735,0.9161422472909909,0.008258426622061285,5,2
13,5,3,31118.0546,8,193.67147837884673,633112.0,8,191.82577559978247,0.04915094738371725,0.00030626625655973935,31118.0546,8,193.67147837884673,447735.0,8,191.82577559978247,0.06950105441835014,0.0004335819582063268,0.7702032427346662,0.05352993748649178,0.0003339462302017594,0.9181954938041996,0.00809606225688118,5,3
13,5,4,26964.227499999997,8,175.46018546773055,516385.0,8,175.41947510219725,0.05221729426687452,0.0003402483044278299,26964.227499999997,8,175.46018546773055,365795.0,8,175.41947510219725,0.07371404065118439,0.00048096891239882324,0.7702032427346662,0.056774793144617225,0.0003704438159841393,0.9197267198114873,0.00848102211591326,5,4
13,5,5,47069.2014,8,230.87284203844962,766540.0,8,232.67689169537422,0.061404755655282174,0.0003017644304454386,47069.2014,8,230.87284203844962,544014.0,8,232.67689169537422,0.08652204060924902,0.0004259980483641788,0.7702032427346662,0.06663955624526408,0.0003281050782487297,0.9214460466886149,0.006410010470555415,5,5
13,5,6,36230.45,8,199.88533823952673,504561.0,8,201.96188657610622,0.07180588670150884,0.0003971982043391759,36230.45,8,199.88533823952673,357726.0,8,201.96188657610622,0.10127989019528913,0.0005616846334580434,0.7702032427346662,0.07800609985222262,0.0004326113260836174,0.9205163036934333,0.007210335638011686,5,6
13,5,7,26847.498099999997,8,174.963671807214,330128.0,8,168.48489199762096,0.08132451079581253,0.0005316100815573829,26847.498099999997,8,174.963671807214,234196.0,8,168.48489199762096,0.11463687723103724,0.0007516205688527683,0.7702032427346662,0.08829369458032071,0.0005789005994364766,0.9210681598767132,0.008527677605723294,5,7
13,5,8,25721.9109,8,169.8147511172154,291136.0,8,163.94296307371812,0.08835015559738403,0.0005854011736914579,25721.9109,8,169.8147511172154,206405.0,8,163.94296307371812,0.12461864247474624,0.0008286588003361803,0.7702032427346662,0.09598168253924157,0.0006382356951395444,0.9204897565872797,0.008640817546747184,5,8
13,5,9,14381.6062,8,124.19334731187656,149825.0,8,119.0223720560135,0.0959893622559653,0.0008324227803597201,14381.6062,8,124.19334731187656,106374.0,8,119.0223720560135,0.13519850903416247,0.0011772754633736914,0.7702032427346662,0.104130330071004,0.0009067413794823739,0.9218194371468181,0.011328599262279925,5,9
13,5,10,9463.716699999999,8,100.26606137573421,90611.0,8,94.78029019606345,0.10444335345598216,0.0011119350204962521,9463.716699999999,8,100.26606137573421,64836.0,8,94.78029019606345,0.14596391973594916,0.0015611078642663793,0.7702032427346662,0.11242188430289059,0.0012023703393165546,0.9290304472622748,0.014019748394012661,5,10
13,5,11,5896.155,8,78.35939552414887,48063.0,8,70.61210376337756,0.12267555083952313,0.0016402792298271915,5896.155,8,78.35939552414887,34683.0,8,70.61210376337756,0.17000129746561715,0.0022856598919326725,0.7702032427346662,0.13093555057711892,0.001760422660555111,0.936915530570662,0.01776553623014681,5,11
13,6,1,25771.73,8,184.17392379745294,497622.0,8,187.69920426738628,0.05178977215637572,0.0003706232545215697,25771.73,8,184.17392379745294,353506.0,8,187.69920426738628,0.07290323219407874,0.000522428392174881,0.7702032427346662,0.05615030584171776,0.0004023760417497513,0.922341764306076,0.009340957580072421,6,1
13,6,2,20775.6943,8,156.72336587495306,415009.0,8,156.49533108266363,0.050060828319385846,0.0003781100019616169,20775.6943,8,156.72336587495306,293998.0,8,156.49533108266363,0.07066610759256865,0.0005344017922606421,0.7702032427346662,0.0544272652192332,0.00041159799332236396,0.9197748245799356,0.009830715250920385,6,2
13,6,3,18041.6847,8,142.38983431383576,345632.0,8,142.29421394604068,0.05219911553328396,0.00041252959921369935,18041.6847,8,142.38983431383576,245214.0,8,142.29421394604068,0.07357526364726322,0.0005822432606549231,0.7702032427346662,0.056667906646180134,0.00044844564741682724,0.921140705959051,0.010302045731744577,6,3
13,6,4,15233.041,8,129.37290409243352,286480.0,8,130.4150073320168,0.053173139486177044,0.0004522431668582815,15233.041,8,129.37290409243352,202700.0,8,130.4150073320168,0.07515067094227923,0.0006400769946560811,0.7702032427346662,0.05788129045342932,0.0004929893768839732,0.9186585003483915,0.011057548427542245,6,4
13,6,5,25333.9423,8,167.07230955834544,430006.0,8,168.17867319288615,0.05891532280944917,0.00038921749896261837,25333.9423,8,167.07230955834544,305924.0,8,168.17867319288615,0.08281122860579751,0.0005480177518637095,0.7702032427346662,0.06378147680702699,0.0004220850495615907,0.923705843119617,0.008637414321277794,6,5
13,6,6,19393.876,8,144.8920266836654,288718.0,8,146.3081979449887,0.06717238274025174,0.0005029992973401455,19393.876,8,144.8920266836654,205645.0,8,146.3081979449887,0.09430754941768582,0.0007077610900974232,0.7702032427346662,0.0726359803758614,0.0005451198866744576,0.9247811125101115,0.009804216828766138,6,6
13,6,7,14599.7593,8,124.96195352217771,190461.0,8,123.87004817755138,0.07665484954925156,0.0006579939327725212,14599.7593,8,124.96195352217771,136048.0,8,123.87004817755138,0.10731329604257321,0.0009236959377089351,0.7702032427346662,0.08265304860053511,0.0007114336065242601,0.9274291855794328,0.01127393308338154,6,7
13,6,8,14721.2255,8,125.81152868708853,167086.0,8,120.00856821719898,0.08810567911135583,0.0007556291526732494,14721.2255,8,125.81152868708853,119511.0,8,120.00856821719898,0.1231788329107781,0.0010599610468211987,0.7702032427346662,0.09487273654415292,0.0008163854354341187,0.9286722647696817,0.011282568865282483,6,8
13,6,9,7931.457,8,91.50548163405293,83932.0,8,85.92077210465465,0.09449860601439261,0.0010945169568642565,7931.457,8,91.50548163405293,59979.0,8,85.92077210465465,0.13223723303156104,0.0015373408934044321,0.7702032427346662,0.10184954569116803,0.0011840649412887024,0.9278255035219773,0.015226131368838604,6,9
13,6,10,4722.0706,8,70.54648042648478,47841.0,8,65.06621194071774,0.0987034259317322,0.001480700760409695,4722.0706,8,70.54648042648478,34128.0,8,65.06621194071774,0.13836353141115798,0.002083878521209972,0.7702032427346662,0.10656804056909372,0.0016050099945010413,0.9262010017697335,0.019688600876593382,6,10
13,6,11,2096.948,8,47.05022086140936,19158.0,8,43.00729965688848,0.10945547551936527,0.0024681658775050643,2096.948,8,47.05022086140936,13719.0,8,43.00729965688848,0.1528499161746483,0.0034628780407904326,0.7702032427346662,0.11772550108943602,0.002667119896211459,0.929751621411337,0.029719311779414257,6,11
13,7,1,12466.444,8,124.62922622647547,204206.0,8,127.73501063075855,0.06104837272166341,0.0006115047925773055,12466.444,8,124.62922622647547,146238.0,8,127.73501063075855,0.08524763741298431,0.0008554823200303209,0.7702032427346662,0.06565800677094957,0.0006588952569895287,0.9297932685442761,0.01318344757711153,7,1
13,7,2,9765.3335,8,105.45618700734254,168439.0,8,105.06919211561303,0.057975489643134905,0.0006271229914742487,9765.3335,8,105.45618700734254,120482.0,8,105.06919211561303,0.08105221941866836,0.0008781352049505595,0.7702032427346662,0.06242668222710005,0.0006763425824123917,0.9286972745440436,0.01421810866144801,7,2
13,7,3,7832.524299999999,8,94.45059681420547,138460.0,8,93.54564362117618,0.05656885959843998,0.0006832205785339021,7832.524299999999,8,94.45059681420547,99144.0,8,93.54564362117618,0.07900149580408294,0.0009555724897571298,0.7702032427346662,0.06084720824919381,0.00073598503027898,0.9296870181252643,0.015891245000732423,7,3
13,7,4,6394.814,8,84.54229238481767,113378.0,8,85.70793120581082,0.05640260015170492,0.0007468855384393288,6394.814,8,84.54229238481767,81013.0,8,85.70793120581082,0.07893565230271685,0.0010469005961542175,0.7702032427346662,0.06079649537092864,0.0008063262339788336,0.9277278206183448,0.017387191096055975,7,4
13,7,5,10851.435,8,108.1210545821673,167378.0,8,107.88337465851724,0.06483190741913512,0.0006473195187611806,10851.435,8,108.1210545821673,119802.0,8,107.88337465851724,0.09057807883006962,0.0009061763758122248,0.7702032427346662,0.06976353003559584,0.0006979399831401231,0.9293094455807437,0.013135165277777893,7,5
13,7,6,7392.6359999999995,8,89.50511372580898,107817.0,8,87.93099192628273,0.06856651548457107,0.0008320389794547915,7392.6359999999995,8,89.50511372580898,77200.0,8,87.93099192628273,0.09575953367875648,0.0011645117826232707,0.7702032427346662,0.07375430336213772,0.0008969107511791699,0.9296612178398009,0.01597117759853759,7,6
13,7,7,4880.236,8,72.04411792290887,66820.0,8,69.20781790339875,0.07303555821610296,0.001080832345079763,4880.236,8,72.04411792290887,47855.0,8,69.20781790339875,0.10197964684985894,0.0015126737002841351,0.7702032427346662,0.07854505469669744,0.0011650661891582875,0.92985559050319,0.01948314017745889,7,7
13,7,8,4232.927,8,66.82162809225768,51635.0,8,62.0918756152526,0.08197786385203834,0.0012978642381024992,4232.927,8,66.82162809225768,36959.0,8,62.0918756152526,0.11453034443572607,0.0018182032401106202,0.7702032427346662,0.08821164267591446,0.0014003860314838767,0.9293315640115813,0.02083597195718934,7,8
13,7,9,1582.313,8,41.11302399362032,19987.0,8,37.405139181534935,0.0791671086206034,0.002062317084842357,1582.313,8,41.11302399362032,14237.0,8,37.405139181534935,0.11114090047060476,0.0029024846585143822,0.7702032427346662,0.08560108194291058,0.0022355030959753976,0.9248377102686839,0.03411414920332085,7,9
13,7,10,454.3797,8,22.247092065924033,6905.0,8,21.421812015025715,0.06580444605358436,0.003228342856379562,454.3797,8,22.247092065924033,4930.0,8,21.421812015025715,0.0921662677484787,0.00453033065555798,0.7702032427346662,0.07098675829062978,0.0034892753615710227,0.9269960713542051,0.0643775504982504,7,10
13,7,11,0.0,8,0.0,743.0,8,0.0,0.0,,0.0,8,0.0,531.0,8,0.0,0.0,,0.7702032427346662,0.0,,,,7,11
13,8,1,1935.6437,8,47.0844176310178,35045.0,8,46.864069825956214,0.05523309173919247,0.001345570363796453,1935.6437,8,47.0844176310178,25467.0,8,46.864069825956214,0.07600595672831507,0.0018541232410584725,0.7702032427346662,0.058540034339298996,0.0014280517326929448,0.9435097256530559,0.032528241729616617,8,1
13,8,2,1185.6387,8,36.2351271072643,25564.0,8,35.728545301615625,0.04637923251447348,0.0014189092764023401,1185.6387,8,36.2351271072643,18349.0,8,35.728545301615625,0.06461598452231729,0.001978777983961515,0.7702032427346662,0.04976744081158178,0.001524061219899124,0.9319191776419453,0.04034014347067359,8,2
13,8,3,837.9128,8,30.19777895811048,18351.0,8,29.629971817956562,0.04566033458667102,0.001647216514456664,837.9128,8,30.19777895811048,13156.0,8,29.629971817956562,0.06369054423837033,0.0022998394859078297,0.7702032427346662,0.04905466370392854,0.0017713438298154382,0.9308051699682597,0.04751064911629128,8,3
13,8,4,443.978,8,22.209181986286662,12636.0,8,22.022674935166254,0.03513596074707186,0.0017586781916466862,443.978,8,22.209181986286662,8979.0,8,22.022674935166254,0.04944626350373093,0.002476429653542022,0.7702032427346662,0.03808367249168634,0.0019073541495623514,0.9225990680059027,0.06532682911507091,8,4
13,8,5,607.8996,8,26.05485678596219,13601.0,8,23.592740372135662,0.04469521358723623,0.001917225672411636,607.8996,8,26.05485678596219,9721.0,8,23.592740372135662,0.06253467750231458,0.0026845586709932385,0.7702032427346662,0.04816441139564927,0.0020676557937104583,0.9279717594820143,0.056316016318442026,8,5
13,8,6,148.3714,8,13.305805393624244,4871.0,8,12.633801518869925,0.030460151919523712,0.0027327795478997875,148.3714,8,13.305805393624244,3569.0,8,12.633801518869925,0.04157226113757355,0.003731063937394347,0.7702032427346662,0.032019090335971494,0.002873677543431498,0.951312220300762,0.12072268242363123,8,6
13,8,7,0.0,8,0.0,1131.0,8,0.0,0.0,,0.0,8,0.0,803.0,8,0.0,0.0,,0.7702032427346662,0.0,,,,8,7
13,8,8,0.0,8,0.0,193.0,8,0.0,0.0,,0.0,8,0.0,146.0,8,0.0,0.0,,0.7702032427346662,0.0,,,,8,8
13,8,9,0.0,8,0.0,0.0,8,0.0,,,0.0,8,0.0,0.0,8,0.0,,,0.7702032427346662,,,,,8,9
13,8,10,0.0,8,0.0,0.0,8,0.0,,,0.0,8,0.0,0.0,8,0.0,,,0.7702032427346662,,,,,8,10
13,8,11,0.0,8,0.0,0.0,8,0.0,,,0.0,8,0.0,0.0,8,0.0,,,0.7702032427346662,,,,,8,11
14,1,1,31685.447,8,515.2592000567967,41538850.0,8,518.9482398257845,0.0007627906646428584,1.2404275807168557e-05,31685.447,8,515.2592000567967,29443450.0,8,518.9482398257845,0.0010761458660584952,1.749997037380081e-05,0.8098811697545412,0.0008715502728299679,1.4172896477003614e-05,0.8752113199001572,0.02012769450970672,1,1
14,1,2,26697.875,8,283.0819428584416,17139530.0,8,278.787016638903,0.0015576783610752453,1.651633830950275e-05,26697.875,8,283.0819428584416,12152400.0,8,278.787016638903,0.0021969220071755375,2.3294378511926193e-05,0.8098811697545412,0.001779245765030819,1.8865678517943833e-05,0.8754711640683681,0.013127834102635494,1,2
14,1,3,19348.369,8,175.88873612542673,8472950.0,8,167.17857326667195,0.002283545754430275,2.0758903383444006e-05,19348.369,8,175.88873612542673,6011038.0,8,167.17857326667195,0.0032188066353930882,2.926109588411841e-05,0.8098811697545412,0.002606850883085833,2.369801056292961e-05,0.875978664236886,0.011261693952836199,1,3
14,1,4,9873.614,8,113.65589729578488,4615142.0,8,106.50415088009481,0.0021393954942231464,2.462678844855858e-05,9873.614,8,113.65589729578488,3276204.0,8,106.50415088009481,0.003013736018880387,3.4691475417242795e-05,0.8098811697545412,0.002440768052302242,2.8095972691427503e-05,0.8765255232692729,0.014269103791577612,1,4
14,1,5,3230.695,8,61.65504558687797,4280683.0,8,73.9156094692454,0.0007547148434023262,1.4403091942097821e-05,3230.695,8,61.65504558687797,3038832.0,8,73.9156094692454,0.001063137086880749,2.0289076745757886e-05,0.8098811697545412,0.0008610147075324162,1.6431741208094056e-05,0.8765411749646705,0.0236570315116353,1,5
14,1,6,0.0,8,0.0,1572995.0,8,20.26626502303767,0.0,,0.0,8,0.0,1119607.0,8,20.26626502303767,0.0,,0.8098811697545412,0.0,,,,1,6
14,1,7,0.0,8,0.0,565878.0,8,5.53099,0.0,,0.0,8,0.0,404956.0,8,5.53099,0.0,,0.8098811697545412,0.0,,,,1,7
14,1,8,0.0,8,0.0,217799.0,8,0.0,0.0,,0.0,8,0.0,156932.0,8,0.0,0.0,,0.8098811697545412,0.0,,,,1,8
14,1,9,0.0,8,0.0,29448.0,8,0.0,0.0,,0.0,8,0.0,21728.0,8,0.0,0.0,,0.8098811697545412,0.0,,,,1,9
14,1,10,0.0,8,0.0,2429.0,8,0.0,0.0,,0.0,8,0.0,1747.0,8,0.0,0.0,,0.8098811697545412,0.0,,,,1,10
14,1,11,0.0,8,0.0,6.0,8,0.0,0.0,,0.0,8,0.0,4.0,8,0.0,0.0,,0.8098811697545412,0.0,,,,1,11
14,2,1,113107.78,8,712.5030998423796,4405440.0,8,729.6408687025419,0.02567457053097988,0.00016178845365372575,113107.78,8,712.5030998423796,3108748.0,8,729.6408687025419,0.03638370816804707,0.0002293519720208633,0.8098811697545412,0.029466480131145816,0.00018574784338576758,0.8713144704325264,0.0077662231547279996,2,1
14,2,2,99662.88,8,510.73047280682204,3317026.0,8,502.7877614057049,0.030045854328546114,0.00015403974561343053,99662.88,8,510.73047280682204,2342512.0,8,502.7877614057049,0.04254530179567917,0.00021821798500593688,0.8098811697545412,0.03445663878584462,0.00017673063695808707,0.8719902865537037,0.006323685313535828,2,2
14,2,3,82197.07,8,369.3573428977012,2451323.0,8,359.3466249829682,0.033531717362420214,0.00015075689153677858,82197.07,8,369.3573428977012,1731299.0,8,359.3466249829682,0.047477108229138934,0.00021356862884667737,0.8098811697545412,0.03845081594917799,0.00017296521095322052,0.8720677711167547,0.005546289750742753,2,3
14,2,4,63086.89,8,290.8967495908127,1792948.0,8,288.6964774475262,0.035186123635487475,0.0001623438360038737,63086.89,8,290.8967495908127,1266784.0,8,288.6964774475262,0.04980082634450703,0.00022991435503958463,0.8098811697545412,0.04033275149463213,0.0001862033068028197,0.8723958155984073,0.0056941063096715835,2,4
14,2,5,75571.35,8,313.6866033237314,2283587.0,8,302.18388021087424,0.03309326511317502,0.00013743551947467428,75571.35,8,313.6866033237314,1612785.0,8,302.18388021087424,0.04685767166733322,0.00019469800348369915,0.8098811697545412,0.03794914594191405,0.000157682246810252,0.872042421292654,0.00512298069878752,2,5
14,2,6,28555.02,8,181.7514685214125,1280619.0,8,177.0063248800449,0.022297826285569713,0.00014195816070164267,28555.02,8,181.7514685214125,904607.0,8,177.0063248800449,0.031566216047410646,0.0002010125200446946,0.8098811697545412,0.025564883977201504,0.0001627962548691054,0.8722052603663166,0.007853855658514644,2,6
14,2,7,8286.915,8,94.45628630975283,740131.0,8,99.24285204743967,0.01119655169152488,0.00012762986822001098,8286.915,8,94.45628630975283,523384.0,8,99.24285204743967,0.01583333651773841,0.0001804972173652311,0.8098811697545412,0.012823121100103278,0.00014618129753719305,0.8731533925414384,0.01407630259366255,2,7
14,2,8,1707.5781,8,43.241619189827986,551500.0,8,53.458546734040574,0.0030962431550317316,7.840786215666913e-05,1707.5781,8,43.241619189827986,391699.0,8,53.458546734040574,0.004359413988802626,0.00011039662389674154,0.8098811697545412,0.003530607300695781,8.940814689844517e-05,0.8769718326990236,0.0314070219728857,2,8
14,2,9,0.0,8,0.0,194913.0,8,13.77806217696088,0.0,,0.0,8,0.0,139928.0,8,13.77806217696088,0.0,,0.8098811697545412,0.0,,,,2,9
14,2,10,0.0,8,0.0,59421.0,8,3.64326,0.0,,0.0,8,0.0,43400.0,8,3.64326,0.0,,0.8098811697545412,0.0,,,,2,10
14,2,11,0.0,8,0.0,6889.0,8,0.0,0.0,,0.0,8,0.0,5094.0,8,0.0,0.0,,0.8098811697545412,0.0,,,,2,11
14,3,1,91207.34,8,542.2579057339782,2180057.0,8,551.7798903303744,0.041837135451045546,0.0002489609518682415,91207.34,8,542.2579057339782,1534860.0,8,551.7798903303744,0.05942388230848416,0.0003539399882880259,0.8098811697545412,0.048126283315351334,0.000286649331737615,0.8693198927684558,0.00731920076243333,3,1
14,3,2,80932.98,8,383.2254127210903,1736351.0,8,380.0229766919363,0.04661095596454864,0.00022094297753999582,80932.98,8,383.2254127210903,1222141.0,8,380.0229766919363,0.0662222934996862,0.00031424429373550655,0.8098811697545412,0.053632188523354406,0.0002545005361992017,0.8690854736284286,0.005829150977402871,3,2
14,3,3,68246.802,8,322.82888994667127,1362151.0,8,312.70468035427615,0.05010222948850751,0.00023727827433685627,68246.802,8,322.82888994667127,958858.0,8,312.70468035427615,0.07117508744777641,0.00033747979868168753,0.8098811697545412,0.057643363079586916,0.00027331853412485214,0.8691760301933193,0.005824829820446034,3,3
14,3,4,58005.350999999995,8,278.49320804138114,1058893.0,8,271.6886077920456,0.05477923737337011,0.0002633793983693912,58005.350999999995,8,278.49320804138114,746337.0,8,271.6886077920456,0.07772005273757028,0.0003742177682983696,0.8098811697545412,0.06294400722448805,0.0003030719239324174,0.8702851913765434,0.005921822495476323,3,4
14,3,5,88485.55,8,338.6518061307218,1440049.0,8,332.885471335488,0.06144620773320908,0.00023559543500834183,88485.55,8,338.6518061307218,1014994.0,8,332.885471335488,0.08717839711367752,0.00033487190017334676,0.8098811697545412,0.07060414223175106,0.000271206446230316,0.8702918241187327,0.004723360295712421,3,5
14,3,6,52530.43,8,244.63286446565186,842350.0,8,241.19095226608314,0.062361761737994896,0.0002909655418686779,52530.43,8,244.63286446565186,593750.0,8,241.19095226608314,0.08847230315789474,0.00041357770562380265,0.8098811697545412,0.07165205237239418,0.00033494879601500457,0.8703415976681973,0.005748329011277397,3,6
14,3,7,29506.29,8,181.74100185874403,498448.0,8,177.5859162477419,0.05919632539402305,0.0003652232188771898,29506.29,8,181.74100185874403,351765.0,8,177.5859162477419,0.08388068739072961,0.0005183871086149157,0.8098811697545412,0.06793338922381909,0.00041983195791072233,0.8713877825083898,0.007609474945706813,3,7
14,3,8,20992.76,8,150.32532773644633,399649.0,8,146.50000157245734,0.052527993314133145,0.00037663591409700816,20992.76,8,150.32532773644633,282738.0,8,146.50000157245734,0.07424810248357136,0.0005330671836805158,0.8098811697545412,0.06013214009144983,0.000431721074276935,0.8735427216501493,0.008863659938410502,3,8
14,3,9,6595.239,8,83.73718723482418,183289.0,8,81.00971873250765,0.03598273218796545,0.0004571354943961872,6595.239,8,83.73718723482418,130621.0,8,81.00971873250765,0.0504914140911492,0.000641834212510805,0.8098811697545412,0.040892045506700836,0.0005198094428167355,0.8799445403646802,0.015814242869978724,3,9
14,3,10,1653.3348,8,42.044405852289074,86391.0,8,43.732532083931524,0.01913781296662847,0.0004867721780202486,1653.3348,8,42.044405852289074,61851.0,8,43.732532083931524,0.02673093078527429,0.000680031922320302,0.8098811697545412,0.021648877493005616,0.0005507450487191955,0.8840094814528638,0.031801401135464986,3,10
14,3,11,29.327900000000003,8,5.683120683181028,22156.0,8,8.131052572311903,0.0013237001263766025,0.0002565052750988011,29.327900000000003,8,5.683120683181028,16196.0,8,8.131052572311903,0.0018108113114349224,0.0003508977374862311,0.8098811697545412,0.0014665419831096697,0.00028418547009957077,0.9025995447943577,0.2473529748802795,3,11
14,4,1,75910.56,8,389.33253393213874,1316474.0,8,393.0228601241154,0.057662027506809856,0.0002962394639256221,75910.56,8,389.33253393213874,923571.0,8,393.0228601241154,0.08219244649301462,0.00042299982457308323,0.8098811697545412,0.06656611471075022,0.00034257959273121434,0.8662369398810296,0.006299160411260325,4,1
14,4,2,57006.200000000004,8,290.48031405270825,1071830.0,8,292.72276719390993,0.05318585969789986,0.0002714023946589545,57006.200000000004,8,290.48031405270825,752622.0,8,292.72276719390993,0.07574346750427174,0.00038708043789184327,0.8098811697545412,0.06134320806362468,0.00031348915782894606,0.8670211646371008,0.0062615477633755105,4,2
14,4,3,47962.063,8,250.89896351031425,862503.0,8,248.87715177526843,0.05560799556639223,0.0002913385436506564,47962.063,8,250.89896351031425,606460.0,8,248.87715177526843,0.07908528674603436,0.0004149817078329082,0.8098811697545412,0.06404968454025162,0.00033608587096645295,0.8682009281629754,0.00643772596431065,4,3
14,4,4,40314.356999999996,8,217.7064752496122,688193.0,8,218.16030823151587,0.058580016071073084,0.0003168896725567031,40314.356999999996,8,217.7064752496122,484083.0,8,218.16030823151587,0.08327984457210849,0.0004512929929279671,0.8098811697545412,0.0674467779390356,0.0003654936970145299,0.8685369095618314,0.006650315530818444,4,4
14,4,5,66736.689,8,282.58099308815866,974555.0,8,277.89169057870373,0.06847914073602823,0.0002906157449951032,66736.689,8,282.58099308815866,686330.0,8,277.89169057870373,0.09723702737750062,0.0004136056864213215,0.8098811697545412,0.07875043747594454,0.0003349714571360298,0.869571559611287,0.005224908943616551,4,5
14,4,6,45425.51,8,226.08591024351784,600331.0,8,224.21534657513968,0.07566744012886224,0.0003776609658079646,45425.51,8,226.08591024351784,422797.0,8,224.21534657513968,0.10744047379711777,0.0005377656202692481,0.8098811697545412,0.08701401659779187,0.00043552624959743505,0.8696005895075809,0.0061467391819085195,4,6
14,4,7,28569.374,8,176.3363430525313,365049.0,8,174.79782072560286,0.07826175116217275,0.00048449985133118946,28569.374,8,176.3363430525313,257646.0,8,174.79782072560286,0.11088615387003874,0.0006885354431836121,0.8098811697545412,0.08980460800584901,0.0005576318901430052,0.8714669870512161,0.007641233159822068,4,7
14,4,8,22986.617,8,157.3572187013993,291808.0,8,153.0866161127419,0.07877308709836604,0.0005408303348570329,22986.617,8,157.3572187013993,206138.0,8,153.0866161127419,0.11151081799571161,0.0007678374161809748,0.8098811697545412,0.09031051171865266,0.0006218570647979523,0.872247157050449,0.008481510634561616,4,8
14,4,9,10076.689,8,103.40202365258621,130368.0,8,100.30725224284633,0.07729419029209622,0.0007953814254107892,10076.689,8,103.40202365258621,92871.0,8,100.30725224284633,0.10850199739423502,0.0011195444984781668,0.8098811697545412,0.08787372457034724,0.0009066980080197588,0.8796052593653114,0.012817983845630777,4,9
14,4,10,5238.705,8,74.36925968106715,63245.0,8,68.84410015418896,0.08283192347221124,0.0011793433017746782,5238.705,8,74.36925968106715,45621.0,8,68.84410015418896,0.11483099888209378,0.0016393382987841944,0.8098811697545412,0.09299946369871252,0.001327669219042763,0.8906709800021994,0.017958044956090248,4,10
14,4,11,1643.2069999999999,8,41.72228693887716,18389.0,8,38.13283043408789,0.08935814889336015,0.002276426173714982,1643.2069999999999,8,41.72228693887716,13460.0,8,38.13283043408789,0.12208075780089152,0.0031189596606941636,0.8098811697545412,0.09887090693230685,0.0025259866984202162,0.9037860748515261,0.03260787572472777,4,11
14,5,1,58960.9,8,293.5443525040467,788217.0,8,297.2806701500789,0.07480287788768829,0.00037348274194090776,58960.9,8,293.5443525040467,553684.0,8,297.2806701500789,0.10648835798036425,0.0005332399334931618,0.8098811697545412,0.08624291592637773,0.00043186098109727563,0.8673509827931217,0.006133342003445479,5,1
14,5,2,39644.776000000005,8,223.59919153462965,647212.0,8,227.6729968856869,0.06125469861498242,0.0003461519280234384,39644.776000000005,8,223.59919153462965,455372.0,8,227.6729968856869,0.08706019693788816,0.0004929508479045185,0.8098811697545412,0.07050841413511759,0.0003992316093324044,0.8687572875713533,0.006949755742628052,5,2
14,5,3,31058.676,8,191.8530381130828,527434.0,8,200.6323069808549,0.05888637440893078,0.0003644370077627273,31058.676,8,191.8530381130828,370805.0,8,200.6323069808549,0.08376013268429498,0.0005193771164950645,0.8098811697545412,0.06783575423715239,0.0004206337466507634,0.868072818989603,0.007604980678016738,5,3
14,5,4,25362.6132,8,170.92734084183255,426543.0,8,169.7821134613196,0.059460859045864074,0.0004014254380521208,25362.6132,8,170.92734084183255,300126.0,8,169.7821134613196,0.08450655124847564,0.0005715214921457586,0.8098811697545412,0.06844026457703753,0.0004628644945988678,0.868799374364398,0.008302192267881156,5,4
14,5,5,41870.968,8,222.22093332584578,622171.0,8,218.59279249410307,0.06729816722412327,0.0003579519573706379,41870.968,8,222.22093332584578,438712.0,8,218.59279249410307,0.09544067178467878,0.000508757687888267,0.8098811697545412,0.07729560290713489,0.0004120332713885655,0.8706597101645895,0.006556370278295785,5,5
14,5,6,30281.337,8,181.40625125976229,393781.0,8,180.07126738713757,0.07689892859228861,0.0004620181935950935,30281.337,8,181.40625125976229,278180.0,8,180.07126738713757,0.10885519088360054,0.0006559141553536288,0.8098811697545412,0.08815976932666428,0.0005312125233963587,0.8722678062751036,0.007422224366668836,5,6
14,5,7,20254.4162,8,147.94013915414573,243118.0,8,145.58975125932628,0.08331105142358855,0.0006105534305564391,20254.4162,8,147.94013915414573,172610.0,8,145.58975125932628,0.11734207867446846,0.0008627731454693081,0.8098811697545412,0.0950331399383079,0.0006987437242854882,0.8766526232603814,0.009100717828529064,5,7
14,5,8,17417.2553,8,135.8373554542505,193310.0,8,129.84223130343378,0.09010012570482645,0.0007052930327675302,17417.2553,8,135.8373554542505,137482.0,8,129.84223130343378,0.12668753218603163,0.0009952554540307713,0.8098811697545412,0.10260184676013938,0.0008060386513150281,0.8781530601048614,0.00973888090152785,5,8
14,5,9,7634.9854,8,89.92433138916519,81181.0,8,83.96739896693775,0.09404892031386654,0.0011119648645564904,7634.9854,8,89.92433138916519,58373.0,8,83.96739896693775,0.13079652236479195,0.0015519592168431193,0.8098811697545412,0.1059296405326237,0.001256902545948247,0.8878432876858654,0.014871794301505637,5,9
14,5,10,3405.6614,8,59.94995257347999,34563.0,8,54.43107380862608,0.09853488991117669,0.0017414399248589646,3405.6614,8,59.94995257347999,25050.0,8,54.43107380862608,0.13595454690618763,0.002411375605827495,0.8098811697545412,0.11010702748183188,0.001952927696365137,0.8949010082706607,0.02240712705716994,5,10
14,5,11,790.692,8,29.32187364016836,8368.0,8,26.567043296204414,0.09448996175908222,0.0035168660127727455,790.692,8,29.32187364016836,6134.0,8,26.567043296204414,0.12890316269970656,0.004812712542363496,0.8098811697545412,0.10439624419229829,0.0038977252635017004,0.9051088235035674,0.04771611808879219,5,11
14,6,1,36235.42,8,212.72765368141492,413838.0,8,217.70060131584387,0.08755943146835235,0.0005160956035702005,36235.42,8,212.72765368141492,292213.0,8,217.70060131584387,0.12400344953852155,0.0007338267487157215,0.8098811697545412,0.10042805876585605,0.0005943124656470602,0.8718622319733733,0.00728212433420658,6,1
14,6,2,24271.586,8,165.80372061968333,337852.0,8,169.9607986331554,0.07184088299018505,0.0004920873715545161,24271.586,8,165.80372061968333,239130.0,8,169.9607986331554,0.10149954418098941,0.0006971050755910307,0.8098811697545412,0.08220256957085244,0.0005645722740614918,0.8739493590679499,0.00847723848443932,6,2
14,6,3,17519.141,8,140.31546444608304,273063.0,8,141.12081270517825,0.06415787199291006,0.0005149261198805434,17519.141,8,140.31546444608304,194014.0,8,141.12081270517825,0.0902983341408352,0.0007261997231229885,0.8098811697545412,0.07313092048086603,0.0005881354812382699,0.8773015787446068,0.009967815985853608,6,3
14,6,4,13992.7775,8,122.75623883464824,218527.0,8,123.73441857381478,0.06403225917163555,0.0005629128576086981,13992.7775,8,122.75623883464824,155204.0,8,123.73441857381478,0.09015732519780419,0.000794193975045593,0.8098811697545412,0.07301671999313822,0.0006432027455219337,0.8769533769478143,0.010913797926346929,6,4
14,6,5,21223.3052,8,152.4388333339904,313407.0,8,152.57575785217716,0.06771803182443276,0.0004875085179866216,21223.3052,8,152.4388333339904,222637.0,8,152.57575785217716,0.09532694565593319,0.0006878062911627067,0.8098811697545412,0.07720349825695474,0.0005570413636513855,0.8771368312747732,0.008940196477822309,6,5
14,6,6,14610.0404,8,124.62720561751395,192006.0,8,123.35966315638025,0.07609158255471184,0.0006509181764732213,14610.0404,8,124.62720561751395,137402.0,8,123.35966315638025,0.10633062400838415,0.0009120360436803304,0.8098811697545412,0.08611517015264046,0.0007386408179141298,0.8836025339070728,0.010703959103949166,6,6
14,6,7,9385.072100000001,8,99.7969582616805,112371.0,8,95.27418205070039,0.0835186311414867,0.0008909209892826181,9385.072100000001,8,99.7969582616805,80378.0,8,95.27418205070039,0.1167617022070716,0.001249285397508667,0.8098811697545412,0.09456310396599454,0.0010117727190915862,0.8832052633500745,0.013344003947754918,6,7
14,6,8,7309.914,8,87.92840677137792,78758.0,8,82.69248103608273,0.09281487594910993,0.00112068288636118,7309.914,8,87.92840677137792,56646.0,8,82.69248103608273,0.12904554602266707,0.0015636332375981565,0.8098811697545412,0.10451155776445109,0.0012663571155330754,0.8880824086298357,0.015191411216100216,6,8
14,6,9,2536.676,8,51.767784149121155,27148.0,8,47.13030107913591,0.09343878002062767,0.0019137600674187807,2536.676,8,51.767784149121155,19756.0,8,47.13030107913591,0.1284002834581899,0.0026382005617360906,0.8098811697545412,0.1039889717639335,0.0021366289569859126,0.8985450902692265,0.02606796020943103,6,9
14,6,10,728.8789,8,28.05938527945507,8612.0,8,25.871993277117248,0.08463526474686485,0.003268078755309134,728.8789,8,28.05938527945507,6297.0,8,25.871993277117248,0.11575018262664762,0.004481298949603767,0.8098811697545412,0.09374389330497114,0.0036293196353248953,0.9028349662364271,0.049366894984079965,6,10
14,6,11,10.4162,8,3.55173,1129.0,8,5.982681162530726,0.009226040744021257,0.0031462877507693813,10.4162,8,3.55173,826.0,8,5.982681162530726,0.01261041162227603,0.004300885208543811,0.8098811697545412,0.010212934915735172,0.003483205943675465,0.9033682110131342,0.43569806666869504,6,11
14,7,1,14531.7,8,131.34442622848525,137031.0,8,133.9660605072419,0.10604680692689976,0.0009640921674987334,14531.7,8,131.34442622848525,98242.0,8,133.9660605072419,0.14791738767533236,0.0013520777968141773,0.8098811697545412,0.11979550695753412,0.0010950223476830087,0.8852319224667743,0.011412399870139676,7,1
14,7,2,9448.429,8,103.72257374101359,107150.0,8,101.73426450729372,0.08817945870275315,0.000971626619776882,9448.429,8,103.72257374101359,76907.0,8,101.73426450729372,0.12285525374803334,0.0013584316242213482,0.8098811697545412,0.09949815661594821,0.0011001681928559468,0.8862421345464321,0.01383428508266838,7,2
14,7,3,6145.5074,8,82.5913852950058,81180.0,8,81.2108401959252,0.07570223454052723,0.0010202005690659295,6145.5074,8,82.5913852950058,58272.0,8,81.2108401959252,0.10546244165293796,0.0014249429477400644,0.8098811697545412,0.08541204561105144,0.0011540344613492073,0.8863180128627213,0.016913892174609424,7,3
14,7,4,4040.7113,8,65.69622275457014,60572.0,8,64.88251601639767,0.066709227035594,0.0010869485533210347,4040.7113,8,65.69622275457014,43500.0,8,64.88251601639767,0.09288991494252874,0.0015165999316737152,0.8098811697545412,0.07522979297205501,0.0012282657267135657,0.8867394738195534,0.020453811933687206,7,4
14,7,5,5384.157999999999,8,76.08454435369906,75649.0,8,72.7765092097031,0.07117289058678898,0.0010080854194025597,5384.157999999999,8,76.08454435369906,54584.0,8,72.7765092097031,0.09863985783379745,0.0014000888838216442,0.8098811697545412,0.07988656344685752,0.0011339056229898031,0.8909244247830853,0.017864846961813438,7,5
14,7,6,2687.0564,8,53.56458846053426,36557.0,8,50.06009592346383,0.07350319774598572,0.0014686878720338906,2687.0564,8,53.56458846053426,26507.0,8,50.06009592346383,0.1013715773191987,0.0020298199275716115,0.8098811697545412,0.08209893161913556,0.0016439129373327747,0.8953002955869604,0.025325994156866642,7,6
14,7,7,976.7058999999999,8,32.779314059174574,15735.0,8,31.723057640145598,0.062072189386717505,0.0020869657003833105,976.7058999999999,8,32.779314059174574,11405.0,8,31.723057640145598,0.08563839544059622,0.0028839719741975607,0.8098811697545412,0.06935692387533203,0.002335674596002434,0.8949674512423775,0.04258855500446358,7,7
14,7,8,423.8797,8,21.702677013617468,7347.0,8,20.10700548406699,0.057694256158976456,0.0029581677994105987,423.8797,8,21.702677013617468,5339.0,8,20.10700548406699,0.07939308859336955,0.004075914677733835,0.8098811697545412,0.06429896746042404,0.003301006547022782,0.8972812229758933,0.06510435786117386,7,8
14,7,9,0.0,8,0.0,1333.0,8,0.0,0.0,,0.0,8,0.0,950.0,8,0.0,0.0,,0.8098811697545412,0.0,,,,7,9
14,7,10,0.0,8,0.0,106.0,8,0.0,0.0,,0.0,8,0.0,82.0,8,0.0,0.0,,0.8098811697545412,0.0,,,,7,10
14,7,11,0.0,8,0.0,0.0,8,0.0,,,0.0,8,0.0,0.0,8,0.0,,,0.8098811697545412,,,,,7,11
14,8,1,300.0149,8,19.03271643522017,6001.0,8,18.67817291737337,0.04999415097483753,0.003175405782079613,300.0149,8,19.03271643522017,4430.0,8,18.67817291737337,0.06772345372460496,0.0043058026222896565,0.8098811697545412,0.054847949922300604,0.003487188464472118,0.9115044599781921,0.08191650820595814,8,1
14,8,2,119.17699999999999,8,11.707994031383002,3353.0,8,11.514689341454245,0.035543393975544284,0.0034939293772843225,119.17699999999999,8,11.707994031383002,2499.0,8,11.514689341454245,0.04768987595038015,0.0046902220232403835,0.8098811697545412,0.038623132520142836,0.0037985224985904328,0.9202618134872308,0.1279639515764218,8,2
14,8,3,0.0,8,0.0,1691.0,8,0.0,0.0,,0.0,8,0.0,1237.0,8,0.0,0.0,,0.8098811697545412,0.0,,,,8,3
14,8,4,0.0,8,0.0,752.0,8,0.0,0.0,,0.0,8,0.0,547.0,8,0.0,0.0,,0.8098811697545412,0.0,,,,8,4
14,8,5,0.0,8,0.0,392.0,8,0.0,0.0,,0.0,8,0.0,284.0,8,0.0,0.0,,0.8098811697545412,0.0,,,,8,5
14,8,6,0.0,8,0.0,29.0,8,0.0,0.0,,0.0,8,0.0,22.0,8,0.0,0.0,,0.8098811697545412,0.0,,,,8,6
14,8,7,0.0,8,0.0,0.0,8,0.0,,,0.0,8,0.0,0.0,8,0.0,,,0.8098811697545412,,,,,8,7
14,8,8,0.0,8,0.0,0.0,8,0.0,,,0.0,8,0.0,0.0,8,0.0,,,0.8098811697545412,,,,,8,8
14,8,9,0.0,8,0.0,0.0,8,0.0,,,0.0,8,0.0,0.0,8,0.0,,,0.8098811697545412,,,,,8,9
14,8,10,0.0,8,0.0,0.0,8,0.0,,,0.0,8,0.0,0.0,8,0.0,,,0.8098811697545412,,,,,8,10
14,8,11,0.0,8,0.0,0.0,8,0.0,,,0.0,8,0.0,0.0,8,0.0,,,0.8098811697545412,,,,,8,11
15,1,1,11150.652,8,250.87519385563013,67971890.0,8,252.14822839915016,0.00016404799101510934,3.6908668754939882e-06,11150.652,8,250.87519385563013,46687900.0,8,252.14822839915016,0.00023883387344472552,5.3734522453053975e-06,0.8460626052736252,0.00020206840919423575,4.5462770059764955e-06,0.8118438288758945,0.025831222469500037,1,1
15,1,2,6493.057,8,129.38996598106053,24498490.0,8,125.62880307449403,0.00026503906975491144,5.281548791996561e-06,6493.057,8,129.38996598106053,16895090.0,8,125.62880307449403,0.0003843162125801046,7.658436562870962e-06,0.8460626052736252,0.00032515557606441567,6.4795167907053935e-06,0.8151146382382977,0.022971274731699975,1,2
15,1,3,3948.161,8,75.49579588963879,11067620.0,8,70.94534879800085,0.0003567308057197482,6.821322030544409e-06,3948.161,8,75.49579588963879,7661516.0,8,70.94534879800085,0.0005153237296639464,9.853898985778142e-06,0.8460626052736252,0.00043599613727879984,8.337015448010587e-06,0.8181971701543653,0.02212589882943776,1,3
15,1,4,1154.4502,8,37.333617092374,5451809.0,8,37.09340340896208,0.00021175543750707334,6.847932111830017e-06,1154.4502,8,37.333617092374,3793271.0,8,37.09340340896208,0.00030434160912837493,9.842064750761824e-06,0.8460626052736252,0.0002574920547123202,8.327002944301261e-06,0.8223765884491251,0.037610630711635236,1,4
15,1,5,23.4422,8,5.36467,4175767.0,8,17.50968931343729,5.613866865656058e-06,1.2847148801407143e-06,23.4422,8,5.36467,2925968.0,8,17.50968931343729,8.011775931930902e-06,1.8334684459413699e-06,0.8460626052736252,6.778464017837986e-06,1.5512290900601403e-06,0.8281915860116374,0.26803435153663535,1,5
15,1,6,0.0,8,0.0,1031113.0,8,0.0,0.0,,0.0,8,0.0,731808.0,8,0.0,0.0,,0.8460626052736252,0.0,,,,1,6
15,1,7,0.0,8,0.0,215040.0,8,0.0,0.0,,0.0,8,0.0,154567.0,8,0.0,0.0,,0.8460626052736252,0.0,,,,1,7
15,1,8,0.0,8,0.0,38493.0,8,0.0,0.0,,0.0,8,0.0,28106.0,8,0.0,0.0,,0.8460626052736252,0.0,,,,1,8
15,1,9,0.0,8,0.0,1066.0,8,0.0,0.0,,0.0,8,0.0,767.0,8,0.0,0.0,,0.8460626052736252,0.0,,,,1,9
15,1,10,0.0,8,0.0,0.0,8,0.0,,,0.0,8,0.0,0.0,8,0.0,,,0.8460626052736252,,,,,1,10
15,1,11,0.0,8,0.0,0.0,8,0.0,,,0.0,8,0.0,0.0,8,0.0,,,0.8460626052736252,,,,,1,11
15,2,1,153133.8,8,1033.514208385642,9418500.0,8,1008.7742084713507,0.016258831024048414,0.00010974617433638043,153133.8,8,1033.514208385642,6419056.0,8,1008.7742084713507,0.02385612463888771,0.0001610508387987744,0.8460626052736252,0.020183774963709655,0.00013625909225559372,0.8055396502032809,0.007690126899801162,2,1
15,2,2,96930.25,8,510.2537372370731,6759032.0,8,569.0795040455156,0.014340847920234732,7.550178752164126e-05,96930.25,8,510.2537372370731,4615671.0,8,569.0795040455156,0.021000251101085846,0.00011057843375517567,0.8460626052736252,0.017767527157985005,9.35562777499809e-05,0.8071380892072947,0.00601003522667958,2,2
15,2,3,64072.950000000004,8,320.2500754509357,4686716.0,8,316.06203249052237,0.01367118255085224,6.833766416805971e-05,64072.950000000004,8,320.2500754509357,3206500.0,8,316.06203249052237,0.019982208014969593,9.989469646082308e-05,0.8460626052736252,0.01690619897226469,8.451716714066196e-05,0.8086490980781885,0.005716781682626836,2,3
15,2,4,44249.6,8,234.7065936228465,3237241.0,8,246.0064896285665,0.013668923629720492,7.250948591867585e-05,44249.6,8,234.7065936228465,2221728.0,8,246.0064896285665,0.019916749485085483,0.00010566447814742786,0.8460626052736252,0.016850816957933556,8.939876366629085e-05,0.8111727558280198,0.006085746886623306,2,4
15,2,5,41059.472,8,224.3033798585077,3659649.0,8,221.0974693901538,0.01121951094216959,6.12947023436749e-05,41059.472,8,224.3033798585077,2527938.0,8,221.0974693901538,0.016242278093845656,8.874114998897156e-05,0.8460626052736252,0.013741984119657786,7.508056855464681e-05,0.8164403949587004,0.006308165001927743,2,5
15,2,6,8975.312,8,99.22120074589603,1630766.0,8,106.08700132047281,0.005503739960239544,6.084436311641419e-05,8975.312,8,99.22120074589603,1137546.0,8,106.08700132047281,0.007890065105059487,8.722700559243413e-05,0.8460626052736252,0.006675489038565149,7.37995076017519e-05,0.8244699269886803,0.012890098236775473,2,6
15,2,7,968.7932,8,32.39999134537076,670990.0,8,44.285317386054714,0.0014438265845988763,4.82869408446749e-05,968.7932,8,32.39999134537076,473124.0,8,44.285317386054714,0.002047651778392134,6.848124010560583e-05,0.8460626052736252,0.0017324415983196206,5.793941641611754e-05,0.8334056316815032,0.03941726747679104,2,7
15,2,8,0.0,8,0.0,290869.0,8,20.19573714556119,0.0,,0.0,8,0.0,207684.0,8,20.19573714556119,0.0,,0.8460626052736252,0.0,,,,2,8
15,2,9,0.0,8,0.0,44756.0,8,0.0,0.0,,0.0,8,0.0,32494.0,8,0.0,0.0,,0.8460626052736252,0.0,,,,2,9
15,2,10,0.0,8,0.0,4600.0,8,0.0,0.0,,0.0,8,0.0,3394.0,8,0.0,0.0,,0.8460626052736252,0.0,,,,2,10
15,2,11,0.0,8,0.0,23.0,8,0.0,0.0,,0.0,8,0.0,15.0,8,0.0,0.0,,0.8460626052736252,0.0,,,,2,11
15,3,1,222859.5,8,936.363155868491,4938606.0,8,973.3022591148138,0.045125993043381066,0.00018980916452190943,222859.5,8,936.363155868491,3363495.0,8,973.3022591148138,0.06625831166688222,0.0002790494084048098,0.8460626052736252,0.056058679789914204,0.00023609326947503725,0.8049778056225275,0.004791424527229984,3,1
15,3,2,148085.63,8,546.7960192091746,3778272.0,8,537.1212035974748,0.03919400985424025,0.00014482840949340563,148085.63,8,546.7960192091746,2578896.0,8,537.1212035974748,0.057422102325956535,0.00021236419946781782,0.8460626052736252,0.04858269349418748,0.00017967340786858975,0.8067483919747984,0.004217657643892339,3,2
15,3,3,102916.41,8,400.2773016660825,2843132.0,8,377.5895587034287,0.03619825249056322,0.00014086950324280012,102916.41,8,400.2773016660825,1942423.0,8,377.5895587034287,0.052983521097103976,0.00020632835612827873,0.8460626052736252,0.04482737589598587,0.00017456670652771586,0.8075032670784694,0.004445627535409618,3,3
15,3,4,73565.42,8,302.27864646044713,2082277.0,8,308.5198058153965,0.03532931497586536,0.0001452617010819268,73565.42,8,302.27864646044713,1428977.0,8,308.5198058153965,0.05148117849342571,0.00021182680823084822,0.8460626052736252,0.04355629999870428,0.00017921874123858804,0.811118368110155,0.004718168724162656,3,4
15,3,5,93985.71,8,333.6612533692517,2503116.0,8,341.0405742546039,0.03754748481492668,0.00013339648724114533,93985.71,8,333.6612533692517,1726585.0,8,341.0405742546039,0.054434452980884236,0.0001935481307209399,0.8460626052736252,0.04605495510565157,0.00016375383572359858,0.815275679431052,0.004097876698086737,3,5
15,3,6,44664.62,8,222.1716853207672,1201832.0,8,223.54465394160067,0.037163779962590446,0.00018499004770931082,44664.62,8,222.1716853207672,835552.0,8,223.54465394160067,0.05345522480946728,0.00026628242412072894,0.8460626052736252,0.04522646676778521,0.00022529160149016035,0.8217263611019507,0.005786722955080154,3,6
15,3,7,18298.396,8,140.00837559160524,553943.0,8,141.12893620197102,0.03303299436945679,0.0002528887788006519,18298.396,8,140.00837559160524,388574.0,8,141.12893620197102,0.04709114866151621,0.00036071899133335254,0.8460626052736252,0.039842059921889994,0.00030519084957917047,0.8290985565058052,0.008978977063646287,3,7
15,3,8,8230.2619,8,93.25283471342841,307075.0,8,92.24139967395335,0.02680212293413661,0.0003037876759516644,8230.2619,8,93.25283471342841,217005.0,8,92.24139967395335,0.03792660030874864,0.0004300289548782095,0.8460626052736252,0.03208827826639135,0.0003638314179073521,0.8352621076029698,0.01339106632795738,3,8
15,3,9,1080.5147,8,34.2136911824214,74587.0,8,34.902340068683074,0.014486635740812742,0.00045875859120119073,1080.5147,8,34.2136911824214,53798.0,8,34.902340068683074,0.020084662998624485,0.000636099331104704,0.8460626052736252,0.016992882302659013,0.0005381798572872562,0.8525119801804254,0.0381815908720735,3,9
15,3,10,13.8275,8,4.09738,15695.0,8,8.163929579516227,0.0008810130614845493,0.0002610631610619129,13.8275,8,4.09738,11542.0,8,8.163929579516227,0.001198015941777855,0.00035499841215707424,0.8460626052736252,0.0010135964888599077,0.00030035088145761443,0.869195060527007,0.3642468265852401,3,10
15,3,11,0.0,8,0.0,753.0,8,0.0,0.0,,0.0,8,0.0,551.0,8,0.0,0.0,,0.8460626052736252,0.0,,,,3,11
15,4,1,220420.2,8,722.1039094707908,2987551.0,8,741.4546942969611,0.07377956058323357,0.00024239688279149063,220420.2,8,722.1039094707908,2037725.0,8,741.4546942969611,0.10816974812597382,0.00035654677010494104,0.8460626052736252,0.09151837891125325,0.0003016608892168827,0.8061720657746649,0.0037518436419549744,4,1
15,4,2,130407.97,8,455.3939045128843,2330368.0,8,460.93660302041536,0.0559602474802263,0.00019573038534421202,130407.97,8,455.3939045128843,1595347.0,8,460.93660302041536,0.08174269923721923,0.0002864266822350521,0.8460626052736252,0.06915944107874009,0.00024233490499166895,0.8091483477507271,0.00400603801615223,4,2
15,4,3,91151.03,8,343.89221149815245,1759782.0,8,349.4759726355161,0.05179677369128676,0.00019568804515068136,91151.03,8,343.89221149815245,1208423.0,8,349.4759726355161,0.07542973776566649,0.0002854141898793549,0.8460626052736252,0.06381828044912614,0.00024147827307138817,0.8116291026139049,0.004339804270012509,4,3
15,4,4,66915.63,8,282.11381644295625,1291389.0,8,286.60493482602493,0.05181678797016236,0.0002187601377026788,66915.63,8,282.11381644295625,889895.0,8,286.60493482602493,0.07519497244056883,0.00031794289322961314,0.8460626052736252,0.06361965428654612,0.00026899959257408053,0.8144776728395434,0.004866575245714278,4,4
15,4,5,87708.6,8,319.24467323913177,1595783.0,8,321.2323219205689,0.05496273616149565,0.000200360905687876,87708.6,8,319.24467323913177,1105288.0,8,321.2323219205689,0.07935361643300208,0.0002897532161173367,0.8460626052736252,0.0671381274571897,0.00024514936091464567,0.8186516103914631,0.004223937713999385,4,5
15,4,6,46657.288,8,227.75284283872287,790642.0,8,228.67111752175873,0.05901190172037408,0.00028856582450788857,46657.288,8,227.75284283872287,550394.0,8,228.67111752175873,0.084770706076011,0.0004152957527915351,0.8460626052736252,0.0717213244335546,0.0003513662065658776,0.822794366758313,0.005695281159584299,4,6
15,4,7,23106.716,8,157.95148355203887,371941.0,8,156.62427968661183,0.062124681065007625,0.00042547313671498574,23106.716,8,157.95148355203887,261232.0,8,156.62427968661183,0.08845285416794267,0.0006069619270940027,0.8460626052736252,0.07483665224121762,0.0005135277893390521,0.8301370946520154,0.008048112011393814,4,7
15,4,8,13305.88,8,119.15268130012853,209438.0,8,114.64036683633736,0.06353135534143756,0.0005699780835839485,13305.88,8,119.15268130012853,148098.0,8,114.64036683633736,0.089845102567219,0.0008075532898691822,0.8460626052736252,0.07601458154909738,0.0006832406403240074,0.8357785315229687,0.010614022231568912,4,8
15,4,9,3467.723,8,60.654237640168226,52288.0,8,56.455889602060125,0.06631967181762546,0.0011622110040385887,3467.723,8,60.654237640168226,37750.0,8,56.455889602060125,0.0918602119205298,0.0016125971487206908,0.8460626052736252,0.07771949021847077,0.0013643581449034473,0.853320983336352,0.021166462498507496,4,9
15,4,10,613.3418,8,25.971462553302615,12270.0,8,24.979055380516293,0.04998710676446618,0.0021191084315561473,613.3418,8,25.971462553302615,8954.0,8,24.979055380516293,0.06849919589010499,0.002906831008001585,0.8460626052736252,0.05795460813393063,0.002459361015719979,0.8625216936839277,0.05173683779865108,4,10
15,4,11,0.0,8,0.0,882.0,8,0.0,0.0,,0.0,8,0.0,644.0,8,0.0,0.0,,0.8460626052736252,0.0,,,,4,11
15,5,1,154955.9,8,512.5322233352748,1588701.0,8,531.9237324363334,0.09753622613695087,0.00032425952933287026,154955.9,8,512.5322233352748,1092810.0,8,531.9237324363334,0.14179582910112462,0.0004740551981429173,0.8460626052736252,0.11996814858623121,0.0004010803759843012,0.8130176824963117,0.0038332270209492816,5,1
15,5,2,92010.55,8,356.0406607129304,1193983.0,8,358.4894288900302,0.07706185933970584,0.00029909205038554284,92010.55,8,356.0406607129304,825226.0,8,358.4894288900302,0.11149739586489035,0.00043415654919276055,0.8460626052736252,0.09433377722667385,0.0003673236211066338,0.816906325658248,0.004491195095364572,5,2
15,5,3,58014.89,8,270.2226255039167,882568.0,8,279.2975293733727,0.06573418705414201,0.00030688353995927064,58014.89,8,270.2226255039167,611690.0,8,279.2975293733727,0.09484361359512171,0.0004438815278490618,0.8460626052736252,0.08024363481185369,0.00037555156188481446,0.8191825707829435,0.005415231258365209,5,3
15,5,4,40678.0,8,217.20867539115466,643325.0,8,220.5695395142992,0.06323087086620292,0.0003383297270932403,40678.0,8,217.20867539115466,447351.0,8,220.5695395142992,0.09093083507134218,0.0004876097290326866,0.8460626052736252,0.0769331792201661,0.0004125483577021613,0.8218933821160551,0.006226114311167078,5,4
15,5,5,53519.626000000004,8,254.46887593438612,791385.0,8,249.8724624559297,0.06762779936440545,0.0003222569747436504,53519.626000000004,8,254.46887593438612,553129.0,8,249.8724624559297,0.09675794615722554,0.00046212517102962256,0.8460626052736252,0.0818632800067074,0.0003909868261638421,0.8261066421827274,0.005573483368316921,5,5
15,5,6,28794.358,8,179.08840063602668,387405.0,8,176.73295859592798,0.0743262425626928,0.00046351881034344166,28794.358,8,179.08840063602668,272033.0,8,176.73295859592798,0.10584876834795778,0.0006619152198177104,0.8460626052736252,0.0895546847134776,0.0005600217153492364,0.8299537070617033,0.007329773516540628,5,6
15,5,7,14637.674,8,124.85143770633961,177684.0,8,121.54169331237738,0.08238037189617524,0.000704915940839834,14637.674,8,124.85143770633961,126055.0,8,121.54169331237738,0.11612132799174964,0.0009967603535626917,0.8460626052736252,0.09824591328853284,0.0008433216615687107,0.8385119455731151,0.010162989976457345,5,7
15,5,8,8240.5497,8,93.12877929251785,92546.0,8,88.7080520064808,0.08904274306831197,0.0010099102239775957,8240.5497,8,93.12877929251785,66146.0,8,88.7080520064808,0.12458122486620506,0.0014178061463218784,0.8460626052736252,0.10540351567848079,0.001199552761930047,0.8447796308799116,0.013573252891756248,5,8
15,5,9,1791.786,8,43.96144088289191,20277.0,8,40.63773462005479,0.08836543867436011,0.0021752655971065227,1791.786,8,43.96144088289191,14830.0,8,40.63773462005479,0.12082171274443695,0.00298279017114259,0.8460626052736252,0.10222273305817989,0.002523627223181462,0.8644401888967993,0.03013731991411125,5,9
15,5,10,231.7615,8,16.489940552533838,3931.0,8,17.074718192330437,0.05895738997710506,0.004202655810370278,231.7615,8,16.489940552533838,2854.0,8,17.074718192330437,0.08120585143658024,0.005798224615752081,0.8460626052736252,0.06870523422989604,0.00490566102436487,0.8581207914935053,0.0865785614318132,5,10
15,5,11,0.0,8,0.0,117.0,8,0.0,0.0,,0.0,8,0.0,82.0,8,0.0,0.0,,0.8460626052736252,0.0,,,,5,11
15,6,1,66707.18,8,299.9992158633919,562642.0,8,313.8324854676456,0.11856061225432868,0.0005372827290265703,66707.18,8,299.9992158633919,392172.0,8,313.8324854676456,0.17009674326570992,0.0007769845710408797,0.8460626052736252,0.1439124937559455,0.0006573775904322568,0.8238382169611355,0.005300944061201755,6,1
15,6,2,39533.04,8,218.95891418649754,405438.0,8,223.57581508687383,0.097506992437808,0.0005427253608350004,39533.04,8,218.95891418649754,283637.0,8,223.57581508687383,0.13937899498302408,0.0007797474844095324,0.8460626052736252,0.1179233556157569,0.0006597151881150844,0.8268675185560878,0.006525356622471137,6,2
15,6,3,23455.435,8,164.65881961146204,288185.0,8,171.3453751667958,0.08139020073910856,0.0005734106143254088,23455.435,8,164.65881961146204,202498.0,8,171.3453751667958,0.1158304526464459,0.0008190235355531535,0.8460626052736252,0.09799981453607529,0.0006929451862705166,0.8305138241781829,0.008289854709429972,6,3
15,6,4,14920.831,8,128.5866319482706,200693.0,8,128.8182668570339,0.07434654422426293,0.0006424877579944286,14920.831,8,128.5866319482706,141557.0,8,128.8182668570339,0.10540510889606307,0.0009134238111978433,0.8460626052736252,0.08917932104175329,0.0007728137294210112,0.8336747057028419,0.010202810718648725,6,4
15,6,5,17051.466,8,140.24070420994042,228013.0,8,138.18774566903537,0.07478286764351155,0.0006167233365410003,17051.466,8,140.24070420994042,161270.0,8,138.18774566903537,0.10573241148384696,0.0008743087163484202,0.8460626052736252,0.08945623952188653,0.0007397199103671833,0.835971510128313,0.009762919980162219,6,5
15,6,6,7785.2171,8,90.94466084159312,97363.0,8,88.48542537034052,0.07996073559771165,0.0009369007927285372,7785.2171,8,90.94466084159312,69547.0,8,88.48542537034052,0.1119418105741441,0.0013154051646753085,0.8460626052736252,0.094709779893407,0.0011129151206155734,0.8442711585615028,0.014010056023749088,6,6
15,6,7,3013.432,8,56.618847124168816,36398.0,8,54.546466719944384,0.08279114237045991,0.0015604884896751052,3013.432,8,56.618847124168816,26283.0,8,54.546466719944384,0.1146532739793783,0.0021673018407201267,0.8460626052736252,0.09700384768614355,0.0018336730417739938,0.8534830766541455,0.022783247980248604,6,7
15,6,8,1223.318,8,36.12805726315767,14900.0,8,34.8812137519611,0.08210187919463087,0.0024323076819378663,1223.318,8,36.12805726315767,10773.0,8,34.8812137519611,0.1135540703610879,0.003373668966177714,0.8460626052736252,0.09607385260912658,0.0028543351548550944,0.854570488899407,0.03585472145401398,6,8
15,6,9,12.8229,8,3.816,1978.0,8,3.816,0.0064827603640040445,0.0019292619742733448,12.8229,8,3.816,1451.0,8,3.816,0.008837284631288767,0.002630013099456181,0.8460626052736252,0.007476896058692743,0.0022251557348296584,0.8670389842409402,0.36491252934844853,6,9
15,6,10,0.0,8,0.0,100.0,8,0.0,0.0,,0.0,8,0.0,69.0,8,0.0,0.0,,0.8460626052736252,0.0,,,,6,10
15,6,11,0.0,8,0.0,0.0,8,0.0,,,0.0,8,0.0,0.0,8,0.0,,,0.8460626052736252,,,,,6,11
15,7,1,9877.62,8,107.29903432300777,76882.0,8,119.43380434943869,0.12847766707421765,0.001409831647244312,9877.62,8,107.29903432300777,54651.0,8,119.43380434943869,0.1807399681616073,0.002002687664268158,0.8460626052736252,0.15291732833988156,0.0016943991427800689,0.8401772936331773,0.01310223859084489,7,1
15,7,2,4755.642,8,72.73920554315946,47699.0,8,78.33675145511205,0.0997010838801652,0.0015337284033616382,4755.642,8,72.73920554315946,34050.0,8,78.33675145511205,0.13966643171806167,0.00216027740764986,0.8460626052736252,0.11816654508865414,0.0018277299316299938,0.8437335948627822,0.01840588072322189,7,2
15,7,3,2416.3336,8,51.22326005679451,28068.0,8,53.44790965796137,0.08608855636311814,0.001832318092221681,2416.3336,8,51.22326005679451,20153.0,8,53.44790965796137,0.1198994492135166,0.0025615327294262213,0.8460626052736252,0.10144244037246057,0.0021672170545520087,0.848644374553999,0.02559241926394663,7,3
15,7,4,1077.025,8,34.304483881466574,16313.0,8,35.95470324053586,0.06602249739471587,0.0021079211781160905,1077.025,8,34.304483881466574,11834.0,8,35.95470324053586,0.09101106979888458,0.002911965548319979,0.8460626052736252,0.07700106282278404,0.002463705158278642,0.857423196179317,0.03875591010175288,7,4
15,7,5,790.1158,8,29.140335787586597,13829.0,8,31.168098549475232,0.05713470243690795,0.0021111213570837056,790.1158,8,29.140335787586597,10106.0,8,31.168098549475232,0.0781828418761132,0.00289353308274052,0.8460626052736252,0.06614757888540021,0.0024481101384288685,0.8637459359758738,0.045171697839923565,7,5
15,7,6,79.6446,8,9.54914041795386,3485.0,8,10.998796623926637,0.022853543758967,0.00274101811536424,79.6446,8,9.54914041795386,2519.0,8,10.998796623926637,0.031617546645494245,0.0037933586691190537,0.8460626052736252,0.02675042388724723,0.003209418918332158,0.8543245466051103,0.1449322184376088,7,6
15,7,7,0.0,8,0.0,598.0,8,0.0,0.0,,0.0,8,0.0,448.0,8,0.0,0.0,,0.8460626052736252,0.0,,,,7,7
15,7,8,0.0,8,0.0,41.0,8,0.0,0.0,,0.0,8,0.0,26.0,8,0.0,0.0,,0.8460626052736252,0.0,,,,7,8
15,7,9,0.0,8,0.0,0.0,8,0.0,,,0.0,8,0.0,0.0,8,0.0,,,0.8460626052736252,,,,,7,9
15,7,10,0.0,8,0.0,0.0,8,0.0,,,0.0,8,0.0,0.0,8,0.0,,,0.8460626052736252,,,,,7,10
15,7,11,0.0,8,0.0,0.0,8,0.0,,,0.0,8,0.0,0.0,8,0.0,,,0.8460626052736252,,,,,7,11
15,8,1,0.0,8,0.0,298.06506,8,19.081175024785555,0.0,,0.0,8,0.0,295.06506,8,19.081175024785555,0.0,,0.8460626052736252,0.0,,,,8,1
15,8,2,0.0,8,0.0,119.56811,8,12.183234967745635,0.0,,0.0,8,0.0,118.56811,8,12.183234967745635,0.0,,0.8460626052736252,0.0,,,,8,2
15,8,3,0.0,8,0.0,13.9864,8,4.67258,0.0,,0.0,8,0.0,13.9864,8,4.67258,0.0,,0.8460626052736252,0.0,,,,8,3
15,8,4,0.0,8,0.0,30.2678,8,6.656732102420826,0.0,,0.0,8,0.0,30.2678,8,6.656732102420826,0.0,,0.8460626052736252,0.0,,,,8,4
15,8,5,0.0,8,0.0,24.47021,8,5.369260006788645,0.0,,0.0,8,0.0,24.47021,8,5.369260006788645,0.0,,0.8460626052736252,0.0,,,,8,5
15,8,6,0.0,8,0.0,0.0,8,0.0,,,0.0,8,0.0,0.0,8,0.0,,,0.8460626052736252,,,,,8,6
15,8,7,0.0,8,0.0,0.0,8,0.0,,,0.0,8,0.0,0.0,8,0.0,,,0.8460626052736252,,,,,8,7
15,8,8,0.0,8,0.0,0.0,8,0.0,,,0.0,8,0.0,0.0,8,0.0,,,0.8460626052736252,,,,,8,8
15,8,9,0.0,8,0.0,0.0,8,0.0,,,0.0,8,0.0,0.0,8,0.0,,,0.8460626052736252,,,,,8,9
15,8,10,0.0,8,0.0,0.0,8,0.0,,,0.0,8,0.0,0.0,8,0.0,,,0.8460626052736252,,,,,8,10
15,8,11,0.0,8,0.0,0.0,8,0.0,,,0.0,8,0.0,0.0,8,0.0,,,0.8460626052736252,,,,,8,11
16,1,1,71636.26,8,894.7548433973409,58250860.0,8,909.0428725406739,0.001229788882086891,1.536038337946455e-05,71636.26,8,894.7548433973409,43161410.0,8,909.0428725406739,0.0016597293739940375,2.0730465373148088e-05,0.8882358581250351,0.0014742311447649213,1.841354270004952e-05,0.8341900023303275,0.01473504988651153,1,1
16,1,2,63944.82,8,478.86338793386574,22643690.0,8,448.0714377988961,0.0028239575793521285,2.114783675597282e-05,63944.82,8,478.86338793386574,16786710.0,8,448.0714377988961,0.0038092526766710095,2.852652066645623e-05,0.8882358581250351,0.003383514820077961,2.5338278563491298e-05,0.8346224945121005,0.008839210681577617,1,2
16,1,3,42434.83,8,273.8412924290272,10866840.0,8,270.55443966093037,0.0039049834174424212,2.5199904525141427e-05,42434.83,8,273.8412924290272,8061022.0,8,270.55443966093037,0.005264199750354236,3.397149842581237e-05,0.8882358581250351,0.004675850982597491,3.0174703056044734e-05,0.8351385516723966,0.007621747414463726,1,3
16,1,4,18387.27,8,158.40199718194845,5738471.0,8,162.25617724185418,0.003204210668660694,2.760366836144282e-05,18387.27,8,158.40199718194845,4260356.0,8,162.25617724185418,0.004315899891933914,3.71808236485235e-05,0.8882358581250351,0.0038335370440936664,3.302534079924187e-05,0.83583662602072,0.010183172178912875,1,4
16,1,5,5468.675,8,80.20256509538831,5015200.0,8,109.50947455033285,0.001090420122826607,1.599191537514384e-05,5468.675,8,80.20256509538831,3723463.0,8,109.50947455033285,0.0014687066851476703,2.153982095856869e-05,0.8882358581250351,0.0013045579428161167,1.9132441352993875e-05,0.8358541135189016,0.017336135923241965,1,5
16,1,6,0.0,8,0.0,1666891.0,8,43.36218613278625,0.0,,0.0,8,0.0,1235642.0,8,43.36218613278625,0.0,,0.8882358581250351,0.0,,,,1,6
16,1,7,0.0,8,0.0,556236.0,8,18.78348032547749,0.0,,0.0,8,0.0,411803.0,8,18.78348032547749,0.0,,0.8882358581250351,0.0,,,,1,7
16,1,8,0.0,8,0.0,214805.0,8,18.06045622880275,0.0,,0.0,8,0.0,158066.0,8,18.06045622880275,0.0,,0.8882358581250351,0.0,,,,1,8
16,1,9,0.0,8,0.0,32690.0,8,0.0,0.0,,0.0,8,0.0,24145.0,8,0.0,0.0,,0.8882358581250351,0.0,,,,1,9
16,1,10,0.0,8,0.0,3062.0,8,0.0,0.0,,0.0,8,0.0,2285.0,8,0.0,0.0,,0.8882358581250351,0.0,,,,1,10
16,1,11,0.0,8,0.0,7.0,8,0.0,0.0,,0.0,8,0.0,5.0,8,0.0,0.0,,0.8882358581250351,0.0,,,,1,11
16,2,1,179173.19,8,1062.5487652898573,6864853.0,8,1171.8594541078721,0.026100076724148356,0.0001548451044673235,179173.19,8,1062.5487652898573,5071358.0,8,1171.8594541078721,0.0353304164288934,0.00020967856749292492,0.8882358581250351,0.03138174275463297,0.00018624402232750626,0.8316962167531352,0.006979273645773136,2,1
16,2,2,167105.78,8,696.9637372169444,5031712.0,8,695.991132572104,0.03321052158788102,0.00013859038714161015,167105.78,8,696.9637372169444,3719907.0,8,695.991132572104,0.04492203165294186,0.00018754895108541298,0.8882358581250351,0.03990135933397081,0.00016658770350780203,0.8323155436864175,0.004913142453247899,2,2
16,2,3,135645.47,8,494.04901185474506,3598750.0,8,480.3853556833826,0.037692384855852724,0.00013737567444450935,135645.47,8,494.04901185474506,2665829.0,8,480.3853556833826,0.05088303488333273,0.00018555328272078697,0.8882358581250351,0.04519613615360314,0.00016481507930541547,0.8339736106589235,0.0042997506169780335,2,3
16,2,4,102302.99,8,579.033973460487,2560061.0,8,375.1036636256436,0.039961153269394756,0.00022625553067517814,102302.99,8,579.033973460487,1897426.0,8,375.1036636256436,0.05391672191695487,0.0003053542333694973,0.8882358581250351,0.0478907657591953,0.0002712265795090677,0.8344229338559279,0.0066822399461107015,2,4
16,2,5,118924.33,8,404.3461750833066,3082335.0,8,396.9105820753712,0.038582545375502666,0.00013127582228096143,118924.33,8,404.3461750833066,2287246.0,8,396.9105820753712,0.05199455152615853,0.00017701308789409227,0.8882358581250351,0.04618342509266378,0.00015722937202497132,0.8354197484939567,0.004021059309179775,2,5
16,2,6,42413.16,8,225.84614879984116,1555851.0,8,227.29995144814703,0.02726042532350463,0.00014521386255263424,42413.16,8,225.84614879984116,1156110.0,8,227.29995144814703,0.03668609388379999,0.0001954831625156722,0.8882358581250351,0.03258590408213269,0.0001736351546061038,0.8365710908248793,0.006303177354894751,2,6
16,2,7,12138.35,8,115.96950931710455,791867.0,8,122.70615879962993,0.015328773645069184,0.0001464700031222303,12138.35,8,115.96950931710455,587784.0,8,122.70615879962993,0.02065103847671934,0.00019734662885813347,0.8882358581250351,0.018342992882541924,0.000175290352231887,0.8356746220873507,0.011293193268978983,2,7
16,2,8,2423.674,8,51.117771684415196,512350.0,8,63.5779467302932,0.004730504537913536,9.977292170946734e-05,2423.674,8,51.117771684415196,380125.0,8,63.5779467302932,0.006375992107859257,0.00013448044457740131,0.8882358581250351,0.005663384821322818,0.00011945035309024429,0.8352786694103922,0.024914643929932583,2,8
16,2,9,0.0,8,0.0,170388.0,8,15.400871130527,0.0,,0.0,8,0.0,126006.0,8,15.400871130527,0.0,,0.8882358581250351,0.0,,,,2,9
16,2,10,0.0,8,0.0,55968.0,8,5.44521,0.0,,0.0,8,0.0,41149.0,8,5.44521,0.0,,0.8882358581250351,0.0,,,,2,10
16,2,11,0.0,8,0.0,7527.0,8,0.0,0.0,,0.0,8,0.0,5467.0,8,0.0,0.0,,0.8882358581250351,0.0,,,,2,11
16,3,1,168151.07,8,836.5065068718832,3525368.0,8,848.9916380347925,0.04769745172702538,0.00023755990730566824,168151.07,8,836.5065068718832,2602518.0,8,848.9916380347925,0.0646109152751297,0.00032211232129530514,0.8882358581250351,0.05738973177364877,0.0002861117141183824,0.8311147352134215,0.005856872777149546,3,1
16,3,2,138473.87,8,568.8638728419128,2745635.0,8,592.3370479454413,0.0504341873555662,0.00020747395566959894,138473.87,8,568.8638728419128,2028391.0,8,592.3370479454413,0.0682678388929945,0.0002811584699047956,0.8882358581250351,0.06063794246146061,0.000249735034785008,0.831726561098613,0.004841528565530477,3,2
16,3,3,115952.32,8,432.06091585786834,2109690.0,8,448.0162121869699,0.05496178111476094,0.00020513062056993318,115952.32,8,432.06091585786834,1558915.0,8,448.0162121869699,0.07438014259917956,0.0002779780036679171,0.8882358581250351,0.06606710978904475,0.0002469100306278565,0.831908362425061,0.004393920999027189,3,3
16,3,4,91591.44,8,351.8571578056641,1587130.0,8,362.06734647715746,0.05770884552620138,0.0002220845205740982,91591.44,8,351.8571578056641,1175028.0,8,362.06734647715746,0.07794830421062307,0.0003004074888792781,0.8882358581250351,0.06923647887991408,0.0002668327036718725,0.8335034718662313,0.004539548196103467,3,4
16,3,5,132171.38,8,450.2619809232843,2028297.0,8,410.3173287893286,0.06516372109212804,0.00022238122164863324,132171.38,8,450.2619809232843,1504450.0,8,410.3173287893286,0.08785362092459038,0.0003002443867042118,0.8882358581250351,0.07803473637134509,0.00026668783047144047,0.8350604374702113,0.004033080244838413,3,5
16,3,6,75867.63,8,305.034275083047,1080395.0,8,297.63414960661015,0.07022212246446902,0.0002829978595986019,75867.63,8,305.034275083047,801204.0,8,297.63414960661015,0.09469202600086869,0.0003823414714279203,0.8882358581250351,0.08410885297247975,0.0003396094049705674,0.8348957331215248,0.004762897479461953,3,6
16,3,7,41894.64,8,217.7055217305248,572721.0,8,211.94752530966244,0.07315017259712844,0.00038108762500817846,41894.64,8,217.7055217305248,424707.0,8,211.94752530966244,0.09864362960817694,0.0005149600288520759,0.8882358581250351,0.08761880899358716,0.00045740596312751646,0.8348683740095385,0.0061573019616517725,3,7
16,3,8,28091.42,8,175.79190708977475,401119.0,8,168.9418716042592,0.0700326337072041,0.0004392452293651999,28091.42,8,175.79190708977475,297975.0,8,168.9418716042592,0.09427441899488212,0.000592371600820447,0.8882358581250351,0.08373791945515824,0.0005261656971836504,0.8363311885806605,0.007425011540931003,3,8
16,3,9,8549.966,8,95.21602289347103,157531.0,8,92.43784510599541,0.05427481575055069,0.0006052656836099493,8549.966,8,95.21602289347103,117095.0,8,92.43784510599541,0.07301734489090056,0.000815192373116748,0.8882358581250351,0.06485662399718072,0.0007240830970723385,0.8368430609787828,0.013205353630170428,3,9
16,3,10,2339.143,8,49.91727233182919,71815.0,8,49.862563625730274,0.032571788623546614,0.0006954492304523561,2339.143,8,49.91727233182919,53348.0,8,49.862563625730274,0.043846873359826045,0.0009365885966280863,0.8882358581250351,0.03894636518486483,0.0008319115758360706,0.8363242235556433,0.025258451568307846,3,10
16,3,11,71.141,8,9.403181674247287,20562.0,8,15.336129245454995,0.0034598288104270014,0.0004573159895886709,71.141,8,9.403181674247287,15169.0,8,15.336129245454995,0.004689893862482695,0.0006199127659199633,0.8882358581250351,0.004165731899457652,0.0005506287475995827,0.8305452424524598,0.15525405899429448,3,11
16,4,1,140040.84,8,574.4676449418191,2131808.0,8,596.9469924649926,0.06569111289572044,0.00027010148171717014,140040.84,8,574.4676449418191,1573820.0,8,596.9469924649926,0.08898148454079882,0.0003665718558974589,0.8882358581250351,0.07903654527833599,0.00032560226698756615,0.8311485865732349,0.004837644861480968,4,1
16,4,2,103046.29999999999,8,434.8310564223535,1685965.0,8,431.62174200195244,0.061120070701349075,0.00025838648363515405,103046.29999999999,8,434.8310564223535,1246971.0,8,431.62174200195244,0.08263728667306616,0.00034988101739862076,0.8882358581250351,0.07340140124117546,0.00031077686573072427,0.8326826146074032,0.004982070654305691,4,2
16,4,3,81537.03,8,352.18359246919783,1311439.0,8,359.61329599542063,0.06217371147266476,0.00026908807578107516,81537.03,8,352.18359246919783,970756.0,8,359.61329599542063,0.0839933309709134,0.00036412496472754764,0.8882358581250351,0.07460588841172935,0.00032342885050952143,0.8333619878573816,0.005104998713364868,4,3
16,4,4,65213.247,8,296.3533072805161,999645.0,8,293.8196986464829,0.06523640592410306,0.0002970779951489478,65213.247,8,296.3533072805161,740924.0,8,293.8196986464829,0.08801610826481529,0.0004014980266704903,0.8882358581250351,0.07817906345342421,0.00035662494425517117,0.8344485472503538,0.005378556464910132,4,4
16,4,5,95626.879,8,354.29263329651667,1322701.0,8,351.96489743320996,0.0722966709785507,0.0002685453788554044,95626.879,8,354.29263329651667,980781.0,8,351.96489743320996,0.09750074583418725,0.0003629257914141245,0.8882358581250351,0.08660365864386026,0.00032236370177243236,0.8347992695765418,0.004389875207120547,4,5
16,4,6,59679.267,8,263.7704737002608,736741.0,8,262.4993344568706,0.08100440589026538,0.0003591847856707986,59679.267,8,263.7704737002608,546547.0,8,262.4993344568706,0.10919329353193778,0.0004854537201509137,0.8882358581250351,0.09698939878183961,0.00043119740169823747,0.8351882464234093,0.005244217590562371,4,6
16,4,7,35668.212999999996,8,206.1152369373259,401204.0,8,197.13497317789657,0.08890293466665336,0.0005155955658297769,35668.212999999996,8,206.1152369373259,297119.0,8,197.13497317789657,0.12004689366886667,0.0006982703256308584,0.8882358581250351,0.10662995561321063,0.0006202287418899732,0.8337519616826978,0.006848345731597773,4,7
16,4,8,27060.366,8,173.40480692117507,284190.0,8,167.5660208391606,0.09521927583658821,0.0006127496323602944,27060.366,8,173.40480692117507,210809.0,8,167.5660208391606,0.1283643772324711,0.0008288723795178392,0.8882358581250351,0.1140178427637697,0.0007362341692971676,0.8351260954293821,0.007613230679820118,4,8
16,4,9,11237.278,8,109.28655768812558,112223.0,8,103.83949733376987,0.10013346640171801,0.0009782315630901958,11237.278,8,109.28655768812558,82925.0,8,103.83949733376987,0.1355113415737112,0.0013287757942301573,0.8882358581250351,0.12036603276840012,0.0011802663078437988,0.8319080067579182,0.011514923125295685,4,9
16,4,10,5383.816,8,75.32458697284706,50678.0,8,71.53930100259576,0.1062357630530013,0.001493883474192571,5383.816,8,75.32458697284706,37609.0,8,71.53930100259576,0.14315233055917467,0.00202126022755867,0.8882358581250351,0.12715303317682722,0.001795355812719579,0.8354953114273175,0.016649290415757207,4,10
16,4,11,1832.883,8,44.16828707149509,16634.0,8,38.37426145154067,0.11018895034267163,0.0026674418540550077,1832.883,8,44.16828707149509,12278.0,8,38.37426145154067,0.14928188630070044,0.003627482767489257,0.8882358581250351,0.1325975243808266,0.0032220602688145974,0.831003073829671,0.028503405965628333,4,11
16,5,1,95410.68,8,411.98306521870535,1173922.0,8,429.8022622485833,0.08127514434519499,0.00035220514959858663,95410.68,8,411.98306521870535,871225.0,8,429.8022622485833,0.10951324858676001,0.00047595416270359496,0.8882358581250351,0.09727359433452107,0.0004227595541372103,0.8355314194075334,0.005127986911507033,5,1
16,5,2,66549.73000000001,8,315.9105479286344,916785.0,8,315.98111537631485,0.07259033470224754,0.000345492288755849,66549.73000000001,8,315.9105479286344,680331.0,8,315.98111537631485,0.09781963485421069,0.0004665656059603382,0.8882358581250351,0.08688690730620743,0.00041442030138180805,0.8354576880774935,0.005629412510464557,5,2
16,5,3,49721.233,8,253.65612343657307,710444.0,8,286.5342959173474,0.06998613965351246,0.00035815289607175665,49721.233,8,253.65612343657307,526611.0,8,286.5342959173474,0.0944173839893204,0.0004844083448733492,0.8882358581250351,0.08386490608967495,0.0004302688618915073,0.8345104396668348,0.0060472164398608155,5,3
16,5,4,38258.039000000004,8,222.36746456842556,545005.0,8,217.10563997360822,0.07019759268263595,0.0004089670940264086,38258.039000000004,8,222.36746456842556,403387.0,8,217.10563997360822,0.09484202267301625,0.000553609209669214,0.8882358581250351,0.08424208539528064,0.0004917355514164567,0.8332841281558365,0.0068721532056178715,5,4
16,5,5,55808.583,8,290.98199114326644,733189.0,8,263.6872539873135,0.07611759450837369,0.00039781475536019456,55808.583,8,290.98199114326644,544125.0,8,263.6872539873135,0.10256573949000689,0.0005370753927433557,0.8882358581250351,0.09110256763013506,0.0004770496223512348,0.8355153590994441,0.006181362666408161,5,5
16,5,6,34817.905,8,198.9084571661547,418144.0,8,199.85694417785461,0.08326773790847172,0.00047735565427106696,34817.905,8,198.9084571661547,310650.0,8,199.85694417785461,0.11208081442137453,0.0006443450235884102,0.8882358581250351,0.09955419837692242,0.0005723303549556476,0.8364060910139772,0.006790617944516567,5,6
16,5,7,21240.7091,8,158.68512947731682,233723.0,8,148.80373657742737,0.09087984109394454,0.0006814062713522414,21240.7091,8,158.68512947731682,173670.0,8,148.80373657742737,0.12230499856048828,0.0009197060973029328,0.8882358581250351,0.1086356853493565,0.0008169159345606976,0.8365560616816494,0.008883470907438601,5,7
16,5,8,16667.6321,8,134.50259810221846,166806.0,8,126.15006301378133,0.09992225759265254,0.0008098747554198992,16667.6321,8,134.50259810221846,123481.0,8,126.15006301378133,0.1349813501672322,0.001097951686636854,0.8882358581250351,0.11989527539666735,0.0009752400585597156,0.8334128034825801,0.009569937445240458,5,8
16,5,9,6521.1024,8,83.10288801062752,64891.0,8,77.97524621098032,0.10049317162626557,0.0012863341228330936,6521.1024,8,83.10288801062752,47933.0,8,77.97524621098032,0.13604619781778732,0.0017477986431030982,0.8882358581250351,0.1208411112633306,0.0015524574275864525,0.8316140970209728,0.01508166899450181,5,9
16,5,10,2971.9187,8,56.05934637150169,27682.0,8,50.4313084945255,0.10735924788671339,0.002034542198748351,2971.9187,8,56.05934637150169,20344.0,8,50.4313084945255,0.14608330220212348,0.0027792647129924845,0.8882358581250351,0.129756427289242,0.002468642577301509,0.8273905973643778,0.022218029319363293,5,10
16,5,11,829.9617,8,29.778424715973475,7763.0,8,28.244637982590607,0.10691249516939327,0.003855615212322627,829.9617,8,29.778424715973475,5720.0,8,28.244637982590607,0.14509819930069928,0.005255089468393287,0.8882358581250351,0.128881423568254,0.004667758903482146,0.8295415445405423,0.04239813668947912,5,11
16,6,1,44648.99,8,249.75479775035353,489266.0,8,259.43652827570367,0.09125708714686898,0.0005127567415470672,44648.99,8,249.75479775035353,363658.0,8,259.43652827570367,0.122777417243674,0.0006923478025526994,0.8882358581250351,0.10905530456381025,0.0006149681445213794,0.8367964081332036,0.0066613385856440135,6,1
16,6,2,30536.16,8,198.4233272909967,378116.0,8,207.3330814433143,0.0807587089676184,0.000526633475602808,30536.16,8,198.4233272909967,281026.0,8,207.3330814433143,0.10865955463195576,0.000710603902763679,0.8882358581250351,0.09651531275199936,0.0006311838673582954,0.8367450372888674,0.00772766719076946,6,2
16,6,3,22347.393,8,166.2690225862292,289003.0,8,164.58824248074345,0.07732581668702401,0.0005770023038791613,22347.393,8,166.2690225862292,214761.0,8,164.58824248074345,0.10405703549527148,0.0007783012621394331,0.8882358581250351,0.0924271902170897,0.0006913150894562172,0.8366133007549389,0.008839038470606062,6,3
16,6,4,16302.7111,8,139.9190560905483,219945.0,8,137.49692635444617,0.07412176271340562,0.0006378400652237435,16302.7111,8,139.9190560905483,163195.0,8,137.49692635444617,0.09989712368638745,0.0008614947387785385,0.8882358581250351,0.08873220738180113,0.0007652105185691582,0.8353422607246882,0.010176836658597362,6,4
16,6,5,22859.7431,8,163.87639643856372,290381.0,8,161.45547184879953,0.07872327425003701,0.0005660444894250944,22859.7431,8,163.87639643856372,214799.0,8,161.45547184879953,0.10642388046499285,0.0007671113581669185,0.8882358581250351,0.09452950678981908,0.0006813758154988541,0.8327904896941194,0.008478807720061125,6,5
16,6,6,13035.8587,8,119.60425698526328,161771.0,8,118.19880508954775,0.08058217294817983,0.0007416836717318881,13035.8587,8,119.60425698526328,119759.0,8,118.19880508954775,0.10885076445194099,0.0010044696162582849,0.8882358581250351,0.09668515217053587,0.0008922059315577024,0.8334493057015293,0.010862691574287934,6,6
16,6,7,7710.394,8,92.20232781698084,88089.0,8,86.75806084941041,0.08752958939254618,0.0010502391974204072,7710.394,8,92.20232781698084,65430.0,8,86.75806084941041,0.1178418768149167,0.001417811686749542,0.8882358581250351,0.10467138057576222,0.001259351180239683,0.8362323006639945,0.014209174974888661,6,7
16,6,8,5703.5779999999995,8,78.04197923938116,60248.0,8,72.7743154779899,0.09466833753817554,0.0013003831301616438,5703.5779999999995,8,78.04197923938116,44710.0,8,72.7743154779899,0.12756828450011182,0.0017578220298119244,0.8882358581250351,0.11331072465249543,0.0015613605590810858,0.8354755282741956,0.016255457121895894,6,8
16,6,9,2159.083,8,48.14096103569184,21866.0,8,45.02540726956281,0.09874156224275131,0.0022110041374053782,2159.083,8,48.14096103569184,16170.0,8,45.02540726956281,0.13352399505256649,0.00300030329662708,0.8882358581250351,0.11860080032579934,0.002664976973314926,0.8325539285696706,0.02641048623330706,6,9
16,6,10,679.8841,8,27.07651182888963,7764.0,8,24.059496248986594,0.08756879185986605,0.003497985190976191,679.8841,8,27.07651182888963,5698.0,8,24.059496248986594,0.11931977886977886,0.00477856663949623,0.8882358581250351,0.10598410617568746,0.0042444942396406,0.8262445664702331,0.04673596773484567,6,10
16,6,11,0.0,8,0.0,1172.0,8,0.0,0.0,,0.0,8,0.0,843.0,8,0.0,0.0,,0.8882358581250351,0.0,,,,6,11
16,7,1,10596.146,8,119.25287246821352,113470.0,8,125.47332024932632,0.09338279721512295,0.0010560246083245427,10596.146,8,119.25287246821352,84402.0,8,125.47332024932632,0.1255437785834459,0.0014251884903046894,0.8882358581250351,0.11151248590232647,0.001265903521675709,0.8374201010720604,0.01341844281343308,7,1
16,7,2,6649.919,8,89.82126483778771,84046.0,8,93.36641460755575,0.07912237346215167,0.0010723239771129496,6649.919,8,89.82126483778771,62439.0,8,93.36641460755575,0.10650265058697288,0.001447332711049939,0.8882358581250351,0.09459947323671063,0.001285572812591876,0.8363933831234818,0.016052538687718085,7,2
16,7,3,4478.5422,8,71.57297639910472,61499.0,8,71.61882261132753,0.07282300850420331,0.0011668929671016977,4478.5422,8,71.57297639910472,45547.0,8,71.61882261132753,0.09832792939161744,0.0015789971415834678,0.8882358581250351,0.08733839274082118,0.001402521881031369,0.8338029384203047,0.018915261851206396,7,3
16,7,4,3227.772,8,59.34005507724104,44641.0,8,59.23822291282884,0.07230510069218879,0.001332730853894645,3227.772,8,59.34005507724104,32969.0,8,59.23822291282884,0.09790324243986775,0.0018084502048676854,0.8882358581250351,0.08696117056179929,0.0016063303195970441,0.8314642066691695,0.02169704344676577,7,4
16,7,5,4217.7723,8,68.03471534395143,54971.0,8,66.54594625499362,0.07672722526423022,0.0012411278711195793,4217.7723,8,68.03471534395143,40271.0,8,66.54594625499362,0.10473472970624022,0.0016982637678069322,0.8882358581250351,0.0930291425161159,0.001508458775120646,0.8247654787416576,0.018890212174119358,7,5
16,7,6,2013.1649,8,47.18410711574396,26969.0,8,45.559508678632604,0.074647369201676,0.001754107007941429,2013.1649,8,47.18410711574396,19790.0,8,45.559508678632604,0.10172637190500253,0.0023957137439160753,0.8882358581250351,0.09035701124298638,0.002127958853149236,0.8261380957027861,0.027484614527074923,7,6
16,7,7,843.6906,8,30.317823352980007,12542.0,8,27.979548974695785,0.0672692234093446,0.0024219574620883396,843.6906,8,30.317823352980007,9163.0,8,27.979548974695785,0.09207580486740151,0.0033206464809378586,0.8882358581250351,0.08178503154894967,0.002949517276525717,0.8225126546424681,0.041915195732007436,7,7
16,7,8,388.4217,8,20.81185214418217,6600.0,8,19.113009726359163,0.058851772727272725,0.0031579132400275023,388.4217,8,20.81185214418217,4831.0,8,19.113009726359163,0.08040192506727385,0.004319708119790225,0.8882358581250351,0.07141587290703476,0.0038369196486315524,0.8240713210056637,0.06257405085352291,7,8
16,7,9,11.9929,8,3.77715,1267.0,8,3.77715,0.009465588003157064,0.002981309556067102,11.9929,8,3.77715,915.0,8,3.77715,0.013106994535519126,0.004128387355857115,0.8882358581250351,0.011642102538696977,0.00366698168570229,0.8130479843906686,0.36215924262559834,7,9
16,7,10,0.0,8,0.0,103.0,8,0.0,0.0,,0.0,8,0.0,69.0,8,0.0,0.0,,0.8882358581250351,0.0,,,,7,10
16,7,11,0.0,8,0.0,0.0,8,0.0,,,0.0,8,0.0,0.0,8,0.0,,,0.8882358581250351,,,,,7,11
16,8,1,125.8281,8,12.086215769884303,4636.0,8,12.086215769884303,0.027141522864538397,0.002607995401178469,125.8281,8,12.086215769884303,3402.0,8,12.086215769884303,0.036986507936507936,0.003555108738031698,0.8882358581250351,0.03285274261603255,0.0031577750606533958,0.8261569873101856,0.11228420628772118,8,1
16,8,2,39.3967,8,7.0439620665787235,2806.0,8,7.0439620665787235,0.01404016393442623,0.0025105688906330594,39.3967,8,7.0439620665787235,1995.0,8,7.0439620665787235,0.019747719298245616,0.0035314964451921404,0.8882358581250351,0.01754063239688951,0.003136801775460752,0.8004365872758373,0.20242438416065775,8,2
16,8,3,0.0,8,0.0,1419.0,8,0.0,0.0,,0.0,8,0.0,1025.0,8,0.0,0.0,,0.8882358581250351,0.0,,,,8,3
16,8,4,0.0,8,0.0,677.0,8,0.0,0.0,,0.0,8,0.0,485.0,8,0.0,0.0,,0.8882358581250351,0.0,,,,8,4
16,8,5,0.0,8,0.0,385.0,8,0.0,0.0,,0.0,8,0.0,277.0,8,0.0,0.0,,0.8882358581250351,0.0,,,,8,5
16,8,6,0.0,8,0.0,18.0,8,0.0,0.0,,0.0,8,0.0,15.0,8,0.0,0.0,,0.8882358581250351,0.0,,,,8,6
16,8,7,0.0,8,0.0,0.0,8,0.0,,,0.0,8,0.0,0.0,8,0.0,,,0.8882358581250351,,,,,8,7
16,8,8,0.0,8,0.0,0.0,8,0.0,,,0.0,8,0.0,0.0,8,0.0,,,0.8882358581250351,,,,,8,8
16,8,9,0.0,8,0.0,0.0,8,0.0,,,0.0,8,0.0,0.0,8,0.0,,,0.8882358581250351,,,,,8,9
16,8,10,0.0,8,0.0,0.0,8,0.0,,,0.0,8,0.0,0.0,8,0.0,,,0.8882358581250351,,,,,8,10
16,8,11,0.0,8,0.0,0.0,8,0.0,,,0.0,8,0.0,0.0,8,0.0,,,0.8882358581250351,,,,,8,11
17,1,1,0.0,8,0.0,0.0,8,0.0,,,0.0,8,0.0,0.0,8,0.0,,,,,,,,1,1
17,1,2,0.0,8,0.0,0.0,8,0.0,,,0.0,8,0.0,0.0,8,0.0,,,,,,,,1,2
17,1,3,0.0,8,0.0,0.0,8,0.0,,,0.0,8,0.0,0.0,8,0.0,,,,,,,,1,3
17,1,4,0.0,8,0.0,0.0,8,0.0,,,0.0,8,0.0,0.0,8,0.0,,,,,,,,1,4
17,1,5,0.0,8,0.0,0.0,8,0.0,,,0.0,8,0.0,0.0,8,0.0,,,,,,,,1,5
17,1,6,0.0,8,0.0,0.0,8,0.0,,,0.0,8,0.0,0.0,8,0.0,,,,,,,,1,6
17,1,7,0.0,8,0.0,0.0,8,0.0,,,0.0,8,0.0,0.0,8,0.0,,,,,,,,1,7
17,1,8,0.0,8,0.0,0.0,8,0.0,,,0.0,8,0.0,0.0,8,0.0,,,,,,,,1,8
17,1,9,0.0,8,0.0,0.0,8,0.0,,,0.0,8,0.0,0.0,8,0.0,,,,,,,,1,9
17,1,10,0.0,8,0.0,0.0,8,0.0,,,0.0,8,0.0,0.0,8,0.0,,,,,,,,1,10
17,1,11,0.0,8,0.0,0.0,8,0.0,,,0.0,8,0.0,0.0,8,0.0,,,,,,,,1,11
17,2,1,0.0,8,0.0,0.0,8,0.0,,,0.0,8,0.0,0.0,8,0.0,,,,,,,,2,1
17,2,2,0.0,8,0.0,0.0,8,0.0,,,0.0,8,0.0,0.0,8,0.0,,,,,,,,2,2
17,2,3,0.0,8,0.0,0.0,8,0.0,,,0.0,8,0.0,0.0,8,0.0,,,,,,,,2,3
17,2,4,0.0,8,0.0,0.0,8,0.0,,,0.0,8,0.0,0.0,8,0.0,,,,,,,,2,4
17,2,5,0.0,8,0.0,0.0,8,0.0,,,0.0,8,0.0,0.0,8,0.0,,,,,,,,2,5
17,2,6,0.0,8,0.0,0.0,8,0.0,,,0.0,8,0.0,0.0,8,0.0,,,,,,,,2,6
17,2,7,0.0,8,0.0,0.0,8,0.0,,,0.0,8,0.0,0.0,8,0.0,,,,,,,,2,7
17,2,8,0.0,8,0.0,0.0,8,0.0,,,0.0,8,0.0,0.0,8,0.0,,,,,,,,2,8
17,2,9,0.0,8,0.0,0.0,8,0.0,,,0.0,8,0.0,0.0,8,0.0,,,,,,,,2,9
17,2,10,0.0,8,0.0,0.0,8,0.0,,,0.0,8,0.0,0.0,8,0.0,,,,,,,,2,10
17,2,11,0.0,8,0.0,0.0,8,0.0,,,0.0,8,0.0,0.0,8,0.0,,,,,,,,2,11
17,3,1,0.0,8,0.0,0.0,8,0.0,,,0.0,8,0.0,0.0,8,0.0,,,,,,,,3,1
17,3,2,0.0,8,0.0,0.0,8,0.0,,,0.0,8,0.0,0.0,8,0.0,,,,,,,,3,2
17,3,3,0.0,8,0.0,0.0,8,0.0,,,0.0,8,0.0,0.0,8,0.0,,,,,,,,3,3
17,3,4,0.0,8,0.0,0.0,8,0.0,,,0.0,8,0.0,0.0,8,0.0,,,,,,,,3,4
17,3,5,0.0,8,0.0,0.0,8,0.0,,,0.0,8,0.0,0.0,8,0.0,,,,,,,,3,5
17,3,6,0.0,8,0.0,0.0,8,0.0,,,0.0,8,0.0,0.0,8,0.0,,,,,,,,3,6
17,3,7,0.0,8,0.0,0.0,8,0.0,,,0.0,8,0.0,0.0,8,0.0,,,,,,,,3,7
17,3,8,0.0,8,0.0,0.0,8,0.0,,,0.0,8,0.0,0.0,8,0.0,,,,,,,,3,8
17,3,9,0.0,8,0.0,0.0,8,0.0,,,0.0,8,0.0,0.0,8,0.0,,,,,,,,3,9
17,3,10,0.0,8,0.0,0.0,8,0.0,,,0.0,8,0.0,0.0,8,0.0,,,,,,,,3,10
17,3,11,0.0,8,0.0,0.0,8,0.0,,,0.0,8,0.0,0.0,8,0.0,,,,,,,,3,11
17,4,1,0.0,8,0.0,0.0,8,0.0,,,0.0,8,0.0,0.0,8,0.0,,,,,,,,4,1
17,4,2,0.0,8,0.0,0.0,8,0.0,,,0.0,8,0.0,0.0,8,0.0,,,,,,,,4,2
17,4,3,0.0,8,0.0,0.0,8,0.0,,,0.0,8,0.0,0.0,8,0.0,,,,,,,,4,3
17,4,4,0.0,8,0.0,0.0,8,0.0,,,0.0,8,0.0,0.0,8,0.0,,,,,,,,4,4
17,4,5,0.0,8,0.0,0.0,8,0.0,,,0.0,8,0.0,0.0,8,0.0,,,,,,,,4,5
17,4,6,0.0,8,0.0,0.0,8,0.0,,,0.0,8,0.0,0.0,8,0.0,,,,,,,,4,6
17,4,7,0.0,8,0.0,0.0,8,0.0,,,0.0,8,0.0,0.0,8,0.0,,,,,,,,4,7
17,4,8,0.0,8,0.0,0.0,8,0.0,,,0.0,8,0.0,0.0,8,0.0,,,,,,,,4,8
17,4,9,0.0,8,0.0,0.0,8,0.0,,,0.0,8,0.0,0.0,8,0.0,,,,,,,,4,9
17,4,10,0.0,8,0.0,0.0,8,0.0,,,0.0,8,0.0,0.0,8,0.0,,,,,,,,4,10
17,4,11,0.0,8,0.0,0.0,8,0.0,,,0.0,8,0.0,0.0,8,0.0,,,,,,,,4,11
17,5,1,0.0,8,0.0,0.0,8,0.0,,,0.0,8,0.0,0.0,8,0.0,,,,,,,,5,1
17,5,2,0.0,8,0.0,0.0,8,0.0,,,0.0,8,0.0,0.0,8,0.0,,,,,,,,5,2
17,5,3,0.0,8,0.0,0.0,8,0.0,,,0.0,8,0.0,0.0,8,0.0,,,,,,,,5,3
17,5,4,0.0,8,0.0,0.0,8,0.0,,,0.0,8,0.0,0.0,8,0.0,,,,,,,,5,4
17,5,5,0.0,8,0.0,0.0,8,0.0,,,0.0,8,0.0,0.0,8,0.0,,,,,,,,5,5
17,5,6,0.0,8,0.0,0.0,8,0.0,,,0.0,8,0.0,0.0,8,0.0,,,,,,,,5,6
17,5,7,0.0,8,0.0,0.0,8,0.0,,,0.0,8,0.0,0.0,8,0.0,,,,,,,,5,7
17,5,8,0.0,8,0.0,0.0,8,0.0,,,0.0,8,0.0,0.0,8,0.0,,,,,,,,5,8
17,5,9,0.0,8,0.0,0.0,8,0.0,,,0.0,8,0.0,0.0,8,0.0,,,,,,,,5,9
17,5,10,0.0,8,0.0,0.0,8,0.0,,,0.0,8,0.0,0.0,8,0.0,,,,,,,,5,10
17,5,11,0.0,8,0.0,0.0,8,0.0,,,0.0,8,0.0,0.0,8,0.0,,,,,,,,5,11
17,6,1,0.0,8,0.0,0.0,8,0.0,,,0.0,8,0.0,0.0,8,0.0,,,,,,,,6,1
17,6,2,0.0,8,0.0,0.0,8,0.0,,,0.0,8,0.0,0.0,8,0.0,,,,,,,,6,2
17,6,3,0.0,8,0.0,0.0,8,0.0,,,0.0,8,0.0,0.0,8,0.0,,,,,,,,6,3
17,6,4,0.0,8,0.0,0.0,8,0.0,,,0.0,8,0.0,0.0,8,0.0,,,,,,,,6,4
17,6,5,0.0,8,0.0,0.0,8,0.0,,,0.0,8,0.0,0.0,8,0.0,,,,,,,,6,5
17,6,6,0.0,8,0.0,0.0,8,0.0,,,0.0,8,0.0,0.0,8,0.0,,,,,,,,6,6
17,6,7,0.0,8,0.0,0.0,8,0.0,,,0.0,8,0.0,0.0,8,0.0,,,,,,,,6,7
17,6,8,0.0,8,0.0,0.0,8,0.0,,,0.0,8,0.0,0.0,8,0.0,,,,,,,,6,8
17,6,9,0.0,8,0.0,0.0,8,0.0,,,0.0,8,0.0,0.0,8,0.0,,,,,,,,6,9
17,6,10,0.0,8,0.0,0.0,8,0.0,,,0.0,8,0.0,0.0,8,0.0,,,,,,,,6,10
17,6,11,0.0,8,0.0,0.0,8,0.0,,,0.0,8,0.0,0.0,8,0.0,,,,,,,,6,11
17,7,1,0.0,8,0.0,0.0,8,0.0,,,0.0,8,0.0,0.0,8,0.0,,,,,,,,7,1
17,7,2,0.0,8,0.0,0.0,8,0.0,,,0.0,8,0.0,0.0,8,0.0,,,,,,,,7,2
17,7,3,0.0,8,0.0,0.0,8,0.0,,,0.0,8,0.0,0.0,8,0.0,,,,,,,,7,3
17,7,4,0.0,8,0.0,0.0,8,0.0,,,0.0,8,0.0,0.0,8,0.0,,,,,,,,7,4
17,7,5,0.0,8,0.0,0.0,8,0.0,,,0.0,8,0.0,0.0,8,0.0,,,,,,,,7,5
17,7,6,0.0,8,0.0,0.0,8,0.0,,,0.0,8,0.0,0.0,8,0.0,,,,,,,,7,6
17,7,7,0.0,8,0.0,0.0,8,0.0,,,0.0,8,0.0,0.0,8,0.0,,,,,,,,7,7
17,7,8,0.0,8,0.0,0.0,8,0.0,,,0.0,8,0.0,0.0,8,0.0,,,,,,,,7,8
17,7,9,0.0,8,0.0,0.0,8,0.0,,,0.0,8,0.0,0.0,8,0.0,,,,,,,,7,9
17,7,10,0.0,8,0.0,0.0,8,0.0,,,0.0,8,0.0,0.0,8,0.0,,,,,,,,7,10
17,7,11,0.0,8,0.0,0.0,8,0.0,,,0.0,8,0.0,0.0,8,0.0,,,,,,,,7,11
17,8,1,0.0,8,0.0,0.0,8,0.0,,,0.0,8,0.0,0.0,8,0.0,,,,,,,,8,1
17,8,2,0.0,8,0.0,0.0,8,0.0,,,0.0,8,0.0,0.0,8,0.0,,,,,,,,8,2
17,8,3,0.0,8,0.0,0.0,8,0.0,,,0.0,8,0.0,0.0,8,0.0,,,,,,,,8,3
17,8,4,0.0,8,0.0,0.0,8,0.0,,,0.0,8,0.0,0.0,8,0.0,,,,,,,,8,4
17,8,5,0.0,8,0.0,0.0,8,0.0,,,0.0,8,0.0,0.0,8,0.0,,,,,,,,8,5
17,8,6,0.0,8,0.0,0.0,8,0.0,,,0.0,8,0.0,0.0,8,0.0,,,,,,,,8,6
17,8,7,0.0,8,0.0,0.0,8,0.0,,,0.0,8,0.0,0.0,8,0.0,,,,,,,,8,7
17,8,8,0.0,8,0.0,0.0,8,0.0,,,0.0,8,0.0,0.0,8,0.0,,,,,,,,8,8
17,8,9,0.0,8,0.0,0.0,8,0.0,,,0.0,8,0.0,0.0,8,0.0,,,,,,,,8,9
17,8,10,0.0,8,0.0,0.0,8,0.0,,,0.0,8,0.0,0.0,8,0.0,,,,,,,,8,10
17,8,11,0.0,8,0.0,0.0,8,0.0,,,0.0,8,0.0,0.0,8,0.0,,,,,,,,8,11
18,1,1,61206.57,8,745.1613824862974,575181700.0,8,779.9157876710152,0.00010641258231963916,1.2955234617304234e-06,61206.57,8,745.1613824862974,205567200.0,8,779.9157876710152,0.0002977448250499107,3.624904258408977e-06,,,,,,1,1
18,1,2,101345.203,8,607.7627483834543,244372800.0,8,569.4012440938376,0.0004147155616337006,2.4870312664018716e-06,101345.203,8,607.7627483834543,87752200.0,8,569.4012440938376,0.0011549021335077638,6.9259016201105645e-06,,,,,,1,2
18,1,3,88626.63,8,431.7306530642919,124745300.0,8,418.0591261871938,0.0007104606746707091,3.460897967552656e-06,88626.63,8,431.7306530642919,45089550.0,8,418.0591261871938,0.0019655691839905254,9.574977684807237e-06,,,,,,1,3
18,1,4,63459.45,8,314.2380575171792,69644130.0,8,302.71125598228093,0.0009111959615261186,4.51205548227426e-06,63459.45,8,314.2380575171792,25323350.0,8,302.71125598228093,0.0025059658378532067,1.2409060141844649e-05,,,,,,1,4
18,1,5,59591.02,8,295.6833659563216,66097390.0,8,286.8976457725821,0.0009015638892851896,4.4734516610944335e-06,59591.02,8,295.6833659563216,24263290.0,8,286.8976457725821,0.0024560156516284476,1.218648441863508e-05,,,,,,1,5
18,1,6,9231.577000000001,8,104.9545933577945,25233640.0,8,127.85872945446471,0.00036584404786626113,4.159312876837417e-06,9231.577000000001,8,104.9545933577945,9414740.0,8,127.85872945446471,0.000980545081436131,1.1147909367388749e-05,,,,,,1,6
18,1,7,0.0,8,0.0,9917790.0,8,51.44714547619625,0.0,,0.0,8,0.0,3798723.0,8,51.44714547619625,0.0,,,,,,,1,7
18,1,8,0.0,8,0.0,4864200.0,8,15.829497100192413,0.0,,0.0,8,0.0,1936911.0,8,15.829497100192413,0.0,,,,,,,1,8
18,1,9,0.0,8,0.0,1238459.0,8,7.887837173401845,0.0,,0.0,8,0.0,518681.0,8,7.887837173401845,0.0,,,,,,,1,9
18,1,10,0.0,8,0.0,362984.0,8,11.664913748849582,0.0,,0.0,8,0.0,158778.0,8,11.664913748849582,0.0,,,,,,,1,10
18,1,11,0.0,8,0.0,58761.0,8,0.0,0.0,,0.0,8,0.0,27634.0,8,0.0,0.0,,,,,,,1,11
18,2,1,115190.0365,8,858.6533944743533,52651530.0,8,898.1311066928091,0.002187781371215613,1.630827523330539e-05,115190.0365,8,858.6533944743533,18245570.0,8,898.1311066928091,0.0063133153143475375,4.706195071049933e-05,,,,,,2,1
18,2,2,185145.1,8,706.5524169710412,40453320.0,8,684.8815381839403,0.004576759089241625,1.7466041599142908e-05,185145.1,8,706.5524169710412,14046160.0,8,684.8815381839403,0.013181189734418518,5.030628205265557e-05,,,,,,2,2
18,2,3,223350.22,8,629.9265653260704,30427920.0,8,641.5743393032876,0.0073403052196798204,2.070283373666097e-05,223350.22,8,629.9265653260704,10592320.0,8,641.5743393032876,0.02108605291380925,5.9483834967218135e-05,,,,,,2,3
18,2,4,189990.64,8,547.3206549912583,22622840.0,8,532.730467471516,0.008398178124408785,2.4194086174062104e-05,189990.64,8,547.3206549912583,7892310.0,8,532.730467471516,0.02407288107030768,6.936763496999203e-05,,,,,,2,4
18,2,5,271746.44,8,630.5805672439407,29353970.0,8,612.7153845504779,0.009257570270733397,2.148282084240946e-05,271746.44,8,630.5805672439407,10276050.0,8,612.7153845504779,0.026444639720515178,6.138435535901421e-05,,,,,,2,5
18,2,6,154173.31,8,440.58065617564284,16690210.0,8,427.0886112365911,0.009237349919503708,2.6398608481509293e-05,154173.31,8,440.58065617564284,5867249.0,8,427.0886112365911,0.026276933193051803,7.511587886319941e-05,,,,,,2,6
18,2,7,75602.3,8,303.07451534785963,9748060.0,8,288.83209781025033,0.007755625221839012,3.109160116067427e-05,75602.3,8,303.07451534785963,3433500.0,8,288.83209781025033,0.022019018494247852,8.828927796590737e-05,,,,,,2,7
18,2,8,39771.97,8,212.1595970689047,7486487.0,8,212.19611340957684,0.00531250104354686,2.833940564290158e-05,39771.97,8,212.1595970689047,2675491.0,8,212.19611340957684,0.014865297622006578,7.930620773777918e-05,,,,,,2,8
18,2,9,8374.194,8,94.95236627293708,3112853.0,8,99.64184869692052,0.002690198991086312,3.0503446401767082e-05,8374.194,8,94.95236627293708,1154088.0,8,99.64184869692052,0.007256113918522677,8.227719109326987e-05,,,,,,2,9
18,2,10,837.7339,8,29.95887071097474,1441430.0,8,45.050716179212955,0.0005811825062611434,2.0784139467203306e-05,837.7339,8,29.95887071097474,560662.0,8,45.050716179212955,0.0014941870503083854,5.34349507092965e-05,,,,,,2,10
18,2,11,0.0,8,0.0,542201.0,8,10.613487517682394,0.0,,0.0,8,0.0,227206.0,8,10.613487517682394,0.0,,,,,,,2,11
18,3,1,90005.731,8,466.1868874627213,25222490.0,8,490.6285301535674,0.0035684712730582905,1.8483114674982383e-05,90005.731,8,466.1868874627213,8717420.0,8,490.6285301535674,0.01032481296071544,5.3480778561409146e-05,,,,,,3,1
18,3,2,116236.181,8,465.09618259139734,20137780.0,8,472.13221602874125,0.005772045429039347,2.3096099292102844e-05,116236.181,8,465.09618259139734,6970495.0,8,472.13221602874125,0.016675455760315445,6.673311062885109e-05,,,,,,3,2
18,3,3,128314.5,8,449.3592432903656,15876230.0,8,435.4778180516202,0.008082176939991421,2.830476925294389e-05,128314.5,8,449.3592432903656,5498620.0,8,435.4778180516202,0.0233357642463018,8.174308047878976e-05,,,,,,3,3
18,3,4,127721.94,8,422.31499395654896,12397810.0,8,412.84425117108026,0.010301975913487946,3.4065404280432475e-05,127721.94,8,422.31499395654896,4294483.0,8,412.84425117108026,0.02974093505551192,9.838051444176221e-05,,,,,,3,4
18,3,5,213868.36000000002,8,536.8929775788654,17040230.0,8,526.1023707918546,0.01255079068768438,3.150976129335991e-05,213868.36000000002,8,536.8929775788654,5905550.0,8,526.1023707918546,0.03621480810424093,9.097051625914121e-05,,,,,,3,5
18,3,6,146562.0,8,421.4129041568851,10147730.0,8,415.26434274420916,0.014442835984008246,4.1532005799346803e-05,146562.0,8,421.4129041568851,3531105.0,8,415.26434274420916,0.04150598750249568,0.00011944284739065026,,,,,,3,6
18,3,7,96671.84,8,344.6992027656142,6090999.0,8,327.1827893450235,0.015871261840627458,5.6597992326792095e-05,96671.84,8,344.6992027656142,2125788.0,8,327.1827893450235,0.04547576710377516,0.0001623022501746754,,,,,,3,7
18,3,8,83475.68,8,307.9243674389216,4999998.0,8,297.18441368796584,0.01669514267805707,6.159289205019645e-05,83475.68,8,307.9243674389216,1755017.0,8,297.18441368796584,0.04756402929430313,0.00017563854786562796,,,,,,3,8
18,3,9,40431.8,8,211.34718679788477,2434530.0,8,201.40019720720235,0.01660764089988622,8.68231865758299e-05,40431.8,8,211.34718679788477,865500.0,8,201.40019720720235,0.04671496244945119,0.00024443269435504335,,,,,,3,9
18,3,10,21075.060999999998,8,149.91870441209127,1403785.0,8,142.26842717247564,0.015013026211278792,0.00010680689599336039,21075.060999999998,8,149.91870441209127,515949.0,8,142.26842717247564,0.0408471786940182,0.00029078705932250327,,,,,,3,10
18,3,11,6859.15,8,85.43660403749672,717834.0,8,85.30178969705149,0.009555342878715692,0.00011902541816923496,6859.15,8,85.43660403749672,282210.0,8,85.30178969705149,0.02430512738740654,0.0003028303608454287,,,,,,3,11
18,4,1,57229.903999999995,8,327.17395875084554,13913390.0,8,337.1584536202822,0.004113296903199004,2.351525386751602e-05,57229.903999999995,8,327.17395875084554,4741508.0,8,337.1584536202822,0.012069979424267553,6.900742688270323e-05,,,,,,4,1
18,4,2,63973.255000000005,8,309.97729500106936,11341470.0,8,315.3756939096924,0.005640649316182118,2.733176558922828e-05,63973.255000000005,8,309.97729500106936,3871176.0,8,315.3756939096924,0.016525535134543096,8.008447700963784e-05,,,,,,4,2
18,4,3,65275.0416,8,294.1918180943979,9174970.0,8,303.42945584978,0.007114469213523314,3.206547141366038e-05,65275.0416,8,294.1918180943979,3136334.0,8,303.42945584978,0.020812528767663138,9.382278506073872e-05,,,,,,4,3
18,4,4,66983.0499,8,287.17300814878126,7378732.0,8,282.7353493447185,0.009077853742350312,3.892057302579906e-05,66983.0499,8,287.17300814878126,2522698.0,8,282.7353493447185,0.026552147700596742,0.000113874557240447,,,,,,4,4
18,4,5,126883.005,8,409.55989688646275,10589510.0,8,394.3773861133394,0.011981952422727775,3.86785749624632e-05,126883.005,8,409.55989688646275,3625322.0,8,394.3773861133394,0.03499909939034381,0.00011303614423718514,,,,,,4,5
18,4,6,97263.488,8,335.90857350407117,6670380.0,8,331.48675034132214,0.01458140135944279,5.0363449716111016e-05,97263.488,8,335.90857350407117,2286218.0,8,331.48675034132214,0.042543400498115225,0.0001470570522780546,,,,,,4,6
18,4,7,69339.249,8,281.06287197849525,4168515.0,8,273.28255513096695,0.016634040899457,6.743399758730335e-05,69339.249,8,281.06287197849525,1431639.0,8,273.28255513096695,0.048433473103205484,0.00019654002142758376,,,,,,4,7
18,4,8,65247.340000000004,8,269.5560160642682,3495750.0,8,262.23785374871034,0.01866476149610241,7.712234874324771e-05,65247.340000000004,8,269.5560160642682,1210438.0,8,262.23785374871034,0.05390390916345984,0.00022299894879180724,,,,,,4,8
18,4,9,36011.78,8,197.25852390124996,1712695.0,8,191.80478868445906,0.021026382397332857,0.00011519841340194288,36011.78,8,197.25852390124996,601846.0,8,191.80478868445906,0.059835539324013115,0.00032831007821746436,,,,,,4,9
18,4,10,23550.136,8,158.65515637214568,1004333.0,8,152.40321185818232,0.023448533504325755,0.0001580107379183355,23550.136,8,158.65515637214568,364949.0,8,152.40321185818232,0.06452993705969876,0.0004355668114091765,,,,,,4,10
18,4,11,15143.764000000001,8,126.14902891936981,550129.0,8,116.6979834858769,0.027527659876138144,0.00022938242654803643,15143.764000000001,8,126.14902891936981,213277.0,8,116.6979834858769,0.07100514354571755,0.0005927543805956976,,,,,,4,11
18,5,1,39062.165,8,237.50780249547594,7821122.0,8,241.51575523665116,0.004994445170398825,3.0367876316237253e-05,39062.165,8,237.50780249547594,2629837.0,8,241.51575523665116,0.014853454795867577,9.032304768703144e-05,,,,,,5,1
18,5,2,38025.747,8,221.87625394464817,6469228.0,8,221.8805571900116,0.0058779420048265425,3.429776891383923e-05,38025.747,8,221.87625394464817,2178438.0,8,221.8805571900116,0.01745551032437003,0.00010186659200588171,,,,,,5,2
18,5,3,35667.9262,8,207.47600079722883,5326756.0,8,221.17205529054002,0.00669599399709692,3.895077722936343e-05,35667.9262,8,207.47600079722883,1796747.0,8,221.17205529054002,0.019851390429481724,0.00011549898337682822,,,,,,5,3
18,5,4,34996.721999999994,8,202.27648045136144,4369325.0,8,201.5891365106265,0.008009640390678193,4.6296149813643647e-05,34996.721999999994,8,202.27648045136144,1479279.0,8,201.5891365106265,0.023657959046265102,0.00013677791380962328,,,,,,5,4
18,5,5,69057.4348,8,289.20733489614764,6477621.0,8,282.8195187593008,0.010660925484834634,4.464957913644499e-05,69057.4348,8,289.20733489614764,2194467.0,8,282.8195187593008,0.03146888734257567,0.00013185171900273118,,,,,,5,5
18,5,6,57763.278699999995,8,252.24017286356587,4266002.0,8,252.1647140467048,0.013540377782288896,5.913341837624374e-05,57763.278699999995,8,252.24017286356587,1450215.0,8,252.1647140467048,0.03983083797919618,0.00017407078463058077,,,,,,5,6
18,5,7,43791.8418,8,221.87205683883136,2771682.0,8,216.80390388282888,0.015799735251013646,8.005914736395666e-05,43791.8418,8,221.87205683883136,948144.0,8,216.80390388282888,0.0461869102161697,0.00023424491002614766,,,,,,5,7
18,5,8,43378.058,8,217.5148986776768,2399535.0,8,213.3632091622171,0.018077693386426952,9.06630219663642e-05,43378.058,8,217.5148986776768,830492.0,8,213.3632091622171,0.05223175900550517,0.0002622544233579019,,,,,,5,8
18,5,9,24911.723,8,163.09711404466972,1195641.0,8,159.25780773657536,0.020835453953151492,0.00013643799853775906,24911.723,8,163.09711404466972,421162.0,8,159.25780773657536,0.059149977918235744,0.0003879004481591129,,,,,,5,9
18,5,10,17623.5,8,136.44801337714668,686344.0,8,129.9036442413376,0.025677357127038336,0.0001988635112912793,17623.5,8,136.44801337714668,252428.0,8,129.9036442413376,0.06981594751770802,0.000541735026146593,,,,,,5,10
18,5,11,11960.615,8,111.76100747174749,355806.0,8,102.88758386758822,0.03361555173324789,0.000314256957358682,11960.615,8,111.76100747174749,140554.0,8,102.88758386758822,0.08509622636139846,0.0007975826322523804,,,,,,5,11
18,6,1,25595.694,8,178.35843648605467,4126187.0,8,182.1458710360188,0.00620323170035677,4.322683760142558e-05,25595.694,8,178.35843648605467,1375901.0,8,182.1458710360188,0.018602860234857015,0.00012965367430828342,,,,,,6,1
18,6,2,22059.2233,8,161.47045726869698,3441783.0,8,162.36358156870955,0.006409242912757719,4.691574410619301e-05,22059.2233,8,161.47045726869698,1154830.0,8,162.36358156870955,0.01910170613856585,0.00013984763089209214,,,,,,6,2
18,6,3,19810.1605,8,149.15928409592513,2857999.0,8,158.46680691832248,0.006931479157270525,5.219152574436581e-05,19810.1605,8,149.15928409592513,963505.0,8,158.46680691832248,0.020560516551548773,0.00015484596825056452,,,,,,6,3
18,6,4,17697.372000000003,8,139.01238967022363,2358691.0,8,141.01743426284602,0.007503048088961209,5.8937951687359454e-05,17697.372000000003,8,139.01238967022363,800022.0,8,141.01743426284602,0.02212110666956659,0.00017380445274147097,,,,,,6,4
18,6,5,33388.850999999995,8,198.57551077441548,3523535.0,8,195.7768249563518,0.00947595270090974,5.63593596955466e-05,33388.850999999995,8,198.57551077441548,1203684.0,8,195.7768249563518,0.02773888412573399,0.00016503480578707342,,,,,,6,5
18,6,6,29560.503,8,178.943228625366,2345687.0,8,182.9311631063718,0.012602066260332261,7.629239432681573e-05,29560.503,8,178.943228625366,810836.0,8,182.9311631063718,0.03645682110809091,0.00022084300848820127,,,,,,6,6
18,6,7,23646.763,8,159.89321386819393,1527975.0,8,158.65575121617874,0.015475883440501317,0.00010465620509333998,23646.763,8,159.89321386819393,535438.0,8,158.65575121617874,0.04416340080457495,0.0002989079302535102,,,,,,6,7
18,6,8,25062.0976,8,163.58731065777198,1310219.0,8,159.24374142996137,0.019128174450225497,0.00012487657962764447,25062.0976,8,163.58731065777198,467944.0,8,159.24374142996137,0.053557899235806,0.00035006215868130914,,,,,,6,8
18,6,9,14454.710200000001,8,123.15634745550065,633283.0,8,118.535136845327,0.022825040621649407,0.00019451976860312452,14454.710200000001,8,123.15634745550065,234818.0,8,118.535136845327,0.06155707909955796,0.0005253954644561397,,,,,,6,9
18,6,10,9898.062899999999,8,101.78037234653841,351695.0,8,96.2850798176436,0.02814388290990773,0.00028950209631637753,9898.062899999999,8,101.78037234653841,135754.0,8,96.2850798176436,0.07291175876953901,0.0007515225968887626,,,,,,6,10
18,6,11,6558.805,8,82.68383632318955,173702.0,8,75.76269897898305,0.03775894923489655,0.00047629451324861276,6558.805,8,82.68383632318955,71001.0,8,75.76269897898305,0.09237623413754736,0.001168708958477543,,,,,,6,11
18,7,1,13330.349999999999,8,124.02098796159463,1665311.0,8,127.37551591122212,0.00800472104009401,7.447568598177267e-05,13330.349999999999,8,124.02098796159463,571433.0,8,127.37551591122212,0.023327931708529256,0.00021709733020503416,,,,,,7,1
18,7,2,10414.416,8,108.68739204358756,1368658.0,8,111.59158429968721,0.007609217204005675,7.941407488427369e-05,10414.416,8,108.68739204358756,473449.0,8,111.59158429968721,0.021996912022203025,0.00022962369227592848,,,,,,7,2
18,7,3,9170.43,8,99.3125969798897,1117629.0,8,103.71723822340238,0.008205254158580352,8.886333766080275e-05,9170.43,8,99.3125969798897,389689.0,8,103.71723822340238,0.023532688887805405,0.0002549278650764563,,,,,,7,3
18,7,4,7638.9245,8,90.16306579889795,905322.0,8,92.11527419391422,0.008437798374501006,9.959596240494987e-05,7638.9245,8,90.16306579889795,318186.0,8,92.11527419391422,0.02400773289836762,0.0002834511348651958,,,,,,7,4
18,7,5,13200.073199999999,8,122.72425622004151,1310435.0,8,122.8743096618752,0.010073046889010137,9.365630304631017e-05,13200.073199999999,8,122.72425622004151,469030.0,8,122.8743096618752,0.028143345201799456,0.00026175930584098267,,,,,,7,5
18,7,6,10892.501,8,107.43221126775713,822511.0,8,109.62075169442144,0.01324298520019793,0.0001306268476645994,10892.501,8,107.43221126775713,302900.0,8,109.62075169442144,0.03596071640805546,0.00035491749802950566,,,,,,7,6
18,7,7,8777.313,8,96.367260088528,503588.0,8,95.13893075592136,0.017429551538162148,0.00019138963979908736,8777.313,8,96.367260088528,190936.0,8,95.13893075592136,0.04596992185863326,0.0005052292553810455,,,,,,7,7
18,7,8,8890.115,8,97.46501116611027,404012.0,8,93.74364631925728,0.02200458154708276,0.00024129688620252217,8890.115,8,97.46501116611027,159112.0,8,93.74364631925728,0.055873315651867865,0.0006134398945300377,,,,,,7,8
18,7,9,4812.526,8,71.06292956492858,182751.0,8,67.67275518663327,0.026333787503214755,0.0003889733632083171,4812.526,8,71.06292956492858,74539.0,8,67.67275518663327,0.0645638658957056,0.0009551660298063473,,,,,,7,9
18,7,10,2969.1717,8,55.96459702585555,93564.0,8,50.787263857156155,0.03173412530460434,0.0005983903983707517,2969.1717,8,55.96459702585555,39702.0,8,50.787263857156155,0.07478645156415294,0.001412859222194704,,,,,,7,10
18,7,11,1281.9868000000001,8,36.90320475950158,35958.0,8,34.78213669114794,0.0356523388397575,0.0010268656190099313,1281.9868000000001,8,36.90320475950158,15784.0,8,34.78213669114794,0.08122065382665991,0.0023448541621986885,,,,,,7,11
18,8,1,2363.007,8,51.36946070264803,286080.0,8,52.50945223796284,0.008259951761744967,0.0001795696717633518,2363.007,8,51.36946070264803,109567.0,8,52.50945223796284,0.02156677649292214,0.0004689545386971228,,,,,,8,1
18,8,2,1853.02,8,44.77274496230938,215485.0,8,43.737260017746884,0.008599299255168573,0.00020778395096743426,1853.02,8,44.77274496230938,84135.0,8,43.737260017746884,0.022024365602900102,0.0005322767730903767,,,,,,8,2
18,8,3,1520.407,8,40.58698148556998,161334.0,8,40.69087008519232,0.00942397138854798,0.0002515823879246679,1520.407,8,40.58698148556998,64243.0,8,40.69087008519232,0.023666500630418877,0.0006319506341709194,,,,,,8,3
18,8,4,1219.9722,8,36.086190701452544,119302.0,8,37.22391564330652,0.010225915743239845,0.00030249449503809845,1219.9722,8,36.086190701452544,48336.0,8,37.22391564330652,0.025239411618669313,0.000746822632664426,,,,,,8,4
18,8,5,1816.2180999999998,8,44.42746372899651,153130.0,8,43.92560584106381,0.011860628877424409,0.0002901490128003999,1816.2180999999998,8,44.42746372899651,63898.0,8,43.92560584106381,0.028423708097280037,0.0006955617348828198,,,,,,8,5
18,8,6,1183.7786,8,36.11231747298974,80892.0,8,33.755466684560886,0.014634062700885133,0.00044646807945463357,1183.7786,8,36.11231747298974,34692.0,8,33.755466684560886,0.03412252392482417,0.0010414701311275744,,,,,,8,6
18,8,7,673.2808,8,26.94407635403374,40714.0,8,25.535462537524165,0.01653683745149089,0.0006618702453324145,673.2808,8,26.94407635403374,18055.0,8,25.535462537524165,0.037290545555247856,0.0014932648861729412,,,,,,8,7
18,8,8,353.5819,8,19.644733635089075,24083.0,8,19.87621402920335,0.014681804592451107,0.000815799566932056,353.5819,8,19.644733635089075,10955.0,8,19.87621402920335,0.032275846645367416,0.0017941766920748206,,,,,,8,8
18,8,9,56.788000000000004,8,8.198513830890327,6240.0,8,6.916566882406328,0.009100641025641027,0.001313903118977322,56.788000000000004,8,8.198513830890327,2935.0,8,6.916566882406328,0.01934855195911414,0.0027937328740365707,,,,,,8,9
18,8,10,0.0,8,0.0,814.0,8,0.0,0.0,,0.0,8,0.0,376.0,8,0.0,0.0,,,,,,,8,10
18,8,11,0.0,8,0.0,0.0,8,0.0,,,0.0,8,0.0,0.0,8,0.0,,,,,,,,8,11
19,1,1,0.0,8,0.0,351197700.0,8,0.0,0.0,,0.0,8,0.0,88327900.0,8,0.0,0.0,,,,,,,1,1
19,1,2,0.0,8,0.0,127833700.0,8,0.0,0.0,,0.0,8,0.0,32776630.0,8,0.0,0.0,,,,,,,1,2
19,1,3,0.0,8,0.0,58254430.0,8,0.0,0.0,,0.0,8,0.0,15148580.0,8,0.0,0.0,,,,,,,1,3
19,1,4,0.0,8,0.0,28583150.0,8,0.0,0.0,,0.0,8,0.0,7563671.0,8,0.0,0.0,,,,,,,1,4
19,1,5,0.0,8,0.0,20703270.0,8,0.0,0.0,,0.0,8,0.0,5689741.0,8,0.0,0.0,,,,,,,1,5
19,1,6,0.0,8,0.0,4284420.0,8,0.0,0.0,,0.0,8,0.0,1270799.0,8,0.0,0.0,,,,,,,1,6
19,1,7,0.0,8,0.0,679664.0,8,0.0,0.0,,0.0,8,0.0,223799.0,8,0.0,0.0,,,,,,,1,7
19,1,8,0.0,8,0.0,78461.0,8,0.0,0.0,,0.0,8,0.0,28503.0,8,0.0,0.0,,,,,,,1,8
19,1,9,0.0,8,0.0,573.0,8,0.0,0.0,,0.0,8,0.0,233.0,8,0.0,0.0,,,,,,,1,9
19,1,10,0.0,8,0.0,0.0,8,0.0,,,0.0,8,0.0,0.0,8,0.0,,,,,,,,1,10
19,1,11,0.0,8,0.0,0.0,8,0.0,,,0.0,8,0.0,0.0,8,0.0,,,,,,,,1,11
19,2,1,27826.753,8,322.44007463542744,48665370.0,8,332.0626752586475,0.0005717978307778201,6.6256586673406504e-06,27826.753,8,322.44007463542744,11950310.0,8,332.0626752586475,0.002328538171813116,2.6981810659035747e-05,,,,,,2,1
19,2,2,15928.826000000001,8,186.61885172556924,35791550.0,8,178.12756975942833,0.0004450443191200158,5.214048247792822e-06,15928.826000000001,8,186.61885172556924,8816030.0,8,178.12756975942833,0.0018068026084303254,2.1168159505793435e-05,,,,,,2,2
19,2,3,12049.616,8,128.00944457179713,25714490.0,8,126.92847560082804,0.00046859245507105136,4.978106055750139e-06,12049.616,8,128.00944457179713,6376414.0,8,126.92847560082804,0.0018897166965633034,2.0075495300408415e-05,,,,,,2,3
19,2,4,7371.076,8,95.62310771246665,18432180.0,8,95.06519589539592,0.00039990256171543463,5.187835365628285e-06,7371.076,8,95.62310771246665,4598635.0,8,95.06519589539592,0.0016028834643323508,2.0793828847538694e-05,,,,,,2,4
19,2,5,7122.195,8,92.32592436038753,22444510.0,8,89.95775891659873,0.0003173245929628225,4.11351946526604e-06,7122.195,8,92.32592436038753,5684792.0,8,89.95775891659873,0.0012528505880250323,1.6240874450615363e-05,,,,,,2,5
19,2,6,2034.8600999999999,8,47.88504497312809,10172010.0,8,46.23899366906356,0.0002000450353469963,4.707530356981639e-06,2034.8600999999999,8,47.88504497312809,2695318.0,8,46.23899366906356,0.0007549610472678919,1.776601413914284e-05,,,,,,2,6
19,2,7,168.6535,8,13.654199289207698,3897945.0,8,19.67339422926303,4.3267285710804026e-05,3.502922518337331e-06,168.6535,8,13.654199289207698,1097361.0,8,19.67339422926303,0.0001536900801103739,1.2442760061623727e-05,,,,,,2,7
19,2,8,0.0,8,0.0,1482255.0,8,0.0,0.0,,0.0,8,0.0,453454.0,8,0.0,0.0,,,,,,,2,8
19,2,9,0.0,8,0.0,186492.0,8,0.0,0.0,,0.0,8,0.0,64353.0,8,0.0,0.0,,,,,,,2,9
19,2,10,0.0,8,0.0,13757.0,8,0.0,0.0,,0.0,8,0.0,5208.0,8,0.0,0.0,,,,,,,2,10
19,2,11,0.0,8,0.0,19.0,8,0.0,0.0,,0.0,8,0.0,9.0,8,0.0,0.0,,,,,,,2,11
19,3,1,66275.05,8,431.4556403142738,25260400.0,8,438.36975880492713,0.00262367381355798,1.7080377717109142e-05,66275.05,8,431.4556403142738,6164186.0,8,438.36975880492713,0.01075163046669909,6.999811212944228e-05,,,,,,3,1
19,3,2,43079.193,8,273.17133947500787,19726860.0,8,263.04375316623657,0.002183783582384627,1.384771542135679e-05,43079.193,8,273.17133947500787,4836825.0,8,263.04375316623657,0.008906502302646882,5.647948511039333e-05,,,,,,3,2
19,3,3,31190.863,8,203.06419668314254,15133960.0,8,200.4712809255979,0.0020609848975416878,1.3417811135546107e-05,31190.863,8,203.06419668314254,3735824.0,8,200.4712809255979,0.008349125387063202,5.4357778782427166e-05,,,,,,3,3
19,3,4,26605.52,8,176.2941024981834,11432420.0,8,176.54121104657122,0.0023271993156304613,1.5420582976182636e-05,26605.52,8,176.2941024981834,2841374.0,8,176.54121104657122,0.009363610703835538,6.204809803141938e-05,,,,,,3,4
19,3,5,32141.71,8,195.06816904631057,14695950.0,8,193.5124325650422,0.002187113456428472,1.3273631727417446e-05,32141.71,8,195.06816904631057,3690877.0,8,193.5124325650422,0.00870842078996401,5.285341344397517e-05,,,,,,3,5
19,3,6,13309.635,8,121.26453193704249,7503681.0,8,120.88688765883585,0.0017737474447541146,1.6160697864238884e-05,13309.635,8,121.26453193704249,1939406.0,8,120.88688765883585,0.006862737869223876,6.252809868266733e-05,,,,,,3,6
19,3,7,5707.113,8,77.94578181960843,3539623.0,8,75.43945666812296,0.0016123505243355013,2.202095441392923e-05,5707.113,8,77.94578181960843,953242.0,8,75.43945666812296,0.005987055752893809,8.177051618695552e-05,,,,,,3,7
19,3,8,2878.8664,8,56.35462185641919,1922591.0,8,53.08944637362119,0.0014973888882242764,2.93118390369101e-05,2878.8664,8,56.35462185641919,546203.0,8,53.08944637362119,0.005270689468933712,0.00010317650496831506,,,,,,3,8
19,3,9,420.8603,8,21.22097360984175,454260.0,8,21.591839903706678,0.0009264744859771936,4.6715500018756606e-05,420.8603,8,21.22097360984175,141395.0,8,21.591839903706678,0.0029764864387000953,0.00015008360215930237,,,,,,3,9
19,3,10,0.0,8,0.0,83494.0,8,0.0,0.0,,0.0,8,0.0,29492.0,8,0.0,0.0,,,,,,,3,10
19,3,11,0.0,8,0.0,3140.0,8,0.0,0.0,,0.0,8,0.0,1195.0,8,0.0,0.0,,,,,,,3,11
19,4,1,68726.4,8,349.0131952702648,15550680.0,8,354.7631569819645,0.0044195109152783026,2.2443823483126356e-05,68726.4,8,349.0131952702648,3819651.0,8,354.7631569819645,0.01799284803768721,9.138833952303839e-05,,,,,,4,1
19,4,2,48216.9,8,259.4001064339797,12402680.0,8,253.82814286597537,0.003887619449989841,2.0914994448947346e-05,48216.9,8,259.4001064339797,3055974.0,8,253.82814286597537,0.01577791564980592,8.489307181985925e-05,,,,,,4,2
19,4,3,30475.619,8,192.53584276354883,9699170.0,8,193.08128913491333,0.0031420852505936073,1.985085307073832e-05,30475.619,8,192.53584276354883,2407488.0,8,193.08128913491333,0.01265867950328309,7.998019339918264e-05,,,,,,4,3
19,4,4,26483.945,8,173.79294284984647,7440250.0,8,174.2020957177324,0.0035595504183327173,2.3358630294618976e-05,26483.945,8,173.79294284984647,1861762.0,8,174.2020957177324,0.01422520440314068,9.335812467156385e-05,,,,,,4,4
19,4,5,41661.75,8,215.71608601576284,9687900.0,8,214.43725489855998,0.004300390177437835,2.2266751007352775e-05,41661.75,8,215.71608601576284,2454056.0,8,214.43725489855998,0.016976690833461015,8.791437599888108e-05,,,,,,4,5
19,4,6,22796.587,8,156.9361408427963,5034199.0,8,153.62847776867412,0.004528344429769264,3.117431050739909e-05,22796.587,8,156.9361408427963,1316586.0,8,153.62847776867412,0.017314924357391008,0.0001192164304198397,,,,,,4,6
19,4,7,10339.543,8,104.77212580553093,2425296.0,8,103.14043731025188,0.004263208697000283,4.320010773552145e-05,10339.543,8,104.77212580553093,657828.0,8,103.14043731025188,0.015717699763464005,0.00015928885189348959,,,,,,4,7
19,4,8,6477.628699999999,8,82.95480730699217,1384946.0,8,80.03890545481553,0.0046771705900446655,5.989811298945445e-05,6477.628699999999,8,82.95480730699217,391617.0,8,80.03890545481553,0.016540723972656955,0.00021185334372821795,,,,,,4,8
19,4,9,1949.065,8,45.23897937177628,363879.0,8,41.57494122761931,0.005356354722311538,0.00012432574418320014,1949.065,8,45.23897937177628,110564.0,8,41.57494122761931,0.01762838717846677,0.0004092192367301489,,,,,,4,9
19,4,10,498.9827,8,23.202663473351503,80645.0,8,21.30083572227625,0.00618739785479571,0.00028771824402059503,498.9827,8,23.202663473351503,27610.0,8,21.30083572227625,0.018072535313292285,0.0008404873860665289,,,,,,4,10
19,4,11,0.0,8,0.0,5246.0,8,3.49883,0.0,,0.0,8,0.0,2000.0,8,3.49883,0.0,,,,,,,4,11
19,5,1,59784.3,8,282.7864588169313,9070980.0,8,286.8805158731767,0.006590721178968535,3.117554879990732e-05,59784.3,8,282.7864588169313,2258650.0,8,286.8805158731767,0.02646904124144954,0.00012524666994791951,,,,,,5,1
19,5,2,33822.04,8,200.16097565319768,7106425.0,8,202.68641112987817,0.00475936071934904,2.8166525387959918e-05,33822.04,8,200.16097565319768,1777555.0,8,202.68641112987817,0.019027281856257613,0.00011262555879338045,,,,,,5,2
19,5,3,23730.172,8,163.13713556354972,5469776.0,8,161.8609070789485,0.004338417514720895,2.9825471262845404e-05,23730.172,8,163.13713556354972,1382867.0,8,161.8609070789485,0.01716012602802728,0.00011798732560642284,,,,,,5,3
19,5,4,17799.091,8,139.80463136259115,4118814.0,8,140.90509510241282,0.0043214116976391746,3.3943255846372845e-05,17799.091,8,139.80463136259115,1054793.0,8,140.90509510241282,0.016874487221663396,0.00013256141162870224,,,,,,5,4
19,5,5,29224.561,8,176.83458663836097,5238566.0,8,178.2795761214391,0.0055787329967781265,3.375683030766021e-05,29224.561,8,176.83458663836097,1374786.0,8,178.2795761214391,0.021257534627207437,0.00012865652680655676,,,,,,5,5
19,5,6,19693.13,8,144.20968864573558,2635109.0,8,140.86588628915803,0.007473364479420016,5.4727728964835956e-05,19693.13,8,144.20968864573558,716978.0,8,140.86588628915803,0.027466853934151398,0.0002012078248072452,,,,,,5,6
19,5,7,10131.172,8,103.24524229619493,1235783.0,8,100.13131285462106,0.00819818042488042,8.354905810953388e-05,10131.172,8,103.24524229619493,348401.0,8,100.13131285462106,0.029079055456212814,0.00029645808243729043,,,,,,5,7
19,5,8,6218.718,8,81.02541955972829,680179.0,8,76.77077115126563,0.00914276683049609,0.0001191281407662995,6218.718,8,81.02541955972829,200792.0,8,76.77077115126563,0.030970945057572013,0.00040370282637323956,,,,,,5,8
19,5,9,1798.5507,8,43.65936649316959,159158.0,8,39.17169321251635,0.011300410284120183,0.00027432872020350285,1798.5507,8,43.65936649316959,51342.0,8,39.17169321251635,0.03503078765922636,0.0008507834824277317,,,,,,5,9
19,5,10,347.9416,8,19.6368201048515,30331.0,8,17.540735725544696,0.01147148461969602,0.0006474514858904871,347.9416,8,19.6368201048515,10862.0,8,17.540735725544696,0.0320329221137912,0.0018085856373105124,,,,,,5,10
19,5,11,0.0,8,0.0,985.0,8,0.0,0.0,,0.0,8,0.0,372.0,8,0.0,0.0,,,,,,,5,11
19,6,1,38613.45,8,211.40225043501783,3850142.0,8,215.3889751615667,0.010029097628087482,5.491051671315563e-05,38613.45,8,211.40225043501783,1001292.0,8,215.3889751615667,0.03856362579547225,0.00021129237630130925,,,,,,6,1
19,6,2,18227.984,8,142.0179491757292,2856596.0,8,144.49084020923263,0.006381015726410035,4.9716845507213935e-05,18227.984,8,142.0179491757292,754219.0,8,144.49084020923263,0.02416802546740403,0.00018835494139017388,,,,,,6,2
19,6,3,12235.202000000001,8,115.3474877874243,2072730.0,8,115.30696378740531,0.005902940566306273,5.565099939831561e-05,12235.202000000001,8,115.3474877874243,555470.0,8,115.30696378740531,0.02202675572038094,0.0002077077911874497,,,,,,6,3
19,6,4,8441.860999999999,8,94.83847229621533,1463683.0,8,95.92992713348843,0.005767547344609453,6.479550980659716e-05,8441.860999999999,8,94.83847229621533,399840.0,8,95.92992713348843,0.021113097739095636,0.000237245140297587,,,,,,6,4
19,6,5,12465.5547,8,114.90269431314523,1706880.0,8,114.08716943071425,0.00730312306664792,6.731915256709734e-05,12465.5547,8,114.90269431314523,476917.0,8,114.08716943071425,0.026137786449214436,0.00024100919543226096,,,,,,6,5
19,6,6,8171.9825,8,92.6633033557001,763853.0,8,89.6923221222179,0.010698370628903728,0.00012131689150285654,8171.9825,8,92.6633033557001,222263.0,8,89.6923221222179,0.03676717447348411,0.0004171722923540174,,,,,,6,6
19,6,7,4360.129,8,67.45983397555912,311318.0,8,63.52480535834879,0.014005386774937524,0.00021670992530222182,4360.129,8,67.45983397555912,95639.0,8,63.52480535834879,0.04558944572820711,0.000706008736148868,,,,,,6,7
19,6,8,2278.73806,8,49.0701267818782,132472.0,8,45.333738718971766,0.017201658161724743,0.00037046562857835977,2278.73806,8,49.0701267818782,44341.0,8,45.333738718971766,0.05139121941318419,0.0011079001790657928,,,,,,6,8
19,6,9,282.5979,8,17.55367470518353,19637.0,8,19.73230723420604,0.014391093344197178,0.000894025129693436,282.5979,8,17.55367470518353,7269.0,8,19.73230723420604,0.03887713578208832,0.002417172856755101,,,,,,6,9
19,6,10,0.0,8,0.0,1347.0,8,0.0,0.0,,0.0,8,0.0,538.0,8,0.0,0.0,,,,,,,6,10
19,6,11,0.0,8,0.0,0.0,8,0.0,,,0.0,8,0.0,0.0,8,0.0,,,,,,,,6,11
19,7,1,11262.931,8,110.04194154857501,660542.0,8,112.08248684437724,0.017051044445319147,0.00016661852805067472,11262.931,8,110.04194154857501,190158.0,8,112.08248684437724,0.05922933034634357,0.0005797389767221125,,,,,,7,1
19,7,2,4486.3521,8,69.21775185972815,426066.0,8,70.10966040400496,0.010529711593978398,0.00016246705563978183,4486.3521,8,69.21775185972815,125992.0,8,70.10966040400496,0.03560822988761191,0.0005497393294278145,,,,,,7,2
19,7,3,2230.592,8,48.43315683072909,266628.0,8,49.00381053612056,0.008365933060293743,0.0001816571847835323,2230.592,8,48.43315683072909,80293.0,8,49.00381053612056,0.027780653357079698,0.0006034434578179981,,,,,,7,3
19,7,4,1428.894,8,38.80698573826625,160312.0,8,37.86572667743219,0.008913206746843655,0.00024208077595096712,1428.894,8,38.80698573826625,50165.0,8,37.86572667743219,0.02848388318548789,0.0007738855995232251,,,,,,7,4
19,7,5,1495.0322,8,39.86261495975897,143867.0,8,37.194944402969604,0.01039176600610286,0.0002770926538713066,1495.0322,8,39.86261495975897,47121.0,8,37.194944402969604,0.031727514271768426,0.0008463334643315013,,,,,,7,5
19,7,6,505.4869,8,22.97929216520387,39857.0,8,21.494491233890603,0.012682512482123591,0.0005765840144682582,505.4869,8,22.97929216520387,14169.0,8,21.494491233890603,0.03567555226198038,0.0016227033153879953,,,,,,7,6
19,7,7,46.1272,8,7.129448974570195,8296.0,8,7.129448974570195,0.005560173577627773,0.0008593972009481718,46.1272,8,7.129448974570195,3159.0,8,7.129448974570195,0.014601836024058247,0.0022571095225884033,,,,,,7,7
19,7,8,0.0,8,0.0,1009.0,8,0.0,0.0,,0.0,8,0.0,415.0,8,0.0,0.0,,,,,,,7,8
19,7,9,0.0,8,0.0,0.0,8,0.0,,,0.0,8,0.0,0.0,8,0.0,,,,,,,,7,9
19,7,10,0.0,8,0.0,0.0,8,0.0,,,0.0,8,0.0,0.0,8,0.0,,,,,,,,7,10
19,7,11,0.0,8,0.0,0.0,8,0.0,,,0.0,8,0.0,0.0,8,0.0,,,,,,,,7,11
19,8,1,0.0,8,0.0,2219.0,8,2.34811,0.0,,0.0,8,0.0,896.0,8,2.34811,0.0,,,,,,,8,1
19,8,2,0.0,8,0.0,424.0,8,0.0,0.0,,0.0,8,0.0,185.0,8,0.0,0.0,,,,,,,8,2
19,8,3,0.0,8,0.0,27.0,8,0.0,0.0,,0.0,8,0.0,9.0,8,0.0,0.0,,,,,,,8,3
19,8,4,0.0,8,0.0,0.0,8,0.0,,,0.0,8,0.0,0.0,8,0.0,,,,,,,,8,4
19,8,5,0.0,8,0.0,0.0,8,0.0,,,0.0,8,0.0,0.0,8,0.0,,,,,,,,8,5
19,8,6,0.0,8,0.0,0.0,8,0.0,,,0.0,8,0.0,0.0,8,0.0,,,,,,,,8,6
19,8,7,0.0,8,0.0,0.0,8,0.0,,,0.0,8,0.0,0.0,8,0.0,,,,,,,,8,7
19,8,8,0.0,8,0.0,0.0,8,0.0,,,0.0,8,0.0,0.0,8,0.0,,,,,,,,8,8
19,8,9,0.0,8,0.0,0.0,8,0.0,,,0.0,8,0.0,0.0,8,0.0,,,,,,,,8,9
19,8,10,0.0,8,0.0,0.0,8,0.0,,,0.0,8,0.0,0.0,8,0.0,,,,,,,,8,10
19,8,11,0.0,8,0.0,0.0,8,0.0,,,0.0,8,0.0,0.0,8,0.0,,,,,,,,8,11
20,1,1,0.0,8,0.0,80844100.0,8,0.0,0.0,,0.0,8,0.0,19738410.0,8,0.0,0.0,,,,,,,1,1
20,1,2,0.0,8,0.0,23639520.0,8,0.0,0.0,,0.0,8,0.0,5802896.0,8,0.0,0.0,,,,,,,1,2
20,1,3,0.0,8,0.0,7261584.0,8,0.0,0.0,,0.0,8,0.0,1824538.0,8,0.0,0.0,,,,,,,1,3
20,1,4,0.0,8,0.0,1787528.0,8,0.0,0.0,,0.0,8,0.0,478987.0,8,0.0,0.0,,,,,,,1,4
20,1,5,0.0,8,0.0,327647.0,8,0.0,0.0,,0.0,8,0.0,97781.0,8,0.0,0.0,,,,,,,1,5
20,1,6,0.0,8,0.0,210.0,8,0.0,0.0,,0.0,8,0.0,68.0,8,0.0,0.0,,,,,,,1,6
20,1,7,0.0,8,0.0,0.0,8,0.0,,,0.0,8,0.0,0.0,8,0.0,,,,,,,,1,7
20,1,8,0.0,8,0.0,0.0,8,0.0,,,0.0,8,0.0,0.0,8,0.0,,,,,,,,1,8
20,1,9,0.0,8,0.0,0.0,8,0.0,,,0.0,8,0.0,0.0,8,0.0,,,,,,,,1,9
20,1,10,0.0,8,0.0,0.0,8,0.0,,,0.0,8,0.0,0.0,8,0.0,,,,,,,,1,10
20,1,11,0.0,8,0.0,0.0,8,0.0,,,0.0,8,0.0,0.0,8,0.0,,,,,,,,1,11
20,2,1,0.0,8,0.0,16018500.0,8,0.0,0.0,,0.0,8,0.0,3847395.0,8,0.0,0.0,,,,,,,2,1
20,2,2,0.0,8,0.0,11199490.0,8,0.0,0.0,,0.0,8,0.0,2699762.0,8,0.0,0.0,,,,,,,2,2
20,2,3,0.0,8,0.0,6913112.0,8,0.0,0.0,,0.0,8,0.0,1672923.0,8,0.0,0.0,,,,,,,2,3
20,2,4,0.0,8,0.0,4044913.0,8,0.0,0.0,,0.0,8,0.0,986345.0,8,0.0,0.0,,,,,,,2,4
20,2,5,0.0,8,0.0,2277449.0,8,0.0,0.0,,0.0,8,0.0,600536.0,8,0.0,0.0,,,,,,,2,5
20,2,6,0.0,8,0.0,160837.0,8,0.0,0.0,,0.0,8,0.0,49087.0,8,0.0,0.0,,,,,,,2,6
20,2,7,0.0,8,0.0,1008.0,8,0.0,0.0,,0.0,8,0.0,352.0,8,0.0,0.0,,,,,,,2,7
20,2,8,0.0,8,0.0,0.0,8,0.0,,,0.0,8,0.0,0.0,8,0.0,,,,,,,,2,8
20,2,9,0.0,8,0.0,0.0,8,0.0,,,0.0,8,0.0,0.0,8,0.0,,,,,,,,2,9
20,2,10,0.0,8,0.0,0.0,8,0.0,,,0.0,8,0.0,0.0,8,0.0,,,,,,,,2,10
20,2,11,0.0,8,0.0,0.0,8,0.0,,,0.0,8,0.0,0.0,8,0.0,,,,,,,,2,11
20,3,1,3395.8,8,87.44739711615206,8198750.0,8,88.30704132966974,0.0004141850891904254,1.0665943560313133e-05,3395.8,8,87.44739711615206,1978761.0,8,88.30704132966974,0.001716124382884037,4.4193072549003e-05,,,,,,3,1
20,3,2,1583.994,8,46.65390654318243,5851208.0,8,45.07271725678407,0.0002707123041942792,7.97338056325936e-06,1583.994,8,46.65390654318243,1419801.0,8,45.07271725678407,0.0011156450798386534,3.2859487803356524e-05,,,,,,3,2
20,3,3,613.1624,8,26.941187250830282,4031034.0,8,28.659255253301684,0.00015211045106540904,6.683443405222285e-06,613.1624,8,26.941187250830282,978305.0,8,28.659255253301684,0.0006267599572730386,2.7538644123132937e-05,,,,,,3,3
20,3,4,507.5828,8,23.659394011827523,2666642.0,8,24.43098235361198,0.00019034531069412393,8.872354995100499e-06,507.5828,8,23.659394011827523,648934.0,8,24.43098235361198,0.0007821793895835325,3.6458872133449764e-05,,,,,,3,4
20,3,5,479.5413,8,23.10964053847658,2032409.0,8,20.97054048400279,0.00023594724290238825,1.1370566194192005e-05,479.5413,8,23.10964053847658,518739.0,8,20.97054048400279,0.0009244365663657446,4.454966499452269e-05,,,,,,3,5
20,3,6,25.5295,8,5.563566314199913,297664.0,8,5.563566314199913,8.576616587830574e-05,1.8690759832100124e-05,25.5295,8,5.563566314199913,87584.0,8,5.563566314199913,0.0002914858878333942,6.352263599003694e-05,,,,,,3,6
20,3,7,0.0,8,0.0,12577.0,8,0.0,0.0,,0.0,8,0.0,4133.0,8,0.0,0.0,,,,,,,3,7
20,3,8,0.0,8,0.0,0.0,8,0.0,,,0.0,8,0.0,0.0,8,0.0,,,,,,,,3,8
20,3,9,0.0,8,0.0,0.0,8,0.0,,,0.0,8,0.0,0.0,8,0.0,,,,,,,,3,9
20,3,10,0.0,8,0.0,0.0,8,0.0,,,0.0,8,0.0,0.0,8,0.0,,,,,,,,3,10
20,3,11,0.0,8,0.0,0.0,8,0.0,,,0.0,8,0.0,0.0,8,0.0,,,,,,,,3,11
20,4,1,9552.968,8,128.52431725440132,4362541.0,8,132.73174780661935,0.0021897715116029857,2.94609600007629e-05,9552.968,8,128.52431725440132,1060174.0,8,132.73174780661935,0.009010754838356724,0.0001212347048928436,,,,,,4,1
20,4,2,4422.066,8,74.79004922775489,3217913.0,8,72.95562948326881,0.0013742030937442995,2.3241808098624512e-05,4422.066,8,74.79004922775489,783379.0,8,72.95562948326881,0.005644861554879566,9.547254018240876e-05,,,,,,4,2
20,4,3,1783.868,8,45.7903573479177,2206286.0,8,44.477289731277466,0.0008085388748330905,2.0754503935213693e-05,1783.868,8,45.7903573479177,539233.0,8,44.477289731277466,0.0033081580689609128,8.491801085248894e-05,,,,,,4,3
20,4,4,1111.0774999999999,8,34.91280276857331,1287309.0,8,35.47021762068849,0.0008631008561270059,2.7120773793357675e-05,1111.0774999999999,8,34.91280276857331,322313.0,8,35.47021762068849,0.0034472003921653793,0.00010832022562665964,,,,,,4,4
20,4,5,1426.1799,8,39.25577017703894,896210.0,8,38.36115234987213,0.0015913456667522121,4.380203037524221e-05,1426.1799,8,39.25577017703894,242266.0,8,38.36115234987213,0.005886834718862738,0.00016203850198952873,,,,,,4,5
20,4,6,184.6138,8,14.758603931513983,128646.0,8,16.220272460917542,0.001435052780498422,0.00011472274526567723,184.6138,8,14.758603931513983,38848.0,8,16.220272460917542,0.004752208607907743,0.00037991158424341106,,,,,,4,6
20,4,7,0.0,8,0.0,4048.0,8,0.0,0.0,,0.0,8,0.0,1325.0,8,0.0,0.0,,,,,,,4,7
20,4,8,0.0,8,0.0,0.0,8,0.0,,,0.0,8,0.0,0.0,8,0.0,,,,,,,,4,8
20,4,9,0.0,8,0.0,0.0,8,0.0,,,0.0,8,0.0,0.0,8,0.0,,,,,,,,4,9
20,4,10,0.0,8,0.0,0.0,8,0.0,,,0.0,8,0.0,0.0,8,0.0,,,,,,,,4,10
20,4,11,0.0,8,0.0,0.0,8,0.0,,,0.0,8,0.0,0.0,8,0.0,,,,,,,,4,11
20,5,1,10055.06,8,117.13872208048883,1943706.0,8,119.68104642486212,0.005173138324417376,6.0266500303643635e-05,10055.06,8,117.13872208048883,478677.0,8,119.68104642486212,0.02100593928682598,0.0002447698482439752,,,,,,5,1
20,5,2,2932.873,8,58.764144479946275,1164118.0,8,60.54028930026681,0.002519394941062676,5.047971290034551e-05,2932.873,8,58.764144479946275,292520.0,8,60.54028930026681,0.010026230685081362,0.00020090003857446055,,,,,,5,2
20,5,3,1306.522,8,38.28973355933546,597619.0,8,36.890664805487035,0.002186212285753967,6.407061773115922e-05,1306.522,8,38.28973355933546,158375.0,8,36.890664805487035,0.008249546961325967,0.00024177390983722819,,,,,,5,3
20,5,4,519.3697,8,24.980070934128673,270102.0,8,23.999738333213134,0.0019228650657899607,9.248400071568611e-05,519.3697,8,24.980070934128673,75989.0,8,23.999738333213134,0.006834801089631393,0.00032873981098611164,,,,,,5,4
20,5,5,405.2202,8,21.002610694082772,137670.0,8,21.660907163717773,0.002943416866419699,0.00015255834580311248,405.2202,8,21.002610694082772,41537.0,8,21.660907163717773,0.009755644365264703,0.0005056617891838814,,,,,,5,5
20,5,6,0.0,8,0.0,6783.0,8,4.9861,0.0,,0.0,8,0.0,2177.0,8,4.9861,0.0,,,,,,,5,6
20,5,7,0.0,8,0.0,0.0,8,0.0,,,0.0,8,0.0,0.0,8,0.0,,,,,,,,5,7
20,5,8,0.0,8,0.0,0.0,8,0.0,,,0.0,8,0.0,0.0,8,0.0,,,,,,,,5,8
20,5,9,0.0,8,0.0,0.0,8,0.0,,,0.0,8,0.0,0.0,8,0.0,,,,,,,,5,9
20,5,10,0.0,8,0.0,0.0,8,0.0,,,0.0,8,0.0,0.0,8,0.0,,,,,,,,5,10
20,5,11,0.0,8,0.0,0.0,8,0.0,,,0.0,8,0.0,0.0,8,0.0,,,,,,,,5,11
20,6,1,2318.56,8,52.11341633197731,196796.0,8,55.36666796439894,0.011781540275208845,0.00026483007086951655,2318.56,8,52.11341633197731,56374.0,8,55.36666796439894,0.04112817965728882,0.0009253049804083134,,,,,,6,1
20,6,2,428.3953,8,22.007605400165644,73365.0,8,23.227174289116615,0.0058392326041027745,0.00029997987220403916,428.3953,8,22.007605400165644,22018.0,8,23.227174289116615,0.01945659460441457,0.0009997386216500676,,,,,,6,2
20,6,3,13.9762,8,3.92503,20516.0,8,3.92503,0.0006812341587054007,0.00019131560298127386,13.9762,8,3.92503,6498.0,8,3.92503,0.0021508464142813172,0.0006040380238318293,,,,,,6,3
20,6,4,0.0,8,0.0,3175.0,8,0.0,0.0,,0.0,8,0.0,1035.0,8,0.0,0.0,,,,,,,6,4
20,6,5,0.0,8,0.0,88.0,8,0.0,0.0,,0.0,8,0.0,28.0,8,0.0,0.0,,,,,,,6,5
20,6,6,0.0,8,0.0,0.0,8,0.0,,,0.0,8,0.0,0.0,8,0.0,,,,,,,,6,6
20,6,7,0.0,8,0.0,0.0,8,0.0,,,0.0,8,0.0,0.0,8,0.0,,,,,,,,6,7
20,6,8,0.0,8,0.0,0.0,8,0.0,,,0.0,8,0.0,0.0,8,0.0,,,,,,,,6,8
20,6,9,0.0,8,0.0,0.0,8,0.0,,,0.0,8,0.0,0.0,8,0.0,,,,,,,,6,9
20,6,10,0.0,8,0.0,0.0,8,0.0,,,0.0,8,0.0,0.0,8,0.0,,,,,,,,6,10
20,6,11,0.0,8,0.0,0.0,8,0.0,,,0.0,8,0.0,0.0,8,0.0,,,,,,,,6,11
20,7,1,0.0,8,0.0,11.3052,8,3.99029,0.0,,0.0,8,0.0,11.3052,8,3.99029,0.0,,,,,,,7,1
20,7,2,0.0,8,0.0,0.0,8,0.0,,,0.0,8,0.0,0.0,8,0.0,,,,,,,,7,2
20,7,3,0.0,8,0.0,0.0,8,0.0,,,0.0,8,0.0,0.0,8,0.0,,,,,,,,7,3
20,7,4,0.0,8,0.0,0.0,8,0.0,,,0.0,8,0.0,0.0,8,0.0,,,,,,,,7,4
20,7,5,0.0,8,0.0,0.0,8,0.0,,,0.0,8,0.0,0.0,8,0.0,,,,,,,,7,5
20,7,6,0.0,8,0.0,0.0,8,0.0,,,0.0,8,0.0,0.0,8,0.0,,,,,,,,7,6
20,7,7,0.0,8,0.0,0.0,8,0.0,,,0.0,8,0.0,0.0,8,0.0,,,,,,,,7,7
20,7,8,0.0,8,0.0,0.0,8,0.0,,,0.0,8,0.0,0.0,8,0.0,,,,,,,,7,8
20,7,9,0.0,8,0.0,0.0,8,0.0,,,0.0,8,0.0,0.0,8,0.0,,,,,,,,7,9
20,7,10,0.0,8,0.0,0.0,8,0.0,,,0.0,8,0.0,0.0,8,0.0,,,,,,,,7,10
20,7,11,0.0,8,0.0,0.0,8,0.0,,,0.0,8,0.0,0.0,8,0.0,,,,,,,,7,11
20,8,1,0.0,8,0.0,0.0,8,0.0,,,0.0,8,0.0,0.0,8,0.0,,,,,,,,8,1
20,8,2,0.0,8,0.0,0.0,8,0.0,,,0.0,8,0.0,0.0,8,0.0,,,,,,,,8,2
20,8,3,0.0,8,0.0,0.0,8,0.0,,,0.0,8,0.0,0.0,8,0.0,,,,,,,,8,3
20,8,4,0.0,8,0.0,0.0,8,0.0,,,0.0,8,0.0,0.0,8,0.0,,,,,,,,8,4
20,8,5,0.0,8,0.0,0.0,8,0.0,,,0.0,8,0.0,0.0,8,0.0,,,,,,,,8,5
20,8,6,0.0,8,0.0,0.0,8,0.0,,,0.0,8,0.0,0.0,8,0.0,,,,,,,,8,6
20,8,7,0.0,8,0.0,0.0,8,0.0,,,0.0,8,0.0,0.0,8,0.0,,,,,,,,8,7
20,8,8,0.0,8,0.0,0.0,8,0.0,,,0.0,8,0.0,0.0,8,0.0,,,,,,,,8,8
20,8,9,0.0,8,0.0,0.0,8,0.0,,,0.0,8,0.0,0.0,8,0.0,,,,,,,,8,9
20,8,10,0.0,8,0.0,0.0,8,0.0,,,0.0,8,0.0,0.0,8,0.0,,,,,,,,8,10
20,8,11,0.0,8,0.0,0.0,8,0.0,,,0.0,8,0.0,0.0,8,0.0,,,,,,,,8,11
