xq2_bin,z_bin,pt2_bin,m1_content,m1_error,m2_content,m2_error,m3_content,m3_error,ref_x,ref_y,ref_eyl,ref_eyh,pt2_center,z_center,scale_content,scale_acc,bin_width,scale_factor,m2_minus_m1,ref_minus_m1,ref_minus_m2
0,2,2,,,,,,,,,,,0.07500000000000001,0.25,0.0,,0.005,,,,
0,2,3,,,,,,,,,,,0.125,0.25,0.0,,0.005,,,,
0,2,4,,,,,,,,,,,0.175,0.25,0.0,,0.005,,,,
0,2,5,,,,,,,,,,,0.25,0.25,0.0,,0.01,,,,
0,2,6,,,,,,,,,,,0.35,0.25,0.0,,0.01,,,,
0,2,7,,,,,,,,,,,0.45,0.25,0.0,,0.01,,,,
0,2,8,,,,,,,,,,,0.575,0.25,0.0,,0.015,,,,
0,2,9,,,,,,,,,,,0.7250000000000001,0.25,0.0,,0.015,,,,
0,2,10,,,,,,,,,,,0.9,0.25,0.0,,0.02,,,,
0,3,2,,,,,,,,,,,0.07500000000000001,0.35,0.0,,0.005,,,,
0,3,3,,,,,,,,,,,0.125,0.35,0.0,,0.005,,,,
0,3,4,,,,,,,,,,,0.175,0.35,0.0,,0.005,,,,
0,3,5,,,,,,,,,,,0.25,0.35,0.0,,0.01,,,,
0,3,6,,,,,,,,,,,0.35,0.35,0.0,,0.01,,,,
0,3,7,,,,,,,,,,,0.45,0.35,0.0,,0.01,,,,
0,3,8,,,,,,,,,,,0.575,0.35,0.0,,0.015,,,,
0,3,9,,,,,,,,,,,0.7250000000000001,0.35,0.0,,0.015,,,,
0,3,10,,,,,,,,,,,0.9,0.35,0.0,,0.02,,,,
0,4,2,,,,,,,,,,,0.07500000000000001,0.45,0.0,,0.005,,,,
0,4,3,,,,,,,,,,,0.125,0.45,0.0,,0.005,,,,
0,4,4,,,,,,,,,,,0.175,0.45,0.0,,0.005,,,,
0,4,5,,,,,,,,,,,0.25,0.45,0.0,,0.01,,,,
0,4,6,,,,,,,,,,,0.35,0.45,0.0,,0.01,,,,
0,4,7,,,,,,,,,,,0.45,0.45,0.0,,0.01,,,,
0,4,8,,,,,,,,,,,0.575,0.45,0.0,,0.015,,,,
0,4,9,,,,,,,,,,,0.7250000000000001,0.45,0.0,,0.015,,,,
0,4,10,,,,,,,,,,,0.9,0.45,0.0,,0.02,,,,
0,5,2,,,,,,,,,,,0.07500000000000001,0.55,0.0,,0.005,,,,
0,5,3,,,,,,,,,,,0.125,0.55,0.0,,0.005,,,,
0,5,4,,,,,,,,,,,0.175,0.55,0.0,,0.005,,,,
0,5,5,,,,,,,,,,,0.25,0.55,0.0,,0.01,,,,
0,5,6,,,,,,,,,,,0.35,0.55,0.0,,0.01,,,,
0,5,7,,,,,,,,,,,0.45,0.55,0.0,,0.01,,,,
0,5,8,,,,,,,,,,,0.575,0.55,0.0,,0.015,,,,
0,5,9,,,,,,,,,,,0.7250000000000001,0.55,0.0,,0.015,,,,
0,5,10,,,,,,,,,,,0.9,0.55,0.0,,0.02,,,,
0,6,2,,,,,,,,,,,0.07500000000000001,0.6499999999999999,0.0,,0.005,,,,
0,6,3,,,,,,,,,,,0.125,0.6499999999999999,0.0,,0.005,,,,
0,6,4,,,,,,,,,,,0.175,0.6499999999999999,0.0,,0.005,,,,
0,6,5,,,,,,,,,,,0.25,0.6499999999999999,0.0,,0.01,,,,
0,6,6,,,,,,,,,,,0.35,0.6499999999999999,0.0,,0.01,,,,
0,6,7,,,,,,,,,,,0.45,0.6499999999999999,0.0,,0.01,,,,
0,6,8,,,,,,,,,,,0.575,0.6499999999999999,0.0,,0.015,,,,
0,6,9,,,,,,,,,,,0.7250000000000001,0.6499999999999999,0.0,,0.015,,,,
0,6,10,,,,,,,,,,,0.9,0.6499999999999999,0.0,,0.02,,,,
0,7,2,,,,,,,,,,,0.07500000000000001,0.75,0.0,,0.005,,,,
0,7,3,,,,,,,,,,,0.125,0.75,0.0,,0.005,,,,
0,7,4,,,,,,,,,,,0.175,0.75,0.0,,0.005,,,,
0,7,5,,,,,,,,,,,0.25,0.75,0.0,,0.01,,,,
0,7,6,,,,,,,,,,,0.35,0.75,0.0,,0.01,,,,
0,7,7,,,,,,,,,,,0.45,0.75,0.0,,0.01,,,,
0,7,8,,,,,,,,,,,0.575,0.75,0.0,,0.015,,,,
0,7,9,,,,,,,,,,,0.7250000000000001,0.75,0.0,,0.015,,,,
0,7,10,,,,,,,,,,,0.9,0.75,0.0,,0.02,,,,
1,2,2,9.85022972072281,0.6965358780437756,1.2312787150903513,0.08706698475547195,9.48440630653758,0.12545187087659937,,,,,0.07500000000000001,0.25,32470944.237810403,0.5904129849247507,0.005,1.043227862010416e-05,-8.618951005632459,,
1,2,3,7.283523993966685,0.12429012423052554,0.9104404992458356,0.015536265528815693,7.148470040730623,0.08696409431196098,0.124787,7.2193,0.516137,0.516137,0.125,0.25,32470944.237810403,0.5904129849247507,0.005,1.043227862010416e-05,-6.3730834947208495,-0.0642239939666851,6.308859500754164
1,2,4,5.032645895852668,0.0653284158045824,0.6290807369815835,0.0081660519755728,5.203163689097668,0.0556073200300854,0.174371,5.5128,0.290448,0.290448,0.175,0.25,32470944.237810403,0.5904129849247507,0.005,1.043227862010416e-05,-4.403565158871085,0.4801541041473323,4.883719263018417
1,2,5,3.24707020989914,0.029752589617163226,0.4058837762373925,0.0037190737021454033,3.3955218925844086,0.026855893963855154,0.246331,3.57205,0.159512,0.159512,0.25,0.25,32470944.237810403,0.5904129849247507,0.01,5.21613931005208e-06,-2.841186433661748,0.32497979010085976,3.1661662237626076
1,2,6,1.8164318344119728,0.017334627970064492,0.2270539793014966,0.0021668284962580615,1.867755393344669,0.015376813165211802,0.345124,1.92103,0.103101,0.103101,0.35,0.25,32470944.237810403,0.5904129849247507,0.01,5.21613931005208e-06,-1.5893778551104762,0.10459816558802726,1.6939760206985035
1,2,7,1.0153420434066978,0.01286367806440915,0.12691775542583722,0.0016079597580511437,1.0337491648816306,0.01170721550224096,0.443954,1.0363,0.0561791,0.0561791,0.45,0.25,32470944.237810403,0.5904129849247507,0.01,5.21613931005208e-06,-0.8884242879808606,0.02095795659330224,0.9093822445741628
1,2,8,0.49789138798851384,0.008811991363117062,0.06223642349856423,0.0011014989203896328,0.49649314272507555,0.008251820708894814,0.559167,0.496303,0.0349029,0.0349029,0.575,0.25,32470944.237810403,0.5904129849247507,0.015,3.477426206701387e-06,-0.4356549644899496,-0.0015883879885138508,0.43406657650143576
1,2,9,0.2237386484967855,0.008463157740403909,0.02796733106209819,0.0010578947175504886,0.2197673527883043,0.007219262031743003,0.703579,0.196403,0.013652,0.013652,0.7250000000000001,0.25,32470944.237810403,0.5904129849247507,0.015,3.477426206701387e-06,-0.19577131743468731,-0.02733564849678552,0.1684356689379018
1,2,10,0.04507329062391856,0.006630695996809234,0.00563416132798982,0.0008288369996011542,0.06810185373537217,0.009811169854784592,0.836179,0.0759427,0.0362831,0.0362831,0.9,0.25,32470944.237810403,0.5904129849247507,0.02,2.60806965502604e-06,-0.039439129295928736,0.030869409376081444,0.07030853867201019
1,3,2,2.9711690301625664,0.06602649453894496,0.3713961287703208,0.00825331181736812,4.294003527428933,0.08055580575222207,0.0756148,4.01394,0.565112,0.565112,0.07500000000000001,0.35,32470944.237810403,0.5904129849247507,0.005,1.043227862010416e-05,-2.5997729013922455,1.0427709698374334,3.642543871229679
1,3,3,3.393509798153597,0.1208976015502494,0.4241887247691996,0.015112200193781174,3.3637979090904158,0.05197034746131999,0.125302,3.45129,0.316743,0.316743,0.125,0.35,32470944.237810403,0.5904129849247507,0.005,1.043227862010416e-05,-2.969321073384397,0.05778020184640331,3.0271012752308004
1,3,4,2.655472320284976,0.062381803625759416,0.33193404003562194,0.007797725453219927,2.730013270810588,0.03193730694340601,0.174821,2.78657,0.187216,0.187216,0.175,0.35,32470944.237810403,0.5904129849247507,0.005,1.043227862010416e-05,-2.323538280249354,0.13109767971502428,2.4546359599643783
1,3,5,1.7895040493028953,0.026658111791722054,0.2236880061628619,0.0033322639739652568,1.9211001824841227,0.01661014232796268,0.247832,2.00195,0.110308,0.110308,0.25,0.35,32470944.237810403,0.5904129849247507,0.01,5.21613931005208e-06,-1.5658160431400334,0.2124459506971046,1.778261993837138
1,3,6,1.1169849342636835,0.014739653602200519,0.13962311678296047,0.0018424567002750648,1.2009314239176008,0.0111259608997223,0.347079,1.22358,0.0610624,0.0610624,0.35,0.35,32470944.237810403,0.5904129849247507,0.01,5.21613931005208e-06,-0.977361817480723,0.10659506573631639,1.0839568832170394
1,3,7,0.6664691017625916,0.00852665015475187,0.08330863772032394,0.0010658312693439837,0.7147464775186382,0.0072001686608821865,0.446904,0.722724,0.0359806,0.0359806,0.45,0.35,32470944.237810403,0.5904129849247507,0.01,5.21613931005208e-06,-0.5831604640422676,0.05625489823740848,0.6394153622796761
1,3,8,0.36339589782522685,0.004494919053578103,0.04542448722815336,0.0005618648816972629,0.38212586602750065,0.004026518888812135,0.56772,0.378812,0.0187265,0.0187265,0.575,0.35,32470944.237810403,0.5904129849247507,0.015,3.477426206701387e-06,-0.3179714105970735,0.015416102174773127,0.33338751277184664
1,3,9,0.1731330271830365,0.0029128910939952555,0.021641628397879562,0.00036411138674940694,0.18090426417917102,0.002703612360652101,0.71653,0.177811,0.0103538,0.0103538,0.7250000000000001,0.35,32470944.237810403,0.5904129849247507,0.015,3.477426206701387e-06,-0.15149139878515694,0.004677972816963499,0.15616937160212044
1,3,10,0.08063733067380809,0.0018106315928377976,0.01007966633422601,0.0002263289491047247,0.07969303370316828,0.001574839237735421,0.882122,0.0756031,0.00435532,0.00435532,0.9,0.35,32470944.237810403,0.5904129849247507,0.02,2.60806965502604e-06,-0.07055766433958208,-0.005034230673808079,0.065523433665774
1,4,2,1.2766619046021743,0.05538753474188872,0.1595827380752718,0.00692344184273609,2.1023346167353485,0.03972231011011608,0.0756316,2.08278,0.20114,0.20114,0.07500000000000001,0.45,32470944.237810403,0.5904129849247507,0.005,1.043227862010416e-05,-1.1170791665269024,0.8061180953978258,1.9231972619247282
1,4,3,1.3127323591634834,0.07497816075300467,0.16409154489543543,0.009372270094125583,1.718426615423487,0.033977772111889154,0.125388,1.79273,0.128365,0.128365,0.125,0.45,32470944.237810403,0.5904129849247507,0.005,1.043227862010416e-05,-1.148640814268048,0.4799976408365165,1.6286384551045645
1,4,4,1.0282037452010726,0.024623266157668487,0.1285254681501341,0.0030779082697085605,1.3989558005361569,0.024696665549994803,0.175035,1.48978,0.129566,0.129566,0.175,0.45,32470944.237810403,0.5904129849247507,0.005,1.043227862010416e-05,-0.8996782770509385,0.4615762547989275,1.3612545318498661
1,4,5,0.8067110387139718,0.01076809789129775,0.10083887983924647,0.0013460122364122187,1.1028494095937995,0.011653827071183719,0.248868,1.13882,0.0876613,0.0876613,0.25,0.45,32470944.237810403,0.5904129849247507,0.01,5.21613931005208e-06,-0.7058721588747253,0.3321089612860282,1.0379811201607534
1,4,6,0.6164844484779524,0.016368902453701345,0.07706055605974405,0.002046112806712668,0.7380217132912613,0.00866373505722375,0.347859,0.754552,0.0442357,0.0442357,0.35,0.45,32470944.237810403,0.5904129849247507,0.01,5.21613931005208e-06,-0.5394238924182083,0.13806755152204764,0.677491443940256
1,4,7,0.4580258479484999,0.011463789185965065,0.05725323099356249,0.0014329736482456335,0.49168687363214497,0.006299856550206882,0.447382,0.494801,0.0292504,0.0292504,0.45,0.45,32470944.237810403,0.5904129849247507,0.01,5.21613931005208e-06,-0.4007726169549374,0.036775152051500115,0.4375477690064375
1,4,8,0.2778961375478822,0.004620391543787522,0.03473701719348528,0.0005775489429734402,0.3017580224657452,0.00346811140519224,0.569048,0.297022,0.0144511,0.0144511,0.575,0.45,32470944.237810403,0.5904129849247507,0.015,3.477426206701387e-06,-0.24315912035439696,0.01912586245211778,0.26228498280651474
1,4,9,0.14445374341361777,0.0026694584086588663,0.018056717926702222,0.00033368230108235823,0.15592122278531723,0.0023148769315850114,0.718587,0.150629,0.00751327,0.00751327,0.7250000000000001,0.45,32470944.237810403,0.5904129849247507,0.015,3.477426206701387e-06,-0.12639702548691556,0.006175256586382238,0.1325722820732978
1,4,10,0.06846449987011638,0.0014336873810404654,0.008558062483764547,0.00017921092263005817,0.07392830751893477,0.001358783739646849,0.888867,0.070086,0.00345438,0.00345438,0.9,0.45,32470944.237810403,0.5904129849247507,0.02,2.60806965502604e-06,-0.05990643738635183,0.0016215001298836157,0.06152793751623545
1,5,2,0.620795059267266,0.05549659840373199,0.07759938240840825,0.006937074800466499,1.1008222415392053,0.0282770427173069,0.0753546,1.12463,0.148003,0.148003,0.07500000000000001,0.55,32470944.237810403,0.5904129849247507,0.005,1.043227862010416e-05,-0.5431956768588577,0.503834940732734,1.0470306175915918
1,5,3,0.5422196258769159,0.018742140370101502,0.06777745323461448,0.002342767546262688,0.9034651736647467,0.02151940217545904,0.125125,0.941352,0.100334,0.100334,0.125,0.55,32470944.237810403,0.5904129849247507,0.005,1.043227862010416e-05,-0.4744421726423014,0.3991323741230841,0.8735745467653855
1,5,4,0.5662908463550446,0.026238634275556623,0.07078635579438057,0.003279829284444578,0.8101284565187141,0.01833192633244492,0.175094,0.854336,0.0778205,0.0778205,0.175,0.55,32470944.237810403,0.5904129849247507,0.005,1.043227862010416e-05,-0.495504490560664,0.2880451536449554,0.7835496442056195
1,5,5,0.45749713323611924,0.00924123113565134,0.057187141654514904,0.0011551538919564177,0.6537703125495883,0.009512660947584097,0.249267,0.654497,0.0545675,0.0545675,0.25,0.55,32470944.237810403,0.5904129849247507,0.01,5.21613931005208e-06,-0.40030999158160435,0.19699986676388076,0.5973098583454851
1,5,6,0.32095624920574656,0.006156775756784341,0.04011953115071832,0.0007695969695980426,0.43809998532994926,0.007100848696504176,0.348327,0.455319,0.0321964,0.0321964,0.35,0.55,32470944.237810403,0.5904129849247507,0.01,5.21613931005208e-06,-0.28083671805502824,0.13436275079425342,0.41519946884928166
1,5,7,0.2418634597868045,0.004433508337171753,0.030232932473350564,0.0005541885421464692,0.3331859264294569,0.005233759675845376,0.447455,0.330143,0.0208085,0.0208085,0.45,0.55,32470944.237810403,0.5904129849247507,0.01,5.21613931005208e-06,-0.21163052731345394,0.0882795402131955,0.29991006752664945
1,5,8,0.15891479259411914,0.0027290283908636137,0.019864349074264893,0.0003411285488579517,0.2081432192905693,0.0030598465890512364,0.569279,0.207598,0.0122355,0.0122355,0.575,0.55,32470944.237810403,0.5904129849247507,0.015,3.477426206701387e-06,-0.13905044351985424,0.04868320740588086,0.1877336509257351
1,5,9,0.11176515837122832,0.0033138806507813524,0.013970644796403538,0.0004142350813476691,0.12148968500637042,0.0020893266965133143,0.719324,0.116504,0.00751534,0.00751534,0.7250000000000001,0.55,32470944.237810403,0.5904129849247507,0.015,3.477426206701387e-06,-0.09779451357482477,0.004738841628771681,0.10253335520359647
1,5,10,0.057108984374154625,0.0014484909012679819,0.007138623046769328,0.00018106136265849774,0.06432240763041326,0.0012713186106793012,0.88889,0.0583471,0.00426689,0.00426689,0.9,0.55,32470944.237810403,0.5904129849247507,0.02,2.60806965502604e-06,-0.0499703613273853,0.0012381156258453735,0.05120847695323067
1,6,2,0.22132370152086364,0.007392732213530681,0.027665462690107955,0.0009240915266913351,0.6036715788763184,0.01761196868360501,0.0753001,0.591382,0.0653965,0.0653965,0.07500000000000001,0.6499999999999999,32470944.237810403,0.5904129849247507,0.005,1.043227862010416e-05,-0.1936582388307557,0.3700582984791363,0.563716537309892
1,6,3,0.44375379693366546,0.03007845571331897,0.05546922461670818,0.0037598069641648713,0.5467224978643684,0.015850722559128543,0.125082,0.556182,0.0525304,0.0525304,0.125,0.6499999999999999,32470944.237810403,0.5904129849247507,0.005,1.043227862010416e-05,-0.3882845723169573,0.1124282030663345,0.5007127753832917
1,6,4,0.2862633375276469,0.011280106394681435,0.03578291719095586,0.0014100132993351794,0.4691654167664179,0.01315016065429763,0.174699,0.478988,0.0418444,0.0418444,0.175,0.6499999999999999,32470944.237810403,0.5904129849247507,0.005,1.043227862010416e-05,-0.25048042033669105,0.19272466247235315,0.44320508280904414
1,6,5,0.27178263845052425,0.009278470118602984,0.03397282980631553,0.0011598087648253734,0.3883739693104137,0.007515263384597899,0.249216,0.394124,0.0309029,0.0309029,0.25,0.6499999999999999,32470944.237810403,0.5904129849247507,0.01,5.21613931005208e-06,-0.23780980864420873,0.12234136154947572,0.3601511701936844
1,6,6,0.21465352544682575,0.005110885417587816,0.02683169068085322,0.000638860677198477,0.2897691626465096,0.005404403588893659,0.3489,0.280884,0.0295576,0.0295576,0.35,0.6499999999999999,32470944.237810403,0.5904129849247507,0.01,5.21613931005208e-06,-0.18782183476597253,0.06623047455317427,0.2540523093191468
1,6,7,0.15304624408726447,0.003699016279438873,0.019130780510908055,0.0004623770349298591,0.21744131955432408,0.004244968142812225,0.448237,0.2068,0.0217669,0.0217669,0.45,0.6499999999999999,32470944.237810403,0.5904129849247507,0.01,5.21613931005208e-06,-0.13391546357635642,0.05375375591273554,0.18766921948909196
1,6,8,0.10373107485386732,0.0022560566621114297,0.012966384356733415,0.0002820070827639287,0.14532074829558628,0.0025499004981696404,0.570233,0.138902,0.0123533,0.0123533,0.575,0.6499999999999999,32470944.237810403,0.5904129849247507,0.015,3.477426206701387e-06,-0.0907646904971339,0.03517092514613268,0.12593561564326658
1,6,9,0.06518132863178729,0.0016201668388235674,0.00814766607897341,0.0002025208548529459,0.0889724103203605,0.0019566284260344176,0.719658,0.0852617,0.00801065,0.00801065,0.7250000000000001,0.6499999999999999,32470944.237810403,0.5904129849247507,0.015,3.477426206701387e-06,-0.05703366255281388,0.02008037136821271,0.07711403392102659
1,6,10,0.035328629638943884,0.0009457984304083115,0.004416078704867985,0.00011822480380103894,0.04757284132352205,0.0010907390924933865,0.890306,0.0429835,0.00416621,0.00416621,0.9,0.6499999999999999,32470944.237810403,0.5904129849247507,0.02,2.60806965502604e-06,-0.0309125509340759,0.007654870361056117,0.038567421295132014
1,7,2,0.12996764531539767,0.004690872662086614,0.01624595566442471,0.0005863590827608268,0.3536702311899667,0.01174402629447945,0.0753321,0.346152,0.0533035,0.0533035,0.07500000000000001,0.75,32470944.237810403,0.5904129849247507,0.005,1.043227862010416e-05,-0.11372168965097296,0.21618435468460234,0.3299060443355753
1,7,3,0.12732716203478686,0.00450519330034041,0.015915895254348358,0.0005631491625425512,0.3471933339391773,0.010756880635236828,0.124618,0.321428,0.0388702,0.0388702,0.125,0.75,32470944.237810403,0.5904129849247507,0.005,1.043227862010416e-05,-0.1114112667804385,0.19410083796521313,0.30551210474565166
1,7,4,0.13726424517236233,0.010083893502095261,0.01715803064654529,0.0012604866877619077,0.2740449111408094,0.009012490700156545,0.174638,0.243943,0.0364733,0.0364733,0.175,0.75,32470944.237810403,0.5904129849247507,0.005,1.043227862010416e-05,-0.12010621452581703,0.10667875482763767,0.2267849693534547
1,7,5,0.14010949445769164,0.004472184733796472,0.01751368680721145,0.000559023091724559,0.2286202039549266,0.00572893805678479,0.248802,0.222374,0.0256913,0.0256913,0.25,0.75,32470944.237810403,0.5904129849247507,0.01,5.21613931005208e-06,-0.12259580765048018,0.08226450554230835,0.20486031319278852
1,7,6,0.11504788024527784,0.004373277865799778,0.01438098503065973,0.0005466597332249723,0.1650224304990059,0.003999371877376754,0.348778,0.159778,0.0176451,0.0176451,0.35,0.75,32470944.237810403,0.5904129849247507,0.01,5.21613931005208e-06,-0.10066689521461811,0.04473011975472216,0.14539701496934027
1,7,7,0.09482518031518118,0.002978412799270558,0.01185314753939765,0.00037230159990881974,0.1271577963650932,0.003125577797876464,0.448064,0.115861,0.0134091,0.0134091,0.45,0.75,32470944.237810403,0.5904129849247507,0.01,5.21613931005208e-06,-0.08297203277578354,0.021035819684818824,0.10400785246060236
1,7,8,0.06190410364096528,0.0018023118092779734,0.00773801295512066,0.00022528897615974668,0.08350820671312174,0.0019893604222064013,0.570998,0.0781012,0.00831912,0.00831912,0.575,0.75,32470944.237810403,0.5904129849247507,0.015,3.477426206701387e-06,-0.054166090685844624,0.016197096359034713,0.07036318704487933
1,7,9,0.038095782290863724,0.0012520339019890525,0.0047619727863579655,0.00015650423774863156,0.051256297330842214,0.0014201866850903706,0.719218,0.0448696,0.00530599,0.00530599,0.7250000000000001,0.75,32470944.237810403,0.5904129849247507,0.015,3.477426206701387e-06,-0.033333809504505756,0.006773817709136279,0.040107627213642034
1,7,10,0.018240851469663373,0.000724767006042034,0.0022801064337079216,9.059587575525425e-05,0.025176458227441495,0.000855430378559904,0.885998,0.0212195,0.00340543,0.00340543,0.9,0.75,32470944.237810403,0.5904129849247507,0.02,2.60806965502604e-06,-0.015960745035955452,0.0029786485303366257,0.018939393566292078
2,2,2,11.734468767929016,0.48912351699657886,1.466808595991127,0.06114043962457236,10.83791922795704,0.1650100374993294,0.0752621,10.4368,1.38958,1.38958,0.07500000000000001,0.25,26900867.69502277,0.5979512577774716,0.005,1.2433629539209092e-05,-10.267660171937889,-1.2976687679290162,8.969991404008873
2,2,3,7.869465837847493,0.12559186493265206,0.9836832297309366,0.015698983116581508,8.061325589750448,0.09580852322971942,0.124459,8.22299,0.711165,0.711165,0.125,0.25,26900867.69502277,0.5979512577774716,0.005,1.2433629539209092e-05,-6.885782608116556,0.3535241621525067,7.239306770269063
2,2,4,6.091119177853729,0.10171428249226803,0.7613898972317161,0.012714285311533506,6.138952829351592,0.06727936223576597,0.173906,6.17692,0.455638,0.455638,0.175,0.25,26900867.69502277,0.5979512577774716,0.005,1.2433629539209092e-05,-5.329729280622013,0.08580082214627094,5.415530102768284
2,2,5,3.6930304989628477,0.04087917278717277,0.46162881237035597,0.005109896598396596,3.7591112038785055,0.03734440720866293,0.244757,3.87055,0.225885,0.225885,0.25,0.25,26900867.69502277,0.5979512577774716,0.01,6.216814769604546e-06,-3.2314016865924917,0.17751950103715242,3.408921187629644
2,2,6,2.0362003327886837,0.02618036458681725,0.25452504159858547,0.003272545573352156,2.011689478604617,0.023823063267810345,0.343399,1.9931,0.126788,0.126788,0.35,0.25,26900867.69502277,0.5979512577774716,0.01,6.216814769604546e-06,-1.7816752911900982,-0.04310033278868364,1.7385749584014145
2,2,7,1.1666675868713519,0.024426528830843876,0.14583344835891895,0.0030533161038554845,1.109624263620293,0.018768136382953462,0.442389,1.05168,0.0557303,0.0557303,0.45,0.25,26900867.69502277,0.5979512577774716,0.01,6.216814769604546e-06,-1.0208341385124329,-0.11498758687135191,0.905846551641081
2,2,8,0.605605310747037,0.019915647533291454,0.07570066384337965,0.0024894559416614318,0.5381069215024084,0.014247455762905101,0.553905,0.487632,0.0360229,0.0360229,0.575,0.25,26900867.69502277,0.5979512577774716,0.015,4.144543179736364e-06,-0.5299046469036575,-0.11797331074703704,0.41193133615662036
2,2,9,0.045134143574279154,0.007478263828644159,0.005641767946784894,0.0009347829785805198,0.061596705007505644,0.01020594110228779,0.693653,0.191398,0.0456369,0.0456369,0.7250000000000001,0.25,26900867.69502277,0.5979512577774716,0.015,4.144543179736364e-06,-0.03949237562749426,0.14626385642572087,0.18575623205321512
2,2,10,,,0.0,0.0,0.0,0.0,,,,,0.9,0.25,26900867.69502277,0.5979512577774716,0.02,3.108407384802273e-06,,,
2,3,2,3.459881530377089,0.0609879902419173,0.43248519129713614,0.007623498780239662,4.8413321370690285,0.06736699084905964,0.0747998,4.5123,0.454773,0.454773,0.07500000000000001,0.35,26900867.69502277,0.5979512577774716,0.005,1.2433629539209092e-05,-3.027396339079953,1.0524184696229106,4.079814808702864
2,3,3,3.869231689112939,0.09863608490806451,0.48365396113911735,0.012329510613508066,3.8599045399669194,0.043169788352423924,0.12494,3.86729,0.281941,0.281941,0.125,0.35,26900867.69502277,0.5979512577774716,0.005,1.2433629539209092e-05,-3.3855777279738213,-0.0019416891129386826,3.3836360388608826
2,3,4,2.9751951539884653,0.0488699753141822,0.37189939424855817,0.0061087469142727755,3.069431147579799,0.03287662859879817,0.174545,3.05479,0.167185,0.167185,0.175,0.35,26900867.69502277,0.5979512577774716,0.005,1.2433629539209092e-05,-2.603295759739907,0.07959484601153477,2.682890605751442
2,3,5,2.021536965001051,0.02580280601474379,0.25269212062513136,0.003225350751842974,2.143917456673902,0.016998688295498384,0.246966,2.16117,0.102253,0.102253,0.25,0.35,26900867.69502277,0.5979512577774716,0.01,6.216814769604546e-06,-1.7688448443759195,0.13963303499894897,1.9084778793748685
2,3,6,1.2498001401691303,0.017091242321658654,0.1562250175211413,0.002136405290207332,1.308140033542837,0.012998939276540186,0.346388,1.28212,0.065428,0.065428,0.35,0.35,26900867.69502277,0.5979512577774716,0.01,6.216814769604546e-06,-1.093575122647989,0.0323198598308696,1.1258949824788587
2,3,7,0.7281894191513685,0.010037055822154703,0.09102367739392105,0.001254631977769338,0.7656143567398952,0.008938510618723383,0.445954,0.724274,0.0367725,0.0367725,0.45,0.35,26900867.69502277,0.5979512577774716,0.01,6.216814769604546e-06,-0.6371657417574474,-0.003915419151368504,0.6332503226060789
2,3,8,0.39281346618790713,0.005400577682656896,0.04910168327348839,0.000675072210332112,0.39435929157431443,0.005145862497890679,0.565806,0.374721,0.0163804,0.0163804,0.575,0.35,26900867.69502277,0.5979512577774716,0.015,4.144543179736364e-06,-0.34371178291441873,-0.018092466187907108,0.3256193167265116
2,3,9,0.19166759907955763,0.004232638552036919,0.023958449884944704,0.000529079819004615,0.17998808262797308,0.0036937298871098333,0.71416,0.168037,0.00771333,0.00771333,0.7250000000000001,0.35,26900867.69502277,0.5979512577774716,0.015,4.144543179736364e-06,-0.16770914919461294,-0.02363059907955764,0.1440785501150553
2,3,10,0.09332995710906408,0.0035106821685267292,0.01166624463863301,0.00043883527106584116,0.07765451924129212,0.0024153878762240007,0.876173,0.0679208,0.00611594,0.00611594,0.9,0.35,26900867.69502277,0.5979512577774716,0.02,3.108407384802273e-06,-0.08166371247043107,-0.02540915710906408,0.05625455536136699
2,4,2,2.001931015319958,0.08082151588437607,0.25024137691499476,0.010102689485547009,2.367123790573067,0.038679134095269074,0.0746183,2.26416,0.157493,0.157493,0.07500000000000001,0.45,26900867.69502277,0.5979512577774716,0.005,1.2433629539209092e-05,-1.7516896384049634,0.26222898468004185,2.0139186230850052
2,4,3,1.3315536164384036,0.02893919977207189,0.16644420205480046,0.0036173999715089864,1.916900684224912,0.02748265456572558,0.124826,1.90405,0.126123,0.126123,0.125,0.45,26900867.69502277,0.5979512577774716,0.005,1.2433629539209092e-05,-1.1651094143836032,0.5724963835615964,1.7376057979451995
2,4,4,1.180145897784544,0.021203288599597456,0.14751823722306798,0.0026504110749496815,1.6491001384643735,0.023880536434280442,0.174838,1.65141,0.110919,0.110919,0.175,0.45,26900867.69502277,0.5979512577774716,0.005,1.2433629539209092e-05,-1.0326276605614761,0.471264102215456,1.5038917627769322
2,4,5,1.1658424777508978,0.029524871025356864,0.14573030971886222,0.003690608878169608,1.2472528970126868,0.012499930658856209,0.248284,1.23842,0.062195,0.062195,0.25,0.45,26900867.69502277,0.5979512577774716,0.01,6.216814769604546e-06,-1.0201121680320355,0.0725775222491023,1.0926896902811378
2,4,6,0.7998151762051735,0.021517308046633266,0.0999768970256467,0.0026896635058291578,0.8389800321358937,0.008946501611027571,0.347361,0.809615,0.0371695,0.0371695,0.35,0.45,26900867.69502277,0.5979512577774716,0.01,6.216814769604546e-06,-0.6998382791795268,0.009799823794826468,0.7096381029743533
2,4,7,0.5087875030085452,0.012208647356971367,0.06359843787606816,0.0015260809196214209,0.5596499653155326,0.006668635156058192,0.446878,0.531493,0.0240629,0.0240629,0.45,0.45,26900867.69502277,0.5979512577774716,0.01,6.216814769604546e-06,-0.4451890651324771,0.022705496991454743,0.4678945621239318
2,4,8,0.29336488347580414,0.004997710687668036,0.03667061043447552,0.0006247138359585045,0.3170743319049847,0.004024114696678492,0.56772,0.29781,0.0160346,0.0160346,0.575,0.45,26900867.69502277,0.5979512577774716,0.015,4.144543179736364e-06,-0.25669427304132864,0.00444511652419588,0.2611393895655245
2,4,9,0.15387129396499538,0.0028594302346811318,0.019233911745624423,0.00035742877933514147,0.1641454600677157,0.0026847448525338627,0.717275,0.145701,0.0088133,0.0088133,0.7250000000000001,0.45,26900867.69502277,0.5979512577774716,0.015,4.144543179736364e-06,-0.13463738221937097,-0.008170293964995384,0.12646708825437558
2,4,10,0.06970094040933297,0.0015888357692114526,0.008712617551166622,0.00019860447115143157,0.07193296471729799,0.001519861609004997,0.885805,0.0658005,0.00408023,0.00408023,0.9,0.45,26900867.69502277,0.5979512577774716,0.02,3.108407384802273e-06,-0.060988322858166355,-0.0039004404093329753,0.05708788244883338
2,5,2,0.684922324523276,0.03191340651646198,0.08561529056540948,0.003989175814557747,1.2862353450299984,0.02468635701194348,0.0745623,1.25279,0.107626,0.107626,0.07500000000000001,0.55,26900867.69502277,0.5979512577774716,0.005,1.2433629539209092e-05,-0.5993070339578664,0.5678676754767241,1.1671747094345906
2,5,3,0.6436659665244469,0.024961887161117528,0.08045824581555586,0.003120235895139691,1.0619978610749354,0.02242455633639439,0.124604,1.06067,0.0780927,0.0780927,0.125,0.55,26900867.69502277,0.5979512577774716,0.005,1.2433629539209092e-05,-0.563207720708891,0.41700403347555315,0.9802117541844442
2,5,4,0.6696820972312054,0.023844255173887326,0.08371026215390066,0.0029805318967359154,0.9310608524105316,0.017433918376577574,0.174769,0.897823,0.0622711,0.0622711,0.175,0.55,26900867.69502277,0.5979512577774716,0.005,1.2433629539209092e-05,-0.5859718350773048,0.22814090276879462,0.8141127378460994
2,5,5,0.5130243358426492,0.008782049320123263,0.06412804198033115,0.0010977561650154079,0.7046502383655786,0.009642862536358121,0.248787,0.693236,0.0414131,0.0414131,0.25,0.55,26900867.69502277,0.5979512577774716,0.01,6.216814769604546e-06,-0.448896293862318,0.1802116641573508,0.6291079580196688
2,5,6,0.38194652803230494,0.005955992207360633,0.04774331600403812,0.0007444990259200792,0.5203040661630289,0.0073426591708462465,0.347993,0.503746,0.0295185,0.0295185,0.35,0.55,26900867.69502277,0.5979512577774716,0.01,6.216814769604546e-06,-0.3342032120282668,0.12179947196769508,0.4560026839959619
2,5,7,0.27243381913906783,0.004630331513927395,0.03405422739238348,0.0005787914392409245,0.3681013495851446,0.005581770995762331,0.447502,0.346204,0.0188088,0.0188088,0.45,0.55,26900867.69502277,0.5979512577774716,0.01,6.216814769604546e-06,-0.23837959174668436,0.07377018086093218,0.31214977260761656
2,5,8,0.16694005706887208,0.0026645640175467712,0.02086750713360901,0.00033307050219334646,0.226451425767495,0.0032708592858872883,0.568299,0.216201,0.0122606,0.0122606,0.575,0.55,26900867.69502277,0.5979512577774716,0.015,4.144543179736364e-06,-0.14607254993526306,0.04926094293112793,0.19533349286639098
2,5,9,0.10495526260421037,0.002561904186294339,0.013119407825526298,0.0003202380232867924,0.12889318581043646,0.0024046910437290985,0.718427,0.117635,0.00757819,0.00757819,0.7250000000000001,0.55,26900867.69502277,0.5979512577774716,0.015,4.144543179736364e-06,-0.09183585477868407,0.012679737395789634,0.1045155921744737
2,5,10,0.060306186617032395,0.00156495563115358,0.007538273327129049,0.0001956194538941975,0.06652124582864208,0.0013969606322505699,0.887372,0.0582967,0.00344993,0.00344993,0.9,0.55,26900867.69502277,0.5979512577774716,0.02,3.108407384802273e-06,-0.052767913289903344,-0.0020094866170323952,0.05075842667287095
2,6,2,0.44673631017563215,0.01975526272721921,0.05584203877195402,0.0024694078409024014,0.7730869494208557,0.015567189726101587,0.0744191,0.739825,0.0606844,0.0606844,0.07500000000000001,0.6499999999999999,26900867.69502277,0.5979512577774716,0.005,1.2433629539209092e-05,-0.3908942714036781,0.2930886898243678,0.6839829612280459
2,6,3,0.45337773129133085,0.027569041489728576,0.05667221641141636,0.003446130186216072,0.6664009124249691,0.014292916578165657,0.124401,0.624342,0.044712,0.044712,0.125,0.6499999999999999,26900867.69502277,0.5979512577774716,0.005,1.2433629539209092e-05,-0.3967055148799145,0.1709642687086691,0.5676697835885836
2,6,4,0.3317114161487404,0.01259694314186928,0.04146392701859254,0.00157461789273366,0.5503081931115156,0.012847036239708252,0.174682,0.51747,0.0422564,0.0422564,0.175,0.6499999999999999,26900867.69502277,0.5979512577774716,0.005,1.2433629539209092e-05,-0.29024748913014786,0.1857585838512596,0.47600607298140746
2,6,5,0.3346285267801451,0.009634640531497197,0.04182856584751814,0.0012043300664371494,0.4519603795495304,0.007836270915502154,0.248553,0.427612,0.0298739,0.0298739,0.25,0.6499999999999999,26900867.69502277,0.5979512577774716,0.01,6.216814769604546e-06,-0.29279996093262695,0.0929834732198549,0.38578343415248184
2,6,6,0.22862520976248812,0.0048482468313158925,0.028578151220311016,0.0006060308539144865,0.31482293304098874,0.005708230661396992,0.348607,0.302843,0.0227527,0.0227527,0.35,0.6499999999999999,26900867.69502277,0.5979512577774716,0.01,6.216814769604546e-06,-0.2000470585421771,0.07421779023751185,0.27426484877968893
2,6,7,0.1820069841855109,0.003965172141768474,0.022750873023188862,0.0004956465177210593,0.2423161615590813,0.004473577017921129,0.447824,0.224843,0.0188989,0.0188989,0.45,0.6499999999999999,26900867.69502277,0.5979512577774716,0.01,6.216814769604546e-06,-0.15925611116232202,0.04283601581448909,0.20209212697681112
2,6,8,0.11850594791601773,0.002223110517122777,0.014813243489502217,0.0002778888146403471,0.1612079963023766,0.002689773022484267,0.568541,0.149271,0.0105213,0.0105213,0.575,0.6499999999999999,26900867.69502277,0.5979512577774716,0.015,4.144543179736364e-06,-0.10369270442651551,0.030765052083982253,0.13445775651049777
2,6,9,0.06503253496820663,0.0015597515969663909,0.008129066871025829,0.00019496894962079886,0.09104405801328226,0.001955220122361946,0.71767,0.0814619,0.00582614,0.00582614,0.7250000000000001,0.6499999999999999,26900867.69502277,0.5979512577774716,0.015,4.144543179736364e-06,-0.056903468097180804,0.016429365031793375,0.07333283312897418
2,6,10,0.03836058349238332,0.001327153541184799,0.004795072936547915,0.00016589419264809987,0.046707534877364204,0.00112472549609912,0.886585,0.0396389,0.00262122,0.00262122,0.9,0.6499999999999999,26900867.69502277,0.5979512577774716,0.02,3.108407384802273e-06,-0.033565510555835405,0.0012783165076166794,0.034843827063452085
2,7,2,0.30029576753815457,0.013849750105723682,0.03753697094226933,0.0017312187632154603,0.4463404596042467,0.01073888552735235,0.073947,0.415115,0.0438804,0.0438804,0.07500000000000001,0.75,26900867.69502277,0.5979512577774716,0.005,1.2433629539209092e-05,-0.26275879659588525,0.11481923246184544,0.3775780290577307
2,7,3,0.24107518924925192,0.02125082339517196,0.03013439865615649,0.002656352924396495,0.4044184428534877,0.010525410035345354,0.12423,0.386146,0.0373261,0.0373261,0.125,0.75,26900867.69502277,0.5979512577774716,0.005,1.2433629539209092e-05,-0.21094079059309542,0.14507081075074807,0.3560116013438435
2,7,4,0.16206274669541879,0.009343317153995147,0.02025784333692735,0.0011679146442493933,0.3286893294934555,0.009118649774507636,0.174201,0.306147,0.026797,0.026797,0.175,0.75,26900867.69502277,0.5979512577774716,0.005,1.2433629539209092e-05,-0.14180490335849144,0.14408425330458122,0.28588915666307263
2,7,5,0.16270238753954022,0.0049403089299709215,0.020337798442442528,0.0006175386162463652,0.266354879763681,0.005453980932128638,0.247903,0.244279,0.0204359,0.0204359,0.25,0.75,26900867.69502277,0.5979512577774716,0.01,6.216814769604546e-06,-0.1423645890970977,0.08157661246045977,0.22394120155755748
2,7,6,0.11425356936013333,0.0031061238302235,0.014281696170016669,0.0003882654787779375,0.1778080308631862,0.004052796060306599,0.347679,0.166937,0.0156919,0.0156919,0.35,0.75,26900867.69502277,0.5979512577774716,0.01,6.216814769604546e-06,-0.09997187319011666,0.05268343063986668,0.15265530382998332
2,7,7,0.10015069374602158,0.003074377790249369,0.012518836718252695,0.00038429722378117114,0.13243877042190255,0.003229979702199181,0.447043,0.119621,0.0108973,0.0108973,0.45,0.75,26900867.69502277,0.5979512577774716,0.01,6.216814769604546e-06,-0.08763185702776888,0.01947030625397843,0.1071021632817473
2,7,8,0.05551285056437863,0.0015430404170836604,0.006939106320547329,0.00019288005213545756,0.07497291516542344,0.0018327528971258495,0.566461,0.066196,0.0067001,0.0067001,0.575,0.75,26900867.69502277,0.5979512577774716,0.015,4.144543179736364e-06,-0.048573744243831304,0.010683149435621375,0.05925689367945268
2,7,9,0.025226480023066548,0.0009795342552039181,0.0031533100028833185,0.00012244178190048976,0.03481120583273273,0.0012200605512674783,0.714607,0.0281369,0.00309497,0.00309497,0.7250000000000001,0.75,26900867.69502277,0.5979512577774716,0.015,4.144543179736364e-06,-0.02207317002018323,0.0029104199769334517,0.02498358999711668
2,7,10,0.00725562578018618,0.0004678816143743662,0.0009069532225232725,5.848520179679577e-05,0.01068535600621788,0.0005888810067757453,0.875439,0.00798953,0.00123727,0.00123727,0.9,0.75,26900867.69502277,0.5979512577774716,0.02,3.108407384802273e-06,-0.006348672557662908,0.0007339042198138196,0.007082576777476727
3,2,2,12.73461722021445,0.4180010987831651,1.5918271525268062,0.052250137347895645,11.82351778495902,0.20844964608641808,0.0745612,11.9283,1.89955,1.89955,0.07500000000000001,0.25,20983014.612178106,0.5738341458537011,0.005,1.661023302979588e-05,-11.142790067687644,-0.8063172202144493,10.336472847473194
3,2,3,9.095823289837718,0.1363345975859287,1.1369779112297147,0.017041824698241087,9.082700471158775,0.12756755048198706,0.124047,9.14333,1.0738,1.0738,0.125,0.25,20983014.612178106,0.5738341458537011,0.005,1.661023302979588e-05,-7.958845378608003,0.04750671016228303,8.006352088770285
3,2,4,6.630070193731079,0.13203464887178643,0.8287587742163849,0.016504331108973303,6.606632313410407,0.09823353699563742,0.173406,6.61604,0.636462,0.636462,0.175,0.25,20983014.612178106,0.5738341458537011,0.005,1.661023302979588e-05,-5.801311419514694,-0.014030193731079166,5.787281225783615
3,2,5,4.329105617015143,0.06223297541743921,0.5411382021268929,0.0077791219271799005,4.245186636559256,0.05112047365466547,0.24271,4.13998,0.370951,0.370951,0.25,0.25,20983014.612178106,0.5738341458537011,0.01,8.30511651489794e-06,-3.78796741488825,-0.18912561701514274,3.5988417978731073
3,2,6,2.487483847473165,0.0679741943004372,0.31093548093414564,0.00849677428755465,2.2417531973053366,0.041216289849153716,0.341512,2.10605,0.136351,0.136351,0.35,0.25,20983014.612178106,0.5738341458537011,0.01,8.30511651489794e-06,-2.1765483665390195,-0.3814338474731649,1.7951145190658546
3,2,7,0.9658338096204077,0.03460579756453533,0.12072922620255096,0.004325724695566916,1.2235923708532082,0.04059338858717037,0.439488,1.06117,0.131695,0.131695,0.45,0.25,20983014.612178106,0.5738341458537011,0.01,8.30511651489794e-06,-0.8451045834178567,0.09533619037959229,0.940440773797449
3,2,8,0.269029052294721,0.022085900426222955,0.03362863153684013,0.0027607375532778694,0.5372496566971993,0.043407832231805846,0.540633,0.568211,0.0771913,0.0771913,0.575,0.25,20983014.612178106,0.5738341458537011,0.015,5.5367443432652936e-06,-0.2354004207578809,0.299181947705279,0.5345823684631599
3,2,9,,,0.0,0.0,0.0,0.0,,,,,0.7250000000000001,0.25,20983014.612178106,0.5738341458537011,0.015,5.5367443432652936e-06,,,
3,2,10,,,0.0,0.0,0.0,0.0,,,,,0.9,0.25,20983014.612178106,0.5738341458537011,0.02,4.15255825744897e-06,,,
3,3,2,4.9512846784023905,0.12051751491895321,0.6189105848002988,0.015064689364869153,5.171308628854345,0.0762543929290307,0.0741098,5.02251,0.363577,0.363577,0.07500000000000001,0.35,20983014.612178106,0.5738341458537011,0.005,1.661023302979588e-05,-4.332374093602092,0.07122532159760908,4.403599415199701
3,3,3,4.079728809873672,0.09522397796216209,0.509966101234209,0.011902997245270261,4.182872445896303,0.05211236030729149,0.124793,4.17946,0.206745,0.206745,0.125,0.35,20983014.612178106,0.5738341458537011,0.005,1.661023302979588e-05,-3.5697627086394634,0.09973119012632736,3.669493898765791
3,3,4,3.4628880464071656,0.05414364070353829,0.4328610058008957,0.006767955087942288,3.454352898055238,0.04406432711015912,0.174458,3.45323,0.170528,0.170528,0.175,0.35,20983014.612178106,0.5738341458537011,0.005,1.661023302979588e-05,-3.03002704060627,-0.00965804640716561,3.0203689941991043
3,3,5,2.2534637723903863,0.02940333568191206,0.2816829715487983,0.0036754169602390076,2.32716440809235,0.02252169808198619,0.245782,2.31951,0.12341,0.12341,0.25,0.35,20983014.612178106,0.5738341458537011,0.01,8.30511651489794e-06,-1.971780800841588,0.06604622760961387,2.037827028451202
3,3,6,1.3686054438887232,0.02043100873536177,0.17107568048609037,0.002553876091920221,1.4091803279365165,0.016476612654536812,0.345106,1.36085,0.0573548,0.0573548,0.35,0.35,20983014.612178106,0.5738341458537011,0.01,8.30511651489794e-06,-1.1975297634026327,-0.00775544388872329,1.1897743195139094
3,3,7,0.7992351621243206,0.014850992362352735,0.09990439526554007,0.001856374045294092,0.7767070122165207,0.012514857202365521,0.444951,0.732941,0.0410132,0.0410132,0.45,0.35,20983014.612178106,0.5738341458537011,0.01,8.30511651489794e-06,-0.6993307668587805,-0.0662941621243206,0.6330366047344599
3,3,8,0.41607525663729644,0.011091341231585991,0.05200940707966205,0.0013864176539482484,0.3762894603446884,0.007814435707300048,0.561937,0.35102,0.0173961,0.0173961,0.575,0.35,20983014.612178106,0.5738341458537011,0.015,5.5367443432652936e-06,-0.3640658495576344,-0.06505525663729644,0.29901059292033794
3,3,9,0.1793337905901015,0.014909706804321,0.022416723823762686,0.0018637133505401248,0.17049153935794686,0.006189376657699645,0.709936,0.157976,0.0130324,0.0130324,0.7250000000000001,0.35,20983014.612178106,0.5738341458537011,0.015,5.5367443432652936e-06,-0.1569170667663388,-0.021357790590101483,0.1355592761762373
3,3,10,0.040069095016824034,0.004402087367518122,0.005008636877103003,0.0005502609209397652,0.0524523917083636,0.004722530772024025,0.866687,0.0462198,0.011306,0.011306,0.9,0.35,20983014.612178106,0.5738341458537011,0.02,4.15255825744897e-06,-0.03506045813972103,0.006150704983175964,0.04121116312289699
3,4,2,2.4717612234172317,0.0546811417264059,0.30897015292715396,0.006835142715800738,2.673612628439714,0.036972968278700585,0.0740736,2.58457,0.158475,0.158475,0.07500000000000001,0.45,20983014.612178106,0.5738341458537011,0.005,1.661023302979588e-05,-2.1627910704900777,0.11280877658276811,2.275599847072846
3,4,3,1.5109391499823182,0.034297591235012664,0.18886739374778977,0.004287198904376584,2.083974272780459,0.03299783530600175,0.12456,2.09309,0.136513,0.136513,0.125,0.45,20983014.612178106,0.5738341458537011,0.005,1.661023302979588e-05,-1.3220717562345283,0.582150850017682,1.9042226062522103
3,4,4,1.5896550910795473,0.0811741940482872,0.1987068863849434,0.0101467742560359,1.844715089402601,0.027474780366548015,0.174691,1.80979,0.099331,0.099331,0.175,0.45,20983014.612178106,0.5738341458537011,0.005,1.661023302979588e-05,-1.3909482046946038,0.22013490892045273,1.6110831136150565
3,4,5,1.2889565331194923,0.02525878852523776,0.16111956663993654,0.0031573485656547196,1.3591069355508554,0.014008545181737423,0.247853,1.32886,0.0602388,0.0602388,0.25,0.45,20983014.612178106,0.5738341458537011,0.01,8.30511651489794e-06,-1.1278369664795558,0.03990346688050761,1.1677404333600634
3,4,6,0.850879619304712,0.017807969003160735,0.106359952413089,0.002225996125395092,0.8882990843491531,0.010565323515354497,0.346314,0.852696,0.0306469,0.0306469,0.35,0.45,20983014.612178106,0.5738341458537011,0.01,8.30511651489794e-06,-0.744519666891623,0.0018163806952880002,0.746336047586911
3,4,7,0.5439635947552932,0.012530458716010233,0.06799544934441165,0.0015663073395012792,0.5748021694064455,0.008262396197764924,0.445912,0.538879,0.0225836,0.0225836,0.45,0.45,20983014.612178106,0.5738341458537011,0.01,8.30511651489794e-06,-0.47596814541088156,-0.005084594755293215,0.47088355065558835
3,4,8,0.30825653444126344,0.005856161407817364,0.03853206680515793,0.0007320201759771708,0.32734297788883565,0.005069012811190354,0.565955,0.30223,0.0145249,0.0145249,0.575,0.45,20983014.612178106,0.5738341458537011,0.015,5.5367443432652936e-06,-0.2697244676361055,-0.0060265344412634425,0.2636979331948421
3,4,9,0.15035295548242456,0.0039718654987352265,0.01879411943530307,0.0004964831873419033,0.14629201610909753,0.00343380316083022,0.715488,0.130155,0.00695457,0.00695457,0.7250000000000001,0.45,20983014.612178106,0.5738341458537011,0.015,5.5367443432652936e-06,-0.13155883604712149,-0.020197955482424562,0.11136088056469692
3,4,10,0.06342575106291809,0.0029237572771936117,0.007928218882864761,0.00036546965964920147,0.05379431378578046,0.001853079844745431,0.882653,0.0468629,0.00275675,0.00275675,0.9,0.45,20983014.612178106,0.5738341458537011,0.02,4.15255825744897e-06,-0.05549753218005333,-0.01656285106291809,0.03893468111713524
3,5,2,1.266535100014027,0.055820944662903535,0.15831688750175338,0.006977618082862942,1.4028727889687425,0.025663021751199656,0.0737852,1.36944,0.0734984,0.0734984,0.07500000000000001,0.55,20983014.612178106,0.5738341458537011,0.005,1.661023302979588e-05,-1.1082182125122737,0.10290489998597296,1.2111231124982467
3,5,3,0.9041420113898303,0.047211300699539716,0.11301775142372879,0.0059014125874424644,1.209176158498881,0.022159173206012146,0.124353,1.1597,0.0692439,0.0692439,0.125,0.55,20983014.612178106,0.5738341458537011,0.005,1.661023302979588e-05,-0.7911242599661015,0.25555798861016965,1.0466822485762712
3,5,4,0.7723762009431568,0.02308799142207492,0.0965470251178946,0.002885998927759365,1.0675473697125093,0.021064757762662638,0.17462,1.03082,0.063783,0.063783,0.175,0.55,20983014.612178106,0.5738341458537011,0.005,1.661023302979588e-05,-0.6758291758252623,0.2584437990568432,0.9342729748821055
3,5,5,0.7667238246308133,0.04245247433865486,0.09584047807885165,0.005306559292331857,0.7745008354419846,0.011157622998038286,0.248524,0.759378,0.0395182,0.0395182,0.25,0.55,20983014.612178106,0.5738341458537011,0.01,8.30511651489794e-06,-0.6708833465519617,-0.007345824630813347,0.6635375219211483
3,5,6,0.48773457341742266,0.018085825134822195,0.06096682167717783,0.0022607281418527744,0.5710052788279132,0.007997437404092577,0.347557,0.540093,0.0253391,0.0253391,0.35,0.55,20983014.612178106,0.5738341458537011,0.01,8.30511651489794e-06,-0.42676775174024484,0.05235842658257739,0.4791261783228222
3,5,7,0.3371076058245977,0.012787970754358747,0.04213845072807471,0.0015984963442948435,0.39003840374326953,0.006388487917076907,0.446348,0.369199,0.0162465,0.0162465,0.45,0.55,20983014.612178106,0.5738341458537011,0.01,8.30511651489794e-06,-0.294969155096523,0.0320913941754023,0.3270605492719253
3,5,8,0.20858774731105073,0.006609425201548369,0.02607346841388134,0.0008261781501935461,0.24596304024099302,0.0039453173154660815,0.56687,0.230992,0.0121987,0.0121987,0.575,0.55,20983014.612178106,0.5738341458537011,0.015,5.5367443432652936e-06,-0.1825142788971694,0.022404252688949272,0.20491853158611867
3,5,9,0.1095656998254602,0.003253539407339344,0.013695712478182522,0.0004066924259174181,0.12672674041172927,0.0027683452790508746,0.716035,0.111454,0.00632695,0.00632695,0.7250000000000001,0.55,20983014.612178106,0.5738341458537011,0.015,5.5367443432652936e-06,-0.09586998734727768,0.0018883001745397948,0.09775828752181748
3,5,10,0.04437084157319068,0.001448253264747421,0.005546355196648835,0.00018103165809342763,0.049209005551284116,0.0014363840480677795,0.881044,0.0427474,0.00225943,0.00225943,0.9,0.55,20983014.612178106,0.5738341458537011,0.02,4.15255825744897e-06,-0.038824486376541845,-0.0016234415731906787,0.037201044803351166
3,6,2,0.6417148850015298,0.02470658714876283,0.08021436062519123,0.003088323393595354,0.8582266412358155,0.01750295647933059,0.0735806,0.815605,0.0539968,0.0539968,0.07500000000000001,0.6499999999999999,20983014.612178106,0.5738341458537011,0.005,1.661023302979588e-05,-0.5615005243763386,0.17389011499847018,0.7353906393748088
3,6,3,0.3634425760947982,0.017396760002517525,0.04543032201184977,0.0021745950003146906,0.7780688741796267,0.016108150461287243,0.124093,0.73854,0.0403803,0.0403803,0.125,0.6499999999999999,20983014.612178106,0.5738341458537011,0.005,1.661023302979588e-05,-0.3180122540829484,0.3750974239052018,0.6931096779881502
3,6,4,0.4018962663371213,0.01667730992088963,0.05023703329214015,0.0020846637401112037,0.64331609191301,0.014725513518437556,0.174504,0.596146,0.0482995,0.0482995,0.175,0.6499999999999999,20983014.612178106,0.5738341458537011,0.005,1.661023302979588e-05,-0.35165923304498115,0.19424973366287868,0.5459089667078598
3,6,5,0.3798239264547223,0.01091909415028896,0.04747799080684029,0.00136488676878612,0.5138539728512825,0.009015940383788789,0.24816,0.49386,0.0298808,0.0298808,0.25,0.6499999999999999,20983014.612178106,0.5738341458537011,0.01,8.30511651489794e-06,-0.332345935647882,0.11403607354527773,0.44638200919315973
3,6,6,0.268457814854395,0.0057777646726885085,0.03355722685679938,0.0007222205840860636,0.35447408859151075,0.006478404226814676,0.347772,0.336139,0.0183866,0.0183866,0.35,0.6499999999999999,20983014.612178106,0.5738341458537011,0.01,8.30511651489794e-06,-0.23490058799759564,0.067681185145605,0.30258177314320067
3,6,7,0.1796439510774472,0.004132487285655677,0.0224554938846809,0.0005165609107069596,0.2394456726075524,0.004749870915092889,0.447436,0.218245,0.0122272,0.0122272,0.45,0.6499999999999999,20983014.612178106,0.5738341458537011,0.01,8.30511651489794e-06,-0.1571884571927663,0.03860104892255278,0.1957895061153191
3,6,8,0.1127625163501033,0.0023484599507768923,0.014095314543762913,0.00029355749384711154,0.15342728093174812,0.00289092175315553,0.566656,0.140581,0.00908436,0.00908436,0.575,0.6499999999999999,20983014.612178106,0.5738341458537011,0.015,5.5367443432652936e-06,-0.0986672018063404,0.02781848364989671,0.1264856854562371
3,6,9,0.04899419424020274,0.0014553391795419917,0.006124274280025342,0.00018191739744274899,0.06705294213519933,0.0018389935128081854,0.71406,0.0569184,0.00355132,0.00355132,0.7250000000000001,0.6499999999999999,20983014.612178106,0.5738341458537011,0.015,5.5367443432652936e-06,-0.042869919960177395,0.007924205759797263,0.05079412571997466
3,6,10,0.017195297059201288,0.0007463066289542542,0.0021494121324001606,9.328832861928178e-05,0.023105994792522837,0.0009250396002273137,0.874271,0.0177408,0.00139151,0.00139151,0.9,0.6499999999999999,20983014.612178106,0.5738341458537011,0.02,4.15255825744897e-06,-0.015045884926801128,0.000545502940798713,0.015591387867599841
3,7,2,0.356908988863683,0.012739120581133842,0.04461362360796037,0.0015923900726417303,0.4665053884216739,0.010592229414876758,0.073376,0.44833,0.037449,0.037449,0.07500000000000001,0.75,20983014.612178106,0.5738341458537011,0.005,1.661023302979588e-05,-0.31229536525572266,0.09142101113631701,0.4037163763920396
3,7,3,0.25565450094300485,0.014390084742472668,0.0319568126178756,0.0017987605928090834,0.4189644418246285,0.01083570967981979,0.123552,0.388553,0.0322933,0.0322933,0.125,0.75,20983014.612178106,0.5738341458537011,0.005,1.661023302979588e-05,-0.22369768832512926,0.13289849905699513,0.3565961873821244
3,7,4,0.18036836653101299,0.013931970212635762,0.02254604581637663,0.0017414962765794702,0.3267658486158382,0.010316245370885822,0.173678,0.302502,0.0242441,0.0242441,0.175,0.75,20983014.612178106,0.5738341458537011,0.005,1.661023302979588e-05,-0.15782232071463637,0.12213363346898701,0.27995595418362335
3,7,5,0.15798166890291207,0.006242725049358434,0.019747708612864005,0.0007803406311698043,0.23342731630610253,0.005641412073699411,0.246448,0.216871,0.0120597,0.0120597,0.25,0.75,20983014.612178106,0.5738341458537011,0.01,8.30511651489794e-06,-0.13823396029004806,0.05888933109708794,0.197123291387136
3,7,6,0.11211289822567957,0.0043329729466648845,0.014014112278209947,0.0005416216183331105,0.15031861663884616,0.004115888287965419,0.346239,0.135202,0.0114578,0.0114578,0.35,0.75,20983014.612178106,0.5738341458537011,0.01,8.30511651489794e-06,-0.09809878594746962,0.023089101774320414,0.12118788772179004
3,7,7,0.0649892869410042,0.0025602472105111284,0.008123660867625525,0.00032003090131389105,0.08720159700668197,0.0029021058727581556,0.444859,0.0717069,0.00596326,0.00596326,0.45,0.75,20983014.612178106,0.5738341458537011,0.01,8.30511651489794e-06,-0.056865626073378674,0.0067176130589958055,0.06358323913237449
3,7,8,0.0260773481725372,0.001345345962742873,0.00325966852156715,0.0001681682453428591,0.03367920391989185,0.001464587279416675,0.559932,0.0257741,0.00285416,0.00285416,0.575,0.75,20983014.612178106,0.5738341458537011,0.015,5.5367443432652936e-06,-0.02281767965097005,-0.0003032481725371988,0.02251443147843285
3,7,9,0.0034431045713071273,0.0004286620131407513,0.0004303880714133909,5.358275164259391e-05,0.006459897489472413,0.0007586742342317607,0.703276,0.00511507,0.000939347,0.000939347,0.7250000000000001,0.75,20983014.612178106,0.5738341458537011,0.015,5.5367443432652936e-06,-0.003012716499893736,0.001671965428692873,0.004684681928586609
3,7,10,,,0.0,0.0,0.0,0.0,,,,,0.9,0.75,20983014.612178106,0.5738341458537011,0.02,4.15255825744897e-06,,,
4,2,2,14.269170200352246,0.5678427798628108,1.7836462750440307,0.07098034748285136,13.483763142302426,0.2990705308668446,0.0735471,13.4719,2.40431,2.40431,0.07500000000000001,0.25,21695283.01592865,0.5515843854596052,0.005,1.671293454615197e-05,-12.485523925308215,-0.797270200352246,11.688253724955969
4,2,3,10.685298327670333,0.19052224507370247,1.3356622909587916,0.02381528063421281,10.37167512368438,0.18277848540695166,0.123937,10.2805,1.40129,1.40129,0.125,0.25,21695283.01592865,0.5515843854596052,0.005,1.671293454615197e-05,-9.34963603671154,-0.4047983276703331,8.944837709041208
4,2,4,7.642525488508398,0.23789167624913696,0.9553156860635497,0.029736459531142116,7.3054598359678105,0.15457653179126146,0.173048,7.12732,0.864466,0.864466,0.175,0.25,21695283.01592865,0.5515843854596052,0.005,1.671293454615197e-05,-6.6872098024448485,-0.5152054885083981,6.17200431393645
4,2,5,4.940498682476848,0.1778744663448203,0.617562335309606,0.022234308293102537,4.418016157904797,0.08224871888335807,0.240975,4.25237,0.452829,0.452829,0.25,0.25,21695283.01592865,0.5515843854596052,0.01,8.356467273075985e-06,-4.322936347167242,-0.6881286824768482,3.6348076646903937
4,2,6,2.036434567747431,0.0787569510821902,0.2545543209684289,0.009844618885273774,2.5749374571627897,0.07843498859917054,0.338983,2.33345,0.204728,0.204728,0.35,0.25,21695283.01592865,0.5515843854596052,0.01,8.356467273075985e-06,-1.7818802467790023,0.2970154322525689,2.078895679031571
4,2,7,0.6090382197004741,0.05054953301903355,0.07612977746255926,0.006318691627379194,1.1275606926891726,0.09291407627841107,0.433286,0.983028,0.157176,0.157176,0.45,0.25,21695283.01592865,0.5515843854596052,0.01,8.356467273075985e-06,-0.5329084422379149,0.3739897802995259,0.9068982225374408
4,2,8,,,0.0,0.0,0.0,0.0,,,,,0.575,0.25,21695283.01592865,0.5515843854596052,0.015,5.570978182050658e-06,,,
4,2,9,,,0.0,0.0,0.0,0.0,,,,,0.7250000000000001,0.25,21695283.01592865,0.5515843854596052,0.015,5.570978182050658e-06,,,
4,2,10,,,0.0,0.0,0.0,0.0,,,,,0.9,0.25,21695283.01592865,0.5515843854596052,0.02,4.178233636537993e-06,,,
4,3,2,5.859259707018554,0.11657847618241865,0.7324074633773192,0.014572309522802331,5.93137665336359,0.08778780144365593,0.0733583,5.79724,0.37834,0.37834,0.07500000000000001,0.35,21695283.01592865,0.5515843854596052,0.005,1.671293454615197e-05,-5.126852243641235,-0.062019707018553305,5.064832536622681
4,3,3,4.868758668699848,0.1380898793855498,0.608594833587481,0.017261234923193727,4.709477610775772,0.06611985197835793,0.124339,4.71347,0.287999,0.287999,0.125,0.35,21695283.01592865,0.5515843854596052,0.005,1.671293454615197e-05,-4.260163835112367,-0.15528866869984803,4.104875166412519
4,3,4,3.7005988329929482,0.05799605642973262,0.46257485412411853,0.007249507053716579,3.699814816407565,0.05316049595269811,0.174096,3.68683,0.200698,0.200698,0.175,0.35,21695283.01592865,0.5515843854596052,0.005,1.671293454615197e-05,-3.2380239788688296,-0.013768832992948177,3.2242551458758815
4,3,5,2.513991076986191,0.03295261114251741,0.3142488846232739,0.004119076392814676,2.505539305438937,0.02698701706337139,0.244341,2.44989,0.104902,0.104902,0.25,0.35,21695283.01592865,0.5515843854596052,0.01,8.356467273075985e-06,-2.1997421923629172,-0.06410107698619116,2.135641115376726
4,3,6,1.4824516797564387,0.03311908073462301,0.18530645996955483,0.004139885091827876,1.4141090584215386,0.022192468143125855,0.343855,1.37033,0.0701749,0.0701749,0.35,0.35,21695283.01592865,0.5515843854596052,0.01,8.356467273075985e-06,-1.2971452197868838,-0.11212167975643861,1.1850235400304452
4,3,7,0.883494261140767,0.04547205685683706,0.11043678264259588,0.005684007107104633,0.7636242011762856,0.017700963252423204,0.443413,0.726076,0.0528874,0.0528874,0.45,0.35,21695283.01592865,0.5515843854596052,0.01,8.356467273075985e-06,-0.7730574784981712,-0.15741826114076696,0.6156392173574041
4,3,8,0.26951723668546756,0.009247979445205548,0.033689654585683446,0.0011559974306506932,0.34974168378404363,0.010708810689513211,0.557904,0.323222,0.0208995,0.0208995,0.575,0.35,21695283.01592865,0.5515843854596052,0.015,5.570978182050658e-06,-0.2358275820997841,0.053704763314532444,0.28953234541431655
4,3,9,0.08033487219364512,0.007828792293743725,0.010041859024205638,0.0009785990367179656,0.11747345998553686,0.008618061803982151,0.702922,0.114599,0.0191583,0.0191583,0.7250000000000001,0.35,21695283.01592865,0.5515843854596052,0.015,5.570978182050658e-06,-0.07029301316943948,0.03426412780635489,0.10455714097579437
4,3,10,,,0.0,0.0,0.0,0.0,,,,,0.9,0.35,21695283.01592865,0.5515843854596052,0.02,4.178233636537993e-06,,,
4,4,2,2.7535589454418474,0.04823659372364533,0.34419486818023093,0.0060295742154556665,2.9851815819334235,0.03799053411536338,0.0737887,2.83667,0.178071,0.178071,0.07500000000000001,0.45,21695283.01592865,0.5515843854596052,0.005,1.671293454615197e-05,-2.4093640772616167,0.08311105455815238,2.492475131819769
4,4,3,2.2516846339701564,0.053854343159510494,0.28146057924626955,0.006731792894938813,2.4526128388952206,0.033986060090925176,0.124209,2.36866,0.119255,0.119255,0.125,0.45,21695283.01592865,0.5515843854596052,0.005,1.671293454615197e-05,-1.9702240547238867,0.11697536602984382,2.0871994207537305
4,4,4,1.9264340649097431,0.06133185133959948,0.24080425811371786,0.007666481417449936,2.0210894151450316,0.029453987422002184,0.174397,1.95834,0.0996468,0.0996468,0.175,0.45,21695283.01592865,0.5515843854596052,0.005,1.671293454615197e-05,-1.6856298067960251,0.031905935090256854,1.717535741886282
4,4,5,1.4420029891839754,0.022637888424279273,0.18025037364799695,0.002829736053034909,1.513507720640525,0.016608311030415466,0.2468,1.48881,0.0620765,0.0620765,0.25,0.45,21695283.01592865,0.5515843854596052,0.01,8.356467273075985e-06,-1.2617526155359784,0.046807010816024563,1.308559626352003
4,4,6,0.9129766870663165,0.01583547304280802,0.11412208588328954,0.001979434130351002,0.9414592880299668,0.012203536093093202,0.345182,0.906807,0.0460415,0.0460415,0.35,0.45,21695283.01592865,0.5515843854596052,0.01,8.356467273075985e-06,-0.798854601183027,-0.006169687066316487,0.7926849141167105
4,4,7,0.5433534847351961,0.012976525430126458,0.06791918559189951,0.0016220656787658072,0.5466308457150963,0.009533637886087153,0.44488,0.519056,0.0264753,0.0264753,0.45,0.45,21695283.01592865,0.5515843854596052,0.01,8.356467273075985e-06,-0.47543429914329655,-0.024297484735196107,0.45113681440810044
4,4,8,0.30698306834064504,0.008949832432090927,0.03837288354258063,0.001118729054011366,0.26992618582346667,0.00573801093329032,0.563152,0.252263,0.0125466,0.0125466,0.575,0.45,21695283.01592865,0.5515843854596052,0.015,5.570978182050658e-06,-0.2686101847980644,-0.05472006834064502,0.2138901164574194
4,4,9,0.08217144485677613,0.0029957661934828135,0.010271430607097017,0.0003744707741853517,0.10541190237586431,0.0036113453428947163,0.711913,0.0978418,0.00644298,0.00644298,0.7250000000000001,0.45,21695283.01592865,0.5515843854596052,0.015,5.570978182050658e-06,-0.07190001424967912,0.015670355143223874,0.087570369392903
4,4,10,0.018262337931724378,0.0012548572504820655,0.0022827922414655473,0.0001568571563102582,0.022913485960226267,0.0014698086277634892,0.870414,0.0194332,0.00287613,0.00287613,0.9,0.45,21695283.01592865,0.5515843854596052,0.02,4.178233636537993e-06,-0.01597954569025883,0.001170862068275623,0.017150407758534453
4,5,2,1.3862703321346939,0.03604268112646651,0.17328379151683676,0.004505335140808314,1.5737486976599397,0.025379497509256325,0.0735496,1.52506,0.0971934,0.0971934,0.07500000000000001,0.55,21695283.01592865,0.5515843854596052,0.005,1.671293454615197e-05,-1.212986540617857,0.13878966786530622,1.3517762084831633
4,5,3,1.1375185361808489,0.035519467918594096,0.1421898170226061,0.004439933489824261,1.3545805586028195,0.024069974626144526,0.124071,1.33031,0.078155,0.078155,0.125,0.55,21695283.01592865,0.5515843854596052,0.005,1.671293454615197e-05,-0.9953287191582427,0.19279146381915124,1.188120182977394
4,5,4,0.8409982586956927,0.020725398214425966,0.10512478233696158,0.002590674776803246,1.1782294112166112,0.02059396370424178,0.17435,1.15179,0.0628082,0.0628082,0.175,0.55,21695283.01592865,0.5515843854596052,0.005,1.671293454615197e-05,-0.7358734763587311,0.3107917413043074,1.0466652176630384
4,5,5,0.8613196176967729,0.024192403449083355,0.10766495221209661,0.0030240504311354194,0.9126171597677369,0.011538743267750803,0.247998,0.885517,0.0373774,0.0373774,0.25,0.55,21695283.01592865,0.5515843854596052,0.01,8.356467273075985e-06,-0.7536546654846763,0.0241973823032271,0.7778520477879034
4,5,6,0.5778008479249246,0.016136277320184193,0.07222510599061557,0.0020170346650230245,0.6044422802379766,0.00869029665932115,0.346476,0.587438,0.0263128,0.0263128,0.35,0.55,21695283.01592865,0.5515843854596052,0.01,8.356467273075985e-06,-0.505575741934309,0.009637152075075428,0.5152128940093844
4,5,7,0.37865027351638736,0.011576307420571173,0.04733128418954842,0.0014470384275713966,0.4021639154367083,0.0067181775386161964,0.445402,0.381021,0.0175574,0.0175574,0.45,0.55,21695283.01592865,0.5515843854596052,0.01,8.356467273075985e-06,-0.33131898932683895,0.0023707264836126396,0.3336897158104516
4,5,8,0.1783232988059409,0.0050797180266193565,0.022290412350742608,0.0006349647533274197,0.20633314172196784,0.003850244934272899,0.562779,0.191724,0.00832122,0.00832122,0.575,0.55,21695283.01592865,0.5515843854596052,0.015,5.570978182050658e-06,-0.15603288645519828,0.013400701194059117,0.1694335876492574
4,5,9,0.06830513344597527,0.002681115435405987,0.00853814168074691,0.00033513942942574836,0.07324778604386689,0.0022934968112747396,0.710625,0.0639704,0.00330438,0.00330438,0.7250000000000001,0.55,21695283.01592865,0.5515843854596052,0.015,5.570978182050658e-06,-0.059766991765228365,-0.004334733445975278,0.05543225831925309
4,5,10,0.016205111682890443,0.001247757464745475,0.0020256389603613054,0.00015596968309318442,0.015998132253369143,0.000994529678117464,0.86879,0.0132777,0.00144502,0.00144502,0.9,0.55,21695283.01592865,0.5515843854596052,0.02,4.178233636537993e-06,-0.014179472722529137,-0.0029274116828904434,0.011252061039638694
4,6,2,0.9387102647304414,0.033263254705260314,0.11733878309130517,0.004157906838157539,0.9819193831815556,0.015864415061451507,0.0732322,0.932985,0.04769,0.04769,0.07500000000000001,0.6499999999999999,21695283.01592865,0.5515843854596052,0.005,1.671293454615197e-05,-0.8213714816391362,-0.005725264730441437,0.8156462169086948
4,6,3,0.5590247926113626,0.029931752123920012,0.06987809907642033,0.0037414690154900015,0.8212902285522271,0.016183161586681795,0.123732,0.80462,0.0400059,0.0400059,0.125,0.6499999999999999,21695283.01592865,0.5515843854596052,0.005,1.671293454615197e-05,-0.4891466935349423,0.24559520738863738,0.7347419009235797
4,6,4,0.43655777260161743,0.015279068349891076,0.05456972157520218,0.0019098835437363845,0.6689493766735283,0.014827986530791653,0.174332,0.63472,0.0368168,0.0368168,0.175,0.6499999999999999,21695283.01592865,0.5515843854596052,0.005,1.671293454615197e-05,-0.38198805102641525,0.19816222739838252,0.5801502784247978
4,6,5,0.4476527937687442,0.014603092737729672,0.05595659922109302,0.0018253865922162093,0.5247538129483562,0.008539910020404386,0.247351,0.503517,0.0266445,0.0266445,0.25,0.6499999999999999,21695283.01592865,0.5515843854596052,0.01,8.356467273075985e-06,-0.39169619454765114,0.05586420623125582,0.44756040077890696
4,6,6,0.35999962430509325,0.017464529974667783,0.04499995303813667,0.0021830662468334725,0.33616023660766375,0.00602777231120143,0.346714,0.318579,0.018132,0.018132,0.35,0.6499999999999999,21695283.01592865,0.5515843854596052,0.01,8.356467273075985e-06,-0.3149996712669566,-0.041420624305093245,0.2735790469618633
4,6,7,0.16311065842616673,0.006412504799922811,0.02038883230327084,0.0008015630999903512,0.1870209910636296,0.00404548266854049,0.445078,0.171245,0.0104373,0.0104373,0.45,0.6499999999999999,21695283.01592865,0.5515843854596052,0.01,8.356467273075985e-06,-0.14272182612289588,0.008134341573833276,0.15085616769672916
4,6,8,0.057209996280535705,0.0016768421579837392,0.007151249535066963,0.0002096052697479674,0.0771023343952293,0.0020624741208683426,0.559694,0.0675499,0.00406043,0.00406043,0.575,0.6499999999999999,21695283.01592865,0.5515843854596052,0.015,5.570978182050658e-06,-0.050058746745468743,0.010339903719464291,0.060398650464933035
4,6,9,0.016469599995683815,0.0009489705451109194,0.0020586999994604773,0.00011862131813886493,0.021227656768573792,0.0011354004522875737,0.70564,0.0155131,0.00184169,0.00184169,0.7250000000000001,0.6499999999999999,21695283.01592865,0.5515843854596052,0.015,5.570978182050658e-06,-0.014410899996223338,-0.0009564999956838145,0.013454400000539523
4,6,10,0.0008333217394933537,0.00031053842335491174,0.00010416521743666922,3.881730291936397e-05,0.006718013529495801,0.002503476425317992,0.850584,0.00140694,0.00031124,0.00031124,0.9,0.6499999999999999,21695283.01592865,0.5515843854596052,0.02,4.178233636537993e-06,-0.0007291565220566846,0.0005736182605066462,0.0013027747825633308
4,7,2,0.36352368210801755,0.011571832642239896,0.045440460263502194,0.0014464790802799867,0.4176535131026934,0.008866824433212385,0.0725526,0.388263,0.0297009,0.0297009,0.07500000000000001,0.75,21695283.01592865,0.5515843854596052,0.005,1.671293454615197e-05,-0.3180832218445154,0.02473931789198247,0.34282253973649784
4,7,3,0.24248165888545553,0.01298556043817076,0.030310207360681938,0.0016231950547713448,0.31210187423875096,0.008732024967418189,0.123092,0.278437,0.0236765,0.0236765,0.125,0.75,21695283.01592865,0.5515843854596052,0.005,1.671293454615197e-05,-0.2121714515247736,0.03595534111454446,0.24812679263931806
4,7,4,0.11800309042476574,0.009379366945049542,0.014750386303095718,0.0011724208681311928,0.21654656870690228,0.007715957179046352,0.17309,0.181969,0.0165679,0.0165679,0.175,0.75,21695283.01592865,0.5515843854596052,0.005,1.671293454615197e-05,-0.10325270412167002,0.06396590957523425,0.16721861369690427
4,7,5,0.08160195886820425,0.004163816498304748,0.010200244858525529,0.0005204770622880935,0.12713898116408803,0.004130152721792428,0.243622,0.111263,0.00870789,0.00870789,0.25,0.75,21695283.01592865,0.5515843854596052,0.01,8.356467273075985e-06,-0.07140171400967872,0.029661041131795754,0.10106275514147448
4,7,6,0.04641771910843431,0.00424096654356276,0.005802214888554289,0.0005301208179453448,0.05162916951326078,0.0025416977261579423,0.343064,0.0417282,0.00450293,0.00450293,0.35,0.75,21695283.01592865,0.5515843854596052,0.01,8.356467273075985e-06,-0.04061550421988003,-0.004689519108434313,0.03592598511144571
4,7,7,0.006767865412944828,0.0007366558273796677,0.0008459831766181035,9.208197842245847e-05,0.013383294851246744,0.0014251480472522258,0.438781,0.0105416,0.00272632,0.00272632,0.45,0.75,21695283.01592865,0.5515843854596052,0.01,8.356467273075985e-06,-0.0059218822363267245,0.0037737345870551718,0.009695616823381896
4,7,8,,,0.0,0.0,0.0,0.0,,,,,0.575,0.75,21695283.01592865,0.5515843854596052,0.015,5.570978182050658e-06,,,
4,7,9,,,0.0,0.0,0.0,0.0,,,,,0.7250000000000001,0.75,21695283.01592865,0.5515843854596052,0.015,5.570978182050658e-06,,,
4,7,10,,,0.0,0.0,0.0,0.0,,,,,0.9,0.75,21695283.01592865,0.5515843854596052,0.02,4.178233636537993e-06,,,
5,2,2,15.74849755733302,0.7153892549905271,1.9685621946666276,0.08942365687381588,14.795823304509902,0.47910332269732336,0.0722569,14.1636,2.84932,2.84932,0.07500000000000001,0.25,23235702.1499211,0.529418895771262,0.005,1.625828592660831e-05,-13.779935362666391,-1.5848975573330186,12.195037805333373
5,2,3,13.099010800363054,0.6912680669298931,1.6373763500453817,0.08640850836623663,12.147645996225101,0.35956811567557334,0.124133,11.0121,1.75571,1.75571,0.125,0.25,23235702.1499211,0.529418895771262,0.005,1.625828592660831e-05,-11.461634450317671,-2.0869108003630537,9.374723649954618
5,2,4,6.77235073664974,0.281613298408365,0.8465438420812175,0.035201662301045634,8.303307337774722,0.3370400900753532,0.172796,7.99871,0.985596,0.985596,0.175,0.25,23235702.1499211,0.529418895771262,0.005,1.625828592660831e-05,-5.925806894568522,1.2263592633502602,7.152166157918782
5,2,5,4.902145525922363,0.2581875443759171,0.6127681907402954,0.03227344304698964,4.84603403243738,0.1680334094580892,0.239743,4.44084,0.52254,0.52254,0.25,0.25,23235702.1499211,0.529418895771262,0.01,8.129142963304155e-06,-4.289377335182068,-0.46130552592236373,3.828071809259704
5,2,6,1.400255216420965,0.10413374303136397,0.17503190205262062,0.013016717878920496,2.854823355011504,0.19926827326579974,0.331244,2.19888,0.511625,0.511625,0.35,0.25,23235702.1499211,0.529418895771262,0.01,8.129142963304155e-06,-1.2252233143683444,0.798624783579035,2.023848097947379
5,2,7,,,0.0,0.0,0.0,0.0,,,,,0.45,0.25,23235702.1499211,0.529418895771262,0.01,8.129142963304155e-06,,,
5,2,8,,,0.0,0.0,0.0,0.0,,,,,0.575,0.25,23235702.1499211,0.529418895771262,0.015,5.419428642202771e-06,,,
5,2,9,,,0.0,0.0,0.0,0.0,,,,,0.7250000000000001,0.25,23235702.1499211,0.529418895771262,0.015,5.419428642202771e-06,,,
5,2,10,,,0.0,0.0,0.0,0.0,,,,,0.9,0.25,23235702.1499211,0.529418895771262,0.02,4.0645714816520775e-06,,,
5,3,2,6.136663410333908,0.10570213786792175,0.7670829262917385,0.013212767233490219,6.1847725106317055,0.10338282530148704,0.0720586,6.11145,0.506762,0.506762,0.07500000000000001,0.35,23235702.1499211,0.529418895771262,0.005,1.625828592660831e-05,-5.369580484042169,-0.025213410333908115,5.344367073708261
5,3,3,5.240838435056724,0.14901735613535524,0.6551048043820905,0.018627169516919406,5.343280230751633,0.09188628279032618,0.124027,5.27357,0.513307,0.513307,0.125,0.35,23235702.1499211,0.529418895771262,0.005,1.625828592660831e-05,-4.585733630674634,0.032731564943276226,4.61846519561791
5,3,4,4.28826710829224,0.0973734958948867,0.53603338853653,0.012171686986860837,4.292839858091315,0.0713186212148439,0.174189,4.20114,0.320869,0.320869,0.175,0.35,23235702.1499211,0.529418895771262,0.005,1.625828592660831e-05,-3.7522337197557105,-0.08712710829224068,3.66510661146347
5,3,5,3.0048083512269406,0.09388546668596119,0.37560104390336757,0.011735683335745149,2.7499205682847565,0.04022378339817091,0.243073,2.71595,0.180165,0.180165,0.25,0.35,23235702.1499211,0.529418895771262,0.01,8.129142963304155e-06,-2.629207307323573,-0.2888583512269407,2.340348956096632
5,3,6,1.132825209413246,0.030776257644509402,0.14160315117665576,0.003847032205563675,1.4612319712009878,0.030823295706915093,0.342125,1.36866,0.0993747,0.0993747,0.35,0.35,23235702.1499211,0.529418895771262,0.01,8.129142963304155e-06,-0.9912220582365903,0.23583479058675394,1.2270568488233442
5,3,7,0.5572280083043947,0.03878815843437272,0.06965350103804933,0.00484851980429659,0.63211379129929,0.024037633672803916,0.441096,0.600505,0.05844,0.05844,0.45,0.35,23235702.1499211,0.529418895771262,0.01,8.129142963304155e-06,-0.4875745072663453,0.04327699169560528,0.5308514989619506
5,3,8,0.10272243114129305,0.006677503139802094,0.012840303892661628,0.0008346878924752617,0.20140581624028644,0.012759565483173639,0.551103,0.183574,0.0197556,0.0197556,0.575,0.35,23235702.1499211,0.529418895771262,0.015,5.419428642202771e-06,-0.08988212724863143,0.08085156885870694,0.17073369610733835
5,3,9,,,0.0,0.0,0.0,0.0,,,,,0.7250000000000001,0.35,23235702.1499211,0.529418895771262,0.015,5.419428642202771e-06,,,
5,3,10,,,0.0,0.0,0.0,0.0,,,,,0.9,0.35,23235702.1499211,0.529418895771262,0.02,4.0645714816520775e-06,,,
5,4,2,3.260835369121117,0.047326025039630314,0.4076044211401396,0.005915753129953789,3.41322756231498,0.04600080133704037,0.0731908,3.29993,0.188331,0.188331,0.07500000000000001,0.45,23235702.1499211,0.529418895771262,0.005,1.625828592660831e-05,-2.853230947980977,0.039094630878882874,2.89232557885986
5,4,3,2.6959902961738,0.04979410954245353,0.33699878702172503,0.006224263692806691,2.78034692115219,0.04506363569285989,0.123144,2.72168,0.157954,0.157954,0.125,0.45,23235702.1499211,0.529418895771262,0.005,1.625828592660831e-05,-2.358991509152075,0.025689703826200283,2.384681212978275
5,4,4,2.3618780674180355,0.058870080569136056,0.29523475842725444,0.007358760071142007,2.3418677931428014,0.03827527258173724,0.174034,2.24091,0.112476,0.112476,0.175,0.45,23235702.1499211,0.529418895771262,0.005,1.625828592660831e-05,-2.066643308990781,-0.12096806741803556,1.9456752415727454
5,4,5,1.5512995320184646,0.02752044910391627,0.19391244150230807,0.003440056137989534,1.540799058644187,0.020679772617680784,0.245833,1.5286,0.0608802,0.0608802,0.25,0.45,23235702.1499211,0.529418895771262,0.01,8.129142963304155e-06,-1.3573870905161565,-0.02269953201846464,1.3346875584976918
5,4,6,0.9248359175271714,0.02675117503066749,0.11560448969089641,0.0033438968788334364,0.8784191298217741,0.014713718245491475,0.343589,0.854904,0.0456291,0.0456291,0.35,0.45,23235702.1499211,0.529418895771262,0.01,8.129142963304155e-06,-0.809231427836275,-0.06993191752717143,0.7392995103091036
5,4,7,0.31197382100127596,0.010179219724131475,0.038996727625159495,0.0012724024655164344,0.41570461256015667,0.010411247510124086,0.442707,0.404839,0.0233598,0.0233598,0.45,0.45,23235702.1499211,0.529418895771262,0.01,8.129142963304155e-06,-0.2729770933761165,0.09286517899872404,0.3658422723748405
5,4,8,0.10187567471960594,0.004522590725575347,0.012734459339950743,0.0005653238406969184,0.13379682090123968,0.004848913416370963,0.556032,0.125273,0.00810718,0.00810718,0.575,0.45,23235702.1499211,0.529418895771262,0.015,5.419428642202771e-06,-0.0891412153796552,0.023397325280394052,0.11253854066004926
5,4,9,0.002765856574304099,0.0004972604143831554,0.0003457320717880124,6.215755179789441e-05,0.006931718505177597,0.0012462212423792233,0.701197,0.0161267,0.00570168,0.00570168,0.7250000000000001,0.45,23235702.1499211,0.529418895771262,0.015,5.419428642202771e-06,-0.002420124502516087,0.013360843425695901,0.01578096792821199
5,4,10,,,0.0,0.0,0.0,0.0,,,,,0.9,0.45,23235702.1499211,0.529418895771262,0.02,4.0645714816520775e-06,,,
5,5,2,1.8015071533668112,0.031767351196231156,0.22518839417085143,0.0039709188995288944,1.9488612222755841,0.02700169902402413,0.073191,1.92213,0.0979883,0.0979883,0.07500000000000001,0.55,23235702.1499211,0.529418895771262,0.005,1.625828592660831e-05,-1.5763187591959598,0.12062284663318867,1.6969416058291484
5,5,3,1.4310166044910027,0.028469868824716447,0.17887707556137533,0.003558733603089556,1.5943033995659401,0.024280594368750543,0.123519,1.52924,0.0833388,0.0833388,0.125,0.55,23235702.1499211,0.529418895771262,0.005,1.625828592660831e-05,-1.2521395289296273,0.09822339550899728,1.3503629244386246
5,5,4,1.1391072890360097,0.027242923718840798,0.1423884111295012,0.0034053654648550998,1.255982889133336,0.022704883445797446,0.173712,1.18593,0.0627306,0.0627306,0.175,0.55,23235702.1499211,0.529418895771262,0.005,1.625828592660831e-05,-0.9967188779065085,0.046822710963990266,1.0435415888704986
5,5,5,0.8172795761365,0.016940912859430016,0.10215994701706248,0.0021176141074287524,0.8456424295181354,0.012690204253348583,0.245664,0.82425,0.0410553,0.0410553,0.25,0.55,23235702.1499211,0.529418895771262,0.01,8.129142963304155e-06,-0.7151196291194376,0.006970423863499997,0.7220900529829376
5,5,6,0.46163984630091454,0.011820020978501882,0.05770498078761432,0.0014775026223127353,0.46381894919401934,0.008301437114544029,0.344228,0.44432,0.0212527,0.0212527,0.35,0.55,23235702.1499211,0.529418895771262,0.01,8.129142963304155e-06,-0.4039348655133002,-0.017319846300914543,0.38661501921238567
5,5,7,0.209740337587949,0.00835785178795491,0.02621754219849362,0.0010447314734943639,0.202021343753145,0.005300103856708689,0.441823,0.183265,0.0106984,0.0106984,0.45,0.55,23235702.1499211,0.529418895771262,0.01,8.129142963304155e-06,-0.18352279538945537,-0.026475337587948983,0.1570474578015064
5,5,8,0.03101497415235539,0.0014085733632156709,0.0038768717690444237,0.00017607167040195886,0.055035046692514585,0.002326546453510737,0.55222,0.0507955,0.00575257,0.00575257,0.575,0.55,23235702.1499211,0.529418895771262,0.015,5.419428642202771e-06,-0.027138102383310967,0.01978052584764461,0.04691862823095558
5,5,9,0.0024282229907877906,0.0004189974693538736,0.00030352787384847383,5.23746836692342e-05,0.0060293581734122475,0.0010416546517773451,0.692882,0.00529815,0.00144547,0.00144547,0.7250000000000001,0.55,23235702.1499211,0.529418895771262,0.015,5.419428642202771e-06,-0.002124695116939317,0.002869927009212209,0.004994622126151526
5,5,10,,,0.0,0.0,0.0,0.0,,,,,0.9,0.55,23235702.1499211,0.529418895771262,0.02,4.0645714816520775e-06,,,
5,6,2,0.879382061940906,0.019025732837241086,0.10992275774261323,0.002378216604655135,0.96426660748711,0.014924650463121794,0.0725034,0.918783,0.0424373,0.0424373,0.07500000000000001,0.6499999999999999,23235702.1499211,0.529418895771262,0.005,1.625828592660831e-05,-0.7694593041982927,0.03940093805909406,0.8088602422573867
5,6,3,0.6507747263352545,0.021128742766844007,0.08134684079190681,0.002641092845855501,0.7296504704530655,0.01417149007755112,0.123086,0.686399,0.0483727,0.0483727,0.125,0.6499999999999999,23235702.1499211,0.529418895771262,0.005,1.625828592660831e-05,-0.5694278855433477,0.03562427366474552,0.6050521592080932
5,6,4,0.42647038265536646,0.01666668403208864,0.05330879783192081,0.00208333550401108,0.5390153471260448,0.01257927102980402,0.173216,0.497082,0.0268867,0.0268867,0.175,0.6499999999999999,23235702.1499211,0.529418895771262,0.005,1.625828592660831e-05,-0.37316158482344564,0.07061161734463356,0.4437732021680792
5,6,5,0.26215238057037576,0.010394633370638865,0.03276904757129697,0.0012993291713298584,0.29888367737388905,0.006410716958722362,0.243668,0.271744,0.0136037,0.0136037,0.25,0.6499999999999999,23235702.1499211,0.529418895771262,0.01,8.129142963304155e-06,-0.2293833329990788,0.00959161942962422,0.238974952428703
5,6,6,0.08299344002870145,0.003060830638952218,0.010374180003587684,0.00038260382986902714,0.11218536709296204,0.003552006454488934,0.341505,0.102143,0.00592283,0.00592283,0.35,0.6499999999999999,23235702.1499211,0.529418895771262,0.01,8.129142963304155e-06,-0.07261926002511376,0.019149559971298552,0.09176881999641232
5,6,7,0.025336636821228938,0.0016156549636187178,0.003167079602653617,0.0002019568704523397,0.03440063955062374,0.0019306218981515872,0.43726,0.027484,0.00448125,0.00448125,0.45,0.6499999999999999,23235702.1499211,0.529418895771262,0.01,8.129142963304155e-06,-0.02216955721857532,0.0021473631787710633,0.024316920397346384
5,6,8,,,0.0,0.0,0.0,0.0,0.539959,0.0035141,0.00154255,0.00154255,0.575,0.6499999999999999,23235702.1499211,0.529418895771262,0.015,5.419428642202771e-06,,,0.0035141
5,6,9,,,0.0,0.0,0.0,0.0,,,,,0.7250000000000001,0.6499999999999999,23235702.1499211,0.529418895771262,0.015,5.419428642202771e-06,,,
5,6,10,,,0.0,0.0,0.0,0.0,,,,,0.9,0.6499999999999999,23235702.1499211,0.529418895771262,0.02,4.0645714816520775e-06,,,
5,7,2,0.11467227954596015,0.006071563410304351,0.01433403494324502,0.0007589454262880438,0.1239982678253465,0.004687264429309103,0.070983,0.104805,0.0104827,0.0104827,0.07500000000000001,0.75,23235702.1499211,0.529418895771262,0.005,1.625828592660831e-05,-0.10033824460271513,-0.009867279545960159,0.09047096505675498
5,7,3,0.025295564317500397,0.0017338224464730674,0.0031619455396875496,0.0002167278058091334,0.061467425828020936,0.003988480040520546,0.120931,0.0585052,0.00943995,0.00943995,0.125,0.75,23235702.1499211,0.529418895771262,0.005,1.625828592660831e-05,-0.022133618777812846,0.0332096356824996,0.05534325446031245
5,7,4,0.014504753305140998,0.0014866983184057588,0.0018130941631426247,0.00018583728980071986,0.03952564045597474,0.0038480799257162193,0.172219,0.0253172,0.00574901,0.00574901,0.175,0.75,23235702.1499211,0.529418895771262,0.005,1.625828592660831e-05,-0.012691659141998372,0.010812446694859004,0.023504105836857376
5,7,5,0.0009761982053138415,0.00020808319133779955,0.00012202477566423019,2.601039891722494e-05,0.004322627490091865,0.0009213970259386464,0.234906,0.00506645,0.00196032,0.00196032,0.25,0.75,23235702.1499211,0.529418895771262,0.01,8.129142963304155e-06,-0.0008541734296496113,0.0040902517946861585,0.00494442522433577
5,7,6,,,0.0,0.0,0.0,0.0,,,,,0.35,0.75,23235702.1499211,0.529418895771262,0.01,8.129142963304155e-06,,,
5,7,7,,,0.0,0.0,0.0,0.0,,,,,0.45,0.75,23235702.1499211,0.529418895771262,0.01,8.129142963304155e-06,,,
5,7,8,,,0.0,0.0,0.0,0.0,,,,,0.575,0.75,23235702.1499211,0.529418895771262,0.015,5.419428642202771e-06,,,
5,7,9,,,0.0,0.0,0.0,0.0,,,,,0.7250000000000001,0.75,23235702.1499211,0.529418895771262,0.015,5.419428642202771e-06,,,
5,7,10,,,0.0,0.0,0.0,0.0,,,,,0.9,0.75,23235702.1499211,0.529418895771262,0.02,4.0645714816520775e-06,,,
6,2,2,8.123903707821638,1.092841977436531,1.0154879634777048,0.13660524717956637,16.135104083081053,2.152551879999121,0.0718862,15.3136,5.05835,5.05835,0.07500000000000001,0.25,13087552.619502762,0.5261460155360248,0.005,2.904459125298573e-05,-7.108415744343933,7.189696292178361,14.298112036522294
6,2,3,4.675045165508407,0.6035909766754838,0.5843806456885509,0.07544887208443547,13.557335352172185,1.7441667918811194,0.123896,11.3277,4.01849,4.01849,0.125,0.25,13087552.619502762,0.5261460155360248,0.005,2.904459125298573e-05,-4.090664519819856,6.652654834491593,10.74331935431145
6,2,4,1.3788865442367588,0.33110075316627563,0.17236081802959485,0.04138759414578445,1.919780938335027,0.4609813020902503,0.172599,5.06025,1.90057,1.90057,0.175,0.25,13087552.619502762,0.5261460155360248,0.005,2.904459125298573e-05,-1.206525726207164,3.681363455763241,4.887889181970405
6,2,5,0.40109120434911744,0.11768024586307162,0.05013640054363968,0.014710030732883952,1.3971237973338837,0.40991642346834106,0.234848,2.8161,1.12047,1.12047,0.25,0.25,13087552.619502762,0.5261460155360248,0.01,1.4522295626492865e-05,-0.3509548038054778,2.415008795650883,2.7659635994563603
6,2,6,,,0.0,0.0,0.0,0.0,,,,,0.35,0.25,13087552.619502762,0.5261460155360248,0.01,1.4522295626492865e-05,,,
6,2,7,,,0.0,0.0,0.0,0.0,,,,,0.45,0.25,13087552.619502762,0.5261460155360248,0.01,1.4522295626492865e-05,,,
6,2,8,,,0.0,0.0,0.0,0.0,,,,,0.575,0.25,13087552.619502762,0.5261460155360248,0.015,9.681530417661911e-06,,,
6,2,9,,,0.0,0.0,0.0,0.0,,,,,0.7250000000000001,0.25,13087552.619502762,0.5261460155360248,0.015,9.681530417661911e-06,,,
6,2,10,,,0.0,0.0,0.0,0.0,,,,,0.9,0.25,13087552.619502762,0.5261460155360248,0.02,7.261147813246433e-06,,,
6,3,2,7.287191723027386,0.3010888957701889,0.9108989653784231,0.03763611197127361,6.882954175073257,0.19829425551498192,0.0712174,6.65836,0.643477,0.643477,0.07500000000000001,0.35,13087552.619502762,0.5261460155360248,0.005,2.904459125298573e-05,-6.376292757648963,-0.6288317230273863,5.747461034621577
6,3,3,4.200250636069637,0.18155770419369086,0.5250313295087046,0.022694713024211357,6.105452588411505,0.1983975916064789,0.1237,5.71157,0.674567,0.674567,0.125,0.35,13087552.619502762,0.5261460155360248,0.005,2.904459125298573e-05,-3.675219306560932,1.5113193639303635,5.186538670491295
6,3,4,3.227712403485851,0.16064626627616552,0.40346405043573136,0.02008078328452069,4.561793164251705,0.17676809241264763,0.174125,4.47683,0.443193,0.443193,0.175,0.35,13087552.619502762,0.5261460155360248,0.005,2.904459125298573e-05,-2.8242483530501197,1.2491175965141488,4.073365949564268
6,3,5,1.8531972891547401,0.12068503586766809,0.2316496611443425,0.015085629483458507,2.6112913792511576,0.07621343746520344,0.241301,2.4622,0.219208,0.219208,0.25,0.35,13087552.619502762,0.5261460155360248,0.01,1.4522295626492865e-05,-1.6215476280103975,0.60900271084526,2.230550338855658
6,3,6,0.417110557166826,0.02493635323130425,0.05213881964585325,0.003117044153913031,0.8701042867572221,0.04711022523968745,0.335687,0.788293,0.11416,0.11416,0.35,0.35,13087552.619502762,0.5261460155360248,0.01,1.4522295626492865e-05,-0.3649717375209727,0.37118244283317403,0.7361541803541468
6,3,7,0.0332403556185213,0.00723904729296418,0.004155044452315163,0.0009048809116205225,0.15099724831666503,0.03288401105620962,0.430944,0.170875,0.0800921,0.0800921,0.45,0.35,13087552.619502762,0.5261460155360248,0.01,1.4522295626492865e-05,-0.02908531116620614,0.1376346443814787,0.16671995554768484
6,3,8,,,0.0,0.0,0.0,0.0,,,,,0.575,0.35,13087552.619502762,0.5261460155360248,0.015,9.681530417661911e-06,,,
6,3,9,,,0.0,0.0,0.0,0.0,,,,,0.7250000000000001,0.35,13087552.619502762,0.5261460155360248,0.015,9.681530417661911e-06,,,
6,3,10,,,0.0,0.0,0.0,0.0,,,,,0.9,0.35,13087552.619502762,0.5261460155360248,0.02,7.261147813246433e-06,,,
6,4,2,3.6455776515058065,0.08372376751921344,0.45569720643822575,0.01046547093990168,3.6313062277680688,0.08132753728538535,0.0725044,3.31528,0.294889,0.294889,0.07500000000000001,0.45,13087552.619502762,0.5261460155360248,0.005,2.904459125298573e-05,-3.1898804450675806,-0.3302976515058065,2.859582793561774
6,4,3,3.1519686106967146,0.09532252191044288,0.39399607633708933,0.01191531523880536,3.003513595800694,0.07885289044187196,0.122406,2.77422,0.269217,0.269217,0.125,0.45,13087552.619502762,0.5261460155360248,0.005,2.904459125298573e-05,-2.7579725343596255,-0.3777486106967145,2.3802239236629106
6,4,4,1.8599057151398737,0.11887615776662411,0.2324882143924842,0.014859519720828013,2.347148661148677,0.07057698606903612,0.173633,2.21721,0.190564,0.190564,0.175,0.45,13087552.619502762,0.5261460155360248,0.005,2.904459125298573e-05,-1.6274175007473894,0.35730428486012644,1.9847217856075159
6,4,5,0.976894994723699,0.03367045319583524,0.12211187434046238,0.004208806649479405,1.2773958186093977,0.03077183478592926,0.243916,1.27826,0.0967999,0.0967999,0.25,0.45,13087552.619502762,0.5261460155360248,0.01,1.4522295626492865e-05,-0.8547831203832367,0.30136500527630095,1.1561481256595376
6,4,6,0.37355390029547403,0.022022738049180902,0.046694237536934254,0.002752842256147613,0.42413741954574774,0.016155689672759755,0.33759,0.391274,0.0438034,0.0438034,0.35,0.45,13087552.619502762,0.5261460155360248,0.01,1.4522295626492865e-05,-0.3268596627585398,0.017720099704525982,0.34457976246306576
6,4,7,0.009005207019142935,0.0016669571272112012,0.0011256508773928669,0.00020836964090140017,0.03793358808749565,0.007021900206039129,0.430772,0.0494433,0.0125982,0.0125982,0.45,0.45,13087552.619502762,0.5261460155360248,0.01,1.4522295626492865e-05,-0.007879556141750068,0.04043809298085707,0.04831764912260714
6,4,8,,,0.0,0.0,0.0,0.0,,,,,0.575,0.45,13087552.619502762,0.5261460155360248,0.015,9.681530417661911e-06,,,
6,4,9,,,0.0,0.0,0.0,0.0,,,,,0.7250000000000001,0.45,13087552.619502762,0.5261460155360248,0.015,9.681530417661911e-06,,,
6,4,10,,,0.0,0.0,0.0,0.0,,,,,0.9,0.45,13087552.619502762,0.5261460155360248,0.02,7.261147813246433e-06,,,
6,5,2,1.8260759195376894,0.04035296607941883,0.22825948994221118,0.005044120759927355,1.8985313525563012,0.03914681414075198,0.0719696,1.85177,0.133382,0.133382,0.07500000000000001,0.55,13087552.619502762,0.5261460155360248,0.005,2.904459125298573e-05,-1.5978164295954782,0.025694080462310476,1.6235105100577887
6,5,3,1.2315833584979445,0.03702758092587598,0.15394791981224307,0.004628447615734497,1.254985224754687,0.03584082245076287,0.122308,1.1578,0.0921462,0.0921462,0.125,0.55,13087552.619502762,0.5261460155360248,0.005,2.904459125298573e-05,-1.0776354386857014,-0.0737833584979446,1.0038520801877568
6,5,4,0.8076754549254956,0.03167259916007908,0.10095943186568695,0.003959074895009885,0.8300543687326691,0.030823411806275597,0.172469,0.73282,0.0782499,0.0782499,0.175,0.55,13087552.619502762,0.5261460155360248,0.005,2.904459125298573e-05,-0.7067160230598086,-0.07485545492549561,0.631860568134313
6,5,5,0.33480618753934643,0.02395483751711241,0.041850773442418304,0.0029943546896390514,0.33897223514758534,0.013749672563850531,0.240202,0.313981,0.0284425,0.0284425,0.25,0.55,13087552.619502762,0.5261460155360248,0.01,1.4522295626492865e-05,-0.29295541409692816,-0.020825187539346424,0.2721302265575817
6,5,6,0.02523362499127252,0.0027703454899161294,0.003154203123909065,0.00034629318623951617,0.05879529009435121,0.005444807127060515,0.33568,0.0470593,0.00647847,0.00647847,0.35,0.55,13087552.619502762,0.5261460155360248,0.01,1.4522295626492865e-05,-0.022079421867363454,0.02182567500872748,0.043905096876090934
6,5,7,,,0.0,0.0,0.0,0.0,,,,,0.45,0.55,13087552.619502762,0.5261460155360248,0.01,1.4522295626492865e-05,,,
6,5,8,,,0.0,0.0,0.0,0.0,,,,,0.575,0.55,13087552.619502762,0.5261460155360248,0.015,9.681530417661911e-06,,,
6,5,9,,,0.0,0.0,0.0,0.0,,,,,0.7250000000000001,0.55,13087552.619502762,0.5261460155360248,0.015,9.681530417661911e-06,,,
6,5,10,,,0.0,0.0,0.0,0.0,,,,,0.9,0.55,13087552.619502762,0.5261460155360248,0.02,7.261147813246433e-06,,,
6,6,2,0.334999723851027,0.014671546401152506,0.041874965481378375,0.0018339433001440635,0.34769137096031066,0.011781071720618087,0.0707391,0.313658,0.0360943,0.0360943,0.07500000000000001,0.6499999999999999,13087552.619502762,0.5261460155360248,0.005,2.904459125298573e-05,-0.29312475836964863,-0.021341723851027006,0.2717830345186216
6,6,3,0.1155705320924807,0.011773434622484107,0.014446316511560087,0.0014716793278105134,0.13934373237174486,0.009291302983766103,0.121413,0.129207,0.0222148,0.0222148,0.125,0.6499999999999999,13087552.619502762,0.5261460155360248,0.005,2.904459125298573e-05,-0.1011242155809206,0.013636467907519295,0.1147606834884399
6,6,4,0.016415560533355227,0.0024353896614848587,0.0020519450666694034,0.0003044237076856073,0.04955184046899264,0.007020546974062001,0.170698,0.0471324,0.0117058,0.0117058,0.175,0.6499999999999999,13087552.619502762,0.5261460155360248,0.005,2.904459125298573e-05,-0.014363615466685823,0.03071683946664477,0.04508045493333059
6,6,5,,,0.0,0.0,0.0,0.0,0.225535,0.0109388,0.00616674,0.00616674,0.25,0.6499999999999999,13087552.619502762,0.5261460155360248,0.01,1.4522295626492865e-05,,,0.0109388
6,6,6,,,0.0,0.0,0.0,0.0,,,,,0.35,0.6499999999999999,13087552.619502762,0.5261460155360248,0.01,1.4522295626492865e-05,,,
6,6,7,,,0.0,0.0,0.0,0.0,,,,,0.45,0.6499999999999999,13087552.619502762,0.5261460155360248,0.01,1.4522295626492865e-05,,,
6,6,8,,,0.0,0.0,0.0,0.0,,,,,0.575,0.6499999999999999,13087552.619502762,0.5261460155360248,0.015,9.681530417661911e-06,,,
6,6,9,,,0.0,0.0,0.0,0.0,,,,,0.7250000000000001,0.6499999999999999,13087552.619502762,0.5261460155360248,0.015,9.681530417661911e-06,,,
6,6,10,,,0.0,0.0,0.0,0.0,,,,,0.9,0.6499999999999999,13087552.619502762,0.5261460155360248,0.02,7.261147813246433e-06,,,
6,7,2,,,0.0,0.0,0.0,0.0,,,,,0.07500000000000001,0.75,13087552.619502762,0.5261460155360248,0.005,2.904459125298573e-05,,,
6,7,3,,,0.0,0.0,0.0,0.0,,,,,0.125,0.75,13087552.619502762,0.5261460155360248,0.005,2.904459125298573e-05,,,
6,7,4,,,0.0,0.0,0.0,0.0,,,,,0.175,0.75,13087552.619502762,0.5261460155360248,0.005,2.904459125298573e-05,,,
6,7,5,,,0.0,0.0,0.0,0.0,,,,,0.25,0.75,13087552.619502762,0.5261460155360248,0.01,1.4522295626492865e-05,,,
6,7,6,,,0.0,0.0,0.0,0.0,,,,,0.35,0.75,13087552.619502762,0.5261460155360248,0.01,1.4522295626492865e-05,,,
6,7,7,,,0.0,0.0,0.0,0.0,,,,,0.45,0.75,13087552.619502762,0.5261460155360248,0.01,1.4522295626492865e-05,,,
6,7,8,,,0.0,0.0,0.0,0.0,,,,,0.575,0.75,13087552.619502762,0.5261460155360248,0.015,9.681530417661911e-06,,,
6,7,9,,,0.0,0.0,0.0,0.0,,,,,0.7250000000000001,0.75,13087552.619502762,0.5261460155360248,0.015,9.681530417661911e-06,,,
6,7,10,,,0.0,0.0,0.0,0.0,,,,,0.9,0.75,13087552.619502762,0.5261460155360248,0.02,7.261147813246433e-06,,,
7,2,2,,,0.0,0.0,0.0,0.0,,,,,0.07500000000000001,0.25,5777919.121807666,0.5969895779306142,0.005,5.7981812591168106e-05,,,
7,2,3,,,0.0,0.0,0.0,0.0,,,,,0.125,0.25,5777919.121807666,0.5969895779306142,0.005,5.7981812591168106e-05,,,
7,2,4,,,0.0,0.0,0.0,0.0,,,,,0.175,0.25,5777919.121807666,0.5969895779306142,0.005,5.7981812591168106e-05,,,
7,2,5,,,0.0,0.0,0.0,0.0,,,,,0.25,0.25,5777919.121807666,0.5969895779306142,0.01,2.8990906295584053e-05,,,
7,2,6,,,0.0,0.0,0.0,0.0,,,,,0.35,0.25,5777919.121807666,0.5969895779306142,0.01,2.8990906295584053e-05,,,
7,2,7,,,0.0,0.0,0.0,0.0,,,,,0.45,0.25,5777919.121807666,0.5969895779306142,0.01,2.8990906295584053e-05,,,
7,2,8,,,0.0,0.0,0.0,0.0,,,,,0.575,0.25,5777919.121807666,0.5969895779306142,0.015,1.9327270863722707e-05,,,
7,2,9,,,0.0,0.0,0.0,0.0,,,,,0.7250000000000001,0.25,5777919.121807666,0.5969895779306142,0.015,1.9327270863722707e-05,,,
7,2,10,,,0.0,0.0,0.0,0.0,,,,,0.9,0.25,5777919.121807666,0.5969895779306142,0.02,1.4495453147792027e-05,,,
7,3,2,6.060846176181785,0.29105704574236346,0.7576057720227231,0.03638213071779543,8.054733281310046,0.37415630169845443,0.0714286,6.23763,1.12953,1.12953,0.07500000000000001,0.35,5777919.121807666,0.5969895779306142,0.005,5.7981812591168106e-05,-5.303240404159062,0.1767838238182149,5.480024227977277
7,3,3,2.911814514639314,0.26190588929456227,0.36397681432991424,0.03273823616182028,6.765065578242007,0.49132341698242615,0.123253,5.95088,1.37601,1.37601,0.125,0.35,5777919.121807666,0.5969895779306142,0.005,5.7981812591168106e-05,-2.5478377003093997,3.0390654853606858,5.586903185670085
7,3,4,1.9144762084929194,0.14136174186775605,0.23930952606161493,0.017670217733469506,4.936554961161939,0.32918135136350557,0.173935,4.37125,1.19424,1.19424,0.175,0.35,5777919.121807666,0.5969895779306142,0.005,5.7981812591168106e-05,-1.6751666824313045,2.4567737915070804,4.131940473938385
7,3,5,0.623078924961047,0.05105917481576135,0.07788486562013086,0.006382396851970169,1.5071557472877173,0.11365463844216063,0.234426,1.18816,0.293291,0.293291,0.25,0.35,5777919.121807666,0.5969895779306142,0.01,2.8990906295584053e-05,-0.5451940593409161,0.5650810750389531,1.1102751343798691
7,3,6,,,0.0,0.0,0.0,0.0,,,,,0.35,0.35,5777919.121807666,0.5969895779306142,0.01,2.8990906295584053e-05,,,
7,3,7,,,0.0,0.0,0.0,0.0,,,,,0.45,0.35,5777919.121807666,0.5969895779306142,0.01,2.8990906295584053e-05,,,
7,3,8,,,0.0,0.0,0.0,0.0,,,,,0.575,0.35,5777919.121807666,0.5969895779306142,0.015,1.9327270863722707e-05,,,
7,3,9,,,0.0,0.0,0.0,0.0,,,,,0.7250000000000001,0.35,5777919.121807666,0.5969895779306142,0.015,1.9327270863722707e-05,,,
7,3,10,,,0.0,0.0,0.0,0.0,,,,,0.9,0.35,5777919.121807666,0.5969895779306142,0.02,1.4495453147792027e-05,,,
7,4,2,4.539178187491743,0.3314655292430989,0.5673972734364678,0.041433191155387364,3.5853390000380934,0.13300195090025296,0.0731083,3.04429,0.478651,0.478651,0.07500000000000001,0.45,5777919.121807666,0.5969895779306142,0.005,5.7981812591168106e-05,-3.971780914055275,-1.4948881874917426,2.4768927265635323
7,4,3,1.8943691469466402,0.09117885781788239,0.23679614336833002,0.0113973572272353,2.5755075098826294,0.1145037931342108,0.121556,2.26252,0.331945,0.331945,0.125,0.45,5777919.121807666,0.5969895779306142,0.005,5.7981812591168106e-05,-1.65757300357831,0.3681508530533597,2.0257238566316698
7,4,4,0.8176870802895506,0.06963173355206619,0.10221088503619383,0.008703966694008273,1.5615152203440137,0.0981272116545533,0.171568,1.4709,0.171969,0.171969,0.175,0.45,5777919.121807666,0.5969895779306142,0.005,5.7981812591168106e-05,-0.7154761952533568,0.6532129197104495,1.3686891149638063
7,4,5,0.0990577111067485,0.007823751264286076,0.012382213888343563,0.0009779689080357595,0.3438999985787733,0.026609922602799277,0.230655,0.334703,0.0605483,0.0605483,0.25,0.45,5777919.121807666,0.5969895779306142,0.01,2.8990906295584053e-05,-0.08667549721840494,0.23564528889325148,0.32232078611165643
7,4,6,,,0.0,0.0,0.0,0.0,,,,,0.35,0.45,5777919.121807666,0.5969895779306142,0.01,2.8990906295584053e-05,,,
7,4,7,,,0.0,0.0,0.0,0.0,,,,,0.45,0.45,5777919.121807666,0.5969895779306142,0.01,2.8990906295584053e-05,,,
7,4,8,,,0.0,0.0,0.0,0.0,,,,,0.575,0.45,5777919.121807666,0.5969895779306142,0.015,1.9327270863722707e-05,,,
7,4,9,,,0.0,0.0,0.0,0.0,,,,,0.7250000000000001,0.45,5777919.121807666,0.5969895779306142,0.015,1.9327270863722707e-05,,,
7,4,10,,,0.0,0.0,0.0,0.0,,,,,0.9,0.45,5777919.121807666,0.5969895779306142,0.02,1.4495453147792027e-05,,,
7,5,2,1.0424480076911362,0.05085226893081843,0.13030600096139203,0.0063565336163523035,1.0084490709410572,0.0478783950908344,0.0699599,0.805987,0.0860714,0.0860714,0.07500000000000001,0.55,5777919.121807666,0.5969895779306142,0.005,5.7981812591168106e-05,-0.9121420067297442,-0.2364610076911362,0.675680999038608
7,5,3,0.19656600455490625,0.023529225147429396,0.02457075056936328,0.0029411531434286745,0.2813477156237169,0.0335730223518176,0.119802,0.286752,0.0921168,0.0921168,0.125,0.55,5777919.121807666,0.5969895779306142,0.005,5.7981812591168106e-05,-0.17199525398554297,0.09018599544509376,0.2621812494306367
7,5,4,,,0.0,0.0,0.0,0.0,,,,,0.175,0.55,5777919.121807666,0.5969895779306142,0.005,5.7981812591168106e-05,,,
7,5,5,,,0.0,0.0,0.0,0.0,,,,,0.25,0.55,5777919.121807666,0.5969895779306142,0.01,2.8990906295584053e-05,,,
7,5,6,,,0.0,0.0,0.0,0.0,,,,,0.35,0.55,5777919.121807666,0.5969895779306142,0.01,2.8990906295584053e-05,,,
7,5,7,,,0.0,0.0,0.0,0.0,,,,,0.45,0.55,5777919.121807666,0.5969895779306142,0.01,2.8990906295584053e-05,,,
7,5,8,,,0.0,0.0,0.0,0.0,,,,,0.575,0.55,5777919.121807666,0.5969895779306142,0.015,1.9327270863722707e-05,,,
7,5,9,,,0.0,0.0,0.0,0.0,,,,,0.7250000000000001,0.55,5777919.121807666,0.5969895779306142,0.015,1.9327270863722707e-05,,,
7,5,10,,,0.0,0.0,0.0,0.0,,,,,0.9,0.55,5777919.121807666,0.5969895779306142,0.02,1.4495453147792027e-05,,,
7,6,2,,,0.0,0.0,0.0,0.0,,,,,0.07500000000000001,0.6499999999999999,5777919.121807666,0.5969895779306142,0.005,5.7981812591168106e-05,,,
7,6,3,,,0.0,0.0,0.0,0.0,,,,,0.125,0.6499999999999999,5777919.121807666,0.5969895779306142,0.005,5.7981812591168106e-05,,,
7,6,4,,,0.0,0.0,0.0,0.0,,,,,0.175,0.6499999999999999,5777919.121807666,0.5969895779306142,0.005,5.7981812591168106e-05,,,
7,6,5,,,0.0,0.0,0.0,0.0,,,,,0.25,0.6499999999999999,5777919.121807666,0.5969895779306142,0.01,2.8990906295584053e-05,,,
7,6,6,,,0.0,0.0,0.0,0.0,,,,,0.35,0.6499999999999999,5777919.121807666,0.5969895779306142,0.01,2.8990906295584053e-05,,,
7,6,7,,,0.0,0.0,0.0,0.0,,,,,0.45,0.6499999999999999,5777919.121807666,0.5969895779306142,0.01,2.8990906295584053e-05,,,
7,6,8,,,0.0,0.0,0.0,0.0,,,,,0.575,0.6499999999999999,5777919.121807666,0.5969895779306142,0.015,1.9327270863722707e-05,,,
7,6,9,,,0.0,0.0,0.0,0.0,,,,,0.7250000000000001,0.6499999999999999,5777919.121807666,0.5969895779306142,0.015,1.9327270863722707e-05,,,
7,6,10,,,0.0,0.0,0.0,0.0,,,,,0.9,0.6499999999999999,5777919.121807666,0.5969895779306142,0.02,1.4495453147792027e-05,,,
7,7,2,,,0.0,0.0,0.0,0.0,,,,,0.07500000000000001,0.75,5777919.121807666,0.5969895779306142,0.005,5.7981812591168106e-05,,,
7,7,3,,,0.0,0.0,0.0,0.0,,,,,0.125,0.75,5777919.121807666,0.5969895779306142,0.005,5.7981812591168106e-05,,,
7,7,4,,,0.0,0.0,0.0,0.0,,,,,0.175,0.75,5777919.121807666,0.5969895779306142,0.005,5.7981812591168106e-05,,,
7,7,5,,,0.0,0.0,0.0,0.0,,,,,0.25,0.75,5777919.121807666,0.5969895779306142,0.01,2.8990906295584053e-05,,,
7,7,6,,,0.0,0.0,0.0,0.0,,,,,0.35,0.75,5777919.121807666,0.5969895779306142,0.01,2.8990906295584053e-05,,,
7,7,7,,,0.0,0.0,0.0,0.0,,,,,0.45,0.75,5777919.121807666,0.5969895779306142,0.01,2.8990906295584053e-05,,,
7,7,8,,,0.0,0.0,0.0,0.0,,,,,0.575,0.75,5777919.121807666,0.5969895779306142,0.015,1.9327270863722707e-05,,,
7,7,9,,,0.0,0.0,0.0,0.0,,,,,0.7250000000000001,0.75,5777919.121807666,0.5969895779306142,0.015,1.9327270863722707e-05,,,
7,7,10,,,0.0,0.0,0.0,0.0,,,,,0.9,0.75,5777919.121807666,0.5969895779306142,0.02,1.4495453147792027e-05,,,
8,2,2,8.549185585039174,0.3451941026884538,1.068648198129897,0.04314926283605673,8.97873279191082,0.1149732170778326,,,,,0.07500000000000001,0.25,25103533.890635844,0.6965432298070978,0.005,1.1437920081337075e-05,-7.480537386909277,,
8,2,3,6.85173513149326,0.10623011577189713,0.8564668914366576,0.013278764471487138,6.835218591673027,0.07857628487181464,0.124711,6.97673,0.482467,0.482467,0.125,0.25,25103533.890635844,0.6965432298070978,0.005,1.1437920081337075e-05,-5.995268240056603,0.12499486850673946,6.120263108563343
8,2,4,4.77093649484642,0.05381065969434709,0.5963670618558025,0.006726332461793386,4.992850268492591,0.05019633488960244,0.174312,5.20692,0.306659,0.306659,0.175,0.25,25103533.890635844,0.6965432298070978,0.005,1.1437920081337075e-05,-4.174569432990618,0.43598350515358053,4.610552938144198
8,2,5,3.082939487717136,0.025309837034717005,0.385367435964642,0.0031637296293396257,3.2492764000633882,0.0235942510350548,0.245795,3.34398,0.165196,0.165196,0.25,0.25,25103533.890635844,0.6965432298070978,0.01,5.718960040668537e-06,-2.697572051752494,0.26104051228286407,2.958612564035358
8,2,6,1.6951728817235694,0.01665797463932524,0.21189661021544617,0.002082246829915655,1.7432666877188738,0.015384189484737272,0.344597,1.74451,0.0979372,0.0979372,0.35,0.25,25103533.890635844,0.6965432298070978,0.01,5.718960040668537e-06,-1.4832762715081231,0.049337118276430614,1.5326133897845537
8,2,7,0.947360631240855,0.013121136869725785,0.1184200789051069,0.001640142108715723,0.9527415087759542,0.012175911462829729,0.4432,0.926699,0.0465197,0.0465197,0.45,0.25,25103533.890635844,0.6965432298070978,0.01,5.718960040668537e-06,-0.8289405523357481,-0.02066163124085496,0.8082789210948932
8,2,8,0.4671346566580061,0.009875164076001164,0.05839183208225075,0.0012343955095001455,0.44632260369427357,0.00857321306213797,0.557294,0.423678,0.0286121,0.0286121,0.575,0.25,25103533.890635844,0.6965432298070978,0.015,3.8126400271123595e-06,-0.40874282457575534,-0.043456656658006076,0.36528616791774926
8,2,9,0.24243210270684432,0.01188453382942633,0.03030401283835554,0.0014855667286782913,0.21964685042134907,0.009180488610172573,0.698862,0.185165,0.0174102,0.0174102,0.7250000000000001,0.25,25103533.890635844,0.6965432298070978,0.015,3.8126400271123595e-06,-0.21212808986848877,-0.05726710270684432,0.15486098716164445
8,2,10,,,0.0,0.0,0.0,0.0,,,,,0.9,0.25,25103533.890635844,0.6965432298070978,0.02,2.8594800203342687e-06,,,
8,3,2,2.908623029266596,0.05838247863146895,0.3635778786583246,0.0072978098289336185,4.018063722930879,0.059005732211438615,0.0751311,3.90484,0.47158,0.47158,0.07500000000000001,0.35,25103533.890635844,0.6965432298070978,0.005,1.1437920081337075e-05,-2.5450451506082716,0.9962169707334039,3.5412621213416755
8,3,3,2.880069526774781,0.09486961980103019,0.3600086908468476,0.011858702475128774,3.1356143841054642,0.03753540841612678,0.12498,3.23248,0.300302,0.300302,0.125,0.35,25103533.890635844,0.6965432298070978,0.005,1.1437920081337075e-05,-2.520060835927933,0.3524104732252189,2.872471309153152
8,3,4,2.420765139795379,0.04989710455190338,0.3025956424744224,0.006237138068987923,2.563983492243304,0.028594656741998247,0.174711,2.64777,0.190526,0.190526,0.175,0.35,25103533.890635844,0.6965432298070978,0.005,1.1437920081337075e-05,-2.118169497320957,0.22700486020462085,2.3451743575255777
8,3,5,1.7671877155325961,0.024171497918396484,0.22089846444157452,0.0030214372397995605,1.8497556105527875,0.015021105660147985,0.247735,1.89272,0.104686,0.104686,0.25,0.35,25103533.890635844,0.6965432298070978,0.01,5.718960040668537e-06,-1.5462892510910216,0.12553228446740383,1.6718215355584254
8,3,6,1.0362771355171172,0.013976613292800656,0.12953464193963965,0.001747076661600082,1.1313199520546309,0.0099852468381163,0.346932,1.13472,0.0592443,0.0592443,0.35,0.35,25103533.890635844,0.6965432298070978,0.01,5.718960040668537e-06,-0.9067424935774775,0.09844286448288275,1.0051853580603602
8,3,7,0.6392495098512396,0.008199531271263301,0.07990618873140494,0.0010249414089079127,0.6801554879148464,0.006987860501653123,0.446865,0.678418,0.0416538,0.0416538,0.45,0.35,25103533.890635844,0.6965432298070978,0.01,5.718960040668537e-06,-0.5593433211198346,0.03916849014876034,0.598511811268595
8,3,8,0.3287964282413744,0.0041288391237794516,0.0410995535301718,0.0005161048904724314,0.35257424098622303,0.0038524919168320603,0.567027,0.349034,0.0165636,0.0165636,0.575,0.35,25103533.890635844,0.6965432298070978,0.015,3.8126400271123595e-06,-0.2876968747112026,0.020237571758625617,0.3079344464698282
8,3,9,0.1568115550523049,0.0027756442323790534,0.019601444381538113,0.00034695552904738167,0.1606932907797851,0.0026333250364694643,0.716256,0.154692,0.00865312,0.00865312,0.7250000000000001,0.35,25103533.890635844,0.6965432298070978,0.015,3.8126400271123595e-06,-0.1372101106707668,-0.0021195550523049056,0.1350905556184619
8,3,10,0.0779138819784496,0.0018852166502420604,0.0097392352473062,0.00023565208128025755,0.07436797058205004,0.001650432628691661,0.880934,0.0678246,0.00381035,0.00381035,0.9,0.35,25103533.890635844,0.6965432298070978,0.02,2.8594800203342687e-06,-0.0681746467311434,-0.010089281978449605,0.0580853647526938
8,4,2,1.3916878535943356,0.06427529318543596,0.17396098169929194,0.008034411648179494,1.9808782141738859,0.0392689297876254,0.0752315,1.97159,0.172093,0.172093,0.07500000000000001,0.45,25103533.890635844,0.6965432298070978,0.005,1.1437920081337075e-05,-1.2177268718950436,0.5799021464056644,1.797629018300708
8,4,3,1.1795502827964512,0.03559899485210815,0.1474437853495564,0.00444987435651352,1.6225628835776698,0.02940598787414098,0.124965,1.73205,0.11447,0.11447,0.125,0.45,25103533.890635844,0.6965432298070978,0.005,1.1437920081337075e-05,-1.0321064974468948,0.5524997172035488,1.5846062146504436
8,4,4,1.0587623132659991,0.02073844613627947,0.13234528915824992,0.002592305767034934,1.4602797890428152,0.02122904895142834,0.174845,1.48707,0.124291,0.124291,0.175,0.45,25103533.890635844,0.6965432298070978,0.005,1.1437920081337075e-05,-0.9264170241077492,0.42830768673400077,1.35472471084175
8,4,5,0.928867376581573,0.040534875020030045,0.11610842207269663,0.005066859377503756,1.060245675665649,0.010933562072647738,0.248396,1.06981,0.0782023,0.0782023,0.25,0.45,25103533.890635844,0.6965432298070978,0.01,5.718960040668537e-06,-0.8127589545088764,0.1409426234184269,0.9537015779273033
8,4,6,0.5202115461262791,0.006439813864190339,0.06502644326578488,0.0008049767330237924,0.715239870759541,0.007939741082643215,0.347673,0.713073,0.041242,0.041242,0.35,0.45,25103533.890635844,0.6965432298070978,0.01,5.718960040668537e-06,-0.4551851028604942,0.1928614538737209,0.6480465567342151
8,4,7,0.42539673499130365,0.012494412557611322,0.053174591873912956,0.001561801569701415,0.46689387009573563,0.005929666566062696,0.447041,0.463768,0.0235397,0.0235397,0.45,0.45,25103533.890635844,0.6965432298070978,0.01,5.718960040668537e-06,-0.3722221431173907,0.038371265008696365,0.4105934081260871
8,4,8,0.24970268247726377,0.0046606610336329245,0.03121283530965797,0.0005825826292041156,0.2780411048159828,0.00341896582710683,0.568345,0.273081,0.0146426,0.0146426,0.575,0.45,25103533.890635844,0.6965432298070978,0.015,3.8126400271123595e-06,-0.2184898471676058,0.023378317522736253,0.24186816469034206
8,4,9,0.13937563248379203,0.002664788524122758,0.017421954060474,0.00033309856551534477,0.14918863484737616,0.002245647363864,0.718073,0.13892,0.00740305,0.00740305,0.7250000000000001,0.45,25103533.890635844,0.6965432298070978,0.015,3.8126400271123595e-06,-0.12195367842331803,-0.00045563248379204557,0.12149804593952598
8,4,10,0.06578904774530141,0.0013768693475068087,0.008223630968162676,0.00017210866843835108,0.07049012007684866,0.0012814382901695466,0.887926,0.0644805,0.00352727,0.00352727,0.9,0.45,25103533.890635844,0.6965432298070978,0.02,2.8594800203342687e-06,-0.05756541677713873,-0.001308547745301411,0.05625686903183732
8,5,2,0.741895887151329,0.03476664154682771,0.09273698589391613,0.004345830193353463,1.0308843556620468,0.02257624419714867,0.0750346,1.06888,0.124491,0.124491,0.07500000000000001,0.55,25103533.890635844,0.6965432298070978,0.005,1.1437920081337075e-05,-0.6491589012574129,0.326984112848671,0.976143014106084
8,5,3,0.5389639617923074,0.015212604156211175,0.06737049522403843,0.001901575519526397,0.9117922915327709,0.01988125819062399,0.124729,0.933378,0.0872338,0.0872338,0.125,0.55,25103533.890635844,0.6965432298070978,0.005,1.1437920081337075e-05,-0.471593466568269,0.3944140382076926,0.8660075047759617
8,5,4,0.46992290632633016,0.011424167834646164,0.05874036329079127,0.0014280209793307705,0.7760161762746707,0.015293281207341334,0.174657,0.785548,0.0639587,0.0639587,0.175,0.55,25103533.890635844,0.6965432298070978,0.005,1.1437920081337075e-05,-0.4111825430355389,0.31562509367366987,0.7268076367092088
8,5,5,0.44026478645284994,0.007661308807488709,0.05503309830660623,0.0009576636009360888,0.6131325474169514,0.008770815019707473,0.248711,0.620081,0.0424523,0.0424523,0.25,0.55,25103533.890635844,0.6965432298070978,0.01,5.718960040668537e-06,-0.3852316881462437,0.17981621354715005,0.5650479016933938
8,5,6,0.3165604366942869,0.005159821981388317,0.03957005458678586,0.0006449777476735396,0.43531248254522087,0.006380596036218334,0.348015,0.435001,0.0269097,0.0269097,0.35,0.55,25103533.890635844,0.6965432298070978,0.01,5.718960040668537e-06,-0.27699038210750104,0.11844056330571312,0.39543094541321416
8,5,7,0.2264750517164284,0.0037332747424244027,0.02830938146455355,0.00046665934280305034,0.3138416581761247,0.004847348199203334,0.447462,0.311675,0.0179451,0.0179451,0.45,0.55,25103533.890635844,0.6965432298070978,0.01,5.718960040668537e-06,-0.19816567025187484,0.08519994828357158,0.28336561853544645
8,5,8,0.18129122421033614,0.011385921997788335,0.022661403026292017,0.0014232402497235416,0.20357710767764842,0.0029398880312787425,0.568563,0.196291,0.0115158,0.0115158,0.575,0.55,25103533.890635844,0.6965432298070978,0.015,3.8126400271123595e-06,-0.15862982118404412,0.014999775789663855,0.17362959697370797
8,5,9,0.09512593207067979,0.0027791247754210854,0.011890741508834972,0.0003473905969276357,0.1145195335973121,0.0020028619889650937,0.718424,0.106554,0.00688023,0.00688023,0.7250000000000001,0.55,25103533.890635844,0.6965432298070978,0.015,3.8126400271123595e-06,-0.08323519056184482,0.011428067929320204,0.09466325849116503
8,5,10,0.0530030911105398,0.001567434350169544,0.006625386388817477,0.000195929293771193,0.05801470383643276,0.0011766502013246098,0.88916,0.0523554,0.00372408,0.00372408,0.9,0.55,25103533.890635844,0.6965432298070978,0.02,2.8594800203342687e-06,-0.046377704721722326,-0.0006476911105397984,0.04573001361118253
8,6,2,0.37733469240019557,0.014407179965127586,0.047166836550024446,0.0018008974956409483,0.6396264465576917,0.015140965514981078,0.074925,0.634986,0.0611125,0.0611125,0.07500000000000001,0.6499999999999999,25103533.890635844,0.6965432298070978,0.005,1.1437920081337075e-05,-0.3301678558501711,0.2576513075998045,0.5878191634499756
8,6,3,0.33608565196061624,0.013505548640153233,0.04201070649507702,0.0016881935800191542,0.5564389255109246,0.013960293501071768,0.124659,0.566874,0.0479725,0.0479725,0.125,0.6499999999999999,25103533.890635844,0.6965432298070978,0.005,1.1437920081337075e-05,-0.2940749454655392,0.23078834803938375,0.524863293504923
8,6,4,0.2833120602342833,0.008808657662609987,0.03541400752928542,0.0011010822078262484,0.47189269168892967,0.011835764643199393,0.174689,0.459329,0.0368997,0.0368997,0.175,0.6499999999999999,25103533.890635844,0.6965432298070978,0.005,1.1437920081337075e-05,-0.24789805270499787,0.1760169397657167,0.42391499247071457
8,6,5,0.2586328289128622,0.007162729063572098,0.032329103614107776,0.0008953411329465122,0.37916672067466695,0.00647457527623995,0.248637,0.367659,0.0320453,0.0320453,0.25,0.6499999999999999,25103533.890635844,0.6965432298070978,0.01,5.718960040668537e-06,-0.22630372529875442,0.1090261710871378,0.3353298963858922
8,6,6,0.20210294683331662,0.004348670337820264,0.025262868354164577,0.000543583792227533,0.2855289489332687,0.005329647151407254,0.348418,0.278448,0.0285887,0.0285887,0.35,0.6499999999999999,25103533.890635844,0.6965432298070978,0.01,5.718960040668537e-06,-0.17684007847915204,0.07634505316668336,0.2531851316458354
8,6,7,0.14901684974377202,0.003265864765640817,0.018627106217971503,0.00040823309570510213,0.20720994476027832,0.004078042859218546,0.447734,0.198206,0.0177988,0.0177988,0.45,0.6499999999999999,25103533.890635844,0.6965432298070978,0.01,5.718960040668537e-06,-0.13038974352580052,0.04918915025622797,0.1795788937820285
8,6,8,0.10431760410718612,0.001996520896106778,0.013039700513398264,0.00024956511201334726,0.14275583807094927,0.002539226089718067,0.569894,0.134856,0.0119918,0.0119918,0.575,0.6499999999999999,25103533.890635844,0.6965432298070978,0.015,3.8126400271123595e-06,-0.09127790359378785,0.030538395892813888,0.12181629948660173
8,6,9,0.06443462742777155,0.0014494593664025484,0.008054328428471444,0.00018118242080031855,0.08994224273477797,0.0018177541182502245,0.718871,0.0811567,0.00687383,0.00687383,0.7250000000000001,0.6499999999999999,25103533.890635844,0.6965432298070978,0.015,3.8126400271123595e-06,-0.0563802989993001,0.01672207257222845,0.07310237157152856
8,6,10,0.040741853942128294,0.002340485791199939,0.005092731742766037,0.0002925607238999924,0.046922667062179936,0.0010293130838021907,0.888758,0.0397612,0.00371058,0.00371058,0.9,0.6499999999999999,25103533.890635844,0.6965432298070978,0.02,2.8594800203342687e-06,-0.035649122199362254,-0.000980653942128297,0.03466846825723396
8,7,2,0.22471378073915452,0.009085150069535478,0.028089222592394315,0.0011356437586919348,0.36321781489627264,0.009887974828485248,0.0744601,0.347856,0.0470131,0.0470131,0.07500000000000001,0.75,25103533.890635844,0.6965432298070978,0.005,1.1437920081337075e-05,-0.1966245581467602,0.12314221926084548,0.3197667774076057
8,7,3,0.15715798148328722,0.008522515633757092,0.0196447476854109,0.0010653144542196364,0.29611988800115263,0.009095033980979743,0.124406,0.299629,0.0372508,0.0372508,0.125,0.75,25103533.890635844,0.6965432298070978,0.005,1.1437920081337075e-05,-0.13751323379787633,0.14247101851671276,0.27998425231458907
8,7,4,0.19542960035785215,0.009046512888439048,0.024428700044731518,0.0011308141110548807,0.2867648296604642,0.008014186153528629,0.174607,0.262665,0.0332668,0.0332668,0.175,0.75,25103533.890635844,0.6965432298070978,0.005,1.1437920081337075e-05,-0.17100090031312062,0.06723539964214784,0.23823629995526846
8,7,5,0.1388265696093055,0.0037947464016661837,0.017353321201163188,0.00047434330020827296,0.21892593564218127,0.004852772677409116,0.248006,0.211872,0.0238484,0.0238484,0.25,0.75,25103533.890635844,0.6965432298070978,0.01,5.718960040668537e-06,-0.12147324840814232,0.0730454303906945,0.19451867879883683
8,7,6,0.10399989031359429,0.002669618474598165,0.012999986289199286,0.00033370230932477067,0.16890503229279216,0.0039138275919771304,0.34849,0.160298,0.0184479,0.0184479,0.35,0.75,25103533.890635844,0.6965432298070978,0.01,5.718960040668537e-06,-0.090999904024395,0.05629810968640571,0.1472980137108007
8,7,7,0.08951350235500724,0.00258056682347275,0.011189187794375903,0.00032257085293409374,0.12477408981526295,0.003173813613378176,0.448426,0.108624,0.013554,0.013554,0.45,0.75,25103533.890635844,0.6965432298070978,0.01,5.718960040668537e-06,-0.07832431456063134,0.019110497644992758,0.0974348122056241
8,7,8,0.05984202132080534,0.0015177207730803321,0.007480252665100667,0.00018971509663504154,0.07927371921528321,0.0018465696401666052,0.568965,0.0698784,0.00780122,0.00780122,0.575,0.75,25103533.890635844,0.6965432298070978,0.015,3.8126400271123595e-06,-0.052361768655704674,0.01003637867919465,0.062398147334899325
8,7,9,0.03192454744447331,0.0010261995607704067,0.003990568430559164,0.00012827494509630083,0.04456679230536742,0.001336286304897736,0.716717,0.0360761,0.00549008,0.00549008,0.7250000000000001,0.75,25103533.890635844,0.6965432298070978,0.015,3.8126400271123595e-06,-0.027933979013914145,0.00415155255552669,0.032085531569440835
8,7,10,0.013632372864637095,0.0005775583063455013,0.0017040466080796369,7.219478829318766e-05,0.01870802478806692,0.0006969963929320186,0.882826,0.0147214,0.00196674,0.00196674,0.9,0.75,25103533.890635844,0.6965432298070978,0.02,2.8594800203342687e-06,-0.011928326256557459,0.001089027135362906,0.013017353391920363
9,2,2,9.529294590927512,0.31150152693077404,1.191161823865939,0.038937690866346755,9.438844015118196,0.14343948545140156,0.0747771,9.52015,1.21484,1.21484,0.07500000000000001,0.25,22215782.56804337,0.7193186812558529,0.005,1.2515466441409683e-05,-8.338132767061573,-0.009144590927512297,8.328988176134061
9,2,3,7.09669503126179,0.09690629423772917,0.8870868789077238,0.012113286779716147,7.061491825582117,0.07866982979493976,0.124429,7.50239,0.675703,0.675703,0.125,0.25,22215782.56804337,0.7193186812558529,0.005,1.2515466441409683e-05,-6.2096081523540665,0.4056949687382101,6.615303121092277
9,2,4,5.219356923315423,0.06765518483992956,0.6524196154144278,0.008456898104991195,5.355685338502452,0.06009805610566476,0.173871,5.48568,0.385252,0.385252,0.175,0.25,22215782.56804337,0.7193186812558529,0.005,1.2515466441409683e-05,-4.566937307900995,0.26632307668457766,4.833260384585572
9,2,5,3.3893458976031616,0.03373155885137384,0.4236682372003952,0.00421644485642173,3.4409208497388843,0.030512238968365035,0.244118,3.48076,0.217381,0.217381,0.25,0.25,22215782.56804337,0.7193186812558529,0.01,6.2577332207048416e-06,-2.9656776604027666,0.09141410239683845,3.057091762799605
9,2,6,1.813292318605445,0.02464754961919138,0.22666153982568063,0.003080943702398923,1.8121058127374845,0.02116393331469829,0.342789,1.79878,0.105853,0.105853,0.35,0.25,22215782.56804337,0.7193186812558529,0.01,6.2577332207048416e-06,-1.5866307787797644,-0.014512318605444996,1.5721184601743194
9,2,7,0.9853666908535047,0.023091924435322937,0.12317083635668809,0.002886490554415367,0.9204845403873246,0.019388830136498204,0.441357,0.910273,0.056475,0.056475,0.45,0.25,22215782.56804337,0.7193186812558529,0.01,6.2577332207048416e-06,-0.8621958544968166,-0.0750936908535047,0.7871021636433119
9,2,8,0.5803453906013714,0.020721175121595235,0.07254317382517142,0.0025901468901994044,0.5139345172252764,0.014891270178232633,0.551587,0.460167,0.0284953,0.0284953,0.575,0.25,22215782.56804337,0.7193186812558529,0.015,4.171822147136562e-06,-0.5078022167762,-0.12017839060137137,0.3876238261748286
9,2,9,,,0.0,0.0,0.0,0.0,0.688368,0.13231,0.0411312,0.0411312,0.7250000000000001,0.25,22215782.56804337,0.7193186812558529,0.015,4.171822147136562e-06,,,0.13231
9,2,10,,,0.0,0.0,0.0,0.0,,,,,0.9,0.25,22215782.56804337,0.7193186812558529,0.02,3.1288666103524208e-06,,,
9,3,2,4.273851589692171,0.09283674070698564,0.5342314487115214,0.011604592588373205,4.481180764935555,0.056012133119406345,0.0744551,4.25244,0.380823,0.380823,0.07500000000000001,0.35,22215782.56804337,0.7193186812558529,0.005,1.2515466441409683e-05,-3.7396201409806498,-0.021411589692171162,3.7182085512884786
9,3,3,3.303949412623863,0.07188603443388436,0.41299367657798286,0.008985754304235545,3.4540112783584793,0.040642564107582935,0.124662,3.55984,0.242582,0.242582,0.125,0.35,22215782.56804337,0.7193186812558529,0.005,1.2515466441409683e-05,-2.89095573604588,0.255890587376137,3.146846323422017
9,3,4,2.8048703893806626,0.04429892528985695,0.3506087986725828,0.005537365661232118,2.837263334986681,0.028373607182965943,0.174582,2.85697,0.169993,0.169993,0.175,0.35,22215782.56804337,0.7193186812558529,0.005,1.2515466441409683e-05,-2.4542615907080796,0.05209961061933743,2.506361201327417
9,3,5,1.8899193766090312,0.021584077489318804,0.2362399220761289,0.0026980096861648505,1.9555673591033953,0.015298183579636492,0.246816,1.98523,0.0942224,0.0942224,0.25,0.35,22215782.56804337,0.7193186812558529,0.01,6.2577332207048416e-06,-1.6536794545329023,0.09531062339096885,1.7489900779238712
9,3,6,1.123944226940218,0.014592094042572728,0.14049302836752725,0.001824011755321591,1.1787144556695837,0.010715500580114199,0.345852,1.16017,0.0525082,0.0525082,0.35,0.35,22215782.56804337,0.7193186812558529,0.01,6.2577332207048416e-06,-0.9834511985726908,0.03622577305978192,1.0196769716324727
9,3,7,0.6459093239096129,0.008961670410413076,0.0807386654887016,0.0011202088013016348,0.6732809983496538,0.00798625521210919,0.445977,0.65789,0.0329591,0.0329591,0.45,0.35,22215782.56804337,0.7193186812558529,0.01,6.2577332207048416e-06,-0.5651706584209113,0.01198067609038711,0.5771513345112984
9,3,8,0.3399556419073732,0.004847955647885579,0.04249445523842165,0.0006059944559856973,0.3416656397027486,0.0044680492651659,0.565287,0.326474,0.0186684,0.0186684,0.575,0.35,22215782.56804337,0.7193186812558529,0.015,4.171822147136562e-06,-0.29746118666895155,-0.01348164190737322,0.28397954476157833
9,3,9,0.15745644679091358,0.0038398255790594534,0.019682055848864198,0.0004799781973824317,0.14749920143360715,0.0032605785625330523,0.712691,0.136242,0.0084416,0.0084416,0.7250000000000001,0.35,22215782.56804337,0.7193186812558529,0.015,4.171822147136562e-06,-0.13777439094204938,-0.021214446790913583,0.1165599441511358
9,3,10,0.07341750427837951,0.003143213776718558,0.009177188034797439,0.0003929017220898197,0.06258388263782293,0.002227043407327846,0.874204,0.0544191,0.00296065,0.00296065,0.9,0.35,22215782.56804337,0.7193186812558529,0.02,3.1288666103524208e-06,-0.06424031624358206,-0.01899840427837951,0.04524191196520256
9,4,2,1.877797238371542,0.05158071385261216,0.23472465479644275,0.00644758923157652,2.08309546525432,0.028627240408354057,0.0743909,2.06105,0.147547,0.147547,0.07500000000000001,0.45,22215782.56804337,0.7193186812558529,0.005,1.2515466441409683e-05,-1.6430725835750992,0.18325276162845783,1.826325345203557
9,4,3,1.585608385557678,0.05498962958950169,0.1982010481947097,0.006873703698687711,1.814087442953225,0.02489875218957965,0.124664,1.80476,0.114837,0.114837,0.125,0.45,22215782.56804337,0.7193186812558529,0.005,1.2515466441409683e-05,-1.3874073373629683,0.219151614442322,1.6065589518052903
9,4,4,1.0815198219063338,0.01703157717019407,0.13518997773829172,0.0021289471462742587,1.492229721758002,0.019814323188425447,0.174599,1.49459,0.0870922,0.0870922,0.175,0.45,22215782.56804337,0.7193186812558529,0.005,1.2515466441409683e-05,-0.9463298441680421,0.4130701780936663,1.3594000222617084
9,4,5,1.0380734123928677,0.026260813729703028,0.12975917654910846,0.0032826017162128785,1.0902890149340438,0.011096471424441883,0.247948,1.10153,0.0578533,0.0578533,0.25,0.45,22215782.56804337,0.7193186812558529,0.01,6.2577332207048416e-06,-0.9083142358437593,0.06345658760713224,0.9717708234508915
9,4,6,0.7026854616083714,0.01732844364557068,0.08783568270104643,0.002166055455696335,0.7462308167598009,0.008033959500261229,0.347042,0.744498,0.0328066,0.0328066,0.35,0.45,22215782.56804337,0.7193186812558529,0.01,6.2577332207048416e-06,-0.614849778907325,0.04181253839162857,0.6566623172989535
9,4,7,0.45031503865065076,0.011071364847347076,0.056289379831331345,0.0013839206059183843,0.48797743671633725,0.0057649193480991045,0.446636,0.470508,0.023694,0.023694,0.45,0.45,22215782.56804337,0.7193186812558529,0.01,6.2577332207048416e-06,-0.3940256588193194,0.020192961349349225,0.4142186201686686
9,4,8,0.2548718319354677,0.004741109008222713,0.03185897899193346,0.0005926386260278391,0.28080641595920147,0.003451835938421408,0.566802,0.268046,0.0122561,0.0122561,0.575,0.45,22215782.56804337,0.7193186812558529,0.015,4.171822147136562e-06,-0.22301285294353423,0.01317416806453231,0.23618702100806654
9,4,9,0.13212768721606943,0.0026775723535394117,0.016515960902008676,0.00033469654419242647,0.14018217691575144,0.0024200146719595373,0.717301,0.128869,0.00679679,0.00679679,0.7250000000000001,0.45,22215782.56804337,0.7193186812558529,0.015,4.171822147136562e-06,-0.11561172631406076,-0.0032586872160694225,0.11235303909799134
9,4,10,0.05698562199005838,0.0013985752940219689,0.007123202748757298,0.0001748219117527461,0.05742752127078737,0.0012907271389399296,0.885503,0.0522467,0.00396395,0.00396395,0.9,0.45,22215782.56804337,0.7193186812558529,0.02,3.1288666103524208e-06,-0.04986241924130108,-0.004738921990058383,0.045123497251242706
9,5,2,0.9399602290409969,0.0379075208687806,0.1174950286301246,0.004738440108597576,1.201885430459645,0.019513942677931887,0.074146,1.19607,0.0901714,0.0901714,0.07500000000000001,0.55,22215782.56804337,0.7193186812558529,0.005,1.2515466441409683e-05,-0.8224652004108722,0.2561097709590031,1.0785749713698753
9,5,3,0.7779048648930063,0.046461149488698984,0.09723810811162578,0.005807643686087373,1.0214919369020576,0.017251000309155936,0.124435,1.01261,0.0721146,0.0721146,0.125,0.55,22215782.56804337,0.7193186812558529,0.005,1.2515466441409683e-05,-0.6806667567813804,0.23470513510699376,0.9153718918883742
9,5,4,0.6384658853964311,0.018504418461117746,0.07980823567455389,0.0023130523076397187,0.9027346692904028,0.014643046275940664,0.174498,0.880594,0.0494029,0.0494029,0.175,0.55,22215782.56804337,0.7193186812558529,0.005,1.2515466441409683e-05,-0.5586576497218773,0.24212811460356887,0.8007857643254461
9,5,5,0.5552967511028679,0.024943238287111962,0.06941209388785849,0.003117904785888996,0.6397079101356945,0.008965594756058976,0.248068,0.647181,0.0354223,0.0354223,0.25,0.55,22215782.56804337,0.7193186812558529,0.01,6.2577332207048416e-06,-0.4858846572150094,0.09188424889713209,0.5777689061121415
9,5,6,0.336756260138607,0.004907395008694956,0.042094532517325874,0.0006134243760868694,0.46286023543787885,0.006280096176534574,0.347833,0.460421,0.0243571,0.0243571,0.35,0.55,22215782.56804337,0.7193186812558529,0.01,6.2577332207048416e-06,-0.2946617276212811,0.12366473986139304,0.41832646748267416
9,5,7,0.2830656754877305,0.012639866472528169,0.03538320943596631,0.0015799833090660211,0.3300067582788999,0.004686125556090535,0.447428,0.318312,0.0171318,0.0171318,0.45,0.55,22215782.56804337,0.7193186812558529,0.01,6.2577332207048416e-06,-0.24768246605176417,0.0352463245122695,0.2829287905640337
9,5,8,0.15244244689671893,0.0022093902760478416,0.019055305862089866,0.0002761737845059802,0.208769345270639,0.00289963614378679,0.567944,0.200148,0.0119977,0.0119977,0.575,0.55,22215782.56804337,0.7193186812558529,0.015,4.171822147136562e-06,-0.13338714103462906,0.04770555310328106,0.18109269413791013
9,5,9,0.08660142805908808,0.0016167201069195516,0.01082517850738601,0.00020209001336494396,0.11650382110974447,0.002065330839975734,0.717129,0.106723,0.00631694,0.00631694,0.7250000000000001,0.55,22215782.56804337,0.7193186812558529,0.015,4.171822147136562e-06,-0.07577624955170206,0.020121571940911923,0.09589782149261399
9,5,10,0.04763414585916451,0.001429508252851974,0.005954268232395564,0.00017868853160649676,0.05423217226758579,0.0011583281245805912,0.885341,0.0482476,0.00268941,0.00268941,0.9,0.55,22215782.56804337,0.7193186812558529,0.02,3.1288666103524208e-06,-0.041679877626768946,0.0006134541408354885,0.042293331767604435
9,6,2,0.6015576860012872,0.02928636507341744,0.0751947107501609,0.003660795634177179,0.7032472937774282,0.012495118291450117,0.073825,0.6834,0.0546136,0.0546136,0.07500000000000001,0.6499999999999999,22215782.56804337,0.7193186812558529,0.005,1.2515466441409683e-05,-0.5263629752511263,0.08184231399871278,0.6082052892498391
9,6,3,0.4343248363302833,0.015212695163434214,0.05429060454128541,0.0019015868954292768,0.5930368461657437,0.01207927606595375,0.124296,0.586842,0.0327283,0.0327283,0.125,0.6499999999999999,22215782.56804337,0.7193186812558529,0.005,1.2515466441409683e-05,-0.38003423178899787,0.15251716366971668,0.5325513954587145
9,6,4,0.3941015564956825,0.018135326283146815,0.04926269456196032,0.0022669157853933515,0.5281542788880422,0.011320320119129163,0.174283,0.505222,0.0422833,0.0422833,0.175,0.6499999999999999,22215782.56804337,0.7193186812558529,0.005,1.2515466441409683e-05,-0.3448388619337222,0.11112044350431743,0.45595930543803964
9,6,5,0.3045945015700661,0.007592615522329586,0.038074312696258265,0.0009490769402911983,0.4221809502169957,0.006764584283170997,0.248045,0.420009,0.0339259,0.0339259,0.25,0.6499999999999999,22215782.56804337,0.7193186812558529,0.01,6.2577332207048416e-06,-0.26652018887380785,0.1154144984299339,0.38193468730374175
9,6,6,0.21786165595581763,0.004059980084993957,0.027232706994477204,0.0005074975106242446,0.30371561034172795,0.005128428117173594,0.34767,0.295243,0.0207046,0.0207046,0.35,0.6499999999999999,22215782.56804337,0.7193186812558529,0.01,6.2577332207048416e-06,-0.19062894896134042,0.07738134404418234,0.26801029300552276
9,6,7,0.1613251308422208,0.003127605684525298,0.0201656413552776,0.00039095071056566223,0.22171413526037034,0.0038706355842649657,0.44736,0.208843,0.0167379,0.0167379,0.45,0.6499999999999999,22215782.56804337,0.7193186812558529,0.01,6.2577332207048416e-06,-0.1411594894869432,0.0475178691577792,0.1886773586447224
9,6,8,0.09732955778043548,0.0017973809420842647,0.012166194722554431,0.0002246726177605331,0.13436460999422511,0.0023419554028475446,0.568296,0.127378,0.00933066,0.00933066,0.575,0.6499999999999999,22215782.56804337,0.7193186812558529,0.015,4.171822147136562e-06,-0.08516336305788105,0.030048442219564514,0.11521180527744557
9,6,9,0.05606721543202191,0.0012553808466375953,0.0070084019290027385,0.0001569226058296994,0.0787485406137857,0.0017033050564317104,0.716456,0.0696747,0.00556684,0.00556684,0.7250000000000001,0.6499999999999999,22215782.56804337,0.7193186812558529,0.015,4.171822147136562e-06,-0.04905881350301917,0.013607484567978098,0.06266629807099727
9,6,10,0.0235270503638125,0.000663547115137418,0.002940881295476563,8.294338939217726e-05,0.03225308862598292,0.0008540537015138986,0.881731,0.0283074,0.00217484,0.00217484,0.9,0.6499999999999999,22215782.56804337,0.7193186812558529,0.02,3.1288666103524208e-06,-0.02058616906833594,0.004780349636187498,0.025366518704523437
9,7,2,0.3950698797516833,0.018166444939691904,0.04938373496896042,0.0022708056174614885,0.41419439995648555,0.00862345317096179,0.0737574,0.403486,0.0412466,0.0412466,0.07500000000000001,0.75,22215782.56804337,0.7193186812558529,0.005,1.2515466441409683e-05,-0.34568614478272286,0.008416120248316727,0.3541022650310396
9,7,3,0.26194338531136907,0.015017221201327013,0.032742923163921134,0.0018771526501658766,0.34524663294674557,0.008223506963021864,0.123931,0.323518,0.0320985,0.0320985,0.125,0.75,22215782.56804337,0.7193186812558529,0.005,1.2515466441409683e-05,-0.22920046214744794,0.0615746146886309,0.29077507683607884
9,7,4,0.21659712075962056,0.009294611082223809,0.027074640094952574,0.0011618263852779759,0.29927061823723866,0.007376126805484581,0.174278,0.276714,0.0310016,0.0310016,0.175,0.75,22215782.56804337,0.7193186812558529,0.005,1.2515466441409683e-05,-0.18952248066466798,0.06011687924037945,0.24963935990504743
9,7,5,0.17784117963070442,0.009104855563411169,0.022230147453838053,0.001138106945426396,0.22099450036073204,0.0044475509218263294,0.246961,0.207,0.0213952,0.0213952,0.25,0.75,22215782.56804337,0.7193186812558529,0.01,6.2577332207048416e-06,-0.15561103217686637,0.02915882036929557,0.18476985254616193
9,7,6,0.12079547224101994,0.004221388312386471,0.01509943403012749,0.0005276735390483089,0.15716623370596486,0.003391566929482956,0.346687,0.140991,0.014897,0.014897,0.35,0.75,22215782.56804337,0.7193186812558529,0.01,6.2577332207048416e-06,-0.10569603821089245,0.020195527758980064,0.12589156596987253
9,7,7,0.07337297453035409,0.002194123481171778,0.009171621816294261,0.0002742654351464722,0.10243586915691084,0.0025906346428692345,0.44648,0.0899163,0.0089742,0.0089742,0.45,0.75,22215782.56804337,0.7193186812558529,0.01,6.2577332207048416e-06,-0.06420135271405983,0.016543325469645917,0.08074467818370575
9,7,8,0.03746506008040544,0.0011256162144069376,0.00468313251005068,0.0001407020268008672,0.052188622348314416,0.001443525062710255,0.563712,0.0434943,0.0047343,0.0047343,0.575,0.75,22215782.56804337,0.7193186812558529,0.015,4.171822147136562e-06,-0.03278192757035476,0.006029239919594559,0.03881116748994932
9,7,9,0.01241574440728626,0.0006653828497605509,0.0015519680509107825,8.317285622006887e-05,0.016823300013034108,0.0008116255975443576,0.712442,0.0128466,0.0022093,0.0022093,0.7250000000000001,0.75,22215782.56804337,0.7193186812558529,0.015,4.171822147136562e-06,-0.010863776356375476,0.00043085559271374,0.011294631949089216
9,7,10,0.0024877053621822536,0.0002795386482136307,0.0003109631702727817,3.4942331026703836e-05,0.0045057607596695175,0.00047487650648668066,0.868624,0.00336697,0.000840196,0.000840196,0.9,0.75,22215782.56804337,0.7193186812558529,0.02,3.1288666103524208e-06,-0.002176742191909472,0.0008792646378177464,0.0030560068297272184
10,2,2,10.370038131600332,0.2944686069762125,1.2962547664500415,0.036808575872026565,10.524258827883175,0.16420600885264627,0.0738199,10.7687,1.79461,1.79461,0.07500000000000001,0.25,24506937.18200342,0.7155446472274737,0.005,1.140523454565119e-05,-9.073783365150291,0.3986618683996692,9.472445233549958
10,2,3,8.022520245586579,0.1090749260734707,1.0028150306983223,0.01363436575918384,8.121668036890936,0.09213826639887913,0.123928,8.26933,1.06484,1.06484,0.125,0.25,24506937.18200342,0.7155446472274737,0.005,1.140523454565119e-05,-7.019705214888257,0.24680975441342135,7.266514969301678
10,2,4,6.060498493696135,0.09026868431533495,0.7575623117120168,0.01128358553941687,6.118495993766769,0.07831814987980423,0.173352,6.13386,0.549821,0.549821,0.175,0.25,24506937.18200342,0.7155446472274737,0.005,1.140523454565119e-05,-5.302936181984117,0.07336150630386573,5.376297688287983
10,2,5,3.7477887199838302,0.054576771985980634,0.4684735899979788,0.006822096498247579,3.7281280567160944,0.04850925415043423,0.241605,3.78007,0.338289,0.338289,0.25,0.25,24506937.18200342,0.7155446472274737,0.01,5.702617272825595e-06,-3.2793151299858514,0.03228128001616959,3.311596410002021
10,2,6,2.1938372122234893,0.06943703228452577,0.27422965152793616,0.008679629035565722,1.9689905657420188,0.03799621513196473,0.340312,1.91227,0.132651,0.132651,0.35,0.25,24506937.18200342,0.7155446472274737,0.01,5.702617272825595e-06,-1.9196075606955532,-0.28156721222348935,1.6380403484720638
10,2,7,0.8488494416362444,0.03317694056652617,0.10610618020453055,0.004147117570815771,1.093612583084838,0.03889215459684097,0.437465,0.954807,0.0919348,0.0919348,0.45,0.25,24506937.18200342,0.7155446472274737,0.01,5.702617272825595e-06,-0.7427432614317139,0.10595755836375553,0.8487008197954694
10,2,8,0.09976935746022413,0.01637073070547438,0.012471169682528016,0.0020463413381842975,0.21161240603768347,0.03472258217721346,0.533533,0.365944,0.131181,0.131181,0.575,0.25,24506937.18200342,0.7155446472274737,0.015,3.801744848550397e-06,-0.08729818777769612,0.26617464253977585,0.35347283031747195
10,2,9,,,0.0,0.0,0.0,0.0,,,,,0.7250000000000001,0.25,24506937.18200342,0.7155446472274737,0.015,3.801744848550397e-06,,,
10,2,10,,,0.0,0.0,0.0,0.0,,,,,0.9,0.25,24506937.18200342,0.7155446472274737,0.02,2.8513086364127974e-06,,,
10,3,2,4.442125794538177,0.05672792655537778,0.5552657243172722,0.007090990819422223,4.651353544344017,0.05399081299960733,0.073716,4.67186,0.265446,0.265446,0.07500000000000001,0.35,24506937.18200342,0.7155446472274737,0.005,1.140523454565119e-05,-3.886860070220905,0.22973420546182233,4.116594275682727
10,3,3,3.784951145538941,0.07763889938183997,0.4731188931923676,0.009704862422729995,3.8376349562167063,0.0382194176586203,0.124193,3.85583,0.180699,0.180699,0.125,0.35,24506937.18200342,0.7155446472274737,0.005,1.140523454565119e-05,-3.3118322523465733,0.07087885446105924,3.3827111068076325
10,3,4,2.9950043675507723,0.04120583108650525,0.37437554594384653,0.005150728885813157,3.0024593248954634,0.0324305564227847,0.174207,3.0526,0.137294,0.137294,0.175,0.35,24506937.18200342,0.7155446472274737,0.005,1.140523454565119e-05,-2.6206288216069256,0.05759563244922772,2.6782244540561533
10,3,5,2.037739624793622,0.021153750653004295,0.25471745309920274,0.002644218831625537,2.067761545379448,0.01802768275920573,0.245299,2.08208,0.101543,0.101543,0.25,0.35,24506937.18200342,0.7155446472274737,0.01,5.702617272825595e-06,-1.7830221716944192,0.04434037520637801,1.8273625469007972
10,3,6,1.1807311785715455,0.015115802089973346,0.1475913973214432,0.0018894752612466682,1.1937417898456641,0.012432834978007462,0.344519,1.16538,0.0566733,0.0566733,0.35,0.35,24506937.18200342,0.7155446472274737,0.01,5.702617272825595e-06,-1.0331397812501024,-0.015351178571545443,1.017788602678557
10,3,7,0.686003374537889,0.013067369076317522,0.0857504218172361,0.0016334211345396903,0.640390645921377,0.00962387898038557,0.444303,0.620197,0.0360198,0.0360198,0.45,0.35,24506937.18200342,0.7155446472274737,0.01,5.702617272825595e-06,-0.6002529527206528,-0.06580637453788896,0.5344465781827639
10,3,8,0.3706562761750093,0.011028033745036076,0.04633203452187616,0.0013785042181295095,0.31586414995016754,0.0060121316240188275,0.560358,0.291454,0.0181545,0.0181545,0.575,0.35,24506937.18200342,0.7155446472274737,0.015,3.801744848550397e-06,-0.3243242416531331,-0.0792022761750093,0.24512196547812382
10,3,9,0.09673307843249974,0.003856386386514654,0.012091634804062468,0.00048204829831433174,0.11942975945574542,0.004566311966689016,0.706923,0.11006,0.00657869,0.00657869,0.7250000000000001,0.35,24506937.18200342,0.7155446472274737,0.015,3.801744848550397e-06,-0.08464144362843727,0.01332692156750026,0.09796836519593753
10,3,10,0.004400792891216807,0.001015849086519824,0.0005500991114021007,0.000126981135814978,0.0054376693130808755,0.0012551945844837878,0.86113,0.0285078,0.00505205,0.00505205,0.9,0.35,24506937.18200342,0.7155446472274737,0.02,2.8513086364127974e-06,-0.003850693779814706,0.024107007108783194,0.0279577008885979
10,4,2,2.2473224929380766,0.037777235828887853,0.2809153116172596,0.004722154478610982,2.360533469403897,0.02853163985519875,0.0738897,2.32147,0.145869,0.145869,0.07500000000000001,0.45,24506937.18200342,0.7155446472274737,0.005,1.140523454565119e-05,-1.966407181320817,0.07414750706192352,2.0405546883827403
10,4,3,1.8587075934110813,0.03122752673796056,0.23233844917638516,0.00390344084224507,1.9879912462123297,0.02326986559450081,0.124267,2.00035,0.115888,0.115888,0.125,0.45,24506937.18200342,0.7155446472274737,0.005,1.140523454565119e-05,-1.6263691442346961,0.1416424065889188,1.768011550823615
10,4,4,1.589615898193017,0.034262012905406626,0.19870198727412713,0.004282751613175828,1.6814834350539198,0.019367987406577657,0.174377,1.6594,0.082949,0.082949,0.175,0.45,24506937.18200342,0.7155446472274737,0.005,1.140523454565119e-05,-1.39091391091889,0.06978410180698291,1.4606980127258729
10,4,5,1.1237614892469763,0.017478579524859147,0.14047018615587206,0.0021848224406073933,1.210790679089364,0.010513406125183795,0.247064,1.21157,0.0506946,0.0506946,0.25,0.45,24506937.18200342,0.7155446472274737,0.01,5.702617272825595e-06,-0.9832913030911042,0.08780851075302376,1.071099813844128
10,4,6,0.7232144878988721,0.010731177492205887,0.09040181098735901,0.0013413971865257354,0.7696858214119253,0.007998424842463997,0.345781,0.756567,0.0335463,0.0335463,0.35,0.45,24506937.18200342,0.7155446472274737,0.01,5.702617272825595e-06,-0.6328126769115131,0.033352512101127885,0.666165189012641
10,4,7,0.44931630843406994,0.00850362364347643,0.05616453855425873,0.0010629529554345536,0.47181202896866137,0.006132130172416965,0.445476,0.458198,0.0196523,0.0196523,0.45,0.45,24506937.18200342,0.7155446472274737,0.01,5.702617272825595e-06,-0.3931517698798112,0.00888169156593005,0.40203346144574126
10,4,8,0.2537692752551028,0.004798213905263392,0.03172115940688785,0.000599776738157924,0.25387749758361233,0.003663543513846925,0.564207,0.240484,0.0101382,0.0101382,0.575,0.45,24506937.18200342,0.7155446472274737,0.015,3.801744848550397e-06,-0.22204811584821493,-0.013285275255102785,0.20876284059311215
10,4,9,0.11262062958816345,0.0031054668944719326,0.014077578698520433,0.0003881833618089916,0.10090712458086977,0.002315065328195322,0.713534,0.094482,0.00484893,0.00484893,0.7250000000000001,0.45,24506937.18200342,0.7155446472274737,0.015,3.801744848550397e-06,-0.09854305088964302,-0.018138629588163452,0.08040442130147957
10,4,10,0.03870780190470047,0.0022044801565111348,0.004838475238087558,0.0002755600195638918,0.027945921916843506,0.001046847893308398,0.876624,0.0250934,0.0020921,0.0020921,0.9,0.45,24506937.18200342,0.7155446472274737,0.02,2.8513086364127974e-06,-0.03386932666661291,-0.013614401904700469,0.02025492476191244
10,5,2,1.2076815691676541,0.02607971828476783,0.1509601961459568,0.0032599647855959795,1.3173800020593505,0.01706781654180994,0.0734471,1.30577,0.0800881,0.0800881,0.07500000000000001,0.55,24506937.18200342,0.7155446472274737,0.005,1.140523454565119e-05,-1.0567213730216973,0.09808843083234597,1.1548098038540433
10,5,3,0.9843985640196105,0.026335060258221875,0.12304982050245131,0.003291882532277735,1.1160089962183575,0.01639082179870129,0.124087,1.11343,0.0571149,0.0571149,0.125,0.55,24506937.18200342,0.7155446472274737,0.005,1.140523454565119e-05,-0.8613487435171592,0.12903143598038946,0.9903801794975486
10,5,4,0.8987490069260062,0.024756277927986813,0.11234362586575078,0.0030945347409983516,0.9959177790157969,0.014390976023702803,0.174248,0.975415,0.0551506,0.0551506,0.175,0.55,24506937.18200342,0.7155446472274737,0.005,1.140523454565119e-05,-0.7864053810602555,0.0766659930739938,0.8630713741342493
10,5,5,0.7070295113385301,0.01650350058510305,0.08837868891731626,0.0020629375731378813,0.7350873835861605,0.008032207355902241,0.247524,0.734132,0.0321946,0.0321946,0.25,0.55,24506937.18200342,0.7155446472274737,0.01,5.702617272825595e-06,-0.6186508224212138,0.027102488661469915,0.6457533110826837
10,5,6,0.46579198961708584,0.011163489564899279,0.05822399870213573,0.0013954361956124098,0.49716360672132476,0.005757941243318439,0.346942,0.486721,0.0248914,0.0248914,0.35,0.55,24506937.18200342,0.7155446472274737,0.01,5.702617272825595e-06,-0.4075679909149501,0.02092901038291417,0.4284970012978643
10,5,7,0.305151608978023,0.00855296235973413,0.03814395112225288,0.0010691202949667663,0.3262810959801691,0.004498510947595828,0.445994,0.323903,0.0155056,0.0155056,0.45,0.55,24506937.18200342,0.7155446472274737,0.01,5.702617272825595e-06,-0.26700765785577013,0.018751391021976982,0.2857590488777471
10,5,8,0.15589037425358213,0.003955472120622854,0.019486296781697766,0.0004944340150778568,0.18144327713300293,0.002605143348466567,0.564579,0.173984,0.00812813,0.00812813,0.575,0.55,24506937.18200342,0.7155446472274737,0.015,3.801744848550397e-06,-0.13640407747188435,0.018093625746417874,0.15449770321830222
10,5,9,0.05661677571263189,0.001273876554635982,0.0070770969640789865,0.00015923456932949776,0.07393707998724196,0.0016023596050100764,0.712985,0.0676724,0.00365968,0.00365968,0.7250000000000001,0.55,24506937.18200342,0.7155446472274737,0.015,3.801744848550397e-06,-0.049539678748552904,0.011055624287368102,0.060595303035921005
10,5,10,0.018211025158261566,0.0007647115918262639,0.0022763781447826957,9.558894897828299e-05,0.020507919601487498,0.0007025946588954291,0.876741,0.0181956,0.00123553,0.00123553,0.9,0.55,24506937.18200342,0.7155446472274737,0.02,2.8513086364127974e-06,-0.01593464701347887,-1.5425158261566513e-05,0.015919221855217304
10,6,2,0.7942145037978295,0.01790932453399073,0.09927681297472869,0.0022386655667488414,0.8018537282101532,0.010969123217218896,0.0732214,0.802592,0.0416674,0.0416674,0.07500000000000001,0.6499999999999999,24506937.18200342,0.7155446472274737,0.005,1.140523454565119e-05,-0.6949376908231009,0.008377496202170431,0.7033151870252713
10,6,3,0.5830871261067022,0.01602784838259745,0.07288589076333778,0.0020034810478246814,0.6893054383911783,0.01063665143319192,0.123755,0.668418,0.0368734,0.0368734,0.125,0.6499999999999999,24506937.18200342,0.7155446472274737,0.005,1.140523454565119e-05,-0.5102012353433645,0.08533087389329774,0.5955321092366622
10,6,4,0.4464055262994965,0.012496088738586403,0.05580069078743706,0.0015620110923233003,0.6073960545770974,0.009902090804185347,0.174146,0.589372,0.0356881,0.0356881,0.175,0.6499999999999999,24506937.18200342,0.7155446472274737,0.005,1.140523454565119e-05,-0.39060483551205943,0.14296647370050353,0.5335713092125629
10,6,5,0.33866361711766235,0.006456729049945696,0.042332952139707794,0.000807091131243212,0.4534118771836914,0.005940634031149494,0.246792,0.44692,0.0272982,0.0272982,0.25,0.6499999999999999,24506937.18200342,0.7155446472274737,0.01,5.702617272825595e-06,-0.29633066497795457,0.10825638288233763,0.4045870478602922
10,6,6,0.28748709045525017,0.011071709672456635,0.03593588630690628,0.0013839637090570793,0.29245563938861363,0.004335955862195693,0.346549,0.281162,0.0150323,0.0150323,0.35,0.6499999999999999,24506937.18200342,0.7155446472274737,0.01,5.702617272825595e-06,-0.25155120414834387,-0.006325090455250149,0.24522611369309374
10,6,7,0.17349491832324185,0.00772066314617153,0.02168686479040523,0.0009650828932714412,0.16944791290712352,0.0031372203133656095,0.446151,0.159723,0.0106719,0.0106719,0.45,0.6499999999999999,24506937.18200342,0.7155446472274737,0.01,5.702617272825595e-06,-0.1518080535328366,-0.013771918323241844,0.13803613520959476
10,6,8,0.07044575759087371,0.003425061319752711,0.008805719698859214,0.0004281326649690888,0.08028443045777611,0.0016106543684707708,0.562161,0.0738693,0.00449948,0.00449948,0.575,0.6499999999999999,24506937.18200342,0.7155446472274737,0.015,3.801744848550397e-06,-0.0616400378920145,0.00342354240912629,0.06506358030114079
10,6,9,0.020481619644336348,0.0007272234179369121,0.0025602024555420435,9.090292724211401e-05,0.028561382695914413,0.0009512831433596343,0.709375,0.0224636,0.0021466,0.0021466,0.7250000000000001,0.6499999999999999,24506937.18200342,0.7155446472274737,0.015,3.801744848550397e-06,-0.017921417188794305,0.0019819803556636525,0.019903397544457958
10,6,10,0.005895641334114133,0.00037259536708869097,0.0007369551667642666,4.657442088608637e-05,0.008073263161811589,0.000491588223664088,0.864976,0.00486535,0.00046794,0.00046794,0.9,0.6499999999999999,24506937.18200342,0.7155446472274737,0.02,2.8513086364127974e-06,-0.005158686167349867,-0.001030291334114133,0.0041283948332357335
10,7,2,0.34466161059256867,0.008160962609645224,0.043082701324071083,0.001020120326205653,0.3463157163417659,0.005992693082694717,0.0729433,0.328982,0.029659,0.029659,0.07500000000000001,0.75,24506937.18200342,0.7155446472274737,0.005,1.140523454565119e-05,-0.30157890926849756,-0.01567961059256867,0.2858992986759289
10,7,3,0.24110888826865112,0.011421415700018424,0.03013861103358139,0.0014276769625023028,0.2632272946787168,0.0058228759384416386,0.123124,0.246752,0.0202456,0.0202456,0.125,0.75,24506937.18200342,0.7155446472274737,0.005,1.140523454565119e-05,-0.21097027723506973,0.0056431117313488766,0.2166133889664186
10,7,4,0.15732875692472273,0.006844777253778562,0.019666094615590345,0.0008555971567223203,0.20760743065659312,0.005406426398924068,0.173406,0.187949,0.0145877,0.0145877,0.175,0.75,24506937.18200342,0.7155446472274737,0.005,1.140523454565119e-05,-0.13766266230913238,0.030620243075277276,0.16828290538440965
10,7,5,0.09135220997115089,0.003500273633993587,0.01141902624639386,0.0004375342042491984,0.12734877240975845,0.0029739411558224946,0.243822,0.113895,0.00935711,0.00935711,0.25,0.75,24506937.18200342,0.7155446472274737,0.01,5.702617272825595e-06,-0.07993318372475702,0.02254279002884911,0.10247597375360613
10,7,6,0.045198462003198804,0.0023607082347178285,0.0056498077503998505,0.00029508852933972856,0.0613384355311975,0.001997534358368663,0.343485,0.0512239,0.00472135,0.00472135,0.35,0.75,24506937.18200342,0.7155446472274737,0.01,5.702617272825595e-06,-0.03954865425279895,0.006025437996801199,0.04557409224960015
10,7,7,0.01601326174397084,0.0009233861146087024,0.002001657717996355,0.0001154232643260878,0.024561936758093903,0.001307499593465437,0.441336,0.017919,0.00243699,0.00243699,0.45,0.75,24506937.18200342,0.7155446472274737,0.01,5.702617272825595e-06,-0.014011604025974485,0.0019057382560291602,0.015917342282003647
10,7,8,0.0049457028146298035,0.0004037132434355125,0.0006182128518287253,5.0464155429439064e-05,0.008736037034485293,0.0006649099234788661,0.552559,0.0060561,0.00160959,0.00160959,0.575,0.75,24506937.18200342,0.7155446472274737,0.015,3.801744848550397e-06,-0.004327489962801078,0.0011103971853701966,0.0054378871481712745
10,7,9,,,0.0,0.0,0.0,0.0,,,,,0.7250000000000001,0.75,24506937.18200342,0.7155446472274737,0.015,3.801744848550397e-06,,,
10,7,10,,,0.0,0.0,0.0,0.0,,,,,0.9,0.75,24506937.18200342,0.7155446472274737,0.02,2.8513086364127974e-06,,,
11,2,2,10.89754355839022,0.34385766032202747,1.3621929447987775,0.042982207540253434,10.774454388736562,0.2479211665377411,0.0721383,11.3633,2.1024,2.1024,0.07500000000000001,0.25,14613102.328177188,0.716506978260699,0.005,1.910148561512372e-05,-9.535350613591442,0.4657564416097806,10.001107055201222
11,2,3,9.130980620158176,0.28953013759217083,1.141372577519772,0.036191267199021354,8.888096161679112,0.19754393479985313,0.123611,8.58726,1.29792,1.29792,0.125,0.25,14613102.328177188,0.716506978260699,0.005,1.910148561512372e-05,-7.989608042638404,-0.5437206201581759,7.4458874224802285
11,2,4,8.60746731032333,0.5577351209703891,1.0759334137904162,0.06971689012129866,7.2671895348707265,0.15966192975974935,0.173261,6.82943,0.748917,0.748917,0.175,0.25,14613102.328177188,0.716506978260699,0.005,1.910148561512372e-05,-7.531533896532913,-1.7780373103233291,5.753496586209584
11,2,5,3.167048181136178,0.09257625976562844,0.39588102264202224,0.011572032470703557,4.01878701776939,0.09539513550086229,0.23909,3.74446,0.365016,0.365016,0.25,0.25,14613102.328177188,0.716506978260699,0.01,9.55074280756186e-06,-2.7711671584941557,0.5774118188638222,3.348578977357978
11,2,6,1.331022975716523,0.10059042527898601,0.16637787196456538,0.012573803159873252,1.961970821394382,0.10287673871361218,0.332918,1.73803,0.276483,0.276483,0.35,0.25,14613102.328177188,0.716506978260699,0.01,9.55074280756186e-06,-1.1646451037519576,0.4070070242834769,1.5716521280354345
11,2,7,,,0.0,0.0,0.0,0.0,,,,,0.45,0.25,14613102.328177188,0.716506978260699,0.01,9.55074280756186e-06,,,
11,2,8,,,0.0,0.0,0.0,0.0,,,,,0.575,0.25,14613102.328177188,0.716506978260699,0.015,6.367161871707908e-06,,,
11,2,9,,,0.0,0.0,0.0,0.0,,,,,0.7250000000000001,0.25,14613102.328177188,0.716506978260699,0.015,6.367161871707908e-06,,,
11,2,10,,,0.0,0.0,0.0,0.0,,,,,0.9,0.25,14613102.328177188,0.716506978260699,0.02,4.77537140378093e-06,,,
11,3,2,4.935884564260445,0.07798812627688616,0.6169855705325556,0.00974851578461077,4.9827322943102885,0.07921988548727976,0.0728131,5.05598,0.367464,0.367464,0.07500000000000001,0.35,14613102.328177188,0.716506978260699,0.005,1.910148561512372e-05,-4.318898993727889,0.12009543573955472,4.438994429467444
11,3,3,4.004528825775809,0.08698536311778944,0.5005661032219761,0.01087317038972368,4.126311465349436,0.06137539106559475,0.123582,4.12154,0.288025,0.288025,0.125,0.35,14613102.328177188,0.716506978260699,0.005,1.910148561512372e-05,-3.5039627225538332,0.11701117422419127,3.6209738967780245
11,3,4,3.5254247682463595,0.07222699369890659,0.44067809603079494,0.009028374212363325,3.3876377346299322,0.05291259989807519,0.173978,3.32764,0.175463,0.175463,0.175,0.35,14613102.328177188,0.716506978260699,0.005,1.910148561512372e-05,-3.0847466722155645,-0.19778476824635938,2.886961903969205
11,3,5,2.2856608042641895,0.0439784628319794,0.2857076005330237,0.005497307853997425,2.227173513268451,0.031485043023072715,0.244341,2.22377,0.122109,0.122109,0.25,0.35,14613102.328177188,0.716506978260699,0.01,9.55074280756186e-06,-1.9999532037311658,-0.06189080426418947,1.9380623994669763
11,3,6,1.1551198176675719,0.05246333451732786,0.14438997720844648,0.006557916814665983,1.2198723130085336,0.021798680661250625,0.342723,1.18319,0.0815871,0.0815871,0.35,0.35,14613102.328177188,0.716506978260699,0.01,9.55074280756186e-06,-1.0107298404591254,0.028070182332428084,1.0388000227915535
11,3,7,0.4705499516667692,0.017281599157849988,0.058818743958346166,0.002160199894731248,0.5908887812143379,0.01773783662175912,0.441501,0.549229,0.0401913,0.0401913,0.45,0.35,14613102.328177188,0.716506978260699,0.01,9.55074280756186e-06,-0.41173120770842303,0.07867904833323075,0.4904102560416538
11,3,8,0.1671274939727812,0.011766687068990197,0.02089093674659765,0.0014708358836237746,0.20137214151208357,0.010087410480179875,0.550493,0.182179,0.0210181,0.0210181,0.575,0.35,14613102.328177188,0.716506978260699,0.015,6.367161871707908e-06,-0.14623655722618356,0.015051506027218803,0.16128806325340236
11,3,9,,,0.0,0.0,0.0,0.0,,,,,0.7250000000000001,0.35,14613102.328177188,0.716506978260699,0.015,6.367161871707908e-06,,,
11,3,10,,,0.0,0.0,0.0,0.0,,,,,0.9,0.35,14613102.328177188,0.716506978260699,0.02,4.77537140378093e-06,,,
11,4,2,2.5467550317486722,0.04285591513423305,0.31834437896858403,0.005356989391779131,2.6938229433815213,0.03497237499725748,0.0734631,2.63184,0.157638,0.157638,0.07500000000000001,0.45,14613102.328177188,0.716506978260699,0.005,1.910148561512372e-05,-2.228410652780088,0.08508496825132772,2.313495621031416
11,4,3,2.243291565079665,0.04014262139783143,0.28041144563495807,0.005017827674728929,2.331997366356938,0.03423112720534111,0.123582,2.25948,0.118461,0.118461,0.125,0.45,14613102.328177188,0.716506978260699,0.005,1.910148561512372e-05,-1.962880119444707,0.01618843492033495,1.979068554365042
11,4,4,1.801881719977105,0.03893757101227624,0.2252352149971381,0.004867196376534529,1.8562244157257504,0.029077917329528122,0.173816,1.8318,0.0934946,0.0934946,0.175,0.45,14613102.328177188,0.716506978260699,0.005,1.910148561512372e-05,-1.5766465049799667,0.029918280022895205,1.606564785002862
11,4,5,1.2592959132750186,0.023909463108181244,0.15741198915937732,0.0029886828885226564,1.2892824658698312,0.016311715198420073,0.245598,1.2872,0.0535195,0.0535195,0.25,0.45,14613102.328177188,0.716506978260699,0.01,9.55074280756186e-06,-1.1018839241156413,0.027904086724981347,1.1297880108406226
11,4,6,0.7537415909062279,0.015640201715400797,0.09421769886327848,0.0019550252144250996,0.7354149069906041,0.011601989199901441,0.344962,0.720506,0.0279543,0.0279543,0.35,0.45,14613102.328177188,0.716506978260699,0.01,9.55074280756186e-06,-0.6595238920429495,-0.03323559090622796,0.6262883011367215
11,4,7,0.43844968506018206,0.01567654978643036,0.05480621063252276,0.001959568723303795,0.40828266696349835,0.00910403092171656,0.443545,0.389106,0.0235737,0.0235737,0.45,0.45,14613102.328177188,0.716506978260699,0.01,9.55074280756186e-06,-0.3836434744276593,-0.04934368506018205,0.33429978936747723
11,4,8,0.10679940570827055,0.0043960973210604316,0.01334992571353382,0.0005495121651325539,0.13859112755403635,0.004248481231170377,0.557524,0.133528,0.010066,0.010066,0.575,0.45,14613102.328177188,0.716506978260699,0.015,6.367161871707908e-06,-0.09344947999473674,0.026728594291729454,0.1201780742864662
11,4,9,0.009560947038449301,0.0009098787526244148,0.0011951183798061627,0.00011373484407805184,0.017706079026925007,0.0015375675786948072,0.703733,0.0189313,0.00495668,0.00495668,0.7250000000000001,0.45,14613102.328177188,0.716506978260699,0.015,6.367161871707908e-06,-0.008365828658643139,0.0093703529615507,0.017736181620193837
11,4,10,,,0.0,0.0,0.0,0.0,,,,,0.9,0.45,14613102.328177188,0.716506978260699,0.02,4.77537140378093e-06,,,
11,5,2,1.4662767559957415,0.02684811958719901,0.18328459449946763,0.003356014948399876,1.5643973880512194,0.021191258506590094,0.073049,1.56782,0.0834916,0.0834916,0.07500000000000001,0.55,14613102.328177188,0.716506978260699,0.005,1.910148561512372e-05,-1.2829921614962738,0.10154324400425851,1.3845354055005323
11,5,3,1.2508884325152219,0.029326706188781946,0.15636105406440268,0.003665838273597743,1.3512743895353898,0.020950787473807644,0.12353,1.31113,0.070365,0.070365,0.125,0.55,14613102.328177188,0.716506978260699,0.005,1.910148561512372e-05,-1.0945273784508192,0.06024156748477805,1.1547689459355972
11,5,4,0.9484658657759497,0.023047593234248816,0.11855823322199371,0.002880949154281102,1.0249057202834577,0.01815914632617399,0.173728,0.983112,0.078712,0.078712,0.175,0.55,14613102.328177188,0.716506978260699,0.005,1.910148561512372e-05,-0.829907632553956,0.03464613422405027,0.8645537667780063
11,5,5,0.7194394594912921,0.014598746570038547,0.08992993243641151,0.0018248433212548181,0.7530346247823029,0.010461226236336853,0.245753,0.733494,0.0413668,0.0413668,0.25,0.55,14613102.328177188,0.716506978260699,0.01,9.55074280756186e-06,-0.6295095270548805,0.014054540508707913,0.6435640675635885
11,5,6,0.415234754191891,0.010698529548789026,0.05190434427398637,0.0013373161935986285,0.4325640987258989,0.00744228870795001,0.344758,0.410247,0.0199663,0.0199663,0.35,0.55,14613102.328177188,0.716506978260699,0.01,9.55074280756186e-06,-0.3633304099179046,-0.004987754191891014,0.3583426557260136
11,5,7,0.21501861641868342,0.007935427246394672,0.026877327052335424,0.000991928405799334,0.2100020267823051,0.004974524918634444,0.442861,0.192106,0.0100283,0.0100283,0.45,0.55,14613102.328177188,0.716506978260699,0.01,9.55074280756186e-06,-0.188141289366348,-0.022912616418683418,0.16522867294766458
11,5,8,0.05168500459575005,0.0021146223637497955,0.006460625574468756,0.00026432779546872444,0.06230784830094592,0.0022192967523126067,0.553857,0.0555129,0.00297298,0.00297298,0.575,0.55,14613102.328177188,0.716506978260699,0.015,6.367161871707908e-06,-0.0452243790212813,0.003827895404249944,0.04905227442553124
11,5,9,0.009237173055448184,0.0017720884316244124,0.001154646631931023,0.00022151105395305155,0.008852395250802754,0.0010853313606351343,0.698889,0.00592008,0.00113757,0.00113757,0.7250000000000001,0.55,14613102.328177188,0.716506978260699,0.015,6.367161871707908e-06,-0.00808252642351716,-0.0033170930554481835,0.0047654333680689775
11,5,10,,,0.0,0.0,0.0,0.0,,,,,0.9,0.55,14613102.328177188,0.716506978260699,0.02,4.77537140378093e-06,,,
11,6,2,0.7857476659520491,0.015261401047297899,0.09821845824400616,0.0019076751309122374,0.8021448131112402,0.012757304670729514,0.0727021,0.788181,0.0457617,0.0457617,0.07500000000000001,0.6499999999999999,14613102.328177188,0.716506978260699,0.005,1.910148561512372e-05,-0.687529207708043,0.0024333340479508747,0.6899625417559938
11,6,3,0.6185613540492686,0.018989261633230222,0.07732016925615857,0.0023736577041537773,0.652450019344003,0.012658377538916249,0.123145,0.631657,0.0395225,0.0395225,0.125,0.6499999999999999,14613102.328177188,0.716506978260699,0.005,1.910148561512372e-05,-0.54124118479311,0.013095645950731427,0.5543368307438414
11,6,4,0.399174713742029,0.014133924856217592,0.04989683921775363,0.0017667406070271988,0.48953351964544295,0.011288402920514657,0.173374,0.467957,0.0303325,0.0303325,0.175,0.6499999999999999,14613102.328177188,0.716506978260699,0.005,1.910148561512372e-05,-0.3492778745242754,0.068782286257971,0.4180601607822464
11,6,5,0.24119939355497672,0.009373426456531359,0.030149924194372086,0.0011716783070664198,0.2776155088767097,0.005797578023446545,0.243623,0.257686,0.0163063,0.0163063,0.25,0.6499999999999999,14613102.328177188,0.716506978260699,0.01,9.55074280756186e-06,-0.21104946936060462,0.01648660644502331,0.22753607580562793
11,6,6,0.10532349297257346,0.005124129164055046,0.013165436621571682,0.0006405161455068808,0.12191182772044484,0.0036924850424776305,0.34126,0.10464,0.00554865,0.00554865,0.35,0.6499999999999999,14613102.328177188,0.716506978260699,0.01,9.55074280756186e-06,-0.09215805635100177,-0.0006834929725734601,0.09147456337842831
11,6,7,0.02881129371085182,0.0016902756142305932,0.0036014117138564775,0.00021128445177882415,0.03902877390055923,0.0020694402199023525,0.438999,0.030312,0.00294969,0.00294969,0.45,0.6499999999999999,14613102.328177188,0.716506978260699,0.01,9.55074280756186e-06,-0.025209881996995344,0.0015007062891481786,0.026710588286143522
11,6,8,0.0045812882221523575,0.0006674081987850694,0.0005726610277690447,8.342602484813367e-05,0.005229926976644956,0.0007165794787956452,0.542345,0.00446826,0.000829515,0.000829515,0.575,0.6499999999999999,14613102.328177188,0.716506978260699,0.015,6.367161871707908e-06,-0.004008627194383313,-0.00011302822215235753,0.003895598972230955
11,6,9,,,0.0,0.0,0.0,0.0,,,,,0.7250000000000001,0.6499999999999999,14613102.328177188,0.716506978260699,0.015,6.367161871707908e-06,,,
11,6,10,,,0.0,0.0,0.0,0.0,,,,,0.9,0.6499999999999999,14613102.328177188,0.716506978260699,0.02,4.77537140378093e-06,,,
11,7,2,0.12961438187690238,0.005990546241899149,0.016201797734612798,0.0007488182802373936,0.1193696402834331,0.004355327068184952,0.0714516,0.0987398,0.00903688,0.00903688,0.07500000000000001,0.75,14613102.328177188,0.716506978260699,0.005,1.910148561512372e-05,-0.11341258414228958,-0.030874581876902382,0.08253800226538721
11,7,3,0.0513424126943918,0.004011284929419213,0.006417801586798975,0.0005014106161774016,0.07232528434775128,0.0041845978707873484,0.121317,0.0507035,0.00644914,0.00644914,0.125,0.75,14613102.328177188,0.716506978260699,0.005,1.910148561512372e-05,-0.04492461110759283,-0.0006389126943917994,0.04428569841320103
11,7,4,0.018297872220133883,0.0020436879454879945,0.0022872340275167354,0.0002554609931859993,0.03695737924468598,0.00344741465724437,0.171923,0.0266255,0.00672715,0.00672715,0.175,0.75,14613102.328177188,0.716506978260699,0.005,1.910148561512372e-05,-0.01601063819261715,0.008327627779866117,0.024338265972483265
11,7,5,0.003901575242040978,0.0005695552172368772,0.0004876969052551222,7.119440215460966e-05,0.011745764670543694,0.0016779714425096664,0.235123,0.0076939,0.00189967,0.00189967,0.25,0.75,14613102.328177188,0.716506978260699,0.01,9.55074280756186e-06,-0.0034138783367858557,0.003792324757959022,0.007206203094744878
11,7,6,,,0.0,0.0,0.0,0.0,,,,,0.35,0.75,14613102.328177188,0.716506978260699,0.01,9.55074280756186e-06,,,
11,7,7,,,0.0,0.0,0.0,0.0,,,,,0.45,0.75,14613102.328177188,0.716506978260699,0.01,9.55074280756186e-06,,,
11,7,8,,,0.0,0.0,0.0,0.0,,,,,0.575,0.75,14613102.328177188,0.716506978260699,0.015,6.367161871707908e-06,,,
11,7,9,,,0.0,0.0,0.0,0.0,,,,,0.7250000000000001,0.75,14613102.328177188,0.716506978260699,0.015,6.367161871707908e-06,,,
11,7,10,,,0.0,0.0,0.0,0.0,,,,,0.9,0.75,14613102.328177188,0.716506978260699,0.02,4.77537140378093e-06,,,
12,2,2,11.706117505792037,0.8224178946288314,1.4632646882240046,0.10280223682860393,10.401495307838742,0.4980510241621798,0.0715369,10.4492,1.87963,1.87963,0.07500000000000001,0.25,18362570.536492493,0.7513620239161296,0.005,1.4495969877006826e-05,-10.242852817568032,-1.2569175057920372,8.985935311775995
12,2,3,6.288252596728402,0.29994406705432586,0.7860315745910501,0.03749300838179073,8.579702636752936,0.3291740597466401,0.12355,7.94619,1.17451,1.17451,0.125,0.25,18362570.536492493,0.7513620239161296,0.005,1.4495969877006826e-05,-5.502221022137352,1.6579374032715979,7.16015842540895
12,2,4,3.9193330394178116,0.3131750055332483,0.48991662992722645,0.03914687569165604,5.73066769462067,0.23351460792232026,0.173195,5.27686,0.670235,0.670235,0.175,0.25,18362570.536492493,0.7513620239161296,0.005,1.4495969877006826e-05,-3.4294164094905852,1.3575269605821885,4.786943370072773
12,2,5,1.3078708624743949,0.06151197129751887,0.16348385780929936,0.007688996412189859,2.612554040411492,0.11480237885679812,0.233166,2.67267,0.363157,0.363157,0.25,0.25,18362570.536492493,0.7513620239161296,0.01,7.247984938503413e-06,-1.1443870046650955,1.3647991375256052,2.5091861421907007
12,2,6,,,0.0,0.0,0.0,0.0,,,,,0.35,0.25,18362570.536492493,0.7513620239161296,0.01,7.247984938503413e-06,,,
12,2,7,,,0.0,0.0,0.0,0.0,,,,,0.45,0.25,18362570.536492493,0.7513620239161296,0.01,7.247984938503413e-06,,,
12,2,8,,,0.0,0.0,0.0,0.0,,,,,0.575,0.25,18362570.536492493,0.7513620239161296,0.015,4.831989959002275e-06,,,
12,2,9,,,0.0,0.0,0.0,0.0,,,,,0.7250000000000001,0.25,18362570.536492493,0.7513620239161296,0.015,4.831989959002275e-06,,,
12,2,10,,,0.0,0.0,0.0,0.0,,,,,0.9,0.25,18362570.536492493,0.7513620239161296,0.02,3.6239924692517065e-06,,,
12,3,2,4.878555872893593,0.09167946890149004,0.6098194841116992,0.011459933612686254,4.88262328951541,0.08750156582742186,0.0721733,5.08825,0.46711,0.46711,0.07500000000000001,0.35,18362570.536492493,0.7513620239161296,0.005,1.4495969877006826e-05,-4.268736388781894,0.209694127106407,4.478430515888301
12,3,3,3.8343744948815273,0.10068097226364256,0.4792968118601908,0.01258512153295532,3.9077939355978795,0.07533316555257981,0.123008,4.04023,0.387164,0.387164,0.125,0.35,18362570.536492493,0.7513620239161296,0.005,1.4495969877006826e-05,-3.3550776830213365,0.20585550511847295,3.5609331881398094
12,3,4,3.6572765030812637,0.24304003032232938,0.457159562885158,0.030380003790291172,3.399511897142844,0.06422089639486071,0.173733,3.43192,0.295129,0.295129,0.175,0.35,18362570.536492493,0.7513620239161296,0.005,1.4495969877006826e-05,-3.200116940196106,-0.22535650308126387,2.974760437114842
12,3,5,1.307938786135754,0.02867663150243243,0.16349234826696923,0.0035845789378040538,1.8085277491664253,0.02929524278365245,0.242508,1.86043,0.121612,0.121612,0.25,0.35,18362570.536492493,0.7513620239161296,0.01,7.247984938503413e-06,-1.1444464378687849,0.5524912138642459,1.6969376517330308
12,3,6,0.4512411401821923,0.021337850261222282,0.05640514252277404,0.0026672312826527857,0.570371255122054,0.016702685218642002,0.338017,0.572898,0.0501541,0.0501541,0.35,0.35,18362570.536492493,0.7513620239161296,0.01,7.247984938503413e-06,-0.39483599765941824,0.12165685981780772,0.516492857477226
12,3,7,0.06479366418690449,0.006015986238497821,0.008099208023363062,0.0007519982798122277,0.13638128047823667,0.009320026631863772,0.436334,0.137415,0.0255767,0.0255767,0.45,0.35,18362570.536492493,0.7513620239161296,0.01,7.247984938503413e-06,-0.056694456163541435,0.07262133581309552,0.12931579197663695
12,3,8,,,0.0,0.0,0.0,0.0,0.535361,0.0225526,0.0141357,0.0141357,0.575,0.35,18362570.536492493,0.7513620239161296,0.015,4.831989959002275e-06,,,0.0225526
12,3,9,,,0.0,0.0,0.0,0.0,,,,,0.7250000000000001,0.35,18362570.536492493,0.7513620239161296,0.015,4.831989959002275e-06,,,
12,3,10,,,0.0,0.0,0.0,0.0,,,,,0.9,0.35,18362570.536492493,0.7513620239161296,0.02,3.6239924692517065e-06,,,
12,4,2,2.665835596766032,0.040895659294432916,0.333229449595754,0.0051119574118041146,2.7191559071384677,0.039284204825157584,0.0725453,2.79667,0.152269,0.152269,0.07500000000000001,0.45,18362570.536492493,0.7513620239161296,0.005,1.4495969877006826e-05,-2.332606147170278,0.1308344032339681,2.463440550404246
12,4,3,2.0341102796244948,0.0338648498702947,0.25426378495306184,0.0042331062337868375,2.029953377993671,0.03271822107727862,0.123027,2.03631,0.136276,0.136276,0.125,0.45,18362570.536492493,0.7513620239161296,0.005,1.4495969877006826e-05,-1.779846494671433,0.0021997203755050876,1.782046215046938
12,4,4,1.4031620966646772,0.03109016905525256,0.17539526208308465,0.00388627113190657,1.4477066124541986,0.027552957231320396,0.17305,1.4756,0.0938074,0.0938074,0.175,0.45,18362570.536492493,0.7513620239161296,0.005,1.4495969877006826e-05,-1.2277668345815926,0.07243790333532285,1.3002047379169155
12,4,5,0.8143660278709605,0.02382096649439259,0.10179575348387006,0.002977620811799074,0.8159298402257261,0.01371784797638479,0.243326,0.824834,0.0357722,0.0357722,0.25,0.45,18362570.536492493,0.7513620239161296,0.01,7.247984938503413e-06,-0.7125702743870904,0.010467972129039493,0.7230382465161299
12,4,6,0.2084895950767794,0.006958432948646867,0.02606119938459742,0.0008698041185808584,0.28382287523643024,0.007234609909336701,0.340786,0.290063,0.0225276,0.0225276,0.35,0.45,18362570.536492493,0.7513620239161296,0.01,7.247984938503413e-06,-0.18242839569218197,0.08157340492322063,0.26400180061540257
12,4,7,0.04757401629900968,0.0035210523725762864,0.00594675203737621,0.00044013154657203586,0.06900588286031188,0.003553742410720356,0.437805,0.0636278,0.00697045,0.00697045,0.45,0.45,18362570.536492493,0.7513620239161296,0.01,7.247984938503413e-06,-0.04162726426163347,0.016053783700990316,0.057681047962623785
12,4,8,0.0011009168825027488,0.0003109348983647856,0.00013761461031284363,3.88668622955982e-05,0.003757888927150484,0.0010613506162003758,0.53483,0.00604452,0.0020603,0.0020603,0.575,0.45,18362570.536492493,0.7513620239161296,0.015,4.831989959002275e-06,-0.0009633022721899051,0.004943603117497251,0.005906905389687156
12,4,9,,,0.0,0.0,0.0,0.0,,,,,0.7250000000000001,0.45,18362570.536492493,0.7513620239161296,0.015,4.831989959002275e-06,,,
12,4,10,,,0.0,0.0,0.0,0.0,,,,,0.9,0.45,18362570.536492493,0.7513620239161296,0.02,3.6239924692517065e-06,,,
12,5,2,1.2015473559685794,0.01778437741778954,0.15019341949607243,0.002223047177223692,1.2457042734994437,0.016406555491688648,0.0719548,1.26276,0.0747961,0.0747961,0.07500000000000001,0.55,18362570.536492493,0.7513620239161296,0.005,1.4495969877006826e-05,-1.051353936472507,0.06121264403142068,1.1125665805039278
12,5,3,0.8230730528616667,0.01752386359919747,0.10288413160770836,0.0021904829498996833,0.8574211279624901,0.016205200264111964,0.122505,0.843456,0.0504025,0.0504025,0.125,0.55,18362570.536492493,0.7513620239161296,0.005,1.4495969877006826e-05,-0.7201889212539583,0.02038294713833333,0.7405718683922916
12,5,4,0.48861923383533057,0.014456848612982989,0.06107740422941632,0.001807106076622874,0.5098787248821469,0.012480237712621498,0.172707,0.48967,0.0353641,0.0353641,0.175,0.55,18362570.536492493,0.7513620239161296,0.005,1.4495969877006826e-05,-0.42754182960591425,0.0010507661646694255,0.4285925957705837
12,5,5,0.2460572282040272,0.006747554252358368,0.0307571535255034,0.000843444281544796,0.2508743012962342,0.00594038178694443,0.241391,0.242173,0.0199778,0.0199778,0.25,0.55,18362570.536492493,0.7513620239161296,0.01,7.247984938503413e-06,-0.2153000746785238,-0.0038842282040272014,0.2114158464744966
12,5,6,0.06545502649554297,0.00427559560801868,0.008181878311942871,0.000534449451002335,0.07190605901376246,0.0031687790869981665,0.338297,0.0684973,0.00563352,0.00563352,0.35,0.55,18362570.536492493,0.7513620239161296,0.01,7.247984938503413e-06,-0.057273148183600096,0.00304227350445703,0.060315421688057126
12,5,7,0.007972216048257279,0.0008527896352797855,0.0009965270060321599,0.0001065987044099732,0.019606626463647837,0.0020818005421172686,0.434041,0.0145195,0.00449661,0.00449661,0.45,0.55,18362570.536492493,0.7513620239161296,0.01,7.247984938503413e-06,-0.006975689042225119,0.00654728395174272,0.01352297299396784
12,5,8,,,0.0,0.0,0.0,0.0,,,,,0.575,0.55,18362570.536492493,0.7513620239161296,0.015,4.831989959002275e-06,,,
12,5,9,,,0.0,0.0,0.0,0.0,,,,,0.7250000000000001,0.55,18362570.536492493,0.7513620239161296,0.015,4.831989959002275e-06,,,
12,5,10,,,0.0,0.0,0.0,0.0,,,,,0.9,0.55,18362570.536492493,0.7513620239161296,0.02,3.6239924692517065e-06,,,
12,6,2,0.24859203599413443,0.006636719440167183,0.031074004499266804,0.000829589930020898,0.25182232819859574,0.0058488359298909266,0.0715002,0.236363,0.0174227,0.0174227,0.07500000000000001,0.6499999999999999,18362570.536492493,0.7513620239161296,0.005,1.4495969877006826e-05,-0.21751803149486762,-0.01222903599413444,0.20528899550073318
12,6,3,0.15501601472926704,0.00841737398195548,0.01937700184115838,0.001052171747744435,0.15392303915052175,0.005285249557667727,0.121345,0.137731,0.0127318,0.0127318,0.125,0.6499999999999999,18362570.536492493,0.7513620239161296,0.005,1.4495969877006826e-05,-0.13563901288810867,-0.01728501472926705,0.11835399815884161
12,6,4,0.04723467071956703,0.0035763206354773995,0.005904333839945878,0.0004470400794346749,0.06979296111817308,0.003971454209857535,0.171225,0.0570473,0.00682647,0.00682647,0.175,0.6499999999999999,18362570.536492493,0.7513620239161296,0.005,1.4495969877006826e-05,-0.04133033687962115,0.009812629280432972,0.05114296616005412
12,6,5,0.016694378575551394,0.0014084751588883217,0.0020867973219439243,0.0001760593948610402,0.027733610664740324,0.0019120775604054296,0.236332,0.019515,0.00324513,0.00324513,0.25,0.6499999999999999,18362570.536492493,0.7513620239161296,0.01,7.247984938503413e-06,-0.01460758125360747,0.002820621424448607,0.017428202678056077
12,6,6,,,0.0,0.0,0.0,0.0,,,,,0.35,0.6499999999999999,18362570.536492493,0.7513620239161296,0.01,7.247984938503413e-06,,,
12,6,7,,,0.0,0.0,0.0,0.0,,,,,0.45,0.6499999999999999,18362570.536492493,0.7513620239161296,0.01,7.247984938503413e-06,,,
12,6,8,,,0.0,0.0,0.0,0.0,,,,,0.575,0.6499999999999999,18362570.536492493,0.7513620239161296,0.015,4.831989959002275e-06,,,
12,6,9,,,0.0,0.0,0.0,0.0,,,,,0.7250000000000001,0.6499999999999999,18362570.536492493,0.7513620239161296,0.015,4.831989959002275e-06,,,
12,6,10,,,0.0,0.0,0.0,0.0,,,,,0.9,0.6499999999999999,18362570.536492493,0.7513620239161296,0.02,3.6239924692517065e-06,,,
12,7,2,,,0.0,0.0,0.0,0.0,,,,,0.07500000000000001,0.75,18362570.536492493,0.7513620239161296,0.005,1.4495969877006826e-05,,,
12,7,3,,,0.0,0.0,0.0,0.0,,,,,0.125,0.75,18362570.536492493,0.7513620239161296,0.005,1.4495969877006826e-05,,,
12,7,4,,,0.0,0.0,0.0,0.0,,,,,0.175,0.75,18362570.536492493,0.7513620239161296,0.005,1.4495969877006826e-05,,,
12,7,5,,,0.0,0.0,0.0,0.0,,,,,0.25,0.75,18362570.536492493,0.7513620239161296,0.01,7.247984938503413e-06,,,
12,7,6,,,0.0,0.0,0.0,0.0,,,,,0.35,0.75,18362570.536492493,0.7513620239161296,0.01,7.247984938503413e-06,,,
12,7,7,,,0.0,0.0,0.0,0.0,,,,,0.45,0.75,18362570.536492493,0.7513620239161296,0.01,7.247984938503413e-06,,,
12,7,8,,,0.0,0.0,0.0,0.0,,,,,0.575,0.75,18362570.536492493,0.7513620239161296,0.015,4.831989959002275e-06,,,
12,7,9,,,0.0,0.0,0.0,0.0,,,,,0.7250000000000001,0.75,18362570.536492493,0.7513620239161296,0.015,4.831989959002275e-06,,,
12,7,10,,,0.0,0.0,0.0,0.0,,,,,0.9,0.75,18362570.536492493,0.7513620239161296,0.02,3.6239924692517065e-06,,,
13,2,2,8.420961868366659,0.28811294733618736,1.0526202335458323,0.03601411841702342,8.421528519402651,0.12230329178257043,,,,,0.07500000000000001,0.25,19445555.736416705,0.7702032427346662,0.005,1.3353782349730534e-05,-7.368341634820826,,
13,2,3,6.330056931734737,0.09381560654480263,0.7912571164668422,0.011726950818100329,6.433548232865278,0.07222878158940482,0.124578,6.94976,0.490132,0.490132,0.125,0.25,19445555.736416705,0.7702032427346662,0.005,1.3353782349730534e-05,-5.538799815267895,0.6197030682652631,6.158502883533158
13,2,4,4.818426083568477,0.054572205174075926,0.6023032604460596,0.006821525646759491,4.881299568162942,0.0504693610760888,0.174179,5.16854,0.30064,0.30064,0.175,0.25,19445555.736416705,0.7702032427346662,0.005,1.3353782349730534e-05,-4.216122823122418,0.350113916431523,4.566236739553941
13,2,5,2.962159160169075,0.027483561986332457,0.37026989502113444,0.003435445248291557,3.045163795448805,0.02519615895658426,0.245323,3.21705,0.169707,0.169707,0.25,0.25,19445555.736416705,0.7702032427346662,0.01,6.676891174865267e-06,-2.5918892651479406,0.25489083983092486,2.8467801049788655
13,2,6,1.6039388011037112,0.019004598112931766,0.20049235013796385,0.0023755747641164707,1.631465837581111,0.016656612259331783,0.343332,1.68122,0.106583,0.106583,0.35,0.25,19445555.736416705,0.7702032427346662,0.01,6.676891174865267e-06,-1.4034464509657474,0.0772811988962887,1.480727649862036
13,2,7,0.8699584437360242,0.014488805837040864,0.10874480546700302,0.001811100729630108,0.8592962148565031,0.013666824893194502,0.442258,0.871986,0.0639809,0.0639809,0.45,0.25,19445555.736416705,0.7702032427346662,0.01,6.676891174865267e-06,-0.7612136382690211,0.0020275562639758826,0.763241194532997
13,2,8,0.48535982213885703,0.01212677692684675,0.06066997776735713,0.0015158471158558437,0.45260454197802086,0.01057717436791268,0.553545,0.426505,0.0293993,0.0293993,0.575,0.25,19445555.736416705,0.7702032427346662,0.015,4.4512607832435124e-06,-0.4246898443714999,-0.05885482213885701,0.3658350222326429
13,2,9,0.20459682199804619,0.018938941338547722,0.025574602749755773,0.0023673676673184652,0.20467822190135845,0.015787240602851343,0.688895,0.169486,0.0429673,0.0429673,0.7250000000000001,0.25,19445555.736416705,0.7702032427346662,0.015,4.4512607832435124e-06,-0.17902221924829043,-0.03511082199804619,0.1439113972502442
13,2,10,,,0.0,0.0,0.0,0.0,,,,,0.9,0.25,19445555.736416705,0.7702032427346662,0.02,3.3384455874326335e-06,,,
13,3,2,3.8458609087275715,0.11062207441436488,0.48073261359094643,0.01382775930179561,3.8479983855453614,0.04942466329187602,0.0746938,3.90561,0.453273,0.453273,0.07500000000000001,0.35,19445555.736416705,0.7702032427346662,0.005,1.3353782349730534e-05,-3.365128295136625,0.059749091272428334,3.4248773864090536
13,3,3,2.9533555345281464,0.07957502600727683,0.3691694418160183,0.009946878250909603,3.1430021134710495,0.036979225215883295,0.12478,3.32766,0.266638,0.266638,0.125,0.35,19445555.736416705,0.7702032427346662,0.005,1.3353782349730534e-05,-2.584186092712128,0.3743044654718535,2.9584905581839815
13,3,4,2.5182124707669633,0.05390917178327642,0.3147765588458703,0.006738646472909553,2.547538695464832,0.028778639712613078,0.174599,2.6878,0.179319,0.179319,0.175,0.35,19445555.736416705,0.7702032427346662,0.005,1.3353782349730534e-05,-2.203435911921093,0.16958752923303688,2.37302344115413
13,3,5,1.7014433200426962,0.022859109324821596,0.21268041500533702,0.0028573886656026995,1.8141001900386773,0.014654515493883826,0.247204,1.88394,0.105296,0.105296,0.25,0.35,19445555.736416705,0.7702032427346662,0.01,6.676891174865267e-06,-1.4887629050373592,0.1824966799573038,1.671259584994663
13,3,6,1.015381805074961,0.013495423707063825,0.12692272563437013,0.001686927963382978,1.0803751531796546,0.011143480881610279,0.346753,1.13069,0.0674123,0.0674123,0.35,0.35,19445555.736416705,0.7702032427346662,0.01,6.676891174865267e-06,-0.8884590794405909,0.11530819492503896,1.0037672743656298
13,3,7,0.5748875909030581,0.00848075273860111,0.07186094886288226,0.0010600940923251388,0.6282512892588049,0.007061404860832133,0.446357,0.641943,0.0333445,0.0333445,0.45,0.35,19445555.736416705,0.7702032427346662,0.01,6.676891174865267e-06,-0.5030266420401758,0.06705540909694196,0.5700820511371177
13,3,8,0.30255133709358545,0.004150630064776723,0.03781891713669818,0.0005188287580970905,0.32125334222214946,0.003949346003305322,0.566422,0.322532,0.0161467,0.0161467,0.575,0.35,19445555.736416705,0.7702032427346662,0.015,4.4512607832435124e-06,-0.2647324199568873,0.019980662906414537,0.2847130828633018
13,3,9,0.14902374730301243,0.0029130521167184537,0.018627968412876554,0.0003641315145898067,0.14867431427380506,0.002695240466767544,0.715187,0.144946,0.00822585,0.00822585,0.7250000000000001,0.35,19445555.736416705,0.7702032427346662,0.015,4.4512607832435124e-06,-0.13039577889013587,-0.004077747303012441,0.12631803158712343
13,3,10,0.05939762491781539,0.0018455943290332808,0.007424703114726924,0.0002306992911291601,0.05760021106832267,0.001689427672058319,0.877298,0.0532199,0.00368706,0.00368706,0.9,0.35,19445555.736416705,0.7702032427346662,0.02,3.3384455874326335e-06,-0.05197292180308846,-0.006177724917815389,0.04579519688527307
13,4,2,1.835580498708199,0.07573288138346372,0.22944756233852487,0.009466610172932965,1.913496167904315,0.03316251841845462,0.07481,2.00537,0.133081,0.133081,0.07500000000000001,0.45,19445555.736416705,0.7702032427346662,0.005,1.3353782349730534e-05,-1.6061329363696741,0.16978950129180115,1.7759224376614753
13,4,3,1.380366250896233,0.07459148154661281,0.17254578136202917,0.009323935193326601,1.6011742387528884,0.0229955661513445,0.124734,1.67607,0.10059,0.10059,0.125,0.45,19445555.736416705,0.7702032427346662,0.005,1.3353782349730534e-05,-1.2078204695342039,0.29570374910376684,1.5035242186379707
13,4,4,0.993996870480438,0.017658219009932488,0.12424960881005476,0.002207277376241561,1.3877630620942007,0.01947959927510419,0.174551,1.46205,0.105599,0.105599,0.175,0.45,19445555.736416705,0.7702032427346662,0.005,1.3353782349730534e-05,-0.8697472616703833,0.468053129519562,1.3378003911899454
13,4,5,0.7618527505079545,0.018907932912604845,0.09523159381349432,0.0023634916140756056,0.9885367803368197,0.011090926920950086,0.247839,1.03824,0.0696253,0.0696253,0.25,0.45,19445555.736416705,0.7702032427346662,0.01,6.676891174865267e-06,-0.6666211566944602,0.2763872494920455,0.9430084061865057
13,4,6,0.6261946186702376,0.02338509937377587,0.0782743273337797,0.002923137421721984,0.6811163987403448,0.007505853461318014,0.347229,0.694221,0.0389864,0.0389864,0.35,0.45,19445555.736416705,0.7702032427346662,0.01,6.676891174865267e-06,-0.5479202913364579,0.06802638132976235,0.6159466726662203
13,4,7,0.4089808680177034,0.016794919961462117,0.051122608502212924,0.0020993649951827646,0.4404489127534567,0.0058707034760622796,0.446875,0.449834,0.0235561,0.0235561,0.45,0.45,19445555.736416705,0.7702032427346662,0.01,6.676891174865267e-06,-0.35785825951549044,0.04085313198229662,0.3987113914977871
13,4,8,0.23429197801115131,0.005818528908041587,0.029286497251393914,0.0007273161135051984,0.25310011822013256,0.003267175700219038,0.567866,0.254362,0.0140785,0.0140785,0.575,0.45,19445555.736416705,0.7702032427346662,0.015,4.4512607832435124e-06,-0.20500548075975739,0.020070021988848663,0.22507550274860605
13,4,9,0.12240268231029873,0.0026646088344738916,0.015300335288787343,0.00033307610430923645,0.13403606940404442,0.00221924219608167,0.718205,0.12896,0.00705464,0.00705464,0.7250000000000001,0.45,19445555.736416705,0.7702032427346662,0.015,4.4512607832435124e-06,-0.10710234702151139,0.006557317689701261,0.11365966471121265
13,4,10,0.053439870780877606,0.0012929218098834644,0.006679983847609701,0.00016161522623543305,0.05843558507366605,0.0012124599466831888,0.886275,0.0546178,0.003635,0.003635,0.9,0.45,19445555.736416705,0.7702032427346662,0.02,3.3384455874326335e-06,-0.04675988693326791,0.001177929219122395,0.0479378161523903
13,5,2,0.7700249515512526,0.024352402688513086,0.09625311894390658,0.0030440503360641357,1.0459779421860802,0.020282776132511896,0.0746031,1.08531,0.106829,0.106829,0.07500000000000001,0.55,19445555.736416705,0.7702032427346662,0.005,1.3353782349730534e-05,-0.6737718326073461,0.3152850484487474,0.9890568810560935
13,5,3,0.6654867873035112,0.018122890131514868,0.0831858484129389,0.0022653612664393584,0.8883255775310602,0.016546749445516654,0.124494,0.922308,0.0770327,0.0770327,0.125,0.55,19445555.736416705,0.7702032427346662,0.005,1.3353782349730534e-05,-0.5823009388905723,0.25682121269648883,0.8391221515870612
13,5,4,0.5715707387983237,0.01649969412699164,0.07144634234979046,0.002062461765873955,0.8013025732082975,0.013983961197023479,0.174389,0.799335,0.0661019,0.0661019,0.175,0.55,19445555.736416705,0.7702032427346662,0.005,1.3353782349730534e-05,-0.5001243964485332,0.22776426120167637,0.7278886576502096
13,5,5,0.42989474511561293,0.006919340154200556,0.053736843139451616,0.0008649175192750693,0.6067267560392859,0.00783531812176108,0.24802,0.613007,0.0410085,0.0410085,0.25,0.55,19445555.736416705,0.7702032427346662,0.01,6.676891174865267e-06,-0.37615790197616134,0.18311225488438704,0.5592701568605484
13,5,6,0.30812274153771985,0.004592302684045436,0.03851534269221498,0.0005740378355056795,0.4295331876745162,0.005869887414810179,0.347567,0.433223,0.0211401,0.0211401,0.35,0.55,19445555.736416705,0.7702032427346662,0.01,6.676891174865267e-06,-0.2696073988455049,0.12510025846228018,0.39470765730778506
13,5,7,0.2221177630415216,0.003562719089974389,0.0277647203801902,0.0004453398862467986,0.31073649578630885,0.004718768254975764,0.447251,0.302387,0.0174607,0.0174607,0.45,0.55,19445555.736416705,0.7702032427346662,0.01,6.676891174865267e-06,-0.19435304266133138,0.08026923695847843,0.27462227961980984
13,5,8,0.13737388272554213,0.002201214938072084,0.017171735340692766,0.0002751518672590105,0.18995454047748964,0.002944137996330243,0.568148,0.191667,0.00933218,0.00933218,0.575,0.55,19445555.736416705,0.7702032427346662,0.015,4.4512607832435124e-06,-0.12020214738484936,0.054293117274457875,0.17449526465930723
13,5,9,0.08676042296345104,0.0034104907227993104,0.01084505287043138,0.0004263113403499138,0.10741091773692037,0.0020204427777241723,0.717886,0.105297,0.00687836,0.00687836,0.7250000000000001,0.55,19445555.736416705,0.7702032427346662,0.015,4.4512607832435124e-06,-0.07591537009301966,0.018536577036548957,0.09445194712956861
13,5,10,0.0429039125723303,0.0013136696141827922,0.005362989071541287,0.00016420870177284903,0.053171329909984466,0.0011536651512530798,0.886517,0.0499699,0.00331189,0.00331189,0.9,0.55,19445555.736416705,0.7702032427346662,0.02,3.3384455874326335e-06,-0.03754092350078901,0.007065987427669701,0.04460691092845871
13,6,2,0.5048749335871991,0.01941587119154219,0.0631093666983999,0.0024269838989427737,0.6164750200720976,0.013278495461503094,0.0743263,0.632366,0.0465148,0.0465148,0.07500000000000001,0.6499999999999999,19445555.736416705,0.7702032427346662,0.005,1.3353782349730534e-05,-0.44176556688879925,0.12749106641280084,0.5692566333016
13,6,3,0.3742508643178049,0.011723411598082933,0.046781358039725614,0.0014654264497603667,0.5319013121913992,0.011599031243274074,0.124416,0.541684,0.0448738,0.0448738,0.125,0.6499999999999999,19445555.736416705,0.7702032427346662,0.005,1.3353782349730534e-05,-0.3274695062780793,0.16743313568219514,0.49490264196027445
13,6,4,0.34559692063522957,0.009774918964876011,0.043199615079403696,0.0012218648706095014,0.5035943482781653,0.010694201028441989,0.174394,0.502675,0.0348536,0.0348536,0.175,0.6499999999999999,19445555.736416705,0.7702032427346662,0.005,1.3353782349730534e-05,-0.3023973055558259,0.15707807936477042,0.4594753849205963
13,6,5,0.2699922963143906,0.006355658356846053,0.033749037039298824,0.0007944572946057567,0.38121845315765807,0.006789447957881221,0.247891,0.39,0.0304547,0.0304547,0.25,0.6499999999999999,19445555.736416705,0.7702032427346662,0.01,6.676891174865267e-06,-0.23624325927509177,0.12000770368560942,0.3562509629607012
13,6,6,0.202329301946235,0.004165532873601218,0.025291162743279375,0.0005206916092001522,0.28748751762157454,0.005230539241008906,0.347708,0.285921,0.0277859,0.0277859,0.35,0.6499999999999999,19445555.736416705,0.7702032427346662,0.01,6.676891174865267e-06,-0.17703813920295564,0.08359169805376498,0.2606298372567206
13,6,7,0.15098137693766292,0.002986106511189374,0.018872672117207865,0.0003732633138986717,0.2123447948924304,0.00384638545179157,0.448076,0.204302,0.0181682,0.0181682,0.45,0.6499999999999999,19445555.736416705,0.7702032427346662,0.01,6.676891174865267e-06,-0.13210870482045506,0.05332062306233709,0.18542932788279215
13,6,8,0.09582287964234627,0.0017469844715872589,0.011977859955293282,0.00021837305894840736,0.13522166145668463,0.0023851122526326574,0.568782,0.129696,0.0110096,0.0110096,0.575,0.6499999999999999,19445555.736416705,0.7702032427346662,0.015,4.4512607832435124e-06,-0.08384501968705299,0.03387312035765373,0.11771814004470672
13,6,9,0.05383647216481495,0.0012177535479154314,0.006729559020601869,0.00015221919348942892,0.07605303520385115,0.0016605925621438699,0.717308,0.0693811,0.00543694,0.00543694,0.7250000000000001,0.6499999999999999,19445555.736416705,0.7702032427346662,0.015,4.4512607832435124e-06,-0.04710691314421308,0.015544627835185051,0.06265154097939814
13,6,10,0.027360199976027486,0.0007318130456812861,0.0034200249970034358,9.147663071016075e-05,0.03911104996316129,0.0009848233938712827,0.885805,0.0336708,0.00331931,0.00331931,0.9,0.6499999999999999,19445555.736416705,0.7702032427346662,0.02,3.3384455874326335e-06,-0.02394017497902405,0.0063106000239725145,0.030250775002996565
13,7,2,0.34016254480630903,0.01467412392801233,0.042520318100788636,0.0018342654910015411,0.3576381417760202,0.008613621814485113,0.0743155,0.354745,0.0481956,0.0481956,0.07500000000000001,0.75,19445555.736416705,0.7702032427346662,0.005,1.3353782349730534e-05,-0.2976422267055204,0.014582455193690946,0.3122246818992113
13,7,3,0.27067207626709255,0.016286304899389936,0.03383400953338657,0.002035788112423742,0.3239522072053743,0.008260932922498077,0.124103,0.309956,0.0394717,0.0394717,0.125,0.75,19445555.736416705,0.7702032427346662,0.005,1.3353782349730534e-05,-0.236838066733706,0.039283923732907455,0.27612199046661345
13,7,4,0.2131181071724524,0.007339677869597754,0.026639763396556552,0.0009174597336997193,0.30167834114586956,0.007473762680415452,0.174242,0.276105,0.0308539,0.0308539,0.175,0.75,19445555.736416705,0.7702032427346662,0.005,1.3353782349730534e-05,-0.18647834377589584,0.0629868928275476,0.24946523660344344
13,7,5,0.1528717867854672,0.004389930559609118,0.019108973348183404,0.0005487413199511397,0.21295313633351096,0.004343233667894972,0.247162,0.207488,0.0237585,0.0237585,0.25,0.75,19445555.736416705,0.7702032427346662,0.01,6.676891174865267e-06,-0.1337628134372838,0.054616213214532805,0.1883790266518166
13,7,6,0.10273545325104529,0.0041310989059118244,0.01284193165638066,0.0005163873632389781,0.1471709296498562,0.003563281200214653,0.347344,0.14282,0.0170399,0.0170399,0.35,0.75,19445555.736416705,0.7702032427346662,0.01,6.676891174865267e-06,-0.08989352159466463,0.040084546748954716,0.12997806834361933
13,7,7,0.07142671473866201,0.0022300750913000194,0.008928339342332751,0.0002787593864125024,0.10311370169732031,0.0026645448240245144,0.446195,0.0899032,0.0114489,0.0114489,0.45,0.75,19445555.736416705,0.7702032427346662,0.01,6.676891174865267e-06,-0.062498375396329256,0.018476485261337994,0.08097486065766725
13,7,8,0.03981460970945539,0.0012063966179991783,0.004976826213681924,0.0001507995772498973,0.05613282133039588,0.0015327734342012135,0.566114,0.0497039,0.00603462,0.00603462,0.575,0.75,19445555.736416705,0.7702032427346662,0.015,4.4512607832435124e-06,-0.03483778349577347,0.009889290290544611,0.04472707378631808
13,7,9,0.01861766729486379,0.00081091191454028,0.002327208411857974,0.000101363989317535,0.02539414008081443,0.0010306656137022507,0.711912,0.0198785,0.00261495,0.00261495,0.7250000000000001,0.75,19445555.736416705,0.7702032427346662,0.015,4.4512607832435124e-06,-0.016290458883005815,0.0012608327051362098,0.017551291588142025
13,7,10,0.005332356932986501,0.00039092207907306465,0.0006665446166233127,4.886525988413309e-05,0.0076774439569867025,0.0005201134523053893,0.874286,0.00590753,0.000928636,0.000928636,0.9,0.75,19445555.736416705,0.7702032427346662,0.02,3.3384455874326335e-06,-0.004665812316363188,0.0005751730670134989,0.005240985383376687
14,2,2,9.667935089835717,0.30282455876151854,1.2084918862294647,0.03785306984518982,9.210526700409574,0.1559985990979732,0.0741732,9.68856,1.23788,1.23788,0.07500000000000001,0.25,12017118.329301102,0.8098811697545412,0.005,2.054983582638038e-05,-8.459443203606252,0.02062491016428325,8.480068113770535
14,2,3,7.174763175930553,0.1178413911783632,0.8968453969913192,0.0147301738972954,7.042496748243608,0.09512629248126545,0.124144,7.51975,0.719876,0.719876,0.125,0.25,12017118.329301102,0.8098811697545412,0.005,2.054983582638038e-05,-6.277917778939234,0.3449868240694469,6.622904603008681
14,2,4,5.477163264158011,0.07629209147803315,0.6846454080197514,0.009536511434754143,5.5157401896239495,0.06789996089396898,0.173814,5.48402,0.407241,0.407241,0.175,0.25,12017118.329301102,0.8098811697545412,0.005,2.054983582638038e-05,-4.79251785613826,0.006856735841989092,4.799374591980249
14,2,5,3.2327837012488656,0.040913712573036144,0.4040979626561082,0.005114214071629518,3.3016888429379674,0.03655735853951489,0.243233,3.39449,0.279021,0.279021,0.25,0.25,12017118.329301102,0.8098811697545412,0.01,1.027491791319019e-05,-2.8286857385927573,0.16170629875113418,2.9903920373438915
14,2,6,1.816462231715041,0.03446179543907935,0.2270577789643801,0.00430772442988492,1.751480249441867,0.029919540760056266,0.341255,1.76189,0.121637,0.121637,0.35,0.25,12017118.329301102,0.8098811697545412,0.01,1.027491791319019e-05,-1.5894044527506608,-0.054572231715041,1.5348322210356198
14,2,7,1.0586265844352305,0.03665412145560189,0.1323283230544038,0.004581765181950236,0.995954909137066,0.028802622138346123,0.439621,0.885431,0.0618333,0.0618333,0.45,0.25,12017118.329301102,0.8098811697545412,0.01,1.027491791319019e-05,-0.9262982613808267,-0.17319558443523053,0.7531026769455962
14,2,8,0.44771036301435724,0.0439441721598149,0.05596379537679465,0.005493021519976863,0.4449197662785156,0.0280888645415845,0.542379,0.435584,0.0595857,0.0595857,0.575,0.25,12017118.329301102,0.8098811697545412,0.015,6.849945275460126e-06,-0.3917465676375626,-0.012126363014357211,0.3796202046232054
14,2,9,,,0.0,0.0,0.0,0.0,,,,,0.7250000000000001,0.25,12017118.329301102,0.8098811697545412,0.015,6.849945275460126e-06,,,
14,2,10,,,0.0,0.0,0.0,0.0,,,,,0.9,0.25,12017118.329301102,0.8098811697545412,0.02,5.137458956595095e-06,,,
14,3,2,4.211336454058752,0.08202586596271924,0.5264170567573441,0.010253233245339903,4.2939207719976284,0.05875178097883198,0.0741469,4.2849,0.392089,0.392089,0.07500000000000001,0.35,12017118.329301102,0.8098811697545412,0.005,2.054983582638038e-05,-3.6849193973014076,0.0735635459412487,3.7584829432426563
14,3,3,3.4548397284499197,0.09785326161911663,0.43185496605623996,0.012231657702389579,3.3891612345295115,0.05174768609285795,0.124303,3.47605,0.215775,0.215775,0.125,0.35,12017118.329301102,0.8098811697545412,0.005,2.054983582638038e-05,-3.02298476239368,0.02121027155008015,3.04419503394376
14,3,4,2.520863228539333,0.05530124572501587,0.31510790356741664,0.006912655715626984,2.750918401175346,0.036067760285541116,0.174402,2.80639,0.155729,0.155729,0.175,0.35,12017118.329301102,0.8098811697545412,0.005,2.054983582638038e-05,-2.2057553249719164,0.28552677146066685,2.4912820964325832
14,3,5,1.8558432300067453,0.025804739556994156,0.23198040375084317,0.0032255924446242695,1.9090690671751402,0.01958116710465759,0.246298,1.93404,0.0982847,0.0982847,0.25,0.35,12017118.329301102,0.8098811697545412,0.01,1.027491791319019e-05,-1.6238628262559023,0.07819676999325464,1.702059596249157
14,3,6,1.0952835238411713,0.01682706250465185,0.13691044048014644,0.002103382813081481,1.1214772668216098,0.013261637790793734,0.345496,1.10071,0.0582626,0.0582626,0.35,0.35,12017118.329301102,0.8098811697545412,0.01,1.027491791319019e-05,-0.9583730833610249,0.005426476158828741,0.9637995595198536
14,3,7,0.6227960467989869,0.011623291397720911,0.07784950584987337,0.0014529114247151139,0.6235189162487167,0.009861827849240383,0.445158,0.605664,0.0373059,0.0373059,0.45,0.35,12017118.329301102,0.8098811697545412,0.01,1.027491791319019e-05,-0.5449465409491135,-0.017132046798986944,0.5278144941501266
14,3,8,0.29915286186922313,0.006875400583625274,0.03739410773365289,0.0008594250729531593,0.2943221165136287,0.005822983973512479,0.563268,0.28157,0.0174228,0.0174228,0.575,0.35,12017118.329301102,0.8098811697545412,0.015,6.849945275460126e-06,-0.26175875413557026,-0.017582861869223143,0.2441758922663471
14,3,9,0.14179708973044233,0.005517225229953815,0.01772463621630529,0.0006896531537442269,0.12998452346803685,0.004314286861385094,0.709607,0.117525,0.0080456,0.0080456,0.7250000000000001,0.35,12017118.329301102,0.8098811697545412,0.015,6.849945275460126e-06,-0.12407245351413704,-0.02427208973044233,0.09980036378369471
14,3,10,0.036175725405465764,0.003421222255393698,0.0045219656756832205,0.00042765278192421227,0.03597808101956288,0.0028835739961340814,0.867343,0.0360823,0.00680231,0.00680231,0.9,0.35,12017118.329301102,0.8098811697545412,0.02,5.137458956595095e-06,-0.031653759729782543,-9.342540546576628e-05,0.03156033432431678
14,4,2,2.1473722889085303,0.0582770459189858,0.2684215361135663,0.007284630739873225,2.182339838010488,0.033798744069114595,0.0741696,2.12518,0.156064,0.156064,0.07500000000000001,0.45,12017118.329301102,0.8098811697545412,0.005,2.054983582638038e-05,-1.878950752794964,-0.022192288908530422,1.8567584638864336
14,4,3,1.7688645330823467,0.04765953786727684,0.22110806663529334,0.005957442233409605,1.8258284677194028,0.028007392833648805,0.124387,1.82629,0.129714,0.129714,0.125,0.45,12017118.329301102,0.8098811697545412,0.005,2.054983582638038e-05,-1.5477564664470533,0.05742546691765327,1.6051819333647066
14,4,4,1.5006959817713772,0.05466467319156729,0.18758699772142215,0.006833084148945909,1.532600362140836,0.023474070319565814,0.174499,1.54561,0.0871736,0.0871736,0.175,0.45,12017118.329301102,0.8098811697545412,0.005,2.054983582638038e-05,-1.313108984049955,0.04491401822862273,1.3580230022785778
14,4,5,1.0233288629185902,0.026421254735525448,0.12791610786482377,0.003302656841940681,1.103702708694404,0.013408315871793667,0.247337,1.12317,0.0571715,0.0571715,0.25,0.45,12017118.329301102,0.8098811697545412,0.01,1.027491791319019e-05,-0.8954127550537664,0.09984113708140985,0.9952538921351762
14,4,6,0.6508330131315514,0.01687560151064852,0.08135412664144392,0.002109450188831065,0.7216732131013245,0.009453903762159084,0.346848,0.70877,0.042005,0.042005,0.35,0.45,12017118.329301102,0.8098811697545412,0.01,1.027491791319019e-05,-0.5694788864901075,0.057936986868448614,0.6274158733585561
14,4,7,0.4251394896951304,0.01332242505088834,0.0531424362118913,0.0016653031313610424,0.466241482832119,0.0071653771829541645,0.446199,0.452419,0.0214311,0.0214311,0.45,0.45,12017118.329301102,0.8098811697545412,0.01,1.027491791319019e-05,-0.3719970534832391,0.027279510304869636,0.3992765637881087
14,4,8,0.23811139787655958,0.006715450729613803,0.029763924734569947,0.0008394313412017254,0.2488396570646073,0.004177262956607668,0.565172,0.237057,0.0124598,0.0124598,0.575,0.45,12017118.329301102,0.8098811697545412,0.015,6.849945275460126e-06,-0.20834747314198962,-0.0010543978765595874,0.20729307526543003
14,4,9,0.10740882872601912,0.0033007360707150626,0.01342610359075239,0.0004125920088393828,0.11441788850867238,0.002802911994416224,0.715638,0.103174,0.00664778,0.00664778,0.7250000000000001,0.45,12017118.329301102,0.8098811697545412,0.015,6.849945275460126e-06,-0.09398272513526673,-0.004234828726019116,0.08974789640924762
14,4,10,0.03539010226576159,0.0013933065966564176,0.004423762783220199,0.0001741633245820522,0.03634043636401805,0.00132821240716044,0.88189,0.0344349,0.00282232,0.00282232,0.9,0.45,12017118.329301102,0.8098811697545412,0.02,5.137458956595095e-06,-0.030966339482541395,-0.0009552022657615955,0.0300111372167798
14,5,2,1.1289069401590994,0.03723308913083046,0.14111336751988746,0.0046541361413538086,1.1854553275418915,0.021770697391374876,0.0736686,1.19586,0.0892809,0.0892809,0.07500000000000001,0.55,12017118.329301102,0.8098811697545412,0.005,2.054983582638038e-05,-0.987793572639212,0.0669530598409005,1.0547466324801125
14,5,3,0.87848771118027,0.04062954700370147,0.10981096389753377,0.005078693375462684,1.035435590298389,0.018629886062049912,0.124238,1.02584,0.0669939,0.0669939,0.125,0.55,12017118.329301102,0.8098811697545412,0.005,2.054983582638038e-05,-0.7686767472827363,0.14735228881973006,0.9160290361024663
14,5,4,0.6221821677372039,0.0166294064104661,0.07777277096715049,0.002078675801308263,0.865229090220851,0.01784435304391602,0.174375,0.844958,0.0632466,0.0632466,0.175,0.55,12017118.329301102,0.8098811697545412,0.005,2.054983582638038e-05,-0.5444093967700534,0.22277583226279607,0.7671852290328495
14,5,5,0.6023754571629969,0.02136875173459385,0.07529693214537461,0.0026710939668242316,0.6813218330193602,0.009903715592314693,0.247499,0.677813,0.0410263,0.0410263,0.25,0.55,12017118.329301102,0.8098811697545412,0.01,1.027491791319019e-05,-0.5270785250176223,0.0754375428370031,0.6025160678546254
14,5,6,0.4248231947503788,0.020798157891004993,0.05310289934379735,0.0025997697363756237,0.46223286656464224,0.007680153432602074,0.34729,0.460821,0.0262874,0.0262874,0.35,0.55,12017118.329301102,0.8098811697545412,0.01,1.027491791319019e-05,-0.3717202954065814,0.035997805249621206,0.4077181006562026
14,5,7,0.23747635236782244,0.0042991217310298525,0.029684544045977805,0.0005373902163787316,0.33028974123922805,0.005683552347035271,0.446693,0.311271,0.0176565,0.0176565,0.45,0.55,12017118.329301102,0.8098811697545412,0.01,1.027491791319019e-05,-0.20779180832184463,0.07379464763217758,0.2815864559540222
14,5,8,0.15459940719119342,0.005592142470179578,0.019324925898899174,0.0006990178087724475,0.18844779976342446,0.0034614093509454354,0.566422,0.181494,0.0108506,0.0108506,0.575,0.55,12017118.329301102,0.8098811697545412,0.015,6.849945275460126e-06,-0.13527448129229425,0.026894592808806572,0.16216907410110082
14,5,9,0.06837435466539069,0.0016872703594083415,0.008546794333173836,0.00021090879492604268,0.09445418752201727,0.002283123084767886,0.714825,0.0850794,0.00503361,0.00503361,0.7250000000000001,0.55,12017118.329301102,0.8098811697545412,0.015,6.849945275460126e-06,-0.05982756033221685,0.016705045334609314,0.07653260566682617
14,5,10,0.025007980991509617,0.0008638462417416153,0.003125997623938702,0.00010798078021770191,0.03419267261967339,0.0011539725344604996,0.88023,0.0293475,0.00214238,0.00214238,0.9,0.55,12017118.329301102,0.8098811697545412,0.02,5.137458956595095e-06,-0.021881983367570915,0.004339519008490382,0.026221502376061297
14,6,2,0.7555016430981989,0.022136620469716047,0.09443770538727486,0.002767077558714506,0.7488361953863565,0.01498606573068166,0.0735485,0.746814,0.0533997,0.0533997,0.07500000000000001,0.6499999999999999,12017118.329301102,0.8098811697545412,0.005,2.054983582638038e-05,-0.661063937710924,-0.008687643098198916,0.6523762946127252
14,6,3,0.6461101130519216,0.028547759228030333,0.08076376413149021,0.003568469903503792,0.6474700694347193,0.014194775409486968,0.123981,0.628968,0.0509063,0.0509063,0.125,0.6499999999999999,12017118.329301102,0.8098811697545412,0.005,2.054983582638038e-05,-0.5653463489204313,-0.017142113051921593,0.5482042358685097
14,6,4,0.4170696270205499,0.011417527988808435,0.05213370337756872,0.0014271909986010543,0.5728295529762134,0.012793021111358214,0.174194,0.551097,0.057159,0.057159,0.175,0.6499999999999999,12017118.329301102,0.8098811697545412,0.005,2.054983582638038e-05,-0.36493592364298116,0.13402737297945005,0.4989632966224312
14,6,5,0.31401813682436874,0.0069355808216457655,0.03925226710304609,0.0008669476027057207,0.42886196481174704,0.0075754784542416045,0.247132,0.420824,0.0269587,0.0269587,0.25,0.6499999999999999,12017118.329301102,0.8098811697545412,0.01,1.027491791319019e-05,-0.27476586972132266,0.10680586317563123,0.3815717328969539
14,6,6,0.25135563659603477,0.014107929613258718,0.031419454574504346,0.0017634912016573393,0.2991739879157328,0.005891569209368306,0.34698,0.285468,0.02121,0.02121,0.35,0.6499999999999999,12017118.329301102,0.8098811697545412,0.01,1.027491791319019e-05,-0.21993618202153042,0.03411236340396523,0.25404854542549565
14,6,7,0.14564609996283007,0.003393459634105214,0.01820576249535376,0.0004241824542631517,0.19994141458769024,0.004394486399965482,0.446569,0.182322,0.0138738,0.0138738,0.45,0.6499999999999999,12017118.329301102,0.8098811697545412,0.01,1.027491791319019e-05,-0.1274403374674763,0.036675900037169945,0.16411623750464627
14,6,8,0.07672895091957019,0.0018405906474970725,0.009591118864946275,0.00023007383093713406,0.10740276727527437,0.00246531345853533,0.563741,0.0936037,0.0070171,0.0070171,0.575,0.6499999999999999,12017118.329301102,0.8098811697545412,0.015,6.849945275460126e-06,-0.06713783205462391,0.01687474908042981,0.08401258113505372
14,6,9,0.03175707202772252,0.0011780364316396241,0.003969634003465315,0.00014725455395495302,0.0433969254353046,0.001542272378453945,0.711673,0.035277,0.00343416,0.00343416,0.7250000000000001,0.6499999999999999,12017118.329301102,0.8098811697545412,0.015,6.849945275460126e-06,-0.02778743802425721,0.00351992797227748,0.031307365996534685
14,6,10,0.007861703944111797,0.0005385199579155806,0.0009827129930139746,6.731499473944759e-05,0.010905693572508524,0.0007144934945806237,0.872056,0.00822467,0.00148408,0.00148408,0.9,0.6499999999999999,12017118.329301102,0.8098811697545412,0.02,5.137458956595095e-06,-0.006878990951097822,0.0003629660558882031,0.007241957006986025
14,7,2,0.3651265178299643,0.010368895600520182,0.04564081472874554,0.0012961119500650227,0.37236883333777016,0.00842630679311401,0.0731846,0.350642,0.043393,0.043393,0.07500000000000001,0.75,12017118.329301102,0.8098811697545412,0.005,2.054983582638038e-05,-0.31948570310121877,-0.014484517829964294,0.30500118527125447
14,7,3,0.23368306380755577,0.008484373103921026,0.02921038297594447,0.0010605466379901283,0.2973860958594489,0.007988848947012099,0.123291,0.276981,0.0258552,0.0258552,0.125,0.75,12017118.329301102,0.8098811697545412,0.005,2.054983582638038e-05,-0.2044726808316113,0.04329793619244421,0.2477706170240555
14,7,4,0.18162710709817295,0.007674934953400183,0.02270338838727162,0.0009593668691750229,0.24029435205583005,0.0074140681776789135,0.173472,0.212733,0.0213654,0.0213654,0.175,0.75,12017118.329301102,0.8098811697545412,0.005,2.054983582638038e-05,-0.15892371871090133,0.031105892901827054,0.19002961161272838
14,7,5,0.1166481895811716,0.003774401397299766,0.01458102369764645,0.00047180017466247077,0.159879583377249,0.004210488292645485,0.245259,0.143416,0.0135615,0.0135615,0.25,0.75,12017118.329301102,0.8098811697545412,0.01,1.027491791319019e-05,-0.10206716588352514,0.02676781041882839,0.12883497630235355
14,7,6,0.04921181678241897,0.0019638918393669377,0.006151477097802371,0.00024548647992086726,0.07761961006474007,0.0028605292068706874,0.344031,0.0660749,0.00838826,0.00838826,0.35,0.75,12017118.329301102,0.8098811697545412,0.01,1.027491791319019e-05,-0.043060339684616596,0.016863083217581037,0.05992342290219763
14,7,7,0.027629526375017702,0.0015849619981109253,0.003453690796877213,0.00019812024976386566,0.044562964369330375,0.0023778323640047676,0.443305,0.031807,0.00563735,0.00563735,0.45,0.75,12017118.329301102,0.8098811697545412,0.01,1.027491791319019e-05,-0.02417583557814049,0.0041774736249822995,0.02835330920312279
14,7,8,0.010932439687052339,0.0008654259408591215,0.0013665549608815424,0.00010817824260739018,0.017440364579217025,0.0012559884044383563,0.558168,0.010795,0.00191787,0.00191787,0.575,0.75,12017118.329301102,0.8098811697545412,0.015,6.849945275460126e-06,-0.009565884726170797,-0.00013743968705233825,0.009428445039118459
14,7,9,,,0.0,0.0,0.0,0.0,0.702333,0.0018897,0.00107221,0.00107221,0.7250000000000001,0.75,12017118.329301102,0.8098811697545412,0.015,6.849945275460126e-06,,,0.0018897
14,7,10,,,0.0,0.0,0.0,0.0,,,,,0.9,0.75,12017118.329301102,0.8098811697545412,0.02,5.137458956595095e-06,,,
15,2,2,9.671587141046242,0.1832146937614458,1.2089483926307802,0.022901836720180726,9.534924407492724,0.1621204627687971,,,,,0.07500000000000001,0.25,22482720.657891847,0.8460626052736252,0.005,1.0514258030918002e-05,-8.462638748415461,,
15,2,3,7.086621692359603,0.13065858893358837,0.8858277115449503,0.01633232361669855,7.095543990801946,0.11183512230518797,,,,,0.125,0.25,22482720.657891847,0.8460626052736252,0.005,1.0514258030918002e-05,-6.200793980814653,,
15,2,4,4.914935696007737,0.08438253108931208,0.6143669620009671,0.010547816386164012,5.002868995641595,0.07024052920779712,,,,,0.175,0.25,22482720.657891847,0.8460626052736252,0.005,1.0514258030918002e-05,-4.300568734006769,,
15,2,5,2.8121599706866487,0.05757719230538423,0.3515199963358311,0.007197149038173029,2.761320677015505,0.03874273584982728,,,,,0.25,0.25,22482720.657891847,0.8460626052736252,0.01,5.257129015459001e-06,-2.4606399743508174,,
15,2,6,1.4421591798085691,0.09935710760203137,0.18026989747607117,0.012419638450253921,1.2248511317346027,0.03301212525682805,,,,,0.35,0.25,22482720.657891847,0.8460626052736252,0.01,5.257129015459001e-06,-1.2618892823324979,,
15,2,7,0.2545199259359127,0.02551705134490506,0.03181499074198909,0.0031896314181131323,0.37921980466811994,0.030971508534801514,,,,,0.45,0.25,22482720.657891847,0.8460626052736252,0.01,5.257129015459001e-06,-0.22270493519392362,,
15,2,8,,,0.0,0.0,0.0,0.0,,,,,0.575,0.25,22482720.657891847,0.8460626052736252,0.015,3.5047526769726676e-06,,,
15,2,9,,,0.0,0.0,0.0,0.0,,,,,0.7250000000000001,0.25,22482720.657891847,0.8460626052736252,0.015,3.5047526769726676e-06,,,
15,2,10,,,0.0,0.0,0.0,0.0,,,,,0.9,0.25,22482720.657891847,0.8460626052736252,0.02,2.6285645077295006e-06,,,
15,3,2,4.344720858774011,0.05645638181752234,0.5430901073467513,0.007057047727190293,4.353568084994589,0.05446428420274074,,,,,0.07500000000000001,0.35,22482720.657891847,0.8460626052736252,0.005,1.0514258030918002e-05,-3.8016307514272594,,
15,3,3,3.462792907023779,0.04408828009720268,0.4328491133779723,0.005511035012150335,3.4752109092023216,0.04245412105856406,,,,,0.125,0.35,22482720.657891847,0.8460626052736252,0.005,1.0514258030918002e-05,-3.0299437936458067,,
15,3,4,2.7372454524976,0.041422443538540465,0.34215568156220005,0.005177805442317558,2.7342587018875593,0.03219802046666497,,,,,0.175,0.35,22482720.657891847,0.8460626052736252,0.005,1.0514258030918002e-05,-2.3950897709354,,
15,3,5,1.7343315892475342,0.019319913147475054,0.21679144865594177,0.0024149891434343818,1.7506656939311553,0.015993932451675012,,,,,0.25,0.35,22482720.657891847,0.8460626052736252,0.01,5.257129015459001e-06,-1.5175401405915925,,
15,3,6,0.8255891463457522,0.0129972219371256,0.10319864329321903,0.0016246527421407,0.8255771698862175,0.010108916509299307,,,,,0.35,0.35,22482720.657891847,0.8460626052736252,0.01,5.257129015459001e-06,-0.7223905030525332,,
15,3,7,0.36724997578064655,0.009773592888190892,0.04590624697258082,0.0012216991110238617,0.3554399948024893,0.00681050560307146,,,,,0.45,0.35,22482720.657891847,0.8460626052736252,0.01,5.257129015459001e-06,-0.3213437288080657,,
15,3,8,0.11596906208309128,0.005874761509380365,0.01449613276038641,0.0007343451886725456,0.11978460275428657,0.0034339234499470594,,,,,0.575,0.35,22482720.657891847,0.8460626052736252,0.015,3.5047526769726676e-06,-0.10147292932270487,,
15,3,9,0.006095226351449174,0.0007691083722388671,0.0007619032939311468,9.613854652985839e-05,0.012950106684993986,0.0016420249338244604,,,,,0.7250000000000001,0.35,22482720.657891847,0.8460626052736252,0.015,3.5047526769726676e-06,-0.005333323057518028,,
15,3,10,,,0.0,0.0,0.0,0.0,,,,,0.9,0.35,22482720.657891847,0.8460626052736252,0.02,2.6285645077295006e-06,,,
15,4,2,2.4202692023562165,0.03236539897379116,0.30253365029452706,0.004045674871723895,2.472490049333913,0.02475257803202784,,,,,0.07500000000000001,0.45,22482720.657891847,0.8460626052736252,0.005,1.0514258030918002e-05,-2.1177355520616894,,
15,4,3,1.8300317184685162,0.024572743632917223,0.22875396480856458,0.0030715929541146533,1.887445050606902,0.02010710273869111,,,,,0.125,0.45,22482720.657891847,0.8460626052736252,0.005,1.0514258030918002e-05,-1.6012777536599516,,
15,4,4,1.41739147612438,0.02109841026523498,0.1771739345155475,0.0026373012831543722,1.4587888312253583,0.01683271189082004,,,,,0.175,0.45,22482720.657891847,0.8460626052736252,0.005,1.0514258030918002e-05,-1.2402175416088326,,
15,4,5,0.9473958530430999,0.01293926398922136,0.11842448163038746,0.00161740799865267,0.950895790542287,0.008987601884077623,,,,,0.25,0.45,22482720.657891847,0.8460626052736252,0.01,5.257129015459001e-06,-0.8289713714127125,,
15,4,6,0.4854165717220253,0.008847330045333113,0.06067707146525317,0.001105916255666639,0.4823741914758047,0.006025510677132281,,,,,0.35,0.45,22482720.657891847,0.8460626052736252,0.01,5.257129015459001e-06,-0.4247395002567721,,
15,4,7,0.23521159493551608,0.005825658328627148,0.02940144936693951,0.0007282072910783935,0.2359975020467181,0.004007502892331679,,,,,0.45,0.45,22482720.657891847,0.8460626052736252,0.01,5.257129015459001e-06,-0.20581014556857657,,
15,4,8,0.08985459670608009,0.002824137820229752,0.01123182458826001,0.000353017227528719,0.0878604890631121,0.0019275503642176416,,,,,0.575,0.45,22482720.657891847,0.8460626052736252,0.015,3.5047526769726676e-06,-0.07862277211782008,,
15,4,9,0.021202206368597366,0.0012152806948225695,0.0026502757960746707,0.00015191008685282121,0.021026382315475926,0.0009417795243425239,,,,,0.7250000000000001,0.45,22482720.657891847,0.8460626052736252,0.015,3.5047526769726676e-06,-0.018551930572522694,,
15,4,10,0.0017243360025926062,0.00020012297793801687,0.00021554200032407577,2.501537224225211e-05,0.0031021675899271977,0.0003542167280599731,,,,,0.9,0.45,22482720.657891847,0.8460626052736252,0.02,2.6285645077295006e-06,-0.0015087940022685303,,
15,5,2,1.2222517829078665,0.01588162220343389,0.15278147286348331,0.0019852027754292366,1.2507766491428183,0.013754620825432341,,,,,0.07500000000000001,0.55,22482720.657891847,0.8460626052736252,0.005,1.0514258030918002e-05,-1.0694703100443832,,
15,5,3,0.8902863928785694,0.015332498736423412,0.11128579910982117,0.0019165623420529265,0.9377945192868122,0.01254840921060366,,,,,0.125,0.55,22482720.657891847,0.8460626052736252,0.005,1.0514258030918002e-05,-0.7790005937687482,,
15,5,4,0.6926030743424189,0.015046843055010837,0.08657538429280236,0.0018808553818763546,0.7541462030700532,0.010514395456394007,,,,,0.175,0.55,22482720.657891847,0.8460626052736252,0.005,1.0514258030918002e-05,-0.6060276900496165,,
15,5,5,0.44364036434596127,0.008576120971512866,0.05545504554324516,0.0010720151214391083,0.47330638609891745,0.006138356978928174,,,,,0.25,0.55,22482720.657891847,0.8460626052736252,0.01,5.257129015459001e-06,-0.3881853188027161,,
15,5,6,0.2508251525389932,0.006619764974344215,0.03135314406737415,0.0008274706217930269,0.25862387338416126,0.0037990086306943414,,,,,0.35,0.55,22482720.657891847,0.8460626052736252,0.01,5.257129015459001e-06,-0.21947200847161902,,
15,5,7,0.12716350010679128,0.00503375745939687,0.01589543751334891,0.0006292196824246089,0.12891615562074157,0.002534827892956872,,,,,0.45,0.55,22482720.657891847,0.8460626052736252,0.01,5.257129015459001e-06,-0.11126806259344238,,
15,5,8,0.04172694497975417,0.0019276286568671768,0.005215868122469271,0.00024095358210839707,0.0482511896707816,0.0012144110193846548,,,,,0.575,0.55,22482720.657891847,0.8460626052736252,0.015,3.5047526769726676e-06,-0.0365110768572849,,
15,5,9,0.010067395835734261,0.0004937480181090673,0.0012584244794667826,6.171850226363342e-05,0.01309051376714639,0.0006193629154408641,,,,,0.7250000000000001,0.55,22482720.657891847,0.8460626052736252,0.015,3.5047526769726676e-06,-0.008808971356267478,,
15,5,10,0.0014201409562874094,0.00023411400632234087,0.00017751761953592617,2.926425079029261e-05,0.0016202803779921057,0.0002473044436529706,,,,,0.9,0.55,22482720.657891847,0.8460626052736252,0.02,2.6285645077295006e-06,-0.0012426233367514832,,
15,6,2,0.48130342072397425,0.007981875609541776,0.06016292759049679,0.000997734451192722,0.48261189275911126,0.007220091135156636,,,,,0.07500000000000001,0.6499999999999999,22482720.657891847,0.8460626052736252,0.005,1.0514258030918002e-05,-0.42114049313347746,,
15,6,3,0.3699076658485475,0.008436083894842013,0.04623845823106844,0.001054510486855252,0.37228808759775717,0.006425112749882063,,,,,0.125,0.6499999999999999,22482720.657891847,0.8460626052736252,0.005,1.0514258030918002e-05,-0.3236692076174791,,
15,6,4,0.24436295820030743,0.00742673246913914,0.03054536977503843,0.0009283415586423925,0.2771118694731226,0.005591091863918541,,,,,0.175,0.6499999999999999,22482720.657891847,0.8460626052736252,0.005,1.0514258030918002e-05,-0.213817588425269,,
15,6,5,0.13153611531038695,0.003810648561160173,0.016442014413798365,0.0004763310701450216,0.16422703541555456,0.003137025106337478,,,,,0.25,0.6499999999999999,22482720.657891847,0.8460626052736252,0.01,5.257129015459001e-06,-0.11509410089658859,,
15,6,6,0.06878376193282364,0.003082377981820993,0.008597970241602955,0.0003852972477276241,0.08177912312037998,0.002023881819082862,,,,,0.35,0.6499999999999999,22482720.657891847,0.8460626052736252,0.01,5.257129015459001e-06,-0.06018579169122068,,
15,6,7,0.023433974797843,0.0009602519602194055,0.002929246849730375,0.00012003149502742568,0.03324503444150473,0.0012820727786490558,,,,,0.45,0.6499999999999999,22482720.657891847,0.8460626052736252,0.01,5.257129015459001e-06,-0.020504727948112624,,
15,6,8,0.008770477452257952,0.00047966897381622567,0.0010963096815322438,5.995862172702821e-05,0.012345011062562661,0.0006365077605530447,,,,,0.575,0.6499999999999999,22482720.657891847,0.8460626052736252,0.015,3.5047526769726676e-06,-0.007674167770725708,,
15,6,9,,,0.0,0.0,0.008161286302758367,0.0036337612659497146,,,,,0.7250000000000001,0.6499999999999999,22482720.657891847,0.8460626052736252,0.015,3.5047526769726676e-06,,,
15,6,10,,,0.0,0.0,0.0,0.0,,,,,0.9,0.6499999999999999,22482720.657891847,0.8460626052736252,0.02,2.6285645077295006e-06,,,
15,7,2,0.09017982266684914,0.003108117544135152,0.011272477833356142,0.000388514693016894,0.09042510883654459,0.0026993223876093982,,,,,0.07500000000000001,0.75,22482720.657891847,0.8460626052736252,0.005,1.0514258030918002e-05,-0.078907344833493,,
15,7,3,0.04706806791832691,0.002618683764649016,0.005883508489790864,0.0003273354705811269,0.05244957998447928,0.0022018235775584792,,,,,0.125,0.75,22482720.657891847,0.8460626052736252,0.005,1.0514258030918002e-05,-0.04118455942853605,,
15,7,4,0.024598958332480846,0.0019805369829011456,0.003074869791560106,0.0002475671228626432,0.033635621348691434,0.0020674727622028294,,,,,0.175,0.75,22482720.657891847,0.8460626052736252,0.005,1.0514258030918002e-05,-0.02152408854092074,,
15,7,5,0.014064207114615365,0.0010898974159365582,0.0017580258893269206,0.00013623717699206978,0.018466618918729017,0.001166395639335562,,,,,0.25,0.75,22482720.657891847,0.8460626052736252,0.01,5.257129015459001e-06,-0.012306181225288444,,
15,7,6,0.0021539449757777373,0.0003590644006636491,0.00026924312197221717,4.488305008295614e-05,0.0071936666512737385,0.001111635322967519,,,,,0.35,0.75,22482720.657891847,0.8460626052736252,0.01,5.257129015459001e-06,-0.0018847018538055201,,
15,7,7,,,0.0,0.0,0.0,0.0,,,,,0.45,0.75,22482720.657891847,0.8460626052736252,0.01,5.257129015459001e-06,,,
15,7,8,,,0.0,0.0,0.0,0.0,,,,,0.575,0.75,22482720.657891847,0.8460626052736252,0.015,3.5047526769726676e-06,,,
15,7,9,,,0.0,0.0,0.0,0.0,,,,,0.7250000000000001,0.75,22482720.657891847,0.8460626052736252,0.015,3.5047526769726676e-06,,,
15,7,10,,,0.0,0.0,0.0,0.0,,,,,0.9,0.75,22482720.657891847,0.8460626052736252,0.02,2.6285645077295006e-06,,,
16,2,2,9.142522516652079,0.1685635945096387,1.1428153145815099,0.021070449313704838,9.28071399619601,0.13064114858568127,,,,,0.07500000000000001,0.25,18148511.51191461,0.8882358581250351,0.005,1.2406825749407936e-05,-7.999707202070569,,
16,2,3,6.868867681944068,0.10202454303079164,0.8586084602430085,0.012753067878848952,6.81288618794555,0.06844605534121165,,,,,0.125,0.25,18148511.51191461,0.8882358581250351,0.005,1.2406825749407936e-05,-6.01025922170106,,
16,2,4,4.936150849050806,0.05801095164484658,0.6170188561313508,0.007251368955605822,5.02044496016575,0.05391943638507368,,,,,0.175,0.25,18148511.51191461,0.8882358581250351,0.005,1.2406825749407936e-05,-4.319131992919456,,
16,2,5,2.899786861846387,0.02682617614562421,0.36247335773079836,0.0033532720182030263,2.98128798000406,0.025547348691731264,,,,,0.25,0.25,18148511.51191461,0.8882358581250351,0.01,6.203412874703968e-06,-2.5373135041155885,,
16,2,6,1.3680508497219603,0.02048402891721175,0.17100635621524504,0.0025605036146514686,1.4111024369204823,0.01882155941886966,,,,,0.35,0.25,18148511.51191461,0.8882358581250351,0.01,6.203412874703968e-06,-1.1970444935067153,,
16,2,7,0.647161218634063,0.01814247112267503,0.08089515232925787,0.0022678088903343788,0.6602070455582086,0.01663022429378125,,,,,0.45,0.25,18148511.51191461,0.8882358581250351,0.01,6.203412874703968e-06,-0.5662660663048051,,
16,2,8,0.3175358395454933,0.016334102536920976,0.03969197994318666,0.002041762817115122,0.3052628451780586,0.014869182739689877,,,,,0.575,0.25,18148511.51191461,0.8882358581250351,0.015,4.1356085831359794e-06,-0.2778438596023066,,
16,2,9,,,0.0,0.0,0.0,0.0,,,,,0.7250000000000001,0.25,18148511.51191461,0.8882358581250351,0.015,4.1356085831359794e-06,,,
16,2,10,,,0.0,0.0,0.0,0.0,,,,,0.9,0.25,18148511.51191461,0.8882358581250351,0.02,3.101706437351984e-06,,,
16,3,2,4.2502171438936305,0.06000911316052219,0.5312771429867038,0.007501139145065274,4.336522645182304,0.04530239748384727,,,,,0.07500000000000001,0.35,18148511.51191461,0.8882358581250351,0.005,1.2406825749407936e-05,-3.718940000906927,,
16,3,3,3.331212651946563,0.05116679425854785,0.41640158149332035,0.006395849282318481,3.427042166379563,0.035967749999341304,,,,,0.125,0.35,18148511.51191461,0.8882358581250351,0.005,1.2406825749407936e-05,-2.9148110704532426,,
16,3,4,2.651382508097498,0.044604185296143455,0.3314228135121873,0.005575523162017932,2.694232118953548,0.02811560129802617,,,,,0.175,0.35,18148511.51191461,0.8882358581250351,0.005,1.2406825749407936e-05,-2.319959694585311,,
16,3,5,1.7624731166238088,0.02242759857621318,0.2203091395779761,0.0028034498220266477,1.7968199236564382,0.01421411801880034,,,,,0.25,0.35,18148511.51191461,0.8882358581250351,0.01,6.203412874703968e-06,-1.5421639770458326,,
16,3,6,0.9073283403900255,0.012307441751066584,0.11341604254875319,0.001538430218883323,0.9464668774734762,0.009228397187205731,,,,,0.35,0.35,18148511.51191461,0.8882358581250351,0.01,6.203412874703968e-06,-0.7939122978412724,,
16,3,7,0.4828020259905531,0.00775217200215292,0.06035025324881915,0.000969021500269115,0.49633232551297246,0.006232903305110979,,,,,0.45,0.35,18148511.51191461,0.8882358581250351,0.01,6.203412874703968e-06,-0.42245177274173396,,
16,3,8,0.1951028922134649,0.003675198699228007,0.024387861526683114,0.0004593998374035009,0.20444586151837088,0.003313715120472948,,,,,0.575,0.35,18148511.51191461,0.8882358581250351,0.015,4.1356085831359794e-06,-0.1707150306867818,,
16,3,9,0.07263722009681597,0.0023407901023027033,0.009079652512101997,0.0002925987627878379,0.07345765808308893,0.0021396574328044734,,,,,0.7250000000000001,0.35,18148511.51191461,0.8882358581250351,0.015,4.1356085831359794e-06,-0.06355756758471398,,
16,3,10,0.013285506444512738,0.0009411870205970287,0.0016606883055640923,0.00011764837757462858,0.016379899017486654,0.0011398107648795273,,,,,0.9,0.35,18148511.51191461,0.8882358581250351,0.02,3.101706437351984e-06,-0.011624818138948646,,
16,4,2,2.2665067815668567,0.04518229204780745,0.28331334769585703,0.005647786505975931,2.3032044415792625,0.027111902483445784,,,,,0.07500000000000001,0.45,18148511.51191461,0.8882358581250351,0.005,1.2406825749407936e-05,-1.9831934338709996,,
16,4,3,1.7739255095259747,0.03622295369060342,0.22174068869074684,0.004527869211325428,1.8186960789690685,0.024198258285006585,,,,,0.125,0.45,18148511.51191461,0.8882358581250351,0.005,1.2406825749407936e-05,-1.5521848208352278,,
16,4,4,1.4391585260566964,0.032477315322908366,0.17989481575708705,0.004059664415363546,1.448899526913237,0.018734979874307514,,,,,0.175,0.45,18148511.51191461,0.8882358581250351,0.005,1.2406825749407936e-05,-1.2592637102996094,,
16,4,5,0.9851049280146533,0.019642178730394727,0.12313811600183167,0.002455272341299341,1.0137658533595115,0.010185930204163777,,,,,0.25,0.45,18148511.51191461,0.8882358581250351,0.01,6.203412874703968e-06,-0.8619668120128217,,
16,4,6,0.5770699769755848,0.015205781033324593,0.07213374712194809,0.0019007226291655745,0.5877568554361595,0.006813967677497731,,,,,0.35,0.45,18148511.51191461,0.8882358581250351,0.01,6.203412874703968e-06,-0.5049362298536367,,
16,4,7,0.29181229749901927,0.009245534247102961,0.03647653718737741,0.0011556917808878703,0.32322781617234175,0.0047377842779164625,,,,,0.45,0.45,18148511.51191461,0.8882358581250351,0.01,6.203412874703968e-06,-0.25533576031164185,,
16,4,8,0.1568026312303589,0.005490269773089179,0.019600328903794862,0.0006862837216361474,0.1622028590541484,0.0024789855188968625,,,,,0.575,0.45,18148511.51191461,0.8882358581250351,0.015,4.1356085831359794e-06,-0.13720230232656402,,
16,4,9,0.058900557287223834,0.002791022859785613,0.007362569660902979,0.00034887785747320164,0.06338156263888331,0.001471420607529264,,,,,0.7250000000000001,0.45,18148511.51191461,0.8882358581250351,0.015,4.1356085831359794e-06,-0.05153798762632086,,
16,4,10,0.014849765507506947,0.0005194175485046092,0.0018562206884383684,6.492719356307615e-05,0.01936947186788796,0.0006639123596478859,,,,,0.9,0.45,18148511.51191461,0.8882358581250351,0.02,3.101706437351984e-06,-0.01299354481906858,,
16,5,2,1.1674647849469548,0.020100225431899037,0.14593309811836935,0.002512528178987379,1.189248557800064,0.016584069489759903,,,,,0.07500000000000001,0.55,18148511.51191461,0.8882358581250351,0.005,1.2406825749407936e-05,-1.0215316868285855,,
16,5,3,0.9070808104528876,0.022411717740697584,0.11338510130661095,0.002801464717587198,0.9251521657970365,0.01479288741519804,,,,,0.125,0.55,18148511.51191461,0.8882358581250351,0.005,1.2406825749407936e-05,-0.7936957091462766,,
16,5,4,0.7328139646113391,0.022845938847089586,0.09160174557641736,0.0028557423558861978,0.7666891589935673,0.012358880124728522,,,,,0.175,0.55,18148511.51191461,0.8882358581250351,0.005,1.2406825749407936e-05,-0.6412122190349218,,
16,5,5,0.4887718032670581,0.019279792365864034,0.06109647540838226,0.002409974045733004,0.5228261843448058,0.007319011684962579,,,,,0.25,0.55,18148511.51191461,0.8882358581250351,0.01,6.203412874703968e-06,-0.42767532785867585,,
16,5,6,0.3092463282702164,0.014211329295388233,0.03865579103377705,0.0017764161619235291,0.32633834619101587,0.0050286079781103905,,,,,0.35,0.55,18148511.51191461,0.8882358581250351,0.01,6.203412874703968e-06,-0.2705905372364394,,
16,5,7,0.14926929886330992,0.002729715999781779,0.01865866235791374,0.0003412144999727223,0.20645844489203238,0.0037132770846369915,,,,,0.45,0.55,18148511.51191461,0.8882358581250351,0.01,6.203412874703968e-06,-0.13061063650539617,,
16,5,8,0.07425437768092276,0.0014227076623159543,0.009281797210115343,0.00017783845778949426,0.10344232682472179,0.001918369283196872,,,,,0.575,0.55,18148511.51191461,0.8882358581250351,0.015,4.1356085831359794e-06,-0.06497258047080742,,
16,5,9,0.03530557018932153,0.0009388660853148364,0.0044131962736651915,0.00011735826066435455,0.04957481928811161,0.0012697858542220042,,,,,0.7250000000000001,0.55,18148511.51191461,0.8882358581250351,0.015,4.1356085831359794e-06,-0.03089237391565634,,
16,5,10,0.01131795575735406,0.0004392335646146683,0.0014147444696692576,5.490419557683354e-05,0.015846311312068664,0.0005928422084583444,,,,,0.9,0.55,18148511.51191461,0.8882358581250351,0.02,3.101706437351984e-06,-0.009903211287684803,,
16,6,2,0.5618417654730836,0.011986243647027313,0.07023022068413544,0.001498280455878414,0.577765670163325,0.009969951531228132,,,,,0.07500000000000001,0.6499999999999999,18148511.51191461,0.8882358581250351,0.005,1.2406825749407936e-05,-0.4916115447889482,,
16,6,3,0.44247928263233227,0.013255557300076673,0.055309910329041534,0.0016569446625095841,0.44024929207873165,0.008378958744492227,,,,,0.125,0.6499999999999999,18148511.51191461,0.8882358581250351,0.005,1.2406825749407936e-05,-0.38716937230329074,,
16,6,4,0.33684096362048854,0.011141815763739371,0.04210512045256107,0.0013927269704674212,0.38255365859301127,0.007829940058975502,,,,,0.175,0.6499999999999999,18148511.51191461,0.8882358581250351,0.005,1.2406825749407936e-05,-0.29473584316792745,,
16,6,5,0.26890891031458286,0.016292939732967044,0.03361361378932286,0.0020366174666208805,0.26236509658296286,0.004362445865899055,,,,,0.25,0.6499999999999999,18148511.51191461,0.8882358581250351,0.01,6.203412874703968e-06,-0.23529529652526,,
16,6,6,0.12039088120606915,0.0027467631354899506,0.01504886015075864,0.0003433453919362438,0.16785177610324994,0.0034255445049638463,,,,,0.35,0.6499999999999999,18148511.51191461,0.8882358581250351,0.01,6.203412874703968e-06,-0.10534202105531051,,
16,6,7,0.07138009358626457,0.0019368114599765006,0.008922511698283071,0.00024210143249706257,0.10047059324189159,0.00259892725058247,,,,,0.45,0.6499999999999999,18148511.51191461,0.8882358581250351,0.01,6.203412874703968e-06,-0.0624575818879815,,
16,6,8,0.03781016128278994,0.001040818847116859,0.004726270160348742,0.00013010235588960736,0.05273838087843535,0.0013592115042470952,,,,,0.575,0.6499999999999999,18148511.51191461,0.8882358581250351,0.015,4.1356085831359794e-06,-0.0330838911224412,,
16,6,9,0.015428039216142985,0.0006261107540229142,0.0019285049020178729,7.826384425286428e-05,0.02203087948733861,0.0008523197154879391,,,,,0.7250000000000001,0.6499999999999999,18148511.51191461,0.8882358581250351,0.015,4.1356085831359794e-06,-0.013499534314125112,,
16,6,10,0.004020272605641235,0.000297209437426454,0.0005025340757051544,3.7151179678306736e-05,0.005618145979053852,0.00038712082332650134,,,,,0.9,0.6499999999999999,18148511.51191461,0.8882358581250351,0.02,3.101706437351984e-06,-0.0035177385299360805,,
16,7,2,0.19978106634653572,0.006736802734906966,0.02497263329331696,0.0008421003418633708,0.19958864460610687,0.005247838870491696,,,,,0.07500000000000001,0.75,18148511.51191461,0.8882358581250351,0.005,1.2406825749407936e-05,-0.17480843305321878,,
16,7,3,0.1058043607004323,0.004897179235148242,0.013225545087554037,0.0006121474043935302,0.13606468474625683,0.004634426111976796,,,,,0.125,0.75,18148511.51191461,0.8882358581250351,0.005,1.2406825749407936e-05,-0.09257881561287826,,
16,7,4,0.08359352252913753,0.0034626989403940787,0.010449190316142191,0.00043283736754925984,0.11358251194275361,0.004034086011266867,,,,,0.175,0.75,18148511.51191461,0.8882358581250351,0.005,1.2406825749407936e-05,-0.07314433221299534,,
16,7,5,0.053908009255515546,0.001935140994725378,0.006738501156939443,0.0002418926243406723,0.0741607070422595,0.002244864345890412,,,,,0.25,0.75,18148511.51191461,0.8882358581250351,0.01,6.203412874703968e-06,-0.047169508098576104,,
16,7,6,0.030226623416495423,0.0014752899734283983,0.003778327927061928,0.00018441124667854979,0.04109747301293939,0.001625694423894765,,,,,0.35,0.75,18148511.51191461,0.8882358581250351,0.01,6.203412874703968e-06,-0.026448295489433494,,
16,7,7,0.021488908391436246,0.0022534731191436717,0.0026861135489295307,0.00028168413989295896,0.022754373514848113,0.0012876702944402973,,,,,0.45,0.75,18148511.51191461,0.8882358581250351,0.01,6.203412874703968e-06,-0.018802794842506715,,
16,7,8,0.0033939306019999467,0.00031802282098385897,0.00042424132524999334,3.975285262298237e-05,0.006269828464744871,0.0005711691242983784,,,,,0.575,0.75,18148511.51191461,0.8882358581250351,0.015,4.1356085831359794e-06,-0.0029696892767499534,,
16,7,9,,,0.0,0.0,0.0,0.0,,,,,0.7250000000000001,0.75,18148511.51191461,0.8882358581250351,0.015,4.1356085831359794e-06,,,
16,7,10,,,0.0,0.0,0.0,0.0,,,,,0.9,0.75,18148511.51191461,0.8882358581250351,0.02,3.101706437351984e-06,,,
17,2,2,,,,,,,,,,,0.07500000000000001,0.25,,,0.005,,,,
17,2,3,,,,,,,,,,,0.125,0.25,,,0.005,,,,
17,2,4,,,,,,,,,,,0.175,0.25,,,0.005,,,,
17,2,5,,,,,,,,,,,0.25,0.25,,,0.01,,,,
17,2,6,,,,,,,,,,,0.35,0.25,,,0.01,,,,
17,2,7,,,,,,,,,,,0.45,0.25,,,0.01,,,,
17,2,8,,,,,,,,,,,0.575,0.25,,,0.015,,,,
17,2,9,,,,,,,,,,,0.7250000000000001,0.25,,,0.015,,,,
17,2,10,,,,,,,,,,,0.9,0.25,,,0.02,,,,
17,3,2,,,,,,,,,,,0.07500000000000001,0.35,,,0.005,,,,
17,3,3,,,,,,,,,,,0.125,0.35,,,0.005,,,,
17,3,4,,,,,,,,,,,0.175,0.35,,,0.005,,,,
17,3,5,,,,,,,,,,,0.25,0.35,,,0.01,,,,
17,3,6,,,,,,,,,,,0.35,0.35,,,0.01,,,,
17,3,7,,,,,,,,,,,0.45,0.35,,,0.01,,,,
17,3,8,,,,,,,,,,,0.575,0.35,,,0.015,,,,
17,3,9,,,,,,,,,,,0.7250000000000001,0.35,,,0.015,,,,
17,3,10,,,,,,,,,,,0.9,0.35,,,0.02,,,,
17,4,2,,,,,,,,,,,0.07500000000000001,0.45,,,0.005,,,,
17,4,3,,,,,,,,,,,0.125,0.45,,,0.005,,,,
17,4,4,,,,,,,,,,,0.175,0.45,,,0.005,,,,
17,4,5,,,,,,,,,,,0.25,0.45,,,0.01,,,,
17,4,6,,,,,,,,,,,0.35,0.45,,,0.01,,,,
17,4,7,,,,,,,,,,,0.45,0.45,,,0.01,,,,
17,4,8,,,,,,,,,,,0.575,0.45,,,0.015,,,,
17,4,9,,,,,,,,,,,0.7250000000000001,0.45,,,0.015,,,,
17,4,10,,,,,,,,,,,0.9,0.45,,,0.02,,,,
17,5,2,,,,,,,,,,,0.07500000000000001,0.55,,,0.005,,,,
17,5,3,,,,,,,,,,,0.125,0.55,,,0.005,,,,
17,5,4,,,,,,,,,,,0.175,0.55,,,0.005,,,,
17,5,5,,,,,,,,,,,0.25,0.55,,,0.01,,,,
17,5,6,,,,,,,,,,,0.35,0.55,,,0.01,,,,
17,5,7,,,,,,,,,,,0.45,0.55,,,0.01,,,,
17,5,8,,,,,,,,,,,0.575,0.55,,,0.015,,,,
17,5,9,,,,,,,,,,,0.7250000000000001,0.55,,,0.015,,,,
17,5,10,,,,,,,,,,,0.9,0.55,,,0.02,,,,
17,6,2,,,,,,,,,,,0.07500000000000001,0.6499999999999999,,,0.005,,,,
17,6,3,,,,,,,,,,,0.125,0.6499999999999999,,,0.005,,,,
17,6,4,,,,,,,,,,,0.175,0.6499999999999999,,,0.005,,,,
17,6,5,,,,,,,,,,,0.25,0.6499999999999999,,,0.01,,,,
17,6,6,,,,,,,,,,,0.35,0.6499999999999999,,,0.01,,,,
17,6,7,,,,,,,,,,,0.45,0.6499999999999999,,,0.01,,,,
17,6,8,,,,,,,,,,,0.575,0.6499999999999999,,,0.015,,,,
17,6,9,,,,,,,,,,,0.7250000000000001,0.6499999999999999,,,0.015,,,,
17,6,10,,,,,,,,,,,0.9,0.6499999999999999,,,0.02,,,,
17,7,2,,,,,,,,,,,0.07500000000000001,0.75,,,0.005,,,,
17,7,3,,,,,,,,,,,0.125,0.75,,,0.005,,,,
17,7,4,,,,,,,,,,,0.175,0.75,,,0.005,,,,
17,7,5,,,,,,,,,,,0.25,0.75,,,0.01,,,,
17,7,6,,,,,,,,,,,0.35,0.75,,,0.01,,,,
17,7,7,,,,,,,,,,,0.45,0.75,,,0.01,,,,
17,7,8,,,,,,,,,,,0.575,0.75,,,0.015,,,,
17,7,9,,,,,,,,,,,0.7250000000000001,0.75,,,0.015,,,,
17,7,10,,,,,,,,,,,0.9,0.75,,,0.02,,,,
18,2,2,,,,,,,,,,,0.07500000000000001,0.25,,,0.005,,,,
18,2,3,,,,,,,,,,,0.125,0.25,,,0.005,,,,
18,2,4,,,,,,,,,,,0.175,0.25,,,0.005,,,,
18,2,5,,,,,,,,,,,0.25,0.25,,,0.01,,,,
18,2,6,,,,,,,,,,,0.35,0.25,,,0.01,,,,
18,2,7,,,,,,,,,,,0.45,0.25,,,0.01,,,,
18,2,8,,,,,,,,,,,0.575,0.25,,,0.015,,,,
18,2,9,,,,,,,,,,,0.7250000000000001,0.25,,,0.015,,,,
18,2,10,,,,,,,,,,,0.9,0.25,,,0.02,,,,
18,3,2,,,,,,,,,,,0.07500000000000001,0.35,,,0.005,,,,
18,3,3,,,,,,,,,,,0.125,0.35,,,0.005,,,,
18,3,4,,,,,,,,,,,0.175,0.35,,,0.005,,,,
18,3,5,,,,,,,,,,,0.25,0.35,,,0.01,,,,
18,3,6,,,,,,,,,,,0.35,0.35,,,0.01,,,,
18,3,7,,,,,,,,,,,0.45,0.35,,,0.01,,,,
18,3,8,,,,,,,,,,,0.575,0.35,,,0.015,,,,
18,3,9,,,,,,,,,,,0.7250000000000001,0.35,,,0.015,,,,
18,3,10,,,,,,,,,,,0.9,0.35,,,0.02,,,,
18,4,2,,,,,,,,,,,0.07500000000000001,0.45,,,0.005,,,,
18,4,3,,,,,,,,,,,0.125,0.45,,,0.005,,,,
18,4,4,,,,,,,,,,,0.175,0.45,,,0.005,,,,
18,4,5,,,,,,,,,,,0.25,0.45,,,0.01,,,,
18,4,6,,,,,,,,,,,0.35,0.45,,,0.01,,,,
18,4,7,,,,,,,,,,,0.45,0.45,,,0.01,,,,
18,4,8,,,,,,,,,,,0.575,0.45,,,0.015,,,,
18,4,9,,,,,,,,,,,0.7250000000000001,0.45,,,0.015,,,,
18,4,10,,,,,,,,,,,0.9,0.45,,,0.02,,,,
18,5,2,,,,,,,,,,,0.07500000000000001,0.55,,,0.005,,,,
18,5,3,,,,,,,,,,,0.125,0.55,,,0.005,,,,
18,5,4,,,,,,,,,,,0.175,0.55,,,0.005,,,,
18,5,5,,,,,,,,,,,0.25,0.55,,,0.01,,,,
18,5,6,,,,,,,,,,,0.35,0.55,,,0.01,,,,
18,5,7,,,,,,,,,,,0.45,0.55,,,0.01,,,,
18,5,8,,,,,,,,,,,0.575,0.55,,,0.015,,,,
18,5,9,,,,,,,,,,,0.7250000000000001,0.55,,,0.015,,,,
18,5,10,,,,,,,,,,,0.9,0.55,,,0.02,,,,
18,6,2,,,,,,,,,,,0.07500000000000001,0.6499999999999999,,,0.005,,,,
18,6,3,,,,,,,,,,,0.125,0.6499999999999999,,,0.005,,,,
18,6,4,,,,,,,,,,,0.175,0.6499999999999999,,,0.005,,,,
18,6,5,,,,,,,,,,,0.25,0.6499999999999999,,,0.01,,,,
18,6,6,,,,,,,,,,,0.35,0.6499999999999999,,,0.01,,,,
18,6,7,,,,,,,,,,,0.45,0.6499999999999999,,,0.01,,,,
18,6,8,,,,,,,,,,,0.575,0.6499999999999999,,,0.015,,,,
18,6,9,,,,,,,,,,,0.7250000000000001,0.6499999999999999,,,0.015,,,,
18,6,10,,,,,,,,,,,0.9,0.6499999999999999,,,0.02,,,,
18,7,2,,,,,,,,,,,0.07500000000000001,0.75,,,0.005,,,,
18,7,3,,,,,,,,,,,0.125,0.75,,,0.005,,,,
18,7,4,,,,,,,,,,,0.175,0.75,,,0.005,,,,
18,7,5,,,,,,,,,,,0.25,0.75,,,0.01,,,,
18,7,6,,,,,,,,,,,0.35,0.75,,,0.01,,,,
18,7,7,,,,,,,,,,,0.45,0.75,,,0.01,,,,
18,7,8,,,,,,,,,,,0.575,0.75,,,0.015,,,,
18,7,9,,,,,,,,,,,0.7250000000000001,0.75,,,0.015,,,,
18,7,10,,,,,,,,,,,0.9,0.75,,,0.02,,,,
19,2,2,,,,,,,,,,,0.07500000000000001,0.25,,,0.005,,,,
19,2,3,,,,,,,,,,,0.125,0.25,,,0.005,,,,
19,2,4,,,,,,,,,,,0.175,0.25,,,0.005,,,,
19,2,5,,,,,,,,,,,0.25,0.25,,,0.01,,,,
19,2,6,,,,,,,,,,,0.35,0.25,,,0.01,,,,
19,2,7,,,,,,,,,,,0.45,0.25,,,0.01,,,,
19,2,8,,,,,,,,,,,0.575,0.25,,,0.015,,,,
19,2,9,,,,,,,,,,,0.7250000000000001,0.25,,,0.015,,,,
19,2,10,,,,,,,,,,,0.9,0.25,,,0.02,,,,
19,3,2,,,,,,,,,,,0.07500000000000001,0.35,,,0.005,,,,
19,3,3,,,,,,,,,,,0.125,0.35,,,0.005,,,,
19,3,4,,,,,,,,,,,0.175,0.35,,,0.005,,,,
19,3,5,,,,,,,,,,,0.25,0.35,,,0.01,,,,
19,3,6,,,,,,,,,,,0.35,0.35,,,0.01,,,,
19,3,7,,,,,,,,,,,0.45,0.35,,,0.01,,,,
19,3,8,,,,,,,,,,,0.575,0.35,,,0.015,,,,
19,3,9,,,,,,,,,,,0.7250000000000001,0.35,,,0.015,,,,
19,3,10,,,,,,,,,,,0.9,0.35,,,0.02,,,,
19,4,2,,,,,,,,,,,0.07500000000000001,0.45,,,0.005,,,,
19,4,3,,,,,,,,,,,0.125,0.45,,,0.005,,,,
19,4,4,,,,,,,,,,,0.175,0.45,,,0.005,,,,
19,4,5,,,,,,,,,,,0.25,0.45,,,0.01,,,,
19,4,6,,,,,,,,,,,0.35,0.45,,,0.01,,,,
19,4,7,,,,,,,,,,,0.45,0.45,,,0.01,,,,
19,4,8,,,,,,,,,,,0.575,0.45,,,0.015,,,,
19,4,9,,,,,,,,,,,0.7250000000000001,0.45,,,0.015,,,,
19,4,10,,,,,,,,,,,0.9,0.45,,,0.02,,,,
19,5,2,,,,,,,,,,,0.07500000000000001,0.55,,,0.005,,,,
19,5,3,,,,,,,,,,,0.125,0.55,,,0.005,,,,
19,5,4,,,,,,,,,,,0.175,0.55,,,0.005,,,,
19,5,5,,,,,,,,,,,0.25,0.55,,,0.01,,,,
19,5,6,,,,,,,,,,,0.35,0.55,,,0.01,,,,
19,5,7,,,,,,,,,,,0.45,0.55,,,0.01,,,,
19,5,8,,,,,,,,,,,0.575,0.55,,,0.015,,,,
19,5,9,,,,,,,,,,,0.7250000000000001,0.55,,,0.015,,,,
19,5,10,,,,,,,,,,,0.9,0.55,,,0.02,,,,
19,6,2,,,,,,,,,,,0.07500000000000001,0.6499999999999999,,,0.005,,,,
19,6,3,,,,,,,,,,,0.125,0.6499999999999999,,,0.005,,,,
19,6,4,,,,,,,,,,,0.175,0.6499999999999999,,,0.005,,,,
19,6,5,,,,,,,,,,,0.25,0.6499999999999999,,,0.01,,,,
19,6,6,,,,,,,,,,,0.35,0.6499999999999999,,,0.01,,,,
19,6,7,,,,,,,,,,,0.45,0.6499999999999999,,,0.01,,,,
19,6,8,,,,,,,,,,,0.575,0.6499999999999999,,,0.015,,,,
19,6,9,,,,,,,,,,,0.7250000000000001,0.6499999999999999,,,0.015,,,,
19,6,10,,,,,,,,,,,0.9,0.6499999999999999,,,0.02,,,,
19,7,2,,,,,,,,,,,0.07500000000000001,0.75,,,0.005,,,,
19,7,3,,,,,,,,,,,0.125,0.75,,,0.005,,,,
19,7,4,,,,,,,,,,,0.175,0.75,,,0.005,,,,
19,7,5,,,,,,,,,,,0.25,0.75,,,0.01,,,,
19,7,6,,,,,,,,,,,0.35,0.75,,,0.01,,,,
19,7,7,,,,,,,,,,,0.45,0.75,,,0.01,,,,
19,7,8,,,,,,,,,,,0.575,0.75,,,0.015,,,,
19,7,9,,,,,,,,,,,0.7250000000000001,0.75,,,0.015,,,,
19,7,10,,,,,,,,,,,0.9,0.75,,,0.02,,,,
20,2,2,,,,,,,,,,,0.07500000000000001,0.25,,,0.005,,,,
20,2,3,,,,,,,,,,,0.125,0.25,,,0.005,,,,
20,2,4,,,,,,,,,,,0.175,0.25,,,0.005,,,,
20,2,5,,,,,,,,,,,0.25,0.25,,,0.01,,,,
20,2,6,,,,,,,,,,,0.35,0.25,,,0.01,,,,
20,2,7,,,,,,,,,,,0.45,0.25,,,0.01,,,,
20,2,8,,,,,,,,,,,0.575,0.25,,,0.015,,,,
20,2,9,,,,,,,,,,,0.7250000000000001,0.25,,,0.015,,,,
20,2,10,,,,,,,,,,,0.9,0.25,,,0.02,,,,
20,3,2,,,,,,,,,,,0.07500000000000001,0.35,,,0.005,,,,
20,3,3,,,,,,,,,,,0.125,0.35,,,0.005,,,,
20,3,4,,,,,,,,,,,0.175,0.35,,,0.005,,,,
20,3,5,,,,,,,,,,,0.25,0.35,,,0.01,,,,
20,3,6,,,,,,,,,,,0.35,0.35,,,0.01,,,,
20,3,7,,,,,,,,,,,0.45,0.35,,,0.01,,,,
20,3,8,,,,,,,,,,,0.575,0.35,,,0.015,,,,
20,3,9,,,,,,,,,,,0.7250000000000001,0.35,,,0.015,,,,
20,3,10,,,,,,,,,,,0.9,0.35,,,0.02,,,,
20,4,2,,,,,,,,,,,0.07500000000000001,0.45,,,0.005,,,,
20,4,3,,,,,,,,,,,0.125,0.45,,,0.005,,,,
20,4,4,,,,,,,,,,,0.175,0.45,,,0.005,,,,
20,4,5,,,,,,,,,,,0.25,0.45,,,0.01,,,,
20,4,6,,,,,,,,,,,0.35,0.45,,,0.01,,,,
20,4,7,,,,,,,,,,,0.45,0.45,,,0.01,,,,
20,4,8,,,,,,,,,,,0.575,0.45,,,0.015,,,,
20,4,9,,,,,,,,,,,0.7250000000000001,0.45,,,0.015,,,,
20,4,10,,,,,,,,,,,0.9,0.45,,,0.02,,,,
20,5,2,,,,,,,,,,,0.07500000000000001,0.55,,,0.005,,,,
20,5,3,,,,,,,,,,,0.125,0.55,,,0.005,,,,
20,5,4,,,,,,,,,,,0.175,0.55,,,0.005,,,,
20,5,5,,,,,,,,,,,0.25,0.55,,,0.01,,,,
20,5,6,,,,,,,,,,,0.35,0.55,,,0.01,,,,
20,5,7,,,,,,,,,,,0.45,0.55,,,0.01,,,,
20,5,8,,,,,,,,,,,0.575,0.55,,,0.015,,,,
20,5,9,,,,,,,,,,,0.7250000000000001,0.55,,,0.015,,,,
20,5,10,,,,,,,,,,,0.9,0.55,,,0.02,,,,
20,6,2,,,,,,,,,,,0.07500000000000001,0.6499999999999999,,,0.005,,,,
20,6,3,,,,,,,,,,,0.125,0.6499999999999999,,,0.005,,,,
20,6,4,,,,,,,,,,,0.175,0.6499999999999999,,,0.005,,,,
20,6,5,,,,,,,,,,,0.25,0.6499999999999999,,,0.01,,,,
20,6,6,,,,,,,,,,,0.35,0.6499999999999999,,,0.01,,,,
20,6,7,,,,,,,,,,,0.45,0.6499999999999999,,,0.01,,,,
20,6,8,,,,,,,,,,,0.575,0.6499999999999999,,,0.015,,,,
20,6,9,,,,,,,,,,,0.7250000000000001,0.6499999999999999,,,0.015,,,,
20,6,10,,,,,,,,,,,0.9,0.6499999999999999,,,0.02,,,,
20,7,2,,,,,,,,,,,0.07500000000000001,0.75,,,0.005,,,,
20,7,3,,,,,,,,,,,0.125,0.75,,,0.005,,,,
20,7,4,,,,,,,,,,,0.175,0.75,,,0.005,,,,
20,7,5,,,,,,,,,,,0.25,0.75,,,0.01,,,,
20,7,6,,,,,,,,,,,0.35,0.75,,,0.01,,,,
20,7,7,,,,,,,,,,,0.45,0.75,,,0.01,,,,
20,7,8,,,,,,,,,,,0.575,0.75,,,0.015,,,,
20,7,9,,,,,,,,,,,0.7250000000000001,0.75,,,0.015,,,,
20,7,10,,,,,,,,,,,0.9,0.75,,,0.02,,,,
