xq2_bin,z_bin_phiavg,pt2_bin_phiavg,phi_nonzero_mean,phi_nonzero_count,phi_nonzero_sum,z_bin0,pt2_bin0,z_bin_spec,pt2_bin_spec,content,error,_merge,diff(phiavg - spec),ratio(phiavg/spec),abs_rel_diff
0,,,,,,,,0.0,0.0,15452.0,3785.51,right_only,,,
0,,,,,,,,0.0,1.0,18628.8,4090.58,right_only,,,
0,,,,,,,,0.0,2.0,16547.1,2479.96,right_only,,,
0,,,,,,,,0.0,3.0,11683.8,1423.09,right_only,,,
0,,,,,,,,0.0,4.0,9911.87,1174.81,right_only,,,
0,,,,,,,,0.0,5.0,1336.69,157.009,right_only,,,
0,,,,,,,,0.0,6.0,0.0,0.0,right_only,,,
0,,,,,,,,0.0,7.0,0.0,0.0,right_only,,,
0,,,,,,,,0.0,8.0,0.0,0.0,right_only,,,
0,,,,,,,,0.0,9.0,0.0,0.0,right_only,,,
0,,,,,,,,0.0,10.0,0.0,0.0,right_only,,,
0,,,,,,,,1.0,0.0,-17987.3,2766.15,right_only,,,
0,,,,,,,,1.0,1.0,-21873.2,2248.86,right_only,,,
0,,,,,,,,1.0,2.0,25551.9,1567.96,right_only,,,
0,,,,,,,,1.0,3.0,24168.3,984.027,right_only,,,
0,,,,,,,,1.0,4.0,36392.1,1255.46,right_only,,,
0,,,,,,,,1.0,5.0,21137.7,942.474,right_only,,,
0,,,,,,,,1.0,6.0,9850.44,384.06,right_only,,,
0,,,,,,,,1.0,7.0,4893.22,307.973,right_only,,,
0,,,,,,,,1.0,8.0,943.782,43.3066,right_only,,,
0,,,,,,,,1.0,9.0,80.2154,38.882,right_only,,,
0,,,,,,,,1.0,10.0,0.0,0.0,right_only,,,
0,,,,,,,,2.0,0.0,-5302.73,1178.98,right_only,,,
0,,,,,,,,2.0,1.0,8893.8,1066.5,right_only,,,
0,,,,,,,,2.0,2.0,10999.6,805.27,right_only,,,
0,,,,,,,,2.0,3.0,12173.3,627.866,right_only,,,
0,,,,,,,,2.0,4.0,22057.3,877.118,right_only,,,
0,,,,,,,,2.0,5.0,16792.7,584.968,right_only,,,
0,,,,,,,,2.0,6.0,11507.8,344.296,right_only,,,
0,,,,,,,,2.0,7.0,10290.9,384.474,right_only,,,
0,,,,,,,,2.0,8.0,5145.16,235.961,right_only,,,
0,,,,,,,,2.0,9.0,2630.8,135.696,right_only,,,
0,,,,,,,,2.0,10.0,867.099,51.2842,right_only,,,
0,,,,,,,,3.0,0.0,2237.55,335.159,right_only,,,
0,,,,,,,,3.0,1.0,4247.6,358.448,right_only,,,
0,,,,,,,,3.0,2.0,5250.84,312.045,right_only,,,
0,,,,,,,,3.0,3.0,5458.17,290.742,right_only,,,
0,,,,,,,,3.0,4.0,11106.9,588.514,right_only,,,
0,,,,,,,,3.0,5.0,9634.46,361.507,right_only,,,
0,,,,,,,,3.0,6.0,7487.51,305.017,right_only,,,
0,,,,,,,,3.0,7.0,7982.59,251.145,right_only,,,
0,,,,,,,,3.0,8.0,4780.36,156.465,right_only,,,
0,,,,,,,,3.0,9.0,3294.98,114.368,right_only,,,
0,,,,,,,,3.0,10.0,2253.2,128.02,right_only,,,
0,,,,,,,,4.0,0.0,1552.58,161.842,right_only,,,
0,,,,,,,,4.0,1.0,2369.04,223.421,right_only,,,
0,,,,,,,,4.0,2.0,2593.71,220.725,right_only,,,
0,,,,,,,,4.0,3.0,2857.84,180.426,right_only,,,
0,,,,,,,,4.0,4.0,5954.6,368.991,right_only,,,
0,,,,,,,,4.0,5.0,5306.74,286.425,right_only,,,
0,,,,,,,,4.0,6.0,4635.35,192.479,right_only,,,
0,,,,,,,,4.0,7.0,5133.3,178.261,right_only,,,
0,,,,,,,,4.0,8.0,3383.43,163.552,right_only,,,
0,,,,,,,,4.0,9.0,2645.94,159.483,right_only,,,
0,,,,,,,,4.0,10.0,2292.73,76.1452,right_only,,,
0,,,,,,,,5.0,0.0,978.871,116.406,right_only,,,
0,,,,,,,,5.0,1.0,1356.28,123.499,right_only,,,
0,,,,,,,,5.0,2.0,1578.18,106.987,right_only,,,
0,,,,,,,,5.0,3.0,1611.89,105.874,right_only,,,
0,,,,,,,,5.0,4.0,3312.23,164.514,right_only,,,
0,,,,,,,,5.0,5.0,3051.4,194.738,right_only,,,
0,,,,,,,,5.0,6.0,2699.98,192.83,right_only,,,
0,,,,,,,,5.0,7.0,3290.21,174.248,right_only,,,
0,,,,,,,,5.0,8.0,2345.46,134.767,right_only,,,
0,,,,,,,,5.0,9.0,1828.19,124.989,right_only,,,
0,,,,,,,,5.0,10.0,1662.4,122.012,right_only,,,
0,,,,,,,,6.0,0.0,669.043,93.9505,right_only,,,
0,,,,,,,,6.0,1.0,938.66,97.719,right_only,,,
0,,,,,,,,6.0,2.0,1012.72,85.3587,right_only,,,
0,,,,,,,,6.0,3.0,890.098,111.157,right_only,,,
0,,,,,,,,6.0,4.0,1908.92,144.299,right_only,,,
0,,,,,,,,6.0,5.0,1655.37,125.737,right_only,,,
0,,,,,,,,6.0,6.0,1529.61,120.57,right_only,,,
0,,,,,,,,6.0,7.0,1844.97,120.714,right_only,,,
0,,,,,,,,6.0,8.0,1185.68,113.407,right_only,,,
0,,,,,,,,6.0,9.0,864.524,107.239,right_only,,,
0,,,,,,,,6.0,10.0,394.026,54.0601,right_only,,,
0,,,,,,,,7.0,0.0,251.691,45.358,right_only,,,
0,,,,,,,,7.0,1.0,321.816,46.3358,right_only,,,
0,,,,,,,,7.0,2.0,326.548,37.1379,right_only,,,
0,,,,,,,,7.0,3.0,298.879,52.2359,right_only,,,
0,,,,,,,,7.0,4.0,505.678,85.7836,right_only,,,
0,,,,,,,,7.0,5.0,361.43,37.0673,right_only,,,
0,,,,,,,,7.0,6.0,205.887,31.8298,right_only,,,
0,,,,,,,,7.0,7.0,151.4,39.6374,right_only,,,
0,,,,,,,,7.0,8.0,0.0,0.0,right_only,,,
0,,,,,,,,7.0,9.0,0.0,0.0,right_only,,,
0,,,,,,,,7.0,10.0,0.0,0.0,right_only,,,
1,1.0,1.0,2126541.25,8.0,17012330.0,0.0,0.0,0.0,0.0,8990.04,2373.11,both,2117551.21,236.54413662230644,235.54413662230644
1,1.0,2.0,1135790.125,8.0,9086321.0,0.0,1.0,0.0,1.0,9273.77,1918.6,both,1126516.355,122.47339808945013,121.47339808945013
1,1.0,3.0,414197.0,8.0,3313576.0,0.0,2.0,0.0,2.0,7695.57,1247.12,both,406501.43,53.82278375740849,52.82278375740849
1,1.0,4.0,222630.875,8.0,1781047.0,0.0,3.0,0.0,3.0,4548.12,615.9,both,218082.755,48.95008816829811,47.95008816829811
1,1.0,5.0,210041.0,8.0,1680328.0,0.0,4.0,0.0,4.0,3034.77,405.196,both,207006.23,69.21150532000777,68.21150532000777
1,1.0,6.0,93188.525,8.0,745508.2,0.0,5.0,0.0,5.0,155.988,45.3414,both,93032.537,597.4082942277611,596.4082942277611
1,,,,,,,,0.0,6.0,0.0,0.0,right_only,,,
1,,,,,,,,0.0,7.0,0.0,0.0,right_only,,,
1,,,,,,,,0.0,8.0,0.0,0.0,right_only,,,
1,,,,,,,,0.0,9.0,0.0,0.0,right_only,,,
1,,,,,,,,0.0,10.0,0.0,0.0,right_only,,,
1,2.0,1.0,241972.5,6.0,1451835.0,1.0,0.0,1.0,0.0,21099.7,3485.84,both,220872.8,11.468054048161822,10.468054048161822
1,2.0,2.0,118025.6625,8.0,944205.3,1.0,1.0,1.0,1.0,21785.8,2569.74,both,96239.8625,5.4175500784914945,4.4175500784914945
1,2.0,3.0,87271.475,8.0,698171.8,1.0,2.0,1.0,2.0,23889.3,1667.09,both,63382.175,3.653161666520158,2.6531616665201576
1,2.0,4.0,60301.35,8.0,482410.8,1.0,3.0,1.0,3.0,19958.0,1204.54,both,40343.35,3.0214124661789756,2.0214124661789756
1,2.0,5.0,77813.0,8.0,622504.0,1.0,4.0,1.0,4.0,25367.1,1193.56,both,52445.9,3.0674771653046666,2.0674771653046666
1,2.0,6.0,43529.15,8.0,348233.2,1.0,5.0,1.0,5.0,11620.9,589.252,both,31908.25,3.7457640974451207,2.7457640974451207
1,2.0,7.0,24331.7875,8.0,194654.3,1.0,6.0,1.0,6.0,4342.97,194.231,both,19988.817499999997,5.60256863390721,4.60256863390721
1,2.0,8.0,17897.275,8.0,143178.2,1.0,7.0,1.0,7.0,1563.08,111.067,both,16334.195000000002,11.450005757862684,10.450005757862684
1,2.0,9.0,8042.5525,8.0,64340.42,1.0,8.0,1.0,8.0,156.991,38.6508,both,7885.5615,51.22938576096718,50.22938576096718
1,2.0,10.0,5760.746666666666,3.0,17282.239999999998,1.0,9.0,1.0,9.0,0.0,0.0,both,5760.746666666666,,
1,,,,,,,,1.0,10.0,0.0,0.0,right_only,,,
1,3.0,1.0,110363.4875,8.0,882907.9,2.0,0.0,2.0,0.0,-10187.4,1433.41,both,120550.8875,-10.833332106327425,-11.833332106327424
1,3.0,2.0,47467.46666666667,6.0,284804.8,2.0,1.0,2.0,1.0,11901.7,1052.61,both,35565.76666666666,3.9882929889567595,2.988292988956759
1,3.0,3.0,40661.1875,8.0,325289.5,2.0,2.0,2.0,2.0,13141.2,759.122,both,27519.9875,3.094176140687304,2.094176140687304
1,3.0,4.0,31817.9375,8.0,254543.5,2.0,3.0,2.0,3.0,12970.7,533.127,both,18847.2375,2.4530624792802236,1.4530624792802238
1,3.0,5.0,42883.8,8.0,343070.4,2.0,4.0,2.0,4.0,22063.6,825.947,both,20820.200000000004,1.943644736126471,0.943644736126471
1,3.0,6.0,26767.5375,8.0,214140.3,2.0,5.0,2.0,5.0,14912.8,587.582,both,11854.7375,1.79493706748565,0.7949370674856499
1,3.0,7.0,15971.3125,8.0,127770.5,2.0,6.0,2.0,6.0,8815.55,360.118,both,7155.762500000001,1.811720482556392,0.811720482556392
1,3.0,8.0,13062.6875,8.0,104501.5,2.0,7.0,2.0,7.0,6894.17,253.759,both,6168.5175,1.8947440373533,0.8947440373533
1,3.0,9.0,6223.4574999999995,8.0,49787.659999999996,2.0,8.0,2.0,8.0,2653.33,95.7124,both,3570.1274999999996,2.3455271300592084,1.3455271300592084
1,3.0,10.0,3864.8,8.0,30918.4,2.0,9.0,2.0,9.0,980.085,66.835,both,2884.715,3.943331445741951,2.943331445741951
1,3.0,11.0,2732.414285714286,7.0,19126.9,2.0,10.0,2.0,10.0,207.79,33.9839,both,2524.624285714286,13.149883467511845,12.149883467511845
1,4.0,1.0,27766.116666666665,6.0,166596.69999999998,3.0,0.0,3.0,0.0,5772.21,515.088,both,21993.906666666666,4.810309511723701,3.8103095117237014
1,4.0,2.0,20396.033333333333,6.0,122376.2,3.0,1.0,3.0,1.0,6535.61,379.131,both,13860.423333333332,3.1207543493772323,2.1207543493772323
1,4.0,3.0,20972.266666666666,6.0,125833.6,3.0,2.0,3.0,2.0,6474.55,330.469,both,14497.716666666667,3.239185220079645,2.239185220079645
1,4.0,4.0,16426.649999999998,6.0,98559.9,3.0,3.0,3.0,3.0,6513.28,352.776,both,9913.369999999999,2.5220242335658836,1.5220242335658838
1,4.0,5.0,25776.100000000002,6.0,154656.6,3.0,4.0,3.0,4.0,12607.1,424.522,both,13169.000000000002,2.0445701231845548,1.0445701231845548
1,4.0,6.0,16883.97142857143,7.0,118187.8,3.0,5.0,3.0,5.0,10041.7,291.694,both,6842.271428571428,1.681385764220344,0.6813857642203439
1,4.0,7.0,10976.17,8.0,87809.36,3.0,6.0,3.0,6.0,7263.16,234.48,both,3713.01,1.5112113735619208,0.5112113735619207
1,4.0,8.0,9989.28375,8.0,79914.27,3.0,7.0,3.0,7.0,6800.69,308.09,both,3188.593750000001,1.4688632697564514,0.4688632697564513
1,4.0,9.0,5192.5575,8.0,41540.46,3.0,8.0,3.0,8.0,3599.57,186.768,both,1592.9874999999997,1.4425493878435478,0.44254938784354786
1,4.0,10.0,3281.3775,8.0,26251.02,3.0,9.0,3.0,9.0,2224.12,119.814,both,1057.2575000000002,1.4753599176303438,0.4753599176303438
1,4.0,11.0,2229.625,8.0,17837.0,3.0,10.0,3.0,10.0,1137.86,54.0576,both,1091.765,1.9594897439052257,0.9594897439052258
1,5.0,1.0,14753.268,5.0,73766.34,4.0,0.0,4.0,0.0,4069.5,357.591,both,10683.768,3.625326944342057,2.625326944342057
1,5.0,2.0,11901.460000000001,5.0,59507.3,4.0,1.0,4.0,1.0,3813.55,267.431,both,8087.910000000001,3.1208349175964654,2.1208349175964654
1,5.0,3.0,10395.036,5.0,51975.18,4.0,2.0,4.0,2.0,3636.6,194.069,both,6758.436,2.8584491008084476,1.8584491008084474
1,5.0,4.0,9047.095,6.0,54282.57,4.0,3.0,4.0,3.0,3471.39,176.624,both,5575.705,2.6061880111425104,1.6061880111425106
1,5.0,5.0,14618.033333333333,6.0,87708.2,4.0,4.0,4.0,4.0,6657.32,317.279,both,7960.713333333333,2.195783488450808,1.195783488450808
1,5.0,6.0,10255.23,6.0,61531.38,4.0,5.0,4.0,5.0,5959.39,289.585,both,4295.839999999999,1.7208523019973518,0.720852301997352
1,5.0,7.0,7728.055,6.0,46368.33,4.0,6.0,4.0,6.0,4736.44,209.866,both,2991.6150000000007,1.6316167839136568,0.6316167839136568
1,5.0,8.0,7616.495,6.0,45698.97,4.0,7.0,4.0,7.0,4968.57,239.465,both,2647.925,1.5329350295960409,0.5329350295960408
1,5.0,9.0,4017.51875,8.0,32140.15,4.0,8.0,4.0,8.0,3014.83,129.635,both,1002.6887500000003,1.332585502333465,0.332585502333465
1,5.0,10.0,2737.12875,8.0,21897.03,4.0,9.0,4.0,9.0,2216.8,119.581,both,520.3287499999997,1.2347206559003967,0.2347206559003968
1,5.0,11.0,2059.61,8.0,16476.88,4.0,10.0,4.0,10.0,1378.93,75.5857,both,680.6800000000001,1.4936291182293517,0.4936291182293518
1,6.0,1.0,8574.81,4.0,34299.24,5.0,0.0,5.0,0.0,2824.13,181.013,both,5750.679999999999,3.0362660359119444,2.0362660359119444
1,6.0,2.0,7071.753333333333,3.0,21215.26,5.0,1.0,5.0,1.0,2538.9,173.663,both,4532.853333333333,2.785361114393372,1.785361114393372
1,6.0,3.0,8507.324,5.0,42536.62,5.0,2.0,5.0,2.0,2292.91,91.0295,both,6214.414000000001,3.710273844154372,2.710273844154372
1,6.0,4.0,5488.04,5.0,27440.2,5.0,3.0,5.0,3.0,1993.38,108.73,both,3494.66,2.7531328697990345,1.7531328697990347
1,6.0,5.0,8684.021666666667,6.0,52104.130000000005,5.0,4.0,5.0,4.0,3860.31,192.249,both,4823.711666666668,2.2495658811511685,1.2495658811511687
1,6.0,6.0,6858.631666666667,6.0,41151.79,5.0,5.0,5.0,5.0,3369.0,172.15,both,3489.631666666667,2.03580637182151,1.03580637182151
1,6.0,7.0,4890.1483333333335,6.0,29340.89,5.0,6.0,5.0,6.0,2949.37,177.41,both,1940.7783333333336,1.6580314892106904,0.6580314892106903
1,6.0,8.0,4971.638333333333,6.0,29829.83,5.0,7.0,5.0,7.0,3333.32,157.665,both,1638.3183333333332,1.4914974659898639,0.4914974659898639
1,6.0,9.0,3124.021666666667,6.0,18744.13,5.0,8.0,5.0,8.0,2123.2,116.611,both,1000.8216666666672,1.4713741836222058,0.47137418362220573
1,6.0,10.0,2257.65,6.0,13545.9,5.0,9.0,5.0,9.0,1577.79,63.5759,both,679.8600000000001,1.4308938451885234,0.4308938451885233
1,6.0,11.0,1576.71125,8.0,12613.69,5.0,10.0,5.0,10.0,872.904,50.2963,both,703.8072500000001,1.8062825350783134,0.8062825350783134
1,7.0,1.0,4643.825,4.0,18575.3,6.0,0.0,6.0,0.0,2091.94,175.549,both,2551.8849999999998,2.219865292503609,1.2198652925036089
1,7.0,2.0,4152.733333333334,3.0,12458.2,6.0,1.0,6.0,1.0,1724.26,167.172,both,2428.4733333333334,2.40841481756425,1.40841481756425
1,7.0,3.0,4068.3766666666666,3.0,12205.13,6.0,2.0,6.0,2.0,1544.11,108.511,both,2524.2666666666664,2.634771270613277,1.6347712706132767
1,7.0,4.0,3289.4125,4.0,13157.65,6.0,3.0,6.0,3.0,1293.52,77.8553,both,1995.8925,2.5429931504731274,1.5429931504731276
1,7.0,5.0,5372.161999999999,5.0,26860.809999999998,6.0,4.0,6.0,4.0,2265.46,127.539,both,3106.7019999999993,2.371333857141596,1.3713338571415956
1,7.0,6.0,3676.023333333333,6.0,22056.14,6.0,5.0,6.0,5.0,1891.96,142.335,both,1784.063333333333,1.9429709578074235,0.9429709578074236
1,7.0,7.0,3029.865,6.0,18179.19,6.0,6.0,6.0,6.0,1562.27,109.387,both,1467.5949999999998,1.9393990795445089,0.9393990795445089
1,7.0,8.0,2966.9500000000003,6.0,17801.7,6.0,7.0,6.0,7.0,1518.69,104.022,both,1448.2600000000002,1.953624505330252,0.9536245053302519
1,7.0,9.0,1825.86,6.0,10955.16,6.0,8.0,6.0,8.0,769.301,60.9134,both,1056.5589999999997,2.3734013084605374,1.3734013084605372
1,7.0,10.0,1165.6666666666667,6.0,6994.0,6.0,9.0,6.0,9.0,310.344,44.1898,both,855.3226666666667,3.7560470531625123,2.7560470531625123
1,7.0,11.0,523.5590000000001,6.0,3141.3540000000003,6.0,10.0,6.0,10.0,76.4372,15.3351,both,447.12180000000006,6.849531380008687,5.849531380008687
1,8.0,1.0,1758.94,4.0,7035.76,7.0,0.0,7.0,0.0,676.642,90.0807,both,1082.298,2.5995134798017268,1.5995134798017265
1,8.0,2.0,1582.9966666666667,3.0,4748.99,7.0,1.0,7.0,1.0,443.909,40.5833,both,1139.0876666666668,3.566038685105881,2.5660386851058816
1,8.0,3.0,1462.6266666666668,3.0,4387.88,7.0,2.0,7.0,2.0,316.81,68.6543,both,1145.8166666666668,4.61673137422009,3.61673137422009
1,8.0,4.0,1258.4133333333332,3.0,3775.24,7.0,3.0,7.0,3.0,251.006,31.0566,both,1007.4073333333332,5.013479093461244,4.013479093461245
1,8.0,5.0,1806.6260000000002,5.0,9033.130000000001,7.0,4.0,7.0,4.0,297.54,39.8102,both,1509.0860000000002,6.071876050278954,5.071876050278955
1,8.0,6.0,1041.4456,5.0,5207.228,7.0,5.0,7.0,5.0,169.46,31.3905,both,871.9856,6.145672135017113,5.145672135017112
1,8.0,7.0,649.8168,5.0,3249.084,7.0,6.0,7.0,6.0,43.443,15.0784,both,606.3738,14.957917270906705,13.957917270906705
1,8.0,8.0,453.45925,4.0,1813.837,7.0,7.0,7.0,7.0,0.0,0.0,both,453.45925,,
1,,,,,,,,7.0,8.0,0.0,0.0,right_only,,,
1,,,,,,,,7.0,9.0,0.0,0.0,right_only,,,
1,,,,,,,,7.0,10.0,0.0,0.0,right_only,,,
2,1.0,1.0,1971100.0,7.0,13797700.0,0.0,0.0,0.0,0.0,2212.8,669.246,both,1968887.2,890.7718727404193,889.7718727404193
2,1.0,2.0,688071.875,8.0,5504575.0,0.0,1.0,0.0,1.0,2112.11,472.587,both,685959.765,325.7746400518912,324.7746400518912
2,1.0,3.0,363614.75,8.0,2908918.0,0.0,2.0,0.0,2.0,1452.09,257.185,both,362162.66,250.4078603943282,249.40786039432817
2,1.0,4.0,201900.25,8.0,1615202.0,0.0,3.0,0.0,3.0,800.832,146.415,both,201099.418,252.11311486054504,251.11311486054504
2,1.0,5.0,189179.75,8.0,1513438.0,0.0,4.0,0.0,4.0,326.344,56.634,both,188853.406,579.6942796558233,578.6942796558233
2,1.0,6.0,59635.5,1.0,59635.5,0.0,5.0,0.0,5.0,0.0,0.0,both,59635.5,,
2,,,,,,,,0.0,6.0,0.0,0.0,right_only,,,
2,,,,,,,,0.0,7.0,0.0,0.0,right_only,,,
2,,,,,,,,0.0,8.0,0.0,0.0,right_only,,,
2,,,,,,,,0.0,9.0,0.0,0.0,right_only,,,
2,,,,,,,,0.0,10.0,0.0,0.0,right_only,,,
2,2.0,1.0,166034.16666666666,6.0,996205.0,1.0,0.0,1.0,0.0,17624.4,3151.27,both,148409.76666666666,9.4206989552363,8.4206989552363
2,2.0,2.0,117971.0,8.0,943768.0,1.0,1.0,1.0,1.0,14901.3,1920.75,both,103069.7,7.916826048734004,6.916826048734003
2,2.0,3.0,79114.7125,8.0,632917.7,1.0,2.0,1.0,2.0,14372.7,1295.82,both,64742.0125,5.504512895976399,4.504512895976399
2,2.0,4.0,61236.325,8.0,489890.6,1.0,3.0,1.0,3.0,10157.0,803.543,both,51079.325,6.028977552426897,5.028977552426897
2,2.0,5.0,74254.875,8.0,594039.0,1.0,4.0,1.0,4.0,10730.6,718.981,both,63524.275,6.919918271112519,5.919918271112519
2,2.0,6.0,40941.3875,8.0,327531.1,1.0,5.0,1.0,5.0,3701.67,216.962,both,37239.7175,11.060247807070862,10.060247807070862
2,2.0,7.0,23457.9125,8.0,187663.3,1.0,6.0,1.0,6.0,998.488,129.977,both,22459.424499999997,23.493434573074484,22.493434573074484
2,2.0,8.0,18265.125,8.0,146121.0,1.0,7.0,1.0,7.0,213.444,25.6553,both,18051.681,85.57338224546017,84.57338224546018
2,2.0,9.0,10890.0,1.0,10890.0,1.0,8.0,1.0,8.0,0.0,0.0,both,10890.0,,
2,,,,,,,,1.0,9.0,0.0,0.0,right_only,,,
2,,,,,,,,1.0,10.0,0.0,0.0,right_only,,,
2,3.0,1.0,58334.4125,8.0,466675.3,2.0,0.0,2.0,0.0,12812.1,999.303,both,45522.3125,4.553071900781292,3.5530719007812928
2,3.0,2.0,46378.1,6.0,278268.6,2.0,1.0,2.0,1.0,11369.7,650.158,both,35008.399999999994,4.079096194270737,3.079096194270736
2,3.0,3.0,38898.825,8.0,311190.6,2.0,2.0,2.0,2.0,10774.9,429.411,both,28123.924999999996,3.610133272698586,2.610133272698586
2,3.0,4.0,29910.774999999998,8.0,239286.19999999998,2.0,3.0,2.0,3.0,10755.9,399.735,both,19154.875,2.7808714287042458,1.7808714287042462
2,3.0,5.0,40646.5375,8.0,325172.3,2.0,4.0,2.0,4.0,15733.0,700.515,both,24913.5375,2.5835211021419946,1.5835211021419944
2,3.0,6.0,25129.4125,8.0,201035.3,2.0,5.0,2.0,5.0,8762.24,266.912,both,16367.172499999999,2.867921045303484,1.867921045303484
2,3.0,7.0,14641.5375,8.0,117132.3,2.0,6.0,2.0,6.0,4286.21,179.753,both,10355.3275,3.4159636368726685,2.415963636872668
2,3.0,8.0,11847.325,8.0,94778.6,2.0,7.0,2.0,7.0,2591.24,96.8261,both,9256.085000000001,4.572067813093346,3.572067813093346
2,3.0,9.0,5780.72375,8.0,46245.79,2.0,8.0,2.0,8.0,785.536,77.4833,both,4995.18775,7.35895458642252,6.35895458642252
2,3.0,10.0,3753.135,8.0,30025.08,2.0,9.0,2.0,9.0,161.762,38.5925,both,3591.373,23.201586281079614,22.20158628107961
2,3.0,11.0,3742.9019999999996,7.0,26200.314,2.0,10.0,2.0,10.0,0.0,0.0,both,3742.9019999999996,,
2,4.0,1.0,25640.5125,8.0,205124.1,3.0,0.0,3.0,0.0,8253.81,498.267,both,17386.7025,3.106506268014408,2.106506268014408
2,4.0,2.0,23001.342857142856,7.0,161009.4,3.0,1.0,3.0,1.0,6985.17,359.859,both,16016.172857142856,3.292882328868568,2.292882328868568
2,4.0,3.0,17848.833333333332,6.0,107093.0,3.0,2.0,3.0,2.0,5887.79,333.034,both,11961.043333333331,3.0314996515387493,2.031499651538749
2,4.0,4.0,15819.266666666668,6.0,94915.6,3.0,3.0,3.0,3.0,5777.3,294.924,both,10041.966666666667,2.7381764261275454,1.7381764261275452
2,4.0,5.0,23441.325,8.0,187530.6,3.0,4.0,3.0,4.0,10706.0,362.604,both,12735.325,2.1895502521950307,1.189550252195031
2,4.0,6.0,16081.6875,8.0,128653.5,3.0,5.0,3.0,5.0,7854.69,195.13,both,8226.997500000001,2.04739938813626,1.0473993881362602
2,4.0,7.0,10230.088749999999,8.0,81840.70999999999,3.0,6.0,3.0,6.0,4992.89,175.373,both,5237.198749999999,2.04893133035176,1.0489313303517598
2,4.0,8.0,8847.90875,8.0,70783.27,3.0,7.0,3.0,7.0,4108.43,170.373,both,4739.47875,2.153598515734721,1.153598515734721
2,4.0,9.0,4640.78125,8.0,37126.25,3.0,8.0,3.0,8.0,1684.2,73.4014,both,2956.58125,2.7554810889443058,1.755481088944306
2,4.0,10.0,2802.91625,8.0,22423.33,3.0,9.0,3.0,9.0,779.96,34.4607,both,2022.9562500000002,3.5936666623929434,2.5936666623929434
2,4.0,11.0,1855.52625,8.0,14844.21,3.0,10.0,3.0,10.0,212.269,30.5497,both,1643.2572499999999,8.741390641120464,7.741390641120464
2,5.0,1.0,13524.3125,8.0,108194.5,4.0,0.0,4.0,0.0,5719.91,416.049,both,7804.4025,2.3644274997333876,1.3644274997333874
2,5.0,2.0,13771.575,4.0,55086.3,4.0,1.0,4.0,1.0,4100.99,172.21,both,9670.585000000001,3.3581098710311417,2.3581098710311417
2,5.0,3.0,10353.636,5.0,51768.18,4.0,2.0,4.0,2.0,3458.09,149.484,both,6895.546,2.994033122330535,1.994033122330535
2,5.0,4.0,8976.761666666667,6.0,53860.57,4.0,3.0,4.0,3.0,3301.95,199.046,both,5674.811666666667,2.7186243482386674,1.7186243482386674
2,5.0,5.0,13753.65,6.0,82521.9,4.0,4.0,4.0,4.0,5860.71,241.869,both,7892.94,2.3467549153600844,1.3467549153600842
2,5.0,6.0,10239.606666666667,6.0,61437.64,4.0,5.0,4.0,5.0,5048.82,167.83,both,5190.786666666667,2.0281187815502766,1.0281187815502766
2,5.0,7.0,7303.68,6.0,43822.08,4.0,6.0,4.0,6.0,3830.28,134.382,both,3473.4,1.9068266549703938,0.9068266549703938
2,5.0,8.0,6713.240000000001,6.0,40279.44,4.0,7.0,4.0,7.0,3741.14,196.715,both,2972.100000000001,1.794436989794555,0.7944369897945548
2,5.0,9.0,3617.6785714285716,7.0,25323.75,4.0,8.0,4.0,8.0,1926.79,108.185,both,1690.8885714285716,1.877567649525154,0.8775676495251541
2,5.0,10.0,2425.1262500000003,8.0,19401.010000000002,4.0,9.0,4.0,9.0,1103.57,57.3791,both,1321.5562500000003,2.1975282492275077,1.1975282492275074
2,5.0,11.0,1347.1485,8.0,10777.188,4.0,10.0,4.0,10.0,345.633,46.0164,both,1001.5155,3.8976269627032143,2.8976269627032143
2,6.0,1.0,8373.24375,8.0,66985.95,5.0,0.0,5.0,0.0,4550.15,206.333,both,3823.09375,1.8402126852960892,0.8402126852960892
2,6.0,2.0,7185.936,5.0,35929.68,5.0,1.0,5.0,1.0,2826.31,137.234,both,4359.626,2.542515152265675,1.542515152265675
2,6.0,3.0,7292.762,5.0,36463.81,5.0,2.0,5.0,2.0,2323.92,100.528,both,4968.842,3.1381295397431925,2.1381295397431925
2,6.0,4.0,5335.716,5.0,26678.58,5.0,3.0,5.0,3.0,1907.97,130.311,both,3427.746,2.796540826113618,1.7965408261136182
2,6.0,5.0,8971.071666666665,6.0,53826.42999999999,5.0,4.0,5.0,4.0,3446.99,140.375,both,5524.081666666665,2.602581285894843,1.6025812858948432
2,6.0,6.0,6129.211666666667,6.0,36775.270000000004,5.0,5.0,5.0,5.0,3025.35,123.241,both,3103.861666666667,2.025951267346478,1.025951267346478
2,6.0,7.0,4879.428333333333,6.0,29276.57,5.0,6.0,5.0,6.0,2370.63,99.4267,both,2508.798333333333,2.05828338177334,1.05828338177334
2,6.0,8.0,4765.541666666667,6.0,28593.25,5.0,7.0,5.0,7.0,2637.29,147.365,both,2128.251666666667,1.8069843159708137,0.8069843159708137
2,6.0,9.0,2615.186666666667,6.0,15691.12,5.0,8.0,5.0,8.0,1197.12,51.3738,both,1418.066666666667,2.184565178650985,1.184565178650985
2,6.0,10.0,1762.9871428571428,7.0,12340.91,5.0,9.0,5.0,9.0,570.182,32.0185,both,1192.8051428571428,3.091972638310474,2.091972638310474
2,6.0,11.0,883.4638749999999,8.0,7067.710999999999,5.0,10.0,5.0,10.0,89.3148,19.3442,both,794.1490749999999,9.891573121140055,8.891573121140055
2,7.0,1.0,4751.16375,8.0,38009.31,6.0,0.0,6.0,0.0,3268.06,207.779,both,1483.1037499999998,1.453817784863191,0.45381778486319096
2,7.0,2.0,4830.38,5.0,24151.9,6.0,1.0,6.0,1.0,1930.35,129.342,both,2900.03,2.502333773667988,1.5023337736679878
2,7.0,3.0,4847.245,4.0,19388.98,6.0,2.0,6.0,2.0,1409.87,89.8355,both,3437.375,3.438079397391249,2.438079397391249
2,7.0,4.0,3258.55,4.0,13034.2,6.0,3.0,6.0,3.0,1116.57,54.3922,both,2141.9800000000005,2.918357111511146,1.9183571115111462
2,7.0,5.0,5234.2699999999995,5.0,26171.35,6.0,4.0,6.0,4.0,1719.27,55.8747,both,3514.9999999999995,3.0444723632704576,2.0444723632704576
2,7.0,6.0,3675.6279999999997,5.0,18378.14,6.0,5.0,6.0,5.0,1233.15,77.2786,both,2442.4779999999996,2.980681993269269,1.9806819932692692
2,7.0,7.0,2684.9416666666666,6.0,16109.65,6.0,6.0,6.0,6.0,777.288,63.526,both,1907.6536666666666,3.4542430433335736,2.4542430433335736
2,7.0,8.0,2232.366666666667,6.0,13394.2,6.0,7.0,6.0,7.0,478.466,41.2553,both,1753.900666666667,4.665674607321454,3.665674607321454
2,7.0,9.0,1014.4441666666667,6.0,6086.665,6.0,8.0,6.0,8.0,109.976,20.0585,both,904.4681666666667,9.224232256734803,8.224232256734803
2,7.0,10.0,466.8392,5.0,2334.196,6.0,9.0,6.0,9.0,0.0,0.0,both,466.8392,,
2,7.0,11.0,156.127,2.0,312.254,6.0,10.0,6.0,10.0,0.0,0.0,both,156.127,,
2,8.0,1.0,1749.31,8.0,13994.48,7.0,0.0,7.0,0.0,387.732,54.2317,both,1361.578,4.511647220244911,3.511647220244911
2,8.0,2.0,1141.8266666666666,3.0,3425.48,7.0,1.0,7.0,1.0,209.995,40.2124,both,931.8316666666666,5.437399303158012,4.437399303158012
2,8.0,3.0,992.2353333333334,3.0,2976.706,7.0,2.0,7.0,2.0,118.285,23.8924,both,873.9503333333334,8.388513618238436,7.388513618238437
2,8.0,4.0,825.8283333333334,3.0,2477.485,7.0,3.0,7.0,3.0,55.4997,19.528,both,770.3286333333334,14.879870221520719,13.879870221520719
2,8.0,5.0,1168.151,5.0,5840.755,7.0,4.0,7.0,4.0,0.0,0.0,both,1168.151,,
2,8.0,6.0,750.145,3.0,2250.435,7.0,5.0,7.0,5.0,0.0,0.0,both,750.145,,
2,8.0,7.0,267.594,1.0,267.594,7.0,6.0,7.0,6.0,0.0,0.0,both,267.594,,
2,,,,,,,,7.0,7.0,0.0,0.0,right_only,,,
2,,,,,,,,7.0,8.0,0.0,0.0,right_only,,,
2,,,,,,,,7.0,9.0,0.0,0.0,right_only,,,
2,,,,,,,,7.0,10.0,0.0,0.0,right_only,,,
3,1.0,1.0,1227598.3333333333,6.0,7365590.0,0.0,0.0,0.0,0.0,271.837,117.475,both,1227326.4963333332,4515.935407370348,4514.935407370348
3,1.0,2.0,639302.25,8.0,5114418.0,0.0,1.0,0.0,1.0,203.228,79.1433,both,639099.022,3145.739022181983,3144.739022181983
3,1.0,3.0,335793.5714285714,7.0,2350555.0,0.0,2.0,0.0,2.0,55.1551,61.8078,both,335738.41632857145,6088.16902568523,6087.169025685231
3,1.0,4.0,216687.5,4.0,866750.0,0.0,3.0,0.0,3.0,62.634,32.4188,both,216624.866,3459.5826547881343,3458.5826547881343
3,1.0,5.0,171943.4,5.0,859717.0,0.0,4.0,0.0,4.0,0.0,0.0,both,171943.4,,
3,,,,,,,,0.0,5.0,0.0,0.0,right_only,,,
3,,,,,,,,0.0,6.0,0.0,0.0,right_only,,,
3,,,,,,,,0.0,7.0,0.0,0.0,right_only,,,
3,,,,,,,,0.0,8.0,0.0,0.0,right_only,,,
3,,,,,,,,0.0,9.0,0.0,0.0,right_only,,,
3,,,,,,,,0.0,10.0,0.0,0.0,right_only,,,
3,2.0,1.0,121036.3625,8.0,968290.9,1.0,0.0,1.0,0.0,13605.8,2681.93,both,107430.5625,8.895938680562702,7.895938680562701
3,2.0,2.0,95834.2375,8.0,766673.9,1.0,1.0,1.0,1.0,9310.2,1322.57,both,86524.0375,10.29346711134025,9.29346711134025
3,2.0,3.0,68450.4,8.0,547603.2,1.0,2.0,1.0,2.0,7753.27,867.911,both,60697.12999999999,8.828584584310876,7.828584584310876
3,2.0,4.0,49894.45,8.0,399155.6,1.0,3.0,1.0,3.0,5083.91,496.747,both,44810.53999999999,9.814188292082275,8.814188292082275
3,2.0,5.0,65157.2,8.0,521257.6,1.0,4.0,1.0,4.0,4325.03,364.144,both,60832.17,15.06514405680423,14.06514405680423
3,2.0,6.0,37438.9875,8.0,299511.9,1.0,5.0,1.0,5.0,1262.99,94.9011,both,36175.997500000005,29.64313850465958,28.643138504659582
3,2.0,7.0,19382.333333333332,6.0,116294.0,1.0,6.0,1.0,6.0,182.291,33.7612,both,19200.04233333333,106.32633170772738,105.32633170772738
3,2.0,8.0,16196.6,3.0,48589.8,1.0,7.0,1.0,7.0,0.0,0.0,both,16196.6,,
3,,,,,,,,1.0,8.0,0.0,0.0,right_only,,,
3,,,,,,,,1.0,9.0,0.0,0.0,right_only,,,
3,,,,,,,,1.0,10.0,0.0,0.0,right_only,,,
3,3.0,1.0,49261.9375,8.0,394095.5,2.0,0.0,2.0,0.0,16232.1,1231.66,both,33029.8375,3.034846846680343,2.034846846680343
3,3.0,2.0,37260.85,8.0,298086.8,2.0,1.0,2.0,1.0,12309.4,729.853,both,24951.449999999997,3.0270240629112712,2.027024062911271
3,3.0,3.0,30701.975,8.0,245615.8,2.0,2.0,2.0,2.0,9837.66,525.497,both,20864.315,3.1208615666733754,2.1208615666733754
3,3.0,4.0,26059.9125,8.0,208479.3,2.0,3.0,2.0,3.0,8624.57,329.653,both,17435.3425,3.021589772011822,2.021589772011822
3,3.0,5.0,33916.7875,8.0,271334.3,2.0,4.0,2.0,4.0,11037.2,345.534,both,22879.587499999998,3.072952152719892,2.072952152719892
3,3.0,6.0,20598.8125,8.0,164790.5,2.0,5.0,2.0,5.0,4988.81,248.635,both,15610.002499999999,4.129003209182149,3.1290032091821494
3,3.0,7.0,12029.245,8.0,96233.96,2.0,6.0,2.0,6.0,2152.16,135.618,both,9877.085000000001,5.589382294996655,4.589382294996655
3,3.0,8.0,9393.50375,8.0,75148.03,2.0,7.0,2.0,7.0,1089.4,52.0189,both,8304.10375,8.622639755828896,7.622639755828896
3,3.0,9.0,4627.107142857143,7.0,32389.75,2.0,8.0,2.0,8.0,221.145,29.7539,both,4405.962142857143,20.923408364906024,19.923408364906024
3,3.0,10.0,1929.852,5.0,9649.26,2.0,9.0,2.0,9.0,0.0,0.0,both,1929.852,,
3,,,,,,,,2.0,10.0,0.0,0.0,right_only,,,
3,4.0,1.0,21893.0625,8.0,175144.5,3.0,0.0,3.0,0.0,11531.1,639.367,both,10361.9625,1.8986100632203344,0.8986100632203345
3,4.0,2.0,18601.175,8.0,148809.4,3.0,1.0,3.0,1.0,8562.42,440.814,both,10038.755,2.1724202970655493,1.172420297065549
3,4.0,3.0,15160.733333333332,6.0,90964.4,3.0,2.0,3.0,2.0,6671.89,276.395,both,8488.84333333333,2.2723296297351023,1.272329629735102
3,4.0,4.0,13671.9,7.0,95703.3,3.0,3.0,3.0,3.0,5915.45,258.367,both,7756.45,2.3112189267088725,1.3112189267088725
3,4.0,5.0,19400.0375,8.0,155200.3,3.0,4.0,3.0,4.0,10046.4,307.049,both,9353.637499999999,1.9310437071985984,0.9310437071985984
3,4.0,6.0,12806.5625,8.0,102452.5,3.0,5.0,3.0,5.0,6261.69,299.355,both,6544.8725,2.0452246118859287,1.0452246118859287
3,4.0,7.0,8187.18125,8.0,65497.45,3.0,6.0,3.0,6.0,3262.24,128.359,both,4924.94125,2.5096808481288932,1.509680848128893
3,4.0,8.0,6959.33375,8.0,55674.67,3.0,7.0,3.0,7.0,2179.48,82.361,both,4779.85375,3.1931165920311266,2.1931165920311266
3,4.0,9.0,3394.4375,8.0,27155.5,3.0,8.0,3.0,8.0,811.52,46.1124,both,2582.9175,4.182814348383281,3.182814348383281
3,4.0,10.0,1909.2350000000001,8.0,15273.880000000001,3.0,9.0,3.0,9.0,227.786,43.4515,both,1681.449,8.38170475797459,7.381704757974591
3,4.0,11.0,480.2966,5.0,2401.483,3.0,10.0,3.0,10.0,0.0,0.0,both,480.2966,,
3,5.0,1.0,12201.95,8.0,97615.6,4.0,0.0,4.0,0.0,8638.57,375.207,both,3563.380000000001,1.4124965127330102,0.41249651273301036
3,5.0,2.0,9531.285,8.0,76250.28,4.0,1.0,4.0,1.0,5138.62,280.863,both,4392.665,1.8548335934550522,0.8548335934550522
3,5.0,3.0,7776.124285714286,7.0,54432.87,4.0,2.0,4.0,2.0,4148.42,187.581,both,3627.704285714286,1.8744785450157617,0.8744785450157616
3,5.0,4.0,7749.993333333333,6.0,46499.96,4.0,3.0,4.0,3.0,3655.89,202.574,both,4094.103333333333,2.119865021467641,1.1198650214676407
3,5.0,5.0,11539.95,8.0,92319.6,4.0,4.0,4.0,4.0,6384.74,237.098,both,5155.210000000001,1.8074267707064033,0.8074267707064032
3,5.0,6.0,8389.57,7.0,58726.99,4.0,5.0,4.0,5.0,5048.92,169.374,both,3340.6499999999996,1.6616563542302116,0.6616563542302115
3,5.0,7.0,5798.620000000001,7.0,40590.340000000004,4.0,6.0,4.0,6.0,3391.31,153.87,both,2407.310000000001,1.7098466374350918,0.7098466374350917
3,5.0,8.0,5381.910000000001,7.0,37673.37,4.0,7.0,4.0,7.0,2660.15,92.2146,both,2721.7600000000007,2.0231603481006712,1.0231603481006712
3,5.0,9.0,2826.9742857142855,7.0,19788.82,4.0,8.0,4.0,8.0,947.974,77.7261,both,1879.0002857142854,2.9821221739354513,1.982122173935451
3,5.0,10.0,1526.4557142857143,7.0,10685.19,4.0,9.0,4.0,9.0,280.992,33.4448,both,1245.4637142857143,5.432381399775489,4.4323813997754895
3,5.0,11.0,473.637625,8.0,3789.101,4.0,10.0,4.0,10.0,0.0,0.0,both,473.637625,,
3,6.0,1.0,7291.6849999999995,8.0,58333.479999999996,5.0,0.0,5.0,0.0,6767.3,224.877,both,524.3849999999993,1.0774880676192868,0.07748806761928675
3,6.0,2.0,6438.943333333334,6.0,38633.66,5.0,1.0,5.0,1.0,3797.59,147.642,both,2641.3533333333335,1.6955340975021878,0.6955340975021878
3,6.0,3.0,5470.1575,4.0,21880.63,5.0,2.0,5.0,2.0,2764.36,119.227,both,2705.7975,1.9788151687913296,0.9788151687913297
3,6.0,4.0,4839.144,5.0,24195.72,5.0,3.0,5.0,3.0,2124.7,96.4059,both,2714.4440000000004,2.277565773991623,1.2775657739916226
3,6.0,5.0,7622.294999999999,6.0,45733.77,5.0,4.0,5.0,4.0,3800.28,134.789,both,3822.014999999999,2.0057193154188635,1.0057193154188635
3,6.0,6.0,5387.401666666667,6.0,32324.41,5.0,5.0,5.0,5.0,3054.0,144.135,both,2333.4016666666666,1.7640476970093866,0.7640476970093866
3,6.0,7.0,3605.0833333333335,6.0,21630.5,5.0,6.0,5.0,6.0,1949.95,110.058,both,1655.1333333333334,1.8488080890963017,0.8488080890963017
3,6.0,8.0,3394.3716666666664,6.0,20366.23,5.0,7.0,5.0,7.0,1250.06,66.6546,both,2144.3116666666665,2.715366995717539,1.7153669957175388
3,6.0,9.0,1474.8183333333334,6.0,8848.91,5.0,8.0,5.0,8.0,342.038,35.413,both,1132.7803333333334,4.311855212968539,3.3118552129685397
3,6.0,10.0,690.1491666666667,6.0,4140.895,5.0,9.0,5.0,9.0,40.578,5.99378,both,649.5711666666667,17.00796408562932,16.00796408562932
3,6.0,11.0,180.85699999999997,3.0,542.5709999999999,5.0,10.0,5.0,10.0,0.0,0.0,both,180.85699999999997,,
3,7.0,1.0,4374.535,8.0,34996.28,6.0,0.0,6.0,0.0,3959.79,191.49,both,414.7449999999999,1.1047391402069302,0.10473914020693013
3,7.0,2.0,3581.2166666666667,6.0,21487.3,6.0,1.0,6.0,1.0,2046.75,115.404,both,1534.4666666666667,1.74970888807459,0.7497088880745898
3,7.0,3.0,3078.2799999999997,5.0,15391.4,6.0,2.0,6.0,2.0,1170.9,85.8401,both,1907.3799999999997,2.628986249893244,1.6289862498932441
3,7.0,4.0,2714.7175,4.0,10858.87,6.0,3.0,6.0,3.0,703.522,65.1433,both,2011.1955000000003,3.8587528179644703,2.8587528179644703
3,7.0,5.0,3804.4440000000004,5.0,19022.22,6.0,4.0,6.0,4.0,906.204,70.6317,both,2898.2400000000007,4.198220268283963,3.1982202682839636
3,7.0,6.0,2249.8766666666666,6.0,13499.26,6.0,5.0,6.0,5.0,392.385,28.2231,both,1857.4916666666666,5.733849832859733,4.733849832859733
3,7.0,7.0,1304.2016666666666,6.0,7825.21,6.0,6.0,6.0,6.0,125.79,30.701,both,1178.4116666666666,10.368087023345787,9.368087023345787
3,7.0,8.0,784.9768333333333,6.0,4709.861,6.0,7.0,6.0,7.0,0.0,0.0,both,784.9768333333333,,
3,7.0,9.0,207.28833333333333,3.0,621.865,6.0,8.0,6.0,8.0,0.0,0.0,both,207.28833333333333,,
3,,,,,,,,6.0,9.0,0.0,0.0,right_only,,,
3,,,,,,,,6.0,10.0,0.0,0.0,right_only,,,
3,8.0,1.0,760.875875,8.0,6087.007,7.0,0.0,7.0,0.0,83.9914,14.5341,both,676.884475,9.058973597296866,8.058973597296866
3,8.0,2.0,500.04125,4.0,2000.165,7.0,1.0,7.0,1.0,0.0,0.0,both,500.04125,,
3,8.0,3.0,335.1773333333333,3.0,1005.5319999999999,7.0,2.0,7.0,2.0,0.0,0.0,both,335.1773333333333,,
3,8.0,4.0,184.737,2.0,369.474,7.0,3.0,7.0,3.0,0.0,0.0,both,184.737,,
3,8.0,5.0,114.957,2.0,229.914,7.0,4.0,7.0,4.0,0.0,0.0,both,114.957,,
3,,,,,,,,7.0,5.0,0.0,0.0,right_only,,,
3,,,,,,,,7.0,6.0,0.0,0.0,right_only,,,
3,,,,,,,,7.0,7.0,0.0,0.0,right_only,,,
3,,,,,,,,7.0,8.0,0.0,0.0,right_only,,,
3,,,,,,,,7.0,9.0,0.0,0.0,right_only,,,
3,,,,,,,,7.0,10.0,0.0,0.0,right_only,,,
4,1.0,1.0,2324080.0,5.0,11620400.0,0.0,0.0,0.0,0.0,0.0,0.0,both,2324080.0,,
4,1.0,2.0,1751775.25,4.0,7007101.0,0.0,1.0,0.0,1.0,0.0,0.0,both,1751775.25,,
4,,,,,,,,0.0,2.0,0.0,0.0,right_only,,,
4,1.0,4.0,213763.5,2.0,427527.0,0.0,3.0,0.0,3.0,0.0,0.0,both,213763.5,,
4,,,,,,,,0.0,4.0,0.0,0.0,right_only,,,
4,,,,,,,,0.0,5.0,0.0,0.0,right_only,,,
4,,,,,,,,0.0,6.0,0.0,0.0,right_only,,,
4,,,,,,,,0.0,7.0,0.0,0.0,right_only,,,
4,,,,,,,,0.0,8.0,0.0,0.0,right_only,,,
4,,,,,,,,0.0,9.0,0.0,0.0,right_only,,,
4,,,,,,,,0.0,10.0,0.0,0.0,right_only,,,
4,2.0,1.0,128070.75,8.0,1024566.0,1.0,0.0,1.0,0.0,6199.35,1164.71,both,121871.4,20.65873841612427,19.65873841612427
4,2.0,2.0,106722.5875,8.0,853780.7,1.0,1.0,1.0,1.0,2667.86,469.671,both,104054.7275,40.00306893914973,39.00306893914973
4,2.0,3.0,79917.8625,8.0,639342.9,1.0,2.0,1.0,2.0,2144.06,298.878,both,77773.8025,37.274079316810166,36.274079316810166
4,2.0,4.0,57160.2875,8.0,457282.3,1.0,3.0,1.0,3.0,1487.07,159.558,both,55673.2175,38.43819557922627,37.43819557922627
4,2.0,5.0,73902.2875,8.0,591218.3,1.0,4.0,1.0,4.0,1090.56,109.546,both,72811.72750000001,67.76544848518193,66.76544848518193
4,2.0,6.0,40615.98333333333,6.0,243695.9,1.0,5.0,1.0,5.0,200.709,51.7506,both,40415.27433333333,202.36254145720088,201.36254145720085
4,2.0,7.0,18220.6,4.0,72882.4,1.0,6.0,1.0,6.0,0.0,0.0,both,18220.6,,
4,,,,,,,,1.0,7.0,0.0,0.0,right_only,,,
4,,,,,,,,1.0,8.0,0.0,0.0,right_only,,,
4,,,,,,,,1.0,9.0,0.0,0.0,right_only,,,
4,,,,,,,,1.0,10.0,0.0,0.0,right_only,,,
4,3.0,1.0,52377.175,8.0,419017.4,2.0,0.0,2.0,0.0,15305.0,1820.39,both,37072.175,3.422226396602418,2.422226396602418
4,3.0,2.0,43822.8,8.0,350582.4,2.0,1.0,2.0,1.0,8539.04,640.09,both,35283.76,5.132052315014334,4.132052315014334
4,3.0,3.0,36414.5375,8.0,291316.3,2.0,2.0,2.0,2.0,5594.5,464.307,both,30820.0375,6.5089887389400305,5.5089887389400305
4,3.0,4.0,27677.6625,8.0,221421.3,2.0,3.0,2.0,3.0,4888.67,325.762,both,22788.9925,5.661593541801758,4.661593541801758
4,3.0,5.0,37605.425,8.0,300843.4,2.0,4.0,2.0,4.0,5967.48,343.839,both,31637.945000000003,6.301726189279227,5.301726189279227
4,3.0,6.0,22175.2,8.0,177401.6,2.0,5.0,2.0,5.0,2337.77,156.762,both,19837.43,9.485620912236875,8.485620912236875
4,3.0,7.0,13215.7125,8.0,105725.7,2.0,6.0,2.0,6.0,746.134,60.7986,both,12469.5785,17.71225074852506,16.71225074852506
4,3.0,8.0,8063.143333333333,6.0,48378.86,2.0,7.0,2.0,7.0,262.453,32.0941,both,7800.690333333334,30.722237251368185,29.72223725136819
4,3.0,9.0,2884.044,5.0,14420.22,2.0,8.0,2.0,8.0,0.0,0.0,both,2884.044,,
4,,,,,,,,2.0,9.0,0.0,0.0,right_only,,,
4,,,,,,,,2.0,10.0,0.0,0.0,right_only,,,
4,4.0,1.0,25559.875,8.0,204479.0,3.0,0.0,3.0,0.0,14666.1,510.447,both,10893.775,1.7427860849169172,0.7427860849169172
4,4.0,2.0,20594.5125,8.0,164756.1,3.0,1.0,3.0,1.0,8944.76,321.45,both,11649.7525,2.302410852834509,1.3024108528345086
4,4.0,3.0,16840.8875,8.0,134727.1,3.0,2.0,3.0,2.0,5709.97,320.841,both,11130.9175,2.949382833885292,1.9493828338852917
4,4.0,4.0,14408.25,8.0,115266.0,3.0,3.0,3.0,3.0,4344.85,203.504,both,10063.4,3.31616741659666,2.31616741659666
4,4.0,5.0,21570.175,8.0,172561.4,3.0,4.0,3.0,4.0,6559.72,209.803,both,15010.454999999998,3.288276786204289,2.288276786204289
4,4.0,6.0,13656.71375,8.0,109253.71,3.0,5.0,3.0,5.0,3776.0,152.073,both,9880.71375,3.6167144465042376,2.6167144465042376
4,4.0,7.0,8127.7375,8.0,65021.9,3.0,6.0,3.0,6.0,1631.21,77.6062,both,6496.5275,4.982643252554852,3.982643252554852
4,4.0,8.0,6887.9925,8.0,55103.94,3.0,7.0,3.0,7.0,703.381,39.7808,both,6184.6115,9.792690590163796,8.792690590163796
4,4.0,9.0,2458.32,6.0,14749.92,3.0,8.0,3.0,8.0,101.869,35.9724,both,2356.451,24.132169747420708,23.132169747420708
4,4.0,10.0,728.4713333333334,6.0,4370.828,3.0,9.0,3.0,9.0,0.0,0.0,both,728.4713333333334,,
4,,,,,,,,3.0,10.0,0.0,0.0,right_only,,,
4,5.0,1.0,13812.2625,8.0,110498.1,4.0,0.0,4.0,0.0,11994.6,386.157,both,1817.6625000000004,1.1515400680306138,0.1515400680306138
4,5.0,2.0,10368.2375,8.0,82945.9,4.0,1.0,4.0,1.0,6477.2,255.116,both,3891.0374999999995,1.6007283239671461,0.6007283239671463
4,5.0,3.0,8507.7775,8.0,68062.22,4.0,2.0,4.0,2.0,4476.89,193.321,both,4030.8875,1.9003767124052633,0.9003767124052634
4,5.0,4.0,8386.703333333333,6.0,50320.22,4.0,3.0,4.0,3.0,3178.54,138.042,both,5208.163333333333,2.63853949716956,1.63853949716956
4,5.0,5.0,12884.0375,8.0,103072.3,4.0,4.0,4.0,4.0,4688.92,171.568,both,8195.1175,2.7477622778806206,1.7477622778806208
4,5.0,6.0,8643.0275,8.0,69144.22,4.0,5.0,4.0,5.0,3031.76,100.32,both,5611.2675,2.8508283967068633,1.8508283967068633
4,5.0,7.0,5664.03,8.0,45312.24,4.0,6.0,4.0,6.0,1340.57,63.887,both,4323.46,4.225090819576748,3.2250908195767476
4,5.0,8.0,4572.762857142857,7.0,32009.34,4.0,7.0,4.0,7.0,560.177,61.2907,both,4012.5858571428566,8.16306784666785,7.16306784666785
4,5.0,9.0,1751.5557142857142,7.0,12260.89,4.0,8.0,4.0,8.0,63.9325,16.938,both,1687.6232142857143,27.39695325985554,26.39695325985554
4,5.0,10.0,646.4091666666667,6.0,3878.455,4.0,9.0,4.0,9.0,0.0,0.0,both,646.4091666666667,,
4,,,,,,,,4.0,10.0,0.0,0.0,right_only,,,
4,6.0,1.0,8544.77875,8.0,68358.23,5.0,0.0,5.0,0.0,8818.16,394.746,both,-273.38125000000036,0.9689979258711567,0.031002074128843246
4,6.0,2.0,7020.84,8.0,56166.72,5.0,1.0,5.0,1.0,4247.31,141.631,both,2773.5299999999997,1.6530086101556043,0.6530086101556043
4,6.0,3.0,5574.77,6.0,33448.62,5.0,2.0,5.0,2.0,2568.18,128.641,both,3006.5900000000006,2.1707084394396032,1.1707084394396035
4,6.0,4.0,5224.192,5.0,26120.96,5.0,3.0,5.0,3.0,1761.24,78.2009,both,3462.952,2.9662010855987826,1.9662010855987828
4,6.0,5.0,7652.8099999999995,7.0,53569.67,5.0,4.0,5.0,4.0,2045.86,83.9407,both,5606.95,3.740632301330492,2.740632301330492
4,6.0,6.0,5385.04375,8.0,43080.35,5.0,5.0,5.0,5.0,971.096,46.9264,both,4413.947749999999,5.545325848319837,4.545325848319836
4,6.0,7.0,2788.4385714285713,7.0,19519.07,5.0,6.0,5.0,6.0,311.785,52.9946,both,2476.6535714285715,8.943466078960089,7.943466078960089
4,6.0,8.0,1711.5516666666665,6.0,10269.31,5.0,7.0,5.0,7.0,68.5408,21.9234,both,1643.0108666666665,24.971282311654758,23.971282311654758
4,6.0,9.0,492.72016666666667,6.0,2956.321,5.0,8.0,5.0,8.0,0.0,0.0,both,492.72016666666667,,
4,6.0,10.0,199.443,1.0,199.443,5.0,9.0,5.0,9.0,0.0,0.0,both,199.443,,
4,,,,,,,,5.0,10.0,0.0,0.0,right_only,,,
4,7.0,1.0,3894.1575000000003,8.0,31153.260000000002,6.0,0.0,6.0,0.0,1659.65,102.968,both,2234.5075,2.3463727291898895,1.3463727291898895
4,7.0,2.0,3107.292857142857,7.0,21751.05,6.0,1.0,6.0,1.0,647.01,53.0708,both,2460.282857142857,4.8025422437719,3.8025422437719003
4,7.0,3.0,2418.1066666666666,6.0,14508.64,6.0,2.0,6.0,2.0,278.845,46.7434,both,2139.2616666666663,8.671866688183997,7.671866688183995
4,7.0,4.0,1765.1475,4.0,7060.59,6.0,3.0,6.0,3.0,110.831,25.6035,both,1654.3165000000001,15.92647815141973,14.92647815141973
4,7.0,5.0,1953.0260000000003,5.0,9765.130000000001,6.0,4.0,6.0,4.0,49.536,17.6044,both,1903.4900000000002,39.426396963824295,38.426396963824295
4,7.0,6.0,925.7835,6.0,5554.701,6.0,5.0,6.0,5.0,0.0,0.0,both,925.7835,,
4,7.0,7.0,269.96566666666666,3.0,809.897,6.0,6.0,6.0,6.0,0.0,0.0,both,269.96566666666666,,
4,,,,,,,,6.0,7.0,0.0,0.0,right_only,,,
4,,,,,,,,6.0,8.0,0.0,0.0,right_only,,,
4,,,,,,,,6.0,9.0,0.0,0.0,right_only,,,
4,,,,,,,,6.0,10.0,0.0,0.0,right_only,,,
4,8.0,1.0,111.5111,2.0,223.0222,7.0,0.0,7.0,0.0,0.0,0.0,both,111.5111,,
4,,,,,,,,7.0,1.0,0.0,0.0,right_only,,,
4,,,,,,,,7.0,2.0,0.0,0.0,right_only,,,
4,,,,,,,,7.0,3.0,0.0,0.0,right_only,,,
4,,,,,,,,7.0,4.0,0.0,0.0,right_only,,,
4,,,,,,,,7.0,5.0,0.0,0.0,right_only,,,
4,,,,,,,,7.0,6.0,0.0,0.0,right_only,,,
4,,,,,,,,7.0,7.0,0.0,0.0,right_only,,,
4,,,,,,,,7.0,8.0,0.0,0.0,right_only,,,
4,,,,,,,,7.0,9.0,0.0,0.0,right_only,,,
4,,,,,,,,7.0,10.0,0.0,0.0,right_only,,,
5,,,,,,,,0.0,0.0,0.0,0.0,right_only,,,
5,,,,,,,,0.0,1.0,0.0,0.0,right_only,,,
5,,,,,,,,0.0,2.0,0.0,0.0,right_only,,,
5,,,,,,,,0.0,3.0,0.0,0.0,right_only,,,
5,,,,,,,,0.0,4.0,0.0,0.0,right_only,,,
5,,,,,,,,0.0,5.0,0.0,0.0,right_only,,,
5,,,,,,,,0.0,6.0,0.0,0.0,right_only,,,
5,,,,,,,,0.0,7.0,0.0,0.0,right_only,,,
5,,,,,,,,0.0,8.0,0.0,0.0,right_only,,,
5,,,,,,,,0.0,9.0,0.0,0.0,right_only,,,
5,,,,,,,,0.0,10.0,0.0,0.0,right_only,,,
5,2.0,1.0,155008.125,8.0,1240065.0,1.0,0.0,1.0,0.0,498.054,137.298,both,154510.071,311.2275476153188,310.2275476153188
5,2.0,2.0,121080.5125,8.0,968644.1,1.0,1.0,1.0,1.0,168.462,52.8072,both,120912.0505,718.7407991119659,717.7407991119659
5,2.0,3.0,100710.3875,8.0,805683.1,1.0,2.0,1.0,2.0,118.481,48.8389,both,100591.9065,850.0129767642069,849.0129767642069
5,2.0,4.0,69424.65000000001,6.0,416547.9,1.0,3.0,1.0,3.0,65.2509,22.4688,both,69359.39910000001,1063.9646349705522,1062.9646349705522
5,2.0,5.0,100505.51666666666,6.0,603033.1,1.0,4.0,1.0,4.0,50.8801,17.3266,both,100454.63656666667,1975.3403917576159,1974.3403917576159
5,2.0,6.0,43062.8,4.0,172251.2,1.0,5.0,1.0,5.0,0.0,0.0,both,43062.8,,
5,,,,,,,,1.0,6.0,0.0,0.0,right_only,,,
5,,,,,,,,1.0,7.0,0.0,0.0,right_only,,,
5,,,,,,,,1.0,8.0,0.0,0.0,right_only,,,
5,,,,,,,,1.0,9.0,0.0,0.0,right_only,,,
5,,,,,,,,1.0,10.0,0.0,0.0,right_only,,,
5,3.0,1.0,60826.8375,8.0,486614.7,2.0,0.0,2.0,0.0,5037.82,781.223,both,55789.0175,12.074039465483088,11.074039465483088
5,3.0,2.0,47181.0,8.0,377448.0,2.0,1.0,2.0,1.0,2241.26,193.334,both,44939.74,21.051105181906603,20.051105181906603
5,3.0,3.0,40293.5875,8.0,322348.7,2.0,2.0,2.0,2.0,1250.26,133.198,both,39043.3275,32.2281665413594,31.228166541359396
5,3.0,4.0,32969.9,8.0,263759.2,2.0,3.0,2.0,3.0,1160.05,111.122,both,31809.850000000002,28.42110253868368,27.42110253868368
5,3.0,5.0,46204.2375,8.0,369633.9,2.0,4.0,2.0,4.0,1341.13,102.181,both,44863.107500000006,34.4517216824618,33.45172168246181
5,3.0,6.0,23225.583333333332,6.0,139353.5,2.0,5.0,2.0,5.0,348.634,54.5558,both,22876.94933333333,66.61881323489199,65.61881323489197
5,3.0,7.0,11424.523333333333,6.0,68547.14,2.0,6.0,2.0,6.0,50.4859,24.9666,both,11374.037433333333,226.29136716059995,225.29136716059995
5,3.0,8.0,4738.6224999999995,4.0,18954.489999999998,2.0,7.0,2.0,7.0,0.0,0.0,both,4738.6224999999995,,
5,,,,,,,,2.0,8.0,0.0,0.0,right_only,,,
5,,,,,,,,2.0,9.0,0.0,0.0,right_only,,,
5,,,,,,,,2.0,10.0,0.0,0.0,right_only,,,
5,4.0,1.0,31814.65,8.0,254517.2,3.0,0.0,3.0,0.0,7352.81,490.185,both,24461.84,4.32686959135351,3.3268695913535096
5,4.0,2.0,25070.575,8.0,200564.6,3.0,1.0,3.0,1.0,3073.42,191.387,both,21997.155,8.157223874380982,7.157223874380982
5,4.0,3.0,20727.825,8.0,165822.6,3.0,2.0,3.0,2.0,1759.44,154.203,both,18968.385000000002,11.780921770563362,10.780921770563362
5,4.0,4.0,18159.0625,8.0,145272.5,3.0,3.0,3.0,3.0,1268.4,116.793,both,16890.6625,14.31651095868811,13.31651095868811
5,4.0,5.0,23854.0,8.0,190832.0,3.0,4.0,3.0,4.0,1944.34,145.405,both,21909.66,12.268430418548197,11.268430418548197
5,4.0,6.0,14220.987500000001,8.0,113767.90000000001,3.0,5.0,3.0,5.0,691.999,75.9929,both,13528.988500000001,20.550589668482182,19.550589668482182
5,4.0,7.0,6396.2,6.0,38377.2,3.0,6.0,3.0,6.0,80.9959,20.3302,both,6315.2041,78.96942931679257,77.96942931679257
5,4.0,8.0,3133.0399999999995,6.0,18798.239999999998,3.0,7.0,3.0,7.0,0.0,0.0,both,3133.0399999999995,,
5,4.0,9.0,510.359,1.0,510.359,3.0,8.0,3.0,8.0,0.0,0.0,both,510.359,,
5,,,,,,,,3.0,9.0,0.0,0.0,right_only,,,
5,,,,,,,,3.0,10.0,0.0,0.0,right_only,,,
5,5.0,1.0,17594.3875,8.0,140755.1,4.0,0.0,4.0,0.0,7021.94,237.792,both,10572.447500000002,2.505630566481628,1.5056305664816279
5,5.0,2.0,13850.675000000001,8.0,110805.40000000001,4.0,1.0,4.0,1.0,2825.64,178.311,both,11025.035000000002,4.9017833128070105,3.901783312807011
5,5.0,3.0,11002.22125,8.0,88017.77,4.0,2.0,4.0,2.0,1333.08,93.7129,both,9669.14125,8.253234051969875,7.2532340519698755
5,5.0,4.0,8757.8925,8.0,70063.14,4.0,3.0,4.0,3.0,682.068,75.1939,both,8075.8245,12.84020434912648,11.84020434912648
5,5.0,5.0,12567.1125,8.0,100536.9,4.0,4.0,4.0,4.0,639.901,46.0182,both,11927.2115,19.639151212453175,18.639151212453175
5,5.0,6.0,7098.535,8.0,56788.28,4.0,5.0,4.0,5.0,132.89,23.4957,both,6965.6449999999995,53.41662277071262,52.41662277071262
5,5.0,7.0,3225.1275,8.0,25801.02,4.0,6.0,4.0,6.0,0.0,0.0,both,3225.1275,,
5,5.0,8.0,1430.73,4.0,5722.92,4.0,7.0,4.0,7.0,0.0,0.0,both,1430.73,,
5,5.0,9.0,224.029,2.0,448.058,4.0,8.0,4.0,8.0,0.0,0.0,both,224.029,,
5,,,,,,,,4.0,9.0,0.0,0.0,right_only,,,
5,,,,,,,,4.0,10.0,0.0,0.0,right_only,,,
5,6.0,1.0,9262.835,8.0,74102.68,5.0,0.0,5.0,0.0,2617.12,132.011,both,6645.714999999999,3.5393237604695234,2.5393237604695234
5,6.0,2.0,6761.03125,8.0,54088.25,5.0,1.0,5.0,1.0,813.758,93.4134,both,5947.27325,8.308405262989734,7.308405262989734
5,6.0,3.0,5003.4037499999995,8.0,40027.229999999996,5.0,2.0,5.0,2.0,260.022,40.5652,both,4743.38175,19.242232388028704,18.242232388028704
5,6.0,4.0,3747.2771428571427,7.0,26230.94,5.0,3.0,5.0,3.0,85.0753,16.9838,both,3662.2018428571428,44.046593345626086,43.046593345626086
5,6.0,5.0,4031.0575,8.0,32248.46,5.0,4.0,5.0,4.0,0.0,0.0,both,4031.0575,,
5,6.0,6.0,1701.5600000000002,6.0,10209.36,5.0,5.0,5.0,5.0,0.0,0.0,both,1701.5600000000002,,
5,6.0,7.0,519.461,6.0,3116.766,5.0,6.0,5.0,6.0,0.0,0.0,both,519.461,,
5,,,,,,,,5.0,7.0,0.0,0.0,right_only,,,
5,,,,,,,,5.0,8.0,0.0,0.0,right_only,,,
5,,,,,,,,5.0,9.0,0.0,0.0,right_only,,,
5,,,,,,,,5.0,10.0,0.0,0.0,right_only,,,
5,7.0,1.0,1484.2075,8.0,11873.66,6.0,0.0,6.0,0.0,0.0,0.0,both,1484.2075,,
5,7.0,2.0,1007.5934285714286,7.0,7053.154,6.0,1.0,6.0,1.0,0.0,0.0,both,1007.5934285714286,,
5,7.0,3.0,518.6196666666666,3.0,1555.859,6.0,2.0,6.0,2.0,0.0,0.0,both,518.6196666666666,,
5,7.0,4.0,297.382,3.0,892.146,6.0,3.0,6.0,3.0,0.0,0.0,both,297.382,,
5,7.0,5.0,120.086,1.0,120.086,6.0,4.0,6.0,4.0,0.0,0.0,both,120.086,,
5,,,,,,,,6.0,5.0,0.0,0.0,right_only,,,
5,,,,,,,,6.0,6.0,0.0,0.0,right_only,,,
5,,,,,,,,6.0,7.0,0.0,0.0,right_only,,,
5,,,,,,,,6.0,8.0,0.0,0.0,right_only,,,
5,,,,,,,,6.0,9.0,0.0,0.0,right_only,,,
5,,,,,,,,6.0,10.0,0.0,0.0,right_only,,,
5,,,,,,,,7.0,0.0,0.0,0.0,right_only,,,
5,,,,,,,,7.0,1.0,0.0,0.0,right_only,,,
5,,,,,,,,7.0,2.0,0.0,0.0,right_only,,,
5,,,,,,,,7.0,3.0,0.0,0.0,right_only,,,
5,,,,,,,,7.0,4.0,0.0,0.0,right_only,,,
5,,,,,,,,7.0,5.0,0.0,0.0,right_only,,,
5,,,,,,,,7.0,6.0,0.0,0.0,right_only,,,
5,,,,,,,,7.0,7.0,0.0,0.0,right_only,,,
5,,,,,,,,7.0,8.0,0.0,0.0,right_only,,,
5,,,,,,,,7.0,9.0,0.0,0.0,right_only,,,
5,,,,,,,,7.0,10.0,0.0,0.0,right_only,,,
6,,,,,,,,0.0,0.0,0.0,0.0,right_only,,,
6,,,,,,,,0.0,1.0,0.0,0.0,right_only,,,
6,,,,,,,,0.0,2.0,0.0,0.0,right_only,,,
6,,,,,,,,0.0,3.0,0.0,0.0,right_only,,,
6,,,,,,,,0.0,4.0,0.0,0.0,right_only,,,
6,,,,,,,,0.0,5.0,0.0,0.0,right_only,,,
6,,,,,,,,0.0,6.0,0.0,0.0,right_only,,,
6,,,,,,,,0.0,7.0,0.0,0.0,right_only,,,
6,,,,,,,,0.0,8.0,0.0,0.0,right_only,,,
6,,,,,,,,0.0,9.0,0.0,0.0,right_only,,,
6,,,,,,,,0.0,10.0,0.0,0.0,right_only,,,
6,2.0,1.0,102203.23333333334,6.0,613219.4,1.0,0.0,1.0,0.0,0.0,0.0,both,102203.23333333334,,
6,2.0,2.0,93234.90000000001,3.0,279704.7,1.0,1.0,1.0,1.0,0.0,0.0,both,93234.90000000001,,
6,2.0,3.0,80480.45,2.0,160960.9,1.0,2.0,1.0,2.0,0.0,0.0,both,80480.45,,
6,2.0,4.0,47474.8,1.0,47474.8,1.0,3.0,1.0,3.0,0.0,0.0,both,47474.8,,
6,2.0,5.0,27619.0,1.0,27619.0,1.0,4.0,1.0,4.0,0.0,0.0,both,27619.0,,
6,,,,,,,,1.0,5.0,0.0,0.0,right_only,,,
6,,,,,,,,1.0,6.0,0.0,0.0,right_only,,,
6,,,,,,,,1.0,7.0,0.0,0.0,right_only,,,
6,,,,,,,,1.0,8.0,0.0,0.0,right_only,,,
6,,,,,,,,1.0,9.0,0.0,0.0,right_only,,,
6,,,,,,,,1.0,10.0,0.0,0.0,right_only,,,
6,3.0,1.0,37556.675,8.0,300453.4,2.0,0.0,2.0,0.0,1142.71,227.695,both,36413.965000000004,32.866322163978616,31.866322163978616
6,3.0,2.0,31362.0625,8.0,250896.5,2.0,1.0,2.0,1.0,614.486,84.1775,both,30747.5765,51.037879626224196,50.037879626224196
6,3.0,3.0,24102.283333333336,6.0,144613.7,2.0,2.0,2.0,2.0,278.112,64.8168,both,23824.171333333335,86.6639459402447,85.6639459402447
6,3.0,4.0,18521.583333333332,6.0,111129.5,2.0,3.0,2.0,3.0,241.875,64.776,both,18279.708333333332,76.57502153316106,75.57502153316106
6,3.0,5.0,25522.079999999998,5.0,127610.4,2.0,4.0,2.0,4.0,176.543,47.2935,both,25345.536999999997,144.5657998334683,143.5657998334683
6,3.0,6.0,7180.535,4.0,28722.14,2.0,5.0,2.0,5.0,0.0,0.0,both,7180.535,,
6,3.0,7.0,2288.92,1.0,2288.92,2.0,6.0,2.0,6.0,0.0,0.0,both,2288.92,,
6,,,,,,,,2.0,7.0,0.0,0.0,right_only,,,
6,,,,,,,,2.0,8.0,0.0,0.0,right_only,,,
6,,,,,,,,2.0,9.0,0.0,0.0,right_only,,,
6,,,,,,,,2.0,10.0,0.0,0.0,right_only,,,
6,4.0,1.0,21029.375,8.0,168235.0,3.0,0.0,3.0,0.0,2634.75,259.079,both,18394.625,7.981544738589999,6.981544738589999
6,4.0,2.0,15689.575,8.0,125516.6,3.0,1.0,3.0,1.0,915.694,118.198,both,14773.881000000001,17.134080817390963,16.134080817390963
6,4.0,3.0,13565.1875,8.0,108521.5,3.0,2.0,3.0,2.0,554.669,68.3244,both,13010.5185,24.456364967214682,23.456364967214682
6,4.0,4.0,9148.021428571428,7.0,64036.15,3.0,3.0,3.0,3.0,333.163,33.3952,both,8814.858428571428,27.458095372449606,26.458095372449606
6,4.0,5.0,11211.438333333334,6.0,67268.63,3.0,4.0,3.0,4.0,187.145,26.8275,both,11024.293333333333,59.90776314266122,58.90776314266121
6,4.0,6.0,4287.126666666667,6.0,25722.760000000002,3.0,5.0,3.0,5.0,0.0,0.0,both,4287.126666666667,,
6,4.0,7.0,620.095,1.0,620.095,3.0,6.0,3.0,6.0,0.0,0.0,both,620.095,,
6,,,,,,,,3.0,7.0,0.0,0.0,right_only,,,
6,,,,,,,,3.0,8.0,0.0,0.0,right_only,,,
6,,,,,,,,3.0,9.0,0.0,0.0,right_only,,,
6,,,,,,,,3.0,10.0,0.0,0.0,right_only,,,
6,5.0,1.0,11306.8275,8.0,90454.62,4.0,0.0,4.0,0.0,2217.82,120.962,both,9089.0075,5.098171853441667,4.098171853441667
6,5.0,2.0,7858.925,8.0,62871.4,4.0,1.0,4.0,1.0,441.958,42.2807,both,7416.967000000001,17.782063001461676,16.782063001461676
6,5.0,3.0,5300.39375,8.0,42403.15,4.0,2.0,4.0,2.0,120.981,49.3686,both,5179.41275,43.81178656152619,42.8117865615262
6,5.0,4.0,3476.01625,8.0,27808.13,4.0,3.0,4.0,3.0,0.0,0.0,both,3476.01625,,
6,5.0,5.0,3293.522857142857,7.0,23054.66,4.0,4.0,4.0,4.0,0.0,0.0,both,3293.522857142857,,
6,5.0,6.0,579.192,3.0,1737.576,4.0,5.0,4.0,5.0,0.0,0.0,both,579.192,,
6,,,,,,,,4.0,6.0,0.0,0.0,right_only,,,
6,,,,,,,,4.0,7.0,0.0,0.0,right_only,,,
6,,,,,,,,4.0,8.0,0.0,0.0,right_only,,,
6,,,,,,,,4.0,9.0,0.0,0.0,right_only,,,
6,,,,,,,,4.0,10.0,0.0,0.0,right_only,,,
6,6.0,1.0,2767.0875,8.0,22136.7,5.0,0.0,5.0,0.0,80.004,31.6127,both,2687.0835,34.58686440677966,33.58686440677966
6,6.0,2.0,1441.74875,8.0,11533.99,5.0,1.0,5.0,1.0,0.0,0.0,both,1441.74875,,
6,6.0,3.0,795.8152,5.0,3979.076,5.0,2.0,5.0,2.0,0.0,0.0,both,795.8152,,
6,6.0,4.0,282.59349999999995,2.0,565.1869999999999,5.0,3.0,5.0,3.0,0.0,0.0,both,282.59349999999995,,
6,,,,,,,,5.0,4.0,0.0,0.0,right_only,,,
6,,,,,,,,5.0,5.0,0.0,0.0,right_only,,,
6,,,,,,,,5.0,6.0,0.0,0.0,right_only,,,
6,,,,,,,,5.0,7.0,0.0,0.0,right_only,,,
6,,,,,,,,5.0,8.0,0.0,0.0,right_only,,,
6,,,,,,,,5.0,9.0,0.0,0.0,right_only,,,
6,,,,,,,,5.0,10.0,0.0,0.0,right_only,,,
6,,,,,,,,6.0,0.0,0.0,0.0,right_only,,,
6,,,,,,,,6.0,1.0,0.0,0.0,right_only,,,
6,,,,,,,,6.0,2.0,0.0,0.0,right_only,,,
6,,,,,,,,6.0,3.0,0.0,0.0,right_only,,,
6,,,,,,,,6.0,4.0,0.0,0.0,right_only,,,
6,,,,,,,,6.0,5.0,0.0,0.0,right_only,,,
6,,,,,,,,6.0,6.0,0.0,0.0,right_only,,,
6,,,,,,,,6.0,7.0,0.0,0.0,right_only,,,
6,,,,,,,,6.0,8.0,0.0,0.0,right_only,,,
6,,,,,,,,6.0,9.0,0.0,0.0,right_only,,,
6,,,,,,,,6.0,10.0,0.0,0.0,right_only,,,
6,,,,,,,,7.0,0.0,0.0,0.0,right_only,,,
6,,,,,,,,7.0,1.0,0.0,0.0,right_only,,,
6,,,,,,,,7.0,2.0,0.0,0.0,right_only,,,
6,,,,,,,,7.0,3.0,0.0,0.0,right_only,,,
6,,,,,,,,7.0,4.0,0.0,0.0,right_only,,,
6,,,,,,,,7.0,5.0,0.0,0.0,right_only,,,
6,,,,,,,,7.0,6.0,0.0,0.0,right_only,,,
6,,,,,,,,7.0,7.0,0.0,0.0,right_only,,,
6,,,,,,,,7.0,8.0,0.0,0.0,right_only,,,
6,,,,,,,,7.0,9.0,0.0,0.0,right_only,,,
6,,,,,,,,7.0,10.0,0.0,0.0,right_only,,,
7,,,,,,,,0.0,0.0,15573.4,4362.8,right_only,,,
7,,,,,,,,0.0,1.0,18080.3,3801.85,right_only,,,
7,,,,,,,,0.0,2.0,16409.3,2344.65,right_only,,,
7,,,,,,,,0.0,3.0,10872.7,1341.68,right_only,,,
7,,,,,,,,0.0,4.0,7939.24,905.503,right_only,,,
7,,,,,,,,0.0,5.0,653.635,98.1443,right_only,,,
7,,,,,,,,0.0,6.0,0.0,0.0,right_only,,,
7,,,,,,,,0.0,7.0,0.0,0.0,right_only,,,
7,,,,,,,,0.0,8.0,0.0,0.0,right_only,,,
7,,,,,,,,0.0,9.0,0.0,0.0,right_only,,,
7,,,,,,,,0.0,10.0,0.0,0.0,right_only,,,
7,,,,,,,,1.0,0.0,-19919.9,3492.44,right_only,,,
7,,,,,,,,1.0,1.0,-23401.3,2526.9,right_only,,,
7,,,,,,,,1.0,2.0,26530.3,1642.9,right_only,,,
7,,,,,,,,1.0,3.0,24248.7,1213.72,right_only,,,
7,,,,,,,,1.0,4.0,35272.7,1375.3,right_only,,,
7,,,,,,,,1.0,5.0,18648.1,755.634,right_only,,,
7,,,,,,,,1.0,6.0,7902.04,306.878,right_only,,,
7,,,,,,,,1.0,7.0,3446.26,203.03,right_only,,,
7,,,,,,,,1.0,8.0,547.215,51.3582,right_only,,,
7,,,,,,,,1.0,9.0,0.0,0.0,right_only,,,
7,,,,,,,,1.0,10.0,0.0,0.0,right_only,,,
7,3.0,1.0,18694.375,8.0,149555.0,2.0,0.0,2.0,0.0,-7603.58,1425.46,both,26297.955,-2.4586280410017385,-3.458628041001739
7,3.0,2.0,17421.649999999998,6.0,104529.9,2.0,1.0,2.0,1.0,10983.5,1070.09,both,6438.149999999998,1.5861656120544452,0.5861656120544451
7,3.0,3.0,16739.8,3.0,50219.399999999994,2.0,2.0,2.0,2.0,12323.8,935.817,both,4416.0,1.3583310342589137,0.35833103425891366
7,3.0,4.0,11006.186666666666,3.0,33018.56,2.0,3.0,2.0,3.0,12631.5,736.95,both,-1625.3133333333335,0.8713285569145918,0.12867144308540818
7,3.0,5.0,7164.080000000001,3.0,21492.24,2.0,4.0,2.0,4.0,22600.2,953.644,both,-15436.119999999999,0.31699188502756614,0.6830081149724339
7,,,,,,,,2.0,5.0,16500.2,661.965,right_only,,,
7,,,,,,,,2.0,6.0,11185.2,552.07,right_only,,,
7,,,,,,,,2.0,7.0,9482.09,339.521,right_only,,,
7,,,,,,,,2.0,8.0,4245.56,187.688,right_only,,,
7,,,,,,,,2.0,9.0,2067.25,78.7581,right_only,,,
7,,,,,,,,2.0,10.0,542.97,67.0265,right_only,,,
7,4.0,1.0,10746.815,8.0,85974.52,3.0,0.0,3.0,0.0,3857.67,391.94,both,6889.145,2.7858305661189267,1.7858305661189269
7,4.0,2.0,9785.7775,8.0,78286.22,3.0,1.0,3.0,1.0,5580.31,421.462,both,4205.4675,1.7536261426336528,0.7536261426336529
7,4.0,3.0,5445.3,6.0,32671.8,3.0,2.0,3.0,2.0,6219.58,289.702,both,-774.2799999999997,0.8755092787615885,0.12449072123841155
7,4.0,4.0,3525.62,4.0,14102.48,3.0,3.0,3.0,3.0,6479.77,357.028,both,-2954.1500000000005,0.5440964725599828,0.4559035274400172
7,4.0,5.0,1708.4250000000002,2.0,3416.8500000000004,3.0,4.0,3.0,4.0,11802.7,666.373,both,-10094.275000000001,0.14474865920509714,0.855251340794903
7,,,,,,,,3.0,5.0,9971.34,394.366,right_only,,,
7,,,,,,,,3.0,6.0,7450.32,228.671,right_only,,,
7,,,,,,,,3.0,7.0,7488.7,257.72,right_only,,,
7,,,,,,,,3.0,8.0,4414.48,135.138,right_only,,,
7,,,,,,,,3.0,9.0,2993.51,132.344,right_only,,,
7,,,,,,,,3.0,10.0,1868.44,126.955,right_only,,,
7,5.0,1.0,4037.3375,8.0,32298.7,4.0,0.0,4.0,0.0,2771.12,219.428,both,1266.2175000000002,1.456933478160455,0.45693347816045504
7,5.0,2.0,2247.35875,8.0,17978.87,4.0,1.0,4.0,1.0,3266.46,267.051,both,-1019.1012500000002,0.6880104914800732,0.3119895085199268
7,5.0,3.0,847.5329999999999,4.0,3390.1319999999996,4.0,2.0,4.0,2.0,3367.96,238.431,both,-2520.427,0.25164580339433956,0.7483541966056604
7,,,,,,,,4.0,3.0,3414.17,202.508,right_only,,,
7,,,,,,,,4.0,4.0,6508.04,295.182,right_only,,,
7,,,,,,,,4.0,5.0,5766.26,241.437,right_only,,,
7,,,,,,,,4.0,6.0,4697.49,192.591,right_only,,,
7,,,,,,,,4.0,7.0,5136.42,203.195,right_only,,,
7,,,,,,,,4.0,8.0,3270.72,175.345,right_only,,,
7,,,,,,,,4.0,9.0,2424.33,153.714,right_only,,,
7,,,,,,,,4.0,10.0,2131.47,130.342,right_only,,,
7,6.0,1.0,218.139,1.0,218.139,5.0,0.0,5.0,0.0,1856.54,183.958,both,-1638.4009999999998,0.11749760306807287,0.8825023969319271
7,,,,,,,,5.0,1.0,2184.96,178.333,right_only,,,
7,,,,,,,,5.0,2.0,2137.23,125.433,right_only,,,
7,,,,,,,,5.0,3.0,2022.0,122.38,right_only,,,
7,,,,,,,,5.0,4.0,3700.54,274.302,right_only,,,
7,,,,,,,,5.0,5.0,3447.92,270.087,right_only,,,
7,,,,,,,,5.0,6.0,2910.38,185.187,right_only,,,
7,,,,,,,,5.0,7.0,3440.34,212.786,right_only,,,
7,,,,,,,,5.0,8.0,2388.33,146.307,right_only,,,
7,,,,,,,,5.0,9.0,1888.75,130.441,right_only,,,
7,,,,,,,,5.0,10.0,1453.86,125.312,right_only,,,
7,,,,,,,,6.0,0.0,1378.62,152.065,right_only,,,
7,,,,,,,,6.0,1.0,1413.62,133.613,right_only,,,
7,,,,,,,,6.0,2.0,1331.2,102.112,right_only,,,
7,,,,,,,,6.0,3.0,1232.56,117.084,right_only,,,
7,,,,,,,,6.0,4.0,2276.18,170.102,right_only,,,
7,,,,,,,,6.0,5.0,1961.27,129.836,right_only,,,
7,,,,,,,,6.0,6.0,1646.81,164.509,right_only,,,
7,,,,,,,,6.0,7.0,1842.86,139.438,right_only,,,
7,,,,,,,,6.0,8.0,1086.29,123.491,right_only,,,
7,,,,,,,,6.0,9.0,650.728,72.6979,right_only,,,
7,,,,,,,,6.0,10.0,190.912,24.0588,right_only,,,
7,,,,,,,,7.0,0.0,494.152,101.214,right_only,,,
7,,,,,,,,7.0,1.0,444.055,79.6249,right_only,,,
7,,,,,,,,7.0,2.0,373.346,58.9576,right_only,,,
7,,,,,,,,7.0,3.0,330.823,49.6175,right_only,,,
7,,,,,,,,7.0,4.0,524.828,47.8764,right_only,,,
7,,,,,,,,7.0,5.0,274.971,40.4548,right_only,,,
7,,,,,,,,7.0,6.0,148.432,50.8555,right_only,,,
7,,,,,,,,7.0,7.0,63.1305,12.5044,right_only,,,
7,,,,,,,,7.0,8.0,0.0,0.0,right_only,,,
7,,,,,,,,7.0,9.0,0.0,0.0,right_only,,,
7,,,,,,,,7.0,10.0,0.0,0.0,right_only,,,
8,1.0,1.0,1673116.6666666667,6.0,10038700.0,0.0,0.0,0.0,0.0,-10297.1,3118.99,both,1683413.7666666668,-162.484259322204,-163.484259322204
8,1.0,2.0,698060.0,8.0,5584480.0,0.0,1.0,0.0,1.0,9855.18,2116.84,both,688204.82,70.83178592374772,69.8317859237477
8,1.0,3.0,350363.125,8.0,2802905.0,0.0,2.0,0.0,2.0,7790.79,1198.48,both,342572.335,44.97145026370882,43.97145026370882
8,1.0,4.0,192077.75,8.0,1536622.0,0.0,3.0,0.0,3.0,4750.12,694.668,both,187327.63,40.43639950148628,39.43639950148628
8,1.0,5.0,186237.0,8.0,1489896.0,0.0,4.0,0.0,4.0,2558.12,294.071,both,183678.88,72.802292308414,71.802292308414
8,1.0,6.0,83982.0375,8.0,671856.3,0.0,5.0,0.0,5.0,62.0476,39.2487,both,83919.9899,1353.5098456668752,1352.509845666875
8,,,,,,,,0.0,6.0,0.0,0.0,right_only,,,
8,,,,,,,,0.0,7.0,0.0,0.0,right_only,,,
8,,,,,,,,0.0,8.0,0.0,0.0,right_only,,,
8,,,,,,,,0.0,9.0,0.0,0.0,right_only,,,
8,,,,,,,,0.0,10.0,0.0,0.0,right_only,,,
8,2.0,1.0,218930.80000000002,6.0,1313584.8,1.0,0.0,1.0,0.0,25653.2,4080.78,both,193277.6,8.534249138509036,7.534249138509036
8,2.0,2.0,93430.2125,8.0,747441.7,1.0,1.0,1.0,1.0,24008.6,2503.57,both,69421.61249999999,3.891531055538432,2.8915310555384317
8,2.0,3.0,74879.575,8.0,599036.6,1.0,2.0,1.0,2.0,24742.8,1826.58,both,50136.774999999994,3.026317757084889,2.026317757084889
8,2.0,4.0,52139.45,8.0,417115.6,1.0,3.0,1.0,3.0,20059.8,1154.79,both,32079.649999999998,2.599200889340871,1.5992008893408707
8,2.0,5.0,67384.2,8.0,539073.6,1.0,4.0,1.0,4.0,24684.2,1224.44,both,42700.0,2.7298514839451955,1.7298514839451957
8,2.0,6.0,37051.55,8.0,296412.4,1.0,5.0,1.0,5.0,10332.3,490.187,both,26719.250000000004,3.585992470214764,2.585992470214764
8,2.0,7.0,20706.575,8.0,165652.6,1.0,6.0,1.0,6.0,3449.78,175.496,both,17256.795000000002,6.002288551733733,5.002288551733734
8,2.0,8.0,15315.35,8.0,122522.8,1.0,7.0,1.0,7.0,1227.4,74.8283,both,14087.95,12.477880071696267,11.477880071696267
8,2.0,9.0,7948.3025,8.0,63586.42,1.0,8.0,1.0,8.0,66.5866,18.4678,both,7881.7159,119.36789834591343,118.36789834591343
8,,,,,,,,1.0,9.0,0.0,0.0,right_only,,,
8,,,,,,,,1.0,10.0,0.0,0.0,right_only,,,
8,3.0,1.0,71365.3,8.0,570922.4,2.0,0.0,2.0,0.0,-14125.5,1725.17,both,85490.8,-5.052231779406039,-6.052231779406039
8,3.0,2.0,42382.76666666667,6.0,254296.6,2.0,1.0,2.0,1.0,14900.8,1179.84,both,27481.96666666667,2.8443282687283014,1.8443282687283014
8,3.0,3.0,31475.0,8.0,251800.0,2.0,2.0,2.0,2.0,14819.8,836.28,both,16655.2,2.123847825206818,1.123847825206818
8,3.0,4.0,26455.45,8.0,211643.6,2.0,3.0,2.0,3.0,14316.1,689.432,both,12139.35,1.8479509084177954,0.8479509084177953
8,3.0,5.0,38625.6875,8.0,309005.5,2.0,4.0,2.0,4.0,23361.7,839.505,both,15263.9875,1.6533765736226387,0.6533765736226387
8,3.0,6.0,22650.025,8.0,181200.2,2.0,5.0,2.0,5.0,14966.8,468.077,both,7683.225000000002,1.5133512173610928,0.5133512173610927
8,3.0,7.0,13972.175,8.0,111777.4,2.0,6.0,2.0,6.0,8623.82,330.663,both,5348.355,1.6201839787936205,0.6201839787936204
8,3.0,8.0,10779.8125,8.0,86238.5,2.0,7.0,2.0,7.0,6124.47,302.144,both,4655.3425,1.7601216921627503,0.7601216921627504
8,3.0,9.0,5141.175,8.0,41129.4,2.0,8.0,2.0,8.0,2090.65,127.23,both,3050.525,2.4591275440652427,1.459127544065243
8,3.0,10.0,3405.94875,8.0,27247.59,2.0,9.0,2.0,9.0,724.533,38.6198,both,2681.41575,4.700888365333256,3.700888365333256
8,3.0,11.0,2264.7157142857145,7.0,15853.01,2.0,10.0,2.0,10.0,127.522,23.3361,both,2137.1937142857146,17.7594118213776,16.7594118213776
8,4.0,1.0,23291.0375,8.0,186328.3,3.0,0.0,3.0,0.0,9049.79,577.975,both,14241.247499999998,2.5736550240392315,1.5736550240392315
8,4.0,2.0,20278.833333333332,6.0,121673.0,3.0,1.0,3.0,1.0,8216.52,475.559,both,12062.313333333332,2.4680562249387004,1.4680562249387004
8,4.0,3.0,17187.716666666667,6.0,103126.3,3.0,2.0,3.0,2.0,7904.19,402.809,both,9283.526666666668,2.174507023068356,1.174507023068356
8,4.0,4.0,15427.633333333333,6.0,92565.8,3.0,3.0,3.0,3.0,7511.65,262.539,both,7915.983333333334,2.0538274990625673,1.0538274990625673
8,4.0,5.0,20302.3575,8.0,162418.86,3.0,4.0,3.0,4.0,13404.2,511.583,both,6898.1574999999975,1.5146265722683934,0.5146265722683933
8,4.0,6.0,15160.433333333334,6.0,90962.6,3.0,5.0,3.0,5.0,10738.3,364.834,both,4422.133333333335,1.4118094422146277,0.41180944221462756
8,4.0,7.0,9297.94625,8.0,74383.57,3.0,6.0,3.0,6.0,7442.35,279.23,both,1855.5962500000005,1.249329344897781,0.249329344897781
8,4.0,8.0,8186.67,8.0,65493.36,3.0,7.0,3.0,7.0,6704.85,173.632,both,1481.8199999999997,1.2210071813687107,0.22100718136871064
8,4.0,9.0,4569.5225,8.0,36556.18,3.0,8.0,3.0,8.0,3376.91,160.015,both,1192.6125000000002,1.3531668004181339,0.3531668004181338
8,4.0,10.0,2875.92375,8.0,23007.39,3.0,9.0,3.0,9.0,1860.39,125.332,both,1015.5337499999998,1.5458714301839935,0.5458714301839935
8,4.0,11.0,1809.7175,8.0,14477.74,3.0,10.0,3.0,10.0,758.923,55.9476,both,1050.7945,2.384586446846386,1.3845864468463862
8,5.0,1.0,13086.922857142856,7.0,91608.45999999999,4.0,0.0,4.0,0.0,6304.69,538.259,both,6782.232857142856,2.075744066265408,1.0757440662654083
8,5.0,2.0,10810.485,6.0,64862.91,4.0,1.0,4.0,1.0,5236.93,310.748,both,5573.555,2.0642790718989943,1.0642790718989943
8,5.0,3.0,9424.154,5.0,47120.770000000004,4.0,2.0,4.0,2.0,4695.56,277.939,both,4728.594,2.007035156616037,1.0070351566160372
8,5.0,4.0,8216.924,5.0,41084.62,4.0,3.0,4.0,3.0,4387.92,188.599,both,3829.004000000001,1.8726239311564479,0.8726239311564479
8,5.0,5.0,12830.550000000001,6.0,76983.3,4.0,4.0,4.0,4.0,7673.64,295.803,both,5156.910000000001,1.6720291804150313,0.6720291804150312
8,5.0,6.0,9225.475,6.0,55352.85,4.0,5.0,4.0,5.0,6482.97,222.316,both,2742.505,1.4230321904929377,0.42303219049293767
8,5.0,7.0,6600.121666666666,6.0,39600.729999999996,4.0,6.0,4.0,6.0,5027.12,228.66,both,1573.001666666666,1.3129031466658179,0.3129031466658178
8,5.0,8.0,6792.864285714286,7.0,47550.05,4.0,7.0,4.0,7.0,5310.84,224.175,both,1482.0242857142857,1.2790564742515846,0.27905647425158464
8,5.0,9.0,3564.3100000000004,7.0,24950.170000000002,4.0,8.0,4.0,8.0,3106.53,127.244,both,457.7800000000002,1.147360559852955,0.14736055985295496
8,5.0,10.0,2316.99,8.0,18535.92,4.0,9.0,4.0,9.0,2079.58,74.2963,both,237.40999999999985,1.1141624751151675,0.11416247511516742
8,5.0,11.0,1714.49125,8.0,13715.93,4.0,10.0,4.0,10.0,1184.47,99.7345,both,530.02125,1.447475453156264,0.44747545315626397
8,6.0,1.0,7381.197142857142,7.0,51668.38,5.0,0.0,5.0,0.0,4507.09,299.498,both,2874.107142857142,1.637685766837836,0.637685766837836
8,6.0,2.0,6597.966,5.0,32989.83,5.0,1.0,5.0,1.0,3485.76,228.062,both,3112.206,1.8928342743045992,0.8928342743045993
8,6.0,3.0,5876.686,5.0,29383.43,5.0,2.0,5.0,2.0,2830.19,112.43,both,3046.4959999999996,2.0764280843335605,1.0764280843335605
8,6.0,4.0,4953.906,5.0,24769.53,5.0,3.0,5.0,3.0,2630.96,154.457,both,2322.946,1.882927144464378,0.8829271444643779
8,6.0,5.0,7537.293333333334,6.0,45223.76,5.0,4.0,5.0,4.0,4823.57,300.856,both,2713.7233333333343,1.5625964448185337,0.5625964448185337
8,6.0,6.0,5889.841666666667,6.0,35339.05,5.0,5.0,5.0,5.0,4037.65,203.577,both,1852.191666666667,1.458730119417648,0.45873011941764813
8,6.0,7.0,4342.7699999999995,6.0,26056.62,5.0,6.0,5.0,6.0,3252.34,195.58,both,1090.4299999999994,1.3352755246991395,0.3352755246991395
8,6.0,8.0,4560.161666666667,6.0,27360.97,5.0,7.0,5.0,7.0,3513.58,213.587,both,1046.581666666667,1.2978676070181032,0.29786760701810316
8,6.0,9.0,2816.7083333333335,6.0,16900.25,5.0,8.0,5.0,8.0,2173.89,143.644,both,642.8183333333336,1.2956995677487517,0.2956995677487516
8,6.0,10.0,2035.4257142857143,7.0,14247.98,5.0,9.0,5.0,9.0,1319.48,76.0031,both,715.9457142857143,1.542596867164121,0.5425968671641209
8,6.0,11.0,1302.7068571428572,7.0,9118.948,5.0,10.0,5.0,10.0,528.122,54.3603,both,774.5848571428572,2.4666778834111387,1.4666778834111385
8,7.0,1.0,4195.95625,8.0,33567.65,6.0,0.0,6.0,0.0,3492.53,259.409,both,703.42625,1.2014087924799501,0.20140879247995006
8,7.0,2.0,3929.28,5.0,19646.4,6.0,1.0,6.0,1.0,2505.88,174.194,both,1423.4,1.5680240075342793,0.5680240075342794
8,7.0,3.0,3435.0175,4.0,13740.07,6.0,2.0,6.0,2.0,1956.86,146.266,both,1478.1575,1.7553721267745266,0.7553721267745266
8,7.0,4.0,3417.222,5.0,17086.11,6.0,3.0,6.0,3.0,1594.76,142.769,both,1822.4620000000002,2.1427813589505633,1.1427813589505633
8,7.0,5.0,4854.954,5.0,24274.77,6.0,4.0,6.0,4.0,2603.21,230.217,both,2251.7439999999997,1.8649874577924945,0.8649874577924945
8,7.0,6.0,3637.018,5.0,18185.09,6.0,5.0,6.0,5.0,2002.04,155.756,both,1634.978,1.8166560108689138,0.8166560108689137
8,7.0,7.0,2608.6766666666667,6.0,15652.06,6.0,6.0,6.0,6.0,1394.27,107.064,both,1214.4066666666668,1.8709982045562672,0.8709982045562673
8,7.0,8.0,2615.945,6.0,15695.67,6.0,7.0,6.0,7.0,1154.55,106.39,both,1461.3950000000002,2.265770213503097,1.2657702135030966
8,7.0,9.0,1395.5566666666666,6.0,8373.34,6.0,8.0,6.0,8.0,394.377,59.7334,both,1001.1796666666667,3.538636042838874,2.538636042838874
8,7.0,10.0,794.5711666666666,6.0,4767.427,6.0,9.0,6.0,9.0,141.239,31.553,both,653.3321666666666,5.625720705093258,4.625720705093257
8,7.0,11.0,274.0795,4.0,1096.318,6.0,10.0,6.0,10.0,0.0,0.0,both,274.0795,,
8,8.0,1.0,1769.3416666666665,6.0,10616.05,7.0,0.0,7.0,0.0,658.958,81.5608,both,1110.3836666666666,2.685059847010988,1.685059847010988
8,8.0,2.0,1338.905,4.0,5355.62,7.0,1.0,7.0,1.0,397.983,69.6543,both,940.922,3.364226612694512,2.364226612694512
8,8.0,3.0,1166.2766666666666,3.0,3498.83,7.0,2.0,7.0,2.0,263.795,33.4735,both,902.4816666666666,4.421147734667702,3.421147734667702
8,8.0,4.0,938.45675,4.0,3753.827,7.0,3.0,7.0,3.0,142.212,42.2462,both,796.2447500000001,6.598998326442214,5.598998326442214
8,8.0,5.0,1407.92,5.0,7039.6,7.0,4.0,7.0,4.0,140.046,33.1107,both,1267.874,10.053268211873243,9.053268211873242
8,8.0,6.0,657.64775,4.0,2630.591,7.0,5.0,7.0,5.0,55.3019,17.1814,both,602.3458499999999,11.89195579175399,10.891955791753988
8,8.0,7.0,1566.7694999999999,2.0,3133.5389999999998,7.0,6.0,7.0,6.0,0.0,0.0,both,1566.7694999999999,,
8,8.0,8.0,331.23,1.0,331.23,7.0,7.0,7.0,7.0,0.0,0.0,both,331.23,,
8,,,,,,,,7.0,8.0,0.0,0.0,right_only,,,
8,,,,,,,,7.0,9.0,0.0,0.0,right_only,,,
8,,,,,,,,7.0,10.0,0.0,0.0,right_only,,,
9,1.0,1.0,1512091.6666666667,6.0,9072550.0,0.0,0.0,0.0,0.0,3494.46,1142.65,both,1508597.2066666668,432.71111034799844,431.7111103479985
9,1.0,2.0,533238.125,8.0,4265905.0,0.0,1.0,0.0,1.0,2518.78,621.993,both,530719.345,211.70492262126902,210.704922621269
9,1.0,3.0,304806.25,8.0,2438450.0,0.0,2.0,0.0,2.0,1536.79,251.329,both,303269.46,198.33955843023446,197.33955843023446
9,1.0,4.0,177850.375,8.0,1422803.0,0.0,3.0,0.0,3.0,737.138,135.729,both,177113.237,241.27147833919835,240.27147833919835
9,1.0,5.0,175328.75,8.0,1402630.0,0.0,4.0,0.0,4.0,191.798,73.8694,both,175136.952,914.1323162910979,913.1323162910978
9,1.0,6.0,304154.0,2.0,608308.0,0.0,5.0,0.0,5.0,0.0,0.0,both,304154.0,,
9,,,,,,,,0.0,6.0,0.0,0.0,right_only,,,
9,,,,,,,,0.0,7.0,0.0,0.0,right_only,,,
9,,,,,,,,0.0,8.0,0.0,0.0,right_only,,,
9,,,,,,,,0.0,9.0,0.0,0.0,right_only,,,
9,,,,,,,,0.0,10.0,0.0,0.0,right_only,,,
9,2.0,1.0,193271.0,8.0,1546168.0,1.0,0.0,1.0,0.0,29240.2,5893.32,both,164030.8,6.609770111011552,5.609770111011552
9,2.0,2.0,95175.1375,8.0,761401.1,1.0,1.0,1.0,1.0,21499.7,2864.49,both,73675.4375,4.426812350870012,3.426812350870012
9,2.0,3.0,70879.2375,8.0,567033.9,1.0,2.0,1.0,2.0,17816.9,1837.54,both,53062.3375,3.978202577328267,2.978202577328267
9,2.0,4.0,52129.0875,8.0,417032.7,1.0,3.0,1.0,3.0,13037.8,929.476,both,39091.287500000006,3.998303969994938,2.9983039699949385
9,2.0,5.0,67703.0875,8.0,541624.7,1.0,4.0,1.0,4.0,13132.3,929.203,both,54570.78749999999,5.1554630567379665,4.1554630567379665
9,2.0,6.0,36221.0125,8.0,289768.1,1.0,5.0,1.0,5.0,3786.4,248.395,both,32434.612499999996,9.566081898373124,8.566081898373124
9,2.0,7.0,19682.9875,8.0,157463.9,1.0,6.0,1.0,6.0,815.28,64.0992,both,18867.7075,24.14261051417918,23.14261051417918
9,2.0,8.0,17388.875,8.0,139111.0,1.0,7.0,1.0,7.0,103.487,32.4144,both,17285.388,168.0295592683139,167.0295592683139
9,,,,,,,,1.0,8.0,0.0,0.0,right_only,,,
9,,,,,,,,1.0,9.0,0.0,0.0,right_only,,,
9,,,,,,,,1.0,10.0,0.0,0.0,right_only,,,
9,3.0,1.0,63527.6875,8.0,508221.5,2.0,0.0,2.0,0.0,24728.4,1439.67,both,38799.2875,2.5690173039905533,1.5690173039905533
9,3.0,2.0,42685.775,8.0,341486.2,2.0,1.0,2.0,1.0,20387.6,981.884,both,22298.175000000003,2.0937125998155746,1.0937125998155743
9,3.0,3.0,32998.6375,8.0,263989.1,2.0,2.0,2.0,2.0,17012.9,608.178,both,15985.737499999996,1.9396244908275482,0.9396244908275482
9,3.0,4.0,28014.0625,8.0,224112.5,2.0,3.0,2.0,3.0,14650.6,463.438,both,13363.4625,1.9121443831651945,0.9121443831651945
9,3.0,5.0,37751.6875,8.0,302013.5,2.0,4.0,2.0,4.0,20883.4,743.052,both,16868.2875,1.8077366472892344,0.8077366472892343
9,3.0,6.0,22451.1,8.0,179608.8,2.0,5.0,2.0,5.0,10717.3,430.036,both,11733.8,2.094846649809187,1.0948466498091871
9,3.0,7.0,12902.22875,8.0,103217.83,2.0,6.0,2.0,6.0,4920.95,239.7,both,7981.27875,2.6218979566953537,1.6218979566953537
9,3.0,8.0,10186.06875,8.0,81488.55,2.0,7.0,2.0,7.0,2767.43,137.873,both,7418.63875,3.6806960790336163,2.6806960790336163
9,3.0,9.0,4717.84875,8.0,37742.79,2.0,8.0,2.0,8.0,681.36,41.652,both,4036.48875,6.924164538569919,5.924164538569919
9,3.0,10.0,2933.0725,8.0,23464.58,2.0,9.0,2.0,9.0,127.595,24.6333,both,2805.4775000000004,22.98736235745915,21.98736235745915
9,3.0,11.0,998.5261999999999,5.0,4992.630999999999,2.0,10.0,2.0,10.0,0.0,0.0,both,998.5261999999999,,
9,4.0,1.0,23435.8,8.0,187486.4,3.0,0.0,3.0,0.0,18135.1,929.849,both,5300.700000000001,1.2922895379678083,0.2922895379678083
9,4.0,2.0,18754.775,8.0,150038.2,3.0,1.0,3.0,1.0,12864.8,677.126,both,5889.975000000002,1.4578364995957964,0.4578364995957965
9,4.0,3.0,15836.47375,8.0,126691.79,3.0,2.0,3.0,2.0,10848.2,511.174,both,4988.2737499999985,1.4598250170535203,0.45982501705352025
9,4.0,4.0,14402.466666666667,6.0,86414.8,3.0,3.0,3.0,3.0,9617.99,396.019,both,4784.476666666667,1.4974507840688822,0.4974507840688821
9,4.0,5.0,20735.8375,8.0,165886.7,3.0,4.0,3.0,4.0,15717.1,457.542,both,5018.737500000001,1.3193170177704538,0.3193170177704539
9,4.0,6.0,14036.3625,8.0,112290.9,3.0,5.0,3.0,5.0,10580.9,355.492,both,3455.4624999999996,1.3265754803466623,0.32657548034666234
9,4.0,7.0,8995.1675,8.0,71961.34,3.0,6.0,3.0,6.0,6288.21,211.298,both,2706.9574999999995,1.4304814088588007,0.43048140885880076
9,4.0,8.0,7636.71125,8.0,61093.69,3.0,7.0,3.0,7.0,4772.96,121.33,both,2863.7512500000003,1.5999948145385674,0.5999948145385673
9,4.0,9.0,3958.92875,8.0,31671.43,3.0,8.0,3.0,8.0,1860.07,72.5802,both,2098.8587500000003,2.1283762170240905,1.1283762170240907
9,4.0,10.0,2276.6075,8.0,18212.86,3.0,9.0,3.0,9.0,668.106,53.7826,both,1608.5015,3.4075543401795523,2.4075543401795523
9,4.0,11.0,1026.105125,8.0,8208.841,3.0,10.0,3.0,10.0,124.284,21.8678,both,901.821125,8.256132124810916,7.256132124810917
9,5.0,1.0,13111.3125,8.0,104890.5,4.0,0.0,4.0,0.0,12987.5,593.62,both,123.8125,1.0095332050048123,0.00953320500481232
9,5.0,2.0,10729.104285714286,7.0,75103.73,4.0,1.0,4.0,1.0,8267.58,411.301,both,2461.5242857142857,1.2977321399628774,0.2977321399628774
9,5.0,3.0,8879.341428571428,7.0,62155.39,4.0,2.0,4.0,2.0,6522.31,298.754,both,2357.0314285714276,1.361379852931159,0.361379852931159
9,5.0,4.0,8502.35,6.0,51014.1,4.0,3.0,4.0,3.0,5887.58,295.411,both,2614.7700000000004,1.444116258292881,0.44411625829288104
9,5.0,5.0,12676.842857142856,7.0,88737.9,4.0,4.0,4.0,4.0,9900.97,339.879,both,2775.8728571428564,1.2803637277097957,0.2803637277097958
9,5.0,6.0,8969.083333333334,6.0,53814.5,4.0,5.0,4.0,5.0,7595.87,263.801,both,1373.213333333334,1.1807842068562697,0.1807842068562698
9,5.0,7.0,6462.085714285714,7.0,45234.6,4.0,6.0,4.0,6.0,5565.16,187.665,both,896.9257142857141,1.161168001330728,0.16116800133072798
9,5.0,8.0,6090.165,6.0,36540.99,4.0,7.0,4.0,7.0,4706.96,171.634,both,1383.205,1.2938637676971974,0.2938637676971973
9,5.0,9.0,3459.775,6.0,20758.65,4.0,8.0,4.0,8.0,1978.17,88.7909,both,1481.605,1.7489775903992073,0.7489775903992073
9,5.0,10.0,1903.011875,8.0,15224.095,4.0,9.0,4.0,9.0,777.817,38.5744,both,1125.194875,2.446606174717189,1.4466061747171892
9,5.0,11.0,1075.925857142857,7.0,7531.481,4.0,10.0,4.0,10.0,156.613,26.6334,both,919.312857142857,6.869965182602064,5.869965182602064
9,6.0,1.0,7725.21,8.0,61801.68,5.0,0.0,5.0,0.0,9530.13,372.975,both,-1804.9199999999992,0.8106090892779008,0.1893909107220992
9,6.0,2.0,6866.448571428571,7.0,48065.14,5.0,1.0,5.0,1.0,6244.2,215.91,both,622.2485714285713,1.0996522487153793,0.09965224871537928
9,6.0,3.0,5783.845,6.0,34703.07,5.0,2.0,5.0,2.0,4438.23,179.767,both,1345.6150000000007,1.3031873066515256,0.30318730665152566
9,6.0,4.0,5248.19,6.0,31489.14,5.0,3.0,5.0,3.0,3745.71,187.497,both,1502.4799999999996,1.401120214859132,0.4011202148591321
9,6.0,5.0,8112.485000000001,6.0,48674.91,5.0,4.0,5.0,4.0,6205.26,299.733,both,1907.2250000000004,1.307356178467945,0.307356178467945
9,6.0,6.0,5802.461666666667,6.0,34814.770000000004,5.0,5.0,5.0,5.0,4609.88,176.226,both,1192.581666666667,1.258701238788573,0.258701238788573
9,6.0,7.0,4296.683333333333,6.0,25780.1,5.0,6.0,5.0,6.0,3130.28,156.319,both,1166.4033333333332,1.3726194887784267,0.37261948877842654
9,6.0,8.0,3888.3700000000003,6.0,23330.22,5.0,7.0,5.0,7.0,2419.64,98.1131,both,1468.7300000000005,1.6070035211849698,0.6070035211849699
9,6.0,9.0,2239.9166666666665,6.0,13439.5,5.0,8.0,5.0,8.0,815.52,73.2537,both,1424.3966666666665,2.7466115688967365,1.7466115688967365
9,6.0,10.0,1253.2271666666666,6.0,7519.362999999999,5.0,9.0,5.0,9.0,261.736,20.5555,both,991.4911666666666,4.7881344815641205,3.7881344815641205
9,6.0,11.0,486.6125,6.0,2919.675,5.0,10.0,5.0,10.0,0.0,0.0,both,486.6125,,
9,7.0,1.0,4890.5325,8.0,39124.26,6.0,0.0,6.0,0.0,5665.92,340.905,both,-775.3874999999998,0.863148879617079,0.13685112038292102
9,7.0,2.0,4509.5085714285715,7.0,31566.559999999998,6.0,1.0,6.0,1.0,3315.07,208.754,both,1194.4385714285713,1.36030568628372,0.3603056862837199
9,7.0,3.0,3488.26,6.0,20929.56,6.0,2.0,6.0,2.0,2082.81,126.474,both,1405.4500000000003,1.6747855061191372,0.6747855061191372
9,7.0,4.0,2884.3916666666664,6.0,17306.35,6.0,3.0,6.0,3.0,1428.22,76.3913,both,1456.1716666666664,2.019570981128024,1.019570981128024
9,7.0,5.0,4736.568333333334,6.0,28419.41,6.0,4.0,6.0,4.0,1728.25,97.4261,both,3008.3183333333336,2.7406731279232366,1.7406731279232366
9,7.0,6.0,3217.2316666666666,6.0,19303.39,6.0,5.0,6.0,5.0,836.2,60.5557,both,2381.0316666666668,3.8474427967790796,2.84744279677908
9,7.0,7.0,1954.1916666666666,6.0,11725.15,6.0,6.0,6.0,6.0,328.547,40.1921,both,1625.6446666666666,5.947982074609315,4.947982074609315
9,7.0,8.0,1496.7516666666668,6.0,8980.51,6.0,7.0,6.0,7.0,184.399,39.8322,both,1312.3526666666667,8.116918566080438,7.116918566080438
9,7.0,9.0,496.0155,6.0,2976.093,6.0,8.0,6.0,8.0,0.0,0.0,both,496.0155,,
9,7.0,10.0,265.02733333333333,3.0,795.082,6.0,9.0,6.0,9.0,0.0,0.0,both,265.02733333333333,,
9,,,,,,,,6.0,10.0,0.0,0.0,right_only,,,
9,8.0,1.0,1224.150375,8.0,9793.203,7.0,0.0,7.0,0.0,181.923,32.7971,both,1042.227375,6.728947824079418,5.728947824079418
9,8.0,2.0,982.3948,5.0,4911.974,7.0,1.0,7.0,1.0,79.0741,21.8679,both,903.3207,12.423724076530748,11.423724076530748
9,8.0,3.0,532.49325,4.0,2129.973,7.0,2.0,7.0,2.0,0.0,0.0,both,532.49325,,
9,8.0,4.0,434.112,3.0,1302.336,7.0,3.0,7.0,3.0,0.0,0.0,both,434.112,,
9,8.0,5.0,368.81666666666666,3.0,1106.45,7.0,4.0,7.0,4.0,0.0,0.0,both,368.81666666666666,,
9,8.0,6.0,171.111,2.0,342.222,7.0,5.0,7.0,5.0,0.0,0.0,both,171.111,,
9,,,,,,,,7.0,6.0,0.0,0.0,right_only,,,
9,,,,,,,,7.0,7.0,0.0,0.0,right_only,,,
9,,,,,,,,7.0,8.0,0.0,0.0,right_only,,,
9,,,,,,,,7.0,9.0,0.0,0.0,right_only,,,
9,,,,,,,,7.0,10.0,0.0,0.0,right_only,,,
10,1.0,1.0,1481591.6666666667,6.0,8889550.0,0.0,0.0,0.0,0.0,-106.425,82.6425,both,1481698.0916666668,-13921.46268890455,-13922.46268890455
10,1.0,2.0,764733.0,7.0,5353131.0,0.0,1.0,0.0,1.0,34.4805,28.6649,both,764698.5195,22178.70970548571,22177.70970548571
10,1.0,3.0,385218.875,8.0,3081751.0,0.0,2.0,0.0,2.0,0.0,0.0,both,385218.875,,
10,1.0,4.0,192485.0,5.0,962425.0,0.0,3.0,0.0,3.0,0.0,0.0,both,192485.0,,
10,1.0,5.0,231641.75,4.0,926567.0,0.0,4.0,0.0,4.0,0.0,0.0,both,231641.75,,
10,,,,,,,,0.0,5.0,0.0,0.0,right_only,,,
10,,,,,,,,0.0,6.0,0.0,0.0,right_only,,,
10,,,,,,,,0.0,7.0,0.0,0.0,right_only,,,
10,,,,,,,,0.0,8.0,0.0,0.0,right_only,,,
10,,,,,,,,0.0,9.0,0.0,0.0,right_only,,,
10,,,,,,,,0.0,10.0,0.0,0.0,right_only,,,
10,2.0,1.0,190927.25,8.0,1527418.0,1.0,0.0,1.0,0.0,11594.8,2518.09,both,179332.45,16.46662728119502,15.46662728119502
10,2.0,2.0,113654.325,8.0,909234.6,1.0,1.0,1.0,1.0,5717.82,888.552,both,107936.505,19.877212818871527,18.87721281887153
10,2.0,3.0,87925.8375,8.0,703406.7,1.0,2.0,1.0,2.0,4069.23,505.601,both,83856.6075,21.607487780243435,20.607487780243435
10,2.0,4.0,66422.3,8.0,531378.4,1.0,3.0,1.0,3.0,3124.65,289.74,both,63297.65,21.257516841886293,20.25751684188629
10,2.0,5.0,82150.575,8.0,657204.6,1.0,4.0,1.0,4.0,2415.94,179.87,both,79734.635,34.00356589981539,33.00356589981539
10,2.0,6.0,48088.350000000006,8.0,384706.80000000005,1.0,5.0,1.0,5.0,412.651,68.327,both,47675.69900000001,116.53515925079547,115.53515925079549
10,2.0,7.0,24808.733333333334,6.0,148852.4,1.0,6.0,1.0,6.0,0.0,0.0,both,24808.733333333334,,
10,2.0,8.0,26242.9,1.0,26242.9,1.0,7.0,1.0,7.0,0.0,0.0,both,26242.9,,
10,,,,,,,,1.0,8.0,0.0,0.0,right_only,,,
10,,,,,,,,1.0,9.0,0.0,0.0,right_only,,,
10,,,,,,,,1.0,10.0,0.0,0.0,right_only,,,
10,3.0,1.0,62667.8875,8.0,501343.1,2.0,0.0,2.0,0.0,16477.2,1631.87,both,46190.6875,3.8033092697788455,2.803309269778846
10,3.0,2.0,48685.225,8.0,389481.8,2.0,1.0,2.0,1.0,10860.2,711.302,both,37825.024999999994,4.482903169370729,3.482903169370729
10,3.0,3.0,41482.6375,8.0,331861.1,2.0,2.0,2.0,2.0,7186.54,417.604,both,34296.097499999996,5.772268365583438,4.772268365583438
10,3.0,4.0,32824.9125,8.0,262599.3,2.0,3.0,2.0,3.0,5640.43,250.538,both,27184.4825,5.8195762557110005,4.8195762557110005
10,3.0,5.0,44666.8375,8.0,357334.7,2.0,4.0,2.0,4.0,7541.85,332.98,both,37124.9875,5.922530612515497,4.922530612515497
10,3.0,6.0,25881.375,8.0,207051.0,2.0,5.0,2.0,5.0,3391.06,177.495,both,22490.315,7.63223741249049,6.63223741249049
10,3.0,7.0,15037.025,8.0,120296.2,2.0,6.0,2.0,6.0,1178.38,56.109,both,13858.645,12.760760535650638,11.760760535650638
10,3.0,8.0,12187.026249999999,8.0,97496.20999999999,2.0,7.0,2.0,7.0,396.988,43.7855,both,11790.03825,30.698727039608247,29.69872703960825
10,3.0,9.0,4240.733333333334,6.0,25444.4,2.0,8.0,2.0,8.0,0.0,0.0,both,4240.733333333334,,
10,3.0,10.0,1543.43,1.0,1543.43,2.0,9.0,2.0,9.0,0.0,0.0,both,1543.43,,
10,,,,,,,,2.0,10.0,0.0,0.0,right_only,,,
10,4.0,1.0,30344.5375,8.0,242756.3,3.0,0.0,3.0,0.0,14214.5,541.142,both,16130.037499999999,2.134759400612051,1.134759400612051
10,4.0,2.0,24630.3875,8.0,197043.1,3.0,1.0,3.0,1.0,8602.97,380.07,both,16027.417500000001,2.863009809403032,1.863009809403032
10,4.0,3.0,20371.2,8.0,162969.6,3.0,2.0,3.0,2.0,6435.42,297.916,both,13935.78,3.165481040864466,2.165481040864466
10,4.0,4.0,17422.025,8.0,139376.2,3.0,3.0,3.0,3.0,4885.69,246.603,both,12536.335000000003,3.5659292750870404,2.565929275087041
10,4.0,5.0,24632.5375,8.0,197060.3,3.0,4.0,3.0,4.0,7004.7,181.944,both,17627.837499999998,3.5165728011192483,2.5165728011192483
10,4.0,6.0,15852.6875,8.0,126821.5,3.0,5.0,3.0,5.0,4119.82,127.917,both,11732.8675,3.847907796942585,2.847907796942585
10,4.0,7.0,9848.92125,8.0,78791.37,3.0,6.0,3.0,6.0,2082.05,131.3,both,7766.871249999999,4.730396124012391,3.730396124012391
10,4.0,8.0,8343.84125,8.0,66750.73,3.0,7.0,3.0,7.0,1054.13,64.4211,both,7289.711249999999,7.915381641732992,6.915381641732992
10,4.0,9.0,3702.9275,8.0,29623.42,3.0,8.0,3.0,8.0,161.581,35.3237,both,3541.3464999999997,22.916849753374468,21.916849753374468
10,4.0,10.0,1696.93375,8.0,13575.47,3.0,9.0,3.0,9.0,0.0,0.0,both,1696.93375,,
10,4.0,11.0,264.56875,4.0,1058.275,3.0,10.0,3.0,10.0,0.0,0.0,both,264.56875,,
10,5.0,1.0,16096.525,8.0,128772.2,4.0,0.0,4.0,0.0,11121.3,391.58,both,4975.225,1.4473600208608706,0.4473600208608706
10,5.0,2.0,13236.05,8.0,105888.4,4.0,1.0,4.0,1.0,6514.25,245.975,both,6721.799999999999,2.031860920290133,1.031860920290133
10,5.0,3.0,10788.905,8.0,86311.24,4.0,2.0,4.0,2.0,4636.55,184.783,both,6152.3550000000005,2.3269251922226655,1.3269251922226657
10,5.0,4.0,9850.1725,8.0,78801.38,4.0,3.0,4.0,3.0,3333.16,273.901,both,6517.012500000001,2.955205420681876,1.9552054206818759
10,5.0,5.0,15497.925,8.0,123983.4,4.0,4.0,4.0,4.0,5178.71,246.889,both,10319.215,2.992622680165524,1.9926226801655238
10,5.0,6.0,10210.07375,8.0,81680.59,4.0,5.0,4.0,5.0,3257.8,139.888,both,6952.273749999999,3.1340394591442076,2.1340394591442076
10,5.0,7.0,6688.855,8.0,53510.84,4.0,6.0,4.0,6.0,1678.15,82.1572,both,5010.705,3.9858504901230516,2.985850490123052
10,5.0,8.0,5857.854285714285,7.0,41004.979999999996,4.0,7.0,4.0,7.0,775.406,30.6371,both,5082.448285714285,7.554564042210513,6.554564042210513
10,5.0,9.0,2482.055,6.0,14892.33,4.0,8.0,4.0,8.0,70.5544,15.4354,both,2411.5006,35.179308448516316,34.179308448516316
10,5.0,10.0,912.415,7.0,6386.905,4.0,9.0,4.0,9.0,0.0,0.0,both,912.415,,
10,5.0,11.0,202.38600000000002,5.0,1011.9300000000001,4.0,10.0,4.0,10.0,0.0,0.0,both,202.38600000000002,,
10,6.0,1.0,9973.76,8.0,79790.08,5.0,0.0,5.0,0.0,7624.29,295.813,both,2349.4700000000003,1.3081559069762563,0.30815590697625617
10,6.0,2.0,8704.48875,8.0,69635.91,5.0,1.0,5.0,1.0,4492.13,202.659,both,4212.35875,1.937719689768551,0.9377196897685508
10,6.0,3.0,7303.5,7.0,51124.5,5.0,2.0,5.0,2.0,2837.94,121.66,both,4465.5599999999995,2.573521638935284,1.5735216389352837
10,6.0,4.0,6523.395,6.0,39140.37,5.0,3.0,5.0,3.0,1944.74,86.2961,both,4578.655000000001,3.354378991536144,2.354378991536144
10,6.0,5.0,9897.894999999999,6.0,59387.369999999995,5.0,4.0,5.0,4.0,2196.85,111.852,both,7701.044999999998,4.50549423037531,3.5054942303753096
10,6.0,6.0,6301.65,8.0,50413.2,5.0,5.0,5.0,5.0,1036.37,47.0598,both,5265.28,6.080502137267579,5.080502137267579
10,6.0,7.0,3802.965,8.0,30423.72,5.0,6.0,5.0,6.0,355.709,21.7759,both,3447.2560000000003,10.691225130654551,9.691225130654553
10,6.0,8.0,2647.1242857142856,7.0,18529.87,5.0,7.0,5.0,7.0,96.8891,16.8959,both,2550.2351857142858,27.32117736375181,26.32117736375181
10,6.0,9.0,897.9036666666667,6.0,5387.4220000000005,5.0,8.0,5.0,8.0,0.0,0.0,both,897.9036666666667,,
10,6.0,10.0,344.616,6.0,2067.696,5.0,9.0,5.0,9.0,0.0,0.0,both,344.616,,
10,,,,,,,,5.0,10.0,0.0,0.0,right_only,,,
10,7.0,1.0,4939.0975,8.0,39512.78,6.0,0.0,6.0,0.0,1554.1,116.244,both,3384.9975,3.178107908114021,2.178107908114021
10,7.0,2.0,3777.4500000000003,8.0,30219.600000000002,6.0,1.0,6.0,1.0,707.543,49.7405,both,3069.907,5.338827463489852,4.338827463489852
10,7.0,3.0,3020.0285714285715,7.0,21140.2,6.0,2.0,6.0,2.0,297.116,33.2374,both,2722.9125714285715,10.164476404598108,9.164476404598108
10,7.0,4.0,2299.0750000000003,6.0,13794.45,6.0,3.0,6.0,3.0,143.583,36.0856,both,2155.492,16.01216717856571,15.01216717856571
10,7.0,5.0,2669.891666666667,6.0,16019.35,6.0,4.0,6.0,4.0,71.499,17.1993,both,2598.392666666667,37.34166445218349,36.34166445218349
10,7.0,6.0,1320.9866666666667,6.0,7925.92,6.0,5.0,6.0,5.0,0.0,0.0,both,1320.9866666666667,,
10,7.0,7.0,561.6106,5.0,2808.053,6.0,6.0,6.0,6.0,0.0,0.0,both,561.6106,,
10,7.0,8.0,325.22575,4.0,1300.903,6.0,7.0,6.0,7.0,0.0,0.0,both,325.22575,,
10,,,,,,,,6.0,8.0,0.0,0.0,right_only,,,
10,,,,,,,,6.0,9.0,0.0,0.0,right_only,,,
10,,,,,,,,6.0,10.0,0.0,0.0,right_only,,,
10,8.0,1.0,307.41016666666667,6.0,1844.461,7.0,0.0,7.0,0.0,0.0,0.0,both,307.41016666666667,,
10,8.0,2.0,165.806,1.0,165.806,7.0,1.0,7.0,1.0,0.0,0.0,both,165.806,,
10,,,,,,,,7.0,2.0,0.0,0.0,right_only,,,
10,,,,,,,,7.0,3.0,0.0,0.0,right_only,,,
10,,,,,,,,7.0,4.0,0.0,0.0,right_only,,,
10,,,,,,,,7.0,5.0,0.0,0.0,right_only,,,
10,,,,,,,,7.0,6.0,0.0,0.0,right_only,,,
10,,,,,,,,7.0,7.0,0.0,0.0,right_only,,,
10,,,,,,,,7.0,8.0,0.0,0.0,right_only,,,
10,,,,,,,,7.0,9.0,0.0,0.0,right_only,,,
10,,,,,,,,7.0,10.0,0.0,0.0,right_only,,,
11,,,,,,,,0.0,0.0,0.0,0.0,right_only,,,
11,,,,,,,,0.0,1.0,0.0,0.0,right_only,,,
11,,,,,,,,0.0,2.0,0.0,0.0,right_only,,,
11,,,,,,,,0.0,3.0,0.0,0.0,right_only,,,
11,,,,,,,,0.0,4.0,0.0,0.0,right_only,,,
11,,,,,,,,0.0,5.0,0.0,0.0,right_only,,,
11,,,,,,,,0.0,6.0,0.0,0.0,right_only,,,
11,,,,,,,,0.0,7.0,0.0,0.0,right_only,,,
11,,,,,,,,0.0,8.0,0.0,0.0,right_only,,,
11,,,,,,,,0.0,9.0,0.0,0.0,right_only,,,
11,,,,,,,,0.0,10.0,0.0,0.0,right_only,,,
11,2.0,1.0,93744.6125,8.0,749956.9,1.0,0.0,1.0,0.0,4503.17,1142.63,both,89241.4425,20.817471359064836,19.817471359064836
11,2.0,2.0,71313.45,8.0,570507.6,1.0,1.0,1.0,1.0,1644.61,262.277,both,69668.84,43.3619216713993,42.3619216713993
11,2.0,3.0,59753.125,8.0,478025.0,1.0,2.0,1.0,2.0,1181.33,147.016,both,58571.795,50.58123047751264,49.581230477512634
11,2.0,4.0,56327.262500000004,8.0,450618.10000000003,1.0,3.0,1.0,3.0,890.279,94.2116,both,55436.9835,63.269225153013835,62.269225153013835
11,2.0,5.0,55267.11666666667,6.0,331602.7,1.0,4.0,1.0,4.0,664.356,70.8439,both,54602.76066666667,83.18900810208181,82.18900810208181
11,2.0,6.0,27872.640000000003,5.0,139363.2,1.0,5.0,1.0,5.0,0.0,0.0,both,27872.640000000003,,
11,,,,,,,,1.0,6.0,0.0,0.0,right_only,,,
11,,,,,,,,1.0,7.0,0.0,0.0,right_only,,,
11,,,,,,,,1.0,8.0,0.0,0.0,right_only,,,
11,,,,,,,,1.0,9.0,0.0,0.0,right_only,,,
11,,,,,,,,1.0,10.0,0.0,0.0,right_only,,,
11,3.0,1.0,39437.125,8.0,315497.0,2.0,0.0,2.0,0.0,16482.9,2498.65,both,22954.225,2.3926084002208348,1.3926084002208348
11,3.0,2.0,32300.399999999998,8.0,258403.19999999998,2.0,1.0,2.0,1.0,7674.06,635.365,both,24626.339999999997,4.209036676804716,3.2090366768047156
11,3.0,3.0,26205.5625,8.0,209644.5,2.0,2.0,2.0,2.0,4534.92,374.242,both,21670.6425,5.778616271069831,4.778616271069832
11,3.0,4.0,23070.325,8.0,184562.6,2.0,3.0,2.0,3.0,3769.54,288.457,both,19300.785,6.120196363482017,5.120196363482016
11,3.0,5.0,29914.6875,8.0,239317.5,2.0,4.0,2.0,4.0,4588.98,260.968,both,25325.7075,6.518809735496777,5.518809735496777
11,3.0,6.0,17277.928571428572,7.0,120945.5,2.0,5.0,2.0,5.0,1280.58,103.96,both,15997.348571428573,13.492268012485416,12.492268012485416
11,3.0,7.0,8211.406666666668,6.0,49268.44,2.0,6.0,2.0,6.0,249.016,44.6652,both,7962.390666666668,32.975417911566595,31.9754179115666
11,3.0,8.0,4374.718333333333,6.0,26248.309999999998,2.0,7.0,2.0,7.0,51.7326,34.245,both,4322.985733333333,84.56405309869083,83.56405309869083
11,,,,,,,,2.0,8.0,0.0,0.0,right_only,,,
11,,,,,,,,2.0,9.0,0.0,0.0,right_only,,,
11,,,,,,,,2.0,10.0,0.0,0.0,right_only,,,
11,4.0,1.0,21007.8625,8.0,168062.9,3.0,0.0,3.0,0.0,18660.4,940.84,both,2347.462499999998,1.1257991522153865,0.12579915221538646
11,4.0,2.0,16665.95,8.0,133327.6,3.0,1.0,3.0,1.0,8231.23,365.358,both,8434.720000000001,2.0247217001590285,1.0247217001590287
11,4.0,3.0,14680.0875,8.0,117440.7,3.0,2.0,3.0,2.0,4927.95,245.002,both,9752.1375,2.9789440842541017,1.9789440842541017
11,4.0,4.0,11791.50375,8.0,94332.03,3.0,3.0,3.0,3.0,3250.27,179.835,both,8541.23375,3.6278536090847835,2.6278536090847835
11,4.0,5.0,16481.65,8.0,131853.2,3.0,4.0,3.0,4.0,3926.91,150.842,both,12554.740000000002,4.197104084381868,3.197104084381868
11,4.0,6.0,9864.96375,8.0,78919.71,3.0,5.0,3.0,5.0,1642.03,107.329,both,8222.93375,6.007785332789292,5.007785332789291
11,4.0,7.0,5738.425,8.0,45907.4,3.0,6.0,3.0,6.0,401.461,37.4161,both,5336.964,14.293854197543473,13.293854197543473
11,4.0,8.0,2795.58,6.0,16773.48,3.0,7.0,3.0,7.0,53.7327,18.6796,both,2741.8473,52.027536304708306,51.027536304708306
11,4.0,9.0,500.5353333333333,3.0,1501.606,3.0,8.0,3.0,8.0,0.0,0.0,both,500.5353333333333,,
11,,,,,,,,3.0,9.0,0.0,0.0,right_only,,,
11,,,,,,,,3.0,10.0,0.0,0.0,right_only,,,
11,5.0,1.0,12183.125,8.0,97465.0,4.0,0.0,4.0,0.0,14664.8,562.45,both,-2481.6749999999993,0.8307733484261633,0.16922665157383662
11,5.0,2.0,9595.30125,8.0,76762.41,4.0,1.0,4.0,1.0,6558.57,359.2,both,3036.7312500000007,1.4630172812061166,0.4630172812061167
11,5.0,3.0,8185.81125,8.0,65486.49,4.0,2.0,4.0,2.0,3320.08,158.041,both,4865.73125,2.465546387436447,1.4655463874364474
11,5.0,4.0,6206.7475,8.0,49653.98,4.0,3.0,4.0,3.0,1746.91,119.545,both,4459.837500000001,3.552986416014563,2.552986416014563
11,5.0,5.0,9416.02,8.0,75328.16,4.0,4.0,4.0,4.0,1770.41,124.311,both,7645.610000000001,5.318553329454759,4.318553329454759
11,5.0,6.0,5434.58875,8.0,43476.71,4.0,5.0,4.0,5.0,564.699,51.6711,both,4869.88975,9.62386820235205,8.623868202352051
11,5.0,7.0,2814.16,8.0,22513.28,4.0,6.0,4.0,6.0,119.84,33.0741,both,2694.3199999999997,23.482643524699597,22.482643524699597
11,5.0,8.0,1352.905,6.0,8117.43,4.0,7.0,4.0,7.0,0.0,0.0,both,1352.905,,
11,5.0,9.0,290.15070000000003,5.0,1450.7535,4.0,8.0,4.0,8.0,0.0,0.0,both,290.15070000000003,,
11,,,,,,,,4.0,9.0,0.0,0.0,right_only,,,
11,,,,,,,,4.0,10.0,0.0,0.0,right_only,,,
11,6.0,1.0,6409.5475,8.0,51276.38,5.0,0.0,5.0,0.0,4260.17,177.001,both,2149.3774999999996,1.5045285751507569,0.5045285751507568
11,6.0,2.0,5141.925,8.0,41135.4,5.0,1.0,5.0,1.0,1788.58,118.46,both,3353.3450000000003,2.8748644175826636,1.8748644175826636
11,6.0,3.0,4047.865,8.0,32382.92,5.0,2.0,5.0,2.0,859.643,72.234,both,3188.2219999999998,4.708774456373169,3.7087744563731686
11,6.0,4.0,2985.37,7.0,20897.59,5.0,3.0,5.0,3.0,304.37,44.5913,both,2681.0,9.808358248184774,8.808358248184774
11,6.0,5.0,3607.782857142857,7.0,25254.48,5.0,4.0,5.0,4.0,209.378,31.7936,both,3398.404857142857,17.230954814464067,16.230954814464067
11,6.0,6.0,1575.3985714285716,7.0,11027.79,5.0,5.0,5.0,5.0,0.0,0.0,both,1575.3985714285716,,
11,6.0,7.0,502.776,6.0,3016.656,5.0,6.0,5.0,6.0,0.0,0.0,both,502.776,,
11,6.0,8.0,239.83900000000003,3.0,719.517,5.0,7.0,5.0,7.0,0.0,0.0,both,239.83900000000003,,
11,,,,,,,,5.0,8.0,0.0,0.0,right_only,,,
11,,,,,,,,5.0,9.0,0.0,0.0,right_only,,,
11,,,,,,,,5.0,10.0,0.0,0.0,right_only,,,
11,7.0,1.0,1274.5475,8.0,10196.38,6.0,0.0,6.0,0.0,81.2146,23.8314,both,1193.3328999999999,15.693576031895741,14.693576031895741
11,7.0,2.0,848.195875,8.0,6785.567,6.0,1.0,6.0,1.0,0.0,0.0,both,848.195875,,
11,7.0,3.0,537.5756,5.0,2687.878,6.0,2.0,6.0,2.0,0.0,0.0,both,537.5756,,
11,7.0,4.0,239.482,4.0,957.928,6.0,3.0,6.0,3.0,0.0,0.0,both,239.482,,
11,7.0,5.0,204.255,2.0,408.51,6.0,4.0,6.0,4.0,0.0,0.0,both,204.255,,
11,,,,,,,,6.0,5.0,0.0,0.0,right_only,,,
11,,,,,,,,6.0,6.0,0.0,0.0,right_only,,,
11,,,,,,,,6.0,7.0,0.0,0.0,right_only,,,
11,,,,,,,,6.0,8.0,0.0,0.0,right_only,,,
11,,,,,,,,6.0,9.0,0.0,0.0,right_only,,,
11,,,,,,,,6.0,10.0,0.0,0.0,right_only,,,
11,,,,,,,,7.0,0.0,0.0,0.0,right_only,,,
11,,,,,,,,7.0,1.0,0.0,0.0,right_only,,,
11,,,,,,,,7.0,2.0,0.0,0.0,right_only,,,
11,,,,,,,,7.0,3.0,0.0,0.0,right_only,,,
11,,,,,,,,7.0,4.0,0.0,0.0,right_only,,,
11,,,,,,,,7.0,5.0,0.0,0.0,right_only,,,
11,,,,,,,,7.0,6.0,0.0,0.0,right_only,,,
11,,,,,,,,7.0,7.0,0.0,0.0,right_only,,,
11,,,,,,,,7.0,8.0,0.0,0.0,right_only,,,
11,,,,,,,,7.0,9.0,0.0,0.0,right_only,,,
11,,,,,,,,7.0,10.0,0.0,0.0,right_only,,,
12,,,,,,,,0.0,0.0,15324.7,5111.65,right_only,,,
12,,,,,,,,0.0,1.0,16154.3,3618.06,right_only,,,
12,,,,,,,,0.0,2.0,14732.6,2171.59,right_only,,,
12,,,,,,,,0.0,3.0,8494.96,1052.51,right_only,,,
12,,,,,,,,0.0,4.0,5348.26,576.126,right_only,,,
12,,,,,,,,0.0,5.0,143.452,35.2539,right_only,,,
12,,,,,,,,0.0,6.0,0.0,0.0,right_only,,,
12,,,,,,,,0.0,7.0,0.0,0.0,right_only,,,
12,,,,,,,,0.0,8.0,0.0,0.0,right_only,,,
12,,,,,,,,0.0,9.0,0.0,0.0,right_only,,,
12,,,,,,,,0.0,10.0,0.0,0.0,right_only,,,
12,2.0,1.0,123144.0125,8.0,985152.1,1.0,0.0,1.0,0.0,-21990.3,3920.07,both,145134.3125,-5.599924171111809,-6.599924171111809
12,2.0,2.0,100942.625,8.0,807541.0,1.0,1.0,1.0,1.0,-23886.2,2343.28,both,124828.825,-4.225980901106078,-5.225980901106078
12,2.0,3.0,72298.93333333333,6.0,433793.60000000003,1.0,2.0,1.0,2.0,25240.9,1513.71,both,47058.03333333333,2.8643563951100526,1.8643563951100528
12,2.0,4.0,54074.880000000005,5.0,270374.4,1.0,3.0,1.0,3.0,22350.9,1092.44,both,31723.980000000003,2.4193602942163404,1.4193602942163404
12,2.0,5.0,45111.475,4.0,180445.9,1.0,4.0,1.0,4.0,30201.1,1199.55,both,14910.375,1.4937030439288634,0.49370304392886355
12,,,,,,,,1.0,5.0,14522.2,690.045,right_only,,,
12,,,,,,,,1.0,6.0,5345.91,345.155,right_only,,,
12,,,,,,,,1.0,7.0,2124.82,140.783,right_only,,,
12,,,,,,,,1.0,8.0,197.849,39.4804,right_only,,,
12,,,,,,,,1.0,9.0,0.0,0.0,right_only,,,
12,,,,,,,,1.0,10.0,0.0,0.0,right_only,,,
12,3.0,1.0,57993.1375,8.0,463945.1,2.0,0.0,2.0,0.0,0.0,0.0,both,57993.1375,,
12,3.0,2.0,42068.1625,8.0,336545.3,2.0,1.0,2.0,1.0,12785.9,1207.78,both,29282.262499999997,3.2901995557606427,2.2901995557606423
12,3.0,3.0,33064.1375,8.0,264513.1,2.0,2.0,2.0,2.0,13300.1,751.82,both,19764.0375,2.486006684160269,1.4860066841602693
12,3.0,4.0,31537.0,8.0,252296.0,2.0,3.0,2.0,3.0,12962.7,621.478,both,18574.3,2.432903638902389,1.432903638902389
12,3.0,5.0,30075.88333333333,6.0,180455.3,2.0,4.0,2.0,4.0,21985.8,851.275,both,8090.083333333332,1.3679685675905964,0.3679685675905963
12,3.0,6.0,10376.248333333335,6.0,62257.490000000005,2.0,5.0,2.0,5.0,15318.8,694.754,both,-4942.5516666666645,0.6773538614861043,0.3226461385138957
12,3.0,7.0,2979.853333333333,3.0,8939.56,2.0,6.0,2.0,6.0,9529.3,355.726,both,-6549.446666666667,0.3127043259560863,0.6872956740439138
12,,,,,,,,2.0,7.0,7567.82,261.691,right_only,,,
12,,,,,,,,2.0,8.0,3168.06,122.408,right_only,,,
12,,,,,,,,2.0,9.0,1133.91,69.5047,right_only,,,
12,,,,,,,,2.0,10.0,201.806,46.7798,right_only,,,
12,4.0,1.0,30420.375,8.0,243363.0,3.0,0.0,3.0,0.0,6425.54,446.212,both,23994.835,4.734290814468512,3.7342908144685114
12,4.0,2.0,22987.7875,8.0,183902.3,3.0,1.0,3.0,1.0,7280.11,351.085,both,15707.677499999998,3.15761540691006,2.15761540691006
12,4.0,3.0,17540.287500000002,8.0,140322.30000000002,3.0,2.0,3.0,2.0,7023.61,298.327,both,10516.677500000002,2.4973322123523376,1.4973322123523376
12,4.0,4.0,12099.6,8.0,96796.8,3.0,3.0,3.0,3.0,6860.6,271.035,both,5239.0,1.7636358336005598,0.7636358336005596
12,4.0,5.0,14044.6875,8.0,112357.5,3.0,4.0,3.0,4.0,11911.2,525.423,both,2133.4874999999993,1.179116084021761,0.17911608402176096
12,4.0,6.0,4794.196666666667,6.0,28765.18,3.0,5.0,3.0,5.0,9489.66,387.281,both,-4695.463333333333,0.5052021533613077,0.49479784663869236
12,4.0,7.0,1312.752,5.0,6563.76,3.0,6.0,3.0,6.0,6973.37,275.113,both,-5660.618,0.18825216502207684,0.8117478349779232
12,4.0,8.0,227.84,1.0,227.84,3.0,7.0,3.0,7.0,6532.47,250.669,both,-6304.63,0.034878078276670235,0.9651219217233298
12,,,,,,,,3.0,8.0,3645.99,137.353,right_only,,,
12,,,,,,,,3.0,9.0,2208.74,119.228,right_only,,,
12,,,,,,,,3.0,10.0,1236.11,79.0012,right_only,,,
12,5.0,1.0,15863.9875,8.0,126911.9,4.0,0.0,4.0,0.0,4545.45,245.28,both,11318.537499999999,3.49008074008074,2.4900807400807397
12,5.0,2.0,10361.04125,8.0,82888.33,4.0,1.0,4.0,1.0,4413.98,328.201,both,5947.061250000001,2.34732401370192,1.34732401370192
12,5.0,3.0,7097.43,8.0,56779.44,4.0,2.0,4.0,2.0,4128.63,266.679,both,2968.8,1.7190763037617807,0.7190763037617806
12,5.0,4.0,4213.4037499999995,8.0,33707.229999999996,4.0,3.0,4.0,3.0,3849.83,251.531,both,363.57374999999956,1.094438910289545,0.09443891028954514
12,5.0,5.0,4243.54625,8.0,33948.37,4.0,4.0,4.0,4.0,6834.38,334.133,both,-2590.83375,0.6209116627989665,0.3790883372010336
12,5.0,6.0,1505.1333333333332,6.0,9030.8,4.0,5.0,4.0,5.0,5737.12,173.695,both,-4231.986666666667,0.2623499828020563,0.7376500171979437
12,5.0,7.0,366.6406666666667,3.0,1099.922,4.0,6.0,4.0,6.0,4668.02,207.634,both,-4301.379333333334,0.0785430796497587,0.9214569203502414
12,,,,,,,,4.0,7.0,4769.03,133.996,right_only,,,
12,,,,,,,,4.0,8.0,2963.41,155.259,right_only,,,
12,,,,,,,,4.0,9.0,2119.98,111.45,right_only,,,
12,,,,,,,,4.0,10.0,1363.4,66.6104,right_only,,,
12,6.0,1.0,3523.83125,8.0,28190.65,5.0,0.0,5.0,0.0,3291.03,287.523,both,232.80124999999998,1.0707381123842687,0.07073811238426875
12,6.0,2.0,2143.63,8.0,17149.04,5.0,1.0,5.0,1.0,2886.62,148.035,both,-742.9899999999998,0.7426090029169063,0.25739099708309365
12,6.0,3.0,1336.7148750000001,8.0,10693.719000000001,5.0,2.0,5.0,2.0,2542.6,169.499,both,-1205.8851249999998,0.5257275525053096,0.4742724474946904
12,6.0,4.0,651.6934,5.0,3258.467,5.0,3.0,5.0,3.0,2508.47,138.345,both,-1856.7765999999997,0.25979716719753476,0.7402028328024652
12,6.0,5.0,460.66279999999995,5.0,2303.314,5.0,4.0,5.0,4.0,4274.23,256.099,both,-3813.5671999999995,0.10777679254509,0.89222320745491
12,,,,,,,,5.0,5.0,3689.86,251.933,right_only,,,
12,,,,,,,,5.0,6.0,3043.76,204.32,right_only,,,
12,,,,,,,,5.0,7.0,3335.89,195.17,right_only,,,
12,,,,,,,,5.0,8.0,2065.94,106.173,right_only,,,
12,,,,,,,,5.0,9.0,1415.23,113.389,right_only,,,
12,,,,,,,,5.0,10.0,667.208,78.5538,right_only,,,
12,7.0,1.0,262.489,2.0,524.978,6.0,0.0,6.0,0.0,2375.25,265.058,both,-2112.761,0.11051005157351856,0.8894899484264814
12,,,,,,,,6.0,1.0,1959.89,166.265,right_only,,,
12,,,,,,,,6.0,2.0,1745.22,156.743,right_only,,,
12,,,,,,,,6.0,3.0,1590.77,120.278,right_only,,,
12,,,,,,,,6.0,4.0,2619.83,190.486,right_only,,,
12,,,,,,,,6.0,5.0,1978.48,180.099,right_only,,,
12,,,,,,,,6.0,6.0,1376.87,134.124,right_only,,,
12,,,,,,,,6.0,7.0,1296.88,89.5118,right_only,,,
12,,,,,,,,6.0,8.0,531.963,56.6379,right_only,,,
12,,,,,,,,6.0,9.0,225.868,26.6429,right_only,,,
12,,,,,,,,6.0,10.0,0.0,0.0,right_only,,,
12,,,,,,,,7.0,0.0,578.935,89.6211,right_only,,,
12,,,,,,,,7.0,1.0,419.844,101.798,right_only,,,
12,,,,,,,,7.0,2.0,278.42,49.231,right_only,,,
12,,,,,,,,7.0,3.0,243.87,53.3152,right_only,,,
12,,,,,,,,7.0,4.0,235.594,35.3589,right_only,,,
12,,,,,,,,7.0,5.0,78.501,28.4605,right_only,,,
12,,,,,,,,7.0,6.0,0.0,0.0,right_only,,,
12,,,,,,,,7.0,7.0,0.0,0.0,right_only,,,
12,,,,,,,,7.0,8.0,0.0,0.0,right_only,,,
12,,,,,,,,7.0,9.0,0.0,0.0,right_only,,,
12,,,,,,,,7.0,10.0,0.0,0.0,right_only,,,
13,1.0,1.0,1151656.6666666667,6.0,6909940.0,0.0,0.0,0.0,0.0,-7110.28,2426.84,both,1158766.9466666668,-161.97064906961003,-162.97064906961003
13,1.0,2.0,487996.75,8.0,3903974.0,0.0,1.0,0.0,1.0,5774.98,1425.11,both,482221.77,84.501894378855,83.501894378855
13,1.0,3.0,276599.5,8.0,2212796.0,0.0,2.0,0.0,2.0,4311.99,671.924,both,272287.51,64.14660052551143,63.14660052551143
13,1.0,4.0,146389.125,8.0,1171113.0,0.0,3.0,0.0,3.0,2293.34,341.906,both,144095.785,63.83228173755308,62.83228173755309
13,1.0,5.0,152431.375,8.0,1219451.0,0.0,4.0,0.0,4.0,779.326,112.608,both,151652.049,195.5938528933976,194.5938528933976
13,1.0,6.0,68122.26666666666,3.0,204366.8,0.0,5.0,0.0,5.0,0.0,0.0,both,68122.26666666666,,
13,,,,,,,,0.0,6.0,0.0,0.0,right_only,,,
13,,,,,,,,0.0,7.0,0.0,0.0,right_only,,,
13,,,,,,,,0.0,8.0,0.0,0.0,right_only,,,
13,,,,,,,,0.0,9.0,0.0,0.0,right_only,,,
13,,,,,,,,0.0,10.0,0.0,0.0,right_only,,,
13,2.0,1.0,167635.1875,8.0,1341081.5,1.0,0.0,1.0,0.0,-19343.4,3711.78,both,186978.5875,-8.66627312158152,-9.66627312158152
13,2.0,2.0,78825.7125,8.0,630605.7,1.0,1.0,1.0,1.0,16984.6,1837.18,both,61841.112499999996,4.641010827455459,3.64101082745546
13,2.0,3.0,59253.45,8.0,474027.6,1.0,2.0,1.0,2.0,15136.7,1153.58,both,44116.75,3.914555352223404,2.914555352223404
13,2.0,4.0,45103.575,8.0,360828.6,1.0,3.0,1.0,3.0,11700.1,757.918,both,33403.475,3.8549734617652835,2.854973461765284
13,2.0,5.0,55455.4375,8.0,443643.5,1.0,4.0,1.0,4.0,13847.6,894.681,both,41607.8375,4.0046966622374995,3.0046966622374995
13,2.0,6.0,30027.8,8.0,240222.4,1.0,5.0,1.0,5.0,4956.71,304.697,both,25071.09,6.05801025276847,5.05801025276847
13,2.0,7.0,16286.7125,8.0,130293.7,1.0,6.0,1.0,6.0,1311.26,82.6629,both,14975.4525,12.420658374387994,11.420658374387992
13,2.0,8.0,13629.837500000001,8.0,109038.70000000001,1.0,7.0,1.0,7.0,298.397,49.2935,both,13331.4405,45.6768583464311,44.6768583464311
13,2.0,9.0,6566.254285714285,7.0,45963.78,1.0,8.0,1.0,8.0,0.0,0.0,both,6566.254285714285,,
13,,,,,,,,1.0,9.0,0.0,0.0,right_only,,,
13,,,,,,,,1.0,10.0,0.0,0.0,right_only,,,
13,3.0,1.0,43318.4,8.0,346547.2,2.0,0.0,2.0,0.0,-12663.3,1427.16,both,55981.7,-3.420782892295058,-4.420782892295057
13,3.0,2.0,35999.7125,8.0,287997.7,2.0,1.0,2.0,1.0,11757.2,944.152,both,24242.5125,3.0619290732487325,2.0619290732487325
13,3.0,3.0,27645.35,8.0,221162.8,2.0,2.0,2.0,2.0,10311.4,421.882,both,17333.949999999997,2.6810471904881976,1.6810471904881974
13,3.0,4.0,23572.0875,8.0,188576.7,2.0,3.0,2.0,3.0,9311.0,388.051,both,14261.087500000001,2.531638653205886,1.5316386532058857
13,3.0,5.0,31853.2,8.0,254825.6,2.0,4.0,2.0,4.0,14301.4,586.26,both,17551.800000000003,2.2272784482638066,1.2272784482638066
13,3.0,6.0,19009.2375,8.0,152073.9,2.0,5.0,2.0,5.0,8436.74,366.642,both,10572.4975,2.253149617032171,1.2531496170321712
13,3.0,7.0,10762.64875,8.0,86101.19,2.0,6.0,2.0,6.0,4464.7,218.681,both,6297.9487500000005,2.4106096154276884,1.4106096154276884
13,3.0,8.0,8496.2325,8.0,67969.86,2.0,7.0,2.0,7.0,2804.97,149.464,both,5691.262500000001,3.0289922886875797,2.0289922886875797
13,3.0,9.0,4184.875,8.0,33479.0,2.0,8.0,2.0,8.0,852.686,51.9045,both,3332.189,4.907873472767232,3.9078734727672315
13,3.0,10.0,2224.0025,8.0,17792.02,2.0,9.0,2.0,9.0,202.92,44.4174,both,2021.0825,10.959996550364677,9.959996550364677
13,3.0,11.0,1325.298,6.0,7951.7880000000005,2.0,10.0,2.0,10.0,0.0,0.0,both,1325.298,,
13,4.0,1.0,18599.05,8.0,148792.4,3.0,0.0,3.0,0.0,8914.35,477.01,both,9684.699999999999,2.086416844750318,1.0864168447503182
13,4.0,2.0,17182.212499999998,8.0,137457.69999999998,3.0,1.0,3.0,1.0,6773.03,438.31,both,10409.182499999999,2.5368575807282707,1.5368575807282707
13,4.0,3.0,12921.1275,8.0,103369.02,3.0,2.0,3.0,2.0,6128.28,348.587,both,6792.847500000001,2.1084427441304903,1.1084427441304903
13,4.0,4.0,12405.933333333334,6.0,74435.6,3.0,3.0,3.0,3.0,5489.14,211.179,both,6916.793333333334,2.26008688671328,1.26008688671328
13,4.0,5.0,16300.408571428572,7.0,114102.86,3.0,4.0,3.0,4.0,9228.57,345.617,both,7071.838571428572,1.7662984158356683,0.7662984158356682
13,4.0,6.0,11723.16,8.0,93785.28,3.0,5.0,3.0,5.0,6611.12,315.108,both,5112.04,1.773248708237031,0.773248708237031
13,4.0,7.0,7656.64,8.0,61253.12,3.0,6.0,3.0,6.0,4437.59,165.558,both,3219.05,1.7254050058703034,0.7254050058703035
13,4.0,8.0,6579.3675,8.0,52634.94,3.0,7.0,3.0,7.0,3520.43,138.392,both,3058.9375000000005,1.868910189948387,0.8689101899483872
13,4.0,9.0,3437.3025,8.0,27498.42,3.0,8.0,3.0,8.0,1581.73,106.89,both,1855.5724999999998,2.1731284732539686,1.1731284732539686
13,4.0,10.0,2000.9275,8.0,16007.42,3.0,9.0,3.0,9.0,758.079,56.8729,both,1242.8485,2.639470952235849,1.639470952235849
13,4.0,11.0,1072.44025,8.0,8579.522,3.0,10.0,3.0,10.0,206.988,43.1713,both,865.45225,5.181171130693567,4.181171130693567
13,5.0,1.0,11210.5625,8.0,89684.5,4.0,0.0,4.0,0.0,6187.53,451.816,both,5023.0325,1.811799296326644,0.8117992963266442
13,5.0,2.0,9610.563333333334,6.0,57663.380000000005,4.0,1.0,4.0,1.0,4498.33,282.904,both,5112.233333333334,2.1364736098359467,1.1364736098359467
13,5.0,3.0,8305.843333333332,6.0,49835.06,4.0,2.0,4.0,2.0,3667.41,203.369,both,4638.4333333333325,2.264770869178339,1.264770869178339
13,5.0,4.0,7133.681666666666,6.0,42802.09,4.0,3.0,4.0,3.0,3185.85,205.694,both,3947.8316666666665,2.239176881104467,1.2391768811044672
13,5.0,5.0,10730.881666666666,6.0,64385.29,4.0,4.0,4.0,4.0,5575.86,258.585,both,5155.0216666666665,1.9245249462265313,0.9245249462265313
13,5.0,6.0,7691.265,6.0,46147.590000000004,4.0,5.0,4.0,5.0,4322.02,202.372,both,3369.245,1.77955331072045,0.7795533107204501
13,5.0,7.0,5544.44,6.0,33266.64,4.0,6.0,4.0,6.0,3312.5,133.809,both,2231.9399999999996,1.6737932075471698,0.6737932075471696
13,5.0,8.0,5143.633333333333,6.0,30861.8,4.0,7.0,4.0,7.0,3152.82,132.7,both,1990.813333333333,1.6314389446062043,0.6314389446062043
13,5.0,9.0,2784.4542857142856,7.0,19491.18,4.0,8.0,4.0,8.0,1642.29,65.1808,both,1142.1642857142856,1.6954705233023921,0.6954705233023921
13,5.0,10.0,1835.9242857142858,7.0,12851.470000000001,4.0,9.0,4.0,9.0,843.216,62.7434,both,992.7082857142858,2.1772882460891227,1.1772882460891227
13,5.0,11.0,968.48825,8.0,7747.906,4.0,10.0,4.0,10.0,200.994,23.8187,both,767.49425,4.818493338109596,3.818493338109595
13,6.0,1.0,6402.7275,8.0,51221.82,5.0,0.0,5.0,0.0,4429.25,253.252,both,1973.4775,1.4455556809843653,0.44555568098436527
13,6.0,2.0,5401.092857142858,7.0,37807.65,5.0,1.0,5.0,1.0,3296.81,190.819,both,2104.2828571428577,1.6382784743867125,0.6382784743867125
13,6.0,3.0,4670.973333333333,6.0,28025.84,5.0,2.0,5.0,2.0,2550.78,157.318,both,2120.193333333333,1.8311941184003846,0.8311941184003846
13,6.0,4.0,4313.345,6.0,25880.07,5.0,3.0,5.0,3.0,2212.47,185.077,both,2100.8750000000005,1.9495608980008772,0.9495608980008772
13,6.0,5.0,6739.463333333333,6.0,40436.78,5.0,4.0,5.0,4.0,3542.69,187.943,both,3196.773333333333,1.9023576246675078,0.9023576246675078
13,6.0,6.0,5050.49,6.0,30302.94,5.0,5.0,5.0,5.0,2786.91,135.89,both,2263.58,1.8122185502940533,0.8122185502940533
13,6.0,7.0,3768.751666666667,6.0,22612.510000000002,5.0,6.0,5.0,6.0,2057.26,127.46,both,1711.4916666666668,1.83192774207765,0.8319277420776502
13,6.0,8.0,3587.851666666667,6.0,21527.11,5.0,7.0,5.0,7.0,1786.48,100.183,both,1801.371666666667,2.0083357589598916,1.0083357589598914
13,6.0,9.0,2015.7749999999999,6.0,12094.65,5.0,8.0,5.0,8.0,715.849,57.928,both,1299.926,2.815922072951139,1.815922072951139
13,6.0,10.0,1365.9166666666667,6.0,8195.5,5.0,9.0,5.0,9.0,231.308,50.2825,both,1134.6086666666667,5.905185582282787,4.905185582282787
13,6.0,11.0,572.7701666666667,6.0,3436.621,5.0,10.0,5.0,10.0,0.0,0.0,both,572.7701666666667,,
13,7.0,1.0,3850.01,8.0,30800.08,6.0,0.0,6.0,0.0,2970.67,254.128,both,879.3400000000001,1.2960072980169457,0.2960072980169457
13,7.0,2.0,3639.0142857142855,7.0,25473.1,6.0,1.0,6.0,1.0,2004.49,187.132,both,1634.5242857142855,1.8154314991415699,0.8154314991415699
13,7.0,3.0,2895.6157142857146,7.0,20269.31,6.0,2.0,6.0,2.0,1404.58,82.6943,both,1491.0357142857147,2.061552716317842,1.0615527163178422
13,7.0,4.0,2659.895,6.0,15959.369999999999,6.0,3.0,6.0,3.0,1021.07,68.2349,both,1638.8249999999998,2.6050074921405977,1.6050074921405975
13,7.0,5.0,3815.9383333333335,6.0,22895.63,6.0,4.0,6.0,4.0,1379.07,82.0175,both,2436.868333333334,2.767037447941971,1.767037447941971
13,7.0,6.0,2564.455,6.0,15386.73,6.0,5.0,6.0,5.0,680.75,72.6736,both,1883.705,3.7671024605214836,2.7671024605214836
13,7.0,7.0,1782.9316666666666,6.0,10697.59,6.0,6.0,6.0,6.0,352.604,51.2114,both,1430.3276666666666,5.0564703368840584,4.0564703368840584
13,7.0,8.0,1490.76,6.0,8944.56,6.0,7.0,6.0,7.0,186.741,29.0072,both,1304.019,7.98303532700371,6.98303532700371
13,7.0,9.0,697.0931666666667,6.0,4182.559,6.0,8.0,6.0,8.0,33.0641,14.7808,both,664.0290666666666,21.08308306189089,20.08308306189089
13,7.0,10.0,319.45099999999996,5.0,1597.2549999999999,6.0,9.0,6.0,9.0,0.0,0.0,both,319.45099999999996,,
13,,,,,,,,6.0,10.0,0.0,0.0,right_only,,,
13,8.0,1.0,1121.6858571428572,7.0,7851.801,7.0,0.0,7.0,0.0,140.728,26.103,both,980.9578571428572,7.970594744065553,6.9705947440655525
13,8.0,2.0,861.7698,5.0,4308.849,7.0,1.0,7.0,1.0,65.2664,24.8314,both,796.5034,13.203881323314906,12.203881323314906
13,8.0,3.0,653.2645,4.0,2613.058,7.0,2.0,7.0,2.0,0.0,0.0,both,653.2645,,
13,8.0,4.0,599.5133333333333,3.0,1798.54,7.0,3.0,7.0,3.0,0.0,0.0,both,599.5133333333333,,
13,8.0,5.0,594.13,4.0,2376.52,7.0,4.0,7.0,4.0,0.0,0.0,both,594.13,,
13,,,,,,,,7.0,5.0,0.0,0.0,right_only,,,
13,,,,,,,,7.0,6.0,0.0,0.0,right_only,,,
13,,,,,,,,7.0,7.0,0.0,0.0,right_only,,,
13,,,,,,,,7.0,8.0,0.0,0.0,right_only,,,
13,,,,,,,,7.0,9.0,0.0,0.0,right_only,,,
13,,,,,,,,7.0,10.0,0.0,0.0,right_only,,,
14,1.0,1.0,820558.8333333334,6.0,4923353.0,0.0,0.0,,,,,left_only,,,
14,1.0,2.0,347950.5714285714,7.0,2435654.0,0.0,1.0,,,,,left_only,,,
14,1.0,3.0,177089.875,8.0,1416719.0,0.0,2.0,,,,,left_only,,,
14,1.0,4.0,93051.25,8.0,744410.0,0.0,3.0,,,,,left_only,,,
14,1.0,5.0,102997.87142857142,7.0,720985.1,0.0,4.0,,,,,left_only,,,
14,2.0,1.0,75065.275,8.0,600522.2,1.0,0.0,,,,,left_only,,,
14,2.0,2.0,58807.899999999994,8.0,470463.19999999995,1.0,1.0,,,,,left_only,,,
14,2.0,3.0,43642.45,8.0,349139.6,1.0,2.0,,,,,left_only,,,
14,2.0,4.0,33316.35,8.0,266530.8,1.0,3.0,,,,,left_only,,,
14,2.0,5.0,39328.575,8.0,314628.6,1.0,4.0,,,,,left_only,,,
14,2.0,6.0,22098.2375,8.0,176785.9,1.0,5.0,,,,,left_only,,,
14,2.0,7.0,12878.783749999999,8.0,103030.26999999999,1.0,6.0,,,,,left_only,,,
14,2.0,8.0,10893.28,6.0,65359.68,1.0,7.0,,,,,left_only,,,
14,3.0,1.0,31050.5625,8.0,248404.5,2.0,0.0,,,,,left_only,,,
14,3.0,2.0,25616.5875,8.0,204932.7,2.0,1.0,,,,,left_only,,,
14,3.0,3.0,21015.0125,8.0,168120.1,2.0,2.0,,,,,left_only,,,
14,3.0,4.0,15333.8125,8.0,122670.5,2.0,3.0,,,,,left_only,,,
14,3.0,5.0,22577.375,8.0,180619.0,2.0,4.0,,,,,left_only,,,
14,3.0,6.0,13324.725,8.0,106597.8,2.0,5.0,,,,,left_only,,,
14,3.0,7.0,7576.65625,8.0,60613.25,2.0,6.0,,,,,left_only,,,
14,3.0,8.0,5459.0375,8.0,43672.3,2.0,7.0,,,,,left_only,,,
14,3.0,9.0,2587.55875,8.0,20700.47,2.0,8.0,,,,,left_only,,,
14,3.0,10.0,1173.5923333333333,6.0,7041.554,2.0,9.0,,,,,left_only,,,
14,4.0,1.0,15023.9625,8.0,120191.7,3.0,0.0,,,,,left_only,,,
14,4.0,2.0,13062.0,8.0,104496.0,3.0,1.0,,,,,left_only,,,
14,4.0,3.0,10759.6125,8.0,86076.9,3.0,2.0,,,,,left_only,,,
14,4.0,4.0,9128.395,8.0,73027.16,3.0,3.0,,,,,left_only,,,
14,4.0,5.0,12449.38375,8.0,99595.07,3.0,4.0,,,,,left_only,,,
14,4.0,6.0,7917.74,8.0,63341.92,3.0,5.0,,,,,left_only,,,
14,4.0,7.0,5172.05375,8.0,41376.43,3.0,6.0,,,,,left_only,,,
14,4.0,8.0,4345.13625,8.0,34761.09,3.0,7.0,,,,,left_only,,,
14,4.0,9.0,1960.0325,8.0,15680.26,3.0,8.0,,,,,left_only,,,
14,4.0,10.0,984.093,7.0,6888.651,3.0,9.0,,,,,left_only,,,
14,4.0,11.0,262.99285714285713,7.0,1840.95,3.0,10.0,,,,,left_only,,,
14,5.0,1.0,8267.62,8.0,66140.96,4.0,0.0,,,,,left_only,,,
14,5.0,2.0,6866.88,8.0,54935.04,4.0,1.0,,,,,left_only,,,
14,5.0,3.0,6107.021428571429,7.0,42749.15,4.0,2.0,,,,,left_only,,,
14,5.0,4.0,5046.128333333333,6.0,30276.77,4.0,3.0,,,,,left_only,,,
14,5.0,5.0,8375.124285714284,7.0,58625.869999999995,4.0,4.0,,,,,left_only,,,
14,5.0,6.0,5168.20875,8.0,41345.67,4.0,5.0,,,,,left_only,,,
14,5.0,7.0,3852.0416666666665,6.0,23112.25,4.0,6.0,,,,,left_only,,,
14,5.0,8.0,3224.2057142857143,7.0,22569.44,4.0,7.0,,,,,left_only,,,
14,5.0,9.0,1663.6216666666667,6.0,9981.73,4.0,8.0,,,,,left_only,,,
14,5.0,10.0,811.2951666666667,6.0,4867.771,4.0,9.0,,,,,left_only,,,
14,5.0,11.0,189.3311666666667,6.0,1135.987,4.0,10.0,,,,,left_only,,,
14,6.0,1.0,4965.755,8.0,39726.04,5.0,0.0,,,,,left_only,,,
14,6.0,2.0,4595.545,8.0,36764.36,5.0,1.0,,,,,left_only,,,
14,6.0,3.0,3930.1412499999997,8.0,31441.129999999997,5.0,2.0,,,,,left_only,,,
14,6.0,4.0,3382.59,6.0,20295.54,5.0,3.0,,,,,left_only,,,
14,6.0,5.0,5093.6016666666665,6.0,30561.61,5.0,4.0,,,,,left_only,,,
14,6.0,6.0,3494.714285714286,7.0,24463.0,5.0,5.0,,,,,left_only,,,
14,6.0,7.0,2362.485,6.0,14174.91,5.0,6.0,,,,,left_only,,,
14,6.0,8.0,1866.8999999999999,6.0,11201.4,5.0,7.0,,,,,left_only,,,
14,6.0,9.0,772.6854999999999,6.0,4636.112999999999,5.0,8.0,,,,,left_only,,,
14,6.0,10.0,306.0544,5.0,1530.272,5.0,9.0,,,,,left_only,,,
14,7.0,1.0,2744.9225,8.0,21959.38,6.0,0.0,,,,,left_only,,,
14,7.0,2.0,2220.98125,8.0,17767.85,6.0,1.0,,,,,left_only,,,
14,7.0,3.0,1895.2533333333333,6.0,11371.52,6.0,2.0,,,,,left_only,,,
14,7.0,4.0,1473.0633333333335,6.0,8838.380000000001,6.0,3.0,,,,,left_only,,,
14,7.0,5.0,1892.115,6.0,11352.69,6.0,4.0,,,,,left_only,,,
14,7.0,6.0,957.9008,5.0,4789.504,6.0,5.0,,,,,left_only,,,
14,7.0,7.0,537.8059999999999,5.0,2689.0299999999997,6.0,6.0,,,,,left_only,,,
14,7.0,8.0,319.1974,5.0,1595.987,6.0,7.0,,,,,left_only,,,
14,8.0,1.0,292.9393333333333,3.0,878.818,7.0,0.0,,,,,left_only,,,
15,1.0,1.0,1519813.0,8.0,12158504.0,0.0,0.0,,,,,left_only,,,
15,1.0,2.0,524391.1428571428,7.0,3670738.0,0.0,1.0,,,,,left_only,,,
15,1.0,3.0,247132.42857142858,7.0,1729927.0,0.0,2.0,,,,,left_only,,,
15,1.0,4.0,134710.575,4.0,538842.3,0.0,3.0,,,,,left_only,,,
15,2.0,1.0,155388.625,8.0,1243109.0,1.0,0.0,,,,,left_only,,,
15,2.0,2.0,114981.8125,8.0,919854.5,1.0,1.0,,,,,left_only,,,
15,2.0,3.0,84250.1875,8.0,674001.5,1.0,2.0,,,,,left_only,,,
15,2.0,4.0,58431.7875,8.0,467454.3,1.0,3.0,,,,,left_only,,,
15,2.0,5.0,66865.35,8.0,534922.8,1.0,4.0,,,,,left_only,,,
15,2.0,6.0,34290.525,8.0,274324.2,1.0,5.0,,,,,left_only,,,
15,2.0,7.0,16138.1,3.0,48414.3,1.0,6.0,,,,,left_only,,,
15,3.0,1.0,68215.7875,8.0,545726.3,2.0,0.0,,,,,left_only,,,
15,3.0,2.0,51652.7875,8.0,413222.3,2.0,1.0,,,,,left_only,,,
15,3.0,3.0,41167.825,8.0,329342.6,2.0,2.0,,,,,left_only,,,
15,3.0,4.0,32542.0625,8.0,260336.5,2.0,3.0,,,,,left_only,,,
15,3.0,5.0,41237.6625,8.0,329901.3,2.0,4.0,,,,,left_only,,,
15,3.0,6.0,19630.2375,8.0,157041.9,2.0,5.0,,,,,left_only,,,
15,3.0,7.0,8732.18375,8.0,69857.47,2.0,6.0,,,,,left_only,,,
15,3.0,8.0,4727.005714285714,7.0,33089.04,2.0,7.0,,,,,left_only,,,
15,3.0,9.0,869.5675,2.0,1739.135,2.0,8.0,,,,,left_only,,,
15,4.0,1.0,37180.275,8.0,297442.2,3.0,0.0,,,,,left_only,,,
15,4.0,2.0,28773.6625,8.0,230189.3,3.0,1.0,,,,,left_only,,,
15,4.0,3.0,21756.575,8.0,174052.6,3.0,2.0,,,,,left_only,,,
15,4.0,4.0,16850.825,8.0,134806.6,3.0,3.0,,,,,left_only,,,
15,4.0,5.0,22526.4625,8.0,180211.7,3.0,4.0,,,,,left_only,,,
15,4.0,6.0,11541.8875,8.0,92335.1,3.0,5.0,,,,,left_only,,,
15,4.0,7.0,5592.675,8.0,44741.4,3.0,6.0,,,,,left_only,,,
15,4.0,8.0,3204.7425,8.0,25637.94,3.0,7.0,,,,,left_only,,,
15,4.0,9.0,864.222,7.0,6049.554,3.0,8.0,,,,,left_only,,,
15,4.0,10.0,218.66600000000003,3.0,655.998,3.0,9.0,,,,,left_only,,,
15,5.0,1.0,19685.925,8.0,157487.4,4.0,0.0,,,,,left_only,,,
15,5.0,2.0,14530.875,8.0,116247.0,4.0,1.0,,,,,left_only,,,
15,5.0,3.0,10584.27375,8.0,84674.19,4.0,2.0,,,,,left_only,,,
15,5.0,4.0,8234.0925,8.0,65872.74,4.0,3.0,,,,,left_only,,,
15,5.0,5.0,10548.53,8.0,84388.24,4.0,4.0,,,,,left_only,,,
15,5.0,6.0,5963.92875,8.0,47711.43,4.0,5.0,,,,,left_only,,,
15,5.0,7.0,3023.5975,8.0,24188.78,4.0,6.0,,,,,left_only,,,
15,5.0,8.0,1700.83,7.0,11905.81,4.0,7.0,,,,,left_only,,,
15,5.0,9.0,478.74916666666667,6.0,2872.495,4.0,8.0,,,,,left_only,,,
15,5.0,10.0,270.137,2.0,540.274,4.0,9.0,,,,,left_only,,,
15,6.0,1.0,7595.03125,8.0,60760.25,5.0,0.0,,,,,left_only,,,
15,6.0,2.0,5722.0375,8.0,45776.3,5.0,1.0,,,,,left_only,,,
15,6.0,3.0,4397.6975,8.0,35181.58,5.0,2.0,,,,,left_only,,,
15,6.0,4.0,2905.13625,8.0,23241.09,5.0,3.0,,,,,left_only,,,
15,6.0,5.0,3574.36,7.0,25020.52,5.0,4.0,,,,,left_only,,,
15,6.0,6.0,1869.1285714285714,7.0,13083.9,5.0,5.0,,,,,left_only,,,
15,6.0,7.0,742.9273333333334,6.0,4457.564,5.0,6.0,,,,,left_only,,,
15,6.0,8.0,417.0756666666667,6.0,2502.454,5.0,7.0,,,,,left_only,,,
15,7.0,1.0,1344.52,8.0,10756.16,6.0,0.0,,,,,left_only,,,
15,7.0,2.0,1072.113625,8.0,8576.909,6.0,1.0,,,,,left_only,,,
15,7.0,3.0,639.513,7.0,4476.591,6.0,2.0,,,,,left_only,,,
15,7.0,4.0,389.9303333333333,6.0,2339.582,6.0,3.0,,,,,left_only,,,
15,7.0,5.0,445.8775,6.0,2675.265,6.0,4.0,,,,,left_only,,,
15,7.0,6.0,204.8595,2.0,409.719,6.0,5.0,,,,,left_only,,,
16,1.0,1.0,1510753.625,8.0,12086029.0,0.0,0.0,,,,,left_only,,,
16,1.0,2.0,423460.625,8.0,3387685.0,0.0,1.0,,,,,left_only,,,
16,1.0,3.0,216175.0,8.0,1729400.0,0.0,2.0,,,,,left_only,,,
16,1.0,4.0,122680.05,8.0,981440.4,0.0,3.0,,,,,left_only,,,
16,1.0,5.0,109539.9,8.0,876319.2,0.0,4.0,,,,,left_only,,,
16,2.0,1.0,158634.375,8.0,1269075.0,1.0,0.0,,,,,left_only,,,
16,2.0,2.0,92111.85,8.0,736894.8,1.0,1.0,,,,,left_only,,,
16,2.0,3.0,69204.5375,8.0,553636.3,1.0,2.0,,,,,left_only,,,
16,2.0,4.0,49732.2375,8.0,397857.9,1.0,3.0,,,,,left_only,,,
16,2.0,5.0,58431.3,8.0,467450.4,1.0,4.0,,,,,left_only,,,
16,2.0,6.0,27566.5,8.0,220532.0,1.0,5.0,,,,,left_only,,,
16,2.0,7.0,13040.425,8.0,104323.4,1.0,6.0,,,,,left_only,,,
16,2.0,8.0,9597.6225,8.0,76780.98,1.0,7.0,,,,,left_only,,,
16,3.0,1.0,53188.7875,8.0,425510.3,2.0,0.0,,,,,left_only,,,
16,3.0,2.0,42821.375,8.0,342571.0,2.0,1.0,,,,,left_only,,,
16,3.0,3.0,33562.2625,8.0,268498.1,2.0,2.0,,,,,left_only,,,
16,3.0,4.0,26712.95,8.0,213703.6,2.0,3.0,,,,,left_only,,,
16,3.0,5.0,35514.2,8.0,284113.6,2.0,4.0,,,,,left_only,,,
16,3.0,6.0,18282.8625,8.0,146262.9,2.0,5.0,,,,,left_only,,,
16,3.0,7.0,9728.56125,8.0,77828.49,2.0,6.0,,,,,left_only,,,
16,3.0,8.0,5897.046249999999,8.0,47176.369999999995,2.0,7.0,,,,,left_only,,,
16,3.0,9.0,2195.4825,8.0,17563.86,2.0,8.0,,,,,left_only,,,
16,3.0,10.0,856.658,5.0,4283.29,2.0,9.0,,,,,left_only,,,
16,4.0,1.0,27996.137499999997,8.0,223969.09999999998,3.0,0.0,,,,,left_only,,,
16,4.0,2.0,22835.2875,8.0,182682.3,3.0,1.0,,,,,left_only,,,
16,4.0,3.0,17872.475,8.0,142979.8,3.0,2.0,,,,,left_only,,,
16,4.0,4.0,14499.675,8.0,115997.4,3.0,3.0,,,,,left_only,,,
16,4.0,5.0,19850.0375,8.0,158800.3,3.0,4.0,,,,,left_only,,,
16,4.0,6.0,11628.0875,8.0,93024.7,3.0,5.0,,,,,left_only,,,
16,4.0,7.0,6720.081428571429,7.0,47040.57,3.0,6.0,,,,,left_only,,,
16,4.0,8.0,4739.40375,8.0,37915.23,3.0,7.0,,,,,left_only,,,
16,4.0,9.0,1780.2875,8.0,14242.3,3.0,8.0,,,,,left_only,,,
16,4.0,10.0,797.9340000000001,6.0,4787.604,3.0,9.0,,,,,left_only,,,
16,4.0,11.0,251.23299999999998,6.0,1507.398,3.0,10.0,,,,,left_only,,,
16,5.0,1.0,14336.0875,8.0,114688.7,4.0,0.0,,,,,left_only,,,
16,5.0,2.0,11762.325,8.0,94098.6,4.0,1.0,,,,,left_only,,,
16,5.0,3.0,9138.925,8.0,73111.4,4.0,2.0,,,,,left_only,,,
16,5.0,4.0,7383.17125,8.0,59065.37,4.0,3.0,,,,,left_only,,,
16,5.0,5.0,9848.85375,8.0,78790.83,4.0,4.0,,,,,left_only,,,
16,5.0,6.0,6231.375,8.0,49851.0,4.0,5.0,,,,,left_only,,,
16,5.0,7.0,4010.4066666666663,6.0,24062.44,4.0,6.0,,,,,left_only,,,
16,5.0,8.0,2992.4816666666666,6.0,17954.89,4.0,7.0,,,,,left_only,,,
16,5.0,9.0,1422.8283333333331,6.0,8536.97,4.0,8.0,,,,,left_only,,,
16,5.0,10.0,608.1576666666666,6.0,3648.946,4.0,9.0,,,,,left_only,,,
16,5.0,11.0,180.5532,5.0,902.7660000000001,4.0,10.0,,,,,left_only,,,
16,6.0,1.0,6924.36125,8.0,55394.89,5.0,0.0,,,,,left_only,,,
16,6.0,2.0,5660.615,8.0,45284.92,5.0,1.0,,,,,left_only,,,
16,6.0,3.0,4458.02875,8.0,35664.23,5.0,2.0,,,,,left_only,,,
16,6.0,4.0,3878.5214285714287,7.0,27149.65,5.0,3.0,,,,,left_only,,,
16,6.0,5.0,5418.5725,8.0,43348.58,5.0,4.0,,,,,left_only,,,
16,6.0,6.0,3234.5333333333333,6.0,19407.2,5.0,5.0,,,,,left_only,,,
16,6.0,7.0,1917.76,6.0,11506.56,5.0,6.0,,,,,left_only,,,
16,6.0,8.0,1523.7633333333333,6.0,9142.58,5.0,7.0,,,,,left_only,,,
16,6.0,9.0,621.7561666666667,6.0,3730.537,5.0,8.0,,,,,left_only,,,
16,6.0,10.0,259.2298,5.0,1296.1490000000001,5.0,9.0,,,,,left_only,,,
16,7.0,1.0,2506.5625,8.0,20052.5,6.0,0.0,,,,,left_only,,,
16,7.0,2.0,2012.8125,8.0,16102.5,6.0,1.0,,,,,left_only,,,
16,7.0,3.0,1421.3216666666667,6.0,8527.93,6.0,2.0,,,,,left_only,,,
16,7.0,4.0,1122.95,6.0,6737.7,6.0,3.0,,,,,left_only,,,
16,7.0,5.0,1448.3433333333332,6.0,8690.06,6.0,4.0,,,,,left_only,,,
16,7.0,6.0,812.0965,6.0,4872.579,6.0,5.0,,,,,left_only,,,
16,7.0,7.0,577.3416666666666,6.0,3464.0499999999997,6.0,6.0,,,,,left_only,,,
16,7.0,8.0,273.55400000000003,3.0,820.662,6.0,7.0,,,,,left_only,,,
18,1.0,1.0,9580191.666666666,6.0,57481150.0,0.0,0.0,,,,,left_only,,,
18,1.0,2.0,2653037.1428571427,7.0,18571260.0,0.0,1.0,,,,,left_only,,,
18,1.0,3.0,1056624.125,8.0,8452993.0,0.0,2.0,,,,,left_only,,,
18,1.0,4.0,504406.625,8.0,4035253.0,0.0,3.0,,,,,left_only,,,
18,1.0,5.0,489154.75,8.0,3913238.0,0.0,4.0,,,,,left_only,,,
18,1.0,6.0,183334.125,8.0,1466673.0,0.0,5.0,,,,,left_only,,,
18,2.0,1.0,762388.5,6.0,4574331.0,1.0,0.0,,,,,left_only,,,
18,2.0,2.0,567140.0,8.0,4537120.0,1.0,1.0,,,,,left_only,,,
18,2.0,3.0,225526.125,8.0,1804209.0,1.0,2.0,,,,,left_only,,,
18,2.0,4.0,160210.25,8.0,1281682.0,1.0,3.0,,,,,left_only,,,
18,2.0,5.0,200462.0,8.0,1603696.0,1.0,4.0,,,,,left_only,,,
18,2.0,6.0,112729.3625,8.0,901834.9,1.0,5.0,,,,,left_only,,,
18,2.0,7.0,62020.612499999996,8.0,496164.89999999997,1.0,6.0,,,,,left_only,,,
18,2.0,8.0,45533.0625,8.0,364264.5,1.0,7.0,,,,,left_only,,,
18,2.0,9.0,20203.257142857143,7.0,141422.8,1.0,8.0,,,,,left_only,,,
18,2.0,10.0,11025.25,2.0,22050.5,1.0,9.0,,,,,left_only,,,
18,3.0,1.0,241465.125,8.0,1931721.0,2.0,0.0,,,,,left_only,,,
18,3.0,2.0,150382.57142857142,7.0,1052678.0,2.0,1.0,,,,,left_only,,,
18,3.0,3.0,96781.6875,8.0,774253.5,2.0,2.0,,,,,left_only,,,
18,3.0,4.0,82404.275,8.0,659234.2,2.0,3.0,,,,,left_only,,,
18,3.0,5.0,113696.25,8.0,909570.0,2.0,4.0,,,,,left_only,,,
18,3.0,6.0,68775.525,8.0,550204.2,2.0,5.0,,,,,left_only,,,
18,3.0,7.0,41903.025,8.0,335224.2,2.0,6.0,,,,,left_only,,,
18,3.0,8.0,32873.1375,8.0,262985.1,2.0,7.0,,,,,left_only,,,
18,3.0,9.0,15696.887499999999,8.0,125575.09999999999,2.0,8.0,,,,,left_only,,,
18,3.0,10.0,9182.06,8.0,73456.48,2.0,9.0,,,,,left_only,,,
18,3.0,11.0,5795.432857142857,7.0,40568.03,2.0,10.0,,,,,left_only,,,
18,4.0,1.0,69779.9875,8.0,558239.9,3.0,0.0,,,,,left_only,,,
18,4.0,2.0,53727.02857142857,7.0,376089.2,3.0,1.0,,,,,left_only,,,
18,4.0,3.0,50761.666666666664,6.0,304570.0,3.0,2.0,,,,,left_only,,,
18,4.0,4.0,46775.5625,8.0,374204.5,3.0,3.0,,,,,left_only,,,
18,4.0,5.0,64571.2,8.0,516569.6,3.0,4.0,,,,,left_only,,,
18,4.0,6.0,42847.3875,8.0,342779.1,3.0,5.0,,,,,left_only,,,
18,4.0,7.0,27170.0375,8.0,217360.3,3.0,6.0,,,,,left_only,,,
18,4.0,8.0,24782.75,8.0,198262.0,3.0,7.0,,,,,left_only,,,
18,4.0,9.0,13119.15125,8.0,104953.21,3.0,8.0,,,,,left_only,,,
18,4.0,10.0,7749.7975,8.0,61998.38,3.0,9.0,,,,,left_only,,,
18,4.0,11.0,4479.4175000000005,8.0,35835.340000000004,3.0,10.0,,,,,left_only,,,
18,5.0,1.0,32768.6625,8.0,262149.3,4.0,0.0,,,,,left_only,,,
18,5.0,2.0,25310.502857142856,7.0,177173.52,4.0,1.0,,,,,left_only,,,
18,5.0,3.0,28765.983333333334,6.0,172595.9,4.0,2.0,,,,,left_only,,,
18,5.0,4.0,25234.266666666666,6.0,151405.6,4.0,3.0,,,,,left_only,,,
18,5.0,5.0,38645.049999999996,6.0,231870.3,4.0,4.0,,,,,left_only,,,
18,5.0,6.0,27719.233333333334,6.0,166315.4,4.0,5.0,,,,,left_only,,,
18,5.0,7.0,19386.850000000002,6.0,116321.1,4.0,6.0,,,,,left_only,,,
18,5.0,8.0,16828.63625,8.0,134629.09,4.0,7.0,,,,,left_only,,,
18,5.0,9.0,9428.97,8.0,75431.76,4.0,8.0,,,,,left_only,,,
18,5.0,10.0,6071.80125,8.0,48574.41,4.0,9.0,,,,,left_only,,,
18,5.0,11.0,3788.8625,8.0,30310.9,4.0,10.0,,,,,left_only,,,
18,6.0,1.0,20694.242857142857,7.0,144859.7,5.0,0.0,,,,,left_only,,,
18,6.0,2.0,19100.3,3.0,57300.899999999994,5.0,1.0,,,,,left_only,,,
18,6.0,3.0,17936.2,3.0,53808.6,5.0,2.0,,,,,left_only,,,
18,6.0,4.0,15417.460000000001,5.0,77087.3,5.0,3.0,,,,,left_only,,,
18,6.0,5.0,22803.166666666668,6.0,136819.0,5.0,4.0,,,,,left_only,,,
18,6.0,6.0,17380.75,6.0,104284.5,5.0,5.0,,,,,left_only,,,
18,6.0,7.0,12694.550000000001,6.0,76167.3,5.0,6.0,,,,,left_only,,,
18,6.0,8.0,11684.516666666668,6.0,70107.1,5.0,7.0,,,,,left_only,,,
18,6.0,9.0,6483.272857142858,7.0,45382.91,5.0,8.0,,,,,left_only,,,
18,6.0,10.0,4033.33,8.0,32266.64,5.0,9.0,,,,,left_only,,,
18,6.0,11.0,2399.23375,8.0,19193.87,5.0,10.0,,,,,left_only,,,
18,7.0,1.0,10295.775,8.0,82366.2,6.0,0.0,,,,,left_only,,,
18,7.0,2.0,10347.916666666666,3.0,31043.75,6.0,1.0,,,,,left_only,,,
18,7.0,3.0,8743.916666666666,3.0,26231.75,6.0,2.0,,,,,left_only,,,
18,7.0,4.0,8662.6975,4.0,34650.79,6.0,3.0,,,,,left_only,,,
18,7.0,5.0,13380.12,5.0,66900.6,6.0,4.0,,,,,left_only,,,
18,7.0,6.0,9174.206666666667,6.0,55045.24,6.0,5.0,,,,,left_only,,,
18,7.0,7.0,5746.420000000001,6.0,34478.520000000004,6.0,6.0,,,,,left_only,,,
18,7.0,8.0,5361.298333333333,6.0,32167.79,6.0,7.0,,,,,left_only,,,
18,7.0,9.0,2824.7033333333334,6.0,16948.22,6.0,8.0,,,,,left_only,,,
18,7.0,10.0,1622.8933333333334,6.0,9737.36,6.0,9.0,,,,,left_only,,,
18,7.0,11.0,653.1351999999999,5.0,3265.676,6.0,10.0,,,,,left_only,,,
18,8.0,1.0,3528.9133333333334,6.0,21173.48,7.0,0.0,,,,,left_only,,,
18,8.0,2.0,2963.0433333333335,3.0,8889.130000000001,7.0,1.0,,,,,left_only,,,
18,8.0,3.0,2447.2433333333333,3.0,7341.73,7.0,2.0,,,,,left_only,,,
18,8.0,4.0,1946.1166666666668,3.0,5838.35,7.0,3.0,,,,,left_only,,,
18,8.0,5.0,2609.7766666666666,3.0,7829.33,7.0,4.0,,,,,left_only,,,
18,8.0,6.0,1306.755,4.0,5227.02,7.0,5.0,,,,,left_only,,,
18,8.0,7.0,927.2425000000001,4.0,3708.9700000000003,7.0,6.0,,,,,left_only,,,
18,8.0,8.0,841.2436666666666,3.0,2523.7309999999998,7.0,7.0,,,,,left_only,,,
18,8.0,9.0,406.273,1.0,406.273,7.0,8.0,,,,,left_only,,,
19,2.0,1.0,265973.0,8.0,2127784.0,1.0,0.0,,,,,left_only,,,
19,2.0,2.0,201181.33333333334,6.0,1207088.0,1.0,1.0,,,,,left_only,,,
19,2.0,3.0,139723.75,8.0,1117790.0,1.0,2.0,,,,,left_only,,,
19,2.0,4.0,104634.3,7.0,732440.1,1.0,3.0,,,,,left_only,,,
19,2.0,5.0,129599.66666666667,6.0,777598.0,1.0,4.0,,,,,left_only,,,
19,2.0,6.0,53385.85,4.0,213543.4,1.0,5.0,,,,,left_only,,,
19,3.0,1.0,90102.6875,8.0,720821.5,2.0,0.0,,,,,left_only,,,
19,3.0,2.0,68588.325,8.0,548706.6,2.0,1.0,,,,,left_only,,,
19,3.0,3.0,65827.45,8.0,526619.6,2.0,2.0,,,,,left_only,,,
19,3.0,4.0,49470.5625,8.0,395764.5,2.0,3.0,,,,,left_only,,,
19,3.0,5.0,65973.8125,8.0,527790.5,2.0,4.0,,,,,left_only,,,
19,3.0,6.0,39716.07142857143,7.0,278012.5,2.0,5.0,,,,,left_only,,,
19,3.0,7.0,18433.05,6.0,110598.3,2.0,6.0,,,,,left_only,,,
19,3.0,8.0,9490.528,5.0,47452.64,2.0,7.0,,,,,left_only,,,
19,4.0,1.0,45834.475,8.0,366675.8,3.0,0.0,,,,,left_only,,,
19,4.0,2.0,35190.1625,8.0,281521.3,3.0,1.0,,,,,left_only,,,
19,4.0,3.0,31406.442857142858,7.0,219845.1,3.0,2.0,,,,,left_only,,,
19,4.0,4.0,23772.085714285717,7.0,166404.6,3.0,3.0,,,,,left_only,,,
19,4.0,5.0,33242.375,8.0,265939.0,3.0,4.0,,,,,left_only,,,
19,4.0,6.0,20778.3125,8.0,166226.5,3.0,5.0,,,,,left_only,,,
19,4.0,7.0,11858.744999999999,8.0,94869.95999999999,3.0,6.0,,,,,left_only,,,
19,4.0,8.0,7793.424285714286,7.0,54553.97,3.0,7.0,,,,,left_only,,,
19,4.0,9.0,1806.6966666666667,6.0,10840.18,3.0,8.0,,,,,left_only,,,
19,4.0,10.0,420.42650000000003,2.0,840.8530000000001,3.0,9.0,,,,,left_only,,,
19,5.0,1.0,24663.95,8.0,197311.6,4.0,0.0,,,,,left_only,,,
19,5.0,2.0,17673.2,8.0,141385.6,4.0,1.0,,,,,left_only,,,
19,5.0,3.0,15521.01,8.0,124168.08,4.0,2.0,,,,,left_only,,,
19,5.0,4.0,12486.73625,8.0,99893.89,4.0,3.0,,,,,left_only,,,
19,5.0,5.0,19648.085714285717,7.0,137536.6,4.0,4.0,,,,,left_only,,,
19,5.0,6.0,9662.55875,8.0,77300.47,4.0,5.0,,,,,left_only,,,
19,5.0,7.0,6239.965,6.0,37439.79,4.0,6.0,,,,,left_only,,,
19,5.0,8.0,4004.342857142857,7.0,28030.4,4.0,7.0,,,,,left_only,,,
19,5.0,9.0,1153.488,5.0,5767.4400000000005,4.0,8.0,,,,,left_only,,,
19,6.0,1.0,13060.35,8.0,104482.8,5.0,0.0,,,,,left_only,,,
19,6.0,2.0,10162.574285714287,7.0,71138.02,5.0,1.0,,,,,left_only,,,
19,6.0,3.0,7087.1575,8.0,56697.26,5.0,2.0,,,,,left_only,,,
19,6.0,4.0,6350.634,5.0,31753.170000000002,5.0,3.0,,,,,left_only,,,
19,6.0,5.0,7528.954999999999,6.0,45173.729999999996,5.0,4.0,,,,,left_only,,,
19,6.0,6.0,3877.565,6.0,23265.39,5.0,5.0,,,,,left_only,,,
19,6.0,7.0,2022.3916666666667,6.0,12134.35,5.0,6.0,,,,,left_only,,,
19,6.0,8.0,1163.5935,6.0,6981.561,5.0,7.0,,,,,left_only,,,
19,6.0,9.0,296.31533333333334,3.0,888.946,5.0,8.0,,,,,left_only,,,
19,7.0,1.0,3745.96375,8.0,29967.71,6.0,0.0,,,,,left_only,,,
19,7.0,2.0,2468.0,5.0,12340.0,6.0,1.0,,,,,left_only,,,
19,7.0,3.0,1812.4466666666667,3.0,5437.34,6.0,2.0,,,,,left_only,,,
19,7.0,4.0,1250.5233333333333,3.0,3751.5699999999997,6.0,3.0,,,,,left_only,,,
19,7.0,5.0,1087.88575,4.0,4351.543,6.0,4.0,,,,,left_only,,,
19,7.0,6.0,501.4533333333333,3.0,1504.36,6.0,5.0,,,,,left_only,,,
20,3.0,1.0,38614.875,8.0,308919.0,2.0,0.0,,,,,left_only,,,
20,3.0,2.0,22076.466666666664,3.0,66229.4,2.0,1.0,,,,,left_only,,,
20,3.0,3.0,20420.4,1.0,20420.4,2.0,2.0,,,,,left_only,,,
20,3.0,4.0,20505.8,3.0,61517.4,2.0,3.0,,,,,left_only,,,
20,3.0,5.0,13311.2,2.0,26622.4,2.0,4.0,,,,,left_only,,,
20,4.0,1.0,16036.2625,8.0,128290.1,3.0,0.0,,,,,left_only,,,
20,4.0,2.0,13486.977142857142,7.0,94408.84,3.0,1.0,,,,,left_only,,,
20,4.0,3.0,10307.8875,4.0,41231.55,3.0,2.0,,,,,left_only,,,
20,4.0,4.0,9114.310000000001,2.0,18228.620000000003,3.0,3.0,,,,,left_only,,,
20,4.0,5.0,6504.1825,4.0,26016.73,3.0,4.0,,,,,left_only,,,
20,5.0,1.0,7394.0737500000005,8.0,59152.590000000004,4.0,0.0,,,,,left_only,,,
20,5.0,2.0,5024.185,6.0,30145.11,4.0,1.0,,,,,left_only,,,
20,5.0,3.0,2968.3700000000003,3.0,8905.11,4.0,2.0,,,,,left_only,,,
20,5.0,5.0,1160.0,1.0,1160.0,4.0,4.0,,,,,left_only,,,
20,6.0,1.0,999.6303333333334,6.0,5997.782,5.0,0.0,,,,,left_only,,,
20,6.0,2.0,534.2085,2.0,1068.417,5.0,1.0,,,,,left_only,,,
