xq2_bin,ybin,z_bin,pt2_bin,phi_bin,phi_center_deg,content,error
0,1,1,1,1,22.5,0,0
0,1,1,1,2,67.5,0,0
0,1,1,1,3,112.5,0,0
0,1,1,1,4,157.5,0,0
0,1,1,1,5,202.5,0,0
0,1,1,1,6,247.5,0,0
0,1,1,1,7,292.5,0,0
0,1,1,1,8,337.5,0,0
0,1,1,2,1,22.5,0,0
0,1,1,2,2,67.5,0,0
0,1,1,2,3,112.5,0,0
0,1,1,2,4,157.5,0,0
0,1,1,2,5,202.5,0,0
0,1,1,2,6,247.5,0,0
0,1,1,2,7,292.5,0,0
0,1,1,2,8,337.5,0,0
0,1,1,3,1,22.5,0,0
0,1,1,3,2,67.5,0,0
0,1,1,3,3,112.5,0,0
0,1,1,3,4,157.5,0,0
0,1,1,3,5,202.5,0,0
0,1,1,3,6,247.5,0,0
0,1,1,3,7,292.5,0,0
0,1,1,3,8,337.5,0,0
0,1,1,4,1,22.5,0,0
0,1,1,4,2,67.5,0,0
0,1,1,4,3,112.5,0,0
0,1,1,4,4,157.5,0,0
0,1,1,4,5,202.5,0,0
0,1,1,4,6,247.5,0,0
0,1,1,4,7,292.5,0,0
0,1,1,4,8,337.5,0,0
0,1,1,5,1,22.5,0,0
0,1,1,5,2,67.5,0,0
0,1,1,5,3,112.5,0,0
0,1,1,5,4,157.5,0,0
0,1,1,5,5,202.5,0,0
0,1,1,5,6,247.5,0,0
0,1,1,5,7,292.5,0,0
0,1,1,5,8,337.5,0,0
0,1,1,6,1,22.5,0,0
0,1,1,6,2,67.5,0,0
0,1,1,6,3,112.5,0,0
0,1,1,6,4,157.5,0,0
0,1,1,6,5,202.5,0,0
0,1,1,6,6,247.5,0,0
0,1,1,6,7,292.5,0,0
0,1,1,6,8,337.5,0,0
0,1,1,7,1,22.5,0,0
0,1,1,7,2,67.5,0,0
0,1,1,7,3,112.5,0,0
0,1,1,7,4,157.5,0,0
0,1,1,7,5,202.5,0,0
0,1,1,7,6,247.5,0,0
0,1,1,7,7,292.5,0,0
0,1,1,7,8,337.5,0,0
0,1,1,8,1,22.5,0,0
0,1,1,8,2,67.5,0,0
0,1,1,8,3,112.5,0,0
0,1,1,8,4,157.5,0,0
0,1,1,8,5,202.5,0,0
0,1,1,8,6,247.5,0,0
0,1,1,8,7,292.5,0,0
0,1,1,8,8,337.5,0,0
0,1,1,9,1,22.5,0,0
0,1,1,9,2,67.5,0,0
0,1,1,9,3,112.5,0,0
0,1,1,9,4,157.5,0,0
0,1,1,9,5,202.5,0,0
0,1,1,9,6,247.5,0,0
0,1,1,9,7,292.5,0,0
0,1,1,9,8,337.5,0,0
0,1,1,10,1,22.5,0,0
0,1,1,10,2,67.5,0,0
0,1,1,10,3,112.5,0,0
0,1,1,10,4,157.5,0,0
0,1,1,10,5,202.5,0,0
0,1,1,10,6,247.5,0,0
0,1,1,10,7,292.5,0,0
0,1,1,10,8,337.5,0,0
0,1,1,11,1,22.5,0,0
0,1,1,11,2,67.5,0,0
0,1,1,11,3,112.5,0,0
0,1,1,11,4,157.5,0,0
0,1,1,11,5,202.5,0,0
0,1,1,11,6,247.5,0,0
0,1,1,11,7,292.5,0,0
0,1,1,11,8,337.5,0,0
0,1,2,1,1,22.5,0,0
0,1,2,1,2,67.5,0,0
0,1,2,1,3,112.5,0,0
0,1,2,1,4,157.5,0,0
0,1,2,1,5,202.5,0,0
0,1,2,1,6,247.5,0,0
0,1,2,1,7,292.5,0,0
0,1,2,1,8,337.5,0,0
0,1,2,2,1,22.5,0,0
0,1,2,2,2,67.5,0,0
0,1,2,2,3,112.5,0,0
0,1,2,2,4,157.5,0,0
0,1,2,2,5,202.5,0,0
0,1,2,2,6,247.5,0,0
0,1,2,2,7,292.5,0,0
0,1,2,2,8,337.5,0,0
0,1,2,3,1,22.5,0,0
0,1,2,3,2,67.5,0,0
0,1,2,3,3,112.5,0,0
0,1,2,3,4,157.5,0,0
0,1,2,3,5,202.5,0,0
0,1,2,3,6,247.5,0,0
0,1,2,3,7,292.5,0,0
0,1,2,3,8,337.5,0,0
0,1,2,4,1,22.5,0,0
0,1,2,4,2,67.5,0,0
0,1,2,4,3,112.5,0,0
0,1,2,4,4,157.5,0,0
0,1,2,4,5,202.5,0,0
0,1,2,4,6,247.5,0,0
0,1,2,4,7,292.5,0,0
0,1,2,4,8,337.5,0,0
0,1,2,5,1,22.5,0,0
0,1,2,5,2,67.5,0,0
0,1,2,5,3,112.5,0,0
0,1,2,5,4,157.5,0,0
0,1,2,5,5,202.5,0,0
0,1,2,5,6,247.5,0,0
0,1,2,5,7,292.5,0,0
0,1,2,5,8,337.5,0,0
0,1,2,6,1,22.5,0,0
0,1,2,6,2,67.5,0,0
0,1,2,6,3,112.5,0,0
0,1,2,6,4,157.5,0,0
0,1,2,6,5,202.5,0,0
0,1,2,6,6,247.5,0,0
0,1,2,6,7,292.5,0,0
0,1,2,6,8,337.5,0,0
0,1,2,7,1,22.5,0,0
0,1,2,7,2,67.5,0,0
0,1,2,7,3,112.5,0,0
0,1,2,7,4,157.5,0,0
0,1,2,7,5,202.5,0,0
0,1,2,7,6,247.5,0,0
0,1,2,7,7,292.5,0,0
0,1,2,7,8,337.5,0,0
0,1,2,8,1,22.5,0,0
0,1,2,8,2,67.5,0,0
0,1,2,8,3,112.5,0,0
0,1,2,8,4,157.5,0,0
0,1,2,8,5,202.5,0,0
0,1,2,8,6,247.5,0,0
0,1,2,8,7,292.5,0,0
0,1,2,8,8,337.5,0,0
0,1,2,9,1,22.5,0,0
0,1,2,9,2,67.5,0,0
0,1,2,9,3,112.5,0,0
0,1,2,9,4,157.5,0,0
0,1,2,9,5,202.5,0,0
0,1,2,9,6,247.5,0,0
0,1,2,9,7,292.5,0,0
0,1,2,9,8,337.5,0,0
0,1,2,10,1,22.5,0,0
0,1,2,10,2,67.5,0,0
0,1,2,10,3,112.5,0,0
0,1,2,10,4,157.5,0,0
0,1,2,10,5,202.5,0,0
0,1,2,10,6,247.5,0,0
0,1,2,10,7,292.5,0,0
0,1,2,10,8,337.5,0,0
0,1,2,11,1,22.5,0,0
0,1,2,11,2,67.5,0,0
0,1,2,11,3,112.5,0,0
0,1,2,11,4,157.5,0,0
0,1,2,11,5,202.5,0,0
0,1,2,11,6,247.5,0,0
0,1,2,11,7,292.5,0,0
0,1,2,11,8,337.5,0,0
0,1,3,1,1,22.5,0,0
0,1,3,1,2,67.5,0,0
0,1,3,1,3,112.5,0,0
0,1,3,1,4,157.5,0,0
0,1,3,1,5,202.5,0,0
0,1,3,1,6,247.5,0,0
0,1,3,1,7,292.5,0,0
0,1,3,1,8,337.5,0,0
0,1,3,2,1,22.5,0,0
0,1,3,2,2,67.5,0,0
0,1,3,2,3,112.5,0,0
0,1,3,2,4,157.5,0,0
0,1,3,2,5,202.5,0,0
0,1,3,2,6,247.5,0,0
0,1,3,2,7,292.5,0,0
0,1,3,2,8,337.5,0,0
0,1,3,3,1,22.5,0,0
0,1,3,3,2,67.5,0,0
0,1,3,3,3,112.5,0,0
0,1,3,3,4,157.5,0,0
0,1,3,3,5,202.5,0,0
0,1,3,3,6,247.5,0,0
0,1,3,3,7,292.5,0,0
0,1,3,3,8,337.5,0,0
0,1,3,4,1,22.5,0,0
0,1,3,4,2,67.5,0,0
0,1,3,4,3,112.5,0,0
0,1,3,4,4,157.5,0,0
0,1,3,4,5,202.5,0,0
0,1,3,4,6,247.5,0,0
0,1,3,4,7,292.5,0,0
0,1,3,4,8,337.5,0,0
0,1,3,5,1,22.5,0,0
0,1,3,5,2,67.5,0,0
0,1,3,5,3,112.5,0,0
0,1,3,5,4,157.5,0,0
0,1,3,5,5,202.5,0,0
0,1,3,5,6,247.5,0,0
0,1,3,5,7,292.5,0,0
0,1,3,5,8,337.5,0,0
0,1,3,6,1,22.5,0,0
0,1,3,6,2,67.5,0,0
0,1,3,6,3,112.5,0,0
0,1,3,6,4,157.5,0,0
0,1,3,6,5,202.5,0,0
0,1,3,6,6,247.5,0,0
0,1,3,6,7,292.5,0,0
0,1,3,6,8,337.5,0,0
0,1,3,7,1,22.5,0,0
0,1,3,7,2,67.5,0,0
0,1,3,7,3,112.5,0,0
0,1,3,7,4,157.5,0,0
0,1,3,7,5,202.5,0,0
0,1,3,7,6,247.5,0,0
0,1,3,7,7,292.5,0,0
0,1,3,7,8,337.5,0,0
0,1,3,8,1,22.5,0,0
0,1,3,8,2,67.5,0,0
0,1,3,8,3,112.5,0,0
0,1,3,8,4,157.5,0,0
0,1,3,8,5,202.5,0,0
0,1,3,8,6,247.5,0,0
0,1,3,8,7,292.5,0,0
0,1,3,8,8,337.5,0,0
0,1,3,9,1,22.5,0,0
0,1,3,9,2,67.5,0,0
0,1,3,9,3,112.5,0,0
0,1,3,9,4,157.5,0,0
0,1,3,9,5,202.5,0,0
0,1,3,9,6,247.5,0,0
0,1,3,9,7,292.5,0,0
0,1,3,9,8,337.5,0,0
0,1,3,10,1,22.5,0,0
0,1,3,10,2,67.5,0,0
0,1,3,10,3,112.5,0,0
0,1,3,10,4,157.5,0,0
0,1,3,10,5,202.5,0,0
0,1,3,10,6,247.5,0,0
0,1,3,10,7,292.5,0,0
0,1,3,10,8,337.5,0,0
0,1,3,11,1,22.5,0,0
0,1,3,11,2,67.5,0,0
0,1,3,11,3,112.5,0,0
0,1,3,11,4,157.5,0,0
0,1,3,11,5,202.5,0,0
0,1,3,11,6,247.5,0,0
0,1,3,11,7,292.5,0,0
0,1,3,11,8,337.5,0,0
0,1,4,1,1,22.5,0,0
0,1,4,1,2,67.5,0,0
0,1,4,1,3,112.5,0,0
0,1,4,1,4,157.5,0,0
0,1,4,1,5,202.5,0,0
0,1,4,1,6,247.5,0,0
0,1,4,1,7,292.5,0,0
0,1,4,1,8,337.5,0,0
0,1,4,2,1,22.5,0,0
0,1,4,2,2,67.5,0,0
0,1,4,2,3,112.5,0,0
0,1,4,2,4,157.5,0,0
0,1,4,2,5,202.5,0,0
0,1,4,2,6,247.5,0,0
0,1,4,2,7,292.5,0,0
0,1,4,2,8,337.5,0,0
0,1,4,3,1,22.5,0,0
0,1,4,3,2,67.5,0,0
0,1,4,3,3,112.5,0,0
0,1,4,3,4,157.5,0,0
0,1,4,3,5,202.5,0,0
0,1,4,3,6,247.5,0,0
0,1,4,3,7,292.5,0,0
0,1,4,3,8,337.5,0,0
0,1,4,4,1,22.5,0,0
0,1,4,4,2,67.5,0,0
0,1,4,4,3,112.5,0,0
0,1,4,4,4,157.5,0,0
0,1,4,4,5,202.5,0,0
0,1,4,4,6,247.5,0,0
0,1,4,4,7,292.5,0,0
0,1,4,4,8,337.5,0,0
0,1,4,5,1,22.5,0,0
0,1,4,5,2,67.5,0,0
0,1,4,5,3,112.5,0,0
0,1,4,5,4,157.5,0,0
0,1,4,5,5,202.5,0,0
0,1,4,5,6,247.5,0,0
0,1,4,5,7,292.5,0,0
0,1,4,5,8,337.5,0,0
0,1,4,6,1,22.5,0,0
0,1,4,6,2,67.5,0,0
0,1,4,6,3,112.5,0,0
0,1,4,6,4,157.5,0,0
0,1,4,6,5,202.5,0,0
0,1,4,6,6,247.5,0,0
0,1,4,6,7,292.5,0,0
0,1,4,6,8,337.5,0,0
0,1,4,7,1,22.5,0,0
0,1,4,7,2,67.5,0,0
0,1,4,7,3,112.5,0,0
0,1,4,7,4,157.5,0,0
0,1,4,7,5,202.5,0,0
0,1,4,7,6,247.5,0,0
0,1,4,7,7,292.5,0,0
0,1,4,7,8,337.5,0,0
0,1,4,8,1,22.5,0,0
0,1,4,8,2,67.5,0,0
0,1,4,8,3,112.5,0,0
0,1,4,8,4,157.5,0,0
0,1,4,8,5,202.5,0,0
0,1,4,8,6,247.5,0,0
0,1,4,8,7,292.5,0,0
0,1,4,8,8,337.5,0,0
0,1,4,9,1,22.5,0,0
0,1,4,9,2,67.5,0,0
0,1,4,9,3,112.5,0,0
0,1,4,9,4,157.5,0,0
0,1,4,9,5,202.5,0,0
0,1,4,9,6,247.5,0,0
0,1,4,9,7,292.5,0,0
0,1,4,9,8,337.5,0,0
0,1,4,10,1,22.5,0,0
0,1,4,10,2,67.5,0,0
0,1,4,10,3,112.5,0,0
0,1,4,10,4,157.5,0,0
0,1,4,10,5,202.5,0,0
0,1,4,10,6,247.5,0,0
0,1,4,10,7,292.5,0,0
0,1,4,10,8,337.5,0,0
0,1,4,11,1,22.5,0,0
0,1,4,11,2,67.5,0,0
0,1,4,11,3,112.5,0,0
0,1,4,11,4,157.5,0,0
0,1,4,11,5,202.5,0,0
0,1,4,11,6,247.5,0,0
0,1,4,11,7,292.5,0,0
0,1,4,11,8,337.5,0,0
0,1,5,1,1,22.5,0,0
0,1,5,1,2,67.5,0,0
0,1,5,1,3,112.5,0,0
0,1,5,1,4,157.5,0,0
0,1,5,1,5,202.5,0,0
0,1,5,1,6,247.5,0,0
0,1,5,1,7,292.5,0,0
0,1,5,1,8,337.5,0,0
0,1,5,2,1,22.5,0,0
0,1,5,2,2,67.5,0,0
0,1,5,2,3,112.5,0,0
0,1,5,2,4,157.5,0,0
0,1,5,2,5,202.5,0,0
0,1,5,2,6,247.5,0,0
0,1,5,2,7,292.5,0,0
0,1,5,2,8,337.5,0,0
0,1,5,3,1,22.5,0,0
0,1,5,3,2,67.5,0,0
0,1,5,3,3,112.5,0,0
0,1,5,3,4,157.5,0,0
0,1,5,3,5,202.5,0,0
0,1,5,3,6,247.5,0,0
0,1,5,3,7,292.5,0,0
0,1,5,3,8,337.5,0,0
0,1,5,4,1,22.5,0,0
0,1,5,4,2,67.5,0,0
0,1,5,4,3,112.5,0,0
0,1,5,4,4,157.5,0,0
0,1,5,4,5,202.5,0,0
0,1,5,4,6,247.5,0,0
0,1,5,4,7,292.5,0,0
0,1,5,4,8,337.5,0,0
0,1,5,5,1,22.5,0,0
0,1,5,5,2,67.5,0,0
0,1,5,5,3,112.5,0,0
0,1,5,5,4,157.5,0,0
0,1,5,5,5,202.5,0,0
0,1,5,5,6,247.5,0,0
0,1,5,5,7,292.5,0,0
0,1,5,5,8,337.5,0,0
0,1,5,6,1,22.5,0,0
0,1,5,6,2,67.5,0,0
0,1,5,6,3,112.5,0,0
0,1,5,6,4,157.5,0,0
0,1,5,6,5,202.5,0,0
0,1,5,6,6,247.5,0,0
0,1,5,6,7,292.5,0,0
0,1,5,6,8,337.5,0,0
0,1,5,7,1,22.5,0,0
0,1,5,7,2,67.5,0,0
0,1,5,7,3,112.5,0,0
0,1,5,7,4,157.5,0,0
0,1,5,7,5,202.5,0,0
0,1,5,7,6,247.5,0,0
0,1,5,7,7,292.5,0,0
0,1,5,7,8,337.5,0,0
0,1,5,8,1,22.5,0,0
0,1,5,8,2,67.5,0,0
0,1,5,8,3,112.5,0,0
0,1,5,8,4,157.5,0,0
0,1,5,8,5,202.5,0,0
0,1,5,8,6,247.5,0,0
0,1,5,8,7,292.5,0,0
0,1,5,8,8,337.5,0,0
0,1,5,9,1,22.5,0,0
0,1,5,9,2,67.5,0,0
0,1,5,9,3,112.5,0,0
0,1,5,9,4,157.5,0,0
0,1,5,9,5,202.5,0,0
0,1,5,9,6,247.5,0,0
0,1,5,9,7,292.5,0,0
0,1,5,9,8,337.5,0,0
0,1,5,10,1,22.5,0,0
0,1,5,10,2,67.5,0,0
0,1,5,10,3,112.5,0,0
0,1,5,10,4,157.5,0,0
0,1,5,10,5,202.5,0,0
0,1,5,10,6,247.5,0,0
0,1,5,10,7,292.5,0,0
0,1,5,10,8,337.5,0,0
0,1,5,11,1,22.5,0,0
0,1,5,11,2,67.5,0,0
0,1,5,11,3,112.5,0,0
0,1,5,11,4,157.5,0,0
0,1,5,11,5,202.5,0,0
0,1,5,11,6,247.5,0,0
0,1,5,11,7,292.5,0,0
0,1,5,11,8,337.5,0,0
0,1,6,1,1,22.5,0,0
0,1,6,1,2,67.5,0,0
0,1,6,1,3,112.5,0,0
0,1,6,1,4,157.5,0,0
0,1,6,1,5,202.5,0,0
0,1,6,1,6,247.5,0,0
0,1,6,1,7,292.5,0,0
0,1,6,1,8,337.5,0,0
0,1,6,2,1,22.5,0,0
0,1,6,2,2,67.5,0,0
0,1,6,2,3,112.5,0,0
0,1,6,2,4,157.5,0,0
0,1,6,2,5,202.5,0,0
0,1,6,2,6,247.5,0,0
0,1,6,2,7,292.5,0,0
0,1,6,2,8,337.5,0,0
0,1,6,3,1,22.5,0,0
0,1,6,3,2,67.5,0,0
0,1,6,3,3,112.5,0,0
0,1,6,3,4,157.5,0,0
0,1,6,3,5,202.5,0,0
0,1,6,3,6,247.5,0,0
0,1,6,3,7,292.5,0,0
0,1,6,3,8,337.5,0,0
0,1,6,4,1,22.5,0,0
0,1,6,4,2,67.5,0,0
0,1,6,4,3,112.5,0,0
0,1,6,4,4,157.5,0,0
0,1,6,4,5,202.5,0,0
0,1,6,4,6,247.5,0,0
0,1,6,4,7,292.5,0,0
0,1,6,4,8,337.5,0,0
0,1,6,5,1,22.5,0,0
0,1,6,5,2,67.5,0,0
0,1,6,5,3,112.5,0,0
0,1,6,5,4,157.5,0,0
0,1,6,5,5,202.5,0,0
0,1,6,5,6,247.5,0,0
0,1,6,5,7,292.5,0,0
0,1,6,5,8,337.5,0,0
0,1,6,6,1,22.5,0,0
0,1,6,6,2,67.5,0,0
0,1,6,6,3,112.5,0,0
0,1,6,6,4,157.5,0,0
0,1,6,6,5,202.5,0,0
0,1,6,6,6,247.5,0,0
0,1,6,6,7,292.5,0,0
0,1,6,6,8,337.5,0,0
0,1,6,7,1,22.5,0,0
0,1,6,7,2,67.5,0,0
0,1,6,7,3,112.5,0,0
0,1,6,7,4,157.5,0,0
0,1,6,7,5,202.5,0,0
0,1,6,7,6,247.5,0,0
0,1,6,7,7,292.5,0,0
0,1,6,7,8,337.5,0,0
0,1,6,8,1,22.5,0,0
0,1,6,8,2,67.5,0,0
0,1,6,8,3,112.5,0,0
0,1,6,8,4,157.5,0,0
0,1,6,8,5,202.5,0,0
0,1,6,8,6,247.5,0,0
0,1,6,8,7,292.5,0,0
0,1,6,8,8,337.5,0,0
0,1,6,9,1,22.5,0,0
0,1,6,9,2,67.5,0,0
0,1,6,9,3,112.5,0,0
0,1,6,9,4,157.5,0,0
0,1,6,9,5,202.5,0,0
0,1,6,9,6,247.5,0,0
0,1,6,9,7,292.5,0,0
0,1,6,9,8,337.5,0,0
0,1,6,10,1,22.5,0,0
0,1,6,10,2,67.5,0,0
0,1,6,10,3,112.5,0,0
0,1,6,10,4,157.5,0,0
0,1,6,10,5,202.5,0,0
0,1,6,10,6,247.5,0,0
0,1,6,10,7,292.5,0,0
0,1,6,10,8,337.5,0,0
0,1,6,11,1,22.5,0,0
0,1,6,11,2,67.5,0,0
0,1,6,11,3,112.5,0,0
0,1,6,11,4,157.5,0,0
0,1,6,11,5,202.5,0,0
0,1,6,11,6,247.5,0,0
0,1,6,11,7,292.5,0,0
0,1,6,11,8,337.5,0,0
0,1,7,1,1,22.5,0,0
0,1,7,1,2,67.5,0,0
0,1,7,1,3,112.5,0,0
0,1,7,1,4,157.5,0,0
0,1,7,1,5,202.5,0,0
0,1,7,1,6,247.5,0,0
0,1,7,1,7,292.5,0,0
0,1,7,1,8,337.5,0,0
0,1,7,2,1,22.5,0,0
0,1,7,2,2,67.5,0,0
0,1,7,2,3,112.5,0,0
0,1,7,2,4,157.5,0,0
0,1,7,2,5,202.5,0,0
0,1,7,2,6,247.5,0,0
0,1,7,2,7,292.5,0,0
0,1,7,2,8,337.5,0,0
0,1,7,3,1,22.5,0,0
0,1,7,3,2,67.5,0,0
0,1,7,3,3,112.5,0,0
0,1,7,3,4,157.5,0,0
0,1,7,3,5,202.5,0,0
0,1,7,3,6,247.5,0,0
0,1,7,3,7,292.5,0,0
0,1,7,3,8,337.5,0,0
0,1,7,4,1,22.5,0,0
0,1,7,4,2,67.5,0,0
0,1,7,4,3,112.5,0,0
0,1,7,4,4,157.5,0,0
0,1,7,4,5,202.5,0,0
0,1,7,4,6,247.5,0,0
0,1,7,4,7,292.5,0,0
0,1,7,4,8,337.5,0,0
0,1,7,5,1,22.5,0,0
0,1,7,5,2,67.5,0,0
0,1,7,5,3,112.5,0,0
0,1,7,5,4,157.5,0,0
0,1,7,5,5,202.5,0,0
0,1,7,5,6,247.5,0,0
0,1,7,5,7,292.5,0,0
0,1,7,5,8,337.5,0,0
0,1,7,6,1,22.5,0,0
0,1,7,6,2,67.5,0,0
0,1,7,6,3,112.5,0,0
0,1,7,6,4,157.5,0,0
0,1,7,6,5,202.5,0,0
0,1,7,6,6,247.5,0,0
0,1,7,6,7,292.5,0,0
0,1,7,6,8,337.5,0,0
0,1,7,7,1,22.5,0,0
0,1,7,7,2,67.5,0,0
0,1,7,7,3,112.5,0,0
0,1,7,7,4,157.5,0,0
0,1,7,7,5,202.5,0,0
0,1,7,7,6,247.5,0,0
0,1,7,7,7,292.5,0,0
0,1,7,7,8,337.5,0,0
0,1,7,8,1,22.5,0,0
0,1,7,8,2,67.5,0,0
0,1,7,8,3,112.5,0,0
0,1,7,8,4,157.5,0,0
0,1,7,8,5,202.5,0,0
0,1,7,8,6,247.5,0,0
0,1,7,8,7,292.5,0,0
0,1,7,8,8,337.5,0,0
0,1,7,9,1,22.5,0,0
0,1,7,9,2,67.5,0,0
0,1,7,9,3,112.5,0,0
0,1,7,9,4,157.5,0,0
0,1,7,9,5,202.5,0,0
0,1,7,9,6,247.5,0,0
0,1,7,9,7,292.5,0,0
0,1,7,9,8,337.5,0,0
0,1,7,10,1,22.5,0,0
0,1,7,10,2,67.5,0,0
0,1,7,10,3,112.5,0,0
0,1,7,10,4,157.5,0,0
0,1,7,10,5,202.5,0,0
0,1,7,10,6,247.5,0,0
0,1,7,10,7,292.5,0,0
0,1,7,10,8,337.5,0,0
0,1,7,11,1,22.5,0,0
0,1,7,11,2,67.5,0,0
0,1,7,11,3,112.5,0,0
0,1,7,11,4,157.5,0,0
0,1,7,11,5,202.5,0,0
0,1,7,11,6,247.5,0,0
0,1,7,11,7,292.5,0,0
0,1,7,11,8,337.5,0,0
0,1,8,1,1,22.5,0,0
0,1,8,1,2,67.5,0,0
0,1,8,1,3,112.5,0,0
0,1,8,1,4,157.5,0,0
0,1,8,1,5,202.5,0,0
0,1,8,1,6,247.5,0,0
0,1,8,1,7,292.5,0,0
0,1,8,1,8,337.5,0,0
0,1,8,2,1,22.5,0,0
0,1,8,2,2,67.5,0,0
0,1,8,2,3,112.5,0,0
0,1,8,2,4,157.5,0,0
0,1,8,2,5,202.5,0,0
0,1,8,2,6,247.5,0,0
0,1,8,2,7,292.5,0,0
0,1,8,2,8,337.5,0,0
0,1,8,3,1,22.5,0,0
0,1,8,3,2,67.5,0,0
0,1,8,3,3,112.5,0,0
0,1,8,3,4,157.5,0,0
0,1,8,3,5,202.5,0,0
0,1,8,3,6,247.5,0,0
0,1,8,3,7,292.5,0,0
0,1,8,3,8,337.5,0,0
0,1,8,4,1,22.5,0,0
0,1,8,4,2,67.5,0,0
0,1,8,4,3,112.5,0,0
0,1,8,4,4,157.5,0,0
0,1,8,4,5,202.5,0,0
0,1,8,4,6,247.5,0,0
0,1,8,4,7,292.5,0,0
0,1,8,4,8,337.5,0,0
0,1,8,5,1,22.5,0,0
0,1,8,5,2,67.5,0,0
0,1,8,5,3,112.5,0,0
0,1,8,5,4,157.5,0,0
0,1,8,5,5,202.5,0,0
0,1,8,5,6,247.5,0,0
0,1,8,5,7,292.5,0,0
0,1,8,5,8,337.5,0,0
0,1,8,6,1,22.5,0,0
0,1,8,6,2,67.5,0,0
0,1,8,6,3,112.5,0,0
0,1,8,6,4,157.5,0,0
0,1,8,6,5,202.5,0,0
0,1,8,6,6,247.5,0,0
0,1,8,6,7,292.5,0,0
0,1,8,6,8,337.5,0,0
0,1,8,7,1,22.5,0,0
0,1,8,7,2,67.5,0,0
0,1,8,7,3,112.5,0,0
0,1,8,7,4,157.5,0,0
0,1,8,7,5,202.5,0,0
0,1,8,7,6,247.5,0,0
0,1,8,7,7,292.5,0,0
0,1,8,7,8,337.5,0,0
0,1,8,8,1,22.5,0,0
0,1,8,8,2,67.5,0,0
0,1,8,8,3,112.5,0,0
0,1,8,8,4,157.5,0,0
0,1,8,8,5,202.5,0,0
0,1,8,8,6,247.5,0,0
0,1,8,8,7,292.5,0,0
0,1,8,8,8,337.5,0,0
0,1,8,9,1,22.5,0,0
0,1,8,9,2,67.5,0,0
0,1,8,9,3,112.5,0,0
0,1,8,9,4,157.5,0,0
0,1,8,9,5,202.5,0,0
0,1,8,9,6,247.5,0,0
0,1,8,9,7,292.5,0,0
0,1,8,9,8,337.5,0,0
0,1,8,10,1,22.5,0,0
0,1,8,10,2,67.5,0,0
0,1,8,10,3,112.5,0,0
0,1,8,10,4,157.5,0,0
0,1,8,10,5,202.5,0,0
0,1,8,10,6,247.5,0,0
0,1,8,10,7,292.5,0,0
0,1,8,10,8,337.5,0,0
0,1,8,11,1,22.5,0,0
0,1,8,11,2,67.5,0,0
0,1,8,11,3,112.5,0,0
0,1,8,11,4,157.5,0,0
0,1,8,11,5,202.5,0,0
0,1,8,11,6,247.5,0,0
0,1,8,11,7,292.5,0,0
0,1,8,11,8,337.5,0,0
1,2,1,1,1,22.5,1.02116e+07,108.751
1,2,1,1,2,67.5,1.02089e+07,196.877
1,2,1,1,3,112.5,1.02025e+07,381.402
1,2,1,1,4,157.5,1.01821e+07,456.895
1,2,1,1,5,202.5,1.01869e+07,511.331
1,2,1,1,6,247.5,1.02016e+07,362.43
1,2,1,1,7,292.5,1.0211e+07,493.225
1,2,1,1,8,337.5,1.02165e+07,88.5619
1,2,1,2,1,22.5,4.4295e+06,119.104
1,2,1,2,2,67.5,4.42503e+06,214.186
1,2,1,2,3,112.5,4.40809e+06,251.766
1,2,1,2,4,157.5,4.38658e+06,281.88
1,2,1,2,5,202.5,4.38679e+06,255.389
1,2,1,2,6,247.5,4.41296e+06,213.695
1,2,1,2,7,292.5,4.4302e+06,130.172
1,2,1,2,8,337.5,4.42841e+06,65.4126
1,2,1,3,1,22.5,2.32309e+06,75.7657
1,2,1,3,2,67.5,2.32101e+06,169.701
1,2,1,3,3,112.5,2.30637e+06,172.275
1,2,1,3,4,157.5,2.28783e+06,186.453
1,2,1,3,5,202.5,2.29414e+06,161.906
1,2,1,3,6,247.5,2.31311e+06,187.943
1,2,1,3,7,292.5,2.32479e+06,154.972
1,2,1,3,8,337.5,2.32255e+06,66.6733
1,2,1,4,1,22.5,1.33263e+06,61.3977
1,2,1,4,2,67.5,1.3314e+06,128.503
1,2,1,4,3,112.5,1.32029e+06,124.565
1,2,1,4,4,157.5,1.30801e+06,126.503
1,2,1,4,5,202.5,1.31077e+06,109.137
1,2,1,4,6,247.5,1.32448e+06,141.476
1,2,1,4,7,292.5,1.33275e+06,124.877
1,2,1,4,8,337.5,1.33247e+06,55.1686
1,2,1,5,1,22.5,1.31012e+06,71.4368
1,2,1,5,2,67.5,1.31024e+06,119.027
1,2,1,5,3,112.5,1.29849e+06,123.672
1,2,1,5,4,157.5,1.28203e+06,108.413
1,2,1,5,5,202.5,1.28628e+06,91.5969
1,2,1,5,6,247.5,1.30153e+06,130.833
1,2,1,5,7,292.5,1.31096e+06,121.549
1,2,1,5,8,337.5,1.31288e+06,60.0352
1,2,1,6,1,22.5,533528,36.0243
1,2,1,6,2,67.5,533409,52.6051
1,2,1,6,3,112.5,526496,52.4991
1,2,1,6,4,157.5,518642,37.8687
1,2,1,6,5,202.5,521481,32.8754
1,2,1,6,6,247.5,529585,52.254
1,2,1,6,7,292.5,533201,60.6068
1,2,1,6,8,337.5,534159,29.4178
1,2,1,7,1,22.5,229936,12.9785
1,2,1,7,2,67.5,229670,17.2079
1,2,1,7,3,112.5,225782,17.8045
1,2,1,7,4,157.5,221534,12.1193
1,2,1,7,5,202.5,223154,11.7772
1,2,1,7,6,247.5,227081,17.7548
1,2,1,7,7,292.5,229868,18.8296
1,2,1,7,8,337.5,230077,10.8777
1,2,1,8,1,22.5,130200,0
1,2,1,8,2,67.5,129885,9.8955
1,2,1,8,3,112.5,127458,10.3207
1,2,1,8,4,157.5,124860,4.8298
1,2,1,8,5,202.5,125535,6.36868
1,2,1,8,6,247.5,128048,0
1,2,1,8,7,292.5,129261,0
1,2,1,8,8,337.5,129789,3.86524
1,2,1,9,1,22.5,40340,0
1,2,1,9,2,67.5,40712,0
1,2,1,9,3,112.5,39627,0
1,2,1,9,4,157.5,38203,0
1,2,1,9,5,202.5,38873,5.94197
1,2,1,9,6,247.5,39847,0
1,2,1,9,7,292.5,40420,0
1,2,1,9,8,337.5,40428,0
1,2,1,10,1,22.5,14523,0
1,2,1,10,2,67.5,14358,4.15756
1,2,1,10,3,112.5,14141,0
1,2,1,10,4,157.5,13420,0
1,2,1,10,5,202.5,13731,8.88277
1,2,1,10,6,247.5,13839,5.34085
1,2,1,10,7,292.5,14517,4.92396
1,2,1,10,8,337.5,14574,0
1,2,1,11,1,22.5,2502,0
1,2,1,11,2,67.5,2485,0
1,2,1,11,3,112.5,2325,3.95696
1,2,1,11,4,157.5,2224,0
1,2,1,11,5,202.5,2296,0
1,2,1,11,6,247.5,2294,0
1,2,1,11,7,292.5,2383,0
1,2,1,11,8,337.5,2460,0
1,2,2,1,1,22.5,829634,19.6672
1,2,2,1,2,67.5,823883,252.647
1,2,2,1,3,112.5,822844,167.087
1,2,2,1,4,157.5,820898,506.103
1,2,2,1,5,202.5,823849,334.998
1,2,2,1,6,247.5,822890,304.626
1,2,2,1,7,292.5,826189,228.616
1,2,2,1,8,337.5,829350,0
1,2,2,2,1,22.5,644069,60.8489
1,2,2,2,2,67.5,640572,181.636
1,2,2,2,3,112.5,636797,248.066
1,2,2,2,4,157.5,634131,408.483
1,2,2,2,5,202.5,633180,283.141
1,2,2,2,6,247.5,637874,254.012
1,2,2,2,7,292.5,640863,203.224
1,2,2,2,8,337.5,642919,43.0786
1,2,2,3,1,22.5,487591,83.7299
1,2,2,3,2,67.5,488583,179.031
1,2,2,3,3,112.5,485284,202.394
1,2,2,3,4,157.5,479582,293.367
1,2,2,3,5,202.5,479866,221.969
1,2,2,3,6,247.5,484579,246.728
1,2,2,3,7,292.5,489156,185.491
1,2,2,3,8,337.5,488008,64.2136
1,2,2,4,1,22.5,366103,76.0313
1,2,2,4,2,67.5,367338,173.79
1,2,2,4,3,112.5,362462,181.22
1,2,2,4,4,157.5,360427,234.448
1,2,2,4,5,202.5,358948,181.161
1,2,2,4,6,247.5,363607,226.991
1,2,2,4,7,292.5,368817,153.501
1,2,2,4,8,337.5,365222,60.6519
1,2,2,5,1,22.5,483465,102.507
1,2,2,5,2,67.5,483143,215.119
1,2,2,5,3,112.5,474822,221.569
1,2,2,5,4,157.5,469579,261.701
1,2,2,5,5,202.5,470842,201.107
1,2,2,5,6,247.5,478211,272.06
1,2,2,5,7,292.5,483736,191.003
1,2,2,5,8,337.5,479693,84.2702
1,2,2,6,1,22.5,278960,99.9281
1,2,2,6,2,67.5,277116,156.532
1,2,2,6,3,112.5,273624,167.751
1,2,2,6,4,157.5,269392,171.703
1,2,2,6,5,202.5,269158,136.595
1,2,2,6,6,247.5,274408,190.666
1,2,2,6,7,292.5,277230,153.407
1,2,2,6,8,337.5,276936,73.1902
1,2,2,7,1,22.5,164254,79.3235
1,2,2,7,2,67.5,163010,106.638
1,2,2,7,3,112.5,160230,116.019
1,2,2,7,4,157.5,157444,107.344
1,2,2,7,5,202.5,158442,83.8462
1,2,2,7,6,247.5,162692,127.813
1,2,2,7,7,292.5,164233,113.899
1,2,2,7,8,337.5,163522,53.8375
1,2,2,8,1,22.5,131126,62.6195
1,2,2,8,2,67.5,130841,79.3897
1,2,2,8,3,112.5,127996,85.2287
1,2,2,8,4,157.5,124979,70.7855
1,2,2,8,5,202.5,126582,58.9925
1,2,2,8,6,247.5,130092,90.6683
1,2,2,8,7,292.5,130799,88.3365
1,2,2,8,8,337.5,130672,42.381
1,2,2,9,1,22.5,60589,33.0283
1,2,2,9,2,67.5,60321,38.4899
1,2,2,9,3,112.5,59386,39.9789
1,2,2,9,4,157.5,58338,30.3382
1,2,2,9,5,202.5,58644,24.9522
1,2,2,9,6,247.5,60426,43.1696
1,2,2,9,7,292.5,60882,43.8015
1,2,2,9,8,337.5,61280,19.6679
1,2,2,10,1,22.5,34279,13.6657
1,2,2,10,2,67.5,34656,16.8487
1,2,2,10,3,112.5,33961,16.2932
1,2,2,10,4,157.5,32916,13.3872
1,2,2,10,5,202.5,33452,10.3393
1,2,2,10,6,247.5,34227,19.8848
1,2,2,10,7,292.5,34521,17.5305
1,2,2,10,8,337.5,34592,9.01647
1,2,2,11,1,22.5,18622,0
1,2,2,11,2,67.5,18698,0
1,2,2,11,3,112.5,18305,5.29435
1,2,2,11,4,157.5,17211,0
1,2,2,11,5,202.5,17693,0
1,2,2,11,6,247.5,18417,4.27309
1,2,2,11,7,292.5,18513,16.2388
1,2,2,11,8,337.5,18769,0
1,2,3,1,1,22.5,394860,7.74263
1,2,3,1,2,67.5,394048,98.6737
1,2,3,1,3,112.5,392632,180.776
1,2,3,1,4,157.5,389658,194.452
1,2,3,1,5,202.5,391095,190.661
1,2,3,1,6,247.5,392913,80.604
1,2,3,1,7,292.5,392217,103.149
1,2,3,1,8,337.5,395825,15.815
1,2,3,2,1,22.5,318012,0
1,2,3,2,2,67.5,314355,84.2684
1,2,3,2,3,112.5,312527,128.66
1,2,3,2,4,157.5,311846,242.786
1,2,3,2,5,202.5,311897,174.352
1,2,3,2,6,247.5,313790,136.61
1,2,3,2,7,292.5,315500,85.3394
1,2,3,2,8,337.5,318686,7.76342
1,2,3,3,1,22.5,251716,22.1376
1,2,3,3,2,67.5,250505,89.1414
1,2,3,3,3,112.5,247356,112.993
1,2,3,3,4,157.5,245226,236.058
1,2,3,3,5,202.5,244978,146.193
1,2,3,3,6,247.5,247941,151.045
1,2,3,3,7,292.5,249272,106.918
1,2,3,3,8,337.5,251447,21.5179
1,2,3,4,1,22.5,197210,37.2763
1,2,3,4,2,67.5,195976,101.773
1,2,3,4,3,112.5,194205,103.222
1,2,3,4,4,157.5,192010,203.031
1,2,3,4,5,202.5,191864,126.403
1,2,3,4,6,247.5,194371,151.878
1,2,3,4,7,292.5,196925,97.1362
1,2,3,4,8,337.5,197365,27.5665
1,2,3,5,1,22.5,271976,52.8073
1,2,3,5,2,67.5,272482,146.919
1,2,3,5,3,112.5,266984,141.728
1,2,3,5,4,157.5,264545,245.148
1,2,3,5,5,202.5,264631,159.907
1,2,3,5,6,247.5,269970,222.964
1,2,3,5,7,292.5,272960,119.619
1,2,3,5,8,337.5,270444,45.4097
1,2,3,6,1,22.5,164674,53.5522
1,2,3,6,2,67.5,164966,127.114
1,2,3,6,3,112.5,161621,126.233
1,2,3,6,4,157.5,158017,188.074
1,2,3,6,5,202.5,159633,126.672
1,2,3,6,6,247.5,161891,179.967
1,2,3,6,7,292.5,165270,100.03
1,2,3,6,8,337.5,161521,50.749
1,2,3,7,1,22.5,99497,57.2325
1,2,3,7,2,67.5,99710,103.253
1,2,3,7,3,112.5,97760,108.919
1,2,3,7,4,157.5,95510,141.281
1,2,3,7,5,202.5,95508,99.3138
1,2,3,7,6,247.5,98049,142.253
1,2,3,7,7,292.5,100139,89.9636
1,2,3,7,8,337.5,97088,47.2553
1,2,3,8,1,22.5,83591,67.8221
1,2,3,8,2,67.5,83246,94.6496
1,2,3,8,3,112.5,80666,106.523
1,2,3,8,4,157.5,79095,122.344
1,2,3,8,5,202.5,78828,89.1832
1,2,3,8,6,247.5,81596,128.713
1,2,3,8,7,292.5,83315,93.5828
1,2,3,8,8,337.5,80623,48.6127
1,2,3,9,1,22.5,41679,53.2878
1,2,3,9,2,67.5,41134,69.3096
1,2,3,9,3,112.5,40308,78.3251
1,2,3,9,4,157.5,39234,77.5428
1,2,3,9,5,202.5,39576,58.2968
1,2,3,9,6,247.5,40402,85.4524
1,2,3,9,7,292.5,41815,73.2311
1,2,3,9,8,337.5,41164,34.0711
1,2,3,10,1,22.5,26399,43.341
1,2,3,10,2,67.5,25981,51.8017
1,2,3,10,3,112.5,25247,56.3707
1,2,3,10,4,157.5,24744,51.0638
1,2,3,10,5,202.5,24833,40.1446
1,2,3,10,6,247.5,25384,62.2992
1,2,3,10,7,292.5,26315,56.9064
1,2,3,10,8,337.5,26402,25.3379
1,2,3,11,1,22.5,18031,27.7194
1,2,3,11,2,67.5,17903,32.0287
1,2,3,11,3,112.5,17255,35.123
1,2,3,11,4,157.5,17032,27.9388
1,2,3,11,5,202.5,16904,23.2717
1,2,3,11,6,247.5,17490,36.2487
1,2,3,11,7,292.5,17922,37.3751
1,2,3,11,8,337.5,17993,15.3091
1,2,4,1,1,22.5,205457,12.5712
1,2,4,1,2,67.5,204293,40.0155
1,2,4,1,3,112.5,203179,91.4385
1,2,4,1,4,157.5,201887,174.181
1,2,4,1,5,202.5,202946,97.3847
1,2,4,1,6,247.5,204986,53.1485
1,2,4,1,7,292.5,203761,30.7985
1,2,4,1,8,337.5,205506,12.8365
1,2,4,2,1,22.5,169203,0
1,2,4,2,2,67.5,167344,27.3276
1,2,4,2,3,112.5,165963,79.6499
1,2,4,2,4,157.5,164017,175.13
1,2,4,2,5,202.5,165048,104.046
1,2,4,2,6,247.5,165840,55.6863
1,2,4,2,7,292.5,166545,39.703
1,2,4,2,8,337.5,169157,0
1,2,4,3,1,22.5,137372,0
1,2,4,3,2,67.5,135210,32.3399
1,2,4,3,3,112.5,134290,81.371
1,2,4,3,4,157.5,132670,205.148
1,2,4,3,5,202.5,132755,99.5665
1,2,4,3,6,247.5,134249,78.1331
1,2,4,3,7,292.5,135002,60.4286
1,2,4,3,8,337.5,137707,0
1,2,4,4,1,22.5,110771,7.13051
1,2,4,4,2,67.5,109725,47.3988
1,2,4,4,3,112.5,107832,58.9784
1,2,4,4,4,157.5,106724,154.264
1,2,4,4,5,202.5,106483,90.7491
1,2,4,4,6,247.5,107537,95.8291
1,2,4,4,7,292.5,109487,59.3997
1,2,4,4,8,337.5,111137,0
1,2,4,5,1,22.5,160645,12.6194
1,2,4,5,2,67.5,158072,91.6168
1,2,4,5,3,112.5,156456,84.2293
1,2,4,5,4,157.5,154057,197.876
1,2,4,5,5,202.5,154060,113.863
1,2,4,5,6,247.5,156782,146.244
1,2,4,5,7,292.5,158395,83.5276
1,2,4,5,8,337.5,159368,12.7573
1,2,4,6,1,22.5,101622,15.5067
1,2,4,6,2,67.5,101689,95.0747
1,2,4,6,3,112.5,98906,78.9171
1,2,4,6,4,157.5,98191,152.639
1,2,4,6,5,202.5,97614,97.3966
1,2,4,6,6,247.5,99063,136.041
1,2,4,6,7,292.5,101706,65.4532
1,2,4,6,8,337.5,101583,18.9595
1,2,4,7,1,22.5,64310,23.6319
1,2,4,7,2,67.5,64966,82.6427
1,2,4,7,3,112.5,62933,75.3673
1,2,4,7,4,157.5,61807,123.396
1,2,4,7,5,202.5,61853,79.0228
1,2,4,7,6,247.5,62987,115.284
1,2,4,7,7,292.5,64876,56.9609
1,2,4,7,8,337.5,63798,24.3366
1,2,4,8,1,22.5,55144,34.2341
1,2,4,8,2,67.5,55300,80.6976
1,2,4,8,3,112.5,53467,76.9754
1,2,4,8,4,157.5,52435,112.926
1,2,4,8,5,202.5,52712,77.5663
1,2,4,8,6,247.5,54450,110.222
1,2,4,8,7,292.5,55210,59.0155
1,2,4,8,8,337.5,53523,33.577
1,2,4,9,1,22.5,28113,35.4605
1,2,4,9,2,67.5,28146,58.5394
1,2,4,9,3,112.5,27173,62.0188
1,2,4,9,4,157.5,26985,79.1359
1,2,4,9,5,202.5,26743,57.1895
1,2,4,9,6,247.5,27814,81.9381
1,2,4,9,7,292.5,28098,50.9822
1,2,4,9,8,337.5,26947,28.9899
1,2,4,10,1,22.5,17951,34.6918
1,2,4,10,2,67.5,17955,46.2039
1,2,4,10,3,112.5,17646,52.9421
1,2,4,10,4,157.5,16968,61.5816
1,2,4,10,5,202.5,17125,44.9327
1,2,4,10,6,247.5,17560,66.0463
1,2,4,10,7,292.5,18013,47.4968
1,2,4,10,8,337.5,17060,25.1213
1,2,4,11,1,22.5,12886,33.5698
1,2,4,11,2,67.5,12803,38.0436
1,2,4,11,3,112.5,12310,44.2212
1,2,4,11,4,157.5,12245,47.1978
1,2,4,11,5,202.5,12107,35.7236
1,2,4,11,6,247.5,12463,50.6786
1,2,4,11,7,292.5,12866,40.9783
1,2,4,11,8,337.5,12590,20.9936
1,2,5,1,1,22.5,106288,8.77721
1,2,5,1,2,67.5,107141,20.5605
1,2,5,1,3,112.5,106412,64.9866
1,2,5,1,4,157.5,106406,94.8769
1,2,5,1,5,202.5,106495,72.2671
1,2,5,1,6,247.5,107341,21.8955
1,2,5,1,7,292.5,106683,12.454
1,2,5,1,8,337.5,106988,0
1,2,5,2,1,22.5,90565,0
1,2,5,2,2,67.5,88749,5.08081
1,2,5,2,3,112.5,87900,63.2175
1,2,5,2,4,157.5,88061,123.85
1,2,5,2,5,202.5,87897,76.1075
1,2,5,2,6,247.5,88811,30.4505
1,2,5,2,7,292.5,89401,14.3697
1,2,5,2,8,337.5,90201,0
1,2,5,3,1,22.5,75799,0
1,2,5,3,2,67.5,73320,8.24524
1,2,5,3,3,112.5,73094,53.1418
1,2,5,3,4,157.5,71500,119.922
1,2,5,3,5,202.5,72722,72.2985
1,2,5,3,6,247.5,73106,41.9038
1,2,5,3,7,292.5,73345,28.8378
1,2,5,3,8,337.5,75103,0
1,2,5,4,1,22.5,61883,0
1,2,5,4,2,67.5,60964,17.3172
1,2,5,4,3,112.5,60407,45.2728
1,2,5,4,4,157.5,59530,115.033
1,2,5,4,5,202.5,59026,66.4784
1,2,5,4,6,247.5,60110,52.635
1,2,5,4,7,292.5,60449,39.6491
1,2,5,4,8,337.5,63083,0
1,2,5,5,1,22.5,93438,0
1,2,5,5,2,67.5,91073,49.6389
1,2,5,5,3,112.5,89440,56.0111
1,2,5,5,4,157.5,88545,147.403
1,2,5,5,5,202.5,89229,86.2439
1,2,5,5,6,247.5,90142,91.7677
1,2,5,5,7,292.5,91124,63.9945
1,2,5,5,8,337.5,93030,0
1,2,5,6,1,22.5,62298,0
1,2,5,6,2,67.5,60906,61.4661
1,2,5,6,3,112.5,60247,50.4119
1,2,5,6,4,157.5,58962,123.069
1,2,5,6,5,202.5,59356,73.6986
1,2,5,6,6,247.5,60329,95.0391
1,2,5,6,7,292.5,61593,56.2978
1,2,5,6,8,337.5,61966,0
1,2,5,7,1,22.5,41200,0
1,2,5,7,2,67.5,41105,61.1955
1,2,5,7,3,112.5,40215,48.1642
1,2,5,7,4,157.5,39556,102.328
1,2,5,7,5,202.5,39263,62.8603
1,2,5,7,6,247.5,40347,86.7045
1,2,5,7,7,292.5,41273,44.8587
1,2,5,7,8,337.5,41017,7.15884
1,2,5,8,1,22.5,37026,9.42746
1,2,5,8,2,67.5,37057,64.939
1,2,5,8,3,112.5,36063,53.4708
1,2,5,8,4,157.5,35073,96.1828
1,2,5,8,5,202.5,34923,61.6695
1,2,5,8,6,247.5,36472,88.3045
1,2,5,8,7,292.5,37215,43.726
1,2,5,8,8,337.5,37076,14.9474
1,2,5,9,1,22.5,19892,16.1733
1,2,5,9,2,67.5,20098,49.1692
1,2,5,9,3,112.5,19459,44.2934
1,2,5,9,4,157.5,18544,69.5951
1,2,5,9,5,202.5,18625,45.8049
1,2,5,9,6,247.5,19827,69.4029
1,2,5,9,7,292.5,20261,34.1567
1,2,5,9,8,337.5,19411,17.6726
1,2,5,10,1,22.5,13209,22.1622
1,2,5,10,2,67.5,13246,41.808
1,2,5,10,3,112.5,12602,39.3483
1,2,5,10,4,157.5,12140,56.1088
1,2,5,10,5,202.5,12225,37.1869
1,2,5,10,6,247.5,12662,55.2338
1,2,5,10,7,292.5,13337,31.482
1,2,5,10,8,337.5,12427,18.453
1,2,5,11,1,22.5,8888,22.4566
1,2,5,11,2,67.5,8916,33.1669
1,2,5,11,3,112.5,8779,35.6732
1,2,5,11,4,157.5,8223,43.6377
1,2,5,11,5,202.5,8306,31.6972
1,2,5,11,6,247.5,8572,45.8835
1,2,5,11,7,292.5,9056,31.2629
1,2,5,11,8,337.5,8073,18.3411
1,2,6,1,1,22.5,53485,7.35576
1,2,6,1,2,67.5,53982,18.2938
1,2,6,1,3,112.5,54398,50.702
1,2,6,1,4,157.5,54089,72.1782
1,2,6,1,5,202.5,54483,49.8897
1,2,6,1,6,247.5,54202,15.271
1,2,6,1,7,292.5,54356,0
1,2,6,1,8,337.5,54617,0
1,2,6,2,1,22.5,46446,0
1,2,6,2,2,67.5,45776,0
1,2,6,2,3,112.5,45601,49.2887
1,2,6,2,4,157.5,45542,88.3301
1,2,6,2,5,202.5,45237,54.1973
1,2,6,2,6,247.5,45618,6.76214
1,2,6,2,7,292.5,46070,0
1,2,6,2,8,337.5,46444,0
1,2,6,3,1,22.5,39798,0
1,2,6,3,2,67.5,38456,0
1,2,6,3,3,112.5,38233,43.2063
1,2,6,3,4,157.5,37813,89.0695
1,2,6,3,5,202.5,37618,52.1457
1,2,6,3,6,247.5,38381,16.6224
1,2,6,3,7,292.5,38391,9.71891
1,2,6,3,8,337.5,39456,0
1,2,6,4,1,22.5,33280,0
1,2,6,4,2,67.5,32320,0
1,2,6,4,3,112.5,32155,36.5156
1,2,6,4,4,157.5,31532,82.1371
1,2,6,4,5,202.5,31860,49.4287
1,2,6,4,6,247.5,32348,28.9156
1,2,6,4,7,292.5,32154,23.119
1,2,6,4,8,337.5,33387,0
1,2,6,5,1,22.5,50686,0
1,2,6,5,2,67.5,49635,17.998
1,2,6,5,3,112.5,49651,41.9729
1,2,6,5,4,157.5,48509,109.291
1,2,6,5,5,202.5,48487,64.0511
1,2,6,5,6,247.5,49139,55.1183
1,2,6,5,7,292.5,49159,42.0545
1,2,6,5,8,337.5,50876,0
1,2,6,6,1,22.5,34995,0
1,2,6,6,2,67.5,34519,32.5137
1,2,6,6,3,112.5,33588,34.169
1,2,6,6,4,157.5,33600,94.305
1,2,6,6,5,202.5,33509,54.0915
1,2,6,6,6,247.5,33782,60.947
1,2,6,6,7,292.5,34142,42.4001
1,2,6,6,8,337.5,35308,0
1,2,6,7,1,22.5,24190,0
1,2,6,7,2,67.5,23464,38.3552
1,2,6,7,3,112.5,23160,30.2451
1,2,6,7,4,157.5,22703,77.2633
1,2,6,7,5,202.5,22757,46.8528
1,2,6,7,6,247.5,23029,59.1792
1,2,6,7,7,292.5,23944,37.2216
1,2,6,7,8,337.5,24021,0
1,2,6,8,1,22.5,22477,0
1,2,6,8,2,67.5,22425,46.8588
1,2,6,8,3,112.5,21606,33.7833
1,2,6,8,4,157.5,21099,74.785
1,2,6,8,5,202.5,21018,46.0693
1,2,6,8,6,247.5,21745,64.4817
1,2,6,8,7,292.5,22620,35.452
1,2,6,8,8,337.5,22609,0
1,2,6,9,1,22.5,12454,0
1,2,6,9,2,67.5,12335,37.0362
1,2,6,9,3,112.5,11867,29.5744
1,2,6,9,4,157.5,11427,54.4851
1,2,6,9,5,202.5,11225,34.1825
1,2,6,9,6,247.5,11940,50.6355
1,2,6,9,7,292.5,12501,24.1446
1,2,6,9,8,337.5,12054,7.25384
1,2,6,10,1,22.5,8178,8.13493
1,2,6,10,2,67.5,8292,32.488
1,2,6,10,3,112.5,7961,28.2164
1,2,6,10,4,157.5,7511,45.0034
1,2,6,10,5,202.5,7742,29.9685
1,2,6,10,6,247.5,7951,43.2067
1,2,6,10,7,292.5,8190,21.2169
1,2,6,10,8,337.5,8114,10.2135
1,2,6,11,1,22.5,5590,12.5234
1,2,6,11,2,67.5,5727,26.3033
1,2,6,11,3,112.5,5253,25.2643
1,2,6,11,4,157.5,4983,35.2738
1,2,6,11,5,202.5,5134,24.1903
1,2,6,11,6,247.5,5327,35.6117
1,2,6,11,7,292.5,5590,20.472
1,2,6,11,8,337.5,5207,11.8854
1,2,7,1,1,22.5,22870,5.12063
1,2,7,1,2,67.5,22752,14.8513
1,2,7,1,3,112.5,22951,34.0334
1,2,7,1,4,157.5,22891,48.2918
1,2,7,1,5,202.5,22744,37.9509
1,2,7,1,6,247.5,23216,12.053
1,2,7,1,7,292.5,22867,0
1,2,7,1,8,337.5,23010,4.56252
1,2,7,2,1,22.5,19723,0
1,2,7,2,2,67.5,19120,7.17471
1,2,7,2,3,112.5,19384,35.4651
1,2,7,2,4,157.5,19012,57.0404
1,2,7,2,5,202.5,19638,36.1421
1,2,7,2,6,247.5,19390,3.97284
1,2,7,2,7,292.5,19539,0
1,2,7,2,8,337.5,19595,0
1,2,7,3,1,22.5,16536,0
1,2,7,3,2,67.5,16286,0
1,2,7,3,3,112.5,16222,31.4562
1,2,7,3,4,157.5,15801,57.6007
1,2,7,3,5,202.5,16144,34.618
1,2,7,3,6,247.5,16319,4.73409
1,2,7,3,7,292.5,16148,5.18589
1,2,7,3,8,337.5,16764,0
1,2,7,4,1,22.5,14165,0
1,2,7,4,2,67.5,13616,0
1,2,7,4,3,112.5,13540,27.1415
1,2,7,4,4,157.5,13534,55.3227
1,2,7,4,5,202.5,13370,33.1392
1,2,7,4,6,247.5,13641,11.6056
1,2,7,4,7,292.5,13692,10.8668
1,2,7,4,8,337.5,14307,0
1,2,7,5,1,22.5,21969,0
1,2,7,5,2,67.5,21598,4.78046
1,2,7,5,3,112.5,21077,31.758
1,2,7,5,4,157.5,20462,75.1973
1,2,7,5,5,202.5,20677,43.5705
1,2,7,5,6,247.5,21159,27.5393
1,2,7,5,7,292.5,21241,22.823
1,2,7,5,8,337.5,22063,0
1,2,7,6,1,22.5,15173,0
1,2,7,6,2,67.5,14792,13.8576
1,2,7,6,3,112.5,14567,24.2686
1,2,7,6,4,157.5,14429,63.6452
1,2,7,6,5,202.5,14387,37.6165
1,2,7,6,6,247.5,14720,34.3886
1,2,7,6,7,292.5,15216,26.3071
1,2,7,6,8,337.5,15192,0
1,2,7,7,1,22.5,10624,0
1,2,7,7,2,67.5,10271,19.7759
1,2,7,7,3,112.5,10239,19.7497
1,2,7,7,4,157.5,10142,52.691
1,2,7,7,5,202.5,9973,30.3317
1,2,7,7,6,247.5,10304,35.098
1,2,7,7,7,292.5,10418,25.1445
1,2,7,7,8,337.5,10909,0
1,2,7,8,1,22.5,10100,0
1,2,7,8,2,67.5,9945,25.9831
1,2,7,8,3,112.5,9802,21.075
1,2,7,8,4,157.5,9502,51.5685
1,2,7,8,5,202.5,9500,30.7509
1,2,7,8,6,247.5,9815,40.2371
1,2,7,8,7,292.5,10120,24.9117
1,2,7,8,8,337.5,10222,0
1,2,7,9,1,22.5,5614,0
1,2,7,9,2,67.5,5463,22.4998
1,2,7,9,3,112.5,5196,17.6533
1,2,7,9,4,157.5,5134,36.1071
1,2,7,9,5,202.5,5372,22.8775
1,2,7,9,6,247.5,5325,30.6302
1,2,7,9,7,292.5,5388,17.7334
1,2,7,9,8,337.5,5551,0
1,2,7,10,1,22.5,3314,0
1,2,7,10,2,67.5,3365,18.5497
1,2,7,10,3,112.5,3191,15.3798
1,2,7,10,4,157.5,3127,27.806
1,2,7,10,5,202.5,3246,18.7172
1,2,7,10,6,247.5,3311,26.2429
1,2,7,10,7,292.5,3397,11.6215
1,2,7,10,8,337.5,3395,0
1,2,7,11,1,22.5,1336,0
1,2,7,11,2,67.5,1359,13.2682
1,2,7,11,3,112.5,1310,11.081
1,2,7,11,4,157.5,1234,16.1335
1,2,7,11,5,202.5,1261,12.4823
1,2,7,11,6,247.5,1363,17.2518
1,2,7,11,7,292.5,1345,8.05674
1,2,7,11,8,337.5,1432,0
1,2,8,1,1,22.5,6409,0
1,2,8,1,2,67.5,6212,8.41164
1,2,8,1,3,112.5,6361,17.739
1,2,8,1,4,157.5,6267,24.0835
1,2,8,1,5,202.5,6348,17.9591
1,2,8,1,6,247.5,6334,6.47634
1,2,8,1,7,292.5,6251,0
1,2,8,1,8,337.5,6396,0
1,2,8,2,1,22.5,5236,0
1,2,8,2,2,67.5,5098,0
1,2,8,2,3,112.5,5173,18.2174
1,2,8,2,4,157.5,5185,28.4034
1,2,8,2,5,202.5,5198,18.2242
1,2,8,2,6,247.5,5337,3.95395
1,2,8,2,7,292.5,5111,0
1,2,8,2,8,337.5,5167,0
1,2,8,3,1,22.5,4337,0
1,2,8,3,2,67.5,4132,0
1,2,8,3,3,112.5,4250,18.3338
1,2,8,3,4,157.5,4173,27.6831
1,2,8,3,5,202.5,4303,17.881
1,2,8,3,6,247.5,4181,0
1,2,8,3,7,292.5,4223,0
1,2,8,3,8,337.5,4256,0
1,2,8,4,1,22.5,3485,0
1,2,8,4,2,67.5,3442,0
1,2,8,4,3,112.5,3366,13.4887
1,2,8,4,4,157.5,3355,27.3027
1,2,8,4,5,202.5,3395,16.0979
1,2,8,4,6,247.5,3467,3.44386
1,2,8,4,7,292.5,3297,3.39721
1,2,8,4,8,337.5,3453,0
1,2,8,5,1,22.5,5071,0
1,2,8,5,2,67.5,4704,0
1,2,8,5,3,112.5,4748,16.5389
1,2,8,5,4,157.5,4651,32.039
1,2,8,5,5,202.5,4767,19.4002
1,2,8,5,6,247.5,4752,10.5085
1,2,8,5,7,292.5,4886,7.66835
1,2,8,5,8,337.5,4994,0
1,2,8,6,1,22.5,2977,0
1,2,8,6,2,67.5,2825,0
1,2,8,6,3,112.5,2733,10.2109
1,2,8,6,4,157.5,2777,26.0513
1,2,8,6,5,202.5,2834,13.367
1,2,8,6,6,247.5,2814,12.6953
1,2,8,6,7,292.5,2802,8.66507
1,2,8,6,8,337.5,2923,0
1,2,8,7,1,22.5,1530,0
1,2,8,7,2,67.5,1543,0
1,2,8,7,3,112.5,1520,6.88153
1,2,8,7,4,157.5,1561,17.9816
1,2,8,7,5,202.5,1451,10.5439
1,2,8,7,6,247.5,1501,11.3394
1,2,8,7,7,292.5,1478,7.47264
1,2,8,7,8,337.5,1592,0
1,2,8,8,1,22.5,889,0
1,2,8,8,2,67.5,920,5.11503
1,2,8,8,3,112.5,889,4.91421
1,2,8,8,4,157.5,872,13.724
1,2,8,8,5,202.5,947,6.15603
1,2,8,8,6,247.5,886,7.87763
1,2,8,8,7,292.5,933,5.00462
1,2,8,8,8,337.5,1014,0
1,2,8,9,1,22.5,194,0
1,2,8,9,2,67.5,199,0
1,2,8,9,3,112.5,177,0
1,2,8,9,4,157.5,193,4.25034
1,2,8,9,5,202.5,164,0
1,2,8,9,6,247.5,189,0
1,2,8,9,7,292.5,204,0
1,2,8,9,8,337.5,188,0
1,2,8,10,1,22.5,13,0
1,2,8,10,2,67.5,6,0
1,2,8,10,3,112.5,4,0
1,2,8,10,4,157.5,5,0
1,2,8,10,5,202.5,2,0
1,2,8,10,6,247.5,12,0
1,2,8,10,7,292.5,11,0
1,2,8,10,8,337.5,9,0
1,2,8,11,1,22.5,0,0
1,2,8,11,2,67.5,0,0
1,2,8,11,3,112.5,0,0
1,2,8,11,4,157.5,0,0
1,2,8,11,5,202.5,0,0
1,2,8,11,6,247.5,0,0
1,2,8,11,7,292.5,0,0
1,2,8,11,8,337.5,0,0
2,3,1,1,1,22.5,8.73412e+06,73.3579
2,3,1,1,2,67.5,8.73776e+06,271.007
2,3,1,1,3,112.5,8.72372e+06,280.934
2,3,1,1,4,157.5,8.70414e+06,195.266
2,3,1,1,5,202.5,8.70916e+06,229.552
2,3,1,1,6,247.5,8.72988e+06,313.986
2,3,1,1,7,292.5,8.73283e+06,176.969
2,3,1,1,8,337.5,8.73273e+06,65.6932
2,3,1,2,1,22.5,3.67464e+06,55.6497
2,3,1,2,2,67.5,3.66983e+06,111.864
2,3,1,2,3,112.5,3.65898e+06,161.364
2,3,1,2,4,157.5,3.64174e+06,185.887
2,3,1,2,5,202.5,3.64658e+06,154.954
2,3,1,2,6,247.5,3.6645e+06,138.519
2,3,1,2,7,292.5,3.677e+06,149.515
2,3,1,2,8,337.5,3.67618e+06,47.042
2,3,1,3,1,22.5,1.88134e+06,43.8348
2,3,1,3,2,67.5,1.8796e+06,105.052
2,3,1,3,3,112.5,1.8686e+06,100.734
2,3,1,3,4,157.5,1.85556e+06,102.962
2,3,1,3,5,202.5,1.85643e+06,89.566
2,3,1,3,6,247.5,1.87271e+06,114.637
2,3,1,3,7,292.5,1.87872e+06,105.78
2,3,1,3,8,337.5,1.88356e+06,36.1139
2,3,1,4,1,22.5,1.05203e+06,35.969
2,3,1,4,2,67.5,1.0522e+06,79.4505
2,3,1,4,3,112.5,1.04406e+06,72.1143
2,3,1,4,4,157.5,1.03527e+06,61.6281
2,3,1,4,5,202.5,1.03842e+06,54.5868
2,3,1,4,6,247.5,1.04494e+06,77.9185
2,3,1,4,7,292.5,1.04945e+06,76.86
2,3,1,4,8,337.5,1.05411e+06,34.7546
2,3,1,5,1,22.5,1.00312e+06,39.8529
2,3,1,5,2,67.5,999712,68.6049
2,3,1,5,3,112.5,992819,58.9305
2,3,1,5,4,157.5,984158,40.572
2,3,1,5,5,202.5,985981,37.3664
2,3,1,5,6,247.5,994389,65.7758
2,3,1,5,7,292.5,1.00134e+06,67.3104
2,3,1,5,8,337.5,1.00212e+06,35.967
2,3,1,6,1,22.5,388088,15.2232
2,3,1,6,2,67.5,388767,23.2206
2,3,1,6,3,112.5,385757,19.83
2,3,1,6,4,157.5,378653,10.7865
2,3,1,6,5,202.5,380311,11.346
2,3,1,6,6,247.5,386446,21.0738
2,3,1,6,7,292.5,387850,27.0789
2,3,1,6,8,337.5,388514,13.5598
2,3,1,7,1,22.5,157473,0
2,3,1,7,2,67.5,157040,4.04558
2,3,1,7,3,112.5,155897,0
2,3,1,7,4,157.5,153105,0
2,3,1,7,5,202.5,155061,0
2,3,1,7,6,247.5,157048,6.79748
2,3,1,7,7,292.5,157151,0
2,3,1,7,8,337.5,158340,0
2,3,1,8,1,22.5,81676,0
2,3,1,8,2,67.5,81882,0
2,3,1,8,3,112.5,80544,0
2,3,1,8,4,157.5,78503,0
2,3,1,8,5,202.5,79376,0
2,3,1,8,6,247.5,80807,0
2,3,1,8,7,292.5,81881,0
2,3,1,8,8,337.5,82234,0
2,3,1,9,1,22.5,20608,0
2,3,1,9,2,67.5,20651,0
2,3,1,9,3,112.5,20154,0
2,3,1,9,4,157.5,19674,0
2,3,1,9,5,202.5,19911,0
2,3,1,9,6,247.5,20213,0
2,3,1,9,7,292.5,20510,0
2,3,1,9,8,337.5,20631,0
2,3,1,10,1,22.5,4719,0
2,3,1,10,2,67.5,4556,0
2,3,1,10,3,112.5,4547,0
2,3,1,10,4,157.5,4268,0
2,3,1,10,5,202.5,4278,0
2,3,1,10,6,247.5,4453,0
2,3,1,10,7,292.5,4646,0
2,3,1,10,8,337.5,4599,0
2,3,1,11,1,22.5,312,0
2,3,1,11,2,67.5,276,0
2,3,1,11,3,112.5,277,0
2,3,1,11,4,157.5,248,0
2,3,1,11,5,202.5,268,0
2,3,1,11,6,247.5,296,0
2,3,1,11,7,292.5,278,0
2,3,1,11,8,337.5,290,0
2,3,2,1,1,22.5,782986,29.7879
2,3,2,1,2,67.5,782248,355.544
2,3,2,1,3,112.5,781223,298.624
2,3,2,1,4,157.5,778455,331.265
2,3,2,1,5,202.5,779735,405.001
2,3,2,1,6,247.5,782522,275.013
2,3,2,1,7,292.5,781678,282.751
2,3,2,1,8,337.5,785053,88.7814
2,3,2,2,1,22.5,604851,67.7241
2,3,2,2,2,67.5,602669,176.41
2,3,2,2,3,112.5,598738,242.774
2,3,2,2,4,157.5,597092,352.876
2,3,2,2,5,202.5,597370,273.707
2,3,2,2,6,247.5,600557,235.189
2,3,2,2,7,292.5,602491,180.595
2,3,2,2,8,337.5,605183,56.2365
2,3,2,3,1,22.5,453831,79.1739
2,3,2,3,2,67.5,453892,168.041
2,3,2,3,3,112.5,450874,177.625
2,3,2,3,4,157.5,445661,252.408
2,3,2,3,5,202.5,447011,196.297
2,3,2,3,6,247.5,451008,205.118
2,3,2,3,7,292.5,455531,179.221
2,3,2,3,8,337.5,455198,58.6054
2,3,2,4,1,22.5,338229,69.2317
2,3,2,4,2,67.5,338015,160.022
2,3,2,4,3,112.5,332417,153.673
2,3,2,4,4,157.5,329985,184.619
2,3,2,4,5,202.5,330734,151.354
2,3,2,4,6,247.5,334924,192.396
2,3,2,4,7,292.5,337914,148.212
2,3,2,4,8,337.5,337577,50.459
2,3,2,5,1,22.5,437622,86.6278
2,3,2,5,2,67.5,435649,189.591
2,3,2,5,3,112.5,430242,180.725
2,3,2,5,4,157.5,424838,184.405
2,3,2,5,5,202.5,426835,151.202
2,3,2,5,6,247.5,432907,219.555
2,3,2,5,7,292.5,435960,166.808
2,3,2,5,8,337.5,437041,76.3279
2,3,2,6,1,22.5,248370,80.6682
2,3,2,6,2,67.5,247776,128.97
2,3,2,6,3,112.5,243315,120.385
2,3,2,6,4,157.5,240845,101.19
2,3,2,6,5,202.5,241275,84.0401
2,3,2,6,6,247.5,245781,134.133
2,3,2,6,7,292.5,247338,118.392
2,3,2,6,8,337.5,248131,66.0807
2,3,2,7,1,22.5,144874,58.3928
2,3,2,7,2,67.5,144867,78.7221
2,3,2,7,3,112.5,143455,74.8278
2,3,2,7,4,157.5,139799,53.6631
2,3,2,7,5,202.5,140333,43.9215
2,3,2,7,6,247.5,143194,80.8521
2,3,2,7,7,292.5,144674,80.0797
2,3,2,7,8,337.5,145503,46.819
2,3,2,8,1,22.5,115377,42.1879
2,3,2,8,2,67.5,114465,51.6671
2,3,2,8,3,112.5,113244,47.315
2,3,2,8,4,157.5,110935,28.0793
2,3,2,8,5,202.5,112184,24.9122
2,3,2,8,6,247.5,114876,56.896
2,3,2,8,7,292.5,115273,55.782
2,3,2,8,8,337.5,114925,30.324
2,3,2,9,1,22.5,53017,16.3159
2,3,2,9,2,67.5,53075,22.3188
2,3,2,9,3,112.5,52255,16.6505
2,3,2,9,4,157.5,51130,7.73165
2,3,2,9,5,202.5,51931,6.58286
2,3,2,9,6,247.5,52752,21.4828
2,3,2,9,7,292.5,53237,21.7073
2,3,2,9,8,337.5,52447,11.4224
2,3,2,10,1,22.5,27598,4.33097
2,3,2,10,2,67.5,28104,0
2,3,2,10,3,112.5,27449,6.68143
2,3,2,10,4,157.5,26374,10.8662
2,3,2,10,5,202.5,26750,0
2,3,2,10,6,247.5,27441,4.96784
2,3,2,10,7,292.5,27853,5.2982
2,3,2,10,8,337.5,27556,0
2,3,2,11,1,22.5,8902,0
2,3,2,11,2,67.5,9167,0
2,3,2,11,3,112.5,8916,0
2,3,2,11,4,157.5,8423,0
2,3,2,11,5,202.5,8639,0
2,3,2,11,6,247.5,9119,33.5974
2,3,2,11,7,292.5,9068,0
2,3,2,11,8,337.5,9086,0
2,3,3,1,1,22.5,375512,67.7408
2,3,3,1,2,67.5,374256,141.501
2,3,3,1,3,112.5,374246,205.09
2,3,3,1,4,157.5,373537,253.064
2,3,3,1,5,202.5,374364,235.45
2,3,3,1,6,247.5,375770,169.911
2,3,3,1,7,292.5,376475,145.705
2,3,3,1,8,337.5,377109,73.0594
2,3,3,2,1,22.5,302135,19.6217
2,3,3,2,2,67.5,300401,109.554
2,3,3,2,3,112.5,298654,147.962
2,3,3,2,4,157.5,296491,283.944
2,3,3,2,5,202.5,296951,185.473
2,3,3,2,6,247.5,299730,145.196
2,3,3,2,7,292.5,299679,103.031
2,3,3,2,8,337.5,302168,15.4534
2,3,3,3,1,22.5,237845,29.012
2,3,3,3,2,67.5,236145,103.187
2,3,3,3,3,112.5,233590,122.51
2,3,3,3,4,157.5,232716,228.563
2,3,3,3,5,202.5,231916,162.995
2,3,3,3,6,247.5,234709,144.3
2,3,3,3,7,292.5,236312,116.47
2,3,3,3,8,337.5,237907,34.2407
2,3,3,4,1,22.5,185357,41.864
2,3,3,4,2,67.5,184128,110.592
2,3,3,4,3,112.5,181470,106.799
2,3,3,4,4,157.5,180311,190.332
2,3,3,4,5,202.5,180419,137.731
2,3,3,4,6,247.5,182329,143.821
2,3,3,4,7,292.5,184082,114.136
2,3,3,4,8,337.5,184703,35.1135
2,3,3,5,1,22.5,252404,58.1115
2,3,3,5,2,67.5,252734,160.815
2,3,3,5,3,112.5,248044,136.504
2,3,3,5,4,157.5,246137,231.627
2,3,3,5,5,202.5,245612,155.194
2,3,3,5,6,247.5,249859,201.679
2,3,3,5,7,292.5,253164,135.001
2,3,3,5,8,337.5,252984,47.0153
2,3,3,6,1,22.5,150033,51.0591
2,3,3,6,2,67.5,150357,129.054
2,3,3,6,3,112.5,146784,120.016
2,3,3,6,4,157.5,144901,155.149
2,3,3,6,5,202.5,146235,117.072
2,3,3,6,6,247.5,147929,162.542
2,3,3,6,7,292.5,150924,101.445
2,3,3,6,8,337.5,149355,49.1463
2,3,3,7,1,22.5,90862,54.5976
2,3,3,7,2,67.5,91091,99.9793
2,3,3,7,3,112.5,88748,98.2335
2,3,3,7,4,157.5,87559,109.466
2,3,3,7,5,202.5,87229,81.9008
2,3,3,7,6,247.5,89048,124.424
2,3,3,7,7,292.5,90479,84.3413
2,3,3,7,8,337.5,89701,50.3008
2,3,3,8,1,22.5,75324,61.1444
2,3,3,8,2,67.5,74630,88.7486
2,3,3,8,3,112.5,72816,89.3268
2,3,3,8,4,157.5,71465,82.4475
2,3,3,8,5,202.5,72506,65.1361
2,3,3,8,6,247.5,73809,105.841
2,3,3,8,7,292.5,75108,81.7963
2,3,3,8,8,337.5,74417,51.6918
2,3,3,9,1,22.5,38075,46.0268
2,3,3,9,2,67.5,38108,57.8998
2,3,3,9,3,112.5,37073,58.515
2,3,3,9,4,157.5,36112,43.9888
2,3,3,9,5,202.5,36445,35.5949
2,3,3,9,6,247.5,37364,64.6695
2,3,3,9,7,292.5,37775,58.4988
2,3,3,9,8,337.5,37616,36.0985
2,3,3,10,1,22.5,24369,31.5614
2,3,3,10,2,67.5,24239,38.4784
2,3,3,10,3,112.5,23636,36.9183
2,3,3,10,4,157.5,23018,24.3282
2,3,3,10,5,202.5,23366,18.9115
2,3,3,10,6,247.5,23963,39.024
2,3,3,10,7,292.5,24008,41.2212
2,3,3,10,8,337.5,24104,23.2218
2,3,3,11,1,22.5,14427,17.4154
2,3,3,11,2,67.5,14484,20.5161
2,3,3,11,3,112.5,14136,18.1411
2,3,3,11,4,157.5,13308,8.81006
2,3,3,11,5,202.5,13719,8.82661
2,3,3,11,6,247.5,14109,19.5043
2,3,3,11,7,292.5,14511,20.9194
2,3,3,11,8,337.5,14328,10.7654
2,3,4,1,1,22.5,204256,38.7597
2,3,4,1,2,67.5,204390,71.7758
2,3,4,1,3,112.5,203980,130.809
2,3,4,1,4,157.5,204056,203.791
2,3,4,1,5,202.5,203708,203.605
2,3,4,1,6,247.5,204742,80.0467
2,3,4,1,7,292.5,204718,67.8852
2,3,4,1,8,337.5,204900,44.8885
2,3,4,2,1,22.5,167948,16.7986
2,3,4,2,2,67.5,167069,49.2337
2,3,4,2,3,112.5,165915,98.8487
2,3,4,2,4,157.5,164945,201.188
2,3,4,2,5,202.5,165639,140.284
2,3,4,2,6,247.5,167151,63.8672
2,3,4,2,7,292.5,167387,61.5158
2,3,4,2,8,337.5,168386,15.1427
2,3,4,3,1,22.5,135876,7.96598
2,3,4,3,2,67.5,135378,46.4934
2,3,4,3,3,112.5,134208,80.7972
2,3,4,3,4,157.5,133181,178.635
2,3,4,3,5,202.5,133738,124.787
2,3,4,3,6,247.5,135008,79.8607
2,3,4,3,7,292.5,134788,74.2966
2,3,4,3,8,337.5,137201,6.77914
2,3,4,4,1,22.5,110293,10.461
2,3,4,4,2,67.5,108674,60.0649
2,3,4,4,3,112.5,107404,65.205
2,3,4,4,4,157.5,106754,163.914
2,3,4,4,5,202.5,106898,105.871
2,3,4,4,6,247.5,108504,90.1576
2,3,4,4,7,292.5,109240,83.0104
2,3,4,4,8,337.5,110297,13.9633
2,3,4,5,1,22.5,158543,23.5599
2,3,4,5,2,67.5,157360,109.292
2,3,4,5,3,112.5,155595,87.2336
2,3,4,5,4,157.5,152499,191.408
2,3,4,5,5,202.5,152540,130.226
2,3,4,5,6,247.5,155351,141.032
2,3,4,5,7,292.5,158052,113.701
2,3,4,5,8,337.5,158716,22.6803
2,3,4,6,1,22.5,100403,21.5181
2,3,4,6,2,67.5,99721,105.904
2,3,4,6,3,112.5,97808,81.3192
2,3,4,6,4,157.5,96449,150.844
2,3,4,6,5,202.5,96346,103.94
2,3,4,6,6,247.5,97950,130.536
2,3,4,6,7,292.5,100196,90.2115
2,3,4,6,8,337.5,99642,20.8015
2,3,4,7,1,22.5,62833,20.5657
2,3,4,7,2,67.5,62731,90.4343
2,3,4,7,3,112.5,61444,73.6576
2,3,4,7,4,157.5,60027,116.069
2,3,4,7,5,202.5,60140,80.7691
2,3,4,7,6,247.5,61991,110.312
2,3,4,7,7,292.5,63720,67.6288
2,3,4,7,8,337.5,62728,25.6945
2,3,4,8,1,22.5,53322,32.1791
2,3,4,8,2,67.5,53248,83.1107
2,3,4,8,3,112.5,52016,75.0762
2,3,4,8,4,157.5,50986,102.701
2,3,4,8,5,202.5,50954,73.8685
2,3,4,8,6,247.5,51985,105.529
2,3,4,8,7,292.5,53759,63.3683
2,3,4,8,8,337.5,52714,37.1201
2,3,4,9,1,22.5,26635,33.6762
2,3,4,9,2,67.5,27058,57.0354
2,3,4,9,3,112.5,26581,58.0895
2,3,4,9,4,157.5,25389,66.241
2,3,4,9,5,202.5,25452,49.1988
2,3,4,9,6,247.5,26490,74.5625
2,3,4,9,7,292.5,26963,47.563
2,3,4,9,8,337.5,26672,32.0243
2,3,4,10,1,22.5,17077,32.5646
2,3,4,10,2,67.5,17155,46.1174
2,3,4,10,3,112.5,16725,46.3771
2,3,4,10,4,157.5,16095,46.5715
2,3,4,10,5,202.5,16141,34.9813
2,3,4,10,6,247.5,16501,56.9792
2,3,4,10,7,292.5,17006,42.3038
2,3,4,10,8,337.5,16755,27.6809
2,3,4,11,1,22.5,10632,28.0527
2,3,4,11,2,67.5,10652,33.9751
2,3,4,11,3,112.5,10519,34.7429
2,3,4,11,4,157.5,10130,27.897
2,3,4,11,5,202.5,10343,22.7799
2,3,4,11,6,247.5,10592,39.9118
2,3,4,11,7,292.5,10631,34.5919
2,3,4,11,8,337.5,10569,20.6223
2,3,5,1,1,22.5,117114,35.137
2,3,5,1,2,67.5,116243,58.7294
2,3,5,1,3,112.5,116787,110.138
2,3,5,1,4,157.5,116743,150.021
2,3,5,1,5,202.5,116704,117.442
2,3,5,1,6,247.5,117531,51.862
2,3,5,1,7,292.5,117578,30.032
2,3,5,1,8,337.5,116500,31.7259
2,3,5,2,1,22.5,97791,8.30462
2,3,5,2,2,67.5,97302,20.0785
2,3,5,2,3,112.5,96624,89.6518
2,3,5,2,4,157.5,96545,151.497
2,3,5,2,5,202.5,96112,104.608
2,3,5,2,6,247.5,96469,25.3673
2,3,5,2,7,292.5,97486,24.5215
2,3,5,2,8,337.5,97417,7.71246
2,3,5,3,1,22.5,80689,5.04676
2,3,5,3,2,67.5,79925,16.1335
2,3,5,3,3,112.5,79390,65.5104
2,3,5,3,4,157.5,79075,141.815
2,3,5,3,5,202.5,78849,96.8844
2,3,5,3,6,247.5,80163,36.1361
2,3,5,3,7,292.5,80044,42.0015
2,3,5,3,8,337.5,81057,0
2,3,5,4,1,22.5,66876,0
2,3,5,4,2,67.5,65845,24.0693
2,3,5,4,3,112.5,65237,52.2565
2,3,5,4,4,157.5,65036,128.046
2,3,5,4,5,202.5,64806,86.1373
2,3,5,4,6,247.5,65179,51.1435
2,3,5,4,7,292.5,66132,56.2911
2,3,5,4,8,337.5,66368,0
2,3,5,5,1,22.5,99334,0
2,3,5,5,2,67.5,97512,61.4782
2,3,5,5,3,112.5,96999,60.7924
2,3,5,5,4,157.5,96023,161.711
2,3,5,5,5,202.5,96306,109.058
2,3,5,5,6,247.5,97347,87.6622
2,3,5,5,7,292.5,98457,91.319
2,3,5,5,8,337.5,99024,7.43268
2,3,5,6,1,22.5,66084,6.22547
2,3,5,6,2,67.5,65292,76.8432
2,3,5,6,3,112.5,64268,53.8582
2,3,5,6,4,157.5,62672,127.239
2,3,5,6,5,202.5,63117,87.5898
2,3,5,6,6,247.5,64248,92.5143
2,3,5,6,7,292.5,65086,79.6517
2,3,5,6,8,337.5,66087,6.06022
2,3,5,7,1,22.5,43149,4.29412
2,3,5,7,2,67.5,42891,73.2693
2,3,5,7,3,112.5,41889,48.1456
2,3,5,7,4,157.5,41336,102.158
2,3,5,7,5,202.5,41196,69.1792
2,3,5,7,6,247.5,42215,85.6091
2,3,5,7,7,292.5,43402,62.3779
2,3,5,7,8,337.5,42800,6.20456
2,3,5,8,1,22.5,38119,9.43966
2,3,5,8,2,67.5,38190,74.0677
2,3,5,8,3,112.5,37173,55.4379
2,3,5,8,4,157.5,36292,95.5549
2,3,5,8,5,202.5,36376,66.8191
2,3,5,8,6,247.5,37568,87.0356
2,3,5,8,7,292.5,38182,54.2702
2,3,5,8,8,337.5,38186,14.3452
2,3,5,9,1,22.5,20186,14.1534
2,3,5,9,2,67.5,20294,52.5082
2,3,5,9,3,112.5,19296,43.7861
2,3,5,9,4,157.5,18942,67.7146
2,3,5,9,5,202.5,18803,46.9482
2,3,5,9,6,247.5,19582,64.9725
2,3,5,9,7,292.5,19812,36.7103
2,3,5,9,8,337.5,19523,19.5022
2,3,5,10,1,22.5,12568,19.7341
2,3,5,10,2,67.5,12290,39.3898
2,3,5,10,3,112.5,12004,38.9724
2,3,5,10,4,157.5,11599,50.8334
2,3,5,10,5,202.5,11582,37.1293
2,3,5,10,6,247.5,12175,51.6572
2,3,5,10,7,292.5,12311,30.3414
2,3,5,10,8,337.5,12275,21.0539
2,3,5,11,1,22.5,7097,20.7249
2,3,5,11,2,67.5,6875,29.0427
2,3,5,11,3,112.5,6733,30.9802
2,3,5,11,4,157.5,6446,34.8551
2,3,5,11,5,202.5,6627,26.4451
2,3,5,11,6,247.5,6958,39.6019
2,3,5,11,7,292.5,6949,25.7162
2,3,5,11,8,337.5,6795,18.5159
2,3,6,1,1,22.5,62043,32.4322
2,3,6,1,2,67.5,62331,51.6311
2,3,6,1,3,112.5,62110,88.8045
2,3,6,1,4,157.5,62161,109.514
2,3,6,1,5,202.5,62181,85.7703
2,3,6,1,6,247.5,62712,41.7706
2,3,6,1,7,292.5,62060,22.7057
2,3,6,1,8,337.5,62257,23.8487
2,3,6,2,1,22.5,51710,0
2,3,6,2,2,67.5,52986,19.9875
2,3,6,2,3,112.5,52225,72.9612
2,3,6,2,4,157.5,51832,110.532
2,3,6,2,5,202.5,51893,77.9049
2,3,6,2,6,247.5,52771,20.9323
2,3,6,2,7,292.5,52317,0
2,3,6,2,8,337.5,52683,0
2,3,6,3,1,22.5,44241,0
2,3,6,3,2,67.5,43753,4.69333
2,3,6,3,3,112.5,43338,56.9619
2,3,6,3,4,157.5,43414,107.999
2,3,6,3,5,202.5,42943,75.6585
2,3,6,3,6,247.5,43278,15.8343
2,3,6,3,7,292.5,44001,18.3457
2,3,6,3,8,337.5,44237,0
2,3,6,4,1,22.5,37285,0
2,3,6,4,2,67.5,36501,6.31898
2,3,6,4,3,112.5,36248,45.544
2,3,6,4,4,157.5,35554,96.3793
2,3,6,4,5,202.5,36056,65.9634
2,3,6,4,6,247.5,36094,23.8251
2,3,6,4,7,292.5,36643,32.3171
2,3,6,4,8,337.5,36525,0
2,3,6,5,1,22.5,56077,0
2,3,6,5,2,67.5,55998,25.0536
2,3,6,5,3,112.5,54565,51.6081
2,3,6,5,4,157.5,54492,123.688
2,3,6,5,5,202.5,54076,82.7899
2,3,6,5,6,247.5,55099,50.2294
2,3,6,5,7,292.5,55341,61.9936
2,3,6,5,8,337.5,56192,0
2,3,6,6,1,22.5,38284,0
2,3,6,6,2,67.5,37868,42.7368
2,3,6,6,3,112.5,36913,36.9983
2,3,6,6,4,157.5,36751,99.4895
2,3,6,6,5,202.5,36218,66.6535
2,3,6,6,6,247.5,37264,57.0375
2,3,6,6,7,292.5,37338,61.0261
2,3,6,6,8,337.5,38533,0
2,3,6,7,1,22.5,25840,0
2,3,6,7,2,67.5,25126,47.6898
2,3,6,7,3,112.5,24820,32.055
2,3,6,7,4,157.5,24475,81.4392
2,3,6,7,5,202.5,24533,55.797
2,3,6,7,6,247.5,24822,57.2731
2,3,6,7,7,292.5,25545,51.3999
2,3,6,7,8,337.5,25538,0
2,3,6,8,1,22.5,23022,0
2,3,6,8,2,67.5,22721,54.6525
2,3,6,8,3,112.5,22275,36.1882
2,3,6,8,4,157.5,21507,76.078
2,3,6,8,5,202.5,21522,51.4363
2,3,6,8,6,247.5,22270,60.9433
2,3,6,8,7,292.5,22743,47.6555
2,3,6,8,8,337.5,22958,0
2,3,6,9,1,22.5,11999,0
2,3,6,9,2,67.5,11802,40.3779
2,3,6,9,3,112.5,11152,29.194
2,3,6,9,4,157.5,10982,52.6305
2,3,6,9,5,202.5,11062,36.5339
2,3,6,9,6,247.5,11451,47.5243
2,3,6,9,7,292.5,11931,31.2079
2,3,6,9,8,337.5,11928,5.73561
2,3,6,10,1,22.5,7060,6.0781
2,3,6,10,2,67.5,7016,31.821
2,3,6,10,3,112.5,6861,24.8165
2,3,6,10,4,157.5,6657,43.5821
2,3,6,10,5,202.5,6551,27.9319
2,3,6,10,6,247.5,6693,37.5945
2,3,6,10,7,292.5,7043,21.8034
2,3,6,10,8,337.5,6804,9.74141
2,3,6,11,1,22.5,3049,7.16488
2,3,6,11,2,67.5,3200,20.5438
2,3,6,11,3,112.5,2995,19.5433
2,3,6,11,4,157.5,2886,25.8138
2,3,6,11,5,202.5,2835,18.1306
2,3,6,11,6,247.5,3092,26.5028
2,3,6,11,7,292.5,3177,15.1747
2,3,6,11,8,337.5,2937,9.24485
2,3,7,1,1,22.5,26432,26.438
2,3,7,1,2,67.5,26586,40.5413
2,3,7,1,3,112.5,26579,58.9797
2,3,7,1,4,157.5,26707,72.3782
2,3,7,1,5,202.5,27116,56.7801
2,3,7,1,6,247.5,26772,32.8751
2,3,7,1,7,292.5,26923,18.2627
2,3,7,1,8,337.5,26805,18.7834
2,3,7,2,1,22.5,21988,5.79727
2,3,7,2,2,67.5,22222,18.088
2,3,7,2,3,112.5,22001,51.2915
2,3,7,2,4,157.5,21768,74.0467
2,3,7,2,5,202.5,21961,53.3927
2,3,7,2,6,247.5,22043,13.0876
2,3,7,2,7,292.5,22391,0
2,3,7,2,8,337.5,21978,0
2,3,7,3,1,22.5,18847,0
2,3,7,3,2,67.5,18545,7.85094
2,3,7,3,3,112.5,18642,41.4392
2,3,7,3,4,157.5,18154,69.4344
2,3,7,3,5,202.5,18333,48.381
2,3,7,3,6,247.5,18572,8.40097
2,3,7,3,7,292.5,18671,0
2,3,7,3,8,337.5,18701,0
2,3,7,4,1,22.5,15527,0
2,3,7,4,2,67.5,15379,0
2,3,7,4,3,112.5,15248,34.2166
2,3,7,4,4,157.5,14994,63.5696
2,3,7,4,5,202.5,15167,44.2575
2,3,7,4,6,247.5,15388,11.6191
2,3,7,4,7,292.5,15287,14.4906
2,3,7,4,8,337.5,15540,0
2,3,7,5,1,22.5,23547,0
2,3,7,5,2,67.5,23255,6.43987
2,3,7,5,3,112.5,22847,37.7295
2,3,7,5,4,157.5,22287,82.4023
2,3,7,5,5,202.5,22619,54.3645
2,3,7,5,6,247.5,22711,23.104
2,3,7,5,7,292.5,22888,31.4392
2,3,7,5,8,337.5,23294,0
2,3,7,6,1,22.5,15618,0
2,3,7,6,2,67.5,15417,16.4492
2,3,7,6,3,112.5,14955,27.0104
2,3,7,6,4,157.5,14792,64.0701
2,3,7,6,5,202.5,14612,44.9882
2,3,7,6,6,247.5,14980,30.1194
2,3,7,6,7,292.5,15196,36.1788
2,3,7,6,8,337.5,15585,0
2,3,7,7,1,22.5,9970,0
2,3,7,7,2,67.5,9955,22.3656
2,3,7,7,3,112.5,9737,20.1682
2,3,7,7,4,157.5,9272,49.9441
2,3,7,7,5,202.5,9058,34.4541
2,3,7,7,6,247.5,9805,29.7117
2,3,7,7,7,292.5,9813,30.8898
2,3,7,7,8,337.5,10110,0
2,3,7,8,1,22.5,8047,0
2,3,7,8,2,67.5,7986,26.3178
2,3,7,8,3,112.5,7929,20.1268
2,3,7,8,4,157.5,7583,44.9225
2,3,7,8,5,202.5,7527,29.4029
2,3,7,8,6,247.5,7838,31.5983
2,3,7,8,7,292.5,8011,27.4591
2,3,7,8,8,337.5,8124,0
2,3,7,9,1,22.5,3301,0
2,3,7,9,2,67.5,3337,19.6827
2,3,7,9,3,112.5,3289,13.5288
2,3,7,9,4,157.5,3083,27.0796
2,3,7,9,5,202.5,3107,18.6106
2,3,7,9,6,247.5,3210,21.6053
2,3,7,9,7,292.5,3348,16.4385
2,3,7,9,8,337.5,3344,0
2,3,7,10,1,22.5,1317,0
2,3,7,10,2,67.5,1281,11.8781
2,3,7,10,3,112.5,1264,9.31044
2,3,7,10,4,157.5,1186,17.5402
2,3,7,10,5,202.5,1189,10.1153
2,3,7,10,6,247.5,1310,14.8333
2,3,7,10,7,292.5,1308,9.49162
2,3,7,10,8,337.5,1364,0
2,3,7,11,1,22.5,238,0
2,3,7,11,2,67.5,242,0
2,3,7,11,3,112.5,236,4.4309
2,3,7,11,4,157.5,220,7.24248
2,3,7,11,5,202.5,209,4.41976
2,3,7,11,6,247.5,231,4.88045
2,3,7,11,7,292.5,214,0
2,3,7,11,8,337.5,226,0
2,3,8,1,1,22.5,5484,11.3924
2,3,8,1,2,67.5,5479,17.8422
2,3,8,1,3,112.5,5296,25.9734
2,3,8,1,4,157.5,5372,31.1218
2,3,8,1,5,202.5,5385,25.1455
2,3,8,1,6,247.5,5601,13.7182
2,3,8,1,7,292.5,5305,7.75128
2,3,8,1,8,337.5,5430,9.46576
2,3,8,2,1,22.5,4133,0
2,3,8,2,2,67.5,4000,8.80708
2,3,8,2,3,112.5,4102,22.2654
2,3,8,2,4,157.5,3979,31.0406
2,3,8,2,5,202.5,4061,21.397
2,3,8,2,6,247.5,4033,6.69859
2,3,8,2,7,292.5,4195,0
2,3,8,2,8,337.5,4088,0
2,3,8,3,1,22.5,2895,0
2,3,8,3,2,67.5,2996,0
2,3,8,3,3,112.5,3031,16.8106
2,3,8,3,4,157.5,2990,26.0531
2,3,8,3,5,202.5,2915,17.5712
2,3,8,3,6,247.5,2990,4.26955
2,3,8,3,7,292.5,3030,0
2,3,8,3,8,337.5,2993,0
2,3,8,4,1,22.5,2219,0
2,3,8,4,2,67.5,2157,0
2,3,8,4,3,112.5,2187,12.2429
2,3,8,4,4,157.5,2153,22.285
2,3,8,4,5,202.5,2171,13.8267
2,3,8,4,6,247.5,2218,0
2,3,8,4,7,292.5,2215,0
2,3,8,4,8,337.5,2208,0
2,3,8,5,1,22.5,2443,0
2,3,8,5,2,67.5,2438,0
2,3,8,5,3,112.5,2438,13.4679
2,3,8,5,4,157.5,2373,24.01
2,3,8,5,5,202.5,2451,15.1558
2,3,8,5,6,247.5,2369,5.30173
2,3,8,5,7,292.5,2378,5.747
2,3,8,5,8,337.5,2541,0
2,3,8,6,1,22.5,1018,0
2,3,8,6,2,67.5,1034,0
2,3,8,6,3,112.5,974,6.36542
2,3,8,6,4,157.5,930,15.6757
2,3,8,6,5,202.5,975,7.92166
2,3,8,6,6,247.5,991,4.69237
2,3,8,6,7,292.5,1077,0
2,3,8,6,8,337.5,1084,0
2,3,8,7,1,22.5,366,0
2,3,8,7,2,67.5,358,0
2,3,8,7,3,112.5,306,3.49836
2,3,8,7,4,157.5,335,7.14362
2,3,8,7,5,202.5,330,0
2,3,8,7,6,247.5,326,0
2,3,8,7,7,292.5,336,0
2,3,8,7,8,337.5,345,0
2,3,8,8,1,22.5,97,0
2,3,8,8,2,67.5,110,0
2,3,8,8,3,112.5,110,0
2,3,8,8,4,157.5,101,0
2,3,8,8,5,202.5,93,0
2,3,8,8,6,247.5,97,0
2,3,8,8,7,292.5,94,0
2,3,8,8,8,337.5,105,0
2,3,8,9,1,22.5,5,0
2,3,8,9,2,67.5,3,0
2,3,8,9,3,112.5,4,0
2,3,8,9,4,157.5,2,0
2,3,8,9,5,202.5,5,0
2,3,8,9,6,247.5,3,0
2,3,8,9,7,292.5,3,0
2,3,8,9,8,337.5,3,0
2,3,8,10,1,22.5,0,0
2,3,8,10,2,67.5,0,0
2,3,8,10,3,112.5,0,0
2,3,8,10,4,157.5,0,0
2,3,8,10,5,202.5,0,0
2,3,8,10,6,247.5,0,0
2,3,8,10,7,292.5,0,0
2,3,8,10,8,337.5,0,0
2,3,8,11,1,22.5,0,0
2,3,8,11,2,67.5,0,0
2,3,8,11,3,112.5,0,0
2,3,8,11,4,157.5,0,0
2,3,8,11,5,202.5,0,0
2,3,8,11,6,247.5,0,0
2,3,8,11,7,292.5,0,0
2,3,8,11,8,337.5,0,0
3,4,1,1,1,22.5,6.54046e+06,42.9103
3,4,1,1,2,67.5,6.55001e+06,95.8763
3,4,1,1,3,112.5,6.54397e+06,130.302
3,4,1,1,4,157.5,6.53183e+06,75.6007
3,4,1,1,5,202.5,6.53567e+06,135.105
3,4,1,1,6,247.5,6.54036e+06,156.779
3,4,1,1,7,292.5,6.54513e+06,73.2594
3,4,1,1,8,337.5,6.54392e+06,38.0731
3,4,1,2,1,22.5,2.71726e+06,25.4187
3,4,1,2,2,67.5,2.7175e+06,47.7174
3,4,1,2,3,112.5,2.7152e+06,70.4236
3,4,1,2,4,157.5,2.70193e+06,64.2957
3,4,1,2,5,202.5,2.7018e+06,57.9055
3,4,1,2,6,247.5,2.71389e+06,61.7113
3,4,1,2,7,292.5,2.72436e+06,68.3251
3,4,1,2,8,337.5,2.72397e+06,21.6196
3,4,1,3,1,22.5,1.35172e+06,16.6945
3,4,1,3,2,67.5,1.35364e+06,45.7201
3,4,1,3,3,112.5,1.34385e+06,39.1171
3,4,1,3,4,157.5,1.33511e+06,32.2658
3,4,1,3,5,202.5,1.33779e+06,28.4904
3,4,1,3,6,247.5,1.34973e+06,39.2196
3,4,1,3,7,292.5,1.35252e+06,45.2326
3,4,1,3,8,337.5,1.3558e+06,12.0286
3,4,1,4,1,22.5,735603,13.9706
3,4,1,4,2,67.5,735520,33.6645
3,4,1,4,3,112.5,732273,23.6112
3,4,1,4,4,157.5,726365,12.1429
3,4,1,4,5,202.5,726256,12.4524
3,4,1,4,6,247.5,734124,24.8327
3,4,1,4,7,292.5,738690,31.4779
3,4,1,4,8,337.5,736796,14.1289
3,4,1,5,1,22.5,676951,14.4919
3,4,1,5,2,67.5,677941,24.5128
3,4,1,5,3,112.5,673513,14.3157
3,4,1,5,4,157.5,666494,4.37277
3,4,1,5,5,202.5,668619,7.28341
3,4,1,5,6,247.5,674534,17.3842
3,4,1,5,7,292.5,676677,23.3467
3,4,1,5,8,337.5,675601,13.8307
3,4,1,6,1,22.5,245439,4.95307
3,4,1,6,2,67.5,246259,5.8828
3,4,1,6,3,112.5,243581,0
3,4,1,6,4,157.5,240982,0
3,4,1,6,5,202.5,240933,0
3,4,1,6,6,247.5,244423,0
3,4,1,6,7,292.5,245709,0
3,4,1,6,8,337.5,245139,4.98655
3,4,1,7,1,22.5,88745,0
3,4,1,7,2,67.5,88618,0
3,4,1,7,3,112.5,88400,0
3,4,1,7,4,157.5,86658,0
3,4,1,7,5,202.5,86946,0
3,4,1,7,6,247.5,88283,0
3,4,1,7,7,292.5,88605,0
3,4,1,7,8,337.5,88191,0
3,4,1,8,1,22.5,34444,0
3,4,1,8,2,67.5,34486,0
3,4,1,8,3,112.5,34032,0
3,4,1,8,4,157.5,33263,0
3,4,1,8,5,202.5,33734,0
3,4,1,8,6,247.5,34462,0
3,4,1,8,7,292.5,34688,0
3,4,1,8,8,337.5,34790,0
3,4,1,9,1,22.5,4500,0
3,4,1,9,2,67.5,4453,0
3,4,1,9,3,112.5,4415,0
3,4,1,9,4,157.5,4213,0
3,4,1,9,5,202.5,4273,0
3,4,1,9,6,247.5,4454,0
3,4,1,9,7,292.5,4461,0
3,4,1,9,8,337.5,4433,0
3,4,1,10,1,22.5,270,0
3,4,1,10,2,67.5,276,0
3,4,1,10,3,112.5,245,0
3,4,1,10,4,157.5,279,0
3,4,1,10,5,202.5,250,0
3,4,1,10,6,247.5,264,0
3,4,1,10,7,292.5,304,0
3,4,1,10,8,337.5,309,0
3,4,1,11,1,22.5,0,0
3,4,1,11,2,67.5,0,0
3,4,1,11,3,112.5,0,0
3,4,1,11,4,157.5,0,0
3,4,1,11,5,202.5,1,0
3,4,1,11,6,247.5,0,0
3,4,1,11,7,292.5,0,0
3,4,1,11,8,337.5,1,0
3,4,2,1,1,22.5,668187,167.872
3,4,2,1,2,67.5,668632,274.826
3,4,2,1,3,112.5,666019,272.387
3,4,2,1,4,157.5,664511,303.071
3,4,2,1,5,202.5,664806,267.245
3,4,2,1,6,247.5,667184,283.798
3,4,2,1,7,292.5,667794,297.83
3,4,2,1,8,337.5,667933,135.714
3,4,2,2,1,22.5,509723,51.9049
3,4,2,2,2,67.5,509339,148.036
3,4,2,2,3,112.5,505634,187.392
3,4,2,2,4,157.5,503154,258.393
3,4,2,2,5,202.5,504485,199.416
3,4,2,2,6,247.5,507212,196.08
3,4,2,2,7,292.5,511954,139.784
3,4,2,2,8,337.5,511209,57.7261
3,4,2,3,1,22.5,380166,66.3745
3,4,2,3,2,67.5,380456,134.297
3,4,2,3,3,112.5,377493,136.053
3,4,2,3,4,157.5,373807,167.237
3,4,2,3,5,202.5,374937,139.643
3,4,2,3,6,247.5,378208,158.482
3,4,2,3,7,292.5,380058,147.904
3,4,2,3,8,337.5,382023,54.0396
3,4,2,4,1,22.5,281250,59.3114
3,4,2,4,2,67.5,280218,126.001
3,4,2,4,3,112.5,277328,110.558
3,4,2,4,4,157.5,273627,111.097
3,4,2,4,5,202.5,275243,90.9255
3,4,2,4,6,247.5,278299,126.139
3,4,2,4,7,292.5,280374,121.641
3,4,2,4,8,337.5,280299,43.3869
3,4,2,5,1,22.5,361804,65.3607
3,4,2,5,2,67.5,359706,138.582
3,4,2,5,3,112.5,354783,111.316
3,4,2,5,4,157.5,351973,85.6475
3,4,2,5,5,202.5,352568,74.4073
3,4,2,5,6,247.5,356447,133.038
3,4,2,5,7,292.5,359698,128.634
3,4,2,5,8,337.5,360506,60.7097
3,4,2,6,1,22.5,203152,52.839
3,4,2,6,2,67.5,202673,83.1959
3,4,2,6,3,112.5,200307,63.1487
3,4,2,6,4,157.5,197592,34.5004
3,4,2,6,5,202.5,197914,31.5814
3,4,2,6,6,247.5,201034,69.4375
3,4,2,6,7,292.5,203019,78.0699
3,4,2,6,8,337.5,203588,47.6415
3,4,2,7,1,22.5,118400,33.9753
3,4,2,7,2,67.5,117730,44.7044
3,4,2,7,3,112.5,116134,31.644
3,4,2,7,4,157.5,114905,9.19824
3,4,2,7,5,202.5,115305,8.592
3,4,2,7,6,247.5,117194,34.3978
3,4,2,7,7,292.5,118743,44.6236
3,4,2,7,8,337.5,118569,30.8159
3,4,2,8,1,22.5,90989,20.301
3,4,2,8,2,67.5,90521,24.127
3,4,2,8,3,112.5,89987,18.4527
3,4,2,8,4,157.5,87760,9.17426
3,4,2,8,5,202.5,88391,9.1331
3,4,2,8,6,247.5,90191,15.7053
3,4,2,8,7,292.5,91307,25.4996
3,4,2,8,8,337.5,91238,17.3448
3,4,2,9,1,22.5,34722,4.96087
3,4,2,9,2,67.5,34856,4.42326
3,4,2,9,3,112.5,34425,0
3,4,2,9,4,157.5,33675,0
3,4,2,9,5,202.5,34075,0
3,4,2,9,6,247.5,34871,2.6322
3,4,2,9,7,292.5,34893,0
3,4,2,9,8,337.5,35006,3.91246
3,4,2,10,1,22.5,11424,0
3,4,2,10,2,67.5,11538,0
3,4,2,10,3,112.5,11518,0
3,4,2,10,4,157.5,10922,0
3,4,2,10,5,202.5,11072,0
3,4,2,10,6,247.5,11274,0
3,4,2,10,7,292.5,11722,0
3,4,2,10,8,337.5,11668,0
3,4,2,11,1,22.5,1412,0
3,4,2,11,2,67.5,1399,0
3,4,2,11,3,112.5,1325,0
3,4,2,11,4,157.5,1306,0
3,4,2,11,5,202.5,1283,0
3,4,2,11,6,247.5,1385,0
3,4,2,11,7,292.5,1384,0
3,4,2,11,8,337.5,1335,0
3,4,3,1,1,22.5,321742,93.3813
3,4,3,1,2,67.5,322267,152.752
3,4,3,1,3,112.5,322536,181.881
3,4,3,1,4,157.5,320836,297.49
3,4,3,1,5,202.5,321706,271.336
3,4,3,1,6,247.5,322151,174.84
3,4,3,1,7,292.5,323256,172.72
3,4,3,1,8,337.5,322460,112.856
3,4,3,2,1,22.5,257983,41.6345
3,4,3,2,2,67.5,257281,116.448
3,4,3,2,3,112.5,256124,134.428
3,4,3,2,4,157.5,254221,250.937
3,4,3,2,5,202.5,255329,190.521
3,4,3,2,6,247.5,256676,132.269
3,4,3,2,7,292.5,257053,114.453
3,4,3,2,8,337.5,257931,33.43
3,4,3,3,1,22.5,203019,28.4878
3,4,3,3,2,67.5,203360,93.9659
3,4,3,3,3,112.5,202196,111.598
3,4,3,3,4,157.5,200228,193.779
3,4,3,3,5,202.5,200394,148.194
3,4,3,3,6,247.5,201412,126.263
3,4,3,3,7,292.5,203184,115.491
3,4,3,3,8,337.5,203368,39.1739
3,4,3,4,1,22.5,158208,41.6763
3,4,3,4,2,67.5,157864,105.175
3,4,3,4,3,112.5,156565,97.1315
3,4,3,4,4,157.5,155135,155.813
3,4,3,4,5,202.5,155175,119.544
3,4,3,4,6,247.5,157435,124.182
3,4,3,4,7,292.5,158485,116.691
3,4,3,4,8,337.5,159113,43.4457
3,4,3,5,1,22.5,217264,59.2129
3,4,3,5,2,67.5,216987,150.844
3,4,3,5,3,112.5,213730,121.593
3,4,3,5,4,157.5,211264,168.887
3,4,3,5,5,202.5,211792,128.718
3,4,3,5,6,247.5,214741,164.372
3,4,3,5,7,292.5,218025,136.979
3,4,3,5,8,337.5,217561,51.2684
3,4,3,6,1,22.5,128796,48.5845
3,4,3,6,2,67.5,128719,117.77
3,4,3,6,3,112.5,125923,98.0183
3,4,3,6,4,157.5,124718,98.3493
3,4,3,6,5,202.5,124092,75.6123
3,4,3,6,6,247.5,126775,125.673
3,4,3,6,7,292.5,129127,97.7989
3,4,3,6,8,337.5,128149,45.6496
3,4,3,7,1,22.5,76464,46.0653
3,4,3,7,2,67.5,76409,85.096
3,4,3,7,3,112.5,75029,71.2684
3,4,3,7,4,157.5,74079,56.3131
3,4,3,7,5,202.5,73974,43.7981
3,4,3,7,6,247.5,75439,87.6737
3,4,3,7,7,292.5,76849,71.7294
3,4,3,7,8,337.5,76819,47.2379
3,4,3,8,1,22.5,63664,49.1902
3,4,3,8,2,67.5,62999,68.6675
3,4,3,8,3,112.5,62247,57.1379
3,4,3,8,4,157.5,60570,38.7944
3,4,3,8,5,202.5,60825,26.8459
3,4,3,8,6,247.5,62046,64.8199
3,4,3,8,7,292.5,63270,64.6974
3,4,3,8,8,337.5,63736,45.5977
3,4,3,9,1,22.5,30959,31.8431
3,4,3,9,2,67.5,31255,38.8497
3,4,3,9,3,112.5,30222,28.4552
3,4,3,9,4,157.5,29524,15.629
3,4,3,9,5,202.5,29628,10.3567
3,4,3,9,6,247.5,30282,31.2282
3,4,3,9,7,292.5,30839,38.2289
3,4,3,9,8,337.5,31113,27.2146
3,4,3,10,1,22.5,16781,19.2153
3,4,3,10,2,67.5,17067,19.784
3,4,3,10,3,112.5,16485,14.4317
3,4,3,10,4,157.5,15786,0
3,4,3,10,5,202.5,16024,0
3,4,3,10,6,247.5,16655,15.7925
3,4,3,10,7,292.5,17027,21.3472
3,4,3,10,8,337.5,16800,14.4514
3,4,3,11,1,22.5,5095,5.48716
3,4,3,11,2,67.5,5002,5.65056
3,4,3,11,3,112.5,5069,0
3,4,3,11,4,157.5,4762,0
3,4,3,11,5,202.5,4892,0
3,4,3,11,6,247.5,5036,0
3,4,3,11,7,292.5,4925,6.12339
3,4,3,11,8,337.5,5062,0
3,4,4,1,1,22.5,188228,70.3433
3,4,4,1,2,67.5,188258,99.7577
3,4,4,1,3,112.5,187911,168.515
3,4,4,1,4,157.5,188096,225.845
3,4,4,1,5,202.5,188223,177.538
3,4,4,1,6,247.5,188339,93.565
3,4,4,1,7,292.5,188053,84.3777
3,4,4,1,8,337.5,187742,78.3976
3,4,4,2,1,22.5,154361,36.5612
3,4,4,2,2,67.5,153887,65.145
3,4,4,2,3,112.5,153816,108.112
3,4,4,2,4,157.5,152815,198.343
3,4,4,2,5,202.5,152643,150.229
3,4,4,2,6,247.5,152323,70.5429
3,4,4,2,7,292.5,154789,70.041
3,4,4,2,8,337.5,154386,35.2956
3,4,4,3,1,22.5,125393,20.7911
3,4,4,3,2,67.5,124725,58.06
3,4,4,3,3,112.5,123735,83.6848
3,4,4,3,4,157.5,123133,168.663
3,4,4,3,5,202.5,122885,124.265
3,4,4,3,6,247.5,123634,72.7034
3,4,4,3,7,292.5,124779,79.9518
3,4,4,3,8,337.5,125298,17.0633
3,4,4,4,1,22.5,100917,16.0322
3,4,4,4,2,67.5,100683,65.5292
3,4,4,4,3,112.5,99427,67.5033
3,4,4,4,4,157.5,98270,148.825
3,4,4,4,5,202.5,97843,109.56
3,4,4,4,6,247.5,99685,80.4843
3,4,4,4,7,292.5,100534,93.5082
3,4,4,4,8,337.5,101342,19.3607
3,4,4,5,1,22.5,143660,30.2132
3,4,4,5,2,67.5,143935,113.343
3,4,4,5,3,112.5,141517,86.6797
3,4,4,5,4,157.5,139807,175.734
3,4,4,5,5,202.5,139755,129.496
3,4,4,5,6,247.5,142077,124.132
3,4,4,5,7,292.5,143404,128.241
3,4,4,5,8,337.5,143961,33.1764
3,4,4,6,1,22.5,89704,28.7902
3,4,4,6,2,67.5,89602,108.35
3,4,4,6,3,112.5,87560,74.7604
3,4,4,6,4,157.5,86599,126.296
3,4,4,6,5,202.5,86223,94.2793
3,4,4,6,6,247.5,87931,113.166
3,4,4,6,7,292.5,90108,97.2162
3,4,4,6,8,337.5,89575,25.7203
3,4,4,7,1,22.5,55155,23.5063
3,4,4,7,2,67.5,55109,86.6986
3,4,4,7,3,112.5,53906,66.3808
3,4,4,7,4,157.5,53502,88.4969
3,4,4,7,5,202.5,53306,66.9604
3,4,4,7,6,247.5,54358,94.2448
3,4,4,7,7,292.5,56135,69.7235
3,4,4,7,8,337.5,55490,25.2894
3,4,4,8,1,22.5,46669,31.5523
3,4,4,8,2,67.5,46229,78.3291
3,4,4,8,3,112.5,45162,64.5889
3,4,4,8,4,157.5,43502,70.183
3,4,4,8,5,202.5,43929,51.6585
3,4,4,8,6,247.5,45204,88.4818
3,4,4,8,7,292.5,45838,60.8053
3,4,4,8,8,337.5,45784,35.5105
3,4,4,9,1,22.5,22389,28.4581
3,4,4,9,2,67.5,21939,51.0837
3,4,4,9,3,112.5,21588,44.5475
3,4,4,9,4,157.5,20758,37.4668
3,4,4,9,5,202.5,21124,27.7401
3,4,4,9,6,247.5,21889,53.8486
3,4,4,9,7,292.5,22547,40.6037
3,4,4,9,8,337.5,22114,30.513
3,4,4,10,1,22.5,12413,25.4954
3,4,4,10,2,67.5,12564,34.4702
3,4,4,10,3,112.5,11993,29.3921
3,4,4,10,4,157.5,11446,17.1417
3,4,4,10,5,202.5,11454,14.5508
3,4,4,10,6,247.5,12157,35.6835
3,4,4,10,7,292.5,12365,30.3124
3,4,4,10,8,337.5,12396,24.4352
3,4,4,11,1,22.5,4569,17.9769
3,4,4,11,2,67.5,4690,20.1641
3,4,4,11,3,112.5,4543,18.5519
3,4,4,11,4,157.5,4339,5.0894
3,4,4,11,5,202.5,4253,0
3,4,4,11,6,247.5,4423,18.1814
3,4,4,11,7,292.5,4591,19.2451
3,4,4,11,8,337.5,4607,14.0529
3,4,5,1,1,22.5,111138,70.2448
3,4,5,1,2,67.5,112011,94.8529
3,4,5,1,3,112.5,112271,136.575
3,4,5,1,4,157.5,112070,166.58
3,4,5,1,5,202.5,112014,138.317
3,4,5,1,6,247.5,111563,73.9435
3,4,5,1,7,292.5,111965,52.6983
3,4,5,1,8,337.5,112448,50.6349
3,4,5,2,1,22.5,91918,22.4426
3,4,5,2,2,67.5,93243,34.3219
3,4,5,2,3,112.5,92393,97.9039
3,4,5,2,4,157.5,91851,155.626
3,4,5,2,5,202.5,91723,121.104
3,4,5,2,6,247.5,92123,37.3307
3,4,5,2,7,292.5,91855,29.4831
3,4,5,2,8,337.5,91743,20.3341
3,4,5,3,1,22.5,75781,14.9532
3,4,5,3,2,67.5,76139,23.5676
3,4,5,3,3,112.5,75590,70.488
3,4,5,3,4,157.5,74821,139.884
3,4,5,3,5,202.5,74754,106.647
3,4,5,3,6,247.5,75294,34.0311
3,4,5,3,7,292.5,75291,44.9533
3,4,5,3,8,337.5,76076,13.1642
3,4,5,4,1,22.5,61960,8.86675
3,4,5,4,2,67.5,61883,29.542
3,4,5,4,3,112.5,61125,56.616
3,4,5,4,4,157.5,60738,124.601
3,4,5,4,5,202.5,60297,92.9752
3,4,5,4,6,247.5,61603,42.9741
3,4,5,4,7,292.5,62271,62.2172
3,4,5,4,8,337.5,61744,7.84235
3,4,5,5,1,22.5,91715,12.7958
3,4,5,5,2,67.5,91400,68.516
3,4,5,5,3,112.5,89941,62.5128
3,4,5,5,4,157.5,88819,148.329
3,4,5,5,5,202.5,89216,112.527
3,4,5,5,6,247.5,90839,76.7679
3,4,5,5,7,292.5,91848,100.379
3,4,5,5,8,337.5,92498,13.932
3,4,5,6,1,22.5,60510,13.9075
3,4,5,6,2,67.5,59965,80.0763
3,4,5,6,3,112.5,59168,51.6465
3,4,5,6,4,157.5,57816,116.314
3,4,5,6,5,202.5,57821,86.027
3,4,5,6,6,247.5,59308,80.1585
3,4,5,6,7,292.5,60343,90.0428
3,4,5,6,8,337.5,60807,12.8191
3,4,5,7,1,22.5,38927,12.4257
3,4,5,7,2,67.5,39093,74.3487
3,4,5,7,3,112.5,37516,45.9421
3,4,5,7,4,157.5,36959,89.2567
3,4,5,7,5,202.5,37086,65.688
3,4,5,7,6,247.5,37888,73.6105
3,4,5,7,7,292.5,38692,69.3513
3,4,5,7,8,337.5,39072,9.37315
3,4,5,8,1,22.5,32642,10.3439
3,4,5,8,2,67.5,32653,71.2364
3,4,5,8,3,112.5,31679,48.6287
3,4,5,8,4,157.5,30890,76.8607
3,4,5,8,5,202.5,30778,57.5223
3,4,5,8,6,247.5,31942,74.1146
3,4,5,8,7,292.5,32637,57.6747
3,4,5,8,8,337.5,32523,14.7893
3,4,5,9,1,22.5,15376,12.8702
3,4,5,9,2,67.5,15339,45.9928
3,4,5,9,3,112.5,14892,37.1081
3,4,5,9,4,157.5,14345,47.1433
3,4,5,9,5,202.5,14578,35.4538
3,4,5,9,6,247.5,14741,52.5998
3,4,5,9,7,292.5,15439,35.3298
3,4,5,9,8,337.5,15227,16.8159
3,4,5,10,1,22.5,7796,13.3846
3,4,5,10,2,67.5,7588,31.7059
3,4,5,10,3,112.5,7551,28.818
3,4,5,10,4,157.5,7257,29.4248
3,4,5,10,5,202.5,7477,22.9384
3,4,5,10,6,247.5,7591,36.6647
3,4,5,10,7,292.5,7772,24.4918
3,4,5,10,8,337.5,7807,17.0331
3,4,5,11,1,22.5,2339,9.38774
3,4,5,11,2,67.5,2383,15.8186
3,4,5,11,3,112.5,2365,17.0271
3,4,5,11,4,157.5,2222,15.0749
3,4,5,11,5,202.5,2181,12.8916
3,4,5,11,6,247.5,2389,22.7508
3,4,5,11,7,292.5,2339,13.4144
3,4,5,11,8,337.5,2432,10.6967
3,4,6,1,1,22.5,60564,62.5285
3,4,6,1,2,67.5,60607,79.43
3,4,6,1,3,112.5,61095,103.595
3,4,6,1,4,157.5,60528,121.998
3,4,6,1,5,202.5,60668,104.113
3,4,6,1,6,247.5,61276,61.7785
3,4,6,1,7,292.5,60722,40.9906
3,4,6,1,8,337.5,61083,46.0385
3,4,6,2,1,22.5,50404,19.3297
3,4,6,2,2,67.5,50617,32.8876
3,4,6,2,3,112.5,50758,79.2407
3,4,6,2,4,157.5,50241,116.343
3,4,6,2,5,202.5,50340,88.625
3,4,6,2,6,247.5,50776,29.986
3,4,6,2,7,292.5,50687,6.98145
3,4,6,2,8,337.5,50520,10.6491
3,4,6,3,1,22.5,41931,3.53433
3,4,6,3,2,67.5,41842,11.8507
3,4,6,3,3,112.5,41590,61.4245
3,4,6,3,4,157.5,41407,104.675
3,4,6,3,5,202.5,41191,79.2558
3,4,6,3,6,247.5,41559,21.2567
3,4,6,3,7,292.5,42451,18.7156
3,4,6,3,8,337.5,41886,5.82535
3,4,6,4,1,22.5,34513,0
3,4,6,4,2,67.5,34849,8.36133
3,4,6,4,3,112.5,34019,45.9597
3,4,6,4,4,157.5,33754,93.8043
3,4,6,4,5,202.5,33664,69.6145
3,4,6,4,6,247.5,34317,19.9486
3,4,6,4,7,292.5,34396,32.652
3,4,6,4,8,337.5,34665,0
3,4,6,5,1,22.5,50988,6.1189
3,4,6,5,2,67.5,50939,26.9203
3,4,6,5,3,112.5,50207,49.9042
3,4,6,5,4,157.5,49342,115.888
3,4,6,5,5,202.5,49146,84.5552
3,4,6,5,6,247.5,50168,41.6917
3,4,6,5,7,292.5,50834,63.6893
3,4,6,5,8,337.5,51294,8.98296
3,4,6,6,1,22.5,33000,6.79519
3,4,6,6,2,67.5,32997,45.3893
3,4,6,6,3,112.5,32284,36.7566
3,4,6,6,4,157.5,31721,90.6815
3,4,6,6,5,202.5,31571,67.7135
3,4,6,6,6,247.5,32645,47.6475
3,4,6,6,7,292.5,33280,65.6536
3,4,6,6,8,337.5,33267,7.88628
3,4,6,7,1,22.5,20865,6.54807
3,4,6,7,2,67.5,20774,48.142
3,4,6,7,3,112.5,20003,28.8088
3,4,6,7,4,157.5,19378,70.1451
3,4,6,7,5,202.5,19587,51.0197
3,4,6,7,6,247.5,20183,45.9567
3,4,6,7,7,292.5,20822,54.1781
3,4,6,7,8,337.5,20859,0
3,4,6,8,1,22.5,16923,5.8728
3,4,6,8,2,67.5,16561,49.7217
3,4,6,8,3,112.5,16304,28.5774
3,4,6,8,4,157.5,15677,61.0278
3,4,6,8,5,202.5,15733,46.369
3,4,6,8,6,247.5,16270,49.2535
3,4,6,8,7,292.5,16350,45.4335
3,4,6,8,8,337.5,16800,0
3,4,6,9,1,22.5,6955,0
3,4,6,9,2,67.5,6882,31.5276
3,4,6,9,3,112.5,6682,22.0382
3,4,6,9,4,157.5,6325,37.3091
3,4,6,9,5,202.5,6405,28.1152
3,4,6,9,6,247.5,6746,33.1249
3,4,6,9,7,292.5,6964,27.1608
3,4,6,9,8,337.5,7084,0
3,4,6,10,1,22.5,2679,0
3,4,6,10,2,67.5,2687,20.1024
3,4,6,10,3,112.5,2518,14.0156
3,4,6,10,4,157.5,2463,23.4033
3,4,6,10,5,202.5,2435,15.968
3,4,6,10,6,247.5,2636,22.2661
3,4,6,10,7,292.5,2586,15.4773
3,4,6,10,8,337.5,2600,5.22796
3,4,6,11,1,22.5,423,0
3,4,6,11,2,67.5,421,7.48366
3,4,6,11,3,112.5,413,4.84306
3,4,6,11,4,157.5,431,9.02346
3,4,6,11,5,202.5,411,5.00068
3,4,6,11,6,247.5,408,9.83837
3,4,6,11,7,292.5,422,4.01425
3,4,6,11,8,337.5,432,3.22134
3,4,7,1,1,22.5,23667,44.2937
3,4,7,1,2,67.5,23600,56.6706
3,4,7,1,3,112.5,23881,70.4902
3,4,7,1,4,157.5,23971,79.1395
3,4,7,1,5,202.5,24058,67.3541
3,4,7,1,6,247.5,23869,42.4755
3,4,7,1,7,292.5,24068,30.3426
3,4,7,1,8,337.5,24072,34.1516
3,4,7,2,1,22.5,19099,17.8431
3,4,7,2,2,67.5,19324,27.2084
3,4,7,2,3,112.5,19219,55.6341
3,4,7,2,4,157.5,19290,74.2799
3,4,7,2,5,202.5,19296,57.9921
3,4,7,2,6,247.5,19283,21.0214
3,4,7,2,7,292.5,19210,0
3,4,7,2,8,337.5,19617,9.10633
3,4,7,3,1,22.5,15301,4.44275
3,4,7,3,2,67.5,15485,12.339
3,4,7,3,3,112.5,15126,41.2566
3,4,7,3,4,157.5,15046,64.4937
3,4,7,3,5,202.5,15174,51.4466
3,4,7,3,6,247.5,15411,13.0837
3,4,7,3,7,292.5,15701,0
3,4,7,3,8,337.5,15181,0
3,4,7,4,1,22.5,11972,0
3,4,7,4,2,67.5,11965,4.26791
3,4,7,4,3,112.5,12006,32.3218
3,4,7,4,4,157.5,11843,57.6989
3,4,7,4,5,202.5,11943,43.597
3,4,7,4,6,247.5,12053,8.73638
3,4,7,4,7,292.5,12196,11.4933
3,4,7,4,8,337.5,12110,0
3,4,7,5,1,22.5,16483,0
3,4,7,5,2,67.5,16547,5.54434
3,4,7,5,3,112.5,16158,36.3189
3,4,7,5,4,157.5,16384,69.0492
3,4,7,5,5,202.5,16142,50.8284
3,4,7,5,6,247.5,16383,17.1049
3,4,7,5,7,292.5,16511,27.1581
3,4,7,5,8,337.5,16727,0
3,4,7,6,1,22.5,9400,0
3,4,7,6,2,67.5,9344,13.9646
3,4,7,6,3,112.5,9182,22.9636
3,4,7,6,4,157.5,8893,49.1367
3,4,7,6,5,202.5,9000,37.2665
3,4,7,6,6,247.5,9048,21.4715
3,4,7,6,7,292.5,9116,28.4715
3,4,7,6,8,337.5,9202,0
3,4,7,7,1,22.5,4659,0
3,4,7,7,2,67.5,4640,16.0503
3,4,7,7,3,112.5,4585,13.1739
3,4,7,7,4,157.5,4489,34.4449
3,4,7,7,5,202.5,4471,24.3965
3,4,7,7,6,247.5,4532,18.5085
3,4,7,7,7,292.5,4426,23.5908
3,4,7,7,8,337.5,4734,0
3,4,7,8,1,22.5,2494,0
3,4,7,8,2,67.5,2535,14.0639
3,4,7,8,3,112.5,2614,10.6874
3,4,7,8,4,157.5,2382,24.0798
3,4,7,8,5,202.5,2339,16.9665
3,4,7,8,6,247.5,2492,15.4417
3,4,7,8,7,292.5,2581,18.6293
3,4,7,8,8,337.5,2597,0
3,4,7,9,1,22.5,554,0
3,4,7,9,2,67.5,565,7.287
3,4,7,9,3,112.5,532,0
3,4,7,9,4,157.5,488,10.1599
3,4,7,9,5,202.5,517,7.78162
3,4,7,9,6,247.5,546,5.56022
3,4,7,9,7,292.5,569,8.27533
3,4,7,9,8,337.5,550,0
3,4,7,10,1,22.5,61,0
3,4,7,10,2,67.5,85,0
3,4,7,10,3,112.5,60,0
3,4,7,10,4,157.5,53,0
3,4,7,10,5,202.5,56,0
3,4,7,10,6,247.5,56,0
3,4,7,10,7,292.5,69,0
3,4,7,10,8,337.5,63,0
3,4,7,11,1,22.5,0,0
3,4,7,11,2,67.5,0,0
3,4,7,11,3,112.5,0,0
3,4,7,11,4,157.5,1,0
3,4,7,11,5,202.5,0,0
3,4,7,11,6,247.5,0,0
3,4,7,11,7,292.5,0,0
3,4,7,11,8,337.5,0,0
3,4,8,1,1,22.5,2209,10.9969
3,4,8,1,2,67.5,2217,13.6535
3,4,8,1,3,112.5,2148,19.9128
3,4,8,1,4,157.5,2182,22.6958
3,4,8,1,5,202.5,2142,16.2444
3,4,8,1,6,247.5,2209,12.0007
3,4,8,1,7,292.5,2242,8.19836
3,4,8,1,8,337.5,2202,9.58809
3,4,8,2,1,22.5,1369,4.22431
3,4,8,2,2,67.5,1295,7.78021
3,4,8,2,3,112.5,1331,12.7757
3,4,8,2,4,157.5,1348,17.3871
3,4,8,2,5,202.5,1346,13.8749
3,4,8,2,6,247.5,1366,5.86993
3,4,8,2,7,292.5,1368,0
3,4,8,2,8,337.5,1383,0
3,4,8,3,1,22.5,733,0
3,4,8,3,2,67.5,725,0
3,4,8,3,3,112.5,719,7.57922
3,4,8,3,4,157.5,740,11.3116
3,4,8,3,5,202.5,753,8.19325
3,4,8,3,6,247.5,741,0
3,4,8,3,7,292.5,754,0
3,4,8,3,8,337.5,769,0
3,4,8,4,1,22.5,405,0
3,4,8,4,2,67.5,397,0
3,4,8,4,3,112.5,365,4.68637
3,4,8,4,4,157.5,416,7.62536
3,4,8,4,5,202.5,375,6.67042
3,4,8,4,6,247.5,381,0
3,4,8,4,7,292.5,419,0
3,4,8,4,8,337.5,394,0
3,4,8,5,1,22.5,262,0
3,4,8,5,2,67.5,289,0
3,4,8,5,3,112.5,273,0
3,4,8,5,4,157.5,264,8.95781
3,4,8,5,5,202.5,254,4.18357
3,4,8,5,6,247.5,241,0
3,4,8,5,7,292.5,249,0
3,4,8,5,8,337.5,277,0
3,4,8,6,1,22.5,23,0
3,4,8,6,2,67.5,37,0
3,4,8,6,3,112.5,26,0
3,4,8,6,4,157.5,33,0
3,4,8,6,5,202.5,25,0
3,4,8,6,6,247.5,27,0
3,4,8,6,7,292.5,29,0
3,4,8,6,8,337.5,29,0
3,4,8,7,1,22.5,0,0
3,4,8,7,2,67.5,0,0
3,4,8,7,3,112.5,0,0
3,4,8,7,4,157.5,0,0
3,4,8,7,5,202.5,0,0
3,4,8,7,6,247.5,0,0
3,4,8,7,7,292.5,0,0
3,4,8,7,8,337.5,1,0
3,4,8,8,1,22.5,0,0
3,4,8,8,2,67.5,0,0
3,4,8,8,3,112.5,0,0
3,4,8,8,4,157.5,0,0
3,4,8,8,5,202.5,0,0
3,4,8,8,6,247.5,0,0
3,4,8,8,7,292.5,0,0
3,4,8,8,8,337.5,0,0
3,4,8,9,1,22.5,0,0
3,4,8,9,2,67.5,0,0
3,4,8,9,3,112.5,0,0
3,4,8,9,4,157.5,0,0
3,4,8,9,5,202.5,0,0
3,4,8,9,6,247.5,0,0
3,4,8,9,7,292.5,0,0
3,4,8,9,8,337.5,0,0
3,4,8,10,1,22.5,0,0
3,4,8,10,2,67.5,0,0
3,4,8,10,3,112.5,0,0
3,4,8,10,4,157.5,0,0
3,4,8,10,5,202.5,0,0
3,4,8,10,6,247.5,0,0
3,4,8,10,7,292.5,0,0
3,4,8,10,8,337.5,0,0
3,4,8,11,1,22.5,0,0
3,4,8,11,2,67.5,0,0
3,4,8,11,3,112.5,0,0
3,4,8,11,4,157.5,0,0
3,4,8,11,5,202.5,0,0
3,4,8,11,6,247.5,0,0
3,4,8,11,7,292.5,0,0
3,4,8,11,8,337.5,0,0
4,5,1,1,1,22.5,6.46649e+06,6.95253
4,5,1,1,2,67.5,6.4668e+06,21.0366
4,5,1,1,3,112.5,6.46162e+06,26.1097
4,5,1,1,4,157.5,6.45703e+06,36.6863
4,5,1,1,5,202.5,6.45658e+06,28.9267
4,5,1,1,6,247.5,6.47012e+06,29.9525
4,5,1,1,7,292.5,6.47215e+06,29.4329
4,5,1,1,8,337.5,6.46254e+06,0
4,5,1,2,1,22.5,2.64141e+06,0
4,5,1,2,2,67.5,2.64176e+06,11.753
4,5,1,2,3,112.5,2.6362e+06,19.1509
4,5,1,2,4,157.5,2.63061e+06,12.1324
4,5,1,2,5,202.5,2.63011e+06,10.3437
4,5,1,2,6,247.5,2.6384e+06,11.6902
4,5,1,2,7,292.5,2.6466e+06,12.5558
4,5,1,2,8,337.5,2.64283e+06,0
4,5,1,3,1,22.5,1.28232e+06,4.78394
4,5,1,3,2,67.5,1.2815e+06,12.2612
4,5,1,3,3,112.5,1.27826e+06,0
4,5,1,3,4,157.5,1.27131e+06,0
4,5,1,3,5,202.5,1.27217e+06,0
4,5,1,3,6,247.5,1.27995e+06,7.85076
4,5,1,3,7,292.5,1.28515e+06,13.348
4,5,1,3,8,337.5,1.2823e+06,0
4,5,1,4,1,22.5,683306,0
4,5,1,4,2,67.5,683652,6.27301
4,5,1,4,3,112.5,681241,0
4,5,1,4,4,157.5,675356,0
4,5,1,4,5,202.5,676978,0
4,5,1,4,6,247.5,682442,0
4,5,1,4,7,292.5,685902,7.70706
4,5,1,4,8,337.5,684477,0
4,5,1,5,1,22.5,602747,0
4,5,1,5,2,67.5,603446,3.3101
4,5,1,5,3,112.5,600256,0
4,5,1,5,4,157.5,594181,0
4,5,1,5,5,202.5,594145,0
4,5,1,5,6,247.5,600494,0
4,5,1,5,7,292.5,603004,0
4,5,1,5,8,337.5,601829,0
4,5,1,6,1,22.5,187739,0
4,5,1,6,2,67.5,187914,0
4,5,1,6,3,112.5,187641,0
4,5,1,6,4,157.5,185126,0
4,5,1,6,5,202.5,185269,0
4,5,1,6,6,247.5,187335,0
4,5,1,6,7,292.5,188615,0
4,5,1,6,8,337.5,188236,0
4,5,1,7,1,22.5,48400,0
4,5,1,7,2,67.5,48783,0
4,5,1,7,3,112.5,47714,0
4,5,1,7,4,157.5,47024,0
4,5,1,7,5,202.5,47385,0
4,5,1,7,6,247.5,47876,0
4,5,1,7,7,292.5,48455,0
4,5,1,7,8,337.5,48727,0
4,5,1,8,1,22.5,9800,0
4,5,1,8,2,67.5,9907,0
4,5,1,8,3,112.5,9639,0
4,5,1,8,4,157.5,9363,0
4,5,1,8,5,202.5,9656,0
4,5,1,8,6,247.5,9762,0
4,5,1,8,7,292.5,9767,0
4,5,1,8,8,337.5,9760,0
4,5,1,9,1,22.5,308,0
4,5,1,9,2,67.5,286,0
4,5,1,9,3,112.5,271,0
4,5,1,9,4,157.5,261,0
4,5,1,9,5,202.5,283,0
4,5,1,9,6,247.5,300,0
4,5,1,9,7,292.5,292,0
4,5,1,9,8,337.5,274,0
4,5,1,10,1,22.5,0,0
4,5,1,10,2,67.5,0,0
4,5,1,10,3,112.5,0,0
4,5,1,10,4,157.5,0,0
4,5,1,10,5,202.5,0,0
4,5,1,10,6,247.5,0,0
4,5,1,10,7,292.5,0,0
4,5,1,10,8,337.5,0,0
4,5,1,11,1,22.5,0,0
4,5,1,11,2,67.5,0,0
4,5,1,11,3,112.5,0,0
4,5,1,11,4,157.5,0,0
4,5,1,11,5,202.5,0,0
4,5,1,11,6,247.5,0,0
4,5,1,11,7,292.5,0,0
4,5,1,11,8,337.5,0,0
4,5,2,1,1,22.5,767563,138.047
4,5,2,1,2,67.5,766514,212.902
4,5,2,1,3,112.5,767441,210.312
4,5,2,1,4,157.5,765943,315.131
4,5,2,1,5,202.5,765186,263.011
4,5,2,1,6,247.5,767762,281.879
4,5,2,1,7,292.5,768146,237.609
4,5,2,1,8,337.5,768510,150.924
4,5,2,2,1,22.5,579363,54.9047
4,5,2,2,2,67.5,579209,121.368
4,5,2,2,3,112.5,575896,148.891
4,5,2,2,4,157.5,572471,185.947
4,5,2,2,5,202.5,573044,151.72
4,5,2,2,6,247.5,576372,155.836
4,5,2,2,7,292.5,579308,124.917
4,5,2,2,8,337.5,577432,54.7152
4,5,2,3,1,22.5,427536,57.218
4,5,2,3,2,67.5,427412,108.332
4,5,2,3,3,112.5,424664,100.11
4,5,2,3,4,157.5,420507,93.988
4,5,2,3,5,202.5,420669,78.2153
4,5,2,3,6,247.5,423396,106.732
4,5,2,3,7,292.5,427582,119.488
4,5,2,3,8,337.5,428747,56.9088
4,5,2,4,1,22.5,312564,51.6734
4,5,2,4,2,67.5,312988,100.45
4,5,2,4,3,112.5,309412,67.8358
4,5,2,4,4,157.5,306970,43.9486
4,5,2,4,5,202.5,307603,55.9498
4,5,2,4,6,247.5,312054,83.7542
4,5,2,4,7,292.5,312757,101.28
4,5,2,4,8,337.5,312524,39.8617
4,5,2,5,1,22.5,400484,52.34
4,5,2,5,2,67.5,399774,103.55
4,5,2,5,3,112.5,395791,62.1794
4,5,2,5,4,157.5,392002,33.521
4,5,2,5,5,202.5,392634,24.7825
4,5,2,5,6,247.5,397895,70.6744
4,5,2,5,7,292.5,400506,96.272
4,5,2,5,8,337.5,401482,48.9974
4,5,2,6,1,22.5,226562,35.1158
4,5,2,6,2,67.5,226220,53.029
4,5,2,6,3,112.5,224285,27.3078
4,5,2,6,4,157.5,220494,4.57549
4,5,2,6,5,202.5,221918,4.2798
4,5,2,6,6,247.5,224804,28.0411
4,5,2,6,7,292.5,227333,50.0052
4,5,2,6,8,337.5,226021,35.8764
4,5,2,7,1,22.5,124841,18.9769
4,5,2,7,2,67.5,123989,23.5206
4,5,2,7,3,112.5,122836,9.03739
4,5,2,7,4,157.5,120523,0
4,5,2,7,5,202.5,120639,0
4,5,2,7,6,247.5,122778,10.146
4,5,2,7,7,292.5,124057,23.6749
4,5,2,7,8,337.5,124883,18.235
4,5,2,8,1,22.5,73257,8.28352
4,5,2,8,2,67.5,72868,8.96049
4,5,2,8,3,112.5,72246,7.86742
4,5,2,8,4,157.5,70685,0
4,5,2,8,5,202.5,70639,0
4,5,2,8,6,247.5,72258,0
4,5,2,8,7,292.5,73771,12.2786
4,5,2,8,8,337.5,73291,6.43929
4,5,2,9,1,22.5,15478,0
4,5,2,9,2,67.5,15276,0
4,5,2,9,3,112.5,15464,0
4,5,2,9,4,157.5,14701,0
4,5,2,9,5,202.5,15068,0
4,5,2,9,6,247.5,15299,0
4,5,2,9,7,292.5,15465,0
4,5,2,9,8,337.5,15320,0
4,5,2,10,1,22.5,2039,0
4,5,2,10,2,67.5,2071,0
4,5,2,10,3,112.5,1829,0
4,5,2,10,4,157.5,1896,0
4,5,2,10,5,202.5,1896,0
4,5,2,10,6,247.5,2026,0
4,5,2,10,7,292.5,2016,0
4,5,2,10,8,337.5,1997,0
4,5,2,11,1,22.5,32,0
4,5,2,11,2,67.5,32,0
4,5,2,11,3,112.5,21,0
4,5,2,11,4,157.5,29,0
4,5,2,11,5,202.5,27,0
4,5,2,11,6,247.5,24,0
4,5,2,11,7,292.5,28,0
4,5,2,11,8,337.5,22,0
4,5,3,1,1,22.5,380937,150.945
4,5,3,1,2,67.5,381678,186.682
4,5,3,1,3,112.5,381579,260.88
4,5,3,1,4,157.5,379622,328.92
4,5,3,1,5,202.5,379877,305.594
4,5,3,1,6,247.5,379650,223.089
4,5,3,1,7,292.5,381857,189.452
4,5,3,1,8,337.5,382243,145.024
4,5,3,2,1,22.5,305538,67.8674
4,5,3,2,2,67.5,304470,144.177
4,5,3,2,3,112.5,302826,152.875
4,5,3,2,4,157.5,302037,241.017
4,5,3,2,5,202.5,301111,186.093
4,5,3,2,6,247.5,302650,140.967
4,5,3,2,7,292.5,305223,129.981
4,5,3,2,8,337.5,303896,53.9589
4,5,3,3,1,22.5,240431,37.6074
4,5,3,3,2,67.5,239341,108.199
4,5,3,3,3,112.5,237362,116.317
4,5,3,3,4,157.5,236194,164.779
4,5,3,3,5,202.5,236426,133.783
4,5,3,3,6,247.5,238070,117.193
4,5,3,3,7,292.5,240970,127.157
4,5,3,3,8,337.5,239562,44.3146
4,5,3,4,1,22.5,187061,47.0122
4,5,3,4,2,67.5,186853,113.3
4,5,3,4,3,112.5,184819,95.7233
4,5,3,4,4,157.5,182355,124.01
4,5,3,4,5,202.5,183190,94.9559
4,5,3,4,6,247.5,185506,114.062
4,5,3,4,7,292.5,187023,123.913
4,5,3,4,8,337.5,186317,54.5491
4,5,3,5,1,22.5,252948,67.9215
4,5,3,5,2,67.5,253456,156.735
4,5,3,5,3,112.5,249707,108.807
4,5,3,5,4,157.5,247120,102.876
4,5,3,5,5,202.5,247322,83.8331
4,5,3,5,6,247.5,251313,136.111
4,5,3,5,7,292.5,254999,146.573
4,5,3,5,8,337.5,253474,61.2492
4,5,3,6,1,22.5,148184,50.1827
4,5,3,6,2,67.5,148667,113.43
4,5,3,6,3,112.5,145894,73.5391
4,5,3,6,4,157.5,143924,45.2183
4,5,3,6,5,202.5,143981,38.1042
4,5,3,6,6,247.5,146280,91.3063
4,5,3,6,7,292.5,148685,98.8267
4,5,3,6,8,337.5,148879,47.622
4,5,3,7,1,22.5,86569,43.0762
4,5,3,7,2,67.5,86528,74.9678
4,5,3,7,3,112.5,84938,46.7618
4,5,3,7,4,157.5,82950,18.6334
4,5,3,7,5,202.5,83713,17.5631
4,5,3,7,6,247.5,85539,54.6878
4,5,3,7,7,292.5,86930,65.1271
4,5,3,7,8,337.5,87247,45.8436
4,5,3,8,1,22.5,65269,39.492
4,5,3,8,2,67.5,65033,52.0017
4,5,3,8,3,112.5,63872,28.3997
4,5,3,8,4,157.5,62606,6.3274
4,5,3,8,5,202.5,62400,5.39665
4,5,3,8,6,247.5,64789,32.7319
4,5,3,8,7,292.5,64800,48.9563
4,5,3,8,8,337.5,65204,40.0392
4,5,3,9,1,22.5,23791,20.0178
4,5,3,9,2,67.5,23884,22.3134
4,5,3,9,3,112.5,23446,10.4483
4,5,3,9,4,157.5,22473,0
4,5,3,9,5,202.5,22677,0
4,5,3,9,6,247.5,23409,10.617
4,5,3,9,7,292.5,23867,22.3301
4,5,3,9,8,337.5,24119,17.3521
4,5,3,10,1,22.5,6965,6.65999
4,5,3,10,2,67.5,7113,6.67722
4,5,3,10,3,112.5,7016,0
4,5,3,10,4,157.5,6633,0
4,5,3,10,5,202.5,6792,0
4,5,3,10,6,247.5,6946,0
4,5,3,10,7,292.5,7034,8.07606
4,5,3,10,8,337.5,7047,6.80216
4,5,3,11,1,22.5,590,0
4,5,3,11,2,67.5,599,0
4,5,3,11,3,112.5,590,0
4,5,3,11,4,157.5,563,0
4,5,3,11,5,202.5,528,0
4,5,3,11,6,247.5,550,0
4,5,3,11,7,292.5,589,0
4,5,3,11,8,337.5,574,0
4,5,4,1,1,22.5,233706,105.099
4,5,4,1,2,67.5,234075,131.078
4,5,4,1,3,112.5,234132,213.801
4,5,4,1,4,157.5,233016,263.643
4,5,4,1,5,202.5,233584,217.945
4,5,4,1,6,247.5,234187,141.168
4,5,4,1,7,292.5,234028,120.574
4,5,4,1,8,337.5,233471,101.018
4,5,4,2,1,22.5,190247,63.8891
4,5,4,2,2,67.5,190589,89.5435
4,5,4,2,3,112.5,190508,127.525
4,5,4,2,4,157.5,188421,210.929
4,5,4,2,5,202.5,188567,164.287
4,5,4,2,6,247.5,189865,89.2593
4,5,4,2,7,292.5,191224,89.6455
4,5,4,2,8,337.5,190325,63.6374
4,5,4,3,1,22.5,153505,39.4255
4,5,4,3,2,67.5,153307,73.5174
4,5,4,3,3,112.5,151844,97.8114
4,5,4,3,4,157.5,151538,171.428
4,5,4,3,5,202.5,151072,138.182
4,5,4,3,6,247.5,151918,81.4204
4,5,4,3,7,292.5,153254,95.8481
4,5,4,3,8,337.5,154168,31.4797
4,5,4,4,1,22.5,122388,23.5298
4,5,4,4,2,67.5,122721,77.3231
4,5,4,4,3,112.5,121351,78.4174
4,5,4,4,4,157.5,121148,145.117
4,5,4,4,5,202.5,120202,114.323
4,5,4,4,6,247.5,121163,82.4408
4,5,4,4,7,292.5,123580,106.275
4,5,4,4,8,337.5,122737,26.8869
4,5,4,5,1,22.5,174058,39.6098
4,5,4,5,2,67.5,173982,130.933
4,5,4,5,3,112.5,170828,94.6602
4,5,4,5,4,157.5,169089,154.442
4,5,4,5,5,202.5,169172,120.501
4,5,4,5,6,247.5,171467,120.142
4,5,4,5,7,292.5,174524,148.781
4,5,4,5,8,337.5,174128,46.5083
4,5,4,6,1,22.5,105718,37.5396
4,5,4,6,2,67.5,106498,118.383
4,5,4,6,3,112.5,104675,76.5591
4,5,4,6,4,157.5,101990,92.3646
4,5,4,6,5,202.5,102024,72.3717
4,5,4,6,6,247.5,104799,103.929
4,5,4,6,7,292.5,105796,109.222
4,5,4,6,8,337.5,105759,35.7814
4,5,4,7,1,22.5,62755,29.6195
4,5,4,7,2,67.5,62815,89.9594
4,5,4,7,3,112.5,61204,60.6695
4,5,4,7,4,157.5,59740,52.7759
4,5,4,7,5,202.5,60114,41.8762
4,5,4,7,6,247.5,61568,79.9288
4,5,4,7,7,292.5,62712,77.5522
4,5,4,7,8,337.5,62671,29.7078
4,5,4,8,1,22.5,47078,32.5804
4,5,4,8,2,67.5,47195,73.6066
4,5,4,8,3,112.5,45894,50.8401
4,5,4,8,4,157.5,44551,31.424
4,5,4,8,5,202.5,45030,24.4974
4,5,4,8,6,247.5,46290,64.4382
4,5,4,8,7,292.5,47390,60.0074
4,5,4,8,8,337.5,47212,35.1808
4,5,4,9,1,22.5,17793,23.6066
4,5,4,9,2,67.5,17767,42.6082
4,5,4,9,3,112.5,17238,27.6994
4,5,4,9,4,157.5,16733,11.6996
4,5,4,9,5,202.5,16720,9.30465
4,5,4,9,6,247.5,17510,33.1581
4,5,4,9,7,292.5,17447,32.5896
4,5,4,9,8,337.5,17592,26.2235
4,5,4,10,1,22.5,5913,16.936
4,5,4,10,2,67.5,5780,21.3271
4,5,4,10,3,112.5,5710,14.9342
4,5,4,10,4,157.5,5524,0
4,5,4,10,5,202.5,5575,0
4,5,4,10,6,247.5,5769,16.9263
4,5,4,10,7,292.5,5841,20.632
4,5,4,10,8,337.5,5866,17.0057
4,5,4,11,1,22.5,708,6.53032
4,5,4,11,2,67.5,683,8.1041
4,5,4,11,3,112.5,669,0
4,5,4,11,4,157.5,637,0
4,5,4,11,5,202.5,689,0
4,5,4,11,6,247.5,653,3.56335
4,5,4,11,7,292.5,659,7.88212
4,5,4,11,8,337.5,707,5.39674
4,5,5,1,1,22.5,142636,111.303
4,5,5,1,2,67.5,143666,128.743
4,5,5,1,3,112.5,142872,169.323
4,5,5,1,4,157.5,141861,195.108
4,5,5,1,5,202.5,142279,169
4,5,5,1,6,247.5,142687,102.908
4,5,5,1,7,292.5,142839,78.6285
4,5,5,1,8,337.5,143663,81.3229
4,5,5,2,1,22.5,116690,45.2777
4,5,5,2,2,67.5,117015,55.6748
4,5,5,2,3,112.5,116168,116.271
4,5,5,2,4,157.5,116248,168.939
4,5,5,2,5,202.5,116431,140.907
4,5,5,2,6,247.5,116503,60.1182
4,5,5,2,7,292.5,117925,46.676
4,5,5,2,8,337.5,117457,42.6719
4,5,5,3,1,22.5,95258,31.3213
4,5,5,3,2,67.5,95324,40.3888
4,5,5,3,3,112.5,95223,83.8704
4,5,5,3,4,157.5,93414,150.717
4,5,5,3,5,202.5,94201,121.715
4,5,5,3,6,247.5,94863,47.0913
4,5,5,3,7,292.5,95894,54.2107
4,5,5,3,8,337.5,95579,30.2949
4,5,5,4,1,22.5,77416,22.2734
4,5,5,4,2,67.5,77033,39.3505
4,5,5,4,3,112.5,76126,67.0704
4,5,5,4,4,157.5,75587,128.768
4,5,5,4,5,202.5,76080,102.826
4,5,5,4,6,247.5,76324,47.2292
4,5,5,4,7,292.5,77446,70.8154
4,5,5,4,8,337.5,77010,19.664
4,5,5,5,1,22.5,110504,21.5827
4,5,5,5,2,67.5,110697,78.4614
4,5,5,5,3,112.5,109049,72.7159
4,5,5,5,4,157.5,107336,149.207
4,5,5,5,5,202.5,107028,117.4
4,5,5,5,6,247.5,108673,77.3073
4,5,5,5,7,292.5,110334,114.881
4,5,5,5,8,337.5,110713,24.5581
4,5,5,6,1,22.5,68157,22.3744
4,5,5,6,2,67.5,67314,89.1478
4,5,5,6,3,112.5,65963,54.7072
4,5,5,6,4,157.5,64423,104.425
4,5,5,6,5,202.5,65072,82.2768
4,5,5,6,6,247.5,66515,78.9601
4,5,5,6,7,292.5,67571,102.372
4,5,5,6,8,337.5,67741,20.5871
4,5,5,7,1,22.5,39946,18.3599
4,5,5,7,2,67.5,39553,76.4371
4,5,5,7,3,112.5,38751,45.4763
4,5,5,7,4,157.5,37687,70.5373
4,5,5,7,5,202.5,38083,57.2361
4,5,5,7,6,247.5,39051,68.6115
4,5,5,7,7,292.5,39982,74.2346
4,5,5,7,8,337.5,39733,16.103
4,5,5,8,1,22.5,28697,14.9296
4,5,5,8,2,67.5,28655,65.9819
4,5,5,8,3,112.5,27915,42.6071
4,5,5,8,4,157.5,27158,50.6369
4,5,5,8,5,202.5,26890,39.9842
4,5,5,8,6,247.5,27956,60.9984
4,5,5,8,7,292.5,28546,58.0367
4,5,5,8,8,337.5,28584,15.5923
4,5,5,9,1,22.5,9467,9.76269
4,5,5,9,2,67.5,9489,36.7067
4,5,5,9,3,112.5,9074,26.8716
4,5,5,9,4,157.5,8721,24.2431
4,5,5,9,5,202.5,8858,19.6613
4,5,5,9,6,247.5,9209,35.3368
4,5,5,9,7,292.5,9366,28.4729
4,5,5,9,8,337.5,9298,11.5433
4,5,5,10,1,22.5,2623,5.97207
4,5,5,10,2,67.5,2541,17.5859
4,5,5,10,3,112.5,2513,14.3981
4,5,5,10,4,157.5,2398,10.9526
4,5,5,10,5,202.5,2463,9.37814
4,5,5,10,6,247.5,2499,18.5527
4,5,5,10,7,292.5,2623,14.4559
4,5,5,10,8,337.5,2549,8.27645
4,5,5,11,1,22.5,216,0
4,5,5,11,2,67.5,219,5.75247
4,5,5,11,3,112.5,183,4.52261
4,5,5,11,4,157.5,190,0
4,5,5,11,5,202.5,189,0
4,5,5,11,6,247.5,217,5.57623
4,5,5,11,7,292.5,208,0
4,5,5,11,8,337.5,201,3.22134
4,5,6,1,1,22.5,74169,93.3437
4,5,6,1,2,67.5,73779,100.907
4,5,6,1,3,112.5,73540,126.02
4,5,6,1,4,157.5,73710,138.096
4,5,6,1,5,202.5,73381,122.992
4,5,6,1,6,247.5,73691,85.9826
4,5,6,1,7,292.5,74237,61.8469
4,5,6,1,8,337.5,74279,70.7199
4,5,6,2,1,22.5,59101,39.5353
4,5,6,2,2,67.5,59936,48.6876
4,5,6,2,3,112.5,59319,91.5712
4,5,6,2,4,157.5,58654,123.549
4,5,6,2,5,202.5,58724,103.074
4,5,6,2,6,247.5,58332,44.661
4,5,6,2,7,292.5,59163,19.9269
4,5,6,2,8,337.5,59624,26.6472
4,5,6,3,1,22.5,47051,17.518
4,5,6,3,2,67.5,47041,20.7732
4,5,6,3,3,112.5,47284,69.7404
4,5,6,3,4,157.5,46421,109.726
4,5,6,3,5,202.5,46171,90.1268
4,5,6,3,6,247.5,47203,29.048
4,5,6,3,7,292.5,48011,21.6556
4,5,6,3,8,337.5,47325,13.9119
4,5,6,4,1,22.5,37137,11.1006
4,5,6,4,2,67.5,37737,13.8372
4,5,6,4,3,112.5,37333,54.3941
4,5,6,4,4,157.5,36441,95.5122
4,5,6,4,5,202.5,36603,77.7931
4,5,6,4,6,247.5,36996,24.7754
4,5,6,4,7,292.5,37620,34.5912
4,5,6,4,8,337.5,37443,11.7786
4,5,6,5,1,22.5,51922,9.42415
4,5,6,5,2,67.5,52193,30.8616
4,5,6,5,3,112.5,50916,57.444
4,5,6,5,4,157.5,50211,112.016
4,5,6,5,5,202.5,49833,89.6235
4,5,6,5,6,247.5,50920,40.328
4,5,6,5,7,292.5,52051,68.3046
4,5,6,5,8,337.5,52100,16.5105
4,5,6,6,1,22.5,29858,10.8329
4,5,6,6,2,67.5,29802,44.924
4,5,6,6,3,112.5,29110,35.8933
4,5,6,6,4,157.5,28860,81.146
4,5,6,6,5,202.5,28642,63.6072
4,5,6,6,6,247.5,28993,41.3081
4,5,6,6,7,292.5,29981,70.4257
4,5,6,6,8,337.5,29764,12.9285
4,5,6,7,1,22.5,15517,9.36571
4,5,6,7,2,67.5,14933,41.2039
4,5,6,7,3,112.5,14943,26.5482
4,5,6,7,4,157.5,14570,58.7699
4,5,6,7,5,202.5,14828,42.9938
4,5,6,7,6,247.5,15127,37.2155
4,5,6,7,7,292.5,15402,50.2528
4,5,6,7,8,337.5,15400,9.81095
4,5,6,8,1,22.5,8479,7.11477
4,5,6,8,2,67.5,8605,36.0468
4,5,6,8,3,112.5,8312,20.7032
4,5,6,8,4,157.5,8057,40.5568
4,5,6,8,5,202.5,8143,31.1246
4,5,6,8,6,247.5,8353,32.3016
4,5,6,8,7,292.5,8554,36.2727
4,5,6,8,8,337.5,8681,0
4,5,6,9,1,22.5,1832,0
4,5,6,9,2,67.5,1846,17.0583
4,5,6,9,3,112.5,1710,9.86699
4,5,6,9,4,157.5,1630,15.6417
4,5,6,9,5,202.5,1649,13.6245
4,5,6,9,6,247.5,1740,14.4033
4,5,6,9,7,292.5,1802,14.5562
4,5,6,9,8,337.5,1808,0
4,5,6,10,1,22.5,239,0
4,5,6,10,2,67.5,262,0
4,5,6,10,3,112.5,236,3.89613
4,5,6,10,4,157.5,243,7.09147
4,5,6,10,5,202.5,220,0
4,5,6,10,6,247.5,207,4.5219
4,5,6,10,7,292.5,283,4.13552
4,5,6,10,8,337.5,269,0
4,5,6,11,1,22.5,0,0
4,5,6,11,2,67.5,4,0
4,5,6,11,3,112.5,2,0
4,5,6,11,4,157.5,2,0
4,5,6,11,5,202.5,1,0
4,5,6,11,6,247.5,1,0
4,5,6,11,7,292.5,1,0
4,5,6,11,8,337.5,3,0
4,5,7,1,1,22.5,22600,60.1453
4,5,7,1,2,67.5,22586,64.3112
4,5,7,1,3,112.5,22465,75.0619
4,5,7,1,4,157.5,22352,78.4028
4,5,7,1,5,202.5,22680,70.5871
4,5,7,1,6,247.5,22590,52.5623
4,5,7,1,7,292.5,22284,40.8763
4,5,7,1,8,337.5,22468,46.4345
4,5,7,2,1,22.5,16690,28.9088
4,5,7,2,2,67.5,16563,34.6468
4,5,7,2,3,112.5,16444,53.7386
4,5,7,2,4,157.5,16618,74.3674
4,5,7,2,5,202.5,16318,57.4306
4,5,7,2,6,247.5,16231,27.4949
4,5,7,2,7,292.5,16568,8.55547
4,5,7,2,8,337.5,16642,14.8748
4,5,7,3,1,22.5,11749,12.1792
4,5,7,3,2,67.5,11999,14.5938
4,5,7,3,3,112.5,11683,41.0179
4,5,7,3,4,157.5,11567,56.9136
4,5,7,3,5,202.5,11685,44.8415
4,5,7,3,6,247.5,11830,16.2736
4,5,7,3,7,292.5,11999,0
4,5,7,3,8,337.5,11789,0
4,5,7,4,1,22.5,8190,0
4,5,7,4,2,67.5,8096,5.51517
4,5,7,4,3,112.5,8083,30.3323
4,5,7,4,4,157.5,7841,47.4105
4,5,7,4,5,202.5,7860,37.4055
4,5,7,4,6,247.5,7989,10.2405
4,5,7,4,7,292.5,8171,10.0689
4,5,7,4,8,337.5,8000,0
4,5,7,5,1,22.5,8655,0
4,5,7,5,2,67.5,8504,0
4,5,7,5,3,112.5,8470,25.2196
4,5,7,5,4,157.5,8393,49.3096
4,5,7,5,5,202.5,8500,38.4686
4,5,7,5,6,247.5,8656,12.812
4,5,7,5,7,292.5,8546,19.6089
4,5,7,5,8,337.5,8658,0
4,5,7,6,1,22.5,3175,0
4,5,7,6,2,67.5,3040,7.33815
4,5,7,6,3,112.5,3057,12.3793
4,5,7,6,4,157.5,2978,29.0117
4,5,7,6,5,202.5,2906,22.2905
4,5,7,6,6,247.5,3061,10.7107
4,5,7,6,7,292.5,3079,18.3096
4,5,7,6,8,337.5,3158,0
4,5,7,7,1,22.5,888,0
4,5,7,7,2,67.5,851,0
4,5,7,7,3,112.5,890,5.8583
4,5,7,7,4,157.5,830,14.4171
4,5,7,7,5,202.5,791,9.57266
4,5,7,7,6,247.5,817,6.34614
4,5,7,7,7,292.5,863,10.7151
4,5,7,7,8,337.5,880,0
4,5,7,8,1,22.5,177,0
4,5,7,8,2,67.5,208,0
4,5,7,8,3,112.5,175,0
4,5,7,8,4,157.5,153,0
4,5,7,8,5,202.5,167,0
4,5,7,8,6,247.5,194,0
4,5,7,8,7,292.5,205,4.00098
4,5,7,8,8,337.5,204,0
4,5,7,9,1,22.5,0,0
4,5,7,9,2,67.5,2,0
4,5,7,9,3,112.5,2,0
4,5,7,9,4,157.5,1,0
4,5,7,9,5,202.5,2,0
4,5,7,9,6,247.5,4,0
4,5,7,9,7,292.5,1,0
4,5,7,9,8,337.5,8,0
4,5,7,10,1,22.5,0,0
4,5,7,10,2,67.5,0,0
4,5,7,10,3,112.5,0,0
4,5,7,10,4,157.5,0,0
4,5,7,10,5,202.5,0,0
4,5,7,10,6,247.5,0,0
4,5,7,10,7,292.5,0,0
4,5,7,10,8,337.5,0,0
4,5,7,11,1,22.5,0,0
4,5,7,11,2,67.5,0,0
4,5,7,11,3,112.5,0,0
4,5,7,11,4,157.5,0,0
4,5,7,11,5,202.5,0,0
4,5,7,11,6,247.5,0,0
4,5,7,11,7,292.5,0,0
4,5,7,11,8,337.5,0,0
4,5,8,1,1,22.5,270,0
4,5,8,1,2,67.5,260,8.47213
4,5,8,1,3,112.5,306,9.03472
4,5,8,1,4,157.5,264,10.8761
4,5,8,1,5,202.5,291,3.59146
4,5,8,1,6,247.5,252,3.39773
4,5,8,1,7,292.5,268,0
4,5,8,1,8,337.5,283,0
4,5,8,2,1,22.5,91,0
4,5,8,2,2,67.5,79,0
4,5,8,2,3,112.5,86,0
4,5,8,2,4,157.5,89,0
4,5,8,2,5,202.5,80,0
4,5,8,2,6,247.5,87,0
4,5,8,2,7,292.5,95,0
4,5,8,2,8,337.5,87,0
4,5,8,3,1,22.5,13,0
4,5,8,3,2,67.5,25,0
4,5,8,3,3,112.5,20,0
4,5,8,3,4,157.5,16.3652,4.25031
4,5,8,3,5,202.5,23,4.29349
4,5,8,3,6,247.5,25,0
4,5,8,3,7,292.5,13,0
4,5,8,3,8,337.5,24,0
4,5,8,4,1,22.5,1,0
4,5,8,4,2,67.5,0,0
4,5,8,4,3,112.5,1,0
4,5,8,4,4,157.5,1,0
4,5,8,4,5,202.5,9.98511,3.28818
4,5,8,4,6,247.5,0,0
4,5,8,4,7,292.5,1,0
4,5,8,4,8,337.5,1,0
4,5,8,5,1,22.5,0,0
4,5,8,5,2,67.5,0,0
4,5,8,5,3,112.5,0,0
4,5,8,5,4,157.5,0,0
4,5,8,5,5,202.5,0,0
4,5,8,5,6,247.5,0,0
4,5,8,5,7,292.5,0,0
4,5,8,5,8,337.5,0,0
4,5,8,6,1,22.5,0,0
4,5,8,6,2,67.5,0,0
4,5,8,6,3,112.5,0,0
4,5,8,6,4,157.5,0,0
4,5,8,6,5,202.5,0,0
4,5,8,6,6,247.5,0,0
4,5,8,6,7,292.5,0,0
4,5,8,6,8,337.5,0,0
4,5,8,7,1,22.5,0,0
4,5,8,7,2,67.5,0,0
4,5,8,7,3,112.5,0,0
4,5,8,7,4,157.5,0,0
4,5,8,7,5,202.5,0,0
4,5,8,7,6,247.5,0,0
4,5,8,7,7,292.5,0,0
4,5,8,7,8,337.5,0,0
4,5,8,8,1,22.5,0,0
4,5,8,8,2,67.5,0,0
4,5,8,8,3,112.5,0,0
4,5,8,8,4,157.5,0,0
4,5,8,8,5,202.5,0,0
4,5,8,8,6,247.5,0,0
4,5,8,8,7,292.5,0,0
4,5,8,8,8,337.5,0,0
4,5,8,9,1,22.5,0,0
4,5,8,9,2,67.5,0,0
4,5,8,9,3,112.5,0,0
4,5,8,9,4,157.5,0,0
4,5,8,9,5,202.5,0,0
4,5,8,9,6,247.5,0,0
4,5,8,9,7,292.5,0,0
4,5,8,9,8,337.5,0,0
4,5,8,10,1,22.5,0,0
4,5,8,10,2,67.5,0,0
4,5,8,10,3,112.5,0,0
4,5,8,10,4,157.5,0,0
4,5,8,10,5,202.5,0,0
4,5,8,10,6,247.5,0,0
4,5,8,10,7,292.5,0,0
4,5,8,10,8,337.5,0,0
4,5,8,11,1,22.5,0,0
4,5,8,11,2,67.5,0,0
4,5,8,11,3,112.5,0,0
4,5,8,11,4,157.5,0,0
4,5,8,11,5,202.5,0,0
4,5,8,11,6,247.5,0,0
4,5,8,11,7,292.5,0,0
4,5,8,11,8,337.5,0,0
5,6,1,1,1,22.5,6.67156e+06,0
5,6,1,1,2,67.5,6.67498e+06,0
5,6,1,1,3,112.5,6.67756e+06,0
5,6,1,1,4,157.5,6.66957e+06,0
5,6,1,1,5,202.5,6.6683e+06,0
5,6,1,1,6,247.5,6.6849e+06,0
5,6,1,1,7,292.5,6.68283e+06,0
5,6,1,1,8,337.5,6.67465e+06,0
5,6,1,2,1,22.5,2.39736e+06,0
5,6,1,2,2,67.5,2.39962e+06,0
5,6,1,2,3,112.5,2.39199e+06,0
5,6,1,2,4,157.5,2.38669e+06,0
5,6,1,2,5,202.5,2.38785e+06,0
5,6,1,2,6,247.5,2.39577e+06,0
5,6,1,2,7,292.5,2.40085e+06,0
5,6,1,2,8,337.5,2.39765e+06,0
5,6,1,3,1,22.5,1.10322e+06,0
5,6,1,3,2,67.5,1.10593e+06,0
5,6,1,3,3,112.5,1.10388e+06,0
5,6,1,3,4,157.5,1.09796e+06,0
5,6,1,3,5,202.5,1.09879e+06,0
5,6,1,3,6,247.5,1.10564e+06,0
5,6,1,3,7,292.5,1.10492e+06,0
5,6,1,3,8,337.5,1.10479e+06,0
5,6,1,4,1,22.5,552403,0
5,6,1,4,2,67.5,552383,0
5,6,1,4,3,112.5,551265,0
5,6,1,4,4,157.5,546795,0
5,6,1,4,5,202.5,548077,0
5,6,1,4,6,247.5,552656,0
5,6,1,4,7,292.5,553398,0
5,6,1,4,8,337.5,552441,0
5,6,1,5,1,22.5,400948,0
5,6,1,5,2,67.5,401025,0
5,6,1,5,3,112.5,399867,0
5,6,1,5,4,157.5,395222,0
5,6,1,5,5,202.5,396604,0
5,6,1,5,6,247.5,399751,0
5,6,1,5,7,292.5,401788,0
5,6,1,5,8,337.5,401157,0
5,6,1,6,1,22.5,72097,0
5,6,1,6,2,67.5,71655,0
5,6,1,6,3,112.5,70948,0
5,6,1,6,4,157.5,70386,0
5,6,1,6,5,202.5,70978,0
5,6,1,6,6,247.5,71488,0
5,6,1,6,7,292.5,71817,0
5,6,1,6,8,337.5,72389,0
5,6,1,7,1,22.5,7273,0
5,6,1,7,2,67.5,7321,0
5,6,1,7,3,112.5,7097,0
5,6,1,7,4,157.5,6906,0
5,6,1,7,5,202.5,6882,0
5,6,1,7,6,247.5,7098,0
5,6,1,7,7,292.5,7204,0
5,6,1,7,8,337.5,7106,0
5,6,1,8,1,22.5,285,0
5,6,1,8,2,67.5,258,0
5,6,1,8,3,112.5,251,0
5,6,1,8,4,157.5,263,0
5,6,1,8,5,202.5,251,0
5,6,1,8,6,247.5,246,0
5,6,1,8,7,292.5,274,0
5,6,1,8,8,337.5,284,0
5,6,1,9,1,22.5,0,0
5,6,1,9,2,67.5,0,0
5,6,1,9,3,112.5,0,0
5,6,1,9,4,157.5,0,0
5,6,1,9,5,202.5,0,0
5,6,1,9,6,247.5,0,0
5,6,1,9,7,292.5,0,0
5,6,1,9,8,337.5,0,0
5,6,1,10,1,22.5,0,0
5,6,1,10,2,67.5,0,0
5,6,1,10,3,112.5,0,0
5,6,1,10,4,157.5,0,0
5,6,1,10,5,202.5,0,0
5,6,1,10,6,247.5,0,0
5,6,1,10,7,292.5,0,0
5,6,1,10,8,337.5,0,0
5,6,1,11,1,22.5,0,0
5,6,1,11,2,67.5,0,0
5,6,1,11,3,112.5,0,0
5,6,1,11,4,157.5,0,0
5,6,1,11,5,202.5,0,0
5,6,1,11,6,247.5,0,0
5,6,1,11,7,292.5,0,0
5,6,1,11,8,337.5,0,0
5,6,2,1,1,22.5,917098,101.54
5,6,2,1,2,67.5,917910,157.435
5,6,2,1,3,112.5,914619,128.809
5,6,2,1,4,157.5,915079,192.332
5,6,2,1,5,202.5,915945,200.81
5,6,2,1,6,247.5,915591,164.207
5,6,2,1,7,292.5,917689,151.943
5,6,2,1,8,337.5,915830,111.219
5,6,2,2,1,22.5,669527,37.3081
5,6,2,2,2,67.5,671687,82.7079
5,6,2,2,3,112.5,667530,83.9528
5,6,2,2,4,157.5,664530,73.2631
5,6,2,2,5,202.5,665832,56.8609
5,6,2,2,6,247.5,668586,77.9405
5,6,2,2,7,292.5,670313,74.772
5,6,2,2,8,337.5,671448,40.4495
5,6,2,3,1,22.5,482875,35.1105
5,6,2,3,2,67.5,483470,62.8592
5,6,2,3,3,112.5,479699,45.3759
5,6,2,3,4,157.5,478145,21.5157
5,6,2,3,5,202.5,478914,24.7041
5,6,2,3,6,247.5,482568,46.6206
5,6,2,3,7,292.5,483940,70.0331
5,6,2,3,8,337.5,484513,35.9981
5,6,2,4,1,22.5,349781,34.3312
5,6,2,4,2,67.5,348695,55.5947
5,6,2,4,3,112.5,347594,26.7332
5,6,2,4,4,157.5,344948,0
5,6,2,4,5,202.5,344770,3.42012
5,6,2,4,6,247.5,347308,29.744
5,6,2,4,7,292.5,348713,57.855
5,6,2,4,8,337.5,348347,28.1294
5,6,2,5,1,22.5,432731,32.5585
5,6,2,5,2,67.5,434478,55.1797
5,6,2,5,3,112.5,430907,15.9751
5,6,2,5,4,157.5,427341,0
5,6,2,5,5,202.5,427509,0
5,6,2,5,6,247.5,431340,20.9812
5,6,2,5,7,292.5,434463,51.3976
5,6,2,5,8,337.5,433462,29.0405
5,6,2,6,1,22.5,200870,15.1294
5,6,2,6,2,67.5,201626,22.2874
5,6,2,6,3,112.5,199604,0
5,6,2,6,4,157.5,196734,0
5,6,2,6,5,202.5,197201,0
5,6,2,6,6,247.5,199553,5.65389
5,6,2,6,7,292.5,201344,21.61
5,6,2,6,8,337.5,201382,15.7343
5,6,2,7,1,22.5,69574,5.66868
5,6,2,7,2,67.5,69347,0
5,6,2,7,3,112.5,68589,0
5,6,2,7,4,157.5,67307,0
5,6,2,7,5,202.5,67304,0
5,6,2,7,6,247.5,68833,0
5,6,2,7,7,292.5,69758,0
5,6,2,7,8,337.5,69748,0
5,6,2,8,1,22.5,18583,0
5,6,2,8,2,67.5,18420,0
5,6,2,8,3,112.5,18211,0
5,6,2,8,4,157.5,17572,0
5,6,2,8,5,202.5,17936,0
5,6,2,8,6,247.5,18081,0
5,6,2,8,7,292.5,18384,0
5,6,2,8,8,337.5,18360,0
5,6,2,9,1,22.5,901,0
5,6,2,9,2,67.5,925,0
5,6,2,9,3,112.5,898,0
5,6,2,9,4,157.5,827,0
5,6,2,9,5,202.5,874,0
5,6,2,9,6,247.5,885,0
5,6,2,9,7,292.5,874,0
5,6,2,9,8,337.5,868,0
5,6,2,10,1,22.5,4,0
5,6,2,10,2,67.5,2,0
5,6,2,10,3,112.5,1,0
5,6,2,10,4,157.5,5,0
5,6,2,10,5,202.5,1,0
5,6,2,10,6,247.5,3,0
5,6,2,10,7,292.5,3,0
5,6,2,10,8,337.5,1,0
5,6,2,11,1,22.5,0,0
5,6,2,11,2,67.5,0,0
5,6,2,11,3,112.5,0,0
5,6,2,11,4,157.5,0,0
5,6,2,11,5,202.5,0,0
5,6,2,11,6,247.5,0,0
5,6,2,11,7,292.5,0,0
5,6,2,11,8,337.5,0,0
5,6,3,1,1,22.5,485351,179.171
5,6,3,1,2,67.5,485302,214.09
5,6,3,1,3,112.5,483903,271.567
5,6,3,1,4,157.5,483345,308.093
5,6,3,1,5,202.5,483473,296.945
5,6,3,1,6,247.5,482861,212.893
5,6,3,1,7,292.5,483636,223.678
5,6,3,1,8,337.5,484171,149.819
5,6,3,2,1,22.5,380911,87.2071
5,6,3,2,2,67.5,381389,150.332
5,6,3,2,3,112.5,378150,143.477
5,6,3,2,4,157.5,376711,176.289
5,6,3,2,5,202.5,378250,148.105
5,6,3,2,6,247.5,378658,132.309
5,6,3,2,7,292.5,380612,127.34
5,6,3,2,8,337.5,380686,81.5839
5,6,3,3,1,22.5,293767,43.8678
5,6,3,3,2,67.5,293436,106.298
5,6,3,3,3,112.5,292122,97.7806
5,6,3,3,4,157.5,291140,90.9277
5,6,3,3,5,202.5,290866,75.423
5,6,3,3,6,247.5,292647,97.5098
5,6,3,3,7,292.5,294689,126.939
5,6,3,3,8,337.5,294024,46.0922
5,6,3,4,1,22.5,223583,49.2562
5,6,3,4,2,67.5,223522,105.155
5,6,3,4,3,112.5,221695,70.6259
5,6,3,4,4,157.5,221119,48.7452
5,6,3,4,5,202.5,220525,43.0642
5,6,3,4,6,247.5,222085,77.7765
5,6,3,4,7,292.5,224471,117.032
5,6,3,4,8,337.5,223328,53.3714
5,6,3,5,1,22.5,288965,66.6248
5,6,3,5,2,67.5,289315,130.398
5,6,3,5,3,112.5,285787,64.2245
5,6,3,5,4,157.5,282315,29.4094
5,6,3,5,5,202.5,283483,25.6478
5,6,3,5,6,247.5,286891,77.5763
5,6,3,5,7,292.5,289385,128.309
5,6,3,5,8,337.5,288682,64.6011
5,6,3,6,1,22.5,149321,44.6844
5,6,3,6,2,67.5,149504,84.9325
5,6,3,6,3,112.5,147900,32.5783
5,6,3,6,4,157.5,144592,6.26905
5,6,3,6,5,202.5,145882,5.97774
5,6,3,6,6,247.5,147537,38.9853
5,6,3,6,7,292.5,149264,75.9742
5,6,3,6,8,337.5,149719,41.1581
5,6,3,7,1,22.5,68874,27.9698
5,6,3,7,2,67.5,68566,45.5138
5,6,3,7,3,112.5,67922,13.5547
5,6,3,7,4,157.5,66603,0
5,6,3,7,5,202.5,66637,0
5,6,3,7,6,247.5,67693,16.1889
5,6,3,7,7,292.5,68310,42.3352
5,6,3,7,8,337.5,68529,31.0755
5,6,3,8,1,22.5,31493,19.3936
5,6,3,8,2,67.5,31520,25.0245
5,6,3,8,3,112.5,30678,0
5,6,3,8,4,157.5,30146,0
5,6,3,8,5,202.5,30310,0
5,6,3,8,6,247.5,30862,0
5,6,3,8,7,292.5,31426,20.9878
5,6,3,8,8,337.5,31297,20.0876
5,6,3,9,1,22.5,4283,5.7467
5,6,3,9,2,67.5,4321,6.12516
5,6,3,9,3,112.5,4093,0
5,6,3,9,4,157.5,4018,0
5,6,3,9,5,202.5,3912,0
5,6,3,9,6,247.5,4266,0
5,6,3,9,7,292.5,4296,6.39184
5,6,3,9,8,337.5,4284,6.62575
5,6,3,10,1,22.5,183,0
5,6,3,10,2,67.5,191,0
5,6,3,10,3,112.5,208,0
5,6,3,10,4,157.5,174,0
5,6,3,10,5,202.5,196,0
5,6,3,10,6,247.5,210,0
5,6,3,10,7,292.5,188,0
5,6,3,10,8,337.5,203,0
5,6,3,11,1,22.5,0,0
5,6,3,11,2,67.5,0,0
5,6,3,11,3,112.5,0,0
5,6,3,11,4,157.5,0,0
5,6,3,11,5,202.5,0,0
5,6,3,11,6,247.5,0,0
5,6,3,11,7,292.5,0,0
5,6,3,11,8,337.5,0,0
5,6,4,1,1,22.5,307417,140.07
5,6,4,1,2,67.5,308614,187.682
5,6,4,1,3,112.5,305999,247.025
5,6,4,1,4,157.5,306635,277.795
5,6,4,1,5,202.5,306672,251.133
5,6,4,1,6,247.5,307604,158.353
5,6,4,1,7,292.5,308006,139.856
5,6,4,1,8,337.5,306576,142.522
5,6,4,2,1,22.5,245284,92.2864
5,6,4,2,2,67.5,247292,111.233
5,6,4,2,3,112.5,245957,138.169
5,6,4,2,4,157.5,244451,196.417
5,6,4,2,5,202.5,244254,160.574
5,6,4,2,6,247.5,244684,108.553
5,6,4,2,7,292.5,246337,104.19
5,6,4,2,8,337.5,246596,91.5858
5,6,4,3,1,22.5,193388,60.4028
5,6,4,3,2,67.5,193819,88.0536
5,6,4,3,3,112.5,193099,103.866
5,6,4,3,4,157.5,190366,132.644
5,6,4,3,5,202.5,190638,113.324
5,6,4,3,6,247.5,192683,90.6395
5,6,4,3,7,292.5,193717,99.3637
5,6,4,3,8,337.5,193170,52.6939
5,6,4,4,1,22.5,148369,34.7972
5,6,4,4,2,67.5,149257,85.8289
5,6,4,4,3,112.5,146992,78.5446
5,6,4,4,4,157.5,145213,94.9226
5,6,4,4,5,202.5,145910,77.927
5,6,4,4,6,247.5,147376,79.7088
5,6,4,4,7,292.5,148433,115.446
5,6,4,4,8,337.5,148503,34.9817
5,6,4,5,1,22.5,193539,46.9051
5,6,4,5,2,67.5,193509,132.552
5,6,4,5,3,112.5,190631,79.8274
5,6,4,5,4,157.5,188457,74.3295
5,6,4,5,5,202.5,187458,62.3386
5,6,4,5,6,247.5,190635,100.3
5,6,4,5,7,292.5,193866,147.236
5,6,4,5,8,337.5,194594,53.713
5,6,4,6,1,22.5,99474,41.4229
5,6,4,6,2,67.5,99645,105.68
5,6,4,6,3,112.5,97579,53.1675
5,6,4,6,4,157.5,96607,29.325
5,6,4,6,5,202.5,96760,26.5959
5,6,4,6,6,247.5,97437,68.5306
5,6,4,6,7,292.5,99931,99.5022
5,6,4,6,8,337.5,100022,40.0201
5,6,4,7,1,22.5,46491,26.7364
5,6,4,7,2,67.5,45795,69.2947
5,6,4,7,3,112.5,45603,33.9907
5,6,4,7,4,157.5,44582,8.09234
5,6,4,7,5,202.5,44684,10.2242
5,6,4,7,6,247.5,45250,41.5234
5,6,4,7,7,292.5,45873,61.167
5,6,4,7,8,337.5,46347,25.6655
5,6,4,8,1,22.5,22207,20.5788
5,6,4,8,2,67.5,21805,46.4816
5,6,4,8,3,112.5,21556,21.4599
5,6,4,8,4,157.5,20613,0
5,6,4,8,5,202.5,21002,0
5,6,4,8,6,247.5,21451,24.0144
5,6,4,8,7,292.5,22196,39.7051
5,6,4,8,8,337.5,22211,21.3702
5,6,4,9,1,22.5,3519,9.40021
5,6,4,9,2,67.5,3480,16.694
5,6,4,9,3,112.5,3427,5.15582
5,6,4,9,4,157.5,3393,0
5,6,4,9,5,202.5,3321,0
5,6,4,9,6,247.5,3442,7.51898
5,6,4,9,7,292.5,3469,14.2619
5,6,4,9,8,337.5,3531,12.3778
5,6,4,10,1,22.5,233,3.3756
5,6,4,10,2,67.5,227,5.22351
5,6,4,10,3,112.5,229,0
5,6,4,10,4,157.5,209,0
5,6,4,10,5,202.5,205,0
5,6,4,10,6,247.5,210,0
5,6,4,10,7,292.5,238,4.1167
5,6,4,10,8,337.5,246,0
5,6,4,11,1,22.5,0,0
5,6,4,11,2,67.5,0,0
5,6,4,11,3,112.5,0,0
5,6,4,11,4,157.5,0,0
5,6,4,11,5,202.5,0,0
5,6,4,11,6,247.5,0,0
5,6,4,11,7,292.5,0,0
5,6,4,11,8,337.5,0,0
5,6,5,1,1,22.5,183524,149.151
5,6,5,1,2,67.5,182643,161.37
5,6,5,1,3,112.5,181547,191.678
5,6,5,1,4,157.5,180657,211.572
5,6,5,1,5,202.5,181055,191.721
5,6,5,1,6,247.5,181028,140.666
5,6,5,1,7,292.5,182131,109.258
5,6,5,1,8,337.5,182489,115.123
5,6,5,2,1,22.5,141701,65.4171
5,6,5,2,2,67.5,141407,73.3443
5,6,5,2,3,112.5,140714,128.932
5,6,5,2,4,157.5,139978,166.041
5,6,5,2,5,202.5,139365,144.195
5,6,5,2,6,247.5,140429,78.326
5,6,5,2,7,292.5,142124,66.6838
5,6,5,2,8,337.5,141401,64.1671
5,6,5,3,1,22.5,108444,48.6807
5,6,5,3,2,67.5,108369,58.5196
5,6,5,3,3,112.5,107154,92.1369
5,6,5,3,4,157.5,105547,133.328
5,6,5,3,5,202.5,106333,114.047
5,6,5,3,6,247.5,107058,60.4148
5,6,5,3,7,292.5,108740,61.9607
5,6,5,3,8,337.5,108160,48.5676
5,6,5,4,1,22.5,81741,34.142
5,6,5,4,2,67.5,81692,47.0606
5,6,5,4,3,112.5,80520,69.4228
5,6,5,4,4,157.5,79628,103.311
5,6,5,4,5,202.5,79579,87.1006
5,6,5,4,6,247.5,80765,51.7182
5,6,5,4,7,292.5,82034,73.0293
5,6,5,4,8,337.5,81983,32.8262
5,6,5,5,1,22.5,103843,32.0561
5,6,5,5,2,67.5,103758,77.8862
5,6,5,5,3,112.5,101440,69.2248
5,6,5,5,4,157.5,100448,100.723
5,6,5,5,5,202.5,100420,83.1197
5,6,5,5,6,247.5,101867,71.8478
5,6,5,5,7,292.5,103722,113.662
5,6,5,5,8,337.5,103170,33.8798
5,6,5,6,1,22.5,49840,23.6376
5,6,5,6,2,67.5,50158,76.4683
5,6,5,6,3,112.5,49199,44.3626
5,6,5,6,4,157.5,48097,51.3966
5,6,5,6,5,202.5,48268,43.8045
5,6,5,6,6,247.5,48829,58.793
5,6,5,6,7,292.5,50200,86.5723
5,6,5,6,8,337.5,50063,23.9233
5,6,5,7,1,22.5,20348,16.0882
5,6,5,7,2,67.5,20282,54.0913
5,6,5,7,3,112.5,19636,30.1215
5,6,5,7,4,157.5,19619,24.6172
5,6,5,7,5,202.5,19319,19.5429
5,6,5,7,6,247.5,20063,41.7328
5,6,5,7,7,292.5,20219,53.6093
5,6,5,7,8,337.5,20131,14.6416
5,6,5,8,1,22.5,8068,9.89216
5,6,5,8,2,67.5,8000,35.5801
5,6,5,8,3,112.5,7634,19.416
5,6,5,8,4,157.5,7668,11.7735
5,6,5,8,5,202.5,7415,9.43051
5,6,5,8,6,247.5,7792,28.5528
5,6,5,8,7,292.5,7919,32.6201
5,6,5,8,8,337.5,7935,7.15313
5,6,5,9,1,22.5,877,0
5,6,5,9,2,67.5,898,11.4501
5,6,5,9,3,112.5,873,7.68332
5,6,5,9,4,157.5,768,0
5,6,5,9,5,202.5,778,0
5,6,5,9,6,247.5,843,7.35862
5,6,5,9,7,292.5,857,7.57836
5,6,5,9,8,337.5,817,0
5,6,5,10,1,22.5,16,0
5,6,5,10,2,67.5,20,0
5,6,5,10,3,112.5,11,0
5,6,5,10,4,157.5,15,0
5,6,5,10,5,202.5,13,0
5,6,5,10,6,247.5,22,0
5,6,5,10,7,292.5,18,0
5,6,5,10,8,337.5,23,0
5,6,5,11,1,22.5,0,0
5,6,5,11,2,67.5,0,0
5,6,5,11,3,112.5,0,0
5,6,5,11,4,157.5,0,0
5,6,5,11,5,202.5,0,0
5,6,5,11,6,247.5,0,0
5,6,5,11,7,292.5,0,0
5,6,5,11,8,337.5,0,0
5,6,6,1,1,22.5,75688,115.329
5,6,6,1,2,67.5,76005,115.927
5,6,6,1,3,112.5,75606,128.803
5,6,6,1,4,157.5,75454,138.186
5,6,6,1,5,202.5,75173,126.503
5,6,6,1,6,247.5,75385,98.0275
5,6,6,1,7,292.5,75208,80.781
5,6,6,1,8,337.5,75884,90.5126
5,6,6,2,1,22.5,56512,57.5971
5,6,6,2,2,67.5,56459,57.247
5,6,6,2,3,112.5,55546,93.5179
5,6,6,2,4,157.5,55764,114.477
5,6,6,2,5,202.5,55466,102.405
5,6,6,2,6,247.5,55728,55.1375
5,6,6,2,7,292.5,56386,31.5272
5,6,6,2,8,337.5,56202,39.9507
5,6,6,3,1,22.5,40073,28.0724
5,6,6,3,2,67.5,39785,29.0689
5,6,6,3,3,112.5,39582,65.8386
5,6,6,3,4,157.5,39443,94.3261
5,6,6,3,5,202.5,39667,81.5095
5,6,6,3,6,247.5,39573,33.9942
5,6,6,3,7,292.5,39973,24.4553
5,6,6,3,8,337.5,40377,25.9061
5,6,6,4,1,22.5,27227,17.3929
5,6,6,4,2,67.5,27142,17.8898
5,6,6,4,3,112.5,26866,46.8671
5,6,6,4,4,157.5,26559,74.5977
5,6,6,4,5,202.5,26675,62.923
5,6,6,4,6,247.5,26870,24.6465
5,6,6,4,7,292.5,27478,29.3593
5,6,6,4,8,337.5,27444,16.1669
5,6,6,5,1,22.5,28681,14.6595
5,6,6,5,2,67.5,28368,23.9461
5,6,6,5,3,112.5,27924,42.7153
5,6,6,5,4,157.5,27519,74.1318
5,6,6,5,5,202.5,27754,62.8775
5,6,6,5,6,247.5,28034,31.9554
5,6,6,5,7,292.5,28505,50.1857
5,6,6,5,8,337.5,28618,16.8268
5,6,6,6,1,22.5,9415,7.65449
5,6,6,6,2,67.5,9745,23.9626
5,6,6,6,3,112.5,9485,21.3138
5,6,6,6,4,157.5,9517,40.3322
5,6,6,6,5,202.5,9509,34.0061
5,6,6,6,6,247.5,9540,22.1161
5,6,6,6,7,292.5,9678,39.4432
5,6,6,6,8,337.5,9700,10.5712
5,6,6,7,1,22.5,2491,0
5,6,6,7,2,67.5,2585,18.8369
5,6,6,7,3,112.5,2490,10.7417
5,6,6,7,4,157.5,2408,19.6111
5,6,6,7,5,202.5,2344,16.0449
5,6,6,7,6,247.5,2488,15.4913
5,6,6,7,7,292.5,2569,24.3605
5,6,6,7,8,337.5,2537,0
5,6,6,8,1,22.5,535,0
5,6,6,8,2,67.5,492,9.74315
5,6,6,8,3,112.5,504,4.48568
5,6,6,8,4,157.5,475,7.63948
5,6,6,8,5,202.5,537,6.69308
5,6,6,8,6,247.5,503,9.00958
5,6,6,8,7,292.5,514,11.7792
5,6,6,8,8,337.5,543,0
5,6,6,9,1,22.5,2,0
5,6,6,9,2,67.5,6,0
5,6,6,9,3,112.5,6,0
5,6,6,9,4,157.5,5,0
5,6,6,9,5,202.5,9,0
5,6,6,9,6,247.5,4,0
5,6,6,9,7,292.5,7,0
5,6,6,9,8,337.5,5,0
5,6,6,10,1,22.5,0,0
5,6,6,10,2,67.5,0,0
5,6,6,10,3,112.5,0,0
5,6,6,10,4,157.5,0,0
5,6,6,10,5,202.5,0,0
5,6,6,10,6,247.5,0,0
5,6,6,10,7,292.5,0,0
5,6,6,10,8,337.5,0,0
5,6,6,11,1,22.5,0,0
5,6,6,11,2,67.5,0,0
5,6,6,11,3,112.5,0,0
5,6,6,11,4,157.5,0,0
5,6,6,11,5,202.5,0,0
5,6,6,11,6,247.5,0,0
5,6,6,11,7,292.5,0,0
5,6,6,11,8,337.5,0,0
5,6,7,1,1,22.5,9509,44.8134
5,6,7,1,2,67.5,9283,46.6076
5,6,7,1,3,112.5,9470,52.3822
5,6,7,1,4,157.5,9186,51.6561
5,6,7,1,5,202.5,9362,47.6316
5,6,7,1,6,247.5,9507,39.7889
5,6,7,1,7,292.5,9537,32.1268
5,6,7,1,8,337.5,9545,36.5446
5,6,7,2,1,22.5,4998,23.4208
5,6,7,2,2,67.5,5125,23.4195
5,6,7,2,3,112.5,5043,31.0997
5,6,7,2,4,157.5,5064,37.8263
5,6,7,2,5,202.5,5026,33.2652
5,6,7,2,6,247.5,5072,17.7455
5,6,7,2,7,292.5,5018,7.25025
5,6,7,2,8,337.5,5042,11.2778
5,6,7,3,1,22.5,2516,7.81791
5,6,7,3,2,67.5,2457,7.23338
5,6,7,3,3,112.5,2483,20.8417
5,6,7,3,4,157.5,2446,27.0363
5,6,7,3,5,202.5,2402,25.6651
5,6,7,3,6,247.5,2470,8.64841
5,6,7,3,7,292.5,2497,0
5,6,7,3,8,337.5,2602,0
5,6,7,4,1,22.5,1161,0
5,6,7,4,2,67.5,1180,0
5,6,7,4,3,112.5,1107,10.01
5,6,7,4,4,157.5,1160,18.1229
5,6,7,4,5,202.5,1077,15.7544
5,6,7,4,6,247.5,1155,0
5,6,7,4,7,292.5,1115,0
5,6,7,4,8,337.5,1132,0
5,6,7,5,1,22.5,601,0
5,6,7,5,2,67.5,606,0
5,6,7,5,3,112.5,647,7.57577
5,6,7,5,4,157.5,545,15.0529
5,6,7,5,5,202.5,621,13.2475
5,6,7,5,6,247.5,610,0
5,6,7,5,7,292.5,614,4.58567
5,6,7,5,8,337.5,579,0
5,6,7,6,1,22.5,31,0
5,6,7,6,2,67.5,41,0
5,6,7,6,3,112.5,29,0
5,6,7,6,4,157.5,34,0
5,6,7,6,5,202.5,35,3.63958
5,6,7,6,6,247.5,26,0
5,6,7,6,7,292.5,50,0
5,6,7,6,8,337.5,28,0
5,6,7,7,1,22.5,0,0
5,6,7,7,2,67.5,0,0
5,6,7,7,3,112.5,0,0
5,6,7,7,4,157.5,0,0
5,6,7,7,5,202.5,0,0
5,6,7,7,6,247.5,0,0
5,6,7,7,7,292.5,0,0
5,6,7,7,8,337.5,0,0
5,6,7,8,1,22.5,0,0
5,6,7,8,2,67.5,0,0
5,6,7,8,3,112.5,0,0
5,6,7,8,4,157.5,0,0
5,6,7,8,5,202.5,0,0
5,6,7,8,6,247.5,0,0
5,6,7,8,7,292.5,0,0
5,6,7,8,8,337.5,0,0
5,6,7,9,1,22.5,0,0
5,6,7,9,2,67.5,0,0
5,6,7,9,3,112.5,0,0
5,6,7,9,4,157.5,0,0
5,6,7,9,5,202.5,0,0
5,6,7,9,6,247.5,0,0
5,6,7,9,7,292.5,0,0
5,6,7,9,8,337.5,0,0
5,6,7,10,1,22.5,0,0
5,6,7,10,2,67.5,0,0
5,6,7,10,3,112.5,0,0
5,6,7,10,4,157.5,0,0
5,6,7,10,5,202.5,0,0
5,6,7,10,6,247.5,0,0
5,6,7,10,7,292.5,0,0
5,6,7,10,8,337.5,0,0
5,6,7,11,1,22.5,0,0
5,6,7,11,2,67.5,0,0
5,6,7,11,3,112.5,0,0
5,6,7,11,4,157.5,0,0
5,6,7,11,5,202.5,0,0
5,6,7,11,6,247.5,0,0
5,6,7,11,7,292.5,0,0
5,6,7,11,8,337.5,0,0
5,6,8,1,1,22.5,8.37801,3.25938
5,6,8,1,2,67.5,38.6247,6.74176
5,6,8,1,3,112.5,18.9589,4.46501
5,6,8,1,4,157.5,12.2593,3.8843
5,6,8,1,5,202.5,16.1423,4.56082
5,6,8,1,6,247.5,0,0
5,6,8,1,7,292.5,8.74617,3.46978
5,6,8,1,8,337.5,0,0
5,6,8,2,1,22.5,0,0
5,6,8,2,2,67.5,0,0
5,6,8,2,3,112.5,0,0
5,6,8,2,4,157.5,0,0
5,6,8,2,5,202.5,0,0
5,6,8,2,6,247.5,0,0
5,6,8,2,7,292.5,0,0
5,6,8,2,8,337.5,0,0
5,6,8,3,1,22.5,0,0
5,6,8,3,2,67.5,0,0
5,6,8,3,3,112.5,0,0
5,6,8,3,4,157.5,0,0
5,6,8,3,5,202.5,0,0
5,6,8,3,6,247.5,0,0
5,6,8,3,7,292.5,0,0
5,6,8,3,8,337.5,0,0
5,6,8,4,1,22.5,0,0
5,6,8,4,2,67.5,0,0
5,6,8,4,3,112.5,0,0
5,6,8,4,4,157.5,0,0
5,6,8,4,5,202.5,0,0
5,6,8,4,6,247.5,0,0
5,6,8,4,7,292.5,0,0
5,6,8,4,8,337.5,0,0
5,6,8,5,1,22.5,0,0
5,6,8,5,2,67.5,0,0
5,6,8,5,3,112.5,0,0
5,6,8,5,4,157.5,0,0
5,6,8,5,5,202.5,0,0
5,6,8,5,6,247.5,0,0
5,6,8,5,7,292.5,0,0
5,6,8,5,8,337.5,0,0
5,6,8,6,1,22.5,0,0
5,6,8,6,2,67.5,0,0
5,6,8,6,3,112.5,0,0
5,6,8,6,4,157.5,0,0
5,6,8,6,5,202.5,0,0
5,6,8,6,6,247.5,0,0
5,6,8,6,7,292.5,0,0
5,6,8,6,8,337.5,0,0
5,6,8,7,1,22.5,0,0
5,6,8,7,2,67.5,0,0
5,6,8,7,3,112.5,0,0
5,6,8,7,4,157.5,0,0
5,6,8,7,5,202.5,0,0
5,6,8,7,6,247.5,0,0
5,6,8,7,7,292.5,0,0
5,6,8,7,8,337.5,0,0
5,6,8,8,1,22.5,0,0
5,6,8,8,2,67.5,0,0
5,6,8,8,3,112.5,0,0
5,6,8,8,4,157.5,0,0
5,6,8,8,5,202.5,0,0
5,6,8,8,6,247.5,0,0
5,6,8,8,7,292.5,0,0
5,6,8,8,8,337.5,0,0
5,6,8,9,1,22.5,0,0
5,6,8,9,2,67.5,0,0
5,6,8,9,3,112.5,0,0
5,6,8,9,4,157.5,0,0
5,6,8,9,5,202.5,0,0
5,6,8,9,6,247.5,0,0
5,6,8,9,7,292.5,0,0
5,6,8,9,8,337.5,0,0
5,6,8,10,1,22.5,0,0
5,6,8,10,2,67.5,0,0
5,6,8,10,3,112.5,0,0
5,6,8,10,4,157.5,0,0
5,6,8,10,5,202.5,0,0
5,6,8,10,6,247.5,0,0
5,6,8,10,7,292.5,0,0
5,6,8,10,8,337.5,0,0
5,6,8,11,1,22.5,0,0
5,6,8,11,2,67.5,0,0
5,6,8,11,3,112.5,0,0
5,6,8,11,4,157.5,0,0
5,6,8,11,5,202.5,0,0
5,6,8,11,6,247.5,0,0
5,6,8,11,7,292.5,0,0
5,6,8,11,8,337.5,0,0
6,7,1,1,1,22.5,3.19956e+06,0
6,7,1,1,2,67.5,3.20531e+06,0
6,7,1,1,3,112.5,3.20812e+06,0
6,7,1,1,4,157.5,3.20529e+06,0
6,7,1,1,5,202.5,3.20464e+06,0
6,7,1,1,6,247.5,3.21033e+06,0
6,7,1,1,7,292.5,3.20824e+06,0
6,7,1,1,8,337.5,3.20544e+06,0
6,7,1,2,1,22.5,1.0011e+06,0
6,7,1,2,2,67.5,999645,0
6,7,1,2,3,112.5,1.00103e+06,0
6,7,1,2,4,157.5,998786,0
6,7,1,2,5,202.5,999976,0
6,7,1,2,6,247.5,1.00111e+06,0
6,7,1,2,7,292.5,1.00233e+06,0
6,7,1,2,8,337.5,1.00098e+06,0
6,7,1,3,1,22.5,378604,0
6,7,1,3,2,67.5,380401,0
6,7,1,3,3,112.5,381224,0
6,7,1,3,4,157.5,379753,0
6,7,1,3,5,202.5,379715,0
6,7,1,3,6,247.5,380191,0
6,7,1,3,7,292.5,381620,0
6,7,1,3,8,337.5,380494,0
6,7,1,4,1,22.5,142870,0
6,7,1,4,2,67.5,142202,0
6,7,1,4,3,112.5,142009,0
6,7,1,4,4,157.5,142439,0
6,7,1,4,5,202.5,141917,0
6,7,1,4,6,247.5,142569,0
6,7,1,4,7,292.5,142673,0
6,7,1,4,8,337.5,142146,0
6,7,1,5,1,22.5,54980,0
6,7,1,5,2,67.5,55051,0
6,7,1,5,3,112.5,54592,0
6,7,1,5,4,157.5,54456,0
6,7,1,5,5,202.5,54708,0
6,7,1,5,6,247.5,54721,0
6,7,1,5,7,292.5,55012,0
6,7,1,5,8,337.5,54797,0
6,7,1,6,1,22.5,1515,0
6,7,1,6,2,67.5,1575,0
6,7,1,6,3,112.5,1525,0
6,7,1,6,4,157.5,1506,0
6,7,1,6,5,202.5,1515,0
6,7,1,6,6,247.5,1548,0
6,7,1,6,7,292.5,1580,0
6,7,1,6,8,337.5,1540,0
6,7,1,7,1,22.5,0,0
6,7,1,7,2,67.5,0,0
6,7,1,7,3,112.5,0,0
6,7,1,7,4,157.5,0,0
6,7,1,7,5,202.5,0,0
6,7,1,7,6,247.5,0,0
6,7,1,7,7,292.5,0,0
6,7,1,7,8,337.5,0,0
6,7,1,8,1,22.5,0,0
6,7,1,8,2,67.5,0,0
6,7,1,8,3,112.5,0,0
6,7,1,8,4,157.5,0,0
6,7,1,8,5,202.5,0,0
6,7,1,8,6,247.5,0,0
6,7,1,8,7,292.5,0,0
6,7,1,8,8,337.5,0,0
6,7,1,9,1,22.5,0,0
6,7,1,9,2,67.5,0,0
6,7,1,9,3,112.5,0,0
6,7,1,9,4,157.5,0,0
6,7,1,9,5,202.5,0,0
6,7,1,9,6,247.5,0,0
6,7,1,9,7,292.5,0,0
6,7,1,9,8,337.5,0,0
6,7,1,10,1,22.5,0,0
6,7,1,10,2,67.5,0,0
6,7,1,10,3,112.5,0,0
6,7,1,10,4,157.5,0,0
6,7,1,10,5,202.5,0,0
6,7,1,10,6,247.5,0,0
6,7,1,10,7,292.5,0,0
6,7,1,10,8,337.5,0,0
6,7,1,11,1,22.5,0,0
6,7,1,11,2,67.5,0,0
6,7,1,11,3,112.5,0,0
6,7,1,11,4,157.5,0,0
6,7,1,11,5,202.5,0,0
6,7,1,11,6,247.5,0,0
6,7,1,11,7,292.5,0,0
6,7,1,11,8,337.5,0,0
6,7,2,1,1,22.5,541405,17.4779
6,7,2,1,2,67.5,540850,58.7284
6,7,2,1,3,112.5,541368,29.0455
6,7,2,1,4,157.5,541299,26.3196
6,7,2,1,5,202.5,539103,29.6842
6,7,2,1,6,247.5,539688,31.9311
6,7,2,1,7,292.5,542279,37.0873
6,7,2,1,8,337.5,542593,19.933
6,7,2,2,1,22.5,384332,0
6,7,2,2,2,67.5,384285,16.1904
6,7,2,2,3,112.5,383594,12.0547
6,7,2,2,4,157.5,382272,0
6,7,2,2,5,202.5,382341,0
6,7,2,2,6,247.5,383648,12.0557
6,7,2,2,7,292.5,383870,19.3058
6,7,2,2,8,337.5,384231,5.34771
6,7,2,3,1,22.5,250952,7.41586
6,7,2,3,2,67.5,251821,14.8196
6,7,2,3,3,112.5,250745,4.52426
6,7,2,3,4,157.5,248392,0
6,7,2,3,5,202.5,250018,0
6,7,2,3,6,247.5,250207,4.75596
6,7,2,3,7,292.5,251886,16.5145
6,7,2,3,8,337.5,251568,7.56041
6,7,2,4,1,22.5,162450,8.45923
6,7,2,4,2,67.5,162811,8.19915
6,7,2,4,3,112.5,162522,0
6,7,2,4,4,157.5,160761,0
6,7,2,4,5,202.5,161415,0
6,7,2,4,6,247.5,162609,0
6,7,2,4,7,292.5,162959,12.4042
6,7,2,4,8,337.5,162350,5.67735
6,7,2,5,1,22.5,150075,5.96692
6,7,2,5,2,67.5,150340,10.3254
6,7,2,5,3,112.5,148912,0
6,7,2,5,4,157.5,148395,0
6,7,2,5,5,202.5,148769,0
6,7,2,5,6,247.5,149182,0
6,7,2,5,7,292.5,149259,10.0403
6,7,2,5,8,337.5,149737,0
6,7,2,6,1,22.5,29043,0
6,7,2,6,2,67.5,29115,0
6,7,2,6,3,112.5,29194,0
6,7,2,6,4,157.5,28632,0
6,7,2,6,5,202.5,28792,0
6,7,2,6,6,247.5,29178,0
6,7,2,6,7,292.5,29084,0
6,7,2,6,8,337.5,29395,0
6,7,2,7,1,22.5,2180,0
6,7,2,7,2,67.5,2161,0
6,7,2,7,3,112.5,2080,0
6,7,2,7,4,157.5,2095,0
6,7,2,7,5,202.5,2085,0
6,7,2,7,6,247.5,2085,0
6,7,2,7,7,292.5,2114,0
6,7,2,7,8,337.5,2066,0
6,7,2,8,1,22.5,16,0
6,7,2,8,2,67.5,9,0
6,7,2,8,3,112.5,16,0
6,7,2,8,4,157.5,10,0
6,7,2,8,5,202.5,4,0
6,7,2,8,6,247.5,9,0
6,7,2,8,7,292.5,14,0
6,7,2,8,8,337.5,7,0
6,7,2,9,1,22.5,0,0
6,7,2,9,2,67.5,0,0
6,7,2,9,3,112.5,0,0
6,7,2,9,4,157.5,0,0
6,7,2,9,5,202.5,0,0
6,7,2,9,6,247.5,0,0
6,7,2,9,7,292.5,0,0
6,7,2,9,8,337.5,0,0
6,7,2,10,1,22.5,0,0
6,7,2,10,2,67.5,0,0
6,7,2,10,3,112.5,0,0
6,7,2,10,4,157.5,0,0
6,7,2,10,5,202.5,0,0
6,7,2,10,6,247.5,0,0
6,7,2,10,7,292.5,0,0
6,7,2,10,8,337.5,0,0
6,7,2,11,1,22.5,0,0
6,7,2,11,2,67.5,0,0
6,7,2,11,3,112.5,0,0
6,7,2,11,4,157.5,0,0
6,7,2,11,5,202.5,0,0
6,7,2,11,6,247.5,0,0
6,7,2,11,7,292.5,0,0
6,7,2,11,8,337.5,0,0
6,7,3,1,1,22.5,285629,105.084
6,7,3,1,2,67.5,285555,124.249
6,7,3,1,3,112.5,285360,123.564
6,7,3,1,4,157.5,284364,137.973
6,7,3,1,5,202.5,283984,140.531
6,7,3,1,6,247.5,285860,133.929
6,7,3,1,7,292.5,286209,126.415
6,7,3,1,8,337.5,285828,94.0797
6,7,3,2,1,22.5,210594,56.2141
6,7,3,2,2,67.5,210974,81.1337
6,7,3,2,3,112.5,209881,62.2498
6,7,3,2,4,157.5,208728,35.3149
6,7,3,2,5,202.5,207519,35.3727
6,7,3,2,6,247.5,209690,62.2943
6,7,3,2,7,292.5,211070,72.5065
6,7,3,2,8,337.5,211126,52.7064
6,7,3,3,1,22.5,150243,28.3318
6,7,3,3,2,67.5,150767,53.5342
6,7,3,3,3,112.5,149420,35.2074
6,7,3,3,4,157.5,148480,8.63915
6,7,3,3,5,202.5,148643,14.8575
6,7,3,3,6,247.5,149997,33.1039
6,7,3,3,7,292.5,150971,62.9685
6,7,3,3,8,337.5,150044,29.1944
6,7,3,4,1,22.5,105394,26.1609
6,7,3,4,2,67.5,104956,50.1782
6,7,3,4,3,112.5,104006,18.4039
6,7,3,4,4,157.5,104078,0
6,7,3,4,5,202.5,103748,0
6,7,3,4,6,247.5,104200,18.3178
6,7,3,4,7,292.5,105032,54.4165
6,7,3,4,8,337.5,105037,29.4694
6,7,3,5,1,22.5,110885,33.1821
6,7,3,5,2,67.5,111381,54.1517
6,7,3,5,3,112.5,110754,10.531
6,7,3,5,4,157.5,108427,4.09211
6,7,3,5,5,202.5,109783,0
6,7,3,5,6,247.5,110202,13.442
6,7,3,5,7,292.5,111198,53.312
6,7,3,5,8,337.5,111339,32.8725
6,7,3,6,1,22.5,33564,16.0143
6,7,3,6,2,67.5,33486,25.5459
6,7,3,6,3,112.5,33190,0
6,7,3,6,4,157.5,32861,0
6,7,3,6,5,202.5,33174,0
6,7,3,6,6,247.5,33349,0
6,7,3,6,7,292.5,33775,23.927
6,7,3,6,8,337.5,33556,15.9982
6,7,3,7,1,22.5,5743,4.30218
6,7,3,7,2,67.5,5833,9.82973
6,7,3,7,3,112.5,5766,0
6,7,3,7,4,157.5,5740,0
6,7,3,7,5,202.5,5714,0
6,7,3,7,6,247.5,5738,0
6,7,3,7,7,292.5,5730,7.90532
6,7,3,7,8,337.5,5874,6.37051
6,7,3,8,1,22.5,284,0
6,7,3,8,2,67.5,247,0
6,7,3,8,3,112.5,254,0
6,7,3,8,4,157.5,283,0
6,7,3,8,5,202.5,242,0
6,7,3,8,6,247.5,254,0
6,7,3,8,7,292.5,269,0
6,7,3,8,8,337.5,294,0
6,7,3,9,1,22.5,0,0
6,7,3,9,2,67.5,0,0
6,7,3,9,3,112.5,0,0
6,7,3,9,4,157.5,0,0
6,7,3,9,5,202.5,0,0
6,7,3,9,6,247.5,0,0
6,7,3,9,7,292.5,0,0
6,7,3,9,8,337.5,0,0
6,7,3,10,1,22.5,0,0
6,7,3,10,2,67.5,0,0
6,7,3,10,3,112.5,0,0
6,7,3,10,4,157.5,0,0
6,7,3,10,5,202.5,0,0
6,7,3,10,6,247.5,0,0
6,7,3,10,7,292.5,0,0
6,7,3,10,8,337.5,0,0
6,7,3,11,1,22.5,0,0
6,7,3,11,2,67.5,0,0
6,7,3,11,3,112.5,0,0
6,7,3,11,4,157.5,0,0
6,7,3,11,5,202.5,0,0
6,7,3,11,6,247.5,0,0
6,7,3,11,7,292.5,0,0
6,7,3,11,8,337.5,0,0
6,7,4,1,1,22.5,161505,120.954
6,7,4,1,2,67.5,162126,113.021
6,7,4,1,3,112.5,160597,156.063
6,7,4,1,4,157.5,160837,154.43
6,7,4,1,5,202.5,161428,148.129
6,7,4,1,6,247.5,160666,109.962
6,7,4,1,7,292.5,161176,104.085
6,7,4,1,8,337.5,161614,102.749
6,7,4,2,1,22.5,122008,65.7081
6,7,4,2,2,67.5,122572,78.5825
6,7,4,2,3,112.5,121603,74.3639
6,7,4,2,4,157.5,121581,71.0903
6,7,4,2,5,202.5,120727,62.9948
6,7,4,2,6,247.5,121471,67.6903
6,7,4,2,7,292.5,122500,75.8337
6,7,4,2,8,337.5,122012,70.137
6,7,4,3,1,22.5,89186,45.7061
6,7,4,3,2,67.5,88737,56.7932
6,7,4,3,3,112.5,88950,50.3713
6,7,4,3,4,157.5,88034,29.7631
6,7,4,3,5,202.5,88110,28.4205
6,7,4,3,6,247.5,88544,47.5857
6,7,4,3,7,292.5,89520,60.6941
6,7,4,3,8,337.5,88817,42.1196
6,7,4,4,1,22.5,61551,26.656
6,7,4,4,2,67.5,61701,50.6337
6,7,4,4,3,112.5,60875,31.673
6,7,4,4,4,157.5,60466,10.3567
6,7,4,4,5,202.5,60393,11.3401
6,7,4,4,6,247.5,61142,32.5482
6,7,4,4,7,292.5,61386,64.496
6,7,4,4,8,337.5,61244,25.3212
6,7,4,5,1,22.5,62356,26.4468
6,7,4,5,2,67.5,62805,64.8599
6,7,4,5,3,112.5,61491,26.7683
6,7,4,5,4,157.5,61315,17.6157
6,7,4,5,5,202.5,61319,0
6,7,4,5,6,247.5,61875,30.7574
6,7,4,5,7,292.5,62934,73.197
6,7,4,5,8,337.5,62667,27.5082
6,7,4,6,1,22.5,17908,17.5882
6,7,4,6,2,67.5,17971,39.114
6,7,4,6,3,112.5,17630,11.2935
6,7,4,6,4,157.5,17452,0
6,7,4,6,5,202.5,17295,0
6,7,4,6,6,247.5,17785,13.6454
6,7,4,6,7,292.5,18255,38.7966
6,7,4,6,8,337.5,17894,17.7845
6,7,4,7,1,22.5,3007,4.48636
6,7,4,7,2,67.5,2964,16.9393
6,7,4,7,3,112.5,2861,4.18633
6,7,4,7,4,157.5,2829,0
6,7,4,7,5,202.5,2804,0
6,7,4,7,6,247.5,2806,3.2902
6,7,4,7,7,292.5,2930,16.9761
6,7,4,7,8,337.5,2918,4.18023
6,7,4,8,1,22.5,134,0
6,7,4,8,2,67.5,105,6.83893
6,7,4,8,3,112.5,110,0
6,7,4,8,4,157.5,100,0
6,7,4,8,5,202.5,105,0
6,7,4,8,6,247.5,116,0
6,7,4,8,7,292.5,102,0
6,7,4,8,8,337.5,125,0
6,7,4,9,1,22.5,0,0
6,7,4,9,2,67.5,0,0
6,7,4,9,3,112.5,0,0
6,7,4,9,4,157.5,0,0
6,7,4,9,5,202.5,0,0
6,7,4,9,6,247.5,0,0
6,7,4,9,7,292.5,0,0
6,7,4,9,8,337.5,0,0
6,7,4,10,1,22.5,0,0
6,7,4,10,2,67.5,0,0
6,7,4,10,3,112.5,0,0
6,7,4,10,4,157.5,0,0
6,7,4,10,5,202.5,0,0
6,7,4,10,6,247.5,0,0
6,7,4,10,7,292.5,0,0
6,7,4,10,8,337.5,0,0
6,7,4,11,1,22.5,0,0
6,7,4,11,2,67.5,0,0
6,7,4,11,3,112.5,0,0
6,7,4,11,4,157.5,0,0
6,7,4,11,5,202.5,0,0
6,7,4,11,6,247.5,0,0
6,7,4,11,7,292.5,0,0
6,7,4,11,8,337.5,0,0
6,7,5,1,1,22.5,81262,109.948
6,7,5,1,2,67.5,81207,112.182
6,7,5,1,3,112.5,80942,125.766
6,7,5,1,4,157.5,80766,129.977
6,7,5,1,5,202.5,80545,122.175
6,7,5,1,6,247.5,81110,94.33
6,7,5,1,7,292.5,81838,77.8668
6,7,5,1,8,337.5,80737,92.2296
6,7,5,2,1,22.5,57771,49.4864
6,7,5,2,2,67.5,57545,52.1681
6,7,5,2,3,112.5,57179,74.0314
6,7,5,2,4,157.5,56737,79.6434
6,7,5,2,5,202.5,56716,73.0305
6,7,5,2,6,247.5,57161,53.1563
6,7,5,2,7,292.5,57461,48.3147
6,7,5,2,8,337.5,57743,48.6569
6,7,5,3,1,22.5,37581,33.4116
6,7,5,3,2,67.5,37498,36.2598
6,7,5,3,3,112.5,37770,47.7575
6,7,5,3,4,157.5,37389,45.1646
6,7,5,3,5,202.5,37486,40.8835
6,7,5,3,6,247.5,37756,35.4568
6,7,5,3,7,292.5,38008,37.7593
6,7,5,3,8,337.5,37996,34.8155
6,7,5,4,1,22.5,22988,22.9108
6,7,5,4,2,67.5,23160,26.8908
6,7,5,4,3,112.5,22739,30.4614
6,7,5,4,4,157.5,22542,24.0571
6,7,5,4,5,202.5,22783,21.0131
6,7,5,4,6,247.5,22558,25.9708
6,7,5,4,7,292.5,22782,36.2228
6,7,5,4,8,337.5,23369,21.5372
6,7,5,5,1,22.5,18125,16.672
6,7,5,5,2,67.5,18295,32.5034
6,7,5,5,3,112.5,18091,22.8066
6,7,5,5,4,157.5,17851,13.6262
6,7,5,5,5,202.5,17900,12.0075
6,7,5,5,6,247.5,17870,23.9259
6,7,5,5,7,292.5,18280,45.6875
6,7,5,5,8,337.5,18135,16.2989
6,7,5,6,1,22.5,3198,0
6,7,5,6,2,67.5,3186,19.7086
6,7,5,6,3,112.5,3134,7.49892
6,7,5,6,4,157.5,3047,0
6,7,5,6,5,202.5,3027,0
6,7,5,6,6,247.5,3091,12.8552
6,7,5,6,7,292.5,3142,25.3372
6,7,5,6,8,337.5,3176,5.16961
6,7,5,7,1,22.5,170,0
6,7,5,7,2,67.5,201,4.92467
6,7,5,7,3,112.5,169,0
6,7,5,7,4,157.5,176,0
6,7,5,7,5,202.5,179,0
6,7,5,7,6,247.5,175,0
6,7,5,7,7,292.5,198,8.68836
6,7,5,7,8,337.5,183,0
6,7,5,8,1,22.5,0,0
6,7,5,8,2,67.5,1,0
6,7,5,8,3,112.5,0,0
6,7,5,8,4,157.5,0,0
6,7,5,8,5,202.5,0,0
6,7,5,8,6,247.5,0,0
6,7,5,8,7,292.5,0,0
6,7,5,8,8,337.5,0,0
6,7,5,9,1,22.5,0,0
6,7,5,9,2,67.5,0,0
6,7,5,9,3,112.5,0,0
6,7,5,9,4,157.5,0,0
6,7,5,9,5,202.5,0,0
6,7,5,9,6,247.5,0,0
6,7,5,9,7,292.5,0,0
6,7,5,9,8,337.5,0,0
6,7,5,10,1,22.5,0,0
6,7,5,10,2,67.5,0,0
6,7,5,10,3,112.5,0,0
6,7,5,10,4,157.5,0,0
6,7,5,10,5,202.5,0,0
6,7,5,10,6,247.5,0,0
6,7,5,10,7,292.5,0,0
6,7,5,10,8,337.5,0,0
6,7,5,11,1,22.5,0,0
6,7,5,11,2,67.5,0,0
6,7,5,11,3,112.5,0,0
6,7,5,11,4,157.5,0,0
6,7,5,11,5,202.5,0,0
6,7,5,11,6,247.5,0,0
6,7,5,11,7,292.5,0,0
6,7,5,11,8,337.5,0,0
6,7,6,1,1,22.5,18592,63.7429
6,7,6,1,2,67.5,18475,64.4881
6,7,6,1,3,112.5,18241,67.3352
6,7,6,1,4,157.5,17972,67.1291
6,7,6,1,5,202.5,18236,63.0091
6,7,6,1,6,247.5,18343,52.7752
6,7,6,1,7,292.5,18364,45.0948
6,7,6,1,8,337.5,18459,51.211
6,7,6,2,1,22.5,9497,29.5694
6,7,6,2,2,67.5,9209,28.2035
6,7,6,2,3,112.5,9288,40.0906
6,7,6,2,4,157.5,9122,46.2695
6,7,6,2,5,202.5,9083,41.1525
6,7,6,2,6,247.5,9488,26.2189
6,7,6,2,7,292.5,9475,15.1622
6,7,6,2,8,337.5,9517,22.2815
6,7,6,3,1,22.5,4156,12.039
6,7,6,3,2,67.5,4186,11.2929
6,7,6,3,3,112.5,4119,21.9881
6,7,6,3,4,157.5,4188,29.0829
6,7,6,3,5,202.5,4026,23.3102
6,7,6,3,6,247.5,4081,11.3177
6,7,6,3,7,292.5,4048,8.31946
6,7,6,3,8,337.5,4239,7.62553
6,7,6,4,1,22.5,1586,0
6,7,6,4,2,67.5,1567,0
6,7,6,4,3,112.5,1546,10.5104
6,7,6,4,4,157.5,1464,12.8865
6,7,6,4,5,202.5,1458,12.4588
6,7,6,4,6,247.5,1606,6.17322
6,7,6,4,7,292.5,1538,0
6,7,6,4,8,337.5,1633,5.29142
6,7,6,5,1,22.5,546,0
6,7,6,5,2,67.5,538,0
6,7,6,5,3,112.5,499,7.62884
6,7,6,5,4,157.5,506,6.5353
6,7,6,5,5,202.5,500,7.11923
6,7,6,5,6,247.5,483,0
6,7,6,5,7,292.5,493,7.45173
6,7,6,5,8,337.5,508,0
6,7,6,6,1,22.5,4,0
6,7,6,6,2,67.5,7,0
6,7,6,6,3,112.5,2,0
6,7,6,6,4,157.5,2,0
6,7,6,6,5,202.5,4,0
6,7,6,6,6,247.5,6,0
6,7,6,6,7,292.5,14.8766,4.25776
6,7,6,6,8,337.5,5,0
6,7,6,7,1,22.5,0,0
6,7,6,7,2,67.5,0,0
6,7,6,7,3,112.5,0,0
6,7,6,7,4,157.5,0,0
6,7,6,7,5,202.5,0,0
6,7,6,7,6,247.5,0,0
6,7,6,7,7,292.5,0,0
6,7,6,7,8,337.5,0,0
6,7,6,8,1,22.5,0,0
6,7,6,8,2,67.5,0,0
6,7,6,8,3,112.5,0,0
6,7,6,8,4,157.5,0,0
6,7,6,8,5,202.5,0,0
6,7,6,8,6,247.5,0,0
6,7,6,8,7,292.5,0,0
6,7,6,8,8,337.5,0,0
6,7,6,9,1,22.5,0,0
6,7,6,9,2,67.5,0,0
6,7,6,9,3,112.5,0,0
6,7,6,9,4,157.5,0,0
6,7,6,9,5,202.5,0,0
6,7,6,9,6,247.5,0,0
6,7,6,9,7,292.5,0,0
6,7,6,9,8,337.5,0,0
6,7,6,10,1,22.5,0,0
6,7,6,10,2,67.5,0,0
6,7,6,10,3,112.5,0,0
6,7,6,10,4,157.5,0,0
6,7,6,10,5,202.5,0,0
6,7,6,10,6,247.5,0,0
6,7,6,10,7,292.5,0,0
6,7,6,10,8,337.5,0,0
6,7,6,11,1,22.5,0,0
6,7,6,11,2,67.5,0,0
6,7,6,11,3,112.5,0,0
6,7,6,11,4,157.5,0,0
6,7,6,11,5,202.5,0,0
6,7,6,11,6,247.5,0,0
6,7,6,11,7,292.5,0,0
6,7,6,11,8,337.5,0,0
6,7,7,1,1,22.5,124.703,11.9089
6,7,7,1,2,67.5,140.189,12.7932
6,7,7,1,3,112.5,162.518,13.5505
6,7,7,1,4,157.5,111.197,11.4242
6,7,7,1,5,202.5,79.4512,9.78981
6,7,7,1,6,247.5,43.2687,6.98272
6,7,7,1,7,292.5,29.3297,5.7025
6,7,7,1,8,337.5,118.059,11.8445
6,7,7,2,1,22.5,56.1927,8.26036
6,7,7,2,2,67.5,1,0
6,7,7,2,3,112.5,50.4788,7.97606
6,7,7,2,4,157.5,59.9284,8.52643
6,7,7,2,5,202.5,41.3333,7.21799
6,7,7,2,6,247.5,13.9394,4.28128
6,7,7,2,7,292.5,0,0
6,7,7,2,8,337.5,15.6102,4.38513
6,7,7,3,1,22.5,0,0
6,7,7,3,2,67.5,10.8319,3.44186
6,7,7,3,3,112.5,0,0
6,7,7,3,4,157.5,0,0
6,7,7,3,5,202.5,0,0
6,7,7,3,6,247.5,0,0
6,7,7,3,7,292.5,0,0
6,7,7,3,8,337.5,0,0
6,7,7,4,1,22.5,0,0
6,7,7,4,2,67.5,0,0
6,7,7,4,3,112.5,0,0
6,7,7,4,4,157.5,0,0
6,7,7,4,5,202.5,0,0
6,7,7,4,6,247.5,0,0
6,7,7,4,7,292.5,0,0
6,7,7,4,8,337.5,0,0
6,7,7,5,1,22.5,0,0
6,7,7,5,2,67.5,0,0
6,7,7,5,3,112.5,0,0
6,7,7,5,4,157.5,0,0
6,7,7,5,5,202.5,0,0
6,7,7,5,6,247.5,0,0
6,7,7,5,7,292.5,0,0
6,7,7,5,8,337.5,0,0
6,7,7,6,1,22.5,0,0
6,7,7,6,2,67.5,0,0
6,7,7,6,3,112.5,0,0
6,7,7,6,4,157.5,0,0
6,7,7,6,5,202.5,0,0
6,7,7,6,6,247.5,0,0
6,7,7,6,7,292.5,0,0
6,7,7,6,8,337.5,0,0
6,7,7,7,1,22.5,0,0
6,7,7,7,2,67.5,0,0
6,7,7,7,3,112.5,0,0
6,7,7,7,4,157.5,0,0
6,7,7,7,5,202.5,0,0
6,7,7,7,6,247.5,0,0
6,7,7,7,7,292.5,0,0
6,7,7,7,8,337.5,0,0
6,7,7,8,1,22.5,0,0
6,7,7,8,2,67.5,0,0
6,7,7,8,3,112.5,0,0
6,7,7,8,4,157.5,0,0
6,7,7,8,5,202.5,0,0
6,7,7,8,6,247.5,0,0
6,7,7,8,7,292.5,0,0
6,7,7,8,8,337.5,0,0
6,7,7,9,1,22.5,0,0
6,7,7,9,2,67.5,0,0
6,7,7,9,3,112.5,0,0
6,7,7,9,4,157.5,0,0
6,7,7,9,5,202.5,0,0
6,7,7,9,6,247.5,0,0
6,7,7,9,7,292.5,0,0
6,7,7,9,8,337.5,0,0
6,7,7,10,1,22.5,0,0
6,7,7,10,2,67.5,0,0
6,7,7,10,3,112.5,0,0
6,7,7,10,4,157.5,0,0
6,7,7,10,5,202.5,0,0
6,7,7,10,6,247.5,0,0
6,7,7,10,7,292.5,0,0
6,7,7,10,8,337.5,0,0
6,7,7,11,1,22.5,0,0
6,7,7,11,2,67.5,0,0
6,7,7,11,3,112.5,0,0
6,7,7,11,4,157.5,0,0
6,7,7,11,5,202.5,0,0
6,7,7,11,6,247.5,0,0
6,7,7,11,7,292.5,0,0
6,7,7,11,8,337.5,0,0
6,7,8,1,1,22.5,0,0
6,7,8,1,2,67.5,0,0
6,7,8,1,3,112.5,27.343,5.95037
6,7,8,1,4,157.5,13.9395,4.05187
6,7,8,1,5,202.5,0,0
6,7,8,1,6,247.5,0,0
6,7,8,1,7,292.5,0,0
6,7,8,1,8,337.5,0,0
6,7,8,2,1,22.5,0,0
6,7,8,2,2,67.5,0,0
6,7,8,2,3,112.5,0,0
6,7,8,2,4,157.5,0,0
6,7,8,2,5,202.5,0,0
6,7,8,2,6,247.5,0,0
6,7,8,2,7,292.5,0,0
6,7,8,2,8,337.5,0,0
6,7,8,3,1,22.5,12.326,4.0985
6,7,8,3,2,67.5,0,0
6,7,8,3,3,112.5,0,0
6,7,8,3,4,157.5,0,0
6,7,8,3,5,202.5,0,0
6,7,8,3,6,247.5,0,0
6,7,8,3,7,292.5,0,0
6,7,8,3,8,337.5,0,0
6,7,8,4,1,22.5,0,0
6,7,8,4,2,67.5,0,0
6,7,8,4,3,112.5,0,0
6,7,8,4,4,157.5,0,0
6,7,8,4,5,202.5,0,0
6,7,8,4,6,247.5,0,0
6,7,8,4,7,292.5,0,0
6,7,8,4,8,337.5,0,0
6,7,8,5,1,22.5,0,0
6,7,8,5,2,67.5,0,0
6,7,8,5,3,112.5,0,0
6,7,8,5,4,157.5,0,0
6,7,8,5,5,202.5,0,0
6,7,8,5,6,247.5,0,0
6,7,8,5,7,292.5,0,0
6,7,8,5,8,337.5,0,0
6,7,8,6,1,22.5,0,0
6,7,8,6,2,67.5,0,0
6,7,8,6,3,112.5,0,0
6,7,8,6,4,157.5,0,0
6,7,8,6,5,202.5,0,0
6,7,8,6,6,247.5,0,0
6,7,8,6,7,292.5,0,0
6,7,8,6,8,337.5,0,0
6,7,8,7,1,22.5,0,0
6,7,8,7,2,67.5,0,0
6,7,8,7,3,112.5,0,0
6,7,8,7,4,157.5,0,0
6,7,8,7,5,202.5,0,0
6,7,8,7,6,247.5,0,0
6,7,8,7,7,292.5,0,0
6,7,8,7,8,337.5,0,0
6,7,8,8,1,22.5,0,0
6,7,8,8,2,67.5,0,0
6,7,8,8,3,112.5,0,0
6,7,8,8,4,157.5,0,0
6,7,8,8,5,202.5,0,0
6,7,8,8,6,247.5,0,0
6,7,8,8,7,292.5,0,0
6,7,8,8,8,337.5,0,0
6,7,8,9,1,22.5,0,0
6,7,8,9,2,67.5,0,0
6,7,8,9,3,112.5,0,0
6,7,8,9,4,157.5,0,0
6,7,8,9,5,202.5,0,0
6,7,8,9,6,247.5,0,0
6,7,8,9,7,292.5,0,0
6,7,8,9,8,337.5,0,0
6,7,8,10,1,22.5,0,0
6,7,8,10,2,67.5,0,0
6,7,8,10,3,112.5,0,0
6,7,8,10,4,157.5,0,0
6,7,8,10,5,202.5,0,0
6,7,8,10,6,247.5,0,0
6,7,8,10,7,292.5,0,0
6,7,8,10,8,337.5,0,0
6,7,8,11,1,22.5,0,0
6,7,8,11,2,67.5,0,0
6,7,8,11,3,112.5,0,0
6,7,8,11,4,157.5,0,0
6,7,8,11,5,202.5,0,0
6,7,8,11,6,247.5,0,0
6,7,8,11,7,292.5,0,0
6,7,8,11,8,337.5,0,0
7,8,1,1,1,22.5,1.1198e+06,0
7,8,1,1,2,67.5,1.11902e+06,0
7,8,1,1,3,112.5,1.12305e+06,0
7,8,1,1,4,157.5,1.12153e+06,0
7,8,1,1,5,202.5,1.11846e+06,0
7,8,1,1,6,247.5,1.12196e+06,0
7,8,1,1,7,292.5,1.12145e+06,0
7,8,1,1,8,337.5,1.11952e+06,0
7,8,1,2,1,22.5,325960,0
7,8,1,2,2,67.5,324958,0
7,8,1,2,3,112.5,326271,0
7,8,1,2,4,157.5,325422,0
7,8,1,2,5,202.5,325032,0
7,8,1,2,6,247.5,325338,0
7,8,1,2,7,292.5,326760,0
7,8,1,2,8,337.5,325110,0
7,8,1,3,1,22.5,96122,0
7,8,1,3,2,67.5,95810,0
7,8,1,3,3,112.5,95535,0
7,8,1,3,4,157.5,95278,0
7,8,1,3,5,202.5,95828,0
7,8,1,3,6,247.5,95600,0
7,8,1,3,7,292.5,96030,0
7,8,1,3,8,337.5,95796,0
7,8,1,4,1,22.5,19996,0
7,8,1,4,2,67.5,20299,0
7,8,1,4,3,112.5,20023,0
7,8,1,4,4,157.5,20194,0
7,8,1,4,5,202.5,19939,0
7,8,1,4,6,247.5,20429,0
7,8,1,4,7,292.5,20456,0
7,8,1,4,8,337.5,20199,0
7,8,1,5,1,22.5,1900,0
7,8,1,5,2,67.5,1911,0
7,8,1,5,3,112.5,1910,0
7,8,1,5,4,157.5,1864,0
7,8,1,5,5,202.5,1835,0
7,8,1,5,6,247.5,1883,0
7,8,1,5,7,292.5,1856,0
7,8,1,5,8,337.5,1833,0
7,8,1,6,1,22.5,0,0
7,8,1,6,2,67.5,0,0
7,8,1,6,3,112.5,0,0
7,8,1,6,4,157.5,0,0
7,8,1,6,5,202.5,0,0
7,8,1,6,6,247.5,0,0
7,8,1,6,7,292.5,0,0
7,8,1,6,8,337.5,0,0
7,8,1,7,1,22.5,0,0
7,8,1,7,2,67.5,0,0
7,8,1,7,3,112.5,0,0
7,8,1,7,4,157.5,0,0
7,8,1,7,5,202.5,0,0
7,8,1,7,6,247.5,0,0
7,8,1,7,7,292.5,0,0
7,8,1,7,8,337.5,0,0
7,8,1,8,1,22.5,0,0
7,8,1,8,2,67.5,0,0
7,8,1,8,3,112.5,0,0
7,8,1,8,4,157.5,0,0
7,8,1,8,5,202.5,0,0
7,8,1,8,6,247.5,0,0
7,8,1,8,7,292.5,0,0
7,8,1,8,8,337.5,0,0
7,8,1,9,1,22.5,0,0
7,8,1,9,2,67.5,0,0
7,8,1,9,3,112.5,0,0
7,8,1,9,4,157.5,0,0
7,8,1,9,5,202.5,0,0
7,8,1,9,6,247.5,0,0
7,8,1,9,7,292.5,0,0
7,8,1,9,8,337.5,0,0
7,8,1,10,1,22.5,0,0
7,8,1,10,2,67.5,0,0
7,8,1,10,3,112.5,0,0
7,8,1,10,4,157.5,0,0
7,8,1,10,5,202.5,0,0
7,8,1,10,6,247.5,0,0
7,8,1,10,7,292.5,0,0
7,8,1,10,8,337.5,0,0
7,8,1,11,1,22.5,0,0
7,8,1,11,2,67.5,0,0
7,8,1,11,3,112.5,0,0
7,8,1,11,4,157.5,0,0
7,8,1,11,5,202.5,0,0
7,8,1,11,6,247.5,0,0
7,8,1,11,7,292.5,0,0
7,8,1,11,8,337.5,0,0
7,8,2,1,1,22.5,226494,0
7,8,2,1,2,67.5,226718,0
7,8,2,1,3,112.5,226514,0
7,8,2,1,4,157.5,226427,0
7,8,2,1,5,202.5,226466,0
7,8,2,1,6,247.5,225559,0
7,8,2,1,7,292.5,227247,0
7,8,2,1,8,337.5,226821,0
7,8,2,2,1,22.5,156078,0
7,8,2,2,2,67.5,155519,0
7,8,2,2,3,112.5,154550,0
7,8,2,2,4,157.5,154773,0
7,8,2,2,5,202.5,154300,0
7,8,2,2,6,247.5,154717,0
7,8,2,2,7,292.5,156099,0
7,8,2,2,8,337.5,155304,0
7,8,2,3,1,22.5,93376,0
7,8,2,3,2,67.5,93697,0
7,8,2,3,3,112.5,93097,0
7,8,2,3,4,157.5,92799,0
7,8,2,3,5,202.5,93251,0
7,8,2,3,6,247.5,93880,0
7,8,2,3,7,292.5,93881,0
7,8,2,3,8,337.5,93391,0
7,8,2,4,1,22.5,54269,0
7,8,2,4,2,67.5,53412,0
7,8,2,4,3,112.5,53485,0
7,8,2,4,4,157.5,53399,0
7,8,2,4,5,202.5,52850,0
7,8,2,4,6,247.5,53020,0
7,8,2,4,7,292.5,53746,0
7,8,2,4,8,337.5,53482,0
7,8,2,5,1,22.5,21988,0
7,8,2,5,2,67.5,21767,0
7,8,2,5,3,112.5,22028,0
7,8,2,5,4,157.5,21866,0
7,8,2,5,5,202.5,21532,0
7,8,2,5,6,247.5,21837,0
7,8,2,5,7,292.5,21808,0
7,8,2,5,8,337.5,22002,0
7,8,2,6,1,22.5,286,0
7,8,2,6,2,67.5,294,0
7,8,2,6,3,112.5,294,0
7,8,2,6,4,157.5,253,0
7,8,2,6,5,202.5,296,0
7,8,2,6,6,247.5,272,0
7,8,2,6,7,292.5,267,0
7,8,2,6,8,337.5,285,0
7,8,2,7,1,22.5,0,0
7,8,2,7,2,67.5,0,0
7,8,2,7,3,112.5,0,0
7,8,2,7,4,157.5,0,0
7,8,2,7,5,202.5,0,0
7,8,2,7,6,247.5,0,0
7,8,2,7,7,292.5,0,0
7,8,2,7,8,337.5,0,0
7,8,2,8,1,22.5,0,0
7,8,2,8,2,67.5,0,0
7,8,2,8,3,112.5,0,0
7,8,2,8,4,157.5,0,0
7,8,2,8,5,202.5,0,0
7,8,2,8,6,247.5,0,0
7,8,2,8,7,292.5,0,0
7,8,2,8,8,337.5,0,0
7,8,2,9,1,22.5,0,0
7,8,2,9,2,67.5,0,0
7,8,2,9,3,112.5,0,0
7,8,2,9,4,157.5,0,0
7,8,2,9,5,202.5,0,0
7,8,2,9,6,247.5,0,0
7,8,2,9,7,292.5,0,0
7,8,2,9,8,337.5,0,0
7,8,2,10,1,22.5,0,0
7,8,2,10,2,67.5,0,0
7,8,2,10,3,112.5,0,0
7,8,2,10,4,157.5,0,0
7,8,2,10,5,202.5,0,0
7,8,2,10,6,247.5,0,0
7,8,2,10,7,292.5,0,0
7,8,2,10,8,337.5,0,0
7,8,2,11,1,22.5,0,0
7,8,2,11,2,67.5,0,0
7,8,2,11,3,112.5,0,0
7,8,2,11,4,157.5,0,0
7,8,2,11,5,202.5,0,0
7,8,2,11,6,247.5,0,0
7,8,2,11,7,292.5,0,0
7,8,2,11,8,337.5,0,0
7,8,3,1,1,22.5,115023,49.7339
7,8,3,1,2,67.5,115260,55.2221
7,8,3,1,3,112.5,115236,54.0002
7,8,3,1,4,157.5,114882,41.4718
7,8,3,1,5,202.5,114456,35.7879
7,8,3,1,6,247.5,114408,39.9143
7,8,3,1,7,292.5,114835,53.561
7,8,3,1,8,337.5,115489,47.0852
7,8,3,2,1,22.5,81339,27.771
7,8,3,2,2,67.5,81267,37.5637
7,8,3,2,3,112.5,80806,17.3528
7,8,3,2,4,157.5,80847,0
7,8,3,2,5,202.5,80937,0
7,8,3,2,6,247.5,81286,19.3358
7,8,3,2,7,292.5,80718,36.8953
7,8,3,2,8,337.5,81372,27.3169
7,8,3,3,1,22.5,55277,12.5115
7,8,3,3,2,67.5,55801,21.169
7,8,3,3,3,112.5,55160,4.88994
7,8,3,3,4,157.5,55262,0
7,8,3,3,5,202.5,54902,0
7,8,3,3,6,247.5,55043,5.1952
7,8,3,3,7,292.5,55731,25.853
7,8,3,3,8,337.5,55232,14.2863
7,8,3,4,1,22.5,35861,7.15314
7,8,3,4,2,67.5,36112,19.2351
7,8,3,4,3,112.5,35817,0
7,8,3,4,4,157.5,35936,0
7,8,3,4,5,202.5,35974,0
7,8,3,4,6,247.5,36097,0
7,8,3,4,7,292.5,36228,20.7851
7,8,3,4,8,337.5,36031,11.5454
7,8,3,5,1,22.5,20301,10.6209
7,8,3,5,2,67.5,20407,16.5895
7,8,3,5,3,112.5,19970,0
7,8,3,5,4,157.5,20151,0
7,8,3,5,5,202.5,20193,0
7,8,3,5,6,247.5,20313,0
7,8,3,5,7,292.5,20387,16.7215
7,8,3,5,8,337.5,20258,12.5533
7,8,3,6,1,22.5,788,0
7,8,3,6,2,67.5,799,0
7,8,3,6,3,112.5,832,0
7,8,3,6,4,157.5,875,0
7,8,3,6,5,202.5,834,0
7,8,3,6,6,247.5,823,0
7,8,3,6,7,292.5,815,4.45384
7,8,3,6,8,337.5,843,0
7,8,3,7,1,22.5,0,0
7,8,3,7,2,67.5,0,0
7,8,3,7,3,112.5,0,0
7,8,3,7,4,157.5,0,0
7,8,3,7,5,202.5,0,0
7,8,3,7,6,247.5,0,0
7,8,3,7,7,292.5,0,0
7,8,3,7,8,337.5,0,0
7,8,3,8,1,22.5,0,0
7,8,3,8,2,67.5,0,0
7,8,3,8,3,112.5,0,0
7,8,3,8,4,157.5,0,0
7,8,3,8,5,202.5,0,0
7,8,3,8,6,247.5,0,0
7,8,3,8,7,292.5,0,0
7,8,3,8,8,337.5,0,0
7,8,3,9,1,22.5,0,0
7,8,3,9,2,67.5,0,0
7,8,3,9,3,112.5,0,0
7,8,3,9,4,157.5,0,0
7,8,3,9,5,202.5,0,0
7,8,3,9,6,247.5,0,0
7,8,3,9,7,292.5,0,0
7,8,3,9,8,337.5,0,0
7,8,3,10,1,22.5,0,0
7,8,3,10,2,67.5,0,0
7,8,3,10,3,112.5,0,0
7,8,3,10,4,157.5,0,0
7,8,3,10,5,202.5,0,0
7,8,3,10,6,247.5,0,0
7,8,3,10,7,292.5,0,0
7,8,3,10,8,337.5,0,0
7,8,3,11,1,22.5,0,0
7,8,3,11,2,67.5,0,0
7,8,3,11,3,112.5,0,0
7,8,3,11,4,157.5,0,0
7,8,3,11,5,202.5,0,0
7,8,3,11,6,247.5,0,0
7,8,3,11,7,292.5,0,0
7,8,3,11,8,337.5,0,0
7,8,4,1,1,22.5,60453,64.3171
7,8,4,1,2,67.5,60874,70.4988
7,8,4,1,3,112.5,60730,84.3021
7,8,4,1,4,157.5,60217,68.4753
7,8,4,1,5,202.5,60579,56.1587
7,8,4,1,6,247.5,60192,58.7889
7,8,4,1,7,292.5,60501,63.5444
7,8,4,1,8,337.5,60455,63.0719
7,8,4,2,1,22.5,44530,39.4142
7,8,4,2,2,67.5,44125,42.8164
7,8,4,2,3,112.5,43946,31.8989
7,8,4,2,4,157.5,44219,12.0199
7,8,4,2,5,202.5,43624,12.569
7,8,4,2,6,247.5,43793,32.0129
7,8,4,2,7,292.5,44157,42.8319
7,8,4,2,8,337.5,44324,41.2402
7,8,4,3,1,22.5,28732,25.7859
7,8,4,3,2,67.5,28532,29.8229
7,8,4,3,3,112.5,28273,16.5981
7,8,4,3,4,157.5,28367,0
7,8,4,3,5,202.5,28286,0
7,8,4,3,6,247.5,28441,17.5797
7,8,4,3,7,292.5,28435,31.0137
7,8,4,3,8,337.5,28442,25.1181
7,8,4,4,1,22.5,13718,12.5314
7,8,4,4,2,67.5,13727,21.2827
7,8,4,4,3,112.5,13647,8.98864
7,8,4,4,4,157.5,13750,0
7,8,4,4,5,202.5,13759,0
7,8,4,4,6,247.5,13730,8.57268
7,8,4,4,7,292.5,13735,26.5275
7,8,4,4,8,337.5,13662,10.6798
7,8,4,5,1,22.5,5979,7.2615
7,8,4,5,2,67.5,6055,20.3287
7,8,4,5,3,112.5,5995,3.54533
7,8,4,5,4,157.5,5838,0
7,8,4,5,5,202.5,5844,0
7,8,4,5,6,247.5,5876,3.62057
7,8,4,5,7,292.5,5924,22.0861
7,8,4,5,8,337.5,6076,6.67487
7,8,4,6,1,22.5,107,0
7,8,4,6,2,67.5,121,5.2437
7,8,4,6,3,112.5,122,0
7,8,4,6,4,157.5,90,0
7,8,4,6,5,202.5,126,0
7,8,4,6,6,247.5,120,0
7,8,4,6,7,292.5,120,6.26078
7,8,4,6,8,337.5,93,0
7,8,4,7,1,22.5,0,0
7,8,4,7,2,67.5,0,0
7,8,4,7,3,112.5,0,0
7,8,4,7,4,157.5,0,0
7,8,4,7,5,202.5,0,0
7,8,4,7,6,247.5,0,0
7,8,4,7,7,292.5,0,0
7,8,4,7,8,337.5,0,0
7,8,4,8,1,22.5,0,0
7,8,4,8,2,67.5,0,0
7,8,4,8,3,112.5,0,0
7,8,4,8,4,157.5,0,0
7,8,4,8,5,202.5,0,0
7,8,4,8,6,247.5,0,0
7,8,4,8,7,292.5,0,0
7,8,4,8,8,337.5,0,0
7,8,4,9,1,22.5,0,0
7,8,4,9,2,67.5,0,0
7,8,4,9,3,112.5,0,0
7,8,4,9,4,157.5,0,0
7,8,4,9,5,202.5,0,0
7,8,4,9,6,247.5,0,0
7,8,4,9,7,292.5,0,0
7,8,4,9,8,337.5,0,0
7,8,4,10,1,22.5,0,0
7,8,4,10,2,67.5,0,0
7,8,4,10,3,112.5,0,0
7,8,4,10,4,157.5,0,0
7,8,4,10,5,202.5,0,0
7,8,4,10,6,247.5,0,0
7,8,4,10,7,292.5,0,0
7,8,4,10,8,337.5,0,0
7,8,4,11,1,22.5,0,0
7,8,4,11,2,67.5,0,0
7,8,4,11,3,112.5,0,0
7,8,4,11,4,157.5,0,0
7,8,4,11,5,202.5,0,0
7,8,4,11,6,247.5,0,0
7,8,4,11,7,292.5,0,0
7,8,4,11,8,337.5,0,0
7,8,5,1,1,22.5,22988,56.3768
7,8,5,1,2,67.5,23072,56.6802
7,8,5,1,3,112.5,22968,58.3534
7,8,5,1,4,157.5,22855,55.3812
7,8,5,1,5,202.5,23064,59.128
7,8,5,1,6,247.5,23020,49.0727
7,8,5,1,7,292.5,23151,44.7091
7,8,5,1,8,337.5,23317,47.6499
7,8,5,2,1,22.5,11008,23.1517
7,8,5,2,2,67.5,10840,23.7945
7,8,5,2,3,112.5,10967,28.9033
7,8,5,2,4,157.5,10957,20.013
7,8,5,2,5,202.5,11168,18.0473
7,8,5,2,6,247.5,11100,21.1947
7,8,5,2,7,292.5,11097,19.7907
7,8,5,2,8,337.5,11212,23.0631
7,8,5,3,1,22.5,4004,8.86615
7,8,5,3,2,67.5,3944,9.52368
7,8,5,3,3,112.5,4003,11.9441
7,8,5,3,4,157.5,3996,0
7,8,5,3,5,202.5,4012,0
7,8,5,3,6,247.5,3958,9.43201
7,8,5,3,7,292.5,4116,11.5888
7,8,5,3,8,337.5,3977,13.0257
7,8,5,4,1,22.5,1061,4.06946
7,8,5,4,2,67.5,1066,3.80897
7,8,5,4,3,112.5,1052,4.10186
7,8,5,4,4,157.5,1024,0
7,8,5,4,5,202.5,1065,0
7,8,5,4,6,247.5,1106,3.38716
7,8,5,4,7,292.5,1031,8.66364
7,8,5,4,8,337.5,1059,8.77864
7,8,5,5,1,22.5,141,0
7,8,5,5,2,67.5,146,4.08245
7,8,5,5,3,112.5,158,0
7,8,5,5,4,157.5,152,0
7,8,5,5,5,202.5,150,0
7,8,5,5,6,247.5,143,0
7,8,5,5,7,292.5,146,8.78841
7,8,5,5,8,337.5,133,0
7,8,5,6,1,22.5,0,0
7,8,5,6,2,67.5,17.0257,4.26422
7,8,5,6,3,112.5,0,0
7,8,5,6,4,157.5,0,0
7,8,5,6,5,202.5,0,0
7,8,5,6,6,247.5,0,0
7,8,5,6,7,292.5,0,0
7,8,5,6,8,337.5,0,0
7,8,5,7,1,22.5,0,0
7,8,5,7,2,67.5,0,0
7,8,5,7,3,112.5,0,0
7,8,5,7,4,157.5,0,0
7,8,5,7,5,202.5,0,0
7,8,5,7,6,247.5,0,0
7,8,5,7,7,292.5,0,0
7,8,5,7,8,337.5,0,0
7,8,5,8,1,22.5,0,0
7,8,5,8,2,67.5,0,0
7,8,5,8,3,112.5,0,0
7,8,5,8,4,157.5,0,0
7,8,5,8,5,202.5,0,0
7,8,5,8,6,247.5,0,0
7,8,5,8,7,292.5,0,0
7,8,5,8,8,337.5,0,0
7,8,5,9,1,22.5,0,0
7,8,5,9,2,67.5,0,0
7,8,5,9,3,112.5,0,0
7,8,5,9,4,157.5,0,0
7,8,5,9,5,202.5,0,0
7,8,5,9,6,247.5,0,0
7,8,5,9,7,292.5,0,0
7,8,5,9,8,337.5,0,0
7,8,5,10,1,22.5,0,0
7,8,5,10,2,67.5,0,0
7,8,5,10,3,112.5,0,0
7,8,5,10,4,157.5,0,0
7,8,5,10,5,202.5,0,0
7,8,5,10,6,247.5,0,0
7,8,5,10,7,292.5,0,0
7,8,5,10,8,337.5,0,0
7,8,5,11,1,22.5,0,0
7,8,5,11,2,67.5,0,0
7,8,5,11,3,112.5,0,0
7,8,5,11,4,157.5,0,0
7,8,5,11,5,202.5,0,0
7,8,5,11,6,247.5,0,0
7,8,5,11,7,292.5,0,0
7,8,5,11,8,337.5,0,0
7,8,6,1,1,22.5,538,16.2784
7,8,6,1,2,67.5,597,16.5587
7,8,6,1,3,112.5,549,14.8215
7,8,6,1,4,157.5,548,14.2957
7,8,6,1,5,202.5,539,10.112
7,8,6,1,6,247.5,534,12.4211
7,8,6,1,7,292.5,544,9.45469
7,8,6,1,8,337.5,515,11.7909
7,8,6,2,1,22.5,50.1087,7.95301
7,8,6,2,2,67.5,54,4.21711
7,8,6,2,3,112.5,56,3.49873
7,8,6,2,4,157.5,57,0
7,8,6,2,5,202.5,46,0
7,8,6,2,6,247.5,53,0
7,8,6,2,7,292.5,58,0
7,8,6,2,8,337.5,46,0
7,8,6,3,1,22.5,0,0
7,8,6,3,2,67.5,10.8317,3.44188
7,8,6,3,3,112.5,0,0
7,8,6,3,4,157.5,0,0
7,8,6,3,5,202.5,0,0
7,8,6,3,6,247.5,0,0
7,8,6,3,7,292.5,0,0
7,8,6,3,8,337.5,0,0
7,8,6,4,1,22.5,0,0
7,8,6,4,2,67.5,0,0
7,8,6,4,3,112.5,0,0
7,8,6,4,4,157.5,0,0
7,8,6,4,5,202.5,0,0
7,8,6,4,6,247.5,0,0
7,8,6,4,7,292.5,0,0
7,8,6,4,8,337.5,0,0
7,8,6,5,1,22.5,0,0
7,8,6,5,2,67.5,0,0
7,8,6,5,3,112.5,0,0
7,8,6,5,4,157.5,0,0
7,8,6,5,5,202.5,0,0
7,8,6,5,6,247.5,0,0
7,8,6,5,7,292.5,0,0
7,8,6,5,8,337.5,0,0
7,8,6,6,1,22.5,0,0
7,8,6,6,2,67.5,0,0
7,8,6,6,3,112.5,0,0
7,8,6,6,4,157.5,0,0
7,8,6,6,5,202.5,0,0
7,8,6,6,6,247.5,0,0
7,8,6,6,7,292.5,0,0
7,8,6,6,8,337.5,0,0
7,8,6,7,1,22.5,0,0
7,8,6,7,2,67.5,0,0
7,8,6,7,3,112.5,0,0
7,8,6,7,4,157.5,0,0
7,8,6,7,5,202.5,0,0
7,8,6,7,6,247.5,0,0
7,8,6,7,7,292.5,0,0
7,8,6,7,8,337.5,0,0
7,8,6,8,1,22.5,0,0
7,8,6,8,2,67.5,0,0
7,8,6,8,3,112.5,0,0
7,8,6,8,4,157.5,0,0
7,8,6,8,5,202.5,0,0
7,8,6,8,6,247.5,0,0
7,8,6,8,7,292.5,0,0
7,8,6,8,8,337.5,0,0
7,8,6,9,1,22.5,0,0
7,8,6,9,2,67.5,0,0
7,8,6,9,3,112.5,0,0
7,8,6,9,4,157.5,0,0
7,8,6,9,5,202.5,0,0
7,8,6,9,6,247.5,0,0
7,8,6,9,7,292.5,0,0
7,8,6,9,8,337.5,0,0
7,8,6,10,1,22.5,0,0
7,8,6,10,2,67.5,0,0
7,8,6,10,3,112.5,0,0
7,8,6,10,4,157.5,0,0
7,8,6,10,5,202.5,0,0
7,8,6,10,6,247.5,0,0
7,8,6,10,7,292.5,0,0
7,8,6,10,8,337.5,0,0
7,8,6,11,1,22.5,0,0
7,8,6,11,2,67.5,0,0
7,8,6,11,3,112.5,0,0
7,8,6,11,4,157.5,0,0
7,8,6,11,5,202.5,0,0
7,8,6,11,6,247.5,0,0
7,8,6,11,7,292.5,0,0
7,8,6,11,8,337.5,0,0
7,8,7,1,1,22.5,0,0
7,8,7,1,2,67.5,51.7583,7.69794
7,8,7,1,3,112.5,0,0
7,8,7,1,4,157.5,14.5218,4.68335
7,8,7,1,5,202.5,0,0
7,8,7,1,6,247.5,28.2102,5.51145
7,8,7,1,7,292.5,33.0852,6.49862
7,8,7,1,8,337.5,29.5688,5.94698
7,8,7,2,1,22.5,18.7845,4.55938
7,8,7,2,2,67.5,0,0
7,8,7,2,3,112.5,0,0
7,8,7,2,4,157.5,0,0
7,8,7,2,5,202.5,10.604,3.61376
7,8,7,2,6,247.5,0,0
7,8,7,2,7,292.5,0,0
7,8,7,2,8,337.5,0,0
7,8,7,3,1,22.5,0,0
7,8,7,3,2,67.5,0,0
7,8,7,3,3,112.5,0,0
7,8,7,3,4,157.5,0,0
7,8,7,3,5,202.5,0,0
7,8,7,3,6,247.5,0,0
7,8,7,3,7,292.5,0,0
7,8,7,3,8,337.5,0,0
7,8,7,4,1,22.5,0,0
7,8,7,4,2,67.5,0,0
7,8,7,4,3,112.5,0,0
7,8,7,4,4,157.5,0,0
7,8,7,4,5,202.5,0,0
7,8,7,4,6,247.5,0,0
7,8,7,4,7,292.5,0,0
7,8,7,4,8,337.5,0,0
7,8,7,5,1,22.5,0,0
7,8,7,5,2,67.5,0,0
7,8,7,5,3,112.5,0,0
7,8,7,5,4,157.5,0,0
7,8,7,5,5,202.5,0,0
7,8,7,5,6,247.5,0,0
7,8,7,5,7,292.5,0,0
7,8,7,5,8,337.5,0,0
7,8,7,6,1,22.5,0,0
7,8,7,6,2,67.5,0,0
7,8,7,6,3,112.5,0,0
7,8,7,6,4,157.5,0,0
7,8,7,6,5,202.5,0,0
7,8,7,6,6,247.5,0,0
7,8,7,6,7,292.5,0,0
7,8,7,6,8,337.5,0,0
7,8,7,7,1,22.5,0,0
7,8,7,7,2,67.5,0,0
7,8,7,7,3,112.5,0,0
7,8,7,7,4,157.5,0,0
7,8,7,7,5,202.5,0,0
7,8,7,7,6,247.5,0,0
7,8,7,7,7,292.5,0,0
7,8,7,7,8,337.5,0,0
7,8,7,8,1,22.5,0,0
7,8,7,8,2,67.5,0,0
7,8,7,8,3,112.5,0,0
7,8,7,8,4,157.5,0,0
7,8,7,8,5,202.5,0,0
7,8,7,8,6,247.5,0,0
7,8,7,8,7,292.5,0,0
7,8,7,8,8,337.5,0,0
7,8,7,9,1,22.5,0,0
7,8,7,9,2,67.5,0,0
7,8,7,9,3,112.5,0,0
7,8,7,9,4,157.5,0,0
7,8,7,9,5,202.5,0,0
7,8,7,9,6,247.5,0,0
7,8,7,9,7,292.5,0,0
7,8,7,9,8,337.5,0,0
7,8,7,10,1,22.5,0,0
7,8,7,10,2,67.5,0,0
7,8,7,10,3,112.5,0,0
7,8,7,10,4,157.5,0,0
7,8,7,10,5,202.5,0,0
7,8,7,10,6,247.5,0,0
7,8,7,10,7,292.5,0,0
7,8,7,10,8,337.5,0,0
7,8,7,11,1,22.5,0,0
7,8,7,11,2,67.5,0,0
7,8,7,11,3,112.5,0,0
7,8,7,11,4,157.5,0,0
7,8,7,11,5,202.5,0,0
7,8,7,11,6,247.5,0,0
7,8,7,11,7,292.5,0,0
7,8,7,11,8,337.5,0,0
7,8,8,1,1,22.5,0,0
7,8,8,1,2,67.5,0,0
7,8,8,1,3,112.5,0,0
7,8,8,1,4,157.5,0,0
7,8,8,1,5,202.5,0,0
7,8,8,1,6,247.5,0,0
7,8,8,1,7,292.5,10.0385,3.47791
7,8,8,1,8,337.5,0,0
7,8,8,2,1,22.5,0,0
7,8,8,2,2,67.5,0,0
7,8,8,2,3,112.5,0,0
7,8,8,2,4,157.5,0,0
7,8,8,2,5,202.5,0,0
7,8,8,2,6,247.5,0,0
7,8,8,2,7,292.5,0,0
7,8,8,2,8,337.5,0,0
7,8,8,3,1,22.5,12.6779,4.37627
7,8,8,3,2,67.5,0,0
7,8,8,3,3,112.5,0,0
7,8,8,3,4,157.5,0,0
7,8,8,3,5,202.5,0,0
7,8,8,3,6,247.5,0,0
7,8,8,3,7,292.5,0,0
7,8,8,3,8,337.5,0,0
7,8,8,4,1,22.5,0,0
7,8,8,4,2,67.5,0,0
7,8,8,4,3,112.5,0,0
7,8,8,4,4,157.5,0,0
7,8,8,4,5,202.5,0,0
7,8,8,4,6,247.5,0,0
7,8,8,4,7,292.5,0,0
7,8,8,4,8,337.5,0,0
7,8,8,5,1,22.5,0,0
7,8,8,5,2,67.5,0,0
7,8,8,5,3,112.5,0,0
7,8,8,5,4,157.5,0,0
7,8,8,5,5,202.5,0,0
7,8,8,5,6,247.5,0,0
7,8,8,5,7,292.5,0,0
7,8,8,5,8,337.5,0,0
7,8,8,6,1,22.5,0,0
7,8,8,6,2,67.5,0,0
7,8,8,6,3,112.5,0,0
7,8,8,6,4,157.5,0,0
7,8,8,6,5,202.5,0,0
7,8,8,6,6,247.5,0,0
7,8,8,6,7,292.5,0,0
7,8,8,6,8,337.5,0,0
7,8,8,7,1,22.5,0,0
7,8,8,7,2,67.5,0,0
7,8,8,7,3,112.5,0,0
7,8,8,7,4,157.5,0,0
7,8,8,7,5,202.5,0,0
7,8,8,7,6,247.5,0,0
7,8,8,7,7,292.5,0,0
7,8,8,7,8,337.5,0,0
7,8,8,8,1,22.5,0,0
7,8,8,8,2,67.5,0,0
7,8,8,8,3,112.5,0,0
7,8,8,8,4,157.5,0,0
7,8,8,8,5,202.5,0,0
7,8,8,8,6,247.5,0,0
7,8,8,8,7,292.5,0,0
7,8,8,8,8,337.5,0,0
7,8,8,9,1,22.5,0,0
7,8,8,9,2,67.5,0,0
7,8,8,9,3,112.5,0,0
7,8,8,9,4,157.5,0,0
7,8,8,9,5,202.5,0,0
7,8,8,9,6,247.5,0,0
7,8,8,9,7,292.5,0,0
7,8,8,9,8,337.5,0,0
7,8,8,10,1,22.5,0,0
7,8,8,10,2,67.5,0,0
7,8,8,10,3,112.5,0,0
7,8,8,10,4,157.5,0,0
7,8,8,10,5,202.5,0,0
7,8,8,10,6,247.5,0,0
7,8,8,10,7,292.5,0,0
7,8,8,10,8,337.5,0,0
7,8,8,11,1,22.5,0,0
7,8,8,11,2,67.5,0,0
7,8,8,11,3,112.5,0,0
7,8,8,11,4,157.5,0,0
7,8,8,11,5,202.5,0,0
7,8,8,11,6,247.5,0,0
7,8,8,11,7,292.5,0,0
7,8,8,11,8,337.5,0,0
8,9,1,1,1,22.5,8.05248e+06,127.114
8,9,1,1,2,67.5,8.04778e+06,236.778
8,9,1,1,3,112.5,8.04226e+06,380.259
8,9,1,1,4,157.5,8.01518e+06,260.111
8,9,1,1,5,202.5,8.02796e+06,444.576
8,9,1,1,6,247.5,8.0506e+06,641.925
8,9,1,1,7,292.5,8.06213e+06,235.642
8,9,1,1,8,337.5,8.0679e+06,104.071
8,9,1,2,1,22.5,3.43532e+06,100.898
8,9,1,2,2,67.5,3.4281e+06,165.875
8,9,1,2,3,112.5,3.40975e+06,235.25
8,9,1,2,4,157.5,3.3941e+06,271.031
8,9,1,2,5,202.5,3.39825e+06,248.917
8,9,1,2,6,247.5,3.41822e+06,200.363
8,9,1,2,7,292.5,3.43653e+06,193.994
8,9,1,2,8,337.5,3.43357e+06,86.586
8,9,1,3,1,22.5,1.78704e+06,79.9607
8,9,1,3,2,67.5,1.78206e+06,162.959
8,9,1,3,3,112.5,1.76766e+06,158.295
8,9,1,3,4,157.5,1.75193e+06,167.024
8,9,1,3,5,202.5,1.75784e+06,147.789
8,9,1,3,6,247.5,1.77367e+06,178.782
8,9,1,3,7,292.5,1.78186e+06,146.443
8,9,1,3,8,337.5,1.78611e+06,75.7738
8,9,1,4,1,22.5,1.01802e+06,60.6308
8,9,1,4,2,67.5,1.01581e+06,116.704
8,9,1,4,3,112.5,1.00273e+06,112.25
8,9,1,4,4,157.5,995119,104.593
8,9,1,4,5,202.5,998243,95.2268
8,9,1,4,6,247.5,1.00951e+06,128.326
8,9,1,4,7,292.5,1.01556e+06,108.853
8,9,1,4,8,337.5,1.01478e+06,57.2382
8,9,1,5,1,22.5,993610,60.4952
8,9,1,5,2,67.5,986854,103.385
8,9,1,5,3,112.5,976418,125.706
8,9,1,5,4,157.5,964781,85.7513
8,9,1,5,5,202.5,968057,86.6806
8,9,1,5,6,247.5,982770,109.382
8,9,1,5,7,292.5,992301,100.71
8,9,1,5,8,337.5,991092,56.1239
8,9,1,6,1,22.5,399690,25.2188
8,9,1,6,2,67.5,398286,39.2186
8,9,1,6,3,112.5,392585,40.1652
8,9,1,6,4,157.5,386148,28.0333
8,9,1,6,5,202.5,387805,26.817
8,9,1,6,6,247.5,395088,40.6497
8,9,1,6,7,292.5,398836,39.2248
8,9,1,6,8,337.5,400078,23.6387
8,9,1,7,1,22.5,170364,9.52901
8,9,1,7,2,67.5,169855,10.4086
8,9,1,7,3,112.5,166903,13.973
8,9,1,7,4,157.5,163878,21.1704
8,9,1,7,5,202.5,164279,6.97747
8,9,1,7,6,247.5,167567,13.2747
8,9,1,7,7,292.5,169463,13.0545
8,9,1,7,8,337.5,170576,6.67815
8,9,1,8,1,22.5,95160,0
8,9,1,8,2,67.5,94743,0
8,9,1,8,3,112.5,92982,10.5932
8,9,1,8,4,157.5,90919,13.5838
8,9,1,8,5,202.5,92062,0
8,9,1,8,6,247.5,93874,12.8998
8,9,1,8,7,292.5,94984,0
8,9,1,8,8,337.5,95717,2.53545
8,9,1,9,1,22.5,28989,0
8,9,1,9,2,67.5,28880,0
8,9,1,9,3,112.5,28266,0
8,9,1,9,4,157.5,27465,10.1231
8,9,1,9,5,202.5,27659,0
8,9,1,9,6,247.5,28642,0
8,9,1,9,7,292.5,29101,0
8,9,1,9,8,337.5,29247,0
8,9,1,10,1,22.5,9490,0
8,9,1,10,2,67.5,9348,0
8,9,1,10,3,112.5,9157,2.69957
8,9,1,10,4,157.5,8764,0
8,9,1,10,5,202.5,8725,0
8,9,1,10,6,247.5,9175,0
8,9,1,10,7,292.5,9138,0
8,9,1,10,8,337.5,9424,0
8,9,1,11,1,22.5,1087,0
8,9,1,11,2,67.5,1110,0
8,9,1,11,3,112.5,1075,0
8,9,1,11,4,157.5,960,0
8,9,1,11,5,202.5,991,0
8,9,1,11,6,247.5,1024,0
8,9,1,11,7,292.5,1071,0
8,9,1,11,8,337.5,1045,0
8,9,2,1,1,22.5,679927,113.312
8,9,2,1,2,67.5,677292,388.503
8,9,2,1,3,112.5,676255,296.812
8,9,2,1,4,157.5,671991,385.744
8,9,2,1,5,202.5,671321,404.791
8,9,2,1,6,247.5,676090,235.072
8,9,2,1,7,292.5,678603,348.875
8,9,2,1,8,337.5,680377,226.458
8,9,2,2,1,22.5,525951,53.9536
8,9,2,2,2,67.5,523066,196.886
8,9,2,2,3,112.5,519427,247.803
8,9,2,2,4,157.5,516869,360.113
8,9,2,2,5,202.5,516444,285.71
8,9,2,2,6,247.5,520108,254.61
8,9,2,2,7,292.5,525398,194.452
8,9,2,2,8,337.5,527891,51.2661
8,9,2,3,1,22.5,399084,85.6856
8,9,2,3,2,67.5,395763,203.862
8,9,2,3,3,112.5,391620,203.15
8,9,2,3,4,157.5,388143,284.968
8,9,2,3,5,202.5,389160,226.455
8,9,2,3,6,247.5,393042,235.568
8,9,2,3,7,292.5,398666,184.247
8,9,2,3,8,337.5,398506,72.1032
8,9,2,4,1,22.5,298626,86.5856
8,9,2,4,2,67.5,296134,155.233
8,9,2,4,3,112.5,291614,206.224
8,9,2,4,4,157.5,288669,239.747
8,9,2,4,5,202.5,288166,180.434
8,9,2,4,6,247.5,293147,203.806
8,9,2,4,7,292.5,296276,151.41
8,9,2,4,8,337.5,297000,75.4159
8,9,2,5,1,22.5,388859,111.321
8,9,2,5,2,67.5,385731,199.6
8,9,2,5,3,112.5,380418,202.512
8,9,2,5,4,157.5,374732,245.935
8,9,2,5,5,202.5,375782,201.698
8,9,2,5,6,247.5,382193,244.664
8,9,2,5,7,292.5,387344,185.055
8,9,2,5,8,337.5,385930,102.875
8,9,2,6,1,22.5,221512,87.9453
8,9,2,6,2,67.5,220950,146.339
8,9,2,6,3,112.5,216644,151.451
8,9,2,6,4,157.5,212368,149.958
8,9,2,6,5,202.5,214069,124.712
8,9,2,6,6,247.5,218220,171.588
8,9,2,6,7,292.5,220532,135.79
8,9,2,6,8,337.5,220013,77.3083
8,9,2,7,1,22.5,129772,66.6161
8,9,2,7,2,67.5,130127,99.2927
8,9,2,7,3,112.5,127266,99.9252
8,9,2,7,4,157.5,124544,88.6284
8,9,2,7,5,202.5,125043,74.7851
8,9,2,7,6,247.5,128520,111.288
8,9,2,7,7,292.5,129877,97.532
8,9,2,7,8,337.5,128611,54.2657
8,9,2,8,1,22.5,104633,52.4041
8,9,2,8,2,67.5,104182,69.7035
8,9,2,8,3,112.5,102101,71.6027
8,9,2,8,4,157.5,98965,55.8535
8,9,2,8,5,202.5,99818,49.3693
8,9,2,8,6,247.5,102735,76.5055
8,9,2,8,7,292.5,103975,71.8589
8,9,2,8,8,337.5,103723,40.9582
8,9,2,9,1,22.5,49248,24.0709
8,9,2,9,2,67.5,48878,31.0406
8,9,2,9,3,112.5,47695,31.6763
8,9,2,9,4,157.5,45923,22.2925
8,9,2,9,5,202.5,46788,22.4398
8,9,2,9,6,247.5,48384,32.4383
8,9,2,9,7,292.5,48668,33.412
8,9,2,9,8,337.5,48708,17.7878
8,9,2,10,1,22.5,28579,9.52236
8,9,2,10,2,67.5,28452,15.7799
8,9,2,10,3,112.5,27592,9.15801
8,9,2,10,4,157.5,26232,10.76
8,9,2,10,5,202.5,26909,5.02746
8,9,2,10,6,247.5,27816,12.4723
8,9,2,10,7,292.5,28620,11.4336
8,9,2,10,8,337.5,28386,6.05564
8,9,2,11,1,22.5,13601,0
8,9,2,11,2,67.5,13600,0
8,9,2,11,3,112.5,13191,3.94566
8,9,2,11,4,157.5,12417,0
8,9,2,11,5,202.5,12984,0
8,9,2,11,6,247.5,13472,0
8,9,2,11,7,292.5,13609,0
8,9,2,11,8,337.5,13716,0
8,9,3,1,1,22.5,326413,48.9883
8,9,3,1,2,67.5,324466,114.029
8,9,3,1,3,112.5,323066,192.69
8,9,3,1,4,157.5,320333,235.073
8,9,3,1,5,202.5,322942,188.331
8,9,3,1,6,247.5,323793,220.244
8,9,3,1,7,292.5,325036,68.4792
8,9,3,1,8,337.5,325572,55.5066
8,9,3,2,1,22.5,262184,12.7093
8,9,3,2,2,67.5,259785,94.8946
8,9,3,2,3,112.5,256975,209.661
8,9,3,2,4,157.5,254024,250.126
8,9,3,2,5,202.5,255151,193.389
8,9,3,2,6,247.5,257437,143.829
8,9,3,2,7,292.5,260030,106.957
8,9,3,2,8,337.5,261910,12.7672
8,9,3,3,1,22.5,206706,20.3927
8,9,3,3,2,67.5,204736,95.3912
8,9,3,3,3,112.5,202131,127.632
8,9,3,3,4,157.5,199647,223.893
8,9,3,3,5,202.5,200687,160.997
8,9,3,3,6,247.5,202056,156.402
8,9,3,3,7,292.5,205774,108.501
8,9,3,3,8,337.5,206676,22.5098
8,9,3,4,1,22.5,161202,32.1253
8,9,3,4,2,67.5,158889,97.4184
8,9,3,4,3,112.5,158110,112.351
8,9,3,4,4,157.5,154792,189.774
8,9,3,4,5,202.5,155583,134.79
8,9,3,4,6,247.5,157681,145.766
8,9,3,4,7,292.5,161058,101.043
8,9,3,4,8,337.5,161158,30.4111
8,9,3,5,1,22.5,222947,53.5486
8,9,3,5,2,67.5,220395,142.031
8,9,3,5,3,112.5,216283,155.306
8,9,3,5,4,157.5,212735,229.704
8,9,3,5,5,202.5,212788,165.162
8,9,3,5,6,247.5,217297,195.447
8,9,3,5,7,292.5,221967,130.117
8,9,3,5,8,337.5,223203,50.7863
8,9,3,6,1,22.5,134218,53.4241
8,9,3,6,2,67.5,132635,123.895
8,9,3,6,3,112.5,129425,123.678
8,9,3,6,4,157.5,126431,172.268
8,9,3,6,5,202.5,126447,127.552
8,9,3,6,6,247.5,130350,167.024
8,9,3,6,7,292.5,132653,101.8
8,9,3,6,8,337.5,132950,53.3715
8,9,3,7,1,22.5,80793,50.9358
8,9,3,7,2,67.5,80327,101.903
8,9,3,7,3,112.5,78344,105.565
8,9,3,7,4,157.5,76209,129.953
8,9,3,7,5,202.5,76352,99.0142
8,9,3,7,6,247.5,78350,131.317
8,9,3,7,7,292.5,80132,85.0942
8,9,3,7,8,337.5,79904,48.3542
8,9,3,8,1,22.5,66605,59.852
8,9,3,8,2,67.5,66379,94.352
8,9,3,8,3,112.5,63973,98.8425
8,9,3,8,4,157.5,63069,108.071
8,9,3,8,5,202.5,62934,85.4996
8,9,3,8,6,247.5,65363,118.52
8,9,3,8,7,292.5,66660,86.9708
8,9,3,8,8,337.5,65269,51.8209
8,9,3,9,1,22.5,33888,47.5926
8,9,3,9,2,67.5,33539,67.6687
8,9,3,9,3,112.5,32389,68.8831
8,9,3,9,4,157.5,31516,64.9027
8,9,3,9,5,202.5,31597,53.7195
8,9,3,9,6,247.5,32921,78.704
8,9,3,9,7,292.5,33240,64.8476
8,9,3,9,8,337.5,32531,38.6826
8,9,3,10,1,22.5,21670,36.5615
8,9,3,10,2,67.5,21651,48.2432
8,9,3,10,3,112.5,20793,50.3301
8,9,3,10,4,157.5,20213,41.3472
8,9,3,10,5,202.5,20390,35.2969
8,9,3,10,6,247.5,21250,55.2382
8,9,3,10,7,292.5,21657,49.6537
8,9,3,10,8,337.5,21361,27.5558
8,9,3,11,1,22.5,15048,23.325
8,9,3,11,2,67.5,14832,27.284
8,9,3,11,3,112.5,14550,29.7741
8,9,3,11,4,157.5,13611,21.2215
8,9,3,11,5,202.5,14148,19.0311
8,9,3,11,6,247.5,14708,33.1038
8,9,3,11,7,292.5,14803,29.6087
8,9,3,11,8,337.5,14841,14.9632
8,9,4,1,1,22.5,172447,32.0089
8,9,4,1,2,67.5,172025,69.1281
8,9,4,1,3,112.5,170508,121.004
8,9,4,1,4,157.5,170352,174.722
8,9,4,1,5,202.5,170546,130.556
8,9,4,1,6,247.5,171878,86.2538
8,9,4,1,7,292.5,172259,44.362
8,9,4,1,8,337.5,172387,26.553
8,9,4,2,1,22.5,142632,7.35486
8,9,4,2,2,67.5,140316,37.2178
8,9,4,2,3,112.5,138831,112.317
8,9,4,2,4,157.5,136741,176.896
8,9,4,2,5,202.5,138204,134.916
8,9,4,2,6,247.5,140347,67.776
8,9,4,2,7,292.5,141370,49.9242
8,9,4,2,8,337.5,142252,7.10372
8,9,4,3,1,22.5,116052,0
8,9,4,3,2,67.5,114082,38.1475
8,9,4,3,3,112.5,112119,88.0577
8,9,4,3,4,157.5,110977,162.548
8,9,4,3,5,202.5,111342,110.319
8,9,4,3,6,247.5,112638,82.5758
8,9,4,3,7,292.5,114623,64.3426
8,9,4,3,8,337.5,116348,0
8,9,4,4,1,22.5,93442,6.13975
8,9,4,4,2,67.5,92316,48.0527
8,9,4,4,3,112.5,90400,75.667
8,9,4,4,4,157.5,88747,149.603
8,9,4,4,5,202.5,89066,103.084
8,9,4,4,6,247.5,90465,95.752
8,9,4,4,7,292.5,92752,66.7119
8,9,4,4,8,337.5,93582,6.00534
8,9,4,5,1,22.5,135059,12.4326
8,9,4,5,2,67.5,133459,92.1943
8,9,4,5,3,112.5,129464,95.8172
8,9,4,5,4,157.5,127177,186.985
8,9,4,5,5,202.5,128080,129.16
8,9,4,5,6,247.5,130515,141.264
8,9,4,5,7,292.5,133491,93.8956
8,9,4,5,8,337.5,134706,12.6303
8,9,4,6,1,22.5,85165,15.0815
8,9,4,6,2,67.5,84170,91.1245
8,9,4,6,3,112.5,82500,86.4698
8,9,4,6,4,157.5,80221,150.45
8,9,4,6,5,202.5,80935,104.81
8,9,4,6,6,247.5,82804,126.202
8,9,4,6,7,292.5,84923,78.487
8,9,4,6,8,337.5,85773,17.3914
8,9,4,7,1,22.5,53960,16.9586
8,9,4,7,2,67.5,53341,81.3564
8,9,4,7,3,112.5,51812,75.3637
8,9,4,7,4,157.5,50567,115.641
8,9,4,7,5,202.5,50751,85.2167
8,9,4,7,6,247.5,52049,105.391
8,9,4,7,7,292.5,53938,62.5827
8,9,4,7,8,337.5,53974,21.3358
8,9,4,8,1,22.5,46575,28.9436
8,9,4,8,2,67.5,45920,79.8623
8,9,4,8,3,112.5,44036,77.5438
8,9,4,8,4,157.5,43029,106.645
8,9,4,8,5,202.5,42982,78.6048
8,9,4,8,6,247.5,45147,103.825
8,9,4,8,7,292.5,46035,61.8447
8,9,4,8,8,337.5,46203,31.28
8,9,4,9,1,22.5,23553,29.2115
8,9,4,9,2,67.5,23581,58.1706
8,9,4,9,3,112.5,22715,58.7633
8,9,4,9,4,157.5,21784,73.523
8,9,4,9,5,202.5,22152,57.6674
8,9,4,9,6,247.5,22579,74.96
8,9,4,9,7,292.5,23399,47.7553
8,9,4,9,8,337.5,23657,28.1814
8,9,4,10,1,22.5,15325,30.4123
8,9,4,10,2,67.5,15265,51.1662
8,9,4,10,3,112.5,14550,49.7038
8,9,4,10,4,157.5,13931,55.0138
8,9,4,10,5,202.5,14068,44.8045
8,9,4,10,6,247.5,14754,60.8727
8,9,4,10,7,292.5,14994,42.4339
8,9,4,10,8,337.5,14643,26.6078
8,9,4,11,1,22.5,10708,29.655
8,9,4,11,2,67.5,10790,39.5661
8,9,4,11,3,112.5,10323,41.4798
8,9,4,11,4,157.5,9699,40.2767
8,9,4,11,5,202.5,9866,33.9467
8,9,4,11,6,247.5,10246,48.2367
8,9,4,11,7,292.5,10707,37.684
8,9,4,11,8,337.5,10076,22.8043
8,9,5,1,1,22.5,95307,21.6707
8,9,5,1,2,67.5,94026,45.8561
8,9,5,1,3,112.5,94323,92.3626
8,9,5,1,4,157.5,93560,114.509
8,9,5,1,5,202.5,93609,100.002
8,9,5,1,6,247.5,94769,47.6607
8,9,5,1,7,292.5,94606,24.1738
8,9,5,1,8,337.5,95056,17.6845
8,9,5,2,1,22.5,79350,0
8,9,5,2,2,67.5,78872,25.2257
8,9,5,2,3,112.5,77793,88.7223
8,9,5,2,4,157.5,76542,129.702
8,9,5,2,5,202.5,77173,93.2364
8,9,5,2,6,247.5,78293,34.9069
8,9,5,2,7,292.5,79192,22.8706
8,9,5,2,8,337.5,78423,0
8,9,5,3,1,22.5,66232,0
8,9,5,3,2,67.5,65014,13.9301
8,9,5,3,3,112.5,63936,74.6366
8,9,5,3,4,157.5,63092,131.152
8,9,5,3,5,202.5,63913,85.6638
8,9,5,3,6,247.5,64519,46.9563
8,9,5,3,7,292.5,65177,36.9504
8,9,5,3,8,337.5,65970,0
8,9,5,4,1,22.5,54931,0
8,9,5,4,2,67.5,54002,18.2675
8,9,5,4,3,112.5,52721,62.2858
8,9,5,4,4,157.5,51722,113.941
8,9,5,4,5,202.5,52360,78.3695
8,9,5,4,6,247.5,52897,58.5675
8,9,5,4,7,292.5,53542,45.5875
8,9,5,4,8,337.5,54747,0
8,9,5,5,1,22.5,81456,0
8,9,5,5,2,67.5,80567,50.0084
8,9,5,5,3,112.5,78567,75.1733
8,9,5,5,4,157.5,77254,147.887
8,9,5,5,5,202.5,77072,102.079
8,9,5,5,6,247.5,78262,94.4872
8,9,5,5,7,292.5,80823,70.0468
8,9,5,5,8,337.5,82095,0
8,9,5,6,1,22.5,54803,3.92182
8,9,5,6,2,67.5,54257,60.6589
8,9,5,6,3,112.5,52251,62.5661
8,9,5,6,4,157.5,51150,120.635
8,9,5,6,5,202.5,51238,83.2785
8,9,5,6,6,247.5,52702,90.7739
8,9,5,6,7,292.5,53735,65.7923
8,9,5,6,8,337.5,54916,0
8,9,5,7,1,22.5,36309,0
8,9,5,7,2,67.5,35999,59.8697
8,9,5,7,3,112.5,34670,55.3317
8,9,5,7,4,157.5,33657,96.6015
8,9,5,7,5,202.5,33622,67.9686
8,9,5,7,6,247.5,34814,80.9045
8,9,5,7,7,292.5,36033,52.9692
8,9,5,7,8,337.5,36359,0
8,9,5,8,1,22.5,32522,0
8,9,5,8,2,67.5,32259,64.6855
8,9,5,8,3,112.5,31010,57.4626
8,9,5,8,4,157.5,29946,92.6107
8,9,5,8,5,202.5,30315,66.7709
8,9,5,8,6,247.5,31081,82.6719
8,9,5,8,7,292.5,32153,50.6269
8,9,5,8,8,337.5,32258,11.6269
8,9,5,9,1,22.5,17686,11.5614
8,9,5,9,2,67.5,17182,49.7505
8,9,5,9,3,112.5,16348,44.9422
8,9,5,9,4,157.5,16119,67.4451
8,9,5,9,5,202.5,15813,49.1018
8,9,5,9,6,247.5,16676,63.3563
8,9,5,9,7,292.5,17043,38.1507
8,9,5,9,8,337.5,17455,14.1551
8,9,5,10,1,22.5,11242,16.7625
8,9,5,10,2,67.5,11190,40.7391
8,9,5,10,3,112.5,10648,39.8044
8,9,5,10,4,157.5,10205,52.053
8,9,5,10,5,202.5,10286,39.808
8,9,5,10,6,247.5,10592,52.7363
8,9,5,10,7,292.5,11116,31.7008
8,9,5,10,8,337.5,11311,17.6812
8,9,5,11,1,22.5,7520,20.4486
8,9,5,11,2,67.5,7346,32.6764
8,9,5,11,3,112.5,7041,34.0681
8,9,5,11,4,157.5,6660,40.624
8,9,5,11,5,202.5,6797,31.6213
8,9,5,11,6,247.5,7044,41.3436
8,9,5,11,7,292.5,7353,28.2828
8,9,5,11,8,337.5,7323,18.402
8,9,6,1,1,22.5,49510,19.3983
8,9,6,1,2,67.5,49716,39.4507
8,9,6,1,3,112.5,49877,66.1337
8,9,6,1,4,157.5,49341,81.9982
8,9,6,1,5,202.5,49541,68.1962
8,9,6,1,6,247.5,49838,40.2664
8,9,6,1,7,292.5,49616,20.4203
8,9,6,1,8,337.5,49652,15.4899
8,9,6,2,1,22.5,42181,0
8,9,6,2,2,67.5,41946,24.5713
8,9,6,2,3,112.5,41635,67.183
8,9,6,2,4,157.5,40964,88.6448
8,9,6,2,5,202.5,40995,71.8514
8,9,6,2,6,247.5,41224,24.2818
8,9,6,2,7,292.5,41781,9.85435
8,9,6,2,8,337.5,42500,0
8,9,6,3,1,22.5,35848,0
8,9,6,3,2,67.5,35367,13.0126
8,9,6,3,3,112.5,35063,60.8067
8,9,6,3,4,157.5,34111,90.3822
8,9,6,3,5,202.5,34625,63.8898
8,9,6,3,6,247.5,35090,26.7796
8,9,6,3,7,292.5,35646,20.5167
8,9,6,3,8,337.5,35521,0
8,9,6,4,1,22.5,29965,0
8,9,6,4,2,67.5,29111,6.69355
8,9,6,4,3,112.5,29235,51.1935
8,9,6,4,4,157.5,28126,82.7032
8,9,6,4,5,202.5,28544,59.3384
8,9,6,4,6,247.5,28829,35.4049
8,9,6,4,7,292.5,29277,27.8505
8,9,6,4,8,337.5,30014,0
8,9,6,5,1,22.5,46086,0
8,9,6,5,2,67.5,44841,20.0042
8,9,6,5,3,112.5,44292,61.0694
8,9,6,5,4,157.5,42912,111.402
8,9,6,5,5,202.5,43303,75.3114
8,9,6,5,6,247.5,44235,59.7968
8,9,6,5,7,292.5,45475,48.3163
8,9,6,5,8,337.5,45883,0
8,9,6,6,1,22.5,31676,0
8,9,6,6,2,67.5,31031,32.7922
8,9,6,6,3,112.5,30200,47.4606
8,9,6,6,4,157.5,29493,92.1416
8,9,6,6,5,202.5,29711,63.4873
8,9,6,6,6,247.5,30222,62.8091
8,9,6,6,7,292.5,31148,47.2801
8,9,6,6,8,337.5,31694,0
8,9,6,7,1,22.5,21730,0
8,9,6,7,2,67.5,21344,37.4347
8,9,6,7,3,112.5,20332,38.6485
8,9,6,7,4,157.5,19588,74.8212
8,9,6,7,5,202.5,19959,52.3177
8,9,6,7,6,247.5,20360,56.0075
8,9,6,7,7,292.5,21329,43.2138
8,9,6,7,8,337.5,21643,0
8,9,6,8,1,22.5,19694,0
8,9,6,8,2,67.5,19681,44.8465
8,9,6,8,3,112.5,18717,41.0353
8,9,6,8,4,157.5,17885,72.7402
8,9,6,8,5,202.5,18354,50.8555
8,9,6,8,6,247.5,18874,59.3218
8,9,6,8,7,292.5,19667,41.5647
8,9,6,8,8,337.5,20143,0
8,9,6,9,1,22.5,10733,0
8,9,6,9,2,67.5,10656,36.592
8,9,6,9,3,112.5,10006,32.1855
8,9,6,9,4,157.5,9726,53.4365
8,9,6,9,5,202.5,9413,37.6884
8,9,6,9,6,247.5,10021,45.8252
8,9,6,9,7,292.5,10585,29.324
8,9,6,9,8,337.5,10855,0
8,9,6,10,1,22.5,7015,0
8,9,6,10,2,67.5,6885,31.099
8,9,6,10,3,112.5,6423,28.246
8,9,6,10,4,157.5,6301,43.214
8,9,6,10,5,202.5,6428,31.3047
8,9,6,10,6,247.5,6489,40.5133
8,9,6,10,7,292.5,6967,23.1566
8,9,6,10,8,337.5,6843,8.88453
8,9,6,11,1,22.5,4254,10.1523
8,9,6,11,2,67.5,4255,25.051
8,9,6,11,3,112.5,3885,24.173
8,9,6,11,4,157.5,3775,31.7758
8,9,6,11,5,202.5,3766,23.5705
8,9,6,11,6,247.5,4021,30.4082
8,9,6,11,7,292.5,4068,20.0078
8,9,6,11,8,337.5,4142,9.74515
8,9,7,1,1,22.5,21235,16.3339
8,9,7,1,2,67.5,21410,28.3314
8,9,7,1,3,112.5,21282,47.5444
8,9,7,1,4,157.5,21081,55.8101
8,9,7,1,5,202.5,20927,48.993
8,9,7,1,6,247.5,21236,28.4624
8,9,7,1,7,292.5,21221,16.2474
8,9,7,1,8,337.5,21277,14.5562
8,9,7,2,1,22.5,17753,0
8,9,7,2,2,67.5,17636,20.9891
8,9,7,2,3,112.5,17847,46.4724
8,9,7,2,4,157.5,17384,57.8842
8,9,7,2,5,202.5,17669,47.2549
8,9,7,2,6,247.5,17871,17.0005
8,9,7,2,7,292.5,17991,0
8,9,7,2,8,337.5,17891,0
8,9,7,3,1,22.5,15251,0
8,9,7,3,2,67.5,15120,13.4023
8,9,7,3,3,112.5,14749,42.1657
8,9,7,3,4,157.5,14470,59.3317
8,9,7,3,5,202.5,14545,44.6355
8,9,7,3,6,247.5,14796,15.7157
8,9,7,3,7,292.5,15050,9.5057
8,9,7,3,8,337.5,14883,0
8,9,7,4,1,22.5,12858,0
8,9,7,4,2,67.5,12414,6.48667
8,9,7,4,3,112.5,12400,36.7749
8,9,7,4,4,157.5,12150,55.075
8,9,7,4,5,202.5,12148,40.3428
8,9,7,4,6,247.5,12380,17.8553
8,9,7,4,7,292.5,12897,15.8141
8,9,7,4,8,337.5,12574,0
8,9,7,5,1,22.5,19635,0
8,9,7,5,2,67.5,19162,0
8,9,7,5,3,112.5,18997,44.313
8,9,7,5,4,157.5,18307,71.9113
8,9,7,5,5,202.5,18454,51.2952
8,9,7,5,6,247.5,18823,32.205
8,9,7,5,7,292.5,19463,26.2799
8,9,7,5,8,337.5,19686,0
8,9,7,6,1,22.5,13719,0
8,9,7,6,2,67.5,13221,14.3268
8,9,7,6,3,112.5,12991,32.5026
8,9,7,6,4,157.5,12711,61.1583
8,9,7,6,5,202.5,12822,42.6777
8,9,7,6,6,247.5,13158,36.2081
8,9,7,6,7,292.5,13354,29.1186
8,9,7,6,8,337.5,13649,0
8,9,7,7,1,22.5,9290,0
8,9,7,7,2,67.5,9123,18.6479
8,9,7,7,3,112.5,8855,26.6447
8,9,7,7,4,157.5,8430,50.5562
8,9,7,7,5,202.5,8580,34.4511
8,9,7,7,6,247.5,8959,34.1456
8,9,7,7,7,292.5,9020,26.8159
8,9,7,7,8,337.5,9353,0
8,9,7,8,1,22.5,8352,0
8,9,7,8,2,67.5,8382,24.6262
8,9,7,8,3,112.5,7852,25.8956
8,9,7,8,4,157.5,7842,46.6089
8,9,7,8,5,202.5,7859,33.3618
8,9,7,8,6,247.5,8092,36.5042
8,9,7,8,7,292.5,8242,28.1568
8,9,7,8,8,337.5,8611,0
8,9,7,9,1,22.5,4300,0
8,9,7,9,2,67.5,4160,18.9971
8,9,7,9,3,112.5,4009,19.1668
8,9,7,9,4,157.5,3795,30.861
8,9,7,9,5,202.5,3843,23.3726
8,9,7,9,6,247.5,4018,26.743
8,9,7,9,7,292.5,4166,19.3002
8,9,7,9,8,337.5,4230,0
8,9,7,10,1,22.5,2101,0
8,9,7,10,2,67.5,2150,15.3513
8,9,7,10,3,112.5,2070,12.0859
8,9,7,10,4,157.5,1908,22.9161
8,9,7,10,5,202.5,2024,17.0102
8,9,7,10,6,247.5,2057,20.9496
8,9,7,10,7,292.5,2155,12.2541
8,9,7,10,8,337.5,2176,0
8,9,7,11,1,22.5,585,0
8,9,7,11,2,67.5,592,8.08053
8,9,7,11,3,112.5,516,7.89436
8,9,7,11,4,157.5,543,12.1158
8,9,7,11,5,202.5,519,8.76231
8,9,7,11,6,247.5,520,10.8281
8,9,7,11,7,292.5,622,5.78057
8,9,7,11,8,337.5,582,0
8,9,8,1,1,22.5,5203,7.67254
8,9,8,1,2,67.5,5221,14.5756
8,9,8,1,3,112.5,5273,20.635
8,9,8,1,4,157.5,5159,26.6453
8,9,8,1,5,202.5,5212,22.783
8,9,8,1,6,247.5,5159,13.6425
8,9,8,1,7,292.5,5153,7.86727
8,9,8,1,8,337.5,5176,7.32705
8,9,8,2,1,22.5,4120,0
8,9,8,2,2,67.5,4137,9.55728
8,9,8,2,3,112.5,4194,21.4277
8,9,8,2,4,157.5,4142,28.4002
8,9,8,2,5,202.5,4111,22.197
8,9,8,2,6,247.5,4137,7.48439
8,9,8,2,7,292.5,4169,0
8,9,8,2,8,337.5,4127,0
8,9,8,3,1,22.5,3307,0
8,9,8,3,2,67.5,3213,6.23785
8,9,8,3,3,112.5,3376,20.3116
8,9,8,3,4,157.5,3240,26.2132
8,9,8,3,5,202.5,3231,19.4634
8,9,8,3,6,247.5,3300,5.26936
8,9,8,3,7,292.5,3273,0
8,9,8,3,8,337.5,3350,0
8,9,8,4,1,22.5,2589,0
8,9,8,4,2,67.5,2587,0
8,9,8,4,3,112.5,2601,17.7546
8,9,8,4,4,157.5,2523,23.08
8,9,8,4,5,202.5,2422,16.375
8,9,8,4,6,247.5,2595,5.59248
8,9,8,4,7,292.5,2464,4.35122
8,9,8,4,8,337.5,2598,0
8,9,8,5,1,22.5,3388,0
8,9,8,5,2,67.5,3311,0
8,9,8,5,3,112.5,3259,18.214
8,9,8,5,4,157.5,3289,29.3662
8,9,8,5,5,202.5,3232,18.6184
8,9,8,5,6,247.5,3350,12.3391
8,9,8,5,7,292.5,3446,8.23748
8,9,8,5,8,337.5,3481,0
8,9,8,6,1,22.5,1885,0
8,9,8,6,2,67.5,1779,0
8,9,8,6,3,112.5,1739,10.7732
8,9,8,6,4,157.5,1728,19.7224
8,9,8,6,5,202.5,1768,11.5871
8,9,8,6,6,247.5,1730,10.7408
8,9,8,6,7,292.5,1715,6.5056
8,9,8,6,8,337.5,1736,0
8,9,8,7,1,22.5,796,0
8,9,8,7,2,67.5,796,3.31938
8,9,8,7,3,112.5,766,5.90913
8,9,8,7,4,157.5,746,9.12252
8,9,8,7,5,202.5,778,4.32712
8,9,8,7,6,247.5,736,7.62757
8,9,8,7,7,292.5,839,5.12544
8,9,8,7,8,337.5,801,0
8,9,8,8,1,22.5,294,0
8,9,8,8,2,67.5,324,0
8,9,8,8,3,112.5,339,0
8,9,8,8,4,157.5,295,4.96346
8,9,8,8,5,202.5,311,5.38395
8,9,8,8,6,247.5,327,3.30387
8,9,8,8,7,292.5,304,0
8,9,8,8,8,337.5,385,0
8,9,8,9,1,22.5,21,0
8,9,8,9,2,67.5,20,0
8,9,8,9,3,112.5,12,0
8,9,8,9,4,157.5,20,0
8,9,8,9,5,202.5,21,0
8,9,8,9,6,247.5,15,0
8,9,8,9,7,292.5,18,0
8,9,8,9,8,337.5,26,0
8,9,8,10,1,22.5,0,0
8,9,8,10,2,67.5,0,0
8,9,8,10,3,112.5,0,0
8,9,8,10,4,157.5,0,0
8,9,8,10,5,202.5,0,0
8,9,8,10,6,247.5,0,0
8,9,8,10,7,292.5,0,0
8,9,8,10,8,337.5,0,0
8,9,8,11,1,22.5,0,0
8,9,8,11,2,67.5,0,0
8,9,8,11,3,112.5,0,0
8,9,8,11,4,157.5,0,0
8,9,8,11,5,202.5,0,0
8,9,8,11,6,247.5,0,0
8,9,8,11,7,292.5,0,0
8,9,8,11,8,337.5,0,0
9,10,1,1,1,22.5,7.30253e+06,78.5224
9,10,1,1,2,67.5,7.29888e+06,201.075
9,10,1,1,3,112.5,7.29072e+06,237.167
9,10,1,1,4,157.5,7.28278e+06,279.166
9,10,1,1,5,202.5,7.28071e+06,296.664
9,10,1,1,6,247.5,7.29465e+06,318.714
9,10,1,1,7,292.5,7.30853e+06,175.465
9,10,1,1,8,337.5,7.3094e+06,83.1214
9,10,1,2,1,22.5,3.04768e+06,75.1039
9,10,1,2,2,67.5,3.04461e+06,112.84
9,10,1,2,3,112.5,3.02866e+06,158.677
9,10,1,2,4,157.5,3.01497e+06,182.36
9,10,1,2,5,202.5,3.01588e+06,171.356
9,10,1,2,6,247.5,3.03188e+06,147.064
9,10,1,2,7,292.5,3.04855e+06,145.813
9,10,1,2,8,337.5,3.04785e+06,57.2134
9,10,1,3,1,22.5,1.54111e+06,53.0827
9,10,1,3,2,67.5,1.53971e+06,106.382
9,10,1,3,3,112.5,1.52845e+06,103.307
9,10,1,3,4,157.5,1.51803e+06,97.5726
9,10,1,3,5,202.5,1.51916e+06,87.3896
9,10,1,3,6,247.5,1.53324e+06,102.322
9,10,1,3,7,292.5,1.54127e+06,106.133
9,10,1,3,8,337.5,1.54412e+06,44.502
9,10,1,4,1,22.5,852861,39.1952
9,10,1,4,2,67.5,852606,78.6343
9,10,1,4,3,112.5,844598,68.9819
9,10,1,4,4,157.5,837034,58.3947
9,10,1,4,5,202.5,839098,49.0943
9,10,1,4,6,247.5,847543,74.7112
9,10,1,4,7,292.5,854433,72.9541
9,10,1,4,8,337.5,855106,37.564
9,10,1,5,1,22.5,807220,34.3633
9,10,1,5,2,67.5,805928,62.7695
9,10,1,5,3,112.5,796148,55.6666
9,10,1,5,4,157.5,789259,38.1505
9,10,1,5,5,202.5,790201,39.1169
9,10,1,5,6,247.5,800160,58.4639
9,10,1,5,7,292.5,806973,61.4629
9,10,1,5,8,337.5,807804,33.6235
9,10,1,6,1,22.5,308885,10.9082
9,10,1,6,2,67.5,308817,20.231
9,10,1,6,3,112.5,306136,16.5349
9,10,1,6,4,157.5,301557,11.4974
9,10,1,6,5,202.5,301857,5.39581
9,10,1,6,6,247.5,306484,17.5672
9,10,1,6,7,292.5,309273,17.6434
9,10,1,6,8,337.5,309595,11.6266
9,10,1,7,1,22.5,123914,0
9,10,1,7,2,67.5,124054,0
9,10,1,7,3,112.5,122592,8.47343
9,10,1,7,4,157.5,119648,0
9,10,1,7,5,202.5,120195,0
9,10,1,7,6,247.5,123072,4.50027
9,10,1,7,7,292.5,123872,5.18281
9,10,1,7,8,337.5,123914,0
9,10,1,8,1,22.5,61155,0
9,10,1,8,2,67.5,60813,0
9,10,1,8,3,112.5,60374,4.98889
9,10,1,8,4,157.5,58839,6.30966
9,10,1,8,5,202.5,58938,0
9,10,1,8,6,247.5,60202,36.2586
9,10,1,8,7,292.5,61003,0
9,10,1,8,8,337.5,61151,0
9,10,1,9,1,22.5,13465,0
9,10,1,9,2,67.5,13593,0
9,10,1,9,3,112.5,13146,0
9,10,1,9,4,157.5,12785,3.70278
9,10,1,9,5,202.5,12892,0
9,10,1,9,6,247.5,13125,6.42548
9,10,1,9,7,292.5,13602,3.92081
9,10,1,9,8,337.5,13627,0
9,10,1,10,1,22.5,2427,0
9,10,1,10,2,67.5,2405,0
9,10,1,10,3,112.5,2307,0
9,10,1,10,4,157.5,2270,0
9,10,1,10,5,202.5,2313,0
9,10,1,10,6,247.5,2459,0
9,10,1,10,7,292.5,2482,0
9,10,1,10,8,337.5,2481,0
9,10,1,11,1,22.5,97,0
9,10,1,11,2,67.5,92,0
9,10,1,11,3,112.5,77,0
9,10,1,11,4,157.5,88,0
9,10,1,11,5,202.5,91,0
9,10,1,11,6,247.5,89,0
9,10,1,11,7,292.5,80,0
9,10,1,11,8,337.5,95,0
9,10,2,1,1,22.5,690010,136.662
9,10,2,1,2,67.5,688383,160.411
9,10,2,1,3,112.5,685027,313.685
9,10,2,1,4,157.5,682744,384.207
9,10,2,1,5,202.5,683753,355.291
9,10,2,1,6,247.5,686443,299.096
9,10,2,1,7,292.5,688074,351.584
9,10,2,1,8,337.5,690389,176.082
9,10,2,2,1,22.5,527499,68.8923
9,10,2,2,2,67.5,526793,189.547
9,10,2,2,3,112.5,523890,256.527
9,10,2,2,4,157.5,519358,348.719
9,10,2,2,5,202.5,521361,294.898
9,10,2,2,6,247.5,522640,332.347
9,10,2,2,7,292.5,528560,186.417
9,10,2,2,8,337.5,528556,83.9066
9,10,2,3,1,22.5,397072,80.6076
9,10,2,3,2,67.5,394678,169.883
9,10,2,3,3,112.5,391779,185.065
9,10,2,3,4,157.5,386543,241.322
9,10,2,3,5,202.5,388111,205.314
9,10,2,3,6,247.5,392733,208.617
9,10,2,3,7,292.5,395719,184.479
9,10,2,3,8,337.5,395719,72.7599
9,10,2,4,1,22.5,293079,79.0306
9,10,2,4,2,67.5,292061,156.527
9,10,2,4,3,112.5,288764,153.555
9,10,2,4,4,157.5,285148,178.523
9,10,2,4,5,202.5,284647,152.228
9,10,2,4,6,247.5,289137,182.518
9,10,2,4,7,292.5,292841,151.801
9,10,2,4,8,337.5,292283,63.9962
9,10,2,5,1,22.5,376870,94.0406
9,10,2,5,2,67.5,375724,188.297
9,10,2,5,3,112.5,369954,171.589
9,10,2,5,4,157.5,365066,168.954
9,10,2,5,5,202.5,366194,138.74
9,10,2,5,6,247.5,372017,198.161
9,10,2,5,7,292.5,376715,173.257
9,10,2,5,8,337.5,376779,83.7071
9,10,2,6,1,22.5,213226,69.9626
9,10,2,6,2,67.5,212408,120.32
9,10,2,6,3,112.5,208671,113.934
9,10,2,6,4,157.5,204480,112.153
9,10,2,6,5,202.5,205911,75.7601
9,10,2,6,6,247.5,209449,125.746
9,10,2,6,7,292.5,211943,111.751
9,10,2,6,8,337.5,211739,65.3853
9,10,2,7,1,22.5,124701,49.673
9,10,2,7,2,67.5,123569,73.7461
9,10,2,7,3,112.5,121969,66.6676
9,10,2,7,4,157.5,119389,45.845
9,10,2,7,5,202.5,120459,40.9004
9,10,2,7,6,247.5,122278,72.9987
9,10,2,7,7,292.5,123667,70.4854
9,10,2,7,8,337.5,124090,43.8552
9,10,2,8,1,22.5,98816,33.8874
9,10,2,8,2,67.5,99113,45.1478
9,10,2,8,3,112.5,97246,42.5179
9,10,2,8,4,157.5,95071,30.3915
9,10,2,8,5,202.5,95236,20.4391
9,10,2,8,6,247.5,97452,44.2655
9,10,2,8,7,292.5,99397,46.1797
9,10,2,8,8,337.5,98244,27.3619
9,10,2,9,1,22.5,44354,10.1022
9,10,2,9,2,67.5,44310,21.6414
9,10,2,9,3,112.5,43971,13.7551
9,10,2,9,4,157.5,42551,5.48606
9,10,2,9,5,202.5,42859,12.1644
9,10,2,9,6,247.5,43403,33.6992
9,10,2,9,7,292.5,44458,15.3694
9,10,2,9,8,337.5,44551,6.91834
9,10,2,10,1,22.5,20854,2.91176
9,10,2,10,2,67.5,20630,0
9,10,2,10,3,112.5,20605,0
9,10,2,10,4,157.5,19397,0
9,10,2,10,5,202.5,19848,0
9,10,2,10,6,247.5,20495,0
9,10,2,10,7,292.5,20727,3.51863
9,10,2,10,8,337.5,20749,0
9,10,2,11,1,22.5,5331,0
9,10,2,11,2,67.5,5259,0
9,10,2,11,3,112.5,5062,0
9,10,2,11,4,157.5,4797,0
9,10,2,11,5,202.5,4883,0
9,10,2,11,6,247.5,5158,13.3432
9,10,2,11,7,292.5,5159,3.89964
9,10,2,11,8,337.5,5337,0
9,10,3,1,1,22.5,333018,84.2333
9,10,3,1,2,67.5,331815,163.518
9,10,3,1,3,112.5,330224,207.743
9,10,3,1,4,157.5,329793,322.241
9,10,3,1,5,202.5,330900,270.645
9,10,3,1,6,247.5,331893,188.39
9,10,3,1,7,292.5,332506,113.009
9,10,3,1,8,337.5,333886,103.24
9,10,3,2,1,22.5,266624,42.6637
9,10,3,2,2,67.5,264489,120.719
9,10,3,2,3,112.5,263403,165.919
9,10,3,2,4,157.5,261128,275.006
9,10,3,2,5,202.5,261868,202.567
9,10,3,2,6,247.5,262606,147.333
9,10,3,2,7,292.5,265501,136.408
9,10,3,2,8,337.5,266056,36.0386
9,10,3,3,1,22.5,210217,29.3651
9,10,3,3,2,67.5,208218,108.749
9,10,3,3,3,112.5,206091,133.049
9,10,3,3,4,157.5,204299,223.772
9,10,3,3,5,202.5,204754,175.942
9,10,3,3,6,247.5,206300,143.707
9,10,3,3,7,292.5,208625,120.958
9,10,3,3,8,337.5,210676,34.917
9,10,3,4,1,22.5,163444,37.4382
9,10,3,4,2,67.5,162061,109.008
9,10,3,4,3,112.5,160258,115.667
9,10,3,4,4,157.5,158144,190.411
9,10,3,4,5,202.5,158408,146.693
9,10,3,4,6,247.5,160808,144.836
9,10,3,4,7,292.5,162604,118.424
9,10,3,4,8,337.5,163673,40.3851
9,10,3,5,1,22.5,224142,62.0462
9,10,3,5,2,67.5,223276,157.506
9,10,3,5,3,112.5,218081,146.223
9,10,3,5,4,157.5,215912,215.241
9,10,3,5,5,202.5,216860,168.299
9,10,3,5,6,247.5,220336,193.403
9,10,3,5,7,292.5,223819,148.432
9,10,3,5,8,337.5,224287,56.3773
9,10,3,6,1,22.5,134120,54.2698
9,10,3,6,2,67.5,133047,133.743
9,10,3,6,3,112.5,130062,122.019
9,10,3,6,4,157.5,126998,150.854
9,10,3,6,5,202.5,127619,119.385
9,10,3,6,6,247.5,130383,155.785
9,10,3,6,7,292.5,133096,111.803
9,10,3,6,8,337.5,133464,51.4375
9,10,3,7,1,22.5,80059,49.1031
9,10,3,7,2,67.5,79993,104.228
9,10,3,7,3,112.5,77679,96.6247
9,10,3,7,4,157.5,75756,101.923
9,10,3,7,5,202.5,76543,81.5207
9,10,3,7,6,247.5,77960,118.728
9,10,3,7,7,292.5,79769,87.716
9,10,3,7,8,337.5,79834,49.4617
9,10,3,8,1,22.5,66022,56.0148
9,10,3,8,2,67.5,66151,91.4212
9,10,3,8,3,112.5,64351,87.0201
9,10,3,8,4,157.5,62812,74.4183
9,10,3,8,5,202.5,62719,61.8779
9,10,3,8,6,247.5,64638,99.4472
9,10,3,8,7,292.5,65735,81.1063
9,10,3,8,8,337.5,65041,52.0382
9,10,3,9,1,22.5,33407,41.4111
9,10,3,9,2,67.5,33582,57.4584
9,10,3,9,3,112.5,32380,52.4704
9,10,3,9,4,157.5,31727,39.7209
9,10,3,9,5,202.5,32070,33.9136
9,10,3,9,6,247.5,32687,59.1928
9,10,3,9,7,292.5,33032,53.786
9,10,3,9,8,337.5,33056,34.8568
9,10,3,10,1,22.5,20831,27.8109
9,10,3,10,2,67.5,20791,35.4587
9,10,3,10,3,112.5,20268,33.7804
9,10,3,10,4,157.5,19359,20.9772
9,10,3,10,5,202.5,19638,18.6933
9,10,3,10,6,247.5,20373,35.3974
9,10,3,10,7,292.5,20805,35.0629
9,10,3,10,8,337.5,20736,22.6475
9,10,3,11,1,22.5,10056,12.1416
9,10,3,11,2,67.5,10043,16.418
9,10,3,11,3,112.5,9676,15.6763
9,10,3,11,4,157.5,9107,9.6269
9,10,3,11,5,202.5,9512,5.61808
9,10,3,11,6,247.5,9757,21.207
9,10,3,11,7,292.5,9991,16.4113
9,10,3,11,8,337.5,10046,9.9078
9,10,4,1,1,22.5,188734,85.3925
9,10,4,1,2,67.5,187970,103.968
9,10,4,1,3,112.5,186895,184.776
9,10,4,1,4,157.5,185681,224.951
9,10,4,1,5,202.5,186789,195.076
9,10,4,1,6,247.5,187595,109.934
9,10,4,1,7,292.5,188553,85.7066
9,10,4,1,8,337.5,188481,71.8763
9,10,4,2,1,22.5,154446,31.1297
9,10,4,2,2,67.5,153917,62.7597
9,10,4,2,3,112.5,152840,134.409
9,10,4,2,4,157.5,151638,208.919
9,10,4,2,5,202.5,151664,162.321
9,10,4,2,6,247.5,152589,83.2774
9,10,4,2,7,292.5,153797,73.0284
9,10,4,2,8,337.5,154258,32.7499
9,10,4,3,1,22.5,125938,20.7145
9,10,4,3,2,67.5,124702,51.3613
9,10,4,3,3,112.5,122851,111.381
9,10,4,3,4,157.5,121285,186.269
9,10,4,3,5,202.5,122110,142.143
9,10,4,3,6,247.5,122889,88.5955
9,10,4,3,7,292.5,125319,81.8772
9,10,4,3,8,337.5,126081,16.4722
9,10,4,4,1,22.5,102440,14.6804
9,10,4,4,2,67.5,100393,63.0276
9,10,4,4,3,112.5,98850,86.6155
9,10,4,4,4,157.5,97664,166.036
9,10,4,4,5,202.5,97795,118.301
9,10,4,4,6,247.5,98822,95.2758
9,10,4,4,7,292.5,100657,93.4496
9,10,4,4,8,337.5,101004,14.4966
9,10,4,5,1,22.5,146339,22.6903
9,10,4,5,2,67.5,144044,109.304
9,10,4,5,3,112.5,141407,108.37
9,10,4,5,4,157.5,139354,198.541
9,10,4,5,5,202.5,138915,147.411
9,10,4,5,6,247.5,141609,138.587
9,10,4,5,7,292.5,145091,125.018
9,10,4,5,8,337.5,146324,25.1259
9,10,4,6,1,22.5,91433,23.3572
9,10,4,6,2,67.5,90749,108.181
9,10,4,6,3,112.5,89146,92.6912
9,10,4,6,4,157.5,87273,150.371
9,10,4,6,5,202.5,87005,112.894
9,10,4,6,6,247.5,88665,127.349
9,10,4,6,7,292.5,90749,101.857
9,10,4,6,8,337.5,91325,21.9932
9,10,4,7,1,22.5,57035,20.3271
9,10,4,7,2,67.5,57009,91.3986
9,10,4,7,3,112.5,54884,79.7572
9,10,4,7,4,157.5,53522,114.084
9,10,4,7,5,202.5,53993,86.659
9,10,4,7,6,247.5,55634,106.47
9,10,4,7,7,292.5,56814,77.4713
9,10,4,7,8,337.5,56916,24.427
9,10,4,8,1,22.5,47950,26.4129
9,10,4,8,2,67.5,47883,86.3408
9,10,4,8,3,112.5,46316,77.0241
9,10,4,8,4,157.5,45199,96.3326
9,10,4,8,5,202.5,45333,76.3667
9,10,4,8,6,247.5,46771,101.479
9,10,4,8,7,292.5,47859,69.7114
9,10,4,8,8,337.5,48202,32.633
9,10,4,9,1,22.5,24020,29.3231
9,10,4,9,2,67.5,24072,61.4873
9,10,4,9,3,112.5,23077,57.225
9,10,4,9,4,157.5,22292,60.9876
9,10,4,9,5,202.5,22394,48.6005
9,10,4,9,6,247.5,23524,71.9977
9,10,4,9,7,292.5,23653,49.1996
9,10,4,9,8,337.5,24116,32.2356
9,10,4,10,1,22.5,14633,28.9545
9,10,4,10,2,67.5,14833,46.6198
9,10,4,10,3,112.5,14235,46.0771
9,10,4,10,4,157.5,13400,41.3764
9,10,4,10,5,202.5,13598,33.9869
9,10,4,10,6,247.5,14222,53.1857
9,10,4,10,7,292.5,14608,40.7128
9,10,4,10,8,337.5,14641,28.2863
9,10,4,11,1,22.5,8017,24.1588
9,10,4,11,2,67.5,7898,32.3795
9,10,4,11,3,112.5,7534,32.0073
9,10,4,11,4,157.5,7115,25.1981
9,10,4,11,5,202.5,7200,20.9555
9,10,4,11,6,247.5,7733,34.7129
9,10,4,11,7,292.5,7923,30.3603
9,10,4,11,8,337.5,7684,20.9445
9,10,5,1,1,22.5,110549,62.6257
9,10,5,1,2,67.5,110651,91.5795
9,10,5,1,3,112.5,110369,142.007
9,10,5,1,4,157.5,109781,162.83
9,10,5,1,5,202.5,109611,140.17
9,10,5,1,6,247.5,110755,85.7396
9,10,5,1,7,292.5,111226,53.6329
9,10,5,1,8,337.5,110643,49.5625
9,10,5,2,1,22.5,91190,20.9172
9,10,5,2,2,67.5,90977,49.3537
9,10,5,2,3,112.5,90637,115.936
9,10,5,2,4,157.5,90174,158.152
9,10,5,2,5,202.5,90208,126.821
9,10,5,2,6,247.5,90502,52.3767
9,10,5,2,7,292.5,91513,34.6465
9,10,5,2,8,337.5,92070,14.4807
9,10,5,3,1,22.5,75858,8.13992
9,10,5,3,2,67.5,75736,26.8822
9,10,5,3,3,112.5,74412,94.5816
9,10,5,3,4,157.5,73224,148.292
9,10,5,3,5,202.5,73736,109.726
9,10,5,3,6,247.5,74882,54.8109
9,10,5,3,7,292.5,76049,51.2703
9,10,5,3,8,337.5,75557,9.85071
9,10,5,4,1,22.5,62386,0
9,10,5,4,2,67.5,61692,26.7554
9,10,5,4,3,112.5,60741,74.6872
9,10,5,4,4,157.5,60031,130.27
9,10,5,4,5,202.5,59901,94.8103
9,10,5,4,6,247.5,60575,60.3785
9,10,5,4,7,292.5,61580,62.2296
9,10,5,4,8,337.5,62359,6.9529
9,10,5,5,1,22.5,92660,8.66294
9,10,5,5,2,67.5,91274,60.2998
9,10,5,5,3,112.5,89460,89.7558
9,10,5,5,4,157.5,87918,161.886
9,10,5,5,5,202.5,87497,122.906
9,10,5,5,6,247.5,90113,95.3735
9,10,5,5,7,292.5,91057,94.6902
9,10,5,5,8,337.5,92815,11.7512
9,10,5,6,1,22.5,61270,11.6823
9,10,5,6,2,67.5,60365,73.1333
9,10,5,6,3,112.5,58641,69.9457
9,10,5,6,4,157.5,57599,130.946
9,10,5,6,5,202.5,57656,96.1346
9,10,5,6,6,247.5,59300,90.9752
9,10,5,6,7,292.5,60106,87.1399
9,10,5,6,8,337.5,61282,7.31496
9,10,5,7,1,22.5,40243,11.4286
9,10,5,7,2,67.5,39440,72.6424
9,10,5,7,3,112.5,38511,59.3484
9,10,5,7,4,157.5,37090,103.194
9,10,5,7,5,202.5,36953,75.8076
9,10,5,7,6,247.5,38319,82.4337
9,10,5,7,7,292.5,39584,70.8609
9,10,5,7,8,337.5,39549,6.68148
9,10,5,8,1,22.5,34929,7.83777
9,10,5,8,2,67.5,34476,74.3207
9,10,5,8,3,112.5,33433,60.7613
9,10,5,8,4,157.5,32266,93.6334
9,10,5,8,5,202.5,32259,72.0167
9,10,5,8,6,247.5,33692,82.1453
9,10,5,8,7,292.5,34575,64.9541
9,10,5,8,8,337.5,34804,11.1452
9,10,5,9,1,22.5,17431,9.83137
9,10,5,9,2,67.5,17544,54.8155
9,10,5,9,3,112.5,16811,45.2084
9,10,5,9,4,157.5,16129,63.3897
9,10,5,9,5,202.5,16093,48.3279
9,10,5,9,6,247.5,16895,61.4348
9,10,5,9,7,292.5,17471,42.0377
9,10,5,9,8,337.5,17752,15.545
9,10,5,10,1,22.5,10093,13.8134
9,10,5,10,2,67.5,10101,40.4515
9,10,5,10,3,112.5,9778,36.2468
9,10,5,10,4,157.5,9173,45.7619
9,10,5,10,5,202.5,9306,36.0569
9,10,5,10,6,247.5,9744,47.2109
9,10,5,10,7,292.5,10018,30.8175
9,10,5,10,8,337.5,10194,18.1149
9,10,5,11,1,22.5,4794,14.8408
9,10,5,11,2,67.5,4712,25.3121
9,10,5,11,3,112.5,4491,26.5498
9,10,5,11,4,157.5,4227,29.149
9,10,5,11,5,202.5,4249,25.1788
9,10,5,11,6,247.5,4468,31.3656
9,10,5,11,7,292.5,4780,22.7719
9,10,5,11,8,337.5,4594,14.7498
9,10,6,1,1,22.5,59575,57.8816
9,10,6,1,2,67.5,59014,76.067
9,10,6,1,3,112.5,59261,105.52
9,10,6,1,4,157.5,58291,118.31
9,10,6,1,5,202.5,59055,102.323
9,10,6,1,6,247.5,58955,70.8962
9,10,6,1,7,292.5,59600,48.2094
9,10,6,1,8,337.5,59543,45.3019
9,10,6,2,1,22.5,50113,21.2057
9,10,6,2,2,67.5,49554,52.5652
9,10,6,2,3,112.5,49104,91.7938
9,10,6,2,4,157.5,49088,116.054
9,10,6,2,5,202.5,48710,89.5495
9,10,6,2,6,247.5,49341,42.9557
9,10,6,2,7,292.5,49998,14.9242
9,10,6,2,8,337.5,49605,11.7477
9,10,6,3,1,22.5,41600,5.72633
9,10,6,3,2,67.5,41275,25.9481
9,10,6,3,3,112.5,40942,74.1873
9,10,6,3,4,157.5,40240,107.027
9,10,6,3,5,202.5,40566,86.7631
9,10,6,3,6,247.5,40697,35.088
9,10,6,3,7,292.5,42040,24.4928
9,10,6,3,8,337.5,41766,0
9,10,6,4,1,22.5,34603,0
9,10,6,4,2,67.5,33947,14.7749
9,10,6,4,3,112.5,33698,63.2462
9,10,6,4,4,157.5,33397,97.0156
9,10,6,4,5,202.5,33445,74.9291
9,10,6,4,6,247.5,33825,36.9867
9,10,6,4,7,292.5,34599,37.0758
9,10,6,4,8,337.5,34591,0
9,10,6,5,1,22.5,52615,0
9,10,6,5,2,67.5,51981,27.5123
9,10,6,5,3,112.5,50699,72.4198
9,10,6,5,4,157.5,49395,121.271
9,10,6,5,5,202.5,49615,91.0341
9,10,6,5,6,247.5,50398,60.0431
9,10,6,5,7,292.5,51212,63.2852
9,10,6,5,8,337.5,52302,7.97544
9,10,6,6,1,22.5,34917,4.70852
9,10,6,6,2,67.5,34632,42.7622
9,10,6,6,3,112.5,33474,54.1111
9,10,6,6,4,157.5,32732,98.4906
9,10,6,6,5,202.5,32649,74.682
9,10,6,6,6,247.5,33668,59.5919
9,10,6,6,7,292.5,34420,62.9841
9,10,6,6,8,337.5,34781,0
9,10,6,7,1,22.5,22544,4.12985
9,10,6,7,2,67.5,22365,45.8131
9,10,6,7,3,112.5,21716,42.5139
9,10,6,7,4,157.5,20877,80.2746
9,10,6,7,5,202.5,21096,58.8281
9,10,6,7,6,247.5,21952,55.3188
9,10,6,7,7,292.5,22015,53.0505
9,10,6,7,8,337.5,23131,0
9,10,6,8,1,22.5,19562,6.13025
9,10,6,8,2,67.5,19250,50.3638
9,10,6,8,3,112.5,18657,42.0325
9,10,6,8,4,157.5,17810,72.8297
9,10,6,8,5,202.5,17936,55.3186
9,10,6,8,6,247.5,18649,57.6595
9,10,6,8,7,292.5,18951,50.9943
9,10,6,8,8,337.5,19864,0
9,10,6,9,1,22.5,9636,0
9,10,6,9,2,67.5,9319,37.6116
9,10,6,9,3,112.5,8779,30.727
9,10,6,9,4,157.5,8661,49.0574
9,10,6,9,5,202.5,8588,37.0836
9,10,6,9,6,247.5,9164,42.0398
9,10,6,9,7,292.5,9238,33.3269
9,10,6,9,8,337.5,9527,0
9,10,6,10,1,22.5,4859,0
9,10,6,10,2,67.5,4921,29.1766
9,10,6,10,3,112.5,4545,22.7549
9,10,6,10,4,157.5,4310,33.9608
9,10,6,10,5,202.5,4417,25.5396
9,10,6,10,6,247.5,4644,31.2617
9,10,6,10,7,292.5,4800,21.6584
9,10,6,10,8,337.5,4902,5.7119
9,10,6,11,1,22.5,1640,0
9,10,6,11,2,67.5,1577,15.6581
9,10,6,11,3,112.5,1518,13.9281
9,10,6,11,4,157.5,1428,18.273
9,10,6,11,5,202.5,1440,14.3016
9,10,6,11,6,247.5,1462,19.2146
9,10,6,11,7,292.5,1573,12.6465
9,10,6,11,8,337.5,1562,0
9,10,7,1,1,22.5,24537,42.7655
9,10,7,1,2,67.5,24216,55.0443
9,10,7,1,3,112.5,24368,69.0461
9,10,7,1,4,157.5,24259,76.9692
9,10,7,1,5,202.5,24210,64.6688
9,10,7,1,6,247.5,24356,51.1052
9,10,7,1,7,292.5,24705,36.1425
9,10,7,1,8,337.5,24779,35.1197
9,10,7,2,1,22.5,20421,20.4237
9,10,7,2,2,67.5,20318,38.5237
9,10,7,2,3,112.5,19961,63.1863
9,10,7,2,4,157.5,19771,72.0557
9,10,7,2,5,202.5,19621,58.421
9,10,7,2,6,247.5,20141,30.8599
9,10,7,2,7,292.5,20080,9.14747
9,10,7,2,8,337.5,20315,9.1387
9,10,7,3,1,22.5,16149,7.95497
9,10,7,3,2,67.5,16406,23.4053
9,10,7,3,3,112.5,16411,53.403
9,10,7,3,4,157.5,15903,70.3561
9,10,7,3,5,202.5,16098,53.957
9,10,7,3,6,247.5,16251,24.0998
9,10,7,3,7,292.5,16527,11.2237
9,10,7,3,8,337.5,16419,0
9,10,7,4,1,22.5,13549,0
9,10,7,4,2,67.5,13650,14.5889
9,10,7,4,3,112.5,13107,42.6159
9,10,7,4,4,157.5,12954,62.7808
9,10,7,4,5,202.5,12813,46.0814
9,10,7,4,6,247.5,13313,21.1093
9,10,7,4,7,292.5,13287,16.5966
9,10,7,4,8,337.5,13588,0
9,10,7,5,1,22.5,19338,0
9,10,7,5,2,67.5,19382,12.3323
9,10,7,5,3,112.5,19138,49.3867
9,10,7,5,4,157.5,18160,77.6214
9,10,7,5,5,202.5,18618,57.8164
9,10,7,5,6,247.5,19196,33.0518
9,10,7,5,7,292.5,19388,33.3863
9,10,7,5,8,337.5,19654,0
9,10,7,6,1,22.5,12312,0
9,10,7,6,2,67.5,12026,15.1455
9,10,7,6,3,112.5,11763,34.4769
9,10,7,6,4,157.5,11309,58.9986
9,10,7,6,5,202.5,11503,42.5701
9,10,7,6,6,247.5,11572,31.9081
9,10,7,6,7,292.5,12008,33.5843
9,10,7,6,8,337.5,12389,0
9,10,7,7,1,22.5,7329,0
9,10,7,7,2,67.5,7205,17.5009
9,10,7,7,3,112.5,6862,23.7398
9,10,7,7,4,157.5,6523,43.7806
9,10,7,7,5,202.5,6708,31.2869
9,10,7,7,6,247.5,6920,28.8126
9,10,7,7,7,292.5,7065,27.61
9,10,7,7,8,337.5,7236,0
9,10,7,8,1,22.5,5132,0
9,10,7,8,2,67.5,5155,19.7052
9,10,7,8,3,112.5,4825,20.5068
9,10,7,8,4,157.5,4587,35.8423
9,10,7,8,5,202.5,4780,27.2503
9,10,7,8,6,247.5,4968,26.4232
9,10,7,8,7,292.5,5104,23.1157
9,10,7,8,8,337.5,5046,0
9,10,7,9,1,22.5,1764,0
9,10,7,9,2,67.5,1705,12.0268
9,10,7,9,3,112.5,1577,11.6272
9,10,7,9,4,157.5,1555,18.921
9,10,7,9,5,202.5,1561,13.3058
9,10,7,9,6,247.5,1602,16.0295
9,10,7,9,7,292.5,1656,12.9659
9,10,7,9,8,337.5,1752,0
9,10,7,10,1,22.5,528,0
9,10,7,10,2,67.5,535,7.18597
9,10,7,10,3,112.5,461,6.80515
9,10,7,10,4,157.5,446,9.86319
9,10,7,10,5,202.5,424,7.88088
9,10,7,10,6,247.5,489,8.76835
9,10,7,10,7,292.5,496,7.2196
9,10,7,10,8,337.5,498,0
9,10,7,11,1,22.5,45,0
9,10,7,11,2,67.5,51,0
9,10,7,11,3,112.5,56,0
9,10,7,11,4,157.5,39,0
9,10,7,11,5,202.5,49,0
9,10,7,11,6,247.5,44,0
9,10,7,11,7,292.5,52,0
9,10,7,11,8,337.5,51,0
9,10,8,1,1,22.5,3617,13.5594
9,10,8,1,2,67.5,3717,17.8281
9,10,8,1,3,112.5,3538,21.62
9,10,8,1,4,157.5,3646,27.0896
9,10,8,1,5,202.5,3531,22.5729
9,10,8,1,6,247.5,3593,15.6283
9,10,8,1,7,292.5,3673,12.3154
9,10,8,1,8,337.5,3596,12.0518
9,10,8,2,1,22.5,2473,0
9,10,8,2,2,67.5,2534,12.8295
9,10,8,2,3,112.5,2522,18.1746
9,10,8,2,4,157.5,2438,22.5712
9,10,8,2,5,202.5,2475,16.1928
9,10,8,2,6,247.5,2560,9.85928
9,10,8,2,7,292.5,2526,0
9,10,8,2,8,337.5,2577,0
9,10,8,3,1,22.5,1765,0
9,10,8,3,2,67.5,1702,7.53855
9,10,8,3,3,112.5,1670,14.4727
9,10,8,3,4,157.5,1625,17.3097
9,10,8,3,5,202.5,1716,12.835
9,10,8,3,6,247.5,1684,7.24351
9,10,8,3,7,292.5,1705,0
9,10,8,3,8,337.5,1658,0
9,10,8,4,1,22.5,1125,0
9,10,8,4,2,67.5,1055,0
9,10,8,4,3,112.5,1028,9.60516
9,10,8,4,4,157.5,1020,13.3255
9,10,8,4,5,202.5,1109,11.5501
9,10,8,4,6,247.5,1076,4.04742
9,10,8,4,7,292.5,1112,0
9,10,8,4,8,337.5,1116,0
9,10,8,5,1,22.5,1107,0
9,10,8,5,2,67.5,1122,0
9,10,8,5,3,112.5,1021,9.87391
9,10,8,5,4,157.5,970,11.403
9,10,8,5,5,202.5,1042,9.33273
9,10,8,5,6,247.5,1029,5.98508
9,10,8,5,7,292.5,1039,5.04697
9,10,8,5,8,337.5,1046,0
9,10,8,6,1,22.5,325,0
9,10,8,6,2,67.5,319,0
9,10,8,6,3,112.5,330,0
9,10,8,6,4,157.5,317,5.50509
9,10,8,6,5,202.5,335,5.38845
9,10,8,6,6,247.5,329,0
9,10,8,6,7,292.5,355,0
9,10,8,6,8,337.5,392,0
9,10,8,7,1,22.5,92,0
9,10,8,7,2,67.5,74,0
9,10,8,7,3,112.5,83,0
9,10,8,7,4,157.5,79,0
9,10,8,7,5,202.5,85,0
9,10,8,7,6,247.5,79,0
9,10,8,7,7,292.5,92,0
9,10,8,7,8,337.5,80,0
9,10,8,8,1,22.5,13,0
9,10,8,8,2,67.5,13,0
9,10,8,8,3,112.5,8,0
9,10,8,8,4,157.5,6,0
9,10,8,8,5,202.5,15,0
9,10,8,8,6,247.5,16,0
9,10,8,8,7,292.5,8,0
9,10,8,8,8,337.5,12,0
9,10,8,9,1,22.5,0,0
9,10,8,9,2,67.5,0,0
9,10,8,9,3,112.5,0,0
9,10,8,9,4,157.5,0,0
9,10,8,9,5,202.5,0,0
9,10,8,9,6,247.5,0,0
9,10,8,9,7,292.5,0,0
9,10,8,9,8,337.5,0,0
9,10,8,10,1,22.5,0,0
9,10,8,10,2,67.5,0,0
9,10,8,10,3,112.5,0,0
9,10,8,10,4,157.5,0,0
9,10,8,10,5,202.5,0,0
9,10,8,10,6,247.5,0,0
9,10,8,10,7,292.5,0,0
9,10,8,10,8,337.5,0,0
9,10,8,11,1,22.5,0,0
9,10,8,11,2,67.5,0,0
9,10,8,11,3,112.5,0,0
9,10,8,11,4,157.5,0,0
9,10,8,11,5,202.5,0,0
9,10,8,11,6,247.5,0,0
9,10,8,11,7,292.5,0,0
9,10,8,11,8,337.5,0,0
10,11,1,1,1,22.5,7.60252e+06,45.2309
10,11,1,1,2,67.5,7.60214e+06,92.207
10,11,1,1,3,112.5,7.59313e+06,137.62
10,11,1,1,4,157.5,7.58633e+06,98.1917
10,11,1,1,5,202.5,7.58344e+06,115.668
10,11,1,1,6,247.5,7.59772e+06,155.308
10,11,1,1,7,292.5,7.59903e+06,91.5509
10,11,1,1,8,337.5,7.59636e+06,45.4024
10,11,1,2,1,22.5,3.11796e+06,23.2052
10,11,1,2,2,67.5,3.12172e+06,55.4256
10,11,1,2,3,112.5,3.10755e+06,73.669
10,11,1,2,4,157.5,3.09497e+06,85.4347
10,11,1,2,5,202.5,3.09705e+06,58.9155
10,11,1,2,6,247.5,3.10877e+06,72.1535
10,11,1,2,7,292.5,3.12125e+06,66.1344
10,11,1,2,8,337.5,3.11827e+06,25.5523
10,11,1,3,1,22.5,1.52753e+06,25.215
10,11,1,3,2,67.5,1.52756e+06,48.2359
10,11,1,3,3,112.5,1.52132e+06,40.0231
10,11,1,3,4,157.5,1.51027e+06,29.1642
10,11,1,3,5,202.5,1.51135e+06,25.8663
10,11,1,3,6,247.5,1.52172e+06,43.5822
10,11,1,3,7,292.5,1.53035e+06,50.2413
10,11,1,3,8,337.5,1.52626e+06,18.5212
10,11,1,4,1,22.5,821328,16.2939
10,11,1,4,2,67.5,823074,33.8062
10,11,1,4,3,112.5,816980,22.7385
10,11,1,4,4,157.5,812129,14.9632
10,11,1,4,5,202.5,812977,9.46381
10,11,1,4,6,247.5,821317,24.866
10,11,1,4,7,292.5,822058,31.8066
10,11,1,4,8,337.5,822958,13.1739
10,11,1,5,1,22.5,742457,10.1687
10,11,1,5,2,67.5,744451,23.8543
10,11,1,5,3,112.5,739267,13.3357
10,11,1,5,4,157.5,733209,0
10,11,1,5,5,202.5,734350,9.70246
10,11,1,5,6,247.5,742269,15.2809
10,11,1,5,7,292.5,743338,19.9292
10,11,1,5,8,337.5,745653,10.31
10,11,1,6,1,22.5,251814,0
10,11,1,6,2,67.5,252850,0
10,11,1,6,3,112.5,250645,0
10,11,1,6,4,157.5,247414,0
10,11,1,6,5,202.5,248155,0
10,11,1,6,6,247.5,251994,0
10,11,1,6,7,292.5,252823,4.11003
10,11,1,6,8,337.5,253490,3.44773
10,11,1,7,1,22.5,78516,0
10,11,1,7,2,67.5,78357,0
10,11,1,7,3,112.5,77709,0
10,11,1,7,4,157.5,76322,0
10,11,1,7,5,202.5,76770,0
10,11,1,7,6,247.5,77439,0
10,11,1,7,7,292.5,78479,0
10,11,1,7,8,337.5,78422,0
10,11,1,8,1,22.5,23247,0
10,11,1,8,2,67.5,22936,0
10,11,1,8,3,112.5,22928,0
10,11,1,8,4,157.5,22474,0
10,11,1,8,5,202.5,22589,0
10,11,1,8,6,247.5,22952,0
10,11,1,8,7,292.5,23612,0
10,11,1,8,8,337.5,23172,0
10,11,1,9,1,22.5,1897,0
10,11,1,9,2,67.5,2008,0
10,11,1,9,3,112.5,1904,0
10,11,1,9,4,157.5,1836,0
10,11,1,9,5,202.5,1914,0
10,11,1,9,6,247.5,1886,0
10,11,1,9,7,292.5,1966,0
10,11,1,9,8,337.5,1839,0
10,11,1,10,1,22.5,73,0
10,11,1,10,2,67.5,50,0
10,11,1,10,3,112.5,58,0
10,11,1,10,4,157.5,55,0
10,11,1,10,5,202.5,64,0
10,11,1,10,6,247.5,64,0
10,11,1,10,7,292.5,61,0
10,11,1,10,8,337.5,72,0
10,11,1,11,1,22.5,0,0
10,11,1,11,2,67.5,0,0
10,11,1,11,3,112.5,0,0
10,11,1,11,4,157.5,0,0
10,11,1,11,5,202.5,0,0
10,11,1,11,6,247.5,0,0
10,11,1,11,7,292.5,0,0
10,11,1,11,8,337.5,0,0
10,11,2,1,1,22.5,859168,177.043
10,11,2,1,2,67.5,857494,316.551
10,11,2,1,3,112.5,855501,359.076
10,11,2,1,4,157.5,853744,485.715
10,11,2,1,5,202.5,853427,493.106
10,11,2,1,6,247.5,858161,356.129
10,11,2,1,7,292.5,859430,205.702
10,11,2,1,8,337.5,859201,223.034
10,11,2,2,1,22.5,646501,81.6793
10,11,2,2,2,67.5,646926,199.064
10,11,2,2,3,112.5,640876,234.293
10,11,2,2,4,157.5,640583,291.617
10,11,2,2,5,202.5,639079,258.478
10,11,2,2,6,247.5,643264,234.939
10,11,2,2,7,292.5,645579,177.833
10,11,2,2,8,337.5,647535,81.3665
10,11,2,3,1,22.5,478514,78.9848
10,11,2,3,2,67.5,478175,155.937
10,11,2,3,3,112.5,473128,158.082
10,11,2,3,4,157.5,470649,168.323
10,11,2,3,5,202.5,469637,137.275
10,11,2,3,6,247.5,473343,175.39
10,11,2,3,7,292.5,479996,166.244
10,11,2,3,8,337.5,478920,77.377
10,11,2,4,1,22.5,350018,75.0103
10,11,2,4,2,67.5,349372,144.302
10,11,2,4,3,112.5,345423,117.999
10,11,2,4,4,157.5,342900,107.865
10,11,2,4,5,202.5,342150,92.324
10,11,2,4,6,247.5,345968,135.244
10,11,2,4,7,292.5,349140,145.975
10,11,2,4,8,337.5,349422,64.3413
10,11,2,5,1,22.5,446584,79.976
10,11,2,5,2,67.5,445807,159.5
10,11,2,5,3,112.5,440065,111.48
10,11,2,5,4,157.5,435286,77.8304
10,11,2,5,5,202.5,436079,66.6376
10,11,2,5,6,247.5,442090,132.431
10,11,2,5,7,292.5,447356,148.024
10,11,2,5,8,337.5,446396,67.7061
10,11,2,6,1,22.5,251169,48.4304
10,11,2,6,2,67.5,249815,91.5968
10,11,2,6,3,112.5,247435,60.5424
10,11,2,6,4,157.5,243726,28.666
10,11,2,6,5,202.5,245153,32.0318
10,11,2,6,6,247.5,248697,66.2784
10,11,2,6,7,292.5,250196,83.0239
10,11,2,6,8,337.5,250859,47.4468
10,11,2,7,1,22.5,141445,28.4945
10,11,2,7,2,67.5,141010,45.4201
10,11,2,7,3,112.5,139666,28.7726
10,11,2,7,4,157.5,137441,10.0507
10,11,2,7,5,202.5,137435,7.86234
10,11,2,7,6,247.5,140334,32.4512
10,11,2,7,7,292.5,141316,42.9616
10,11,2,7,8,337.5,141256,26.5505
10,11,2,8,1,22.5,93855,15.2526
10,11,2,8,2,67.5,94013,20.0842
10,11,2,8,3,112.5,93257,12.4917
10,11,2,8,4,157.5,91446,0
10,11,2,8,5,202.5,91236,0
10,11,2,8,6,247.5,92921,12.8407
10,11,2,8,7,292.5,93588,19.6332
10,11,2,8,8,337.5,93512,13.9523
10,11,2,9,1,22.5,26303,0
10,11,2,9,2,67.5,26342,3.13681
10,11,2,9,3,112.5,25947,0
10,11,2,9,4,157.5,25285,0
10,11,2,9,5,202.5,25474,0
10,11,2,9,6,247.5,26146,18.4162
10,11,2,9,7,292.5,26479,0
10,11,2,9,8,337.5,26443,0
10,11,2,10,1,22.5,5865,0
10,11,2,10,2,67.5,5859,0
10,11,2,10,3,112.5,5714,3.61391
10,11,2,10,4,157.5,5544,3.87643
10,11,2,10,5,202.5,5531,0
10,11,2,10,6,247.5,5755,0
10,11,2,10,7,292.5,5797,0
10,11,2,10,8,337.5,5743,0
10,11,2,11,1,22.5,390,0
10,11,2,11,2,67.5,374,0
10,11,2,11,3,112.5,399,0
10,11,2,11,4,157.5,367,0
10,11,2,11,5,202.5,369,0
10,11,2,11,6,247.5,373,2.70707
10,11,2,11,7,292.5,413,0
10,11,2,11,8,337.5,350,0
10,11,3,1,1,22.5,426006,190.371
10,11,3,1,2,67.5,425565,261.588
10,11,3,1,3,112.5,425082,346.871
10,11,3,1,4,157.5,424353,423.71
10,11,3,1,5,202.5,425533,377.952
10,11,3,1,6,247.5,426412,262.984
10,11,3,1,7,292.5,426333,237.181
10,11,3,1,8,337.5,427306,171.765
10,11,3,2,1,22.5,341305,91.5763
10,11,3,2,2,67.5,340597,159.929
10,11,3,2,3,112.5,336868,210.834
10,11,3,2,4,157.5,336360,308.557
10,11,3,2,5,202.5,336474,264.634
10,11,3,2,6,247.5,338845,218.153
10,11,3,2,7,292.5,340664,164.682
10,11,3,2,8,337.5,341529,84.027
10,11,3,3,1,22.5,268128,49.844
10,11,3,3,2,67.5,268398,134.037
10,11,3,3,3,112.5,264451,152.143
10,11,3,3,4,157.5,263706,227.662
10,11,3,3,5,202.5,263345,184.435
10,11,3,3,6,247.5,265203,164.742
10,11,3,3,7,292.5,267294,148.573
10,11,3,3,8,337.5,268275,48.4533
10,11,3,4,1,22.5,208886,47.8538
10,11,3,4,2,67.5,207530,136.233
10,11,3,4,3,112.5,205566,124.777
10,11,3,4,4,157.5,203431,168.563
10,11,3,4,5,202.5,203166,141.228
10,11,3,4,6,247.5,206137,149.609
10,11,3,4,7,292.5,208182,147.165
10,11,3,4,8,337.5,208867,56.7254
10,11,3,5,1,22.5,283997,77.8731
10,11,3,5,2,67.5,283229,188.408
10,11,3,5,3,112.5,278846,153.749
10,11,3,5,4,157.5,275977,172.019
10,11,3,5,5,202.5,274078,137.589
10,11,3,5,6,247.5,279582,181.583
10,11,3,5,7,292.5,283735,181.501
10,11,3,5,8,337.5,284025,73.9864
10,11,3,6,1,22.5,165877,61.5935
10,11,3,6,2,67.5,165684,146.867
10,11,3,6,3,112.5,162790,109.809
10,11,3,6,4,157.5,159565,92.7961
10,11,3,6,5,202.5,160290,81.5337
10,11,3,6,6,247.5,162832,132.301
10,11,3,6,7,292.5,166655,131.184
10,11,3,6,8,337.5,166426,57.9602
10,11,3,7,1,22.5,97487,49.5
10,11,3,7,2,67.5,97175,104.89
10,11,3,7,3,112.5,94960,75.0374
10,11,3,7,4,157.5,93213,51.1385
10,11,3,7,5,202.5,93705,42.6355
10,11,3,7,6,247.5,95480,87.6295
10,11,3,7,7,292.5,96783,91.9766
10,11,3,7,8,337.5,97572,50.0992
10,11,3,8,1,22.5,75679,47.0156
10,11,3,8,2,67.5,75245,79.8132
10,11,3,8,3,112.5,73399,54.9733
10,11,3,8,4,157.5,71749,37.835
10,11,3,8,5,202.5,72320,24.047
10,11,3,8,6,247.5,73587,62.1393
10,11,3,8,7,292.5,75296,69.5339
10,11,3,8,8,337.5,75162,47.864
10,11,3,9,1,22.5,30791,28.2775
10,11,3,9,2,67.5,30147,37.628
10,11,3,9,3,112.5,30104,27.5474
10,11,3,9,4,157.5,28878,12.1202
10,11,3,9,5,202.5,29127,6.32457
10,11,3,9,6,247.5,29883,29.6599
10,11,3,9,7,292.5,30639,36.2726
10,11,3,9,8,337.5,30835,26.3627
10,11,3,10,1,22.5,11762,12.4378
10,11,3,10,2,67.5,11738,17.4979
10,11,3,10,3,112.5,11497,11.7785
10,11,3,10,4,157.5,11211,0
10,11,3,10,5,202.5,11171,0
10,11,3,10,6,247.5,11744,12.7733
10,11,3,10,7,292.5,11901,15.6624
10,11,3,10,8,337.5,11975,13.09
10,11,3,11,1,22.5,2100,0
10,11,3,11,2,67.5,2050,6.3079
10,11,3,11,3,112.5,2065,0
10,11,3,11,4,157.5,1926,0
10,11,3,11,5,202.5,1973,0
10,11,3,11,6,247.5,1982,0
10,11,3,11,7,292.5,2071,0
10,11,3,11,8,337.5,2166,0
10,11,4,1,1,22.5,260109,135.823
10,11,4,1,2,67.5,260693,195.236
10,11,4,1,3,112.5,258989,259.725
10,11,4,1,4,157.5,258954,306.805
10,11,4,1,5,202.5,259873,268.254
10,11,4,1,6,247.5,260940,192.39
10,11,4,1,7,292.5,260520,134.647
10,11,4,1,8,337.5,261765,139.63
10,11,4,2,1,22.5,213100,71.7472
10,11,4,2,2,67.5,212227,110.19
10,11,4,2,3,112.5,210933,175.829
10,11,4,2,4,157.5,209772,260.841
10,11,4,2,5,202.5,209535,213.795
10,11,4,2,6,247.5,210763,125.316
10,11,4,2,7,292.5,212717,128.869
10,11,4,2,8,337.5,212679,73.8758
10,11,4,3,1,22.5,171881,48.4846
10,11,4,3,2,67.5,171274,83.4344
10,11,4,3,3,112.5,169346,130.213
10,11,4,3,4,157.5,168279,209.051
10,11,4,3,5,202.5,167412,170.422
10,11,4,3,6,247.5,169910,111.776
10,11,4,3,7,292.5,171340,110.91
10,11,4,3,8,337.5,171971,47.6313
10,11,4,4,1,22.5,137356,32.5739
10,11,4,4,2,67.5,136701,85.9976
10,11,4,4,3,112.5,134295,108.109
10,11,4,4,4,157.5,133599,180.359
10,11,4,4,5,202.5,133199,143.223
10,11,4,4,6,247.5,135095,106.718
10,11,4,4,7,292.5,136458,120.218
10,11,4,4,8,337.5,136927,30.4783
10,11,4,5,1,22.5,194456,39.8088
10,11,4,5,2,67.5,193232,139.588
10,11,4,5,3,112.5,190135,128.548
10,11,4,5,4,157.5,186827,202.467
10,11,4,5,5,202.5,187284,161.187
10,11,4,5,6,247.5,190857,152.053
10,11,4,5,7,292.5,193135,169.402
10,11,4,5,8,337.5,195141,44.9121
10,11,4,6,1,22.5,118932,41.2006
10,11,4,6,2,67.5,117714,130.968
10,11,4,6,3,112.5,115484,101.635
10,11,4,6,4,157.5,113660,135.153
10,11,4,6,5,202.5,113049,106.768
10,11,4,6,6,247.5,116138,130.204
10,11,4,6,7,292.5,118337,135.012
10,11,4,6,8,337.5,118588,39.269
10,11,4,7,1,22.5,71272,32.8
10,11,4,7,2,67.5,70365,107.191
10,11,4,7,3,112.5,68794,80.8382
10,11,4,7,4,157.5,67591,87.3321
10,11,4,7,5,202.5,67275,70.3931
10,11,4,7,6,247.5,69024,102.84
10,11,4,7,7,292.5,71059,99.0141
10,11,4,7,8,337.5,71167,30.0524
10,11,4,8,1,22.5,54935,31.6952
10,11,4,8,2,67.5,54614,96.9012
10,11,4,8,3,112.5,52828,71.0366
10,11,4,8,4,157.5,51213,62.8204
10,11,4,8,5,202.5,51794,52.8006
10,11,4,8,6,247.5,53158,90.0479
10,11,4,8,7,292.5,54825,79.1805
10,11,4,8,8,337.5,55131,36.1226
10,11,4,9,1,22.5,22208,25.8394
10,11,4,9,2,67.5,22336,56.566
10,11,4,9,3,112.5,21457,44.365
10,11,4,9,4,157.5,20901,30.8721
10,11,4,9,5,202.5,21113,26.9243
10,11,4,9,6,247.5,21592,53.0496
10,11,4,9,7,292.5,22269,47.1508
10,11,4,9,8,337.5,22377,28.5936
10,11,4,10,1,22.5,9331,20.8323
10,11,4,10,2,67.5,9095,34.9364
10,11,4,10,3,112.5,8844,26.8601
10,11,4,10,4,157.5,8474,13.6905
10,11,4,10,5,202.5,8684,12.4605
10,11,4,10,6,247.5,8850,31.9912
10,11,4,10,7,292.5,9120,28.6131
10,11,4,10,8,337.5,9109,21.685
10,11,4,11,1,22.5,2100,11.6822
10,11,4,11,2,67.5,2018,15.3619
10,11,4,11,3,112.5,1828,11.6697
10,11,4,11,4,157.5,1843,0
10,11,4,11,5,202.5,1783,0
10,11,4,11,6,247.5,1936,14.7776
10,11,4,11,7,292.5,2003,14.121
10,11,4,11,8,337.5,1946,11.1413
10,11,5,1,1,22.5,156539,127.241
10,11,5,1,2,67.5,158269,174.226
10,11,5,1,3,112.5,157243,200.339
10,11,5,1,4,157.5,157060,224.872
10,11,5,1,5,202.5,157545,197.417
10,11,5,1,6,247.5,157730,145.368
10,11,5,1,7,292.5,158031,105.38
10,11,5,1,8,337.5,158433,106.178
10,11,5,2,1,22.5,129695,61.8653
10,11,5,2,2,67.5,129835,87.739
10,11,5,2,3,112.5,128088,154.678
10,11,5,2,4,157.5,128826,200.089
10,11,5,2,5,202.5,127602,160.302
10,11,5,2,6,247.5,129287,84.5938
10,11,5,2,7,292.5,129747,52.2318
10,11,5,2,8,337.5,129969,47.6462
10,11,5,3,1,22.5,105768,32.9354
10,11,5,3,2,67.5,105521,51.3731
10,11,5,3,3,112.5,103831,119.565
10,11,5,3,4,157.5,103930,186.192
10,11,5,3,5,202.5,103403,143.03
10,11,5,3,6,247.5,105221,69.502
10,11,5,3,7,292.5,105164,64.2979
10,11,5,3,8,337.5,105760,32.1378
10,11,5,4,1,22.5,85574,25.0692
10,11,5,4,2,67.5,85504,42.9993
10,11,5,4,3,112.5,84377,94.4747
10,11,5,4,4,157.5,83194,156.324
10,11,5,4,5,202.5,83496,123.725
10,11,5,4,6,247.5,84211,69.5918
10,11,5,4,7,292.5,85431,81.213
10,11,5,4,8,337.5,85458,24.8265
10,11,5,5,1,22.5,123545,25.562
10,11,5,5,2,67.5,123349,80.8219
10,11,5,5,3,112.5,120221,106.255
10,11,5,5,4,157.5,118777,183.543
10,11,5,5,5,202.5,118123,143.253
10,11,5,5,6,247.5,119984,104.89
10,11,5,5,7,292.5,123150,125.934
10,11,5,5,8,337.5,123396,29.0201
10,11,5,6,1,22.5,77414,23.6399
10,11,5,6,2,67.5,76307,91.8341
10,11,5,6,3,112.5,74450,81.4777
10,11,5,6,4,157.5,72982,135.612
10,11,5,6,5,202.5,73390,106.8
10,11,5,6,6,247.5,74717,96.5072
10,11,5,6,7,292.5,76316,113.478
10,11,5,6,8,337.5,77218,23.8963
10,11,5,7,1,22.5,46502,20.0641
10,11,5,7,2,67.5,45916,84.7071
10,11,5,7,3,112.5,44296,65.1176
10,11,5,7,4,157.5,43543,96.515
10,11,5,7,5,202.5,43274,75.8332
10,11,5,7,6,247.5,44456,81.5726
10,11,5,7,7,292.5,46184,88.912
10,11,5,7,8,337.5,46032,16.8413
10,11,5,8,1,22.5,34666,16.4866
10,11,5,8,2,67.5,34486,77.5144
10,11,5,8,3,112.5,33126,57.3841
10,11,5,8,4,157.5,31743,75.9967
10,11,5,8,5,202.5,32209,60.9207
10,11,5,8,6,247.5,33459,75.9713
10,11,5,8,7,292.5,33953,72.4351
10,11,5,8,8,337.5,34730,14.009
10,11,5,9,1,22.5,13076,9.66738
10,11,5,9,2,67.5,12779,48.0227
10,11,5,9,3,112.5,12223,36.978
10,11,5,9,4,157.5,11703,43.1713
10,11,5,9,5,202.5,12015,34.3613
10,11,5,9,6,247.5,12366,46.8731
10,11,5,9,7,292.5,12973,40.1524
10,11,5,9,8,337.5,12959,13.392
10,11,5,10,1,22.5,4600,8.26437
10,11,5,10,2,67.5,4561,28.4073
10,11,5,10,3,112.5,4442,23.4987
10,11,5,10,4,157.5,4203,24.9829
10,11,5,10,5,202.5,4213,20.4246
10,11,5,10,6,247.5,4353,29.8531
10,11,5,10,7,292.5,4537,23.0902
10,11,5,10,8,337.5,4520,9.87141
10,11,5,11,1,22.5,811,4.57591
10,11,5,11,2,67.5,806,11.8274
10,11,5,11,3,112.5,731,11.4145
10,11,5,11,4,157.5,737,9.77922
10,11,5,11,5,202.5,734,8.06306
10,11,5,11,6,247.5,770,12.2701
10,11,5,11,7,292.5,791,9.84235
10,11,5,11,8,337.5,863,6.8083
10,11,6,1,1,22.5,81805,103.09
10,11,6,1,2,67.5,81882,127.805
10,11,6,1,3,112.5,81677,146.927
10,11,6,1,4,157.5,81338,157.624
10,11,6,1,5,202.5,81345,139.986
10,11,6,1,6,247.5,81919,109.638
10,11,6,1,7,292.5,82435,85.172
10,11,6,1,8,337.5,82860,95.5606
10,11,6,2,1,22.5,66216,56.0862
10,11,6,2,2,67.5,66166,77.8279
10,11,6,2,3,112.5,65595,116.83
10,11,6,2,4,157.5,65506,143.194
10,11,6,2,5,202.5,65189,117.832
10,11,6,2,6,247.5,65701,67.6892
10,11,6,2,7,292.5,66367,33.4508
10,11,6,2,8,337.5,66646,38.0448
10,11,6,3,1,22.5,53325,26.9225
10,11,6,3,2,67.5,53389,45.4263
10,11,6,3,3,112.5,52757,93.9804
10,11,6,3,4,157.5,52278,132.49
10,11,6,3,5,202.5,51983,104.884
10,11,6,3,6,247.5,52648,49.2892
10,11,6,3,7,292.5,53588,28.8009
10,11,6,3,8,337.5,53828,16.9942
10,11,6,4,1,22.5,42897,15.7726
10,11,6,4,2,67.5,42760,25.7522
10,11,6,4,3,112.5,41632,75.8169
10,11,6,4,4,157.5,41194,112.86
10,11,6,4,5,202.5,41602,91.545
10,11,6,4,6,247.5,42117,43.3611
10,11,6,4,7,292.5,42483,41.6998
10,11,6,4,8,337.5,42617,12.1309
10,11,6,5,1,22.5,59819,12.5429
10,11,6,5,2,67.5,59612,33.7482
10,11,6,5,3,112.5,58139,81.1349
10,11,6,5,4,157.5,57420,134.024
10,11,6,5,5,202.5,57256,106.923
10,11,6,5,6,247.5,57896,61.21
10,11,6,5,7,292.5,59180,73.1007
10,11,6,5,8,337.5,60102,18.1062
10,11,6,6,1,22.5,35117,11.8423
10,11,6,6,2,67.5,34963,44.8882
10,11,6,6,3,112.5,33651,56.8678
10,11,6,6,4,157.5,33125,97.6045
10,11,6,6,5,202.5,33382,76.1418
10,11,6,6,6,247.5,33935,57.5436
10,11,6,6,7,292.5,34933,71.8855
10,11,6,6,8,337.5,35409,13.908
10,11,6,7,1,22.5,18859,9.24108
10,11,6,7,2,67.5,19078,43.995
10,11,6,7,3,112.5,18434,40.8063
10,11,6,7,4,157.5,17886,70.4359
10,11,6,7,5,202.5,17942,54.4279
10,11,6,7,6,247.5,18599,49.1551
10,11,6,7,7,292.5,18814,56.135
10,11,6,7,8,337.5,19226,11.2588
10,11,6,8,1,22.5,12368,9.02877
10,11,6,8,2,67.5,12342,40.5819
10,11,6,8,3,112.5,11632,31.7856
10,11,6,8,4,157.5,11595,55.577
10,11,6,8,5,202.5,11302,42.8728
10,11,6,8,6,247.5,11684,42.2463
10,11,6,8,7,292.5,12127,45.4399
10,11,6,8,8,337.5,12505,5.72609
10,11,6,9,1,22.5,3587,3.79165
10,11,6,9,2,67.5,3502,24.581
10,11,6,9,3,112.5,3404,18.1992
10,11,6,9,4,157.5,3166,28.425
10,11,6,9,5,202.5,3232,21.9538
10,11,6,9,6,247.5,3401,23.4807
10,11,6,9,7,292.5,3470,22.9775
10,11,6,9,8,337.5,3447,0
10,11,6,10,1,22.5,889,0
10,11,6,10,2,67.5,895,13.292
10,11,6,10,3,112.5,803,6.72485
10,11,6,10,4,157.5,801,12.9888
10,11,6,10,5,202.5,804,10.3419
10,11,6,10,6,247.5,814,11.5612
10,11,6,10,7,292.5,858,10.9638
10,11,6,10,8,337.5,871,0
10,11,6,11,1,22.5,57,0
10,11,6,11,2,67.5,54,0
10,11,6,11,3,112.5,67,0
10,11,6,11,4,157.5,38,0
10,11,6,11,5,202.5,59,0
10,11,6,11,6,247.5,67,0
10,11,6,11,7,292.5,69,0
10,11,6,11,8,337.5,57,0
10,11,7,1,1,22.5,25345,65.2898
10,11,7,1,2,67.5,25457,76.5509
10,11,7,1,3,112.5,25432,81.1016
10,11,7,1,4,157.5,25517,90.9946
10,11,7,1,5,202.5,25380,79.3771
10,11,7,1,6,247.5,25446,62.7723
10,11,7,1,7,292.5,25593,54.4388
10,11,7,1,8,337.5,25690,56.7025
10,11,7,2,1,22.5,19400,39.1512
10,11,7,2,2,67.5,19316,50.2718
10,11,7,2,3,112.5,19210,67.4095
10,11,7,2,4,157.5,19129,78.7205
10,11,7,2,5,202.5,19325,66.4221
10,11,7,2,6,247.5,19246,40.1198
10,11,7,2,7,292.5,19418,22.607
10,11,7,2,8,337.5,19617,27.3745
10,11,7,3,1,22.5,14429,20.3189
10,11,7,3,2,67.5,14120,31.7216
10,11,7,3,3,112.5,14230,53.6455
10,11,7,3,4,157.5,13838,67.6935
10,11,7,3,5,202.5,13817,54.6667
10,11,7,3,6,247.5,14158,27.7964
10,11,7,3,7,292.5,14174,10.8369
10,11,7,3,8,337.5,14116,11.1516
10,11,7,4,1,22.5,10256,9.18737
10,11,7,4,2,67.5,10308,17.4337
10,11,7,4,3,112.5,10123,39.8912
10,11,7,4,4,157.5,10061,56.9272
10,11,7,4,5,202.5,9877,44.5203
10,11,7,4,6,247.5,10077,21.3268
10,11,7,4,7,292.5,10132,13.8286
10,11,7,4,8,337.5,10041,0
10,11,7,5,1,22.5,11642,0
10,11,7,5,2,67.5,11850,14.3454
10,11,7,5,3,112.5,11762,41.8459
10,11,7,5,4,157.5,11443,60.586
10,11,7,5,5,202.5,11348,47.7524
10,11,7,5,6,247.5,11676,24.8504
10,11,7,5,7,292.5,12045,26.5319
10,11,7,5,8,337.5,11922,5.34164
10,11,7,6,1,22.5,5005,0
10,11,7,6,2,67.5,5116,9.9549
10,11,7,6,3,112.5,4940,23.6198
10,11,7,6,4,157.5,4891,38.8284
10,11,7,6,5,202.5,4860,29.7697
10,11,7,6,6,247.5,4905,19.7398
10,11,7,6,7,292.5,5174,22.985
10,11,7,6,8,337.5,5189,0
10,11,7,7,1,22.5,1915,0
10,11,7,7,2,67.5,1920,6.69329
10,11,7,7,3,112.5,1827,11.8626
10,11,7,7,4,157.5,1840,22.771
10,11,7,7,5,202.5,1733,16.6149
10,11,7,7,6,247.5,1877,14.0847
10,11,7,7,7,292.5,1974,15.2287
10,11,7,7,8,337.5,1979,0
10,11,7,8,1,22.5,773,0
10,11,7,8,2,67.5,761,5.49799
10,11,7,8,3,112.5,710,6.14168
10,11,7,8,4,157.5,600,12.7354
10,11,7,8,5,202.5,674,9.02342
10,11,7,8,6,247.5,729,8.16074
10,11,7,8,7,292.5,740,6.89672
10,11,7,8,8,337.5,725,0
10,11,7,9,1,22.5,81,0
10,11,7,9,2,67.5,82,0
10,11,7,9,3,112.5,68,0
10,11,7,9,4,157.5,78,0
10,11,7,9,5,202.5,79,0
10,11,7,9,6,247.5,64,0
10,11,7,9,7,292.5,72,0
10,11,7,9,8,337.5,87,0
10,11,7,10,1,22.5,3,0
10,11,7,10,2,67.5,1,0
10,11,7,10,3,112.5,4,0
10,11,7,10,4,157.5,4,0
10,11,7,10,5,202.5,1,0
10,11,7,10,6,247.5,4,0
10,11,7,10,7,292.5,1,0
10,11,7,10,8,337.5,0,0
10,11,7,11,1,22.5,0,0
10,11,7,11,2,67.5,0,0
10,11,7,11,3,112.5,0,0
10,11,7,11,4,157.5,0,0
10,11,7,11,5,202.5,0,0
10,11,7,11,6,247.5,0,0
10,11,7,11,7,292.5,0,0
10,11,7,11,8,337.5,0,0
10,11,8,1,1,22.5,728,8.49724
10,11,8,1,2,67.5,666,10.7518
10,11,8,1,3,112.5,692,9.97119
10,11,8,1,4,157.5,615,14.3706
10,11,8,1,5,202.5,723,9.31979
10,11,8,1,6,247.5,794,8.5644
10,11,8,1,7,292.5,724,9.27895
10,11,8,1,8,337.5,722,7.38894
10,11,8,2,1,22.5,323,4.02768
10,11,8,2,2,67.5,323,7.71033
10,11,8,2,3,112.5,336,7.38839
10,11,8,2,4,157.5,337,8.8828
10,11,8,2,5,202.5,359,6.1396
10,11,8,2,6,247.5,329,0
10,11,8,2,7,292.5,297,0
10,11,8,2,8,337.5,335,0
10,11,8,3,1,22.5,158,0
10,11,8,3,2,67.5,146,0
10,11,8,3,3,112.5,155,0
10,11,8,3,4,157.5,156,4.83004
10,11,8,3,5,202.5,144,4.50846
10,11,8,3,6,247.5,120,0
10,11,8,3,7,292.5,153,0
10,11,8,3,8,337.5,154,0
10,11,8,4,1,22.5,58,0
10,11,8,4,2,67.5,55,0
10,11,8,4,3,112.5,54,4.21922
10,11,8,4,4,157.5,59,0
10,11,8,4,5,202.5,61,0
10,11,8,4,6,247.5,54,0
10,11,8,4,7,292.5,62,0
10,11,8,4,8,337.5,57,0
10,11,8,5,1,22.5,12,0
10,11,8,5,2,67.5,14,0
10,11,8,5,3,112.5,24,0
10,11,8,5,4,157.5,23,0
10,11,8,5,5,202.5,17,0
10,11,8,5,6,247.5,18,0
10,11,8,5,7,292.5,23,0
10,11,8,5,8,337.5,17,0
10,11,8,6,1,22.5,0,0
10,11,8,6,2,67.5,0,0
10,11,8,6,3,112.5,0,0
10,11,8,6,4,157.5,0,0
10,11,8,6,5,202.5,0,0
10,11,8,6,6,247.5,0,0
10,11,8,6,7,292.5,0,0
10,11,8,6,8,337.5,0,0
10,11,8,7,1,22.5,0,0
10,11,8,7,2,67.5,0,0
10,11,8,7,3,112.5,0,0
10,11,8,7,4,157.5,0,0
10,11,8,7,5,202.5,0,0
10,11,8,7,6,247.5,0,0
10,11,8,7,7,292.5,0,0
10,11,8,7,8,337.5,0,0
10,11,8,8,1,22.5,0,0
10,11,8,8,2,67.5,0,0
10,11,8,8,3,112.5,0,0
10,11,8,8,4,157.5,0,0
10,11,8,8,5,202.5,0,0
10,11,8,8,6,247.5,0,0
10,11,8,8,7,292.5,0,0
10,11,8,8,8,337.5,0,0
10,11,8,9,1,22.5,0,0
10,11,8,9,2,67.5,0,0
10,11,8,9,3,112.5,0,0
10,11,8,9,4,157.5,0,0
10,11,8,9,5,202.5,0,0
10,11,8,9,6,247.5,0,0
10,11,8,9,7,292.5,0,0
10,11,8,9,8,337.5,0,0
10,11,8,10,1,22.5,0,0
10,11,8,10,2,67.5,0,0
10,11,8,10,3,112.5,0,0
10,11,8,10,4,157.5,0,0
10,11,8,10,5,202.5,0,0
10,11,8,10,6,247.5,0,0
10,11,8,10,7,292.5,0,0
10,11,8,10,8,337.5,0,0
10,11,8,11,1,22.5,0,0
10,11,8,11,2,67.5,0,0
10,11,8,11,3,112.5,0,0
10,11,8,11,4,157.5,0,0
10,11,8,11,5,202.5,0,0
10,11,8,11,6,247.5,0,0
10,11,8,11,7,292.5,0,0
10,11,8,11,8,337.5,0,0
11,12,1,1,1,22.5,4.29621e+06,0
11,12,1,1,2,67.5,4.30051e+06,10.8756
11,12,1,1,3,112.5,4.30199e+06,0
11,12,1,1,4,157.5,4.29053e+06,16.6513
11,12,1,1,5,202.5,4.29553e+06,14.6016
11,12,1,1,6,247.5,4.30037e+06,0
11,12,1,1,7,292.5,4.30408e+06,9.88814
11,12,1,1,8,337.5,4.29682e+06,0
11,12,1,2,1,22.5,1.59023e+06,0
11,12,1,2,2,67.5,1.59249e+06,0
11,12,1,2,3,112.5,1.58866e+06,6.22621
11,12,1,2,4,157.5,1.58325e+06,0
11,12,1,2,5,202.5,1.58525e+06,0
11,12,1,2,6,247.5,1.59254e+06,6.50079
11,12,1,2,7,292.5,1.59641e+06,0
11,12,1,2,8,337.5,1.59228e+06,0
11,12,1,3,1,22.5,750353,0
11,12,1,3,2,67.5,751099,4.33476
11,12,1,3,3,112.5,749936,0
11,12,1,3,4,157.5,744918,0
11,12,1,3,5,202.5,743526,0
11,12,1,3,6,247.5,748492,0
11,12,1,3,7,292.5,751861,0
11,12,1,3,8,337.5,750278,0
11,12,1,4,1,22.5,387145,0
11,12,1,4,2,67.5,388327,0
11,12,1,4,3,112.5,387233,0
11,12,1,4,4,157.5,383902,0
11,12,1,4,5,202.5,384334,0
11,12,1,4,6,247.5,387033,0
11,12,1,4,7,292.5,388934,0
11,12,1,4,8,337.5,386587,0
11,12,1,5,1,22.5,304399,0
11,12,1,5,2,67.5,305802,0
11,12,1,5,3,112.5,305251,0
11,12,1,5,4,157.5,302250,0
11,12,1,5,5,202.5,302621,0
11,12,1,5,6,247.5,304970,0
11,12,1,5,7,292.5,305426,0
11,12,1,5,8,337.5,305149,0
11,12,1,6,1,22.5,67801,0
11,12,1,6,2,67.5,67836,0
11,12,1,6,3,112.5,67362,0
11,12,1,6,4,157.5,66485,0
11,12,1,6,5,202.5,66344,0
11,12,1,6,6,247.5,67067,0
11,12,1,6,7,292.5,68318,0
11,12,1,6,8,337.5,67935,0
11,12,1,7,1,22.5,9599,0
11,12,1,7,2,67.5,9624,0
11,12,1,7,3,112.5,9504,0
11,12,1,7,4,157.5,9444,0
11,12,1,7,5,202.5,9274,0
11,12,1,7,6,247.5,9608,0
11,12,1,7,7,292.5,9515,0
11,12,1,7,8,337.5,9629,0
11,12,1,8,1,22.5,714,0
11,12,1,8,2,67.5,700,0
11,12,1,8,3,112.5,691,0
11,12,1,8,4,157.5,642,0
11,12,1,8,5,202.5,655,0
11,12,1,8,6,247.5,645,0
11,12,1,8,7,292.5,732,0
11,12,1,8,8,337.5,683,0
11,12,1,9,1,22.5,0,0
11,12,1,9,2,67.5,0,0
11,12,1,9,3,112.5,0,0
11,12,1,9,4,157.5,0,0
11,12,1,9,5,202.5,0,0
11,12,1,9,6,247.5,0,0
11,12,1,9,7,292.5,0,0
11,12,1,9,8,337.5,0,0
11,12,1,10,1,22.5,0,0
11,12,1,10,2,67.5,0,0
11,12,1,10,3,112.5,0,0
11,12,1,10,4,157.5,0,0
11,12,1,10,5,202.5,0,0
11,12,1,10,6,247.5,0,0
11,12,1,10,7,292.5,0,0
11,12,1,10,8,337.5,0,0
11,12,1,11,1,22.5,0,0
11,12,1,11,2,67.5,0,0
11,12,1,11,3,112.5,0,0
11,12,1,11,4,157.5,0,0
11,12,1,11,5,202.5,0,0
11,12,1,11,6,247.5,0,0
11,12,1,11,7,292.5,0,0
11,12,1,11,8,337.5,0,0
11,12,2,1,1,22.5,569220,151.805
11,12,2,1,2,67.5,567856,185.741
11,12,2,1,3,112.5,566816,209.206
11,12,2,1,4,157.5,565326,273.668
11,12,2,1,5,202.5,565981,266.965
11,12,2,1,6,247.5,567439,283.682
11,12,2,1,7,292.5,567945,213.879
11,12,2,1,8,337.5,567904,168.377
11,12,2,2,1,22.5,416251,63.3404
11,12,2,2,2,67.5,415868,114.791
11,12,2,2,3,112.5,413141,121.538
11,12,2,2,4,157.5,410676,120.539
11,12,2,2,5,202.5,411262,99.5152
11,12,2,2,6,247.5,413609,119.051
11,12,2,2,7,292.5,415716,98.966
11,12,2,2,8,337.5,417306,56.8609
11,12,2,3,1,22.5,300497,44.1433
11,12,2,3,2,67.5,300847,81.7695
11,12,2,3,3,112.5,298997,70.6586
11,12,2,3,4,157.5,296648,46.0851
11,12,2,3,5,202.5,297699,40.301
11,12,2,3,6,247.5,299099,70.5434
11,12,2,3,7,292.5,300693,91.6174
11,12,2,3,8,337.5,301251,44.8475
11,12,2,4,1,22.5,218694,41.7211
11,12,2,4,2,67.5,218431,75.7146
11,12,2,4,3,112.5,216132,45.4463
11,12,2,4,4,157.5,214148,15.6862
11,12,2,4,5,202.5,214286,16.0873
11,12,2,4,6,247.5,216969,73.8325
11,12,2,4,7,292.5,218680,78.1788
11,12,2,4,8,337.5,217755,38.7592
11,12,2,5,1,22.5,275114,40.7642
11,12,2,5,2,67.5,273095,76.0894
11,12,2,5,3,112.5,272109,38.1144
11,12,2,5,4,157.5,268832,5.72402
11,12,2,5,5,202.5,268580,23.3918
11,12,2,5,6,247.5,272134,39.063
11,12,2,5,7,292.5,273566,71.488
11,12,2,5,8,337.5,274065,35.2613
11,12,2,6,1,22.5,136744,18.5643
11,12,2,6,2,67.5,137099,35.3836
11,12,2,6,3,112.5,135207,11.734
11,12,2,6,4,157.5,133372,0
11,12,2,6,5,202.5,133573,0
11,12,2,6,6,247.5,135492,12.5657
11,12,2,6,7,292.5,136434,32.5908
11,12,2,6,8,337.5,136681,17.5944
11,12,2,7,1,22.5,54391,27.945
11,12,2,7,2,67.5,54876,11.105
11,12,2,7,3,112.5,53583,0
11,12,2,7,4,157.5,53045,0
11,12,2,7,5,202.5,52988,0
11,12,2,7,6,247.5,54513,3.68363
11,12,2,7,7,292.5,54419,10.996
11,12,2,7,8,337.5,54620,6.31593
11,12,2,8,1,22.5,18303,0
11,12,2,8,2,67.5,17726,0
11,12,2,8,3,112.5,17658,0
11,12,2,8,4,157.5,17325,0
11,12,2,8,5,202.5,17703,0
11,12,2,8,6,247.5,17933,0
11,12,2,8,7,292.5,18067,0
11,12,2,8,8,337.5,18058,0
11,12,2,9,1,22.5,1327,0
11,12,2,9,2,67.5,1326,0
11,12,2,9,3,112.5,1295,0
11,12,2,9,4,157.5,1298,0
11,12,2,9,5,202.5,1270,0
11,12,2,9,6,247.5,1290,0
11,12,2,9,7,292.5,1317,0
11,12,2,9,8,337.5,1358,0
11,12,2,10,1,22.5,13,0
11,12,2,10,2,67.5,22,0
11,12,2,10,3,112.5,22,0
11,12,2,10,4,157.5,19,0
11,12,2,10,5,202.5,14,0
11,12,2,10,6,247.5,16,0
11,12,2,10,7,292.5,12,0
11,12,2,10,8,337.5,13,0
11,12,2,11,1,22.5,0,0
11,12,2,11,2,67.5,0,0
11,12,2,11,3,112.5,0,0
11,12,2,11,4,157.5,0,0
11,12,2,11,5,202.5,0,0
11,12,2,11,6,247.5,0,0
11,12,2,11,7,292.5,0,0
11,12,2,11,8,337.5,0,0
11,12,3,1,1,22.5,299445,147.014
11,12,3,1,2,67.5,299457,194.662
11,12,3,1,3,112.5,298428,286.139
11,12,3,1,4,157.5,298154,321.569
11,12,3,1,5,202.5,298204,285.948
11,12,3,1,6,247.5,298839,204.022
11,12,3,1,7,292.5,299744,212.328
11,12,3,1,8,337.5,301414,168.987
11,12,3,2,1,22.5,236114,90.2931
11,12,3,2,2,67.5,236626,136.688
11,12,3,2,3,112.5,235064,149.995
11,12,3,2,4,157.5,233475,195.453
11,12,3,2,5,202.5,233601,171.349
11,12,3,2,6,247.5,235164,136.448
11,12,3,2,7,292.5,237381,131.623
11,12,3,2,8,337.5,236800,87.903
11,12,3,3,1,22.5,183886,51.651
11,12,3,3,2,67.5,183718,103.01
11,12,3,3,3,112.5,181708,110.285
11,12,3,3,4,157.5,180720,118.883
11,12,3,3,5,202.5,180693,99.5114
11,12,3,3,6,247.5,182029,108.7
11,12,3,3,7,292.5,183985,119.471
11,12,3,3,8,337.5,184134,46.688
11,12,3,4,1,22.5,141275,41.962
11,12,3,4,2,67.5,140464,102.13
11,12,3,4,3,112.5,139663,78.9443
11,12,3,4,4,157.5,137636,72.2358
11,12,3,4,5,202.5,137915,68.9222
11,12,3,4,6,247.5,138697,91.2107
11,12,3,4,7,292.5,140928,114.932
11,12,3,4,8,337.5,140981,48.1248
11,12,3,5,1,22.5,184505,60.0173
11,12,3,5,2,67.5,184111,132.968
11,12,3,5,3,112.5,182269,82.7219
11,12,3,5,4,157.5,179660,51.774
11,12,3,5,5,202.5,179401,43.9707
11,12,3,5,6,247.5,182678,97.4301
11,12,3,5,7,292.5,184867,134.302
11,12,3,5,8,337.5,185099,60.5128
11,12,3,6,1,22.5,98189,44.4722
11,12,3,6,2,67.5,97997,94.5294
11,12,3,6,3,112.5,96499,47.77
11,12,3,6,4,157.5,95272,15.9575
11,12,3,6,5,202.5,94750,14.8497
11,12,3,6,6,247.5,96083,54.7259
11,12,3,6,7,292.5,97841,86.3716
11,12,3,6,8,337.5,98224,40.817
11,12,3,7,1,22.5,48720,27.5617
11,12,3,7,2,67.5,48534,57.0821
11,12,3,7,3,112.5,47421,24.5883
11,12,3,7,4,157.5,46587,0
11,12,3,7,5,202.5,46631,0
11,12,3,7,6,247.5,47619,30.1523
11,12,3,7,7,292.5,48458,50.6294
11,12,3,7,8,337.5,48496,27.9295
11,12,3,8,1,22.5,25042,18.5206
11,12,3,8,2,67.5,24923,34.5711
11,12,3,8,3,112.5,23986,12.3398
11,12,3,8,4,157.5,23796,0
11,12,3,8,5,202.5,23977,0
11,12,3,8,6,247.5,24343,14.8404
11,12,3,8,7,292.5,24591,29.5994
11,12,3,8,8,337.5,24841,19.7007
11,12,3,9,1,22.5,4259,7.53808
11,12,3,9,2,67.5,4245,9.41716
11,12,3,9,3,112.5,4039,0
11,12,3,9,4,157.5,4108,0
11,12,3,9,5,202.5,4048,0
11,12,3,9,6,247.5,4079,0
11,12,3,9,7,292.5,4194,8.38406
11,12,3,9,8,337.5,4138,8.04782
11,12,3,10,1,22.5,346,0
11,12,3,10,2,67.5,336,0
11,12,3,10,3,112.5,301,0
11,12,3,10,4,157.5,304,0
11,12,3,10,5,202.5,330,0
11,12,3,10,6,247.5,312,0
11,12,3,10,7,292.5,330,0
11,12,3,10,8,337.5,324,0
11,12,3,11,1,22.5,0,0
11,12,3,11,2,67.5,0,0
11,12,3,11,3,112.5,0,0
11,12,3,11,4,157.5,0,0
11,12,3,11,5,202.5,0,0
11,12,3,11,6,247.5,0,0
11,12,3,11,7,292.5,0,0
11,12,3,11,8,337.5,0,0
11,12,4,1,1,22.5,190543,156.368
11,12,4,1,2,67.5,191980,192.283
11,12,4,1,3,112.5,190711,229.85
11,12,4,1,4,157.5,191284,263.824
11,12,4,1,5,202.5,190570,233.496
11,12,4,1,6,247.5,191376,177.106
11,12,4,1,7,292.5,191208,140.576
11,12,4,1,8,337.5,191391,150.356
11,12,4,2,1,22.5,154758,82.445
11,12,4,2,2,67.5,153812,98.8902
11,12,4,2,3,112.5,153158,149.297
11,12,4,2,4,157.5,152119,186.462
11,12,4,2,5,202.5,152573,165.364
11,12,4,2,6,247.5,153098,102.852
11,12,4,2,7,292.5,154188,93.9388
11,12,4,2,8,337.5,154882,82.2437
11,12,4,3,1,22.5,122701,59.0398
11,12,4,3,2,67.5,122029,78.9399
11,12,4,3,3,112.5,120545,109.16
11,12,4,3,4,157.5,120156,141.978
11,12,4,3,5,202.5,119858,124.997
11,12,4,3,6,247.5,120876,88.1642
11,12,4,3,7,292.5,122392,93.7488
11,12,4,3,8,337.5,122340,56.721
11,12,4,4,1,22.5,95296,39.1741
11,12,4,4,2,67.5,94627,75.9479
11,12,4,4,3,112.5,93335,82.5904
11,12,4,4,4,157.5,92189,108.8
11,12,4,4,5,202.5,92063,88.4831
11,12,4,4,6,247.5,93577,80.4772
11,12,4,4,7,292.5,94017,110.975
11,12,4,4,8,337.5,94704,36.2602
11,12,4,5,1,22.5,125556,40.0703
11,12,4,5,2,67.5,124723,111.542
11,12,4,5,3,112.5,121958,89.4643
11,12,4,5,4,157.5,121026,96.3977
11,12,4,5,5,202.5,121634,80.8627
11,12,4,5,6,247.5,123046,101.986
11,12,4,5,7,292.5,125301,133.237
11,12,4,5,8,337.5,125911,44.9605
11,12,4,6,1,22.5,67168,35.3761
11,12,4,6,2,67.5,66753,97.5957
11,12,4,6,3,112.5,65565,60.4324
11,12,4,6,4,157.5,64460,48.2151
11,12,4,6,5,202.5,64548,40.1878
11,12,4,6,6,247.5,65720,75.2273
11,12,4,6,7,292.5,66857,100.794
11,12,4,6,8,337.5,67496,35.2396
11,12,4,7,1,22.5,32686,25.8452
11,12,4,7,2,67.5,32539,69.3957
11,12,4,7,3,112.5,32226,39.9473
11,12,4,7,4,157.5,30968,20.8614
11,12,4,7,5,202.5,31292,18.0355
11,12,4,7,6,247.5,32264,49.1765
11,12,4,7,7,292.5,33063,64.9935
11,12,4,7,8,337.5,32566,22.7449
11,12,4,8,1,22.5,17336,17.4712
11,12,4,8,2,67.5,17224,49.2476
11,12,4,8,3,112.5,16568,26.8015
11,12,4,8,4,157.5,16208,8.14644
11,12,4,8,5,202.5,16022,8.74189
11,12,4,8,6,247.5,16723,33.5764
11,12,4,8,7,292.5,17242,42.4801
11,12,4,8,8,337.5,17248,18.0756
11,12,4,9,1,22.5,3231,9.99231
11,12,4,9,2,67.5,3121,21.0059
11,12,4,9,3,112.5,3063,10.778
11,12,4,9,4,157.5,2986,0
11,12,4,9,5,202.5,2932,0
11,12,4,9,6,247.5,3123,13.1648
11,12,4,9,7,292.5,3173,18.3722
11,12,4,9,8,337.5,3196,9.76825
11,12,4,10,1,22.5,316,0
11,12,4,10,2,67.5,304,6.27591
11,12,4,10,3,112.5,310,3.33703
11,12,4,10,4,157.5,256,0
11,12,4,10,5,202.5,271,0
11,12,4,10,6,247.5,351,0
11,12,4,10,7,292.5,267,4.39411
11,12,4,10,8,337.5,327,4.23156
11,12,4,11,1,22.5,0,0
11,12,4,11,2,67.5,0,0
11,12,4,11,3,112.5,0,0
11,12,4,11,4,157.5,0,0
11,12,4,11,5,202.5,0,0
11,12,4,11,6,247.5,0,0
11,12,4,11,7,292.5,0,0
11,12,4,11,8,337.5,0,0
11,12,5,1,1,22.5,114612,143.15
11,12,5,1,2,67.5,115051,143.43
11,12,5,1,3,112.5,114910,177.808
11,12,5,1,4,157.5,113892,190.775
11,12,5,1,5,202.5,113696,172.429
11,12,5,1,6,247.5,114622,131.706
11,12,5,1,7,292.5,114790,105.973
11,12,5,1,8,337.5,114610,122.499
11,12,5,2,1,22.5,90132,70.4877
11,12,5,2,2,67.5,89534,84.9345
11,12,5,2,3,112.5,88993,129.088
11,12,5,2,4,157.5,88688,159.358
11,12,5,2,5,202.5,88259,133.312
11,12,5,2,6,247.5,88809,80.1884
11,12,5,2,7,292.5,89778,55.7168
11,12,5,2,8,337.5,90405,57.8886
11,12,5,3,1,22.5,69708,41.8075
11,12,5,3,2,67.5,69510,52.4753
11,12,5,3,3,112.5,68332,96.2631
11,12,5,3,4,157.5,67777,132.981
11,12,5,3,5,202.5,68111,109.848
11,12,5,3,6,247.5,68262,63.5355
11,12,5,3,7,292.5,69137,56.2285
11,12,5,3,8,337.5,69324,41.3116
11,12,5,4,1,22.5,52611,29.7471
11,12,5,4,2,67.5,52244,40.7771
11,12,5,4,3,112.5,51963,74.5598
11,12,5,4,4,157.5,51113,104.629
11,12,5,4,5,202.5,50981,86.4662
11,12,5,4,6,247.5,52167,56.3102
11,12,5,4,7,292.5,53027,64.3919
11,12,5,4,8,337.5,53248,31.6842
11,12,5,5,1,22.5,68793,30.0229
11,12,5,5,2,67.5,68716,62.8401
11,12,5,5,3,112.5,67049,77.0065
11,12,5,5,4,157.5,66355,110.535
11,12,5,5,5,202.5,66066,88.9681
11,12,5,5,6,247.5,67632,72.717
11,12,5,5,7,292.5,68168,95.0375
11,12,5,5,8,337.5,68720,32.4285
11,12,5,6,1,22.5,34947,20.8218
11,12,5,6,2,67.5,34698,60.505
11,12,5,6,3,112.5,33981,51.8598
11,12,5,6,4,157.5,33479,64.4191
11,12,5,6,5,202.5,33471,52.5823
11,12,5,6,6,247.5,33824,58.9894
11,12,5,6,7,292.5,34938,77.5652
11,12,5,6,8,337.5,35237,21.3736
11,12,5,7,1,22.5,15237,13.4495
11,12,5,7,2,67.5,15061,44.9706
11,12,5,7,3,112.5,14685,33.0614
11,12,5,7,4,157.5,14331,34.8453
11,12,5,7,5,202.5,14205,29.4638
11,12,5,7,6,247.5,14609,40.5054
11,12,5,7,7,292.5,15407,51.9007
11,12,5,7,8,337.5,15331,12.8209
11,12,5,8,1,22.5,6572,9.35993
11,12,5,8,2,67.5,6619,34.8483
11,12,5,8,3,112.5,6191,23.7937
11,12,5,8,4,157.5,6132,19.9529
11,12,5,8,5,202.5,6131,17.9982
11,12,5,8,6,247.5,6268,29.0682
11,12,5,8,7,292.5,6518,34.1873
11,12,5,8,8,337.5,6461,8.01655
11,12,5,9,1,22.5,869,0
11,12,5,9,2,67.5,810,13.8097
11,12,5,9,3,112.5,845,8.06785
11,12,5,9,4,157.5,786,6.62086
11,12,5,9,5,202.5,774,4.35366
11,12,5,9,6,247.5,813,10.5089
11,12,5,9,7,292.5,880,11.4642
11,12,5,9,8,337.5,857,0
11,12,5,10,1,22.5,52,0
11,12,5,10,2,67.5,33,0
11,12,5,10,3,112.5,37,0
11,12,5,10,4,157.5,26,0
11,12,5,10,5,202.5,35,0
11,12,5,10,6,247.5,34,0
11,12,5,10,7,292.5,36,0
11,12,5,10,8,337.5,35,0
11,12,5,11,1,22.5,0,0
11,12,5,11,2,67.5,0,0
11,12,5,11,3,112.5,0,0
11,12,5,11,4,157.5,0,0
11,12,5,11,5,202.5,0,0
11,12,5,11,6,247.5,0,0
11,12,5,11,7,292.5,0,0
11,12,5,11,8,337.5,0,0
11,12,6,1,1,22.5,48495,104.737
11,12,6,1,2,67.5,48985,106.725
11,12,6,1,3,112.5,48300,117.714
11,12,6,1,4,157.5,48655,124.279
11,12,6,1,5,202.5,48529,113.484
11,12,6,1,6,247.5,47893,92.1442
11,12,6,1,7,292.5,48363,79.5792
11,12,6,1,8,337.5,48726,86.765
11,12,6,2,1,22.5,37078,62.9607
11,12,6,2,2,67.5,36763,66.1659
11,12,6,2,3,112.5,36463,88.3937
11,12,6,2,4,157.5,36049,104.403
11,12,6,2,5,202.5,35593,92.0024
11,12,6,2,6,247.5,36313,58.6985
11,12,6,2,7,292.5,36632,35.4629
11,12,6,2,8,337.5,36536,43.8056
11,12,6,3,1,22.5,26812,33.5405
11,12,6,3,2,67.5,27103,39.8776
11,12,6,3,3,112.5,26220,68.0412
11,12,6,3,4,157.5,26207,87.4943
11,12,6,3,5,202.5,26008,73.449
11,12,6,3,6,247.5,26516,41.7546
11,12,6,3,7,292.5,26920,21.8976
11,12,6,3,8,337.5,26725,22.2222
11,12,6,4,1,22.5,18797,17.3098
11,12,6,4,2,67.5,18821,22.667
11,12,6,4,3,112.5,18343,51.9576
11,12,6,4,4,157.5,18202,70.3966
11,12,6,4,5,202.5,18292,59.5046
11,12,6,4,6,247.5,18336,30.9765
11,12,6,4,7,292.5,18688,26.8693
11,12,6,4,8,337.5,18556,14.038
11,12,6,5,1,22.5,20441,11.4894
11,12,6,5,2,67.5,20511,22.1336
11,12,6,5,3,112.5,20059,50.9547
11,12,6,5,4,157.5,19917,73.6834
11,12,6,5,5,202.5,19598,60.6385
11,12,6,5,6,247.5,20237,36.1792
11,12,6,5,7,292.5,20285,42.115
11,12,6,5,8,337.5,20341,13.9757
11,12,6,6,1,22.5,7479,0
11,12,6,6,2,67.5,7386,21.2162
11,12,6,6,3,112.5,7296,26.7795
11,12,6,6,4,157.5,7101,42.4321
11,12,6,6,5,202.5,6988,32.8936
11,12,6,6,6,247.5,7324,25.1588
11,12,6,6,7,292.5,7538,34.3755
11,12,6,6,8,337.5,7399,9.35001
11,12,6,7,1,22.5,2177,0
11,12,6,7,2,67.5,2103,12.6118
11,12,6,7,3,112.5,2030,14.0141
11,12,6,7,4,157.5,1986,22.052
11,12,6,7,5,202.5,1960,17.1647
11,12,6,7,6,247.5,2073,15.6296
11,12,6,7,7,292.5,2060,19.7604
11,12,6,7,8,337.5,2136,0
11,12,6,8,1,22.5,533,0
11,12,6,8,2,67.5,477,7.12319
11,12,6,8,3,112.5,439,5.49871
11,12,6,8,4,157.5,413,9.59156
11,12,6,8,5,202.5,501,0
11,12,6,8,6,247.5,470,10.2192
11,12,6,8,7,292.5,491,15.4546
11,12,6,8,8,337.5,494,0
11,12,6,9,1,22.5,10,0
11,12,6,9,2,67.5,13,0
11,12,6,9,3,112.5,8,0
11,12,6,9,4,157.5,9,0
11,12,6,9,5,202.5,8,0
11,12,6,9,6,247.5,13,0
11,12,6,9,7,292.5,6,0
11,12,6,9,8,337.5,9,0
11,12,6,10,1,22.5,0,0
11,12,6,10,2,67.5,0,0
11,12,6,10,3,112.5,0,0
11,12,6,10,4,157.5,0,0
11,12,6,10,5,202.5,0,0
11,12,6,10,6,247.5,0,0
11,12,6,10,7,292.5,0,0
11,12,6,10,8,337.5,0,0
11,12,6,11,1,22.5,0,0
11,12,6,11,2,67.5,0,0
11,12,6,11,3,112.5,0,0
11,12,6,11,4,157.5,0,0
11,12,6,11,5,202.5,0,0
11,12,6,11,6,247.5,0,0
11,12,6,11,7,292.5,0,0
11,12,6,11,8,337.5,0,0
11,12,7,1,1,22.5,6660,38.4913
11,12,7,1,2,67.5,6737,44.3376
11,12,7,1,3,112.5,6641,47.5674
11,12,7,1,4,157.5,6618,47.608
11,12,7,1,5,202.5,6664,43.4692
11,12,7,1,6,247.5,6710,35.7503
11,12,7,1,7,292.5,6751,32.2936
11,12,7,1,8,337.5,6712,33.1396
11,12,7,2,1,22.5,3736,21.3938
11,12,7,2,2,67.5,3657,25.109
11,12,7,2,3,112.5,3662,30.8307
11,12,7,2,4,157.5,3590,35.237
11,12,7,2,5,202.5,3649,30.3338
11,12,7,2,6,247.5,3699,17.5658
11,12,7,2,7,292.5,3735,12.5868
11,12,7,2,8,337.5,3708,15.6821
11,12,7,3,1,22.5,1942,8.48298
11,12,7,3,2,67.5,1950,12.7663
11,12,7,3,3,112.5,1955,18.6873
11,12,7,3,4,157.5,1845,26.0899
11,12,7,3,5,202.5,1921,21.462
11,12,7,3,6,247.5,1918,9.62665
11,12,7,3,7,292.5,1836,0
11,12,7,3,8,337.5,1886,5.84784
11,12,7,4,1,22.5,896,0
11,12,7,4,2,67.5,892,5.62728
11,12,7,4,3,112.5,874,12.5832
11,12,7,4,4,157.5,901,16.8664
11,12,7,4,5,202.5,868,13.475
11,12,7,4,6,247.5,952,5.10192
11,12,7,4,7,292.5,915,0
11,12,7,4,8,337.5,899,0
11,12,7,5,1,22.5,514,0
11,12,7,5,2,67.5,531,0
11,12,7,5,3,112.5,555,7.61508
11,12,7,5,4,157.5,528,14.6516
11,12,7,5,5,202.5,486,11.2929
11,12,7,5,6,247.5,525,0
11,12,7,5,7,292.5,501,0
11,12,7,5,8,337.5,603,0
11,12,7,6,1,22.5,57,0
11,12,7,6,2,67.5,43,0
11,12,7,6,3,112.5,49,0
11,12,7,6,4,157.5,55,3.49655
11,12,7,6,5,202.5,42,0
11,12,7,6,6,247.5,42,0
11,12,7,6,7,292.5,46,0
11,12,7,6,8,337.5,44,0
11,12,7,7,1,22.5,1,0
11,12,7,7,2,67.5,0,0
11,12,7,7,3,112.5,0,0
11,12,7,7,4,157.5,0,0
11,12,7,7,5,202.5,0,0
11,12,7,7,6,247.5,1,0
11,12,7,7,7,292.5,0,0
11,12,7,7,8,337.5,0,0
11,12,7,8,1,22.5,0,0
11,12,7,8,2,67.5,0,0
11,12,7,8,3,112.5,0,0
11,12,7,8,4,157.5,0,0
11,12,7,8,5,202.5,0,0
11,12,7,8,6,247.5,0,0
11,12,7,8,7,292.5,0,0
11,12,7,8,8,337.5,0,0
11,12,7,9,1,22.5,0,0
11,12,7,9,2,67.5,0,0
11,12,7,9,3,112.5,0,0
11,12,7,9,4,157.5,0,0
11,12,7,9,5,202.5,0,0
11,12,7,9,6,247.5,0,0
11,12,7,9,7,292.5,0,0
11,12,7,9,8,337.5,0,0
11,12,7,10,1,22.5,0,0
11,12,7,10,2,67.5,0,0
11,12,7,10,3,112.5,0,0
11,12,7,10,4,157.5,0,0
11,12,7,10,5,202.5,0,0
11,12,7,10,6,247.5,0,0
11,12,7,10,7,292.5,0,0
11,12,7,10,8,337.5,0,0
11,12,7,11,1,22.5,0,0
11,12,7,11,2,67.5,0,0
11,12,7,11,3,112.5,0,0
11,12,7,11,4,157.5,0,0
11,12,7,11,5,202.5,0,0
11,12,7,11,6,247.5,0,0
11,12,7,11,7,292.5,0,0
11,12,7,11,8,337.5,0,0
11,12,8,1,1,22.5,0,0
11,12,8,1,2,67.5,0,0
11,12,8,1,3,112.5,13.9468,4.94433
11,12,8,1,4,157.5,0,0
11,12,8,1,5,202.5,0,0
11,12,8,1,6,247.5,0,0
11,12,8,1,7,292.5,10.0402,3.51846
11,12,8,1,8,337.5,0,0
11,12,8,2,1,22.5,0,0
11,12,8,2,2,67.5,10.9784,3.4595
11,12,8,2,3,112.5,0,0
11,12,8,2,4,157.5,0,0
11,12,8,2,5,202.5,0,0
11,12,8,2,6,247.5,0,0
11,12,8,2,7,292.5,0,0
11,12,8,2,8,337.5,0,0
11,12,8,3,1,22.5,0,0
11,12,8,3,2,67.5,0,0
11,12,8,3,3,112.5,0,0
11,12,8,3,4,157.5,0,0
11,12,8,3,5,202.5,0,0
11,12,8,3,6,247.5,0,0
11,12,8,3,7,292.5,0,0
11,12,8,3,8,337.5,0,0
11,12,8,4,1,22.5,0,0
11,12,8,4,2,67.5,0,0
11,12,8,4,3,112.5,0,0
11,12,8,4,4,157.5,0,0
11,12,8,4,5,202.5,0,0
11,12,8,4,6,247.5,0,0
11,12,8,4,7,292.5,0,0
11,12,8,4,8,337.5,0,0
11,12,8,5,1,22.5,0,0
11,12,8,5,2,67.5,0,0
11,12,8,5,3,112.5,0,0
11,12,8,5,4,157.5,0,0
11,12,8,5,5,202.5,0,0
11,12,8,5,6,247.5,0,0
11,12,8,5,7,292.5,0,0
11,12,8,5,8,337.5,0,0
11,12,8,6,1,22.5,0,0
11,12,8,6,2,67.5,0,0
11,12,8,6,3,112.5,0,0
11,12,8,6,4,157.5,0,0
11,12,8,6,5,202.5,0,0
11,12,8,6,6,247.5,0,0
11,12,8,6,7,292.5,0,0
11,12,8,6,8,337.5,0,0
11,12,8,7,1,22.5,0,0
11,12,8,7,2,67.5,0,0
11,12,8,7,3,112.5,0,0
11,12,8,7,4,157.5,0,0
11,12,8,7,5,202.5,0,0
11,12,8,7,6,247.5,0,0
11,12,8,7,7,292.5,0,0
11,12,8,7,8,337.5,0,0
11,12,8,8,1,22.5,0,0
11,12,8,8,2,67.5,0,0
11,12,8,8,3,112.5,0,0
11,12,8,8,4,157.5,0,0
11,12,8,8,5,202.5,0,0
11,12,8,8,6,247.5,0,0
11,12,8,8,7,292.5,0,0
11,12,8,8,8,337.5,0,0
11,12,8,9,1,22.5,0,0
11,12,8,9,2,67.5,0,0
11,12,8,9,3,112.5,0,0
11,12,8,9,4,157.5,0,0
11,12,8,9,5,202.5,0,0
11,12,8,9,6,247.5,0,0
11,12,8,9,7,292.5,0,0
11,12,8,9,8,337.5,0,0
11,12,8,10,1,22.5,0,0
11,12,8,10,2,67.5,0,0
11,12,8,10,3,112.5,0,0
11,12,8,10,4,157.5,0,0
11,12,8,10,5,202.5,0,0
11,12,8,10,6,247.5,0,0
11,12,8,10,7,292.5,0,0
11,12,8,10,8,337.5,0,0
11,12,8,11,1,22.5,0,0
11,12,8,11,2,67.5,0,0
11,12,8,11,3,112.5,0,0
11,12,8,11,4,157.5,0,0
11,12,8,11,5,202.5,0,0
11,12,8,11,6,247.5,0,0
11,12,8,11,7,292.5,0,0
11,12,8,11,8,337.5,0,0
12,13,1,1,1,22.5,4.35025e+06,0
12,13,1,1,2,67.5,4.35383e+06,0
12,13,1,1,3,112.5,4.35351e+06,0
12,13,1,1,4,157.5,4.34539e+06,0
12,13,1,1,5,202.5,4.35327e+06,0
12,13,1,1,6,247.5,4.35444e+06,0
12,13,1,1,7,292.5,4.35667e+06,0
12,13,1,1,8,337.5,4.34695e+06,0
12,13,1,2,1,22.5,1.38547e+06,0
12,13,1,2,2,67.5,1.39015e+06,0
12,13,1,2,3,112.5,1.38476e+06,0
12,13,1,2,4,157.5,1.3825e+06,0
12,13,1,2,5,202.5,1.38221e+06,0
12,13,1,2,6,247.5,1.38592e+06,0
12,13,1,2,7,292.5,1.38786e+06,0
12,13,1,2,8,337.5,1.38395e+06,0
12,13,1,3,1,22.5,544530,0
12,13,1,3,2,67.5,544033,0
12,13,1,3,3,112.5,543620,0
12,13,1,3,4,157.5,540857,0
12,13,1,3,5,202.5,541247,0
12,13,1,3,6,247.5,541940,0
12,13,1,3,7,292.5,543673,0
12,13,1,3,8,337.5,543362,0
12,13,1,4,1,22.5,215750,0
12,13,1,4,2,67.5,216933,0
12,13,1,4,3,112.5,216427,0
12,13,1,4,4,157.5,214931,0
12,13,1,4,5,202.5,215301,0
12,13,1,4,6,247.5,216785,0
12,13,1,4,7,292.5,216629,0
12,13,1,4,8,337.5,215606,0
12,13,1,5,1,22.5,103322,0
12,13,1,5,2,67.5,103788,0
12,13,1,5,3,112.5,103712,0
12,13,1,5,4,157.5,102852,0
12,13,1,5,5,202.5,103080,0
12,13,1,5,6,247.5,103575,0
12,13,1,5,7,292.5,104798,0
12,13,1,5,8,337.5,103841,0
12,13,1,6,1,22.5,7952,0
12,13,1,6,2,67.5,8105,0
12,13,1,6,3,112.5,8007,0
12,13,1,6,4,157.5,7943,0
12,13,1,6,5,202.5,7929,0
12,13,1,6,6,247.5,8057,0
12,13,1,6,7,292.5,7915,0
12,13,1,6,8,337.5,8000,0
12,13,1,7,1,22.5,145,0
12,13,1,7,2,67.5,140,0
12,13,1,7,3,112.5,149,0
12,13,1,7,4,157.5,137,0
12,13,1,7,5,202.5,159,0
12,13,1,7,6,247.5,165,0
12,13,1,7,7,292.5,157,0
12,13,1,7,8,337.5,146,0
12,13,1,8,1,22.5,0,0
12,13,1,8,2,67.5,0,0
12,13,1,8,3,112.5,0,0
12,13,1,8,4,157.5,0,0
12,13,1,8,5,202.5,0,0
12,13,1,8,6,247.5,0,0
12,13,1,8,7,292.5,0,0
12,13,1,8,8,337.5,0,0
12,13,1,9,1,22.5,0,0
12,13,1,9,2,67.5,0,0
12,13,1,9,3,112.5,0,0
12,13,1,9,4,157.5,0,0
12,13,1,9,5,202.5,0,0
12,13,1,9,6,247.5,0,0
12,13,1,9,7,292.5,0,0
12,13,1,9,8,337.5,0,0
12,13,1,10,1,22.5,0,0
12,13,1,10,2,67.5,0,0
12,13,1,10,3,112.5,0,0
12,13,1,10,4,157.5,0,0
12,13,1,10,5,202.5,0,0
12,13,1,10,6,247.5,0,0
12,13,1,10,7,292.5,0,0
12,13,1,10,8,337.5,0,0
12,13,1,11,1,22.5,0,0
12,13,1,11,2,67.5,0,0
12,13,1,11,3,112.5,0,0
12,13,1,11,4,157.5,0,0
12,13,1,11,5,202.5,0,0
12,13,1,11,6,247.5,0,0
12,13,1,11,7,292.5,0,0
12,13,1,11,8,337.5,0,0
12,13,2,1,1,22.5,715161,94.5827
12,13,2,1,2,67.5,714527,149.564
12,13,2,1,3,112.5,712139,124.608
12,13,2,1,4,157.5,710750,124.22
12,13,2,1,5,202.5,711429,119.443
12,13,2,1,6,247.5,712924,123.139
12,13,2,1,7,292.5,714708,134.754
12,13,2,1,8,337.5,714465,101.845
12,13,2,2,1,22.5,503108,38.0744
12,13,2,2,2,67.5,501069,71.8058
12,13,2,2,3,112.5,500308,54.9564
12,13,2,2,4,157.5,498445,32.3026
12,13,2,2,5,202.5,498759,30.6943
12,13,2,2,6,247.5,500435,51.2034
12,13,2,2,7,292.5,502672,61.9701
12,13,2,2,8,337.5,502164,37.5164
12,13,2,3,1,22.5,328676,23.8846
12,13,2,3,2,67.5,329258,46.4259
12,13,2,3,3,112.5,326988,26.5525
12,13,2,3,4,157.5,324781,8.85724
12,13,2,3,5,202.5,324888,6.92971
12,13,2,3,6,247.5,327701,27.1663
12,13,2,3,7,292.5,329101,50.4688
12,13,2,3,8,337.5,328541,26.3992
12,13,2,4,1,22.5,214140,23.0735
12,13,2,4,2,67.5,213599,40.5061
12,13,2,4,3,112.5,211886,14.1192
12,13,2,4,4,157.5,211475,3.65268
12,13,2,4,5,202.5,209914,0
12,13,2,4,6,247.5,212791,14.0438
12,13,2,4,7,292.5,213412,40.0926
12,13,2,4,8,337.5,214296,24.1723
12,13,2,5,1,22.5,196756,22.1053
12,13,2,5,2,67.5,197011,35.2048
12,13,2,5,3,112.5,194649,4.51367
12,13,2,5,4,157.5,193565,0
12,13,2,5,5,202.5,193342,0
12,13,2,5,6,247.5,196165,9.19241
12,13,2,5,7,292.5,197275,33.5255
12,13,2,5,8,337.5,197256,19.4961
12,13,2,6,1,22.5,49895,6.68031
12,13,2,6,2,67.5,49922,10.4116
12,13,2,6,3,112.5,49348,0
12,13,2,6,4,157.5,48944,0
12,13,2,6,5,202.5,48618,0
12,13,2,6,6,247.5,49400,0
12,13,2,6,7,292.5,49537,9.04573
12,13,2,6,8,337.5,50186,0
12,13,2,7,1,22.5,7866,0
12,13,2,7,2,67.5,8010,0
12,13,2,7,3,112.5,7969,0
12,13,2,7,4,157.5,7909,0
12,13,2,7,5,202.5,7758,0
12,13,2,7,6,247.5,7774,0
12,13,2,7,7,292.5,8055,0
12,13,2,7,8,337.5,8019,0
12,13,2,8,1,22.5,595,0
12,13,2,8,2,67.5,604,0
12,13,2,8,3,112.5,580,0
12,13,2,8,4,157.5,578,0
12,13,2,8,5,202.5,576,0
12,13,2,8,6,247.5,584,0
12,13,2,8,7,292.5,612,0
12,13,2,8,8,337.5,628,0
12,13,2,9,1,22.5,0,0
12,13,2,9,2,67.5,0,0
12,13,2,9,3,112.5,0,0
12,13,2,9,4,157.5,0,0
12,13,2,9,5,202.5,0,0
12,13,2,9,6,247.5,0,0
12,13,2,9,7,292.5,0,0
12,13,2,9,8,337.5,0,0
12,13,2,10,1,22.5,0,0
12,13,2,10,2,67.5,0,0
12,13,2,10,3,112.5,0,0
12,13,2,10,4,157.5,0,0
12,13,2,10,5,202.5,0,0
12,13,2,10,6,247.5,0,0
12,13,2,10,7,292.5,0,0
12,13,2,10,8,337.5,0,0
12,13,2,11,1,22.5,0,0
12,13,2,11,2,67.5,0,0
12,13,2,11,3,112.5,0,0
12,13,2,11,4,157.5,0,0
12,13,2,11,5,202.5,0,0
12,13,2,11,6,247.5,0,0
12,13,2,11,7,292.5,0,0
12,13,2,11,8,337.5,0,0
12,13,3,1,1,22.5,375832,158.736
12,13,3,1,2,67.5,375322,208.062
12,13,3,1,3,112.5,373963,263.642
12,13,3,1,4,157.5,373899,256.5
12,13,3,1,5,202.5,373822,246.687
12,13,3,1,6,247.5,375397,208.671
12,13,3,1,7,292.5,376141,203.261
12,13,3,1,8,337.5,376233,191.114
12,13,3,2,1,22.5,276886,100.059
12,13,3,2,2,67.5,277180,128.645
12,13,3,2,3,112.5,276423,124.584
12,13,3,2,4,157.5,275064,114.142
12,13,3,2,5,202.5,274208,87.3286
12,13,3,2,6,247.5,276301,112.247
12,13,3,2,7,292.5,277777,133.279
12,13,3,2,8,337.5,277852,96.53
12,13,3,3,1,22.5,199981,57.6984
12,13,3,3,2,67.5,200390,94.8348
12,13,3,3,3,112.5,198015,71.1165
12,13,3,3,4,157.5,197253,38.8087
12,13,3,3,5,202.5,197374,38.3636
12,13,3,3,6,247.5,198158,69.8378
12,13,3,3,7,292.5,200380,105.877
12,13,3,3,8,337.5,199604,51.3574
12,13,3,4,1,22.5,139601,40.9528
12,13,3,4,2,67.5,139462,84.0039
12,13,3,4,3,112.5,138073,49.2084
12,13,3,4,4,157.5,137651,16.1082
12,13,3,4,5,202.5,136365,14.2289
12,13,3,4,6,247.5,138043,50.6379
12,13,3,4,7,292.5,138971,92.1743
12,13,3,4,8,337.5,139478,42.5523
12,13,3,5,1,22.5,142900,49.2522
12,13,3,5,2,67.5,142224,94.2554
12,13,3,5,3,112.5,141168,36.3049
12,13,3,5,4,157.5,139070,24.8275
12,13,3,5,5,202.5,139150,5.1054
12,13,3,5,6,247.5,140548,41.4831
12,13,3,5,7,292.5,143234,95.9341
12,13,3,5,8,337.5,143200,51.3691
12,13,3,6,1,22.5,47215,29.2309
12,13,3,6,2,67.5,47169,52.7617
12,13,3,6,3,112.5,46388,12.3236
12,13,3,6,4,157.5,45677,7.12976
12,13,3,6,5,202.5,45964,0
12,13,3,6,6,247.5,45915,16.2528
12,13,3,6,7,292.5,47084,50.3403
12,13,3,6,8,337.5,47111,26.3241
12,13,3,7,1,22.5,11886,11.4637
12,13,3,7,2,67.5,11885,24.7016
12,13,3,7,3,112.5,11993,3.79059
12,13,3,7,4,157.5,11499,0
12,13,3,7,5,202.5,11588,0
12,13,3,7,6,247.5,11820,5.51647
12,13,3,7,7,292.5,11801,22.1125
12,13,3,7,8,337.5,12133,9.96269
12,13,3,8,1,22.5,2231,0
12,13,3,8,2,67.5,2184,8.81476
12,13,3,8,3,112.5,2195,0
12,13,3,8,4,157.5,2056,0
12,13,3,8,5,202.5,2116,0
12,13,3,8,6,247.5,2114,0
12,13,3,8,7,292.5,2229,9.74759
12,13,3,8,8,337.5,2181,4.27253
12,13,3,9,1,22.5,10,0
12,13,3,9,2,67.5,8,0
12,13,3,9,3,112.5,7,0
12,13,3,9,4,157.5,6,0
12,13,3,9,5,202.5,4,0
12,13,3,9,6,247.5,6,0
12,13,3,9,7,292.5,9,0
12,13,3,9,8,337.5,4,0
12,13,3,10,1,22.5,0,0
12,13,3,10,2,67.5,0,0
12,13,3,10,3,112.5,0,0
12,13,3,10,4,157.5,0,0
12,13,3,10,5,202.5,0,0
12,13,3,10,6,247.5,0,0
12,13,3,10,7,292.5,0,0
12,13,3,10,8,337.5,0,0
12,13,3,11,1,22.5,0,0
12,13,3,11,2,67.5,0,0
12,13,3,11,3,112.5,0,0
12,13,3,11,4,157.5,0,0
12,13,3,11,5,202.5,0,0
12,13,3,11,6,247.5,0,0
12,13,3,11,7,292.5,0,0
12,13,3,11,8,337.5,0,0
12,13,4,1,1,22.5,214923,203.306
12,13,4,1,2,67.5,214385,219.367
12,13,4,1,3,112.5,213660,239.606
12,13,4,1,4,157.5,213249,246.677
12,13,4,1,5,202.5,213786,220.347
12,13,4,1,6,247.5,214347,197.197
12,13,4,1,7,292.5,213887,166.755
12,13,4,1,8,337.5,215163,157.653
12,13,4,2,1,22.5,162562,100.829
12,13,4,2,2,67.5,162335,109.811
12,13,4,2,3,112.5,160809,129.762
12,13,4,2,4,157.5,160697,139.997
12,13,4,2,5,202.5,160656,119.707
12,13,4,2,6,247.5,161273,112.187
12,13,4,2,7,292.5,161563,101.354
12,13,4,2,8,337.5,162935,97.3396
12,13,4,3,1,22.5,116250,65.9874
12,13,4,3,2,67.5,116230,80.8399
12,13,4,3,3,112.5,114909,88.4052
12,13,4,3,4,157.5,113923,80.0115
12,13,4,3,5,202.5,114653,65.4279
12,13,4,3,6,247.5,115606,72.5011
12,13,4,3,7,292.5,116634,90.6991
12,13,4,3,8,337.5,117230,66.3455
12,13,4,4,1,22.5,77957,44.8376
12,13,4,4,2,67.5,77683,68.7062
12,13,4,4,3,112.5,76606,59.7745
12,13,4,4,4,157.5,76486,44.4592
12,13,4,4,5,202.5,75809,37.1132
12,13,4,4,6,247.5,76860,60.2951
12,13,4,4,7,292.5,77483,86.7697
12,13,4,4,8,337.5,77666,41.2928
12,13,4,5,1,22.5,78688,36.7648
12,13,4,5,2,67.5,78646,83.4142
12,13,4,5,3,112.5,77686,53.352
12,13,4,5,4,157.5,76650,28.804
12,13,4,5,5,202.5,76484,22.9755
12,13,4,5,6,247.5,77917,60.219
12,13,4,5,7,292.5,78870,101.288
12,13,4,5,8,337.5,79112,39.1903
12,13,4,6,1,22.5,26308,25.0507
12,13,4,6,2,67.5,26220,58.9207
12,13,4,6,3,112.5,25877,27.1978
12,13,4,6,4,157.5,25194,5.72969
12,13,4,6,5,202.5,25459,5.04857
12,13,4,6,6,247.5,25461,34.3848
12,13,4,6,7,292.5,26342,62.6542
12,13,4,6,8,337.5,26175,24.6192
12,13,4,7,1,22.5,6677,12.3909
12,13,4,7,2,67.5,6837,32.947
12,13,4,7,3,112.5,6604,12.7334
12,13,4,7,4,157.5,6349,0
12,13,4,7,5,202.5,6388,0
12,13,4,7,6,247.5,6683,15.4917
12,13,4,7,7,292.5,6715,31.3327
12,13,4,7,8,337.5,6725,11.5003
12,13,4,8,1,22.5,1236,3.5271
12,13,4,8,2,67.5,1258,14.9342
12,13,4,8,3,112.5,1193,0
12,13,4,8,4,157.5,1222,0
12,13,4,8,5,202.5,1188,0
12,13,4,8,6,247.5,1257,6.01876
12,13,4,8,7,292.5,1301,15.2139
12,13,4,8,8,337.5,1239,0
12,13,4,9,1,22.5,3,0
12,13,4,9,2,67.5,3,0
12,13,4,9,3,112.5,2,0
12,13,4,9,4,157.5,4,0
12,13,4,9,5,202.5,5,0
12,13,4,9,6,247.5,3,0
12,13,4,9,7,292.5,1,0
12,13,4,9,8,337.5,2,0
12,13,4,10,1,22.5,0,0
12,13,4,10,2,67.5,0,0
12,13,4,10,3,112.5,0,0
12,13,4,10,4,157.5,0,0
12,13,4,10,5,202.5,0,0
12,13,4,10,6,247.5,0,0
12,13,4,10,7,292.5,0,0
12,13,4,10,8,337.5,0,0
12,13,4,11,1,22.5,0,0
12,13,4,11,2,67.5,0,0
12,13,4,11,3,112.5,0,0
12,13,4,11,4,157.5,0,0
12,13,4,11,5,202.5,0,0
12,13,4,11,6,247.5,0,0
12,13,4,11,7,292.5,0,0
12,13,4,11,8,337.5,0,0
12,13,5,1,1,22.5,102980,153.993
12,13,5,1,2,67.5,101564,160.223
12,13,5,1,3,112.5,102335,176.376
12,13,5,1,4,157.5,102248,184.56
12,13,5,1,5,202.5,101523,173.967
12,13,5,1,6,247.5,102383,146.007
12,13,5,1,7,292.5,102823,129.296
12,13,5,1,8,337.5,103322,137.012
12,13,5,2,1,22.5,70062,80.2685
12,13,5,2,2,67.5,69986,85.0001
12,13,5,2,3,112.5,69696,111.465
12,13,5,2,4,157.5,69533,124.515
12,13,5,2,5,202.5,68819,112.27
12,13,5,2,6,247.5,69376,84.7489
12,13,5,2,7,292.5,69863,58.7655
12,13,5,2,8,337.5,70410,71.0238
12,13,5,3,1,22.5,45429,45.4463
12,13,5,3,2,67.5,45481,50.053
12,13,5,3,3,112.5,45244,75.8191
12,13,5,3,4,157.5,44810,83.373
12,13,5,3,5,202.5,44589,71.7341
12,13,5,3,6,247.5,44972,53.5046
12,13,5,3,7,292.5,45458,47.1746
12,13,5,3,8,337.5,46018,40.6029
12,13,5,4,1,22.5,28585,30.1021
12,13,5,4,2,67.5,28243,33.6759
12,13,5,4,3,112.5,27673,52.2764
12,13,5,4,4,157.5,27783,54.7426
12,13,5,4,5,202.5,27773,68.5004
12,13,5,4,6,247.5,28025,40.2002
12,13,5,4,7,292.5,28611,48.2719
12,13,5,4,8,337.5,28487,28.9681
12,13,5,5,1,22.5,25911,24.4943
12,13,5,5,2,67.5,25737,41.0402
12,13,5,5,3,112.5,25451,47.5823
12,13,5,5,4,157.5,25262,45.2483
12,13,5,5,5,202.5,24897,36.2402
12,13,5,5,6,247.5,25422,41.7968
12,13,5,5,7,292.5,25899,58.7836
12,13,5,5,8,337.5,25686,24.7565
12,13,5,6,1,22.5,7039,10.6336
12,13,5,6,2,67.5,7128,28.7978
12,13,5,6,3,112.5,6696,21.7294
12,13,5,6,4,157.5,6545,16.0746
12,13,5,6,5,202.5,6612,13.9147
12,13,5,6,6,247.5,6876,26.4932
12,13,5,6,7,292.5,6843,38.1058
12,13,5,6,8,337.5,6997,12.1966
12,13,5,7,1,22.5,1287,0
12,13,5,7,2,67.5,1217,16.3826
12,13,5,7,3,112.5,1208,7.73213
12,13,5,7,4,157.5,1226,0
12,13,5,7,5,202.5,1185,0
12,13,5,7,6,247.5,1205,13.3632
12,13,5,7,7,292.5,1216,15.9846
12,13,5,7,8,337.5,1224,0
12,13,5,8,1,22.5,108,0
12,13,5,8,2,67.5,84,6.74246
12,13,5,8,3,112.5,69,0
12,13,5,8,4,157.5,85,0
12,13,5,8,5,202.5,89,0
12,13,5,8,6,247.5,89,0
12,13,5,8,7,292.5,80,5.41041
12,13,5,8,8,337.5,88,0
12,13,5,9,1,22.5,0,0
12,13,5,9,2,67.5,0,0
12,13,5,9,3,112.5,0,0
12,13,5,9,4,157.5,0,0
12,13,5,9,5,202.5,0,0
12,13,5,9,6,247.5,0,0
12,13,5,9,7,292.5,0,0
12,13,5,9,8,337.5,0,0
12,13,5,10,1,22.5,0,0
12,13,5,10,2,67.5,0,0
12,13,5,10,3,112.5,0,0
12,13,5,10,4,157.5,0,0
12,13,5,10,5,202.5,0,0
12,13,5,10,6,247.5,0,0
12,13,5,10,7,292.5,0,0
12,13,5,10,8,337.5,0,0
12,13,5,11,1,22.5,0,0
12,13,5,11,2,67.5,0,0
12,13,5,11,3,112.5,0,0
12,13,5,11,4,157.5,0,0
12,13,5,11,5,202.5,0,0
12,13,5,11,6,247.5,0,0
12,13,5,11,7,292.5,0,0
12,13,5,11,8,337.5,0,0
12,13,6,1,1,22.5,22829,83.7712
12,13,6,1,2,67.5,22890,86.6706
12,13,6,1,3,112.5,22817,86.3741
12,13,6,1,4,157.5,22947,93.5411
12,13,6,1,5,202.5,22736,81.0386
12,13,6,1,6,247.5,23070,69.5428
12,13,6,1,7,292.5,23015,63.1553
12,13,6,1,8,337.5,23092,68.7708
12,13,6,2,1,22.5,12943,47.4415
12,13,6,2,2,67.5,12946,48.0084
12,13,6,2,3,112.5,12837,56.0556
12,13,6,2,4,157.5,12757,64.4691
12,13,6,2,5,202.5,12852,58.0422
12,13,6,2,6,247.5,12895,38.549
12,13,6,2,7,292.5,13123,27.1198
12,13,6,2,8,337.5,13152,34.227
12,13,6,3,1,22.5,6745,23.1442
12,13,6,3,2,67.5,6794,24.4552
12,13,6,3,3,112.5,6781,37.2809
12,13,6,3,4,157.5,6508,43.0321
12,13,6,3,5,202.5,6490,38.923
12,13,6,3,6,247.5,6695,22.4863
12,13,6,3,7,292.5,6841,13.4924
12,13,6,3,8,337.5,7003,16.2593
12,13,6,4,1,22.5,3310,9.31142
12,13,6,4,2,67.5,3254,9.80738
12,13,6,4,3,112.5,3199,23.5574
12,13,6,4,4,157.5,3150,28.153
12,13,6,4,5,202.5,3119,23.4136
12,13,6,4,6,247.5,3154,13.3602
12,13,6,4,7,292.5,3348,11.4154
12,13,6,4,8,337.5,3227,0
12,13,6,5,1,22.5,1912,3.74447
12,13,6,5,2,67.5,1942,7.37998
12,13,6,5,3,112.5,1900,19.209
12,13,6,5,4,157.5,1769,22.3765
12,13,6,5,5,202.5,1911,17.5828
12,13,6,5,6,247.5,1871,13.0218
12,13,6,5,7,292.5,1883,16.1609
12,13,6,5,8,337.5,1998,4.35511
12,13,6,6,1,22.5,170,0
12,13,6,6,2,67.5,181,4.49692
12,13,6,6,3,112.5,158,4.72725
12,13,6,6,4,157.5,168,0
12,13,6,6,5,202.5,173,0
12,13,6,6,6,247.5,175,3.79725
12,13,6,6,7,292.5,190,10.6396
12,13,6,6,8,337.5,188,0
12,13,6,7,1,22.5,1,0
12,13,6,7,2,67.5,0,0
12,13,6,7,3,112.5,1,0
12,13,6,7,4,157.5,1,0
12,13,6,7,5,202.5,1,0
12,13,6,7,6,247.5,2,0
12,13,6,7,7,292.5,35.0592,6.28439
12,13,6,7,8,337.5,1,0
12,13,6,8,1,22.5,0,0
12,13,6,8,2,67.5,0,0
12,13,6,8,3,112.5,0,0
12,13,6,8,4,157.5,0,0
12,13,6,8,5,202.5,0,0
12,13,6,8,6,247.5,0,0
12,13,6,8,7,292.5,0,0
12,13,6,8,8,337.5,0,0
12,13,6,9,1,22.5,0,0
12,13,6,9,2,67.5,0,0
12,13,6,9,3,112.5,0,0
12,13,6,9,4,157.5,0,0
12,13,6,9,5,202.5,0,0
12,13,6,9,6,247.5,0,0
12,13,6,9,7,292.5,0,0
12,13,6,9,8,337.5,0,0
12,13,6,10,1,22.5,0,0
12,13,6,10,2,67.5,0,0
12,13,6,10,3,112.5,0,0
12,13,6,10,4,157.5,0,0
12,13,6,10,5,202.5,0,0
12,13,6,10,6,247.5,0,0
12,13,6,10,7,292.5,0,0
12,13,6,10,8,337.5,0,0
12,13,6,11,1,22.5,0,0
12,13,6,11,2,67.5,0,0
12,13,6,11,3,112.5,0,0
12,13,6,11,4,157.5,0,0
12,13,6,11,5,202.5,0,0
12,13,6,11,6,247.5,0,0
12,13,6,11,7,292.5,0,0
12,13,6,11,8,337.5,0,0
12,13,7,1,1,22.5,541.463,24.9357
12,13,7,1,2,67.5,429.05,22.9196
12,13,7,1,3,112.5,405.791,22.1279
12,13,7,1,4,157.5,408.518,21.8447
12,13,7,1,5,202.5,319,18.7779
12,13,7,1,6,247.5,276,15.7235
12,13,7,1,7,292.5,340,16.2472
12,13,7,1,8,337.5,345,17.8069
12,13,7,2,1,22.5,218.768,15.6152
12,13,7,2,2,67.5,123.837,12.2754
12,13,7,2,3,112.5,87.1308,10.6873
12,13,7,2,4,157.5,184.481,15.049
12,13,7,2,5,202.5,99.7245,10.7626
12,13,7,2,6,247.5,79.0389,9.92436
12,13,7,2,7,292.5,49,3.22134
12,13,7,2,8,337.5,74.5586,9.13176
12,13,7,3,1,22.5,46.1328,7.7563
12,13,7,3,2,67.5,31.733,6.08415
12,13,7,3,3,112.5,85.2085,10.0776
12,13,7,3,4,157.5,84.1424,10.0006
12,13,7,3,5,202.5,16.6969,4.57025
12,13,7,3,6,247.5,2,0
12,13,7,3,7,292.5,1,0
12,13,7,3,8,337.5,16.0932,4.34156
12,13,7,4,1,22.5,16.8759,4.32192
12,13,7,4,2,67.5,0,0
12,13,7,4,3,112.5,0,0
12,13,7,4,4,157.5,0,0
12,13,7,4,5,202.5,0,0
12,13,7,4,6,247.5,0,0
12,13,7,4,7,292.5,0,0
12,13,7,4,8,337.5,0,0
12,13,7,5,1,22.5,0,0
12,13,7,5,2,67.5,0,0
12,13,7,5,3,112.5,0,0
12,13,7,5,4,157.5,21.3822,5.43456
12,13,7,5,5,202.5,0,0
12,13,7,5,6,247.5,0,0
12,13,7,5,7,292.5,0,0
12,13,7,5,8,337.5,0,0
12,13,7,6,1,22.5,0,0
12,13,7,6,2,67.5,0,0
12,13,7,6,3,112.5,0,0
12,13,7,6,4,157.5,0,0
12,13,7,6,5,202.5,0,0
12,13,7,6,6,247.5,0,0
12,13,7,6,7,292.5,0,0
12,13,7,6,8,337.5,0,0
12,13,7,7,1,22.5,0,0
12,13,7,7,2,67.5,0,0
12,13,7,7,3,112.5,0,0
12,13,7,7,4,157.5,0,0
12,13,7,7,5,202.5,0,0
12,13,7,7,6,247.5,0,0
12,13,7,7,7,292.5,0,0
12,13,7,7,8,337.5,0,0
12,13,7,8,1,22.5,0,0
12,13,7,8,2,67.5,0,0
12,13,7,8,3,112.5,0,0
12,13,7,8,4,157.5,0,0
12,13,7,8,5,202.5,0,0
12,13,7,8,6,247.5,0,0
12,13,7,8,7,292.5,0,0
12,13,7,8,8,337.5,0,0
12,13,7,9,1,22.5,0,0
12,13,7,9,2,67.5,0,0
12,13,7,9,3,112.5,0,0
12,13,7,9,4,157.5,0,0
12,13,7,9,5,202.5,0,0
12,13,7,9,6,247.5,0,0
12,13,7,9,7,292.5,0,0
12,13,7,9,8,337.5,0,0
12,13,7,10,1,22.5,0,0
12,13,7,10,2,67.5,0,0
12,13,7,10,3,112.5,0,0
12,13,7,10,4,157.5,0,0
12,13,7,10,5,202.5,0,0
12,13,7,10,6,247.5,0,0
12,13,7,10,7,292.5,0,0
12,13,7,10,8,337.5,0,0
12,13,7,11,1,22.5,0,0
12,13,7,11,2,67.5,0,0
12,13,7,11,3,112.5,0,0
12,13,7,11,4,157.5,0,0
12,13,7,11,5,202.5,0,0
12,13,7,11,6,247.5,0,0
12,13,7,11,7,292.5,0,0
12,13,7,11,8,337.5,0,0
12,13,8,1,1,22.5,96.1954,10.6454
12,13,8,1,2,67.5,131.728,12.4811
12,13,8,1,3,112.5,114.625,11.6461
12,13,8,1,4,157.5,80.8292,9.8639
12,13,8,1,5,202.5,8.79696,3.23502
12,13,8,1,6,247.5,83.2645,9.84334
12,13,8,1,7,292.5,9.69661,3.26991
12,13,8,1,8,337.5,73.2462,9.33497
12,13,8,2,1,22.5,28.6771,5.72907
12,13,8,2,2,67.5,81.4792,9.91337
12,13,8,2,3,112.5,87.0006,10.0262
12,13,8,2,4,157.5,55.2243,8.33595
12,13,8,2,5,202.5,10.1393,3.49655
12,13,8,2,6,247.5,15.2812,4.67825
12,13,8,2,7,292.5,0,0
12,13,8,2,8,337.5,16.999,4.77542
12,13,8,3,1,22.5,10.349,3.39721
12,13,8,3,2,67.5,13.2785,4.00103
12,13,8,3,3,112.5,0,0
12,13,8,3,4,157.5,0,0
12,13,8,3,5,202.5,0,0
12,13,8,3,6,247.5,0,0
12,13,8,3,7,292.5,0,0
12,13,8,3,8,337.5,0,0
12,13,8,4,1,22.5,9.94771,3.39757
12,13,8,4,2,67.5,0,0
12,13,8,4,3,112.5,0,0
12,13,8,4,4,157.5,0,0
12,13,8,4,5,202.5,0,0
12,13,8,4,6,247.5,0,0
12,13,8,4,7,292.5,0,0
12,13,8,4,8,337.5,0,0
12,13,8,5,1,22.5,0,0
12,13,8,5,2,67.5,0,0
12,13,8,5,3,112.5,18.6329,4.97823
12,13,8,5,4,157.5,13.8931,4.06245
12,13,8,5,5,202.5,0,0
12,13,8,5,6,247.5,0,0
12,13,8,5,7,292.5,0,0
12,13,8,5,8,337.5,0,0
12,13,8,6,1,22.5,0,0
12,13,8,6,2,67.5,0,0
12,13,8,6,3,112.5,0,0
12,13,8,6,4,157.5,0,0
12,13,8,6,5,202.5,0,0
12,13,8,6,6,247.5,0,0
12,13,8,6,7,292.5,0,0
12,13,8,6,8,337.5,0,0
12,13,8,7,1,22.5,0,0
12,13,8,7,2,67.5,0,0
12,13,8,7,3,112.5,0,0
12,13,8,7,4,157.5,0,0
12,13,8,7,5,202.5,0,0
12,13,8,7,6,247.5,0,0
12,13,8,7,7,292.5,0,0
12,13,8,7,8,337.5,0,0
12,13,8,8,1,22.5,0,0
12,13,8,8,2,67.5,0,0
12,13,8,8,3,112.5,0,0
12,13,8,8,4,157.5,0,0
12,13,8,8,5,202.5,0,0
12,13,8,8,6,247.5,0,0
12,13,8,8,7,292.5,0,0
12,13,8,8,8,337.5,0,0
12,13,8,9,1,22.5,0,0
12,13,8,9,2,67.5,0,0
12,13,8,9,3,112.5,0,0
12,13,8,9,4,157.5,0,0
12,13,8,9,5,202.5,0,0
12,13,8,9,6,247.5,0,0
12,13,8,9,7,292.5,0,0
12,13,8,9,8,337.5,0,0
12,13,8,10,1,22.5,0,0
12,13,8,10,2,67.5,0,0
12,13,8,10,3,112.5,0,0
12,13,8,10,4,157.5,0,0
12,13,8,10,5,202.5,0,0
12,13,8,10,6,247.5,0,0
12,13,8,10,7,292.5,0,0
12,13,8,10,8,337.5,0,0
12,13,8,11,1,22.5,0,0
12,13,8,11,2,67.5,0,0
12,13,8,11,3,112.5,0,0
12,13,8,11,4,157.5,0,0
12,13,8,11,5,202.5,0,0
12,13,8,11,6,247.5,0,0
12,13,8,11,7,292.5,0,0
12,13,8,11,8,337.5,0,0
13,14,1,1,1,22.5,6.41271e+06,66.3636
13,14,1,1,2,67.5,6.41459e+06,276.67
13,14,1,1,3,112.5,6.40085e+06,376.812
13,14,1,1,4,157.5,6.38888e+06,475.945
13,14,1,1,5,202.5,6.39209e+06,408.917
13,14,1,1,6,247.5,6.40946e+06,736.387
13,14,1,1,7,292.5,6.41769e+06,250.713
13,14,1,1,8,337.5,6.42088e+06,100.466
13,14,1,2,1,22.5,2.6836e+06,78.668
13,14,1,2,2,67.5,2.67927e+06,161.795
13,14,1,2,3,112.5,2.66012e+06,209.261
13,14,1,2,4,157.5,2.64781e+06,268.707
13,14,1,2,5,202.5,2.64681e+06,229.946
13,14,1,2,6,247.5,2.66722e+06,193.746
13,14,1,2,7,292.5,2.67882e+06,194.296
13,14,1,2,8,337.5,2.68654e+06,81.7683
13,14,1,3,1,22.5,1.37246e+06,85.5882
13,14,1,3,2,67.5,1.36908e+06,135.547
13,14,1,3,3,112.5,1.35558e+06,133.806
13,14,1,3,4,157.5,1.34194e+06,165.207
13,14,1,3,5,202.5,1.34555e+06,133.743
13,14,1,3,6,247.5,1.36133e+06,148.876
13,14,1,3,7,292.5,1.36955e+06,134.18
13,14,1,3,8,337.5,1.36831e+06,82.1364
13,14,1,4,1,22.5,767976,65.6251
13,14,1,4,2,67.5,764992,102.843
13,14,1,4,3,112.5,756727,100.199
13,14,1,4,4,157.5,750053,111.292
13,14,1,4,5,202.5,753166,77.2148
13,14,1,4,6,247.5,761764,109.451
13,14,1,4,7,292.5,767280,97.794
13,14,1,4,8,337.5,768158,62.6328
13,14,1,5,1,22.5,735486,53.9046
13,14,1,5,2,67.5,733266,82.3255
13,14,1,5,3,112.5,724648,80.1067
13,14,1,5,4,157.5,715096,62.4169
13,14,1,5,5,202.5,716686,56.8165
13,14,1,5,6,247.5,728067,88.7708
13,14,1,5,7,292.5,734173,80.8757
13,14,1,5,8,337.5,734977,52.6877
13,14,1,6,1,22.5,290566,18.1463
13,14,1,6,2,67.5,290008,27.3031
13,14,1,6,3,112.5,284839,29.0523
13,14,1,6,4,157.5,279793,19.2413
13,14,1,6,5,202.5,283116,18.3641
13,14,1,6,6,247.5,285524,31.0063
13,14,1,6,7,292.5,289620,25.4877
13,14,1,6,8,337.5,289469,18.2818
13,14,1,7,1,22.5,120908,5.39566
13,14,1,7,2,67.5,120746,7.93031
13,14,1,7,3,112.5,118952,9.46173
13,14,1,7,4,157.5,116089,5.44331
13,14,1,7,5,202.5,116902,5.09672
13,14,1,7,6,247.5,119106,8.1863
13,14,1,7,7,292.5,121370,10.0244
13,14,1,7,8,337.5,120842,5.81685
13,14,1,8,1,22.5,64668,0
13,14,1,8,2,67.5,64885,0
13,14,1,8,3,112.5,63560,8.38136
13,14,1,8,4,157.5,61951,0
13,14,1,8,5,202.5,62745,8.40025
13,14,1,8,6,247.5,63875,19.2232
13,14,1,8,7,292.5,65226,7.95299
13,14,1,8,8,337.5,64592,0
13,14,1,9,1,22.5,17230,0
13,14,1,9,2,67.5,17106,6.60177
13,14,1,9,3,112.5,17001,6.99211
13,14,1,9,4,157.5,16378,4.87664
13,14,1,9,5,202.5,16577,0
13,14,1,9,6,247.5,16946,0
13,14,1,9,7,292.5,17262,0
13,14,1,9,8,337.5,17283,0
13,14,1,10,1,22.5,3987,0
13,14,1,10,2,67.5,3927,0
13,14,1,10,3,112.5,3897,4.19179
13,14,1,10,4,157.5,3838,0
13,14,1,10,5,202.5,3778,0
13,14,1,10,6,247.5,3871,4.03482
13,14,1,10,7,292.5,3859,0
13,14,1,10,8,337.5,3987,0
13,14,1,11,1,22.5,175,0
13,14,1,11,2,67.5,184,0
13,14,1,11,3,112.5,196,0
13,14,1,11,4,157.5,175,0
13,14,1,11,5,202.5,180,0
13,14,1,11,6,247.5,180,0
13,14,1,11,7,292.5,208,0
13,14,1,11,8,337.5,193,0
13,14,2,1,1,22.5,581568,157.156
13,14,2,1,2,67.5,579932,307.042
13,14,2,1,3,112.5,577279,302.534
13,14,2,1,4,157.5,575437,378.939
13,14,2,1,5,202.5,573758,368.392
13,14,2,1,6,247.5,578990,278.101
13,14,2,1,7,292.5,581722,230.731
13,14,2,1,8,337.5,581275,158.159
13,14,2,2,1,22.5,447685,66.9837
13,14,2,2,2,67.5,444744,190.373
13,14,2,2,3,112.5,440773,260.352
13,14,2,2,4,157.5,436466,352.231
13,14,2,2,5,202.5,437682,275.791
13,14,2,2,6,247.5,441628,263.618
13,14,2,2,7,292.5,445326,184.091
13,14,2,2,8,337.5,448273,62.7986
13,14,2,3,1,22.5,336407,76.3359
13,14,2,3,2,67.5,333923,168.857
13,14,2,3,3,112.5,329096,187.449
13,14,2,3,4,157.5,325338,251.766
13,14,2,3,5,202.5,326326,224.416
13,14,2,3,6,247.5,330750,223.987
13,14,2,3,7,292.5,335450,177.205
13,14,2,3,8,337.5,336838,73.1708
13,14,2,4,1,22.5,249924,84.9599
13,14,2,4,2,67.5,247484,146.486
13,14,2,4,3,112.5,243736,159.931
13,14,2,4,4,157.5,239537,199.314
13,14,2,4,5,202.5,240694,173.822
13,14,2,4,6,247.5,244233,194.124
13,14,2,4,7,292.5,248716,151.669
13,14,2,4,8,337.5,248892,79.3817
13,14,2,5,1,22.5,322913,113.551
13,14,2,5,2,67.5,320136,188.275
13,14,2,5,3,112.5,312411,191.657
13,14,2,5,4,157.5,307451,210.826
13,14,2,5,5,202.5,307626,207.038
13,14,2,5,6,247.5,315076,223.88
13,14,2,5,7,292.5,321065,172.95
13,14,2,5,8,337.5,322442,109.637
13,14,2,6,1,22.5,182567,82.1029
13,14,2,6,2,67.5,179586,130.782
13,14,2,6,3,112.5,175977,130.048
13,14,2,6,4,157.5,173642,125.293
13,14,2,6,5,202.5,174206,116.96
13,14,2,6,6,247.5,176975,148.483
13,14,2,6,7,292.5,180548,120.611
13,14,2,6,8,337.5,180952,80.1936
13,14,2,7,1,22.5,106893,57.8336
13,14,2,7,2,67.5,106396,85.5818
13,14,2,7,3,112.5,103332,83.1226
13,14,2,7,4,157.5,101025,71.4964
13,14,2,7,5,202.5,101775,61.8264
13,14,2,7,6,247.5,104001,94.1276
13,14,2,7,7,292.5,106475,80.1894
13,14,2,7,8,337.5,105626,51.828
13,14,2,8,1,22.5,85283,41.2225
13,14,2,8,2,67.5,85337,55.6757
13,14,2,8,3,112.5,82613,54.0468
13,14,2,8,4,157.5,80710,41.1436
13,14,2,8,5,202.5,81317,37.1508
13,14,2,8,6,247.5,83800,60.6162
13,14,2,8,7,292.5,84723,53.4328
13,14,2,8,8,337.5,85148,36.1297
13,14,2,9,1,22.5,40489,16.7858
13,14,2,9,2,67.5,40363,23.3211
13,14,2,9,3,112.5,38706,22.1852
13,14,2,9,4,157.5,37674,15.5053
13,14,2,9,5,202.5,38188,13.7061
13,14,2,9,6,247.5,39370,25.0975
13,14,2,9,7,292.5,39756,20.8141
13,14,2,9,8,337.5,39739,13.9101
13,14,2,10,1,22.5,21787,5.15107
13,14,2,10,2,67.5,21267,6.83788
13,14,2,10,3,112.5,20935,5.36257
13,14,2,10,4,157.5,19925,0
13,14,2,10,5,202.5,20373,3.88982
13,14,2,10,6,247.5,21075,5.67815
13,14,2,10,7,292.5,21496,8.51138
13,14,2,10,8,337.5,21334,4.85247
13,14,2,11,1,22.5,7216,0
13,14,2,11,2,67.5,7217,0
13,14,2,11,3,112.5,6852,0
13,14,2,11,4,157.5,6530,0
13,14,2,11,5,202.5,6627,0
13,14,2,11,6,247.5,6793,4.87543
13,14,2,11,7,292.5,6995,0
13,14,2,11,8,337.5,7041,0
13,14,3,1,1,22.5,280953,75.6977
13,14,3,1,2,67.5,280218,134.491
13,14,3,1,3,112.5,279176,198.843
13,14,3,1,4,157.5,276725,281.674
13,14,3,1,5,202.5,277495,265.342
13,14,3,1,6,247.5,279257,178.52
13,14,3,1,7,292.5,280653,150.605
13,14,3,1,8,337.5,280631,93.7744
13,14,3,2,1,22.5,224772,33.7065
13,14,3,2,2,67.5,223924,106.937
13,14,3,2,3,112.5,220962,165.304
13,14,3,2,4,157.5,217811,263.913
13,14,3,2,5,202.5,218890,198.359
13,14,3,2,6,247.5,221598,152.452
13,14,3,2,7,292.5,223904,116.306
13,14,3,2,8,337.5,225841,30.0212
13,14,3,3,1,22.5,178740,23.6295
13,14,3,3,2,67.5,176378,97.813
13,14,3,3,3,112.5,173005,138.18
13,14,3,3,4,157.5,170684,215.525
13,14,3,3,5,202.5,171324,172.222
13,14,3,3,6,247.5,173872,146.172
13,14,3,3,7,292.5,176621,105.958
13,14,3,3,8,337.5,177758,25.7063
13,14,3,4,1,22.5,139620,28.6268
13,14,3,4,2,67.5,138097,94.4672
13,14,3,4,3,112.5,134813,116.345
13,14,3,4,4,157.5,132677,181.688
13,14,3,4,5,202.5,132812,143.634
13,14,3,4,6,247.5,135130,143.41
13,14,3,4,7,292.5,138108,104.323
13,14,3,4,8,337.5,138373,31.8259
13,14,3,5,1,22.5,191291,51.2429
13,14,3,5,2,67.5,188499,138.517
13,14,3,5,3,112.5,184166,153.159
13,14,3,5,4,157.5,180798,219.814
13,14,3,5,5,202.5,181588,174.611
13,14,3,5,6,247.5,185103,192.014
13,14,3,5,7,292.5,188456,137.885
13,14,3,5,8,337.5,191258,50.388
13,14,3,6,1,22.5,113592,52.2471
13,14,3,6,2,67.5,112663,121.976
13,14,3,6,3,112.5,109456,121.028
13,14,3,6,4,157.5,106772,163.019
13,14,3,6,5,202.5,107037,127.159
13,14,3,6,6,247.5,109900,153.395
13,14,3,6,7,292.5,112458,106.618
13,14,3,6,8,337.5,113660,50.6231
13,14,3,7,1,22.5,69224,46.2314
13,14,3,7,2,67.5,67439,101.015
13,14,3,7,3,112.5,65397,99.5315
13,14,3,7,4,157.5,63505,115.496
13,14,3,7,5,202.5,63977,96.4892
13,14,3,7,6,247.5,66195,119.914
13,14,3,7,7,292.5,67526,87.5587
13,14,3,7,8,337.5,68812,49.2026
13,14,3,8,1,22.5,56918,53.5876
13,14,3,8,2,67.5,55912,91.7672
13,14,3,8,3,112.5,54519,93.3893
13,14,3,8,4,157.5,52307,94.4139
13,14,3,8,5,202.5,52455,80.5561
13,14,3,8,6,247.5,54544,106.507
13,14,3,8,7,292.5,56494,82.1705
13,14,3,8,8,337.5,57075,51.5766
13,14,3,9,1,22.5,29027,42.1176
13,14,3,9,2,67.5,28866,61.1158
13,14,3,9,3,112.5,27735,60.4548
13,14,3,9,4,157.5,26900,54.3923
13,14,3,9,5,202.5,26908,47.4685
13,14,3,9,6,247.5,28009,71.0218
13,14,3,9,7,292.5,28439,58.8557
13,14,3,9,8,337.5,28769,37.8643
13,14,3,10,1,22.5,18749,31.1659
13,14,3,10,2,67.5,18466,41.4781
13,14,3,10,3,112.5,17983,41.8223
13,14,3,10,4,157.5,17000,34.8961
13,14,3,10,5,202.5,17060,29.9662
13,14,3,10,6,247.5,17994,46.0141
13,14,3,10,7,292.5,18506,41.0218
13,14,3,10,8,337.5,18437,27.2402
13,14,3,11,1,22.5,10838,16.706
13,14,3,11,2,67.5,10820,20.7607
13,14,3,11,3,112.5,10399,21.9388
13,14,3,11,4,157.5,9459,15.8402
13,14,3,11,5,202.5,9847,14.5704
13,14,3,11,6,247.5,10289,23.0605
13,14,3,11,7,292.5,10678,21.7176
13,14,3,11,8,337.5,10525,12.9823
13,14,4,1,1,22.5,156954,60.244
13,14,4,1,2,67.5,156540,108.741
13,14,4,1,3,112.5,154639,160.129
13,14,4,1,4,157.5,154691,193.721
13,14,4,1,5,202.5,154555,169.727
13,14,4,1,6,247.5,155618,109.384
13,14,4,1,7,292.5,156405,80.5725
13,14,4,1,8,337.5,156089,56.5913
13,14,4,2,1,22.5,128275,19.1718
13,14,4,2,2,67.5,127622,63.3352
13,14,4,2,3,112.5,126072,143.314
13,14,4,2,4,157.5,124857,184.936
13,14,4,2,5,202.5,125638,149.523
13,14,4,2,6,247.5,126038,97.785
13,14,4,2,7,292.5,127842,61.6092
13,14,4,2,8,337.5,129287,20.4435
13,14,4,3,1,22.5,104287,12.3496
13,14,4,3,2,67.5,103271,46.3314
13,14,4,3,3,112.5,102098,115.342
13,14,4,3,4,157.5,100239,170.802
13,14,4,3,5,202.5,100881,133.068
13,14,4,3,6,247.5,102160,123.651
13,14,4,3,7,292.5,104137,74.7598
13,14,4,3,8,337.5,105671,10.9636
13,14,4,4,1,22.5,84761,10.3914
13,14,4,4,2,67.5,83264,52.7646
13,14,4,4,3,112.5,81892,93.2024
13,14,4,4,4,157.5,80072,145.359
13,14,4,4,5,202.5,81053,110.756
13,14,4,4,6,247.5,81500,96.9245
13,14,4,4,7,292.5,83393,72.8333
13,14,4,4,8,337.5,85329,9.24173
13,14,4,5,1,22.5,122054,14.0413
13,14,4,5,2,67.5,119342,89.4014
13,14,4,5,3,112.5,117525,115.83
13,14,4,5,4,157.5,113893,184.18
13,14,4,5,5,202.5,114985,139.322
13,14,4,5,6,247.5,117982,141.701
13,14,4,5,7,292.5,120766,108.638
13,14,4,5,8,337.5,122743,14.6229
13,14,4,6,1,22.5,77659,17.3904
13,14,4,6,2,67.5,76055,92.1901
13,14,4,6,3,112.5,73881,95.835
13,14,4,6,4,157.5,72137,144.706
13,14,4,6,5,202.5,72268,113.784
13,14,4,6,6,247.5,73691,120.351
13,14,4,6,7,292.5,76418,89.9618
13,14,4,6,8,337.5,77343,15.0391
13,14,4,7,1,22.5,48200,15.7855
13,14,4,7,2,67.5,47787,82.3449
13,14,4,7,3,112.5,46149,79.7549
13,14,4,7,4,157.5,43954,109.798
13,14,4,7,5,202.5,44862,89.0899
13,14,4,7,6,247.5,45729,101.922
13,14,4,7,7,292.5,47329,71.6171
13,14,4,7,8,337.5,48438,17.3117
13,14,4,8,1,22.5,41084,22.8788
13,14,4,8,2,67.5,40427,83.4637
13,14,4,8,3,112.5,39145,79.7171
13,14,4,8,4,157.5,37206,100.048
13,14,4,8,5,202.5,37950,81.063
13,14,4,8,6,247.5,38838,96.5679
13,14,4,8,7,292.5,40655,67.4038
13,14,4,8,8,337.5,41239,27.9543
13,14,4,9,1,22.5,20614,24.6792
13,14,4,9,2,67.5,20771,59.7168
13,14,4,9,3,112.5,19774,57.1787
13,14,4,9,4,157.5,18908,69.1434
13,14,4,9,5,202.5,19116,54.8373
13,14,4,9,6,247.5,20146,70.4559
13,14,4,9,7,292.5,20861,49.8947
13,14,4,9,8,337.5,20933,27.1066
13,14,4,10,1,22.5,13059,27.7672
13,14,4,10,2,67.5,13235,47.4448
13,14,4,10,3,112.5,12438,45.9655
13,14,4,10,4,157.5,11712,49.5541
13,14,4,10,5,202.5,11818,41.9204
13,14,4,10,6,247.5,12405,55.2482
13,14,4,10,7,292.5,12939,41.2701
13,14,4,10,8,337.5,13366,27.0005
13,14,4,11,1,22.5,8234,24.9609
13,14,4,11,2,67.5,7920,33.8746
13,14,4,11,3,112.5,7449,35.1096
13,14,4,11,4,157.5,7045,32.1409
13,14,4,11,5,202.5,7221,29.0886
13,14,4,11,6,247.5,7563,41.073
13,14,4,11,7,292.5,7916,32.7001
13,14,4,11,8,337.5,7787,22.5167
13,14,5,1,1,22.5,91340,48.984
13,14,5,1,2,67.5,90728,76.9388
13,14,5,1,3,112.5,91202,119.361
13,14,5,1,4,157.5,90359,139.875
13,14,5,1,5,202.5,90321,132.536
13,14,5,1,6,247.5,90655,87.3673
13,14,5,1,7,292.5,91266,50.6124
13,14,5,1,8,337.5,91531,44.5044
13,14,5,2,1,22.5,75574,16.8435
13,14,5,2,2,67.5,75022,53.9662
13,14,5,2,3,112.5,74616,109.129
13,14,5,2,4,157.5,73068,138.458
13,14,5,2,5,202.5,74241,110.882
13,14,5,2,6,247.5,74355,61.6573
13,14,5,2,7,292.5,75048,34.789
13,14,5,2,8,337.5,75485,8.82635
13,14,5,3,1,22.5,63219,5.70059
13,14,5,3,2,67.5,62140,35.4726
13,14,5,3,3,112.5,61465,94.9247
13,14,5,3,4,157.5,60093,129.578
13,14,5,3,5,202.5,60273,97.5558
13,14,5,3,6,247.5,60937,61.4351
13,14,5,3,7,292.5,63106,47.6881
13,14,5,3,8,337.5,63038,0
13,14,5,4,1,22.5,51893,0
13,14,5,4,2,67.5,51105,25.6659
13,14,5,4,3,112.5,50148,80.9458
13,14,5,4,4,157.5,49011,114.127
13,14,5,4,5,202.5,48772,92.9559
13,14,5,4,6,247.5,49792,65.0922
13,14,5,4,7,292.5,51211,52.8654
13,14,5,4,8,337.5,51701,6.93671
13,14,5,5,1,22.5,77108,5.1436
13,14,5,5,2,67.5,76099,52.1995
13,14,5,5,3,112.5,73556,94.7567
13,14,5,5,4,157.5,71976,147.488
13,14,5,5,5,202.5,72553,111.908
13,14,5,5,6,247.5,74394,97.076
13,14,5,5,7,292.5,76539,79.1595
13,14,5,5,8,337.5,77747,0
13,14,5,6,1,22.5,51418,5.62573
13,14,5,6,2,67.5,50299,62.6683
13,14,5,6,3,112.5,48560,76.3862
13,14,5,6,4,157.5,46486,119.577
13,14,5,6,5,202.5,47194,92.6209
13,14,5,6,6,247.5,49224,92.5209
13,14,5,6,7,292.5,50646,73.1393
13,14,5,6,8,337.5,51275,0
13,14,5,7,1,22.5,33874,6.63495
13,14,5,7,2,67.5,33036,60.1036
13,14,5,7,3,112.5,31591,63.5748
13,14,5,7,4,157.5,30178,94.5059
13,14,5,7,5,202.5,30789,75.4342
13,14,5,7,6,247.5,32127,80.1351
13,14,5,7,7,292.5,32966,63.1304
13,14,5,7,8,337.5,33670,0
13,14,5,8,1,22.5,29825,8.99087
13,14,5,8,2,67.5,29473,64.4509
13,14,5,8,3,112.5,27870,63.198
13,14,5,8,4,157.5,26352,88.1469
13,14,5,8,5,202.5,26602,70.7097
13,14,5,8,6,247.5,28420,80.6055
13,14,5,8,7,292.5,29077,59.0564
13,14,5,8,8,337.5,30090,8.49605
13,14,5,9,1,22.5,15645,7.48445
13,14,5,9,2,67.5,15282,50.0338
13,14,5,9,3,112.5,14105,46.9621
13,14,5,9,4,157.5,13414,62.04
13,14,5,9,5,202.5,13746,49.887
13,14,5,9,6,247.5,14643,58.3102
13,14,5,9,7,292.5,15122,41.8517
13,14,5,9,8,337.5,15525,11.2493
13,14,5,10,1,22.5,9480,11.4531
13,14,5,10,2,67.5,9366,39.3805
13,14,5,10,3,112.5,8554,37.1952
13,14,5,10,4,157.5,8089,46.2042
13,14,5,10,5,202.5,8418,39.4241
13,14,5,10,6,247.5,8931,47.6471
13,14,5,10,7,292.5,9233,32.4019
13,14,5,10,8,337.5,9472,14.647
13,14,5,11,1,22.5,5062,14.2871
13,14,5,11,2,67.5,4955,27.9421
13,14,5,11,3,112.5,4653,28.4995
13,14,5,11,4,157.5,4310,33.7808
13,14,5,11,5,202.5,4418,28.8912
13,14,5,11,6,247.5,4848,35.0431
13,14,5,11,7,292.5,4964,24.5431
13,14,5,11,8,337.5,5031,15.9389
13,14,6,1,1,22.5,49074,44.9747
13,14,6,1,2,67.5,48690,63.821
13,14,6,1,3,112.5,48531,89.2254
13,14,6,1,4,157.5,48293,101.207
13,14,6,1,5,202.5,48706,92.9416
13,14,6,1,6,247.5,48689,62.659
13,14,6,1,7,292.5,49437,43.3338
13,14,6,1,8,337.5,48675,39.0826
13,14,6,2,1,22.5,41275,17.7728
13,14,6,2,2,67.5,41033,47.1543
13,14,6,2,3,112.5,40241,82.7697
13,14,6,2,4,157.5,39910,96.6808
13,14,6,2,5,202.5,39759,84.9052
13,14,6,2,6,247.5,40208,44.7214
13,14,6,2,7,292.5,41470,21.6195
13,14,6,2,8,337.5,41106,9.49135
13,14,6,3,1,22.5,34768,6.83524
13,14,6,3,2,67.5,34468,34.9235
13,14,6,3,3,112.5,33441,78.6566
13,14,6,3,4,157.5,32771,92.7945
13,14,6,3,5,202.5,32915,75.1696
13,14,6,3,6,247.5,33579,42.0417
13,14,6,3,7,292.5,34472,28.1835
13,14,6,3,8,337.5,34411,0
13,14,6,4,1,22.5,28869,0
13,14,6,4,2,67.5,28317,23.0235
13,14,6,4,3,112.5,27622,64.197
13,14,6,4,4,157.5,27000,85.0222
13,14,6,4,5,202.5,26976,68.7019
13,14,6,4,6,247.5,27831,44.0305
13,14,6,4,7,292.5,28602,36.3211
13,14,6,4,8,337.5,28730,0
13,14,6,5,1,22.5,43390,0
13,14,6,5,2,67.5,42669,26.9486
13,14,6,5,3,112.5,41583,76.0218
13,14,6,5,4,157.5,40117,112.588
13,14,6,5,5,202.5,40636,84.7178
13,14,6,5,6,247.5,42186,66.7608
13,14,6,5,7,292.5,43133,55.5377
13,14,6,5,8,337.5,43643,5.6456
13,14,6,6,1,22.5,29901,0
13,14,6,6,2,67.5,28888,34.9738
13,14,6,6,3,112.5,27904,58.187
13,14,6,6,4,157.5,26745,89.9028
13,14,6,6,5,202.5,27038,69.5713
13,14,6,6,6,247.5,27974,62.4225
13,14,6,6,7,292.5,29257,52.6596
13,14,6,6,8,337.5,29472,0
13,14,6,7,1,22.5,20131,4.59678
13,14,6,7,2,67.5,19289,37.7636
13,14,6,7,3,112.5,18157,71.4385
13,14,6,7,4,157.5,17342,72.2266
13,14,6,7,5,202.5,17689,57.4725
13,14,6,7,6,247.5,18492,56.4559
13,14,6,7,7,292.5,19065,46.1744
13,14,6,7,8,337.5,19776,0
13,14,6,8,1,22.5,17502,4.30024
13,14,6,8,2,67.5,17211,42.5327
13,14,6,8,3,112.5,16010,44.5004
13,14,6,8,4,157.5,15258,68.7976
13,14,6,8,5,202.5,15403,53.3377
13,14,6,8,6,247.5,16228,55.5315
13,14,6,8,7,292.5,16942,46.3258
13,14,6,8,8,337.5,17434,0
13,14,6,9,1,22.5,8882,0
13,14,6,9,2,67.5,8639,34.3156
13,14,6,9,3,112.5,8061,32.4807
13,14,6,9,4,157.5,7573,46.875
13,14,6,9,5,202.5,7642,37.7002
13,14,6,9,6,247.5,8031,41.146
13,14,6,9,7,292.5,8525,31.7082
13,14,6,9,8,337.5,8979,0
13,14,6,10,1,22.5,5061,0
13,14,6,10,2,67.5,4916,27.6825
13,14,6,10,3,112.5,4521,24.7302
13,14,6,10,4,157.5,4140,35.4187
13,14,6,10,5,202.5,4346,27.127
13,14,6,10,6,247.5,4666,32.1737
13,14,6,10,7,292.5,4999,22.3883
13,14,6,10,8,337.5,4932,4.48209
13,14,6,11,1,22.5,1992,5.96441
13,14,6,11,2,67.5,2029,17.609
13,14,6,11,3,112.5,1888,17.0424
13,14,6,11,4,157.5,1654,21.228
13,14,6,11,5,202.5,1700,19.1889
13,14,6,11,6,247.5,1935,21.3362
13,14,6,11,7,292.5,1955,14.5628
13,14,6,11,8,337.5,1966,6.21615
13,14,7,1,1,22.5,20754,35.0136
13,14,7,1,2,67.5,20451,43.3201
13,14,7,1,3,112.5,20166,66.0755
13,14,7,1,4,157.5,19684,67.4941
13,14,7,1,5,202.5,19900,62.1498
13,14,7,1,6,247.5,19963,45.0678
13,14,7,1,7,292.5,20054,33.3247
13,14,7,1,8,337.5,20338,28.3854
13,14,7,2,1,22.5,16637,16.8815
13,14,7,2,2,67.5,16977,35.6876
13,14,7,2,3,112.5,16517,53.9543
13,14,7,2,4,157.5,16223,63.4231
13,14,7,2,5,202.5,16163,54.328
13,14,7,2,6,247.5,16600,31.8572
13,14,7,2,7,292.5,16838,12.9246
13,14,7,2,8,337.5,16803,9.34266
13,14,7,3,1,22.5,14117,7.24192
13,14,7,3,2,67.5,13778,27.6203
13,14,7,3,3,112.5,13446,49.1
13,14,7,3,4,157.5,13117,59.9055
13,14,7,3,5,202.5,13453,51.6794
13,14,7,3,6,247.5,13662,26.6314
13,14,7,3,7,292.5,13889,14.3067
13,14,7,3,8,337.5,14015,0
13,14,7,4,1,22.5,11565,0
13,14,7,4,2,67.5,11478,19.6108
13,14,7,4,3,112.5,10989,43.2721
13,14,7,4,4,157.5,10596,54.0474
13,14,7,4,5,202.5,10860,43.6735
13,14,7,4,6,247.5,11005,25.6222
13,14,7,4,7,292.5,11315,19.4839
13,14,7,4,8,337.5,11419,0
13,14,7,5,1,22.5,17022,0
13,14,7,5,2,67.5,16609,18.1656
13,14,7,5,3,112.5,16266,50.8453
13,14,7,5,4,157.5,15713,69.1892
13,14,7,5,5,202.5,15882,54.9724
13,14,7,5,6,247.5,16353,38.8819
13,14,7,5,7,292.5,17085,32.3948
13,14,7,5,8,337.5,17147,0
13,14,7,6,1,22.5,11162,0
13,14,7,6,2,67.5,10942,14.5101
13,14,7,6,3,112.5,10314,38.2569
13,14,7,6,4,157.5,9838,57.1493
13,14,7,6,5,202.5,10105,42.8252
13,14,7,6,6,247.5,10489,35.4837
13,14,7,6,7,292.5,11020,30.5526
13,14,7,6,8,337.5,11421,0
13,14,7,7,1,22.5,6994,0
13,14,7,7,2,67.5,6812,15.7902
13,14,7,7,3,112.5,6263,28.6351
13,14,7,7,4,157.5,6004,42.7122
13,14,7,7,5,202.5,6253,31.5607
13,14,7,7,6,247.5,6591,32.0393
13,14,7,7,7,292.5,6890,25.1271
13,14,7,7,8,337.5,7120,0
13,14,7,8,1,22.5,5450,0
13,14,7,8,2,67.5,5250,18.925
13,14,7,8,3,112.5,4924,25.4093
13,14,7,8,4,157.5,4675,35.8086
13,14,7,8,5,202.5,4793,28.6835
13,14,7,8,6,247.5,5115,28.8063
13,14,7,8,7,292.5,5298,23.5319
13,14,7,8,8,337.5,5379,0
13,14,7,9,1,22.5,2095,0
13,14,7,9,2,67.5,2012,14.0232
13,14,7,9,3,112.5,1939,14.7475
13,14,7,9,4,157.5,1796,21.0075
13,14,7,9,5,202.5,1804,17.361
13,14,7,9,6,247.5,1933,17.3581
13,14,7,9,7,292.5,2116,14.176
13,14,7,9,8,337.5,2063,0
13,14,7,10,1,22.5,731,0
13,14,7,10,2,67.5,671,9.02901
13,14,7,10,3,112.5,637,8.05817
13,14,7,10,4,157.5,649,12.2218
13,14,7,10,5,202.5,639,10.0144
13,14,7,10,6,247.5,702,10.1844
13,14,7,10,7,292.5,700,5.84865
13,14,7,10,8,337.5,742,0
13,14,7,11,1,22.5,76,0
13,14,7,11,2,67.5,84,0
13,14,7,11,3,112.5,68,0
13,14,7,11,4,157.5,80,0
13,14,7,11,5,202.5,72,0
13,14,7,11,6,247.5,67,0
13,14,7,11,7,292.5,65,0
13,14,7,11,8,337.5,59,0
13,14,8,1,1,22.5,3397,10.825
13,14,8,1,2,67.5,3551,15.7703
13,14,8,1,3,112.5,3503,22.2395
13,14,8,1,4,157.5,3505,25.5652
13,14,8,1,5,202.5,3395,23.2043
13,14,8,1,6,247.5,3576,17.1678
13,14,8,1,7,292.5,3521,12.6076
13,14,8,1,8,337.5,3490,10.2314
13,14,8,2,1,22.5,2531,4.45493
13,14,8,2,2,67.5,2526,12.064
13,14,8,2,3,112.5,2495,19.563
13,14,8,2,4,157.5,2539,23.6368
13,14,8,2,5,202.5,2528,19.5418
13,14,8,2,6,247.5,2541,9.67373
13,14,8,2,7,292.5,2485,0
13,14,8,2,8,337.5,2593,0
13,14,8,3,1,22.5,1907,0
13,14,8,3,2,67.5,1820,8.58737
13,14,8,3,3,112.5,1803,15.8828
13,14,8,3,4,157.5,1829,19.844
13,14,8,3,5,202.5,1770,16.1829
13,14,8,3,6,247.5,1728,0
13,14,8,3,7,292.5,1806,0
13,14,8,3,8,337.5,1847,0
13,14,8,4,1,22.5,1251,0
13,14,8,4,2,67.5,1273,0
13,14,8,4,3,112.5,1243,13.4528
13,14,8,4,4,157.5,1201,15.8447
13,14,8,4,5,202.5,1189,13.1557
13,14,8,4,6,247.5,1244,6.72283
13,14,8,4,7,292.5,1211,0
13,14,8,4,8,337.5,1253,0
13,14,8,5,1,22.5,1386,0
13,14,8,5,2,67.5,1345,0
13,14,8,5,3,112.5,1328,13.8712
13,14,8,5,4,157.5,1299,13.9142
13,14,8,5,5,202.5,1268,11.9983
13,14,8,5,6,247.5,1302,7.29238
13,14,8,5,7,292.5,1406,6.13667
13,14,8,5,8,337.5,1360,0
13,14,8,6,1,22.5,510,0
13,14,8,6,2,67.5,476,0
13,14,8,6,3,112.5,463,4.90318
13,14,8,6,4,157.5,426,8.23947
13,14,8,6,5,202.5,491,6.093
13,14,8,6,6,247.5,508,4.77701
13,14,8,6,7,292.5,547,3.63526
13,14,8,6,8,337.5,494,0
13,14,8,7,1,22.5,140,0
13,14,8,7,2,67.5,127,0
13,14,8,7,3,112.5,104,0
13,14,8,7,4,157.5,91,0
13,14,8,7,5,202.5,105,0
13,14,8,7,6,247.5,117,0
13,14,8,7,7,292.5,115,0
13,14,8,7,8,337.5,116,0
13,14,8,8,1,22.5,22,0
13,14,8,8,2,67.5,17,0
13,14,8,8,3,112.5,18,0
13,14,8,8,4,157.5,17,0
13,14,8,8,5,202.5,21,0
13,14,8,8,6,247.5,20,0
13,14,8,8,7,292.5,18,0
13,14,8,8,8,337.5,22,0
13,14,8,9,1,22.5,0,0
13,14,8,9,2,67.5,0,0
13,14,8,9,3,112.5,0,0
13,14,8,9,4,157.5,0,0
13,14,8,9,5,202.5,0,0
13,14,8,9,6,247.5,0,0
13,14,8,9,7,292.5,0,0
13,14,8,9,8,337.5,0,0
13,14,8,10,1,22.5,0,0
13,14,8,10,2,67.5,0,0
13,14,8,10,3,112.5,0,0
13,14,8,10,4,157.5,0,0
13,14,8,10,5,202.5,0,0
13,14,8,10,6,247.5,0,0
13,14,8,10,7,292.5,0,0
13,14,8,10,8,337.5,0,0
13,14,8,11,1,22.5,0,0
13,14,8,11,2,67.5,0,0
13,14,8,11,3,112.5,0,0
13,14,8,11,4,157.5,0,0
13,14,8,11,5,202.5,0,0
13,14,8,11,6,247.5,0,0
13,14,8,11,7,292.5,0,0
13,14,8,11,8,337.5,0,0
14,15,1,1,1,22.5,4.06698e+06,135.501
14,15,1,1,2,67.5,4.06234e+06,194.405
14,15,1,1,3,112.5,4.0585e+06,256.125
14,15,1,1,4,157.5,4.04389e+06,339.77
14,15,1,1,5,202.5,4.05516e+06,188.331
14,15,1,1,6,247.5,4.06259e+06,239.02
14,15,1,1,7,292.5,4.06716e+06,188.866
14,15,1,1,8,337.5,4.07357e+06,111.014
14,15,1,2,1,22.5,1.68396e+06,41.7712
14,15,1,2,2,67.5,1.68056e+06,85.6932
14,15,1,2,3,112.5,1.67215e+06,119.399
14,15,1,2,4,157.5,1.66363e+06,139.983
14,15,1,2,5,202.5,1.66474e+06,113.381
14,15,1,2,6,247.5,1.67595e+06,127.268
14,15,1,2,7,292.5,1.68402e+06,98.6072
14,15,1,2,8,337.5,1.68667e+06,37.129
14,15,1,3,1,22.5,835481,42.8422
14,15,1,3,2,67.5,833776,71.5659
14,15,1,3,3,112.5,826855,69.9872
14,15,1,3,4,157.5,820077,68.0718
14,15,1,3,5,202.5,821871,55.7659
14,15,1,3,6,247.5,827465,73.0769
14,15,1,3,7,292.5,833069,75.3914
14,15,1,3,8,337.5,834790,37.644
14,15,1,4,1,22.5,456174,31.1932
14,15,1,4,2,67.5,453764,50.2002
14,15,1,4,3,112.5,449961,45.9441
14,15,1,4,4,157.5,445468,32.3096
14,15,1,4,5,202.5,447533,29.2902
14,15,1,4,6,247.5,451555,49.7867
14,15,1,4,7,292.5,454538,48.3088
14,15,1,4,8,337.5,456224,30.1634
14,15,1,5,1,22.5,422761,22.322
14,15,1,5,2,67.5,421357,35.636
14,15,1,5,3,112.5,417470,30.7642
14,15,1,5,4,157.5,413490,19.8398
14,15,1,5,5,202.5,414027,20.7235
14,15,1,5,6,247.5,419434,34.6232
14,15,1,5,7,292.5,422226,31.9142
14,15,1,5,8,337.5,423092,22.2531
14,15,1,6,1,22.5,154886,5.0431
14,15,1,6,2,67.5,155343,6.81971
14,15,1,6,3,112.5,154168,6.25924
14,15,1,6,4,157.5,151414,0
14,15,1,6,5,202.5,152870,0
14,15,1,6,6,247.5,154008,8.91041
14,15,1,6,7,292.5,155784,6.48072
14,15,1,6,8,337.5,156310,5.74632
14,15,1,7,1,22.5,56177,0
14,15,1,7,2,67.5,56577,4.557
14,15,1,7,3,112.5,55853,0
14,15,1,7,4,157.5,54463,0
14,15,1,7,5,202.5,54966,4.359
14,15,1,7,6,247.5,55841,0
14,15,1,7,7,292.5,56410,0
14,15,1,7,8,337.5,56547,0
14,15,1,8,1,22.5,21818,0
14,15,1,8,2,67.5,21887,0
14,15,1,8,3,112.5,21459,0
14,15,1,8,4,157.5,20919,0
14,15,1,8,5,202.5,21151,0
14,15,1,8,6,247.5,21703,0
14,15,1,8,7,292.5,22129,0
14,15,1,8,8,337.5,22030,0
14,15,1,9,1,22.5,3087,0
14,15,1,9,2,67.5,2992,0
14,15,1,9,3,112.5,2958,0
14,15,1,9,4,157.5,2850,0
14,15,1,9,5,202.5,2919,0
14,15,1,9,6,247.5,3050,0
14,15,1,9,7,292.5,3083,0
14,15,1,9,8,337.5,3033,0
14,15,1,10,1,22.5,235,0
14,15,1,10,2,67.5,238,0
14,15,1,10,3,112.5,230,0
14,15,1,10,4,157.5,259,0
14,15,1,10,5,202.5,227,0
14,15,1,10,6,247.5,222,0
14,15,1,10,7,292.5,262,0
14,15,1,10,8,337.5,255,0
14,15,1,11,1,22.5,0,0
14,15,1,11,2,67.5,1,0
14,15,1,11,3,112.5,1,0
14,15,1,11,4,157.5,0,0
14,15,1,11,5,202.5,1,0
14,15,1,11,6,247.5,0,0
14,15,1,11,7,292.5,2,0
14,15,1,11,8,337.5,1,0
14,15,2,1,1,22.5,432087,255.331
14,15,2,1,2,67.5,429954,257.869
14,15,2,1,3,112.5,427508,306.424
14,15,2,1,4,157.5,426048,400.829
14,15,2,1,5,202.5,426485,330.776
14,15,2,1,6,247.5,428089,270.703
14,15,2,1,7,292.5,428970,311.17
14,15,2,1,8,337.5,430802,194.148
14,15,2,2,1,22.5,326148,67.3496
14,15,2,2,2,67.5,324576,172.014
14,15,2,2,3,112.5,322130,234.134
14,15,2,2,4,157.5,318866,285.169
14,15,2,2,5,202.5,318735,249.749
14,15,2,2,6,247.5,323063,215.791
14,15,2,2,7,292.5,325042,169.166
14,15,2,2,8,337.5,325971,65.7123
14,15,2,3,1,22.5,241009,60.7605
14,15,2,3,2,67.5,240278,127.88
14,15,2,3,3,112.5,237348,149.479
14,15,2,3,4,157.5,235339,179.425
14,15,2,3,5,202.5,235315,151.605
14,15,2,3,6,247.5,238115,162.935
14,15,2,3,7,292.5,240833,145.105
14,15,2,3,8,337.5,241777,61.2855
14,15,2,4,1,22.5,176715,62.3763
14,15,2,4,2,67.5,176026,120.201
14,15,2,4,3,112.5,173906,118.477
14,15,2,4,4,157.5,171284,123.872
14,15,2,4,5,202.5,171742,107.924
14,15,2,4,6,247.5,173902,136.259
14,15,2,4,7,292.5,176638,122.545
14,15,2,4,8,337.5,177653,59.3916
14,15,2,5,1,22.5,225211,78.3689
14,15,2,5,2,67.5,224772,138.714
14,15,2,5,3,112.5,221781,128.932
14,15,2,5,4,157.5,218251,109.587
14,15,2,5,5,202.5,217898,95.5757
14,15,2,5,6,247.5,222262,140.84
14,15,2,5,7,292.5,224216,130.752
14,15,2,5,8,337.5,225940,71.5098
14,15,2,6,1,22.5,126418,51.2616
14,15,2,6,2,67.5,126503,87.8573
14,15,2,6,3,112.5,123508,72.5892
14,15,2,6,4,157.5,122272,53.1984
14,15,2,6,5,202.5,122516,47.2371
14,15,2,6,6,247.5,124234,81.6972
14,15,2,6,7,292.5,125939,79.3136
14,15,2,6,8,337.5,125913,49.341
14,15,2,7,1,22.5,73463,30.1878
14,15,2,7,2,67.5,73066,47.3986
14,15,2,7,3,112.5,71795,41.3557
14,15,2,7,4,157.5,70324,28.0426
14,15,2,7,5,202.5,70492,23.7113
14,15,2,7,6,247.5,71818,46.8443
14,15,2,7,7,292.5,73226,44.7787
14,15,2,7,8,337.5,73209,28.9039
14,15,2,8,1,22.5,54903,17.3821
14,15,2,8,2,67.5,54795,24.9518
14,15,2,8,3,112.5,53485,52.4759
14,15,2,8,4,157.5,52776,11.59
14,15,2,8,5,202.5,52558,11.5231
14,15,2,8,6,247.5,53590,31.2757
14,15,2,8,7,292.5,54422,22.7283
14,15,2,8,8,337.5,55122,16.4731
14,15,2,9,1,22.5,19811,0
14,15,2,9,2,67.5,19763,5.5038
14,15,2,9,3,112.5,19152,5.25175
14,15,2,9,4,157.5,18614,0
14,15,2,9,5,202.5,18633,0
14,15,2,9,6,247.5,19054,6.69882
14,15,2,9,7,292.5,19498,0
14,15,2,9,8,337.5,19643,4.48861
14,15,2,10,1,22.5,6148,0
14,15,2,10,2,67.5,6082,0
14,15,2,10,3,112.5,5990,0
14,15,2,10,4,157.5,5640,0
14,15,2,10,5,202.5,5731,4.29117
14,15,2,10,6,247.5,5911,0
14,15,2,10,7,292.5,6101,0
14,15,2,10,8,337.5,6168,0
14,15,2,11,1,22.5,708,0
14,15,2,11,2,67.5,723,0
14,15,2,11,3,112.5,683,0
14,15,2,11,4,157.5,696,0
14,15,2,11,5,202.5,654,0
14,15,2,11,6,247.5,682,0
14,15,2,11,7,292.5,653,0
14,15,2,11,8,337.5,775,0
14,15,3,1,1,22.5,212270,117.4
14,15,3,1,2,67.5,211662,178.949
14,15,3,1,3,112.5,211456,231.468
14,15,3,1,4,157.5,209621,297.498
14,15,3,1,5,202.5,210079,267.72
14,15,3,1,6,247.5,211719,185.245
14,15,3,1,7,292.5,212706,157.174
14,15,3,1,8,337.5,213131,123.224
14,15,3,2,1,22.5,169803,59.8908
14,15,3,2,2,67.5,169611,130.528
14,15,3,2,3,112.5,168199,164.045
14,15,3,2,4,157.5,165787,229.937
14,15,3,2,5,202.5,166556,187.179
14,15,3,2,6,247.5,168002,125.875
14,15,3,2,7,292.5,170169,122.208
14,15,3,2,8,337.5,169781,53.2476
14,15,3,3,1,22.5,133996,34.4953
14,15,3,3,2,67.5,133604,95.2581
14,15,3,3,3,112.5,131329,127.367
14,15,3,3,4,157.5,129971,185.238
14,15,3,3,5,202.5,129908,151.903
14,15,3,3,6,247.5,131827,127.885
14,15,3,3,7,292.5,133221,105.03
14,15,3,3,8,337.5,134495,30.7241
14,15,3,4,1,22.5,105390,29.2449
14,15,3,4,2,67.5,103457,91.4729
14,15,3,4,3,112.5,102310,105.771
14,15,3,4,4,157.5,100653,150.935
14,15,3,4,5,202.5,100699,129.182
14,15,3,4,6,247.5,101728,117.749
14,15,3,4,7,292.5,104117,104.037
14,15,3,4,8,337.5,104978,34.3326
14,15,3,5,1,22.5,142857,49.7477
14,15,3,5,2,67.5,142091,128.43
14,15,3,5,3,112.5,138230,130.835
14,15,3,5,4,157.5,136057,167.103
14,15,3,5,5,202.5,136303,139.787
14,15,3,5,6,247.5,138480,152.856
14,15,3,5,7,292.5,141526,130.913
14,15,3,5,8,337.5,143372,48.9697
14,15,3,6,1,22.5,83749,43.2141
14,15,3,6,2,67.5,83070,109.67
14,15,3,6,3,112.5,81204,97.5929
14,15,3,6,4,157.5,79186,105.482
14,15,3,6,5,202.5,79554,86.8631
14,15,3,6,6,247.5,81096,115.279
14,15,3,6,7,292.5,83254,99.6701
14,15,3,6,8,337.5,84165,43.1025
14,15,3,7,1,22.5,50289,36.9649
14,15,3,7,2,67.5,49495,84.9305
14,15,3,7,3,112.5,47713,74.8972
14,15,3,7,4,157.5,46800,67.6376
14,15,3,7,5,202.5,47132,57.3378
14,15,3,7,6,247.5,48112,85.5302
14,15,3,7,7,292.5,48863,73.769
14,15,3,7,8,337.5,49709,39.6484
14,15,3,8,1,22.5,40012,36.3802
14,15,3,8,2,67.5,39773,70.8477
14,15,3,8,3,112.5,38365,61.2829
14,15,3,8,4,157.5,37766,46.3734
14,15,3,8,5,202.5,37760,41.6558
14,15,3,8,6,247.5,38509,70.5838
14,15,3,8,7,292.5,39535,62.4549
14,15,3,8,8,337.5,40057,39.5462
14,15,3,9,1,22.5,18555,23.8985
14,15,3,9,2,67.5,18329,39.4266
14,15,3,9,3,112.5,17796,34.3041
14,15,3,9,4,157.5,17331,22.6553
14,15,3,9,5,202.5,17105,30.1564
14,15,3,9,6,247.5,18122,38.5181
14,15,3,9,7,292.5,18402,34.3191
14,15,3,9,8,337.5,18518,24.5955
14,15,3,10,1,22.5,8849,13.6803
14,15,3,10,2,67.5,8857,20.7475
14,15,3,10,3,112.5,8534,19.562
14,15,3,10,4,157.5,7999,9.95497
14,15,3,10,5,202.5,8166,8.41383
14,15,3,10,6,247.5,8486,21.2271
14,15,3,10,7,292.5,8747,18.466
14,15,3,10,8,337.5,8671,14.1732
14,15,3,11,1,22.5,2403,0
14,15,3,11,2,67.5,2304,5.20153
14,15,3,11,3,112.5,2213,4.20539
14,15,3,11,4,157.5,2080,0
14,15,3,11,5,202.5,2093,0
14,15,3,11,6,247.5,2252,5.67669
14,15,3,11,7,292.5,2304,4.48816
14,15,3,11,8,337.5,2219,0
14,15,4,1,1,22.5,128753,93.1706
14,15,4,1,2,67.5,127736,127.358
14,15,4,1,3,112.5,126866,184.399
14,15,4,1,4,157.5,126108,233.584
14,15,4,1,5,202.5,126416,190.726
14,15,4,1,6,247.5,127604,132.082
14,15,4,1,7,292.5,127336,94.1124
14,15,4,1,8,337.5,129067,82.4302
14,15,4,2,1,22.5,104938,44.1694
14,15,4,2,2,67.5,103963,82.6715
14,15,4,2,3,112.5,103043,142.327
14,15,4,2,4,157.5,102874,179.862
14,15,4,2,5,202.5,102176,151.253
14,15,4,2,6,247.5,103371,88.8041
14,15,4,2,7,292.5,104588,71.6092
14,15,4,2,8,337.5,105261,42.1097
14,15,4,3,1,22.5,84681,28.0157
14,15,4,3,2,67.5,84782,56.2878
14,15,4,3,3,112.5,82473,105.165
14,15,4,3,4,157.5,82251,159.012
14,15,4,3,5,202.5,81802,124.258
14,15,4,3,6,247.5,83128,84.7327
14,15,4,3,7,292.5,84426,87.1121
14,15,4,3,8,337.5,85036,27.8568
14,15,4,4,1,22.5,68247,19.5674
14,15,4,4,2,67.5,67571,54.2122
14,15,4,4,3,112.5,65958,88.0795
14,15,4,4,4,157.5,64851,132.655
14,15,4,4,5,202.5,64817,109.58
14,15,4,4,6,247.5,66204,84.1563
14,15,4,4,7,292.5,67867,79.3865
14,15,4,4,8,337.5,68051,18.1249
14,15,4,5,1,22.5,97257,23.2964
14,15,4,5,2,67.5,96079,89.9535
14,15,4,5,3,112.5,93260,106.248
14,15,4,5,4,157.5,91746,160.764
14,15,4,5,5,202.5,91626,128.181
14,15,4,5,6,247.5,94121,115.574
14,15,4,5,7,292.5,95819,111.464
14,15,4,5,8,337.5,97344,24.1196
14,15,4,6,1,22.5,60426,22.379
14,15,4,6,2,67.5,58979,86.9374
14,15,4,6,3,112.5,57428,84.1846
14,15,4,6,4,157.5,56091,118.535
14,15,4,6,5,202.5,55848,95.4791
14,15,4,6,6,247.5,57622,100.227
14,15,4,6,7,292.5,59421,94.5228
14,15,4,6,8,337.5,60323,20.4287
14,15,4,7,1,22.5,36583,19.4973
14,15,4,7,2,67.5,36259,76.836
14,15,4,7,3,112.5,35124,66.4006
14,15,4,7,4,157.5,33955,84.7532
14,15,4,7,5,202.5,34128,69.7661
14,15,4,7,6,247.5,35059,82.6118
14,15,4,7,7,292.5,36483,72.9941
14,15,4,7,8,337.5,36561,17.9404
14,15,4,8,1,22.5,29585,20.8703
14,15,4,8,2,67.5,29129,71.379
14,15,4,8,3,112.5,27951,61.1658
14,15,4,8,4,157.5,26675,68.2669
14,15,4,8,5,202.5,27135,57.1014
14,15,4,8,6,247.5,28148,74.099
14,15,4,8,7,292.5,29334,61.3317
14,15,4,8,8,337.5,29728,20.6909
14,15,4,9,1,22.5,13370,18.0495
14,15,4,9,2,67.5,13072,47.4401
14,15,4,9,3,112.5,12447,40.9113
14,15,4,9,4,157.5,12152,39.4081
14,15,4,9,5,202.5,12225,34.2754
14,15,4,9,6,247.5,12625,49.9829
14,15,4,9,7,292.5,13274,38.9779
14,15,4,9,8,337.5,13237,20.9702
14,15,4,10,1,22.5,6535,16.5305
14,15,4,10,2,67.5,6448,32.0233
14,15,4,10,3,112.5,6180,29.2194
14,15,4,10,4,157.5,5841,24.7337
14,15,4,10,5,202.5,5875,20.9474
14,15,4,10,6,247.5,6175,33.6608
14,15,4,10,7,292.5,6449,27.5455
14,15,4,10,8,337.5,6606,17.2729
14,15,4,11,1,22.5,1947,11.3796
14,15,4,11,2,67.5,1812,15.0562
14,15,4,11,3,112.5,1856,16.317
14,15,4,11,4,157.5,1655,13.2202
14,15,4,11,5,202.5,1748,11.1909
14,15,4,11,6,247.5,1851,18.5711
14,15,4,11,7,292.5,1953,15.629
14,15,4,11,8,337.5,1968,10.3113
14,15,5,1,1,22.5,76983,83.724
14,15,5,1,2,67.5,76520,110.732
14,15,5,1,3,112.5,75693,137.553
14,15,5,1,4,157.5,75814,150.326
14,15,5,1,5,202.5,75752,135.654
14,15,5,1,6,247.5,76667,106.13
14,15,5,1,7,292.5,76855,76.6081
14,15,5,1,8,337.5,76973,74.5397
14,15,5,2,1,22.5,63757,39.4809
14,15,5,2,2,67.5,63083,71.5704
14,15,5,2,3,112.5,62380,111.174
14,15,5,2,4,157.5,61299,137.165
14,15,5,2,5,202.5,61865,119.978
14,15,5,2,6,247.5,62868,72.2662
14,15,5,2,7,292.5,63311,40.9357
14,15,5,2,8,337.5,63814,29.8838
14,15,5,3,1,22.5,51786,21.4413
14,15,5,3,2,67.5,51806,46.6601
14,15,5,3,3,112.5,51290,93.2237
14,15,5,3,4,157.5,49906,128.933
14,15,5,3,5,202.5,49962,112.172
14,15,5,3,6,247.5,50985,62.272
14,15,5,3,7,292.5,51916,46.4416
14,15,5,3,8,337.5,51806,16.7924
14,15,5,4,1,22.5,42306,9.71242
14,15,5,4,2,67.5,41594,34.6529
14,15,5,4,3,112.5,41368,78.6523
14,15,5,4,4,157.5,40110,108.494
14,15,5,4,5,202.5,40684,87.4819
14,15,5,4,6,247.5,41412,60.8032
14,15,5,4,7,292.5,41771,55.8024
14,15,5,4,8,337.5,41976,12.0411
14,15,5,5,1,22.5,61889,12.803
14,15,5,5,2,67.5,61259,52.2763
14,15,5,5,3,112.5,59787,89.394
14,15,5,5,4,157.5,58333,133.378
14,15,5,5,5,202.5,58780,106.798
14,15,5,5,6,247.5,59685,85.2798
14,15,5,5,7,292.5,61771,84.1904
14,15,5,5,8,337.5,62544,16.0057
14,15,5,6,1,22.5,39754,12.9672
14,15,5,6,2,67.5,39103,59.9654
14,15,5,6,3,112.5,37514,67.8522
14,15,5,6,4,157.5,36969,103.378
14,15,5,6,5,202.5,36934,83.2356
14,15,5,6,6,247.5,37926,74.9979
14,15,5,6,7,292.5,39135,73.58
14,15,5,6,8,337.5,39925,11.0691
14,15,5,7,1,22.5,24945,10.9055
14,15,5,7,2,67.5,24129,54.1066
14,15,5,7,3,112.5,23297,55.0166
14,15,5,7,4,157.5,22423,79.5796
14,15,5,7,5,202.5,22819,64.1998
14,15,5,7,6,247.5,23565,63.2678
14,15,5,7,7,292.5,24252,60.987
14,15,5,7,8,337.5,24787,9.33403
14,15,5,8,1,22.5,19954,10.9365
14,15,5,8,2,67.5,19540,54.1772
14,15,5,8,3,112.5,18724,49.2866
14,15,5,8,4,157.5,17555,66.6965
14,15,5,8,5,202.5,17952,55.6337
14,15,5,8,6,247.5,18698,59.5165
14,15,5,8,7,292.5,19338,55.3731
14,15,5,8,8,337.5,20215,5.81762
14,15,5,9,1,22.5,8529,6.90532
14,15,5,9,2,67.5,8167,36.7321
14,15,5,9,3,112.5,7803,32.1167
14,15,5,9,4,157.5,7628,42.0665
14,15,5,9,5,202.5,7576,34.4481
14,15,5,9,6,247.5,7924,40.1162
14,15,5,9,7,292.5,8333,32.5749
14,15,5,9,8,337.5,8461,7.71781
14,15,5,10,1,22.5,3698,3.48985
14,15,5,10,2,67.5,3534,23.9185
14,15,5,10,3,112.5,3374,22.6086
14,15,5,10,4,157.5,3200,26.7753
14,15,5,10,5,202.5,3167,21.0559
14,15,5,10,6,247.5,3430,27.7425
14,15,5,10,7,292.5,3571,19.7882
14,15,5,10,8,337.5,3613,6.86513
14,15,5,11,1,22.5,889,0
14,15,5,11,2,67.5,845,11.8145
14,15,5,11,3,112.5,807,12.1119
14,15,5,11,4,157.5,771,12.7742
14,15,5,11,5,202.5,773,11.536
14,15,5,11,6,247.5,830,14.5454
14,15,5,11,7,292.5,838,9.60765
14,15,5,11,8,337.5,944,0
14,15,6,1,1,22.5,40943,67.6659
14,15,6,1,2,67.5,40310,78.8988
14,15,6,1,3,112.5,40031,98.0799
14,15,6,1,4,157.5,39816,105.183
14,15,6,1,5,202.5,40131,95.9653
14,15,6,1,6,247.5,40392,76.3087
14,15,6,1,7,292.5,40128,65.6809
14,15,6,1,8,337.5,40947,61.0933
14,15,6,2,1,22.5,33357,37.1623
14,15,6,2,2,67.5,33173,62.0577
14,15,6,2,3,112.5,32782,82.3561
14,15,6,2,4,157.5,32387,98.2718
14,15,6,2,5,202.5,32304,82.5704
14,15,6,2,6,247.5,32726,54.3237
14,15,6,2,7,292.5,33373,30.1483
14,15,6,2,8,337.5,33539,27.6571
14,15,6,3,1,22.5,27022,22.9867
14,15,6,3,2,67.5,26874,43.3757
14,15,6,3,3,112.5,26788,72.329
14,15,6,3,4,157.5,25986,89.4367
14,15,6,3,5,202.5,25981,72.2742
14,15,6,3,6,247.5,26612,44.1223
14,15,6,3,7,292.5,27037,26.3882
14,15,6,3,8,337.5,27497,10.9408
14,15,6,4,1,22.5,21983,11.1517
14,15,6,4,2,67.5,21830,29.8151
14,15,6,4,3,112.5,21026,58.4819
14,15,6,4,4,157.5,20787,78.0301
14,15,6,4,5,202.5,20601,65.1701
14,15,6,4,6,247.5,21095,41.016
14,15,6,4,7,292.5,21896,33.0254
14,15,6,4,8,337.5,21981,6.0741
14,15,6,5,1,22.5,31442,4.13146
14,15,6,5,2,67.5,31219,30.2039
14,15,6,5,3,112.5,30184,67.7413
14,15,6,5,4,157.5,29240,97.8127
14,15,6,5,5,202.5,29764,76.6634
14,15,6,5,6,247.5,30774,55.2534
14,15,6,5,7,292.5,31124,53.5043
14,15,6,5,8,337.5,31633,9.30655
14,15,6,6,1,22.5,19861,6.76896
14,15,6,6,2,67.5,19480,31.7734
14,15,6,6,3,112.5,18572,51.676
14,15,6,6,4,157.5,17870,74.2218
14,15,6,6,5,202.5,18006,59.2337
14,15,6,6,6,247.5,18696,48.1248
14,15,6,6,7,292.5,19495,48.1778
14,15,6,6,8,337.5,19587,8.92209
14,15,6,7,1,22.5,11568,0
14,15,6,7,2,67.5,11202,29.2107
14,15,6,7,3,112.5,10788,36.9318
14,15,6,7,4,157.5,10454,54.4798
14,15,6,7,5,202.5,10537,44.3574
14,15,6,7,6,247.5,10875,39.8744
14,15,6,7,7,292.5,11333,39.7905
14,15,6,7,8,337.5,11814,5.56094
14,15,6,8,1,22.5,8382,4.742
14,15,6,8,2,67.5,8129,30.9877
14,15,6,8,3,112.5,7570,31.575
14,15,6,8,4,157.5,7132,47.2143
14,15,6,8,5,202.5,7361,36.3078
14,15,6,8,6,247.5,7627,35.5563
14,15,6,8,7,292.5,7997,34.7121
14,15,6,8,8,337.5,8295,4.42133
14,15,6,9,1,22.5,2889,0
14,15,6,9,2,67.5,2800,18.2884
14,15,6,9,3,112.5,2652,17.8247
14,15,6,9,4,157.5,2442,26.3457
14,15,6,9,5,202.5,2593,20.0413
14,15,6,9,6,247.5,2759,22.2776
14,15,6,9,7,292.5,2886,19.7969
14,15,6,9,8,337.5,2815,0
14,15,6,10,1,22.5,902,0
14,15,6,10,2,67.5,895,12.8963
14,15,6,10,3,112.5,812,9.4389
14,15,6,10,4,157.5,794,12.6933
14,15,6,10,5,202.5,795,10.9893
14,15,6,10,6,247.5,863,12.1583
14,15,6,10,7,292.5,867,10.1164
14,15,6,10,8,337.5,983,0
14,15,6,11,1,22.5,121,0
14,15,6,11,2,67.5,109,3.57517
14,15,6,11,3,112.5,112,0
14,15,6,11,4,157.5,105,0
14,15,6,11,5,202.5,118,0
14,15,6,11,6,247.5,106,5.01163
14,15,6,11,7,292.5,127,0
14,15,6,11,8,337.5,126,0
14,15,7,1,1,22.5,13856,43.2179
14,15,7,1,2,67.5,13409,52.6937
14,15,7,1,3,112.5,13663,60.0669
14,15,7,1,4,157.5,13337,65.2964
14,15,7,1,5,202.5,13409,56.5385
14,15,7,1,6,247.5,13480,47.601
14,15,7,1,7,292.5,13594,40.3765
14,15,7,1,8,337.5,13744,41.056
14,15,7,2,1,22.5,10842,26.1709
14,15,7,2,2,67.5,10792,39.3216
14,15,7,2,3,112.5,10459,48.8255
14,15,7,2,4,157.5,10231,55.0519
14,15,7,2,5,202.5,10454,47.257
14,15,7,2,6,247.5,10552,32.7618
14,15,7,2,7,292.5,10663,19.93
14,15,7,2,8,337.5,10827,20.9789
14,15,7,3,1,22.5,8255,13.9089
14,15,7,3,2,67.5,8153,28.5548
14,15,7,3,3,112.5,8067,39.8505
14,15,7,3,4,157.5,7813,48.2935
14,15,7,3,5,202.5,7773,41.8304
14,15,7,3,6,247.5,7870,25.06
14,15,7,3,7,292.5,8225,13.2963
14,15,7,3,8,337.5,8108,8.169
14,15,7,4,1,22.5,6155,9.09048
14,15,7,4,2,67.5,5998,18.4551
14,15,7,4,3,112.5,5982,33.999
14,15,7,4,4,157.5,5741,40.7972
14,15,7,4,5,202.5,5722,33.2066
14,15,7,4,6,247.5,6008,20.8326
14,15,7,4,7,292.5,6185,14.819
14,15,7,4,8,337.5,6085,0
14,15,7,5,1,22.5,7861,0
14,15,7,5,2,67.5,7815,17.6795
14,15,7,5,3,112.5,7222,35.3707
14,15,7,5,4,157.5,7188,46.0755
14,15,7,5,5,202.5,7236,36.4974
14,15,7,5,6,247.5,7427,25.1149
14,15,7,5,7,292.5,7670,22.3782
14,15,7,5,8,337.5,7660,0
14,15,7,6,1,22.5,3727,0
14,15,7,6,2,67.5,3766,8.27416
14,15,7,6,3,112.5,3635,21.7769
14,15,7,6,4,157.5,3494,31.6954
14,15,7,6,5,202.5,3362,24.2901
14,15,7,6,6,247.5,3692,19.8583
14,15,7,6,7,292.5,3763,18.4922
14,15,7,6,8,337.5,3766,0
14,15,7,7,1,22.5,1681,0
14,15,7,7,2,67.5,1658,6.19874
14,15,7,7,3,112.5,1518,13.5082
14,15,7,7,4,157.5,1476,22.665
14,15,7,7,5,202.5,1464,14.6671
14,15,7,7,6,247.5,1560,13.83
14,15,7,7,7,292.5,1625,11.7074
14,15,7,7,8,337.5,1598,0
14,15,7,8,1,22.5,792,0
14,15,7,8,2,67.5,762,5.50254
14,15,7,8,3,112.5,742,9.8366
14,15,7,8,4,157.5,671,10.9297
14,15,7,8,5,202.5,690,10.2846
14,15,7,8,6,247.5,727,8.60642
14,15,7,8,7,292.5,771,6.6647
14,15,7,8,8,337.5,750,0
14,15,7,9,1,22.5,144,0
14,15,7,9,2,67.5,152,0
14,15,7,9,3,112.5,132,0
14,15,7,9,4,157.5,107,0
14,15,7,9,5,202.5,119,0
14,15,7,9,6,247.5,110,0
14,15,7,9,7,292.5,142,0
14,15,7,9,8,337.5,125,0
14,15,7,10,1,22.5,11,0
14,15,7,10,2,67.5,13,0
14,15,7,10,3,112.5,16,0
14,15,7,10,4,157.5,9,0
14,15,7,10,5,202.5,7,0
14,15,7,10,6,247.5,12,0
14,15,7,10,7,292.5,15,0
14,15,7,10,8,337.5,14,0
14,15,7,11,1,22.5,0,0
14,15,7,11,2,67.5,0,0
14,15,7,11,3,112.5,0,0
14,15,7,11,4,157.5,0,0
14,15,7,11,5,202.5,0,0
14,15,7,11,6,247.5,0,0
14,15,7,11,7,292.5,0,0
14,15,7,11,8,337.5,0,0
14,15,8,1,1,22.5,578,6.71071
14,15,8,1,2,67.5,623,7.76956
14,15,8,1,3,112.5,588,8.01468
14,15,8,1,4,157.5,589,8.43364
14,15,8,1,5,202.5,623,9.24278
14,15,8,1,6,247.5,563,7.79094
14,15,8,1,7,292.5,659,0
14,15,8,1,8,337.5,668,5.3938
14,15,8,2,1,22.5,357,0
14,15,8,2,2,67.5,363,6.24842
14,15,8,2,3,112.5,358,6.32867
14,15,8,2,4,157.5,335,6.23591
14,15,8,2,5,202.5,332,7.57057
14,15,8,2,6,247.5,321,0
14,15,8,2,7,292.5,335,0
14,15,8,2,8,337.5,347,0
14,15,8,3,1,22.5,152,0
14,15,8,3,2,67.5,158,0
14,15,8,3,3,112.5,166,0
14,15,8,3,4,157.5,159,0
14,15,8,3,5,202.5,175,0
14,15,8,3,6,247.5,184,0
14,15,8,3,7,292.5,167,0
14,15,8,3,8,337.5,189,0
14,15,8,4,1,22.5,77,0
14,15,8,4,2,67.5,89,0
14,15,8,4,3,112.5,76,0
14,15,8,4,4,157.5,88,0
14,15,8,4,5,202.5,69,0
14,15,8,4,6,247.5,66,0
14,15,8,4,7,292.5,49,0
14,15,8,4,8,337.5,72,0
14,15,8,5,1,22.5,31,0
14,15,8,5,2,67.5,41,0
14,15,8,5,3,112.5,39,0
14,15,8,5,4,157.5,41,0
14,15,8,5,5,202.5,45,0
14,15,8,5,6,247.5,45,0
14,15,8,5,7,292.5,37,0
14,15,8,5,8,337.5,36,0
14,15,8,6,1,22.5,4,0
14,15,8,6,2,67.5,7,0
14,15,8,6,3,112.5,0,0
14,15,8,6,4,157.5,0,0
14,15,8,6,5,202.5,4,0
14,15,8,6,6,247.5,3,0
14,15,8,6,7,292.5,2,0
14,15,8,6,8,337.5,4,0
14,15,8,7,1,22.5,0,0
14,15,8,7,2,67.5,0,0
14,15,8,7,3,112.5,0,0
14,15,8,7,4,157.5,0,0
14,15,8,7,5,202.5,0,0
14,15,8,7,6,247.5,0,0
14,15,8,7,7,292.5,0,0
14,15,8,7,8,337.5,0,0
14,15,8,8,1,22.5,0,0
14,15,8,8,2,67.5,0,0
14,15,8,8,3,112.5,0,0
14,15,8,8,4,157.5,0,0
14,15,8,8,5,202.5,0,0
14,15,8,8,6,247.5,0,0
14,15,8,8,7,292.5,0,0
14,15,8,8,8,337.5,0,0
14,15,8,9,1,22.5,0,0
14,15,8,9,2,67.5,0,0
14,15,8,9,3,112.5,0,0
14,15,8,9,4,157.5,0,0
14,15,8,9,5,202.5,0,0
14,15,8,9,6,247.5,0,0
14,15,8,9,7,292.5,0,0
14,15,8,9,8,337.5,0,0
14,15,8,10,1,22.5,0,0
14,15,8,10,2,67.5,0,0
14,15,8,10,3,112.5,0,0
14,15,8,10,4,157.5,0,0
14,15,8,10,5,202.5,0,0
14,15,8,10,6,247.5,0,0
14,15,8,10,7,292.5,0,0
14,15,8,10,8,337.5,0,0
14,15,8,11,1,22.5,0,0
14,15,8,11,2,67.5,0,0
14,15,8,11,3,112.5,0,0
14,15,8,11,4,157.5,0,0
14,15,8,11,5,202.5,0,0
14,15,8,11,6,247.5,0,0
14,15,8,11,7,292.5,0,0
14,15,8,11,8,337.5,0,0
15,16,1,1,1,22.5,6.44414e+06,38.1887
15,16,1,1,2,67.5,6.4453e+06,93.9329
15,16,1,1,3,112.5,6.43585e+06,106.175
15,16,1,1,4,157.5,6.42475e+06,98.7371
15,16,1,1,5,202.5,6.42859e+06,105.543
15,16,1,1,6,247.5,6.44089e+06,137.123
15,16,1,1,7,292.5,6.44536e+06,90.0439
15,16,1,1,8,337.5,6.44616e+06,44.0461
15,16,1,2,1,22.5,2.33899e+06,18.3114
15,16,1,2,2,67.5,2.33984e+06,58.2198
15,16,1,2,3,112.5,2.32517e+06,56.2728
15,16,1,2,4,157.5,2.31745e+06,55.2541
15,16,1,2,5,202.5,2.31739e+06,47.0058
15,16,1,2,6,247.5,2.32957e+06,51.9012
15,16,1,2,7,292.5,2.33794e+06,48.2861
15,16,1,2,8,337.5,2.33942e+06,20.5459
15,16,1,3,1,22.5,1.06188e+06,18.8912
15,16,1,3,2,67.5,1.0598e+06,36.5288
15,16,1,3,3,112.5,1.05336e+06,28.9769
15,16,1,3,4,157.5,1.04755e+06,21.0093
15,16,1,3,5,202.5,1.04921e+06,17.8535
15,16,1,3,6,247.5,1.05639e+06,32.4915
15,16,1,3,7,292.5,1.0622e+06,38.7453
15,16,1,3,8,337.5,1.06407e+06,16.6128
15,16,1,4,1,22.5,525616,11.3519
15,16,1,4,2,67.5,525554,20.2058
15,16,1,4,3,112.5,522394,14.3292
15,16,1,4,4,157.5,517831,0
15,16,1,4,5,202.5,519159,3.63795
15,16,1,4,6,247.5,522684,14.4007
15,16,1,4,7,292.5,526966,20.8016
15,16,1,4,8,337.5,525534,10.7211
15,16,1,5,1,22.5,405572,0
15,16,1,5,2,67.5,405971,10.4787
15,16,1,5,3,112.5,403153,6.50525
15,16,1,5,4,157.5,397799,4.89775
15,16,1,5,5,202.5,399588,4.34599
15,16,1,5,6,247.5,403685,8.88871
15,16,1,5,7,292.5,405797,10.8427
15,16,1,5,8,337.5,406474,6.95296
15,16,1,6,1,22.5,102030,0
15,16,1,6,2,67.5,101742,0
15,16,1,6,3,112.5,99908,0
15,16,1,6,4,157.5,99509,0
15,16,1,6,5,202.5,99279,0
15,16,1,6,6,247.5,100430,0
15,16,1,6,7,292.5,101921,0
15,16,1,6,8,337.5,102532,0
15,16,1,7,1,22.5,21632,0
15,16,1,7,2,67.5,21490,0
15,16,1,7,3,112.5,21286,0
15,16,1,7,4,157.5,20672,0
15,16,1,7,5,202.5,21001,0
15,16,1,7,6,247.5,21213,0
15,16,1,7,7,292.5,21742,0
15,16,1,7,8,337.5,21593,0
15,16,1,8,1,22.5,3942,0
15,16,1,8,2,67.5,3927,0
15,16,1,8,3,112.5,3878,0
15,16,1,8,4,157.5,3799,0
15,16,1,8,5,202.5,3716,0
15,16,1,8,6,247.5,3845,0
15,16,1,8,7,292.5,3925,0
15,16,1,8,8,337.5,3993,0
15,16,1,9,1,22.5,98,0
15,16,1,9,2,67.5,111,0
15,16,1,9,3,112.5,93,0
15,16,1,9,4,157.5,113,0
15,16,1,9,5,202.5,118,0
15,16,1,9,6,247.5,104,0
15,16,1,9,7,292.5,114,0
15,16,1,9,8,337.5,104,0
15,16,1,10,1,22.5,0,0
15,16,1,10,2,67.5,0,0
15,16,1,10,3,112.5,0,0
15,16,1,10,4,157.5,0,0
15,16,1,10,5,202.5,0,0
15,16,1,10,6,247.5,0,0
15,16,1,10,7,292.5,0,0
15,16,1,10,8,337.5,0,0
15,16,1,11,1,22.5,0,0
15,16,1,11,2,67.5,0,0
15,16,1,11,3,112.5,0,0
15,16,1,11,4,157.5,0,0
15,16,1,11,5,202.5,0,0
15,16,1,11,6,247.5,0,0
15,16,1,11,7,292.5,0,0
15,16,1,11,8,337.5,0,0
15,16,2,1,1,22.5,887945,314.041
15,16,2,1,2,67.5,886716,317.553
15,16,2,1,3,112.5,883815,436.413
15,16,2,1,4,157.5,881647,483.954
15,16,2,1,5,202.5,882380,473.923
15,16,2,1,6,247.5,883162,361.639
15,16,2,1,7,292.5,888199,340.285
15,16,2,1,8,337.5,889091,274.188
15,16,2,2,1,22.5,640615,108.734
15,16,2,2,2,67.5,639219,203.848
15,16,2,2,3,112.5,633754,204.521
15,16,2,2,4,157.5,632604,241.889
15,16,2,2,5,202.5,632251,226.972
15,16,2,2,6,247.5,635718,221.99
15,16,2,2,7,292.5,639250,204.708
15,16,2,2,8,337.5,642196,104.905
15,16,2,3,1,22.5,446397,69.5389
15,16,2,3,2,67.5,444642,139.737
15,16,2,3,3,112.5,440491,138.026
15,16,2,3,4,157.5,436872,120.105
15,16,2,3,5,202.5,436954,108.185
15,16,2,3,6,247.5,441038,139.196
15,16,2,3,7,292.5,444855,154.419
15,16,2,3,8,337.5,447059,71.3909
15,16,2,4,1,22.5,309894,64.1587
15,16,2,4,2,67.5,308022,118.732
15,16,2,4,3,112.5,304180,91.8726
15,16,2,4,4,157.5,302591,64.229
15,16,2,4,5,202.5,302540,63.8201
15,16,2,4,6,247.5,305266,104.131
15,16,2,4,7,292.5,308918,123.853
15,16,2,4,8,337.5,309842,62.5465
15,16,2,5,1,22.5,353645,68.8853
15,16,2,5,2,67.5,351367,122.244
15,16,2,5,3,112.5,346990,80.8215
15,16,2,5,4,157.5,343208,48.7917
15,16,2,5,5,202.5,342191,43.4462
15,16,2,5,6,247.5,347855,92.6498
15,16,2,5,7,292.5,352338,120.344
15,16,2,5,8,337.5,352971,62.6813
15,16,2,6,1,22.5,158464,33.4751
15,16,2,6,2,67.5,158492,61.3365
15,16,2,6,3,112.5,156071,38.8916
15,16,2,6,4,157.5,153815,15.2268
15,16,2,6,5,202.5,153405,17.7585
15,16,2,6,6,247.5,156789,42.4622
15,16,2,6,7,292.5,158519,57.0724
15,16,2,6,8,337.5,159437,33.22
15,16,2,7,1,22.5,66381,14.1623
15,16,2,7,2,67.5,65749,25.3091
15,16,2,7,3,112.5,65383,16.1021
15,16,2,7,4,157.5,63601,0
15,16,2,7,5,202.5,63585,9.57329
15,16,2,7,6,247.5,65100,17.3088
15,16,2,7,7,292.5,65479,21.1379
15,16,2,7,8,337.5,66626,14.7762
15,16,2,8,1,22.5,29036,4.51347
15,16,2,8,2,67.5,28896,8.79595
15,16,2,8,3,112.5,28593,4.44461
15,16,2,8,4,157.5,27963,0
15,16,2,8,5,202.5,28059,0
15,16,2,8,6,247.5,28366,9.83639
15,16,2,8,7,292.5,28979,8.0524
15,16,2,8,8,337.5,29284,5.05992
15,16,2,9,1,22.5,4509,0
15,16,2,9,2,67.5,4492,0
15,16,2,9,3,112.5,4546,0
15,16,2,9,4,157.5,4309,0
15,16,2,9,5,202.5,4360,0
15,16,2,9,6,247.5,4600,0
15,16,2,9,7,292.5,4402,0
15,16,2,9,8,337.5,4667,0
15,16,2,10,1,22.5,502,0
15,16,2,10,2,67.5,525,0
15,16,2,10,3,112.5,436,0
15,16,2,10,4,157.5,464,0
15,16,2,10,5,202.5,426,0
15,16,2,10,6,247.5,446,0
15,16,2,10,7,292.5,504,0
15,16,2,10,8,337.5,426,0
15,16,2,11,1,22.5,2,0
15,16,2,11,2,67.5,0,0
15,16,2,11,3,112.5,1,0
15,16,2,11,4,157.5,8,0
15,16,2,11,5,202.5,3,0
15,16,2,11,6,247.5,0,0
15,16,2,11,7,292.5,1,0
15,16,2,11,8,337.5,1,0
15,16,3,1,1,22.5,465091,364.827
15,16,3,1,2,67.5,464952,355.136
15,16,3,1,3,112.5,462439,414.243
15,16,3,1,4,157.5,462643,475
15,16,3,1,5,202.5,462736,488.012
15,16,3,1,6,247.5,462267,377.823
15,16,3,1,7,292.5,465522,301.005
15,16,3,1,8,337.5,465417,328.825
15,16,3,2,1,22.5,359675,133.836
15,16,3,2,2,67.5,357652,187.674
15,16,3,2,3,112.5,355525,227.731
15,16,3,2,4,157.5,352022,283.403
15,16,3,2,5,202.5,352568,252.133
15,16,3,2,6,247.5,354323,192.531
15,16,3,2,7,292.5,356498,177.546
15,16,3,2,8,337.5,358378,140.389
15,16,3,3,1,22.5,271102,80.6767
15,16,3,3,2,67.5,268755,143.608
15,16,3,3,3,112.5,267021,157.194
15,16,3,3,4,157.5,264691,185.26
15,16,3,3,5,202.5,264386,158.219
15,16,3,3,6,247.5,266657,156.383
15,16,3,3,7,292.5,269949,156.925
15,16,3,3,8,337.5,270751,76.1174
15,16,3,4,1,22.5,199816,60.1256
15,16,3,4,2,67.5,198286,138.119
15,16,3,4,3,112.5,195553,120.505
15,16,3,4,4,157.5,193564,133.288
15,16,3,4,5,202.5,193552,110.93
15,16,3,4,6,247.5,196028,133.88
15,16,3,4,7,292.5,198954,145.047
15,16,3,4,8,337.5,200002,54.5813
15,16,3,5,1,22.5,242743,70.3372
15,16,3,5,2,67.5,240623,170.882
15,16,3,5,3,112.5,236615,134.138
15,16,3,5,4,157.5,233824,115.568
15,16,3,5,5,202.5,232411,100.133
15,16,3,5,6,247.5,236113,148.904
15,16,3,5,7,292.5,240379,174.131
15,16,3,5,8,337.5,243198,71.7636
15,16,3,6,1,22.5,117823,54.1546
15,16,3,6,2,67.5,116487,124.559
15,16,3,6,3,112.5,115028,83.7684
15,16,3,6,4,157.5,111921,60.3227
15,16,3,6,5,202.5,112131,52.3251
15,16,3,6,6,247.5,114656,95.8671
15,16,3,6,7,292.5,116301,117.782
15,16,3,6,8,337.5,117994,52.0719
15,16,3,7,1,22.5,55213,35.5485
15,16,3,7,2,67.5,54394,79.9125
15,16,3,7,3,112.5,52954,52.3877
15,16,3,7,4,157.5,51610,30.2555
15,16,3,7,5,202.5,51911,27.0313
15,16,3,7,6,247.5,53605,61.2449
15,16,3,7,7,292.5,54306,71.6666
15,16,3,7,8,337.5,55090,35.5543
15,16,3,8,1,22.5,30606,25.0229
15,16,3,8,2,67.5,30598,53.4504
15,16,3,8,3,112.5,29383,35.1617
15,16,3,8,4,157.5,28929,13.3338
15,16,3,8,5,202.5,29013,16.1719
15,16,3,8,6,247.5,29761,39.9073
15,16,3,8,7,292.5,30228,45.2744
15,16,3,8,8,337.5,30757,26.9702
15,16,3,9,1,22.5,7745,10.9511
15,16,3,9,2,67.5,7714,20.937
15,16,3,9,3,112.5,7333,14.6784
15,16,3,9,4,157.5,7057,0
15,16,3,9,5,202.5,7059,3.4626
15,16,3,9,6,247.5,7381,15.0088
15,16,3,9,7,292.5,7495,16.6476
15,16,3,9,8,337.5,7586,11.7345
15,16,3,10,1,22.5,1669,0
15,16,3,10,2,67.5,1578,5.50756
15,16,3,10,3,112.5,1556,0
15,16,3,10,4,157.5,1530,0
15,16,3,10,5,202.5,1536,0
15,16,3,10,6,247.5,1600,4.62438
15,16,3,10,7,292.5,1552,5.13967
15,16,3,10,8,337.5,1709,0
15,16,3,11,1,22.5,86,0
15,16,3,11,2,67.5,79,0
15,16,3,11,3,112.5,73,0
15,16,3,11,4,157.5,67,0
15,16,3,11,5,202.5,76,0
15,16,3,11,6,247.5,87,0
15,16,3,11,7,292.5,83,0
15,16,3,11,8,337.5,71,0
15,16,4,1,1,22.5,280771,249.606
15,16,4,1,2,67.5,281956,275.802
15,16,4,1,3,112.5,280685,319.51
15,16,4,1,4,157.5,279817,352.182
15,16,4,1,5,202.5,279598,316.082
15,16,4,1,6,247.5,280033,266.587
15,16,4,1,7,292.5,282377,213.834
15,16,4,1,8,337.5,282625,228.715
15,16,4,2,1,22.5,222654,135.288
15,16,4,2,2,67.5,220823,149.469
15,16,4,2,3,112.5,218910,208.36
15,16,4,2,4,157.5,217878,248.781
15,16,4,2,5,202.5,217483,217.292
15,16,4,2,6,247.5,219835,152.604
15,16,4,2,7,292.5,221155,128.386
15,16,4,2,8,337.5,222061,112.856
15,16,4,3,1,22.5,168715,74.9207
15,16,4,3,2,67.5,167865,106.423
15,16,4,3,3,112.5,165992,156.894
15,16,4,3,4,157.5,163769,192.305
15,16,4,3,5,202.5,165036,163.553
15,16,4,3,6,247.5,165830,127.209
15,16,4,3,7,292.5,167937,119.012
15,16,4,3,8,337.5,168991,74.6484
15,16,4,4,1,22.5,124367,49.8965
15,16,4,4,2,67.5,123706,91.287
15,16,4,4,3,112.5,122210,122.051
15,16,4,4,4,157.5,119869,150.99
15,16,4,4,5,202.5,120790,124.812
15,16,4,4,6,247.5,121413,111.757
15,16,4,4,7,292.5,124052,118.861
15,16,4,4,8,337.5,125576,50.4605
15,16,4,5,1,22.5,155818,49.773
15,16,4,5,2,67.5,154310,123.669
15,16,4,5,3,112.5,150356,128.229
15,16,4,5,4,157.5,148989,154.865
15,16,4,5,5,202.5,148329,128.462
15,16,4,5,6,247.5,151133,137.089
15,16,4,5,7,292.5,154258,150.458
15,16,4,5,8,337.5,155713,50.9332
15,16,4,6,1,22.5,78075,34.6779
15,16,4,6,2,67.5,76875,105.718
15,16,4,6,3,112.5,75350,93.3794
15,16,4,6,4,157.5,72971,97.302
15,16,4,6,5,202.5,73357,80.0962
15,16,4,6,6,247.5,75276,100.884
15,16,4,6,7,292.5,76715,114.613
15,16,4,6,8,337.5,78470,33.3065
15,16,4,7,1,22.5,37363,26.0067
15,16,4,7,2,67.5,36526,78.2504
15,16,4,7,3,112.5,35684,62.4978
15,16,4,7,4,157.5,34318,57.3309
15,16,4,7,5,202.5,34539,47.599
15,16,4,7,6,247.5,35556,71.0628
15,16,4,7,7,292.5,36972,79.5995
15,16,4,7,8,337.5,37369,23.7507
15,16,4,8,1,22.5,21193,19.5223
15,16,4,8,2,67.5,20927,62.8498
15,16,4,8,3,112.5,20050,44.6693
15,16,4,8,4,157.5,19519,38.2657
15,16,4,8,5,202.5,19453,32.4094
15,16,4,8,6,247.5,20048,54.3064
15,16,4,8,7,292.5,21022,57.2448
15,16,4,8,8,337.5,21226,18.6971
15,16,4,9,1,22.5,5401,11.6167
15,16,4,9,2,67.5,5239,30.0101
15,16,4,9,3,112.5,5122,23.9233
15,16,4,9,4,157.5,5087,14.9366
15,16,4,9,5,202.5,4892,13.808
15,16,4,9,6,247.5,5221,28.5714
15,16,4,9,7,292.5,5380,26.5704
15,16,4,9,8,337.5,5444,12.4411
15,16,4,10,1,22.5,1285,6.49633
15,16,4,10,2,67.5,1263,14.4988
15,16,4,10,3,112.5,1255,10.4996
15,16,4,10,4,157.5,1187,4.13585
15,16,4,10,5,202.5,1140,4.01571
15,16,4,10,6,247.5,1238,13.3522
15,16,4,10,7,292.5,1229,12.3084
15,16,4,10,8,337.5,1287,4.81451
15,16,4,11,1,22.5,103,0
15,16,4,11,2,67.5,104,3.65732
15,16,4,11,3,112.5,87,0
15,16,4,11,4,157.5,84,0
15,16,4,11,5,202.5,69,0
15,16,4,11,6,247.5,88,4.58395
15,16,4,11,7,292.5,80,0
15,16,4,11,8,337.5,91,0
15,16,5,1,1,22.5,150833,183.798
15,16,5,1,2,67.5,151197,202.499
15,16,5,1,3,112.5,150949,220.631
15,16,5,1,4,157.5,149673,239.326
15,16,5,1,5,202.5,150324,219.301
15,16,5,1,6,247.5,151140,189.731
15,16,5,1,7,292.5,151010,162.226
15,16,5,1,8,337.5,151242,172.264
15,16,5,2,1,22.5,115240,103.431
15,16,5,2,2,67.5,114585,129.376
15,16,5,2,3,112.5,113593,162.331
15,16,5,2,4,157.5,111763,192.863
15,16,5,2,5,202.5,112125,167.556
15,16,5,2,6,247.5,112924,120.442
15,16,5,2,7,292.5,114325,83.4855
15,16,5,2,8,337.5,115342,87.3692
15,16,5,3,1,22.5,85831,69.7524
15,16,5,3,2,67.5,84763,81.2139
15,16,5,3,3,112.5,84207,126.924
15,16,5,3,4,157.5,83226,170.301
15,16,5,3,5,202.5,82784,141.885
15,16,5,3,6,247.5,84009,92.8054
15,16,5,3,7,292.5,84612,69.4958
15,16,5,3,8,337.5,85825,48.0127
15,16,5,4,1,22.5,62546,35.0818
15,16,5,4,2,67.5,62537,55.5144
15,16,5,4,3,112.5,60993,101.009
15,16,5,4,4,157.5,60084,132.077
15,16,5,4,5,202.5,60290,110.632
15,16,5,4,6,247.5,61004,77.7809
15,16,5,4,7,292.5,62529,71.7379
15,16,5,4,8,337.5,63443,36.947
15,16,5,5,1,22.5,78373,29.7319
15,16,5,5,2,67.5,77222,68.496
15,16,5,5,3,112.5,75621,106.121
15,16,5,5,4,157.5,73871,139.812
15,16,5,5,5,202.5,74041,117.135
15,16,5,5,6,247.5,75056,95.004
15,16,5,5,7,292.5,77098,99.8628
15,16,5,5,8,337.5,78940,36.6814
15,16,5,6,1,22.5,38837,18.8751
15,16,5,6,2,67.5,38063,61.4895
15,16,5,6,3,112.5,37134,70.0449
15,16,5,6,4,157.5,35930,94.0321
15,16,5,6,5,202.5,35724,76.9527
15,16,5,6,6,247.5,37482,72.8401
15,16,5,6,7,292.5,38370,81.9469
15,16,5,6,8,337.5,38384,22.2166
15,16,5,7,1,22.5,18099,14.7313
15,16,5,7,2,67.5,17577,48.2764
15,16,5,7,3,112.5,17097,46.9779
15,16,5,7,4,157.5,16403,59.541
15,16,5,7,5,202.5,16717,49.6596
15,16,5,7,6,247.5,17156,51.543
15,16,5,7,7,292.5,17733,58.374
15,16,5,7,8,337.5,18231,14.4306
15,16,5,8,1,22.5,9572,10.0829
15,16,5,8,2,67.5,9327,39.1501
15,16,5,8,3,112.5,8866,34.9109
15,16,5,8,4,157.5,8691,43.8673
15,16,5,8,5,202.5,8602,34.9081
15,16,5,8,6,247.5,8964,39.2253
15,16,5,8,7,292.5,9080,40.7397
15,16,5,8,8,337.5,9568,8.56633
15,16,5,9,1,22.5,2127,0
15,16,5,9,2,67.5,2187,18.8151
15,16,5,9,3,112.5,2026,16.662
15,16,5,9,4,157.5,1864,19.284
15,16,5,9,5,202.5,1900,15.0993
15,16,5,9,6,247.5,2035,19.202
15,16,5,9,7,292.5,2053,16.8744
15,16,5,9,8,337.5,2177,0
15,16,5,10,1,22.5,426,0
15,16,5,10,2,67.5,387,8.12198
15,16,5,10,3,112.5,342,6.79121
15,16,5,10,4,157.5,385,7.80165
15,16,5,10,5,202.5,373,5.40286
15,16,5,10,6,247.5,381,8.64587
15,16,5,10,7,292.5,429,7.3313
15,16,5,10,8,337.5,403,0
15,16,5,11,1,22.5,12,0
15,16,5,11,2,67.5,11,0
15,16,5,11,3,112.5,9,0
15,16,5,11,4,157.5,6,0
15,16,5,11,5,202.5,17,0
15,16,5,11,6,247.5,9,0
15,16,5,11,7,292.5,11,0
15,16,5,11,8,337.5,16,0
15,16,6,1,1,22.5,53961,115.519
15,16,6,1,2,67.5,54523,122.963
15,16,6,1,3,112.5,53788,134.849
15,16,6,1,4,157.5,53846,134.541
15,16,6,1,5,202.5,53800,124.535
15,16,6,1,6,247.5,53765,108.263
15,16,6,1,7,292.5,54139,96.0177
15,16,6,1,8,337.5,54879,106.513
15,16,6,2,1,22.5,39377,72.1024
15,16,6,2,2,67.5,39660,85.6161
15,16,6,2,3,112.5,38527,103.366
15,16,6,2,4,157.5,38385,118.212
15,16,6,2,5,202.5,38700,102.242
15,16,6,2,6,247.5,38536,74.5403
15,16,6,2,7,292.5,39662,51.5966
15,16,6,2,8,337.5,39852,57.486
15,16,6,3,1,22.5,28350,42.338
15,16,6,3,2,67.5,28273,56.3911
15,16,6,3,3,112.5,27665,80.0257
15,16,6,3,4,157.5,27385,100.841
15,16,6,3,5,202.5,27556,85.5366
15,16,6,3,6,247.5,27608,53.6708
15,16,6,3,7,292.5,28299,34.0282
15,16,6,3,8,337.5,28398,29.8604
15,16,6,4,1,22.5,20110,25.3234
15,16,6,4,2,67.5,19756,37.8596
15,16,6,4,3,112.5,19389,61.8677
15,16,6,4,4,157.5,19017,77.7372
15,16,6,4,5,202.5,18953,64.4302
15,16,6,4,6,247.5,19310,43.599
15,16,6,4,7,292.5,19844,32.0648
15,16,6,4,8,337.5,20115,16.3156
15,16,6,5,1,22.5,22873,15.2539
15,16,6,5,2,67.5,22617,34.1738
15,16,6,5,3,112.5,21948,62.086
15,16,6,5,4,157.5,21098,85.104
15,16,6,5,5,202.5,21392,70.1001
15,16,6,5,6,247.5,22460,49.2258
15,16,6,5,7,292.5,22526,46.2225
15,16,6,5,8,337.5,23119,15.4531
15,16,6,6,1,22.5,9910,4.48202
15,16,6,6,2,67.5,9738,22.4399
15,16,6,6,3,112.5,9505,38.5105
15,16,6,6,4,157.5,9272,53.0539
15,16,6,6,5,202.5,9338,42.6792
15,16,6,6,6,247.5,9366,34.1585
15,16,6,6,7,292.5,9721,36.8869
15,16,6,6,8,337.5,9991,9.35225
15,16,6,7,1,22.5,3860,3.63951
15,16,6,7,2,67.5,3818,17.9318
15,16,6,7,3,112.5,3620,21.926
15,16,6,7,4,157.5,3404,31.1321
15,16,6,7,5,202.5,3394,24.1748
15,16,6,7,6,247.5,3511,22.0095
15,16,6,7,7,292.5,3706,23.5187
15,16,6,7,8,337.5,3783,3.73214
15,16,6,8,1,22.5,1577,0
15,16,6,8,2,67.5,1499,11.9453
15,16,6,8,3,112.5,1442,13.0596
15,16,6,8,4,157.5,1364,18.9407
15,16,6,8,5,202.5,1408,14.8533
15,16,6,8,6,247.5,1491,13.5737
15,16,6,8,7,292.5,1576,15.8781
15,16,6,8,8,337.5,1540,0
15,16,6,9,1,22.5,197,0
15,16,6,9,2,67.5,191,0
15,16,6,9,3,112.5,219,3.35534
15,16,6,9,4,157.5,191,0
15,16,6,9,5,202.5,189,4.69183
15,16,6,9,6,247.5,202,3.61669
15,16,6,9,7,292.5,205,0
15,16,6,9,8,337.5,212,0
15,16,6,10,1,22.5,9,0
15,16,6,10,2,67.5,9,0
15,16,6,10,3,112.5,12,0
15,16,6,10,4,157.5,8,0
15,16,6,10,5,202.5,7,0
15,16,6,10,6,247.5,5,0
15,16,6,10,7,292.5,11,0
15,16,6,10,8,337.5,11,0
15,16,6,11,1,22.5,0,0
15,16,6,11,2,67.5,0,0
15,16,6,11,3,112.5,0,0
15,16,6,11,4,157.5,0,0
15,16,6,11,5,202.5,0,0
15,16,6,11,6,247.5,0,0
15,16,6,11,7,292.5,0,0
15,16,6,11,8,337.5,0,0
15,16,7,1,1,22.5,7594,43.7482
15,16,7,1,2,67.5,7458,46.7134
15,16,7,1,3,112.5,7486,52.0636
15,16,7,1,4,157.5,7596,56.0122
15,16,7,1,5,202.5,7509,45.7595
15,16,7,1,6,247.5,7649,43.9348
15,16,7,1,7,292.5,7476,38.63
15,16,7,1,8,337.5,7547,39.8055
15,16,7,2,1,22.5,4805,28.022
15,16,7,2,2,67.5,4722,31.197
15,16,7,2,3,112.5,4724,35.7125
15,16,7,2,4,157.5,4477,39.5304
15,16,7,2,5,202.5,4644,36.2177
15,16,7,2,6,247.5,4780,25.2561
15,16,7,2,7,292.5,4739,18.9565
15,16,7,2,8,337.5,4698,23.0331
15,16,7,3,1,22.5,2958,16.4854
15,16,7,3,2,67.5,2792,21.0719
15,16,7,3,3,112.5,2721,24.1499
15,16,7,3,4,157.5,2671,29.1543
15,16,7,3,5,202.5,2735,24.8829
15,16,7,3,6,247.5,2748,16.7573
15,16,7,3,7,292.5,2747,11.2928
15,16,7,3,8,337.5,2835,11.185
15,16,7,4,1,22.5,1745,9.91225
15,16,7,4,2,67.5,1617,11.8188
15,16,7,4,3,112.5,1562,17.4925
15,16,7,4,4,157.5,1545,22.8847
15,16,7,4,5,202.5,1577,16.7229
15,16,7,4,6,247.5,1557,12.3354
15,16,7,4,7,292.5,1674,6.63107
15,16,7,4,8,337.5,1749,0
15,16,7,5,1,22.5,1422,0
15,16,7,5,2,67.5,1457,8.46788
15,16,7,5,3,112.5,1395,17.4256
15,16,7,5,4,157.5,1263,21.3414
15,16,7,5,5,202.5,1383,15.0113
15,16,7,5,6,247.5,1416,9.71566
15,16,7,5,7,292.5,1404,9.33084
15,16,7,5,8,337.5,1443,0
15,16,7,6,1,22.5,359,0
15,16,7,6,2,67.5,364,0
15,16,7,6,3,112.5,307,6.49548
15,16,7,6,4,157.5,326,7.67411
15,16,7,6,5,202.5,349,8.70618
15,16,7,6,6,247.5,347,0
15,16,7,6,7,292.5,345,0
15,16,7,6,8,337.5,357,0
15,16,7,7,1,22.5,66,0
15,16,7,7,2,67.5,86,0
15,16,7,7,3,112.5,76,0
15,16,7,7,4,157.5,44,3.55242
15,16,7,7,5,202.5,62,0
15,16,7,7,6,247.5,59,0
15,16,7,7,7,292.5,61,0
15,16,7,7,8,337.5,58,0
15,16,7,8,1,22.5,3,0
15,16,7,8,2,67.5,2,0
15,16,7,8,3,112.5,3,0
15,16,7,8,4,157.5,3,0
15,16,7,8,5,202.5,2,0
15,16,7,8,6,247.5,5,0
15,16,7,8,7,292.5,3,0
15,16,7,8,8,337.5,7,0
15,16,7,9,1,22.5,0,0
15,16,7,9,2,67.5,0,0
15,16,7,9,3,112.5,0,0
15,16,7,9,4,157.5,0,0
15,16,7,9,5,202.5,0,0
15,16,7,9,6,247.5,0,0
15,16,7,9,7,292.5,0,0
15,16,7,9,8,337.5,0,0
15,16,7,10,1,22.5,0,0
15,16,7,10,2,67.5,0,0
15,16,7,10,3,112.5,0,0
15,16,7,10,4,157.5,0,0
15,16,7,10,5,202.5,0,0
15,16,7,10,6,247.5,0,0
15,16,7,10,7,292.5,0,0
15,16,7,10,8,337.5,0,0
15,16,7,11,1,22.5,0,0
15,16,7,11,2,67.5,0,0
15,16,7,11,3,112.5,0,0
15,16,7,11,4,157.5,0,0
15,16,7,11,5,202.5,0,0
15,16,7,11,6,247.5,0,0
15,16,7,11,7,292.5,0,0
15,16,7,11,8,337.5,0,0
15,16,8,1,1,22.5,72.0793,9.06286
15,16,8,1,2,67.5,45.6811,7.37987
15,16,8,1,3,112.5,112.399,11.9973
15,16,8,1,4,157.5,71.6348,9.67065
15,16,8,1,5,202.5,8,0
15,16,8,1,6,247.5,7,0
15,16,8,1,7,292.5,42.5322,7.18723
15,16,8,1,8,337.5,12.6721,4.18589
15,16,8,2,1,22.5,1,0
15,16,8,2,2,67.5,21.6458,5.12376
15,16,8,2,3,112.5,47.7118,7.48576
15,16,8,2,4,157.5,36.0565,6.54408
15,16,8,2,5,202.5,17.0079,4.28339
15,16,8,2,6,247.5,10.5597,3.63386
15,16,8,2,7,292.5,14.0327,3.94628
15,16,8,2,8,337.5,1,0
15,16,8,3,1,22.5,0,0
15,16,8,3,2,67.5,0,0
15,16,8,3,3,112.5,0,0
15,16,8,3,4,157.5,27.4544,5.74619
15,16,8,3,5,202.5,0,0
15,16,8,3,6,247.5,0,0
15,16,8,3,7,292.5,0,0
15,16,8,3,8,337.5,0,0
15,16,8,4,1,22.5,11.3084,3.89916
15,16,8,4,2,67.5,0,0
15,16,8,4,3,112.5,20.6651,4.81728
15,16,8,4,4,157.5,0,0
15,16,8,4,5,202.5,0,0
15,16,8,4,6,247.5,0,0
15,16,8,4,7,292.5,0,0
15,16,8,4,8,337.5,10.1393,3.49655
15,16,8,5,1,22.5,0,0
15,16,8,5,2,67.5,0,0
15,16,8,5,3,112.5,10.1393,3.49655
15,16,8,5,4,157.5,22.7005,5.0426
15,16,8,5,5,202.5,8.85611,3.22134
15,16,8,5,6,247.5,0,0
15,16,8,5,7,292.5,0,0
15,16,8,5,8,337.5,0,0
15,16,8,6,1,22.5,0,0
15,16,8,6,2,67.5,0,0
15,16,8,6,3,112.5,0,0
15,16,8,6,4,157.5,0,0
15,16,8,6,5,202.5,0,0
15,16,8,6,6,247.5,0,0
15,16,8,6,7,292.5,0,0
15,16,8,6,8,337.5,0,0
15,16,8,7,1,22.5,0,0
15,16,8,7,2,67.5,0,0
15,16,8,7,3,112.5,0,0
15,16,8,7,4,157.5,0,0
15,16,8,7,5,202.5,0,0
15,16,8,7,6,247.5,0,0
15,16,8,7,7,292.5,0,0
15,16,8,7,8,337.5,0,0
15,16,8,8,1,22.5,0,0
15,16,8,8,2,67.5,0,0
15,16,8,8,3,112.5,0,0
15,16,8,8,4,157.5,0,0
15,16,8,8,5,202.5,0,0
15,16,8,8,6,247.5,0,0
15,16,8,8,7,292.5,0,0
15,16,8,8,8,337.5,0,0
15,16,8,9,1,22.5,0,0
15,16,8,9,2,67.5,0,0
15,16,8,9,3,112.5,0,0
15,16,8,9,4,157.5,0,0
15,16,8,9,5,202.5,0,0
15,16,8,9,6,247.5,0,0
15,16,8,9,7,292.5,0,0
15,16,8,9,8,337.5,0,0
15,16,8,10,1,22.5,0,0
15,16,8,10,2,67.5,0,0
15,16,8,10,3,112.5,0,0
15,16,8,10,4,157.5,0,0
15,16,8,10,5,202.5,0,0
15,16,8,10,6,247.5,0,0
15,16,8,10,7,292.5,0,0
15,16,8,10,8,337.5,0,0
15,16,8,11,1,22.5,0,0
15,16,8,11,2,67.5,0,0
15,16,8,11,3,112.5,0,0
15,16,8,11,4,157.5,0,0
15,16,8,11,5,202.5,0,0
15,16,8,11,6,247.5,0,0
15,16,8,11,7,292.5,0,0
15,16,8,11,8,337.5,0,0
16,17,1,1,1,22.5,5.96736e+06,181.865
16,17,1,1,2,67.5,5.964e+06,339.777
16,17,1,1,3,112.5,5.94578e+06,277.695
16,17,1,1,4,157.5,5.91894e+06,367.036
16,17,1,1,5,202.5,5.93207e+06,401.328
16,17,1,1,6,247.5,5.94719e+06,410.85
16,17,1,1,7,292.5,5.97137e+06,377.356
16,17,1,1,8,337.5,5.97372e+06,170.174
16,17,1,2,1,22.5,2.33372e+06,67.7061
16,17,1,2,2,67.5,2.32795e+06,156.969
16,17,1,2,3,112.5,2.30587e+06,195.013
16,17,1,2,4,157.5,2.2907e+06,224.888
16,17,1,2,5,202.5,2.29003e+06,182.223
16,17,1,2,6,247.5,2.31215e+06,207.282
16,17,1,2,7,292.5,2.3289e+06,155.782
16,17,1,2,8,337.5,2.33428e+06,74.4073
16,17,1,3,1,22.5,1.12353e+06,64.0065
16,17,1,3,2,67.5,1.11902e+06,103.509
16,17,1,3,3,112.5,1.10601e+06,108.952
16,17,1,3,4,157.5,1.09482e+06,118.625
16,17,1,3,5,202.5,1.09727e+06,93.8794
16,17,1,3,6,247.5,1.11059e+06,162.516
16,17,1,3,7,292.5,1.12065e+06,115.418
16,17,1,3,8,337.5,1.12302e+06,54.3871
16,17,1,4,1,22.5,595305,46.4121
16,17,1,4,2,67.5,592934,66.0905
16,17,1,4,3,112.5,584518,69.0845
16,17,1,4,4,157.5,578180,63.4965
16,17,1,4,5,202.5,577614,56.2718
16,17,1,4,6,247.5,585075,80.0124
16,17,1,4,7,292.5,593916,66.3529
16,17,1,4,8,337.5,593084,43.5984
16,17,1,5,1,22.5,521450,29.2119
16,17,1,5,2,67.5,517311,41.9523
16,17,1,5,3,112.5,511580,41.8594
16,17,1,5,4,157.5,504080,63.1385
16,17,1,5,5,202.5,503464,31.3439
16,17,1,5,6,247.5,512868,52.294
16,17,1,5,7,292.5,518847,41.5471
16,17,1,5,8,337.5,518979,29.5887
16,17,1,6,1,22.5,173111,7.73671
16,17,1,6,2,67.5,172284,8.14711
16,17,1,6,3,112.5,169305,31.7319
16,17,1,6,4,157.5,166817,13.5129
16,17,1,6,5,202.5,165820,8.81135
16,17,1,6,6,247.5,170452,57.8853
16,17,1,6,7,292.5,172495,9.70266
16,17,1,6,8,337.5,172287,7.46892
16,17,1,7,1,22.5,57764,0
16,17,1,7,2,67.5,57638,0
16,17,1,7,3,112.5,56337,5.12769
16,17,1,7,4,157.5,55422,0
16,17,1,7,5,202.5,55596,8.91185
16,17,1,7,6,247.5,56731,0
16,17,1,7,7,292.5,57242,8.45849
16,17,1,7,8,337.5,57702,0
16,17,1,8,1,22.5,22588,0
16,17,1,8,2,67.5,22078,0
16,17,1,8,3,112.5,21566,0
16,17,1,8,4,157.5,21173,0
16,17,1,8,5,202.5,21209,0
16,17,1,8,6,247.5,21778,4.53853
16,17,1,8,7,292.5,21956,0
16,17,1,8,8,337.5,22193,0
16,17,1,9,1,22.5,3418,0
16,17,1,9,2,67.5,3398,0
16,17,1,9,3,112.5,3392,0
16,17,1,9,4,157.5,3198,5.53787
16,17,1,9,5,202.5,3192,0
16,17,1,9,6,247.5,3309,4.01027
16,17,1,9,7,292.5,3440,0
16,17,1,9,8,337.5,3346,0
16,17,1,10,1,22.5,331,0
16,17,1,10,2,67.5,312,0
16,17,1,10,3,112.5,292,0
16,17,1,10,4,157.5,305,0
16,17,1,10,5,202.5,280,0
16,17,1,10,6,247.5,329,0
16,17,1,10,7,292.5,318,0
16,17,1,10,8,337.5,343,0
16,17,1,11,1,22.5,1,0
16,17,1,11,2,67.5,0,0
16,17,1,11,3,112.5,0,0
16,17,1,11,4,157.5,0,0
16,17,1,11,5,202.5,2,0
16,17,1,11,6,247.5,1,0
16,17,1,11,7,292.5,0,0
16,17,1,11,8,337.5,1,0
16,17,2,1,1,22.5,704777,284.644
16,17,2,1,2,67.5,702199,368.996
16,17,2,1,3,112.5,697268,380.729
16,17,2,1,4,157.5,694130,583.466
16,17,2,1,5,202.5,693994,568.572
16,17,2,1,6,247.5,697104,428.11
16,17,2,1,7,292.5,701974,194.454
16,17,2,1,8,337.5,704240,304.862
16,17,2,2,1,22.5,518893,126.776
16,17,2,2,2,67.5,515169,223.259
16,17,2,2,3,112.5,509925,269.673
16,17,2,2,4,157.5,504636,496.499
16,17,2,2,5,202.5,506761,352.304
16,17,2,2,6,247.5,510228,265.599
16,17,2,2,7,292.5,516626,241.619
16,17,2,2,8,337.5,520889,111.746
16,17,2,3,1,22.5,374154,79.1604
16,17,2,3,2,67.5,369785,176.232
16,17,2,3,3,112.5,364171,208.297
16,17,2,3,4,157.5,360117,244.419
16,17,2,3,5,202.5,361239,208.148
16,17,2,3,6,247.5,364702,213.657
16,17,2,3,7,292.5,372340,188.039
16,17,2,3,8,337.5,374561,82.7532
16,17,2,4,1,22.5,266491,74.536
16,17,2,4,2,67.5,264501,146.579
16,17,2,4,3,112.5,258011,156.165
16,17,2,4,4,157.5,255177,168.839
16,17,2,4,5,202.5,255776,146.701
16,17,2,4,6,247.5,260379,178.82
16,17,2,4,7,292.5,265177,157.35
16,17,2,4,8,337.5,268446,72.0619
16,17,2,5,1,22.5,323717,89.0484
16,17,2,5,2,67.5,319332,164.425
16,17,2,5,3,112.5,312002,161.872
16,17,2,5,4,157.5,306472,168.946
16,17,2,5,5,202.5,307625,153.269
16,17,2,5,6,247.5,312609,186.521
16,17,2,5,7,292.5,319817,157.967
16,17,2,5,8,337.5,322184,91.3782
16,17,2,6,1,22.5,163258,58.2164
16,17,2,6,2,67.5,161773,102.486
16,17,2,6,3,112.5,158065,101.863
16,17,2,6,4,157.5,154554,86.8586
16,17,2,6,5,202.5,155074,76.172
16,17,2,6,6,247.5,157664,106.368
16,17,2,6,7,292.5,161656,91.8387
16,17,2,6,8,337.5,163472,55.0764
16,17,2,7,1,22.5,83249,33.9728
16,17,2,7,2,67.5,82115,53.6862
16,17,2,7,3,112.5,80185,49.726
16,17,2,7,4,157.5,78177,42.0624
16,17,2,7,5,202.5,78807,42.0194
16,17,2,7,6,247.5,80353,57.8544
16,17,2,7,7,292.5,82588,50.5783
16,17,2,7,8,337.5,83038,32.1018
16,17,2,8,1,22.5,54017,21.9008
16,17,2,8,2,67.5,53331,26.3407
16,17,2,8,3,112.5,51433,25.5833
16,17,2,8,4,157.5,50100,25.2795
16,17,2,8,5,202.5,50693,35.2523
16,17,2,8,6,247.5,52111,29.3545
16,17,2,8,7,292.5,53285,30.3879
16,17,2,8,8,337.5,53932,18.0693
16,17,2,9,1,22.5,17796,4.79768
16,17,2,9,2,67.5,17958,5.86493
16,17,2,9,3,112.5,17079,8.30648
16,17,2,9,4,157.5,16629,0
16,17,2,9,5,202.5,16836,4.6412
16,17,2,9,6,247.5,17198,8.66155
16,17,2,9,7,292.5,17759,8.15243
16,17,2,9,8,337.5,17533,5.98342
16,17,2,10,1,22.5,5737,0
16,17,2,10,2,67.5,5786,0
16,17,2,10,3,112.5,5726,6.76915
16,17,2,10,4,157.5,5392,5.76862
16,17,2,10,5,202.5,5521,0
16,17,2,10,6,247.5,5614,0
16,17,2,10,7,292.5,5813,0
16,17,2,10,8,337.5,5729,0
16,17,2,11,1,22.5,833,0
16,17,2,11,2,67.5,765,0
16,17,2,11,3,112.5,778,0
16,17,2,11,4,157.5,678,0
16,17,2,11,5,202.5,713,0
16,17,2,11,6,247.5,732,0
16,17,2,11,7,292.5,777,0
16,17,2,11,8,337.5,747,0
16,17,3,1,1,22.5,361185,185.07
16,17,3,1,2,67.5,360522,258.694
16,17,3,1,3,112.5,357270,413.111
16,17,3,1,4,157.5,355227,440.306
16,17,3,1,5,202.5,355888,404.928
16,17,3,1,6,247.5,358478,297.86
16,17,3,1,7,292.5,360985,235.261
16,17,3,1,8,337.5,361543,289.17
16,17,3,2,1,22.5,283184,102.012
16,17,3,2,2,67.5,280670,161.403
16,17,3,2,3,112.5,276715,258.409
16,17,3,2,4,157.5,275153,332.15
16,17,3,2,5,202.5,276289,283.461
16,17,3,2,6,247.5,279099,228.343
16,17,3,2,7,292.5,282636,173.399
16,17,3,2,8,337.5,284588,98.7884
16,17,3,3,1,22.5,219012,63.8961
16,17,3,3,2,67.5,217105,127.528
16,17,3,3,3,112.5,213027,189.028
16,17,3,3,4,157.5,209655,236.196
16,17,3,3,5,202.5,210777,253.548
16,17,3,3,6,247.5,213241,208.016
16,17,3,3,7,292.5,217681,147.75
16,17,3,3,8,337.5,219469,55.6873
16,17,3,4,1,22.5,166413,44.162
16,17,3,4,2,67.5,164006,115.471
16,17,3,4,3,112.5,160096,147.325
16,17,3,4,4,157.5,157342,195.312
16,17,3,4,5,202.5,157435,170.562
16,17,3,4,6,247.5,160504,153.891
16,17,3,4,7,292.5,164526,139.777
16,17,3,4,8,337.5,166114,42.2029
16,17,3,5,1,22.5,214247,52.1921
16,17,3,5,2,67.5,210983,158.799
16,17,3,5,3,112.5,204009,164.8
16,17,3,5,4,157.5,199498,210.809
16,17,3,5,5,202.5,200358,173.492
16,17,3,5,6,247.5,205478,188.1
16,17,3,5,7,292.5,211704,160.471
16,17,3,5,8,337.5,213728,53.2032
16,17,3,6,1,22.5,114766,46.689
16,17,3,6,2,67.5,112449,122.677
16,17,3,6,3,112.5,108801,124.562
16,17,3,6,4,157.5,105612,138.994
16,17,3,6,5,202.5,106265,116.977
16,17,3,6,6,247.5,109055,139.621
16,17,3,6,7,292.5,112245,121.918
16,17,3,6,8,337.5,114106,44.808
16,17,3,7,1,22.5,60908,37.4377
16,17,3,7,2,67.5,59814,93.0028
16,17,3,7,3,112.5,57613,88.0578
16,17,3,7,4,157.5,55698,90.3243
16,17,3,7,5,202.5,55872,79.4234
16,17,3,7,6,247.5,57830,102.986
16,17,3,7,7,292.5,60189,88.411
16,17,3,7,8,337.5,60721,38.8488
16,17,3,8,1,22.5,42938,35.1638
16,17,3,8,2,67.5,42057,74.837
16,17,3,8,3,112.5,40326,71.3184
16,17,3,8,4,157.5,39188,68.7088
16,17,3,8,5,202.5,39094,60.3514
16,17,3,8,6,247.5,39998,82.6376
16,17,3,8,7,292.5,42239,66.3826
16,17,3,8,8,337.5,42723,37.5435
16,17,3,9,1,22.5,16999,22.6835
16,17,3,9,2,67.5,16514,40.9816
16,17,3,9,3,112.5,15968,38.9221
16,17,3,9,4,157.5,15283,36.6288
16,17,3,9,5,202.5,15145,31.8737
16,17,3,9,6,247.5,15844,44.3142
16,17,3,9,7,292.5,16560,36.5273
16,17,3,9,8,337.5,16788,23.5012
16,17,3,10,1,22.5,7933,13.7217
16,17,3,10,2,67.5,7626,22.5673
16,17,3,10,3,112.5,7112,20.9202
16,17,3,10,4,157.5,6927,18.8503
16,17,3,10,5,202.5,6972,15.0067
16,17,3,10,6,247.5,7141,23.5523
16,17,3,10,7,292.5,7644,20.1244
16,17,3,10,8,337.5,7525,15.2103
16,17,3,11,1,22.5,2167,0
16,17,3,11,2,67.5,2210,6.38024
16,17,3,11,3,112.5,1959,8.13849
16,17,3,11,4,157.5,1967,4.96856
16,17,3,11,5,202.5,2020,4.26178
16,17,3,11,6,247.5,2019,6.25132
16,17,3,11,7,292.5,2100,7.28957
16,17,3,11,8,337.5,2273,4.68187
16,17,4,1,1,22.5,218985,184.342
16,17,4,1,2,67.5,217645,216.781
16,17,4,1,3,112.5,217047,265.88
16,17,4,1,4,157.5,214880,294.274
16,17,4,1,5,202.5,214309,283.041
16,17,4,1,6,247.5,216846,215.744
16,17,4,1,7,292.5,218298,157.587
16,17,4,1,8,337.5,218572,190.343
16,17,4,2,1,22.5,174592,89.5904
16,17,4,2,2,67.5,173426,134.569
16,17,4,2,3,112.5,170696,203.752
16,17,4,2,4,157.5,168455,246.171
16,17,4,2,5,202.5,169842,210.76
16,17,4,2,6,247.5,171795,147.935
16,17,4,2,7,292.5,173284,108.702
16,17,4,2,8,337.5,174320,73.23
16,17,4,3,1,22.5,137126,48.5811
16,17,4,3,2,67.5,135004,95.0131
16,17,4,3,3,112.5,132541,172.62
16,17,4,3,4,157.5,130458,207.049
16,17,4,3,5,202.5,130836,179.266
16,17,4,3,6,247.5,132486,133.5
16,17,4,3,7,292.5,135461,104.393
16,17,4,3,8,337.5,136752,48.3487
16,17,4,4,1,22.5,105466,31.798
16,17,4,4,2,67.5,103449,77.1122
16,17,4,4,3,112.5,100945,129.827
16,17,4,4,4,157.5,98943,169.51
16,17,4,4,5,202.5,99031,148.505
16,17,4,4,6,247.5,101529,119.061
16,17,4,4,7,292.5,103854,104.206
16,17,4,4,8,337.5,104668,30.8888
16,17,4,5,1,22.5,140206,31.0411
16,17,4,5,2,67.5,137493,104.318
16,17,4,5,3,112.5,133467,146.854
16,17,4,5,4,157.5,129456,200.439
16,17,4,5,5,202.5,130500,160.622
16,17,4,5,6,247.5,133343,151.527
16,17,4,5,7,292.5,138124,132.231
16,17,4,5,8,337.5,140121,32.6087
16,17,4,6,1,22.5,78945,22.8967
16,17,4,6,2,67.5,77010,94.2434
16,17,4,6,3,112.5,73521,106.188
16,17,4,6,4,157.5,71485,139.71
16,17,4,6,5,202.5,71949,116.497
16,17,4,6,6,247.5,74451,118.085
16,17,4,6,7,292.5,77171,108.7
16,17,4,6,8,337.5,78498,21.4771
16,17,4,7,1,22.5,43042,17.8122
16,17,4,7,2,67.5,42001,76.9571
16,17,4,7,3,112.5,40168,80.0905
16,17,4,7,4,157.5,38376,99.9575
16,17,4,7,5,202.5,38883,82.3955
16,17,4,7,6,247.5,40315,90.5738
16,17,4,7,7,292.5,41843,79.0444
16,17,4,7,8,337.5,43165,15.7506
16,17,4,8,1,22.5,30876,16.3705
16,17,4,8,2,67.5,30105,71.3396
16,17,4,8,3,112.5,27984,68.8109
16,17,4,8,4,157.5,27074,80.7573
16,17,4,8,5,202.5,26934,68.0008
16,17,4,8,6,247.5,28620,80.0448
16,17,4,8,7,292.5,30130,65.0849
16,17,4,8,8,337.5,30812,16.1177
16,17,4,9,1,22.5,12253,13.8156
16,17,4,9,2,67.5,11869,45.0122
16,17,4,9,3,112.5,11193,43.1912
16,17,4,9,4,157.5,10498,47.4791
16,17,4,9,5,202.5,10733,40.481
16,17,4,9,6,247.5,11035,51.0501
16,17,4,9,7,292.5,11772,39.0374
16,17,4,9,8,337.5,12099,16.1688
16,17,4,10,1,22.5,5503,14.4901
16,17,4,10,2,67.5,5383,31.1152
16,17,4,10,3,112.5,4946,28.0854
16,17,4,10,4,157.5,4828,31.0106
16,17,4,10,5,202.5,4750,26.9706
16,17,4,10,6,247.5,5193,34.7585
16,17,4,10,7,292.5,5307,25.9737
16,17,4,10,8,337.5,5544,13.4201
16,17,4,11,1,22.5,1855,9.42282
16,17,4,11,2,67.5,1743,16.4726
16,17,4,11,3,112.5,1632,15.9325
16,17,4,11,4,157.5,1525,15.9014
16,17,4,11,5,202.5,1538,13.9105
16,17,4,11,6,247.5,1670,18.4817
16,17,4,11,7,292.5,1705,14.8979
16,17,4,11,8,337.5,1871,8.65341
16,17,5,1,1,22.5,120957,126.667
16,17,5,1,2,67.5,120619,156.759
16,17,5,1,3,112.5,119522,182.464
16,17,5,1,4,157.5,118731,205.324
16,17,5,1,5,202.5,118781,184.547
16,17,5,1,6,247.5,119995,161.142
16,17,5,1,7,292.5,121236,118.292
16,17,5,1,8,337.5,121151,133.488
16,17,5,2,1,22.5,95581,72.4026
16,17,5,2,2,67.5,94635,114.063
16,17,5,2,3,112.5,93558,160.979
16,17,5,2,4,157.5,91591,172.964
16,17,5,2,5,202.5,91041,147.457
16,17,5,2,6,247.5,93146,103.078
16,17,5,2,7,292.5,95094,81.4631
16,17,5,2,8,337.5,95872,61.2111
16,17,5,3,1,22.5,74926,43.2559
16,17,5,3,2,67.5,73562,77.9497
16,17,5,3,3,112.5,72021,134.305
16,17,5,3,4,157.5,70288,149.973
16,17,5,3,5,202.5,70230,128.128
16,17,5,3,6,247.5,71688,92.9806
16,17,5,3,7,292.5,73760,70.3376
16,17,5,3,8,337.5,74495,30.2648
16,17,5,4,1,22.5,57369,32.3332
16,17,5,4,2,67.5,56712,59.2239
16,17,5,4,3,112.5,54776,104.25
16,17,5,4,4,157.5,53448,127.957
16,17,5,4,5,202.5,54077,108.554
16,17,5,4,6,247.5,54818,80.7118
16,17,5,4,7,292.5,57123,67.4226
16,17,5,4,8,337.5,56797,20.3842
16,17,5,5,1,22.5,77718,17.3523
16,17,5,5,2,67.5,76603,66.6737
16,17,5,5,3,112.5,73786,118.305
16,17,5,5,4,157.5,71074,148.888
16,17,5,5,5,202.5,71949,135.88
16,17,5,5,6,247.5,74296,109.017
16,17,5,5,7,292.5,76279,91.2127
16,17,5,5,8,337.5,78619,22.2014
16,17,5,6,1,22.5,45116,12.125
16,17,5,6,2,67.5,43720,57.1185
16,17,5,6,3,112.5,41979,82.1368
16,17,5,6,4,157.5,40332,110.519
16,17,5,6,5,202.5,40165,90.9189
16,17,5,6,6,247.5,42159,83.656
16,17,5,6,7,292.5,44112,75.7653
16,17,5,6,8,337.5,45031,14.4076
16,17,5,7,1,22.5,25265,9.54126
16,17,5,7,2,67.5,24808,50.2473
16,17,5,7,3,112.5,23609,60.5852
16,17,5,7,4,157.5,22259,81.824
16,17,5,7,5,202.5,22469,66.9032
16,17,5,7,6,247.5,23324,67.8607
16,17,5,7,7,292.5,24552,60.2402
16,17,5,7,8,337.5,25182,7.71531
16,17,5,8,1,22.5,18168,8.34933
16,17,5,8,2,67.5,17665,48.405
16,17,5,8,3,112.5,16626,51.3743
16,17,5,8,4,157.5,15500,66.109
16,17,5,8,5,202.5,15767,54.1958
16,17,5,8,6,247.5,16744,59.0812
16,17,5,8,7,292.5,17709,51.2418
16,17,5,8,8,337.5,18253,5.01533
16,17,5,9,1,22.5,7111,4.84523
16,17,5,9,2,67.5,6953,30.8244
16,17,5,9,3,112.5,6236,31.6345
16,17,5,9,4,157.5,6033,39.8947
16,17,5,9,5,202.5,5951,33.9555
16,17,5,9,6,247.5,6616,38.2007
16,17,5,9,7,292.5,6774,29.4416
16,17,5,9,8,337.5,7106,3.91626
16,17,5,10,1,22.5,3085,3.35535
16,17,5,10,2,67.5,2958,21.7126
16,17,5,10,3,112.5,2651,20.8095
16,17,5,10,4,157.5,2547,25.7994
16,17,5,10,5,202.5,2579,22.1331
16,17,5,10,6,247.5,2669,23.5345
16,17,5,10,7,292.5,2897,18.6911
16,17,5,10,8,337.5,3040,5.78805
16,17,5,11,1,22.5,927,4.34552
16,17,5,11,2,67.5,809,11.6176
16,17,5,11,3,112.5,738,12.0538
16,17,5,11,4,157.5,683,12.9783
16,17,5,11,5,202.5,732,12.1888
16,17,5,11,6,247.5,735,13.5133
16,17,5,11,7,292.5,804,10.2685
16,17,5,11,8,337.5,866,0
16,17,6,1,1,22.5,50896,85.0392
16,17,6,1,2,67.5,50570,100.912
16,17,6,1,3,112.5,49732,111.034
16,17,6,1,4,157.5,49713,116.123
16,17,6,1,5,202.5,49568,109.037
16,17,6,1,6,247.5,49651,101.17
16,17,6,1,7,292.5,50547,87.4967
16,17,6,1,8,337.5,50935,78.3187
16,17,6,2,1,22.5,39902,52.959
16,17,6,2,2,67.5,39464,78.0605
16,17,6,2,3,112.5,38350,101.085
16,17,6,2,4,157.5,37357,107.27
16,17,6,2,5,202.5,37672,98.0934
16,17,6,2,6,247.5,38441,67.8981
16,17,6,2,7,292.5,39186,45.567
16,17,6,2,8,337.5,39736,41.6977
16,17,6,3,1,22.5,30485,30.8478
16,17,6,3,2,67.5,30154,58.3263
16,17,6,3,3,112.5,29298,81.7737
16,17,6,3,4,157.5,28467,93.558
16,17,6,3,5,202.5,28743,80.0622
16,17,6,3,6,247.5,29394,59.5067
16,17,6,3,7,292.5,30351,38.2828
16,17,6,3,8,337.5,30130,20.652
16,17,6,4,1,22.5,23146,17.6211
16,17,6,4,2,67.5,23175,42.7786
16,17,6,4,3,112.5,21879,66.8567
16,17,6,4,4,157.5,21600,79.1135
16,17,6,4,5,202.5,21664,66.79
16,17,6,4,6,247.5,22243,50.9462
16,17,6,4,7,292.5,23169,37.2167
16,17,6,4,8,337.5,23394,11.9832
16,17,6,5,1,22.5,30642,10.2102
16,17,6,5,2,67.5,30261,39.8933
16,17,6,5,3,112.5,28820,76.7963
16,17,6,5,4,157.5,27886,101.412
16,17,6,5,5,202.5,28302,77.3085
16,17,6,5,6,247.5,29424,64.3905
16,17,6,5,7,292.5,30565,52.6011
16,17,6,5,8,337.5,31115,8.55647
16,17,6,6,1,22.5,17499,0
16,17,6,6,2,67.5,16984,28.519
16,17,6,6,3,112.5,15953,53.1472
16,17,6,6,4,157.5,15287,68.2717
16,17,6,6,5,202.5,15806,56.8731
16,17,6,6,6,247.5,16220,49.7846
16,17,6,6,7,292.5,17171,45.3405
16,17,6,6,8,337.5,17341,5.85036
16,17,6,7,1,22.5,9653,0
16,17,6,7,2,67.5,9371,25.1894
16,17,6,7,3,112.5,8780,36.6491
16,17,6,7,4,157.5,8215,49.238
16,17,6,7,5,202.5,8458,38.9137
16,17,6,7,6,247.5,8733,39.2772
16,17,6,7,7,292.5,9220,33.8241
16,17,6,7,8,337.5,9791,3.3683
16,17,6,8,1,22.5,6593,0
16,17,6,8,2,67.5,6339,25.0792
16,17,6,8,3,112.5,5981,29.694
16,17,6,8,4,157.5,5641,39.2982
16,17,6,8,5,202.5,5667,33.9522
16,17,6,8,6,247.5,6133,33.6423
16,17,6,8,7,292.5,6388,29.2784
16,17,6,8,8,337.5,6531,0
16,17,6,9,1,22.5,2365,0
16,17,6,9,2,67.5,2266,15.7606
16,17,6,9,3,112.5,2106,19.1311
16,17,6,9,4,157.5,2160,22.9344
16,17,6,9,5,202.5,2013,18.9742
16,17,6,9,6,247.5,2138,21.0564
16,17,6,9,7,292.5,2329,18.1657
16,17,6,9,8,337.5,2402,0
16,17,6,10,1,22.5,859,0
16,17,6,10,2,67.5,838,9.31081
16,17,6,10,3,112.5,772,10.3391
16,17,6,10,4,157.5,677,12.3207
16,17,6,10,5,202.5,691,10.4292
16,17,6,10,6,247.5,764,12.1847
16,17,6,10,7,292.5,796,7.50871
16,17,6,10,8,337.5,861,0
16,17,6,11,1,22.5,142,0
16,17,6,11,2,67.5,131,0
16,17,6,11,3,112.5,107,0
16,17,6,11,4,157.5,81,0
16,17,6,11,5,202.5,90,0
16,17,6,11,6,247.5,125,0
16,17,6,11,7,292.5,110,0
16,17,6,11,8,337.5,140,0
16,17,7,1,1,22.5,11759,38.077
16,17,7,1,2,67.5,11554,48.7816
16,17,7,1,3,112.5,11687,50.8521
16,17,7,1,4,157.5,11521,54.5969
16,17,7,1,5,202.5,11680,57.0989
16,17,7,1,6,247.5,11626,44.4423
16,17,7,1,7,292.5,11560,41.8077
16,17,7,1,8,337.5,11833,38.7235
16,17,7,2,1,22.5,8857,22.9387
16,17,7,2,2,67.5,8641,38.5336
16,17,7,2,3,112.5,8569,45.7877
16,17,7,2,4,157.5,8416,50.5916
16,17,7,2,5,202.5,8381,43.7212
16,17,7,2,6,247.5,8448,31.0327
16,17,7,2,7,292.5,8736,19.4533
16,17,7,2,8,337.5,8979,18.4994
16,17,7,3,1,22.5,6344,10.6921
16,17,7,3,2,67.5,6455,28.6435
16,17,7,3,3,112.5,6234,36.5455
16,17,7,3,4,157.5,6153,40.1054
16,17,7,3,5,202.5,6165,35.5167
16,17,7,3,6,247.5,6136,23.3608
16,17,7,3,7,292.5,6378,15.5265
16,17,7,3,8,337.5,6543,6.53934
16,17,7,4,1,22.5,4803,5.07903
16,17,7,4,2,67.5,4573,19.5825
16,17,7,4,3,112.5,4570,30.4304
16,17,7,4,4,157.5,4329,35.0007
16,17,7,4,5,202.5,4303,28.2563
16,17,7,4,6,247.5,4485,21.2628
16,17,7,4,7,292.5,4727,15.6632
16,17,7,4,8,337.5,4652,0
16,17,7,5,1,22.5,5710,3.44825
16,17,7,5,2,67.5,5755,19.1858
16,17,7,5,3,112.5,5546,32.5594
16,17,7,5,4,157.5,5274,39.3988
16,17,7,5,5,202.5,5333,32.2665
16,17,7,5,6,247.5,5477,26.6949
16,17,7,5,7,292.5,5650,21.1993
16,17,7,5,8,337.5,5778,0
16,17,7,6,1,22.5,2893,0
16,17,7,6,2,67.5,2770,7.85465
16,17,7,6,3,112.5,2557,22.3892
16,17,7,6,4,157.5,2596,28.5571
16,17,7,6,5,202.5,2556,21.8525
16,17,7,6,6,247.5,2740,18.9311
16,17,7,6,7,292.5,2865,15.3742
16,17,7,6,8,337.5,2902,0
16,17,7,7,1,22.5,1327,0
16,17,7,7,2,67.5,1330,6.34413
16,17,7,7,3,112.5,1217,12.1105
16,17,7,7,4,157.5,1172,16.6512
16,17,7,7,5,202.5,1146,14.0903
16,17,7,7,6,247.5,1238,12.9508
16,17,7,7,7,292.5,1291,11.1966
16,17,7,7,8,337.5,1343,0
16,17,7,8,1,22.5,728,0
16,17,7,8,2,67.5,701,0
16,17,7,8,3,112.5,600,7.45657
16,17,7,8,4,157.5,578,11.1863
16,17,7,8,5,202.5,647,10.4366
16,17,7,8,6,247.5,699,8.28221
16,17,7,8,7,292.5,675,8.39181
16,17,7,8,8,337.5,706,0
16,17,7,9,1,22.5,130,0
16,17,7,9,2,67.5,117,0
16,17,7,9,3,112.5,125,0
16,17,7,9,4,157.5,137,4.05615
16,17,7,9,5,202.5,98,0
16,17,7,9,6,247.5,136,0
16,17,7,9,7,292.5,140,0
16,17,7,9,8,337.5,132,0
16,17,7,10,1,22.5,9,0
16,17,7,10,2,67.5,16,0
16,17,7,10,3,112.5,10,0
16,17,7,10,4,157.5,2,0
16,17,7,10,5,202.5,9,0
16,17,7,10,6,247.5,10,0
16,17,7,10,7,292.5,6,0
16,17,7,10,8,337.5,13,0
16,17,7,11,1,22.5,0,0
16,17,7,11,2,67.5,0,0
16,17,7,11,3,112.5,0,0
16,17,7,11,4,157.5,0,0
16,17,7,11,5,202.5,0,0
16,17,7,11,6,247.5,0,0
16,17,7,11,7,292.5,0,0
16,17,7,11,8,337.5,0,0
16,17,8,1,1,22.5,500,0
16,17,8,1,2,67.5,476,4.94087
16,17,8,1,3,112.5,523,5.34273
16,17,8,1,4,157.5,435,7.99196
16,17,8,1,5,202.5,429,6.68168
16,17,8,1,6,247.5,474,5.31461
16,17,8,1,7,292.5,470,0
16,17,8,1,8,337.5,484,6.33186
16,17,8,2,1,22.5,280,0
16,17,8,2,2,67.5,244,0
16,17,8,2,3,112.5,266,6.04015
16,17,8,2,4,157.5,266,0
16,17,8,2,5,202.5,285,0
16,17,8,2,6,247.5,276,0
16,17,8,2,7,292.5,303,0
16,17,8,2,8,337.5,271,0
16,17,8,3,1,22.5,138,0
16,17,8,3,2,67.5,154,0
16,17,8,3,3,112.5,129,0
16,17,8,3,4,157.5,154,0
16,17,8,3,5,202.5,154,0
16,17,8,3,6,247.5,129,0
16,17,8,3,7,292.5,159,0
16,17,8,3,8,337.5,131,0
16,17,8,4,1,22.5,65,0
16,17,8,4,2,67.5,71,0
16,17,8,4,3,112.5,67,0
16,17,8,4,4,157.5,72,0
16,17,8,4,5,202.5,71,0
16,17,8,4,6,247.5,69,0
16,17,8,4,7,292.5,54,0
16,17,8,4,8,337.5,64,0
16,17,8,5,1,22.5,43,0
16,17,8,5,2,67.5,46,0
16,17,8,5,3,112.5,40,0
16,17,8,5,4,157.5,32,0
16,17,8,5,5,202.5,42,0
16,17,8,5,6,247.5,34,0
16,17,8,5,7,292.5,44,0
16,17,8,5,8,337.5,27,0
16,17,8,6,1,22.5,1,0
16,17,8,6,2,67.5,3,0
16,17,8,6,3,112.5,2,0
16,17,8,6,4,157.5,3,0
16,17,8,6,5,202.5,2,0
16,17,8,6,6,247.5,1,0
16,17,8,6,7,292.5,1,0
16,17,8,6,8,337.5,3,0
16,17,8,7,1,22.5,0,0
16,17,8,7,2,67.5,0,0
16,17,8,7,3,112.5,0,0
16,17,8,7,4,157.5,0,0
16,17,8,7,5,202.5,0,0
16,17,8,7,6,247.5,0,0
16,17,8,7,7,292.5,0,0
16,17,8,7,8,337.5,0,0
16,17,8,8,1,22.5,0,0
16,17,8,8,2,67.5,0,0
16,17,8,8,3,112.5,0,0
16,17,8,8,4,157.5,0,0
16,17,8,8,5,202.5,0,0
16,17,8,8,6,247.5,0,0
16,17,8,8,7,292.5,0,0
16,17,8,8,8,337.5,0,0
16,17,8,9,1,22.5,0,0
16,17,8,9,2,67.5,0,0
16,17,8,9,3,112.5,0,0
16,17,8,9,4,157.5,0,0
16,17,8,9,5,202.5,0,0
16,17,8,9,6,247.5,0,0
16,17,8,9,7,292.5,0,0
16,17,8,9,8,337.5,0,0
16,17,8,10,1,22.5,0,0
16,17,8,10,2,67.5,0,0
16,17,8,10,3,112.5,0,0
16,17,8,10,4,157.5,0,0
16,17,8,10,5,202.5,0,0
16,17,8,10,6,247.5,0,0
16,17,8,10,7,292.5,0,0
16,17,8,10,8,337.5,0,0
16,17,8,11,1,22.5,0,0
16,17,8,11,2,67.5,0,0
16,17,8,11,3,112.5,0,0
16,17,8,11,4,157.5,0,0
16,17,8,11,5,202.5,0,0
16,17,8,11,6,247.5,0,0
16,17,8,11,7,292.5,0,0
16,17,8,11,8,337.5,0,0
17,18,1,1,1,22.5,0,0
17,18,1,1,2,67.5,0,0
17,18,1,1,3,112.5,0,0
17,18,1,1,4,157.5,0,0
17,18,1,1,5,202.5,0,0
17,18,1,1,6,247.5,0,0
17,18,1,1,7,292.5,0,0
17,18,1,1,8,337.5,0,0
17,18,1,2,1,22.5,0,0
17,18,1,2,2,67.5,0,0
17,18,1,2,3,112.5,0,0
17,18,1,2,4,157.5,0,0
17,18,1,2,5,202.5,0,0
17,18,1,2,6,247.5,0,0
17,18,1,2,7,292.5,0,0
17,18,1,2,8,337.5,0,0
17,18,1,3,1,22.5,0,0
17,18,1,3,2,67.5,0,0
17,18,1,3,3,112.5,0,0
17,18,1,3,4,157.5,0,0
17,18,1,3,5,202.5,0,0
17,18,1,3,6,247.5,0,0
17,18,1,3,7,292.5,0,0
17,18,1,3,8,337.5,0,0
17,18,1,4,1,22.5,0,0
17,18,1,4,2,67.5,0,0
17,18,1,4,3,112.5,0,0
17,18,1,4,4,157.5,0,0
17,18,1,4,5,202.5,0,0
17,18,1,4,6,247.5,0,0
17,18,1,4,7,292.5,0,0
17,18,1,4,8,337.5,0,0
17,18,1,5,1,22.5,0,0
17,18,1,5,2,67.5,0,0
17,18,1,5,3,112.5,0,0
17,18,1,5,4,157.5,0,0
17,18,1,5,5,202.5,0,0
17,18,1,5,6,247.5,0,0
17,18,1,5,7,292.5,0,0
17,18,1,5,8,337.5,0,0
17,18,1,6,1,22.5,0,0
17,18,1,6,2,67.5,0,0
17,18,1,6,3,112.5,0,0
17,18,1,6,4,157.5,0,0
17,18,1,6,5,202.5,0,0
17,18,1,6,6,247.5,0,0
17,18,1,6,7,292.5,0,0
17,18,1,6,8,337.5,0,0
17,18,1,7,1,22.5,0,0
17,18,1,7,2,67.5,0,0
17,18,1,7,3,112.5,0,0
17,18,1,7,4,157.5,0,0
17,18,1,7,5,202.5,0,0
17,18,1,7,6,247.5,0,0
17,18,1,7,7,292.5,0,0
17,18,1,7,8,337.5,0,0
17,18,1,8,1,22.5,0,0
17,18,1,8,2,67.5,0,0
17,18,1,8,3,112.5,0,0
17,18,1,8,4,157.5,0,0
17,18,1,8,5,202.5,0,0
17,18,1,8,6,247.5,0,0
17,18,1,8,7,292.5,0,0
17,18,1,8,8,337.5,0,0
17,18,1,9,1,22.5,0,0
17,18,1,9,2,67.5,0,0
17,18,1,9,3,112.5,0,0
17,18,1,9,4,157.5,0,0
17,18,1,9,5,202.5,0,0
17,18,1,9,6,247.5,0,0
17,18,1,9,7,292.5,0,0
17,18,1,9,8,337.5,0,0
17,18,1,10,1,22.5,0,0
17,18,1,10,2,67.5,0,0
17,18,1,10,3,112.5,0,0
17,18,1,10,4,157.5,0,0
17,18,1,10,5,202.5,0,0
17,18,1,10,6,247.5,0,0
17,18,1,10,7,292.5,0,0
17,18,1,10,8,337.5,0,0
17,18,1,11,1,22.5,0,0
17,18,1,11,2,67.5,0,0
17,18,1,11,3,112.5,0,0
17,18,1,11,4,157.5,0,0
17,18,1,11,5,202.5,0,0
17,18,1,11,6,247.5,0,0
17,18,1,11,7,292.5,0,0
17,18,1,11,8,337.5,0,0
17,18,2,1,1,22.5,0,0
17,18,2,1,2,67.5,0,0
17,18,2,1,3,112.5,0,0
17,18,2,1,4,157.5,0,0
17,18,2,1,5,202.5,0,0
17,18,2,1,6,247.5,0,0
17,18,2,1,7,292.5,0,0
17,18,2,1,8,337.5,0,0
17,18,2,2,1,22.5,0,0
17,18,2,2,2,67.5,0,0
17,18,2,2,3,112.5,0,0
17,18,2,2,4,157.5,0,0
17,18,2,2,5,202.5,0,0
17,18,2,2,6,247.5,0,0
17,18,2,2,7,292.5,0,0
17,18,2,2,8,337.5,0,0
17,18,2,3,1,22.5,0,0
17,18,2,3,2,67.5,0,0
17,18,2,3,3,112.5,0,0
17,18,2,3,4,157.5,0,0
17,18,2,3,5,202.5,0,0
17,18,2,3,6,247.5,0,0
17,18,2,3,7,292.5,0,0
17,18,2,3,8,337.5,0,0
17,18,2,4,1,22.5,0,0
17,18,2,4,2,67.5,0,0
17,18,2,4,3,112.5,0,0
17,18,2,4,4,157.5,0,0
17,18,2,4,5,202.5,0,0
17,18,2,4,6,247.5,0,0
17,18,2,4,7,292.5,0,0
17,18,2,4,8,337.5,0,0
17,18,2,5,1,22.5,0,0
17,18,2,5,2,67.5,0,0
17,18,2,5,3,112.5,0,0
17,18,2,5,4,157.5,0,0
17,18,2,5,5,202.5,0,0
17,18,2,5,6,247.5,0,0
17,18,2,5,7,292.5,0,0
17,18,2,5,8,337.5,0,0
17,18,2,6,1,22.5,0,0
17,18,2,6,2,67.5,0,0
17,18,2,6,3,112.5,0,0
17,18,2,6,4,157.5,0,0
17,18,2,6,5,202.5,0,0
17,18,2,6,6,247.5,0,0
17,18,2,6,7,292.5,0,0
17,18,2,6,8,337.5,0,0
17,18,2,7,1,22.5,0,0
17,18,2,7,2,67.5,0,0
17,18,2,7,3,112.5,0,0
17,18,2,7,4,157.5,0,0
17,18,2,7,5,202.5,0,0
17,18,2,7,6,247.5,0,0
17,18,2,7,7,292.5,0,0
17,18,2,7,8,337.5,0,0
17,18,2,8,1,22.5,0,0
17,18,2,8,2,67.5,0,0
17,18,2,8,3,112.5,0,0
17,18,2,8,4,157.5,0,0
17,18,2,8,5,202.5,0,0
17,18,2,8,6,247.5,0,0
17,18,2,8,7,292.5,0,0
17,18,2,8,8,337.5,0,0
17,18,2,9,1,22.5,0,0
17,18,2,9,2,67.5,0,0
17,18,2,9,3,112.5,0,0
17,18,2,9,4,157.5,0,0
17,18,2,9,5,202.5,0,0
17,18,2,9,6,247.5,0,0
17,18,2,9,7,292.5,0,0
17,18,2,9,8,337.5,0,0
17,18,2,10,1,22.5,0,0
17,18,2,10,2,67.5,0,0
17,18,2,10,3,112.5,0,0
17,18,2,10,4,157.5,0,0
17,18,2,10,5,202.5,0,0
17,18,2,10,6,247.5,0,0
17,18,2,10,7,292.5,0,0
17,18,2,10,8,337.5,0,0
17,18,2,11,1,22.5,0,0
17,18,2,11,2,67.5,0,0
17,18,2,11,3,112.5,0,0
17,18,2,11,4,157.5,0,0
17,18,2,11,5,202.5,0,0
17,18,2,11,6,247.5,0,0
17,18,2,11,7,292.5,0,0
17,18,2,11,8,337.5,0,0
17,18,3,1,1,22.5,0,0
17,18,3,1,2,67.5,0,0
17,18,3,1,3,112.5,0,0
17,18,3,1,4,157.5,0,0
17,18,3,1,5,202.5,0,0
17,18,3,1,6,247.5,0,0
17,18,3,1,7,292.5,0,0
17,18,3,1,8,337.5,0,0
17,18,3,2,1,22.5,0,0
17,18,3,2,2,67.5,0,0
17,18,3,2,3,112.5,0,0
17,18,3,2,4,157.5,0,0
17,18,3,2,5,202.5,0,0
17,18,3,2,6,247.5,0,0
17,18,3,2,7,292.5,0,0
17,18,3,2,8,337.5,0,0
17,18,3,3,1,22.5,0,0
17,18,3,3,2,67.5,0,0
17,18,3,3,3,112.5,0,0
17,18,3,3,4,157.5,0,0
17,18,3,3,5,202.5,0,0
17,18,3,3,6,247.5,0,0
17,18,3,3,7,292.5,0,0
17,18,3,3,8,337.5,0,0
17,18,3,4,1,22.5,0,0
17,18,3,4,2,67.5,0,0
17,18,3,4,3,112.5,0,0
17,18,3,4,4,157.5,0,0
17,18,3,4,5,202.5,0,0
17,18,3,4,6,247.5,0,0
17,18,3,4,7,292.5,0,0
17,18,3,4,8,337.5,0,0
17,18,3,5,1,22.5,0,0
17,18,3,5,2,67.5,0,0
17,18,3,5,3,112.5,0,0
17,18,3,5,4,157.5,0,0
17,18,3,5,5,202.5,0,0
17,18,3,5,6,247.5,0,0
17,18,3,5,7,292.5,0,0
17,18,3,5,8,337.5,0,0
17,18,3,6,1,22.5,0,0
17,18,3,6,2,67.5,0,0
17,18,3,6,3,112.5,0,0
17,18,3,6,4,157.5,0,0
17,18,3,6,5,202.5,0,0
17,18,3,6,6,247.5,0,0
17,18,3,6,7,292.5,0,0
17,18,3,6,8,337.5,0,0
17,18,3,7,1,22.5,0,0
17,18,3,7,2,67.5,0,0
17,18,3,7,3,112.5,0,0
17,18,3,7,4,157.5,0,0
17,18,3,7,5,202.5,0,0
17,18,3,7,6,247.5,0,0
17,18,3,7,7,292.5,0,0
17,18,3,7,8,337.5,0,0
17,18,3,8,1,22.5,0,0
17,18,3,8,2,67.5,0,0
17,18,3,8,3,112.5,0,0
17,18,3,8,4,157.5,0,0
17,18,3,8,5,202.5,0,0
17,18,3,8,6,247.5,0,0
17,18,3,8,7,292.5,0,0
17,18,3,8,8,337.5,0,0
17,18,3,9,1,22.5,0,0
17,18,3,9,2,67.5,0,0
17,18,3,9,3,112.5,0,0
17,18,3,9,4,157.5,0,0
17,18,3,9,5,202.5,0,0
17,18,3,9,6,247.5,0,0
17,18,3,9,7,292.5,0,0
17,18,3,9,8,337.5,0,0
17,18,3,10,1,22.5,0,0
17,18,3,10,2,67.5,0,0
17,18,3,10,3,112.5,0,0
17,18,3,10,4,157.5,0,0
17,18,3,10,5,202.5,0,0
17,18,3,10,6,247.5,0,0
17,18,3,10,7,292.5,0,0
17,18,3,10,8,337.5,0,0
17,18,3,11,1,22.5,0,0
17,18,3,11,2,67.5,0,0
17,18,3,11,3,112.5,0,0
17,18,3,11,4,157.5,0,0
17,18,3,11,5,202.5,0,0
17,18,3,11,6,247.5,0,0
17,18,3,11,7,292.5,0,0
17,18,3,11,8,337.5,0,0
17,18,4,1,1,22.5,0,0
17,18,4,1,2,67.5,0,0
17,18,4,1,3,112.5,0,0
17,18,4,1,4,157.5,0,0
17,18,4,1,5,202.5,0,0
17,18,4,1,6,247.5,0,0
17,18,4,1,7,292.5,0,0
17,18,4,1,8,337.5,0,0
17,18,4,2,1,22.5,0,0
17,18,4,2,2,67.5,0,0
17,18,4,2,3,112.5,0,0
17,18,4,2,4,157.5,0,0
17,18,4,2,5,202.5,0,0
17,18,4,2,6,247.5,0,0
17,18,4,2,7,292.5,0,0
17,18,4,2,8,337.5,0,0
17,18,4,3,1,22.5,0,0
17,18,4,3,2,67.5,0,0
17,18,4,3,3,112.5,0,0
17,18,4,3,4,157.5,0,0
17,18,4,3,5,202.5,0,0
17,18,4,3,6,247.5,0,0
17,18,4,3,7,292.5,0,0
17,18,4,3,8,337.5,0,0
17,18,4,4,1,22.5,0,0
17,18,4,4,2,67.5,0,0
17,18,4,4,3,112.5,0,0
17,18,4,4,4,157.5,0,0
17,18,4,4,5,202.5,0,0
17,18,4,4,6,247.5,0,0
17,18,4,4,7,292.5,0,0
17,18,4,4,8,337.5,0,0
17,18,4,5,1,22.5,0,0
17,18,4,5,2,67.5,0,0
17,18,4,5,3,112.5,0,0
17,18,4,5,4,157.5,0,0
17,18,4,5,5,202.5,0,0
17,18,4,5,6,247.5,0,0
17,18,4,5,7,292.5,0,0
17,18,4,5,8,337.5,0,0
17,18,4,6,1,22.5,0,0
17,18,4,6,2,67.5,0,0
17,18,4,6,3,112.5,0,0
17,18,4,6,4,157.5,0,0
17,18,4,6,5,202.5,0,0
17,18,4,6,6,247.5,0,0
17,18,4,6,7,292.5,0,0
17,18,4,6,8,337.5,0,0
17,18,4,7,1,22.5,0,0
17,18,4,7,2,67.5,0,0
17,18,4,7,3,112.5,0,0
17,18,4,7,4,157.5,0,0
17,18,4,7,5,202.5,0,0
17,18,4,7,6,247.5,0,0
17,18,4,7,7,292.5,0,0
17,18,4,7,8,337.5,0,0
17,18,4,8,1,22.5,0,0
17,18,4,8,2,67.5,0,0
17,18,4,8,3,112.5,0,0
17,18,4,8,4,157.5,0,0
17,18,4,8,5,202.5,0,0
17,18,4,8,6,247.5,0,0
17,18,4,8,7,292.5,0,0
17,18,4,8,8,337.5,0,0
17,18,4,9,1,22.5,0,0
17,18,4,9,2,67.5,0,0
17,18,4,9,3,112.5,0,0
17,18,4,9,4,157.5,0,0
17,18,4,9,5,202.5,0,0
17,18,4,9,6,247.5,0,0
17,18,4,9,7,292.5,0,0
17,18,4,9,8,337.5,0,0
17,18,4,10,1,22.5,0,0
17,18,4,10,2,67.5,0,0
17,18,4,10,3,112.5,0,0
17,18,4,10,4,157.5,0,0
17,18,4,10,5,202.5,0,0
17,18,4,10,6,247.5,0,0
17,18,4,10,7,292.5,0,0
17,18,4,10,8,337.5,0,0
17,18,4,11,1,22.5,0,0
17,18,4,11,2,67.5,0,0
17,18,4,11,3,112.5,0,0
17,18,4,11,4,157.5,0,0
17,18,4,11,5,202.5,0,0
17,18,4,11,6,247.5,0,0
17,18,4,11,7,292.5,0,0
17,18,4,11,8,337.5,0,0
17,18,5,1,1,22.5,0,0
17,18,5,1,2,67.5,0,0
17,18,5,1,3,112.5,0,0
17,18,5,1,4,157.5,0,0
17,18,5,1,5,202.5,0,0
17,18,5,1,6,247.5,0,0
17,18,5,1,7,292.5,0,0
17,18,5,1,8,337.5,0,0
17,18,5,2,1,22.5,0,0
17,18,5,2,2,67.5,0,0
17,18,5,2,3,112.5,0,0
17,18,5,2,4,157.5,0,0
17,18,5,2,5,202.5,0,0
17,18,5,2,6,247.5,0,0
17,18,5,2,7,292.5,0,0
17,18,5,2,8,337.5,0,0
17,18,5,3,1,22.5,0,0
17,18,5,3,2,67.5,0,0
17,18,5,3,3,112.5,0,0
17,18,5,3,4,157.5,0,0
17,18,5,3,5,202.5,0,0
17,18,5,3,6,247.5,0,0
17,18,5,3,7,292.5,0,0
17,18,5,3,8,337.5,0,0
17,18,5,4,1,22.5,0,0
17,18,5,4,2,67.5,0,0
17,18,5,4,3,112.5,0,0
17,18,5,4,4,157.5,0,0
17,18,5,4,5,202.5,0,0
17,18,5,4,6,247.5,0,0
17,18,5,4,7,292.5,0,0
17,18,5,4,8,337.5,0,0
17,18,5,5,1,22.5,0,0
17,18,5,5,2,67.5,0,0
17,18,5,5,3,112.5,0,0
17,18,5,5,4,157.5,0,0
17,18,5,5,5,202.5,0,0
17,18,5,5,6,247.5,0,0
17,18,5,5,7,292.5,0,0
17,18,5,5,8,337.5,0,0
17,18,5,6,1,22.5,0,0
17,18,5,6,2,67.5,0,0
17,18,5,6,3,112.5,0,0
17,18,5,6,4,157.5,0,0
17,18,5,6,5,202.5,0,0
17,18,5,6,6,247.5,0,0
17,18,5,6,7,292.5,0,0
17,18,5,6,8,337.5,0,0
17,18,5,7,1,22.5,0,0
17,18,5,7,2,67.5,0,0
17,18,5,7,3,112.5,0,0
17,18,5,7,4,157.5,0,0
17,18,5,7,5,202.5,0,0
17,18,5,7,6,247.5,0,0
17,18,5,7,7,292.5,0,0
17,18,5,7,8,337.5,0,0
17,18,5,8,1,22.5,0,0
17,18,5,8,2,67.5,0,0
17,18,5,8,3,112.5,0,0
17,18,5,8,4,157.5,0,0
17,18,5,8,5,202.5,0,0
17,18,5,8,6,247.5,0,0
17,18,5,8,7,292.5,0,0
17,18,5,8,8,337.5,0,0
17,18,5,9,1,22.5,0,0
17,18,5,9,2,67.5,0,0
17,18,5,9,3,112.5,0,0
17,18,5,9,4,157.5,0,0
17,18,5,9,5,202.5,0,0
17,18,5,9,6,247.5,0,0
17,18,5,9,7,292.5,0,0
17,18,5,9,8,337.5,0,0
17,18,5,10,1,22.5,0,0
17,18,5,10,2,67.5,0,0
17,18,5,10,3,112.5,0,0
17,18,5,10,4,157.5,0,0
17,18,5,10,5,202.5,0,0
17,18,5,10,6,247.5,0,0
17,18,5,10,7,292.5,0,0
17,18,5,10,8,337.5,0,0
17,18,5,11,1,22.5,0,0
17,18,5,11,2,67.5,0,0
17,18,5,11,3,112.5,0,0
17,18,5,11,4,157.5,0,0
17,18,5,11,5,202.5,0,0
17,18,5,11,6,247.5,0,0
17,18,5,11,7,292.5,0,0
17,18,5,11,8,337.5,0,0
17,18,6,1,1,22.5,0,0
17,18,6,1,2,67.5,0,0
17,18,6,1,3,112.5,0,0
17,18,6,1,4,157.5,0,0
17,18,6,1,5,202.5,0,0
17,18,6,1,6,247.5,0,0
17,18,6,1,7,292.5,0,0
17,18,6,1,8,337.5,0,0
17,18,6,2,1,22.5,0,0
17,18,6,2,2,67.5,0,0
17,18,6,2,3,112.5,0,0
17,18,6,2,4,157.5,0,0
17,18,6,2,5,202.5,0,0
17,18,6,2,6,247.5,0,0
17,18,6,2,7,292.5,0,0
17,18,6,2,8,337.5,0,0
17,18,6,3,1,22.5,0,0
17,18,6,3,2,67.5,0,0
17,18,6,3,3,112.5,0,0
17,18,6,3,4,157.5,0,0
17,18,6,3,5,202.5,0,0
17,18,6,3,6,247.5,0,0
17,18,6,3,7,292.5,0,0
17,18,6,3,8,337.5,0,0
17,18,6,4,1,22.5,0,0
17,18,6,4,2,67.5,0,0
17,18,6,4,3,112.5,0,0
17,18,6,4,4,157.5,0,0
17,18,6,4,5,202.5,0,0
17,18,6,4,6,247.5,0,0
17,18,6,4,7,292.5,0,0
17,18,6,4,8,337.5,0,0
17,18,6,5,1,22.5,0,0
17,18,6,5,2,67.5,0,0
17,18,6,5,3,112.5,0,0
17,18,6,5,4,157.5,0,0
17,18,6,5,5,202.5,0,0
17,18,6,5,6,247.5,0,0
17,18,6,5,7,292.5,0,0
17,18,6,5,8,337.5,0,0
17,18,6,6,1,22.5,0,0
17,18,6,6,2,67.5,0,0
17,18,6,6,3,112.5,0,0
17,18,6,6,4,157.5,0,0
17,18,6,6,5,202.5,0,0
17,18,6,6,6,247.5,0,0
17,18,6,6,7,292.5,0,0
17,18,6,6,8,337.5,0,0
17,18,6,7,1,22.5,0,0
17,18,6,7,2,67.5,0,0
17,18,6,7,3,112.5,0,0
17,18,6,7,4,157.5,0,0
17,18,6,7,5,202.5,0,0
17,18,6,7,6,247.5,0,0
17,18,6,7,7,292.5,0,0
17,18,6,7,8,337.5,0,0
17,18,6,8,1,22.5,0,0
17,18,6,8,2,67.5,0,0
17,18,6,8,3,112.5,0,0
17,18,6,8,4,157.5,0,0
17,18,6,8,5,202.5,0,0
17,18,6,8,6,247.5,0,0
17,18,6,8,7,292.5,0,0
17,18,6,8,8,337.5,0,0
17,18,6,9,1,22.5,0,0
17,18,6,9,2,67.5,0,0
17,18,6,9,3,112.5,0,0
17,18,6,9,4,157.5,0,0
17,18,6,9,5,202.5,0,0
17,18,6,9,6,247.5,0,0
17,18,6,9,7,292.5,0,0
17,18,6,9,8,337.5,0,0
17,18,6,10,1,22.5,0,0
17,18,6,10,2,67.5,0,0
17,18,6,10,3,112.5,0,0
17,18,6,10,4,157.5,0,0
17,18,6,10,5,202.5,0,0
17,18,6,10,6,247.5,0,0
17,18,6,10,7,292.5,0,0
17,18,6,10,8,337.5,0,0
17,18,6,11,1,22.5,0,0
17,18,6,11,2,67.5,0,0
17,18,6,11,3,112.5,0,0
17,18,6,11,4,157.5,0,0
17,18,6,11,5,202.5,0,0
17,18,6,11,6,247.5,0,0
17,18,6,11,7,292.5,0,0
17,18,6,11,8,337.5,0,0
17,18,7,1,1,22.5,0,0
17,18,7,1,2,67.5,0,0
17,18,7,1,3,112.5,0,0
17,18,7,1,4,157.5,0,0
17,18,7,1,5,202.5,0,0
17,18,7,1,6,247.5,0,0
17,18,7,1,7,292.5,0,0
17,18,7,1,8,337.5,0,0
17,18,7,2,1,22.5,0,0
17,18,7,2,2,67.5,0,0
17,18,7,2,3,112.5,0,0
17,18,7,2,4,157.5,0,0
17,18,7,2,5,202.5,0,0
17,18,7,2,6,247.5,0,0
17,18,7,2,7,292.5,0,0
17,18,7,2,8,337.5,0,0
17,18,7,3,1,22.5,0,0
17,18,7,3,2,67.5,0,0
17,18,7,3,3,112.5,0,0
17,18,7,3,4,157.5,0,0
17,18,7,3,5,202.5,0,0
17,18,7,3,6,247.5,0,0
17,18,7,3,7,292.5,0,0
17,18,7,3,8,337.5,0,0
17,18,7,4,1,22.5,0,0
17,18,7,4,2,67.5,0,0
17,18,7,4,3,112.5,0,0
17,18,7,4,4,157.5,0,0
17,18,7,4,5,202.5,0,0
17,18,7,4,6,247.5,0,0
17,18,7,4,7,292.5,0,0
17,18,7,4,8,337.5,0,0
17,18,7,5,1,22.5,0,0
17,18,7,5,2,67.5,0,0
17,18,7,5,3,112.5,0,0
17,18,7,5,4,157.5,0,0
17,18,7,5,5,202.5,0,0
17,18,7,5,6,247.5,0,0
17,18,7,5,7,292.5,0,0
17,18,7,5,8,337.5,0,0
17,18,7,6,1,22.5,0,0
17,18,7,6,2,67.5,0,0
17,18,7,6,3,112.5,0,0
17,18,7,6,4,157.5,0,0
17,18,7,6,5,202.5,0,0
17,18,7,6,6,247.5,0,0
17,18,7,6,7,292.5,0,0
17,18,7,6,8,337.5,0,0
17,18,7,7,1,22.5,0,0
17,18,7,7,2,67.5,0,0
17,18,7,7,3,112.5,0,0
17,18,7,7,4,157.5,0,0
17,18,7,7,5,202.5,0,0
17,18,7,7,6,247.5,0,0
17,18,7,7,7,292.5,0,0
17,18,7,7,8,337.5,0,0
17,18,7,8,1,22.5,0,0
17,18,7,8,2,67.5,0,0
17,18,7,8,3,112.5,0,0
17,18,7,8,4,157.5,0,0
17,18,7,8,5,202.5,0,0
17,18,7,8,6,247.5,0,0
17,18,7,8,7,292.5,0,0
17,18,7,8,8,337.5,0,0
17,18,7,9,1,22.5,0,0
17,18,7,9,2,67.5,0,0
17,18,7,9,3,112.5,0,0
17,18,7,9,4,157.5,0,0
17,18,7,9,5,202.5,0,0
17,18,7,9,6,247.5,0,0
17,18,7,9,7,292.5,0,0
17,18,7,9,8,337.5,0,0
17,18,7,10,1,22.5,0,0
17,18,7,10,2,67.5,0,0
17,18,7,10,3,112.5,0,0
17,18,7,10,4,157.5,0,0
17,18,7,10,5,202.5,0,0
17,18,7,10,6,247.5,0,0
17,18,7,10,7,292.5,0,0
17,18,7,10,8,337.5,0,0
17,18,7,11,1,22.5,0,0
17,18,7,11,2,67.5,0,0
17,18,7,11,3,112.5,0,0
17,18,7,11,4,157.5,0,0
17,18,7,11,5,202.5,0,0
17,18,7,11,6,247.5,0,0
17,18,7,11,7,292.5,0,0
17,18,7,11,8,337.5,0,0
17,18,8,1,1,22.5,0,0
17,18,8,1,2,67.5,0,0
17,18,8,1,3,112.5,0,0
17,18,8,1,4,157.5,0,0
17,18,8,1,5,202.5,0,0
17,18,8,1,6,247.5,0,0
17,18,8,1,7,292.5,0,0
17,18,8,1,8,337.5,0,0
17,18,8,2,1,22.5,0,0
17,18,8,2,2,67.5,0,0
17,18,8,2,3,112.5,0,0
17,18,8,2,4,157.5,0,0
17,18,8,2,5,202.5,0,0
17,18,8,2,6,247.5,0,0
17,18,8,2,7,292.5,0,0
17,18,8,2,8,337.5,0,0
17,18,8,3,1,22.5,0,0
17,18,8,3,2,67.5,0,0
17,18,8,3,3,112.5,0,0
17,18,8,3,4,157.5,0,0
17,18,8,3,5,202.5,0,0
17,18,8,3,6,247.5,0,0
17,18,8,3,7,292.5,0,0
17,18,8,3,8,337.5,0,0
17,18,8,4,1,22.5,0,0
17,18,8,4,2,67.5,0,0
17,18,8,4,3,112.5,0,0
17,18,8,4,4,157.5,0,0
17,18,8,4,5,202.5,0,0
17,18,8,4,6,247.5,0,0
17,18,8,4,7,292.5,0,0
17,18,8,4,8,337.5,0,0
17,18,8,5,1,22.5,0,0
17,18,8,5,2,67.5,0,0
17,18,8,5,3,112.5,0,0
17,18,8,5,4,157.5,0,0
17,18,8,5,5,202.5,0,0
17,18,8,5,6,247.5,0,0
17,18,8,5,7,292.5,0,0
17,18,8,5,8,337.5,0,0
17,18,8,6,1,22.5,0,0
17,18,8,6,2,67.5,0,0
17,18,8,6,3,112.5,0,0
17,18,8,6,4,157.5,0,0
17,18,8,6,5,202.5,0,0
17,18,8,6,6,247.5,0,0
17,18,8,6,7,292.5,0,0
17,18,8,6,8,337.5,0,0
17,18,8,7,1,22.5,0,0
17,18,8,7,2,67.5,0,0
17,18,8,7,3,112.5,0,0
17,18,8,7,4,157.5,0,0
17,18,8,7,5,202.5,0,0
17,18,8,7,6,247.5,0,0
17,18,8,7,7,292.5,0,0
17,18,8,7,8,337.5,0,0
17,18,8,8,1,22.5,0,0
17,18,8,8,2,67.5,0,0
17,18,8,8,3,112.5,0,0
17,18,8,8,4,157.5,0,0
17,18,8,8,5,202.5,0,0
17,18,8,8,6,247.5,0,0
17,18,8,8,7,292.5,0,0
17,18,8,8,8,337.5,0,0
17,18,8,9,1,22.5,0,0
17,18,8,9,2,67.5,0,0
17,18,8,9,3,112.5,0,0
17,18,8,9,4,157.5,0,0
17,18,8,9,5,202.5,0,0
17,18,8,9,6,247.5,0,0
17,18,8,9,7,292.5,0,0
17,18,8,9,8,337.5,0,0
17,18,8,10,1,22.5,0,0
17,18,8,10,2,67.5,0,0
17,18,8,10,3,112.5,0,0
17,18,8,10,4,157.5,0,0
17,18,8,10,5,202.5,0,0
17,18,8,10,6,247.5,0,0
17,18,8,10,7,292.5,0,0
17,18,8,10,8,337.5,0,0
17,18,8,11,1,22.5,0,0
17,18,8,11,2,67.5,0,0
17,18,8,11,3,112.5,0,0
17,18,8,11,4,157.5,0,0
17,18,8,11,5,202.5,0,0
17,18,8,11,6,247.5,0,0
17,18,8,11,7,292.5,0,0
17,18,8,11,8,337.5,0,0
18,19,1,1,1,22.5,2.84096e+07,160.845
18,19,1,1,2,67.5,2.84243e+07,128.187
18,19,1,1,3,112.5,2.83963e+07,477.463
18,19,1,1,4,157.5,2.83585e+07,341.785
18,19,1,1,5,202.5,2.83692e+07,284.076
18,19,1,1,6,247.5,2.84198e+07,391.164
18,19,1,1,7,292.5,2.84355e+07,210.356
18,19,1,1,8,337.5,2.8426e+07,87.9889
18,19,1,2,1,22.5,1.21487e+07,88.1724
18,19,1,2,2,67.5,1.21486e+07,219.439
18,19,1,2,3,112.5,1.21124e+07,244.762
18,19,1,2,4,157.5,1.2069e+07,301.895
18,19,1,2,5,202.5,1.20715e+07,266.496
18,19,1,2,6,247.5,1.21335e+07,255.222
18,19,1,2,7,292.5,1.21607e+07,123.384
18,19,1,2,8,337.5,1.21605e+07,65.1848
18,19,1,3,1,22.5,6.2586e+06,68.3804
18,19,1,3,2,67.5,6.25179e+06,177.293
18,19,1,3,3,112.5,6.22102e+06,168.678
18,19,1,3,4,157.5,6.18183e+06,186.234
18,19,1,3,5,202.5,6.18788e+06,165.88
18,19,1,3,6,247.5,6.23273e+06,192.568
18,19,1,3,7,292.5,6.24946e+06,165.301
18,19,1,3,8,337.5,6.26595e+06,58.5586
18,19,1,4,1,22.5,3.51826e+06,67.1496
18,19,1,4,2,67.5,3.51181e+06,130.864
18,19,1,4,3,112.5,3.49022e+06,132.472
18,19,1,4,4,157.5,3.46283e+06,128.314
18,19,1,4,5,202.5,3.46915e+06,106.303
18,19,1,4,6,247.5,3.502e+06,141.325
18,19,1,4,7,292.5,3.52124e+06,125.958
18,19,1,4,8,337.5,3.52233e+06,58.4355
18,19,1,5,1,22.5,3.37801e+06,80.7777
18,19,1,5,2,67.5,3.36922e+06,124.57
18,19,1,5,3,112.5,3.34241e+06,127.053
18,19,1,5,4,157.5,3.30772e+06,108.214
18,19,1,5,5,202.5,3.31408e+06,90.0477
18,19,1,5,6,247.5,3.35711e+06,146.448
18,19,1,5,7,292.5,3.37529e+06,128.706
18,19,1,5,8,337.5,3.37984e+06,63.4256
18,19,1,6,1,22.5,1.30895e+06,41.9771
18,19,1,6,2,67.5,1.311e+06,51.0205
18,19,1,6,3,112.5,1.29761e+06,56.1999
18,19,1,6,4,157.5,1.28023e+06,39.6894
18,19,1,6,5,202.5,1.28065e+06,36.6031
18,19,1,6,6,247.5,1.30508e+06,56.8424
18,19,1,6,7,292.5,1.31047e+06,64.5006
18,19,1,6,8,337.5,1.31327e+06,32.18
18,19,1,7,1,22.5,530011,15.1486
18,19,1,7,2,67.5,530811,18.8995
18,19,1,7,3,112.5,523853,28.7561
18,19,1,7,4,157.5,514179,14.4207
18,19,1,7,5,202.5,515914,12.2
18,19,1,7,6,247.5,525343,20.0371
18,19,1,7,7,292.5,530460,21.2253
18,19,1,7,8,337.5,530633,12.2754
18,19,1,8,1,22.5,270966,0
18,19,1,8,2,67.5,270217,7.28725
18,19,1,8,3,112.5,266517,11.7813
18,19,1,8,4,157.5,259931,3.42949
18,19,1,8,5,202.5,261555,8.95124
18,19,1,8,6,247.5,268917,7.41402
18,19,1,8,7,292.5,271937,6.62227
18,19,1,8,8,337.5,271834,3.34656
18,19,1,9,1,22.5,73282,0
18,19,1,9,2,67.5,72847,0
18,19,1,9,3,112.5,71334,0
18,19,1,9,4,157.5,69191,9.777
18,19,1,9,5,202.5,70128,0
18,19,1,9,6,247.5,71934,0
18,19,1,9,7,292.5,72804,0
18,19,1,9,8,337.5,72551,0
18,19,1,10,1,22.5,22424,0
18,19,1,10,2,67.5,22018,6.98089
18,19,1,10,3,112.5,21694,0
18,19,1,10,4,157.5,21092,0
18,19,1,10,5,202.5,21544,0
18,19,1,10,6,247.5,22231,0
18,19,1,10,7,292.5,22232,5.27721
18,19,1,10,8,337.5,22596,0
18,19,1,11,1,22.5,3981,0
18,19,1,11,2,67.5,3906,0
18,19,1,11,3,112.5,3673,0
18,19,1,11,4,157.5,3561,0
18,19,1,11,5,202.5,3647,0
18,19,1,11,6,247.5,3926,0
18,19,1,11,7,292.5,3968,0
18,19,1,11,8,337.5,3891,0
18,19,2,1,1,22.5,2.52683e+06,0
18,19,2,1,2,67.5,2.52205e+06,474.41
18,19,2,1,3,112.5,2.51689e+06,156.911
18,19,2,1,4,157.5,2.51638e+06,530.741
18,19,2,1,5,202.5,2.51254e+06,404.29
18,19,2,1,6,247.5,2.51771e+06,393.031
18,19,2,1,7,292.5,2.52554e+06,394.272
18,19,2,1,8,337.5,2.52932e+06,46.6203
18,19,2,2,1,22.5,1.94859e+06,74.1672
18,19,2,2,2,67.5,1.94543e+06,214.165
18,19,2,2,3,112.5,1.93498e+06,195.873
18,19,2,2,4,157.5,1.92831e+06,531.062
18,19,2,2,5,202.5,1.9304e+06,323.563
18,19,2,2,6,247.5,1.94273e+06,302.073
18,19,2,2,7,292.5,1.95289e+06,149.876
18,19,2,2,8,337.5,1.94661e+06,74.3214
18,19,2,3,1,22.5,1.4697e+06,92.3673
18,19,2,3,2,67.5,1.47203e+06,230.208
18,19,2,3,3,112.5,1.45984e+06,244.049
18,19,2,3,4,157.5,1.45037e+06,335.835
18,19,2,3,5,202.5,1.45198e+06,261.098
18,19,2,3,6,247.5,1.46509e+06,298.959
18,19,2,3,7,292.5,1.47144e+06,232.411
18,19,2,3,8,337.5,1.46925e+06,63.4756
18,19,2,4,1,22.5,1.09819e+06,84.597
18,19,2,4,2,67.5,1.09759e+06,214.845
18,19,2,4,3,112.5,1.08759e+06,212.48
18,19,2,4,4,157.5,1.07648e+06,259.644
18,19,2,4,5,202.5,1.07677e+06,214.879
18,19,2,4,6,247.5,1.09028e+06,265.597
18,19,2,4,7,292.5,1.0984e+06,186.951
18,19,2,4,8,337.5,1.09796e+06,63.5814
18,19,2,5,1,22.5,1.43454e+06,127.633
18,19,2,5,2,67.5,1.42814e+06,252.573
18,19,2,5,3,112.5,1.41371e+06,251.685
18,19,2,5,4,157.5,1.39633e+06,290.851
18,19,2,5,5,202.5,1.40004e+06,211.015
18,19,2,5,6,247.5,1.41925e+06,311.841
18,19,2,5,7,292.5,1.43351e+06,230.149
18,19,2,5,8,337.5,1.43503e+06,101.028
18,19,2,6,1,22.5,820559,121.245
18,19,2,6,2,67.5,816933,172.472
18,19,2,6,3,112.5,804961,179.906
18,19,2,6,4,157.5,794105,178.73
18,19,2,6,5,202.5,796112,134.094
18,19,2,6,6,247.5,811017,207.631
18,19,2,6,7,292.5,819757,175.904
18,19,2,6,8,337.5,820538,86.4062
18,19,2,7,1,22.5,480614,94.3015
18,19,2,7,2,67.5,477917,114.209
18,19,2,7,3,112.5,472233,124.608
18,19,2,7,4,157.5,465019,111.403
18,19,2,7,5,202.5,465685,84.0022
18,19,2,7,6,247.5,473919,134.669
18,19,2,7,7,292.5,478471,127.882
18,19,2,7,8,337.5,481518,61.5563
18,19,2,8,1,22.5,374423,73.7857
18,19,2,8,2,67.5,372694,83.3569
18,19,2,8,3,112.5,368456,90.1447
18,19,2,8,4,157.5,360223,82.7208
18,19,2,8,5,202.5,362043,57.5058
18,19,2,8,6,247.5,369610,96.4913
18,19,2,8,7,292.5,373575,99.2423
18,19,2,8,8,337.5,375690,45.6622
18,19,2,9,1,22.5,161810,35.4058
18,19,2,9,2,67.5,161519,41.5206
18,19,2,9,3,112.5,159489,43.6595
18,19,2,9,4,157.5,154965,34.3728
18,19,2,9,5,202.5,156539,25.242
18,19,2,9,6,247.5,159515,44.7407
18,19,2,9,7,292.5,160973,47.7546
18,19,2,9,8,337.5,161708,21.3845
18,19,2,10,1,22.5,78407,15.8994
18,19,2,10,2,67.5,78899,18.8139
18,19,2,10,3,112.5,76950,18.7813
18,19,2,10,4,157.5,74687,13.344
18,19,2,10,5,202.5,75204,9.22577
18,19,2,10,6,247.5,78224,26.7128
18,19,2,10,7,292.5,78278,21.891
18,19,2,10,8,337.5,79019,11.0259
18,19,2,11,1,22.5,32121,3.54967
18,19,2,11,2,67.5,31956,0
18,19,2,11,3,112.5,31546,0
18,19,2,11,4,157.5,29709,8.18859
18,19,2,11,5,202.5,30443,0
18,19,2,11,6,247.5,31710,4.76048
18,19,2,11,7,292.5,31953,4.48413
18,19,2,11,8,337.5,31922,0
18,19,3,1,1,22.5,1.20871e+06,58.7473
18,19,3,1,2,67.5,1.20644e+06,177.967
18,19,3,1,3,112.5,1.20221e+06,211.903
18,19,3,1,4,157.5,1.20265e+06,292.833
18,19,3,1,5,202.5,1.2026e+06,309.999
18,19,3,1,6,247.5,1.20368e+06,134.998
18,19,3,1,7,292.5,1.20489e+06,192.959
18,19,3,1,8,337.5,1.2093e+06,69.0939
18,19,3,2,1,22.5,968880,17.1203
18,19,3,2,2,67.5,962986,131.809
18,19,3,2,3,112.5,959541,194.366
18,19,3,2,4,157.5,957665,337.178
18,19,3,2,5,202.5,957788,225.279
18,19,3,2,6,247.5,963084,175.264
18,19,3,2,7,292.5,966116,118.85
18,19,3,2,8,337.5,968759,17.8526
18,19,3,3,1,22.5,763111,40.2904
18,19,3,3,2,67.5,762108,128.967
18,19,3,3,3,112.5,756157,139.054
18,19,3,3,4,157.5,753431,303.695
18,19,3,3,5,202.5,753977,179.561
18,19,3,3,6,247.5,759212,189.01
18,19,3,3,7,292.5,765607,152.553
18,19,3,3,8,337.5,765003,41.156
18,19,3,4,1,22.5,597877,53.3676
18,19,3,4,2,67.5,598258,144.658
18,19,3,4,3,112.5,591126,127.012
18,19,3,4,4,157.5,586805,266.468
18,19,3,4,5,202.5,585845,159.132
18,19,3,4,6,247.5,594533,201.476
18,19,3,4,7,292.5,598708,135.215
18,19,3,4,8,337.5,595404,43.0704
18,19,3,5,1,22.5,819498,71.2015
18,19,3,5,2,67.5,826051,211.867
18,19,3,5,3,112.5,814369,180.625
18,19,3,5,4,157.5,804147,300.639
18,19,3,5,5,202.5,803378,187.418
18,19,3,5,6,247.5,816951,280.367
18,19,3,5,7,292.5,826341,162.268
18,19,3,5,8,337.5,817519,56.2546
18,19,3,6,1,22.5,494241,71.7912
18,19,3,6,2,67.5,493214,165.174
18,19,3,6,3,112.5,485192,158.962
18,19,3,6,4,157.5,479313,214.607
18,19,3,6,5,202.5,479319,140.184
18,19,3,6,6,247.5,487691,228.906
18,19,3,6,7,292.5,495623,130.724
18,19,3,6,8,337.5,489896,66.498
18,19,3,7,1,22.5,297838,78.8569
18,19,3,7,2,67.5,296973,125.606
18,19,3,7,3,112.5,291829,133.898
18,19,3,7,4,157.5,288237,159.28
18,19,3,7,5,202.5,287480,106.526
18,19,3,7,6,247.5,292970,172.84
18,19,3,7,7,292.5,298374,113.531
18,19,3,7,8,337.5,298093,64.5357
18,19,3,8,1,22.5,247072,90.11
18,19,3,8,2,67.5,245365,112.842
18,19,3,8,3,112.5,240415,124.062
18,19,3,8,4,157.5,236014,129.318
18,19,3,8,5,202.5,236396,91.1144
18,19,3,8,6,247.5,242058,150.777
18,19,3,8,7,292.5,245583,116.554
18,19,3,8,8,337.5,247045,63.8178
18,19,3,9,1,22.5,121218,67.6588
18,19,3,9,2,67.5,120921,78.579
18,19,3,9,3,112.5,118925,87.2947
18,19,3,9,4,157.5,115748,80.0861
18,19,3,9,5,202.5,116994,59.3032
18,19,3,9,6,247.5,119516,96.5419
18,19,3,9,7,292.5,121530,86.0432
18,19,3,9,8,337.5,121850,43.2986
18,19,3,10,1,22.5,73271,51.3947
18,19,3,10,2,67.5,72333,56.5895
18,19,3,10,3,112.5,70803,60.1563
18,19,3,10,4,157.5,68671,53.5791
18,19,3,10,5,202.5,69188,40.4334
18,19,3,10,6,247.5,71114,66.1881
18,19,3,10,7,292.5,72140,63.1193
18,19,3,10,8,337.5,72998,29.8727
18,19,3,11,1,22.5,39437,31.396
18,19,3,11,2,67.5,39979,33.6668
18,19,3,11,3,112.5,38579,36.5635
18,19,3,11,4,157.5,37291,29.2277
18,19,3,11,5,202.5,37741,23.4046
18,19,3,11,6,247.5,39241,38.6371
18,19,3,11,7,292.5,39566,40.2889
18,19,3,11,8,337.5,40170,17.4649
18,19,4,1,1,22.5,655698,43.0615
18,19,4,1,2,67.5,654514,79.7299
18,19,4,1,3,112.5,654628,131.862
18,19,4,1,4,157.5,653759,240.332
18,19,4,1,5,202.5,654296,201.005
18,19,4,1,6,247.5,655100,85.8154
18,19,4,1,7,292.5,655953,75.9275
18,19,4,1,8,337.5,657374,50.4466
18,19,4,2,1,22.5,539328,22.2298
18,19,4,2,2,67.5,533174,87.6981
18,19,4,2,3,112.5,534266,102.502
18,19,4,2,4,157.5,533001,250.799
18,19,4,2,5,202.5,531759,144.773
18,19,4,2,6,247.5,534016,97.7003
18,19,4,2,7,292.5,535321,83.0342
18,19,4,2,8,337.5,538442,18.5231
18,19,4,3,1,22.5,437430,9.90447
18,19,4,3,2,67.5,434601,60.5864
18,19,4,3,3,112.5,430643,79.6074
18,19,4,3,4,157.5,428847,230.208
18,19,4,3,5,202.5,427742,148.141
18,19,4,3,6,247.5,433293,96.1311
18,19,4,3,7,292.5,435744,92.9945
18,19,4,3,8,337.5,437331,10.2651
18,19,4,4,1,22.5,352477,14.152
18,19,4,4,2,67.5,349387,82.6586
18,19,4,4,3,112.5,346212,62.6172
18,19,4,4,4,157.5,343877,207.421
18,19,4,4,5,202.5,344000,120.939
18,19,4,4,6,247.5,347791,122.499
18,19,4,4,7,292.5,352323,100.688
18,19,4,4,8,337.5,352802,19.0572
18,19,4,5,1,22.5,504438,30.5857
18,19,4,5,2,67.5,506549,144.454
18,19,4,5,3,112.5,498723,93.2693
18,19,4,5,4,157.5,494463,257.737
18,19,4,5,5,202.5,492008,158.118
18,19,4,5,6,247.5,500504,200.108
18,19,4,5,7,292.5,507047,130.197
18,19,4,5,8,337.5,504689,30.153
18,19,4,6,1,22.5,316840,29.7083
18,19,4,6,2,67.5,320232,137.08
18,19,4,6,3,112.5,313858,100.386
18,19,4,6,4,157.5,310348,199.037
18,19,4,6,5,202.5,310210,121.358
18,19,4,6,6,247.5,316287,178.812
18,19,4,6,7,292.5,321217,96.9491
18,19,4,6,8,337.5,316893,30.5322
18,19,4,7,1,22.5,199119,32.8314
18,19,4,7,2,67.5,201272,111.872
18,19,4,7,3,112.5,197402,95.3493
18,19,4,7,4,157.5,192808,153.352
18,19,4,7,5,202.5,194059,96.2656
18,19,4,7,6,247.5,198341,150.329
18,19,4,7,7,292.5,202291,76.8726
18,19,4,7,8,337.5,197011,39.8663
18,19,4,8,1,22.5,170081,50.5486
18,19,4,8,2,67.5,169851,102.663
18,19,4,8,3,112.5,166535,100.748
18,19,4,8,4,157.5,163581,135.928
18,19,4,8,5,202.5,162743,88.3937
18,19,4,8,6,247.5,167824,143.064
18,19,4,8,7,292.5,170541,79.9198
18,19,4,8,8,337.5,167532,50.9998
18,19,4,9,1,22.5,85444,49.3751
18,19,4,9,2,67.5,84692,71.2461
18,19,4,9,3,112.5,82695,79.2165
18,19,4,9,4,157.5,80314,92.0888
18,19,4,9,5,202.5,80614,61.5227
18,19,4,9,6,247.5,83352,101.317
18,19,4,9,7,292.5,84586,65.496
18,19,4,9,8,337.5,83909,41.4842
18,19,4,10,1,22.5,51294,46.8867
18,19,4,10,2,67.5,51174,56.138
18,19,4,10,3,112.5,49684,62.5519
18,19,4,10,4,157.5,48939,69.2534
18,19,4,10,5,202.5,48843,46.5622
18,19,4,10,6,247.5,50449,77.9824
18,19,4,10,7,292.5,51252,58.6639
18,19,4,10,8,337.5,51766,33.2652
18,19,4,11,1,22.5,30101,39.0038
18,19,4,11,2,67.5,29983,44.1663
18,19,4,11,3,112.5,29254,49.9031
18,19,4,11,4,157.5,28242,46.9877
18,19,4,11,5,202.5,28847,35.4639
18,19,4,11,6,247.5,29379,56.7224
18,19,4,11,7,292.5,29944,49.0441
18,19,4,11,8,337.5,30016,24.0256
18,19,5,1,1,22.5,363421,36.5247
18,19,5,1,2,67.5,362286,56.0188
18,19,5,1,3,112.5,363486,118.86
18,19,5,1,4,157.5,361960,173.784
18,19,5,1,5,202.5,362894,125.827
18,19,5,1,6,247.5,363606,48.5791
18,19,5,1,7,292.5,363239,33.7398
18,19,5,1,8,337.5,364558,32.6811
18,19,5,2,1,22.5,304253,12.1585
18,19,5,2,2,67.5,300918,21.0756
18,19,5,2,3,112.5,300288,76.7323
18,19,5,2,4,157.5,299520,186.63
18,19,5,2,5,202.5,300395,116.071
18,19,5,2,6,247.5,298857,25.8616
18,19,5,2,7,292.5,300940,27.2905
18,19,5,2,8,337.5,303257,12.0403
18,19,5,3,1,22.5,251347,7.30284
18,19,5,3,2,67.5,248765,21.945
18,19,5,3,3,112.5,246193,56.8537
18,19,5,3,4,157.5,245988,178.054
18,19,5,3,5,202.5,246277,113.246
18,19,5,3,6,247.5,247531,41.0572
18,19,5,3,7,292.5,248554,44.7349
18,19,5,3,8,337.5,250818,6.22676
18,19,5,4,1,22.5,206807,0
18,19,5,4,2,67.5,204398,31.9338
18,19,5,4,3,112.5,203478,43.8688
18,19,5,4,4,157.5,202659,161.745
18,19,5,4,5,202.5,202050,97.1903
18,19,5,4,6,247.5,202502,60.8321
18,19,5,4,7,292.5,205855,67.8542
18,19,5,4,8,337.5,207439,0
18,19,5,5,1,22.5,305964,8.16546
18,19,5,5,2,67.5,304333,79.346
18,19,5,5,3,112.5,300975,51.0503
18,19,5,5,4,157.5,298137,207.625
18,19,5,5,5,202.5,298945,125.456
18,19,5,5,6,247.5,302505,114.65
18,19,5,5,7,292.5,306564,107.146
18,19,5,5,8,337.5,307389,10.6909
18,19,5,6,1,22.5,202671,10.9434
18,19,5,6,2,67.5,203426,100.349
18,19,5,6,3,112.5,198995,53.0652
18,19,5,6,4,157.5,196233,163.945
18,19,5,6,5,202.5,196451,99.8945
18,19,5,6,6,247.5,200462,123.457
18,19,5,6,7,292.5,203177,88.8799
18,19,5,6,8,337.5,201769,9.56826
18,19,5,7,1,22.5,132235,9.87299
18,19,5,7,2,67.5,133312,93.7552
18,19,5,7,3,112.5,129937,57.5003
18,19,5,7,4,157.5,128440,130.782
18,19,5,7,5,202.5,127814,83.8035
18,19,5,7,6,247.5,131064,114.221
18,19,5,7,7,292.5,132526,66.6321
18,19,5,7,8,337.5,131950,12.4675
18,19,5,8,1,22.5,115095,17.9978
18,19,5,8,2,67.5,117395,92.1761
18,19,5,8,3,112.5,114580,67.7116
18,19,5,8,4,157.5,112407,123.162
18,19,5,8,5,202.5,111063,77.0858
18,19,5,8,6,247.5,115305,116.248
18,19,5,8,7,292.5,117240,59.8793
18,19,5,8,8,337.5,113894,24.9816
18,19,5,9,1,22.5,59249,25.1337
18,19,5,9,2,67.5,59375,64.5648
18,19,5,9,3,112.5,57634,58.2784
18,19,5,9,4,157.5,55974,85.1324
18,19,5,9,5,202.5,56682,56.2843
18,19,5,9,6,247.5,58980,88.4055
18,19,5,9,7,292.5,60030,44.0577
18,19,5,9,8,337.5,57465,28.4913
18,19,5,10,1,22.5,35691,29.386
18,19,5,10,2,67.5,35625,49.2316
18,19,5,10,3,112.5,34739,51.4766
18,19,5,10,4,157.5,33469,64.5576
18,19,5,10,5,202.5,33750,43.5494
18,19,5,10,6,247.5,34880,70.6745
18,19,5,10,7,292.5,35973,40.7054
18,19,5,10,8,337.5,34753,29.4882
18,19,5,11,1,22.5,20097,29.3849
18,19,5,11,2,67.5,20177,36.1436
18,19,5,11,3,112.5,19087,41.6156
18,19,5,11,4,157.5,18511,49.8851
18,19,5,11,5,202.5,18786,33.6557
18,19,5,11,6,247.5,18998,54.0486
18,19,5,11,7,292.5,19857,34.5665
18,19,5,11,8,337.5,19714,21.8563
18,19,6,1,1,22.5,189501,35.5405
18,19,6,1,2,67.5,189956,49.2871
18,19,6,1,3,112.5,190554,92.256
18,19,6,1,4,157.5,190927,126.725
18,19,6,1,5,202.5,189639,87.9943
18,19,6,1,6,247.5,190891,36.5543
18,19,6,1,7,292.5,189757,18.9284
18,19,6,1,8,337.5,190089,23.9619
18,19,6,2,1,22.5,159797,0
18,19,6,2,2,67.5,159123,9.93021
18,19,6,2,3,112.5,160161,68.2176
18,19,6,2,4,157.5,159390,134.621
18,19,6,2,5,202.5,159292,85.4883
18,19,6,2,6,247.5,158814,9.33044
18,19,6,2,7,292.5,159015,5.38893
18,19,6,2,8,337.5,160377,4.05054
18,19,6,3,1,22.5,134716,0
18,19,6,3,2,67.5,132611,0
18,19,6,3,3,112.5,132749,48.5772
18,19,6,3,4,157.5,132112,144.193
18,19,6,3,5,202.5,132674,79.6923
18,19,6,3,6,247.5,132833,11.2699
18,19,6,3,7,292.5,132859,17.2288
18,19,6,3,8,337.5,134894,4.37798
18,19,6,4,1,22.5,111995,0
18,19,6,4,2,67.5,110494,8.74062
18,19,6,4,3,112.5,109974,36.8091
18,19,6,4,4,157.5,109085,119.652
18,19,6,4,5,202.5,109391,72.3291
18,19,6,4,6,247.5,110409,23.6062
18,19,6,4,7,292.5,110316,33.6258
18,19,6,4,8,337.5,112714,0
18,19,6,5,1,22.5,169036,0
18,19,6,5,2,67.5,166499,30.6632
18,19,6,5,3,112.5,165325,40.2891
18,19,6,5,4,157.5,164553,157.121
18,19,6,5,5,202.5,163770,92.7353
18,19,6,5,6,247.5,165149,62.9822
18,19,6,5,7,292.5,167149,72.9862
18,19,6,5,8,337.5,169078,0
18,19,6,6,1,22.5,113641,0
18,19,6,6,2,67.5,112599,56.9604
18,19,6,6,3,112.5,111109,30.6034
18,19,6,6,4,157.5,109701,127.792
18,19,6,6,5,202.5,109260,78.0155
18,19,6,6,6,247.5,112001,77.0967
18,19,6,6,7,292.5,113696,73.8304
18,19,6,6,8,337.5,114367,0
18,19,6,7,1,22.5,75276,0
18,19,6,7,2,67.5,74957,64.6027
18,19,6,7,3,112.5,73031,29.7079
18,19,6,7,4,157.5,72097,102.878
18,19,6,7,5,202.5,72534,63.8698
18,19,6,7,6,247.5,74234,77.0802
18,19,6,7,7,292.5,75204,58.2943
18,19,6,7,8,337.5,74749,0
18,19,6,8,1,22.5,65617,0
18,19,6,8,2,67.5,66058,68.8084
18,19,6,8,3,112.5,64169,38.5222
18,19,6,8,4,157.5,62684,97.1482
18,19,6,8,5,202.5,62859,62.5412
18,19,6,8,6,247.5,64977,82.7854
18,19,6,8,7,292.5,65631,51.6735
18,19,6,8,8,337.5,65023,4.35929
18,19,6,9,1,22.5,32620,6.37837
18,19,6,9,2,67.5,33210,52.2084
18,19,6,9,3,112.5,32283,34.8449
18,19,6,9,4,157.5,31687,69.3765
18,19,6,9,5,202.5,31515,44.8761
18,19,6,9,6,247.5,32433,64.8781
18,19,6,9,7,292.5,33482,33.4195
18,19,6,9,8,337.5,32211,12.2577
18,19,6,10,1,22.5,19194,11.7338
18,19,6,10,2,67.5,19457,39.5006
18,19,6,10,3,112.5,18596,34.177
18,19,6,10,4,157.5,18272,52.9122
18,19,6,10,5,202.5,18259,33.6922
18,19,6,10,6,247.5,18742,53.5271
18,19,6,10,7,292.5,19321,25.5047
18,19,6,10,8,337.5,18148,16.8984
18,19,6,11,1,22.5,10245,16.3808
18,19,6,11,2,67.5,10214,28.7143
18,19,6,11,3,112.5,9751,28.366
18,19,6,11,4,157.5,9409,40.5535
18,19,6,11,5,202.5,9619,25.7865
18,19,6,11,6,247.5,9563,39.8472
18,19,6,11,7,292.5,10329,22.6644
18,19,6,11,8,337.5,9418,14.6353
18,19,7,1,1,22.5,78742,29.1852
18,19,7,1,2,67.5,78486,39.9238
18,19,7,1,3,112.5,78547,67.2414
18,19,7,1,4,157.5,79097,81.1507
18,19,7,1,5,202.5,78768,61.8374
18,19,7,1,6,247.5,79345,25.8679
18,19,7,1,7,292.5,79201,15.7689
18,19,7,1,8,337.5,79441,18.2041
18,19,7,2,1,22.5,65591,7.93906
18,19,7,2,2,67.5,65049,10.0525
18,19,7,2,3,112.5,66126,51.7682
18,19,7,2,4,157.5,64967,92.0605
18,19,7,2,5,202.5,65579,59.0391
18,19,7,2,6,247.5,65008,7.23925
18,19,7,2,7,292.5,65167,0
18,19,7,2,8,337.5,65500,0
18,19,7,3,1,22.5,54550,0
18,19,7,3,2,67.5,53625,0
18,19,7,3,3,112.5,53742,37.4265
18,19,7,3,4,157.5,53406,88.652
18,19,7,3,5,202.5,53761,53.4052
18,19,7,3,6,247.5,53647,0
18,19,7,3,7,292.5,53393,0
18,19,7,3,8,337.5,54686,0
18,19,7,4,1,22.5,44310,0
18,19,7,4,2,67.5,43825,0
18,19,7,4,3,112.5,43983,28.3975
18,19,7,4,4,157.5,43767,80.4033
18,19,7,4,5,202.5,43513,49.3145
18,19,7,4,6,247.5,43755,0
18,19,7,4,7,292.5,43911,12.759
18,19,7,4,8,337.5,44717,0
18,19,7,5,1,22.5,66148,0
18,19,7,5,2,67.5,64521,4.57987
18,19,7,5,3,112.5,64055,31.1411
18,19,7,5,4,157.5,64367,102.948
18,19,7,5,5,202.5,63661,62.1329
18,19,7,5,6,247.5,64552,25.0152
18,19,7,5,7,292.5,65171,36.3375
18,19,7,5,8,337.5,66257,0
18,19,7,6,1,22.5,42736,0
18,19,7,6,2,67.5,42208,19.5711
18,19,7,6,3,112.5,41253,20.2545
18,19,7,6,4,157.5,41119,84.3802
18,19,7,6,5,202.5,40953,49.4876
18,19,7,6,6,247.5,41539,38.9964
18,19,7,6,7,292.5,42094,43.8405
18,19,7,6,8,337.5,42564,0
18,19,7,7,1,22.5,27218,0
18,19,7,7,2,67.5,26466,29.5175
18,19,7,7,3,112.5,26211,16.0289
18,19,7,7,4,157.5,25633,67.0239
18,19,7,7,5,202.5,25765,40.4421
18,19,7,7,6,247.5,26143,42.7366
18,19,7,7,7,292.5,26569,37.3991
18,19,7,7,8,337.5,27096,0
18,19,7,8,1,22.5,22526,0
18,19,7,8,2,67.5,22361,36.6849
18,19,7,8,3,112.5,21851,18.4278
18,19,7,8,4,157.5,21380,61.2542
18,19,7,8,5,202.5,21054,36.1437
18,19,7,8,6,247.5,22012,47.9646
18,19,7,8,7,292.5,22249,72.4746
18,19,7,8,8,337.5,22359,0
18,19,7,9,1,22.5,10464,0
18,19,7,9,2,67.5,10511,29.1002
18,19,7,9,3,112.5,10364,15.755
18,19,7,9,4,157.5,10002,43.0034
18,19,7,9,5,202.5,9876,24.2639
18,19,7,9,6,247.5,10416,37.6238
18,19,7,9,7,292.5,10515,19.3235
18,19,7,9,8,337.5,10260,0
18,19,7,10,1,22.5,5486,0
18,19,7,10,2,67.5,5690,21.951
18,19,7,10,3,112.5,5587,14.8033
18,19,7,10,4,157.5,5313,31.2709
18,19,7,10,5,202.5,5364,18.1997
18,19,7,10,6,247.5,5421,29.3139
18,19,7,10,7,292.5,5607,10.8152
18,19,7,10,8,337.5,5487,3.92201
18,19,7,11,1,22.5,2183,0
18,19,7,11,2,67.5,2323,13.1442
18,19,7,11,3,112.5,2185,11.6673
18,19,7,11,4,157.5,2098,21.16
18,19,7,11,5,202.5,2081,12.1589
18,19,7,11,6,247.5,2289,19.7756
18,19,7,11,7,292.5,2307,8.46386
18,19,7,11,8,337.5,2026,4.57662
18,19,8,1,1,22.5,14792,9.24814
18,19,8,1,2,67.5,15069,14.8985
18,19,8,1,3,112.5,15288,28.3594
18,19,8,1,4,157.5,15157,35.821
18,19,8,1,5,202.5,15247,25.4761
18,19,8,1,6,247.5,15224,8.82696
18,19,8,1,7,292.5,14912,5.86118
18,19,8,1,8,337.5,15211,6.76014
18,19,8,2,1,22.5,11796,0
18,19,8,2,2,67.5,11537,0
18,19,8,2,3,112.5,11512,21.9405
18,19,8,2,4,157.5,11604,37.3077
18,19,8,2,5,202.5,11678,21.4813
18,19,8,2,6,247.5,11650,0
18,19,8,2,7,292.5,11601,0
18,19,8,2,8,337.5,11620,0
18,19,8,3,1,22.5,9021,0
18,19,8,3,2,67.5,8713,0
18,19,8,3,3,112.5,8919,14.3294
18,19,8,3,4,157.5,8827,36.4817
18,19,8,3,5,202.5,8709,19.7895
18,19,8,3,6,247.5,8888,0
18,19,8,3,7,292.5,8782,0
18,19,8,3,8,337.5,9097,0
18,19,8,4,1,22.5,6935,0
18,19,8,4,2,67.5,6572,0
18,19,8,4,3,112.5,6651,13.6178
18,19,8,4,4,157.5,6696,33.3999
18,19,8,4,5,202.5,6596,16.0127
18,19,8,4,6,247.5,6692,0
18,19,8,4,7,292.5,6549,0
18,19,8,4,8,337.5,6692,0
18,19,8,5,1,22.5,9037,0
18,19,8,5,2,67.5,8567,0
18,19,8,5,3,112.5,8851,11.9615
18,19,8,5,4,157.5,8816,39.7946
18,19,8,5,5,202.5,8729,19.5209
18,19,8,5,6,247.5,8691,7.38845
18,19,8,5,7,292.5,8794,7.95386
18,19,8,5,8,337.5,9006,0
18,19,8,6,1,22.5,4975,0
18,19,8,6,2,67.5,4737,0
18,19,8,6,3,112.5,4751,7.75209
18,19,8,6,4,157.5,4767,28.9974
18,19,8,6,5,202.5,4651,13.7039
18,19,8,6,6,247.5,4694,11.1348
18,19,8,6,7,292.5,4891,9.47188
18,19,8,6,8,337.5,4860,0
18,19,8,7,1,22.5,2638,0
18,19,8,7,2,67.5,2388,3.40133
18,19,8,7,3,112.5,2535,0
18,19,8,7,4,157.5,2455,20.7911
18,19,8,7,5,202.5,2446,9.25916
18,19,8,7,6,247.5,2453,12.5636
18,19,8,7,7,292.5,2521,8.52827
18,19,8,7,8,337.5,2570,0
18,19,8,8,1,22.5,1544,0
18,19,8,8,2,67.5,1524,4.49835
18,19,8,8,3,112.5,1517,0
18,19,8,8,4,157.5,1568,16.115
18,19,8,8,5,202.5,1436,8.20289
18,19,8,8,6,247.5,1523,9.11744
18,19,8,8,7,292.5,1457,5.07408
18,19,8,8,8,337.5,1626,0
18,19,8,9,1,22.5,407,0
18,19,8,9,2,67.5,410,0
18,19,8,9,3,112.5,397,0
18,19,8,9,4,157.5,400,5.77421
18,19,8,9,5,202.5,397,0
18,19,8,9,6,247.5,411,4.40997
18,19,8,9,7,292.5,389,0
18,19,8,9,8,337.5,453,0
18,19,8,10,1,22.5,44,0
18,19,8,10,2,67.5,49,0
18,19,8,10,3,112.5,53,0
18,19,8,10,4,157.5,54,0
18,19,8,10,5,202.5,45,0
18,19,8,10,6,247.5,68,0
18,19,8,10,7,292.5,46,0
18,19,8,10,8,337.5,55,0
18,19,8,11,1,22.5,0,0
18,19,8,11,2,67.5,0,0
18,19,8,11,3,112.5,0,0
18,19,8,11,4,157.5,0,0
18,19,8,11,5,202.5,0,0
18,19,8,11,6,247.5,0,0
18,19,8,11,7,292.5,0,0
18,19,8,11,8,337.5,0,0
19,20,1,1,1,22.5,1.21764e+07,0
19,20,1,1,2,67.5,1.21901e+07,0
19,20,1,1,3,112.5,1.21872e+07,0
19,20,1,1,4,157.5,1.21901e+07,0
19,20,1,1,5,202.5,1.21871e+07,0
19,20,1,1,6,247.5,1.21987e+07,0
19,20,1,1,7,292.5,1.2192e+07,0
19,20,1,1,8,337.5,1.21793e+07,0
19,20,1,2,1,22.5,4.51948e+06,0
19,20,1,2,2,67.5,4.52003e+06,0
19,20,1,2,3,112.5,4.52582e+06,0
19,20,1,2,4,157.5,4.5141e+06,0
19,20,1,2,5,202.5,4.52138e+06,0
19,20,1,2,6,247.5,4.53171e+06,0
19,20,1,2,7,292.5,4.53026e+06,0
19,20,1,2,8,337.5,4.51956e+06,0
19,20,1,3,1,22.5,2.08891e+06,0
19,20,1,3,2,67.5,2.09387e+06,0
19,20,1,3,3,112.5,2.09253e+06,0
19,20,1,3,4,157.5,2.08426e+06,0
19,20,1,3,5,202.5,2.08476e+06,0
19,20,1,3,6,247.5,2.0932e+06,0
19,20,1,3,7,292.5,2.09275e+06,0
19,20,1,3,8,337.5,2.09118e+06,0
19,20,1,4,1,22.5,1.04249e+06,0
19,20,1,4,2,67.5,1.04448e+06,0
19,20,1,4,3,112.5,1.04506e+06,0
19,20,1,4,4,157.5,1.04047e+06,0
19,20,1,4,5,202.5,1.04047e+06,0
19,20,1,4,6,247.5,1.04516e+06,0
19,20,1,4,7,292.5,1.04663e+06,0
19,20,1,4,8,337.5,1.04544e+06,0
19,20,1,5,1,22.5,785956,0
19,20,1,5,2,67.5,786358,0
19,20,1,5,3,112.5,785687,0
19,20,1,5,4,157.5,778976,0
19,20,1,5,5,202.5,780638,0
19,20,1,5,6,247.5,785581,0
19,20,1,5,7,292.5,788598,0
19,20,1,5,8,337.5,786806,0
19,20,1,6,1,22.5,176732,0
19,20,1,6,2,67.5,176534,0
19,20,1,6,3,112.5,174535,0
19,20,1,6,4,157.5,173032,0
19,20,1,6,5,202.5,173168,0
19,20,1,6,6,247.5,175054,0
19,20,1,6,7,292.5,175785,0
19,20,1,6,8,337.5,176713,0
19,20,1,7,1,22.5,31339,0
19,20,1,7,2,67.5,31016,0
19,20,1,7,3,112.5,30567,0
19,20,1,7,4,157.5,30291,0
19,20,1,7,5,202.5,30264,0
19,20,1,7,6,247.5,30892,0
19,20,1,7,7,292.5,31289,0
19,20,1,7,8,337.5,31389,0
19,20,1,8,1,22.5,3903,0
19,20,1,8,2,67.5,4062,0
19,20,1,8,3,112.5,3908,0
19,20,1,8,4,157.5,3874,0
19,20,1,8,5,202.5,3718,0
19,20,1,8,6,247.5,4051,0
19,20,1,8,7,292.5,3937,0
19,20,1,8,8,337.5,3986,0
19,20,1,9,1,22.5,26,0
19,20,1,9,2,67.5,34,0
19,20,1,9,3,112.5,36,0
19,20,1,9,4,157.5,35,0
19,20,1,9,5,202.5,28,0
19,20,1,9,6,247.5,29,0
19,20,1,9,7,292.5,26,0
19,20,1,9,8,337.5,36,0
19,20,1,10,1,22.5,0,0
19,20,1,10,2,67.5,0,0
19,20,1,10,3,112.5,0,0
19,20,1,10,4,157.5,0,0
19,20,1,10,5,202.5,0,0
19,20,1,10,6,247.5,0,0
19,20,1,10,7,292.5,0,0
19,20,1,10,8,337.5,0,0
19,20,1,11,1,22.5,0,0
19,20,1,11,2,67.5,0,0
19,20,1,11,3,112.5,0,0
19,20,1,11,4,157.5,0,0
19,20,1,11,5,202.5,0,0
19,20,1,11,6,247.5,0,0
19,20,1,11,7,292.5,0,0
19,20,1,11,8,337.5,0,0
19,20,2,1,1,22.5,1.64889e+06,52.4609
19,20,2,1,2,67.5,1.65221e+06,121.98
19,20,2,1,3,112.5,1.64731e+06,148.797
19,20,2,1,4,157.5,1.64557e+06,217.593
19,20,2,1,5,202.5,1.64594e+06,168.073
19,20,2,1,6,247.5,1.65018e+06,147.394
19,20,2,1,7,292.5,1.65062e+06,145.784
19,20,2,1,8,337.5,1.65168e+06,70.532
19,20,2,2,1,22.5,1.21859e+06,24.0329
19,20,2,2,2,67.5,1.2205e+06,57.1335
19,20,2,2,3,112.5,1.21506e+06,82.3383
19,20,2,2,4,157.5,1.21115e+06,94.3097
19,20,2,2,5,202.5,1.2142e+06,71.9166
19,20,2,2,6,247.5,1.21627e+06,83.2086
19,20,2,2,7,292.5,1.22134e+06,68.9288
19,20,2,2,8,337.5,1.21543e+06,27.2983
19,20,2,3,1,22.5,880999,33.635
19,20,2,3,2,67.5,882165,61.6911
19,20,2,3,3,112.5,880640,49.8206
19,20,2,3,4,157.5,875632,39.1064
19,20,2,3,5,202.5,875300,37.0019
19,20,2,3,6,247.5,880980,54.2703
19,20,2,3,7,292.5,880994,68.8149
19,20,2,3,8,337.5,880779,28.2701
19,20,2,4,1,22.5,634842,26.8926
19,20,2,4,2,67.5,636165,56.8514
19,20,2,4,3,112.5,634544,33.529
19,20,2,4,4,157.5,631880,16.4993
19,20,2,4,5,202.5,630949,17.2073
19,20,2,4,6,247.5,634507,40.5127
19,20,2,4,7,292.5,635104,53.3012
19,20,2,4,8,337.5,637597,22.4662
19,20,2,5,1,22.5,786160,28.6992
19,20,2,5,2,67.5,786623,55.9251
19,20,2,5,3,112.5,785160,28.636
19,20,2,5,4,157.5,777357,5.60103
19,20,2,5,5,202.5,778692,6.40561
19,20,2,5,6,247.5,783180,31.364
19,20,2,5,7,292.5,788206,50.5689
19,20,2,5,8,337.5,788672,31.4332
19,20,2,6,1,22.5,373808,22.386
19,20,2,6,2,67.5,373633,24.8812
19,20,2,6,3,112.5,370051,9.16802
19,20,2,6,4,157.5,368658,0
19,20,2,6,5,202.5,367956,0
19,20,2,6,6,247.5,372118,9.60463
19,20,2,6,7,292.5,374186,26.4076
19,20,2,6,8,337.5,374459,21.5633
19,20,2,7,1,22.5,152449,11.7012
19,20,2,7,2,67.5,152703,10.4122
19,20,2,7,3,112.5,150410,0
19,20,2,7,4,157.5,148993,0
19,20,2,7,5,202.5,149983,0
19,20,2,7,6,247.5,151688,0
19,20,2,7,7,292.5,152521,9.93117
19,20,2,7,8,337.5,153219,11.0059
19,20,2,8,1,22.5,63520,0
19,20,2,8,2,67.5,63027,0
19,20,2,8,3,112.5,61918,0
19,20,2,8,4,157.5,61344,0
19,20,2,8,5,202.5,61836,0
19,20,2,8,6,247.5,62383,0
19,20,2,8,7,292.5,63210,0
19,20,2,8,8,337.5,63502,0
19,20,2,9,1,22.5,9072,0
19,20,2,9,2,67.5,8915,0
19,20,2,9,3,112.5,8821,0
19,20,2,9,4,157.5,8635,0
19,20,2,9,5,202.5,8812,0
19,20,2,9,6,247.5,8912,0
19,20,2,9,7,292.5,8899,0
19,20,2,9,8,337.5,8951,0
19,20,2,10,1,22.5,740,0
19,20,2,10,2,67.5,744,0
19,20,2,10,3,112.5,755,0
19,20,2,10,4,157.5,670,0
19,20,2,10,5,202.5,706,0
19,20,2,10,6,247.5,744,0
19,20,2,10,7,292.5,720,0
19,20,2,10,8,337.5,720,0
19,20,2,11,1,22.5,2,0
19,20,2,11,2,67.5,0,0
19,20,2,11,3,112.5,1,0
19,20,2,11,4,157.5,1,0
19,20,2,11,5,202.5,3,0
19,20,2,11,6,247.5,0,0
19,20,2,11,7,292.5,0,0
19,20,2,11,8,337.5,1,0
19,20,3,1,1,22.5,851437,86.4817
19,20,3,1,2,67.5,850536,141.4
19,20,3,1,3,112.5,850372,163.407
19,20,3,1,4,157.5,849242,241.916
19,20,3,1,5,202.5,849780,228.276
19,20,3,1,6,247.5,850800,152.433
19,20,3,1,7,292.5,852237,150.185
19,20,3,1,8,337.5,851760,114.583
19,20,3,2,1,22.5,668209,47.2642
19,20,3,2,2,67.5,669007,98.434
19,20,3,2,3,112.5,666290,102.987
19,20,3,2,4,157.5,665203,156.358
19,20,3,2,5,202.5,664768,123.793
19,20,3,2,6,247.5,666920,104.477
19,20,3,2,7,292.5,669804,80.5457
19,20,3,2,8,337.5,668396,41.6815
19,20,3,3,1,22.5,515830,31.2297
19,20,3,3,2,67.5,518185,77.7193
19,20,3,3,3,112.5,513451,78.5989
19,20,3,3,4,157.5,511082,97.6224
19,20,3,3,5,202.5,512198,76.3163
19,20,3,3,6,247.5,516206,81.0884
19,20,3,3,7,292.5,519117,96.2902
19,20,3,3,8,337.5,517542,39.7808
19,20,3,4,1,22.5,393082,39.6857
19,20,3,4,2,67.5,394373,87.4415
19,20,3,4,3,112.5,391147,60.2578
19,20,3,4,4,157.5,387884,64.049
19,20,3,4,5,202.5,390087,54.2095
19,20,3,4,6,247.5,391935,75.2404
19,20,3,4,7,292.5,394024,93.4423
19,20,3,4,8,337.5,392541,42.8896
19,20,3,5,1,22.5,513053,49.2818
19,20,3,5,2,67.5,510444,111.8
19,20,3,5,3,112.5,509105,65.7468
19,20,3,5,4,157.5,503355,49.5511
19,20,3,5,5,202.5,504799,42.7049
19,20,3,5,6,247.5,510919,82.4751
19,20,3,5,7,292.5,512689,102.693
19,20,3,5,8,337.5,511413,46.1566
19,20,3,6,1,22.5,269492,37.1231
19,20,3,6,2,67.5,267908,72.218
19,20,3,6,3,112.5,266667,41.9038
19,20,3,6,4,157.5,264533,15.8467
19,20,3,6,5,202.5,265053,16.8385
19,20,3,6,6,247.5,267446,48.6422
19,20,3,6,7,292.5,268737,61.9795
19,20,3,6,8,337.5,270454,41.2539
19,20,3,7,1,22.5,132858,31.0393
19,20,3,7,2,67.5,132494,43.2998
19,20,3,7,3,112.5,131378,21.5675
19,20,3,7,4,157.5,128974,0
19,20,3,7,5,202.5,129500,6.15136
19,20,3,7,6,247.5,131538,24.7437
19,20,3,7,7,292.5,132380,38.6898
19,20,3,7,8,337.5,133083,32.4384
19,20,3,8,1,22.5,76455,27.5953
19,20,3,8,2,67.5,75688,27.8958
19,20,3,8,3,112.5,75173,12.1325
19,20,3,8,4,157.5,74064,0
19,20,3,8,5,202.5,73700,0
19,20,3,8,6,247.5,75079,15.9289
19,20,3,8,7,292.5,76321,28.8616
19,20,3,8,8,337.5,76581,24.9975
19,20,3,9,1,22.5,19628,12.8202
19,20,3,9,2,67.5,19691,10.3809
19,20,3,9,3,112.5,19108,0
19,20,3,9,4,157.5,19219,0
19,20,3,9,5,202.5,19170,0
19,20,3,9,6,247.5,19607,4.04812
19,20,3,9,7,292.5,19578,12.0098
19,20,3,9,8,337.5,20008,11.6411
19,20,3,10,1,22.5,4225,0
19,20,3,10,2,67.5,4121,0
19,20,3,10,3,112.5,4213,0
19,20,3,10,4,157.5,3823,0
19,20,3,10,5,202.5,3970,0
19,20,3,10,6,247.5,4097,0
19,20,3,10,7,292.5,4034,0
19,20,3,10,8,337.5,4058,0
19,20,3,11,1,22.5,159,0
19,20,3,11,2,67.5,170,0
19,20,3,11,3,112.5,162,0
19,20,3,11,4,157.5,168,0
19,20,3,11,5,202.5,151,0
19,20,3,11,6,247.5,170,0
19,20,3,11,7,292.5,187,0
19,20,3,11,8,337.5,169,0
19,20,4,1,1,22.5,527205,84.4657
19,20,4,1,2,67.5,528253,104.233
19,20,4,1,3,112.5,526733,158.143
19,20,4,1,4,157.5,527796,206.203
19,20,4,1,5,202.5,525745,180.137
19,20,4,1,6,247.5,526611,93.9423
19,20,4,1,7,292.5,526829,101.382
19,20,4,1,8,337.5,527382,85.4136
19,20,4,2,1,22.5,422944,55.9946
19,20,4,2,2,67.5,423625,84.8522
19,20,4,2,3,112.5,420882,90.3607
19,20,4,2,4,157.5,420589,158.163
19,20,4,2,5,202.5,420361,128.073
19,20,4,2,6,247.5,419877,77.2993
19,20,4,2,7,292.5,423515,71.8305
19,20,4,2,8,337.5,422535,59.6679
19,20,4,3,1,22.5,333674,31.5754
19,20,4,3,2,67.5,333611,60.6591
19,20,4,3,3,112.5,332989,72.1901
19,20,4,3,4,157.5,329616,120.37
19,20,4,3,5,202.5,329784,92.3952
19,20,4,3,6,247.5,331517,64.3647
19,20,4,3,7,292.5,334093,76.8882
19,20,4,3,8,337.5,332509,25.6477
19,20,4,4,1,22.5,257431,20.5581
19,20,4,4,2,67.5,258104,67.7185
19,20,4,4,3,112.5,255900,54.827
19,20,4,4,4,157.5,254612,92.667
19,20,4,4,5,202.5,253644,74.7469
19,20,4,4,6,247.5,256057,62.31
19,20,4,4,7,292.5,259602,91.8413
19,20,4,4,8,337.5,259467,26.5509
19,20,4,5,1,22.5,341922,37.1538
19,20,4,5,2,67.5,341530,106.551
19,20,4,5,3,112.5,336825,63.2377
19,20,4,5,4,157.5,335094,91.3054
19,20,4,5,5,202.5,334879,72.6632
19,20,4,5,6,247.5,337170,88.5779
19,20,4,5,7,292.5,341811,113.044
19,20,4,5,8,337.5,340538,43.839
19,20,4,6,1,22.5,183048,31.165
19,20,4,6,2,67.5,183963,87.0927
19,20,4,6,3,112.5,180935,50.6841
19,20,4,6,4,157.5,179219,49.6469
19,20,4,6,5,202.5,179673,39.9755
19,20,4,6,6,247.5,180506,71.1791
19,20,4,6,7,292.5,183371,78.1073
19,20,4,6,8,337.5,182974,28.8244
19,20,4,7,1,22.5,92009,23.3512
19,20,4,7,2,67.5,91975,60.266
19,20,4,7,3,112.5,90557,38.9342
19,20,4,7,4,157.5,88788,24.9173
19,20,4,7,5,202.5,89354,19.2484
19,20,4,7,6,247.5,90310,47.8161
19,20,4,7,7,292.5,91880,51.5843
19,20,4,7,8,337.5,91893,24.206
19,20,4,8,1,22.5,55098,24.0223
19,20,4,8,2,67.5,54668,46.012
19,20,4,8,3,112.5,53309,29.7268
19,20,4,8,4,157.5,52929,12.0666
19,20,4,8,5,202.5,53190,10.0746
19,20,4,8,6,247.5,54174,35.9387
19,20,4,8,7,292.5,54601,38.5252
19,20,4,8,8,337.5,54821,27.5842
19,20,4,9,1,22.5,15552,17.5956
19,20,4,9,2,67.5,15365,23.4798
19,20,4,9,3,112.5,15222,13.0997
19,20,4,9,4,157.5,14776,0
19,20,4,9,5,202.5,14849,0
19,20,4,9,6,247.5,15095,15.0254
19,20,4,9,7,292.5,15471,20.0171
19,20,4,9,8,337.5,15559,18.2486
19,20,4,10,1,22.5,3961,10.867
19,20,4,10,2,67.5,3871,11.1321
19,20,4,10,3,112.5,3783,4.38434
19,20,4,10,4,157.5,3680,0
19,20,4,10,5,202.5,3686,0
19,20,4,10,6,247.5,3878,4.67547
19,20,4,10,7,292.5,3793,11.1595
19,20,4,10,8,337.5,3918,9.7386
19,20,4,11,1,22.5,272,4.02976
19,20,4,11,2,67.5,268,0
19,20,4,11,3,112.5,290,0
19,20,4,11,4,157.5,269,0
19,20,4,11,5,202.5,246,0
19,20,4,11,6,247.5,294,0
19,20,4,11,7,292.5,286,0
19,20,4,11,8,337.5,247,0
19,20,5,1,1,22.5,312139,84.9828
19,20,5,1,2,67.5,312721,94.4954
19,20,5,1,3,112.5,311906,135.078
19,20,5,1,4,157.5,310093,156.947
19,20,5,1,5,202.5,309904,139.537
19,20,5,1,6,247.5,312112,87.385
19,20,5,1,7,292.5,312442,64.2788
19,20,5,1,8,337.5,311554,68.451
19,20,5,2,1,22.5,246500,39.7384
19,20,5,2,2,67.5,246216,48.8009
19,20,5,2,3,112.5,245112,81.4686
19,20,5,2,4,157.5,243738,133.551
19,20,5,2,5,202.5,243885,109.034
19,20,5,2,6,247.5,244422,47.9632
19,20,5,2,7,292.5,245872,49.4972
19,20,5,2,8,337.5,245656,44.0526
19,20,5,3,1,22.5,191114,33.2963
19,20,5,3,2,67.5,191638,41.1004
19,20,5,3,3,112.5,189915,56.8376
19,20,5,3,4,157.5,189523,110.43
19,20,5,3,5,202.5,189454,89.3964
19,20,5,3,6,247.5,190044,38.324
19,20,5,3,7,292.5,192383,44.9051
19,20,5,3,8,337.5,191576,30.3537
19,20,5,4,1,22.5,146487,20.1564
19,20,5,4,2,67.5,146395,35.1443
19,20,5,4,3,112.5,144685,43.3844
19,20,5,4,4,157.5,144488,91.2621
19,20,5,4,5,202.5,143793,73.6245
19,20,5,4,6,247.5,144797,36.3968
19,20,5,4,7,292.5,146987,61.4861
19,20,5,4,8,337.5,146438,17.8339
19,20,5,5,1,22.5,191484,20.9903
19,20,5,5,2,67.5,190999,70.2604
19,20,5,5,3,112.5,188607,46.26
19,20,5,5,4,157.5,186933,99.6971
19,20,5,5,5,202.5,187235,78.4045
19,20,5,5,6,247.5,189453,60.4063
19,20,5,5,7,292.5,191769,95.7933
19,20,5,5,8,337.5,191332,23.6573
19,20,5,6,1,22.5,99983,20.0202
19,20,5,6,2,67.5,100286,72.4032
19,20,5,6,3,112.5,98005,34.9325
19,20,5,6,4,157.5,97330,64.6436
19,20,5,6,5,202.5,96897,51.7063
19,20,5,6,6,247.5,98688,58.1342
19,20,5,6,7,292.5,100932,73.9704
19,20,5,6,8,337.5,99826,19.9069
19,20,5,7,1,22.5,48859,15.095
19,20,5,7,2,67.5,48846,55.4962
19,20,5,7,3,112.5,48103,29.6002
19,20,5,7,4,157.5,46713,39.8016
19,20,5,7,5,202.5,46778,31.1219
19,20,5,7,6,247.5,47921,47.6114
19,20,5,7,7,292.5,48568,48.6884
19,20,5,7,8,337.5,48601,14.3824
19,20,5,8,1,22.5,28063,11.8769
19,20,5,8,2,67.5,28163,42.3783
19,20,5,8,3,112.5,27540,27.313
19,20,5,8,4,157.5,26958,27.4193
19,20,5,8,5,202.5,27038,20.4006
19,20,5,8,6,247.5,27490,40.3308
19,20,5,8,7,292.5,28045,34.5582
19,20,5,8,8,337.5,28141,13.8541
19,20,5,9,1,22.5,6988,6.12702
19,20,5,9,2,67.5,7167,21.6817
19,20,5,9,3,112.5,6999,16.4142
19,20,5,9,4,157.5,7052,10.394
19,20,5,9,5,202.5,6970,6.0465
19,20,5,9,6,247.5,7109,20.6643
19,20,5,9,7,292.5,7222,17.6852
19,20,5,9,8,337.5,7240,10.3133
19,20,5,10,1,22.5,1537,4.67331
19,20,5,10,2,67.5,1533,9.6639
19,20,5,10,3,112.5,1513,7.49473
19,20,5,10,4,157.5,1441,0
19,20,5,10,5,202.5,1389,0
19,20,5,10,6,247.5,1539,10.9681
19,20,5,10,7,292.5,1528,7.66415
19,20,5,10,8,337.5,1485,7.24007
19,20,5,11,1,22.5,50,0
19,20,5,11,2,67.5,63,0
19,20,5,11,3,112.5,47,0
19,20,5,11,4,157.5,56,0
19,20,5,11,5,202.5,51,0
19,20,5,11,6,247.5,56,0
19,20,5,11,7,292.5,45,0
19,20,5,11,8,337.5,50,0
19,20,6,1,1,22.5,138763,73.7193
19,20,6,1,2,67.5,138719,78.8083
19,20,6,1,3,112.5,137729,100.719
19,20,6,1,4,157.5,137841,109.682
19,20,6,1,5,202.5,137937,98.9759
19,20,6,1,6,247.5,138091,64.341
19,20,6,1,7,292.5,137961,46.9033
19,20,6,1,8,337.5,137767,61.8102
19,20,6,2,1,22.5,104357,30.2123
19,20,6,2,2,67.5,104375,28.0435
19,20,6,2,3,112.5,103979,66.5176
19,20,6,2,4,157.5,103093,94.8071
19,20,6,2,5,202.5,103076,82.3284
19,20,6,2,6,247.5,103846,29.4772
19,20,6,2,7,292.5,104797,20.8444
19,20,6,2,8,337.5,104900,24.0021
19,20,6,3,1,22.5,76976,15.9407
19,20,6,3,2,67.5,76921,16.848
19,20,6,3,3,112.5,76813,45.8378
19,20,6,3,4,157.5,76107,83.2591
19,20,6,3,5,202.5,76486,69.2169
19,20,6,3,6,247.5,76741,18.8141
19,20,6,3,7,292.5,76794,18.9558
19,20,6,3,8,337.5,77011,17.7739
19,20,6,4,1,22.5,55432,11.0918
19,20,6,4,2,67.5,55233,15.0335
19,20,6,4,3,112.5,55122,33.0434
19,20,6,4,4,157.5,54072,69.9814
19,20,6,4,5,202.5,54806,55.8486
19,20,6,4,6,247.5,55245,14.4026
19,20,6,4,7,292.5,55610,26.5321
19,20,6,4,8,337.5,55625,12.9576
19,20,6,5,1,22.5,66291,12.0078
19,20,6,5,2,67.5,65987,26.5538
19,20,6,5,3,112.5,65331,32.4672
19,20,6,5,4,157.5,65188,76.1844
19,20,6,5,5,202.5,64724,61.9455
19,20,6,5,6,247.5,65851,22.7517
19,20,6,5,7,292.5,66553,53.7655
19,20,6,5,8,337.5,66358,11.7996
19,20,6,6,1,22.5,30985,8.0619
19,20,6,6,2,67.5,30942,37.2683
19,20,6,6,3,112.5,30337,17.7895
19,20,6,6,4,157.5,29960,52.5803
19,20,6,6,5,202.5,30184,41.1751
19,20,6,6,6,247.5,30525,27.5421
19,20,6,6,7,292.5,31276,48.0786
19,20,6,6,8,337.5,31031,9.75535
19,20,6,7,1,22.5,13250,5.13209
19,20,6,7,2,67.5,13421,30.957
19,20,6,7,3,112.5,13390,12.2025
19,20,6,7,4,157.5,12929,33.6459
19,20,6,7,5,202.5,12876,27.352
19,20,6,7,6,247.5,13122,24.1953
19,20,6,7,7,292.5,13374,32.1854
19,20,6,7,8,337.5,13376,3.9474
19,20,6,8,1,22.5,6039,0
19,20,6,8,2,67.5,6365,23.3652
19,20,6,8,3,112.5,5928,10.7541
19,20,6,8,4,157.5,6058,23.4574
19,20,6,8,5,202.5,6010,17.3323
19,20,6,8,6,247.5,6144,20.6071
19,20,6,8,7,292.5,6197,21.4241
19,20,6,8,8,337.5,6120,0
19,20,6,9,1,22.5,1003,0
19,20,6,9,2,67.5,1008,9.59
19,20,6,9,3,112.5,975,6.63815
19,20,6,9,4,157.5,970,9.93035
19,20,6,9,5,202.5,1032,7.22727
19,20,6,9,6,247.5,1039,9.33131
19,20,6,9,7,292.5,1003,8.33398
19,20,6,9,8,337.5,1014,0
19,20,6,10,1,22.5,74,0
19,20,6,10,2,67.5,79,0
19,20,6,10,3,112.5,59,0
19,20,6,10,4,157.5,76,0
19,20,6,10,5,202.5,74,0
19,20,6,10,6,247.5,88,0
19,20,6,10,7,292.5,71,0
19,20,6,10,8,337.5,80,0
19,20,6,11,1,22.5,0,0
19,20,6,11,2,67.5,0,0
19,20,6,11,3,112.5,0,0
19,20,6,11,4,157.5,0,0
19,20,6,11,5,202.5,0,0
19,20,6,11,6,247.5,0,0
19,20,6,11,7,292.5,0,0
19,20,6,11,8,337.5,0,0
19,20,7,1,1,22.5,26215,41.2652
19,20,7,1,2,67.5,26388,43.7737
19,20,7,1,3,112.5,26001,51.2037
19,20,7,1,4,157.5,26237,55.3051
19,20,7,1,5,202.5,26413,51.0417
19,20,7,1,6,247.5,26262,33.0994
19,20,7,1,7,292.5,26203,23.7746
19,20,7,1,8,337.5,26484,31.5888
19,20,7,2,1,22.5,17554,15.7169
19,20,7,2,2,67.5,17403,14.8158
19,20,7,2,3,112.5,17519,35.3116
19,20,7,2,4,157.5,17225,46.6832
19,20,7,2,5,202.5,17192,40.5907
19,20,7,2,6,247.5,17289,12.7827
19,20,7,2,7,292.5,17317,0
19,20,7,2,8,337.5,17401,7.59805
19,20,7,3,1,22.5,10873,0
19,20,7,3,2,67.5,11004,0
19,20,7,3,3,112.5,11162,22.0824
19,20,7,3,4,157.5,11087,36.2945
19,20,7,3,5,202.5,11059,30.7123
19,20,7,3,6,247.5,11227,0
19,20,7,3,7,292.5,11100,0
19,20,7,3,8,337.5,10983,0
19,20,7,4,1,22.5,6961,0
19,20,7,4,2,67.5,6987,0
19,20,7,4,3,112.5,7001,15.0834
19,20,7,4,4,157.5,6908,29.2769
19,20,7,4,5,202.5,6723,23.019
19,20,7,4,6,247.5,7058,0
19,20,7,4,7,292.5,6856,4.29334
19,20,7,4,8,337.5,6917,0
19,20,7,5,1,22.5,6390,0
19,20,7,5,2,67.5,6667,0
19,20,7,5,3,112.5,6509,13.2672
19,20,7,5,4,157.5,6398,27.3063
19,20,7,5,5,202.5,6524,22.5106
19,20,7,5,6,247.5,6509,0
19,20,7,5,7,292.5,6576,13.3951
19,20,7,5,8,337.5,6534,0
19,20,7,6,1,22.5,2030,0
19,20,7,6,2,67.5,1936,4.88001
19,20,7,6,3,112.5,1990,5.00812
19,20,7,6,4,157.5,1906,14.9923
19,20,7,6,5,202.5,1918,12.4367
19,20,7,6,6,247.5,1969,4.33753
19,20,7,6,7,292.5,2007,11.7681
19,20,7,6,8,337.5,1995,0
19,20,7,7,1,22.5,449,0
19,20,7,7,2,67.5,440,0
19,20,7,7,3,112.5,442,0
19,20,7,7,4,157.5,399,6.55301
19,20,7,7,5,202.5,419,3.87139
19,20,7,7,6,247.5,430,0
19,20,7,7,7,292.5,434,0
19,20,7,7,8,337.5,438,0
19,20,7,8,1,22.5,57,0
19,20,7,8,2,67.5,67,0
19,20,7,8,3,112.5,58,0
19,20,7,8,4,157.5,57,0
19,20,7,8,5,202.5,63,0
19,20,7,8,6,247.5,55,0
19,20,7,8,7,292.5,49,0
19,20,7,8,8,337.5,55,0
19,20,7,9,1,22.5,0,0
19,20,7,9,2,67.5,0,0
19,20,7,9,3,112.5,0,0
19,20,7,9,4,157.5,0,0
19,20,7,9,5,202.5,0,0
19,20,7,9,6,247.5,0,0
19,20,7,9,7,292.5,0,0
19,20,7,9,8,337.5,0,0
19,20,7,10,1,22.5,0,0
19,20,7,10,2,67.5,0,0
19,20,7,10,3,112.5,0,0
19,20,7,10,4,157.5,0,0
19,20,7,10,5,202.5,0,0
19,20,7,10,6,247.5,0,0
19,20,7,10,7,292.5,0,0
19,20,7,10,8,337.5,0,0
19,20,7,11,1,22.5,0,0
19,20,7,11,2,67.5,0,0
19,20,7,11,3,112.5,0,0
19,20,7,11,4,157.5,0,0
19,20,7,11,5,202.5,0,0
19,20,7,11,6,247.5,0,0
19,20,7,11,7,292.5,0,0
19,20,7,11,8,337.5,0,0
19,20,8,1,1,22.5,147,0
19,20,8,1,2,67.5,117,0
19,20,8,1,3,112.5,109,0
19,20,8,1,4,157.5,125,0
19,20,8,1,5,202.5,113,0
19,20,8,1,6,247.5,127,0
19,20,8,1,7,292.5,133,0
19,20,8,1,8,337.5,126,0
19,20,8,2,1,22.5,33,0
19,20,8,2,2,67.5,26,0
19,20,8,2,3,112.5,21,0
19,20,8,2,4,157.5,19,0
19,20,8,2,5,202.5,30,0
19,20,8,2,6,247.5,27,0
19,20,8,2,7,292.5,21,0
19,20,8,2,8,337.5,28,0
19,20,8,3,1,22.5,0,0
19,20,8,3,2,67.5,0,0
19,20,8,3,3,112.5,0,0
19,20,8,3,4,157.5,1,0
19,20,8,3,5,202.5,1,0
19,20,8,3,6,247.5,2,0
19,20,8,3,7,292.5,2,0
19,20,8,3,8,337.5,3,0
19,20,8,4,1,22.5,0,0
19,20,8,4,2,67.5,0,0
19,20,8,4,3,112.5,0,0
19,20,8,4,4,157.5,0,0
19,20,8,4,5,202.5,0,0
19,20,8,4,6,247.5,0,0
19,20,8,4,7,292.5,0,0
19,20,8,4,8,337.5,0,0
19,20,8,5,1,22.5,0,0
19,20,8,5,2,67.5,0,0
19,20,8,5,3,112.5,0,0
19,20,8,5,4,157.5,0,0
19,20,8,5,5,202.5,0,0
19,20,8,5,6,247.5,0,0
19,20,8,5,7,292.5,0,0
19,20,8,5,8,337.5,0,0
19,20,8,6,1,22.5,0,0
19,20,8,6,2,67.5,0,0
19,20,8,6,3,112.5,0,0
19,20,8,6,4,157.5,0,0
19,20,8,6,5,202.5,0,0
19,20,8,6,6,247.5,0,0
19,20,8,6,7,292.5,0,0
19,20,8,6,8,337.5,0,0
19,20,8,7,1,22.5,0,0
19,20,8,7,2,67.5,0,0
19,20,8,7,3,112.5,0,0
19,20,8,7,4,157.5,0,0
19,20,8,7,5,202.5,0,0
19,20,8,7,6,247.5,0,0
19,20,8,7,7,292.5,0,0
19,20,8,7,8,337.5,0,0
19,20,8,8,1,22.5,0,0
19,20,8,8,2,67.5,0,0
19,20,8,8,3,112.5,0,0
19,20,8,8,4,157.5,0,0
19,20,8,8,5,202.5,0,0
19,20,8,8,6,247.5,0,0
19,20,8,8,7,292.5,0,0
19,20,8,8,8,337.5,0,0
19,20,8,9,1,22.5,0,0
19,20,8,9,2,67.5,0,0
19,20,8,9,3,112.5,0,0
19,20,8,9,4,157.5,0,0
19,20,8,9,5,202.5,0,0
19,20,8,9,6,247.5,0,0
19,20,8,9,7,292.5,0,0
19,20,8,9,8,337.5,0,0
19,20,8,10,1,22.5,0,0
19,20,8,10,2,67.5,0,0
19,20,8,10,3,112.5,0,0
19,20,8,10,4,157.5,0,0
19,20,8,10,5,202.5,0,0
19,20,8,10,6,247.5,0,0
19,20,8,10,7,292.5,0,0
19,20,8,10,8,337.5,0,0
19,20,8,11,1,22.5,0,0
19,20,8,11,2,67.5,0,0
19,20,8,11,3,112.5,0,0
19,20,8,11,4,157.5,0,0
19,20,8,11,5,202.5,0,0
19,20,8,11,6,247.5,0,0
19,20,8,11,7,292.5,0,0
19,20,8,11,8,337.5,0,0
20,21,1,1,1,22.5,2.71649e+06,0
20,21,1,1,2,67.5,2.72255e+06,0
20,21,1,1,3,112.5,2.72366e+06,0
20,21,1,1,4,157.5,2.72448e+06,0
20,21,1,1,5,202.5,2.72718e+06,0
20,21,1,1,6,247.5,2.72602e+06,0
20,21,1,1,7,292.5,2.72208e+06,0
20,21,1,1,8,337.5,2.72031e+06,0
20,21,1,2,1,22.5,796878,0
20,21,1,2,2,67.5,800744,0
20,21,1,2,3,112.5,800819,0
20,21,1,2,4,157.5,800252,0
20,21,1,2,5,202.5,802816,0
20,21,1,2,6,247.5,801893,0
20,21,1,2,7,292.5,802122,0
20,21,1,2,8,337.5,798596,0
20,21,1,3,1,22.5,251291,0
20,21,1,3,2,67.5,251865,0
20,21,1,3,3,112.5,252230,0
20,21,1,3,4,157.5,252582,0
20,21,1,3,5,202.5,251914,0
20,21,1,3,6,247.5,251775,0
20,21,1,3,7,292.5,252023,0
20,21,1,3,8,337.5,250830,0
20,21,1,4,1,22.5,65348,0
20,21,1,4,2,67.5,66322,0
20,21,1,4,3,112.5,66618,0
20,21,1,4,4,157.5,66369,0
20,21,1,4,5,202.5,66144,0
20,21,1,4,6,247.5,66161,0
20,21,1,4,7,292.5,65584,0
20,21,1,4,8,337.5,66031,0
20,21,1,5,1,22.5,13399,0
20,21,1,5,2,67.5,13516,0
20,21,1,5,3,112.5,13432,0
20,21,1,5,4,157.5,13676,0
20,21,1,5,5,202.5,13507,0
20,21,1,5,6,247.5,13496,0
20,21,1,5,7,292.5,13415,0
20,21,1,5,8,337.5,13319,0
20,21,1,6,1,22.5,10,0
20,21,1,6,2,67.5,6,0
20,21,1,6,3,112.5,13,0
20,21,1,6,4,157.5,7,0
20,21,1,6,5,202.5,11,0
20,21,1,6,6,247.5,7,0
20,21,1,6,7,292.5,12,0
20,21,1,6,8,337.5,12,0
20,21,1,7,1,22.5,0,0
20,21,1,7,2,67.5,0,0
20,21,1,7,3,112.5,0,0
20,21,1,7,4,157.5,0,0
20,21,1,7,5,202.5,0,0
20,21,1,7,6,247.5,0,0
20,21,1,7,7,292.5,0,0
20,21,1,7,8,337.5,0,0
20,21,1,8,1,22.5,0,0
20,21,1,8,2,67.5,0,0
20,21,1,8,3,112.5,0,0
20,21,1,8,4,157.5,0,0
20,21,1,8,5,202.5,0,0
20,21,1,8,6,247.5,0,0
20,21,1,8,7,292.5,0,0
20,21,1,8,8,337.5,0,0
20,21,1,9,1,22.5,0,0
20,21,1,9,2,67.5,0,0
20,21,1,9,3,112.5,0,0
20,21,1,9,4,157.5,0,0
20,21,1,9,5,202.5,0,0
20,21,1,9,6,247.5,0,0
20,21,1,9,7,292.5,0,0
20,21,1,9,8,337.5,0,0
20,21,1,10,1,22.5,0,0
20,21,1,10,2,67.5,0,0
20,21,1,10,3,112.5,0,0
20,21,1,10,4,157.5,0,0
20,21,1,10,5,202.5,0,0
20,21,1,10,6,247.5,0,0
20,21,1,10,7,292.5,0,0
20,21,1,10,8,337.5,0,0
20,21,1,11,1,22.5,0,0
20,21,1,11,2,67.5,0,0
20,21,1,11,3,112.5,0,0
20,21,1,11,4,157.5,0,0
20,21,1,11,5,202.5,0,0
20,21,1,11,6,247.5,0,0
20,21,1,11,7,292.5,0,0
20,21,1,11,8,337.5,0,0
20,21,2,1,1,22.5,531056,0
20,21,2,1,2,67.5,530715,0
20,21,2,1,3,112.5,530052,0
20,21,2,1,4,157.5,530411,0
20,21,2,1,5,202.5,530437,0
20,21,2,1,6,247.5,529335,0
20,21,2,1,7,292.5,532207,0
20,21,2,1,8,337.5,531333,0
20,21,2,2,1,22.5,372632,0
20,21,2,2,2,67.5,372872,0
20,21,2,2,3,112.5,371585,0
20,21,2,2,4,157.5,370383,0
20,21,2,2,5,202.5,371780,0
20,21,2,2,6,247.5,373373,0
20,21,2,2,7,292.5,373264,0
20,21,2,2,8,337.5,372239,0
20,21,2,3,1,22.5,230798,0
20,21,2,3,2,67.5,231597,0
20,21,2,3,3,112.5,230062,0
20,21,2,3,4,157.5,229711,0
20,21,2,3,5,202.5,230154,0
20,21,2,3,6,247.5,231386,0
20,21,2,3,7,292.5,231666,0
20,21,2,3,8,337.5,231628,0
20,21,2,4,1,22.5,136358,0
20,21,2,4,2,67.5,135893,0
20,21,2,4,3,112.5,136618,0
20,21,2,4,4,157.5,135613,0
20,21,2,4,5,202.5,135568,0
20,21,2,4,6,247.5,136714,0
20,21,2,4,7,292.5,136550,0
20,21,2,4,8,337.5,135889,0
20,21,2,5,1,22.5,82662,0
20,21,2,5,2,67.5,83230,0
20,21,2,5,3,112.5,82882,0
20,21,2,5,4,157.5,82430,0
20,21,2,5,5,202.5,83163,0
20,21,2,5,6,247.5,82266,0
20,21,2,5,7,292.5,82800,0
20,21,2,5,8,337.5,83367,0
20,21,2,6,1,22.5,6862,0
20,21,2,6,2,67.5,6863,0
20,21,2,6,3,112.5,6815,0
20,21,2,6,4,157.5,6716,0
20,21,2,6,5,202.5,6756,0
20,21,2,6,6,247.5,6697,0
20,21,2,6,7,292.5,6662,0
20,21,2,6,8,337.5,6694,0
20,21,2,7,1,22.5,50,0
20,21,2,7,2,67.5,46,0
20,21,2,7,3,112.5,40,0
20,21,2,7,4,157.5,43,0
20,21,2,7,5,202.5,44,0
20,21,2,7,6,247.5,55,0
20,21,2,7,7,292.5,51,0
20,21,2,7,8,337.5,54,0
20,21,2,8,1,22.5,0,0
20,21,2,8,2,67.5,0,0
20,21,2,8,3,112.5,0,0
20,21,2,8,4,157.5,0,0
20,21,2,8,5,202.5,0,0
20,21,2,8,6,247.5,0,0
20,21,2,8,7,292.5,0,0
20,21,2,8,8,337.5,0,0
20,21,2,9,1,22.5,0,0
20,21,2,9,2,67.5,0,0
20,21,2,9,3,112.5,0,0
20,21,2,9,4,157.5,0,0
20,21,2,9,5,202.5,0,0
20,21,2,9,6,247.5,0,0
20,21,2,9,7,292.5,0,0
20,21,2,9,8,337.5,0,0
20,21,2,10,1,22.5,0,0
20,21,2,10,2,67.5,0,0
20,21,2,10,3,112.5,0,0
20,21,2,10,4,157.5,0,0
20,21,2,10,5,202.5,0,0
20,21,2,10,6,247.5,0,0
20,21,2,10,7,292.5,0,0
20,21,2,10,8,337.5,0,0
20,21,2,11,1,22.5,0,0
20,21,2,11,2,67.5,0,0
20,21,2,11,3,112.5,0,0
20,21,2,11,4,157.5,0,0
20,21,2,11,5,202.5,0,0
20,21,2,11,6,247.5,0,0
20,21,2,11,7,292.5,0,0
20,21,2,11,8,337.5,0,0
20,21,3,1,1,22.5,274046,24.1719
20,21,3,1,2,67.5,273050,37.3146
20,21,3,1,3,112.5,272236,34.0023
20,21,3,1,4,157.5,272313,30.9244
20,21,3,1,5,202.5,272404,28.3261
20,21,3,1,6,247.5,272233,28.5816
20,21,3,1,7,292.5,273078,42.4088
20,21,3,1,8,337.5,273789,28.2377
20,21,3,2,1,22.5,196376,15.7239
20,21,3,2,2,67.5,196930,28.1395
20,21,3,2,3,112.5,194989,16.905
20,21,3,2,4,157.5,195654,0
20,21,3,2,5,202.5,194832,0
20,21,3,2,6,247.5,195626,17.6488
20,21,3,2,7,292.5,196371,21.26
20,21,3,2,8,337.5,196074,14.0076
20,21,3,3,1,22.5,136021,10.0098
20,21,3,3,2,67.5,135901,16.0067
20,21,3,3,3,112.5,134613,8.68841
20,21,3,3,4,157.5,134022,0
20,21,3,3,5,202.5,133426,0
20,21,3,3,6,247.5,134789,0
20,21,3,3,7,292.5,135365,21.0618
20,21,3,3,8,337.5,135463,9.76532
20,21,3,4,1,22.5,89712,9.70744
20,21,3,4,2,67.5,89331,15.7811
20,21,3,4,3,112.5,89783,0
20,21,3,4,4,157.5,88438,0
20,21,3,4,5,202.5,88969,0
20,21,3,4,6,247.5,90221,0
20,21,3,4,7,292.5,90207,16.034
20,21,3,4,8,337.5,89260,9.34957
20,21,3,5,1,22.5,71775,10.1143
20,21,3,5,2,67.5,71323,14.114
20,21,3,5,3,112.5,71351,0
20,21,3,5,4,157.5,70792,0
20,21,3,5,5,202.5,71528,0
20,21,3,5,6,247.5,71821,0
20,21,3,5,7,292.5,71911,10.6192
20,21,3,5,8,337.5,72034,10.0852
20,21,3,6,1,22.5,12017,2.78758
20,21,3,6,2,67.5,12216,4.31335
20,21,3,6,3,112.5,12101,0
20,21,3,6,4,157.5,12045,0
20,21,3,6,5,202.5,12073,0
20,21,3,6,6,247.5,12107,0
20,21,3,6,7,292.5,12231,5.36003
20,21,3,6,8,337.5,12032,0
20,21,3,7,1,22.5,599,0
20,21,3,7,2,67.5,558,0
20,21,3,7,3,112.5,600,0
20,21,3,7,4,157.5,532,0
20,21,3,7,5,202.5,548,0
20,21,3,7,6,247.5,559,0
20,21,3,7,7,292.5,596,0
20,21,3,7,8,337.5,581,0
20,21,3,8,1,22.5,0,0
20,21,3,8,2,67.5,0,0
20,21,3,8,3,112.5,0,0
20,21,3,8,4,157.5,0,0
20,21,3,8,5,202.5,0,0
20,21,3,8,6,247.5,0,0
20,21,3,8,7,292.5,0,0
20,21,3,8,8,337.5,0,0
20,21,3,9,1,22.5,0,0
20,21,3,9,2,67.5,0,0
20,21,3,9,3,112.5,0,0
20,21,3,9,4,157.5,0,0
20,21,3,9,5,202.5,0,0
20,21,3,9,6,247.5,0,0
20,21,3,9,7,292.5,0,0
20,21,3,9,8,337.5,0,0
20,21,3,10,1,22.5,0,0
20,21,3,10,2,67.5,0,0
20,21,3,10,3,112.5,0,0
20,21,3,10,4,157.5,0,0
20,21,3,10,5,202.5,0,0
20,21,3,10,6,247.5,0,0
20,21,3,10,7,292.5,0,0
20,21,3,10,8,337.5,0,0
20,21,3,11,1,22.5,0,0
20,21,3,11,2,67.5,0,0
20,21,3,11,3,112.5,0,0
20,21,3,11,4,157.5,0,0
20,21,3,11,5,202.5,0,0
20,21,3,11,6,247.5,0,0
20,21,3,11,7,292.5,0,0
20,21,3,11,8,337.5,0,0
20,21,4,1,1,22.5,146859,45.6403
20,21,4,1,2,67.5,146839,51.5309
20,21,4,1,3,112.5,146146,55.6115
20,21,4,1,4,157.5,145703,60.4614
20,21,4,1,5,202.5,145292,49.2634
20,21,4,1,6,247.5,146137,43.7594
20,21,4,1,7,292.5,146006,48.6752
20,21,4,1,8,337.5,146782,46.2602
20,21,4,2,1,22.5,108330,29.2404
20,21,4,2,2,67.5,107985,39.9323
20,21,4,2,3,112.5,107810,24.6246
20,21,4,2,4,157.5,107014,18.4252
20,21,4,2,5,202.5,107021,11.4429
20,21,4,2,6,247.5,108541,29.9575
20,21,4,2,7,292.5,108380,31.3497
20,21,4,2,8,337.5,109176,29.9031
20,21,4,3,1,22.5,74424,17.0253
20,21,4,3,2,67.5,74734,21.9986
20,21,4,3,3,112.5,75077,17.4068
20,21,4,3,4,157.5,74085,0
20,21,4,3,5,202.5,74033,0
20,21,4,3,6,247.5,73845,14.5038
20,21,4,3,7,292.5,74765,27.2707
20,21,4,3,8,337.5,74843,15.6445
20,21,4,4,1,22.5,44637,7.38268
20,21,4,4,2,67.5,44465,21.2288
20,21,4,4,3,112.5,44474,10.5693
20,21,4,4,4,157.5,44115,0
20,21,4,4,5,202.5,43993,0
20,21,4,4,6,247.5,44640,7.83055
20,21,4,4,7,292.5,44830,27.1466
20,21,4,4,8,337.5,44509,9.14002
20,21,4,5,1,22.5,33745,10.5179
20,21,4,5,2,67.5,33615,25.9828
20,21,4,5,3,112.5,33431,4.38831
20,21,4,5,4,157.5,32801,0
20,21,4,5,5,202.5,33081,0
20,21,4,5,6,247.5,33486,5.17649
20,21,4,5,7,292.5,33752,26.8508
20,21,4,5,8,337.5,33416,11.8254
20,21,4,6,1,22.5,5374,4.63781
20,21,4,6,2,67.5,5406,12.0959
20,21,4,6,3,112.5,5310,0
20,21,4,6,4,157.5,5413,0
20,21,4,6,5,202.5,5296,0
20,21,4,6,6,247.5,5250,0
20,21,4,6,7,292.5,5399,11.189
20,21,4,6,8,337.5,5266,4.52552
20,21,4,7,1,22.5,192,0
20,21,4,7,2,67.5,181,0
20,21,4,7,3,112.5,171,0
20,21,4,7,4,157.5,203,0
20,21,4,7,5,202.5,167,0
20,21,4,7,6,247.5,189,0
20,21,4,7,7,292.5,176,0
20,21,4,7,8,337.5,158,0
20,21,4,8,1,22.5,0,0
20,21,4,8,2,67.5,0,0
20,21,4,8,3,112.5,0,0
20,21,4,8,4,157.5,0,0
20,21,4,8,5,202.5,0,0
20,21,4,8,6,247.5,0,0
20,21,4,8,7,292.5,0,0
20,21,4,8,8,337.5,0,0
20,21,4,9,1,22.5,0,0
20,21,4,9,2,67.5,0,0
20,21,4,9,3,112.5,0,0
20,21,4,9,4,157.5,0,0
20,21,4,9,5,202.5,0,0
20,21,4,9,6,247.5,0,0
20,21,4,9,7,292.5,0,0
20,21,4,9,8,337.5,0,0
20,21,4,10,1,22.5,0,0
20,21,4,10,2,67.5,0,0
20,21,4,10,3,112.5,0,0
20,21,4,10,4,157.5,0,0
20,21,4,10,5,202.5,0,0
20,21,4,10,6,247.5,0,0
20,21,4,10,7,292.5,0,0
20,21,4,10,8,337.5,0,0
20,21,4,11,1,22.5,0,0
20,21,4,11,2,67.5,0,0
20,21,4,11,3,112.5,0,0
20,21,4,11,4,157.5,0,0
20,21,4,11,5,202.5,0,0
20,21,4,11,6,247.5,0,0
20,21,4,11,7,292.5,0,0
20,21,4,11,8,337.5,0,0
20,21,5,1,1,22.5,66330,44.6974
20,21,5,1,2,67.5,66010,44.6799
20,21,5,1,3,112.5,65563,58.2072
20,21,5,1,4,157.5,65745,51.3006
20,21,5,1,5,202.5,65905,49.0963
20,21,5,1,6,247.5,66035,40.551
20,21,5,1,7,292.5,65824,31.386
20,21,5,1,8,337.5,66166,38.4687
20,21,5,2,1,22.5,40523,19.2366
20,21,5,2,2,67.5,40255,21.2328
20,21,5,2,3,112.5,40179,28.0073
20,21,5,2,4,157.5,40137,26.6927
20,21,5,2,5,202.5,40025,22.5898
20,21,5,2,6,247.5,40415,19.8531
20,21,5,2,7,292.5,40618,22.8592
20,21,5,2,8,337.5,40583,20.8611
20,21,5,3,1,22.5,21681,15.2788
20,21,5,3,2,67.5,21847,17.3704
20,21,5,3,3,112.5,21721,15.008
20,21,5,3,4,157.5,21764,9.49155
20,21,5,3,5,202.5,21923,9.00389
20,21,5,3,6,247.5,21963,13.9218
20,21,5,3,7,292.5,21954,13.9754
20,21,5,3,8,337.5,22045,14.0893
20,21,5,4,1,22.5,10623,8.72416
20,21,5,4,2,67.5,10698,8.8807
20,21,5,4,3,112.5,10644,8.29871
20,21,5,4,4,157.5,10315,0
20,21,5,4,5,202.5,10216,0
20,21,5,4,6,247.5,10483,8.55117
20,21,5,4,7,292.5,10519,16.6523
20,21,5,4,8,337.5,10406,8.73052
20,21,5,5,1,22.5,5720,3.9247
20,21,5,5,2,67.5,5741,13.6258
20,21,5,5,3,112.5,5693,5.18397
20,21,5,5,4,157.5,5674,0
20,21,5,5,5,202.5,5671,0
20,21,5,5,6,247.5,5817,8.76033
20,21,5,5,7,292.5,5794,16.5187
20,21,5,5,8,337.5,5747,5.02706
20,21,5,6,1,22.5,286,0
20,21,5,6,2,67.5,318,3.93105
20,21,5,6,3,112.5,277,0
20,21,5,6,4,157.5,310,0
20,21,5,6,5,202.5,307,0
20,21,5,6,6,247.5,296,0
20,21,5,6,7,292.5,321,6.76965
20,21,5,6,8,337.5,318,0
20,21,5,7,1,22.5,0,0
20,21,5,7,2,67.5,0,0
20,21,5,7,3,112.5,0,0
20,21,5,7,4,157.5,0,0
20,21,5,7,5,202.5,0,0
20,21,5,7,6,247.5,0,0
20,21,5,7,7,292.5,0,0
20,21,5,7,8,337.5,0,0
20,21,5,8,1,22.5,0,0
20,21,5,8,2,67.5,0,0
20,21,5,8,3,112.5,0,0
20,21,5,8,4,157.5,0,0
20,21,5,8,5,202.5,0,0
20,21,5,8,6,247.5,0,0
20,21,5,8,7,292.5,0,0
20,21,5,8,8,337.5,0,0
20,21,5,9,1,22.5,0,0
20,21,5,9,2,67.5,0,0
20,21,5,9,3,112.5,0,0
20,21,5,9,4,157.5,0,0
20,21,5,9,5,202.5,0,0
20,21,5,9,6,247.5,0,0
20,21,5,9,7,292.5,0,0
20,21,5,9,8,337.5,0,0
20,21,5,10,1,22.5,0,0
20,21,5,10,2,67.5,0,0
20,21,5,10,3,112.5,0,0
20,21,5,10,4,157.5,0,0
20,21,5,10,5,202.5,0,0
20,21,5,10,6,247.5,0,0
20,21,5,10,7,292.5,0,0
20,21,5,10,8,337.5,0,0
20,21,5,11,1,22.5,0,0
20,21,5,11,2,67.5,0,0
20,21,5,11,3,112.5,0,0
20,21,5,11,4,157.5,0,0
20,21,5,11,5,202.5,0,0
20,21,5,11,6,247.5,0,0
20,21,5,11,7,292.5,0,0
20,21,5,11,8,337.5,0,0
20,21,6,1,1,22.5,7754,23.1674
20,21,6,1,2,67.5,7756,21.2097
20,21,6,1,3,112.5,7746,24.0558
20,21,6,1,4,157.5,7843,26.5479
20,21,6,1,5,202.5,7706,25.4698
20,21,6,1,6,247.5,7647,18.6078
20,21,6,1,7,292.5,7853,14.1098
20,21,6,1,8,337.5,7931,17.3923
20,21,6,2,1,22.5,3119,8.56298
20,21,6,2,2,67.5,3012,5.59918
20,21,6,2,3,112.5,3055,11.6087
20,21,6,2,4,157.5,2913,13.3007
20,21,6,2,5,202.5,3050,11.7041
20,21,6,2,6,247.5,3038,7.32746
20,21,6,2,7,292.5,3037,6.28393
20,21,6,2,8,337.5,3086,6.38231
20,21,6,3,1,22.5,889,0
20,21,6,3,2,67.5,886,0
20,21,6,3,3,112.5,897,0
20,21,6,3,4,157.5,877,4.4318
20,21,6,3,5,202.5,847,0
20,21,6,3,6,247.5,903,0
20,21,6,3,7,292.5,885,0
20,21,6,3,8,337.5,926,4.43413
20,21,6,4,1,22.5,132,0
20,21,6,4,2,67.5,138,0
20,21,6,4,3,112.5,162,0
20,21,6,4,4,157.5,155,0
20,21,6,4,5,202.5,135,0
20,21,6,4,6,247.5,134,0
20,21,6,4,7,292.5,134,0
20,21,6,4,8,337.5,168,0
20,21,6,5,1,22.5,4,0
20,21,6,5,2,67.5,3,0
20,21,6,5,3,112.5,3,0
20,21,6,5,4,157.5,3,0
20,21,6,5,5,202.5,8,0
20,21,6,5,6,247.5,5,0
20,21,6,5,7,292.5,1,0
20,21,6,5,8,337.5,3,0
20,21,6,6,1,22.5,0,0
20,21,6,6,2,67.5,0,0
20,21,6,6,3,112.5,0,0
20,21,6,6,4,157.5,0,0
20,21,6,6,5,202.5,0,0
20,21,6,6,6,247.5,0,0
20,21,6,6,7,292.5,0,0
20,21,6,6,8,337.5,0,0
20,21,6,7,1,22.5,0,0
20,21,6,7,2,67.5,0,0
20,21,6,7,3,112.5,0,0
20,21,6,7,4,157.5,0,0
20,21,6,7,5,202.5,0,0
20,21,6,7,6,247.5,0,0
20,21,6,7,7,292.5,0,0
20,21,6,7,8,337.5,0,0
20,21,6,8,1,22.5,0,0
20,21,6,8,2,67.5,0,0
20,21,6,8,3,112.5,0,0
20,21,6,8,4,157.5,0,0
20,21,6,8,5,202.5,0,0
20,21,6,8,6,247.5,0,0
20,21,6,8,7,292.5,0,0
20,21,6,8,8,337.5,0,0
20,21,6,9,1,22.5,0,0
20,21,6,9,2,67.5,0,0
20,21,6,9,3,112.5,0,0
20,21,6,9,4,157.5,0,0
20,21,6,9,5,202.5,0,0
20,21,6,9,6,247.5,0,0
20,21,6,9,7,292.5,0,0
20,21,6,9,8,337.5,0,0
20,21,6,10,1,22.5,0,0
20,21,6,10,2,67.5,0,0
20,21,6,10,3,112.5,0,0
20,21,6,10,4,157.5,0,0
20,21,6,10,5,202.5,0,0
20,21,6,10,6,247.5,0,0
20,21,6,10,7,292.5,0,0
20,21,6,10,8,337.5,0,0
20,21,6,11,1,22.5,0,0
20,21,6,11,2,67.5,0,0
20,21,6,11,3,112.5,0,0
20,21,6,11,4,157.5,0,0
20,21,6,11,5,202.5,0,0
20,21,6,11,6,247.5,0,0
20,21,6,11,7,292.5,0,0
20,21,6,11,8,337.5,0,0
20,21,7,1,1,22.5,0,0
20,21,7,1,2,67.5,0,0
20,21,7,1,3,112.5,0,0
20,21,7,1,4,157.5,9.84944,3.46742
20,21,7,1,5,202.5,0,0
20,21,7,1,6,247.5,0,0
20,21,7,1,7,292.5,0,0
20,21,7,1,8,337.5,0,0
20,21,7,2,1,22.5,0,0
20,21,7,2,2,67.5,0,0
20,21,7,2,3,112.5,0,0
20,21,7,2,4,157.5,0,0
20,21,7,2,5,202.5,0,0
20,21,7,2,6,247.5,0,0
20,21,7,2,7,292.5,0,0
20,21,7,2,8,337.5,0,0
20,21,7,3,1,22.5,0,0
20,21,7,3,2,67.5,0,0
20,21,7,3,3,112.5,0,0
20,21,7,3,4,157.5,0,0
20,21,7,3,5,202.5,0,0
20,21,7,3,6,247.5,0,0
20,21,7,3,7,292.5,0,0
20,21,7,3,8,337.5,0,0
20,21,7,4,1,22.5,0,0
20,21,7,4,2,67.5,0,0
20,21,7,4,3,112.5,0,0
20,21,7,4,4,157.5,0,0
20,21,7,4,5,202.5,0,0
20,21,7,4,6,247.5,0,0
20,21,7,4,7,292.5,0,0
20,21,7,4,8,337.5,0,0
20,21,7,5,1,22.5,0,0
20,21,7,5,2,67.5,0,0
20,21,7,5,3,112.5,0,0
20,21,7,5,4,157.5,0,0
20,21,7,5,5,202.5,0,0
20,21,7,5,6,247.5,0,0
20,21,7,5,7,292.5,0,0
20,21,7,5,8,337.5,0,0
20,21,7,6,1,22.5,0,0
20,21,7,6,2,67.5,0,0
20,21,7,6,3,112.5,0,0
20,21,7,6,4,157.5,0,0
20,21,7,6,5,202.5,0,0
20,21,7,6,6,247.5,0,0
20,21,7,6,7,292.5,0,0
20,21,7,6,8,337.5,0,0
20,21,7,7,1,22.5,0,0
20,21,7,7,2,67.5,0,0
20,21,7,7,3,112.5,0,0
20,21,7,7,4,157.5,0,0
20,21,7,7,5,202.5,0,0
20,21,7,7,6,247.5,0,0
20,21,7,7,7,292.5,0,0
20,21,7,7,8,337.5,0,0
20,21,7,8,1,22.5,0,0
20,21,7,8,2,67.5,0,0
20,21,7,8,3,112.5,0,0
20,21,7,8,4,157.5,0,0
20,21,7,8,5,202.5,0,0
20,21,7,8,6,247.5,0,0
20,21,7,8,7,292.5,0,0
20,21,7,8,8,337.5,0,0
20,21,7,9,1,22.5,0,0
20,21,7,9,2,67.5,0,0
20,21,7,9,3,112.5,0,0
20,21,7,9,4,157.5,0,0
20,21,7,9,5,202.5,0,0
20,21,7,9,6,247.5,0,0
20,21,7,9,7,292.5,0,0
20,21,7,9,8,337.5,0,0
20,21,7,10,1,22.5,0,0
20,21,7,10,2,67.5,0,0
20,21,7,10,3,112.5,0,0
20,21,7,10,4,157.5,0,0
20,21,7,10,5,202.5,0,0
20,21,7,10,6,247.5,0,0
20,21,7,10,7,292.5,0,0
20,21,7,10,8,337.5,0,0
20,21,7,11,1,22.5,0,0
20,21,7,11,2,67.5,0,0
20,21,7,11,3,112.5,0,0
20,21,7,11,4,157.5,0,0
20,21,7,11,5,202.5,0,0
20,21,7,11,6,247.5,0,0
20,21,7,11,7,292.5,0,0
20,21,7,11,8,337.5,0,0
20,21,8,1,1,22.5,0,0
20,21,8,1,2,67.5,0,0
20,21,8,1,3,112.5,0,0
20,21,8,1,4,157.5,0,0
20,21,8,1,5,202.5,0,0
20,21,8,1,6,247.5,0,0
20,21,8,1,7,292.5,0,0
20,21,8,1,8,337.5,0,0
20,21,8,2,1,22.5,0,0
20,21,8,2,2,67.5,0,0
20,21,8,2,3,112.5,0,0
20,21,8,2,4,157.5,0,0
20,21,8,2,5,202.5,0,0
20,21,8,2,6,247.5,0,0
20,21,8,2,7,292.5,0,0
20,21,8,2,8,337.5,0,0
20,21,8,3,1,22.5,0,0
20,21,8,3,2,67.5,0,0
20,21,8,3,3,112.5,0,0
20,21,8,3,4,157.5,0,0
20,21,8,3,5,202.5,0,0
20,21,8,3,6,247.5,0,0
20,21,8,3,7,292.5,0,0
20,21,8,3,8,337.5,0,0
20,21,8,4,1,22.5,0,0
20,21,8,4,2,67.5,0,0
20,21,8,4,3,112.5,0,0
20,21,8,4,4,157.5,0,0
20,21,8,4,5,202.5,0,0
20,21,8,4,6,247.5,0,0
20,21,8,4,7,292.5,0,0
20,21,8,4,8,337.5,0,0
20,21,8,5,1,22.5,0,0
20,21,8,5,2,67.5,0,0
20,21,8,5,3,112.5,0,0
20,21,8,5,4,157.5,0,0
20,21,8,5,5,202.5,0,0
20,21,8,5,6,247.5,0,0
20,21,8,5,7,292.5,0,0
20,21,8,5,8,337.5,0,0
20,21,8,6,1,22.5,0,0
20,21,8,6,2,67.5,0,0
20,21,8,6,3,112.5,0,0
20,21,8,6,4,157.5,0,0
20,21,8,6,5,202.5,0,0
20,21,8,6,6,247.5,0,0
20,21,8,6,7,292.5,0,0
20,21,8,6,8,337.5,0,0
20,21,8,7,1,22.5,0,0
20,21,8,7,2,67.5,0,0
20,21,8,7,3,112.5,0,0
20,21,8,7,4,157.5,0,0
20,21,8,7,5,202.5,0,0
20,21,8,7,6,247.5,0,0
20,21,8,7,7,292.5,0,0
20,21,8,7,8,337.5,0,0
20,21,8,8,1,22.5,0,0
20,21,8,8,2,67.5,0,0
20,21,8,8,3,112.5,0,0
20,21,8,8,4,157.5,0,0
20,21,8,8,5,202.5,0,0
20,21,8,8,6,247.5,0,0
20,21,8,8,7,292.5,0,0
20,21,8,8,8,337.5,0,0
20,21,8,9,1,22.5,0,0
20,21,8,9,2,67.5,0,0
20,21,8,9,3,112.5,0,0
20,21,8,9,4,157.5,0,0
20,21,8,9,5,202.5,0,0
20,21,8,9,6,247.5,0,0
20,21,8,9,7,292.5,0,0
20,21,8,9,8,337.5,0,0
20,21,8,10,1,22.5,0,0
20,21,8,10,2,67.5,0,0
20,21,8,10,3,112.5,0,0
20,21,8,10,4,157.5,0,0
20,21,8,10,5,202.5,0,0
20,21,8,10,6,247.5,0,0
20,21,8,10,7,292.5,0,0
20,21,8,10,8,337.5,0,0
20,21,8,11,1,22.5,0,0
20,21,8,11,2,67.5,0,0
20,21,8,11,3,112.5,0,0
20,21,8,11,4,157.5,0,0
20,21,8,11,5,202.5,0,0
20,21,8,11,6,247.5,0,0
20,21,8,11,7,292.5,0,0
20,21,8,11,8,337.5,0,0
